date,symbol,name,open,high,low,close,prev_close,volume
2026-09-22,20MICRONS,20 MICRONS LTD,220.0,223.15,215.04,216.45,220.12,163799
2026-09-22,21STCENMGM,21ST CENTURY MGMT SERVICE,39.55,39.95,38.8,39.62,39.47,2450
2026-09-22,360ONE,360 ONE WAM LIMITED,1074.3,1093.2,1065.2,1073.5,1072.7,338935
2026-09-22,GOLD360,360ONEAMC - GOLD360,147.85,148.3,146.8,147.45,147.85,6641
2026-09-22,MSCI360,360ONEAMC - MSCI360,9.86,9.94,9.83,9.91,9.86,316
2026-09-22,SILVER360,360ONEAMC - SILVER360,228.58,228.66,224.89,226.34,228.25,11650
2026-09-22,3BBLACKBIO,3B BLACKBIO DX LTD.,1412.9,1421.0,1360.0,1369.3,1407.8,6598
2026-09-22,3MINDIA,3M INDIA LIMITED,34890.0,35095.0,34065.0,34220.0,34725.0,4367
2026-09-22,3PLAND,3P LAND HOLDINGS LIMITED,30.5,34.88,30.5,30.74,31.5,85714
2026-09-22,5PAISA,5PAISA CAPITAL LIMITED,312.55,318.95,312.55,315.3,314.1,10273
2026-09-22,63MOONS,63 MOONS TECHNOLOGIES LTD,888.8,914.95,788.5,841.75,892.05,1713258
2026-09-22,ABCOTS,A B COTSPIN INDIA LIMITED,206.3,208.09,203.0,205.25,208.01,6173
2026-09-22,ABMKNO,A B M KNOWLEDGEWARE LTD.,175.67,175.67,171.01,173.34,175.67,2
2026-09-22,AKCAPIT,A K CAPITAL SERVICES LTD.,1749.5,1770.0,1744.2,1766.8,1758.1,1327
2026-09-22,A2ZINFRA,A2Z INFRA ENGINEERING LTD,14.95,15.24,14.52,14.73,14.68,97954
2026-09-22,AAATECH,AAA TECHNOLOGIES LIMITED,93.0,95.35,92.03,93.73,94.16,122242
2026-09-22,AADHARHFC,AADHAR HOUSING FINANCE L,468.35,469.15,453.45,457.85,466.05,361745
2026-09-22,AAKASH,AAKASH EXPLORATION SER L,9.07,9.07,8.8,8.96,8.97,45676
2026-09-22,AAREYDRUGS,AAREY DRUGS & PHARM LTD,102.37,103.99,101.1,102.52,102.37,281824
2026-09-22,AARON,AARON INDUSTRIES LIMITED,121.42,126.6,119.0,120.48,120.74,26297
2026-09-22,AARTIDRUGS,AARTI DRUGS LTD.,435.5,440.8,422.6,425.75,435.5,124108
2026-09-22,AARTIIND,AARTI INDUSTRIES LTD,500.35,504.8,492.05,496.0,499.8,478713
2026-09-22,AARTIPHARM,AARTI PHARMALABS LIMITED,862.0,909.5,861.2,883.75,846.45,1401079
2026-09-22,AARVI,AARVI ENCON LIMITED,136.93,140.39,136.88,138.18,136.1,4487
2026-09-22,AASTHA,AASTHA SPINTEX LIMITED,74.9,81.63,74.35,81.62,74.21,1334826
2026-09-22,AAVAS,AAVAS FINANCIERS LIMITED,1321.9,1342.6,1307.8,1313.1,1321.2,128992
2026-09-22,ABANSENT,ABANS ENTERPRISES LTD.,27.49,27.49,26.34,27.29,27.01,6800
2026-09-22,AFSL,ABANS FINANCIAL SRVCS LTD,202.05,202.05,201.0,201.0,201.03,7026
2026-09-22,ABB,ABB INDIA LIMITED,7261.5,7405.5,7117.5,7120.5,7271.0,196683
2026-09-22,ABBOTINDIA,ABBOTT INDIA LIMITED,26960.0,27295.0,26960.0,27225.0,26960.0,4434
2026-09-22,ACC,ACC LIMITED,1256.5,1260.0,1234.8,1238.2,1256.3,79866
2026-09-22,ACCELYA,ACCELYA SOLN INDIA LTD,1119.9,1125.0,1115.5,1118.8,1119.9,4271
2026-09-22,ACEINTEG,ACE INTEGRATED SOLU. LTD.,18.78,18.78,16.6,17.31,17.89,8495
2026-09-22,ACMESOLAR,ACME SOLAR HOLDINGS LTD,460.0,476.9,441.55,458.65,458.1,3701858
2026-09-22,ACE,ACTION CONST EQUIP LTD,1240.2,1263.1,1235.1,1241.9,1230.4,237158
2026-09-22,ACUTAAS,ACUTAAS CHEMICALS LIMITED,3450.0,3450.0,3200.0,3213.7,3425.7,482993
2026-09-22,ADANIENSOL,ADANI ENERGY SOLUTION LTD,1399.0,1411.9,1375.9,1381.7,1397.6,1791593
2026-09-22,ADANIENT,ADANI ENTERPRISES LIMITED,2995.0,3026.1,2979.6,2997.0,2975.0,793747
2026-09-22,ADANIGREEN,ADANI GREEN ENERGY LTD,1309.0,1317.0,1300.0,1304.0,1303.6,437524
2026-09-22,ADANIPORTS,ADANI PORT & SEZ LTD,1796.0,1812.7,1786.1,1795.0,1787.1,871935
2026-09-22,ADANIPOWER,ADANI POWER LTD,207.0,210.0,206.56,206.96,206.55,11848251
2026-09-22,ATGL,ADANI TOTAL GAS LIMITED,640.0,642.95,622.2,626.25,638.4,1213917
2026-09-22,ADDIND,ADDI INDUSTRIES LTD.,82.0,82.0,74.93,76.7,77.74,1115
2026-09-22,ADFFOODS,ADF FOODS LIMITED,268.25,268.25,261.6,263.15,267.9,52750
2026-09-22,ABSLAMC,ADIT BIRL SUN LIF AMC LTD,1033.5,1043.6,1017.0,1027.0,1034.3,139392
2026-09-22,ABCAPITAL,ADITYA BIRLA CAPITAL LTD.,401.0,405.0,394.65,397.0,403.4,2377189
2026-09-22,ABFRL,ADITYA BIRLA FASHION & RT,49.97,50.24,49.01,49.22,49.85,2744633
2026-09-22,ABLBL,ADITYA BIRLA LIFES BRAN L,80.98,81.43,80.55,80.74,80.89,322317
2026-09-22,BIRLAMONEY,ADITYA BIRLA MONEY LTD,120.77,122.78,118.0,118.44,120.77,29095
2026-09-22,ABREL,ADITYA BIRLA REAL EST LTD,1241.4,1250.0,1196.5,1201.1,1237.1,183365
2026-09-22,CPPLUS,ADITYA INFOTECH LIMITED,3500.1,3656.4,3500.1,3649.5,3482.3,317707
2026-09-22,AVL,ADITYA VISION LIMITED,629.95,633.0,624.85,627.1,629.3,65399
2026-09-22,BSLGOLDETF,ADITYBIRLA SL GOLD ETF-GR,133.08,133.71,132.24,133.06,133.72,426280
2026-09-22,BSLNIFTY,ADITYBIRLA SL NIF ETF-GR,27.56,28.24,27.2,27.48,27.56,729462
2026-09-22,ADOR,ADOR WELDING LTD,1576.4,1632.4,1576.4,1594.8,1576.4,22625
2026-09-22,ADROITINFO,ADROIT INFOTECH LIMITED,11.13,12.48,11.13,12.17,11.25,257593
2026-09-22,ADVAIT,ADVAIT ENRGY TRANSITION L,2021.5,2032.4,1989.0,2005.6,2005.5,19580
2026-09-22,ADVANCE,ADVANCE AGROLIFE LIMITED,107.58,110.0,107.5,108.14,107.83,92635
2026-09-22,ADVENZYMES,ADVANCED ENZYME TECH LTD,297.8,302.7,295.05,296.6,294.05,245144
2026-09-22,ADVANIHOTR,ADVANI HOT.& RES.(I) LTD,47.75,48.8,47.5,47.78,47.9,18657
2026-09-22,ADVENTHTL,ADVENT HOTELS INTERNATI L,126.64,127.95,125.68,126.76,126.64,97052
2026-09-22,ADVIKCA,ADVIK CAPITAL LTD.,0.96,0.98,0.94,0.95,0.96,307535
2026-09-22,RAMBHAJO,ADVIT JEWELS LIMITED,306.0,306.0,282.1,284.1,304.03,754506
2026-09-22,AEGISLOG,AEGIS LOGISTICS LIMITED,1474.0,1528.7,1382.1,1424.5,1486.0,2196787
2026-09-22,AEGISVOPAK,AEGIS VOPAK TERMINALS LTD,320.85,320.85,296.7,301.4,318.3,3129116
2026-09-22,AEQUS,AEQUS LIMITED,234.8,243.78,233.93,242.87,231.57,3668716
2026-09-22,AEROENTER,AEROFLEX ENTERPRISES LTD,123.4,125.5,122.72,123.6,122.36,317838
2026-09-22,AEROFLEX,AEROFLEX INDUSTRIES LTD,519.35,526.95,510.05,516.7,515.5,748519
2026-09-22,AERONEU,AEROFLEX NEU LIMITED,66.68,67.25,65.88,66.06,66.1,31837
2026-09-22,AETHER,AETHER INDUSTRIES LIMITED,1637.7,1651.5,1621.1,1643.5,1639.6,159611
2026-09-22,AFCONS,AFCONS INFRASTRUCTURE LTD,256.8,262.0,253.0,260.35,256.75,1138018
2026-09-22,AFFLE,AFFLE 3I LIMITED,1605.0,1605.0,1582.0,1592.3,1600.2,74378
2026-09-22,AFFORDABLE,AFFORD ROBO & AUTO LTD,172.5,172.5,168.0,170.77,168.63,16709
2026-09-22,AGARIND,AGARWAL INDS CORP LTD.,409.0,412.95,404.0,405.8,408.55,23190
2026-09-22,AGI,AGI GREENPAC LIMITED,825.9,851.0,804.45,845.7,819.35,476790
2026-09-22,AGIIL,AGI INFRA LIMITED,277.5,279.2,267.25,269.3,271.15,497300
2026-09-22,AGRITECH,AGRI-TECH (INDIA) LIMITED,98.22,100.39,96.1,97.38,98.71,1866
2026-09-22,AGROPHOS,AGRO PHOS INDIA LIMITED,24.2,24.5,22.0,23.97,23.85,38838
2026-09-22,AHLADA,AHLADA ENGINEERS LIMITED,36.97,38.0,36.16,37.28,36.97,1431
2026-09-22,AHLUCONT,AHLUWALIA CONT IND LTD,581.05,585.45,577.0,582.4,580.2,28751
2026-09-22,AIAENG,AIA ENGINEERING LIMITED,3941.0,3981.5,3912.0,3923.4,3941.0,18004
2026-09-22,AIRAN,AIRAN LIMITED,16.65,18.0,16.59,17.02,16.66,116617
2026-09-22,AIROLAM,AIRO LAM LIMITED,87.01,90.1,87.01,87.69,88.24,4636
2026-09-22,AJANTPHARM,AJANTA PHARMA LIMITED,3539.0,3547.0,3465.8,3519.3,3542.1,106260
2026-09-22,AJAXENGG,AJAX ENGINEERING LIMITED,561.0,572.5,561.0,564.6,562.6,39283
2026-09-22,AJMERA,AJMERA REALTY & INF I LTD,118.25,120.7,118.02,119.87,118.25,199233
2026-09-22,AJOONI,AJOONI BIOTECH LIMITED,3.2,3.24,3.1,3.16,3.18,232957
2026-09-22,AKASH,AKASH INFRA-PROJECTS LTD,24.46,25.47,24.46,24.99,24.77,3633
2026-09-22,AKG,AKG EXIM LIMITED,9.86,10.5,9.86,10.2,10.03,8052
2026-09-22,AFIL,AKME FINTRADE (INDIA) LTD,8.9,9.0,8.27,8.32,8.72,403059
2026-09-22,AKSHAR,AKSHAR SPINTEX LIMITED,0.42,0.42,0.41,0.41,0.41,632399
2026-09-22,AKUMS,AKUMS DRUGS AND PHARMA L,830.0,834.7,801.0,807.9,821.45,262560
2026-09-22,ALANKIT,ALANKIT LIMITED,7.56,8.55,7.52,7.94,7.66,424375
2026-09-22,ALBERTDAVD,ALBERT DAVID LIMITED,848.95,853.05,837.3,848.9,841.75,2601
2026-09-22,ALEMBICLTD,ALEMBIC LIMITED,103.54,106.7,102.56,104.79,103.54,709434
2026-09-22,APLLTD,ALEMBIC PHARMA LTD,847.05,850.95,835.9,840.15,848.75,104047
2026-09-22,ALFREDHE,ALFRED HERBERT INDIA L,2811.0,2811.0,2811.0,2811.0,2735.0,101
2026-09-22,ALGOQUANT,ALGOQUANT FINTECH LIMITED,72.92,73.9,71.5,72.24,72.9,1189233
2026-09-22,ALICON,ALICON CASTALLOY LIMITED,738.25,755.0,734.05,744.5,738.25,45206
2026-09-22,ALIVUS,ALIVUS LIFE SCIENCES LTD,1400.4,1422.2,1368.0,1374.2,1400.4,89919
2026-09-22,ALKALI,ALKALI METALS LTD,97.7,106.3,92.12,103.2,98.63,251907
2026-09-22,ALKEM,ALKEM LABORATORIES LTD.,5365.0,5419.5,5308.5,5331.5,5364.0,94905
2026-09-22,ALKYLAMINE,ALKYL AMINES CHEM. LTD,1867.9,1898.9,1851.0,1863.8,1867.9,26813
2026-09-22,ALLTIME,ALL TIME PLASTICS LIMITED,207.7,209.39,202.2,203.73,206.39,67645
2026-09-22,AGL,ALLCARGO GLOBAL LIMITED,13.7,14.25,13.7,13.94,13.81,1471915
2026-09-22,ALLCARGO,ALLCARGO LOGISTICS LTD,10.99,11.17,10.83,10.93,10.98,5186068
2026-09-22,ATL,ALLCARGO TERMINALS LTD,24.5,24.65,24.03,24.35,24.29,101478
2026-09-22,ALLDIGI,ALLDIGI TECH LIMITED,791.9,801.8,771.1,784.6,787.9,6147
2026-09-22,ABDL,ALLIED BLEND N DISTILS L,660.65,661.4,631.7,647.9,656.3,798258
2026-09-22,ADSL,ALLIED DIGITAL SERV. LTD,96.35,98.19,96.02,96.44,96.94,59418
2026-09-22,ALMONDZ,ALMONDZ GLOBAL SEC LTD,18.75,19.18,18.1,18.65,18.41,407680
2026-09-22,ALOKINDS,ALOK INDUSTRIES LIMITED,7.2,7.44,7.17,7.34,7.13,29145200
2026-09-22,ALPA,ALPA LABORATORIES LTD,60.49,61.85,58.35,61.36,59.62,11423
2026-09-22,ALPINETEX,ALPINE TEXWORLD LIMITED,52.75,53.9,51.95,52.36,52.11,196992
2026-09-22,ALUFLUOR,ALUFLUORIDE LTD.,534.35,545.95,534.3,543.35,543.85,4483
2026-09-22,AMAGI,AMAGI MEDIA LABS LIMITED,566.0,603.85,563.8,581.1,564.5,743158
2026-09-22,AMAL,AMAL LTD.,720.05,725.95,704.05,711.9,721.05,16314
2026-09-22,ARE&M,AMARA RAJA ENERGY MOB LTD,795.0,811.45,790.25,793.2,794.3,387946
2026-09-22,AMARJOTHI,AMARJOTHI SPINNING MILL L,149.0,149.7,147.0,148.91,149.39,127
2026-09-22,AMBER,AMBER ENTERPRISES (I) LTD,7105.0,7164.5,6992.0,7000.0,7098.0,95036
2026-09-22,AMBICAAGAR,AMBICA AGAR & AROMAINDLTD,25.42,25.42,24.73,24.83,24.9,38792
2026-09-22,AMBIKCO,AMBIKA COTTON MILL LTD.,1600.0,1600.0,1569.0,1577.7,1619.4,8416
2026-09-22,AMBUJACEM,AMBUJA CEMENTS LTD,391.1,394.0,385.15,386.9,390.75,1155681
2026-09-22,AMNPLST,AMINES & PLASTICIZERS LTD,173.0,176.49,166.66,169.65,170.54,6227
2026-09-22,AEROPLANE,AMIR CHAND JAG KUM (E) L,200.0,207.88,199.27,204.8,201.03,834421
2026-09-22,AMJLAND,AMJ LAND HOLDINGS LIMITED,36.53,38.49,36.52,37.75,37.11,4545
2026-09-22,AMRUTANJAN,AMRUTAJAN HEALTH LTD,493.4,504.0,493.4,500.05,496.05,30980
2026-09-22,ARSSBL,ANAND RATHI SH N STK BR L,503.95,503.95,490.0,496.25,496.1,89398
2026-09-22,ANANDRATHI,ANAND RATHI WEALTH LTD,2210.0,2220.1,2161.4,2179.0,2211.2,485812
2026-09-22,ANANTRAJ,ANANT RAJ LIMITED,595.9,614.8,594.5,610.1,595.2,1661656
2026-09-22,ACL,ANDHRA CEMENTS LIMITED,42.1,43.46,42.1,42.92,42.68,9176
2026-09-22,ANDHRAPAP,ANDHRA PAPER LIMITED,72.25,73.75,70.77,71.43,72.69,388193
2026-09-22,ANDHRSUGAR,ANDHRA SUGARS LTD,96.4,98.36,94.0,95.35,95.0,449168
2026-09-22,ANDREWYU,ANDREW YULE & CO. LTD.,26.42,26.98,26.03,26.49,26.42,31507
2026-09-22,ANGELONE,ANGEL ONE LIMITED,296.2,298.65,293.2,295.1,296.15,2221167
2026-09-22,ANIKINDS,ANIK INDUSTRIES LTD,43.5,44.74,42.71,42.99,43.95,3438
2026-09-22,APCL,ANJANI PORTLAND CEM LTD,98.0,98.0,94.24,94.8,93.99,2908
2026-09-22,AHCL,ANLON HEALTHCARE LIMITED,27.6,28.86,26.91,28.86,26.24,70018561
2026-09-22,ANNAPURNA,ANNAPURNA SWADISHT LTD,133.5,134.0,130.2,131.71,130.56,65755
2026-09-22,ANNU,ANNU PROJECTS LIMITED,53.7,54.8,52.1,54.17,52.69,1112623
2026-09-22,ANSALBU,ANSAL BUILDWELL LTD.,75.1,90.12,75.1,90.12,75.1,32466
2026-09-22,ANTGRAPHIC,ANTARCTICA LTD,0.74,0.74,0.71,0.71,0.73,181944
2026-09-22,ANTELOPUS,ANTELOPUS SELAN ENRGY LTD,1109.15,1145.75,1080.05,1110.4,1100.8,639484
2026-09-22,ANTHEM,ANTHEM BIOSCIENCES LTD,921.0,921.0,890.1,891.7,917.45,499529
2026-09-22,AWHCL,ANTONY WASTE HDG CELL LTD,364.55,368.0,360.5,364.3,364.55,66519
2026-09-22,ANUHPHR,ANUH PHARMA LIMITED,94.69,95.89,93.0,93.48,93.66,106195
2026-09-22,ANURAS,ANUPAM RASAYAN INDIA LTD,1169.7,1210.0,1142.0,1197.9,1160.8,1218193
2026-09-22,AONEGOLD,AONEAMC - AONEGOLD,14.36,14.36,14.05,14.11,14.2,361549
2026-09-22,AONELIQUID,AONEAMC - AONELIQUID,1077.85,1077.88,1077.85,1077.87,1077.73,4180
2026-09-22,AONENIFTY,AONEAMC - AONENIFTY,9.43,9.79,9.25,9.67,9.68,118375
2026-09-22,AONESILVER,AONEAMC - AONESILVER,8.96,9.06,8.73,8.8,8.89,440688
2026-09-22,AONETMMQ50,AONEAMC - AONETMMQ50,10.2,10.29,10.13,10.16,10.15,41593
2026-09-22,AONETOTAL,AONEAMC - AONETOTAL,11.83,11.83,11.62,11.68,11.69,79655
2026-09-22,APARINDS,APAR INDUSTRIES LTD.,18899.0,19265.0,17919.0,18233.0,18945.0,207076
2026-09-22,APCOTEXIND,APCOTEX INDUSTRIES LIMITE,612.0,623.15,605.75,609.45,608.7,75211
2026-09-22,APEX,APEX FROZEN FOODS LIMITED,358.9,359.55,351.65,356.9,351.65,84991
2026-09-22,APLAPOLLO,APL APOLLO TUBES LTD,2180.9,2199.3,2159.9,2195.0,2181.1,598956
2026-09-22,APOLLOHOSP,APOLLO HOSPITALS ENTER. L,8960.0,9000.0,8822.5,8835.5,8912.0,350507
2026-09-22,APOLLO,APOLLO MICRO SYSTEMS LTD,390.0,412.65,390.0,406.75,385.45,13757604
2026-09-22,APOLLOPIPE,APOLLO PIPES LIMITED,539.45,543.2,523.0,526.1,539.5,81329
2026-09-22,APOLSINHOT,APOLLO SINDOORI HOTEL LTD,1205.3,1235.9,1205.0,1223.3,1215.9,378
2026-09-22,APOLLOTYRE,APOLLO TYRES LTD,409.3,411.35,401.0,402.55,409.3,600980
2026-09-22,APOORVA,APOORVA LEAS F & INV C L,33.92,33.92,30.7,33.89,32.31,1611
2026-09-22,APTECHT,APTECH LIMITED,94.1,94.24,91.1,91.78,94.72,120592
2026-09-22,APTUS,APTUS VALUE HSG FIN I LTD,237.5,244.03,237.5,242.08,237.27,3567063
2026-09-22,AQYLON,AQYLON NEXUS LIMITED,18.91,19.81,18.91,19.8,18.87,621543
2026-09-22,ACI,ARCHEAN CHEMICAL IND LTD,466.5,468.0,460.05,463.05,466.25,136463
2026-09-22,ADL,ARCHIDPLY DECOR LIMITED,72.0,73.79,67.4,69.0,70.06,67
2026-09-22,ARCHIDPLY,ARCHIDPLY IND. LTD,105.97,111.25,105.97,107.68,104.84,44478
2026-09-22,ARCHIES,ARCHIES LTD,12.71,12.94,12.68,12.75,12.62,6514
2026-09-22,ARCL,ARCL ORGANICS LTD.,251.64,264.22,249.9,262.06,251.64,9484
2026-09-22,ARDEE,ARDEE INDUSTRIES LIMITED,49.0,53.3,48.86,52.08,48.68,11664894
2026-09-22,ARFIN,ARFIN INDIA LIMITED,91.0,91.88,89.0,89.28,91.18,931091
2026-09-22,ARIHANTCAP,ARIHANT CAPITAL MKTS LTD,81.19,93.0,81.19,90.99,81.61,6068298
2026-09-22,ARIHANT,ARIHANT FOUN & HOU LTD,977.0,977.0,890.4,923.9,957.35,773
2026-09-22,ARIHANTSUP,ARIHANT SUPERSTRUCT LTD,230.0,236.95,226.0,234.9,229.3,2580
2026-09-22,ARIS,ARISINFRA SOLUTIONS LTD,142.5,143.44,136.51,140.1,142.09,2008186
2026-09-22,ARKADE,ARKADE DEVELOPERS LIMITED,124.88,128.99,123.5,128.4,123.44,297017
2026-09-22,ARMANFIN,ARMAN FIN SERV LTD,1961.0,1994.9,1961.0,1974.9,1966.0,15081
2026-09-22,AROGRANITE,ARO GRANITE IND. LTD.,23.4,23.92,23.0,23.09,23.22,2305
2026-09-22,ARROWGREEN,ARROW GREENTECH LIMITED,888.95,939.45,882.2,913.05,876.05,148575
2026-09-22,ARTNIRMAN,ART NIRMAN LIMITED,40.9,40.93,39.0,40.49,40.09,729
2026-09-22,AEPL,ARTEMIS ELECTRICALS & P L,16.78,16.78,16.01,16.35,16.45,40538
2026-09-22,ARTEMISMED,ARTEMIS MED SERVICE LTD,339.05,346.75,338.15,340.85,339.05,274562
2026-09-22,ARVEE,ARVEE LABORATORIES I LTD,224.9,247.99,222.25,236.07,208.87,229982
2026-09-22,ARVINDFASN,ARVIND FASHIONS LIMITED,427.7,427.7,417.1,419.4,427.6,100434
2026-09-22,ARVIND,ARVIND LIMITED,542.0,543.0,531.0,533.55,538.55,313593
2026-09-22,ARVSMART,ARVIND SMARTSPACES LTD,574.4,592.0,569.1,588.2,574.4,71059
2026-09-22,ARYAMAN,ARYAMAN FINANCIAL SERV L,624.9,633.95,624.9,633.95,624.85,21
2026-09-22,ASAHIINDIA,ASAHI INDIA GLASS LIMITED,958.0,974.7,950.0,965.15,950.25,71821
2026-09-22,ASHAPURMIN,ASHAPURA MINECHEM LTD,532.5,555.75,532.5,537.35,532.25,437634
2026-09-22,ASHIANA,ASHIANA HOUSING LTD,405.55,410.0,381.55,385.0,405.55,169995
2026-09-22,ASHIMASYN,ASHIMA LTD,16.26,16.3,15.5,15.68,15.94,172316
2026-09-22,ASHOKLEY,ASHOK LEYLAND LTD,163.0,164.2,159.8,160.75,161.75,8959874
2026-09-22,ASHOKA,ASHOKA BUILDCON LTD,112.95,113.8,111.6,111.96,112.66,454581
2026-09-22,ASHOKAMET,ASHOKA METCAST LIMITED,14.73,15.14,14.21,14.3,14.73,78479
2026-09-22,ASIANENE,ASIAN ENERGY SERVICES LTD,486.05,492.8,482.0,489.6,483.5,141941
2026-09-22,ASIANTILES,ASIAN GRANITO IND. LTD.,51.26,51.7,49.76,50.09,51.26,1095832
2026-09-22,AHLEAST,ASIAN HOTELS (EAST) LTD,135.01,137.48,135.0,135.13,135.0,472
2026-09-22,ASIANHOTNR,ASIAN HOTELS (NORTH) LTD,375.1,392.45,373.05,385.1,375.1,6272
2026-09-22,ASIANPAINT,ASIAN PAINTS LIMITED,2475.1,2475.1,2435.6,2448.5,2440.3,414715
2026-09-22,ASTAR,ASIAN STAR CO. LTD.,733.85,734.0,680.0,702.45,726.15,3138
2026-09-22,ASIANTNE,ASIAN TEA & EXPORTS LTD.,9.67,9.67,9.2,9.38,9.2,3290
2026-09-22,ASKAUTOLTD,ASK AUTOMOTIVE LIMITED,661.65,674.8,655.15,663.4,655.1,435952
2026-09-22,ASPINWALL,ASPINWALL & CO LTD,250.05,253.7,248.2,252.35,249.15,3259
2026-09-22,ASSAMENT,ASSAM ENTRADE LIMITED,818.0,818.0,742.0,788.0,780.0,27
2026-09-22,ARCIL,ASSET RECONSTRUC CO (I) L,135.3,140.9,135.1,138.91,135.18,3340524
2026-09-22,ASALCBR,ASSO ALCOHOLS & BREW LTD,656.0,662.05,649.2,651.8,651.9,21155
2026-09-22,ASTEC,ASTEC LIFESCIENCES LTD,715.05,825.95,712.5,794.5,719.45,2103437
2026-09-22,ASTERDM,ASTER DM QUALITY CARE LTD,756.75,758.45,746.3,750.7,756.75,586106
2026-09-22,ASTRAMICRO,ASTRA MICROWAVE LTD,1655.0,1662.3,1611.0,1616.3,1657.9,180438
2026-09-22,ASTRAL,ASTRAL LIMITED,1401.0,1407.9,1381.6,1381.6,1400.9,419577
2026-09-22,ASTRAZEN,ASTRAZENECA PHARMA IND LT,6605.0,6757.0,6603.0,6711.5,6650.0,4537
2026-09-22,ATALREAL,ATAL REALTECH LIMITED,14.25,14.25,12.8,13.07,14.05,6493632
2026-09-22,ATAM,ATAM VALVES LIMITED,60.4,60.4,57.39,58.27,59.05,10919
2026-09-22,ATHERENERG,ATHER ENERGY LIMITED,1614.0,1621.8,1538.0,1543.8,1593.0,3426121
2026-09-22,ATLANTAELE,ATLANTA ELECTRICALS LTD,1719.0,1724.8,1649.2,1664.9,1695.4,71639
2026-09-22,ATLANTAA,ATLANTAA LIMITED,35.94,36.94,35.0,35.64,35.38,30631
2026-09-22,ATLASCYCLE,ATLAS CYCLE (HARYANA) LTD,88.42,94.49,88.42,93.55,88.42,26564
2026-09-22,ATULAUTO,ATUL AUTO LIMITED,450.45,454.4,444.0,446.6,449.0,35641
2026-09-22,ATUL,ATUL LTD,6128.0,6234.0,6096.0,6176.5,6086.0,92926
2026-09-22,AUBANK,AU SMALL FINANCE BANK LTD,1037.9,1043.5,1027.6,1036.4,1038.0,506494
2026-09-22,AUGMONT,AUGMONT ENTERPRISES LTD,830.0,872.0,825.2,853.35,887.2,1115175
2026-09-22,AURIONPRO,AURIONPRO SOLN LTD,687.1,698.95,675.15,681.9,687.05,122905
2026-09-22,AUROPHARMA,AUROBINDO PHARMA LTD,1718.3,1719.0,1689.3,1700.0,1713.4,869831
2026-09-22,AURUM,AURUM PROPTECH LIMITED,217.51,225.5,217.4,222.04,218.9,106125
2026-09-22,AURUS,AURUS GEM CORP LIMITED,4.83,4.95,4.77,4.89,4.8,9217
2026-09-22,AUSOMENT,AUSOM ENTERPRISE LIMITED,147.98,148.25,143.15,147.23,146.97,6276
2026-09-22,AUSTENG,AUSTIN ENGINEERING CO. L,135.0,162.85,135.0,162.85,135.71,77654
2026-09-22,AIIL,AUTHUM INVEST & INFRA LTD,559.4,564.2,544.55,546.9,559.4,88597
2026-09-22,AUTOIND,AUTOLINE INDUSTRIES LTD,85.48,86.99,84.0,84.82,83.76,151528
2026-09-22,ACGL,AUTOMOBILE CORPN OF GOA L,1720.1,1764.9,1711.0,1728.5,1714.3,1102
2026-09-22,AUTOAXLES,AUTOMOTIVE AXLES LIMITED,1702.2,1709.0,1659.0,1664.4,1694.0,4548
2026-09-22,ASAL,AUTOMOTIVE STAMPINGS & AS,446.0,454.0,446.0,449.15,450.4,12265
2026-09-22,AVADHSUGAR,AVADH SUG & ENERGY LTD,735.0,749.0,727.0,732.8,732.55,67763
2026-09-22,AVALON,AVALON TECHNOLOGIES LTD,2485.9,2526.3,2410.0,2468.5,2485.9,395562
2026-09-22,AVANCE,AVANCE TECHNOLOGIES LTD.,0.85,0.89,0.84,0.86,0.84,6880158
2026-09-22,AVANTEL,AVANTEL LIMITED,146.0,149.8,145.73,146.71,145.01,786281
2026-09-22,AVANTIFEED,AVANTI FEEDS LIMITED,776.0,776.0,750.65,753.15,767.0,186772
2026-09-22,DMART,AVENUE SUPERMARTS LIMITED,3793.3,3830.5,3769.3,3777.0,3800.4,473697
2026-09-22,CCAVENUE,AVENUESAI LIMITED,16.08,16.83,16.02,16.11,16.0,21347420
2026-09-22,ASMS,AVIO SMART MRKT STACK LTD,6.8,6.8,6.58,6.61,6.68,187513
2026-09-22,AVONMORE,AVONMORE CAP&MGT SERV LTD,13.01,13.27,12.77,12.87,13.01,95776
2026-09-22,AVROIND,AVRO INDIA LIMITED,8.14,8.14,7.08,7.24,7.91,765860
2026-09-22,AVTNPL,AVT NATURAL PRODUCTS LTD,90.1,100.0,90.1,98.26,90.04,4546154
2026-09-22,AWFIS,AWFIS SPACE SOLUTIONS LTD,271.95,274.0,264.5,266.55,271.35,372113
2026-09-22,AWL,AWL AGRI BUSINESS LIMITED,184.0,184.9,182.35,183.1,183.56,1156490
2026-09-22,AXISBANK,AXIS BANK LIMITED,1245.2,1255.6,1240.1,1242.7,1250.0,2689110
2026-09-22,ENERGYAXIS,AXISAMC - ENERGYAXIS,18.48,19.47,18.48,18.89,18.96,34831
2026-09-22,BNKETFAXIS,AXISAMC-BNKETFAXIS,583.46,584.78,579.49,580.18,582.54,794
2026-09-22,CONSUMAXIS,AXISAMC-CONSUMAXIS,118.55,119.27,118.47,118.47,119.0,1278
2026-09-22,GOLDAXIS,AXISAMC-GOLDAXIS,126.5,126.77,125.08,125.84,126.44,2262010
2026-09-22,HEALTHAXIS,AXISAMC-HEALTHAXIS,171.35,171.35,170.1,171.22,171.79,639
2026-09-22,ITAXIS,AXISAMC-ITAXIS,325.48,325.48,313.0,315.69,321.5,2172
2026-09-22,NIFTYAXIS,AXISAMC-NIFTYAXIS,267.02,267.02,258.53,259.35,260.51,5836
2026-09-22,SENSEXAXIS,AXISAMC-SENSEXAXIS,77.8,78.09,77.28,77.69,77.68,2580
2026-09-22,SILVERAXIS,AXISAMC-SILVERAXIS,230.95,231.22,227.2,229.33,230.95,886110
2026-09-22,VALUEAXIS,AXISAMC-VALUEAXIS,32.43,32.43,32.0,32.04,32.16,116290
2026-09-22,AXISCADES,AXISCADES TECH LTD,1844.0,1908.1,1831.3,1891.1,1839.7,183778
2026-09-22,AXITA,AXITA COTTON LIMITED,8.03,8.17,7.91,7.99,8.0,885885
2026-09-22,AXTEL,AXTEL INDUSTRIES LTD.,435.0,440.9,424.6,439.15,434.0,4892
2026-09-22,AYE,AYE FINANCE LIMITED,188.17,190.0,181.2,183.43,187.11,757630
2026-09-22,AYMSYNTEX,AYM SYNTEX LIMITED,288.2,300.8,287.15,295.4,288.35,92341
2026-09-22,AZAD,AZAD ENGINEERING LIMITED,2764.9,2820.0,2759.0,2776.2,2764.9,235668
2026-09-22,AZADIND,AZAD INDIA MOBILITY LTD.,76.87,80.0,70.41,78.44,75.36,58205
2026-09-22,BBTCL,B&B TRIPLEWALL CONT LTD,237.78,238.8,232.0,234.0,235.61,1933
2026-09-22,BAGFILMS,B.A.G FILMS AND MEDIA LTD,4.39,4.45,4.29,4.31,4.31,46537
2026-09-22,BLKASHYAP,B.L.KASHYAP & SON LTD,51.8,53.2,51.06,51.53,51.56,237471
2026-09-22,STYLEBAAZA,BAAZAR STYLE RETAIL LTD,398.95,399.05,375.05,375.05,394.75,4125890
2026-09-22,BAIDFIN,BAID FINSERV LIMITED,10.75,11.1,10.28,10.55,10.75,77323
2026-09-22,BAJAJ-AUTO,BAJAJ AUTO LIMITED,11460.0,11515.0,11281.0,11363.0,11460.0,154756
2026-09-22,BAJAJCON,BAJAJ CONSUMER CARE LTD,515.0,524.5,511.4,513.75,515.3,484075
2026-09-22,BAJAJELEC,BAJAJ ELECT.LTD,326.1,329.6,322.15,323.45,326.0,74689
2026-09-22,BAJFINANCE,BAJAJ FINANCE LIMITED,1025.3,1029.2,1005.0,1008.8,1021.3,4581750
2026-09-22,BAJAJFINSV,BAJAJ FINSERV LTD.,1862.7,1863.0,1823.4,1823.4,1849.8,405051
2026-09-22,BAJAJHCARE,BAJAJ HEALTHCARE LIMITED,335.6,341.8,334.3,336.1,335.6,75304
2026-09-22,BAJAJHIND,BAJAJ HINDUSTHAN SUGAR LT,20.15,20.7,20.06,20.29,20.18,13242731
2026-09-22,BAJAJHLDNG,BAJAJ HOLDINGS & INVS LTD,11312.0,11389.0,11103.0,11185.0,11409.0,71522
2026-09-22,BAJAJHFL,BAJAJ HOUSING FINANCE LTD,84.03,84.31,82.98,83.12,83.98,1745461
2026-09-22,BAJAJST,BAJAJ STEEL INDS. LTD.,345.55,355.85,345.05,348.05,345.2,5127
2026-09-22,BAJEL,BAJEL PROJECTS LIMITED,173.99,174.83,171.61,172.47,172.11,108677
2026-09-22,BALPHARMA,BAL PHARMA LTD.,109.27,112.87,107.11,108.16,109.37,91977
2026-09-22,BALAMINES,BALAJI AMINES LIMITED,2140.5,2179.6,2126.4,2138.9,2130.7,83836
2026-09-22,BALAJITELE,BALAJI TELEFILMS LIMITED.,94.49,95.5,93.2,93.71,93.55,57550
2026-09-22,BALAXI,BALAXI PHARMA LTD,23.5,23.5,22.96,23.12,23.41,22486
2026-09-22,BALKRISIND,BALKRISHNA IND. LTD,2224.0,2231.0,2202.3,2216.9,2216.8,103064
2026-09-22,BALKRISHNA,BALKRISHNA PAPER MILLS L,16.53,16.65,16.3,16.41,16.21,1867
2026-09-22,BALMLAWRIE,BALMER LAWRIE & CO LTD,166.25,168.74,163.55,167.43,166.01,178669
2026-09-22,BLIL,BALMER LAWRIE INVSTS. L,67.35,67.5,66.8,67.35,67.38,45812
2026-09-22,BALRAMCHIN,BALRAMPUR CHINI MILLS LTD,661.0,668.4,651.3,661.05,663.65,1293003
2026-09-22,BALUFORGE,BALU FORGE INDUSTRIES LTD,519.0,521.7,501.05,505.25,518.65,563043
2026-09-22,BANARBEADS,BANARAS BEADS LTD,113.45,113.65,110.3,111.28,111.03,648
2026-09-22,BANCOINDIA,BANCO PRODUCTS (I) LTD,599.95,608.7,599.95,605.65,599.3,55149
2026-09-22,BANDHANBNK,BANDHAN BANK LIMITED,180.0,185.11,179.9,184.7,179.0,22278301
2026-09-22,GOLDBND,BANDHANAMC - GOLDBND,151.0,152.47,150.15,151.21,152.07,50308
2026-09-22,IDFNIFTYET,BANDHANAMC - IDFNIFTYET,259.85,259.97,257.59,259.13,259.6,791
2026-09-22,SILVERBND,BANDHANAMC - SILVERBND,232.52,233.24,229.19,231.26,233.58,10288
2026-09-22,BANG,BANG OVERSEAS LTD.,33.61,34.29,32.0,32.46,33.45,25889
2026-09-22,BANKBARODA,BANK OF BARODA,233.64,234.9,232.71,234.35,233.64,3787052
2026-09-22,BANKINDIA,BANK OF INDIA,138.5,138.91,137.01,137.01,138.63,3112072
2026-09-22,MAHABANK,BANK OF MAHARASHTRA,82.52,83.3,82.29,82.4,82.2,6615014
2026-09-22,BANKA,BANKA BIOLOO LIMITED,77.0,78.55,74.63,76.14,78.55,2695
2026-09-22,BANARISUG,BANNARI AMMAN SUGARS LTD,3314.5,3390.0,3303.1,3322.8,3305.4,756
2026-09-22,BANSALWIRE,BANSAL WIRE INDUSTRIES L,318.95,319.95,313.5,315.25,316.1,45581
2026-09-22,BANSWRAS,BANSWARA SYNTEX LIMITED,113.92,116.35,112.23,113.33,113.07,37753
2026-09-22,BVCL,BARAK VALLEY CEM. LTD.,41.35,43.2,40.7,41.57,41.09,38781
2026-09-22,BBNPNBETF,BARODABNP - BBNPNBETF,58.01,58.01,56.5,56.52,56.87,447
2026-09-22,BBNPPGOLD,BARODABNP - BBNPPGOLD,147.0,148.0,145.0,146.6,146.6,1565
2026-09-22,BASF,BASF INDIA LTD,3675.0,3706.0,3555.0,3572.2,3663.8,16963
2026-09-22,BATAINDIA,BATA INDIA LTD,637.25,639.4,629.05,631.75,635.2,122211
2026-09-22,BATLIBOI,BATLIBOI LTD.,86.0,86.5,82.42,82.96,85.08,15519
2026-09-22,BAYERCROP,BAYER CROPSCIENCE LTD,3775.1,3797.4,3730.6,3765.8,3775.1,31340
2026-09-22,BCLIND,BCL INDUSTRIES LIMITED,33.49,33.59,33.11,33.48,33.32,419750
2026-09-22,BCPL,BCPL RAILWAY INFRA LTD,70.26,72.0,68.6,69.31,70.26,7514
2026-09-22,BEARDSELL,BEARDSELL LIMITED,24.85,24.85,23.5,24.41,24.21,39301
2026-09-22,BEDMUTHA,BEDMUTHA INDUST LTD,104.51,105.8,101.4,102.57,103.47,4118
2026-09-22,BEEKAY,BEEKAY STEEL INDS. LTD.,427.6,434.4,419.5,420.8,429.7,349
2026-09-22,BLEL,BEHARI LAL ENGINEERING L,447.0,475.0,445.15,469.05,439.55,1603310
2026-09-22,BELLACASA,BELLA CASA FASH AND RET L,276.86,285.0,266.3,279.3,273.31,21237
2026-09-22,BELRISE,BELRISE INDUSTRIES LTD,242.0,248.8,242.0,244.74,241.89,4815462
2026-09-22,BLAL,BEML LAND ASSETS LIMITED,166.61,167.08,163.25,164.24,165.24,7668
2026-09-22,BEML,BEML LIMITED,2100.0,2120.0,2076.2,2096.8,2097.9,221034
2026-09-22,BENARAS,BENARES HOTELS LTD.,10380.0,10449.0,10100.0,10254.0,10373.0,52
2026-09-22,BENGALASM,BENGAL & ASSAM CO. LTD.,6155.5,6250.0,6155.5,6173.5,6215.5,152
2026-09-22,BERGEPAINT,BERGER PAINTS (I) LTD,453.0,456.9,448.0,452.6,450.6,454498
2026-09-22,BESTAGRO,BEST AGROLIFE LIMITED,18.7,18.75,18.21,18.34,18.54,640357
2026-09-22,BETA,BETA DRUGS LIMITED,2080.0,2170.0,2063.4,2105.0,2074.6,20315
2026-09-22,BFINVEST,BF INVESTMENT LIMITED,446.2,446.95,442.0,443.75,444.5,11376
2026-09-22,BFUTILITIE,BF UTILITIES LIMITED,537.9,537.9,525.0,527.45,532.35,30977
2026-09-22,BANK10BETF,BFAM - BANK10BETF,20.59,20.59,20.38,20.5,20.59,176
2026-09-22,BANKBETF,BFAM - BANKBETF,57.37,57.71,57.1,57.2,57.37,6026
2026-09-22,LIQUIDBETF,BFAM - LIQUIDBETF,1099.77,1099.78,1099.76,1099.77,1099.64,132373
2026-09-22,NIFTYBETF,BFAM - NIFTYBETF,242.24,242.35,240.01,240.6,241.37,931
2026-09-22,BHAGERIA,BHAGERIA INDUSTRIES LTD,367.0,367.0,342.0,345.25,361.4,221218
2026-09-22,BHAGCHEM,BHAGIRADHA CHEM & INDS L,245.1,251.9,242.5,243.85,245.75,83051
2026-09-22,BHAGYANGR,BHAGYANAGAR INDIA LIMITED,435.55,448.0,421.0,426.05,432.85,115065
2026-09-22,BHANDARI,BHANDARI HOSIERY EXP LTD,3.0,3.0,2.96,2.96,2.96,71168
2026-09-22,BEPL,BHANSALI ENG. POLYMERS LT,129.35,132.8,128.52,130.23,128.1,1665214
2026-09-22,BBL,BHARAT BIJLEE LTD,2186.9,2237.0,2186.9,2220.4,2187.0,15439
2026-09-22,BHARATCOAL,BHARAT COKING COAL LTD,32.35,32.8,32.15,32.24,32.27,2812928
2026-09-22,BDL,BHARAT DYNAMICS LIMITED,1185.0,1192.6,1164.0,1168.0,1175.0,523381
2026-09-22,BEL,BHARAT ELECTRONICS LTD,398.5,400.65,395.8,397.9,398.5,8488775
2026-09-22,BHARATFORG,BHARAT FORGE LTD,1965.0,2010.0,1965.0,2009.0,1968.9,982220
2026-09-22,BPLPHARMA,BHARAT PARENTERALS LTD.,1560.0,1560.0,1531.0,1531.7,1541.7,1688
2026-09-22,BPCL,BHARAT PETROLEUM CORP  LT,315.0,318.2,308.15,313.6,312.75,10959640
2026-09-22,BHARATRAS,BHARAT RASAYAN LTD,1117.9,1142.0,1110.5,1129.4,1109.1,10860
2026-09-22,BRNL,BHARAT ROAD NETWORK LTD,16.1,16.9,16.1,16.67,16.1,20908
2026-09-22,BHARATSE,BHARAT SEATS LIMITED,214.68,229.55,213.42,219.86,212.36,746137
2026-09-22,BHARATWIRE,BHARAT WIRE ROPES LTD.,170.47,174.0,166.37,167.89,170.47,109806
2026-09-22,BHARTIARTL,BHARTI AIRTEL LIMITED,1833.9,1836.3,1813.0,1817.2,1830.2,4134236
2026-09-22,BHARTIHEXA,BHARTI HEXACOM LIMITED,1533.4,1550.0,1526.4,1534.3,1522.0,37934
2026-09-22,BIL,BHARTIYA INTERNATIONAL,1088.0,1088.0,1042.55,1050.5,1044.35,6091
2026-09-22,BHEL,BHEL,435.2,439.7,424.65,425.8,433.4,4718245
2026-09-22,BIGBLOC,BIGBLOC CONSTRUCTION LTD,40.4,41.35,39.5,40.4,39.61,35066
2026-09-22,BIKAJI,BIKAJI FOODS INTERN LTD,559.0,561.5,552.0,553.65,558.95,215549
2026-09-22,GROWW,BILLIONBRAINS GARAGE VN L,190.1,190.5,188.1,189.18,190.59,14342042
2026-09-22,BIMETAL,BIMETAL BEARINGS LTD.,664.0,672.0,655.0,661.45,662.4,851
2026-09-22,BIOCON,BIOCON LIMITED.,394.3,396.25,389.0,390.0,395.0,2816261
2026-09-22,BIOFILCHEM,BIOFIL CHEM & PHARMA LTD,32.56,33.29,32.34,32.88,32.61,7771
2026-09-22,BIRLACABLE,BIRLA CABLE LIMITED,389.05,401.85,371.3,375.25,389.05,412134
2026-09-22,BIRLACORPN,BIRLA CORPORATION LTD,827.0,832.95,816.0,817.6,825.05,18917
2026-09-22,BIRLANU,BIRLANU LIMITED,1395.0,1428.0,1372.5,1385.6,1388.8,5042
2026-09-22,ABGSEC,BIRLASLAMC - ABGSEC,113.0,114.44,113.0,114.15,114.01,74
2026-09-22,ABSL10BANK,BIRLASLAMC - ABSL10BANK,170.9,172.0,163.03,164.29,168.75,7252
2026-09-22,ABSLBANETF,BIRLASLAMC - ABSLBANETF,58.15,58.15,57.57,57.75,57.87,393885
2026-09-22,ABSLLIQUID,BIRLASLAMC - ABSLLIQUID,1000.0,1000.01,999.99,1000.0,999.99,9206
2026-09-22,ABSLMSCIN,BIRLASLAMC - ABSLMSCIN,29.03,29.03,28.75,28.8,28.8,128
2026-09-22,ABSLNN50ET,BIRLASLAMC - ABSLNN50ET,76.07,76.41,75.68,75.97,76.21,9456
2026-09-22,BSLSENETFG,BIRLASLAMC - BSLSENETFG,76.59,76.59,74.75,75.16,75.5,3184
2026-09-22,GSEC10ABSL,BIRLASLAMC - GSEC10ABSL,112.1,112.1,112.1,112.1,112.34,10
2026-09-22,HEALTHY,BIRLASLAMC - HEALTHY,17.33,17.45,17.2,17.24,17.33,412294
2026-09-22,MOMENTUM,BIRLASLAMC - MOMENTUM,29.99,31.0,29.99,30.75,30.76,91264
2026-09-22,NIFTYQLITY,BIRLASLAMC - NIFTYQLITY,20.54,20.88,20.28,20.39,20.64,173635
2026-09-22,SILVER,BIRLASLAMC - SILVER,232.04,232.3,228.2,230.01,232.01,391777
2026-09-22,TECH,BIRLASLAMC - TECH,31.55,32.23,31.1,31.37,31.71,33252
2026-09-22,ABSLPSE,BIRLASLAMC-ABSLPSE,9.79,10.08,9.79,10.0,10.05,71073
2026-09-22,BSOFT,BIRLASOFT LIMITED,284.15,284.5,280.75,281.15,284.15,486688
2026-09-22,BBOX,BLACK BOX LIMITED,838.85,845.9,797.6,810.05,831.35,664899
2026-09-22,BLACKBUCK,BLACKBUCK LIMITED,635.0,659.7,618.15,620.35,629.95,2055001
2026-09-22,BLBLIMITED,BLB LIMITED,16.25,16.3,15.91,16.22,15.99,133466
2026-09-22,BLSE,BLS E-SERVICES LIMITED,317.9,339.8,317.4,328.1,317.25,1257827
2026-09-22,BLS,BLS INTL SERVS LTD,234.0,234.0,228.0,228.71,232.54,579169
2026-09-22,BLUECLOUDS,BLUE CLOUD SOFTECH SOLU L,19.27,19.37,18.95,19.17,19.07,546154
2026-09-22,BLUECOAST,BLUE COAST HOTELS LIMITED,21.0,21.58,19.56,19.83,20.56,1308
2026-09-22,BLUEDART,BLUE DART EXPRESS LTD,4806.2,4844.9,4780.0,4786.6,4806.2,7423
2026-09-22,BLUEJET,BLUE JET HEALTHCARE LTD,584.0,602.65,580.55,587.3,579.65,621304
2026-09-22,BLUESTARCO,BLUE STAR LIMITED,1572.0,1572.2,1519.5,1525.0,1565.0,739436
2026-09-22,BLUESTONE,BLUESTONE JEWEL LFSTL LTD,850.7,950.0,847.95,930.4,845.45,3686322
2026-09-22,BLUSPRING,BLUSPRING ENTERPRISES LTD,121.89,127.57,121.89,125.47,121.89,222765
2026-09-22,BMWVENTLTD,BMW VENTURES LIMITED,50.9,52.73,50.58,51.92,50.47,228231
2026-09-22,BNAGROCHEM,BN AGROCHEM LTD.,208.67,209.99,200.0,200.85,206.6,355
2026-09-22,BODALCHEM,BODAL CHEMICALS LTD,199.55,206.0,187.83,192.9,197.71,2856632
2026-09-22,BTML,BODHI TREE MULTIMEDIA LTD,7.44,7.44,7.11,7.15,7.13,186655
2026-09-22,BOHRAIND,BOHRA INDUSTRIES LIMITED,13.2,13.8,12.36,13.26,12.7,6365
2026-09-22,BBTC,BOMBAY BURMAH TRADING COR,1493.0,1497.9,1453.2,1460.4,1484.6,48718
2026-09-22,BOMDYEING,BOMBAY DYEING & MFG. CO L,110.5,111.6,108.85,109.58,110.02,411668
2026-09-22,BSHSL,BOMBAY SUPER HYBRID SEEDS,86.1,88.0,85.3,85.64,84.93,4737
2026-09-22,BONLON,BONLON INDUSTRIES LIMITED,41.34,41.5,39.8,40.07,39.35,12082
2026-09-22,BORANA,BORANA WEAVES LIMITED,295.05,301.0,291.25,292.4,296.85,24044
2026-09-22,BOROLTD,BOROSIL LIMITED,260.0,269.7,259.62,263.57,261.14,230571
2026-09-22,BORORENEW,BOROSIL RENEWABLES LTD,476.9,489.7,472.1,474.7,473.75,666860
2026-09-22,BOROSCI,BOROSIL SCIENTIFIC LTD,122.75,126.35,116.7,119.81,119.11,329680
2026-09-22,BOSCH-HCIL,BOSCH HOME COMFRT IND LTD,1681.1,1749.6,1681.1,1720.8,1685.7,31143
2026-09-22,BOSCHLTD,BOSCH LIMITED,47795.0,48290.0,47530.0,48290.0,47565.0,17807
2026-09-22,BPL,BPL LTD,45.8,46.06,44.99,45.2,44.96,33419
2026-09-22,BRAHMINFRA,BRAHMAPUTRA INFRA L,164.3,164.3,155.01,156.51,160.92,8121
2026-09-22,FIRSTCRY,BRAINBEES SOLUTIONS LTD,170.5,182.36,169.77,175.08,170.43,11963508
2026-09-22,BCONCEPTS,BRAND CONCEPTS LIMITED,153.7,153.71,149.0,152.58,151.94,6771
2026-09-22,BRIGADE,BRIGADE ENTER. LTD,608.9,624.0,605.45,616.55,608.75,276171
2026-09-22,BRIGHOTEL,BRIGADE HOTEL VENTURE LTD,56.29,57.5,56.08,56.48,56.4,114783
2026-09-22,BRIGHTBR,BRIGHT BROTHERS LTD.,244.0,255.5,244.0,252.95,253.5,1978
2026-09-22,BCG,BRIGHTCOM GROUP LIMITED,9.7,9.74,9.55,9.6,9.67,5240142
2026-09-22,BRITANNIA,BRITANNIA INDUSTRIES LTD,5030.0,5030.0,4915.0,4918.0,5023.0,177451
2026-09-22,BROOKS,BROOKS LAB LIMITED,60.0,60.55,59.01,59.09,59.09,24690
2026-09-22,BSE,BSE LIMITED,3170.8,3254.0,3170.8,3235.0,3161.0,3165566
2026-09-22,BSL,BSL LTD,123.63,126.93,123.02,125.54,126.15,1430
2026-09-22,BUTTERFLY,BTRFLY GANDHI APPL LTD,580.0,585.75,559.75,562.3,574.35,38079
2026-09-22,CGVAK,C G V A K SOFTWARE & EX L,151.0,151.0,141.0,145.41,145.77,2150
2026-09-22,MAPMYINDIA,C.E. INFO SYSTEMS LIMITED,900.5,969.8,900.5,922.0,900.5,1688962
2026-09-22,CMLL,CALIBER MINING AND LOG L,480.85,495.0,475.15,490.9,475.95,348444
2026-09-22,CAMLINFINE,CAMLIN FINE SCIENCES LTD,99.0,100.5,96.0,96.45,98.75,1677989
2026-09-22,CAMPUS,CAMPUS ACTIVEWEAR LIMITED,211.16,214.2,210.5,211.35,211.16,257451
2026-09-22,CANFINHOME,CAN FIN HOMES LTD,770.0,775.55,755.3,759.55,769.9,339027
2026-09-22,CANBK,CANARA BANK,124.02,124.69,122.8,122.9,123.7,7064389
2026-09-22,CANHLIFE,CANARA HSBC LIFE INS CO L,154.0,154.45,151.63,153.4,152.97,425119
2026-09-22,CRAMC,CANARA ROBECO AMC LIMITED,231.6,234.75,226.2,227.9,231.1,551421
2026-09-22,CANTABIL,CANTABIL RETAIL LTD,241.0,243.0,238.0,238.85,241.08,112830
2026-09-22,CAPACITE,CAPACITE INFRAPROJECT LTD,195.32,197.71,194.02,194.73,195.02,146197
2026-09-22,CAPILLARY,CAPILLARY TECHNO INDIA L,511.0,556.8,509.35,547.1,510.15,1529129
2026-09-22,CIFL,CAPITAL INDIA FINANCE LTD,20.29,21.7,20.1,21.27,20.02,268122
2026-09-22,CAPITALSFB,CAPITAL SMALL FIN BANK L,281.8,282.4,277.2,281.3,282.0,11748
2026-09-22,CAPLIPOINT,CAPLIN POINT LAB LTD.,2768.9,2840.0,2762.1,2777.3,2756.6,118478
2026-09-22,CGCL,CAPRI GLOBAL CAPITAL LTD,269.5,271.8,265.1,267.05,268.85,2002679
2026-09-22,CPL,CAPTAIN POLYPLAST LIMITED,63.75,65.36,62.1,62.7,63.75,23267
2026-09-22,CARBORUNIV,CARBORUNDUM UNIVERSAL LTD,1177.5,1239.8,1177.0,1211.3,1178.9,970152
2026-09-22,CARERATING,CARE RATINGS LIMITED,1622.0,1641.3,1605.6,1627.8,1627.6,157788
2026-09-22,CPEDU,CAREER POINT EDUTECH LTD,183.99,183.99,176.0,177.35,182.28,1229
2026-09-22,CARRARO,CARRARO INDIA LIMITED,529.0,551.0,529.0,542.3,528.35,146505
2026-09-22,CARTRADE,CARTRADE TECH LIMITED,2920.0,2973.6,2900.1,2907.9,2918.0,196801
2026-09-22,CARYSIL,CARYSIL LIMITED,1070.9,1080.9,1060.0,1065.3,1064.9,76582
2026-09-22,CASTROLIND,CASTROL INDIA LIMITED,193.89,196.0,193.2,195.61,193.5,3487992
2026-09-22,CCL,CCL PRODUCTS (I) LTD,1073.0,1074.5,1044.1,1050.0,1071.0,156624
2026-09-22,CEATLTD,CEAT LIMITED,3411.9,3422.0,3360.1,3401.4,3392.7,54853
2026-09-22,CEIGALL,CEIGALL INDIA LIMITED,381.7,381.7,369.1,377.2,379.95,375674
2026-09-22,CEINSYS,CEINSYS TECH LIMITED,713.0,715.0,690.0,701.5,709.65,75985
2026-09-22,CELEBRITY,CELEBRITY FASHIONS LTD,6.7,6.82,6.37,6.79,6.64,29456
2026-09-22,CELLO,CELLO WORLD LIMITED,321.95,325.4,318.85,320.3,321.95,245545
2026-09-22,CEMPRO,CEMINDIA PROJECTS LIMITED,1256.5,1319.3,1252.5,1319.3,1256.5,316336
2026-09-22,CENTRALBK,CENTRAL BANK OF INDIA,31.53,31.69,31.26,31.37,31.49,2768742
2026-09-22,CDSL,CENTRAL DEPO SER (I) LTD,1361.0,1374.0,1342.5,1348.0,1361.0,721143
2026-09-22,CMPDI,CENTRAL MINE P N D INST L,210.01,213.9,207.76,209.34,209.96,605161
2026-09-22,CENTRUM,CENTRUM CAPITAL LIMITED,22.19,22.34,21.3,21.43,21.85,232939
2026-09-22,CENTUM,CENTUM ELECTRONICS LTD,4745.0,4894.8,4640.0,4858.7,4739.2,98747
2026-09-22,CENTENKA,CENTURY ENKA LTD,571.9,584.0,565.2,567.4,571.9,19449
2026-09-22,CENTEXT,CENTURY EXTRUSIONS LTD,19.57,19.79,18.35,18.63,19.35,346646
2026-09-22,CENTURYPLY,CENTURY PLYBOARDS (I) LTD,706.9,716.3,692.35,695.6,703.35,162121
2026-09-22,CERA,CERA SANITARYWARE LTD,5525.0,5579.5,5484.0,5501.0,5528.0,5363
2026-09-22,CESC,CESC LTD,144.0,144.22,142.28,142.52,143.47,1319444
2026-09-22,CGPOWER,CG POWER AND IND SOL LTD,915.65,926.1,896.1,896.1,910.0,2299693
2026-09-22,CHALET,CHALET HOTELS LIMITED,858.05,888.9,857.0,872.35,860.05,141251
2026-09-22,CLSEL,CHAMAN LAL SETIA EXP LTD,291.65,296.9,291.65,293.4,293.25,28674
2026-09-22,CHAMBLFERT,CHAMBAL FERTILIZERS LTD,417.95,420.0,414.3,418.5,417.2,650166
2026-09-22,CHEMBOND,CHEMBOND MATERIALTECH LTD,190.2,198.99,185.25,192.77,187.04,15681
2026-09-22,CHEMCRUX,CHEMCRUX ENTERPRISES LTD.,79.4,82.1,78.0,78.57,79.23,8574
2026-09-22,CHEMFAB,CHEMFAB ALKALIS LIMITED,367.45,367.45,352.1,354.0,359.3,3146
2026-09-22,CHEMPLASTS,CHEMPLAST SANMAR LIMITED,181.0,202.45,178.5,198.67,181.17,7329815
2026-09-22,CHENNPETRO,CHENNAI PETROLEUM CORP LT,1375.5,1405.0,1362.0,1392.0,1375.5,1113436
2026-09-22,CHEVIOT,CHEVIOT COMPANY LIMITED,1160.1,1190.0,1156.1,1170.4,1168.4,2309
2026-09-22,CHOICEIN,CHOICE INTERNATIONAL LTD,783.95,785.4,753.6,760.9,782.05,318303
2026-09-22,CHOICEGOLD,CHOICEAMC - CHOICEGOLD,150.9,150.99,149.0,149.56,150.99,5647
2026-09-22,CHOLAHLDNG,CHOLAMANDALAM FIN HOL LTD,1476.0,1481.1,1442.8,1459.6,1474.8,138445
2026-09-22,CHOLAFIN,CHOLAMANDALAM IN & FIN CO,1769.9,1779.4,1756.8,1759.1,1764.0,906681
2026-09-22,CIEINDIA,CIE AUTOMOTIVE INDIA LTD,396.8,398.1,389.1,390.6,395.15,173881
2026-09-22,CINELINE,CINELINE INDIA LIMITED,92.0,92.0,88.0,89.16,90.31,26334
2026-09-22,CINEVISTA,CINEVISTA LIMITED,14.2,16.15,14.05,14.51,14.14,150406
2026-09-22,CIPLA,CIPLA LTD,1386.3,1388.7,1364.5,1384.1,1386.1,767139
2026-09-22,CUB,CITY UNION BANK LTD,234.9,235.78,226.0,227.21,234.94,2192380
2026-09-22,CLEDUCATE,CL EDUCATE LIMITED,56.99,57.89,55.0,55.38,56.75,4261
2026-09-22,CLEANMAX,CLEAN MAX ENVIRO EN SOL L,1349.5,1415.9,1340.3,1367.5,1340.5,226917
2026-09-22,CLEAN,CLEAN SCIENCE & TECH LTD,840.0,843.0,830.55,833.2,834.9,195980
2026-09-22,CMRGREEN,CMR GREEN TECHNOLOGIES L,231.0,238.85,227.75,229.49,229.9,642934
2026-09-22,CMSINFO,CMS INFO SYSTEMS LIMITED,232.95,235.74,230.55,234.62,232.14,474646
2026-09-22,COALINDIA,COAL INDIA LTD,424.7,428.75,419.65,428.0,414.7,16676174
2026-09-22,COASTCORP,COASTAL CORPORATION LTD,39.49,39.49,37.93,38.19,38.94,35585
2026-09-22,COCHINSHIP,COCHIN SHIPYARD LIMITED,1390.0,1411.0,1376.5,1388.9,1385.0,830403
2026-09-22,COFFEEDAY,COFFEE DAY ENTERPRISE LTD,30.49,31.32,30.01,30.59,30.15,325352
2026-09-22,COFORGE,COFORGE LIMITED,1814.0,1818.0,1784.4,1803.0,1814.0,1220431
2026-09-22,COHANCE,COHANCE LIFESCIENCES LTD,461.35,468.55,451.6,452.75,460.45,705248
2026-09-22,COLPAL,COLGATE PALMOLIVE LTD.,1892.1,1892.3,1863.0,1869.0,1892.0,200338
2026-09-22,COMFINTE,COMFORT INTECH LTD.,5.89,5.89,5.72,5.8,5.72,117214
2026-09-22,COMSYN,COMMERCIAL SYN BAGS LTD,308.0,310.9,300.1,301.25,304.1,927179
2026-09-22,COMPEAU,COMPETENT AUTOMOB CO. L,364.0,364.0,364.0,364.0,366.6,65
2026-09-22,COMPUSOFT,COMPUCOM SOFTWARE LTD,13.79,13.79,13.07,13.24,13.35,17471
2026-09-22,CAMS,COMPUTER AGE MNGT SER LTD,707.95,714.5,704.0,704.0,703.85,949770
2026-09-22,CONCORDBIO,CONCORD BIOTECH LIMITED,1588.0,1588.7,1522.8,1532.4,1579.4,170913
2026-09-22,CEWATER,CONCORD ENVIRO SYSTEMS L,277.8,281.1,274.0,278.75,279.6,54231
2026-09-22,CONFIPET,CONFIDENCE PETRO IND LTD.,88.92,90.54,86.3,86.76,88.96,1813161
2026-09-22,CCCL,CONS. CONST. CONSORT LTD,13.55,13.79,13.55,13.6,13.55,109103
2026-09-22,CONCOR,CONTAINER CORP OF IND LTD,489.5,489.5,466.7,467.0,487.05,2828067
2026-09-22,CONTROLPR,CONTROL PRINT LIMITED,599.75,599.75,585.55,589.15,598.95,22760
2026-09-22,CORALFINAC,CORAL INDIA FIN & HOUS LT,32.5,32.99,31.5,32.14,32.1,9094
2026-09-22,CORDSCABLE,CORDS CABLE INDUS LTD.,361.0,389.0,360.0,382.9,355.35,391036
2026-09-22,COROMANDEL,COROMANDEL INTERNTL. LTD,1935.0,1953.4,1935.0,1944.9,1940.8,77210
2026-09-22,CORONA,CORONA REMEDIES LIMITED,2212.9,2215.7,2171.2,2181.5,2212.9,10943
2026-09-22,COSMOFIRST,COSMO FIRST LIMITED,865.0,879.95,856.2,862.75,866.45,28152
2026-09-22,CCHHL,COUNTRY CLUB HOSP HOL LTD,13.02,13.25,12.62,12.94,13.02,18869
2026-09-22,CPCAP,CP CAPITAL LIMITED,160.5,160.5,151.11,151.7,156.9,38437
2026-09-22,CPSEETF,CPSE ETF,90.4,93.52,90.4,92.94,92.72,663335
2026-09-22,CRAFTSMAN,CRAFTSMAN AUTOMATION LTD,11006.0,11018.0,10556.0,10602.0,11006.0,81543
2026-09-22,CRAVATEX,CRAVATEX LTD.,335.75,335.85,325.0,326.15,335.75,1385
2026-09-22,CREATIVEYE,CREATIVE EYE LIMITED,5.55,6.5,5.51,6.25,5.55,104668
2026-09-22,CNL,CREATIVE NEWTECH LIMITED,1148.0,1153.5,1098.1,1108.1,1139.4,17470
2026-09-22,CREDITACC,CREDITACCESS GRAMEEN LTD,1400.0,1400.0,1354.0,1357.9,1393.0,130909
2026-09-22,MUFTI,CREDO BRANDS MARKETING L,72.25,73.92,72.12,73.34,72.73,36520
2026-09-22,CREST,CREST VENTURES LIMITED,368.5,385.0,362.0,363.7,367.05,2879
2026-09-22,CRESTO,CRESTO TECHNO LIMITED,16.49,19.21,16.21,19.21,16.01,200316
2026-09-22,CRISIL,CRISIL LTD,4597.5,4677.8,4515.5,4559.8,4605.6,76168
2026-09-22,CRIZAC,CRIZAC LIMITED,176.99,180.25,176.2,177.03,176.49,104937
2026-09-22,CROMPTON,CROMPT GREA CON ELEC LTD,224.75,225.71,221.76,222.0,225.05,2814418
2026-09-22,CROWN,CROWN LIFTERS LIMITED,123.0,132.0,121.38,124.96,121.38,148899
2026-09-22,CSBBANK,CSB BANK LIMITED,336.0,340.9,331.25,334.95,334.8,231055
2026-09-22,CSLFINANCE,CSL FINANCE LIMITED,224.5,224.5,217.62,220.24,220.46,12304
2026-09-22,CSM,CSM TECHNOLOGIES LIMITED,112.0,112.0,103.06,105.15,108.19,525358
2026-09-22,CUBEXTUB,CUBEX TUBINGS LTD,89.0,104.85,87.91,104.85,87.38,1043536
2026-09-22,CUMMINSIND,CUMMINS INDIA LTD,5090.0,5128.5,4962.5,4962.5,5067.0,314342
2026-09-22,CUPID,CUPID LIMITED,251.0,265.5,246.0,258.2,251.3,43352836
2026-09-22,CYIENTDLM,CYIENT DLM LIMITED,915.0,938.8,913.7,917.2,912.4,281857
2026-09-22,CYIENT,CYIENT LIMITED,1064.8,1085.1,1032.0,1079.0,1060.8,587228
2026-09-22,DLINKINDIA,D-LINK INDIA LTD,426.6,429.3,421.15,423.55,425.7,32294
2026-09-22,DPABHUSHAN,D. P. ABHUSHAN LIMITED,1422.6,1475.4,1406.2,1469.4,1422.6,39075
2026-09-22,DBCORP,D.B.CORP LTD,184.62,184.62,181.55,183.04,182.62,62503
2026-09-22,DABUR,DABUR INDIA LTD,388.3,390.1,385.2,388.1,386.8,1352500
2026-09-22,DALBHARAT,DALMIA BHARAT LIMITED,1764.0,1785.4,1736.3,1741.6,1764.4,35465
2026-09-22,DALMIASUG,DALMIA BHARAT SUG IN LTD,385.0,400.0,384.75,388.1,384.1,145352
2026-09-22,DAMCAPITAL,DAM CAPITAL ADVISORS LTD,137.32,139.5,137.1,137.7,137.32,109917
2026-09-22,DANGEE,DANGEE DUMS LIMITED,2.72,2.76,2.6,2.7,2.7,29077
2026-09-22,DATAPATTNS,DATA PATTERNS INDIA LTD,4541.7,4640.0,4462.4,4484.9,4511.8,401737
2026-09-22,DATAMATICS,DATAMATICS GLOBAL SER LTD,773.0,776.0,755.15,765.3,773.85,38498
2026-09-22,DAVANGERE,DAVANGERE SUGAR COMPANY L,2.15,2.32,2.15,2.26,2.14,11390212
2026-09-22,DCI,DC INFOTECH AND COMUN LTD,273.0,283.3,273.0,275.85,272.55,54335
2026-09-22,DCBBANK,DCB BANK LIMITED,218.71,221.8,217.06,218.58,218.77,568379
2026-09-22,DCMFINSERV,DCM FINANCIAL SERVICES LT,5.39,5.39,4.9,5.09,4.9,8377
2026-09-22,DCM,DCM LTD,76.0,76.67,75.55,76.37,76.01,12046
2026-09-22,DCMNVL,DCM NOUVELLE LIMITED,180.0,182.06,175.1,178.04,180.01,4551
2026-09-22,DSFCL,DCM SHRIRAM FINE CHEM LTD,28.68,28.81,28.0,28.81,27.44,120100
2026-09-22,DCMSRIND,DCM SHRIRAM IND LTD,38.1,39.13,37.6,37.87,38.1,227030
2026-09-22,DCMSIL,DCM SHRIRAM INTERNATNL L,69.5,71.5,69.04,70.42,69.6,64277
2026-09-22,DCMSHRIRAM,DCM SHRIRAM LIMITED,984.2,993.6,976.6,979.3,984.2,35282
2026-09-22,DCW,DCW LTD,45.5,48.45,45.47,48.02,45.47,3396420
2026-09-22,DCXINDIA,DCX SYSTEMS LIMITED,170.0,170.0,162.5,163.5,162.02,443850
2026-09-22,DDEVPLSTIK,DDEV PLASTIKS IND LTD,262.75,264.0,258.0,260.45,259.9,95768
2026-09-22,DENORA,DE NORA INDIA LIMITED,814.9,820.9,792.8,798.4,813.4,1605
2026-09-22,DECCANCE,DECCAN CEMENTS LIMITED,569.95,575.0,560.05,562.25,567.2,41769
2026-09-22,DECNGOLD,DECCAN GOLD MINES LTD.,217.99,226.5,217.02,225.17,217.04,1187001
2026-09-22,DEEDEV,DEE DEVELOPMENT ENG LTD,677.95,695.7,677.95,691.8,681.1,112901
2026-09-22,DEEPINDS,DEEP INDUSTRIES LIMITED,732.1,765.55,731.25,761.6,726.3,362342
2026-09-22,DEEPA,DEEPA JEWELLERS LIMITED,184.0,192.0,181.94,188.43,183.06,2177575
2026-09-22,DBEIL,DEEPAK BUILDERS & ENG I L,7.24,7.28,6.93,7.0,6.99,410139
2026-09-22,DEEPAKFERT,DEEPAK FERTILIZERS & PETR,1365.9,1386.7,1337.5,1340.4,1365.9,165923
2026-09-22,DEEPAKNTR,DEEPAK NITRITE LTD,1605.1,1623.8,1593.4,1613.2,1586.3,183682
2026-09-22,DELHIVERY,DELHIVERY LIMITED,435.5,437.35,428.4,430.75,435.0,2292809
2026-09-22,DELTACORP,DELTA CORP LIMITED,61.99,63.55,61.02,61.77,61.59,2802181
2026-09-22,DELTAMAGNT,DELTA MANUFACTURING LTD,56.0,56.78,53.52,55.0,54.9,1288
2026-09-22,DEN,DEN NETWORKS LTD,26.75,26.8,26.06,26.26,26.42,197380
2026-09-22,DENTA,DENTA WATER N INFRA SOL L,277.25,279.45,271.1,272.65,276.05,91689
2026-09-22,DEVX,DEV ACCELERATOR LIMITED,35.64,35.64,34.8,35.06,35.13,87156
2026-09-22,DEVIT,DEV INFO TECHNOLOGY LTD,23.35,23.99,22.8,23.12,23.15,30918
2026-09-22,DEVYANI,DEVYANI INTERNATIONAL LTD,143.89,145.4,141.02,144.51,143.22,2365367
2026-09-22,DBOL,DHAMPUR BIO ORGANICS LTD,113.21,116.33,113.01,114.81,113.31,96815
2026-09-22,DHAMPURSUG,DHAMPUR SUGAR MILLS LTD.,163.01,170.3,161.51,164.13,162.29,717925
2026-09-22,DHANBANK,DHANLAXMI BANK LIMITED,29.52,29.73,29.01,29.18,29.44,226911
2026-09-22,DHANUKA,DHANUKA AGRITECH LTD,985.15,985.15,963.7,966.4,975.6,9208
2026-09-22,DHARMAJ,DHARMAJ CROP GUARD LTD,283.3,288.4,278.3,281.6,281.25,42905
2026-09-22,DHATRE,DHATRE UDYOG LTD.,4.08,4.36,4.08,4.27,4.22,28145
2026-09-22,DHOOTTRANS,DHOOT TRANSMISSION LTD,1590.0,1679.0,1529.5,1653.2,1582.3,2848268
2026-09-22,DHRUV,DHRUV CONSULTANCY SER LTD,21.79,21.79,20.7,21.57,20.95,5220
2026-09-22,DHUNINV,DHUNSERI INVESTMENTS LTD,995.8,1005.1,982.0,983.6,981.65,414
2026-09-22,DVL,DHUNSERI VENTURES LIMITED,285.15,292.5,282.6,283.25,283.45,3523
2026-09-22,DIAMINESQ,DIAMINES & CHEMICALS LTD,256.44,256.74,250.5,254.85,255.56,4769
2026-09-22,DICIND,DIC INDIA LIMITED,629.9,667.95,626.0,654.25,627.9,19144
2026-09-22,DIFFNKG,DIFFUSION ENGINEERS LTD,445.85,449.95,436.95,441.6,444.05,95045
2026-09-22,DGCONTENT,DIGICONTENT LIMITED,24.3,24.5,23.8,23.92,24.06,2454
2026-09-22,DIGIDRIVE,DIGIDRIVE DISTRIBUTORS L,17.25,17.95,17.22,17.76,17.56,10299
2026-09-22,DIGISPICE,DIGISPICE TECHNOLOGIES LT,16.55,16.8,16.2,16.4,16.31,57388
2026-09-22,DIGITIDE,DIGITIDE SOLUTIONS LTD,84.39,84.45,81.13,81.82,83.56,267976
2026-09-22,DNAMEDIA,DILIGENT MEDIA CORP LTD.,2.53,2.57,2.37,2.55,2.45,32982
2026-09-22,DBL,DILIP BUILDCON LIMITED,423.95,430.0,419.5,423.1,421.3,272116
2026-09-22,DISAQ,DISA INDIA LTD.,11905.0,12188.0,11905.0,12185.0,12134.0,67
2026-09-22,DISHTV,DISH TV INDIA LTD.,2.48,2.52,2.43,2.5,2.45,1038239
2026-09-22,DCAL,DISHMAN CARBO AMCIS LTD,171.99,172.99,169.0,169.88,170.5,73638
2026-09-22,DIVGIITTS,DIVGI TORQTRANSFER SYST L,1126.1,1176.0,1105.3,1118.9,1124.4,73787
2026-09-22,DIVISLAB,DIVI S LABORATORIES LTD,9444.0,9444.0,9315.5,9352.0,9410.5,293688
2026-09-22,DIXON,DIXON TECHNO (INDIA) LTD,13364.0,13434.0,12996.0,13084.0,13350.0,400815
2026-09-22,DJML,DJ MEDIAPRINT & LOG LTD,75.0,78.0,73.51,74.45,76.15,234675
2026-09-22,DLF,DLF LIMITED,662.0,671.9,659.05,669.5,660.25,5186082
2026-09-22,DMCC,DMCC SPECIALITY CHEMICALS,286.8,297.9,283.8,290.65,285.4,93524
2026-09-22,DODLA,DODLA DAIRY LIMITED,1065.5,1086.3,1036.8,1047.6,1065.1,34218
2026-09-22,DOLATALGO,DOLAT ALGOTECH LIMITED,66.6,70.0,66.6,68.16,66.79,167707
2026-09-22,DOLLAR,DOLLAR INDUSTRIES LIMITED,276.5,276.65,271.05,272.8,275.25,27774
2026-09-22,DOLLEX,DOLLEX AGROTECH LIMITED,38.0,38.5,36.0,36.6,37.6,16696
2026-09-22,DOLPHIN,DOLPHIN OFF ENT (IND) L,694.0,745.0,668.4,724.3,684.0,205636
2026-09-22,DOMS,DOMS INDUSTRIES LIMITED,2109.0,2111.7,2087.2,2098.8,2083.1,19537
2026-09-22,DONEAR,DONEAR IND. LIMITED,82.13,83.26,82.13,82.5,82.61,9673
2026-09-22,AGARWALEYE,DR AGARWALS HEALTH CARE L,492.0,497.65,487.4,493.05,490.3,303733
2026-09-22,DRAGARWQ,DR. AGARWAL'S EYE HOSP L,5241.0,5315.0,5180.0,5200.0,5280.5,1448
2026-09-22,LALPATHLAB,DR. LAL PATH LABS LTD.,1920.4,1944.0,1903.1,1909.8,1920.4,262090
2026-09-22,DRREDDY,DR. REDDY S LABORATORIES,1207.0,1222.0,1201.2,1211.0,1198.3,3355097
2026-09-22,DRCSYSTEMS,DRC SYSTEMS INDIA LIMITED,12.77,13.15,11.52,12.29,12.72,195714
2026-09-22,DREAMFOLKS,DREAMFOLKS SERVICES LTD,63.48,64.48,62.57,63.04,63.48,57824
2026-09-22,DREDGECORP,DREDGING CORP OF INDIA,997.0,1035.0,984.4,993.8,994.7,160585
2026-09-22,KEEPLEARN,DSJ KEEP LEARNING LTD,1.94,1.94,1.84,1.84,1.88,9184
2026-09-22,LIQUIDETF,DSP LIQUID ETF,1000.0,1000.01,999.99,999.99,1000.0,66236
2026-09-22,BANK10ADD,DSPAMC - BANK10ADD,16.74,16.77,16.54,16.56,16.75,14040
2026-09-22,BANKADD,DSPAMC - DSPBANK,56.35,58.11,56.35,57.68,57.8,971
2026-09-22,GOLDADD,DSPAMC - DSPGOLD,14.81,14.81,14.59,14.69,14.75,5061615
2026-09-22,ITADD,DSPAMC - DSPIT,30.55,30.55,30.12,30.45,30.63,22170
2026-09-22,EQUAL50ADD,DSPAMC - DSPNEWETF,335.27,335.64,333.08,334.34,335.27,8378
2026-09-22,NIFTYADD,DSPAMC - DSPNIFTY,247.72,247.77,245.88,246.38,247.27,2959
2026-09-22,PSUBANKADD,DSPAMC - DSPPSBKETF,84.46,84.46,83.16,83.2,83.97,14924
2026-09-22,PVTBANKADD,DSPAMC - DSPPVBKETF,27.9,27.98,27.74,27.91,27.9,54566
2026-09-22,MIDQ50ADD,DSPAMC - DSPQ50ETF,24.99,24.99,24.3,24.35,24.39,10218
2026-09-22,SENSEXADD,DSPAMC - DSPSENXETF,77.54,77.55,76.83,77.06,77.08,729
2026-09-22,SILVERADD,DSPAMC - DSPSILVETF,22.54,22.54,22.0,22.18,22.39,6357708
2026-09-22,FLEXIADD,DSPAMC - FLEXIADD,9.76,9.95,9.7,9.76,9.67,261971
2026-09-22,FMCGADD,DSPAMC - FMCGADD,46.14,46.22,45.62,45.84,46.21,7261
2026-09-22,HEALTHADD,DSPAMC - HEALTHADD,17.07,17.32,16.88,16.9,16.99,9214
2026-09-22,LIQUIDADD,DSPAMC - LIQUIDADD,1145.77,1145.79,1145.77,1145.78,1145.63,786773
2026-09-22,MIDBANKADD,DSPAMC - MIDBANKADD,17.14,17.15,17.0,17.06,17.12,308564
2026-09-22,MIDCAPADD,DSPAMC - MIDCAPADD,22.96,23.0,22.86,22.89,22.96,16028
2026-09-22,MSCIADD,DSPAMC - MSCIADD,28.93,28.94,28.8,28.91,28.96,333
2026-09-22,NEXT30ADD,DSPAMC - NEXT30ADD,42.24,42.37,41.85,42.1,42.21,1600
2026-09-22,NEXT50ADD,DSPAMC - NEXT50ADD,72.87,72.87,72.35,72.57,72.68,16335
2026-09-22,SMALLADD,DSPAMC - SMALLADD,18.49,18.52,18.35,18.43,18.35,23859
2026-09-22,TOP10ADD,DSPAMC - TOP10ADD,85.39,85.39,84.49,84.53,85.39,590727
2026-09-22,DUCON,DUCON INFRATECHNOLOGIES L,1.41,1.46,1.36,1.46,1.33,3328520
2026-09-22,DWARKESH,DWARIKESH SUGAR IND LTD,40.7,42.66,40.7,41.68,40.93,2743999
2026-09-22,DSSL,DYNACONS SYS & SOLN LTD,1055.0,1059.0,1021.0,1022.2,1032.9,23096
2026-09-22,DYNAMATECH,DYNAMATIC TECHNOLOGIES,12205.0,12695.0,12102.0,12516.0,12169.0,35975
2026-09-22,DYCL,DYNAMIC CABLES LIMITED,458.5,465.0,449.1,453.75,457.7,188194
2026-09-22,DYNPRO,DYNEMIC PRODUCTS LIMITED,230.95,232.46,228.93,231.51,229.98,6561
2026-09-22,EASTWEST,EAST WEST FREIGHT CARRI L,2.35,2.42,2.24,2.3,2.38,107411
2026-09-22,EASEMYTRIP,EASY TRIP PLANNERS LTD,5.79,6.22,5.75,5.99,5.79,42659431
2026-09-22,ECLERX,ECLERX SERVICES LTD,1965.0,1998.9,1908.3,1924.1,1951.2,210085
2026-09-22,ECORECO,ECO RECYCLING LTD.,425.0,429.45,416.1,422.9,422.75,10233
2026-09-22,ECOSMOBLTY,ECOS (INDIA) MOB & HOSP L,109.67,111.18,108.0,108.62,109.6,34838
2026-09-22,BBETF0432,EDELAMC - BBETF0432,1343.97,1343.99,1340.56,1343.32,1342.07,676
2026-09-22,EBANK10,EDELAMC - EBANK10,16.56,16.56,16.4,16.4,16.64,306
2026-09-22,EBANKNIFTY,EDELAMC - EBANKNIFTY,57.17,57.22,56.72,56.95,57.13,839
2026-09-22,EBBETF0430,EDELAMC - EBBETF0430,1604.41,1613.87,1604.41,1608.23,1609.4,12362
2026-09-22,EBBETF0431,EDELAMC - EBBETF0431,1436.92,1437.56,1430.01,1432.9,1432.0,1924
2026-09-22,EBBETF0433,EDELAMC - EBBETF0433,1306.65,1306.65,1302.01,1302.8,1302.06,6496
2026-09-22,ECAPINSURE,EDELAMC - ECAPINSURE,23.7,23.74,23.5,23.57,23.6,11385
2026-09-22,EGOLD,EDELAMC - EGOLD,151.45,152.1,150.4,151.1,151.8,24890
2026-09-22,ELIQUID,EDELAMC - ELIQUID,1048.68,1048.7,1048.68,1048.7,1048.54,35927
2026-09-22,ELM250,EDELAMC - ELM250,16.48,16.48,16.23,16.26,16.37,53297
2026-09-22,ELMDIV,EDELAMC - ELMDIV,35.75,35.75,35.5,35.52,35.75,263
2026-09-22,EMETAL,EDELAMC - EMETAL,12.7,13.07,12.7,12.92,13.03,5192
2026-09-22,EMULTIMQ,EDELAMC - EMULTIMQ,41.68,41.84,41.32,41.52,41.38,30702
2026-09-22,ENEXT50,EDELAMC - ENEXT50,71.96,72.31,71.9,71.9,72.32,14
2026-09-22,ENIFTY,EDELAMC - ENIFTY,24.21,24.21,23.52,23.64,23.62,963
2026-09-22,ESENSEX,EDELAMC - ESENSEX,75.6,75.6,74.95,75.4,75.69,383
2026-09-22,ESILVER,EDELAMC - ESILVER,231.51,232.63,228.26,229.6,231.52,23570
2026-09-22,EDELWEISS,EDELWEISS FIN SERV LTD,140.6,144.19,139.5,141.16,139.52,13480301
2026-09-22,EFCIL,EFC (I) LIMITED,178.9,185.01,177.2,177.99,178.43,96963
2026-09-22,EICHERMOT,EICHER MOTORS LTD,7519.0,7555.0,7427.0,7427.0,7512.5,336400
2026-09-22,EIDPARRY,EID PARRY INDIA LTD,704.95,704.95,694.0,695.55,700.9,179390
2026-09-22,EIHAHOTELS,EIH ASSOCIATED HOTELS LTD,301.0,301.0,297.5,298.8,298.85,6173
2026-09-22,EIHOTEL,EIH LIMITED,309.0,309.0,302.6,303.9,309.0,107926
2026-09-22,EIMCOELECO,EIMCO ELECON (INDIA) LTD,2285.9,2333.8,2241.6,2256.1,2288.0,15657
2026-09-22,EKI,EKI ENERGY SERVICES LTD,70.89,70.89,67.11,68.79,69.99,12895
2026-09-22,ELANTAS,ELANTAS BECK INDIA LTD.,14999.0,15150.0,14262.0,14410.0,14793.0,1964
2026-09-22,ELCIDIN,ELCID INVESTMENTS LTD.,106000.0,106000.0,105000.0,105000.0,105870.0,6
2026-09-22,ELDEHSG,ELDECO HSG & IND LTD.,783.0,790.0,771.05,780.0,781.9,365
2026-09-22,ELECON,ELECON ENG. CO. LTD,413.95,424.95,413.75,420.55,413.45,225275
2026-09-22,EMIL,ELECTRONICS MART IND LTD,191.28,195.03,190.21,192.61,191.28,1941463
2026-09-22,ELECTCAST,ELECTROSTEEL CASTINGS LTD,73.7,73.95,72.23,72.88,73.63,1213133
2026-09-22,ELECTHERM,ELECTROTHERM (I) LTD.,910.3,911.25,896.0,903.85,902.25,11398
2026-09-22,ELGIEQUIP,ELGI EQUIPMENTS LTD,612.85,623.9,607.65,608.95,612.2,306980
2026-09-22,ELGIRUBCO,ELGI RUBBER CO. LTD,60.97,60.97,59.22,59.77,59.86,7429
2026-09-22,ELIN,ELIN ELECTRONICS LIMITED,90.25,91.0,89.58,90.71,89.38,57844
2026-09-22,ELITECON,ELITECON INTERNATIONAL L,8.17,8.76,8.05,8.74,8.35,15398398
2026-09-22,ELLEN,ELLENBARRIE INDUS GASES L,375.9,382.6,342.9,357.1,373.45,1571584
2026-09-22,ELPROINTL,ELPRO INTERNATIONAL LTD,168.25,174.08,165.05,172.24,171.4,8639
2026-09-22,EMAMILTD,EMAMI LIMITED,384.9,392.0,380.55,390.0,380.6,1848450
2026-09-22,EMAMIREAL,EMAMI REALTY LIMITED,68.8,68.8,67.2,68.0,66.99,24259
2026-09-22,EMBDL,EMBASSY DEVELOPMENTS LTD,61.0,63.8,58.2,58.43,58.89,5822899
2026-09-22,EMCURE,EMCURE PHARMACEUTICALS L,2000.0,2010.3,1972.0,1975.0,2009.3,41985
2026-09-22,EMKAY,EMKAY GLOBAL FIN SERV LTD,253.0,277.0,253.0,264.55,255.0,101420
2026-09-22,EMMVEE,EMMVEE PHOTOVOLTAIC PWR L,343.0,346.8,338.3,339.75,340.6,1458115
2026-09-22,EMPIND,EMPIRE INDUSTRIES LTD.,1057.0,1060.5,1035.0,1038.1,1054.2,941
2026-09-22,EMPOWER,EMPOWER INDIA LTD.,2.16,2.25,2.16,2.16,2.27,13600179
2026-09-22,EMSLIMITED,EMS LIMITED,365.7,370.45,360.1,365.25,364.3,144550
2026-09-22,EMUDHRA,EMUDHRA LIMITED,664.0,681.6,639.9,649.25,662.0,1234222
2026-09-22,ENDURANCE,ENDURANCE TECHNO. LTD.,2756.4,2764.6,2687.8,2693.7,2756.4,47437
2026-09-22,ENERGYDEV,ENERGY DEVE. CO.LTD,14.9,14.99,14.52,14.54,14.57,17512
2026-09-22,ENGINERSIN,ENGINEERS INDIA LTD,286.7,304.95,281.5,302.55,285.25,23538487
2026-09-22,ENKEIWHEL,ENKEI WHEELS (INDIA) LTD.,394.95,407.3,391.2,395.2,388.2,630
2026-09-22,ENTERO,ENTERO HEALTHCARE SOLU L,1804.5,1865.1,1782.5,1841.8,1795.5,262292
2026-09-22,ENIL,ENTERTAIN NET. IND. LTD.,100.9,101.54,99.1,99.64,100.03,16506
2026-09-22,EIEL,ENVIRO INFRA ENGINEERS L,203.9,207.0,200.5,201.07,203.89,383292
2026-09-22,EPACK,EPACK DURABLE LIMITED,179.8,184.9,179.8,181.55,179.67,340700
2026-09-22,EPACKPEB,EPACK PREFAB TECHN LTD,242.5,252.0,241.0,250.34,241.57,1057801
2026-09-22,EPIGRAL,EPIGRAL LIMITED,1115.0,1125.0,1095.2,1100.9,1111.0,22809
2026-09-22,EPL,EPL LIMITED,241.1,241.1,234.95,236.65,239.65,1299475
2026-09-22,EQUITASBNK,EQUITAS SMALL FIN BNK LTD,73.11,73.95,71.69,72.91,72.43,1575361
2026-09-22,ERIS,ERIS LIFESCIENCES LIMITED,1295.5,1300.0,1263.6,1271.2,1295.3,50895
2026-09-22,ESABINDIA,ESAB INDIA LTD,5561.0,5799.0,5558.0,5654.5,5561.0,6061
2026-09-22,ESCORTS,ESCORTS KUBOTA LIMITED,2833.9,2848.3,2787.0,2793.6,2819.8,28639
2026-09-22,ESDS,ESDS SOFTWARE SOLUTION L,1724.85,1724.85,1724.85,1724.85,1642.75,158784
2026-09-22,ESSARSHPNG,ESSAR SHIPPING LTD,16.49,16.49,15.43,15.63,16.15,156754
2026-09-22,ESTER,ESTER INDUSTRIES LTD,87.17,88.4,86.45,87.11,87.17,24596
2026-09-22,ETERNAL,ETERNAL LIMITED,337.7,342.0,334.65,342.0,335.9,22276945
2026-09-22,ETHOSLTD,ETHOS LIMITED,2593.8,2638.5,2555.6,2613.3,2593.8,48788
2026-09-22,EUREKAFORB,EUREKA FORBES LIMITED,381.0,384.95,375.95,377.3,378.45,183218
2026-09-22,EUROBOND,EURO PANEL PRODUCTS LTD,154.0,157.0,151.15,153.1,153.34,2636
2026-09-22,EUROPRATIK,EURO PRATIK SALES LIMITED,224.0,229.0,217.0,218.45,224.0,260706
2026-09-22,EVEREADY,EVEREADY INDS. IND.  LTD.,325.0,331.0,321.0,329.05,321.85,91573
2026-09-22,EKC,EVEREST KANTO CYLINDERLTD,100.06,102.0,100.06,100.81,100.06,75429
2026-09-22,EXCELINDUS,EXCEL INDUSTRIES LTD,958.2,963.1,946.1,952.6,953.5,7504
2026-09-22,EXCELSOFT,EXCELSOFT TECHNOLOGIES L,80.6,83.85,80.6,82.85,81.83,921406
2026-09-22,EXICOM,EXICOM TELE SYSTEMS LTD,162.75,165.49,160.4,161.44,161.61,549513
2026-09-22,EXIDEIND,EXIDE INDUSTRIES LTD,434.5,438.5,427.5,429.7,434.5,1869658
2026-09-22,EXPLEOSOL,EXPLEO SOLUTIONS LIMITED,885.0,887.75,870.4,877.2,883.15,8135
2026-09-22,EXXARO,EXXARO TILES LIMITED,6.34,6.34,6.21,6.23,6.21,114586
2026-09-22,FABTECH,FABTECH TECHNOLOGIES LTD,148.92,150.4,145.5,147.02,147.23,67544
2026-09-22,FACT,FACT LTD,800.0,808.3,792.5,798.45,801.75,106175
2026-09-22,FAZE3Q,FAZE THREE LIMITED,428.15,438.4,416.2,422.85,427.9,37589
2026-09-22,FCSSOFT,FCS SOFTWARE SOLN. LTD.,1.41,1.41,1.37,1.38,1.4,1621095
2026-09-22,FDC,FDC LIMITED,363.4,363.4,355.0,356.5,362.4,77747
2026-09-22,FEDFINA,FEDBANK FINANCIAL SER L,152.7,154.2,150.0,152.14,151.74,923446
2026-09-22,FEDDERSHOL,FEDDERS HOLDING LTD.,65.0,72.77,59.37,64.8,61.49,51021947
2026-09-22,FEDERALBNK,FEDERAL BANK LTD,332.3,334.85,325.5,327.0,332.0,5612786
2026-09-22,FMGOETZE,FEDERAL-MOGUL GOETZE (IND,439.85,449.4,439.85,446.75,439.1,121636
2026-09-22,FERMENTA,FERMENTA BIOTECH LTD.,475.0,486.2,461.8,470.6,474.25,110202
2026-09-22,FIBERWEB,FIBERWEB INDIA LIMITED,26.27,26.48,25.56,26.14,26.27,7490
2026-09-22,FIEMIND,FIEM INDUSTRIES LIMITED,1910.8,1925.1,1895.5,1906.7,1901.1,46110
2026-09-22,FILATFASH,FILATEX FASHIONS LIMITED,0.18,0.18,0.17,0.17,0.17,11808473
2026-09-22,FILATEX,FILATEX INDIA LTD,102.88,105.75,99.43,101.07,102.2,7326971
2026-09-22,FINEORG,FINE ORGANIC IND. LTD.,5155.0,5198.5,5079.5,5159.5,5149.5,24450
2026-09-22,FCL,FINEOTEX CHEMICAL LIMITED,56.7,58.68,55.89,57.39,55.75,20804868
2026-09-22,FINKURVE,FINKURVE FINANCIAL SERV L,71.39,71.5,69.74,70.39,71.05,37846
2026-09-22,FINOPB,FINO PAYMENTS BANK LTD,135.2,136.89,131.4,133.02,134.82,152627
2026-09-22,FINCABLES,FINOLEX CABLES LTD,1409.9,1474.0,1404.3,1468.1,1399.7,1670261
2026-09-22,FINPIPE,FINOLEX INDUSTRIES LTD,153.1,154.56,152.1,152.94,152.16,206950
2026-09-22,FSL,FIRSTSOURCE SOLU. LTD.,270.3,274.8,268.3,269.5,269.45,407264
2026-09-22,FISCHER,FISCHER MEDICAL VENTURE L,33.23,34.01,32.68,32.95,32.87,7482910
2026-09-22,FIVESTAR,FIVE-STAR BUS FIN LTD,525.0,534.6,520.5,524.85,524.95,541837
2026-09-22,FLAIR,FLAIR WRITING INDUST LTD,239.0,244.19,234.0,241.29,238.8,122428
2026-09-22,FOODSIN,FOODS & INNS LIMITED,53.26,54.3,53.12,53.83,53.15,41389
2026-09-22,FORCEMOT,FORCE MOTORS LIMITED,17600.0,17600.0,17182.0,17275.0,17485.0,64656
2026-09-22,FORTIS,FORTIS HEALTHCARE LTD,894.2,908.8,892.35,896.55,893.5,808369
2026-09-22,FOSECOIND,FOSECO INDIA LTD,6649.0,6779.5,6500.0,6562.0,6643.0,19928
2026-09-22,FRACTAL,FRACTAL ANALYTICS LIMITED,767.0,775.0,756.05,761.4,760.9,225446
2026-09-22,FREDUN,FREDUN PHARMACEUTICALS L,1325.0,1409.9,1325.0,1382.6,1348.2,137800
2026-09-22,FRONTSP,FRONTIER SPRINGS LTD.,1182.5,1214.0,1150.5,1162.2,1173.5,13399
2026-09-22,NYKAA,FSN E COMMERCE VENTURES,335.0,337.65,330.3,333.55,336.0,1885771
2026-09-22,UTLSOLAR,FUJIYAMA POWER SYSTEMS L,418.05,435.9,418.05,434.6,422.05,217304
2026-09-22,FUSION,FUSION FINANCE LIMITED,185.4,187.25,181.98,183.6,184.67,233787
2026-09-22,FMNL,FUTURE MKT NETWORKS LTD,8.89,9.14,8.41,8.43,8.85,144674
2026-09-22,GMBREW,G M BREWERIES LTD,947.0,959.25,942.7,948.05,947.0,20472
2026-09-22,GRINFRA,G R INFRAPROJECTS LIMITED,820.2,828.0,793.6,805.15,824.85,67733
2026-09-22,GTECJAINX,G-TEC JAINX EDUCATION LTD,26.39,29.02,26.39,28.43,26.39,9492
2026-09-22,GABRIEL,GABRIEL INDIA LTD,1291.3,1495.0,1291.3,1471.4,1290.3,7891064
2026-09-22,GAIL,GAIL (INDIA) LTD,173.08,174.3,171.35,171.84,172.61,8361284
2026-09-22,GAJA,GAJA ALT ASSET MGT LTD,162.51,163.76,157.52,159.34,162.71,1914226
2026-09-22,GALAPREC,GALA PRECISION ENG LTD,1054.0,1088.8,1039.0,1058.0,1042.4,45642
2026-09-22,GALAXYSURF,GALAXY SURFACTANTS LTD,2200.0,2238.1,2169.0,2188.0,2188.5,27241
2026-09-22,GALLANTT,GALLANTT ISPAT LIMITED,554.8,581.45,540.15,545.7,546.85,516798
2026-09-22,GANDHAR,GANDHAR OIL REFINE IND L,269.0,271.65,266.3,269.05,267.65,380656
2026-09-22,GANDHITUBE,GANDHI SPL. TUBES LTD,909.0,1046.6,906.15,1003.2,909.3,315988
2026-09-22,GANESHCP,GANESH CONSUMER PRODUCT L,172.0,172.01,165.75,166.59,171.4,112408
2026-09-22,GANESHHOU,GANESH HOUSING LIMITED,743.9,750.0,735.0,736.8,742.45,15648
2026-09-22,GANECOS,GANESHA ECOSPHERE LIMITED,1003.7,1025.2,993.4,998.4,1008.2,43065
2026-09-22,GANGAFORGE,GANGA FORGING LIMITED,1.59,1.6,1.57,1.57,1.58,1700312
2026-09-22,GANGESSECU,GANGES SECURITIES LIMITED,114.28,116.9,114.2,115.04,114.2,67
2026-09-22,GRSE,GARDEN REACH SHIP&ENG LTD,2390.2,2459.2,2386.9,2399.7,2372.2,584333
2026-09-22,GARUDA,GARUDA CONSTRUCT N ENG L,175.5,182.8,175.5,181.56,176.77,617015
2026-09-22,GRWRHITECH,GARWARE HI-TECH FILMS LTD,6450.0,6502.0,6302.0,6366.5,6454.5,48819
2026-09-22,GARFIBRES,GARWARE TECH FIBRES LTD,801.0,806.9,794.95,800.45,800.45,29629
2026-09-22,GATEWAY,GATEWAY DISTRIPARKS LTD,52.98,52.98,52.05,52.28,52.51,691852
2026-09-22,GAUDIUMIVF,GAUDIUM IVF N WOMEN H L,112.01,114.1,109.25,111.35,112.25,281800
2026-09-22,GAYAHWS,GAYATRI HIGHWAYS LIMITED,1.9,1.94,1.86,1.9,1.9,98199
2026-09-22,GAYAPROJ,GAYATRI PROJECTS LTD,24.84,24.85,23.5,23.68,24.59,799991
2026-09-22,GVPIL,GE POWER INDIA LIMITED,698.0,711.9,670.1,673.1,688.9,312168
2026-09-22,GVT&D,GE VERNOVA T&D INDIA LTD,4420.0,4513.5,4348.0,4348.0,4366.1,545018
2026-09-22,GEEKAYWIRE,GEEKAY WIRES LIMITED,31.5,33.5,30.5,32.73,30.9,517452
2026-09-22,GEMAROMA,GEM AROMATICS LIMITED,150.58,157.59,150.45,153.72,150.58,62073
2026-09-22,GICRE,GENERAL INS CORP OF INDIA,346.3,348.4,340.3,341.2,346.2,451093
2026-09-22,GENCON,GENERIC ENG CONS PROJ LTD,41.24,41.24,39.25,39.84,40.54,261394
2026-09-22,GENESYS,GENESYS INTL CORPN LTD,282.0,286.98,273.5,280.1,279.09,482544
2026-09-22,GENUSPAPER,GENUS P&B LIMITED,11.5,11.5,11.25,11.28,11.49,21443
2026-09-22,GENUSPOWER,GENUS POWER INFRASTRU LTD,312.5,313.9,308.6,309.45,310.9,883342
2026-09-22,GEOJITFSL,GEOJIT FINANCIAL SER L,81.57,82.69,80.36,80.64,81.94,209758
2026-09-22,GFLLIMITED,GFL LIMITED,57.0,58.49,56.65,56.95,57.0,38366
2026-09-22,GHCL,GHCL LIMITED,421.85,425.95,419.1,420.3,421.55,117521
2026-09-22,GHCLTEXTIL,GHCL TEXTILES LIMITED,132.1,137.36,130.11,133.92,129.52,664643
2026-09-22,GICHSGFIN,GIC HOUSING FINANCE LTD,139.9,142.98,138.6,138.86,139.28,47067
2026-09-22,GILLANDERS,GILLANDERS ARBUTHNOT LTD,106.0,106.0,102.91,105.0,107.03,2693
2026-09-22,GILLETTE,GILLETTE INDIA LTD,7045.0,7060.5,6988.0,7009.0,7048.0,18255
2026-09-22,GKENERGY,GK ENERGY LIMITED,128.36,130.5,127.1,127.77,126.59,753442
2026-09-22,GKB,GKB OPHTHALMICS LTD.,69.11,76.02,67.11,68.37,69.11,86152
2026-09-22,GKWLIMITED,GKW LIMITED,1572.7,1619.6,1560.0,1565.4,1571.4,211
2026-09-22,GLAND,GLAND PHARMA LIMITED,2944.9,2968.4,2900.0,2916.6,2940.2,124161
2026-09-22,GLASSWALL,GLASS WALL SYSTEM (I) LTD,304.15,317.9,296.1,309.29,295.21,70304720
2026-09-22,GLAXO,GLAXOSMITHKLINE PHARMA LT,2862.7,2880.9,2840.0,2873.6,2862.9,37100
2026-09-22,GLENMARK,GLENMARK PHARMACEUTICALS,2460.4,2472.0,2443.0,2461.4,2450.0,402355
2026-09-22,GLOBAL,GLOBAL EDUCATION LIMITED,130.4,133.5,127.58,132.23,130.6,214321
2026-09-22,MEDANTA,GLOBAL HEALTH LIMITED,1508.1,1516.0,1483.6,1487.8,1508.1,144659
2026-09-22,GSLSU,GLOBAL SURFACES LIMITED,30.09,30.91,29.84,30.91,29.44,112033
2026-09-22,GLOBALVECT,GLOBAL VEC HELICORP LTD,134.95,137.79,132.9,133.41,133.56,5110
2026-09-22,GLOBALE,GLOBALE TESSILE LIMITED,11.38,11.43,10.75,11.15,11.16,1219
2026-09-22,GLOBECIVIL,GLOBE CIVIL PROJECTS LTD,42.87,43.99,42.02,43.66,42.14,25572
2026-09-22,GLOBE,GLOBE ENTERPRISE (I) LTD,2.25,2.33,2.19,2.22,2.25,1261268
2026-09-22,GLOBUSSPR,GLOBUS SPIRITS LTD,830.8,833.9,819.0,821.3,830.8,48747
2026-09-22,GLOSTERLTD,GLOSTER LIMITED,588.0,588.0,563.1,572.15,578.5,393
2026-09-22,GLOTTIS,GLOTTIS LIMITED,57.99,58.5,57.01,57.41,57.76,12647
2026-09-22,GMMPFAUDLR,GMM PFAUDLER LIMITED,1511.0,1516.2,1440.3,1462.3,1507.2,327918
2026-09-22,GMRAIRPORT,GMR AIRPORTS LIMITED,98.99,99.5,97.69,98.35,98.7,8095151
2026-09-22,GMRP&UI,GMR POW AND URBAN INFRA L,92.25,97.2,92.25,95.26,92.43,2027140
2026-09-22,GNA,GNA AXLES LIMITED,567.95,567.95,553.3,561.65,564.85,152556
2026-09-22,EBGNG,GNG ELECTRONICS LIMITED,695.0,710.0,684.1,692.3,690.45,676693
2026-09-22,GODIGIT,GO DIGIT GENERAL INS LTD,241.45,243.6,237.15,241.85,241.45,1511491
2026-09-22,GOCOLORS,GO FASHION INDIA LTD,306.1,310.8,305.9,307.9,306.7,31470
2026-09-22,GOACARBON,GOA CARBON LIMITED,389.2,396.35,383.95,386.9,389.1,24946
2026-09-22,GOCLCORP,GOCL CORPORATION LIMITED,421.65,424.0,406.35,411.05,453.45,374867
2026-09-22,GODAVARIB,GODAVARI BIOREFINERIES L,244.2,244.9,241.01,243.4,242.47,38955
2026-09-22,GPIL,GODAWARI POW & ISP LTD,239.0,239.0,232.2,232.89,236.8,1398629
2026-09-22,GODFRYPHLP,GODFREY PHILLIPS INDIA LT,1989.9,1997.1,1967.0,1970.0,1980.0,96350
2026-09-22,GODREJAGRO,GODREJ AGROVET LIMITED,660.7,667.35,650.1,653.9,660.65,81790
2026-09-22,GODREJCP,GODREJ CONSUMER PRODUCTS,869.8,878.8,864.2,873.6,867.5,483682
2026-09-22,GODREJIND,GODREJ INDUSTRIES LTD,1101.7,1111.0,1090.6,1099.6,1101.7,35951
2026-09-22,GODREJPROP,GODREJ PROPERTIES LTD,1710.0,1732.0,1690.2,1699.5,1696.9,473583
2026-09-22,GOKEX,GOKALDAS EXPORTS LTD.,695.0,714.0,690.0,695.05,694.7,353650
2026-09-22,GOKULAGRO,GOKUL AGRO RESOURCES LTD,221.97,223.81,220.1,221.15,221.16,158912
2026-09-22,GOKUL,GOKUL REFOILS & SOLV LTD,39.7,40.65,39.61,40.4,39.56,147335
2026-09-22,GOLDIAM,GOLDIAM INTERNATIONAL LTD,324.0,326.55,318.65,319.8,323.35,381738
2026-09-22,GOODLUCK,GOODLUCK INDIA LIMITED,525.9,541.25,523.0,538.05,523.9,827953
2026-09-22,GOODYEAR,GOODYEAR INDIA LIMITED,708.9,714.2,700.6,706.25,708.2,3588
2026-09-22,GOPAL,GOPAL SNACKS LIMITED,258.4,259.65,255.3,258.35,257.05,35086
2026-09-22,GOYALALUM,GOYAL ALUMINIUMS LIMITED,6.29,6.29,5.9,5.97,6.09,70853
2026-09-22,GPTHEALTH,GPT HEALTHCARE LIMITED,163.99,166.78,162.0,162.79,165.32,60740
2026-09-22,GPTINFRA,GPT INFRAPROJECTS LTD,117.6,119.5,117.5,118.16,118.42,152627
2026-09-22,GRANDOAK,GRAND OAK CANYONS DIST L,34.69,34.69,32.76,33.6,33.07,2503
2026-09-22,GRANULES,GRANULES INDIA LIMITED,876.0,876.6,853.9,864.05,875.15,640982
2026-09-22,GRAPHITE,GRAPHITE INDIA LTD,819.9,832.65,811.0,827.75,812.8,1332319
2026-09-22,GRASIM,GRASIM INDUSTRIES LTD,3171.0,3180.8,3125.0,3128.2,3166.0,692941
2026-09-22,GRAUWEIL,GRAUER & WEIL IND LTD,85.17,86.43,82.9,83.24,85.34,476150
2026-09-22,GRAVITA,GRAVITA INDIA LIMITED,1585.1,1596.6,1560.0,1564.9,1580.0,198743
2026-09-22,GREAVESCOT,GREAVES COTTON LTD.,198.99,205.7,198.06,199.67,198.58,2267387
2026-09-22,GREENLAM,GREENLAM INDUSTRIES LTD.,229.9,234.99,225.0,226.17,228.76,22030
2026-09-22,GREENPANEL,GREENPANEL INDUSTRIES LTD,168.27,176.54,168.27,170.18,165.45,857586
2026-09-22,GREENPLY,GREENPLY INDUSTRIES LTD,290.95,297.7,289.05,296.65,289.9,295075
2026-09-22,GCSL,GRETEX CORPORATE SERVICES,639.8,645.25,617.05,639.2,635.1,789628
2026-09-22,GRINDWELL,GRINDWELL NORTON LIMITED,1985.0,2018.0,1933.0,1941.9,1966.8,57640
2026-09-22,GRMOVER,GRM OVERSEAS LIMITED,82.43,82.65,80.11,80.59,82.43,1070563
2026-09-22,CEMNTGROWW,GROWWAMC - CEMNTGROWW,13.89,14.35,13.89,14.3,14.25,30136
2026-09-22,GROWWCAPM,GROWWAMC - GROWWCAPM,11.14,11.19,11.11,11.16,11.14,252556
2026-09-22,GROWWCHEM,GROWWAMC - GROWWCHEM,29.0,29.7,29.0,29.27,29.33,22198
2026-09-22,GROWWDEFNC,GROWWAMC - GROWWDEFNC,94.02,95.32,93.74,94.27,94.02,116798
2026-09-22,GROWWEV,GROWWAMC - GROWWEV,31.8,31.92,31.29,31.41,31.79,243425
2026-09-22,GROWWGOLD,GROWWAMC - GROWWGOLD,14.8,14.86,14.68,14.75,14.83,2180086
2026-09-22,GROWWHOSPI,GROWWAMC - GROWWHOSPI,53.16,53.29,52.57,52.85,53.07,162188
2026-09-22,GROWWLIQID,GROWWAMC - GROWWLIQID,110.84,110.85,110.84,110.84,110.83,320946
2026-09-22,GROWWLOVOL,GROWWAMC - GROWWLOVOL,10.32,10.32,10.04,10.18,10.14,10850
2026-09-22,GROWWMC150,GROWWAMC - GROWWMC150,230.67,230.73,226.42,227.56,230.34,4199
2026-09-22,GROWWMETAL,GROWWAMC - GROWWMETAL,12.6,12.6,12.27,12.36,12.4,127942
2026-09-22,GROWWMOM50,GROWWAMC - GROWWMOM50,10.99,11.01,10.83,10.88,10.94,38960
2026-09-22,GROWWN200,GROWWAMC - GROWWN200,11.2,11.2,11.01,11.05,11.15,44483
2026-09-22,GROWWNET,GROWWAMC - GROWWNET,11.05,11.2,10.89,11.11,11.0,793359
2026-09-22,GROWWNIFTY,GROWWAMC - GROWWNIFTY,9.73,9.73,9.43,9.47,9.5,583316
2026-09-22,GROWWNXT50,GROWWAMC - GROWWNXT50,73.04,73.04,71.23,71.52,72.32,7901
2026-09-22,GROWWPOWER,GROWWAMC - GROWWPOWER,11.44,11.44,11.12,11.17,11.22,1157658
2026-09-22,GROWWPSE,GROWWAMC - GROWWPSE,98.0,98.0,96.37,96.99,97.31,1892
2026-09-22,GROWWPSUBK,GROWWAMC - GROWWPSUBK,83.64,84.58,82.5,82.64,83.64,5789
2026-09-22,GROWWRAIL,GROWWAMC - GROWWRAIL,27.46,27.46,27.05,27.16,27.32,278757
2026-09-22,GROWWRLTY,GROWWAMC - GROWWRLTY,9.69,9.7,9.36,9.56,9.55,215291
2026-09-22,GROWWSC250,GROWWAMC - GROWWSC250,10.63,10.63,10.51,10.54,10.56,68472
2026-09-22,GROWWSLVR,GROWWAMC - GROWWSLVR,22.65,22.8,22.39,22.56,22.76,1392509
2026-09-22,PVTBKGROWW,GROWWAMC - PVTBKGROWW,27.95,27.95,27.3,27.39,27.6,14442
2026-09-22,SMALLGROWW,GROWWAMC - SMALLGROWW,49.1,49.38,48.62,48.84,48.91,8360
2026-09-22,GRPLTD,GRP LIMITED,1970.7,2003.9,1969.0,2000.0,1992.7,1422
2026-09-22,GSPCROP,GSP CROP SCIENCE LIMITED,493.8,493.8,482.55,484.9,490.9,238074
2026-09-22,GSS,GSS INFOTECH LIMITED,11.17,11.17,10.36,10.54,10.82,36992
2026-09-22,GTLINFRA,GTL INFRA.LTD,1.13,1.14,1.11,1.12,1.13,30228187
2026-09-22,GTL,GTL LTD,7.04,7.09,6.81,6.99,7.04,191858
2026-09-22,GTPL,GTPL HATHWAY LIMITED,55.88,55.88,54.6,55.06,55.06,23773
2026-09-22,GUFICBIO,GUFIC BIOSCIENCES LTD.,440.4,449.0,434.55,442.15,435.65,61868
2026-09-22,GIPCL,GUJ IND POW CO. LTD,190.3,191.56,186.2,186.92,189.36,258472
2026-09-22,GNFC,GUJ NAR VAL FER & CHEM L,592.1,615.85,589.3,598.7,589.9,2063093
2026-09-22,GSFC,GUJ STATE FERT & CHEM LTD,151.36,153.8,151.0,152.19,150.75,626935
2026-09-22,GUJAPOLLO,GUJ. APOLLO IND. LTD.,346.9,349.0,336.1,337.4,344.2,7101
2026-09-22,GUJALKALI,GUJARAT ALKALIES & CHEM,628.0,635.95,617.05,626.55,629.5,78981
2026-09-22,GAEL,GUJARAT AMBUJA EXPORTS LT,161.8,162.13,156.15,157.08,161.25,475136
2026-09-22,GUJENERGY,GUJARAT ENERGY LIMITED,239.89,239.89,229.5,230.4,238.52,2054302
2026-09-22,FLUOROCHEM,GUJARAT FLUOROCHEM LTD,4582.9,4590.0,4478.3,4487.2,4560.0,47912
2026-09-22,GKSL,GUJARAT KIDNEY N SUP SP L,184.99,185.21,173.01,175.17,183.21,2252924
2026-09-22,GLFL,GUJARAT LEASE FINANCING L,5.24,5.24,4.97,5.09,5.19,1446
2026-09-22,GMDCLTD,GUJARAT MINERAL DEV CORP,562.2,565.95,557.0,563.65,557.9,726787
2026-09-22,GNRL,GUJARAT NATURAL RES L,99.1,100.2,96.3,98.42,97.17,735614
2026-09-22,GPPL,GUJARAT PIPAVAV PORT LTD,165.9,166.95,163.6,164.41,164.99,819136
2026-09-22,GUJRAFFIA,GUJARAT RAFFIA INDUST LTD,40.01,40.98,39.05,39.21,40.33,1636
2026-09-22,GUJTHEM,GUJARAT THEMIS BIOSYN LTD,414.95,416.95,408.0,411.65,413.7,245616
2026-09-22,GULFOILLUB,GULF OIL LUB. IND. LTD.,1058.6,1065.3,1046.0,1050.9,1058.4,23913
2026-09-22,GULPOLY,GULSHAN POLYOLS LIMITED,169.52,173.99,169.52,173.1,169.52,131794
2026-09-22,GYFTR,GYFTR LIMITED,171.58,171.58,167.0,168.5,169.95,33108
2026-09-22,HBESD,H B ESTATE DEVELOPERS L,71.51,74.9,66.5,70.52,73.0,720
2026-09-22,HGINFRA,H.G.INFRA ENGINEERING LTD,442.65,452.4,440.05,444.45,442.65,70448
2026-09-22,HALDER,HALDER VENTURE LIMITED,296.9,296.9,273.7,277.3,283.5,26279
2026-09-22,HALEOSLABS,HALEOS LABS LIMITED,1485.0,1539.4,1485.0,1500.0,1487.6,339
2026-09-22,HAMPTON,HAMPTON SKY REALTY LTD.,8.22,8.22,7.9,8.17,8.04,8908
2026-09-22,HGM,HANDSON GBL MNGMNT LTD,47.5,48.5,40.0,42.66,46.46,66926
2026-09-22,HAPPSTMNDS,HAPPIEST MINDS TECHNO LTD,319.0,320.15,311.6,313.4,317.8,879998
2026-09-22,HAPPYFORGE,HAPPY FORGINGS LIMITED,2109.1,2124.4,2076.1,2108.5,2109.1,99354
2026-09-22,HARDWYN,HARDWYN INDIA LIMITED,9.2,9.24,9.03,9.09,9.15,289352
2026-09-22,HARIOMPIPE,HARIOM PIPE INDUSTRIES L,363.8,374.0,358.5,361.85,358.85,127395
2026-09-22,HRYNSHP,HARIYANA SHIP BREAKERS L,92.01,100.95,92.01,99.85,99.99,332
2026-09-22,HARRMALAYA,HARRISON MALAYALAM LTD,181.87,181.87,176.1,176.66,178.18,4078
2026-09-22,HARSHA,HARSHA ENGINEERS INT LTD,472.55,475.0,461.35,465.1,467.9,187169
2026-09-22,HATHWAY,HATHWAY CABLE & DATACOM,9.95,10.08,9.95,9.99,9.97,1017873
2026-09-22,HATSUN,HATSUN AGRO PRODUCT LTD.,1130.0,1180.9,1128.0,1168.0,1130.7,47379
2026-09-22,HAVELLS,HAVELLS INDIA LIMITED,1103.6,1109.4,1086.0,1088.9,1103.1,252772
2026-09-22,HAWKINCOOK,HAWKINS COOKERS LTD,8200.0,8259.5,7951.0,8009.5,8166.0,4227
2026-09-22,HAZOOR,HAZOOR MULTI PROJECTS LTD,19.0,19.94,18.81,19.11,19.11,430931
2026-09-22,HBPOR,HB PORTFOLIO LTD.,61.5,62.1,55.01,61.99,61.79,204
2026-09-22,HBSL,HB STOCKHOLDINGS LIMITED,53.0,54.5,53.0,54.45,53.25,6255
2026-09-22,HBLENGINE,HBL ENGINEERING LTD,751.0,778.0,746.0,767.15,749.85,1613557
2026-09-22,HCL-INSYS,HCL INFOSYSTEMS LTD,10.69,11.24,10.69,10.79,10.7,531935
2026-09-22,HCLTECH,HCL TECHNOLOGIES LTD,1280.0,1286.1,1240.3,1270.4,1281.0,2680986
2026-09-22,HDBFS,HDB FINANCIAL SERVICES L,680.95,684.1,672.75,674.55,680.95,153222
2026-09-22,HDFCAMC,HDFC AMC LIMITED,2438.2,2451.8,2414.1,2430.0,2440.0,481994
2026-09-22,HDFCBANK,HDFC BANK LTD,738.85,749.3,738.6,738.6,739.5,35483669
2026-09-22,HDFCGOLD,HDFC GOLD ETF,129.53,129.92,128.47,129.26,129.83,3410806
2026-09-22,HDFCLIFE,HDFC LIFE INS CO LTD,560.55,567.4,559.05,559.2,559.4,1788405
2026-09-22,HDFCBSE500,HDFCAMC - HDFCBSE500,37.08,37.09,36.63,36.79,36.93,1159363
2026-09-22,HDFCGROWTH,HDFCAMC - HDFCGROWTH,114.81,114.82,114.01,114.34,114.73,14004
2026-09-22,HDFCLIQUID,HDFCAMC - HDFCLIQUID,1078.9,1078.92,1078.9,1078.92,1078.77,27281
2026-09-22,HDFCLOWVOL,HDFCAMC - HDFCLOWVOL,20.29,20.29,19.91,19.96,20.04,3253
2026-09-22,HDFCMID150,HDFCAMC - HDFCMID150,23.25,23.25,23.05,23.16,23.11,498977
2026-09-22,HDFCMOMENT,HDFCAMC - HDFCMOMENT,30.79,30.83,30.5,30.69,30.64,198472
2026-09-22,HDFCNEXT50,HDFCAMC - HDFCNEXT50,73.99,74.07,73.54,73.66,73.84,99490
2026-09-22,HDFCNIF100,HDFCAMC - HDFCNIF100,25.53,25.53,25.21,25.31,25.41,66513
2026-09-22,HDFCNIFBAN,HDFCAMC - HDFCNIFBAN,58.4,58.4,57.84,58.03,58.17,45977
2026-09-22,HDFCNIFIT,HDFCAMC - HDFCNIFIT,31.55,31.55,30.35,30.49,30.93,1173850
2026-09-22,HDFCNIFTY,HDFCAMC - HDFCNIFTY,271.4,271.4,263.1,263.97,264.79,131748
2026-09-22,HDFCNIMEG,HDFCAMC - HDFCNIMEG,130.17,130.46,129.12,129.68,129.91,2207
2026-09-22,HDFCPVTBAN,HDFCAMC - HDFCPVTBAN,27.87,28.06,27.82,27.88,27.87,46295
2026-09-22,HDFCQUAL,HDFCAMC - HDFCQUAL,55.82,57.1,55.82,56.82,57.26,15973
2026-09-22,HDFCSENSEX,HDFCAMC - HDFCSENSEX,87.17,87.17,84.51,84.8,85.05,33409
2026-09-22,HDFCSILVER,HDFCAMC - HDFCSILVER,222.05,222.22,218.18,220.07,222.04,3187602
2026-09-22,HDFCSML250,HDFCAMC - HDFCSML250,183.0,186.43,182.2,183.98,184.23,981864
2026-09-22,HDFCVALUE,HDFCAMC - HDFCVALUE,122.4,122.5,121.14,121.26,122.33,8667
2026-09-22,HDFCPSUBK,HDFCAMC HDFCPSUBK,84.28,84.29,83.19,83.44,84.02,15620
2026-09-22,HEADSUP,HEADS UP VENTURES LIMITED,6.89,6.91,6.66,6.77,6.91,3446
2026-09-22,HEALTHX,HEALTH X PLATFORM LIMITED,297.0,303.0,287.0,289.4,297.0,8261
2026-09-22,HCG,HEALTHCARE GLOB. ENT. LTD,701.35,715.7,696.85,713.1,701.35,99348
2026-09-22,HECPROJECT,HEC INFRA PROJECTS LTD,117.26,118.95,114.1,115.68,118.1,11252
2026-09-22,HEGAM,HEG ADVANCED MATERIAL LTD,247.0,248.0,229.5,232.9,248.5,1096045
2026-09-22,HEIDELBERG,HEIDELBERGCEMENT (I) LTD,141.7,142.98,140.44,141.13,141.67,69280
2026-09-22,HEMIPROP,HEMISPHERE PROP IND LTD,120.02,121.54,118.55,119.16,120.02,326039
2026-09-22,HERANBA,HERANBA INDUSTRIES LTD,169.75,169.85,165.0,166.47,167.08,19818
2026-09-22,HERITGFOOD,HERITAGE FOODS LTD,422.4,426.2,412.8,414.7,421.5,234231
2026-09-22,HEROMOTOCO,HERO MOTOCORP LIMITED,5424.0,5443.0,5368.0,5373.0,5419.0,542248
2026-09-22,HESTERBIO,HESTER BIOSCIENCES LTD,2184.8,2235.9,2166.1,2178.7,2188.8,1267
2026-09-22,HEXATRADEX,HEXA TRADEX LIMITED,160.9,160.9,157.1,158.81,159.84,601
2026-09-22,HEXT,HEXAWARE TECHNOLOGIES LTD,513.1,515.6,503.0,504.2,515.25,274878
2026-09-22,HITECH,HI-TECH PIPES LIMITED,74.96,75.85,74.0,74.62,74.96,499235
2026-09-22,HILINFRA,HIGHWAY INFRASTRUCTURE L,44.3,44.3,43.02,43.26,43.37,33250
2026-09-22,HIKAL,HIKAL LIMITED,229.5,234.0,225.2,227.0,229.15,736129
2026-09-22,HILTON,HILTON METAL FORGING LTD,17.0,17.0,16.46,16.59,16.44,157941
2026-09-22,HSCL,HIMADRI SPECIALITY CHEM L,676.35,678.7,668.05,669.45,676.45,2081157
2026-09-22,HIMATSEIDE,HIMATSINGKA SEIDE LTD,63.25,64.0,61.09,63.21,62.76,1370385
2026-09-22,HINDALUMI,HIND ALUMINIUM INDS. LTD.,94.0,96.5,91.25,94.08,93.26,1945
2026-09-22,HINDALCO,HINDALCO  INDUSTRIES  LTD,987.0,987.5,967.1,973.0,981.2,3336085
2026-09-22,HINDCON,HINDCON CHEMICALS LIMITED,24.37,25.5,24.37,24.73,24.44,59407
2026-09-22,HPIL,HINDPRAKASH INDUSTRY LTD,120.0,120.01,115.01,118.71,119.1,397
2026-09-22,HGS,HINDUJA GLOBAL SOLS. LTD.,376.1,386.15,376.1,379.65,377.8,11133
2026-09-22,HINDADH,HINDUSTAN ADHESIVES LTD.,391.9,391.9,375.25,384.45,383.9,2862
2026-09-22,HAL,HINDUSTAN AERONAUTICS LTD,4834.8,4879.5,4776.2,4800.0,4826.0,548249
2026-09-22,HINDCOMPOS,HINDUSTAN COMPOSITES LTD.,380.5,383.75,371.5,376.55,379.25,2234
2026-09-22,HCC,HINDUSTAN CONSTRUCTION CO,21.84,22.31,21.61,21.67,21.83,14710707
2026-09-22,HINDCOPPER,HINDUSTAN COPPER LTD,510.05,521.7,507.1,508.2,503.95,7778716
2026-09-22,HNDFDS,HINDUSTAN FOODS LIMITED,617.75,625.9,613.05,622.15,617.75,41151
2026-09-22,HINDOILEXP,HINDUSTAN OIL EXPLORATION,176.5,177.48,174.0,174.83,176.63,370465
2026-09-22,HINDPETRO,HINDUSTAN PETROLEUM CORP,359.2,365.2,354.7,360.7,357.6,5830757
2026-09-22,HINDUNILVR,HINDUSTAN UNILEVER LTD.,1952.0,1956.8,1933.8,1933.8,1947.0,1023040
2026-09-22,HINDZINC,HINDUSTAN ZINC LIMITED,591.8,599.95,590.15,590.5,591.8,3894528
2026-09-22,HINDWAREAP,HINDWARE HME INOVATON LTD,175.0,178.69,174.0,174.77,176.57,41766
2026-09-22,HIRECT,HIRECT LIMITED,1249.9,1295.9,1235.0,1242.2,1241.2,51959
2026-09-22,HISARMETAL,HISAR METAL IND. LIMITED,158.0,162.69,155.35,156.05,159.02,1158
2026-09-22,POWERINDIA,HITACHI ENERGY INDIA LTD,32170.0,32550.0,31195.0,31415.0,31870.0,89147
2026-09-22,HLEGLAS,HLE GLASCOAT LIMITED,479.9,483.4,445.75,445.75,469.2,431598
2026-09-22,HLVLTD,HLV LIMITED,6.7,6.74,6.29,6.4,6.73,546868
2026-09-22,HMAAGRO,HMA AGRO INDUSTRIES LTD,24.41,24.41,23.36,23.72,23.95,2088829
2026-09-22,HOMEFIRST,HOME FIRST FIN CO IND LTD,1255.0,1255.0,1190.0,1212.5,1257.7,308917
2026-09-22,HONASA,HONASA CONSUMER LIMITED,474.0,476.6,472.0,473.65,473.6,463681
2026-09-22,HONDAPOWER,HONDA I POWER PRODUCT LTD,1920.6,1938.0,1910.0,1916.5,1920.6,1669
2026-09-22,HONAUT,HONEYWELL AUTOMATION IND,34685.0,34890.0,33950.0,34025.0,34685.0,2713
2026-09-22,HORIZONIND,HORIZON INDUSTRIAL PRKS L,52.74,53.5,52.02,52.76,52.74,4274349
2026-09-22,HPAL,HP ADHESIVES LIMITED,36.65,36.65,35.26,35.39,35.93,27400
2026-09-22,HPL,HPL ELECTRIC & POWER LTD,283.3,291.45,278.2,279.85,283.15,102152
2026-09-22,HSBCGOLD,HSBCAMC - HSBCGOLD,131.74,133.0,130.51,131.14,131.63,4741
2026-09-22,HUDCO,HSG & URBAN DEV CORPN LTD,173.5,174.49,171.99,172.4,173.23,970859
2026-09-22,HTMEDIA,HT MEDIA LIMITED,24.05,24.75,23.77,24.45,24.04,77379
2026-09-22,HUBTOWN,HUBTOWN LIMITED,175.73,179.25,175.06,175.61,175.73,225987
2026-09-22,HUHTAMAKI,HUHTAMAKI INDIA LIMITED,243.95,249.05,242.0,246.55,243.75,92529
2026-09-22,HTEL,HY-TECH ENGINEERS LIMITED,73.39,74.48,70.15,70.96,72.52,1699824
2026-09-22,HYUNDAI,HYUNDAI MOTOR INDIA LTD,2145.0,2152.8,2097.6,2101.0,2144.0,462118
2026-09-22,IGPL,I G PETROCHEMICALS LTD,585.0,585.0,558.7,563.4,576.75,65381
2026-09-22,ISTLTD,I S T LTD.,652.0,680.0,642.5,675.75,652.0,1091
2026-09-22,ICEMAKE,ICE MAKE REFRIGERAT LTD,693.0,709.0,689.9,702.1,693.7,14608
2026-09-22,ICICIBANK,ICICI BANK LTD.,1343.0,1347.2,1333.8,1339.6,1345.0,6433249
2026-09-22,ICICIGI,ICICI LOMBARD GIC LIMITED,1511.0,1513.8,1480.0,1480.0,1509.1,690497
2026-09-22,LOWVOLIETF,ICICI PR NIF LW VL 30 ETF,21.63,21.63,21.28,21.39,21.5,1337740
2026-09-22,ICICIPRULI,ICICI PRU LIFE INS CO LTD,495.9,497.9,486.05,486.65,493.0,517509
2026-09-22,MIDSELIETF,ICICI PRUD MIDCAP SEL ETF,19.78,19.78,19.6,19.65,19.7,430796
2026-09-22,NIF100IETF,ICICI PRUD NIFTY 100 ETF,27.39,27.59,26.95,27.25,27.5,81203
2026-09-22,NIFTYIETF,ICICI PRUD NIFTY ETF,266.6,266.6,262.5,265.42,266.09,315625
2026-09-22,SENSEXIETF,ICICI PRUD SENSEX ETF,875.0,875.0,856.51,860.49,863.3,4680
2026-09-22,ICICIAMC,ICICI PRUDENTIAL AMC LTD,3207.0,3216.1,3141.0,3151.2,3207.8,335076
2026-09-22,GOLDIETF,ICICI PRUDENTIAL GOLD ETF,130.0,130.11,128.7,129.42,130.01,6958253
2026-09-22,NV20IETF,ICICI PRUDENTIAL NV20 ETF,13.32,13.34,13.13,13.23,13.27,330687
2026-09-22,ICICIB22,ICICIPRAMC - BHARATIWIN,109.84,113.61,109.84,112.46,112.66,267853
2026-09-22,CASHIETF,ICICIPRAMC - CASHIETF,1080.54,1080.56,1080.54,1080.54,1080.39,130946
2026-09-22,EVIETF,ICICIPRAMC - EVIETF,31.9,31.97,31.6,31.69,31.87,137555
2026-09-22,GSEC10IETF,ICICIPRAMC - ICICI10GS,263.57,264.6,261.46,264.6,264.57,71
2026-09-22,BSE500IETF,ICICIPRAMC - ICICI500,38.78,38.88,38.6,38.7,38.78,1326306
2026-09-22,GSEC5IETF,ICICIPRAMC - ICICI5GSEC,66.15,66.32,65.67,66.09,65.77,21662
2026-09-22,ALPL30IETF,ICICIPRAMC - ICICIALPLV,27.25,27.33,26.99,27.03,27.25,243771
2026-09-22,AUTOIETF,ICICIPRAMC - ICICIAUTO,28.24,28.37,28.08,28.19,28.24,289352
2026-09-22,PVTBANIETF,ICICIPRAMC - ICICIBANKP,28.37,28.37,27.58,27.7,27.68,755688
2026-09-22,COMMOIETF,ICICIPRAMC - ICICICOMMO,97.96,98.98,97.11,97.67,97.49,103277
2026-09-22,CONSUMIETF,ICICIPRAMC - ICICICONSU,119.56,119.97,119.0,119.04,119.56,8207
2026-09-22,FMCGIETF,ICICIPRAMC - ICICIFMCG,50.84,50.85,49.1,49.19,49.6,737924
2026-09-22,INFRAIETF,ICICIPRAMC - ICICIINFRA,93.4,93.78,92.65,93.09,93.16,67131
2026-09-22,LIQUIDIETF,ICICIPRAMC - ICICILIQ,1000.0,1000.01,999.99,999.99,999.99,663727
2026-09-22,MIDCAPIETF,ICICIPRAMC - ICICIM150,23.66,23.85,23.48,23.54,23.63,714577
2026-09-22,MOM30IETF,ICICIPRAMC - ICICIMOM30,31.09,31.14,30.77,30.83,30.91,448767
2026-09-22,NEXT50IETF,ICICIPRAMC - ICICINXT50,76.35,76.6,75.71,75.87,76.35,364547
2026-09-22,HEALTHIETF,ICICIPRAMC - ICICIPHARM,173.01,173.8,171.0,171.77,172.96,125259
2026-09-22,QUAL30IETF,ICICIPRAMC - ICICIQTY30,20.42,20.43,20.28,20.37,20.51,41414
2026-09-22,SILVERIETF,ICICIPRAMC - ICICISILVE,232.25,232.29,228.11,230.18,232.0,3508319
2026-09-22,ITIETF,ICICIPRAMC - ICICITECH,32.13,32.19,31.58,31.82,32.13,583650
2026-09-22,INSUREIETF,ICICIPRAMC - INSUREIETF,15.44,16.0,15.09,15.17,15.22,427861
2026-09-22,BANKIETF,ICICIPRAMC - IPRU5008,57.3,58.25,57.3,57.86,58.02,126483
2026-09-22,METALIETF,ICICIPRAMC - METALIETF,13.18,13.18,13.01,13.05,13.05,3502799
2026-09-22,OILIETF,ICICIPRAMC - OILIETF,11.19,11.23,11.0,11.12,11.19,880678
2026-09-22,PSUBNKIETF,ICICIPRAMC - PSUBANKICI,84.5,84.69,83.55,83.66,84.2,30018
2026-09-22,SMALLIETF,ICICIPRAMC - SMALLIETF,18.47,18.47,18.25,18.34,18.38,43651
2026-09-22,TOP15IETF,ICICIPRAMC - TOP15IETF,9.55,9.57,9.43,9.45,9.52,284359
2026-09-22,VAL30IETF,ICICIPRAMC - VAL30IETF,14.96,14.96,14.8,14.84,14.84,161495
2026-09-22,FINIETF,ICICIPRAMC-ICICIFIN,32.28,32.33,31.9,32.0,32.19,139491
2026-09-22,ICRA,ICRA LIMITED,4558.0,4607.9,4552.0,4579.8,4545.7,64757
2026-09-22,IDBI,IDBI BANK LIMITED,83.25,84.0,82.7,82.88,83.06,4998773
2026-09-22,IDEAFORGE,IDEAFORGE TECHNO LTD,765.0,775.95,727.75,741.4,766.05,216245
2026-09-22,IDFCFIRSTB,IDFC FIRST BANK LIMITED,85.64,86.1,84.9,85.37,85.8,7198920
2026-09-22,IFBAGRO,IFB AGRO INDUSTRIES LTD,874.05,880.0,860.0,865.7,870.0,1783
2026-09-22,IFBIND,IFB INDUSTRIES LTD,1220.0,1238.0,1210.5,1213.1,1222.3,16131
2026-09-22,IFCI,IFCI LTD,74.45,77.08,73.91,75.94,74.25,67877909
2026-09-22,IFGLEXPOR,IFGL REFRACTORIES LIMITED,197.15,200.0,193.2,194.65,197.9,38262
2026-09-22,IGARASHI,IGARASHI MOTORS INDIA LTD,426.0,432.15,421.2,424.0,424.25,43387
2026-09-22,IIFLCAPS,IIFL CAPITAL SERVICES LTD,344.5,345.9,342.0,345.05,344.4,284144
2026-09-22,IIFL,IIFL FINANCE LIMITED,608.0,620.0,604.0,617.55,608.1,1734500
2026-09-22,IKIO,IKIO TECHNOLOGIES LIMITED,213.68,216.8,203.83,205.98,211.68,266100
2026-09-22,IVC,IL&FS INVESTMENT MANAGERS,7.83,7.99,7.72,7.78,7.83,153235
2026-09-22,IMAGICAA,IMAGICAAWORLD ENT LTD,53.05,54.1,52.03,52.4,52.87,462703
2026-09-22,INCREDIBLE,INCREDIBLE INDUSTRIES LTD,33.01,33.01,32.32,32.51,33.11,786
2026-09-22,IMPAL,IND MOTOR PART & ACC LTD,1084.0,1129.0,1071.0,1075.0,1077.2,1353
2026-09-22,INDSWFTLAB,IND SWIFT LABORATORIES LT,388.0,417.0,386.2,405.55,379.4,2018474
2026-09-22,INDTERRAIN,IND TERRAIN FASHIONS LTD,29.02,29.52,28.63,29.2,29.02,13764
2026-09-22,INDBANK,INDBANK MERCH BANK,25.7,25.95,25.5,25.65,25.47,14492
2026-09-22,BAJAJINDEF,INDEF MANUFACTURING LTD,216.1,222.89,214.1,219.02,214.81,124201
2026-09-22,INDGN,INDEGENE LIMITED,596.0,600.35,588.0,592.1,595.95,192223
2026-09-22,INDIAGLYCO,INDIA GLYCOLS LTD,257.8,258.5,252.0,253.6,255.8,284894
2026-09-22,INDNIPPON,INDIA NIPPON ELECT  LTD,1254.0,1276.0,1226.8,1237.0,1238.6,38127
2026-09-22,IPL,INDIA PESTICIDES LIMITED,135.8,135.9,133.2,133.47,134.43,173144
2026-09-22,INDIASHLTR,INDIA SHELTER FIN CORP L,680.0,681.15,660.7,662.15,674.6,48202
2026-09-22,ITDC,INDIA TOUR. DEV. CO. LTD.,651.95,723.7,651.0,705.75,651.95,3480946
2026-09-22,IBULLSLTD,INDIABULLS LIMITED,29.0,29.9,28.66,29.51,29.09,7641378
2026-09-22,INDIAMART,INDIAMART INTERMESH LTD,1635.0,1645.0,1630.0,1635.2,1631.4,39293
2026-09-22,INDIANB,INDIAN BANK,844.95,850.8,835.5,840.8,841.0,498899
2026-09-22,INDIANCARD,INDIAN CARD CLOTHING CO.,207.11,213.0,207.08,212.95,206.05,641
2026-09-22,IEX,INDIAN ENERGY EXC LTD,113.82,114.12,112.12,112.9,113.82,4454976
2026-09-22,INDIANHUME,INDIAN HUME PIPE CO. LTD.,364.0,377.0,359.0,367.9,362.95,61624
2026-09-22,IMFA,INDIAN METALS & FERRO,1240.0,1270.0,1238.0,1252.8,1238.0,76934
2026-09-22,IOC,INDIAN OIL CORP LTD,137.53,139.3,136.8,137.8,136.53,11156453
2026-09-22,IOB,INDIAN OVERSEAS BANK,32.06,32.2,31.85,31.92,32.06,1483150
2026-09-22,IRCTC,INDIAN RAIL TOUR CORP LTD,472.0,474.6,466.35,469.65,470.7,431674
2026-09-22,IRFC,INDIAN RAILWAY FIN CORP L,80.51,80.8,79.8,80.0,80.22,4813566
2026-09-22,IREDA,INDIAN RENEWABLE ENERGY,111.25,112.19,110.0,110.25,111.0,2673698
2026-09-22,IWP,INDIAN WOOD PRODUCTS CO L,34.18,34.5,33.66,34.47,33.84,2747
2026-09-22,INDIGOPNTS,INDIGO PAINTS LIMITED,1131.0,1149.9,1117.0,1142.0,1130.5,48417
2026-09-22,INDIQUBE,INDIQUBE SPACES LIMITED,190.81,192.29,183.85,187.96,188.34,67403
2026-09-22,INDOBORAX,INDO BORAX & CHEMICAL LTD,467.0,473.95,461.0,463.55,463.85,32044
2026-09-22,ICIL,INDO COUNT INDUSTRIES LTD,436.25,453.15,436.25,448.9,436.15,400281
2026-09-22,INDOFARM,INDO FARM EQUIPMENT LTD,142.0,144.29,139.0,139.9,143.36,84078
2026-09-22,INDORAMA,INDO RAMA SYNTHETICS LTD,106.18,112.3,102.26,103.57,106.55,4610713
2026-09-22,INDOTECH,INDO TECH TRANSFORM LTD.,3313.5,3359.9,3249.1,3279.0,3313.5,11936
2026-09-22,INDOTHAI,INDO THAI SEC LTD,34.0,34.79,32.38,32.38,34.08,1578498
2026-09-22,INDOUS,INDO US BIOTECH LTD,79.7,79.7,78.0,78.99,78.5,4002
2026-09-22,INDOMIM,INDO-MIM LIMITED,1155.0,1248.0,1146.65,1233.3,1161.45,8175941
2026-09-22,NIPPOBATRY,INDO-NATIONAL LIMITED,319.05,335.0,319.05,325.55,318.15,7961
2026-09-22,INDOCO,INDOCO REMEDIES LTD.,259.25,262.99,253.1,254.51,257.59,149543
2026-09-22,IGCL,INDOGULF CROPSCIENCES LTD,65.0,67.08,64.11,64.85,65.55,102898
2026-09-22,INDOKEM,INDOKEM LTD.,625.0,640.0,601.65,607.2,614.6,3087
2026-09-22,WAAREEINDO,INDOSOLAR LIMITED,256.95,267.25,251.0,254.45,255.1,366936
2026-09-22,INDOSTAR,INDOSTAR CAPITAL FIN LTD,234.55,237.37,230.0,231.58,235.45,35719
2026-09-22,INDOWIND,INDOWIND ENERGY LTD,9.06,9.14,8.85,9.0,8.92,84149
2026-09-22,IGL,INDRAPRASTHA GAS LTD,148.71,148.99,145.5,146.68,148.85,2535771
2026-09-22,INDRAMEDCO,INDRAPRASTHA MEDICAL CORP,369.5,369.65,357.0,360.95,365.95,148051
2026-09-22,INDUSTOWER,INDUS TOWERS LIMITED,377.65,382.1,373.65,382.1,377.65,3537704
2026-09-22,INDUSINDBK,INDUSIND BANK LIMITED,959.0,963.5,949.3,955.0,956.0,971946
2026-09-22,INDPRUD,INDUSTRIAL & PRU INV CO L,6273.0,6273.0,6271.0,6273.0,6295.5,21
2026-09-22,IITL,INDUSTRIAL INV TRUST LTD,142.78,163.0,140.16,143.4,143.02,93108
2026-09-22,NAUKRI,INFO EDGE (I) LTD,1296.0,1316.9,1291.9,1304.0,1296.4,1322215
2026-09-22,INFOBEAN,INFOBEANS TECHNO. LTD.,153.88,153.88,150.45,151.05,152.45,115367
2026-09-22,INFOMEDIA,INFOMEDIA PRESS LIMITED,5.65,5.65,5.16,5.34,5.48,10392
2026-09-22,INFY,INFOSYS LIMITED,1037.7,1041.0,1019.2,1029.4,1038.5,9341109
2026-09-22,INGERRAND,INGERSOLL-RAND INDIA LTD,4210.0,4249.0,4140.0,4146.7,4206.4,14361
2026-09-22,INNOVACAP,INNOVA CAPTAB LIMITED,1207.6,1237.9,1204.2,1226.7,1198.3,56049
2026-09-22,INNOVANA,INNOVANA THINKLABS LTD,307.0,307.9,291.05,295.3,304.5,44589
2026-09-22,INNOVISION,INNOVISION LIMITED,253.6,255.95,250.85,254.45,253.3,5564
2026-09-22,INOXGREEN,INOX GREEN ENERGY SER LTD,172.34,175.9,169.26,171.41,172.34,1945949
2026-09-22,INOXINDIA,INOX INDIA LIMITED,2130.7,2175.5,2097.7,2133.7,2089.2,376256
2026-09-22,INOXWIND,INOX WIND LIMITED,78.03,78.89,77.4,77.9,77.5,10089416
2026-09-22,INSECTICID,INSECTICIDES (I) LTD,598.95,616.85,596.5,611.6,598.95,37873
2026-09-22,INA,INSOLATION ENERGY LIMITED,91.05,95.9,91.05,92.56,90.72,755835
2026-09-22,INSPIRISYS,INSPIRISYS SOLUTIONS LTD,89.79,89.79,87.0,88.99,87.15,1156
2026-09-22,ESSENTIA,INTEGRA ESSENTIA LIMITED,1.03,1.07,1.02,1.04,1.02,3587816
2026-09-22,INTELLECT,INTELLECT DESIGN ARENA,660.5,664.65,644.95,647.75,659.1,466891
2026-09-22,INTENTECH,INTENSE TECHNOLOGIES LTD,81.0,85.88,79.0,81.35,81.26,38938
2026-09-22,INTERARCH,INTERARCH BLDNG SOLTN LTD,1715.0,1733.7,1692.0,1701.6,1709.4,32052
2026-09-22,INDIGO,INTERGLOBE AVIATION LTD,5000.0,5064.0,4943.0,5030.0,4941.0,873833
2026-09-22,INTLCONV,INTL CONVEYORS LIMITED,75.22,78.3,75.22,77.86,75.35,41166
2026-09-22,IGIL,INTL GEMOLOGICAL INST LTD,324.0,332.25,323.2,326.95,323.8,1036006
2026-09-22,ISFT,INTRASOFT TECH. LTD,93.98,108.24,91.65,104.02,92.09,385240
2026-09-22,INVENTURE,INVENTURE GRO & SEC LTD,0.89,0.91,0.89,0.89,0.89,1112088
2026-09-22,IKS,INVENTURUS KNOWLEDGE SO L,1771.7,1886.0,1771.3,1869.2,1782.8,486580
2026-09-22,IVZINGOLD,INVESCO INDIA GOLD ETF,132.0,132.1,130.65,131.55,132.05,47281
2026-09-22,IVZINNIFTY,INVESCO INDIA NIFTY ETF,269.7,269.7,267.61,268.0,268.95,102
2026-09-22,IOLCP,IOL CHEM AND PHARMA LTD,203.05,206.19,193.46,200.39,202.91,2518148
2026-09-22,IONEXCHANG,ION EXCHANGE (INDIA) LTD,432.25,442.95,422.9,429.8,432.25,197060
2026-09-22,IPRINGLTD,IP RINGS LTD.,137.0,138.99,132.0,135.95,140.42,2867
2026-09-22,IPCALAB,IPCA LABORATORIES LTD,2015.5,2037.0,1980.0,1992.4,2008.2,122345
2026-09-22,IRB,IRB INFRA DEV LTD.,18.1,18.27,17.93,17.98,18.1,16358591
2026-09-22,IRCON,IRCON INTERNATIONAL LTD,109.0,110.9,108.66,109.09,108.85,1704761
2026-09-22,IRISDOREME,IRIS CLOTHINGS LIMITED,64.81,68.0,63.2,66.24,64.81,2598455
2026-09-22,IRIS,IRIS REGTECH SOLUTION LTD,246.5,248.99,232.5,236.43,245.37,25387
2026-09-22,IRMENERGY,IRM ENERGY LIMITED,269.0,273.0,267.6,268.35,271.75,39213
2026-09-22,ISGEC,ISGEC HEAVY ENG LTD,851.4,859.4,835.0,840.75,852.85,64283
2026-09-22,ISHANCH,ISHAN DYES N CHEMICALS L,53.35,53.39,50.0,50.78,49.7,73746
2026-09-22,ITCHOTELS,ITC HOTELS LIMITED,157.0,159.78,157.0,158.6,155.86,1872495
2026-09-22,ITC,ITC LTD,267.9,268.25,264.75,265.8,267.0,7177847
2026-09-22,ITI,ITI LTD,255.35,257.8,252.8,253.25,255.25,182578
2026-09-22,ITL,ITL INDUSTRIES LTD.,367.35,369.9,361.1,365.75,363.9,1430
2026-09-22,IVALUE,IVALUE INFOSOLUTIONS LTD,224.79,229.8,221.22,225.48,221.33,165371
2026-09-22,IZMO,IZMO LIMITED,934.0,979.9,929.2,931.55,930.1,189787
2026-09-22,J&KBANK,J & K BANK LTD.,146.11,147.9,145.26,145.94,145.95,832954
2026-09-22,JGCHEM,J.G.CHEMICALS LIMITED,622.0,644.4,606.1,610.35,618.0,314170
2026-09-22,JAGRAN,JAGRAN PRAKASHAN LIMITED,62.9,62.94,62.01,62.44,62.53,109716
2026-09-22,JAGSNPHARM,JAGSONPAL PHARMACEUTICALS,226.81,230.09,224.1,225.68,226.81,29107
2026-09-22,JAIBALAJI,JAI BALAJI INDUSTRIES LTD,64.01,65.63,64.01,64.33,63.56,233054
2026-09-22,JAICORPLTD,JAI CORP LIMITED,95.05,96.39,92.9,94.25,95.02,287511
2026-09-22,JISLDVREQS,JAIN DVR EQUITY SHARES,21.49,21.49,20.4,20.53,21.0,37989
2026-09-22,JISLJALEQS,JAIN IRRIGATION SYSTEMS,31.09,31.34,28.85,28.93,30.96,7791317
2026-09-22,JAINREC,JAIN RESOURCE RECYCLING L,274.95,299.8,274.85,291.25,272.75,15629652
2026-09-22,JPPOWER,JAIPRAKASH POWER VEN. LTD,16.55,16.57,16.02,16.17,16.48,107197215
2026-09-22,JAMNAAUTO,JAMNA AUTO IND LTD,129.4,131.4,127.27,127.99,129.24,1646548
2026-09-22,JSFB,JANA SMALL FIN BANK LTD,535.0,549.85,532.0,533.7,531.3,1228918
2026-09-22,JARO,JARO INS OF TEC MG N RE L,474.85,483.2,457.3,460.4,474.85,80130
2026-09-22,JASH,JASH ENGINEERING LIMITED,583.0,603.0,576.35,584.75,575.9,2189614
2026-09-22,JAYBARMARU,JAY BHARAT MARUTI LTD,109.01,112.7,108.45,110.58,109.85,244474
2026-09-22,JAYAGROGN,JAYANT AGRO ORGANICS LTD,232.0,238.0,227.67,233.47,235.12,12637
2026-09-22,JAYNECOIND,JAYASWAL NECO INDUSTR LTD,91.74,92.1,89.81,90.28,91.6,1316788
2026-09-22,JAYKAY,JAYKAY ENTERPRISES LTD,189.0,194.99,186.46,189.5,187.56,1302037
2026-09-22,JAYSREETEA,JAYSHREE TEA & INDUSTRIES,90.3,90.81,88.5,88.75,90.26,19817
2026-09-22,JBMA,JBM AUTO LIMITED,592.0,606.95,591.0,593.15,592.05,324713
2026-09-22,JSLL,JEENA SIKHO LIFECARE LTD,507.1,530.75,507.1,515.4,508.1,504867
2026-09-22,JENBURPH,JENBURKT PHARMACEUTICAL L,997.5,997.7,949.8,957.2,979.6,2235
2026-09-22,JETFREIGHT,JET FREIGHT LOGISTICS LTD,22.3,22.82,21.11,22.15,21.47,571916
2026-09-22,JHS,JHS SVEND. LAB. LTD,8.54,8.88,8.2,8.34,8.54,83247
2026-09-22,RETAIL,JHS SVENDGAARD RETAIL V L,18.89,18.89,17.05,17.11,17.89,1490
2026-09-22,JPOLYINVST,JIND POL INV & FIN CO LTD,984.35,989.95,970.3,972.75,974.75,1503
2026-09-22,JINDRILL,JINDAL DRILLING IND. LTD,576.0,592.4,576.0,587.65,576.5,178381
2026-09-22,JINDALPHOT,JINDAL PHOTO LIMITED,1129.9,1129.9,1088.0,1097.2,1111.8,925
2026-09-22,JINDALPOLY,JINDAL POLY FILMS LIMITED,743.95,748.0,712.1,721.9,741.5,18243
2026-09-22,JINDALSAW,JINDAL SAW LIMITED,293.35,296.55,285.7,286.45,293.05,873761
2026-09-22,JSL,JINDAL STAINLESS LIMITED,749.0,750.1,738.5,743.45,751.45,890183
2026-09-22,JINDALSTEL,JINDAL STEEL LIMITED,1135.0,1147.5,1131.0,1141.0,1130.6,891592
2026-09-22,JINDWORLD,JINDAL WORLDWIDE LTD,50.46,53.5,49.7,52.22,49.81,15568112
2026-09-22,JKIPL,JINKUSHAL INDUSTRIES LTD,101.9,102.79,97.55,99.24,101.9,6931
2026-09-22,JIOFIN,JIO FIN SERVICES LTD,231.3,234.0,229.34,230.7,229.97,8586144
2026-09-22,NIFTYJBLK,JIOBLACKROCKAMC-NIFTYJBLK,12.28,12.28,11.95,11.99,11.99,50272
2026-09-22,JITFINFRA,JITF INFRALOGISTICS LTD,280.3,289.4,280.3,282.7,282.25,12947
2026-09-22,JKCEMENT,JK CEMENT LIMITED,5090.5,5175.0,5050.0,5104.0,5087.0,19306
2026-09-22,JKLAKSHMI,JK LAKSHMI CEMENT LTD,515.75,523.0,507.0,507.8,515.75,62075
2026-09-22,JKPAPER,JK PAPER LIMITED,423.45,425.85,415.0,416.4,422.9,245359
2026-09-22,JKTYRE,JK TYRE & INDUSTRIES LTD,348.75,352.55,345.15,346.5,346.9,478597
2026-09-22,JKIL,JKUMAR INFR.LTD.,484.3,486.0,472.8,478.0,479.5,71045
2026-09-22,JMFINANCIL,JM FINANCIAL LIMITED,126.26,128.5,126.0,126.31,126.26,1411675
2026-09-22,JNKINDIA,JNK INDIA LIMITED,409.9,420.0,405.0,413.95,409.0,83207
2026-09-22,JOCIL,JOCIL LIMITED,146.0,157.76,143.02,146.4,143.28,3829
2026-09-22,COCKERILL,JOHN COCKERILL INDIA LTD.,8050.5,8289.5,8030.5,8178.0,8055.0,3955
2026-09-22,JSWCEMENT,JSW CEMENT LIMITED,117.0,118.1,115.91,116.7,116.36,3073613
2026-09-22,JSWDULUX,JSW DULUX LIMITED,3173.8,3192.0,3122.5,3137.1,3159.5,26982
2026-09-22,JSWENERGY,JSW ENERGY LIMITED,517.0,522.05,515.35,518.0,517.0,1108603
2026-09-22,JSWHL,JSW HOLDINGS LIMITED,11151.0,11424.0,11038.0,11219.0,11205.0,2737
2026-09-22,JSWINFRA,JSW INFRASTRUCTURE LTD,351.45,375.5,351.3,367.6,349.6,17124150
2026-09-22,JSWSTEEL,JSW STEEL LIMITED,1274.7,1277.5,1264.4,1267.0,1268.6,874592
2026-09-22,JTEKTINDIA,JTEKT INDIA LIMITED,115.67,117.32,115.6,116.49,115.37,64920
2026-09-22,JTLIND,JTL INDUSTRIES LIMITED,89.05,91.52,88.6,89.21,88.92,1285481
2026-09-22,JUBLCPL,JUBILANT AGRI N CON PRO L,2129.4,2132.9,2053.3,2099.1,2111.4,5028
2026-09-22,JUBLFOOD,JUBILANT FOODWORKS LTD,487.65,495.9,487.0,491.1,487.05,1745967
2026-09-22,JUBLINGREA,JUBILANT INGREVIA LIMITED,631.0,637.8,613.35,617.6,627.25,216018
2026-09-22,JUBLPHARMA,JUBILANT PHARMOVA LTD,1052.6,1079.05,1045.4,1070.85,1049.25,192545
2026-09-22,JMA,JULLUNDUR MOT AGENCY LTD,90.79,91.6,89.29,90.82,88.3,11615
2026-09-22,JNPR,JUNIPER GREEN ENERGY LTD,270.5,275.7,266.4,268.7,270.9,423701
2026-09-22,JUNIPER,JUNIPER HOTELS LIMITED,225.0,229.0,220.84,222.8,222.92,118013
2026-09-22,JLHL,JUPITER LIFE LINE HOSP L,276.0,278.95,273.4,274.8,275.55,54029
2026-09-22,JWL,JUPITER WAGONS LIMITED,230.0,232.9,227.51,228.63,228.06,657865
2026-09-22,JUSTDIAL,JUSTDIAL LTD.,682.95,694.0,675.05,682.6,682.7,124991
2026-09-22,JYOTHYLAB,JYOTHY LABS LIMITED,195.17,196.0,193.55,193.97,194.67,168293
2026-09-22,JYOTICNC,JYOTI CNC AUTOMATION LTD,1110.05,1114.0,1072.25,1084.3,1113.85,1090012
2026-09-22,JYOTIRES,JYOTI RESINS & ADHESIVE L,842.5,859.25,832.8,840.0,842.45,5238
2026-09-22,JYOTISTRUC,JYOTI STRUCTURES LTD,9.08,9.33,9.08,9.19,9.08,2694027
2026-09-22,KJMCFIN,K J M C FINANCIAL SERV L,61.73,64.0,61.73,61.8,64.97,352
2026-09-22,KMCSHIL,K M C SPECIALITY HOSP I L,162.95,166.3,157.52,159.61,160.45,735446
2026-09-22,KMSUGAR,K M SUGAR MILLS LTD,28.69,29.45,28.66,28.85,28.69,114356
2026-09-22,KPEL,K.P. ENERGY LIMITED,233.8,239.8,228.1,230.94,232.32,464862
2026-09-22,KABRAEXTRU,KABRA EXTRUSION TECHNIK L,676.1,683.3,662.0,666.25,676.1,96279
2026-09-22,KAJARIACER,KAJARIA CERAMICS LTD,1203.9,1205.3,1176.6,1183.6,1200.5,126005
2026-09-22,KAKATCEM,KAKATIYA CEM SUGAR &IND L,110.4,110.4,105.1,109.75,108.85,2050
2026-09-22,KALPATARU,KALPATARU LIMITED,271.0,273.95,267.0,268.4,269.9,19444
2026-09-22,KPIL,KALPATARU PROJECT INT LTD,1440.6,1443.7,1392.1,1400.1,1439.1,117910
2026-09-22,KALYANKJIL,KALYAN JEWELLERS IND LTD,583.85,590.95,578.9,583.1,581.5,3440026
2026-09-22,KICL,KALYANI INVEST CO LTD,4951.0,5048.0,4900.0,5005.5,4954.0,1575
2026-09-22,KSL,KALYANI STEELS LIMITED,944.45,962.0,943.6,959.15,944.45,46816
2026-09-22,KAMAHOLD,KAMA HOLDINGS LTD.,2280.0,2280.0,2230.0,2236.4,2250.0,2484
2026-09-22,KAMANWALA,KAMANWALA HOUSING CONST L,16.52,17.3,16.52,16.56,17.4,250
2026-09-22,KAMATHOTEL,KAMAT HOTELS (I) LTD,238.91,242.49,233.43,237.05,236.44,68823
2026-09-22,KAMDHENU,KAMDHENU LIMITED,43.19,43.7,41.0,41.51,42.48,1778308
2026-09-22,KAMOPAINTS,KAMDHENU VENTURES LIMITED,4.3,4.41,4.12,4.26,4.34,412431
2026-09-22,KANANIIND,KANANI INDUSTRIES LTD,1.41,1.43,1.4,1.42,1.42,97331
2026-09-22,KANCHI,KANCHI KARPOORAM LTD.,382.0,404.15,381.25,395.45,384.95,816
2026-09-22,KANCOTEA,KANCO TEA & INDS. LTD.,54.59,56.85,54.59,56.85,54.59,151
2026-09-22,KANOHAR,KANOHAR ELECTRICALS LTD,880.15,904.6,847.1,870.5,866.95,5305723
2026-09-22,KANPRPLA,KANPUR PLASTIPACK LIMITED,256.75,268.8,252.1,266.75,254.8,33973
2026-09-22,KANSAINER,KANSAI NEROLAC PAINTS LTD,183.0,183.83,180.06,180.98,182.27,129858
2026-09-22,KAPSTON,KAPSTON SERVICES LIMITED,578.0,591.0,565.3,570.55,577.95,93628
2026-09-22,KARAMTARA,KARAMTARA ENGINEERING L,360.0,382.15,360.0,365.1,356.95,5727743
2026-09-22,KARMAENG,KARMA ENERGY LIMITED,41.6,41.6,40.05,40.1,41.02,4026
2026-09-22,KTKBANK,KARNATAKA BANK LIMITED,315.95,334.0,315.0,331.5,314.55,3195855
2026-09-22,KARURVYSYA,KARUR VYSYA BANK LTD,328.35,328.95,318.0,320.15,326.15,2085010
2026-09-22,KSCL,KAVERI SEED CO. LTD.,715.0,715.75,698.0,699.7,710.65,41522
2026-09-22,KAYNES,KAYNES TECHNOLOGY IND LTD,3599.0,3599.0,3425.0,3455.0,3650.0,3022938
2026-09-22,KCP,KCP LTD,159.42,161.4,155.42,157.4,159.42,121658
2026-09-22,KDGREEN,KD GREEN INDUSTRIES LTD,50.08,51.99,50.0,50.01,51.41,90966
2026-09-22,KDDL,KDDL LIMITED,4052.5,4104.0,3940.1,3973.1,4006.8,35491
2026-09-22,KEC,KEC INTL. LIMITED,405.1,408.7,390.5,391.55,403.3,1574562
2026-09-22,KEI,KEI INDUSTRIES LTD.,4648.0,4657.0,4548.0,4575.0,4596.0,182004
2026-09-22,KELLTONTEC,KELLTON TECH SOL LTD,13.71,13.88,13.65,13.7,13.69,1040960
2026-09-22,KENNAMET,KENNAMETAL INDIA LIMITED,4400.0,4499.9,4323.5,4379.4,4348.3,35892
2026-09-22,KERNEX,KERNEX MICROSYS(I) LTD,1787.0,1789.0,1732.0,1744.7,1779.7,119313
2026-09-22,KKCL,KEWAL KIRAN CLOTHING LTD,490.45,491.0,476.05,484.8,486.0,29062
2026-09-22,KEYFINSERV,KEYNOTE FIN SERV LTD.,250.0,250.0,238.3,240.05,241.45,276
2026-09-22,RUSTOMJEE,KEYSTONE REALTORS LIMITED,358.35,367.45,353.95,363.55,354.45,38395
2026-09-22,KFINTECH,KFIN TECHNOLOGIES LIMITED,896.9,905.75,891.6,898.0,896.7,569715
2026-09-22,KHAITANLTD,KHAITAN (INDIA)LTD.,150.39,152.2,149.1,151.82,149.65,824
2026-09-22,KHAICHEM,KHAITAN CHEM & FERT LTD,49.55,50.32,49.26,50.02,49.55,85997
2026-09-22,KHANDSE,KHANDWALA SECURITIES LTD,17.76,17.93,17.0,17.91,17.15,1004
2026-09-22,KLBRENG-B,KILBURN ENGINEERING LTD.,461.15,525.0,461.15,519.5,460.0,1923203
2026-09-22,KINGFA,KINGFA SCI & TEC IND LTD.,6062.0,6300.0,6056.0,6168.5,6062.0,21396
2026-09-22,KIOCL,KIOCL LIMITED,342.0,351.0,338.0,342.55,341.0,76799
2026-09-22,KIRANVYPAR,KIRAN VYAPAR LTD.,221.78,221.78,207.38,218.79,207.89,7877
2026-09-22,KIRIINDUS,KIRI INDUSTRIES LIMITED,541.0,555.0,538.5,540.5,537.5,507200
2026-09-22,KIRLOSBROS,KIRLOSKAR BROTHERS LTD,1790.1,1824.9,1772.0,1775.3,1797.0,22481
2026-09-22,KECL,KIRLOSKAR ELECTRIC CO LTD,120.8,126.0,118.97,121.21,118.43,162499
2026-09-22,KIRLFER,KIRLOSKAR FERROUS IND LTD,484.75,487.7,473.3,479.85,480.5,86299
2026-09-22,KIRLOSIND,KIRLOSKAR INDUSTRIES LTD,3722.2,3743.9,3650.0,3667.2,3722.2,8029
2026-09-22,KIRLOSENG,KIRLOSKAR OIL ENG LTD,2132.0,2178.0,2130.5,2165.0,2132.4,236947
2026-09-22,KIRLPNU,KIRLOSKAR PNEUMATIC COM L,711.8,728.2,705.3,706.8,714.45,71425
2026-09-22,KITEX,KITEX GARMENTS LTD,116.13,123.73,116.13,119.48,116.12,814091
2026-09-22,KNAGRI,KN AGRI RESOURCES LIMITED,207.0,208.0,201.23,203.95,202.63,2275
2026-09-22,KNACK,KNACK PACKAGING LIMITED,183.0,186.48,183.0,185.55,182.66,348907
2026-09-22,KMEW,KNOWLEDGE MARINE & EN W L,2898.0,3029.9,2895.0,2976.7,2878.9,186241
2026-09-22,KNRCON,KNR CONSTRU LTD.,122.5,123.23,119.8,120.04,121.93,1303513
2026-09-22,KOHINOOR,KOHINOOR FOODS LIMITED,30.77,31.36,30.53,31.06,30.76,120015
2026-09-22,KOKUYOCMLN,KOKUYO CAMLIN LIMITED,77.7,77.8,75.0,75.71,76.25,37342
2026-09-22,KOLTEPATIL,KOLTE PATIL DEV. LTD.,426.9,440.95,426.4,435.55,426.4,99378
2026-09-22,KOPRAN,KOPRAN LTD,282.9,285.49,270.0,276.44,282.98,603842
2026-09-22,GOLD1,KOTAK GOLD ETF,126.57,126.76,125.4,125.99,126.65,15280316
2026-09-22,KOTAKBANK,KOTAK MAHINDRA BANK LTD,416.5,417.8,412.55,412.65,414.8,3795161
2026-09-22,NIFTY1,KOTAK NIFTY ETF,261.87,263.01,258.93,259.86,260.41,45764
2026-09-22,PSUBANK,KOTAK PSU BANK,83.09,83.69,82.51,82.66,83.07,29570
2026-09-22,CHEMICAL,KOTAKMAMC - CHEMICAL,29.6,29.68,29.36,29.45,29.39,550652
2026-09-22,ALPHA,KOTAKMAMC - KOTAKALPHA,53.61,53.95,53.04,53.16,53.6,770430
2026-09-22,CONS,KOTAKMAMC - KOTAKCONS,11.91,11.91,11.84,11.85,11.91,8035
2026-09-22,IT,KOTAKMAMC - KOTAKIT,32.1,32.11,31.55,31.78,32.14,588058
2026-09-22,LIQUID1,KOTAKMAMC - KOTAKLIQ,1124.7,1124.7,1123.66,1123.66,1123.51,630809
2026-09-22,LOWVOL1,KOTAKMAMC - KOTAKLOVOL,20.48,20.6,20.29,20.48,20.48,209096
2026-09-22,MIDCAP,KOTAKMAMC - KOTAKMID50,18.26,18.48,18.06,18.22,18.26,260998
2026-09-22,MNC,KOTAKMAMC - KOTAKMNC,32.5,32.78,32.18,32.28,32.58,40231
2026-09-22,SILVER1,KOTAKMAMC - KOTAKSILVE,22.53,22.62,22.15,22.35,22.54,10450572
2026-09-22,NV20,KOTAKMAMC - KTKNV20ETF,13.57,13.61,13.43,13.58,13.57,50769
2026-09-22,MID150,KOTAKMAMC - MID150,23.25,23.35,23.0,23.17,23.2,24126
2026-09-22,MOMENTUM30,KOTAKMAMC - MOMENTUM30,30.48,31.8,30.3,30.93,30.3,21103
2026-09-22,MSCIINDIA,KOTAKMAMC - MSCIINDIA,29.2,29.32,29.09,29.19,29.22,6221
2026-09-22,NEXT50ETF,KOTAKMAMC - NEXT50ETF,72.82,74.5,72.01,72.61,72.89,16434
2026-09-22,NIFTY100EW,KOTAKMAMC - NIFTY100EW,34.54,34.84,34.3,34.53,34.36,50714
2026-09-22,PVTBANK,KOTAKMAMC - PVTBANK,28.0,28.0,27.29,27.3,27.54,3207
2026-09-22,QUALITY30,KOTAKMAMC - QUALITY30,20.14,20.14,19.96,19.96,20.14,4581
2026-09-22,BANKNIFTY1,KOTAKMAMC-KOTAKBKETF,58.43,58.85,58.3,58.4,58.61,147348
2026-09-22,KOTIC,KOTHARI INDUSTRIAL CORP L,147.89,163.0,145.2,146.89,145.25,321420
2026-09-22,KOTHARIPET,KOTHARI PETROCHEM LTD,135.5,137.77,134.0,134.16,136.05,49825
2026-09-22,KOTHARIPRO,KOTHARI PRODUCTS LTD,65.0,65.0,63.0,63.67,63.23,9366
2026-09-22,KOVAI,KOVAI MEDICAL CENTER & HO,6221.0,6221.0,6085.5,6153.5,6179.0,1546
2026-09-22,KPIGREEN,KPI GREEN ENERGY LIMITED,321.4,350.0,321.4,346.45,321.4,10752256
2026-09-22,KPITTECH,KPIT TECHNOLOGIES LIMITED,539.9,539.9,524.0,529.05,536.8,1583599
2026-09-22,KPRMILL,KPR MILL LTD.,1121.0,1131.9,1105.5,1120.8,1119.3,109610
2026-09-22,KRBL,KRBL LIMITED,391.0,394.95,386.55,389.9,393.15,247235
2026-09-22,KREBSBIO,KREBS BIOCHEMICALS & IND,56.08,59.5,56.08,56.86,56.22,5820
2026-09-22,KRIDHANINF,KRIDHAN INFRA LIMITED,1.86,1.86,1.81,1.85,1.86,23202
2026-09-22,KRISHANA,KRISHANA PHOSCHEM LIMITED,185.0,189.99,185.0,189.55,182.4,829723
2026-09-22,KRISHIVAL,KRISHIVAL FOODS LIMITED,418.0,418.9,413.0,415.7,417.1,6275
2026-09-22,KRISHNADEF,KRISHNA DEF AND ALD IND L,1040.0,1074.2,1018.1,1025.6,1037.6,69961
2026-09-22,KIMS,KRISHNA INST OF MED SCI L,789.7,801.95,788.0,789.8,788.85,158613
2026-09-22,KRITI,KRITI INDUSTRIES IND LTD,58.52,59.99,58.0,59.75,59.01,22034
2026-09-22,KRITINUT,KRITI NUTRIENTS LIMITED,80.55,82.45,80.1,80.66,81.29,6993
2026-09-22,KRITIKA,KRITIKA WIRES LIMITED,5.1,5.17,4.9,5.04,5.1,113844
2026-09-22,KRN,KRN HEAT EXCHANGE N REF L,1437.0,1448.0,1406.1,1420.1,1416.5,159708
2026-09-22,KROSS,KROSS LIMITED,260.0,262.58,254.51,256.13,256.93,1039237
2026-09-22,KRSNAA,KRSNAA DIAGNOSTICS LTD,554.0,573.9,551.05,557.85,554.65,185318
2026-09-22,KRYSTAL,KRYSTAL INTEGRATED SER L,649.65,654.9,637.6,638.8,652.2,12729
2026-09-22,KSB,KSB LIMITED,802.6,822.0,802.6,820.15,802.6,145461
2026-09-22,KSE,KSE LTD.,181.02,182.0,178.81,179.96,180.32,5068
2026-09-22,KSHINTL,KSH INTERNATIONAL LIMITED,1035.0,1068.95,1032.0,1040.95,1032.15,166419
2026-09-22,KSHITIJPOL,KSHITIJ POLYLINE LIMITED,4.61,4.62,4.61,4.61,4.4,8716105
2026-09-22,KSOLVES,KSOLVES INDIA LIMITED,253.25,254.45,250.0,250.75,252.15,17191
2026-09-22,KUANTUM,KUANTUM PAPERS LIMITED,80.46,87.0,78.0,84.95,80.74,356156
2026-09-22,KUSUMGAR,KUSUMGAR LIMITED,609.35,634.0,606.05,616.15,610.35,600887
2026-09-22,KPL,KWALITY PHARMACEUTICALS L,3819.9,3819.9,3682.0,3752.8,3844.9,58050
2026-09-22,KWIL,KWALITY WALL'S (INDIA) L,42.39,42.98,41.71,41.99,42.09,11145561
2026-09-22,LKPSEC,L K P SECURITIES LTD.,15.45,16.55,15.15,15.31,15.06,5275
2026-09-22,LTF,L&T FINANCE LIMITED,308.15,309.25,302.05,304.9,307.8,2577248
2026-09-22,LTTS,L&T TECHNOLOGY SER. LTD.,3317.1,3330.5,3271.0,3293.6,3307.0,40975
2026-09-22,LAOPALA,LA OPALA RG LIMITED,161.8,163.36,159.3,160.61,161.59,77552
2026-09-22,LAGNAM,LAGNAM SPINTEX LIMITED,75.5,76.0,72.5,74.01,75.5,6107
2026-09-22,LAHOTIOV,LAHOTI OVERSEAS LTD.,39.98,40.97,39.56,40.68,39.89,1423
2026-09-22,LFIC,LAKSHMI FIN IND CORP LTD,135.4,138.98,133.66,135.3,132.52,122
2026-09-22,LAKSHMIMIL,LAKSHMI MILLS CO. LTD.,7755.0,7755.0,7700.0,7700.0,7750.0,7
2026-09-22,LALITHAA,LALITHAA JEWELLERY MART L,325.0,336.1,324.9,336.1,320.1,4493449
2026-09-22,LAMBODHARA,LAMBODHARA TEXTILES LTD.,120.01,122.0,115.57,116.08,120.61,11958
2026-09-22,LANCER,LANCER CONTAINER LINES L,11.82,11.99,11.55,11.69,11.8,253663
2026-09-22,LANDMARK,LANDMARK CARS LIMITED,500.0,514.2,496.85,510.5,502.1,64035
2026-09-22,LPDC,LANDMARK PR.DEV.CO.LTD,6.87,6.95,6.32,6.58,6.87,162076
2026-09-22,LANDSMILL,LANDSMILL GREEN LIMITED,0.56,0.56,0.54,0.54,0.55,4275266
2026-09-22,LT,LARSEN & TOUBRO LTD.,3919.6,3930.5,3866.0,3866.4,3904.8,1355288
2026-09-22,LASERPOWER,LASER POWER & INFRA LTD,276.15,280.0,272.9,275.05,275.95,379905
2026-09-22,LATENTVIEW,LATENT VIEW ANALYTICS LTD,254.8,254.8,249.65,250.55,252.45,306722
2026-09-22,LATTEYS,LATTEYS INDUSTRIES LTD,20.04,20.94,20.04,20.48,20.19,46555
2026-09-22,LAURUSLABS,LAURUS LABS LIMITED,2018.0,2032.8,2002.2,2006.5,2017.5,1487044
2026-09-22,LAXMICOT,LAXMI COTSPIN LIMITED,12.94,13.3,12.56,13.05,12.94,7690
2026-09-22,LAXMIDENTL,LAXMI DENTAL LIMITED,194.42,196.35,192.6,193.18,194.9,62927
2026-09-22,LGHL,LAXMI GOLDORNA HOUSE LTD,190.0,190.0,177.0,177.38,177.2,6393
2026-09-22,LAXMIINDIA,LAXMI INDIA FINANCE LTD,124.82,128.97,123.0,123.73,125.32,159542
2026-09-22,LXCHEM,LAXMI ORGANIC INDUS LTD,178.5,182.64,177.1,178.01,177.62,736074
2026-09-22,LCCINFOTEC,LCC INFOTECH LTD,3.6,3.7,3.4,3.66,3.53,373518
2026-09-22,LCCPROJECT,LCC PROJECTS LIMITED,145.0,155.12,142.25,147.56,141.33,6263543
2026-09-22,LEMERITE,LE MERITE EXPORTS LIMITED,18.99,19.19,17.94,18.94,18.35,499276
2026-09-22,IXIGO,LE TRAVENUES TECHNOLOGY L,161.85,165.26,160.65,163.28,160.98,892824
2026-09-22,LEAPIND,LEAP INDIA LIMITED,146.5,149.98,145.63,148.44,145.9,2591990
2026-09-22,THELEELA,LEELA PALACES HOTEL LTD,540.0,548.75,531.05,537.05,537.45,518559
2026-09-22,LEMONTREE,LEMON TREE HOTELS LTD,106.49,108.7,105.91,107.51,105.99,2586160
2026-09-22,LENSKART,LENSKART SOLUTIONS LTD,685.0,697.0,669.3,691.45,683.85,6868715
2026-09-22,LEXUS,LEXUS GRANITO (INDIA) LTD,13.67,13.67,12.3,12.47,13.24,96413
2026-09-22,LGBBROSLTD,LG BALAKRISHNAN & BROS,1735.0,1745.9,1723.3,1730.2,1731.4,19648
2026-09-22,LGEINDIA,LG ELECTRONICS INDIA LTD,1661.1,1684.8,1657.0,1663.7,1656.3,427916
2026-09-22,LIBAS,LIBAS CONSU PRODUCTS LTD,13.19,13.19,12.5,12.58,12.79,138738
2026-09-22,LIBERTSHOE,LIBERTY SHOES LTD,220.75,223.95,217.1,218.54,220.75,9624
2026-09-22,LICHSGFIN,LIC HOUSING FINANCE LTD,569.0,573.95,563.2,565.0,568.0,2772548
2026-09-22,LICMFGOLD,LIC MF - LIC GOLD ETF,136.85,136.9,135.2,135.8,136.45,48124
2026-09-22,LICNETFN50,LICNAMC - LICNFENGP,262.55,264.42,261.47,263.27,264.18,2332
2026-09-22,LICNETFSEN,LICNAMC - LICNFESGP,843.34,843.34,843.34,843.34,843.34,4
2026-09-22,LICNFNHGP,LICNAMC - LICNFNHGP,276.95,276.95,268.19,272.55,270.2,240
2026-09-22,LICNETFGSC,LICNAMC - LICNMFET,29.36,29.72,29.21,29.21,29.27,103950
2026-09-22,LICNMID100,LICNAMC - LICNMID100,63.18,63.18,61.58,61.89,62.5,10260
2026-09-22,LICI,LIFE INSURA CORP OF INDIA,400.85,406.8,399.55,404.55,400.0,5528988
2026-09-22,LIKHITHA,LIKHITHA INFRASTRUC LTD,220.85,229.95,220.85,227.96,218.6,62359
2026-09-22,LINC,LINC LIMITED,93.89,93.89,90.35,92.37,91.57,9400
2026-09-22,LINCOLN,LINCOLN PHARMA LTD,610.0,612.0,590.35,594.35,601.55,21211
2026-09-22,LINDEINDIA,LINDE INDIA LIMITED,6287.0,6479.5,6276.5,6320.0,6276.5,30577
2026-09-22,LLOYDSENGG,LLOYDS ENGG WORK LIMITED,85.86,88.9,85.5,85.73,85.01,8563009
2026-09-22,LLOYDSENT,LLOYDS ENTERPRISES LTD,70.5,72.84,69.81,70.41,70.49,3151980
2026-09-22,LLOYDSME,LLOYDS METALS N ENERGY L,1830.9,1884.0,1828.1,1857.4,1824.6,498981
2026-09-22,LMW,LMW LIMITED,17440.0,17470.0,17025.0,17077.0,17313.0,3430
2026-09-22,LODHA,LODHA DEVELOPERS LIMITED,1150.0,1159.6,1135.1,1144.0,1138.0,647829
2026-09-22,LCL,LOHIA CORP LIMITED,560.35,590.0,558.45,580.3,560.35,711729
2026-09-22,LOKESHMACH,LOKESH MACHINES LTD,338.0,348.75,335.0,337.15,336.15,29943
2026-09-22,LORDSCHLO,LORDS CHLORO ALKALI LTD,138.6,140.0,135.21,138.3,138.3,5742
2026-09-22,LAL,LORENZINI APPARELS LTD,8.85,8.92,8.28,8.66,8.61,320607
2026-09-22,LOTUSCHO,LOTUS CHOCOLATE CO. LTD.,590.0,590.0,574.4,586.4,577.8,469
2026-09-22,LOTUSEYE,LOTUS EYE HOSP & INST L,114.68,115.02,113.0,114.97,114.68,6701
2026-09-22,LOVABLE,LOVABLE LINGERIE LTD,70.44,72.0,69.4,71.27,70.44,14944
2026-09-22,LOYALTEX,LOYAL TEXTILE MILLS LTD,202.72,214.95,202.72,214.95,202.54,31
2026-09-22,LTFOODS,LT FOODS LIMITED,430.8,430.8,420.15,421.35,430.8,336273
2026-09-22,LTM,LTM LIMITED,4187.1,4187.1,4094.0,4158.3,4280.0,995608
2026-09-22,LUMAXTECH,LUMAX AUTO TECH LTD,2085.0,2129.9,2067.3,2116.4,2068.8,137061
2026-09-22,LUMAXIND,LUMAX INDUSTRIES LTD,5778.0,5900.0,5778.0,5846.0,5778.0,4530
2026-09-22,LUMINO,LUMINO INDUSTRIES LIMITED,112.98,116.64,106.56,108.27,113.36,22815313
2026-09-22,LUPIN,LUPIN LIMITED,2123.6,2135.0,2109.0,2135.0,2124.5,597568
2026-09-22,LUXIND,LUX INDUSTRIES LIMITED,1203.5,1210.3,1150.0,1157.5,1192.4,42998
2026-09-22,MBEL,M AND B ENGINEERING LTD,255.9,262.65,254.85,259.25,255.05,145564
2026-09-22,MKEXIM,M K EXIM (INDIA) LTD.,64.1,68.9,64.1,68.04,65.87,15103
2026-09-22,MKPL,M K PROTEINS LIMITED,4.04,4.11,3.98,4.03,3.98,64158
2026-09-22,MCL,M TEK COPPER LIMITED,55.75,57.25,55.48,56.35,55.75,43960
2026-09-22,M&MFIN,M&M FIN. SERVICES LTD,355.65,356.85,349.8,352.4,354.7,1732378
2026-09-22,MAANALU,MAAN ALUMINIUM LIMITED,108.37,108.37,100.2,104.81,105.12,63465
2026-09-22,MCCHRLS-B,MAC CHARLES (INDIA) LTD.,679.9,679.9,650.0,654.8,664.65,4108
2026-09-22,MACPOWER,MACPOWER CNC MACHINES LTD,1956.6,2124.0,1945.2,2096.5,1955.3,83048
2026-09-22,MADHAVIPL,MADHAV INFRA PROJECTS L,7.65,8.08,7.21,7.39,7.74,200477
2026-09-22,MADHAV,MADHAV MARBLE & GRANITE,35.01,36.0,34.05,34.46,35.25,1060
2026-09-22,MADHUCON,MADHUCON PROJECTS LTD.,4.2,4.2,3.97,4.07,4.02,9701
2026-09-22,MBAPL,MADHYA BHARAT AGRO P. LTD,162.0,166.36,162.0,165.68,160.76,810859
2026-09-22,MADRASFERT,MADRAS FERTILISERS LTD,62.6,62.6,61.2,61.35,61.43,33641
2026-09-22,MAFATIND,MAFATLAL INDUSTRIES LTD.,122.59,122.59,120.05,120.32,122.59,31498
2026-09-22,MAGADSUGAR,MAGADH SUGAR & ENERGY LTD,494.8,510.6,490.0,500.75,488.8,30380
2026-09-22,MCLOUD,MAGELLANIC CLOUD LIMITED,25.15,25.45,24.98,25.18,25.0,657233
2026-09-22,MAGNUM,MAGNUM VENTURES LTD.,19.27,19.27,18.81,19.02,19.27,24116
2026-09-22,MAHAPEXLTD,MAHA RASHTRA APEX COPR. L,55.95,55.98,53.3,53.79,54.36,3234
2026-09-22,MFML,MAHALAXMI FABRIC MILLS LT,19.78,19.78,18.7,19.26,18.82,471
2026-09-22,MGL,MAHANAGAR GAS LTD.,1075.5,1079.8,1059.0,1067.3,1077.8,236016
2026-09-22,MTNL,MAHANAGAR TELEPHONE NIGAM,23.75,24.26,23.5,23.67,23.65,734073
2026-09-22,MAHSCOOTER,MAHARASHTRA SCOOTERS LTD,13600.0,13658.0,13251.0,13313.0,13609.0,3629
2026-09-22,MAHSEAMLES,MAHARASHTRA SEAMLESS LTD,707.0,712.85,695.0,697.35,706.95,112372
2026-09-22,MAHESHWARI,MAHESHWARI LOGISTICS LTD.,73.0,73.4,71.5,71.53,72.0,12444
2026-09-22,M&M,MAHINDRA & MAHINDRA LTD,3066.0,3093.7,3035.0,3044.5,3055.3,1708090
2026-09-22,MAHEPC,MAHINDRA EPC IRRIG LTD,100.39,100.6,97.1,98.75,99.27,29129
2026-09-22,MHRIL,MAHINDRA HOLIDAYS LTD,201.37,202.0,198.1,199.07,201.37,44579
2026-09-22,MAHLIFE,MAHINDRA LIFESPACE DEVLTD,360.85,363.6,356.25,359.05,362.65,68310
2026-09-22,MAHLOG,MAHINDRA LOGISTIC LIMITED,397.0,406.95,397.0,400.3,399.3,69426
2026-09-22,MAITHANALL,MAITHAN ALLOYS LTD,1005.0,1005.0,986.0,994.95,998.25,41393
2026-09-22,MAKERSL,MAKERS LABORATORIES LTD.,189.0,191.49,180.0,181.26,190.37,3883
2026-09-22,MALLCOM,MALLCOM (INDIA) LIMITED,974.0,978.95,950.1,951.7,967.8,2723
2026-09-22,MALUPAPER,MALU PAPER MILLS LIMITED,32.12,32.15,31.9,31.98,32.12,8576
2026-09-22,MAMATA,MAMATA MACHINERY LIMITED,402.0,414.0,400.0,403.55,404.3,40816
2026-09-22,MANAKCOAT,MAN COAT METAL & IND LTD,136.27,136.27,132.01,132.67,135.19,235115
2026-09-22,MANINDS,MAN INDUSTRIES (I) LTD.,870.5,880.0,840.15,849.9,859.75,625173
2026-09-22,MANINFRA,MAN INFRA LTD,123.5,124.98,122.75,124.04,123.22,1053458
2026-09-22,MANAKALUCO,MANAK ALUMINIUM CO. LTD.,35.0,36.5,35.0,35.36,35.43,39820
2026-09-22,MANAKSIA,MANAKSIA LTD.,63.98,66.7,63.7,65.34,63.27,57853
2026-09-22,MANALIPETC,MANALI PETROCHEMICALS LT,87.0,87.0,84.35,84.87,86.71,927627
2026-09-22,MANAPPURAM,MANAPPURAM FINANCE LTD,315.9,320.2,315.9,319.3,315.1,2282054
2026-09-22,MANBA,MANBA FINANCE LIMITED,136.38,139.67,135.2,136.41,136.73,390344
2026-09-22,MANCREDIT,MANGAL CREDIT N FINCORP L,228.0,229.0,221.22,222.53,226.68,102916
2026-09-22,MEIL,MANGAL ELECTRICAL IND L,271.25,273.95,265.55,271.75,267.25,21109
2026-09-22,MANGLMCEM,MANGALAM CEMENT LTD,1010.1,1020.6,998.0,1006.3,1010.1,56199
2026-09-22,MANGALAM,MANGALAM DRUG & CHEM LTD,33.19,33.59,31.67,32.24,32.66,48764
2026-09-22,MGEL,MANGALAM GLOBAL ENT LTD,15.94,15.94,15.31,15.52,15.78,5412606
2026-09-22,MANORG,MANGALAM ORGANICS LIMITED,475.0,480.0,457.5,459.5,464.15,2762
2026-09-22,MSL,MANGALAM SEEDS LTD.,136.1,138.0,136.1,138.0,136.0,41
2026-09-22,MWL,MANGALAM WORLDWIDE LTD,43.15,43.25,41.87,42.03,42.56,378882
2026-09-22,MANIPALHOS,MANIPAL HEALTH ENTERPRI L,756.0,769.75,743.0,746.1,747.15,1312945
2026-09-22,MPIMANIPAL,MANIPAL PAYMENT & IDE S L,335.0,342.6,330.35,338.6,336.6,616288
2026-09-22,MANKIND,MANKIND PHARMA LIMITED,2450.0,2490.0,2438.7,2480.0,2437.8,667075
2026-09-22,MVGJL,MANOJ VAIBHAV GEM N JEW L,214.5,217.09,205.82,213.26,214.51,407774
2026-09-22,MANOMAY,MANOMAY TEX INDIA LTD,226.35,228.58,223.5,227.35,224.96,124259
2026-09-22,MANORAMA,MANORAMA INDUSTRIES LTD,1923.0,1945.3,1905.0,1911.0,1923.0,88545
2026-09-22,MANUGRAPH,MANUGRAPH INDIA LIMITED,18.85,21.38,18.1,20.22,18.85,293270
2026-09-22,MARALOVER,MARAL OVERSEAS LTD,58.0,63.4,57.5,61.11,56.87,36191
2026-09-22,MARATHON,MARATHON NXTGEN REALT LTD,419.95,424.75,415.3,417.8,417.65,46245
2026-09-22,MARICO,MARICO LIMITED,824.55,830.5,824.55,830.0,824.4,1090303
2026-09-22,MARINE,MARINE ELECTRICAL (I) LTD,422.0,423.8,404.0,411.45,415.8,1021060
2026-09-22,MARKOLINES,MARKOLINES PAVEMENT TEC L,170.7,171.75,167.27,169.24,169.76,249643
2026-09-22,MARKSANS,MARKSANS PHARMA LIMITED,340.05,340.95,328.65,332.95,338.1,1560912
2026-09-22,MARSONS,MARSONS LIMITED,127.99,132.37,126.33,127.88,127.33,859909
2026-09-22,MARUTI,MARUTI SUZUKI INDIA LTD.,12155.0,12275.0,12142.0,12190.0,12153.0,246724
2026-09-22,MASFIN,MAS FINANCIAL SERV LTD,295.0,295.0,286.1,289.35,292.15,220651
2026-09-22,MASKINVEST,MASK INVESTMENTS LIMITED,146.1,146.1,138.0,144.31,145.0,361
2026-09-22,MASTEK,MASTEK LTD,1590.0,1591.8,1561.5,1567.9,1589.2,47680
2026-09-22,MASTERTR,MASTER TRUST LIMITED,88.67,88.67,86.2,86.46,87.68,135711
2026-09-22,MATRIMONY,MATRIMONY.COM LIMITED,555.0,555.45,544.7,550.75,549.8,13550
2026-09-22,MAWANASUG,MAWANA SUGARS LIMITED,126.35,134.0,124.57,131.43,125.45,303537
2026-09-22,MAXESTATES,MAX ESTATES LIMITED,595.85,602.3,586.35,595.05,597.9,124021
2026-09-22,MFSL,MAX FINANCIAL SERV LTD,1574.9,1581.1,1549.2,1554.2,1569.0,279864
2026-09-22,MAXHEALTH,MAX HEALTHCARE INS LTD,1060.1,1069.0,1049.7,1056.5,1066.6,1132196
2026-09-22,MAXIND,MAX INDIA LIMITED,153.52,154.4,148.21,151.86,152.0,45282
2026-09-22,MAYURUNIQ,MAYUR UNIQUOTERS LTD,755.0,758.7,724.2,726.15,751.25,117662
2026-09-22,MAZDOCK,MAZAGON DOCK SHIPBUIL LTD,2241.2,2250.5,2196.0,2204.0,2232.0,611823
2026-09-22,MBLINFRA,MBL INFRASTRUCTURE LTD,22.0,22.55,21.24,21.76,21.76,14782
2026-09-22,MCLEODRUSS,MCLEOD RUSSEL INDIA LTD.,48.0,48.29,44.3,44.96,46.54,479493
2026-09-22,MEDIASSIST,MEDI ASSIST HEALTH SER L,340.4,342.9,327.0,328.6,336.6,740848
2026-09-22,MMWL,MEDIA MATRIX WORLDWIDE L,13.19,13.39,12.77,13.29,13.19,9664
2026-09-22,MEDICO,MEDICO REMEDIES LIMITED,34.5,34.65,33.75,33.96,34.06,141351
2026-09-22,MEDPLUS,MEDPLUS HEALTH SERV LTD,660.0,663.05,655.0,655.55,660.7,22088
2026-09-22,MEESHO,MEESHO LIMITED,221.88,244.74,218.6,240.19,219.15,108359244
2026-09-22,MEGASTAR,MEGASTAR FOODS LIMITED,284.0,284.0,272.05,276.1,275.95,4264
2026-09-22,MOL,MEGHMANI ORGANICS LIMITED,62.25,62.94,61.02,61.45,62.18,480743
2026-09-22,MIIL,MEGHNA INFRACON INFRA L,714.5,716.0,699.0,710.45,703.6,88266
2026-09-22,MERCANTILE,MERCANTILE VENTURES LTD.,23.48,23.48,21.6,22.1,22.82,4899
2026-09-22,MERCURYEV,MERCURY EV-TECH LIMITED,39.97,41.48,39.7,39.93,39.81,644774
2026-09-22,METROBRAND,METRO BRANDS LIMITED,931.2,937.4,904.5,920.3,939.05,64975
2026-09-22,METROGLOBL,METROGLOBAL LTD.,133.3,133.5,129.0,132.97,132.01,1154
2026-09-22,METROPOLIS,METROPOLIS HEALTHCARE LTD,593.5,599.0,590.35,592.4,593.4,107949
2026-09-22,MIDWESTLTD,MIDWEST LIMITED,998.1,1029.0,986.6,1018.3,988.3,17524
2026-09-22,MLKFOOD,MILKFOOD LTD.,83.0,83.0,80.26,82.45,81.62,4497
2026-09-22,MILKYMIST,MILKY MIST DAIRY FOOD L,293.2,302.15,291.2,302.15,287.77,11275606
2026-09-22,MINDACORP,MINDA CORPORATION LTD,680.3,687.95,676.7,685.4,679.6,101472
2026-09-22,MINDTECK,MINDTECK (INDIA) LIMITED,155.37,160.0,155.37,157.94,155.72,14331
2026-09-22,ALPHAETF,MIRAEAMC - ALPHAETF,26.34,26.45,26.1,26.13,26.23,2181529
2026-09-22,BANKETF,MIRAEAMC - BANKETF,561.51,577.98,561.51,573.85,575.91,28055
2026-09-22,BANKPSU,MIRAEAMC - BANKPSU,84.07,84.07,83.14,83.55,84.01,4250
2026-09-22,CONSUMER,MIRAEAMC - CONSUMER,11.85,11.88,11.8,11.84,11.84,40564
2026-09-22,DEFENCE,MIRAEAMC - DEFENCE,79.02,79.8,78.8,79.24,79.02,190693
2026-09-22,DIVIDEND,MIRAEAMC - DIVIDEND,34.85,34.87,34.75,34.86,34.89,3912
2026-09-22,ENERGY,MIRAEAMC - ENERGY,38.94,38.94,37.97,38.02,38.18,91298
2026-09-22,EQUAL200,MIRAEAMC - EQUAL200,13.65,13.65,13.52,13.57,13.6,7792
2026-09-22,EQUAL50,MIRAEAMC - EQUAL50,324.62,324.62,322.58,323.49,324.67,3425
2026-09-22,EVINDIA,MIRAEAMC - EVINDIA,32.06,32.06,31.6,31.64,31.81,73252
2026-09-22,HEALTHCARE,MIRAEAMC - HEALTHCARE,22.5,22.5,21.83,21.9,22.06,38218
2026-09-22,HYBRIDETF,MIRAEAMC - HYBRIDETF,10.02,10.02,9.92,9.98,9.98,3286
2026-09-22,INFRA,MIRAEAMC - INFRA,11.92,11.92,11.78,11.78,11.85,12256
2026-09-22,INTERNET,MIRAEAMC - INTERNET,14.86,15.0,14.8,14.97,14.8,321002
2026-09-22,ITETF,MIRAEAMC - ITETF,30.6,30.6,30.09,30.33,30.59,531253
2026-09-22,LARGEMID50,MIRAEAMC - LARGEMID50,35.67,35.67,35.39,35.46,35.63,92
2026-09-22,LIQUID,MIRAEAMC - LIQUID,999.99,1000.0,999.99,999.99,999.99,175256
2026-09-22,LIQUIDPLUS,MIRAEAMC - LIQUIDPLUS,1104.06,1104.22,1104.06,1104.21,1104.06,563717
2026-09-22,ESG,MIRAEAMC - MAESGETF,40.3,40.39,40.09,40.09,40.32,25154
2026-09-22,MAFANG,MIRAEAMC - MAFANG,245.79,248.96,237.0,238.18,243.36,736357
2026-09-22,BFSI,MIRAEAMC - MAFSETF,25.96,26.73,25.96,26.46,26.63,181085
2026-09-22,GOLDETF,MIRAEAMC - MAGOLDETF,148.0,148.0,146.2,146.96,147.7,1145706
2026-09-22,GSEC10YEAR,MIRAEAMC - MAGS813ETF,30.26,30.37,30.11,30.12,30.11,450
2026-09-22,MAHKTECH,MIRAEAMC - MAHKTECH,22.31,22.31,21.8,22.01,21.77,556489
2026-09-22,MIDCAPETF,MIRAEAMC - MAM150ETF,23.34,23.47,23.27,23.32,23.34,1440561
2026-09-22,MAKEINDIA,MIRAEAMC - MAMFGETF,162.76,163.26,161.43,161.65,162.68,17768
2026-09-22,NIFTYETF,MIRAEAMC - MAN50ETF,255.39,255.85,253.75,254.53,255.39,112153
2026-09-22,LOWVOL,MIRAEAMC - MANV30F,200.45,200.45,199.0,199.77,200.33,545
2026-09-22,NEXT50,MIRAEAMC - MANXT50,746.51,748.72,741.06,742.39,745.51,22526
2026-09-22,SILVERAG,MIRAEAMC - MASILVER,225.0,226.66,222.32,224.07,226.13,387711
2026-09-22,MASPTOP50,MIRAEAMC - MASPTOP50,116.08,118.83,96.27,98.01,113.25,4467822
2026-09-22,METAL,MIRAEAMC - METAL,13.34,13.34,13.06,13.11,13.12,5819561
2026-09-22,MIDSMALL,MIRAEAMC - MIDSMALL,51.63,51.63,51.09,51.14,51.37,116835
2026-09-22,MOMMIDCAP,MIRAEAMC - MOMMIDCAP,12.9,12.92,12.81,12.82,12.85,2474779
2026-09-22,MULTICAP,MIRAEAMC - MULTICAP,16.53,16.57,16.43,16.45,16.49,151841
2026-09-22,SELECTIPO,MIRAEAMC - SELECTIPO,48.72,48.93,48.57,48.84,48.48,70034
2026-09-22,SENSEXETF,MIRAEAMC - SENSEXETF,77.5,77.61,76.88,77.12,77.27,14793
2026-09-22,SMALL250,MIRAEAMC - SMALL250,18.73,18.73,18.29,18.35,18.36,597786
2026-09-22,SMALLCAP,MIRAEAMC - SMALLCAP,50.2,50.2,48.66,48.74,48.98,1707236
2026-09-22,TOP20,MIRAEAMC - TOP20,8.69,8.69,8.62,8.64,8.67,44627
2026-09-22,VALUE,MIRAEAMC - VALUE,15.84,15.85,15.75,15.79,15.8,16648
2026-09-22,MIRZAINT,MIRZA INTERNATIONAL LIMIT,29.11,29.49,29.0,29.12,29.16,54503
2026-09-22,MIDHANI,MISHRA DHATU NIGAM LTD,419.95,423.95,413.35,415.2,418.55,496164
2026-09-22,MITCON,MITCON CON & ENG SER LTD,79.8,82.5,79.8,80.12,79.86,79499
2026-09-22,MITTAL,MITTAL LIFE STYLE LIMITED,0.78,0.78,0.76,0.76,0.76,1010483
2026-09-22,MMFL,MM FORGINGS LTD,613.0,616.95,597.5,603.4,612.85,86119
2026-09-22,MMP,MMP INDUSTRIES LIMITED,489.9,497.0,455.35,461.3,477.7,157727
2026-09-22,MMTC,MMTC LIMITED,60.47,60.8,59.56,59.67,59.79,718269
2026-09-22,MODTHREAD,MODERN THREADS INDIA LTD,46.4,47.66,45.22,46.37,47.05,6243
2026-09-22,MODINATUR,MODI NATURALS LIMITED,345.1,359.0,345.1,355.75,349.75,3282
2026-09-22,MODIRUBBER,MODI RUBBER LTD,122.0,126.0,121.51,122.04,123.51,1014
2026-09-22,MODIS,MODIS NAVNIRMAN LTD,346.6,350.75,344.85,347.3,346.6,10261
2026-09-22,MOHITIND,MOHIT INDUSTRIES LTD,23.9,23.9,22.56,22.87,23.75,12579
2026-09-22,MOHITE,MOHITE INDUSTRIES LTD.,2.48,2.54,2.43,2.47,2.47,11716
2026-09-22,MOIL,MOIL LIMITED,241.5,245.59,241.5,243.2,241.35,338539
2026-09-22,MOKSH,MOKSH ORNAMENTS LIMITED,9.97,10.1,9.95,10.06,9.94,49760
2026-09-22,MOLBIO,MOLBIO DIAGNOSTICS LTD,1230.0,1283.5,1227.6,1263.8,1218.8,1579734
2026-09-22,MOLDTKPAC,MOLD-TEK PACKAGING LTD,644.85,651.25,638.0,639.95,644.85,25115
2026-09-22,MONARCH,MONARCH NETWORTH CAP LTD,362.0,369.05,361.95,366.9,361.7,68954
2026-09-22,MONEYBOXX,MONEYBOXX FINANCE LIMITED,60.07,60.07,54.55,57.4,57.21,514607
2026-09-22,MONTECARLO,MONTE CARLO FASHIONS LTD.,534.1,539.0,521.0,524.35,534.65,68944
2026-09-22,MOREPENLAB,MOREPEN LAB. LTD,122.35,123.8,118.12,119.04,122.35,10361426
2026-09-22,MOSCHIP,MOSCHIP TECHNOLOGIES LTD,208.0,211.7,206.51,207.37,206.05,938006
2026-09-22,MSUMI,MOTHERSON SUMI WRNG IND L,35.63,35.74,35.1,35.15,35.6,5632984
2026-09-22,MOM100,MOTILAL OS MIDCAP100 ETF,67.25,67.4,66.66,66.87,67.1,137012
2026-09-22,MON100,MOTILAL OS NASDAQ100 ETF,338.49,339.7,320.42,324.95,330.24,1056991
2026-09-22,MOTILALOFS,MOTILAL OSWAL FIN LTD,995.6,1025.0,995.6,1007.0,995.0,813525
2026-09-22,MOM50,MOTILAL OSWAL M50 ETF,243.55,246.51,243.52,243.74,244.97,3737
2026-09-22,MOGSEC,MOTILALAMC - G5,63.66,65.49,63.66,65.03,65.3,9575
2026-09-22,MOALPHA50,MOTILALAMC - MOALPHA50,55.69,56.98,55.0,55.44,55.69,18003
2026-09-22,MOBANK10,MOTILALAMC - MOBANK10,16.89,16.89,16.65,16.77,16.73,3877
2026-09-22,MOCAPITAL,MOTILALAMC - MOCAPITAL,53.01,53.69,52.91,52.94,52.93,338511
2026-09-22,MODEFENCE,MOTILALAMC - MODEFENCE,103.99,104.48,102.3,103.81,103.27,915413
2026-09-22,MOENERGY,MOTILALAMC - MOENERGY,38.0,38.37,37.77,37.91,37.99,57907
2026-09-22,MOGOLD,MOTILALAMC - MOGOLD,150.4,150.4,148.8,149.7,150.05,257739
2026-09-22,MOHEALTH,MOTILALAMC - MOHEALTH,53.85,53.85,52.58,52.65,53.06,55690
2026-09-22,MOINFRA,MOTILALAMC - MOINFRA,58.57,58.57,57.06,57.56,58.41,2967
2026-09-22,MOIPO,MOTILALAMC - MOIPO,48.87,49.64,48.73,48.98,48.42,6695
2026-09-22,MOLOWVOL,MOTILALAMC - MOLOWVOL,36.1,36.1,35.09,35.25,35.4,84026
2026-09-22,MOMENTUM50,MOTILALAMC - MOMENTUM50,54.07,54.37,53.36,53.53,53.81,435747
2026-09-22,MOMETAL,MOTILALAMC - MOMETAL,13.07,13.07,12.97,13.02,12.95,2155
2026-09-22,MOMGF,MOTILALAMC - MOMGF,162.8,162.81,159.05,159.42,162.18,1497
2026-09-22,MOMIDMTM,MOTILALAMC - MOMIDMTM,62.42,64.68,62.42,63.64,64.03,77472
2026-09-22,MOMNC,MOTILALAMC - MOMNC,31.72,31.73,31.3,31.41,31.65,2870
2026-09-22,MOMOMENTUM,MOTILALAMC - MOMOMENTUM,62.27,62.27,60.83,61.32,61.32,51028
2026-09-22,MON50EQUAL,MOTILALAMC - MON50EQUAL,33.0,33.49,32.34,32.63,32.66,6702
2026-09-22,MONEXT50,MOTILALAMC - MONEXT50,72.2,72.99,71.26,71.54,72.25,4634
2026-09-22,MONIFTY100,MOTILALAMC - MONIFTY100,24.75,24.84,24.57,24.72,24.82,5958
2026-09-22,MONIFTY500,MOTILALAMC - MONIFTY500,23.47,23.59,23.34,23.44,23.47,213318
2026-09-22,MONQ50,MOTILALAMC - MONQ50,317.04,317.04,253.64,253.64,317.04,942885
2026-09-22,MOOILGAS,MOTILALAMC - MOOILGAS,11.27,12.15,10.9,11.51,11.05,14110
2026-09-22,MOPSE,MOTILALAMC - MOPSE,99.26,100.3,98.03,98.42,101.3,4721
2026-09-22,MOQUALITY,MOTILALAMC - MOQUALITY,194.43,194.9,193.11,193.97,193.74,704
2026-09-22,MOREALTY,MOTILALAMC - MOREALTY,87.79,87.79,85.15,86.08,85.65,335647
2026-09-22,MOSERVICE,MOTILALAMC - MOSERVICE,30.37,30.37,30.1,30.2,30.43,17172
2026-09-22,MOSILVER,MOTILALAMC - MOSILVER,230.2,230.2,226.0,227.71,229.59,22873
2026-09-22,MOSMALL250,MOTILALAMC - MOSMALL250,18.37,18.48,18.2,18.3,18.36,395721
2026-09-22,MOTOUR,MOTILALAMC - MOTOUR,78.01,78.71,78.01,78.52,78.01,9292
2026-09-22,MOVALUE,MOTILALAMC - MOVALUE,110.66,111.48,110.13,110.44,110.66,384762
2026-09-22,MOTISONS,MOTISONS JEWELLERS LTD,18.0,18.71,17.88,18.04,17.94,70245799
2026-09-22,MOTOGENFIN,MOTOR & GENERAL FINANCE L,27.4,27.5,26.0,26.28,26.45,110559
2026-09-22,MPHASIS,MPHASIS LIMITED,2298.4,2306.5,2254.5,2265.0,2296.2,506297
2026-09-22,MPSLTD,MPS LIMITED,2605.0,2650.0,2591.8,2603.2,2617.2,4754
2026-09-22,MRF,MRF LTD,125490.0,125755.0,124635.0,124770.0,124855.0,1591
2026-09-22,MRPL,MRPL,167.65,168.06,164.0,164.44,167.03,4279978
2026-09-22,BECTORFOOD,MRS BECTORS FOOD SPE LTD,225.86,226.9,217.01,217.81,225.68,1284560
2026-09-22,MSPL,MSP STEEL & POWER LTD.,33.4,33.8,32.8,33.39,33.28,1337071
2026-09-22,MSTCLTD,MSTC LIMITED,729.1,755.0,728.0,746.95,729.85,255933
2026-09-22,MUFIN,MUFIN GREEN FINANCE LTD,132.84,135.47,131.01,132.69,132.17,610502
2026-09-22,MUKANDLTD,MUKAND LTD.,136.1,143.0,136.03,141.41,136.03,207157
2026-09-22,MUKESHB,MUKESH BABU FINANC SER L,132.7,132.7,127.0,130.5,126.42,51
2026-09-22,MCX,MULTI COMMODITY EXCHANGE,3220.0,3289.8,3212.8,3262.6,3209.0,1069125
2026-09-22,MUNJALAU,MUNJAL AUTO IND. LTD.,105.71,107.49,104.15,104.8,105.71,239397
2026-09-22,MUNJALSHOW,MUNJAL SHOWA LTD,129.3,138.8,126.02,133.32,128.53,173266
2026-09-22,MURUDCERA,MURUDESHWAR CERAMICS LTD,28.5,30.2,28.5,29.23,28.3,27522
2026-09-22,RADIOCITY,MUSIC BROADCAST LIMITED,6.1,6.14,5.98,6.09,6.02,59997
2026-09-22,MUTHOOTCAP,MUTHOOT CAP SERV LTD,228.95,233.18,226.02,229.85,228.87,4638
2026-09-22,MUTHOOTFIN,MUTHOOT FINANCE LIMITED,2855.0,2874.0,2822.0,2831.5,2854.2,484238
2026-09-22,MUTHOOTMF,MUTHOOT MICROFIN LIMITED,189.3,194.44,187.45,188.32,188.75,218153
2026-09-22,MVELECTRO,MV ELECTROSYSTEMS LIMITED,884.9,895.0,851.0,877.35,882.2,1534723
2026-09-22,NRAIL,N R AGARWAL INDS LTD,638.5,678.3,621.05,652.1,627.15,35475
2026-09-22,NTCIND,N T C INDUSTRIES LTD.,134.45,134.99,131.0,133.81,130.68,973
2026-09-22,NBIFIN,N.B.I. IND. FIN. CO. LTD,1998.9,1998.9,1927.0,1948.0,1945.0,6323
2026-09-22,NACLIND,NACL INDUSTRIES LIMITED,144.6,145.44,137.97,138.62,143.9,1558909
2026-09-22,NDGL,NAGA DHUNSERI GROUP LTD,2670.0,2698.9,2521.0,2590.0,2580.6,175
2026-09-22,NAGREEKCAP,NAGREEKA CAP & INFR.LTD,30.0,30.0,28.15,28.46,29.06,17052
2026-09-22,NAGREEKEXP,NAGREEKA EXPORTS LTD.,21.06,22.5,21.06,21.66,21.65,18998
2026-09-22,NAHARCAP,NAHAR CAP & FIN.,256.5,256.5,247.9,249.95,255.75,1357
2026-09-22,NAHARINDUS,NAHAR INDS ENT LTD,131.17,133.9,130.0,131.71,131.7,38768
2026-09-22,NAHARPOLY,NAHAR POLY FILMS LIMITED,223.01,238.09,223.01,232.84,223.41,6546
2026-09-22,NAHARSPING,NAHAR SPINNING MILLS LTD.,280.0,281.9,277.0,277.85,279.9,18714
2026-09-22,NGIL,NAKODA GROUP OF IND. LTD,38.2,40.49,38.16,39.04,38.16,214313
2026-09-22,NSIL,NALWA SONS INVESTMENT LTD,5527.0,5564.0,5490.0,5524.0,5527.0,712
2026-09-22,NDL,NANDAN DENIM LIMITED,2.79,2.79,2.74,2.76,2.79,649914
2026-09-22,JAIPURKURT,NANDANI CREATION LIMITED,25.3,25.3,24.1,24.79,24.9,9986
2026-09-22,NH,NARAYANA HRUDAYALAYA LTD.,1896.9,1913.8,1878.0,1883.3,1896.9,86014
2026-09-22,NARMADA,NARMADA AGROBASE LIMITED,13.47,13.75,13.3,13.42,13.47,434476
2026-09-22,NATCOPHARM,NATCO PHARMA LTD.,819.3,820.0,806.1,815.05,816.3,619357
2026-09-22,NATHBIOGEN,NATH BIO-GENES (I) LTD,153.0,153.76,148.0,148.38,151.8,99665
2026-09-22,NATIONALUM,NATIONAL ALUMINIUM CO LTD,352.95,353.2,348.1,352.2,352.5,2687468
2026-09-22,NFL,NATIONAL FERT. LTD,66.99,67.29,66.57,66.71,66.83,357620
2026-09-22,NATIONSTD,NATIONAL STAND (INDIA) L,116.5,116.85,113.02,114.98,114.76,9396
2026-09-22,NAVA,NAVA LIMITED,558.9,562.35,550.0,550.9,554.65,183108
2026-09-22,NAVINFLUOR,NAVIN FLUORINE INT. LTD,8500.0,8650.0,8411.0,8438.0,8486.5,72911
2026-09-22,NAVKARCORP,NAVKAR CORPORATION LTD.,88.58,90.36,88.58,89.38,88.58,214447
2026-09-22,NAVKARURB,NAVKAR URBANSTRUCTURE LTD,0.9,0.91,0.88,0.91,0.87,284743
2026-09-22,NAVNETEDUL,NAVNEET EDUCATION LTD,125.55,127.05,121.65,123.12,126.82,202463
2026-09-22,NAZARA,NAZARA TECHNOLOGIES LTD,369.0,372.45,366.0,370.45,367.25,548510
2026-09-22,NBCC,NBCC (INDIA) LIMITED,83.18,83.64,81.5,81.9,83.15,4367203
2026-09-22,NCC,NCC LIMITED,136.05,137.62,133.75,134.41,136.03,1592824
2026-09-22,NCLIND,NCL INDUSTRIES LIMITED,176.5,177.4,175.1,175.51,175.68,26986
2026-09-22,NDLVENTURE,NDL VENTURES LIMITED,123.4,126.13,122.5,124.01,124.64,3522
2026-09-22,NDRAUTO,NDR AUTO COMPONENTS LTD,732.2,767.65,732.2,753.2,732.2,39462
2026-09-22,NDTV,NDTV LTD,71.97,73.5,71.0,72.31,71.57,42101
2026-09-22,NECLIFE,NECTAR LIFESCIENCES LTD.,11.05,11.14,10.75,10.83,10.93,130968
2026-09-22,NEAGI,NEELAMALAI AGRO INDS. L,3452.7,3470.0,3452.7,3468.8,3470.0,15
2026-09-22,NELCAST,NELCAST LIMITED,109.49,110.0,108.08,108.9,107.57,58414
2026-09-22,NELCO,NELCO LTD,989.0,1030.0,989.0,1011.75,986.35,421377
2026-09-22,NEOGEN,NEOGEN CHEMICALS LIMITED,2371.6,2397.7,2363.7,2379.2,2359.8,122496
2026-09-22,NEPHROPLUS,NEPHROCARE HEALTH SERV L,753.0,762.1,739.2,749.45,751.6,205974
2026-09-22,NESCO,NESCO LTD.,1080.0,1085.0,1063.5,1069.0,1081.9,39039
2026-09-22,NESTLEIND,NESTLE INDIA LIMITED,1382.2,1392.9,1363.9,1363.9,1385.0,865008
2026-09-22,NETWEB,NETWEB TECH INDIA LTD,4768.0,4835.0,4742.0,4817.0,4718.0,927925
2026-09-22,NPST,NETWORK PEOPLE SRV TECH L,1792.5,1930.0,1792.5,1888.8,1789.6,163372
2026-09-22,NETWORK18,NETWORK18 MEDIA & INV LTD,26.8,27.37,26.71,26.91,26.79,3752909
2026-09-22,NEULANDLAB,NEULAND LAB LTD.,22730.0,23040.0,22435.0,22550.0,22610.0,26441
2026-09-22,NEWGEN,NEWGEN SOFTWARE TECH LTD,497.0,500.75,492.3,495.7,494.1,352708
2026-09-22,NEXTMEDIA,NEXT MEDIAWORKS LIMITED,3.88,3.89,3.64,3.74,3.82,12492
2026-09-22,NGLFINE,NGL FINE CHEM LIMITED,2761.4,2875.0,2695.0,2859.4,2731.6,16029
2026-09-22,NHPC,NHPC LTD,75.89,76.49,75.6,76.01,75.8,9874034
2026-09-22,NIBE,NIBE LIMITED,1399.0,1405.0,1358.9,1369.9,1371.1,65055
2026-09-22,NICCOPAR,NICCO PARKS & RESORTS LTD,82.1,84.9,81.5,81.5,82.1,596
2026-09-22,NIITMTS,NIIT LEARNING SYSTEMS LTD,215.3,219.9,213.37,217.81,215.26,111441
2026-09-22,NIITLTD,NIIT LIMITED,90.57,91.37,88.82,89.52,90.56,132756
2026-09-22,NILAINFRA,NILA INFRASTRUCTURES LTD,6.7,6.74,6.56,6.66,6.62,76534
2026-09-22,NILASPACES,NILA SPACES LIMITED,12.1,12.38,11.97,12.02,12.12,1263682
2026-09-22,NILE,NILE LTD.,1461.0,1468.9,1441.5,1444.9,1458.6,1778
2026-09-22,NILKAMAL,NILKAMAL LIMITED,1899.0,1915.0,1845.4,1864.8,1888.6,16543
2026-09-22,NIMBSPROJ,NIMBUS PROJECTS LIMITED,194.8,194.8,180.54,188.54,186.85,29424
2026-09-22,NINSYS,NINTEC SYSTEMS LIMITED,725.0,725.0,705.25,711.05,713.9,6565
2026-09-22,BANKBEES,NIP IND ETF BANK BEES,587.91,587.91,582.01,583.52,585.29,477077
2026-09-22,CONSUMBEES,NIP IND ETF CONSUMPTION,129.5,129.5,127.51,128.23,128.5,28104
2026-09-22,DIVOPPBEES,NIP IND ETF DIV OPP,75.2,75.2,74.3,74.58,74.93,20835
2026-09-22,NV20BEES,NIP IND ETF ETF NV20,136.18,138.89,135.01,135.7,136.18,10399
2026-09-22,GOLDBEES,NIP IND ETF GOLD BEES,125.56,125.57,124.28,125.0,125.57,21852347
2026-09-22,HNGSNGBEES,NIP IND ETF HANGSENG BEES,465.4,466.98,462.16,462.58,463.13,46908
2026-09-22,INFRABEES,NIP IND ETF INFRA BEES,940.97,944.47,929.88,931.64,936.29,7995
2026-09-22,ITBEES,NIP IND ETF IT,32.34,32.34,31.55,31.77,32.12,11585503
2026-09-22,JUNIORBEES,NIP IND ETF JUNIOR BEES,786.06,786.07,777.0,778.55,782.31,232951
2026-09-22,LIQUIDBEES,NIP IND ETF LIQUID BEES,1000.0,1000.01,999.22,1000.0,1000.0,2523773
2026-09-22,LTGILTBEES,NIP IND ETF LONGTERM GILT,29.83,29.84,29.7,29.74,29.75,3072917
2026-09-22,MID150BEES,NIP IND ETF MIDCAP 150,237.59,237.59,235.5,236.21,236.51,312262
2026-09-22,NIF100BEES,NIP IND ETF NIFTY 100,261.32,261.61,258.7,259.98,260.86,12858
2026-09-22,NIFTYBEES,NIP IND ETF NIFTY BEES,267.85,268.89,266.01,266.64,267.76,5397108
2026-09-22,PSUBNKBEES,NIP IND ETF PSU BANK BEES,93.9,93.9,92.0,92.15,92.76,686677
2026-09-22,SHARIABEES,NIP IND ETF SHARIAH BEES,451.75,451.75,434.0,435.76,440.74,17144
2026-09-22,NAM-INDIA,NIPPON L I A M LTD,1149.0,1164.9,1139.2,1159.0,1146.7,699444
2026-09-22,LIQGRWBEES,NIPPONAMC - LIQGRWBEES,1056.44,1056.46,1056.44,1056.45,1056.31,54659
2026-09-22,MANUFGBEES,NIPPONAMC - MANUFGBEES,162.03,162.03,159.71,160.44,160.43,5380
2026-09-22,AUTOBEES,NIPPONAMC - NETFAUTO,280.61,283.48,279.65,280.12,281.25,175061
2026-09-22,PHARMABEES,NIPPONAMC - NETFPHARMA,28.4,28.4,27.15,27.68,27.76,2961932
2026-09-22,SILVERBEES,NIPPONAMC - NETFSILVER,222.25,222.49,218.42,220.27,222.21,17443388
2026-09-22,SNXT30BEES,NIPPONAMC - SNXT30BEES,42.14,42.33,41.93,42.06,42.14,5894
2026-09-22,NIRAJ,NIRAJ CEMENT STRUC LTD,29.89,29.89,27.66,28.16,28.75,65381
2026-09-22,NIRLON,NIRLON LTD,591.5,605.0,580.0,601.35,594.15,5883
2026-09-22,NITCO,NITCO LIMITED,89.9,93.38,89.45,91.89,89.47,1072518
2026-09-22,NITINSPIN,NITIN SPINNERS LIMITED,613.0,618.0,606.3,608.4,610.8,49283
2026-09-22,NITIRAJ,NITIRAJ ENGINEERS LTD,230.95,230.95,224.0,229.33,227.85,1681
2026-09-22,NITTAGELA,NITTA GELATIN INDIA LTD.,1770.0,1770.0,1691.3,1700.1,1725.8,2217
2026-09-22,NIVABUPA,NIVA BUPA HEALTH INS CO L,80.48,81.5,79.93,80.83,80.48,804858
2026-09-22,NKIND,NK INDUSTRIES LTD,56.66,59.77,56.4,56.55,57.82,590
2026-09-22,NLCINDIA,NLC INDIA LIMITED,266.0,269.8,265.4,267.0,266.65,1009013
2026-09-22,NMDC,NMDC LTD.,80.09,80.31,79.34,80.2,79.8,8885406
2026-09-22,NSLNISP,NMDC STEEL LIMITED,42.8,43.08,42.4,42.51,42.44,2214252
2026-09-22,NOCIL,NOCIL LIMITED,196.3,197.79,191.23,193.89,194.57,789706
2026-09-22,NOIDATOLL,NOIDA TOLL BRIDGE CO LTD,4.0,4.04,3.93,4.0,3.97,40221
2026-09-22,NORBTEAEXP,NORBEN TEA & EXPORTS LTD,66.4,68.8,66.0,66.26,66.2,1057
2026-09-22,NORTHARC,NORTHERN ARC CAPITAL LTD,319.0,320.9,314.1,315.9,319.15,649137
2026-09-22,NOVAAGRI,NOVA AGRITECH LIMITED,23.25,23.31,23.0,23.08,23.28,39425
2026-09-22,NOVARTIND,NOVARTIS INDIA LIMITED,2037.0,2042.0,1960.0,1973.3,2004.1,46906
2026-09-22,NRBBEARING,NRB BEARING LIMITED,525.8,529.0,518.0,520.5,528.5,327766
2026-09-22,NIBL,NRB INDUS. BEARINGS LTD.,30.62,34.99,30.62,33.08,30.62,105959
2026-09-22,NTPCGREEN,NTPC GREEN ENERGY LIMITED,91.8,95.3,91.8,93.31,91.26,10827047
2026-09-22,NTPC,NTPC LTD,326.5,329.0,325.55,327.8,326.4,6219007
2026-09-22,NUCLEUS,NUCLEUS SOFTWARE EXPORTS,682.0,689.95,681.05,685.95,683.95,8452
2026-09-22,NUVAMA,NUVAMA WEALTH MANAGE LTD,1689.4,1710.0,1669.5,1675.7,1687.1,160021
2026-09-22,NUVOCO,NUVOCO VISTAS CORP LTD,330.55,340.6,330.55,338.85,330.55,292607
2026-09-22,OBCL,OBCL LIMITED,58.77,58.77,58.0,58.16,58.77,5112
2026-09-22,OBEROIRLTY,OBEROI REALTY LIMITED,1823.9,1853.0,1802.6,1845.6,1821.0,470585
2026-09-22,ODIGMA,ODIGMA CONSULTANCY SOL L,21.05,21.65,20.9,20.92,20.95,13535
2026-09-22,ODYCORP,ODYSSEY CORPORATION LTD.,6.9,7.29,6.62,7.02,6.92,310960
2026-09-22,ONGC,OIL AND NATURAL GAS CORP.,235.51,236.37,233.75,236.13,235.63,8097173
2026-09-22,OIL,OIL INDIA LTD,476.6,479.15,463.25,467.0,478.35,2648023
2026-09-22,OLAELEC,OLA ELECTRIC MOBILITY LTD,37.15,38.9,37.14,37.78,37.0,73804321
2026-09-22,OLECTRA,OLECTRA GREENTECH LIMITED,1212.0,1256.0,1210.5,1217.2,1205.8,561988
2026-09-22,OMINFRAL,OM INFRA LIMITED,80.6,80.69,78.42,78.93,79.11,33594
2026-09-22,OMPOWER,OM POWER TRANSMISSION LTD,169.37,171.99,167.0,170.34,170.5,50245
2026-09-22,OMAXAUTO,OMAX AUTOS LTD,191.43,197.22,187.21,190.86,191.43,58433
2026-09-22,OMAXE,OMAXE LIMITED,114.0,119.34,114.0,116.5,114.0,773045
2026-09-22,OMNI,OMNITECH ENGINEERING LTD,553.4,571.4,546.05,562.5,551.35,1018160
2026-09-22,PAYTM,ONE 97 COMMUNICATIONS LTD,1808.7,1828.1,1802.6,1814.4,1810.0,1208769
2026-09-22,ONEGLOBAL,ONE GLOBAL SERVICE PROV L,537.3,552.0,519.95,547.9,538.8,10380
2026-09-22,MOBIKWIK,ONE MOBIKWIK SYSTEMS LTD,209.5,214.2,207.7,209.02,209.57,1446487
2026-09-22,ONEPOINT,ONE POINT ONE SOL LTD,60.3,65.2,60.05,63.2,60.03,6891301
2026-09-22,KISSHT,ONEMI TECHNOLOGY SOL LTD,362.5,372.0,350.5,352.55,362.5,1816221
2026-09-22,ONESOURCE,ONESOURCE SPECL PHARMA L,1601.3,1618.9,1585.0,1587.9,1599.2,155059
2026-09-22,ONIDA,ONIDA ELECTRONICS LIMITED,34.3,35.49,34.0,34.73,34.31,628277
2026-09-22,ONIXSOLAR,ONIX SOLAR ENERGY LTD.,328.0,338.0,322.6,322.6,339.55,249185
2026-09-22,ONWARDTEC,ONWARD TECHNOLOGIES LTD,293.9,297.0,284.95,286.6,290.05,26976
2026-09-22,OPTIEMUS,OPTIEMUS INFRACOM LTD,590.0,708.9,590.0,708.9,590.75,8046819
2026-09-22,OPTIFIN,OPTIMUS FINANCE LTD.,13.99,16.71,13.99,16.7,13.93,1436544
2026-09-22,OFSS,ORACLE FIN SERV SOFT LTD.,10962.0,11111.0,10835.0,10989.0,10911.0,232724
2026-09-22,ORCHASP,ORCHASP LIMITED,1.43,1.46,1.31,1.37,1.43,175541
2026-09-22,ORCHPHARMA,ORCHID PHARMA LIMITED,1089.9,1143.5,1075.1,1107.2,1081.8,493833
2026-09-22,ORICONENT,ORICON ENTERPRISES LTD,54.15,56.0,54.15,55.78,54.84,27420
2026-09-22,ORIENTBELL,ORIENT BELL LIMITED,394.9,406.8,391.0,392.8,392.55,14460
2026-09-22,ORIENTCEM,ORIENT CEMENT LTD.,125.07,125.5,122.57,123.19,125.07,361493
2026-09-22,ORIENTCER,ORIENT CERATECH LIMITED,48.29,49.43,47.53,48.08,47.53,207701
2026-09-22,ORIENTELEC,ORIENT ELECTRIC LIMITED,168.01,168.75,165.8,166.54,168.01,82979
2026-09-22,GREENPOWER,ORIENT GREEN POWER CO LTD,9.09,9.18,8.97,9.0,9.04,1950021
2026-09-22,ORIENTHOT,ORIENT HOTELS LTD,145.19,145.19,142.15,142.88,144.06,292194
2026-09-22,ORIENTPPR,ORIENT PAPER AND INDS LTD,17.25,17.5,16.93,16.99,17.15,114990
2026-09-22,ORIENTTECH,ORIENT TECHNOLOGIES LTD,235.77,237.39,233.01,235.08,235.04,86146
2026-09-22,OAL,ORIENTAL AROMATICS LTD,554.8,570.0,550.05,556.9,548.85,64317
2026-09-22,ORIRAIL,ORIENTAL RAIL INFRA L,128.75,128.75,122.21,126.96,116.41,244531
2026-09-22,ORIENTALTL,ORIENTAL TRIMEX LTD,5.08,5.1,4.95,4.98,5.08,53067
2026-09-22,ORISSAMINE,ORISSA MIN DEV CO LTD,3819.0,3894.6,3819.0,3879.7,3820.8,5140
2026-09-22,ORKLAINDIA,ORKLA INDIA LIMITED,579.05,585.4,567.4,569.25,579.05,49707
2026-09-22,ORTINGLOBE,ORTIN GLOBAL LIMITED,15.35,15.64,14.6,14.74,15.36,52473
2026-09-22,OSWALAGRO,OSWAL AGRO MILLS LTD,35.0,35.45,34.61,35.12,34.76,9299
2026-09-22,OSWALGREEN,OSWAL GREENTECH LIMITED,19.75,20.15,19.57,20.06,19.75,65670
2026-09-22,OSWALPUMPS,OSWAL PUMPS LIMITED,277.4,282.45,273.0,273.6,276.2,292752
2026-09-22,PBMPOLY,P B M POLYTEX LTD.,65.0,68.0,65.0,65.01,65.0,1938
2026-09-22,PNGJL,P N GADGIL JEWELLERS LTD,601.05,606.4,596.7,598.4,601.55,131220
2026-09-22,POEL,P O C L ENTERPRISES LTD.,137.35,141.0,137.35,138.05,137.31,20838
2026-09-22,PGHH,P&G HYGIENE & HEALTH CARE,7426.0,7454.0,7200.0,7282.0,7426.0,52867
2026-09-22,PACEDIGITK,PACE DIGITEK LIMITED,165.5,175.37,165.4,167.74,154.86,26735640
2026-09-22,PACIFICI,PACIFIC INDUSTRIES LTD.,144.0,144.0,140.0,140.0,143.6,204
2026-09-22,PAGEIND,PAGE INDUSTRIES LTD,36130.0,37345.0,36075.0,37150.0,35950.0,38196
2026-09-22,PAISALO,PAISALO DIGITAL LIMITED,93.0,94.05,92.51,93.43,92.85,19182757
2026-09-22,PAKKA,PAKKA LIMITED,78.67,79.67,76.35,77.02,78.67,37438
2026-09-22,PALASHSECU,PALASH SECURITIES LTD,86.5,87.0,86.5,86.7,86.89,727
2026-09-22,PALREDTEC,PALRED TECHNOLOGIES LTD,48.2,48.5,46.62,46.95,48.25,316
2026-09-22,PANACEABIO,PANACEA BIOTEC LTD,381.95,393.95,377.0,382.65,376.15,149585
2026-09-22,PANAMAPET,PANAMA PETROCHEM LTD,475.9,485.5,472.3,481.25,475.15,138492
2026-09-22,PANORAMA,PANORAMA STUDIOS INTL. L,56.29,56.5,54.12,55.32,54.89,319717
2026-09-22,PANSARI,PANSARI DEVELOPERS LTD,281.0,281.05,275.2,278.1,279.6,461
2026-09-22,PARADEEP,PARADEEP PHOSPHATES LTD,155.6,157.79,153.51,154.17,155.73,1162417
2026-09-22,PARAGMILK,PARAG MILK FOODS LTD.,278.0,283.0,270.25,279.4,272.4,3909827
2026-09-22,PARACABLES,PARAMOUNT COMM LTD,61.29,62.74,60.9,61.75,61.03,1049848
2026-09-22,PARAS,PARAS DEF AND SPCE TECH L,1413.5,1444.9,1364.4,1375.5,1406.5,723945
2026-09-22,PARASPETRO,PARAS PETROFILS LTD.,2.18,2.18,2.07,2.09,2.14,77231
2026-09-22,PARKHOSPS,PARK MEDI WORLD LIMITED,285.0,288.5,281.0,285.1,284.7,364039
2026-09-22,PARKHOTELS,PARKHOTELS,106.25,109.7,105.2,107.75,106.19,231164
2026-09-22,PARNAXLAB,PARNAX LAB LTD.,118.42,139.8,118.42,129.22,118.42,6455
2026-09-22,PASHUPATI,PASHUPATI COTSPIN LIMITED,80.8,81.19,79.55,80.2,80.19,127639
2026-09-22,PASUPTAC,PASUPATI ACRYLON LIMITED,72.5,78.0,71.75,76.37,71.17,967519
2026-09-22,PATANJALI,PATANJALI FOODS LIMITED,394.0,412.8,394.0,404.0,396.2,15560500
2026-09-22,PATELENG,PATEL ENGINEERING LTD.,25.85,27.87,25.85,26.85,25.75,8482601
2026-09-22,PATINTLOG,PATEL INT. LOG. LTD,14.66,15.19,14.1,14.19,14.64,80249
2026-09-22,PATELRMART,PATEL RETAIL LIMITED,204.6,207.69,203.41,205.36,203.41,38760
2026-09-22,PML,PAUL MERCHANTS LTD.,474.05,498.85,474.05,498.85,490.85,425
2026-09-22,PAUSHAKLTD,PAUSHAK LIMITED,713.05,723.65,696.0,700.95,705.25,28680
2026-09-22,PAVNAIND,PAVNA INDUSTRIES LIMITED,16.09,16.56,15.3,15.46,15.7,192402
2026-09-22,POLICYBZR,PB FINTECH LIMITED,1794.4,1806.4,1773.7,1805.0,1793.0,793833
2026-09-22,PCJEWELLER,PC JEWELLER LTD,12.79,13.72,12.71,13.58,12.79,638501220
2026-09-22,PCBL,PCBL CHEMICAL LIMITED,346.2,354.15,345.7,347.75,344.35,1739256
2026-09-22,PDSL,PDS LIMITED,353.85,367.9,352.65,361.45,353.85,106649
2026-09-22,PGIL,PEARL GLOBAL IND LIMITED,1139.6,1228.0,1139.5,1194.9,1138.4,230499
2026-09-22,PEARLPOLY,PEARL POLYMERS LTD,18.82,18.83,18.15,18.83,17.94,26641
2026-09-22,PENINLAND,PENINSULA LAND LIMITED,16.35,17.7,15.8,17.03,16.19,657910
2026-09-22,PENIND,PENNAR INDUSTRIES LTD,172.9,176.7,171.72,174.14,171.07,375240
2026-09-22,PERMAGN,PERMANENT MAGNETS LTD.,850.0,850.0,827.7,837.85,836.65,3008
2026-09-22,PERSISTENT,PERSISTENT SYSTEMS LTD,5454.5,5463.0,5359.0,5366.0,5449.0,350423
2026-09-22,PETRONET,PETRONET LNG LIMITED,287.6,288.25,280.3,281.75,287.5,1996961
2026-09-22,PFIZER,PFIZER LTD,4050.0,4050.0,3990.5,3998.9,4035.7,10508
2026-09-22,PGEL,PG ELECTROPLAST LTD,540.0,541.45,519.0,520.2,536.55,855489
2026-09-22,PHOENXINTL,PHOENIX INTERNATIONAL LTD,28.9,28.9,27.8,28.35,27.95,810
2026-09-22,PWL,PHYSICSWALLAH LIMITED,135.01,136.84,132.5,136.35,134.76,6126383
2026-09-22,PIIND,PI INDUSTRIES LTD,2364.9,2428.7,2350.0,2410.0,2321.8,837735
2026-09-22,PICCADIL,PICCADILY AGRO INDUSTRI L,594.7,624.35,591.3,614.8,591.2,255580
2026-09-22,PIDILITIND,PIDILITE INDUSTRIES LTD,1576.3,1587.0,1562.7,1572.7,1573.2,482511
2026-09-22,PILITA,PIL ITALICA LIFESTYLE LTD,7.3,7.52,7.3,7.38,7.3,19689
2026-09-22,PILANIINVS,PILANI INV & IND COR LTD,4060.0,4072.8,4006.0,4008.3,4027.1,1454
2026-09-22,PINELABS,PINE LABS LIMITED,195.25,204.95,191.63,197.58,193.7,82008849
2026-09-22,PIONEEREMB,PIONEER EMBROIDERIES LTD,22.5,22.5,22.0,22.28,22.32,8614
2026-09-22,PIRAMALFIN,PIRAMAL FINANCE LIMITED,2220.4,2231.9,2176.3,2206.7,2220.4,265963
2026-09-22,PPLPHARMA,PIRAMAL PHARMA LIMITED,215.5,215.97,209.5,210.12,214.66,2470090
2026-09-22,PITTIENG,PITTI ENGINEERING LIMITED,1140.0,1142.4,1113.4,1121.9,1134.4,41005
2026-09-22,PIXTRANS,PIX TRANSMISSIONS LIMITED,1730.7,1754.1,1724.1,1733.0,1730.7,8411
2026-09-22,PLASTIBLEN,PLASTIBLENDS INDIA LTD,186.79,189.5,185.0,185.94,185.67,7913
2026-09-22,PLATIND,PLATINUM INDUSTRIES LTD,212.75,217.49,210.25,216.07,211.08,67727
2026-09-22,PLAZACABLE,PLAZA WIRES LIMITED,61.7,63.54,60.45,62.27,61.7,92063
2026-09-22,PNBGILTS,PNB GILTS LIMITED,76.61,80.0,76.02,76.23,76.88,402524
2026-09-22,PNBHOUSING,PNB HOUSING FIN LTD.,1139.8,1147.7,1121.0,1125.6,1141.1,217294
2026-09-22,PNCINFRA,PNC INFRATECH LTD.,140.47,143.9,138.34,139.62,140.47,1611269
2026-09-22,PNC,PNC MEDIA AND ENT LTD,16.5,16.8,16.15,16.42,16.66,4378
2026-09-22,PNGSREVA,PNGS REVA DIAMOND JEWEL L,511.9,529.0,508.0,511.7,511.05,167836
2026-09-22,PODDARMENT,PODDAR PIGMENTS LIMITED,290.0,290.0,282.0,288.7,289.15,2054
2026-09-22,POKARNA,POKARNA LIMITED,739.7,747.45,730.0,732.55,732.9,47211
2026-09-22,POLYMED,POLY MEDICURE LIMITED,1715.4,1728.0,1695.5,1699.0,1706.2,59651
2026-09-22,POLYCAB,POLYCAB INDIA LIMITED,8400.0,8442.0,8345.0,8350.0,8369.5,231281
2026-09-22,POLYPLEX,POLYPLEX CORPORATION LTD,1108.0,1118.9,1082.4,1091.6,1107.7,33912
2026-09-22,POLYSPIN,POLYSPIN EXPORTS LTD.,30.6,30.6,28.0,28.51,30.0,2465
2026-09-22,POCL,PONDY OXIDES & CHEM LTD,476.0,482.5,470.05,472.95,472.85,349421
2026-09-22,PONNIERODE,PONNIE SUGARS (ERODE) LTD,359.4,369.45,359.0,362.8,354.1,14405
2026-09-22,POONAWALLA,POONAWALLA FINCORP LTD,468.2,478.45,468.2,471.9,471.0,787982
2026-09-22,PVSL,POPULAR VEHICLES N SER L,99.75,100.99,99.0,99.92,99.38,11215
2026-09-22,PFC,POWER FIN CORP LTD.,345.2,346.5,343.1,345.8,344.75,7604431
2026-09-22,POWERGRID,POWER GRID CORP. LTD.,267.0,268.3,265.95,265.95,266.1,7314792
2026-09-22,PIGL,POWER INSTRUMENT (G) LTD,101.9,102.0,99.9,101.06,101.05,19598
2026-09-22,POWERMECH,POWER MECH PROJECTS LTD.,2455.0,2491.3,2410.0,2443.1,2444.2,32584
2026-09-22,POWERICA,POWERICA LIMITED,579.95,579.95,549.8,559.3,568.1,113348
2026-09-22,PRABHA,PRABHA ENERGY LIMITED,230.23,241.73,230.23,235.72,230.12,249425
2026-09-22,PRAJIND,PRAJ INDUSTRIES LTD,312.5,323.2,312.5,317.55,312.15,502874
2026-09-22,PRAENG,PRAJAY ENG. SYN. LTD.,22.49,22.8,21.35,21.56,22.26,25926
2026-09-22,PRAKASH,PRAKASH INDUSTRIES LTD,121.0,125.73,118.3,119.12,120.09,564037
2026-09-22,PRAKASHSTL,PRAKASH STEELAGE LTD,3.81,3.82,3.66,3.72,3.69,65227
2026-09-22,PRANAV,PRANAV CONSTRUCTIONS LTD,105.98,106.07,101.89,102.87,105.25,2894567
2026-09-22,PRASOLCHEM,PRASOL CHEMICALS LIMITED,685.05,710.4,676.0,704.75,681.4,413042
2026-09-22,DIAMONDYD,PRATAAP SNACKS LIMITED,1110.8,1110.8,1089.3,1090.3,1099.3,3469
2026-09-22,PRAVEG,PRAVEG LTD.,253.9,263.95,252.05,255.85,252.3,26918
2026-09-22,PRAXIS,PRAXIS HOME RETAIL LTD,4.32,4.35,4.2,4.35,4.22,39242
2026-09-22,PRECAM,PRECISION CAMSHAFTS LTD.,117.42,120.9,116.81,118.87,117.42,110105
2026-09-22,PRECWIRE,PRECISION WIRES INDIA LTD,471.0,499.65,471.0,491.1,473.7,960152
2026-09-22,PRECOT,PRECOT LIMITED,709.0,709.0,668.85,674.6,689.85,2741
2026-09-22,PREMCO,PREMCO GLOBAL LTD.,400.0,403.85,390.5,402.0,397.0,354
2026-09-22,PREMIERENE,PREMIER ENERGIES LIMITED,914.6,920.0,896.2,907.2,919.9,1202025
2026-09-22,PREMEXPLN,PREMIER EXPLOSIVES LTD,677.9,677.9,671.0,674.25,675.15,109557
2026-09-22,PREMIERPOL,PREMIER POLYFILM LTD,79.96,82.0,79.18,81.02,79.3,94173
2026-09-22,PRESTIGE,PRESTIGE ESTATE LTD,1483.0,1495.1,1454.0,1479.6,1474.0,512562
2026-09-22,PRICOLLTD,PRICOL LIMITED,756.5,776.0,752.4,768.1,756.5,210797
2026-09-22,PFOCUS,PRIME FOCUS LIMITED,352.6,362.0,346.1,357.45,352.65,4255646
2026-09-22,PRIMESECU,PRIME SECURITIES LIMITED,300.0,300.0,287.3,290.2,298.7,8958
2026-09-22,PRIMO,PRIMO CHEMICALS LIMITED,22.31,23.3,21.26,22.69,22.31,174515
2026-09-22,PRINCEPIPE,PRINCE PIPES FITTINGS LTD,266.3,269.25,264.1,265.25,266.1,99974
2026-09-22,PRIORITY,PRIORITY JEWELS LIMITED,232.0,236.0,221.41,223.5,231.88,124239
2026-09-22,PRSMJOHNSN,PRISM JOHNSON LIMITED,117.65,117.65,115.5,116.08,116.44,173322
2026-09-22,PRISMX,PRISMX GLOBAL VENTURES L,0.56,0.56,0.54,0.55,0.55,88701
2026-09-22,PRITI,PRITI INTERNATIONAL LTD,33.59,33.88,32.0,32.9,32.93,6371
2026-09-22,PRIVISCL,PRIVI SPECIALITY CHE LTD,3535.3,3571.2,3493.3,3515.2,3525.6,41202
2026-09-22,PGHL,PROCTER & GAMBLE HEALTH L,5480.0,5544.5,5406.0,5459.0,5503.5,5659
2026-09-22,PROSTARM,PROSTARM INFO SYSTEMS LTD,128.03,130.0,127.09,127.84,128.4,66825
2026-09-22,PROTEAN,PROTEAN EGOV TECHNO LTD,575.0,656.9,568.35,620.65,588.35,14817622
2026-09-22,PROZONER,PROZONE REALTY LIMITED,53.39,53.39,51.5,52.23,52.9,432191
2026-09-22,PRUDENT,PRUDENT CORP ADV SER LTD,3426.8,3468.8,3393.0,3403.7,3426.8,9530
2026-09-22,PRUDMOULI,PRUDENTIAL SUGAR CORPORAT,14.0,14.69,13.61,13.71,14.19,25129
2026-09-22,PSPPROJECT,PSP PROJECTS LIMITED,828.95,855.6,821.25,828.7,820.15,54861
2026-09-22,PFS,PTC INDIA FIN SERV LTD,27.03,27.09,26.31,26.43,26.73,261099
2026-09-22,PTC,PTC INDIA LIMITED,156.78,157.95,155.08,155.63,156.28,1053065
2026-09-22,PTCIL,PTC INDUSTRIES LIMITED,22320.0,22455.0,22005.0,22130.0,22300.0,15358
2026-09-22,PTL,PTL ENTERPRISES LTD,38.44,38.59,38.05,38.35,38.3,16578
2026-09-22,PDMJEPAPER,PUDUMJEE PAPER PRO. LTD,99.42,101.42,97.0,97.36,98.18,118631
2026-09-22,PSB,PUNJAB & SIND BANK,21.95,22.06,21.81,21.93,21.95,468789
2026-09-22,PUNJABCHEM,PUNJAB CHEM & CROP PROT L,1072.0,1085.9,1052.5,1066.2,1064.8,6041
2026-09-22,PNB,PUNJAB NATIONAL BANK,118.45,118.74,116.7,117.0,118.0,8967547
2026-09-22,PURVA,PURAVANKARA LIMITED,214.94,223.7,214.0,216.69,214.94,395080
2026-09-22,PERNIASPOP,PURPLE STYLE LABS LIMITED,533.7,549.75,533.5,545.75,533.35,92753
2026-09-22,PVP,PVP VENTURES LIMITED,65.35,65.35,63.7,65.35,62.24,789426
2026-09-22,PVRINOX,PVR INOX LIMITED,1350.0,1352.8,1306.0,1334.8,1349.3,388638
2026-09-22,PYRAMID,PYRAMID TECHNOPLAST LTD,157.67,159.05,155.43,157.79,157.67,16861
2026-09-22,QUADFUTURE,QUADRANT FUTURE TEK LTD,538.0,551.45,516.9,522.4,536.0,701484
2026-09-22,QPOWER,QUALITY POWER ELEC EQUP L,1500.0,1539.1,1487.5,1491.6,1486.4,215820
2026-09-22,QGOLDHALF,QUANTUM GOLD ETF,125.82,125.9,124.6,125.2,125.82,142236
2026-09-22,QNIFTY,QUANTUM NIFTY 50 ETF,257.62,261.9,257.0,257.6,258.5,5541
2026-09-22,SILVER001,QUANT_AMC - SILVER001,23.93,24.15,23.11,23.34,23.55,74232
2026-09-22,QUESS,QUESS CORP LIMITED,359.65,372.25,357.8,360.45,363.1,403546
2026-09-22,QUICKHEAL,QUICK HEAL TECH LTD,151.84,156.0,151.4,152.32,151.79,114004
2026-09-22,RKSWAMY,R K SWAMY LIMITED,91.05,91.5,87.25,87.8,88.79,20496
2026-09-22,RRIL,R R I L LTD.,16.3,16.5,15.51,16.11,16.38,28596
2026-09-22,RRKABEL,R R KABEL LIMITED,2416.0,2491.0,2414.5,2472.5,2411.7,317242
2026-09-22,RSYSTEMS,R SYS INTERNATIONAL LTD,242.31,244.89,238.15,239.45,243.08,93080
2026-09-22,RTSPOWR,R T S POWER CORPN. LTD.,90.0,91.5,85.3,90.06,87.96,6801
2026-09-22,RSSOFTWARE,R. S. SOFTWARE (INDIA) LI,30.3,31.74,29.7,31.6,30.23,48181
2026-09-22,RPPINFRA,R.P.P INFRA PROJECTS LTD,53.05,55.49,53.05,54.98,53.56,27867
2026-09-22,RACE,RACE ECO CHAIN LIMITED,102.0,119.98,99.94,119.98,99.99,682329
2026-09-22,RACLGEAR,RACL GEARTECH LIMITED,1717.0,1813.0,1713.1,1758.0,1716.7,64952
2026-09-22,RADAAN,RADAAN MEDIAWORKS (I) LTD,2.88,2.88,2.81,2.87,2.82,14744
2026-09-22,RADIANTCMS,RADIANT CASH MGMT SER LTD,35.39,35.99,35.13,35.24,35.24,263083
2026-09-22,RADICO,RADICO KHAITAN LTD,4493.0,4512.3,4436.0,4448.8,4480.0,160829
2026-09-22,RPEL,RAGHAV PRODUCTIVITY ENH L,1714.9,1760.0,1713.8,1742.3,1692.2,70679
2026-09-22,RVNL,RAIL VIKAS NIGAM LIMITED,211.0,213.3,209.63,211.15,209.71,4049857
2026-09-22,RAILTEL,RAILTEL CORP OF IND LTD,260.2,266.15,258.3,263.9,260.25,469926
2026-09-22,RAIN,RAIN INDUSTRIES LIMITED,212.98,221.0,212.6,219.54,212.18,4482583
2026-09-22,RAINBOW,RAINBOW CHILDRENS MED LTD,1442.0,1454.6,1411.2,1430.9,1439.6,95288
2026-09-22,ROML,RAJ OIL MILLS LIMITED,40.55,41.68,40.29,41.14,40.71,3417
2026-09-22,RAJTV,RAJ TV NETWORK LTD,9.09,9.31,8.84,9.31,8.87,128187
2026-09-22,RAJPALAYAM,RAJAPALAYAM MILLS LTD.,772.35,778.5,757.0,758.5,768.55,367
2026-09-22,ARENTERP,RAJDARSHAN INDUSTRIES LTD,34.7,34.79,27.6,34.77,34.49,4820
2026-09-22,RAJMET,RAJNANDINI METAL LIMITED,3.16,3.19,3.12,3.14,3.12,283086
2026-09-22,RSL,RAJPUTANA STAINLESS LTD,199.9,202.22,186.05,187.27,197.88,483336
2026-09-22,RAJRATAN,RAJRATAN GLOBAL WIRE LTD,452.0,461.0,445.0,450.2,452.75,86400
2026-09-22,RAJSREESUG,RAJSHREE SUGAR & CHEMICAL,32.48,32.9,31.4,32.16,32.32,24067
2026-09-22,RALLIS,RALLIS INDIA LTD,202.0,203.44,199.23,201.95,202.15,559902
2026-09-22,RAMRAT,RAM RATNA WIRES LIMITED,550.1,571.8,545.85,562.75,550.1,812222
2026-09-22,RAMAPHO,RAMA PHOSPHATES LIMITED,121.21,123.5,120.05,120.16,120.98,12642
2026-09-22,RAMCOIND,RAMCO INDUSTRIES LIMITED,323.8,328.65,319.5,320.85,326.15,46173
2026-09-22,RAMCOSYS,RAMCO SYSTEMS LTD.,564.0,592.4,564.0,592.4,564.2,92608
2026-09-22,RKFORGE,RAMKRISHNA FORGINGS LTD,719.4,741.0,712.1,716.25,716.5,660677
2026-09-22,RAMKY,RAMKY INFRA LTD,320.05,323.95,314.3,316.55,317.0,33762
2026-09-22,RANASUG,RANA SUGARS LTD.,14.11,14.39,14.04,14.11,14.18,237048
2026-09-22,RML,RANE (MADRAS) LIMITED,1345.6,1384.4,1341.1,1347.9,1345.6,37741
2026-09-22,RANEHOLDIN,RANE HOLDINGS LIMITED,1584.3,1600.0,1571.5,1585.6,1570.8,5656
2026-09-22,RPTECH,RASHI PERIPHERALS LIMITED,812.0,900.0,812.0,883.55,811.9,726954
2026-09-22,RCF,RASHTRIYA CHEMICALS & FER,109.24,109.5,107.45,107.63,108.74,957267
2026-09-22,RATEGAIN,RATEGAIN TRAVEL TECHN LTD,844.9,858.0,834.0,837.5,842.3,277542
2026-09-22,RATNAMANI,RATNAMANI MET & TUB LTD.,2777.0,2802.0,2765.0,2781.7,2776.9,27421
2026-09-22,RATNAVEER,RATNAVEER PRECISION ENG L,336.2,341.1,327.0,332.3,334.55,6199353
2026-09-22,RTNINDIA,RATTANINDIA ENT LIMITED,27.17,28.39,27.06,27.22,27.08,1363637
2026-09-22,RTNPOWER,RATTANINDIA POWER LIMITED,7.11,7.21,7.05,7.06,7.11,13563610
2026-09-22,RKDL,RAVI KUMAR DIST. LTD.,18.76,19.16,18.21,18.85,18.66,86335
2026-09-22,RVHL,RAVINDER HEIGHTS LIMITED,39.8,40.5,39.2,39.65,40.01,5919
2026-09-22,RELTD,RAVINDRA ENERGY LIMITED,143.99,153.58,143.99,151.26,143.93,195108
2026-09-22,RAYMONDLSL,RAYMOND LIFESTYLE LIMITED,652.4,667.15,647.55,652.8,646.15,312338
2026-09-22,RAYMOND,RAYMOND LTD,1090.0,1193.4,1089.95,1116.95,1084.95,4950372
2026-09-22,RAYMONDREL,RAYMOND REALTY LIMITED,587.0,612.4,586.0,589.5,585.45,765481
2026-09-22,RBLBANK,RBL BANK LIMITED,404.3,424.4,402.85,423.2,402.4,7366610
2026-09-22,RRECL,RDB REAL ESTATE CONS L,138.8,138.8,137.0,137.0,138.8,156
2026-09-22,RECLTD,REC LIMITED,310.3,311.0,307.1,307.1,310.2,4641953
2026-09-22,REDINGTON,REDINGTON LIMITED,394.0,412.2,392.6,410.35,392.05,5662870
2026-09-22,REDTAPE,REDTAPE LIMITED,116.41,120.0,115.9,118.8,116.41,543970
2026-09-22,REFEX,REFEX INDUSTRIES LIMITED,293.2,296.9,289.05,291.0,293.2,525817
2026-09-22,REGAAL,REGAAL RESOURCES LIMITED,83.44,100.12,82.6,97.21,83.44,8177219
2026-09-22,REGENCERAM,REGENCY CERAMICS LTD.,32.0,33.55,31.99,33.3,31.02,2947
2026-09-22,RELAXO,RELAXO FOOT LTD.,295.95,298.0,291.5,292.65,293.55,209982
2026-09-22,GILT5YBEES,RELCAPAMC - NETFGILT5Y,65.95,66.02,65.78,65.92,65.84,145399
2026-09-22,RELIABLE,RELIABLE DATA SERVICE LTD,142.1,147.98,141.15,142.05,141.01,20777
2026-09-22,RELCHEMQ,RELIANCE CHEMOTEX IND LTD,118.0,119.8,116.0,117.61,118.72,2469
2026-09-22,RIIL,RELIANCE INDUSTRIAL INFRA,712.0,719.95,703.8,709.7,705.35,36666
2026-09-22,RELIANCE,RELIANCE INDUSTRIES LTD,1247.6,1251.9,1237.4,1240.4,1247.4,10684376
2026-09-22,RPOWER,RELIANCE POWER LTD.,21.02,21.32,20.82,20.89,21.0,15218039
2026-09-22,IVZBANKNF,RELIGARAMC - IVZBANKNF,56.54,56.57,56.15,56.24,56.39,35
2026-09-22,IVZSENSEX,RELIGARAMC - IVZSENSEX,77.0,77.0,74.6,74.6,75.13,2559
2026-09-22,RELIGARE,RELIGARE ENTER. LTD.,252.01,253.09,248.4,249.17,253.21,903971
2026-09-22,REMSONSIND,REMSONS INDUSTRIES LTD,97.99,99.85,96.1,97.82,96.02,111502
2026-09-22,RGL,RENAISSANCE GLOBAL LTD,162.24,162.96,155.51,156.78,161.55,467283
2026-09-22,RENTOMOJO,RENTOMOJO LIMITED,542.0,546.0,520.0,524.9,539.75,3415248
2026-09-22,REPCOHOME,REPCO HOME FINANCE LTD,362.15,362.15,355.0,357.25,362.15,62778
2026-09-22,REPRO,REPRO INDIA LIMITED,299.85,300.0,295.3,298.2,299.4,10077
2026-09-22,RESPONIND,RESPONSIVE INDUSTRIES LTD,160.0,162.47,156.48,157.38,160.26,83796
2026-09-22,RBA,RESTAURANT BRAND ASIA LTD,95.7,95.7,92.14,93.64,95.22,3566634
2026-09-22,RVTH,REVATHI EQUIPMENT INDIA L,685.0,685.35,670.05,671.55,679.35,132
2026-09-22,RHETAN,RHETAN TMT LIMITED,17.67,18.8,17.67,17.67,18.6,5520962
2026-09-22,RHIM,RHI MAGNESITA INDIA LTD,392.6,397.85,372.2,379.2,368.0,11882563
2026-09-22,RICOAUTO,RICO AUTO INDUSTRIES LTD,128.9,130.9,127.31,128.14,128.43,457519
2026-09-22,RIR,RIR POWER ELECTRONICS L,196.0,199.75,188.87,191.56,194.45,1078839
2026-09-22,RISHABH,RISHABH INSTRUMENTS LTD,750.0,765.95,731.15,736.55,748.05,108922
2026-09-22,RITCO,RITCO LOGISTICS LIMITED,285.0,290.2,280.9,287.2,283.6,67260
2026-09-22,RITES,RITES LIMITED,203.98,208.34,203.0,203.6,203.23,578211
2026-09-22,RKEC,RKEC PROJECTS LIMITED,18.61,18.61,17.4,18.43,18.36,19316
2026-09-22,RMC,RMC SWITCHGEARS LIMITED,217.51,228.16,217.51,225.2,216.64,28244
2026-09-22,RHL,ROBUST HOTELS LIMITED,176.0,179.99,173.0,174.82,176.5,4903
2026-09-22,ROLEXRINGS,ROLEX RINGS LIMITED,172.7,175.85,172.06,172.5,172.68,534690
2026-09-22,ROSSARI,ROSSARI BIOTECH LIMITED,441.65,445.9,435.0,442.25,441.0,88725
2026-09-22,ROSSELLIND,ROSSELL INDIA LIMITED,52.27,52.5,51.3,51.92,51.96,37290
2026-09-22,ROSSTECH,ROSSELL TECHSYS LIMITED,1363.8,1505.0,1363.7,1494.1,1359.7,1051024
2026-09-22,ROTO,ROTO PUMPS LIMITED,63.24,63.8,62.5,62.8,62.75,234959
2026-09-22,ROUTE,ROUTE MOBILE LIMITED,468.9,471.3,462.2,463.95,469.2,187200
2026-09-22,ROHLTD,ROYAL ORCHID HOTELS LTD,314.0,314.0,305.15,306.0,308.5,8254
2026-09-22,RPGLIFE,RPG LIFE SCIENCES LTD,2760.3,2819.9,2722.1,2746.9,2760.2,7450
2026-09-22,RPSGVENT,RPSG VENTURES LIMITED,855.65,857.0,831.5,841.65,843.4,23708
2026-09-22,RSWM,RSWM LIMITED,234.4,234.9,225.55,227.01,231.4,95632
2026-09-22,RUBFILA,RUBFILA INTERNATIONAL LTD,67.8,67.88,66.02,66.97,67.88,40794
2026-09-22,RUBICON,RUBICON RESEARCH LIMITED,1720.0,1730.8,1662.0,1671.2,1732.6,344602
2026-09-22,RUCHINFRA,RUCHI INFRASTRUCTURE LTD,5.07,5.2,4.96,5.01,4.98,70765
2026-09-22,RUCHIRA,RUCHIRA PAPERS LIMITED,108.0,108.0,105.6,105.93,109.13,14598
2026-09-22,RUDRA,RUDRA GLOBAL INFRA PROD L,20.43,20.5,20.0,20.1,20.23,15293
2026-09-22,REPL,RUDRABHISHEK ENTERP LTD,59.5,59.5,56.0,57.67,59.25,3370
2026-09-22,RUPA,RUPA & COMPANY LTD,137.1,138.8,136.8,138.52,137.22,75272
2026-09-22,RUSHIL,RUSHIL DECOR LIMITED,16.2,17.5,16.2,16.7,16.28,592262
2026-09-22,SAB,S A B INDUSTRIES LTD.,174.15,174.15,170.0,174.15,174.15,5
2026-09-22,SCHAND,S CHAND AND COMPANY LTD,135.25,135.97,131.1,133.75,134.28,30117
2026-09-22,SHK,S H KELKAR AND CO. LTD.,136.27,141.02,136.27,138.28,136.26,210414
2026-09-22,SVGLOBAL,S V GLOBAL MILL LTD.,159.0,159.5,150.2,155.6,160.65,7057
2026-09-22,S&SPOWER,S&S POWER SWITCHGEARS LTD,323.1,330.05,318.6,325.45,322.5,4106
2026-09-22,SPAL,S. P. APPARELS LIMITED,977.7,991.0,972.5,979.7,973.1,20612
2026-09-22,SALSTEEL,S.A.L. STEEL LTD.,82.36,84.8,79.49,80.98,82.26,715814
2026-09-22,SAATVIKGL,SAATVIK GREEN ENERGY LTD,434.2,451.0,428.8,446.75,431.6,345259
2026-09-22,SADBHAV,SADBHAV ENGINEERING LTD,7.5,7.73,7.46,7.68,7.5,115553
2026-09-22,SADBHIN,SADBHAV INFRA PROJ LTD.,2.52,2.59,2.46,2.58,2.49,117847
2026-09-22,SAFARI,SAFARI IND (INDIA) LTD,1494.0,1517.4,1480.5,1498.5,1485.7,29262
2026-09-22,SAGCEM,SAGAR CEMENTS LIMITED,152.6,154.72,151.0,151.32,152.7,45894
2026-09-22,SAGARDEEP,SAGARDEEP ALLOYS LIMITED,23.03,23.87,23.03,23.39,23.39,4115
2026-09-22,SAGILITY,SAGILITY LIMITED,46.0,46.24,45.51,45.61,45.95,7493649
2026-09-22,SAHYADRI,SAHYADRI INDUSTRIES LTD,367.6,380.0,358.55,360.25,370.95,6899
2026-09-22,SAICAPI,SAI CAPITAL LTD.,159.99,159.99,142.5,152.52,156.99,55
2026-09-22,SAILIFE,SAI LIFE SCIENCES LIMITED,1608.1,1615.0,1592.5,1600.5,1608.0,274572
2026-09-22,SAIPARENT,SAI PARENTERALS LIMITED,513.15,517.35,505.0,506.65,510.85,27104
2026-09-22,KALAMANDIR,SAI SILKS (KALAMANDIR) L,79.53,79.96,77.51,78.08,79.14,352318
2026-09-22,SEKURITIND,SAINT GOBAIN SEKUR IND L,113.21,115.79,112.41,114.35,113.6,26965
2026-09-22,SAKAR,SAKAR HEALTHCARE LIMITED,1168.0,1196.9,1145.0,1188.4,1158.45,107278
2026-09-22,SAKSOFT,SAKSOFT LIMITED,147.0,147.0,143.74,144.36,146.62,221274
2026-09-22,SAKHTISUG,SAKTHI SUGARS LTD,18.55,18.8,18.21,18.3,18.21,86231
2026-09-22,SAKUMA,SAKUMA EXPORTS LIMITED,1.52,1.53,1.51,1.52,1.53,822511
2026-09-22,SALASAR,SALASAR TECHNO ENGG. LTD.,4.86,5.0,4.86,4.96,4.86,3500589
2026-09-22,SALONA,SALONA COTSPIN LTD.,261.1,280.0,261.05,271.5,261.05,5038
2026-09-22,SALZERELEC,SALZER ELECTRONICS LTD,548.95,563.1,542.35,545.95,546.65,39062
2026-09-22,SAMBHAAV,SAMBHAAV MEDIA LTD,6.0,6.29,5.9,5.96,6.06,36588
2026-09-22,SAMBHV,SAMBHV STEEL TUBES LTD,155.9,156.0,150.8,151.94,155.13,5785775
2026-09-22,SAMHI,SAMHI HOTELS LIMITED,159.59,161.69,159.0,159.52,160.26,527288
2026-09-22,SAMMAANCAP,SAMMAAN CAPITAL LIMITED,143.5,144.95,141.75,142.36,142.88,2980044
2026-09-22,SAMPANN,SAMPANN UTPADAN INDIA LTD,24.89,24.89,23.76,24.1,24.07,14344
2026-09-22,MOTHERSON,SAMVRDHNA MTHRSN INTL LTD,162.75,163.9,161.21,161.77,162.91,8031394
2026-09-22,SANATHAN,SANATHAN TEXTILES LIMITED,479.9,482.45,466.8,471.3,479.9,34433
2026-09-22,SANDESH,SANDESH LTD,1055.0,1055.0,1032.0,1038.7,1048.3,412
2026-09-22,SANDHAR,SANDHAR TECHNOLOGIES LTD,594.0,599.8,583.4,586.3,591.45,76254
2026-09-22,SANDUMA,SANDUR MANG & IRON ORES L,183.15,186.47,182.21,183.24,183.15,386959
2026-09-22,SANGAMIND,SANGAM (INDIA) LTD,582.85,582.85,556.8,569.3,578.8,10602
2026-09-22,SANGHVIMOV,SANGHVI MOVERS LTD,437.0,444.9,433.1,438.8,436.65,154791
2026-09-22,SANOFICONR,SANOFI CONS HEALTHC IND L,3997.6,4024.8,3960.0,3993.0,3997.6,3410
2026-09-22,SANOFI,SANOFI INDIA LIMITED,3077.8,3091.1,3053.0,3058.8,3077.3,13451
2026-09-22,SANSERA,SANSERA ENGINEERING LTD,4489.9,4630.0,4393.3,4586.5,4297.0,914987
2026-09-22,SANSTAR,SANSTAR LIMITED,113.46,114.85,112.1,112.61,112.34,164181
2026-09-22,SAPPHIRE,SAPPHIRE FOODS INDIA LTD,239.6,239.6,232.56,237.24,238.37,675367
2026-09-22,ZSARACOM,SARASWATI COMM (INDIA) L,10282.0,10535.0,10282.0,10485.0,10282.0,9
2026-09-22,SSDL,SARASWATI SAREE DEPOT LTD,62.78,70.99,62.77,65.71,60.28,490278
2026-09-22,SARDAEN,SARDA ENERGY & MIN LTD,505.95,510.0,500.55,503.35,503.25,219099
2026-09-22,SAREGAMA,SAREGAMA INDIA LIMITED,488.2,508.85,486.45,503.35,488.2,406636
2026-09-22,SARLAPOLY,SARLA PERF. FIBERS LTD,98.15,100.5,97.09,99.26,98.68,65467
2026-09-22,SMLT,SARTHAK METALS LIMITED,61.5,61.5,58.5,60.77,59.98,3830
2026-09-22,SARVESHWAR,SARVESHWAR FOODS LIMITED,3.74,3.74,3.66,3.67,3.69,801580
2026-09-22,SASKEN,SASKEN TECHNOLOGIES LTD,1738.0,1795.5,1700.0,1755.6,1710.0,62363
2026-09-22,SATIA,SATIA INDUSTRIES LIMITED,67.69,68.95,66.11,67.41,67.68,70149
2026-09-22,SATIN,SATIN CREDIT NET LTD,223.4,225.1,218.51,223.2,221.12,156325
2026-09-22,SAURASHCEM,SAURASHTRA CEMENT LIMITED,53.14,54.0,52.71,53.15,53.22,44355
2026-09-22,SOTL,SAVITA OIL TECHNOLO. LTD,728.6,733.35,714.55,724.35,724.7,190337
2026-09-22,SAYAJIHOTL,SAYAJI HOTELS LTD.,329.9,329.9,309.15,309.15,319.35,266
2026-09-22,SAYAJIIND,SAYAJI INDUSTRIES LTD.,120.42,121.0,119.79,121.0,120.42,1013
2026-09-22,SBC,SBC EXPORTS LIMITED,49.19,49.49,49.19,49.23,49.2,7180385
2026-09-22,SBFC,SBFC FINANCE LIMITED,91.01,91.44,90.27,90.41,91.28,623342
2026-09-22,SBICARD,SBI CARDS & PAY SER LTD,637.1,642.65,630.65,634.95,637.0,676501
2026-09-22,SBIFUNDS,SBI FUNDS MANAGEMENT LTD,552.5,554.9,544.0,546.0,552.6,526991
2026-09-22,SBILIFE,SBI LIFE INSURANCE CO LTD,1761.1,1772.7,1740.0,1756.3,1756.0,329671
2026-09-22,SETFGOLD,SBI-ETF GOLD,129.5,129.58,128.12,128.91,129.53,5500775
2026-09-22,SETFNIF50,SBI-ETF NIFTY 50,259.09,259.09,251.03,251.73,252.78,534174
2026-09-22,SETFNIFBK,SBI-ETF NIFTY BANK,581.09,582.32,576.61,578.21,580.4,34953
2026-09-22,SETFNN50,SBI-ETF NIFTY NEXT 50,776.75,777.9,770.24,772.86,776.38,14862
2026-09-22,LIQUIDSBI,SBIAMC - LIQUIDSBI,1000.0,1000.01,999.99,1000.01,999.99,3916
2026-09-22,SBIBPB,SBIAMC - SBIBPB,48.55,48.55,47.78,47.86,48.14,22749
2026-09-22,SBIETFCON,SBIAMC - SBIETFCON,118.85,120.28,118.33,118.93,118.85,2601
2026-09-22,SBIETFIT,SBIAMC - SBIETFIT,321.44,324.55,314.3,317.37,321.44,14353
2026-09-22,SBIETFPB,SBIAMC - SBIETFPB,279.37,284.9,278.96,279.18,279.37,24239
2026-09-22,SBIETFQLTY,SBIAMC - SBIETFQLTY,215.17,215.17,213.46,214.19,215.52,1235
2026-09-22,SBILIQETF,SBIAMC - SBILIQETF,1056.9,1056.92,1056.9,1056.9,1056.76,621027
2026-09-22,SBIMIDMOM,SBIAMC - SBIMIDMOM,63.86,65.04,62.57,63.01,63.26,61859
2026-09-22,SBINEQWETF,SBIAMC - SBINEQWETF,33.14,33.38,32.28,32.43,32.73,29413
2026-09-22,SBINMID150,SBIAMC - SBINMID150,23.39,23.7,22.83,22.93,22.96,41838
2026-09-22,SBISILVER,SBIAMC - SBISILVER,227.11,227.92,223.81,225.6,227.75,1305691
2026-09-22,SBISMLETF,SBIAMC - SBISMLETF,18.32,18.43,18.24,18.28,18.32,33143
2026-09-22,SBIVALETF,SBIAMC - SBIVALETF,14.51,14.51,14.4,14.46,14.5,4168
2026-09-22,SETF10GILT,SBIAMC - SETF10GILT,262.85,263.89,261.78,262.53,262.08,1544
2026-09-22,SCHAEFFLER,SCHAEFFLER INDIA LIMITED,4112.0,4124.5,4035.0,4054.2,4118.2,27601
2026-09-22,SCHNEIDER,SCHNEIDER ELECTRIC INFRA,1235.0,1254.1,1210.0,1214.2,1235.2,136911
2026-09-22,SCODATUBES,SCODA TUBES LIMITED,128.95,130.26,128.5,128.85,129.28,184669
2026-09-22,SEAMECLTD,SEAMEC LIMITED,1695.0,1754.0,1690.1,1734.7,1698.8,35821
2026-09-22,SECMARK,SECMARK CONSULTANCY LTD,140.21,142.38,135.05,136.11,140.21,1337
2026-09-22,SECURKLOUD,SECUREKLOUD TECH LIMITED,17.0,17.0,16.57,16.85,16.85,4936
2026-09-22,SEDEMAC,SEDEMAC MECHATRONICS LTD,3100.0,3108.0,2985.6,3034.3,3088.0,95017
2026-09-22,SEJALLTD,SEJAL GLASS LIMITED,688.35,688.35,659.6,666.3,678.9,3526
2026-09-22,SEMAC,SEMAC CONSTRUCTION LTD,272.25,281.95,272.25,279.0,284.2,24
2026-09-22,SENCO,SENCO GOLD LIMITED,341.9,344.7,336.0,337.35,341.9,343192
2026-09-22,SENORES,SENORES PHARMACEUTICALS L,1396.0,1409.8,1372.1,1379.9,1395.1,229036
2026-09-22,SEPC,SEPC LIMITED,5.09,5.2,5.09,5.16,5.09,6308331
2026-09-22,SERVOTECH,SERVOTECH REN POW SYS LTD,71.45,72.7,70.11,70.64,71.8,551402
2026-09-22,STYL,SESHAASAI TECHNOLOGIES L,350.15,364.0,345.25,361.25,350.15,84140
2026-09-22,SESHAPAPER,SESHASAYEE PAPER & BOARDS,247.16,250.0,245.0,246.94,247.61,28688
2026-09-22,SGFIN,SG FINSERVE LIMITED,632.0,646.75,618.1,624.6,623.25,174549
2026-09-22,SGMART,SG MART LIMITED,728.1,737.05,718.1,721.8,730.4,57564
2026-09-22,SGLRES,SGL RESOURCES LIMITED,2.53,2.55,2.36,2.4,2.48,42415
2026-09-22,SHADOWFAX,SHADOWFAX TECHNOLOGIES L,272.75,288.25,272.5,283.05,272.75,10724382
2026-09-22,SHAH,SHAH METACORP LIMITED,3.32,3.32,3.23,3.25,3.29,843480
2026-09-22,SHAILY,SHAILY ENG PLASTICS LTD,3281.5,3281.5,3150.0,3168.8,3265.1,152551
2026-09-22,SHAKTIPUMP,SHAKTI PUMPS (I) LTD,471.0,482.25,467.5,469.1,470.95,446914
2026-09-22,SHALBY,SHALBY LIMITED,138.75,144.13,136.1,136.7,138.32,196871
2026-09-22,SAHLIBHFI,SHALIBHADRA FINANCE LTD,77.4,77.8,74.5,77.36,76.56,28755
2026-09-22,SRD,SHANKAR LAL RAMPAL LTD,40.99,41.0,39.65,40.32,40.47,15162
2026-09-22,SHANKARA,SHANKARA BLDG PRODUCT LTD,147.46,147.99,138.15,141.39,147.46,115988
2026-09-22,BUILDPRO,SHANKARA BUILDPRO LIMITED,1287.0,1344.0,1285.0,1310.8,1280.0,110920
2026-09-22,SHANKESH,SHANKESH JEWELLERS LTD,91.99,93.0,90.66,91.09,91.54,1338379
2026-09-22,SHANTIGEAR,SHANTHI GEARS LTD,700.0,723.0,670.5,673.7,691.3,84984
2026-09-22,SEIL,SHANTI EDU INITIATIVES L,186.23,192.73,184.91,191.74,184.79,257983
2026-09-22,SHANTIGOLD,SHANTI GOLD INTERNATION L,259.8,268.4,256.15,258.04,258.69,1083004
2026-09-22,SHANTI,SHANTI OVERSEAS INDIA LTD,5.7,5.88,5.45,5.56,5.61,49440
2026-09-22,SHINDL,SHARAT INDUSTRIES LTD.,164.83,164.83,160.0,162.53,163.0,247030
2026-09-22,SHARDACROP,SHARDA CROPCHEM LTD.,746.0,756.15,743.25,747.35,745.75,82060
2026-09-22,SHARDAMOTR,SHARDA MOTOR INDS LTD,957.7,988.9,955.8,985.75,957.75,141934
2026-09-22,SHAREINDIA,SHARE IND. SECURITIES LTD,223.95,229.59,221.34,223.32,227.11,2064061
2026-09-22,SFL,SHEELA FOAM LIMITED,655.0,676.3,644.95,648.25,643.5,223486
2026-09-22,SHERVANI,SHERVANI INDUSTRIAL SYN L,343.0,343.0,343.0,343.0,343.0,27
2026-09-22,SHILCTECH,SHILCHAR TECHNOLOGIES LTD,3975.0,4025.0,3965.5,3989.0,3976.7,9161
2026-09-22,SHILGRAVQ,SHILP GRAVURES LTD.,157.0,159.54,152.0,154.57,156.52,2724
2026-09-22,SHILPAMED,SHILPA MEDICARE LTD,1060.0,1073.0,1023.3,1033.15,1070.8,675143
2026-09-22,SCILAL,SHIPPING CORP OF ILA LTD,38.19,39.29,37.72,38.27,38.23,298183
2026-09-22,SCI,SHIPPING CORP OF INDIA LT,282.0,283.9,279.0,281.1,280.55,1193262
2026-09-22,SHIPROCKET,SHIPROCKET LIMITED,122.99,130.15,122.55,126.19,122.49,4643439
2026-09-22,SHIVAUM,SHIV AUM STEELS LIMITED,460.35,519.0,460.0,515.05,472.55,682178
2026-09-22,SHIVACEM,SHIVA CEMENT LTD.,15.88,15.88,15.31,15.5,15.67,33780
2026-09-22,SHIVAAGRO,SHIVA GLOBAL AGRO INDS. L,42.44,42.44,39.0,40.03,41.75,2056
2026-09-22,SHIVAMILLS,SHIVA MILLS LIMITED,61.35,61.35,59.22,61.24,60.15,110
2026-09-22,SHIVATEX,SHIVA TEXYARN LIMITED,174.08,177.98,168.11,172.07,172.35,3694
2026-09-22,SBCL,SHIVALIK BIMETAL CON. LTD,1140.0,1168.5,1117.7,1126.9,1144.1,193534
2026-09-22,SHIVALIK,SHIVALIK RASAYAN LIMITED,404.5,436.9,395.8,416.9,398.95,297963
2026-09-22,SHIVAMAUTO,SHIVAM AUTO.LTD,17.9,18.23,17.55,17.75,18.23,87411
2026-09-22,SHOPERSTOP,SHOPPERS STOP LIMITED,394.95,400.0,389.8,392.5,394.95,28442
2026-09-22,SHRADDHA,SHRADDHA PRIME PROJECTS L,152.9,152.9,144.2,144.78,148.11,5638
2026-09-22,SHRADHA,SHRADHA REALTY LIMITED,30.94,30.94,29.9,30.78,29.99,5324
2026-09-22,SHREEPUSHK,SHRE PUSH CHEM & FERT LTD,519.6,519.6,501.35,505.85,513.25,33737
2026-09-22,SAPPL,SHREE AJIT PULP & PAPER L,272.3,272.3,272.0,272.15,282.4,270
2026-09-22,SHREECEM,SHREE CEMENT LIMITED,22540.0,22650.0,22165.0,22200.0,22550.0,9585
2026-09-22,SHREDIGCEM,SHREE DIGVIJAY CEM CO LTD,67.7,67.94,66.13,66.92,67.08,60844
2026-09-22,SGRL,SHREE GANESH REMEDIES LTD,735.0,736.95,675.05,704.8,720.75,33078
2026-09-22,SRTL,SHREE RAM TWISTEX LIMITED,38.36,39.03,37.4,38.84,38.36,55248
2026-09-22,SHREERAMA,SHREE RAMA MULTI TECH LTD,44.0,44.46,43.11,43.69,43.24,41912
2026-09-22,RAMANEWS,SHREE RAMA NEWSPRINT LTD,32.39,32.54,31.51,32.11,32.14,17709
2026-09-22,RENUKA,SHREE RENUKA SUGARS LTD,22.92,23.35,22.72,22.82,22.98,6690805
2026-09-22,BALAJEE,SHREE TIRUPATI BALAJEE L,24.61,25.89,24.53,25.19,25.14,24134
2026-09-22,SVLL,SHREE VASU LOGISTICS LTD,814.0,885.0,814.0,867.65,816.0,7371
2026-09-22,SHREEJISPG,SHREEJI SHIPPING GLOBAL L,713.55,723.65,695.6,719.35,709.5,1156580
2026-09-22,OSWALSEEDS,SHREEOSWAL S AND CHE LTD,13.75,14.45,13.58,13.81,13.58,56475
2026-09-22,SHREYANIND,SHREYANS INDUSTRIES LTD,133.61,133.61,126.8,127.31,132.29,13105
2026-09-22,SHBAJRG,SHRI BAJRANG ALLIANCE L,153.79,153.99,151.0,153.79,152.27,2551
2026-09-22,SHRJAGP,SHRI JAGDAMBA POLYMERS L,638.95,640.0,625.05,630.5,639.0,614
2026-09-22,SHRIKRISH,SHRI KRISHNA DEVCON LTD.,35.61,35.61,34.75,34.75,37.26,104
2026-09-22,VASUPRADA,SHRI VASUPRADA PLANTATI L,93.1,100.0,93.1,100.0,98.0,462
2026-09-22,SHRINGARMS,SHRINGAR HOU OF MANGALS L,208.99,211.0,207.0,208.56,207.9,192061
2026-09-22,LIQUIDSHRI,SHRIRAM - LIQUIDSHRI,1122.42,1122.44,1122.42,1122.43,1122.28,11842
2026-09-22,SHRIRAMFIN,SHRIRAM FINANCE LIMITED,1011.8,1016.6,995.5,1006.0,1011.8,3773069
2026-09-22,SHRIRAMPPS,SHRIRAM PROPERTIES LTD,72.03,72.83,70.52,71.03,71.76,248568
2026-09-22,SHUKRAPHAR,SHUKRA PHARMACEUTICALS L,55.33,59.4,55.33,58.59,55.33,5114278
2026-09-22,SHYAMMETL,SHYAM METALICS AND ENGY L,1105.2,1105.2,1085.9,1094.1,1097.5,383963
2026-09-22,SHYAMTEL,SHYAM TELECOM LIMITED,11.13,11.39,10.81,11.05,11.18,5020
2026-09-22,SICAGEN,SICAGEN INDIA LIMITED,53.57,53.57,51.7,52.05,52.22,12795
2026-09-22,ENRIN,SIEMENS ENERGY INDIA LTD,3225.1,3348.0,3217.6,3235.0,3214.7,545192
2026-09-22,SIEMENS,SIEMENS LTD,3890.0,3954.3,3850.1,3858.0,3887.0,257553
2026-09-22,SIGACHI,SIGACHI INDUSTRIES LTD,31.3,31.64,30.41,30.61,31.12,3127491
2026-09-22,SIGMA,SIGMA SOLVE LIMITED,46.8,47.4,46.0,46.46,46.76,69532
2026-09-22,SIGNATURE,SIGNATUREGLOBAL INDIA LTD,767.15,787.55,760.0,763.1,761.9,308020
2026-09-22,SIGNPOST,SIGNPOST INDIA LIMITED,269.95,272.65,266.3,267.05,269.15,17124
2026-09-22,SIKA,SIKA INTERPLANT SYSTEMS L,1097.4,1103.0,1052.45,1062.8,1085.25,38121
2026-09-22,SILINV,SIL INVESTMENTS LIMITED,443.0,452.35,433.1,440.8,443.0,149
2026-09-22,SILGO,SILGO RETAIL LIMITED,70.6,71.26,68.18,70.92,70.02,16891
2026-09-22,SILVERTUC,SILVER TOUCH TECHNO LTD,162.5,164.71,155.15,155.89,160.7,655906
2026-09-22,SIMPLEXINF,SIMPLEX INFRASTRUCTURES L,252.1,260.5,252.1,256.3,250.7,149503
2026-09-22,SINCLAIR,SINCLAIRS HOTELS LIMITED,83.15,84.07,81.05,81.79,83.71,8447
2026-09-22,SINDHUTRAD,SINDHU TRADE LINKS LTD,24.0,24.3,23.8,24.11,23.99,337022
2026-09-22,SINGERIND,SINGER INDIA LIMITED,76.8,78.9,76.48,77.26,75.98,26645
2026-09-22,SINTERCOM,SINTERCOM INDIA LIMITED,75.15,80.94,75.0,80.49,73.91,38291
2026-09-22,SIRCA,SIRCA PAINT INDIA LIMITED,406.0,411.6,402.25,404.6,404.55,139519
2026-09-22,SIS,SIS LIMITED,420.55,433.0,420.35,424.05,420.55,254932
2026-09-22,SIYSIL,SIYARAM SILK MILLS LTD,535.8,538.4,527.1,535.75,530.0,20446
2026-09-22,SJS,SJS ENTERPRISES LIMITED,2335.0,2359.9,2304.5,2310.8,2329.6,56227
2026-09-22,SJVN,SJVN LTD,63.4,63.91,62.85,63.11,63.35,2784240
2026-09-22,SKFINDUS,SKF IND (INDUSTRIAL) LTD,2894.4,2917.6,2781.6,2790.8,2880.0,21855
2026-09-22,SKFINDIA,SKF INDIA LTD,1537.9,1539.8,1504.0,1507.2,1532.5,37128
2026-09-22,SKIPPER,SKIPPER LIMITED,563.2,577.5,555.45,561.55,560.35,666777
2026-09-22,SKMEGGPROD,SKM EGG PROD EXPORT(I) LT,229.0,231.1,218.3,221.25,229.05,237366
2026-09-22,SKYGOLD,SKY GOLD AND DIAMONDS LTD,796.0,806.0,788.55,802.55,794.75,490824
2026-09-22,SKYWAYS,SKYWAYS AIR SERVICES LTD,128.54,133.0,124.63,130.32,126.03,13853831
2026-09-22,SMARTWORKS,SMARTWORKS COWORKING SP L,545.7,557.9,536.65,543.9,540.25,75216
2026-09-22,SMCGLOBAL,SMC GLOBAL SECURITIES LTD,81.99,82.88,80.76,82.43,81.53,641242
2026-09-22,SMLMAH,SML MAHINDRA LIMITED,6490.0,6787.0,6451.5,6719.5,6464.0,73551
2026-09-22,SMSPHARMA,SMS PHARMACEUTICALS LTD.,467.85,494.45,467.85,483.35,466.5,1908207
2026-09-22,SNOWMAN,SNOWMAN LOGISTICS LTD.,35.79,35.79,34.75,34.85,35.21,115991
2026-09-22,SOBHA,SOBHA LIMITED,1223.3,1260.0,1217.9,1230.9,1214.0,133744
2026-09-22,SOFTTECH,SOFTTECH ENGINEERS LTD,535.0,535.0,494.95,498.25,521.0,9390
2026-09-22,SOLARINDS,SOLAR INDUSTRIES (I) LTD,19395.0,20225.0,19315.0,19890.0,19265.0,396641
2026-09-22,SOLARA,SOLARA ACTIVE PHA SCI LTD,753.4,763.0,739.55,744.55,753.25,260825
2026-09-22,SOLARWORLD,SOLARWORLD ENERGY SOL LTD,141.0,142.93,138.24,139.46,140.82,581345
2026-09-22,SOLEX,SOLEX ENERGY LIMITED,699.8,712.9,671.4,678.95,692.05,42358
2026-09-22,SDBL,SOM DIST & BREW LTD,68.85,69.15,67.21,67.45,68.11,289834
2026-09-22,SOMATEX,SOMA TEXTILES & INDUST LT,80.0,81.44,78.51,80.02,80.11,5262
2026-09-22,SOMANYCERA,SOMANY CERAMICS LIMITED,589.5,601.75,589.45,594.75,589.45,97579
2026-09-22,SOMICONVEY,SOMI CONVEYOR BELT. LTD.,93.0,93.98,90.98,92.66,92.46,1916
2026-09-22,SONACOMS,SONA BLW PRECISION FRGS L,800.0,809.0,794.05,809.0,795.25,1560055
2026-09-22,SONAL,SONAL MERCANTILE LTD.,84.01,84.01,84.01,84.01,84.01,50
2026-09-22,SONATSOFTW,SONATA SOFTWARE LTD,279.9,285.0,276.0,284.45,278.8,954532
2026-09-22,SOUTHWEST,SOUTH WEST PINNACLE LTD,189.0,194.51,189.0,190.79,189.49,95266
2026-09-22,SPCENET,SPACENET ENTERS IND LTD,3.22,3.38,3.19,3.29,3.17,909337
2026-09-22,SPANDANA,SPANDANA SPHOORTY FIN LTD,229.2,231.41,226.0,227.38,228.63,51888
2026-09-22,SPENCERS,SPENCER S RETAIL LIMITED,28.39,28.99,27.85,28.47,28.03,19506
2026-09-22,SPIC,SPIC LTD,66.8,67.15,65.86,66.09,66.74,205502
2026-09-22,SPLIL,SPL INDUSTRIES LIMITED,30.26,31.5,29.65,30.52,30.26,7934
2026-09-22,SPMLINFRA,SPML INFRA LIMITED,169.83,171.0,165.49,166.44,167.99,121670
2026-09-22,SPORTKING,SPORTKING INDIA LIMITED,206.87,219.79,205.97,214.49,206.87,455954
2026-09-22,SHRIPISTON,SPR AUTO TECHNOLOGIES LTD,4523.5,4587.9,4491.0,4512.6,4508.7,52033
2026-09-22,SRHHYPOLTD,SREE RAYALSEEMA HHP LTD.,664.7,670.0,591.25,599.25,627.7,336785
2026-09-22,SRF,SRF LTD,2540.0,2554.3,2526.4,2538.3,2540.0,69512
2026-09-22,SRGHFL,SRG HOUSING FINANCE L,133.0,145.0,130.2,143.75,132.5,74850
2026-09-22,HAVISHA,SRI HAVISHA HOSP & INFR L,1.34,1.37,1.31,1.36,1.34,33997
2026-09-22,SRM,SRM CONTRACTORS LIMITED,420.25,428.0,415.3,419.8,421.0,43479
2026-09-22,SETL,STANDARD ENGNG TCNLGY LTD,410.0,412.2,393.15,402.55,408.65,721740
2026-09-22,SIL,STANDARD INDUSTRIES LTD.,15.7,16.5,15.7,16.01,15.7,72593
2026-09-22,STANLEY,STANLEY LIFESTYLES LTD,136.15,136.99,134.7,135.43,135.11,35397
2026-09-22,STARCEMENT,STAR CEMENT LIMITED,194.0,195.0,189.1,189.51,193.5,147576
2026-09-22,STARHEALTH,STAR HEALTH & AL INS CO L,543.0,547.0,539.2,544.6,542.9,355636
2026-09-22,STARPAPER,STAR PAPER MILLS LTD,158.5,160.0,155.22,156.79,159.13,3168
2026-09-22,STARTECK,STARTECK FINANCE LIMITED,253.15,253.15,240.3,242.0,251.85,19
2026-09-22,SBIN,STATE BANK OF INDIA,999.1,1000.1,981.3,987.0,996.0,6126235
2026-09-22,STEAMHOUSE,STEAMHOUSE INDIA LIMITED,107.75,113.04,106.65,112.02,105.05,21132380
2026-09-22,SAIL,STEEL AUTHORITY OF INDIA,177.1,178.29,174.0,174.01,177.3,7065250
2026-09-22,STEELCITY,STEEL CITY SECURITIES LTD,87.56,87.56,84.87,85.59,86.07,3722
2026-09-22,STEELXIND,STEEL EXCHANGE INDIA LTD,11.22,11.45,11.1,11.18,11.22,3289141
2026-09-22,STLSTRINF,STEEL STRIPS INFRA L,24.99,24.99,23.0,23.16,24.04,10145
2026-09-22,SSWL,STEEL STRIPS WHEELS LTD.,361.75,389.85,358.0,364.8,361.75,2427282
2026-09-22,STEELCAS,STEELCAST LIMITED,365.0,365.0,340.0,350.15,317.45,1480419
2026-09-22,STEL,STEL HOLDINGS LIMITED,662.0,674.0,656.05,663.55,662.75,3924
2026-09-22,SGL,STL GLOBAL LIMITED,9.67,9.74,9.0,9.07,9.43,6143
2026-09-22,STLNETWORK,STL NETWORKS LIMITED,45.09,47.34,44.01,47.34,45.09,13000814
2026-09-22,STOVEKRAFT,STOVE KRAFT LIMITED,817.9,835.95,816.05,827.8,815.1,107974
2026-09-22,STAR,STRIDES PHARMA SCI LTD,1234.2,1246.7,1195.5,1217.4,1235.1,285056
2026-09-22,SWSOLAR,STRLNG & WIL REN ENE LTD,178.89,186.66,176.1,178.42,173.27,5752741
2026-09-22,STUDDS,STUDDS ACCESSORIES LTD,429.0,434.4,419.55,421.45,430.5,44386
2026-09-22,STYLAMIND,STYLAM INDUSTRIES LIMITED,3194.9,3360.5,3153.4,3309.4,3195.5,109057
2026-09-22,STYRENIX,STYRENIX PERFORMANCE LTD,2096.0,2110.4,2070.0,2078.3,2096.1,16283
2026-09-22,SUBEXLTD,SUBEX LTD,19.7,19.83,19.1,19.37,19.61,4951473
2026-09-22,SUBROS,SUBROS LIMITED,715.0,724.35,715.0,720.65,714.9,18563
2026-09-22,SUDARSCHEM,SUDARSHAN CHEMICAL INDS L,1274.1,1274.1,1222.4,1230.3,1257.9,122386
2026-09-22,SUDARCOLOR,SUDARSHAN COLORNT IND LTD,410.0,410.0,388.15,390.2,402.0,4738
2026-09-22,SUDEEPPHRM,SUDEEP PHARMA LIMITED,1141.1,1201.2,1133.8,1197.1,1144.0,307848
2026-09-22,SUKHJITS,SUKHJIT STARCH & CHEM LTD,163.0,164.5,160.03,161.0,163.31,11140
2026-09-22,SULA,SULA VINEYARDS LIMITED,134.9,136.89,134.46,135.48,134.46,259852
2026-09-22,SUMEDHA,SUMEDHA FISCAL SERVICES L,48.1,48.1,44.0,44.04,43.9,2902
2026-09-22,SUMEETINDS,SUMEET IND LIMITED,10.44,10.53,10.44,10.53,10.03,624237
2026-09-22,SUMIT,SUMIT WOODS LIMITED,50.99,50.99,48.5,50.06,49.54,13814
2026-09-22,SUMICHEM,SUMITOMO CHEM INDIA LTD,453.55,462.7,450.65,457.5,454.55,466298
2026-09-22,SUMMITSEC,SUMMIT SECURITIES LTD,1404.8,1410.0,1395.3,1404.0,1388.5,650
2026-09-22,SPARC,SUN PHARMA ADV.RES.CO.LTD,195.9,203.5,195.9,197.96,196.1,884640
2026-09-22,SUNPHARMA,SUN PHARMACEUTICAL IND L,1869.0,1876.4,1842.3,1846.4,1868.9,1062235
2026-09-22,SUNTV,SUN TV NETWORK LIMITED,458.0,494.2,454.0,490.1,457.55,3413835
2026-09-22,SUNCLAY,SUNDARAM CLAYTON LIMITED,1252.5,1266.6,1221.0,1252.5,1251.8,6249
2026-09-22,SUNDARMFIN,SUNDARAM FINANCE LTD,4665.6,4873.7,4650.0,4751.9,4679.5,90693
2026-09-22,SUNDARAM,SUNDARAM MULTI PAP LTD,1.19,1.19,1.16,1.17,1.17,232872
2026-09-22,SUNDRMFAST,SUNDRAM FASTENERS LTD,1205.6,1218.9,1176.6,1190.9,1207.4,190200
2026-09-22,SUNDROP,SUNDROP BRANDS LIMITED,719.0,773.0,711.5,742.35,707.95,291500
2026-09-22,SUNFLAG,SUNFLAG IRON AND STEEL CO,355.45,362.2,352.7,355.05,352.85,199128
2026-09-22,SUNLOC,SUNIL HEALTHCARE LTD.,73.0,75.8,73.0,75.8,73.0,122
2026-09-22,SUNRAKSHAK,SUNRAKSHAKK INDUS IND L,365.5,368.9,363.0,364.85,365.0,4543
2026-09-22,SUNSHIEL,SUNSHIELD CHEMICALS LTD.,1227.0,1235.0,1184.8,1192.0,1208.4,6652
2026-09-22,SUNSHINE,SUNSHINE PICTURES LIMITED,432.8,444.0,427.2,440.4,430.1,705974
2026-09-22,SUNTECK,SUNTECK REALTY LIMITED,290.3,292.7,286.1,287.9,290.0,54482
2026-09-22,SUPERHOUSE,SUPERHOUSE LIMITED,170.31,171.0,168.0,169.17,169.49,4819
2026-09-22,SIEL,SUPERIOR INDUSTRIAL ENT L,28.9,30.48,28.9,30.48,29.03,14
2026-09-22,SUPRAJIT,SUPRAJIT ENGINEERING LTD,484.0,487.7,482.2,483.45,480.85,37481
2026-09-22,SUPREME,SUPREME HOLDIN N HOSP I L,33.7,33.7,31.1,32.19,31.96,14062
2026-09-22,SUPREMEIND,SUPREME INDUSTRIES LTD,3495.0,3511.2,3435.9,3460.5,3500.0,194956
2026-09-22,SUPREMEINF,SUPREME INFRA. LTD.,82.92,83.0,80.2,80.5,80.95,6278
2026-09-22,SPLPETRO,SUPREME PETROCHEM LIMITED,870.75,871.0,852.35,864.75,865.6,126025
2026-09-22,SUPRIYA,SUPRIYA LIFESCIENCE LTD,963.0,971.65,933.1,939.1,957.7,333549
2026-09-22,SURAJEST,SURAJ ESTATE DEVELOPERS L,213.0,226.61,213.0,217.0,216.41,622792
2026-09-22,SURAJLTD,SURAJ LIMITED,198.0,204.99,190.3,202.41,198.0,920
2026-09-22,SURAKSHA,SURAKSHA DIAGNOSTIC LTD,351.9,358.05,341.0,353.4,349.1,177064
2026-09-22,SURANASOL,SURANA SOLAR LIMITED,25.82,26.35,25.41,25.53,26.03,17108
2026-09-22,SURANAT&P,SURANA TELECOM AND POW LT,16.11,16.5,16.11,16.19,16.1,22965
2026-09-22,SBGLP,SURATWWALA BUS GROUP LTD,23.62,24.1,22.65,23.34,23.22,92156
2026-09-22,SURYAROSNI,SURYA ROSHNI LTD,211.18,215.8,211.01,212.05,211.18,391334
2026-09-22,SURYALAXMI,SURYALAKSHMI COT MIL LTD,57.6,58.89,57.01,57.4,57.74,3951
2026-09-22,SURYALA,SURYALATA SPINNING MILL L,392.9,392.95,380.2,390.8,382.0,421
2026-09-22,SURYODAY,SURYODAY SMALL FIN BK LTD,148.55,148.97,145.79,146.4,146.94,125159
2026-09-22,SUVEN,SUVEN LIFE SCIENCES LTD,337.9,345.2,334.3,335.45,337.9,271490
2026-09-22,SUVIDHAA,SUVIDHAA INFOSERVE LTD,2.25,2.39,2.19,2.22,2.22,1482871
2026-09-22,SUYOG,SUYOG TELEMATICS LIMITED,654.9,658.5,641.5,644.65,648.2,15031
2026-09-22,SUZLON,SUZLON ENERGY LIMITED,43.5,44.22,42.91,43.0,43.34,41578320
2026-09-22,SVPGLOB,SVP GLOBAL TEXTILES LTD,3.44,3.44,3.19,3.34,3.35,31926
2026-09-22,SWANCORP,SWAN CORP LIMITED,303.0,311.0,301.0,302.75,302.2,1116225
2026-09-22,SWARAJENG,SWARAJ ENGINES LTD,3572.4,3594.7,3542.0,3556.0,3572.4,5088
2026-09-22,SWARNSAR,SWARNSARITA JEWELS IND L,37.81,40.4,36.55,39.69,37.07,54675
2026-09-22,SWELECTES,SWELECT ENERGY SYS LTD,573.8,574.0,559.8,564.95,572.6,4248
2026-09-22,SWIGGY,SWIGGY LIMITED,273.0,284.25,272.8,284.05,272.7,32604564
2026-09-22,SYMBIOTEC,SYMBIOTEC PHARMALAB LTD,1099.0,1188.0,1095.0,1120.9,1156.05,2182137
2026-09-22,SYMPHONY,SYMPHONY LIMITED,597.8,598.05,589.1,590.55,597.8,22943
2026-09-22,SYNCOMF,SYNCOM FORMU (I) LTD,19.87,21.0,19.87,20.4,19.85,9828587
2026-09-22,SGIL,SYNERGY GREEN IND. LTD,606.0,650.0,600.05,636.8,598.1,39063
2026-09-22,SYNGENE,SYNGENE INTERNATIONAL LTD,385.15,385.85,373.6,377.5,385.15,422362
2026-09-22,SYRMA,SYRMA SGS TECHNOLOGY LTD,1720.0,1803.9,1714.5,1741.8,1713.3,4023734
2026-09-22,TGVSL,T G V SRAAC LTD.,106.12,109.0,106.12,107.45,107.0,126979
2026-09-22,TTL,T T LIMITED,7.32,7.48,7.01,7.29,7.42,574914
2026-09-22,TAALTECH,TAAL TECH LTD.,1163.0,1234.0,1158.0,1185.4,5714.6,145451
2026-09-22,TAINWALCHM,TAINWALA CHEMICAL AND PLA,219.54,228.0,216.0,219.29,219.54,1736
2026-09-22,TAJGVK,TAJ GVK HOTELS & RESORTS,328.8,332.95,326.05,328.85,328.8,38081
2026-09-22,TAKE,TAKE LIMITED,16.6,16.6,15.75,15.84,16.47,254803
2026-09-22,TALBROAUTO,TALBROS AUTO. COMP. LTD,466.0,485.8,464.55,475.3,467.3,342284
2026-09-22,TMB,TAMILNAD MERCA BANK LTD,895.0,897.8,870.6,883.75,886.35,140878
2026-09-22,TNPL,TAMILNADU NEWSPRT & PAPER,146.01,146.23,141.22,142.56,145.48,241006
2026-09-22,TNPETRO,TAMILNADU PETROPRODUCTS L,131.7,132.0,128.15,129.0,130.35,559727
2026-09-22,TNTELE,TAMILNADU TELECOMMUNICATI,9.89,9.89,8.95,9.11,9.24,22551
2026-09-22,TANAA,TANEJA AEROSPACE & AVIA L,334.5,378.95,332.5,367.05,319.6,965676
2026-09-22,TANLA,TANLA PLATFORMS LIMITED,493.0,496.35,483.75,485.35,493.4,387958
2026-09-22,TARACHAND,TARA CHAND INFRA SOLN LTD,47.25,47.99,46.6,47.08,47.2,41820
2026-09-22,TARAPUR,TARAPUR TRANSFORMERS LTD,12.0,12.53,11.45,12.08,12.31,39790
2026-09-22,TARC,TARC LIMITED,129.97,132.19,129.05,130.66,129.97,312935
2026-09-22,TARMAT,TARMAT LIMITED,55.87,55.9,54.13,54.22,54.76,9899
2026-09-22,TARSONS,TARSONS PRODUCTS LIMITED,342.0,344.9,330.2,331.5,341.3,262560
2026-09-22,TASTYBITE,TASTY BITE EATABLES LTD,9801.0,9941.0,9784.0,9829.0,9798.0,3087
2026-09-22,TATACAP,TATA CAPITAL LIMITED,343.0,345.6,340.25,341.1,343.7,934131
2026-09-22,TATACHEM,TATA CHEMICALS LTD,695.0,697.05,673.0,674.0,694.7,1586207
2026-09-22,TATACOMM,TATA COMMUNICATIONS LTD,1733.0,1741.0,1682.1,1692.4,1732.7,136660
2026-09-22,TCS,TATA CONSULTANCY SERV LT,2135.1,2135.2,2098.2,2105.0,2128.7,3641623
2026-09-22,TATACONSUM,TATA CONSUMER PRODUCT LTD,1002.9,1006.0,984.1,984.1,1000.6,683063
2026-09-22,TATAELXSI,TATA ELXSI LIMITED,3295.0,3295.0,3200.0,3220.0,3287.0,523177
2026-09-22,TATAINVEST,TATA INVESTMENT CORP LTD,686.0,697.15,677.1,682.25,680.5,729720
2026-09-22,TMCV,TATA MOTORS LIMITED,444.5,452.0,437.2,440.1,444.5,4761149
2026-09-22,TMPV,TATA MOTORS PASS VEH LTD,302.1,302.8,298.5,300.05,301.65,6935097
2026-09-22,TATAPOWER,TATA POWER CO LTD,367.0,370.0,365.9,367.0,367.15,2521297
2026-09-22,TATASTEEL,TATA STEEL LIMITED,183.6,185.49,183.1,184.97,183.4,17525509
2026-09-22,TATATECH,TATA TECHNOLOGIES LIMITED,724.9,724.9,712.0,715.55,724.9,476836
2026-09-22,TTML,TATA TELESERV(MAHARASTRA),35.25,35.99,35.25,35.62,35.36,1182880
2026-09-22,NETF,TATAAML - NETF,256.0,256.0,254.01,254.99,254.72,421
2026-09-22,NPBET,TATAAML - NPBET,285.3,285.3,283.41,284.26,283.81,116
2026-09-22,TNIDETF,TATAAML - TNIDETF,88.06,88.99,88.06,88.6,88.77,20531
2026-09-22,TATAGOLD,TATAAML-TATAGOLD,14.78,14.78,14.61,14.69,14.76,45022739
2026-09-22,TATSILV,TATAAML-TATSILV,22.52,22.59,22.17,22.36,22.55,31043387
2026-09-22,TATVA,TATVA CHIN PHARM CHEM LTD,1775.0,1817.0,1731.5,1744.2,1761.2,53674
2026-09-22,TBOTEK,TBO TEK LIMITED,1705.0,1748.0,1682.1,1703.7,1704.9,596139
2026-09-22,TCC,TCC CONCEPT LIMITED,46.22,55.18,45.2,52.62,45.99,4284942
2026-09-22,TCIEXP,TCI EXPRESS LIMITED,482.6,489.95,482.6,486.15,482.6,8484
2026-09-22,TCIFINANCE,TCI FINANCE LTD,15.15,15.68,14.81,15.26,15.41,4943
2026-09-22,TCPLPACK,TCPL PACKAGING LIMITED,3914.0,3919.8,3813.5,3833.8,3881.1,2746
2026-09-22,TDPOWERSYS,TD POWER SYSTEMS LTD.,754.0,763.25,743.35,756.4,747.3,1714771
2026-09-22,TEAMGTY,TEAM INDIA GUARANTY LTD,242.99,242.99,235.2,240.77,241.9,359
2026-09-22,TEAMLEASE,TEAMLEASE SERVICES LTD.,1230.2,1230.2,1195.4,1201.0,1217.0,16127
2026-09-22,TECHM,TECH MAHINDRA LIMITED,1553.7,1558.7,1530.9,1551.6,1558.5,1013719
2026-09-22,TECHNOE,TECHNO ELEC & ENG CO. LTD,1017.7,1041.4,1000.0,1005.65,1012.25,112644
2026-09-22,TIIL,TECHNOCRAFT IND LTD,3050.0,3065.7,2936.0,2983.0,3043.4,57681
2026-09-22,TECHNOCRAF,TECHNOCRAFT VENTURES LTD,439.0,463.0,438.3,457.5,437.65,1492761
2026-09-22,TECHNVISN,TECHNVISION VENTURES LTD.,4154.5,4290.0,3947.0,3982.5,4154.5,773
2026-09-22,TECILCHEM,TECIL CHEMICALS,9.31,9.46,9.0,9.31,9.46,6433
2026-09-22,TEGA,TEGA INDUSTRIES LIMITED,2130.0,2175.0,2060.0,2069.0,2129.0,1295775
2026-09-22,TEJASNET,TEJAS NETWORKS LIMITED,518.0,527.0,515.0,516.3,516.85,963970
2026-09-22,TEMBO,TEMBO GLOBAL IND LTD,57.99,58.86,57.01,57.36,57.8,1028129
2026-09-22,TEMPSENS,TEMPSENS INST (INDIA) LTD,528.0,551.55,528.0,537.1,526.85,1620809
2026-09-22,TENNIND,TENNECO CLEAN AIR INDIA L,513.0,535.1,513.0,532.75,514.1,1047619
2026-09-22,TERASOFT,TERA SOFTWARE LIMITED,251.1,252.8,238.25,240.8,248.65,15569
2026-09-22,TEXINFRA,TEXMACO INFRA & HOLDG LTD,115.31,115.9,108.95,115.02,114.06,130228
2026-09-22,TEXRAIL,TEXMACO RAIL & ENG. LTD.,114.43,119.95,114.43,119.2,114.43,4041975
2026-09-22,TEXMOPIPES,TEXMO PIPE & PRODUCTS LTD,61.0,62.0,59.15,59.38,60.67,270473
2026-09-22,TGBHOTELS,TGB BANQUETS&HOTELS LTD,9.9,9.9,9.34,9.64,9.54,18593
2026-09-22,THACKER,THACKER & CO. LTD.,1077.9,1077.9,1000.0,1008.75,1077.9,16
2026-09-22,THAKDEV,THAKKERS DEVELOPERS LTD.,125.0,128.9,115.6,126.36,118.42,622
2026-09-22,THANGAMAYL,THANGAMAYIL JEWELLERY LTD,4965.0,5164.5,4955.0,5119.5,4930.5,65238
2026-09-22,ANUP,THE ANUP ENGINEERING LTD,1639.0,1722.2,1639.0,1663.0,1632.1,29875
2026-09-22,BYKE,THE BYKE HOSPITALITY LTD,31.0,31.0,29.65,30.31,30.44,10737
2026-09-22,GESHIP,THE GE SHPG.LTD,1490.0,1495.1,1458.0,1462.0,1485.0,859612
2026-09-22,GROBTEA,THE GROB TEA COMPANY LTD,919.8,919.8,850.0,904.2,910.0,711
2026-09-22,INDIACEM,THE INDIA CEMENTS LIMITED,348.6,348.6,339.6,340.65,345.0,97438
2026-09-22,INDHOTEL,THE INDIAN HOTELS CO. LTD,749.4,749.4,735.75,736.25,745.0,1255870
2026-09-22,THEINVEST,THE INVEST TRUST OF IND L,95.99,95.99,93.5,95.25,95.39,1491
2026-09-22,NIACL,THE NEW INDIA ASSU CO LTD,187.0,191.54,186.56,187.41,186.56,2272794
2026-09-22,PHOENIXLTD,THE PHOENIX MILLS LTD,1948.9,1958.0,1930.3,1953.4,1929.0,421114
2026-09-22,RAMCOCEM,THE RAMCO CEMENTS LIMITED,880.0,889.9,872.5,883.5,885.1,292303
2026-09-22,RUBYMILLS,THE RUBY MILLS LTD,479.75,479.75,450.05,459.95,462.3,6782
2026-09-22,SOUTHBANK,THE SOUTH INDIAN BANK LTD,45.89,45.95,45.11,45.23,45.52,4437444
2026-09-22,STCINDIA,THE STATE TRADING CORPN,111.9,112.15,110.9,111.06,111.04,14626
2026-09-22,UGARSUGAR,THE UGAR SUGAR WORKS LTD,56.01,56.85,55.0,55.35,55.8,452353
2026-09-22,WIPL,THE WESTERN INDIA PLY LTD,165.0,165.0,158.5,159.4,165.44,2901
2026-09-22,THEJO,THEJO ENGINEERING LIMITED,2141.8,2199.0,2140.0,2167.9,2141.8,9018
2026-09-22,THEMISMED,THEMIS MEDICARE LTD.,123.2,126.19,122.0,122.6,123.92,57664
2026-09-22,THERMAX,THERMAX LTD,3580.0,3615.0,3459.0,3472.2,3578.2,183238
2026-09-22,TIRUMALCHM,THIRUMALAI CHEMICALS LTD,157.75,159.76,156.2,157.32,156.75,146008
2026-09-22,THOMASCOOK,THOMAS COOK (INDIA) LTD,105.05,106.0,103.81,104.85,105.03,359934
2026-09-22,THOMASCOTT,THOMAS SCOTT (INDIA) LTD,239.85,245.0,235.1,236.9,236.7,91068
2026-09-22,THYROCARE,THYROCARE TECH LTD,573.4,594.0,573.0,577.5,571.45,397695
2026-09-22,TIGERLOGS,TIGER LOGISTICS (INDIA) L,25.66,26.75,25.66,26.57,25.66,94527
2026-09-22,TI,TILAKNAGAR INDUSTRIES LTD,581.2,585.7,572.1,574.65,579.55,1596488
2026-09-22,TIMETECHNO,TIME TECHNOPLAST LTD.,178.52,181.9,176.9,180.59,180.23,2674483
2026-09-22,TIMEX,TIMEX GROUP INDIA LTD.,708.5,718.45,701.65,703.8,709.65,236271
2026-09-22,TIMKEN,TIMKEN INDIA LTD.,3156.6,3194.9,3115.0,3178.5,3136.8,38073
2026-09-22,TINNARUBR,TINNA RUBBER AND INFR LTD,1029.35,1047.0,1002.75,1008.1,1029.35,40473
2026-09-22,TIPSFILMS,TIPS FILMS LIMITED,317.0,328.45,314.25,316.35,320.7,2578
2026-09-22,TIPSMUSIC,TIPS MUSIC LIMITED,658.1,672.0,658.1,661.8,660.0,165069
2026-09-22,TITAGARH,TITAGARH RAIL SYSTEMS LTD,841.9,854.6,831.3,834.85,841.05,341550
2026-09-22,TITAN,TITAN COMPANY LIMITED,4876.0,4982.0,4862.5,4928.5,4875.0,1238174
2026-09-22,TOKYOPLAST,TOKYO PLAST INTL LTD,77.0,78.98,75.02,78.4,77.0,4504
2026-09-22,TOLINS,TOLINS TYRES LIMITED,90.77,92.77,89.02,89.6,89.39,26635
2026-09-22,TORNTPHARM,TORRENT PHARMACEUTICALS L,4984.0,4984.0,4910.0,4935.0,4970.0,244345
2026-09-22,TORNTPOWER,TORRENT POWER LTD,1261.0,1268.4,1242.0,1246.3,1262.0,126940
2026-09-22,TOUCHWOOD,TOUCHWOOD ENTERTAIN LTD.,61.79,62.78,59.08,61.67,61.78,903
2026-09-22,TFCILTD,TOURISM FINANCE CORP. OF,140.49,144.48,139.79,140.8,140.06,9890686
2026-09-22,TOYAMSL,TOYAM SPORTS LTD.,0.84,0.84,0.84,0.84,0.8,170180
2026-09-22,TPLPLASTEH,TPL PLASTECH LIMITED,65.72,66.25,64.47,65.09,65.03,118214
2026-09-22,TRACXN,TRACXN TECHNOLOGIES LTD,31.98,32.85,31.5,32.69,31.98,265268
2026-09-22,TARIL,TRANS & RECTI. LTD,279.15,285.75,279.15,280.75,278.25,810752
2026-09-22,TRANSCOR,TRANSCORP INTERNATIONAL L,29.0,29.0,24.2,24.92,24.97,12276
2026-09-22,TREL,TRANSINDIA REAL ESTATE L,26.51,27.89,26.51,27.31,26.68,181088
2026-09-22,TCI,TRANSPORT CORPN OF INDIA,809.8,825.0,797.0,813.45,807.25,70223
2026-09-22,TRANSRAILL,TRANSRAIL LIGHTING LTD,420.0,488.0,420.0,477.15,414.2,23971640
2026-09-22,TFL,TRANSWARRANTY FIN. LTD.,11.84,12.08,11.67,11.75,12.08,1810
2026-09-22,TRAVELFOOD,TRAVEL FOOD SERVICES LTD,1228.5,1240.7,1223.3,1230.3,1228.5,15552
2026-09-22,TREEHOUSE,TREE HOUSE EDU LTD,5.84,6.1,5.76,6.05,5.84,21627
2026-09-22,TREJHARA,TREJHARA SOLUTIONS LTD,136.0,145.0,132.0,136.21,132.25,46087
2026-09-22,TRENT,TRENT LTD,2838.7,2847.9,2754.2,2782.9,2815.5,764083
2026-09-22,TRF,TRF LIMITED,217.0,219.01,215.15,216.06,216.43,4526
2026-09-22,TBZ,TRIB BHIMJI ZAVERI LTD,650.0,665.35,636.95,665.35,633.7,881481
2026-09-22,TRIDENT,TRIDENT LIMITED,23.09,23.19,22.82,22.93,23.02,2129961
2026-09-22,TRIGYN,TRIGYN TECHNOLOGIES LTD,56.0,56.45,55.2,55.76,56.02,16792
2026-09-22,TRITONV,TRITON VALVES LTD.,1085.0,1091.6,1063.9,1080.1,1063.9,981
2026-09-22,TRIVENI,TRIVENI ENGG. & INDS. LTD,239.95,244.05,238.55,239.55,238.75,311291
2026-09-22,TRITURBINE,TRIVENI TURBINE LIMITED,555.65,564.85,546.8,550.3,555.65,374231
2026-09-22,TRUALT,TRUALT BIOENERGY LIMITED,415.55,428.9,411.0,414.45,415.05,371407
2026-09-22,TRU,TRUCAP FINANCE LIMITED,4.03,4.28,4.03,4.17,4.12,36808
2026-09-22,TSFINV,TSF INVESTMENTS LIMITED,464.95,467.35,459.0,461.35,460.35,47069
2026-09-22,TTKHLTCARE,TTK HEALTHCARE LIMITED,1079.8,1084.8,1040.0,1050.2,1073.3,29824
2026-09-22,TTKPRESTIG,TTK PRESTIGE LTD,529.45,530.0,516.0,517.15,524.9,41161
2026-09-22,TIINDIA,TUBE INVEST OF INDIA LTD,2602.0,2617.4,2558.4,2574.0,2588.0,81195
2026-09-22,TURTLEMINT,TURTLEMINT FINTECH SOLS L,132.46,143.0,130.51,140.23,131.17,3713889
2026-09-22,TUTIALKA,TUTICORIN ALKAL CH & FE L,57.5,57.5,54.05,55.34,56.56,3470
2026-09-22,TVTODAY,TV TODAY NETWORK LTD,107.15,109.81,107.0,107.67,107.64,40045
2026-09-22,TVSELECT,TVS ELECTRONICS LTD,401.2,401.2,388.0,391.15,396.0,26743
2026-09-22,TVSHLTD,TVS HOLDINGS LIMITED,12671.0,12798.0,12501.0,12543.0,12729.0,3500
2026-09-22,TVSMOTOR,TVS MOTOR COMPANY  LTD,4155.0,4188.1,4134.0,4140.0,4155.0,544904
2026-09-22,TVSSRICHAK,TVS SRICHAKRA LIMITED,4658.0,4690.0,4610.0,4650.0,4592.0,7781
2026-09-22,TVSSCS,TVS SUPPLY CHAIN SOL L,133.1,135.63,131.58,132.31,132.85,510639
2026-09-22,UPHOT,U P HOTELS LTD.,1449.0,1522.5,1449.0,1507.8,1450.0,34
2026-09-22,UCOBANK,UCO BANK,23.62,23.78,23.62,23.72,23.62,2058479
2026-09-22,UDAYJEW,UDAY JEWELLERY INDS. LTD.,151.83,152.11,147.0,148.87,151.08,11047
2026-09-22,USK,UDAYSHIVAKUMAR INFRA LTD,19.65,20.49,19.65,19.97,20.12,18360
2026-09-22,UFLEX,UFLEX LIMITED,669.0,679.7,640.0,648.15,656.15,251203
2026-09-22,UFO,UFO MOVIEZ INDIA LTD.,61.0,61.95,60.3,60.64,60.87,33271
2026-09-22,UGROCAP,UGRO CAPITAL LIMITED,82.01,83.31,82.01,82.74,82.29,78300
2026-09-22,UEL,UJAAS ENERGY LIMITED,202.99,202.99,190.0,191.3,198.29,19352
2026-09-22,UJJIVANSFB,UJJIVAN SMALL FINANC BANK,64.99,65.8,64.46,64.74,64.79,5992425
2026-09-22,ULTRAMAR,ULTRAMARINE & PIGMENTS L,438.0,438.0,422.05,423.9,435.0,20679
2026-09-22,ULTRACEMCO,ULTRATECH CEMENT LIMITED,11100.0,11142.0,11000.0,11000.0,11100.0,320797
2026-09-22,UMIYA-MRO,UMIYA BUILDCON LIMITED,98.06,99.49,96.21,97.29,98.33,7773
2026-09-22,UNICHEMLAB,UNICHEM LABORATORIES LTD,538.0,566.0,534.7,538.75,540.65,114861
2026-09-22,UNIECOM,UNICOMMERCE ESOLUTIONS L,81.55,90.5,80.96,86.32,81.11,13825616
2026-09-22,UNIINFO,UNIINFO TELECOM SERVI LTD,11.0,11.48,11.0,11.45,11.33,1335
2026-09-22,UNIMECH,UNIMECH AEROSPACE N MFG L,1719.9,1868.2,1715.0,1732.5,1698.4,1014230
2026-09-22,UNIONBANK,UNION BANK OF INDIA,178.0,178.8,175.86,178.0,178.09,5275793
2026-09-22,UNIONGOLD,UNIONAMC - UNIONGOLD,149.0,150.5,147.25,147.9,148.3,400811
2026-09-22,UNIPARTS,UNIPARTS INDIA LIMITED,859.0,860.95,841.65,851.7,854.85,68579
2026-09-22,UNIENTER,UNIPHOS ENTERPRISES LTD,92.0,92.0,89.67,91.15,91.82,3572
2026-09-22,UNITECH,UNITECH LTD,4.17,4.17,4.08,4.09,4.13,2193592
2026-09-22,UBL,UNITED BREWERIES LTD,1234.0,1234.9,1210.4,1215.2,1227.8,88734
2026-09-22,UNIDT,UNITED DRILLING TOOLS LTD,222.0,223.35,210.72,212.42,222.44,12203
2026-09-22,UNITEDTEA,UNITED NILGIRI TEA LTD,430.05,437.45,423.2,427.35,430.05,3724
2026-09-22,UNITEDPOLY,UNITED POLYFAB GUJ. LTD.,46.0,46.75,44.95,45.57,46.05,212897
2026-09-22,UNITDSPR,UNITED SPIRITS LIMITED,1402.9,1405.3,1390.2,1398.0,1397.0,387186
2026-09-22,UNIVCABLES,UNIVERSAL CABLES LTD,1488.0,1548.6,1462.0,1478.2,1477.5,145762
2026-09-22,UNOMINDA,UNO MINDA LIMITED,1227.5,1240.1,1220.7,1226.0,1227.5,316922
2026-09-22,UDS,UPDATER SERVICES LIMITED,198.0,207.8,196.0,198.14,198.48,138849
2026-09-22,UPL,UPL LIMITED,559.25,562.55,555.0,559.9,559.9,2741227
2026-09-22,URBANCO,URBAN COMPANY LIMITED,173.4,175.95,171.67,174.21,173.4,6235889
2026-09-22,URJA,URJA GLOBAL LIMITED,9.06,9.14,8.96,9.04,9.06,413283
2026-09-22,UMESLTD,USHA MARTIN EDU & SOL LTD,4.34,4.64,4.27,4.57,4.25,45624
2026-09-22,USHAMART,USHA MARTIN LTD.,541.0,541.0,525.7,531.3,533.9,2758062
2026-09-22,UTIAMC,UTI ASSET MNGMT CO LTD,921.35,935.95,911.05,919.95,924.8,129398
2026-09-22,NIF500BETA,UTIAMC - NIF500BETA,37.7,37.7,36.23,36.72,36.76,6061
2026-09-22,SECLEDBETA,UTIAMC - SECLEDBETA,14.96,14.96,14.29,14.31,14.38,11225
2026-09-22,BANKBETA,UTIAMC-BANKBETA,59.88,59.88,58.1,58.21,58.42,584220
2026-09-22,GILT10BETA,UTIAMC-GILT10BETA,26.68,26.68,26.3,26.6,26.64,95
2026-09-22,GILT5BETA,UTIAMC-GILT5BETA,66.46,66.59,65.84,66.59,66.46,313
2026-09-22,ITBETA,UTIAMC-ITBETA,301.33,309.0,299.3,309.0,304.29,540
2026-09-22,MIDCAPBETA,UTIAMC-MIDCAPBETA,231.91,232.1,230.05,232.0,230.76,2505
2026-09-22,NEXT50BETA,UTIAMC-NEXT50BETA,78.02,78.39,77.03,77.27,78.02,936981
2026-09-22,NIFTYBETA,UTIAMC-NIFTYBETA,267.07,267.07,258.3,259.33,260.56,16304
2026-09-22,SENSEXBETA,UTIAMC-SENSEXBETA,829.45,833.68,826.0,828.37,829.42,1707
2026-09-22,SILVERBETA,UTIAMC-SILVERBETA,223.0,224.53,220.46,222.29,224.32,593224
2026-09-22,SNXT50BETA,UTIAMC-SNXT50BETA,95.2,95.44,92.05,92.66,94.34,4011
2026-09-22,GOLDBETA,UTIAMC-UTIGOLDBETA,127.9,127.9,126.6,127.25,127.9,460617
2026-09-22,UTKARSHBNK,UTKARSH SMALL FIN BANK L,14.0,14.3,13.85,13.88,14.0,6307706
2026-09-22,UTTAMSUGAR,UTTAM SUGAR MILLS LTD.,259.0,264.25,255.25,258.25,256.05,120563
2026-09-22,VTMLTD,V T M LTD.,46.2,47.0,45.1,45.4,46.26,74894
2026-09-22,VGUARD,V-GUARD IND LTD.,327.95,328.0,318.55,320.5,324.95,275290
2026-09-22,V2RETAIL,V2 RETAIL LIMITED,210.68,213.6,210.0,213.18,210.85,459607
2026-09-22,WABAG,VA TECH WABAG LTD,2105.0,2123.2,2063.1,2072.1,2099.5,230608
2026-09-22,VADILENT,VADILAL ENTERPRISES LTD.,10400.0,10400.0,10300.0,10350.0,10500.0,79
2026-09-22,VADILALIND,VADILAL INDUSTRIES LTD,7520.0,7937.5,7520.0,7598.0,7415.0,48713
2026-09-22,VAIBHAVGBL,VAIBHAV GLOBAL LIMITED,209.1,211.32,206.9,208.18,208.01,223734
2026-09-22,VAISHALI,VAISHALI PHARMA LIMITED,8.17,8.75,8.17,8.58,8.24,124367
2026-09-22,VAKRANGEE,VAKRANGEE LIMITED,5.2,5.3,5.16,5.26,5.16,1307740
2026-09-22,VALIANTORG,VALIANT ORGANICS LIMITED,421.0,425.0,391.15,418.35,422.95,123062
2026-09-22,DBREALTY,VALOR ESTATE LIMITED,95.0,98.39,95.0,96.65,95.29,827941
2026-09-22,VHL,VARDHMAN HOLDINGS LIMITED,3348.3,3396.7,3331.0,3342.8,3339.1,306
2026-09-22,VARDMNPOLY,VARDHMAN POLYTEX LTD.,5.89,5.95,5.75,5.8,5.79,87970
2026-09-22,VSSL,VARDHMAN SPC STEEL LTD,410.15,416.6,406.45,407.8,410.8,91342
2026-09-22,VTL,VARDHMAN TEXTILES LIMITED,554.0,559.85,549.05,551.2,554.15,196638
2026-09-22,VARROC,VARROC ENGINEERING LTD.,877.9,912.2,860.25,864.5,872.55,721004
2026-09-22,VBL,VARUN BEVERAGES LIMITED,427.2,433.8,424.2,430.0,425.0,5138730
2026-09-22,VGL,VARVEE GLOBAL LIMITED,69.05,70.6,68.07,68.34,69.03,167860
2026-09-22,VASCONEQ,VASCON ENGINEERS LTD,32.25,32.49,31.2,31.44,32.18,391428
2026-09-22,VASWANI,VASWANI IND LTD,46.99,46.99,45.28,45.61,46.1,13382
2026-09-22,MANYAVAR,VEDANT FASHIONS LIMITED,539.95,540.05,526.0,535.35,536.7,286758
2026-09-22,VAML,VEDANTA ALUMINIUM METAL L,415.8,430.75,415.15,425.35,413.05,8507810
2026-09-22,VISL,VEDANTA IRON AND STEEL L,31.0,32.21,30.68,32.21,30.68,16918818
2026-09-22,VEDL,VEDANTA LIMITED,261.0,263.85,260.2,263.0,260.5,5419840
2026-09-22,VOGL,VEDANTA OIL AND GAS LTD,34.33,35.95,33.95,35.01,33.87,46962562
2026-09-22,VEDPOWER,VEDANTA POWER LIMITED,30.86,31.61,30.77,31.07,30.78,18011957
2026-09-22,VEDAVAAG,VEDAVAAG SYSTEMS LTD.,23.21,23.21,20.5,21.8,22.85,109600
2026-09-22,VEEDOL,VEEDOL CORPORATION LTD,1362.0,1372.7,1357.3,1369.9,1357.0,8152
2026-09-22,VENKEYS,VENKY S (INDIA) LIMITED,1641.0,1698.0,1641.0,1675.9,1640.3,58766
2026-09-22,VENTIVE,VENTIVE HOSPITALITY LTD,560.0,583.5,555.35,579.6,556.75,97386
2026-09-22,VENUSPIPES,VENUS PIPES & TUBES LTD,2242.0,2258.8,2182.0,2223.3,2231.2,149878
2026-09-22,VENUSREM,VENUS REMEDIES LIMITED,1599.0,1644.0,1582.8,1611.5,1593.2,21162
2026-09-22,VERANDA,VERANDA LEARNING SOL LTD,231.97,232.61,225.16,230.13,229.17,627174
2026-09-22,VERTOZ,VERTOZ LIMITED,37.99,37.99,36.5,36.89,36.93,20979
2026-09-22,VESUVIUS,VESUVIUS INDIA LTD,399.95,405.0,392.0,392.75,397.75,84558
2026-09-22,VETO,VETO SWITCHGEAR CABLE LTD,145.95,145.95,139.0,139.57,143.78,101878
2026-09-22,VSTL,VIBHOR STEEL TUBES LTD,113.9,115.45,113.0,114.19,114.48,5081
2026-09-22,VGCL,VIBRANT GLOBAL CAPITAL L,48.49,48.49,45.0,46.9,47.14,5454
2026-09-22,VIDHIING,VIDHI SPCLTY F INGRDNTS L,358.35,364.0,351.7,359.95,354.45,72419
2026-09-22,VIDYAWIRES,VIDYA WIRES LIMITED,85.97,86.5,84.34,84.77,85.45,526875
2026-09-22,VIJSOLX,VIJAY SOLVEX LTD.,664.4,664.5,621.2,638.0,634.95,330
2026-09-22,VIJAYA,VIJAYA DIAGNOSTIC CEN LTD,1548.3,1571.8,1505.9,1516.0,1556.1,147335
2026-09-22,VIKASECO,VIKAS ECOTECH LIMITED,1.05,1.07,1.04,1.04,1.04,1737447
2026-09-22,VIKASLIFE,VIKAS LIFECARE LIMITED,1.24,1.27,1.23,1.26,1.23,1613858
2026-09-22,VIKRAMSOLR,VIKRAM SOLAR LIMITED,164.73,165.6,161.7,162.35,163.75,1586320
2026-09-22,VIKRAN,VIKRAN ENGINEERING LTD,56.48,57.07,55.06,55.38,56.16,851048
2026-09-22,VIMTALABS,VIMTA LABS LIMITED,622.6,626.5,607.1,610.15,616.05,154392
2026-09-22,VINATIORGA,VINATI ORGANICS LTD,1226.5,1232.7,1199.5,1202.7,1222.1,89448
2026-09-22,VINDHYATEL,VINDHYA TELELINKS LTD,2881.0,2947.7,2822.0,2865.4,2853.2,100801
2026-09-22,VINEETLAB,VINEET LABORATORIES LTD,36.23,36.23,34.3,34.81,35.54,63313
2026-09-22,VINNY,VINNY OVERSEAS LIMITED,0.94,0.94,0.92,0.92,0.93,483748
2026-09-22,VINCOFE,VINTAGE COFFEE N BVRGS L,176.5,181.0,173.32,174.2,176.33,1555865
2026-09-22,VINYLINDIA,VINYL CHEMICALS (I) LTD.,219.0,222.72,219.0,220.2,216.69,3368
2026-09-22,VIPCLOTHNG,VIP CLOTHING LIMITED,21.3,22.2,20.61,21.66,21.25,84807
2026-09-22,VIPIND,VIP INDUSTRIES LTD,299.0,305.0,295.6,297.2,295.9,297936
2026-09-22,VIRAT,VIRAT INDUSTRIES LTD.,376.0,384.8,355.3,376.55,371.95,3472
2026-09-22,VIRINCHI,VIRINCHI LIMITED,14.27,14.27,13.85,14.0,13.98,26065
2026-09-22,VOEPL,VIRTUOSO OPTOELECTRONIC L,496.8,512.85,488.2,493.05,494.4,52839
2026-09-22,VISACHROME,VISA CHROME LIMITED,32.0,33.16,31.51,33.16,31.59,15870
2026-09-22,VIVIDHA,VISAGAR POLYTEX LTD,0.52,0.55,0.51,0.52,0.52,285268
2026-09-22,VISAKAIND,VISAKA INDUSTRIES LIMITED,95.57,96.19,94.0,94.47,95.42,120212
2026-09-22,VISHAL,VISHAL FABRICS LTD.,18.35,18.43,18.0,18.19,18.17,36313
2026-09-22,VMM,VISHAL MEGA MART LIMITED,102.0,104.03,101.34,104.03,101.65,12806676
2026-09-22,VISHNU,VISHNU CHEMICALS LIMITED,714.5,732.8,714.5,720.9,716.5,69771
2026-09-22,VPRPL,VISHNU PRAKASH R PUNGLI L,34.0,34.43,33.34,33.56,33.96,230707
2026-09-22,VISHWARAJ,VISHWARAJ SUGAR IND LTD,5.35,5.39,5.28,5.32,5.27,204980
2026-09-22,VITAL,VITAL CHEMTECH LIMITED,56.9,56.9,53.0,53.02,54.9,510
2026-09-22,VIVIANA,VIVIANA POWER TECH LTD,747.0,790.0,721.25,734.0,732.6,38813
2026-09-22,VIVOBIOT,VIVO BIO TECH LTD.,16.58,16.98,16.22,16.71,16.21,7298
2026-09-22,VIYASH,VIYASH SCIENTIFIC LIMITED,252.0,262.65,250.25,251.5,251.65,4520764
2026-09-22,VLEGOV,VL E GOV AND IT SOL LTD,10.1,10.39,9.95,10.29,10.09,90978
2026-09-22,VLSFINANCE,VLS FINANCE LTD,238.14,241.0,235.57,236.46,238.14,4007
2026-09-22,VMART,VMART RETAIL LTD,815.0,815.0,792.1,795.6,808.8,51319
2026-09-22,VMSTMT,VMS TMT LIMITED,48.5,49.0,47.02,47.23,48.62,54927
2026-09-22,IDEA,VODAFONE IDEA LIMITED,13.89,14.36,13.71,14.27,13.84,527812273
2026-09-22,VOITHPAPR,VOITH PAPER FABRICS IND L,1454.0,1470.0,1432.1,1440.0,1432.4,745
2026-09-22,VOLTAMP,VOLTAMP TRANSFORMERS LTD,10802.0,11094.0,10665.0,10747.0,10802.0,14738
2026-09-22,VOLTAS,VOLTAS LTD,1143.0,1143.1,1100.0,1100.8,1142.1,1090998
2026-09-22,VRAJ,VRAJ IRON AND STEEL LTD,129.2,130.9,125.2,125.88,128.65,20043
2026-09-22,VRLLOG,VRL LOGISTICS LIMITED,291.2,297.0,290.7,291.75,292.25,99556
2026-09-22,VSTIND,VST INDUSTRIES LTD,206.5,208.01,204.2,205.69,206.76,94917
2026-09-22,VSTTILLERS,VST TILLERS TRACTORS LTD,4312.2,4398.9,4238.0,4305.4,4290.7,13939
2026-09-22,WHBRADY,W H BRADY & CO. LTD.,484.0,485.0,458.3,464.4,472.55,445
2026-09-22,WPIL,W P I L LTD.,446.95,452.9,434.15,439.35,446.95,76916
2026-09-22,WSI,W.S.INDUSTRIES (I) LTD.,57.4,58.99,56.0,58.32,57.32,11479
2026-09-22,WAAREEENER,WAAREE ENERGIES LIMITED,2529.0,2547.0,2480.2,2494.8,2499.0,1148630
2026-09-22,WAAREERTL,WAAREE RENEWABLE TECH LTD,818.0,841.4,811.6,816.95,813.9,173634
2026-09-22,WAKEFIT,WAKEFIT INNOVATIONS LTD,147.41,151.64,142.6,146.86,146.66,567656
2026-09-22,WALCHANNAG,WALCHANDNAGAR INDUSTRIES,201.98,205.0,197.5,199.05,201.18,371862
2026-09-22,WANBURY,WANBURY LIMITED,228.05,230.0,221.0,222.7,227.55,104097
2026-09-22,WARDINMOBI,WARDWIZARD INNO & MOB L,5.75,6.18,5.57,5.63,5.61,318418
2026-09-22,WATERBASE,WATERBASE LTD.,44.99,45.89,44.99,45.52,44.99,24632
2026-09-22,CORDELIA,WATERWAYS LEISURE TOUR L,114.49,115.47,111.33,112.18,113.67,1099605
2026-09-22,WEWIN,WE WIN LIMITED,42.4,43.02,41.5,43.0,42.4,3623
2026-09-22,TWCGOLDETF,WEALTH - TWCGOLDETF,151.2,151.2,149.46,150.57,151.46,51682
2026-09-22,WEALTH,WEALTH FRST PORT. MG. LTD,824.45,844.5,824.0,836.4,822.55,1276
2026-09-22,WEBELSOLAR,WEBSOL ENERGY SYSTEM LTD,72.0,73.78,71.35,71.8,72.03,1722203
2026-09-22,WEIZMANIND,WEIZMANN LTD,73.0,73.01,71.02,72.8,71.76,1007
2026-09-22,WELCORP,WELSPUN CORP LIMITED,2762.7,2829.0,2706.7,2731.5,2762.7,1437944
2026-09-22,WELENT,WELSPUN ENTERPRISES LTD.,788.65,800.0,778.0,783.75,784.7,519523
2026-09-22,WELSPUNLIV,WELSPUN LIVING LIMITED,215.4,224.0,215.32,221.51,215.87,5107266
2026-09-22,WELSPLSOL,WELSPUN SPECIALTY SOL L,55.8,56.25,53.0,53.06,55.74,912274
2026-09-22,WENDT,WENDT (INDIA) LIMITED,8718.0,8945.0,8570.5,8627.0,8640.5,16023
2026-09-22,WSTCSTPAPR,WEST COAST PAPER MILLS LT,761.25,764.95,737.35,749.75,760.25,223516
2026-09-22,WCIL,WESTERN CARRIERS (IND) L,96.5,96.5,94.01,95.14,95.59,164399
2026-09-22,WESTLIFE,WESTLIFE FOODWORLD LTD,564.1,585.4,555.2,574.0,564.1,139627
2026-09-22,WEWORK,WEWORK INDIA MANAGEMENT L,670.05,680.85,668.3,671.15,672.35,31492
2026-09-22,WHEELS,WHEELS INDIA LTD,2174.9,2255.9,2141.1,2174.0,2174.9,125029
2026-09-22,WHIRLPOOL,WHIRLPOOL OF INDIA LTD,728.0,730.75,718.7,721.05,723.65,104472
2026-09-22,WILLAMAGOR,WILLIAMSON MAGOR,24.15,24.15,23.08,23.6,23.67,408
2026-09-22,WINDLAS,WINDLAS BIOTECH LIMITED,1138.5,1148.0,1092.3,1102.3,1129.4,51621
2026-09-22,WINDMACHIN,WINDSOR MACHINES LIMITED,296.0,303.0,293.25,300.0,295.85,183702
2026-09-22,WIPRO,WIPRO LTD,164.81,166.0,163.21,166.0,164.55,14726893
2026-09-22,WOCKPHARMA,WOCKHARDT LIMITED,2205.9,2247.0,2176.8,2185.4,2187.3,1006397
2026-09-22,WEL,WONDER ELECTRICALS LTD,77.9,80.4,77.73,80.4,76.58,462050
2026-09-22,WONDERLA,WONDERLA HOLIDAYS LTD.,512.3,517.0,510.0,511.15,511.95,46738
2026-09-22,WORTHPERI,WORTH PERIPHERALS LIMITED,145.41,149.96,145.1,148.82,148.33,4773
2026-09-22,XCHANGING,XCHANGING SOLUTIONS LTD,61.95,61.95,60.1,60.32,61.31,67795
2026-09-22,XELPMOC,XELPMOC DESIGN & TECH LTD,75.4,75.7,71.1,73.32,73.88,21198
2026-09-22,XPROINDIA,XPRO INDIA LIMITED,1200.0,1212.4,1164.6,1201.0,1195.1,51808
2026-09-22,XTGLOBAL,XTGLOBAL INFOTECH LIMITED,30.34,30.85,29.9,30.14,30.01,16700
2026-09-22,XTRANET,XTRANET TECHNOLOGIES LTD,352.0,358.5,326.3,334.36,341.43,2041149
2026-09-22,YASHO,YASHO INDUSTRIES LIMITED,3965.5,4011.9,3850.0,3959.4,3945.8,37966
2026-09-22,YATHARTH,YATHARTH HOSP & TRA C S L,1125.3,1136.0,1102.4,1129.1,1125.3,578412
2026-09-22,YATRA,YATRA ONLINE LIMITED,104.8,110.73,104.5,108.82,103.69,1814749
2026-09-22,YESBANK,YES BANK LIMITED,23.17,23.29,23.04,23.2,23.17,36775729
2026-09-22,YOGI,YOGI LTD.,163.9,163.9,155.01,161.0,162.0,401
2026-09-22,YUKEN,YUKEN INDIA LIMITED,1138.45,1149.0,1071.7,1137.95,1125.8,32762
2026-09-22,ZFSTEERING,Z F STEERING GEAR (I) LTD,695.0,703.95,686.1,689.7,693.65,1643
2026-09-22,ZAGGLE,ZAGGLE PREPA OCEAN SER L,182.0,182.7,178.55,179.95,180.01,652387
2026-09-22,ZEEL,ZEE ENTERTAINMENT ENT LTD,78.22,79.2,77.77,78.21,77.68,8389460
2026-09-22,ZEELEARN,ZEE LEARN LIMITED,6.95,6.99,6.7,6.81,6.77,167275
2026-09-22,ZEEMEDIA,ZEE MEDIA CORPORATION LTD,7.4,7.99,7.39,7.56,7.31,2865132
2026-09-22,ZENTEC,ZEN TECHNOLOGIES LIMITED,1696.5,1729.9,1666.0,1673.8,1687.2,252218
2026-09-22,ZENITHEXPO,ZENITH EXPORTS LTD,197.0,198.97,197.0,197.62,197.0,280
2026-09-22,ZENITHSTL,ZENITH STEEL PIP IND LTD,5.58,5.58,5.27,5.31,5.31,61929
2026-09-22,ZENSARTECH,ZENSAR TECHNOLOGIES  LTD,432.55,439.3,431.7,432.6,436.4,578686
2026-09-22,GOLDCASE,ZERODHAAMC - GOLDCASE,23.86,23.97,23.65,23.79,23.91,14811313
2026-09-22,LIQUIDCASE,ZERODHAAMC - LIQUIDCASE,116.02,116.04,116.02,116.03,116.01,14665202
2026-09-22,LTGILTCASE,ZERODHAAMC - LTGILTCASE,30.37,30.39,30.27,30.35,30.3,154472
2026-09-22,MID150CASE,ZERODHAAMC - MID150CASE,11.31,11.8,11.31,11.47,11.52,1366142
2026-09-22,NIFTYCASE,ZERODHAAMC - NIFTYCASE,9.64,9.64,9.25,9.39,9.41,694769
2026-09-22,SILVERCASE,ZERODHAAMC - SILVERCASE,23.52,23.58,23.17,23.36,23.56,4537007
2026-09-22,SML100CASE,ZERODHAAMC - SML100CASE,11.56,11.56,11.25,11.29,11.28,1248407
2026-09-22,TOP100CASE,ZERODHAAMC - TOP100CASE,10.43,10.45,10.26,10.3,10.35,903235
2026-09-22,ZFCVINDIA,ZF COM VE CTR SYS IND LTD,2362.6,2385.9,2312.9,2362.2,2362.6,264362
2026-09-22,ZIMLAB,ZIM LABORATORIES LIMITED,131.25,134.96,130.5,133.8,133.65,56716
2026-09-22,ZODIACLOTH,ZODIAC CLOTHING CO. LTD.,69.4,70.89,69.12,69.89,69.51,3940
2026-09-22,ZODIAC,ZODIAC ENERGY LIMITED,235.8,235.8,225.0,227.72,230.26,10456
2026-09-22,ZOTA,ZOTA HEALTH CARE LIMITED,1317.0,1438.0,1295.0,1356.0,1287.8,1031885
2026-09-22,ZUARI,ZUARI AGRO CHEMICALS LTD,222.84,226.76,222.21,225.72,222.84,57519
2026-09-22,ZUARIIND,ZUARI INDUSTRIES LIMITED,273.25,279.95,273.0,275.1,272.6,77212
2026-09-22,ZYDUSLIFE,ZYDUS LIFESCIENCES LTD,1161.0,1178.0,1160.0,1162.3,1161.0,1243696
2026-09-22,ZYDUSWELL,ZYDUS WELLNESS LIMITED,534.5,537.0,514.0,520.55,530.45,193863
