date,symbol,name,open,high,low,close,prev_close,volume
2026-09-04,20MICRONS,20 MICRONS LTD,218.91,224.9,216.5,222.49,217.82,174812
2026-09-04,21STCENMGM,21ST CENTURY MGMT SERVICE,38.49,38.7,37.36,38.13,38.1,2056
2026-09-04,360ONE,360 ONE WAM LIMITED,1149.1,1156.1,1127.1,1137.0,1155.0,603451
2026-09-04,GOLD360,360ONEAMC - GOLD360,150.15,151.0,149.6,149.7,149.4,9775
2026-09-04,MSCI360,360ONEAMC - MSCI360,10.12,10.27,10.04,10.27,10.06,6033
2026-09-04,SILVER360,360ONEAMC - SILVER360,227.4,229.69,227.4,229.11,226.38,14214
2026-09-04,3BBLACKBIO,3B BLACKBIO DX LTD.,1508.5,1513.9,1411.2,1460.1,1486.2,19626
2026-09-04,3MINDIA,3M INDIA LIMITED,32730.0,32965.0,32680.0,32845.0,32820.0,932
2026-09-04,3PLAND,3P LAND HOLDINGS LIMITED,32.3,32.45,30.75,32.39,32.45,11543
2026-09-04,5PAISA,5PAISA CAPITAL LIMITED,342.45,367.9,336.35,342.1,342.45,258086
2026-09-04,63MOONS,63 MOONS TECHNOLOGIES LTD,867.95,903.0,853.3,876.5,851.25,1136718
2026-09-04,ABCOTS,A B COTSPIN INDIA LIMITED,209.7,217.99,206.3,208.15,207.46,4500
2026-09-04,ABMKNO,A B M KNOWLEDGEWARE LTD.,193.6,193.6,188.0,189.9,188.0,556
2026-09-04,AKCAPIT,A K CAPITAL SERVICES LTD.,1698.9,1740.0,1684.2,1736.9,1697.4,674
2026-09-04,A2ZINFRA,A2Z INFRA ENGINEERING LTD,15.98,16.24,15.33,15.61,15.98,308540
2026-09-04,AAATECH,AAA TECHNOLOGIES LIMITED,93.17,93.99,91.1,91.74,93.17,11314
2026-09-04,AADHARHFC,AADHAR HOUSING FINANCE L,478.7,488.0,477.7,483.55,478.65,197998
2026-09-04,AAKASH,AAKASH EXPLORATION SER L,8.88,8.89,8.69,8.75,8.77,139620
2026-09-04,AAREYDRUGS,AAREY DRUGS & PHARM LTD,96.0,96.99,93.55,95.79,94.44,109417
2026-09-04,AARON,AARON INDUSTRIES LIMITED,131.0,131.0,127.0,128.45,128.98,4376
2026-09-04,AARTIDRUGS,AARTI DRUGS LTD.,429.25,443.75,426.2,431.65,425.85,250307
2026-09-04,AARTIIND,AARTI INDUSTRIES LTD,503.6,509.9,490.0,492.05,501.9,767774
2026-09-04,AARTIPHARM,AARTI PHARMALABS LIMITED,872.0,879.75,854.1,858.8,868.1,463265
2026-09-04,AARVI,AARVI ENCON LIMITED,139.61,143.96,139.61,141.92,141.35,7773
2026-09-04,AASTHA,AASTHA SPINTEX LIMITED,79.56,80.87,77.92,78.12,80.05,228188
2026-09-04,AAVAS,AAVAS FINANCIERS LIMITED,1298.3,1318.0,1298.3,1304.2,1297.8,60456
2026-09-04,ABANSENT,ABANS ENTERPRISES LTD.,28.4,28.4,27.2,27.86,27.45,6398
2026-09-04,AFSL,ABANS FINANCIAL SRVCS LTD,211.8,211.8,201.3,202.07,208.77,9724
2026-09-04,ABB,ABB INDIA LIMITED,7445.5,7470.0,7376.0,7410.0,7432.0,150500
2026-09-04,ABBOTINDIA,ABBOTT INDIA LIMITED,25945.0,26365.0,25810.0,26065.0,25945.0,8803
2026-09-04,ACC,ACC LIMITED,1277.0,1289.3,1272.0,1283.8,1272.0,101446
2026-09-04,ACCELYA,ACCELYA SOLN INDIA LTD,1130.7,1139.2,1125.7,1131.0,1129.6,2359
2026-09-04,ACEINTEG,ACE INTEGRATED SOLU. LTD.,17.4,18.7,17.29,17.83,17.02,17975
2026-09-04,ACMESOLAR,ACME SOLAR HOLDINGS LTD,402.9,430.5,399.55,418.0,401.9,6203953
2026-09-04,ACE,ACTION CONST EQUIP LTD,1148.4,1189.0,1117.1,1125.4,1145.5,557111
2026-09-04,ACUTAAS,ACUTAAS CHEMICALS LIMITED,3211.1,3228.8,3156.3,3168.5,3201.0,149850
2026-09-04,ADANIENSOL,ADANI ENERGY SOLUTION LTD,1385.6,1412.7,1376.7,1409.6,1385.7,1386991
2026-09-04,ADANIENT,ADANI ENTERPRISES LIMITED,2900.0,2965.0,2882.8,2938.0,2901.0,1060844
2026-09-04,ADANIGREEN,ADANI GREEN ENERGY LTD,1288.0,1304.5,1278.2,1301.3,1283.4,768437
2026-09-04,ADANIPORTS,ADANI PORT & SEZ LTD,1699.9,1716.9,1692.4,1707.3,1706.5,1281968
2026-09-04,ADANIPOWER,ADANI POWER LTD,208.29,208.99,206.75,207.2,208.29,9328145
2026-09-04,ATGL,ADANI TOTAL GAS LIMITED,614.0,619.8,610.55,612.35,614.05,445851
2026-09-04,ADDIND,ADDI INDUSTRIES LTD.,81.55,83.68,79.0,79.34,76.69,486
2026-09-04,ADFFOODS,ADF FOODS LIMITED,267.5,269.15,262.4,264.8,267.5,78833
2026-09-04,ABSLAMC,ADIT BIRL SUN LIF AMC LTD,1047.7,1065.0,1036.1,1062.3,1045.2,127937
2026-09-04,ABCAPITAL,ADITYA BIRLA CAPITAL LTD.,400.2,407.4,400.2,404.9,402.0,2167785
2026-09-04,ABFRL,ADITYA BIRLA FASHION & RT,50.76,53.5,50.45,52.97,50.41,8157673
2026-09-04,ABLBL,ADITYA BIRLA LIFES BRAN L,84.18,86.9,83.72,86.07,83.49,852050
2026-09-04,BIRLAMONEY,ADITYA BIRLA MONEY LTD,126.77,129.19,123.5,126.37,127.15,62184
2026-09-04,ABREL,ADITYA BIRLA REAL EST LTD,1376.9,1400.9,1362.5,1373.6,1376.9,68679
2026-09-04,CPPLUS,ADITYA INFOTECH LIMITED,3752.7,3797.9,3645.0,3704.6,3751.3,202259
2026-09-04,AVL,ADITYA VISION LIMITED,604.0,604.0,590.4,600.05,600.4,226161
2026-09-04,BSLGOLDETF,ADITYBIRLA SL GOLD ETF-GR,136.33,136.33,134.7,135.36,134.18,224272
2026-09-04,BSLNIFTY,ADITYBIRLA SL NIF ETF-GR,28.34,28.34,27.97,28.14,28.07,339470
2026-09-04,ADOR,ADOR WELDING LTD,1720.0,1731.0,1662.2,1674.4,1714.6,26990
2026-09-04,ADROITINFO,ADROIT INFOTECH LIMITED,10.2,10.6,10.2,10.31,10.31,10874
2026-09-04,ADVAIT,ADVAIT ENRGY TRANSITION L,2230.0,2244.9,2136.0,2151.3,2210.9,66736
2026-09-04,ADVANCE,ADVANCE AGROLIFE LIMITED,119.75,119.76,116.86,117.43,118.53,118344
2026-09-04,ADVENZYMES,ADVANCED ENZYME TECH LTD,297.1,300.8,292.1,293.2,296.0,257142
2026-09-04,ADVANIHOTR,ADVANI HOT.& RES.(I) LTD,49.25,49.99,49.0,49.45,49.18,22126
2026-09-04,ADVENTHTL,ADVENT HOTELS INTERNATI L,135.25,135.7,132.81,134.57,134.98,78410
2026-09-04,ADVIKCA,ADVIK CAPITAL LTD.,1.15,1.16,1.11,1.12,1.13,329513
2026-09-04,RAMBHAJO,ADVIT JEWELS LIMITED,249.9,268.68,247.06,268.68,244.26,1915247
2026-09-04,AEGISLOG,AEGIS LOGISTICS LIMITED,1288.1,1327.3,1265.0,1270.2,1287.2,665965
2026-09-04,AEGISVOPAK,AEGIS VOPAK TERMINALS LTD,286.5,294.1,283.1,284.5,286.85,788218
2026-09-04,AEQUS,AEQUS LIMITED,247.9,249.0,241.0,242.18,247.23,1802739
2026-09-04,AEROENTER,AEROFLEX ENTERPRISES LTD,143.88,145.19,140.2,141.81,142.86,477542
2026-09-04,AEROFLEX,AEROFLEX INDUSTRIES LTD,544.0,552.95,527.1,537.45,542.15,1026759
2026-09-04,AERONEU,AEROFLEX NEU LIMITED,78.25,87.7,77.71,80.57,78.99,80348
2026-09-04,AETHER,AETHER INDUSTRIES LIMITED,1660.1,1666.3,1614.3,1625.6,1654.7,205632
2026-09-04,AFCONS,AFCONS INFRASTRUCTURE LTD,295.05,297.4,291.35,292.8,294.7,400459
2026-09-04,AFFLE,AFFLE 3I LIMITED,1529.0,1645.0,1521.0,1616.5,1519.2,3213241
2026-09-04,AFFORDABLE,AFFORD ROBO & AUTO LTD,164.93,164.93,155.15,157.47,159.68,21622
2026-09-04,AGARIND,AGARWAL INDS CORP LTD.,441.45,455.0,440.0,450.8,440.5,56050
2026-09-04,AGI,AGI GREENPAC LIMITED,746.5,753.9,731.25,735.25,742.2,98049
2026-09-04,AGIIL,AGI INFRA LIMITED,279.0,284.9,277.75,283.7,278.3,261176
2026-09-04,AGRITECH,AGRI-TECH (INDIA) LIMITED,101.1,103.8,99.85,101.21,101.1,3474
2026-09-04,AGROPHOS,AGRO PHOS INDIA LIMITED,26.19,26.89,25.5,25.77,26.19,12923
2026-09-04,AHLADA,AHLADA ENGINEERS LIMITED,36.51,38.5,35.51,37.29,37.51,11371
2026-09-04,AHLUCONT,AHLUWALIA CONT IND LTD,599.9,611.9,592.6,599.05,595.45,225666
2026-09-04,AIAENG,AIA ENGINEERING LIMITED,4250.0,4272.4,4206.0,4231.2,4272.4,117943
2026-09-04,AIRAN,AIRAN LIMITED,15.13,15.55,14.9,15.44,14.8,208770
2026-09-04,AIROLAM,AIRO LAM LIMITED,88.0,88.0,86.21,86.46,86.34,797
2026-09-04,AJANTPHARM,AJANTA PHARMA LIMITED,3503.5,3521.1,3455.3,3464.8,3521.1,65346
2026-09-04,AJAXENGG,AJAX ENGINEERING LIMITED,577.0,588.0,571.0,582.45,579.75,74192
2026-09-04,AJMERA,AJMERA REALTY & INF I LTD,116.0,121.0,116.0,117.76,115.45,443302
2026-09-04,AJOONI,AJOONI BIOTECH LIMITED,3.73,3.76,3.68,3.71,3.71,147021
2026-09-04,AKASH,AKASH INFRA-PROJECTS LTD,25.1,25.97,24.67,25.6,24.92,5520
2026-09-04,AKG,AKG EXIM LIMITED,9.4,9.79,9.2,9.59,9.34,37356
2026-09-04,AKI,AKI INDIA LIMITED,7.22,7.22,7.22,7.22,6.57,258805
2026-09-04,AFIL,AKME FINTRADE (INDIA) LTD,9.5,9.54,9.19,9.22,9.31,579665
2026-09-04,AKSHAR,AKSHAR SPINTEX LIMITED,0.42,0.44,0.42,0.42,0.42,1110421
2026-09-04,AKUMS,AKUMS DRUGS AND PHARMA L,784.4,785.0,748.35,765.75,780.55,338753
2026-09-04,ALANKIT,ALANKIT LIMITED,8.05,8.19,7.95,8.14,8.02,76587
2026-09-04,ALBERTDAVD,ALBERT DAVID LIMITED,876.9,878.0,851.6,860.25,870.15,3339
2026-09-04,ALEMBICLTD,ALEMBIC LIMITED,111.6,114.8,109.81,111.41,109.51,5309246
2026-09-04,APLLTD,ALEMBIC PHARMA LTD,805.0,811.75,792.6,808.2,803.65,174296
2026-09-04,ALFREDHE,ALFRED HERBERT INDIA L,2898.0,2900.0,2810.0,2898.9,2898.3,23
2026-09-04,ALGOQUANT,ALGOQUANT FINTECH LIMITED,64.27,64.89,64.03,64.5,64.27,1132524
2026-09-04,ALICON,ALICON CASTALLOY LIMITED,685.25,691.0,667.55,684.2,684.55,12867
2026-09-04,ALIVUS,ALIVUS LIFE SCIENCES LTD,1418.9,1446.9,1356.4,1366.3,1418.8,169642
2026-09-04,ALKEM,ALKEM LABORATORIES LTD.,5190.0,5210.5,5130.0,5190.0,5193.0,63261
2026-09-04,ALKYLAMINE,ALKYL AMINES CHEM. LTD,1999.0,2068.1,1999.0,2020.9,2003.2,97864
2026-09-04,ALLTIME,ALL TIME PLASTICS LIMITED,201.97,210.0,200.5,206.08,199.78,171524
2026-09-04,AGL,ALLCARGO GLOBAL LIMITED,13.61,13.97,13.61,13.65,13.66,978529
2026-09-04,ALLCARGO,ALLCARGO LOGISTICS LTD,12.77,12.77,12.22,12.44,12.51,12711642
2026-09-04,ATL,ALLCARGO TERMINALS LTD,24.49,25.65,24.32,25.31,24.26,220494
2026-09-04,ALLDIGI,ALLDIGI TECH LIMITED,805.6,810.0,797.0,805.85,801.65,2586
2026-09-04,ABDL,ALLIED BLEND N DISTILS L,603.25,614.15,603.25,609.95,609.4,114222
2026-09-04,ADSL,ALLIED DIGITAL SERV. LTD,105.24,105.72,103.5,104.13,104.85,63640
2026-09-04,ALMONDZ,ALMONDZ GLOBAL SEC LTD,17.8,18.09,17.52,17.89,17.66,302678
2026-09-04,ALOKINDS,ALOK INDUSTRIES LIMITED,7.56,8.28,7.54,7.83,7.53,65791332
2026-09-04,ALPA,ALPA LABORATORIES LTD,64.0,64.0,61.5,62.71,63.3,9194
2026-09-04,ALPINETEX,ALPINE TEXWORLD LIMITED,57.6,58.95,55.6,57.76,57.17,337604
2026-09-04,ALUFLUOR,ALUFLUORIDE LTD.,505.0,505.0,496.05,499.05,502.15,4229
2026-09-04,AMAGI,AMAGI MEDIA LABS LIMITED,566.85,570.0,555.3,563.3,562.35,183462
2026-09-04,AMAL,AMAL LTD.,748.0,756.7,735.0,743.2,749.8,4940
2026-09-04,ARE&M,AMARA RAJA ENERGY MOB LTD,861.3,868.95,855.05,864.2,860.4,363791
2026-09-04,AMARJOTHI,AMARJOTHI SPINNING MILL L,159.0,164.68,158.0,160.94,158.81,9739
2026-09-04,AMBER,AMBER ENTERPRISES (I) LTD,7428.0,7524.0,7380.0,7474.0,7410.0,128335
2026-09-04,AMBICAAGAR,AMBICA AGAR & AROMAINDLTD,27.69,28.35,25.54,27.21,26.33,520846
2026-09-04,AMBIKCO,AMBIKA COTTON MILL LTD.,1649.9,1650.0,1624.3,1639.1,1634.7,5906
2026-09-04,AMBUJACEM,AMBUJA CEMENTS LTD,404.95,408.2,404.25,405.0,405.0,807422
2026-09-04,AMDIND,AMD INDUSTRIES LIMITED,58.0,61.75,58.0,60.32,58.51,73559
2026-09-04,AMNPLST,AMINES & PLASTICIZERS LTD,179.95,179.95,172.8,172.89,176.07,5639
2026-09-04,AEROPLANE,AMIR CHAND JAG KUM (E) L,188.0,197.0,187.15,194.29,188.07,724408
2026-09-04,AMJLAND,AMJ LAND HOLDINGS LIMITED,39.79,39.92,38.63,39.47,39.6,3541
2026-09-04,AMRUTANJAN,AMRUTAJAN HEALTH LTD,509.0,516.0,500.1,505.45,507.35,41069
2026-09-04,ARSSBL,ANAND RATHI SH N STK BR L,520.65,529.4,513.35,515.05,514.95,153131
2026-09-04,ANANDRATHI,ANAND RATHI WEALTH LTD,2213.0,2224.0,2201.0,2215.9,2205.3,119776
2026-09-04,ANANTRAJ,ANANT RAJ LIMITED,633.0,646.4,622.1,625.45,628.3,4215356
2026-09-04,ACL,ANDHRA CEMENTS LIMITED,43.58,43.59,43.0,43.36,43.58,18265
2026-09-04,ANDHRAPAP,ANDHRA PAPER LIMITED,63.8,64.98,62.22,64.45,63.29,342517
2026-09-04,ANDHRSUGAR,ANDHRA SUGARS LTD,102.19,102.71,98.75,99.51,101.29,477164
2026-09-04,ANDREWYU,ANDREW YULE & CO. LTD.,28.0,28.5,27.79,27.93,27.98,42562
2026-09-04,ANGELONE,ANGEL ONE LIMITED,295.1,308.35,294.75,299.8,286.0,29274355
2026-09-04,ANIKINDS,ANIK INDUSTRIES LTD,45.2,46.95,45.0,45.0,44.99,2038
2026-09-04,APCL,ANJANI PORTLAND CEM LTD,102.5,102.5,100.11,101.42,100.1,4976
2026-09-04,AHCL,ANLON HEALTHCARE LIMITED,15.68,15.89,15.54,15.68,15.6,2049674
2026-09-04,ANMOL,ANMOL INDIA LIMITED,10.0,10.2,9.7,10.08,10.04,48326
2026-09-04,ANNAPURNA,ANNAPURNA SWADISHT LTD,151.45,151.45,139.0,140.2,147.78,96996
2026-09-04,ANSALBU,ANSAL BUILDWELL LTD.,75.0,83.0,75.0,80.68,76.35,905
2026-09-04,ANTGRAPHIC,ANTARCTICA LTD,0.75,0.76,0.73,0.73,0.75,202908
2026-09-04,ANTELOPUS,ANTELOPUS SELAN ENRGY LTD,1001.0,1028.8,925.2,957.15,1013.3,4816181
2026-09-04,ANTHEM,ANTHEM BIOSCIENCES LTD,970.0,973.5,926.8,934.05,950.7,872940
2026-09-04,AWHCL,ANTONY WASTE HDG CELL LTD,372.2,374.85,367.05,370.8,371.4,64504
2026-09-04,ANUHPHR,ANUH PHARMA LIMITED,80.75,82.35,79.7,81.1,79.68,80373
2026-09-04,ANURAS,ANUPAM RASAYAN INDIA LTD,1240.0,1246.1,1234.0,1238.7,1240.2,82271
2026-09-04,AONEGOLD,AONEAMC - AONEGOLD,14.29,14.48,14.29,14.37,14.28,470758
2026-09-04,AONELIQUID,AONEAMC - AONELIQUID,1075.71,1075.71,1075.66,1075.67,1075.29,18446
2026-09-04,AONENIFTY,AONEAMC - AONENIFTY,10.13,10.13,9.86,9.89,9.89,88348
2026-09-04,AONESILVER,AONEAMC - AONESILVER,8.77,8.92,8.77,8.89,8.79,264493
2026-09-04,AONETMMQ50,AONEAMC - AONETMMQ50,10.33,10.49,10.24,10.3,10.28,32103
2026-09-04,AONETOTAL,AONEAMC - AONETOTAL,11.9,12.0,11.87,11.93,11.85,188125
2026-09-04,APARINDS,APAR INDUSTRIES LTD.,17689.0,17895.0,17365.0,17421.0,17704.0,93101
2026-09-04,APCOTEXIND,APCOTEX INDUSTRIES LIMITE,658.0,665.0,632.7,635.5,650.4,172649
2026-09-04,APEX,APEX FROZEN FOODS LIMITED,378.0,383.6,373.2,375.15,376.75,99807
2026-09-04,APLAPOLLO,APL APOLLO TUBES LTD,2154.6,2281.0,2150.4,2250.0,2159.4,955928
2026-09-04,APOLLOHOSP,APOLLO HOSPITALS ENTER. L,8702.5,8740.0,8641.0,8650.0,8692.0,288351
2026-09-04,APOLLO,APOLLO MICRO SYSTEMS LTD,383.5,392.95,383.5,388.9,383.25,4500219
2026-09-04,APOLLOPIPE,APOLLO PIPES LIMITED,617.0,617.0,600.55,605.1,614.55,76562
2026-09-04,APOLSINHOT,APOLLO SINDOORI HOTEL LTD,1233.1,1248.0,1212.0,1218.1,1233.1,625
2026-09-04,APOLLOTYRE,APOLLO TYRES LTD,433.85,435.15,428.25,429.55,433.85,407526
2026-09-04,APTUS,APTUS VALUE HSG FIN I LTD,257.31,261.96,256.2,258.85,257.31,1203338
2026-09-04,AQYLON,AQYLON NEXUS LIMITED,22.18,22.66,21.76,22.46,21.59,555317
2026-09-04,ACI,ARCHEAN CHEMICAL IND LTD,501.0,512.7,495.0,504.2,495.2,640010
2026-09-04,ADL,ARCHIDPLY DECOR LIMITED,75.0,75.0,71.0,72.0,72.79,757
2026-09-04,ARCHIDPLY,ARCHIDPLY IND. LTD,107.99,107.99,103.65,104.89,105.99,17295
2026-09-04,ARCHIES,ARCHIES LTD,13.0,13.2,12.8,12.9,12.91,10318
2026-09-04,ARCL,ARCL ORGANICS LTD.,238.25,238.25,216.89,225.0,228.3,998
2026-09-04,ARDEE,ARDEE INDUSTRIES LIMITED,55.97,56.14,55.2,55.66,54.84,2239330
2026-09-04,ARFIN,ARFIN INDIA LIMITED,89.02,89.02,85.89,87.24,89.09,1136109
2026-09-04,ARIES,ARIES AGRO LTD.,496.55,506.95,486.3,500.1,496.6,59836
2026-09-04,ARIHANTCAP,ARIHANT CAPITAL MKTS LTD,78.88,80.4,78.35,79.69,78.52,235293
2026-09-04,ARIHANT,ARIHANT FOUN & HOU LTD,959.0,994.8,920.5,953.15,920.65,1172
2026-09-04,ARIHANTSUP,ARIHANT SUPERSTRUCT LTD,239.0,239.0,228.0,229.5,236.15,37696
2026-09-04,ARIS,ARISINFRA SOLUTIONS LTD,130.0,132.89,127.1,128.56,129.43,1642011
2026-09-04,ARKADE,ARKADE DEVELOPERS LIMITED,125.4,126.45,121.78,125.22,124.17,285467
2026-09-04,ARMANFIN,ARMAN FIN SERV LTD,1987.2,2083.0,1987.2,2069.3,1991.9,42583
2026-09-04,AROGRANITE,ARO GRANITE IND. LTD.,25.05,25.05,24.4,24.55,24.97,5191
2026-09-04,ARTNIRMAN,ART NIRMAN LIMITED,40.8,40.99,40.63,40.63,40.43,172
2026-09-04,AEPL,ARTEMIS ELECTRICALS & P L,16.81,18.2,16.0,17.5,17.09,170886
2026-09-04,ARTEMISMED,ARTEMIS MED SERVICE LTD,321.0,339.3,318.3,332.8,319.85,885338
2026-09-04,ARVEE,ARVEE LABORATORIES I LTD,165.61,171.9,163.0,165.1,165.0,790
2026-09-04,ARVINDFASN,ARVIND FASHIONS LIMITED,456.6,458.05,445.0,446.5,454.3,75363
2026-09-04,ARVIND,ARVIND LIMITED,563.1,566.0,550.0,552.95,567.0,308497
2026-09-04,ARVSMART,ARVIND SMARTSPACES LTD,645.6,653.8,640.05,642.5,639.0,28414
2026-09-04,ARYAMAN,ARYAMAN FINANCIAL SERV L,615.0,626.35,615.0,620.2,626.5,129
2026-09-04,ASAHIINDIA,ASAHI INDIA GLASS LIMITED,962.95,969.8,952.95,955.9,962.25,256318
2026-09-04,ASHAPURMIN,ASHAPURA MINECHEM LTD,549.85,559.95,546.0,551.0,547.95,275733
2026-09-04,ASHIANA,ASHIANA HOUSING LTD,366.2,370.4,358.2,359.55,366.55,40739
2026-09-04,ASHIMASYN,ASHIMA LTD,17.6,18.34,17.5,17.89,17.88,207276
2026-09-04,ASHOKLEY,ASHOK LEYLAND LTD,168.98,173.29,168.18,169.0,169.35,13509881
2026-09-04,ASHOKA,ASHOKA BUILDCON LTD,117.25,118.18,115.0,115.55,117.32,998292
2026-09-04,ASHOKAMET,ASHOKA METCAST LIMITED,13.95,13.99,13.38,13.58,13.47,17200
2026-09-04,ASIANENE,ASIAN ENERGY SERVICES LTD,527.05,538.0,509.0,517.45,523.0,476280
2026-09-04,ASIANTILES,ASIAN GRANITO IND. LTD.,49.8,50.5,49.56,50.26,49.96,2049363
2026-09-04,AHLEAST,ASIAN HOTELS (EAST) LTD,135.05,139.0,135.0,136.51,135.86,987
2026-09-04,ASIANHOTNR,ASIAN HOTELS (NORTH) LTD,389.95,390.85,378.55,384.75,383.85,10682
2026-09-04,ASIANPAINT,ASIAN PAINTS LIMITED,2540.0,2553.9,2519.8,2527.3,2541.6,399368
2026-09-04,ASTAR,ASIAN STAR CO. LTD.,590.0,597.9,585.0,585.0,578.5,9
2026-09-04,ASIANTNE,ASIAN TEA & EXPORTS LTD.,9.5,9.76,9.34,9.74,9.76,16866
2026-09-04,ASKAUTOLTD,ASK AUTOMOTIVE LIMITED,639.0,639.0,615.15,618.85,632.2,164992
2026-09-04,ASPINWALL,ASPINWALL & CO LTD,257.65,265.0,257.55,259.25,257.55,2331
2026-09-04,ASSAMENT,ASSAM ENTRADE LIMITED,826.85,830.0,826.85,830.0,831.0,16
2026-09-04,ASALCBR,ASSO ALCOHOLS & BREW LTD,696.05,710.0,696.05,706.35,696.05,14302
2026-09-04,ASTEC,ASTEC LIFESCIENCES LTD,581.8,581.8,552.1,554.45,573.25,43913
2026-09-04,ASTERDM,ASTER DM QUALITY CARE LTD,790.85,792.05,780.35,785.75,787.0,1157850
2026-09-04,ASTRAMICRO,ASTRA MICROWAVE LTD,1666.1,1741.0,1666.1,1729.0,1665.1,502645
2026-09-04,ASTRAL,ASTRAL LIMITED,1489.8,1509.9,1484.0,1492.9,1495.2,658868
2026-09-04,ASTRAZEN,ASTRAZENECA PHARMA IND LT,6999.0,7062.0,6900.0,6944.0,6940.5,6489
2026-09-04,ATALREAL,ATAL REALTECH LIMITED,26.09,26.4,26.04,26.22,25.9,13883610
2026-09-04,ATAM,ATAM VALVES LIMITED,55.99,58.4,50.0,52.99,54.79,42586
2026-09-04,ATHERENERG,ATHER ENERGY LIMITED,1644.0,1644.5,1560.9,1584.0,1638.9,5585636
2026-09-04,ATLANTAELE,ATLANTA ELECTRICALS LTD,1905.9,1920.0,1847.9,1881.7,1886.4,102999
2026-09-04,ATLANTAA,ATLANTAA LIMITED,41.28,41.28,39.0,39.15,39.86,20793
2026-09-04,ATLASCYCLE,ATLAS CYCLE (HARYANA) LTD,96.44,96.44,93.5,96.18,95.44,3691
2026-09-04,ATULAUTO,ATUL AUTO LIMITED,462.0,467.2,458.35,465.15,461.3,88513
2026-09-04,ATUL,ATUL LTD,6476.0,6515.5,6370.5,6386.0,6469.0,18343
2026-09-04,AUBANK,AU SMALL FINANCE BANK LTD,1071.9,1074.1,1060.4,1065.0,1072.0,602949
2026-09-04,AUGMONT,AUGMONT ENTERPRISES LTD,922.7,940.1,894.0,901.5,922.7,942895
2026-09-04,AURIONPRO,AURIONPRO SOLN LTD,691.0,697.3,686.0,689.7,686.45,98258
2026-09-04,AUROPHARMA,AUROBINDO PHARMA LTD,1637.3,1661.5,1622.6,1653.1,1637.3,573938
2026-09-04,AURUM,AURUM PROPTECH LIMITED,226.7,228.55,223.7,225.16,224.76,88743
2026-09-04,AURUS,AURUS GEM CORP LIMITED,4.7,4.95,4.57,4.84,4.62,26293
2026-09-04,AUSOMENT,AUSOM ENTERPRISE LIMITED,162.0,166.59,155.2,161.79,159.95,18928
2026-09-04,AUSTENG,AUSTIN ENGINEERING CO. L,124.7,124.7,121.3,124.7,124.7,951
2026-09-04,AIIL,AUTHUM INVEST & INFRA LTD,521.9,528.0,518.0,519.9,519.05,145614
2026-09-04,AUTOIND,AUTOLINE INDUSTRIES LTD,94.0,95.9,85.21,86.45,92.75,600314
2026-09-04,ACGL,AUTOMOBILE CORPN OF GOA L,1799.8,1842.9,1761.8,1797.6,1790.9,616
2026-09-04,AUTOAXLES,AUTOMOTIVE AXLES LIMITED,1710.0,1717.8,1684.1,1688.7,1705.4,7212
2026-09-04,ASAL,AUTOMOTIVE STAMPINGS & AS,486.5,486.5,466.05,473.75,486.3,23916
2026-09-04,AVADHSUGAR,AVADH SUG & ENERGY LTD,827.0,827.0,801.0,809.5,831.1,97497
2026-09-04,AVALON,AVALON TECHNOLOGIES LTD,2320.0,2347.7,2175.0,2196.6,2248.6,683759
2026-09-04,AVANCE,AVANCE TECHNOLOGIES LTD.,0.83,0.83,0.82,0.82,0.82,2992770
2026-09-04,AVANTEL,AVANTEL LIMITED,156.6,158.38,154.46,154.96,156.5,546755
2026-09-04,AVANTIFEED,AVANTI FEEDS LIMITED,797.1,805.8,795.5,798.6,795.85,208229
2026-09-04,DMART,AVENUE SUPERMARTS LIMITED,3765.0,3779.9,3745.9,3770.0,3763.0,288600
2026-09-04,CCAVENUE,AVENUESAI LIMITED,15.48,16.21,15.41,15.7,15.4,35876401
2026-09-04,AVONMORE,AVONMORE CAP&MGT SERV LTD,13.74,13.74,12.93,13.02,13.12,310318
2026-09-04,AVROIND,AVRO INDIA LIMITED,8.78,8.96,8.6,8.72,8.97,390578
2026-09-04,AVTNPL,AVT NATURAL PRODUCTS LTD,93.66,93.66,90.45,91.02,91.64,309025
2026-09-04,AWFIS,AWFIS SPACE SOLUTIONS LTD,258.0,262.95,256.55,260.8,256.5,118804
2026-09-04,AWL,AWL AGRI BUSINESS LIMITED,191.11,191.9,186.2,187.29,190.79,2987354
2026-09-04,AXISBANK,AXIS BANK LIMITED,1270.3,1280.7,1262.0,1273.0,1267.0,3810611
2026-09-04,ENERGYAXIS,AXISAMC - ENERGYAXIS,19.0,19.17,19.0,19.15,19.2,7399
2026-09-04,BNKETFAXIS,AXISAMC-BNKETFAXIS,593.46,595.93,591.8,592.5,593.0,145
2026-09-04,CONSUMAXIS,AXISAMC-CONSUMAXIS,120.17,120.37,119.02,119.02,119.64,1590
2026-09-04,GOLDAXIS,AXISAMC-GOLDAXIS,128.47,129.25,127.84,128.11,127.2,333634
2026-09-04,HEALTHAXIS,AXISAMC-HEALTHAXIS,171.23,190.0,166.75,167.04,168.69,6611
2026-09-04,ITAXIS,AXISAMC-ITAXIS,343.16,344.99,335.61,339.03,339.76,1669
2026-09-04,NIFTYAXIS,AXISAMC-NIFTYAXIS,265.78,265.99,264.62,265.62,264.58,27062
2026-09-04,SENSEXAXIS,AXISAMC-SENSEXAXIS,78.67,81.0,78.67,79.81,79.67,1362
2026-09-04,SILVERAXIS,AXISAMC-SILVERAXIS,230.02,232.5,230.02,231.46,228.73,144700
2026-09-04,VALUEAXIS,AXISAMC-VALUEAXIS,32.6,32.9,32.55,32.88,32.71,20010
2026-09-04,AXISCADES,AXISCADES TECH LTD,1735.2,1765.0,1701.7,1711.6,1730.4,168634
2026-09-04,AXITA,AXITA COTTON LIMITED,8.11,8.14,8.01,8.01,8.01,356179
2026-09-04,AXTEL,AXTEL INDUSTRIES LTD.,388.6,396.7,388.6,394.5,394.8,1470
2026-09-04,AYE,AYE FINANCE LIMITED,182.05,188.95,180.84,184.81,180.61,1223851
2026-09-04,AYMSYNTEX,AYM SYNTEX LIMITED,317.25,323.45,305.1,310.7,317.25,124761
2026-09-04,AZAD,AZAD ENGINEERING LIMITED,2770.0,2824.3,2753.4,2777.3,2766.9,224210
2026-09-04,AZADIND,AZAD INDIA MOBILITY LTD.,90.32,90.97,89.0,89.59,90.32,36841
2026-09-04,BBTCL,B&B TRIPLEWALL CONT LTD,236.0,236.0,227.0,230.22,233.77,3429
2026-09-04,BAGFILMS,B.A.G FILMS AND MEDIA LTD,4.35,4.6,4.29,4.51,4.32,225253
2026-09-04,BLKASHYAP,B.L.KASHYAP & SON LTD,57.6,62.45,57.04,59.34,57.6,2983058
2026-09-04,STYLEBAAZA,BAAZAR STYLE RETAIL LTD,397.5,403.7,391.95,400.25,394.85,557524
2026-09-04,BAIDFIN,BAID FINSERV LIMITED,10.23,10.23,9.91,10.12,10.1,43775
2026-09-04,BAJAJ-AUTO,BAJAJ AUTO LIMITED,12005.0,12025.0,11873.0,11919.0,11920.0,154199
2026-09-04,BAJAJCON,BAJAJ CONSUMER CARE LTD,512.0,519.8,507.5,517.55,508.95,1279757
2026-09-04,BAJAJELEC,BAJAJ ELECT.LTD,334.0,337.15,330.0,331.15,334.2,73439
2026-09-04,BAJFINANCE,BAJAJ FINANCE LIMITED,1050.6,1063.6,1049.7,1060.5,1049.0,5952048
2026-09-04,BAJAJFINSV,BAJAJ FINSERV LTD.,1985.0,1994.2,1970.0,1970.0,1992.1,437793
2026-09-04,BAJAJHCARE,BAJAJ HEALTHCARE LIMITED,327.8,331.9,319.85,321.45,325.2,458849
2026-09-04,BAJAJHIND,BAJAJ HINDUSTHAN SUGAR LT,22.18,22.18,21.5,21.86,22.08,21280859
2026-09-04,BAJAJHLDNG,BAJAJ HOLDINGS & INVS LTD,11102.0,11355.0,11100.0,11162.0,11165.0,37106
2026-09-04,BAJAJHFL,BAJAJ HOUSING FINANCE LTD,83.0,83.55,82.93,83.08,82.95,1824719
2026-09-04,BAJAJST,BAJAJ STEEL INDS. LTD.,366.7,366.85,361.7,362.95,361.5,4966
2026-09-04,BAJEL,BAJEL PROJECTS LIMITED,185.69,188.12,182.53,183.82,185.69,94742
2026-09-04,BALPHARMA,BAL PHARMA LTD.,87.7,89.69,87.1,87.73,87.71,8210
2026-09-04,BALAMINES,BALAJI AMINES LIMITED,2432.0,2550.0,2432.0,2525.2,2417.8,608894
2026-09-04,BALAJITELE,BALAJI TELEFILMS LIMITED.,91.25,95.7,88.36,93.17,91.31,1526021
2026-09-04,BALAXI,BALAXI PHARMA LTD,26.6,26.6,24.93,25.37,25.8,50780
2026-09-04,BALKRISIND,BALKRISHNA IND. LTD,2330.0,2346.3,2264.0,2284.6,2327.3,324489
2026-09-04,BALKRISHNA,BALKRISHNA PAPER MILLS L,17.5,17.5,17.0,17.08,17.48,6016
2026-09-04,BALMLAWRIE,BALMER LAWRIE & CO LTD,177.75,178.44,177.3,177.98,176.93,106907
2026-09-04,BLIL,BALMER LAWRIE INVSTS. L,72.98,72.98,72.36,72.53,72.47,97501
2026-09-04,BALRAMCHIN,BALRAMPUR CHINI MILLS LTD,697.0,702.0,682.5,690.6,704.35,2232338
2026-09-04,BALUFORGE,BALU FORGE INDUSTRIES LTD,572.5,585.35,563.6,574.1,570.35,1304593
2026-09-04,BANARBEADS,BANARAS BEADS LTD,114.01,115.89,113.52,113.9,114.85,1302
2026-09-04,BANCOINDIA,BANCO PRODUCTS (I) LTD,618.4,629.1,616.5,623.5,616.9,77773
2026-09-04,BANDHANBNK,BANDHAN BANK LIMITED,165.11,166.74,164.5,164.95,164.23,2928918
2026-09-04,GOLDBND,BANDHANAMC - GOLDBND,154.98,154.98,152.93,153.82,152.71,2042
2026-09-04,IDFNIFTYET,BANDHANAMC - IDFNIFTYET,266.63,268.89,263.95,264.49,265.31,1426
2026-09-04,SILVERBND,BANDHANAMC - SILVERBND,233.1,234.35,232.14,233.61,230.37,13449
2026-09-04,BANG,BANG OVERSEAS LTD.,34.16,34.97,33.3,34.79,34.17,78335
2026-09-04,BANKBARODA,BANK OF BARODA,242.37,242.37,239.0,239.0,240.44,7816984
2026-09-04,BANKINDIA,BANK OF INDIA,144.8,145.8,144.11,145.0,145.0,2902558
2026-09-04,MAHABANK,BANK OF MAHARASHTRA,86.75,86.95,85.7,85.95,86.32,13802528
2026-09-04,BANKA,BANKA BIOLOO LIMITED,79.0,79.0,77.25,79.0,75.27,5253
2026-09-04,BANARISUG,BANNARI AMMAN SUGARS LTD,3878.2,3883.0,3774.0,3803.3,3874.7,857
2026-09-04,BANSALWIRE,BANSAL WIRE INDUSTRIES L,319.0,322.75,313.25,315.0,319.0,63070
2026-09-04,BANSWRAS,BANSWARA SYNTEX LIMITED,119.38,120.0,116.26,117.05,117.78,31201
2026-09-04,BVCL,BARAK VALLEY CEM. LTD.,44.7,44.7,43.17,43.48,43.14,85128
2026-09-04,BBNPNBETF,BARODABNP - BBNPNBETF,58.02,58.31,58.0,58.3,57.15,200
2026-09-04,BBNPPGOLD,BARODABNP - BBNPPGOLD,148.2,149.5,146.8,148.7,147.5,1237
2026-09-04,BASF,BASF INDIA LTD,3835.0,3907.0,3829.4,3864.9,3832.4,30319
2026-09-04,BATAINDIA,BATA INDIA LTD,677.45,682.0,671.0,672.75,677.4,89939
2026-09-04,BATLIBOI,BATLIBOI LTD.,89.9,91.94,88.88,90.81,88.39,25336
2026-09-04,BAYERCROP,BAYER CROPSCIENCE LTD,3960.8,3998.9,3960.8,3989.9,3960.8,9989
2026-09-04,BCLIND,BCL INDUSTRIES LIMITED,36.37,37.95,36.04,36.62,36.22,526260
2026-09-04,BCPL,BCPL RAILWAY INFRA LTD,67.77,72.0,67.25,68.45,67.77,15587
2026-09-04,BEARDSELL,BEARDSELL LIMITED,25.29,26.32,24.62,25.31,25.41,7642
2026-09-04,BEDMUTHA,BEDMUTHA INDUST LTD,108.5,115.0,108.5,112.37,112.23,7077
2026-09-04,BEEKAY,BEEKAY STEEL INDS. LTD.,419.55,421.0,406.85,417.4,419.55,4726
2026-09-04,BLEL,BEHARI LAL ENGINEERING L,454.25,458.8,448.0,453.15,454.25,823610
2026-09-04,BELLACASA,BELLA CASA FASH AND RET L,241.9,246.95,240.02,242.85,239.51,4050
2026-09-04,BELRISE,BELRISE INDUSTRIES LTD,238.15,239.25,233.52,236.86,238.11,1873911
2026-09-04,BLAL,BEML LAND ASSETS LIMITED,162.0,164.95,160.61,160.88,161.93,43253
2026-09-04,BEML,BEML LIMITED,2082.0,2127.0,2045.0,2057.8,2079.4,687676
2026-09-04,BENARAS,BENARES HOTELS LTD.,10270.0,10270.0,10200.0,10200.0,10200.0,107
2026-09-04,BENGALASM,BENGAL & ASSAM CO. LTD.,6445.0,6499.0,6271.0,6332.5,6375.0,362
2026-09-04,BERGEPAINT,BERGER PAINTS (I) LTD,494.0,496.7,484.0,485.3,491.4,277300
2026-09-04,BESTAGRO,BEST AGROLIFE LIMITED,20.99,21.2,18.83,19.29,20.34,2082129
2026-09-04,BETA,BETA DRUGS LIMITED,2258.0,2275.7,2190.1,2218.5,2258.9,13251
2026-09-04,BFINVEST,BF INVESTMENT LIMITED,475.0,475.0,464.1,469.35,469.45,33149
2026-09-04,BFUTILITIE,BF UTILITIES LIMITED,543.05,561.55,537.0,542.45,544.0,272295
2026-09-04,BANK10BETF,BFAM - BANK10BETF,20.69,20.92,20.68,20.9,20.69,538
2026-09-04,BANKBETF,BFAM - BANKBETF,58.42,58.75,58.32,58.56,58.4,5574
2026-09-04,LIQUIDBETF,BFAM - LIQUIDBETF,1097.63,1097.65,1097.63,1097.63,1097.27,217506
2026-09-04,NIFTYBETF,BFAM - NIFTYBETF,249.51,249.51,245.75,246.65,245.83,1413872
2026-09-04,BHAGCHEM,BHAGIRADHA CHEM & INDS L,266.6,269.8,263.1,264.6,266.3,34606
2026-09-04,BHAGYANGR,BHAGYANAGAR INDIA LIMITED,373.05,381.8,369.0,370.45,373.45,77510
2026-09-04,BHANDARI,BHANDARI HOSIERY EXP LTD,3.02,3.05,3.0,3.03,3.0,101595
2026-09-04,BEPL,BHANSALI ENG. POLYMERS LT,130.0,131.2,126.1,127.5,129.74,1190325
2026-09-04,BBL,BHARAT BIJLEE LTD,2309.7,2315.9,2280.0,2289.3,2298.3,26842
2026-09-04,BHARATCOAL,BHARAT COKING COAL LTD,33.8,34.05,33.6,33.81,33.8,3546055
2026-09-04,BDL,BHARAT DYNAMICS LIMITED,1253.0,1293.0,1253.0,1255.0,1257.7,1391949
2026-09-04,BEL,BHARAT ELECTRONICS LTD,409.25,413.1,405.35,405.35,408.6,8354982
2026-09-04,BHARATFORG,BHARAT FORGE LTD,1997.6,1997.6,1951.0,1956.0,1981.0,1526364
2026-09-04,BPLPHARMA,BHARAT PARENTERALS LTD.,1545.0,1568.8,1520.0,1533.3,1520.8,586
2026-09-04,BPCL,BHARAT PETROLEUM CORP  LT,319.4,320.65,315.7,315.7,320.05,1834819
2026-09-04,BHARATRAS,BHARAT RASAYAN LTD,1190.1,1207.0,1165.2,1171.8,1184.2,25242
2026-09-04,BRNL,BHARAT ROAD NETWORK LTD,17.13,17.39,17.01,17.12,17.12,18030
2026-09-04,BHARATSE,BHARAT SEATS LIMITED,213.69,214.7,210.5,211.69,213.69,93907
2026-09-04,BHARATWIRE,BHARAT WIRE ROPES LTD.,179.51,182.59,178.97,181.32,180.42,141594
2026-09-04,BHARTIARTL,BHARTI AIRTEL LIMITED,1868.1,1870.7,1840.0,1840.0,1869.0,3614328
2026-09-04,BHARTIHEXA,BHARTI HEXACOM LIMITED,1507.0,1520.2,1490.0,1495.4,1505.6,37216
2026-09-04,BIL,BHARTIYA INTERNATIONAL,924.0,924.0,899.95,907.85,915.85,8736
2026-09-04,BHEL,BHEL,433.0,439.2,429.2,431.1,431.8,5925391
2026-09-04,BIGBLOC,BIGBLOC CONSTRUCTION LTD,41.95,42.4,40.31,41.92,41.29,56466
2026-09-04,BIKAJI,BIKAJI FOODS INTERN LTD,587.15,589.85,582.0,584.2,587.15,52134
2026-09-04,GROWW,BILLIONBRAINS GARAGE VN L,193.0,195.68,191.85,194.0,190.24,44702306
2026-09-04,BIMETAL,BIMETAL BEARINGS LTD.,633.5,635.5,633.5,635.0,630.45,107
2026-09-04,BIOCON,BIOCON LIMITED.,404.0,404.9,396.2,397.4,402.0,3108555
2026-09-04,BIOFILCHEM,BIOFIL CHEM & PHARMA LTD,32.8,32.8,31.31,32.0,31.97,5543
2026-09-04,BIRLACORPN,BIRLA CORPORATION LTD,880.0,895.0,874.3,887.35,880.9,48723
2026-09-04,BIRLAPREC,BIRLA PRECISION TECH L,53.25,59.79,52.73,57.92,51.67,2574084
2026-09-04,BIRLANU,BIRLANU LIMITED,1440.0,1451.0,1421.9,1448.0,1423.5,5921
2026-09-04,ABGSEC,BIRLASLAMC - ABGSEC,114.94,114.94,113.54,113.58,114.33,104
2026-09-04,ABSL10BANK,BIRLASLAMC - ABSL10BANK,168.16,170.5,165.14,168.65,168.15,156
2026-09-04,ABSLBANETF,BIRLASLAMC - ABSLBANETF,59.05,59.26,58.85,59.06,59.05,61627
2026-09-04,ABSLLIQUID,BIRLASLAMC - ABSLLIQUID,1000.0,1000.01,999.99,1000.0,999.99,1302
2026-09-04,ABSLMSCIN,BIRLASLAMC - ABSLMSCIN,29.79,29.85,29.31,29.44,29.5,1070
2026-09-04,ABSLNN50ET,BIRLASLAMC - ABSLNN50ET,77.99,77.99,76.9,77.08,77.01,6022
2026-09-04,BSLSENETFG,BIRLASLAMC - BSLSENETFG,78.67,78.67,77.12,77.52,77.15,2392
2026-09-04,HEALTHY,BIRLASLAMC - HEALTHY,17.0,17.21,16.81,16.84,17.06,723183
2026-09-04,MOMENTUM,BIRLASLAMC - MOMENTUM,31.25,31.56,31.0,31.06,31.37,128103
2026-09-04,NIFTYQLITY,BIRLASLAMC - NIFTYQLITY,21.29,21.43,21.24,21.32,21.36,16867
2026-09-04,SILVER,BIRLASLAMC - SILVER,230.51,233.49,230.51,232.64,229.64,770617
2026-09-04,TECH,BIRLASLAMC - TECH,33.99,34.62,33.33,33.81,33.82,18515
2026-09-04,ABSLPSE,BIRLASLAMC-ABSLPSE,10.17,10.2,10.11,10.18,10.11,110576
2026-09-04,BSOFT,BIRLASOFT LIMITED,295.0,299.55,288.45,289.35,293.25,1083783
2026-09-04,BBOX,BLACK BOX LIMITED,722.0,731.2,710.0,712.25,720.9,198315
2026-09-04,BLACKBUCK,BLACKBUCK LIMITED,582.0,588.95,580.0,586.1,582.4,157466
2026-09-04,BLBLIMITED,BLB LIMITED,17.0,17.1,16.42,16.68,16.96,117198
2026-09-04,BLSE,BLS E-SERVICES LIMITED,324.05,326.95,317.35,320.05,323.65,143302
2026-09-04,BLS,BLS INTL SERVS LTD,240.15,241.25,237.0,238.79,240.15,646943
2026-09-04,BLUECLOUDS,BLUE CLOUD SOFTECH SOLU L,19.85,20.15,19.8,19.88,19.9,1013239
2026-09-04,BLUEDART,BLUE DART EXPRESS LTD,5034.0,5048.9,4968.1,4991.7,5028.8,5838
2026-09-04,BLUEJET,BLUE JET HEALTHCARE LTD,582.05,584.0,565.5,569.8,579.0,442380
2026-09-04,BLUESTARCO,BLUE STAR LIMITED,1485.7,1514.7,1475.0,1484.0,1485.7,419549
2026-09-04,BLUESTONE,BLUESTONE JEWEL LFSTL LTD,802.0,848.0,800.05,842.75,804.9,1065449
2026-09-04,BLUSPRING,BLUSPRING ENTERPRISES LTD,135.4,139.8,132.0,138.96,134.25,605059
2026-09-04,BMWVENTLTD,BMW VENTURES LIMITED,56.22,56.22,55.1,55.36,55.13,40922
2026-09-04,BNAGROCHEM,BN AGROCHEM LTD.,226.28,227.69,215.4,216.73,226.73,1260
2026-09-04,BODALCHEM,BODAL CHEMICALS LTD,147.26,159.99,146.36,155.62,150.76,5050468
2026-09-04,BTML,BODHI TREE MULTIMEDIA LTD,8.42,8.7,8.2,8.51,8.49,305536
2026-09-04,BOHRAIND,BOHRA INDUSTRIES LIMITED,12.25,12.93,12.25,12.7,12.35,3714
2026-09-04,BBTC,BOMBAY BURMAH TRADING COR,1513.9,1513.9,1495.1,1496.8,1501.6,43404
2026-09-04,BOMDYEING,BOMBAY DYEING & MFG. CO L,113.19,115.25,113.05,113.47,113.19,381464
2026-09-04,BSHSL,BOMBAY SUPER HYBRID SEEDS,89.46,94.2,88.5,91.48,89.46,15418
2026-09-04,BONLON,BONLON INDUSTRIES LIMITED,40.74,41.87,40.05,40.13,40.66,3268
2026-09-04,BORANA,BORANA WEAVES LIMITED,303.65,309.4,303.65,307.6,300.35,11240
2026-09-04,BOROLTD,BOROSIL LIMITED,249.0,260.0,247.79,258.96,248.63,265545
2026-09-04,BORORENEW,BOROSIL RENEWABLES LTD,495.0,505.5,491.6,499.15,497.5,271428
2026-09-04,BOROSCI,BOROSIL SCIENTIFIC LTD,136.41,136.8,131.0,132.16,134.93,46065
2026-09-04,BOSCH-HCIL,BOSCH HOME COMFRT IND LTD,1777.7,1843.0,1756.2,1818.8,1777.7,64153
2026-09-04,BOSCHLTD,BOSCH LIMITED,47195.0,47200.0,46660.0,46820.0,47000.0,16913
2026-09-04,BPL,BPL LTD,49.21,50.18,49.0,49.38,49.31,56301
2026-09-04,BRAHMINFRA,BRAHMAPUTRA INFRA L,160.0,167.89,160.0,163.82,162.17,26893
2026-09-04,FIRSTCRY,BRAINBEES SOLUTIONS LTD,179.0,183.0,176.25,180.16,178.67,1541167
2026-09-04,BCONCEPTS,BRAND CONCEPTS LIMITED,166.0,176.43,165.0,167.33,165.43,11790
2026-09-04,BRIGADE,BRIGADE ENTER. LTD,714.0,735.0,685.8,696.1,712.3,1980508
2026-09-04,BRIGHOTEL,BRIGADE HOTEL VENTURE LTD,58.95,59.89,58.9,59.19,58.95,84277
2026-09-04,BRIGHTBR,BRIGHT BROTHERS LTD.,254.6,260.55,252.1,254.8,254.6,20221
2026-09-04,BCG,BRIGHTCOM GROUP LIMITED,9.03,9.06,8.91,8.98,9.0,2648978
2026-09-04,BRITANNIA,BRITANNIA INDUSTRIES LTD,5155.0,5160.5,5089.5,5101.5,5130.0,269673
2026-09-04,BSE,BSE LIMITED,3400.0,3474.0,3391.7,3409.8,3306.1,7975058
2026-09-04,BSL,BSL LTD,124.0,124.99,122.75,123.58,123.22,1949
2026-09-04,BUTTERFLY,BTRFLY GANDHI APPL LTD,615.15,628.9,611.05,624.85,613.6,11660
2026-09-04,BURNPUR,BURNPUR CEMENT LIMITED,21.56,21.56,21.56,21.56,20.54,55339
2026-09-04,CGVAK,C G V A K SOFTWARE & EX L,155.0,155.0,148.0,148.21,148.01,1852
2026-09-04,MAPMYINDIA,C.E. INFO SYSTEMS LIMITED,975.0,982.9,967.6,972.2,968.6,65490
2026-09-04,CMLL,CALIBER MINING AND LOG L,508.0,517.05,501.1,503.05,501.4,314875
2026-09-04,CAMLINFINE,CAMLIN FINE SCIENCES LTD,102.9,105.37,102.1,103.13,102.28,689443
2026-09-04,CAMPUS,CAMPUS ACTIVEWEAR LIMITED,223.97,225.0,220.51,223.24,223.97,364174
2026-09-04,CANFINHOME,CAN FIN HOMES LTD,808.0,815.0,802.6,807.4,804.95,222474
2026-09-04,CANBK,CANARA BANK,126.3,127.3,125.5,125.5,125.8,12141084
2026-09-04,CANHLIFE,CANARA HSBC LIFE INS CO L,155.08,161.05,153.51,157.23,154.31,1086892
2026-09-04,CRAMC,CANARA ROBECO AMC LIMITED,252.1,254.0,250.0,251.5,251.2,177971
2026-09-04,CANTABIL,CANTABIL RETAIL LTD,238.7,245.0,238.0,243.05,237.74,94452
2026-09-04,CAPACITE,CAPACITE INFRAPROJECT LTD,209.95,217.9,208.22,216.22,208.88,373452
2026-09-04,CAPILLARY,CAPILLARY TECHNO INDIA L,485.0,492.35,480.0,490.05,480.05,109289
2026-09-04,CIFL,CAPITAL INDIA FINANCE LTD,20.59,21.1,19.8,19.98,20.17,231565
2026-09-04,CAPITALSFB,CAPITAL SMALL FIN BANK L,285.6,285.6,280.1,280.95,281.85,6864
2026-09-04,CAPLIPOINT,CAPLIN POINT LAB LTD.,2845.0,2845.0,2759.6,2810.8,2845.0,208526
2026-09-04,CGCL,CAPRI GLOBAL CAPITAL LTD,274.0,284.8,271.5,279.9,271.7,7594713
2026-09-04,CPL,CAPTAIN POLYPLAST LIMITED,62.4,62.9,61.45,62.11,62.4,138710
2026-09-04,CARBORUNIV,CARBORUNDUM UNIVERSAL LTD,1078.7,1140.9,1069.9,1130.6,1078.0,338864
2026-09-04,CARERATING,CARE RATINGS LIMITED,1718.0,1762.9,1699.7,1738.2,1708.4,354155
2026-09-04,CPEDU,CAREER POINT EDUTECH LTD,190.39,195.01,188.48,191.97,189.76,5928
2026-09-04,CARRARO,CARRARO INDIA LIMITED,531.9,538.95,527.25,533.65,533.95,71136
2026-09-04,CARTRADE,CARTRADE TECH LIMITED,2997.0,3051.9,2945.3,3000.2,2992.2,315551
2026-09-04,CARYSIL,CARYSIL LIMITED,1161.9,1180.0,1136.5,1140.8,1157.0,72848
2026-09-04,CASTROLIND,CASTROL INDIA LIMITED,186.21,190.95,186.03,190.27,186.42,4231930
2026-09-04,CCL,CCL PRODUCTS (I) LTD,1107.3,1114.9,1079.7,1106.2,1107.3,193825
2026-09-04,CEATLTD,CEAT LIMITED,3323.3,3344.0,3291.2,3333.2,3315.3,73368
2026-09-04,CEIGALL,CEIGALL INDIA LIMITED,359.85,359.85,351.0,355.8,347.55,949597
2026-09-04,CEINSYS,CEINSYS TECH LIMITED,682.0,702.0,672.0,677.85,678.65,71954
2026-09-04,CELEBRITY,CELEBRITY FASHIONS LTD,6.83,6.83,6.6,6.8,6.74,23532
2026-09-04,CELLO,CELLO WORLD LIMITED,344.9,345.55,339.8,342.0,343.45,189002
2026-09-04,CEMPRO,CEMINDIA PROJECTS LIMITED,1299.0,1314.7,1270.1,1297.4,1296.9,359470
2026-09-04,CENTRALBK,CENTRAL BANK OF INDIA,30.85,31.18,30.78,31.08,30.77,5295221
2026-09-04,CDSL,CENTRAL DEPO SER (I) LTD,1400.0,1417.9,1391.6,1394.6,1394.0,1117172
2026-09-04,CMPDI,CENTRAL MINE P N D INST L,239.39,244.55,236.67,243.92,239.66,2694037
2026-09-04,CENTRUM,CENTRUM CAPITAL LIMITED,22.37,22.75,22.0,22.55,22.45,180060
2026-09-04,CENTUM,CENTUM ELECTRONICS LTD,3746.3,3800.0,3723.0,3767.3,3776.1,29156
2026-09-04,CENTENKA,CENTURY ENKA LTD,620.0,620.0,607.05,608.9,616.65,126471
2026-09-04,CENTEXT,CENTURY EXTRUSIONS LTD,21.29,22.2,19.75,20.19,21.24,957330
2026-09-04,CENTURYPLY,CENTURY PLYBOARDS (I) LTD,749.9,755.35,745.15,748.45,749.2,17510
2026-09-04,CERA,CERA SANITARYWARE LTD,5800.0,5889.5,5737.5,5787.5,5683.5,19476
2026-09-04,CESC,CESC LTD,148.29,149.14,145.91,146.5,147.96,1448303
2026-09-04,CGPOWER,CG POWER AND IND SOL LTD,895.0,899.8,888.05,891.0,895.0,2159759
2026-09-04,CHALET,CHALET HOTELS LIMITED,890.0,904.0,888.05,896.75,890.75,87842
2026-09-04,CLSEL,CHAMAN LAL SETIA EXP LTD,302.9,306.7,298.05,301.9,304.8,68370
2026-09-04,CHAMBLFERT,CHAMBAL FERTILIZERS LTD,419.9,422.95,418.05,419.05,418.3,329143
2026-09-04,CHEMBOND,CHEMBOND MATERIALTECH LTD,178.96,178.96,169.01,170.9,173.02,6660
2026-09-04,CHEMCRUX,CHEMCRUX ENTERPRISES LTD.,82.0,83.2,80.05,82.16,82.48,5344
2026-09-04,CHEMFAB,CHEMFAB ALKALIS LIMITED,364.45,364.45,356.05,360.1,358.0,4597
2026-09-04,CHEMPLASTS,CHEMPLAST SANMAR LIMITED,168.0,173.58,168.0,170.29,167.03,198762
2026-09-04,CHENNPETRO,CHENNAI PETROLEUM CORP LT,1445.1,1463.9,1425.5,1452.2,1440.0,934269
2026-09-04,CHEVIOT,CHEVIOT COMPANY LIMITED,1143.0,1166.0,1141.0,1159.4,1143.1,1428
2026-09-04,CHOICEIN,CHOICE INTERNATIONAL LTD,768.9,781.2,756.5,760.95,768.45,567061
2026-09-04,CHOICEGOLD,CHOICEAMC - CHOICEGOLD,154.5,154.5,151.35,152.65,151.13,9699
2026-09-04,CHOLAHLDNG,CHOLAMANDALAM FIN HOL LTD,1516.0,1532.7,1498.3,1525.7,1502.8,77666
2026-09-04,CHOLAFIN,CHOLAMANDALAM IN & FIN CO,1841.0,1859.9,1828.0,1839.0,1849.3,677118
2026-09-04,CIEINDIA,CIE AUTOMOTIVE INDIA LTD,387.0,387.0,382.25,385.35,383.95,185100
2026-09-04,CINELINE,CINELINE INDIA LIMITED,91.4,99.4,90.1,95.23,89.83,308404
2026-09-04,CINEVISTA,CINEVISTA LIMITED,14.49,14.98,14.2,14.24,14.19,2982
2026-09-04,CIPLA,CIPLA LTD,1397.7,1399.1,1375.5,1385.0,1394.7,1326180
2026-09-04,CUB,CITY UNION BANK LTD,234.0,242.9,233.69,236.01,234.36,2621193
2026-09-04,CLEANMAX,CLEAN MAX ENVIRO EN SOL L,1306.0,1357.9,1289.7,1347.9,1298.7,256257
2026-09-04,CLEAN,CLEAN SCIENCE & TECH LTD,853.5,855.95,834.0,836.15,852.95,297191
2026-09-04,CMRGREEN,CMR GREEN TECHNOLOGIES L,231.55,231.55,225.81,228.34,230.74,270377
2026-09-04,CMSINFO,CMS INFO SYSTEMS LIMITED,245.45,246.94,241.0,243.46,244.86,528852
2026-09-04,COALINDIA,COAL INDIA LTD,418.0,418.0,412.55,415.35,420.05,6126850
2026-09-04,COASTCORP,COASTAL CORPORATION LTD,42.32,43.09,41.54,41.88,41.93,69707
2026-09-04,COCHINSHIP,COCHIN SHIPYARD LIMITED,1488.9,1522.9,1486.0,1499.1,1486.7,630573
2026-09-04,COFORGE,COFORGE LIMITED,1982.0,1992.9,1962.4,1972.8,1971.8,1108102
2026-09-04,COHANCE,COHANCE LIFESCIENCES LTD,463.3,470.0,453.6,456.6,460.85,572792
2026-09-04,COLPAL,COLGATE PALMOLIVE LTD.,1860.0,1863.9,1829.2,1829.2,1850.0,562995
2026-09-04,COMFINTE,COMFORT INTECH LTD.,6.15,6.26,6.07,6.21,6.19,114743
2026-09-04,COMSYN,COMMERCIAL SYN BAGS LTD,300.5,306.0,285.3,301.3,302.7,108742
2026-09-04,COMPEAU,COMPETENT AUTOMOB CO. L,368.7,379.95,353.0,371.8,361.8,2858
2026-09-04,COMPUSOFT,COMPUCOM SOFTWARE LTD,13.2,13.2,12.62,13.02,12.89,23203
2026-09-04,CAMS,COMPUTER AGE MNGT SER LTD,750.0,757.75,746.05,748.8,747.4,469646
2026-09-04,CONCORDBIO,CONCORD BIOTECH LIMITED,1450.0,1450.4,1411.6,1417.1,1447.7,59142
2026-09-04,CEWATER,CONCORD ENVIRO SYSTEMS L,266.15,266.9,261.0,262.55,265.4,42011
2026-09-04,CFEL,CONFIDENCE FUTURIST ENE L,32.1,32.67,31.41,32.48,32.05,14038
2026-09-04,CONFIPET,CONFIDENCE PETRO IND LTD.,84.7,85.3,82.0,82.48,84.28,2371168
2026-09-04,CCCL,CONS. CONST. CONSORT LTD,14.49,14.54,14.12,14.27,14.19,118802
2026-09-04,CONCOR,CONTAINER CORP OF IND LTD,508.8,509.65,502.0,508.0,508.85,1107962
2026-09-04,CONTROLPR,CONTROL PRINT LIMITED,602.0,602.0,591.15,593.35,600.3,7641
2026-09-04,CORALFINAC,CORAL INDIA FIN & HOUS LT,33.58,34.0,32.32,33.47,32.94,13197
2026-09-04,CORDSCABLE,CORDS CABLE INDUS LTD.,306.0,330.0,306.0,317.0,302.9,264160
2026-09-04,COROMANDEL,COROMANDEL INTERNTL. LTD,1927.0,1948.3,1927.0,1938.8,1931.3,143726
2026-09-04,CORONA,CORONA REMEDIES LIMITED,2121.0,2150.4,2090.8,2100.1,2127.8,12081
2026-09-04,COSMOFIRST,COSMO FIRST LIMITED,938.7,943.1,916.0,919.85,940.15,66169
2026-09-04,CCHHL,COUNTRY CLUB HOSP HOL LTD,12.7,12.95,12.4,12.61,12.64,42082
2026-09-04,CPCAP,CP CAPITAL LIMITED,121.69,139.79,117.25,128.33,118.3,85391
2026-09-04,CPSEETF,CPSE ETF,95.44,95.44,93.4,93.7,93.57,353172
2026-09-04,CRAFTSMAN,CRAFTSMAN AUTOMATION LTD,11248.0,11539.0,11097.0,11398.0,11220.0,28595
2026-09-04,CRAVATEX,CRAVATEX LTD.,326.75,339.9,314.95,329.5,326.75,1353
2026-09-04,CREATIVEYE,CREATIVE EYE LIMITED,6.15,6.25,5.89,6.19,6.13,16063
2026-09-04,CNL,CREATIVE NEWTECH LIMITED,1246.5,1247.3,1210.0,1215.5,1243.4,12127
2026-09-04,CREDITACC,CREDITACCESS GRAMEEN LTD,1453.9,1468.0,1438.0,1443.1,1437.4,217925
2026-09-04,MUFTI,CREDO BRANDS MARKETING L,72.85,75.6,72.51,75.23,72.87,149617
2026-09-04,CREST,CREST VENTURES LIMITED,369.9,369.9,356.2,359.0,365.3,1505
2026-09-04,CRISIL,CRISIL LTD,4775.0,4872.0,4726.3,4802.0,4759.7,184833
2026-09-04,CRIZAC,CRIZAC LIMITED,163.0,163.77,159.95,160.29,162.27,294106
2026-09-04,CROMPTON,CROMPT GREA CON ELEC LTD,227.64,235.47,226.27,232.4,226.51,4443658
2026-09-04,CROWN,CROWN LIFTERS LIMITED,114.45,114.69,110.03,112.84,111.8,37657
2026-09-04,CSBBANK,CSB BANK LIMITED,325.15,331.65,320.8,328.55,324.95,658990
2026-09-04,CSLFINANCE,CSL FINANCE LIMITED,245.58,254.7,245.58,251.77,243.86,94290
2026-09-04,CSM,CSM TECHNOLOGIES LIMITED,93.99,94.78,93.4,94.36,94.0,80421
2026-09-04,CUBEXTUB,CUBEX TUBINGS LTD,76.6,78.66,75.95,76.8,76.41,48940
2026-09-04,CUMMINSIND,CUMMINS INDIA LTD,5071.0,5083.0,5013.0,5035.0,5071.0,483825
2026-09-04,CUPID,CUPID LIMITED,280.0,287.0,280.0,283.15,279.95,8434946
2026-09-04,CURAA,CURA TECHNOLOGIES LIMITED,78.5,78.5,60.0,72.46,66.2,2020
2026-09-04,CYBERMEDIA,CYBER MEDIA (INDIA) LTD.,25.9,28.45,22.2,26.4,23.88,2157521
2026-09-04,CYIENTDLM,CYIENT DLM LIMITED,833.8,894.0,830.0,856.95,836.55,1201568
2026-09-04,CYIENT,CYIENT LIMITED,1111.3,1131.7,1096.2,1101.8,1111.3,327209
2026-09-04,DLINKINDIA,D-LINK INDIA LTD,453.0,455.9,448.4,451.15,452.35,67520
2026-09-04,DPABHUSHAN,D. P. ABHUSHAN LIMITED,1362.8,1445.0,1362.8,1414.2,1359.4,36359
2026-09-04,DBCORP,D.B.CORP LTD,195.79,197.09,193.79,195.65,193.78,43972
2026-09-04,DABUR,DABUR INDIA LTD,380.45,383.25,377.35,380.9,380.7,1702061
2026-09-04,DAICHI,DAI-ICHI KARKARIA LTD.,374.7,374.7,359.8,364.8,369.75,5043
2026-09-04,DALBHARAT,DALMIA BHARAT LIMITED,1770.1,1778.9,1740.0,1749.3,1771.2,73496
2026-09-04,DALMIASUG,DALMIA BHARAT SUG IN LTD,460.95,462.5,435.05,438.55,461.05,342704
2026-09-04,DAMCAPITAL,DAM CAPITAL ADVISORS LTD,145.99,147.49,144.17,144.9,145.28,170224
2026-09-04,DANGEE,DANGEE DUMS LIMITED,2.94,2.98,2.9,2.94,2.94,40836
2026-09-04,DATAPATTNS,DATA PATTERNS INDIA LTD,4588.0,4666.0,4546.4,4585.0,4587.3,377845
2026-09-04,DATAMATICS,DATAMATICS GLOBAL SER LTD,771.45,785.0,762.2,764.9,774.85,55826
2026-09-04,DAVANGERE,DAVANGERE SUGAR COMPANY L,2.07,2.07,1.94,1.96,2.04,15393852
2026-09-04,DCI,DC INFOTECH AND COMUN LTD,362.0,362.0,346.1,350.55,357.65,87942
2026-09-04,DCBBANK,DCB BANK LIMITED,222.4,223.9,220.2,220.74,222.2,539992
2026-09-04,DCMFINSERV,DCM FINANCIAL SERVICES LT,5.09,5.37,5.09,5.2,5.09,5995
2026-09-04,DCMNVL,DCM NOUVELLE LIMITED,188.94,191.14,183.25,184.96,182.04,16490
2026-09-04,DCMSRIND,DCM SHRIRAM IND LTD,46.6,46.63,44.1,44.91,46.51,182082
2026-09-04,DCMSIL,DCM SHRIRAM INTERNATNL L,71.3,71.3,68.06,68.76,70.29,99773
2026-09-04,DCMSHRIRAM,DCM SHRIRAM LIMITED,1024.9,1026.1,1014.0,1020.9,1019.2,85914
2026-09-04,DCW,DCW LTD,46.11,46.95,45.81,45.98,46.3,912734
2026-09-04,DCXINDIA,DCX SYSTEMS LIMITED,170.15,172.35,168.1,168.83,169.57,328462
2026-09-04,DDEVPLSTIK,DDEV PLASTIKS IND LTD,273.55,274.95,271.3,273.0,272.5,51629
2026-09-04,DENORA,DE NORA INDIA LIMITED,822.3,836.0,810.1,812.3,824.55,2711
2026-09-04,DECCANCE,DECCAN CEMENTS LIMITED,569.8,579.9,564.35,569.75,565.15,29858
2026-09-04,DECNGOLD,DECCAN GOLD MINES LTD.,215.0,219.3,212.43,213.87,213.8,959258
2026-09-04,DEEDEV,DEE DEVELOPMENT ENG LTD,645.8,673.8,642.05,658.25,645.9,327955
2026-09-04,DEEPINDS,DEEP INDUSTRIES LIMITED,757.75,793.7,749.0,786.45,744.85,1324171
2026-09-04,DEEP,DEEP POLYMERS LTD.,36.8,36.8,34.21,35.0,36.0,23168
2026-09-04,DEEPAKFERT,DEEPAK FERTILIZERS & PETR,1362.7,1395.0,1353.3,1362.1,1355.9,229112
2026-09-04,DEEPAKNTR,DEEPAK NITRITE LTD,1728.0,1743.7,1705.7,1712.4,1725.3,196070
2026-09-04,DELHIVERY,DELHIVERY LIMITED,465.0,465.9,457.9,457.9,464.35,1936111
2026-09-04,DELTACORP,DELTA CORP LIMITED,56.79,57.4,55.56,56.12,56.25,1070574
2026-09-04,DELTAMAGNT,DELTA MANUFACTURING LTD,56.66,59.9,55.72,58.4,57.23,4124
2026-09-04,DEN,DEN NETWORKS LTD,27.66,28.1,27.66,27.97,27.87,211531
2026-09-04,DENTA,DENTA WATER N INFRA SOL L,273.2,276.9,271.0,275.35,270.4,56286
2026-09-04,DEVX,DEV ACCELERATOR LIMITED,32.9,33.39,32.66,33.29,32.13,40903
2026-09-04,DEVIT,DEV INFO TECHNOLOGY LTD,24.9,25.5,23.61,24.21,24.52,69859
2026-09-04,DEVYANI,DEVYANI INTERNATIONAL LTD,138.0,142.86,137.37,139.28,138.05,2432975
2026-09-04,DBOL,DHAMPUR BIO ORGANICS LTD,128.96,128.96,124.0,124.99,129.64,232171
2026-09-04,DHAMPURSUG,DHAMPUR SUGAR MILLS LTD.,176.45,176.45,165.63,167.59,177.05,832821
2026-09-04,DHANBANK,DHANLAXMI BANK LIMITED,31.8,32.03,31.69,31.86,31.72,349043
2026-09-04,DHANUKA,DHANUKA AGRITECH LTD,1009.0,1014.0,994.8,1010.65,1010.15,17124
2026-09-04,DHARMAJ,DHARMAJ CROP GUARD LTD,268.3,271.0,264.3,270.05,269.05,29203
2026-09-04,DHATRE,DHATRE UDYOG LTD.,4.33,4.59,4.21,4.33,4.35,17330
2026-09-04,DHOOTTRANS,DHOOT TRANSMISSION LTD,1615.0,1665.0,1570.1,1615.7,1583.5,6047122
2026-09-04,DHRUV,DHRUV CONSULTANCY SER LTD,23.45,23.45,22.29,22.32,23.45,7195
2026-09-04,DHUNINV,DHUNSERI INVESTMENTS LTD,1046.25,1054.8,1012.65,1019.15,1046.25,1224
2026-09-04,DVL,DHUNSERI VENTURES LIMITED,284.45,292.0,284.45,290.05,285.8,15605
2026-09-04,DIAMINESQ,DIAMINES & CHEMICALS LTD,243.54,245.39,240.0,240.99,244.76,3798
2026-09-04,DICIND,DIC INDIA LIMITED,596.0,638.95,589.75,618.6,584.0,45846
2026-09-04,DIFFNKG,DIFFUSION ENGINEERS LTD,487.0,519.9,470.0,474.9,477.6,2072376
2026-09-04,DGCONTENT,DIGICONTENT LIMITED,24.75,25.0,24.55,24.83,24.43,1564
2026-09-04,DIGIDRIVE,DIGIDRIVE DISTRIBUTORS L,17.31,18.0,17.31,17.65,17.8,6628
2026-09-04,DIGISPICE,DIGISPICE TECHNOLOGIES LT,17.29,17.29,16.52,16.98,16.96,73604
2026-09-04,DIGITIDE,DIGITIDE SOLUTIONS LTD,95.55,98.19,95.31,97.01,95.52,263762
2026-09-04,DIGJAMLMTD,DIGJAM LTD,50.48,51.0,49.41,49.96,49.4,1422
2026-09-04,DNAMEDIA,DILIGENT MEDIA CORP LTD.,2.68,2.7,2.51,2.63,2.63,34439
2026-09-04,DBL,DILIP BUILDCON LIMITED,402.75,404.0,398.0,401.0,398.55,58236
2026-09-04,DISAQ,DISA INDIA LTD.,11987.0,12119.0,11825.0,11990.0,11775.0,61
2026-09-04,DISHTV,DISH TV INDIA LTD.,2.61,2.65,2.51,2.57,2.61,1807676
2026-09-04,DCAL,DISHMAN CARBO AMCIS LTD,178.5,178.5,173.2,174.38,176.99,122894
2026-09-04,DIVGIITTS,DIVGI TORQTRANSFER SYST L,1245.1,1268.3,1211.2,1235.8,1235.2,94690
2026-09-04,DIVISLAB,DIVI S LABORATORIES LTD,9244.0,9269.0,9100.0,9100.0,9250.0,250202
2026-09-04,DIXON,DIXON TECHNO (INDIA) LTD,14445.0,14463.0,14070.0,14240.0,14445.0,350720
2026-09-04,DJML,DJ MEDIAPRINT & LOG LTD,70.71,76.9,70.71,75.64,70.71,234263
2026-09-04,DLF,DLF LIMITED,681.65,689.75,680.8,681.9,681.65,1911967
2026-09-04,DMCC,DMCC SPECIALITY CHEMICALS,294.7,302.0,291.1,293.35,295.5,46455
2026-09-04,DODLA,DODLA DAIRY LIMITED,1081.7,1081.7,1062.0,1066.8,1069.9,8579
2026-09-04,DOLATALGO,DOLAT ALGOTECH LIMITED,70.49,72.99,70.11,70.91,70.05,187699
2026-09-04,DOLLAR,DOLLAR INDUSTRIES LIMITED,265.55,267.1,262.8,264.25,265.0,36786
2026-09-04,DOLPHIN,DOLPHIN OFF ENT (IND) L,625.0,681.55,623.3,674.0,619.6,169333
2026-09-04,DOMS,DOMS INDUSTRIES LIMITED,2205.0,2224.8,2183.2,2208.7,2207.6,77261
2026-09-04,DONEAR,DONEAR IND. LIMITED,90.39,93.47,89.1,92.25,88.56,106790
2026-09-04,AGARWALEYE,DR AGARWALS HEALTH CARE L,511.6,515.95,507.8,514.1,511.45,81568
2026-09-04,DRAGARWQ,DR. AGARWAL'S EYE HOSP L,5339.0,5474.0,5302.0,5422.5,5339.0,954
2026-09-04,LALPATHLAB,DR. LAL PATH LABS LTD.,1920.5,1925.2,1855.7,1877.5,1925.2,288144
2026-09-04,DRREDDY,DR. REDDY S LABORATORIES,1157.0,1166.8,1151.0,1151.0,1155.0,568461
2026-09-04,DRCSYSTEMS,DRC SYSTEMS INDIA LIMITED,13.21,13.85,13.21,13.64,13.42,37863
2026-09-04,DREAMFOLKS,DREAMFOLKS SERVICES LTD,66.1,67.47,66.07,66.93,66.33,38187
2026-09-04,DREDGECORP,DREDGING CORP OF INDIA,1074.7,1117.5,1074.7,1087.7,1074.7,128213
2026-09-04,KEEPLEARN,DSJ KEEP LEARNING LTD,2.03,2.03,1.87,1.87,1.9,39241
2026-09-04,LIQUIDETF,DSP LIQUID ETF,1000.01,1000.01,999.99,999.99,999.99,308648
2026-09-04,BANK10ADD,DSPAMC - BANK10ADD,16.87,16.98,16.86,16.93,16.96,2303
2026-09-04,BANKADD,DSPAMC - DSPBANK,58.96,59.14,58.82,58.99,58.95,5499
2026-09-04,GOLDADD,DSPAMC - DSPGOLD,15.14,15.14,14.87,14.95,14.84,4153135
2026-09-04,ITADD,DSPAMC - DSPIT,32.99,32.99,32.52,32.57,32.67,6830
2026-09-04,EQUAL50ADD,DSPAMC - DSPNEWETF,341.54,342.0,338.98,340.33,340.57,15781
2026-09-04,NIFTYADD,DSPAMC - DSPNIFTY,252.72,253.75,251.8,252.48,251.97,3105
2026-09-04,PSUBANKADD,DSPAMC - DSPPSBKETF,87.95,87.95,86.11,86.43,86.59,13572
2026-09-04,PVTBANKADD,DSPAMC - DSPPVBKETF,28.37,28.4,28.24,28.34,28.38,17724
2026-09-04,MIDQ50ADD,DSPAMC - DSPQ50ETF,25.06,25.14,24.95,25.01,25.06,45658
2026-09-04,SENSEXADD,DSPAMC - DSPSENXETF,79.33,79.33,79.29,79.29,79.18,56
2026-09-04,SILVERADD,DSPAMC - DSPSILVETF,22.36,22.57,22.31,22.44,22.19,2849876
2026-09-04,FLEXIADD,DSPAMC - FLEXIADD,10.31,10.44,10.0,10.06,10.05,35100
2026-09-04,FMCGADD,DSPAMC - FMCGADD,46.22,48.8,46.11,46.25,46.22,47656
2026-09-04,GSEC10ADD,DSPAMC - GSEC10ADD,26.79,26.79,26.48,26.79,26.49,42
2026-09-04,HEALTHADD,DSPAMC - HEALTHADD,16.7,16.72,16.5,16.58,16.7,21553
2026-09-04,LIQUIDADD,DSPAMC - LIQUIDADD,1143.55,1143.67,1143.5,1143.51,1143.13,332115
2026-09-04,MIDBANKADD,DSPAMC - MIDBANKADD,17.52,17.54,17.47,17.5,17.52,10430
2026-09-04,MIDCAPADD,DSPAMC - MIDCAPADD,23.14,23.36,23.14,23.28,23.14,1461
2026-09-04,MSCIADD,DSPAMC - MSCIADD,29.37,29.53,29.37,29.53,29.37,836
2026-09-04,NEXT30ADD,DSPAMC - NEXT30ADD,42.65,42.78,42.5,42.69,42.59,3585
2026-09-04,NEXT50ADD,DSPAMC - NEXT50ADD,73.68,73.72,73.3,73.52,73.68,13815
2026-09-04,SMALLADD,DSPAMC - SMALLADD,18.66,18.7,18.49,18.53,18.56,67956
2026-09-04,TOP10ADD,DSPAMC - TOP10ADD,88.04,88.3,87.81,87.98,87.79,305895
2026-09-04,DUCON,DUCON INFRATECHNOLOGIES L,1.92,1.99,1.84,1.92,1.93,1709236
2026-09-04,DWARKESH,DWARIKESH SUGAR IND LTD,49.41,49.41,47.01,47.31,49.32,2333510
2026-09-04,DSSL,DYNACONS SYS & SOLN LTD,992.6,1053.1,990.0,1053.1,1003.0,34708
2026-09-04,DYNAMATECH,DYNAMATIC TECHNOLOGIES,11560.0,11775.0,11558.0,11654.0,11532.0,8608
2026-09-04,DYCL,DYNAMIC CABLES LIMITED,541.9,546.8,484.0,487.9,544.3,1789647
2026-09-04,DYNPRO,DYNEMIC PRODUCTS LIMITED,240.0,248.0,235.0,236.06,237.81,37117
2026-09-04,EASTWEST,EAST WEST FREIGHT CARRI L,2.3,2.4,2.28,2.36,2.34,61727
2026-09-04,EASEMYTRIP,EASY TRIP PLANNERS LTD,6.03,6.03,5.98,6.0,5.97,5002636
2026-09-04,ECLERX,ECLERX SERVICES LTD,1960.0,1967.8,1878.3,1905.7,1971.7,163141
2026-09-04,ECORECO,ECO RECYCLING LTD.,462.0,468.95,455.85,459.35,456.1,10145
2026-09-04,ECOSMOBLTY,ECOS (INDIA) MOB & HOSP L,113.93,115.9,112.13,113.54,113.93,79330
2026-09-04,BBETF0432,EDELAMC - BBETF0432,1361.18,1361.18,1340.96,1342.3,1342.98,1332
2026-09-04,EBANK10,EDELAMC - EBANK10,16.83,16.84,16.66,16.84,16.83,401
2026-09-04,EBANKNIFTY,EDELAMC - EBANKNIFTY,58.11,58.27,57.82,58.26,58.22,2088
2026-09-04,EBBETF0430,EDELAMC - EBBETF0430,1611.98,1611.98,1607.71,1609.05,1607.71,2002
2026-09-04,EBBETF0431,EDELAMC - EBBETF0431,1432.36,1443.67,1431.0,1440.43,1439.55,5856
2026-09-04,EBBETF0433,EDELAMC - EBBETF0433,1313.15,1314.98,1306.53,1311.12,1309.36,2625
2026-09-04,ECAPINSURE,EDELAMC - ECAPINSURE,23.89,24.0,23.72,23.99,23.77,53393
2026-09-04,EGOLD,EDELAMC - EGOLD,153.2,154.4,153.05,153.8,152.6,167536
2026-09-04,ELIQUID,EDELAMC - ELIQUID,1046.75,1046.75,1046.59,1046.6,1046.25,11691
2026-09-04,ELM250,EDELAMC - ELM250,16.8,16.8,16.51,16.61,16.65,355767
2026-09-04,ELMDIV,EDELAMC - ELMDIV,36.99,36.99,36.49,36.5,36.38,602
2026-09-04,EMETAL,EDELAMC - EMETAL,13.21,13.36,13.13,13.36,13.19,5051
2026-09-04,EMULTIMQ,EDELAMC - EMULTIMQ,42.19,42.24,41.75,42.0,41.77,11409
2026-09-04,ENEXT50,EDELAMC - ENEXT50,73.52,73.55,73.1,73.1,72.8,275
2026-09-04,ENIFTY,EDELAMC - ENIFTY,24.75,24.75,24.1,24.19,24.15,6023
2026-09-04,ESENSEX,EDELAMC - ESENSEX,77.0,77.56,77.0,77.46,77.32,37
2026-09-04,ESILVER,EDELAMC - ESILVER,224.09,234.69,224.09,232.78,229.84,221315
2026-09-04,EDELWEISS,EDELWEISS FIN SERV LTD,136.11,138.24,134.76,136.08,134.76,11273587
2026-09-04,EFCIL,EFC (I) LIMITED,198.09,202.0,192.0,193.24,200.84,235570
2026-09-04,EICHERMOT,EICHER MOTORS LTD,7665.0,7665.5,7590.0,7630.5,7690.0,492954
2026-09-04,EIDPARRY,EID PARRY INDIA LTD,778.25,784.5,774.85,781.35,778.25,270760
2026-09-04,EIHAHOTELS,EIH ASSOCIATED HOTELS LTD,305.45,308.6,295.3,297.65,303.85,11705
2026-09-04,EIHOTEL,EIH LIMITED,292.65,293.4,290.1,291.9,290.75,154906
2026-09-04,EIMCOELECO,EIMCO ELECON (INDIA) LTD,2286.1,2286.1,2240.0,2254.4,2280.4,19567
2026-09-04,EKI,EKI ENERGY SERVICES LTD,73.15,76.0,73.11,74.13,74.06,6162
2026-09-04,ELANTAS,ELANTAS BECK INDIA LTD.,12395.0,12400.0,12100.0,12219.0,12114.0,1367
2026-09-04,ELCIDIN,ELCID INVESTMENTS LTD.,109880.0,109880.0,107400.0,107590.0,106500.0,12
2026-09-04,ELDEHSG,ELDECO HSG & IND LTD.,781.0,801.0,781.0,789.1,790.45,415
2026-09-04,ELECON,ELECON ENG. CO. LTD,436.5,442.5,428.75,433.75,435.95,535067
2026-09-04,EMIL,ELECTRONICS MART IND LTD,175.4,176.67,167.54,173.74,176.16,1637322
2026-09-04,ELECTCAST,ELECTROSTEEL CASTINGS LTD,84.3,84.9,82.61,83.71,83.85,1762760
2026-09-04,ELECTHERM,ELECTROTHERM (I) LTD.,979.9,999.9,979.9,980.9,979.9,7385
2026-09-04,ELGIEQUIP,ELGI EQUIPMENTS LTD,632.95,645.4,627.5,642.1,630.35,691967
2026-09-04,ELGIRUBCO,ELGI RUBBER CO. LTD,59.98,59.98,58.1,58.69,59.08,44079
2026-09-04,ELIN,ELIN ELECTRONICS LIMITED,95.26,97.3,95.0,95.4,95.26,196524
2026-09-04,ELITECON,ELITECON INTERNATIONAL L,8.68,8.68,8.68,8.68,9.13,1122582
2026-09-04,ELLEN,ELLENBARRIE INDUS GASES L,333.8,340.15,327.5,331.85,330.45,759237
2026-09-04,ELPROINTL,ELPRO INTERNATIONAL LTD,173.66,174.94,173.58,174.0,174.44,3631
2026-09-04,EMAMILTD,EMAMI LIMITED,370.0,371.4,361.85,366.05,368.2,1293997
2026-09-04,EMAMIREAL,EMAMI REALTY LIMITED,69.29,69.3,65.7,66.74,68.7,24880
2026-09-04,EMBDL,EMBASSY DEVELOPMENTS LTD,58.65,59.19,57.25,57.53,58.59,2533639
2026-09-04,EMCURE,EMCURE PHARMACEUTICALS L,1888.0,1935.0,1874.7,1927.6,1854.7,276608
2026-09-04,EMKAY,EMKAY GLOBAL FIN SERV LTD,259.0,270.0,255.15,267.25,257.75,54753
2026-09-04,EMMVEE,EMMVEE PHOTOVOLTAIC PWR L,327.0,330.9,322.3,325.2,326.4,873378
2026-09-04,EMPIND,EMPIRE INDUSTRIES LTD.,1202.0,1208.3,1192.0,1195.6,1195.9,6883
2026-09-04,EMPOWER,EMPOWER INDIA LTD.,1.73,1.9,1.73,1.84,1.82,26427168
2026-09-04,EMSLIMITED,EMS LIMITED,387.35,388.95,381.0,383.05,387.35,166270
2026-09-04,EMUDHRA,EMUDHRA LIMITED,519.85,534.4,519.85,524.8,519.85,71392
2026-09-04,ENDURANCE,ENDURANCE TECHNO. LTD.,2757.0,2795.0,2736.6,2782.8,2754.7,50285
2026-09-04,ENERGYDEV,ENERGY DEVE. CO.LTD,15.99,15.99,15.45,15.49,15.5,11133
2026-09-04,ENGINERSIN,ENGINEERS INDIA LTD,282.4,284.5,278.35,279.45,281.95,3490446
2026-09-04,ENKEIWHEL,ENKEI WHEELS (INDIA) LTD.,396.0,400.0,384.0,389.8,380.8,776
2026-09-04,ENTERO,ENTERO HEALTHCARE SOLU L,1848.0,1868.9,1811.1,1827.6,1848.0,96165
2026-09-04,ENIL,ENTERTAIN NET. IND. LTD.,99.67,103.1,99.67,102.65,99.61,27341
2026-09-04,EIEL,ENVIRO INFRA ENGINEERS L,196.9,201.7,195.65,199.17,195.66,769678
2026-09-04,EPACK,EPACK DURABLE LIMITED,191.0,192.5,187.99,189.27,189.08,343336
2026-09-04,EPACKPEB,EPACK PREFAB TECHN LTD,227.5,233.85,227.5,231.11,227.3,324727
2026-09-04,EPIGRAL,EPIGRAL LIMITED,1230.0,1254.8,1214.5,1219.7,1236.7,48188
2026-09-04,EPL,EPL LIMITED,246.55,250.9,244.55,247.1,246.55,3718253
2026-09-04,EQUITASBNK,EQUITAS SMALL FIN BNK LTD,73.05,73.99,72.8,72.95,73.04,534782
2026-09-04,ERIS,ERIS LIFESCIENCES LIMITED,1301.0,1332.2,1301.0,1321.7,1303.5,69111
2026-09-04,ESABINDIA,ESAB INDIA LTD,6107.5,6114.0,6050.0,6067.5,6077.5,2820
2026-09-04,ESCORTS,ESCORTS KUBOTA LIMITED,2993.0,3001.0,2960.3,2968.8,2978.2,62925
2026-09-04,ESDS,ESDS SOFTWARE SOLUTION L,757.0,908.4,756.0,908.4,429.0,15790052
2026-09-04,ESSARSHPNG,ESSAR SHIPPING LTD,17.0,17.65,16.9,17.09,16.87,325102
2026-09-04,ESTER,ESTER INDUSTRIES LTD,94.04,94.72,93.0,93.57,94.03,41294
2026-09-04,ETERNAL,ETERNAL LIMITED,325.3,327.75,320.8,322.75,324.8,17824027
2026-09-04,ETHOSLTD,ETHOS LIMITED,2794.0,2905.6,2776.0,2792.8,2793.1,79319
2026-09-04,EUREKAFORB,EUREKA FORBES LIMITED,430.0,430.0,422.15,423.75,429.25,99508
2026-09-04,EUROBOND,EURO PANEL PRODUCTS LTD,154.0,154.0,148.01,151.0,151.1,921
2026-09-04,EUROPRATIK,EURO PRATIK SALES LIMITED,267.0,270.05,258.0,263.75,267.0,192832
2026-09-04,EVEREADY,EVEREADY INDS. IND.  LTD.,319.0,322.3,316.0,317.9,319.45,57194
2026-09-04,EKC,EVEREST KANTO CYLINDERLTD,107.4,107.65,105.15,106.42,107.0,150735
2026-09-04,EXCELINDUS,EXCEL INDUSTRIES LTD,1035.1,1045.0,1026.1,1031.4,1034.9,4529
2026-09-04,EXCELSOFT,EXCELSOFT TECHNOLOGIES L,70.5,71.8,69.52,70.23,70.66,299626
2026-09-04,EXICOM,EXICOM TELE SYSTEMS LTD,166.8,179.75,166.8,177.85,166.13,5389417
2026-09-04,EXIDEIND,EXIDE INDUSTRIES LTD,423.9,428.5,416.4,424.35,423.0,2581393
2026-09-04,EXPLEOSOL,EXPLEO SOLUTIONS LIMITED,904.0,910.0,888.0,899.0,898.75,27691
2026-09-04,EXXARO,EXXARO TILES LIMITED,6.6,6.85,6.5,6.59,6.7,298855
2026-09-04,FABTECH,FABTECH TECHNOLOGIES LTD,147.14,152.26,147.07,150.2,147.33,112484
2026-09-04,FACT,FACT LTD,803.05,812.5,798.15,801.4,800.2,97544
2026-09-04,FAZE3Q,FAZE THREE LIMITED,502.35,502.35,485.1,493.95,498.4,9304
2026-09-04,FCSSOFT,FCS SOFTWARE SOLN. LTD.,1.44,1.46,1.44,1.45,1.44,1046769
2026-09-04,FDC,FDC LIMITED,343.0,351.8,341.55,342.8,341.6,120312
2026-09-04,FEDFINA,FEDBANK FINANCIAL SER L,156.32,163.2,156.32,161.56,157.86,818017
2026-09-04,FEDDERSHOL,FEDDERS HOLDING LTD.,47.4,47.7,46.0,47.28,46.0,1773925
2026-09-04,FEDERALBNK,FEDERAL BANK LTD,344.9,344.9,341.8,343.0,344.6,4115397
2026-09-04,FMGOETZE,FEDERAL-MOGUL GOETZE (IND,511.0,517.5,499.6,501.45,613.7,1030188
2026-09-04,FERMENTA,FERMENTA BIOTECH LTD.,502.3,509.35,491.65,498.5,502.3,101413
2026-09-04,FIBERWEB,FIBERWEB INDIA LIMITED,26.2,26.2,25.6,25.75,25.91,10675
2026-09-04,FIEMIND,FIEM INDUSTRIES LIMITED,2050.0,2092.4,2036.0,2085.8,2036.9,46943
2026-09-04,FILATFASH,FILATEX FASHIONS LIMITED,0.19,0.19,0.18,0.18,0.18,21161213
2026-09-04,FILATEX,FILATEX INDIA LTD,77.1,78.45,75.65,77.72,76.72,1156499
2026-09-04,FINEORG,FINE ORGANIC IND. LTD.,5178.5,5190.0,5136.0,5152.0,5179.5,12034
2026-09-04,FCL,FINEOTEX CHEMICAL LIMITED,48.68,52.1,48.6,51.51,48.41,20692198
2026-09-04,FINKURVE,FINKURVE FINANCIAL SERV L,69.9,73.72,69.74,72.31,70.23,62572
2026-09-04,FINOPB,FINO PAYMENTS BANK LTD,140.25,142.9,138.5,139.33,140.23,82299
2026-09-04,FINCABLES,FINOLEX CABLES LTD,1223.5,1254.9,1211.0,1220.2,1272.9,1492429
2026-09-04,FINPIPE,FINOLEX INDUSTRIES LTD,160.0,160.0,156.0,158.63,158.9,507087
2026-09-04,FSL,FIRSTSOURCE SOLU. LTD.,265.6,273.85,263.75,264.4,265.3,942732
2026-09-04,FISCHER,FISCHER MEDICAL VENTURE L,37.44,37.62,35.8,36.04,37.03,329518
2026-09-04,FIVESTAR,FIVE-STAR BUS FIN LTD,538.0,538.0,512.5,523.05,534.6,915369
2026-09-04,FLAIR,FLAIR WRITING INDUST LTD,249.55,249.95,242.4,243.71,248.11,105224
2026-09-04,FOODSIN,FOODS & INNS LIMITED,56.0,57.9,54.72,57.37,56.06,89638
2026-09-04,FORCEMOT,FORCE MOTORS LIMITED,17515.0,17857.0,17500.0,17500.0,17500.0,47840
2026-09-04,FORTIS,FORTIS HEALTHCARE LTD,914.0,917.45,903.8,905.0,917.5,627470
2026-09-04,FOSECOIND,FOSECO INDIA LTD,6372.5,6404.0,6216.5,6263.0,6372.5,7937
2026-09-04,FRACTAL,FRACTAL ANALYTICS LIMITED,819.0,830.0,817.2,825.45,817.4,216017
2026-09-04,FREDUN,FREDUN PHARMACEUTICALS L,1502.9,1517.0,1458.0,1470.7,1488.3,15103
2026-09-04,FRONTSP,FRONTIER SPRINGS LTD.,1267.3,1305.0,1255.9,1291.8,1269.8,21620
2026-09-04,NYKAA,FSN E COMMERCE VENTURES,332.15,336.15,332.0,332.5,334.2,2156326
2026-09-04,UTLSOLAR,FUJIYAMA POWER SYSTEMS L,427.1,435.05,425.15,429.75,428.5,169583
2026-09-04,FUSION,FUSION FINANCE LIMITED,199.73,207.0,199.21,203.19,199.73,1385863
2026-09-04,FMNL,FUTURE MKT NETWORKS LTD,9.81,10.1,9.63,10.1,9.62,18463
2026-09-04,GMBREW,G M BREWERIES LTD,910.0,924.95,910.0,919.85,910.55,40347
2026-09-04,GRINFRA,G R INFRAPROJECTS LIMITED,878.95,878.95,865.6,869.1,871.1,8369
2026-09-04,GABRIEL,GABRIEL INDIA LTD,1349.0,1368.0,1310.6,1353.2,1345.8,208239
2026-09-04,GAIL,GAIL (INDIA) LTD,174.27,174.27,171.92,173.4,174.67,3878219
2026-09-04,GAJA,GAJA ALT ASSET MGT LTD,158.0,162.01,157.51,161.1,157.62,1327301
2026-09-04,GALAPREC,GALA PRECISION ENG LTD,1036.1,1038.9,1015.2,1024.0,1026.2,21048
2026-09-04,GALAXYSURF,GALAXY SURFACTANTS LTD,2251.6,2273.9,2143.5,2165.0,2251.6,43774
2026-09-04,GALLANTT,GALLANTT ISPAT LIMITED,585.0,597.45,568.45,574.0,572.65,300142
2026-09-04,GANDHAR,GANDHAR OIL REFINE IND L,268.4,269.05,261.0,267.6,267.4,860917
2026-09-04,GANDHITUBE,GANDHI SPL. TUBES LTD,901.75,904.95,898.0,900.15,902.55,1700
2026-09-04,GANESHCP,GANESH CONSUMER PRODUCT L,169.79,176.98,168.47,174.46,168.82,117370
2026-09-04,GANESHHOU,GANESH HOUSING LIMITED,767.2,770.0,753.9,758.95,765.5,25372
2026-09-04,GANECOS,GANESHA ECOSPHERE LIMITED,1023.5,1023.5,962.5,999.9,1015.4,331101
2026-09-04,GANGAFORGE,GANGA FORGING LIMITED,1.68,1.75,1.68,1.68,1.76,8689563
2026-09-04,GANGESSECU,GANGES SECURITIES LIMITED,120.05,123.9,118.02,118.71,119.9,1203
2026-09-04,GRSE,GARDEN REACH SHIP&ENG LTD,2517.9,2564.4,2517.9,2533.2,2509.8,299818
2026-09-04,GARUDA,GARUDA CONSTRUCT N ENG L,178.75,181.11,178.0,178.73,178.88,285751
2026-09-04,GRWRHITECH,GARWARE HI-TECH FILMS LTD,7117.5,7155.0,7050.0,7086.5,7100.0,35292
2026-09-04,GARFIBRES,GARWARE TECH FIBRES LTD,800.0,813.25,792.9,800.55,800.05,15701
2026-09-04,GATEWAY,GATEWAY DISTRIPARKS LTD,54.77,55.06,54.36,54.69,54.5,387773
2026-09-04,GAYAHWS,GAYATRI HIGHWAYS LIMITED,2.0,2.04,1.92,1.93,1.96,206145
2026-09-04,GAYAPROJ,GAYATRI PROJECTS LTD,22.37,22.4,21.3,21.76,22.18,363836
2026-09-04,GVPIL,GE POWER INDIA LIMITED,668.0,668.0,644.35,649.6,663.75,255215
2026-09-04,GVT&D,GE VERNOVA T&D INDIA LTD,4352.0,4399.5,4304.3,4306.3,4362.0,549760
2026-09-04,GEEKAYWIRE,GEEKAY WIRES LIMITED,29.9,30.1,29.39,29.61,29.39,127142
2026-09-04,GEMAROMA,GEM AROMATICS LIMITED,163.04,166.7,160.0,161.5,162.22,90914
2026-09-04,GICRE,GENERAL INS CORP OF INDIA,343.65,361.3,341.6,358.45,356.15,4931565
2026-09-04,GENCON,GENERIC ENG CONS PROJ LTD,42.5,45.37,42.45,44.63,42.36,345096
2026-09-04,GENESYS,GENESYS INTL CORPN LTD,222.63,234.0,222.62,230.88,222.63,475906
2026-09-04,GENUSPAPER,GENUS P&B LIMITED,12.57,12.83,12.21,12.76,12.44,216963
2026-09-04,GENUSPOWER,GENUS POWER INFRASTRU LTD,340.8,349.35,334.75,337.8,339.7,2486451
2026-09-04,GEOJITFSL,GEOJIT FINANCIAL SER L,82.79,83.9,82.31,82.72,82.77,332909
2026-09-04,GFLLIMITED,GFL LIMITED,59.69,63.89,58.9,62.81,58.65,497897
2026-09-04,GHCL,GHCL LIMITED,442.5,442.5,436.1,436.6,437.55,84548
2026-09-04,GHCLTEXTIL,GHCL TEXTILES LIMITED,139.23,139.85,135.05,136.72,138.02,424691
2026-09-04,GICHSGFIN,GIC HOUSING FINANCE LTD,142.06,143.64,139.6,140.45,142.06,172955
2026-09-04,GILLANDERS,GILLANDERS ARBUTHNOT LTD,103.0,105.06,101.75,103.19,104.73,1894
2026-09-04,GILLETTE,GILLETTE INDIA LTD,7340.0,7371.0,7300.0,7312.5,7341.0,9291
2026-09-04,GKENERGY,GK ENERGY LIMITED,129.55,131.0,128.0,128.96,129.55,264878
2026-09-04,GKB,GKB OPHTHALMICS LTD.,65.0,66.0,63.01,63.97,65.8,13013
2026-09-04,GKWLIMITED,GKW LIMITED,1622.0,1622.0,1582.0,1610.9,1600.0,154
2026-09-04,GLAND,GLAND PHARMA LIMITED,2915.0,2969.0,2851.1,2932.4,2907.9,2977808
2026-09-04,GLAXO,GLAXOSMITHKLINE PHARMA LT,2938.9,2972.8,2925.5,2958.1,2937.5,48109
2026-09-04,GLENMARK,GLENMARK PHARMACEUTICALS,2454.5,2456.7,2422.7,2437.2,2459.0,412728
2026-09-04,GLOBAL,GLOBAL EDUCATION LIMITED,116.3,126.45,115.39,120.45,116.27,570402
2026-09-04,MEDANTA,GLOBAL HEALTH LIMITED,1424.3,1491.8,1424.3,1469.8,1417.3,470026
2026-09-04,GSLSU,GLOBAL SURFACES LIMITED,27.02,28.37,27.02,28.37,27.02,31054
2026-09-04,GLOBALVECT,GLOBAL VEC HELICORP LTD,144.0,144.0,140.1,141.16,142.65,2436
2026-09-04,GLOBALE,GLOBALE TESSILE LIMITED,11.38,11.5,10.86,11.39,11.38,18110
2026-09-04,GLOBECIVIL,GLOBE CIVIL PROJECTS LTD,48.85,49.01,47.61,48.15,48.92,41613
2026-09-04,GLOBE,GLOBE ENTERPRISE (I) LTD,1.93,1.94,1.87,1.89,1.91,440779
2026-09-04,GICL,GLOBE INTL CARRIERS LTD,24.0,24.9,23.33,24.6,24.0,162762
2026-09-04,GLOBUSSPR,GLOBUS SPIRITS LTD,919.65,919.65,910.0,914.3,919.65,46420
2026-09-04,GLOSTERLTD,GLOSTER LIMITED,599.7,599.7,590.25,596.5,590.75,323
2026-09-04,GLOTTIS,GLOTTIS LIMITED,62.2,63.21,62.0,62.1,62.31,33918
2026-09-04,GMMPFAUDLR,GMM PFAUDLER LIMITED,1073.5,1175.0,1073.5,1147.9,1073.5,1049404
2026-09-04,GMRAIRPORT,GMR AIRPORTS LIMITED,96.86,97.98,96.3,97.45,96.87,9286457
2026-09-04,GMRP&UI,GMR POW AND URBAN INFRA L,91.61,96.78,90.71,95.3,91.69,1966833
2026-09-04,GNA,GNA AXLES LIMITED,537.0,557.0,529.55,551.05,531.8,276542
2026-09-04,EBGNG,GNG ELECTRONICS LIMITED,622.0,633.4,583.0,601.25,622.1,1005022
2026-09-04,GODIGIT,GO DIGIT GENERAL INS LTD,256.4,261.0,254.4,258.3,257.85,203109
2026-09-04,GOCOLORS,GO FASHION INDIA LTD,323.6,328.5,323.1,326.65,322.55,46077
2026-09-04,GOACARBON,GOA CARBON LIMITED,377.1,381.0,372.0,378.45,375.25,9112
2026-09-04,GOCLCORP,GOCL CORPORATION LIMITED,425.0,431.0,423.0,427.45,422.95,304041
2026-09-04,GODAVARIB,GODAVARI BIOREFINERIES L,246.85,246.85,240.5,241.7,245.25,53060
2026-09-04,GPIL,GODAWARI POW & ISP LTD,239.9,243.86,238.89,240.67,239.9,985110
2026-09-04,GODFRYPHLP,GODFREY PHILLIPS INDIA LT,2045.0,2073.3,2040.0,2051.0,2045.0,100359
2026-09-04,GODREJAGRO,GODREJ AGROVET LIMITED,657.0,665.5,638.7,644.85,658.95,306292
2026-09-04,GODREJCP,GODREJ CONSUMER PRODUCTS,878.65,880.0,866.1,878.0,880.0,1306185
2026-09-04,GODREJIND,GODREJ INDUSTRIES LTD,1157.8,1187.2,1152.0,1163.5,1154.3,60778
2026-09-04,GODREJPROP,GODREJ PROPERTIES LTD,2000.0,2021.7,1971.0,1982.0,2001.5,307319
2026-09-04,GOKEX,GOKALDAS EXPORTS LTD.,768.5,802.5,768.5,789.2,767.65,472178
2026-09-04,GOKULAGRO,GOKUL AGRO RESOURCES LTD,234.1,236.67,229.98,231.17,234.91,282521
2026-09-04,GOKUL,GOKUL REFOILS & SOLV LTD,41.6,43.9,41.44,42.96,41.95,221325
2026-09-04,GOLDIAM,GOLDIAM INTERNATIONAL LTD,341.05,350.0,341.05,345.3,340.65,332390
2026-09-04,GOODLUCK,GOODLUCK INDIA LIMITED,468.95,480.0,468.1,472.9,469.4,455214
2026-09-04,GOODYEAR,GOODYEAR INDIA LIMITED,733.1,748.0,733.1,741.5,736.7,2498
2026-09-04,GOPAL,GOPAL SNACKS LIMITED,267.45,267.5,263.8,265.1,265.4,84409
2026-09-04,GOYALALUM,GOYAL ALUMINIUMS LIMITED,6.31,6.45,6.16,6.22,6.31,74465
2026-09-04,GPTHEALTH,GPT HEALTHCARE LIMITED,153.29,159.0,151.96,158.17,153.68,259291
2026-09-04,GPTINFRA,GPT INFRAPROJECTS LTD,110.87,113.3,110.5,112.1,110.88,108936
2026-09-04,GRADIENTE,GRADIENTE INFOTAINMENT L,2.77,2.8,2.65,2.71,2.67,1829209
2026-09-04,GRANDOAK,GRAND OAK CANYONS DIST L,35.85,36.7,34.48,34.84,34.98,4351
2026-09-04,GRANULES,GRANULES INDIA LIMITED,853.0,863.6,838.6,848.3,853.85,1172635
2026-09-04,GRAPHITE,GRAPHITE INDIA LTD,721.8,740.3,714.65,733.6,721.3,1066661
2026-09-04,GRASIM,GRASIM INDUSTRIES LTD,3318.9,3332.6,3268.1,3322.0,3310.0,892704
2026-09-04,GRAUWEIL,GRAUER & WEIL IND LTD,70.61,71.99,70.05,70.59,70.84,175799
2026-09-04,GRAVISSHO,GRAVISS HOSPITALITY LTD.,28.7,29.5,28.66,29.4,29.6,329
2026-09-04,GRAVITA,GRAVITA INDIA LIMITED,1684.8,1696.6,1615.1,1661.6,1684.8,442686
2026-09-04,GREAVESCOT,GREAVES COTTON LTD.,193.5,197.07,193.21,195.56,194.78,467649
2026-09-04,GREENLAM,GREENLAM INDUSTRIES LTD.,244.17,244.59,241.02,242.62,244.17,14287
2026-09-04,GREENPANEL,GREENPANEL INDUSTRIES LTD,159.2,162.0,157.3,158.32,157.62,268737
2026-09-04,GREENPLY,GREENPLY INDUSTRIES LTD,292.1,307.9,292.1,304.7,293.0,387224
2026-09-04,GCSL,GRETEX CORPORATE SERVICES,592.0,596.85,577.7,595.15,586.7,726731
2026-09-04,GRINDWELL,GRINDWELL NORTON LIMITED,1982.5,1997.3,1955.0,1962.5,1974.4,10248
2026-09-04,GRMOVER,GRM OVERSEAS LIMITED,85.82,88.15,85.46,87.53,85.81,1151167
2026-09-04,CEMNTGROWW,GROWWAMC - CEMNTGROWW,14.79,14.79,14.52,14.66,14.64,63765
2026-09-04,GROWWCAPM,GROWWAMC - GROWWCAPM,11.49,11.57,11.33,11.44,11.33,279688
2026-09-04,GROWWCHEM,GROWWAMC - GROWWCHEM,30.19,30.68,30.1,30.24,30.19,4453571
2026-09-04,GROWWDEFNC,GROWWAMC - GROWWDEFNC,97.1,98.0,96.76,97.42,96.61,231792
2026-09-04,GROWWEV,GROWWAMC - GROWWEV,32.82,32.82,32.18,32.37,32.57,259593
2026-09-04,GROWWGOLD,GROWWAMC - GROWWGOLD,14.98,15.21,14.93,15.03,14.91,2159184
2026-09-04,GROWWHOSPI,GROWWAMC - GROWWHOSPI,52.11,52.59,51.77,51.83,52.06,303066
2026-09-04,GROWWLIQID,GROWWAMC - GROWWLIQID,110.65,110.65,110.64,110.64,110.6,649969
2026-09-04,GROWWLOVOL,GROWWAMC - GROWWLOVOL,10.5,10.5,10.24,10.3,10.34,4721
2026-09-04,GROWWMC150,GROWWAMC - GROWWMC150,233.72,233.72,231.63,233.51,233.72,303
2026-09-04,GROWWMETAL,GROWWAMC - GROWWMETAL,12.48,12.77,12.32,12.72,12.48,467942
2026-09-04,GROWWMOM50,GROWWAMC - GROWWMOM50,11.17,11.17,10.92,10.99,11.02,277790
2026-09-04,GROWWN200,GROWWAMC - GROWWN200,11.04,11.53,11.04,11.34,11.33,29513
2026-09-04,GROWWNET,GROWWAMC - GROWWNET,10.95,10.95,10.63,10.86,10.79,490430
2026-09-04,GROWWNIFTY,GROWWAMC - GROWWNIFTY,9.65,9.76,9.65,9.68,9.66,684423
2026-09-04,GROWWNXT50,GROWWAMC - GROWWNXT50,73.99,73.99,72.81,73.45,73.45,2293
2026-09-04,GROWWPOWER,GROWWAMC - GROWWPOWER,11.32,11.39,11.25,11.33,11.32,2199856
2026-09-04,GROWWPSE,GROWWAMC - GROWWPSE,97.3,99.48,95.9,98.3,97.89,4944
2026-09-04,GROWWPSUBK,GROWWAMC - GROWWPSUBK,86.48,86.48,85.01,85.88,85.33,1830
2026-09-04,GROWWRAIL,GROWWAMC - GROWWRAIL,28.19,28.22,27.85,28.08,28.05,2704363
2026-09-04,GROWWRLTY,GROWWAMC - GROWWRLTY,10.3,10.34,10.15,10.21,10.2,161707
2026-09-04,GROWWSC250,GROWWAMC - GROWWSC250,10.72,10.72,10.6,10.69,10.66,100126
2026-09-04,GROWWSLVR,GROWWAMC - GROWWSLVR,22.81,22.94,22.69,22.83,22.55,1486031
2026-09-04,PVTBKGROWW,GROWWAMC - PVTBKGROWW,28.19,28.19,27.69,27.92,27.74,7168
2026-09-04,SMALLGROWW,GROWWAMC - SMALLGROWW,39.41,49.79,39.41,49.06,48.96,6170
2026-09-04,GRPLTD,GRP LIMITED,1998.2,2019.0,1959.0,2013.0,1979.7,1281
2026-09-04,GSPCROP,GSP CROP SCIENCE LIMITED,627.0,627.6,616.0,619.25,625.9,119185
2026-09-04,GSS,GSS INFOTECH LIMITED,11.75,11.75,10.73,11.03,11.16,198815
2026-09-04,GTLINFRA,GTL INFRA.LTD,1.17,1.17,1.14,1.16,1.16,35008053
2026-09-04,GTL,GTL LTD,7.21,7.34,7.07,7.11,7.2,293515
2026-09-04,GTPL,GTPL HATHWAY LIMITED,58.5,59.5,57.51,58.67,57.93,87796
2026-09-04,GUFICBIO,GUFIC BIOSCIENCES LTD.,440.5,447.2,437.15,444.9,439.35,88007
2026-09-04,GIPCL,GUJ IND POW CO. LTD,208.9,208.9,204.26,205.18,208.04,400260
2026-09-04,GNFC,GUJ NAR VAL FER & CHEM L,588.9,599.0,585.6,596.7,587.35,791924
2026-09-04,GSFC,GUJ STATE FERT & CHEM LTD,162.73,165.85,162.02,162.88,161.86,1107016
2026-09-04,GUJAPOLLO,GUJ. APOLLO IND. LTD.,350.1,365.0,343.85,355.95,347.95,12193
2026-09-04,GUJALKALI,GUJARAT ALKALIES & CHEM,728.5,736.0,715.1,721.6,722.85,109374
2026-09-04,GAEL,GUJARAT AMBUJA EXPORTS LT,170.88,171.2,167.2,167.81,170.88,466226
2026-09-04,GUJENERGY,GUJARAT ENERGY LIMITED,264.11,268.36,262.14,263.59,264.1,3952971
2026-09-04,FLUOROCHEM,GUJARAT FLUOROCHEM LTD,4839.3,4850.0,4461.1,4554.0,4694.6,473510
2026-09-04,GKSL,GUJARAT KIDNEY N SUP SP L,172.88,175.09,171.51,172.81,171.51,238346
2026-09-04,GLFL,GUJARAT LEASE FINANCING L,5.64,5.8,5.55,5.8,5.66,4293
2026-09-04,GMDCLTD,GUJARAT MINERAL DEV CORP,566.2,570.75,561.0,562.95,565.85,503162
2026-09-04,GNRL,GUJARAT NATURAL RES L,97.6,101.2,96.9,99.27,96.72,185644
2026-09-04,GPPL,GUJARAT PIPAVAV PORT LTD,165.5,165.83,160.81,161.62,165.43,1293533
2026-09-04,GUJRAFFIA,GUJARAT RAFFIA INDUST LTD,41.2,41.2,41.0,41.0,41.3,106
2026-09-04,GUJTHEM,GUJARAT THEMIS BIOSYN LTD,428.7,433.85,408.5,411.35,425.1,605159
2026-09-04,GULFOILLUB,GULF OIL LUB. IND. LTD.,1089.9,1089.9,1054.5,1067.8,1112.5,157655
2026-09-04,GULPOLY,GULSHAN POLYOLS LIMITED,186.27,188.01,184.42,186.01,186.27,133134
2026-09-04,GYFTR,GYFTR LIMITED,182.22,186.38,180.01,182.54,180.23,27733
2026-09-04,HBESD,H B ESTATE DEVELOPERS L,75.0,76.9,75.0,75.1,75.0,1075
2026-09-04,HGINFRA,H.G.INFRA ENGINEERING LTD,479.35,484.0,475.0,482.0,479.9,49859
2026-09-04,HALDER,HALDER VENTURE LIMITED,282.0,295.0,282.0,293.5,284.9,26009
2026-09-04,HALEOSLABS,HALEOS LABS LIMITED,1509.4,1509.4,1441.0,1451.3,1482.1,5164
2026-09-04,HAMPTON,HAMPTON SKY REALTY LTD.,8.06,8.3,7.8,7.86,8.1,9884
2026-09-04,HGM,HANDSON GBL MNGMNT LTD,51.6,54.05,50.55,52.63,51.54,31154
2026-09-04,HAPPSTMNDS,HAPPIEST MINDS TECHNO LTD,355.0,358.0,352.6,354.0,353.95,1122676
2026-09-04,HAPPYFORGE,HAPPY FORGINGS LIMITED,2265.1,2306.2,2226.6,2238.5,2294.4,69563
2026-09-04,HARDWYN,HARDWYN INDIA LIMITED,9.11,9.35,8.99,9.13,9.11,1626111
2026-09-04,HARIOMPIPE,HARIOM PIPE INDUSTRIES L,357.5,364.6,352.75,359.2,355.45,113348
2026-09-04,HRYNSHP,HARIYANA SHIP BREAKERS L,99.0,102.0,99.0,101.36,100.75,434
2026-09-04,HARRMALAYA,HARRISON MALAYALAM LTD,193.0,195.49,190.92,192.72,191.2,7134
2026-09-04,HARSHA,HARSHA ENGINEERS INT LTD,451.35,457.1,447.3,454.35,451.05,132144
2026-09-04,HATHWAY,HATHWAY CABLE & DATACOM,10.26,10.58,10.26,10.52,10.26,1819906
2026-09-04,HATSUN,HATSUN AGRO PRODUCT LTD.,1159.9,1185.0,1124.9,1168.8,1160.8,65825
2026-09-04,HAVELLS,HAVELLS INDIA LIMITED,1178.0,1178.0,1149.7,1154.0,1200.0,2840527
2026-09-04,HAWKINCOOK,HAWKINS COOKERS LTD,8338.0,8471.0,8225.0,8406.5,8297.0,1806
2026-09-04,HAZOOR,HAZOOR MULTI PROJECTS LTD,19.4,19.9,18.52,19.13,19.28,1290374
2026-09-04,HBPOR,HB PORTFOLIO LTD.,59.66,60.0,58.26,58.38,59.66,115
2026-09-04,HBSL,HB STOCKHOLDINGS LIMITED,54.0,55.93,54.0,54.91,54.5,1337
2026-09-04,HBLENGINE,HBL ENGINEERING LTD,668.5,724.0,667.0,695.75,665.55,14312325
2026-09-04,HCL-INSYS,HCL INFOSYSTEMS LTD,10.32,10.39,9.93,10.1,10.14,702510
2026-09-04,HCLTECH,HCL TECHNOLOGIES LTD,1324.9,1331.4,1291.2,1293.4,1319.0,2210569
2026-09-04,HDBFS,HDB FINANCIAL SERVICES L,693.45,705.0,680.05,682.7,693.45,366577
2026-09-04,HDFCAMC,HDFC AMC LIMITED,2511.3,2517.8,2456.0,2458.3,2510.8,844970
2026-09-04,HDFCBANK,HDFC BANK LTD,708.35,716.5,708.35,712.1,706.65,14488024
2026-09-04,HDFCGOLD,HDFC GOLD ETF,132.5,133.62,130.72,131.45,130.37,3350795
2026-09-04,HDFCLIFE,HDFC LIFE INS CO LTD,533.7,548.0,533.3,546.4,533.5,6016219
2026-09-04,HDFCBSE500,HDFCAMC - HDFCBSE500,38.48,38.48,37.42,37.56,37.73,862356
2026-09-04,HDFCGROWTH,HDFCAMC - HDFCGROWTH,118.04,119.87,118.04,118.29,118.68,55143
2026-09-04,HDFCLIQUID,HDFCAMC - HDFCLIQUID,1076.75,1076.77,1076.73,1076.75,1076.39,14831
2026-09-04,HDFCLOWVOL,HDFCAMC - HDFCLOWVOL,20.55,20.6,20.45,20.48,20.55,3372
2026-09-04,HDFCMID150,HDFCAMC - HDFCMID150,23.78,23.78,23.45,23.5,23.53,422354
2026-09-04,HDFCMOMENT,HDFCAMC - HDFCMOMENT,30.45,31.19,30.45,30.99,31.07,97334
2026-09-04,HDFCNEXT50,HDFCAMC - HDFCNEXT50,75.05,75.06,74.5,74.75,74.64,201831
2026-09-04,HDFCNIF100,HDFCAMC - HDFCNIF100,25.94,26.08,25.89,25.93,25.94,17792
2026-09-04,HDFCNIFBAN,HDFCAMC - HDFCNIFBAN,60.65,60.65,59.08,59.22,59.18,123216
2026-09-04,HDFCNIFIT,HDFCAMC - HDFCNIFIT,33.32,33.43,32.81,32.86,33.0,128067
2026-09-04,HDFCNIFTY,HDFCAMC - HDFCNIFTY,271.02,271.42,269.8,270.3,269.79,140738
2026-09-04,HDFCNIMEG,HDFCAMC - HDFCNIMEG,131.73,133.99,131.5,133.56,131.49,46678
2026-09-04,HDFCPVTBAN,HDFCAMC - HDFCPVTBAN,29.01,29.01,28.18,28.39,28.31,143631
2026-09-04,HDFCQUAL,HDFCAMC - HDFCQUAL,58.87,58.93,58.5,58.65,58.52,2788
2026-09-04,HDFCSENSEX,HDFCAMC - HDFCSENSEX,86.67,87.59,86.67,87.15,86.75,23630
2026-09-04,HDFCSILVER,HDFCAMC - HDFCSILVER,215.0,223.71,215.0,222.7,220.08,2287210
2026-09-04,HDFCSML250,HDFCAMC - HDFCSML250,187.49,187.49,186.26,186.65,186.26,738277
2026-09-04,HDFCVALUE,HDFCAMC - HDFCVALUE,125.5,126.24,125.43,125.88,125.5,1613
2026-09-04,HDFCPSUBK,HDFCAMC HDFCPSUBK,86.57,87.11,86.03,86.16,86.33,44418
2026-09-04,HEADSUP,HEADS UP VENTURES LIMITED,6.63,7.5,6.62,7.21,6.69,52608
2026-09-04,HEALTHX,HEALTH X PLATFORM LIMITED,295.0,303.7,289.0,300.3,292.05,17264
2026-09-04,HCG,HEALTHCARE GLOB. ENT. LTD,707.8,718.25,698.1,700.2,703.45,65274
2026-09-04,HECPROJECT,HEC INFRA PROJECTS LTD,121.78,121.78,115.05,117.78,121.34,8085
2026-09-04,HEG,HEG LTD,709.0,744.9,695.8,728.25,707.45,2565950
2026-09-04,HEIDELBERG,HEIDELBERGCEMENT (I) LTD,158.3,160.89,158.3,160.17,158.19,218319
2026-09-04,HEMIPROP,HEMISPHERE PROP IND LTD,125.93,127.77,125.91,126.55,125.93,269289
2026-09-04,HERANBA,HERANBA INDUSTRIES LTD,175.9,177.99,173.3,173.83,175.93,13651
2026-09-04,HERITGFOOD,HERITAGE FOODS LTD,373.4,384.7,369.1,382.35,371.55,1034903
2026-09-04,HEROMOTOCO,HERO MOTOCORP LIMITED,5319.0,5322.5,5260.0,5300.0,5308.5,607423
2026-09-04,HESTERBIO,HESTER BIOSCIENCES LTD,2199.9,2540.9,2170.0,2405.4,2201.7,93542
2026-09-04,HEXATRADEX,HEXA TRADEX LIMITED,160.0,160.0,157.0,157.65,158.0,1741
2026-09-04,HEXT,HEXAWARE TECHNOLOGIES LTD,531.7,541.0,524.0,528.6,529.1,192374
2026-09-04,HITECH,HI-TECH PIPES LIMITED,75.45,76.34,74.25,75.77,75.15,1169763
2026-09-04,HILINFRA,HIGHWAY INFRASTRUCTURE L,44.68,45.4,44.2,44.45,44.68,36577
2026-09-04,HIKAL,HIKAL LIMITED,234.0,236.74,220.1,222.3,240.36,5359400
2026-09-04,HILTON,HILTON METAL FORGING LTD,18.99,18.99,18.5,18.63,18.71,83646
2026-09-04,HSCL,HIMADRI SPECIALITY CHEM L,664.4,674.65,660.75,671.05,662.0,2597175
2026-09-04,HIMATSEIDE,HIMATSINGKA SEIDE LTD,70.42,71.89,70.25,71.51,70.32,358084
2026-09-04,HINDALUMI,HIND ALUMINIUM INDS. LTD.,97.0,100.7,95.2,97.43,97.5,3024
2026-09-04,HINDALCO,HINDALCO  INDUSTRIES  LTD,1012.9,1020.8,1005.0,1011.0,1010.0,3682428
2026-09-04,HINDCON,HINDCON CHEMICALS LIMITED,25.19,25.19,23.0,23.9,24.28,42853
2026-09-04,HPIL,HINDPRAKASH INDUSTRY LTD,118.7,125.08,114.4,123.75,122.01,1499
2026-09-04,HGS,HINDUJA GLOBAL SOLS. LTD.,393.0,409.0,391.05,399.25,393.0,9933
2026-09-04,HINDADH,HINDUSTAN ADHESIVES LTD.,383.75,383.75,363.25,370.9,370.85,517
2026-09-04,HAL,HINDUSTAN AERONAUTICS LTD,4831.0,4936.0,4817.4,4856.0,4765.6,1399667
2026-09-04,HINDCOMPOS,HINDUSTAN COMPOSITES LTD.,392.1,415.0,392.1,394.85,393.1,5640
2026-09-04,HCC,HINDUSTAN CONSTRUCTION CO,23.06,23.54,22.9,22.98,23.13,20266993
2026-09-04,HINDCOPPER,HINDUSTAN COPPER LTD,522.15,523.95,518.0,521.65,518.5,3802351
2026-09-04,HNDFDS,HINDUSTAN FOODS LIMITED,626.9,631.5,609.5,615.05,626.9,133631
2026-09-04,HINDOILEXP,HINDUSTAN OIL EXPLORATION,183.0,188.0,180.15,185.0,184.38,1959249
2026-09-04,HINDPETRO,HINDUSTAN PETROLEUM CORP,359.9,360.05,355.55,356.5,361.35,3155139
2026-09-04,HINDUNILVR,HINDUSTAN UNILEVER LTD.,1967.0,1984.2,1950.4,1973.4,1962.0,2247162
2026-09-04,HINDZINC,HINDUSTAN ZINC LIMITED,598.0,603.0,592.0,601.0,587.95,4650039
2026-09-04,HINDWAREAP,HINDWARE HME INOVATON LTD,187.0,187.24,181.0,182.61,185.82,113928
2026-09-04,HIRECT,HIRECT LIMITED,1236.0,1249.7,1220.4,1222.4,1235.8,18689
2026-09-04,HISARMETAL,HISAR METAL IND. LIMITED,163.89,166.01,161.6,162.19,162.81,964
2026-09-04,POWERINDIA,HITACHI ENERGY INDIA LTD,32000.0,32195.0,31545.0,31650.0,32000.0,83443
2026-09-04,HLEGLAS,HLE GLASCOAT LIMITED,320.05,343.0,320.05,333.65,320.05,605651
2026-09-04,HLVLTD,HLV LIMITED,6.54,6.74,6.34,6.48,6.41,143901
2026-09-04,HMAAGRO,HMA AGRO INDUSTRIES LTD,20.9,21.15,20.8,20.84,20.93,314281
2026-09-04,HOMEFIRST,HOME FIRST FIN CO IND LTD,1201.4,1229.0,1196.0,1210.1,1201.4,128463
2026-09-04,HONASA,HONASA CONSUMER LIMITED,480.25,492.6,468.8,471.05,477.05,996548
2026-09-04,HONDAPOWER,HONDA I POWER PRODUCT LTD,1986.4,2036.0,1976.0,2024.6,1986.4,2712
2026-09-04,HONAUT,HONEYWELL AUTOMATION IND,35265.0,35870.0,35265.0,35655.0,35265.0,1792
2026-09-04,HORIZONIND,HORIZON INDUSTRIAL PRKS L,55.49,55.99,54.6,55.13,55.69,6411837
2026-09-04,HPAL,HP ADHESIVES LIMITED,36.2,36.49,34.7,35.58,35.4,59982
2026-09-04,HPL,HPL ELECTRIC & POWER LTD,304.4,308.0,300.6,304.15,303.25,97614
2026-09-04,HSBCGOLD,HSBCAMC - HSBCGOLD,134.02,134.31,133.31,133.81,132.53,29190
2026-09-04,HUDCO,HSG & URBAN DEV CORPN LTD,181.96,181.96,179.82,180.52,181.07,946223
2026-09-04,HTMEDIA,HT MEDIA LIMITED,26.56,26.9,26.06,26.12,26.56,43144
2026-09-04,HUBTOWN,HUBTOWN LIMITED,192.0,197.48,188.3,189.26,192.2,598031
2026-09-04,HUHTAMAKI,HUHTAMAKI INDIA LIMITED,258.95,260.4,252.0,255.0,258.2,125656
2026-09-04,HYUNDAI,HYUNDAI MOTOR INDIA LTD,2152.0,2214.5,2150.7,2205.0,2152.0,531330
2026-09-04,IGPL,I G PETROCHEMICALS LTD,553.5,572.0,550.05,567.4,548.85,200277
2026-09-04,ISTLTD,I S T LTD.,672.75,675.0,650.0,654.55,659.55,357
2026-09-04,ICDSLTD,ICDS LTD,70.0,71.45,66.2,71.45,64.96,53177
2026-09-04,ICEMAKE,ICE MAKE REFRIGERAT LTD,739.25,743.7,734.45,738.6,739.25,7174
2026-09-04,ICICIBANK,ICICI BANK LTD.,1432.1,1438.3,1421.4,1423.2,1430.0,6693889
2026-09-04,ICICIGI,ICICI LOMBARD GIC LIMITED,1521.7,1533.8,1507.4,1510.0,1521.7,824875
2026-09-04,LOWVOLIETF,ICICI PR NIF LW VL 30 ETF,22.13,22.13,21.91,21.98,21.98,1319509
2026-09-04,ICICIPRULI,ICICI PRU LIFE INS CO LTD,495.05,503.15,492.1,494.55,495.05,962782
2026-09-04,MIDSELIETF,ICICI PRUD MIDCAP SEL ETF,19.92,20.05,19.88,19.93,19.92,137616
2026-09-04,NIF100IETF,ICICI PRUD NIFTY 100 ETF,28.14,28.14,27.95,28.05,27.93,44315
2026-09-04,NIFTYIETF,ICICI PRUD NIFTY ETF,272.23,272.4,270.51,271.88,270.98,315336
2026-09-04,SENSEXIETF,ICICI PRUD SENSEX ETF,903.99,903.99,881.95,884.24,881.95,28419
2026-09-04,ICICIAMC,ICICI PRUDENTIAL AMC LTD,2990.0,2995.9,2958.5,2970.9,2980.0,281169
2026-09-04,GOLDIETF,ICICI PRUDENTIAL GOLD ETF,131.21,132.99,131.21,131.8,130.75,4150183
2026-09-04,NV20IETF,ICICI PRUDENTIAL NV20 ETF,13.55,13.65,13.55,13.62,13.55,322970
2026-09-04,ICICIB22,ICICIPRAMC - BHARATIWIN,116.31,116.31,113.9,114.34,114.03,255356
2026-09-04,CASHIETF,ICICIPRAMC - CASHIETF,1078.37,1078.39,1078.37,1078.38,1077.99,101592
2026-09-04,EVIETF,ICICIPRAMC - EVIETF,32.89,32.89,32.31,32.47,32.56,183629
2026-09-04,GSEC10IETF,ICICIPRAMC - ICICI10GS,262.5,262.5,262.5,262.5,262.5,42
2026-09-04,BSE500IETF,ICICIPRAMC - ICICI500,40.2,40.2,39.3,39.33,39.41,61545
2026-09-04,GSEC5IETF,ICICIPRAMC - ICICI5GSEC,66.51,66.51,66.51,66.51,66.51,862
2026-09-04,ALPL30IETF,ICICIPRAMC - ICICIALPLV,27.85,27.85,27.5,27.59,27.76,473904
2026-09-04,AUTOIETF,ICICIPRAMC - ICICIAUTO,29.06,29.06,28.73,28.81,28.91,980798
2026-09-04,PVTBANIETF,ICICIPRAMC - ICICIBANKP,28.26,28.35,28.06,28.17,28.15,672096
2026-09-04,COMMOIETF,ICICIPRAMC - ICICICOMMO,99.7,100.43,99.25,100.33,99.41,28716
2026-09-04,CONSUMIETF,ICICIPRAMC - ICICICONSU,120.7,121.21,120.45,120.67,121.06,412702
2026-09-04,FMCGIETF,ICICIPRAMC - ICICIFMCG,49.0,49.75,49.0,49.47,49.46,2400471
2026-09-04,INFRAIETF,ICICIPRAMC - ICICIINFRA,94.93,95.24,94.52,94.8,94.72,555466
2026-09-04,LIQUIDIETF,ICICIPRAMC - ICICILIQ,1000.0,1000.01,999.51,999.99,999.99,540668
2026-09-04,MIDCAPIETF,ICICIPRAMC - ICICIM150,24.54,24.54,24.02,24.06,24.06,669603
2026-09-04,MOM30IETF,ICICIPRAMC - ICICIMOM30,30.64,31.41,30.64,31.36,31.27,501933
2026-09-04,NEXT50IETF,ICICIPRAMC - ICICINXT50,78.6,78.6,77.06,77.25,77.06,319174
2026-09-04,HEALTHIETF,ICICIPRAMC - ICICIPHARM,170.65,170.66,168.17,168.65,170.09,169428
2026-09-04,QUAL30IETF,ICICIPRAMC - ICICIQTY30,21.19,21.39,21.03,21.12,21.07,76847
2026-09-04,SILVERIETF,ICICIPRAMC - ICICISILVE,232.88,233.46,230.51,232.48,229.94,2490162
2026-09-04,ITIETF,ICICIPRAMC - ICICITECH,34.59,34.73,33.95,34.01,34.24,354409
2026-09-04,INSUREIETF,ICICIPRAMC - INSUREIETF,15.06,15.33,15.05,15.23,15.04,402017
2026-09-04,BANKIETF,ICICIPRAMC - IPRU5008,59.25,59.3,59.0,59.14,59.14,278048
2026-09-04,METALIETF,ICICIPRAMC - METALIETF,13.4,13.45,13.2,13.4,13.2,5744597
2026-09-04,OILIETF,ICICIPRAMC - OILIETF,11.34,11.41,11.28,11.37,11.33,1207003
2026-09-04,PSUBNKIETF,ICICIPRAMC - PSUBANKICI,86.73,87.2,86.18,86.53,86.56,155480
2026-09-04,SMALLIETF,ICICIPRAMC - SMALLIETF,18.89,19.0,18.45,18.57,18.54,65128
2026-09-04,TOP15IETF,ICICIPRAMC - TOP15IETF,9.81,9.95,9.78,9.82,9.82,89010
2026-09-04,VAL30IETF,ICICIPRAMC - VAL30IETF,15.24,15.24,15.11,15.19,15.14,111743
2026-09-04,FINIETF,ICICIPRAMC-ICICIFIN,33.46,33.46,32.69,32.95,32.65,174481
2026-09-04,ICRA,ICRA LIMITED,4890.0,4998.2,4866.0,4884.5,4889.3,21042
2026-09-04,IDBI,IDBI BANK LIMITED,92.4,92.4,90.42,90.63,91.97,5012839
2026-09-04,IDEAFORGE,IDEAFORGE TECHNO LTD,783.95,799.0,774.0,777.05,776.55,208626
2026-09-04,IDFCFIRSTB,IDFC FIRST BANK LIMITED,87.81,87.98,86.5,86.71,87.5,15288105
2026-09-04,IFBAGRO,IFB AGRO INDUSTRIES LTD,913.9,916.0,887.3,903.3,889.05,4296
2026-09-04,IFBIND,IFB INDUSTRIES LTD,1317.2,1318.5,1300.5,1305.7,1311.8,19145
2026-09-04,IFCI,IFCI LTD,96.5,107.5,96.41,101.38,95.91,407352536
2026-09-04,IFGLEXPOR,IFGL REFRACTORIES LIMITED,205.5,210.58,202.0,204.69,207.44,22469
2026-09-04,IGARASHI,IGARASHI MOTORS INDIA LTD,416.25,428.0,416.25,422.75,416.25,40948
2026-09-04,IIFLCAPS,IIFL CAPITAL SERVICES LTD,337.4,341.95,337.4,341.2,338.05,330001
2026-09-04,IIFL,IIFL FINANCE LIMITED,645.7,662.9,640.4,651.15,643.4,2119359
2026-09-04,IKIO,IKIO TECHNOLOGIES LIMITED,209.99,222.0,209.2,212.34,208.31,831128
2026-09-04,IVC,IL&FS INVESTMENT MANAGERS,10.84,10.84,10.19,10.24,10.09,1022586
2026-09-04,IMAGICAA,IMAGICAAWORLD ENT LTD,54.4,57.44,53.94,55.38,54.55,2402726
2026-09-04,INCREDIBLE,INCREDIBLE INDUSTRIES LTD,32.13,32.99,31.99,32.54,32.13,5276
2026-09-04,IMPAL,IND MOTOR PART & ACC LTD,1096.0,1129.0,1081.0,1114.6,1087.8,1266
2026-09-04,INDSWFTLAB,IND SWIFT LABORATORIES LT,373.1,373.1,350.0,355.95,372.7,695062
2026-09-04,INDTERRAIN,IND TERRAIN FASHIONS LTD,30.8,30.8,30.05,30.42,30.22,17159
2026-09-04,INDBANK,INDBANK MERCH BANK,29.19,29.19,28.13,28.58,28.71,93377
2026-09-04,BAJAJINDEF,INDEF MANUFACTURING LTD,221.3,224.9,220.53,222.69,220.84,30501
2026-09-04,INDGN,INDEGENE LIMITED,603.15,611.4,598.3,601.5,600.15,804735
2026-09-04,INDNIPPON,INDIA NIPPON ELECT  LTD,1115.1,1175.0,1101.8,1158.2,1109.4,63581
2026-09-04,IPL,INDIA PESTICIDES LIMITED,137.1,138.96,137.1,138.34,137.5,67260
2026-09-04,INDIASHLTR,INDIA SHELTER FIN CORP L,669.05,680.0,669.05,677.1,673.1,70209
2026-09-04,ITDC,INDIA TOUR. DEV. CO. LTD.,643.95,653.0,640.1,644.35,643.35,39915
2026-09-04,IBULLSLTD,INDIABULLS LIMITED,25.92,26.12,25.12,25.67,25.84,7874352
2026-09-04,INDIAMART,INDIAMART INTERMESH LTD,1730.0,1745.0,1722.5,1726.4,1729.5,43854
2026-09-04,INDIANB,INDIAN BANK,883.05,892.4,879.1,879.7,888.75,786614
2026-09-04,INDIANCARD,INDIAN CARD CLOTHING CO.,214.79,225.01,208.61,219.97,214.82,3224
2026-09-04,IEX,INDIAN ENERGY EXC LTD,121.0,121.63,118.51,118.91,119.15,11547227
2026-09-04,INDIANHUME,INDIAN HUME PIPE CO. LTD.,390.6,400.05,383.35,387.8,390.7,56614
2026-09-04,IMFA,INDIAN METALS & FERRO,1293.0,1312.0,1274.2,1288.4,1281.7,162105
2026-09-04,IOC,INDIAN OIL CORP LTD,137.0,137.76,136.87,137.6,137.8,4277697
2026-09-04,IOB,INDIAN OVERSEAS BANK,33.31,33.64,33.02,33.55,33.23,2673908
2026-09-04,IRCTC,INDIAN RAIL TOUR CORP LTD,474.8,479.0,474.05,476.05,474.6,603706
2026-09-04,IRFC,INDIAN RAILWAY FIN CORP L,82.7,83.95,82.7,83.4,82.65,7883831
2026-09-04,IREDA,INDIAN RENEWABLE ENERGY,113.5,114.6,113.25,113.64,113.0,2627200
2026-09-04,IWP,INDIAN WOOD PRODUCTS CO L,34.0,35.49,33.52,34.38,34.08,25747
2026-09-04,INDIGOPNTS,INDIGO PAINTS LIMITED,1183.1,1195.0,1170.0,1185.8,1183.1,94147
2026-09-04,INDIQUBE,INDIQUBE SPACES LIMITED,194.52,195.9,193.0,194.54,193.09,16617
2026-09-04,INDOBORAX,INDO BORAX & CHEMICAL LTD,524.5,524.5,507.15,514.9,512.8,126424
2026-09-04,ICIL,INDO COUNT INDUSTRIES LTD,440.1,457.95,436.3,449.8,437.35,621520
2026-09-04,INDOFARM,INDO FARM EQUIPMENT LTD,135.59,136.59,132.91,134.03,134.54,68314
2026-09-04,INDORAMA,INDO RAMA SYNTHETICS LTD,69.79,74.25,69.55,72.96,68.87,1609101
2026-09-04,INDOTECH,INDO TECH TRANSFORM LTD.,3619.7,3704.0,3606.4,3663.1,3610.7,7508
2026-09-04,INDOTHAI,INDO THAI SEC LTD,35.75,35.75,35.75,35.75,37.63,742070
2026-09-04,INDOUS,INDO US BIOTECH LTD,77.02,79.78,70.0,77.48,78.82,41730
2026-09-04,INDOMIM,INDO-MIM LIMITED,926.0,983.6,926.0,971.5,922.4,4512815
2026-09-04,NIPPOBATRY,INDO-NATIONAL LIMITED,323.75,333.55,323.0,331.75,324.0,2225
2026-09-04,INDOCO,INDOCO REMEDIES LTD.,272.95,274.7,260.59,262.51,272.56,368891
2026-09-04,IGCL,INDOGULF CROPSCIENCES LTD,73.27,73.49,72.34,72.89,73.27,54634
2026-09-04,INDOKEM,INDOKEM LTD.,636.0,640.0,615.1,625.55,628.7,3809
2026-09-04,WAAREEINDO,INDOSOLAR LIMITED,277.95,277.95,268.05,272.0,274.85,75519
2026-09-04,INDOSTAR,INDOSTAR CAPITAL FIN LTD,256.5,261.6,255.0,258.66,255.88,111553
2026-09-04,INDOWIND,INDOWIND ENERGY LTD,9.19,9.2,8.93,9.02,9.05,77378
2026-09-04,IGL,INDRAPRASTHA GAS LTD,150.5,159.5,150.5,158.04,149.42,8174532
2026-09-04,INDRAMEDCO,INDRAPRASTHA MEDICAL CORP,357.7,358.6,348.3,349.7,356.35,311569
2026-09-04,INDUSTOWER,INDUS TOWERS LIMITED,375.0,380.45,374.15,376.8,374.95,1578193
2026-09-04,INDUSINDBK,INDUSIND BANK LIMITED,1004.8,1008.6,998.0,1008.5,1004.8,1321066
2026-09-04,INDPRUD,INDUSTRIAL & PRU INV CO L,6228.0,6390.0,6221.0,6305.0,6325.0,94
2026-09-04,IITL,INDUSTRIAL INV TRUST LTD,151.08,152.65,145.1,146.4,151.92,100778
2026-09-04,NAUKRI,INFO EDGE (I) LTD,1330.5,1349.5,1313.1,1319.8,1330.0,556306
2026-09-04,INFOBEAN,INFOBEANS TECHNO. LTD.,157.0,167.4,157.0,162.08,157.68,750810
2026-09-04,INFOMEDIA,INFOMEDIA PRESS LIMITED,5.18,5.81,5.17,5.35,5.18,22935
2026-09-04,INFY,INFOSYS LIMITED,1133.0,1146.7,1125.4,1130.0,1130.3,5881388
2026-09-04,INGERRAND,INGERSOLL-RAND INDIA LTD,4888.0,4888.0,4830.0,4844.7,4846.4,11320
2026-09-04,INNOVACAP,INNOVA CAPTAB LIMITED,1130.6,1199.9,1118.0,1175.4,1125.4,321751
2026-09-04,INNOVANA,INNOVANA THINKLABS LTD,308.0,315.0,301.0,305.2,308.5,583
2026-09-04,INNOVISION,INNOVISION LIMITED,269.0,269.0,253.6,254.9,255.65,11734
2026-09-04,INOXGREEN,INOX GREEN ENERGY SER LTD,171.01,176.7,168.7,175.1,171.01,1333015
2026-09-04,INOXINDIA,INOX INDIA LIMITED,2223.0,2320.0,2208.0,2247.8,2176.2,1027233
2026-09-04,INOXWIND,INOX WIND LIMITED,74.27,76.5,73.5,74.4,74.0,22688206
2026-09-04,INSECTICID,INSECTICIDES (I) LTD,619.6,624.8,612.2,618.45,614.15,22609
2026-09-04,INA,INSOLATION ENERGY LIMITED,89.22,91.93,89.22,90.24,89.03,481868
2026-09-04,INSPIRISYS,INSPIRISYS SOLUTIONS LTD,94.0,95.77,89.0,89.53,93.03,2978
2026-09-04,ESSENTIA,INTEGRA ESSENTIA LIMITED,1.05,1.08,1.05,1.05,1.05,2849052
2026-09-04,INTELLECT,INTELLECT DESIGN ARENA,680.3,703.65,680.3,686.65,678.3,491572
2026-09-04,INTENTECH,INTENSE TECHNOLOGIES LTD,78.08,85.5,78.08,82.25,79.54,42907
2026-09-04,INTERARCH,INTERARCH BLDNG SOLTN LTD,1692.0,1721.0,1692.0,1707.0,1701.2,33231
2026-09-04,INDIGO,INTERGLOBE AVIATION LTD,4980.0,5035.0,4977.0,4977.0,4980.0,394117
2026-09-04,INTLCONV,INTL CONVEYORS LIMITED,79.88,83.28,79.0,81.18,79.44,92332
2026-09-04,IGIL,INTL GEMOLOGICAL INST LTD,330.0,330.95,322.05,323.5,325.95,369135
2026-09-04,ISFT,INTRASOFT TECH. LTD,85.12,86.79,80.8,81.61,84.79,132771
2026-09-04,INVENTURE,INVENTURE GRO & SEC LTD,0.93,0.95,0.92,0.93,0.92,618481
2026-09-04,IKS,INVENTURUS KNOWLEDGE SO L,1728.5,1799.8,1728.5,1759.9,1732.4,220451
2026-09-04,IVZINGOLD,INVESCO INDIA GOLD ETF,134.9,134.9,133.5,133.95,133.3,9964
2026-09-04,IVZINNIFTY,INVESCO INDIA NIFTY ETF,267.79,277.9,267.79,274.53,274.66,158
2026-09-04,IOLCP,IOL CHEM AND PHARMA LTD,197.0,204.98,192.5,199.95,196.43,5291531
2026-09-04,IONEXCHANG,ION EXCHANGE (INDIA) LTD,384.1,412.0,382.55,409.2,382.2,1293430
2026-09-04,IPRINGLTD,IP RINGS LTD.,163.0,165.95,155.1,159.99,162.07,3047
2026-09-04,IPCALAB,IPCA LABORATORIES LTD,1950.0,1969.0,1944.2,1965.3,1956.1,80401
2026-09-04,IRB,IRB INFRA DEV LTD.,19.85,19.91,19.6,19.65,19.67,6862525
2026-09-04,IRCON,IRCON INTERNATIONAL LTD,119.28,120.79,118.05,119.25,118.69,1686344
2026-09-04,IRISDOREME,IRIS CLOTHINGS LIMITED,60.28,64.13,60.2,63.58,59.98,2431238
2026-09-04,IRIS,IRIS REGTECH SOLUTION LTD,256.0,273.99,256.0,265.92,253.93,92277
2026-09-04,IRMENERGY,IRM ENERGY LIMITED,287.15,287.15,278.65,281.4,283.85,76393
2026-09-04,ISGEC,ISGEC HEAVY ENG LTD,775.55,790.85,773.05,787.35,771.1,30774
2026-09-04,ISHANCH,ISHAN DYES N CHEMICALS L,45.98,46.1,43.55,44.29,45.4,38670
2026-09-04,ITCHOTELS,ITC HOTELS LIMITED,161.0,164.5,160.01,161.23,160.25,2050484
2026-09-04,ITC,ITC LTD,264.0,266.25,262.65,264.1,263.0,9519153
2026-09-04,ITI,ITI LTD,268.5,276.6,268.5,272.5,268.45,264152
2026-09-04,ITL,ITL INDUSTRIES LTD.,370.0,370.0,358.5,364.55,362.4,558
2026-09-04,IVALUE,IVALUE INFOSOLUTIONS LTD,237.04,239.39,228.61,230.26,236.18,133823
2026-09-04,IZMO,IZMO LIMITED,915.0,926.1,900.0,902.45,921.95,87266
2026-09-04,J&KBANK,J & K BANK LTD.,150.45,152.8,149.05,150.02,149.86,1883250
2026-09-04,JGCHEM,J.G.CHEMICALS LIMITED,618.8,622.0,592.45,598.15,612.2,210794
2026-09-04,JAGRAN,JAGRAN PRAKASHAN LIMITED,61.49,61.59,60.93,60.98,61.23,247379
2026-09-04,JAGSNPHARM,JAGSONPAL PHARMACEUTICALS,242.0,243.18,238.81,242.06,243.02,96227
2026-09-04,JAIBALAJI,JAI BALAJI INDUSTRIES LTD,71.08,71.55,69.32,69.73,70.85,293778
2026-09-04,JAICORPLTD,JAI CORP LIMITED,100.1,100.89,99.2,99.52,99.15,246316
2026-09-04,JISLDVREQS,JAIN DVR EQUITY SHARES,21.2,23.34,20.81,21.93,21.03,310219
2026-09-04,JISLJALEQS,JAIN IRRIGATION SYSTEMS,28.29,32.39,28.25,30.87,28.16,29548721
2026-09-04,JAINREC,JAIN RESOURCE RECYCLING L,280.55,282.3,276.15,277.95,279.8,1135766
2026-09-04,JPPOWER,JAIPRAKASH POWER VEN. LTD,16.02,16.43,16.02,16.29,16.14,30695821
2026-09-04,JAMNAAUTO,JAMNA AUTO IND LTD,122.15,122.29,120.36,120.69,122.04,691775
2026-09-04,JSFB,JANA SMALL FIN BANK LTD,534.2,544.0,524.55,535.1,534.2,453979
2026-09-04,JARO,JARO INS OF TEC MG N RE L,455.6,457.8,441.8,445.65,454.4,119338
2026-09-04,JASH,JASH ENGINEERING LIMITED,470.5,489.95,470.5,478.5,464.15,280288
2026-09-04,JAYBARMARU,JAY BHARAT MARUTI LTD,122.4,122.79,121.5,122.29,121.81,141098
2026-09-04,JAYAGROGN,JAYANT AGRO ORGANICS LTD,232.04,235.96,227.01,230.6,230.83,8025
2026-09-04,JAYNECOIND,JAYASWAL NECO INDUSTR LTD,92.0,94.37,85.22,89.04,98.68,49840056
2026-09-04,JAYKAY,JAYKAY ENTERPRISES LTD,165.37,167.88,151.76,153.69,166.46,470358
2026-09-04,JAYSREETEA,JAYSHREE TEA & INDUSTRIES,99.39,101.34,98.0,98.95,99.31,48814
2026-09-04,JBMA,JBM AUTO LIMITED,629.5,633.75,622.05,625.6,629.1,146607
2026-09-04,JSLL,JEENA SIKHO LIFECARE LTD,504.4,529.9,502.15,516.3,501.45,921231
2026-09-04,JENBURPH,JENBURKT PHARMACEUTICAL L,1036.2,1045.0,1030.0,1038.8,1031.5,422
2026-09-04,JETFREIGHT,JET FREIGHT LOGISTICS LTD,21.24,21.44,20.9,21.18,20.91,123233
2026-09-04,JHS,JHS SVEND. LAB. LTD,7.86,8.08,7.81,7.89,7.86,45834
2026-09-04,RETAIL,JHS SVENDGAARD RETAIL V L,17.1,17.44,16.5,17.24,17.45,2441
2026-09-04,JPOLYINVST,JIND POL INV & FIN CO LTD,1010.0,1011.8,992.5,997.45,1006.5,3507
2026-09-04,JINDRILL,JINDAL DRILLING IND. LTD,652.85,672.0,647.0,663.05,649.9,708720
2026-09-04,JINDALPHOT,JINDAL PHOTO LIMITED,1002.1,1049.7,1002.1,1021.2,1026.2,2011
2026-09-04,JINDALPOLY,JINDAL POLY FILMS LIMITED,677.5,687.95,670.0,672.35,683.7,11895
2026-09-04,JINDALSAW,JINDAL SAW LIMITED,312.0,312.0,304.3,305.3,310.85,868641
2026-09-04,JSL,JINDAL STAINLESS LIMITED,738.4,741.25,732.0,737.85,738.4,780597
2026-09-04,JINDALSTEL,JINDAL STEEL LIMITED,1147.0,1170.9,1138.7,1165.0,1145.0,893053
2026-09-04,JINDWORLD,JINDAL WORLDWIDE LTD,49.67,57.78,49.02,57.51,48.15,188275533
2026-09-04,JKIPL,JINKUSHAL INDUSTRIES LTD,107.5,107.5,100.38,100.56,105.66,19248
2026-09-04,JIOFIN,JIO FIN SERVICES LTD,237.8,240.63,237.8,239.5,237.45,11860254
2026-09-04,NIFTYJBLK,JIOBLACKROCKAMC-NIFTYJBLK,12.29,12.57,12.23,12.29,12.29,56629
2026-09-04,JITFINFRA,JITF INFRALOGISTICS LTD,310.5,314.85,300.0,304.5,310.65,23808
2026-09-04,JKCEMENT,JK CEMENT LIMITED,5044.0,5126.0,5025.5,5083.5,5039.5,15032
2026-09-04,JKLAKSHMI,JK LAKSHMI CEMENT LTD,519.0,522.85,512.05,515.7,514.4,512153
2026-09-04,JKPAPER,JK PAPER LIMITED,412.0,413.75,401.6,405.8,410.15,381165
2026-09-04,JKTYRE,JK TYRE & INDUSTRIES LTD,368.9,371.9,366.5,367.35,369.45,360957
2026-09-04,JKIL,JKUMAR INFR.LTD.,488.0,492.95,486.15,487.35,487.7,24845
2026-09-04,JMFINANCIL,JM FINANCIAL LIMITED,134.9,136.3,130.65,132.06,134.53,4507470
2026-09-04,JNKINDIA,JNK INDIA LIMITED,431.5,450.4,431.5,445.05,431.45,128595
2026-09-04,COCKERILL,JOHN COCKERILL INDIA LTD.,8095.0,8230.0,8025.5,8193.5,8080.0,4524
2026-09-04,JSWCEMENT,JSW CEMENT LIMITED,123.5,125.17,123.02,124.07,123.37,1203964
2026-09-04,JSWDULUX,JSW DULUX LIMITED,3167.6,3209.5,3155.6,3174.5,3167.6,24093
2026-09-04,JSWENERGY,JSW ENERGY LIMITED,537.55,540.25,534.25,539.85,539.5,2598872
2026-09-04,JSWHL,JSW HOLDINGS LIMITED,11760.0,11811.0,11360.0,11472.0,11590.0,2952
2026-09-04,JSWINFRA,JSW INFRASTRUCTURE LTD,334.1,337.8,332.5,333.0,334.1,2001532
2026-09-04,JSWSTEEL,JSW STEEL LIMITED,1305.0,1331.7,1300.1,1325.0,1308.0,1094356
2026-09-04,JTEKTINDIA,JTEKT INDIA LIMITED,122.5,123.05,120.71,121.27,121.82,143861
2026-09-04,JTLIND,JTL INDUSTRIES LIMITED,90.0,92.89,89.77,91.67,89.67,2884117
2026-09-04,JUBLCPL,JUBILANT AGRI N CON PRO L,2329.1,2342.6,2203.5,2222.6,2304.8,7185
2026-09-04,JUBLFOOD,JUBILANT FOODWORKS LTD,482.9,488.0,481.35,482.7,482.9,624576
2026-09-04,JUBLINGREA,JUBILANT INGREVIA LIMITED,694.0,697.35,678.0,680.3,690.55,91316
2026-09-04,JUBLPHARMA,JUBILANT PHARMOVA LTD,919.0,930.0,901.2,924.5,907.9,498346
2026-09-04,JMA,JULLUNDUR MOT AGENCY LTD,93.79,93.79,89.0,90.58,92.24,7483
2026-09-04,JNPR,JUNIPER GREEN ENERGY LTD,261.0,273.25,259.6,265.1,259.2,983254
2026-09-04,JUNIPER,JUNIPER HOTELS LIMITED,215.0,220.94,214.5,216.82,217.69,82885
2026-09-04,JLHL,JUPITER LIFE LINE HOSP L,293.35,293.35,284.15,286.45,290.3,102896
2026-09-04,JWL,JUPITER WAGONS LIMITED,240.71,249.0,240.71,243.24,241.09,1056588
2026-09-04,JUSTDIAL,JUSTDIAL LTD.,697.2,697.2,688.1,692.85,697.35,106018
2026-09-04,JYOTHYLAB,JYOTHY LABS LIMITED,201.0,203.55,200.05,201.54,200.5,469980
2026-09-04,JYOTICNC,JYOTI CNC AUTOMATION LTD,1026.85,1043.0,1000.1,1003.9,1026.85,1051995
2026-09-04,JYOTIRES,JYOTI RESINS & ADHESIVE L,877.0,877.0,863.05,868.1,866.35,5189
2026-09-04,JYOTISTRUC,JYOTI STRUCTURES LTD,9.85,10.2,9.6,10.02,9.8,10113711
2026-09-04,KJMCFIN,K J M C FINANCIAL SERV L,66.79,68.0,63.14,63.14,66.46,2504
2026-09-04,KMCSHIL,K M C SPECIALITY HOSP I L,138.0,141.58,136.5,138.24,138.0,94440
2026-09-04,KMSUGAR,K M SUGAR MILLS LTD,32.0,32.33,30.4,30.68,32.0,302618
2026-09-04,KPEL,K.P. ENERGY LIMITED,242.99,253.03,239.28,247.32,240.89,382368
2026-09-04,KABRAEXTRU,KABRA EXTRUSION TECHNIK L,566.0,583.95,560.35,579.15,564.8,130668
2026-09-04,KAJARIACER,KAJARIA CERAMICS LTD,1260.6,1262.0,1235.0,1239.6,1260.6,319639
2026-09-04,KAKATCEM,KAKATIYA CEM SUGAR &IND L,110.7,112.4,108.0,109.6,110.67,2586
2026-09-04,KALPATARU,KALPATARU LIMITED,278.75,280.2,275.0,277.65,276.55,40767
2026-09-04,KPIL,KALPATARU PROJECT INT LTD,1421.1,1449.0,1402.0,1406.6,1417.7,145207
2026-09-04,KALYANKJIL,KALYAN JEWELLERS IND LTD,588.2,604.95,585.3,598.8,585.3,9662044
2026-09-04,KICL,KALYANI INVEST CO LTD,5222.5,5251.0,5200.0,5203.0,5212.5,291
2026-09-04,KSL,KALYANI STEELS LIMITED,956.3,957.2,935.0,940.5,950.2,67652
2026-09-04,KAMAHOLD,KAMA HOLDINGS LTD.,2369.9,2369.9,2340.0,2348.2,2341.1,1979
2026-09-04,KAMANWALA,KAMANWALA HOUSING CONST L,16.5,16.6,16.5,16.59,15.9,7692
2026-09-04,KAMATHOTEL,KAMAT HOTELS (I) LTD,216.96,227.88,215.88,225.51,217.66,107699
2026-09-04,KAMOPAINTS,KAMDHENU VENTURES LIMITED,4.58,4.62,4.49,4.53,4.53,270171
2026-09-04,KANANIIND,KANANI INDUSTRIES LTD,1.51,1.53,1.5,1.52,1.51,144024
2026-09-04,KANCHI,KANCHI KARPOORAM LTD.,396.6,415.0,396.6,409.7,398.55,1607
2026-09-04,KANCOTEA,KANCO TEA & INDS. LTD.,58.4,58.4,53.1,54.85,56.79,28
2026-09-04,KANPRPLA,KANPUR PLASTIPACK LIMITED,263.8,263.8,247.9,250.2,256.4,11967
2026-09-04,KANSAINER,KANSAI NEROLAC PAINTS LTD,195.14,195.9,192.98,194.2,195.11,2465067
2026-09-04,KAPSTON,KAPSTON SERVICES LIMITED,581.35,590.0,571.05,584.05,581.35,70957
2026-09-04,KARMAENG,KARMA ENERGY LIMITED,39.0,39.0,36.8,37.45,37.7,4181
2026-09-04,KTKBANK,KARNATAKA BANK LIMITED,341.0,345.9,338.25,340.1,339.75,1919012
2026-09-04,KARURVYSYA,KARUR VYSYA BANK LTD,354.0,354.0,347.7,348.85,350.0,955056
2026-09-04,KSCL,KAVERI SEED CO. LTD.,748.5,751.8,741.0,744.1,744.8,46257
2026-09-04,KAVDEFENCE,KAVVERI DFS & WIR TEC LTD,56.95,67.38,56.78,67.14,56.15,1505543
2026-09-04,KAYNES,KAYNES TECHNOLOGY IND LTD,3487.8,3617.9,3450.0,3598.0,3485.0,1211084
2026-09-04,KCP,KCP LTD,168.99,170.5,162.04,162.38,168.17,228887
2026-09-04,KDGREEN,KD GREEN INDUSTRIES LTD,55.29,55.29,50.16,50.44,51.81,21136
2026-09-04,KDDL,KDDL LIMITED,3864.9,3963.0,3864.9,3911.0,3855.3,25376
2026-09-04,KEC,KEC INTL. LIMITED,406.15,410.6,403.3,408.55,406.15,777483
2026-09-04,KEI,KEI INDUSTRIES LTD.,5000.0,5028.0,4820.0,4850.0,5327.0,2381568
2026-09-04,KELLTONTEC,KELLTON TECH SOL LTD,13.98,14.25,13.79,13.87,13.99,2178042
2026-09-04,KENNAMET,KENNAMETAL INDIA LIMITED,4551.5,4722.0,4551.0,4688.5,4532.2,21846
2026-09-04,KERNEX,KERNEX MICROSYS(I) LTD,1755.0,1869.7,1754.9,1817.0,1709.6,852400
2026-09-04,KKCL,KEWAL KIRAN CLOTHING LTD,505.95,519.45,499.95,514.3,503.8,34214
2026-09-04,KEYFINSERV,KEYNOTE FIN SERV LTD.,244.2,258.55,243.25,245.05,248.7,2872
2026-09-04,RUSTOMJEE,KEYSTONE REALTORS LIMITED,381.75,381.75,372.25,373.95,381.75,27990
2026-09-04,KFINTECH,KFIN TECHNOLOGIES LIMITED,933.0,947.95,923.55,928.9,927.7,715524
2026-09-04,KHAITANLTD,KHAITAN (INDIA)LTD.,163.0,166.5,160.61,162.0,162.41,2277
2026-09-04,KHAICHEM,KHAITAN CHEM & FERT LTD,54.85,55.54,54.3,54.86,54.83,94220
2026-09-04,KHANDSE,KHANDWALA SECURITIES LTD,18.4,18.41,17.2,18.38,18.11,698
2026-09-04,KLBRENG-B,KILBURN ENGINEERING LTD.,454.0,474.0,452.5,467.85,453.25,303427
2026-09-04,KINGFA,KINGFA SCI & TEC IND LTD.,5910.0,6050.0,5887.0,5932.5,5888.0,8112
2026-09-04,KIOCL,KIOCL LIMITED,382.85,387.9,380.05,382.1,380.55,57868
2026-09-04,KIRANVYPAR,KIRAN VYAPAR LTD.,207.0,207.8,202.7,205.41,207.98,3402
2026-09-04,KIRIINDUS,KIRI INDUSTRIES LIMITED,578.75,599.35,555.1,559.1,578.95,2243746
2026-09-04,KIRLOSBROS,KIRLOSKAR BROTHERS LTD,1885.9,1901.8,1859.8,1862.0,1881.3,19160
2026-09-04,KECL,KIRLOSKAR ELECTRIC CO LTD,125.49,127.07,125.0,126.41,125.2,55192
2026-09-04,KIRLFER,KIRLOSKAR FERROUS IND LTD,459.75,468.9,451.85,459.6,454.55,242037
2026-09-04,KIRLOSIND,KIRLOSKAR INDUSTRIES LTD,3734.0,3783.9,3685.0,3731.5,3724.7,7463
2026-09-04,KIRLOSENG,KIRLOSKAR OIL ENG LTD,2270.0,2279.0,2182.2,2201.9,2267.6,365394
2026-09-04,KIRLPNU,KIRLOSKAR PNEUMATIC COM L,771.0,772.8,754.05,760.45,759.8,137821
2026-09-04,KITEX,KITEX GARMENTS LTD,123.65,130.57,123.65,128.85,123.64,679715
2026-09-04,KNAGRI,KN AGRI RESOURCES LIMITED,210.0,210.0,194.88,199.4,206.23,15550
2026-09-04,KNACK,KNACK PACKAGING LIMITED,190.7,190.7,186.6,187.3,188.37,402969
2026-09-04,KMEW,KNOWLEDGE MARINE & EN W L,3175.0,3175.0,3011.1,3033.4,3150.4,98630
2026-09-04,KNRCON,KNR CONSTRU LTD.,119.8,125.95,118.05,124.66,119.27,2626704
2026-09-04,KOHINOOR,KOHINOOR FOODS LIMITED,33.79,33.79,32.5,32.77,33.52,131797
2026-09-04,KOKUYOCMLN,KOKUYO CAMLIN LIMITED,79.49,81.0,78.61,80.61,78.44,40527
2026-09-04,KOLTEPATIL,KOLTE PATIL DEV. LTD.,450.65,456.5,440.05,441.85,449.55,72213
2026-09-04,KOPRAN,KOPRAN LTD,232.4,242.8,229.29,232.54,232.24,661197
2026-09-04,GOLD1,KOTAK GOLD ETF,128.75,129.99,127.95,128.47,127.48,1165650
2026-09-04,KOTAKBANK,KOTAK MAHINDRA BANK LTD,421.65,425.95,421.65,424.5,421.15,9408316
2026-09-04,NIFTY1,KOTAK NIFTY ETF,265.42,272.7,265.31,265.82,265.42,54358
2026-09-04,PSUBANK,KOTAK PSU BANK,85.6,86.18,85.3,85.53,85.36,235393
2026-09-04,CHEMICAL,KOTAKMAMC - CHEMICAL,30.54,30.54,30.1,30.2,30.29,539227
2026-09-04,ALPHA,KOTAKMAMC - KOTAKALPHA,54.35,54.41,54.01,54.16,54.27,667379
2026-09-04,CONS,KOTAKMAMC - KOTAKCONS,11.97,12.04,11.95,11.98,12.01,14601
2026-09-04,IT,KOTAKMAMC - KOTAKIT,34.44,34.75,34.0,34.09,34.19,153062
2026-09-04,LIQUID1,KOTAKMAMC - KOTAKLIQ,1121.04,1121.45,1121.04,1121.43,1121.04,616507
2026-09-04,LOWVOL1,KOTAKMAMC - KOTAKLOVOL,21.1,21.14,20.88,20.93,21.1,642373
2026-09-04,MIDCAP,KOTAKMAMC - KOTAKMID50,18.89,18.89,17.9,18.51,18.52,695787
2026-09-04,MNC,KOTAKMAMC - KOTAKMNC,34.1,34.1,33.16,33.21,33.27,83789
2026-09-04,SILVER1,KOTAKMAMC - KOTAKSILVE,22.4,22.77,22.4,22.6,22.28,5918854
2026-09-04,NV20,KOTAKMAMC - KTKNV20ETF,14.28,14.28,13.93,13.99,13.94,87237
2026-09-04,MID150,KOTAKMAMC - MID150,23.56,23.71,23.54,23.61,23.63,59978
2026-09-04,MOMENTUM30,KOTAKMAMC - MOMENTUM30,30.79,30.87,30.66,30.81,30.65,21437
2026-09-04,MSCIINDIA,KOTAKMAMC - MSCIINDIA,29.85,29.89,29.71,29.82,29.71,544455
2026-09-04,NEXT50ETF,KOTAKMAMC - NEXT50ETF,73.64,74.0,73.5,73.83,73.64,8527
2026-09-04,NIFTY100EW,KOTAKMAMC - NIFTY100EW,35.0,35.1,34.95,35.06,35.0,16624
2026-09-04,PVTBANK,KOTAKMAMC - PVTBANK,27.92,28.0,27.91,28.0,27.85,722
2026-09-04,QUALITY30,KOTAKMAMC - QUALITY30,20.67,20.8,20.65,20.65,20.75,7309
2026-09-04,BANKNIFTY1,KOTAKMAMC-KOTAKBKETF,60.19,60.19,59.61,59.71,59.75,149995
2026-09-04,KOTIC,KOTHARI INDUSTRIAL CORP L,135.2,135.99,130.25,132.47,134.79,11357
2026-09-04,KOTHARIPET,KOTHARI PETROCHEM LTD,129.56,132.0,129.0,130.56,129.02,51588
2026-09-04,KOTHARIPRO,KOTHARI PRODUCTS LTD,66.9,68.37,66.26,67.39,67.58,3862
2026-09-04,KOVAI,KOVAI MEDICAL CENTER & HO,6140.0,6140.0,5994.0,6062.5,6091.5,1977
2026-09-04,KPIGREEN,KPI GREEN ENERGY LIMITED,303.3,307.95,303.3,307.0,303.25,525172
2026-09-04,KPITTECH,KPIT TECHNOLOGIES LIMITED,584.0,593.6,575.0,575.45,583.5,1239906
2026-09-04,KPRMILL,KPR MILL LTD.,1179.7,1195.0,1168.1,1186.3,1175.4,199902
2026-09-04,KRBL,KRBL LIMITED,425.5,429.65,416.85,421.95,424.9,313910
2026-09-04,KREBSBIO,KREBS BIOCHEMICALS & IND,56.5,56.5,54.45,55.95,54.5,5830
2026-09-04,KRISHANA,KRISHANA PHOSCHEM LIMITED,185.05,188.1,181.98,184.13,186.37,525256
2026-09-04,KRISHIVAL,KRISHIVAL FOODS LIMITED,413.95,419.0,409.25,416.3,413.5,31340
2026-09-04,KRISHNADEF,KRISHNA DEF AND ALD IND L,1011.0,1037.0,1008.0,1013.2,1008.7,67885
2026-09-04,KIMS,KRISHNA INST OF MED SCI L,769.95,778.55,758.55,764.1,767.85,158954
2026-09-04,KRITI,KRITI INDUSTRIES IND LTD,60.11,62.98,59.0,61.6,60.94,23406
2026-09-04,KRITINUT,KRITI NUTRIENTS LIMITED,87.4,87.4,83.0,86.45,83.36,13358
2026-09-04,KRITIKA,KRITIKA WIRES LIMITED,5.49,5.49,5.13,5.37,5.39,76423
2026-09-04,KRN,KRN HEAT EXCHANGE N REF L,1540.9,1581.1,1521.2,1578.7,1505.9,408862
2026-09-04,KROSS,KROSS LIMITED,211.34,217.45,210.25,211.57,211.34,223590
2026-09-04,KRSNAA,KRSNAA DIAGNOSTICS LTD,552.35,564.4,550.05,560.0,550.95,21497
2026-09-04,KRYSTAL,KRYSTAL INTEGRATED SER L,659.2,661.0,650.25,654.6,661.95,8580
2026-09-04,KSB,KSB LIMITED,815.3,817.0,807.0,813.55,810.6,89128
2026-09-04,KSE,KSE LTD.,184.97,184.97,177.0,180.12,180.29,15087
2026-09-04,KSHINTL,KSH INTERNATIONAL LIMITED,1035.1,1098.0,1032.8,1087.8,1022.7,542413
2026-09-04,KSHITIJPOL,KSHITIJ POLYLINE LIMITED,3.15,3.3,3.15,3.3,3.15,2941441
2026-09-04,KSOLVES,KSOLVES INDIA LIMITED,271.0,276.5,270.0,272.05,271.5,16299
2026-09-04,KSR,KSR FOOTWEAR LIMITED,32.5,34.69,31.9,34.61,31.54,388546
2026-09-04,KUANTUM,KUANTUM PAPERS LIMITED,75.2,75.6,73.7,74.18,75.16,61468
2026-09-04,KUSUMGAR,KUSUMGAR LIMITED,577.0,584.7,569.1,571.2,581.65,226964
2026-09-04,KPL,KWALITY PHARMACEUTICALS L,3350.0,3421.7,3211.1,3285.5,3351.7,49245
2026-09-04,KWIL,KWALITY WALL'S (INDIA) L,42.31,42.73,41.8,42.12,42.31,11043010
2026-09-04,LKPSEC,L K P SECURITIES LTD.,15.59,15.99,14.62,15.28,15.02,7614
2026-09-04,LTF,L&T FINANCE LIMITED,317.0,320.5,313.4,314.0,316.9,3279672
2026-09-04,LTTS,L&T TECHNOLOGY SER. LTD.,3520.0,3535.8,3462.0,3493.3,3501.2,51558
2026-09-04,LAOPALA,LA OPALA RG LIMITED,171.56,174.86,171.56,173.9,171.55,75699
2026-09-04,LADDERUP,LADDERUP FINANCE LTD.,50.3,51.45,42.7,51.4,51.7,23
2026-09-04,LAGNAM,LAGNAM SPINTEX LIMITED,74.63,77.27,74.0,74.8,74.4,23024
2026-09-04,LAHOTIOV,LAHOTI OVERSEAS LTD.,46.0,46.0,43.0,43.08,45.08,3701
2026-09-04,LFIC,LAKSHMI FIN IND CORP LTD,140.0,140.0,134.5,134.64,135.28,387
2026-09-04,LAKSHMIMIL,LAKSHMI MILLS CO. LTD.,7621.0,7800.0,7621.0,7621.0,7800.0,29
2026-09-04,LALITHAA,LALITHAA JEWELLERY MART L,283.0,308.3,280.6,306.7,280.3,23781731
2026-09-04,LAMBODHARA,LAMBODHARA TEXTILES LTD.,138.81,139.91,133.96,134.67,137.47,4467
2026-09-04,LANCER,LANCER CONTAINER LINES L,13.19,13.2,12.82,13.03,13.19,603720
2026-09-04,LANCORHOL,LANCOR HOLDINGS LIMITED,35.13,40.88,34.21,40.35,34.75,2381575
2026-09-04,LANDMARK,LANDMARK CARS LIMITED,500.0,516.4,497.0,510.15,498.0,79884
2026-09-04,LPDC,LANDMARK PR.DEV.CO.LTD,7.03,7.06,6.61,6.73,6.69,41802
2026-09-04,LANDSMILL,LANDSMILL GREEN LIMITED,0.67,0.71,0.63,0.63,0.67,10129295
2026-09-04,LT,LARSEN & TOUBRO LTD.,3981.0,3994.9,3964.1,3964.1,3975.0,1319056
2026-09-04,LASA,LASA SUPERGENERICS LTD,6.99,7.0,6.69,6.73,6.82,24575
2026-09-04,LASERPOWER,LASER POWER & INFRA LTD,303.7,305.95,291.5,295.65,301.05,999119
2026-09-04,LATENTVIEW,LATENT VIEW ANALYTICS LTD,267.0,270.8,265.85,267.25,266.0,351722
2026-09-04,LATTEYS,LATTEYS INDUSTRIES LTD,21.49,21.49,20.35,20.5,20.98,44829
2026-09-04,LAURUSLABS,LAURUS LABS LIMITED,1855.0,1871.8,1835.2,1840.0,1868.5,1075943
2026-09-04,LAXMICOT,LAXMI COTSPIN LIMITED,12.58,14.25,12.58,13.73,12.71,72640
2026-09-04,LAXMIDENTL,LAXMI DENTAL LIMITED,199.2,201.0,197.5,199.14,199.2,40392
2026-09-04,LGHL,LAXMI GOLDORNA HOUSE LTD,175.2,183.48,173.26,175.42,178.95,6577
2026-09-04,LAXMIINDIA,LAXMI INDIA FINANCE LTD,128.7,135.0,128.37,132.6,128.13,360742
2026-09-04,LXCHEM,LAXMI ORGANIC INDUS LTD,174.4,176.46,171.7,172.04,175.58,416497
2026-09-04,LCCINFOTEC,LCC INFOTECH LTD,4.07,4.08,3.72,3.81,3.85,44787
2026-09-04,LEMERITE,LE MERITE EXPORTS LIMITED,21.3,21.3,20.56,20.93,21.11,135407
2026-09-04,IXIGO,LE TRAVENUES TECHNOLOGY L,163.76,170.63,163.39,166.75,162.15,3400102
2026-09-04,LEAPIND,LEAP INDIA LIMITED,153.5,155.3,149.5,150.26,152.41,5589910
2026-09-04,THELEELA,LEELA PALACES HOTEL LTD,564.45,567.85,550.0,554.05,566.05,561774
2026-09-04,LEMONTREE,LEMON TREE HOTELS LTD,105.24,107.0,104.77,104.95,104.89,3464757
2026-09-04,LENSKART,LENSKART SOLUTIONS LTD,672.55,694.8,672.55,684.9,672.45,10188245
2026-09-04,LEXUS,LEXUS GRANITO (INDIA) LTD,13.22,13.94,13.22,13.53,13.54,5919
2026-09-04,LGBBROSLTD,LG BALAKRISHNAN & BROS,1716.2,1738.0,1697.0,1702.8,1716.2,50384
2026-09-04,LGEINDIA,LG ELECTRONICS INDIA LTD,1661.2,1672.6,1634.0,1640.7,1662.3,387555
2026-09-04,LIBAS,LIBAS CONSU PRODUCTS LTD,10.65,10.9,10.26,10.46,10.48,19725
2026-09-04,LIBERTSHOE,LIBERTY SHOES LTD,234.31,238.0,231.9,233.27,234.3,15371
2026-09-04,LICHSGFIN,LIC HOUSING FINANCE LTD,554.0,579.4,554.0,562.05,554.0,7126780
2026-09-04,LICMFGOLD,LIC MF - LIC GOLD ETF,138.9,139.7,138.25,138.75,137.5,349843
2026-09-04,LICNETFN50,LICNAMC - LICNFENGP,269.53,270.02,267.59,267.77,267.67,347
2026-09-04,LICNETFSEN,LICNAMC - LICNFESGP,868.17,875.0,860.0,862.89,863.46,22
2026-09-04,LICNFNHGP,LICNAMC - LICNFNHGP,274.66,275.99,270.11,270.61,276.04,386
2026-09-04,LICNETFGSC,LICNAMC - LICNMFET,29.51,29.51,29.26,29.34,29.21,75526
2026-09-04,LICNMID100,LICNAMC - LICNMID100,63.42,64.05,63.42,63.84,63.42,2147
2026-09-04,LICI,LIFE INSURA CORP OF INDIA,416.85,419.3,415.3,415.35,416.9,5411741
2026-09-04,LIKHITHA,LIKHITHA INFRASTRUC LTD,204.54,206.99,203.2,204.8,202.9,27488
2026-09-04,LINC,LINC LIMITED,94.1,96.5,94.1,95.07,94.69,7202
2026-09-04,LINCOLN,LINCOLN PHARMA LTD,627.0,631.0,618.0,620.8,622.65,29091
2026-09-04,LINDEINDIA,LINDE INDIA LIMITED,6409.0,6411.0,6330.0,6346.0,6373.0,9490
2026-09-04,LLOYDSENGG,LLOYDS ENGG WORK LIMITED,85.11,86.63,83.94,84.21,84.95,4801657
2026-09-04,LLOYDSENT,LLOYDS ENTERPRISES LTD,71.79,74.69,71.79,74.23,71.97,3684805
2026-09-04,LLOYDSME,LLOYDS METALS N ENERGY L,1848.7,1850.6,1820.1,1823.0,1848.7,146092
2026-09-04,LMW,LMW LIMITED,19195.0,19195.0,18700.0,18774.0,18993.0,2214
2026-09-04,LODHA,LODHA DEVELOPERS LIMITED,1225.0,1237.8,1209.5,1222.0,1234.0,948334
2026-09-04,LCL,LOHIA CORP LIMITED,560.0,598.0,560.0,581.5,553.45,1628313
2026-09-04,LOKESHMACH,LOKESH MACHINES LTD,378.8,378.8,362.2,364.6,360.3,56473
2026-09-04,LORDSCHLO,LORDS CHLORO ALKALI LTD,142.0,148.34,142.0,146.6,141.55,40550
2026-09-04,LAL,LORENZINI APPARELS LTD,8.81,9.15,8.81,8.91,9.0,30223
2026-09-04,LOTUSCHO,LOTUS CHOCOLATE CO. LTD.,635.0,649.95,624.0,630.4,650.95,4002
2026-09-04,LOTUSEYE,LOTUS EYE HOSP & INST L,109.9,110.45,108.3,109.43,109.28,8350
2026-09-04,LOVABLE,LOVABLE LINGERIE LTD,72.85,72.85,70.57,71.37,72.21,5969
2026-09-04,LOYALTEX,LOYAL TEXTILE MILLS LTD,210.0,221.82,206.0,218.14,211.82,2285
2026-09-04,LTFOODS,LT FOODS LIMITED,442.45,448.9,439.0,444.8,442.55,450291
2026-09-04,LTM,LTM LIMITED,4570.3,4656.3,4545.3,4554.0,4560.0,243635
2026-09-04,LUMAXTECH,LUMAX AUTO TECH LTD,1995.2,2010.0,1942.9,1951.9,1985.4,81128
2026-09-04,LUMAXIND,LUMAX INDUSTRIES LTD,6450.0,6450.0,6107.5,6181.5,6380.5,15590
2026-09-04,LUMINO,LUMINO INDUSTRIES LIMITED,112.4,122.0,111.22,114.5,110.32,139069849
2026-09-04,LUPIN,LUPIN LIMITED,2140.1,2148.0,2100.6,2110.0,2132.0,862828
2026-09-04,LUXIND,LUX INDUSTRIES LIMITED,1170.1,1191.9,1170.1,1175.1,1171.7,9331
2026-09-04,MBEL,M AND B ENGINEERING LTD,276.95,277.0,268.0,270.15,275.45,74971
2026-09-04,MKEXIM,M K EXIM (INDIA) LTD.,61.89,63.0,60.24,62.18,60.18,17942
2026-09-04,MKPL,M K PROTEINS LIMITED,4.06,4.12,3.92,4.02,4.06,143996
2026-09-04,MCL,M TEK COPPER LIMITED,58.0,58.9,57.21,58.3,58.5,25283
2026-09-04,M&MFIN,M&M FIN. SERVICES LTD,379.0,380.95,371.5,373.65,376.05,2628655
2026-09-04,MAANALU,MAAN ALUMINIUM LIMITED,120.15,123.0,117.21,117.9,120.77,74246
2026-09-04,MCCHRLS-B,MAC CHARLES (INDIA) LTD.,682.6,682.6,656.05,670.0,679.95,310
2026-09-04,MACPOWER,MACPOWER CNC MACHINES LTD,1955.8,1960.0,1860.0,1904.9,1944.1,38330
2026-09-04,MADHAVIPL,MADHAV INFRA PROJECTS L,7.92,8.3,7.92,7.98,7.92,78511
2026-09-04,MADHAV,MADHAV MARBLE & GRANITE,36.7,36.7,34.11,35.36,34.84,6274
2026-09-04,MBAPL,MADHYA BHARAT AGRO P. LTD,162.08,167.39,160.73,166.12,162.08,983522
2026-09-04,MADRASFERT,MADRAS FERTILISERS LTD,65.34,65.75,65.08,65.12,65.13,26810
2026-09-04,MAFATIND,MAFATLAL INDUSTRIES LTD.,124.77,124.77,120.35,121.66,123.24,25114
2026-09-04,MAGADSUGAR,MAGADH SUGAR & ENERGY LTD,568.0,568.0,546.0,552.05,566.7,19463
2026-09-04,MCLOUD,MAGELLANIC CLOUD LIMITED,26.51,26.67,26.25,26.29,26.46,1615599
2026-09-04,MAGNUM,MAGNUM VENTURES LTD.,18.82,19.49,18.82,19.0,19.0,7566
2026-09-04,MAHAPEXLTD,MAHA RASHTRA APEX COPR. L,54.7,54.75,53.01,53.51,54.72,6664
2026-09-04,MFML,MAHALAXMI FABRIC MILLS LT,18.63,18.8,18.12,18.59,18.36,3002
2026-09-04,MGL,MAHANAGAR GAS LTD.,1067.0,1101.6,1067.0,1096.6,1066.4,288338
2026-09-04,MTNL,MAHANAGAR TELEPHONE NIGAM,26.59,26.98,26.47,26.55,26.42,518060
2026-09-04,MAHSCOOTER,MAHARASHTRA SCOOTERS LTD,13727.0,13727.0,13590.0,13602.0,13639.0,1009
2026-09-04,MAHSEAMLES,MAHARASHTRA SEAMLESS LTD,654.75,695.8,651.5,688.1,653.5,1179393
2026-09-04,M&M,MAHINDRA & MAHINDRA LTD,3158.7,3185.3,3144.2,3170.0,3150.0,1489449
2026-09-04,MAHEPC,MAHINDRA EPC IRRIG LTD,103.3,104.9,103.2,103.62,103.25,7636
2026-09-04,MHRIL,MAHINDRA HOLIDAYS LTD,208.0,211.0,206.55,207.4,207.91,155829
2026-09-04,MAHLIFE,MAHINDRA LIFESPACE DEVLTD,365.0,366.7,360.15,362.4,363.1,37464
2026-09-04,MAHLOG,MAHINDRA LOGISTIC LIMITED,400.85,410.15,399.55,405.35,400.3,130587
2026-09-04,MAITHANALL,MAITHAN ALLOYS LTD,1044.0,1105.0,1035.5,1090.55,1038.5,400161
2026-09-04,MAKERSL,MAKERS LABORATORIES LTD.,206.85,206.85,188.4,189.9,200.77,6513
2026-09-04,MALLCOM,MALLCOM (INDIA) LIMITED,1040.0,1040.0,998.8,1018.15,998.8,1900
2026-09-04,MALUPAPER,MALU PAPER MILLS LIMITED,32.97,32.97,31.15,31.65,32.44,8353
2026-09-04,MAMATA,MAMATA MACHINERY LIMITED,404.55,417.0,401.75,412.55,404.55,39601
2026-09-04,MANAKCOAT,MAN COAT METAL & IND LTD,119.91,122.55,119.35,121.8,120.65,144960
2026-09-04,MANINDS,MAN INDUSTRIES (I) LTD.,801.0,807.75,781.5,788.55,793.4,505736
2026-09-04,MANINFRA,MAN INFRA LTD,126.0,128.3,123.78,124.8,124.59,1748780
2026-09-04,MANAKALUCO,MANAK ALUMINIUM CO. LTD.,37.68,38.31,37.6,38.1,37.68,34763
2026-09-04,MANAKSIA,MANAKSIA LTD.,59.69,63.89,59.2,63.05,59.12,235473
2026-09-04,MANAKSTEEL,MANAKSIA STEELS LTD,109.0,113.0,106.35,107.3,111.91,171136
2026-09-04,MANALIPETC,MANALI PETROCHEMICALS LT,89.56,90.61,86.0,86.76,89.73,6435710
2026-09-04,MANAPPURAM,MANAPPURAM FINANCE LTD,345.05,345.2,338.2,339.7,341.0,2017457
2026-09-04,MANBA,MANBA FINANCE LIMITED,131.5,133.32,128.5,128.95,129.45,26727
2026-09-04,MANCREDIT,MANGAL CREDIT N FINCORP L,233.82,235.38,227.01,228.33,231.4,6769
2026-09-04,MEIL,MANGAL ELECTRICAL IND L,286.9,295.45,280.0,285.1,283.75,99521
2026-09-04,MANGLMCEM,MANGALAM CEMENT LTD,1098.0,1114.0,1081.7,1095.2,1098.2,64519
2026-09-04,MANGALAM,MANGALAM DRUG & CHEM LTD,30.9,30.9,29.9,30.02,30.3,18726
2026-09-04,MANORG,MANGALAM ORGANICS LIMITED,487.8,513.0,484.2,489.5,490.25,16738
2026-09-04,MSL,MANGALAM SEEDS LTD.,145.0,149.0,137.53,142.22,137.53,1952
2026-09-04,MWL,MANGALAM WORLDWIDE LTD,39.7,39.7,37.6,38.56,39.08,243445
2026-09-04,MANIPALHOS,MANIPAL HEALTH ENTERPRI L,729.0,738.0,720.5,725.2,726.0,1177059
2026-09-04,MANKIND,MANKIND PHARMA LIMITED,2366.5,2390.0,2317.0,2327.9,2368.8,122389
2026-09-04,MVGJL,MANOJ VAIBHAV GEM N JEW L,172.1,187.8,172.1,179.9,171.97,1146917
2026-09-04,MANOMAY,MANOMAY TEX INDIA LTD,232.0,237.8,224.5,234.97,226.83,390666
2026-09-04,MANORAMA,MANORAMA INDUSTRIES LTD,1984.0,2017.5,1957.7,1993.4,1966.3,521970
2026-09-04,MARALOVER,MARAL OVERSEAS LTD,55.0,65.69,55.0,61.83,55.26,313426
2026-09-04,MARATHON,MARATHON NXTGEN REALT LTD,436.05,450.0,434.0,437.9,434.95,388461
2026-09-04,MARICO,MARICO LIMITED,824.05,824.7,814.1,815.15,827.4,1021459
2026-09-04,MARINE,MARINE ELECTRICAL (I) LTD,432.0,442.95,426.7,432.15,430.4,826123
2026-09-04,MARKOLINES,MARKOLINES PAVEMENT TEC L,171.47,173.15,170.0,171.89,171.34,251690
2026-09-04,MARKSANS,MARKSANS PHARMA LIMITED,333.0,335.45,323.45,326.75,332.2,1654370
2026-09-04,MARSONS,MARSONS LIMITED,125.89,140.73,125.3,137.56,125.53,12724657
2026-09-04,MARUTI,MARUTI SUZUKI INDIA LTD.,12880.0,12880.0,12656.0,12694.0,12857.0,322752
2026-09-04,MASFIN,MAS FINANCIAL SERV LTD,295.0,296.85,292.8,295.0,292.7,69659
2026-09-04,MASKINVEST,MASK INVESTMENTS LIMITED,140.0,150.72,140.0,148.64,143.55,22
2026-09-04,MASTEK,MASTEK LTD,1815.0,1831.9,1752.9,1772.9,1792.6,94020
2026-09-04,MASTERTR,MASTER TRUST LIMITED,81.05,95.5,81.05,89.16,81.03,8360812
2026-09-04,MATRIMONY,MATRIMONY.COM LIMITED,532.25,533.9,524.0,529.05,529.6,7124
2026-09-04,MAWANASUG,MAWANA SUGARS LIMITED,146.0,146.98,143.2,145.43,146.27,186868
2026-09-04,MAXESTATES,MAX ESTATES LIMITED,535.0,546.85,529.0,542.1,530.7,111898
2026-09-04,MFSL,MAX FINANCIAL SERV LTD,1537.0,1569.0,1531.4,1548.4,1537.0,543214
2026-09-04,MAXHEALTH,MAX HEALTHCARE INS LTD,994.9,1001.3,981.1,984.8,994.9,1167047
2026-09-04,MAXIND,MAX INDIA LIMITED,154.0,154.58,150.1,150.66,152.89,24712
2026-09-04,MAYURUNIQ,MAYUR UNIQUOTERS LTD,730.0,737.5,727.5,734.85,728.8,29504
2026-09-04,MAZDOCK,MAZAGON DOCK SHIPBUIL LTD,2489.0,2546.6,2475.0,2475.0,2474.0,735425
2026-09-04,MBLINFRA,MBL INFRASTRUCTURE LTD,25.0,25.0,24.0,24.3,24.44,25935
2026-09-04,MCLEODRUSS,MCLEOD RUSSEL INDIA LTD.,46.41,47.99,46.0,46.3,46.61,185910
2026-09-04,MEDIASSIST,MEDI ASSIST HEALTH SER L,341.65,348.5,338.5,340.35,343.95,433407
2026-09-04,MEDICAPQ,MEDI CAPS LTD.,26.9,26.9,25.16,26.29,25.08,1645
2026-09-04,MMWL,MEDIA MATRIX WORLDWIDE L,14.1,14.59,14.1,14.53,14.07,8751
2026-09-04,MEDICAMEQ,MEDICAMEN BIOTECH LIMITED,262.0,276.8,260.65,270.25,259.4,118422
2026-09-04,MEDICO,MEDICO REMEDIES LIMITED,39.4,40.19,39.0,39.87,39.5,52932
2026-09-04,MEDPLUS,MEDPLUS HEALTH SERV LTD,660.65,691.35,650.2,676.35,660.65,310867
2026-09-04,MEESHO,MEESHO LIMITED,209.74,216.67,207.87,209.0,209.74,22949812
2026-09-04,MEGASTAR,MEGASTAR FOODS LIMITED,301.05,309.65,301.05,307.6,304.1,2947
2026-09-04,MOL,MEGHMANI ORGANICS LIMITED,68.23,68.75,66.28,66.66,67.52,1538689
2026-09-04,MIIL,MEGHNA INFRACON INFRA L,722.0,722.35,711.85,717.05,718.4,82890
2026-09-04,MENNPIS,MENON PISTONS LTD.,74.82,79.46,74.78,77.64,74.82,261863
2026-09-04,MERCANTILE,MERCANTILE VENTURES LTD.,26.9,26.9,24.49,25.45,25.55,550263
2026-09-04,MERCURYEV,MERCURY EV-TECH LIMITED,37.91,37.93,36.12,36.74,36.67,41943
2026-09-04,METROBRAND,METRO BRANDS LIMITED,915.65,935.0,909.0,929.15,915.65,39468
2026-09-04,METROGLOBL,METROGLOBAL LTD.,137.0,139.5,133.25,136.14,137.0,601
2026-09-04,METROPOLIS,METROPOLIS HEALTHCARE LTD,593.4,593.4,584.9,588.7,591.9,239323
2026-09-04,MIDWESTLTD,MIDWEST LIMITED,1064.9,1065.0,1053.0,1062.1,1054.3,7030
2026-09-04,MLKFOOD,MILKFOOD LTD.,83.55,85.0,82.5,83.63,82.62,1824
2026-09-04,MILKYMIST,MILKY MIST DAIRY FOOD L,255.0,260.59,249.5,252.43,252.89,14599282
2026-09-04,MINDACORP,MINDA CORPORATION LTD,709.75,709.8,695.25,702.8,706.5,199782
2026-09-04,MINDTECK,MINDTECK (INDIA) LIMITED,168.0,170.98,167.15,168.81,168.22,17432
2026-09-04,ALPHAETF,MIRAEAMC - ALPHAETF,26.5,26.71,26.49,26.58,26.52,481962
2026-09-04,BANKETF,MIRAEAMC - BANKETF,588.93,588.93,585.01,586.33,586.0,18870
2026-09-04,BANKPSU,MIRAEAMC - BANKPSU,86.38,86.74,86.1,86.14,86.33,11350
2026-09-04,CONSUMER,MIRAEAMC - CONSUMER,12.45,12.45,12.0,12.03,12.02,487786
2026-09-04,DEFENCE,MIRAEAMC - DEFENCE,81.75,82.57,81.59,81.99,81.45,239629
2026-09-04,DIVIDEND,MIRAEAMC - DIVIDEND,35.72,35.72,35.49,35.62,35.55,2476
2026-09-04,ENERGY,MIRAEAMC - ENERGY,38.49,38.81,38.3,38.41,38.41,274108
2026-09-04,EQUAL200,MIRAEAMC - EQUAL200,13.95,13.95,13.81,13.82,13.83,10167
2026-09-04,EQUAL50,MIRAEAMC - EQUAL50,329.56,330.22,329.4,330.22,329.56,444
2026-09-04,EVINDIA,MIRAEAMC - EVINDIA,32.8,32.8,32.38,32.44,32.67,304394
2026-09-04,HEALTHCARE,MIRAEAMC - HEALTHCARE,22.06,22.06,21.48,21.51,21.63,20094
2026-09-04,HYBRIDETF,MIRAEAMC - HYBRIDETF,10.27,10.27,10.03,10.03,10.07,41052
2026-09-04,INFRA,MIRAEAMC - INFRA,12.21,12.21,12.01,12.04,12.03,14437
2026-09-04,INTERNET,MIRAEAMC - INTERNET,14.65,14.74,14.44,14.61,14.52,534263
2026-09-04,ITETF,MIRAEAMC - ITETF,33.05,33.17,32.5,32.54,32.69,127150
2026-09-04,LARGEMID50,MIRAEAMC - LARGEMID50,36.36,36.42,36.27,36.39,36.36,2309
2026-09-04,LIQUID,MIRAEAMC - LIQUID,999.99,1000.0,999.99,999.99,999.99,328991
2026-09-04,LIQUIDPLUS,MIRAEAMC - LIQUIDPLUS,1101.95,1102.03,1101.95,1102.01,1101.63,233686
2026-09-04,ESG,MIRAEAMC - MAESGETF,41.16,41.2,41.0,41.15,41.07,2704
2026-09-04,MAFANG,MIRAEAMC - MAFANG,207.56,207.56,207.56,207.56,207.08,59968
2026-09-04,BFSI,MIRAEAMC - MAFSETF,27.61,27.61,27.02,27.17,27.02,323149
2026-09-04,GOLDETF,MIRAEAMC - MAGOLDETF,148.61,150.73,148.61,149.46,148.23,1811520
2026-09-04,GSEC10YEAR,MIRAEAMC - MAGS813ETF,30.53,30.53,30.22,30.37,30.5,616
2026-09-04,MAHKTECH,MIRAEAMC - MAHKTECH,22.1,22.1,22.1,22.1,22.26,436637
2026-09-04,MIDCAPETF,MIRAEAMC - MAM150ETF,24.23,24.23,23.7,23.73,23.75,1238138
2026-09-04,MAKEINDIA,MIRAEAMC - MAMFGETF,165.42,165.79,165.06,165.23,165.47,32053
2026-09-04,NIFTYETF,MIRAEAMC - MAN50ETF,260.99,261.45,259.58,260.69,260.05,110752
2026-09-04,LOWVOL,MIRAEAMC - MANV30F,204.13,204.13,204.13,204.13,205.78,1
2026-09-04,NEXT50,MIRAEAMC - MANXT50,758.91,758.91,754.01,755.1,755.13,85666
2026-09-04,SILVERAG,MIRAEAMC - MASILVER,229.69,229.69,225.34,227.02,224.43,122655
2026-09-04,MASPTOP50,MIRAEAMC - MASPTOP50,79.86,79.86,79.86,79.86,79.26,25819
2026-09-04,METAL,MIRAEAMC - METAL,13.62,13.62,13.28,13.46,13.29,1538895
2026-09-04,MIDSMALL,MIRAEAMC - MIDSMALL,52.07,53.07,51.7,51.82,52.03,148865
2026-09-04,MOMMIDCAP,MIRAEAMC - MOMMIDCAP,13.01,13.07,12.98,12.99,13.02,463054
2026-09-04,MULTICAP,MIRAEAMC - MULTICAP,16.83,16.84,16.76,16.79,16.75,75191
2026-09-04,SELECTIPO,MIRAEAMC - SELECTIPO,48.7,48.96,48.58,48.65,48.72,61110
2026-09-04,SENSEXETF,MIRAEAMC - SENSEXETF,79.5,79.5,79.07,79.2,79.12,14854
2026-09-04,SMALL250,MIRAEAMC - SMALL250,18.75,18.75,18.51,18.54,18.51,194876
2026-09-04,SMALLCAP,MIRAEAMC - SMALLCAP,49.25,49.4,47.73,48.9,49.06,3500382
2026-09-04,TOP20,MIRAEAMC - TOP20,8.9,8.91,8.86,8.88,8.88,28580
2026-09-04,VALUE,MIRAEAMC - VALUE,16.12,16.17,16.07,16.15,16.09,15902
2026-09-04,MIRZAINT,MIRZA INTERNATIONAL LIMIT,30.7,31.5,30.7,30.96,30.99,65986
2026-09-04,MIDHANI,MISHRA DHATU NIGAM LTD,417.0,428.2,416.3,418.8,416.9,562610
2026-09-04,MITTAL,MITTAL LIFE STYLE LIMITED,0.8,0.82,0.78,0.8,0.78,713212
2026-09-04,MMFL,MM FORGINGS LTD,643.8,649.9,620.0,630.1,641.8,163248
2026-09-04,MMP,MMP INDUSTRIES LIMITED,399.9,404.95,383.35,404.15,395.95,112103
2026-09-04,MMTC,MMTC LIMITED,62.61,66.2,62.53,64.18,62.32,8443462
2026-09-04,MODTHREAD,MODERN THREADS INDIA LTD,53.0,55.98,53.0,54.37,53.39,12306
2026-09-04,MODINATUR,MODI NATURALS LIMITED,345.1,345.1,328.0,340.95,334.3,3782
2026-09-04,MODIRUBBER,MODI RUBBER LTD,135.38,135.38,130.42,131.3,131.83,1186
2026-09-04,MODIS,MODIS NAVNIRMAN LTD,377.5,383.8,376.6,380.85,379.1,11292
2026-09-04,MODISONLTD,MODISON LIMITED,479.2,494.65,469.95,469.95,494.65,412447
2026-09-04,MOHITIND,MOHIT INDUSTRIES LTD,24.99,24.99,23.37,23.78,23.72,10348
2026-09-04,MOHITE,MOHITE INDUSTRIES LTD.,2.8,2.84,2.6,2.79,2.8,133842
2026-09-04,MOIL,MOIL LIMITED,252.7,253.7,249.97,252.3,250.68,505504
2026-09-04,MOKSH,MOKSH ORNAMENTS LIMITED,9.99,10.2,9.99,10.07,9.98,112542
2026-09-04,MOLBIO,MOLBIO DIAGNOSTICS LTD,1139.9,1177.0,1117.2,1160.5,1135.2,594273
2026-09-04,MOLDTKPAC,MOLD-TEK PACKAGING LTD,702.85,710.05,700.0,706.65,699.6,36489
2026-09-04,MONARCH,MONARCH NETWORTH CAP LTD,380.1,382.65,373.0,377.9,381.3,77678
2026-09-04,MONEYBOXX,MONEYBOXX FINANCE LIMITED,56.93,68.66,56.93,58.8,57.22,92042
2026-09-04,MONTECARLO,MONTE CARLO FASHIONS LTD.,567.4,577.0,562.15,574.5,564.45,53976
2026-09-04,MOREPENLAB,MOREPEN LAB. LTD,117.91,118.0,112.55,113.74,117.45,17563502
2026-09-04,MOSCHIP,MOSCHIP TECHNOLOGIES LTD,213.56,215.19,211.11,212.22,213.57,1176516
2026-09-04,MSUMI,MOTHERSON SUMI WRNG IND L,36.81,37.05,36.18,36.52,37.03,12064648
2026-09-04,MOM100,MOTILAL OS MIDCAP100 ETF,68.6,68.73,68.0,68.18,68.18,153254
2026-09-04,MON100,MOTILAL OS NASDAQ100 ETF,324.67,324.67,324.67,324.67,323.86,70173
2026-09-04,MOTILALOFS,MOTILAL OSWAL FIN LTD,1023.0,1040.8,1022.8,1037.0,1012.8,807197
2026-09-04,MOM50,MOTILAL OSWAL M50 ETF,250.29,252.0,250.29,251.47,250.41,1830
2026-09-04,MOGSEC,MOTILALAMC - G5,65.38,65.7,65.34,65.69,65.4,1982
2026-09-04,MOALPHA50,MOTILALAMC - MOALPHA50,56.36,57.5,56.16,56.36,56.62,5914
2026-09-04,MOBANK10,MOTILALAMC - MOBANK10,17.0,17.0,16.85,16.95,16.9,868
2026-09-04,MOCAPITAL,MOTILALAMC - MOCAPITAL,55.14,55.14,54.02,54.5,53.8,682395
2026-09-04,MODEFENCE,MOTILALAMC - MODEFENCE,106.9,107.97,106.5,107.14,106.05,3442112
2026-09-04,MOENERGY,MOTILALAMC - MOENERGY,38.0,38.99,37.86,38.42,38.31,118745
2026-09-04,MOGOLD,MOTILALAMC - MOGOLD,150.55,153.0,150.55,151.75,150.65,39281
2026-09-04,MOHEALTH,MOTILALAMC - MOHEALTH,52.68,52.68,51.67,51.84,52.17,31140
2026-09-04,MOINFRA,MOTILALAMC - MOINFRA,58.7,58.7,58.45,58.68,58.66,1827
2026-09-04,MOIPO,MOTILALAMC - MOIPO,48.69,51.0,48.65,49.15,48.74,23258
2026-09-04,MOLOWVOL,MOTILALAMC - MOLOWVOL,36.09,36.21,35.97,36.12,36.35,3927
2026-09-04,MOMENTUM50,MOTILALAMC - MOMENTUM50,54.54,54.55,53.78,54.38,54.25,675732
2026-09-04,MOMETAL,MOTILALAMC - MOMETAL,13.21,13.41,13.16,13.32,13.16,9735
2026-09-04,MOMGF,MOTILALAMC - MOMGF,161.93,170.0,161.93,165.66,162.74,315
2026-09-04,MOMIDMTM,MOTILALAMC - MOMIDMTM,64.7,64.89,64.5,64.55,64.7,59852
2026-09-04,MOMNC,MOTILALAMC - MOMNC,33.0,33.0,32.15,32.19,32.29,2895
2026-09-04,MOMOMENTUM,MOTILALAMC - MOMOMENTUM,61.92,62.62,61.56,62.27,62.18,43375
2026-09-04,MON50EQUAL,MOTILALAMC - MON50EQUAL,33.3,33.3,32.98,33.17,33.16,6254
2026-09-04,MONEXT50,MOTILALAMC - MONEXT50,73.05,73.33,72.84,73.14,73.05,1755
2026-09-04,MONIFTY100,MOTILALAMC - MONIFTY100,25.28,25.35,25.2,25.32,25.17,23737
2026-09-04,MONIFTY500,MOTILALAMC - MONIFTY500,23.8,23.93,23.8,23.91,23.8,249509
2026-09-04,MONQ50,MOTILALAMC - MONQ50,141.93,141.93,141.93,141.93,141.73,17832
2026-09-04,MOOILGAS,MOTILALAMC - MOOILGAS,11.21,11.29,11.19,11.29,11.21,6633
2026-09-04,MOPSE,MOTILALAMC - MOPSE,99.46,102.5,99.42,101.57,99.4,217
2026-09-04,MOQUALITY,MOTILALAMC - MOQUALITY,199.49,199.53,198.14,198.73,199.01,1467
2026-09-04,MOREALTY,MOTILALAMC - MOREALTY,92.0,92.55,90.12,90.84,91.75,2200446
2026-09-04,MOSERVICE,MOTILALAMC - MOSERVICE,30.91,30.99,30.9,30.91,30.64,4297
2026-09-04,MOSILVER,MOTILALAMC - MOSILVER,231.14,231.15,228.28,230.02,227.19,20361
2026-09-04,MOSMALL250,MOTILALAMC - MOSMALL250,18.96,18.96,18.45,18.52,18.55,1698632
2026-09-04,MOTOUR,MOTILALAMC - MOTOUR,78.21,78.21,77.63,77.74,77.89,14189
2026-09-04,MOVALUE,MOTILALAMC - MOVALUE,115.0,115.0,112.8,113.26,112.8,33586
2026-09-04,MOTISONS,MOTISONS JEWELLERS LTD,15.21,17.5,15.21,16.48,15.37,123701270
2026-09-04,MPHASIS,MPHASIS LIMITED,2482.0,2502.7,2417.3,2422.0,2471.0,160732
2026-09-04,MPSLTD,MPS LIMITED,2633.6,2700.0,2631.6,2658.9,2620.6,15166
2026-09-04,MRF,MRF LTD,130950.0,131080.0,129705.0,129945.0,130510.0,4656
2026-09-04,MRPL,MRPL,176.4,178.9,174.25,174.83,175.99,3031271
2026-09-04,BECTORFOOD,MRS BECTORS FOOD SPE LTD,230.01,231.7,225.16,225.96,229.41,493507
2026-09-04,MSPL,MSP STEEL & POWER LTD.,35.79,35.8,35.01,35.4,35.34,334614
2026-09-04,MSTCLTD,MSTC LIMITED,746.55,749.0,724.0,734.2,744.25,159233
2026-09-04,MUFIN,MUFIN GREEN FINANCE LTD,137.45,138.78,136.42,137.56,136.92,1131652
2026-09-04,MUKANDLTD,MUKAND LTD.,133.49,134.9,132.81,134.44,132.97,44731
2026-09-04,MUKESHB,MUKESH BABU FINANC SER L,134.0,134.0,133.9,133.91,134.0,312
2026-09-04,MUKKA,MUKKA PROTEINS LIMITED,29.99,32.44,28.96,31.34,28.72,6910108
2026-09-04,MCX,MULTI COMMODITY EXCHANGE,3187.8,3287.4,3165.6,3275.4,3170.2,2485731
2026-09-04,MUNJALAU,MUNJAL AUTO IND. LTD.,113.45,114.99,111.34,112.28,112.92,317397
2026-09-04,MUNJALSHOW,MUNJAL SHOWA LTD,129.27,130.8,128.1,129.21,129.27,19122
2026-09-04,MURUDCERA,MURUDESHWAR CERAMICS LTD,30.45,30.48,29.45,29.66,29.97,15994
2026-09-04,RADIOCITY,MUSIC BROADCAST LIMITED,6.21,6.38,6.21,6.28,6.24,60215
2026-09-04,MUTHOOTCAP,MUTHOOT CAP SERV LTD,248.0,249.88,238.9,241.72,243.75,9133
2026-09-04,MUTHOOTFIN,MUTHOOT FINANCE LIMITED,2971.0,2979.9,2913.0,2913.8,2926.5,583485
2026-09-04,MUTHOOTMF,MUTHOOT MICROFIN LIMITED,208.99,209.55,204.8,205.29,206.89,177382
2026-09-04,MVELECTRO,MV ELECTROSYSTEMS LIMITED,730.65,752.4,710.0,729.7,730.65,3173336
2026-09-04,NRAIL,N R AGARWAL INDS LTD,498.95,595.25,496.05,584.0,496.05,157426
2026-09-04,NTCIND,N T C INDUSTRIES LTD.,139.0,139.0,130.26,133.16,132.95,7739
2026-09-04,NBIFIN,N.B.I. IND. FIN. CO. LTD,1971.7,1998.6,1960.0,1981.9,1983.4,5313
2026-09-04,NACLIND,NACL INDUSTRIES LIMITED,166.0,168.45,165.21,166.84,166.45,220617
2026-09-04,NDGL,NAGA DHUNSERI GROUP LTD,2760.0,2840.0,2735.5,2787.7,2757.6,392
2026-09-04,NAGREEKCAP,NAGREEKA CAP & INFR.LTD,22.87,23.34,22.22,23.25,22.87,2918
2026-09-04,NAGREEKEXP,NAGREEKA EXPORTS LTD.,21.1,25.0,20.81,24.1,21.3,411783
2026-09-04,NAHARCAP,NAHAR CAP & FIN.,259.5,261.9,258.0,261.75,259.5,798
2026-09-04,NAHARINDUS,NAHAR INDS ENT LTD,137.96,139.23,136.23,137.63,137.96,17477
2026-09-04,NAHARPOLY,NAHAR POLY FILMS LIMITED,247.86,247.86,239.4,244.54,248.39,12772
2026-09-04,NAHARSPING,NAHAR SPINNING MILLS LTD.,295.7,296.0,288.1,289.8,293.0,36995
2026-09-04,NGIL,NAKODA GROUP OF IND. LTD,41.04,41.04,39.55,40.58,40.24,5259
2026-09-04,NSIL,NALWA SONS INVESTMENT LTD,5683.0,5799.0,5636.0,5721.5,5683.0,4333
2026-09-04,NDL,NANDAN DENIM LIMITED,2.83,2.87,2.8,2.83,2.83,1205958
2026-09-04,JAIPURKURT,NANDANI CREATION LIMITED,25.74,26.37,24.65,25.33,25.82,51045
2026-09-04,NH,NARAYANA HRUDAYALAYA LTD.,1881.0,1898.8,1850.5,1858.5,1882.2,210266
2026-09-04,NARMADA,NARMADA AGROBASE LIMITED,13.65,13.79,13.35,13.51,13.62,246596
2026-09-04,NATCOPHARM,NATCO PHARMA LTD.,839.0,841.8,826.5,828.65,838.3,445370
2026-09-04,NATHBIOGEN,NATH BIO-GENES (I) LTD,154.0,154.94,151.66,153.12,153.07,7468
2026-09-04,NATIONALUM,NATIONAL ALUMINIUM CO LTD,376.0,378.95,372.75,374.1,374.0,5517970
2026-09-04,NFL,NATIONAL FERT. LTD,70.34,70.88,70.34,70.51,70.33,400837
2026-09-04,NATIONSTD,NATIONAL STAND (INDIA) L,106.5,108.06,104.0,107.74,104.75,16687
2026-09-04,NAVA,NAVA LIMITED,558.5,562.95,556.5,560.2,557.2,192328
2026-09-04,NAVINFLUOR,NAVIN FLUORINE INT. LTD,8700.0,8700.0,8512.0,8557.5,8697.0,131131
2026-09-04,NAVKARCORP,NAVKAR CORPORATION LTD.,97.51,99.41,96.0,96.24,97.44,230610
2026-09-04,NAVNETEDUL,NAVNEET EDUCATION LTD,132.75,132.75,130.88,131.21,132.08,77764
2026-09-04,NAZARA,NAZARA TECHNOLOGIES LTD,366.8,370.95,363.25,368.65,365.8,1088812
2026-09-04,NBCC,NBCC (INDIA) LIMITED,86.5,87.35,86.31,86.6,86.5,2548390
2026-09-04,NCC,NCC LIMITED,146.6,150.45,145.87,149.7,147.24,2168692
2026-09-04,NCLIND,NCL INDUSTRIES LIMITED,176.01,179.0,175.52,177.81,177.36,29351
2026-09-04,NDLVENTURE,NDL VENTURES LIMITED,123.9,125.1,123.18,124.72,123.01,18630
2026-09-04,NDRAUTO,NDR AUTO COMPONENTS LTD,727.8,729.0,716.8,723.45,724.2,8337
2026-09-04,NDTV,NDTV LTD,71.0,75.3,70.75,74.27,70.66,236637
2026-09-04,NECLIFE,NECTAR LIFESCIENCES LTD.,12.2,12.49,12.11,12.19,12.17,205001
2026-09-04,NEAGI,NEELAMALAI AGRO INDS. L,3300.1,3300.1,3300.1,3300.1,3370.1,1
2026-09-04,NELCAST,NELCAST LIMITED,118.76,119.48,116.5,116.99,118.76,88011
2026-09-04,NELCO,NELCO LTD,939.5,942.75,908.0,911.25,933.75,159766
2026-09-04,NEOGEN,NEOGEN CHEMICALS LIMITED,2149.0,2172.6,2123.0,2137.9,2137.1,88400
2026-09-04,NEPHROPLUS,NEPHROCARE HEALTH SERV L,711.85,720.0,692.0,697.05,706.75,197509
2026-09-04,NESCO,NESCO LTD.,1039.5,1066.8,1039.5,1047.6,1044.8,48170
2026-09-04,NESTLEIND,NESTLE INDIA LIMITED,1415.0,1420.0,1402.5,1410.5,1416.0,974257
2026-09-04,NETWEB,NETWEB TECH INDIA LTD,5297.5,5424.0,5164.5,5193.0,5270.0,1816227
2026-09-04,NPST,NETWORK PEOPLE SRV TECH L,1720.9,1775.0,1705.0,1718.8,1718.4,56393
2026-09-04,NETWORK18,NETWORK18 MEDIA & INV LTD,27.56,28.53,27.56,28.38,27.55,3493333
2026-09-04,NEULANDLAB,NEULAND LAB LTD.,23095.0,23095.0,22550.0,22660.0,22890.0,21110
2026-09-04,NEWGEN,NEWGEN SOFTWARE TECH LTD,522.0,543.95,522.0,524.8,517.65,2160906
2026-09-04,NEXTMEDIA,NEXT MEDIAWORKS LIMITED,3.86,4.12,3.86,3.89,4.0,54384
2026-09-04,NGLFINE,NGL FINE CHEM LIMITED,2940.0,2981.9,2890.5,2907.5,2940.8,7107
2026-09-04,NHPC,NHPC LTD,76.39,76.75,75.91,76.25,76.45,4059538
2026-09-04,NIBE,NIBE LIMITED,1327.0,1349.0,1325.0,1336.6,1322.0,28848
2026-09-04,NICCOPAR,NICCO PARKS & RESORTS LTD,77.51,83.99,77.43,79.55,78.2,2885
2026-09-04,NIITMTS,NIIT LEARNING SYSTEMS LTD,229.99,229.99,222.21,225.94,222.91,100147
2026-09-04,NIITLTD,NIIT LIMITED,97.5,100.57,97.5,98.96,97.57,255516
2026-09-04,NILAINFRA,NILA INFRASTRUCTURES LTD,6.7,6.75,6.62,6.67,6.7,220311
2026-09-04,NILASPACES,NILA SPACES LIMITED,12.45,12.54,12.18,12.23,12.28,666134
2026-09-04,NILE,NILE LTD.,1456.0,1492.0,1450.3,1465.8,1470.5,2840
2026-09-04,NILKAMAL,NILKAMAL LIMITED,2101.8,2130.0,2081.0,2116.5,2111.1,19143
2026-09-04,NIMBSPROJ,NIMBUS PROJECTS LIMITED,154.0,154.0,144.34,147.84,151.93,4411
2026-09-04,NINSYS,NINTEC SYSTEMS LIMITED,716.9,716.95,702.6,712.75,709.25,2822
2026-09-04,BANKBEES,NIP IND ETF BANK BEES,599.0,599.0,595.03,596.2,596.02,345232
2026-09-04,CONSUMBEES,NIP IND ETF CONSUMPTION,130.8,130.8,129.56,129.78,130.02,421784
2026-09-04,DIVOPPBEES,NIP IND ETF DIV OPP,76.68,77.4,76.27,76.77,76.68,97372
2026-09-04,NV20BEES,NIP IND ETF ETF NV20,139.15,140.12,139.0,139.39,139.13,5065
2026-09-04,GOLDBEES,NIP IND ETF GOLD BEES,126.85,127.72,126.78,127.17,126.23,20415178
2026-09-04,HNGSNGBEES,NIP IND ETF HANGSENG BEES,470.01,475.25,470.0,471.09,468.46,61650
2026-09-04,INFRABEES,NIP IND ETF INFRA BEES,954.38,958.63,952.54,956.45,954.28,3516
2026-09-04,ITBEES,NIP IND ETF IT,34.34,34.76,34.0,34.09,34.29,8504508
2026-09-04,JUNIORBEES,NIP IND ETF JUNIOR BEES,795.84,795.84,784.0,791.07,788.74,283994
2026-09-04,LIQUIDBEES,NIP IND ETF LIQUID BEES,1020.0,1020.0,999.99,1000.0,1000.0,2607097
2026-09-04,LTGILTBEES,NIP IND ETF LONGTERM GILT,29.89,29.89,29.82,29.84,29.86,3617915
2026-09-04,MID150BEES,NIP IND ETF MIDCAP 150,241.04,241.05,238.67,240.15,240.14,654280
2026-09-04,NIF100BEES,NIP IND ETF NIFTY 100,265.32,267.34,265.19,266.58,265.6,31122
2026-09-04,NIFTYBEES,NIP IND ETF NIFTY BEES,278.08,278.08,272.56,273.27,272.63,3162846
2026-09-04,PSUBNKBEES,NIP IND ETF PSU BANK BEES,95.7,96.2,95.34,95.45,95.68,1284747
2026-09-04,SHARIABEES,NIP IND ETF SHARIAH BEES,458.12,458.12,451.93,452.84,453.44,25560
2026-09-04,NAM-INDIA,NIPPON L I A M LTD,1160.0,1184.5,1151.8,1159.9,1164.9,1522876
2026-09-04,LIQGRWBEES,NIPPONAMC - LIQGRWBEES,1054.14,1054.49,1054.14,1054.46,1054.14,101203
2026-09-04,MANUFGBEES,NIPPONAMC - MANUFGBEES,163.81,164.1,163.06,163.73,163.81,3201
2026-09-04,AUTOBEES,NIPPONAMC - NETFAUTO,289.86,289.87,286.9,287.47,288.19,194219
2026-09-04,PHARMABEES,NIPPONAMC - NETFPHARMA,27.37,27.6,27.21,27.32,27.37,4482502
2026-09-04,SILVERBEES,NIPPONAMC - NETFSILVER,222.12,223.74,221.25,222.78,219.88,16085668
2026-09-04,SNXT30BEES,NIPPONAMC - SNXT30BEES,42.76,42.76,42.42,42.58,42.43,8325
2026-09-04,NIRAJ,NIRAJ CEMENT STRUC LTD,29.1,29.4,28.37,28.72,29.13,30448
2026-09-04,NIRLON,NIRLON LTD,621.6,624.5,610.0,620.0,621.6,10246
2026-09-04,NITCO,NITCO LIMITED,96.7,97.0,94.95,96.1,96.28,449640
2026-09-04,NITINSPIN,NITIN SPINNERS LIMITED,640.25,644.4,633.7,639.05,640.25,63257
2026-09-04,NITIRAJ,NITIRAJ ENGINEERS LTD,207.95,241.0,200.0,219.19,205.13,38842
2026-09-04,NITTAGELA,NITTA GELATIN INDIA LTD.,1600.3,1654.0,1600.0,1632.5,1639.1,5396
2026-09-04,NIVABUPA,NIVA BUPA HEALTH INS CO L,80.75,81.07,79.51,80.11,80.73,804923
2026-09-04,NKIND,NK INDUSTRIES LTD,58.85,59.9,57.01,57.1,56.32,937
2026-09-04,NLCINDIA,NLC INDIA LIMITED,277.0,277.1,272.05,273.05,274.9,714404
2026-09-04,NMDC,NMDC LTD.,84.52,85.18,84.26,84.7,84.19,13224234
2026-09-04,NSLNISP,NMDC STEEL LIMITED,45.61,46.5,44.97,46.02,45.4,5132127
2026-09-04,NOCIL,NOCIL LIMITED,172.3,174.5,170.0,172.44,171.8,403591
2026-09-04,NOIDATOLL,NOIDA TOLL BRIDGE CO LTD,4.27,4.27,4.03,4.14,4.27,171080
2026-09-04,NORBTEAEXP,NORBEN TEA & EXPORTS LTD,71.8,71.8,67.0,70.69,68.55,752
2026-09-04,NORTHARC,NORTHERN ARC CAPITAL LTD,306.7,307.1,299.15,302.15,304.6,1089238
2026-09-04,NOVARTIND,NOVARTIS INDIA LIMITED,1614.9,1665.0,1614.9,1646.7,1614.1,22436
2026-09-04,NRBBEARING,NRB BEARING LIMITED,453.9,453.9,443.6,447.0,451.05,195054
2026-09-04,NIBL,NRB INDUS. BEARINGS LTD.,30.51,31.64,30.51,30.8,30.76,6851
2026-09-04,NTPCGREEN,NTPC GREEN ENERGY LIMITED,88.74,89.5,88.65,89.36,88.73,1370420
2026-09-04,NTPC,NTPC LTD,332.75,334.05,329.8,332.5,330.9,7032282
2026-09-04,NUCLEUS,NUCLEUS SOFTWARE EXPORTS,740.0,743.45,726.0,729.15,740.0,38501
2026-09-04,NUVAMA,NUVAMA WEALTH MANAGE LTD,1856.0,1862.8,1796.4,1815.6,1839.2,263032
2026-09-04,NUVOCO,NUVOCO VISTAS CORP LTD,336.65,354.8,336.45,352.15,338.1,1482368
2026-09-04,OBCL,OBCL LIMITED,55.13,55.7,55.1,55.19,54.99,1073
2026-09-04,OBEROIRLTY,OBEROI REALTY LIMITED,1914.0,1932.8,1874.0,1875.6,1902.0,585940
2026-09-04,ODIGMA,ODIGMA CONSULTANCY SOL L,23.99,23.99,23.21,23.45,23.47,11579
2026-09-04,ODYCORP,ODYSSEY CORPORATION LTD.,6.93,8.31,6.81,7.46,6.93,311228
2026-09-04,ONGC,OIL AND NATURAL GAS CORP.,235.44,235.44,233.6,234.65,236.0,5338085
2026-09-04,OIL,OIL INDIA LTD,492.0,492.55,486.5,488.3,490.0,1259478
2026-09-04,OLAELEC,OLA ELECTRIC MOBILITY LTD,37.65,38.95,37.56,38.2,37.47,42570426
2026-09-04,OLECTRA,OLECTRA GREENTECH LIMITED,1247.0,1260.7,1223.2,1229.0,1244.8,251277
2026-09-04,OMINFRAL,OM INFRA LIMITED,82.0,86.0,81.89,84.43,82.68,68243
2026-09-04,OMPOWER,OM POWER TRANSMISSION LTD,171.23,176.9,170.2,175.68,171.09,75803
2026-09-04,OMAXAUTO,OMAX AUTOS LTD,183.59,186.58,181.3,183.07,183.59,18555
2026-09-04,OMAXE,OMAXE LIMITED,128.42,138.89,127.01,136.38,127.29,5607789
2026-09-04,OMNI,OMNITECH ENGINEERING LTD,523.0,529.85,518.8,526.0,519.25,303506
2026-09-04,PAYTM,ONE 97 COMMUNICATIONS LTD,1635.2,1697.7,1626.6,1659.5,1637.0,5191803
2026-09-04,ONEGLOBAL,ONE GLOBAL SERVICE PROV L,547.8,552.95,530.35,542.4,527.15,16907
2026-09-04,MOBIKWIK,ONE MOBIKWIK SYSTEMS LTD,191.15,193.72,189.9,192.12,190.61,393306
2026-09-04,ONEPOINT,ONE POINT ONE SOL LTD,54.6,58.77,54.51,57.01,54.62,2688123
2026-09-04,KISSHT,ONEMI TECHNOLOGY SOL LTD,305.45,316.9,305.25,309.3,305.3,1041438
2026-09-04,ONESOURCE,ONESOURCE SPECL PHARMA L,1585.0,1596.3,1526.0,1537.8,1575.7,112994
2026-09-04,ONIDA,ONIDA ELECTRONICS LIMITED,34.3,34.89,33.56,34.64,34.35,244072
2026-09-04,ONIXSOLAR,ONIX SOLAR ENERGY LTD.,402.0,403.2,399.95,403.2,384.0,265016
2026-09-04,ONWARDTEC,ONWARD TECHNOLOGIES LTD,283.3,288.0,280.0,284.35,283.3,37115
2026-09-04,OPTIEMUS,OPTIEMUS INFRACOM LTD,569.1,579.25,562.1,569.3,564.85,61281
2026-09-04,OPTIFIN,OPTIMUS FINANCE LTD.,14.98,15.87,14.25,14.84,14.98,167616
2026-09-04,OFSS,ORACLE FIN SERV SOFT LTD.,12199.0,12348.0,12028.0,12058.0,12149.0,166477
2026-09-04,ORCHASP,ORCHASP LIMITED,1.43,1.43,1.38,1.39,1.41,79157
2026-09-04,ORCHPHARMA,ORCHID PHARMA LIMITED,937.0,965.45,934.7,954.65,934.65,41657
2026-09-04,ORICONENT,ORICON ENTERPRISES LTD,53.2,54.7,52.66,54.15,52.99,22589
2026-09-04,ORIENTBELL,ORIENT BELL LIMITED,417.0,423.95,410.0,420.1,412.65,69026
2026-09-04,ORIENTCEM,ORIENT CEMENT LTD.,128.0,130.21,128.0,129.68,128.48,118199
2026-09-04,ORIENTCER,ORIENT CERATECH LIMITED,44.3,45.8,43.72,43.91,43.94,73584
2026-09-04,ORIENTELEC,ORIENT ELECTRIC LIMITED,179.0,181.28,176.57,179.19,178.15,74074
2026-09-04,GREENPOWER,ORIENT GREEN POWER CO LTD,9.19,9.34,9.19,9.28,9.19,1505445
2026-09-04,ORIENTHOT,ORIENT HOTELS LTD,142.48,142.48,139.06,139.93,141.96,301159
2026-09-04,ORIENTPPR,ORIENT PAPER AND INDS LTD,17.14,17.35,17.0,17.08,17.13,100814
2026-09-04,ORIENTTECH,ORIENT TECHNOLOGIES LTD,239.88,242.0,236.44,238.39,238.75,63818
2026-09-04,OAL,ORIENTAL AROMATICS LTD,507.0,532.5,503.7,519.9,502.3,181436
2026-09-04,ORIRAIL,ORIENTAL RAIL INFRA L,125.3,134.94,125.3,130.76,125.72,263412
2026-09-04,ORIENTALTL,ORIENTAL TRIMEX LTD,5.07,5.64,4.93,5.31,5.02,322042
2026-09-04,ORISSAMINE,ORISSA MIN DEV CO LTD,4302.0,4350.0,4270.1,4311.7,4290.3,4863
2026-09-04,ORKLAINDIA,ORKLA INDIA LIMITED,585.1,598.7,585.1,594.15,588.5,84660
2026-09-04,ORTINGLOBE,ORTIN GLOBAL LIMITED,15.7,15.77,15.2,15.67,15.02,9743
2026-09-04,OSWALAGRO,OSWAL AGRO MILLS LTD,36.88,37.29,36.5,36.66,36.88,21089
2026-09-04,OSWALGREEN,OSWAL GREENTECH LIMITED,20.0,20.63,20.0,20.39,19.86,158014
2026-09-04,OSWALPUMPS,OSWAL PUMPS LIMITED,282.85,291.5,278.0,279.2,279.55,858028
2026-09-04,PBMPOLY,P B M POLYTEX LTD.,59.3,64.0,57.14,61.0,58.67,528
2026-09-04,PNGJL,P N GADGIL JEWELLERS LTD,589.0,614.4,586.7,609.05,591.25,436673
2026-09-04,POEL,P O C L ENTERPRISES LTD.,143.05,147.94,141.0,142.78,144.2,51934
2026-09-04,PGHH,P&G HYGIENE & HEALTH CARE,7725.0,7754.5,7659.0,7667.5,7725.0,21072
2026-09-04,PACEDIGITK,PACE DIGITEK LIMITED,167.5,168.39,166.12,167.59,166.23,512494
2026-09-04,PACIFICI,PACIFIC INDUSTRIES LTD.,140.05,149.0,137.15,143.82,145.0,288
2026-09-04,PAGEIND,PAGE INDUSTRIES LTD,35865.0,36370.0,35680.0,36300.0,35865.0,14523
2026-09-04,PAISALO,PAISALO DIGITAL LIMITED,71.65,74.2,70.05,74.1,70.28,31201929
2026-09-04,PAKKA,PAKKA LIMITED,73.95,74.98,72.05,73.71,73.64,119489
2026-09-04,PALASHSECU,PALASH SECURITIES LTD,91.7,91.7,89.0,90.17,88.43,427
2026-09-04,PANACEABIO,PANACEA BIOTEC LTD,389.0,396.4,380.0,381.25,389.05,56486
2026-09-04,PANAMAPET,PANAMA PETROCHEM LTD,489.0,497.85,479.0,495.45,484.55,242825
2026-09-04,PANORAMA,PANORAMA STUDIOS INTL. L,46.0,48.0,44.6,47.41,45.83,473879
2026-09-04,PANSARI,PANSARI DEVELOPERS LTD,301.0,310.4,292.0,300.05,300.0,589
2026-09-04,PARADEEP,PARADEEP PHOSPHATES LTD,154.0,157.68,152.5,157.0,153.53,3778120
2026-09-04,PARAGMILK,PARAG MILK FOODS LTD.,255.0,255.7,247.05,249.6,254.2,613677
2026-09-04,PARACABLES,PARAMOUNT COMM LTD,64.1,69.0,64.0,65.51,64.3,4472304
2026-09-04,PARAS,PARAS DEF AND SPCE TECH L,1415.8,1439.9,1410.0,1414.9,1411.5,552173
2026-09-04,PARASPETRO,PARAS PETROFILS LTD.,2.23,2.23,2.11,2.14,2.13,112807
2026-09-04,PARKHOSPS,PARK MEDI WORLD LIMITED,289.0,289.35,283.75,286.25,286.7,504932
2026-09-04,PARKHOTELS,PARKHOTELS,112.95,113.7,111.82,112.18,113.14,155104
2026-09-04,PARNAXLAB,PARNAX LAB LTD.,135.54,135.54,130.0,134.8,135.54,736
2026-09-04,PASHUPATI,PASHUPATI COTSPIN LIMITED,83.5,83.5,81.3,81.94,83.1,25243
2026-09-04,PATANJALI,PATANJALI FOODS LIMITED,345.0,345.75,341.2,342.5,342.9,1749871
2026-09-04,PATELENG,PATEL ENGINEERING LTD.,27.12,27.5,27.0,27.28,27.11,2330616
2026-09-04,PATELRMART,PATEL RETAIL LIMITED,221.9,221.9,217.3,218.32,220.58,23300
2026-09-04,PML,PAUL MERCHANTS LTD.,493.95,500.0,486.0,488.8,493.95,57
2026-09-04,PAUSHAKLTD,PAUSHAK LIMITED,808.0,816.45,781.0,785.5,806.15,31723
2026-09-04,PAVNAIND,PAVNA INDUSTRIES LIMITED,16.72,18.3,16.72,17.22,16.87,48040
2026-09-04,POLICYBZR,PB FINTECH LIMITED,1848.2,1866.6,1828.7,1836.0,1870.0,445054
2026-09-04,PCJEWELLER,PC JEWELLER LTD,10.6,12.17,10.51,11.86,10.52,1088942848
2026-09-04,PCBL,PCBL CHEMICAL LIMITED,315.7,318.4,315.15,317.0,314.25,621744
2026-09-04,PDSL,PDS LIMITED,356.0,361.25,352.5,358.5,353.9,97344
2026-09-04,PGIL,PEARL GLOBAL IND LIMITED,2316.7,2329.1,2268.3,2278.3,2329.0,82043
2026-09-04,PEARLPOLY,PEARL POLYMERS LTD,15.05,15.9,15.0,15.08,15.29,14296
2026-09-04,PENIND,PENNAR INDUSTRIES LTD,168.7,171.0,167.02,169.56,166.88,477553
2026-09-04,PERMAGN,PERMANENT MAGNETS LTD.,889.95,906.1,868.05,888.2,876.6,2962
2026-09-04,PERSISTENT,PERSISTENT SYSTEMS LTD,5680.0,5724.5,5634.0,5643.0,5657.0,302507
2026-09-04,PETRONET,PETRONET LNG LIMITED,290.25,292.15,287.8,288.1,289.5,1412952
2026-09-04,PFIZER,PFIZER LTD,4628.2,4667.9,4575.0,4609.7,4643.7,32739
2026-09-04,PGEL,PG ELECTROPLAST LTD,554.9,564.0,552.05,562.3,553.9,990864
2026-09-04,PHOENXINTL,PHOENIX INTERNATIONAL LTD,32.5,32.5,28.52,29.01,29.48,5152
2026-09-04,PWL,PHYSICSWALLAH LIMITED,123.37,130.7,123.03,126.42,120.6,62160413
2026-09-04,PIIND,PI INDUSTRIES LTD,2415.0,2509.0,2410.0,2465.0,2419.9,415878
2026-09-04,PICCADIL,PICCADILY AGRO INDUSTRI L,623.6,629.8,612.0,615.75,620.5,167134
2026-09-04,PIDILITIND,PIDILITE INDUSTRIES LTD,1635.2,1638.3,1625.0,1629.5,1638.3,605836
2026-09-04,PILITA,PIL ITALICA LIFESTYLE LTD,8.27,8.27,7.75,8.02,7.95,40149
2026-09-04,PILANIINVS,PILANI INV & IND COR LTD,4360.0,4375.4,4322.0,4323.8,4354.5,699
2026-09-04,PINELABS,PINE LABS LIMITED,157.4,168.2,155.38,166.37,156.5,46587163
2026-09-04,PIONEEREMB,PIONEER EMBROIDERIES LTD,21.65,21.7,20.86,21.36,21.65,62157
2026-09-04,PIRAMALFIN,PIRAMAL FINANCE LIMITED,2221.0,2258.3,2201.6,2225.0,2232.9,98603
2026-09-04,PPLPHARMA,PIRAMAL PHARMA LIMITED,214.99,217.0,210.52,214.22,214.49,2618467
2026-09-04,PITTIENG,PITTI ENGINEERING LIMITED,1112.0,1112.0,1073.0,1084.9,1105.1,48625
2026-09-04,PIXTRANS,PIX TRANSMISSIONS LIMITED,1799.6,1810.0,1777.0,1791.7,1799.4,12505
2026-09-04,PLASTIBLEN,PLASTIBLENDS INDIA LTD,189.47,189.58,186.0,187.91,188.33,13407
2026-09-04,PLATIND,PLATINUM INDUSTRIES LTD,237.01,237.01,230.0,231.54,234.45,92532
2026-09-04,PLAZACABLE,PLAZA WIRES LIMITED,62.75,63.0,60.0,61.32,62.62,128546
2026-09-04,PNBGILTS,PNB GILTS LIMITED,78.99,85.5,78.99,83.08,78.63,2416618
2026-09-04,PNBHOUSING,PNB HOUSING FIN LTD.,1141.1,1195.0,1141.1,1166.0,1145.5,923575
2026-09-04,PNCINFRA,PNC INFRATECH LTD.,182.95,187.5,180.01,183.11,182.97,499774
2026-09-04,PNGSREVA,PNGS REVA DIAMOND JEWEL L,520.8,523.0,502.05,516.35,516.3,103324
2026-09-04,PODDARMENT,PODDAR PIGMENTS LIMITED,259.7,260.0,253.1,257.1,255.6,2908
2026-09-04,POKARNA,POKARNA LIMITED,832.2,836.0,811.0,817.15,831.4,49926
2026-09-04,POLYMED,POLY MEDICURE LIMITED,1760.0,1774.9,1690.1,1702.5,1768.7,171700
2026-09-04,POLYCAB,POLYCAB INDIA LIMITED,8500.0,8500.0,8250.0,8300.0,8807.5,1559741
2026-09-04,POLYPLEX,POLYPLEX CORPORATION LTD,1207.9,1207.9,1178.1,1191.0,1202.7,72824
2026-09-04,POLYSPIN,POLYSPIN EXPORTS LTD.,28.0,29.87,28.0,29.64,28.35,1968
2026-09-04,POCL,PONDY OXIDES & CHEM LTD,479.7,490.0,475.25,477.8,476.1,292548
2026-09-04,PONNIERODE,PONNIE SUGARS (ERODE) LTD,402.9,402.9,379.6,382.45,398.65,31436
2026-09-04,POONAWALLA,POONAWALLA FINCORP LTD,466.55,476.35,464.0,468.45,465.1,713159
2026-09-04,PVSL,POPULAR VEHICLES N SER L,104.95,104.95,101.4,102.63,103.54,28205
2026-09-04,PFC,POWER FIN CORP LTD.,344.9,357.7,344.0,355.6,345.5,19206290
2026-09-04,POWERGRID,POWER GRID CORP. LTD.,266.9,267.5,265.05,266.0,265.6,7967122
2026-09-04,PIGL,POWER INSTRUMENT (G) LTD,101.8,101.8,98.2,98.78,99.83,28460
2026-09-04,POWERMECH,POWER MECH PROJECTS LTD.,2399.9,2416.0,2270.1,2306.1,2399.8,135843
2026-09-04,POWERICA,POWERICA LIMITED,519.8,534.0,516.1,525.05,512.95,291923
2026-09-04,PRABHA,PRABHA ENERGY LIMITED,221.99,258.4,218.81,230.6,220.97,11908766
2026-09-04,PRAJIND,PRAJ INDUSTRIES LTD,339.95,343.35,333.65,335.55,341.6,425298
2026-09-04,PRAENG,PRAJAY ENG. SYN. LTD.,25.49,26.1,24.36,24.69,25.75,154995
2026-09-04,PRAKASH,PRAKASH INDUSTRIES LTD,124.16,126.79,123.11,125.63,123.66,297033
2026-09-04,PRAKASHSTL,PRAKASH STEELAGE LTD,3.65,3.9,3.65,3.82,3.65,213981
2026-09-04,DIAMONDYD,PRATAAP SNACKS LIMITED,1162.3,1162.3,1147.6,1158.3,1159.8,5787
2026-09-04,PRAVEG,PRAVEG LTD.,263.0,273.4,261.0,266.15,260.4,28429
2026-09-04,PRAXIS,PRAXIS HOME RETAIL LTD,4.46,4.65,4.45,4.65,4.43,292373
2026-09-04,PRECAM,PRECISION CAMSHAFTS LTD.,122.65,126.0,122.47,124.02,122.1,118929
2026-09-04,PRECWIRE,PRECISION WIRES INDIA LTD,491.75,501.85,469.55,472.8,487.85,830119
2026-09-04,PRECOT,PRECOT LIMITED,700.9,709.95,677.15,698.05,699.9,2308
2026-09-04,PREMCO,PREMCO GLOBAL LTD.,388.0,392.0,385.45,390.95,385.55,2051
2026-09-04,PREMIERENE,PREMIER ENERGIES LIMITED,1002.5,1008.8,996.0,1002.0,1008.0,1046394
2026-09-04,PREMEXPLN,PREMIER EXPLOSIVES LTD,665.0,672.0,663.0,664.0,666.35,305895
2026-09-04,PREMIERPOL,PREMIER POLYFILM LTD,93.5,98.8,87.21,95.36,92.35,1113475
2026-09-04,PRESTIGE,PRESTIGE ESTATE LTD,1620.1,1646.6,1565.2,1587.0,1615.2,588022
2026-09-04,PRICOLLTD,PRICOL LIMITED,768.2,772.6,753.2,764.95,768.4,246508
2026-09-04,PFOCUS,PRIME FOCUS LIMITED,298.95,309.95,289.85,307.0,291.65,1960283
2026-09-04,PRIMESECU,PRIME SECURITIES LIMITED,288.85,291.05,281.25,284.5,290.2,24727
2026-09-04,PRIMO,PRIMO CHEMICALS LIMITED,20.94,21.89,20.4,21.27,20.68,157678
2026-09-04,PRINCEPIPE,PRINCE PIPES FITTINGS LTD,284.5,291.5,281.5,283.0,289.5,140756
2026-09-04,PRSMJOHNSN,PRISM JOHNSON LIMITED,111.16,112.22,111.0,111.12,111.31,167167
2026-09-04,PRISMX,PRISMX GLOBAL VENTURES L,0.52,0.56,0.52,0.55,0.52,111170
2026-09-04,PNC,PRITISH NANDY COMMUNICATI,16.45,16.9,16.26,16.72,16.62,4397
2026-09-04,PRIVISCL,PRIVI SPECIALITY CHE LTD,3410.0,3410.6,3350.0,3367.3,3373.5,42021
2026-09-04,PGHL,PROCTER & GAMBLE HEALTH L,5757.5,5780.0,5650.0,5660.0,5757.5,7255
2026-09-04,PROSTARM,PROSTARM INFO SYSTEMS LTD,131.15,138.0,129.38,134.73,129.73,275346
2026-09-04,PROTEAN,PROTEAN EGOV TECHNO LTD,497.0,503.0,489.35,496.3,494.8,385965
2026-09-04,PROZONER,PROZONE REALTY LIMITED,46.02,50.7,45.75,49.76,46.42,722413
2026-09-04,PRUDENT,PRUDENT CORP ADV SER LTD,3328.4,3358.5,3200.0,3347.6,3328.5,53800
2026-09-04,PSPPROJECT,PSP PROJECTS LIMITED,868.0,887.9,862.0,875.5,861.95,51382
2026-09-04,PFS,PTC INDIA FIN SERV LTD,27.4,27.73,26.75,26.94,27.11,481425
2026-09-04,PTC,PTC INDIA LIMITED,155.34,156.8,155.25,156.29,155.25,849440
2026-09-04,PTCIL,PTC INDUSTRIES LIMITED,23705.0,24125.0,23410.0,23830.0,23820.0,65344
2026-09-04,PTL,PTL ENTERPRISES LTD,38.64,39.25,38.25,38.74,38.22,62624
2026-09-04,PDMJEPAPER,PUDUMJEE PAPER PRO. LTD,96.0,96.06,92.7,93.22,94.57,86197
2026-09-04,PSB,PUNJAB & SIND BANK,23.19,23.45,22.99,23.23,23.05,1431638
2026-09-04,PUNJABCHEM,PUNJAB CHEM & CROP PROT L,1099.7,1110.1,1087.1,1100.3,1097.0,2842
2026-09-04,PNB,PUNJAB NATIONAL BANK,116.9,118.05,116.45,117.0,116.32,11160741
2026-09-04,PURVA,PURAVANKARA LIMITED,215.0,236.0,215.0,230.72,211.09,17390475
2026-09-04,PVP,PVP VENTURES LIMITED,64.89,68.14,62.11,67.94,64.9,5145513
2026-09-04,PVRINOX,PVR INOX LIMITED,1216.0,1232.8,1215.0,1227.2,1247.5,213587
2026-09-04,PYRAMID,PYRAMID TECHNOPLAST LTD,156.5,156.5,151.88,153.83,154.87,60009
2026-09-04,QUADFUTURE,QUADRANT FUTURE TEK LTD,427.0,439.0,415.1,417.9,425.6,294130
2026-09-04,QPOWER,QUALITY POWER ELEC EQUP L,1435.0,1495.3,1431.2,1495.3,1424.1,228191
2026-09-04,QGOLDHALF,QUANTUM GOLD ETF,127.39,128.96,127.1,127.62,126.98,315196
2026-09-04,QNIFTY,QUANTUM NIFTY 50 ETF,270.24,270.24,262.8,264.15,263.65,2823
2026-09-04,SILVER001,QUANT_AMC - SILVER001,23.72,23.83,23.26,23.54,23.25,14165
2026-09-04,QUESS,QUESS CORP LIMITED,367.0,367.0,343.7,354.75,366.55,974018
2026-09-04,QUINT,QUINT DIGITAL LTD.,41.0,41.35,39.03,40.68,39.91,9343
2026-09-04,RKSWAMY,R K SWAMY LIMITED,92.5,94.69,91.7,94.25,92.0,16462
2026-09-04,RRIL,R R I L LTD.,16.99,17.0,16.5,16.66,16.71,18631
2026-09-04,RRKABEL,R R KABEL LIMITED,2550.0,2609.0,2374.4,2454.1,2617.7,2596720
2026-09-04,RSYSTEMS,R SYS INTERNATIONAL LTD,252.5,257.5,251.0,256.12,252.64,203978
2026-09-04,RTSPOWR,R T S POWER CORPN. LTD.,92.21,99.0,87.1,88.08,90.4,2343
2026-09-04,RNBDENIMS,R&B DENIMS LIMITED,10.81,10.81,10.27,10.27,10.81,424488
2026-09-04,RSSOFTWARE,R. S. SOFTWARE (INDIA) LI,30.1,31.4,29.5,30.61,29.91,50380
2026-09-04,RPPINFRA,R.P.P INFRA PROJECTS LTD,55.65,55.68,53.77,54.14,55.04,32609
2026-09-04,RACE,RACE ECO CHAIN LIMITED,98.31,102.29,98.31,99.3,100.94,72608
2026-09-04,RACLGEAR,RACL GEARTECH LIMITED,1575.0,1617.9,1544.7,1576.1,1558.8,47944
2026-09-04,RADAAN,RADAAN MEDIAWORKS (I) LTD,3.05,3.11,2.82,2.97,2.89,44053
2026-09-04,RADHIKAJWE,RADHIKA JEWELTECH LIMITED,71.55,85.0,71.55,83.16,71.32,14544177
2026-09-04,RADIANTCMS,RADIANT CASH MGMT SER LTD,40.22,45.25,40.22,41.78,39.87,1713450
2026-09-04,RADICO,RADICO KHAITAN LTD,4536.4,4559.8,4444.0,4494.0,4559.0,205308
2026-09-04,RPEL,RAGHAV PRODUCTIVITY ENH L,1889.8,1943.7,1778.4,1807.2,1885.2,209791
2026-09-04,RVNL,RAIL VIKAS NIGAM LIMITED,211.0,214.18,209.62,212.49,209.3,6287421
2026-09-04,RAILTEL,RAILTEL CORP OF IND LTD,270.8,273.9,270.0,271.05,270.9,401507
2026-09-04,RAIN,RAIN INDUSTRIES LIMITED,212.6,217.3,210.1,215.72,211.71,4009182
2026-09-04,RAINBOW,RAINBOW CHILDRENS MED LTD,1460.0,1460.0,1432.3,1447.2,1440.8,49513
2026-09-04,ROML,RAJ OIL MILLS LIMITED,42.2,42.8,41.31,42.0,42.35,11538
2026-09-04,RAJTV,RAJ TV NETWORK LTD,8.21,8.5,8.07,8.07,8.49,220386
2026-09-04,RAJPALAYAM,RAJAPALAYAM MILLS LTD.,800.0,809.8,795.0,795.3,799.7,1199
2026-09-04,ARENTERP,RAJDARSHAN INDUSTRIES LTD,36.0,36.0,34.6,34.65,35.06,597
2026-09-04,RAJMET,RAJNANDINI METAL LIMITED,3.16,3.18,3.1,3.15,3.11,289526
2026-09-04,RSL,RAJPUTANA STAINLESS LTD,182.93,184.89,181.1,181.5,181.56,337269
2026-09-04,RAJRATAN,RAJRATAN GLOBAL WIRE LTD,495.15,504.9,488.0,498.35,495.1,99899
2026-09-04,RAJSREESUG,RAJSHREE SUGAR & CHEMICAL,37.14,37.14,35.35,35.47,36.43,29765
2026-09-04,RALLIS,RALLIS INDIA LTD,210.0,212.51,208.36,208.82,209.83,361939
2026-09-04,RAMRAT,RAM RATNA WIRES LIMITED,563.6,574.3,555.2,560.65,560.8,342804
2026-09-04,RAMAPHO,RAMA PHOSPHATES LIMITED,125.5,125.65,123.01,123.48,124.01,11962
2026-09-04,RAMCOIND,RAMCO INDUSTRIES LIMITED,326.0,329.7,320.3,323.25,324.0,105342
2026-09-04,RAMCOSYS,RAMCO SYSTEMS LTD.,598.4,615.85,596.5,611.2,586.55,217405
2026-09-04,RKFORGE,RAMKRISHNA FORGINGS LTD,732.5,732.5,689.45,700.85,726.85,1116062
2026-09-04,RAMKY,RAMKY INFRA LTD,354.0,354.0,343.6,347.4,351.35,33996
2026-09-04,RANASUG,RANA SUGARS LTD.,15.15,15.21,14.72,14.8,15.15,346950
2026-09-04,RML,RANE (MADRAS) LIMITED,1127.5,1333.0,1125.1,1295.9,1127.4,2195205
2026-09-04,RANEHOLDIN,RANE HOLDINGS LIMITED,1635.3,1740.0,1623.5,1651.1,1635.3,102623
2026-09-04,RPTECH,RASHI PERIPHERALS LIMITED,814.0,833.0,811.5,823.65,815.65,158904
2026-09-04,RCF,RASHTRIYA CHEMICALS & FER,115.2,116.24,114.2,114.92,114.52,1043164
2026-09-04,RATEGAIN,RATEGAIN TRAVEL TECHN LTD,870.0,888.45,845.0,851.15,869.75,551109
2026-09-04,RATNAMANI,RATNAMANI MET & TUB LTD.,2661.0,2748.0,2656.2,2727.0,2669.7,72730
2026-09-04,RATNAVEER,RATNAVEER PRECISION ENG L,289.0,308.25,288.95,304.75,286.1,4493978
2026-09-04,RTNINDIA,RATTANINDIA ENT LIMITED,27.63,28.13,27.63,27.82,27.43,1727353
2026-09-04,RTNPOWER,RATTANINDIA POWER LIMITED,7.24,7.39,7.23,7.36,7.24,13604316
2026-09-04,RKDL,RAVI KUMAR DIST. LTD.,18.14,18.74,18.14,18.39,18.32,7502
2026-09-04,RVHL,RAVINDER HEIGHTS LIMITED,39.87,40.0,38.25,39.84,39.09,8503
2026-09-04,RELTD,RAVINDRA ENERGY LIMITED,160.0,162.0,157.97,161.37,159.15,124230
2026-09-04,RAYMONDLSL,RAYMOND LIFESTYLE LIMITED,647.95,683.95,647.0,663.65,647.85,335816
2026-09-04,RAYMOND,RAYMOND LTD,752.3,756.8,733.05,740.85,757.9,1867268
2026-09-04,RAYMONDREL,RAYMOND REALTY LIMITED,542.5,559.0,524.0,529.15,536.75,936640
2026-09-04,RBLBANK,RBL BANK LIMITED,409.0,417.05,406.7,414.35,408.1,7858699
2026-09-04,RBZJEWEL,RBZ JEWELLERS LIMITED,197.0,204.7,194.0,200.69,191.68,6929954
2026-09-04,RRECL,RDB REAL ESTATE CONS L,138.0,138.0,129.99,136.83,138.37,309
2026-09-04,RECLTD,REC LIMITED,313.6,320.2,313.2,318.7,313.6,5894088
2026-09-04,REDINGTON,REDINGTON LIMITED,374.4,378.8,367.2,371.3,372.45,3554885
2026-09-04,REDTAPE,REDTAPE LIMITED,118.9,121.9,117.6,120.43,117.48,423314
2026-09-04,REFEX,REFEX INDUSTRIES LIMITED,279.05,288.2,279.05,282.55,279.25,249214
2026-09-04,REGAAL,REGAAL RESOURCES LIMITED,89.76,92.69,87.5,88.51,89.17,576781
2026-09-04,REGENCERAM,REGENCY CERAMICS LTD.,38.2,38.2,34.41,34.86,36.47,1624
2026-09-04,RELAXO,RELAXO FOOT LTD.,345.95,346.9,342.75,344.75,343.95,48646
2026-09-04,GILT5YBEES,RELCAPAMC - NETFGILT5Y,66.54,66.55,66.21,66.33,66.23,183586
2026-09-04,RELIABLE,RELIABLE DATA SERVICE LTD,141.2,141.54,139.21,140.88,141.26,15018
2026-09-04,RELCHEMQ,RELIANCE CHEMOTEX IND LTD,113.85,118.0,113.85,116.73,116.77,1295
2026-09-04,RIIL,RELIANCE INDUSTRIAL INFRA,757.0,762.75,748.1,750.95,752.95,42420
2026-09-04,RELIANCE,RELIANCE INDUSTRIES LTD,1304.1,1333.0,1304.1,1322.0,1302.5,13031534
2026-09-04,RPOWER,RELIANCE POWER LTD.,22.11,22.32,22.04,22.08,22.03,13517969
2026-09-04,IVZBANKNF,RELIGARAMC - IVZBANKNF,57.39,57.56,57.35,57.56,57.42,1513
2026-09-04,IVZSENSEX,RELIGARAMC - IVZSENSEX,77.7,77.7,76.54,76.56,76.63,972
2026-09-04,RELIGARE,RELIGARE ENTER. LTD.,251.0,258.4,248.11,257.08,251.89,1795582
2026-09-04,REMSONSIND,REMSONS INDUSTRIES LTD,93.69,99.9,93.69,99.35,95.05,158912
2026-09-04,RGL,RENAISSANCE GLOBAL LTD,137.94,150.38,137.89,149.26,137.12,3035236
2026-09-04,REPCOHOME,REPCO HOME FINANCE LTD,358.1,361.95,356.15,358.75,355.75,41434
2026-09-04,REPRO,REPRO INDIA LIMITED,326.7,326.7,317.0,319.45,323.15,4692
2026-09-04,RESPONIND,RESPONSIVE INDUSTRIES LTD,151.25,176.14,150.37,154.9,151.87,40184929
2026-09-04,RBA,RESTAURANT BRAND ASIA LTD,98.47,101.16,96.5,97.15,97.89,2606009
2026-09-04,RVTH,REVATHI EQUIPMENT INDIA L,729.0,743.9,729.0,734.45,729.05,277
2026-09-04,RHETAN,RHETAN TMT LIMITED,25.42,25.42,25.41,25.42,23.11,5456321
2026-09-04,RHIM,RHI MAGNESITA INDIA LTD,372.6,373.8,369.0,371.35,369.75,97629
2026-09-04,RICOAUTO,RICO AUTO INDUSTRIES LTD,126.95,131.75,126.6,130.46,126.49,1119592
2026-09-04,RIR,RIR POWER ELECTRONICS L,158.0,175.45,158.0,169.86,157.58,335333
2026-09-04,RISHABH,RISHABH INSTRUMENTS LTD,738.0,750.0,714.6,738.45,734.95,208178
2026-09-04,RITCO,RITCO LOGISTICS LIMITED,302.6,304.6,298.55,301.8,301.0,112935
2026-09-04,RITES,RITES LIMITED,214.0,217.2,214.0,215.8,213.78,278299
2026-09-04,RKEC,RKEC PROJECTS LIMITED,21.67,22.59,19.9,21.73,21.64,65608
2026-09-04,RMC,RMC SWITCHGEARS LIMITED,225.3,236.0,224.41,233.54,225.97,40561
2026-09-04,RHL,ROBUST HOTELS LIMITED,167.15,174.79,166.2,167.89,167.6,1284
2026-09-04,ROLEXRINGS,ROLEX RINGS LIMITED,176.0,176.36,171.0,171.72,174.83,743997
2026-09-04,ROSSARI,ROSSARI BIOTECH LIMITED,461.0,468.25,456.1,460.25,457.0,83247
2026-09-04,ROSSELLIND,ROSSELL INDIA LIMITED,57.8,58.05,55.99,56.96,57.67,77117
2026-09-04,ROSSTECH,ROSSELL TECHSYS LIMITED,1116.3,1168.0,1116.3,1150.5,1116.3,234989
2026-09-04,ROTO,ROTO PUMPS LIMITED,64.45,65.9,63.6,65.03,63.76,233711
2026-09-04,ROUTE,ROUTE MOBILE LIMITED,503.65,508.0,500.5,501.55,503.65,76123
2026-09-04,ROHLTD,ROYAL ORCHID HOTELS LTD,298.0,305.2,297.0,298.55,298.5,7153
2026-09-04,RPGLIFE,RPG LIFE SCIENCES LTD,2652.4,2739.0,2638.9,2721.6,2652.4,20463
2026-09-04,RPSGVENT,RPSG VENTURES LIMITED,836.55,872.85,829.0,831.4,833.3,23012
2026-09-04,RUBFILA,RUBFILA INTERNATIONAL LTD,66.42,72.0,66.05,70.69,66.42,76949
2026-09-04,RUBICON,RUBICON RESEARCH LIMITED,1788.8,1792.0,1752.2,1768.3,1775.7,113571
2026-09-04,RUCHINFRA,RUCHI INFRASTRUCTURE LTD,6.0,6.11,5.51,5.82,6.04,367135
2026-09-04,RUCHIRA,RUCHIRA PAPERS LIMITED,105.5,108.0,105.0,107.5,105.12,61272
2026-09-04,RUDRA,RUDRA GLOBAL INFRA PROD L,20.3,20.8,20.3,20.33,20.38,25195
2026-09-04,RUPA,RUPA & COMPANY LTD,144.43,145.4,143.05,144.49,144.43,81141
2026-09-04,RUSHIL,RUSHIL DECOR LIMITED,16.2,16.46,15.66,16.01,16.18,247963
2026-09-04,SAB,S A B INDUSTRIES LTD.,183.0,183.75,183.0,183.5,175.0,365
2026-09-04,SCHAND,S CHAND AND COMPANY LTD,136.0,137.99,135.35,136.41,136.73,10647
2026-09-04,SHK,S H KELKAR AND CO. LTD.,150.4,153.58,149.11,150.87,150.14,432026
2026-09-04,SVGLOBAL,S V GLOBAL MILL LTD.,162.0,172.81,157.15,163.62,144.01,286302
2026-09-04,S&SPOWER,S&S POWER SWITCHGEARS LTD,317.9,327.8,310.05,323.95,319.85,1826
2026-09-04,SPAL,S. P. APPARELS LIMITED,1062.8,1077.0,1025.0,1071.1,1062.8,64434
2026-09-04,SALSTEEL,S.A.L. STEEL LTD.,82.2,84.63,80.01,81.37,82.04,233867
2026-09-04,SAATVIKGL,SAATVIK GREEN ENERGY LTD,422.5,428.4,417.1,424.4,421.65,40616
2026-09-04,SADBHAV,SADBHAV ENGINEERING LTD,8.03,8.35,8.01,8.15,8.03,131919
2026-09-04,SAFARI,SAFARI IND (INDIA) LTD,1509.5,1550.1,1508.3,1540.4,1509.5,23964
2026-09-04,SAGCEM,SAGAR CEMENTS LIMITED,156.01,157.04,152.25,152.86,154.38,244455
2026-09-04,SAGARDEEP,SAGARDEEP ALLOYS LIMITED,23.76,24.0,23.53,23.62,23.76,5256
2026-09-04,SAGILITY,SAGILITY LIMITED,47.0,47.27,46.5,46.82,46.8,11136928
2026-09-04,SAHYADRI,SAHYADRI INDUSTRIES LTD,360.0,402.7,360.0,392.15,359.4,111187
2026-09-04,SAICAPI,SAI CAPITAL LTD.,160.2,163.8,155.1,157.56,157.05,1101
2026-09-04,SAILIFE,SAI LIFE SCIENCES LIMITED,1570.0,1622.0,1561.9,1584.3,1574.8,561938
2026-09-04,SAIPARENT,SAI PARENTERALS LIMITED,523.8,523.8,516.0,519.55,518.15,45947
2026-09-04,KALAMANDIR,SAI SILKS (KALAMANDIR) L,85.99,86.76,85.81,86.49,85.87,150963
2026-09-04,SEKURITIND,SAINT GOBAIN SEKUR IND L,113.95,116.0,113.95,114.56,114.67,31358
2026-09-04,SAKAR,SAKAR HEALTHCARE LIMITED,1012.0,1019.0,987.95,1013.9,1006.95,87982
2026-09-04,SAKSOFT,SAKSOFT LIMITED,153.69,156.4,153.01,154.58,153.69,179015
2026-09-04,SAKHTISUG,SAKTHI SUGARS LTD,20.35,20.4,19.61,19.78,20.35,175324
2026-09-04,SAKUMA,SAKUMA EXPORTS LIMITED,1.6,1.65,1.55,1.62,1.58,721220
2026-09-04,SALASAR,SALASAR TECHNO ENGG. LTD.,5.12,5.88,5.12,5.2,5.08,26712678
2026-09-04,SALONA,SALONA COTSPIN LTD.,259.5,274.75,259.0,269.95,262.9,74
2026-09-04,SALZERELEC,SALZER ELECTRONICS LTD,540.0,555.0,537.05,549.7,537.3,54544
2026-09-04,SAMBANDAM,SAMBANDAM SPINNING MILL L,120.0,125.0,120.0,123.23,120.0,206
2026-09-04,SAMBHAAV,SAMBHAAV MEDIA LTD,5.94,6.17,5.7,5.94,6.0,46902
2026-09-04,SAMBHV,SAMBHV STEEL TUBES LTD,130.7,131.8,127.0,128.69,129.64,1221798
2026-09-04,SAMHI,SAMHI HOTELS LIMITED,152.59,155.6,152.55,153.99,152.59,397845
2026-09-04,SAMMAANCAP,SAMMAAN CAPITAL LIMITED,155.0,161.0,153.51,158.39,153.7,13853349
2026-09-04,SAMPANN,SAMPANN UTPADAN INDIA LTD,24.31,25.58,24.31,25.19,24.61,10476
2026-09-04,MOTHERSON,SAMVRDHNA MTHRSN INTL LTD,162.01,162.9,160.26,160.7,162.0,7139764
2026-09-04,SANATHAN,SANATHAN TEXTILES LIMITED,441.05,474.95,441.05,456.2,433.05,330832
2026-09-04,SANDESH,SANDESH LTD,1069.0,1069.0,1035.0,1051.3,1050.9,750
2026-09-04,SANDHAR,SANDHAR TECHNOLOGIES LTD,631.0,635.0,617.15,624.0,627.85,143060
2026-09-04,SANDUMA,SANDUR MANG & IRON ORES L,198.0,199.5,196.5,197.83,197.89,375487
2026-09-04,SANGAMIND,SANGAM (INDIA) LTD,573.25,582.8,572.1,578.8,571.85,7685
2026-09-04,SANGHVIMOV,SANGHVI MOVERS LTD,456.4,472.0,436.65,439.2,453.0,455750
2026-09-04,SANOFICONR,SANOFI CONS HEALTHC IND L,4205.3,4234.9,4108.0,4201.7,4205.4,6432
2026-09-04,SANOFI,SANOFI INDIA LIMITED,3206.0,3207.8,3151.0,3158.2,3190.8,9898
2026-09-04,SANSERA,SANSERA ENGINEERING LTD,3808.8,3833.8,3733.7,3782.6,3789.6,101677
2026-09-04,SANSTAR,SANSTAR LIMITED,108.0,114.9,108.0,111.31,108.0,633145
2026-09-04,SAPPHIRE,SAPPHIRE FOODS INDIA LTD,228.5,233.99,225.56,228.43,228.76,713459
2026-09-04,ZSARACOM,SARASWATI COMM (INDIA) L,10096.0,11600.0,9808.0,11302.0,10227.0,221
2026-09-04,SSDL,SARASWATI SAREE DEPOT LTD,55.92,57.78,55.51,56.69,55.92,14090
2026-09-04,SARDAEN,SARDA ENERGY & MIN LTD,510.05,517.05,504.2,508.55,506.55,526969
2026-09-04,SAREGAMA,SAREGAMA INDIA LIMITED,498.4,500.0,488.1,492.75,493.65,353123
2026-09-04,SARLAPOLY,SARLA PERF. FIBERS LTD,102.75,102.98,97.75,100.2,102.15,97835
2026-09-04,SMLT,SARTHAK METALS LIMITED,65.8,70.0,63.12,65.59,64.59,7074
2026-09-04,SARVESHWAR,SARVESHWAR FOODS LIMITED,3.38,3.43,3.33,3.36,3.35,1228078
2026-09-04,SASKEN,SASKEN TECHNOLOGIES LTD,1925.4,1925.4,1870.5,1881.3,1902.4,12365
2026-09-04,SATIA,SATIA INDUSTRIES LIMITED,60.74,63.85,60.01,63.36,60.37,251939
2026-09-04,SATIN,SATIN CREDIT NET LTD,220.39,223.48,217.58,220.75,219.37,205973
2026-09-04,SAURASHCEM,SAURASHTRA CEMENT LIMITED,56.81,58.6,56.0,57.61,56.81,90990
2026-09-04,SOTL,SAVITA OIL TECHNOLO. LTD,743.0,744.95,731.15,740.75,737.35,273612
2026-09-04,SAYAJIHOTL,SAYAJI HOTELS LTD.,325.0,325.0,315.0,319.35,303.8,12
2026-09-04,SAYAJIIND,SAYAJI INDUSTRIES LTD.,119.89,119.89,116.01,116.11,119.89,103
2026-09-04,SBC,SBC EXPORTS LIMITED,43.48,46.89,43.45,45.76,43.25,13241116
2026-09-04,SBFC,SBFC FINANCE LIMITED,99.9,100.67,98.37,100.08,99.9,817043
2026-09-04,SBICARD,SBI CARDS & PAY SER LTD,661.0,668.7,656.3,658.25,661.0,1752698
2026-09-04,SBIFUNDS,SBI FUNDS MANAGEMENT LTD,563.9,565.5,558.9,562.1,564.0,1143214
2026-09-04,SBILIFE,SBI LIFE INSURANCE CO LTD,1715.0,1775.0,1707.4,1775.0,1715.0,1720166
2026-09-04,SETFGOLD,SBI-ETF GOLD,133.47,133.47,130.75,131.22,130.22,4422415
2026-09-04,SETFNIF50,SBI-ETF NIFTY 50,259.9,259.9,257.33,258.08,257.33,561856
2026-09-04,SETFNIFBK,SBI-ETF NIFTY BANK,593.87,593.87,589.83,590.86,591.31,18450
2026-09-04,SETFNN50,SBI-ETF NIFTY NEXT 50,787.52,799.0,781.73,785.05,783.6,80614
2026-09-04,LIQUIDSBI,SBIAMC - LIQUIDSBI,999.99,1000.01,999.99,1000.0,1000.01,5550
2026-09-04,SBIBPB,SBIAMC - SBIBPB,49.97,50.05,49.26,49.56,49.48,104576
2026-09-04,SBIETFCON,SBIAMC - SBIETFCON,122.54,122.54,119.7,119.89,120.31,13201
2026-09-04,SBIETFIT,SBIAMC - SBIETFIT,342.1,346.1,338.69,340.64,342.1,1908
2026-09-04,SBIETFPB,SBIAMC - SBIETFPB,290.89,290.89,282.98,283.57,285.51,2003
2026-09-04,SBIETFQLTY,SBIAMC - SBIETFQLTY,223.5,223.5,221.5,221.86,223.32,718
2026-09-04,SBILIQETF,SBIAMC - SBILIQETF,1054.81,1054.83,1054.81,1054.81,1054.43,104098
2026-09-04,SBIMIDMOM,SBIAMC - SBIMIDMOM,63.7,64.07,63.56,63.73,63.87,5431
2026-09-04,SBINEQWETF,SBIAMC - SBINEQWETF,33.2,33.31,33.1,33.26,33.13,26479
2026-09-04,SBINMID150,SBIAMC - SBINMID150,23.59,23.59,23.26,23.3,23.32,11172
2026-09-04,SBISILVER,SBIAMC - SBISILVER,226.74,229.16,226.74,228.31,225.5,717256
2026-09-04,SBISMLETF,SBIAMC - SBISMLETF,18.47,18.67,18.47,18.55,18.47,29237
2026-09-04,SBIVALETF,SBIAMC - SBIVALETF,14.72,14.75,14.66,14.75,14.65,5269
2026-09-04,SETF10GILT,SBIAMC - SETF10GILT,264.0,264.49,263.01,263.1,263.85,7480
2026-09-04,SCHAEFFLER,SCHAEFFLER INDIA LIMITED,3950.0,4004.6,3871.7,3956.4,3950.6,53652
2026-09-04,SCHNEIDER,SCHNEIDER ELECTRIC INFRA,1198.0,1235.7,1192.2,1232.4,1191.0,255402
2026-09-04,SCODATUBES,SCODA TUBES LIMITED,134.8,136.59,131.2,135.02,134.95,215520
2026-09-04,SEAMECLTD,SEAMEC LIMITED,1787.0,1804.0,1770.5,1793.6,1786.6,130765
2026-09-04,SECMARK,SECMARK CONSULTANCY LTD,148.46,150.0,144.4,144.4,148.46,1139
2026-09-04,SECURKLOUD,SECUREKLOUD TECH LIMITED,17.58,17.8,16.98,17.01,17.41,24259
2026-09-04,SEDEMAC,SEDEMAC MECHATRONICS LTD,2916.2,2919.0,2800.0,2814.4,2905.9,102621
2026-09-04,SEJALLTD,SEJAL GLASS LIMITED,670.1,674.75,648.0,657.5,672.45,5519
2026-09-04,SELMC,SEL MANUFACTURING CO LTD,29.5,29.5,26.53,27.5,27.17,4456
2026-09-04,SEMAC,SEMAC CONSTRUCTION LTD,298.9,298.9,276.05,277.25,290.55,4531
2026-09-04,SENCO,SENCO GOLD LIMITED,349.85,362.8,349.85,358.65,349.05,1141834
2026-09-04,SENORES,SENORES PHARMACEUTICALS L,1442.8,1465.9,1420.0,1428.4,1430.4,124425
2026-09-04,SEPC,SEPC LIMITED,5.39,5.44,5.35,5.38,5.37,7339250
2026-09-04,SERVOTECH,SERVOTECH REN POW SYS LTD,80.7,82.26,78.88,79.62,80.25,492370
2026-09-04,STYL,SESHAASAI TECHNOLOGIES L,393.0,399.0,380.1,383.5,387.05,123059
2026-09-04,SESHAPAPER,SESHASAYEE PAPER & BOARDS,236.0,236.0,231.0,233.09,234.51,18854
2026-09-04,SGFIN,SG FINSERVE LIMITED,682.5,682.5,655.9,675.7,676.8,164000
2026-09-04,SGMART,SG MART LIMITED,822.0,834.05,815.55,824.75,815.85,114546
2026-09-04,SGLRES,SGL RESOURCES LIMITED,2.5,2.5,2.32,2.41,2.39,58369
2026-09-04,SHADOWFAX,SHADOWFAX TECHNOLOGIES L,260.9,262.3,256.25,259.55,259.9,1649661
2026-09-04,SHAH,SHAH METACORP LIMITED,3.53,3.6,3.45,3.51,3.49,1297179
2026-09-04,SHAILY,SHAILY ENG PLASTICS LTD,3265.0,3310.0,3240.0,3278.3,3267.1,77257
2026-09-04,SHAKTIPUMP,SHAKTI PUMPS (I) LTD,475.0,482.8,470.8,473.0,472.2,419668
2026-09-04,SHALBY,SHALBY LIMITED,152.65,154.49,152.0,152.71,152.64,31700
2026-09-04,SAHLIBHFI,SHALIBHADRA FINANCE LTD,88.52,90.8,88.0,89.52,89.12,43843
2026-09-04,SRD,SHANKAR LAL RAMPAL LTD,39.66,40.19,39.27,39.33,39.66,26155
2026-09-04,SHANKARA,SHANKARA BLDG PRODUCT LTD,147.01,148.99,147.01,148.18,147.09,46914
2026-09-04,BUILDPRO,SHANKARA BUILDPRO LIMITED,1288.8,1305.0,1282.5,1298.2,1288.8,351369
2026-09-04,SHANKESH,SHANKESH JEWELLERS LTD,97.35,103.45,97.0,98.92,97.4,8474688
2026-09-04,SHANTIGEAR,SHANTHI GEARS LTD,600.0,637.45,586.85,621.75,582.8,1612281
2026-09-04,SEIL,SHANTI EDU INITIATIVES L,202.1,202.34,198.5,200.76,202.34,440822
2026-09-04,SHANTIGOLD,SHANTI GOLD INTERNATION L,247.01,259.48,246.0,256.34,245.05,2489253
2026-09-04,SHANTI,SHANTI OVERSEAS INDIA LTD,6.31,6.57,6.11,6.25,6.31,24947
2026-09-04,SHINDL,SHARAT INDUSTRIES LTD.,159.07,163.0,156.2,162.42,159.35,220380
2026-09-04,SHARDACROP,SHARDA CROPCHEM LTD.,771.65,780.5,765.0,768.35,772.75,105369
2026-09-04,SHARDAMOTR,SHARDA MOTOR INDS LTD,879.05,885.45,872.6,881.95,877.9,27320
2026-09-04,SHAREINDIA,SHARE IND. SECURITIES LTD,171.06,172.75,170.1,170.5,169.27,316097
2026-09-04,SFL,SHEELA FOAM LIMITED,647.0,650.2,642.1,646.8,644.9,59553
2026-09-04,SHERVANI,SHERVANI INDUSTRIAL SYN L,316.0,319.95,315.05,315.1,315.05,78
2026-09-04,SHILCTECH,SHILCHAR TECHNOLOGIES LTD,4045.2,4104.5,4023.5,4065.3,4041.6,17962
2026-09-04,SHILGRAVQ,SHILP GRAVURES LTD.,149.42,151.0,143.0,144.8,150.42,9295
2026-09-04,SHILPAMED,SHILPA MEDICARE LTD,956.15,973.9,946.2,964.15,956.15,652726
2026-09-04,SCILAL,SHIPPING CORP OF ILA LTD,40.1,40.1,39.7,39.77,40.02,196582
2026-09-04,SCI,SHIPPING CORP OF INDIA LT,296.4,300.25,293.75,295.35,294.95,1792086
2026-09-04,SHIPROCKET,SHIPROCKET LIMITED,137.19,138.2,134.21,135.92,135.89,4989875
2026-09-04,SHIVAUM,SHIV AUM STEELS LIMITED,449.9,455.0,448.0,448.05,450.0,1042
2026-09-04,SHIVACEM,SHIVA CEMENT LTD.,16.09,16.89,15.4,15.97,15.7,55679
2026-09-04,SHIVAAGRO,SHIVA GLOBAL AGRO INDS. L,41.7,41.7,40.25,41.39,42.9,4883
2026-09-04,SHIVAMILLS,SHIVA MILLS LIMITED,59.0,62.0,59.0,60.5,61.58,438
2026-09-04,SHIVATEX,SHIVA TEXYARN LIMITED,185.25,187.49,181.11,182.86,182.22,15793
2026-09-04,SBCL,SHIVALIK BIMETAL CON. LTD,1189.3,1215.7,1102.4,1121.1,1155.9,810275
2026-09-04,SHIVAMAUTO,SHIVAM AUTO.LTD,18.4,18.4,17.32,18.01,17.8,77913
2026-09-04,SHOPERSTOP,SHOPPERS STOP LIMITED,391.45,394.95,381.0,381.75,391.45,14069
2026-09-04,SHRADDHA,SHRADDHA PRIME PROJECTS L,157.49,159.8,153.21,156.48,152.78,3120
2026-09-04,SHRADHA,SHRADHA REALTY LIMITED,31.9,32.0,31.15,31.48,31.9,16176
2026-09-04,SHREEPUSHK,SHRE PUSH CHEM & FERT LTD,482.2,483.0,465.0,475.25,477.45,50352
2026-09-04,SAPPL,SHREE AJIT PULP & PAPER L,292.0,292.0,275.45,281.85,280.6,796
2026-09-04,SHREECEM,SHREE CEMENT LIMITED,23850.0,24140.0,23780.0,23855.0,23910.0,15350
2026-09-04,SHREDIGCEM,SHREE DIGVIJAY CEM CO LTD,74.28,74.79,72.98,74.44,74.28,189709
2026-09-04,SGRL,SHREE GANESH REMEDIES LTD,684.0,717.0,684.0,708.55,684.1,22022
2026-09-04,SRTL,SHREE RAM TWISTEX LIMITED,36.72,37.85,36.5,37.71,36.72,29437
2026-09-04,SHREERAMA,SHREE RAMA MULTI TECH LTD,43.82,45.29,43.82,44.12,44.52,51339
2026-09-04,RAMANEWS,SHREE RAMA NEWSPRINT LTD,32.96,32.96,31.66,31.75,32.35,4990
2026-09-04,RENUKA,SHREE RENUKA SUGARS LTD,24.3,24.66,23.46,24.04,24.27,13578560
2026-09-04,BALAJEE,SHREE TIRUPATI BALAJEE L,26.65,26.65,26.11,26.16,26.15,17375
2026-09-04,SHREEJISPG,SHREEJI SHIPPING GLOBAL L,670.65,684.0,657.3,680.15,664.25,2336669
2026-09-04,OSWALSEEDS,SHREEOSWAL S AND CHE LTD,11.61,12.0,11.61,11.72,11.92,48433
2026-09-04,SHREYANIND,SHREYANS INDUSTRIES LTD,130.0,130.7,126.9,128.93,129.3,6128
2026-09-04,SHBAJRG,SHRI BAJRANG ALLIANCE L,161.05,165.0,160.02,160.67,160.83,2205
2026-09-04,SHRJAGP,SHRI JAGDAMBA POLYMERS L,621.3,636.0,600.05,625.65,621.3,782
2026-09-04,SHRIKRISH,SHRI KRISHNA DEVCON LTD.,41.0,41.0,39.0,39.79,38.85,1225
2026-09-04,VASUPRADA,SHRI VASUPRADA PLANTATI L,107.1,107.1,107.1,107.1,102.0,1
2026-09-04,SHRINGARMS,SHRINGAR HOU OF MANGALS L,218.35,222.7,216.51,217.91,217.28,255200
2026-09-04,LIQUIDSHRI,SHRIRAM - LIQUIDSHRI,1120.31,1120.33,1120.31,1120.33,1119.96,20717
2026-09-04,SHRIRAMFIN,SHRIRAM FINANCE LIMITED,1044.2,1052.8,1037.0,1041.0,1044.2,4135730
2026-09-04,SHRIRAMPPS,SHRIRAM PROPERTIES LTD,76.8,77.28,76.02,76.9,75.68,248858
2026-09-04,SHUKRAPHAR,SHUKRA PHARMACEUTICALS L,53.39,55.54,51.66,51.93,51.93,4036493
2026-09-04,SHYAMMETL,SHYAM METALICS AND ENGY L,1079.9,1087.3,1058.6,1065.3,1076.4,199343
2026-09-04,SHYAMTEL,SHYAM TELECOM LIMITED,11.25,11.93,11.06,11.6,11.42,2583
2026-09-04,SICAGEN,SICAGEN INDIA LIMITED,59.45,59.45,57.93,58.28,58.65,18933
2026-09-04,ENRIN,SIEMENS ENERGY INDIA LTD,3160.0,3186.8,3106.0,3115.7,3155.2,262111
2026-09-04,SIEMENS,SIEMENS LTD,4042.0,4042.0,3974.1,3977.0,4030.0,177116
2026-09-04,SIGACHI,SIGACHI INDUSTRIES LTD,32.55,35.6,32.31,34.74,32.55,9215095
2026-09-04,SIGMA,SIGMA SOLVE LIMITED,48.0,48.22,45.77,46.66,47.42,132618
2026-09-04,SIGNATURE,SIGNATUREGLOBAL INDIA LTD,795.0,809.9,783.0,796.55,794.2,239499
2026-09-04,SIGNPOST,SIGNPOST INDIA LIMITED,245.7,250.8,243.0,244.25,245.45,56184
2026-09-04,SIKA,SIKA INTERPLANT SYSTEMS L,974.0,1013.7,974.0,996.1,974.75,31520
2026-09-04,SILINV,SIL INVESTMENTS LIMITED,484.9,491.9,470.0,478.8,487.5,2201
2026-09-04,SILGO,SILGO RETAIL LIMITED,71.45,71.71,67.3,69.97,71.16,113233
2026-09-04,SILLYMONKS,SILLY MONKS ENTERTAIN LTD,15.6,16.49,15.6,16.19,16.24,2494
2026-09-04,SILVERTUC,SILVER TOUCH TECHNO LTD,169.38,170.4,166.68,167.97,169.72,373676
2026-09-04,SIMPLEXINF,SIMPLEX INFRASTRUCTURES L,270.0,274.0,264.35,270.5,266.95,96034
2026-09-04,SIMPLXREA,SIMPLEX REALTY LTD.,143.98,143.98,142.99,142.99,139.5,12
2026-09-04,SINCLAIR,SINCLAIRS HOTELS LIMITED,84.0,84.75,82.6,83.5,83.85,26997
2026-09-04,SINDHUTRAD,SINDHU TRADE LINKS LTD,24.15,25.9,23.91,25.28,23.95,11832177
2026-09-04,SINGERIND,SINGER INDIA LIMITED,76.63,81.99,75.12,76.98,75.88,170692
2026-09-04,SINTERCOM,SINTERCOM INDIA LIMITED,81.2,90.0,79.62,80.8,79.61,10325
2026-09-04,SIRCA,SIRCA PAINT INDIA LIMITED,440.5,443.0,437.0,439.25,440.4,156696
2026-09-04,SIS,SIS LIMITED,435.85,436.65,428.05,430.95,435.85,390191
2026-09-04,SIYSIL,SIYARAM SILK MILLS LTD,558.65,558.9,549.95,552.65,558.65,28594
2026-09-04,SJS,SJS ENTERPRISES LIMITED,2411.1,2411.1,2285.0,2306.1,2411.1,229418
2026-09-04,SJVN,SJVN LTD,65.05,65.55,64.75,65.23,64.98,1260938
2026-09-04,SKFINDUS,SKF IND (INDUSTRIAL) LTD,3070.0,3081.9,2981.0,3002.5,3062.8,33944
2026-09-04,SKFINDIA,SKF INDIA LTD,1533.0,1563.9,1533.0,1553.2,1540.6,91130
2026-09-04,SKIPPER,SKIPPER LIMITED,538.15,609.0,533.75,591.1,546.9,10118419
2026-09-04,SKMEGGPROD,SKM EGG PROD EXPORT(I) LT,261.8,263.45,255.7,257.1,262.4,242481
2026-09-04,SKYGOLD,SKY GOLD AND DIAMONDS LTD,742.0,788.0,733.0,781.45,742.0,1069790
2026-09-04,SKYWAYS,SKYWAYS AIR SERVICES LTD,131.5,133.65,120.1,122.72,130.06,8338807
2026-09-04,SMARTWORKS,SMARTWORKS COWORKING SP L,536.7,548.8,535.25,541.5,531.4,44075
2026-09-04,SMCGLOBAL,SMC GLOBAL SECURITIES LTD,79.99,81.9,79.0,81.25,79.42,865274
2026-09-04,SMLMAH,SML MAHINDRA LIMITED,5725.0,6298.5,5719.5,6298.5,5726.0,427607
2026-09-04,SMSPHARMA,SMS PHARMACEUTICALS LTD.,374.0,398.4,373.0,392.5,374.15,473075
2026-09-04,SNOWMAN,SNOWMAN LOGISTICS LTD.,36.5,37.0,36.3,36.85,36.41,75311
2026-09-04,SOBHA,SOBHA LIMITED,1273.3,1276.6,1243.1,1263.8,1259.1,74200
2026-09-04,SOFTTECH,SOFTTECH ENGINEERS LTD,421.9,425.0,414.4,423.15,421.8,2760
2026-09-04,SOLARINDS,SOLAR INDUSTRIES (I) LTD,21500.0,21695.0,21345.0,21445.0,21500.0,127515
2026-09-04,SOLARA,SOLARA ACTIVE PHA SCI LTD,628.0,652.0,619.0,639.15,629.85,396998
2026-09-04,SOLARWORLD,SOLARWORLD ENERGY SOL LTD,150.99,153.23,148.2,149.32,149.76,219235
2026-09-04,SOLEX,SOLEX ENERGY LIMITED,734.8,761.0,720.0,725.3,728.95,113401
2026-09-04,SDBL,SOM DIST & BREW LTD,72.82,74.55,72.15,74.0,72.62,578202
2026-09-04,SOMATEX,SOMA TEXTILES & INDUST LT,96.74,97.38,88.25,90.22,92.75,33507
2026-09-04,SOMANYCERA,SOMANY CERAMICS LIMITED,573.0,573.6,552.55,557.35,569.5,78257
2026-09-04,SOMICONVEY,SOMI CONVEYOR BELT. LTD.,95.0,95.0,90.56,91.33,92.21,8738
2026-09-04,SONACOMS,SONA BLW PRECISION FRGS L,800.0,805.5,783.2,789.0,800.0,816762
2026-09-04,SONAL,SONAL MERCANTILE LTD.,88.98,88.98,88.9,88.98,88.99,5
2026-09-04,SONATSOFTW,SONATA SOFTWARE LTD,286.25,291.05,282.15,285.25,284.0,830434
2026-09-04,SOUTHWEST,SOUTH WEST PINNACLE LTD,211.25,220.0,211.25,212.92,213.12,139283
2026-09-04,SPCENET,SPACENET ENTERS IND LTD,3.35,3.53,3.3,3.41,3.24,1308892
2026-09-04,SPANDANA,SPANDANA SPHOORTY FIN LTD,238.29,242.0,238.29,239.81,236.52,79485
2026-09-04,SPELS,SPEL SEMICONDUCTOR LTD,150.5,150.5,148.0,149.38,148.61,17175
2026-09-04,SPENCERS,SPENCER S RETAIL LIMITED,29.4,29.4,28.12,28.5,28.57,24318
2026-09-04,SPIC,SPIC LTD,71.15,72.99,71.0,71.28,71.13,648651
2026-09-04,SPLIL,SPL INDUSTRIES LIMITED,31.4,32.5,29.97,30.39,30.97,20970
2026-09-04,SPMLINFRA,SPML INFRA LIMITED,173.6,183.58,172.38,181.41,173.31,407685
2026-09-04,SPORTKING,SPORTKING INDIA LIMITED,232.0,233.99,225.4,229.22,230.6,266293
2026-09-04,SHRIPISTON,SPR AUTO TECHNOLOGIES LTD,4551.3,4568.9,4420.0,4536.9,4551.3,68512
2026-09-04,SRHHYPOLTD,SREE RAYALSEEMA HHP LTD.,512.95,542.0,507.1,531.05,508.9,49199
2026-09-04,SREEL,SREELEATHERS LIMITED,259.0,268.8,259.0,265.52,258.96,21434
2026-09-04,SRF,SRF LTD,2631.1,2631.1,2532.2,2547.0,2617.0,352418
2026-09-04,SRGHFL,SRG HOUSING FINANCE L,249.7,261.0,241.0,245.45,249.7,3956
2026-09-04,HAVISHA,SRI HAVISHA HOSP & INFR L,1.47,1.47,1.4,1.41,1.4,107777
2026-09-04,SRIKPRIND,SRI KPR INDUSTRIES LTD.,36.8,36.8,31.11,33.38,33.46,388915
2026-09-04,SRM,SRM CONTRACTORS LIMITED,475.0,483.6,457.95,462.35,470.3,129358
2026-09-04,SETL,STANDARD ENGNG TCNLGY LTD,395.0,410.7,390.1,408.95,391.15,1430578
2026-09-04,SIL,STANDARD INDUSTRIES LTD.,19.91,19.91,19.22,19.59,19.52,66127
2026-09-04,STANLEY,STANLEY LIFESTYLES LTD,137.4,138.99,135.0,135.48,137.46,62857
2026-09-04,STARCEMENT,STAR CEMENT LIMITED,184.47,192.8,184.0,190.19,184.47,192236
2026-09-04,STARHEALTH,STAR HEALTH & AL INS CO L,562.2,567.8,553.05,557.35,559.35,260539
2026-09-04,STARPAPER,STAR PAPER MILLS LTD,155.24,155.24,150.0,151.42,154.47,11085
2026-09-04,STARTECK,STARTECK FINANCE LIMITED,249.8,250.95,244.1,249.25,245.55,162
2026-09-04,SBIN,STATE BANK OF INDIA,1026.0,1029.2,1016.1,1016.1,1023.4,6724566
2026-09-04,SAIL,STEEL AUTHORITY OF INDIA,197.86,200.1,194.3,196.8,197.0,19094202
2026-09-04,STEELCITY,STEEL CITY SECURITIES LTD,87.9,87.9,85.0,85.55,86.47,6956
2026-09-04,STEELXIND,STEEL EXCHANGE INDIA LTD,11.78,11.8,11.2,11.34,11.31,3888782
2026-09-04,STLSTRINF,STEEL STRIPS INFRA L,19.5,20.2,19.0,19.55,19.49,168
2026-09-04,SSWL,STEEL STRIPS WHEELS LTD.,360.75,365.7,348.5,361.85,360.8,1006017
2026-09-04,STEELCAS,STEELCAST LIMITED,318.0,332.4,314.05,328.05,317.85,106510
2026-09-04,STEL,STEL HOLDINGS LIMITED,615.05,616.0,598.2,607.9,606.95,3953
2026-09-04,SGL,STL GLOBAL LIMITED,10.31,10.31,9.93,10.05,10.26,2432
2026-09-04,STLNETWORK,STL NETWORKS LIMITED,28.01,28.87,27.78,28.87,27.5,2164957
2026-09-04,STOVEKRAFT,STOVE KRAFT LIMITED,840.9,849.0,825.0,832.55,839.75,93139
2026-09-04,STAR,STRIDES PHARMA SCI LTD,1053.1,1066.5,1040.0,1059.6,1053.6,217190
2026-09-04,SWSOLAR,STRLNG & WIL REN ENE LTD,188.2,191.85,185.5,186.23,187.79,580711
2026-09-04,STUDDS,STUDDS ACCESSORIES LTD,431.35,431.35,422.7,424.2,426.95,34112
2026-09-04,STYLAMIND,STYLAM INDUSTRIES LIMITED,3272.4,3400.0,3230.1,3387.4,3240.9,65092
2026-09-04,STYRENIX,STYRENIX PERFORMANCE LTD,2007.6,2078.0,2007.6,2043.2,2007.0,30372
2026-09-04,SUBEXLTD,SUBEX LTD,17.65,17.85,17.21,17.28,17.69,1970415
2026-09-04,SUBROS,SUBROS LIMITED,705.85,718.0,705.25,709.6,705.85,26816
2026-09-04,SUDARSCHEM,SUDARSHAN CHEMICAL INDS L,1249.0,1253.6,1216.0,1222.8,1249.3,186180
2026-09-04,SUDARCOLOR,SUDARSHAN COLORNT IND LTD,390.6,394.6,381.0,383.45,388.0,7856
2026-09-04,SUDEEPPHRM,SUDEEP PHARMA LIMITED,1300.1,1357.4,1300.0,1329.3,1292.8,242835
2026-09-04,SUKHJITS,SUKHJIT STARCH & CHEM LTD,157.81,159.8,157.01,157.86,157.71,4696
2026-09-04,SULA,SULA VINEYARDS LIMITED,147.56,150.0,147.5,149.0,147.56,170121
2026-09-04,SUMEDHA,SUMEDHA FISCAL SERVICES L,39.4,39.49,38.75,39.01,38.51,3377
2026-09-04,SUMEETINDS,SUMEET IND LIMITED,11.65,11.65,11.14,11.5,11.44,1120467
2026-09-04,SUMIT,SUMIT WOODS LIMITED,53.0,53.0,50.79,51.71,51.57,9572
2026-09-04,SUMICHEM,SUMITOMO CHEM INDIA LTD,500.0,504.9,490.2,493.4,498.35,142729
2026-09-04,SUMMITSEC,SUMMIT SECURITIES LTD,1459.0,1459.0,1431.0,1434.2,1442.3,1566
2026-09-04,SPARC,SUN PHARMA ADV.RES.CO.LTD,202.5,203.19,199.0,199.47,202.54,588034
2026-09-04,SUNPHARMA,SUN PHARMACEUTICAL IND L,1912.0,1917.3,1895.0,1899.0,1916.0,761333
2026-09-04,SUNTV,SUN TV NETWORK LIMITED,465.95,482.7,464.95,470.9,465.9,846938
2026-09-04,SUNCLAY,SUNDARAM CLAYTON LIMITED,1296.8,1311.9,1285.7,1304.4,1291.3,3165
2026-09-04,SUNDARMFIN,SUNDARAM FINANCE LTD,4561.0,4656.3,4561.0,4648.7,4578.0,19600
2026-09-04,SUNDARAM,SUNDARAM MULTI PAP LTD,1.23,1.26,1.21,1.23,1.23,323987
2026-09-04,SUNDRMFAST,SUNDRAM FASTENERS LTD,1200.0,1217.0,1194.4,1212.3,1199.1,44457
2026-09-04,SUNDROP,SUNDROP BRANDS LIMITED,656.4,666.05,654.6,662.5,656.4,6390
2026-09-04,SUNFLAG,SUNFLAG IRON AND STEEL CO,349.95,350.75,342.2,343.7,346.5,90403
2026-09-04,SUNLOC,SUNIL HEALTHCARE LTD.,79.99,79.99,79.98,79.98,79.99,41
2026-09-04,SUNRAKSHAK,SUNRAKSHAKK INDUS IND L,370.0,375.0,365.0,369.55,373.8,13415
2026-09-04,SUNSHIEL,SUNSHIELD CHEMICALS LTD.,1169.5,1169.5,1140.1,1144.9,1145.1,981
2026-09-04,SUNSHINE,SUNSHINE PICTURES LIMITED,443.05,476.85,440.0,441.45,438.8,2746047
2026-09-04,SUNTECK,SUNTECK REALTY LIMITED,297.5,300.7,297.5,299.5,297.75,71967
2026-09-04,SUPERHOUSE,SUPERHOUSE LIMITED,168.74,171.0,166.54,169.23,168.74,2738
2026-09-04,SIEL,SUPERIOR INDUSTRIAL ENT L,32.0,32.0,30.88,31.9,30.89,748
2026-09-04,SUPRAJIT,SUPRAJIT ENGINEERING LTD,488.0,488.0,476.5,479.45,489.7,56637
2026-09-04,SUPREME,SUPREME HOLDIN N HOSP I L,37.7,37.7,36.12,36.27,36.21,8259
2026-09-04,SUPREMEIND,SUPREME INDUSTRIES LTD,3509.9,3526.4,3475.0,3475.0,3508.1,139232
2026-09-04,SUPREMEINF,SUPREME INFRA. LTD.,85.18,85.18,82.75,83.42,83.49,16081
2026-09-04,SPLPETRO,SUPREME PETROCHEM LIMITED,725.0,783.0,724.95,771.05,725.8,1726190
2026-09-04,SUPRIYA,SUPRIYA LIFESCIENCE LTD,838.55,868.0,838.55,852.85,842.7,324059
2026-09-04,SURAJEST,SURAJ ESTATE DEVELOPERS L,177.9,181.48,177.52,178.25,177.8,129331
2026-09-04,SURAJLTD,SURAJ LIMITED,204.0,204.99,201.0,201.79,203.17,3832
2026-09-04,SURAKSHA,SURAKSHA DIAGNOSTIC LTD,339.6,340.7,331.0,332.45,339.6,38299
2026-09-04,SURANASOL,SURANA SOLAR LIMITED,26.0,27.75,25.9,26.11,25.94,96327
2026-09-04,SURANAT&P,SURANA TELECOM AND POW LT,16.49,16.6,16.12,16.57,16.21,29385
2026-09-04,SBGLP,SURATWWALA BUS GROUP LTD,25.68,25.68,23.6,23.96,24.68,12199
2026-09-04,SURYAROSNI,SURYA ROSHNI LTD,216.66,220.58,215.96,216.49,216.66,449482
2026-09-04,SURYALAXMI,SURYALAKSHMI COT MIL LTD,61.0,62.49,60.01,60.79,60.03,1013
2026-09-04,SURYALA,SURYALATA SPINNING MILL L,419.9,419.9,405.0,411.85,407.7,1694
2026-09-04,SURYODAY,SURYODAY SMALL FIN BK LTD,152.6,154.31,151.2,152.07,153.57,130519
2026-09-04,SUVEN,SUVEN LIFE SCIENCES LTD,382.0,388.45,376.7,378.0,378.35,494667
2026-09-04,SUVIDHAA,SUVIDHAA INFOSERVE LTD,2.16,2.47,2.01,2.42,2.06,651333
2026-09-04,SUYOG,SUYOG TELEMATICS LIMITED,747.55,747.55,723.0,731.2,737.3,10651
2026-09-04,SUZLON,SUZLON ENERGY LIMITED,46.11,46.37,45.03,45.35,46.03,55366085
2026-09-04,SVPGLOB,SVP GLOBAL TEXTILES LTD,3.58,3.71,3.5,3.65,3.59,48032
2026-09-04,SWANCORP,SWAN CORP LIMITED,283.5,286.45,279.9,281.5,284.1,810711
2026-09-04,SWARAJENG,SWARAJ ENGINES LTD,3544.1,3672.0,3540.0,3557.8,3554.7,6552
2026-09-04,SWARNSAR,SWARNSARITA JEWELS IND L,35.05,35.44,34.17,35.25,35.48,6016
2026-09-04,SWELECTES,SWELECT ENERGY SYS LTD,584.0,584.0,570.25,572.5,576.9,17212
2026-09-04,SWIGGY,SWIGGY LIMITED,269.3,284.4,269.3,276.1,269.3,184369387
2026-09-04,SYMBIOTEC,SYMBIOTEC PHARMALAB LTD,1085.05,1099.7,1056.0,1078.25,1076.85,1509878
2026-09-04,SYMPHONY,SYMPHONY LIMITED,573.0,582.5,573.0,580.35,572.8,32564
2026-09-04,SYNCOMF,SYNCOM FORMU (I) LTD,20.93,21.88,20.01,20.58,21.36,16788160
2026-09-04,SGIL,SYNERGY GREEN IND. LTD,612.85,612.85,600.0,606.2,603.8,4698
2026-09-04,SYNGENE,SYNGENE INTERNATIONAL LTD,399.7,403.15,394.3,395.6,400.8,522372
2026-09-04,SYRMA,SYRMA SGS TECHNOLOGY LTD,1455.2,1470.0,1450.4,1457.3,1452.8,569018
2026-09-04,TGVSL,T G V SRAAC LTD.,109.8,114.24,108.01,109.98,108.57,615070
2026-09-04,TTL,T T LIMITED,7.03,7.08,6.77,6.81,6.86,210015
2026-09-04,TAALTECH,TAAL TECH LTD.,4600.0,4634.8,4475.2,4502.2,4496.0,5834
2026-09-04,TAINWALCHM,TAINWALA CHEMICAL AND PLA,207.63,215.5,207.6,213.71,207.63,1124
2026-09-04,TAJGVK,TAJ GVK HOTELS & RESORTS,333.7,336.5,330.35,332.55,333.8,150325
2026-09-04,TAKE,TAKE LIMITED,12.52,13.82,12.52,13.82,13.17,918186
2026-09-04,TALBROAUTO,TALBROS AUTO. COMP. LTD,412.15,413.45,401.5,407.75,412.15,76183
2026-09-04,TMB,TAMILNAD MERCA BANK LTD,949.95,949.95,929.0,932.45,942.45,131784
2026-09-04,TNPL,TAMILNADU NEWSPRT & PAPER,154.36,158.8,152.5,155.75,154.36,382264
2026-09-04,TNPETRO,TAMILNADU PETROPRODUCTS L,136.99,136.99,131.55,132.7,137.81,1119931
2026-09-04,TNTELE,TAMILNADU TELECOMMUNICATI,8.83,9.07,8.83,8.88,8.86,22878
2026-09-04,TANAA,TANEJA AEROSPACE & AVIA L,282.35,287.4,280.0,282.15,282.35,9298
2026-09-04,TANLA,TANLA PLATFORMS LIMITED,515.45,528.95,515.45,521.15,514.8,368770
2026-09-04,TARACHAND,TARA CHAND INFRA SOLN LTD,48.75,49.39,48.0,48.78,48.33,54428
2026-09-04,TARAPUR,TARAPUR TRANSFORMERS LTD,13.55,13.55,12.21,13.03,13.33,46363
2026-09-04,TARC,TARC LIMITED,124.2,127.98,123.05,126.99,124.19,355398
2026-09-04,TARMAT,TARMAT LIMITED,64.49,64.79,60.55,61.23,64.49,36316
2026-09-04,TARSONS,TARSONS PRODUCTS LIMITED,336.5,341.4,333.0,335.55,336.5,63661
2026-09-04,TASTYBITE,TASTY BITE EATABLES LTD,10132.0,10224.0,9945.0,9982.0,10052.0,1301
2026-09-04,TATACAP,TATA CAPITAL LIMITED,371.85,376.85,371.3,375.05,371.85,1331842
2026-09-04,TATACHEM,TATA CHEMICALS LTD,630.0,634.5,624.0,625.1,641.35,991042
2026-09-04,TATACOMM,TATA COMMUNICATIONS LTD,1696.4,1763.0,1696.4,1756.1,1696.4,276930
2026-09-04,TCS,TATA CONSULTANCY SERV LT,2330.0,2363.9,2302.4,2304.0,2320.1,2564322
2026-09-04,TATACONSUM,TATA CONSUMER PRODUCT LTD,1020.0,1022.9,1008.5,1010.0,1019.2,1030689
2026-09-04,TATAELXSI,TATA ELXSI LIMITED,3625.0,3659.5,3525.0,3558.0,3580.0,203529
2026-09-04,TATAINVEST,TATA INVESTMENT CORP LTD,637.95,644.0,631.55,633.7,637.95,130701
2026-09-04,TMCV,TATA MOTORS LIMITED,462.85,469.2,456.2,458.2,460.35,6245264
2026-09-04,TMPV,TATA MOTORS PASS VEH LTD,312.0,315.5,310.65,311.5,312.0,4010174
2026-09-04,TATAPOWER,TATA POWER CO LTD,365.1,368.5,364.1,368.0,365.7,3826383
2026-09-04,TATASTEEL,TATA STEEL LIMITED,184.2,189.9,182.84,188.79,184.2,36500951
2026-09-04,TATATECH,TATA TECHNOLOGIES LIMITED,808.05,830.95,796.1,800.0,805.1,1067933
2026-09-04,TTML,TATA TELESERV(MAHARASTRA),38.0,38.45,37.65,37.74,38.01,1380442
2026-09-04,NETF,TATAAML - NETF,262.0,263.89,260.0,261.4,260.55,5315
2026-09-04,NPBET,TATAAML - NPBET,292.57,292.57,288.29,290.32,292.64,1194
2026-09-04,TNIDETF,TATAAML - TNIDETF,88.73,92.17,88.73,90.94,91.01,57515
2026-09-04,TATAGOLD,TATAAML-TATAGOLD,14.82,15.04,14.82,14.94,14.82,44264152
2026-09-04,TATSILV,TATAAML-TATSILV,22.35,22.79,22.35,22.62,22.34,34470366
2026-09-04,TATVA,TATVA CHIN PHARM CHEM LTD,1609.9,1688.0,1580.1,1678.5,1596.2,85803
2026-09-04,TBOTEK,TBO TEK LIMITED,1733.7,1734.9,1671.5,1688.9,1733.7,66445
2026-09-04,TCC,TCC CONCEPT LIMITED,47.33,49.22,43.8,44.1,233.13,578711
2026-09-04,TCIEXP,TCI EXPRESS LIMITED,549.5,557.0,539.0,552.9,541.3,65210
2026-09-04,TCPLPACK,TCPL PACKAGING LIMITED,3971.4,4157.2,3921.0,4091.9,3956.6,15468
2026-09-04,TDPOWERSYS,TD POWER SYSTEMS LTD.,723.0,742.8,717.95,740.1,722.55,1283741
2026-09-04,TEAMGTY,TEAM INDIA GUARANTY LTD,243.68,243.68,235.1,235.29,243.68,684
2026-09-04,TEAMLEASE,TEAMLEASE SERVICES LTD.,1260.0,1280.0,1235.0,1250.6,1250.0,29000
2026-09-04,TECHM,TECH MAHINDRA LIMITED,1605.1,1623.4,1586.9,1596.9,1598.0,1173518
2026-09-04,TECHNOE,TECHNO ELEC & ENG CO. LTD,975.0,983.35,969.3,979.5,973.65,82871
2026-09-04,TIIL,TECHNOCRAFT IND LTD,3283.7,3346.2,3152.3,3194.6,3267.4,25085
2026-09-04,TECHNOCRAF,TECHNOCRAFT VENTURES LTD,372.0,373.65,363.1,366.1,373.2,476411
2026-09-04,TECHNVISN,TECHNVISION VENTURES LTD.,5135.0,5135.0,4880.0,4917.5,5136.5,1147
2026-09-04,TECILCHEM,TECIL CHEMICALS,10.1,10.2,9.6,9.72,9.98,21289
2026-09-04,TEGA,TEGA INDUSTRIES LIMITED,1555.8,1558.0,1536.0,1548.0,1552.8,55328
2026-09-04,TEJASNET,TEJAS NETWORKS LIMITED,570.0,622.8,570.0,614.15,567.45,26085952
2026-09-04,TEMBO,TEMBO GLOBAL IND LTD,56.1,61.2,55.4,58.47,55.94,7416209
2026-09-04,TEMPSENS,TEMPSENS INST (INDIA) LTD,570.8,573.75,547.55,554.8,568.55,2650794
2026-09-04,TENNIND,TENNECO CLEAN AIR INDIA L,519.8,521.6,513.6,517.55,515.7,581989
2026-09-04,TERASOFT,TERA SOFTWARE LIMITED,282.0,296.55,279.7,283.4,281.3,41365
2026-09-04,TERAI,TERAI TEA CO. LTD.,121.1,132.95,121.1,121.43,124.3,1068
2026-09-04,TEXINFRA,TEXMACO INFRA & HOLDG LTD,116.32,117.14,114.5,115.02,116.7,122665
2026-09-04,TEXRAIL,TEXMACO RAIL & ENG. LTD.,113.6,117.53,113.33,115.99,113.63,3746637
2026-09-04,TEXMOPIPES,TEXMO PIPE & PRODUCTS LTD,45.9,46.45,45.31,46.23,45.49,23440
2026-09-04,TGBHOTELS,TGB BANQUETS&HOTELS LTD,10.0,10.0,9.35,9.48,9.69,24575
2026-09-04,THAKDEV,THAKKERS DEVELOPERS LTD.,144.0,144.0,137.0,144.0,147.0,33
2026-09-04,THANGAMAYL,THANGAMAYIL JEWELLERY LTD,5293.5,5351.5,5232.0,5332.0,5295.0,65612
2026-09-04,ANUP,THE ANUP ENGINEERING LTD,1820.0,1820.0,1781.0,1785.8,1808.0,10691
2026-09-04,GESHIP,THE GE SHPG.LTD,1360.4,1378.0,1340.0,1369.7,1353.6,1043987
2026-09-04,GROBTEA,THE GROB TEA COMPANY LTD,980.0,999.4,971.5,977.65,980.0,101
2026-09-04,INDIACEM,THE INDIA CEMENTS LIMITED,358.8,363.9,358.15,362.5,358.8,42548
2026-09-04,INDHOTEL,THE INDIAN HOTELS CO. LTD,730.0,732.95,717.5,720.0,732.0,1528492
2026-09-04,THEINVEST,THE INVEST TRUST OF IND L,98.11,98.11,94.61,95.0,98.1,3714
2026-09-04,NIACL,THE NEW INDIA ASSU CO LTD,196.49,234.39,196.49,229.91,195.33,66928665
2026-09-04,PKTEA,THE P K TEA PROD CO LTD,777.7,810.0,740.05,802.65,751.75,6257
2026-09-04,PHOENIXLTD,THE PHOENIX MILLS LTD,1961.5,1969.3,1935.5,1942.0,1960.0,263929
2026-09-04,RAMCOCEM,THE RAMCO CEMENTS LIMITED,882.6,894.0,873.8,884.5,879.15,98361
2026-09-04,SOUTHBANK,THE SOUTH INDIAN BANK LTD,47.95,48.44,47.14,47.29,47.7,8819050
2026-09-04,STCINDIA,THE STATE TRADING CORPN,115.61,119.5,114.71,115.28,114.65,60350
2026-09-04,UGARSUGAR,THE UGAR SUGAR WORKS LTD,58.4,58.5,53.01,53.35,58.56,1348315
2026-09-04,WIPL,THE WESTERN INDIA PLY LTD,169.94,169.94,167.99,167.99,165.61,16
2026-09-04,THEJO,THEJO ENGINEERING LIMITED,2081.0,2142.0,2081.0,2125.3,2091.0,5621
2026-09-04,THEMISMED,THEMIS MEDICARE LTD.,125.27,128.08,119.71,120.42,124.87,159319
2026-09-04,THERMAX,THERMAX LTD,3739.0,3765.6,3617.0,3637.6,3733.9,258180
2026-09-04,TIRUMALCHM,THIRUMALAI CHEMICALS LTD,158.7,159.52,156.21,157.19,157.86,236650
2026-09-04,THOMASCOOK,THOMAS COOK (INDIA) LTD,106.0,112.94,106.0,111.65,106.31,2297803
2026-09-04,THOMASCOTT,THOMAS SCOTT (INDIA) LTD,261.05,269.65,258.5,262.75,260.95,44350
2026-09-04,THYROCARE,THYROCARE TECH LTD,575.05,581.9,573.35,576.15,578.65,137365
2026-09-04,TIGERLOGS,TIGER LOGISTICS (INDIA) L,29.88,29.88,28.16,28.61,29.22,168111
2026-09-04,TI,TILAKNAGAR INDUSTRIES LTD,540.0,540.9,520.0,535.1,544.25,540041
2026-09-04,TIMETECHNO,TIME TECHNOPLAST LTD.,189.4,191.15,188.0,188.49,189.36,1385822
2026-09-04,TIMEX,TIMEX GROUP INDIA LTD.,654.85,674.0,646.3,669.85,649.55,323553
2026-09-04,TIMKEN,TIMKEN INDIA LTD.,3124.9,3139.3,3100.0,3125.3,3124.8,15156
2026-09-04,TINNARUBR,TINNA RUBBER AND INFR LTD,1057.8,1057.8,1017.2,1028.2,1036.8,38228
2026-09-04,TIPSFILMS,TIPS FILMS LIMITED,332.0,338.0,330.0,331.0,331.35,4667
2026-09-04,TIPSMUSIC,TIPS MUSIC LIMITED,651.9,656.65,642.0,649.75,652.05,146163
2026-09-04,TITAGARH,TITAGARH RAIL SYSTEMS LTD,848.0,898.0,845.0,871.85,844.2,3001183
2026-09-04,TITAN,TITAN COMPANY LIMITED,5010.0,5022.0,4980.0,5020.0,5027.0,310845
2026-09-04,TOKYOPLAST,TOKYO PLAST INTL LTD,75.14,77.68,75.14,76.51,77.79,1924
2026-09-04,TOLINS,TOLINS TYRES LIMITED,91.7,93.5,90.16,91.98,91.94,44505
2026-09-04,TORNTPHARM,TORRENT PHARMACEUTICALS L,4930.0,4941.0,4823.0,4857.0,4905.5,322787
2026-09-04,TORNTPOWER,TORRENT POWER LTD,1289.9,1308.0,1260.2,1299.1,1289.3,398524
2026-09-04,TOTAL,TOTAL TRANSPORT SYS LTD,69.61,74.8,69.1,70.88,70.31,4743
2026-09-04,TOUCHWOOD,TOUCHWOOD ENTERTAIN LTD.,58.61,62.86,57.6,62.81,59.2,1237
2026-09-04,TFCILTD,TOURISM FINANCE CORP. OF,147.19,147.39,142.4,143.26,146.71,8211306
2026-09-04,TOYAMSL,TOYAM SPORTS LTD.,0.62,0.62,0.6,0.61,0.61,129950
2026-09-04,TPLPLASTEH,TPL PLASTECH LIMITED,72.53,73.39,70.81,71.74,72.53,117553
2026-09-04,TRACXN,TRACXN TECHNOLOGIES LTD,30.08,30.12,29.8,29.96,29.94,191760
2026-09-04,TARIL,TRANS & RECTI. LTD,301.15,305.3,300.0,300.95,300.6,752285
2026-09-04,TRANSCOR,TRANSCORP INTERNATIONAL L,24.9,25.6,24.47,25.49,24.97,2509
2026-09-04,TREL,TRANSINDIA REAL ESTATE L,26.94,27.69,26.8,27.44,26.94,215792
2026-09-04,TCI,TRANSPORT CORPN OF INDIA,874.8,888.25,864.0,868.2,870.9,18074
2026-09-04,TRANSRAILL,TRANSRAIL LIGHTING LTD,428.05,434.7,428.05,429.3,427.45,313125
2026-09-04,TFL,TRANSWARRANTY FIN. LTD.,12.56,12.74,12.26,12.36,12.56,23861
2026-09-04,TRAVELFOOD,TRAVEL FOOD SERVICES LTD,1278.4,1304.5,1270.0,1296.3,1278.4,61349
2026-09-04,TREEHOUSE,TREE HOUSE EDU LTD,6.42,6.44,5.73,6.29,6.22,26470
2026-09-04,TREJHARA,TREJHARA SOLUTIONS LTD,148.83,154.65,146.5,152.01,145.99,18766
2026-09-04,TRENT,TRENT LTD,2849.0,2879.0,2833.2,2853.0,2815.6,577393
2026-09-04,TRF,TRF LIMITED,231.9,232.0,229.13,231.59,230.03,4712
2026-09-04,TBZ,TRIB BHIMJI ZAVERI LTD,456.0,480.85,456.0,480.85,437.15,3486401
2026-09-04,TRIDENT,TRIDENT LIMITED,24.03,24.59,23.97,24.16,23.99,3292066
2026-09-04,TRIGYN,TRIGYN TECHNOLOGIES LTD,59.89,60.4,57.66,58.97,59.6,99874
2026-09-04,TRITONV,TRITON VALVES LTD.,1100.0,1150.0,1100.0,1136.1,1115.5,2321
2026-09-04,TRIVENI,TRIVENI ENGG. & INDS. LTD,281.9,281.9,274.5,275.65,280.5,472150
2026-09-04,TRITURBINE,TRIVENI TURBINE LIMITED,573.9,582.65,571.35,577.3,571.7,254725
2026-09-04,TRUALT,TRUALT BIOENERGY LIMITED,426.4,430.95,420.4,425.25,426.4,121440
2026-09-04,TRU,TRUCAP FINANCE LIMITED,4.05,4.13,4.0,4.05,4.08,93025
2026-09-04,TSFINV,TSF INVESTMENTS LIMITED,406.3,415.0,402.05,404.7,406.05,57607
2026-09-04,TTKHLTCARE,TTK HEALTHCARE LIMITED,1107.0,1123.2,1086.1,1100.2,1103.2,19761
2026-09-04,TTKPRESTIG,TTK PRESTIGE LTD,582.05,586.65,560.3,562.75,583.95,90200
2026-09-04,TIINDIA,TUBE INVEST OF INDIA LTD,2727.0,2727.0,2685.0,2698.0,2735.4,173117
2026-09-04,TURTLEMINT,TURTLEMINT FINTECH SOLS L,145.45,146.04,142.66,144.08,144.29,385856
2026-09-04,TUTIALKA,TUTICORIN ALKAL CH & FE L,62.35,62.9,59.05,60.36,61.0,28654
2026-09-04,TVTODAY,TV TODAY NETWORK LTD,112.75,112.75,110.09,110.95,111.14,34674
2026-09-04,TVSELECT,TVS ELECTRONICS LTD,422.35,426.0,416.1,420.85,421.3,16780
2026-09-04,TVSHLTD,TVS HOLDINGS LIMITED,13140.0,13499.0,13140.0,13374.0,13156.0,7881
2026-09-04,TVSMOTOR,TVS MOTOR COMPANY  LTD,4181.2,4200.0,4127.8,4133.1,4200.0,424571
2026-09-04,TVSSRICHAK,TVS SRICHAKRA LIMITED,5330.0,5404.5,5220.0,5237.5,5249.0,12133
2026-09-04,TVSSCS,TVS SUPPLY CHAIN SOL L,129.6,132.53,126.96,130.41,129.53,926210
2026-09-04,UCOBANK,UCO BANK,24.65,25.02,24.55,24.78,24.64,5993994
2026-09-04,UDAYJEW,UDAY JEWELLERY INDS. LTD.,143.0,143.2,136.7,143.0,138.14,3159
2026-09-04,USK,UDAYSHIVAKUMAR INFRA LTD,21.24,21.24,20.4,20.99,20.61,17245
2026-09-04,UFLEX,UFLEX LIMITED,683.3,691.45,671.4,675.6,686.7,168967
2026-09-04,UFO,UFO MOVIEZ INDIA LTD.,66.4,66.4,64.25,65.09,65.44,42873
2026-09-04,UGROCAP,UGRO CAPITAL LIMITED,85.1,87.25,84.67,86.35,84.89,574138
2026-09-04,UEL,UJAAS ENERGY LIMITED,236.99,241.6,234.2,241.6,230.1,18811
2026-09-04,UJJIVANSFB,UJJIVAN SMALL FINANC BANK,62.99,64.88,62.9,64.43,62.99,12168369
2026-09-04,ULTRAMAR,ULTRAMARINE & PIGMENTS L,441.95,446.5,434.7,437.15,435.15,84008
2026-09-04,ULTRACEMCO,ULTRATECH CEMENT LIMITED,11357.0,11434.0,11292.0,11408.0,11275.0,280870
2026-09-04,UMIYA-MRO,UMIYA BUILDCON LIMITED,98.7,105.9,98.7,104.42,96.84,137662
2026-09-04,UNICHEMLAB,UNICHEM LABORATORIES LTD,551.95,557.9,546.55,550.2,547.95,56415
2026-09-04,UNIECOM,UNICOMMERCE ESOLUTIONS L,86.85,88.0,84.1,87.62,85.93,273184
2026-09-04,UNIINFO,UNIINFO TELECOM SERVI LTD,11.26,11.26,10.95,11.0,11.26,1618
2026-09-04,UNIMECH,UNIMECH AEROSPACE N MFG L,1476.0,1517.0,1468.4,1502.7,1465.3,179849
2026-09-04,UNIONBANK,UNION BANK OF INDIA,189.0,189.95,187.05,187.22,189.0,7910433
2026-09-04,UNIONGOLD,UNIONAMC - UNIONGOLD,153.1,153.1,150.15,150.2,149.6,1581
2026-09-04,UNIPARTS,UNIPARTS INDIA LIMITED,895.4,899.9,850.0,874.05,899.9,311978
2026-09-04,UNIENTER,UNIPHOS ENTERPRISES LTD,96.0,96.0,93.0,93.19,94.06,6732
2026-09-04,UNITECH,UNITECH LTD,3.71,4.08,3.71,4.08,3.71,14406516
2026-09-04,UBL,UNITED BREWERIES LTD,1299.0,1326.0,1277.0,1279.4,1284.2,352868
2026-09-04,UNITEDTEA,UNITED NILGIRI TEA LTD,448.95,449.0,441.0,442.8,447.05,7393
2026-09-04,UNITEDPOLY,UNITED POLYFAB GUJ. LTD.,40.5,42.0,40.0,41.66,40.41,210611
2026-09-04,UNITDSPR,UNITED SPIRITS LIMITED,1488.1,1489.9,1462.5,1471.7,1488.9,357038
2026-09-04,UNIVCABLES,UNIVERSAL CABLES LTD,1631.0,1649.9,1540.0,1576.3,1626.8,278353
2026-09-04,UNOMINDA,UNO MINDA LIMITED,1258.0,1260.3,1237.5,1249.7,1269.0,574742
2026-09-04,UDS,UPDATER SERVICES LIMITED,240.0,240.3,231.6,239.03,236.61,487592
2026-09-04,UPL,UPL LIMITED,581.05,589.4,579.45,582.15,585.35,1730115
2026-09-04,URBANCO,URBAN COMPANY LIMITED,177.8,183.97,176.27,181.09,177.46,6940698
2026-09-04,URJA,URJA GLOBAL LIMITED,9.06,9.69,9.04,9.18,9.15,672065
2026-09-04,UMESLTD,USHA MARTIN EDU & SOL LTD,5.4,5.4,4.8,5.09,5.0,12835
2026-09-04,USHAMART,USHA MARTIN LTD.,518.0,529.3,511.1,514.15,515.65,1631592
2026-09-04,UTIAMC,UTI ASSET MNGMT CO LTD,880.35,885.0,877.6,880.55,880.4,48517
2026-09-04,LIQUIDBETA,UTIAMC - LIQUIDBETA,1007.06,1007.06,1007.03,1007.04,1006.7,100142
2026-09-04,NIF500BETA,UTIAMC - NIF500BETA,38.3,38.3,37.39,37.54,37.45,990
2026-09-04,BANKBETA,UTIAMC-BANKBETA,59.58,59.71,59.41,59.57,59.58,65905
2026-09-04,GILT10BETA,UTIAMC-GILT10BETA,26.68,26.75,26.22,26.58,26.68,1210
2026-09-04,GILT5BETA,UTIAMC-GILT5BETA,66.49,67.06,66.49,66.94,66.49,18441
2026-09-04,ITBETA,UTIAMC-ITBETA,326.08,326.17,322.5,322.95,324.46,84
2026-09-04,MIDCAPBETA,UTIAMC-MIDCAPBETA,234.77,235.82,232.07,233.21,234.77,767
2026-09-04,NEXT50BETA,UTIAMC-NEXT50BETA,78.9,79.58,78.81,79.05,78.93,686812
2026-09-04,NIFTYBETA,UTIAMC-NIFTYBETA,267.57,267.57,265.15,265.73,264.92,8750
2026-09-04,SENSEXBETA,UTIAMC-SENSEXBETA,866.26,866.26,848.52,850.89,849.27,4022
2026-09-04,SILVERBETA,UTIAMC-SILVERBETA,223.12,225.86,223.12,224.83,221.96,288687
2026-09-04,SNXT50BETA,UTIAMC-SNXT50BETA,96.31,96.58,94.5,94.98,95.56,727
2026-09-04,GOLDBETA,UTIAMC-UTIGOLDBETA,129.05,130.3,129.05,129.5,128.5,548417
2026-09-04,UTKARSHBNK,UTKARSH SMALL FIN BANK L,15.0,15.1,14.51,14.56,14.89,5961768
2026-09-04,UTTAMSUGAR,UTTAM SUGAR MILLS LTD.,300.9,302.0,275.3,281.2,299.0,383064
2026-09-04,VTMLTD,V T M LTD.,56.29,57.7,55.3,56.12,56.57,3172
2026-09-04,VGUARD,V-GUARD IND LTD.,339.5,339.5,329.05,335.4,339.25,751013
2026-09-04,V2RETAIL,V2 RETAIL LIMITED,219.94,219.94,211.31,216.5,219.0,1628077
2026-09-04,WABAG,VA TECH WABAG LTD,2017.0,2031.2,1996.0,2005.3,2011.1,193647
2026-09-04,VADILENT,VADILAL ENTERPRISES LTD.,10489.0,10489.0,9600.0,10045.0,10495.0,35
2026-09-04,VADILALIND,VADILAL INDUSTRIES LTD,7581.5,7690.0,7522.0,7655.0,7615.0,7172
2026-09-04,VAIBHAVGBL,VAIBHAV GLOBAL LIMITED,215.3,224.49,215.3,218.74,215.3,304029
2026-09-04,VAISHALI,VAISHALI PHARMA LIMITED,8.44,8.54,8.16,8.32,8.36,68892
2026-09-04,VAKRANGEE,VAKRANGEE LIMITED,5.8,5.89,5.7,5.79,5.8,1296846
2026-09-04,DBREALTY,VALOR ESTATE LIMITED,103.4,105.0,101.0,102.57,103.05,1439328
2026-09-04,VHL,VARDHMAN HOLDINGS LIMITED,3590.0,3696.0,3590.0,3626.4,3607.1,779
2026-09-04,VARDMNPOLY,VARDHMAN POLYTEX LTD.,6.1,6.1,5.85,5.87,5.94,118267
2026-09-04,VSSL,VARDHMAN SPC STEEL LTD,365.1,369.2,353.3,364.15,363.95,140547
2026-09-04,VTL,VARDHMAN TEXTILES LIMITED,592.0,604.1,586.7,598.2,588.65,284973
2026-09-04,VARROC,VARROC ENGINEERING LTD.,842.0,843.4,808.05,826.35,839.15,282257
2026-09-04,VBL,VARUN BEVERAGES LIMITED,407.55,412.65,406.1,407.6,407.15,4144842
2026-09-04,VGL,VARVEE GLOBAL LIMITED,57.0,58.95,51.35,53.31,56.56,123080
2026-09-04,VASCONEQ,VASCON ENGINEERS LTD,30.13,30.85,29.82,30.47,30.05,205749
2026-09-04,VASWANI,VASWANI IND LTD,48.8,48.8,46.26,47.01,46.52,17934
2026-09-04,MANYAVAR,VEDANT FASHIONS LIMITED,567.9,604.0,563.0,594.2,568.2,775723
2026-09-04,VAML,VEDANTA ALUMINIUM METAL L,437.4,439.9,429.4,437.75,435.85,6641767
2026-09-04,VISL,VEDANTA IRON AND STEEL L,36.25,36.44,34.76,35.39,36.07,28223582
2026-09-04,VEDL,VEDANTA LIMITED,272.0,274.5,268.85,272.1,270.5,5992724
2026-09-04,VOGL,VEDANTA OIL AND GAS LTD,37.74,38.74,37.15,38.02,37.54,30917507
2026-09-04,VEDPOWER,VEDANTA POWER LIMITED,34.37,34.59,34.13,34.2,34.29,12242508
2026-09-04,VEDAVAAG,VEDAVAAG SYSTEMS LTD.,18.3,18.44,18.05,18.17,18.14,17174
2026-09-04,VEEDOL,VEEDOL CORPORATION LTD,1464.9,1486.0,1464.9,1476.8,1462.8,4888
2026-09-04,VENKEYS,VENKY S (INDIA) LIMITED,1677.1,1683.9,1655.2,1659.6,1677.1,25085
2026-09-04,VENTIVE,VENTIVE HOSPITALITY LTD,594.45,594.45,581.95,588.2,585.7,16151
2026-09-04,VENUSPIPES,VENUS PIPES & TUBES LTD,1607.6,1645.0,1596.0,1631.0,1594.8,91566
2026-09-04,VERANDA,VERANDA LEARNING SOL LTD,244.3,244.44,239.01,242.63,242.27,139217
2026-09-04,VERTOZ,VERTOZ LIMITED,38.13,39.22,37.0,37.66,38.63,51344
2026-09-04,VESUVIUS,VESUVIUS INDIA LTD,420.0,423.6,418.35,419.15,420.0,40711
2026-09-04,VSTL,VIBHOR STEEL TUBES LTD,115.15,118.35,115.0,117.66,115.15,22471
2026-09-04,VGCL,VIBRANT GLOBAL CAPITAL L,54.59,54.84,51.07,52.62,52.36,7319
2026-09-04,VIDHIING,VIDHI SPCLTY F INGRDNTS L,345.0,350.5,342.2,347.75,342.8,10251
2026-09-04,VIDYAWIRES,VIDYA WIRES LIMITED,89.99,90.51,88.53,90.13,89.45,838636
2026-09-04,VIJSOLX,VIJAY SOLVEX LTD.,678.0,693.7,678.0,687.7,684.4,222
2026-09-04,VIJAYA,VIJAYA DIAGNOSTIC CEN LTD,1511.0,1521.6,1490.0,1493.2,1505.5,45618
2026-09-04,VIKASECO,VIKAS ECOTECH LIMITED,1.08,1.09,1.07,1.07,1.08,1815757
2026-09-04,VIKASLIFE,VIKAS LIFECARE LIMITED,1.3,1.31,1.28,1.29,1.3,1315249
2026-09-04,VIKRAMSOLR,VIKRAM SOLAR LIMITED,173.0,175.6,167.85,168.45,171.65,3550735
2026-09-04,VIKRAN,VIKRAN ENGINEERING LTD,57.68,61.5,57.67,60.77,57.68,1930821
2026-09-04,VIMTALABS,VIMTA LABS LIMITED,655.45,657.0,631.05,635.65,652.25,219490
2026-09-04,VINATIORGA,VINATI ORGANICS LTD,1328.0,1336.0,1309.0,1310.7,1313.7,57413
2026-09-04,VINDHYATEL,VINDHYA TELELINKS LTD,2748.0,2814.0,2710.0,2732.7,2736.2,82288
2026-09-04,VINEETLAB,VINEET LABORATORIES LTD,37.7,38.29,36.82,37.37,37.5,38381
2026-09-04,VINNY,VINNY OVERSEAS LIMITED,1.04,1.04,1.0,1.02,1.03,236444
2026-09-04,VINCOFE,VINTAGE COFFEE N BVRGS L,176.8,177.66,168.18,170.65,176.48,2286890
2026-09-04,VINYLINDIA,VINYL CHEMICALS (I) LTD.,227.94,234.0,224.0,232.38,227.94,10241
2026-09-04,VIPCLOTHNG,VIP CLOTHING LIMITED,20.5,20.7,19.92,20.15,20.17,82615
2026-09-04,VIPIND,VIP INDUSTRIES LTD,309.8,317.75,308.95,314.05,310.35,440277
2026-09-04,VIRAT,VIRAT INDUSTRIES LTD.,430.0,436.4,414.3,423.35,429.5,5617
2026-09-04,VIRINCHI,VIRINCHI LIMITED,14.85,15.08,14.38,14.7,14.86,115200
2026-09-04,VOEPL,VIRTUOSO OPTOELECTRONIC L,545.9,558.45,540.05,553.2,545.9,95767
2026-09-04,VISACHROME,VISA CHROME LIMITED,40.49,40.49,37.8,38.34,39.53,33107
2026-09-04,VIVIDHA,VISAGAR POLYTEX LTD,0.52,0.54,0.5,0.52,0.5,80310
2026-09-04,VISAKAIND,VISAKA INDUSTRIES LIMITED,90.5,96.0,90.18,93.37,90.5,440201
2026-09-04,VISHAL,VISHAL FABRICS LTD.,18.92,19.1,18.22,18.67,18.47,55662
2026-09-04,VMM,VISHAL MEGA MART LIMITED,107.0,107.39,105.92,106.14,107.8,7783965
2026-09-04,VISHNU,VISHNU CHEMICALS LIMITED,694.1,723.2,681.0,702.0,688.45,623372
2026-09-04,VPRPL,VISHNU PRAKASH R PUNGLI L,36.99,37.7,36.0,36.28,35.99,589692
2026-09-04,VISHWARAJ,VISHWARAJ SUGAR IND LTD,6.0,6.03,5.86,5.9,5.93,290468
2026-09-04,VITAL,VITAL CHEMTECH LIMITED,54.0,56.0,53.55,55.72,54.49,15658
2026-09-04,VIVOBIOT,VIVO BIO TECH LTD.,18.79,19.38,18.32,18.8,18.7,13081
2026-09-04,VIYASH,VIYASH SCIENTIFIC LIMITED,260.8,268.3,260.75,265.85,260.45,3313584
2026-09-04,VLSFINANCE,VLS FINANCE LTD,245.2,248.35,245.2,246.44,246.57,6476
2026-09-04,VMART,VMART RETAIL LTD,841.0,847.0,813.3,824.2,839.1,68219
2026-09-04,VMSTMT,VMS TMT LIMITED,46.0,46.0,45.02,45.46,45.53,19824
2026-09-04,IDEA,VODAFONE IDEA LIMITED,14.53,15.16,14.51,15.02,14.48,525960563
2026-09-04,VOITHPAPR,VOITH PAPER FABRICS IND L,1490.0,1504.4,1455.1,1458.6,1480.2,643
2026-09-04,VOLTAMP,VOLTAMP TRANSFORMERS LTD,11206.0,11550.0,11206.0,11418.0,11182.0,50836
2026-09-04,VOLTAS,VOLTAS LTD,1172.0,1189.7,1167.0,1170.0,1178.0,460619
2026-09-04,VRAJ,VRAJ IRON AND STEEL LTD,122.26,125.71,120.24,121.71,122.71,12164
2026-09-04,VRLLOG,VRL LOGISTICS LIMITED,297.3,298.95,294.8,297.7,297.85,133531
2026-09-04,VSTIND,VST INDUSTRIES LTD,207.95,209.02,207.21,208.15,207.96,96626
2026-09-04,VSTTILLERS,VST TILLERS TRACTORS LTD,4196.1,4220.4,4151.8,4187.6,4175.3,4042
2026-09-04,WHBRADY,W H BRADY & CO. LTD.,500.3,500.3,480.0,482.2,497.85,248
2026-09-04,WPIL,W P I L LTD.,446.8,452.6,440.0,443.9,445.5,12409
2026-09-04,WSI,W.S.INDUSTRIES (I) LTD.,59.65,61.46,58.77,60.37,59.44,64372
2026-09-04,WAAREEENER,WAAREE ENERGIES LIMITED,2580.0,2650.0,2576.6,2635.0,2579.9,547994
2026-09-04,WAAREERTL,WAAREE RENEWABLE TECH LTD,847.9,863.6,847.9,858.95,847.9,81592
2026-09-04,WAKEFIT,WAKEFIT INNOVATIONS LTD,151.5,156.18,149.94,151.55,149.64,1231198
2026-09-04,WALCHANNAG,WALCHANDNAGAR INDUSTRIES,206.94,212.0,206.94,208.61,206.13,400336
2026-09-04,WANBURY,WANBURY LIMITED,243.95,249.3,243.0,246.2,243.35,51910
2026-09-04,WARDINMOBI,WARDWIZARD INNO & MOB L,5.85,5.89,5.7,5.86,5.7,288674
2026-09-04,WATERBASE,WATERBASE LTD.,48.73,48.99,47.11,48.63,47.36,22127
2026-09-04,CORDELIA,WATERWAYS LEISURE TOUR L,102.5,106.96,101.81,103.9,101.87,2698667
2026-09-04,WEWIN,WE WIN LIMITED,42.0,45.25,40.83,41.91,42.53,2680
2026-09-04,TWCGOLDETF,WEALTH - TWCGOLDETF,152.95,153.52,152.54,152.93,152.19,5230
2026-09-04,WEALTH,WEALTH FRST PORT. MG. LTD,850.0,850.0,831.15,841.7,847.5,1333
2026-09-04,WEBELSOLAR,WEBSOL ENERGY SYSTEM LTD,77.6,79.8,73.55,74.53,77.33,2610445
2026-09-04,WEIZMANIND,WEIZMANN LTD,76.78,76.78,72.2,74.5,74.21,1005
2026-09-04,WELCORP,WELSPUN CORP LIMITED,2649.2,2662.0,2566.0,2590.6,2641.6,1247810
2026-09-04,WELENT,WELSPUN ENTERPRISES LTD.,761.8,825.0,757.4,813.6,764.75,2915318
2026-09-04,WELSPUNLIV,WELSPUN LIVING LIMITED,201.0,209.93,199.9,208.51,200.61,7470859
2026-09-04,WELSPLSOL,WELSPUN SPECIALTY SOL L,56.95,59.95,56.01,59.55,56.02,4319775
2026-09-04,WENDT,WENDT (INDIA) LIMITED,8359.0,8360.0,8124.0,8160.0,8307.0,4236
2026-09-04,WSTCSTPAPR,WEST COAST PAPER MILLS LT,655.35,662.65,643.1,650.25,656.95,276595
2026-09-04,WCIL,WESTERN CARRIERS (IND) L,84.4,84.76,83.06,83.38,83.96,25920
2026-09-04,WESTLIFE,WESTLIFE FOODWORLD LTD,540.55,542.0,528.1,530.6,540.55,34235
2026-09-04,WEWORK,WEWORK INDIA MANAGEMENT L,662.0,681.65,659.25,666.95,654.7,335811
2026-09-04,WHEELS,WHEELS INDIA LTD,1660.0,1778.7,1645.2,1724.9,1654.4,336451
2026-09-04,WHIRLPOOL,WHIRLPOOL OF INDIA LTD,805.95,820.65,802.4,815.95,804.4,193831
2026-09-04,WILLAMAGOR,WILLIAMSON MAGOR,26.5,26.5,24.0,25.4,24.58,4157
2026-09-04,WINDLAS,WINDLAS BIOTECH LIMITED,1129.9,1152.4,1115.0,1126.35,1127.1,190854
2026-09-04,WINDMACHIN,WINDSOR MACHINES LIMITED,312.0,312.75,302.0,304.25,312.1,39051
2026-09-04,WIPRO,WIPRO LTD,176.74,178.75,176.4,176.4,175.72,6882678
2026-09-04,WOCKPHARMA,WOCKHARDT LIMITED,1980.0,2108.5,1976.1,2088.7,1950.6,3557646
2026-09-04,WEL,WONDER ELECTRICALS LTD,79.25,79.25,75.41,76.03,79.37,1935872
2026-09-04,WONDERLA,WONDERLA HOLIDAYS LTD.,525.0,536.7,520.0,533.9,525.25,74859
2026-09-04,WORTHPERI,WORTH PERIPHERALS LIMITED,157.0,157.0,152.7,154.99,153.99,4169
2026-09-04,XCHANGING,XCHANGING SOLUTIONS LTD,60.4,61.55,60.25,61.4,60.99,61684
2026-09-04,XELPMOC,XELPMOC DESIGN & TECH LTD,79.41,81.7,78.51,80.14,79.4,24153
2026-09-04,XPROINDIA,XPRO INDIA LIMITED,1279.0,1337.4,1279.0,1325.1,1280.3,154351
2026-09-04,XTGLOBAL,XTGLOBAL INFOTECH LIMITED,32.39,33.04,30.35,31.69,31.58,190376
2026-09-04,XTRANET,XTRANET TECHNOLOGIES LTD,197.2,234.24,193.11,234.24,195.2,5584599
2026-09-04,YASHO,YASHO INDUSTRIES LIMITED,4080.0,4184.6,3966.1,4134.1,4051.2,38997
2026-09-04,YATHARTH,YATHARTH HOSP & TRA C S L,971.5,994.7,963.1,991.1,962.3,314144
2026-09-04,YATRA,YATRA ONLINE LIMITED,113.2,116.25,112.65,113.49,113.08,1067659
2026-09-04,YESBANK,YES BANK LIMITED,22.47,22.62,22.44,22.5,22.54,31739702
2026-09-04,YOGI,YOGI LTD.,167.0,167.0,163.45,163.45,161.9,90
2026-09-04,YUKEN,YUKEN INDIA LIMITED,1010.05,1024.95,999.0,1010.8,1010.05,9116
2026-09-04,ZFSTEERING,Z F STEERING GEAR (I) LTD,673.0,677.9,661.0,667.5,667.75,7552
2026-09-04,ZAGGLE,ZAGGLE PREPA OCEAN SER L,183.5,186.98,180.1,180.77,182.63,912980
2026-09-04,ZEEL,ZEE ENTERTAINMENT ENT LTD,92.0,92.95,90.5,91.61,91.64,13036739
2026-09-04,ZEEMEDIA,ZEE MEDIA CORPORATION LTD,8.31,8.34,8.1,8.22,8.11,1442303
2026-09-04,ZENTEC,ZEN TECHNOLOGIES LIMITED,1810.8,1838.2,1795.2,1801.4,1810.3,169326
2026-09-04,ZENITHSTL,ZENITH STEEL PIP IND LTD,5.39,6.43,5.25,5.9,5.37,845763
2026-09-04,ZENSARTECH,ZENSAR TECHNOLOGIES  LTD,468.5,475.95,460.5,461.55,465.45,499424
2026-09-04,GOLDCASE,ZERODHAAMC - GOLDCASE,24.51,24.51,24.13,24.21,24.03,8672063
2026-09-04,LIQUIDCASE,ZERODHAAMC - LIQUIDCASE,115.81,115.81,115.79,115.8,115.76,18435860
2026-09-04,LTGILTCASE,ZERODHAAMC - LTGILTCASE,30.45,30.6,30.38,30.41,30.42,131619
2026-09-04,MID150CASE,ZERODHAAMC - MID150CASE,11.72,11.74,11.65,11.68,11.68,879546
2026-09-04,NIFTYCASE,ZERODHAAMC - NIFTYCASE,9.8,9.8,9.59,9.64,9.59,560039
2026-09-04,SILVERCASE,ZERODHAAMC - SILVERCASE,23.3,23.88,23.3,23.61,23.3,5606876
2026-09-04,SML100CASE,ZERODHAAMC - SML100CASE,11.49,11.5,11.4,11.43,11.41,2300711
2026-09-04,TOP100CASE,ZERODHAAMC - TOP100CASE,10.54,10.57,10.5,10.54,10.52,498182
2026-09-04,ZFCVINDIA,ZF COM VE CTR SYS IND LTD,2532.0,2575.0,2514.0,2551.9,2524.8,30385
2026-09-04,ZIMLAB,ZIM LABORATORIES LIMITED,128.66,129.0,125.25,125.5,128.02,54799
2026-09-04,ZODIACLOTH,ZODIAC CLOTHING CO. LTD.,72.4,73.12,71.43,72.23,72.85,9323
2026-09-04,ZODIAC,ZODIAC ENERGY LIMITED,242.99,246.0,237.0,240.17,240.22,11622
2026-09-04,ZOTA,ZOTA HEALTH CARE LIMITED,1100.0,1159.3,1100.0,1132.4,1101.2,91901
2026-09-04,ZUARI,ZUARI AGRO CHEMICALS LTD,225.0,226.99,224.42,225.56,225.04,66309
2026-09-04,ZUARIIND,ZUARI INDUSTRIES LIMITED,273.9,279.35,271.8,276.45,273.2,45048
2026-09-04,ZYDUSLIFE,ZYDUS LIFESCIENCES LTD,1146.0,1146.0,1120.0,1120.0,1143.0,516768
2026-09-04,ZYDUSWELL,ZYDUS WELLNESS LIMITED,536.95,546.6,527.15,531.7,538.2,209449
