date,symbol,name,open,high,low,close,prev_close,volume
2026-08-20,20MICRONS,20 MICRONS LTD,197.5,208.75,197.08,203.96,196.04,313823
2026-08-20,21STCENMGM,21ST CENTURY MGMT SERVICE,45.0,45.0,43.92,43.92,44.81,14023
2026-08-20,360ONE,360 ONE WAM LIMITED,1187.5,1222.9,1186.0,1203.0,1180.5,1748431
2026-08-20,GOLD360,360ONEAMC - GOLD360,151.6,155.0,150.6,151.8,148.3,95578
2026-08-20,MSCI360,360ONEAMC - MSCI360,10.45,10.45,10.15,10.24,10.4,1458
2026-08-20,SILVER360,360ONEAMC - SILVER360,230.0,238.59,230.0,231.13,223.38,35475
2026-08-20,3BBLACKBIO,3B BLACKBIO DX LTD.,1150.0,1178.0,1099.5,1151.1,1143.8,21992
2026-08-20,3MINDIA,3M INDIA LIMITED,33790.0,34205.0,33485.0,33550.0,33505.0,1957
2026-08-20,3PLAND,3P LAND HOLDINGS LIMITED,31.5,32.49,31.5,31.6,31.96,1128
2026-08-20,5PAISA,5PAISA CAPITAL LIMITED,412.95,413.25,387.9,390.9,405.6,117862
2026-08-20,63MOONS,63 MOONS TECHNOLOGIES LTD,794.75,805.0,768.25,770.8,788.85,270704
2026-08-20,ABCOTS,A B COTSPIN INDIA LIMITED,219.01,223.0,208.0,211.1,218.07,14231
2026-08-20,ABINFRA,A B INFRABUILD LIMITED,13.5,14.44,12.9,13.34,13.45,42342705
2026-08-20,ABMKNO,A B M KNOWLEDGEWARE LTD.,192.0,192.2,191.0,191.41,191.07,82
2026-08-20,ACSTECH,A C S TECHNOLOGIES LTD.,49.9,51.0,49.6,49.71,49.66,103467
2026-08-20,AKCAPIT,A K CAPITAL SERVICES LTD.,1754.2,1780.0,1750.0,1765.2,1754.2,3295
2026-08-20,A2ZINFRA,A2Z INFRA ENGINEERING LTD,14.7,15.19,14.33,15.19,14.47,217976
2026-08-20,AAATECH,AAA TECHNOLOGIES LIMITED,94.18,96.0,93.85,93.86,94.18,18983
2026-08-20,AADHARHFC,AADHAR HOUSING FINANCE L,474.95,479.8,472.5,474.95,474.4,137921
2026-08-20,AAKASH,AAKASH EXPLORATION SER L,8.45,8.77,8.4,8.54,8.45,63954
2026-08-20,AAREYDRUGS,AAREY DRUGS & PHARM LTD,79.6,82.56,79.0,80.59,82.59,17092
2026-08-20,AARNAV,AARNAV FASHIONS LIMITED,33.5,35.65,33.5,33.71,34.19,17501
2026-08-20,AARON,AARON INDUSTRIES LIMITED,140.5,144.0,138.2,139.3,140.32,10853
2026-08-20,AARTIDRUGS,AARTI DRUGS LTD.,413.45,419.5,409.8,414.75,408.45,142564
2026-08-20,AARTIIND,AARTI INDUSTRIES LTD,530.0,537.9,516.2,520.05,527.05,749736
2026-08-20,AARTIPHARM,AARTI PHARMALABS LIMITED,837.0,849.5,826.0,829.25,834.15,224593
2026-08-20,AARVI,AARVI ENCON LIMITED,155.81,159.8,153.11,153.96,155.81,21670
2026-08-20,AASTHA,AASTHA SPINTEX LIMITED,73.14,74.71,73.02,73.32,73.14,283149
2026-08-20,AAVAS,AAVAS FINANCIERS LIMITED,1373.1,1380.0,1355.0,1364.9,1372.8,104899
2026-08-20,ABANSENT,ABANS ENTERPRISES LTD.,28.79,29.99,27.36,27.36,28.79,22519
2026-08-20,AFSL,ABANS FINANCIAL SRVCS LTD,201.27,203.9,201.27,202.14,201.43,6326
2026-08-20,ABB,ABB INDIA LIMITED,7450.5,7481.5,7393.0,7479.0,7430.0,195920
2026-08-20,ABBOTINDIA,ABBOTT INDIA LIMITED,26500.0,26500.0,26080.0,26120.0,26405.0,7487
2026-08-20,ACC,ACC LIMITED,1294.8,1312.1,1292.3,1301.1,1288.7,97797
2026-08-20,ACCELYA,ACCELYA SOLN INDIA LTD,1134.6,1142.0,1131.1,1139.5,1134.6,3221
2026-08-20,ACEINTEG,ACE INTEGRATED SOLU. LTD.,17.66,18.36,17.66,17.73,17.91,276
2026-08-20,ACMESOLAR,ACME SOLAR HOLDINGS LTD,386.0,406.5,380.55,397.4,380.4,9465771
2026-08-20,ACE,ACTION CONST EQUIP LTD,1181.2,1188.6,1156.2,1164.4,1181.2,221286
2026-08-20,ACUTAAS,ACUTAAS CHEMICALS LIMITED,3280.0,3304.3,3195.0,3210.5,3228.9,283295
2026-08-20,ADANIENSOL,ADANI ENERGY SOLUTION LTD,1550.0,1561.0,1538.6,1548.5,1540.7,2182920
2026-08-20,ADANIENT,ADANI ENTERPRISES LIMITED,3000.0,3011.0,2990.0,2994.9,2990.3,713687
2026-08-20,ADANIGREEN,ADANI GREEN ENERGY LTD,1294.0,1310.3,1294.0,1301.8,1293.0,1073912
2026-08-20,ADANIPORTS,ADANI PORT & SEZ LTD,1690.0,1698.5,1680.4,1696.0,1681.9,1661649
2026-08-20,ADANIPOWER,ADANI POWER LTD,204.5,205.48,202.8,204.0,204.02,10829931
2026-08-20,ATGL,ADANI TOTAL GAS LIMITED,666.5,667.9,655.3,657.65,664.25,664263
2026-08-20,ADDIND,ADDI INDUSTRIES LTD.,87.95,87.95,71.05,80.0,87.0,612
2026-08-20,ADFFOODS,ADF FOODS LIMITED,264.1,268.5,261.55,267.35,263.3,64132
2026-08-20,ABSLAMC,ADIT BIRL SUN LIF AMC LTD,1006.3,1010.8,990.3,995.4,1003.4,180500
2026-08-20,ABCAPITAL,ADITYA BIRLA CAPITAL LTD.,399.8,410.2,398.85,409.0,396.0,5467281
2026-08-20,ABFRL,ADITYA BIRLA FASHION & RT,55.0,55.17,54.6,54.75,54.47,2603367
2026-08-20,ABLBL,ADITYA BIRLA LIFES BRAN L,87.0,87.86,86.0,86.5,86.89,737180
2026-08-20,BIRLAMONEY,ADITYA BIRLA MONEY LTD,127.0,129.98,127.0,127.22,127.43,27142
2026-08-20,ABREL,ADITYA BIRLA REAL EST LTD,1399.1,1460.0,1390.4,1445.5,1395.1,524278
2026-08-20,CPPLUS,ADITYA INFOTECH LIMITED,3333.0,3468.6,3328.0,3468.6,3303.5,306265
2026-08-20,AVL,ADITYA VISION LIMITED,603.1,615.0,595.15,611.0,605.5,125863
2026-08-20,BSLGOLDETF,ADITYBIRLA SL GOLD ETF-GR,137.44,137.44,136.51,137.0,133.97,723325
2026-08-20,BSLNIFTY,ADITYBIRLA SL NIF ETF-GR,28.0,28.98,28.0,28.48,28.28,787875
2026-08-20,ADOR,ADOR WELDING LTD,1661.0,1701.9,1618.0,1684.0,1634.6,121190
2026-08-20,ADROITINFO,ADROIT INFOTECH LIMITED,9.6,10.36,9.6,10.23,9.85,36555
2026-08-20,ADVAIT,ADVAIT ENRGY TRANSITION L,2106.2,2135.0,2080.0,2115.4,2096.2,27269
2026-08-20,ADVANCE,ADVANCE AGROLIFE LIMITED,117.51,118.59,112.51,115.93,116.62,217817
2026-08-20,ADVENZYMES,ADVANCED ENZYME TECH LTD,304.35,310.0,299.95,303.0,305.2,295139
2026-08-20,ADVANIHOTR,ADVANI HOT.& RES.(I) LTD,49.46,50.0,49.25,49.49,49.46,15574
2026-08-20,ADVENTHTL,ADVENT HOTELS INTERNATI L,135.0,137.0,134.11,135.54,133.95,93005
2026-08-20,ADVIKCA,ADVIK CAPITAL LTD.,1.21,1.25,1.2,1.2,1.22,192176
2026-08-20,RAMBHAJO,ADVIT JEWELS LIMITED,177.39,180.9,173.26,173.84,177.39,151763
2026-08-20,AEGISLOG,AEGIS LOGISTICS LIMITED,1370.0,1371.0,1325.0,1336.2,1364.0,310007
2026-08-20,AEGISVOPAK,AEGIS VOPAK TERMINALS LTD,273.9,274.5,265.05,266.6,270.15,376144
2026-08-20,AEQUS,AEQUS LIMITED,264.8,271.21,259.0,260.09,262.45,3987470
2026-08-20,AEROENTER,AEROFLEX ENTERPRISES LTD,132.9,133.9,128.0,130.65,130.14,304509
2026-08-20,AEROFLEX,AEROFLEX INDUSTRIES LTD,480.0,485.0,471.1,475.3,474.15,690166
2026-08-20,AERONEU,AEROFLEX NEU LIMITED,83.19,87.0,82.02,82.43,84.36,55908
2026-08-20,AETHER,AETHER INDUSTRIES LIMITED,1640.0,1645.3,1618.5,1634.4,1640.1,107437
2026-08-20,AFCONS,AFCONS INFRASTRUCTURE LTD,277.0,281.95,275.5,280.2,277.95,430210
2026-08-20,AFFLE,AFFLE 3I LIMITED,1693.9,1744.0,1693.9,1729.5,1693.8,208189
2026-08-20,AGARIND,AGARWAL INDS CORP LTD.,499.0,503.85,490.4,491.75,491.6,12422
2026-08-20,AGI,AGI GREENPAC LIMITED,707.25,723.6,707.25,711.65,706.2,82113
2026-08-20,AGIIL,AGI INFRA LIMITED,298.0,300.9,290.7,293.7,294.25,845522
2026-08-20,AGRITECH,AGRI-TECH (INDIA) LIMITED,102.88,103.4,100.21,102.16,100.38,1627
2026-08-20,AGROPHOS,AGRO PHOS INDIA LIMITED,26.7,26.7,25.75,26.01,25.56,16762
2026-08-20,AHLADA,AHLADA ENGINEERS LIMITED,40.82,40.82,38.5,38.59,40.82,42109
2026-08-20,AHLUCONT,AHLUWALIA CONT IND LTD,699.55,709.7,692.0,693.5,698.55,59772
2026-08-20,AIAENG,AIA ENGINEERING LIMITED,4384.9,4535.8,4350.0,4357.6,4384.9,42922
2026-08-20,AIRAN,AIRAN LIMITED,14.96,15.16,14.9,15.03,14.95,39723
2026-08-20,AIROLAM,AIRO LAM LIMITED,88.0,89.25,88.0,88.99,88.5,811
2026-08-20,AJANTPHARM,AJANTA PHARMA LIMITED,3708.5,3789.0,3615.0,3658.6,3697.9,69455
2026-08-20,AJAXENGG,AJAX ENGINEERING LIMITED,558.0,570.35,558.0,566.4,566.9,32560
2026-08-20,AJMERA,AJMERA REALTY & INF I LTD,118.0,119.99,116.92,119.07,116.41,184463
2026-08-20,AJOONI,AJOONI BIOTECH LIMITED,3.84,3.85,3.72,3.75,3.78,304357
2026-08-20,AKASH,AKASH INFRA-PROJECTS LTD,25.6,25.68,24.7,25.01,25.02,1062
2026-08-20,AKG,AKG EXIM LIMITED,8.88,9.37,8.87,8.87,8.87,65849
2026-08-20,AKI,AKI INDIA LIMITED,4.32,4.32,4.17,4.24,4.24,113426
2026-08-20,AFIL,AKME FINTRADE (INDIA) LTD,9.48,9.55,9.24,9.41,9.36,384508
2026-08-20,AKSHAR,AKSHAR SPINTEX LIMITED,0.41,0.43,0.41,0.41,0.41,2135401
2026-08-20,AKUMS,AKUMS DRUGS AND PHARMA L,756.55,774.0,750.0,752.9,753.3,419530
2026-08-20,ALANKIT,ALANKIT LIMITED,8.05,8.42,8.05,8.15,8.18,204420
2026-08-20,ALBERTDAVD,ALBERT DAVID LIMITED,846.9,868.0,841.0,863.15,839.55,13723
2026-08-20,ALEMBICLTD,ALEMBIC LIMITED,88.0,92.6,88.0,91.63,88.43,740114
2026-08-20,APLLTD,ALEMBIC PHARMA LTD,817.9,826.45,810.05,814.1,817.5,47603
2026-08-20,ALFREDHE,ALFRED HERBERT INDIA L,3015.0,3015.0,2881.0,3000.0,3034.9,112
2026-08-20,ALGOQUANT,ALGOQUANT FINTECH LIMITED,66.09,66.76,64.9,65.13,65.7,1220012
2026-08-20,ALICON,ALICON CASTALLOY LIMITED,752.65,760.1,742.0,746.75,752.65,20423
2026-08-20,ALIVUS,ALIVUS LIFE SCIENCES LTD,1370.0,1402.5,1365.6,1370.0,1369.0,43977
2026-08-20,ALKEM,ALKEM LABORATORIES LTD.,5400.0,5416.5,5381.5,5400.0,5382.5,85369
2026-08-20,ALKYLAMINE,ALKYL AMINES CHEM. LTD,1962.0,1985.0,1916.0,1923.8,1956.1,63490
2026-08-20,ALLTIME,ALL TIME PLASTICS LIMITED,211.5,214.95,207.3,208.21,210.53,55713
2026-08-20,AGL,ALLCARGO GLOBAL LIMITED,13.19,13.3,12.64,12.73,13.12,3024664
2026-08-20,ALLCARGO,ALLCARGO LOGISTICS LTD,10.15,10.72,10.08,10.51,10.1,20811897
2026-08-20,ATL,ALLCARGO TERMINALS LTD,23.95,24.36,23.56,24.13,23.48,189466
2026-08-20,ALLDIGI,ALLDIGI TECH LIMITED,819.0,821.25,798.05,802.85,812.45,11298
2026-08-20,ABDL,ALLIED BLEND N DISTILS L,600.9,604.45,587.95,595.45,598.05,171993
2026-08-20,ADSL,ALLIED DIGITAL SERV. LTD,110.48,111.89,109.03,109.63,109.39,85546
2026-08-20,ALMONDZ,ALMONDZ GLOBAL SEC LTD,13.45,13.92,13.45,13.55,13.72,122236
2026-08-20,ALOKINDS,ALOK INDUSTRIES LIMITED,11.4,11.66,11.4,11.54,11.38,3849017
2026-08-20,ALPA,ALPA LABORATORIES LTD,62.0,62.96,62.0,62.1,61.08,11084
2026-08-20,ALPINETEX,ALPINE TEXWORLD LIMITED,58.89,60.72,58.48,59.41,58.88,204554
2026-08-20,ALUFLUOR,ALUFLUORIDE LTD.,450.35,452.0,437.9,443.95,446.6,4695
2026-08-20,AMAGI,AMAGI MEDIA LABS LIMITED,567.25,584.7,560.55,576.45,555.6,658241
2026-08-20,AMAL,AMAL LTD.,741.15,822.0,741.0,793.6,740.15,36666
2026-08-20,ARE&M,AMARA RAJA ENERGY MOB LTD,933.2,937.8,928.45,930.85,928.55,294307
2026-08-20,AMARJOTHI,AMARJOTHI SPINNING MILL L,161.0,166.0,160.0,163.61,155.16,2874
2026-08-20,AMBALALSA,AMBALAL SARABHAI ENT L,46.51,49.9,46.51,47.74,46.32,245815
2026-08-20,AMBER,AMBER ENTERPRISES (I) LTD,7300.0,7345.0,7243.5,7275.0,7250.0,181909
2026-08-20,AMBICAAGAR,AMBICA AGAR & AROMAINDLTD,24.83,25.02,24.34,24.71,24.83,3088
2026-08-20,AMBIKCO,AMBIKA COTTON MILL LTD.,1669.5,1669.5,1629.1,1647.8,1648.1,16576
2026-08-20,AMBUJACEM,AMBUJA CEMENTS LTD,410.4,414.85,407.45,411.0,407.5,3542288
2026-08-20,AMDIND,AMD INDUSTRIES LIMITED,53.25,55.1,52.06,53.94,52.69,25432
2026-08-20,AMNPLST,AMINES & PLASTICIZERS LTD,184.67,185.0,173.85,183.04,181.66,24752
2026-08-20,AEROPLANE,AMIR CHAND JAG KUM (E) L,180.0,187.6,176.25,182.56,179.3,932330
2026-08-20,AMJLAND,AMJ LAND HOLDINGS LIMITED,38.7,39.93,38.52,38.91,38.66,18017
2026-08-20,AMRUTANJAN,AMRUTAJAN HEALTH LTD,498.8,542.4,495.6,521.65,498.8,1420386
2026-08-20,ARSSBL,ANAND RATHI SH N STK BR L,502.0,502.15,494.8,497.65,497.45,133424
2026-08-20,ANANDRATHI,ANAND RATHI WEALTH LTD,2189.2,2209.2,2165.0,2171.1,2189.2,130108
2026-08-20,ANANTRAJ,ANANT RAJ LIMITED,633.7,649.0,630.55,633.85,631.55,3857969
2026-08-20,ACL,ANDHRA CEMENTS LIMITED,46.32,46.94,45.6,45.77,46.08,12406
2026-08-20,ANDHRAPAP,ANDHRA PAPER LIMITED,61.24,61.24,60.02,60.34,61.07,91952
2026-08-20,ANDHRSUGAR,ANDHRA SUGARS LTD,100.52,104.84,100.1,102.74,99.53,2286211
2026-08-20,ANDREWYU,ANDREW YULE & CO. LTD.,25.75,26.55,25.75,26.12,26.0,27201
2026-08-20,ANGELONE,ANGEL ONE LIMITED,290.6,296.3,289.05,289.5,289.5,3677395
2026-08-20,ANIKINDS,ANIK INDUSTRIES LTD,44.15,44.59,44.0,44.0,44.15,1605
2026-08-20,APCL,ANJANI PORTLAND CEM LTD,105.0,106.05,102.25,103.77,103.07,3026
2026-08-20,AHCL,ANLON HEALTHCARE LIMITED,14.55,14.6,14.31,14.37,14.53,2923088
2026-08-20,ANMOL,ANMOL INDIA LIMITED,9.92,10.2,9.92,10.11,9.98,12075
2026-08-20,ANNAPURNA,ANNAPURNA SWADISHT LTD,156.5,162.4,150.1,152.1,153.35,53356
2026-08-20,ANSALBU,ANSAL BUILDWELL LTD.,73.0,73.0,73.0,73.0,73.0,1
2026-08-20,ANTGRAPHIC,ANTARCTICA LTD,0.73,0.75,0.7,0.72,0.73,221469
2026-08-20,ANTELOPUS,ANTELOPUS SELAN ENRGY LTD,808.0,809.8,786.6,796.65,798.35,129926
2026-08-20,ANTHEM,ANTHEM BIOSCIENCES LTD,890.0,890.0,871.85,874.5,881.9,286408
2026-08-20,AWHCL,ANTONY WASTE HDG CELL LTD,381.65,384.45,380.0,381.15,381.6,77008
2026-08-20,ANUHPHR,ANUH PHARMA LIMITED,76.86,76.86,75.5,75.91,75.86,21955
2026-08-20,ANURAS,ANUPAM RASAYAN INDIA LTD,1225.9,1245.0,1224.2,1239.4,1225.4,341398
2026-08-20,AONEGOLD,AONEAMC - AONEGOLD,14.35,14.65,14.35,14.54,14.22,758636
2026-08-20,AONELIQUID,AONEAMC - AONELIQUID,1073.35,1073.35,1073.33,1073.33,1073.2,46734
2026-08-20,AONENIFTY,AONEAMC - AONENIFTY,10.19,10.19,9.95,10.0,9.95,182095
2026-08-20,AONESILVER,AONEAMC - AONESILVER,8.89,9.09,8.85,8.97,8.67,1051301
2026-08-20,AONETMMQ50,AONEAMC - AONETMMQ50,10.37,10.4,10.33,10.35,10.32,29615
2026-08-20,AONETOTAL,AONEAMC - AONETOTAL,11.68,12.15,11.68,11.98,11.92,102165
2026-08-20,APARINDS,APAR INDUSTRIES LTD.,16730.0,16980.0,16605.0,16784.0,16615.0,122284
2026-08-20,APCOTEXIND,APCOTEX INDUSTRIES LIMITE,623.95,623.95,607.1,613.65,620.25,105837
2026-08-20,APEX,APEX FROZEN FOODS LIMITED,401.5,406.9,395.0,398.7,400.05,236163
2026-08-20,APLAPOLLO,APL APOLLO TUBES LTD,2132.6,2153.7,2125.0,2140.0,2121.8,445965
2026-08-20,APOLLOHOSP,APOLLO HOSPITALS ENTER. L,8788.0,8788.0,8679.5,8735.0,8750.0,280417
2026-08-20,APOLLO,APOLLO MICRO SYSTEMS LTD,388.75,395.9,385.0,386.75,386.7,4153259
2026-08-20,APOLLOPIPE,APOLLO PIPES LIMITED,576.8,606.0,572.7,603.25,576.45,913626
2026-08-20,APOLSINHOT,APOLLO SINDOORI HOTEL LTD,1184.0,1234.8,1184.0,1213.3,1184.7,643
2026-08-20,APOLLOTYRE,APOLLO TYRES LTD,430.0,433.75,428.1,429.3,427.35,898970
2026-08-20,APOORVA,APOORVA LEAS F & INV C L,28.05,28.05,26.51,26.51,27.5,361
2026-08-20,APTUS,APTUS VALUE HSG FIN I LTD,254.9,258.3,251.9,253.3,253.05,882923
2026-08-20,AQYLON,AQYLON NEXUS LIMITED,24.39,24.8,23.2,24.08,23.92,1576557
2026-08-20,ACI,ARCHEAN CHEMICAL IND LTD,509.8,510.95,497.0,499.95,506.0,129652
2026-08-20,ADL,ARCHIDPLY DECOR LIMITED,71.98,71.99,70.0,71.99,71.98,2678
2026-08-20,ARCHIDPLY,ARCHIDPLY IND. LTD,96.1,96.81,94.1,95.42,96.18,5998
2026-08-20,ARCHIES,ARCHIES LTD,13.95,14.18,13.8,13.87,13.82,20301
2026-08-20,ARCL,ARCL ORGANICS LTD.,230.0,230.0,229.84,229.84,230.99,50
2026-08-20,ARDEE,ARDEE INDUSTRIES LIMITED,63.68,63.93,60.85,61.48,63.38,6709975
2026-08-20,ARFIN,ARFIN INDIA LIMITED,84.38,84.5,81.77,82.71,83.62,1207344
2026-08-20,ARIES,ARIES AGRO LTD.,442.6,455.0,435.0,435.1,438.4,58300
2026-08-20,ARIHANTCAP,ARIHANT CAPITAL MKTS LTD,78.7,79.79,75.7,75.95,77.68,352578
2026-08-20,ARIHANT,ARIHANT FOUN & HOU LTD,1044.9,1054.0,1010.2,1035.4,1029.5,3381
2026-08-20,ARIHANTSUP,ARIHANT SUPERSTRUCT LTD,249.6,253.05,245.1,247.85,248.4,6140
2026-08-20,ARIS,ARISINFRA SOLUTIONS LTD,137.0,141.97,135.5,139.32,136.0,1800098
2026-08-20,ARKADE,ARKADE DEVELOPERS LIMITED,128.98,131.9,127.68,131.01,127.65,954010
2026-08-20,ARMANFIN,ARMAN FIN SERV LTD,1947.0,2018.0,1929.2,1973.1,1931.6,31187
2026-08-20,AROGRANITE,ARO GRANITE IND. LTD.,24.9,25.14,24.2,24.8,24.9,1444
2026-08-20,ARTNIRMAN,ART NIRMAN LIMITED,43.19,43.19,41.16,41.49,43.19,573
2026-08-20,AEPL,ARTEMIS ELECTRICALS & P L,14.75,15.49,14.75,14.99,14.89,11451
2026-08-20,ARTEMISMED,ARTEMIS MED SERVICE LTD,314.15,326.55,312.6,321.3,313.95,698991
2026-08-20,ARVEE,ARVEE LABORATORIES I LTD,182.9,182.9,166.41,168.34,174.39,1549
2026-08-20,ARVINDFASN,ARVIND FASHIONS LIMITED,437.4,437.4,425.2,428.3,429.3,691657
2026-08-20,ARVIND,ARVIND LIMITED,519.9,541.0,519.55,539.0,516.5,811042
2026-08-20,ARVSMART,ARVIND SMARTSPACES LTD,662.6,671.45,651.55,659.1,662.6,60812
2026-08-20,ARYAMAN,ARYAMAN FINANCIAL SERV L,593.0,593.0,570.0,585.0,587.0,317
2026-08-20,ASAHIINDIA,ASAHI INDIA GLASS LIMITED,957.05,960.6,950.0,951.55,957.05,97510
2026-08-20,ASHAPURMIN,ASHAPURA MINECHEM LTD,591.5,609.0,586.55,599.95,589.65,437145
2026-08-20,ASHIANA,ASHIANA HOUSING LTD,370.2,372.2,361.85,367.3,368.25,26312
2026-08-20,ASHIMASYN,ASHIMA LTD,17.23,17.8,17.16,17.49,17.49,92075
2026-08-20,ASHOKLEY,ASHOK LEYLAND LTD,174.7,175.57,172.61,173.8,173.1,5408765
2026-08-20,ASHOKA,ASHOKA BUILDCON LTD,112.48,112.95,111.48,112.07,111.6,498871
2026-08-20,ASHOKAMET,ASHOKA METCAST LIMITED,13.52,13.93,13.4,13.82,13.39,9081
2026-08-20,ASIANENE,ASIAN ENERGY SERVICES LTD,475.0,490.0,458.05,484.9,478.75,863262
2026-08-20,ASIANTILES,ASIAN GRANITO IND. LTD.,46.01,46.5,43.1,45.42,46.04,10272558
2026-08-20,AHLEAST,ASIAN HOTELS (EAST) LTD,140.51,143.96,140.51,142.79,139.73,67
2026-08-20,ASIANHOTNR,ASIAN HOTELS (NORTH) LTD,303.05,303.05,292.7,301.7,297.8,5106
2026-08-20,ASIANPAINT,ASIAN PAINTS LIMITED,2635.1,2641.8,2607.0,2625.2,2630.8,476939
2026-08-20,ASTAR,ASIAN STAR CO. LTD.,583.05,614.0,583.05,592.35,583.05,137
2026-08-20,ASIANTNE,ASIAN TEA & EXPORTS LTD.,9.49,9.49,9.06,9.42,9.03,1174
2026-08-20,ASKAUTOLTD,ASK AUTOMOTIVE LIMITED,649.1,654.9,635.15,643.85,646.35,603855
2026-08-20,ASPINWALL,ASPINWALL & CO LTD,235.0,252.0,235.0,246.55,235.41,3430
2026-08-20,ASSAMENT,ASSAM ENTRADE LIMITED,847.0,847.0,800.0,800.0,807.5,14
2026-08-20,ASALCBR,ASSO ALCOHOLS & BREW LTD,723.1,729.35,716.55,722.8,718.15,15658
2026-08-20,ASTEC,ASTEC LIFESCIENCES LTD,609.95,624.0,598.0,601.8,603.8,34498
2026-08-20,ASTERDM,ASTER DM QUALITY CARE LTD,798.35,798.35,756.05,765.65,800.2,9884475
2026-08-20,ASTRAMICRO,ASTRA MICROWAVE LTD,1709.9,1714.7,1677.6,1684.2,1701.1,313032
2026-08-20,ASTRAL,ASTRAL LIMITED,1550.0,1552.9,1532.0,1532.0,1544.9,257504
2026-08-20,ASTRAZEN,ASTRAZENECA PHARMA IND LT,7500.5,7620.0,7485.0,7507.0,7500.5,9211
2026-08-20,ATALREAL,ATAL REALTECH LIMITED,33.38,33.72,32.86,33.45,33.18,4701647
2026-08-20,ATAM,ATAM VALVES LIMITED,60.95,60.95,54.6,55.53,59.36,88855
2026-08-20,ATHERENERG,ATHER ENERGY LIMITED,1445.5,1467.0,1421.7,1449.6,1438.2,1720215
2026-08-20,ATLANTAELE,ATLANTA ELECTRICALS LTD,1749.1,1765.0,1682.0,1688.6,1716.5,98469
2026-08-20,ATLANTAA,ATLANTAA LIMITED,39.98,39.98,38.21,38.57,38.95,33042
2026-08-20,ATLASCYCLE,ATLAS CYCLE (HARYANA) LTD,99.49,99.49,96.5,97.95,97.0,1942
2026-08-20,ATULAUTO,ATUL AUTO LIMITED,490.0,495.8,485.1,487.35,489.1,64611
2026-08-20,ATUL,ATUL LTD,6675.0,6678.0,6491.5,6510.5,6596.0,22004
2026-08-20,AUBANK,AU SMALL FINANCE BANK LTD,1076.9,1092.5,1076.0,1088.0,1075.0,3678931
2026-08-20,AURIONPRO,AURIONPRO SOLN LTD,690.0,706.95,680.15,691.4,684.45,203511
2026-08-20,AUROPHARMA,AUROBINDO PHARMA LTD,1631.0,1635.6,1602.5,1608.0,1624.5,805856
2026-08-20,AURUM,AURUM PROPTECH LIMITED,230.0,231.0,228.0,229.8,229.73,60637
2026-08-20,AURUS,AURUS GEM CORP LIMITED,4.66,4.78,4.59,4.62,4.66,11016
2026-08-20,AUSOMENT,AUSOM ENTERPRISE LIMITED,147.86,149.0,139.25,145.51,146.4,13927
2026-08-20,AUSTENG,AUSTIN ENGINEERING CO. L,130.0,133.8,125.02,126.7,121.3,3439
2026-08-20,AIIL,AUTHUM INVEST & INFRA LTD,551.0,553.75,527.25,532.3,550.5,966550
2026-08-20,ACGL,AUTOMOBILE CORPN OF GOA L,1792.6,1829.8,1775.0,1802.0,1793.0,592
2026-08-20,AUTOAXLES,AUTOMOTIVE AXLES LIMITED,1762.0,1777.9,1750.1,1754.2,1759.7,5132
2026-08-20,ASAL,AUTOMOTIVE STAMPINGS & AS,496.05,512.5,496.05,506.75,496.25,36177
2026-08-20,AVADHSUGAR,AVADH SUG & ENERGY LTD,740.0,828.0,740.0,814.7,743.9,2072315
2026-08-20,AVALON,AVALON TECHNOLOGIES LTD,2190.0,2351.0,2180.0,2245.5,2245.6,774181
2026-08-20,AVANCE,AVANCE TECHNOLOGIES LTD.,0.9,0.91,0.88,0.88,0.9,9386636
2026-08-20,AVANTEL,AVANTEL LIMITED,164.8,165.5,162.17,162.96,163.86,695753
2026-08-20,AVANTIFEED,AVANTI FEEDS LIMITED,864.1,873.55,854.0,857.15,860.6,161293
2026-08-20,DMART,AVENUE SUPERMARTS LIMITED,3973.1,4070.0,3955.1,3960.0,3965.0,399620
2026-08-20,CCAVENUE,AVENUESAI LIMITED,14.97,15.16,14.9,14.95,14.89,6595884
2026-08-20,AVONMORE,AVONMORE CAP&MGT SERV LTD,13.29,13.9,13.14,13.3,13.03,411628
2026-08-20,AVROIND,AVRO INDIA LIMITED,9.24,9.5,9.11,9.38,9.54,295543
2026-08-20,AVTNPL,AVT NATURAL PRODUCTS LTD,86.97,90.0,85.23,88.47,86.59,379961
2026-08-20,AWFIS,AWFIS SPACE SOLUTIONS LTD,267.0,268.0,262.0,263.0,266.45,149898
2026-08-20,AWL,AWL AGRI BUSINESS LIMITED,189.18,191.73,187.87,188.64,188.72,2996778
2026-08-20,AXISBANK,AXIS BANK LIMITED,1237.5,1253.9,1236.2,1251.0,1235.0,4163816
2026-08-20,BNKETFAXIS,AXISAMC-BNKETFAXIS,591.94,596.56,591.94,593.46,591.94,74
2026-08-20,CONSUMAXIS,AXISAMC-CONSUMAXIS,124.16,124.79,124.16,124.39,125.91,775
2026-08-20,GOLDAXIS,AXISAMC-GOLDAXIS,129.79,130.4,128.91,129.78,126.63,4551401
2026-08-20,HEALTHAXIS,AXISAMC-HEALTHAXIS,167.77,178.0,167.04,168.91,166.94,2461
2026-08-20,ITAXIS,AXISAMC-ITAXIS,339.33,341.55,335.0,335.63,335.05,2617
2026-08-20,NIFTYAXIS,AXISAMC-NIFTYAXIS,269.65,269.65,267.55,268.74,266.67,385926
2026-08-20,SENSEXAXIS,AXISAMC-SENSEXAXIS,81.0,83.0,80.25,80.56,79.69,1451
2026-08-20,SILVERAXIS,AXISAMC-SILVERAXIS,230.66,235.61,230.66,233.96,225.02,306425
2026-08-20,VALUEAXIS,AXISAMC-VALUEAXIS,33.41,33.41,32.5,32.57,32.6,56022
2026-08-20,AXISCADES,AXISCADES TECH LTD,1600.0,1615.2,1590.1,1600.6,1592.8,99558
2026-08-20,AXITA,AXITA COTTON LIMITED,7.36,7.48,7.24,7.3,7.27,566049
2026-08-20,AXTEL,AXTEL INDUSTRIES LTD.,406.6,410.0,400.0,404.1,406.6,5087
2026-08-20,AYE,AYE FINANCE LIMITED,170.0,173.7,169.0,169.69,170.34,252600
2026-08-20,AYMSYNTEX,AYM SYNTEX LIMITED,268.95,271.35,261.1,262.5,265.2,29461
2026-08-20,AZAD,AZAD ENGINEERING LIMITED,2850.0,2878.9,2756.0,2766.6,2828.4,381785
2026-08-20,AZADIND,AZAD INDIA MOBILITY LTD.,92.0,93.55,88.6,89.76,91.74,17242
2026-08-20,BBTCL,B&B TRIPLEWALL CONT LTD,253.0,253.0,246.04,248.14,246.04,24304
2026-08-20,BAGFILMS,B.A.G FILMS AND MEDIA LTD,4.43,4.48,4.33,4.38,4.43,51275
2026-08-20,BLKASHYAP,B.L.KASHYAP & SON LTD,52.29,54.89,52.06,53.98,52.04,1719375
2026-08-20,STYLEBAAZA,BAAZAR STYLE RETAIL LTD,431.05,443.85,426.1,439.6,422.75,3975364
2026-08-20,BAIDFIN,BAID FINSERV LIMITED,9.69,10.0,9.63,9.76,9.69,47142
2026-08-20,BAJAJ-AUTO,BAJAJ AUTO LIMITED,11700.0,11793.0,11620.0,11793.0,11645.0,151383
2026-08-20,BAJAJCON,BAJAJ CONSUMER CARE LTD,501.0,502.0,485.0,486.95,500.7,387003
2026-08-20,BAJAJELEC,BAJAJ ELECT.LTD,353.8,357.9,352.5,354.35,353.55,108217
2026-08-20,BAJFINANCE,BAJAJ FINANCE LIMITED,1089.7,1102.3,1086.3,1095.0,1080.2,6741475
2026-08-20,BAJAJFINSV,BAJAJ FINSERV LTD.,2020.0,2030.1,2013.0,2016.0,2012.0,417675
2026-08-20,BAJAJHCARE,BAJAJ HEALTHCARE LIMITED,320.0,328.0,320.0,325.95,319.25,72801
2026-08-20,BAJAJHIND,BAJAJ HINDUSTHAN SUGAR LT,20.74,23.98,20.59,23.33,20.38,256556792
2026-08-20,BAJAJHLDNG,BAJAJ HOLDINGS & INVS LTD,11380.0,11423.0,11303.0,11368.0,11380.0,26558
2026-08-20,BAJAJHFL,BAJAJ HOUSING FINANCE LTD,86.0,86.82,85.32,85.59,85.01,5039653
2026-08-20,BAJAJST,BAJAJ STEEL INDS. LTD.,359.95,360.0,348.0,349.55,355.95,24607
2026-08-20,BAJEL,BAJEL PROJECTS LIMITED,181.2,185.9,179.41,180.58,180.22,160272
2026-08-20,BALPHARMA,BAL PHARMA LTD.,85.15,87.74,85.14,86.66,84.82,10705
2026-08-20,BALAMINES,BALAJI AMINES LIMITED,2100.0,2121.6,2050.1,2078.9,2092.7,76918
2026-08-20,BALAJITELE,BALAJI TELEFILMS LIMITED.,92.0,93.65,90.35,91.47,91.46,141831
2026-08-20,BALAXI,BALAXI PHARMA LTD,24.2,24.2,21.5,22.3,23.79,139295
2026-08-20,BALKRISIND,BALKRISHNA IND. LTD,2366.5,2393.4,2345.9,2378.0,2366.4,105038
2026-08-20,BALKRISHNA,BALKRISHNA PAPER MILLS L,17.48,17.5,17.25,17.3,17.23,7409
2026-08-20,BALMLAWRIE,BALMER LAWRIE & CO LTD,173.61,174.69,173.02,174.0,173.61,93408
2026-08-20,BLIL,BALMER LAWRIE INVSTS. L,71.58,71.6,70.61,71.44,71.14,48538
2026-08-20,BALRAMCHIN,BALRAMPUR CHINI MILLS LTD,658.25,780.95,655.05,767.1,650.8,33514941
2026-08-20,BALUFORGE,BALU FORGE INDUSTRIES LTD,540.15,554.5,531.15,546.75,537.5,1416472
2026-08-20,BANARBEADS,BANARAS BEADS LTD,112.45,114.01,112.45,114.0,112.41,822
2026-08-20,BANCOINDIA,BANCO PRODUCTS (I) LTD,625.0,632.85,621.0,625.45,622.75,95250
2026-08-20,BANDHANBNK,BANDHAN BANK LIMITED,170.1,175.95,170.1,174.16,169.2,8020125
2026-08-20,GOLDBND,BANDHANAMC - GOLDBND,153.51,156.45,152.05,155.49,151.78,94606
2026-08-20,IDFNIFTYET,BANDHANAMC - IDFNIFTYET,271.89,271.89,267.04,268.98,268.75,2056
2026-08-20,SILVERBND,BANDHANAMC - SILVERBND,235.12,238.0,235.12,235.88,227.39,50646
2026-08-20,BANG,BANG OVERSEAS LTD.,29.01,29.55,28.5,28.65,29.06,8114
2026-08-20,BANKBARODA,BANK OF BARODA,246.5,247.15,244.25,244.5,245.0,5598278
2026-08-20,BANKINDIA,BANK OF INDIA,142.7,143.7,141.97,142.8,141.7,6127372
2026-08-20,MAHABANK,BANK OF MAHARASHTRA,80.5,81.85,79.99,80.28,79.82,10855447
2026-08-20,BANKA,BANKA BIOLOO LIMITED,78.4,79.89,77.25,79.3,78.4,4055
2026-08-20,BANARISUG,BANNARI AMMAN SUGARS LTD,3635.0,4338.0,3635.0,4240.7,3617.4,71353
2026-08-20,BANSALWIRE,BANSAL WIRE INDUSTRIES L,323.05,325.0,319.15,322.75,322.85,66027
2026-08-20,BANSWRAS,BANSWARA SYNTEX LIMITED,118.0,122.0,116.51,120.34,115.45,56499
2026-08-20,BVCL,BARAK VALLEY CEM. LTD.,40.42,42.5,40.42,41.77,40.41,17434
2026-08-20,BBNPNBETF,BARODABNP - BBNPNBETF,57.98,58.34,57.81,57.81,57.4,546
2026-08-20,BBNPPGOLD,BARODABNP - BBNPPGOLD,151.0,151.95,149.05,150.95,146.95,6988
2026-08-20,BASF,BASF INDIA LTD,3959.0,3974.0,3840.0,3856.2,3930.0,24285
2026-08-20,BATAINDIA,BATA INDIA LTD,721.95,726.85,707.6,711.2,721.3,295367
2026-08-20,BATLIBOI,BATLIBOI LTD.,86.55,87.09,84.01,84.81,85.53,32818
2026-08-20,BAYERCROP,BAYER CROPSCIENCE LTD,4099.0,4099.4,4059.0,4066.8,4069.9,12419
2026-08-20,BCLIND,BCL INDUSTRIES LIMITED,36.2,37.55,35.76,37.19,35.82,1176947
2026-08-20,BCPL,BCPL RAILWAY INFRA LTD,69.52,71.0,69.52,70.71,69.52,6615
2026-08-20,BEARDSELL,BEARDSELL LIMITED,25.2,26.9,25.2,25.76,25.05,19842
2026-08-20,BEDMUTHA,BEDMUTHA INDUST LTD,112.14,113.87,108.0,108.96,112.05,5429
2026-08-20,BEEKAY,BEEKAY STEEL INDS. LTD.,425.2,435.0,423.1,423.25,427.3,1734
2026-08-20,BLEL,BEHARI LAL ENGINEERING L,525.1,548.0,497.2,504.25,502.2,23599466
2026-08-20,BELLACASA,BELLA CASA FASH AND RET L,227.5,227.5,223.0,224.48,223.98,5014
2026-08-20,BELRISE,BELRISE INDUSTRIES LTD,234.01,241.12,232.5,234.08,233.01,4779128
2026-08-20,BLAL,BEML LAND ASSETS LIMITED,170.98,171.28,169.01,169.63,168.45,7942
2026-08-20,BEML,BEML LIMITED,1977.0,1977.0,1950.0,1962.8,1966.9,232167
2026-08-20,BENARAS,BENARES HOTELS LTD.,10200.0,10250.0,10200.0,10200.0,10189.0,86
2026-08-20,BENGALASM,BENGAL & ASSAM CO. LTD.,6201.0,6289.5,6120.0,6201.0,6201.5,218
2026-08-20,BERGEPAINT,BERGER PAINTS (I) LTD,536.9,539.55,525.0,528.55,535.9,291505
2026-08-20,BESTAGRO,BEST AGROLIFE LIMITED,18.24,18.5,18.0,18.12,18.31,654452
2026-08-20,BETA,BETA DRUGS LIMITED,2446.0,2446.0,2270.0,2295.0,2399.2,34219
2026-08-20,BFINVEST,BF INVESTMENT LIMITED,449.9,454.4,449.9,451.5,447.15,18997
2026-08-20,BFUTILITIE,BF UTILITIES LIMITED,536.0,540.05,525.5,528.45,530.65,18949
2026-08-20,BANK10BETF,BFAM - BANK10BETF,20.76,20.88,20.76,20.86,20.62,1249
2026-08-20,BANKBETF,BFAM - BANKBETF,58.98,58.98,58.43,58.45,58.17,6227
2026-08-20,LIQUIDBETF,BFAM - LIQUIDBETF,1095.34,1095.35,1095.33,1095.34,1095.2,402825
2026-08-20,NIFTYBETF,BFAM - NIFTYBETF,248.85,250.58,248.82,249.27,248.28,897
2026-08-20,BHAGCHEM,BHAGIRADHA CHEM & INDS L,288.9,288.9,283.05,283.9,287.4,20476
2026-08-20,BHAGYANGR,BHAGYANAGAR INDIA LIMITED,382.95,390.9,379.6,384.0,382.4,89881
2026-08-20,BHANDARI,BHANDARI HOSIERY EXP LTD,3.1,3.1,3.02,3.02,3.04,102382
2026-08-20,BEPL,BHANSALI ENG. POLYMERS LT,119.5,123.7,119.5,123.23,119.05,924134
2026-08-20,BBL,BHARAT BIJLEE LTD,2310.0,2368.2,2294.0,2353.9,2304.4,40243
2026-08-20,BHARATCOAL,BHARAT COKING COAL LTD,33.18,33.6,33.1,33.27,32.94,4137857
2026-08-20,BDL,BHARAT DYNAMICS LIMITED,1356.8,1356.8,1308.2,1317.0,1349.0,2094679
2026-08-20,BEL,BHARAT ELECTRONICS LTD,411.8,412.2,406.3,409.4,409.2,6984638
2026-08-20,BHARATFORG,BHARAT FORGE LTD,2071.1,2084.0,2045.2,2062.0,2069.0,417329
2026-08-20,BPLPHARMA,BHARAT PARENTERALS LTD.,1476.0,1476.0,1290.0,1294.7,1274.3,1380
2026-08-20,BPCL,BHARAT PETROLEUM CORP  LT,307.5,311.0,304.8,308.7,307.0,5132147
2026-08-20,BHARATRAS,BHARAT RASAYAN LTD,1285.5,1308.8,1280.4,1303.4,1278.4,5898
2026-08-20,BRNL,BHARAT ROAD NETWORK LTD,17.79,17.79,17.25,17.35,17.45,17402
2026-08-20,BHARATSE,BHARAT SEATS LIMITED,228.5,231.51,227.22,230.26,227.19,135399
2026-08-20,BHARATWIRE,BHARAT WIRE ROPES LTD.,186.25,189.8,186.25,187.76,186.33,67736
2026-08-20,BHARTIARTL,BHARTI AIRTEL LIMITED,1944.0,1952.2,1933.0,1941.7,1922.0,4390604
2026-08-20,BHARTIHEXA,BHARTI HEXACOM LIMITED,1596.3,1631.4,1589.7,1615.6,1596.3,122763
2026-08-20,BIL,BHARTIYA INTERNATIONAL,855.1,855.1,830.1,834.55,842.6,10992
2026-08-20,BHEL,BHEL,422.9,423.75,412.4,413.5,419.8,4572719
2026-08-20,BIGBLOC,BIGBLOC CONSTRUCTION LTD,43.59,43.59,42.0,42.6,43.39,56951
2026-08-20,BIKAJI,BIKAJI FOODS INTERN LTD,609.3,612.95,606.0,607.0,609.15,37540
2026-08-20,GROWW,BILLIONBRAINS GARAGE VN L,195.24,202.0,193.71,200.72,194.14,49550959
2026-08-20,BIMETAL,BIMETAL BEARINGS LTD.,643.75,643.75,622.5,623.0,624.55,275
2026-08-20,BIOCON,BIOCON LIMITED.,414.0,415.95,411.0,412.5,412.75,1981150
2026-08-20,BIOFILCHEM,BIOFIL CHEM & PHARMA LTD,30.96,31.49,30.53,30.78,30.91,4994
2026-08-20,BIRLACORPN,BIRLA CORPORATION LTD,885.0,895.0,884.8,891.5,884.9,19977
2026-08-20,BIRLAPREC,BIRLA PRECISION TECH L,36.63,39.99,36.22,39.11,36.63,119628
2026-08-20,BIRLANU,BIRLANU LIMITED,1584.0,1585.0,1530.2,1535.4,1560.5,8818
2026-08-20,ABGSEC,BIRLASLAMC - ABGSEC,114.32,114.32,114.32,114.32,114.55,13
2026-08-20,ABSL10BANK,BIRLASLAMC - ABSL10BANK,168.72,169.58,168.33,168.47,168.33,92223
2026-08-20,ABSLBANETF,BIRLASLAMC - ABSLBANETF,59.11,59.29,58.89,59.08,58.67,6270
2026-08-20,ABSLLIQUID,BIRLASLAMC - ABSLLIQUID,1000.0,1000.01,999.99,999.99,999.99,1484
2026-08-20,ABSLMSCIN,BIRLASLAMC - ABSLMSCIN,29.62,29.89,29.62,29.75,29.62,3328
2026-08-20,ABSLNN50ET,BIRLASLAMC - ABSLNN50ET,78.01,78.35,77.94,78.29,77.75,3067
2026-08-20,BSLSENETFG,BIRLASLAMC - BSLSENETFG,79.0,79.0,77.99,78.32,79.47,2351
2026-08-20,HEALTHY,BIRLASLAMC - HEALTHY,16.85,17.06,16.84,16.93,16.86,132274
2026-08-20,MOMENTUM,BIRLASLAMC - MOMENTUM,31.18,31.43,31.17,31.29,31.17,117179
2026-08-20,NIFTYQLITY,BIRLASLAMC - NIFTYQLITY,21.57,21.84,21.52,21.62,21.52,39517
2026-08-20,SILVER,BIRLASLAMC - SILVER,229.84,236.86,229.84,235.2,226.09,2294375
2026-08-20,TECH,BIRLASLAMC - TECH,34.29,34.29,33.41,33.65,34.16,19738
2026-08-20,ABSLPSE,BIRLASLAMC-ABSLPSE,10.1,10.29,10.1,10.15,10.13,126249
2026-08-20,BSOFT,BIRLASOFT LIMITED,309.0,314.0,307.5,309.0,305.9,657560
2026-08-20,BBOX,BLACK BOX LIMITED,771.55,776.2,750.0,751.55,767.75,209975
2026-08-20,BLACKBUCK,BLACKBUCK LIMITED,616.35,635.0,610.75,631.05,616.35,1130283
2026-08-20,BLBLIMITED,BLB LIMITED,16.2,16.3,15.75,16.03,16.16,324533
2026-08-20,BLSE,BLS E-SERVICES LIMITED,314.0,328.1,312.8,321.1,314.1,1500843
2026-08-20,BLS,BLS INTL SERVS LTD,274.1,275.83,271.5,273.92,271.37,856501
2026-08-20,BLUECHIP,BLUE CHIP INDIA LIMITED,1.93,1.93,1.93,1.93,1.9,4366
2026-08-20,BLUECLOUDS,BLUE CLOUD SOFTECH SOLU L,22.4,23.21,22.26,22.47,22.36,1406731
2026-08-20,BLUEDART,BLUE DART EXPRESS LTD,5075.0,5130.0,5020.0,5077.0,5067.0,5551
2026-08-20,BLUEJET,BLUE JET HEALTHCARE LTD,596.45,604.0,593.3,595.3,592.3,370165
2026-08-20,BLUESTARCO,BLUE STAR LIMITED,1495.1,1526.0,1490.5,1510.0,1493.2,642269
2026-08-20,BLUESTONE,BLUESTONE JEWEL LFSTL LTD,820.25,838.55,817.0,821.5,816.2,627502
2026-08-20,BLUSPRING,BLUSPRING ENTERPRISES LTD,118.07,121.89,116.89,117.96,119.86,315322
2026-08-20,BMWVENTLTD,BMW VENTURES LIMITED,57.9,58.0,57.02,57.23,57.18,61200
2026-08-20,BNAGROCHEM,BN AGROCHEM LTD.,240.0,240.0,233.0,237.45,238.75,477
2026-08-20,BTML,BODHI TREE MULTIMEDIA LTD,8.79,8.8,7.85,7.92,8.72,1261909
2026-08-20,BOHRAIND,BOHRA INDUSTRIES LIMITED,14.1,14.7,14.1,14.15,14.74,11313
2026-08-20,BBTC,BOMBAY BURMAH TRADING COR,1459.5,1459.5,1430.3,1436.0,1445.0,27826
2026-08-20,BOMDYEING,BOMBAY DYEING & MFG. CO L,113.24,113.45,112.2,112.6,111.57,340942
2026-08-20,BSHSL,BOMBAY SUPER HYBRID SEEDS,88.7,89.5,86.85,88.07,88.72,4906
2026-08-20,BONLON,BONLON INDUSTRIES LIMITED,42.0,42.0,40.57,40.88,41.54,11308
2026-08-20,BORANA,BORANA WEAVES LIMITED,313.05,313.05,306.8,308.2,309.15,19946
2026-08-20,BOROLTD,BOROSIL LIMITED,251.28,262.0,251.27,257.82,248.11,213495
2026-08-20,BORORENEW,BOROSIL RENEWABLES LTD,552.4,556.75,537.9,543.0,549.7,402195
2026-08-20,BOROSCI,BOROSIL SCIENTIFIC LTD,130.99,131.0,127.5,127.7,128.96,51364
2026-08-20,BOSCH-HCIL,BOSCH HOME COMFRT IND LTD,1779.0,1801.7,1736.2,1772.0,1762.6,80071
2026-08-20,BOSCHLTD,BOSCH LIMITED,48545.0,48750.0,47900.0,48750.0,48460.0,47793
2026-08-20,BPL,BPL LTD,50.9,50.92,48.3,49.19,50.33,58852
2026-08-20,BRAHMINFRA,BRAHMAPUTRA INFRA L,174.9,174.9,162.0,167.66,170.5,32398
2026-08-20,FIRSTCRY,BRAINBEES SOLUTIONS LTD,197.9,201.53,196.11,196.67,196.5,903785
2026-08-20,BCONCEPTS,BRAND CONCEPTS LIMITED,157.05,162.88,152.84,155.29,159.7,16041
2026-08-20,BRIGADE,BRIGADE ENTER. LTD,590.0,629.45,588.85,625.75,587.7,1512316
2026-08-20,BRIGHOTEL,BRIGADE HOTEL VENTURE LTD,60.43,60.82,59.5,59.91,60.65,103748
2026-08-20,BRIGHTBR,BRIGHT BROTHERS LTD.,245.01,258.97,245.01,251.23,242.35,1243
2026-08-20,BCG,BRIGHTCOM GROUP LIMITED,9.19,9.48,9.15,9.36,9.15,5254458
2026-08-20,BRITANNIA,BRITANNIA INDUSTRIES LTD,5454.5,5555.0,5454.5,5548.0,5453.0,200063
2026-08-20,BSE,BSE LIMITED,3384.0,3412.0,3280.0,3291.1,3352.0,5391606
2026-08-20,BSL,BSL LTD,121.89,123.5,121.1,121.52,121.23,1568
2026-08-20,BUTTERFLY,BTRFLY GANDHI APPL LTD,658.95,660.6,646.0,647.05,654.5,8562
2026-08-20,CGVAK,C G V A K SOFTWARE & EX L,159.0,162.55,152.01,158.58,140.73,13494
2026-08-20,MAPMYINDIA,C.E. INFO SYSTEMS LIMITED,1010.0,1021.1,1001.0,1007.2,1007.6,67167
2026-08-20,CMLL,CALIBER MINING AND LOG L,514.5,521.85,498.25,506.95,514.5,363355
2026-08-20,CALSOFT,CALIFORNIA SOFTWARE CO LT,29.89,29.89,27.05,27.05,28.47,1232418
2026-08-20,CTE,CAMBRIDGE TECH ENTER LTD,47.18,47.18,45.61,47.18,44.94,63342
2026-08-20,CAMLINFINE,CAMLIN FINE SCIENCES LTD,107.9,109.44,107.15,108.38,106.15,578966
2026-08-20,CAMPUS,CAMPUS ACTIVEWEAR LIMITED,224.45,225.13,222.19,223.11,222.54,385105
2026-08-20,CANFINHOME,CAN FIN HOMES LTD,821.4,852.0,816.8,842.9,817.65,431403
2026-08-20,CANBK,CANARA BANK,129.53,130.49,129.05,129.6,129.08,9575025
2026-08-20,CANHLIFE,CANARA HSBC LIFE INS CO L,152.69,155.8,150.74,151.69,151.63,828226
2026-08-20,CRAMC,CANARA ROBECO AMC LIMITED,251.5,265.35,251.5,264.3,250.75,667871
2026-08-20,CANTABIL,CANTABIL RETAIL LTD,233.04,255.0,233.04,247.31,232.12,1148793
2026-08-20,CAPACITE,CAPACITE INFRAPROJECT LTD,207.0,208.39,202.1,203.73,205.53,208898
2026-08-20,CAPILLARY,CAPILLARY TECHNO INDIA L,511.6,519.25,506.0,506.95,510.15,132995
2026-08-20,CIFL,CAPITAL INDIA FINANCE LTD,20.02,20.96,20.02,20.87,20.4,30035
2026-08-20,CAPITALSFB,CAPITAL SMALL FIN BANK L,291.9,291.95,285.25,287.45,287.6,8510
2026-08-20,CAPLIPOINT,CAPLIN POINT LAB LTD.,2600.0,2600.0,2520.1,2529.7,2571.0,47100
2026-08-20,CGCL,CAPRI GLOBAL CAPITAL LTD,227.9,229.0,223.1,225.11,226.23,4030776
2026-08-20,CPL,CAPTAIN POLYPLAST LIMITED,68.66,68.66,66.71,67.77,68.06,115207
2026-08-20,CARBORUNIV,CARBORUNDUM UNIVERSAL LTD,1088.0,1142.0,1081.4,1137.6,1087.2,266570
2026-08-20,CARERATING,CARE RATINGS LIMITED,1724.9,1735.4,1694.0,1698.9,1706.7,56861
2026-08-20,CPEDU,CAREER POINT EDUTECH LTD,205.37,205.37,200.49,201.54,205.47,14048
2026-08-20,CARRARO,CARRARO INDIA LIMITED,523.9,529.6,518.85,525.75,518.85,89443
2026-08-20,CARTRADE,CARTRADE TECH LIMITED,2800.0,2935.0,2786.4,2895.2,2783.5,594647
2026-08-20,CARYSIL,CARYSIL LIMITED,1186.7,1188.2,1152.7,1158.1,1181.9,56704
2026-08-20,CASTROLIND,CASTROL INDIA LIMITED,189.2,189.49,188.05,188.57,188.75,1114315
2026-08-20,CCL,CCL PRODUCTS (I) LTD,1133.0,1140.3,1108.3,1112.4,1124.6,124510
2026-08-20,CEATLTD,CEAT LIMITED,3552.4,3604.1,3532.3,3588.2,3534.8,42088
2026-08-20,CEIGALL,CEIGALL INDIA LIMITED,322.35,333.8,310.0,312.8,313.65,828707
2026-08-20,CEINSYS,CEINSYS TECH LIMITED,770.95,777.95,759.05,761.0,763.7,26383
2026-08-20,CELEBRITY,CELEBRITY FASHIONS LTD,6.95,6.95,6.56,6.72,6.86,11583
2026-08-20,CELLO,CELLO WORLD LIMITED,362.9,367.7,359.05,363.6,358.8,246818
2026-08-20,CEMPRO,CEMINDIA PROJECTS LIMITED,1271.2,1286.9,1265.0,1273.9,1265.7,147458
2026-08-20,CENTRALBK,CENTRAL BANK OF INDIA,30.92,31.25,30.92,31.07,30.91,2992043
2026-08-20,CDSL,CENTRAL DEPO SER (I) LTD,1335.0,1358.0,1330.1,1345.9,1329.0,1113440
2026-08-20,CMPDI,CENTRAL MINE P N D INST L,242.0,247.5,233.6,234.49,238.14,2891303
2026-08-20,CENTRUM,CENTRUM CAPITAL LIMITED,24.25,24.55,23.38,23.56,23.9,387149
2026-08-20,CENTUM,CENTUM ELECTRONICS LTD,3404.7,3482.7,3368.3,3446.0,3368.9,50765
2026-08-20,CENTENKA,CENTURY ENKA LTD,568.05,577.3,562.1,567.0,569.9,39200
2026-08-20,CENTEXT,CENTURY EXTRUSIONS LTD,21.95,22.1,20.4,20.64,22.08,441134
2026-08-20,CENTURYPLY,CENTURY PLYBOARDS (I) LTD,747.0,780.0,747.0,772.75,747.0,83854
2026-08-20,CERA,CERA SANITARYWARE LTD,5745.0,5899.5,5700.5,5858.5,5691.5,8219
2026-08-20,CESC,CESC LTD,159.21,160.2,155.9,156.61,159.66,1965934
2026-08-20,CGPOWER,CG POWER AND IND SOL LTD,868.55,876.3,862.65,876.3,863.05,2197796
2026-08-20,CHALET,CHALET HOTELS LIMITED,851.6,859.0,840.0,852.9,848.05,66506
2026-08-20,CLSEL,CHAMAN LAL SETIA EXP LTD,280.25,285.2,277.3,278.45,279.2,29017
2026-08-20,CHAMBLFERT,CHAMBAL FERTILIZERS LTD,439.0,439.1,433.5,433.95,434.85,283276
2026-08-20,CHEMBOND,CHEMBOND MATERIALTECH LTD,169.0,176.99,163.5,167.47,166.0,9118
2026-08-20,CHEMCRUX,CHEMCRUX ENTERPRISES LTD.,85.8,87.0,85.0,86.62,85.25,925
2026-08-20,CHEMFAB,CHEMFAB ALKALIS LIMITED,380.0,380.0,362.0,366.0,372.55,3791
2026-08-20,CHEMPLASTS,CHEMPLAST SANMAR LIMITED,180.68,181.43,174.5,175.14,179.68,255786
2026-08-20,CHENNPETRO,CHENNAI PETROLEUM CORP LT,1457.0,1466.0,1379.6,1390.5,1440.3,2227820
2026-08-20,CHEVIOT,CHEVIOT COMPANY LIMITED,1143.1,1204.1,1143.1,1176.3,1141.1,2845
2026-08-20,CHOICEIN,CHOICE INTERNATIONAL LTD,802.8,819.0,802.8,809.7,800.45,796294
2026-08-20,CHOICEGOLD,CHOICEAMC - CHOICEGOLD,155.0,155.0,152.72,154.25,150.73,15587
2026-08-20,CHOLAHLDNG,CHOLAMANDALAM FIN HOL LTD,1574.2,1583.0,1560.7,1574.2,1557.3,52328
2026-08-20,CHOLAFIN,CHOLAMANDALAM IN & FIN CO,1889.8,1907.0,1877.2,1888.9,1873.5,624966
2026-08-20,CIEINDIA,CIE AUTOMOTIVE INDIA LTD,407.5,410.2,403.0,403.8,406.65,326973
2026-08-20,CINELINE,CINELINE INDIA LIMITED,87.5,89.48,85.4,86.71,87.33,12808
2026-08-20,CINEVISTA,CINEVISTA LIMITED,14.39,14.53,14.1,14.12,14.07,5686
2026-08-20,CIPLA,CIPLA LTD,1430.0,1439.4,1427.5,1438.0,1422.0,327752
2026-08-20,CUB,CITY UNION BANK LTD,225.0,225.23,218.0,219.35,221.03,1274243
2026-08-20,CLEANMAX,CLEAN MAX ENVIRO EN SOL L,1256.9,1259.5,1191.1,1220.1,1243.8,233933
2026-08-20,CLEAN,CLEAN SCIENCE & TECH LTD,821.7,848.9,821.7,834.7,819.3,453366
2026-08-20,CMRGREEN,CMR GREEN TECHNOLOGIES L,215.25,215.8,212.0,213.75,213.08,469947
2026-08-20,CMSINFO,CMS INFO SYSTEMS LIMITED,246.05,253.2,244.5,249.55,246.0,760725
2026-08-20,COALINDIA,COAL INDIA LTD,400.05,403.45,395.8,402.5,400.0,5070984
2026-08-20,COASTCORP,COASTAL CORPORATION LTD,42.04,42.33,38.75,40.57,42.04,551226
2026-08-20,COCHINSHIP,COCHIN SHIPYARD LIMITED,1490.3,1496.8,1478.2,1489.0,1485.0,458250
2026-08-20,COFORGE,COFORGE LIMITED,1835.0,1888.5,1826.5,1882.0,1813.1,4002215
2026-08-20,COHANCE,COHANCE LIFESCIENCES LTD,450.0,484.0,448.35,475.55,446.85,6561470
2026-08-20,COLPAL,COLGATE PALMOLIVE LTD.,1889.8,1914.9,1875.0,1910.0,1879.6,555231
2026-08-20,COMFINTE,COMFORT INTECH LTD.,6.6,6.6,6.41,6.46,6.57,75833
2026-08-20,COMSYN,COMMERCIAL SYN BAGS LTD,282.9,293.0,279.55,289.77,280.55,115630
2026-08-20,COMPEAU,COMPETENT AUTOMOB CO. L,354.0,354.0,345.0,353.6,344.05,818
2026-08-20,COMPUSOFT,COMPUCOM SOFTWARE LTD,14.23,15.0,13.37,14.12,13.87,187895
2026-08-20,CAMS,COMPUTER AGE MNGT SER LTD,759.0,761.0,747.75,749.25,754.3,1370564
2026-08-20,CONCORDBIO,CONCORD BIOTECH LIMITED,1594.8,1615.0,1568.1,1576.7,1587.5,146782
2026-08-20,CEWATER,CONCORD ENVIRO SYSTEMS L,277.05,278.45,262.05,271.75,275.7,175590
2026-08-20,CFEL,CONFIDENCE FUTURIST ENE L,31.95,31.95,30.12,31.13,30.5,6062
2026-08-20,CONFIPET,CONFIDENCE PETRO IND LTD.,73.0,73.64,71.6,72.16,72.49,1976323
2026-08-20,CCCL,CONS. CONST. CONSORT LTD,15.32,15.4,15.1,15.22,15.16,76845
2026-08-20,CONCOR,CONTAINER CORP OF IND LTD,517.2,524.4,513.8,519.0,514.35,696568
2026-08-20,CONTROLPR,CONTROL PRINT LIMITED,571.1,575.8,565.0,565.9,570.1,11348
2026-08-20,CORALFINAC,CORAL INDIA FIN & HOUS LT,33.35,35.49,33.14,34.11,33.82,415404
2026-08-20,COROMANDEL,COROMANDEL INTERNTL. LTD,2048.0,2055.0,1995.0,2004.8,2038.1,86412
2026-08-20,CORONA,CORONA REMEDIES LIMITED,2124.9,2192.8,2124.9,2165.8,2121.4,27029
2026-08-20,COSMOFIRST,COSMO FIRST LIMITED,947.55,951.95,927.65,938.45,930.7,56461
2026-08-20,CCHHL,COUNTRY CLUB HOSP HOL LTD,12.55,12.68,12.36,12.54,12.34,7182
2026-08-20,CPCAP,CP CAPITAL LIMITED,122.1,128.0,121.99,123.56,123.46,21228
2026-08-20,CPSEETF,CPSE ETF,93.14,94.01,92.79,93.54,93.14,594814
2026-08-20,CRAFTSMAN,CRAFTSMAN AUTOMATION LTD,10810.0,10852.5,10669.0,10690.5,10779.0,14764
2026-08-20,CRAVATEX,CRAVATEX LTD.,349.0,355.5,341.25,355.25,347.9,217
2026-08-20,CREATIVEYE,CREATIVE EYE LIMITED,6.1,6.33,5.96,6.1,6.15,18261
2026-08-20,CNL,CREATIVE NEWTECH LIMITED,1251.15,1256.0,1227.3,1248.15,1226.35,15504
2026-08-20,CREDITACC,CREDITACCESS GRAMEEN LTD,1520.0,1543.0,1520.0,1534.5,1519.4,57712
2026-08-20,MUFTI,CREDO BRANDS MARKETING L,78.2,78.9,77.0,77.19,77.46,99190
2026-08-20,CRSL,CRESSANDA RAILWAY SOLUT L,2.79,3.09,2.7,3.09,2.58,8160299
2026-08-20,CREST,CREST VENTURES LIMITED,355.75,368.0,355.65,364.95,363.85,8032
2026-08-20,CRISIL,CRISIL LTD,4499.9,4559.3,4470.1,4478.6,4499.4,22401
2026-08-20,CRIZAC,CRIZAC LIMITED,172.0,174.99,170.46,171.34,171.62,213906
2026-08-20,CROMPTON,CROMPT GREA CON ELEC LTD,246.0,255.25,246.0,252.0,245.5,4143736
2026-08-20,CROWN,CROWN LIFTERS LIMITED,103.1,104.99,103.0,104.17,103.68,4396
2026-08-20,CSBBANK,CSB BANK LIMITED,321.0,330.6,317.25,320.9,314.6,1467715
2026-08-20,CSLFINANCE,CSL FINANCE LIMITED,225.0,226.21,224.21,225.29,223.47,24831
2026-08-20,CSM,CSM TECHNOLOGIES LIMITED,99.25,100.0,97.32,99.37,99.25,285697
2026-08-20,CUBEXTUB,CUBEX TUBINGS LTD,79.9,79.9,78.41,78.8,78.06,46952
2026-08-20,CUMMINSIND,CUMMINS INDIA LTD,5250.0,5252.5,5192.5,5205.0,5220.0,253759
2026-08-20,CUPID,CUPID LIMITED,286.1,286.1,280.0,282.43,284.56,25940605
2026-08-20,CURAA,CURA TECHNOLOGIES LIMITED,63.0,77.99,63.0,77.47,72.0,923
2026-08-20,CYBERMEDIA,CYBER MEDIA (INDIA) LTD.,16.27,16.95,16.26,16.56,16.7,11591
2026-08-20,CYIENTDLM,CYIENT DLM LIMITED,719.95,743.65,719.0,730.25,715.6,516587
2026-08-20,CYIENT,CYIENT LIMITED,897.85,911.0,890.0,903.05,894.5,600510
2026-08-20,DLINKINDIA,D-LINK INDIA LTD,443.0,447.0,436.2,438.4,445.75,158780
2026-08-20,DPABHUSHAN,D. P. ABHUSHAN LIMITED,1490.0,1494.0,1450.0,1461.7,1467.9,21050
2026-08-20,DBCORP,D.B.CORP LTD,208.1,210.78,205.65,206.31,207.42,146053
2026-08-20,DABUR,DABUR INDIA LTD,402.1,402.1,398.7,400.0,399.75,913960
2026-08-20,DAICHI,DAI-ICHI KARKARIA LTD.,332.0,332.0,315.1,316.35,322.0,2503
2026-08-20,DALBHARAT,DALMIA BHARAT LIMITED,1875.0,1925.0,1864.0,1897.0,1875.0,582875
2026-08-20,DALMIASUG,DALMIA BHARAT SUG IN LTD,475.85,517.0,469.2,508.1,475.55,2265448
2026-08-20,DAMCAPITAL,DAM CAPITAL ADVISORS LTD,145.11,148.4,144.25,145.54,144.85,214405
2026-08-20,DANGEE,DANGEE DUMS LIMITED,2.9,2.96,2.88,2.91,2.87,19006
2026-08-20,DATAPATTNS,DATA PATTERNS INDIA LTD,4810.0,4918.0,4652.1,4700.2,4774.2,1272241
2026-08-20,DATAMATICS,DATAMATICS GLOBAL SER LTD,829.0,836.5,818.2,820.9,817.1,39461
2026-08-20,DAVANGERE,DAVANGERE SUGAR COMPANY L,3.06,3.06,2.96,2.99,2.99,18598691
2026-08-20,DCI,DC INFOTECH AND COMUN LTD,365.9,382.5,365.9,376.85,366.85,13651
2026-08-20,DCBBANK,DCB BANK LIMITED,182.99,189.9,182.99,188.61,181.81,2176082
2026-08-20,DCMFINSERV,DCM FINANCIAL SERVICES LT,5.5,5.8,5.14,5.5,5.5,48142
2026-08-20,DCMNVL,DCM NOUVELLE LIMITED,178.98,180.72,173.0,175.62,175.89,15099
2026-08-20,DCMSRIND,DCM SHRIRAM IND LTD,49.95,54.75,49.95,52.84,49.89,1407124
2026-08-20,DCMSIL,DCM SHRIRAM INTERNATNL L,76.9,78.49,75.1,76.1,74.58,84590
2026-08-20,DCMSHRIRAM,DCM SHRIRAM LIMITED,1050.7,1083.9,1048.0,1079.7,1049.4,239612
2026-08-20,DCW,DCW LTD,43.47,44.38,43.33,44.01,43.26,579389
2026-08-20,DCXINDIA,DCX SYSTEMS LIMITED,174.67,176.74,173.25,173.71,174.67,332449
2026-08-20,DDEVPLSTIK,DDEV PLASTIKS IND LTD,281.0,285.0,275.2,276.5,280.2,100944
2026-08-20,DENORA,DE NORA INDIA LIMITED,838.65,859.5,835.0,839.85,835.65,1756
2026-08-20,DECCANCE,DECCAN CEMENTS LIMITED,568.5,568.55,547.8,556.1,549.9,31685
2026-08-20,DECNGOLD,DECCAN GOLD MINES LTD.,238.49,248.8,238.0,242.66,233.21,2916403
2026-08-20,DEEDEV,DEE DEVELOPMENT ENG LTD,650.55,651.05,617.6,622.25,644.6,196135
2026-08-20,DEEPINDS,DEEP INDUSTRIES LIMITED,661.55,680.0,642.05,658.45,667.35,512601
2026-08-20,DEEP,DEEP POLYMERS LTD.,38.66,38.9,35.11,37.18,37.9,10108
2026-08-20,DEEPAKFERT,DEEPAK FERTILIZERS & PETR,1487.9,1487.9,1454.0,1464.2,1476.2,121797
2026-08-20,DEEPAKNTR,DEEPAK NITRITE LTD,1769.9,1778.9,1745.0,1750.4,1768.3,127283
2026-08-20,DELHIVERY,DELHIVERY LIMITED,453.0,457.0,449.35,450.1,450.0,1139987
2026-08-20,DELTACORP,DELTA CORP LIMITED,59.55,60.39,59.45,59.52,59.68,552700
2026-08-20,DELTAMAGNT,DELTA MANUFACTURING LTD,59.7,59.7,57.1,58.27,57.28,651
2026-08-20,DEN,DEN NETWORKS LTD,27.28,28.17,27.2,27.75,27.38,468961
2026-08-20,DENTA,DENTA WATER N INFRA SOL L,291.8,294.15,289.15,290.5,289.0,92337
2026-08-20,DEVX,DEV ACCELERATOR LIMITED,34.0,35.5,33.0,34.72,33.96,78870
2026-08-20,DEVIT,DEV INFO TECHNOLOGY LTD,25.04,26.5,24.0,24.66,24.97,96886
2026-08-20,DEVYANI,DEVYANI INTERNATIONAL LTD,144.06,148.0,143.5,147.79,142.9,7212958
2026-08-20,DHABRIYA,DHABRIYA POLYWOOD LTD.,600.0,600.0,548.0,555.25,587.0,59063
2026-08-20,DBOL,DHAMPUR BIO ORGANICS LTD,131.89,139.0,128.21,135.61,129.26,1418477
2026-08-20,DHAMPURSUG,DHAMPUR SUGAR MILLS LTD.,179.7,192.89,178.97,189.76,176.18,6615935
2026-08-20,DHANBANK,DHANLAXMI BANK LIMITED,32.56,32.68,32.2,32.49,32.22,391482
2026-08-20,DHANUKA,DHANUKA AGRITECH LTD,995.2,1000.0,994.1,996.3,994.1,9266
2026-08-20,DHARMAJ,DHARMAJ CROP GUARD LTD,269.4,273.0,268.35,270.05,269.2,26000
2026-08-20,DHATRE,DHATRE UDYOG LTD.,4.5,4.71,3.85,4.6,4.37,72001
2026-08-20,DHOOTTRANS,DHOOT TRANSMISSION LTD,1400.0,1495.0,1355.0,1468.65,1404.05,14246563
2026-08-20,DHRUV,DHRUV CONSULTANCY SER LTD,24.75,25.95,24.75,25.29,25.62,10498
2026-08-20,DHUNINV,DHUNSERI INVESTMENTS LTD,980.0,1016.0,960.3,963.2,955.45,503
2026-08-20,DTIL,DHUNSERI TEA & IND. LTD.,134.88,137.99,134.88,134.95,134.88,2739
2026-08-20,DVL,DHUNSERI VENTURES LIMITED,265.4,267.99,261.37,263.34,263.83,8027
2026-08-20,DIAMINESQ,DIAMINES & CHEMICALS LTD,238.0,242.0,234.17,236.46,238.98,1877
2026-08-20,DICIND,DIC INDIA LIMITED,584.75,599.4,580.0,589.6,576.9,7117
2026-08-20,DIFFNKG,DIFFUSION ENGINEERS LTD,409.95,409.95,398.1,401.8,406.2,79391
2026-08-20,DGCONTENT,DIGICONTENT LIMITED,23.8,24.77,23.54,24.12,23.8,598
2026-08-20,DIGIDRIVE,DIGIDRIVE DISTRIBUTORS L,17.88,17.88,17.2,17.26,17.21,10914
2026-08-20,DIGISPICE,DIGISPICE TECHNOLOGIES LT,17.02,17.49,16.36,17.19,17.02,79348
2026-08-20,DIGITIDE,DIGITIDE SOLUTIONS LTD,95.15,97.26,95.15,96.57,94.69,143595
2026-08-20,DIGJAMLMTD,DIGJAM LTD,52.0,52.44,50.79,51.55,51.3,4395
2026-08-20,DNAMEDIA,DILIGENT MEDIA CORP LTD.,2.55,2.79,2.4,2.51,2.49,99935
2026-08-20,DBL,DILIP BUILDCON LIMITED,420.05,420.85,413.0,415.0,416.2,127166
2026-08-20,DISAQ,DISA INDIA LTD.,11985.0,12010.0,11152.0,11508.0,11803.0,686
2026-08-20,DISHTV,DISH TV INDIA LTD.,2.79,2.82,2.75,2.79,2.78,1205674
2026-08-20,DCAL,DISHMAN CARBO AMCIS LTD,172.3,175.8,171.32,172.41,172.4,354953
2026-08-20,DIVGIITTS,DIVGI TORQTRANSFER SYST L,1288.05,1292.95,1257.2,1263.45,1267.4,67192
2026-08-20,DIVISLAB,DIVI S LABORATORIES LTD,8590.0,8597.5,8532.0,8570.0,8560.0,198190
2026-08-20,DIXON,DIXON TECHNO (INDIA) LTD,14510.0,14953.0,14470.0,14850.0,14462.0,639826
2026-08-20,DJML,DJ MEDIAPRINT & LOG LTD,104.3,106.27,101.0,101.95,104.92,180671
2026-08-20,DLF,DLF LIMITED,674.0,682.45,671.95,676.15,669.9,2371022
2026-08-20,DMCC,DMCC SPECIALITY CHEMICALS,293.65,293.65,285.4,287.3,291.1,23820
2026-08-20,DODLA,DODLA DAIRY LIMITED,1100.8,1156.4,1089.9,1138.0,1102.0,66486
2026-08-20,DOLATALGO,DOLAT ALGOTECH LIMITED,76.64,77.3,74.2,74.9,75.13,373333
2026-08-20,DOLLAR,DOLLAR INDUSTRIES LIMITED,268.9,275.0,265.85,272.15,268.0,118163
2026-08-20,DOLPHIN,DOLPHIN OFF ENT (IND) L,613.0,656.25,604.95,621.6,619.25,130726
2026-08-20,DOMS,DOMS INDUSTRIES LIMITED,2199.4,2239.6,2195.1,2209.9,2193.1,22213
2026-08-20,DONEAR,DONEAR IND. LIMITED,89.1,90.31,87.66,88.95,88.6,9154
2026-08-20,AGARWALEYE,DR AGARWALS HEALTH CARE L,502.95,505.0,491.7,503.1,501.85,309690
2026-08-20,DRAGARWQ,DR. AGARWAL'S EYE HOSP L,5301.0,5333.5,5278.0,5307.0,5327.5,606
2026-08-20,LALPATHLAB,DR. LAL PATH LABS LTD.,1901.3,1908.0,1873.4,1889.4,1887.2,308167
2026-08-20,DRREDDY,DR. REDDY S LABORATORIES,1171.2,1183.8,1171.2,1180.0,1170.0,1031107
2026-08-20,DRCSYSTEMS,DRC SYSTEMS INDIA LIMITED,12.95,13.05,12.61,12.76,12.83,59131
2026-08-20,DREAMFOLKS,DREAMFOLKS SERVICES LTD,65.98,68.78,65.52,68.41,65.35,68632
2026-08-20,DREDGECORP,DREDGING CORP OF INDIA,1199.0,1204.0,1111.5,1118.3,1189.2,253900
2026-08-20,KEEPLEARN,DSJ KEEP LEARNING LTD,1.92,2.0,1.75,1.81,1.91,65231
2026-08-20,LIQUIDETF,DSP LIQUID ETF,1000.0,1000.01,999.99,999.99,999.99,1717983
2026-08-20,BANK10ADD,DSPAMC - BANK10ADD,16.9,16.97,16.88,16.91,16.81,3781
2026-08-20,BANKADD,DSPAMC - DSPBANK,59.03,59.21,58.84,59.01,58.7,4268
2026-08-20,GOLDADD,DSPAMC - DSPGOLD,150.5,152.05,150.5,151.56,147.89,368055
2026-08-20,ITADD,DSPAMC - DSPIT,32.64,32.76,32.5,32.62,32.14,74643
2026-08-20,EQUAL50ADD,DSPAMC - DSPNEWETF,346.52,351.0,345.5,347.46,345.44,5223
2026-08-20,NIFTYADD,DSPAMC - DSPNIFTY,255.5,256.08,254.94,255.67,254.07,2616
2026-08-20,PSUBANKADD,DSPAMC - DSPPSBKETF,88.64,88.64,86.74,86.98,86.9,12393
2026-08-20,PVTBANKADD,DSPAMC - DSPPVBKETF,27.76,27.99,27.76,27.94,27.76,26859
2026-08-20,MIDQ50ADD,DSPAMC - DSPQ50ETF,25.68,25.69,25.54,25.58,25.46,3705
2026-08-20,SENSEXADD,DSPAMC - DSPSENXETF,79.68,80.23,79.68,80.18,79.55,1380
2026-08-20,SILVERADD,DSPAMC - DSPSILVETF,224.95,228.77,222.1,227.26,218.13,529833
2026-08-20,FLEXIADD,DSPAMC - FLEXIADD,10.29,10.33,10.21,10.22,10.18,56593
2026-08-20,FMCGADD,DSPAMC - FMCGADD,48.0,48.31,47.81,48.07,47.73,53421
2026-08-20,GSEC10ADD,DSPAMC - GSEC10ADD,27.5,27.5,27.13,27.2,26.79,73
2026-08-20,HEALTHADD,DSPAMC - HEALTHADD,16.62,16.67,16.51,16.54,16.57,18148
2026-08-20,LIQUIDADD,DSPAMC - LIQUIDADD,1141.07,1141.09,1141.07,1141.08,1140.92,299844
2026-08-20,MIDBANKADD,DSPAMC - MIDBANKADD,17.56,17.83,17.5,17.51,17.47,4010
2026-08-20,MIDCAPADD,DSPAMC - MIDCAPADD,23.52,23.54,23.39,23.39,23.37,4331
2026-08-20,MSCIADD,DSPAMC - MSCIADD,29.8,29.9,29.78,29.9,29.7,634
2026-08-20,NEXT30ADD,DSPAMC - NEXT30ADD,43.4,43.64,43.34,43.49,43.31,6171
2026-08-20,NEXT50ADD,DSPAMC - NEXT50ADD,74.72,74.85,74.52,74.72,74.43,2030
2026-08-20,SMALLADD,DSPAMC - SMALLADD,18.44,18.54,18.41,18.49,18.3,15626
2026-08-20,TOP10ADD,DSPAMC - TOP10ADD,87.86,88.11,87.63,87.99,86.76,86222
2026-08-20,DUCON,DUCON INFRATECHNOLOGIES L,3.48,3.5,3.2,3.35,3.4,1565029
2026-08-20,DWARKESH,DWARIKESH SUGAR IND LTD,48.77,56.45,48.7,55.38,48.28,42670090
2026-08-20,DSSL,DYNACONS SYS & SOLN LTD,1110.1,1129.4,1072.9,1093.7,1116.3,57055
2026-08-20,DYNAMATECH,DYNAMATIC TECHNOLOGIES,11794.0,12050.0,11650.0,11765.0,11735.0,20615
2026-08-20,DYCL,DYNAMIC CABLES LIMITED,446.05,463.0,445.1,453.6,445.95,343273
2026-08-20,DYNPRO,DYNEMIC PRODUCTS LIMITED,233.9,238.3,218.0,232.15,226.45,49303
2026-08-20,EASTWEST,EAST WEST FREIGHT CARRI L,2.42,2.45,2.3,2.43,2.38,45169
2026-08-20,EASEMYTRIP,EASY TRIP PLANNERS LTD,6.19,6.19,6.03,6.09,6.11,18622451
2026-08-20,EBIX,EBIX LIMITED,18.8,18.8,18.8,18.8,17.91,1568
2026-08-20,ECLERX,ECLERX SERVICES LTD,1835.0,1840.8,1797.0,1804.8,1832.9,158765
2026-08-20,ECORECO,ECO RECYCLING LTD.,469.9,473.8,460.0,461.25,458.75,6674
2026-08-20,BBETF0432,EDELAMC - BBETF0432,1356.86,1356.87,1349.0,1350.36,1357.42,1899
2026-08-20,EBANK10,EDELAMC - EBANK10,17.25,17.9,16.75,17.1,17.08,1157
2026-08-20,EBANKNIFTY,EDELAMC - EBANKNIFTY,58.07,58.4,58.07,58.13,57.93,607
2026-08-20,EBBETF0430,EDELAMC - EBBETF0430,1617.87,1617.88,1610.4,1610.79,1613.51,7628
2026-08-20,EBBETF0431,EDELAMC - EBBETF0431,1448.88,1448.88,1440.1,1442.56,1443.17,5630
2026-08-20,EBBETF0433,EDELAMC - EBBETF0433,1321.36,1322.29,1315.01,1317.95,1316.42,1766
2026-08-20,ECAPINSURE,EDELAMC - ECAPINSURE,23.88,24.2,23.87,24.18,23.8,69682
2026-08-20,EGOLD,EDELAMC - EGOLD,154.2,156.1,154.2,155.8,151.95,33084
2026-08-20,ELIQUID,EDELAMC - ELIQUID,1044.36,1044.36,1044.34,1044.36,1044.21,12428
2026-08-20,ELM250,EDELAMC - ELM250,16.8,17.11,16.75,16.87,16.75,307563
2026-08-20,ELMDIV,EDELAMC - ELMDIV,36.85,37.53,36.75,36.78,36.49,1535
2026-08-20,EMETAL,EDELAMC - EMETAL,13.0,13.15,12.96,12.97,12.97,23729
2026-08-20,EMULTIMQ,EDELAMC - EMULTIMQ,41.82,42.31,41.55,41.72,41.82,40709
2026-08-20,ENEXT50,EDELAMC - ENEXT50,75.0,75.0,73.83,74.19,75.0,680
2026-08-20,ENIFTY,EDELAMC - ENIFTY,24.33,24.5,24.33,24.38,24.28,1100
2026-08-20,ESENSEX,EDELAMC - ESENSEX,77.91,77.91,77.91,77.91,77.68,150
2026-08-20,ESILVER,EDELAMC - ESILVER,232.0,236.6,232.0,235.29,226.44,95809
2026-08-20,EDELWEISS,EDELWEISS FIN SERV LTD,122.76,130.4,122.76,126.62,122.27,11818085
2026-08-20,EFCIL,EFC (I) LIMITED,184.8,191.49,184.0,190.66,184.89,309139
2026-08-20,EICHERMOT,EICHER MOTORS LTD,8047.0,8097.5,7983.0,8042.0,7990.5,323672
2026-08-20,EIDPARRY,EID PARRY INDIA LTD,793.8,814.85,787.55,810.25,787.05,2199690
2026-08-20,EIHAHOTELS,EIH ASSOCIATED HOTELS LTD,296.2,300.4,294.0,294.65,294.4,12346
2026-08-20,EIHOTEL,EIH LIMITED,298.35,302.95,298.0,299.9,297.65,111627
2026-08-20,EIMCOELECO,EIMCO ELECON (INDIA) LTD,2198.0,2257.5,2124.2,2180.0,2170.8,66761
2026-08-20,EKI,EKI ENERGY SERVICES LTD,82.49,82.5,78.0,78.19,79.82,11068
2026-08-20,ELANTAS,ELANTAS BECK INDIA LTD.,11720.5,11999.0,11523.0,11599.5,11600.5,2603
2026-08-20,ELCIDIN,ELCID INVESTMENTS LTD.,109000.0,109100.0,109000.0,109000.0,108465.0,4
2026-08-20,ELDEHSG,ELDECO HSG & IND LTD.,821.0,838.2,809.0,823.3,828.45,2150
2026-08-20,ELECON,ELECON ENG. CO. LTD,430.95,457.0,430.05,451.7,428.85,900303
2026-08-20,EMIL,ELECTRONICS MART IND LTD,192.95,194.0,188.5,191.06,191.24,1422548
2026-08-20,ELECTCAST,ELECTROSTEEL CASTINGS LTD,71.95,72.99,71.51,71.89,71.76,602611
2026-08-20,ELECTHERM,ELECTROTHERM (I) LTD.,1033.9,1053.8,1003.0,1012.9,1033.9,8554
2026-08-20,ELGIEQUIP,ELGI EQUIPMENTS LTD,644.0,644.0,629.15,632.45,637.8,802720
2026-08-20,ELGIRUBCO,ELGI RUBBER CO. LTD,57.74,60.5,56.98,59.2,57.05,40394
2026-08-20,ELIN,ELIN ELECTRONICS LIMITED,99.21,101.2,99.0,99.62,99.65,65245
2026-08-20,ELITECON,ELITECON INTERNATIONAL L,16.97,17.22,16.7,16.79,16.85,1793355
2026-08-20,ELLEN,ELLENBARRIE INDUS GASES L,336.0,338.2,319.8,324.35,328.5,406512
2026-08-20,ELPROINTL,ELPRO INTERNATIONAL LTD,175.81,176.8,175.0,176.44,175.1,33053
2026-08-20,EMAMILTD,EMAMI LIMITED,401.1,413.0,400.65,407.4,400.6,1301558
2026-08-20,EMAMIREAL,EMAMI REALTY LIMITED,71.25,73.38,71.1,71.46,71.06,9172
2026-08-20,EMBDL,EMBASSY DEVELOPMENTS LTD,62.29,63.5,62.29,63.08,62.29,1425950
2026-08-20,EMCURE,EMCURE PHARMACEUTICALS L,1909.0,1926.4,1878.0,1881.4,1891.0,126940
2026-08-20,EMKAY,EMKAY GLOBAL FIN SERV LTD,240.19,243.92,236.6,239.09,240.19,12526
2026-08-20,EMMVEE,EMMVEE PHOTOVOLTAIC PWR L,326.9,339.6,324.1,325.6,316.95,7476809
2026-08-20,EMPIND,EMPIRE INDUSTRIES LTD.,1186.0,1234.0,1178.0,1182.9,1173.3,3879
2026-08-20,EMPOWER,EMPOWER INDIA LTD.,2.28,2.31,2.22,2.3,2.23,3245966
2026-08-20,EMSLIMITED,EMS LIMITED,409.0,413.05,398.8,405.0,394.95,1731215
2026-08-20,EMUDHRA,EMUDHRA LIMITED,558.95,563.0,539.05,550.0,545.2,166554
2026-08-20,ENDURANCE,ENDURANCE TECHNO. LTD.,2992.0,3025.0,2976.4,3001.7,2988.6,143442
2026-08-20,ENERGYDEV,ENERGY DEVE. CO.LTD,16.45,16.75,16.3,16.5,16.45,21059
2026-08-20,ENGINERSIN,ENGINEERS INDIA LTD,237.49,240.6,235.34,237.21,236.9,1205398
2026-08-20,ENKEIWHEL,ENKEI WHEELS (INDIA) LTD.,409.95,416.9,402.0,402.85,415.65,2199
2026-08-20,ENTERO,ENTERO HEALTHCARE SOLU L,1388.5,1416.9,1388.5,1408.4,1386.8,59397
2026-08-20,ENIL,ENTERTAIN NET. IND. LTD.,103.99,103.99,101.0,101.6,101.49,23930
2026-08-20,EIEL,ENVIRO INFRA ENGINEERS L,197.94,201.48,197.94,199.01,196.12,504822
2026-08-20,EPACK,EPACK DURABLE LIMITED,208.0,208.66,202.05,203.06,206.14,565976
2026-08-20,EPACKPEB,EPACK PREFAB TECHN LTD,226.85,235.0,223.15,232.9,223.05,876912
2026-08-20,EPIGRAL,EPIGRAL LIMITED,1087.0,1159.0,1087.0,1120.5,1082.2,240958
2026-08-20,EPL,EPL LIMITED,252.0,273.0,251.0,270.1,250.8,6480002
2026-08-20,EQUITASBNK,EQUITAS SMALL FIN BNK LTD,75.0,78.8,74.92,76.99,74.69,3665571
2026-08-20,ERIS,ERIS LIFESCIENCES LIMITED,1350.0,1351.3,1322.6,1326.0,1348.3,80602
2026-08-20,ESABINDIA,ESAB INDIA LTD,6157.0,6241.0,6051.5,6154.0,6057.5,6715
2026-08-20,ESCORTS,ESCORTS KUBOTA LIMITED,3059.6,3110.0,3059.0,3092.1,3054.9,76434
2026-08-20,ESSARSHPNG,ESSAR SHIPPING LTD,15.76,16.2,15.76,15.9,15.81,176963
2026-08-20,ESTER,ESTER INDUSTRIES LTD,97.85,97.85,95.1,96.16,96.08,73870
2026-08-20,ETERNAL,ETERNAL LIMITED,323.85,328.5,321.35,327.95,320.0,36661268
2026-08-20,ETHOSLTD,ETHOS LIMITED,2905.0,2919.9,2849.1,2867.6,2899.9,27807
2026-08-20,EUREKAFORB,EUREKA FORBES LIMITED,426.6,426.6,415.1,416.2,419.85,205550
2026-08-20,EUROBOND,EURO PANEL PRODUCTS LTD,159.0,159.88,154.3,158.25,157.35,3333
2026-08-20,EUROPRATIK,EURO PRATIK SALES LIMITED,267.15,271.9,265.0,265.75,268.15,140925
2026-08-20,EVEREADY,EVEREADY INDS. IND.  LTD.,357.4,358.75,352.05,355.05,357.15,73097
2026-08-20,EKC,EVEREST KANTO CYLINDERLTD,111.3,114.39,111.0,112.8,111.93,164179
2026-08-20,EXCELINDUS,EXCEL INDUSTRIES LTD,1133.25,1139.5,1096.0,1114.5,1133.25,106521
2026-08-20,EXCELSOFT,EXCELSOFT TECHNOLOGIES L,72.37,72.77,70.31,70.88,71.09,755532
2026-08-20,EXICOM,EXICOM TELE SYSTEMS LTD,160.5,162.39,156.01,157.03,155.71,1064473
2026-08-20,EXIDEIND,EXIDE INDUSTRIES LTD,464.9,467.95,457.05,464.1,459.5,2283813
2026-08-20,EXPLEOSOL,EXPLEO SOLUTIONS LIMITED,892.95,899.15,877.0,883.15,887.05,32605
2026-08-20,EXXARO,EXXARO TILES LIMITED,6.2,6.2,6.0,6.04,6.1,121565
2026-08-20,FABTECH,FABTECH TECHNOLOGIES LTD,147.1,149.82,146.0,146.33,145.48,198234
2026-08-20,FACT,FACT LTD,794.5,797.65,771.0,772.95,787.15,110822
2026-08-20,FAZE3Q,FAZE THREE LIMITED,489.0,506.95,486.6,490.7,488.95,72508
2026-08-20,FCSSOFT,FCS SOFTWARE SOLN. LTD.,1.48,1.5,1.46,1.46,1.47,1305745
2026-08-20,FDC,FDC LIMITED,346.35,351.35,346.35,350.15,344.7,85687
2026-08-20,FEDFINA,FEDBANK FINANCIAL SER L,150.44,154.85,150.44,154.03,149.8,1343074
2026-08-20,FEDDERSHOL,FEDDERS HOLDING LTD.,40.48,40.8,39.95,40.2,39.9,48921
2026-08-20,FEDERALBNK,FEDERAL BANK LTD,361.9,364.2,355.3,355.3,358.8,4349435
2026-08-20,FMGOETZE,FEDERAL-MOGUL GOETZE (IND,471.65,480.45,464.1,474.0,471.65,44409
2026-08-20,FERMENTA,FERMENTA BIOTECH LTD.,456.1,465.0,454.5,460.1,456.1,39498
2026-08-20,FIBERWEB,FIBERWEB INDIA LIMITED,27.29,27.29,25.5,26.11,26.43,98363
2026-08-20,FIEMIND,FIEM INDUSTRIES LIMITED,2242.0,2253.5,2187.0,2190.6,2241.0,113025
2026-08-20,FILATFASH,FILATEX FASHIONS LIMITED,0.18,0.19,0.17,0.18,0.18,64582811
2026-08-20,FILATEX,FILATEX INDIA LTD,83.82,83.94,81.1,81.51,83.15,1202243
2026-08-20,FINEORG,FINE ORGANIC IND. LTD.,5130.1,5387.5,5058.6,5066.2,5130.1,73574
2026-08-20,FCL,FINEOTEX CHEMICAL LIMITED,45.1,45.48,43.21,43.55,44.98,9825095
2026-08-20,FINKURVE,FINKURVE FINANCIAL SERV L,72.4,77.91,72.05,76.32,71.36,244731
2026-08-20,FINOPB,FINO PAYMENTS BANK LTD,148.0,149.66,145.25,146.16,147.03,169628
2026-08-20,FINCABLES,FINOLEX CABLES LTD,1313.7,1331.0,1250.0,1291.2,1313.7,513137
2026-08-20,FINPIPE,FINOLEX INDUSTRIES LTD,158.98,159.29,158.0,158.61,158.26,263509
2026-08-20,FSL,FIRSTSOURCE SOLU. LTD.,275.75,277.75,271.1,272.25,273.05,1163379
2026-08-20,FISCHER,FISCHER MEDICAL VENTURE L,39.5,39.7,38.5,38.95,38.96,586697
2026-08-20,FIVESTAR,FIVE-STAR BUS FIN LTD,520.0,533.0,520.0,527.45,521.25,336607
2026-08-20,FLAIR,FLAIR WRITING INDUST LTD,248.9,254.0,248.85,253.0,248.95,69352
2026-08-20,FOODSIN,FOODS & INNS LIMITED,54.75,55.4,53.56,54.96,53.86,171401
2026-08-20,FORCEMOT,FORCE MOTORS LIMITED,17951.0,18149.0,17815.0,17885.0,17837.0,43534
2026-08-20,FORTIS,FORTIS HEALTHCARE LTD,915.0,920.95,911.05,916.8,911.3,654971
2026-08-20,FOSECOIND,FOSECO INDIA LTD,5473.0,5730.0,5431.0,5506.0,5467.0,10733
2026-08-20,FRACTAL,FRACTAL ANALYTICS LIMITED,835.0,873.9,834.5,855.25,834.2,507096
2026-08-20,FREDUN,FREDUN PHARMACEUTICALS L,1422.7,1499.0,1422.7,1471.8,1428.0,19545
2026-08-20,FRONTSP,FRONTIER SPRINGS LTD.,1310.0,1310.0,1279.4,1293.8,1281.4,10736
2026-08-20,NYKAA,FSN E COMMERCE VENTURES,329.95,332.45,325.4,330.35,327.35,6631141
2026-08-20,UTLSOLAR,FUJIYAMA POWER SYSTEMS L,489.5,494.25,468.0,477.5,483.95,383781
2026-08-20,FUSION,FUSION FINANCE LIMITED,195.0,206.49,193.24,203.32,192.08,864777
2026-08-20,GMBREW,G M BREWERIES LTD,877.85,886.0,877.55,883.2,873.5,17059
2026-08-20,GRINFRA,G R INFRAPROJECTS LIMITED,882.75,888.0,876.6,884.0,883.3,7641
2026-08-20,GABRIEL,GABRIEL INDIA LTD,1450.0,1475.0,1426.2,1436.8,1438.6,128573
2026-08-20,GAIL,GAIL (INDIA) LTD,172.5,173.59,172.06,172.5,172.5,3895715
2026-08-20,GALAPREC,GALA PRECISION ENG LTD,1032.9,1040.9,1004.0,1029.6,1017.6,35781
2026-08-20,GALAXYSURF,GALAXY SURFACTANTS LTD,2392.0,2416.7,2295.0,2318.2,2361.3,63878
2026-08-20,GALLANTT,GALLANTT ISPAT LIMITED,585.0,595.0,577.55,582.4,575.7,50154
2026-08-20,GANDHAR,GANDHAR OIL REFINE IND L,252.5,255.79,246.3,254.09,250.15,963327
2026-08-20,GANDHITUBE,GANDHI SPL. TUBES LTD,886.0,908.2,886.0,894.95,886.6,7506
2026-08-20,GANESHCP,GANESH CONSUMER PRODUCT L,165.99,165.99,161.95,162.35,164.02,92665
2026-08-20,GANESHHOU,GANESH HOUSING LIMITED,825.9,835.0,819.3,826.8,825.9,18320
2026-08-20,GANECOS,GANESHA ECOSPHERE LIMITED,1081.4,1107.0,1063.3,1095.5,1065.9,87773
2026-08-20,GANGAFORGE,GANGA FORGING LIMITED,2.15,2.15,2.15,2.15,2.26,968342
2026-08-20,GANGESSECU,GANGES SECURITIES LIMITED,123.9,123.9,120.1,122.07,118.98,6826
2026-08-20,GRSE,GARDEN REACH SHIP&ENG LTD,2651.0,2655.6,2612.0,2617.8,2638.3,279800
2026-08-20,GARUDA,GARUDA CONSTRUCT N ENG L,181.5,184.77,181.1,182.25,180.78,248706
2026-08-20,GRWRHITECH,GARWARE HI-TECH FILMS LTD,7060.0,7130.0,7031.5,7109.5,7080.5,23070
2026-08-20,GARFIBRES,GARWARE TECH FIBRES LTD,760.0,776.05,751.2,760.25,759.85,45144
2026-08-20,GATEWAY,GATEWAY DISTRIPARKS LTD,54.55,55.63,54.05,55.1,54.43,959261
2026-08-20,GAYAHWS,GAYATRI HIGHWAYS LIMITED,1.98,2.0,1.88,1.92,1.93,274240
2026-08-20,GVPIL,GE POWER INDIA LIMITED,690.05,698.95,663.0,666.7,685.0,273811
2026-08-20,GVT&D,GE VERNOVA T&D INDIA LTD,4140.0,4143.0,4050.1,4050.1,4100.0,992560
2026-08-20,GEEKAYWIRE,GEEKAY WIRES LIMITED,22.62,23.23,22.18,22.31,22.62,160106
2026-08-20,GEMAROMA,GEM AROMATICS LIMITED,178.44,182.0,176.2,177.39,175.55,75965
2026-08-20,GICRE,GENERAL INS CORP OF INDIA,361.5,363.0,358.4,359.8,359.6,675306
2026-08-20,GENCON,GENERIC ENG CONS PROJ LTD,39.06,42.9,38.25,41.06,38.39,433879
2026-08-20,GENESYS,GENESYS INTL CORPN LTD,182.2,187.3,180.0,183.55,182.45,267467
2026-08-20,GENUSPAPER,GENUS P&B LIMITED,11.43,11.7,11.22,11.32,11.43,42860
2026-08-20,GENUSPOWER,GENUS POWER INFRASTRU LTD,310.9,340.9,310.9,334.25,309.3,16393463
2026-08-20,GEOJITFSL,GEOJIT FINANCIAL SER L,79.86,82.9,79.8,80.79,80.01,378872
2026-08-20,GFLLIMITED,GFL LIMITED,57.95,57.95,55.0,56.38,56.76,236111
2026-08-20,GHCL,GHCL LIMITED,438.7,444.3,437.0,443.15,438.7,121421
2026-08-20,GHCLTEXTIL,GHCL TEXTILES LIMITED,129.44,129.44,122.5,123.77,126.4,453721
2026-08-20,GICHSGFIN,GIC HOUSING FINANCE LTD,137.5,138.26,137.1,137.64,137.25,58018
2026-08-20,GILLANDERS,GILLANDERS ARBUTHNOT LTD,90.0,95.9,90.0,94.61,89.05,24790
2026-08-20,GILLETTE,GILLETTE INDIA LTD,7530.0,7582.5,7456.0,7512.0,7505.0,14426
2026-08-20,GKENERGY,GK ENERGY LIMITED,122.9,124.61,122.0,123.99,122.13,273067
2026-08-20,GKB,GKB OPHTHALMICS LTD.,61.75,61.75,61.75,61.75,60.9,10
2026-08-20,GKWLIMITED,GKW LIMITED,1628.0,1628.0,1610.0,1610.2,1604.0,238
2026-08-20,GLAND,GLAND PHARMA LIMITED,2857.8,2869.8,2811.0,2820.0,2841.3,563338
2026-08-20,GLAXO,GLAXOSMITHKLINE PHARMA LT,3020.0,3049.4,2982.6,2999.7,3032.4,304052
2026-08-20,GLENMARK,GLENMARK PHARMACEUTICALS,2264.0,2342.0,2252.1,2332.9,2246.5,552157
2026-08-20,GLOBAL,GLOBAL EDUCATION LIMITED,107.0,107.5,105.0,106.29,107.58,26366
2026-08-20,MEDANTA,GLOBAL HEALTH LIMITED,1420.0,1429.6,1401.0,1408.2,1417.2,120892
2026-08-20,GSLSU,GLOBAL SURFACES LIMITED,38.35,38.35,34.78,34.78,36.61,113525
2026-08-20,GLOBALVECT,GLOBAL VEC HELICORP LTD,149.02,151.79,147.32,149.37,149.02,3267
2026-08-20,GLOBALE,GLOBALE TESSILE LIMITED,11.5,11.94,11.15,11.6,11.45,3127
2026-08-20,GLOBECIVIL,GLOBE CIVIL PROJECTS LTD,45.46,45.46,41.5,42.34,44.97,102837
2026-08-20,GLOBE,GLOBE ENTERPRISE (I) LTD,1.98,2.02,1.98,2.0,1.99,271164
2026-08-20,GICL,GLOBE INTL CARRIERS LTD,24.49,24.49,23.73,23.99,23.99,215889
2026-08-20,GLOBUSSPR,GLOBUS SPIRITS LTD,910.05,915.9,900.0,905.1,905.2,61994
2026-08-20,GLOSTERLTD,GLOSTER LIMITED,596.0,602.1,588.0,591.35,596.0,3191
2026-08-20,GMMPFAUDLR,GMM PFAUDLER LIMITED,1030.0,1031.2,1014.0,1018.2,1019.85,96998
2026-08-20,GMRAIRPORT,GMR AIRPORTS LIMITED,103.02,103.38,100.41,100.41,102.5,7419821
2026-08-20,GMRP&UI,GMR POW AND URBAN INFRA L,97.5,99.44,97.24,98.56,98.67,1103564
2026-08-20,GNA,GNA AXLES LIMITED,572.05,580.0,556.35,566.15,577.15,391082
2026-08-20,EBGNG,GNG ELECTRONICS LIMITED,594.0,634.5,589.15,624.75,588.4,1449004
2026-08-20,GODIGIT,GO DIGIT GENERAL INS LTD,252.5,259.85,252.5,256.7,252.05,228758
2026-08-20,GOCOLORS,GO FASHION INDIA LTD,335.0,338.15,328.3,330.15,333.6,81230
2026-08-20,GOACARBON,GOA CARBON LIMITED,355.65,359.55,351.05,353.45,355.65,7746
2026-08-20,GOCLCORP,GOCL CORPORATION LIMITED,398.0,403.45,397.5,398.25,398.55,32853
2026-08-20,GODAVARIB,GODAVARI BIOREFINERIES L,247.15,252.15,245.0,245.8,247.15,122156
2026-08-20,GPIL,GODAWARI POW & ISP LTD,246.51,249.1,244.72,247.88,246.1,1275437
2026-08-20,GODFRYPHLP,GODFREY PHILLIPS INDIA LT,2127.4,2163.8,2095.0,2103.1,2117.6,351124
2026-08-20,GODREJAGRO,GODREJ AGROVET LIMITED,579.9,584.95,572.05,581.65,573.35,162280
2026-08-20,GODREJCP,GODREJ CONSUMER PRODUCTS,937.0,948.0,934.0,947.0,930.0,1961370
2026-08-20,GODREJIND,GODREJ INDUSTRIES LTD,1214.9,1243.9,1204.5,1223.4,1218.0,179646
2026-08-20,GODREJPROP,GODREJ PROPERTIES LTD,2011.0,2041.9,2001.3,2020.0,2007.3,285777
2026-08-20,GOKEX,GOKALDAS EXPORTS LTD.,797.7,809.9,795.0,799.9,797.2,169085
2026-08-20,GOKULAGRO,GOKUL AGRO RESOURCES LTD,246.3,257.99,241.6,243.69,243.02,4090016
2026-08-20,GOKUL,GOKUL REFOILS & SOLV LTD,39.82,40.98,39.82,40.43,40.12,156742
2026-08-20,GOLDIAM,GOLDIAM INTERNATIONAL LTD,366.1,370.0,361.0,363.15,363.7,413817
2026-08-20,GOODLUCK,GOODLUCK INDIA LIMITED,1385.0,1477.0,1370.0,1439.4,1363.3,723396
2026-08-20,GOODYEAR,GOODYEAR INDIA LIMITED,767.8,780.0,756.05,762.9,761.4,4513
2026-08-20,GOPAL,GOPAL SNACKS LIMITED,289.7,289.7,279.55,282.75,288.45,228388
2026-08-20,GOYALALUM,GOYAL ALUMINIUMS LIMITED,6.31,6.49,6.31,6.42,6.35,39276
2026-08-20,GPTHEALTH,GPT HEALTHCARE LIMITED,153.98,154.19,151.0,151.41,154.06,107851
2026-08-20,GPTINFRA,GPT INFRAPROJECTS LTD,112.5,116.03,111.35,112.87,113.03,139183
2026-08-20,GRADIENTE,GRADIENTE INFOTAINMENT L,2.95,2.97,2.83,2.9,2.86,1689207
2026-08-20,GRANDOAK,GRAND OAK CANYONS DIST L,37.04,37.99,35.92,36.25,37.81,15803
2026-08-20,GRANULES,GRANULES INDIA LIMITED,841.7,859.65,838.15,841.6,841.15,421049
2026-08-20,GRAPHITE,GRAPHITE INDIA LTD,721.05,728.25,715.0,717.05,717.55,360563
2026-08-20,GRASIM,GRASIM INDUSTRIES LTD,3280.0,3310.0,3250.0,3300.0,3270.0,1182213
2026-08-20,GRAUWEIL,GRAUER & WEIL IND LTD,66.66,67.98,66.0,66.25,66.59,195562
2026-08-20,GRAVISSHO,GRAVISS HOSPITALITY LTD.,31.8,31.8,28.91,29.89,28.72,2777
2026-08-20,GRAVITA,GRAVITA INDIA LIMITED,1814.0,1832.8,1786.1,1792.8,1793.1,174577
2026-08-20,GREAVESCOT,GREAVES COTTON LTD.,196.15,196.55,190.3,191.0,195.03,984850
2026-08-20,GREENLAM,GREENLAM INDUSTRIES LTD.,256.2,256.95,253.0,256.2,254.7,36365
2026-08-20,GREENPANEL,GREENPANEL INDUSTRIES LTD,162.3,164.1,157.68,160.26,160.66,927002
2026-08-20,GREENPLY,GREENPLY INDUSTRIES LTD,282.95,287.6,281.0,287.15,283.9,71001
2026-08-20,GCSL,GRETEX CORPORATE SERVICES,526.3,540.95,470.0,482.05,521.7,615899
2026-08-20,GRINDWELL,GRINDWELL NORTON LIMITED,2053.0,2082.5,2052.5,2059.3,2052.5,17398
2026-08-20,GRMOVER,GRM OVERSEAS LIMITED,88.25,89.1,86.0,86.53,88.79,1318507
2026-08-20,CEMNTGROWW,GROWWAMC - CEMNTGROWW,14.93,15.19,14.83,14.94,14.89,61089
2026-08-20,GROWWCAPM,GROWWAMC - GROWWCAPM,11.26,11.47,11.26,11.42,11.26,882472
2026-08-20,GROWWCHEM,GROWWAMC - GROWWCHEM,30.45,30.73,30.15,30.26,30.44,108832
2026-08-20,GROWWDEFNC,GROWWAMC - GROWWDEFNC,99.09,99.09,97.51,97.91,98.11,178862
2026-08-20,GROWWEV,GROWWAMC - GROWWEV,33.7,34.08,33.6,33.84,33.69,215205
2026-08-20,GROWWGOLD,GROWWAMC - GROWWGOLD,15.22,15.28,15.15,15.21,14.84,3645390
2026-08-20,GROWWHOSPI,GROWWAMC - GROWWHOSPI,52.84,52.84,51.81,51.88,52.19,515141
2026-08-20,GROWWLIQID,GROWWAMC - GROWWLIQID,110.41,110.42,110.41,110.41,110.4,143693
2026-08-20,GROWWLOVOL,GROWWAMC - GROWWLOVOL,10.56,10.56,10.43,10.46,10.44,16754
2026-08-20,GROWWMC150,GROWWAMC - GROWWMC150,233.76,236.38,233.76,236.25,232.56,1214
2026-08-20,GROWWMETAL,GROWWAMC - GROWWMETAL,12.32,12.55,12.2,12.38,12.32,787343
2026-08-20,GROWWMOM50,GROWWAMC - GROWWMOM50,11.19,11.19,10.92,10.94,10.94,354470
2026-08-20,GROWWN200,GROWWAMC - GROWWN200,11.4,11.5,11.4,11.46,11.35,9834
2026-08-20,GROWWNET,GROWWAMC - GROWWNET,10.67,10.8,10.51,10.76,10.56,318459
2026-08-20,GROWWNIFTY,GROWWAMC - GROWWNIFTY,9.74,9.89,9.74,9.79,9.74,397812
2026-08-20,GROWWNXT50,GROWWAMC - GROWWNXT50,75.3,75.3,74.25,74.67,74.44,5538
2026-08-20,GROWWPOWER,GROWWAMC - GROWWPOWER,11.37,11.5,11.28,11.34,11.29,3353017
2026-08-20,GROWWPSE,GROWWAMC - GROWWPSE,98.0,98.69,96.25,97.63,98.23,2700
2026-08-20,GROWWPSUBK,GROWWAMC - GROWWPSUBK,86.94,87.05,86.0,86.27,86.51,2784
2026-08-20,GROWWRAIL,GROWWAMC - GROWWRAIL,28.88,29.11,28.73,28.82,28.73,934035
2026-08-20,GROWWRLTY,GROWWAMC - GROWWRLTY,9.75,10.24,9.75,10.18,10.01,281099
2026-08-20,GROWWSC250,GROWWAMC - GROWWSC250,10.81,10.81,10.54,10.63,10.57,163951
2026-08-20,GROWWSLVR,GROWWAMC - GROWWSLVR,23.02,23.25,23.02,23.07,22.18,3082223
2026-08-20,PVTBKGROWW,GROWWAMC - PVTBKGROWW,27.55,27.83,27.21,27.64,27.47,11046
2026-08-20,SMALLGROWW,GROWWAMC - SMALLGROWW,49.0,49.13,48.51,48.54,48.76,9490
2026-08-20,GRPLTD,GRP LIMITED,1985.1,2012.0,1973.1,1998.2,1985.4,3101
2026-08-20,GSPCROP,GSP CROP SCIENCE LIMITED,594.55,604.0,586.5,590.5,594.1,169475
2026-08-20,GSS,GSS INFOTECH LIMITED,12.5,12.98,12.48,12.5,12.5,11076
2026-08-20,GTLINFRA,GTL INFRA.LTD,1.22,1.22,1.21,1.21,1.21,13456695
2026-08-20,GTL,GTL LTD,7.48,7.48,7.06,7.22,7.25,157130
2026-08-20,GTPL,GTPL HATHWAY LIMITED,54.4,55.35,54.01,54.51,53.78,50128
2026-08-20,GUFICBIO,GUFIC BIOSCIENCES LTD.,421.75,424.35,407.7,413.7,421.75,72972
2026-08-20,GIPCL,GUJ IND POW CO. LTD,172.0,176.0,167.24,170.18,171.96,634121
2026-08-20,GNFC,GUJ NAR VAL FER & CHEM L,603.0,606.25,591.1,592.8,602.3,393002
2026-08-20,GSFC,GUJ STATE FERT & CHEM LTD,162.4,163.56,160.25,160.61,161.98,1010861
2026-08-20,GUJAPOLLO,GUJ. APOLLO IND. LTD.,364.9,365.0,349.9,350.7,365.05,6092
2026-08-20,GUJALKALI,GUJARAT ALKALIES & CHEM,668.0,683.0,665.15,676.85,664.45,44751
2026-08-20,GAEL,GUJARAT AMBUJA EXPORTS LT,174.0,184.67,172.56,183.36,173.83,2211342
2026-08-20,GUJENERGY,GUJARAT ENERGY LIMITED,268.25,272.9,266.4,267.2,266.1,1202030
2026-08-20,FLUOROCHEM,GUJARAT FLUOROCHEM LTD,4721.1,4760.0,4670.1,4682.7,4689.1,263293
2026-08-20,GKSL,GUJARAT KIDNEY N SUP SP L,158.95,162.22,155.33,156.41,157.25,1155077
2026-08-20,GLFL,GUJARAT LEASE FINANCING L,6.0,6.0,5.64,5.78,5.82,1628
2026-08-20,GMDCLTD,GUJARAT MINERAL DEV CORP,562.0,567.0,558.85,561.95,557.75,738582
2026-08-20,GNRL,GUJARAT NATURAL RES L,104.2,105.9,103.81,104.02,105.4,77754
2026-08-20,GPPL,GUJARAT PIPAVAV PORT LTD,166.0,168.27,164.16,164.81,165.13,1659212
2026-08-20,GUJRAFFIA,GUJARAT RAFFIA INDUST LTD,40.66,41.5,39.7,41.01,40.66,2250
2026-08-20,GUJTHEM,GUJARAT THEMIS BIOSYN LTD,376.0,376.05,364.0,369.25,372.3,82978
2026-08-20,GULFOILLUB,GULF OIL LUB. IND. LTD.,1161.2,1165.0,1141.2,1151.3,1153.7,43877
2026-08-20,GULPOLY,GULSHAN POLYOLS LIMITED,185.19,192.5,183.51,191.92,182.18,371893
2026-08-20,GVPTECH,GVP INFOTECH LIMITED,6.95,7.1,6.6,6.79,7.01,72432
2026-08-20,GYFTR,GYFTR LIMITED,153.4,172.17,152.0,159.08,151.9,178155
2026-08-20,HBESD,H B ESTATE DEVELOPERS L,77.99,78.0,75.15,75.62,74.8,1865
2026-08-20,HGINFRA,H.G.INFRA ENGINEERING LTD,515.0,521.0,512.0,513.7,518.55,150916
2026-08-20,HALDER,HALDER VENTURE LIMITED,280.0,297.58,280.0,288.82,290.77,27724
2026-08-20,HAMPTON,HAMPTON SKY REALTY LTD.,8.2,8.29,7.05,8.09,7.93,28841
2026-08-20,HGM,HANDSON GBL MNGMNT LTD,45.0,45.79,43.99,44.96,44.0,1939
2026-08-20,HAPPSTMNDS,HAPPIEST MINDS TECHNO LTD,412.65,431.45,411.35,414.3,410.4,3342671
2026-08-20,HAPPYFORGE,HAPPY FORGINGS LIMITED,2334.9,2339.4,2307.7,2328.2,2307.9,86326
2026-08-20,HARDWYN,HARDWYN INDIA LIMITED,9.29,9.38,9.23,9.31,9.21,839477
2026-08-20,HARIOMPIPE,HARIOM PIPE INDUSTRIES L,348.15,350.9,345.25,347.5,348.0,54567
2026-08-20,HRYNSHP,HARIYANA SHIP BREAKERS L,104.0,104.0,101.0,101.0,99.01,381
2026-08-20,HARRMALAYA,HARRISON MALAYALAM LTD,192.61,199.0,189.0,196.08,192.53,26719
2026-08-20,HARSHA,HARSHA ENGINEERS INT LTD,439.0,451.0,435.0,438.05,436.55,192462
2026-08-20,HATHWAY,HATHWAY CABLE & DATACOM,10.46,10.62,10.41,10.54,10.43,1514460
2026-08-20,HATSUN,HATSUN AGRO PRODUCT LTD.,943.0,977.45,927.55,963.7,930.3,53300
2026-08-20,HAVELLS,HAVELLS INDIA LIMITED,1287.9,1289.7,1267.6,1278.0,1287.0,401500
2026-08-20,HAWKINCOOK,HAWKINS COOKERS LTD,8149.5,8181.0,7990.0,8087.5,8049.0,1699
2026-08-20,HAZOOR,HAZOOR MULTI PROJECTS LTD,21.3,21.38,21.0,21.17,21.2,46548
2026-08-20,HBPOR,HB PORTFOLIO LTD.,61.79,62.0,60.05,61.92,60.0,1183
2026-08-20,HBSL,HB STOCKHOLDINGS LIMITED,55.0,56.89,54.11,55.07,55.08,2646
2026-08-20,HBLENGINE,HBL ENGINEERING LTD,674.9,727.05,674.9,712.9,671.85,3829874
2026-08-20,HCL-INSYS,HCL INFOSYSTEMS LTD,11.27,11.4,10.94,11.09,11.26,309802
2026-08-20,HCLTECH,HCL TECHNOLOGIES LTD,1339.7,1345.3,1318.4,1318.4,1324.8,1510868
2026-08-20,HDBFS,HDB FINANCIAL SERVICES L,693.0,712.1,688.1,692.35,681.1,1759224
2026-08-20,HDFCAMC,HDFC AMC LIMITED,2558.7,2624.0,2553.0,2624.0,2551.7,1149185
2026-08-20,HDFCBANK,HDFC BANK LTD,725.5,728.3,724.3,725.05,720.0,17603805
2026-08-20,HDFCGOLD,HDFC GOLD ETF,131.1,133.9,130.07,133.07,130.07,3550590
2026-08-20,HDFCLIFE,HDFC LIFE INS CO LTD,539.9,543.2,536.65,542.0,536.3,1684071
2026-08-20,HDFCBSE500,HDFCAMC - HDFCBSE500,37.5,38.0,37.5,37.93,37.71,341237
2026-08-20,HDFCGROWTH,HDFCAMC - HDFCGROWTH,121.55,121.55,120.78,121.17,120.44,15223
2026-08-20,HDFCLIQUID,HDFCAMC - HDFCLIQUID,1074.45,1074.45,1074.43,1074.43,1074.3,14504
2026-08-20,HDFCLOWVOL,HDFCAMC - HDFCLOWVOL,20.87,20.88,20.79,20.83,20.77,27790
2026-08-20,HDFCMID150,HDFCAMC - HDFCMID150,23.92,23.92,23.62,23.74,23.63,419346
2026-08-20,HDFCMOMENT,HDFCAMC - HDFCMOMENT,31.83,31.83,31.12,31.19,31.06,111577
2026-08-20,HDFCNEXT50,HDFCAMC - HDFCNEXT50,75.71,76.1,75.44,75.57,75.43,77712
2026-08-20,HDFCNIF100,HDFCAMC - HDFCNIF100,25.39,26.32,25.39,26.22,26.05,29305
2026-08-20,HDFCNIFBAN,HDFCAMC - HDFCNIFBAN,59.08,59.5,59.08,59.2,59.0,38674
2026-08-20,HDFCNIFIT,HDFCAMC - HDFCNIFIT,32.55,33.9,32.55,32.7,32.37,106070
2026-08-20,HDFCNIFTY,HDFCAMC - HDFCNIFTY,273.27,273.95,272.9,273.58,271.65,512210
2026-08-20,HDFCNIMEG,HDFCAMC - HDFCNIMEG,130.72,131.53,130.0,130.43,130.07,62596
2026-08-20,HDFCPVTBAN,HDFCAMC - HDFCPVTBAN,28.04,28.1,27.9,27.98,27.77,128096
2026-08-20,HDFCQUAL,HDFCAMC - HDFCQUAL,59.5,59.7,59.28,59.34,59.1,2762
2026-08-20,HDFCSENSEX,HDFCAMC - HDFCSENSEX,87.58,88.35,87.5,87.93,87.23,82308
2026-08-20,HDFCSILVER,HDFCAMC - HDFCSILVER,224.55,227.1,224.55,225.7,216.41,6685957
2026-08-20,HDFCSML250,HDFCAMC - HDFCSML250,184.15,185.82,183.5,185.25,184.15,2012314
2026-08-20,HDFCVALUE,HDFCAMC - HDFCVALUE,125.47,125.96,125.47,125.92,124.97,16160
2026-08-20,HDFCPSUBK,HDFCAMC HDFCPSUBK,87.0,87.73,86.79,87.03,86.53,74435
2026-08-20,HEADSUP,HEADS UP VENTURES LIMITED,6.7,6.9,6.52,6.87,6.78,3960
2026-08-20,HEALTHX,HEALTH X PLATFORM LIMITED,319.7,319.7,298.25,302.4,313.7,5144
2026-08-20,HCG,HEALTHCARE GLOB. ENT. LTD,743.0,743.0,728.0,730.45,745.25,120624
2026-08-20,HECPROJECT,HEC INFRA PROJECTS LTD,118.0,121.47,116.02,117.89,116.8,8957
2026-08-20,HEG,HEG LTD,710.0,718.65,696.1,711.95,708.05,1404434
2026-08-20,HEIDELBERG,HEIDELBERGCEMENT (I) LTD,158.8,160.49,158.8,160.22,158.1,82692
2026-08-20,HEMIPROP,HEMISPHERE PROP IND LTD,131.05,131.69,130.65,130.91,130.39,313273
2026-08-20,HERANBA,HERANBA INDUSTRIES LTD,163.1,164.99,158.23,160.39,162.99,95355
2026-08-20,HERITGFOOD,HERITAGE FOODS LTD,361.05,381.4,359.6,378.75,360.0,595614
2026-08-20,HEROMOTOCO,HERO MOTOCORP LIMITED,5740.0,5740.5,5670.0,5740.5,5709.5,298317
2026-08-20,HESTERBIO,HESTER BIOSCIENCES LTD,2413.0,2445.0,2391.2,2413.1,2412.3,2033
2026-08-20,HEXATRADEX,HEXA TRADEX LIMITED,160.01,162.8,160.0,160.27,161.94,1219
2026-08-20,HEXT,HEXAWARE TECHNOLOGIES LTD,553.05,560.95,541.2,544.2,553.3,117060
2026-08-20,HFCL,HFCL LIMITED,227.95,229.8,222.51,223.9,226.53,10056116
2026-08-20,HITECH,HI-TECH PIPES LIMITED,77.45,78.25,76.88,77.89,77.06,411642
2026-08-20,HILINFRA,HIGHWAY INFRASTRUCTURE L,46.5,46.5,45.51,45.69,45.68,58634
2026-08-20,HIKAL,HIKAL LIMITED,214.46,215.55,211.53,212.26,214.11,166366
2026-08-20,HSCL,HIMADRI SPECIALITY CHEM L,755.0,767.6,695.5,704.2,750.25,12482496
2026-08-20,HIMATSEIDE,HIMATSINGKA SEIDE LTD,70.1,72.9,69.06,71.48,69.75,709984
2026-08-20,HINDALUMI,HIND ALUMINIUM INDS. LTD.,96.0,99.9,96.0,98.81,98.46,2283
2026-08-20,HINDALCO,HINDALCO  INDUSTRIES  LTD,1044.0,1048.0,1013.0,1029.85,1038.95,4321761
2026-08-20,HINDCON,HINDCON CHEMICALS LIMITED,21.6,22.4,20.9,22.18,21.55,30965
2026-08-20,HPIL,HINDPRAKASH INDUSTRY LTD,131.04,131.04,127.4,130.35,131.04,228
2026-08-20,HGS,HINDUJA GLOBAL SOLS. LTD.,408.0,414.9,405.0,406.5,408.0,13488
2026-08-20,HINDADH,HINDUSTAN ADHESIVES LTD.,372.65,373.95,342.0,351.0,369.95,20039
2026-08-20,HAL,HINDUSTAN AERONAUTICS LTD,5049.0,5049.0,4972.0,4998.0,5017.0,421506
2026-08-20,HINDCOMPOS,HINDUSTAN COMPOSITES LTD.,411.9,420.0,403.8,412.5,407.3,2052
2026-08-20,HCC,HINDUSTAN CONSTRUCTION CO,20.0,21.47,19.99,21.22,19.83,66092291
2026-08-20,HINDCOPPER,HINDUSTAN COPPER LTD,565.0,574.7,553.6,560.1,554.85,9758301
2026-08-20,HNDFDS,HINDUSTAN FOODS LIMITED,648.1,664.35,645.3,653.25,643.25,101122
2026-08-20,HINDOILEXP,HINDUSTAN OIL EXPLORATION,154.5,160.2,154.05,158.2,153.71,959115
2026-08-20,HINDPETRO,HINDUSTAN PETROLEUM CORP,367.5,368.85,363.2,363.2,366.45,3121502
2026-08-20,HINDUNILVR,HINDUSTAN UNILEVER LTD.,2022.9,2043.6,2018.2,2028.0,2020.7,1401471
2026-08-20,HINDZINC,HINDUSTAN ZINC LIMITED,570.0,575.0,566.75,573.9,557.0,6427834
2026-08-20,HINDWAREAP,HINDWARE HME INOVATON LTD,199.19,202.68,197.0,198.45,199.19,95088
2026-08-20,HIRECT,HIRECT LIMITED,1263.8,1292.0,1261.2,1278.4,1263.8,38594
2026-08-20,HISARMETAL,HISAR METAL IND. LIMITED,151.0,154.89,148.12,149.66,152.05,2843
2026-08-20,POWERINDIA,HITACHI ENERGY INDIA LTD,34045.0,34045.0,33305.0,33510.0,33800.0,67131
2026-08-20,HLEGLAS,HLE GLASCOAT LIMITED,321.0,321.9,311.0,311.8,315.95,202377
2026-08-20,HLVLTD,HLV LIMITED,6.7,6.7,6.5,6.59,6.63,258630
2026-08-20,HMAAGRO,HMA AGRO INDUSTRIES LTD,22.06,22.21,21.8,21.94,21.94,1337093
2026-08-20,HOMEFIRST,HOME FIRST FIN CO IND LTD,1184.8,1193.8,1177.9,1187.4,1184.4,75365
2026-08-20,HONASA,HONASA CONSUMER LIMITED,479.0,486.3,473.65,483.8,476.6,851602
2026-08-20,HONDAPOWER,HONDA I POWER PRODUCT LTD,2081.8,2099.9,2071.0,2073.7,2082.4,3033
2026-08-20,HONAUT,HONEYWELL AUTOMATION IND,36545.0,37180.0,35850.0,36715.0,36140.0,3035
2026-08-20,HPAL,HP ADHESIVES LIMITED,34.51,35.0,33.6,34.48,34.51,60851
2026-08-20,HPL,HPL ELECTRIC & POWER LTD,312.95,325.0,312.95,314.65,310.8,178853
2026-08-20,HSBCGOLD,HSBCAMC - HSBCGOLD,135.0,136.0,134.43,135.63,132.56,133681
2026-08-20,HUDCO,HSG & URBAN DEV CORPN LTD,189.0,189.99,184.48,186.05,188.32,1804933
2026-08-20,HTMEDIA,HT MEDIA LIMITED,26.22,26.99,26.0,26.73,26.09,141290
2026-08-20,HUBTOWN,HUBTOWN LIMITED,180.45,205.7,180.01,198.81,180.12,4731451
2026-08-20,HUHTAMAKI,HUHTAMAKI INDIA LIMITED,271.2,277.35,269.25,274.6,268.05,124731
2026-08-20,HYUNDAI,HYUNDAI MOTOR INDIA LTD,2200.0,2233.7,2180.4,2227.0,2174.5,682793
2026-08-20,IGPL,I G PETROCHEMICALS LTD,479.0,483.0,469.0,471.05,476.4,38072
2026-08-20,ISTLTD,I S T LTD.,737.5,749.95,645.0,667.1,637.1,3071
2026-08-20,ICDSLTD,ICDS LTD,40.0,42.0,40.0,42.0,40.0,322
2026-08-20,ICEMAKE,ICE MAKE REFRIGERAT LTD,734.9,734.9,721.1,726.05,728.25,19241
2026-08-20,ICICIBANK,ICICI BANK LTD.,1407.8,1413.0,1403.3,1411.9,1402.0,8425049
2026-08-20,ICICIGI,ICICI LOMBARD GIC LIMITED,1617.0,1650.0,1617.0,1625.0,1615.7,667664
2026-08-20,LOWVOLIETF,ICICI PR NIF LW VL 30 ETF,22.46,22.46,22.29,22.36,22.22,1904644
2026-08-20,ICICIPRULI,ICICI PRU LIFE INS CO LTD,501.0,506.35,499.85,502.0,499.5,637727
2026-08-20,MIDSELIETF,ICICI PRUD MIDCAP SEL ETF,19.87,20.03,19.87,19.96,19.87,245127
2026-08-20,NIF100IETF,ICICI PRUD NIFTY 100 ETF,28.92,28.92,28.25,28.39,28.22,47778
2026-08-20,NIFTYIETF,ICICI PRUD NIFTY ETF,273.41,275.81,273.41,275.22,273.27,2064160
2026-08-20,SENSEXIETF,ICICI PRUD SENSEX ETF,889.4,893.8,887.05,890.14,886.4,59341
2026-08-20,ICICIAMC,ICICI PRUDENTIAL AMC LTD,3262.9,3313.5,3211.1,3228.9,3260.9,381699
2026-08-20,GOLDIETF,ICICI PRUDENTIAL GOLD ETF,135.0,135.0,132.39,133.7,130.18,6459583
2026-08-20,NV20IETF,ICICI PRUDENTIAL NV20 ETF,13.58,13.7,13.58,13.6,13.54,248845
2026-08-20,ICICIB22,ICICIPRAMC - BHARATIWIN,114.62,115.47,114.52,115.02,114.39,351667
2026-08-20,CASHIETF,ICICIPRAMC - CASHIETF,1076.96,1076.96,1075.01,1076.02,1075.87,148294
2026-08-20,EVIETF,ICICIPRAMC - EVIETF,34.25,34.25,33.76,33.94,33.88,135967
2026-08-20,GSEC10IETF,ICICIPRAMC - ICICI10GS,266.81,266.81,266.38,266.38,266.89,27
2026-08-20,BSE500IETF,ICICIPRAMC - ICICI500,39.64,39.95,39.64,39.84,39.64,44778
2026-08-20,GSEC5IETF,ICICIPRAMC - ICICI5GSEC,66.71,67.0,66.07,66.92,66.72,898
2026-08-20,ALPL30IETF,ICICIPRAMC - ICICIALPLV,28.14,28.39,28.05,28.23,28.06,1891779
2026-08-20,AUTOIETF,ICICIPRAMC - ICICIAUTO,30.54,30.71,30.22,30.4,30.13,455757
2026-08-20,PVTBANIETF,ICICIPRAMC - ICICIBANKP,28.23,28.23,27.61,27.7,27.55,1772011
2026-08-20,COMMOIETF,ICICIPRAMC - ICICICOMMO,99.98,99.98,99.05,99.58,99.15,47136
2026-08-20,CONSUMIETF,ICICIPRAMC - ICICICONSU,124.84,125.32,124.66,125.03,124.09,6130
2026-08-20,FMCGIETF,ICICIPRAMC - ICICIFMCG,52.32,52.32,51.13,51.56,51.05,1034772
2026-08-20,INFRAIETF,ICICIPRAMC - ICICIINFRA,96.12,96.84,95.8,96.48,95.56,88556
2026-08-20,LIQUIDIETF,ICICIPRAMC - ICICILIQ,1000.0,1000.01,999.99,999.99,999.99,637840
2026-08-20,MIDCAPIETF,ICICIPRAMC - ICICIM150,24.27,24.36,24.2,24.27,24.15,1460625
2026-08-20,MOM30IETF,ICICIPRAMC - ICICIMOM30,31.4,31.67,31.35,31.43,31.27,481239
2026-08-20,NEXT50IETF,ICICIPRAMC - ICICINXT50,78.73,78.73,78.17,78.38,78.08,348668
2026-08-20,HEALTHIETF,ICICIPRAMC - ICICIPHARM,169.65,169.89,168.6,169.28,168.86,53048
2026-08-20,QUAL30IETF,ICICIPRAMC - ICICIQTY30,21.53,21.65,21.32,21.36,21.27,34877
2026-08-20,SILVERIETF,ICICIPRAMC - ICICISILVE,230.12,236.6,230.12,235.12,226.2,6110834
2026-08-20,ITIETF,ICICIPRAMC - ICICITECH,34.55,34.55,33.94,34.03,33.71,3591697
2026-08-20,INSUREIETF,ICICIPRAMC - INSUREIETF,15.47,15.64,15.43,15.49,15.47,21523
2026-08-20,BANKIETF,ICICIPRAMC - IPRU5008,58.87,59.35,58.87,59.14,58.82,264964
2026-08-20,METALIETF,ICICIPRAMC - METALIETF,13.3,13.3,12.95,13.11,13.05,4506792
2026-08-20,OILIETF,ICICIPRAMC - OILIETF,11.38,11.42,11.28,11.37,11.33,4009560
2026-08-20,PSUBNKIETF,ICICIPRAMC - PSUBANKICI,87.59,88.0,87.03,87.32,87.37,40717
2026-08-20,SMALLIETF,ICICIPRAMC - SMALLIETF,18.62,18.62,18.33,18.42,18.32,22386
2026-08-20,TOP15IETF,ICICIPRAMC - TOP15IETF,9.98,9.99,9.91,9.98,9.89,45536
2026-08-20,VAL30IETF,ICICIPRAMC - VAL30IETF,15.33,15.33,15.14,15.18,15.19,270498
2026-08-20,FINIETF,ICICIPRAMC-ICICIFIN,33.24,33.65,32.98,33.38,33.0,315962
2026-08-20,ICRA,ICRA LIMITED,4900.0,5000.0,4850.6,4867.2,4893.3,24805
2026-08-20,IDBI,IDBI BANK LIMITED,81.3,82.25,81.16,81.74,80.72,2802897
2026-08-20,IDEAFORGE,IDEAFORGE TECHNO LTD,836.0,836.0,791.2,806.6,825.2,328076
2026-08-20,IDFCFIRSTB,IDFC FIRST BANK LIMITED,85.66,86.5,85.6,85.84,85.49,13363445
2026-08-20,IFBAGRO,IFB AGRO INDUSTRIES LTD,1010.0,1035.0,996.1,1007.9,992.1,5747
2026-08-20,IFBIND,IFB INDUSTRIES LTD,1409.0,1418.0,1393.0,1402.9,1398.4,37571
2026-08-20,IFCI,IFCI LTD,82.0,82.53,80.37,81.76,81.68,23214744
2026-08-20,IFGLEXPOR,IFGL REFRACTORIES LIMITED,222.47,223.79,213.99,215.92,220.69,26012
2026-08-20,IGARASHI,IGARASHI MOTORS INDIA LTD,440.0,449.85,439.1,446.8,438.9,53057
2026-08-20,IIFLCAPS,IIFL CAPITAL SERVICES LTD,334.15,336.7,333.05,333.15,334.05,402498
2026-08-20,IIFL,IIFL FINANCE LIMITED,639.0,649.85,634.0,636.7,630.85,1236843
2026-08-20,IKIO,IKIO TECHNOLOGIES LIMITED,195.5,198.8,194.36,195.7,195.17,97159
2026-08-20,IVC,IL&FS INVESTMENT MANAGERS,8.5,8.5,8.18,8.21,8.22,120220
2026-08-20,IMAGICAA,IMAGICAAWORLD ENT LTD,48.59,48.65,47.21,47.45,48.52,280807
2026-08-20,INCREDIBLE,INCREDIBLE INDUSTRIES LTD,32.78,33.85,32.03,33.77,31.99,4742
2026-08-20,IMPAL,IND MOTOR PART & ACC LTD,1105.0,1110.5,1056.1,1106.6,1096.0,2143
2026-08-20,INDSWFTLAB,IND SWIFT LABORATORIES LT,326.0,339.0,323.24,333.51,322.06,784970
2026-08-20,INDTERRAIN,IND TERRAIN FASHIONS LTD,31.1,31.25,30.12,30.85,30.55,13064
2026-08-20,INDBANK,INDBANK MERCH BANK,31.7,32.0,31.0,31.56,31.58,28002
2026-08-20,BAJAJINDEF,INDEF MANUFACTURING LTD,216.1,218.39,213.0,213.45,215.04,18375
2026-08-20,INDGN,INDEGENE LIMITED,569.95,576.0,562.0,566.7,565.6,1256695
2026-08-20,INDIAGLYCO,INDIA GLYCOLS LTD,1108.4,1140.0,1096.0,1101.9,1106.3,137213
2026-08-20,INDNIPPON,INDIA NIPPON ELECT  LTD,1110.1,1125.0,1090.8,1100.8,1110.1,16632
2026-08-20,IPL,INDIA PESTICIDES LIMITED,138.15,139.09,137.35,138.06,137.29,68547
2026-08-20,INDIASHLTR,INDIA SHELTER FIN CORP L,660.0,680.0,652.7,675.3,655.25,212079
2026-08-20,ITDC,INDIA TOUR. DEV. CO. LTD.,685.85,695.6,683.05,687.55,683.0,62131
2026-08-20,IBULLSLTD,INDIABULLS LIMITED,26.5,26.6,25.54,25.75,26.47,8152445
2026-08-20,INDIAMART,INDIAMART INTERMESH LTD,1736.0,1761.9,1736.0,1749.2,1734.3,64542
2026-08-20,INDIANB,INDIAN BANK,877.15,883.8,871.0,871.0,873.15,530224
2026-08-20,INDIANCARD,INDIAN CARD CLOTHING CO.,214.04,219.9,208.56,210.39,214.04,2591
2026-08-20,IEX,INDIAN ENERGY EXC LTD,123.89,125.05,122.48,123.35,123.0,2988591
2026-08-20,INDIANHUME,INDIAN HUME PIPE CO. LTD.,364.3,371.05,359.6,368.35,363.2,26977
2026-08-20,IMFA,INDIAN METALS & FERRO,1465.0,1482.0,1406.3,1421.9,1457.9,135405
2026-08-20,IOC,INDIAN OIL CORP LTD,137.0,137.12,135.28,135.9,136.3,7026471
2026-08-20,IOB,INDIAN OVERSEAS BANK,33.23,33.4,33.14,33.16,33.18,1140193
2026-08-20,IRCTC,INDIAN RAIL TOUR CORP LTD,490.0,495.0,485.15,485.9,488.35,1104983
2026-08-20,IRFC,INDIAN RAILWAY FIN CORP L,85.45,87.2,85.3,86.47,85.18,8434193
2026-08-20,IREDA,INDIAN RENEWABLE ENERGY,114.49,115.8,114.33,114.9,113.92,3039801
2026-08-20,IWP,INDIAN WOOD PRODUCTS CO L,33.8,34.85,33.25,34.84,34.16,1338
2026-08-20,INDIGOPNTS,INDIGO PAINTS LIMITED,1151.1,1167.0,1124.1,1130.7,1148.8,117388
2026-08-20,INDIQUBE,INDIQUBE SPACES LIMITED,196.2,198.2,184.49,189.15,192.17,196417
2026-08-20,INDOBORAX,INDO BORAX & CHEMICAL LTD,439.0,509.9,431.0,498.15,433.85,6099644
2026-08-20,ICIL,INDO COUNT INDUSTRIES LTD,441.4,453.25,430.55,435.1,443.8,1040983
2026-08-20,INDOFARM,INDO FARM EQUIPMENT LTD,138.0,140.0,137.0,138.06,137.16,124867
2026-08-20,INDORAMA,INDO RAMA SYNTHETICS LTD,56.91,63.45,56.02,61.29,56.29,1356536
2026-08-20,INDOTECH,INDO TECH TRANSFORM LTD.,3750.0,3895.2,3601.0,3727.8,3709.8,67204
2026-08-20,INDOTHAI,INDO THAI SEC LTD,62.8,62.8,62.8,62.8,66.1,45140
2026-08-20,INDOUS,INDO US BIOTECH LTD,87.0,89.0,84.34,85.96,86.86,11032
2026-08-20,INDOMIM,INDO-MIM LIMITED,965.0,965.0,907.3,919.55,967.95,3493814
2026-08-20,NIPPOBATRY,INDO-NATIONAL LIMITED,335.0,335.0,323.5,325.85,327.8,2059
2026-08-20,INDOCO,INDOCO REMEDIES LTD.,217.51,226.78,217.51,222.68,217.19,158487
2026-08-20,IGCL,INDOGULF CROPSCIENCES LTD,71.87,73.76,71.25,72.68,72.13,86717
2026-08-20,INDOKEM,INDOKEM LTD.,587.55,594.55,585.2,590.4,587.35,769
2026-08-20,WAAREEINDO,INDOSOLAR LIMITED,293.0,295.95,285.3,290.45,293.15,79172
2026-08-20,INDOSTAR,INDOSTAR CAPITAL FIN LTD,252.0,252.95,248.05,251.4,250.55,79226
2026-08-20,INDOWIND,INDOWIND ENERGY LTD,8.5,9.09,8.49,9.06,8.53,300575
2026-08-20,IGL,INDRAPRASTHA GAS LTD,153.69,153.69,150.2,150.55,152.64,1967131
2026-08-20,INDRAMEDCO,INDRAPRASTHA MEDICAL CORP,375.0,378.25,371.65,376.8,374.45,167041
2026-08-20,INDUSTOWER,INDUS TOWERS LIMITED,373.75,373.85,367.35,368.8,372.4,3258892
2026-08-20,INDUSINDBK,INDUSIND BANK LIMITED,1013.0,1014.5,1002.0,1008.0,1016.7,858064
2026-08-20,INDPRUD,INDUSTRIAL & PRU INV CO L,6155.0,6273.0,6113.0,6178.5,6175.0,65
2026-08-20,IITL,INDUSTRIAL INV TRUST LTD,146.68,154.54,145.74,149.97,145.86,120277
2026-08-20,NAUKRI,INFO EDGE (I) LTD,1385.3,1390.1,1355.3,1360.9,1378.4,1278109
2026-08-20,INFOBEAN,INFOBEANS TECHNO. LTD.,159.34,167.23,155.1,156.78,157.76,614030
2026-08-20,INFOMEDIA,INFOMEDIA PRESS LIMITED,5.65,5.65,5.09,5.19,5.09,15136
2026-08-20,INFY,INFOSYS LIMITED,1143.0,1144.7,1125.7,1130.0,1119.8,8559841
2026-08-20,INGERRAND,INGERSOLL-RAND INDIA LTD,4688.0,4714.0,4641.1,4705.6,4641.4,19418
2026-08-20,INNOVACAP,INNOVA CAPTAB LIMITED,1039.55,1105.0,1039.55,1084.2,1039.75,125053
2026-08-20,INNOVANA,INNOVANA THINKLABS LTD,311.0,319.75,309.0,318.85,310.05,10361
2026-08-20,INNOVISION,INNOVISION LIMITED,267.35,270.2,266.05,269.45,266.35,11475
2026-08-20,INOXGREEN,INOX GREEN ENERGY SER LTD,174.51,178.3,173.0,175.08,175.89,348910
2026-08-20,INOXINDIA,INOX INDIA LIMITED,1929.5,1950.0,1914.0,1923.6,1930.3,49691
2026-08-20,INOXWIND,INOX WIND LIMITED,74.0,75.14,73.56,73.9,73.74,5913003
2026-08-20,INSECTICID,INSECTICIDES (I) LTD,616.5,619.95,603.7,606.55,613.55,18087
2026-08-20,INA,INSOLATION ENERGY LIMITED,95.4,98.29,92.78,93.42,93.31,1494245
2026-08-20,ESSENTIA,INTEGRA ESSENTIA LIMITED,1.18,1.25,1.14,1.14,1.2,7538111
2026-08-20,INTELLECT,INTELLECT DESIGN ARENA,684.1,695.9,684.0,685.7,678.45,252166
2026-08-20,INTENTECH,INTENSE TECHNOLOGIES LTD,80.25,82.15,80.25,81.73,80.22,18244
2026-08-20,INTERARCH,INTERARCH BLDNG SOLTN LTD,1720.0,1726.6,1685.0,1688.3,1703.4,53432
2026-08-20,INDIGO,INTERGLOBE AVIATION LTD,5235.0,5235.0,5152.0,5165.0,5193.0,380687
2026-08-20,INTLCONV,INTL CONVEYORS LIMITED,75.63,77.7,75.63,76.78,75.63,34352
2026-08-20,IGIL,INTL GEMOLOGICAL INST LTD,342.0,344.4,335.2,335.8,338.4,330862
2026-08-20,ISFT,INTRASOFT TECH. LTD,85.0,88.87,82.4,86.43,84.76,96596
2026-08-20,INVENTURE,INVENTURE GRO & SEC LTD,0.9,0.9,0.72,0.86,0.89,3357022
2026-08-20,IKS,INVENTURUS KNOWLEDGE SO L,1826.9,1836.0,1771.7,1791.6,1812.3,87771
2026-08-20,IVZINGOLD,INVESCO INDIA GOLD ETF,134.15,135.85,133.3,135.6,132.4,35595
2026-08-20,IVZINNIFTY,INVESCO INDIA NIFTY ETF,278.18,278.86,277.92,278.5,276.07,4991
2026-08-20,IOLCP,IOL CHEM AND PHARMA LTD,158.45,164.7,158.35,163.75,156.92,2054870
2026-08-20,IONEXCHANG,ION EXCHANGE (INDIA) LTD,376.0,376.5,370.8,373.1,372.95,302628
2026-08-20,IPRINGLTD,IP RINGS LTD.,143.11,149.6,142.0,142.25,147.67,1213
2026-08-20,IPCALAB,IPCA LABORATORIES LTD,1922.0,1928.4,1880.4,1900.1,1903.7,236586
2026-08-20,IRB,IRB INFRA DEV LTD.,19.1,19.12,18.91,18.95,18.98,5795433
2026-08-20,IRCON,IRCON INTERNATIONAL LTD,123.0,128.0,123.0,126.54,122.62,2980868
2026-08-20,IRISDOREME,IRIS CLOTHINGS LIMITED,59.71,60.0,58.13,59.27,58.62,2295138
2026-08-20,IRIS,IRIS REGTECH SOLUTION LTD,248.75,251.99,246.0,248.12,244.92,8018
2026-08-20,IRMENERGY,IRM ENERGY LIMITED,287.1,289.95,284.0,285.6,286.8,52716
2026-08-20,ISGEC,ISGEC HEAVY ENG LTD,756.65,778.1,756.25,761.75,756.6,81430
2026-08-20,ISHANCH,ISHAN DYES N CHEMICALS L,48.15,49.5,47.61,48.25,47.82,116051
2026-08-20,ITCHOTELS,ITC HOTELS LIMITED,164.0,167.9,162.5,166.12,163.49,1264187
2026-08-20,ITC,ITC LTD,268.2,271.65,265.0,271.65,267.05,28272797
2026-08-20,ITI,ITI LTD,279.75,281.8,278.1,279.5,279.95,187734
2026-08-20,ITL,ITL INDUSTRIES LTD.,326.9,326.9,311.1,317.85,326.9,1440
2026-08-20,IVALUE,IVALUE INFOSOLUTIONS LTD,277.9,287.2,277.8,279.65,278.65,194572
2026-08-20,IZMO,IZMO LIMITED,873.95,889.9,862.05,866.45,871.55,79506
2026-08-20,J&KBANK,J & K BANK LTD.,149.18,152.3,147.8,148.19,148.95,1401703
2026-08-20,JGCHEM,J.G.CHEMICALS LIMITED,629.0,639.9,604.1,619.9,627.95,194256
2026-08-20,JAGRAN,JAGRAN PRAKASHAN LIMITED,62.19,62.3,61.23,61.79,61.54,248883
2026-08-20,JAGSNPHARM,JAGSONPAL PHARMACEUTICALS,229.54,234.13,229.54,232.99,230.28,68008
2026-08-20,JAIBALAJI,JAI BALAJI INDUSTRIES LTD,66.5,67.89,64.8,66.08,66.39,887363
2026-08-20,JAICORPLTD,JAI CORP LIMITED,99.56,101.17,99.56,100.53,98.68,218911
2026-08-20,JISLDVREQS,JAIN DVR EQUITY SHARES,21.58,21.99,20.85,21.35,21.58,14971
2026-08-20,JISLJALEQS,JAIN IRRIGATION SYSTEMS,28.25,28.42,27.91,28.22,28.05,1167609
2026-08-20,JAINREC,JAIN RESOURCE RECYCLING L,290.15,307.5,290.15,299.75,288.85,2350232
2026-08-20,JPPOWER,JAIPRAKASH POWER VEN. LTD,17.24,17.29,17.07,17.1,17.03,22273783
2026-08-20,JAMNAAUTO,JAMNA AUTO IND LTD,121.5,122.39,120.12,121.43,120.5,875237
2026-08-20,JSFB,JANA SMALL FIN BANK LTD,578.0,584.0,561.15,562.85,571.15,262665
2026-08-20,JARO,JARO INS OF TEC MG N RE L,437.05,446.75,437.05,440.05,439.5,105011
2026-08-20,JASH,JASH ENGINEERING LIMITED,485.9,488.15,480.0,481.5,485.15,34442
2026-08-20,JAYBARMARU,JAY BHARAT MARUTI LTD,127.0,128.28,126.71,127.19,125.6,110672
2026-08-20,JAYAGROGN,JAYANT AGRO ORGANICS LTD,221.1,221.68,217.0,220.19,220.45,9488
2026-08-20,JAYNECOIND,JAYASWAL NECO INDUSTR LTD,92.1,95.45,91.34,93.68,91.22,7622640
2026-08-20,JAYKAY,JAYKAY ENTERPRISES LTD,148.57,149.92,145.0,145.68,147.61,175805
2026-08-20,JAYSREETEA,JAYSHREE TEA & INDUSTRIES,94.53,102.4,94.0,100.81,93.88,419574
2026-08-20,JBMA,JBM AUTO LIMITED,620.0,631.2,620.0,623.35,618.65,165006
2026-08-20,JSLL,JEENA SIKHO LIFECARE LTD,499.5,518.95,499.4,506.2,497.6,618638
2026-08-20,JENBURPH,JENBURKT PHARMACEUTICAL L,1050.2,1059.9,1045.0,1045.5,1054.4,1147
2026-08-20,JETFREIGHT,JET FREIGHT LOGISTICS LTD,22.55,22.7,21.2,22.12,21.86,151490
2026-08-20,JHS,JHS SVEND. LAB. LTD,8.58,8.58,8.01,8.15,8.41,47088
2026-08-20,RETAIL,JHS SVENDGAARD RETAIL V L,17.55,17.96,17.01,17.64,17.45,3408
2026-08-20,JPOLYINVST,JIND POL INV & FIN CO LTD,995.0,1009.9,950.0,954.4,987.7,23981
2026-08-20,JINDRILL,JINDAL DRILLING IND. LTD,639.0,639.0,618.0,628.7,635.1,520104
2026-08-20,JINDALPHOT,JINDAL PHOTO LIMITED,1087.7,1087.7,1044.2,1049.4,1053.3,1875
2026-08-20,JINDALPOLY,JINDAL POLY FILMS LIMITED,639.95,644.85,634.6,637.0,638.35,7268
2026-08-20,JINDALSAW,JINDAL SAW LIMITED,268.95,275.55,268.95,269.75,268.7,717361
2026-08-20,JSL,JINDAL STAINLESS LIMITED,729.9,731.2,716.0,718.4,724.0,238908
2026-08-20,JINDALSTEL,JINDAL STEEL LIMITED,1120.1,1142.0,1108.4,1118.9,1115.0,992910
2026-08-20,JINDWORLD,JINDAL WORLDWIDE LTD,35.59,36.0,34.85,35.1,35.58,966589
2026-08-20,JKIPL,JINKUSHAL INDUSTRIES LTD,97.99,100.07,95.51,99.77,95.31,87871
2026-08-20,JIOFIN,JIO FIN SERVICES LTD,244.0,247.25,243.75,244.6,243.15,8819149
2026-08-20,NIFTYJBLK,JIOBLACKROCKAMC-NIFTYJBLK,12.35,12.96,12.35,12.5,12.5,306540
2026-08-20,JITFINFRA,JITF INFRALOGISTICS LTD,311.0,318.15,306.0,308.05,312.2,22921
2026-08-20,JKCEMENT,JK CEMENT LIMITED,5302.0,5349.0,5243.0,5266.0,5276.0,21168
2026-08-20,JKLAKSHMI,JK LAKSHMI CEMENT LTD,558.25,563.85,555.05,557.9,558.25,95721
2026-08-20,JKPAPER,JK PAPER LIMITED,382.0,391.8,379.3,389.6,379.0,328859
2026-08-20,JKTYRE,JK TYRE & INDUSTRIES LTD,377.0,379.7,372.5,373.4,374.85,440312
2026-08-20,JKIL,JKUMAR INFR.LTD.,504.85,509.75,501.0,503.65,504.7,45956
2026-08-20,JMFINANCIL,JM FINANCIAL LIMITED,127.0,130.69,127.0,129.16,126.3,3167777
2026-08-20,JNKINDIA,JNK INDIA LIMITED,454.05,459.2,445.0,450.35,454.0,109022
2026-08-20,COCKERILL,JOHN COCKERILL INDIA LTD.,8091.0,8225.5,7762.5,7834.0,8010.5,15478
2026-08-20,JSWCEMENT,JSW CEMENT LIMITED,124.19,126.48,123.98,125.13,123.66,656733
2026-08-20,JSWDULUX,JSW DULUX LIMITED,3145.0,3145.0,3076.0,3086.1,3094.2,14813
2026-08-20,JSWENERGY,JSW ENERGY LIMITED,545.95,547.0,540.1,542.0,543.95,1459729
2026-08-20,JSWHL,JSW HOLDINGS LIMITED,11450.0,11682.0,11401.0,11465.0,11329.0,1878
2026-08-20,JSWINFRA,JSW INFRASTRUCTURE LTD,332.0,334.7,328.75,329.85,329.9,1462459
2026-08-20,JSWSTEEL,JSW STEEL LIMITED,1298.5,1310.6,1281.5,1299.7,1285.8,3416352
2026-08-20,JTEKTINDIA,JTEKT INDIA LIMITED,129.05,131.44,128.5,129.27,128.73,82567
2026-08-20,JTLIND,JTL INDUSTRIES LIMITED,73.0,74.95,72.69,74.61,72.18,1430095
2026-08-20,JUBLCPL,JUBILANT AGRI N CON PRO L,2312.3,2362.3,2270.0,2284.0,2312.3,3781
2026-08-20,JUBLFOOD,JUBILANT FOODWORKS LTD,504.85,510.9,499.1,507.3,498.3,1576256
2026-08-20,JUBLINGREA,JUBILANT INGREVIA LIMITED,710.0,729.5,704.8,720.4,708.4,257222
2026-08-20,JUBLPHARMA,JUBILANT PHARMOVA LTD,871.0,886.35,863.85,871.05,868.0,181295
2026-08-20,JMA,JULLUNDUR MOT AGENCY LTD,91.9,91.9,90.0,91.11,90.28,10731
2026-08-20,JNPR,JUNIPER GREEN ENERGY LTD,252.81,275.52,251.73,273.76,253.71,7029425
2026-08-20,JUNIPER,JUNIPER HOTELS LIMITED,194.0,207.0,194.0,205.21,197.79,509829
2026-08-20,JLHL,JUPITER LIFE LINE HOSP L,324.0,324.0,315.0,317.7,320.55,45839
2026-08-20,JWL,JUPITER WAGONS LIMITED,249.4,253.95,247.1,248.1,248.5,783978
2026-08-20,JUSTDIAL,JUSTDIAL LTD.,660.5,686.6,659.2,680.65,660.45,232249
2026-08-20,JYOTHYLAB,JYOTHY LABS LIMITED,207.89,210.37,207.0,208.46,207.88,491369
2026-08-20,JYOTICNC,JYOTI CNC AUTOMATION LTD,949.0,965.85,943.05,949.75,950.65,879075
2026-08-20,JYOTIRES,JYOTI RESINS & ADHESIVE L,877.7,877.7,840.05,849.9,864.55,36308
2026-08-20,JYOTISTRUC,JYOTI STRUCTURES LTD,10.78,10.87,10.62,10.69,10.71,2692648
2026-08-20,KJMCFIN,K J M C FINANCIAL SERV L,66.35,66.42,61.9,66.42,55.35,3326
2026-08-20,KMCSHIL,K M C SPECIALITY HOSP I L,138.32,139.79,136.0,136.94,136.95,116875
2026-08-20,KMSUGAR,K M SUGAR MILLS LTD,33.01,36.0,33.01,35.3,32.63,1974656
2026-08-20,KPEL,K.P. ENERGY LIMITED,268.2,271.0,255.15,256.65,268.2,442666
2026-08-20,KABRAEXTRU,KABRA EXTRUSION TECHNIK L,506.1,541.0,506.1,529.1,500.8,491124
2026-08-20,KAJARIACER,KAJARIA CERAMICS LTD,1212.5,1227.4,1208.0,1220.7,1208.9,87721
2026-08-20,KAKATCEM,KAKATIYA CEM SUGAR &IND L,116.89,120.72,113.1,118.82,114.98,12942
2026-08-20,KALPATARU,KALPATARU LIMITED,275.7,290.0,274.3,288.35,273.6,88463
2026-08-20,KPIL,KALPATARU PROJECT INT LTD,1382.5,1404.0,1378.2,1387.6,1376.6,159374
2026-08-20,KALYANKJIL,KALYAN JEWELLERS IND LTD,600.7,605.05,592.65,596.0,595.2,5139528
2026-08-20,KALYANIFRG,KALYANI FORGE LIMITED,686.0,715.0,676.0,691.05,675.55,7390
2026-08-20,KICL,KALYANI INVEST CO LTD,5300.0,5300.0,5228.0,5258.0,5222.5,448
2026-08-20,KSL,KALYANI STEELS LIMITED,884.0,884.0,851.2,856.65,875.55,36688
2026-08-20,KAMAHOLD,KAMA HOLDINGS LTD.,2454.9,2454.9,2419.0,2424.8,2442.7,3319
2026-08-20,KAMANWALA,KAMANWALA HOUSING CONST L,18.59,18.59,16.11,16.68,18.63,56343
2026-08-20,KAMATHOTEL,KAMAT HOTELS (I) LTD,193.0,193.5,187.52,190.83,189.42,73533
2026-08-20,KAMOPAINTS,KAMDHENU VENTURES LIMITED,4.35,5.15,4.25,4.55,4.35,633467
2026-08-20,KANANIIND,KANANI INDUSTRIES LTD,1.5,1.51,1.46,1.48,1.47,80258
2026-08-20,KANCHI,KANCHI KARPOORAM LTD.,379.75,379.75,364.55,372.0,374.6,1610
2026-08-20,KANCOTEA,KANCO TEA & INDS. LTD.,52.95,52.95,50.9,52.78,51.64,2150
2026-08-20,KANPRPLA,KANPUR PLASTIPACK LIMITED,255.6,269.0,242.2,266.18,256.59,77323
2026-08-20,KANSAINER,KANSAI NEROLAC PAINTS LTD,202.37,204.59,200.53,201.51,201.37,151212
2026-08-20,KAPSTON,KAPSTON SERVICES LIMITED,523.4,534.3,522.0,524.8,523.4,28644
2026-08-20,KARMAENG,KARMA ENERGY LIMITED,38.3,39.39,38.3,39.22,38.26,2030
2026-08-20,KTKBANK,KARNATAKA BANK LIMITED,324.75,337.9,320.6,335.05,324.05,6192277
2026-08-20,KARURVYSYA,KARUR VYSYA BANK LTD,331.2,341.95,331.2,334.1,331.05,2334666
2026-08-20,KSCL,KAVERI SEED CO. LTD.,768.0,775.85,766.0,773.4,771.35,102004
2026-08-20,KAVDEFENCE,KAVVERI DFS & WIR TEC LTD,57.1,58.86,56.21,57.22,57.07,69338
2026-08-20,KAYA,KAYA LIMITED,339.95,385.0,336.55,374.1,338.45,245362
2026-08-20,KAYNES,KAYNES TECHNOLOGY IND LTD,3826.1,3897.0,3800.0,3815.0,3823.3,1015464
2026-08-20,KCP,KCP LTD,151.0,167.35,150.6,165.08,151.39,1075019
2026-08-20,KDDL,KDDL LIMITED,3950.1,4000.0,3910.0,3942.7,3950.1,17812
2026-08-20,KEC,KEC INTL. LIMITED,425.0,435.95,418.0,424.1,423.5,1571646
2026-08-20,KEI,KEI INDUSTRIES LTD.,5720.0,5779.0,5643.5,5675.0,5681.1,316302
2026-08-20,KELLTONTEC,KELLTON TECH SOL LTD,13.4,13.76,13.4,13.6,13.34,1145893
2026-08-20,KENNAMET,KENNAMETAL INDIA LIMITED,3634.2,3749.8,3617.0,3719.6,3616.1,75652
2026-08-20,KERNEX,KERNEX MICROSYS(I) LTD,1890.0,1895.4,1830.0,1837.0,1875.0,276618
2026-08-20,KKCL,KEWAL KIRAN CLOTHING LTD,520.25,524.0,516.55,518.6,517.95,17949
2026-08-20,KEYFINSERV,KEYNOTE FIN SERV LTD.,260.0,274.95,252.0,261.1,254.1,1197
2026-08-20,RUSTOMJEE,KEYSTONE REALTORS LIMITED,373.95,373.95,370.0,370.95,369.85,12576
2026-08-20,KFINTECH,KFIN TECHNOLOGIES LIMITED,963.0,973.7,936.8,961.0,948.0,2182939
2026-08-20,KHAITANLTD,KHAITAN (INDIA)LTD.,144.6,149.9,144.6,146.94,148.8,1849
2026-08-20,KHAICHEM,KHAITAN CHEM & FERT LTD,57.7,58.5,55.6,56.65,57.65,163630
2026-08-20,KHANDSE,KHANDWALA SECURITIES LTD,17.03,17.96,16.5,16.63,17.18,6933
2026-08-20,KLBRENG-B,KILBURN ENGINEERING LTD.,365.0,366.95,354.05,357.65,363.5,175275
2026-08-20,KINGFA,KINGFA SCI & TEC IND LTD.,5859.5,5924.5,5704.5,5857.5,5780.0,19945
2026-08-20,KIOCL,KIOCL LIMITED,379.1,395.6,379.1,385.4,377.5,161795
2026-08-20,KIRANVYPAR,KIRAN VYAPAR LTD.,201.5,203.0,195.5,202.52,201.99,1844
2026-08-20,KIRIINDUS,KIRI INDUSTRIES LIMITED,435.0,479.95,434.0,461.3,431.3,5952449
2026-08-20,KIRLOSBROS,KIRLOSKAR BROTHERS LTD,1954.3,1978.0,1915.0,1918.2,1951.4,34360
2026-08-20,KECL,KIRLOSKAR ELECTRIC CO LTD,132.7,134.08,129.12,130.69,131.63,156586
2026-08-20,KIRLFER,KIRLOSKAR FERROUS IND LTD,431.0,445.45,428.3,444.05,430.15,85355
2026-08-20,KIRLOSIND,KIRLOSKAR INDUSTRIES LTD,3747.1,3768.1,3701.4,3714.1,3729.7,4073
2026-08-20,KIRLOSENG,KIRLOSKAR OIL ENG LTD,2094.0,2177.0,2080.3,2150.1,2079.9,429267
2026-08-20,KIRLPNU,KIRLOSKAR PNEUMATIC COM L,737.1,748.4,722.5,739.8,736.7,317105
2026-08-20,KITEX,KITEX GARMENTS LTD,124.5,127.58,123.15,124.73,124.28,688856
2026-08-20,KNAGRI,KN AGRI RESOURCES LIMITED,215.0,221.4,206.6,212.61,214.88,21572
2026-08-20,KNACK,KNACK PACKAGING LIMITED,201.0,210.94,199.0,209.17,199.6,1733969
2026-08-20,KMEW,KNOWLEDGE MARINE & EN W L,2765.0,2765.0,2677.0,2691.8,2748.4,53170
2026-08-20,KNRCON,KNR CONSTRU LTD.,127.95,129.09,126.5,127.14,127.37,1147370
2026-08-20,KOHINOOR,KOHINOOR FOODS LIMITED,32.1,35.75,30.95,34.81,31.27,1740167
2026-08-20,KOKUYOCMLN,KOKUYO CAMLIN LIMITED,80.69,81.48,79.4,79.8,80.24,83699
2026-08-20,KOLTEPATIL,KOLTE PATIL DEV. LTD.,462.9,499.95,462.9,465.9,456.7,752542
2026-08-20,GOLD1,KOTAK GOLD ETF,128.91,131.99,128.7,130.38,127.05,2805228
2026-08-20,KOTAKBANK,KOTAK MAHINDRA BANK LTD,393.6,399.55,393.15,397.35,390.25,9258923
2026-08-20,NIFTY1,KOTAK NIFTY ETF,269.0,270.2,268.26,269.27,267.5,427473
2026-08-20,PSUBANK,KOTAK PSU BANK,86.66,86.99,85.88,86.02,86.23,49609
2026-08-20,CHEMICAL,KOTAKMAMC - CHEMICAL,30.64,30.77,30.26,30.4,30.48,176680
2026-08-20,ALPHA,KOTAKMAMC - KOTAKALPHA,53.6,54.07,53.6,53.84,53.48,780031
2026-08-20,CONS,KOTAKMAMC - KOTAKCONS,12.43,12.48,12.38,12.45,12.37,9986
2026-08-20,IT,KOTAKMAMC - KOTAKIT,34.24,34.39,33.91,34.0,33.67,318543
2026-08-20,LIQUID1,KOTAKMAMC - KOTAKLIQ,1120.55,1121.99,1118.82,1118.97,1118.81,670389
2026-08-20,LOWVOL1,KOTAKMAMC - KOTAKLOVOL,21.4,21.43,21.25,21.31,21.3,1458491
2026-08-20,MIDCAP,KOTAKMAMC - KOTAKMID50,18.93,18.94,18.68,18.76,18.58,293476
2026-08-20,MNC,KOTAKMAMC - KOTAKMNC,34.39,34.39,34.19,34.37,34.09,53788
2026-08-20,SILVER1,KOTAKMAMC - KOTAKSILVE,22.6,23.4,22.6,22.85,21.99,10844593
2026-08-20,NV20,KOTAKMAMC - KTKNV20ETF,14.02,14.02,13.87,13.89,13.9,21358
2026-08-20,MID150,KOTAKMAMC - MID150,23.9,23.9,23.66,23.73,23.7,25358
2026-08-20,MOMENTUM30,KOTAKMAMC - MOMENTUM30,30.94,31.0,30.7,30.88,30.79,365736
2026-08-20,MSCIINDIA,KOTAKMAMC - MSCIINDIA,30.24,30.24,30.08,30.13,29.98,15012
2026-08-20,NEXT50ETF,KOTAKMAMC - NEXT50ETF,74.75,75.07,74.32,74.84,74.6,7788
2026-08-20,NIFTY100EW,KOTAKMAMC - NIFTY100EW,35.58,35.58,35.44,35.55,35.4,66588
2026-08-20,PVTBANK,KOTAKMAMC - PVTBANK,27.5,27.63,27.49,27.49,27.28,4244
2026-08-20,QUALITY30,KOTAKMAMC - QUALITY30,21.04,21.13,20.94,21.06,20.84,2844
2026-08-20,BANKNIFTY1,KOTAKMAMC-KOTAKBKETF,60.0,60.0,59.63,59.78,59.44,208605
2026-08-20,KOTIC,KOTHARI INDUSTRIAL CORP L,141.9,147.43,141.9,144.5,144.8,1412
2026-08-20,KOTHARIPET,KOTHARI PETROCHEM LTD,135.61,135.61,132.12,134.3,133.39,41114
2026-08-20,KOTHARIPRO,KOTHARI PRODUCTS LTD,69.85,69.85,67.22,67.78,68.13,4348
2026-08-20,KOTARISUG,KOTHARI SUG & CHEM LTD.,27.88,31.4,27.68,30.25,27.22,1120926
2026-08-20,KOVAI,KOVAI MEDICAL CENTER & HO,6020.5,6086.5,5968.0,6066.5,5999.5,3630
2026-08-20,KPIGREEN,KPI GREEN ENERGY LIMITED,309.2,314.55,306.0,307.05,308.35,1086522
2026-08-20,KPITTECH,KPIT TECHNOLOGIES LIMITED,595.0,601.25,590.05,592.9,589.1,641737
2026-08-20,KPRMILL,KPR MILL LTD.,1132.8,1160.0,1126.1,1153.2,1126.2,245826
2026-08-20,KRBL,KRBL LIMITED,401.0,405.1,392.0,397.25,399.6,591855
2026-08-20,KREBSBIO,KREBS BIOCHEMICALS & IND,54.51,55.8,53.0,55.2,54.13,4422
2026-08-20,KRISHANA,KRISHANA PHOSCHEM LIMITED,194.9,199.99,193.8,196.52,194.3,874324
2026-08-20,KRISHIVAL,KRISHIVAL FOODS LIMITED,368.2,398.7,368.2,393.55,366.25,110332
2026-08-20,KRISHNADEF,KRISHNA DEF AND ALD IND L,1083.9,1094.9,1026.0,1037.9,1077.8,152475
2026-08-20,KIMS,KRISHNA INST OF MED SCI L,800.5,800.5,787.0,790.0,788.65,225534
2026-08-20,KRITI,KRITI INDUSTRIES IND LTD,66.5,67.0,63.65,65.74,66.43,9991
2026-08-20,KRITINUT,KRITI NUTRIENTS LIMITED,85.95,85.95,82.0,83.92,84.27,22369
2026-08-20,KRITIKA,KRITIKA WIRES LIMITED,5.56,5.71,5.56,5.62,5.62,54271
2026-08-20,KRN,KRN HEAT EXCHANGE N REF L,1544.0,1546.0,1511.0,1518.3,1501.2,128046
2026-08-20,KRONOX,KRONOX LAB SCIENCES LTD,155.01,186.19,155.01,186.19,155.16,5889347
2026-08-20,KROSS,KROSS LIMITED,199.25,214.89,199.25,210.36,198.27,773961
2026-08-20,KRSNAA,KRSNAA DIAGNOSTICS LTD,535.0,551.5,535.0,550.0,536.0,43673
2026-08-20,KRYSTAL,KRYSTAL INTEGRATED SER L,635.0,689.0,620.7,681.35,629.45,688365
2026-08-20,KSB,KSB LIMITED,807.1,813.85,789.9,802.5,807.1,125490
2026-08-20,KSE,KSE LTD.,198.5,198.5,193.21,196.8,197.69,119471
2026-08-20,KSHINTL,KSH INTERNATIONAL LIMITED,1019.0,1027.8,1002.15,1011.3,1006.05,137591
2026-08-20,KSHITIJPOL,KSHITIJ POLYLINE LIMITED,2.93,2.93,2.8,2.85,2.89,503444
2026-08-20,KSOLVES,KSOLVES INDIA LIMITED,272.65,278.95,266.9,270.4,272.65,46156
2026-08-20,KSR,KSR FOOTWEAR LIMITED,28.51,30.0,27.0,27.42,28.84,77843
2026-08-20,KUANTUM,KUANTUM PAPERS LIMITED,76.25,77.5,74.21,74.99,78.7,345202
2026-08-20,KUSUMGAR,KUSUMGAR LIMITED,569.9,577.5,556.05,572.5,566.35,520667
2026-08-20,KPL,KWALITY PHARMACEUTICALS L,3490.0,3708.9,3474.7,3630.3,3452.4,71712
2026-08-20,KWIL,KWALITY WALL'S (INDIA) L,38.0,44.3,37.75,43.47,37.71,101299688
2026-08-20,LKPSEC,L K P SECURITIES LTD.,16.26,17.2,16.24,17.2,16.25,7740
2026-08-20,LTF,L&T FINANCE LIMITED,317.05,320.0,313.7,314.75,315.4,3115446
2026-08-20,LTTS,L&T TECHNOLOGY SER. LTD.,3594.6,3663.9,3570.0,3579.1,3540.9,157113
2026-08-20,LAOPALA,LA OPALA RG LIMITED,182.05,182.05,176.5,178.35,187.24,396333
2026-08-20,LADDERUP,LADDERUP FINANCE LTD.,49.5,49.5,49.0,49.25,49.69,487
2026-08-20,LAGNAM,LAGNAM SPINTEX LIMITED,78.31,78.31,76.5,77.15,77.93,9602
2026-08-20,LAHOTIOV,LAHOTI OVERSEAS LTD.,42.05,42.99,39.31,40.81,41.16,16047
2026-08-20,LFIC,LAKSHMI FIN IND CORP LTD,140.8,145.0,137.0,138.24,140.18,1084
2026-08-20,LAKSHMIMIL,LAKSHMI MILLS CO. LTD.,8200.0,8500.0,8200.0,8300.0,8059.0,49
2026-08-20,LAMBODHARA,LAMBODHARA TEXTILES LTD.,108.35,111.98,106.14,107.63,110.18,14217
2026-08-20,LANCER,LANCER CONTAINER LINES L,10.55,10.7,10.1,10.38,10.4,370610
2026-08-20,LANCORHOL,LANCOR HOLDINGS LIMITED,27.76,29.3,27.21,28.91,27.22,303280
2026-08-20,LANDMARK,LANDMARK CARS LIMITED,512.15,519.2,503.0,509.2,510.25,109831
2026-08-20,LPDC,LANDMARK PR.DEV.CO.LTD,7.01,7.6,7.01,7.17,7.26,28251
2026-08-20,LANDSMILL,LANDSMILL GREEN LIMITED,0.75,0.76,0.74,0.74,0.75,2915296
2026-08-20,LT,LARSEN & TOUBRO LTD.,4050.5,4084.9,4048.3,4081.0,4041.3,1056060
2026-08-20,LASA,LASA SUPERGENERICS LTD,7.23,7.33,6.42,6.99,7.09,87284
2026-08-20,LASERPOWER,LASER POWER & INFRA LTD,324.9,335.4,321.3,328.4,322.5,1655795
2026-08-20,LATENTVIEW,LATENT VIEW ANALYTICS LTD,277.3,285.5,277.3,281.75,276.5,452578
2026-08-20,LATTEYS,LATTEYS INDUSTRIES LTD,22.84,23.5,22.51,22.8,22.84,91269
2026-08-20,LAURUSLABS,LAURUS LABS LIMITED,1819.0,1832.0,1813.8,1825.0,1801.8,1315065
2026-08-20,LAXMICOT,LAXMI COTSPIN LIMITED,15.26,15.29,13.91,13.96,14.89,64570
2026-08-20,LAXMIDENTL,LAXMI DENTAL LIMITED,197.99,202.43,195.57,198.18,195.77,119295
2026-08-20,LGHL,LAXMI GOLDORNA HOUSE LTD,175.0,180.0,171.9,174.15,173.69,4537
2026-08-20,LAXMIINDIA,LAXMI INDIA FINANCE LTD,132.5,136.62,131.0,132.9,130.89,230885
2026-08-20,LXCHEM,LAXMI ORGANIC INDUS LTD,175.09,177.5,174.0,174.51,174.31,394248
2026-08-20,LCCINFOTEC,LCC INFOTECH LTD,3.75,4.12,3.5,3.67,3.75,87884
2026-08-20,LEMERITE,LE MERITE EXPORTS LIMITED,23.77,23.77,23.32,23.45,23.54,287461
2026-08-20,IXIGO,LE TRAVENUES TECHNOLOGY L,170.5,172.59,168.11,170.45,168.79,1166478
2026-08-20,LEAPIND,LEAP INDIA LIMITED,162.78,169.8,162.5,166.66,159.69,18931621
2026-08-20,LEENEE,LEE & NEE SOFTWARES (E) L,8.73,8.73,7.95,8.36,7.77,44101
2026-08-20,THELEELA,LEELA PALACES HOTEL LTD,540.35,544.35,528.15,539.7,532.8,1415946
2026-08-20,LEMONTREE,LEMON TREE HOTELS LTD,108.7,109.1,107.58,107.96,108.08,3172639
2026-08-20,LENSKART,LENSKART SOLUTIONS LTD,646.7,657.9,638.85,654.8,639.6,6214546
2026-08-20,LEXUS,LEXUS GRANITO (INDIA) LTD,14.57,14.57,13.78,13.88,14.13,6267
2026-08-20,LGBBROSLTD,LG BALAKRISHNAN & BROS,1603.0,1609.0,1585.0,1599.6,1603.0,20738
2026-08-20,LGEINDIA,LG ELECTRONICS INDIA LTD,1660.0,1687.3,1628.0,1632.8,1645.1,590189
2026-08-20,LIBAS,LIBAS CONSU PRODUCTS LTD,9.94,9.94,9.63,9.83,9.68,23562
2026-08-20,LIBERTSHOE,LIBERTY SHOES LTD,243.95,245.8,240.1,241.1,244.25,18238
2026-08-20,LICHSGFIN,LIC HOUSING FINANCE LTD,500.0,511.45,498.2,508.05,497.0,2938868
2026-08-20,LICMFGOLD,LIC MF - LIC GOLD ETF,140.25,140.75,138.05,139.6,136.8,420995
2026-08-20,LICNETFN50,LICNAMC - LICNFENGP,272.6,272.64,271.26,271.82,271.0,747
2026-08-20,LICNFNHGP,LICNAMC - LICNFNHGP,277.38,280.05,277.38,280.05,276.87,320
2026-08-20,LICNETFGSC,LICNAMC - LICNMFET,30.53,30.53,29.41,29.56,29.79,31178
2026-08-20,LICNMID100,LICNAMC - LICNMID100,64.03,64.46,63.95,63.99,63.64,3614
2026-08-20,LICI,LIFE INSURA CORP OF INDIA,415.05,424.4,412.95,419.0,413.1,19032512
2026-08-20,LIKHITHA,LIKHITHA INFRASTRUC LTD,210.0,215.95,205.0,213.08,207.48,40046
2026-08-20,LINC,LINC LIMITED,97.1,97.86,94.5,95.04,96.33,16342
2026-08-20,LINCOLN,LINCOLN PHARMA LTD,612.55,625.0,612.55,622.6,609.5,18263
2026-08-20,LINDEINDIA,LINDE INDIA LIMITED,6780.0,6782.5,6679.5,6695.0,6702.5,8643
2026-08-20,LLOYDSENGG,LLOYDS ENGG WORK LIMITED,93.55,93.7,91.62,92.25,92.9,4581955
2026-08-20,LLOYDSENT,LLOYDS ENTERPRISES LTD,78.99,79.98,77.92,78.55,78.57,3763919
2026-08-20,LLOYDSME,LLOYDS METALS N ENERGY L,1928.0,1931.0,1885.1,1891.4,1919.0,298075
2026-08-20,LMW,LMW LIMITED,19650.0,19800.0,19363.0,19570.0,19665.0,3197
2026-08-20,LODHA,LODHA DEVELOPERS LIMITED,1220.0,1246.5,1215.5,1240.0,1210.0,952802
2026-08-20,LCL,LOHIA CORP LIMITED,552.0,576.95,536.3,539.85,561.3,1614885
2026-08-20,LORDSCHLO,LORDS CHLORO ALKALI LTD,133.1,137.4,132.4,134.22,133.04,8204
2026-08-20,LAL,LORENZINI APPARELS LTD,8.6,8.74,8.52,8.52,8.58,13351
2026-08-20,LOTUSCHO,LOTUS CHOCOLATE CO. LTD.,623.0,623.0,612.0,615.0,623.25,2405
2026-08-20,LOTUSEYE,LOTUS EYE HOSP & INST L,117.82,119.0,115.25,117.11,115.51,15842
2026-08-20,LOVABLE,LOVABLE LINGERIE LTD,70.76,72.15,70.66,70.94,70.76,4778
2026-08-20,LOYALTEX,LOYAL TEXTILE MILLS LTD,231.98,231.98,201.08,211.05,215.62,992
2026-08-20,LTFOODS,LT FOODS LIMITED,432.6,437.0,423.5,431.0,429.5,440235
2026-08-20,LTM,LTM LIMITED,4600.0,4657.0,4517.0,4553.0,4564.4,767531
2026-08-20,LUMAXTECH,LUMAX AUTO TECH LTD,2008.0,2053.0,1996.3,2043.7,1987.1,143581
2026-08-20,LUMAXIND,LUMAX INDUSTRIES LTD,5629.0,5877.0,5629.0,5808.0,5629.0,21992
2026-08-20,LUPIN,LUPIN LIMITED,2228.3,2237.7,2201.5,2201.5,2225.0,531963
2026-08-20,LUXIND,LUX INDUSTRIES LIMITED,1225.0,1237.0,1196.1,1201.0,1217.4,16766
2026-08-20,MBEL,M AND B ENGINEERING LTD,281.95,283.5,275.3,278.1,278.5,76415
2026-08-20,MKEXIM,M K EXIM (INDIA) LTD.,59.89,62.9,55.61,56.69,56.13,19022
2026-08-20,MKPL,M K PROTEINS LIMITED,4.2,4.25,4.11,4.14,4.16,31026
2026-08-20,MCL,M TEK COPPER LIMITED,58.41,59.49,58.0,58.46,58.36,68331
2026-08-20,M&MFIN,M&M FIN. SERVICES LTD,392.0,397.5,379.55,382.45,389.6,2120381
2026-08-20,MAANALU,MAAN ALUMINIUM LIMITED,121.0,121.0,118.0,118.52,118.85,39814
2026-08-20,MCCHRLS-B,MAC CHARLES (INDIA) LTD.,675.0,675.0,660.0,675.0,679.55,68
2026-08-20,MACPOWER,MACPOWER CNC MACHINES LTD,1979.8,1979.8,1912.2,1945.9,1943.2,45193
2026-08-20,MADHAVIPL,MADHAV INFRA PROJECTS L,7.03,7.31,7.0,7.24,7.02,106876
2026-08-20,MADHAV,MADHAV MARBLE & GRANITE,35.35,36.9,35.05,35.51,35.38,3330
2026-08-20,MBAPL,MADHYA BHARAT AGRO P. LTD,163.36,166.8,162.14,163.41,163.63,307438
2026-08-20,MADRASFERT,MADRAS FERTILISERS LTD,65.0,66.44,64.8,65.04,65.36,34217
2026-08-20,MAFATIND,MAFATLAL INDUSTRIES LTD.,123.06,125.0,122.6,124.61,122.4,23254
2026-08-20,MAGADSUGAR,MAGADH SUGAR & ENERGY LTD,594.9,632.0,583.25,620.6,580.55,275973
2026-08-20,MCLOUD,MAGELLANIC CLOUD LIMITED,29.89,30.34,29.23,29.57,29.72,2470919
2026-08-20,MAGNUM,MAGNUM VENTURES LTD.,18.8,19.64,18.8,19.25,19.26,13465
2026-08-20,MAHAPEXLTD,MAHA RASHTRA APEX COPR. L,57.75,59.48,56.25,58.59,57.08,59030
2026-08-20,MFML,MAHALAXMI FABRIC MILLS LT,18.56,19.9,18.2,19.66,18.55,10167
2026-08-20,MGL,MAHANAGAR GAS LTD.,1140.0,1153.7,1130.0,1137.8,1128.0,230805
2026-08-20,MTNL,MAHANAGAR TELEPHONE NIGAM,26.85,27.06,26.7,26.79,26.71,392398
2026-08-20,MAHSCOOTER,MAHARASHTRA SCOOTERS LTD,13347.0,13404.0,13044.0,13138.0,13347.0,2806
2026-08-20,MAHSEAMLES,MAHARASHTRA SEAMLESS LTD,617.2,618.6,608.2,610.6,613.9,187917
2026-08-20,M&M,MAHINDRA & MAHINDRA LTD,3424.0,3456.4,3401.0,3424.8,3415.0,1279093
2026-08-20,MAHEPC,MAHINDRA EPC IRRIG LTD,109.19,109.19,107.02,107.75,107.4,14687
2026-08-20,MHRIL,MAHINDRA HOLIDAYS LTD,220.0,223.08,212.65,221.05,219.48,60451
2026-08-20,MAHLIFE,MAHINDRA LIFESPACE DEVLTD,373.7,380.85,372.2,377.2,373.7,56452
2026-08-20,MAHLOG,MAHINDRA LOGISTIC LIMITED,405.0,409.9,402.0,406.65,406.25,93516
2026-08-20,MAITHANALL,MAITHAN ALLOYS LTD,994.0,994.2,975.0,978.0,989.25,18187
2026-08-20,MAKERSL,MAKERS LABORATORIES LTD.,168.72,183.99,168.72,173.78,168.72,6660
2026-08-20,MALLCOM,MALLCOM (INDIA) LIMITED,964.3,980.9,962.25,975.25,964.65,1831
2026-08-20,MALUPAPER,MALU PAPER MILLS LIMITED,31.0,32.0,30.83,31.11,30.82,6683
2026-08-20,MAMATA,MAMATA MACHINERY LIMITED,403.95,410.0,403.0,405.5,401.45,28082
2026-08-20,MANAKCOAT,MAN COAT METAL & IND LTD,126.5,129.0,123.31,126.91,124.74,406006
2026-08-20,MANINDS,MAN INDUSTRIES (I) LTD.,646.0,699.0,643.0,676.9,643.05,1829823
2026-08-20,MANINFRA,MAN INFRA LTD,110.59,111.11,108.51,110.29,109.99,1279267
2026-08-20,MANAKALUCO,MANAK ALUMINIUM CO. LTD.,38.2,38.8,37.0,37.19,37.72,51147
2026-08-20,MANAKSIA,MANAKSIA LTD.,59.49,59.5,58.21,58.7,58.72,12630
2026-08-20,MANAKSTEEL,MANAKSIA STEELS LTD,87.8,87.8,85.01,85.16,85.55,24353
2026-08-20,MANALIPETC,MANALI PETROCHEMICALS LT,74.18,78.5,72.92,77.73,72.8,4389603
2026-08-20,MANAPPURAM,MANAPPURAM FINANCE LTD,346.05,351.6,345.0,349.25,340.0,8327416
2026-08-20,MANBA,MANBA FINANCE LIMITED,129.22,132.91,129.0,130.52,129.86,65202
2026-08-20,MANBRO,MANBRO INDUSTRIES LTD.,58.4,59.9,56.21,59.37,58.41,174240
2026-08-20,MANCREDIT,MANGAL CREDIT N FINCORP L,228.62,232.5,222.09,224.55,222.03,201867
2026-08-20,MEIL,MANGAL ELECTRICAL IND L,271.75,272.15,262.5,263.1,266.4,29223
2026-08-20,MANGLMCEM,MANGALAM CEMENT LTD,903.7,1018.9,903.7,981.85,894.8,2731231
2026-08-20,MANGALAM,MANGALAM DRUG & CHEM LTD,27.69,27.97,26.65,26.95,26.94,17065
2026-08-20,MANORG,MANGALAM ORGANICS LIMITED,444.9,462.0,444.65,460.35,440.35,5384
2026-08-20,MSL,MANGALAM SEEDS LTD.,144.0,144.0,144.0,144.0,144.9,1
2026-08-20,MWL,MANGALAM WORLDWIDE LTD,42.0,42.0,41.01,41.17,41.25,73479
2026-08-20,MANIPALHOS,MANIPAL HEALTH ENTERPRI L,754.0,757.7,719.0,724.35,744.8,1425175
2026-08-20,MANKIND,MANKIND PHARMA LIMITED,2413.0,2413.0,2373.4,2385.0,2394.0,307625
2026-08-20,MVGJL,MANOJ VAIBHAV GEM N JEW L,148.25,151.06,146.15,146.84,148.21,60047
2026-08-20,MANOMAY,MANOMAY TEX INDIA LTD,218.27,218.3,207.02,211.44,214.11,109296
2026-08-20,MANORAMA,MANORAMA INDUSTRIES LTD,1935.0,1974.9,1911.1,1958.7,1935.0,433399
2026-08-20,MARALOVER,MARAL OVERSEAS LTD,53.27,56.8,52.21,55.37,52.02,71644
2026-08-20,MARATHON,MARATHON NXTGEN REALT LTD,359.65,365.0,352.1,354.6,359.3,90486
2026-08-20,MARICO,MARICO LIMITED,859.0,861.0,849.8,858.35,850.0,970867
2026-08-20,MARINE,MARINE ELECTRICAL (I) LTD,376.45,395.0,370.5,373.25,371.45,1145153
2026-08-20,MARKOLINES,MARKOLINES PAVEMENT TEC L,172.85,174.75,170.9,171.93,172.85,74698
2026-08-20,MARKSANS,MARKSANS PHARMA LIMITED,328.5,328.55,318.5,320.85,327.0,1960211
2026-08-20,MARSONS,MARSONS LIMITED,109.3,113.4,107.55,112.15,108.37,5140606
2026-08-20,MARUTI,MARUTI SUZUKI INDIA LTD.,13758.0,13826.0,13681.0,13809.0,13690.0,186272
2026-08-20,MASFIN,MAS FINANCIAL SERV LTD,300.0,301.95,299.9,300.25,300.45,105580
2026-08-20,MASKINVEST,MASK INVESTMENTS LIMITED,146.66,146.66,146.66,146.66,146.66,2
2026-08-20,MASTEK,MASTEK LTD,1726.9,1760.5,1690.0,1693.5,1716.8,102319
2026-08-20,MASTERTR,MASTER TRUST LIMITED,79.4,79.45,77.37,78.0,78.92,149956
2026-08-20,MATRIMONY,MATRIMONY.COM LIMITED,553.25,561.95,551.35,558.2,552.35,32581
2026-08-20,MAWANASUG,MAWANA SUGARS LIMITED,130.99,143.15,129.3,140.1,128.72,1919177
2026-08-20,MAXESTATES,MAX ESTATES LIMITED,504.95,505.0,491.1,499.85,490.15,199846
2026-08-20,MFSL,MAX FINANCIAL SERV LTD,1550.1,1585.3,1550.1,1575.0,1546.1,434782
2026-08-20,MAXHEALTH,MAX HEALTHCARE INS LTD,998.0,1001.8,987.7,997.9,997.0,1658842
2026-08-20,MAXIND,MAX INDIA LIMITED,150.99,152.44,149.0,152.11,148.46,115269
2026-08-20,MAYURUNIQ,MAYUR UNIQUOTERS LTD,761.95,801.65,760.0,776.05,758.15,183467
2026-08-20,MAZDOCK,MAZAGON DOCK SHIPBUIL LTD,2567.5,2583.2,2552.0,2570.0,2563.8,467904
2026-08-20,MBLINFRA,MBL INFRASTRUCTURE LTD,24.5,24.81,24.01,24.01,24.28,24289
2026-08-20,MCLEODRUSS,MCLEOD RUSSEL INDIA LTD.,49.95,49.95,47.1,49.95,47.58,657587
2026-08-20,MEDIASSIST,MEDI ASSIST HEALTH SER L,351.5,359.95,348.55,355.9,349.8,166900
2026-08-20,MEDICAPQ,MEDI CAPS LTD.,25.4,27.49,23.75,25.28,23.56,7427
2026-08-20,MMWL,MEDIA MATRIX WORLDWIDE L,14.44,14.69,14.0,14.05,14.37,21062
2026-08-20,MEDICAMEQ,MEDICAMEN BIOTECH LIMITED,229.87,244.4,227.61,243.75,228.73,49191
2026-08-20,MEDICO,MEDICO REMEDIES LIMITED,43.21,43.21,41.55,42.07,42.67,99564
2026-08-20,MEDPLUS,MEDPLUS HEALTH SERV LTD,650.0,663.0,648.0,656.3,649.3,1206024
2026-08-20,MEESHO,MEESHO LIMITED,197.07,210.0,195.58,209.51,196.88,34035188
2026-08-20,MEGASTAR,MEGASTAR FOODS LIMITED,300.0,316.8,300.0,312.4,308.45,2912
2026-08-20,MOL,MEGHMANI ORGANICS LIMITED,62.14,62.85,61.26,61.43,61.87,785132
2026-08-20,MIIL,MEGHNA INFRACON INFRA L,709.2,713.95,687.4,704.95,701.05,59632
2026-08-20,MENNPIS,MENON PISTONS LTD.,71.97,72.8,71.41,71.73,71.61,52070
2026-08-20,MERCANTILE,MERCANTILE VENTURES LTD.,24.5,24.73,24.0,24.49,24.37,890
2026-08-20,MERCURYEV,MERCURY EV-TECH LIMITED,37.99,41.39,37.61,39.47,37.63,638614
2026-08-20,METROBRAND,METRO BRANDS LIMITED,925.0,932.3,912.0,914.3,924.7,15690
2026-08-20,METROGLOBL,METROGLOBAL LTD.,141.0,147.0,138.4,145.41,142.27,2368
2026-08-20,METROPOLIS,METROPOLIS HEALTHCARE LTD,554.9,554.9,536.6,540.8,555.0,597186
2026-08-20,MIDWESTLTD,MIDWEST LIMITED,1162.1,1165.9,1140.0,1154.0,1150.0,17776
2026-08-20,MLKFOOD,MILKFOOD LTD.,78.1,91.9,78.1,87.01,80.1,22749
2026-08-20,MILKYMIST,MILKY MIST DAIRY FOOD L,207.8,211.8,181.5,184.89,199.65,56542171
2026-08-20,MINALIND,MINAL INDUSTRIES LTD.,2.24,2.65,2.23,2.65,2.21,312753
2026-08-20,MINDACORP,MINDA CORPORATION LTD,742.5,756.6,740.0,743.3,738.9,554064
2026-08-20,MINDTECK,MINDTECK (INDIA) LIMITED,173.09,176.98,172.0,174.14,171.82,21560
2026-08-20,ALPHAETF,MIRAEAMC - ALPHAETF,25.78,26.74,25.78,26.57,26.45,773262
2026-08-20,BANKETF,MIRAEAMC - BANKETF,586.72,589.0,585.75,586.64,583.92,14357
2026-08-20,BANKPSU,MIRAEAMC - BANKPSU,87.19,87.51,86.86,86.86,86.76,14336
2026-08-20,CONSUMER,MIRAEAMC - CONSUMER,12.29,12.35,12.26,12.31,12.21,347721
2026-08-20,DEFENCE,MIRAEAMC - DEFENCE,84.02,84.02,82.1,82.31,82.37,326101
2026-08-20,DIVIDEND,MIRAEAMC - DIVIDEND,35.69,35.75,35.61,35.68,35.53,2004
2026-08-20,ENERGY,MIRAEAMC - ENERGY,38.42,38.56,38.18,38.35,38.32,463853
2026-08-20,EQUAL200,MIRAEAMC - EQUAL200,13.71,14.04,13.71,13.99,13.91,17015
2026-08-20,EQUAL50,MIRAEAMC - EQUAL50,333.86,335.25,333.84,333.96,332.71,670
2026-08-20,EVINDIA,MIRAEAMC - EVINDIA,34.23,34.23,33.88,33.91,33.89,128752
2026-08-20,HEALTHCARE,MIRAEAMC - HEALTHCARE,21.58,21.58,21.49,21.51,21.47,15262
2026-08-20,HYBRIDETF,MIRAEAMC - HYBRIDETF,10.13,10.13,10.07,10.11,10.06,5253
2026-08-20,INFRA,MIRAEAMC - INFRA,12.2,12.2,12.13,12.16,12.11,24065
2026-08-20,INTERNET,MIRAEAMC - INTERNET,14.15,14.55,14.15,14.51,14.32,114609
2026-08-20,ITETF,MIRAEAMC - ITETF,32.69,32.8,32.48,32.52,32.18,185760
2026-08-20,LARGEMID50,MIRAEAMC - LARGEMID50,36.88,38.0,36.82,36.9,36.7,1363
2026-08-20,LIQUID,MIRAEAMC - LIQUID,999.99,1000.0,999.99,999.99,999.99,23902
2026-08-20,LIQUIDPLUS,MIRAEAMC - LIQUIDPLUS,1099.63,1099.82,1099.63,1099.63,1099.49,1035486
2026-08-20,ESG,MIRAEAMC - MAESGETF,41.78,41.84,41.69,41.8,41.53,25425
2026-08-20,MAFANG,MIRAEAMC - MAFANG,205.4,205.4,205.4,205.4,207.48,51808
2026-08-20,BFSI,MIRAEAMC - MAFSETF,27.07,27.35,27.07,27.24,27.08,397612
2026-08-20,GOLDETF,MIRAEAMC - MAGOLDETF,148.01,152.0,148.01,151.29,148.06,2355890
2026-08-20,GSEC10YEAR,MIRAEAMC - MAGS813ETF,30.64,30.69,30.4,30.45,30.64,1266
2026-08-20,MAHKTECH,MIRAEAMC - MAHKTECH,23.32,23.32,23.11,23.22,23.19,1412491
2026-08-20,MIDCAPETF,MIRAEAMC - MAM150ETF,23.86,24.15,23.86,23.95,23.81,1934001
2026-08-20,MAKEINDIA,MIRAEAMC - MAMFGETF,168.76,168.76,167.78,167.92,167.71,29781
2026-08-20,NIFTYETF,MIRAEAMC - MAN50ETF,263.19,264.39,263.19,264.01,262.19,355259
2026-08-20,LOWVOL,MIRAEAMC - MANV30F,208.53,208.9,207.43,208.53,207.71,25008
2026-08-20,NEXT50,MIRAEAMC - MANXT50,767.39,768.7,764.76,765.81,762.25,14645
2026-08-20,SILVERAG,MIRAEAMC - MASILVER,226.9,230.5,226.9,229.65,220.56,501135
2026-08-20,MASPTOP50,MIRAEAMC - MASPTOP50,80.28,80.28,80.28,80.28,80.83,60390
2026-08-20,METAL,MIRAEAMC - METAL,13.36,13.36,13.12,13.15,13.13,1532845
2026-08-20,MIDSMALL,MIRAEAMC - MIDSMALL,52.25,52.46,52.06,52.18,51.85,492894
2026-08-20,MOMMIDCAP,MIRAEAMC - MOMMIDCAP,13.06,13.09,13.02,13.03,12.95,992507
2026-08-20,MULTICAP,MIRAEAMC - MULTICAP,16.87,16.93,16.86,16.89,16.76,118559
2026-08-20,SELECTIPO,MIRAEAMC - SELECTIPO,48.4,49.01,48.4,48.8,48.32,14787
2026-08-20,SENSEXETF,MIRAEAMC - SENSEXETF,79.0,80.2,77.92,80.06,79.51,11340
2026-08-20,SMALL250,MIRAEAMC - SMALL250,18.44,18.47,18.37,18.39,18.31,233322
2026-08-20,SMALLCAP,MIRAEAMC - SMALLCAP,48.54,48.9,48.49,48.61,48.54,1198591
2026-08-20,TOP20,MIRAEAMC - TOP20,9.01,9.04,9.0,9.02,8.94,186126
2026-08-20,VALUE,MIRAEAMC - VALUE,16.06,16.15,16.05,16.09,16.05,39031
2026-08-20,MIRZAINT,MIRZA INTERNATIONAL LIMIT,31.0,31.85,31.0,31.07,31.07,114680
2026-08-20,MIDHANI,MISHRA DHATU NIGAM LTD,432.0,432.55,419.25,420.5,428.15,498944
2026-08-20,MITTAL,MITTAL LIFE STYLE LIMITED,0.9,0.91,0.89,0.9,0.89,283970
2026-08-20,MMFL,MM FORGINGS LTD,660.1,669.45,635.0,638.95,657.8,176799
2026-08-20,MMP,MMP INDUSTRIES LIMITED,394.0,413.0,386.65,406.35,391.5,223373
2026-08-20,MMTC,MMTC LIMITED,62.84,67.58,62.75,66.27,62.15,42448877
2026-08-20,MODTHREAD,MODERN THREADS INDIA LTD,52.99,62.1,51.85,53.9,52.28,103279
2026-08-20,MODIRUBBER,MODI RUBBER LTD,117.75,121.95,117.75,120.07,117.75,1489
2026-08-20,MODIS,MODIS NAVNIRMAN LTD,414.0,420.0,399.15,402.7,410.15,54317
2026-08-20,MOHITIND,MOHIT INDUSTRIES LTD,24.45,25.4,22.8,24.5,23.37,40381
2026-08-20,MOHITE,MOHITE INDUSTRIES LTD.,2.49,2.65,2.31,2.52,2.39,57243
2026-08-20,MOIL,MOIL LIMITED,254.5,256.25,252.0,252.75,253.05,806367
2026-08-20,MOKSH,MOKSH ORNAMENTS LIMITED,10.64,10.77,10.15,10.3,10.43,80485
2026-08-20,MOLBIO,MOLBIO DIAGNOSTICS LTD,1046.9,1083.5,1020.05,1036.65,1036.65,2213704
2026-08-20,MOLDTKPAC,MOLD-TEK PACKAGING LTD,672.95,685.0,671.1,682.4,669.85,19033
2026-08-20,MONARCH,MONARCH NETWORTH CAP LTD,386.0,393.3,384.05,391.85,385.15,93355
2026-08-20,MONEYBOXX,MONEYBOXX FINANCE LIMITED,56.0,56.8,54.0,55.0,55.16,20683
2026-08-20,MONTECARLO,MONTE CARLO FASHIONS LTD.,545.5,549.25,540.0,541.5,545.45,50853
2026-08-20,MOREPENLAB,MOREPEN LAB. LTD,88.66,97.5,88.3,96.47,88.42,47564139
2026-08-20,MOSCHIP,MOSCHIP TECHNOLOGIES LTD,207.89,209.15,205.8,206.31,206.24,599323
2026-08-20,MSUMI,MOTHERSON SUMI WRNG IND L,39.73,39.73,38.7,39.18,39.26,10128988
2026-08-20,MOM100,MOTILAL OS MIDCAP100 ETF,68.5,69.13,68.5,68.8,68.39,176107
2026-08-20,MON100,MOTILAL OS NASDAQ100 ETF,330.99,330.99,330.99,330.99,336.38,335996
2026-08-20,MOTILALOFS,MOTILAL OSWAL FIN LTD,946.9,989.55,942.15,973.4,942.1,2367401
2026-08-20,MOM50,MOTILAL OSWAL M50 ETF,251.75,254.99,251.75,254.62,252.25,3924
2026-08-20,MOGSEC,MOTILALAMC - G5,65.7,65.7,65.19,65.2,65.19,3008
2026-08-20,MOALPHA50,MOTILALAMC - MOALPHA50,56.78,56.78,55.05,55.3,55.67,41589
2026-08-20,MOBANK10,MOTILALAMC - MOBANK10,16.75,16.97,16.75,16.95,16.87,625
2026-08-20,MOCAPITAL,MOTILALAMC - MOCAPITAL,53.43,54.57,53.43,54.14,53.43,1202713
2026-08-20,MODEFENCE,MOTILALAMC - MODEFENCE,109.03,109.03,107.25,107.43,107.95,1364950
2026-08-20,MOENERGY,MOTILALAMC - MOENERGY,39.11,39.11,38.05,38.33,38.34,93874
2026-08-20,MOGOLD,MOTILALAMC - MOGOLD,154.05,154.6,153.4,153.85,150.3,64362
2026-08-20,MOHEALTH,MOTILALAMC - MOHEALTH,52.25,52.25,51.25,51.56,51.25,17510
2026-08-20,MOINFRA,MOTILALAMC - MOINFRA,59.41,59.99,58.98,59.25,59.31,3859
2026-08-20,MOIPO,MOTILALAMC - MOIPO,48.82,51.01,48.64,48.97,48.46,31790
2026-08-20,MOLOWVOL,MOTILALAMC - MOLOWVOL,37.21,37.46,36.35,36.87,36.67,11842
2026-08-20,MOMENTUM50,MOTILALAMC - MOMENTUM50,54.36,54.36,53.96,54.07,53.81,153429
2026-08-20,MOMETAL,MOTILALAMC - MOMETAL,13.09,13.16,12.98,13.08,13.02,20157
2026-08-20,MOMGF,MOTILALAMC - MOMGF,165.78,165.78,164.43,165.18,164.96,602
2026-08-20,MOMIDMTM,MOTILALAMC - MOMIDMTM,64.5,65.15,64.18,64.48,64.5,32217
2026-08-20,MOMNC,MOTILALAMC - MOMNC,33.33,33.33,33.11,33.26,33.02,1952
2026-08-20,MOMOMENTUM,MOTILALAMC - MOMOMENTUM,62.98,62.98,62.03,62.27,62.28,55757
2026-08-20,MON50EQUAL,MOTILALAMC - MON50EQUAL,34.21,34.21,33.47,33.64,33.51,7379
2026-08-20,MONEXT50,MOTILALAMC - MONEXT50,74.16,74.45,73.78,74.34,74.16,2531
2026-08-20,MONIFTY100,MOTILALAMC - MONIFTY100,25.5,25.66,25.5,25.61,25.44,2286
2026-08-20,MONIFTY500,MOTILALAMC - MONIFTY500,24.61,24.61,23.76,24.07,24.01,344622
2026-08-20,MONQ50,MOTILALAMC - MONQ50,148.77,148.77,148.77,148.77,151.65,14093
2026-08-20,MOOILGAS,MOTILALAMC - MOOILGAS,11.34,11.34,11.11,11.21,11.12,2525
2026-08-20,MOPSE,MOTILALAMC - MOPSE,99.1,99.59,98.68,99.51,99.38,504
2026-08-20,MOQUALITY,MOTILALAMC - MOQUALITY,203.42,203.91,203.31,203.71,202.92,94
2026-08-20,MOREALTY,MOTILALAMC - MOREALTY,90.0,91.4,89.43,91.19,89.43,664563
2026-08-20,MOSERVICE,MOTILALAMC - MOSERVICE,31.19,31.22,31.07,31.07,30.92,10218
2026-08-20,MOSILVER,MOTILALAMC - MOSILVER,232.2,234.07,232.0,232.43,223.89,72359
2026-08-20,MOSMALL250,MOTILALAMC - MOSMALL250,18.7,18.7,18.32,18.48,18.25,953050
2026-08-20,MOTOUR,MOTILALAMC - MOTOUR,80.1,80.48,79.24,79.59,79.44,25088
2026-08-20,MOVALUE,MOTILALAMC - MOVALUE,113.6,113.6,112.8,112.93,113.04,59791
2026-08-20,MOTISONS,MOTISONS JEWELLERS LTD,16.73,16.84,16.4,16.59,16.62,34860502
2026-08-20,MPDL,MPDL LTD.,34.3,34.32,23.26,34.32,28.6,8795
2026-08-20,MPHASIS,MPHASIS LIMITED,2452.1,2468.7,2415.3,2430.0,2424.5,422908
2026-08-20,MPSLTD,MPS LIMITED,2949.9,2974.0,2884.1,2917.4,2929.6,32852
2026-08-20,MRF,MRF LTD,133660.0,134185.0,133285.0,134000.0,133630.0,2616
2026-08-20,MRPL,MRPL,176.0,177.2,169.34,173.98,176.51,17133882
2026-08-20,BECTORFOOD,MRS BECTORS FOOD SPE LTD,263.32,265.65,255.46,258.02,263.32,1462711
2026-08-20,MSPL,MSP STEEL & POWER LTD.,34.55,34.99,33.75,33.96,34.55,401591
2026-08-20,MSTCLTD,MSTC LIMITED,699.0,716.0,690.0,692.35,703.75,349334
2026-08-20,MUFIN,MUFIN GREEN FINANCE LTD,136.39,140.46,135.11,139.51,135.11,2108839
2026-08-20,MUKANDLTD,MUKAND LTD.,134.6,138.51,133.11,136.96,134.57,84378
2026-08-20,MUKKA,MUKKA PROTEINS LIMITED,26.55,26.7,25.96,26.29,26.38,373767
2026-08-20,MCX,MULTI COMMODITY EXCHANGE,3020.0,3133.2,3006.0,3126.0,2973.0,3923221
2026-08-20,MUNJALAU,MUNJAL AUTO IND. LTD.,115.7,117.99,112.21,115.13,114.85,1295673
2026-08-20,MUNJALSHOW,MUNJAL SHOWA LTD,133.09,133.8,132.35,132.67,132.35,22019
2026-08-20,MURUDCERA,MURUDESHWAR CERAMICS LTD,30.43,31.2,30.12,30.37,30.43,15710
2026-08-20,RADIOCITY,MUSIC BROADCAST LIMITED,6.66,6.8,6.66,6.69,6.7,87847
2026-08-20,MUTHOOTCAP,MUTHOOT CAP SERV LTD,252.5,259.79,245.14,252.76,249.94,11008
2026-08-20,MUTHOOTFIN,MUTHOOT FINANCE LIMITED,2910.0,2997.8,2905.4,2970.0,2859.0,2309964
2026-08-20,MUTHOOTMF,MUTHOOT MICROFIN LIMITED,210.01,214.34,209.1,213.21,208.61,190087
2026-08-20,MVELECTRO,MV ELECTROSYSTEMS LIMITED,570.95,578.8,564.4,568.3,570.2,471669
2026-08-20,MYSORPETRO,MYSORE PETRO CHEMICALS L,160.0,165.49,155.3,165.49,137.91,383979
2026-08-20,NRAIL,N R AGARWAL INDS LTD,509.2,510.0,501.5,503.6,499.15,4966
2026-08-20,NTCIND,N T C INDUSTRIES LTD.,140.0,145.0,136.02,139.66,140.11,2443
2026-08-20,NBIFIN,N.B.I. IND. FIN. CO. LTD,2000.0,2060.0,2000.0,2002.0,2000.0,169
2026-08-20,NACLIND,NACL INDUSTRIES LIMITED,175.5,175.51,169.52,170.1,173.99,225795
2026-08-20,NDGL,NAGA DHUNSERI GROUP LTD,2720.0,2747.1,2681.5,2712.0,2711.0,130
2026-08-20,NAGREEKCAP,NAGREEKA CAP & INFR.LTD,24.3,24.3,22.51,22.99,23.31,3487
2026-08-20,NAGREEKEXP,NAGREEKA EXPORTS LTD.,23.01,23.95,22.6,22.81,23.01,258512
2026-08-20,NAHARCAP,NAHAR CAP & FIN.,259.38,260.49,254.0,255.09,256.81,3165
2026-08-20,NAHARINDUS,NAHAR INDS ENT LTD,117.67,118.99,117.01,117.95,117.62,20593
2026-08-20,NAHARPOLY,NAHAR POLY FILMS LIMITED,238.0,242.95,228.65,233.85,237.6,20946
2026-08-20,NAHARSPING,NAHAR SPINNING MILLS LTD.,303.7,303.7,289.0,292.15,298.75,40996
2026-08-20,NSIL,NALWA SONS INVESTMENT LTD,5519.5,5671.5,5519.5,5631.0,5518.5,2247
2026-08-20,NDL,NANDAN DENIM LIMITED,2.26,2.29,2.24,2.26,2.25,715452
2026-08-20,JAIPURKURT,NANDANI CREATION LIMITED,27.95,27.95,27.06,27.26,27.03,11658
2026-08-20,NH,NARAYANA HRUDAYALAYA LTD.,1790.0,1812.4,1790.0,1799.3,1785.7,197588
2026-08-20,NARMADA,NARMADA AGROBASE LIMITED,14.75,14.8,14.3,14.42,14.63,297044
2026-08-20,NATCOPHARM,NATCO PHARMA LTD.,890.5,895.35,874.55,877.5,886.85,275997
2026-08-20,NATHBIOGEN,NATH BIO-GENES (I) LTD,155.55,155.8,153.0,153.93,153.83,9924
2026-08-20,NATIONALUM,NATIONAL ALUMINIUM CO LTD,392.0,395.75,385.1,385.6,386.55,5349753
2026-08-20,NFL,NATIONAL FERT. LTD,70.3,70.78,70.21,70.3,70.07,306169
2026-08-20,NATIONSTD,NATIONAL STAND (INDIA) L,120.94,133.66,120.94,133.66,127.3,130220
2026-08-20,NATCAPSUQ,NATURAL CAPSULES LIMITED,149.35,159.9,148.01,151.4,149.7,26517
2026-08-20,NAVA,NAVA LIMITED,550.0,558.0,550.0,556.75,549.2,150377
2026-08-20,NAVINFLUOR,NAVIN FLUORINE INT. LTD,8300.0,8395.0,8222.0,8256.0,8277.5,59427
2026-08-20,NAVKARCORP,NAVKAR CORPORATION LTD.,99.0,99.0,96.18,96.88,97.4,268827
2026-08-20,NAVNETEDUL,NAVNEET EDUCATION LTD,133.88,134.45,132.2,133.79,133.88,50792
2026-08-20,NAZARA,NAZARA TECHNOLOGIES LTD,357.0,365.0,356.2,357.5,357.35,1774614
2026-08-20,NBCC,NBCC (INDIA) LIMITED,87.9,89.03,87.74,88.25,87.19,4634300
2026-08-20,NCC,NCC LIMITED,139.6,142.89,139.6,140.07,139.57,2224258
2026-08-20,NCLIND,NCL INDUSTRIES LIMITED,173.19,178.0,172.12,174.05,173.19,27106
2026-08-20,NDLVENTURE,NDL VENTURES LIMITED,116.0,125.0,116.0,119.01,116.08,4535
2026-08-20,NDRAUTO,NDR AUTO COMPONENTS LTD,780.0,792.3,771.0,773.8,781.05,20149
2026-08-20,NDTV,NDTV LTD,73.55,76.57,73.55,75.5,73.34,101522
2026-08-20,NECLIFE,NECTAR LIFESCIENCES LTD.,10.7,10.7,10.26,10.29,10.52,189669
2026-08-20,NEAGI,NEELAMALAI AGRO INDS. L,3339.0,3433.0,3303.3,3303.3,3420.8,49
2026-08-20,NELCAST,NELCAST LIMITED,119.1,119.21,115.92,116.63,117.33,199257
2026-08-20,NELCO,NELCO LTD,925.9,936.4,902.4,912.0,910.1,300639
2026-08-20,NEOGEN,NEOGEN CHEMICALS LIMITED,2358.9,2368.7,2250.0,2259.1,2328.8,137421
2026-08-20,NEPHROPLUS,NEPHROCARE HEALTH SERV L,698.0,698.0,673.0,674.15,691.0,205120
2026-08-20,NESCO,NESCO LTD.,1030.9,1044.9,1028.7,1032.6,1033.0,17421
2026-08-20,NESTLEIND,NESTLE INDIA LIMITED,1482.0,1482.0,1454.6,1458.0,1465.0,1910719
2026-08-20,NETWEB,NETWEB TECH INDIA LTD,5095.7,5449.9,5093.0,5419.8,5065.0,4457308
2026-08-20,NPST,NETWORK PEOPLE SRV TECH L,1582.5,1630.4,1582.5,1606.9,1594.2,19960
2026-08-20,NETWORK18,NETWORK18 MEDIA & INV LTD,28.24,31.24,28.05,30.59,28.07,45466707
2026-08-20,NEULANDLAB,NEULAND LAB LTD.,23154.0,23735.0,23154.0,23568.0,23290.0,50063
2026-08-20,NEWGEN,NEWGEN SOFTWARE TECH LTD,524.55,547.3,524.55,527.35,519.95,1546773
2026-08-20,NEXTMEDIA,NEXT MEDIAWORKS LIMITED,3.98,3.98,3.61,3.74,3.87,2851
2026-08-20,NGLFINE,NGL FINE CHEM LIMITED,3086.0,3140.0,3000.1,3033.3,3040.4,7553
2026-08-20,NHPC,NHPC LTD,76.35,76.95,75.9,76.35,76.17,6144287
2026-08-20,NIBE,NIBE LIMITED,1435.0,1542.8,1421.0,1503.6,1411.1,361383
2026-08-20,NICCOPAR,NICCO PARKS & RESORTS LTD,78.0,82.0,72.08,79.85,76.52,1850
2026-08-20,NIITMTS,NIIT LEARNING SYSTEMS LTD,235.39,236.79,230.04,231.46,236.34,136311
2026-08-20,NIITLTD,NIIT LIMITED,92.4,93.1,91.8,92.58,92.32,188843
2026-08-20,NILAINFRA,NILA INFRASTRUCTURES LTD,6.97,7.14,6.92,6.96,6.96,135557
2026-08-20,NILASPACES,NILA SPACES LIMITED,12.63,12.87,12.23,12.77,12.65,946141
2026-08-20,NILE,NILE LTD.,1556.7,1556.7,1513.4,1529.5,1544.4,3383
2026-08-20,NILKAMAL,NILKAMAL LIMITED,2051.2,2074.0,1982.0,2043.7,2033.8,245878
2026-08-20,NIMBSPROJ,NIMBUS PROJECTS LIMITED,176.0,184.8,175.99,180.0,176.0,83244
2026-08-20,NINSYS,NINTEC SYSTEMS LIMITED,703.55,737.0,703.55,729.2,720.4,4823
2026-08-20,BANKBEES,NIP IND ETF BANK BEES,594.0,598.27,593.65,596.06,593.26,482011
2026-08-20,CONSUMBEES,NIP IND ETF CONSUMPTION,133.83,134.81,133.08,134.55,133.42,46099
2026-08-20,DIVOPPBEES,NIP IND ETF DIV OPP,78.24,78.24,77.53,77.8,77.39,57328
2026-08-20,NV20BEES,NIP IND ETF ETF NV20,139.75,140.42,138.46,139.6,139.75,30350
2026-08-20,GOLDBEES,NIP IND ETF GOLD BEES,127.83,129.37,127.83,128.88,125.73,36486441
2026-08-20,HNGSNGBEES,NIP IND ETF HANGSENG BEES,483.87,485.0,480.55,481.33,479.18,60640
2026-08-20,INFRABEES,NIP IND ETF INFRA BEES,964.82,969.65,963.99,968.01,963.99,3920
2026-08-20,ITBEES,NIP IND ETF IT,34.52,34.52,34.0,34.07,33.68,7079695
2026-08-20,JUNIORBEES,NIP IND ETF JUNIOR BEES,808.22,808.22,802.2,803.11,799.85,319972
2026-08-20,LIQUIDBEES,NIP IND ETF LIQUID BEES,1000.0,1000.88,999.99,999.99,999.99,2354078
2026-08-20,LTGILTBEES,NIP IND ETF LONGTERM GILT,30.06,30.06,29.93,29.98,30.01,1164823
2026-08-20,MID150BEES,NIP IND ETF MIDCAP 150,245.95,245.95,240.12,242.3,241.32,887678
2026-08-20,NIF100BEES,NIP IND ETF NIFTY 100,268.8,270.1,268.76,269.46,267.57,33459
2026-08-20,NIFTYBEES,NIP IND ETF NIFTY BEES,278.0,278.0,275.52,276.57,274.62,3634535
2026-08-20,PSUBNKBEES,NIP IND ETF PSU BANK BEES,97.0,97.09,96.0,96.28,96.13,761096
2026-08-20,SHARIABEES,NIP IND ETF SHARIAH BEES,462.23,463.8,457.62,460.85,457.62,4715
2026-08-20,NAM-INDIA,NIPPON L I A M LTD,1225.0,1266.2,1221.0,1232.5,1217.0,3152919
2026-08-20,LIQGRWBEES,NIPPONAMC - LIQGRWBEES,1052.2,1054.8,1051.15,1052.33,1052.2,32379
2026-08-20,MANUFGBEES,NIPPONAMC - MANUFGBEES,166.2,166.67,165.49,166.58,166.02,2537
2026-08-20,AUTOBEES,NIPPONAMC - NETFAUTO,303.44,304.22,302.13,303.77,301.93,135854
2026-08-20,PHARMABEES,NIPPONAMC - NETFPHARMA,27.6,27.6,27.07,27.19,27.04,2906416
2026-08-20,SILVERBEES,NIPPONAMC - NETFSILVER,225.13,226.56,224.2,225.43,216.43,36624820
2026-08-20,SNXT30BEES,NIPPONAMC - SNXT30BEES,43.4,43.53,43.13,43.43,43.29,2318
2026-08-20,NIRAJ,NIRAJ CEMENT STRUC LTD,27.78,28.5,27.26,28.05,27.78,41940
2026-08-20,NIRAJISPAT,NIRAJ ISPAT IND LTD,219.52,224.0,202.0,216.0,224.0,81
2026-08-20,NIRLON,NIRLON LTD,623.6,630.0,623.0,624.6,621.6,3875
2026-08-20,NITCO,NITCO LIMITED,90.0,91.89,89.33,89.61,90.15,747518
2026-08-20,NITINSPIN,NITIN SPINNERS LIMITED,592.0,596.0,580.55,586.05,583.55,96700
2026-08-20,NITIRAJ,NITIRAJ ENGINEERS LTD,204.0,205.0,193.8,204.44,199.28,3475
2026-08-20,NITTAGELA,NITTA GELATIN INDIA LTD.,1565.0,1598.9,1561.0,1577.6,1559.5,2908
2026-08-20,NIVABUPA,NIVA BUPA HEALTH INS CO L,83.96,84.21,82.5,82.88,83.96,575760
2026-08-20,NKIND,NK INDUSTRIES LTD,60.99,60.99,56.5,56.6,61.55,183
2026-08-20,NLCINDIA,NLC INDIA LIMITED,267.45,273.5,267.1,272.05,268.05,1473017
2026-08-20,NMDC,NMDC LTD.,83.88,85.15,83.5,83.95,83.35,16534911
2026-08-20,NSLNISP,NMDC STEEL LIMITED,40.5,40.65,39.3,39.52,40.15,5711367
2026-08-20,NOCIL,NOCIL LIMITED,162.19,163.69,161.1,161.66,161.57,264224
2026-08-20,NORBTEAEXP,NORBEN TEA & EXPORTS LTD,67.1,69.75,67.1,67.73,69.14,889
2026-08-20,NORTHARC,NORTHERN ARC CAPITAL LTD,286.0,293.8,282.0,292.6,284.35,651296
2026-08-20,NOVARTIND,NOVARTIS INDIA LIMITED,1540.0,1574.9,1476.0,1482.2,1531.7,16240
2026-08-20,NRBBEARING,NRB BEARING LIMITED,488.95,489.7,478.15,483.2,483.15,233232
2026-08-20,NIBL,NRB INDUS. BEARINGS LTD.,32.24,32.24,30.76,31.78,31.24,9932
2026-08-20,NTPCGREEN,NTPC GREEN ENERGY LIMITED,92.0,92.35,91.62,91.88,91.7,996071
2026-08-20,NTPC,NTPC LTD,337.1,339.55,334.4,337.5,336.55,4185077
2026-08-20,NUCLEUS,NUCLEUS SOFTWARE EXPORTS,732.65,747.0,728.0,736.6,727.8,28376
2026-08-20,NUVAMA,NUVAMA WEALTH MANAGE LTD,1738.8,1749.9,1715.1,1727.9,1733.4,143618
2026-08-20,NUVOCO,NUVOCO VISTAS CORP LTD,317.8,322.6,317.0,321.7,318.5,204635
2026-08-20,OBCL,OBCL LIMITED,55.25,55.25,54.0,54.2,54.19,17083
2026-08-20,OBEROIRLTY,OBEROI REALTY LIMITED,1880.0,1914.8,1866.3,1904.7,1869.7,500903
2026-08-20,ODIGMA,ODIGMA CONSULTANCY SOL L,22.89,22.89,22.1,22.26,22.51,11572
2026-08-20,ODYCORP,ODYSSEY CORPORATION LTD.,7.75,7.85,7.1,7.23,7.03,47368
2026-08-20,ONGC,OIL AND NATURAL GAS CORP.,239.24,239.24,233.64,238.5,238.0,11886277
2026-08-20,OIL,OIL INDIA LTD,475.4,481.5,465.0,480.9,474.85,1364701
2026-08-20,OLAELEC,OLA ELECTRIC MOBILITY LTD,37.5,38.2,37.5,37.82,37.28,21869017
2026-08-20,OLECTRA,OLECTRA GREENTECH LIMITED,1312.3,1326.0,1284.0,1291.2,1305.6,218474
2026-08-20,OMINFRAL,OM INFRA LIMITED,86.4,86.46,84.29,84.67,85.04,64339
2026-08-20,OMPOWER,OM POWER TRANSMISSION LTD,165.28,169.34,160.05,162.7,165.28,73680
2026-08-20,OMAXAUTO,OMAX AUTOS LTD,196.0,204.0,192.0,199.74,195.27,54186
2026-08-20,OMAXE,OMAXE LIMITED,99.58,104.0,99.02,103.16,99.41,1399624
2026-08-20,OMNI,OMNITECH ENGINEERING LTD,588.8,615.0,570.0,574.0,586.65,1188002
2026-08-20,PAYTM,ONE 97 COMMUNICATIONS LTD,1590.0,1622.8,1587.1,1603.6,1583.5,4831205
2026-08-20,ONEGLOBAL,ONE GLOBAL SERVICE PROV L,575.0,575.0,544.05,564.1,560.65,18280
2026-08-20,MOBIKWIK,ONE MOBIKWIK SYSTEMS LTD,195.61,198.39,194.2,195.66,195.61,894001
2026-08-20,ONEPOINT,ONE POINT ONE SOL LTD,56.89,57.0,55.47,56.61,56.31,1161837
2026-08-20,KISSHT,ONEMI TECHNOLOGY SOL LTD,302.0,314.25,301.0,302.65,300.25,1666918
2026-08-20,ONESOURCE,ONESOURCE SPECL PHARMA L,1524.5,1555.7,1518.2,1534.5,1520.5,73142
2026-08-20,ONIDA,ONIDA ELECTRONICS LIMITED,37.6,37.6,36.05,36.67,36.93,236597
2026-08-20,ONIXSOLAR,ONIX SOLAR ENERGY LTD.,321.95,321.95,321.95,321.95,338.85,12425
2026-08-20,ONWARDTEC,ONWARD TECHNOLOGIES LTD,281.65,295.2,281.65,292.25,282.4,50388
2026-08-20,OPTIEMUS,OPTIEMUS INFRACOM LTD,559.95,563.5,547.55,551.75,546.7,89560
2026-08-20,OPTIFIN,OPTIMUS FINANCE LTD.,11.91,12.31,11.56,12.06,11.91,39428
2026-08-20,OFSS,ORACLE FIN SERV SOFT LTD.,11825.0,11917.0,11680.0,11826.0,11774.0,188774
2026-08-20,ORCHASP,ORCHASP LIMITED,1.38,1.45,1.3,1.36,1.39,414560
2026-08-20,ORCHPHARMA,ORCHID PHARMA LIMITED,981.35,994.6,971.1,980.05,979.5,54874
2026-08-20,ORICONENT,ORICON ENTERPRISES LTD,57.43,59.7,55.12,58.12,56.71,288622
2026-08-20,ORIENTBELL,ORIENT BELL LIMITED,345.4,348.1,335.9,339.2,343.35,24640
2026-08-20,ORIENTCEM,ORIENT CEMENT LTD.,131.89,132.3,129.6,130.86,129.47,259124
2026-08-20,ORIENTCER,ORIENT CERATECH LIMITED,43.0,47.23,42.52,46.73,43.12,353057
2026-08-20,ORIENTELEC,ORIENT ELECTRIC LIMITED,181.2,187.28,181.2,186.03,180.59,194567
2026-08-20,GREENPOWER,ORIENT GREEN POWER CO LTD,9.44,9.64,9.41,9.54,9.43,2060320
2026-08-20,ORIENTHOT,ORIENT HOTELS LTD,138.0,139.0,131.02,137.29,139.5,5169194
2026-08-20,ORIENTPPR,ORIENT PAPER AND INDS LTD,17.45,17.45,16.87,17.1,16.85,218697
2026-08-20,ORIENTTECH,ORIENT TECHNOLOGIES LTD,242.05,247.0,242.05,243.15,240.65,100778
2026-08-20,OAL,ORIENTAL AROMATICS LTD,342.1,344.45,332.8,334.9,341.9,9156
2026-08-20,ORIRAIL,ORIENTAL RAIL INFRA L,104.95,106.79,102.8,103.63,105.09,51219
2026-08-20,ORIENTALTL,ORIENTAL TRIMEX LTD,5.08,5.13,4.9,5.02,5.06,66753
2026-08-20,ORISSAMINE,ORISSA MIN DEV CO LTD,4650.0,4712.3,4620.0,4651.5,4637.0,21008
2026-08-20,ORKLAINDIA,ORKLA INDIA LIMITED,551.95,562.0,548.05,550.35,551.0,67217
2026-08-20,ORTINGLOBE,ORTIN GLOBAL LIMITED,15.49,15.99,15.25,15.95,15.48,6986
2026-08-20,OSWALAGRO,OSWAL AGRO MILLS LTD,37.83,37.83,36.9,37.57,37.46,22762
2026-08-20,OSWALGREEN,OSWAL GREENTECH LIMITED,20.99,21.38,20.99,21.27,20.89,57261
2026-08-20,OSWALPUMPS,OSWAL PUMPS LIMITED,293.0,307.65,291.3,304.75,292.1,1646644
2026-08-20,PNGJL,P N GADGIL JEWELLERS LTD,609.5,613.7,602.0,609.45,603.45,491130
2026-08-20,POEL,P O C L ENTERPRISES LTD.,159.3,165.0,159.3,163.8,162.15,39953
2026-08-20,PGHH,P&G HYGIENE & HEALTH CARE,8260.0,8309.0,8220.0,8248.0,8239.0,8760
2026-08-20,PACEDIGITK,PACE DIGITEK LIMITED,177.2,177.89,175.01,175.37,175.81,371337
2026-08-20,PACIFICI,PACIFIC INDUSTRIES LTD.,133.55,159.0,133.55,150.98,133.55,8374
2026-08-20,PAGEIND,PAGE INDUSTRIES LTD,35660.0,35845.0,35150.0,35505.0,35240.0,40743
2026-08-20,PAISALO,PAISALO DIGITAL LIMITED,69.55,70.3,69.0,69.95,69.37,3401041
2026-08-20,PAKKA,PAKKA LIMITED,89.0,92.0,85.71,88.69,88.54,321273
2026-08-20,PALASHSECU,PALASH SECURITIES LTD,87.9,92.0,86.6,88.2,86.37,1297
2026-08-20,PANACEABIO,PANACEA BIOTEC LTD,409.05,420.35,405.7,413.65,402.65,187436
2026-08-20,PANAMAPET,PANAMA PETROCHEM LTD,492.0,493.0,480.95,486.25,489.65,259975
2026-08-20,PANCHMAHQ,PANCHMAHAL STEEL LTD.,286.0,299.0,286.0,299.0,294.45,93
2026-08-20,PANORAMA,PANORAMA STUDIOS INTL. L,45.88,47.5,44.98,45.95,45.95,163879
2026-08-20,PANSARI,PANSARI DEVELOPERS LTD,329.8,329.8,305.0,318.2,312.6,572
2026-08-20,PAR,PAR DRUGS AND CHEM LTD,100.86,103.4,100.01,102.48,100.86,5149
2026-08-20,PARADEEP,PARADEEP PHOSPHATES LTD,151.0,151.7,147.78,148.64,150.89,1528159
2026-08-20,PARAGMILK,PARAG MILK FOODS LTD.,209.99,212.38,206.0,207.94,208.95,1038835
2026-08-20,PARACABLES,PARAMOUNT COMM LTD,62.81,64.0,62.52,63.05,62.73,714562
2026-08-20,PARAS,PARAS DEF AND SPCE TECH L,1496.0,1536.4,1476.0,1502.0,1496.4,1211454
2026-08-20,PARASPETRO,PARAS PETROFILS LTD.,2.25,2.28,2.14,2.17,2.21,96909
2026-08-20,PARKHOSPS,PARK MEDI WORLD LIMITED,273.0,276.0,266.5,272.6,270.65,533049
2026-08-20,PARKHOTELS,PARKHOTELS,116.85,118.5,116.03,116.4,116.85,69241
2026-08-20,PARNAXLAB,PARNAX LAB LTD.,120.8,130.0,120.0,122.09,120.24,4373
2026-08-20,PASHUPATI,PASHUPATI COTSPIN LIMITED,88.5,88.9,85.8,86.73,86.31,31331
2026-08-20,PATANJALI,PATANJALI FOODS LIMITED,352.95,354.4,349.7,352.3,350.95,1623228
2026-08-20,PATELENG,PATEL ENGINEERING LTD.,27.86,28.3,27.86,28.14,27.8,2403763
2026-08-20,PATELRMART,PATEL RETAIL LIMITED,238.0,239.9,230.63,232.32,238.23,89598
2026-08-20,PML,PAUL MERCHANTS LTD.,499.9,500.5,486.4,490.5,492.1,371
2026-08-20,PAUSHAKLTD,PAUSHAK LIMITED,776.8,803.95,776.75,787.4,777.8,56944
2026-08-20,PAVNAIND,PAVNA INDUSTRIES LIMITED,18.55,19.31,18.31,18.72,18.87,48102
2026-08-20,POLICYBZR,PB FINTECH LIMITED,1792.0,1803.4,1764.0,1779.6,1782.1,1101007
2026-08-20,PCJEWELLER,PC JEWELLER LTD,9.68,9.82,9.55,9.61,9.68,78831265
2026-08-20,PCBL,PCBL CHEMICAL LIMITED,328.0,328.0,318.55,319.85,326.7,740842
2026-08-20,PDSL,PDS LIMITED,363.9,376.85,362.1,370.15,361.9,130129
2026-08-20,PGIL,PEARL GLOBAL IND LIMITED,2438.0,2454.0,2360.8,2377.6,2413.7,40967
2026-08-20,PEARLPOLY,PEARL POLYMERS LTD,15.99,16.56,15.7,16.01,15.9,9611
2026-08-20,PENIND,PENNAR INDUSTRIES LTD,159.33,164.4,157.17,163.29,158.23,763245
2026-08-20,PERMAGN,PERMANENT MAGNETS LTD.,882.2,905.0,855.0,881.55,882.2,6952
2026-08-20,PERSISTENT,PERSISTENT SYSTEMS LTD,5572.0,5706.0,5534.0,5674.0,5510.0,701333
2026-08-20,PETRONET,PETRONET LNG LIMITED,290.0,293.75,286.6,291.4,288.15,3197045
2026-08-20,PFIZER,PFIZER LTD,4961.3,4969.0,4870.1,4920.0,4919.5,297497
2026-08-20,PGEL,PG ELECTROPLAST LTD,606.4,613.7,602.05,602.05,601.9,1434531
2026-08-20,PHOENXINTL,PHOENIX INTERNATIONAL LTD,31.4,31.4,29.99,30.53,30.76,956
2026-08-20,PWL,PHYSICSWALLAH LIMITED,122.99,124.09,121.5,121.95,121.92,7546593
2026-08-20,PIIND,PI INDUSTRIES LTD,2510.0,2522.5,2482.5,2482.5,2505.0,96187
2026-08-20,PICCADIL,PICCADILY AGRO INDUSTRI L,705.65,723.0,700.15,709.4,705.85,167379
2026-08-20,PIDILITIND,PIDILITE INDUSTRIES LTD,1658.5,1666.9,1647.5,1660.0,1650.0,419940
2026-08-20,PILITA,PIL ITALICA LIFESTYLE LTD,7.91,8.27,7.91,8.2,8.0,14746
2026-08-20,PILANIINVS,PILANI INV & IND COR LTD,4314.1,4331.4,4282.0,4309.5,4291.8,805
2026-08-20,PINELABS,PINE LABS LIMITED,158.53,163.7,158.53,159.73,157.62,16569121
2026-08-20,PIONEEREMB,PIONEER EMBROIDERIES LTD,22.4,22.4,21.41,21.76,22.03,21808
2026-08-20,PIRAMALFIN,PIRAMAL FINANCE LIMITED,2068.0,2135.4,2053.3,2128.1,2057.4,278225
2026-08-20,PPLPHARMA,PIRAMAL PHARMA LIMITED,209.64,217.0,209.33,216.66,209.64,4134099
2026-08-20,PITTIENG,PITTI ENGINEERING LIMITED,1074.0,1083.0,1037.7,1051.65,1069.35,86184
2026-08-20,PIXTRANS,PIX TRANSMISSIONS LIMITED,1816.0,1832.9,1802.3,1820.3,1815.2,10418
2026-08-20,PLASTIBLEN,PLASTIBLENDS INDIA LTD,187.0,190.04,187.0,188.93,187.13,15361
2026-08-20,PLATIND,PLATINUM INDUSTRIES LTD,206.38,213.0,205.0,211.07,206.38,79154
2026-08-20,PLAZACABLE,PLAZA WIRES LIMITED,48.25,52.35,48.25,52.18,49.86,62656
2026-08-20,PNBGILTS,PNB GILTS LIMITED,79.2,80.47,78.9,79.11,78.78,153598
2026-08-20,PNBHOUSING,PNB HOUSING FIN LTD.,1187.7,1207.0,1170.1,1175.5,1174.0,2261483
2026-08-20,PNCINFRA,PNC INFRATECH LTD.,212.03,214.0,208.82,209.34,212.01,564710
2026-08-20,PNGSREVA,PNGS REVA DIAMOND JEWEL L,574.9,574.9,545.2,552.5,564.35,139730
2026-08-20,PODDARMENT,PODDAR PIGMENTS LIMITED,250.0,258.9,249.5,251.1,248.9,4182
2026-08-20,POKARNA,POKARNA LIMITED,904.05,913.9,884.95,889.55,901.85,38590
2026-08-20,POLYMED,POLY MEDICURE LIMITED,1775.0,1784.8,1756.0,1769.6,1770.3,93919
2026-08-20,POLYCAB,POLYCAB INDIA LIMITED,9169.0,9180.0,9076.5,9125.0,9140.0,270245
2026-08-20,POLYPLEX,POLYPLEX CORPORATION LTD,1185.0,1191.2,1163.9,1170.9,1171.9,31166
2026-08-20,POLYSPIN,POLYSPIN EXPORTS LTD.,29.0,32.28,29.0,29.29,30.48,29
2026-08-20,POCL,PONDY OXIDES & CHEM LTD,505.0,512.0,497.85,503.25,500.6,380466
2026-08-20,PONNIERODE,PONNIE SUGARS (ERODE) LTD,380.5,433.5,380.5,421.35,384.15,439118
2026-08-20,POONAWALLA,POONAWALLA FINCORP LTD,496.3,506.0,492.4,494.05,493.3,890599
2026-08-20,PVSL,POPULAR VEHICLES N SER L,116.0,116.26,111.92,114.67,113.43,21107
2026-08-20,PFC,POWER FIN CORP LTD.,374.45,375.1,363.2,363.8,374.45,13375984
2026-08-20,POWERGRID,POWER GRID CORP. LTD.,264.0,267.1,262.8,264.8,263.5,7029993
2026-08-20,PIGL,POWER INSTRUMENT (G) LTD,105.0,107.0,102.21,103.8,105.0,39587
2026-08-20,POWERMECH,POWER MECH PROJECTS LTD.,2439.9,2466.3,2433.0,2455.6,2427.7,28884
2026-08-20,POWERICA,POWERICA LIMITED,534.25,546.75,531.0,533.9,532.85,138971
2026-08-20,PRABHA,PRABHA ENERGY LIMITED,209.95,214.8,198.02,212.89,199.79,1362684
2026-08-20,PRAJIND,PRAJ INDUSTRIES LTD,342.85,361.45,341.05,358.45,340.5,2946324
2026-08-20,PRAENG,PRAJAY ENG. SYN. LTD.,19.04,19.95,19.03,19.4,19.04,49764
2026-08-20,PRAKASH,PRAKASH INDUSTRIES LTD,131.85,132.8,128.4,129.45,131.38,290553
2026-08-20,PRAKASHSTL,PRAKASH STEELAGE LTD,3.99,3.99,3.88,3.93,3.92,57670
2026-08-20,DIAMONDYD,PRATAAP SNACKS LIMITED,1181.2,1189.9,1167.1,1175.0,1179.2,8151
2026-08-20,PRAVEG,PRAVEG LTD.,267.5,274.0,260.65,262.1,267.5,43704
2026-08-20,PRAXIS,PRAXIS HOME RETAIL LTD,5.65,5.77,5.31,5.41,5.51,211359
2026-08-20,PRECAM,PRECISION CAMSHAFTS LTD.,131.9,134.5,130.2,130.68,131.02,131552
2026-08-20,PRECWIRE,PRECISION WIRES INDIA LTD,435.0,441.4,429.45,435.7,429.7,296412
2026-08-20,PRECOT,PRECOT LIMITED,721.65,726.7,671.5,709.5,721.6,10476
2026-08-20,PREMCO,PREMCO GLOBAL LTD.,386.0,394.0,377.2,391.45,376.6,1259
2026-08-20,PREMIERENE,PREMIER ENERGIES LIMITED,1012.9,1049.6,1007.5,1040.0,1002.0,1306864
2026-08-20,PREMEXPLN,PREMIER EXPLOSIVES LTD,667.95,667.95,662.1,663.55,663.1,75130
2026-08-20,PREMIERPOL,PREMIER POLYFILM LTD,91.61,92.59,87.87,88.99,91.61,897576
2026-08-20,PRESTIGE,PRESTIGE ESTATE LTD,1588.0,1610.0,1581.0,1585.5,1581.8,175197
2026-08-20,PRICOLLTD,PRICOL LIMITED,809.0,823.0,798.7,803.65,804.6,335901
2026-08-20,PFOCUS,PRIME FOCUS LIMITED,280.85,290.0,279.0,282.6,279.2,686504
2026-08-20,PRIMESECU,PRIME SECURITIES LIMITED,281.7,281.7,274.0,275.15,278.35,5463
2026-08-20,PRIMO,PRIMO CHEMICALS LIMITED,22.89,22.89,21.25,21.46,22.16,339560
2026-08-20,PRINCEPIPE,PRINCE PIPES FITTINGS LTD,283.95,286.9,282.1,283.1,282.8,98750
2026-08-20,PRSMJOHNSN,PRISM JOHNSON LIMITED,110.3,112.8,108.25,109.88,110.27,1814639
2026-08-20,PRISMX,PRISMX GLOBAL VENTURES L,0.53,0.55,0.53,0.54,0.53,104720
2026-08-20,PNC,PRITISH NANDY COMMUNICATI,19.25,19.39,18.08,18.33,18.2,9448
2026-08-20,PRIVISCL,PRIVI SPECIALITY CHE LTD,3467.8,3493.8,3440.0,3450.3,3467.8,53011
2026-08-20,PGHL,PROCTER & GAMBLE HEALTH L,5781.5,5913.0,5780.0,5832.5,5781.0,22508
2026-08-20,PROSTARM,PROSTARM INFO SYSTEMS LTD,135.95,139.75,135.31,138.53,134.96,241456
2026-08-20,PROTEAN,PROTEAN EGOV TECHNO LTD,550.0,555.0,546.2,548.15,545.7,143035
2026-08-20,PROZONER,PROZONE REALTY LIMITED,41.32,42.89,41.03,41.96,41.52,83043
2026-08-20,PRUDENT,PRUDENT CORP ADV SER LTD,3455.0,3455.0,3350.1,3363.5,3393.6,10856
2026-08-20,PSPPROJECT,PSP PROJECTS LIMITED,919.95,937.45,917.4,923.35,918.85,44546
2026-08-20,PFS,PTC INDIA FIN SERV LTD,27.92,28.2,27.75,27.82,27.92,148973
2026-08-20,PTC,PTC INDIA LIMITED,156.0,158.19,156.0,157.05,155.5,1448112
2026-08-20,PTCIL,PTC INDUSTRIES LIMITED,19540.0,19796.0,19500.0,19623.0,19475.0,14005
2026-08-20,PTL,PTL ENTERPRISES LTD,38.55,38.65,37.98,38.24,38.6,55477
2026-08-20,PDMJEPAPER,PUDUMJEE PAPER PRO. LTD,87.63,88.79,86.58,87.68,87.52,73902
2026-08-20,PSB,PUNJAB & SIND BANK,23.25,23.5,23.25,23.38,23.24,646724
2026-08-20,PUNJABCHEM,PUNJAB CHEM & CROP PROT L,1157.7,1180.4,1146.9,1167.0,1156.3,9477
2026-08-20,PNB,PUNJAB NATIONAL BANK,117.9,119.1,117.44,118.0,117.48,8551120
2026-08-20,PURVA,PURAVANKARA LIMITED,218.0,219.92,215.55,216.4,218.74,187511
2026-08-20,PVP,PVP VENTURES LIMITED,39.97,43.7,39.46,43.15,39.13,3957968
2026-08-20,PVRINOX,PVR INOX LIMITED,1205.7,1224.4,1185.0,1219.5,1200.9,195196
2026-08-20,PYRAMID,PYRAMID TECHNOPLAST LTD,163.55,164.99,162.0,163.18,161.5,23694
2026-08-20,QUADFUTURE,QUADRANT FUTURE TEK LTD,343.8,346.7,336.5,337.8,339.75,315657
2026-08-20,QPOWER,QUALITY POWER ELEC EQUP L,1307.0,1356.0,1286.1,1334.9,1295.3,308535
2026-08-20,QGOLDHALF,QUANTUM GOLD ETF,128.29,133.0,128.28,130.07,126.03,166013
2026-08-20,QNIFTY,QUANTUM NIFTY 50 ETF,267.4,267.8,265.8,267.0,265.2,4258
2026-08-20,QUESS,QUESS CORP LIMITED,334.9,342.4,334.9,338.25,336.55,277396
2026-08-20,QUINT,QUINT DIGITAL LTD.,38.0,39.64,35.58,36.51,36.18,26656
2026-08-20,RKSWAMY,R K SWAMY LIMITED,96.8,96.8,93.82,95.83,94.79,60171
2026-08-20,RRIL,R R I L LTD.,16.66,17.17,15.5,16.34,17.03,110116
2026-08-20,RRKABEL,R R KABEL LIMITED,2911.8,2920.0,2860.0,2894.2,2898.8,248912
2026-08-20,RSYSTEMS,R SYS INTERNATIONAL LTD,238.0,245.0,238.0,241.6,238.9,132916
2026-08-20,RTSPOWR,R T S POWER CORPN. LTD.,99.0,99.0,93.99,98.52,94.56,6797
2026-08-20,RNBDENIMS,R&B DENIMS LIMITED,8.2,8.4,7.82,7.93,8.17,395279
2026-08-20,RSSOFTWARE,R. S. SOFTWARE (INDIA) LI,31.31,31.9,30.6,30.94,31.31,13009
2026-08-20,RPPINFRA,R.P.P INFRA PROJECTS LTD,57.72,58.09,56.2,56.45,57.47,60206
2026-08-20,RACE,RACE ECO CHAIN LIMITED,103.0,114.38,99.51,102.12,100.03,96507
2026-08-20,RACLGEAR,RACL GEARTECH LIMITED,1449.7,1464.9,1417.1,1435.5,1438.7,19110
2026-08-20,RADAAN,RADAAN MEDIAWORKS (I) LTD,3.06,3.06,2.91,2.96,2.94,39892
2026-08-20,RADHIKAJWE,RADHIKA JEWELTECH LIMITED,65.19,66.18,65.19,65.67,64.9,161526
2026-08-20,RADIANTCMS,RADIANT CASH MGMT SER LTD,34.0,34.45,33.99,34.18,34.1,109839
2026-08-20,RADICO,RADICO KHAITAN LTD,4710.8,4734.7,4676.9,4696.0,4696.0,416872
2026-08-20,RPEL,RAGHAV PRODUCTIVITY ENH L,1650.0,1664.3,1590.0,1614.7,1637.4,108075
2026-08-20,RVNL,RAIL VIKAS NIGAM LIMITED,225.0,231.2,224.67,227.9,223.5,4866054
2026-08-20,RAILTEL,RAILTEL CORP OF IND LTD,285.0,285.8,280.0,280.75,287.25,949361
2026-08-20,RAIN,RAIN INDUSTRIES LIMITED,206.38,207.79,204.4,204.92,205.54,2390827
2026-08-20,RAINBOW,RAINBOW CHILDRENS MED LTD,1475.0,1481.3,1444.0,1453.5,1461.8,90078
2026-08-20,ROML,RAJ OIL MILLS LIMITED,43.94,44.97,43.51,43.77,43.93,1635
2026-08-20,RAJTV,RAJ TV NETWORK LTD,10.59,10.67,10.25,10.29,10.58,15853
2026-08-20,RAJPALAYAM,RAJAPALAYAM MILLS LTD.,810.1,833.7,810.0,812.65,812.5,891
2026-08-20,ARENTERP,RAJDARSHAN INDUSTRIES LTD,38.1,39.8,37.26,37.44,37.9,1319
2026-08-20,RAJMET,RAJNANDINI METAL LIMITED,3.26,3.3,3.21,3.22,3.26,191513
2026-08-20,RSL,RAJPUTANA STAINLESS LTD,166.15,168.19,163.02,165.55,165.37,217549
2026-08-20,RAJRATAN,RAJRATAN GLOBAL WIRE LTD,508.0,513.85,501.0,505.35,506.2,52703
2026-08-20,RAJSREESUG,RAJSHREE SUGAR & CHEMICAL,37.01,40.79,37.0,40.38,36.9,747168
2026-08-20,RALLIS,RALLIS INDIA LTD,212.1,215.5,211.3,212.85,211.72,747075
2026-08-20,RAMRAT,RAM RATNA WIRES LIMITED,487.0,493.85,480.55,486.5,484.65,141890
2026-08-20,RAMAPHO,RAMA PHOSPHATES LIMITED,120.55,123.99,119.68,122.83,121.43,53280
2026-08-20,RAMCOIND,RAMCO INDUSTRIES LIMITED,342.2,357.0,339.55,354.0,339.9,354756
2026-08-20,RAMCOSYS,RAMCO SYSTEMS LTD.,569.0,573.9,547.15,552.35,552.4,157995
2026-08-20,RKFORGE,RAMKRISHNA FORGINGS LTD,750.0,751.35,738.5,745.4,749.2,492946
2026-08-20,RAMKY,RAMKY INFRA LTD,393.9,394.5,390.0,391.15,391.0,18229
2026-08-20,RANASUG,RANA SUGARS LTD.,13.86,15.5,13.86,15.21,13.76,3647306
2026-08-20,RML,RANE (MADRAS) LIMITED,1088.5,1094.9,1072.0,1078.2,1080.3,8609
2026-08-20,RANEHOLDIN,RANE HOLDINGS LIMITED,1568.5,1600.2,1565.0,1581.1,1566.5,7884
2026-08-20,RPTECH,RASHI PERIPHERALS LIMITED,857.0,874.0,851.7,856.15,838.25,350341
2026-08-20,RCF,RASHTRIYA CHEMICALS & FER,119.79,119.98,118.1,118.42,119.03,1019354
2026-08-20,RATEGAIN,RATEGAIN TRAVEL TECHN LTD,930.6,955.0,922.95,943.75,930.6,342166
2026-08-20,RATNAMANI,RATNAMANI MET & TUB LTD.,2315.0,2329.4,2280.0,2289.6,2307.3,16177
2026-08-20,RATNAVEER,RATNAVEER PRECISION ENG L,253.23,270.5,252.0,269.24,250.4,11344542
2026-08-20,RTNINDIA,RATTANINDIA ENT LIMITED,30.67,30.72,28.5,30.03,30.1,1711208
2026-08-20,RTNPOWER,RATTANINDIA POWER LIMITED,7.85,7.87,7.7,7.77,7.81,20014966
2026-08-20,RKDL,RAVI KUMAR DIST. LTD.,18.0,18.76,17.9,18.27,18.19,10344
2026-08-20,RVHL,RAVINDER HEIGHTS LIMITED,41.76,43.9,40.9,42.43,41.72,16412
2026-08-20,RELTD,RAVINDRA ENERGY LIMITED,159.51,171.34,158.6,166.71,160.07,409471
2026-08-20,RAYMONDLSL,RAYMOND LIFESTYLE LIMITED,732.0,740.5,724.9,730.85,727.5,69172
2026-08-20,RAYMOND,RAYMOND LTD,633.0,658.95,630.0,656.65,630.5,734695
2026-08-20,RAYMONDREL,RAYMOND REALTY LIMITED,575.0,588.8,575.0,578.05,572.6,158317
2026-08-20,RBLBANK,RBL BANK LIMITED,383.0,393.9,382.05,392.3,381.5,2729409
2026-08-20,RBZJEWEL,RBZ JEWELLERS LIMITED,138.78,139.39,134.94,135.46,137.38,41193
2026-08-20,RRECL,RDB REAL ESTATE CONS L,136.0,143.25,133.0,143.25,143.5,414
2026-08-20,RECLTD,REC LIMITED,338.0,338.6,327.5,328.1,337.0,7840724
2026-08-20,REDINGTON,REDINGTON LIMITED,337.6,355.0,335.6,348.1,335.05,12384643
2026-08-20,REDTAPE,REDTAPE LIMITED,126.4,126.4,123.21,123.98,126.04,168504
2026-08-20,REFEX,REFEX INDUSTRIES LIMITED,297.05,299.9,293.05,293.6,297.05,185902
2026-08-20,REGAAL,REGAAL RESOURCES LIMITED,97.51,100.52,94.0,95.84,97.65,649814
2026-08-20,REGENCERAM,REGENCY CERAMICS LTD.,35.11,36.0,34.21,34.53,35.74,5202
2026-08-20,RELAXO,RELAXO FOOT LTD.,373.5,378.35,372.45,374.1,373.2,104520
2026-08-20,GILT5YBEES,RELCAPAMC - NETFGILT5Y,66.34,66.34,65.9,66.07,66.23,401640
2026-08-20,RELIABLE,RELIABLE DATA SERVICE LTD,137.54,141.9,136.25,138.44,137.54,25432
2026-08-20,RELCHEMQ,RELIANCE CHEMOTEX IND LTD,115.0,116.99,113.01,113.53,113.65,5839
2026-08-20,RIIL,RELIANCE INDUSTRIAL INFRA,736.9,755.95,736.2,737.8,731.45,33712
2026-08-20,RELIANCE,RELIANCE INDUSTRIES LTD,1315.5,1316.5,1307.0,1313.2,1311.0,5546227
2026-08-20,RPOWER,RELIANCE POWER LTD.,21.99,22.63,21.9,22.15,21.7,27889519
2026-08-20,RELIGARE,RELIGARE ENTER. LTD.,231.1,235.0,229.4,231.65,230.7,425880
2026-08-20,REMSONSIND,REMSONS INDUSTRIES LTD,82.32,84.9,82.32,84.24,82.75,81505
2026-08-20,RGL,RENAISSANCE GLOBAL LTD,130.5,133.0,128.66,130.51,130.13,568435
2026-08-20,REPCOHOME,REPCO HOME FINANCE LTD,366.0,370.0,360.5,362.8,360.85,121496
2026-08-20,REPRO,REPRO INDIA LIMITED,333.15,333.15,323.15,324.9,329.2,11026
2026-08-20,RESPONIND,RESPONSIVE INDUSTRIES LTD,157.01,161.06,155.56,156.37,156.54,73771
2026-08-20,RBA,RESTAURANT BRAND ASIA LTD,101.3,105.64,100.57,105.21,101.06,6256579
2026-08-20,RVTH,REVATHI EQUIPMENT INDIA L,731.4,772.8,730.0,753.0,731.4,6158
2026-08-20,RHETAN,RHETAN TMT LIMITED,21.87,22.2,21.81,22.03,21.62,16273107
2026-08-20,RHIM,RHI MAGNESITA INDIA LTD,378.0,379.9,373.1,374.75,374.9,233464
2026-08-20,RICOAUTO,RICO AUTO INDUSTRIES LTD,130.4,132.5,129.34,131.54,129.13,1083304
2026-08-20,RIR,RIR POWER ELECTRONICS L,169.0,169.0,163.1,164.38,166.23,135274
2026-08-20,RISHABH,RISHABH INSTRUMENTS LTD,704.0,729.85,672.75,684.2,695.0,1696705
2026-08-20,RITCO,RITCO LOGISTICS LIMITED,311.95,327.5,311.95,322.7,313.0,197378
2026-08-20,RITES,RITES LIMITED,219.0,221.2,216.56,218.44,216.94,300266
2026-08-20,RKEC,RKEC PROJECTS LIMITED,23.81,24.6,21.55,22.6,23.23,195036
2026-08-20,RMC,RMC SWITCHGEARS LIMITED,252.45,256.85,250.05,251.0,251.35,41336
2026-08-20,RHL,ROBUST HOTELS LIMITED,166.0,170.0,166.0,166.75,166.0,2078
2026-08-20,ROLEXRINGS,ROLEX RINGS LIMITED,175.1,187.38,175.0,185.82,174.7,4338157
2026-08-20,ROSSARI,ROSSARI BIOTECH LIMITED,499.9,528.6,496.55,511.7,496.25,302443
2026-08-20,ROSSELLIND,ROSSELL INDIA LIMITED,55.52,58.02,55.15,56.65,56.15,80408
2026-08-20,ROSSTECH,ROSSELL TECHSYS LIMITED,1090.0,1093.7,1057.95,1076.6,1079.7,115710
2026-08-20,ROTO,ROTO PUMPS LIMITED,66.68,66.68,65.34,65.53,66.0,344246
2026-08-20,ROUTE,ROUTE MOBILE LIMITED,502.5,513.3,500.1,503.35,501.5,176913
2026-08-20,ROHLTD,ROYAL ORCHID HOTELS LTD,308.0,308.0,301.1,302.85,301.5,8126
2026-08-20,RPGLIFE,RPG LIFE SCIENCES LTD,2699.0,2699.0,2646.2,2654.8,2667.7,4053
2026-08-20,RPSGVENT,RPSG VENTURES LIMITED,860.35,895.9,856.6,868.4,864.1,27172
2026-08-20,RUBFILA,RUBFILA INTERNATIONAL LTD,69.27,69.89,67.51,68.43,69.27,16990
2026-08-20,RUBICON,RUBICON RESEARCH LIMITED,1798.8,1816.0,1750.0,1760.6,1798.8,299837
2026-08-20,RUCHINFRA,RUCHI INFRASTRUCTURE LTD,5.97,5.97,5.71,5.78,5.79,13411
2026-08-20,RUCHIRA,RUCHIRA PAPERS LIMITED,103.86,104.37,102.0,102.63,101.93,22072
2026-08-20,RUDRA,RUDRA GLOBAL INFRA PROD L,22.49,22.49,21.7,21.7,21.89,101523
2026-08-20,RUPA,RUPA & COMPANY LTD,150.6,160.0,148.56,155.29,150.27,263476
2026-08-20,RUSHIL,RUSHIL DECOR LIMITED,17.5,17.54,16.8,16.92,17.3,301202
2026-08-20,SAB,S A B INDUSTRIES LTD.,170.0,170.0,170.0,170.0,170.0,40
2026-08-20,SCHAND,S CHAND AND COMPANY LTD,137.35,137.97,133.81,135.03,137.14,61859
2026-08-20,SHK,S H KELKAR AND CO. LTD.,162.0,162.9,157.1,158.54,160.0,263948
2026-08-20,SVGLOBAL,S V GLOBAL MILL LTD.,139.5,143.49,120.93,123.53,130.0,363
2026-08-20,S&SPOWER,S&S POWER SWITCHGEARS LTD,286.4,290.0,270.1,271.7,277.35,3411
2026-08-20,SPAL,S. P. APPARELS LIMITED,934.7,955.5,916.55,923.85,920.9,102367
2026-08-20,SALSTEEL,S.A.L. STEEL LTD.,79.6,81.8,77.82,79.13,79.22,798937
2026-08-20,SAATVIKGL,SAATVIK GREEN ENERGY LTD,405.55,405.55,397.1,401.0,399.45,43480
2026-08-20,SADBHAV,SADBHAV ENGINEERING LTD,8.04,8.34,8.04,8.3,7.99,145568
2026-08-20,SAFARI,SAFARI IND (INDIA) LTD,1483.0,1507.9,1483.0,1490.2,1483.0,17163
2026-08-20,SAGCEM,SAGAR CEMENTS LIMITED,162.52,163.95,161.0,162.45,162.07,26196
2026-08-20,SAGARDEEP,SAGARDEEP ALLOYS LIMITED,24.1,24.1,23.41,23.53,23.96,7354
2026-08-20,SAGILITY,SAGILITY LIMITED,42.64,42.98,41.97,42.64,42.44,18542246
2026-08-20,SAHYADRI,SAHYADRI INDUSTRIES LTD,384.6,386.4,372.8,374.9,378.9,17597
2026-08-20,SAILIFE,SAI LIFE SCIENCES LIMITED,1436.6,1484.2,1436.4,1471.6,1422.2,513940
2026-08-20,SAIPARENT,SAI PARENTERALS LIMITED,545.0,547.45,540.0,543.4,540.4,55120
2026-08-20,KALAMANDIR,SAI SILKS (KALAMANDIR) L,85.03,87.5,85.03,86.48,84.7,353153
2026-08-20,SEKURITIND,SAINT GOBAIN SEKUR IND L,119.85,122.96,118.26,119.05,119.69,16757
2026-08-20,SAKAR,SAKAR HEALTHCARE LIMITED,879.9,894.45,876.0,884.65,871.0,36441
2026-08-20,SAKSOFT,SAKSOFT LIMITED,164.0,168.19,163.3,163.72,164.37,270696
2026-08-20,SAKHTISUG,SAKTHI SUGARS LTD,19.76,22.06,19.76,21.77,19.7,1961083
2026-08-20,SAKUMA,SAKUMA EXPORTS LIMITED,1.55,1.57,1.51,1.51,1.55,1148036
2026-08-20,SALASAR,SALASAR TECHNO ENGG. LTD.,6.05,6.09,6.0,6.01,6.06,1868417
2026-08-20,SALONA,SALONA COTSPIN LTD.,272.0,277.95,261.05,273.53,265.34,2985
2026-08-20,SALZERELEC,SALZER ELECTRONICS LTD,573.0,577.15,566.0,568.55,572.6,34493
2026-08-20,SAMBANDAM,SAMBANDAM SPINNING MILL L,114.0,126.0,113.99,126.0,105.0,8931
2026-08-20,SAMBHAAV,SAMBHAAV MEDIA LTD,6.6,6.6,6.18,6.27,6.35,33730
2026-08-20,SAMBHV,SAMBHV STEEL TUBES LTD,123.8,133.4,123.52,131.38,122.91,5353974
2026-08-20,SAMHI,SAMHI HOTELS LIMITED,158.9,162.99,158.9,160.39,159.48,315796
2026-08-20,SAMMAANCAP,SAMMAAN CAPITAL LIMITED,154.5,155.4,149.49,150.23,153.63,9159542
2026-08-20,SAMPANN,SAMPANN UTPADAN INDIA LTD,26.69,27.75,26.01,26.11,26.02,15436
2026-08-20,MOTHERSON,SAMVRDHNA MTHRSN INTL LTD,171.15,171.8,168.84,169.58,170.29,11213969
2026-08-20,SANATHAN,SANATHAN TEXTILES LIMITED,450.9,469.55,442.25,461.25,447.8,40896
2026-08-20,SANDESH,SANDESH LTD,1059.0,1073.85,1026.2,1030.45,1051.5,1817
2026-08-20,SANDHAR,SANDHAR TECHNOLOGIES LTD,639.7,651.0,630.0,648.0,636.65,188625
2026-08-20,SANDUMA,SANDUR MANG & IRON ORES L,198.4,200.14,196.0,196.95,196.45,383955
2026-08-20,SANGAMIND,SANGAM (INDIA) LTD,572.4,581.9,571.35,578.05,576.75,19851
2026-08-20,SANGHVIMOV,SANGHVI MOVERS LTD,503.75,507.95,489.0,490.7,498.75,231013
2026-08-20,SANOFICONR,SANOFI CONS HEALTHC IND L,4263.9,4263.9,4203.1,4213.1,4221.7,12255
2026-08-20,SANOFI,SANOFI INDIA LIMITED,3299.0,3330.0,3258.1,3321.0,3271.3,17046
2026-08-20,SANSERA,SANSERA ENGINEERING LTD,3938.1,3961.1,3860.0,3900.2,3894.3,91741
2026-08-20,SANSTAR,SANSTAR LIMITED,106.99,107.22,105.05,105.23,106.19,172435
2026-08-20,SAPPHIRE,SAPPHIRE FOODS INDIA LTD,234.5,245.45,234.5,241.35,233.71,2320015
2026-08-20,ZSARACOM,SARASWATI COMM (INDIA) L,12454.0,12620.0,12230.0,12416.0,12454.0,31
2026-08-20,SSDL,SARASWATI SAREE DEPOT LTD,59.66,61.0,58.9,59.3,59.76,16511
2026-08-20,SARDAEN,SARDA ENERGY & MIN LTD,512.0,516.5,507.15,509.35,512.05,301570
2026-08-20,SAREGAMA,SAREGAMA INDIA LIMITED,508.55,523.8,508.55,520.2,508.5,279399
2026-08-20,SARLAPOLY,SARLA PERF. FIBERS LTD,100.45,100.5,98.6,98.85,100.1,25697
2026-08-20,SMLT,SARTHAK METALS LIMITED,70.4,71.2,68.55,70.18,68.53,5469
2026-08-20,SARVESHWAR,SARVESHWAR FOODS LIMITED,3.4,3.44,3.39,3.39,3.4,1057591
2026-08-20,SASKEN,SASKEN TECHNOLOGIES LTD,1954.8,1954.8,1861.2,1874.1,1913.4,15905
2026-08-20,SATIA,SATIA INDUSTRIES LIMITED,58.04,58.37,56.85,57.71,57.74,98276
2026-08-20,SATIN,SATIN CREDIT NET LTD,227.7,231.0,226.0,226.98,225.09,163566
2026-08-20,SAURASHCEM,SAURASHTRA CEMENT LIMITED,57.84,59.2,57.51,58.25,57.7,63428
2026-08-20,SOTL,SAVITA OIL TECHNOLO. LTD,702.0,704.45,682.1,688.55,699.4,249090
2026-08-20,SAYAJIHOTL,SAYAJI HOTELS LTD.,327.5,338.0,322.0,322.35,323.6,338
2026-08-20,SAYAJIIND,SAYAJI INDUSTRIES LTD.,111.9,116.0,106.5,114.64,111.9,2666
2026-08-20,SBC,SBC EXPORTS LIMITED,38.98,40.2,38.89,39.86,38.88,11579386
2026-08-20,SBFC,SBFC FINANCE LIMITED,92.77,94.25,92.77,93.99,92.77,836056
2026-08-20,SBICARD,SBI CARDS & PAY SER LTD,626.8,654.35,626.75,647.05,623.65,5399356
2026-08-20,SBIFUNDS,SBI FUNDS MANAGEMENT LTD,557.0,563.0,552.25,555.5,553.95,2461681
2026-08-20,SBILIFE,SBI LIFE INSURANCE CO LTD,1790.0,1792.5,1775.4,1782.0,1780.4,687833
2026-08-20,SETFGOLD,SBI-ETF GOLD,132.98,133.49,132.07,133.01,129.74,4964766
2026-08-20,SETFNIF50,SBI-ETF NIFTY 50,261.84,261.84,260.27,261.22,259.51,2237839
2026-08-20,SETFNIFBK,SBI-ETF NIFTY BANK,590.93,593.95,590.93,591.82,588.77,10474
2026-08-20,SETFNN50,SBI-ETF NIFTY NEXT 50,801.2,801.2,794.86,796.19,793.19,16350
2026-08-20,LIQUIDSBI,SBIAMC - LIQUIDSBI,1000.0,1000.01,999.99,1000.01,1000.0,1479
2026-08-20,SBIBPB,SBIAMC - SBIBPB,49.85,50.33,49.76,50.09,49.85,18245
2026-08-20,SBIETFCON,SBIAMC - SBIETFCON,120.27,125.36,120.27,124.63,123.36,2225
2026-08-20,SBIETFIT,SBIAMC - SBIETFIT,338.01,343.46,338.01,340.66,336.74,4393
2026-08-20,SBIETFPB,SBIAMC - SBIETFPB,280.95,281.16,279.01,279.35,278.82,7243
2026-08-20,SBIETFQLTY,SBIAMC - SBIETFQLTY,224.87,226.02,224.63,225.02,224.63,367
2026-08-20,SBILIQETF,SBIAMC - SBILIQETF,1052.53,1052.53,1052.51,1052.53,1052.4,10403
2026-08-20,SBIMIDMOM,SBIAMC - SBIMIDMOM,64.19,64.21,63.64,63.92,63.66,139703
2026-08-20,SBINEQWETF,SBIAMC - SBINEQWETF,33.99,34.12,33.52,33.55,33.45,15445
2026-08-20,SBINMID150,SBIAMC - SBINMID150,23.53,23.6,23.42,23.53,23.38,35609
2026-08-20,SBISILVER,SBIAMC - SBISILVER,229.82,232.63,229.82,230.8,221.77,2365422
2026-08-20,SBISMLETF,SBIAMC - SBISMLETF,18.44,18.46,18.33,18.35,18.26,19210
2026-08-20,SBIVALETF,SBIAMC - SBIVALETF,15.03,15.03,14.72,14.75,15.03,31246
2026-08-20,SETF10GILT,SBIAMC - SETF10GILT,258.76,266.36,258.76,265.19,265.4,1967
2026-08-20,SCHAEFFLER,SCHAEFFLER INDIA LIMITED,4152.4,4202.6,4041.0,4049.3,4104.9,51211
2026-08-20,SCHNEIDER,SCHNEIDER ELECTRIC INFRA,1270.0,1271.7,1236.0,1242.6,1253.8,433570
2026-08-20,SCODATUBES,SCODA TUBES LIMITED,126.07,129.0,125.25,126.68,126.07,172945
2026-08-20,SEAMECLTD,SEAMEC LIMITED,1650.0,1719.9,1633.2,1699.0,1635.7,636074
2026-08-20,SECMARK,SECMARK CONSULTANCY LTD,133.0,133.0,123.3,125.0,128.0,2516
2026-08-20,SECURKLOUD,SECUREKLOUD TECH LIMITED,17.85,18.35,17.5,18.24,17.85,11807
2026-08-20,SEDEMAC,SEDEMAC MECHATRONICS LTD,3267.0,3349.7,3227.6,3261.4,3222.7,136798
2026-08-20,SEJALLTD,SEJAL GLASS LIMITED,687.75,688.0,650.1,662.85,684.3,11409
2026-08-20,SELMC,SEL MANUFACTURING CO LTD,26.55,30.0,26.55,28.0,27.09,11544
2026-08-20,SEMAC,SEMAC CONSTRUCTION LTD,298.1,298.1,282.0,284.7,296.65,1576
2026-08-20,SENCO,SENCO GOLD LIMITED,335.45,340.4,333.05,336.3,331.6,867529
2026-08-20,SENORES,SENORES PHARMACEUTICALS L,1568.8,1569.0,1484.5,1513.3,1550.9,147284
2026-08-20,SEPC,SEPC LIMITED,5.75,6.09,5.73,5.97,5.71,17431090
2026-08-20,SERVOTECH,SERVOTECH REN POW SYS LTD,81.0,82.9,81.0,82.56,81.14,294919
2026-08-20,STYL,SESHAASAI TECHNOLOGIES L,384.0,408.0,380.0,401.35,379.5,302275
2026-08-20,SESHAPAPER,SESHASAYEE PAPER & BOARDS,229.94,233.39,228.21,230.36,226.75,29610
2026-08-20,SGFIN,SG FINSERVE LIMITED,698.5,708.75,682.0,684.65,692.75,219085
2026-08-20,SGMART,SG MART LIMITED,801.0,824.0,782.4,805.2,803.2,779409
2026-08-20,SGLRES,SGL RESOURCES LIMITED,2.4,2.51,2.28,2.45,2.4,46364
2026-08-20,SHADOWFAX,SHADOWFAX TECHNOLOGIES L,265.0,268.65,234.0,258.0,264.84,4019033
2026-08-20,SHAHALLOYS,SHAH ALLOYS LIMITED,81.9,82.8,76.01,77.3,80.68,45869
2026-08-20,SHAH,SHAH METACORP LIMITED,4.03,4.05,3.9,3.95,3.91,3308394
2026-08-20,SHAILY,SHAILY ENG PLASTICS LTD,3384.3,3406.3,3330.1,3350.0,3367.2,68817
2026-08-20,SHAKTIPUMP,SHAKTI PUMPS (I) LTD,494.2,512.1,492.7,506.2,492.4,762551
2026-08-20,SHALBY,SHALBY LIMITED,155.36,157.6,153.2,154.57,155.45,73225
2026-08-20,SAHLIBHFI,SHALIBHADRA FINANCE LTD,72.49,74.05,71.09,73.9,71.09,10148
2026-08-20,SRD,SHANKAR LAL RAMPAL LTD,40.94,41.0,38.5,39.42,40.94,38815
2026-08-20,SHANKARA,SHANKARA BLDG PRODUCT LTD,142.4,143.64,142.0,142.21,142.54,114230
2026-08-20,BUILDPRO,SHANKARA BUILDPRO LIMITED,1279.0,1281.4,1254.5,1263.1,1273.0,31185
2026-08-20,SHANTIGEAR,SHANTHI GEARS LTD,388.7,393.05,385.5,386.9,386.65,23336
2026-08-20,SEIL,SHANTI EDU INITIATIVES L,211.3,215.6,209.1,210.81,210.93,348672
2026-08-20,SHANTIGOLD,SHANTI GOLD INTERNATION L,246.0,255.97,242.22,254.06,241.75,2410206
2026-08-20,SHANTI,SHANTI OVERSEAS INDIA LTD,6.12,6.4,6.12,6.38,6.28,41012
2026-08-20,SHINDL,SHARAT INDUSTRIES LTD.,168.0,168.0,160.05,162.12,165.38,56691
2026-08-20,SHARDACROP,SHARDA CROPCHEM LTD.,774.0,783.45,762.1,763.45,770.7,172419
2026-08-20,SHARDAMOTR,SHARDA MOTOR INDS LTD,951.0,958.15,917.1,922.4,943.0,42487
2026-08-20,SHAREINDIA,SHARE IND. SECURITIES LTD,174.67,178.85,173.81,175.28,175.26,432413
2026-08-20,SFL,SHEELA FOAM LIMITED,681.0,685.1,665.0,666.2,678.45,104292
2026-08-20,SCPL,SHEETAL COOL PRODUCTS LTD,689.0,689.0,665.0,670.55,678.2,23872
2026-08-20,SHERVANI,SHERVANI INDUSTRIAL SYN L,338.0,349.95,338.0,349.95,342.15,34
2026-08-20,SHILCTECH,SHILCHAR TECHNOLOGIES LTD,3939.0,3961.7,3846.1,3867.2,3913.3,19425
2026-08-20,SHILGRAVQ,SHILP GRAVURES LTD.,175.0,175.0,158.6,162.51,169.49,9977
2026-08-20,SHILPAMED,SHILPA MEDICARE LTD,814.0,834.1,808.35,820.95,807.75,1309015
2026-08-20,SCILAL,SHIPPING CORP OF ILA LTD,40.22,40.46,39.8,40.01,40.21,202309
2026-08-20,SCI,SHIPPING CORP OF INDIA LT,296.85,296.85,290.15,291.15,295.35,1187896
2026-08-20,SHIPROCKET,SHIPROCKET LIMITED,149.9,156.9,137.86,141.65,143.45,110197387
2026-08-20,SHIVAUM,SHIV AUM STEELS LIMITED,447.0,450.0,445.0,445.0,447.15,1969
2026-08-20,SHIVACEM,SHIVA CEMENT LTD.,16.71,17.0,16.55,16.68,16.97,73171
2026-08-20,SHIVAAGRO,SHIVA GLOBAL AGRO INDS. L,41.0,43.3,40.35,41.82,40.39,4493
2026-08-20,SHIVAMILLS,SHIVA MILLS LIMITED,59.6,62.12,59.6,60.01,61.4,2051
2026-08-20,SHIVATEX,SHIVA TEXYARN LIMITED,168.13,168.13,163.2,164.58,166.1,1501
2026-08-20,SBCL,SHIVALIK BIMETAL CON. LTD,1039.35,1059.8,1020.05,1025.35,1025.55,336648
2026-08-20,SHOPERSTOP,SHOPPERS STOP LIMITED,420.5,428.4,416.05,419.9,417.15,19326
2026-08-20,SHRADDHA,SHRADDHA PRIME PROJECTS L,158.7,158.7,150.5,155.82,154.14,2012
2026-08-20,SHRADHA,SHRADHA REALTY LIMITED,31.0,33.5,31.0,33.38,33.88,35134
2026-08-20,SHREEPUSHK,SHRE PUSH CHEM & FERT LTD,381.95,410.0,381.9,406.65,385.8,92655
2026-08-20,SAPPL,SHREE AJIT PULP & PAPER L,287.0,291.85,278.0,284.1,289.55,785
2026-08-20,SHREECEM,SHREE CEMENT LIMITED,24700.0,24700.0,24245.0,24300.0,24340.0,18766
2026-08-20,SHREDIGCEM,SHREE DIGVIJAY CEM CO LTD,71.0,71.5,70.0,70.21,70.36,31256
2026-08-20,SGRL,SHREE GANESH REMEDIES LTD,521.05,525.5,493.5,501.05,518.35,7823
2026-08-20,SRTL,SHREE RAM TWISTEX LIMITED,38.65,41.0,38.0,39.35,38.84,40176
2026-08-20,SHREERAMA,SHREE RAMA MULTI TECH LTD,45.14,45.22,43.11,44.93,44.37,99067
2026-08-20,RAMANEWS,SHREE RAMA NEWSPRINT LTD,32.5,32.95,30.7,31.66,32.4,17981
2026-08-20,RENUKA,SHREE RENUKA SUGARS LTD,24.7,26.43,24.5,26.13,24.24,95136169
2026-08-20,BALAJEE,SHREE TIRUPATI BALAJEE L,27.4,27.4,26.0,26.77,26.26,103545
2026-08-20,SHREEJISPG,SHREEJI SHIPPING GLOBAL L,657.0,661.95,609.85,613.35,649.45,1441163
2026-08-20,OSWALSEEDS,SHREEOSWAL S AND CHE LTD,13.35,13.6,13.05,13.16,13.3,126163
2026-08-20,SHREYANIND,SHREYANS INDUSTRIES LTD,131.0,131.0,125.0,126.07,127.83,4867
2026-08-20,SHBAJRG,SHRI BAJRANG ALLIANCE L,174.9,174.9,171.0,171.5,173.58,882
2026-08-20,SHRJAGP,SHRI JAGDAMBA POLYMERS L,712.0,716.0,672.0,689.4,709.2,532
2026-08-20,SHRIKRISH,SHRI KRISHNA DEVCON LTD.,38.46,38.46,38.0,38.0,38.46,168
2026-08-20,VASUPRADA,SHRI VASUPRADA PLANTATI L,96.07,96.07,96.07,96.07,96.06,15
2026-08-20,SHRINGARMS,SHRINGAR HOU OF MANGALS L,226.8,227.7,223.5,223.98,224.48,136632
2026-08-20,LIQUIDSHRI,SHRIRAM - LIQUIDSHRI,1118.05,1118.05,1118.03,1118.04,1117.89,11363
2026-08-20,SHRIRAMFIN,SHRIRAM FINANCE LIMITED,1118.9,1135.4,1115.5,1128.2,1106.0,3313774
2026-08-20,SHRIRAMPPS,SHRIRAM PROPERTIES LTD,77.89,78.3,77.25,77.67,77.31,302221
2026-08-20,SHUKRAPHAR,SHUKRA PHARMACEUTICALS L,43.73,45.78,42.89,43.33,42.67,416182
2026-08-20,SHYAMMETL,SHYAM METALICS AND ENGY L,1000.0,1000.0,986.6,996.8,989.9,80716
2026-08-20,SHYAMTEL,SHYAM TELECOM LIMITED,15.45,15.45,14.33,15.0,14.19,5739
2026-08-20,SICAGEN,SICAGEN INDIA LIMITED,55.85,57.5,55.11,55.85,55.85,133078
2026-08-20,ENRIN,SIEMENS ENERGY INDIA LTD,3509.0,3529.0,3426.8,3435.3,3483.0,277750
2026-08-20,SIEMENS,SIEMENS LTD,3935.1,3954.8,3880.0,3880.0,3898.9,189186
2026-08-20,SIGACHI,SIGACHI INDUSTRIES LTD,29.0,31.82,29.0,30.31,28.88,8442916
2026-08-20,SIGMAADV,SIGMA ADVANCED SYSTEM LTD,714.9,714.9,661.2,664.45,691.35,701713
2026-08-20,SIGMA,SIGMA SOLVE LIMITED,47.0,48.25,46.59,46.76,46.12,101107
2026-08-20,SIGNATURE,SIGNATUREGLOBAL INDIA LTD,787.2,804.9,786.95,801.0,784.9,188536
2026-08-20,SIGIND,SIGNET INDUSTRIES LIMITED,70.98,73.8,69.71,73.29,70.32,101314
2026-08-20,SIGNPOST,SIGNPOST INDIA LIMITED,268.5,273.5,263.3,266.35,266.15,41646
2026-08-20,SIKA,SIKA INTERPLANT SYSTEMS L,1040.3,1047.6,990.0,999.8,1035.1,58658
2026-08-20,SILINV,SIL INVESTMENTS LIMITED,440.0,462.75,438.05,449.9,438.05,6807
2026-08-20,SILGO,SILGO RETAIL LIMITED,71.19,71.19,69.42,70.0,69.89,198672
2026-08-20,SILLYMONKS,SILLY MONKS ENTERTAIN LTD,15.7,15.88,15.05,15.6,15.89,37190
2026-08-20,SILVERTUC,SILVER TOUCH TECHNO LTD,197.9,197.9,193.05,195.33,196.52,362021
2026-08-20,SIMPLEXINF,SIMPLEX INFRASTRUCTURES L,264.9,264.9,258.3,259.45,261.65,24427
2026-08-20,SIMPLXREA,SIMPLEX REALTY LTD.,130.1,130.1,117.76,121.77,123.92,613
2026-08-20,SINCLAIR,SINCLAIRS HOTELS LIMITED,76.0,76.38,74.02,75.37,75.22,21656
2026-08-20,SINDHUTRAD,SINDHU TRADE LINKS LTD,24.24,24.27,23.75,23.9,24.11,294319
2026-08-20,SINGERIND,SINGER INDIA LIMITED,85.8,89.87,82.3,83.99,83.36,228438
2026-08-20,SINTERCOM,SINTERCOM INDIA LIMITED,86.99,86.99,79.06,79.39,85.0,5959
2026-08-20,SIRCA,SIRCA PAINT INDIA LIMITED,444.9,451.0,436.0,449.75,442.3,1246131
2026-08-20,SIS,SIS LIMITED,412.4,417.7,410.2,413.2,414.5,146530
2026-08-20,SIYSIL,SIYARAM SILK MILLS LTD,640.0,652.0,634.55,647.55,632.8,96914
2026-08-20,SJS,SJS ENTERPRISES LIMITED,2540.0,2551.0,2482.0,2497.9,2508.0,86267
2026-08-20,SJVN,SJVN LTD,66.11,66.7,65.82,65.91,66.04,1684377
2026-08-20,SKFINDUS,SKF IND (INDUSTRIAL) LTD,2815.0,2907.1,2725.8,2753.7,2800.4,92399
2026-08-20,SKFINDIA,SKF INDIA LTD,1645.5,1683.2,1590.0,1601.7,1629.7,102843
2026-08-20,SKIPPER,SKIPPER LIMITED,553.95,558.9,546.7,555.45,550.85,794407
2026-08-20,SKMEGGPROD,SKM EGG PROD EXPORT(I) LT,256.0,260.8,253.15,255.48,253.26,241678
2026-08-20,SKYGOLD,SKY GOLD AND DIAMONDS LTD,784.3,796.5,775.0,778.55,777.75,518661
2026-08-20,SMARTWORKS,SMARTWORKS COWORKING SP L,510.5,517.7,500.5,511.3,502.35,95737
2026-08-20,SMCGLOBAL,SMC GLOBAL SECURITIES LTD,81.9,83.59,80.0,81.13,81.33,1113126
2026-08-20,SMLMAH,SML MAHINDRA LIMITED,5279.0,5304.5,5135.0,5159.5,5228.5,47627
2026-08-20,SMSPHARMA,SMS PHARMACEUTICALS LTD.,357.5,364.15,355.0,356.5,356.05,111900
2026-08-20,SNOWMAN,SNOWMAN LOGISTICS LTD.,37.66,38.0,37.49,37.55,37.61,69435
2026-08-20,SOBHA,SOBHA LIMITED,1289.0,1308.9,1275.9,1303.6,1274.1,64406
2026-08-20,SOFTTECH,SOFTTECH ENGINEERS LTD,421.45,433.2,420.0,424.4,421.45,1131
2026-08-20,SOLARINDS,SOLAR INDUSTRIES (I) LTD,19190.0,19865.0,19190.0,19760.0,19721.0,93860
2026-08-20,SOLARA,SOLARA ACTIVE PHA SCI LTD,551.95,654.4,551.95,640.0,550.05,6915687
2026-08-20,SOLARWORLD,SOLARWORLD ENERGY SOL LTD,153.81,155.39,149.5,149.82,153.57,316478
2026-08-20,SOLEX,SOLEX ENERGY LIMITED,800.95,802.6,766.15,772.3,789.1,39230
2026-08-20,SDBL,SOM DIST & BREW LTD,73.3,74.9,73.3,73.57,73.11,454140
2026-08-20,SOMATEX,SOMA TEXTILES & INDUST LT,84.0,88.44,83.06,87.37,85.94,8404
2026-08-20,SOMANYCERA,SOMANY CERAMICS LIMITED,515.9,517.25,507.0,511.1,509.25,182132
2026-08-20,SOMICONVEY,SOMI CONVEYOR BELT. LTD.,96.0,103.93,95.0,100.07,86.61,687119
2026-08-20,SONACOMS,SONA BLW PRECISION FRGS L,827.5,844.0,820.4,821.9,823.5,2824539
2026-08-20,SONAMLTD,SONAM LIMITED,66.0,67.9,65.11,67.16,67.19,280714
2026-08-20,SONATSOFTW,SONATA SOFTWARE LTD,308.65,318.15,305.1,306.0,307.8,1344862
2026-08-20,SOUTHWEST,SOUTH WEST PINNACLE LTD,219.0,220.87,214.0,215.37,216.75,309533
2026-08-20,SPCENET,SPACENET ENTERS IND LTD,3.4,3.69,3.35,3.36,3.36,1102368
2026-08-20,SPANDANA,SPANDANA SPHOORTY FIN LTD,239.35,247.4,239.35,243.45,239.3,173370
2026-08-20,SPELS,SPEL SEMICONDUCTOR LTD,147.13,153.8,147.0,150.22,147.13,39568
2026-08-20,SPENCERS,SPENCER S RETAIL LIMITED,30.71,31.2,30.5,30.53,30.57,21094
2026-08-20,SPIC,SPIC LTD,68.3,68.57,67.7,68.03,68.05,225701
2026-08-20,SPLIL,SPL INDUSTRIES LIMITED,29.5,31.8,29.5,30.79,29.42,8362
2026-08-20,SPMLINFRA,SPML INFRA LIMITED,197.9,197.9,190.25,190.89,195.56,183694
2026-08-20,SPORTKING,SPORTKING INDIA LIMITED,211.55,218.5,209.25,212.34,209.62,578400
2026-08-20,SHRIPISTON,SPR AUTO TECHNOLOGIES LTD,4510.9,4525.2,4450.1,4513.8,4454.0,70958
2026-08-20,SRHHYPOLTD,SREE RAYALSEEMA HHP LTD.,479.15,485.45,471.5,473.2,479.2,10656
2026-08-20,SREEL,SREELEATHERS LIMITED,255.06,255.06,243.0,244.24,248.27,9862
2026-08-20,SRF,SRF LTD,2595.0,2595.2,2570.0,2574.5,2578.6,81501
2026-08-20,SRGHFL,SRG HOUSING FINANCE L,265.0,265.0,262.0,262.45,260.1,538
2026-08-20,HAVISHA,SRI HAVISHA HOSP & INFR L,1.55,1.55,1.36,1.4,1.4,36887
2026-08-20,SRIKPRIND,SRI KPR INDUSTRIES LTD.,20.99,21.14,19.42,19.9,20.2,3501
2026-08-20,SRM,SRM CONTRACTORS LIMITED,497.4,498.4,480.0,481.1,493.75,68207
2026-08-20,SETL,STANDARD ENGNG TCNLGY LTD,312.0,315.6,301.2,304.95,309.6,474162
2026-08-20,SIL,STANDARD INDUSTRIES LTD.,19.56,19.94,19.0,19.11,19.56,89205
2026-08-20,STANLEY,STANLEY LIFESTYLES LTD,135.94,143.91,135.94,139.6,136.09,260821
2026-08-20,STARCEMENT,STAR CEMENT LIMITED,193.94,196.04,191.5,194.37,193.94,384194
2026-08-20,STARHEALTH,STAR HEALTH & AL INS CO L,585.0,588.45,573.0,575.5,582.8,268454
2026-08-20,STARPAPER,STAR PAPER MILLS LTD,146.55,149.0,143.05,145.12,146.22,11301
2026-08-20,STARTECK,STARTECK FINANCE LIMITED,256.95,260.1,250.55,251.1,257.05,7816
2026-08-20,SBIN,STATE BANK OF INDIA,1052.9,1052.9,1045.7,1048.0,1048.6,5879949
2026-08-20,SAIL,STEEL AUTHORITY OF INDIA,174.1,176.43,173.41,174.9,172.75,14055438
2026-08-20,STEELCITY,STEEL CITY SECURITIES LTD,82.18,83.0,80.3,81.29,82.18,8811
2026-08-20,STEELXIND,STEEL EXCHANGE INDIA LTD,10.73,10.87,10.25,10.54,10.67,2639587
2026-08-20,STLSTRINF,STEEL STRIPS INFRA L,19.88,19.88,18.0,18.23,19.09,453
2026-08-20,SSWL,STEEL STRIPS WHEELS LTD.,316.25,319.6,303.0,304.8,315.85,530501
2026-08-20,STEELCAS,STEELCAST LIMITED,363.65,363.65,353.0,358.7,357.35,137308
2026-08-20,STEL,STEL HOLDINGS LIMITED,591.1,591.1,581.5,584.35,581.0,2076
2026-08-20,SGL,STL GLOBAL LIMITED,9.62,9.97,9.62,9.72,9.76,2414
2026-08-20,STLNETWORK,STL NETWORKS LIMITED,25.23,25.75,24.65,25.25,24.97,742593
2026-08-20,STOVEKRAFT,STOVE KRAFT LIMITED,764.1,793.9,761.25,775.95,756.55,116334
2026-08-20,STAR,STRIDES PHARMA SCI LTD,986.5,1056.0,970.0,993.0,957.5,4948966
2026-08-20,SWSOLAR,STRLNG & WIL REN ENE LTD,196.0,198.99,195.9,196.48,195.99,438874
2026-08-20,STUDDS,STUDDS ACCESSORIES LTD,445.9,449.9,444.5,448.0,448.0,18024
2026-08-20,STYLAMIND,STYLAM INDUSTRIES LIMITED,3706.9,3706.9,3599.6,3617.3,3664.3,25975
2026-08-20,STYRENIX,STYRENIX PERFORMANCE LTD,2140.0,2146.5,2090.6,2108.5,2126.6,47030
2026-08-20,SUBEXLTD,SUBEX LTD,15.99,17.18,15.26,17.08,15.92,11625575
2026-08-20,SUBROS,SUBROS LIMITED,735.5,746.25,734.0,735.55,737.2,35692
2026-08-20,SUDARSCHEM,SUDARSHAN CHEMICAL INDS L,1144.8,1195.0,1134.9,1186.5,1134.9,828785
2026-08-20,SUDARCOLOR,SUDARSHAN COLORNT IND LTD,405.75,406.0,399.8,402.15,405.75,5508
2026-08-20,SUDEEPPHRM,SUDEEP PHARMA LIMITED,1178.0,1180.0,1098.6,1107.8,1156.4,297022
2026-08-20,SUKHJITS,SUKHJIT STARCH & CHEM LTD,156.0,165.18,156.0,159.93,156.21,19795
2026-08-20,SULA,SULA VINEYARDS LIMITED,146.34,146.49,144.0,145.21,145.43,228399
2026-08-20,SUMEDHA,SUMEDHA FISCAL SERVICES L,39.87,39.87,38.0,38.27,39.87,3791
2026-08-20,SUMEETINDS,SUMEET IND LIMITED,12.64,13.38,12.24,13.38,12.75,10931355
2026-08-20,SUMIT,SUMIT WOODS LIMITED,53.04,54.95,52.7,53.64,53.51,27806
2026-08-20,SUMICHEM,SUMITOMO CHEM INDIA LTD,552.0,556.2,550.0,551.8,554.2,133958
2026-08-20,SUMMITSEC,SUMMIT SECURITIES LTD,1429.9,1451.9,1421.0,1427.2,1430.2,2440
2026-08-20,SPARC,SUN PHARMA ADV.RES.CO.LTD,192.92,203.23,192.9,199.59,193.11,842175
2026-08-20,SUNPHARMA,SUN PHARMACEUTICAL IND L,1905.0,1911.6,1890.3,1904.0,1900.0,893691
2026-08-20,SUNTV,SUN TV NETWORK LIMITED,481.0,483.2,474.0,477.55,480.9,330340
2026-08-20,SUNCLAY,SUNDARAM CLAYTON LIMITED,1288.8,1290.0,1270.6,1275.9,1281.1,3320
2026-08-20,SUNDARMFIN,SUNDARAM FINANCE LTD,4488.5,4525.0,4479.2,4503.4,4485.1,14929
2026-08-20,SUNDARAM,SUNDARAM MULTI PAP LTD,1.34,1.34,1.26,1.26,1.29,775865
2026-08-20,SUNDRMFAST,SUNDRAM FASTENERS LTD,1249.9,1249.9,1223.0,1228.4,1242.2,95563
2026-08-20,SUNDROP,SUNDROP BRANDS LIMITED,646.7,655.25,646.0,652.35,649.95,7510
2026-08-20,SUNFLAG,SUNFLAG IRON AND STEEL CO,354.15,365.5,353.0,358.15,353.55,140449
2026-08-20,SUNLOC,SUNIL HEALTHCARE LTD.,67.5,68.0,67.5,68.0,68.38,26
2026-08-20,SUNRAKSHAK,SUNRAKSHAKK INDUS IND L,377.0,377.6,371.0,375.4,377.25,7222
2026-08-20,SUNSHIEL,SUNSHIELD CHEMICALS LTD.,1243.3,1279.9,1243.3,1264.0,1273.4,1195
2026-08-20,SUNTECK,SUNTECK REALTY LIMITED,296.2,298.0,293.05,294.35,296.2,174440
2026-08-20,SUPTANERY,SUPER TANNERY LTD.,7.9,7.9,7.17,7.31,7.81,97254
2026-08-20,SUPERHOUSE,SUPERHOUSE LIMITED,164.0,170.74,164.0,164.53,164.0,3735
2026-08-20,SIEL,SUPERIOR INDUSTRIAL ENT L,44.54,44.54,40.3,40.3,42.42,8968
2026-08-20,SUPRAJIT,SUPRAJIT ENGINEERING LTD,520.2,522.35,509.45,511.35,517.65,91532
2026-08-20,SUPREME,SUPREME HOLDIN N HOSP I L,43.5,43.5,38.55,39.28,39.53,46159
2026-08-20,SUPREMEIND,SUPREME INDUSTRIES LTD,3611.0,3674.9,3602.0,3650.0,3610.0,143243
2026-08-20,SUPREMEINF,SUPREME INFRA. LTD.,87.9,87.9,85.01,85.36,86.15,45741
2026-08-20,SPLPETRO,SUPREME PETROCHEM LIMITED,709.9,709.9,696.1,700.7,702.6,28299
2026-08-20,SUPRIYA,SUPRIYA LIFESCIENCE LTD,788.5,826.0,788.5,811.7,787.8,304269
2026-08-20,SURAJEST,SURAJ ESTATE DEVELOPERS L,206.21,206.91,198.0,198.56,205.87,168263
2026-08-20,SURAJLTD,SURAJ LIMITED,201.0,204.7,192.0,195.94,203.32,8854
2026-08-20,SURAKSHA,SURAKSHA DIAGNOSTIC LTD,307.2,313.0,295.85,305.15,308.5,142607
2026-08-20,SURANASOL,SURANA SOLAR LIMITED,26.54,26.54,25.7,25.74,26.11,25901
2026-08-20,SURANAT&P,SURANA TELECOM AND POW LT,16.5,16.6,16.15,16.29,16.15,31203
2026-08-20,SBGLP,SURATWWALA BUS GROUP LTD,24.11,25.07,24.11,24.62,24.36,7781
2026-08-20,SURYAROSNI,SURYA ROSHNI LTD,219.9,222.09,216.8,218.53,218.71,949259
2026-08-20,SURYALAXMI,SURYALAKSHMI COT MIL LTD,57.21,58.95,56.66,57.6,56.37,7942
2026-08-20,SURYALA,SURYALATA SPINNING MILL L,374.0,390.0,374.0,385.0,380.1,67
2026-08-20,SURYODAY,SURYODAY SMALL FIN BK LTD,151.0,157.44,150.78,154.54,151.73,453556
2026-08-20,SUVEN,SUVEN LIFE SCIENCES LTD,335.0,377.45,335.0,373.6,332.55,3256478
2026-08-20,SUVIDHAA,SUVIDHAA INFOSERVE LTD,2.48,2.48,2.37,2.41,2.38,97764
2026-08-20,SUYOG,SUYOG TELEMATICS LIMITED,759.25,766.0,730.0,740.5,759.25,36225
2026-08-20,SUZLON,SUZLON ENERGY LIMITED,46.82,47.55,46.8,47.0,46.77,31120638
2026-08-20,SVPGLOB,SVP GLOBAL TEXTILES LTD,3.68,3.85,3.68,3.78,3.72,28148
2026-08-20,SWANCORP,SWAN CORP LIMITED,303.5,307.9,301.6,305.55,303.2,749117
2026-08-20,SWARAJENG,SWARAJ ENGINES LTD,3590.9,3635.0,3576.1,3602.6,3588.8,3898
2026-08-20,SWARAJ,SWARAJ SUITING LIMITED,369.0,375.9,366.0,372.0,367.05,388491
2026-08-20,SWARNSAR,SWARNSARITA JEWELS IND L,36.0,36.25,34.5,34.56,34.25,3168
2026-08-20,SWELECTES,SWELECT ENERGY SYS LTD,604.6,623.9,604.6,608.8,606.55,29736
2026-08-20,SWIGGY,SWIGGY LIMITED,275.1,285.4,273.75,279.0,272.4,18244359
2026-08-20,SWISSMLTRY,SWISS MILITARY CON GOOD L,15.19,16.8,14.0,16.44,14.75,870159
2026-08-20,SYMPHONY,SYMPHONY LIMITED,603.75,620.0,603.75,616.15,602.05,52306
2026-08-20,SYNCOMF,SYNCOM FORMU (I) LTD,15.48,15.75,15.4,15.46,15.33,2713220
2026-08-20,SGIL,SYNERGY GREEN IND. LTD,545.0,564.0,545.0,562.05,555.25,3017
2026-08-20,SYNGENE,SYNGENE INTERNATIONAL LTD,400.0,402.85,394.9,395.5,396.85,1883583
2026-08-20,SYRMA,SYRMA SGS TECHNOLOGY LTD,1504.8,1525.8,1415.7,1443.7,1494.8,1342162
2026-08-20,TGVSL,T G V SRAAC LTD.,106.4,108.0,104.6,105.68,105.4,134805
2026-08-20,TTL,T T LIMITED,6.46,6.6,6.11,6.22,6.33,321646
2026-08-20,TAALTECH,TAAL TECH LTD.,4283.1,4283.1,4200.0,4218.0,4227.7,2077
2026-08-20,TAINWALCHM,TAINWALA CHEMICAL AND PLA,222.1,238.9,212.3,223.76,218.22,64173
2026-08-20,TAJGVK,TAJ GVK HOTELS & RESORTS,346.55,349.85,344.7,347.9,344.05,35916
2026-08-20,TAKE,TAKE LIMITED,23.37,23.37,21.75,21.84,22.89,689149
2026-08-20,TALBROAUTO,TALBROS AUTO. COMP. LTD,423.1,428.15,409.0,412.0,423.05,291141
2026-08-20,TMB,TAMILNAD MERCA BANK LTD,840.1,872.55,840.1,869.7,838.85,202411
2026-08-20,TNPL,TAMILNADU NEWSPRT & PAPER,138.85,140.16,138.2,139.85,138.69,114229
2026-08-20,TNPETRO,TAMILNADU PETROPRODUCTS L,114.9,118.7,113.0,114.88,113.47,777539
2026-08-20,TNTELE,TAMILNADU TELECOMMUNICATI,9.1,9.1,8.81,8.91,8.99,9066
2026-08-20,TANAA,TANEJA AEROSPACE & AVIA L,320.0,320.0,304.9,307.85,310.2,6494
2026-08-20,TANLA,TANLA PLATFORMS LIMITED,573.25,592.55,570.85,572.8,571.2,434502
2026-08-20,TARACHAND,TARA CHAND INFRA SOLN LTD,48.67,48.67,47.3,47.82,47.95,40055
2026-08-20,TARAPUR,TARAPUR TRANSFORMERS LTD,15.72,16.06,14.5,15.18,15.34,83203
2026-08-20,TARC,TARC LIMITED,120.9,123.45,119.31,121.74,119.84,1174606
2026-08-20,TARMAT,TARMAT LIMITED,52.1,53.15,50.8,51.31,52.78,18233
2026-08-20,TARSONS,TARSONS PRODUCTS LIMITED,345.1,346.6,336.0,337.3,343.1,142634
2026-08-20,TASTYBITE,TASTY BITE EATABLES LTD,10392.0,10448.5,10000.0,10104.5,10392.0,5824
2026-08-20,TATACAP,TATA CAPITAL LIMITED,365.0,372.4,363.5,366.15,365.55,1117288
2026-08-20,TATACHEM,TATA CHEMICALS LTD,639.9,648.0,630.35,634.5,636.3,403433
2026-08-20,TATACOMM,TATA COMMUNICATIONS LTD,1675.7,1704.1,1670.5,1677.5,1660.0,202057
2026-08-20,TCS,TATA CONSULTANCY SERV LT,2319.4,2329.0,2288.1,2298.0,2289.0,2047848
2026-08-20,TATACONSUM,TATA CONSUMER PRODUCT LTD,1068.6,1074.7,1056.3,1056.3,1068.0,1684035
2026-08-20,TATAELXSI,TATA ELXSI LIMITED,3681.8,3777.6,3660.0,3660.0,3659.7,270105
2026-08-20,TATAINVEST,TATA INVESTMENT CORP LTD,653.9,656.9,648.0,649.35,652.9,116909
2026-08-20,TMCV,TATA MOTORS LIMITED,478.35,487.8,476.0,477.6,478.3,7569561
2026-08-20,TMPV,TATA MOTORS PASS VEH LTD,323.4,324.55,318.45,320.25,321.3,10475953
2026-08-20,TATAPOWER,TATA POWER CO LTD,379.3,379.9,375.0,375.25,378.9,4261349
2026-08-20,TATASTEEL,TATA STEEL LIMITED,185.0,185.6,182.95,183.5,184.0,21782667
2026-08-20,TATATECH,TATA TECHNOLOGIES LIMITED,815.9,836.35,815.9,823.95,812.55,979044
2026-08-20,TTML,TATA TELESERV(MAHARASTRA),37.67,37.96,37.4,37.45,37.67,863062
2026-08-20,NETF,TATAAML - NETF,264.28,265.0,261.01,263.23,262.18,1880
2026-08-20,NPBET,TATAAML - NPBET,285.55,285.55,284.17,284.17,281.95,105
2026-08-20,TNIDETF,TATAAML - TNIDETF,88.2,91.26,88.2,90.8,90.06,41944
2026-08-20,TATAGOLD,TATAAML-TATAGOLD,14.9,15.2,14.77,15.12,14.77,74592702
2026-08-20,TATSILV,TATAAML-TATSILV,22.65,23.06,22.65,22.9,21.96,81115670
2026-08-20,TATVA,TATVA CHIN PHARM CHEM LTD,1670.8,1709.7,1621.6,1638.4,1647.8,65673
2026-08-20,TBOTEK,TBO TEK LIMITED,1669.8,1731.9,1669.7,1702.6,1661.4,147883
2026-08-20,TCC,TCC CONCEPT LIMITED,252.35,255.8,250.25,252.85,252.35,19647
2026-08-20,TCIEXP,TCI EXPRESS LIMITED,547.5,560.95,541.25,544.65,547.2,13373
2026-08-20,TCPLPACK,TCPL PACKAGING LIMITED,4094.2,4228.8,4023.9,4100.9,4094.2,7136
2026-08-20,TDPOWERSYS,TD POWER SYSTEMS LTD.,1545.6,1549.3,1495.4,1507.5,1545.6,1106295
2026-08-20,TEAMGTY,TEAM INDIA GUARANTY LTD,236.65,236.7,226.99,227.93,229.99,4744
2026-08-20,TEAMLEASE,TEAMLEASE SERVICES LTD.,1232.1,1256.6,1230.0,1242.1,1235.2,11396
2026-08-20,TPHQ,TEAMO PRODUCTIONS HQ LTD,0.7,0.72,0.67,0.68,0.69,10965405
2026-08-20,TECHM,TECH MAHINDRA LIMITED,1601.6,1610.0,1588.7,1592.1,1589.8,1676285
2026-08-20,TECHNOE,TECHNO ELEC & ENG CO. LTD,999.75,1006.6,983.1,985.45,996.95,219276
2026-08-20,TIIL,TECHNOCRAFT IND LTD,3129.9,3225.0,3069.0,3200.2,3127.5,43128
2026-08-20,TECHNOCRAF,TECHNOCRAFT VENTURES LTD,317.99,337.0,314.0,330.37,314.8,3376892
2026-08-20,TECHNVISN,TECHNVISION VENTURES LTD.,5100.0,5100.0,4950.0,4973.5,5083.8,303
2026-08-20,TECILCHEM,TECIL CHEMICALS,11.29,11.55,9.0,9.14,10.24,306274
2026-08-20,TEGA,TEGA INDUSTRIES LIMITED,1730.0,1837.0,1725.1,1776.5,1726.6,937653
2026-08-20,TEJASNET,TEJAS NETWORKS LIMITED,510.5,519.0,507.3,509.2,509.55,659389
2026-08-20,TEMBO,TEMBO GLOBAL IND LTD,60.2,60.75,57.6,58.2,59.75,1037585
2026-08-20,TENNIND,TENNECO CLEAN AIR INDIA L,559.0,575.0,555.25,568.6,556.85,4980274
2026-08-20,TERASOFT,TERA SOFTWARE LIMITED,343.0,343.0,318.45,326.8,329.45,20831
2026-08-20,TEXINFRA,TEXMACO INFRA & HOLDG LTD,109.61,109.62,107.61,108.61,107.46,50551
2026-08-20,TEXRAIL,TEXMACO RAIL & ENG. LTD.,103.59,106.7,103.55,105.48,102.65,1737743
2026-08-20,TEXMOPIPES,TEXMO PIPE & PRODUCTS LTD,44.38,44.95,43.8,44.08,44.38,49271
2026-08-20,TGBHOTELS,TGB BANQUETS&HOTELS LTD,9.15,9.35,9.11,9.34,9.18,15246
2026-08-20,THAKDEV,THAKKERS DEVELOPERS LTD.,149.25,157.99,149.25,157.74,150.0,225
2026-08-20,THANGAMAYL,THANGAMAYIL JEWELLERY LTD,5521.5,5598.0,5440.0,5457.0,5514.5,58274
2026-08-20,ANUP,THE ANUP ENGINEERING LTD,1814.9,1838.0,1802.7,1811.8,1804.8,16838
2026-08-20,GESHIP,THE GE SHPG.LTD,1315.5,1315.7,1291.5,1299.0,1315.5,455590
2026-08-20,GROBTEA,THE GROB TEA COMPANY LTD,924.2,988.95,924.15,938.65,915.0,415
2026-08-20,INDIACEM,THE INDIA CEMENTS LIMITED,366.5,375.1,366.5,370.65,369.7,81021
2026-08-20,INDHOTEL,THE INDIAN HOTELS CO. LTD,729.0,737.1,725.75,735.85,723.35,1766030
2026-08-20,THEINVEST,THE INVEST TRUST OF IND L,98.0,100.49,97.22,97.87,98.18,1876
2026-08-20,NIACL,THE NEW INDIA ASSU CO LTD,186.99,186.99,182.29,183.08,185.68,801368
2026-08-20,PKTEA,THE P K TEA PROD CO LTD,749.0,751.0,716.0,731.9,728.35,1755
2026-08-20,PHOENIXLTD,THE PHOENIX MILLS LTD,1928.5,1934.5,1907.9,1925.0,1919.0,180062
2026-08-20,RAMCOCEM,THE RAMCO CEMENTS LIMITED,907.0,915.0,901.2,906.95,902.2,202421
2026-08-20,SOUTHBANK,THE SOUTH INDIAN BANK LTD,45.15,46.16,45.01,45.16,45.0,9571667
2026-08-20,STCINDIA,THE STATE TRADING CORPN,116.65,125.5,116.65,121.44,116.06,303826
2026-08-20,UGARSUGAR,THE UGAR SUGAR WORKS LTD,51.4,57.64,50.76,56.07,50.41,3789593
2026-08-20,WIPL,THE WESTERN INDIA PLY LTD,170.0,170.0,164.32,164.32,168.98,2869
2026-08-20,THEJO,THEJO ENGINEERING LIMITED,2130.0,2246.4,2062.3,2101.2,2124.6,36102
2026-08-20,THEMISMED,THEMIS MEDICARE LTD.,106.4,106.4,102.01,102.77,104.21,68545
2026-08-20,THERMAX,THERMAX LTD,4025.0,4066.0,4025.0,4034.0,4025.5,59596
2026-08-20,TIRUMALCHM,THIRUMALAI CHEMICALS LTD,144.44,157.8,144.44,156.41,144.28,1691648
2026-08-20,THOMASCOOK,THOMAS COOK (INDIA) LTD,100.5,103.5,100.5,101.58,100.55,811291
2026-08-20,THOMASCOTT,THOMAS SCOTT (INDIA) LTD,293.55,295.3,288.2,290.9,288.8,36101
2026-08-20,THYROCARE,THYROCARE TECH LTD,586.9,590.0,564.05,566.7,582.5,682087
2026-08-20,TIGERLOGS,TIGER LOGISTICS (INDIA) L,29.13,29.86,29.0,29.41,28.98,450232
2026-08-20,TIJARIA,TIJARIA POLYPIPES LTD,6.12,6.29,5.62,5.79,6.12,209055
2026-08-20,TI,TILAKNAGAR INDUSTRIES LTD,576.45,586.3,575.0,582.45,573.85,683273
2026-08-20,TIMETECHNO,TIME TECHNOPLAST LTD.,190.95,194.75,190.95,191.63,190.89,3015407
2026-08-20,TIMEX,TIMEX GROUP INDIA LTD.,562.95,594.9,560.1,591.05,563.0,582819
2026-08-20,TIMKEN,TIMKEN INDIA LTD.,3230.0,3250.0,3170.0,3176.3,3231.8,14938
2026-08-20,TINNARUBR,TINNA RUBBER AND INFR LTD,1053.9,1059.7,1040.0,1047.4,1049.4,20782
2026-08-20,TIPSFILMS,TIPS FILMS LIMITED,349.75,375.9,349.75,359.15,349.75,8637
2026-08-20,TIPSMUSIC,TIPS MUSIC LIMITED,650.1,657.0,647.0,651.05,651.7,166210
2026-08-20,TITAGARH,TITAGARH RAIL SYSTEMS LTD,839.0,858.8,837.7,849.3,831.75,565109
2026-08-20,TITAN,TITAN COMPANY LIMITED,5084.9,5110.0,5060.1,5068.0,5068.0,614435
2026-08-20,TOKYOPLAST,TOKYO PLAST INTL LTD,77.1,79.78,77.1,77.5,77.01,951
2026-08-20,TOLINS,TOLINS TYRES LIMITED,96.35,97.1,95.81,96.27,95.95,27595
2026-08-20,TORNTPHARM,TORRENT PHARMACEUTICALS L,5044.5,5044.5,4964.5,5005.0,5013.0,244562
2026-08-20,TORNTPOWER,TORRENT POWER LTD,1255.0,1255.0,1238.9,1248.7,1243.7,231776
2026-08-20,TOTAL,TOTAL TRANSPORT SYS LTD,70.43,72.99,69.61,71.39,70.43,13924
2026-08-20,TOUCHWOOD,TOUCHWOOD ENTERTAIN LTD.,63.24,63.24,61.7,61.8,61.71,474
2026-08-20,TFCILTD,TOURISM FINANCE CORP. OF,133.25,134.92,127.1,132.76,131.41,27831241
2026-08-20,TOYAMSL,TOYAM SPORTS LTD.,0.68,0.68,0.65,0.66,0.66,381834
2026-08-20,TPLPLASTEH,TPL PLASTECH LIMITED,79.8,79.99,77.24,78.31,78.89,140586
2026-08-20,TRACXN,TRACXN TECHNOLOGIES LTD,27.92,28.53,27.92,28.28,28.23,129303
2026-08-20,TARIL,TRANS & RECTI. LTD,293.0,294.15,284.0,285.15,291.25,1531697
2026-08-20,TRANSCOR,TRANSCORP INTERNATIONAL L,25.25,25.25,23.6,24.75,24.64,1549
2026-08-20,TREL,TRANSINDIA REAL ESTATE L,26.86,27.75,26.25,26.93,26.86,90855
2026-08-20,TCI,TRANSPORT CORPN OF INDIA,907.8,913.4,905.0,906.55,907.8,4924
2026-08-20,TRANSRAILL,TRANSRAIL LIGHTING LTD,459.25,464.6,459.1,459.85,457.6,221645
2026-08-20,TFL,TRANSWARRANTY FIN. LTD.,11.67,11.67,11.21,11.3,11.41,3580
2026-08-20,TRAVELFOOD,TRAVEL FOOD SERVICES LTD,1311.1,1330.3,1305.1,1316.2,1321.7,40731
2026-08-20,TREEHOUSE,TREE HOUSE EDU LTD,6.27,6.27,5.86,6.22,6.08,4995
2026-08-20,TREJHARA,TREJHARA SOLUTIONS LTD,164.99,167.0,158.1,159.13,162.56,12883
2026-08-20,TRENT,TRENT LTD,2960.0,2978.0,2947.1,2970.0,2953.0,325293
2026-08-20,TRF,TRF LIMITED,229.19,233.0,229.14,231.15,229.05,8528
2026-08-20,TBZ,TRIB BHIMJI ZAVERI LTD,251.05,251.5,248.0,248.85,248.05,267092
2026-08-20,TRIDENT,TRIDENT LIMITED,24.76,24.95,24.55,24.63,24.49,2541012
2026-08-20,TRIGYN,TRIGYN TECHNOLOGIES LTD,55.0,55.59,54.32,54.97,54.7,22000
2026-08-20,TRITONV,TRITON VALVES LTD.,1199.8,1199.8,1151.2,1173.5,1179.7,4875
2026-08-20,TRIVENI,TRIVENI ENGG. & INDS. LTD,294.12,314.9,288.61,300.05,289.23,5176199
2026-08-20,TRITURBINE,TRIVENI TURBINE LIMITED,569.65,586.05,569.65,580.05,569.65,439834
2026-08-20,TRUALT,TRUALT BIOENERGY LIMITED,474.95,474.95,460.0,462.6,472.0,166763
2026-08-20,TRU,TRUCAP FINANCE LIMITED,4.36,4.52,4.15,4.19,4.3,173428
2026-08-20,TSFINV,TSF INVESTMENTS LIMITED,414.7,427.5,414.5,424.7,414.7,47263
2026-08-20,TTKHLTCARE,TTK HEALTHCARE LIMITED,1093.6,1103.7,1075.0,1082.1,1099.1,13495
2026-08-20,TTKPRESTIG,TTK PRESTIGE LTD,585.1,597.85,582.65,592.65,585.1,54789
2026-08-20,TIINDIA,TUBE INVEST OF INDIA LTD,2949.4,2967.6,2910.2,2930.0,2961.0,203143
2026-08-20,TURTLEMINT,TURTLEMINT FINTECH SOLS L,146.0,146.5,141.5,144.6,138.92,2111610
2026-08-20,TUTIALKA,TUTICORIN ALKAL CH & FE L,54.5,55.99,53.0,53.33,55.62,13799
2026-08-20,TVTODAY,TV TODAY NETWORK LTD,115.1,118.78,115.06,116.63,117.41,23941
2026-08-20,TVSELECT,TVS ELECTRONICS LTD,446.95,446.95,440.0,443.35,438.95,24082
2026-08-20,TVSHLTD,TVS HOLDINGS LIMITED,14055.0,14143.0,13910.0,13968.0,13946.0,3459
2026-08-20,TVSMOTOR,TVS MOTOR COMPANY  LTD,4383.9,4408.0,4356.1,4390.0,4361.1,463670
2026-08-20,TVSSRICHAK,TVS SRICHAKRA LIMITED,4817.1,5050.0,4817.1,4922.7,4821.8,59206
2026-08-20,TVSSCS,TVS SUPPLY CHAIN SOL L,121.14,124.52,121.0,123.33,120.84,382985
2026-08-20,UPHOT,U P HOTELS LTD.,1445.0,1448.0,1445.0,1448.0,1448.0,12
2026-08-20,UCOBANK,UCO BANK,25.7,25.94,25.7,25.81,25.68,1587371
2026-08-20,UDAYJEW,UDAY JEWELLERY INDS. LTD.,144.22,149.5,115.04,138.9,143.8,5762
2026-08-20,USK,UDAYSHIVAKUMAR INFRA LTD,21.95,22.34,21.42,21.49,21.95,19983
2026-08-20,UFLEX,UFLEX LIMITED,618.0,624.25,606.4,611.05,620.95,335895
2026-08-20,UFO,UFO MOVIEZ INDIA LTD.,67.0,67.0,64.82,66.19,64.82,22455
2026-08-20,UGROCAP,UGRO CAPITAL LIMITED,88.63,89.62,86.81,87.03,88.18,345952
2026-08-20,UEL,UJAAS ENERGY LIMITED,190.76,190.76,190.76,190.76,200.8,6358
2026-08-20,UJJIVANSFB,UJJIVAN SMALL FINANC BANK,72.55,73.94,71.52,71.93,71.8,23704583
2026-08-20,ULTRAMAR,ULTRAMARINE & PIGMENTS L,397.3,424.0,395.55,419.2,399.05,163816
2026-08-20,ULTRACEMCO,ULTRATECH CEMENT LIMITED,11500.0,11643.0,11422.0,11575.0,11450.0,209955
2026-08-20,UMIYA-MRO,UMIYA BUILDCON LIMITED,88.55,90.99,88.55,90.66,88.55,6967
2026-08-20,UNICHEMLAB,UNICHEM LABORATORIES LTD,515.45,524.0,512.05,516.55,512.9,78461
2026-08-20,UNIECOM,UNICOMMERCE ESOLUTIONS L,86.83,90.49,86.83,88.64,86.83,652776
2026-08-20,UNIINFO,UNIINFO TELECOM SERVI LTD,11.3,11.76,11.3,11.32,11.29,223
2026-08-20,UNIMECH,UNIMECH AEROSPACE N MFG L,1509.0,1530.9,1470.0,1508.3,1498.4,163116
2026-08-20,UNIONBANK,UNION BANK OF INDIA,187.93,189.46,184.39,184.68,186.9,9632097
2026-08-20,UNIONGOLD,UNIONAMC - UNIONGOLD,149.4,153.3,149.4,152.3,148.9,82730
2026-08-20,UNIPARTS,UNIPARTS INDIA LIMITED,834.0,834.0,806.85,810.15,820.0,70088
2026-08-20,UNIENTER,UNIPHOS ENTERPRISES LTD,97.21,97.99,93.5,94.65,95.49,6123
2026-08-20,UNITECH,UNITECH LTD,3.99,3.99,3.92,3.97,3.95,4419593
2026-08-20,UBL,UNITED BREWERIES LTD,1364.6,1367.3,1333.0,1338.5,1354.8,94218
2026-08-20,UNITEDTEA,UNITED NILGIRI TEA LTD,450.0,459.6,450.0,452.9,451.65,1587
2026-08-20,UNITDSPR,UNITED SPIRITS LIMITED,1530.0,1546.9,1517.2,1544.0,1524.0,965600
2026-08-20,UNIVCABLES,UNIVERSAL CABLES LTD,1662.0,1687.0,1635.0,1644.2,1662.0,68034
2026-08-20,UNOMINDA,UNO MINDA LIMITED,1278.3,1282.6,1260.5,1260.5,1272.0,448426
2026-08-20,UDS,UPDATER SERVICES LIMITED,219.0,221.09,210.2,212.75,216.63,303194
2026-08-20,UPL,UPL LIMITED,569.1,575.2,568.2,571.9,568.0,2830644
2026-08-20,URBANCO,URBAN COMPANY LIMITED,148.0,150.7,145.0,145.49,147.83,5120359
2026-08-20,URJA,URJA GLOBAL LIMITED,9.3,9.4,9.3,9.32,9.3,371644
2026-08-20,UMESLTD,USHA MARTIN EDU & SOL LTD,5.8,6.06,5.76,5.96,5.8,20066
2026-08-20,USHAMART,USHA MARTIN LTD.,504.05,507.0,489.7,495.65,501.55,639709
2026-08-20,UTIAMC,UTI ASSET MNGMT CO LTD,892.55,899.9,892.55,896.5,892.45,50826
2026-08-20,LIQUIDBETA,UTIAMC - LIQUIDBETA,1009.78,1009.78,1004.91,1004.91,1004.76,3
2026-08-20,BANKBETA,UTIAMC-BANKBETA,59.6,59.75,59.47,59.48,59.23,20815
2026-08-20,GILT10BETA,UTIAMC-GILT10BETA,26.93,26.94,26.41,26.87,26.8,588
2026-08-20,GILT5BETA,UTIAMC-GILT5BETA,65.9,66.89,65.9,66.34,65.85,6122
2026-08-20,ITBETA,UTIAMC-ITBETA,319.72,325.37,319.72,323.34,322.95,1344
2026-08-20,MIDCAPBETA,UTIAMC-MIDCAPBETA,236.29,237.73,236.02,236.37,236.0,3740
2026-08-20,NEXT50BETA,UTIAMC-NEXT50BETA,80.27,80.54,79.45,79.91,79.84,81117
2026-08-20,NIFTYBETA,UTIAMC-NIFTYBETA,274.14,274.14,267.63,269.39,267.46,221393
2026-08-20,SENSEXBETA,UTIAMC-SENSEXBETA,863.42,863.42,856.1,861.25,863.42,8199
2026-08-20,SILVERBETA,UTIAMC-SILVERBETA,224.9,229.11,224.9,227.73,218.66,1032971
2026-08-20,SNXT50BETA,UTIAMC-SNXT50BETA,96.76,97.3,95.35,96.63,96.28,4091
2026-08-20,GOLDBETA,UTIAMC-UTIGOLDBETA,131.25,131.6,130.75,131.15,128.0,647736
2026-08-20,UTKARSHBNK,UTKARSH SMALL FIN BANK L,13.93,14.0,13.88,13.92,13.88,2091696
2026-08-20,UTTAMSUGAR,UTTAM SUGAR MILLS LTD.,303.09,344.0,301.85,336.22,300.99,2301215
2026-08-20,VTMLTD,V T M LTD.,46.06,47.0,44.5,46.17,46.34,31479
2026-08-20,VGUARD,V-GUARD IND LTD.,338.0,338.25,332.7,336.85,333.35,349617
2026-08-20,V2RETAIL,V2 RETAIL LIMITED,221.94,226.3,219.11,220.05,220.27,889076
2026-08-20,WABAG,VA TECH WABAG LTD,1988.0,2068.0,1977.3,2057.9,1977.3,1397595
2026-08-20,VADILENT,VADILAL ENTERPRISES LTD.,10352.0,10352.0,9401.0,9700.0,10100.0,8
2026-08-20,VADILALIND,VADILAL INDUSTRIES LTD,7385.0,7528.0,7350.5,7402.0,7401.5,33931
2026-08-20,VAIBHAVGBL,VAIBHAV GLOBAL LIMITED,225.0,232.5,223.05,226.85,221.0,421520
2026-08-20,VAISHALI,VAISHALI PHARMA LIMITED,8.42,8.45,7.92,7.95,8.25,223296
2026-08-20,VAKRANGEE,VAKRANGEE LIMITED,5.83,5.85,5.75,5.82,5.78,766557
2026-08-20,VALIANTLAB,VALIANT LABORATORIES LTD,94.8,95.0,88.4,91.66,91.96,295912
2026-08-20,DBREALTY,VALOR ESTATE LIMITED,102.3,106.05,98.02,104.7,101.79,3830787
2026-08-20,VHL,VARDHMAN HOLDINGS LIMITED,3402.0,3524.9,3402.0,3510.0,3412.4,502
2026-08-20,VARDMNPOLY,VARDHMAN POLYTEX LTD.,6.0,6.23,6.0,6.14,6.12,113754
2026-08-20,VSSL,VARDHMAN SPC STEEL LTD,362.0,362.1,350.0,356.0,358.65,110166
2026-08-20,VTL,VARDHMAN TEXTILES LIMITED,596.15,603.85,593.55,600.5,596.15,105812
2026-08-20,VARROC,VARROC ENGINEERING LTD.,830.7,843.8,819.1,824.25,830.9,192941
2026-08-20,VBL,VARUN BEVERAGES LIMITED,436.0,440.7,433.85,438.3,431.85,2004715
2026-08-20,VGL,VARVEE GLOBAL LIMITED,58.7,59.5,56.0,58.09,58.06,25230
2026-08-20,VASCONEQ,VASCON ENGINEERS LTD,31.06,31.26,30.7,30.74,30.93,202724
2026-08-20,VASWANI,VASWANI IND LTD,48.0,48.46,46.15,46.62,48.36,135779
2026-08-20,MANYAVAR,VEDANT FASHIONS LIMITED,544.0,550.65,536.5,547.35,542.6,374440
2026-08-20,VAML,VEDANTA ALUMINIUM METAL L,439.5,445.4,435.1,435.75,436.2,5001851
2026-08-20,VISL,VEDANTA IRON AND STEEL L,36.68,37.2,36.0,36.2,36.11,24465120
2026-08-20,VEDL,VEDANTA LIMITED,265.2,271.95,265.2,268.0,262.6,9569566
2026-08-20,VOGL,VEDANTA OIL AND GAS LTD,36.4,37.1,36.03,36.69,36.08,17796931
2026-08-20,VEDPOWER,VEDANTA POWER LIMITED,36.09,36.4,35.65,36.04,35.87,14747662
2026-08-20,VEDAVAAG,VEDAVAAG SYSTEMS LTD.,18.41,18.94,18.06,18.47,18.47,45864
2026-08-20,VEEDOL,VEEDOL CORPORATION LTD,1542.0,1542.0,1503.0,1510.4,1517.8,6958
2026-08-20,VENKEYS,VENKY S (INDIA) LIMITED,1510.0,1557.0,1499.1,1512.0,1502.2,25417
2026-08-20,VENTIVE,VENTIVE HOSPITALITY LTD,587.0,588.0,571.0,574.5,586.75,43014
2026-08-20,VENUSPIPES,VENUS PIPES & TUBES LTD,1564.0,1564.0,1538.1,1540.9,1549.4,128904
2026-08-20,VERANDA,VERANDA LEARNING SOL LTD,236.9,265.85,236.0,255.9,233.7,9972226
2026-08-20,VESUVIUS,VESUVIUS INDIA LTD,435.0,436.85,428.6,429.3,433.65,48372
2026-08-20,VSTL,VIBHOR STEEL TUBES LTD,106.39,109.0,105.5,108.94,106.39,11961
2026-08-20,VGCL,VIBRANT GLOBAL CAPITAL L,60.7,60.7,58.95,59.85,57.92,1700
2026-08-20,VIDHIING,VIDHI SPCLTY F INGRDNTS L,318.8,324.8,313.35,319.5,315.7,18525
2026-08-20,VIDYAWIRES,VIDYA WIRES LIMITED,89.0,89.73,87.21,87.4,88.25,558168
2026-08-20,VIJSOLX,VIJAY SOLVEX LTD.,706.0,706.0,701.05,701.05,706.0,150
2026-08-20,VIJAYA,VIJAYA DIAGNOSTIC CEN LTD,1495.0,1509.9,1486.2,1498.4,1490.0,54963
2026-08-20,VIKASECO,VIKAS ECOTECH LIMITED,1.08,1.1,1.08,1.08,1.08,1404787
2026-08-20,VIKASLIFE,VIKAS LIFECARE LIMITED,1.21,1.21,1.2,1.2,1.21,1800262
2026-08-20,VIKRAMSOLR,VIKRAM SOLAR LIMITED,171.8,175.9,169.84,171.99,170.84,3958094
2026-08-20,VIKRAN,VIKRAN ENGINEERING LTD,60.91,63.45,60.91,62.62,60.78,1665930
2026-08-20,VIMTALABS,VIMTA LABS LIMITED,625.0,650.0,622.15,640.4,621.65,218903
2026-08-20,VINATIORGA,VINATI ORGANICS LTD,1349.9,1349.9,1321.1,1330.5,1326.7,31879
2026-08-20,VINDHYATEL,VINDHYA TELELINKS LTD,2459.0,2498.0,2421.9,2436.0,2438.8,19015
2026-08-20,VINEETLAB,VINEET LABORATORIES LTD,37.8,39.45,37.06,38.49,37.74,95196
2026-08-20,VINNY,VINNY OVERSEAS LIMITED,1.07,1.07,1.05,1.06,1.06,242645
2026-08-20,VINCOFE,VINTAGE COFFEE N BVRGS L,154.15,154.9,151.4,152.82,152.91,1565218
2026-08-20,VINYLINDIA,VINYL CHEMICALS (I) LTD.,240.9,240.9,234.16,234.78,235.75,7259
2026-08-20,VIPCLOTHNG,VIP CLOTHING LIMITED,21.35,21.35,21.0,21.11,20.81,39223
2026-08-20,VIPIND,VIP INDUSTRIES LTD,312.0,313.0,298.95,302.6,310.8,768509
2026-08-20,VIRAT,VIRAT INDUSTRIES LTD.,333.95,342.5,321.2,334.75,333.95,1032
2026-08-20,VIRINCHI,VIRINCHI LIMITED,15.59,15.59,14.99,15.16,15.02,38065
2026-08-20,VIRTUALG,VIRTUAL GLOBAL EDU LTD,0.45,0.51,0.44,0.51,0.43,1278374
2026-08-20,VOEPL,VIRTUOSO OPTOELECTRONIC L,499.0,500.05,478.6,485.55,494.35,30463
2026-08-20,VISACHROME,VISA CHROME LIMITED,38.49,38.49,36.3,36.52,37.78,13563
2026-08-20,VIVIDHA,VISAGAR POLYTEX LTD,0.55,0.56,0.53,0.54,0.54,274027
2026-08-20,VISAKAIND,VISAKA INDUSTRIES LIMITED,94.0,97.5,93.76,96.05,93.29,183084
2026-08-20,VISHAL,VISHAL FABRICS LTD.,18.5,18.99,18.07,18.49,18.06,35959
2026-08-20,VMM,VISHAL MEGA MART LIMITED,103.63,104.35,102.6,102.6,103.4,12835229
2026-08-20,VISHNU,VISHNU CHEMICALS LIMITED,623.25,630.7,621.2,625.2,622.1,45708
2026-08-20,VPRPL,VISHNU PRAKASH R PUNGLI L,34.5,34.84,33.05,33.52,33.4,241919
2026-08-20,VISHWARAJ,VISHWARAJ SUGAR IND LTD,5.64,5.86,5.56,5.76,5.5,2968868
2026-08-20,VIVOBIOT,VIVO BIO TECH LTD.,18.65,20.44,18.65,19.29,19.05,36236
2026-08-20,VIYASH,VIYASH SCIENTIFIC LIMITED,272.0,272.25,265.1,265.85,271.4,1454866
2026-08-20,VLSFINANCE,VLS FINANCE LTD,250.2,254.85,247.9,249.3,250.7,12553
2026-08-20,VMART,VMART RETAIL LTD,815.0,815.0,801.6,806.7,806.95,59697
2026-08-20,VMSTMT,VMS TMT LIMITED,48.89,49.44,47.5,48.47,48.38,26569
2026-08-20,IDEA,VODAFONE IDEA LIMITED,14.14,14.19,13.93,14.03,14.07,232109943
2026-08-20,VOITHPAPR,VOITH PAPER FABRICS IND L,1574.0,1574.0,1478.3,1517.4,1489.0,335
2026-08-20,VOLTAMP,VOLTAMP TRANSFORMERS LTD,10200.0,10369.0,10055.5,10313.5,10000.0,57670
2026-08-20,VOLTAS,VOLTAS LTD,1234.0,1235.9,1215.6,1219.5,1223.0,1054580
2026-08-20,VRAJ,VRAJ IRON AND STEEL LTD,120.95,124.0,120.95,122.45,120.84,7073
2026-08-20,VRLLOG,VRL LOGISTICS LIMITED,295.0,297.85,293.2,295.45,295.1,98235
2026-08-20,VSTIND,VST INDUSTRIES LTD,211.5,213.85,211.34,212.86,211.33,100010
2026-08-20,VSTTILLERS,VST TILLERS TRACTORS LTD,4450.0,4490.0,4421.0,4432.2,4442.2,4736
2026-08-20,WHBRADY,W H BRADY & CO. LTD.,494.1,589.9,477.0,490.2,507.0,409
2026-08-20,WPIL,W P I L LTD.,455.0,468.0,454.0,461.5,452.0,137426
2026-08-20,WSI,W.S.INDUSTRIES (I) LTD.,60.5,61.0,59.0,60.47,60.11,89458
2026-08-20,WAAREEENER,WAAREE ENERGIES LIMITED,2699.2,2712.0,2664.4,2675.0,2679.0,444611
2026-08-20,WAAREERTL,WAAREE RENEWABLE TECH LTD,882.4,887.95,880.0,880.4,881.05,67355
2026-08-20,WAKEFIT,WAKEFIT INNOVATIONS LTD,133.0,137.2,132.04,136.64,133.14,1032361
2026-08-20,WALCHANNAG,WALCHANDNAGAR INDUSTRIES,224.0,228.3,221.02,223.91,221.86,732638
2026-08-20,WANBURY,WANBURY LIMITED,270.0,273.7,265.25,268.5,269.55,251816
2026-08-20,WARDINMOBI,WARDWIZARD INNO & MOB L,6.3,6.4,6.11,6.17,6.32,235132
2026-08-20,WATERBASE,WATERBASE LTD.,49.21,52.0,48.1,50.22,49.21,63234
2026-08-20,CORDELIA,WATERWAYS LEISURE TOUR L,820.55,907.75,820.55,907.75,825.25,700284
2026-08-20,WEWIN,WE WIN LIMITED,47.48,47.49,45.5,46.13,46.55,1537
2026-08-20,TWCGOLDETF,WEALTH - TWCGOLDETF,152.8,155.99,152.8,155.32,151.59,1726
2026-08-20,WEALTH,WEALTH FRST PORT. MG. LTD,846.8,875.95,842.1,864.65,850.95,3817
2026-08-20,WEBELSOLAR,WEBSOL ENERGY SYSTEM LTD,82.72,84.5,82.01,82.85,82.72,1581836
2026-08-20,WEIZMANIND,WEIZMANN LTD,76.46,77.85,74.1,76.01,75.9,662
2026-08-20,WELCORP,WELSPUN CORP LIMITED,1990.0,2017.5,1968.2,2005.2,1973.9,748752
2026-08-20,WELENT,WELSPUN ENTERPRISES LTD.,580.0,588.3,574.9,584.65,579.8,87408
2026-08-20,WELSPUNLIV,WELSPUN LIVING LIMITED,182.0,191.47,179.67,188.69,181.24,21775505
2026-08-20,WELSPLSOL,WELSPUN SPECIALTY SOL L,48.42,49.68,48.0,48.41,48.28,160537
2026-08-20,WENDT,WENDT (INDIA) LIMITED,7966.5,8174.5,7966.0,8109.5,7967.5,4181
2026-08-20,WSTCSTPAPR,WEST COAST PAPER MILLS LT,615.0,640.6,615.0,636.25,615.05,228397
2026-08-20,WCIL,WESTERN CARRIERS (IND) L,86.5,87.5,86.0,86.58,86.09,55213
2026-08-20,WESTLIFE,WESTLIFE FOODWORLD LTD,572.35,602.0,572.3,594.5,574.45,276447
2026-08-20,WEWORK,WEWORK INDIA MANAGEMENT L,695.0,695.5,686.6,688.15,691.65,112770
2026-08-20,WHEELS,WHEELS INDIA LTD,1480.0,1494.7,1450.1,1483.8,1466.1,113279
2026-08-20,WHIRLPOOL,WHIRLPOOL OF INDIA LTD,755.6,780.95,754.4,775.75,753.45,398043
2026-08-20,WILLAMAGOR,WILLIAMSON MAGOR,25.1,25.72,24.5,24.85,24.52,1880
2026-08-20,WINDLAS,WINDLAS BIOTECH LIMITED,970.9,996.0,950.3,988.2,964.95,148500
2026-08-20,WINDMACHIN,WINDSOR MACHINES LIMITED,318.0,325.0,314.8,320.5,314.3,306105
2026-08-20,WIPRO,WIPRO LTD,181.56,182.46,180.51,181.0,179.55,5364164
2026-08-20,WOCKPHARMA,WOCKHARDT LIMITED,1844.0,1852.4,1825.0,1830.6,1826.0,258015
2026-08-20,WEL,WONDER ELECTRICALS LTD,148.4,149.78,132.0,136.04,146.26,1505698
2026-08-20,WONDERLA,WONDERLA HOLIDAYS LTD.,484.9,498.9,480.35,490.1,480.95,509660
2026-08-20,WORTHPERI,WORTH PERIPHERALS LIMITED,152.66,159.0,152.66,157.85,152.59,50138
2026-08-20,XCHANGING,XCHANGING SOLUTIONS LTD,61.9,62.19,61.05,61.28,61.19,42060
2026-08-20,XELPMOC,XELPMOC DESIGN & TECH LTD,81.6,81.6,75.5,76.22,77.97,35811
2026-08-20,XPROINDIA,XPRO INDIA LIMITED,1123.4,1139.5,1091.2,1121.1,1106.8,75034
2026-08-20,XTGLOBAL,XTGLOBAL INFOTECH LIMITED,29.49,29.49,28.55,28.67,29.02,40422
2026-08-20,XTRANET,XTRANET TECHNOLOGIES LTD,161.0,166.54,155.61,160.18,169.11,961012
2026-08-20,YASHO,YASHO INDUSTRIES LIMITED,4500.0,4500.0,4230.0,4284.2,4470.8,123163
2026-08-20,YATHARTH,YATHARTH HOSP & TRA C S L,849.6,859.0,844.0,847.85,852.35,193401
2026-08-20,YATRA,YATRA ONLINE LIMITED,114.0,116.99,113.1,114.64,113.35,961985
2026-08-20,YESBANK,YES BANK LIMITED,22.8,22.96,22.73,22.74,22.74,34376881
2026-08-20,YOGI,YOGI LTD.,164.5,169.9,160.0,160.0,164.0,294
2026-08-20,YUKEN,YUKEN INDIA LIMITED,949.0,978.0,934.05,952.35,937.9,60793
2026-08-20,ZFSTEERING,Z F STEERING GEAR (I) LTD,685.0,685.0,665.4,668.0,673.75,25700
2026-08-20,ZAGGLE,ZAGGLE PREPA OCEAN SER L,186.88,199.67,184.01,197.56,186.04,26112983
2026-08-20,ZEEL,ZEE ENTERTAINMENT ENT LTD,103.2,109.49,102.75,108.03,102.22,45642965
2026-08-20,ZEEMEDIA,ZEE MEDIA CORPORATION LTD,9.25,9.5,9.2,9.4,9.26,4191629
2026-08-20,ZENTEC,ZEN TECHNOLOGIES LIMITED,1940.0,1945.0,1882.5,1909.1,1932.6,488261
2026-08-20,ZENITHEXPO,ZENITH EXPORTS LTD,217.68,217.68,204.0,207.24,207.32,1071
2026-08-20,ZENITHSTL,ZENITH STEEL PIP IND LTD,5.4,5.52,5.3,5.36,5.4,89484
2026-08-20,ZENSARTECH,ZENSAR TECHNOLOGIES  LTD,480.3,493.75,480.3,484.95,477.85,602002
2026-08-20,GOLDCASE,ZERODHAAMC - GOLDCASE,24.41,24.61,24.34,24.56,23.93,10970966
2026-08-20,LIQUIDCASE,ZERODHAAMC - LIQUIDCASE,115.54,115.56,115.54,115.55,115.53,11632648
2026-08-20,LTGILTCASE,ZERODHAAMC - LTGILTCASE,30.7,30.7,30.48,30.55,30.58,51519
2026-08-20,MID150CASE,ZERODHAAMC - MID150CASE,11.93,11.93,11.72,11.77,11.7,711010
2026-08-20,NIFTYCASE,ZERODHAAMC - NIFTYCASE,9.77,9.77,9.7,9.74,9.67,606633
2026-08-20,SILVERCASE,ZERODHAAMC - SILVERCASE,23.8,24.08,23.8,23.9,22.97,12583213
2026-08-20,SML100CASE,ZERODHAAMC - SML100CASE,11.41,11.41,11.23,11.31,11.19,914092
2026-08-20,TOP100CASE,ZERODHAAMC - TOP100CASE,10.8,10.8,10.48,10.67,10.59,500622
2026-08-20,ZFCVINDIA,ZF COM VE CTR SYS IND LTD,2648.0,2670.1,2618.4,2621.5,2616.9,37817
2026-08-20,ZIMLAB,ZIM LABORATORIES LIMITED,120.0,124.9,117.55,121.0,118.04,92524
2026-08-20,ZODIACLOTH,ZODIAC CLOTHING CO. LTD.,74.01,76.36,74.01,74.21,74.49,5674
2026-08-20,ZODIAC,ZODIAC ENERGY LIMITED,245.3,251.75,238.0,242.55,245.25,12697
2026-08-20,ZOTA,ZOTA HEALTH CARE LIMITED,1115.2,1115.2,1075.0,1076.7,1114.9,74555
2026-08-20,ZUARI,ZUARI AGRO CHEMICALS LTD,225.09,230.0,223.75,225.89,225.5,138468
2026-08-20,ZUARIIND,ZUARI INDUSTRIES LIMITED,268.9,287.9,261.85,285.15,262.1,505086
2026-08-20,ZYDUSLIFE,ZYDUS LIFESCIENCES LTD,1117.0,1124.0,1105.8,1107.7,1104.5,987960
2026-08-20,ZYDUSWELL,ZYDUS WELLNESS LIMITED,493.0,505.7,493.0,501.3,492.7,141793
