date,symbol,name,open,high,low,close,prev_close,volume
2026-09-24,20MICRONS,20 MICRONS LTD,217.7,217.8,212.16,213.87,219.21,65908
2026-09-24,21STCENMGM,21ST CENTURY MGMT SERVICE,40.0,40.0,39.16,39.77,39.92,3133
2026-09-24,360ONE,360 ONE WAM LIMITED,1099.5,1103.0,1066.9,1080.8,1108.0,1356395
2026-09-24,GOLD360,360ONEAMC - GOLD360,147.0,147.0,145.35,145.85,147.35,8851
2026-09-24,MSCI360,360ONEAMC - MSCI360,10.17,10.19,9.74,9.88,10.25,55811
2026-09-24,SILVER360,360ONEAMC - SILVER360,225.99,225.99,222.0,222.4,226.75,17624
2026-09-24,3BBLACKBIO,3B BLACKBIO DX LTD.,1425.0,1425.0,1391.0,1406.0,1431.6,6962
2026-09-24,3MINDIA,3M INDIA LIMITED,34600.0,34790.0,34285.0,34590.0,34615.0,1608
2026-09-24,3PLAND,3P LAND HOLDINGS LIMITED,31.5,31.5,30.51,30.52,30.91,302
2026-09-24,5PAISA,5PAISA CAPITAL LIMITED,318.15,318.15,305.15,308.4,318.15,26049
2026-09-24,63MOONS,63 MOONS TECHNOLOGIES LTD,849.15,891.9,840.2,862.9,852.95,561321
2026-09-24,ABCOTS,A B COTSPIN INDIA LIMITED,202.0,207.9,200.98,201.58,203.57,5289
2026-09-24,ABMKNO,A B M KNOWLEDGEWARE LTD.,172.01,174.99,167.2,170.8,171.41,1253
2026-09-24,AKCAPIT,A K CAPITAL SERVICES LTD.,1746.2,1760.0,1698.2,1729.2,1753.9,1647
2026-09-24,A2ZINFRA,A2Z INFRA ENGINEERING LTD,14.9,15.15,14.71,14.74,14.79,236843
2026-09-24,AAATECH,AAA TECHNOLOGIES LIMITED,94.16,95.98,90.25,91.84,93.56,128773
2026-09-24,AADHARHFC,AADHAR HOUSING FINANCE L,454.2,454.2,444.3,446.7,454.55,183120
2026-09-24,AAKASH,AAKASH EXPLORATION SER L,9.12,9.5,8.91,9.09,9.13,288598
2026-09-24,AAREYDRUGS,AAREY DRUGS & PHARM LTD,101.75,101.78,99.5,100.26,102.63,350999
2026-09-24,AARON,AARON INDUSTRIES LIMITED,122.6,125.0,115.5,116.68,122.6,48639
2026-09-24,AARTIDRUGS,AARTI DRUGS LTD.,436.35,450.2,434.6,437.25,436.25,387992
2026-09-24,AARTIIND,AARTI INDUSTRIES LTD,487.65,492.2,484.05,489.45,491.35,291316
2026-09-24,AARTIPHARM,AARTI PHARMALABS LIMITED,934.5,957.0,923.35,934.25,940.1,800441
2026-09-24,AARVI,AARVI ENCON LIMITED,137.16,138.48,135.25,135.85,136.48,8657
2026-09-24,AASTHA,AASTHA SPINTEX LIMITED,96.0,96.0,80.8,80.8,89.77,3696534
2026-09-24,AAVAS,AAVAS FINANCIERS LIMITED,1270.0,1270.0,1243.0,1256.4,1285.8,88763
2026-09-24,ABANSENT,ABANS ENTERPRISES LTD.,27.34,27.34,26.35,27.25,26.86,2166
2026-09-24,AFSL,ABANS FINANCIAL SRVCS LTD,207.4,207.4,201.2,203.47,204.56,1319
2026-09-24,ABB,ABB INDIA LIMITED,7080.0,7144.5,7062.5,7129.0,7120.0,141360
2026-09-24,ABBOTINDIA,ABBOTT INDIA LIMITED,26910.0,27225.0,26780.0,26860.0,26935.0,4496
2026-09-24,ACC,ACC LIMITED,1247.0,1247.1,1230.5,1236.1,1251.4,89640
2026-09-24,ACCELYA,ACCELYA SOLN INDIA LTD,1124.6,1124.6,1115.0,1120.9,1124.6,5200
2026-09-24,ACEINTEG,ACE INTEGRATED SOLU. LTD.,17.78,17.87,17.49,17.71,17.43,920
2026-09-24,ACMESOLAR,ACME SOLAR HOLDINGS LTD,454.8,459.45,444.15,446.65,452.3,1545806
2026-09-24,ACE,ACTION CONST EQUIP LTD,1250.0,1254.4,1234.0,1241.0,1253.9,270648
2026-09-24,ACUTAAS,ACUTAAS CHEMICALS LIMITED,3232.0,3366.6,3232.0,3283.7,3265.2,321801
2026-09-24,ADANIENSOL,ADANI ENERGY SOLUTION LTD,1367.0,1371.4,1335.1,1340.5,1380.0,1837547
2026-09-24,ADANIENT,ADANI ENTERPRISES LIMITED,2978.0,2978.0,2898.2,2900.0,2993.2,1082462
2026-09-24,ADANIGREEN,ADANI GREEN ENERGY LTD,1295.0,1309.8,1277.8,1280.1,1300.9,2379526
2026-09-24,ADANIPORTS,ADANI PORT & SEZ LTD,1802.4,1802.4,1775.0,1785.3,1807.3,1589739
2026-09-24,ADANIPOWER,ADANI POWER LTD,203.8,203.8,198.8,199.48,204.8,20283670
2026-09-24,ATGL,ADANI TOTAL GAS LIMITED,623.9,623.9,611.1,612.4,625.25,634187
2026-09-24,ADDIND,ADDI INDUSTRIES LTD.,74.05,80.0,73.55,76.99,74.05,128
2026-09-24,ADFFOODS,ADF FOODS LIMITED,266.8,273.9,264.2,271.65,268.05,85764
2026-09-24,ABSLAMC,ADIT BIRL SUN LIF AMC LTD,1020.0,1030.3,1013.7,1024.2,1026.6,67545
2026-09-24,ABCAPITAL,ADITYA BIRLA CAPITAL LTD.,394.6,401.7,388.5,390.1,402.45,4053381
2026-09-24,ABFRL,ADITYA BIRLA FASHION & RT,49.0,49.0,47.94,48.06,49.09,5072424
2026-09-24,ABLBL,ADITYA BIRLA LIFES BRAN L,80.0,80.08,77.78,78.59,79.81,942973
2026-09-24,BIRLAMONEY,ADITYA BIRLA MONEY LTD,120.34,120.5,117.6,118.66,120.34,16031
2026-09-24,ABREL,ADITYA BIRLA REAL EST LTD,1200.0,1262.9,1189.6,1211.8,1206.4,500792
2026-09-24,CPPLUS,ADITYA INFOTECH LIMITED,3819.8,3874.6,3752.0,3800.1,3831.9,318527
2026-09-24,AVL,ADITYA VISION LIMITED,624.1,630.0,617.0,628.05,624.4,83082
2026-09-24,BSLGOLDETF,ADITYBIRLA SL GOLD ETF-GR,131.6,132.41,131.36,131.48,132.9,2075169
2026-09-24,BSLNIFTY,ADITYBIRLA SL NIF ETF-GR,28.24,28.24,26.9,27.15,27.56,909838
2026-09-24,ADOR,ADOR WELDING LTD,1597.0,1655.0,1590.0,1612.9,1598.0,33616
2026-09-24,ADROITINFO,ADROIT INFOTECH LIMITED,13.88,13.91,12.61,12.73,13.53,170767
2026-09-24,ADVAIT,ADVAIT ENRGY TRANSITION L,1975.0,1980.9,1915.3,1922.4,1976.8,34484
2026-09-24,ADVANCE,ADVANCE AGROLIFE LIMITED,118.0,122.49,118.0,118.67,119.37,197531
2026-09-24,ADVENZYMES,ADVANCED ENZYME TECH LTD,295.0,300.05,291.85,292.75,297.0,205547
2026-09-24,ADVANIHOTR,ADVANI HOT.& RES.(I) LTD,47.57,48.48,47.55,47.75,47.57,15922
2026-09-24,ADVENTHTL,ADVENT HOTELS INTERNATI L,128.57,128.78,126.0,127.04,130.36,133111
2026-09-24,ADVIKCA,ADVIK CAPITAL LTD.,1.01,1.03,0.96,0.99,1.01,177622
2026-09-24,RAMBHAJO,ADVIT JEWELS LIMITED,284.9,285.45,275.0,275.76,286.1,240258
2026-09-24,AEGISLOG,AEGIS LOGISTICS LIMITED,1405.8,1405.8,1348.4,1369.7,1404.5,547668
2026-09-24,AEGISVOPAK,AEGIS VOPAK TERMINALS LTD,300.8,300.8,283.6,289.1,302.8,2451978
2026-09-24,AEQUS,AEQUS LIMITED,241.51,247.0,239.52,242.79,243.94,1907443
2026-09-24,AEROENTER,AEROFLEX ENTERPRISES LTD,125.9,129.67,120.0,126.86,126.51,501763
2026-09-24,AEROFLEX,AEROFLEX INDUSTRIES LTD,515.0,546.0,515.0,527.2,520.8,1258585
2026-09-24,AERONEU,AEROFLEX NEU LIMITED,68.2,80.64,68.0,80.64,67.2,88367
2026-09-24,AETHER,AETHER INDUSTRIES LIMITED,1648.0,1659.0,1629.0,1646.2,1648.2,112531
2026-09-24,AFCONS,AFCONS INFRASTRUCTURE LTD,254.0,262.5,252.95,253.75,258.3,845057
2026-09-24,AFFLE,AFFLE 3I LIMITED,1574.3,1598.5,1555.7,1588.1,1584.3,99024
2026-09-24,AFFORDABLE,AFFORD ROBO & AUTO LTD,174.65,183.38,169.47,177.35,174.65,60546
2026-09-24,AGARIND,AGARWAL INDS CORP LTD.,408.7,410.0,396.1,400.05,408.65,28830
2026-09-24,AGI,AGI GREENPAC LIMITED,837.0,837.0,819.0,821.35,837.2,93291
2026-09-24,AGIIL,AGI INFRA LIMITED,268.0,273.3,267.05,271.45,268.8,1792301
2026-09-24,AGRITECH,AGRI-TECH (INDIA) LIMITED,93.0,98.5,93.0,95.76,97.83,2897
2026-09-24,AGROPHOS,AGRO PHOS INDIA LIMITED,24.25,24.3,23.1,24.27,24.25,13144
2026-09-24,AHLADA,AHLADA ENGINEERS LIMITED,39.15,39.89,37.2,38.76,39.15,4123
2026-09-24,AHLUCONT,AHLUWALIA CONT IND LTD,578.0,590.0,571.3,582.75,580.6,46626
2026-09-24,AIAENG,AIA ENGINEERING LIMITED,3955.0,4033.6,3912.4,3953.4,3970.0,311377
2026-09-24,AIRAN,AIRAN LIMITED,16.45,17.5,16.38,16.58,16.78,30585
2026-09-24,AIROLAM,AIRO LAM LIMITED,91.24,91.24,87.01,88.34,90.79,2630
2026-09-24,AJANTPHARM,AJANTA PHARMA LIMITED,3521.1,3594.0,3521.1,3539.5,3568.1,37012
2026-09-24,AJAXENGG,AJAX ENGINEERING LIMITED,555.0,588.0,555.0,575.2,569.15,1346962
2026-09-24,AJMERA,AJMERA REALTY & INF I LTD,119.01,121.78,116.82,120.51,120.63,338485
2026-09-24,AJOONI,AJOONI BIOTECH LIMITED,3.3,3.32,3.18,3.18,3.28,340761
2026-09-24,AKASH,AKASH INFRA-PROJECTS LTD,24.65,25.4,24.5,24.51,24.76,589
2026-09-24,AKG,AKG EXIM LIMITED,10.0,10.33,9.6,9.76,9.97,36898
2026-09-24,AFIL,AKME FINTRADE (INDIA) LTD,8.45,8.45,8.0,8.04,8.22,510964
2026-09-24,AKSHAR,AKSHAR SPINTEX LIMITED,0.41,0.42,0.4,0.41,0.41,1589240
2026-09-24,AKUMS,AKUMS DRUGS AND PHARMA L,824.0,836.8,813.3,817.6,823.3,218858
2026-09-24,ALANKIT,ALANKIT LIMITED,8.04,8.1,7.8,7.91,8.04,80891
2026-09-24,ALBERTDAVD,ALBERT DAVID LIMITED,863.6,886.0,863.6,871.1,878.55,2557
2026-09-24,ALEMBICLTD,ALEMBIC LIMITED,105.0,107.85,104.5,107.18,106.04,1227728
2026-09-24,APLLTD,ALEMBIC PHARMA LTD,840.0,858.4,834.95,850.0,844.4,354230
2026-09-24,ALFREDHE,ALFRED HERBERT INDIA L,2796.9,2830.0,2780.0,2786.8,2796.9,20
2026-09-24,ALGOQUANT,ALGOQUANT FINTECH LIMITED,72.0,75.35,71.72,73.37,72.1,1563012
2026-09-24,ALICON,ALICON CASTALLOY LIMITED,735.65,741.85,714.45,737.8,739.05,46506
2026-09-24,ALIVUS,ALIVUS LIFE SCIENCES LTD,1390.0,1396.7,1357.3,1370.0,1383.1,39065
2026-09-24,ALKALI,ALKALI METALS LTD,99.96,99.96,96.0,96.37,101.63,55361
2026-09-24,ALKEM,ALKEM LABORATORIES LTD.,5372.0,5447.0,5261.5,5326.0,5417.5,165474
2026-09-24,ALKYLAMINE,ALKYL AMINES CHEM. LTD,1879.0,1895.7,1841.1,1862.5,1883.0,25203
2026-09-24,ALLTIME,ALL TIME PLASTICS LIMITED,205.25,207.1,198.25,201.03,205.36,150765
2026-09-24,AGL,ALLCARGO GLOBAL LIMITED,14.49,14.6,13.61,13.68,14.22,1874610
2026-09-24,ALLCARGO,ALLCARGO LOGISTICS LTD,11.4,11.42,10.88,10.95,11.38,6441937
2026-09-24,ATL,ALLCARGO TERMINALS LTD,25.99,26.17,24.91,25.18,25.93,294106
2026-09-24,ALLDIGI,ALLDIGI TECH LIMITED,780.25,784.1,762.0,771.65,780.25,4525
2026-09-24,ABDL,ALLIED BLEND N DISTILS L,660.0,722.0,650.0,712.15,656.4,6590774
2026-09-24,ADSL,ALLIED DIGITAL SERV. LTD,97.1,98.69,95.62,96.27,97.78,123273
2026-09-24,ALMONDZ,ALMONDZ GLOBAL SEC LTD,19.24,20.35,19.24,19.86,19.55,448919
2026-09-24,ALOKINDS,ALOK INDUSTRIES LIMITED,7.6,7.6,7.4,7.48,7.64,13073959
2026-09-24,ALPA,ALPA LABORATORIES LTD,60.69,61.6,58.61,59.07,60.39,87569
2026-09-24,ALPINETEX,ALPINE TEXWORLD LIMITED,52.46,52.46,50.0,50.65,52.44,290128
2026-09-24,ALUFLUOR,ALUFLUORIDE LTD.,577.55,577.55,562.55,565.8,577.55,4903
2026-09-24,AMAGI,AMAGI MEDIA LABS LIMITED,576.5,581.45,560.15,562.15,578.7,155822
2026-09-24,AMAL,AMAL LTD.,700.05,714.35,685.0,687.65,704.3,14729
2026-09-24,ARE&M,AMARA RAJA ENERGY MOB LTD,809.0,809.05,793.0,795.4,812.85,302626
2026-09-24,AMARJOTHI,AMARJOTHI SPINNING MILL L,148.12,148.55,147.0,147.0,148.12,1266
2026-09-24,AMBER,AMBER ENTERPRISES (I) LTD,7025.5,7050.0,6911.0,6911.0,7064.5,86469
2026-09-24,AMBICAAGAR,AMBICA AGAR & AROMAINDLTD,25.57,25.87,24.32,25.39,25.45,140237
2026-09-24,AMBIKCO,AMBIKA COTTON MILL LTD.,1569.9,1578.0,1551.6,1556.5,1582.7,3932
2026-09-24,AMBUJACEM,AMBUJA CEMENTS LTD,390.0,390.9,382.65,384.1,392.75,912389
2026-09-24,AMNPLST,AMINES & PLASTICIZERS LTD,170.0,171.0,160.8,164.09,169.0,7235
2026-09-24,AEROPLANE,AMIR CHAND JAG KUM (E) L,202.8,207.47,201.34,201.98,205.74,177483
2026-09-24,AMJLAND,AMJ LAND HOLDINGS LIMITED,37.6,38.5,37.23,37.32,37.97,1615
2026-09-24,AMRUTANJAN,AMRUTAJAN HEALTH LTD,507.25,525.6,505.0,510.2,510.05,75103
2026-09-24,ARSSBL,ANAND RATHI SH N STK BR L,508.8,509.0,495.0,497.45,510.8,139770
2026-09-24,ANANDRATHI,ANAND RATHI WEALTH LTD,2168.0,2185.0,2161.5,2167.4,2169.2,212941
2026-09-24,ANANTRAJ,ANANT RAJ LIMITED,625.0,636.0,621.05,624.1,631.8,1717068
2026-09-24,ACL,ANDHRA CEMENTS LIMITED,42.58,42.79,42.1,42.56,42.58,4530
2026-09-24,ANDHRAPAP,ANDHRA PAPER LIMITED,70.53,74.48,70.16,73.62,71.19,812860
2026-09-24,ANDHRSUGAR,ANDHRA SUGARS LTD,95.0,95.14,92.51,92.98,95.2,192709
2026-09-24,ANDREWYU,ANDREW YULE & CO. LTD.,28.25,28.28,26.3,26.85,28.09,181022
2026-09-24,ANGELONE,ANGEL ONE LIMITED,296.0,297.75,289.8,290.7,300.0,3663688
2026-09-24,ANIKINDS,ANIK INDUSTRIES LTD,44.98,44.98,42.91,43.0,44.98,4476
2026-09-24,APCL,ANJANI PORTLAND CEM LTD,96.99,96.99,93.63,95.27,95.93,6625
2026-09-24,AHCL,ANLON HEALTHCARE LIMITED,29.68,30.68,28.18,28.65,29.68,49040894
2026-09-24,ANNAPURNA,ANNAPURNA SWADISHT LTD,132.4,132.4,128.42,131.17,130.68,34805
2026-09-24,ANNU,ANNU PROJECTS LIMITED,51.8,52.35,49.52,49.8,53.04,1047458
2026-09-24,ANSALBU,ANSAL BUILDWELL LTD.,103.3,103.3,93.0,94.9,100.14,12729
2026-09-24,ANTGRAPHIC,ANTARCTICA LTD,0.72,0.73,0.71,0.71,0.73,107802
2026-09-24,ANTELOPUS,ANTELOPUS SELAN ENRGY LTD,1161.2,1177.0,1119.1,1130.95,1161.2,379382
2026-09-24,ANTHEM,ANTHEM BIOSCIENCES LTD,877.0,898.55,876.2,885.6,881.9,404794
2026-09-24,AWHCL,ANTONY WASTE HDG CELL LTD,383.05,387.8,377.95,381.05,387.95,96746
2026-09-24,ANUHPHR,ANUH PHARMA LIMITED,92.11,93.6,90.2,90.78,93.39,72865
2026-09-24,ANURAS,ANUPAM RASAYAN INDIA LTD,1189.5,1199.0,1172.0,1177.2,1193.4,215684
2026-09-24,AONEGOLD,AONEAMC - AONEGOLD,14.15,14.15,13.95,13.95,14.09,363524
2026-09-24,AONELIQUID,AONEAMC - AONELIQUID,1078.15,1078.17,1078.14,1078.16,1078.01,50840
2026-09-24,AONENIFTY,AONEAMC - AONENIFTY,9.44,9.79,9.44,9.59,9.69,159547
2026-09-24,AONESILVER,AONEAMC - AONESILVER,8.8,8.9,8.63,8.64,8.8,455481
2026-09-24,AONETMMQ50,AONEAMC - AONETMMQ50,10.26,10.26,10.07,10.11,10.21,133465
2026-09-24,AONETOTAL,AONEAMC - AONETOTAL,11.98,11.98,11.54,11.57,11.72,182637
2026-09-24,APARINDS,APAR INDUSTRIES LTD.,17876.0,18143.0,17705.0,17804.0,17876.0,78141
2026-09-24,APCOTEXIND,APCOTEX INDUSTRIES LIMITE,610.0,626.0,600.35,602.85,609.8,107799
2026-09-24,APEX,APEX FROZEN FOODS LIMITED,361.0,361.05,347.25,348.9,362.5,64058
2026-09-24,APLAPOLLO,APL APOLLO TUBES LTD,2177.0,2204.9,2158.2,2184.8,2195.0,469774
2026-09-24,APOLLOHOSP,APOLLO HOSPITALS ENTER. L,9069.0,9069.0,8888.5,8888.5,9069.0,383106
2026-09-24,APOLLO,APOLLO MICRO SYSTEMS LTD,401.0,407.8,396.8,399.05,404.6,5160852
2026-09-24,APOLLOPIPE,APOLLO PIPES LIMITED,519.85,524.35,503.25,510.5,522.45,71129
2026-09-24,APOLSINHOT,APOLLO SINDOORI HOTEL LTD,1214.0,1233.9,1214.0,1217.1,1214.0,406
2026-09-24,APOLLOTYRE,APOLLO TYRES LTD,405.5,405.5,396.2,397.95,405.7,432811
2026-09-24,APOORVA,APOORVA LEAS F & INV C L,35.58,35.58,32.61,33.7,34.32,2496
2026-09-24,APTECHT,APTECH LIMITED,92.49,93.8,91.15,92.1,92.06,109778
2026-09-24,APTUS,APTUS VALUE HSG FIN I LTD,248.0,248.0,238.81,240.92,251.33,2030314
2026-09-24,AQYLON,AQYLON NEXUS LIMITED,18.3,19.5,18.05,18.99,18.81,489420
2026-09-24,ACI,ARCHEAN CHEMICAL IND LTD,470.0,496.0,470.0,491.4,474.6,435141
2026-09-24,ADL,ARCHIDPLY DECOR LIMITED,78.9,78.9,68.0,69.82,69.87,1669
2026-09-24,ARCHIDPLY,ARCHIDPLY IND. LTD,109.96,109.96,106.21,106.47,109.77,5897
2026-09-24,ARCHIES,ARCHIES LTD,12.99,13.15,12.6,12.66,12.93,3236
2026-09-24,ARCL,ARCL ORGANICS LTD.,268.5,268.5,245.45,256.85,255.79,5963
2026-09-24,ARDEE,ARDEE INDUSTRIES LIMITED,51.3,51.35,49.11,49.62,52.25,3091839
2026-09-24,ARFIN,ARFIN INDIA LIMITED,88.71,92.0,88.51,89.42,91.42,1135122
2026-09-24,ARIHANTCAP,ARIHANT CAPITAL MKTS LTD,95.0,95.39,91.22,91.95,94.06,779218
2026-09-24,ARIHANT,ARIHANT FOUN & HOU LTD,889.4,895.0,871.4,890.4,900.8,5086
2026-09-24,ARIHANTSUP,ARIHANT SUPERSTRUCT LTD,239.85,247.85,239.85,243.1,239.95,6222
2026-09-24,ARIS,ARISINFRA SOLUTIONS LTD,143.9,143.9,139.0,141.92,143.72,767528
2026-09-24,ARKADE,ARKADE DEVELOPERS LIMITED,127.47,128.89,123.2,124.73,127.73,186335
2026-09-24,ARMANFIN,ARMAN FIN SERV LTD,1958.0,1959.9,1869.0,1897.5,1968.9,39659
2026-09-24,AROGRANITE,ARO GRANITE IND. LTD.,24.13,24.13,23.7,23.97,24.23,1397
2026-09-24,ARROWGREEN,ARROW GREENTECH LIMITED,900.0,915.05,886.0,895.95,900.0,30653
2026-09-24,ARTNIRMAN,ART NIRMAN LIMITED,40.21,40.21,38.6,39.97,40.01,316
2026-09-24,AEPL,ARTEMIS ELECTRICALS & P L,16.49,16.56,16.0,16.13,16.49,12427
2026-09-24,ARTEMISMED,ARTEMIS MED SERVICE LTD,339.0,342.65,331.1,332.7,341.9,212640
2026-09-24,ARVEE,ARVEE LABORATORIES I LTD,237.8,237.8,219.27,224.25,242.18,27441
2026-09-24,ARVINDFASN,ARVIND FASHIONS LIMITED,422.0,422.05,413.2,414.25,425.45,112586
2026-09-24,ARVIND,ARVIND LIMITED,541.1,571.9,541.1,565.7,548.25,1035806
2026-09-24,ARVSMART,ARVIND SMARTSPACES LTD,630.0,637.9,618.55,622.75,634.05,168728
2026-09-24,ARYAMAN,ARYAMAN FINANCIAL SERV L,611.05,615.0,610.0,615.0,611.05,885
2026-09-24,ASAHIINDIA,ASAHI INDIA GLASS LIMITED,965.0,994.9,960.0,965.4,971.3,181631
2026-09-24,ASHAPURMIN,ASHAPURA MINECHEM LTD,530.85,531.65,509.0,510.75,532.85,441922
2026-09-24,ASHIANA,ASHIANA HOUSING LTD,387.0,395.9,386.0,388.5,391.05,30140
2026-09-24,ASHIMASYN,ASHIMA LTD,15.99,16.25,15.7,15.8,15.81,52805
2026-09-24,ASHOKLEY,ASHOK LEYLAND LTD,160.0,160.6,157.0,157.3,162.89,8138134
2026-09-24,ASHOKA,ASHOKA BUILDCON LTD,112.1,115.0,111.1,113.05,112.8,391179
2026-09-24,ASHOKAMET,ASHOKA METCAST LIMITED,15.75,16.1,14.71,15.68,15.54,143518
2026-09-24,ASIANENE,ASIAN ENERGY SERVICES LTD,490.0,496.0,470.05,474.65,489.7,252857
2026-09-24,ASIANTILES,ASIAN GRANITO IND. LTD.,50.9,50.9,49.32,50.35,51.16,2851492
2026-09-24,AHLEAST,ASIAN HOTELS (EAST) LTD,135.57,143.0,135.55,136.41,136.36,3028
2026-09-24,ASIANHOTNR,ASIAN HOTELS (NORTH) LTD,392.65,398.25,381.05,389.5,390.45,5722
2026-09-24,ASIANPAINT,ASIAN PAINTS LIMITED,2430.0,2437.8,2391.0,2392.7,2455.0,259577
2026-09-24,ASTAR,ASIAN STAR CO. LTD.,695.0,726.25,663.0,679.25,708.95,713
2026-09-24,ASIANTNE,ASIAN TEA & EXPORTS LTD.,9.75,9.75,9.02,9.19,9.24,3593
2026-09-24,ASKAUTOLTD,ASK AUTOMOTIVE LIMITED,650.5,654.95,637.7,642.75,651.25,201541
2026-09-24,ASPINWALL,ASPINWALL & CO LTD,257.0,260.05,252.15,258.95,255.55,6938
2026-09-24,ARCIL,ASSET RECONSTRUC CO (I) L,145.0,157.0,145.0,148.62,149.76,9331667
2026-09-24,ASALCBR,ASSO ALCOHOLS & BREW LTD,657.9,664.4,647.1,651.0,657.9,20912
2026-09-24,ASTEC,ASTEC LIFESCIENCES LTD,747.7,756.8,721.0,728.8,757.45,67021
2026-09-24,ASTERDM,ASTER DM QUALITY CARE LTD,752.0,780.0,752.0,768.65,760.05,1555012
2026-09-24,ASTRAMICRO,ASTRA MICROWAVE LTD,1604.1,1609.0,1591.0,1596.2,1602.1,225496
2026-09-24,ASTRAL,ASTRAL LIMITED,1387.8,1402.3,1384.0,1392.0,1394.8,539189
2026-09-24,ASTRAZEN,ASTRAZENECA PHARMA IND LT,6706.0,6706.0,6543.0,6591.0,6706.0,4758
2026-09-24,ATALREAL,ATAL REALTECH LIMITED,14.3,14.83,14.3,14.6,14.36,5678874
2026-09-24,ATAM,ATAM VALVES LIMITED,59.24,60.42,57.0,58.08,59.24,7448
2026-09-24,ATHERENERG,ATHER ENERGY LIMITED,1489.0,1524.5,1481.0,1499.0,1499.4,3276318
2026-09-24,ATLANTAELE,ATLANTA ELECTRICALS LTD,1676.0,1676.0,1577.0,1587.2,1656.3,107385
2026-09-24,ATLANTAA,ATLANTAA LIMITED,35.65,35.83,35.06,35.65,35.83,6973
2026-09-24,ATLASCYCLE,ATLAS CYCLE (HARYANA) LTD,100.0,101.55,96.32,97.89,100.46,8923
2026-09-24,ATULAUTO,ATUL AUTO LIMITED,457.75,457.75,445.0,447.55,457.75,48768
2026-09-24,ATUL,ATUL LTD,6100.0,6208.5,6098.5,6135.5,6118.0,22896
2026-09-24,AUBANK,AU SMALL FINANCE BANK LTD,1034.1,1034.1,999.2,1000.1,1053.0,3448868
2026-09-24,AUGMONT,AUGMONT ENTERPRISES LTD,879.95,895.0,858.6,864.1,886.3,448654
2026-09-24,AURIONPRO,AURIONPRO SOLN LTD,680.0,704.0,675.25,682.55,689.4,115289
2026-09-24,AUROPHARMA,AUROBINDO PHARMA LTD,1719.7,1740.0,1710.0,1716.0,1721.5,819753
2026-09-24,AURUM,AURUM PROPTECH LIMITED,223.0,223.0,219.9,220.22,223.19,67430
2026-09-24,AURUS,AURUS GEM CORP LIMITED,4.85,4.85,4.51,4.63,4.67,17035
2026-09-24,AUSOMENT,AUSOM ENTERPRISE LIMITED,147.63,149.0,140.3,145.66,147.63,8104
2026-09-24,AUSTENG,AUSTIN ENGINEERING CO. L,164.4,171.97,164.19,169.04,164.19,33265
2026-09-24,AIIL,AUTHUM INVEST & INFRA LTD,562.6,562.6,548.75,551.6,561.45,147739
2026-09-24,AUTOIND,AUTOLINE INDUSTRIES LTD,87.5,89.54,84.0,84.32,87.79,768484
2026-09-24,ACGL,AUTOMOBILE CORPN OF GOA L,1731.8,1760.0,1700.0,1716.5,1731.8,781
2026-09-24,AUTOAXLES,AUTOMOTIVE AXLES LIMITED,1687.8,1700.0,1668.6,1683.6,1682.0,4622
2026-09-24,ASAL,AUTOMOTIVE STAMPINGS & AS,451.0,454.8,439.0,441.7,452.0,8394
2026-09-24,AVADHSUGAR,AVADH SUG & ENERGY LTD,731.05,737.0,719.95,724.1,730.8,33701
2026-09-24,AVALON,AVALON TECHNOLOGIES LTD,2427.9,2470.0,2280.0,2316.1,2445.6,373474
2026-09-24,AVANCE,AVANCE TECHNOLOGIES LTD.,0.84,0.84,0.8,0.8,0.83,4330582
2026-09-24,AVANTEL,AVANTEL LIMITED,153.0,160.0,151.38,155.34,146.17,19469119
2026-09-24,AVANTIFEED,AVANTI FEEDS LIMITED,762.0,764.15,747.2,749.75,767.2,161012
2026-09-24,DMART,AVENUE SUPERMARTS LIMITED,3818.0,3832.1,3780.1,3787.5,3834.8,429727
2026-09-24,CCAVENUE,AVENUESAI LIMITED,16.0,16.26,15.82,15.99,16.09,9133232
2026-09-24,ASMS,AVIO SMART MRKT STACK LTD,6.45,6.55,6.34,6.41,6.47,201114
2026-09-24,AVONMORE,AVONMORE CAP&MGT SERV LTD,13.64,13.64,13.01,13.1,13.48,174612
2026-09-24,AVROIND,AVRO INDIA LIMITED,7.24,7.24,6.99,7.08,7.13,132690
2026-09-24,AVTNPL,AVT NATURAL PRODUCTS LTD,95.3,96.7,91.91,92.93,96.88,418880
2026-09-24,AWFIS,AWFIS SPACE SOLUTIONS LTD,269.25,269.9,257.8,262.4,269.05,717703
2026-09-24,AWL,AWL AGRI BUSINESS LIMITED,188.49,189.33,183.7,184.69,186.18,3163547
2026-09-24,AXISBANK,AXIS BANK LIMITED,1225.2,1225.2,1175.0,1186.5,1243.2,10890660
2026-09-24,ENERGYAXIS,AXISAMC - ENERGYAXIS,18.84,19.0,18.72,18.77,18.92,13067
2026-09-24,BNKETFAXIS,AXISAMC-BNKETFAXIS,575.6,575.6,572.01,573.8,584.85,1115
2026-09-24,CONSUMAXIS,AXISAMC-CONSUMAXIS,118.5,118.5,116.96,117.33,118.44,829
2026-09-24,GOLDAXIS,AXISAMC-GOLDAXIS,124.6,125.14,124.17,124.24,125.69,2469888
2026-09-24,HEALTHAXIS,AXISAMC-HEALTHAXIS,173.6,173.6,170.5,172.51,173.88,15664
2026-09-24,ITAXIS,AXISAMC-ITAXIS,316.48,316.48,308.0,308.61,313.65,2557
2026-09-24,NIFTYAXIS,AXISAMC-NIFTYAXIS,260.08,261.5,255.84,257.37,260.08,17929
2026-09-24,SENSEXAXIS,AXISAMC-SENSEXAXIS,78.28,78.28,76.5,76.71,77.86,6723
2026-09-24,SILVERAXIS,AXISAMC-SILVERAXIS,227.0,227.0,224.3,224.63,229.19,978031
2026-09-24,VALUEAXIS,AXISAMC-VALUEAXIS,32.48,32.64,32.04,32.18,32.48,42653
2026-09-24,AXISCADES,AXISCADES TECH LTD,1930.0,1959.0,1905.2,1923.1,1940.2,118651
2026-09-24,AXITA,AXITA COTTON LIMITED,8.11,8.12,7.95,8.0,8.0,1313832
2026-09-24,AXTEL,AXTEL INDUSTRIES LTD.,449.5,459.9,435.0,442.3,450.35,1962
2026-09-24,AYE,AYE FINANCE LIMITED,181.99,181.99,170.6,171.99,180.66,1306567
2026-09-24,AYMSYNTEX,AYM SYNTEX LIMITED,296.95,296.95,283.15,285.4,292.8,47064
2026-09-24,AZAD,AZAD ENGINEERING LIMITED,2705.0,2739.3,2667.9,2678.3,2713.2,194120
2026-09-24,AZADIND,AZAD INDIA MOBILITY LTD.,84.0,88.9,81.06,83.77,80.93,39928
2026-09-24,BBTCL,B&B TRIPLEWALL CONT LTD,232.69,234.02,223.52,229.17,231.3,5451
2026-09-24,BAGFILMS,B.A.G FILMS AND MEDIA LTD,4.35,4.38,4.25,4.29,4.34,43213
2026-09-24,BLKASHYAP,B.L.KASHYAP & SON LTD,53.21,53.39,52.4,52.85,53.97,162477
2026-09-24,STYLEBAAZA,BAAZAR STYLE RETAIL LTD,379.0,381.3,367.0,370.4,378.05,554142
2026-09-24,BAIDFIN,BAID FINSERV LIMITED,10.55,10.63,10.29,10.45,10.55,40141
2026-09-24,BAJAJ-AUTO,BAJAJ AUTO LIMITED,11341.0,11383.0,11201.0,11208.0,11400.0,106766
2026-09-24,BAJAJCON,BAJAJ CONSUMER CARE LTD,504.0,514.1,499.5,501.7,505.85,542706
2026-09-24,BAJAJELEC,BAJAJ ELECT.LTD,326.15,328.0,320.15,321.45,329.4,85820
2026-09-24,BAJFINANCE,BAJAJ FINANCE LIMITED,1005.0,1015.0,974.0,982.0,1043.2,13385656
2026-09-24,BAJAJFINSV,BAJAJ FINSERV LTD.,1818.0,1818.0,1760.9,1762.3,1846.5,1520045
2026-09-24,BAJAJHCARE,BAJAJ HEALTHCARE LIMITED,354.0,364.4,348.3,350.15,352.7,310385
2026-09-24,BAJAJHIND,BAJAJ HINDUSTHAN SUGAR LT,20.48,20.48,19.7,19.9,20.52,9500176
2026-09-24,BAJAJHLDNG,BAJAJ HOLDINGS & INVS LTD,11390.0,11390.0,10898.0,10917.0,11449.0,43678
2026-09-24,BAJAJHFL,BAJAJ HOUSING FINANCE LTD,83.28,83.39,82.08,82.96,83.52,4579123
2026-09-24,BAJAJST,BAJAJ STEEL INDS. LTD.,347.0,349.1,345.0,347.0,349.8,3155
2026-09-24,BAJEL,BAJEL PROJECTS LIMITED,174.02,174.02,168.0,172.11,174.06,114747
2026-09-24,BALPHARMA,BAL PHARMA LTD.,106.25,108.99,103.0,105.02,108.28,37460
2026-09-24,BALAMINES,BALAJI AMINES LIMITED,2259.1,2308.4,2209.1,2226.0,2271.2,182755
2026-09-24,BALAJITELE,BALAJI TELEFILMS LIMITED.,93.0,97.3,92.76,93.82,94.18,173922
2026-09-24,BALAXI,BALAXI PHARMA LTD,22.5,23.25,22.5,22.73,22.94,20375
2026-09-24,BALKRISIND,BALKRISHNA IND. LTD,2185.0,2201.7,2161.1,2167.8,2199.6,49847
2026-09-24,BALKRISHNA,BALKRISHNA PAPER MILLS L,16.15,16.4,15.5,15.9,16.15,4835
2026-09-24,BALMLAWRIE,BALMER LAWRIE & CO LTD,167.0,167.0,161.05,164.25,167.43,123861
2026-09-24,BLIL,BALMER LAWRIE INVSTS. L,67.3,67.3,66.66,66.73,67.28,49766
2026-09-24,BALRAMCHIN,BALRAMPUR CHINI MILLS LTD,674.8,677.5,657.0,659.4,676.4,578395
2026-09-24,BALUFORGE,BALU FORGE INDUSTRIES LTD,502.55,506.95,495.15,498.1,506.25,319506
2026-09-24,BANARBEADS,BANARAS BEADS LTD,116.99,119.64,113.1,115.86,113.28,7965
2026-09-24,BANCOINDIA,BANCO PRODUCTS (I) LTD,608.0,612.35,600.2,602.35,611.75,54525
2026-09-24,BANDHANBNK,BANDHAN BANK LIMITED,186.0,189.28,182.62,182.9,191.38,19300035
2026-09-24,GOLDBND,BANDHANAMC - GOLDBND,149.47,150.7,148.96,149.24,150.95,13781
2026-09-24,IDFNIFTYET,BANDHANAMC - IDFNIFTYET,257.7,262.9,255.05,262.64,259.52,934
2026-09-24,SILVERBND,BANDHANAMC - SILVERBND,227.9,230.09,226.11,226.46,231.23,7790
2026-09-24,BANG,BANG OVERSEAS LTD.,32.38,32.4,31.45,31.61,31.78,10834
2026-09-24,BANKBARODA,BANK OF BARODA,234.5,236.22,233.77,234.3,236.87,3751372
2026-09-24,BANKINDIA,BANK OF INDIA,138.26,138.75,137.11,137.76,139.65,3672188
2026-09-24,MAHABANK,BANK OF MAHARASHTRA,83.7,83.9,81.8,82.38,84.11,7964442
2026-09-24,BANKA,BANKA BIOLOO LIMITED,76.5,76.5,76.5,76.5,76.5,51
2026-09-24,BANARISUG,BANNARI AMMAN SUGARS LTD,3334.6,3334.6,3300.0,3306.5,3342.8,550
2026-09-24,BANSALWIRE,BANSAL WIRE INDUSTRIES L,316.1,330.0,316.1,323.35,315.9,223728
2026-09-24,BANSWRAS,BANSWARA SYNTEX LIMITED,111.85,114.62,108.62,109.34,111.28,102020
2026-09-24,BVCL,BARAK VALLEY CEM. LTD.,41.75,42.14,41.0,41.18,42.12,3050
2026-09-24,BBNPNBETF,BARODABNP - BBNPNBETF,56.46,57.04,55.87,55.87,57.19,1140
2026-09-24,BBNPPGOLD,BARODABNP - BBNPPGOLD,147.1,147.2,143.15,144.9,146.4,19352
2026-09-24,BASF,BASF INDIA LTD,3570.0,3579.9,3509.7,3523.9,3580.4,13349
2026-09-24,BATAINDIA,BATA INDIA LTD,637.2,638.95,626.0,627.0,637.2,89666
2026-09-24,BATLIBOI,BATLIBOI LTD.,82.5,84.5,81.5,83.77,84.28,18593
2026-09-24,BAYERCROP,BAYER CROPSCIENCE LTD,3762.6,3764.9,3725.0,3736.3,3762.6,20014
2026-09-24,BCLIND,BCL INDUSTRIES LIMITED,33.99,34.09,33.14,33.48,34.14,428082
2026-09-24,BCPL,BCPL RAILWAY INFRA LTD,70.8,72.99,67.71,68.4,69.47,26282
2026-09-24,BEARDSELL,BEARDSELL LIMITED,25.25,25.25,23.89,24.11,24.75,18314
2026-09-24,BEDMUTHA,BEDMUTHA INDUST LTD,104.96,108.0,102.1,103.05,104.89,527
2026-09-24,BEEKAY,BEEKAY STEEL INDS. LTD.,427.5,427.5,423.0,426.4,423.25,745
2026-09-24,BLEL,BEHARI LAL ENGINEERING L,464.0,464.35,442.2,447.3,469.6,611687
2026-09-24,BELLACASA,BELLA CASA FASH AND RET L,284.0,284.0,268.02,272.34,284.12,14031
2026-09-24,BELRISE,BELRISE INDUSTRIES LTD,246.0,250.61,242.21,243.63,249.78,2808239
2026-09-24,BLAL,BEML LAND ASSETS LIMITED,165.33,167.8,162.05,162.83,165.33,16847
2026-09-24,BEML,BEML LIMITED,2078.2,2089.0,2030.0,2044.4,2095.4,193556
2026-09-24,BENARAS,BENARES HOTELS LTD.,10470.0,10550.0,10215.0,10299.0,10470.0,83
2026-09-24,BENGALASM,BENGAL & ASSAM CO. LTD.,6153.0,6179.5,6120.5,6126.0,6182.5,142
2026-09-24,BERGEPAINT,BERGER PAINTS (I) LTD,457.85,457.85,444.35,449.4,459.75,671583
2026-09-24,BESTAGRO,BEST AGROLIFE LIMITED,18.48,18.75,18.01,18.19,18.59,400243
2026-09-24,BETA,BETA DRUGS LIMITED,2190.5,2197.9,2080.0,2093.4,2187.8,16148
2026-09-24,BFINVEST,BF INVESTMENT LIMITED,446.7,447.4,436.2,439.55,446.7,13440
2026-09-24,BFUTILITIE,BF UTILITIES LIMITED,525.0,529.0,518.0,525.45,530.5,32590
2026-09-24,BANK10BETF,BFAM - BANK10BETF,20.32,20.32,20.05,20.17,20.46,6777
2026-09-24,BANKBETF,BFAM - BANKBETF,57.64,57.64,56.31,56.52,57.64,22513
2026-09-24,LIQUIDBETF,BFAM - LIQUIDBETF,1100.04,1100.06,1100.04,1100.05,1099.9,232382
2026-09-24,NIFTYBETF,BFAM - NIFTYBETF,241.85,241.85,237.12,238.03,241.75,3781
2026-09-24,BHAGERIA,BHAGERIA INDUSTRIES LTD,340.0,361.95,335.25,359.65,351.75,243343
2026-09-24,BHAGCHEM,BHAGIRADHA CHEM & INDS L,244.5,247.4,243.25,244.85,247.0,104144
2026-09-24,BHAGYANGR,BHAGYANAGAR INDIA LIMITED,448.9,453.4,429.35,432.3,444.65,137809
2026-09-24,BHANDARI,BHANDARI HOSIERY EXP LTD,2.97,2.97,2.91,2.93,2.95,61014
2026-09-24,BEPL,BHANSALI ENG. POLYMERS LT,130.2,131.04,126.0,127.09,130.49,995288
2026-09-24,BBL,BHARAT BIJLEE LTD,2215.0,2242.0,2185.0,2203.1,2231.1,14261
2026-09-24,BHARATCOAL,BHARAT COKING COAL LTD,32.49,32.49,32.0,32.13,32.62,3636614
2026-09-24,BDL,BHARAT DYNAMICS LIMITED,1170.0,1183.0,1152.1,1155.0,1161.0,2015425
2026-09-24,BEL,BHARAT ELECTRONICS LTD,394.0,398.05,392.0,392.0,396.05,5841116
2026-09-24,BHARATFORG,BHARAT FORGE LTD,1965.0,2023.2,1965.0,1998.9,2004.0,1248669
2026-09-24,BPLPHARMA,BHARAT PARENTERALS LTD.,1539.9,1590.2,1539.9,1581.7,1545.5,2856
2026-09-24,BPCL,BHARAT PETROLEUM CORP  LT,312.4,313.95,306.7,307.1,315.75,3225066
2026-09-24,BHARATRAS,BHARAT RASAYAN LTD,1136.4,1136.4,1105.0,1114.0,1134.0,11034
2026-09-24,BRNL,BHARAT ROAD NETWORK LTD,16.66,16.92,16.12,16.71,16.66,10532
2026-09-24,BHARATSE,BHARAT SEATS LIMITED,220.05,220.06,214.44,217.55,220.05,75195
2026-09-24,BHARATWIRE,BHARAT WIRE ROPES LTD.,170.1,170.11,164.1,165.34,170.1,119874
2026-09-24,BHARTIARTL,BHARTI AIRTEL LIMITED,1829.7,1829.9,1795.8,1795.8,1833.2,4567379
2026-09-24,BHARTIHEXA,BHARTI HEXACOM LIMITED,1511.0,1519.9,1496.8,1507.2,1525.2,27837
2026-09-24,BIL,BHARTIYA INTERNATIONAL,1036.55,1043.95,1001.0,1010.25,1034.95,8544
2026-09-24,BHEL,BHEL,421.4,422.65,415.35,415.35,423.1,5474876
2026-09-24,BIGBLOC,BIGBLOC CONSTRUCTION LTD,40.4,40.95,39.52,40.56,39.97,22890
2026-09-24,BIKAJI,BIKAJI FOODS INTERN LTD,591.1,591.9,570.95,575.2,591.1,146636
2026-09-24,GROWW,BILLIONBRAINS GARAGE VN L,188.88,189.87,184.25,186.55,188.63,20205654
2026-09-24,BIMETAL,BIMETAL BEARINGS LTD.,661.0,661.0,645.0,659.1,660.65,137
2026-09-24,BIOCON,BIOCON LIMITED.,390.9,394.8,384.9,387.0,395.0,1708424
2026-09-24,BIOFILCHEM,BIOFIL CHEM & PHARMA LTD,32.05,32.63,32.05,32.33,32.29,9891
2026-09-24,BIRLACABLE,BIRLA CABLE LIMITED,361.05,364.75,343.95,345.2,361.9,371183
2026-09-24,BIRLACORPN,BIRLA CORPORATION LTD,831.0,849.75,828.85,840.9,839.95,60283
2026-09-24,BIRLANU,BIRLANU LIMITED,1407.3,1445.9,1385.2,1421.3,1407.3,9067
2026-09-24,ABGSEC,BIRLASLAMC - ABGSEC,113.62,114.1,113.56,113.95,114.39,1465
2026-09-24,ABSL10BANK,BIRLASLAMC - ABSL10BANK,162.16,164.51,162.16,164.16,166.32,292
2026-09-24,ABSLBANETF,BIRLASLAMC - ABSLBANETF,59.11,59.11,56.81,57.26,57.95,153368
2026-09-24,ABSLLIQUID,BIRLASLAMC - ABSLLIQUID,1000.0,1000.01,999.99,1000.01,1000.0,5882
2026-09-24,ABSLMSCIN,BIRLASLAMC - ABSLMSCIN,28.81,28.81,28.45,28.51,29.03,539
2026-09-24,ABSLNN50ET,BIRLASLAMC - ABSLNN50ET,75.0,76.13,75.0,75.26,76.24,4562
2026-09-24,BSLSENETFG,BIRLASLAMC - BSLSENETFG,75.32,75.75,74.36,74.42,75.32,9258
2026-09-24,HEALTHY,BIRLASLAMC - HEALTHY,17.79,17.79,17.1,17.22,17.36,734744
2026-09-24,MOMENTUM,BIRLASLAMC - MOMENTUM,30.94,30.96,30.5,30.67,30.94,33664
2026-09-24,NIFTYQLITY,BIRLASLAMC - NIFTYQLITY,20.56,20.59,20.31,20.34,20.56,9794
2026-09-24,SILVER,BIRLASLAMC - SILVER,226.63,228.17,225.34,225.73,230.26,967902
2026-09-24,TECH,BIRLASLAMC - TECH,32.45,32.45,30.8,30.95,31.05,38691
2026-09-24,ABSLPSE,BIRLASLAMC-ABSLPSE,10.02,10.22,9.89,9.97,10.02,123310
2026-09-24,BSOFT,BIRLASOFT LIMITED,280.0,280.35,276.0,277.7,281.1,673742
2026-09-24,BBOX,BLACK BOX LIMITED,803.0,809.7,791.75,795.4,809.85,282103
2026-09-24,BLACKBUCK,BLACKBUCK LIMITED,610.0,610.0,588.0,592.95,616.05,482807
2026-09-24,BLBLIMITED,BLB LIMITED,17.26,17.5,16.84,17.12,17.33,159672
2026-09-24,BLSE,BLS E-SERVICES LIMITED,321.75,328.0,320.35,326.7,322.45,346574
2026-09-24,BLS,BLS INTL SERVS LTD,229.8,229.8,220.96,223.9,230.07,979443
2026-09-24,BLUECLOUDS,BLUE CLOUD SOFTECH SOLU L,19.66,20.41,19.5,20.06,19.73,2344649
2026-09-24,BLUECOAST,BLUE COAST HOTELS LIMITED,20.82,21.79,20.69,20.72,20.82,724
2026-09-24,BLUEDART,BLUE DART EXPRESS LTD,4785.0,4839.0,4740.0,4793.0,4799.5,4436
2026-09-24,BLUEJET,BLUE JET HEALTHCARE LTD,582.0,592.0,571.85,573.45,585.75,392347
2026-09-24,BLUESTARCO,BLUE STAR LIMITED,1522.6,1545.6,1514.1,1525.0,1532.6,204703
2026-09-24,BLUESTONE,BLUESTONE JEWEL LFSTL LTD,862.45,862.55,790.05,807.15,855.5,6798097
2026-09-24,BLUSPRING,BLUSPRING ENTERPRISES LTD,132.59,142.75,131.32,140.56,132.59,1598336
2026-09-24,BMWVENTLTD,BMW VENTURES LIMITED,51.49,52.9,50.01,52.23,51.2,112493
2026-09-24,BNAGROCHEM,BN AGROCHEM LTD.,207.0,215.0,200.0,207.99,206.88,646
2026-09-24,BODALCHEM,BODAL CHEMICALS LTD,197.53,202.79,189.56,195.08,199.53,2298596
2026-09-24,BTML,BODHI TREE MULTIMEDIA LTD,7.3,7.3,6.95,6.97,7.15,123057
2026-09-24,BOHRAIND,BOHRA INDUSTRIES LIMITED,13.11,15.0,13.11,14.93,13.64,36086
2026-09-24,BBTC,BOMBAY BURMAH TRADING COR,1450.2,1450.2,1429.1,1437.4,1450.2,36159
2026-09-24,BOMDYEING,BOMBAY DYEING & MFG. CO L,111.04,111.97,109.0,109.63,111.52,395572
2026-09-24,BSHSL,BOMBAY SUPER HYBRID SEEDS,86.64,87.8,85.21,87.16,85.57,2701
2026-09-24,BONLON,BONLON INDUSTRIES LIMITED,40.91,42.49,39.5,41.32,40.93,43963
2026-09-24,BORANA,BORANA WEAVES LIMITED,296.0,298.95,289.35,291.0,295.5,53011
2026-09-24,BOROLTD,BOROSIL LIMITED,263.0,267.9,258.0,259.31,267.5,268071
2026-09-24,BORORENEW,BOROSIL RENEWABLES LTD,472.95,472.95,458.0,459.75,475.0,247809
2026-09-24,BOROSCI,BOROSIL SCIENTIFIC LTD,116.3,118.0,114.08,115.77,117.74,136780
2026-09-24,BOSCH-HCIL,BOSCH HOME COMFRT IND LTD,1755.0,1795.0,1725.0,1730.0,1769.8,18011
2026-09-24,BOSCHLTD,BOSCH LIMITED,47890.0,48080.0,47145.0,47750.0,47955.0,14604
2026-09-24,BPL,BPL LTD,45.9,45.9,44.11,44.85,45.09,39207
2026-09-24,BRAHMINFRA,BRAHMAPUTRA INFRA L,157.0,157.0,151.5,153.13,154.55,18627
2026-09-24,FIRSTCRY,BRAINBEES SOLUTIONS LTD,180.05,190.8,173.3,179.63,180.41,31265673
2026-09-24,BCONCEPTS,BRAND CONCEPTS LIMITED,153.99,154.0,150.05,151.32,153.06,5900
2026-09-24,BRIGADE,BRIGADE ENTER. LTD,616.0,616.0,598.8,606.2,616.45,181473
2026-09-24,BRIGHOTEL,BRIGADE HOTEL VENTURE LTD,57.0,57.44,55.49,56.11,57.05,159327
2026-09-24,BRIGHTBR,BRIGHT BROTHERS LTD.,249.85,249.85,235.1,240.5,251.1,6586
2026-09-24,BCG,BRIGHTCOM GROUP LIMITED,9.54,9.61,9.4,9.46,9.59,4054174
2026-09-24,BRITANNIA,BRITANNIA INDUSTRIES LTD,4935.0,4959.5,4885.0,4895.0,4929.0,184523
2026-09-24,BROOKS,BROOKS LAB LIMITED,61.0,61.35,58.67,59.4,61.0,26893
2026-09-24,BSE,BSE LIMITED,3235.0,3308.0,3175.0,3183.8,3270.7,5659943
2026-09-24,BSL,BSL LTD,123.62,124.24,120.55,120.9,124.24,3988
2026-09-24,BUTTERFLY,BTRFLY GANDHI APPL LTD,566.0,573.1,562.5,568.3,566.0,13853
2026-09-24,CGVAK,C G V A K SOFTWARE & EX L,151.0,151.0,141.81,148.11,148.67,2570
2026-09-24,MAPMYINDIA,C.E. INFO SYSTEMS LIMITED,900.0,910.0,878.6,882.8,906.8,114146
2026-09-24,CMLL,CALIBER MINING AND LOG L,509.0,523.0,502.5,506.25,504.65,600592
2026-09-24,CAMLINFINE,CAMLIN FINE SCIENCES LTD,98.1,98.34,96.6,97.25,98.69,330848
2026-09-24,CAMPUS,CAMPUS ACTIVEWEAR LIMITED,211.0,211.4,207.78,210.95,211.05,372182
2026-09-24,CANFINHOME,CAN FIN HOMES LTD,757.95,759.9,740.05,743.15,757.95,224170
2026-09-24,CANBK,CANARA BANK,124.95,126.2,124.57,125.9,126.0,9112129
2026-09-24,CANHLIFE,CANARA HSBC LIFE INS CO L,143.0,154.88,135.68,151.51,151.63,4556970
2026-09-24,CRAMC,CANARA ROBECO AMC LIMITED,230.0,232.3,227.45,228.8,230.35,322477
2026-09-24,CANTABIL,CANTABIL RETAIL LTD,238.73,239.8,236.2,238.52,238.55,104044
2026-09-24,CAPACITE,CAPACITE INFRAPROJECT LTD,195.3,196.88,191.3,192.57,198.25,202408
2026-09-24,CAPILLARY,CAPILLARY TECHNO INDIA L,544.45,574.9,523.15,567.55,545.55,780150
2026-09-24,CIFL,CAPITAL INDIA FINANCE LTD,21.9,22.5,21.16,21.76,21.34,224279
2026-09-24,CAPITALSFB,CAPITAL SMALL FIN BANK L,284.6,287.4,279.6,280.55,284.6,47408
2026-09-24,CAPLIPOINT,CAPLIN POINT LAB LTD.,2775.0,2990.0,2770.0,2867.4,2793.8,1241321
2026-09-24,CGCL,CAPRI GLOBAL CAPITAL LTD,268.0,269.5,256.25,259.4,268.6,1779349
2026-09-24,CPL,CAPTAIN POLYPLAST LIMITED,62.8,62.99,61.96,62.54,62.46,23312
2026-09-24,CARBORUNIV,CARBORUNDUM UNIVERSAL LTD,1264.0,1368.9,1257.1,1296.5,1264.5,3529279
2026-09-24,CARERATING,CARE RATINGS LIMITED,1638.3,1638.3,1610.0,1616.8,1639.6,22146
2026-09-24,CPEDU,CAREER POINT EDUTECH LTD,180.0,182.89,175.0,179.17,179.52,1697
2026-09-24,CARRARO,CARRARO INDIA LIMITED,549.85,554.0,541.2,550.05,554.6,82085
2026-09-24,CARTRADE,CARTRADE TECH LIMITED,2989.1,3099.0,2963.6,3004.8,3001.8,374113
2026-09-24,CARYSIL,CARYSIL LIMITED,1083.7,1084.4,1040.1,1047.9,1085.1,78532
2026-09-24,CASTROLIND,CASTROL INDIA LIMITED,193.2,195.9,192.11,194.8,193.23,2326661
2026-09-24,CCL,CCL PRODUCTS (I) LTD,1045.0,1050.1,1029.8,1039.5,1043.2,114687
2026-09-24,CEATLTD,CEAT LIMITED,3408.9,3429.8,3335.0,3353.8,3432.2,30034
2026-09-24,CEIGALL,CEIGALL INDIA LIMITED,387.0,390.0,379.65,382.55,388.85,154717
2026-09-24,CEINSYS,CEINSYS TECH LIMITED,701.4,713.65,688.35,695.5,712.05,49272
2026-09-24,CELEBRITY,CELEBRITY FASHIONS LTD,6.36,6.85,6.21,6.56,6.65,61846
2026-09-24,CELLO,CELLO WORLD LIMITED,324.0,344.0,320.15,339.8,324.1,2264566
2026-09-24,CEMPRO,CEMINDIA PROJECTS LIMITED,1305.0,1305.0,1254.5,1268.5,1311.2,173946
2026-09-24,CENTRALBK,CENTRAL BANK OF INDIA,31.5,31.52,31.08,31.19,31.63,2898783
2026-09-24,CDSL,CENTRAL DEPO SER (I) LTD,1339.0,1347.3,1318.1,1320.0,1351.1,1232299
2026-09-24,CMPDI,CENTRAL MINE P N D INST L,210.0,211.76,205.1,206.71,213.53,927444
2026-09-24,CENTRUM,CENTRUM CAPITAL LIMITED,21.35,21.5,21.0,21.06,21.21,257403
2026-09-24,CENTUM,CENTUM ELECTRONICS LTD,4822.3,4959.0,4766.8,4837.6,4826.1,91384
2026-09-24,CENTENKA,CENTURY ENKA LTD,581.95,581.95,565.0,567.55,580.55,18962
2026-09-24,CENTEXT,CENTURY EXTRUSIONS LTD,19.0,19.1,18.61,18.82,18.79,95536
2026-09-24,CENTURYPLY,CENTURY PLYBOARDS (I) LTD,711.9,722.15,689.55,694.25,711.9,132522
2026-09-24,CERA,CERA SANITARYWARE LTD,5480.0,5521.5,5475.0,5492.5,5520.0,2719
2026-09-24,CESC,CESC LTD,142.44,142.44,139.6,139.89,142.56,1219300
2026-09-24,CGPOWER,CG POWER AND IND SOL LTD,877.1,896.4,877.1,886.7,895.0,1340393
2026-09-24,CHALET,CHALET HOTELS LIMITED,884.0,897.0,866.6,894.9,884.05,129562
2026-09-24,CLSEL,CHAMAN LAL SETIA EXP LTD,292.8,298.85,290.3,292.4,296.25,34504
2026-09-24,CHAMBLFERT,CHAMBAL FERTILIZERS LTD,419.6,421.5,415.45,418.2,419.6,269494
2026-09-24,CHEMBOND,CHEMBOND MATERIALTECH LTD,197.83,197.83,191.0,191.59,193.68,6927
2026-09-24,CHEMCRUX,CHEMCRUX ENTERPRISES LTD.,78.0,79.9,77.77,78.61,78.16,3216
2026-09-24,CHEMFAB,CHEMFAB ALKALIS LIMITED,352.0,375.0,350.0,358.2,351.6,5232
2026-09-24,CHEMPLASTS,CHEMPLAST SANMAR LIMITED,198.0,198.0,187.93,192.65,199.4,231387
2026-09-24,CHENNPETRO,CHENNAI PETROLEUM CORP LT,1385.7,1398.2,1360.8,1372.7,1388.6,873065
2026-09-24,CHEVIOT,CHEVIOT COMPANY LIMITED,1190.0,1194.0,1165.0,1166.6,1176.7,588
2026-09-24,CHOICEIN,CHOICE INTERNATIONAL LTD,749.0,759.0,745.75,749.5,751.85,178798
2026-09-24,CHOICEGOLD,CHOICEAMC - CHOICEGOLD,149.9,149.98,147.23,148.1,149.87,32937
2026-09-24,CHOLAHLDNG,CHOLAMANDALAM FIN HOL LTD,1451.0,1456.4,1405.4,1432.6,1472.4,415789
2026-09-24,CHOLAFIN,CHOLAMANDALAM IN & FIN CO,1630.0,1712.0,1629.9,1681.7,1774.0,4152387
2026-09-24,CIEINDIA,CIE AUTOMOTIVE INDIA LTD,384.35,391.95,382.1,388.95,384.2,203748
2026-09-24,CINELINE,CINELINE INDIA LIMITED,88.23,90.25,88.23,89.17,90.01,17998
2026-09-24,CINEVISTA,CINEVISTA LIMITED,14.21,14.4,14.0,14.11,14.1,21066
2026-09-24,CIPLA,CIPLA LTD,1375.0,1419.0,1364.6,1399.0,1383.0,1580784
2026-09-24,CUB,CITY UNION BANK LTD,225.0,228.37,218.95,220.52,225.34,3679351
2026-09-24,CLEDUCATE,CL EDUCATE LIMITED,56.28,56.28,54.5,55.07,56.31,5647
2026-09-24,CLEANMAX,CLEAN MAX ENVIRO EN SOL L,1453.0,1453.0,1373.8,1385.2,1457.5,285889
2026-09-24,CLEAN,CLEAN SCIENCE & TECH LTD,831.3,831.3,811.35,815.45,836.6,221209
2026-09-24,CMRGREEN,CMR GREEN TECHNOLOGIES L,227.73,227.73,219.91,220.72,227.73,411849
2026-09-24,CMSINFO,CMS INFO SYSTEMS LIMITED,234.0,234.0,230.1,232.32,234.12,516478
2026-09-24,COALINDIA,COAL INDIA LTD,422.0,423.85,418.8,422.0,424.55,3565762
2026-09-24,COASTCORP,COASTAL CORPORATION LTD,38.0,38.48,37.2,37.68,38.04,26291
2026-09-24,COCHINSHIP,COCHIN SHIPYARD LIMITED,1365.0,1385.0,1358.1,1370.0,1370.0,557426
2026-09-24,COFFEEDAY,COFFEE DAY ENTERPRISE LTD,30.99,31.35,30.6,30.7,31.0,401197
2026-09-24,COFORGE,COFORGE LIMITED,1762.0,1803.4,1758.1,1785.9,1782.4,1123720
2026-09-24,COHANCE,COHANCE LIFESCIENCES LTD,459.0,464.45,451.1,454.15,461.45,349978
2026-09-24,COLPAL,COLGATE PALMOLIVE LTD.,1875.0,1885.7,1852.2,1854.8,1886.7,374034
2026-09-24,COMFINTE,COMFORT INTECH LTD.,5.75,5.83,5.6,5.69,5.73,139714
2026-09-24,COMSYN,COMMERCIAL SYN BAGS LTD,299.7,308.0,290.0,292.5,299.3,326769
2026-09-24,COMPEAU,COMPETENT AUTOMOB CO. L,373.0,375.0,365.0,365.0,364.4,276
2026-09-24,COMPUSOFT,COMPUCOM SOFTWARE LTD,13.48,13.59,13.2,13.3,13.35,29910
2026-09-24,CAMS,COMPUTER AGE MNGT SER LTD,718.45,725.0,705.0,710.6,723.9,989945
2026-09-24,CONCORDBIO,CONCORD BIOTECH LIMITED,1548.5,1548.5,1472.7,1478.8,1560.3,317814
2026-09-24,CEWATER,CONCORD ENVIRO SYSTEMS L,273.0,275.8,266.25,268.75,274.4,44723
2026-09-24,CONFIPET,CONFIDENCE PETRO IND LTD.,88.8,90.43,85.41,86.29,89.12,2532139
2026-09-24,CCCL,CONS. CONST. CONSORT LTD,13.26,13.48,13.03,13.31,13.26,125757
2026-09-24,CONCOR,CONTAINER CORP OF IND LTD,462.9,472.9,457.55,466.3,464.65,2952951
2026-09-24,CONTROLPR,CONTROL PRINT LIMITED,585.05,588.2,578.35,584.65,584.55,14635
2026-09-24,CORALFINAC,CORAL INDIA FIN & HOUS LT,32.25,32.25,31.2,31.29,31.9,15514
2026-09-24,CORDSCABLE,CORDS CABLE INDUS LTD.,365.0,373.9,360.95,366.75,369.65,92945
2026-09-24,COROMANDEL,COROMANDEL INTERNTL. LTD,1943.0,1957.4,1922.2,1942.5,1956.0,368429
2026-09-24,CORONA,CORONA REMEDIES LIMITED,2163.4,2163.4,2101.0,2111.0,2163.4,45427
2026-09-24,COSMOFIRST,COSMO FIRST LIMITED,867.2,871.65,850.0,857.25,867.2,29882
2026-09-24,CCHHL,COUNTRY CLUB HOSP HOL LTD,13.39,13.85,13.1,13.49,13.42,57882
2026-09-24,CPCAP,CP CAPITAL LIMITED,153.5,157.78,152.5,154.6,152.95,24807
2026-09-24,CPSEETF,CPSE ETF,95.53,95.53,91.9,92.72,93.2,766534
2026-09-24,CRAFTSMAN,CRAFTSMAN AUTOMATION LTD,10720.0,11005.0,10640.0,10710.0,10904.0,50498
2026-09-24,CRAVATEX,CRAVATEX LTD.,341.7,410.0,340.95,361.45,341.7,14410
2026-09-24,CREATIVEYE,CREATIVE EYE LIMITED,6.25,6.35,5.66,6.26,6.19,37615
2026-09-24,CNL,CREATIVE NEWTECH LIMITED,1156.9,1156.9,1101.0,1106.9,1146.1,10193
2026-09-24,CREDITACC,CREDITACCESS GRAMEEN LTD,1345.8,1345.9,1311.2,1315.1,1349.6,153580
2026-09-24,MUFTI,CREDO BRANDS MARKETING L,73.2,73.72,72.0,72.54,73.2,29602
2026-09-24,CREST,CREST VENTURES LIMITED,362.6,364.95,360.0,364.15,366.0,1486
2026-09-24,CRESTO,CRESTO TECHNO LIMITED,21.8,24.16,20.5,24.13,20.14,495249
2026-09-24,CRISIL,CRISIL LTD,4588.9,4599.0,4489.0,4503.5,4605.8,14052
2026-09-24,CRIZAC,CRIZAC LIMITED,176.5,192.89,174.35,186.1,176.5,1104991
2026-09-24,CROMPTON,CROMPT GREA CON ELEC LTD,222.78,223.3,218.65,219.8,223.43,1694754
2026-09-24,CROWN,CROWN LIFTERS LIMITED,124.5,125.99,113.6,117.94,122.53,49383
2026-09-24,CSBBANK,CSB BANK LIMITED,336.0,336.0,325.3,333.75,336.4,347821
2026-09-24,CSLFINANCE,CSL FINANCE LIMITED,216.95,220.18,210.99,211.73,216.95,66295
2026-09-24,CSM,CSM TECHNOLOGIES LIMITED,103.0,104.4,101.0,101.57,103.93,242909
2026-09-24,CUBEXTUB,CUBEX TUBINGS LTD,138.4,138.4,125.82,138.4,125.82,807577
2026-09-24,CUMMINSIND,CUMMINS INDIA LTD,5003.5,5011.5,4958.0,4973.0,5010.0,164357
2026-09-24,CUPID,CUPID LIMITED,274.9,276.95,263.5,266.3,273.85,30961528
2026-09-24,CYIENTDLM,CYIENT DLM LIMITED,952.1,968.0,905.6,912.7,963.5,311196
2026-09-24,CYIENT,CYIENT LIMITED,1064.1,1085.0,1044.0,1057.8,1072.2,225594
2026-09-24,DLINKINDIA,D-LINK INDIA LTD,424.0,426.7,414.45,418.9,426.1,52544
2026-09-24,DPABHUSHAN,D. P. ABHUSHAN LIMITED,1450.0,1461.4,1395.0,1405.6,1455.9,22814
2026-09-24,DBCORP,D.B.CORP LTD,182.0,182.79,179.2,180.31,182.22,51129
2026-09-24,DABUR,DABUR INDIA LTD,387.2,388.9,383.45,385.7,387.4,836163
2026-09-24,DALBHARAT,DALMIA BHARAT LIMITED,1748.0,1750.0,1711.2,1721.2,1744.0,18355
2026-09-24,DALMIASUG,DALMIA BHARAT SUG IN LTD,402.75,409.35,396.95,399.5,407.75,110048
2026-09-24,DAMCAPITAL,DAM CAPITAL ADVISORS LTD,140.11,140.3,136.75,137.2,140.39,157626
2026-09-24,DANGEE,DANGEE DUMS LIMITED,2.75,2.97,2.74,2.97,2.7,7561092
2026-09-24,DATAPATTNS,DATA PATTERNS INDIA LTD,4390.0,4464.0,4370.8,4395.5,4422.4,291150
2026-09-24,DATAMATICS,DATAMATICS GLOBAL SER LTD,784.9,788.5,772.55,783.95,789.85,47138
2026-09-24,DAVANGERE,DAVANGERE SUGAR COMPANY L,2.18,2.23,2.16,2.19,2.2,5520097
2026-09-24,DCI,DC INFOTECH AND COMUN LTD,265.0,318.9,264.3,302.4,268.6,1477566
2026-09-24,DCBBANK,DCB BANK LIMITED,218.4,218.99,206.69,213.35,223.69,2863570
2026-09-24,DCMFINSERV,DCM FINANCIAL SERVICES LT,5.01,5.16,4.91,4.99,5.01,2209
2026-09-24,DCM,DCM LTD,76.85,76.85,74.3,75.07,75.34,14020
2026-09-24,DCMNVL,DCM NOUVELLE LIMITED,177.94,179.0,176.27,178.64,179.43,2461
2026-09-24,DSFCL,DCM SHRIRAM FINE CHEM LTD,31.25,31.76,30.25,31.58,30.25,164659
2026-09-24,DCMSRIND,DCM SHRIRAM IND LTD,38.0,38.2,37.55,37.88,38.01,63506
2026-09-24,DCMSIL,DCM SHRIRAM INTERNATNL L,79.45,85.2,74.1,85.2,77.46,396594
2026-09-24,DCMSHRIRAM,DCM SHRIRAM LIMITED,978.0,982.5,969.0,975.6,980.0,30872
2026-09-24,DCW,DCW LTD,50.02,50.47,48.11,48.36,50.02,1887262
2026-09-24,DCXINDIA,DCX SYSTEMS LIMITED,164.0,165.0,161.1,162.28,164.73,254929
2026-09-24,DDEVPLSTIK,DDEV PLASTIKS IND LTD,264.0,264.0,255.15,257.75,262.6,45580
2026-09-24,DENORA,DE NORA INDIA LIMITED,791.0,800.0,782.0,783.9,795.65,1375
2026-09-24,DECCANCE,DECCAN CEMENTS LIMITED,560.0,569.45,555.1,555.95,560.45,9295
2026-09-24,DECNGOLD,DECCAN GOLD MINES LTD.,220.35,220.75,213.0,214.51,222.44,1062301
2026-09-24,DEEDEV,DEE DEVELOPMENT ENG LTD,714.6,719.8,675.6,675.6,711.15,126760
2026-09-24,DEEPINDS,DEEP INDUSTRIES LIMITED,772.9,784.9,746.5,766.0,772.9,320720
2026-09-24,DEEPA,DEEPA JEWELLERS LIMITED,193.95,198.3,190.1,194.18,196.4,2050357
2026-09-24,DBEIL,DEEPAK BUILDERS & ENG I L,6.78,6.81,6.43,6.64,6.8,203483
2026-09-24,DEEPAKFERT,DEEPAK FERTILIZERS & PETR,1385.0,1393.8,1351.9,1361.4,1386.2,150002
2026-09-24,DEEPAKNTR,DEEPAK NITRITE LTD,1634.0,1634.0,1596.1,1600.9,1635.8,90646
2026-09-24,DELHIVERY,DELHIVERY LIMITED,430.0,432.15,424.15,426.3,435.0,4190544
2026-09-24,DELTACORP,DELTA CORP LIMITED,68.85,74.8,68.85,72.68,68.65,28302261
2026-09-24,DELTAMAGNT,DELTA MANUFACTURING LTD,54.4,56.37,53.4,54.45,56.57,3290
2026-09-24,DEN,DEN NETWORKS LTD,26.99,26.99,26.4,26.52,26.84,269872
2026-09-24,DENTA,DENTA WATER N INFRA SOL L,275.8,276.4,268.85,270.1,274.8,83961
2026-09-24,DEVX,DEV ACCELERATOR LIMITED,34.1,36.6,34.1,36.13,35.0,160466
2026-09-24,DEVIT,DEV INFO TECHNOLOGY LTD,23.71,23.71,22.25,22.59,23.24,101583
2026-09-24,DEVYANI,DEVYANI INTERNATIONAL LTD,137.66,139.32,135.81,137.5,140.11,963555
2026-09-24,DBOL,DHAMPUR BIO ORGANICS LTD,116.0,116.05,112.0,113.2,115.63,103725
2026-09-24,DHAMPURSUG,DHAMPUR SUGAR MILLS LTD.,166.5,167.81,163.37,164.64,168.39,278678
2026-09-24,DHANBANK,DHANLAXMI BANK LIMITED,30.0,30.0,29.22,29.68,30.01,361353
2026-09-24,DHANUKA,DHANUKA AGRITECH LTD,985.5,985.5,960.0,967.6,982.65,14336
2026-09-24,DHARMAJ,DHARMAJ CROP GUARD LTD,299.5,304.0,292.0,300.55,299.1,51334
2026-09-24,DHATRE,DHATRE UDYOG LTD.,4.12,4.39,4.1,4.23,4.15,23807
2026-09-24,DHOOTTRANS,DHOOT TRANSMISSION LTD,1608.0,1629.6,1553.0,1587.6,1615.4,1317047
2026-09-24,DHRUV,DHRUV CONSULTANCY SER LTD,21.4,22.0,20.87,20.94,21.07,4787
2026-09-24,DHUNINV,DHUNSERI INVESTMENTS LTD,1014.4,1014.4,975.3,991.2,1001.75,710
2026-09-24,DVL,DHUNSERI VENTURES LIMITED,292.2,299.95,284.3,293.8,292.2,17896
2026-09-24,DIAMINESQ,DIAMINES & CHEMICALS LTD,253.65,253.65,243.49,246.84,249.38,2830
2026-09-24,DICIND,DIC INDIA LIMITED,660.0,675.0,642.0,647.75,665.65,4423
2026-09-24,DIFFNKG,DIFFUSION ENGINEERS LTD,437.0,440.95,425.1,427.25,439.3,87483
2026-09-24,DGCONTENT,DIGICONTENT LIMITED,25.0,25.15,22.55,23.77,24.9,23265
2026-09-24,DIGIDRIVE,DIGIDRIVE DISTRIBUTORS L,17.9,18.3,17.81,17.88,17.9,12856
2026-09-24,DIGISPICE,DIGISPICE TECHNOLOGIES LT,16.25,16.94,16.1,16.21,16.5,65448
2026-09-24,DIGITIDE,DIGITIDE SOLUTIONS LTD,81.5,81.5,79.04,79.76,81.13,152820
2026-09-24,DNAMEDIA,DILIGENT MEDIA CORP LTD.,2.5,2.51,2.46,2.48,2.5,23613
2026-09-24,DBL,DILIP BUILDCON LIMITED,412.4,416.3,411.25,412.6,413.55,80854
2026-09-24,DISAQ,DISA INDIA LTD.,11999.0,12100.0,11846.0,12008.0,12088.0,67
2026-09-24,DISHTV,DISH TV INDIA LTD.,2.47,2.47,2.42,2.43,2.46,1510220
2026-09-24,DCAL,DISHMAN CARBO AMCIS LTD,172.2,174.0,167.22,168.19,173.33,120226
2026-09-24,DIVGIITTS,DIVGI TORQTRANSFER SYST L,1175.0,1185.0,1148.9,1156.6,1177.1,58655
2026-09-24,DIVISLAB,DIVI S LABORATORIES LTD,9540.5,9740.0,9540.0,9602.0,9624.0,666667
2026-09-24,DIXON,DIXON TECHNO (INDIA) LTD,13100.0,13315.0,13091.0,13299.0,13200.0,185172
2026-09-24,DJML,DJ MEDIAPRINT & LOG LTD,70.7,76.19,70.7,74.44,72.7,85690
2026-09-24,DLF,DLF LIMITED,666.75,681.0,666.55,670.4,675.0,5074007
2026-09-24,DMCC,DMCC SPECIALITY CHEMICALS,299.0,306.9,289.9,295.05,296.3,246754
2026-09-24,DODLA,DODLA DAIRY LIMITED,1049.5,1058.0,1038.7,1045.7,1048.6,12559
2026-09-24,DOLATALGO,DOLAT ALGOTECH LIMITED,68.76,69.0,66.42,66.7,68.72,120296
2026-09-24,DOLLAR,DOLLAR INDUSTRIES LIMITED,273.2,274.7,265.35,269.5,274.45,50023
2026-09-24,DOLLEX,DOLLEX AGROTECH LIMITED,38.0,38.0,35.5,37.0,37.75,37243
2026-09-24,DOLPHIN,DOLPHIN OFF ENT (IND) L,729.9,729.9,680.4,685.3,723.55,60219
2026-09-24,DOMS,DOMS INDUSTRIES LIMITED,2130.0,2133.9,2100.0,2109.0,2141.5,13316
2026-09-24,DONEAR,DONEAR IND. LIMITED,83.79,83.79,81.9,82.22,83.13,15332
2026-09-24,AGARWALEYE,DR AGARWALS HEALTH CARE L,492.15,506.25,491.0,502.1,494.8,355015
2026-09-24,DRAGARWQ,DR. AGARWAL'S EYE HOSP L,5180.0,5300.0,5115.0,5159.0,5202.0,5598
2026-09-24,LALPATHLAB,DR. LAL PATH LABS LTD.,1940.0,1976.2,1911.7,1961.3,1924.3,430163
2026-09-24,DRREDDY,DR. REDDY S LABORATORIES,1210.9,1213.9,1197.0,1200.4,1211.2,1667696
2026-09-24,DRCSYSTEMS,DRC SYSTEMS INDIA LIMITED,12.8,12.8,12.18,12.55,12.67,61393
2026-09-24,DREAMFOLKS,DREAMFOLKS SERVICES LTD,63.9,64.5,62.94,64.13,63.91,39635
2026-09-24,DREDGECORP,DREDGING CORP OF INDIA,1015.0,1016.4,989.2,996.5,1017.5,44839
2026-09-24,KEEPLEARN,DSJ KEEP LEARNING LTD,1.88,1.94,1.81,1.82,1.84,32956
2026-09-24,LIQUIDETF,DSP LIQUID ETF,1000.0,1000.01,999.99,1000.0,999.99,152036
2026-09-24,BANK10ADD,DSPAMC - BANK10ADD,16.54,16.89,16.36,16.53,16.59,116459
2026-09-24,BANKADD,DSPAMC - DSPBANK,57.78,57.78,56.78,56.9,58.01,33277
2026-09-24,GOLDADD,DSPAMC - DSPGOLD,14.6,14.61,14.48,14.5,14.65,6431488
2026-09-24,ITADD,DSPAMC - DSPIT,30.32,30.32,29.85,29.95,30.17,36337
2026-09-24,EQUAL50ADD,DSPAMC - DSPNEWETF,333.0,334.29,330.54,331.12,334.44,19683
2026-09-24,NIFTYADD,DSPAMC - DSPNIFTY,245.73,245.83,243.2,243.8,246.62,5276
2026-09-24,PSUBANKADD,DSPAMC - DSPPSBKETF,84.44,84.44,83.4,83.81,84.44,23742
2026-09-24,PVTBANKADD,DSPAMC - DSPPVBKETF,27.6,27.6,27.22,27.33,27.77,92971
2026-09-24,MIDQ50ADD,DSPAMC - DSPQ50ETF,24.39,24.41,24.09,24.22,24.28,28869
2026-09-24,SENSEXADD,DSPAMC - DSPSENXETF,76.74,76.85,76.11,76.33,77.06,19345
2026-09-24,SILVERADD,DSPAMC - DSPSILVETF,22.0,22.03,21.73,21.74,22.2,2739872
2026-09-24,FLEXIADD,DSPAMC - FLEXIADD,9.73,9.89,9.63,9.68,9.74,61962
2026-09-24,FMCGADD,DSPAMC - FMCGADD,46.23,46.47,45.92,46.0,45.86,20150
2026-09-24,GSEC10ADD,DSPAMC - GSEC10ADD,26.71,26.77,26.7,26.73,26.35,75
2026-09-24,HEALTHADD,DSPAMC - HEALTHADD,16.96,17.09,16.9,16.96,16.9,60251
2026-09-24,LIQUIDADD,DSPAMC - LIQUIDADD,1146.07,1146.37,1146.07,1146.08,1145.93,658390
2026-09-24,MIDBANKADD,DSPAMC - MIDBANKADD,17.0,17.0,16.84,16.86,17.25,253272
2026-09-24,MIDCAPADD,DSPAMC - MIDCAPADD,22.86,22.86,22.52,22.59,22.86,32287
2026-09-24,MSCIADD,DSPAMC - MSCIADD,28.75,28.75,28.5,28.55,28.88,368
2026-09-24,NEXT30ADD,DSPAMC - NEXT30ADD,42.13,42.18,41.74,41.85,42.25,2175
2026-09-24,NEXT50ADD,DSPAMC - NEXT50ADD,72.48,72.62,71.85,71.86,72.88,2314
2026-09-24,SMALLADD,DSPAMC - SMALLADD,18.62,18.62,18.23,18.27,18.56,11221
2026-09-24,TOP10ADD,DSPAMC - TOP10ADD,86.69,86.69,83.47,83.79,84.58,414184
2026-09-24,DUCON,DUCON INFRATECHNOLOGIES L,1.64,1.68,1.54,1.64,1.6,9358405
2026-09-24,DWARKESH,DWARIKESH SUGAR IND LTD,41.65,41.8,40.47,40.74,41.86,929163
2026-09-24,DSSL,DYNACONS SYS & SOLN LTD,1038.0,1046.7,1011.9,1022.1,1030.4,22654
2026-09-24,DYNAMATECH,DYNAMATIC TECHNOLOGIES,12516.0,12630.0,12350.0,12551.0,12561.0,23951
2026-09-24,DYCL,DYNAMIC CABLES LIMITED,476.5,483.7,465.0,473.2,476.9,626764
2026-09-24,DYNPRO,DYNEMIC PRODUCTS LIMITED,235.13,236.93,232.0,232.85,234.58,7401
2026-09-24,EASTWEST,EAST WEST FREIGHT CARRI L,2.41,2.42,2.34,2.36,2.39,32844
2026-09-24,EASEMYTRIP,EASY TRIP PLANNERS LTD,5.84,5.86,5.77,5.8,5.87,9371481
2026-09-24,ECLERX,ECLERX SERVICES LTD,1910.0,1920.8,1880.0,1890.1,1924.2,63177
2026-09-24,ECORECO,ECO RECYCLING LTD.,425.0,425.0,417.0,419.25,419.55,7233
2026-09-24,ECOSMOBLTY,ECOS (INDIA) MOB & HOSP L,109.0,110.74,107.0,108.04,109.11,33055
2026-09-24,BBETF0432,EDELAMC - BBETF0432,1335.36,1342.94,1335.0,1335.53,1340.66,621
2026-09-24,EBANK10,EDELAMC - EBANK10,16.64,16.64,16.3,16.58,16.64,583
2026-09-24,EBANKNIFTY,EDELAMC - EBANKNIFTY,56.64,56.64,55.89,55.89,57.21,10879
2026-09-24,EBBETF0430,EDELAMC - EBBETF0430,1612.97,1612.97,1602.26,1603.95,1609.69,14910
2026-09-24,EBBETF0431,EDELAMC - EBBETF0431,1428.0,1433.58,1427.48,1430.1,1431.06,3485
2026-09-24,EBBETF0433,EDELAMC - EBBETF0433,1306.92,1311.69,1300.0,1301.38,1309.84,3112
2026-09-24,ECAPINSURE,EDELAMC - ECAPINSURE,23.54,23.6,23.24,23.43,23.71,123588
2026-09-24,EGOLD,EDELAMC - EGOLD,150.5,150.5,149.1,149.3,150.9,32162
2026-09-24,ELIQUID,EDELAMC - ELIQUID,1044.65,1048.98,1044.6,1048.98,1048.83,51098
2026-09-24,ELM250,EDELAMC - ELM250,15.88,16.3,15.88,16.11,16.2,292300
2026-09-24,ELMDIV,EDELAMC - ELMDIV,35.48,35.49,35.19,35.25,35.76,870
2026-09-24,EMETAL,EDELAMC - EMETAL,12.89,13.99,12.83,12.92,13.23,7559
2026-09-24,EMULTIMQ,EDELAMC - EMULTIMQ,41.12,41.58,41.02,41.3,41.32,71774
2026-09-24,ENEXT50,EDELAMC - ENEXT50,72.16,72.52,70.77,71.53,72.16,1833
2026-09-24,ENIFTY,EDELAMC - ENIFTY,24.24,24.24,23.28,23.37,23.65,7421
2026-09-24,ESENSEX,EDELAMC - ESENSEX,75.21,75.21,74.33,74.47,75.54,318
2026-09-24,ESILVER,EDELAMC - ESILVER,225.9,228.52,225.42,225.69,229.58,16246
2026-09-24,EDELWEISS,EDELWEISS FIN SERV LTD,140.6,142.8,138.0,139.01,142.03,5585348
2026-09-24,EFCIL,EFC (I) LIMITED,182.8,184.0,178.0,181.2,183.08,167623
2026-09-24,EICHERMOT,EICHER MOTORS LTD,7437.0,7460.0,7333.0,7338.5,7470.0,258170
2026-09-24,EIDPARRY,EID PARRY INDIA LTD,701.05,703.15,687.65,689.55,701.4,184152
2026-09-24,EIHAHOTELS,EIH ASSOCIATED HOTELS LTD,296.85,296.85,285.6,288.6,296.85,16256
2026-09-24,EIHOTEL,EIH LIMITED,299.0,301.15,295.25,296.9,301.15,85796
2026-09-24,EIMCOELECO,EIMCO ELECON (INDIA) LTD,2270.0,2329.8,2250.5,2304.4,2297.8,29400
2026-09-24,EKI,EKI ENERGY SERVICES LTD,83.98,99.04,83.5,99.04,82.54,665973
2026-09-24,ELANTAS,ELANTAS BECK INDIA LTD.,14499.0,14499.0,13623.0,13849.0,14308.0,2753
2026-09-24,ELCIDIN,ELCID INVESTMENTS LTD.,104850.0,104850.0,104810.0,104830.0,105800.0,3
2026-09-24,ELDEHSG,ELDECO HSG & IND LTD.,789.25,789.25,733.0,760.0,779.75,873
2026-09-24,ELECON,ELECON ENG. CO. LTD,463.0,468.5,450.15,459.1,466.6,1947203
2026-09-24,EMIL,ELECTRONICS MART IND LTD,191.62,194.4,188.11,189.16,191.32,2792300
2026-09-24,ELECTCAST,ELECTROSTEEL CASTINGS LTD,73.3,73.31,71.44,72.56,74.22,1426253
2026-09-24,ELECTHERM,ELECTROTHERM (I) LTD.,909.2,920.0,875.0,887.7,904.65,5994
2026-09-24,ELGIEQUIP,ELGI EQUIPMENTS LTD,608.55,617.5,604.45,608.8,614.7,188186
2026-09-24,ELGIRUBCO,ELGI RUBBER CO. LTD,59.9,59.94,57.0,57.15,59.35,39799
2026-09-24,ELIN,ELIN ELECTRONICS LIMITED,89.96,89.99,88.2,89.5,89.95,58154
2026-09-24,ELITECON,ELITECON INTERNATIONAL L,9.2,9.58,9.2,9.55,9.13,14696070
2026-09-24,ELLEN,ELLENBARRIE INDUS GASES L,368.0,370.0,353.1,357.7,371.3,1000879
2026-09-24,ELPROINTL,ELPRO INTERNATIONAL LTD,171.5,174.4,170.45,172.01,171.5,3141
2026-09-24,EMAMILTD,EMAMI LIMITED,390.0,397.3,388.0,390.5,391.45,1756668
2026-09-24,EMAMIREAL,EMAMI REALTY LIMITED,69.75,69.9,68.0,69.03,69.58,6575
2026-09-24,EMBDL,EMBASSY DEVELOPMENTS LTD,60.4,60.99,58.2,58.81,61.22,2396537
2026-09-24,EMCURE,EMCURE PHARMACEUTICALS L,1980.0,1991.4,1943.5,1952.1,1981.7,47459
2026-09-24,EMKAY,EMKAY GLOBAL FIN SERV LTD,267.15,276.0,266.05,272.55,270.6,39396
2026-09-24,EMMVEE,EMMVEE PHOTOVOLTAIC PWR L,329.55,331.15,316.05,317.6,333.1,3608599
2026-09-24,EMPIND,EMPIRE INDUSTRIES LTD.,1046.0,1063.9,1046.0,1051.6,1074.8,1192
2026-09-24,EMPOWER,EMPOWER INDIA LTD.,1.96,2.13,1.96,1.96,2.06,20949300
2026-09-24,EMSLIMITED,EMS LIMITED,366.7,366.7,357.2,358.6,366.35,98178
2026-09-24,EMUDHRA,EMUDHRA LIMITED,640.1,667.0,638.75,659.4,637.8,1009718
2026-09-24,ENDURANCE,ENDURANCE TECHNO. LTD.,2645.0,2698.9,2636.0,2663.2,2669.6,92156
2026-09-24,ENERGYDEV,ENERGY DEVE. CO.LTD,14.69,14.95,14.64,14.91,14.71,17824
2026-09-24,ENGINERSIN,ENGINEERS INDIA LTD,303.5,305.65,295.0,296.65,306.2,4627761
2026-09-24,ENKEIWHEL,ENKEI WHEELS (INDIA) LTD.,399.0,405.35,381.5,385.75,399.45,2549
2026-09-24,ENTERO,ENTERO HEALTHCARE SOLU L,1835.0,1875.0,1780.0,1852.2,1842.5,247589
2026-09-24,ENIL,ENTERTAIN NET. IND. LTD.,100.02,101.46,99.65,99.66,100.17,4809
2026-09-24,EIEL,ENVIRO INFRA ENGINEERS L,202.49,202.49,199.41,201.63,203.32,353347
2026-09-24,EPACK,EPACK DURABLE LIMITED,184.0,185.88,179.1,180.12,184.82,287195
2026-09-24,EPACKPEB,EPACK PREFAB TECHN LTD,253.01,258.97,241.3,246.29,253.95,815923
2026-09-24,EPIGRAL,EPIGRAL LIMITED,1091.0,1099.0,1065.0,1071.0,1093.6,32669
2026-09-24,EPL,EPL LIMITED,238.0,240.25,234.3,238.05,239.1,1071636
2026-09-24,EQUITASBNK,EQUITAS SMALL FIN BNK LTD,69.0,70.77,68.52,70.21,72.27,2416236
2026-09-24,ERIS,ERIS LIFESCIENCES LIMITED,1266.0,1284.1,1264.5,1274.6,1269.9,47023
2026-09-24,ESABINDIA,ESAB INDIA LTD,5604.5,5656.5,5476.0,5528.0,5604.5,3824
2026-09-24,ESCORTS,ESCORTS KUBOTA LIMITED,2804.0,2861.9,2789.1,2822.9,2796.9,321127
2026-09-24,ESDS,ESDS SOFTWARE SOLUTION L,1724.0,1859.2,1704.05,1853.15,1770.7,2468558
2026-09-24,ESSARSHPNG,ESSAR SHIPPING LTD,16.37,16.43,16.08,16.18,16.38,82898
2026-09-24,ESTER,ESTER INDUSTRIES LTD,88.0,88.51,84.91,86.89,88.32,100440
2026-09-24,ETERNAL,ETERNAL LIMITED,338.7,343.6,333.55,335.5,342.65,14989187
2026-09-24,ETHOSLTD,ETHOS LIMITED,2675.2,2697.0,2575.0,2605.7,2660.2,91793
2026-09-24,EUREKAFORB,EUREKA FORBES LIMITED,379.9,379.9,368.6,375.1,378.45,223143
2026-09-24,EUROBOND,EURO PANEL PRODUCTS LTD,151.0,152.9,148.5,148.57,152.22,704
2026-09-24,EUROPRATIK,EURO PRATIK SALES LIMITED,220.0,220.45,211.0,211.65,220.15,192201
2026-09-24,EVEREADY,EVEREADY INDS. IND.  LTD.,325.0,328.1,324.5,326.05,328.5,25369
2026-09-24,EKC,EVEREST KANTO CYLINDERLTD,111.0,115.0,110.37,111.5,113.66,1474664
2026-09-24,EXCELINDUS,EXCEL INDUSTRIES LTD,968.0,969.9,943.0,950.0,963.3,8092
2026-09-24,EXCELSOFT,EXCELSOFT TECHNOLOGIES L,80.2,85.0,80.18,81.69,80.94,1877150
2026-09-24,EXICOM,EXICOM TELE SYSTEMS LTD,166.95,166.95,163.0,164.64,168.09,700884
2026-09-24,EXIDEIND,EXIDE INDUSTRIES LTD,426.0,436.8,421.9,426.55,425.95,3273879
2026-09-24,EXPLEOSOL,EXPLEO SOLUTIONS LIMITED,872.45,884.7,862.0,871.55,872.45,10007
2026-09-24,EXXARO,EXXARO TILES LIMITED,6.3,6.3,6.16,6.24,6.27,102930
2026-09-24,FABTECH,FABTECH TECHNOLOGIES LTD,146.64,148.5,145.02,146.47,148.64,41003
2026-09-24,FACT,FACT LTD,795.0,795.0,775.85,777.8,796.7,86883
2026-09-24,FAZE3Q,FAZE THREE LIMITED,444.0,444.0,421.0,422.0,438.05,16274
2026-09-24,FCSSOFT,FCS SOFTWARE SOLN. LTD.,1.36,1.37,1.33,1.33,1.36,2041112
2026-09-24,FDC,FDC LIMITED,348.9,353.15,343.5,345.7,349.95,159649
2026-09-24,FEDFINA,FEDBANK FINANCIAL SER L,151.01,154.48,150.25,152.71,153.42,956440
2026-09-24,FEDDERSHOL,FEDDERS HOLDING LTD.,68.01,69.75,63.5,64.71,67.22,9579140
2026-09-24,FEDERALBNK,FEDERAL BANK LTD,328.0,332.7,325.95,329.5,331.3,6031916
2026-09-24,FMGOETZE,FEDERAL-MOGUL GOETZE (IND,452.95,472.2,448.25,468.45,453.55,295065
2026-09-24,FERMENTA,FERMENTA BIOTECH LTD.,482.2,511.65,460.0,478.05,475.5,580390
2026-09-24,FIBERWEB,FIBERWEB INDIA LIMITED,26.69,28.68,25.9,26.57,26.48,40274
2026-09-24,FIEMIND,FIEM INDUSTRIES LIMITED,1929.7,1935.0,1903.5,1917.2,1924.5,53114
2026-09-24,FILATFASH,FILATEX FASHIONS LIMITED,0.19,0.19,0.18,0.18,0.18,47083777
2026-09-24,FILATEX,FILATEX INDIA LTD,107.42,108.75,104.41,105.32,108.72,4644101
2026-09-24,FINEORG,FINE ORGANIC IND. LTD.,5059.0,5124.0,4968.0,5062.5,5096.5,21083
2026-09-24,FCL,FINEOTEX CHEMICAL LIMITED,56.55,58.42,55.13,56.07,56.81,19880015
2026-09-24,FINKURVE,FINKURVE FINANCIAL SERV L,69.2,71.0,69.1,70.18,70.12,15875
2026-09-24,FINOPB,FINO PAYMENTS BANK LTD,132.1,132.68,129.0,129.28,132.68,213176
2026-09-24,FINCABLES,FINOLEX CABLES LTD,1465.0,1490.9,1450.1,1480.0,1470.2,791508
2026-09-24,FINPIPE,FINOLEX INDUSTRIES LTD,154.0,155.2,151.88,154.04,154.16,343672
2026-09-24,FSL,FIRSTSOURCE SOLU. LTD.,267.85,267.95,261.0,262.15,267.85,468349
2026-09-24,FISCHER,FISCHER MEDICAL VENTURE L,34.98,35.01,33.86,34.23,35.03,505113
2026-09-24,FIVESTAR,FIVE-STAR BUS FIN LTD,540.0,540.0,516.35,524.85,549.7,1610174
2026-09-24,FLAIR,FLAIR WRITING INDUST LTD,238.99,248.0,237.26,242.96,240.79,132147
2026-09-24,FOODSIN,FOODS & INNS LIMITED,53.15,53.5,52.6,52.98,53.41,69602
2026-09-24,FORCEMOT,FORCE MOTORS LIMITED,17300.0,17456.0,17112.0,17142.0,17352.0,56971
2026-09-24,FORTIS,FORTIS HEALTHCARE LTD,891.6,897.15,877.35,877.35,894.0,906861
2026-09-24,FOSECOIND,FOSECO INDIA LTD,6555.0,6648.0,6440.0,6477.0,6555.0,9084
2026-09-24,FRACTAL,FRACTAL ANALYTICS LIMITED,758.0,758.95,745.4,749.25,761.65,173105
2026-09-24,FREDUN,FREDUN PHARMACEUTICALS L,1394.0,1400.8,1352.7,1360.3,1394.0,30132
2026-09-24,FRONTSP,FRONTIER SPRINGS LTD.,1451.8,1569.8,1451.8,1510.4,1394.6,1615746
2026-09-24,NYKAA,FSN E COMMERCE VENTURES,337.35,343.9,333.05,335.3,340.85,3775285
2026-09-24,UTLSOLAR,FUJIYAMA POWER SYSTEMS L,443.85,443.85,428.3,433.4,446.1,205916
2026-09-24,FUSION,FUSION FINANCE LIMITED,184.0,184.0,176.01,176.8,184.2,456966
2026-09-24,FMNL,FUTURE MKT NETWORKS LTD,8.12,8.36,7.7,8.09,8.1,76249
2026-09-24,GMBREW,G M BREWERIES LTD,968.0,978.3,952.0,967.25,968.3,51293
2026-09-24,GRINFRA,G R INFRAPROJECTS LIMITED,820.05,822.95,798.3,810.3,825.65,26306
2026-09-24,GTECJAINX,G-TEC JAINX EDUCATION LTD,27.18,27.99,26.11,26.48,28.07,5666
2026-09-24,GABRIEL,GABRIEL INDIA LTD,1415.0,1436.6,1389.2,1397.3,1428.1,329569
2026-09-24,GAIL,GAIL (INDIA) LTD,172.1,173.85,171.84,173.85,172.95,6183667
2026-09-24,GAJA,GAJA ALT ASSET MGT LTD,148.8,148.8,145.15,145.94,150.04,448375
2026-09-24,GALAPREC,GALA PRECISION ENG LTD,1164.2,1179.5,1111.0,1117.1,1164.2,74133
2026-09-24,GALAXYSURF,GALAXY SURFACTANTS LTD,2205.0,2267.7,2194.7,2246.6,2222.0,35010
2026-09-24,GALLANTT,GALLANTT ISPAT LIMITED,550.0,556.4,542.55,545.25,556.45,40560
2026-09-24,GANDHAR,GANDHAR OIL REFINE IND L,266.0,267.85,261.7,262.7,268.4,311752
2026-09-24,GANDHITUBE,GANDHI SPL. TUBES LTD,994.75,994.75,967.4,979.1,995.05,14867
2026-09-24,GANESHCP,GANESH CONSUMER PRODUCT L,164.97,166.13,161.49,161.92,164.48,179057
2026-09-24,GANESHHOU,GANESH HOUSING LIMITED,746.1,746.1,725.0,736.85,746.1,50131
2026-09-24,GANECOS,GANESHA ECOSPHERE LIMITED,1035.0,1048.4,1000.0,1014.0,1036.6,83366
2026-09-24,GANGAFORGE,GANGA FORGING LIMITED,1.56,1.57,1.51,1.52,1.55,2658153
2026-09-24,GANGESSECU,GANGES SECURITIES LIMITED,114.5,116.98,112.0,112.1,115.63,2357
2026-09-24,GRSE,GARDEN REACH SHIP&ENG LTD,2365.0,2369.3,2333.5,2344.0,2380.6,197066
2026-09-24,GARUDA,GARUDA CONSTRUCT N ENG L,183.39,183.9,176.97,178.21,184.48,333762
2026-09-24,GRWRHITECH,GARWARE HI-TECH FILMS LTD,6484.5,6484.5,6260.0,6342.5,6537.5,58487
2026-09-24,GARFIBRES,GARWARE TECH FIBRES LTD,783.0,799.9,764.05,781.95,787.15,36667
2026-09-24,GATEWAY,GATEWAY DISTRIPARKS LTD,52.5,52.98,52.2,52.37,52.67,421697
2026-09-24,GAUDIUMIVF,GAUDIUM IVF N WOMEN H L,119.7,123.0,114.61,115.85,117.69,292066
2026-09-24,GAYAHWS,GAYATRI HIGHWAYS LIMITED,1.87,1.9,1.85,1.85,1.88,188295
2026-09-24,GAYAPROJ,GAYATRI PROJECTS LTD,24.0,24.47,22.97,23.01,24.17,1415515
2026-09-24,GVPIL,GE POWER INDIA LIMITED,685.0,688.0,653.0,659.4,686.3,156642
2026-09-24,GVT&D,GE VERNOVA T&D INDIA LTD,4372.1,4405.0,4286.3,4286.3,4417.0,337791
2026-09-24,GEEKAYWIRE,GEEKAY WIRES LIMITED,33.41,33.66,33.2,33.41,33.25,152650
2026-09-24,GEMAROMA,GEM AROMATICS LIMITED,154.2,157.6,150.25,155.18,154.94,47069
2026-09-24,GICRE,GENERAL INS CORP OF INDIA,341.95,344.05,338.05,339.25,344.15,334321
2026-09-24,GENCON,GENERIC ENG CONS PROJ LTD,39.65,40.1,38.15,38.65,39.31,408402
2026-09-24,GENESYS,GENESYS INTL CORPN LTD,280.79,302.0,276.26,283.18,281.62,1214456
2026-09-24,GENUSPAPER,GENUS P&B LIMITED,11.21,11.48,11.07,11.2,11.34,50058
2026-09-24,GENUSPOWER,GENUS POWER INFRASTRU LTD,308.0,321.3,304.75,306.6,308.35,2744915
2026-09-24,GEOJITFSL,GEOJIT FINANCIAL SER L,80.8,80.8,78.5,79.17,81.98,478340
2026-09-24,GFLLIMITED,GFL LIMITED,56.74,57.0,53.57,54.93,56.74,70943
2026-09-24,GHCL,GHCL LIMITED,430.0,430.0,419.0,421.3,424.0,167377
2026-09-24,GHCLTEXTIL,GHCL TEXTILES LIMITED,134.49,138.82,132.21,135.34,134.61,563475
2026-09-24,GICHSGFIN,GIC HOUSING FINANCE LTD,138.98,139.9,137.02,137.96,139.48,76031
2026-09-24,GILLANDERS,GILLANDERS ARBUTHNOT LTD,105.96,106.49,101.0,103.76,104.91,2856
2026-09-24,GILLETTE,GILLETTE INDIA LTD,7094.0,7145.0,7032.5,7118.5,7094.0,16115
2026-09-24,GKENERGY,GK ENERGY LIMITED,126.5,126.9,124.0,124.69,127.14,211202
2026-09-24,GKB,GKB OPHTHALMICS LTD.,74.0,74.0,66.71,67.68,69.73,2440
2026-09-24,GKWLIMITED,GKW LIMITED,1602.9,1605.0,1561.4,1561.4,1605.0,224
2026-09-24,GLAND,GLAND PHARMA LIMITED,2896.0,2933.2,2875.1,2897.4,2910.2,327302
2026-09-24,GLASSWALL,GLASS WALL SYSTEM (I) LTD,287.0,287.0,260.27,272.07,286.41,12703984
2026-09-24,GLAXO,GLAXOSMITHKLINE PHARMA LT,2874.0,2880.0,2815.0,2829.2,2876.9,17953
2026-09-24,GLENMARK,GLENMARK PHARMACEUTICALS,2460.0,2470.0,2422.0,2430.4,2475.0,453221
2026-09-24,GLOBAL,GLOBAL EDUCATION LIMITED,134.45,143.0,134.01,141.0,134.45,873103
2026-09-24,MEDANTA,GLOBAL HEALTH LIMITED,1490.0,1513.0,1479.1,1506.2,1496.1,171482
2026-09-24,GSLSU,GLOBAL SURFACES LIMITED,32.5,33.0,30.81,31.98,32.43,138130
2026-09-24,GLOBALVECT,GLOBAL VEC HELICORP LTD,139.5,139.5,133.3,135.89,137.46,6163
2026-09-24,GLOBALE,GLOBALE TESSILE LIMITED,11.39,11.64,10.78,10.8,11.34,4654
2026-09-24,GLOBECIVIL,GLOBE CIVIL PROJECTS LTD,44.0,44.99,42.62,43.18,44.18,9764
2026-09-24,GLOBE,GLOBE ENTERPRISE (I) LTD,2.28,2.33,2.21,2.26,2.24,764992
2026-09-24,GLOBUSSPR,GLOBUS SPIRITS LTD,828.0,856.8,824.05,836.5,829.1,99347
2026-09-24,GLOSTERLTD,GLOSTER LIMITED,578.0,579.8,570.1,572.0,578.0,420
2026-09-24,GLOTTIS,GLOTTIS LIMITED,58.48,69.72,57.51,63.36,58.1,791242
2026-09-24,GMMPFAUDLR,GMM PFAUDLER LIMITED,1415.0,1491.1,1415.0,1475.4,1432.6,403019
2026-09-24,GMRAIRPORT,GMR AIRPORTS LIMITED,98.58,99.59,97.11,97.35,99.14,10723487
2026-09-24,GMRP&UI,GMR POW AND URBAN INFRA L,97.0,103.0,96.34,101.41,98.13,3555672
2026-09-24,GNA,GNA AXLES LIMITED,601.5,648.0,590.0,620.45,596.65,7316206
2026-09-24,EBGNG,GNG ELECTRONICS LIMITED,711.6,712.05,674.1,676.65,715.15,778533
2026-09-24,GODIGIT,GO DIGIT GENERAL INS LTD,240.0,253.45,236.15,250.3,245.0,4077269
2026-09-24,GOCOLORS,GO FASHION INDIA LTD,315.05,323.9,311.6,318.35,317.55,85831
2026-09-24,GOACARBON,GOA CARBON LIMITED,399.05,409.8,399.0,404.75,402.35,18901
2026-09-24,GOCLCORP,GOCL CORPORATION LIMITED,385.95,398.2,377.0,380.25,392.75,198301
2026-09-24,GODAVARIB,GODAVARI BIOREFINERIES L,238.9,242.0,234.5,238.65,239.43,69191
2026-09-24,GPIL,GODAWARI POW & ISP LTD,234.0,234.88,228.1,229.78,234.68,836832
2026-09-24,GODFRYPHLP,GODFREY PHILLIPS INDIA LT,1999.9,1999.9,1965.5,1974.0,2003.0,91758
2026-09-24,GODREJAGRO,GODREJ AGROVET LIMITED,671.0,698.4,666.55,676.05,670.05,851491
2026-09-24,GODREJCP,GODREJ CONSUMER PRODUCTS,875.5,884.7,871.2,875.0,879.75,692739
2026-09-24,GODREJIND,GODREJ INDUSTRIES LTD,1102.0,1109.1,1085.3,1099.0,1106.0,38073
2026-09-24,GODREJPROP,GODREJ PROPERTIES LTD,1680.0,1707.9,1665.7,1671.2,1707.6,481036
2026-09-24,GOKEX,GOKALDAS EXPORTS LTD.,701.1,726.0,688.0,692.85,710.25,240932
2026-09-24,GOKULAGRO,GOKUL AGRO RESOURCES LTD,226.77,236.5,222.7,224.98,225.81,1505364
2026-09-24,GOKUL,GOKUL REFOILS & SOLV LTD,40.42,40.6,39.4,39.92,40.42,137327
2026-09-24,GOLDIAM,GOLDIAM INTERNATIONAL LTD,328.95,328.95,320.0,321.7,332.6,306994
2026-09-24,GOODLUCK,GOODLUCK INDIA LIMITED,534.9,541.6,528.0,530.45,537.1,378269
2026-09-24,GOODYEAR,GOODYEAR INDIA LIMITED,709.7,722.0,704.05,707.15,709.7,3213
2026-09-24,GOPAL,GOPAL SNACKS LIMITED,263.15,265.0,254.1,262.55,262.45,225147
2026-09-24,GOYALALUM,GOYAL ALUMINIUMS LIMITED,6.08,6.08,5.84,5.93,5.92,30595
2026-09-24,GPTHEALTH,GPT HEALTHCARE LIMITED,159.25,166.8,159.25,161.73,161.5,115656
2026-09-24,GPTINFRA,GPT INFRAPROJECTS LTD,116.15,116.41,113.0,113.52,116.29,109085
2026-09-24,GRANDOAK,GRAND OAK CANYONS DIST L,35.19,36.0,33.6,33.82,35.06,4199
2026-09-24,GRANULES,GRANULES INDIA LIMITED,857.0,867.0,850.55,853.0,860.25,327434
2026-09-24,GRAPHITE,GRAPHITE INDIA LTD,817.25,824.55,803.5,814.7,821.0,1120162
2026-09-24,GRASIM,GRASIM INDUSTRIES LTD,3151.0,3203.7,3150.6,3166.5,3188.5,471338
2026-09-24,GRAUWEIL,GRAUER & WEIL IND LTD,84.95,87.18,84.0,86.69,86.18,725531
2026-09-24,GRAVITA,GRAVITA INDIA LIMITED,1558.0,1560.8,1510.0,1515.4,1561.1,229386
2026-09-24,GREAVESCOT,GREAVES COTTON LTD.,206.17,223.5,202.22,221.83,206.01,15910393
2026-09-24,GREENLAM,GREENLAM INDUSTRIES LTD.,227.83,228.88,225.02,227.0,227.83,14418
2026-09-24,GREENPANEL,GREENPANEL INDUSTRIES LTD,168.0,170.04,165.48,166.61,169.08,216447
2026-09-24,GREENPLY,GREENPLY INDUSTRIES LTD,296.35,302.0,294.0,294.3,298.4,219169
2026-09-24,GCSL,GRETEX CORPORATE SERVICES,640.0,648.0,631.1,633.3,642.7,336550
2026-09-24,GRINDWELL,GRINDWELL NORTON LIMITED,1966.0,2038.0,1957.0,1981.0,1977.6,31249
2026-09-24,GRMOVER,GRM OVERSEAS LIMITED,81.91,81.91,78.74,79.87,81.54,1104269
2026-09-24,CEMNTGROWW,GROWWAMC - CEMNTGROWW,14.39,14.39,14.1,14.14,14.28,55125
2026-09-24,GROWWCAPM,GROWWAMC - GROWWCAPM,11.34,11.34,11.13,11.2,11.29,561389
2026-09-24,GROWWCHEM,GROWWAMC - GROWWCHEM,29.46,29.58,29.01,29.26,29.6,53263
2026-09-24,GROWWDEFNC,GROWWAMC - GROWWDEFNC,94.33,94.6,92.66,93.65,94.32,169368
2026-09-24,GROWWEV,GROWWAMC - GROWWEV,31.88,31.88,31.0,31.17,31.5,381693
2026-09-24,GROWWGOLD,GROWWAMC - GROWWGOLD,14.7,14.7,14.58,14.6,14.74,1393465
2026-09-24,GROWWHOSPI,GROWWAMC - GROWWHOSPI,53.0,53.2,52.46,52.8,53.2,178478
2026-09-24,GROWWLIQID,GROWWAMC - GROWWLIQID,110.88,110.88,110.51,110.87,110.86,886909
2026-09-24,GROWWLOVOL,GROWWAMC - GROWWLOVOL,10.19,10.29,9.94,10.18,10.19,5013
2026-09-24,GROWWMC150,GROWWAMC - GROWWMC150,229.24,231.99,225.3,225.99,230.65,1334
2026-09-24,GROWWMETAL,GROWWAMC - GROWWMETAL,12.91,12.91,12.27,12.37,12.6,434696
2026-09-24,GROWWMOM50,GROWWAMC - GROWWMOM50,10.95,10.97,10.81,10.83,10.92,618257
2026-09-24,GROWWN200,GROWWAMC - GROWWN200,11.15,11.25,10.92,10.97,11.15,91298
2026-09-24,GROWWNET,GROWWAMC - GROWWNET,10.95,11.15,10.43,10.47,11.15,1693767
2026-09-24,GROWWNIFTY,GROWWAMC - GROWWNIFTY,9.74,9.74,9.34,9.38,9.51,1867295
2026-09-24,GROWWNXT50,GROWWAMC - GROWWNXT50,71.0,72.5,71.0,71.76,72.02,10276
2026-09-24,GROWWPOWER,GROWWAMC - GROWWPOWER,11.13,11.19,11.0,11.05,11.16,1471791
2026-09-24,GROWWPSE,GROWWAMC - GROWWPSE,98.0,98.0,95.85,96.61,96.84,4157
2026-09-24,GROWWPSUBK,GROWWAMC - GROWWPSUBK,83.6,84.29,81.93,82.72,83.6,6178
2026-09-24,GROWWRAIL,GROWWAMC - GROWWRAIL,27.06,27.11,26.81,26.88,27.07,330298
2026-09-24,GROWWRLTY,GROWWAMC - GROWWRLTY,9.68,9.86,9.52,9.59,9.74,211017
2026-09-24,GROWWSC250,GROWWAMC - GROWWSC250,10.66,10.66,10.45,10.5,10.62,129244
2026-09-24,GROWWSLVR,GROWWAMC - GROWWSLVR,22.38,22.38,22.11,22.14,22.57,1491233
2026-09-24,PVTBKGROWW,GROWWAMC - PVTBKGROWW,27.89,27.89,26.9,27.01,28.03,76198
2026-09-24,SMALLGROWW,GROWWAMC - SMALLGROWW,48.99,49.19,48.02,48.32,49.47,7761
2026-09-24,GRPLTD,GRP LIMITED,1951.0,2019.0,1951.0,1987.8,2001.2,1031
2026-09-24,GSPCROP,GSP CROP SCIENCE LIMITED,485.75,493.95,482.05,490.4,488.85,234623
2026-09-24,GSS,GSS INFOTECH LIMITED,10.52,10.86,10.06,10.48,10.51,34851
2026-09-24,GTLINFRA,GTL INFRA.LTD,1.15,1.15,1.1,1.11,1.14,56159609
2026-09-24,GTL,GTL LTD,7.03,7.19,6.95,6.99,7.03,130935
2026-09-24,GTPL,GTPL HATHWAY LIMITED,56.07,56.88,54.6,55.07,56.07,20897
2026-09-24,GUFICBIO,GUFIC BIOSCIENCES LTD.,437.45,441.95,417.6,422.0,437.45,70169
2026-09-24,GIPCL,GUJ IND POW CO. LTD,190.0,192.28,185.05,186.42,191.64,245732
2026-09-24,GNFC,GUJ NAR VAL FER & CHEM L,620.0,635.0,616.0,625.1,623.05,1155725
2026-09-24,GSFC,GUJ STATE FERT & CHEM LTD,154.4,155.92,153.62,155.35,155.34,657583
2026-09-24,GUJAPOLLO,GUJ. APOLLO IND. LTD.,336.2,341.0,326.1,327.4,336.95,7272
2026-09-24,GUJALKALI,GUJARAT ALKALIES & CHEM,630.1,633.9,617.0,620.8,633.0,31043
2026-09-24,GAEL,GUJARAT AMBUJA EXPORTS LT,163.0,164.8,159.48,162.59,163.19,652362
2026-09-24,GUJENERGY,GUJARAT ENERGY LIMITED,236.6,236.88,234.0,235.72,237.32,539851
2026-09-24,FLUOROCHEM,GUJARAT FLUOROCHEM LTD,4476.4,4532.8,4430.3,4475.9,4476.4,66948
2026-09-24,GKSL,GUJARAT KIDNEY N SUP SP L,177.71,179.95,170.0,170.85,177.71,352319
2026-09-24,GLFL,GUJARAT LEASE FINANCING L,5.09,5.33,4.85,5.02,5.09,6547
2026-09-24,GMDCLTD,GUJARAT MINERAL DEV CORP,551.0,552.7,541.0,542.5,556.7,461347
2026-09-24,GNRL,GUJARAT NATURAL RES L,98.6,100.7,97.75,98.11,98.07,338664
2026-09-24,GPPL,GUJARAT PIPAVAV PORT LTD,163.5,165.89,162.0,163.27,164.12,1245571
2026-09-24,GUJRAFFIA,GUJARAT RAFFIA INDUST LTD,39.6,40.99,39.0,39.75,40.0,5693
2026-09-24,GUJTHEM,GUJARAT THEMIS BIOSYN LTD,413.4,423.9,406.05,410.45,410.75,232115
2026-09-24,GULFOILLUB,GULF OIL LUB. IND. LTD.,1093.9,1100.0,1074.4,1090.8,1098.7,38837
2026-09-24,GULPOLY,GULSHAN POLYOLS LIMITED,174.8,174.8,168.9,169.4,174.22,72219
2026-09-24,GYFTR,GYFTR LIMITED,172.41,172.41,166.78,169.67,168.03,46047
2026-09-24,HBESD,H B ESTATE DEVELOPERS L,71.0,71.0,70.5,70.51,70.65,72
2026-09-24,HGINFRA,H.G.INFRA ENGINEERING LTD,448.85,513.5,445.45,468.05,450.7,13068436
2026-09-24,HALDER,HALDER VENTURE LIMITED,263.9,285.0,244.0,248.75,266.15,51353
2026-09-24,HALEOSLABS,HALEOS LABS LIMITED,1510.0,1530.0,1490.0,1503.4,1510.7,1264
2026-09-24,HAMPTON,HAMPTON SKY REALTY LTD.,8.09,8.16,7.02,7.87,8.09,17570
2026-09-24,HGM,HANDSON GBL MNGMNT LTD,42.7,43.97,42.2,42.74,42.64,9113
2026-09-24,HAPPSTMNDS,HAPPIEST MINDS TECHNO LTD,316.65,316.65,310.5,311.6,317.7,452183
2026-09-24,HAPPYFORGE,HAPPY FORGINGS LIMITED,2089.3,2114.2,2045.4,2084.8,2099.8,49345
2026-09-24,HARDWYN,HARDWYN INDIA LIMITED,9.26,9.4,9.18,9.25,9.22,562340
2026-09-24,HARIOMPIPE,HARIOM PIPE INDUSTRIES L,356.0,357.0,350.0,350.7,357.2,74089
2026-09-24,HRYNSHP,HARIYANA SHIP BREAKERS L,99.5,99.5,98.01,98.02,99.52,199
2026-09-24,HARRMALAYA,HARRISON MALAYALAM LTD,178.78,178.78,174.1,174.88,178.03,7716
2026-09-24,HARSHA,HARSHA ENGINEERS INT LTD,461.95,473.6,454.4,457.55,464.5,311042
2026-09-24,HATHWAY,HATHWAY CABLE & DATACOM,10.1,10.1,9.92,9.96,10.1,1724774
2026-09-24,HATSUN,HATSUN AGRO PRODUCT LTD.,1147.1,1159.1,1131.0,1134.4,1155.7,13360
2026-09-24,HAVELLS,HAVELLS INDIA LIMITED,1092.0,1102.9,1087.0,1090.0,1096.5,374085
2026-09-24,HAWKINCOOK,HAWKINS COOKERS LTD,8098.0,8135.0,7996.0,8063.5,7992.0,1556
2026-09-24,HAZOOR,HAZOOR MULTI PROJECTS LTD,18.99,19.4,18.14,18.53,19.05,294880
2026-09-24,HBPOR,HB PORTFOLIO LTD.,61.5,61.5,60.0,61.39,62.0,98
2026-09-24,HBSL,HB STOCKHOLDINGS LIMITED,57.0,57.0,55.0,55.02,55.68,2513
2026-09-24,HBLENGINE,HBL ENGINEERING LTD,758.0,777.85,747.5,775.3,764.35,1559409
2026-09-24,HCL-INSYS,HCL INFOSYSTEMS LTD,10.93,10.95,10.17,10.42,10.93,299474
2026-09-24,HCLTECH,HCL TECHNOLOGIES LTD,1251.0,1263.3,1242.8,1243.6,1256.7,822109
2026-09-24,HDBFS,HDB FINANCIAL SERVICES L,669.0,670.75,658.0,661.0,670.8,344057
2026-09-24,HDFCAMC,HDFC AMC LIMITED,2427.8,2432.0,2380.3,2380.3,2448.3,680651
2026-09-24,HDFCBANK,HDFC BANK LTD,725.0,734.85,722.7,728.9,737.25,29575194
2026-09-24,HDFCGOLD,HDFC GOLD ETF,128.45,128.45,127.59,127.64,128.94,11149352
2026-09-24,HDFCLIFE,HDFC LIFE INS CO LTD,531.0,535.35,514.0,526.9,561.5,17905953
2026-09-24,HDFCBSE500,HDFCAMC - HDFCBSE500,36.96,36.96,36.31,36.46,36.92,1143323
2026-09-24,HDFCGROWTH,HDFCAMC - HDFCGROWTH,113.01,114.15,111.26,113.14,114.12,8501
2026-09-24,HDFCLIQUID,HDFCAMC - HDFCLIQUID,1079.21,1079.21,1079.19,1079.2,1079.06,69142
2026-09-24,HDFCLOWVOL,HDFCAMC - HDFCLOWVOL,19.92,19.94,19.71,19.81,19.93,255306
2026-09-24,HDFCMID150,HDFCAMC - HDFCMID150,23.25,23.25,22.75,22.83,23.25,712472
2026-09-24,HDFCMOMENT,HDFCAMC - HDFCMOMENT,30.87,30.87,30.56,30.62,30.87,902796
2026-09-24,HDFCNEXT50,HDFCAMC - HDFCNEXT50,73.63,73.81,73.0,73.2,74.12,176717
2026-09-24,HDFCNIF100,HDFCAMC - HDFCNIF100,25.45,25.45,25.05,25.15,25.45,81685
2026-09-24,HDFCNIFBAN,HDFCAMC - HDFCNIFBAN,59.59,59.59,57.03,57.22,58.14,180088
2026-09-24,HDFCNIFIT,HDFCAMC - HDFCNIFIT,30.27,30.44,30.05,30.14,30.26,70506
2026-09-24,HDFCNIFTY,HDFCAMC - HDFCNIFTY,263.61,263.61,260.5,261.05,264.65,371359
2026-09-24,HDFCNIMEG,HDFCAMC - HDFCNIMEG,132.45,132.45,130.16,130.38,132.45,4647
2026-09-24,HDFCPVTBAN,HDFCAMC - HDFCPVTBAN,27.88,27.88,27.31,27.43,27.95,209055
2026-09-24,HDFCQUAL,HDFCAMC - HDFCQUAL,55.79,57.43,55.79,56.43,56.93,4239
2026-09-24,HDFCSENSEX,HDFCAMC - HDFCSENSEX,87.12,87.12,83.61,83.93,85.0,105623
2026-09-24,HDFCSILVER,HDFCAMC - HDFCSILVER,217.9,218.24,215.52,215.69,220.13,3155092
2026-09-24,HDFCSML250,HDFCAMC - HDFCSML250,185.99,186.03,182.82,183.3,185.99,1751528
2026-09-24,HDFCVALUE,HDFCAMC - HDFCVALUE,121.24,121.51,119.86,120.01,122.17,22769
2026-09-24,HDFCPSUBK,HDFCAMC HDFCPSUBK,84.05,84.31,83.2,83.47,84.34,21540
2026-09-24,HEADSUP,HEADS UP VENTURES LIMITED,6.77,6.88,6.61,6.85,6.77,6559
2026-09-24,HEALTHX,HEALTH X PLATFORM LIMITED,296.35,296.35,287.9,290.65,293.3,1859
2026-09-24,HCG,HEALTHCARE GLOB. ENT. LTD,714.4,714.4,698.0,701.05,712.7,28731
2026-09-24,HECPROJECT,HEC INFRA PROJECTS LTD,115.35,117.25,114.3,115.66,115.42,3768
2026-09-24,HEGAM,HEG ADVANCED MATERIAL LTD,239.9,243.45,231.7,235.25,237.3,1352882
2026-09-24,HEIDELBERG,HEIDELBERGCEMENT (I) LTD,140.98,141.5,139.0,139.49,141.58,141046
2026-09-24,HEMIPROP,HEMISPHERE PROP IND LTD,120.0,120.37,118.41,118.83,120.91,157275
2026-09-24,HERANBA,HERANBA INDUSTRIES LTD,171.0,174.99,168.4,172.27,171.49,38960
2026-09-24,HERITGFOOD,HERITAGE FOODS LTD,425.45,425.45,412.0,414.1,424.05,191411
2026-09-24,HEROMOTOCO,HERO MOTOCORP LIMITED,5331.5,5368.0,5294.0,5296.0,5394.0,360294
2026-09-24,HEROMOTORS,HERO MOTORS LIMITED,103.0,118.08,103.0,118.08,98.4,147638382
2026-09-24,HESTERBIO,HESTER BIOSCIENCES LTD,2237.8,2237.9,2187.1,2201.2,2241.8,1381
2026-09-24,HEXATRADEX,HEXA TRADEX LIMITED,159.99,159.99,155.6,156.98,158.95,2011
2026-09-24,HEXT,HEXAWARE TECHNOLOGIES LTD,500.0,503.4,490.05,499.35,500.0,129020
2026-09-24,HITECH,HI-TECH PIPES LIMITED,75.01,75.79,74.4,74.84,75.86,384829
2026-09-24,HILINFRA,HIGHWAY INFRASTRUCTURE L,43.56,43.79,43.0,43.17,43.56,44392
2026-09-24,HIKAL,HIKAL LIMITED,230.45,233.1,212.41,214.15,232.43,1623096
2026-09-24,HILTON,HILTON METAL FORGING LTD,16.57,17.09,16.57,16.99,16.73,111251
2026-09-24,HSCL,HIMADRI SPECIALITY CHEM L,664.45,682.5,660.0,674.9,667.75,1849598
2026-09-24,HIMATSEIDE,HIMATSINGKA SEIDE LTD,68.28,70.5,67.36,69.47,67.87,1816349
2026-09-24,HINDALUMI,HIND ALUMINIUM INDS. LTD.,94.44,95.0,92.5,93.15,93.78,807
2026-09-24,HINDALCO,HINDALCO  INDUSTRIES  LTD,983.5,991.9,976.5,982.0,1003.8,4331000
2026-09-24,HINDCON,HINDCON CHEMICALS LIMITED,24.65,25.85,24.55,25.12,25.21,36583
2026-09-24,HPIL,HINDPRAKASH INDUSTRY LTD,115.1,118.02,115.1,115.38,116.49,1947
2026-09-24,HGS,HINDUJA GLOBAL SOLS. LTD.,380.0,380.95,373.0,374.55,378.5,7542
2026-09-24,HINDADH,HINDUSTAN ADHESIVES LTD.,387.9,393.5,365.1,389.3,380.4,2664
2026-09-24,HAL,HINDUSTAN AERONAUTICS LTD,4810.0,4846.7,4770.0,4774.2,4836.0,357585
2026-09-24,HINDCOMPOS,HINDUSTAN COMPOSITES LTD.,394.5,394.5,378.5,381.8,389.1,673
2026-09-24,HCC,HINDUSTAN CONSTRUCTION CO,21.93,21.93,21.5,21.62,22.17,9196586
2026-09-24,HINDCOPPER,HINDUSTAN COPPER LTD,504.1,507.4,493.6,495.7,513.0,5874882
2026-09-24,HNDFDS,HINDUSTAN FOODS LIMITED,616.0,622.95,608.0,618.25,621.1,38201
2026-09-24,HINDOILEXP,HINDUSTAN OIL EXPLORATION,174.78,175.86,170.01,172.81,173.58,462300
2026-09-24,HINDPETRO,HINDUSTAN PETROLEUM CORP,356.05,358.0,349.3,350.4,360.0,3088358
2026-09-24,HINDUNILVR,HINDUSTAN UNILEVER LTD.,1940.0,1953.0,1925.5,1933.5,1950.0,1257687
2026-09-24,HINDZINC,HINDUSTAN ZINC LIMITED,585.85,594.9,581.0,587.15,595.45,3299611
2026-09-24,HINDWAREAP,HINDWARE HME INOVATON LTD,174.0,179.5,169.05,170.31,177.02,200038
2026-09-24,HIRECT,HIRECT LIMITED,1239.0,1239.9,1210.1,1219.0,1239.9,25662
2026-09-24,HISARMETAL,HISAR METAL IND. LIMITED,155.0,158.8,151.5,152.75,156.13,1621
2026-09-24,POWERINDIA,HITACHI ENERGY INDIA LTD,31110.0,31245.0,30625.0,30715.0,31150.0,65076
2026-09-24,HLEGLAS,HLE GLASCOAT LIMITED,446.75,448.2,425.0,428.75,446.85,138846
2026-09-24,HLVLTD,HLV LIMITED,6.69,6.69,6.45,6.5,6.59,118080
2026-09-24,HMAAGRO,HMA AGRO INDUSTRIES LTD,23.5,23.58,23.05,23.22,23.61,1239989
2026-09-24,HOMEFIRST,HOME FIRST FIN CO IND LTD,1207.2,1207.2,1153.3,1157.5,1205.8,89649
2026-09-24,HONASA,HONASA CONSUMER LIMITED,483.6,492.0,470.1,472.95,484.9,677532
2026-09-24,HONDAPOWER,HONDA I POWER PRODUCT LTD,1930.0,1947.5,1900.2,1905.6,1931.7,2468
2026-09-24,HONAUT,HONEYWELL AUTOMATION IND,34275.0,34275.0,33200.0,33625.0,34275.0,2109
2026-09-24,HORIZONIND,HORIZON INDUSTRIAL PRKS L,52.32,53.54,51.52,51.81,53.28,3423391
2026-09-24,HPAL,HP ADHESIVES LIMITED,36.19,36.58,35.02,35.6,35.65,27216
2026-09-24,HPL,HPL ELECTRIC & POWER LTD,283.9,283.9,271.05,274.35,280.55,141655
2026-09-24,HSBCGOLD,HSBCAMC - HSBCGOLD,131.0,131.56,129.37,130.3,131.04,34977
2026-09-24,HUDCO,HSG & URBAN DEV CORPN LTD,176.0,176.4,171.15,174.32,177.92,2632690
2026-09-24,HTMEDIA,HT MEDIA LIMITED,24.8,25.0,24.01,24.36,24.86,76333
2026-09-24,HUBTOWN,HUBTOWN LIMITED,175.5,176.89,172.2,173.38,177.35,90456
2026-09-24,HUHTAMAKI,HUHTAMAKI INDIA LIMITED,249.6,251.9,241.15,242.45,250.0,159453
2026-09-24,HTEL,HY-TECH ENGINEERS LIMITED,70.1,71.32,69.0,69.37,71.27,1153090
2026-09-24,HYUNDAI,HYUNDAI MOTOR INDIA LTD,2077.2,2109.5,2060.0,2060.6,2095.0,388850
2026-09-24,IGPL,I G PETROCHEMICALS LTD,590.0,604.7,577.5,586.4,588.95,186698
2026-09-24,ISTLTD,I S T LTD.,656.0,668.0,650.0,657.95,655.0,242
2026-09-24,ICEMAKE,ICE MAKE REFRIGERAT LTD,695.2,704.65,674.0,677.2,699.45,45798
2026-09-24,ICICIBANK,ICICI BANK LTD.,1333.1,1347.8,1330.1,1334.5,1340.0,8653920
2026-09-24,ICICIGI,ICICI LOMBARD GIC LIMITED,1471.9,1583.9,1465.6,1577.0,1500.6,2743847
2026-09-24,LOWVOLIETF,ICICI PR NIF LW VL 30 ETF,21.58,21.58,21.1,21.2,21.4,628332
2026-09-24,ICICIPRULI,ICICI PRU LIFE INS CO LTD,452.0,472.85,445.35,464.5,484.5,7763087
2026-09-24,MIDSELIETF,ICICI PRUD MIDCAP SEL ETF,19.7,19.99,19.11,19.19,19.79,672031
2026-09-24,NIF100IETF,ICICI PRUD NIFTY 100 ETF,27.35,27.35,27.08,27.15,27.43,79317
2026-09-24,NIFTYIETF,ICICI PRUD NIFTY ETF,266.65,266.65,261.98,262.34,266.29,896997
2026-09-24,SENSEXIETF,ICICI PRUD SENSEX ETF,855.01,856.68,847.88,850.2,861.59,16831
2026-09-24,ICICIAMC,ICICI PRUDENTIAL AMC LTD,3145.0,3189.5,3132.4,3169.2,3179.0,160187
2026-09-24,GOLDIETF,ICICI PRUDENTIAL GOLD ETF,128.72,128.72,127.79,127.88,129.21,5216625
2026-09-24,NV20IETF,ICICI PRUDENTIAL NV20 ETF,13.2,13.2,13.04,13.09,13.21,694370
2026-09-24,ICICIB22,ICICIPRAMC - BHARATIWIN,111.1,113.55,111.1,112.03,113.36,272514
2026-09-24,CASHIETF,ICICIPRAMC - CASHIETF,1080.83,1080.85,1080.83,1080.84,1080.68,272120
2026-09-24,EVIETF,ICICIPRAMC - EVIETF,31.75,32.47,31.19,31.42,31.76,625125
2026-09-24,GSEC10IETF,ICICIPRAMC - ICICI10GS,264.41,264.69,260.49,264.69,261.97,13
2026-09-24,BSE500IETF,ICICIPRAMC - ICICI500,38.72,38.72,38.13,38.29,38.72,1552777
2026-09-24,GSEC5IETF,ICICIPRAMC - ICICI5GSEC,65.95,66.33,65.65,65.69,66.1,49706
2026-09-24,ALPL30IETF,ICICIPRAMC - ICICIALPLV,27.13,27.13,26.69,26.8,27.23,154939
2026-09-24,AUTOIETF,ICICIPRAMC - ICICIAUTO,28.06,28.2,27.61,27.7,28.2,1031747
2026-09-24,PVTBANIETF,ICICIPRAMC - ICICIBANKP,27.65,27.65,27.07,27.25,27.65,5328625
2026-09-24,COMMOIETF,ICICIPRAMC - ICICICOMMO,98.01,98.88,96.8,96.98,98.01,49039
2026-09-24,CONSUMIETF,ICICIPRAMC - ICICICONSU,119.25,119.25,117.85,118.21,119.51,9801
2026-09-24,FMCGIETF,ICICIPRAMC - ICICIFMCG,49.71,49.71,49.03,49.2,49.71,1127021
2026-09-24,INFRAIETF,ICICIPRAMC - ICICIINFRA,92.33,93.12,91.77,92.08,93.36,102501
2026-09-24,LIQUIDIETF,ICICIPRAMC - ICICILIQ,994.95,1000.01,994.95,999.99,999.95,298668
2026-09-24,MIDCAPIETF,ICICIPRAMC - ICICIM150,23.49,23.71,23.29,23.35,23.74,891504
2026-09-24,MOM30IETF,ICICIPRAMC - ICICIMOM30,31.02,31.19,30.75,30.8,31.12,406652
2026-09-24,NEXT50IETF,ICICIPRAMC - ICICINXT50,76.48,76.48,75.5,75.59,76.47,706871
2026-09-24,HEALTHIETF,ICICIPRAMC - ICICIPHARM,172.89,173.5,170.33,172.12,172.89,81276
2026-09-24,QUAL30IETF,ICICIPRAMC - ICICIQTY30,20.31,20.33,20.11,20.17,20.33,45071
2026-09-24,SILVERIETF,ICICIPRAMC - ICICISILVE,226.57,228.1,225.38,225.62,230.09,2445772
2026-09-24,ITIETF,ICICIPRAMC - ICICITECH,32.26,32.26,30.85,31.37,31.48,500721
2026-09-24,INSUREIETF,ICICIPRAMC - INSUREIETF,14.58,14.94,14.57,14.89,15.21,1142256
2026-09-24,BANKIETF,ICICIPRAMC - IPRU5008,57.41,57.65,56.97,57.06,58.02,463705
2026-09-24,METALIETF,ICICIPRAMC - METALIETF,13.67,13.67,13.1,13.11,13.34,4539278
2026-09-24,OILIETF,ICICIPRAMC - OILIETF,11.15,11.15,11.01,11.02,11.15,481405
2026-09-24,PSUBNKIETF,ICICIPRAMC - PSUBANKICI,84.41,84.42,83.41,83.77,84.54,66563
2026-09-24,SMALLIETF,ICICIPRAMC - SMALLIETF,18.95,18.95,18.13,18.2,18.49,101315
2026-09-24,TOP15IETF,ICICIPRAMC - TOP15IETF,9.43,9.5,9.29,9.34,9.48,559755
2026-09-24,VAL30IETF,ICICIPRAMC - VAL30IETF,14.91,14.96,14.81,14.87,15.0,128483
2026-09-24,FINIETF,ICICIPRAMC-ICICIFIN,33.17,33.17,31.08,31.25,32.37,969293
2026-09-24,ICRA,ICRA LIMITED,4529.0,4568.7,4421.0,4442.7,4533.3,42485
2026-09-24,IDBI,IDBI BANK LIMITED,83.0,83.25,81.35,82.6,83.39,9378785
2026-09-24,IDEAFORGE,IDEAFORGE TECHNO LTD,713.0,732.05,704.0,726.35,720.45,304604
2026-09-24,IDFCFIRSTB,IDFC FIRST BANK LIMITED,84.5,85.49,83.3,83.76,87.9,40583451
2026-09-24,IFBAGRO,IFB AGRO INDUSTRIES LTD,874.95,874.95,852.6,857.7,864.8,1923
2026-09-24,IFBIND,IFB INDUSTRIES LTD,1251.0,1251.0,1215.0,1222.3,1258.7,26050
2026-09-24,IFCI,IFCI LTD,78.39,78.86,74.67,75.19,79.49,70782804
2026-09-24,IFGLEXPOR,IFGL REFRACTORIES LIMITED,197.74,199.55,192.0,194.27,197.16,15647
2026-09-24,IGARASHI,IGARASHI MOTORS INDIA LTD,431.0,431.0,415.1,418.35,431.8,42460
2026-09-24,IIFLCAPS,IIFL CAPITAL SERVICES LTD,352.4,356.0,347.1,347.7,353.05,660308
2026-09-24,IIFL,IIFL FINANCE LIMITED,624.2,631.45,615.3,617.55,633.3,929076
2026-09-24,IKIO,IKIO TECHNOLOGIES LIMITED,207.89,208.0,202.75,205.03,207.89,115942
2026-09-24,IVC,IL&FS INVESTMENT MANAGERS,7.87,7.87,7.64,7.7,7.83,209287
2026-09-24,IMAGICAA,IMAGICAAWORLD ENT LTD,52.84,52.84,50.7,51.48,52.84,595864
2026-09-24,INCREDIBLE,INCREDIBLE INDUSTRIES LTD,32.11,32.91,30.53,32.38,32.08,3055
2026-09-24,IMPAL,IND MOTOR PART & ACC LTD,1063.0,1086.0,1041.0,1056.0,1059.5,2370
2026-09-24,INDSWFTLAB,IND SWIFT LABORATORIES LT,403.0,419.8,393.6,401.25,405.05,641089
2026-09-24,INDTERRAIN,IND TERRAIN FASHIONS LTD,29.1,30.74,28.6,29.89,29.37,21209
2026-09-24,INDBANK,INDBANK MERCH BANK,26.15,27.2,25.86,26.23,26.14,55645
2026-09-24,BAJAJINDEF,INDEF MANUFACTURING LTD,220.05,223.59,217.83,218.37,221.9,11131
2026-09-24,INDGN,INDEGENE LIMITED,597.4,609.9,591.2,594.1,598.4,434449
2026-09-24,INDIAGLYCO,INDIA GLYCOLS LTD,256.9,309.2,255.4,306.0,257.7,4841031
2026-09-24,INDNIPPON,INDIA NIPPON ELECT  LTD,1250.0,1329.0,1250.0,1315.9,1260.7,98115
2026-09-24,IPL,INDIA PESTICIDES LIMITED,133.52,133.74,131.6,132.09,133.52,124508
2026-09-24,INDIASHLTR,INDIA SHELTER FIN CORP L,661.4,662.0,642.7,653.05,667.15,98186
2026-09-24,ITDC,INDIA TOUR. DEV. CO. LTD.,697.5,697.5,681.0,685.75,702.65,82927
2026-09-24,IBULLSLTD,INDIABULLS LIMITED,29.0,29.05,28.12,28.41,29.12,17487540
2026-09-24,INDIAMART,INDIAMART INTERMESH LTD,1657.5,1657.5,1619.0,1635.9,1652.4,92462
2026-09-24,INDIANB,INDIAN BANK,836.25,840.2,824.1,830.0,842.0,693067
2026-09-24,INDIANCARD,INDIAN CARD CLOTHING CO.,210.0,213.94,206.21,209.21,208.64,212
2026-09-24,IEX,INDIAN ENERGY EXC LTD,112.32,112.5,111.04,111.2,113.16,2660046
2026-09-24,INDIANHUME,INDIAN HUME PIPE CO. LTD.,366.25,372.5,359.0,361.5,366.25,218801
2026-09-24,IMFA,INDIAN METALS & FERRO,1260.0,1267.5,1229.6,1241.0,1266.1,64545
2026-09-24,IOC,INDIAN OIL CORP LTD,136.5,137.5,135.51,136.27,138.15,7245913
2026-09-24,IOB,INDIAN OVERSEAS BANK,32.09,32.13,31.81,31.92,32.13,1870230
2026-09-24,IRCTC,INDIAN RAIL TOUR CORP LTD,463.8,464.55,460.05,461.2,463.8,467961
2026-09-24,IRFC,INDIAN RAILWAY FIN CORP L,80.5,80.5,79.41,79.86,81.0,5332621
2026-09-24,IREDA,INDIAN RENEWABLE ENERGY,110.0,110.6,109.06,110.11,111.0,2509085
2026-09-24,IWP,INDIAN WOOD PRODUCTS CO L,35.51,36.0,34.2,34.29,35.34,4088
2026-09-24,INDIGOPNTS,INDIGO PAINTS LIMITED,1128.0,1145.0,1109.0,1117.8,1140.0,40553
2026-09-24,INDIQUBE,INDIQUBE SPACES LIMITED,192.06,201.0,183.01,194.06,192.46,55539
2026-09-24,INDOBORAX,INDO BORAX & CHEMICAL LTD,457.0,466.5,447.5,452.45,462.55,53425
2026-09-24,ICIL,INDO COUNT INDUSTRIES LTD,474.5,474.5,446.5,450.95,476.55,486239
2026-09-24,INDOFARM,INDO FARM EQUIPMENT LTD,142.6,142.6,137.42,139.17,144.03,94234
2026-09-24,INDORAMA,INDO RAMA SYNTHETICS LTD,99.19,107.44,98.0,101.72,100.0,2652171
2026-09-24,INDOTECH,INDO TECH TRANSFORM LTD.,3200.0,3316.6,3180.0,3190.1,3286.8,12871
2026-09-24,INDOTHAI,INDO THAI SEC LTD,30.8,32.3,30.11,32.29,30.77,2149890
2026-09-24,INDOUS,INDO US BIOTECH LTD,81.68,81.68,77.57,78.06,78.1,2897
2026-09-24,INDOMIM,INDO-MIM LIMITED,1245.0,1314.45,1233.85,1311.15,1251.9,1984666
2026-09-24,NIPPOBATRY,INDO-NATIONAL LIMITED,332.9,332.9,323.45,324.55,329.6,1010
2026-09-24,INDOCO,INDOCO REMEDIES LTD.,250.99,256.79,247.0,250.29,251.16,119939
2026-09-24,IGCL,INDOGULF CROPSCIENCES LTD,63.0,63.27,61.52,62.1,63.55,68708
2026-09-24,INDOKEM,INDOKEM LTD.,619.85,634.8,565.25,614.0,614.9,13353
2026-09-24,WAAREEINDO,INDOSOLAR LIMITED,242.95,242.95,242.95,242.95,255.7,32007
2026-09-24,INDOSTAR,INDOSTAR CAPITAL FIN LTD,227.09,227.19,216.72,217.95,227.26,101952
2026-09-24,INDOWIND,INDOWIND ENERGY LTD,8.94,9.07,8.8,8.82,8.94,87052
2026-09-24,IGL,INDRAPRASTHA GAS LTD,146.5,146.62,145.1,145.74,147.09,1180776
2026-09-24,INDRAMEDCO,INDRAPRASTHA MEDICAL CORP,374.9,378.8,368.05,370.5,374.6,318831
2026-09-24,INDUSTOWER,INDUS TOWERS LIMITED,382.0,384.85,376.55,379.85,384.8,3016883
2026-09-24,INDUSINDBK,INDUSIND BANK LIMITED,918.0,928.9,909.3,919.5,959.3,5861520
2026-09-24,INDPRUD,INDUSTRIAL & PRU INV CO L,6348.0,6348.0,6180.0,6200.0,6225.0,62
2026-09-24,IITL,INDUSTRIAL INV TRUST LTD,138.5,145.94,136.99,143.27,140.39,121783
2026-09-24,NAUKRI,INFO EDGE (I) LTD,1232.0,1257.6,1202.3,1224.0,1297.0,3155710
2026-09-24,INFOBEAN,INFOBEANS TECHNO. LTD.,151.0,151.9,150.0,150.24,151.81,83242
2026-09-24,INFOMEDIA,INFOMEDIA PRESS LIMITED,5.47,5.48,5.14,5.44,5.48,24243
2026-09-24,INFY,INFOSYS LIMITED,1015.0,1022.8,1005.2,1014.5,1020.5,6891893
2026-09-24,INGERRAND,INGERSOLL-RAND INDIA LTD,4227.1,4248.8,4199.7,4234.4,4228.4,13267
2026-09-24,INNOVACAP,INNOVA CAPTAB LIMITED,1297.6,1322.9,1272.2,1295.3,1297.6,100699
2026-09-24,INNOVANA,INNOVANA THINKLABS LTD,301.0,301.0,295.1,298.85,299.1,63451
2026-09-24,INNOVISION,INNOVISION LIMITED,254.4,257.9,254.0,254.2,257.05,7569
2026-09-24,INOXGREEN,INOX GREEN ENERGY SER LTD,172.0,175.39,172.0,174.64,174.81,883157
2026-09-24,INOXINDIA,INOX INDIA LIMITED,2160.0,2165.9,2055.0,2064.8,2168.9,166493
2026-09-24,INOXWIND,INOX WIND LIMITED,74.36,75.06,72.81,73.09,75.02,9666599
2026-09-24,INSECTICID,INSECTICIDES (I) LTD,604.7,608.0,592.45,603.65,608.9,17869
2026-09-24,INA,INSOLATION ENERGY LIMITED,91.4,93.8,90.16,92.33,91.47,422040
2026-09-24,INSPIRISYS,INSPIRISYS SOLUTIONS LTD,92.0,92.0,88.0,89.0,91.69,4198
2026-09-24,ESSENTIA,INTEGRA ESSENTIA LIMITED,1.04,1.05,1.02,1.03,1.03,1416593
2026-09-24,INTELLECT,INTELLECT DESIGN ARENA,664.0,664.0,635.0,638.7,668.05,266408
2026-09-24,INTENTECH,INTENSE TECHNOLOGIES LTD,83.69,85.4,80.8,82.86,83.69,21951
2026-09-24,INTERARCH,INTERARCH BLDNG SOLTN LTD,1696.0,1696.0,1668.9,1678.6,1693.1,36634
2026-09-24,INDIGO,INTERGLOBE AVIATION LTD,4975.0,4975.0,4874.5,4890.0,5028.5,570454
2026-09-24,INTLCONV,INTL CONVEYORS LIMITED,81.26,84.0,80.0,80.04,80.99,97825
2026-09-24,IGIL,INTL GEMOLOGICAL INST LTD,327.0,332.45,324.1,325.25,331.65,375940
2026-09-24,ISFT,INTRASOFT TECH. LTD,105.32,106.7,98.0,102.14,107.63,195972
2026-09-24,INVENTURE,INVENTURE GRO & SEC LTD,0.91,0.91,0.87,0.87,0.9,1164211
2026-09-24,IKS,INVENTURUS KNOWLEDGE SO L,1920.0,1940.0,1849.0,1868.3,1937.8,366105
2026-09-24,IVZINGOLD,INVESCO INDIA GOLD ETF,131.0,131.0,129.5,130.05,131.25,37867
2026-09-24,IVZINNIFTY,INVESCO INDIA NIFTY ETF,276.2,276.2,262.73,265.8,269.47,1986
2026-09-24,IOLCP,IOL CHEM AND PHARMA LTD,205.0,212.99,201.32,203.22,206.6,3583698
2026-09-24,IONEXCHANG,ION EXCHANGE (INDIA) LTD,427.1,427.45,417.25,420.55,430.1,141310
2026-09-24,IPRINGLTD,IP RINGS LTD.,133.01,149.0,133.0,144.31,136.89,7350
2026-09-24,IPCALAB,IPCA LABORATORIES LTD,1968.9,2006.9,1962.6,1997.1,1962.6,272964
2026-09-24,IRB,IRB INFRA DEV LTD.,17.8,17.95,17.74,17.88,18.03,9762664
2026-09-24,IRCON,IRCON INTERNATIONAL LTD,109.0,109.0,106.06,106.6,110.13,2596498
2026-09-24,IRISDOREME,IRIS CLOTHINGS LIMITED,66.2,67.5,65.1,65.85,66.26,194217
2026-09-24,IRIS,IRIS REGTECH SOLUTION LTD,235.21,238.5,230.01,231.58,234.87,16400
2026-09-24,IRMENERGY,IRM ENERGY LIMITED,266.65,271.4,262.0,267.6,272.9,42249
2026-09-24,ISGEC,ISGEC HEAVY ENG LTD,856.1,879.85,826.95,850.1,867.85,129248
2026-09-24,ISHANCH,ISHAN DYES N CHEMICALS L,49.87,50.9,48.8,49.9,49.87,6350
2026-09-24,ITCHOTELS,ITC HOTELS LIMITED,160.0,165.4,158.84,164.01,161.23,3509055
2026-09-24,ITC,ITC LTD,268.7,270.3,266.7,268.0,270.15,7398276
2026-09-24,ITI,ITI LTD,256.55,256.55,250.4,251.05,257.2,148833
2026-09-24,ITL,ITL INDUSTRIES LTD.,369.0,369.0,356.1,361.0,364.75,896
2026-09-24,IVALUE,IVALUE INFOSOLUTIONS LTD,230.29,242.5,230.29,234.43,233.07,310427
2026-09-24,IZMO,IZMO LIMITED,930.1,930.1,902.0,904.45,931.15,54182
2026-09-24,J&KBANK,J & K BANK LTD.,148.7,149.0,146.7,147.07,149.25,897539
2026-09-24,JGCHEM,J.G.CHEMICALS LIMITED,622.75,644.85,595.95,601.75,621.55,504302
2026-09-24,JAGRAN,JAGRAN PRAKASHAN LIMITED,63.0,63.4,62.5,62.89,63.41,133071
2026-09-24,JAGSNPHARM,JAGSONPAL PHARMACEUTICALS,227.9,249.84,226.76,243.97,225.63,9252736
2026-09-24,JAIBALAJI,JAI BALAJI INDUSTRIES LTD,65.2,67.9,65.2,65.5,66.78,538884
2026-09-24,JAICORPLTD,JAI CORP LIMITED,96.1,96.1,93.63,94.46,96.73,322845
2026-09-24,JISLDVREQS,JAIN DVR EQUITY SHARES,21.0,21.0,20.02,20.14,20.36,22456
2026-09-24,JISLJALEQS,JAIN IRRIGATION SYSTEMS,28.79,28.79,28.41,28.58,28.9,1294531
2026-09-24,JAINREC,JAIN RESOURCE RECYCLING L,300.0,300.0,290.1,291.35,302.95,1114138
2026-09-24,JPPOWER,JAIPRAKASH POWER VEN. LTD,15.97,15.99,15.78,15.84,16.04,33648899
2026-09-24,JAMNAAUTO,JAMNA AUTO IND LTD,129.0,140.08,128.32,138.39,129.55,14203329
2026-09-24,JSFB,JANA SMALL FIN BANK LTD,543.0,544.25,519.65,522.7,546.6,631956
2026-09-24,JARO,JARO INS OF TEC MG N RE L,462.5,462.95,455.1,457.7,462.5,71823
2026-09-24,JASH,JASH ENGINEERING LIMITED,592.0,592.0,572.15,577.15,588.95,232284
2026-09-24,JAYBARMARU,JAY BHARAT MARUTI LTD,119.0,121.9,117.69,121.9,116.1,262106
2026-09-24,JAYAGROGN,JAYANT AGRO ORGANICS LTD,235.4,236.0,228.1,230.91,237.12,35664
2026-09-24,JAYNECOIND,JAYASWAL NECO INDUSTR LTD,91.77,91.77,89.1,89.53,91.36,1528484
2026-09-24,JAYKAY,JAYKAY ENTERPRISES LTD,210.0,213.8,200.78,202.53,212.76,1010193
2026-09-24,JAYSREETEA,JAYSHREE TEA & INDUSTRIES,89.2,90.01,86.0,87.92,89.55,52622
2026-09-24,JBMA,JBM AUTO LIMITED,599.7,599.7,590.4,593.05,601.8,133875
2026-09-24,JSLL,JEENA SIKHO LIFECARE LTD,522.0,529.55,510.0,511.15,524.3,212822
2026-09-24,JENBURPH,JENBURKT PHARMACEUTICAL L,950.2,959.9,946.4,954.0,952.0,1281
2026-09-24,JETFREIGHT,JET FREIGHT LOGISTICS LTD,21.28,21.94,21.1,21.21,21.67,125891
2026-09-24,JHS,JHS SVEND. LAB. LTD,8.4,8.79,8.02,8.18,8.47,100866
2026-09-24,RETAIL,JHS SVENDGAARD RETAIL V L,17.0,17.0,16.66,16.72,17.25,1209
2026-09-24,JPOLYINVST,JIND POL INV & FIN CO LTD,971.0,978.95,955.0,964.8,978.95,2769
2026-09-24,JINDRILL,JINDAL DRILLING IND. LTD,606.7,606.7,588.6,591.95,606.8,134469
2026-09-24,JINDALPHOT,JINDAL PHOTO LIMITED,1084.8,1085.0,1060.0,1063.2,1084.8,1196
2026-09-24,JINDALPOLY,JINDAL POLY FILMS LIMITED,705.0,713.95,695.0,699.8,715.2,12636
2026-09-24,JINDALSAW,JINDAL SAW LIMITED,290.95,294.55,281.95,283.1,292.6,860596
2026-09-24,JSL,JINDAL STAINLESS LIMITED,752.0,763.85,737.0,738.95,758.55,741423
2026-09-24,JINDALSTEL,JINDAL STEEL LIMITED,1157.3,1174.7,1152.3,1157.8,1175.3,598786
2026-09-24,JINDWORLD,JINDAL WORLDWIDE LTD,51.78,51.78,48.41,49.17,52.2,5928392
2026-09-24,JKIPL,JINKUSHAL INDUSTRIES LTD,102.0,102.0,96.15,98.15,100.25,4895
2026-09-24,JIOFIN,JIO FIN SERVICES LTD,229.83,230.6,226.7,227.2,232.15,11460271
2026-09-24,NIFTYJBLK,JIOBLACKROCKAMC-NIFTYJBLK,11.71,12.47,11.71,11.84,12.02,158750
2026-09-24,JITFINFRA,JITF INFRALOGISTICS LTD,284.0,284.95,275.1,278.3,280.45,20767
2026-09-24,JKCEMENT,JK CEMENT LIMITED,5025.0,5229.0,4981.0,5184.5,5085.0,42384
2026-09-24,JKLAKSHMI,JK LAKSHMI CEMENT LTD,512.8,513.95,507.0,509.45,511.2,66329
2026-09-24,JKPAPER,JK PAPER LIMITED,414.7,414.85,408.1,411.15,415.25,222048
2026-09-24,JKTYRE,JK TYRE & INDUSTRIES LTD,350.0,353.35,346.0,347.2,355.35,408047
2026-09-24,JKIL,JKUMAR INFR.LTD.,479.35,481.9,473.0,478.1,479.6,37906
2026-09-24,JMFINANCIL,JM FINANCIAL LIMITED,127.65,127.65,125.34,127.03,127.51,3399939
2026-09-24,JNKINDIA,JNK INDIA LIMITED,418.4,435.0,413.5,422.45,418.4,255676
2026-09-24,JOCIL,JOCIL LIMITED,148.72,149.0,144.01,146.75,148.71,1650
2026-09-24,COCKERILL,JOHN COCKERILL INDIA LTD.,8176.0,8176.0,7922.0,7955.5,8144.0,4221
2026-09-24,JSWCEMENT,JSW CEMENT LIMITED,118.0,118.0,115.25,115.71,118.18,1180047
2026-09-24,JSWDULUX,JSW DULUX LIMITED,3164.6,3165.8,3106.0,3132.3,3160.9,27787
2026-09-24,JSWENERGY,JSW ENERGY LIMITED,520.0,520.0,508.1,510.0,521.0,1303485
2026-09-24,JSWHL,JSW HOLDINGS LIMITED,11300.0,11300.0,11051.0,11116.0,11333.0,1304
2026-09-24,JSWINFRA,JSW INFRASTRUCTURE LTD,361.95,369.95,358.0,360.7,363.6,4464796
2026-09-24,JSWSTEEL,JSW STEEL LIMITED,1289.0,1298.4,1272.2,1273.2,1297.8,836579
2026-09-24,JTEKTINDIA,JTEKT INDIA LIMITED,119.89,119.89,117.65,118.28,119.99,72743
2026-09-24,JTLIND,JTL INDUSTRIES LIMITED,90.35,92.2,89.24,90.1,91.31,1853584
2026-09-24,JUBLCPL,JUBILANT AGRI N CON PRO L,2225.0,2245.0,2130.2,2160.3,2202.4,6373
2026-09-24,JUBLFOOD,JUBILANT FOODWORKS LTD,484.65,484.75,476.05,478.9,483.3,339592
2026-09-24,JUBLINGREA,JUBILANT INGREVIA LIMITED,640.95,649.0,631.8,635.35,640.95,284101
2026-09-24,JUBLPHARMA,JUBILANT PHARMOVA LTD,1059.0,1066.25,1038.1,1063.85,1058.0,114741
2026-09-24,JMA,JULLUNDUR MOT AGENCY LTD,90.4,90.4,86.5,87.92,89.89,15096
2026-09-24,JNPR,JUNIPER GREEN ENERGY LTD,265.75,265.75,254.3,257.7,267.3,807227
2026-09-24,JUNIPER,JUNIPER HOTELS LIMITED,221.0,221.99,217.51,218.41,221.77,69636
2026-09-24,JLHL,JUPITER LIFE LINE HOSP L,274.0,275.0,266.1,267.8,274.05,197581
2026-09-24,JWL,JUPITER WAGONS LIMITED,230.0,230.59,226.81,228.07,233.16,616463
2026-09-24,JUSTDIAL,JUSTDIAL LTD.,693.55,697.55,666.0,672.35,693.55,80570
2026-09-24,JYOTHYLAB,JYOTHY LABS LIMITED,194.3,194.44,191.8,192.86,194.11,207081
2026-09-24,JYOTICNC,JYOTI CNC AUTOMATION LTD,1098.0,1100.0,1067.0,1072.55,1100.8,504405
2026-09-24,JYOTIRES,JYOTI RESINS & ADHESIVE L,852.3,861.95,830.05,833.0,848.45,5158
2026-09-24,JYOTISTRUC,JYOTI STRUCTURES LTD,9.28,9.28,9.03,9.08,9.33,2781040
2026-09-24,KJMCFIN,K J M C FINANCIAL SERV L,62.11,62.11,58.45,59.84,61.5,304
2026-09-24,KMCSHIL,K M C SPECIALITY HOSP I L,162.0,162.16,155.11,157.92,162.2,211733
2026-09-24,KMSUGAR,K M SUGAR MILLS LTD,29.4,29.4,28.78,29.06,29.5,84745
2026-09-24,KPEL,K.P. ENERGY LIMITED,226.0,227.24,218.0,221.55,228.8,329639
2026-09-24,KABRAEXTRU,KABRA EXTRUSION TECHNIK L,739.8,806.1,737.0,806.1,732.85,520858
2026-09-24,KAJARIACER,KAJARIA CERAMICS LTD,1214.0,1239.1,1204.0,1221.8,1216.4,282539
2026-09-24,KAKATCEM,KAKATIYA CEM SUGAR &IND L,107.99,109.59,105.9,105.99,107.97,656
2026-09-24,KALPATARU,KALPATARU LIMITED,278.0,289.45,270.6,277.8,272.55,282261
2026-09-24,KPIL,KALPATARU PROJECT INT LTD,1414.9,1427.0,1381.2,1399.6,1411.8,157152
2026-09-24,KALYANKJIL,KALYAN JEWELLERS IND LTD,583.1,588.6,570.35,573.6,584.25,3630749
2026-09-24,KICL,KALYANI INVEST CO LTD,4950.0,5018.5,4920.5,4940.5,5000.0,831
2026-09-24,KSL,KALYANI STEELS LIMITED,995.15,997.65,972.5,974.2,998.25,110396
2026-09-24,KAMAHOLD,KAMA HOLDINGS LTD.,2230.1,2348.7,2172.3,2199.6,2239.2,20376
2026-09-24,KAMANWALA,KAMANWALA HOUSING CONST L,16.02,17.4,16.02,16.99,16.5,2709
2026-09-24,KAMATHOTEL,KAMAT HOTELS (I) LTD,238.6,240.3,231.25,235.69,240.35,38921
2026-09-24,KAMDHENU,KAMDHENU LIMITED,41.3,41.3,39.0,40.34,40.77,748522
2026-09-24,KAMOPAINTS,KAMDHENU VENTURES LIMITED,4.24,4.34,4.17,4.21,4.27,268131
2026-09-24,KANANIIND,KANANI INDUSTRIES LTD,1.42,1.44,1.4,1.41,1.42,108081
2026-09-24,KANCHI,KANCHI KARPOORAM LTD.,382.7,395.05,382.5,393.85,390.3,1215
2026-09-24,KANCOTEA,KANCO TEA & INDS. LTD.,52.5,54.9,52.5,52.66,54.72,104
2026-09-24,KANOHAR,KANOHAR ELECTRICALS LTD,873.9,908.4,852.45,863.3,907.0,2625443
2026-09-24,KANPRPLA,KANPUR PLASTIPACK LIMITED,256.45,274.95,256.3,262.5,257.05,63305
2026-09-24,KANSAINER,KANSAI NEROLAC PAINTS LTD,182.58,182.91,179.01,179.41,182.58,146681
2026-09-24,KAPSTON,KAPSTON SERVICES LIMITED,585.9,586.95,575.05,578.1,585.9,34980
2026-09-24,KARAMTARA,KARAMTARA ENGINEERING L,361.0,382.95,355.6,369.05,361.95,6731277
2026-09-24,KARMAENG,KARMA ENERGY LIMITED,39.71,40.8,39.02,39.43,40.18,7821
2026-09-24,KTKBANK,KARNATAKA BANK LIMITED,339.0,345.4,336.55,338.15,343.05,2049219
2026-09-24,KARURVYSYA,KARUR VYSYA BANK LTD,323.15,327.55,321.0,325.0,324.45,1136510
2026-09-24,KSCL,KAVERI SEED CO. LTD.,712.85,819.95,704.4,783.85,710.7,19332004
2026-09-24,KAYNES,KAYNES TECHNOLOGY IND LTD,3430.0,3576.0,3415.3,3509.5,3458.0,1525539
2026-09-24,KCP,KCP LTD,157.05,160.98,156.0,159.18,157.05,111803
2026-09-24,KDGREEN,KD GREEN INDUSTRIES LTD,51.69,51.69,49.61,50.22,50.03,16908
2026-09-24,KDDL,KDDL LIMITED,4237.2,4237.2,4066.5,4119.8,4251.9,67371
2026-09-24,KEC,KEC INTL. LIMITED,398.0,399.5,394.0,395.4,402.4,378577
2026-09-24,KEI,KEI INDUSTRIES LTD.,4700.0,4706.5,4627.0,4636.5,4722.5,224864
2026-09-24,KELLTONTEC,KELLTON TECH SOL LTD,13.8,13.8,13.4,13.48,13.76,1468588
2026-09-24,KENNAMET,KENNAMETAL INDIA LIMITED,4254.0,4355.1,4250.0,4266.4,4316.7,11487
2026-09-24,KERNEX,KERNEX MICROSYS(I) LTD,1727.3,1749.9,1692.5,1700.8,1731.0,83450
2026-09-24,KKCL,KEWAL KIRAN CLOTHING LTD,478.0,478.65,465.05,469.3,477.55,13783
2026-09-24,KEYFINSERV,KEYNOTE FIN SERV LTD.,243.9,243.9,226.35,231.65,244.05,1614
2026-09-24,RUSTOMJEE,KEYSTONE REALTORS LIMITED,365.75,367.65,355.2,364.0,365.75,43140
2026-09-24,KFINTECH,KFIN TECHNOLOGIES LIMITED,902.2,911.0,893.05,897.95,911.95,432496
2026-09-24,KHAITANLTD,KHAITAN (INDIA)LTD.,153.14,153.14,148.1,150.34,153.14,774
2026-09-24,KHAICHEM,KHAITAN CHEM & FERT LTD,50.29,50.65,49.0,49.41,50.13,113281
2026-09-24,KHANDSE,KHANDWALA SECURITIES LTD,18.32,18.48,17.5,18.07,18.0,729
2026-09-24,KLBRENG-B,KILBURN ENGINEERING LTD.,513.5,524.45,508.45,517.9,518.6,189495
2026-09-24,KINGFA,KINGFA SCI & TEC IND LTD.,6239.0,6435.0,6185.5,6228.5,6240.5,14512
2026-09-24,KIOCL,KIOCL LIMITED,349.35,353.0,339.3,340.65,349.35,42480
2026-09-24,KIRANVYPAR,KIRAN VYAPAR LTD.,218.65,218.65,196.04,203.41,215.1,1329
2026-09-24,KIRIINDUS,KIRI INDUSTRIES LIMITED,564.0,583.95,552.0,559.9,572.75,1422251
2026-09-24,KIRLOSBROS,KIRLOSKAR BROTHERS LTD,1790.0,1793.6,1752.1,1768.4,1794.3,16227
2026-09-24,KECL,KIRLOSKAR ELECTRIC CO LTD,121.0,126.8,120.24,122.75,120.24,261030
2026-09-24,KIRLFER,KIRLOSKAR FERROUS IND LTD,475.1,485.85,473.2,478.2,478.1,109335
2026-09-24,KIRLOSIND,KIRLOSKAR INDUSTRIES LTD,3681.0,3681.0,3616.1,3635.0,3681.0,4437
2026-09-24,KIRLOSENG,KIRLOSKAR OIL ENG LTD,2195.0,2254.0,2156.8,2164.5,2219.5,278809
2026-09-24,KIRLPNU,KIRLOSKAR PNEUMATIC COM L,705.0,710.1,692.1,697.75,711.95,71227
2026-09-24,KITEX,KITEX GARMENTS LTD,120.99,121.9,117.75,118.65,121.33,265979
2026-09-24,KNAGRI,KN AGRI RESOURCES LIMITED,214.9,215.0,208.04,213.63,211.63,8248
2026-09-24,KNACK,KNACK PACKAGING LIMITED,182.9,184.77,179.25,182.25,184.25,805858
2026-09-24,KMEW,KNOWLEDGE MARINE & EN W L,2950.0,3009.9,2876.0,2890.6,2996.6,62583
2026-09-24,KNRCON,KNR CONSTRU LTD.,120.49,123.1,119.5,120.03,121.77,1488078
2026-09-24,KOHINOOR,KOHINOOR FOODS LIMITED,31.74,32.59,30.6,30.82,31.75,127383
2026-09-24,KOKUYOCMLN,KOKUYO CAMLIN LIMITED,76.35,77.81,76.15,76.64,76.35,35121
2026-09-24,KOLTEPATIL,KOLTE PATIL DEV. LTD.,441.45,441.45,429.95,432.05,440.05,35712
2026-09-24,KOPRAN,KOPRAN LTD,279.42,284.84,267.3,270.81,279.42,379629
2026-09-24,GOLD1,KOTAK GOLD ETF,125.01,125.48,124.58,124.65,125.96,1257237
2026-09-24,KOTAKBANK,KOTAK MAHINDRA BANK LTD,407.0,410.0,404.3,405.0,413.25,12799846
2026-09-24,NIFTY1,KOTAK NIFTY ETF,266.64,266.64,256.12,257.16,260.14,119958
2026-09-24,PSUBANK,KOTAK PSU BANK,83.39,83.82,82.51,82.92,83.41,87881
2026-09-24,CHEMICAL,KOTAKMAMC - CHEMICAL,29.56,29.68,29.1,29.13,29.56,153885
2026-09-24,ALPHA,KOTAKMAMC - KOTAKALPHA,53.35,53.4,52.52,52.82,53.42,870366
2026-09-24,CONS,KOTAKMAMC - KOTAKCONS,11.71,11.98,11.62,11.73,11.86,13268
2026-09-24,IT,KOTAKMAMC - KOTAKIT,30.64,31.61,30.64,31.42,31.43,322846
2026-09-24,LIQUID1,KOTAKMAMC - KOTAKLIQ,1118.19,1130.0,1118.19,1123.96,1123.81,700510
2026-09-24,LOWVOL1,KOTAKMAMC - KOTAKLOVOL,20.49,20.49,20.12,20.16,20.39,302634
2026-09-24,MIDCAP,KOTAKMAMC - KOTAKMID50,18.21,18.5,17.89,17.93,18.31,602076
2026-09-24,MNC,KOTAKMAMC - KOTAKMNC,32.48,32.53,32.22,32.27,32.49,24812
2026-09-24,SILVER1,KOTAKMAMC - KOTAKSILVE,22.13,22.17,21.9,21.91,22.36,4869469
2026-09-24,NV20,KOTAKMAMC - KTKNV20ETF,13.55,13.55,13.36,13.43,13.56,45583
2026-09-24,MID150,KOTAKMAMC - MID150,23.47,23.47,22.82,22.9,23.33,102632
2026-09-24,MOMENTUM30,KOTAKMAMC - MOMENTUM30,31.14,31.14,30.07,30.26,30.53,11940
2026-09-24,MSCIINDIA,KOTAKMAMC - MSCIINDIA,29.15,29.15,28.63,28.83,29.29,8334
2026-09-24,NEXT50ETF,KOTAKMAMC - NEXT50ETF,73.56,73.56,72.11,72.12,73.2,20324
2026-09-24,NIFTY100EW,KOTAKMAMC - NIFTY100EW,34.35,34.42,34.07,34.19,34.48,57305
2026-09-24,PVTBANK,KOTAKMAMC - PVTBANK,27.31,27.31,26.85,26.96,27.39,450586
2026-09-24,QUALITY30,KOTAKMAMC - QUALITY30,20.14,20.14,19.77,19.8,19.95,5657
2026-09-24,BANKNIFTY1,KOTAKMAMC-KOTAKBKETF,60.14,60.14,57.21,57.55,58.68,1004664
2026-09-24,KOTIC,KOTHARI INDUSTRIAL CORP L,147.82,154.78,141.3,143.82,147.11,29000
2026-09-24,KOTHARIPET,KOTHARI PETROCHEM LTD,137.58,137.58,132.76,134.01,136.81,28073
2026-09-24,KOTHARIPRO,KOTHARI PRODUCTS LTD,68.02,69.86,66.3,67.13,69.64,15513
2026-09-24,KOVAI,KOVAI MEDICAL CENTER & HO,6199.0,6199.0,6036.5,6101.0,6160.5,3104
2026-09-24,KPIGREEN,KPI GREEN ENERGY LIMITED,344.9,344.9,330.1,333.2,350.05,2039670
2026-09-24,KPITTECH,KPIT TECHNOLOGIES LIMITED,526.0,527.8,514.0,516.85,527.0,1561197
2026-09-24,KPRMILL,KPR MILL LTD.,1130.0,1141.9,1109.9,1113.8,1136.7,158616
2026-09-24,KRBL,KRBL LIMITED,404.75,410.95,396.2,398.2,404.85,360627
2026-09-24,KREBSBIO,KREBS BIOCHEMICALS & IND,57.54,57.89,55.51,57.66,57.54,3409
2026-09-24,KRIDHANINF,KRIDHAN INFRA LIMITED,1.86,1.87,1.81,1.85,1.84,16428
2026-09-24,KRISHANA,KRISHANA PHOSCHEM LIMITED,190.98,191.8,183.2,184.51,188.15,631052
2026-09-24,KRISHIVAL,KRISHIVAL FOODS LIMITED,418.15,419.0,410.0,411.3,417.35,8216
2026-09-24,KRISHNADEF,KRISHNA DEF AND ALD IND L,1034.9,1038.0,1012.0,1015.5,1032.9,45530
2026-09-24,KIMS,KRISHNA INST OF MED SCI L,795.0,811.2,795.0,800.45,798.05,260151
2026-09-24,KRITI,KRITI INDUSTRIES IND LTD,61.35,64.0,61.35,61.65,63.19,8298
2026-09-24,KRITINUT,KRITI NUTRIENTS LIMITED,81.0,81.0,77.6,77.81,80.21,15010
2026-09-24,KRITIKA,KRITIKA WIRES LIMITED,5.0,5.1,4.99,5.02,5.0,99913
2026-09-24,KRN,KRN HEAT EXCHANGE N REF L,1411.8,1424.9,1394.2,1401.6,1412.6,107810
2026-09-24,KROSS,KROSS LIMITED,276.0,279.34,268.11,272.9,278.56,1470381
2026-09-24,KRSNAA,KRSNAA DIAGNOSTICS LTD,565.0,565.0,549.3,551.25,560.05,43526
2026-09-24,KRYSTAL,KRYSTAL INTEGRATED SER L,635.05,646.95,631.0,637.5,643.65,3949
2026-09-24,KSB,KSB LIMITED,822.95,822.95,797.3,802.15,823.2,90671
2026-09-24,KSE,KSE LTD.,184.0,184.0,178.81,181.11,178.79,6832
2026-09-24,KSHINTL,KSH INTERNATIONAL LIMITED,1048.0,1069.0,1023.0,1036.0,1046.8,248567
2026-09-24,KSHITIJPOL,KSHITIJ POLYLINE LIMITED,5.06,5.07,5.06,5.06,4.83,12906313
2026-09-24,KSOLVES,KSOLVES INDIA LIMITED,257.55,258.35,247.35,249.15,259.05,54728
2026-09-24,KUANTUM,KUANTUM PAPERS LIMITED,83.0,83.99,79.1,80.17,82.87,87226
2026-09-24,KUSUMGAR,KUSUMGAR LIMITED,634.9,634.9,610.55,620.1,635.1,261170
2026-09-24,KPL,KWALITY PHARMACEUTICALS L,3743.0,3777.4,3602.0,3642.1,3724.5,34399
2026-09-24,KWIL,KWALITY WALL'S (INDIA) L,41.88,41.88,40.54,40.81,41.92,5527010
2026-09-24,LKPSEC,L K P SECURITIES LTD.,15.58,15.58,15.0,15.02,15.27,2398
2026-09-24,LTF,L&T FINANCE LIMITED,279.0,290.6,279.0,282.0,310.0,36077849
2026-09-24,LTTS,L&T TECHNOLOGY SER. LTD.,3233.7,3238.8,3190.0,3209.1,3231.3,27363
2026-09-24,LAOPALA,LA OPALA RG LIMITED,162.3,163.0,159.45,160.21,163.06,98696
2026-09-24,LAGNAM,LAGNAM SPINTEX LIMITED,74.0,75.0,72.81,74.99,75.0,2832
2026-09-24,LAHOTIOV,LAHOTI OVERSEAS LTD.,41.0,41.0,37.0,38.28,40.77,14264
2026-09-24,LFIC,LAKSHMI FIN IND CORP LTD,136.5,136.99,131.0,136.36,136.14,1564
2026-09-24,LAKSHMIMIL,LAKSHMI MILLS CO. LTD.,8066.0,8066.0,7721.0,7780.5,7716.5,20
2026-09-24,LALITHAA,LALITHAA JEWELLERY MART L,359.0,370.5,356.4,370.5,352.9,10872334
2026-09-24,LAMBODHARA,LAMBODHARA TEXTILES LTD.,120.9,141.5,119.42,139.46,119.93,393605
2026-09-24,LANCER,LANCER CONTAINER LINES L,11.85,11.85,11.11,11.59,11.78,340911
2026-09-24,LANDMARK,LANDMARK CARS LIMITED,500.9,511.15,485.25,489.05,506.4,51104
2026-09-24,LPDC,LANDMARK PR.DEV.CO.LTD,6.77,6.77,6.43,6.63,6.66,17312
2026-09-24,LANDSMILL,LANDSMILL GREEN LIMITED,0.55,0.55,0.52,0.52,0.54,3840492
2026-09-24,LT,LARSEN & TOUBRO LTD.,3887.3,3907.0,3849.0,3858.4,3929.9,1649308
2026-09-24,LASERPOWER,LASER POWER & INFRA LTD,284.75,285.4,270.4,274.5,287.4,834811
2026-09-24,LATENTVIEW,LATENT VIEW ANALYTICS LTD,252.9,252.9,245.0,245.4,253.4,335304
2026-09-24,LATTEYS,LATTEYS INDUSTRIES LTD,20.0,20.75,20.0,20.08,20.35,42119
2026-09-24,LAURUSLABS,LAURUS LABS LIMITED,2021.1,2055.3,2020.0,2026.2,2034.0,1388039
2026-09-24,LAXMICOT,LAXMI COTSPIN LIMITED,13.2,14.18,13.01,13.23,13.4,3757
2026-09-24,LAXMIDENTL,LAXMI DENTAL LIMITED,193.99,201.59,193.56,197.05,195.09,95949
2026-09-24,LGHL,LAXMI GOLDORNA HOUSE LTD,171.3,192.0,171.3,181.48,176.62,38541
2026-09-24,LAXMIINDIA,LAXMI INDIA FINANCE LTD,126.4,126.4,119.4,120.66,126.12,152816
2026-09-24,LXCHEM,LAXMI ORGANIC INDUS LTD,186.05,187.0,179.92,180.61,188.44,1098678
2026-09-24,LCCINFOTEC,LCC INFOTECH LTD,4.03,4.03,3.99,4.03,3.84,120873
2026-09-24,LCCPROJECT,LCC PROJECTS LIMITED,146.35,146.35,141.87,144.22,146.59,1209866
2026-09-24,LEMERITE,LE MERITE EXPORTS LIMITED,20.45,20.85,19.5,20.59,19.88,220522
2026-09-24,IXIGO,LE TRAVENUES TECHNOLOGY L,163.9,163.91,158.8,159.31,163.9,576315
2026-09-24,LEAPIND,LEAP INDIA LIMITED,146.45,148.16,142.11,143.09,148.62,1423067
2026-09-24,THELEELA,LEELA PALACES HOTEL LTD,540.05,545.65,530.5,533.2,544.95,137918
2026-09-24,LEMONTREE,LEMON TREE HOTELS LTD,107.0,107.7,106.2,106.72,107.92,1819035
2026-09-24,LENSKART,LENSKART SOLUTIONS LTD,681.5,691.9,673.55,676.0,686.7,3191467
2026-09-24,LEXUS,LEXUS GRANITO (INDIA) LTD,12.9,12.9,12.12,12.19,12.5,14276
2026-09-24,LGBBROSLTD,LG BALAKRISHNAN & BROS,1720.0,1764.9,1710.1,1745.3,1734.5,25762
2026-09-24,LGEINDIA,LG ELECTRONICS INDIA LTD,1685.0,1719.9,1669.9,1697.7,1694.2,527914
2026-09-24,LIBAS,LIBAS CONSU PRODUCTS LTD,12.0,12.56,11.15,12.02,12.09,241544
2026-09-24,LIBERTSHOE,LIBERTY SHOES LTD,241.4,242.34,235.0,237.84,235.48,45513
2026-09-24,LICHSGFIN,LIC HOUSING FINANCE LTD,569.8,571.9,563.8,564.25,572.5,1297709
2026-09-24,LICMFGOLD,LIC MF - LIC GOLD ETF,135.7,135.7,134.2,134.5,135.9,24030
2026-09-24,LICNETFN50,LICNAMC - LICNFENGP,262.23,262.42,259.94,260.13,263.9,806
2026-09-24,LICNETFSEN,LICNAMC - LICNFESGP,840.54,840.54,834.79,835.18,844.27,9
2026-09-24,LICNFNHGP,LICNAMC - LICNFNHGP,274.19,276.93,267.2,275.99,274.19,85
2026-09-24,LICNETFGSC,LICNAMC - LICNMFET,29.48,29.48,29.07,29.16,29.27,7011
2026-09-24,LICNMID100,LICNAMC - LICNMID100,62.98,62.98,61.22,61.29,62.75,6888
2026-09-24,LICI,LIFE INSURA CORP OF INDIA,400.9,417.8,398.5,406.0,407.5,14741490
2026-09-24,LIKHITHA,LIKHITHA INFRASTRUC LTD,230.35,236.5,227.0,227.38,229.21,34331
2026-09-24,LINC,LINC LIMITED,94.89,94.89,91.62,92.24,93.85,39577
2026-09-24,LINCOLN,LINCOLN PHARMA LTD,603.0,604.35,590.1,594.65,603.55,16062
2026-09-24,LINDEINDIA,LINDE INDIA LIMITED,6270.0,6333.5,6166.5,6196.5,6286.0,11679
2026-09-24,LLOYDSENGG,LLOYDS ENGG WORK LIMITED,90.25,93.0,90.1,90.91,91.52,10861920
2026-09-24,LLOYDSENT,LLOYDS ENTERPRISES LTD,72.71,77.15,72.71,75.58,74.15,4465318
2026-09-24,LLOYDSME,LLOYDS METALS N ENERGY L,1870.0,1881.5,1816.0,1821.9,1890.9,278524
2026-09-24,LMW,LMW LIMITED,17145.0,17339.0,17049.0,17136.0,17126.0,2245
2026-09-24,LODHA,LODHA DEVELOPERS LIMITED,1153.0,1177.0,1148.9,1158.0,1162.5,1243527
2026-09-24,LCL,LOHIA CORP LIMITED,572.6,589.0,571.8,575.55,577.55,218144
2026-09-24,LOKESHMACH,LOKESH MACHINES LTD,360.15,362.75,342.0,342.9,359.25,43467
2026-09-24,LORDSCHLO,LORDS CHLORO ALKALI LTD,140.0,140.0,132.2,134.5,137.38,12002
2026-09-24,LAL,LORENZINI APPARELS LTD,8.72,9.49,8.47,9.07,8.57,163991
2026-09-24,LOTUSCHO,LOTUS CHOCOLATE CO. LTD.,578.7,578.7,560.0,566.15,562.4,1318
2026-09-24,LOTUSEYE,LOTUS EYE HOSP & INST L,115.0,115.86,112.5,113.23,115.24,3217
2026-09-24,LOVABLE,LOVABLE LINGERIE LTD,71.0,71.5,69.0,69.7,71.38,8216
2026-09-24,LOYALTEX,LOYAL TEXTILE MILLS LTD,240.9,240.9,221.27,223.98,231.23,6531
2026-09-24,LTFOODS,LT FOODS LIMITED,426.95,433.85,423.0,424.5,430.0,257102
2026-09-24,LTM,LTM LIMITED,4031.0,4089.0,4011.0,4038.0,4085.0,350005
2026-09-24,LUMAXTECH,LUMAX AUTO TECH LTD,2049.4,2099.8,2026.9,2068.8,2044.9,122712
2026-09-24,LUMAXIND,LUMAX INDUSTRIES LTD,5808.0,5808.0,5710.0,5732.5,5788.0,5160
2026-09-24,LUMINO,LUMINO INDUSTRIES LIMITED,108.53,110.44,106.5,107.22,109.9,5968222
2026-09-24,LUPIN,LUPIN LIMITED,2099.9,2114.8,2084.5,2100.7,2102.8,533164
2026-09-24,LUXIND,LUX INDUSTRIES LIMITED,1180.0,1190.0,1155.4,1167.8,1186.5,18229
2026-09-24,MBEL,M AND B ENGINEERING LTD,259.9,270.4,256.0,263.95,261.0,109451
2026-09-24,MKEXIM,M K EXIM (INDIA) LTD.,68.9,68.9,67.5,68.64,68.13,20858
2026-09-24,MKPL,M K PROTEINS LIMITED,4.04,4.07,4.0,4.01,4.04,45022
2026-09-24,MCL,M TEK COPPER LIMITED,61.0,63.0,60.0,61.61,60.75,143738
2026-09-24,M&MFIN,M&M FIN. SERVICES LTD,343.35,343.35,334.45,339.9,348.6,1834421
2026-09-24,MAANALU,MAAN ALUMINIUM LIMITED,105.0,105.0,102.25,102.62,103.93,37559
2026-09-24,MCCHRLS-B,MAC CHARLES (INDIA) LTD.,679.8,679.8,645.0,677.85,657.1,297
2026-09-24,MACPOWER,MACPOWER CNC MACHINES LTD,2059.5,2170.0,2018.1,2061.1,2059.5,57329
2026-09-24,MADHAVIPL,MADHAV INFRA PROJECTS L,7.84,7.9,7.18,7.59,7.67,189234
2026-09-24,MADHAV,MADHAV MARBLE & GRANITE,35.45,35.82,33.72,34.46,34.57,2431
2026-09-24,MADHUCON,MADHUCON PROJECTS LTD.,4.06,4.3,3.94,4.25,4.14,21341
2026-09-24,MBAPL,MADHYA BHARAT AGRO P. LTD,169.0,169.0,162.91,164.07,167.51,459173
2026-09-24,MADRASFERT,MADRAS FERTILISERS LTD,61.89,61.89,60.5,60.72,61.47,19924
2026-09-24,MAFATIND,MAFATLAL INDUSTRIES LTD.,120.5,122.0,119.41,119.81,121.05,23718
2026-09-24,MAGADSUGAR,MAGADH SUGAR & ENERGY LTD,502.2,506.45,499.9,503.0,509.2,9365
2026-09-24,MCLOUD,MAGELLANIC CLOUD LIMITED,25.3,25.3,24.56,24.9,25.41,710919
2026-09-24,MAGNUM,MAGNUM VENTURES LTD.,19.0,19.1,18.56,18.65,19.0,12019
2026-09-24,MAHAPEXLTD,MAHA RASHTRA APEX COPR. L,53.0,54.8,51.0,51.74,53.0,16177
2026-09-24,MFML,MAHALAXMI FABRIC MILLS LT,18.84,19.48,17.05,19.16,18.22,21958
2026-09-24,MGL,MAHANAGAR GAS LTD.,1083.7,1092.0,1077.4,1079.6,1092.8,51860
2026-09-24,MTNL,MAHANAGAR TELEPHONE NIGAM,24.3,24.3,23.67,23.81,24.36,588746
2026-09-24,MAHSCOOTER,MAHARASHTRA SCOOTERS LTD,13121.0,13300.0,13080.0,13255.0,13269.0,3227
2026-09-24,MAHSEAMLES,MAHARASHTRA SEAMLESS LTD,698.7,723.9,696.05,708.55,702.75,232935
2026-09-24,MAHESHWARI,MAHESHWARI LOGISTICS LTD.,72.75,73.2,72.7,72.7,72.83,7920
2026-09-24,M&M,MAHINDRA & MAHINDRA LTD,3028.8,3039.0,2982.7,2982.7,3035.0,1903721
2026-09-24,MAHEPC,MAHINDRA EPC IRRIG LTD,99.02,100.98,98.0,98.19,100.45,18772
2026-09-24,MHRIL,MAHINDRA HOLIDAYS LTD,201.39,201.99,198.0,199.71,201.39,54816
2026-09-24,MAHLIFE,MAHINDRA LIFESPACE DEVLTD,356.6,360.55,347.85,353.9,356.6,68743
2026-09-24,MAHLOG,MAHINDRA LOGISTIC LIMITED,415.9,429.2,411.55,420.05,416.55,499911
2026-09-24,MAITHANALL,MAITHAN ALLOYS LTD,996.05,1004.85,975.0,977.1,1009.9,65584
2026-09-24,MAKERSL,MAKERS LABORATORIES LTD.,184.5,191.0,184.0,189.42,182.88,2038
2026-09-24,MALLCOM,MALLCOM (INDIA) LIMITED,970.1,972.0,950.0,950.8,975.35,6604
2026-09-24,MALUPAPER,MALU PAPER MILLS LIMITED,32.63,33.39,31.71,31.79,31.99,3983
2026-09-24,MAMATA,MAMATA MACHINERY LIMITED,422.7,422.7,397.35,403.8,423.35,144579
2026-09-24,MANAKCOAT,MAN COAT METAL & IND LTD,131.99,134.16,130.0,131.16,131.99,224387
2026-09-24,MANINDS,MAN INDUSTRIES (I) LTD.,990.75,990.9,956.55,962.85,986.7,1416561
2026-09-24,MANINFRA,MAN INFRA LTD,123.9,125.45,123.45,124.17,124.75,1221376
2026-09-24,MANAKALUCO,MANAK ALUMINIUM CO. LTD.,36.48,36.48,35.0,35.31,35.96,30719
2026-09-24,MANAKSIA,MANAKSIA LTD.,65.98,66.45,63.71,64.03,66.8,73292
2026-09-24,MANALIPETC,MANALI PETROCHEMICALS LT,87.1,87.1,82.62,83.28,87.69,1080286
2026-09-24,MANAPPURAM,MANAPPURAM FINANCE LTD,314.4,327.0,313.15,324.95,320.4,4674648
2026-09-24,MANBA,MANBA FINANCE LIMITED,139.0,145.4,138.88,140.35,139.19,243633
2026-09-24,MANCREDIT,MANGAL CREDIT N FINCORP L,222.02,227.5,221.0,222.52,225.17,118659
2026-09-24,MEIL,MANGAL ELECTRICAL IND L,270.45,275.0,269.0,272.7,274.25,27992
2026-09-24,MANGLMCEM,MANGALAM CEMENT LTD,1029.0,1049.0,1014.8,1031.5,1033.3,57124
2026-09-24,MANGALAM,MANGALAM DRUG & CHEM LTD,32.64,32.64,31.42,31.65,32.32,33768
2026-09-24,MGEL,MANGALAM GLOBAL ENT LTD,15.7,15.9,15.3,15.63,15.49,3566425
2026-09-24,MANORG,MANGALAM ORGANICS LIMITED,457.9,462.7,452.0,453.15,458.15,2268
2026-09-24,MWL,MANGALAM WORLDWIDE LTD,44.6,44.86,43.5,43.86,44.63,391087
2026-09-24,MANIPALHOS,MANIPAL HEALTH ENTERPRI L,760.6,763.2,736.25,742.5,760.95,952691
2026-09-24,MPIMANIPAL,MANIPAL PAYMENT & IDE S L,364.0,375.8,357.1,359.95,372.6,1210487
2026-09-24,MANKIND,MANKIND PHARMA LIMITED,2442.6,2504.3,2442.6,2500.0,2465.0,447288
2026-09-24,MVGJL,MANOJ VAIBHAV GEM N JEW L,219.46,220.55,213.36,214.8,221.29,228762
2026-09-24,MANOMAY,MANOMAY TEX INDIA LTD,228.48,235.35,224.5,233.21,224.48,382971
2026-09-24,MANORAMA,MANORAMA INDUSTRIES LTD,1921.7,1931.4,1868.2,1882.7,1929.4,133580
2026-09-24,MANUGRAPH,MANUGRAPH INDIA LIMITED,24.26,24.26,21.56,22.02,23.52,466712
2026-09-24,MARALOVER,MARAL OVERSEAS LTD,60.5,61.0,58.0,58.93,61.11,19526
2026-09-24,MARATHON,MARATHON NXTGEN REALT LTD,421.9,421.9,406.65,410.8,419.4,35268
2026-09-24,MARICO,MARICO LIMITED,830.0,831.65,820.05,824.55,832.3,919851
2026-09-24,MARINE,MARINE ELECTRICAL (I) LTD,415.0,421.1,396.0,401.5,425.8,2132733
2026-09-24,MARKOLINES,MARKOLINES PAVEMENT TEC L,170.01,170.01,165.95,167.42,169.9,62571
2026-09-24,MARKSANS,MARKSANS PHARMA LIMITED,345.8,350.95,336.15,337.4,347.6,2858544
2026-09-24,MARSONS,MARSONS LIMITED,127.36,129.99,124.0,124.37,128.05,4536331
2026-09-24,MARUTI,MARUTI SUZUKI INDIA LTD.,12180.0,12184.0,11975.0,11990.0,12230.0,393665
2026-09-24,MASFIN,MAS FINANCIAL SERV LTD,284.5,285.9,276.0,280.35,284.5,134842
2026-09-24,MASKINVEST,MASK INVESTMENTS LIMITED,145.94,152.0,139.5,140.81,146.67,125
2026-09-24,MASTEK,MASTEK LTD,1570.0,1579.0,1538.0,1543.6,1573.3,64792
2026-09-24,MASTERTR,MASTER TRUST LIMITED,87.7,87.72,84.35,85.21,88.14,134087
2026-09-24,MATRIMONY,MATRIMONY.COM LIMITED,535.0,541.3,525.0,538.55,544.95,7656
2026-09-24,MAWANASUG,MAWANA SUGARS LIMITED,133.07,135.38,130.0,130.7,133.07,138444
2026-09-24,MAXESTATES,MAX ESTATES LIMITED,620.35,652.8,605.3,616.8,603.2,1371303
2026-09-24,MFSL,MAX FINANCIAL SERV LTD,1406.7,1429.8,1360.1,1410.0,1562.9,11421840
2026-09-24,MAXHEALTH,MAX HEALTHCARE INS LTD,1035.0,1055.8,1029.0,1046.0,1059.9,2505137
2026-09-24,MAXIND,MAX INDIA LIMITED,151.0,151.0,148.02,149.22,149.82,18417
2026-09-24,MAYURUNIQ,MAYUR UNIQUOTERS LTD,722.9,738.15,718.0,733.1,722.9,71013
2026-09-24,MAZDOCK,MAZAGON DOCK SHIPBUIL LTD,2205.0,2221.8,2189.2,2202.0,2211.5,463672
2026-09-24,MBLINFRA,MBL INFRASTRUCTURE LTD,22.3,22.3,20.64,20.9,21.72,91520
2026-09-24,MCLEODRUSS,MCLEOD RUSSEL INDIA LTD.,46.1,47.8,44.84,44.84,47.2,445980
2026-09-24,MEDIASSIST,MEDI ASSIST HEALTH SER L,330.0,332.65,318.1,320.3,334.6,424095
2026-09-24,MMWL,MEDIA MATRIX WORLDWIDE L,13.7,14.38,13.35,14.38,13.7,82026
2026-09-24,MEDICO,MEDICO REMEDIES LIMITED,32.9,33.25,32.2,32.5,32.65,133117
2026-09-24,MEDPLUS,MEDPLUS HEALTH SERV LTD,661.75,661.75,653.0,654.25,662.0,52368
2026-09-24,MEESHO,MEESHO LIMITED,235.01,239.66,232.0,232.84,236.37,13461160
2026-09-24,MEGASTAR,MEGASTAR FOODS LIMITED,277.5,277.5,254.55,260.9,277.6,8559
2026-09-24,MOL,MEGHMANI ORGANICS LIMITED,61.3,61.31,58.9,59.56,61.63,643537
2026-09-24,MIIL,MEGHNA INFRACON INFRA L,699.0,706.85,694.1,703.9,698.1,47887
2026-09-24,MERCANTILE,MERCANTILE VENTURES LTD.,22.98,22.98,21.95,22.59,22.01,1336
2026-09-24,MERCURYEV,MERCURY EV-TECH LIMITED,38.24,39.13,37.82,38.87,38.72,345992
2026-09-24,METROBRAND,METRO BRANDS LIMITED,911.1,911.15,878.0,884.55,911.1,63891
2026-09-24,METROGLOBL,METROGLOBAL LTD.,128.4,128.4,128.4,128.4,130.38,200
2026-09-24,METROPOLIS,METROPOLIS HEALTHCARE LTD,583.95,589.9,578.45,582.95,585.5,143495
2026-09-24,MIDWESTLTD,MIDWEST LIMITED,1004.7,1004.7,931.2,942.6,993.4,57422
2026-09-24,MLKFOOD,MILKFOOD LTD.,83.29,84.0,80.54,83.12,82.88,5173
2026-09-24,MILKYMIST,MILKY MIST DAIRY FOOD L,323.0,333.11,305.1,309.16,317.25,9525794
2026-09-24,MINDACORP,MINDA CORPORATION LTD,683.9,687.9,675.05,680.3,689.05,91801
2026-09-24,MINDTECK,MINDTECK (INDIA) LIMITED,159.65,159.99,154.95,155.37,159.65,17903
2026-09-24,ALPHAETF,MIRAEAMC - ALPHAETF,26.56,26.56,26.0,26.03,26.5,573387
2026-09-24,BANKETF,MIRAEAMC - BANKETF,570.73,570.96,565.21,566.53,576.92,36849
2026-09-24,BANKPSU,MIRAEAMC - BANKPSU,84.0,84.14,83.25,83.44,84.16,4131
2026-09-24,CONSUMER,MIRAEAMC - CONSUMER,12.07,12.11,11.58,11.63,11.91,167936
2026-09-24,DEFENCE,MIRAEAMC - DEFENCE,80.68,80.68,78.1,78.32,79.1,136239
2026-09-24,DIVIDEND,MIRAEAMC - DIVIDEND,35.0,35.0,34.67,34.71,35.0,6313
2026-09-24,ENERGY,MIRAEAMC - ENERGY,38.89,38.89,37.59,37.64,38.13,142872
2026-09-24,EQUAL200,MIRAEAMC - EQUAL200,13.98,13.98,13.42,13.42,13.64,37157
2026-09-24,EQUAL50,MIRAEAMC - EQUAL50,317.03,331.66,317.03,320.14,325.16,4296
2026-09-24,EVINDIA,MIRAEAMC - EVINDIA,32.35,32.35,31.3,31.35,31.72,849271
2026-09-24,HEALTHCARE,MIRAEAMC - HEALTHCARE,22.53,22.53,21.75,21.99,22.09,41755
2026-09-24,HYBRIDETF,MIRAEAMC - HYBRIDETF,10.02,10.02,9.94,9.94,10.02,23475
2026-09-24,INFRA,MIRAEAMC - INFRA,11.87,11.87,11.7,11.71,11.87,23762
2026-09-24,INTERNET,MIRAEAMC - INTERNET,15.25,15.25,13.93,14.14,15.03,1864942
2026-09-24,ITETF,MIRAEAMC - ITETF,30.6,30.6,29.81,29.87,30.0,364066
2026-09-24,LARGEMID50,MIRAEAMC - LARGEMID50,35.33,35.35,35.05,35.1,35.61,889
2026-09-24,LIQUID,MIRAEAMC - LIQUID,999.99,1000.0,999.99,999.99,999.99,297034
2026-09-24,LIQUIDPLUS,MIRAEAMC - LIQUIDPLUS,1104.36,1104.51,1104.36,1104.49,1104.36,1037533
2026-09-24,ESG,MIRAEAMC - MAESGETF,39.93,40.02,39.6,39.67,40.29,7060
2026-09-24,MAFANG,MIRAEAMC - MAFANG,238.88,238.88,228.28,231.32,234.14,515916
2026-09-24,BFSI,MIRAEAMC - MAFSETF,26.58,26.75,25.94,26.04,26.58,682471
2026-09-24,GOLDETF,MIRAEAMC - MAGOLDETF,145.82,146.14,145.16,145.32,146.79,675967
2026-09-24,GSEC10YEAR,MIRAEAMC - MAGS813ETF,30.47,30.47,29.91,29.99,30.44,12692
2026-09-24,MAHKTECH,MIRAEAMC - MAHKTECH,22.22,22.22,21.6,21.78,21.86,396306
2026-09-24,MIDCAPETF,MIRAEAMC - MAM150ETF,23.42,23.42,22.98,23.0,23.43,4666905
2026-09-24,MAKEINDIA,MIRAEAMC - MAMFGETF,167.08,167.08,160.68,160.93,163.01,19729
2026-09-24,NIFTYETF,MIRAEAMC - MAN50ETF,253.94,253.94,251.27,251.57,255.42,330384
2026-09-24,LOWVOL,MIRAEAMC - MANV30F,204.09,204.09,197.73,198.01,200.09,1661
2026-09-24,NEXT50,MIRAEAMC - MANXT50,742.72,746.08,737.76,738.93,748.46,30769
2026-09-24,SILVERAG,MIRAEAMC - MASILVER,220.85,222.34,219.63,219.94,224.4,287976
2026-09-24,MASPTOP50,MIRAEAMC - MASPTOP50,99.99,107.31,93.01,96.78,97.56,3529466
2026-09-24,METAL,MIRAEAMC - METAL,13.57,13.57,13.15,13.18,13.4,1750256
2026-09-24,MIDSMALL,MIRAEAMC - MIDSMALL,51.31,51.53,50.9,50.98,51.56,719033
2026-09-24,MOMMIDCAP,MIRAEAMC - MOMMIDCAP,12.98,12.98,12.76,12.79,12.98,2176041
2026-09-24,MULTICAP,MIRAEAMC - MULTICAP,16.86,16.86,16.29,16.31,16.53,598600
2026-09-24,SELECTIPO,MIRAEAMC - SELECTIPO,48.49,48.65,47.46,47.51,48.93,67314
2026-09-24,SENSEXETF,MIRAEAMC - SENSEXETF,77.4,77.4,76.0,76.18,77.37,200011
2026-09-24,SMALL250,MIRAEAMC - SMALL250,18.7,18.7,18.2,18.23,18.5,466744
2026-09-24,SMALLCAP,MIRAEAMC - SMALLCAP,49.02,49.13,48.36,48.51,49.12,2008823
2026-09-24,TOP20,MIRAEAMC - TOP20,8.85,8.85,8.5,8.5,8.65,99666
2026-09-24,VALUE,MIRAEAMC - VALUE,16.14,16.14,15.75,15.78,15.94,15227
2026-09-24,MIRZAINT,MIRZA INTERNATIONAL LIMIT,29.05,29.69,28.8,28.9,29.35,124507
2026-09-24,MIDHANI,MISHRA DHATU NIGAM LTD,415.0,415.7,403.7,406.9,416.2,437136
2026-09-24,MITCON,MITCON CON & ENG SER LTD,88.5,91.98,84.17,89.25,82.62,106676
2026-09-24,MITTAL,MITTAL LIFE STYLE LIMITED,0.75,0.75,0.74,0.74,0.74,653559
2026-09-24,MMFL,MM FORGINGS LTD,610.8,623.2,609.1,612.75,614.65,36723
2026-09-24,MMP,MMP INDUSTRIES LIMITED,465.0,470.4,446.0,453.95,464.8,55173
2026-09-24,MMTC,MMTC LIMITED,60.54,60.6,57.45,57.97,60.47,2102337
2026-09-24,MODTHREAD,MODERN THREADS INDIA LTD,47.0,47.98,46.21,47.24,45.92,5968
2026-09-24,MODINATUR,MODI NATURALS LIMITED,356.2,359.0,331.3,338.5,352.65,8750
2026-09-24,MODIRUBBER,MODI RUBBER LTD,121.51,122.8,119.1,119.99,121.51,2354
2026-09-24,MODIS,MODIS NAVNIRMAN LTD,356.05,368.0,355.55,363.2,356.35,40714
2026-09-24,MOHITIND,MOHIT INDUSTRIES LTD,23.9,23.9,23.21,23.67,23.5,6977
2026-09-24,MOHITE,MOHITE INDUSTRIES LTD.,2.42,2.51,2.36,2.41,2.45,88251
2026-09-24,MOIL,MOIL LIMITED,246.0,250.9,243.75,245.38,248.7,423535
2026-09-24,MOKSH,MOKSH ORNAMENTS LIMITED,10.06,10.18,9.9,9.92,10.13,52068
2026-09-24,MOLBIO,MOLBIO DIAGNOSTICS LTD,1304.2,1321.6,1230.0,1246.2,1313.2,727312
2026-09-24,MOLDTKPAC,MOLD-TEK PACKAGING LTD,681.0,686.0,668.1,672.95,679.95,41100
2026-09-24,MONARCH,MONARCH NETWORTH CAP LTD,358.35,369.9,358.35,365.6,363.45,55606
2026-09-24,MONEYBOXX,MONEYBOXX FINANCE LIMITED,54.96,55.84,52.31,53.9,54.96,35634
2026-09-24,MONTECARLO,MONTE CARLO FASHIONS LTD.,528.8,528.8,515.15,516.5,527.6,61524
2026-09-24,MOREPENLAB,MOREPEN LAB. LTD,121.94,122.57,115.56,116.6,122.35,9209711
2026-09-24,MOSCHIP,MOSCHIP TECHNOLOGIES LTD,204.9,206.28,202.05,203.24,207.32,855867
2026-09-24,MSUMI,MOTHERSON SUMI WRNG IND L,34.75,35.35,34.63,34.7,34.98,13661765
2026-09-24,MOM100,MOTILAL OS MIDCAP100 ETF,68.97,68.97,65.5,65.89,67.29,395664
2026-09-24,MON100,MOTILAL OS NASDAQ100 ETF,328.0,328.39,320.0,322.8,327.37,729468
2026-09-24,MOTILALOFS,MOTILAL OSWAL FIN LTD,1039.1,1044.9,1014.0,1022.0,1042.5,869276
2026-09-24,MOM50,MOTILAL OSWAL M50 ETF,245.0,245.0,240.77,242.03,244.51,3609
2026-09-24,MOGSEC,MOTILALAMC - G5,65.3,65.4,64.51,64.72,65.44,3023
2026-09-24,MOALPHA50,MOTILALAMC - MOALPHA50,55.69,56.49,54.57,55.01,55.69,7125
2026-09-24,MOBANK10,MOTILALAMC - MOBANK10,16.28,16.7,16.25,16.35,16.7,30346
2026-09-24,MOCAPITAL,MOTILALAMC - MOCAPITAL,53.98,54.0,52.88,53.18,53.88,791936
2026-09-24,MODEFENCE,MOTILALAMC - MODEFENCE,103.5,105.0,102.6,102.77,103.76,1300097
2026-09-24,MOENERGY,MOTILALAMC - MOENERGY,38.03,38.03,37.16,37.5,38.02,155453
2026-09-24,MOGOLD,MOTILALAMC - MOGOLD,148.85,148.85,147.3,147.6,149.1,13760
2026-09-24,MOHEALTH,MOTILALAMC - MOHEALTH,53.5,53.5,52.23,52.55,52.8,73646
2026-09-24,MOINFRA,MOTILALAMC - MOINFRA,58.14,58.2,57.47,58.0,58.32,1408
2026-09-24,MOIPO,MOTILALAMC - MOIPO,48.74,48.76,47.37,47.62,48.97,14716
2026-09-24,MOLOWVOL,MOTILALAMC - MOLOWVOL,35.35,35.35,34.89,35.13,35.25,5203
2026-09-24,MOMENTUM50,MOTILALAMC - MOMENTUM50,54.0,54.0,53.26,53.46,54.0,354763
2026-09-24,MOMETAL,MOTILALAMC - MOMETAL,13.34,14.55,13.07,13.95,13.36,15247
2026-09-24,MOMGF,MOTILALAMC - MOMGF,160.8,160.85,158.14,159.4,159.93,310
2026-09-24,MOMIDMTM,MOTILALAMC - MOMIDMTM,64.25,64.25,63.04,63.67,64.22,55321
2026-09-24,MOMNC,MOTILALAMC - MOMNC,31.0,31.61,31.0,31.05,31.61,1346
2026-09-24,MOMOMENTUM,MOTILALAMC - MOMOMENTUM,61.52,61.9,60.9,61.13,61.77,105178
2026-09-24,MON50EQUAL,MOTILALAMC - MON50EQUAL,33.05,33.7,32.05,32.28,33.9,322366
2026-09-24,MONEXT50,MOTILALAMC - MONEXT50,74.14,74.14,71.34,71.55,72.69,23374
2026-09-24,MONIFTY100,MOTILALAMC - MONIFTY100,24.67,24.67,24.4,24.45,24.67,20188
2026-09-24,MONIFTY500,MOTILALAMC - MONIFTY500,24.1,24.1,23.04,23.18,23.52,891865
2026-09-24,MONQ50,MOTILALAMC - MONQ50,182.63,241.52,164.01,209.44,202.92,5727244
2026-09-24,MOOILGAS,MOTILALAMC - MOOILGAS,11.17,11.17,10.87,10.89,11.06,34446
2026-09-24,MOPSE,MOTILALAMC - MOPSE,98.0,98.18,97.56,97.57,98.42,1016
2026-09-24,MOQUALITY,MOTILALAMC - MOQUALITY,194.0,194.26,192.5,193.41,195.28,1308
2026-09-24,MOREALTY,MOTILALAMC - MOREALTY,87.14,88.06,86.21,86.57,87.24,376495
2026-09-24,MOSERVICE,MOTILALAMC - MOSERVICE,29.82,30.01,29.65,29.72,30.38,7848
2026-09-24,MOSILVER,MOTILALAMC - MOSILVER,224.99,225.75,223.15,223.45,227.74,29471
2026-09-24,MOSMALL250,MOTILALAMC - MOSMALL250,18.38,18.48,18.2,18.25,18.48,2054119
2026-09-24,MOTOUR,MOTILALAMC - MOTOUR,77.91,78.25,77.04,77.14,78.33,11220
2026-09-24,MOVALUE,MOTILALAMC - MOVALUE,112.28,112.28,110.41,110.69,111.73,61307
2026-09-24,MOTISONS,MOTISONS JEWELLERS LTD,18.89,19.78,18.6,18.79,18.89,150224923
2026-09-24,MOTOGENFIN,MOTOR & GENERAL FINANCE L,26.0,26.39,25.65,25.7,26.09,13416
2026-09-24,MPHASIS,MPHASIS LIMITED,2230.0,2277.0,2230.0,2248.2,2259.0,151071
2026-09-24,MPSLTD,MPS LIMITED,2694.0,2700.1,2610.1,2617.0,2691.2,8543
2026-09-24,MRF,MRF LTD,124300.0,124480.0,123520.0,123985.0,124580.0,3125
2026-09-24,MRPL,MRPL,165.7,166.9,163.61,164.49,166.32,2717313
2026-09-24,BECTORFOOD,MRS BECTORS FOOD SPE LTD,220.77,221.0,215.0,215.68,219.3,540566
2026-09-24,MSPL,MSP STEEL & POWER LTD.,35.1,35.29,34.6,34.92,35.57,413570
2026-09-24,MSTCLTD,MSTC LIMITED,742.05,757.95,735.0,738.05,752.25,292006
2026-09-24,MUFIN,MUFIN GREEN FINANCE LTD,132.75,132.97,130.4,131.82,133.11,515045
2026-09-24,MUKANDLTD,MUKAND LTD.,157.0,161.4,154.1,155.26,157.11,1025053
2026-09-24,MUKESHB,MUKESH BABU FINANC SER L,126.5,127.0,126.5,127.0,132.98,40
2026-09-24,MCX,MULTI COMMODITY EXCHANGE,3365.0,3477.0,3351.1,3427.7,3374.0,4133428
2026-09-24,MUNJALAU,MUNJAL AUTO IND. LTD.,106.45,106.99,104.32,105.34,107.27,237491
2026-09-24,MUNJALSHOW,MUNJAL SHOWA LTD,132.5,132.9,128.3,128.9,133.44,39135
2026-09-24,MURUDCERA,MURUDESHWAR CERAMICS LTD,29.9,29.9,28.5,28.57,29.06,8117
2026-09-24,RADIOCITY,MUSIC BROADCAST LIMITED,6.14,6.14,5.92,5.98,6.04,40424
2026-09-24,MUTHOOTCAP,MUTHOOT CAP SERV LTD,228.37,233.49,225.0,231.03,227.71,12323
2026-09-24,MUTHOOTFIN,MUTHOOT FINANCE LIMITED,2825.0,2855.0,2808.1,2825.3,2856.5,460320
2026-09-24,MUTHOOTMF,MUTHOOT MICROFIN LIMITED,189.0,189.0,182.5,183.4,189.19,137330
2026-09-24,MVELECTRO,MV ELECTROSYSTEMS LIMITED,867.0,867.0,811.55,818.5,871.6,903917
2026-09-24,NRAIL,N R AGARWAL INDS LTD,659.25,674.95,630.15,637.75,657.9,13942
2026-09-24,NTCIND,N T C INDUSTRIES LTD.,140.0,144.1,137.0,139.02,141.63,193
2026-09-24,NBIFIN,N.B.I. IND. FIN. CO. LTD,1959.3,1959.3,1920.1,1923.7,1948.9,166
2026-09-24,NACLIND,NACL INDUSTRIES LIMITED,139.0,143.2,137.5,139.33,139.23,488457
2026-09-24,NDGL,NAGA DHUNSERI GROUP LTD,2639.9,2645.0,2572.0,2576.0,2579.0,100
2026-09-24,NAGREEKCAP,NAGREEKA CAP & INFR.LTD,29.8,30.0,28.21,29.55,30.2,25722
2026-09-24,NAGREEKEXP,NAGREEKA EXPORTS LTD.,25.35,27.0,23.9,24.02,24.21,381260
2026-09-24,NAHARCAP,NAHAR CAP & FIN.,253.55,253.55,242.55,248.0,252.3,10097
2026-09-24,NAHARINDUS,NAHAR INDS ENT LTD,130.09,132.1,128.1,128.71,131.86,17158
2026-09-24,NAHARPOLY,NAHAR POLY FILMS LIMITED,231.0,235.35,225.0,226.47,228.81,5141
2026-09-24,NAHARSPING,NAHAR SPINNING MILLS LTD.,282.0,283.8,267.8,270.6,277.45,21449
2026-09-24,NGIL,NAKODA GROUP OF IND. LTD,40.17,40.5,39.0,39.33,39.78,1694
2026-09-24,NSIL,NALWA SONS INVESTMENT LTD,5575.0,5621.5,5480.0,5502.0,5624.0,1918
2026-09-24,NDL,NANDAN DENIM LIMITED,2.77,2.8,2.68,2.69,2.76,1208977
2026-09-24,JAIPURKURT,NANDANI CREATION LIMITED,24.95,25.3,24.31,25.26,24.95,7243
2026-09-24,NH,NARAYANA HRUDAYALAYA LTD.,1908.9,1909.9,1870.0,1877.7,1919.3,68468
2026-09-24,NARMADA,NARMADA AGROBASE LIMITED,13.25,13.45,13.06,13.24,13.34,582800
2026-09-24,NATCOPHARM,NATCO PHARMA LTD.,835.0,855.0,832.25,842.0,837.6,524314
2026-09-24,NATHBIOGEN,NATH BIO-GENES (I) LTD,149.5,151.49,148.3,150.21,148.02,8860
2026-09-24,NATIONALUM,NATIONAL ALUMINIUM CO LTD,355.95,361.65,354.4,358.4,363.45,3247810
2026-09-24,NFL,NATIONAL FERT. LTD,67.4,67.4,66.52,66.72,67.84,317524
2026-09-24,NATIONSTD,NATIONAL STAND (INDIA) L,116.0,116.0,109.57,115.11,113.38,20720
2026-09-24,NAVA,NAVA LIMITED,547.05,561.0,546.55,557.0,553.65,276326
2026-09-24,NAVINFLUOR,NAVIN FLUORINE INT. LTD,8400.0,8559.5,8400.0,8461.0,8457.5,58189
2026-09-24,NAVKARCORP,NAVKAR CORPORATION LTD.,87.95,88.94,86.93,87.82,87.94,434942
2026-09-24,NAVKARURB,NAVKAR URBANSTRUCTURE LTD,0.94,0.94,0.91,0.91,0.93,461734
2026-09-24,NAVNETEDUL,NAVNEET EDUCATION LTD,123.5,124.71,121.91,123.4,123.75,137001
2026-09-24,NAZARA,NAZARA TECHNOLOGIES LTD,367.0,380.0,367.0,374.55,372.7,1869672
2026-09-24,NBCC,NBCC (INDIA) LIMITED,83.3,83.68,81.83,82.34,83.99,4925562
2026-09-24,NCC,NCC LIMITED,135.1,135.89,133.0,133.42,136.05,1311315
2026-09-24,NCLIND,NCL INDUSTRIES LIMITED,176.96,178.0,171.9,176.07,176.22,22175
2026-09-24,NDLVENTURE,NDL VENTURES LIMITED,124.06,124.06,121.16,122.25,124.06,1217
2026-09-24,NDRAUTO,NDR AUTO COMPONENTS LTD,752.5,780.0,748.5,754.2,763.15,35359
2026-09-24,NDTV,NDTV LTD,71.96,72.08,69.12,69.93,71.11,65162
2026-09-24,NECLIFE,NECTAR LIFESCIENCES LTD.,11.18,11.18,10.85,10.88,11.06,94617
2026-09-24,NELCAST,NELCAST LIMITED,105.39,110.75,105.39,108.89,106.98,67799
2026-09-24,NELCO,NELCO LTD,1020.0,1030.4,986.5,993.05,1020.75,180049
2026-09-24,NEOGEN,NEOGEN CHEMICALS LIMITED,2390.2,2411.5,2296.7,2326.1,2392.1,231587
2026-09-24,NEPHROPLUS,NEPHROCARE HEALTH SERV L,718.4,718.4,701.0,709.5,741.9,9381845
2026-09-24,NESCO,NESCO LTD.,1062.0,1088.2,1062.0,1073.5,1078.5,23461
2026-09-24,NESTLEIND,NESTLE INDIA LIMITED,1355.7,1386.0,1350.2,1351.0,1387.2,800885
2026-09-24,NETWEB,NETWEB TECH INDIA LTD,4685.0,4719.5,4633.0,4661.5,4736.0,501756
2026-09-24,NPST,NETWORK PEOPLE SRV TECH L,1835.4,1852.2,1775.0,1782.3,1844.7,54106
2026-09-24,NETWORK18,NETWORK18 MEDIA & INV LTD,26.9,27.29,26.62,26.97,27.14,2143083
2026-09-24,NEULANDLAB,NEULAND LAB LTD.,22450.0,22595.0,21800.0,21905.0,22490.0,81922
2026-09-24,NEWGEN,NEWGEN SOFTWARE TECH LTD,498.1,505.1,490.05,493.6,504.15,338272
2026-09-24,NEXTMEDIA,NEXT MEDIAWORKS LIMITED,3.79,3.79,3.61,3.62,3.79,45315
2026-09-24,NGLFINE,NGL FINE CHEM LIMITED,2801.0,2965.0,2760.1,2894.9,2830.4,24655
2026-09-24,NHPC,NHPC LTD,76.17,76.77,75.77,76.25,76.74,8150246
2026-09-24,NIBE,NIBE LIMITED,1348.7,1348.7,1290.0,1297.2,1346.9,47737
2026-09-24,NICCOPAR,NICCO PARKS & RESORTS LTD,77.1,80.89,77.1,80.49,80.0,363
2026-09-24,NIITMTS,NIIT LEARNING SYSTEMS LTD,217.7,221.5,215.0,217.57,220.27,85624
2026-09-24,NIITLTD,NIIT LIMITED,90.41,91.23,89.17,89.9,91.67,115883
2026-09-24,NILAINFRA,NILA INFRASTRUCTURES LTD,7.0,7.39,6.83,7.06,6.82,528500
2026-09-24,NILASPACES,NILA SPACES LIMITED,11.81,11.81,11.38,11.43,11.81,867119
2026-09-24,NILE,NILE LTD.,1430.0,1445.9,1360.0,1388.0,1436.6,6441
2026-09-24,NILKAMAL,NILKAMAL LIMITED,1865.0,1918.4,1865.0,1883.7,1880.2,25578
2026-09-24,NIMBSPROJ,NIMBUS PROJECTS LIMITED,193.96,203.6,187.73,199.44,194.79,36190
2026-09-24,NINSYS,NINTEC SYSTEMS LIMITED,710.0,714.8,703.95,713.05,710.3,1685
2026-09-24,BANKBEES,NIP IND ETF BANK BEES,586.0,586.0,570.93,575.88,585.57,806404
2026-09-24,CONSUMBEES,NIP IND ETF CONSUMPTION,129.78,129.78,126.67,127.1,128.81,40878
2026-09-24,DIVOPPBEES,NIP IND ETF DIV OPP,75.48,75.48,74.0,74.43,74.86,38679
2026-09-24,NV20BEES,NIP IND ETF ETF NV20,135.0,135.18,133.73,134.21,135.55,31301
2026-09-24,GOLDBEES,NIP IND ETF GOLD BEES,124.0,124.28,123.22,123.43,124.73,20039975
2026-09-24,HNGSNGBEES,NIP IND ETF HANGSENG BEES,461.52,462.0,458.05,460.02,461.52,105194
2026-09-24,INFRABEES,NIP IND ETF INFRA BEES,937.79,938.81,924.0,926.98,937.79,12622
2026-09-24,ITBEES,NIP IND ETF IT,32.25,32.25,31.2,31.32,31.47,6899204
2026-09-24,JUNIORBEES,NIP IND ETF JUNIOR BEES,780.62,781.54,772.08,773.76,784.54,322504
2026-09-24,LIQUIDBEES,NIP IND ETF LIQUID BEES,999.99,1000.01,999.99,999.99,1000.0,2147668
2026-09-24,LTGILTBEES,NIP IND ETF LONGTERM GILT,30.0,30.0,29.61,29.62,29.79,1537754
2026-09-24,MID150BEES,NIP IND ETF MIDCAP 150,236.9,236.9,232.42,233.02,237.36,856091
2026-09-24,NIF100BEES,NIP IND ETF NIFTY 100,261.0,261.0,256.01,257.89,261.0,29815
2026-09-24,NIFTYBEES,NIP IND ETF NIFTY BEES,274.0,274.0,263.3,263.99,267.59,8101315
2026-09-24,PSUBNKBEES,NIP IND ETF PSU BANK BEES,95.51,95.51,92.1,92.45,93.19,1171527
2026-09-24,SHARIABEES,NIP IND ETF SHARIAH BEES,437.41,441.8,432.23,433.87,437.41,6880
2026-09-24,NAM-INDIA,NIPPON L I A M LTD,1159.0,1170.6,1130.9,1144.9,1165.0,985413
2026-09-24,LIQGRWBEES,NIPPONAMC - LIQGRWBEES,1056.7,1056.72,1056.7,1056.71,1056.58,45129
2026-09-24,MANUFGBEES,NIPPONAMC - MANUFGBEES,157.2,160.77,157.2,159.0,160.41,39814
2026-09-24,AUTOBEES,NIPPONAMC - NETFAUTO,280.0,281.29,277.0,277.2,280.54,179921
2026-09-24,PHARMABEES,NIPPONAMC - NETFPHARMA,28.58,28.58,27.71,27.8,27.89,4033114
2026-09-24,SILVERBEES,NIPPONAMC - NETFSILVER,217.89,218.43,215.75,215.95,220.26,17227623
2026-09-24,SNXT30BEES,NIPPONAMC - SNXT30BEES,41.98,42.05,41.7,41.75,42.28,3757
2026-09-24,NIRAJ,NIRAJ CEMENT STRUC LTD,28.55,29.51,27.8,29.13,27.99,58167
2026-09-24,NIRLON,NIRLON LTD,612.8,615.0,605.0,607.15,610.05,6139
2026-09-24,NITCO,NITCO LIMITED,91.1,92.38,89.3,90.03,92.38,228235
2026-09-24,NITINSPIN,NITIN SPINNERS LIMITED,613.0,621.5,599.5,605.55,617.8,59443
2026-09-24,NITIRAJ,NITIRAJ ENGINEERS LTD,224.27,228.38,216.02,226.25,228.34,1530
2026-09-24,NITTAGELA,NITTA GELATIN INDIA LTD.,1729.5,1739.9,1691.2,1699.5,1730.2,1116
2026-09-24,NIVABUPA,NIVA BUPA HEALTH INS CO L,78.0,78.69,75.97,76.13,80.23,1747075
2026-09-24,NKIND,NK INDUSTRIES LTD,56.78,60.0,56.78,59.34,56.78,297
2026-09-24,NLCINDIA,NLC INDIA LIMITED,267.0,267.05,261.75,263.25,267.1,1007201
2026-09-24,NMDC,NMDC LTD.,81.1,82.09,80.8,80.82,82.0,5166455
2026-09-24,NSLNISP,NMDC STEEL LIMITED,43.8,44.18,42.43,42.54,43.95,3626151
2026-09-24,NOCIL,NOCIL LIMITED,204.91,204.91,187.0,191.4,206.3,4920382
2026-09-24,NOIDATOLL,NOIDA TOLL BRIDGE CO LTD,3.98,4.01,3.87,3.92,3.93,67357
2026-09-24,NORBTEAEXP,NORBEN TEA & EXPORTS LTD,65.55,68.6,65.55,67.88,65.55,989
2026-09-24,NORTHARC,NORTHERN ARC CAPITAL LTD,307.0,309.95,301.5,303.0,313.8,825722
2026-09-24,NOVAAGRI,NOVA AGRITECH LIMITED,23.4,23.4,22.85,23.01,23.11,45976
2026-09-24,NOVARTIND,NOVARTIS INDIA LIMITED,2027.4,2034.8,1955.0,1971.4,2027.4,30262
2026-09-24,NRBBEARING,NRB BEARING LIMITED,538.0,540.6,526.2,528.9,541.05,342989
2026-09-24,NIBL,NRB INDUS. BEARINGS LTD.,33.98,34.2,32.1,32.61,33.52,47316
2026-09-24,NTPCGREEN,NTPC GREEN ENERGY LIMITED,94.6,95.98,93.36,95.43,95.42,5272785
2026-09-24,NTPC,NTPC LTD,326.95,327.7,324.4,326.6,326.0,7662580
2026-09-24,NUCLEUS,NUCLEUS SOFTWARE EXPORTS,681.05,687.95,673.2,675.15,685.0,9954
2026-09-24,NUVAMA,NUVAMA WEALTH MANAGE LTD,1685.0,1719.9,1671.1,1695.4,1688.2,256618
2026-09-24,NUVOCO,NUVOCO VISTAS CORP LTD,342.95,343.4,333.6,335.0,344.75,259668
2026-09-24,OBCL,OBCL LIMITED,60.27,60.49,58.1,59.42,60.27,16912
2026-09-24,OBEROIRLTY,OBEROI REALTY LIMITED,1815.0,1874.7,1815.0,1837.5,1850.0,468799
2026-09-24,ODIGMA,ODIGMA CONSULTANCY SOL L,21.1,21.11,20.75,20.96,21.1,6093
2026-09-24,ODYCORP,ODYSSEY CORPORATION LTD.,7.27,7.27,6.9,7.02,7.13,11794
2026-09-24,ONGC,OIL AND NATURAL GAS CORP.,235.5,239.0,235.23,239.0,236.9,8493746
2026-09-24,OIL,OIL INDIA LTD,470.55,479.0,469.15,479.0,470.0,1490649
2026-09-24,OLAELEC,OLA ELECTRIC MOBILITY LTD,41.05,44.55,40.91,42.52,41.87,376053325
2026-09-24,OLECTRA,OLECTRA GREENTECH LIMITED,1270.3,1272.7,1240.0,1244.0,1275.9,349647
2026-09-24,OMINFRAL,OM INFRA LIMITED,78.5,79.59,78.05,78.45,78.34,33406
2026-09-24,OMPOWER,OM POWER TRANSMISSION LTD,171.01,171.01,165.05,166.03,170.39,28076
2026-09-24,OMAXAUTO,OMAX AUTOS LTD,214.69,217.2,196.34,201.62,209.94,279300
2026-09-24,OMAXE,OMAXE LIMITED,122.7,123.77,116.91,117.67,123.13,596007
2026-09-24,OMNI,OMNITECH ENGINEERING LTD,550.0,556.15,545.1,547.85,553.7,356073
2026-09-24,PAYTM,ONE 97 COMMUNICATIONS LTD,1768.0,1784.7,1730.3,1735.5,1775.0,3538274
2026-09-24,ONEGLOBAL,ONE GLOBAL SERVICE PROV L,552.0,552.0,528.05,530.9,543.35,8979
2026-09-24,MOBIKWIK,ONE MOBIKWIK SYSTEMS LTD,202.0,206.6,198.26,203.8,202.93,1821686
2026-09-24,ONEPOINT,ONE POINT ONE SOL LTD,70.5,72.4,68.41,69.31,68.41,5430134
2026-09-24,KISSHT,ONEMI TECHNOLOGY SOL LTD,351.0,351.0,335.1,337.3,355.15,1679730
2026-09-24,ONESOURCE,ONESOURCE SPECL PHARMA L,1596.5,1605.0,1579.2,1594.6,1596.7,104912
2026-09-24,ONIDA,ONIDA ELECTRONICS LIMITED,34.0,34.63,33.16,33.28,34.3,209547
2026-09-24,ONIXSOLAR,ONIX SOLAR ENERGY LTD.,291.2,321.8,291.2,321.8,306.5,455503
2026-09-24,ONWARDTEC,ONWARD TECHNOLOGIES LTD,288.1,291.35,284.9,287.25,294.0,15168
2026-09-24,OPTIEMUS,OPTIEMUS INFRACOM LTD,820.0,820.0,771.0,781.5,828.35,1597081
2026-09-24,OPTIFIN,OPTIMUS FINANCE LTD.,15.41,15.98,14.51,14.98,15.46,166891
2026-09-24,OFSS,ORACLE FIN SERV SOFT LTD.,10600.0,10995.0,10600.0,10925.0,10849.0,142508
2026-09-24,ORCHASP,ORCHASP LIMITED,1.39,1.4,1.35,1.35,1.37,80865
2026-09-24,ORCHPHARMA,ORCHID PHARMA LIMITED,1100.0,1141.0,1088.05,1096.15,1102.05,139255
2026-09-24,ORICONENT,ORICON ENTERPRISES LTD,54.37,54.37,51.2,51.77,53.84,21083
2026-09-24,ORIENTBELL,ORIENT BELL LIMITED,393.7,393.7,387.55,391.05,391.5,8776
2026-09-24,ORIENTCEM,ORIENT CEMENT LTD.,124.7,124.7,122.02,122.32,124.89,330197
2026-09-24,ORIENTCER,ORIENT CERATECH LIMITED,47.7,47.99,45.5,46.83,47.7,81986
2026-09-24,ORIENTELEC,ORIENT ELECTRIC LIMITED,168.0,168.0,163.3,163.98,168.08,132569
2026-09-24,GREENPOWER,ORIENT GREEN POWER CO LTD,9.1,9.11,8.98,9.0,9.08,1935904
2026-09-24,ORIENTHOT,ORIENT HOTELS LTD,144.3,144.3,139.15,140.41,143.58,422911
2026-09-24,ORIENTPPR,ORIENT PAPER AND INDS LTD,16.94,17.04,16.7,16.8,16.9,136291
2026-09-24,ORIENTTECH,ORIENT TECHNOLOGIES LTD,241.95,243.97,234.1,235.2,238.06,130674
2026-09-24,OAL,ORIENTAL AROMATICS LTD,555.6,555.6,531.0,532.3,558.35,26526
2026-09-24,ORIRAIL,ORIENTAL RAIL INFRA L,127.8,127.95,124.04,125.17,126.81,52651
2026-09-24,ORIENTALTL,ORIENTAL TRIMEX LTD,4.94,5.04,4.92,4.96,4.96,56769
2026-09-24,ORISSAMINE,ORISSA MIN DEV CO LTD,3780.5,3830.0,3701.1,3716.9,3841.2,9457
2026-09-24,ORKLAINDIA,ORKLA INDIA LIMITED,562.8,562.8,543.0,545.95,557.45,91120
2026-09-24,ORTINGLOBE,ORTIN GLOBAL LIMITED,15.29,15.3,14.63,14.75,15.1,6081
2026-09-24,OSWALAGRO,OSWAL AGRO MILLS LTD,34.55,34.99,33.81,33.88,34.96,21272
2026-09-24,OSWALGREEN,OSWAL GREENTECH LIMITED,20.08,20.26,19.86,19.9,20.2,37809
2026-09-24,OSWALPUMPS,OSWAL PUMPS LIMITED,285.95,285.95,278.0,280.25,284.25,384808
2026-09-24,PBMPOLY,P B M POLYTEX LTD.,63.68,63.68,63.68,63.68,63.68,151
2026-09-24,PNGJL,P N GADGIL JEWELLERS LTD,604.95,604.95,586.55,591.2,605.0,317687
2026-09-24,POEL,P O C L ENTERPRISES LTD.,140.56,153.0,138.61,146.7,140.57,53141
2026-09-24,PGHH,P&G HYGIENE & HEALTH CARE,7193.5,7199.0,7068.5,7093.0,7193.5,17683
2026-09-24,PACEDIGITK,PACE DIGITEK LIMITED,167.0,169.0,164.0,167.36,169.39,673951
2026-09-24,PACIFICI,PACIFIC INDUSTRIES LTD.,136.0,140.0,129.99,136.14,142.34,963
2026-09-24,PAGEIND,PAGE INDUSTRIES LTD,37015.0,37705.0,37010.0,37500.0,37340.0,16407
2026-09-24,PAISALO,PAISALO DIGITAL LIMITED,89.94,92.9,87.8,89.45,90.39,11349620
2026-09-24,PAKKA,PAKKA LIMITED,77.0,77.49,75.26,76.25,77.15,90009
2026-09-24,PALASHSECU,PALASH SECURITIES LTD,87.99,87.99,84.05,84.11,85.69,2652
2026-09-24,PALREDTEC,PALRED TECHNOLOGIES LTD,45.2,49.0,45.2,46.09,46.73,1880
2026-09-24,PANACEABIO,PANACEA BIOTEC LTD,380.0,383.2,372.25,374.75,381.75,42969
2026-09-24,PANAMAPET,PANAMA PETROCHEM LTD,478.0,485.35,475.2,480.6,480.7,110951
2026-09-24,PANCHMAHQ,PANCHMAHAL STEEL LTD.,324.4,324.4,290.0,305.0,290.95,510
2026-09-24,PANORAMA,PANORAMA STUDIOS INTL. L,56.8,59.9,55.81,59.15,56.87,759790
2026-09-24,PANSARI,PANSARI DEVELOPERS LTD,276.0,288.0,276.0,286.9,277.0,23
2026-09-24,PARADEEP,PARADEEP PHOSPHATES LTD,153.26,156.08,152.52,154.5,154.26,1395578
2026-09-24,PARAGMILK,PARAG MILK FOODS LTD.,267.9,267.9,256.55,258.4,268.9,1619666
2026-09-24,PARACABLES,PARAMOUNT COMM LTD,61.1,62.77,59.6,60.15,62.29,1840758
2026-09-24,PARAS,PARAS DEF AND SPCE TECH L,1370.0,1378.4,1331.0,1343.4,1381.2,451551
2026-09-24,PARASPETRO,PARAS PETROFILS LTD.,2.08,2.13,2.07,2.08,2.08,67041
2026-09-24,PARKHOSPS,PARK MEDI WORLD LIMITED,286.55,287.75,284.2,285.0,286.55,300078
2026-09-24,PARKHOTELS,PARKHOTELS,106.29,107.11,104.7,105.23,106.29,105567
2026-09-24,PARNAXLAB,PARNAX LAB LTD.,121.23,125.22,119.4,123.86,128.73,1984
2026-09-24,PASHUPATI,PASHUPATI COTSPIN LIMITED,80.69,80.75,78.56,78.94,80.39,78056
2026-09-24,PASUPTAC,PASUPATI ACRYLON LIMITED,80.49,80.49,75.25,76.25,79.82,435657
2026-09-24,PATANJALI,PATANJALI FOODS LIMITED,405.0,409.9,402.6,404.85,409.45,3161150
2026-09-24,PATELENG,PATEL ENGINEERING LTD.,27.15,28.07,26.82,27.68,27.27,4700126
2026-09-24,PATINTLOG,PATEL INT. LOG. LTD,14.42,14.47,13.8,14.01,14.42,80517
2026-09-24,PATELRMART,PATEL RETAIL LIMITED,210.1,210.1,203.12,207.03,210.33,117165
2026-09-24,PML,PAUL MERCHANTS LTD.,490.85,490.85,471.1,483.85,486.0,753
2026-09-24,PAUSHAKLTD,PAUSHAK LIMITED,688.0,695.0,661.65,669.85,687.2,51906
2026-09-24,PAVNAIND,PAVNA INDUSTRIES LIMITED,15.12,15.79,15.0,15.29,15.5,54956
2026-09-24,POLICYBZR,PB FINTECH LIMITED,1697.7,1697.7,1207.2,1207.2,1886.3,27348784
2026-09-24,PCJEWELLER,PC JEWELLER LTD,14.61,14.65,14.01,14.25,14.47,473639166
2026-09-24,PCBL,PCBL CHEMICAL LIMITED,341.0,346.7,337.0,338.6,345.45,957134
2026-09-24,PDSL,PDS LIMITED,358.55,361.25,354.9,359.65,361.4,54408
2026-09-24,PGIL,PEARL GLOBAL IND LIMITED,1294.9,1328.7,1264.9,1273.6,1300.8,292394
2026-09-24,PEARLPOLY,PEARL POLYMERS LTD,19.31,19.31,18.72,18.72,19.7,8216
2026-09-24,PENINLAND,PENINSULA LAND LIMITED,17.45,17.45,16.51,16.58,17.38,230786
2026-09-24,PENIND,PENNAR INDUSTRIES LTD,183.31,184.9,177.4,178.75,183.31,606333
2026-09-24,PERMAGN,PERMANENT MAGNETS LTD.,840.85,849.15,829.85,847.7,832.5,2167
2026-09-24,PERSISTENT,PERSISTENT SYSTEMS LTD,5188.0,5345.0,5188.0,5277.0,5240.0,411640
2026-09-24,PETRONET,PETRONET LNG LIMITED,285.0,288.1,283.3,286.6,285.85,1049770
2026-09-24,PFIZER,PFIZER LTD,4029.9,4060.0,3998.9,4046.2,4025.5,18668
2026-09-24,PGEL,PG ELECTROPLAST LTD,519.7,524.75,512.0,514.45,521.15,732431
2026-09-24,PHOENXINTL,PHOENIX INTERNATIONAL LTD,28.5,28.9,27.81,28.33,28.16,3567
2026-09-24,PWL,PHYSICSWALLAH LIMITED,135.0,135.5,131.64,132.64,136.11,3851869
2026-09-24,PIIND,PI INDUSTRIES LTD,2386.0,2410.0,2365.3,2393.5,2386.0,115568
2026-09-24,PICCADIL,PICCADILY AGRO INDUSTRI L,621.5,621.5,599.0,601.55,621.6,128361
2026-09-24,PIDILITIND,PIDILITE INDUSTRIES LTD,1561.0,1579.0,1517.5,1522.0,1588.1,1259222
2026-09-24,PILITA,PIL ITALICA LIFESTYLE LTD,7.53,7.79,7.35,7.47,7.43,19377
2026-09-24,PILANIINVS,PILANI INV & IND COR LTD,4007.3,4065.0,3992.1,4007.1,4041.8,1420
2026-09-24,PINELABS,PINE LABS LIMITED,187.05,187.3,177.65,179.31,188.3,32802728
2026-09-24,PIONEEREMB,PIONEER EMBROIDERIES LTD,21.85,22.9,21.6,21.7,22.24,3471
2026-09-24,PIRAMALFIN,PIRAMAL FINANCE LIMITED,1781.2,2200.8,1781.2,2104.3,2226.5,879880
2026-09-24,PPLPHARMA,PIRAMAL PHARMA LIMITED,210.65,214.89,207.1,208.12,210.74,4373651
2026-09-24,PITTIENG,PITTI ENGINEERING LIMITED,1168.0,1179.0,1140.0,1161.0,1167.1,101695
2026-09-24,PIXTRANS,PIX TRANSMISSIONS LIMITED,1737.0,1768.0,1721.6,1745.8,1758.7,8779
2026-09-24,PLASTIBLEN,PLASTIBLENDS INDIA LTD,187.0,194.27,187.0,189.71,187.5,29339
2026-09-24,PLATIND,PLATINUM INDUSTRIES LTD,217.0,217.0,211.0,213.33,216.58,54033
2026-09-24,PLAZACABLE,PLAZA WIRES LIMITED,63.0,63.0,60.5,60.69,62.84,63063
2026-09-24,PNBGILTS,PNB GILTS LIMITED,76.2,76.49,75.01,75.35,76.33,249579
2026-09-24,PNBHOUSING,PNB HOUSING FIN LTD.,1130.0,1135.1,1085.7,1094.5,1138.5,598730
2026-09-24,PNCINFRA,PNC INFRATECH LTD.,139.0,139.17,135.25,136.72,139.17,1211443
2026-09-24,PNC,PNC MEDIA AND ENT LTD,17.05,17.33,16.4,16.62,17.33,6240
2026-09-24,PNGSREVA,PNGS REVA DIAMOND JEWEL L,525.0,527.1,511.0,523.85,525.95,80424
2026-09-24,PODDARMENT,PODDAR PIGMENTS LIMITED,278.6,288.95,274.0,275.15,281.8,4006
2026-09-24,POKARNA,POKARNA LIMITED,736.0,739.95,724.6,729.05,741.05,39133
2026-09-24,POLYMED,POLY MEDICURE LIMITED,1720.1,1772.0,1710.1,1716.0,1726.6,114079
2026-09-24,POLYCAB,POLYCAB INDIA LIMITED,8371.0,8420.0,8324.0,8366.5,8417.0,237772
2026-09-24,POLYPLEX,POLYPLEX CORPORATION LTD,1117.1,1117.1,1092.7,1097.4,1117.1,17239
2026-09-24,POLYSPIN,POLYSPIN EXPORTS LTD.,36.49,36.49,29.33,30.35,30.78,13108
2026-09-24,POCL,PONDY OXIDES & CHEM LTD,487.0,487.0,463.5,468.85,487.4,459994
2026-09-24,PONNIERODE,PONNIE SUGARS (ERODE) LTD,375.0,390.45,374.0,380.6,375.25,46615
2026-09-24,POONAWALLA,POONAWALLA FINCORP LTD,470.1,474.3,463.45,466.8,478.85,1114308
2026-09-24,PVSL,POPULAR VEHICLES N SER L,98.0,99.7,98.0,98.62,98.71,15179
2026-09-24,PFC,POWER FIN CORP LTD.,343.85,345.1,338.0,339.35,346.0,7953489
2026-09-24,POWERGRID,POWER GRID CORP. LTD.,270.4,270.9,265.75,266.4,270.2,8968993
2026-09-24,PIGL,POWER INSTRUMENT (G) LTD,99.7,104.5,98.01,102.63,99.92,99510
2026-09-24,POWERMECH,POWER MECH PROJECTS LTD.,2440.0,2460.0,2415.1,2429.5,2453.5,22575
2026-09-24,POWERICA,POWERICA LIMITED,565.25,580.0,554.95,562.85,570.85,121712
2026-09-24,PRABHA,PRABHA ENERGY LIMITED,234.71,234.71,223.4,225.76,234.8,63514
2026-09-24,PRAJIND,PRAJ INDUSTRIES LTD,316.0,319.9,314.55,316.1,320.15,328703
2026-09-24,PRAENG,PRAJAY ENG. SYN. LTD.,21.0,24.13,20.7,22.86,21.38,127589
2026-09-24,PRAKASH,PRAKASH INDUSTRIES LTD,118.52,119.59,116.0,117.68,119.79,1135105
2026-09-24,PRAKASHSTL,PRAKASH STEELAGE LTD,3.79,3.8,3.65,3.68,3.72,50041
2026-09-24,PRANAV,PRANAV CONSTRUCTIONS LTD,104.0,105.0,99.55,100.19,105.85,2925323
2026-09-24,PRASOLCHEM,PRASOL CHEMICALS LIMITED,737.0,750.9,713.1,720.7,740.9,250318
2026-09-24,DIAMONDYD,PRATAAP SNACKS LIMITED,1100.6,1100.6,1053.1,1065.3,1088.0,8496
2026-09-24,PRAVEG,PRAVEG LTD.,259.15,263.4,255.05,259.3,261.05,33460
2026-09-24,PRAXIS,PRAXIS HOME RETAIL LTD,4.42,4.49,4.1,4.45,4.28,64541
2026-09-24,PRECAM,PRECISION CAMSHAFTS LTD.,121.6,125.0,119.01,119.99,122.11,146953
2026-09-24,PRECWIRE,PRECISION WIRES INDIA LTD,494.0,503.0,485.1,488.9,498.85,316420
2026-09-24,PRECOT,PRECOT LIMITED,647.85,647.85,632.05,634.45,646.9,3735
2026-09-24,PREMCO,PREMCO GLOBAL LTD.,400.75,409.9,400.05,402.3,400.75,528
2026-09-24,PREMIERENE,PREMIER ENERGIES LIMITED,901.5,910.0,885.0,898.0,915.0,1038026
2026-09-24,PREMEXPLN,PREMIER EXPLOSIVES LTD,675.0,686.0,675.0,680.5,675.15,405163
2026-09-24,PREMIERPOL,PREMIER POLYFILM LTD,98.0,106.0,93.2,100.51,96.72,6670334
2026-09-24,PRESTIGE,PRESTIGE ESTATE LTD,1469.1,1495.8,1463.1,1475.0,1490.0,286757
2026-09-24,PRICOLLTD,PRICOL LIMITED,762.0,772.75,748.05,763.8,763.65,322125
2026-09-24,PFOCUS,PRIME FOCUS LIMITED,329.0,335.0,315.0,318.75,337.15,4097678
2026-09-24,PRIMESECU,PRIME SECURITIES LIMITED,294.5,300.1,294.5,299.7,296.35,50758
2026-09-24,PRIMO,PRIMO CHEMICALS LIMITED,23.05,23.05,22.1,22.29,22.92,85789
2026-09-24,PRINCEPIPE,PRINCE PIPES FITTINGS LTD,263.5,266.05,258.75,259.8,265.75,81141
2026-09-24,PRIORITY,PRIORITY JEWELS LIMITED,270.6,312.9,265.05,303.99,263.35,2319891
2026-09-24,PRSMJOHNSN,PRISM JOHNSON LIMITED,115.5,116.43,114.75,115.24,116.43,186625
2026-09-24,PRISMX,PRISMX GLOBAL VENTURES L,0.53,0.53,0.51,0.51,0.53,187552
2026-09-24,PRITI,PRITI INTERNATIONAL LTD,33.99,33.99,32.27,32.61,33.17,2736
2026-09-24,PRIVISCL,PRIVI SPECIALITY CHE LTD,3476.9,3553.0,3461.9,3537.9,3483.8,125259
2026-09-24,PGHL,PROCTER & GAMBLE HEALTH L,5434.5,5514.0,5405.0,5416.5,5452.0,7525
2026-09-24,PROSTARM,PROSTARM INFO SYSTEMS LTD,134.6,144.8,134.6,139.26,138.08,1007492
2026-09-24,PROTEAN,PROTEAN EGOV TECHNO LTD,634.75,670.35,622.2,641.95,636.2,2739934
2026-09-24,PROZONER,PROZONE REALTY LIMITED,51.47,55.87,51.47,54.16,52.19,667907
2026-09-24,PRUDENT,PRUDENT CORP ADV SER LTD,3290.0,3292.5,3211.0,3219.6,3352.7,27031
2026-09-24,PRUDMOULI,PRUDENTIAL SUGAR CORPORAT,14.4,14.4,13.21,13.67,13.8,1726
2026-09-24,PSPPROJECT,PSP PROJECTS LIMITED,829.9,829.9,800.0,802.6,832.55,85398
2026-09-24,PFS,PTC INDIA FIN SERV LTD,26.7,27.09,26.37,26.93,26.72,857717
2026-09-24,PTC,PTC INDIA LIMITED,156.9,157.79,155.26,155.89,157.08,1398404
2026-09-24,PTCIL,PTC INDUSTRIES LIMITED,22300.0,22375.0,21630.0,21820.0,22355.0,11033
2026-09-24,PTL,PTL ENTERPRISES LTD,38.24,38.4,38.05,38.19,38.18,22131
2026-09-24,PDMJEPAPER,PUDUMJEE PAPER PRO. LTD,98.0,98.0,94.76,95.45,98.27,184459
2026-09-24,PSB,PUNJAB & SIND BANK,22.0,22.0,21.7,21.78,22.1,748966
2026-09-24,PUNJABCHEM,PUNJAB CHEM & CROP PROT L,1065.0,1065.0,1043.8,1054.1,1064.9,1979
2026-09-24,PNB,PUNJAB NATIONAL BANK,117.25,118.67,117.06,117.12,118.3,10755825
2026-09-24,PURVA,PURAVANKARA LIMITED,213.52,217.34,211.7,215.06,216.82,149647
2026-09-24,PERNIASPOP,PURPLE STYLE LABS LIMITED,543.0,545.25,527.1,530.4,549.05,28951
2026-09-24,PVP,PVP VENTURES LIMITED,68.21,72.04,65.18,65.2,68.61,4027491
2026-09-24,PVRINOX,PVR INOX LIMITED,1295.1,1310.0,1251.0,1256.7,1317.5,673506
2026-09-24,PYRAMID,PYRAMID TECHNOPLAST LTD,160.5,165.0,156.92,161.52,159.33,66073
2026-09-24,QUADFUTURE,QUADRANT FUTURE TEK LTD,521.0,521.95,497.05,500.4,526.55,327499
2026-09-24,QPOWER,QUALITY POWER ELEC EQUP L,1548.2,1560.0,1492.0,1500.1,1555.6,304777
2026-09-24,QGOLDHALF,QUANTUM GOLD ETF,124.89,124.89,123.57,123.65,124.98,90015
2026-09-24,QNIFTY,QUANTUM NIFTY 50 ETF,256.4,257.03,254.4,254.69,258.62,3315
2026-09-24,SILVER001,QUANT_AMC - SILVER001,23.55,23.55,22.76,22.82,23.19,80732
2026-09-24,QUESS,QUESS CORP LIMITED,355.0,361.0,345.05,353.4,359.0,330356
2026-09-24,QUICKHEAL,QUICK HEAL TECH LTD,151.8,152.49,146.01,147.9,151.57,149055
2026-09-24,RKSWAMY,R K SWAMY LIMITED,93.95,94.39,91.01,91.72,92.45,46656
2026-09-24,RRIL,R R I L LTD.,16.1,16.26,15.75,16.17,16.04,10313
2026-09-24,RRKABEL,R R KABEL LIMITED,2462.7,2545.1,2460.0,2529.8,2476.7,356342
2026-09-24,RSYSTEMS,R SYS INTERNATIONAL LTD,239.17,241.51,236.13,237.43,239.6,145166
2026-09-24,RTSPOWR,R T S POWER CORPN. LTD.,85.05,91.85,85.05,87.16,89.0,757
2026-09-24,RSSOFTWARE,R. S. SOFTWARE (INDIA) LI,32.39,33.5,31.05,31.24,32.39,27801
2026-09-24,RPPINFRA,R.P.P INFRA PROJECTS LTD,54.3,55.0,54.0,54.41,55.05,22062
2026-09-24,RACE,RACE ECO CHAIN LIMITED,120.2,122.89,114.0,115.98,122.91,76549
2026-09-24,RACLGEAR,RACL GEARTECH LIMITED,1683.0,1710.0,1651.2,1679.8,1689.6,29143
2026-09-24,RADAAN,RADAAN MEDIAWORKS (I) LTD,3.13,3.49,3.02,3.1,3.13,317163
2026-09-24,RADIANTCMS,RADIANT CASH MGMT SER LTD,35.5,35.9,35.0,35.61,35.54,139012
2026-09-24,RADICO,RADICO KHAITAN LTD,4589.1,4598.1,4475.0,4481.3,4601.9,227909
2026-09-24,RPEL,RAGHAV PRODUCTIVITY ENH L,1694.5,1745.9,1669.6,1698.4,1711.7,49456
2026-09-24,RVNL,RAIL VIKAS NIGAM LIMITED,209.75,210.1,205.26,206.0,211.77,2862163
2026-09-24,RAILTEL,RAILTEL CORP OF IND LTD,265.0,266.55,260.1,261.55,268.75,365253
2026-09-24,RAIN,RAIN INDUSTRIES LIMITED,218.25,224.09,216.42,218.23,221.86,4226826
2026-09-24,RAINBOW,RAINBOW CHILDRENS MED LTD,1401.0,1415.0,1372.3,1412.6,1406.5,239564
2026-09-24,ROML,RAJ OIL MILLS LIMITED,41.55,42.0,41.21,41.87,41.87,1600
2026-09-24,RAJTV,RAJ TV NETWORK LTD,9.77,10.25,9.77,10.25,9.77,137056
2026-09-24,RAJPALAYAM,RAJAPALAYAM MILLS LTD.,760.0,777.95,758.0,767.9,790.45,508
2026-09-24,ARENTERP,RAJDARSHAN INDUSTRIES LTD,34.5,34.8,33.1,34.77,34.98,282
2026-09-24,RAJMET,RAJNANDINI METAL LIMITED,3.13,3.18,3.09,3.12,3.12,235422
2026-09-24,RSL,RAJPUTANA STAINLESS LTD,184.0,187.5,180.72,181.92,184.02,228791
2026-09-24,RAJRATAN,RAJRATAN GLOBAL WIRE LTD,478.0,480.5,469.05,472.05,483.2,65143
2026-09-24,RAJSREESUG,RAJSHREE SUGAR & CHEMICAL,32.0,33.25,31.3,31.57,32.0,20368
2026-09-24,RALLIS,RALLIS INDIA LTD,202.0,202.0,199.6,200.36,202.62,548828
2026-09-24,RAMRAT,RAM RATNA WIRES LIMITED,559.75,559.75,538.3,548.4,558.65,133797
2026-09-24,RAMAPHO,RAMA PHOSPHATES LIMITED,124.9,124.9,121.1,122.49,123.21,11509
2026-09-24,RAMCOIND,RAMCO INDUSTRIES LIMITED,326.0,326.0,317.55,321.8,325.95,36329
2026-09-24,RAMCOSYS,RAMCO SYSTEMS LTD.,594.0,597.45,575.55,581.35,598.0,48525
2026-09-24,RKFORGE,RAMKRISHNA FORGINGS LTD,705.5,720.85,701.0,709.55,710.2,397737
2026-09-24,RAMKY,RAMKY INFRA LTD,324.05,324.05,308.85,310.15,325.15,90295
2026-09-24,RANASUG,RANA SUGARS LTD.,14.14,14.14,13.77,13.86,14.06,644335
2026-09-24,RML,RANE (MADRAS) LIMITED,1356.7,1395.0,1337.1,1362.8,1356.7,112125
2026-09-24,RANEHOLDIN,RANE HOLDINGS LIMITED,1596.0,1596.0,1560.6,1590.7,1591.9,6742
2026-09-24,RPTECH,RASHI PERIPHERALS LIMITED,881.8,896.7,873.0,883.5,898.7,177454
2026-09-24,RCF,RASHTRIYA CHEMICALS & FER,108.9,109.15,108.0,108.4,109.63,649262
2026-09-24,RATEGAIN,RATEGAIN TRAVEL TECHN LTD,848.0,853.0,820.0,824.0,851.8,229457
2026-09-24,RATNAMANI,RATNAMANI MET & TUB LTD.,2798.0,2838.0,2771.0,2824.2,2800.8,25738
2026-09-24,RATNAVEER,RATNAVEER PRECISION ENG L,333.6,335.95,322.35,323.95,331.4,2762101
2026-09-24,RTNINDIA,RATTANINDIA ENT LIMITED,27.5,27.51,26.24,26.57,27.45,1099558
2026-09-24,RTNPOWER,RATTANINDIA POWER LIMITED,7.11,7.12,7.0,7.02,7.11,13603465
2026-09-24,RKDL,RAVI KUMAR DIST. LTD.,18.77,18.77,18.26,18.66,18.49,7008
2026-09-24,RVHL,RAVINDER HEIGHTS LIMITED,39.69,39.69,37.53,38.83,39.48,27826
2026-09-24,RELTD,RAVINDRA ENERGY LIMITED,155.4,158.9,145.8,146.32,149.36,417879
2026-09-24,RAYMONDLSL,RAYMOND LIFESTYLE LIMITED,674.05,720.0,670.75,688.85,677.45,832796
2026-09-24,RAYMOND,RAYMOND LTD,1114.65,1221.0,1100.0,1203.85,1114.65,7466499
2026-09-24,RAYMONDREL,RAYMOND REALTY LIMITED,664.6,717.0,662.5,708.3,671.45,18194912
2026-09-24,MOMSBELIEF,RAYS OF BELIEF LIMITED,224.0,234.98,221.0,222.44,227.7,114208
2026-09-24,RBLBANK,RBL BANK LIMITED,416.5,423.2,409.1,412.75,428.0,7315903
2026-09-24,RRECL,RDB REAL ESTATE CONS L,130.0,136.9,124.0,133.12,137.0,298
2026-09-24,RECLTD,REC LIMITED,309.85,310.85,307.2,308.25,311.5,5871620
2026-09-24,REDINGTON,REDINGTON LIMITED,396.9,409.8,395.6,406.4,400.75,4726104
2026-09-24,REDTAPE,REDTAPE LIMITED,120.0,122.99,118.33,122.13,121.1,829244
2026-09-24,REFEX,REFEX INDUSTRIES LIMITED,285.0,287.7,282.0,283.35,286.65,192387
2026-09-24,REGAAL,REGAAL RESOURCES LIMITED,94.56,96.5,89.02,90.61,94.56,1558224
2026-09-24,REGENCERAM,REGENCY CERAMICS LTD.,35.0,35.0,33.22,34.78,34.89,1189
2026-09-24,RELAXO,RELAXO FOOT LTD.,298.3,298.3,290.5,291.7,298.3,142551
2026-09-24,GILT5YBEES,RELCAPAMC - NETFGILT5Y,66.05,66.05,65.65,65.84,66.05,383916
2026-09-24,RELIABLE,RELIABLE DATA SERVICE LTD,147.5,149.5,144.01,147.95,145.7,15260
2026-09-24,RELCHEMQ,RELIANCE CHEMOTEX IND LTD,117.71,119.0,115.1,118.41,117.71,1306
2026-09-24,RIIL,RELIANCE INDUSTRIAL INFRA,719.0,719.0,700.6,703.45,719.95,41538
2026-09-24,RELIANCE,RELIANCE INDUSTRIES LTD,1236.6,1241.6,1219.2,1219.2,1248.0,13923795
2026-09-24,RPOWER,RELIANCE POWER LTD.,21.0,21.01,20.58,20.67,21.03,12599620
2026-09-24,IVZBANKNF,RELIGARAMC - IVZBANKNF,55.71,55.8,55.35,55.43,56.53,4530
2026-09-24,IVZSENSEX,RELIGARAMC - IVZSENSEX,76.51,76.51,73.83,73.96,75.11,586
2026-09-24,RELIGARE,RELIGARE ENTER. LTD.,246.75,251.0,240.1,240.32,251.77,861682
2026-09-24,REMSONSIND,REMSONS INDUSTRIES LTD,102.5,113.39,101.52,111.12,99.87,1520482
2026-09-24,RGL,RENAISSANCE GLOBAL LTD,170.49,173.0,164.12,166.3,170.48,1450286
2026-09-24,RENTOMOJO,RENTOMOJO LIMITED,517.6,523.15,496.0,501.9,521.35,2577386
2026-09-24,REPCOHOME,REPCO HOME FINANCE LTD,354.3,357.75,350.0,352.45,355.85,44419
2026-09-24,REPRO,REPRO INDIA LIMITED,302.85,306.0,299.0,302.2,301.35,3630
2026-09-24,RESPONIND,RESPONSIVE INDUSTRIES LTD,162.0,163.8,156.35,158.02,162.24,176568
2026-09-24,RBA,RESTAURANT BRAND ASIA LTD,94.5,94.74,89.73,90.65,94.86,2714662
2026-09-24,RVTH,REVATHI EQUIPMENT INDIA L,642.05,696.8,641.95,661.0,641.15,754
2026-09-24,RHETAN,RHETAN TMT LIMITED,15.96,15.96,15.96,15.96,16.79,738428
2026-09-24,RHIM,RHI MAGNESITA INDIA LTD,385.0,386.75,380.0,383.8,388.85,551183
2026-09-24,RICOAUTO,RICO AUTO INDUSTRIES LTD,129.0,133.74,127.29,130.67,129.23,1542883
2026-09-24,RIR,RIR POWER ELECTRONICS L,187.99,191.21,182.22,184.03,189.75,636443
2026-09-24,RISHABH,RISHABH INSTRUMENTS LTD,735.0,746.9,697.1,704.55,738.95,128028
2026-09-24,RITCO,RITCO LOGISTICS LIMITED,292.5,298.7,285.0,286.1,289.75,114579
2026-09-24,RITES,RITES LIMITED,203.03,203.69,201.0,201.74,204.05,329723
2026-09-24,RKEC,RKEC PROJECTS LIMITED,19.67,22.84,18.8,22.84,19.04,234560
2026-09-24,RMC,RMC SWITCHGEARS LIMITED,221.93,223.15,215.0,216.75,221.94,13798
2026-09-24,RHL,ROBUST HOTELS LIMITED,173.0,179.0,170.25,177.76,173.1,462
2026-09-24,ROLEXRINGS,ROLEX RINGS LIMITED,183.58,184.34,178.91,181.41,183.58,1604576
2026-09-24,ROSSARI,ROSSARI BIOTECH LIMITED,451.3,451.4,441.5,446.5,454.8,46736
2026-09-24,ROSSELLIND,ROSSELL INDIA LIMITED,51.25,52.29,51.07,51.73,52.03,21996
2026-09-24,ROSSTECH,ROSSELL TECHSYS LIMITED,1440.1,1473.5,1409.3,1418.9,1449.8,111226
2026-09-24,ROTO,ROTO PUMPS LIMITED,62.98,66.23,62.32,63.77,63.13,1667390
2026-09-24,ROUTE,ROUTE MOBILE LIMITED,470.9,471.45,463.0,464.3,473.25,110981
2026-09-24,ROHLTD,ROYAL ORCHID HOTELS LTD,309.75,309.75,302.0,304.0,309.75,11622
2026-09-24,RPGLIFE,RPG LIFE SCIENCES LTD,3040.0,3040.6,2880.6,2899.9,3025.4,62443
2026-09-24,RPSGVENT,RPSG VENTURES LIMITED,869.0,869.0,839.2,844.45,851.75,22823
2026-09-24,RSWM,RSWM LIMITED,224.16,225.62,216.1,220.51,225.28,85731
2026-09-24,RUBFILA,RUBFILA INTERNATIONAL LTD,66.04,66.99,63.25,63.79,66.04,67396
2026-09-24,RUBICON,RUBICON RESEARCH LIMITED,1665.0,1693.2,1641.0,1676.1,1674.8,265569
2026-09-24,RUCHINFRA,RUCHI INFRASTRUCTURE LTD,5.46,5.46,5.01,5.13,5.25,45578
2026-09-24,RUCHIRA,RUCHIRA PAPERS LIMITED,105.0,105.4,103.92,104.53,105.77,21423
2026-09-24,RUDRA,RUDRA GLOBAL INFRA PROD L,19.55,19.9,18.86,19.26,19.81,42631
2026-09-24,REPL,RUDRABHISHEK ENTERP LTD,57.7,64.05,57.0,60.62,58.23,4259
2026-09-24,RUPA,RUPA & COMPANY LTD,140.0,140.0,135.4,136.0,140.63,211159
2026-09-24,RUSHIL,RUSHIL DECOR LIMITED,16.86,17.1,16.42,16.63,16.78,179384
2026-09-24,SAB,S A B INDUSTRIES LTD.,170.0,170.0,170.0,170.0,170.0,46
2026-09-24,SCHAND,S CHAND AND COMPANY LTD,136.01,138.4,135.1,137.13,137.86,22847
2026-09-24,SHK,S H KELKAR AND CO. LTD.,144.44,144.44,140.4,140.96,144.45,167596
2026-09-24,SVGLOBAL,S V GLOBAL MILL LTD.,155.0,155.82,148.0,148.32,151.93,1964
2026-09-24,S&SPOWER,S&S POWER SWITCHGEARS LTD,319.6,326.4,310.0,315.35,318.05,1797
2026-09-24,SPAL,S. P. APPARELS LIMITED,980.0,993.2,960.2,979.0,989.5,28092
2026-09-24,SALSTEEL,S.A.L. STEEL LTD.,86.8,89.27,85.21,89.27,85.02,974201
2026-09-24,SAATVIKGL,SAATVIK GREEN ENERGY LTD,446.8,449.9,435.5,437.95,447.6,114648
2026-09-24,SADBHAV,SADBHAV ENGINEERING LTD,7.72,7.72,7.5,7.54,7.71,174570
2026-09-24,SADBHIN,SADBHAV INFRA PROJ LTD.,2.59,2.63,2.56,2.59,2.59,65283
2026-09-24,SAFARI,SAFARI IND (INDIA) LTD,1482.1,1495.0,1475.9,1481.2,1491.6,14060
2026-09-24,SAGCEM,SAGAR CEMENTS LIMITED,152.99,153.49,151.0,151.76,152.68,26975
2026-09-24,SAGARDEEP,SAGARDEEP ALLOYS LIMITED,24.38,24.38,23.52,23.7,24.36,3152
2026-09-24,SAGILITY,SAGILITY LIMITED,45.5,45.71,44.82,45.0,45.99,10874146
2026-09-24,SAHYADRI,SAHYADRI INDUSTRIES LTD,360.0,383.0,356.6,366.85,369.6,14940
2026-09-24,SAICAPI,SAI CAPITAL LTD.,157.25,157.25,142.15,146.03,155.69,488
2026-09-24,SAILIFE,SAI LIFE SCIENCES LIMITED,1601.0,1649.8,1589.0,1594.9,1609.6,518814
2026-09-24,SAIPARENT,SAI PARENTERALS LIMITED,509.3,524.0,501.25,506.4,509.3,84888
2026-09-24,KALAMANDIR,SAI SILKS (KALAMANDIR) L,78.79,79.8,78.01,78.47,79.99,255927
2026-09-24,SEKURITIND,SAINT GOBAIN SEKUR IND L,114.8,114.8,111.05,111.52,113.82,12064
2026-09-24,SAKAR,SAKAR HEALTHCARE LIMITED,1158.0,1189.9,1109.95,1128.55,1162.65,121571
2026-09-24,SAKSOFT,SAKSOFT LIMITED,145.61,148.55,142.9,143.53,147.79,188469
2026-09-24,SAKHTISUG,SAKTHI SUGARS LTD,18.2,18.23,17.86,17.96,18.23,79745
2026-09-24,SAKUMA,SAKUMA EXPORTS LIMITED,1.67,1.75,1.6,1.66,1.67,2472729
2026-09-24,SALASAR,SALASAR TECHNO ENGG. LTD.,4.92,4.94,4.86,4.91,4.94,2533913
2026-09-24,SALONA,SALONA COTSPIN LTD.,266.0,279.95,256.6,274.25,270.65,3076
2026-09-24,SALZERELEC,SALZER ELECTRONICS LTD,551.1,551.1,532.0,538.65,549.05,22627
2026-09-24,SAMBANDAM,SAMBANDAM SPINNING MILL L,103.0,107.0,103.0,107.0,102.5,11
2026-09-24,SAMBHAAV,SAMBHAAV MEDIA LTD,6.1,6.1,5.64,5.89,5.98,5858
2026-09-24,SAMBHV,SAMBHV STEEL TUBES LTD,157.0,157.14,151.53,152.36,158.22,2398819
2026-09-24,SAMHI,SAMHI HOTELS LIMITED,160.64,161.7,157.76,158.94,160.01,618453
2026-09-24,SAMMAANCAP,SAMMAAN CAPITAL LIMITED,143.55,144.42,140.0,140.55,144.48,3981880
2026-09-24,SAMPANN,SAMPANN UTPADAN INDIA LTD,24.34,24.45,23.81,24.08,24.34,8544
2026-09-24,MOTHERSON,SAMVRDHNA MTHRSN INTL LTD,163.75,164.8,162.5,162.5,164.4,22050862
2026-09-24,SANATHAN,SANATHAN TEXTILES LIMITED,504.35,544.3,504.35,529.25,506.35,786460
2026-09-24,SANDESH,SANDESH LTD,1027.0,1038.0,1006.0,1014.3,1027.0,216
2026-09-24,SANDHAR,SANDHAR TECHNOLOGIES LTD,580.8,585.9,561.35,575.65,591.75,179293
2026-09-24,SANDUMA,SANDUR MANG & IRON ORES L,186.4,186.4,182.66,183.11,188.06,365304
2026-09-24,SANGAMIND,SANGAM (INDIA) LTD,565.0,594.55,563.1,579.7,570.85,38862
2026-09-24,SANGHVIMOV,SANGHVI MOVERS LTD,439.4,460.65,430.55,446.45,441.75,406457
2026-09-24,SANOFICONR,SANOFI CONS HEALTHC IND L,3999.0,4068.4,3955.0,3971.3,4005.4,4134
2026-09-24,SANOFI,SANOFI INDIA LIMITED,3075.0,3220.9,3075.0,3132.7,3052.4,112839
2026-09-24,SANSERA,SANSERA ENGINEERING LTD,4600.0,4725.0,4535.8,4605.6,4621.4,268650
2026-09-24,SANSTAR,SANSTAR LIMITED,110.5,110.85,108.7,109.4,111.15,138568
2026-09-24,SAPPHIRE,SAPPHIRE FOODS INDIA LTD,229.69,231.0,222.68,225.7,231.48,411301
2026-09-24,ZSARACOM,SARASWATI COMM (INDIA) L,10188.0,10188.0,9906.0,9948.0,10294.0,51
2026-09-24,SSDL,SARASWATI SAREE DEPOT LTD,65.62,68.43,64.1,66.3,65.62,58214
2026-09-24,SARDAEN,SARDA ENERGY & MIN LTD,505.0,508.35,496.8,499.45,505.95,204170
2026-09-24,SAREGAMA,SAREGAMA INDIA LIMITED,502.0,507.0,495.2,498.45,507.0,202297
2026-09-24,SARLAPOLY,SARLA PERF. FIBERS LTD,101.59,101.59,99.0,99.99,100.03,27669
2026-09-24,SMLT,SARTHAK METALS LIMITED,62.62,62.62,60.0,60.74,60.61,2408
2026-09-24,SARVESHWAR,SARVESHWAR FOODS LIMITED,3.7,3.7,3.63,3.63,3.66,798944
2026-09-24,SASKEN,SASKEN TECHNOLOGIES LTD,1809.9,1809.9,1730.5,1736.8,1780.6,13119
2026-09-24,SATIA,SATIA INDUSTRIES LIMITED,66.85,68.18,66.45,67.67,67.24,68295
2026-09-24,SATIN,SATIN CREDIT NET LTD,224.95,227.38,220.04,226.15,225.3,243175
2026-09-24,SAURASHCEM,SAURASHTRA CEMENT LIMITED,53.8,54.2,52.5,52.76,53.86,47022
2026-09-24,SOTL,SAVITA OIL TECHNOLO. LTD,715.0,737.0,707.7,726.5,715.6,358641
2026-09-24,SAYAJIHOTL,SAYAJI HOTELS LTD.,325.0,329.0,325.0,327.0,327.0,17
2026-09-24,SAYAJIIND,SAYAJI INDUSTRIES LTD.,116.0,122.0,116.0,122.0,122.0,641
2026-09-24,SBC,SBC EXPORTS LIMITED,49.03,49.65,47.9,48.01,48.78,8735953
2026-09-24,SBFC,SBFC FINANCE LIMITED,90.99,91.35,88.74,89.14,91.21,962702
2026-09-24,SBICARD,SBI CARDS & PAY SER LTD,632.0,642.3,616.2,618.4,635.0,1184379
2026-09-24,SBIFUNDS,SBI FUNDS MANAGEMENT LTD,548.0,548.35,536.0,537.6,551.35,852645
2026-09-24,SBILIFE,SBI LIFE INSURANCE CO LTD,1710.0,1791.4,1699.9,1755.0,1760.0,3449627
2026-09-24,SETFGOLD,SBI-ETF GOLD,128.22,128.22,127.25,127.35,128.64,4102003
2026-09-24,SETFNIF50,SBI-ETF NIFTY 50,258.97,258.97,248.7,249.39,252.66,1650846
2026-09-24,SETFNIFBK,SBI-ETF NIFTY BANK,578.47,578.47,569.6,571.57,580.67,96046
2026-09-24,SETFNN50,SBI-ETF NIFTY NEXT 50,774.99,775.0,766.42,769.51,776.31,31794
2026-09-24,LIQUIDSBI,SBIAMC - LIQUIDSBI,1000.0,1000.01,999.99,1000.01,999.99,2977
2026-09-24,SBIBPB,SBIAMC - SBIBPB,48.75,48.75,47.82,48.03,48.41,26580
2026-09-24,SBIETFCON,SBIAMC - SBIETFCON,120.53,120.53,117.28,117.45,119.33,3128
2026-09-24,SBIETFIT,SBIAMC - SBIETFIT,316.99,316.99,312.06,312.82,314.58,5296
2026-09-24,SBIETFPB,SBIAMC - SBIETFPB,274.86,280.01,273.19,275.05,280.47,1329913
2026-09-24,SBIETFQLTY,SBIAMC - SBIETFQLTY,214.01,214.01,211.18,211.29,214.2,1544
2026-09-24,SBILIQETF,SBIAMC - SBILIQETF,1057.18,1057.2,1057.18,1057.19,1057.04,70404
2026-09-24,SBIMIDMOM,SBIAMC - SBIMIDMOM,63.5,63.5,62.4,62.44,63.65,31346
2026-09-24,SBINEQWETF,SBIAMC - SBINEQWETF,32.59,32.59,32.12,32.17,32.64,66640
2026-09-24,SBINMID150,SBIAMC - SBINMID150,23.01,23.01,22.49,22.61,23.01,45366
2026-09-24,SBISILVER,SBIAMC - SBISILVER,223.81,223.82,221.04,221.28,225.79,1118425
2026-09-24,SBISMLETF,SBIAMC - SBISMLETF,18.49,18.57,18.1,18.2,18.4,47840
2026-09-24,SBIVALETF,SBIAMC - SBIVALETF,14.65,14.65,14.3,14.43,14.58,31178
2026-09-24,SETF10GILT,SBIAMC - SETF10GILT,263.0,263.8,261.85,263.36,263.59,4119
2026-09-24,SCHAEFFLER,SCHAEFFLER INDIA LIMITED,4062.0,4093.0,4000.0,4024.2,4085.7,47083
2026-09-24,SCHNEIDER,SCHNEIDER ELECTRIC INFRA,1243.4,1243.4,1215.0,1218.8,1243.4,84376
2026-09-24,SCODATUBES,SCODA TUBES LIMITED,137.74,138.14,131.01,133.79,137.74,556368
2026-09-24,SEAMECLTD,SEAMEC LIMITED,1730.2,1764.5,1719.6,1730.1,1752.7,27330
2026-09-24,SECMARK,SECMARK CONSULTANCY LTD,143.35,143.35,140.0,142.5,141.03,3193
2026-09-24,SECURKLOUD,SECUREKLOUD TECH LIMITED,16.69,17.08,16.43,16.72,16.61,28849
2026-09-24,SEDEMAC,SEDEMAC MECHATRONICS LTD,2998.0,3350.0,2998.0,3313.6,3035.2,1058936
2026-09-24,SEJALLTD,SEJAL GLASS LIMITED,702.0,724.5,669.3,683.05,699.6,13503
2026-09-24,SEMAC,SEMAC CONSTRUCTION LTD,260.05,271.8,260.05,268.4,265.65,170
2026-09-24,SENCO,SENCO GOLD LIMITED,338.5,339.6,333.65,336.0,342.25,507270
2026-09-24,SENORES,SENORES PHARMACEUTICALS L,1384.5,1398.0,1341.0,1344.3,1383.4,217301
2026-09-24,SEPC,SEPC LIMITED,5.06,5.18,5.06,5.12,5.22,5340821
2026-09-24,SERVOTECH,SERVOTECH REN POW SYS LTD,71.0,71.19,70.2,70.29,71.67,329681
2026-09-24,STYL,SESHAASAI TECHNOLOGIES L,356.5,391.0,351.45,370.35,359.8,113636
2026-09-24,SESHAPAPER,SESHASAYEE PAPER & BOARDS,245.73,250.0,244.0,244.74,247.95,23085
2026-09-24,SGFIN,SG FINSERVE LIMITED,622.75,622.75,591.95,601.55,622.15,266998
2026-09-24,SGMART,SG MART LIMITED,731.0,732.3,710.05,717.15,731.45,157780
2026-09-24,SGLRES,SGL RESOURCES LIMITED,2.54,2.54,2.32,2.32,2.44,64861
2026-09-24,SHADOWFAX,SHADOWFAX TECHNOLOGIES L,285.0,292.2,278.8,285.8,285.75,5612297
2026-09-24,SHAH,SHAH METACORP LIMITED,3.22,3.26,3.19,3.2,3.25,1595392
2026-09-24,SHAILY,SHAILY ENG PLASTICS LTD,3210.3,3210.3,3100.0,3112.1,3211.0,101352
2026-09-24,SHAKTIPUMP,SHAKTI PUMPS (I) LTD,471.9,475.05,463.65,472.15,476.8,302418
2026-09-24,SHALBY,SHALBY LIMITED,145.5,149.29,142.81,143.77,145.67,118942
2026-09-24,SAHLIBHFI,SHALIBHADRA FINANCE LTD,77.0,81.78,76.5,78.24,76.03,15818
2026-09-24,SRD,SHANKAR LAL RAMPAL LTD,40.49,40.49,39.15,39.45,40.88,42571
2026-09-24,SHANKARA,SHANKARA BLDG PRODUCT LTD,142.9,142.9,137.01,137.18,143.39,45295
2026-09-24,BUILDPRO,SHANKARA BUILDPRO LIMITED,1292.3,1300.5,1255.0,1272.6,1292.3,194395
2026-09-24,SHANKESH,SHANKESH JEWELLERS LTD,93.6,94.06,90.6,91.51,94.32,1871422
2026-09-24,SHANTIGEAR,SHANTHI GEARS LTD,660.0,701.45,659.25,666.25,668.05,151787
2026-09-24,SEIL,SHANTI EDU INITIATIVES L,199.0,200.0,192.78,194.69,197.86,217128
2026-09-24,SHANTIGOLD,SHANTI GOLD INTERNATION L,287.34,291.25,281.1,283.62,288.07,4189312
2026-09-24,SHANTI,SHANTI OVERSEAS INDIA LTD,5.9,5.9,5.5,5.62,5.7,12131
2026-09-24,SHINDL,SHARAT INDUSTRIES LTD.,165.73,165.73,159.0,162.78,164.13,392824
2026-09-24,SHARDACROP,SHARDA CROPCHEM LTD.,760.25,760.25,738.6,740.9,758.05,101457
2026-09-24,SHARDAMOTR,SHARDA MOTOR INDS LTD,970.8,976.9,955.2,961.85,971.85,52212
2026-09-24,SHAREINDIA,SHARE IND. SECURITIES LTD,215.57,219.88,209.09,211.85,219.98,1855459
2026-09-24,SFL,SHEELA FOAM LIMITED,644.6,651.3,638.1,642.4,643.1,124707
2026-09-24,SHERVANI,SHERVANI INDUSTRIAL SYN L,325.0,325.0,325.0,325.0,320.1,3
2026-09-24,SHILCTECH,SHILCHAR TECHNOLOGIES LTD,4147.0,4170.0,4046.0,4079.1,4147.6,20213
2026-09-24,SHILGRAVQ,SHILP GRAVURES LTD.,144.2,152.0,142.0,144.95,147.67,23252
2026-09-24,SHILPAMED,SHILPA MEDICARE LTD,1035.8,1055.0,992.0,1007.3,1037.7,622161
2026-09-24,SCILAL,SHIPPING CORP OF ILA LTD,38.38,38.38,37.0,37.29,38.2,375079
2026-09-24,SCI,SHIPPING CORP OF INDIA LT,276.0,280.3,274.1,276.6,279.05,1057549
2026-09-24,SHIPROCKET,SHIPROCKET LIMITED,126.0,126.8,119.52,120.46,127.23,2928780
2026-09-24,SHIVAUM,SHIV AUM STEELS LIMITED,513.0,519.5,513.0,513.2,513.2,2864
2026-09-24,SHIVACEM,SHIVA CEMENT LTD.,15.61,15.8,15.3,15.65,15.6,28331
2026-09-24,SHIVAAGRO,SHIVA GLOBAL AGRO INDS. L,39.74,42.58,37.24,38.99,39.74,3883
2026-09-24,SHIVAMILLS,SHIVA MILLS LIMITED,62.91,62.91,60.0,60.93,59.92,816
2026-09-24,SHIVATEX,SHIVA TEXYARN LIMITED,170.05,172.0,170.01,170.93,172.0,548
2026-09-24,SBCL,SHIVALIK BIMETAL CON. LTD,1153.2,1184.9,1137.0,1143.2,1156.0,198267
2026-09-24,SHIVALIK,SHIVALIK RASAYAN LIMITED,435.0,435.1,407.55,410.7,431.65,94146
2026-09-24,SHIVAMAUTO,SHIVAM AUTO.LTD,18.21,18.21,17.12,17.44,18.21,95578
2026-09-24,SHOPERSTOP,SHOPPERS STOP LIMITED,386.2,390.2,379.05,385.05,391.1,38955
2026-09-24,SHRADDHA,SHRADDHA PRIME PROJECTS L,148.84,151.8,144.05,150.49,149.58,1357
2026-09-24,SHRADHA,SHRADHA REALTY LIMITED,30.3,31.4,29.36,30.51,30.45,16232
2026-09-24,SHREEPUSHK,SHRE PUSH CHEM & FERT LTD,490.0,498.75,476.55,492.15,495.8,93203
2026-09-24,SAPPL,SHREE AJIT PULP & PAPER L,271.45,284.3,270.0,278.15,273.1,794
2026-09-24,SHREECEM,SHREE CEMENT LIMITED,22300.0,22725.0,22170.0,22350.0,22500.0,17131
2026-09-24,SHREDIGCEM,SHREE DIGVIJAY CEM CO LTD,69.25,69.25,65.5,67.52,68.8,90814
2026-09-24,SGRL,SHREE GANESH REMEDIES LTD,731.5,739.45,654.0,677.15,735.55,45846
2026-09-24,SRTL,SHREE RAM TWISTEX LIMITED,38.62,39.29,38.0,38.38,38.9,16603
2026-09-24,SHREERAMA,SHREE RAMA MULTI TECH LTD,45.0,46.27,43.49,43.87,45.79,69801
2026-09-24,RAMANEWS,SHREE RAMA NEWSPRINT LTD,31.66,32.6,30.81,31.21,31.81,15382
2026-09-24,RENUKA,SHREE RENUKA SUGARS LTD,22.89,23.13,22.45,22.92,23.04,8155853
2026-09-24,BALAJEE,SHREE TIRUPATI BALAJEE L,24.95,26.4,24.95,25.38,25.68,38348
2026-09-24,SVLL,SHREE VASU LOGISTICS LTD,860.3,865.6,801.1,820.4,861.3,3176
2026-09-24,SHREEJISPG,SHREEJI SHIPPING GLOBAL L,719.8,729.0,714.35,724.85,723.75,344972
2026-09-24,OSWALSEEDS,SHREEOSWAL S AND CHE LTD,13.4,13.75,12.55,12.68,13.57,445150
2026-09-24,SHREYANIND,SHREYANS INDUSTRIES LTD,129.74,131.5,129.0,130.41,129.1,1573
2026-09-24,SHBAJRG,SHRI BAJRANG ALLIANCE L,163.75,163.75,157.01,161.0,161.24,1921
2026-09-24,SHRJAGP,SHRI JAGDAMBA POLYMERS L,625.5,690.0,615.2,654.7,632.25,875
2026-09-24,SHRIKRISH,SHRI KRISHNA DEVCON LTD.,37.0,37.0,37.0,37.0,35.45,19
2026-09-24,VASUPRADA,SHRI VASUPRADA PLANTATI L,99.0,99.0,95.3,95.3,95.05,212
2026-09-24,SHRINGARMS,SHRINGAR HOU OF MANGALS L,210.5,215.8,208.71,210.25,210.22,344700
2026-09-24,LIQUIDSHRI,SHRIRAM - LIQUIDSHRI,1122.7,1122.72,1122.7,1122.71,1122.57,24624
2026-09-24,SHRIRAMFIN,SHRIRAM FINANCE LIMITED,999.0,1008.6,983.4,990.0,1010.8,4096126
2026-09-24,SHRIRAMPPS,SHRIRAM PROPERTIES LTD,72.05,72.84,70.52,70.85,72.69,327512
2026-09-24,SHUKRAPHAR,SHUKRA PHARMACEUTICALS L,56.4,57.28,55.13,55.76,56.79,1524285
2026-09-24,SHYAMMETL,SHYAM METALICS AND ENGY L,1103.5,1148.0,1086.8,1097.9,1105.8,1377316
2026-09-24,SHYAMTEL,SHYAM TELECOM LIMITED,11.5,11.5,10.85,10.91,11.14,5847
2026-09-24,SICAGEN,SICAGEN INDIA LIMITED,53.0,53.0,52.11,52.36,52.98,10193
2026-09-24,ENRIN,SIEMENS ENERGY INDIA LTD,3191.7,3281.7,3158.5,3215.4,3214.4,372166
2026-09-24,SIEMENS,SIEMENS LTD,3852.0,3878.3,3825.0,3841.8,3886.0,199507
2026-09-24,SIGACHI,SIGACHI INDUSTRIES LTD,31.34,31.49,30.11,30.3,31.34,2313647
2026-09-24,SIGMA,SIGMA SOLVE LIMITED,46.05,46.05,44.06,44.53,46.04,78932
2026-09-24,SIGNATURE,SIGNATUREGLOBAL INDIA LTD,765.0,801.85,763.0,784.6,768.75,575895
2026-09-24,SIGNPOST,SIGNPOST INDIA LIMITED,278.2,281.35,272.0,272.8,273.9,86371
2026-09-24,SIKA,SIKA INTERPLANT SYSTEMS L,1057.05,1073.85,1031.65,1038.7,1059.75,29215
2026-09-24,SILINV,SIL INVESTMENTS LIMITED,444.55,459.0,441.0,451.6,452.8,1317
2026-09-24,SILGO,SILGO RETAIL LIMITED,69.02,71.0,69.0,70.47,70.43,20318
2026-09-24,SILVERTUC,SILVER TOUCH TECHNO LTD,153.0,154.4,146.0,147.51,152.99,700732
2026-09-24,SIMPLEXINF,SIMPLEX INFRASTRUCTURES L,254.05,255.2,251.1,251.75,256.4,67543
2026-09-24,SIMPLXREA,SIMPLEX REALTY LTD.,132.0,132.0,126.0,131.99,126.0,303
2026-09-24,SINCLAIR,SINCLAIRS HOTELS LIMITED,82.06,83.64,78.03,79.61,82.04,44862
2026-09-24,SINDHUTRAD,SINDHU TRADE LINKS LTD,24.01,24.48,23.53,23.66,23.96,279264
2026-09-24,SINGERIND,SINGER INDIA LIMITED,79.12,82.6,77.5,77.95,79.13,113651
2026-09-24,SINTERCOM,SINTERCOM INDIA LIMITED,78.75,81.34,76.1,77.01,78.75,1195
2026-09-24,SIRCA,SIRCA PAINT INDIA LIMITED,415.8,424.55,406.2,410.7,414.4,306940
2026-09-24,SIS,SIS LIMITED,420.0,426.65,415.2,418.45,421.45,118643
2026-09-24,SIYSIL,SIYARAM SILK MILLS LTD,540.55,544.8,532.2,539.6,540.55,21521
2026-09-24,SJS,SJS ENTERPRISES LIMITED,2290.1,2328.0,2255.0,2261.4,2334.1,101698
2026-09-24,SJVN,SJVN LTD,63.2,63.2,62.01,62.24,63.25,2315850
2026-09-24,SKFINDUS,SKF IND (INDUSTRIAL) LTD,2900.0,2981.2,2836.1,2939.7,2885.9,45151
2026-09-24,SKFINDIA,SKF INDIA LTD,1526.2,1549.7,1508.0,1542.0,1519.8,54183
2026-09-24,SKIPPER,SKIPPER LIMITED,568.1,574.0,546.75,552.35,567.5,688572
2026-09-24,SKMEGGPROD,SKM EGG PROD EXPORT(I) LT,228.0,229.5,221.95,223.2,229.75,152496
2026-09-24,SKYGOLD,SKY GOLD AND DIAMONDS LTD,791.0,801.9,775.1,782.7,794.1,537578
2026-09-24,SKYWAYS,SKYWAYS AIR SERVICES LTD,130.0,135.53,128.07,131.0,129.57,11545591
2026-09-24,SMARTWORKS,SMARTWORKS COWORKING SP L,532.65,548.6,532.15,538.95,541.05,25763
2026-09-24,SMCGLOBAL,SMC GLOBAL SECURITIES LTD,87.0,87.4,83.35,85.07,87.14,820006
2026-09-24,SMLMAH,SML MAHINDRA LIMITED,6703.0,6849.5,6555.0,6603.0,6794.0,33865
2026-09-24,SMSPHARMA,SMS PHARMACEUTICALS LTD.,474.55,491.0,471.0,474.05,482.95,510891
2026-09-24,SNOWMAN,SNOWMAN LOGISTICS LTD.,35.2,35.35,34.25,34.39,35.18,123221
2026-09-24,SOBHA,SOBHA LIMITED,1248.4,1248.4,1221.8,1227.7,1243.8,46367
2026-09-24,SOFTTECH,SOFTTECH ENGINEERS LTD,513.0,513.0,484.35,486.2,491.85,2497
2026-09-24,SOLARINDS,SOLAR INDUSTRIES (I) LTD,19600.0,19860.0,19450.0,19480.0,19730.0,120513
2026-09-24,SOLARA,SOLARA ACTIVE PHA SCI LTD,726.0,752.9,715.0,727.35,722.9,322402
2026-09-24,SOLARWORLD,SOLARWORLD ENERGY SOL LTD,137.0,137.97,132.2,133.89,138.52,176321
2026-09-24,SOLEX,SOLEX ENERGY LIMITED,739.45,755.0,713.15,731.5,735.2,65750
2026-09-24,SDBL,SOM DIST & BREW LTD,67.89,67.89,66.8,67.24,67.89,207968
2026-09-24,SOMATEX,SOMA TEXTILES & INDUST LT,82.0,82.69,79.0,79.94,82.35,4922
2026-09-24,SOMANYCERA,SOMANY CERAMICS LIMITED,597.95,608.45,590.5,601.85,596.3,122260
2026-09-24,SOMICONVEY,SOMI CONVEYOR BELT. LTD.,91.02,91.98,89.0,89.6,91.51,19824
2026-09-24,SONACOMS,SONA BLW PRECISION FRGS L,828.55,837.0,814.7,816.3,833.0,2572412
2026-09-24,SONAL,SONAL MERCANTILE LTD.,87.5,87.7,87.5,87.7,83.55,203
2026-09-24,SONATSOFTW,SONATA SOFTWARE LTD,280.1,280.95,274.0,274.7,282.0,380843
2026-09-24,SOUTHWEST,SOUTH WEST PINNACLE LTD,190.2,194.2,187.47,188.76,194.64,80269
2026-09-24,SPCENET,SPACENET ENTERS IND LTD,3.44,3.44,3.35,3.36,3.39,229800
2026-09-24,SPANDANA,SPANDANA SPHOORTY FIN LTD,230.0,231.44,224.31,225.61,232.18,95230
2026-09-24,SPENCERS,SPENCER S RETAIL LIMITED,29.73,29.73,28.56,28.92,29.44,30208
2026-09-24,SPIC,SPIC LTD,66.7,67.39,65.1,65.86,67.0,263877
2026-09-24,SPLIL,SPL INDUSTRIES LIMITED,30.21,30.59,29.6,29.61,30.19,1459
2026-09-24,SPMLINFRA,SPML INFRA LIMITED,167.3,167.89,164.0,165.36,168.58,130233
2026-09-24,SPORTKING,SPORTKING INDIA LIMITED,210.0,213.4,208.0,210.85,211.26,135379
2026-09-24,SHRIPISTON,SPR AUTO TECHNOLOGIES LTD,4481.5,4678.9,4458.2,4526.7,4489.8,116305
2026-09-24,SRHHYPOLTD,SREE RAYALSEEMA HHP LTD.,587.5,631.4,580.55,605.75,587.5,72755
2026-09-24,SRF,SRF LTD,2540.0,2558.8,2515.2,2533.8,2550.0,110060
2026-09-24,SRGHFL,SRG HOUSING FINANCE L,158.1,159.65,150.2,154.5,158.1,30079
2026-09-24,HAVISHA,SRI HAVISHA HOSP & INFR L,1.34,1.39,1.33,1.36,1.38,63845
2026-09-24,SRM,SRM CONTRACTORS LIMITED,420.5,423.95,414.45,419.0,422.45,22818
2026-09-24,SSRETAIL,SS RETAIL LIMITED,771.95,888.0,767.55,811.8,748.8,30540990
2026-09-24,SETL,STANDARD ENGNG TCNLGY LTD,406.95,420.0,398.05,402.8,407.0,589754
2026-09-24,SIL,STANDARD INDUSTRIES LTD.,17.35,17.43,16.62,16.89,17.13,61696
2026-09-24,STANLEY,STANLEY LIFESTYLES LTD,137.0,137.43,134.7,135.22,137.43,36775
2026-09-24,STARCEMENT,STAR CEMENT LIMITED,188.0,189.0,186.05,187.24,189.23,63388
2026-09-24,STARHEALTH,STAR HEALTH & AL INS CO L,513.0,555.0,513.0,550.4,549.2,9649635
2026-09-24,STARPAPER,STAR PAPER MILLS LTD,156.0,161.99,155.0,155.27,156.27,12814
2026-09-24,STARTECK,STARTECK FINANCE LIMITED,256.0,256.0,240.4,240.4,253.85,227
2026-09-24,SBIN,STATE BANK OF INDIA,982.3,992.0,975.8,978.5,994.1,13724672
2026-09-24,STEAMHOUSE,STEAMHOUSE INDIA LIMITED,108.75,115.63,106.89,113.71,110.73,9348134
2026-09-24,SAIL,STEEL AUTHORITY OF INDIA,182.7,191.36,182.15,184.0,185.44,24815644
2026-09-24,STEELCITY,STEEL CITY SECURITIES LTD,84.94,85.89,82.3,83.19,84.82,7921
2026-09-24,STEELXIND,STEEL EXCHANGE INDIA LTD,12.25,12.45,11.3,11.43,12.01,13813428
2026-09-24,STLSTRINF,STEEL STRIPS INFRA L,24.05,24.05,22.59,23.15,24.01,14778
2026-09-24,SSWL,STEEL STRIPS WHEELS LTD.,368.0,386.55,365.5,376.1,371.95,1355247
2026-09-24,STEELCAS,STEELCAST LIMITED,352.0,359.8,346.95,357.8,359.7,173791
2026-09-24,STEL,STEL HOLDINGS LIMITED,667.0,669.0,622.05,625.85,640.6,7774
2026-09-24,SGL,STL GLOBAL LIMITED,8.93,9.82,8.88,9.81,8.93,54123
2026-09-24,STLNETWORK,STL NETWORKS LIMITED,52.18,52.18,49.0,52.01,49.7,27090526
2026-09-24,STOVEKRAFT,STOVE KRAFT LIMITED,829.1,834.5,812.5,818.35,829.1,82310
2026-09-24,STAR,STRIDES PHARMA SCI LTD,1222.2,1233.1,1199.3,1202.8,1223.3,126615
2026-09-24,SWSOLAR,STRLNG & WIL REN ENE LTD,179.01,179.21,176.51,177.34,180.76,656330
2026-09-24,STUDDS,STUDDS ACCESSORIES LTD,414.2,418.7,406.05,412.25,415.75,42948
2026-09-24,STYLAMIND,STYLAM INDUSTRIES LIMITED,3355.0,3425.0,3290.9,3319.2,3355.6,61387
2026-09-24,STYRENIX,STYRENIX PERFORMANCE LTD,2115.6,2128.7,2080.1,2088.2,2130.1,12894
2026-09-24,SUBEXLTD,SUBEX LTD,21.9,22.22,20.31,20.71,22.08,19515256
2026-09-24,SUBROS,SUBROS LIMITED,725.0,729.95,708.05,720.1,731.5,27699
2026-09-24,SUDARSCHEM,SUDARSHAN CHEMICAL INDS L,1225.0,1248.9,1206.6,1218.0,1236.9,114610
2026-09-24,SUDARCOLOR,SUDARSHAN COLORNT IND LTD,399.0,399.0,381.1,382.2,390.7,4473
2026-09-24,SUDEEPPHRM,SUDEEP PHARMA LIMITED,1180.1,1193.0,1139.7,1143.4,1199.6,144322
2026-09-24,SUKHJITS,SUKHJIT STARCH & CHEM LTD,162.55,163.41,159.0,161.13,162.58,16679
2026-09-24,SULA,SULA VINEYARDS LIMITED,137.73,137.73,135.0,135.78,137.76,147857
2026-09-24,SUMEDHA,SUMEDHA FISCAL SERVICES L,43.5,43.5,43.5,43.5,44.08,602
2026-09-24,SUMEETINDS,SUMEET IND LIMITED,11.6,11.6,11.6,11.6,11.05,332514
2026-09-24,SUMIT,SUMIT WOODS LIMITED,50.26,50.26,48.36,49.59,49.91,4190
2026-09-24,SUMICHEM,SUMITOMO CHEM INDIA LTD,458.0,462.2,447.1,449.7,464.2,200137
2026-09-24,SUMMITSEC,SUMMIT SECURITIES LTD,1395.0,1395.0,1380.0,1383.2,1403.7,2653
2026-09-24,SPARC,SUN PHARMA ADV.RES.CO.LTD,205.28,206.78,200.32,203.98,205.65,907336
2026-09-24,SUNPHARMA,SUN PHARMACEUTICAL IND L,1859.0,1880.0,1848.4,1849.9,1865.0,1742885
2026-09-24,SUNTV,SUN TV NETWORK LIMITED,485.0,522.0,483.0,512.7,490.2,3364719
2026-09-24,SUNCLAY,SUNDARAM CLAYTON LIMITED,1254.0,1269.8,1231.0,1249.4,1253.9,4263
2026-09-24,SUNDARMFIN,SUNDARAM FINANCE LTD,4664.9,4674.0,4550.0,4592.0,4654.9,40423
2026-09-24,SUNDARAM,SUNDARAM MULTI PAP LTD,1.19,1.19,1.02,1.16,1.17,872800
2026-09-24,SUNDRMFAST,SUNDRAM FASTENERS LTD,1170.0,1203.7,1166.0,1172.3,1185.4,153739
2026-09-24,SUNDROP,SUNDROP BRANDS LIMITED,746.55,765.0,740.0,756.2,744.3,27010
2026-09-24,SUNFLAG,SUNFLAG IRON AND STEEL CO,395.0,408.9,390.2,396.8,390.55,1545083
2026-09-24,SUNLOC,SUNIL HEALTHCARE LTD.,75.7,75.7,71.64,72.0,75.8,290
2026-09-24,SUNRAKSHAK,SUNRAKSHAKK INDUS IND L,367.5,371.7,357.05,367.75,366.6,7604
2026-09-24,SUNSHIEL,SUNSHIELD CHEMICALS LTD.,1160.0,1188.9,1145.0,1149.8,1164.3,2612
2026-09-24,SUNSHINE,SUNSHINE PICTURES LIMITED,442.0,446.45,432.6,436.9,441.45,382361
2026-09-24,SUNTECK,SUNTECK REALTY LIMITED,288.95,289.8,283.05,284.05,290.1,79719
2026-09-24,SUPERHOUSE,SUPERHOUSE LIMITED,170.0,170.0,164.0,165.45,168.47,3063
2026-09-24,SIEL,SUPERIOR INDUSTRIAL ENT L,30.48,30.48,29.05,29.05,30.48,54
2026-09-24,SUPRAJIT,SUPRAJIT ENGINEERING LTD,480.0,494.4,480.0,486.65,485.05,61664
2026-09-24,SUPREME,SUPREME HOLDIN N HOSP I L,32.12,32.39,30.9,31.29,31.97,11722
2026-09-24,SUPREMEIND,SUPREME INDUSTRIES LTD,3472.6,3495.3,3429.0,3434.0,3497.1,64745
2026-09-24,SUPREMEINF,SUPREME INFRA. LTD.,81.0,82.79,79.8,80.39,81.0,11926
2026-09-24,SPLPETRO,SUPREME PETROCHEM LIMITED,880.0,887.95,870.1,879.9,882.2,148875
2026-09-24,SUPRIYA,SUPRIYA LIFESCIENCE LTD,998.6,1009.7,955.05,961.75,1000.9,246987
2026-09-24,SURAJEST,SURAJ ESTATE DEVELOPERS L,220.41,228.6,214.1,219.42,220.41,345285
2026-09-24,SURAJLTD,SURAJ LIMITED,204.89,204.89,199.0,200.5,197.01,154
2026-09-24,SURAKSHA,SURAKSHA DIAGNOSTIC LTD,350.0,357.95,348.0,356.0,355.35,61147
2026-09-24,SURANASOL,SURANA SOLAR LIMITED,25.51,25.85,25.43,25.65,25.86,13041
2026-09-24,SURANAT&P,SURANA TELECOM AND POW LT,16.29,16.29,15.86,15.89,16.04,86919
2026-09-24,SBGLP,SURATWWALA BUS GROUP LTD,23.64,25.45,22.1,22.89,24.31,202878
2026-09-24,SURYAROSNI,SURYA ROSHNI LTD,212.2,219.9,212.2,217.5,214.64,386944
2026-09-24,SURYALAXMI,SURYALAKSHMI COT MIL LTD,58.0,59.39,56.5,57.5,58.82,4529
2026-09-24,SURYALA,SURYALATA SPINNING MILL L,390.05,390.05,385.15,390.05,400.05,2631
2026-09-24,SURYODAY,SURYODAY SMALL FIN BK LTD,149.64,149.64,143.09,145.34,149.3,398726
2026-09-24,SUVEN,SUVEN LIFE SCIENCES LTD,338.5,339.15,333.0,335.05,341.85,211218
2026-09-24,SUVIDHAA,SUVIDHAA INFOSERVE LTD,2.18,2.25,2.16,2.21,2.19,116093
2026-09-24,SUYOG,SUYOG TELEMATICS LIMITED,680.0,680.05,656.0,660.15,671.55,9010
2026-09-24,SUZLON,SUZLON ENERGY LIMITED,42.12,42.24,40.55,40.74,42.39,131241030
2026-09-24,SVPGLOB,SVP GLOBAL TEXTILES LTD,3.48,3.48,3.26,3.28,3.35,9421
2026-09-24,SWANCORP,SWAN CORP LIMITED,297.7,299.65,293.4,294.7,300.05,628548
2026-09-24,SWARAJENG,SWARAJ ENGINES LTD,3558.7,3565.6,3528.0,3548.6,3559.3,7958
2026-09-24,SWARNSAR,SWARNSARITA JEWELS IND L,42.04,44.15,41.0,42.04,42.04,45191
2026-09-24,SWELECTES,SWELECT ENERGY SYS LTD,575.9,587.0,555.0,561.65,581.85,15162
2026-09-24,SWIGGY,SWIGGY LIMITED,275.7,276.6,265.6,267.45,278.5,15664085
2026-09-24,SYMBIOTEC,SYMBIOTEC PHARMALAB LTD,1061.05,1078.2,1015.1,1024.05,1062.0,546818
2026-09-24,SYMPHONY,SYMPHONY LIMITED,584.25,589.1,570.0,576.7,592.6,57959
2026-09-24,SYNCOMF,SYNCOM FORMU (I) LTD,20.01,20.75,19.8,20.03,20.01,12034163
2026-09-24,SGIL,SYNERGY GREEN IND. LTD,664.4,666.35,633.35,646.6,668.5,11360
2026-09-24,SYNGENE,SYNGENE INTERNATIONAL LTD,380.0,384.9,378.1,380.35,381.85,230354
2026-09-24,SYRMA,SYRMA SGS TECHNOLOGY LTD,1699.9,1737.2,1686.1,1698.6,1719.4,841054
2026-09-24,TGVSL,T G V SRAAC LTD.,108.55,111.9,107.54,109.31,108.55,488751
2026-09-24,TTL,T T LIMITED,7.2,7.5,7.11,7.25,7.26,591416
2026-09-24,TAALTECH,TAAL TECH LTD.,1082.1,1122.8,1022.5,1050.5,1094.8,60717
2026-09-24,TAINWALCHM,TAINWALA CHEMICAL AND PLA,217.0,219.7,212.15,216.79,214.31,3740
2026-09-24,TAJGVK,TAJ GVK HOTELS & RESORTS,329.0,329.05,321.65,323.2,329.9,48019
2026-09-24,TAKE,TAKE LIMITED,15.98,15.98,15.15,15.4,15.86,136493
2026-09-24,TALBROAUTO,TALBROS AUTO. COMP. LTD,460.0,483.2,456.3,466.0,466.9,265580
2026-09-24,TMB,TAMILNAD MERCA BANK LTD,920.0,920.0,891.5,893.55,921.4,167289
2026-09-24,TNPL,TAMILNADU NEWSPRT & PAPER,142.7,151.4,142.5,148.94,144.37,403094
2026-09-24,TNPETRO,TAMILNADU PETROPRODUCTS L,129.0,133.49,125.5,126.98,128.98,863308
2026-09-24,TNTELE,TAMILNADU TELECOMMUNICATI,9.15,9.48,8.52,9.31,9.06,75331
2026-09-24,TANAA,TANEJA AEROSPACE & AVIA L,349.5,349.6,314.25,331.8,352.45,97808
2026-09-24,TANLA,TANLA PLATFORMS LIMITED,496.55,496.55,486.5,489.6,500.4,213003
2026-09-24,TARACHAND,TARA CHAND INFRA SOLN LTD,45.5,47.15,45.43,46.11,45.97,65029
2026-09-24,TARAPUR,TARAPUR TRANSFORMERS LTD,12.14,12.24,11.85,12.22,12.16,21986
2026-09-24,TARC,TARC LIMITED,128.0,129.9,127.01,129.35,129.65,300094
2026-09-24,TARMAT,TARMAT LIMITED,54.11,54.99,53.89,54.05,54.73,6404
2026-09-24,TARSONS,TARSONS PRODUCTS LIMITED,336.85,339.85,330.35,335.45,335.45,102908
2026-09-24,TASTYBITE,TASTY BITE EATABLES LTD,10161.0,10324.0,9866.0,9903.0,10180.0,2802
2026-09-24,TATACAP,TATA CAPITAL LIMITED,347.8,347.8,333.0,336.25,350.05,2156796
2026-09-24,TATACHEM,TATA CHEMICALS LTD,669.9,670.0,649.95,652.2,669.9,765531
2026-09-24,TATACOMM,TATA COMMUNICATIONS LTD,1696.0,1701.0,1666.6,1670.0,1700.6,111964
2026-09-24,TCS,TATA CONSULTANCY SERV LT,2076.0,2096.9,2067.1,2087.0,2089.6,1760662
2026-09-24,TATACONSUM,TATA CONSUMER PRODUCT LTD,989.0,992.0,983.0,986.3,994.3,1002889
2026-09-24,TATAELXSI,TATA ELXSI LIMITED,3212.0,3235.0,3169.0,3183.8,3212.0,220867
2026-09-24,TATAINVEST,TATA INVESTMENT CORP LTD,671.0,672.15,655.7,658.35,674.3,325712
2026-09-24,TMCV,TATA MOTORS LIMITED,447.35,456.05,431.55,437.15,450.2,4805833
2026-09-24,TMPV,TATA MOTORS PASS VEH LTD,299.8,300.95,295.0,295.0,300.5,9126313
2026-09-24,TATAPOWER,TATA POWER CO LTD,366.5,367.5,362.95,363.45,369.0,2708315
2026-09-24,TATASTEEL,TATA STEEL LIMITED,188.21,191.8,187.72,188.02,190.82,15701549
2026-09-24,TATATECH,TATA TECHNOLOGIES LIMITED,716.45,732.65,712.25,717.75,716.45,1085643
2026-09-24,TTML,TATA TELESERV(MAHARASTRA),35.48,35.5,34.9,35.02,35.63,976514
2026-09-24,NETF,TATAAML - NETF,248.79,255.99,248.79,255.1,255.17,3310
2026-09-24,NPBET,TATAAML - NPBET,276.9,280.37,276.9,278.7,284.0,1961
2026-09-24,TNIDETF,TATAAML - TNIDETF,89.79,89.79,85.71,86.3,88.8,110546
2026-09-24,TATAGOLD,TATAAML-TATAGOLD,14.61,14.61,14.51,14.52,14.67,35682468
2026-09-24,TATSILV,TATAAML-TATSILV,22.1,22.18,21.89,21.92,22.37,42029593
2026-09-24,TATVA,TATVA CHIN PHARM CHEM LTD,1778.0,1798.8,1717.3,1728.6,1778.1,51972
2026-09-24,TBOTEK,TBO TEK LIMITED,1704.5,1715.5,1681.1,1687.2,1704.5,189060
2026-09-24,TCC,TCC CONCEPT LIMITED,53.3,53.79,51.0,51.63,53.89,569671
2026-09-24,TCIEXP,TCI EXPRESS LIMITED,505.75,513.6,490.0,492.75,505.6,13017
2026-09-24,TCIFINANCE,TCI FINANCE LTD,15.12,15.29,14.73,14.86,15.19,8216
2026-09-24,TCPLPACK,TCPL PACKAGING LIMITED,4009.9,4138.8,3951.3,4058.8,4003.0,11836
2026-09-24,TDPOWERSYS,TD POWER SYSTEMS LTD.,758.0,765.4,738.15,742.0,765.5,1289189
2026-09-24,TEAMGTY,TEAM INDIA GUARANTY LTD,239.96,242.95,235.01,241.71,239.95,75
2026-09-24,TEAMLEASE,TEAMLEASE SERVICES LTD.,1201.9,1215.9,1183.1,1192.0,1196.0,11262
2026-09-24,TECHM,TECH MAHINDRA LIMITED,1549.9,1576.2,1543.0,1543.0,1557.0,1707105
2026-09-24,TECHNOE,TECHNO ELEC & ENG CO. LTD,1002.95,1006.4,984.6,991.65,1012.05,59392
2026-09-24,TIIL,TECHNOCRAFT IND LTD,3040.0,3112.7,2990.1,3033.1,3019.9,26986
2026-09-24,TECHNOCRAF,TECHNOCRAFT VENTURES LTD,472.0,482.0,462.4,475.05,475.65,1197482
2026-09-24,TECHNVISN,TECHNVISION VENTURES LTD.,4300.0,4388.0,4071.0,4130.0,4181.5,659
2026-09-24,TECILCHEM,TECIL CHEMICALS,9.6,9.61,9.16,9.25,9.5,10562
2026-09-24,TEGA,TEGA INDUSTRIES LIMITED,2070.0,2106.1,2040.0,2062.0,2078.8,382732
2026-09-24,TEJASNET,TEJAS NETWORKS LIMITED,517.1,519.6,507.2,511.3,521.55,1162117
2026-09-24,TEMBO,TEMBO GLOBAL IND LTD,59.0,63.0,58.55,59.26,59.31,4699220
2026-09-24,TEMPSENS,TEMPSENS INST (INDIA) LTD,561.1,563.45,540.0,543.4,565.65,1781856
2026-09-24,TENNIND,TENNECO CLEAN AIR INDIA L,514.2,522.25,509.6,511.25,518.6,332762
2026-09-24,TERASOFT,TERA SOFTWARE LIMITED,230.8,234.25,211.05,220.65,230.8,69488
2026-09-24,TERAI,TERAI TEA CO. LTD.,113.0,115.0,110.0,111.55,111.36,258
2026-09-24,TEXINFRA,TEXMACO INFRA & HOLDG LTD,125.0,125.0,118.11,118.9,123.47,328844
2026-09-24,TEXRAIL,TEXMACO RAIL & ENG. LTD.,124.75,127.14,121.55,126.77,124.75,7694285
2026-09-24,TEXMOPIPES,TEXMO PIPE & PRODUCTS LTD,59.7,59.7,57.9,58.05,59.63,116010
2026-09-24,TGBHOTELS,TGB BANQUETS&HOTELS LTD,10.14,10.14,9.23,9.5,9.43,20766
2026-09-24,THAKDEV,THAKKERS DEVELOPERS LTD.,143.9,143.9,127.61,131.44,133.78,256
2026-09-24,THANGAMAYL,THANGAMAYIL JEWELLERY LTD,5317.0,5333.5,5080.0,5097.0,5317.0,50396
2026-09-24,ANUP,THE ANUP ENGINEERING LTD,1695.5,1715.0,1665.0,1670.1,1698.4,29114
2026-09-24,BYKE,THE BYKE HOSPITALITY LTD,30.92,30.92,29.6,30.05,30.35,17342
2026-09-24,GESHIP,THE GE SHPG.LTD,1478.0,1498.5,1466.0,1482.6,1483.8,606281
2026-09-24,GROBTEA,THE GROB TEA COMPANY LTD,900.0,900.0,873.3,895.0,919.35,409
2026-09-24,INDIACEM,THE INDIA CEMENTS LIMITED,337.2,339.7,329.0,330.1,340.05,144709
2026-09-24,INDHOTEL,THE INDIAN HOTELS CO. LTD,739.0,740.1,727.4,728.8,743.7,1140542
2026-09-24,THEINVEST,THE INVEST TRUST OF IND L,94.0,95.45,92.25,92.63,94.06,7483
2026-09-24,NIACL,THE NEW INDIA ASSU CO LTD,187.0,188.45,179.5,180.4,191.16,4044014
2026-09-24,PHOENIXLTD,THE PHOENIX MILLS LTD,1985.3,2035.6,1948.0,1955.0,1993.2,558988
2026-09-24,RAMCOCEM,THE RAMCO CEMENTS LIMITED,884.9,888.8,866.95,872.1,885.05,91368
2026-09-24,RUBYMILLS,THE RUBY MILLS LTD,490.2,510.0,465.65,494.6,490.2,31875
2026-09-24,SOUTHBANK,THE SOUTH INDIAN BANK LTD,47.0,50.17,46.72,49.9,47.08,57683718
2026-09-24,STCINDIA,THE STATE TRADING CORPN,112.3,112.3,109.0,109.85,111.98,18503
2026-09-24,UGARSUGAR,THE UGAR SUGAR WORKS LTD,56.42,57.11,55.51,55.77,57.22,262893
2026-09-24,WIPL,THE WESTERN INDIA PLY LTD,160.91,173.85,160.01,166.6,160.91,1451
2026-09-24,THEJO,THEJO ENGINEERING LIMITED,2179.9,2200.0,2132.4,2168.8,2173.5,3841
2026-09-24,THEMISMED,THEMIS MEDICARE LTD.,121.98,122.99,117.21,118.1,121.97,32113
2026-09-24,THERMAX,THERMAX LTD,3468.0,3470.0,3400.0,3406.1,3464.9,84227
2026-09-24,TIRUMALCHM,THIRUMALAI CHEMICALS LTD,164.15,166.54,161.26,162.95,165.22,488664
2026-09-24,THOMASCOOK,THOMAS COOK (INDIA) LTD,104.0,104.5,103.25,103.97,105.12,403771
2026-09-24,THOMASCOTT,THOMAS SCOTT (INDIA) LTD,235.0,236.5,228.6,235.0,235.15,29547
2026-09-24,THYROCARE,THYROCARE TECH LTD,571.5,576.75,565.0,566.75,573.75,87557
2026-09-24,TIGERLOGS,TIGER LOGISTICS (INDIA) L,27.65,27.65,26.0,26.36,26.87,170542
2026-09-24,TI,TILAKNAGAR INDUSTRIES LTD,595.0,603.25,583.8,587.55,601.5,506431
2026-09-24,TIMETECHNO,TIME TECHNOPLAST LTD.,181.7,181.7,178.01,179.31,181.96,1714746
2026-09-24,TIMEX,TIMEX GROUP INDIA LTD.,724.0,734.05,705.0,710.8,725.75,288835
2026-09-24,TIMKEN,TIMKEN INDIA LTD.,3285.1,3315.0,3242.9,3256.9,3287.9,42287
2026-09-24,TINNARUBR,TINNA RUBBER AND INFR LTD,1007.15,1007.2,970.0,982.8,1007.25,33002
2026-09-24,TIPSFILMS,TIPS FILMS LIMITED,320.5,320.5,310.05,311.5,314.75,1398
2026-09-24,TIPSMUSIC,TIPS MUSIC LIMITED,668.0,676.75,657.0,662.05,670.5,266188
2026-09-24,TITAGARH,TITAGARH RAIL SYSTEMS LTD,830.0,837.4,818.0,819.25,842.05,326786
2026-09-24,TITAN,TITAN COMPANY LIMITED,4868.0,4912.0,4830.0,4832.5,4880.0,504126
2026-09-24,TOKYOPLAST,TOKYO PLAST INTL LTD,76.05,78.8,75.5,75.62,79.4,1039
2026-09-24,TOLINS,TOLINS TYRES LIMITED,91.55,92.9,89.78,90.14,91.58,31227
2026-09-24,TORNTPHARM,TORRENT PHARMACEUTICALS L,4976.0,5010.0,4902.0,4928.5,4985.0,255716
2026-09-24,TORNTPOWER,TORRENT POWER LTD,1238.0,1254.0,1235.1,1244.2,1259.4,67834
2026-09-24,TOUCHWOOD,TOUCHWOOD ENTERTAIN LTD.,61.78,61.78,61.78,61.78,61.85,62
2026-09-24,TFCILTD,TOURISM FINANCE CORP. OF,140.9,144.39,140.5,143.46,141.55,18259746
2026-09-24,TOYAMSL,TOYAM SPORTS LTD.,0.92,0.92,0.84,0.84,0.88,4080574
2026-09-24,TPLPLASTEH,TPL PLASTECH LIMITED,67.17,67.69,64.8,65.06,67.15,98176
2026-09-24,TRACXN,TRACXN TECHNOLOGIES LTD,32.99,33.04,31.62,31.83,32.95,113250
2026-09-24,TARIL,TRANS & RECTI. LTD,287.0,287.45,279.75,280.4,289.0,673240
2026-09-24,TRANSCOR,TRANSCORP INTERNATIONAL L,24.28,25.25,24.28,24.41,24.28,4604
2026-09-24,TREL,TRANSINDIA REAL ESTATE L,28.2,28.58,27.0,27.8,27.78,108843
2026-09-24,TCI,TRANSPORT CORPN OF INDIA,830.65,844.8,815.05,833.45,829.75,27766
2026-09-24,TRANSRAILL,TRANSRAIL LIGHTING LTD,487.0,487.9,463.0,464.0,488.9,1282611
2026-09-24,TFL,TRANSWARRANTY FIN. LTD.,11.17,12.0,11.17,11.73,11.77,20237
2026-09-24,TRAVELFOOD,TRAVEL FOOD SERVICES LTD,1214.0,1224.0,1199.9,1214.2,1214.5,12316
2026-09-24,TREEHOUSE,TREE HOUSE EDU LTD,5.94,6.13,5.84,6.07,5.93,14428
2026-09-24,TREJHARA,TREJHARA SOLUTIONS LTD,135.22,137.0,131.0,135.31,135.22,7294
2026-09-24,TRENT,TRENT LTD,2765.0,2767.5,2699.9,2700.0,2774.0,556839
2026-09-24,TRF,TRF LIMITED,217.4,219.0,212.3,215.13,216.31,11662
2026-09-24,TRIDENT,TRIDENT LIMITED,23.3,23.4,23.02,23.15,23.42,2398291
2026-09-24,TRIGYN,TRIGYN TECHNOLOGIES LTD,56.25,56.39,54.21,54.95,56.14,15610
2026-09-24,TRITONV,TRITON VALVES LTD.,1154.0,1154.0,1101.1,1109.4,1133.8,1610
2026-09-24,TRIVENI,TRIVENI ENGG. & INDS. LTD,244.0,244.0,239.45,240.2,242.35,380043
2026-09-24,TRITURBINE,TRIVENI TURBINE LIMITED,559.5,561.45,549.4,551.8,562.1,219693
2026-09-24,TRUALT,TRUALT BIOENERGY LIMITED,435.0,441.8,420.35,429.0,438.9,389804
2026-09-24,TRU,TRUCAP FINANCE LIMITED,4.04,4.4,4.04,4.21,4.23,47849
2026-09-24,TSFINV,TSF INVESTMENTS LIMITED,456.5,459.75,451.55,456.9,462.05,88605
2026-09-24,TTKHLTCARE,TTK HEALTHCARE LIMITED,1053.6,1066.8,1040.0,1045.4,1051.2,11744
2026-09-24,TTKPRESTIG,TTK PRESTIGE LTD,524.0,527.3,509.5,515.3,525.8,38754
2026-09-24,TIINDIA,TUBE INVEST OF INDIA LTD,2558.0,2585.5,2540.5,2540.5,2578.6,70640
2026-09-24,TURTLEMINT,TURTLEMINT FINTECH SOLS L,109.04,109.04,109.04,109.04,136.3,1011837
2026-09-24,TUTIALKA,TUTICORIN ALKAL CH & FE L,56.25,56.89,53.25,55.53,55.64,11871
2026-09-24,TVTODAY,TV TODAY NETWORK LTD,107.7,109.4,106.0,107.77,107.7,8880
2026-09-24,TVSELECT,TVS ELECTRONICS LTD,394.7,394.7,380.3,381.7,391.8,34653
2026-09-24,TVSHLTD,TVS HOLDINGS LIMITED,12452.0,12549.0,12185.0,12501.0,12591.0,7441
2026-09-24,TVSMOTOR,TVS MOTOR COMPANY  LTD,4093.4,4123.0,4057.0,4091.0,4135.0,933899
2026-09-24,TVSSRICHAK,TVS SRICHAKRA LIMITED,4650.5,4684.5,4386.0,4412.0,4651.0,16193
2026-09-24,TVSSCS,TVS SUPPLY CHAIN SOL L,131.0,133.46,130.0,130.47,132.48,524473
2026-09-24,UCOBANK,UCO BANK,23.99,23.99,23.65,23.74,24.04,2411463
2026-09-24,UDAYJEW,UDAY JEWELLERY INDS. LTD.,153.87,162.95,152.06,162.33,153.87,71597
2026-09-24,USK,UDAYSHIVAKUMAR INFRA LTD,19.6,20.3,19.51,19.61,19.85,21157
2026-09-24,UFLEX,UFLEX LIMITED,669.65,685.0,657.85,661.55,670.45,119810
2026-09-24,UFO,UFO MOVIEZ INDIA LTD.,61.7,61.7,59.25,59.53,60.64,19495
2026-09-24,UGROCAP,UGRO CAPITAL LIMITED,83.89,84.89,81.2,82.23,84.29,155699
2026-09-24,UEL,UJAAS ENERGY LIMITED,195.0,197.9,184.67,188.09,191.86,18430
2026-09-24,UJJIVANSFB,UJJIVAN SMALL FINANC BANK,64.52,64.7,61.25,62.69,66.01,33045929
2026-09-24,ULTRAMAR,ULTRAMARINE & PIGMENTS L,438.0,442.0,426.95,429.05,439.15,42929
2026-09-24,ULTRACEMCO,ULTRATECH CEMENT LIMITED,11098.0,11192.0,11056.0,11056.0,11155.0,304695
2026-09-24,UMIYA-MRO,UMIYA BUILDCON LIMITED,95.0,106.0,93.5,96.42,95.1,74800
2026-09-24,UNICHEMLAB,UNICHEM LABORATORIES LTD,573.0,582.0,549.8,552.65,573.2,156065
2026-09-24,UNIECOM,UNICOMMERCE ESOLUTIONS L,83.0,83.8,82.3,82.76,83.26,191326
2026-09-24,UNIINFO,UNIINFO TELECOM SERVI LTD,11.02,11.4,11.02,11.29,11.4,183
2026-09-24,UNIMECH,UNIMECH AEROSPACE N MFG L,1712.0,1758.8,1673.2,1692.3,1716.1,179298
2026-09-24,UNIONBANK,UNION BANK OF INDIA,178.9,180.2,175.86,179.45,180.0,4484417
2026-09-24,UNIONGOLD,UNIONAMC - UNIONGOLD,147.45,147.6,146.0,146.45,147.4,2328
2026-09-24,UNIPARTS,UNIPARTS INDIA LIMITED,861.0,865.6,840.15,850.35,861.2,54719
2026-09-24,UNIENTER,UNIPHOS ENTERPRISES LTD,91.05,92.57,89.57,90.5,91.09,1617
2026-09-24,UNITECH,UNITECH LTD,4.11,4.16,4.03,4.05,4.17,4096221
2026-09-24,UBL,UNITED BREWERIES LTD,1240.0,1289.7,1227.1,1270.2,1242.3,133103
2026-09-24,UNIDT,UNITED DRILLING TOOLS LTD,231.0,272.0,231.0,259.76,235.24,645371
2026-09-24,UNITEDTEA,UNITED NILGIRI TEA LTD,428.0,435.0,425.35,428.25,428.0,1821
2026-09-24,UNITEDPOLY,UNITED POLYFAB GUJ. LTD.,46.5,46.75,45.0,45.27,45.94,170870
2026-09-24,UNITDSPR,UNITED SPIRITS LIMITED,1434.0,1442.0,1421.2,1423.3,1441.0,219089
2026-09-24,UNIVCABLES,UNIVERSAL CABLES LTD,1508.8,1539.8,1490.0,1517.0,1508.8,128146
2026-09-24,UNOMINDA,UNO MINDA LIMITED,1216.3,1252.9,1212.3,1224.4,1223.1,445754
2026-09-24,UDS,UPDATER SERVICES LIMITED,203.91,203.91,200.11,201.9,205.27,56075
2026-09-24,UPL,UPL LIMITED,550.7,553.65,546.5,549.6,553.15,1278779
2026-09-24,URBANCO,URBAN COMPANY LIMITED,172.21,174.26,168.5,171.26,172.73,4162727
2026-09-24,URJA,URJA GLOBAL LIMITED,9.06,9.1,8.95,9.0,9.05,403236
2026-09-24,UMESLTD,USHA MARTIN EDU & SOL LTD,4.51,4.85,4.49,4.51,4.6,39599
2026-09-24,USHAMART,USHA MARTIN LTD.,534.0,534.15,515.0,523.2,535.05,607143
2026-09-24,UTIAMC,UTI ASSET MNGMT CO LTD,905.3,914.4,903.2,907.9,909.95,47119
2026-09-24,LIQUIDBETA,UTIAMC - LIQUIDBETA,1009.22,1009.22,1009.22,1009.22,1009.1,99
2026-09-24,NIF500BETA,UTIAMC - NIF500BETA,37.69,37.69,36.24,36.24,36.78,5561
2026-09-24,SECLEDBETA,UTIAMC - SECLEDBETA,14.36,14.8,14.2,14.25,14.36,222461
2026-09-24,BANKBETA,UTIAMC-BANKBETA,59.88,59.88,57.36,57.5,58.42,151910
2026-09-24,GILT10BETA,UTIAMC-GILT10BETA,26.58,26.63,26.33,26.63,26.58,18
2026-09-24,GILT5BETA,UTIAMC-GILT5BETA,66.6,66.6,65.76,66.49,66.25,962
2026-09-24,ITBETA,UTIAMC-ITBETA,299.52,303.8,296.0,300.34,299.0,609
2026-09-24,MIDCAPBETA,UTIAMC-MIDCAPBETA,229.65,235.08,227.17,232.81,230.8,2128
2026-09-24,NEXT50BETA,UTIAMC-NEXT50BETA,78.0,78.06,77.01,77.47,78.1,135563
2026-09-24,NIFTYBETA,UTIAMC-NIFTYBETA,259.97,259.97,256.22,256.77,259.97,234676
2026-09-24,SENSEXBETA,UTIAMC-SENSEXBETA,830.89,830.89,817.1,821.01,828.72,1992
2026-09-24,SILVERBETA,UTIAMC-SILVERBETA,221.41,221.41,217.75,217.96,222.41,535801
2026-09-24,SNXT50BETA,UTIAMC-SNXT50BETA,93.45,94.27,91.51,92.27,93.45,5851
2026-09-24,GOLDBETA,UTIAMC-UTIGOLDBETA,126.6,126.6,125.7,125.8,127.1,346933
2026-09-24,UTKARSHBNK,UTKARSH SMALL FIN BANK L,13.94,14.0,13.7,13.86,14.07,4749458
2026-09-24,UTTAMSUGAR,UTTAM SUGAR MILLS LTD.,265.5,266.2,258.45,260.0,266.35,64541
2026-09-24,VTMLTD,V T M LTD.,45.68,45.68,41.5,42.13,44.5,91863
2026-09-24,VGUARD,V-GUARD IND LTD.,315.5,315.6,307.6,308.6,316.4,198837
2026-09-24,V2RETAIL,V2 RETAIL LIMITED,213.11,216.0,211.21,214.47,215.63,556422
2026-09-24,WABAG,VA TECH WABAG LTD,2038.0,2073.0,2019.7,2029.2,2048.7,690358
2026-09-24,VADILENT,VADILAL ENTERPRISES LTD.,10310.0,10310.0,10250.0,10303.0,10370.0,11
2026-09-24,VADILALIND,VADILAL INDUSTRIES LTD,7450.0,7529.0,7322.0,7413.5,7492.0,9796
2026-09-24,VAIBHAVGBL,VAIBHAV GLOBAL LIMITED,208.81,209.93,204.0,205.25,209.49,153843
2026-09-24,VAISHALI,VAISHALI PHARMA LIMITED,8.32,8.79,8.32,8.53,8.45,171784
2026-09-24,VAKRANGEE,VAKRANGEE LIMITED,5.37,5.45,5.2,5.3,5.35,1008105
2026-09-24,VALIANTORG,VALIANT ORGANICS LIMITED,420.0,420.0,406.5,411.35,420.8,59473
2026-09-24,DBREALTY,VALOR ESTATE LIMITED,100.3,104.27,97.4,100.22,101.48,2505139
2026-09-24,VHL,VARDHMAN HOLDINGS LIMITED,3341.0,3409.4,3341.0,3368.1,3383.8,416
2026-09-24,VARDMNPOLY,VARDHMAN POLYTEX LTD.,5.96,6.0,5.78,5.81,5.91,128283
2026-09-24,VSSL,VARDHMAN SPC STEEL LTD,410.7,418.35,390.05,405.0,413.6,115559
2026-09-24,VTL,VARDHMAN TEXTILES LIMITED,559.1,596.6,556.65,563.6,561.45,2304091
2026-09-24,VARROC,VARROC ENGINEERING LTD.,837.0,844.6,825.0,833.4,836.5,129764
2026-09-24,VBL,VARUN BEVERAGES LIMITED,432.15,436.85,428.3,431.25,436.15,5016972
2026-09-24,VGL,VARVEE GLOBAL LIMITED,69.0,70.06,66.22,66.52,70.63,117211
2026-09-24,VASCONEQ,VASCON ENGINEERS LTD,32.5,34.9,32.25,33.29,32.99,1975613
2026-09-24,VASWANI,VASWANI IND LTD,45.5,45.92,44.57,45.08,45.68,26319
2026-09-24,MANYAVAR,VEDANT FASHIONS LIMITED,530.1,530.1,511.6,524.45,531.15,178569
2026-09-24,VAML,VEDANTA ALUMINIUM METAL L,430.9,438.9,428.25,429.4,436.3,4520000
2026-09-24,VISL,VEDANTA IRON AND STEEL L,33.92,34.25,32.13,32.13,33.82,31103791
2026-09-24,VEDL,VEDANTA LIMITED,267.9,269.4,264.2,267.5,271.0,5685750
2026-09-24,VOGL,VEDANTA OIL AND GAS LTD,35.5,35.68,34.41,34.53,35.86,14402274
2026-09-24,VEDPOWER,VEDANTA POWER LIMITED,32.85,32.85,31.9,32.1,32.98,9200935
2026-09-24,VEDAVAAG,VEDAVAAG SYSTEMS LTD.,22.27,22.3,21.13,21.31,22.16,20903
2026-09-24,VEEDOL,VEEDOL CORPORATION LTD,1358.0,1374.8,1354.5,1364.3,1365.8,5343
2026-09-24,VENKEYS,VENKY S (INDIA) LIMITED,1697.9,1703.6,1645.0,1664.1,1692.2,34737
2026-09-24,VENTIVE,VENTIVE HOSPITALITY LTD,586.9,586.9,565.55,572.75,578.35,10555
2026-09-24,VENUSPIPES,VENUS PIPES & TUBES LTD,2230.0,2258.2,2190.0,2206.3,2235.5,95848
2026-09-24,VENUSREM,VENUS REMEDIES LIMITED,1628.9,1674.8,1582.2,1624.8,1643.7,31456
2026-09-24,VERANDA,VERANDA LEARNING SOL LTD,230.5,237.5,226.16,232.46,231.5,466617
2026-09-24,VERTOZ,VERTOZ LIMITED,35.6,38.24,35.6,36.73,36.84,41283
2026-09-24,VESUVIUS,VESUVIUS INDIA LTD,395.0,396.0,391.0,391.85,396.1,45504
2026-09-24,VETO,VETO SWITCHGEAR CABLE LTD,147.0,147.02,142.51,143.04,145.57,81284
2026-09-24,VSTL,VIBHOR STEEL TUBES LTD,113.0,114.83,111.55,112.87,113.48,5459
2026-09-24,VGCL,VIBRANT GLOBAL CAPITAL L,48.89,48.89,45.12,47.2,47.18,3116
2026-09-24,VIDHIING,VIDHI SPCLTY F INGRDNTS L,355.15,362.45,345.1,352.45,359.85,37289
2026-09-24,VIDYAWIRES,VIDYA WIRES LIMITED,86.57,87.33,84.4,86.23,88.71,1387256
2026-09-24,VIJSOLX,VIJAY SOLVEX LTD.,634.0,636.05,634.0,636.05,632.3,7
2026-09-24,VIJAYA,VIJAYA DIAGNOSTIC CEN LTD,1571.4,1571.4,1520.5,1526.5,1570.7,101780
2026-09-24,VIKASECO,VIKAS ECOTECH LIMITED,1.04,1.05,1.03,1.03,1.04,1701614
2026-09-24,VIKASLIFE,VIKAS LIFECARE LIMITED,1.28,1.28,1.24,1.24,1.28,2276172
2026-09-24,VIKRAMSOLR,VIKRAM SOLAR LIMITED,163.34,163.55,160.3,160.42,163.34,974428
2026-09-24,VIKRAN,VIKRAN ENGINEERING LTD,58.5,62.62,57.53,60.99,56.14,34848858
2026-09-24,VIMTALABS,VIMTA LABS LIMITED,606.0,616.0,595.0,597.5,610.7,140540
2026-09-24,VINATIORGA,VINATI ORGANICS LTD,1220.1,1225.6,1190.0,1195.0,1222.8,68223
2026-09-24,VINDHYATEL,VINDHYA TELELINKS LTD,2830.0,2874.0,2748.9,2767.5,2864.6,52006
2026-09-24,VINEETLAB,VINEET LABORATORIES LTD,35.75,35.75,34.1,34.93,34.82,52687
2026-09-24,VINNY,VINNY OVERSEAS LIMITED,0.92,0.93,0.92,0.92,0.92,309005
2026-09-24,VINCOFE,VINTAGE COFFEE N BVRGS L,184.37,191.35,182.69,183.75,183.79,3693467
2026-09-24,VINYLINDIA,VINYL CHEMICALS (I) LTD.,221.54,224.2,218.1,220.32,221.54,7702
2026-09-24,VIPCLOTHNG,VIP CLOTHING LIMITED,21.99,22.0,21.5,21.7,21.72,39989
2026-09-24,VIPIND,VIP INDUSTRIES LTD,298.0,303.95,295.1,300.95,298.9,321535
2026-09-24,VIRAT,VIRAT INDUSTRIES LTD.,377.0,389.9,356.1,361.55,371.2,7756
2026-09-24,VIRINCHI,VIRINCHI LIMITED,14.17,14.17,13.8,13.81,14.03,39412
2026-09-24,VOEPL,VIRTUOSO OPTOELECTRONIC L,525.0,527.95,495.0,497.65,515.1,66741
2026-09-24,VISACHROME,VISA CHROME LIMITED,36.48,36.55,33.4,36.34,34.81,47827
2026-09-24,VIVIDHA,VISAGAR POLYTEX LTD,0.52,0.55,0.52,0.53,0.52,395032
2026-09-24,VISAKAIND,VISAKA INDUSTRIES LIMITED,96.08,102.4,94.01,94.79,96.08,1406348
2026-09-24,VISHAL,VISHAL FABRICS LTD.,18.1,18.25,17.55,18.06,18.18,27608
2026-09-24,VMM,VISHAL MEGA MART LIMITED,106.45,108.23,104.84,105.46,106.0,17613951
2026-09-24,VISHNU,VISHNU CHEMICALS LIMITED,723.9,725.85,701.05,703.25,723.95,59548
2026-09-24,VPRPL,VISHNU PRAKASH R PUNGLI L,32.64,33.15,32.26,32.9,32.83,252747
2026-09-24,VISHWARAJ,VISHWARAJ SUGAR IND LTD,5.34,5.43,5.25,5.28,5.35,162085
2026-09-24,VITAL,VITAL CHEMTECH LIMITED,55.67,57.33,53.6,54.37,55.66,6134
2026-09-24,VIVIANA,VIVIANA POWER TECH LTD,728.0,728.0,700.0,706.25,724.55,13420
2026-09-24,VIVOBIOT,VIVO BIO TECH LTD.,16.58,16.98,15.51,16.08,16.67,16987
2026-09-24,VIYASH,VIYASH SCIENTIFIC LIMITED,252.95,252.95,244.85,246.0,253.75,1767338
2026-09-24,VLEGOV,VL E GOV AND IT SOL LTD,10.63,10.63,10.05,10.25,10.42,44465
2026-09-24,VLSFINANCE,VLS FINANCE LTD,241.15,242.16,236.35,239.58,241.15,6473
2026-09-24,VMART,VMART RETAIL LTD,782.0,784.45,760.15,773.7,786.6,142108
2026-09-24,VMSTMT,VMS TMT LIMITED,45.6,47.09,45.6,46.13,45.92,32492
2026-09-24,IDEA,VODAFONE IDEA LIMITED,14.42,14.5,14.04,14.12,14.52,364050771
2026-09-24,VOITHPAPR,VOITH PAPER FABRICS IND L,1445.0,1454.9,1400.3,1416.7,1440.0,876
2026-09-24,VOLTAMP,VOLTAMP TRANSFORMERS LTD,10723.0,10729.0,10550.0,10587.0,10799.0,9565
2026-09-24,VOLTAS,VOLTAS LTD,1119.1,1126.4,1106.9,1113.4,1130.0,530213
2026-09-24,VRAJ,VRAJ IRON AND STEEL LTD,128.86,128.97,125.21,126.19,127.9,8792
2026-09-24,VRLLOG,VRL LOGISTICS LIMITED,291.3,293.45,289.5,291.65,291.75,121565
2026-09-24,VSTIND,VST INDUSTRIES LTD,209.35,209.35,205.4,206.69,208.8,100738
2026-09-24,VSTTILLERS,VST TILLERS TRACTORS LTD,4400.2,4631.8,4371.3,4516.7,4425.0,17167
2026-09-24,WHBRADY,W H BRADY & CO. LTD.,421.0,498.95,421.0,498.95,502.6,40
2026-09-24,WPIL,W P I L LTD.,440.0,446.0,431.55,435.8,440.0,31249
2026-09-24,WSI,W.S.INDUSTRIES (I) LTD.,58.13,58.13,56.5,56.96,58.13,9922
2026-09-24,WAAREEENER,WAAREE ENERGIES LIMITED,2502.0,2511.9,2470.0,2482.0,2512.0,389057
2026-09-24,WAAREERTL,WAAREE RENEWABLE TECH LTD,838.0,848.0,827.25,832.3,848.0,133525
2026-09-24,WAKEFIT,WAKEFIT INNOVATIONS LTD,146.78,148.0,142.4,142.83,146.78,161388
2026-09-24,WALCHANNAG,WALCHANDNAGAR INDUSTRIES,211.09,212.0,207.0,208.07,212.63,434910
2026-09-24,WANBURY,WANBURY LIMITED,230.0,238.4,223.65,225.15,233.1,190580
2026-09-24,WARDINMOBI,WARDWIZARD INNO & MOB L,5.7,5.74,5.6,5.62,5.66,248149
2026-09-24,WATERBASE,WATERBASE LTD.,46.66,46.66,45.0,45.36,46.66,17346
2026-09-24,CORDELIA,WATERWAYS LEISURE TOUR L,112.0,112.5,107.33,107.97,112.97,945738
2026-09-24,WEWIN,WE WIN LIMITED,46.85,50.0,46.85,49.01,46.76,15434
2026-09-24,TWCGOLDETF,WEALTH - TWCGOLDETF,150.6,150.6,147.65,149.01,150.51,22184
2026-09-24,WEALTH,WEALTH FRST PORT. MG. LTD,833.0,850.9,827.0,839.25,840.45,1405
2026-09-24,WEBELSOLAR,WEBSOL ENERGY SYSTEM LTD,74.52,76.78,72.2,74.07,73.93,2342303
2026-09-24,WEIZMANIND,WEIZMANN LTD,71.75,73.69,71.6,71.67,71.57,158
2026-09-24,WELCORP,WELSPUN CORP LIMITED,2786.0,2800.0,2675.0,2692.2,2796.8,1002471
2026-09-24,WELENT,WELSPUN ENTERPRISES LTD.,773.4,775.0,744.5,749.15,774.0,226253
2026-09-24,WELSPUNLIV,WELSPUN LIVING LIMITED,221.56,228.8,217.19,222.32,223.77,4797903
2026-09-24,WELSPLSOL,WELSPUN SPECIALTY SOL L,52.91,55.59,52.9,53.46,53.59,524720
2026-09-24,WENDT,WENDT (INDIA) LIMITED,8625.0,8654.5,8478.0,8525.5,8678.5,6775
2026-09-24,WSTCSTPAPR,WEST COAST PAPER MILLS LT,746.0,753.8,734.1,737.95,747.25,164772
2026-09-24,WCIL,WESTERN CARRIERS (IND) L,99.99,99.99,95.1,95.78,97.33,165817
2026-09-24,WESTLIFE,WESTLIFE FOODWORLD LTD,585.0,593.0,564.45,569.25,598.7,132688
2026-09-24,WEWORK,WEWORK INDIA MANAGEMENT L,665.0,665.2,648.15,651.7,668.5,73586
2026-09-24,WHEELS,WHEELS INDIA LTD,2210.0,2300.0,2161.1,2180.8,2240.3,188804
2026-09-24,WHIRLPOOL,WHIRLPOOL OF INDIA LTD,810.0,878.0,810.0,853.45,865.25,7497954
2026-09-24,WILLAMAGOR,WILLIAMSON MAGOR,24.0,24.0,22.5,23.4,22.78,2759
2026-09-24,WINDLAS,WINDLAS BIOTECH LIMITED,1070.2,1099.0,1065.45,1093.8,1077.45,53563
2026-09-24,WINDMACHIN,WINDSOR MACHINES LIMITED,294.0,304.9,293.0,300.9,295.4,120512
2026-09-24,WIPRO,WIPRO LTD,164.16,165.67,163.36,163.64,164.9,7033397
2026-09-24,WOCKPHARMA,WOCKHARDT LIMITED,2310.0,2334.5,2265.0,2287.7,2329.7,824745
2026-09-24,WEL,WONDER ELECTRICALS LTD,77.25,77.5,74.01,74.18,76.93,434603
2026-09-24,WONDERLA,WONDERLA HOLIDAYS LTD.,508.0,511.7,506.05,509.95,510.75,62008
2026-09-24,WORTHPERI,WORTH PERIPHERALS LIMITED,146.98,149.99,145.03,147.26,149.21,2003
2026-09-24,XCHANGING,XCHANGING SOLUTIONS LTD,61.6,61.6,59.81,60.35,61.79,56011
2026-09-24,XELPMOC,XELPMOC DESIGN & TECH LTD,74.4,74.78,72.63,74.59,74.03,3454
2026-09-24,XPROINDIA,XPRO INDIA LIMITED,1219.0,1263.5,1184.3,1207.0,1223.5,68439
2026-09-24,XTGLOBAL,XTGLOBAL INFOTECH LIMITED,31.0,31.0,28.93,29.26,29.93,51819
2026-09-24,XTRANET,XTRANET TECHNOLOGIES LTD,312.99,317.97,301.77,313.71,317.65,1073441
2026-09-24,YASHO,YASHO INDUSTRIES LIMITED,4100.0,4249.0,4012.7,4043.7,4144.7,41712
2026-09-24,YATHARTH,YATHARTH HOSP & TRA C S L,1163.0,1172.5,1145.0,1157.0,1162.2,489737
2026-09-24,YATRA,YATRA ONLINE LIMITED,109.15,109.21,104.31,105.2,108.74,575540
2026-09-24,YESBANK,YES BANK LIMITED,23.08,23.08,22.38,22.44,23.24,102237435
2026-09-24,YOGI,YOGI LTD.,162.9,164.0,158.0,164.0,161.95,596
2026-09-24,YUKEN,YUKEN INDIA LIMITED,1146.0,1146.0,1109.7,1127.75,1138.9,7863
2026-09-24,ZFSTEERING,Z F STEERING GEAR (I) LTD,710.0,760.0,709.85,746.1,703.65,11028
2026-09-24,ZAGGLE,ZAGGLE PREPA OCEAN SER L,178.9,179.3,176.62,178.22,179.86,676984
2026-09-24,ZEEL,ZEE ENTERTAINMENT ENT LTD,77.18,79.45,76.85,78.17,77.28,14869768
2026-09-24,ZEELEARN,ZEE LEARN LIMITED,6.84,6.89,6.7,6.77,6.84,107560
2026-09-24,ZEEMEDIA,ZEE MEDIA CORPORATION LTD,7.51,7.59,7.37,7.4,7.51,848644
2026-09-24,ZENTEC,ZEN TECHNOLOGIES LIMITED,1664.6,1681.6,1640.7,1645.7,1672.3,168806
2026-09-24,ZENITHEXPO,ZENITH EXPORTS LTD,196.02,199.0,194.2,195.53,197.0,231
2026-09-24,ZENITHSTL,ZENITH STEEL PIP IND LTD,5.47,5.47,5.22,5.27,5.34,41752
2026-09-24,ZENSARTECH,ZENSAR TECHNOLOGIES  LTD,430.0,430.0,418.5,422.55,430.75,1163001
2026-09-24,GOLDCASE,ZERODHAAMC - GOLDCASE,23.7,23.7,23.47,23.5,23.76,7324812
2026-09-24,LIQUIDCASE,ZERODHAAMC - LIQUIDCASE,116.05,116.07,116.05,116.06,116.04,17169903
2026-09-24,LTGILTCASE,ZERODHAAMC - LTGILTCASE,30.38,30.38,30.22,30.22,30.37,275925
2026-09-24,MID150CASE,ZERODHAAMC - MID150CASE,11.6,11.66,11.3,11.33,11.56,2268030
2026-09-24,NIFTYCASE,ZERODHAAMC - NIFTYCASE,9.63,9.63,9.27,9.31,9.4,1329048
2026-09-24,SILVERCASE,ZERODHAAMC - SILVERCASE,23.01,23.15,22.88,22.91,23.37,5000866
2026-09-24,SML100CASE,ZERODHAAMC - SML100CASE,11.28,11.53,11.17,11.2,11.38,1896869
2026-09-24,TOP100CASE,ZERODHAAMC - TOP100CASE,10.32,10.36,10.19,10.21,10.35,848441
2026-09-24,ZFCVINDIA,ZF COM VE CTR SYS IND LTD,2356.9,2375.8,2325.2,2345.5,2357.2,164020
2026-09-24,ZIMLAB,ZIM LABORATORIES LIMITED,132.09,143.88,131.5,137.82,133.56,90235
2026-09-24,ZODIACLOTH,ZODIAC CLOTHING CO. LTD.,70.09,70.09,69.23,69.23,69.71,1807
2026-09-24,ZODIAC,ZODIAC ENERGY LIMITED,229.94,229.94,220.0,227.44,229.94,9943
2026-09-24,ZOTA,ZOTA HEALTH CARE LIMITED,1370.3,1405.8,1325.5,1345.7,1390.6,92659
2026-09-24,ZUARI,ZUARI AGRO CHEMICALS LTD,222.55,225.75,217.06,218.41,224.09,85550
2026-09-24,ZUARIIND,ZUARI INDUSTRIES LIMITED,283.65,289.0,278.2,282.85,278.9,133311
2026-09-24,ZYDUSLIFE,ZYDUS LIFESCIENCES LTD,1169.8,1190.6,1161.6,1180.3,1170.1,1965875
2026-09-24,ZYDUSWELL,ZYDUS WELLNESS LIMITED,529.0,529.45,518.6,520.15,531.0,66218
