date,symbol,name,open,high,low,close,prev_close,volume
2026-08-18,20MICRONS,20 MICRONS LTD,197.26,198.4,195.2,197.16,197.26,72434
2026-08-18,21STCENMGM,21ST CENTURY MGMT SERVICE,45.82,45.82,45.11,45.64,44.93,6929
2026-08-18,360ONE,360 ONE WAM LIMITED,1169.0,1185.0,1154.0,1163.6,1173.0,683646
2026-08-18,GOLD360,360ONEAMC - GOLD360,148.9,149.4,148.9,149.0,148.9,11623
2026-08-18,MSCI360,360ONEAMC - MSCI360,10.24,10.39,10.16,10.35,10.3,6139
2026-08-18,SILVER360,360ONEAMC - SILVER360,229.47,229.47,227.21,228.08,229.72,7406
2026-08-18,3BBLACKBIO,3B BLACKBIO DX LTD.,1154.2,1167.8,1142.0,1148.4,1148.4,7528
2026-08-18,3MINDIA,3M INDIA LIMITED,35085.0,35290.0,34900.0,34945.0,34910.0,1635
2026-08-18,3PLAND,3P LAND HOLDINGS LIMITED,32.4,32.5,31.75,32.03,32.35,1902
2026-08-18,5PAISA,5PAISA CAPITAL LIMITED,380.8,403.8,380.8,388.3,380.8,191663
2026-08-18,63MOONS,63 MOONS TECHNOLOGIES LTD,778.05,780.2,753.0,757.65,780.25,274671
2026-08-18,ABCOTS,A B COTSPIN INDIA LIMITED,202.48,225.0,201.88,217.4,199.66,152579
2026-08-18,ABINFRA,A B INFRABUILD LIMITED,11.33,12.99,10.98,12.57,11.36,25170295
2026-08-18,ABMKNO,A B M KNOWLEDGEWARE LTD.,195.0,200.0,190.0,192.1,197.0,2037
2026-08-18,ACSTECH,A C S TECHNOLOGIES LTD.,52.0,52.2,49.61,49.92,50.92,343255
2026-08-18,AKCAPIT,A K CAPITAL SERVICES LTD.,1750.7,1800.0,1740.1,1762.7,1747.9,1966
2026-08-18,A2ZINFRA,A2Z INFRA ENGINEERING LTD,14.21,14.64,14.21,14.26,14.49,101272
2026-08-18,AAATECH,AAA TECHNOLOGIES LIMITED,92.18,94.0,91.0,92.81,91.98,14270
2026-08-18,AADHARHFC,AADHAR HOUSING FINANCE L,487.65,493.85,482.0,487.4,487.65,286979
2026-08-18,AAKASH,AAKASH EXPLORATION SER L,8.71,9.59,8.71,9.13,8.77,400049
2026-08-18,AAREYDRUGS,AAREY DRUGS & PHARM LTD,83.01,85.46,81.31,82.16,85.58,668238
2026-08-18,AARNAV,AARNAV FASHIONS LIMITED,31.35,36.04,30.7,35.37,31.23,220800
2026-08-18,AARON,AARON INDUSTRIES LIMITED,142.2,146.0,141.63,143.78,138.85,35017
2026-08-18,AARTIDRUGS,AARTI DRUGS LTD.,410.75,415.2,404.5,412.8,410.75,98898
2026-08-18,AARTIIND,AARTI INDUSTRIES LTD,526.0,533.8,520.85,530.1,526.7,830422
2026-08-18,AARTIPHARM,AARTI PHARMALABS LIMITED,861.95,892.0,850.0,874.55,861.95,316783
2026-08-18,AARVI,AARVI ENCON LIMITED,152.0,157.0,150.1,151.93,152.6,42604
2026-08-18,AASTHA,AASTHA SPINTEX LIMITED,74.0,74.2,73.0,73.03,73.21,433445
2026-08-18,AAVAS,AAVAS FINANCIERS LIMITED,1375.0,1393.9,1375.0,1388.3,1389.8,49386
2026-08-18,ABANSENT,ABANS ENTERPRISES LTD.,32.79,32.79,30.3,30.3,31.89,28145
2026-08-18,AFSL,ABANS FINANCIAL SRVCS LTD,202.95,206.7,201.12,205.55,201.2,6846
2026-08-18,ABB,ABB INDIA LIMITED,7660.0,7734.0,7528.5,7546.0,7660.0,126259
2026-08-18,ABBOTINDIA,ABBOTT INDIA LIMITED,26900.0,26900.0,26510.0,26580.0,26905.0,4509
2026-08-18,ACC,ACC LIMITED,1317.0,1319.2,1301.1,1303.8,1316.6,116554
2026-08-18,ACCELYA,ACCELYA SOLN INDIA LTD,1139.9,1140.0,1126.0,1130.8,1134.3,4118
2026-08-18,ACEINTEG,ACE INTEGRATED SOLU. LTD.,17.5,18.75,17.5,18.27,17.78,4121
2026-08-18,ACMESOLAR,ACME SOLAR HOLDINGS LTD,363.7,372.95,361.8,371.75,364.9,609731
2026-08-18,ACE,ACTION CONST EQUIP LTD,1117.1,1188.0,1117.0,1184.8,1113.7,1694531
2026-08-18,ACUTAAS,ACUTAAS CHEMICALS LIMITED,3190.0,3399.8,3189.9,3391.4,3198.2,423370
2026-08-18,ADANIENSOL,ADANI ENERGY SOLUTION LTD,1589.0,1630.0,1583.1,1603.0,1589.1,2294009
2026-08-18,ADANIENT,ADANI ENTERPRISES LIMITED,3014.0,3036.0,3002.5,3002.5,3007.3,721988
2026-08-18,ADANIGREEN,ADANI GREEN ENERGY LTD,1327.6,1336.4,1308.0,1308.0,1327.6,925260
2026-08-18,ADANIPORTS,ADANI PORT & SEZ LTD,1691.6,1693.7,1667.0,1682.4,1691.0,1298165
2026-08-18,ADANIPOWER,ADANI POWER LTD,203.8,208.67,203.57,205.58,203.56,19181716
2026-08-18,ATGL,ADANI TOTAL GAS LIMITED,646.9,655.0,645.8,647.3,646.9,343489
2026-08-18,ADDIND,ADDI INDUSTRIES LTD.,86.0,89.9,86.0,89.5,86.0,103
2026-08-18,ADFFOODS,ADF FOODS LIMITED,261.9,270.0,260.35,269.6,262.85,143285
2026-08-18,ABSLAMC,ADIT BIRL SUN LIF AMC LTD,1011.0,1022.6,1005.0,1013.3,1019.0,108162
2026-08-18,ABCAPITAL,ADITYA BIRLA CAPITAL LTD.,399.0,402.8,393.8,402.0,398.7,4314550
2026-08-18,ABFRL,ADITYA BIRLA FASHION & RT,55.29,55.86,54.82,54.97,55.29,2804136
2026-08-18,ABLBL,ADITYA BIRLA LIFES BRAN L,90.01,90.65,88.6,88.72,89.92,427800
2026-08-18,BIRLAMONEY,ADITYA BIRLA MONEY LTD,128.6,131.0,128.6,129.42,129.87,42360
2026-08-18,ABREL,ADITYA BIRLA REAL EST LTD,1400.0,1401.6,1378.7,1390.8,1402.1,89905
2026-08-18,CPPLUS,ADITYA INFOTECH LIMITED,3260.1,3388.0,3260.0,3342.0,3343.1,412214
2026-08-18,AVL,ADITYA VISION LIMITED,608.65,616.95,600.0,614.15,608.65,182795
2026-08-18,BSLGOLDETF,ADITYBIRLA SL GOLD ETF-GR,137.85,137.85,134.25,134.68,134.49,2453893
2026-08-18,BSLNIFTY,ADITYBIRLA SL NIF ETF-GR,28.2,28.64,28.2,28.44,28.62,865957
2026-08-18,ADOR,ADOR WELDING LTD,1525.3,1574.0,1520.6,1562.3,1525.3,35829
2026-08-18,ADROITINFO,ADROIT INFOTECH LIMITED,10.3,10.5,9.83,10.36,9.99,45723
2026-08-18,ADVAIT,ADVAIT ENRGY TRANSITION L,2077.0,2140.0,2070.0,2126.1,2079.2,52562
2026-08-18,ADVANCE,ADVANCE AGROLIFE LIMITED,117.06,120.06,115.81,117.96,117.06,194213
2026-08-18,ADVENZYMES,ADVANCED ENZYME TECH LTD,303.0,307.2,302.0,303.0,305.6,212986
2026-08-18,ADVANIHOTR,ADVANI HOT.& RES.(I) LTD,50.0,51.4,49.61,50.06,49.91,26513
2026-08-18,ADVENTHTL,ADVENT HOTELS INTERNATI L,135.56,136.83,135.0,135.64,134.9,104247
2026-08-18,ADVIKCA,ADVIK CAPITAL LTD.,1.24,1.26,1.18,1.23,1.21,179534
2026-08-18,RAMBHAJO,ADVIT JEWELS LIMITED,181.5,183.5,178.0,179.25,180.97,95052
2026-08-18,AEGISLOG,AEGIS LOGISTICS LIMITED,1305.0,1378.0,1303.1,1367.7,1287.2,3097867
2026-08-18,AEGISVOPAK,AEGIS VOPAK TERMINALS LTD,267.1,280.0,267.1,274.8,269.5,883444
2026-08-18,AEQUS,AEQUS LIMITED,249.4,263.45,248.23,259.85,249.58,6595637
2026-08-18,AEROENTER,AEROFLEX ENTERPRISES LTD,125.75,133.4,122.0,130.89,125.73,1139049
2026-08-18,AEROFLEX,AEROFLEX INDUSTRIES LTD,454.0,488.0,449.4,485.85,455.85,3213334
2026-08-18,AERONEU,AEROFLEX NEU LIMITED,86.26,86.26,80.01,81.57,84.49,17969
2026-08-18,AETHER,AETHER INDUSTRIES LIMITED,1606.0,1692.0,1604.3,1633.6,1605.7,308349
2026-08-18,AFCONS,AFCONS INFRASTRUCTURE LTD,269.85,281.45,269.85,280.25,271.7,1053486
2026-08-18,AFFLE,AFFLE 3I LIMITED,1715.0,1717.0,1692.8,1711.3,1703.9,124757
2026-08-18,AGARIND,AGARWAL INDS CORP LTD.,496.55,502.4,493.3,501.1,499.6,19464
2026-08-18,AGI,AGI GREENPAC LIMITED,710.55,720.0,707.0,711.7,716.5,42716
2026-08-18,AGIIL,AGI INFRA LIMITED,299.0,299.95,291.15,292.85,301.5,400576
2026-08-18,AGRITECH,AGRI-TECH (INDIA) LIMITED,103.5,103.5,100.99,101.84,103.49,3463
2026-08-18,AGROPHOS,AGRO PHOS INDIA LIMITED,27.35,27.35,26.0,26.07,26.39,30499
2026-08-18,AHLADA,AHLADA ENGINEERS LIMITED,37.4,37.99,36.0,36.43,37.0,7675
2026-08-18,AHLUCONT,AHLUWALIA CONT IND LTD,776.0,782.4,702.5,707.7,793.85,545925
2026-08-18,AIAENG,AIA ENGINEERING LIMITED,4383.6,4479.0,4326.1,4447.6,4383.6,52134
2026-08-18,AIRAN,AIRAN LIMITED,15.21,15.23,15.04,15.12,15.23,33026
2026-08-18,AIROLAM,AIRO LAM LIMITED,89.99,91.25,87.18,87.91,87.42,15448
2026-08-18,AJANTPHARM,AJANTA PHARMA LIMITED,3736.0,3796.0,3694.0,3706.4,3718.2,145440
2026-08-18,AJAXENGG,AJAX ENGINEERING LIMITED,565.0,570.0,552.0,558.4,567.25,53577
2026-08-18,AJMERA,AJMERA REALTY & INF I LTD,117.1,120.8,116.0,116.58,118.7,208462
2026-08-18,AJOONI,AJOONI BIOTECH LIMITED,3.65,3.85,3.65,3.82,3.81,264805
2026-08-18,AKASH,AKASH INFRA-PROJECTS LTD,25.0,25.77,24.71,25.08,25.43,377
2026-08-18,AKG,AKG EXIM LIMITED,9.15,9.3,8.81,8.99,8.98,44658
2026-08-18,AKI,AKI INDIA LIMITED,4.13,4.38,4.05,4.19,4.13,241941
2026-08-18,AFIL,AKME FINTRADE (INDIA) LTD,9.2,9.5,9.2,9.36,9.4,361615
2026-08-18,AKSHAR,AKSHAR SPINTEX LIMITED,0.41,0.42,0.41,0.41,0.41,475644
2026-08-18,AKUMS,AKUMS DRUGS AND PHARMA L,753.85,766.85,740.9,744.15,744.0,263636
2026-08-18,ALANKIT,ALANKIT LIMITED,8.1,8.4,8.1,8.13,8.17,120928
2026-08-18,ALBERTDAVD,ALBERT DAVID LIMITED,805.0,839.0,791.2,833.05,806.1,17562
2026-08-18,ALEMBICLTD,ALEMBIC LIMITED,90.31,90.4,87.8,89.87,90.15,276330
2026-08-18,APLLTD,ALEMBIC PHARMA LTD,820.0,838.0,820.0,824.55,822.45,51271
2026-08-18,ALFREDHE,ALFRED HERBERT INDIA L,3151.0,3151.0,2980.0,2985.6,3151.2,22
2026-08-18,ALGOQUANT,ALGOQUANT FINTECH LIMITED,66.2,67.49,65.26,66.27,66.29,1039258
2026-08-18,ALICON,ALICON CASTALLOY LIMITED,729.7,764.0,718.05,756.95,726.1,171517
2026-08-18,ALIVUS,ALIVUS LIFE SCIENCES LTD,1392.2,1413.0,1373.2,1398.7,1394.4,141640
2026-08-18,ALKEM,ALKEM LABORATORIES LTD.,5374.0,5510.0,5374.0,5475.0,5374.0,127028
2026-08-18,ALKYLAMINE,ALKYL AMINES CHEM. LTD,1920.1,1928.8,1885.1,1894.6,1920.1,33643
2026-08-18,ALLTIME,ALL TIME PLASTICS LIMITED,210.98,216.43,208.0,213.99,213.14,217555
2026-08-18,AGL,ALLCARGO GLOBAL LIMITED,14.0,14.01,13.03,13.25,14.01,3444947
2026-08-18,ALLCARGO,ALLCARGO LOGISTICS LTD,10.05,10.12,9.85,9.97,10.06,11044531
2026-08-18,ATL,ALLCARGO TERMINALS LTD,23.91,24.48,23.36,23.68,23.91,246036
2026-08-18,ALLDIGI,ALLDIGI TECH LIMITED,809.25,817.3,801.0,814.75,809.25,8265
2026-08-18,ABDL,ALLIED BLEND N DISTILS L,612.95,617.9,607.8,612.6,610.65,266137
2026-08-18,ADSL,ALLIED DIGITAL SERV. LTD,111.2,112.48,110.0,110.38,111.06,82917
2026-08-18,ALMONDZ,ALMONDZ GLOBAL SEC LTD,14.22,14.4,14.01,14.08,14.2,17474
2026-08-18,ALOKINDS,ALOK INDUSTRIES LIMITED,11.53,11.57,11.42,11.48,11.53,2920830
2026-08-18,ALPA,ALPA LABORATORIES LTD,65.2,65.2,62.24,62.56,63.72,8310
2026-08-18,ALPHAGEO,ALPHAGEO (INDIA) LIMITED,344.0,368.0,329.0,352.26,338.36,199945
2026-08-18,ALPINETEX,ALPINE TEXWORLD LIMITED,56.55,63.56,56.55,60.46,57.14,561798
2026-08-18,ALUFLUOR,ALUFLUORIDE LTD.,442.0,455.0,438.05,440.3,434.05,5718
2026-08-18,AMAGI,AMAGI MEDIA LABS LIMITED,580.0,592.2,566.4,579.15,581.0,1013729
2026-08-18,AMAL,AMAL LTD.,751.25,770.0,730.3,740.45,751.25,2234
2026-08-18,ARE&M,AMARA RAJA ENERGY MOB LTD,945.7,952.8,929.1,935.8,945.7,415621
2026-08-18,AMARJOTHI,AMARJOTHI SPINNING MILL L,162.3,162.3,157.05,157.57,162.0,2196
2026-08-18,AMBALALSA,AMBALAL SARABHAI ENT L,45.93,49.5,45.75,47.61,45.7,549703
2026-08-18,AMBER,AMBER ENTERPRISES (I) LTD,7265.0,7408.0,7252.0,7350.0,7259.0,578175
2026-08-18,AMBICAAGAR,AMBICA AGAR & AROMAINDLTD,23.81,24.73,23.81,24.29,23.78,6006
2026-08-18,AMBIKCO,AMBIKA COTTON MILL LTD.,1603.0,1622.9,1593.2,1610.7,1615.9,5742
2026-08-18,AMBUJACEM,AMBUJA CEMENTS LTD,414.0,416.9,409.9,412.4,415.25,2377631
2026-08-18,AMDIND,AMD INDUSTRIES LIMITED,51.41,54.99,51.41,53.35,51.41,37894
2026-08-18,AMNPLST,AMINES & PLASTICIZERS LTD,185.35,188.85,184.75,185.83,185.55,3663
2026-08-18,AEROPLANE,AMIR CHAND JAG KUM (E) L,181.9,187.0,173.72,181.19,182.85,699230
2026-08-18,AMJLAND,AMJ LAND HOLDINGS LIMITED,39.39,39.4,38.07,38.73,38.62,1419
2026-08-18,AMRUTANJAN,AMRUTAJAN HEALTH LTD,491.1,500.8,487.25,488.25,491.85,61907
2026-08-18,ARSSBL,ANAND RATHI SH N STK BR L,511.0,517.0,505.5,512.0,509.2,165394
2026-08-18,ANANDRATHI,ANAND RATHI WEALTH LTD,2174.0,2199.0,2172.7,2194.8,2176.0,132277
2026-08-18,ANANTRAJ,ANANT RAJ LIMITED,623.0,633.0,621.95,627.05,627.55,1119254
2026-08-18,ACL,ANDHRA CEMENTS LIMITED,45.16,46.85,45.16,46.37,45.94,4303
2026-08-18,ANDHRAPAP,ANDHRA PAPER LIMITED,59.96,62.1,59.76,61.93,59.96,252494
2026-08-18,ANDHRSUGAR,ANDHRA SUGARS LTD,102.59,103.96,99.52,100.46,101.98,730940
2026-08-18,ANDREWYU,ANDREW YULE & CO. LTD.,27.28,27.28,25.35,25.98,26.23,36629
2026-08-18,ANGELONE,ANGEL ONE LIMITED,293.4,293.4,281.6,291.75,293.5,7260733
2026-08-18,ANIKINDS,ANIK INDUSTRIES LTD,44.04,44.04,41.0,43.07,42.76,11453
2026-08-18,APCL,ANJANI PORTLAND CEM LTD,106.87,107.95,103.1,106.23,106.87,4528
2026-08-18,AHCL,ANLON HEALTHCARE LIMITED,14.5,14.72,14.35,14.63,14.51,1995227
2026-08-18,ANMOL,ANMOL INDIA LIMITED,10.02,10.24,10.01,10.17,10.02,24876
2026-08-18,ANNAPURNA,ANNAPURNA SWADISHT LTD,165.4,165.4,155.35,157.6,163.0,63430
2026-08-18,ANSALBU,ANSAL BUILDWELL LTD.,76.0,76.0,73.0,73.0,72.8,145
2026-08-18,ANTGRAPHIC,ANTARCTICA LTD,0.74,0.75,0.72,0.73,0.74,163088
2026-08-18,ANTELOPUS,ANTELOPUS SELAN ENRGY LTD,813.9,866.85,802.5,856.55,800.9,386388
2026-08-18,ANTHEM,ANTHEM BIOSCIENCES LTD,899.0,899.0,883.85,891.05,898.0,477452
2026-08-18,AWHCL,ANTONY WASTE HDG CELL LTD,385.9,388.85,377.0,378.4,385.9,97976
2026-08-18,ANUHPHR,ANUH PHARMA LIMITED,75.72,76.83,75.5,75.8,75.72,39872
2026-08-18,ANURAS,ANUPAM RASAYAN INDIA LTD,1197.5,1219.0,1196.0,1210.5,1196.9,500190
2026-08-18,AONEGOLD,AONEAMC - AONEGOLD,14.25,14.3,14.22,14.28,14.25,172094
2026-08-18,AONELIQUID,AONEAMC - AONELIQUID,1073.07,1073.07,1073.05,1073.05,1072.91,10870
2026-08-18,AONENIFTY,AONEAMC - AONENIFTY,10.18,10.18,10.0,10.01,10.05,154170
2026-08-18,AONESILVER,AONEAMC - AONESILVER,9.15,9.15,8.84,8.85,8.93,424906
2026-08-18,AONETMMQ50,AONEAMC - AONETMMQ50,10.49,10.49,10.38,10.43,10.44,39185
2026-08-18,AONETOTAL,AONEAMC - AONETOTAL,12.04,12.15,11.8,12.0,12.04,113322
2026-08-18,APARINDS,APAR INDUSTRIES LTD.,16650.0,17295.0,16199.0,17214.0,16524.0,338500
2026-08-18,APCOTEXIND,APCOTEX INDUSTRIES LIMITE,605.45,634.5,605.45,632.55,605.45,404224
2026-08-18,APEX,APEX FROZEN FOODS LIMITED,424.0,427.8,395.4,398.5,422.55,944431
2026-08-18,APLAPOLLO,APL APOLLO TUBES LTD,2082.0,2122.0,2075.1,2115.0,2081.3,418384
2026-08-18,APOLLOHOSP,APOLLO HOSPITALS ENTER. L,8825.5,8907.0,8786.5,8817.0,8825.5,474997
2026-08-18,APOLLO,APOLLO MICRO SYSTEMS LTD,387.5,390.5,384.0,387.85,387.05,2866177
2026-08-18,APOLLOPIPE,APOLLO PIPES LIMITED,545.3,560.0,544.95,551.3,545.3,368105
2026-08-18,APOLSINHOT,APOLLO SINDOORI HOTEL LTD,1201.0,1223.3,1153.5,1190.0,1205.8,1071
2026-08-18,APOLLOTYRE,APOLLO TYRES LTD,435.5,438.95,434.25,436.0,436.7,236230
2026-08-18,APTUS,APTUS VALUE HSG FIN I LTD,256.6,261.7,255.2,257.0,255.2,706252
2026-08-18,AQYLON,AQYLON NEXUS LIMITED,21.5,22.87,20.87,22.86,21.79,3402192
2026-08-18,ACI,ARCHEAN CHEMICAL IND LTD,517.35,517.35,508.55,512.9,515.35,82390
2026-08-18,ADL,ARCHIDPLY DECOR LIMITED,69.0,73.0,68.99,69.07,68.65,365
2026-08-18,ARCHIDPLY,ARCHIDPLY IND. LTD,97.89,97.89,93.8,95.32,95.91,14039
2026-08-18,ARCHIES,ARCHIES LTD,13.26,13.56,13.26,13.52,13.49,10691
2026-08-18,ARCL,ARCL ORGANICS LTD.,236.4,236.4,224.58,233.75,236.4,667
2026-08-18,ARDEE,ARDEE INDUSTRIES LIMITED,62.15,64.86,60.61,63.89,62.34,12405716
2026-08-18,ARFIN,ARFIN INDIA LIMITED,83.0,83.45,82.0,82.5,83.69,982288
2026-08-18,ARIES,ARIES AGRO LTD.,429.3,450.0,421.0,442.7,434.65,173328
2026-08-18,ARIHANTCAP,ARIHANT CAPITAL MKTS LTD,73.47,74.8,73.1,73.77,73.47,104567
2026-08-18,ARIHANT,ARIHANT FOUN & HOU LTD,1030.0,1046.8,975.2,1021.5,1031.6,3544
2026-08-18,ARIHANTSUP,ARIHANT SUPERSTRUCT LTD,259.05,259.2,248.3,251.45,257.6,7697
2026-08-18,ARIS,ARISINFRA SOLUTIONS LTD,136.0,136.5,134.32,135.97,136.25,390567
2026-08-18,ARKADE,ARKADE DEVELOPERS LIMITED,130.94,131.97,129.24,130.02,129.99,191083
2026-08-18,ARMANFIN,ARMAN FIN SERV LTD,1976.8,1978.0,1932.0,1936.8,1962.9,33991
2026-08-18,AROGRANITE,ARO GRANITE IND. LTD.,24.75,24.95,24.21,24.68,24.57,3848
2026-08-18,ARTNIRMAN,ART NIRMAN LIMITED,42.44,43.68,41.0,43.02,42.23,1154
2026-08-18,AEPL,ARTEMIS ELECTRICALS & P L,14.8,15.41,14.63,14.9,14.93,20978
2026-08-18,ARTEMISMED,ARTEMIS MED SERVICE LTD,314.4,315.4,309.4,312.15,314.4,224408
2026-08-18,ARVEE,ARVEE LABORATORIES I LTD,165.55,171.89,165.55,170.55,165.55,962
2026-08-18,ARVINDFASN,ARVIND FASHIONS LIMITED,441.0,443.6,434.0,438.05,444.15,289683
2026-08-18,ARVIND,ARVIND LIMITED,554.45,555.2,522.6,526.5,552.3,928757
2026-08-18,ARVSMART,ARVIND SMARTSPACES LTD,667.95,676.95,651.1,665.55,670.35,84696
2026-08-18,ARYAMAN,ARYAMAN FINANCIAL SERV L,599.9,599.9,570.0,599.9,599.9,12
2026-08-18,ASAHIINDIA,ASAHI INDIA GLASS LIMITED,938.0,970.85,934.85,962.8,931.2,736543
2026-08-18,ASHAPURMIN,ASHAPURA MINECHEM LTD,615.8,616.4,594.0,596.3,612.2,344374
2026-08-18,ASHIANA,ASHIANA HOUSING LTD,365.0,367.2,362.0,365.75,365.0,23957
2026-08-18,ASHIMASYN,ASHIMA LTD,17.51,17.94,16.95,17.38,17.51,82670
2026-08-18,ASHOKLEY,ASHOK LEYLAND LTD,177.0,177.59,174.5,176.35,177.1,14208948
2026-08-18,ASHOKA,ASHOKA BUILDCON LTD,113.0,113.0,111.5,111.83,113.27,355486
2026-08-18,ASHOKAMET,ASHOKA METCAST LIMITED,13.63,13.7,13.37,13.4,13.77,10576
2026-08-18,ASIANENE,ASIAN ENERGY SERVICES LTD,426.9,465.1,419.8,463.05,425.25,3647876
2026-08-18,ASIANTILES,ASIAN GRANITO IND. LTD.,47.97,47.97,45.5,45.81,47.97,9346225
2026-08-18,AHLEAST,ASIAN HOTELS (EAST) LTD,140.95,144.0,139.05,139.54,140.95,1675
2026-08-18,ASIANHOTNR,ASIAN HOTELS (NORTH) LTD,296.95,303.5,296.3,302.0,300.0,5841
2026-08-18,ASIANPAINT,ASIAN PAINTS LIMITED,2663.1,2670.1,2610.1,2628.4,2687.5,1017022
2026-08-18,ASTAR,ASIAN STAR CO. LTD.,619.5,619.5,590.3,590.6,585.05,268
2026-08-18,ASIANTNE,ASIAN TEA & EXPORTS LTD.,9.5,9.69,9.11,9.46,9.73,3285
2026-08-18,ASKAUTOLTD,ASK AUTOMOTIVE LIMITED,651.0,654.95,633.0,638.25,649.2,260634
2026-08-18,ASPINWALL,ASPINWALL & CO LTD,236.24,239.0,232.22,234.93,236.24,734
2026-08-18,ASSAMENT,ASSAM ENTRADE LIMITED,807.5,807.5,807.5,807.5,850.0,7
2026-08-18,ASALCBR,ASSO ALCOHOLS & BREW LTD,731.5,731.5,719.0,721.9,733.25,24739
2026-08-18,ASTEC,ASTEC LIFESCIENCES LTD,580.8,606.05,564.3,585.55,580.8,61911
2026-08-18,ASTERDM,ASTER DM QUALITY CARE LTD,824.7,828.8,815.95,818.0,819.75,605701
2026-08-18,ASTRAMICRO,ASTRA MICROWAVE LTD,1707.0,1800.0,1706.5,1767.4,1707.1,312448
2026-08-18,ASTRAL,ASTRAL LIMITED,1538.4,1545.0,1517.1,1520.0,1538.3,176344
2026-08-18,ASTRAZEN,ASTRAZENECA PHARMA IND LT,7640.5,7759.5,7595.0,7645.0,7640.5,7588
2026-08-18,ATALREAL,ATAL REALTECH LIMITED,36.1,36.33,31.42,33.93,35.85,20814653
2026-08-18,ATAM,ATAM VALVES LIMITED,60.06,61.89,57.57,59.75,60.67,6078
2026-08-18,ATHERENERG,ATHER ENERGY LIMITED,1484.7,1504.0,1455.0,1465.8,1485.2,2760706
2026-08-18,ATLANTAELE,ATLANTA ELECTRICALS LTD,1828.9,1849.8,1759.0,1774.4,1788.2,224377
2026-08-18,ATLANTAA,ATLANTAA LIMITED,39.51,40.7,37.71,38.68,39.64,49094
2026-08-18,ATLASCYCLE,ATLAS CYCLE (HARYANA) LTD,97.6,98.0,96.01,97.19,97.61,916
2026-08-18,ATULAUTO,ATUL AUTO LIMITED,494.25,501.05,491.0,493.3,498.0,74007
2026-08-18,ATUL,ATUL LTD,6769.5,6770.5,6585.0,6608.5,6721.0,23328
2026-08-18,AUBANK,AU SMALL FINANCE BANK LTD,1071.0,1079.6,1064.5,1075.7,1072.2,450491
2026-08-18,AURIONPRO,AURIONPRO SOLN LTD,726.4,727.6,711.0,712.55,722.75,136690
2026-08-18,AUROPHARMA,AUROBINDO PHARMA LTD,1631.0,1645.9,1626.3,1645.0,1627.2,573961
2026-08-18,AURUM,AURUM PROPTECH LIMITED,230.08,230.09,222.8,226.64,229.12,77941
2026-08-18,AURUS,AURUS GEM CORP LIMITED,4.71,4.8,4.5,4.72,4.71,13470
2026-08-18,AUSOMENT,AUSOM ENTERPRISE LIMITED,145.0,147.0,141.0,146.47,144.39,3851
2026-08-18,AUSTENG,AUSTIN ENGINEERING CO. L,122.87,126.75,110.0,114.3,122.87,776
2026-08-18,AIIL,AUTHUM INVEST & INFRA LTD,552.5,561.0,550.0,553.25,551.5,107054
2026-08-18,ACGL,AUTOMOBILE CORPN OF GOA L,1784.3,1814.9,1715.5,1755.0,1766.7,628
2026-08-18,AUTOAXLES,AUTOMOTIVE AXLES LIMITED,1784.0,1817.7,1758.2,1789.0,1787.0,8851
2026-08-18,ASAL,AUTOMOTIVE STAMPINGS & AS,505.95,514.5,496.95,499.55,505.95,15737
2026-08-18,AVADHSUGAR,AVADH SUG & ENERGY LTD,738.0,740.05,701.55,711.3,725.25,287536
2026-08-18,AVALON,AVALON TECHNOLOGIES LTD,2059.4,2258.0,2055.9,2197.3,2059.4,1136151
2026-08-18,AVANCE,AVANCE TECHNOLOGIES LTD.,0.9,0.94,0.9,0.9,0.9,4124773
2026-08-18,AVANTEL,AVANTEL LIMITED,156.9,163.8,156.63,162.27,157.51,1319374
2026-08-18,AVANTIFEED,AVANTI FEEDS LIMITED,879.95,883.5,862.1,866.15,875.6,188859
2026-08-18,DMART,AVENUE SUPERMARTS LIMITED,3989.6,4019.1,3946.7,3981.0,3995.0,339330
2026-08-18,CCAVENUE,AVENUESAI LIMITED,15.19,15.21,15.04,15.08,15.21,6119978
2026-08-18,AVONMORE,AVONMORE CAP&MGT SERV LTD,13.49,13.64,13.0,13.18,13.01,404631
2026-08-18,AVROIND,AVRO INDIA LIMITED,8.7,8.99,8.41,8.8,8.5,443107
2026-08-18,AVTNPL,AVT NATURAL PRODUCTS LTD,87.0,92.45,87.0,87.45,88.1,1325259
2026-08-18,AWFIS,AWFIS SPACE SOLUTIONS LTD,268.0,268.95,265.0,265.6,268.95,101104
2026-08-18,AWL,AWL AGRI BUSINESS LIMITED,193.9,193.9,189.26,190.04,193.34,1028865
2026-08-18,AXISBANK,AXIS BANK LIMITED,1223.9,1250.5,1223.4,1243.0,1227.3,5064697
2026-08-18,BNKETFAXIS,AXISAMC-BNKETFAXIS,593.4,593.48,590.21,592.79,596.67,439
2026-08-18,CONSUMAXIS,AXISAMC-CONSUMAXIS,124.49,124.49,123.54,123.8,124.73,879
2026-08-18,GOLDAXIS,AXISAMC-GOLDAXIS,127.41,127.66,127.11,127.38,127.41,1061987
2026-08-18,HEALTHAXIS,AXISAMC-HEALTHAXIS,167.93,168.46,167.31,167.34,167.93,4609
2026-08-18,ITAXIS,AXISAMC-ITAXIS,340.0,340.0,332.48,333.91,341.65,5403
2026-08-18,NIFTYAXIS,AXISAMC-NIFTYAXIS,269.85,269.85,268.0,268.21,269.85,3456
2026-08-18,SENSEXAXIS,AXISAMC-SENSEXAXIS,79.07,81.5,78.83,79.72,81.1,3511
2026-08-18,SILVERAXIS,AXISAMC-SILVERAXIS,231.94,231.94,229.9,230.25,232.33,345855
2026-08-18,VALUEAXIS,AXISAMC-VALUEAXIS,33.15,33.24,32.9,33.1,32.99,26765
2026-08-18,AXISCADES,AXISCADES TECH LTD,1557.1,1630.0,1555.9,1607.1,1553.4,235649
2026-08-18,AXITA,AXITA COTTON LIMITED,7.34,7.39,7.25,7.29,7.25,320267
2026-08-18,AXTEL,AXTEL INDUSTRIES LTD.,413.15,419.95,410.0,415.3,418.0,899
2026-08-18,AYE,AYE FINANCE LIMITED,170.0,172.89,166.55,171.8,169.77,616285
2026-08-18,AYMSYNTEX,AYM SYNTEX LIMITED,272.25,277.45,269.05,270.9,271.9,26598
2026-08-18,AZAD,AZAD ENGINEERING LIMITED,2885.0,2889.0,2787.4,2858.9,2899.9,773291
2026-08-18,AZADIND,AZAD INDIA MOBILITY LTD.,96.0,96.0,90.05,90.93,91.48,44603
2026-08-18,BBTCL,B&B TRIPLEWALL CONT LTD,242.99,242.99,235.49,238.82,233.35,8402
2026-08-18,BAGFILMS,B.A.G FILMS AND MEDIA LTD,4.52,4.52,4.4,4.43,4.46,71607
2026-08-18,BLKASHYAP,B.L.KASHYAP & SON LTD,53.47,53.47,52.1,52.36,53.73,188183
2026-08-18,STYLEBAAZA,BAAZAR STYLE RETAIL LTD,402.65,402.65,400.0,402.65,383.5,4855079
2026-08-18,BAIDFIN,BAID FINSERV LIMITED,9.6,9.8,9.46,9.74,9.6,40417
2026-08-18,BAJAJ-AUTO,BAJAJ AUTO LIMITED,11700.0,11768.0,11581.0,11607.0,11663.0,237816
2026-08-18,BAJAJCON,BAJAJ CONSUMER CARE LTD,480.0,495.0,476.2,484.05,481.4,690508
2026-08-18,BAJAJELEC,BAJAJ ELECT.LTD,357.0,369.7,354.65,355.55,357.45,329572
2026-08-18,BAJFINANCE,BAJAJ FINANCE LIMITED,1088.6,1100.0,1087.6,1094.3,1089.3,3374018
2026-08-18,BAJAJFINSV,BAJAJ FINSERV LTD.,1998.4,2018.8,1998.0,2011.2,2005.0,413236
2026-08-18,BAJAJHCARE,BAJAJ HEALTHCARE LIMITED,325.65,325.65,320.95,322.25,323.05,59116
2026-08-18,BAJAJHIND,BAJAJ HINDUSTHAN SUGAR LT,18.05,19.27,17.93,18.6,17.93,35179356
2026-08-18,BAJAJHLDNG,BAJAJ HOLDINGS & INVS LTD,11379.0,11435.0,11211.0,11254.0,11379.0,21569
2026-08-18,BAJAJHFL,BAJAJ HOUSING FINANCE LTD,84.58,84.9,84.07,84.36,84.0,1890650
2026-08-18,BAJAJST,BAJAJ STEEL INDS. LTD.,369.9,369.9,354.4,359.5,358.3,10924
2026-08-18,BAJEL,BAJEL PROJECTS LIMITED,186.0,187.19,182.9,183.22,185.87,95319
2026-08-18,BALPHARMA,BAL PHARMA LTD.,85.0,85.95,84.96,85.29,85.0,7564
2026-08-18,BALAMINES,BALAJI AMINES LIMITED,2137.5,2146.8,2084.8,2103.7,2125.2,71077
2026-08-18,BALAJITELE,BALAJI TELEFILMS LIMITED.,92.2,93.35,91.21,92.79,92.72,108093
2026-08-18,BALAXI,BALAXI PHARMA LTD,24.21,24.25,23.7,23.72,24.21,27297
2026-08-18,BALKRISIND,BALKRISHNA IND. LTD,2400.0,2413.0,2372.0,2376.7,2407.2,54929
2026-08-18,BALKRISHNA,BALKRISHNA PAPER MILLS L,17.31,18.0,17.27,17.56,17.45,14136
2026-08-18,BALMLAWRIE,BALMER LAWRIE & CO LTD,174.5,176.4,174.0,174.72,174.59,81494
2026-08-18,BLIL,BALMER LAWRIE INVSTS. L,71.2,71.38,70.72,71.3,70.59,45096
2026-08-18,BALRAMCHIN,BALRAMPUR CHINI MILLS LTD,657.7,669.4,650.5,653.25,655.75,1122218
2026-08-18,BALUFORGE,BALU FORGE INDUSTRIES LTD,512.35,549.7,508.0,542.55,513.35,4047514
2026-08-18,BANARBEADS,BANARAS BEADS LTD,111.75,114.5,111.75,113.4,111.74,3899
2026-08-18,BANCOINDIA,BANCO PRODUCTS (I) LTD,611.95,633.8,611.95,628.55,611.15,219443
2026-08-18,BANDHANBNK,BANDHAN BANK LIMITED,173.25,174.0,170.21,170.5,173.25,4548748
2026-08-18,GOLDBND,BANDHANAMC - GOLDBND,152.21,153.9,151.81,152.8,152.83,36440
2026-08-18,IDFNIFTYET,BANDHANAMC - IDFNIFTYET,272.0,273.9,266.0,267.14,271.61,1658
2026-08-18,SILVERBND,BANDHANAMC - SILVERBND,237.15,237.15,232.0,232.51,234.8,12906
2026-08-18,BANG,BANG OVERSEAS LTD.,28.41,29.74,28.22,28.86,28.8,12588
2026-08-18,BANKBARODA,BANK OF BARODA,245.42,247.28,243.9,244.0,246.55,3521816
2026-08-18,BANKINDIA,BANK OF INDIA,143.0,144.42,142.1,142.1,143.75,2382166
2026-08-18,MAHABANK,BANK OF MAHARASHTRA,81.1,82.13,80.21,80.49,81.1,8400426
2026-08-18,BANKA,BANKA BIOLOO LIMITED,75.25,82.59,74.73,80.59,78.66,10584
2026-08-18,BANARISUG,BANNARI AMMAN SUGARS LTD,3469.8,3565.0,3469.8,3543.9,3469.8,1129
2026-08-18,BANSALWIRE,BANSAL WIRE INDUSTRIES L,326.75,326.75,317.65,321.0,323.75,83094
2026-08-18,BANSWRAS,BANSWARA SYNTEX LIMITED,116.4,118.0,114.34,116.01,115.47,20758
2026-08-18,BVCL,BARAK VALLEY CEM. LTD.,40.5,40.88,40.1,40.34,40.53,15824
2026-08-18,BBNPNBETF,BARODABNP - BBNPNBETF,58.07,58.07,57.65,57.78,58.07,537
2026-08-18,BBNPPGOLD,BARODABNP - BBNPPGOLD,147.8,148.35,147.55,147.65,147.8,1334
2026-08-18,BASF,BASF INDIA LTD,4049.3,4086.1,3968.9,3979.8,4041.2,30791
2026-08-18,BATAINDIA,BATA INDIA LTD,755.0,758.0,747.8,753.1,758.1,592566
2026-08-18,BATLIBOI,BATLIBOI LTD.,88.05,88.49,85.41,85.85,87.85,28615
2026-08-18,BAYERCROP,BAYER CROPSCIENCE LTD,4128.0,4128.0,4060.0,4105.7,4099.2,22696
2026-08-18,BCLIND,BCL INDUSTRIES LIMITED,36.38,37.25,36.11,36.27,36.36,569274
2026-08-18,BCPL,BCPL RAILWAY INFRA LTD,74.5,74.5,69.0,70.79,73.35,19626
2026-08-18,BEARDSELL,BEARDSELL LIMITED,24.41,25.98,24.4,24.6,24.87,16682
2026-08-18,BEDMUTHA,BEDMUTHA INDUST LTD,109.9,115.7,109.84,114.72,109.11,1711
2026-08-18,BEEKAY,BEEKAY STEEL INDS. LTD.,433.95,433.95,422.05,424.05,431.15,1239
2026-08-18,BELLACASA,BELLA CASA FASH AND RET L,226.73,231.5,222.1,223.29,222.69,23494
2026-08-18,BELRISE,BELRISE INDUSTRIES LTD,237.0,238.7,232.25,236.73,236.09,5153065
2026-08-18,BLAL,BEML LAND ASSETS LIMITED,170.91,171.48,169.1,170.71,169.43,13496
2026-08-18,BEML,BEML LIMITED,1904.0,1975.0,1895.3,1965.5,1908.5,723941
2026-08-18,BENARAS,BENARES HOTELS LTD.,10190.0,10300.0,10100.0,10205.0,10178.0,50
2026-08-18,BENGALASM,BENGAL & ASSAM CO. LTD.,6234.5,6333.5,6234.5,6246.0,6234.5,91
2026-08-18,BERGEPAINT,BERGER PAINTS (I) LTD,549.0,549.6,537.3,541.2,549.35,243429
2026-08-18,BESTAGRO,BEST AGROLIFE LIMITED,19.0,19.08,18.1,18.47,18.88,657252
2026-08-18,BETA,BETA DRUGS LIMITED,2435.0,2519.9,2326.2,2355.0,2432.9,51810
2026-08-18,BFINVEST,BF INVESTMENT LIMITED,462.8,466.95,455.7,460.7,464.3,21544
2026-08-18,BFUTILITIE,BF UTILITIES LIMITED,542.15,552.7,531.2,533.2,545.65,26107
2026-08-18,BANK10BETF,BFAM - BANK10BETF,20.97,20.99,20.75,20.79,20.97,898
2026-08-18,BANKBETF,BFAM - BANKBETF,58.72,58.72,58.16,58.39,58.76,41255
2026-08-18,LIQUIDBETF,BFAM - LIQUIDBETF,1095.04,1095.06,1095.04,1095.05,1094.92,142007
2026-08-18,NIFTYBETF,BFAM - NIFTYBETF,250.75,250.75,249.0,249.58,250.75,778
2026-08-18,BHAGCHEM,BHAGIRADHA CHEM & INDS L,284.9,299.0,284.9,287.35,288.75,275498
2026-08-18,BHAGYANGR,BHAGYANAGAR INDIA LIMITED,388.0,401.6,376.05,401.05,382.5,553306
2026-08-18,BHANDARI,BHANDARI HOSIERY EXP LTD,3.03,3.13,3.02,3.05,3.03,247615
2026-08-18,BEPL,BHANSALI ENG. POLYMERS LT,123.0,124.48,121.2,122.17,122.89,586505
2026-08-18,BBL,BHARAT BIJLEE LTD,2309.9,2360.0,2282.5,2339.8,2298.5,29027
2026-08-18,BHARATCOAL,BHARAT COKING COAL LTD,33.49,33.79,33.11,33.24,33.33,3522388
2026-08-18,BDL,BHARAT DYNAMICS LIMITED,1380.0,1401.5,1354.5,1393.0,1380.0,2608024
2026-08-18,BEL,BHARAT ELECTRONICS LTD,412.7,416.35,410.95,412.0,412.45,9120934
2026-08-18,BHARATFORG,BHARAT FORGE LTD,2089.9,2098.9,2064.0,2098.9,2093.0,771575
2026-08-18,BPLPHARMA,BHARAT PARENTERALS LTD.,1553.9,1553.9,1201.1,1264.8,1307.0,290
2026-08-18,BPCL,BHARAT PETROLEUM CORP  LT,315.3,317.15,310.3,310.3,316.65,5279469
2026-08-18,BHARATRAS,BHARAT RASAYAN LTD,1307.0,1307.0,1252.1,1277.8,1301.0,11204
2026-08-18,BRNL,BHARAT ROAD NETWORK LTD,17.96,17.96,17.29,17.33,17.45,19355
2026-08-18,BHARATSE,BHARAT SEATS LIMITED,240.35,248.7,239.03,240.91,238.44,309618
2026-08-18,BHARATWIRE,BHARAT WIRE ROPES LTD.,192.9,194.79,186.4,189.26,192.92,129081
2026-08-18,BHARTIARTL,BHARTI AIRTEL LIMITED,1956.7,1959.7,1923.2,1934.2,1969.3,6710275
2026-08-18,BHARTIHEXA,BHARTI HEXACOM LIMITED,1634.0,1634.0,1595.0,1600.4,1641.0,104526
2026-08-18,BIL,BHARTIYA INTERNATIONAL,860.0,860.0,830.1,831.25,854.9,11046
2026-08-18,BHEL,BHEL,434.0,434.15,423.5,425.0,435.95,7418846
2026-08-18,BIGBLOC,BIGBLOC CONSTRUCTION LTD,45.5,45.5,43.8,44.02,44.33,37465
2026-08-18,BIKAJI,BIKAJI FOODS INTERN LTD,613.0,615.8,608.0,608.65,613.65,36824
2026-08-18,BI,BILCARE LTD.,94.0,101.38,92.17,101.38,92.17,523283
2026-08-18,GROWW,BILLIONBRAINS GARAGE VN L,198.11,198.25,190.86,193.81,198.69,57106951
2026-08-18,BIMETAL,BIMETAL BEARINGS LTD.,613.5,640.0,613.0,632.85,620.0,108
2026-08-18,BIOCON,BIOCON LIMITED.,413.5,421.6,412.2,417.5,412.0,2691030
2026-08-18,BIOFILCHEM,BIOFIL CHEM & PHARMA LTD,31.73,32.3,31.55,31.64,31.73,1870
2026-08-18,BIRLACORPN,BIRLA CORPORATION LTD,893.0,904.75,893.0,895.55,901.8,27219
2026-08-18,BIRLAPREC,BIRLA PRECISION TECH L,37.67,37.67,35.92,36.49,35.91,10673
2026-08-18,BIRLANU,BIRLANU LIMITED,1550.0,1600.0,1540.0,1588.8,1551.8,11753
2026-08-18,ABGSEC,BIRLASLAMC - ABGSEC,115.63,115.63,114.64,115.3,115.07,213
2026-08-18,ABSL10BANK,BIRLASLAMC - ABSL10BANK,168.73,169.75,168.48,169.23,169.69,1546
2026-08-18,ABSLBANETF,BIRLASLAMC - ABSLBANETF,59.65,59.65,58.77,59.1,59.27,41503
2026-08-18,ABSLLIQUID,BIRLASLAMC - ABSLLIQUID,1000.0,1000.01,999.99,999.99,1000.0,1037
2026-08-18,ABSLMSCIN,BIRLASLAMC - ABSLMSCIN,29.7,29.87,29.7,29.76,29.89,858
2026-08-18,ABSLNN50ET,BIRLASLAMC - ABSLNN50ET,78.38,78.67,78.31,78.32,78.38,7571
2026-08-18,BSLSENETFG,BIRLASLAMC - BSLSENETFG,78.41,78.41,77.6,78.06,78.38,12436
2026-08-18,HEALTHY,BIRLASLAMC - HEALTHY,17.19,17.19,16.9,16.95,16.99,193066
2026-08-18,MOMENTUM,BIRLASLAMC - MOMENTUM,31.57,31.59,31.42,31.47,31.57,18991
2026-08-18,NIFTYQLITY,BIRLASLAMC - NIFTYQLITY,21.86,21.86,21.6,21.68,21.86,22776
2026-08-18,SILVER,BIRLASLAMC - SILVER,235.0,235.0,231.0,231.48,233.39,508908
2026-08-18,TECH,BIRLASLAMC - TECH,33.75,33.78,33.1,33.24,33.75,31996
2026-08-18,ABSLPSE,BIRLASLAMC-ABSLPSE,10.41,10.41,10.13,10.21,10.28,128769
2026-08-18,BSOFT,BIRLASOFT LIMITED,310.85,311.2,304.5,305.55,310.8,565208
2026-08-18,BBOX,BLACK BOX LIMITED,774.1,784.3,753.35,777.4,774.1,372305
2026-08-18,BLACKBUCK,BLACKBUCK LIMITED,567.5,591.6,564.0,588.8,569.5,602531
2026-08-18,BLBLIMITED,BLB LIMITED,16.0,16.4,15.81,16.12,16.03,102044
2026-08-18,BLSE,BLS E-SERVICES LIMITED,310.95,313.3,310.0,310.6,310.8,119023
2026-08-18,BLS,BLS INTL SERVS LTD,272.01,277.76,264.82,267.74,272.56,1545928
2026-08-18,BLUECHIP,BLUE CHIP INDIA LIMITED,1.87,1.87,1.87,1.87,1.84,3337
2026-08-18,BLUECLOUDS,BLUE CLOUD SOFTECH SOLU L,21.98,23.55,21.5,22.85,21.83,4225295
2026-08-18,BLUEDART,BLUE DART EXPRESS LTD,5100.0,5125.0,5070.0,5085.5,5125.0,6205
2026-08-18,BLUEJET,BLUE JET HEALTHCARE LTD,589.95,612.95,589.15,607.25,593.2,1660898
2026-08-18,BLUESTARCO,BLUE STAR LIMITED,1520.5,1535.4,1490.0,1493.0,1508.1,576843
2026-08-18,BLUESTONE,BLUESTONE JEWEL LFSTL LTD,839.0,852.4,816.0,820.4,834.65,1645777
2026-08-18,BLUSPRING,BLUSPRING ENTERPRISES LTD,109.0,112.0,107.26,111.21,109.0,328749
2026-08-18,BMWVENTLTD,BMW VENTURES LIMITED,57.5,58.34,57.0,57.25,57.62,47589
2026-08-18,BNAGROCHEM,BN AGROCHEM LTD.,235.3,239.0,221.15,231.7,232.75,14186
2026-08-18,BTML,BODHI TREE MULTIMEDIA LTD,8.95,9.05,8.89,8.93,8.95,1257251
2026-08-18,BOHRAIND,BOHRA INDUSTRIES LIMITED,13.6,15.41,13.6,14.99,14.01,21453
2026-08-18,BBTC,BOMBAY BURMAH TRADING COR,1465.0,1481.8,1465.0,1473.2,1463.6,25932
2026-08-18,BOMDYEING,BOMBAY DYEING & MFG. CO L,113.9,116.8,113.9,114.83,113.89,509320
2026-08-18,BSHSL,BOMBAY SUPER HYBRID SEEDS,86.5,89.99,86.5,87.95,88.65,3585
2026-08-18,BONLON,BONLON INDUSTRIES LIMITED,42.87,43.75,41.15,41.86,42.02,4314
2026-08-18,BORANA,BORANA WEAVES LIMITED,320.95,323.55,312.5,315.2,321.1,28381
2026-08-18,BOROLTD,BOROSIL LIMITED,242.02,252.32,239.7,250.34,244.81,116674
2026-08-18,BORORENEW,BOROSIL RENEWABLES LTD,570.9,576.5,562.0,563.65,569.9,271615
2026-08-18,BOROSCI,BOROSIL SCIENTIFIC LTD,132.34,134.09,130.0,130.46,132.69,36364
2026-08-18,BOSCH-HCIL,BOSCH HOME COMFRT IND LTD,1695.0,1742.6,1683.1,1732.1,1700.4,77451
2026-08-18,BOSCHLTD,BOSCH LIMITED,47010.0,48940.0,46775.0,48730.0,46970.0,93891
2026-08-18,BPL,BPL LTD,50.15,50.6,49.9,49.95,50.15,50252
2026-08-18,BRAHMINFRA,BRAHMAPUTRA INFRA L,178.4,180.0,167.1,176.78,170.77,22379
2026-08-18,FIRSTCRY,BRAINBEES SOLUTIONS LTD,208.42,214.35,203.82,204.65,208.41,1516049
2026-08-18,BCONCEPTS,BRAND CONCEPTS LIMITED,158.0,161.2,156.32,159.8,157.11,7503
2026-08-18,BRIGADE,BRIGADE ENTER. LTD,598.9,600.0,585.0,588.9,593.7,358457
2026-08-18,BRIGHOTEL,BRIGADE HOTEL VENTURE LTD,61.5,61.8,60.35,60.71,61.07,70205
2026-08-18,BRIGHTBR,BRIGHT BROTHERS LTD.,238.0,260.0,231.0,255.13,231.6,3986
2026-08-18,BCG,BRIGHTCOM GROUP LIMITED,9.67,9.72,9.18,9.29,9.67,6675094
2026-08-18,BRITANNIA,BRITANNIA INDUSTRIES LTD,5543.5,5561.0,5490.0,5495.0,5521.0,281420
2026-08-18,BSE,BSE LIMITED,3298.7,3315.4,3235.0,3308.0,3332.0,5806922
2026-08-18,BSL,BSL LTD,123.72,124.33,121.7,122.85,123.72,836
2026-08-18,BUTTERFLY,BTRFLY GANDHI APPL LTD,648.4,658.8,648.4,656.4,655.9,8784
2026-08-18,CGVAK,C G V A K SOFTWARE & EX L,157.0,157.0,151.24,151.24,152.0,334
2026-08-18,MAPMYINDIA,C.E. INFO SYSTEMS LIMITED,991.9,1019.0,985.2,1012.6,991.7,188680
2026-08-18,CMLL,CALIBER MINING AND LOG L,515.35,539.0,506.0,532.65,515.35,1043983
2026-08-18,CALSOFT,CALIFORNIA SOFTWARE CO LT,26.2,27.12,26.19,27.12,25.83,248678
2026-08-18,CTE,CAMBRIDGE TECH ENTER LTD,42.8,42.8,42.8,42.8,40.77,12043
2026-08-18,CAMLINFINE,CAMLIN FINE SCIENCES LTD,113.54,115.59,108.7,109.6,114.11,1256349
2026-08-18,CAMPUS,CAMPUS ACTIVEWEAR LIMITED,217.93,219.91,216.2,216.63,217.92,502519
2026-08-18,CANFINHOME,CAN FIN HOMES LTD,814.35,825.0,810.05,824.15,814.35,151032
2026-08-18,CANBK,CANARA BANK,130.0,131.0,129.1,129.1,131.1,6622726
2026-08-18,CANHLIFE,CANARA HSBC LIFE INS CO L,148.15,150.49,148.15,149.27,148.9,248175
2026-08-18,CRAMC,CANARA ROBECO AMC LIMITED,253.95,256.9,251.0,254.4,253.95,196677
2026-08-18,CANTABIL,CANTABIL RETAIL LTD,236.3,238.0,227.07,228.58,236.3,150920
2026-08-18,CAPACITE,CAPACITE INFRAPROJECT LTD,210.99,212.39,208.1,209.11,211.89,178674
2026-08-18,CAPILLARY,CAPILLARY TECHNO INDIA L,524.4,527.5,509.3,513.45,525.55,122967
2026-08-18,CIFL,CAPITAL INDIA FINANCE LTD,21.36,21.36,20.8,20.93,20.94,15869
2026-08-18,CAPITALSFB,CAPITAL SMALL FIN BANK L,280.15,290.9,280.15,287.75,281.55,18772
2026-08-18,CAPLIPOINT,CAPLIN POINT LAB LTD.,2540.0,2558.0,2506.1,2529.7,2522.0,70633
2026-08-18,CGCL,CAPRI GLOBAL CAPITAL LTD,225.78,229.78,224.28,225.54,226.24,2703979
2026-08-18,CPL,CAPTAIN POLYPLAST LIMITED,68.9,69.97,68.0,68.36,68.46,118794
2026-08-18,CARBORUNIV,CARBORUNDUM UNIVERSAL LTD,1122.7,1148.8,1118.9,1126.0,1122.7,526641
2026-08-18,CARERATING,CARE RATINGS LIMITED,1707.0,1735.7,1695.0,1725.1,1707.0,46633
2026-08-18,CPEDU,CAREER POINT EDUTECH LTD,207.82,208.8,201.06,203.99,208.11,6510
2026-08-18,CARRARO,CARRARO INDIA LIMITED,513.0,518.75,499.05,512.8,513.45,132532
2026-08-18,CARTRADE,CARTRADE TECH LIMITED,2787.0,2855.0,2780.1,2802.6,2796.9,258422
2026-08-18,CARYSIL,CARYSIL LIMITED,1146.0,1189.8,1146.0,1181.1,1155.8,84309
2026-08-18,CASTROLIND,CASTROL INDIA LIMITED,186.71,187.9,186.1,186.85,187.55,1104007
2026-08-18,CCL,CCL PRODUCTS (I) LTD,1134.0,1142.9,1130.1,1132.1,1130.4,78918
2026-08-18,CEATLTD,CEAT LIMITED,3608.5,3643.9,3600.0,3605.4,3608.5,38041
2026-08-18,CEIGALL,CEIGALL INDIA LIMITED,310.0,312.0,302.3,309.15,315.95,1111657
2026-08-18,CEINSYS,CEINSYS TECH LIMITED,786.5,791.95,780.0,784.3,782.65,23346
2026-08-18,CELEBRITY,CELEBRITY FASHIONS LTD,6.99,6.99,6.64,6.77,6.8,10342
2026-08-18,CELLO,CELLO WORLD LIMITED,371.45,371.45,362.0,362.6,369.6,236015
2026-08-18,CEMPRO,CEMINDIA PROJECTS LIMITED,1340.0,1351.3,1305.9,1324.0,1321.8,404401
2026-08-18,CENTRALBK,CENTRAL BANK OF INDIA,31.26,31.36,31.0,31.02,31.27,3762242
2026-08-18,CDSL,CENTRAL DEPO SER (I) LTD,1356.8,1361.5,1336.0,1340.6,1356.8,759440
2026-08-18,CMPDI,CENTRAL MINE P N D INST L,234.49,236.55,232.25,233.11,235.18,575383
2026-08-18,CENTRUM,CENTRUM CAPITAL LIMITED,24.48,25.25,23.98,24.2,24.3,366515
2026-08-18,CENTUM,CENTUM ELECTRONICS LTD,3381.0,3485.3,3313.8,3430.2,3362.6,121628
2026-08-18,CENTENKA,CENTURY ENKA LTD,578.5,585.6,573.3,576.55,572.6,32771
2026-08-18,CENTEXT,CENTURY EXTRUSIONS LTD,22.0,22.4,21.5,21.93,21.93,1011698
2026-08-18,CENTURYPLY,CENTURY PLYBOARDS (I) LTD,751.0,762.0,744.05,748.25,750.7,38782
2026-08-18,CERA,CERA SANITARYWARE LTD,5775.0,5830.0,5717.5,5792.0,5787.0,5308
2026-08-18,CESC,CESC LTD,170.22,171.75,167.9,167.98,170.22,2555495
2026-08-18,CGPOWER,CG POWER AND IND SOL LTD,898.8,900.0,889.0,894.2,898.8,1568655
2026-08-18,CHALET,CHALET HOTELS LIMITED,847.75,848.75,826.0,834.45,844.7,57779
2026-08-18,CLSEL,CHAMAN LAL SETIA EXP LTD,280.2,283.2,277.75,279.05,281.6,25275
2026-08-18,CHAMBLFERT,CHAMBAL FERTILIZERS LTD,438.95,438.95,433.1,434.4,439.05,357355
2026-08-18,CHEMBOND,CHEMBOND MATERIALTECH LTD,171.0,176.97,167.05,172.69,172.41,3264
2026-08-18,CHEMCRUX,CHEMCRUX ENTERPRISES LTD.,88.5,89.29,86.5,87.0,86.63,2039
2026-08-18,CHEMFAB,CHEMFAB ALKALIS LIMITED,374.45,374.45,361.4,363.45,366.95,1371
2026-08-18,CHEMPLASTS,CHEMPLAST SANMAR LIMITED,179.01,184.0,174.91,177.69,181.73,274157
2026-08-18,CHENNPETRO,CHENNAI PETROLEUM CORP LT,1400.0,1454.5,1384.9,1404.0,1382.4,3584947
2026-08-18,CHEVIOT,CHEVIOT COMPANY LIMITED,1170.0,1175.0,1160.0,1165.6,1161.5,394
2026-08-18,CHOICEIN,CHOICE INTERNATIONAL LTD,803.2,809.5,802.0,803.6,803.8,260260
2026-08-18,CHOICEGOLD,CHOICEAMC - CHOICEGOLD,152.08,152.95,150.26,151.59,152.08,4745
2026-08-18,CHOLAHLDNG,CHOLAMANDALAM FIN HOL LTD,1570.0,1587.3,1557.0,1563.3,1576.4,67053
2026-08-18,CHOLAFIN,CHOLAMANDALAM IN & FIN CO,1873.2,1889.7,1866.6,1868.0,1884.7,523303
2026-08-18,CIEINDIA,CIE AUTOMOTIVE INDIA LTD,408.1,412.0,406.2,409.7,411.3,249282
2026-08-18,CINELINE,CINELINE INDIA LIMITED,88.95,89.1,85.35,87.07,88.49,11389
2026-08-18,CINEVISTA,CINEVISTA LIMITED,14.57,14.86,14.01,14.36,14.8,21389
2026-08-18,CIPLA,CIPLA LTD,1431.5,1437.6,1428.4,1431.1,1431.5,589396
2026-08-18,CUB,CITY UNION BANK LTD,215.0,223.0,214.85,222.18,215.2,3912107
2026-08-18,CLEANMAX,CLEAN MAX ENVIRO EN SOL L,1239.9,1251.0,1229.0,1244.7,1239.9,54458
2026-08-18,CLEAN,CLEAN SCIENCE & TECH LTD,839.0,840.55,819.3,831.9,840.0,265290
2026-08-18,CMRGREEN,CMR GREEN TECHNOLOGIES L,218.33,220.0,211.59,211.99,214.92,971911
2026-08-18,CMSINFO,CMS INFO SYSTEMS LIMITED,254.35,254.4,248.25,249.5,254.35,989324
2026-08-18,COALINDIA,COAL INDIA LTD,408.95,412.7,406.75,406.9,408.45,7352659
2026-08-18,COASTCORP,COASTAL CORPORATION LTD,41.75,42.74,41.46,41.92,41.75,52949
2026-08-18,COCHINSHIP,COCHIN SHIPYARD LIMITED,1460.9,1501.6,1457.0,1485.1,1457.8,1360896
2026-08-18,COFORGE,COFORGE LIMITED,1795.0,1795.0,1762.2,1773.0,1806.0,1572547
2026-08-18,COHANCE,COHANCE LIFESCIENCES LTD,444.95,466.9,444.75,455.2,444.75,1507812
2026-08-18,COLPAL,COLGATE PALMOLIVE LTD.,1954.5,1958.9,1901.7,1903.0,1964.0,721820
2026-08-18,COMFINTE,COMFORT INTECH LTD.,6.4,6.68,6.31,6.38,6.53,114866
2026-08-18,COMSYN,COMMERCIAL SYN BAGS LTD,280.0,284.0,277.15,279.8,281.69,48974
2026-08-18,COMPEAU,COMPETENT AUTOMOB CO. L,400.0,400.0,336.0,355.05,351.1,2017
2026-08-18,COMPUSOFT,COMPUCOM SOFTWARE LTD,13.29,13.3,13.11,13.22,13.29,6820
2026-08-18,CAMS,COMPUTER AGE MNGT SER LTD,772.1,773.9,757.55,762.0,776.25,1270110
2026-08-18,CONCORDBIO,CONCORD BIOTECH LIMITED,1532.5,1598.0,1524.0,1565.7,1515.0,489172
2026-08-18,CEWATER,CONCORD ENVIRO SYSTEMS L,273.5,281.5,270.3,274.75,275.0,212600
2026-08-18,CFEL,CONFIDENCE FUTURIST ENE L,31.85,31.85,24.36,29.08,30.16,11548
2026-08-18,CONFIPET,CONFIDENCE PETRO IND LTD.,72.7,73.25,69.0,69.9,72.55,1806579
2026-08-18,CCCL,CONS. CONST. CONSORT LTD,15.66,15.66,15.37,15.52,15.59,169800
2026-08-18,CONCOR,CONTAINER CORP OF IND LTD,524.5,524.85,517.55,518.25,524.5,419489
2026-08-18,CONTROLPR,CONTROL PRINT LIMITED,569.3,579.65,566.6,575.3,569.7,14060
2026-08-18,CORALFINAC,CORAL INDIA FIN & HOUS LT,35.45,35.5,33.31,34.69,34.28,290273
2026-08-18,COROMANDEL,COROMANDEL INTERNTL. LTD,2100.0,2104.8,2051.2,2062.7,2097.9,58848
2026-08-18,CORONA,CORONA REMEDIES LIMITED,2129.0,2150.0,2105.7,2119.4,2113.1,16600
2026-08-18,COSMOFIRST,COSMO FIRST LIMITED,962.2,981.0,957.0,961.2,964.85,94828
2026-08-18,CCHHL,COUNTRY CLUB HOSP HOL LTD,12.9,12.9,12.18,12.33,12.55,4200
2026-08-18,CPCAP,CP CAPITAL LIMITED,130.71,130.71,125.5,126.94,130.32,16150
2026-08-18,CPSEETF,CPSE ETF,94.0,94.3,93.7,93.99,93.76,969195
2026-08-18,CRAFTSMAN,CRAFTSMAN AUTOMATION LTD,10548.5,10960.0,10490.5,10890.5,10480.0,58181
2026-08-18,CRAVATEX,CRAVATEX LTD.,347.9,347.9,346.8,347.9,350.0,59
2026-08-18,CREATIVEYE,CREATIVE EYE LIMITED,6.32,6.33,6.12,6.19,6.21,469
2026-08-18,CNL,CREATIVE NEWTECH LIMITED,1252.0,1275.0,1241.0,1264.15,1252.1,41736
2026-08-18,CREDITACC,CREDITACCESS GRAMEEN LTD,1543.3,1545.0,1513.9,1524.6,1538.6,89923
2026-08-18,MUFTI,CREDO BRANDS MARKETING L,77.0,78.59,76.97,78.28,77.21,46696
2026-08-18,CRSL,CRESSANDA RAILWAY SOLUT L,2.14,2.19,2.01,2.15,2.11,408564
2026-08-18,CREST,CREST VENTURES LIMITED,354.95,364.0,349.3,352.05,355.3,3891
2026-08-18,CRISIL,CRISIL LTD,4500.0,4500.0,4401.2,4442.5,4488.3,37708
2026-08-18,CRIZAC,CRIZAC LIMITED,176.99,177.0,174.0,174.58,176.19,189453
2026-08-18,CROMPTON,CROMPT GREA CON ELEC LTD,245.3,245.75,242.95,244.8,246.5,1305455
2026-08-18,CROWN,CROWN LIFTERS LIMITED,107.9,110.0,107.52,107.63,107.04,9445
2026-08-18,CSBBANK,CSB BANK LIMITED,313.0,320.2,312.95,317.45,319.95,340793
2026-08-18,CSLFINANCE,CSL FINANCE LIMITED,222.93,222.93,221.0,221.0,219.55,35048
2026-08-18,CSM,CSM TECHNOLOGIES LIMITED,100.88,100.89,99.66,100.19,100.37,75667
2026-08-18,CUBEXTUB,CUBEX TUBINGS LTD,82.23,83.58,79.81,80.54,83.22,59744
2026-08-18,CUMMINSIND,CUMMINS INDIA LTD,5478.5,5484.0,5350.0,5350.0,5450.0,177068
2026-08-18,CUPID,CUPID LIMITED,273.0,285.7,257.21,284.03,267.32,68917290
2026-08-18,CURAA,CURA TECHNOLOGIES LIMITED,70.8,72.0,69.5,69.74,71.0,282
2026-08-18,CYBERMEDIA,CYBER MEDIA (INDIA) LTD.,16.89,16.89,16.16,16.23,16.62,34703
2026-08-18,CYIENTDLM,CYIENT DLM LIMITED,736.2,764.8,733.4,736.1,737.45,937835
2026-08-18,CYIENT,CYIENT LIMITED,861.4,869.55,850.1,858.55,868.0,1226576
2026-08-18,DLINKINDIA,D-LINK INDIA LTD,421.05,422.0,413.1,418.85,418.7,72487
2026-08-18,DPABHUSHAN,D. P. ABHUSHAN LIMITED,1385.6,1470.2,1385.6,1457.2,1403.8,30351
2026-08-18,DBCORP,D.B.CORP LTD,212.98,212.98,209.37,209.85,212.13,53733
2026-08-18,DABUR,DABUR INDIA LTD,406.8,406.8,402.1,403.5,406.8,1853755
2026-08-18,DAICHI,DAI-ICHI KARKARIA LTD.,337.95,337.95,317.05,323.95,329.9,13853
2026-08-18,DALBHARAT,DALMIA BHARAT LIMITED,1850.0,1858.4,1831.6,1837.1,1844.0,246659
2026-08-18,DALMIASUG,DALMIA BHARAT SUG IN LTD,458.9,467.7,445.0,452.7,459.6,587471
2026-08-18,DAMCAPITAL,DAM CAPITAL ADVISORS LTD,145.8,148.0,145.11,147.05,146.39,255482
2026-08-18,DANGEE,DANGEE DUMS LIMITED,2.95,3.02,2.9,2.9,2.94,92626
2026-08-18,DATAPATTNS,DATA PATTERNS INDIA LTD,4530.0,4750.0,4525.0,4737.2,4528.7,1385637
2026-08-18,DATAMATICS,DATAMATICS GLOBAL SER LTD,852.35,852.35,827.75,833.95,852.35,68621
2026-08-18,DAVANGERE,DAVANGERE SUGAR COMPANY L,3.29,3.29,3.16,3.19,3.2,3198031
2026-08-18,DCI,DC INFOTECH AND COMUN LTD,380.0,382.7,365.1,373.0,382.35,20081
2026-08-18,DCBBANK,DCB BANK LIMITED,182.8,183.64,180.5,183.08,184.09,695982
2026-08-18,DCMFINSERV,DCM FINANCIAL SERVICES LT,5.55,5.79,5.4,5.62,5.55,7835
2026-08-18,DCMNVL,DCM NOUVELLE LIMITED,174.31,180.71,173.33,178.29,173.83,40956
2026-08-18,DCMSRIND,DCM SHRIRAM IND LTD,46.0,47.8,45.9,46.94,45.73,467380
2026-08-18,DCMSIL,DCM SHRIRAM INTERNATNL L,74.0,75.49,67.16,68.94,74.26,208275
2026-08-18,DCMSHRIRAM,DCM SHRIRAM LIMITED,1039.9,1049.8,1013.2,1026.4,1018.4,173224
2026-08-18,DCW,DCW LTD,44.26,44.89,43.54,43.69,44.26,1204783
2026-08-18,DCXINDIA,DCX SYSTEMS LIMITED,175.87,183.15,175.11,179.12,173.32,1199771
2026-08-18,DDEVPLSTIK,DDEV PLASTIKS IND LTD,270.0,274.3,268.55,272.75,269.3,105618
2026-08-18,DENORA,DE NORA INDIA LIMITED,826.4,858.8,824.3,851.05,830.55,2284
2026-08-18,DECCANCE,DECCAN CEMENTS LIMITED,548.0,552.0,541.05,545.55,544.0,2786
2026-08-18,DECNGOLD,DECCAN GOLD MINES LTD.,243.03,249.0,240.4,244.05,239.9,4205721
2026-08-18,DEEDEV,DEE DEVELOPMENT ENG LTD,642.05,669.25,641.0,657.25,650.55,149577
2026-08-18,DEEPINDS,DEEP INDUSTRIES LIMITED,683.45,720.0,677.9,717.95,680.7,721008
2026-08-18,DEEP,DEEP POLYMERS LTD.,37.9,37.9,34.5,36.96,36.01,10406
2026-08-18,DEEPAKFERT,DEEPAK FERTILIZERS & PETR,1504.8,1522.0,1466.2,1472.0,1502.7,150625
2026-08-18,DEEPAKNTR,DEEPAK NITRITE LTD,1780.0,1787.0,1753.5,1771.0,1780.5,229368
2026-08-18,DELHIVERY,DELHIVERY LIMITED,451.65,456.95,448.8,451.8,456.0,1460519
2026-08-18,DELTACORP,DELTA CORP LIMITED,59.7,61.08,59.5,60.71,60.18,1074956
2026-08-18,DELTAMAGNT,DELTA MANUFACTURING LTD,59.0,59.48,57.0,57.5,59.08,3590
2026-08-18,DEN,DEN NETWORKS LTD,27.9,27.9,27.31,27.41,27.78,171835
2026-08-18,DENTA,DENTA WATER N INFRA SOL L,285.3,293.35,281.35,286.0,287.05,246172
2026-08-18,DEVX,DEV ACCELERATOR LIMITED,33.9,33.9,33.0,33.31,32.88,31485
2026-08-18,DEVIT,DEV INFO TECHNOLOGY LTD,25.8,26.3,25.21,25.25,26.02,54428
2026-08-18,DEVYANI,DEVYANI INTERNATIONAL LTD,143.61,144.56,140.42,142.09,143.65,1844675
2026-08-18,DHABRIYA,DHABRIYA POLYWOOD LTD.,509.0,586.9,499.2,558.05,504.35,122906
2026-08-18,DBOL,DHAMPUR BIO ORGANICS LTD,122.0,133.5,120.0,121.99,121.08,1117878
2026-08-18,DHAMPURSUG,DHAMPUR SUGAR MILLS LTD.,173.9,177.45,166.5,168.65,170.87,1604098
2026-08-18,DHANBANK,DHANLAXMI BANK LIMITED,32.3,32.49,31.8,32.24,32.39,559449
2026-08-18,DHANUKA,DHANUKA AGRITECH LTD,1011.6,1011.6,990.0,996.4,997.0,20287
2026-08-18,DHARMAJ,DHARMAJ CROP GUARD LTD,268.5,271.0,267.95,270.0,269.25,29791
2026-08-18,DHATRE,DHATRE UDYOG LTD.,5.02,5.02,4.33,4.58,4.26,104322
2026-08-18,DHOOTTRANS,DHOOT TRANSMISSION LTD,1170.0,1305.75,1165.0,1305.75,1187.05,9337722
2026-08-18,DHRUV,DHRUV CONSULTANCY SER LTD,26.31,26.31,24.31,24.9,25.14,2892
2026-08-18,DHUNINV,DHUNSERI INVESTMENTS LTD,1019.7,1022.45,957.5,976.95,1014.65,2115
2026-08-18,DTIL,DHUNSERI TEA & IND. LTD.,134.0,136.8,132.55,134.02,133.13,2551
2026-08-18,DVL,DHUNSERI VENTURES LIMITED,264.49,267.55,263.24,265.81,265.92,10527
2026-08-18,DIAMINESQ,DIAMINES & CHEMICALS LTD,235.85,241.11,234.0,236.71,235.85,2943
2026-08-18,DICIND,DIC INDIA LIMITED,594.8,595.95,582.05,584.35,591.95,2947
2026-08-18,DIFFNKG,DIFFUSION ENGINEERS LTD,398.55,410.85,398.55,408.5,398.4,108267
2026-08-18,DGCONTENT,DIGICONTENT LIMITED,24.33,24.49,23.73,24.34,24.33,5715
2026-08-18,DIGIDRIVE,DIGIDRIVE DISTRIBUTORS L,17.1,18.0,17.05,17.8,17.52,16597
2026-08-18,DIGISPICE,DIGISPICE TECHNOLOGIES LT,16.98,17.42,16.08,16.77,16.62,91590
2026-08-18,DIGITIDE,DIGITIDE SOLUTIONS LTD,96.99,98.62,94.6,98.08,96.49,254802
2026-08-18,DIGJAMLMTD,DIGJAM LTD,51.02,52.0,50.06,51.74,50.52,10235
2026-08-18,DNAMEDIA,DILIGENT MEDIA CORP LTD.,2.68,2.68,2.51,2.55,2.69,93831
2026-08-18,DBL,DILIP BUILDCON LIMITED,419.35,422.95,416.55,421.2,419.6,69086
2026-08-18,DISAQ,DISA INDIA LTD.,11664.0,11954.0,11650.0,11696.0,11641.0,761
2026-08-18,DISHTV,DISH TV INDIA LTD.,2.81,2.84,2.76,2.82,2.81,884017
2026-08-18,DCAL,DISHMAN CARBO AMCIS LTD,175.25,180.63,168.01,169.14,175.83,551160
2026-08-18,DIVGIITTS,DIVGI TORQTRANSFER SYST L,1284.0,1311.9,1245.1,1259.0,1284.45,310830
2026-08-18,DIVISLAB,DIVI S LABORATORIES LTD,8510.0,8630.0,8504.0,8588.0,8481.5,404163
2026-08-18,DIXON,DIXON TECHNO (INDIA) LTD,14100.0,14420.0,14066.0,14150.0,14025.0,387416
2026-08-18,DJML,DJ MEDIAPRINT & LOG LTD,103.55,106.67,103.55,105.46,107.44,166705
2026-08-18,DLF,DLF LIMITED,672.0,682.5,658.25,665.75,671.0,6099954
2026-08-18,DMCC,DMCC SPECIALITY CHEMICALS,293.4,299.9,285.95,287.75,293.65,60692
2026-08-18,DODLA,DODLA DAIRY LIMITED,1100.0,1105.9,1090.1,1094.7,1099.5,27797
2026-08-18,DOLATALGO,DOLAT ALGOTECH LIMITED,71.19,71.59,70.62,71.14,71.18,66139
2026-08-18,DOLLAR,DOLLAR INDUSTRIES LIMITED,268.9,270.7,264.05,268.55,268.35,82886
2026-08-18,DOLPHIN,DOLPHIN OFF ENT (IND) L,575.0,639.0,560.7,619.4,576.85,553474
2026-08-18,DOMS,DOMS INDUSTRIES LIMITED,2215.0,2225.7,2207.3,2218.6,2218.1,16908
2026-08-18,DONEAR,DONEAR IND. LIMITED,86.51,91.0,86.51,89.18,87.64,25660
2026-08-18,AGARWALEYE,DR AGARWALS HEALTH CARE L,501.0,508.35,495.0,502.6,501.6,628634
2026-08-18,DRAGARWQ,DR. AGARWAL'S EYE HOSP L,5238.0,5400.0,5225.0,5321.0,5294.0,612
2026-08-18,LALPATHLAB,DR. LAL PATH LABS LTD.,1885.0,1912.0,1874.0,1901.4,1877.3,211640
2026-08-18,DRREDDY,DR. REDDY S LABORATORIES,1185.0,1189.3,1176.1,1178.8,1192.0,805633
2026-08-18,DRCSYSTEMS,DRC SYSTEMS INDIA LIMITED,13.3,13.3,12.71,13.0,13.07,25838
2026-08-18,DREAMFOLKS,DREAMFOLKS SERVICES LTD,65.4,68.1,65.4,66.65,65.85,59119
2026-08-18,DREDGECORP,DREDGING CORP OF INDIA,1150.3,1170.0,1148.9,1160.8,1160.5,98365
2026-08-18,KEEPLEARN,DSJ KEEP LEARNING LTD,1.86,2.07,1.86,2.01,1.92,192433
2026-08-18,LIQUIDETF,DSP LIQUID ETF,1000.0,1000.01,999.99,1000.0,1000.0,249333
2026-08-18,BANK10ADD,DSPAMC - BANK10ADD,16.89,16.94,16.81,16.9,16.99,17562
2026-08-18,BANKADD,DSPAMC - DSPBANK,59.05,59.05,58.63,58.69,59.26,10678
2026-08-18,GOLDADD,DSPAMC - DSPGOLD,148.65,148.92,148.23,148.59,148.65,413599
2026-08-18,ITADD,DSPAMC - DSPIT,32.77,33.0,32.01,32.23,32.77,76465
2026-08-18,EQUAL50ADD,DSPAMC - DSPNEWETF,347.0,347.0,345.58,346.12,347.99,160489
2026-08-18,NIFTYADD,DSPAMC - DSPNIFTY,256.58,256.67,255.0,255.42,256.83,3035
2026-08-18,PSUBANKADD,DSPAMC - DSPPSBKETF,88.09,88.36,87.25,87.37,88.37,41288
2026-08-18,PVTBANKADD,DSPAMC - DSPPVBKETF,27.81,27.83,27.68,27.82,27.84,38770
2026-08-18,MIDQ50ADD,DSPAMC - DSPQ50ETF,25.61,25.61,25.43,25.56,25.65,88954
2026-08-18,SENSEXADD,DSPAMC - DSPSENXETF,80.9,80.9,79.72,79.77,80.32,911
2026-08-18,SILVERADD,DSPAMC - DSPSILVETF,225.65,229.4,223.0,223.5,225.65,124606
2026-08-18,FLEXIADD,DSPAMC - FLEXIADD,10.3,10.3,10.2,10.24,10.3,36130
2026-08-18,FMCGADD,DSPAMC - FMCGADD,49.54,49.54,48.04,48.14,48.57,33472
2026-08-18,HEALTHADD,DSPAMC - HEALTHADD,16.65,16.73,16.56,16.6,16.65,101615
2026-08-18,LIQUIDADD,DSPAMC - LIQUIDADD,1140.78,1140.79,1140.77,1140.77,1140.64,365999
2026-08-18,MIDBANKADD,DSPAMC - MIDBANKADD,17.3,17.37,17.25,17.35,17.34,728
2026-08-18,MIDCAPADD,DSPAMC - MIDCAPADD,23.51,23.53,23.4,23.5,23.55,382163
2026-08-18,MSCIADD,DSPAMC - MSCIADD,29.83,29.91,29.77,29.82,30.03,989
2026-08-18,NEXT30ADD,DSPAMC - NEXT30ADD,43.71,43.75,43.55,43.58,43.75,3677
2026-08-18,NEXT50ADD,DSPAMC - NEXT50ADD,75.17,75.17,74.8,74.96,75.17,2341
2026-08-18,SMALLADD,DSPAMC - SMALLADD,18.47,18.48,18.32,18.46,18.44,25113
2026-08-18,TOP10ADD,DSPAMC - TOP10ADD,87.85,87.98,87.55,87.77,88.37,145435
2026-08-18,DUCON,DUCON INFRATECHNOLOGIES L,3.24,3.4,3.22,3.29,3.24,379325
2026-08-18,DWARKESH,DWARIKESH SUGAR IND LTD,45.24,46.95,44.21,44.64,44.94,3757036
2026-08-18,DSSL,DYNACONS SYS & SOLN LTD,1184.4,1189.9,1135.0,1147.2,1158.1,32102
2026-08-18,DYNAMATECH,DYNAMATIC TECHNOLOGIES,11123.0,11950.0,11112.0,11770.0,11123.0,33740
2026-08-18,DYCL,DYNAMIC CABLES LIMITED,464.0,468.3,450.0,452.9,465.35,396713
2026-08-18,DYNPRO,DYNEMIC PRODUCTS LIMITED,227.0,233.0,226.6,228.4,232.05,9360
2026-08-18,EASTWEST,EAST WEST FREIGHT CARRI L,2.5,2.5,2.31,2.32,2.45,11822
2026-08-18,EASEMYTRIP,EASY TRIP PLANNERS LTD,6.21,6.29,6.12,6.16,6.13,10633745
2026-08-18,EBIX,EBIX LIMITED,17.06,17.06,16.03,17.06,16.25,229126
2026-08-18,ECLERX,ECLERX SERVICES LTD,1850.1,1854.0,1773.9,1805.2,1848.9,141785
2026-08-18,ECORECO,ECO RECYCLING LTD.,493.55,493.6,460.0,467.75,479.0,5959
2026-08-18,BBETF0432,EDELAMC - BBETF0432,1359.36,1359.36,1352.51,1353.63,1358.46,314
2026-08-18,EBANK10,EDELAMC - EBANK10,16.74,17.75,16.74,16.98,16.74,314
2026-08-18,EBANKNIFTY,EDELAMC - EBANKNIFTY,58.31,58.31,57.76,58.06,58.11,1941
2026-08-18,EBBETF0430,EDELAMC - EBBETF0430,1617.87,1617.88,1610.11,1612.87,1611.52,45396
2026-08-18,EBBETF0431,EDELAMC - EBBETF0431,1443.19,1443.96,1441.1,1441.15,1443.19,1346
2026-08-18,EBBETF0433,EDELAMC - EBBETF0433,1316.55,1318.0,1311.27,1317.35,1316.39,3703
2026-08-18,ECAPINSURE,EDELAMC - ECAPINSURE,23.89,23.89,23.65,23.85,23.89,83425
2026-08-18,EGOLD,EDELAMC - EGOLD,152.05,153.15,152.0,152.95,152.85,19939
2026-08-18,ELIQUID,EDELAMC - ELIQUID,1044.07,1044.09,1044.07,1044.08,1043.95,25752
2026-08-18,ELM250,EDELAMC - ELM250,17.58,17.58,16.77,16.91,17.16,154976
2026-08-18,ELMDIV,EDELAMC - ELMDIV,36.88,36.9,36.6,36.72,36.88,2132
2026-08-18,EMETAL,EDELAMC - EMETAL,13.14,13.14,13.05,13.06,13.15,6848
2026-08-18,EMULTIMQ,EDELAMC - EMULTIMQ,42.39,42.39,42.02,42.15,42.24,27539
2026-08-18,ENEXT50,EDELAMC - ENEXT50,74.5,74.55,74.13,74.5,74.37,1687
2026-08-18,ENIFTY,EDELAMC - ENIFTY,25.19,25.19,24.34,24.44,24.58,5189
2026-08-18,ESENSEX,EDELAMC - ESENSEX,77.9,80.65,77.9,79.4,78.66,544
2026-08-18,ESILVER,EDELAMC - ESILVER,233.38,233.38,230.64,231.04,233.54,67057
2026-08-18,EDELWEISS,EDELWEISS FIN SERV LTD,122.0,123.68,120.5,121.4,122.67,1545184
2026-08-18,EFCIL,EFC (I) LIMITED,174.0,187.75,171.42,184.64,174.1,513483
2026-08-18,EICHERMOT,EICHER MOTORS LTD,8040.0,8107.0,8016.5,8018.5,8050.0,262500
2026-08-18,EIDPARRY,EID PARRY INDIA LTD,794.45,795.0,772.2,780.6,792.05,697047
2026-08-18,EIHAHOTELS,EIH ASSOCIATED HOTELS LTD,294.45,296.75,289.45,293.5,292.2,18024
2026-08-18,EIHOTEL,EIH LIMITED,296.0,297.45,294.05,296.7,296.0,111718
2026-08-18,EIMCOELECO,EIMCO ELECON (INDIA) LTD,2125.0,2197.9,2125.0,2153.7,2189.1,41008
2026-08-18,EKI,EKI ENERGY SERVICES LTD,80.84,80.88,79.01,79.58,80.84,5934
2026-08-18,ELANTAS,ELANTAS BECK INDIA LTD.,11893.0,11893.0,11460.0,11701.5,11705.5,2723
2026-08-18,ELCIDIN,ELCID INVESTMENTS LTD.,110895.0,110995.0,110000.0,110000.0,110895.0,5
2026-08-18,ELDEHSG,ELDECO HSG & IND LTD.,768.0,822.0,745.0,817.5,765.35,11501
2026-08-18,ELECON,ELECON ENG. CO. LTD,440.5,444.75,431.65,433.95,438.25,309070
2026-08-18,EMIL,ELECTRONICS MART IND LTD,191.0,195.4,190.25,191.35,192.42,2203251
2026-08-18,ELECTCAST,ELECTROSTEEL CASTINGS LTD,71.6,72.35,71.0,71.25,71.95,570745
2026-08-18,ELECTHERM,ELECTROTHERM (I) LTD.,986.7,1059.0,959.9,1024.1,974.8,82284
2026-08-18,ELGIEQUIP,ELGI EQUIPMENTS LTD,622.0,628.0,612.0,614.2,624.2,609442
2026-08-18,ELGIRUBCO,ELGI RUBBER CO. LTD,58.6,59.88,57.15,57.87,59.11,43421
2026-08-18,ELIN,ELIN ELECTRONICS LIMITED,101.53,103.5,100.78,101.41,102.28,189743
2026-08-18,ELITECON,ELITECON INTERNATIONAL L,16.73,17.25,16.73,17.13,16.73,649218
2026-08-18,ELLEN,ELLENBARRIE INDUS GASES L,329.0,336.9,322.0,324.75,328.3,309877
2026-08-18,ELPROINTL,ELPRO INTERNATIONAL LTD,179.75,179.75,175.1,175.58,175.32,13682
2026-08-18,EMAMILTD,EMAMI LIMITED,403.5,404.25,397.5,400.1,404.5,360203
2026-08-18,EMAMIREAL,EMAMI REALTY LIMITED,74.01,76.19,73.0,73.47,74.89,7601
2026-08-18,EMBDL,EMBASSY DEVELOPMENTS LTD,62.5,64.2,62.5,63.04,63.11,1876178
2026-08-18,EMCURE,EMCURE PHARMACEUTICALS L,1879.0,1889.0,1861.1,1874.5,1873.9,136782
2026-08-18,EMKAY,EMKAY GLOBAL FIN SERV LTD,235.29,242.89,232.51,236.8,235.29,6354
2026-08-18,EMMVEE,EMMVEE PHOTOVOLTAIC PWR L,319.25,325.0,316.4,317.7,320.75,1134683
2026-08-18,EMPIND,EMPIRE INDUSTRIES LTD.,1107.0,1146.0,1107.0,1116.2,1102.5,1035
2026-08-18,EMPOWER,EMPOWER INDIA LTD.,2.18,2.24,2.16,2.22,2.16,3515579
2026-08-18,EMSLIMITED,EMS LIMITED,369.1,380.6,365.95,375.75,369.1,196725
2026-08-18,EMUDHRA,EMUDHRA LIMITED,517.7,565.0,509.0,562.05,518.75,705436
2026-08-18,ENDURANCE,ENDURANCE TECHNO. LTD.,2987.3,3036.3,2969.0,3018.3,2978.2,130419
2026-08-18,ENERGYDEV,ENERGY DEVE. CO.LTD,16.49,16.96,16.22,16.53,16.51,31018
2026-08-18,ENGINERSIN,ENGINEERS INDIA LTD,239.25,249.0,239.25,244.78,240.18,2435107
2026-08-18,ENKEIWHEL,ENKEI WHEELS (INDIA) LTD.,410.0,410.0,400.0,408.9,400.85,2398
2026-08-18,ENTERO,ENTERO HEALTHCARE SOLU L,1400.0,1433.4,1384.0,1408.2,1401.6,113687
2026-08-18,ENIL,ENTERTAIN NET. IND. LTD.,102.97,102.97,100.5,100.86,101.02,72965
2026-08-18,EIEL,ENVIRO INFRA ENGINEERS L,200.24,201.89,196.5,197.18,200.16,439150
2026-08-18,EPACK,EPACK DURABLE LIMITED,211.0,212.75,208.26,209.57,210.7,267478
2026-08-18,EPACKPEB,EPACK PREFAB TECHN LTD,222.0,225.3,218.3,223.85,221.55,532737
2026-08-18,EPIGRAL,EPIGRAL LIMITED,1097.0,1103.7,1075.0,1079.6,1097.1,38584
2026-08-18,EPL,EPL LIMITED,242.95,246.53,242.6,245.15,242.99,823068
2026-08-18,EQUITASBNK,EQUITAS SMALL FIN BNK LTD,74.5,76.4,74.26,76.12,74.92,3573116
2026-08-18,ERIS,ERIS LIFESCIENCES LIMITED,1348.9,1357.0,1335.0,1350.1,1348.9,125273
2026-08-18,ESABINDIA,ESAB INDIA LTD,6289.0,6323.5,6151.0,6177.5,6289.0,2894
2026-08-18,ESCORTS,ESCORTS KUBOTA LIMITED,3149.3,3149.3,3052.0,3062.1,3133.6,51759
2026-08-18,ESSARSHPNG,ESSAR SHIPPING LTD,16.29,16.38,15.86,15.96,15.99,283821
2026-08-18,ESTER,ESTER INDUSTRIES LTD,99.42,100.62,96.6,97.55,98.96,105357
2026-08-18,ETERNAL,ETERNAL LIMITED,318.0,321.2,315.55,315.9,318.0,18387007
2026-08-18,ETHOSLTD,ETHOS LIMITED,2956.5,3062.7,2850.1,2892.2,2788.6,961244
2026-08-18,EUREKAFORB,EUREKA FORBES LIMITED,432.05,436.15,429.2,431.95,432.0,149714
2026-08-18,EUROBOND,EURO PANEL PRODUCTS LTD,155.0,157.99,153.25,157.68,155.0,3689
2026-08-18,EUROPRATIK,EURO PRATIK SALES LIMITED,281.0,283.4,272.4,274.3,283.75,149710
2026-08-18,EVEREADY,EVEREADY INDS. IND.  LTD.,354.7,354.9,351.5,354.3,352.9,28010
2026-08-18,EKC,EVEREST KANTO CYLINDERLTD,109.53,109.9,108.11,108.59,109.53,130325
2026-08-18,EXCELINDUS,EXCEL INDUSTRIES LTD,995.65,997.45,981.05,985.2,990.55,2480
2026-08-18,EXCELSOFT,EXCELSOFT TECHNOLOGIES L,73.5,74.82,72.01,72.59,73.07,450489
2026-08-18,EXICOM,EXICOM TELE SYSTEMS LTD,148.8,159.65,146.0,158.05,148.32,3723146
2026-08-18,EXIDEIND,EXIDE INDUSTRIES LTD,474.0,477.6,463.75,465.25,475.7,1543959
2026-08-18,EXPLEOSOL,EXPLEO SOLUTIONS LIMITED,918.0,932.45,891.1,897.7,923.05,409143
2026-08-18,EXXARO,EXXARO TILES LIMITED,6.15,6.24,6.0,6.13,6.0,628072
2026-08-18,FABTECH,FABTECH TECHNOLOGIES LTD,145.9,146.99,143.56,145.73,145.91,158425
2026-08-18,FACT,FACT LTD,790.0,799.85,789.0,794.85,793.25,54378
2026-08-18,FAZE3Q,FAZE THREE LIMITED,487.85,491.55,480.6,483.7,484.45,13043
2026-08-18,FCSSOFT,FCS SOFTWARE SOLN. LTD.,1.52,1.52,1.49,1.49,1.51,1107587
2026-08-18,FDC,FDC LIMITED,354.3,355.75,350.9,351.55,354.3,67249
2026-08-18,FEDFINA,FEDBANK FINANCIAL SER L,151.25,152.0,150.35,150.86,152.0,507069
2026-08-18,FEDDERSHOL,FEDDERS HOLDING LTD.,40.1,41.8,40.07,41.0,40.1,123208
2026-08-18,FEDERALBNK,FEDERAL BANK LTD,354.2,358.6,352.5,357.8,354.1,2828360
2026-08-18,FMGOETZE,FEDERAL-MOGUL GOETZE (IND,454.25,469.75,451.05,462.65,453.95,38297
2026-08-18,FERMENTA,FERMENTA BIOTECH LTD.,460.15,465.7,442.05,454.2,457.05,118947
2026-08-18,FIBERWEB,FIBERWEB INDIA LIMITED,27.0,27.54,25.31,26.48,26.96,70942
2026-08-18,FIEMIND,FIEM INDUSTRIES LIMITED,2281.7,2293.9,2214.1,2219.1,2281.7,131958
2026-08-18,FILATFASH,FILATEX FASHIONS LIMITED,0.18,0.19,0.18,0.18,0.18,22162574
2026-08-18,FILATEX,FILATEX INDIA LTD,82.5,87.27,82.49,86.75,82.72,5428534
2026-08-18,FINEORG,FINE ORGANIC IND. LTD.,5147.0,5172.0,5070.2,5093.1,5110.4,19759
2026-08-18,FCL,FINEOTEX CHEMICAL LIMITED,43.36,44.6,42.2,43.81,43.41,9734413
2026-08-18,FINKURVE,FINKURVE FINANCIAL SERV L,71.7,79.0,70.39,78.19,72.93,466773
2026-08-18,FINOPB,FINO PAYMENTS BANK LTD,147.49,153.0,147.0,151.74,146.95,508594
2026-08-18,FINCABLES,FINOLEX CABLES LTD,1320.85,1339.3,1300.3,1329.35,1320.85,884780
2026-08-18,FINPIPE,FINOLEX INDUSTRIES LTD,159.9,160.3,157.0,158.34,159.36,461428
2026-08-18,FSL,FIRSTSOURCE SOLU. LTD.,267.6,268.45,263.15,263.85,267.75,767189
2026-08-18,FISCHER,FISCHER MEDICAL VENTURE L,37.95,38.41,36.9,38.13,37.27,3418002
2026-08-18,FIVESTAR,FIVE-STAR BUS FIN LTD,533.1,537.2,531.5,535.35,537.75,156612
2026-08-18,FLAIR,FLAIR WRITING INDUST LTD,252.0,253.4,248.7,252.05,255.1,181752
2026-08-18,FOODSIN,FOODS & INNS LIMITED,54.63,56.25,52.94,55.0,53.75,425803
2026-08-18,FORCEMOT,FORCE MOTORS LIMITED,18549.0,18726.0,18081.0,18200.0,18605.0,77240
2026-08-18,FORTIS,FORTIS HEALTHCARE LTD,912.4,918.25,905.35,916.7,908.75,1108225
2026-08-18,FOSECOIND,FOSECO INDIA LTD,5550.0,5800.0,5480.0,5511.5,5641.0,4538
2026-08-18,FRACTAL,FRACTAL ANALYTICS LIMITED,817.9,834.0,804.0,825.5,818.0,467766
2026-08-18,FREDUN,FREDUN PHARMACEUTICALS L,1450.1,1499.8,1400.0,1436.7,1474.0,28535
2026-08-18,FRONTSP,FRONTIER SPRINGS LTD.,1310.9,1310.9,1260.0,1284.7,1287.0,37490
2026-08-18,NYKAA,FSN E COMMERCE VENTURES,325.4,328.45,320.6,320.6,327.05,1681742
2026-08-18,UTLSOLAR,FUJIYAMA POWER SYSTEMS L,468.8,475.0,450.0,468.3,464.4,702439
2026-08-18,FUSION,FUSION FINANCE LIMITED,195.38,196.01,188.13,189.87,195.58,834013
2026-08-18,GMBREW,G M BREWERIES LTD,891.35,906.45,875.0,880.3,891.35,83951
2026-08-18,GRINFRA,G R INFRAPROJECTS LIMITED,871.6,874.35,866.55,868.8,871.6,7702
2026-08-18,GABRIEL,GABRIEL INDIA LTD,1440.0,1484.4,1432.6,1467.6,1442.5,203545
2026-08-18,GAIL,GAIL (INDIA) LTD,172.2,173.55,171.62,173.5,172.1,6079875
2026-08-18,GALAPREC,GALA PRECISION ENG LTD,1018.0,1067.9,1010.1,1059.6,1018.0,50441
2026-08-18,GALAXYSURF,GALAXY SURFACTANTS LTD,2403.0,2459.9,2360.4,2438.4,2403.7,131965
2026-08-18,GALLANTT,GALLANTT ISPAT LIMITED,585.2,588.1,575.05,576.3,582.95,18807
2026-08-18,GANDHAR,GANDHAR OIL REFINE IND L,247.4,256.9,247.4,255.1,246.69,2220605
2026-08-18,GANDHITUBE,GANDHI SPL. TUBES LTD,877.25,891.0,875.2,887.3,877.25,5791
2026-08-18,GANESHCP,GANESH CONSUMER PRODUCT L,164.9,167.38,162.5,165.38,163.96,198021
2026-08-18,GANESHHOU,GANESH HOUSING LIMITED,837.95,853.5,828.95,847.0,838.0,38087
2026-08-18,GANECOS,GANESHA ECOSPHERE LIMITED,1101.9,1114.9,1079.0,1101.7,1101.2,58466
2026-08-18,GANGAFORGE,GANGA FORGING LIMITED,2.37,2.37,2.37,2.37,2.49,668638
2026-08-18,GANGESSECU,GANGES SECURITIES LIMITED,120.85,123.4,119.0,120.0,120.31,4251
2026-08-18,GRSE,GARDEN REACH SHIP&ENG LTD,2600.0,2688.0,2592.9,2677.0,2600.1,1265997
2026-08-18,GARUDA,GARUDA CONSTRUCT N ENG L,182.4,184.5,180.72,182.88,182.48,357871
2026-08-18,GRWRHITECH,GARWARE HI-TECH FILMS LTD,7000.0,7138.0,6951.0,7101.0,7030.0,32049
2026-08-18,GARFIBRES,GARWARE TECH FIBRES LTD,750.0,783.0,743.05,775.7,748.45,119840
2026-08-18,GATEWAY,GATEWAY DISTRIPARKS LTD,55.22,55.22,54.4,54.51,55.15,867751
2026-08-18,GAYAHWS,GAYATRI HIGHWAYS LIMITED,1.93,1.94,1.87,1.91,1.89,152362
2026-08-18,GVPIL,GE POWER INDIA LIMITED,724.2,724.7,696.65,705.05,731.15,531432
2026-08-18,GVT&D,GE VERNOVA T&D INDIA LTD,4290.0,4306.0,4190.0,4195.0,4290.0,512550
2026-08-18,GEEKAYWIRE,GEEKAY WIRES LIMITED,23.05,23.64,23.05,23.14,23.26,82454
2026-08-18,GEMAROMA,GEM AROMATICS LIMITED,170.0,172.0,167.74,170.1,169.66,58590
2026-08-18,GICRE,GENERAL INS CORP OF INDIA,356.5,360.4,354.55,359.9,355.5,744475
2026-08-18,GENCON,GENERIC ENG CONS PROJ LTD,39.94,39.94,38.2,38.81,39.16,348180
2026-08-18,GENESYS,GENESYS INTL CORPN LTD,173.65,185.65,168.5,182.3,170.85,1145549
2026-08-18,GENUSPAPER,GENUS P&B LIMITED,11.3,11.85,11.25,11.65,11.3,117137
2026-08-18,GENUSPOWER,GENUS POWER INFRASTRU LTD,316.0,318.45,311.0,314.55,318.25,1107124
2026-08-18,GEOJITFSL,GEOJIT FINANCIAL SER L,79.31,81.61,79.31,80.24,79.31,250678
2026-08-18,GFLLIMITED,GFL LIMITED,49.97,51.5,49.21,51.22,49.49,81157
2026-08-18,GHCL,GHCL LIMITED,432.55,443.95,430.4,439.55,432.4,136235
2026-08-18,GHCLTEXTIL,GHCL TEXTILES LIMITED,119.23,128.55,119.04,127.94,120.08,2134661
2026-08-18,GICHSGFIN,GIC HOUSING FINANCE LTD,139.3,139.9,138.01,138.16,139.39,77729
2026-08-18,GILLANDERS,GILLANDERS ARBUTHNOT LTD,90.5,92.03,87.54,91.54,88.49,3600
2026-08-18,GILLETTE,GILLETTE INDIA LTD,7569.5,7583.5,7506.0,7517.5,7569.5,12673
2026-08-18,GKENERGY,GK ENERGY LIMITED,124.0,126.72,123.3,123.72,124.43,282023
2026-08-18,GKB,GKB OPHTHALMICS LTD.,69.0,69.0,60.46,63.03,65.0,1217
2026-08-18,GKWLIMITED,GKW LIMITED,1619.0,1619.0,1602.0,1609.2,1607.9,134
2026-08-18,GLAND,GLAND PHARMA LIMITED,2904.0,2925.0,2850.0,2858.6,2910.2,488656
2026-08-18,GLAXO,GLAXOSMITHKLINE PHARMA LT,2700.0,2919.0,2691.1,2877.4,2702.9,477841
2026-08-18,GLENMARK,GLENMARK PHARMACEUTICALS,2317.4,2332.9,2305.0,2305.0,2329.0,379551
2026-08-18,GLOBAL,GLOBAL EDUCATION LIMITED,107.45,111.4,105.3,109.13,107.47,160551
2026-08-18,MEDANTA,GLOBAL HEALTH LIMITED,1415.7,1447.0,1410.9,1442.7,1415.1,309148
2026-08-18,GSLSU,GLOBAL SURFACES LIMITED,35.38,35.39,33.74,35.18,33.71,253370
2026-08-18,GLOBALVECT,GLOBAL VEC HELICORP LTD,150.0,153.0,148.12,150.05,149.0,8307
2026-08-18,GLOBALE,GLOBALE TESSILE LIMITED,11.0,11.29,10.9,11.11,10.87,4785
2026-08-18,GLOBECIVIL,GLOBE CIVIL PROJECTS LTD,45.38,45.5,44.03,44.62,44.86,34332
2026-08-18,GLOBE,GLOBE ENTERPRISE (I) LTD,2.03,2.03,1.94,1.95,2.0,425706
2026-08-18,GICL,GLOBE INTL CARRIERS LTD,23.75,23.9,23.09,23.68,23.38,383201
2026-08-18,GLOBUSSPR,GLOBUS SPIRITS LTD,882.0,914.0,881.75,899.5,881.75,374512
2026-08-18,GLOSTERLTD,GLOSTER LIMITED,629.55,629.55,600.1,604.7,619.75,1992
2026-08-18,GMMPFAUDLR,GMM PFAUDLER LIMITED,1053.0,1059.0,1020.0,1031.25,1056.55,183397
2026-08-18,GMRAIRPORT,GMR AIRPORTS LIMITED,102.02,102.56,101.05,101.39,101.31,6639327
2026-08-18,GMRP&UI,GMR POW AND URBAN INFRA L,96.7,98.61,96.03,96.3,96.7,849279
2026-08-18,GNA,GNA AXLES LIMITED,563.0,592.0,561.55,581.5,561.55,692414
2026-08-18,EBGNG,GNG ELECTRONICS LIMITED,595.0,595.0,568.0,570.7,593.0,306764
2026-08-18,GODIGIT,GO DIGIT GENERAL INS LTD,254.8,256.9,254.05,255.75,254.85,58616
2026-08-18,GOCOLORS,GO FASHION INDIA LTD,344.0,349.6,340.35,346.85,344.05,178442
2026-08-18,GOACARBON,GOA CARBON LIMITED,360.0,361.9,351.0,353.3,355.95,20971
2026-08-18,GOCLCORP,GOCL CORPORATION LIMITED,408.0,413.0,401.0,401.65,408.0,42815
2026-08-18,GODAVARIB,GODAVARI BIOREFINERIES L,245.1,256.45,245.1,250.3,245.6,248159
2026-08-18,GPIL,GODAWARI POW & ISP LTD,251.01,256.0,248.07,255.22,250.82,2695925
2026-08-18,GODFRYPHLP,GODFREY PHILLIPS INDIA LT,2130.0,2141.7,2102.3,2102.3,2131.0,145007
2026-08-18,GODREJAGRO,GODREJ AGROVET LIMITED,599.0,599.0,585.2,588.7,597.0,196758
2026-08-18,GODREJCP,GODREJ CONSUMER PRODUCTS,935.0,936.4,920.0,931.0,928.0,1452987
2026-08-18,GODREJIND,GODREJ INDUSTRIES LTD,1225.0,1245.1,1189.7,1229.9,1223.0,197223
2026-08-18,GODREJPROP,GODREJ PROPERTIES LTD,2045.1,2055.2,1990.1,1997.4,2054.0,687150
2026-08-18,GOKEX,GOKALDAS EXPORTS LTD.,807.9,823.45,799.15,812.4,804.1,596734
2026-08-18,GOKULAGRO,GOKUL AGRO RESOURCES LTD,229.5,240.2,229.5,236.92,231.66,319417
2026-08-18,GOKUL,GOKUL REFOILS & SOLV LTD,38.5,39.4,38.4,39.01,38.68,133664
2026-08-18,GOLDIAM,GOLDIAM INTERNATIONAL LTD,372.0,372.0,360.05,361.75,374.4,1088172
2026-08-18,GOODLUCK,GOODLUCK INDIA LIMITED,1319.0,1346.3,1310.0,1330.0,1311.1,224634
2026-08-18,GOODYEAR,GOODYEAR INDIA LIMITED,769.75,773.6,759.7,763.5,765.35,4124
2026-08-18,GOPAL,GOPAL SNACKS LIMITED,272.0,276.5,270.75,274.15,270.75,182670
2026-08-18,GOYALALUM,GOYAL ALUMINIUMS LIMITED,6.45,6.45,6.29,6.33,6.4,56851
2026-08-18,GPTHEALTH,GPT HEALTHCARE LIMITED,153.32,154.54,151.48,153.13,153.32,76600
2026-08-18,GPTINFRA,GPT INFRAPROJECTS LTD,114.4,116.59,114.06,115.12,115.06,35571
2026-08-18,GRADIENTE,GRADIENTE INFOTAINMENT L,2.84,2.86,2.78,2.8,2.77,1902436
2026-08-18,GRANDOAK,GRAND OAK CANYONS DIST L,38.53,40.05,38.1,39.55,38.15,5451
2026-08-18,GRANULES,GRANULES INDIA LIMITED,863.0,868.5,848.45,851.2,861.55,407105
2026-08-18,GRAPHITE,GRAPHITE INDIA LTD,728.0,741.8,724.1,737.15,729.5,943780
2026-08-18,GRASIM,GRASIM INDUSTRIES LTD,3257.0,3297.7,3250.5,3278.7,3250.5,1498859
2026-08-18,GRAUWEIL,GRAUER & WEIL IND LTD,67.96,68.39,66.2,66.43,67.96,110940
2026-08-18,GRAVISSHO,GRAVISS HOSPITALITY LTD.,28.7,30.87,28.7,28.86,28.53,63
2026-08-18,GRAVITA,GRAVITA INDIA LIMITED,1821.7,1834.4,1802.0,1814.1,1821.7,138790
2026-08-18,GREAVESCOT,GREAVES COTTON LTD.,194.2,200.95,194.01,198.59,195.01,1164415
2026-08-18,GREENLAM,GREENLAM INDUSTRIES LTD.,250.95,258.4,250.8,255.65,252.8,144651
2026-08-18,GREENPANEL,GREENPANEL INDUSTRIES LTD,170.52,172.06,164.9,166.15,169.59,266864
2026-08-18,GREENPLY,GREENPLY INDUSTRIES LTD,285.8,288.75,281.6,287.55,286.3,176270
2026-08-18,GCSL,GRETEX CORPORATE SERVICES,490.35,531.0,481.25,512.3,492.4,826194
2026-08-18,GRINDWELL,GRINDWELL NORTON LIMITED,2159.0,2168.8,2094.5,2101.3,2163.5,24964
2026-08-18,GRMOVER,GRM OVERSEAS LIMITED,88.87,90.3,87.21,87.51,88.28,1117753
2026-08-18,CEMNTGROWW,GROWWAMC - CEMNTGROWW,15.28,15.28,14.85,14.96,15.09,66472
2026-08-18,GROWWCAPM,GROWWAMC - GROWWCAPM,11.2,11.26,11.08,11.23,11.25,256075
2026-08-18,GROWWCHEM,GROWWAMC - GROWWCHEM,30.58,30.84,30.4,30.56,30.74,43819
2026-08-18,GROWWDEFNC,GROWWAMC - GROWWDEFNC,98.82,99.99,97.94,99.59,98.82,228994
2026-08-18,GROWWEV,GROWWAMC - GROWWEV,34.18,34.29,33.86,33.93,34.18,953644
2026-08-18,GROWWGOLD,GROWWAMC - GROWWGOLD,14.91,14.97,14.9,14.94,14.93,1752345
2026-08-18,GROWWHOSPI,GROWWAMC - GROWWHOSPI,53.28,53.28,52.3,52.55,52.67,286510
2026-08-18,GROWWLIQID,GROWWAMC - GROWWLIQID,110.37,110.39,110.37,110.38,110.37,507022
2026-08-18,GROWWLOVOL,GROWWAMC - GROWWLOVOL,10.59,10.59,10.35,10.48,10.55,5709
2026-08-18,GROWWMC150,GROWWAMC - GROWWMC150,239.8,239.8,233.52,236.0,237.43,3324
2026-08-18,GROWWMETAL,GROWWAMC - GROWWMETAL,12.5,12.51,12.3,12.36,12.42,192173
2026-08-18,GROWWMOM50,GROWWAMC - GROWWMOM50,11.47,11.47,10.98,11.04,11.04,44426
2026-08-18,GROWWN200,GROWWAMC - GROWWN200,11.55,11.55,11.38,11.39,11.55,132945
2026-08-18,GROWWNET,GROWWAMC - GROWWNET,10.84,10.84,10.5,10.56,10.65,273605
2026-08-18,GROWWNIFTY,GROWWAMC - GROWWNIFTY,9.94,9.94,9.71,9.84,9.82,627312
2026-08-18,GROWWNXT50,GROWWAMC - GROWWNXT50,75.27,75.27,74.65,74.84,75.27,2649
2026-08-18,GROWWPOWER,GROWWAMC - GROWWPOWER,11.73,11.73,11.42,11.44,11.52,1978128
2026-08-18,GROWWPSE,GROWWAMC - GROWWPSE,99.0,99.56,98.59,98.77,99.32,2644
2026-08-18,GROWWPSUBK,GROWWAMC - GROWWPSUBK,86.4,87.73,86.4,86.99,87.63,1670
2026-08-18,GROWWRAIL,GROWWAMC - GROWWRAIL,29.34,29.34,28.8,28.87,29.05,534897
2026-08-18,GROWWRLTY,GROWWAMC - GROWWRLTY,10.4,10.48,9.77,10.08,10.2,459069
2026-08-18,GROWWSC250,GROWWAMC - GROWWSC250,10.59,10.62,10.54,10.57,10.59,135667
2026-08-18,GROWWSLVR,GROWWAMC - GROWWSLVR,22.63,22.84,22.63,22.71,22.91,600546
2026-08-18,PVTBKGROWW,GROWWAMC - PVTBKGROWW,27.83,27.83,27.3,27.31,27.5,3200
2026-08-18,SMALLGROWW,GROWWAMC - SMALLGROWW,47.94,49.14,47.89,48.86,48.64,7056
2026-08-18,GRPLTD,GRP LIMITED,2049.2,2055.8,1989.9,2001.8,2049.2,1352
2026-08-18,GSPCROP,GSP CROP SCIENCE LIMITED,589.65,600.0,589.55,590.9,589.75,207126
2026-08-18,GSS,GSS INFOTECH LIMITED,13.34,13.34,12.89,13.08,13.01,15957
2026-08-18,GTLINFRA,GTL INFRA.LTD,1.21,1.22,1.2,1.21,1.21,11833145
2026-08-18,GTL,GTL LTD,7.5,7.74,7.24,7.47,7.41,193898
2026-08-18,GTPL,GTPL HATHWAY LIMITED,54.04,54.5,53.0,53.5,54.04,14308
2026-08-18,GUFICBIO,GUFIC BIOSCIENCES LTD.,421.5,429.95,413.1,421.4,418.2,120133
2026-08-18,GIPCL,GUJ IND POW CO. LTD,174.35,176.52,171.15,171.63,174.44,439397
2026-08-18,GNFC,GUJ NAR VAL FER & CHEM L,600.9,619.0,599.0,609.75,600.65,1477642
2026-08-18,GSFC,GUJ STATE FERT & CHEM LTD,159.4,161.11,159.4,160.43,159.87,667193
2026-08-18,GUJAPOLLO,GUJ. APOLLO IND. LTD.,350.3,350.3,342.6,348.4,349.15,5057
2026-08-18,GUJALKALI,GUJARAT ALKALIES & CHEM,690.0,692.95,675.1,678.55,680.45,48455
2026-08-18,GAEL,GUJARAT AMBUJA EXPORTS LT,172.0,178.8,171.7,177.76,172.75,1908212
2026-08-18,GUJENERGY,GUJARAT ENERGY LIMITED,276.0,278.0,267.3,269.4,276.5,2873077
2026-08-18,FLUOROCHEM,GUJARAT FLUOROCHEM LTD,4700.0,4775.0,4651.0,4674.8,4707.5,123083
2026-08-18,GKSL,GUJARAT KIDNEY N SUP SP L,152.0,154.97,145.0,153.46,151.36,3024980
2026-08-18,GLFL,GUJARAT LEASE FINANCING L,5.9,5.9,5.6,5.71,5.64,8104
2026-08-18,GMDCLTD,GUJARAT MINERAL DEV CORP,574.05,585.65,568.1,570.7,574.0,787437
2026-08-18,GNRL,GUJARAT NATURAL RES L,103.5,105.56,103.5,104.34,103.69,41822
2026-08-18,GPPL,GUJARAT PIPAVAV PORT LTD,160.2,163.64,160.0,160.48,159.57,1891002
2026-08-18,GUJRAFFIA,GUJARAT RAFFIA INDUST LTD,41.32,42.45,41.19,42.41,41.32,1781
2026-08-18,GUJTHEM,GUJARAT THEMIS BIOSYN LTD,350.0,377.0,349.0,371.3,351.25,260880
2026-08-18,GULFOILLUB,GULF OIL LUB. IND. LTD.,1174.6,1184.3,1167.2,1173.2,1174.6,48680
2026-08-18,GULPOLY,GULSHAN POLYOLS LIMITED,193.45,194.38,187.2,187.75,192.06,286706
2026-08-18,GVPTECH,GVP INFOTECH LIMITED,7.02,7.1,6.91,6.98,7.02,28330
2026-08-18,GYFTR,GYFTR LIMITED,162.23,162.61,155.21,157.94,162.22,47780
2026-08-18,HBESD,H B ESTATE DEVELOPERS L,74.5,76.5,74.5,75.0,75.41,390
2026-08-18,HGINFRA,H.G.INFRA ENGINEERING LTD,514.5,517.3,505.0,507.7,514.5,71433
2026-08-18,HALDER,HALDER VENTURE LIMITED,294.92,299.5,286.0,290.66,294.92,29702
2026-08-18,HALEOSLABS,HALEOS LABS LIMITED,1448.1,1489.4,1448.1,1478.9,1437.5,404
2026-08-18,HAMPTON,HAMPTON SKY REALTY LTD.,7.2,8.4,7.2,8.12,7.95,26801
2026-08-18,HGM,HANDSON GBL MNGMNT LTD,45.95,45.95,43.03,44.66,45.06,2458
2026-08-18,HAPPSTMNDS,HAPPIEST MINDS TECHNO LTD,425.0,427.4,416.3,419.95,426.8,1179012
2026-08-18,HAPPYFORGE,HAPPY FORGINGS LIMITED,2209.2,2296.7,2209.2,2260.6,2198.1,175740
2026-08-18,HARDWYN,HARDWYN INDIA LIMITED,10.95,11.11,8.8,9.42,10.95,9633380
2026-08-18,HARIOMPIPE,HARIOM PIPE INDUSTRIES L,347.0,357.0,346.05,352.95,346.45,140777
2026-08-18,HRYNSHP,HARIYANA SHIP BREAKERS L,101.0,104.0,100.9,101.78,101.0,1931
2026-08-18,HARRMALAYA,HARRISON MALAYALAM LTD,194.99,194.99,188.05,189.03,193.47,25832
2026-08-18,HARSHA,HARSHA ENGINEERS INT LTD,427.95,439.9,421.75,436.4,425.6,224480
2026-08-18,HATHWAY,HATHWAY CABLE & DATACOM,10.54,10.61,10.5,10.51,10.59,825113
2026-08-18,HATSUN,HATSUN AGRO PRODUCT LTD.,974.05,993.65,969.55,985.35,968.8,59772
2026-08-18,HAVELLS,HAVELLS INDIA LIMITED,1299.0,1311.8,1286.1,1299.7,1299.0,1021226
2026-08-18,HAWKINCOOK,HAWKINS COOKERS LTD,8342.5,8410.0,8116.0,8235.0,8340.0,2401
2026-08-18,HAZOOR,HAZOOR MULTI PROJECTS LTD,21.49,22.0,20.5,21.34,21.49,36400
2026-08-18,HBPOR,HB PORTFOLIO LTD.,59.0,62.99,58.0,60.94,62.99,2387
2026-08-18,HBSL,HB STOCKHOLDINGS LIMITED,56.9,57.2,54.6,56.13,56.9,2327
2026-08-18,HBLENGINE,HBL ENGINEERING LTD,675.0,677.55,667.15,670.05,674.6,635709
2026-08-18,HCL-INSYS,HCL INFOSYSTEMS LTD,11.66,11.66,11.26,11.32,11.24,77067
2026-08-18,HCLTECH,HCL TECHNOLOGIES LTD,1318.0,1320.0,1292.5,1298.0,1325.0,3056990
2026-08-18,HDBFS,HDB FINANCIAL SERVICES L,683.0,701.0,674.85,698.15,683.9,513419
2026-08-18,HDFCAMC,HDFC AMC LIMITED,2525.9,2536.9,2491.3,2525.0,2523.0,672054
2026-08-18,HDFCBANK,HDFC BANK LTD,726.3,729.0,723.0,723.0,729.0,17916507
2026-08-18,HDFCGOLD,HDFC GOLD ETF,133.88,133.88,130.23,130.71,130.62,1936116
2026-08-18,HDFCLIFE,HDFC LIFE INS CO LTD,541.95,542.9,537.55,538.25,543.0,1271552
2026-08-18,HDFCBSE500,HDFCAMC - HDFCBSE500,38.75,38.75,37.58,37.75,38.12,643658
2026-08-18,HDFCGROWTH,HDFCAMC - HDFCGROWTH,121.37,123.04,120.6,120.98,121.37,72788
2026-08-18,HDFCLIQUID,HDFCAMC - HDFCLIQUID,1079.4,1079.4,1074.16,1074.18,1074.03,18536
2026-08-18,HDFCLOWVOL,HDFCAMC - HDFCLOWVOL,20.9,21.0,20.84,20.85,21.0,2537
2026-08-18,HDFCMID150,HDFCAMC - HDFCMID150,23.75,23.81,23.57,23.65,23.71,568827
2026-08-18,HDFCMOMENT,HDFCAMC - HDFCMOMENT,31.53,31.56,31.26,31.42,31.47,108742
2026-08-18,HDFCNEXT50,HDFCAMC - HDFCNEXT50,76.35,76.4,75.71,75.83,76.35,101344
2026-08-18,HDFCNIF100,HDFCAMC - HDFCNIF100,26.44,26.44,26.2,26.22,26.31,43431
2026-08-18,HDFCNIFBAN,HDFCAMC - HDFCNIFBAN,59.51,59.51,58.97,59.23,59.54,279639
2026-08-18,HDFCNIFIT,HDFCAMC - HDFCNIFIT,32.99,33.26,32.31,32.34,32.99,261717
2026-08-18,HDFCNIFTY,HDFCAMC - HDFCNIFTY,281.76,281.76,272.9,273.21,274.89,102395
2026-08-18,HDFCNIMEG,HDFCAMC - HDFCNIMEG,131.18,131.18,130.14,130.47,131.79,44618
2026-08-18,HDFCPVTBAN,HDFCAMC - HDFCPVTBAN,28.76,28.76,27.78,27.84,28.06,147629
2026-08-18,HDFCQUAL,HDFCAMC - HDFCQUAL,59.7,59.7,58.97,59.2,59.72,24197
2026-08-18,HDFCSENSEX,HDFCAMC - HDFCSENSEX,87.55,88.24,87.55,87.77,88.25,13547
2026-08-18,HDFCSILVER,HDFCAMC - HDFCSILVER,225.88,225.88,220.68,221.55,223.64,1592562
2026-08-18,HDFCSML250,HDFCAMC - HDFCSML250,189.83,189.83,184.5,184.78,185.2,1107563
2026-08-18,HDFCVALUE,HDFCAMC - HDFCVALUE,126.26,126.4,125.63,126.0,126.6,7620
2026-08-18,HDFCPSUBK,HDFCAMC HDFCPSUBK,87.0,88.51,86.98,87.17,87.93,46940
2026-08-18,HEADSUP,HEADS UP VENTURES LIMITED,6.69,6.82,6.32,6.67,6.69,24061
2026-08-18,HEALTHX,HEALTH X PLATFORM LIMITED,287.55,295.9,287.5,288.5,291.5,3922
2026-08-18,HCG,HEALTHCARE GLOB. ENT. LTD,717.0,721.9,707.0,713.65,712.35,101694
2026-08-18,HECPROJECT,HEC INFRA PROJECTS LTD,118.05,124.74,118.05,119.3,119.89,15932
2026-08-18,HEG,HEG LTD,697.5,749.0,696.0,739.25,698.3,5430733
2026-08-18,HEIDELBERG,HEIDELBERGCEMENT (I) LTD,161.0,161.79,159.81,160.06,160.22,82281
2026-08-18,HEMIPROP,HEMISPHERE PROP IND LTD,134.0,134.5,132.0,132.33,134.27,235829
2026-08-18,HERANBA,HERANBA INDUSTRIES LTD,167.0,167.55,161.0,161.83,166.23,56731
2026-08-18,HERITGFOOD,HERITAGE FOODS LTD,364.3,366.4,356.25,359.6,363.65,164947
2026-08-18,HEROMOTOCO,HERO MOTOCORP LIMITED,5745.0,5778.0,5694.5,5745.5,5745.0,485939
2026-08-18,HESTERBIO,HESTER BIOSCIENCES LTD,2418.8,2496.0,2408.6,2451.2,2417.6,5947
2026-08-18,HEXATRADEX,HEXA TRADEX LIMITED,157.7,160.65,157.0,158.68,157.31,2060
2026-08-18,HEXT,HEXAWARE TECHNOLOGIES LTD,562.0,568.75,550.2,552.75,561.0,84816
2026-08-18,HFCL,HFCL LIMITED,218.01,230.47,218.01,230.03,219.5,35739264
2026-08-18,HITECH,HI-TECH PIPES LIMITED,78.48,78.98,77.5,77.98,78.43,359333
2026-08-18,HILINFRA,HIGHWAY INFRASTRUCTURE L,45.5,46.9,45.41,46.3,44.46,292136
2026-08-18,HIKAL,HIKAL LIMITED,213.0,217.5,212.12,217.18,212.81,138405
2026-08-18,HSCL,HIMADRI SPECIALITY CHEM L,786.95,789.8,768.5,781.8,787.4,3303592
2026-08-18,HIMATSEIDE,HIMATSINGKA SEIDE LTD,70.64,72.61,70.64,71.17,70.5,689377
2026-08-18,HINDALUMI,HIND ALUMINIUM INDS. LTD.,107.5,107.5,98.0,98.95,99.17,3908
2026-08-18,HINDALCO,HINDALCO  INDUSTRIES  LTD,1048.95,1050.6,1038.0,1041.6,1049.9,2525385
2026-08-18,HINDCON,HINDCON CHEMICALS LIMITED,22.13,22.7,22.13,22.61,22.13,21792
2026-08-18,HPIL,HINDPRAKASH INDUSTRY LTD,127.0,130.85,127.0,130.06,127.35,3025
2026-08-18,HGS,HINDUJA GLOBAL SOLS. LTD.,410.0,413.8,403.5,406.95,413.05,12685
2026-08-18,HINDADH,HINDUSTAN ADHESIVES LTD.,372.9,402.65,361.0,385.45,335.55,246790
2026-08-18,HAL,HINDUSTAN AERONAUTICS LTD,5067.4,5120.0,5039.0,5099.0,5059.0,1238546
2026-08-18,HINDCOMPOS,HINDUSTAN COMPOSITES LTD.,411.65,412.1,408.0,409.05,409.55,2054
2026-08-18,HCC,HINDUSTAN CONSTRUCTION CO,20.33,20.56,19.9,20.04,20.33,11759100
2026-08-18,HINDCOPPER,HINDUSTAN COPPER LTD,568.6,576.7,555.55,566.35,572.65,15501582
2026-08-18,HNDFDS,HINDUSTAN FOODS LIMITED,615.0,640.9,608.0,635.6,608.45,265619
2026-08-18,HINDOILEXP,HINDUSTAN OIL EXPLORATION,155.99,159.5,154.84,156.49,154.89,613233
2026-08-18,HINDPETRO,HINDUSTAN PETROLEUM CORP,368.9,373.75,365.95,366.0,371.0,5320731
2026-08-18,HINDUNILVR,HINDUSTAN UNILEVER LTD.,2055.0,2060.0,2034.9,2035.0,2055.0,1234596
2026-08-18,HINDZINC,HINDUSTAN ZINC LIMITED,569.1,569.1,558.0,558.0,567.5,2256802
2026-08-18,HINDWAREAP,HINDWARE HME INOVATON LTD,197.63,200.7,196.25,199.89,197.63,84276
2026-08-18,HIRECT,HIRECT LIMITED,1250.0,1266.0,1245.1,1261.0,1258.6,33411
2026-08-18,HISARMETAL,HISAR METAL IND. LIMITED,154.9,156.0,148.0,153.4,152.44,1846
2026-08-18,POWERINDIA,HITACHI ENERGY INDIA LTD,35580.0,35580.0,35200.0,35275.0,35450.0,47426
2026-08-18,HLEGLAS,HLE GLASCOAT LIMITED,306.1,314.6,303.5,306.2,314.6,459971
2026-08-18,HLVLTD,HLV LIMITED,6.72,6.72,6.65,6.7,6.73,138213
2026-08-18,HMAAGRO,HMA AGRO INDUSTRIES LTD,22.9,24.0,21.93,22.02,22.95,9306605
2026-08-18,HOMEFIRST,HOME FIRST FIN CO IND LTD,1181.0,1184.2,1170.0,1177.1,1179.9,280836
2026-08-18,HONASA,HONASA CONSUMER LIMITED,480.0,485.7,470.05,474.6,481.65,1909931
2026-08-18,HONDAPOWER,HONDA I POWER PRODUCT LTD,2145.0,2149.0,2092.2,2111.2,2138.1,5719
2026-08-18,HONAUT,HONEYWELL AUTOMATION IND,36970.0,36970.0,36105.0,36400.0,36400.0,3269
2026-08-18,HPAL,HP ADHESIVES LIMITED,35.79,35.79,34.51,34.67,35.64,43228
2026-08-18,HPL,HPL ELECTRIC & POWER LTD,310.0,318.9,310.0,314.4,312.35,86613
2026-08-18,HSBCGOLD,HSBCAMC - HSBCGOLD,133.16,133.3,132.66,133.21,133.16,2175
2026-08-18,HUDCO,HSG & URBAN DEV CORPN LTD,187.9,189.4,186.4,188.01,189.01,1134421
2026-08-18,HTMEDIA,HT MEDIA LIMITED,26.0,27.0,25.89,26.78,25.77,124006
2026-08-18,HUBTOWN,HUBTOWN LIMITED,182.91,183.59,179.57,180.52,182.91,231892
2026-08-18,HUHTAMAKI,HUHTAMAKI INDIA LIMITED,279.9,279.9,275.1,276.0,279.1,80485
2026-08-18,HYUNDAI,HYUNDAI MOTOR INDIA LTD,2179.1,2221.9,2179.0,2186.0,2190.0,474077
2026-08-18,IGPL,I G PETROCHEMICALS LTD,474.8,488.4,472.8,479.95,472.8,134261
2026-08-18,ISTLTD,I S T LTD.,660.0,660.0,650.0,652.2,666.9,51
2026-08-18,ICDSLTD,ICDS LTD,42.0,42.0,38.81,40.38,40.47,1288
2026-08-18,ICEMAKE,ICE MAKE REFRIGERAT LTD,716.0,758.8,711.0,728.25,722.45,100040
2026-08-18,ICICIBANK,ICICI BANK LTD.,1410.0,1416.6,1406.3,1412.0,1415.3,8345198
2026-08-18,ICICIGI,ICICI LOMBARD GIC LIMITED,1626.3,1637.5,1615.2,1623.8,1626.3,625804
2026-08-18,LOWVOLIETF,ICICI PR NIF LW VL 30 ETF,22.76,22.76,22.31,22.36,22.51,874266
2026-08-18,ICICIPRULI,ICICI PRU LIFE INS CO LTD,503.85,510.6,498.2,498.2,507.0,1584467
2026-08-18,MIDSELIETF,ICICI PRUD MIDCAP SEL ETF,19.95,19.98,19.82,19.88,19.95,189458
2026-08-18,NIF100IETF,ICICI PRUD NIFTY 100 ETF,28.55,28.55,28.28,28.38,28.55,57690
2026-08-18,NIFTYIETF,ICICI PRUD NIFTY ETF,269.58,276.56,269.58,274.6,276.5,317489
2026-08-18,SENSEXIETF,ICICI PRUD SENSEX ETF,892.37,893.6,890.0,891.09,896.91,7037
2026-08-18,ICICIAMC,ICICI PRUDENTIAL AMC LTD,3148.9,3148.9,3088.0,3106.0,3136.0,215913
2026-08-18,GOLDIETF,ICICI PRUDENTIAL GOLD ETF,127.74,133.0,127.73,130.95,131.02,5613015
2026-08-18,NV20IETF,ICICI PRUDENTIAL NV20 ETF,13.85,13.85,13.6,13.65,13.73,305133
2026-08-18,ICICIB22,ICICIPRAMC - BHARATIWIN,116.65,116.65,115.41,115.49,115.71,285944
2026-08-18,CASHIETF,ICICIPRAMC - CASHIETF,1075.75,1075.75,1075.73,1075.74,1075.6,327549
2026-08-18,EVIETF,ICICIPRAMC - EVIETF,34.85,34.85,34.1,34.17,34.17,231371
2026-08-18,GSEC10IETF,ICICIPRAMC - ICICI10GS,266.6,267.14,264.49,265.49,267.0,1076
2026-08-18,BSE500IETF,ICICIPRAMC - ICICI500,40.01,40.01,39.85,39.9,40.01,179861
2026-08-18,GSEC5IETF,ICICIPRAMC - ICICI5GSEC,66.66,66.86,66.15,66.15,66.33,793
2026-08-18,ALPL30IETF,ICICIPRAMC - ICICIALPLV,28.33,28.33,28.19,28.27,28.33,677321
2026-08-18,AUTOIETF,ICICIPRAMC - ICICIAUTO,30.4,30.5,30.29,30.4,30.4,542346
2026-08-18,PVTBANIETF,ICICIPRAMC - ICICIBANKP,27.66,27.71,27.55,27.67,27.74,1325673
2026-08-18,COMMOIETF,ICICIPRAMC - ICICICOMMO,101.24,101.24,99.5,99.83,100.24,32633
2026-08-18,CONSUMIETF,ICICIPRAMC - ICICICONSU,124.97,125.32,124.0,124.44,125.44,7620
2026-08-18,FMCGIETF,ICICIPRAMC - ICICIFMCG,52.94,52.94,51.26,51.35,51.98,3930217
2026-08-18,INFRAIETF,ICICIPRAMC - ICICIINFRA,97.92,97.92,96.01,96.53,96.95,52752
2026-08-18,LIQUIDIETF,ICICIPRAMC - ICICILIQ,1000.0,1000.01,999.99,999.99,999.99,409155
2026-08-18,MIDCAPIETF,ICICIPRAMC - ICICIM150,24.33,24.37,24.2,24.26,24.33,633384
2026-08-18,MOM30IETF,ICICIPRAMC - ICICIMOM30,32.03,32.03,31.61,31.66,31.72,435775
2026-08-18,NEXT50IETF,ICICIPRAMC - ICICINXT50,78.92,79.0,78.26,78.69,78.92,390566
2026-08-18,HEALTHIETF,ICICIPRAMC - ICICIPHARM,168.59,169.79,167.47,168.95,168.59,54971
2026-08-18,QUAL30IETF,ICICIPRAMC - ICICIQTY30,22.19,22.19,21.34,21.38,21.65,63621
2026-08-18,SILVERIETF,ICICIPRAMC - ICICISILVE,227.52,235.9,227.51,231.49,233.36,2327134
2026-08-18,ITIETF,ICICIPRAMC - ICICITECH,34.37,34.37,33.6,33.66,34.27,556975
2026-08-18,INSUREIETF,ICICIPRAMC - INSUREIETF,15.48,15.59,15.4,15.51,15.52,34980
2026-08-18,BANKIETF,ICICIPRAMC - IPRU5008,59.19,59.32,58.83,58.98,59.38,191986
2026-08-18,METALIETF,ICICIPRAMC - METALIETF,13.3,13.3,13.04,13.08,13.24,8628498
2026-08-18,OILIETF,ICICIPRAMC - OILIETF,11.43,11.47,11.38,11.39,11.42,883307
2026-08-18,PSUBNKIETF,ICICIPRAMC - PSUBANKICI,88.47,88.79,87.21,87.45,88.58,59958
2026-08-18,SMALLIETF,ICICIPRAMC - SMALLIETF,18.16,18.58,18.16,18.41,18.38,26559
2026-08-18,TOP15IETF,ICICIPRAMC - TOP15IETF,9.97,9.98,9.94,9.97,10.02,61410
2026-08-18,VAL30IETF,ICICIPRAMC - VAL30IETF,15.77,15.77,15.25,15.29,15.39,143803
2026-08-18,FINIETF,ICICIPRAMC-ICICIFIN,33.25,33.29,33.0,33.13,33.25,220406
2026-08-18,ICRA,ICRA LIMITED,5050.0,5082.0,4954.0,4975.6,5052.7,21643
2026-08-18,IDBI,IDBI BANK LIMITED,82.0,82.54,81.0,81.11,82.18,1964380
2026-08-18,IDEAFORGE,IDEAFORGE TECHNO LTD,780.0,834.85,780.0,834.85,795.1,858864
2026-08-18,IDFCFIRSTB,IDFC FIRST BANK LIMITED,85.0,85.47,84.6,84.76,85.05,8806133
2026-08-18,IFBAGRO,IFB AGRO INDUSTRIES LTD,1038.15,1052.95,1015.1,1027.45,1038.15,5571
2026-08-18,IFBIND,IFB INDUSTRIES LTD,1389.0,1424.0,1371.2,1416.4,1386.0,75848
2026-08-18,IFCI,IFCI LTD,78.97,81.8,78.36,81.36,78.93,49975029
2026-08-18,IFGLEXPOR,IFGL REFRACTORIES LIMITED,219.89,229.0,215.01,222.83,218.97,25164
2026-08-18,IGARASHI,IGARASHI MOTORS INDIA LTD,456.0,460.8,441.3,450.4,454.9,106671
2026-08-18,IIFLCAPS,IIFL CAPITAL SERVICES LTD,334.4,336.4,333.7,335.05,334.55,157511
2026-08-18,IIFL,IIFL FINANCE LIMITED,630.0,640.4,620.0,622.35,630.05,1373767
2026-08-18,IKIO,IKIO TECHNOLOGIES LIMITED,200.25,202.71,196.36,196.99,201.74,127812
2026-08-18,IVC,IL&FS INVESTMENT MANAGERS,8.42,8.42,8.15,8.21,8.32,229288
2026-08-18,IMAGICAA,IMAGICAAWORLD ENT LTD,47.06,47.19,46.01,46.14,47.06,230513
2026-08-18,INCREDIBLE,INCREDIBLE INDUSTRIES LTD,31.5,32.74,31.28,31.37,31.84,1078
2026-08-18,IMPAL,IND MOTOR PART & ACC LTD,1083.1,1115.8,1069.4,1109.4,1083.1,2623
2026-08-18,INDSWFTLAB,IND SWIFT LABORATORIES LT,317.95,351.3,316.9,346.87,313.02,5070310
2026-08-18,INDTERRAIN,IND TERRAIN FASHIONS LTD,32.34,32.34,30.5,30.55,31.06,17009
2026-08-18,INDBANK,INDBANK MERCH BANK,32.8,32.8,32.0,32.15,32.38,44694
2026-08-18,BAJAJINDEF,INDEF MANUFACTURING LTD,216.04,218.99,212.66,213.13,215.32,11903
2026-08-18,INDGN,INDEGENE LIMITED,556.3,569.5,556.3,567.7,561.75,161896
2026-08-18,INDIAGLYCO,INDIA GLYCOLS LTD,1070.9,1164.3,1070.9,1139.2,1070.9,2053627
2026-08-18,INDNIPPON,INDIA NIPPON ELECT  LTD,1138.6,1142.9,1108.3,1120.3,1138.5,15685
2026-08-18,IPL,INDIA PESTICIDES LIMITED,140.0,141.52,138.0,138.19,141.05,129973
2026-08-18,INDIASHLTR,INDIA SHELTER FIN CORP L,674.0,674.0,661.2,669.05,674.75,80555
2026-08-18,ITDC,INDIA TOUR. DEV. CO. LTD.,698.3,703.55,688.0,692.95,698.3,85619
2026-08-18,IBULLSLTD,INDIABULLS LIMITED,27.85,29.22,26.67,26.98,27.83,26107565
2026-08-18,INDIAMART,INDIAMART INTERMESH LTD,1767.2,1785.9,1737.4,1753.1,1770.0,104847
2026-08-18,INDIANB,INDIAN BANK,874.0,887.0,874.0,875.0,881.2,467243
2026-08-18,INDIANCARD,INDIAN CARD CLOTHING CO.,216.1,220.78,210.7,219.43,216.07,3822
2026-08-18,IEX,INDIAN ENERGY EXC LTD,124.6,125.49,123.75,124.4,125.3,1978111
2026-08-18,INDIANHUME,INDIAN HUME PIPE CO. LTD.,363.6,367.7,355.7,360.15,362.55,26224
2026-08-18,IMFA,INDIAN METALS & FERRO,1405.6,1423.0,1384.0,1418.4,1398.7,78872
2026-08-18,IOC,INDIAN OIL CORP LTD,138.12,139.2,137.75,137.8,138.61,8312830
2026-08-18,IOB,INDIAN OVERSEAS BANK,33.7,33.76,33.16,33.27,33.66,2089649
2026-08-18,IRCTC,INDIAN RAIL TOUR CORP LTD,499.95,501.0,492.0,493.05,499.95,592203
2026-08-18,IRFC,INDIAN RAILWAY FIN CORP L,86.76,87.56,86.05,86.11,87.05,5607787
2026-08-18,IREDA,INDIAN RENEWABLE ENERGY,116.85,117.11,115.27,115.27,116.85,2772666
2026-08-18,IWP,INDIAN WOOD PRODUCTS CO L,34.0,34.05,33.81,33.81,34.48,2872
2026-08-18,INDIGOPNTS,INDIGO PAINTS LIMITED,1161.0,1169.5,1134.3,1150.8,1161.0,121042
2026-08-18,INDIQUBE,INDIQUBE SPACES LIMITED,179.51,190.0,178.58,187.12,178.63,118008
2026-08-18,INDOBORAX,INDO BORAX & CHEMICAL LTD,421.9,436.45,417.0,433.15,420.25,146390
2026-08-18,ICIL,INDO COUNT INDUSTRIES LTD,388.7,462.0,387.05,437.7,388.7,25217573
2026-08-18,INDOFARM,INDO FARM EQUIPMENT LTD,144.15,148.48,141.82,143.33,144.1,100822
2026-08-18,INDORAMA,INDO RAMA SYNTHETICS LTD,54.2,59.29,54.1,56.81,54.76,1115047
2026-08-18,INDOTECH,INDO TECH TRANSFORM LTD.,3634.9,3788.8,3617.0,3788.8,3608.4,25073
2026-08-18,INDOTHAI,INDO THAI SEC LTD,69.57,69.57,69.57,69.57,73.23,20979
2026-08-18,INDOUS,INDO US BIOTECH LTD,89.99,89.99,84.8,87.0,84.75,17991
2026-08-18,INDOMIM,INDO-MIM LIMITED,910.0,952.75,905.0,952.75,866.15,10246021
2026-08-18,NIPPOBATRY,INDO-NATIONAL LIMITED,331.3,333.3,328.0,329.1,331.3,1475
2026-08-18,INDOCO,INDOCO REMEDIES LTD.,218.74,223.48,217.41,221.16,218.74,55379
2026-08-18,IGCL,INDOGULF CROPSCIENCES LTD,71.6,72.79,71.31,72.09,71.38,62330
2026-08-18,INDOKEM,INDOKEM LTD.,640.0,640.0,572.0,585.5,590.55,3563
2026-08-18,WAAREEINDO,INDOSOLAR LIMITED,300.65,302.4,296.0,297.55,300.35,30065
2026-08-18,INDOSTAR,INDOSTAR CAPITAL FIN LTD,247.0,257.4,246.55,251.4,247.15,150009
2026-08-18,INDOWIND,INDOWIND ENERGY LTD,8.87,8.87,7.9,8.39,8.74,330267
2026-08-18,IGL,INDRAPRASTHA GAS LTD,151.0,151.58,149.1,149.39,151.0,755290
2026-08-18,INDRAMEDCO,INDRAPRASTHA MEDICAL CORP,370.0,370.95,364.95,368.95,369.75,135013
2026-08-18,INDUSTOWER,INDUS TOWERS LIMITED,378.8,379.8,371.5,372.4,380.0,4522943
2026-08-18,INDUSINDBK,INDUSIND BANK LIMITED,1007.0,1019.5,1007.0,1015.0,1010.6,539358
2026-08-18,INDPRUD,INDUSTRIAL & PRU INV CO L,6200.5,6250.0,6141.0,6198.0,6203.0,51
2026-08-18,IITL,INDUSTRIAL INV TRUST LTD,149.9,150.3,147.02,148.09,150.35,91829
2026-08-18,NAUKRI,INFO EDGE (I) LTD,1345.0,1368.8,1331.1,1354.9,1355.8,1540395
2026-08-18,INFOBEAN,INFOBEANS TECHNO. LTD.,158.67,159.89,157.0,158.03,160.15,151945
2026-08-18,INFOMEDIA,INFOMEDIA PRESS LIMITED,5.48,5.49,4.88,5.17,5.26,25231
2026-08-18,INFY,INFOSYS LIMITED,1124.5,1131.9,1112.5,1115.0,1139.9,8851110
2026-08-18,INGERRAND,INGERSOLL-RAND INDIA LTD,4477.3,4725.0,4477.3,4691.0,4477.2,47469
2026-08-18,INNOVACAP,INNOVA CAPTAB LIMITED,1030.1,1059.7,1030.1,1043.0,1038.45,27162
2026-08-18,INNOVANA,INNOVANA THINKLABS LTD,306.05,315.0,290.0,305.25,307.15,29791
2026-08-18,INNOVISION,INNOVISION LIMITED,275.05,280.45,273.5,274.1,276.9,13425
2026-08-18,INOXGREEN,INOX GREEN ENERGY SER LTD,182.0,182.19,177.41,179.66,181.54,1588891
2026-08-18,INOXINDIA,INOX INDIA LIMITED,1949.9,1978.0,1920.0,1958.1,1950.8,139702
2026-08-18,INOXWIND,INOX WIND LIMITED,78.0,78.19,74.69,74.95,78.13,18198825
2026-08-18,INSECTICID,INSECTICIDES (I) LTD,618.7,625.0,612.0,619.5,618.7,9791
2026-08-18,INA,INSOLATION ENERGY LIMITED,98.68,99.15,93.85,94.86,98.41,697214
2026-08-18,ESSENTIA,INTEGRA ESSENTIA LIMITED,1.26,1.26,1.26,1.26,1.32,783375
2026-08-18,INTELLECT,INTELLECT DESIGN ARENA,695.45,702.6,685.65,695.95,695.45,334407
2026-08-18,INTENTECH,INTENSE TECHNOLOGIES LTD,79.0,82.0,79.0,80.34,79.81,34413
2026-08-18,INTERARCH,INTERARCH BLDNG SOLTN LTD,1738.8,1739.3,1715.8,1725.1,1738.8,32697
2026-08-18,INDIGO,INTERGLOBE AVIATION LTD,5220.0,5238.0,5138.0,5220.0,5275.5,554778
2026-08-18,INTLCONV,INTL CONVEYORS LIMITED,78.9,79.03,75.81,76.79,79.06,59790
2026-08-18,IGIL,INTL GEMOLOGICAL INST LTD,353.05,355.1,346.5,349.7,355.15,608062
2026-08-18,ISFT,INTRASOFT TECH. LTD,82.25,83.47,80.25,80.31,82.25,110158
2026-08-18,INVENTURE,INVENTURE GRO & SEC LTD,0.91,0.91,0.9,0.9,0.9,475512
2026-08-18,IKS,INVENTURUS KNOWLEDGE SO L,1830.2,1875.0,1823.0,1861.6,1830.2,129336
2026-08-18,IVZINGOLD,INVESCO INDIA GOLD ETF,133.25,133.45,132.5,132.8,133.25,9093
2026-08-18,IVZINNIFTY,INVESCO INDIA NIFTY ETF,278.92,278.92,277.41,277.59,279.22,726
2026-08-18,IOLCP,IOL CHEM AND PHARMA LTD,161.28,162.25,157.8,159.19,161.28,1213444
2026-08-18,IONEXCHANG,ION EXCHANGE (INDIA) LTD,374.0,378.7,369.0,370.3,374.45,218689
2026-08-18,IPRINGLTD,IP RINGS LTD.,138.5,153.0,138.0,143.07,134.0,2174
2026-08-18,IPCALAB,IPCA LABORATORIES LTD,1877.1,1919.0,1862.3,1882.1,1884.6,804532
2026-08-18,IRB,IRB INFRA DEV LTD.,19.16,19.17,19.02,19.03,19.17,6032637
2026-08-18,IRCON,IRCON INTERNATIONAL LTD,124.2,124.7,123.1,123.62,124.57,946997
2026-08-18,IRISDOREME,IRIS CLOTHINGS LIMITED,58.89,59.3,57.66,59.0,58.3,1095844
2026-08-18,IRIS,IRIS REGTECH SOLUTION LTD,250.0,257.74,240.1,250.17,246.76,70425
2026-08-18,IRMENERGY,IRM ENERGY LIMITED,288.0,293.7,288.0,290.25,292.1,46575
2026-08-18,ISGEC,ISGEC HEAVY ENG LTD,746.05,794.7,740.5,782.2,746.85,134385
2026-08-18,ISHANCH,ISHAN DYES N CHEMICALS L,47.9,49.56,46.55,47.04,47.33,142217
2026-08-18,ITCHOTELS,ITC HOTELS LIMITED,166.0,166.15,164.0,164.43,166.36,817909
2026-08-18,ITC,ITC LTD,273.05,273.65,269.15,270.0,273.05,14561572
2026-08-18,ITI,ITI LTD,276.1,282.0,274.25,280.35,277.25,233923
2026-08-18,ITL,ITL INDUSTRIES LTD.,327.0,327.0,312.85,320.05,318.4,1147
2026-08-18,IVALUE,IVALUE INFOSOLUTIONS LTD,275.6,284.35,275.6,280.3,279.1,231932
2026-08-18,IZMO,IZMO LIMITED,912.0,929.0,885.0,903.9,916.25,112287
2026-08-18,J&KBANK,J & K BANK LTD.,148.1,151.75,147.68,150.24,147.97,2545070
2026-08-18,JGCHEM,J.G.CHEMICALS LIMITED,605.0,652.4,602.15,645.85,600.8,873029
2026-08-18,JAGRAN,JAGRAN PRAKASHAN LIMITED,61.92,62.28,61.4,61.56,61.92,184646
2026-08-18,JAGSNPHARM,JAGSONPAL PHARMACEUTICALS,233.53,241.3,229.15,230.89,233.53,245501
2026-08-18,JAIBALAJI,JAI BALAJI INDUSTRIES LTD,69.5,70.79,66.47,67.82,69.96,1512483
2026-08-18,JAICORPLTD,JAI CORP LIMITED,101.4,101.79,99.8,100.08,101.2,246778
2026-08-18,JISLDVREQS,JAIN DVR EQUITY SHARES,21.0,21.75,20.82,21.01,21.28,1341
2026-08-18,JISLJALEQS,JAIN IRRIGATION SYSTEMS,27.66,27.82,27.41,27.53,27.73,1122421
2026-08-18,JAINREC,JAIN RESOURCE RECYCLING L,303.0,303.3,295.8,296.2,301.9,543084
2026-08-18,JPPOWER,JAIPRAKASH POWER VEN. LTD,17.3,17.4,17.27,17.32,17.39,17435781
2026-08-18,JAMNAAUTO,JAMNA AUTO IND LTD,123.0,124.3,122.0,122.58,123.33,965973
2026-08-18,JSFB,JANA SMALL FIN BANK LTD,548.55,579.0,542.0,575.0,548.85,899345
2026-08-18,JARO,JARO INS OF TEC MG N RE L,451.2,461.7,443.0,445.5,449.1,136549
2026-08-18,JASH,JASH ENGINEERING LIMITED,480.0,485.75,475.0,476.6,480.5,64171
2026-08-18,JAYBARMARU,JAY BHARAT MARUTI LTD,129.25,132.0,127.1,130.42,127.72,265179
2026-08-18,JAYAGROGN,JAYANT AGRO ORGANICS LTD,218.0,221.0,217.3,220.41,217.68,2797
2026-08-18,JAYNECOIND,JAYASWAL NECO INDUSTR LTD,88.69,91.2,88.05,90.23,88.31,2964260
2026-08-18,JAYKAY,JAYKAY ENTERPRISES LTD,151.95,156.52,150.01,154.53,150.5,221637
2026-08-18,JAYSREETEA,JAYSHREE TEA & INDUSTRIES,88.33,89.7,87.1,87.85,88.32,43708
2026-08-18,JBMA,JBM AUTO LIMITED,621.45,626.55,617.0,619.85,621.35,138248
2026-08-18,JSLL,JEENA SIKHO LIFECARE LTD,510.05,518.0,505.5,507.95,517.3,426512
2026-08-18,JENBURPH,JENBURKT PHARMACEUTICAL L,1065.0,1073.9,1040.2,1047.3,1045.1,327
2026-08-18,JETFREIGHT,JET FREIGHT LOGISTICS LTD,22.5,22.72,22.4,22.43,22.73,59999
2026-08-18,JHS,JHS SVEND. LAB. LTD,8.35,8.73,8.16,8.4,8.45,32343
2026-08-18,RETAIL,JHS SVENDGAARD RETAIL V L,18.29,18.3,17.5,18.13,18.23,2004
2026-08-18,JPOLYINVST,JIND POL INV & FIN CO LTD,1012.2,1021.4,1001.1,1004.6,1006.6,4365
2026-08-18,JINDRILL,JINDAL DRILLING IND. LTD,587.1,673.55,587.1,651.15,586.2,17885822
2026-08-18,JINDALPHOT,JINDAL PHOTO LIMITED,1057.3,1098.0,1051.1,1065.9,1057.6,2874
2026-08-18,JINDALPOLY,JINDAL POLY FILMS LIMITED,665.0,668.05,644.05,646.65,665.65,15581
2026-08-18,JINDALSAW,JINDAL SAW LIMITED,270.65,270.9,266.0,268.65,270.4,546329
2026-08-18,JSL,JINDAL STAINLESS LIMITED,744.0,756.0,728.2,732.4,744.0,658364
2026-08-18,JINDALSTEL,JINDAL STEEL LIMITED,1119.0,1119.7,1100.0,1101.5,1116.1,561974
2026-08-18,JINDWORLD,JINDAL WORLDWIDE LTD,35.98,36.74,35.51,36.19,35.63,3082346
2026-08-18,JKIPL,JINKUSHAL INDUSTRIES LTD,98.99,99.89,94.05,97.28,97.1,167738
2026-08-18,JIOFIN,JIO FIN SERVICES LTD,248.9,248.9,245.8,245.8,249.75,9238709
2026-08-18,JITFINFRA,JITF INFRALOGISTICS LTD,306.0,314.95,300.0,305.05,306.2,23697
2026-08-18,JKCEMENT,JK CEMENT LIMITED,5338.0,5399.0,5322.0,5375.5,5340.0,21124
2026-08-18,JKLAKSHMI,JK LAKSHMI CEMENT LTD,557.0,561.9,553.0,556.0,557.25,130440
2026-08-18,JKPAPER,JK PAPER LIMITED,381.4,394.9,375.0,385.45,380.75,560909
2026-08-18,JKTYRE,JK TYRE & INDUSTRIES LTD,381.0,384.45,381.0,383.15,382.0,262707
2026-08-18,JKIL,JKUMAR INFR.LTD.,509.0,514.9,500.1,502.9,509.65,82171
2026-08-18,JMFINANCIL,JM FINANCIAL LIMITED,127.08,128.21,124.72,125.4,127.91,1377973
2026-08-18,JNKINDIA,JNK INDIA LIMITED,472.7,473.7,461.0,463.95,476.35,166370
2026-08-18,COCKERILL,JOHN COCKERILL INDIA LTD.,8419.0,8550.0,8260.0,8361.5,8419.0,12747
2026-08-18,JSWCEMENT,JSW CEMENT LIMITED,127.0,127.69,126.76,127.31,127.6,471590
2026-08-18,JSWDULUX,JSW DULUX LIMITED,3156.4,3165.0,3088.0,3110.4,3139.8,10435
2026-08-18,JSWENERGY,JSW ENERGY LIMITED,554.0,556.6,547.7,548.1,555.5,1195546
2026-08-18,JSWHL,JSW HOLDINGS LIMITED,11800.0,11918.0,11445.0,11489.0,11798.0,2559
2026-08-18,JSWINFRA,JSW INFRASTRUCTURE LTD,334.45,336.9,327.5,328.65,335.4,1863660
2026-08-18,JSWSTEEL,JSW STEEL LIMITED,1275.0,1285.8,1265.0,1267.6,1277.8,719017
2026-08-18,JTEKTINDIA,JTEKT INDIA LIMITED,130.1,133.3,129.4,130.04,130.18,133707
2026-08-18,JTLIND,JTL INDUSTRIES LIMITED,75.5,76.03,74.52,74.8,75.33,858810
2026-08-18,JUBLCPL,JUBILANT AGRI N CON PRO L,2362.4,2397.9,2142.0,2199.1,2342.4,16482
2026-08-18,JUBLFOOD,JUBILANT FOODWORKS LTD,509.85,510.6,496.4,500.55,511.5,2285057
2026-08-18,JUBLINGREA,JUBILANT INGREVIA LIMITED,733.7,737.85,722.75,726.7,732.8,135283
2026-08-18,JUBLPHARMA,JUBILANT PHARMOVA LTD,863.95,873.9,860.0,866.0,866.95,174172
2026-08-18,JMA,JULLUNDUR MOT AGENCY LTD,89.0,89.5,86.5,87.56,89.2,20311
2026-08-18,JNPR,JUNIPER GREEN ENERGY LTD,242.18,245.95,238.84,240.59,241.68,823202
2026-08-18,JUNIPER,JUNIPER HOTELS LIMITED,196.4,198.5,192.62,197.29,192.09,185085
2026-08-18,JLHL,JUPITER LIFE LINE HOSP L,314.0,320.55,310.15,318.2,315.15,229946
2026-08-18,JWL,JUPITER WAGONS LIMITED,250.2,253.6,250.0,250.7,252.65,295272
2026-08-18,JUSTDIAL,JUSTDIAL LTD.,680.3,683.35,658.0,661.3,680.3,174469
2026-08-18,JYOTHYLAB,JYOTHY LABS LIMITED,214.25,216.9,206.54,210.68,213.93,1642025
2026-08-18,JYOTICNC,JYOTI CNC AUTOMATION LTD,870.0,947.9,860.05,929.2,857.95,5438972
2026-08-18,JYOTIRES,JYOTI RESINS & ADHESIVE L,855.3,869.95,850.0,859.85,855.5,3299
2026-08-18,JYOTISTRUC,JYOTI STRUCTURES LTD,10.65,10.9,10.6,10.73,10.65,2337627
2026-08-18,KJMCFIN,K J M C FINANCIAL SERV L,62.85,62.85,56.21,61.99,58.85,3500
2026-08-18,KMCSHIL,K M C SPECIALITY HOSP I L,143.49,146.0,141.0,141.97,143.13,217294
2026-08-18,KMSUGAR,K M SUGAR MILLS LTD,30.19,32.2,30.0,31.38,29.79,973691
2026-08-18,KPEL,K.P. ENERGY LIMITED,243.7,264.95,240.0,262.3,243.75,859476
2026-08-18,KABRAEXTRU,KABRA EXTRUSION TECHNIK L,522.95,522.95,504.25,512.6,520.5,124007
2026-08-18,KAJARIACER,KAJARIA CERAMICS LTD,1243.9,1249.3,1219.0,1225.8,1251.6,120873
2026-08-18,KAKATCEM,KAKATIYA CEM SUGAR &IND L,109.5,113.75,109.0,112.75,109.49,3643
2026-08-18,KALPATARU,KALPATARU LIMITED,286.0,286.0,279.0,280.65,283.1,34751
2026-08-18,KPIL,KALPATARU PROJECT INT LTD,1404.0,1413.4,1392.1,1403.5,1404.2,132037
2026-08-18,KALYANKJIL,KALYAN JEWELLERS IND LTD,610.0,612.4,601.2,601.6,610.0,6089064
2026-08-18,KALYANIFRG,KALYANI FORGE LIMITED,654.75,665.95,634.95,639.2,651.7,2604
2026-08-18,KICL,KALYANI INVEST CO LTD,5252.5,5369.5,5252.5,5309.5,5292.5,446
2026-08-18,KSL,KALYANI STEELS LIMITED,829.8,842.95,818.85,821.35,829.8,25115
2026-08-18,KAMAHOLD,KAMA HOLDINGS LTD.,2462.6,2474.8,2440.0,2448.5,2456.4,5044
2026-08-18,KAMANWALA,KAMANWALA HOUSING CONST L,16.25,16.26,16.25,16.26,13.55,4545
2026-08-18,KAMATHOTEL,KAMAT HOTELS (I) LTD,195.78,195.78,191.22,194.1,194.64,32808
2026-08-18,KAMOPAINTS,KAMDHENU VENTURES LIMITED,4.57,4.57,4.3,4.38,4.43,308547
2026-08-18,KANANIIND,KANANI INDUSTRIES LTD,1.51,1.52,1.35,1.49,1.5,347845
2026-08-18,KANCHI,KANCHI KARPOORAM LTD.,372.0,376.0,364.0,374.0,377.65,3174
2026-08-18,KANCOTEA,KANCO TEA & INDS. LTD.,49.6,55.0,46.2,48.48,49.65,2063
2026-08-18,KANPRPLA,KANPUR PLASTIPACK LIMITED,263.0,266.39,240.5,244.25,262.85,54440
2026-08-18,KANSAINER,KANSAI NEROLAC PAINTS LTD,205.8,207.63,200.11,201.05,205.8,177961
2026-08-18,KAPSTON,KAPSTON SERVICES LIMITED,528.0,549.85,525.0,528.4,522.7,93251
2026-08-18,KARMAENG,KARMA ENERGY LIMITED,39.61,40.6,39.0,39.31,40.52,1117
2026-08-18,KTKBANK,KARNATAKA BANK LIMITED,304.2,313.2,304.2,310.75,306.5,2278077
2026-08-18,KARURVYSYA,KARUR VYSYA BANK LTD,333.5,336.15,330.95,333.9,334.0,1036685
2026-08-18,KSCL,KAVERI SEED CO. LTD.,758.7,779.0,755.8,772.75,772.3,251401
2026-08-18,KAVDEFENCE,KAVVERI DFS & WIR TEC LTD,55.6,60.0,54.89,57.53,56.61,227616
2026-08-18,KAYA,KAYA LIMITED,333.0,345.8,326.25,338.75,336.65,52088
2026-08-18,KAYNES,KAYNES TECHNOLOGY IND LTD,3664.8,3714.2,3640.0,3644.1,3651.0,514083
2026-08-18,KCP,KCP LTD,156.2,157.16,150.0,151.22,155.28,238462
2026-08-18,KDDL,KDDL LIMITED,4081.9,4128.5,4010.1,4093.5,4084.6,26917
2026-08-18,KEC,KEC INTL. LIMITED,436.35,438.0,427.0,428.6,436.35,1404817
2026-08-18,KEI,KEI INDUSTRIES LTD.,5881.7,5899.0,5722.7,5790.0,5873.0,311725
2026-08-18,KELLTONTEC,KELLTON TECH SOL LTD,13.54,13.89,13.45,13.68,13.54,1591673
2026-08-18,KENNAMET,KENNAMETAL INDIA LIMITED,3550.0,3569.0,3480.0,3502.2,3551.7,14828
2026-08-18,KERNEX,KERNEX MICROSYS(I) LTD,1820.0,1920.0,1756.1,1901.8,1751.7,1425187
2026-08-18,KKCL,KEWAL KIRAN CLOTHING LTD,523.65,525.0,513.2,515.05,521.0,50339
2026-08-18,KEYFINSERV,KEYNOTE FIN SERV LTD.,257.9,261.0,254.95,257.45,257.95,1145
2026-08-18,RUSTOMJEE,KEYSTONE REALTORS LIMITED,375.1,378.25,370.2,371.9,375.1,31546
2026-08-18,KFINTECH,KFIN TECHNOLOGIES LIMITED,976.55,979.0,946.0,957.6,973.0,1298792
2026-08-18,KHAITANLTD,KHAITAN (INDIA)LTD.,147.04,149.38,141.01,148.19,147.04,5052
2026-08-18,KHAICHEM,KHAITAN CHEM & FERT LTD,60.34,63.3,56.11,56.72,59.75,1453854
2026-08-18,KHANDSE,KHANDWALA SECURITIES LTD,17.47,17.47,17.47,17.47,17.25,1
2026-08-18,KLBRENG-B,KILBURN ENGINEERING LTD.,346.0,374.4,346.0,362.75,346.9,383012
2026-08-18,KINGFA,KINGFA SCI & TEC IND LTD.,6087.5,6087.5,5905.5,5974.5,6087.5,21586
2026-08-18,KIOCL,KIOCL LIMITED,387.3,391.85,382.1,384.0,388.15,63816
2026-08-18,KIRANVYPAR,KIRAN VYAPAR LTD.,200.0,200.0,196.25,196.31,201.75,303
2026-08-18,KIRIINDUS,KIRI INDUSTRIES LIMITED,413.5,413.5,403.8,408.95,410.45,191225
2026-08-18,KIRLOSBROS,KIRLOSKAR BROTHERS LTD,1942.9,1951.0,1900.7,1910.0,1942.9,34824
2026-08-18,KECL,KIRLOSKAR ELECTRIC CO LTD,137.5,139.82,133.35,135.36,137.5,163373
2026-08-18,KIRLFER,KIRLOSKAR FERROUS IND LTD,434.0,437.7,429.0,435.85,433.2,50317
2026-08-18,KIRLOSIND,KIRLOSKAR INDUSTRIES LTD,3842.9,3844.8,3740.0,3753.3,3842.9,4203
2026-08-18,KIRLOSENG,KIRLOSKAR OIL ENG LTD,2101.5,2130.0,2076.5,2125.7,2101.6,200593
2026-08-18,KIRLPNU,KIRLOSKAR PNEUMATIC COM L,768.8,776.9,745.7,760.2,1534.3,186912
2026-08-18,KITEX,KITEX GARMENTS LTD,128.51,134.07,128.1,128.98,128.81,700612
2026-08-18,KNAGRI,KN AGRI RESOURCES LIMITED,217.5,228.0,208.79,212.8,216.19,58047
2026-08-18,KNACK,KNACK PACKAGING LIMITED,207.0,208.74,203.05,204.19,207.56,535863
2026-08-18,KMEW,KNOWLEDGE MARINE & EN W L,2740.0,2745.0,2632.0,2706.2,2756.5,163110
2026-08-18,KNRCON,KNR CONSTRU LTD.,134.0,135.22,129.8,130.36,134.6,691247
2026-08-18,KOHINOOR,KOHINOOR FOODS LIMITED,27.8,28.47,26.3,27.42,27.78,135394
2026-08-18,KOKUYOCMLN,KOKUYO CAMLIN LIMITED,84.89,85.0,83.62,84.77,84.73,18755
2026-08-18,KOLTEPATIL,KOLTE PATIL DEV. LTD.,471.65,478.8,466.25,473.95,471.65,89987
2026-08-18,GOLD1,KOTAK GOLD ETF,130.89,130.95,127.19,127.67,127.7,2096227
2026-08-18,KOTAKBANK,KOTAK MAHINDRA BANK LTD,391.0,392.9,387.65,387.65,392.7,5653147
2026-08-18,NIFTY1,KOTAK NIFTY ETF,277.28,277.28,268.01,269.09,270.52,59872
2026-08-18,PSUBANK,KOTAK PSU BANK,87.49,87.59,86.1,86.65,87.38,85921
2026-08-18,CHEMICAL,KOTAKMAMC - CHEMICAL,30.41,31.18,30.41,30.85,30.81,2215646
2026-08-18,ALPHA,KOTAKMAMC - KOTAKALPHA,54.18,54.29,53.81,54.06,54.18,706087
2026-08-18,CONS,KOTAKMAMC - KOTAKCONS,12.45,12.47,12.32,12.37,12.51,654805
2026-08-18,IT,KOTAKMAMC - KOTAKIT,34.95,34.95,33.6,33.69,34.26,247367
2026-08-18,LIQUID1,KOTAKMAMC - KOTAKLIQ,1119.65,1119.65,1118.66,1118.66,1118.52,1362113
2026-08-18,LOWVOL1,KOTAKMAMC - KOTAKLOVOL,21.43,21.51,21.18,21.27,21.46,495408
2026-08-18,MIDCAP,KOTAKMAMC - KOTAKMID50,18.71,18.88,18.58,18.64,18.71,234519
2026-08-18,MNC,KOTAKMAMC - KOTAKMNC,34.74,34.74,34.48,34.5,34.76,52636
2026-08-18,SILVER1,KOTAKMAMC - KOTAKSILVE,22.12,22.9,22.12,22.47,22.69,4107007
2026-08-18,NV20,KOTAKMAMC - KTKNV20ETF,14.04,14.06,13.94,14.01,14.07,43408
2026-08-18,MID150,KOTAKMAMC - MID150,23.82,23.84,23.7,23.81,23.87,54661
2026-08-18,MOMENTUM30,KOTAKMAMC - MOMENTUM30,31.27,31.28,31.07,31.19,31.27,80449
2026-08-18,MSCIINDIA,KOTAKMAMC - MSCIINDIA,30.27,30.27,30.1,30.16,30.27,4053
2026-08-18,NEXT50ETF,KOTAKMAMC - NEXT50ETF,76.34,76.34,74.45,75.12,75.97,23367
2026-08-18,NIFTY100EW,KOTAKMAMC - NIFTY100EW,36.77,36.77,35.51,35.64,35.74,27419
2026-08-18,PVTBANK,KOTAKMAMC - PVTBANK,27.41,27.5,27.33,27.5,27.5,1747
2026-08-18,QUALITY30,KOTAKMAMC - QUALITY30,21.23,21.35,20.99,21.01,21.23,18032
2026-08-18,BANKNIFTY1,KOTAKMAMC-KOTAKBKETF,61.38,61.38,59.45,59.63,59.89,730567
2026-08-18,KOTIC,KOTHARI INDUSTRIAL CORP L,145.95,156.36,143.35,145.08,143.36,11873
2026-08-18,KOTHARIPET,KOTHARI PETROCHEM LTD,133.5,137.53,133.5,134.99,133.91,73090
2026-08-18,KOTHARIPRO,KOTHARI PRODUCTS LTD,68.58,69.43,67.5,67.95,68.58,6465
2026-08-18,KOTARISUG,KOTHARI SUG & CHEM LTD.,26.4,27.3,26.4,26.89,26.29,181199
2026-08-18,KOVAI,KOVAI MEDICAL CENTER & HO,6181.5,6181.5,5990.0,6013.0,6122.0,3161
2026-08-18,KPIGREEN,KPI GREEN ENERGY LIMITED,302.5,316.3,302.45,308.9,303.1,2232623
2026-08-18,KPITTECH,KPIT TECHNOLOGIES LIMITED,609.0,609.05,596.0,596.65,609.0,1619307
2026-08-18,KPRMILL,KPR MILL LTD.,1135.6,1140.0,1118.3,1123.5,1135.6,110490
2026-08-18,KRBL,KRBL LIMITED,394.65,403.8,390.5,393.6,395.7,715530
2026-08-18,KREBSBIO,KREBS BIOCHEMICALS & IND,56.77,56.78,55.08,55.79,54.66,5203
2026-08-18,KRISHANA,KRISHANA PHOSCHEM LIMITED,188.0,190.98,184.1,190.04,187.27,695996
2026-08-18,KRISHIVAL,KRISHIVAL FOODS LIMITED,403.0,403.0,350.6,355.75,408.3,170859
2026-08-18,KRISHNADEF,KRISHNA DEF AND ALD IND L,1067.9,1129.0,1067.9,1125.0,1062.5,137042
2026-08-18,KIMS,KRISHNA INST OF MED SCI L,800.0,808.9,800.0,805.5,800.4,217609
2026-08-18,KRITI,KRITI INDUSTRIES IND LTD,66.73,68.94,65.2,65.81,66.73,7131
2026-08-18,KRITINUT,KRITI NUTRIENTS LIMITED,86.99,87.5,84.51,85.79,85.15,4162
2026-08-18,KRITIKA,KRITIKA WIRES LIMITED,5.54,5.6,5.5,5.52,5.54,56033
2026-08-18,KRN,KRN HEAT EXCHANGE N REF L,1517.7,1560.0,1475.0,1522.1,1539.7,425448
2026-08-18,KRONOX,KRONOX LAB SCIENCES LTD,150.1,154.55,144.41,151.7,151.52,225530
2026-08-18,KROSS,KROSS LIMITED,203.5,208.01,201.35,202.5,205.2,329794
2026-08-18,KRSNAA,KRSNAA DIAGNOSTICS LTD,560.0,563.0,537.1,540.2,558.45,85637
2026-08-18,KRYSTAL,KRYSTAL INTEGRATED SER L,620.2,623.7,620.0,620.0,620.4,5861
2026-08-18,KSB,KSB LIMITED,797.05,801.45,789.65,794.5,795.25,38365
2026-08-18,KSE,KSE LTD.,197.9,199.99,196.0,198.82,194.47,25704
2026-08-18,KSHINTL,KSH INTERNATIONAL LIMITED,1024.3,1030.4,985.25,999.45,1022.35,225378
2026-08-18,KSHITIJPOL,KSHITIJ POLYLINE LIMITED,3.04,3.09,2.88,2.91,3.03,2109693
2026-08-18,KSOLVES,KSOLVES INDIA LIMITED,271.0,273.8,268.0,270.35,274.1,26890
2026-08-18,KSR,KSR FOOTWEAR LIMITED,29.16,29.8,28.36,28.47,29.3,2070
2026-08-18,KUANTUM,KUANTUM PAPERS LIMITED,80.74,81.28,79.2,79.79,80.33,153618
2026-08-18,KUSUMGAR,KUSUMGAR LIMITED,590.0,601.0,589.0,595.0,592.25,231690
2026-08-18,KPL,KWALITY PHARMACEUTICALS L,3648.0,3654.8,3499.8,3532.6,3598.1,35819
2026-08-18,KWIL,KWALITY WALL'S (INDIA) L,38.93,39.35,37.83,38.1,38.79,21856056
2026-08-18,LKPSEC,L K P SECURITIES LTD.,16.44,17.7,16.44,16.76,16.44,26512
2026-08-18,LTF,L&T FINANCE LIMITED,314.0,325.8,307.55,325.1,315.0,10165537
2026-08-18,LTTS,L&T TECHNOLOGY SER. LTD.,3525.2,3562.0,3495.0,3509.9,3528.5,47263
2026-08-18,LAOPALA,LA OPALA RG LIMITED,191.0,192.42,188.6,189.31,191.22,213293
2026-08-18,LADDERUP,LADDERUP FINANCE LTD.,50.9,50.9,50.33,50.33,49.11,43
2026-08-18,LAGNAM,LAGNAM SPINTEX LIMITED,77.6,79.95,77.4,77.81,77.94,40464
2026-08-18,LAHOTIOV,LAHOTI OVERSEAS LTD.,42.98,43.5,42.11,42.28,42.98,885
2026-08-18,LFIC,LAKSHMI FIN IND CORP LTD,138.21,145.0,138.21,140.88,140.7,470
2026-08-18,LAKSHMIMIL,LAKSHMI MILLS CO. LTD.,8505.0,8505.0,7900.0,8001.5,8067.0,69
2026-08-18,LAMBODHARA,LAMBODHARA TEXTILES LTD.,113.64,113.64,110.35,110.59,110.1,4907
2026-08-18,LANCER,LANCER CONTAINER LINES L,11.12,11.24,10.58,10.92,11.07,148016
2026-08-18,LANCORHOL,LANCOR HOLDINGS LIMITED,30.25,30.25,27.8,28.18,29.29,134243
2026-08-18,LANDMARK,LANDMARK CARS LIMITED,513.4,519.65,504.25,513.3,511.0,118817
2026-08-18,LPDC,LANDMARK PR.DEV.CO.LTD,7.86,7.86,7.25,7.38,7.87,96777
2026-08-18,LANDSMILL,LANDSMILL GREEN LIMITED,0.75,0.78,0.75,0.76,0.75,2802194
2026-08-18,LT,LARSEN & TOUBRO LTD.,4068.0,4085.0,4050.0,4064.3,4086.7,1355575
2026-08-18,LASA,LASA SUPERGENERICS LTD,7.14,7.44,6.75,7.19,7.14,25232
2026-08-18,LASERPOWER,LASER POWER & INFRA LTD,321.5,331.5,320.4,327.6,324.35,2181158
2026-08-18,LATENTVIEW,LATENT VIEW ANALYTICS LTD,287.2,289.95,280.4,281.6,285.5,510178
2026-08-18,LATTEYS,LATTEYS INDUSTRIES LTD,23.29,23.85,22.34,23.03,23.29,169405
2026-08-18,LAURUSLABS,LAURUS LABS LIMITED,1810.0,1824.6,1802.1,1814.0,1809.7,1291914
2026-08-18,LAXMICOT,LAXMI COTSPIN LIMITED,13.41,13.69,13.22,13.46,13.41,5759
2026-08-18,LAXMIDENTL,LAXMI DENTAL LIMITED,200.0,202.39,197.38,198.39,200.64,144665
2026-08-18,LGHL,LAXMI GOLDORNA HOUSE LTD,177.62,184.78,175.93,180.84,177.62,4502
2026-08-18,LAXMIINDIA,LAXMI INDIA FINANCE LTD,135.85,135.9,130.02,131.38,136.56,155482
2026-08-18,LXCHEM,LAXMI ORGANIC INDUS LTD,179.05,181.09,173.31,174.19,179.66,746694
2026-08-18,LCCINFOTEC,LCC INFOTECH LTD,3.81,3.99,3.44,3.84,3.82,115295
2026-08-18,LEMERITE,LE MERITE EXPORTS LIMITED,23.49,23.49,22.5,23.01,23.25,355691
2026-08-18,IXIGO,LE TRAVENUES TECHNOLOGY L,171.2,174.8,170.25,172.26,172.51,348709
2026-08-18,LEAPIND,LEAP INDIA LIMITED,160.0,164.7,158.3,160.3,155.49,29119032
2026-08-18,LEENEE,LEE & NEE SOFTWARES (E) L,7.06,7.97,6.81,7.58,7.06,18361
2026-08-18,THELEELA,LEELA PALACES HOTEL LTD,508.95,521.95,503.3,519.15,503.0,412429
2026-08-18,LEMONTREE,LEMON TREE HOTELS LTD,109.2,110.13,107.88,109.02,109.55,3034796
2026-08-18,LENSKART,LENSKART SOLUTIONS LTD,609.85,640.0,606.85,628.4,607.6,10855580
2026-08-18,LEXUS,LEXUS GRANITO (INDIA) LTD,13.91,14.79,13.07,13.55,13.58,12787
2026-08-18,LGBBROSLTD,LG BALAKRISHNAN & BROS,1602.0,1623.9,1600.0,1603.1,1602.8,14844
2026-08-18,LGEINDIA,LG ELECTRONICS INDIA LTD,1651.0,1675.0,1640.1,1649.4,1667.6,812372
2026-08-18,LIBAS,LIBAS CONSU PRODUCTS LTD,9.95,9.95,9.36,9.77,9.52,43087
2026-08-18,LIBERTSHOE,LIBERTY SHOES LTD,248.95,248.95,242.6,245.15,248.05,29617
2026-08-18,LICHSGFIN,LIC HOUSING FINANCE LTD,500.0,501.8,495.9,498.8,498.25,1854138
2026-08-18,LICMFGOLD,LIC MF - LIC GOLD ETF,139.25,139.25,137.15,137.35,137.5,46672
2026-08-18,LICNETFN50,LICNAMC - LICNFENGP,272.38,272.74,271.06,271.06,273.74,176
2026-08-18,LICNETFSEN,LICNAMC - LICNFESGP,883.95,883.95,872.12,879.2,880.61,35
2026-08-18,LICNFNHGP,LICNAMC - LICNFNHGP,283.97,283.97,277.76,277.86,281.16,36
2026-08-18,LICNETFGSC,LICNAMC - LICNMFET,29.47,29.6,29.4,29.51,29.51,17390
2026-08-18,LICNMID100,LICNAMC - LICNMID100,63.81,64.48,63.53,63.9,64.17,2032
2026-08-18,LICI,LIFE INSURA CORP OF INDIA,410.1,413.95,407.0,410.0,410.0,5374472
2026-08-18,LIKHITHA,LIKHITHA INFRASTRUC LTD,207.7,216.9,207.2,208.57,206.67,48039
2026-08-18,LINC,LINC LIMITED,99.0,99.0,94.63,95.45,97.28,32789
2026-08-18,LINCOLN,LINCOLN PHARMA LTD,623.35,627.2,612.35,619.1,623.35,28701
2026-08-18,LINDEINDIA,LINDE INDIA LIMITED,6720.0,6870.5,6701.5,6725.5,6732.0,33874
2026-08-18,LLOYDSENGG,LLOYDS ENGG WORK LIMITED,91.77,94.5,91.6,93.66,91.21,10766214
2026-08-18,LLOYDSENT,LLOYDS ENTERPRISES LTD,75.6,80.9,75.6,79.03,75.65,6839394
2026-08-18,LLOYDSME,LLOYDS METALS N ENERGY L,1938.2,1943.9,1909.0,1938.6,1942.0,347859
2026-08-18,LMW,LMW LIMITED,19976.0,20130.0,19689.0,19748.0,20047.0,6432
2026-08-18,LODHA,LODHA DEVELOPERS LIMITED,1254.0,1260.0,1211.1,1211.1,1254.0,1547121
2026-08-18,LCL,LOHIA CORP LIMITED,546.2,577.7,543.45,573.0,546.2,1385067
2026-08-18,LORDSCHLO,LORDS CHLORO ALKALI LTD,140.03,142.45,133.0,133.42,139.98,29362
2026-08-18,LAL,LORENZINI APPARELS LTD,8.72,8.76,8.6,8.63,8.72,7127
2026-08-18,LOTUSCHO,LOTUS CHOCOLATE CO. LTD.,621.0,633.95,601.0,616.8,622.05,2315
2026-08-18,LOTUSEYE,LOTUS EYE HOSP & INST L,116.0,118.47,115.06,116.07,115.83,6888
2026-08-18,LOVABLE,LOVABLE LINGERIE LTD,71.82,73.72,71.53,72.09,72.04,2942
2026-08-18,LOYALTEX,LOYAL TEXTILE MILLS LTD,219.0,234.88,214.0,216.9,221.0,1091
2026-08-18,LTFOODS,LT FOODS LIMITED,416.2,429.4,416.2,426.3,417.15,512273
2026-08-18,LTM,LTM LIMITED,4630.0,4684.0,4562.2,4562.2,4700.0,258689
2026-08-18,LUMAXTECH,LUMAX AUTO TECH LTD,2050.4,2055.0,2000.0,2014.7,2049.0,101150
2026-08-18,LUMAXIND,LUMAX INDUSTRIES LTD,5792.0,5849.0,5710.0,5726.0,5792.0,5666
2026-08-18,LUPIN,LUPIN LIMITED,2255.0,2255.0,2220.5,2232.0,2259.0,694324
2026-08-18,LUXIND,LUX INDUSTRIES LIMITED,1203.7,1234.9,1198.4,1228.9,1209.0,39889
2026-08-18,MBEL,M AND B ENGINEERING LTD,285.3,285.3,278.8,284.35,283.3,147787
2026-08-18,MKEXIM,M K EXIM (INDIA) LTD.,56.75,56.75,52.0,53.91,53.91,1976
2026-08-18,MKPL,M K PROTEINS LIMITED,4.18,4.19,4.11,4.16,4.11,39931
2026-08-18,MCL,M TEK COPPER LIMITED,60.99,60.99,58.6,59.24,60.47,88186
2026-08-18,M&MFIN,M&M FIN. SERVICES LTD,390.0,391.0,382.25,386.2,388.9,1441684
2026-08-18,MAANALU,MAAN ALUMINIUM LIMITED,122.79,122.79,118.0,119.35,119.33,44463
2026-08-18,MCCHRLS-B,MAC CHARLES (INDIA) LTD.,690.0,690.0,659.95,660.0,677.1,240
2026-08-18,MACPOWER,MACPOWER CNC MACHINES LTD,1782.5,2000.0,1782.5,1983.6,1781.4,190829
2026-08-18,MADHAVIPL,MADHAV INFRA PROJECTS L,7.21,7.48,6.95,7.24,7.04,110854
2026-08-18,MADHAV,MADHAV MARBLE & GRANITE,35.87,37.24,35.87,37.1,35.87,4469
2026-08-18,MBAPL,MADHYA BHARAT AGRO P. LTD,165.0,165.99,161.99,162.47,164.73,378114
2026-08-18,MADRASFERT,MADRAS FERTILISERS LTD,65.0,65.02,64.25,64.36,65.03,23590
2026-08-18,MAFATIND,MAFATLAL INDUSTRIES LTD.,122.3,124.44,122.2,122.53,124.21,18806
2026-08-18,MAGADSUGAR,MAGADH SUGAR & ENERGY LTD,576.0,591.0,560.15,565.5,570.65,64874
2026-08-18,MCLOUD,MAGELLANIC CLOUD LIMITED,26.98,29.1,26.84,28.85,26.77,9815518
2026-08-18,MAGNUM,MAGNUM VENTURES LTD.,19.27,19.47,19.01,19.1,19.28,65718
2026-08-18,MAHAPEXLTD,MAHA RASHTRA APEX COPR. L,53.49,58.01,52.61,56.95,54.09,64885
2026-08-18,MFML,MAHALAXMI FABRIC MILLS LT,18.61,19.84,18.58,18.95,18.67,6762
2026-08-18,MGL,MAHANAGAR GAS LTD.,1106.0,1118.4,1100.0,1111.4,1129.1,277306
2026-08-18,MTNL,MAHANAGAR TELEPHONE NIGAM,27.15,27.59,26.9,27.08,27.08,870655
2026-08-18,MAHSCOOTER,MAHARASHTRA SCOOTERS LTD,13448.0,13688.0,13121.0,13226.0,13449.0,2959
2026-08-18,MAHSEAMLES,MAHARASHTRA SEAMLESS LTD,622.0,627.95,616.1,620.9,622.0,127306
2026-08-18,M&M,MAHINDRA & MAHINDRA LTD,3390.4,3435.0,3390.2,3421.5,3390.4,1371664
2026-08-18,MAHEPC,MAHINDRA EPC IRRIG LTD,108.0,108.17,106.5,107.37,107.31,15286
2026-08-18,MHRIL,MAHINDRA HOLIDAYS LTD,222.65,224.86,220.8,221.39,224.89,49704
2026-08-18,MAHLIFE,MAHINDRA LIFESPACE DEVLTD,391.0,391.0,381.1,384.15,386.65,92716
2026-08-18,MAHLOG,MAHINDRA LOGISTIC LIMITED,402.5,406.35,397.3,404.55,404.95,98395
2026-08-18,MAITHANALL,MAITHAN ALLOYS LTD,977.5,992.9,974.15,987.65,980.0,26302
2026-08-18,MAKERSL,MAKERS LABORATORIES LTD.,160.0,162.0,158.0,159.83,152.59,717
2026-08-18,MALLCOM,MALLCOM (INDIA) LIMITED,955.45,977.95,950.05,958.65,956.0,2352
2026-08-18,MALUPAPER,MALU PAPER MILLS LIMITED,32.25,32.89,32.13,32.58,31.85,5904
2026-08-18,MAMATA,MAMATA MACHINERY LIMITED,407.3,417.0,400.0,411.15,405.6,68286
2026-08-18,MANAKCOAT,MAN COAT METAL & IND LTD,121.35,129.5,121.0,125.36,121.88,1563125
2026-08-18,MANINDS,MAN INDUSTRIES (I) LTD.,630.95,649.95,624.85,645.15,630.35,768630
2026-08-18,MANINFRA,MAN INFRA LTD,103.21,108.98,101.7,106.02,104.12,5583898
2026-08-18,MANAKALUCO,MANAK ALUMINIUM CO. LTD.,37.65,38.43,37.25,37.63,38.11,48115
2026-08-18,MANAKSIA,MANAKSIA LTD.,59.85,60.7,58.52,59.46,58.87,27660
2026-08-18,MANAKSTEEL,MANAKSIA STEELS LTD,87.0,88.88,85.0,86.25,85.03,51522
2026-08-18,MANALIPETC,MANALI PETROCHEMICALS LT,68.0,71.45,66.81,71.06,67.64,1999257
2026-08-18,MANAPPURAM,MANAPPURAM FINANCE LTD,348.25,351.95,342.75,346.6,348.6,2534288
2026-08-18,MANBA,MANBA FINANCE LIMITED,130.1,132.06,129.5,130.11,130.52,66862
2026-08-18,MANBRO,MANBRO INDUSTRIES LTD.,54.2,56.0,52.8,53.1,54.0,22983
2026-08-18,MANCREDIT,MANGAL CREDIT N FINCORP L,242.5,243.7,225.0,227.21,236.73,169721
2026-08-18,MEIL,MANGAL ELECTRICAL IND L,274.9,274.9,265.95,268.7,269.45,25897
2026-08-18,MANGLMCEM,MANGALAM CEMENT LTD,875.05,884.0,863.05,870.05,872.55,26851
2026-08-18,MANGALAM,MANGALAM DRUG & CHEM LTD,28.79,28.79,27.55,27.99,27.84,23324
2026-08-18,MANORG,MANGALAM ORGANICS LIMITED,449.65,450.95,429.1,443.8,447.65,19913
2026-08-18,MSL,MANGALAM SEEDS LTD.,152.0,152.0,135.0,145.0,139.0,471
2026-08-18,MWL,MANGALAM WORLDWIDE LTD,41.08,41.49,40.25,40.72,40.91,157349
2026-08-18,MANIPALHOS,MANIPAL HEALTH ENTERPRI L,723.05,738.35,712.95,724.8,722.9,1226590
2026-08-18,MANKIND,MANKIND PHARMA LIMITED,2370.0,2395.0,2363.3,2380.0,2380.9,366118
2026-08-18,MVGJL,MANOJ VAIBHAV GEM N JEW L,151.12,153.99,149.4,150.48,152.64,50305
2026-08-18,MANOMAY,MANOMAY TEX INDIA LTD,216.8,217.7,208.1,216.55,215.35,84379
2026-08-18,MANORAMA,MANORAMA INDUSTRIES LTD,1953.0,1968.0,1885.0,1901.0,1943.4,1522653
2026-08-18,MARALOVER,MARAL OVERSEAS LTD,54.4,54.4,52.26,52.7,53.15,5407
2026-08-18,MARATHON,MARATHON NXTGEN REALT LTD,358.8,363.9,344.05,346.85,358.8,141211
2026-08-18,MARICO,MARICO LIMITED,851.2,855.6,841.55,841.55,852.05,537548
2026-08-18,MARINE,MARINE ELECTRICAL (I) LTD,367.95,382.0,365.25,376.8,367.1,813572
2026-08-18,MARKOLINES,MARKOLINES PAVEMENT TEC L,171.8,173.25,170.21,171.62,171.65,143236
2026-08-18,MARKSANS,MARKSANS PHARMA LIMITED,331.8,336.35,325.2,326.5,331.45,3307672
2026-08-18,MARSONS,MARSONS LIMITED,104.9,105.65,102.0,102.31,104.8,1330099
2026-08-18,MARUTI,MARUTI SUZUKI INDIA LTD.,13762.0,13890.0,13691.0,13691.0,13760.0,267433
2026-08-18,MASFIN,MAS FINANCIAL SERV LTD,305.4,306.75,302.2,302.95,305.3,139122
2026-08-18,MASKINVEST,MASK INVESTMENTS LIMITED,148.13,148.87,148.13,148.13,148.13,167
2026-08-18,MASTEK,MASTEK LTD,1811.0,1811.0,1702.0,1717.5,1811.8,103567
2026-08-18,MASTERTR,MASTER TRUST LIMITED,78.48,78.85,76.99,77.42,78.48,174379
2026-08-18,MATRIMONY,MATRIMONY.COM LIMITED,546.0,546.0,534.55,538.45,543.05,10712
2026-08-18,MAWANASUG,MAWANA SUGARS LIMITED,126.0,130.5,124.15,125.74,124.06,813767
2026-08-18,MAXESTATES,MAX ESTATES LIMITED,472.8,501.45,468.2,477.85,474.35,324306
2026-08-18,MFSL,MAX FINANCIAL SERV LTD,1570.0,1587.9,1547.0,1584.5,1571.7,1054795
2026-08-18,MAXHEALTH,MAX HEALTHCARE INS LTD,1000.7,1017.0,982.1,1014.4,1003.7,2219107
2026-08-18,MAXIND,MAX INDIA LIMITED,149.27,151.93,147.66,151.13,150.33,126167
2026-08-18,MAYURUNIQ,MAYUR UNIQUOTERS LTD,737.2,759.8,724.0,726.1,732.2,74332
2026-08-18,MAZDOCK,MAZAGON DOCK SHIPBUIL LTD,2569.7,2618.2,2556.1,2587.0,2569.7,1229574
2026-08-18,MBLINFRA,MBL INFRASTRUCTURE LTD,24.26,24.78,24.04,24.06,24.38,27192
2026-08-18,MCLEODRUSS,MCLEOD RUSSEL INDIA LTD.,44.85,46.99,43.91,45.32,44.85,245234
2026-08-18,MEDIASSIST,MEDI ASSIST HEALTH SER L,345.05,348.0,343.0,346.8,343.5,54087
2026-08-18,MEDICAPQ,MEDI CAPS LTD.,20.33,27.68,20.33,25.05,25.26,1451
2026-08-18,MMWL,MEDIA MATRIX WORLDWIDE L,15.1,15.9,14.65,14.91,15.21,50362
2026-08-18,MEDICAMEQ,MEDICAMEN BIOTECH LIMITED,219.87,228.0,218.4,225.73,219.88,22641
2026-08-18,MEDICO,MEDICO REMEDIES LIMITED,44.78,44.78,42.51,42.66,44.27,132048
2026-08-18,MEDPLUS,MEDPLUS HEALTH SERV LTD,657.05,670.0,653.1,664.85,656.5,199554
2026-08-18,MEESHO,MEESHO LIMITED,192.01,193.82,190.61,192.95,193.82,5326690
2026-08-18,MEGASTAR,MEGASTAR FOODS LIMITED,317.95,317.95,308.7,308.9,311.75,4306
2026-08-18,MOL,MEGHMANI ORGANICS LIMITED,63.25,63.96,61.38,61.94,62.97,1332706
2026-08-18,MIIL,MEGHNA INFRACON INFRA L,714.95,721.0,693.0,707.9,682.55,76476
2026-08-18,MENNPIS,MENON PISTONS LTD.,72.16,73.69,71.12,71.53,71.81,51081
2026-08-18,MERCANTILE,MERCANTILE VENTURES LTD.,24.9,25.35,23.65,23.97,24.5,761
2026-08-18,MERCURYEV,MERCURY EV-TECH LIMITED,35.2,36.35,34.77,35.13,35.59,111246
2026-08-18,METROBRAND,METRO BRANDS LIMITED,942.0,949.1,927.0,928.6,942.8,44445
2026-08-18,METROGLOBL,METROGLOBAL LTD.,157.0,157.0,141.81,149.94,154.74,13174
2026-08-18,METROPOLIS,METROPOLIS HEALTHCARE LTD,553.0,555.75,545.2,551.95,550.75,118593
2026-08-18,MIDWESTLTD,MIDWEST LIMITED,1127.0,1174.9,1075.3,1159.4,1110.0,76197
2026-08-18,MLKFOOD,MILKFOOD LTD.,85.9,85.9,75.25,77.61,81.44,23394
2026-08-18,MILKYMIST,MILKY MIST DAIRY FOOD L,165.0,181.5,165.0,181.5,140.0,92269979
2026-08-18,MINALIND,MINAL INDUSTRIES LTD.,2.14,2.18,1.71,2.08,2.06,113814
2026-08-18,MINDACORP,MINDA CORPORATION LTD,729.5,765.35,727.8,745.25,725.15,1637223
2026-08-18,MINDTECK,MINDTECK (INDIA) LIMITED,174.0,176.53,174.0,174.82,175.45,15650
2026-08-18,ALPHAETF,MIRAEAMC - ALPHAETF,26.83,26.84,26.61,26.79,26.82,495578
2026-08-18,BANKETF,MIRAEAMC - BANKETF,587.38,587.38,583.73,584.69,587.66,20265
2026-08-18,BANKPSU,MIRAEAMC - BANKPSU,88.09,88.09,87.1,87.2,88.09,7756
2026-08-18,CONSUMER,MIRAEAMC - CONSUMER,12.28,12.29,12.2,12.2,12.28,343641
2026-08-18,DEFENCE,MIRAEAMC - DEFENCE,83.49,83.99,82.53,83.52,82.69,238146
2026-08-18,DIVIDEND,MIRAEAMC - DIVIDEND,35.9,35.9,35.59,35.62,35.91,12300
2026-08-18,ENERGY,MIRAEAMC - ENERGY,38.9,39.1,38.7,38.82,38.95,216978
2026-08-18,EQUAL200,MIRAEAMC - EQUAL200,14.02,14.03,13.97,13.97,14.05,30389
2026-08-18,EQUAL50,MIRAEAMC - EQUAL50,335.37,335.42,333.88,334.59,336.8,13628
2026-08-18,EVINDIA,MIRAEAMC - EVINDIA,34.23,34.29,34.11,34.18,34.12,242503
2026-08-18,HEALTHCARE,MIRAEAMC - HEALTHCARE,21.55,21.67,21.53,21.58,21.55,14059
2026-08-18,HYBRIDETF,MIRAEAMC - HYBRIDETF,10.22,10.22,10.13,10.13,10.17,15329
2026-08-18,INFRA,MIRAEAMC - INFRA,12.26,12.27,12.22,12.24,12.28,25904
2026-08-18,INTERNET,MIRAEAMC - INTERNET,14.28,14.3,14.2,14.22,14.35,161334
2026-08-18,ITETF,MIRAEAMC - ITETF,32.62,32.62,32.03,32.08,32.66,363874
2026-08-18,LIQUID,MIRAEAMC - LIQUID,999.99,1000.0,999.99,999.99,999.99,67728
2026-08-18,LIQUIDPLUS,MIRAEAMC - LIQUIDPLUS,1099.35,1099.37,1099.35,1099.36,1099.21,271338
2026-08-18,ESG,MIRAEAMC - MAESGETF,42.79,42.79,41.75,41.82,41.95,4455
2026-08-18,MAFANG,MIRAEAMC - MAFANG,209.43,209.43,209.43,209.43,211.42,141506
2026-08-18,BFSI,MIRAEAMC - MAFSETF,27.44,27.45,27.15,27.22,27.31,71924
2026-08-18,GOLDETF,MIRAEAMC - MAGOLDETF,148.84,148.91,148.37,148.68,148.56,867843
2026-08-18,GSEC10YEAR,MIRAEAMC - MAGS813ETF,30.71,30.71,30.49,30.49,30.61,1875
2026-08-18,MAHKTECH,MIRAEAMC - MAHKTECH,23.1,23.1,23.1,23.1,23.26,333488
2026-08-18,MIDCAPETF,MIRAEAMC - MAM150ETF,23.98,24.06,23.85,23.93,23.98,1408980
2026-08-18,MAKEINDIA,MIRAEAMC - MAMFGETF,169.3,169.58,168.66,168.94,169.29,85436
2026-08-18,NIFTYETF,MIRAEAMC - MAN50ETF,265.37,265.37,263.0,263.65,265.37,564123
2026-08-18,LOWVOL,MIRAEAMC - MANV30F,209.18,209.18,208.5,208.5,209.6,160
2026-08-18,NEXT50,MIRAEAMC - MANXT50,771.86,771.86,767.44,769.6,770.26,16185
2026-08-18,SILVERAG,MIRAEAMC - MASILVER,226.34,226.54,225.05,225.68,227.28,174759
2026-08-18,MASPTOP50,MIRAEAMC - MASPTOP50,81.02,81.02,81.0,81.02,81.26,111841
2026-08-18,METAL,MIRAEAMC - METAL,13.35,13.44,13.15,13.17,13.26,1583334
2026-08-18,MIDSMALL,MIRAEAMC - MIDSMALL,52.35,52.41,52.06,52.33,52.41,275362
2026-08-18,MOMMIDCAP,MIRAEAMC - MOMMIDCAP,13.1,13.17,13.02,13.1,13.11,2303300
2026-08-18,MULTICAP,MIRAEAMC - MULTICAP,16.9,17.22,16.85,16.95,16.94,1952155
2026-08-18,SELECTIPO,MIRAEAMC - SELECTIPO,48.44,48.47,48.24,48.38,48.42,34245
2026-08-18,SENSEXETF,MIRAEAMC - SENSEXETF,80.31,80.31,79.74,80.05,80.32,32090
2026-08-18,SMALL250,MIRAEAMC - SMALL250,18.48,18.48,18.35,18.41,18.41,125842
2026-08-18,SMALLCAP,MIRAEAMC - SMALLCAP,48.5,48.83,48.33,48.77,48.5,862900
2026-08-18,TOP20,MIRAEAMC - TOP20,9.03,9.03,8.96,8.96,9.03,44196
2026-08-18,VALUE,MIRAEAMC - VALUE,16.24,16.6,15.93,16.12,16.24,168596
2026-08-18,MIRZAINT,MIRZA INTERNATIONAL LIMIT,31.43,31.84,31.2,31.43,31.44,110841
2026-08-18,MIDHANI,MISHRA DHATU NIGAM LTD,429.0,439.0,429.0,437.5,428.6,1545191
2026-08-18,MITTAL,MITTAL LIFE STYLE LIMITED,0.91,0.91,0.89,0.9,0.9,630114
2026-08-18,MMFL,MM FORGINGS LTD,639.7,687.95,632.8,680.2,632.3,935497
2026-08-18,MMP,MMP INDUSTRIES LIMITED,353.85,383.0,345.0,377.05,350.0,191009
2026-08-18,MMTC,MMTC LIMITED,63.45,64.12,62.9,63.54,63.81,1193339
2026-08-18,MODTHREAD,MODERN THREADS INDIA LTD,59.9,65.65,56.53,57.47,57.64,245705
2026-08-18,MODIRUBBER,MODI RUBBER LTD,115.1,119.8,114.01,114.98,117.1,3255
2026-08-18,MODIS,MODIS NAVNIRMAN LTD,415.55,420.0,408.0,408.8,415.6,27304
2026-08-18,MOHITIND,MOHIT INDUSTRIES LTD,22.51,23.63,22.51,23.14,23.22,9609
2026-08-18,MOHITE,MOHITE INDUSTRIES LTD.,2.71,2.71,2.32,2.45,2.49,17417
2026-08-18,MOIL,MOIL LIMITED,271.2,271.8,255.6,257.25,272.8,2820394
2026-08-18,MOKSH,MOKSH ORNAMENTS LIMITED,10.89,10.9,10.4,10.53,10.73,119588
2026-08-18,MOLBIO,MOLBIO DIAGNOSTICS LTD,1037.0,1177.0,1022.65,1110.9,1041.7,11279774
2026-08-18,MOLDTKPAC,MOLD-TEK PACKAGING LTD,684.2,685.45,674.65,678.65,680.15,30321
2026-08-18,MONARCH,MONARCH NETWORTH CAP LTD,389.9,389.9,382.75,387.1,389.05,118299
2026-08-18,MONEYBOXX,MONEYBOXX FINANCE LIMITED,58.8,58.8,55.0,56.15,57.19,15292
2026-08-18,MONTECARLO,MONTE CARLO FASHIONS LTD.,524.3,547.0,521.0,544.05,524.3,118030
2026-08-18,MOREPENLAB,MOREPEN LAB. LTD,89.82,92.5,86.0,88.44,89.82,34387594
2026-08-18,MOSCHIP,MOSCHIP TECHNOLOGIES LTD,209.3,211.0,208.34,209.0,211.72,835828
2026-08-18,MSUMI,MOTHERSON SUMI WRNG IND L,40.25,40.7,40.2,40.32,40.33,5783732
2026-08-18,MOM100,MOTILAL OS MIDCAP100 ETF,69.19,69.19,68.32,68.61,68.78,245979
2026-08-18,MON100,MOTILAL OS NASDAQ100 ETF,336.33,336.33,336.33,336.33,336.81,399022
2026-08-18,MOTILALOFS,MOTILAL OSWAL FIN LTD,951.0,961.35,933.1,938.0,955.0,1041748
2026-08-18,MOM50,MOTILAL OSWAL M50 ETF,254.3,254.51,253.17,254.18,254.28,5002
2026-08-18,MOGSEC,MOTILALAMC - G5,65.82,65.9,65.28,65.74,65.5,35586
2026-08-18,MOALPHA50,MOTILALAMC - MOALPHA50,56.24,56.62,55.79,55.99,56.24,9206
2026-08-18,MOBANK10,MOTILALAMC - MOBANK10,16.94,16.94,16.85,16.9,17.04,2780
2026-08-18,MOCAPITAL,MOTILALAMC - MOCAPITAL,53.2,53.83,52.75,53.36,53.6,932185
2026-08-18,MODEFENCE,MOTILALAMC - MODEFENCE,109.2,110.25,108.01,109.7,108.22,1999813
2026-08-18,MOENERGY,MOTILALAMC - MOENERGY,39.19,39.19,38.66,38.78,38.88,85552
2026-08-18,MOGOLD,MOTILALAMC - MOGOLD,151.5,151.55,150.85,151.0,150.85,26884
2026-08-18,MOHEALTH,MOTILALAMC - MOHEALTH,51.41,51.82,51.2,51.46,51.41,34988
2026-08-18,MOINFRA,MOTILALAMC - MOINFRA,60.0,60.0,59.59,59.75,59.79,758
2026-08-18,MOIPO,MOTILALAMC - MOIPO,48.61,48.61,48.29,48.5,48.43,6834
2026-08-18,MOLOWVOL,MOTILALAMC - MOLOWVOL,36.28,37.1,36.28,36.89,37.22,50377
2026-08-18,MOMENTUM50,MOTILALAMC - MOMENTUM50,54.37,54.62,54.16,54.39,54.38,900722
2026-08-18,MOMETAL,MOTILALAMC - MOMETAL,13.41,13.41,13.04,13.06,13.15,8882
2026-08-18,MOMGF,MOTILALAMC - MOMGF,166.52,166.53,165.15,166.09,166.21,258
2026-08-18,MOMIDMTM,MOTILALAMC - MOMIDMTM,65.28,65.8,64.8,65.19,65.28,59319
2026-08-18,MOMNC,MOTILALAMC - MOMNC,33.5,33.66,33.4,33.49,33.68,1697
2026-08-18,MOMOMENTUM,MOTILALAMC - MOMOMENTUM,64.0,64.0,62.83,63.04,63.11,40332
2026-08-18,MON50EQUAL,MOTILALAMC - MON50EQUAL,33.82,33.82,33.6,33.63,33.82,1321
2026-08-18,MONEXT50,MOTILALAMC - MONEXT50,74.93,75.0,74.3,74.6,74.99,11380
2026-08-18,MONIFTY100,MOTILALAMC - MONIFTY100,25.74,25.74,25.5,25.51,25.74,38504
2026-08-18,MONIFTY500,MOTILALAMC - MONIFTY500,23.66,24.37,23.66,24.16,24.27,1363280
2026-08-18,MONQ50,MOTILALAMC - MONQ50,151.2,151.2,151.2,151.2,151.4,19945
2026-08-18,MOOILGAS,MOTILALAMC - MOOILGAS,11.38,11.38,11.22,11.28,11.27,4144
2026-08-18,MOPSE,MOTILALAMC - MOPSE,100.61,100.79,100.02,100.53,100.61,1279
2026-08-18,MOQUALITY,MOTILALAMC - MOQUALITY,204.77,204.77,202.0,202.49,204.9,11534
2026-08-18,MOREALTY,MOTILALAMC - MOREALTY,92.27,92.27,89.65,90.43,91.45,832436
2026-08-18,MOSERVICE,MOTILALAMC - MOSERVICE,31.08,31.1,31.0,31.06,31.3,3522
2026-08-18,MOSILVER,MOTILALAMC - MOSILVER,230.74,230.74,228.23,229.19,230.87,39134
2026-08-18,MOSMALL250,MOTILALAMC - MOSMALL250,18.41,18.45,18.35,18.39,18.39,659947
2026-08-18,MOTOUR,MOTILALAMC - MOTOUR,79.75,80.08,79.43,79.81,80.29,9230
2026-08-18,MOVALUE,MOTILALAMC - MOVALUE,114.65,114.65,113.5,113.68,114.48,37679
2026-08-18,MOTISONS,MOTISONS JEWELLERS LTD,16.71,17.22,16.29,16.78,16.54,134374269
2026-08-18,MPDL,MPDL LTD.,28.6,28.6,28.6,28.6,26.63,53
2026-08-18,MPHASIS,MPHASIS LIMITED,2504.4,2504.4,2432.0,2432.0,2510.0,504720
2026-08-18,MPSLTD,MPS LIMITED,2830.0,2849.0,2786.3,2830.3,2814.8,21475
2026-08-18,MRF,MRF LTD,133015.0,133900.0,132650.0,133505.0,133015.0,2637
2026-08-18,MRPL,MRPL,177.0,189.0,176.2,177.44,177.15,48280540
2026-08-18,BECTORFOOD,MRS BECTORS FOOD SPE LTD,255.79,263.96,251.5,260.92,255.3,2984335
2026-08-18,MSPL,MSP STEEL & POWER LTD.,34.37,34.74,33.81,34.51,34.47,414575
2026-08-18,MSTCLTD,MSTC LIMITED,658.15,709.0,655.0,701.55,653.2,1266456
2026-08-18,MUFIN,MUFIN GREEN FINANCE LTD,135.4,136.8,135.1,135.82,135.87,715955
2026-08-18,MUKANDLTD,MUKAND LTD.,135.99,136.88,134.17,135.69,135.27,63185
2026-08-18,MUKESHB,MUKESH BABU FINANC SER L,147.0,147.0,145.0,145.0,147.0,1503
2026-08-18,MUKKA,MUKKA PROTEINS LIMITED,27.77,28.1,26.55,27.04,27.53,568960
2026-08-18,MCX,MULTI COMMODITY EXCHANGE,2949.9,3058.0,2916.0,3040.0,2933.1,3187586
2026-08-18,MUNJALAU,MUNJAL AUTO IND. LTD.,121.9,123.9,116.65,118.39,119.72,2916371
2026-08-18,MUNJALSHOW,MUNJAL SHOWA LTD,137.31,139.0,135.0,135.38,136.62,26890
2026-08-18,MURUDCERA,MURUDESHWAR CERAMICS LTD,31.0,31.0,30.12,30.5,30.49,12809
2026-08-18,RADIOCITY,MUSIC BROADCAST LIMITED,6.8,6.82,6.6,6.63,6.66,87095
2026-08-18,MUTHOOTCAP,MUTHOOT CAP SERV LTD,258.69,259.78,251.0,254.27,258.69,8161
2026-08-18,MUTHOOTFIN,MUTHOOT FINANCE LIMITED,2890.0,2929.1,2875.0,2894.1,2888.5,499431
2026-08-18,MUTHOOTMF,MUTHOOT MICROFIN LIMITED,208.12,212.98,206.5,210.29,208.12,395203
2026-08-18,MVELECTRO,MV ELECTROSYSTEMS LIMITED,574.0,583.85,556.15,574.1,570.1,777088
2026-08-18,MYSORPETRO,MYSORE PETRO CHEMICALS L,111.0,127.52,111.0,114.93,11.25,86196
2026-08-18,NRAIL,N R AGARWAL INDS LTD,519.0,519.0,499.15,503.95,509.9,12055
2026-08-18,NTCIND,N T C INDUSTRIES LTD.,146.0,146.0,140.0,142.17,144.45,241
2026-08-18,NBIFIN,N.B.I. IND. FIN. CO. LTD,2099.0,2100.0,2000.0,2010.4,2064.0,402
2026-08-18,NACLIND,NACL INDUSTRIES LIMITED,173.97,175.1,170.6,172.4,173.45,358338
2026-08-18,NDGL,NAGA DHUNSERI GROUP LTD,2875.0,2875.0,2669.0,2727.9,2878.7,558
2026-08-18,NAGREEKCAP,NAGREEKA CAP & INFR.LTD,24.5,24.5,23.5,23.52,23.5,1445
2026-08-18,NAGREEKEXP,NAGREEKA EXPORTS LTD.,24.95,24.95,23.25,23.6,24.26,379031
2026-08-18,NAHARCAP,NAHAR CAP & FIN.,255.95,261.05,251.7,257.75,255.62,3554
2026-08-18,NAHARINDUS,NAHAR INDS ENT LTD,120.99,122.0,117.61,119.86,117.38,60728
2026-08-18,NAHARPOLY,NAHAR POLY FILMS LIMITED,240.8,243.6,235.0,236.3,237.65,10550
2026-08-18,NAHARSPING,NAHAR SPINNING MILLS LTD.,298.35,307.45,294.0,303.4,296.7,83164
2026-08-18,NSIL,NALWA SONS INVESTMENT LTD,5515.0,5598.5,5515.0,5558.5,5555.0,1628
2026-08-18,NDL,NANDAN DENIM LIMITED,2.34,2.34,2.25,2.27,2.33,1383832
2026-08-18,JAIPURKURT,NANDANI CREATION LIMITED,27.43,27.89,27.05,27.69,27.43,958
2026-08-18,NH,NARAYANA HRUDAYALAYA LTD.,1823.9,1834.9,1799.1,1803.0,1828.5,233127
2026-08-18,NARMADA,NARMADA AGROBASE LIMITED,14.38,14.99,14.12,14.88,14.45,892148
2026-08-18,NATCOPHARM,NATCO PHARMA LTD.,890.6,901.0,890.0,898.35,889.8,281134
2026-08-18,NATHBIOGEN,NATH BIO-GENES (I) LTD,154.47,155.5,154.0,155.17,154.43,10341
2026-08-18,NATIONALUM,NATIONAL ALUMINIUM CO LTD,386.8,390.85,385.8,388.0,387.55,2824411
2026-08-18,NFL,NATIONAL FERT. LTD,71.22,71.69,70.05,70.23,71.54,958299
2026-08-18,NATIONSTD,NATIONAL STAND (INDIA) L,134.0,148.1,134.0,134.0,141.05,335324
2026-08-18,NATCAPSUQ,NATURAL CAPSULES LIMITED,148.69,149.35,146.0,146.59,148.75,7540
2026-08-18,NAVA,NAVA LIMITED,559.65,571.0,557.0,558.9,559.65,276543
2026-08-18,NAVINFLUOR,NAVIN FLUORINE INT. LTD,8155.0,8300.0,8151.0,8255.0,8151.0,107257
2026-08-18,NAVKARCORP,NAVKAR CORPORATION LTD.,99.5,100.0,97.5,97.92,98.89,289440
2026-08-18,NAVNETEDUL,NAVNEET EDUCATION LTD,135.0,135.0,131.78,134.09,134.54,78549
2026-08-18,NAZARA,NAZARA TECHNOLOGIES LTD,349.95,356.65,348.75,355.55,350.1,1287389
2026-08-18,NBCC,NBCC (INDIA) LIMITED,89.35,89.93,87.7,88.0,89.75,6718438
2026-08-18,NCC,NCC LIMITED,138.83,141.0,138.24,140.38,139.4,925504
2026-08-18,NCLIND,NCL INDUSTRIES LIMITED,173.0,173.9,169.21,171.78,172.02,85022
2026-08-18,NDLVENTURE,NDL VENTURES LIMITED,122.15,122.74,113.95,116.17,123.56,57215
2026-08-18,NDRAUTO,NDR AUTO COMPONENTS LTD,803.55,809.95,789.3,794.25,803.55,15998
2026-08-18,NDTV,NDTV LTD,75.28,76.99,75.28,75.7,76.34,41217
2026-08-18,NECLIFE,NECTAR LIFESCIENCES LTD.,11.3,11.5,10.63,10.76,11.23,341767
2026-08-18,NEAGI,NEELAMALAI AGRO INDS. L,3312.4,3440.0,3312.4,3325.2,3295.9,102
2026-08-18,NELCAST,NELCAST LIMITED,116.94,120.15,116.94,118.35,116.94,81362
2026-08-18,NELCO,NELCO LTD,1092.3,1098.0,938.6,948.8,1081.5,2131064
2026-08-18,NEOGEN,NEOGEN CHEMICALS LIMITED,2251.1,2483.9,2241.0,2328.5,2270.1,1415053
2026-08-18,NEPHROPLUS,NEPHROCARE HEALTH SERV L,694.9,713.65,691.0,699.1,694.65,175409
2026-08-18,NESCO,NESCO LTD.,1041.4,1049.3,1030.6,1034.7,1046.3,20418
2026-08-18,NESTLEIND,NESTLE INDIA LIMITED,1478.0,1479.8,1453.0,1462.5,1470.0,1815216
2026-08-18,NETWEB,NETWEB TECH INDIA LTD,5110.0,5396.4,5092.8,5354.5,5212.4,2395703
2026-08-18,NPST,NETWORK PEOPLE SRV TECH L,1638.0,1638.0,1540.8,1591.0,1622.8,39454
2026-08-18,NETWORK18,NETWORK18 MEDIA & INV LTD,29.0,29.0,28.34,28.51,28.95,2751991
2026-08-18,NEULANDLAB,NEULAND LAB LTD.,23670.0,23881.0,23264.0,23370.0,23661.0,55362
2026-08-18,NEWGEN,NEWGEN SOFTWARE TECH LTD,533.1,534.5,526.4,528.45,534.85,290297
2026-08-18,NEXTMEDIA,NEXT MEDIAWORKS LIMITED,3.98,3.98,3.7,3.71,3.91,38951
2026-08-18,NGLFINE,NGL FINE CHEM LIMITED,2940.0,3265.0,2923.2,3023.5,2908.4,110560
2026-08-18,NHPC,NHPC LTD,76.59,76.99,76.2,76.73,76.6,5338983
2026-08-18,NIBE,NIBE LIMITED,1469.0,1480.0,1420.0,1444.4,1439.0,68883
2026-08-18,NICCOPAR,NICCO PARKS & RESORTS LTD,77.0,77.0,72.0,75.25,73.0,268
2026-08-18,NIITMTS,NIIT LEARNING SYSTEMS LTD,240.0,241.0,234.0,235.53,239.01,108219
2026-08-18,NIITLTD,NIIT LIMITED,95.25,95.7,92.89,93.08,95.63,407309
2026-08-18,NILAINFRA,NILA INFRASTRUCTURES LTD,7.03,7.13,7.01,7.02,7.02,95278
2026-08-18,NILASPACES,NILA SPACES LIMITED,13.05,13.45,12.5,12.74,12.87,1158760
2026-08-18,NILE,NILE LTD.,1463.1,1549.9,1463.1,1525.9,1477.6,6611
2026-08-18,NILKAMAL,NILKAMAL LIMITED,1810.0,1880.0,1776.1,1846.7,1810.0,37336
2026-08-18,NIMBSPROJ,NIMBUS PROJECTS LIMITED,184.0,186.0,176.6,179.44,184.0,29851
2026-08-18,NINSYS,NINTEC SYSTEMS LIMITED,735.0,749.3,712.6,729.0,735.4,3635
2026-08-18,BANKBEES,NIP IND ETF BANK BEES,597.03,597.48,593.24,594.86,598.42,535231
2026-08-18,CONSUMBEES,NIP IND ETF CONSUMPTION,135.61,135.61,134.02,134.2,135.23,51122
2026-08-18,DIVOPPBEES,NIP IND ETF DIV OPP,78.98,78.98,77.65,77.77,78.5,112680
2026-08-18,NV20BEES,NIP IND ETF ETF NV20,140.58,140.7,139.59,139.9,140.96,6658
2026-08-18,GOLDBEES,NIP IND ETF GOLD BEES,126.85,126.85,126.17,126.43,126.42,13766507
2026-08-18,HNGSNGBEES,NIP IND ETF HANGSENG BEES,484.53,485.5,480.0,481.22,484.53,138674
2026-08-18,INFRABEES,NIP IND ETF INFRA BEES,977.8,977.8,970.36,973.68,977.79,4375
2026-08-18,ITBEES,NIP IND ETF IT,34.24,34.5,33.55,33.58,34.24,9883643
2026-08-18,JUNIORBEES,NIP IND ETF JUNIOR BEES,815.0,815.0,805.01,805.9,808.27,262809
2026-08-18,LIQUIDBEES,NIP IND ETF LIQUID BEES,999.99,1000.01,999.99,1000.0,999.99,2862680
2026-08-18,LTGILTBEES,NIP IND ETF LONGTERM GILT,30.07,30.08,29.97,30.02,30.05,727798
2026-08-18,MID150BEES,NIP IND ETF MIDCAP 150,244.99,244.99,241.89,242.35,242.89,611444
2026-08-18,NIF100BEES,NIP IND ETF NIFTY 100,270.68,273.38,267.68,269.25,270.68,104961
2026-08-18,NIFTYBEES,NIP IND ETF NIFTY BEES,278.99,278.99,275.81,276.1,277.91,4677291
2026-08-18,PSUBNKBEES,NIP IND ETF PSU BANK BEES,97.64,97.97,96.3,96.52,97.65,1507802
2026-08-18,SHARIABEES,NIP IND ETF SHARIAH BEES,470.92,470.92,459.03,460.1,466.26,10637
2026-08-18,NAM-INDIA,NIPPON L I A M LTD,1199.9,1205.0,1161.3,1170.6,1202.7,1023188
2026-08-18,LIQGRWBEES,NIPPONAMC - LIQGRWBEES,1052.07,1052.09,1052.07,1052.07,1051.95,68851
2026-08-18,MANUFGBEES,NIPPONAMC - MANUFGBEES,168.79,168.79,166.51,166.85,167.28,6858
2026-08-18,AUTOBEES,NIPPONAMC - NETFAUTO,306.21,306.56,302.9,303.77,303.12,141414
2026-08-18,PHARMABEES,NIPPONAMC - NETFPHARMA,27.85,27.85,26.5,27.18,27.18,3531468
2026-08-18,SILVERBEES,NIPPONAMC - NETFSILVER,221.56,222.58,221.16,221.62,223.61,11785788
2026-08-18,SNXT30BEES,NIPPONAMC - SNXT30BEES,43.7,43.7,43.11,43.33,43.73,21687
2026-08-18,NIRAJ,NIRAJ CEMENT STRUC LTD,28.8,28.97,27.8,28.92,28.61,58369
2026-08-18,NIRAJISPAT,NIRAJ ISPAT IND LTD,225.0,230.0,200.0,212.0,211.0,223
2026-08-18,NIRLON,NIRLON LTD,625.4,626.0,620.15,621.9,621.5,4271
2026-08-18,NITCO,NITCO LIMITED,92.01,93.0,90.8,91.81,92.54,487557
2026-08-18,NITINSPIN,NITIN SPINNERS LIMITED,556.75,610.0,554.5,606.9,553.75,3703991
2026-08-18,NITIRAJ,NITIRAJ ENGINEERS LTD,201.19,208.99,201.19,202.46,203.23,553
2026-08-18,NITTAGELA,NITTA GELATIN INDIA LTD.,1597.1,1631.0,1591.5,1599.8,1589.1,6641
2026-08-18,NIVABUPA,NIVA BUPA HEALTH INS CO L,82.11,84.25,82.11,83.74,82.71,644696
2026-08-18,NKIND,NK INDUSTRIES LTD,61.85,61.85,59.9,60.02,60.49,112
2026-08-18,NLCINDIA,NLC INDIA LIMITED,277.2,278.7,274.3,276.65,277.65,866666
2026-08-18,NMDC,NMDC LTD.,85.03,85.41,83.1,84.19,85.5,18390025
2026-08-18,NSLNISP,NMDC STEEL LIMITED,41.0,41.91,40.25,40.49,41.76,8519973
2026-08-18,NOCIL,NOCIL LIMITED,162.6,167.33,162.51,162.93,163.71,226911
2026-08-18,NORBTEAEXP,NORBEN TEA & EXPORTS LTD,66.5,67.6,64.3,66.72,66.17,1506
2026-08-18,NORTHARC,NORTHERN ARC CAPITAL LTD,278.4,295.0,276.5,289.2,278.7,974974
2026-08-18,NOVARTIND,NOVARTIS INDIA LIMITED,1589.1,1601.9,1579.0,1596.5,1589.1,3787
2026-08-18,NRBBEARING,NRB BEARING LIMITED,484.0,491.35,478.45,485.6,484.05,506917
2026-08-18,NIBL,NRB INDUS. BEARINGS LTD.,32.21,32.95,31.0,31.43,32.72,18101
2026-08-18,NTPCGREEN,NTPC GREEN ENERGY LIMITED,92.09,92.79,91.9,92.17,92.14,1292982
2026-08-18,NTPC,NTPC LTD,337.0,339.3,333.9,337.1,337.0,9943991
2026-08-18,NUCLEUS,NUCLEUS SOFTWARE EXPORTS,713.5,720.65,707.05,711.85,713.8,10551
2026-08-18,NUVAMA,NUVAMA WEALTH MANAGE LTD,1727.4,1750.0,1696.4,1746.8,1731.2,342098
2026-08-18,NUVOCO,NUVOCO VISTAS CORP LTD,331.1,331.45,325.1,326.45,331.1,193929
2026-08-18,OBCL,OBCL LIMITED,54.0,54.6,53.16,54.0,53.99,20269
2026-08-18,OBEROIRLTY,OBEROI REALTY LIMITED,1950.4,1960.7,1858.0,1858.0,1931.0,1642587
2026-08-18,ODIGMA,ODIGMA CONSULTANCY SOL L,22.21,22.99,22.21,22.88,22.64,10518
2026-08-18,ODYCORP,ODYSSEY CORPORATION LTD.,7.49,7.49,6.36,6.78,7.15,12996
2026-08-18,ONGC,OIL AND NATURAL GAS CORP.,239.5,241.3,238.02,239.5,238.49,14903605
2026-08-18,OIL,OIL INDIA LTD,480.0,487.2,478.7,480.5,474.65,5000847
2026-08-18,OLAELEC,OLA ELECTRIC MOBILITY LTD,39.22,39.65,38.5,38.61,39.22,18175012
2026-08-18,OLECTRA,OLECTRA GREENTECH LIMITED,1329.0,1337.0,1316.7,1324.1,1320.1,189197
2026-08-18,OMINFRAL,OM INFRA LIMITED,87.0,87.99,85.85,86.75,86.87,94141
2026-08-18,OMPOWER,OM POWER TRANSMISSION LTD,167.13,168.0,164.6,167.64,167.96,44477
2026-08-18,OMAXAUTO,OMAX AUTOS LTD,196.28,199.9,195.41,198.69,195.24,27371
2026-08-18,OMAXE,OMAXE LIMITED,100.57,104.8,99.75,101.93,100.83,2278564
2026-08-18,OMNI,OMNITECH ENGINEERING LTD,564.0,587.5,564.0,581.6,564.45,442473
2026-08-18,PAYTM,ONE 97 COMMUNICATIONS LTD,1580.2,1599.0,1546.3,1546.3,1580.2,3848121
2026-08-18,ONEGLOBAL,ONE GLOBAL SERVICE PROV L,537.05,543.0,537.05,537.05,565.3,17961
2026-08-18,MOBIKWIK,ONE MOBIKWIK SYSTEMS LTD,202.0,204.38,198.5,198.99,202.83,798511
2026-08-18,ONEPOINT,ONE POINT ONE SOL LTD,56.93,57.28,55.76,56.25,57.21,767856
2026-08-18,KISSHT,ONEMI TECHNOLOGY SOL LTD,301.05,306.95,299.9,302.55,304.6,452909
2026-08-18,ONESOURCE,ONESOURCE SPECL PHARMA L,1554.0,1570.2,1531.2,1542.3,1558.2,231526
2026-08-18,ONIDA,ONIDA ELECTRONICS LIMITED,35.76,36.88,35.52,35.68,36.02,150788
2026-08-18,ONIXSOLAR,ONIX SOLAR ENERGY LTD.,357.0,357.0,356.65,356.65,375.4,1217
2026-08-18,ONWARDTEC,ONWARD TECHNOLOGIES LTD,286.75,286.8,282.0,283.65,286.75,14701
2026-08-18,OPTIEMUS,OPTIEMUS INFRACOM LTD,554.35,557.95,543.2,551.15,554.35,118199
2026-08-18,OPTIFIN,OPTIMUS FINANCE LTD.,11.41,13.74,11.41,11.76,11.45,5730
2026-08-18,OFSS,ORACLE FIN SERV SOFT LTD.,11751.0,11840.0,11614.0,11623.0,11789.0,111496
2026-08-18,ORCHASP,ORCHASP LIMITED,1.42,1.43,1.38,1.42,1.4,141220
2026-08-18,ORCHPHARMA,ORCHID PHARMA LIMITED,999.0,1000.0,951.0,969.2,998.35,103600
2026-08-18,ORICONENT,ORICON ENTERPRISES LTD,53.11,57.81,52.31,56.03,53.38,832809
2026-08-18,ORIENTBELL,ORIENT BELL LIMITED,349.1,361.9,348.0,349.95,349.05,31200
2026-08-18,ORIENTCEM,ORIENT CEMENT LTD.,131.89,132.0,130.12,130.54,131.89,100991
2026-08-18,ORIENTCER,ORIENT CERATECH LIMITED,43.8,44.69,42.8,43.8,44.08,79766
2026-08-18,ORIENTELEC,ORIENT ELECTRIC LIMITED,187.6,188.31,183.75,184.22,187.42,102644
2026-08-18,GREENPOWER,ORIENT GREEN POWER CO LTD,9.52,9.56,9.39,9.42,9.55,1444950
2026-08-18,ORIENTHOT,ORIENT HOTELS LTD,122.0,124.04,119.12,121.21,122.35,192296
2026-08-18,ORIENTPPR,ORIENT PAPER AND INDS LTD,17.25,17.64,17.02,17.34,17.1,283563
2026-08-18,ORIENTTECH,ORIENT TECHNOLOGIES LTD,253.95,255.65,247.35,249.6,254.85,141869
2026-08-18,OAL,ORIENTAL AROMATICS LTD,349.5,358.0,339.5,341.95,349.45,15287
2026-08-18,ORIRAIL,ORIENTAL RAIL INFRA L,110.2,110.5,105.0,107.73,109.4,19425
2026-08-18,ORIENTALTL,ORIENTAL TRIMEX LTD,5.1,5.12,5.0,5.01,5.05,94568
2026-08-18,ORISSAMINE,ORISSA MIN DEV CO LTD,4825.1,4916.8,4725.0,4747.5,4871.1,11722
2026-08-18,ORKLAINDIA,ORKLA INDIA LIMITED,544.3,551.45,542.3,545.55,544.3,43632
2026-08-18,ORTINGLOBE,ORTIN GLOBAL LIMITED,15.1,16.5,15.1,15.79,15.89,18953
2026-08-18,OSWALAGRO,OSWAL AGRO MILLS LTD,38.4,38.5,36.36,36.77,37.82,56877
2026-08-18,OSWALGREEN,OSWAL GREENTECH LIMITED,21.08,21.4,20.85,20.92,21.08,52882
2026-08-18,OSWALPUMPS,OSWAL PUMPS LIMITED,302.45,303.55,293.8,297.95,304.0,793507
2026-08-18,PBMPOLY,P B M POLYTEX LTD.,64.8,64.8,58.8,60.42,63.5,405
2026-08-18,PNGJL,P N GADGIL JEWELLERS LTD,614.85,619.4,604.25,607.85,610.4,166334
2026-08-18,POEL,P O C L ENTERPRISES LTD.,148.41,165.31,148.41,161.65,148.41,43701
2026-08-18,PGHH,P&G HYGIENE & HEALTH CARE,8400.0,8410.0,8300.0,8317.0,8365.0,11764
2026-08-18,PACEDIGITK,PACE DIGITEK LIMITED,176.46,178.05,176.0,176.66,176.46,402007
2026-08-18,PACIFICI,PACIFIC INDUSTRIES LTD.,141.16,141.16,138.99,138.99,139.77,34
2026-08-18,PAGEIND,PAGE INDUSTRIES LTD,37370.0,37495.0,36425.0,36425.0,37360.0,46266
2026-08-18,PAISALO,PAISALO DIGITAL LIMITED,67.9,69.1,67.2,67.57,67.59,6916449
2026-08-18,PAKKA,PAKKA LIMITED,92.51,100.63,88.41,95.49,89.28,2369403
2026-08-18,PALASHSECU,PALASH SECURITIES LTD,86.51,88.98,84.5,86.46,89.78,11363
2026-08-18,PANACEABIO,PANACEA BIOTEC LTD,411.45,424.5,401.2,405.85,413.15,159241
2026-08-18,PANAMAPET,PANAMA PETROCHEM LTD,491.7,512.2,489.0,502.65,487.1,850415
2026-08-18,PANCHMAHQ,PANCHMAHAL STEEL LTD.,331.0,331.0,275.0,286.85,315.0,81
2026-08-18,PANORAMA,PANORAMA STUDIOS INTL. L,47.85,48.03,45.86,46.41,47.16,591390
2026-08-18,PANSARI,PANSARI DEVELOPERS LTD,318.0,318.0,302.0,314.85,318.65,125
2026-08-18,PAR,PAR DRUGS AND CHEM LTD,100.91,102.5,98.3,101.24,100.91,17995
2026-08-18,PARADEEP,PARADEEP PHOSPHATES LTD,146.66,149.65,145.07,147.82,146.66,2052905
2026-08-18,PARAGMILK,PARAG MILK FOODS LTD.,208.0,219.98,208.0,211.03,207.29,1852610
2026-08-18,PARACABLES,PARAMOUNT COMM LTD,63.11,66.0,63.11,63.64,63.55,1520266
2026-08-18,PARAS,PARAS DEF AND SPCE TECH L,1385.0,1527.3,1384.7,1527.3,1388.5,5405217
2026-08-18,PARASPETRO,PARAS PETROFILS LTD.,2.3,2.36,2.24,2.26,2.3,259668
2026-08-18,PARKHOSPS,PARK MEDI WORLD LIMITED,276.0,278.85,273.55,276.85,276.65,253850
2026-08-18,PARKHOTELS,PARKHOTELS,116.48,117.79,115.5,116.4,116.48,102246
2026-08-18,PARNAXLAB,PARNAX LAB LTD.,120.99,123.0,116.0,122.0,119.65,1881
2026-08-18,PASHUPATI,PASHUPATI COTSPIN LIMITED,85.7,85.7,84.71,85.32,84.79,10109
2026-08-18,PATANJALI,PATANJALI FOODS LIMITED,352.5,353.9,345.8,351.65,353.9,3890440
2026-08-18,PATELENG,PATEL ENGINEERING LTD.,28.4,28.58,27.72,27.84,28.48,2937500
2026-08-18,PATELRMART,PATEL RETAIL LIMITED,228.0,235.99,222.44,228.5,229.1,203946
2026-08-18,PML,PAUL MERCHANTS LTD.,500.0,504.9,490.4,504.9,503.45,459
2026-08-18,PAUSHAKLTD,PAUSHAK LIMITED,734.25,759.0,723.05,752.35,734.2,43118
2026-08-18,PAVNAIND,PAVNA INDUSTRIES LIMITED,18.92,18.92,17.67,18.15,18.92,65817
2026-08-18,POLICYBZR,PB FINTECH LIMITED,1728.0,1767.5,1721.1,1747.0,1728.1,1267107
2026-08-18,PCJEWELLER,PC JEWELLER LTD,9.78,9.79,9.56,9.62,9.79,66270759
2026-08-18,PCBL,PCBL CHEMICAL LIMITED,321.0,329.9,317.35,326.55,315.45,4673600
2026-08-18,PDSL,PDS LIMITED,375.0,375.4,361.75,363.0,376.35,86518
2026-08-18,PGIL,PEARL GLOBAL IND LIMITED,2390.0,2390.5,2351.0,2360.8,2378.0,37637
2026-08-18,PEARLPOLY,PEARL POLYMERS LTD,16.31,16.5,16.11,16.12,16.3,1496
2026-08-18,PENIND,PENNAR INDUSTRIES LTD,151.5,153.45,150.06,152.49,151.45,202503
2026-08-18,PERMAGN,PERMANENT MAGNETS LTD.,821.0,821.0,784.05,804.75,813.6,3492
2026-08-18,PERSISTENT,PERSISTENT SYSTEMS LTD,5571.5,5571.5,5442.5,5442.5,5570.0,353161
2026-08-18,PETRONET,PETRONET LNG LIMITED,281.8,286.95,281.8,286.25,281.8,2933102
2026-08-18,PFIZER,PFIZER LTD,4818.0,4825.0,4751.2,4799.3,4829.1,76326
2026-08-18,PGEL,PG ELECTROPLAST LTD,609.0,614.3,594.5,597.0,614.0,2081510
2026-08-18,PHOENXINTL,PHOENIX INTERNATIONAL LTD,34.8,34.8,29.05,30.17,32.58,10208
2026-08-18,PWL,PHYSICSWALLAH LIMITED,119.65,125.0,115.65,122.05,119.97,52106492
2026-08-18,PIIND,PI INDUSTRIES LTD,2490.0,2545.0,2458.6,2515.0,2472.0,623898
2026-08-18,PICCADIL,PICCADILY AGRO INDUSTRI L,699.8,709.95,688.5,692.85,695.45,401956
2026-08-18,PIDILITIND,PIDILITE INDUSTRIES LTD,1665.0,1674.0,1657.3,1674.0,1669.0,655495
2026-08-18,PILITA,PIL ITALICA LIFESTYLE LTD,8.52,8.52,8.01,8.06,8.18,62549
2026-08-18,PILANIINVS,PILANI INV & IND COR LTD,4444.8,4464.0,4380.0,4385.7,4445.1,1861
2026-08-18,PINELABS,PINE LABS LIMITED,163.35,165.41,159.25,160.32,162.63,13598806
2026-08-18,PIONEEREMB,PIONEER EMBROIDERIES LTD,22.61,22.79,22.56,22.65,22.78,6217
2026-08-18,PIRAMALFIN,PIRAMAL FINANCE LIMITED,2052.0,2079.8,2038.0,2060.5,2066.1,176263
2026-08-18,PPLPHARMA,PIRAMAL PHARMA LIMITED,200.1,211.6,200.1,210.53,204.73,5337954
2026-08-18,PITTIENG,PITTI ENGINEERING LIMITED,1046.55,1059.9,1028.15,1035.8,1046.55,171313
2026-08-18,PIXTRANS,PIX TRANSMISSIONS LIMITED,1940.1,1953.4,1876.6,1884.8,1938.8,17367
2026-08-18,PLASTIBLEN,PLASTIBLENDS INDIA LTD,191.3,193.0,188.8,190.71,191.8,22233
2026-08-18,PLATIND,PLATINUM INDUSTRIES LTD,216.05,217.83,206.2,209.69,214.2,83394
2026-08-18,PLAZACABLE,PLAZA WIRES LIMITED,51.6,53.7,51.05,52.38,53.57,121729
2026-08-18,PNBGILTS,PNB GILTS LIMITED,80.84,80.9,79.02,79.5,80.34,103481
2026-08-18,PNBHOUSING,PNB HOUSING FIN LTD.,1145.9,1153.9,1128.9,1145.8,1150.8,739039
2026-08-18,PNCINFRA,PNC INFRATECH LTD.,215.15,215.19,210.82,213.96,215.17,454469
2026-08-18,PNGSREVA,PNGS REVA DIAMOND JEWEL L,567.2,616.0,566.55,574.2,576.45,383388
2026-08-18,PODDARMENT,PODDAR PIGMENTS LIMITED,256.8,256.8,251.0,252.4,253.45,638
2026-08-18,POKARNA,POKARNA LIMITED,940.0,950.15,917.0,923.7,937.8,43179
2026-08-18,POLYMED,POLY MEDICURE LIMITED,1733.6,1788.4,1722.7,1784.7,1733.6,224876
2026-08-18,POLYCAB,POLYCAB INDIA LIMITED,9349.5,9349.5,9049.0,9139.0,9370.0,256413
2026-08-18,POLYPLEX,POLYPLEX CORPORATION LTD,1217.1,1220.9,1177.9,1182.0,1210.8,90057
2026-08-18,POLYSPIN,POLYSPIN EXPORTS LTD.,34.79,34.79,28.36,30.65,31.53,2118
2026-08-18,POCL,PONDY OXIDES & CHEM LTD,486.85,503.1,486.0,500.85,486.75,437989
2026-08-18,PONNIERODE,PONNIE SUGARS (ERODE) LTD,370.6,377.6,354.0,357.65,350.75,185152
2026-08-18,POONAWALLA,POONAWALLA FINCORP LTD,498.0,503.25,494.55,497.9,497.45,600068
2026-08-18,PVSL,POPULAR VEHICLES N SER L,114.94,119.8,114.94,118.25,115.9,32959
2026-08-18,PFC,POWER FIN CORP LTD.,375.0,376.55,373.6,374.45,374.4,7433916
2026-08-18,POWERGRID,POWER GRID CORP. LTD.,266.2,268.95,266.05,268.0,266.15,6792173
2026-08-18,PIGL,POWER INSTRUMENT (G) LTD,105.17,109.38,105.14,106.21,104.62,81795
2026-08-18,POWERMECH,POWER MECH PROJECTS LTD.,2452.3,2494.0,2425.3,2443.8,2452.3,53837
2026-08-18,POWERICA,POWERICA LIMITED,570.0,574.0,553.2,560.65,560.35,131838
2026-08-18,PRABHA,PRABHA ENERGY LIMITED,164.31,196.05,163.0,192.2,163.38,5359104
2026-08-18,PRAJIND,PRAJ INDUSTRIES LTD,333.15,346.95,332.7,336.5,334.05,1435246
2026-08-18,PRAENG,PRAJAY ENG. SYN. LTD.,19.98,19.98,18.8,19.12,19.8,61920
2026-08-18,PRAKASH,PRAKASH INDUSTRIES LTD,135.0,136.89,132.7,134.97,134.43,606010
2026-08-18,PRAKASHSTL,PRAKASH STEELAGE LTD,3.98,3.99,3.91,3.92,3.98,178977
2026-08-18,DIAMONDYD,PRATAAP SNACKS LIMITED,1193.8,1203.8,1180.9,1193.8,1190.4,11074
2026-08-18,PRAVEG,PRAVEG LTD.,257.65,264.0,246.4,252.95,258.9,147168
2026-08-18,PRAXIS,PRAXIS HOME RETAIL LTD,6.04,6.04,5.35,5.4,5.87,554400
2026-08-18,PRECAM,PRECISION CAMSHAFTS LTD.,133.75,136.04,132.25,133.16,134.65,57774
2026-08-18,PRECWIRE,PRECISION WIRES INDIA LTD,454.2,462.45,450.65,458.2,457.75,383093
2026-08-18,PRECOT,PRECOT LIMITED,698.45,758.0,690.0,741.15,698.45,4837
2026-08-18,PREMCO,PREMCO GLOBAL LTD.,385.0,385.0,372.5,375.65,378.35,472
2026-08-18,PREMIERENE,PREMIER ENERGIES LIMITED,1020.0,1029.9,1010.6,1014.7,1015.5,538817
2026-08-18,PREMEXPLN,PREMIER EXPLOSIVES LTD,674.9,676.0,667.5,668.25,672.65,352325
2026-08-18,PREMIERPOL,PREMIER POLYFILM LTD,85.0,88.0,82.32,86.37,83.59,2453055
2026-08-18,PRESTIGE,PRESTIGE ESTATE LTD,1588.0,1612.6,1563.1,1590.0,1591.9,681676
2026-08-18,PRICOLLTD,PRICOL LIMITED,808.0,813.05,795.35,800.05,806.55,323362
2026-08-18,PFOCUS,PRIME FOCUS LIMITED,266.05,289.0,264.0,286.25,266.4,2789751
2026-08-18,PRIMESECU,PRIME SECURITIES LIMITED,285.4,285.7,280.0,282.2,283.3,10289
2026-08-18,PRIMO,PRIMO CHEMICALS LIMITED,23.7,23.7,22.75,22.98,23.28,116805
2026-08-18,PRINCEPIPE,PRINCE PIPES FITTINGS LTD,285.6,291.45,283.35,289.75,284.25,278635
2026-08-18,PRSMJOHNSN,PRISM JOHNSON LIMITED,105.71,106.19,104.1,104.99,105.33,279191
2026-08-18,PRISMX,PRISMX GLOBAL VENTURES L,0.55,0.55,0.53,0.54,0.52,94707
2026-08-18,PNC,PRITISH NANDY COMMUNICATI,18.1,18.7,17.9,18.15,18.1,8843
2026-08-18,PRIVISCL,PRIVI SPECIALITY CHE LTD,3444.0,3484.2,3409.0,3454.6,3449.0,88946
2026-08-18,PGHL,PROCTER & GAMBLE HEALTH L,5836.5,5853.0,5746.5,5838.0,5836.5,13004
2026-08-18,PROSTARM,PROSTARM INFO SYSTEMS LTD,136.6,140.98,131.27,132.22,135.96,217948
2026-08-18,PROTEAN,PROTEAN EGOV TECHNO LTD,550.0,554.0,543.2,551.75,548.5,153670
2026-08-18,PROZONER,PROZONE REALTY LIMITED,43.9,43.9,42.1,42.32,43.5,67445
2026-08-18,PRUDENT,PRUDENT CORP ADV SER LTD,3352.0,3410.0,3311.1,3354.1,3338.0,16403
2026-08-18,PSPPROJECT,PSP PROJECTS LIMITED,946.0,960.3,937.7,942.35,947.0,50924
2026-08-18,PFS,PTC INDIA FIN SERV LTD,28.14,29.6,27.95,28.2,28.14,492747
2026-08-18,PTC,PTC INDIA LIMITED,160.99,162.5,158.57,158.89,160.62,1401008
2026-08-18,PTCIL,PTC INDUSTRIES LIMITED,20451.0,20453.0,19549.0,19791.0,20584.0,64760
2026-08-18,PTL,PTL ENTERPRISES LTD,38.85,38.85,38.48,38.51,38.65,37055
2026-08-18,PDMJEPAPER,PUDUMJEE PAPER PRO. LTD,87.82,89.9,87.26,88.94,87.82,82180
2026-08-18,PSB,PUNJAB & SIND BANK,23.8,23.8,23.11,23.22,23.68,1165360
2026-08-18,PUNJABCHEM,PUNJAB CHEM & CROP PROT L,1125.3,1165.0,1116.7,1133.6,1127.3,9057
2026-08-18,PNB,PUNJAB NATIONAL BANK,117.0,117.99,116.5,116.5,117.32,7856627
2026-08-18,PURVA,PURAVANKARA LIMITED,227.5,231.8,220.13,224.36,226.6,1104429
2026-08-18,PVP,PVP VENTURES LIMITED,36.8,40.9,36.4,40.2,37.01,3330020
2026-08-18,PVRINOX,PVR INOX LIMITED,1194.2,1228.8,1188.5,1198.1,1192.0,463266
2026-08-18,PYRAMID,PYRAMID TECHNOPLAST LTD,169.0,169.3,162.02,163.55,166.69,73757
2026-08-18,QUADFUTURE,QUADRANT FUTURE TEK LTD,350.0,353.1,338.75,341.0,349.35,214357
2026-08-18,QPOWER,QUALITY POWER ELEC EQUP L,1302.9,1357.0,1290.0,1325.1,1302.6,369801
2026-08-18,QGOLDHALF,QUANTUM GOLD ETF,126.74,128.0,126.51,126.74,126.73,158725
2026-08-18,QNIFTY,QUANTUM NIFTY 50 ETF,275.16,275.16,266.1,266.74,268.45,4134
2026-08-18,QUESS,QUESS CORP LIMITED,346.6,350.75,333.35,336.9,343.9,935370
2026-08-18,QUINT,QUINT DIGITAL LTD.,37.06,38.5,36.0,37.36,37.36,16736
2026-08-18,RKSWAMY,R K SWAMY LIMITED,99.8,101.18,97.01,98.25,97.47,46662
2026-08-18,RRIL,R R I L LTD.,17.12,18.29,17.12,17.94,17.54,16173
2026-08-18,RRKABEL,R R KABEL LIMITED,2748.6,2870.0,2740.5,2784.9,2748.6,698009
2026-08-18,RSYSTEMS,R SYS INTERNATIONAL LTD,240.1,244.95,240.0,242.3,240.2,141529
2026-08-18,RTSPOWR,R T S POWER CORPN. LTD.,105.0,113.0,96.0,96.72,94.73,1720
2026-08-18,RNBDENIMS,R&B DENIMS LIMITED,8.5,8.8,8.4,8.46,8.58,216536
2026-08-18,RSSOFTWARE,R. S. SOFTWARE (INDIA) LI,32.4,32.5,30.44,31.79,31.59,12261
2026-08-18,RPPINFRA,R.P.P INFRA PROJECTS LTD,58.35,58.9,57.31,57.51,58.35,95574
2026-08-18,RACE,RACE ECO CHAIN LIMITED,102.73,104.48,101.15,103.86,102.73,1769
2026-08-18,RACLGEAR,RACL GEARTECH LIMITED,1350.7,1411.0,1348.9,1399.1,1343.4,18531
2026-08-18,RADAAN,RADAAN MEDIAWORKS (I) LTD,3.1,3.1,2.97,3.02,2.97,9545
2026-08-18,RADHIKAJWE,RADHIKA JEWELTECH LIMITED,68.23,68.61,65.46,66.39,67.9,588642
2026-08-18,RADIANTCMS,RADIANT CASH MGMT SER LTD,35.0,36.23,34.35,34.45,34.86,321650
2026-08-18,RADICO,RADICO KHAITAN LTD,4695.0,4732.9,4625.5,4732.9,4693.4,413785
2026-08-18,RPEL,RAGHAV PRODUCTIVITY ENH L,1440.0,1518.0,1416.3,1495.2,1430.1,116005
2026-08-18,RVNL,RAIL VIKAS NIGAM LIMITED,226.2,227.88,225.0,225.0,228.5,2172981
2026-08-18,RAILTEL,RAILTEL CORP OF IND LTD,278.7,279.6,275.0,277.15,279.95,325210
2026-08-18,RAIN,RAIN INDUSTRIES LIMITED,205.5,208.5,200.9,203.74,205.91,3467534
2026-08-18,RAINBOW,RAINBOW CHILDRENS MED LTD,1475.0,1477.1,1453.0,1458.7,1478.5,52308
2026-08-18,ROML,RAJ OIL MILLS LIMITED,44.06,45.0,44.06,44.17,44.09,2043
2026-08-18,RAJTV,RAJ TV NETWORK LTD,10.43,10.43,10.13,10.29,10.26,11719
2026-08-18,RAJPALAYAM,RAJAPALAYAM MILLS LTD.,836.0,849.55,836.0,843.4,827.8,447
2026-08-18,ARENTERP,RAJDARSHAN INDUSTRIES LTD,39.44,39.44,36.76,38.42,38.36,1431
2026-08-18,RAJMET,RAJNANDINI METAL LIMITED,3.29,3.32,3.23,3.3,3.23,151216
2026-08-18,RSL,RAJPUTANA STAINLESS LTD,165.0,165.2,163.74,164.95,164.9,325012
2026-08-18,RAJRATAN,RAJRATAN GLOBAL WIRE LTD,516.0,519.0,504.25,512.0,516.8,53372
2026-08-18,RAJSREESUG,RAJSHREE SUGAR & CHEMICAL,34.65,36.39,34.45,34.96,34.49,153455
2026-08-18,RALLIS,RALLIS INDIA LTD,212.81,214.17,211.2,213.27,213.08,556665
2026-08-18,RAMRAT,RAM RATNA WIRES LIMITED,467.5,478.55,451.8,472.65,467.5,158012
2026-08-18,RAMAPHO,RAMA PHOSPHATES LIMITED,120.61,122.9,120.61,121.16,121.52,6382
2026-08-18,RAMCOIND,RAMCO INDUSTRIES LIMITED,354.35,356.25,342.1,344.75,353.45,178495
2026-08-18,RAMCOSYS,RAMCO SYSTEMS LTD.,593.1,598.0,564.5,564.5,594.2,245543
2026-08-18,RKFORGE,RAMKRISHNA FORGINGS LTD,756.35,759.0,745.05,754.35,755.0,858508
2026-08-18,RAMKY,RAMKY INFRA LTD,391.2,392.95,388.0,391.6,390.05,25799
2026-08-18,RANASUG,RANA SUGARS LTD.,12.97,13.62,12.9,13.3,12.9,1043110
2026-08-18,RML,RANE (MADRAS) LIMITED,1094.9,1112.9,1085.0,1100.1,1084.7,10805
2026-08-18,RANEHOLDIN,RANE HOLDINGS LIMITED,1620.0,1631.8,1558.1,1567.9,1600.9,21338
2026-08-18,RPTECH,RASHI PERIPHERALS LIMITED,867.05,871.45,850.0,861.1,871.85,238708
2026-08-18,RCF,RASHTRIYA CHEMICALS & FER,123.0,123.1,121.0,121.19,123.26,576015
2026-08-18,RATEGAIN,RATEGAIN TRAVEL TECHN LTD,955.0,955.35,926.55,935.95,949.5,308664
2026-08-18,RATNAMANI,RATNAMANI MET & TUB LTD.,2355.0,2425.0,2352.9,2368.6,2353.6,62154
2026-08-18,RATNAVEER,RATNAVEER PRECISION ENG L,246.08,257.5,242.65,252.19,244.87,11984087
2026-08-18,RTNINDIA,RATTANINDIA ENT LIMITED,30.47,31.45,30.2,30.67,30.48,3065043
2026-08-18,RTNPOWER,RATTANINDIA POWER LIMITED,8.31,8.33,8.09,8.12,8.35,17010536
2026-08-18,RKDL,RAVI KUMAR DIST. LTD.,18.4,18.97,18.36,18.54,18.36,1418
2026-08-18,RVHL,RAVINDER HEIGHTS LIMITED,43.25,44.04,42.25,42.75,43.05,9554
2026-08-18,RELTD,RAVINDRA ENERGY LIMITED,160.67,163.9,158.01,158.85,159.87,128827
2026-08-18,RAYMONDLSL,RAYMOND LIFESTYLE LIMITED,754.65,762.85,745.0,748.4,762.1,109781
2026-08-18,RAYMOND,RAYMOND LTD,649.75,658.0,621.0,625.0,647.85,733844
2026-08-18,RAYMONDREL,RAYMOND REALTY LIMITED,575.8,583.8,574.9,578.0,581.05,117902
2026-08-18,RBLBANK,RBL BANK LIMITED,380.5,384.9,376.4,383.0,381.5,2330589
2026-08-18,RBZJEWEL,RBZ JEWELLERS LIMITED,136.19,138.84,133.5,134.58,136.19,47543
2026-08-18,RRECL,RDB REAL ESTATE CONS L,146.45,146.45,136.3,136.35,145.0,894
2026-08-18,RECLTD,REC LIMITED,340.0,341.85,338.5,338.5,340.0,5976016
2026-08-18,REDINGTON,REDINGTON LIMITED,334.0,337.2,324.0,326.3,332.8,2030364
2026-08-18,REDTAPE,REDTAPE LIMITED,121.35,125.3,120.84,124.71,121.66,399087
2026-08-18,REFEX,REFEX INDUSTRIES LIMITED,301.0,302.95,297.0,299.45,302.75,259732
2026-08-18,REGAAL,REGAAL RESOURCES LIMITED,90.28,101.5,88.65,99.53,90.46,2975990
2026-08-18,REGENCERAM,REGENCY CERAMICS LTD.,35.8,37.03,35.2,36.8,35.43,3751
2026-08-18,RELAXO,RELAXO FOOT LTD.,394.8,397.0,378.15,383.95,391.2,345402
2026-08-18,GILT5YBEES,RELCAPAMC - NETFGILT5Y,66.25,66.37,66.11,66.23,66.26,91103
2026-08-18,RELIABLE,RELIABLE DATA SERVICE LTD,140.0,142.0,138.0,140.77,138.74,208670
2026-08-18,RELCHEMQ,RELIANCE CHEMOTEX IND LTD,118.8,118.9,114.03,115.51,115.6,3010
2026-08-18,RIIL,RELIANCE INDUSTRIAL INFRA,749.95,751.85,735.9,738.65,747.05,25399
2026-08-18,RELIANCE,RELIANCE INDUSTRIES LTD,1314.0,1328.6,1311.2,1322.0,1316.0,10180567
2026-08-18,RPOWER,RELIANCE POWER LTD.,22.53,22.74,22.37,22.45,22.72,13059635
2026-08-18,RELIGARE,RELIGARE ENTER. LTD.,230.0,235.25,229.0,231.55,231.1,1967477
2026-08-18,REMSONSIND,REMSONS INDUSTRIES LTD,81.49,83.39,80.96,82.4,81.89,112716
2026-08-18,RGL,RENAISSANCE GLOBAL LTD,121.9,125.85,120.2,124.9,121.9,434403
2026-08-18,REPCOHOME,REPCO HOME FINANCE LTD,349.6,352.0,346.45,350.1,349.6,101784
2026-08-18,REPRO,REPRO INDIA LIMITED,334.75,343.95,326.5,330.25,325.15,15316
2026-08-18,RESPONIND,RESPONSIVE INDUSTRIES LTD,159.68,160.22,156.41,158.09,159.01,79679
2026-08-18,RBA,RESTAURANT BRAND ASIA LTD,99.8,108.41,99.5,106.34,99.59,17134006
2026-08-18,RVTH,REVATHI EQUIPMENT INDIA L,747.75,762.95,717.0,730.0,747.7,1613
2026-08-18,RHETAN,RHETAN TMT LIMITED,21.41,21.54,21.41,21.43,21.28,7421414
2026-08-18,RHIM,RHI MAGNESITA INDIA LTD,375.7,381.45,372.25,380.0,374.25,434035
2026-08-18,RICOAUTO,RICO AUTO INDUSTRIES LTD,132.45,137.5,132.0,133.32,132.9,2049113
2026-08-18,RIR,RIR POWER ELECTRONICS L,176.8,176.8,168.0,170.35,173.94,139576
2026-08-18,RISHABH,RISHABH INSTRUMENTS LTD,700.0,703.8,651.75,665.75,694.6,711835
2026-08-18,RITCO,RITCO LOGISTICS LIMITED,288.05,318.4,288.05,313.0,292.5,381642
2026-08-18,RITES,RITES LIMITED,221.74,222.87,218.0,218.49,221.72,242345
2026-08-18,RKEC,RKEC PROJECTS LIMITED,24.3,24.3,22.52,22.81,23.41,59826
2026-08-18,RMC,RMC SWITCHGEARS LIMITED,260.05,265.85,246.9,253.85,259.7,89354
2026-08-18,RHL,ROBUST HOTELS LIMITED,168.0,170.0,167.0,169.47,166.35,3822
2026-08-18,ROLEXRINGS,ROLEX RINGS LIMITED,180.19,182.5,175.68,177.06,179.46,2031379
2026-08-18,ROSSARI,ROSSARI BIOTECH LIMITED,498.6,498.9,490.8,495.9,496.15,37955
2026-08-18,ROSSELLIND,ROSSELL INDIA LIMITED,55.53,57.5,55.04,56.9,56.17,50191
2026-08-18,ROSSTECH,ROSSELL TECHSYS LIMITED,1116.05,1172.0,1092.5,1103.55,1108.9,899502
2026-08-18,ROTO,ROTO PUMPS LIMITED,65.99,66.7,65.49,66.34,65.68,226640
2026-08-18,ROUTE,ROUTE MOBILE LIMITED,507.3,507.5,497.2,499.45,508.6,159772
2026-08-18,ROHLTD,ROYAL ORCHID HOTELS LTD,307.4,312.8,300.65,304.55,307.7,46156
2026-08-18,RPGLIFE,RPG LIFE SCIENCES LTD,2741.3,2770.0,2663.0,2702.7,2741.3,11456
2026-08-18,RPSGVENT,RPSG VENTURES LIMITED,888.75,890.0,873.0,875.25,887.25,22399
2026-08-18,RUBFILA,RUBFILA INTERNATIONAL LTD,67.5,70.0,67.5,68.84,67.36,14395
2026-08-18,RUBICON,RUBICON RESEARCH LIMITED,1789.3,1819.0,1750.0,1804.1,1798.7,687518
2026-08-18,RUCHINFRA,RUCHI INFRASTRUCTURE LTD,5.81,5.97,5.72,5.75,5.81,23152
2026-08-18,RUCHIRA,RUCHIRA PAPERS LIMITED,102.05,105.26,102.05,104.62,102.05,37592
2026-08-18,RUDRA,RUDRA GLOBAL INFRA PROD L,24.45,24.45,22.7,22.97,23.8,133806
2026-08-18,RUPA,RUPA & COMPANY LTD,148.0,151.68,148.0,149.97,149.1,87669
2026-08-18,RUSHIL,RUSHIL DECOR LIMITED,16.8,17.06,16.5,16.72,16.78,293246
2026-08-18,SCHAND,S CHAND AND COMPANY LTD,138.9,138.9,134.9,137.1,137.86,47191
2026-08-18,SHK,S H KELKAR AND CO. LTD.,163.99,165.0,158.12,159.48,164.25,591761
2026-08-18,SVGLOBAL,S V GLOBAL MILL LTD.,143.5,143.5,115.55,133.0,143.61,21
2026-08-18,S&SPOWER,S&S POWER SWITCHGEARS LTD,296.0,296.0,270.0,277.7,297.7,10586
2026-08-18,SPAL,S. P. APPARELS LIMITED,940.7,961.65,934.6,952.45,932.45,51059
2026-08-18,SALSTEEL,S.A.L. STEEL LTD.,74.0,75.9,71.1,72.02,71.87,1744512
2026-08-18,SAATVIKGL,SAATVIK GREEN ENERGY LTD,405.65,417.95,399.45,401.45,402.65,133321
2026-08-18,SADBHAV,SADBHAV ENGINEERING LTD,8.26,8.44,7.85,7.95,8.26,326564
2026-08-18,SAFARI,SAFARI IND (INDIA) LTD,1497.3,1511.9,1477.0,1482.8,1497.3,16308
2026-08-18,SAGCEM,SAGAR CEMENTS LIMITED,169.0,172.78,167.9,168.29,169.01,20803
2026-08-18,SAGARDEEP,SAGARDEEP ALLOYS LIMITED,24.4,24.4,23.63,23.7,24.02,1693
2026-08-18,SAGILITY,SAGILITY LIMITED,42.41,42.77,41.92,42.16,42.4,11644898
2026-08-18,SAHYADRI,SAHYADRI INDUSTRIES LTD,388.0,393.95,374.0,375.55,388.15,20137
2026-08-18,SAICAPI,SAI CAPITAL LTD.,149.0,154.95,148.0,151.33,149.95,247
2026-08-18,SAILIFE,SAI LIFE SCIENCES LIMITED,1428.8,1473.0,1423.5,1440.1,1416.4,450784
2026-08-18,SAIPARENT,SAI PARENTERALS LIMITED,558.95,558.95,540.6,542.05,551.95,60708
2026-08-18,KALAMANDIR,SAI SILKS (KALAMANDIR) L,87.0,87.0,85.5,85.72,86.16,199617
2026-08-18,SEKURITIND,SAINT GOBAIN SEKUR IND L,118.2,124.65,117.1,121.66,117.61,43443
2026-08-18,SAKAR,SAKAR HEALTHCARE LIMITED,902.45,902.8,878.0,893.7,905.35,61515
2026-08-18,SAKSOFT,SAKSOFT LIMITED,165.0,167.78,162.21,166.36,164.95,440873
2026-08-18,SAKHTISUG,SAKTHI SUGARS LTD,17.75,18.75,17.65,18.39,17.63,482690
2026-08-18,SAKUMA,SAKUMA EXPORTS LIMITED,1.6,1.62,1.54,1.57,1.6,1115173
2026-08-18,SALASAR,SALASAR TECHNO ENGG. LTD.,6.04,6.17,5.99,6.07,6.07,5174251
2026-08-18,SALONA,SALONA COTSPIN LTD.,259.91,274.99,259.91,269.49,261.21,1477
2026-08-18,SALZERELEC,SALZER ELECTRONICS LTD,573.45,578.5,566.0,568.1,570.3,31402
2026-08-18,SAMBHAAV,SAMBHAAV MEDIA LTD,6.48,6.5,6.25,6.36,6.35,26679
2026-08-18,SAMBHV,SAMBHV STEEL TUBES LTD,120.0,124.9,119.52,124.34,119.88,1781158
2026-08-18,SAMHI,SAMHI HOTELS LIMITED,159.0,161.24,158.6,160.03,159.41,438145
2026-08-18,SAMMAANCAP,SAMMAAN CAPITAL LIMITED,153.33,153.95,145.0,150.23,153.33,23129231
2026-08-18,SAMPANN,SAMPANN UTPADAN INDIA LTD,26.8,26.8,25.97,26.42,26.3,14006
2026-08-18,MOTHERSON,SAMVRDHNA MTHRSN INTL LTD,168.1,170.9,168.1,170.4,168.06,12696084
2026-08-18,SANATHAN,SANATHAN TEXTILES LIMITED,461.05,463.45,449.75,454.6,463.5,48969
2026-08-18,SANDESH,SANDESH LTD,1080.9,1094.95,1060.0,1060.5,1081.85,1700
2026-08-18,SANDHAR,SANDHAR TECHNOLOGIES LTD,633.0,639.8,625.0,631.8,632.55,91956
2026-08-18,SANDUMA,SANDUR MANG & IRON ORES L,201.0,203.4,199.21,200.0,200.89,287962
2026-08-18,SANGAMIND,SANGAM (INDIA) LTD,586.2,600.8,584.0,588.75,592.45,15927
2026-08-18,SANGHVIMOV,SANGHVI MOVERS LTD,508.0,522.9,504.05,520.75,506.95,312166
2026-08-18,SANOFICONR,SANOFI CONS HEALTHC IND L,4384.8,4384.8,4311.0,4336.6,4363.0,2260
2026-08-18,SANOFI,SANOFI INDIA LIMITED,3197.4,3258.0,3178.1,3242.1,3197.4,13116
2026-08-18,SANSERA,SANSERA ENGINEERING LTD,4000.0,4040.4,3942.5,4003.2,4002.0,172483
2026-08-18,SANSTAR,SANSTAR LIMITED,109.03,110.19,106.91,107.29,109.19,136937
2026-08-18,SAPPHIRE,SAPPHIRE FOODS INDIA LTD,234.5,234.9,229.05,231.99,234.68,890093
2026-08-18,ZSARACOM,SARASWATI COMM (INDIA) L,13414.0,13418.0,12660.0,13076.0,12841.0,123
2026-08-18,SSDL,SARASWATI SAREE DEPOT LTD,60.35,62.37,60.35,60.84,61.38,26977
2026-08-18,SARDAEN,SARDA ENERGY & MIN LTD,522.7,524.0,516.2,518.15,521.15,215053
2026-08-18,SAREGAMA,SAREGAMA INDIA LIMITED,520.1,524.8,512.0,513.95,523.4,332669
2026-08-18,SARLAPOLY,SARLA PERF. FIBERS LTD,101.8,102.88,100.0,101.22,101.61,65712
2026-08-18,SMLT,SARTHAK METALS LIMITED,69.0,71.98,69.0,69.28,70.29,4098
2026-08-18,SARVESHWAR,SARVESHWAR FOODS LIMITED,3.5,3.5,3.42,3.43,3.5,690456
2026-08-18,SASKEN,SASKEN TECHNOLOGIES LTD,1919.5,1960.0,1910.4,1943.0,1919.5,11305
2026-08-18,SATIA,SATIA INDUSTRIES LIMITED,59.99,60.47,58.0,58.56,59.24,102820
2026-08-18,SATIN,SATIN CREDIT NET LTD,228.73,230.6,223.91,228.79,228.73,318091
2026-08-18,SAURASHCEM,SAURASHTRA CEMENT LIMITED,59.06,59.5,58.0,58.72,58.72,76942
2026-08-18,SOTL,SAVITA OIL TECHNOLO. LTD,690.85,725.0,688.6,718.4,692.65,353723
2026-08-18,SAYAJIHOTL,SAYAJI HOTELS LTD.,315.0,315.4,310.0,315.4,310.3,93
2026-08-18,SAYAJIIND,SAYAJI INDUSTRIES LTD.,114.8,115.36,109.7,109.7,114.8,1038
2026-08-18,SBC,SBC EXPORTS LIMITED,38.65,39.0,38.56,38.66,38.75,6977822
2026-08-18,SBFC,SBFC FINANCE LIMITED,93.17,94.53,93.17,93.67,93.95,582128
2026-08-18,SBICARD,SBI CARDS & PAY SER LTD,642.0,643.15,613.9,615.0,641.75,2769735
2026-08-18,SBIFUNDS,SBI FUNDS MANAGEMENT LTD,556.5,562.35,552.0,554.85,557.25,1616546
2026-08-18,SBILIFE,SBI LIFE INSURANCE CO LTD,1789.0,1796.5,1762.5,1778.0,1790.4,584461
2026-08-18,SETFGOLD,SBI-ETF GOLD,127.2,131.4,127.2,130.38,130.47,2779431
2026-08-18,SETFNIF50,SBI-ETF NIFTY 50,269.28,269.28,260.6,260.94,262.72,421677
2026-08-18,SETFNIFBK,SBI-ETF NIFTY BANK,592.55,593.74,588.46,589.97,593.59,43554
2026-08-18,SETFNN50,SBI-ETF NIFTY NEXT 50,821.02,821.02,796.44,798.66,801.0,44912
2026-08-18,LIQUIDSBI,SBIAMC - LIQUIDSBI,1000.0,1000.01,999.99,1000.01,999.99,1495
2026-08-18,SBIBPB,SBIAMC - SBIBPB,51.65,51.65,49.55,50.26,50.65,73923
2026-08-18,SBIETFCON,SBIAMC - SBIETFCON,123.46,125.01,123.46,124.78,125.45,1382
2026-08-18,SBIETFIT,SBIAMC - SBIETFIT,339.85,340.15,335.31,336.34,341.85,11036
2026-08-18,SBIETFPB,SBIAMC - SBIETFPB,279.84,282.0,277.57,278.01,279.02,25021
2026-08-18,SBIETFQLTY,SBIAMC - SBIETFQLTY,227.6,227.6,224.75,225.4,227.61,2405
2026-08-18,SBILIQETF,SBIAMC - SBILIQETF,1052.12,1052.26,1052.12,1052.25,1052.12,73786
2026-08-18,SBIMIDMOM,SBIAMC - SBIMIDMOM,64.3,64.34,63.89,64.28,64.38,263065
2026-08-18,SBINEQWETF,SBIAMC - SBINEQWETF,34.1,34.25,33.5,33.69,33.94,25251
2026-08-18,SBINMID150,SBIAMC - SBINMID150,23.47,23.56,23.39,23.55,23.47,7216
2026-08-18,SBISILVER,SBIAMC - SBISILVER,231.49,231.49,226.56,227.17,229.2,595004
2026-08-18,SBISMLETF,SBIAMC - SBISMLETF,18.67,18.67,18.32,18.37,18.36,49591
2026-08-18,SBIVALETF,SBIAMC - SBIVALETF,14.98,14.98,14.8,14.81,14.91,5779
2026-08-18,SETF10GILT,SBIAMC - SETF10GILT,265.22,266.72,265.01,265.39,266.01,1990
2026-08-18,SCHAEFFLER,SCHAEFFLER INDIA LIMITED,4013.2,4099.9,4012.6,4073.3,4028.9,107257
2026-08-18,SCHNEIDER,SCHNEIDER ELECTRIC INFRA,1212.2,1279.9,1212.2,1274.4,1212.2,1205149
2026-08-18,SCODATUBES,SCODA TUBES LIMITED,129.15,132.0,128.0,128.91,129.68,165867
2026-08-18,SEAMECLTD,SEAMEC LIMITED,1561.2,1599.0,1560.4,1574.7,1561.1,59689
2026-08-18,SECMARK,SECMARK CONSULTANCY LTD,125.0,126.5,124.5,124.97,127.66,261
2026-08-18,SECURKLOUD,SECUREKLOUD TECH LIMITED,18.2,18.58,17.36,18.08,17.92,11289
2026-08-18,SEDEMAC,SEDEMAC MECHATRONICS LTD,3268.0,3319.9,3215.7,3244.7,3240.2,116045
2026-08-18,SEJALLTD,SEJAL GLASS LIMITED,684.0,700.0,671.95,679.25,682.2,5304
2026-08-18,SELMC,SEL MANUFACTURING CO LTD,29.97,29.97,27.37,27.74,27.21,18881
2026-08-18,SEMAC,SEMAC CONSTRUCTION LTD,307.05,308.4,296.1,299.35,310.95,714
2026-08-18,SENCO,SENCO GOLD LIMITED,341.9,343.9,335.75,336.75,341.55,622417
2026-08-18,SENORES,SENORES PHARMACEUTICALS L,1549.7,1562.9,1525.5,1537.5,1545.7,238950
2026-08-18,SEPC,SEPC LIMITED,5.85,5.89,5.75,5.77,5.85,6799535
2026-08-18,SERVOTECH,SERVOTECH REN POW SYS LTD,82.55,84.9,81.96,82.19,82.55,538948
2026-08-18,STYL,SESHAASAI TECHNOLOGIES L,399.7,401.55,388.15,393.95,398.3,83694
2026-08-18,SESHAPAPER,SESHASAYEE PAPER & BOARDS,230.0,232.24,225.23,228.87,227.28,41361
2026-08-18,SGFIN,SG FINSERVE LIMITED,658.2,675.0,658.2,668.45,660.25,194499
2026-08-18,SGMART,SG MART LIMITED,750.65,809.0,744.0,804.95,752.3,907346
2026-08-18,SGLRES,SGL RESOURCES LIMITED,2.59,2.65,2.47,2.47,2.59,17830
2026-08-18,SHADOWFAX,SHADOWFAX TECHNOLOGIES L,259.3,262.7,252.48,257.38,258.6,5282600
2026-08-18,SHAHALLOYS,SHAH ALLOYS LIMITED,77.26,88.37,74.1,78.58,74.89,666283
2026-08-18,SHAH,SHAH METACORP LIMITED,4.02,4.1,3.93,3.96,4.03,2802292
2026-08-18,SHAILY,SHAILY ENG PLASTICS LTD,3395.0,3450.0,3350.0,3373.7,3396.3,67126
2026-08-18,SHAKTIPUMP,SHAKTI PUMPS (I) LTD,502.0,504.15,497.0,498.35,503.2,214342
2026-08-18,SHALBY,SHALBY LIMITED,152.26,156.2,151.25,152.7,153.16,31754
2026-08-18,SAHLIBHFI,SHALIBHADRA FINANCE LTD,72.5,72.5,69.3,70.0,72.0,12590
2026-08-18,SRD,SHANKAR LAL RAMPAL LTD,41.49,41.85,40.0,40.43,41.05,93989
2026-08-18,SHANKARA,SHANKARA BLDG PRODUCT LTD,141.11,142.0,141.01,141.52,141.1,57697
2026-08-18,BUILDPRO,SHANKARA BUILDPRO LIMITED,1240.0,1276.6,1232.0,1270.1,1244.2,50106
2026-08-18,SHANTIGEAR,SHANTHI GEARS LTD,391.2,396.3,384.0,388.95,393.35,17195
2026-08-18,SEIL,SHANTI EDU INITIATIVES L,211.03,211.36,204.51,205.69,211.03,136463
2026-08-18,SHANTIGOLD,SHANTI GOLD INTERNATION L,269.0,269.97,251.21,253.85,266.84,2594669
2026-08-18,SHANTI,SHANTI OVERSEAS INDIA LTD,6.55,6.55,6.2,6.49,6.33,81520
2026-08-18,SHINDL,SHARAT INDUSTRIES LTD.,162.29,162.29,159.05,159.21,161.84,4367
2026-08-18,SHARDACROP,SHARDA CROPCHEM LTD.,789.9,794.7,770.05,771.1,787.1,168472
2026-08-18,SHARDAMOTR,SHARDA MOTOR INDS LTD,909.0,938.45,903.55,936.2,909.5,90044
2026-08-18,SHAREINDIA,SHARE IND. SECURITIES LTD,173.74,178.79,171.21,178.08,174.96,753662
2026-08-18,SFL,SHEELA FOAM LIMITED,675.1,680.0,661.9,668.8,675.1,154723
2026-08-18,SCPL,SHEETAL COOL PRODUCTS LTD,654.55,672.65,640.0,662.65,657.95,63625
2026-08-18,SHERVANI,SHERVANI INDUSTRIAL SYN L,302.3,336.95,302.3,307.55,348.1,229
2026-08-18,SHILCTECH,SHILCHAR TECHNOLOGIES LTD,3861.0,3970.0,3861.0,3944.0,3871.0,29079
2026-08-18,SHILGRAVQ,SHILP GRAVURES LTD.,164.0,164.0,158.12,161.89,158.0,1506
2026-08-18,SHILPAMED,SHILPA MEDICARE LTD,808.0,823.0,807.8,809.8,809.3,606331
2026-08-18,SCILAL,SHIPPING CORP OF ILA LTD,40.0,40.79,39.62,40.52,40.19,261924
2026-08-18,SCI,SHIPPING CORP OF INDIA LT,285.0,297.45,284.1,295.75,286.4,2739647
2026-08-18,SHIVAUM,SHIV AUM STEELS LIMITED,446.0,448.95,442.0,442.0,445.1,1075
2026-08-18,SHIVACEM,SHIVA CEMENT LTD.,17.15,17.15,16.55,16.8,17.21,34643
2026-08-18,SHIVAAGRO,SHIVA GLOBAL AGRO INDS. L,45.9,45.9,37.01,40.18,38.3,6782
2026-08-18,SHIVAMILLS,SHIVA MILLS LIMITED,63.2,63.2,60.25,60.7,60.28,536
2026-08-18,SHIVATEX,SHIVA TEXYARN LIMITED,163.6,169.98,162.18,165.86,161.88,3052
2026-08-18,SBCL,SHIVALIK BIMETAL CON. LTD,1029.65,1049.0,1015.9,1026.85,1024.6,215379
2026-08-18,SHOPERSTOP,SHOPPERS STOP LIMITED,437.2,437.2,428.0,429.55,432.05,16934
2026-08-18,SHRADDHA,SHRADDHA PRIME PROJECTS L,164.95,165.0,153.5,155.0,150.71,3737
2026-08-18,SHRADHA,SHRADHA REALTY LIMITED,34.94,34.94,33.45,33.78,34.14,14679
2026-08-18,SHREEPUSHK,SHRE PUSH CHEM & FERT LTD,376.35,380.1,375.15,376.9,376.35,15558
2026-08-18,SAPPL,SHREE AJIT PULP & PAPER L,304.95,309.0,286.75,288.1,289.5,1405
2026-08-18,SHREECEM,SHREE CEMENT LIMITED,24625.0,24935.0,24545.0,24725.0,24535.0,39655
2026-08-18,SHREDIGCEM,SHREE DIGVIJAY CEM CO LTD,70.1,71.9,70.0,70.3,70.47,87311
2026-08-18,SGRL,SHREE GANESH REMEDIES LTD,512.0,542.0,512.0,524.2,537.0,7976
2026-08-18,SRTL,SHREE RAM TWISTEX LIMITED,39.05,39.7,39.0,39.59,39.12,13322
2026-08-18,SHREERAMA,SHREE RAMA MULTI TECH LTD,47.1,48.92,45.49,46.34,46.28,192506
2026-08-18,RAMANEWS,SHREE RAMA NEWSPRINT LTD,32.87,33.9,31.95,33.54,32.78,22579
2026-08-18,RENUKA,SHREE RENUKA SUGARS LTD,23.0,23.92,23.0,23.3,23.0,14002263
2026-08-18,BALAJEE,SHREE TIRUPATI BALAJEE L,27.97,27.97,26.1,26.85,27.25,63681
2026-08-18,SHREEJISPG,SHREEJI SHIPPING GLOBAL L,608.0,633.85,595.45,625.85,601.8,1716015
2026-08-18,OSWALSEEDS,SHREEOSWAL S AND CHE LTD,13.45,13.56,12.88,12.92,13.59,400753
2026-08-18,SHREYANIND,SHREYANS INDUSTRIES LTD,133.0,134.89,130.12,131.39,130.22,4857
2026-08-18,SHBAJRG,SHRI BAJRANG ALLIANCE L,184.0,184.0,175.99,177.13,181.14,1640
2026-08-18,SHRJAGP,SHRI JAGDAMBA POLYMERS L,701.05,751.95,686.0,700.8,728.5,589
2026-08-18,SHRIKRISH,SHRI KRISHNA DEVCON LTD.,38.55,38.97,38.0,38.46,40.3,709
2026-08-18,VASUPRADA,SHRI VASUPRADA PLANTATI L,99.0,99.0,96.06,96.06,96.0,522
2026-08-18,SHRINGARMS,SHRINGAR HOU OF MANGALS L,227.0,229.69,224.0,224.93,227.24,289461
2026-08-18,LIQUIDSHRI,SHRIRAM - LIQUIDSHRI,1117.76,1117.78,1117.76,1117.76,1117.64,20480
2026-08-18,SHRIRAMFIN,SHRIRAM FINANCE LIMITED,1114.0,1124.9,1098.6,1108.4,1122.0,2672734
2026-08-18,SHRIRAMPPS,SHRIRAM PROPERTIES LTD,76.5,79.49,76.5,77.98,76.27,341416
2026-08-18,SHUKRAPHAR,SHUKRA PHARMACEUTICALS L,42.48,42.78,41.51,41.55,41.44,1250990
2026-08-18,SHYAMMETL,SHYAM METALICS AND ENGY L,996.2,1003.0,985.5,990.6,986.9,423011
2026-08-18,SHYAMTEL,SHYAM TELECOM LIMITED,14.5,14.95,13.91,13.94,15.14,7220
2026-08-18,SICAGEN,SICAGEN INDIA LIMITED,56.95,56.95,53.66,54.84,56.46,51664
2026-08-18,ENRIN,SIEMENS ENERGY INDIA LTD,3600.0,3639.0,3580.0,3593.2,3605.7,182373
2026-08-18,SIEMENS,SIEMENS LTD,3940.2,3988.5,3936.4,3957.0,3943.0,120386
2026-08-18,SIGACHI,SIGACHI INDUSTRIES LTD,25.91,30.09,25.91,29.61,26.35,10361044
2026-08-18,SIGMAADV,SIGMA ADVANCED SYSTEM LTD,627.1,658.45,622.0,658.45,627.1,190567
2026-08-18,SIGMA,SIGMA SOLVE LIMITED,45.41,46.3,45.1,45.62,45.15,45133
2026-08-18,SIGNATURE,SIGNATUREGLOBAL INDIA LTD,806.0,810.2,792.2,800.95,805.05,173951
2026-08-18,SIGIND,SIGNET INDUSTRIES LIMITED,70.85,71.5,65.32,66.85,71.15,95414
2026-08-18,SIGNPOST,SIGNPOST INDIA LIMITED,266.6,277.05,265.4,273.4,267.55,78931
2026-08-18,SIKA,SIKA INTERPLANT SYSTEMS L,1078.9,1078.9,1025.2,1030.1,1052.9,26842
2026-08-18,SILINV,SIL INVESTMENTS LIMITED,447.0,454.75,441.0,450.65,449.65,1450
2026-08-18,SILGO,SILGO RETAIL LIMITED,69.97,69.97,68.5,69.14,68.79,178641
2026-08-18,SILLYMONKS,SILLY MONKS ENTERTAIN LTD,16.28,16.28,15.45,15.45,15.59,7877
2026-08-18,SILVERTUC,SILVER TOUCH TECHNO LTD,194.33,197.0,192.1,195.47,197.27,328326
2026-08-18,SIMPLEXINF,SIMPLEX INFRASTRUCTURES L,248.31,261.0,248.31,259.65,251.31,85223
2026-08-18,SIMPLXREA,SIMPLEX REALTY LTD.,123.61,136.0,123.61,130.0,130.11,10
2026-08-18,SINCLAIR,SINCLAIRS HOTELS LIMITED,74.72,75.87,74.5,74.98,74.64,11794
2026-08-18,SINDHUTRAD,SINDHU TRADE LINKS LTD,23.6,25.25,23.6,24.99,23.79,2323109
2026-08-18,SINGERIND,SINGER INDIA LIMITED,81.0,81.49,78.0,78.7,80.97,66886
2026-08-18,SINTERCOM,SINTERCOM INDIA LIMITED,83.5,85.0,78.11,83.64,82.64,3108
2026-08-18,SIRCA,SIRCA PAINT INDIA LIMITED,440.45,448.45,435.3,442.7,439.45,920331
2026-08-18,SIS,SIS LIMITED,416.1,420.7,412.45,413.6,416.45,117106
2026-08-18,SIYSIL,SIYARAM SILK MILLS LTD,634.45,651.85,632.0,643.75,632.6,93139
2026-08-18,SJS,SJS ENTERPRISES LIMITED,2446.9,2516.7,2410.2,2500.2,2534.5,222731
2026-08-18,SJVN,SJVN LTD,66.49,66.85,66.11,66.29,66.56,1069394
2026-08-18,SKFINDUS,SKF IND (INDUSTRIAL) LTD,2745.0,2745.0,2656.0,2667.6,2724.6,24273
2026-08-18,SKFINDIA,SKF INDIA LTD,1660.5,1678.0,1616.0,1621.4,1652.8,135424
2026-08-18,SKIPPER,SKIPPER LIMITED,528.05,542.5,525.95,538.95,530.7,303278
2026-08-18,SKMEGGPROD,SKM EGG PROD EXPORT(I) LT,259.42,266.0,257.35,258.6,259.42,232092
2026-08-18,SKYGOLD,SKY GOLD AND DIAMONDS LTD,778.0,800.0,775.0,795.05,776.4,703295
2026-08-18,SMARTWORKS,SMARTWORKS COWORKING SP L,495.0,515.7,491.6,508.5,494.95,140039
2026-08-18,SMCGLOBAL,SMC GLOBAL SECURITIES LTD,80.0,81.34,79.82,80.69,80.41,433148
2026-08-18,SMLMAH,SML MAHINDRA LIMITED,5264.5,5398.0,5200.0,5309.5,5321.0,90518
2026-08-18,SMSPHARMA,SMS PHARMACEUTICALS LTD.,358.1,363.0,352.75,359.35,358.1,126543
2026-08-18,SNOWMAN,SNOWMAN LOGISTICS LTD.,38.25,38.9,38.0,38.14,38.63,110597
2026-08-18,SOBHA,SOBHA LIMITED,1328.6,1329.9,1301.5,1308.3,1321.0,42674
2026-08-18,SOFTTECH,SOFTTECH ENGINEERS LTD,429.0,434.0,405.7,413.4,427.05,25770
2026-08-18,SOLARINDS,SOLAR INDUSTRIES (I) LTD,20100.0,20422.0,20030.0,20280.0,20000.0,178203
2026-08-18,SOLARA,SOLARA ACTIVE PHA SCI LTD,509.1,559.8,509.1,549.05,509.1,673349
2026-08-18,SOLARWORLD,SOLARWORLD ENERGY SOL LTD,154.25,160.0,154.25,157.66,153.71,641371
2026-08-18,SOLEX,SOLEX ENERGY LIMITED,792.0,840.0,789.95,809.05,789.0,77682
2026-08-18,SDBL,SOM DIST & BREW LTD,73.28,74.99,72.9,74.0,73.43,534803
2026-08-18,SOMATEX,SOMA TEXTILES & INDUST LT,90.01,90.44,86.5,88.38,91.0,15353
2026-08-18,SOMANYCERA,SOMANY CERAMICS LIMITED,521.5,522.6,511.0,512.35,518.9,195402
2026-08-18,SOMICONVEY,SOMI CONVEYOR BELT. LTD.,83.09,87.0,80.16,85.28,83.09,29198
2026-08-18,SONACOMS,SONA BLW PRECISION FRGS L,806.5,827.35,806.0,824.0,805.1,2864893
2026-08-18,SONAL,SONAL MERCANTILE LTD.,87.0,90.8,86.01,90.8,89.62,176
2026-08-18,SONAMLTD,SONAM LIMITED,58.4,61.94,57.22,60.31,57.39,428610
2026-08-18,SONATSOFTW,SONATA SOFTWARE LTD,322.45,322.45,308.0,309.45,320.4,1256335
2026-08-18,SOUTHWEST,SOUTH WEST PINNACLE LTD,226.96,248.49,218.52,221.35,226.28,2433833
2026-08-18,SPCENET,SPACENET ENTERS IND LTD,3.64,3.64,3.36,3.43,3.59,997803
2026-08-18,SPANDANA,SPANDANA SPHOORTY FIN LTD,247.5,247.5,240.0,240.35,247.5,154385
2026-08-18,SPELS,SPEL SEMICONDUCTOR LTD,152.3,152.3,148.01,148.87,150.68,21431
2026-08-18,SPENCERS,SPENCER S RETAIL LIMITED,31.89,31.89,31.0,31.16,31.27,29193
2026-08-18,SPIC,SPIC LTD,67.25,67.77,66.26,66.73,67.09,245920
2026-08-18,SPLIL,SPL INDUSTRIES LIMITED,30.98,31.8,29.8,30.14,31.07,13899
2026-08-18,SPMLINFRA,SPML INFRA LIMITED,195.7,198.78,192.99,194.47,197.0,145589
2026-08-18,SPORTKING,SPORTKING INDIA LIMITED,207.0,216.0,205.0,214.34,206.41,599126
2026-08-18,SHRIPISTON,SPR AUTO TECHNOLOGIES LTD,4500.0,4589.0,4410.2,4509.1,4436.6,130497
2026-08-18,SRHHYPOLTD,SREE RAYALSEEMA HHP LTD.,496.05,498.6,486.0,487.15,496.05,8821
2026-08-18,SREEL,SREELEATHERS LIMITED,261.0,262.0,250.4,254.43,260.75,23641
2026-08-18,SRF,SRF LTD,2603.4,2644.7,2603.4,2630.0,2616.0,238565
2026-08-18,SRGHFL,SRG HOUSING FINANCE L,266.0,268.6,255.05,259.1,266.35,4714
2026-08-18,HAVISHA,SRI HAVISHA HOSP & INFR L,1.42,1.49,1.33,1.39,1.4,148970
2026-08-18,SRIKPRIND,SRI KPR INDUSTRIES LTD.,20.5,21.48,19.4,20.69,20.21,1756
2026-08-18,SRM,SRM CONTRACTORS LIMITED,474.8,491.15,473.25,485.45,471.5,76445
2026-08-18,SETL,STANDARD ENGNG TCNLGY LTD,310.0,313.8,298.55,308.85,308.7,871096
2026-08-18,SIL,STANDARD INDUSTRIES LTD.,20.63,20.98,19.38,19.83,20.29,91235
2026-08-18,STANLEY,STANLEY LIFESTYLES LTD,135.02,137.9,134.5,135.0,136.65,92645
2026-08-18,STARCEMENT,STAR CEMENT LIMITED,197.1,202.04,195.75,199.02,199.06,375299
2026-08-18,STARHEALTH,STAR HEALTH & AL INS CO L,578.85,585.8,578.85,583.9,584.25,182916
2026-08-18,STARPAPER,STAR PAPER MILLS LTD,145.4,147.99,145.0,146.93,145.47,4331
2026-08-18,STARTECK,STARTECK FINANCE LIMITED,264.7,264.9,255.05,257.3,259.95,8611
2026-08-18,SBIN,STATE BANK OF INDIA,1059.6,1067.7,1053.0,1053.0,1061.2,5583771
2026-08-18,SAIL,STEEL AUTHORITY OF INDIA,173.5,174.67,169.86,170.2,173.6,11053548
2026-08-18,STEELCITY,STEEL CITY SECURITIES LTD,81.98,82.55,81.06,81.23,81.77,4041
2026-08-18,STEELXIND,STEEL EXCHANGE INDIA LTD,10.85,10.89,10.7,10.71,10.92,565175
2026-08-18,STLSTRINF,STEEL STRIPS INFRA L,22.78,22.78,17.35,19.1,18.99,6166
2026-08-18,SSWL,STEEL STRIPS WHEELS LTD.,309.5,319.0,309.0,315.25,309.5,504291
2026-08-18,STEELCAS,STEELCAST LIMITED,352.95,359.0,348.6,357.75,352.1,105385
2026-08-18,STEL,STEL HOLDINGS LIMITED,591.4,595.0,570.0,586.1,591.4,6585
2026-08-18,SGL,STL GLOBAL LIMITED,9.65,9.95,9.6,9.81,9.91,2558
2026-08-18,STLNETWORK,STL NETWORKS LIMITED,25.25,26.0,25.0,25.68,25.37,773042
2026-08-18,STOVEKRAFT,STOVE KRAFT LIMITED,748.5,776.6,740.3,774.25,748.5,105788
2026-08-18,STAR,STRIDES PHARMA SCI LTD,984.8,984.8,944.1,949.1,987.1,242012
2026-08-18,SWSOLAR,STRLNG & WIL REN ENE LTD,203.62,204.0,199.1,199.59,203.62,563510
2026-08-18,STUDDS,STUDDS ACCESSORIES LTD,450.0,451.45,443.6,449.0,448.05,56142
2026-08-18,STYLAMIND,STYLAM INDUSTRIES LIMITED,3555.0,3753.0,3545.0,3736.4,3582.4,97361
2026-08-18,STYRENIX,STYRENIX PERFORMANCE LTD,2178.0,2200.0,2147.7,2157.3,2181.6,28395
2026-08-18,SUBEXLTD,SUBEX LTD,14.11,16.93,14.08,16.49,14.11,44677415
2026-08-18,SUBROS,SUBROS LIMITED,760.0,768.95,740.0,746.25,762.2,67002
2026-08-18,SUDARSCHEM,SUDARSHAN CHEMICAL INDS L,1092.9,1145.0,1092.9,1130.6,1092.9,636441
2026-08-18,SUDARCOLOR,SUDARSHAN COLORNT IND LTD,409.1,409.35,396.0,400.3,409.1,8255
2026-08-18,SUDEEPPHRM,SUDEEP PHARMA LIMITED,1101.05,1112.4,1085.0,1104.1,1101.55,68410
2026-08-18,SUKHJITS,SUKHJIT STARCH & CHEM LTD,158.54,161.5,158.34,159.09,157.84,6456
2026-08-18,SULA,SULA VINEYARDS LIMITED,149.15,152.49,145.95,146.85,149.13,566729
2026-08-18,SUMEDHA,SUMEDHA FISCAL SERVICES L,36.6,45.0,36.6,39.45,45.01,6656
2026-08-18,SUMEETINDS,SUMEET IND LIMITED,14.14,14.28,13.38,13.42,14.08,4474212
2026-08-18,SUMIT,SUMIT WOODS LIMITED,54.7,56.24,51.61,54.67,53.51,23195
2026-08-18,SUMICHEM,SUMITOMO CHEM INDIA LTD,559.8,566.95,552.0,563.1,559.8,359927
2026-08-18,SUMMITSEC,SUMMIT SECURITIES LTD,1430.0,1460.0,1420.9,1428.8,1445.7,2063
2026-08-18,SPARC,SUN PHARMA ADV.RES.CO.LTD,197.36,199.08,191.88,192.93,197.36,710149
2026-08-18,SUNPHARMA,SUN PHARMACEUTICAL IND L,1890.0,1899.0,1868.3,1875.1,1882.0,1819169
2026-08-18,SUNTV,SUN TV NETWORK LIMITED,485.0,486.95,482.15,482.8,488.25,162286
2026-08-18,SUNCLAY,SUNDARAM CLAYTON LIMITED,1288.0,1297.1,1270.1,1292.1,1289.8,1984
2026-08-18,SUNDARMFIN,SUNDARAM FINANCE LTD,4525.0,4658.0,4510.0,4619.6,4523.9,81086
2026-08-18,SUNDARAM,SUNDARAM MULTI PAP LTD,1.16,1.24,1.15,1.23,1.13,1399675
2026-08-18,SUNDRMFAST,SUNDRAM FASTENERS LTD,1210.0,1244.8,1208.7,1228.3,1214.75,334446
2026-08-18,SUNDROP,SUNDROP BRANDS LIMITED,665.05,665.05,648.0,649.55,651.4,21332
2026-08-18,SUNFLAG,SUNFLAG IRON AND STEEL CO,362.9,363.9,355.75,357.4,360.75,84805
2026-08-18,SUNLOC,SUNIL HEALTHCARE LTD.,75.0,75.0,67.5,68.38,68.3,366
2026-08-18,SUNRAKSHAK,SUNRAKSHAKK INDUS IND L,379.9,380.5,370.05,376.95,378.4,6621
2026-08-18,SUNSHIEL,SUNSHIELD CHEMICALS LTD.,1260.0,1274.8,1225.0,1262.4,1228.0,1312
2026-08-18,SUNTECK,SUNTECK REALTY LIMITED,297.3,300.95,296.1,298.8,299.55,102965
2026-08-18,SUPTANERY,SUPER TANNERY LTD.,7.2,8.19,7.15,8.19,6.83,578158
2026-08-18,SUPERHOUSE,SUPERHOUSE LIMITED,167.43,168.2,167.4,168.2,169.12,1529
2026-08-18,SIEL,SUPERIOR INDUSTRIAL ENT L,38.57,38.57,38.57,38.57,35.07,4840
2026-08-18,SUPRAJIT,SUPRAJIT ENGINEERING LTD,517.1,530.85,516.2,527.8,520.75,69957
2026-08-18,SUPREME,SUPREME HOLDIN N HOSP I L,42.22,42.22,40.92,41.01,40.71,6328
2026-08-18,SUPREMEIND,SUPREME INDUSTRIES LTD,3590.0,3622.8,3580.0,3604.0,3590.0,105998
2026-08-18,SUPREMEINF,SUPREME INFRA. LTD.,89.3,92.4,86.0,87.06,90.66,51896
2026-08-18,SPLPETRO,SUPREME PETROCHEM LIMITED,727.95,727.95,705.0,707.0,723.45,45433
2026-08-18,SUPRIYA,SUPRIYA LIFESCIENCE LTD,784.0,824.0,781.6,801.65,784.0,388406
2026-08-18,SURAJEST,SURAJ ESTATE DEVELOPERS L,213.06,213.06,208.0,208.19,211.37,108902
2026-08-18,SURAJLTD,SURAJ LIMITED,218.01,222.98,207.0,209.45,218.0,8703
2026-08-18,SURAKSHA,SURAKSHA DIAGNOSTIC LTD,309.5,323.45,309.5,318.3,308.45,239783
2026-08-18,SURANASOL,SURANA SOLAR LIMITED,25.7,26.5,25.1,25.43,25.49,71147
2026-08-18,SURANAT&P,SURANA TELECOM AND POW LT,16.2,16.65,15.6,16.23,16.19,47156
2026-08-18,SBGLP,SURATWWALA BUS GROUP LTD,24.95,25.77,24.9,25.25,24.95,27925
2026-08-18,SURYAROSNI,SURYA ROSHNI LTD,221.27,226.84,221.27,223.44,221.27,445729
2026-08-18,SURYALAXMI,SURYALAKSHMI COT MIL LTD,57.94,59.99,56.31,58.64,57.66,3245
2026-08-18,SURYALA,SURYALATA SPINNING MILL L,379.0,385.0,375.0,382.95,371.35,313
2026-08-18,SURYODAY,SURYODAY SMALL FIN BK LTD,154.01,154.01,151.15,151.92,154.01,215534
2026-08-18,SUVEN,SUVEN LIFE SCIENCES LTD,333.0,344.2,321.15,339.9,333.05,572993
2026-08-18,SUVIDHAA,SUVIDHAA INFOSERVE LTD,2.49,2.53,2.43,2.46,2.49,115177
2026-08-18,SUYOG,SUYOG TELEMATICS LIMITED,820.05,834.4,787.3,801.2,813.85,25281
2026-08-18,SUZLON,SUZLON ENERGY LIMITED,48.95,48.95,47.47,47.78,49.0,62318243
2026-08-18,SVPGLOB,SVP GLOBAL TEXTILES LTD,3.87,3.89,3.75,3.77,3.87,17219
2026-08-18,SWANCORP,SWAN CORP LIMITED,305.5,307.35,303.95,304.55,305.2,798097
2026-08-18,SWARAJENG,SWARAJ ENGINES LTD,3635.0,3635.0,3580.0,3594.0,3628.6,5045
2026-08-18,SWARAJ,SWARAJ SUITING LIMITED,370.0,386.75,368.5,376.15,369.3,388900
2026-08-18,SWARNSAR,SWARNSARITA JEWELS IND L,33.4,36.85,33.1,33.98,36.06,9179
2026-08-18,SWELECTES,SWELECT ENERGY SYS LTD,626.85,645.45,617.5,623.85,629.7,38843
2026-08-18,SWIGGY,SWIGGY LIMITED,277.8,277.8,272.0,274.0,278.8,8346867
2026-08-18,SWISSMLTRY,SWISS MILITARY CON GOOD L,13.7,14.64,13.11,14.01,13.36,115984
2026-08-18,SYMPHONY,SYMPHONY LIMITED,621.5,623.95,615.0,615.65,620.55,46932
2026-08-18,SYNCOMF,SYNCOM FORMU (I) LTD,15.3,15.95,15.23,15.57,15.22,5350174
2026-08-18,SGIL,SYNERGY GREEN IND. LTD,550.2,559.8,550.0,551.2,549.65,14203
2026-08-18,SYNGENE,SYNGENE INTERNATIONAL LTD,404.55,408.9,402.3,404.1,403.0,335081
2026-08-18,SYRMA,SYRMA SGS TECHNOLOGY LTD,1489.9,1521.0,1488.9,1500.1,1467.9,2323890
2026-08-18,TGVSL,T G V SRAAC LTD.,106.02,107.99,104.75,105.17,106.54,81178
2026-08-18,TTL,T T LIMITED,6.1,6.8,6.02,6.48,6.15,240578
2026-08-18,TAALTECH,TAAL TECH LTD.,4248.2,4270.0,4169.4,4196.2,4238.8,2392
2026-08-18,TAINWALCHM,TAINWALA CHEMICAL AND PLA,210.58,217.18,207.2,214.72,208.5,5834
2026-08-18,TAJGVK,TAJ GVK HOTELS & RESORTS,334.95,347.0,332.5,345.15,337.5,142023
2026-08-18,TAKE,TAKE LIMITED,23.8,23.8,22.8,23.31,23.43,1387761
2026-08-18,TALBROAUTO,TALBROS AUTO. COMP. LTD,423.5,430.6,420.5,426.95,423.45,77394
2026-08-18,TMB,TAMILNAD MERCA BANK LTD,839.0,850.9,836.45,847.1,843.7,73206
2026-08-18,TNPL,TAMILNADU NEWSPRT & PAPER,141.0,142.95,136.52,138.07,140.88,248504
2026-08-18,TNPETRO,TAMILNADU PETROPRODUCTS L,115.0,118.19,111.78,112.45,114.16,834956
2026-08-18,TNTELE,TAMILNADU TELECOMMUNICATI,9.0,9.14,8.91,9.06,8.96,16035
2026-08-18,TANAA,TANEJA AEROSPACE & AVIA L,308.5,317.0,298.1,313.85,300.95,8980
2026-08-18,TANLA,TANLA PLATFORMS LIMITED,571.0,578.5,555.5,576.75,573.5,773554
2026-08-18,TARACHAND,TARA CHAND INFRA SOLN LTD,47.12,47.44,46.01,46.96,47.12,80945
2026-08-18,TARAPUR,TARAPUR TRANSFORMERS LTD,14.33,15.68,14.04,15.16,14.33,64238
2026-08-18,TARC,TARC LIMITED,124.05,124.05,120.1,120.81,124.36,377025
2026-08-18,TARMAT,TARMAT LIMITED,56.99,56.99,53.3,53.83,55.98,32411
2026-08-18,TARSONS,TARSONS PRODUCTS LIMITED,365.0,365.0,332.0,336.65,361.5,1199370
2026-08-18,TASTYBITE,TASTY BITE EATABLES LTD,10098.5,10399.0,9903.5,10142.5,10014.5,24438
2026-08-18,TATACAP,TATA CAPITAL LIMITED,357.5,363.9,355.1,363.15,359.25,854053
2026-08-18,TATACHEM,TATA CHEMICALS LTD,663.0,667.05,651.0,653.0,662.9,325477
2026-08-18,TATACOMM,TATA COMMUNICATIONS LTD,1700.1,1709.2,1682.0,1689.8,1711.9,357284
2026-08-18,TCS,TATA CONSULTANCY SERV LT,2300.0,2307.0,2280.0,2280.0,2313.2,1797822
2026-08-18,TATACONSUM,TATA CONSUMER PRODUCT LTD,1075.5,1079.1,1061.6,1061.6,1072.6,939925
2026-08-18,TATAELXSI,TATA ELXSI LIMITED,3759.0,3759.0,3656.0,3662.0,3760.0,192129
2026-08-18,TATAINVEST,TATA INVESTMENT CORP LTD,654.55,659.35,645.3,647.2,654.55,175566
2026-08-18,TMCV,TATA MOTORS LIMITED,467.0,474.9,463.5,471.65,470.4,6376666
2026-08-18,TMPV,TATA MOTORS PASS VEH LTD,330.5,331.7,322.8,322.8,330.2,9865820
2026-08-18,TATAPOWER,TATA POWER CO LTD,378.4,382.05,378.4,381.0,381.5,2827459
2026-08-18,TATASTEEL,TATA STEEL LIMITED,186.34,187.11,184.33,185.5,186.0,13393441
2026-08-18,TATATECH,TATA TECHNOLOGIES LIMITED,840.0,844.7,815.2,835.8,841.65,1516377
2026-08-18,TTML,TATA TELESERV(MAHARASTRA),38.0,38.35,37.6,37.85,38.15,914895
2026-08-18,NETF,TATAAML - NETF,264.66,264.66,263.0,263.21,265.2,860
2026-08-18,NPBET,TATAAML - NPBET,283.28,285.5,281.54,285.04,283.33,4184
2026-08-18,TNIDETF,TATAAML - TNIDETF,93.12,93.12,89.43,89.72,90.85,152705
2026-08-18,TATAGOLD,TATAAML-TATAGOLD,14.47,15.22,14.47,14.85,14.85,31734829
2026-08-18,TATSILV,TATAAML-TATSILV,22.13,22.9,22.13,22.49,22.7,24258207
2026-08-18,TATVA,TATVA CHIN PHARM CHEM LTD,1686.0,1700.8,1639.7,1669.6,1685.8,83030
2026-08-18,TBOTEK,TBO TEK LIMITED,1720.0,1725.5,1671.5,1708.2,1700.0,371186
2026-08-18,TCC,TCC CONCEPT LIMITED,252.25,255.45,250.1,253.05,256.3,13533
2026-08-18,TCIEXP,TCI EXPRESS LIMITED,566.75,573.45,551.5,555.2,566.75,36942
2026-08-18,TCPLPACK,TCPL PACKAGING LIMITED,4037.9,4264.0,4016.9,4234.8,4037.6,42484
2026-08-18,TDPOWERSYS,TD POWER SYSTEMS LTD.,1549.0,1597.7,1529.2,1586.6,1548.8,1797894
2026-08-18,TEAMGTY,TEAM INDIA GUARANTY LTD,230.0,238.0,226.24,234.97,224.2,25080
2026-08-18,TEAMLEASE,TEAMLEASE SERVICES LTD.,1228.1,1261.4,1228.1,1246.5,1239.6,16967
2026-08-18,TPHQ,TEAMO PRODUCTIONS HQ LTD,0.61,0.63,0.54,0.63,0.58,33421785
2026-08-18,TECHM,TECH MAHINDRA LIMITED,1605.0,1608.0,1579.9,1592.0,1610.0,1904893
2026-08-18,TECHNOE,TECHNO ELEC & ENG CO. LTD,965.0,1018.0,957.55,1002.45,959.15,444335
2026-08-18,TIIL,TECHNOCRAFT IND LTD,3090.0,3359.9,3090.0,3280.2,3097.2,190168
2026-08-18,TECHNOCRAF,TECHNOCRAFT VENTURES LTD,296.0,306.9,292.0,304.79,299.94,2132502
2026-08-18,TECHNVISN,TECHNVISION VENTURES LTD.,5122.2,5122.2,4792.9,5014.4,5045.1,688
2026-08-18,TECILCHEM,TECIL CHEMICALS,8.78,8.78,8.1,8.54,8.39,5093
2026-08-18,TEGA,TEGA INDUSTRIES LIMITED,1744.0,1744.0,1702.1,1733.9,1744.0,68894
2026-08-18,TEJASNET,TEJAS NETWORKS LIMITED,522.0,529.6,517.3,519.3,522.85,757795
2026-08-18,TEMBO,TEMBO GLOBAL IND LTD,60.35,61.75,59.05,59.75,60.35,1565063
2026-08-18,TENNIND,TENNECO CLEAN AIR INDIA L,548.7,560.0,548.0,550.3,548.45,1493025
2026-08-18,TERASOFT,TERA SOFTWARE LIMITED,337.0,357.7,327.0,344.15,336.7,24791
2026-08-18,TERAI,TERAI TEA CO. LTD.,124.0,124.0,124.0,124.0,124.6,7
2026-08-18,TEXINFRA,TEXMACO INFRA & HOLDG LTD,109.47,109.48,103.5,107.05,107.85,120182
2026-08-18,TEXRAIL,TEXMACO RAIL & ENG. LTD.,106.9,106.94,104.2,104.72,106.89,601008
2026-08-18,TEXMOPIPES,TEXMO PIPE & PRODUCTS LTD,45.73,45.99,44.26,45.11,45.62,27739
2026-08-18,TGBHOTELS,TGB BANQUETS&HOTELS LTD,9.5,9.5,9.07,9.2,9.2,7361
2026-08-18,THAKDEV,THAKKERS DEVELOPERS LTD.,152.0,160.0,140.0,154.79,154.18,1102
2026-08-18,THANGAMAYL,THANGAMAYIL JEWELLERY LTD,5328.0,5499.0,5321.0,5481.5,5336.5,92660
2026-08-18,ANUP,THE ANUP ENGINEERING LTD,1832.0,1852.8,1811.9,1825.2,1834.5,17978
2026-08-18,GESHIP,THE GE SHPG.LTD,1274.0,1326.0,1269.1,1302.9,1274.9,1019929
2026-08-18,GROBTEA,THE GROB TEA COMPANY LTD,953.8,953.8,935.4,944.0,953.8,45
2026-08-18,INDIACEM,THE INDIA CEMENTS LIMITED,376.15,377.95,372.05,374.5,376.15,73424
2026-08-18,INDHOTEL,THE INDIAN HOTELS CO. LTD,717.0,721.8,712.5,719.0,720.0,1151586
2026-08-18,THEINVEST,THE INVEST TRUST OF IND L,98.0,101.69,97.01,99.09,98.68,4700
2026-08-18,NIACL,THE NEW INDIA ASSU CO LTD,183.6,185.9,182.73,184.08,183.64,1033947
2026-08-18,PKTEA,THE P K TEA PROD CO LTD,704.5,733.0,675.25,723.75,704.5,77
2026-08-18,PHOENIXLTD,THE PHOENIX MILLS LTD,1938.1,1940.0,1905.1,1940.0,1929.8,456494
2026-08-18,RAMCOCEM,THE RAMCO CEMENTS LIMITED,922.6,924.25,897.15,909.8,922.6,232980
2026-08-18,SOUTHBANK,THE SOUTH INDIAN BANK LTD,45.21,45.5,44.9,45.09,45.22,5224750
2026-08-18,STCINDIA,THE STATE TRADING CORPN,116.95,117.69,116.02,116.68,116.81,15827
2026-08-18,UGARSUGAR,THE UGAR SUGAR WORKS LTD,53.49,55.14,50.16,50.77,52.18,1577009
2026-08-18,WIPL,THE WESTERN INDIA PLY LTD,165.97,168.39,161.25,162.18,165.97,9774
2026-08-18,THEJO,THEJO ENGINEERING LIMITED,2129.0,2142.6,2044.0,2051.4,2118.1,5961
2026-08-18,THEMISMED,THEMIS MEDICARE LTD.,104.44,107.5,104.09,106.82,104.09,83550
2026-08-18,THERMAX,THERMAX LTD,4170.0,4188.2,4055.4,4079.9,4141.4,126453
2026-08-18,TIRUMALCHM,THIRUMALAI CHEMICALS LTD,155.0,157.39,150.4,151.34,154.73,361181
2026-08-18,THOMASCOOK,THOMAS COOK (INDIA) LTD,103.75,104.43,102.0,102.4,103.68,444214
2026-08-18,THOMASCOTT,THOMAS SCOTT (INDIA) LTD,293.0,297.15,276.0,278.8,301.1,360674
2026-08-18,THYROCARE,THYROCARE TECH LTD,623.4,623.4,603.4,608.25,618.6,281037
2026-08-18,TIGERLOGS,TIGER LOGISTICS (INDIA) L,26.8,28.0,26.31,27.98,27.08,1144954
2026-08-18,TIJARIA,TIJARIA POLYPIPES LTD,5.67,5.85,5.53,5.68,5.55,95181
2026-08-18,TI,TILAKNAGAR INDUSTRIES LTD,583.0,593.0,579.2,582.8,580.55,917349
2026-08-18,TIMETECHNO,TIME TECHNOPLAST LTD.,189.0,191.7,185.02,185.67,189.61,1402919
2026-08-18,TIMEX,TIMEX GROUP INDIA LTD.,548.0,569.4,545.15,549.2,541.3,542921
2026-08-18,TIMKEN,TIMKEN INDIA LTD.,3300.0,3324.7,3289.1,3299.5,3290.5,10814
2026-08-18,TINNARUBR,TINNA RUBBER AND INFR LTD,1049.0,1080.0,1032.0,1065.1,1030.3,51796
2026-08-18,TIPSFILMS,TIPS FILMS LIMITED,339.85,345.45,332.05,335.85,341.55,5512
2026-08-18,TIPSMUSIC,TIPS MUSIC LIMITED,656.25,662.4,650.0,655.7,656.25,195220
2026-08-18,TITAGARH,TITAGARH RAIL SYSTEMS LTD,820.45,848.0,813.5,841.4,820.95,435134
2026-08-18,TITAN,TITAN COMPANY LIMITED,5060.0,5094.9,5042.5,5048.6,5068.5,354873
2026-08-18,TOKYOPLAST,TOKYO PLAST INTL LTD,79.9,79.9,77.02,77.2,79.9,67
2026-08-18,TOLINS,TOLINS TYRES LIMITED,96.4,97.64,95.0,95.55,97.08,32207
2026-08-18,TORNTPHARM,TORRENT PHARMACEUTICALS L,4900.0,5009.0,4876.0,4971.0,4900.0,426573
2026-08-18,TORNTPOWER,TORRENT POWER LTD,1313.0,1319.0,1259.0,1264.1,1312.8,356402
2026-08-18,TOTAL,TOTAL TRANSPORT SYS LTD,66.99,70.99,64.1,68.56,65.07,54145
2026-08-18,TOUCHWOOD,TOUCHWOOD ENTERTAIN LTD.,62.99,63.95,61.11,61.85,62.68,1386
2026-08-18,TFCILTD,TOURISM FINANCE CORP. OF,121.4,125.99,121.38,123.7,120.28,17194399
2026-08-18,TOYAMSL,TOYAM SPORTS LTD.,0.69,0.69,0.66,0.67,0.67,417557
2026-08-18,TPLPLASTEH,TPL PLASTECH LIMITED,77.02,79.0,76.31,78.76,77.25,115355
2026-08-18,TRACXN,TRACXN TECHNOLOGIES LTD,29.25,29.72,28.57,29.04,29.07,71590
2026-08-18,TARIL,TRANS & RECTI. LTD,296.1,299.3,295.15,297.5,296.3,603889
2026-08-18,TRANSCOR,TRANSCORP INTERNATIONAL L,23.66,24.73,23.65,24.61,24.26,357
2026-08-18,TREL,TRANSINDIA REAL ESTATE L,26.05,27.19,26.04,26.79,26.05,191146
2026-08-18,TCI,TRANSPORT CORPN OF INDIA,905.6,913.45,901.0,910.3,907.65,13317
2026-08-18,TRANSRAILL,TRANSRAIL LIGHTING LTD,463.2,465.6,457.7,459.0,464.85,290403
2026-08-18,TFL,TRANSWARRANTY FIN. LTD.,11.5,11.55,11.05,11.07,11.34,7008
2026-08-18,TRAVELFOOD,TRAVEL FOOD SERVICES LTD,1363.0,1389.3,1315.2,1346.4,1358.2,131141
2026-08-18,TREEHOUSE,TREE HOUSE EDU LTD,6.31,6.31,6.01,6.29,5.93,4664
2026-08-18,TREJHARA,TREJHARA SOLUTIONS LTD,170.99,170.99,162.01,166.95,163.76,18380
2026-08-18,TRENT,TRENT LTD,2946.1,2980.4,2932.1,2942.1,2946.0,718320
2026-08-18,TRF,TRF LIMITED,230.58,233.27,228.01,231.11,230.57,11809
2026-08-18,TBZ,TRIB BHIMJI ZAVERI LTD,241.5,252.1,241.45,251.05,243.7,437112
2026-08-18,TRIDENT,TRIDENT LIMITED,24.59,25.09,24.4,24.47,24.57,3695179
2026-08-18,TRIGYN,TRIGYN TECHNOLOGIES LTD,55.3,56.43,54.5,55.51,55.3,27389
2026-08-18,TRITONV,TRITON VALVES LTD.,1174.9,1190.0,1120.1,1146.1,1148.6,3434
2026-08-18,TRIVENI,TRIVENI ENGG. & INDS. LTD,280.0,284.39,273.75,276.52,279.64,1009099
2026-08-18,TRITURBINE,TRIVENI TURBINE LIMITED,597.65,601.9,579.0,581.9,597.9,1323165
2026-08-18,TRUALT,TRUALT BIOENERGY LIMITED,483.9,483.9,469.9,474.5,479.25,309251
2026-08-18,TRU,TRUCAP FINANCE LIMITED,4.87,4.9,4.35,4.41,4.48,222326
2026-08-18,TSFINV,TSF INVESTMENTS LIMITED,420.6,421.4,415.0,416.2,420.4,21032
2026-08-18,TTKHLTCARE,TTK HEALTHCARE LIMITED,1134.0,1155.0,1101.3,1114.1,1138.4,21545
2026-08-18,TTKPRESTIG,TTK PRESTIGE LTD,590.05,599.0,589.05,594.6,592.1,32667
2026-08-18,TIINDIA,TUBE INVEST OF INDIA LTD,2755.8,2989.0,2755.8,2959.0,2741.4,4188005
2026-08-18,TURTLEMINT,TURTLEMINT FINTECH SOLS L,147.15,158.5,144.11,145.75,150.15,9091389
2026-08-18,TUTIALKA,TUTICORIN ALKAL CH & FE L,59.79,59.79,56.17,56.33,56.71,2905
2026-08-18,TVTODAY,TV TODAY NETWORK LTD,110.93,114.05,110.93,113.46,110.93,31820
2026-08-18,TVSELECT,TVS ELECTRONICS LTD,450.05,459.45,445.9,450.45,450.35,31392
2026-08-18,TVSHLTD,TVS HOLDINGS LIMITED,14136.0,14201.0,13870.0,14096.0,14072.0,3210
2026-08-18,TVSMOTOR,TVS MOTOR COMPANY  LTD,4373.9,4407.1,4341.2,4356.8,4385.9,444890
2026-08-18,TVSSRICHAK,TVS SRICHAKRA LIMITED,4839.8,4930.0,4681.0,4746.8,4868.9,65248
2026-08-18,TVSSCS,TVS SUPPLY CHAIN SOL L,122.4,123.48,121.25,122.17,121.48,278268
2026-08-18,UPHOT,U P HOTELS LTD.,1448.0,1448.0,1448.0,1448.0,1400.0,2
2026-08-18,UCAL,UCAL LIMITED,154.4,156.99,147.02,152.31,151.87,131245
2026-08-18,UCOBANK,UCO BANK,25.98,26.13,25.85,25.9,26.11,1487265
2026-08-18,UDAYJEW,UDAY JEWELLERY INDS. LTD.,145.65,149.0,144.8,144.97,145.36,11329
2026-08-18,USK,UDAYSHIVAKUMAR INFRA LTD,21.2,22.85,21.2,22.43,21.83,36934
2026-08-18,UFLEX,UFLEX LIMITED,615.0,630.45,585.55,613.3,586.05,6025632
2026-08-18,UFO,UFO MOVIEZ INDIA LTD.,67.88,67.88,65.78,66.08,66.47,28917
2026-08-18,UGROCAP,UGRO CAPITAL LIMITED,92.8,93.39,90.5,90.8,92.75,364000
2026-08-18,UEL,UJAAS ENERGY LIMITED,211.36,211.36,211.36,211.36,222.48,3059
2026-08-18,UJJIVANSFB,UJJIVAN SMALL FINANC BANK,71.98,72.64,71.13,72.33,72.21,11368755
2026-08-18,ULTRAMAR,ULTRAMARINE & PIGMENTS L,396.2,405.0,392.8,401.0,394.2,28858
2026-08-18,ULTRACEMCO,ULTRATECH CEMENT LIMITED,11626.0,11674.0,11499.0,11499.0,11681.0,210406
2026-08-18,UMIYA-MRO,UMIYA BUILDCON LIMITED,90.0,90.45,88.26,88.43,89.01,9062
2026-08-18,UNICHEMLAB,UNICHEM LABORATORIES LTD,548.8,552.9,521.6,529.6,543.3,120244
2026-08-18,UNIECOM,UNICOMMERCE ESOLUTIONS L,84.94,89.18,84.1,87.9,84.95,504725
2026-08-18,UNIINFO,UNIINFO TELECOM SERVI LTD,11.4,12.25,11.25,11.37,11.69,6626
2026-08-18,UNIMECH,UNIMECH AEROSPACE N MFG L,1512.4,1552.9,1498.0,1517.4,1511.3,194130
2026-08-18,UNIONBANK,UNION BANK OF INDIA,187.99,190.58,185.5,185.5,188.9,6684017
2026-08-18,UNIONGOLD,UNIONAMC - UNIONGOLD,149.95,151.4,149.15,149.35,149.25,3203
2026-08-18,UNIPARTS,UNIPARTS INDIA LIMITED,801.15,837.7,801.15,825.85,801.15,223637
2026-08-18,UNIENTER,UNIPHOS ENTERPRISES LTD,97.5,99.0,96.0,97.85,95.59,8142
2026-08-18,UNITECH,UNITECH LTD,3.98,4.15,3.94,4.01,3.95,7059952
2026-08-18,UBL,UNITED BREWERIES LTD,1365.0,1381.2,1349.1,1355.5,1367.9,61635
2026-08-18,UNITEDTEA,UNITED NILGIRI TEA LTD,455.25,464.9,451.0,452.05,455.65,10119
2026-08-18,UNITDSPR,UNITED SPIRITS LIMITED,1550.0,1550.0,1520.0,1520.9,1545.0,328688
2026-08-18,UNIVCABLES,UNIVERSAL CABLES LTD,1725.9,1771.2,1701.0,1745.0,1724.6,125726
2026-08-18,UNOMINDA,UNO MINDA LIMITED,1272.5,1281.2,1263.0,1273.0,1269.9,452660
2026-08-18,UDS,UPDATER SERVICES LIMITED,211.97,212.79,203.12,210.79,211.72,266717
2026-08-18,UPL,UPL LIMITED,570.0,570.05,560.0,560.05,567.1,1746720
2026-08-18,URBANCO,URBAN COMPANY LIMITED,144.56,146.7,143.01,144.97,144.6,11131114
2026-08-18,URJA,URJA GLOBAL LIMITED,9.4,9.47,9.36,9.41,9.46,508788
2026-08-18,UMESLTD,USHA MARTIN EDU & SOL LTD,6.02,6.02,5.66,5.88,6.02,11809
2026-08-18,USHAMART,USHA MARTIN LTD.,498.1,504.9,494.0,498.8,498.05,500681
2026-08-18,UTIAMC,UTI ASSET MNGMT CO LTD,910.0,910.0,893.15,894.6,907.3,75764
2026-08-18,LIQUIDBETA,UTIAMC - LIQUIDBETA,1004.65,1004.65,1004.63,1004.63,1004.49,118
2026-08-18,BANKBETA,UTIAMC-BANKBETA,59.63,59.72,59.25,59.33,59.77,1801535
2026-08-18,GILT10BETA,UTIAMC-GILT10BETA,26.97,26.97,26.44,26.84,26.91,622
2026-08-18,GILT5BETA,UTIAMC-GILT5BETA,66.76,67.13,65.81,66.4,66.43,25765
2026-08-18,ITBETA,UTIAMC-ITBETA,325.0,327.62,312.2,320.99,327.67,3536
2026-08-18,MIDCAPBETA,UTIAMC-MIDCAPBETA,237.84,238.07,235.8,236.0,237.8,717
2026-08-18,NEXT50BETA,UTIAMC-NEXT50BETA,80.03,80.68,80.02,80.2,80.47,117114
2026-08-18,NIFTYBETA,UTIAMC-NIFTYBETA,273.26,273.26,267.97,268.59,270.55,49986
2026-08-18,SENSEXBETA,UTIAMC-SENSEXBETA,858.0,862.0,856.0,858.23,857.51,462
2026-08-18,SILVERBETA,UTIAMC-SILVERBETA,225.78,225.78,223.27,223.9,225.93,386169
2026-08-18,SNXT50BETA,UTIAMC-SNXT50BETA,96.62,97.29,96.14,96.79,96.62,484
2026-08-18,GOLDBETA,UTIAMC-UTIGOLDBETA,128.55,129.1,128.45,128.7,128.75,308476
2026-08-18,UTKARSHBNK,UTKARSH SMALL FIN BANK L,13.91,14.18,13.91,14.05,14.04,1567677
2026-08-18,UTTAMSUGAR,UTTAM SUGAR MILLS LTD.,283.59,296.55,282.08,290.32,283.0,559821
2026-08-18,VTMLTD,V T M LTD.,47.99,48.5,46.58,46.79,46.94,10316
2026-08-18,VGUARD,V-GUARD IND LTD.,347.0,350.0,332.5,333.4,343.95,868328
2026-08-18,V2RETAIL,V2 RETAIL LIMITED,219.25,220.8,217.72,219.58,218.85,662694
2026-08-18,WABAG,VA TECH WABAG LTD,1890.0,1995.0,1890.0,1980.6,1897.6,649541
2026-08-18,VADILALIND,VADILAL INDUSTRIES LTD,7448.5,7575.0,7311.0,7429.5,7411.0,23467
2026-08-18,VAIBHAVGBL,VAIBHAV GLOBAL LIMITED,226.85,229.75,222.55,223.5,226.45,289169
2026-08-18,VAISHALI,VAISHALI PHARMA LIMITED,8.6,8.6,8.32,8.41,8.34,58949
2026-08-18,VAKRANGEE,VAKRANGEE LIMITED,5.84,5.87,5.7,5.78,5.85,816973
2026-08-18,VALIANTLAB,VALIANT LABORATORIES LTD,90.85,90.85,88.27,90.85,86.53,405249
2026-08-18,DBREALTY,VALOR ESTATE LIMITED,109.0,109.05,105.56,106.48,108.51,562777
2026-08-18,VHL,VARDHMAN HOLDINGS LIMITED,3430.0,3519.4,3420.0,3439.5,3473.8,435
2026-08-18,VARDMNPOLY,VARDHMAN POLYTEX LTD.,6.4,6.49,6.14,6.23,6.19,228744
2026-08-18,VSSL,VARDHMAN SPC STEEL LTD,362.85,364.45,351.0,359.2,361.55,150777
2026-08-18,VTL,VARDHMAN TEXTILES LIMITED,606.2,611.0,587.65,598.9,605.25,253029
2026-08-18,VARROC,VARROC ENGINEERING LTD.,845.0,862.3,837.0,843.9,847.75,314883
2026-08-18,VBL,VARUN BEVERAGES LIMITED,434.9,443.3,434.6,439.3,433.85,4034092
2026-08-18,VGL,VARVEE GLOBAL LIMITED,59.3,59.3,56.0,58.44,59.3,30601
2026-08-18,VASCONEQ,VASCON ENGINEERS LTD,31.29,31.35,30.5,30.67,31.13,408114
2026-08-18,VASWANI,VASWANI IND LTD,48.49,48.49,46.78,47.69,47.96,23950
2026-08-18,VCL,VAXTEX COTFAB LIMITED,1.85,1.85,1.85,1.85,1.77,223453
2026-08-18,MANYAVAR,VEDANT FASHIONS LIMITED,541.85,543.3,530.0,536.9,541.85,260410
2026-08-18,VAML,VEDANTA ALUMINIUM METAL L,441.5,451.3,438.8,445.95,441.5,9182365
2026-08-18,VISL,VEDANTA IRON AND STEEL L,37.9,38.48,37.02,37.41,37.97,17356679
2026-08-18,VEDL,VEDANTA LIMITED,268.9,270.5,264.0,264.0,269.7,9772133
2026-08-18,VOGL,VEDANTA OIL AND GAS LTD,37.66,37.97,37.0,37.14,37.66,18906816
2026-08-18,VEDPOWER,VEDANTA POWER LIMITED,36.49,37.14,36.13,36.18,36.59,17816221
2026-08-18,VEDAVAAG,VEDAVAAG SYSTEMS LTD.,19.16,19.43,18.5,18.98,19.15,23007
2026-08-18,VEEDOL,VEEDOL CORPORATION LTD,1521.6,1525.9,1504.0,1511.3,1521.6,6403
2026-08-18,VENKEYS,VENKY S (INDIA) LIMITED,1534.9,1546.8,1509.1,1514.8,1531.0,22957
2026-08-18,VENTIVE,VENTIVE HOSPITALITY LTD,590.0,595.45,580.2,585.7,592.2,11577
2026-08-18,VENUSPIPES,VENUS PIPES & TUBES LTD,1603.7,1603.7,1560.0,1572.2,1596.5,39349
2026-08-18,VERANDA,VERANDA LEARNING SOL LTD,238.0,242.8,233.8,240.0,235.1,165468
2026-08-18,VESUVIUS,VESUVIUS INDIA LTD,442.4,442.4,430.0,434.9,440.65,44335
2026-08-18,VSTL,VIBHOR STEEL TUBES LTD,106.87,108.0,105.11,106.44,106.87,6346
2026-08-18,VGCL,VIBRANT GLOBAL CAPITAL L,57.48,61.5,57.48,58.21,60.5,726
2026-08-18,VIDHIING,VIDHI SPCLTY F INGRDNTS L,322.7,329.9,313.55,325.9,319.2,52151
2026-08-18,VIDYAWIRES,VIDYA WIRES LIMITED,89.0,89.51,88.0,88.07,89.4,462465
2026-08-18,VIJSOLX,VIJAY SOLVEX LTD.,675.0,714.9,675.0,700.0,692.5,251
2026-08-18,VIJAYA,VIJAYA DIAGNOSTIC CEN LTD,1505.0,1521.3,1491.0,1497.3,1506.6,92774
2026-08-18,VIKASECO,VIKAS ECOTECH LIMITED,1.1,1.1,1.07,1.08,1.09,2549314
2026-08-18,VIKASLIFE,VIKAS LIFECARE LIMITED,1.24,1.24,1.22,1.22,1.23,1767391
2026-08-18,VIKRAMSOLR,VIKRAM SOLAR LIMITED,185.0,186.75,175.5,177.11,183.1,22684269
2026-08-18,VIKRAN,VIKRAN ENGINEERING LTD,62.48,62.84,60.8,61.09,62.54,962402
2026-08-18,VIMTALABS,VIMTA LABS LIMITED,624.0,627.8,617.0,621.2,623.45,92845
2026-08-18,VINATIORGA,VINATI ORGANICS LTD,1344.2,1370.8,1333.3,1338.5,1344.2,26064
2026-08-18,VINDHYATEL,VINDHYA TELELINKS LTD,2494.0,2540.0,2440.0,2485.7,2486.6,36075
2026-08-18,VINEETLAB,VINEET LABORATORIES LTD,37.36,37.79,36.0,36.33,37.36,152932
2026-08-18,VINNY,VINNY OVERSEAS LIMITED,1.07,1.07,1.05,1.05,1.06,172261
2026-08-18,VINCOFE,VINTAGE COFFEE N BVRGS L,146.15,148.7,143.85,148.16,146.28,2360756
2026-08-18,VINYLINDIA,VINYL CHEMICALS (I) LTD.,236.57,243.3,234.94,239.73,236.57,7553
2026-08-18,VIPCLOTHNG,VIP CLOTHING LIMITED,20.58,20.9,20.0,20.17,20.59,22881
2026-08-18,VIPIND,VIP INDUSTRIES LTD,300.0,311.7,299.8,309.4,300.5,293364
2026-08-18,VIRAT,VIRAT INDUSTRIES LTD.,350.4,350.4,268.05,343.0,335.0,330
2026-08-18,VIRINCHI,VIRINCHI LIMITED,15.57,15.57,14.75,15.04,15.03,53428
2026-08-18,VIRTUALG,VIRTUAL GLOBAL EDU LTD,0.41,0.42,0.4,0.42,0.41,197952
2026-08-18,VOEPL,VIRTUOSO OPTOELECTRONIC L,495.0,499.5,471.95,477.85,490.4,54797
2026-08-18,VISACHROME,VISA CHROME LIMITED,38.41,38.79,37.65,37.89,38.41,13045
2026-08-18,VIVIDHA,VISAGAR POLYTEX LTD,0.54,0.54,0.51,0.53,0.53,424742
2026-08-18,VISAKAIND,VISAKA INDUSTRIES LIMITED,92.4,98.89,92.39,95.5,92.0,592817
2026-08-18,VISHAL,VISHAL FABRICS LTD.,18.48,18.56,17.9,17.98,18.12,35825
2026-08-18,VMM,VISHAL MEGA MART LIMITED,105.8,106.17,103.67,103.71,105.5,5298866
2026-08-18,VISHNU,VISHNU CHEMICALS LIMITED,618.5,662.0,615.15,637.5,618.25,577546
2026-08-18,VPRPL,VISHNU PRAKASH R PUNGLI L,34.91,36.24,34.05,34.76,34.92,397938
2026-08-18,VISHWARAJ,VISHWARAJ SUGAR IND LTD,5.37,5.62,5.37,5.45,5.37,596863
2026-08-18,VIVOBIOT,VIVO BIO TECH LTD.,19.66,19.94,19.0,19.1,19.68,21477
2026-08-18,VIYASH,VIYASH SCIENTIFIC LIMITED,253.1,257.7,252.2,254.95,252.15,1369758
2026-08-18,VLSFINANCE,VLS FINANCE LTD,256.65,259.5,251.5,252.75,256.6,17367
2026-08-18,VMART,VMART RETAIL LTD,793.9,812.6,788.25,809.4,792.3,70947
2026-08-18,VMSTMT,VMS TMT LIMITED,49.0,49.95,47.1,48.63,49.85,38362
2026-08-18,IDEA,VODAFONE IDEA LIMITED,13.65,14.31,13.5,14.12,13.71,820797167
2026-08-18,VOITHPAPR,VOITH PAPER FABRICS IND L,1696.0,1696.0,1460.0,1492.3,1414.1,372
2026-08-18,VOLTAMP,VOLTAMP TRANSFORMERS LTD,9989.0,10138.5,9965.0,10093.5,10001.0,12530
2026-08-18,VOLTAS,VOLTAS LTD,1262.0,1272.0,1247.0,1252.9,1267.0,995520
2026-08-18,VRAJ,VRAJ IRON AND STEEL LTD,121.51,125.5,121.01,121.48,121.5,10130
2026-08-18,VRLLOG,VRL LOGISTICS LIMITED,295.0,302.95,295.0,297.5,296.2,128724
2026-08-18,VSTIND,VST INDUSTRIES LTD,215.57,216.07,213.93,214.88,214.5,113621
2026-08-18,VSTTILLERS,VST TILLERS TRACTORS LTD,4530.0,4559.8,4444.0,4473.3,4527.4,6611
2026-08-18,WHBRADY,W H BRADY & CO. LTD.,505.8,507.0,495.3,507.0,506.95,5
2026-08-18,WPIL,W P I L LTD.,433.85,439.4,418.65,426.35,433.9,36814
2026-08-18,WSI,W.S.INDUSTRIES (I) LTD.,60.85,61.11,58.2,60.18,60.83,52928
2026-08-18,WAAREEENER,WAAREE ENERGIES LIMITED,2706.9,2719.5,2693.0,2709.1,2707.0,396655
2026-08-18,WAAREERTL,WAAREE RENEWABLE TECH LTD,897.0,899.35,888.0,890.1,896.95,66394
2026-08-18,WAKEFIT,WAKEFIT INNOVATIONS LTD,124.01,134.79,124.01,131.52,124.63,6325818
2026-08-18,WALCHANNAG,WALCHANDNAGAR INDUSTRIES,223.2,225.63,221.82,222.6,223.91,472284
2026-08-18,WANBURY,WANBURY LIMITED,252.95,259.6,250.0,254.25,250.7,198618
2026-08-18,WARDINMOBI,WARDWIZARD INNO & MOB L,6.16,6.8,6.16,6.28,6.25,256613
2026-08-18,WATERBASE,WATERBASE LTD.,47.9,47.9,45.5,46.32,47.11,8458
2026-08-18,CORDELIA,WATERWAYS LEISURE TOUR L,823.7,833.95,820.5,830.0,823.2,73939
2026-08-18,WEWIN,WE WIN LIMITED,46.0,46.0,46.0,46.0,46.0,127
2026-08-18,TWCGOLDETF,WEALTH - TWCGOLDETF,152.18,152.62,151.93,152.23,152.33,16170
2026-08-18,WEALTH,WEALTH FRST PORT. MG. LTD,876.0,876.0,852.3,862.45,876.75,2871
2026-08-18,WEBELSOLAR,WEBSOL ENERGY SYSTEM LTD,81.14,86.94,81.14,86.93,82.8,4243102
2026-08-18,WEIZMANIND,WEIZMANN LTD,77.37,78.99,77.1,77.56,77.29,383
2026-08-18,WELCORP,WELSPUN CORP LIMITED,1886.6,1934.9,1882.0,1917.1,1882.0,712593
2026-08-18,WELENT,WELSPUN ENTERPRISES LTD.,569.35,578.0,566.0,575.85,569.4,208397
2026-08-18,WELSPUNLIV,WELSPUN LIVING LIMITED,168.3,182.9,167.8,177.79,168.15,53708881
2026-08-18,WELSPLSOL,WELSPUN SPECIALTY SOL L,48.0,48.93,47.25,47.96,48.47,175909
2026-08-18,WENDT,WENDT (INDIA) LIMITED,8115.0,8253.5,7985.0,8055.0,8110.0,5231
2026-08-18,WSTCSTPAPR,WEST COAST PAPER MILLS LT,601.1,644.0,601.1,619.2,605.5,365686
2026-08-18,WCIL,WESTERN CARRIERS (IND) L,87.9,88.09,85.8,86.27,87.99,31346
2026-08-18,WESTLIFE,WESTLIFE FOODWORLD LTD,583.1,592.95,578.0,587.75,579.6,36576
2026-08-18,WEWORK,WEWORK INDIA MANAGEMENT L,707.0,707.0,690.0,696.05,707.8,123453
2026-08-18,WHEELS,WHEELS INDIA LTD,1415.0,1452.0,1407.0,1442.6,1417.5,54296
2026-08-18,WHIRLPOOL,WHIRLPOOL OF INDIA LTD,778.0,785.15,765.15,769.0,777.35,158057
2026-08-18,WILLAMAGOR,WILLIAMSON MAGOR,26.0,26.0,24.99,25.15,24.93,2813
2026-08-18,WINDLAS,WINDLAS BIOTECH LIMITED,939.0,939.0,911.95,917.95,933.4,36703
2026-08-18,WINDMACHIN,WINDSOR MACHINES LIMITED,302.1,322.0,300.0,318.9,300.4,1516405
2026-08-18,WIPRO,WIPRO LTD,181.9,181.99,178.06,178.06,181.9,7074731
2026-08-18,WOCKPHARMA,WOCKHARDT LIMITED,1898.8,1900.4,1855.1,1859.9,1898.8,476558
2026-08-18,WEL,WONDER ELECTRICALS LTD,143.71,147.9,140.51,146.24,145.74,824447
2026-08-18,WONDERLA,WONDERLA HOLIDAYS LTD.,468.7,486.0,468.05,476.0,468.7,149025
2026-08-18,WORTHPERI,WORTH PERIPHERALS LIMITED,157.88,159.0,152.81,154.54,155.29,6710
2026-08-18,XCHANGING,XCHANGING SOLUTIONS LTD,62.18,62.55,61.65,62.24,61.72,43955
2026-08-18,XELPMOC,XELPMOC DESIGN & TECH LTD,79.5,80.18,78.94,79.85,79.48,6393
2026-08-18,XPROINDIA,XPRO INDIA LIMITED,1094.0,1120.0,1080.1,1088.6,1103.7,53091
2026-08-18,XTGLOBAL,XTGLOBAL INFOTECH LIMITED,30.45,30.45,29.5,29.74,29.68,36734
2026-08-18,XTRANET,XTRANET TECHNOLOGIES LTD,159.95,172.5,155.41,168.97,158.7,867676
2026-08-18,YASHO,YASHO INDUSTRIES LIMITED,4400.0,4994.0,4399.9,4915.8,4362.3,240192
2026-08-18,YATHARTH,YATHARTH HOSP & TRA C S L,838.7,859.8,838.0,854.0,842.85,218447
2026-08-18,YATRA,YATRA ONLINE LIMITED,114.5,117.2,112.86,115.5,113.95,942576
2026-08-18,YESBANK,YES BANK LIMITED,22.9,22.97,22.45,22.46,22.92,49817232
2026-08-18,YOGI,YOGI LTD.,157.45,174.0,155.0,155.82,160.9,1224
2026-08-18,YUKEN,YUKEN INDIA LIMITED,836.1,892.3,814.1,881.95,821.95,23830
2026-08-18,ZFSTEERING,Z F STEERING GEAR (I) LTD,674.6,695.0,663.45,679.8,673.6,3477
2026-08-18,ZAGGLE,ZAGGLE PREPA OCEAN SER L,160.61,169.9,154.36,165.88,160.48,19851829
2026-08-18,ZEEL,ZEE ENTERTAINMENT ENT LTD,104.87,106.95,103.5,105.32,104.87,24564113
2026-08-18,ZEEMEDIA,ZEE MEDIA CORPORATION LTD,9.72,9.85,9.3,9.38,9.7,9984323
2026-08-18,ZENTEC,ZEN TECHNOLOGIES LIMITED,1860.1,2012.4,1855.2,1982.4,1864.5,2742695
2026-08-18,ZENITHEXPO,ZENITH EXPORTS LTD,195.55,204.19,194.29,197.45,204.51,1132
2026-08-18,ZENITHSTL,ZENITH STEEL PIP IND LTD,5.37,5.58,5.37,5.51,5.48,28389
2026-08-18,ZENSARTECH,ZENSAR TECHNOLOGIES  LTD,490.5,493.2,483.0,484.9,490.75,477870
2026-08-18,GOLDCASE,ZERODHAAMC - GOLDCASE,23.96,24.54,23.96,24.07,24.06,5556353
2026-08-18,LIQUIDCASE,ZERODHAAMC - LIQUIDCASE,115.51,115.53,115.51,115.51,115.49,13077255
2026-08-18,LTGILTCASE,ZERODHAAMC - LTGILTCASE,31.23,31.23,30.54,30.59,30.62,74756
2026-08-18,MID150CASE,ZERODHAAMC - MID150CASE,11.84,12.13,11.75,11.78,11.84,892340
2026-08-18,NIFTYCASE,ZERODHAAMC - NIFTYCASE,10.02,10.02,9.71,9.74,9.78,616924
2026-08-18,SILVERCASE,ZERODHAAMC - SILVERCASE,24.3,24.3,23.45,23.51,23.71,3495428
2026-08-18,SML100CASE,ZERODHAAMC - SML100CASE,11.3,11.3,11.21,11.25,11.28,806253
2026-08-18,TOP100CASE,ZERODHAAMC - TOP100CASE,10.73,10.81,10.6,10.69,10.73,640952
2026-08-18,ZFCVINDIA,ZF COM VE CTR SYS IND LTD,2612.0,2691.0,2601.0,2672.7,2623.7,142083
2026-08-18,ZIMLAB,ZIM LABORATORIES LIMITED,115.0,115.4,110.22,114.51,115.2,56724
2026-08-18,ZODIACLOTH,ZODIAC CLOTHING CO. LTD.,74.02,75.0,74.02,74.86,75.6,2596
2026-08-18,ZODIAC,ZODIAC ENERGY LIMITED,260.0,262.8,251.05,256.05,256.25,20013
2026-08-18,ZOTA,ZOTA HEALTH CARE LIMITED,1116.9,1127.2,1076.4,1085.4,1111.4,100892
2026-08-18,ZUARI,ZUARI AGRO CHEMICALS LTD,222.6,227.62,220.97,225.7,222.71,77311
2026-08-18,ZUARIIND,ZUARI INDUSTRIES LIMITED,259.95,269.0,257.05,260.45,256.45,100921
2026-08-18,ZYDUSLIFE,ZYDUS LIFESCIENCES LTD,1131.9,1144.1,1115.6,1115.6,1131.5,810133
2026-08-18,ZYDUSWELL,ZYDUS WELLNESS LIMITED,507.6,509.95,492.1,496.65,510.15,201281
