date,symbol,name,open,high,low,close,prev_close,volume
2026-09-02,20MICRONS,20 MICRONS LTD,212.0,216.39,207.0,211.36,213.0,90223
2026-09-02,21STCENMGM,21ST CENTURY MGMT SERVICE,40.39,40.39,38.81,38.85,39.6,5812
2026-09-02,360ONE,360 ONE WAM LIMITED,1156.4,1181.3,1128.6,1181.3,1165.6,666823
2026-09-02,GOLD360,360ONEAMC - GOLD360,147.6,147.6,145.05,145.6,147.9,23092
2026-09-02,MSCI360,360ONEAMC - MSCI360,10.12,10.12,9.99,10.07,10.12,8982
2026-09-02,SILVER360,360ONEAMC - SILVER360,222.55,224.43,221.54,222.54,225.44,30512
2026-09-02,3BBLACKBIO,3B BLACKBIO DX LTD.,1528.5,1588.9,1469.1,1478.6,1523.5,50928
2026-09-02,3MINDIA,3M INDIA LIMITED,33205.0,33290.0,32805.0,32895.0,33315.0,1858
2026-09-02,3PLAND,3P LAND HOLDINGS LIMITED,31.8,33.97,31.51,32.75,31.8,911
2026-09-02,5PAISA,5PAISA CAPITAL LIMITED,344.25,344.8,335.0,336.55,344.85,26993
2026-09-02,63MOONS,63 MOONS TECHNOLOGIES LTD,777.75,820.0,775.0,805.1,775.55,444235
2026-09-02,ABCOTS,A B COTSPIN INDIA LIMITED,215.9,215.9,208.0,209.57,213.11,2466
2026-09-02,ABMKNO,A B M KNOWLEDGEWARE LTD.,190.91,191.86,190.0,190.9,186.74,1070
2026-09-02,AKCAPIT,A K CAPITAL SERVICES LTD.,1729.7,1729.7,1682.0,1699.4,1733.9,1057
2026-09-02,A2ZINFRA,A2Z INFRA ENGINEERING LTD,16.16,16.8,16.11,16.4,16.66,167484
2026-09-02,AAATECH,AAA TECHNOLOGIES LIMITED,93.79,95.77,93.01,93.07,93.72,9744
2026-09-02,AADHARHFC,AADHAR HOUSING FINANCE L,478.5,478.5,465.0,475.4,476.45,240290
2026-09-02,AAKASH,AAKASH EXPLORATION SER L,8.8,8.87,8.52,8.67,8.68,72356
2026-09-02,AAREYDRUGS,AAREY DRUGS & PHARM LTD,92.5,94.0,91.0,91.72,92.49,146358
2026-09-02,AARON,AARON INDUSTRIES LIMITED,127.6,130.0,124.68,125.95,127.59,8560
2026-09-02,AARTIDRUGS,AARTI DRUGS LTD.,430.0,430.0,415.85,417.8,427.1,170806
2026-09-02,AARTIIND,AARTI INDUSTRIES LTD,520.0,520.9,503.05,505.2,524.85,917705
2026-09-02,AARTIPHARM,AARTI PHARMALABS LIMITED,866.0,879.4,859.5,867.25,865.2,343720
2026-09-02,AARVI,AARVI ENCON LIMITED,148.94,149.0,142.2,143.08,148.92,29676
2026-09-02,AASTHA,AASTHA SPINTEX LIMITED,82.96,82.96,78.1,79.19,83.01,304911
2026-09-02,AAVAS,AAVAS FINANCIERS LIMITED,1248.5,1287.6,1234.2,1258.7,1248.4,229811
2026-09-02,ABANSENT,ABANS ENTERPRISES LTD.,27.93,27.93,26.63,27.58,27.93,14689
2026-09-02,AFSL,ABANS FINANCIAL SRVCS LTD,205.0,215.0,202.25,210.47,207.73,6924
2026-09-02,ABB,ABB INDIA LIMITED,7348.5,7447.5,7258.0,7447.5,7396.0,163580
2026-09-02,ABBOTINDIA,ABBOTT INDIA LIMITED,26185.0,26265.0,25810.0,26045.0,26135.0,7827
2026-09-02,ACC,ACC LIMITED,1271.0,1272.2,1252.9,1266.6,1272.3,146429
2026-09-02,ACCELYA,ACCELYA SOLN INDIA LTD,1137.9,1143.8,1125.6,1135.1,1132.3,4566
2026-09-02,ACEINTEG,ACE INTEGRATED SOLU. LTD.,17.45,17.67,17.01,17.27,17.63,5445
2026-09-02,ACMESOLAR,ACME SOLAR HOLDINGS LTD,395.0,411.15,391.1,398.25,403.7,2449655
2026-09-02,ACE,ACTION CONST EQUIP LTD,1087.0,1099.9,1073.8,1090.9,1093.8,159180
2026-09-02,ACUTAAS,ACUTAAS CHEMICALS LIMITED,3161.1,3195.6,3120.0,3134.9,3174.3,190272
2026-09-02,ADANIENSOL,ADANI ENERGY SOLUTION LTD,1374.6,1401.0,1348.0,1396.6,1382.0,4214587
2026-09-02,ADANIENT,ADANI ENTERPRISES LIMITED,2859.8,2905.0,2830.5,2891.8,2863.9,1642492
2026-09-02,ADANIGREEN,ADANI GREEN ENERGY LTD,1244.0,1303.0,1236.4,1296.0,1265.0,2634560
2026-09-02,ADANIPORTS,ADANI PORT & SEZ LTD,1637.1,1676.7,1632.1,1672.7,1647.5,2338937
2026-09-02,ADANIPOWER,ADANI POWER LTD,202.59,207.7,200.12,207.7,204.36,18174608
2026-09-02,ATGL,ADANI TOTAL GAS LIMITED,613.95,624.95,604.3,614.95,613.65,776942
2026-09-02,ADDIND,ADDI INDUSTRIES LTD.,83.5,90.0,83.5,85.29,81.44,595
2026-09-02,ADFFOODS,ADF FOODS LIMITED,263.0,269.0,258.8,267.7,265.15,107626
2026-09-02,ABSLAMC,ADIT BIRL SUN LIF AMC LTD,1025.3,1036.4,1007.5,1022.0,1029.1,398572
2026-09-02,ABCAPITAL,ADITYA BIRLA CAPITAL LTD.,390.0,397.05,385.1,397.05,394.45,4883439
2026-09-02,ABFRL,ADITYA BIRLA FASHION & RT,51.1,51.29,50.2,50.47,51.1,4428051
2026-09-02,ABLBL,ADITYA BIRLA LIFES BRAN L,84.6,84.7,82.61,82.78,85.33,860340
2026-09-02,BIRLAMONEY,ADITYA BIRLA MONEY LTD,127.02,129.0,125.62,126.47,127.02,11603
2026-09-02,ABREL,ADITYA BIRLA REAL EST LTD,1350.3,1350.3,1318.7,1331.1,1357.0,84555
2026-09-02,CPPLUS,ADITYA INFOTECH LIMITED,3742.0,3787.6,3665.2,3721.4,3726.9,222182
2026-09-02,AVL,ADITYA VISION LIMITED,601.0,607.6,593.15,599.85,604.1,315136
2026-09-02,BSLGOLDETF,ADITYBIRLA SL GOLD ETF-GR,133.47,133.47,131.08,131.74,133.67,432842
2026-09-02,BSLNIFTY,ADITYBIRLA SL NIF ETF-GR,28.4,28.4,27.96,28.1,28.18,1719207
2026-09-02,ADOR,ADOR WELDING LTD,1706.0,1744.8,1670.8,1730.3,1700.8,71667
2026-09-02,ADROITINFO,ADROIT INFOTECH LIMITED,10.53,10.55,10.02,10.26,10.46,7962
2026-09-02,ADVAIT,ADVAIT ENRGY TRANSITION L,2095.0,2160.0,2080.0,2139.0,2121.0,49312
2026-09-02,ADVANCE,ADVANCE AGROLIFE LIMITED,116.62,121.09,115.1,117.89,116.22,331320
2026-09-02,ADVENZYMES,ADVANCED ENZYME TECH LTD,295.35,296.6,292.25,292.9,295.35,188103
2026-09-02,ADVANIHOTR,ADVANI HOT.& RES.(I) LTD,49.6,50.0,49.3,49.43,49.55,27794
2026-09-02,ADVENTHTL,ADVENT HOTELS INTERNATI L,134.55,137.98,133.41,136.89,135.72,48518
2026-09-02,ADVIKCA,ADVIK CAPITAL LTD.,1.16,1.26,1.11,1.15,1.15,899571
2026-09-02,RAMBHAJO,ADVIT JEWELS LIMITED,233.34,258.99,233.34,246.17,237.07,1238324
2026-09-02,AEGISLOG,AEGIS LOGISTICS LIMITED,1202.0,1252.9,1200.0,1241.8,1219.3,722924
2026-09-02,AEGISVOPAK,AEGIS VOPAK TERMINALS LTD,268.45,288.3,266.3,286.3,270.1,3128778
2026-09-02,AEQUS,AEQUS LIMITED,245.0,248.15,241.03,245.62,247.47,1668299
2026-09-02,AEROENTER,AEROFLEX ENTERPRISES LTD,142.0,143.59,139.41,140.46,143.39,413196
2026-09-02,AEROFLEX,AEROFLEX INDUSTRIES LTD,548.2,561.45,536.3,540.75,552.05,1124008
2026-09-02,AERONEU,AEROFLEX NEU LIMITED,79.87,84.7,77.8,80.7,77.97,72398
2026-09-02,AETHER,AETHER INDUSTRIES LIMITED,1685.0,1693.7,1641.1,1646.4,1683.7,232941
2026-09-02,AFCONS,AFCONS INFRASTRUCTURE LTD,282.05,286.25,280.5,285.1,285.25,402500
2026-09-02,AFFLE,AFFLE 3I LIMITED,1561.0,1561.0,1509.0,1517.9,1565.1,443298
2026-09-02,AFFORDABLE,AFFORD ROBO & AUTO LTD,160.99,161.8,157.05,159.41,157.07,7436
2026-09-02,AGARIND,AGARWAL INDS CORP LTD.,439.5,454.7,432.05,450.55,442.8,49700
2026-09-02,AGI,AGI GREENPAC LIMITED,776.0,778.35,748.0,749.45,782.25,199603
2026-09-02,AGIIL,AGI INFRA LIMITED,284.7,285.0,276.5,280.75,286.1,231029
2026-09-02,AGRITECH,AGRI-TECH (INDIA) LIMITED,102.37,104.9,100.6,100.9,101.16,3722
2026-09-02,AGROPHOS,AGRO PHOS INDIA LIMITED,25.63,26.44,24.81,24.99,25.6,33087
2026-09-02,AHLADA,AHLADA ENGINEERS LIMITED,37.25,38.37,36.7,37.27,37.31,2566
2026-09-02,AHLUCONT,AHLUWALIA CONT IND LTD,606.05,611.65,590.0,602.2,612.5,107402
2026-09-02,AIAENG,AIA ENGINEERING LIMITED,4243.2,4260.0,4141.0,4159.7,4243.2,51399
2026-09-02,AIRAN,AIRAN LIMITED,14.92,15.05,14.5,14.83,14.92,68092
2026-09-02,AIROLAM,AIRO LAM LIMITED,86.68,88.5,86.5,86.51,86.68,3469
2026-09-02,AJANTPHARM,AJANTA PHARMA LIMITED,3504.8,3544.0,3425.0,3481.7,3504.8,99445
2026-09-02,AJAXENGG,AJAX ENGINEERING LIMITED,569.0,582.0,565.0,570.65,573.95,62498
2026-09-02,AJMERA,AJMERA REALTY & INF I LTD,114.8,117.01,113.79,115.69,115.67,326215
2026-09-02,AJOONI,AJOONI BIOTECH LIMITED,3.74,3.8,3.7,3.72,3.75,151345
2026-09-02,AKASH,AKASH INFRA-PROJECTS LTD,24.7,26.0,24.52,25.2,24.36,5134
2026-09-02,AKG,AKG EXIM LIMITED,9.19,9.26,9.02,9.21,9.19,14000
2026-09-02,AKI,AKI INDIA LIMITED,4.85,5.48,4.7,5.48,4.57,3044554
2026-09-02,AFIL,AKME FINTRADE (INDIA) LTD,9.31,9.58,9.31,9.39,9.43,196038
2026-09-02,AKSHAR,AKSHAR SPINTEX LIMITED,0.42,0.43,0.41,0.42,0.41,1428759
2026-09-02,AKUMS,AKUMS DRUGS AND PHARMA L,778.0,794.9,768.2,770.25,779.05,750068
2026-09-02,ALANKIT,ALANKIT LIMITED,8.1,8.16,7.85,7.96,8.07,82889
2026-09-02,ALBERTDAVD,ALBERT DAVID LIMITED,875.1,878.0,861.0,871.7,871.7,3973
2026-09-02,ALEMBICLTD,ALEMBIC LIMITED,98.85,101.0,98.0,100.14,98.85,645226
2026-09-02,APLLTD,ALEMBIC PHARMA LTD,845.0,859.0,823.25,826.9,843.85,172875
2026-09-02,ALFREDHE,ALFRED HERBERT INDIA L,2860.9,2980.0,2860.9,2884.0,2889.8,310
2026-09-02,ALGOQUANT,ALGOQUANT FINTECH LIMITED,63.0,64.9,62.57,63.8,63.02,1328784
2026-09-02,ALICON,ALICON CASTALLOY LIMITED,652.0,672.55,647.65,665.5,659.65,22999
2026-09-02,ALIVUS,ALIVUS LIFE SCIENCES LTD,1438.1,1470.1,1398.1,1417.9,1443.7,561531
2026-09-02,ALKEM,ALKEM LABORATORIES LTD.,5280.0,5289.5,5187.5,5210.0,5300.0,218220
2026-09-02,ALKYLAMINE,ALKYL AMINES CHEM. LTD,1981.1,2044.5,1956.7,1975.5,2011.0,138950
2026-09-02,ALLTIME,ALL TIME PLASTICS LIMITED,200.0,202.84,197.46,199.61,200.6,180025
2026-09-02,AGL,ALLCARGO GLOBAL LIMITED,13.56,13.95,13.28,13.79,13.59,1532028
2026-09-02,ALLCARGO,ALLCARGO LOGISTICS LTD,11.92,12.37,11.74,12.27,11.92,16512418
2026-09-02,ATL,ALLCARGO TERMINALS LTD,25.3,25.3,23.5,23.8,25.33,782831
2026-09-02,ALLDIGI,ALLDIGI TECH LIMITED,811.9,811.9,788.55,796.55,807.8,10831
2026-09-02,ABDL,ALLIED BLEND N DISTILS L,614.0,614.9,603.35,604.4,617.2,125467
2026-09-02,ADSL,ALLIED DIGITAL SERV. LTD,103.8,104.94,100.65,103.9,103.94,60736
2026-09-02,ALMONDZ,ALMONDZ GLOBAL SEC LTD,17.02,17.9,16.8,17.43,17.49,286311
2026-09-02,ALOKINDS,ALOK INDUSTRIES LIMITED,7.6,8.19,7.06,7.73,7.69,117258835
2026-09-02,ALPA,ALPA LABORATORIES LTD,61.73,65.0,61.35,63.13,61.73,18733
2026-09-02,ALPINETEX,ALPINE TEXWORLD LIMITED,51.69,52.38,50.46,51.09,51.95,293413
2026-09-02,ALUFLUOR,ALUFLUORIDE LTD.,509.9,509.9,491.9,502.55,496.9,11146
2026-09-02,AMAGI,AMAGI MEDIA LABS LIMITED,578.0,582.25,569.0,572.8,584.25,264517
2026-09-02,AMAL,AMAL LTD.,755.0,771.0,741.0,749.7,753.1,15022
2026-09-02,ARE&M,AMARA RAJA ENERGY MOB LTD,878.0,882.3,864.15,871.25,879.9,410795
2026-09-02,AMARJOTHI,AMARJOTHI SPINNING MILL L,158.0,160.0,155.0,156.13,159.18,598
2026-09-02,AMBER,AMBER ENTERPRISES (I) LTD,7470.0,7482.5,7281.5,7415.0,7508.0,174407
2026-09-02,AMBICAAGAR,AMBICA AGAR & AROMAINDLTD,25.49,25.5,24.26,24.75,24.75,26635
2026-09-02,AMBIKCO,AMBIKA COTTON MILL LTD.,1625.1,1648.8,1614.4,1629.2,1625.1,9215
2026-09-02,AMBUJACEM,AMBUJA CEMENTS LTD,400.0,402.7,395.05,402.7,402.2,1330391
2026-09-02,AMDIND,AMD INDUSTRIES LIMITED,57.02,58.5,55.55,57.39,57.02,42435
2026-09-02,AMNPLST,AMINES & PLASTICIZERS LTD,184.0,185.0,180.0,180.32,181.17,5863
2026-09-02,AEROPLANE,AMIR CHAND JAG KUM (E) L,173.95,182.32,172.63,179.25,174.19,711360
2026-09-02,AMJLAND,AMJ LAND HOLDINGS LIMITED,39.0,39.39,38.33,38.61,38.45,5934
2026-09-02,AMRUTANJAN,AMRUTAJAN HEALTH LTD,499.5,510.9,499.5,500.25,498.35,33541
2026-09-02,ARSSBL,ANAND RATHI SH N STK BR L,500.0,514.2,500.0,508.3,508.8,199206
2026-09-02,ANANDRATHI,ANAND RATHI WEALTH LTD,2200.0,2212.0,2182.0,2198.3,2197.0,183620
2026-09-02,ANANTRAJ,ANANT RAJ LIMITED,583.0,594.85,571.35,588.85,587.8,1282254
2026-09-02,ACL,ANDHRA CEMENTS LIMITED,44.1,44.2,43.13,43.92,43.94,8724
2026-09-02,ANDHRAPAP,ANDHRA PAPER LIMITED,60.5,61.3,60.2,61.09,60.55,234449
2026-09-02,ANDHRSUGAR,ANDHRA SUGARS LTD,96.87,99.8,96.11,99.2,96.49,490982
2026-09-02,ANDREWYU,ANDREW YULE & CO. LTD.,27.66,28.35,27.51,28.15,28.11,123709
2026-09-02,ANGELONE,ANGEL ONE LIMITED,280.25,280.85,275.25,279.25,281.55,4437022
2026-09-02,ANIKINDS,ANIK INDUSTRIES LTD,44.75,46.47,44.11,44.77,45.89,4037
2026-09-02,APCL,ANJANI PORTLAND CEM LTD,100.5,100.5,98.9,100.0,100.19,7960
2026-09-02,AHCL,ANLON HEALTHCARE LIMITED,15.49,15.76,15.32,15.56,15.49,1668193
2026-09-02,ANMOL,ANMOL INDIA LIMITED,10.07,10.36,9.91,9.97,10.02,61224
2026-09-02,ANNAPURNA,ANNAPURNA SWADISHT LTD,144.04,146.58,141.5,143.73,145.76,26855
2026-09-02,ANSALBU,ANSAL BUILDWELL LTD.,82.0,82.0,76.1,78.91,78.57,1443
2026-09-02,ANTGRAPHIC,ANTARCTICA LTD,0.75,0.77,0.72,0.73,0.75,415805
2026-09-02,ANTELOPUS,ANTELOPUS SELAN ENRGY LTD,813.0,951.15,807.1,951.15,792.65,12446135
2026-09-02,ANTHEM,ANTHEM BIOSCIENCES LTD,920.0,952.8,915.65,934.5,924.5,1484697
2026-09-02,AWHCL,ANTONY WASTE HDG CELL LTD,375.0,375.0,370.1,372.95,377.35,63740
2026-09-02,ANUHPHR,ANUH PHARMA LIMITED,81.43,81.93,78.4,78.94,81.43,138379
2026-09-02,ANURAS,ANUPAM RASAYAN INDIA LTD,1259.1,1260.0,1232.1,1240.3,1259.8,282041
2026-09-02,AONEGOLD,AONEAMC - AONEGOLD,14.16,14.16,13.9,13.98,14.18,420827
2026-09-02,AONELIQUID,AONEAMC - AONELIQUID,1075.17,1075.18,1075.16,1075.16,1075.03,24958
2026-09-02,AONENIFTY,AONEAMC - AONENIFTY,9.96,9.96,9.69,9.85,9.89,306263
2026-09-02,AONESILVER,AONEAMC - AONESILVER,8.71,8.76,8.54,8.64,8.71,380983
2026-09-02,AONETMMQ50,AONEAMC - AONETMMQ50,10.33,10.5,10.18,10.31,10.33,33121
2026-09-02,AONETOTAL,AONEAMC - AONETOTAL,12.1,12.35,11.8,11.83,11.9,299224
2026-09-02,APARINDS,APAR INDUSTRIES LTD.,17401.0,17444.0,16500.0,16813.0,17400.0,94227
2026-09-02,APCOTEXIND,APCOTEX INDUSTRIES LIMITE,638.0,642.4,617.05,628.65,639.2,107750
2026-09-02,APEX,APEX FROZEN FOODS LIMITED,374.7,379.0,363.9,367.25,374.7,140115
2026-09-02,APLAPOLLO,APL APOLLO TUBES LTD,2219.2,2228.5,2186.7,2210.0,2234.0,786402
2026-09-02,APOLLOHOSP,APOLLO HOSPITALS ENTER. L,8680.0,8746.5,8640.0,8719.0,8755.0,169190
2026-09-02,APOLLO,APOLLO MICRO SYSTEMS LTD,378.75,389.1,374.35,382.65,379.5,4275794
2026-09-02,APOLLOPIPE,APOLLO PIPES LIMITED,588.65,612.0,588.6,599.05,609.85,159504
2026-09-02,APOLSINHOT,APOLLO SINDOORI HOTEL LTD,1213.4,1234.7,1201.2,1221.2,1219.5,1311
2026-09-02,APOLLOTYRE,APOLLO TYRES LTD,439.25,440.75,432.2,434.15,442.7,333100
2026-09-02,APOORVA,APOORVA LEAS F & INV C L,26.58,26.58,25.25,25.25,26.57,500
2026-09-02,APTUS,APTUS VALUE HSG FIN I LTD,252.0,256.61,249.2,254.28,253.36,466564
2026-09-02,AQYLON,AQYLON NEXUS LIMITED,21.5,22.05,20.61,20.61,21.69,684411
2026-09-02,ACI,ARCHEAN CHEMICAL IND LTD,490.0,501.0,484.15,494.1,492.65,635843
2026-09-02,ADL,ARCHIDPLY DECOR LIMITED,76.93,76.93,71.75,76.4,75.42,1341
2026-09-02,ARCHIDPLY,ARCHIDPLY IND. LTD,102.05,107.65,102.02,106.52,101.72,33961
2026-09-02,ARCHIES,ARCHIES LTD,13.46,13.46,12.65,12.94,13.4,27463
2026-09-02,ARCL,ARCL ORGANICS LTD.,225.0,230.0,221.35,230.0,233.0,248
2026-09-02,ARDEE,ARDEE INDUSTRIES LIMITED,56.45,57.49,55.71,56.4,56.2,2698066
2026-09-02,ARFIN,ARFIN INDIA LIMITED,85.5,88.5,85.5,87.87,85.5,1010679
2026-09-02,ARIES,ARIES AGRO LTD.,461.6,510.25,461.55,495.35,458.85,480377
2026-09-02,ARIHANTCAP,ARIHANT CAPITAL MKTS LTD,79.8,79.98,77.63,78.48,80.03,132223
2026-09-02,ARIHANT,ARIHANT FOUN & HOU LTD,909.0,914.45,878.0,900.3,900.0,2447
2026-09-02,ARIHANTSUP,ARIHANT SUPERSTRUCT LTD,245.2,251.9,245.2,247.75,250.15,3340
2026-09-02,ARIS,ARISINFRA SOLUTIONS LTD,130.99,131.03,125.86,128.31,131.68,897946
2026-09-02,ARKADE,ARKADE DEVELOPERS LIMITED,120.72,121.08,117.11,117.93,120.72,231541
2026-09-02,ARMANFIN,ARMAN FIN SERV LTD,1945.0,1994.0,1927.0,1947.2,1952.3,21151
2026-09-02,AROGRANITE,ARO GRANITE IND. LTD.,24.45,25.05,24.45,24.61,24.45,4239
2026-09-02,ARTNIRMAN,ART NIRMAN LIMITED,40.7,41.1,39.1,40.25,40.7,1607
2026-09-02,AEPL,ARTEMIS ELECTRICALS & P L,15.87,15.87,15.0,15.08,15.09,478365
2026-09-02,ARTEMISMED,ARTEMIS MED SERVICE LTD,328.0,332.4,320.0,320.7,327.95,226615
2026-09-02,ARVEE,ARVEE LABORATORIES I LTD,164.01,166.8,163.39,165.81,164.21,962
2026-09-02,ARVINDFASN,ARVIND FASHIONS LIMITED,454.0,463.0,448.4,461.15,458.8,203097
2026-09-02,ARVIND,ARVIND LIMITED,552.95,578.0,548.2,574.05,557.1,790352
2026-09-02,ARVSMART,ARVIND SMARTSPACES LTD,650.2,656.0,638.75,642.4,656.0,79766
2026-09-02,ARYAMAN,ARYAMAN FINANCIAL SERV L,635.0,640.0,620.0,639.95,625.0,229
2026-09-02,ASAHIINDIA,ASAHI INDIA GLASS LIMITED,950.0,964.7,936.05,951.05,951.2,213328
2026-09-02,ASHAPURMIN,ASHAPURA MINECHEM LTD,555.7,561.0,549.35,550.5,555.5,226693
2026-09-02,ASHIANA,ASHIANA HOUSING LTD,367.25,368.95,361.1,368.3,363.65,38619
2026-09-02,ASHIMASYN,ASHIMA LTD,17.67,18.9,17.2,17.83,17.67,71620
2026-09-02,ASHOKLEY,ASHOK LEYLAND LTD,169.11,169.29,165.02,167.9,170.53,16412854
2026-09-02,ASHOKA,ASHOKA BUILDCON LTD,119.71,120.0,116.49,117.39,121.75,2169165
2026-09-02,ASHOKAMET,ASHOKA METCAST LIMITED,13.63,13.63,13.34,13.49,13.63,18438
2026-09-02,ASIANENE,ASIAN ENERGY SERVICES LTD,490.1,516.15,483.1,504.1,488.4,919172
2026-09-02,ASIANTILES,ASIAN GRANITO IND. LTD.,50.29,51.18,48.85,50.16,50.26,5231296
2026-09-02,AHLEAST,ASIAN HOTELS (EAST) LTD,138.8,143.0,138.51,142.01,142.2,1209
2026-09-02,ASIANHOTNR,ASIAN HOTELS (NORTH) LTD,369.2,386.0,360.1,379.9,369.2,26364
2026-09-02,ASIANPAINT,ASIAN PAINTS LIMITED,2548.0,2548.0,2510.7,2527.5,2575.5,497889
2026-09-02,ASTAR,ASIAN STAR CO. LTD.,600.0,600.0,590.0,590.0,599.9,124
2026-09-02,ASIANTNE,ASIAN TEA & EXPORTS LTD.,10.17,10.17,9.75,9.83,10.17,3443
2026-09-02,ASKAUTOLTD,ASK AUTOMOTIVE LIMITED,638.05,638.05,618.05,623.85,635.65,134316
2026-09-02,ASPINWALL,ASPINWALL & CO LTD,260.05,264.95,256.3,259.85,260.05,1099
2026-09-02,ASSAMENT,ASSAM ENTRADE LIMITED,828.0,828.0,763.0,819.0,800.0,3
2026-09-02,ASALCBR,ASSO ALCOHOLS & BREW LTD,694.7,705.0,690.45,703.8,693.7,14509
2026-09-02,ASTEC,ASTEC LIFESCIENCES LTD,556.95,584.9,553.05,572.55,562.4,37649
2026-09-02,ASTERDM,ASTER DM QUALITY CARE LTD,761.7,768.0,745.05,759.9,757.8,1275385
2026-09-02,ASTRAMICRO,ASTRA MICROWAVE LTD,1678.0,1678.0,1631.0,1641.8,1686.4,220101
2026-09-02,ASTRAL,ASTRAL LIMITED,1502.0,1516.4,1476.7,1487.0,1507.0,1046620
2026-09-02,ASTRAZEN,ASTRAZENECA PHARMA IND LT,6930.0,6940.0,6835.0,6868.0,6917.0,4789
2026-09-02,ATALREAL,ATAL REALTECH LIMITED,25.01,26.84,25.01,25.53,26.65,33201247
2026-09-02,ATAM,ATAM VALVES LIMITED,55.2,56.3,54.09,54.78,55.9,8221
2026-09-02,ATHERENERG,ATHER ENERGY LIMITED,1722.0,1737.0,1641.0,1686.1,1725.6,6312532
2026-09-02,ATLANTAELE,ATLANTA ELECTRICALS LTD,1816.9,1846.9,1784.9,1838.9,1823.6,70238
2026-09-02,ATLANTAA,ATLANTAA LIMITED,40.47,40.96,39.0,39.21,40.68,53579
2026-09-02,ATLASCYCLE,ATLAS CYCLE (HARYANA) LTD,95.4,98.55,92.7,95.05,95.37,6678
2026-09-02,ATULAUTO,ATUL AUTO LIMITED,476.05,476.7,464.7,466.4,476.05,124489
2026-09-02,ATUL,ATUL LTD,6430.0,6499.0,6358.0,6485.5,6452.0,22848
2026-09-02,AUBANK,AU SMALL FINANCE BANK LTD,1073.1,1077.9,1063.4,1077.9,1079.2,864436
2026-09-02,AUGMONT,AUGMONT ENTERPRISES LTD,865.0,952.85,857.05,952.85,866.25,4700620
2026-09-02,AURIONPRO,AURIONPRO SOLN LTD,692.0,700.25,684.0,693.0,694.7,170519
2026-09-02,AUROPHARMA,AUROBINDO PHARMA LTD,1675.0,1695.0,1639.6,1648.2,1683.3,816419
2026-09-02,AURUM,AURUM PROPTECH LIMITED,225.25,227.11,218.85,224.95,223.93,179857
2026-09-02,AURUS,AURUS GEM CORP LIMITED,4.72,4.72,4.51,4.64,4.66,22489
2026-09-02,AUSOMENT,AUSOM ENTERPRISE LIMITED,148.0,157.25,147.1,156.45,149.77,19464
2026-09-02,AUSTENG,AUSTIN ENGINEERING CO. L,125.9,125.9,121.35,121.4,122.72,59
2026-09-02,AIIL,AUTHUM INVEST & INFRA LTD,538.0,541.05,504.85,507.45,539.3,1027128
2026-09-02,AUTOIND,AUTOLINE INDUSTRIES LTD,85.85,86.8,83.6,84.68,85.59,193816
2026-09-02,ACGL,AUTOMOBILE CORPN OF GOA L,1795.0,1809.8,1756.0,1760.0,1787.8,629
2026-09-02,AUTOAXLES,AUTOMOTIVE AXLES LIMITED,1686.0,1744.5,1674.1,1732.5,1690.9,9452
2026-09-02,ASAL,AUTOMOTIVE STAMPINGS & AS,469.9,478.65,463.55,473.4,473.6,13648
2026-09-02,AVADHSUGAR,AVADH SUG & ENERGY LTD,823.0,845.0,806.0,811.7,823.3,120202
2026-09-02,AVALON,AVALON TECHNOLOGIES LTD,2295.0,2348.0,2166.6,2189.6,2318.6,662674
2026-09-02,AVANCE,AVANCE TECHNOLOGIES LTD.,0.83,0.85,0.8,0.82,0.82,17145793
2026-09-02,AVANTEL,AVANTEL LIMITED,156.67,157.82,155.5,156.81,156.67,611755
2026-09-02,AVANTIFEED,AVANTI FEEDS LIMITED,830.0,830.0,800.0,801.2,833.75,400361
2026-09-02,DMART,AVENUE SUPERMARTS LIMITED,3790.0,3813.4,3775.0,3813.4,3824.0,204007
2026-09-02,CCAVENUE,AVENUESAI LIMITED,15.3,15.91,15.02,15.5,15.31,14217006
2026-09-02,AVONMORE,AVONMORE CAP&MGT SERV LTD,13.3,13.3,12.85,13.1,13.34,194160
2026-09-02,AVROIND,AVRO INDIA LIMITED,8.69,9.25,8.57,9.13,8.64,422890
2026-09-02,AVTNPL,AVT NATURAL PRODUCTS LTD,88.4,88.4,86.15,87.16,88.41,99085
2026-09-02,AWFIS,AWFIS SPACE SOLUTIONS LTD,260.0,261.3,255.1,256.4,262.8,135933
2026-09-02,AWL,AWL AGRI BUSINESS LIMITED,194.01,194.02,189.71,191.25,194.38,2934970
2026-09-02,AXISBANK,AXIS BANK LIMITED,1254.6,1266.9,1250.0,1253.9,1258.0,6437250
2026-09-02,ENERGYAXIS,AXISAMC - ENERGYAXIS,19.15,19.27,18.81,19.01,19.06,20686
2026-09-02,BNKETFAXIS,AXISAMC-BNKETFAXIS,588.42,591.4,586.07,589.07,591.79,201
2026-09-02,CONSUMAXIS,AXISAMC-CONSUMAXIS,119.38,120.32,119.38,120.12,119.97,5359
2026-09-02,GOLDAXIS,AXISAMC-GOLDAXIS,125.5,125.5,123.2,124.18,125.91,850365
2026-09-02,HEALTHAXIS,AXISAMC-HEALTHAXIS,169.73,173.0,168.32,170.11,169.2,1130
2026-09-02,ITAXIS,AXISAMC-ITAXIS,343.32,344.35,338.37,343.11,343.43,2185
2026-09-02,NIFTYAXIS,AXISAMC-NIFTYAXIS,265.45,265.45,263.86,264.93,265.96,226011
2026-09-02,SENSEXAXIS,AXISAMC-SENSEXAXIS,79.0,79.7,79.0,79.56,79.39,799
2026-09-02,SILVERAXIS,AXISAMC-SILVERAXIS,225.12,225.37,223.38,223.98,226.12,441304
2026-09-02,VALUEAXIS,AXISAMC-VALUEAXIS,32.78,32.78,32.27,32.57,32.58,193282
2026-09-02,AXISCADES,AXISCADES TECH LTD,1657.0,1723.0,1625.3,1689.7,1644.2,290857
2026-09-02,AXITA,AXITA COTTON LIMITED,8.07,8.08,7.97,7.97,7.96,668683
2026-09-02,AXTEL,AXTEL INDUSTRIES LTD.,395.0,398.5,392.0,396.75,397.65,1840
2026-09-02,AYE,AYE FINANCE LIMITED,171.0,172.74,168.28,171.34,171.7,1770200
2026-09-02,AYMSYNTEX,AYM SYNTEX LIMITED,294.2,318.8,288.0,312.5,294.2,601939
2026-09-02,AZAD,AZAD ENGINEERING LIMITED,2820.1,2853.5,2754.9,2785.8,2844.3,254104
2026-09-02,AZADIND,AZAD INDIA MOBILITY LTD.,91.99,91.99,88.15,89.09,90.37,19649
2026-09-02,BBTCL,B&B TRIPLEWALL CONT LTD,222.15,229.69,217.78,223.45,220.62,9290
2026-09-02,BAGFILMS,B.A.G FILMS AND MEDIA LTD,4.32,4.47,4.3,4.32,4.36,85276
2026-09-02,BLKASHYAP,B.L.KASHYAP & SON LTD,55.8,57.89,54.8,55.75,55.84,682619
2026-09-02,STYLEBAAZA,BAAZAR STYLE RETAIL LTD,396.7,405.0,386.8,395.45,398.15,1012868
2026-09-02,BAIDFIN,BAID FINSERV LIMITED,10.15,10.16,9.93,9.99,10.15,18429
2026-09-02,BAJAJ-AUTO,BAJAJ AUTO LIMITED,12211.0,12275.0,11925.0,12130.0,12361.0,333619
2026-09-02,BAJAJCON,BAJAJ CONSUMER CARE LTD,472.0,498.0,465.6,484.55,471.95,2420197
2026-09-02,BAJAJELEC,BAJAJ ELECT.LTD,322.6,327.0,320.1,323.6,325.85,100313
2026-09-02,BAJFINANCE,BAJAJ FINANCE LIMITED,1044.2,1061.0,1034.8,1055.9,1053.9,6234288
2026-09-02,BAJAJFINSV,BAJAJ FINSERV LTD.,1951.5,1990.0,1939.2,1990.0,1972.0,730988
2026-09-02,BAJAJHCARE,BAJAJ HEALTHCARE LIMITED,330.95,332.0,325.85,329.0,329.0,43921
2026-09-02,BAJAJHIND,BAJAJ HINDUSTHAN SUGAR LT,21.84,22.33,21.57,21.84,21.92,28951286
2026-09-02,BAJAJHLDNG,BAJAJ HOLDINGS & INVS LTD,11210.0,11247.0,11059.0,11100.0,11310.0,32382
2026-09-02,BAJAJHFL,BAJAJ HOUSING FINANCE LTD,82.82,83.06,81.71,82.78,82.85,2276868
2026-09-02,BAJAJST,BAJAJ STEEL INDS. LTD.,355.0,355.0,347.0,352.0,351.55,5216
2026-09-02,BAJEL,BAJEL PROJECTS LIMITED,186.9,187.94,183.99,185.3,186.17,100603
2026-09-02,BALPHARMA,BAL PHARMA LTD.,84.1,88.88,84.1,85.65,85.45,14659
2026-09-02,BALAMINES,BALAJI AMINES LIMITED,2415.2,2506.0,2371.5,2390.1,2409.7,455466
2026-09-02,BALAJITELE,BALAJI TELEFILMS LIMITED.,90.92,92.57,89.96,91.09,92.26,133306
2026-09-02,BALAXI,BALAXI PHARMA LTD,22.45,25.04,22.45,25.01,22.77,302797
2026-09-02,BALKRISIND,BALKRISHNA IND. LTD,2310.2,2338.5,2273.0,2329.1,2331.8,343301
2026-09-02,BALKRISHNA,BALKRISHNA PAPER MILLS L,17.29,17.29,16.5,16.7,16.97,3958
2026-09-02,BALMLAWRIE,BALMER LAWRIE & CO LTD,174.51,176.94,173.91,176.06,176.13,97753
2026-09-02,BLIL,BALMER LAWRIE INVSTS. L,72.38,72.38,71.94,72.11,72.18,58245
2026-09-02,BALRAMCHIN,BALRAMPUR CHINI MILLS LTD,667.2,675.0,638.6,669.75,668.85,4012425
2026-09-02,BALUFORGE,BALU FORGE INDUSTRIES LTD,618.05,628.25,574.1,578.4,621.9,2344406
2026-09-02,BANARBEADS,BANARAS BEADS LTD,113.2,117.5,113.2,114.15,116.4,355
2026-09-02,BANCOINDIA,BANCO PRODUCTS (I) LTD,620.1,621.0,610.15,613.6,620.15,81619
2026-09-02,BANDHANBNK,BANDHAN BANK LIMITED,161.0,162.32,159.24,161.52,162.9,6396488
2026-09-02,GOLDBND,BANDHANAMC - GOLDBND,148.54,150.98,148.0,149.22,151.57,3995
2026-09-02,IDFNIFTYET,BANDHANAMC - IDFNIFTYET,263.94,269.9,262.94,267.14,265.41,340
2026-09-02,SILVERBND,BANDHANAMC - SILVERBND,226.5,227.98,225.52,226.02,228.5,22114
2026-09-02,BANG,BANG OVERSEAS LTD.,34.7,34.7,33.11,33.49,34.27,28337
2026-09-02,BANKBARODA,BANK OF BARODA,237.5,241.25,235.84,241.2,237.7,9638977
2026-09-02,BANKINDIA,BANK OF INDIA,141.5,143.36,140.23,143.1,142.35,5132803
2026-09-02,MAHABANK,BANK OF MAHARASHTRA,82.2,84.3,81.31,82.4,82.7,17803645
2026-09-02,BANKA,BANKA BIOLOO LIMITED,79.75,79.75,77.2,77.2,78.75,1069
2026-09-02,BANARISUG,BANNARI AMMAN SUGARS LTD,3769.1,3897.9,3768.0,3864.8,3766.2,2140
2026-09-02,BANSALWIRE,BANSAL WIRE INDUSTRIES L,316.1,321.6,316.1,319.75,319.75,39275
2026-09-02,BANSWRAS,BANSWARA SYNTEX LIMITED,115.8,119.7,114.65,118.99,115.54,41871
2026-09-02,BVCL,BARAK VALLEY CEM. LTD.,43.1,43.77,42.2,42.93,43.5,6239
2026-09-02,BBNPNBETF,BARODABNP - BBNPNBETF,57.76,57.88,57.2,57.44,57.86,2071
2026-09-02,BBNPPGOLD,BARODABNP - BBNPPGOLD,146.8,146.8,144.2,144.65,146.85,2926
2026-09-02,BASF,BASF INDIA LTD,3742.0,3845.9,3728.0,3811.0,3760.8,15322
2026-09-02,BATAINDIA,BATA INDIA LTD,677.5,677.95,666.85,670.45,677.35,87033
2026-09-02,BATLIBOI,BATLIBOI LTD.,85.1,94.97,85.1,93.57,85.1,122105
2026-09-02,BAYERCROP,BAYER CROPSCIENCE LTD,3987.6,3994.9,3935.0,3979.5,3987.6,16833
2026-09-02,BCLIND,BCL INDUSTRIES LIMITED,36.39,36.72,35.97,36.07,36.19,473912
2026-09-02,BCPL,BCPL RAILWAY INFRA LTD,68.58,68.99,67.15,67.85,68.58,4322
2026-09-02,BEARDSELL,BEARDSELL LIMITED,25.7,26.4,24.75,24.94,25.79,22548
2026-09-02,BEDMUTHA,BEDMUTHA INDUST LTD,107.5,108.0,105.39,107.96,106.61,3679
2026-09-02,BEEKAY,BEEKAY STEEL INDS. LTD.,390.2,413.95,390.2,404.3,396.85,3760
2026-09-02,BLEL,BEHARI LAL ENGINEERING L,434.0,452.8,431.1,445.25,436.4,1657322
2026-09-02,BELLACASA,BELLA CASA FASH AND RET L,248.15,253.0,240.0,242.9,248.58,8193
2026-09-02,BELRISE,BELRISE INDUSTRIES LTD,229.2,235.0,227.74,234.31,230.73,3569979
2026-09-02,BLAL,BEML LAND ASSETS LIMITED,167.0,167.0,162.92,163.27,164.88,19000
2026-09-02,BEML,BEML LIMITED,1973.8,2047.8,1955.1,2032.4,1970.2,966324
2026-09-02,BENARAS,BENARES HOTELS LTD.,10201.0,10300.0,10008.0,10155.0,10312.0,44
2026-09-02,BENGALASM,BENGAL & ASSAM CO. LTD.,6630.0,6688.5,6263.0,6474.0,6661.5,336
2026-09-02,BERGEPAINT,BERGER PAINTS (I) LTD,488.8,489.9,478.75,488.05,490.85,225836
2026-09-02,BESTAGRO,BEST AGROLIFE LIMITED,18.4,18.82,18.0,18.82,17.11,2169874
2026-09-02,BETA,BETA DRUGS LIMITED,2208.5,2208.5,2076.0,2137.0,2206.8,44647
2026-09-02,BFINVEST,BF INVESTMENT LIMITED,447.75,454.75,438.0,452.95,444.4,30551
2026-09-02,BFUTILITIE,BF UTILITIES LIMITED,501.5,504.0,495.35,500.65,504.7,23073
2026-09-02,BANK10BETF,BFAM - BANK10BETF,20.61,20.75,20.61,20.61,20.74,1489
2026-09-02,BANKBETF,BFAM - BANKBETF,58.15,58.33,57.86,58.06,58.21,15722
2026-09-02,LIQUIDBETF,BFAM - LIQUIDBETF,1097.14,1097.16,1097.14,1097.15,1097.02,262810
2026-09-02,NIFTYBETF,BFAM - NIFTYBETF,246.05,246.57,244.83,246.26,247.21,4236
2026-09-02,BHAGCHEM,BHAGIRADHA CHEM & INDS L,266.6,270.45,265.1,268.1,269.05,70506
2026-09-02,BHAGYANGR,BHAGYANAGAR INDIA LIMITED,379.9,386.0,368.15,380.4,380.0,140035
2026-09-02,BHANDARI,BHANDARI HOSIERY EXP LTD,2.97,3.1,2.94,2.98,2.96,198728
2026-09-02,BEPL,BHANSALI ENG. POLYMERS LT,127.16,129.2,125.0,127.29,127.16,1468903
2026-09-02,BBL,BHARAT BIJLEE LTD,2322.8,2328.5,2278.6,2288.2,2319.2,18647
2026-09-02,BHARATCOAL,BHARAT COKING COAL LTD,33.33,34.83,33.0,33.92,33.34,12235859
2026-09-02,BDL,BHARAT DYNAMICS LIMITED,1242.1,1258.0,1231.0,1253.7,1250.0,578257
2026-09-02,BEL,BHARAT ELECTRONICS LTD,407.5,408.0,402.9,405.75,411.2,11919117
2026-09-02,BHARATFORG,BHARAT FORGE LTD,2046.1,2046.1,2006.3,2031.8,2052.2,1341071
2026-09-02,BPLPHARMA,BHARAT PARENTERALS LTD.,1513.0,1532.9,1490.0,1518.2,1507.4,524
2026-09-02,BPCL,BHARAT PETROLEUM CORP  LT,312.1,319.6,312.1,319.6,317.65,8277464
2026-09-02,BHARATRAS,BHARAT RASAYAN LTD,1239.9,1247.9,1190.5,1203.3,1233.0,25627
2026-09-02,BRNL,BHARAT ROAD NETWORK LTD,17.44,17.44,17.0,17.11,17.28,35170
2026-09-02,BHARATSE,BHARAT SEATS LIMITED,219.25,220.99,212.03,214.0,219.25,180073
2026-09-02,BHARATWIRE,BHARAT WIRE ROPES LTD.,172.4,180.5,169.63,175.76,174.18,247468
2026-09-02,BHARTIARTL,BHARTI AIRTEL LIMITED,1869.0,1873.0,1854.9,1862.8,1877.2,4125938
2026-09-02,BHARTIHEXA,BHARTI HEXACOM LIMITED,1512.0,1547.3,1498.2,1531.1,1511.7,70741
2026-09-02,BIL,BHARTIYA INTERNATIONAL,938.0,938.0,885.45,893.2,885.45,18069
2026-09-02,BHEL,BHEL,423.55,427.5,417.35,427.5,426.55,5742323
2026-09-02,BIGBLOC,BIGBLOC CONSTRUCTION LTD,42.01,42.01,40.95,41.24,41.89,24121
2026-09-02,BIKAJI,BIKAJI FOODS INTERN LTD,597.0,598.3,586.9,590.2,598.3,356630
2026-09-02,GROWW,BILLIONBRAINS GARAGE VN L,190.0,190.23,185.35,189.88,189.41,21060867
2026-09-02,BIMETAL,BIMETAL BEARINGS LTD.,640.0,641.0,633.0,638.9,640.05,329
2026-09-02,BIOCON,BIOCON LIMITED.,400.0,402.4,397.9,401.0,401.05,1433504
2026-09-02,BIOFILCHEM,BIOFIL CHEM & PHARMA LTD,32.6,32.8,31.55,31.95,32.15,4881
2026-09-02,BIRLACORPN,BIRLA CORPORATION LTD,870.0,877.6,862.0,867.4,879.55,43993
2026-09-02,BIRLAPREC,BIRLA PRECISION TECH L,43.8,44.89,43.0,43.11,43.79,52217
2026-09-02,BIRLANU,BIRLANU LIMITED,1443.5,1443.5,1403.1,1422.3,1437.7,3869
2026-09-02,ABGSEC,BIRLASLAMC - ABGSEC,113.68,114.75,113.51,113.51,113.68,44
2026-09-02,ABSL10BANK,BIRLASLAMC - ABSL10BANK,168.0,168.02,167.74,167.74,168.36,34
2026-09-02,ABSLBANETF,BIRLASLAMC - ABSLBANETF,59.3,59.3,58.28,58.64,58.88,916157
2026-09-02,ABSLLIQUID,BIRLASLAMC - ABSLLIQUID,1000.01,1000.01,999.99,999.99,1000.0,1033
2026-09-02,ABSLMSCIN,BIRLASLAMC - ABSLMSCIN,29.51,29.51,29.14,29.37,29.51,553
2026-09-02,ABSLNN50ET,BIRLASLAMC - ABSLNN50ET,78.33,78.33,75.75,77.04,76.79,19744
2026-09-02,BSLSENETFG,BIRLASLAMC - BSLSENETFG,79.37,79.37,76.8,77.23,77.82,1239
2026-09-02,GSEC10ABSL,BIRLASLAMC - GSEC10ABSL,112.62,113.06,111.61,111.61,112.65,3
2026-09-02,HEALTHY,BIRLASLAMC - HEALTHY,17.35,17.35,17.0,17.08,17.13,238422
2026-09-02,MOMENTUM,BIRLASLAMC - MOMENTUM,31.07,31.11,30.73,31.04,31.07,98792
2026-09-02,NIFTYQLITY,BIRLASLAMC - NIFTYQLITY,21.87,21.87,21.23,21.39,21.44,27439
2026-09-02,SILVER,BIRLASLAMC - SILVER,226.99,226.99,224.1,225.17,227.52,697460
2026-09-02,TECH,BIRLASLAMC - TECH,34.49,34.66,33.56,34.14,34.24,107714
2026-09-02,ABSLPSE,BIRLASLAMC-ABSLPSE,10.17,10.17,9.97,10.07,10.05,186780
2026-09-02,BSOFT,BIRLASOFT LIMITED,294.6,299.45,291.8,294.4,295.8,1273310
2026-09-02,BBOX,BLACK BOX LIMITED,722.0,728.0,709.15,725.2,719.95,207783
2026-09-02,BLACKBUCK,BLACKBUCK LIMITED,578.2,584.7,570.1,581.65,580.3,232439
2026-09-02,BLBLIMITED,BLB LIMITED,16.25,17.5,15.82,17.11,16.15,361782
2026-09-02,BLSE,BLS E-SERVICES LIMITED,329.05,330.4,322.5,322.85,327.7,151988
2026-09-02,BLS,BLS INTL SERVS LTD,238.09,238.09,234.0,235.22,238.19,620128
2026-09-02,BLUECLOUDS,BLUE CLOUD SOFTECH SOLU L,20.0,20.02,19.61,19.89,19.99,1134230
2026-09-02,BLUEDART,BLUE DART EXPRESS LTD,5061.0,5133.9,4991.0,5017.5,5105.0,23531
2026-09-02,BLUEJET,BLUE JET HEALTHCARE LTD,586.3,586.3,576.5,580.35,586.35,275975
2026-09-02,BLUESTARCO,BLUE STAR LIMITED,1491.0,1491.0,1432.5,1445.3,1490.9,657972
2026-09-02,BLUESTONE,BLUESTONE JEWEL LFSTL LTD,810.0,819.0,794.55,813.4,813.25,351724
2026-09-02,BLUSPRING,BLUSPRING ENTERPRISES LTD,121.88,133.61,120.71,132.44,121.47,1043522
2026-09-02,BMWVENTLTD,BMW VENTURES LIMITED,56.24,56.24,55.0,55.23,55.28,51206
2026-09-02,BNAGROCHEM,BN AGROCHEM LTD.,225.05,228.89,218.0,225.0,229.0,1745
2026-09-02,BODALCHEM,BODAL CHEMICALS LTD,126.51,151.89,119.0,145.45,126.76,30271526
2026-09-02,BTML,BODHI TREE MULTIMEDIA LTD,8.13,8.19,7.9,8.08,8.06,453815
2026-09-02,BOHRAIND,BOHRA INDUSTRIES LIMITED,13.34,13.34,12.24,12.36,12.69,21139
2026-09-02,BBTC,BOMBAY BURMAH TRADING COR,1524.1,1538.3,1490.2,1492.7,1539.0,76820
2026-09-02,BOMDYEING,BOMBAY DYEING & MFG. CO L,112.7,115.5,111.47,113.86,113.49,568186
2026-09-02,BSHSL,BOMBAY SUPER HYBRID SEEDS,89.03,90.89,89.03,89.91,89.03,3027
2026-09-02,BONLON,BONLON INDUSTRIES LIMITED,41.91,42.89,40.01,40.24,41.71,4432
2026-09-02,BORANA,BORANA WEAVES LIMITED,308.5,310.5,303.0,304.9,309.15,19418
2026-09-02,BOROLTD,BOROSIL LIMITED,241.1,253.77,236.51,249.92,241.85,310915
2026-09-02,BORORENEW,BOROSIL RENEWABLES LTD,493.0,499.0,487.8,495.75,497.15,172957
2026-09-02,BOROSCI,BOROSIL SCIENTIFIC LTD,126.37,134.0,126.37,131.31,127.65,92825
2026-09-02,BOSCH-HCIL,BOSCH HOME COMFRT IND LTD,1746.5,1750.8,1686.4,1733.9,1745.5,29791
2026-09-02,BOSCHLTD,BOSCH LIMITED,47780.0,48090.0,46410.0,47250.0,48550.0,50832
2026-09-02,BPL,BPL LTD,49.6,50.74,49.2,49.78,50.02,59833
2026-09-02,BRAHMINFRA,BRAHMAPUTRA INFRA L,162.0,167.99,159.99,164.96,157.41,46742
2026-09-02,FIRSTCRY,BRAINBEES SOLUTIONS LTD,176.98,176.98,168.15,170.82,177.67,2461807
2026-09-02,BCONCEPTS,BRAND CONCEPTS LIMITED,158.57,168.8,158.57,165.27,162.75,7512
2026-09-02,BRIGADE,BRIGADE ENTER. LTD,639.7,658.0,622.6,640.0,645.1,258628
2026-09-02,BRIGHOTEL,BRIGADE HOTEL VENTURE LTD,58.32,59.39,58.01,58.42,58.32,76485
2026-09-02,BRIGHTBR,BRIGHT BROTHERS LTD.,259.4,259.4,247.55,258.25,260.0,1199
2026-09-02,BCG,BRIGHTCOM GROUP LIMITED,9.01,9.02,8.9,8.92,9.0,3198107
2026-09-02,BRITANNIA,BRITANNIA INDUSTRIES LTD,5135.0,5172.0,5046.0,5154.0,5187.0,325672
2026-09-02,BSE,BSE LIMITED,3222.6,3265.0,3131.5,3168.0,3242.0,6510791
2026-09-02,BSL,BSL LTD,122.89,123.0,121.05,122.12,123.25,1740
2026-09-02,BUTTERFLY,BTRFLY GANDHI APPL LTD,624.35,624.35,611.1,614.25,624.35,12254
2026-09-02,BURNPUR,BURNPUR CEMENT LIMITED,19.57,19.57,18.05,19.57,18.64,467871
2026-09-02,CGVAK,C G V A K SOFTWARE & EX L,150.01,152.98,148.0,148.93,152.99,1333
2026-09-02,MAPMYINDIA,C.E. INFO SYSTEMS LIMITED,999.8,1000.3,978.3,982.6,999.6,114018
2026-09-02,CMLL,CALIBER MINING AND LOG L,501.0,521.0,491.0,495.45,501.4,716590
2026-09-02,CALSOFT,CALIFORNIA SOFTWARE CO LT,40.49,41.08,40.11,41.08,39.13,283152
2026-09-02,CAMLINFINE,CAMLIN FINE SCIENCES LTD,102.01,103.3,101.0,102.8,102.14,384536
2026-09-02,CAMPUS,CAMPUS ACTIVEWEAR LIMITED,223.5,223.5,220.1,220.87,223.92,248414
2026-09-02,CANFINHOME,CAN FIN HOMES LTD,786.5,798.0,783.0,795.3,793.4,171636
2026-09-02,CANBK,CANARA BANK,125.35,126.99,124.38,126.3,125.6,13231733
2026-09-02,CANHLIFE,CANARA HSBC LIFE INS CO L,154.18,154.99,151.55,152.81,154.18,315187
2026-09-02,CRAMC,CANARA ROBECO AMC LIMITED,255.0,255.0,251.5,252.85,255.35,166410
2026-09-02,CANTABIL,CANTABIL RETAIL LTD,241.4,241.58,235.21,236.6,241.92,96859
2026-09-02,CAPACITE,CAPACITE INFRAPROJECT LTD,207.5,209.94,201.51,205.02,208.64,471954
2026-09-02,CAPILLARY,CAPILLARY TECHNO INDIA L,491.8,491.8,482.0,484.0,491.8,79393
2026-09-02,CIFL,CAPITAL INDIA FINANCE LTD,20.31,20.64,20.3,20.41,20.38,8872
2026-09-02,CAPITALSFB,CAPITAL SMALL FIN BANK L,284.85,284.9,280.05,283.25,284.4,10917
2026-09-02,CAPLIPOINT,CAPLIN POINT LAB LTD.,2710.0,2735.8,2650.0,2720.5,2711.2,373618
2026-09-02,CGCL,CAPRI GLOBAL CAPITAL LTD,250.85,259.0,249.0,256.6,250.9,3713359
2026-09-02,CPL,CAPTAIN POLYPLAST LIMITED,63.06,65.17,61.52,61.87,64.27,144900
2026-09-02,CARBORUNIV,CARBORUNDUM UNIVERSAL LTD,1100.5,1107.6,1068.5,1071.5,1100.5,146299
2026-09-02,CARERATING,CARE RATINGS LIMITED,1694.0,1727.5,1675.2,1683.0,1705.0,101976
2026-09-02,CPEDU,CAREER POINT EDUTECH LTD,178.0,189.0,178.0,186.93,183.28,2202
2026-09-02,CARRARO,CARRARO INDIA LIMITED,539.95,559.0,535.0,542.0,542.25,88463
2026-09-02,CARTRADE,CARTRADE TECH LIMITED,2933.4,2990.6,2914.0,2932.3,2970.1,157344
2026-09-02,CARYSIL,CARYSIL LIMITED,1102.6,1147.8,1102.6,1139.2,1118.0,43539
2026-09-02,CASTROLIND,CASTROL INDIA LIMITED,185.4,186.4,184.2,186.08,186.02,858851
2026-09-02,CCL,CCL PRODUCTS (I) LTD,1096.6,1106.6,1074.5,1086.1,1100.1,145991
2026-09-02,CEATLTD,CEAT LIMITED,3381.6,3382.3,3337.0,3347.8,3400.2,47129
2026-09-02,CEIGALL,CEIGALL INDIA LIMITED,342.9,344.7,338.9,340.6,344.7,203190
2026-09-02,CEINSYS,CEINSYS TECH LIMITED,698.0,720.0,694.95,697.9,704.4,63889
2026-09-02,CELEBRITY,CELEBRITY FASHIONS LTD,6.7,6.9,6.46,6.75,6.74,10192
2026-09-02,CELLO,CELLO WORLD LIMITED,349.4,349.4,343.15,347.6,349.4,201808
2026-09-02,CEMPRO,CEMINDIA PROJECTS LIMITED,1244.0,1244.1,1213.4,1235.8,1244.1,188580
2026-09-02,CENTRALBK,CENTRAL BANK OF INDIA,30.19,30.53,29.89,30.37,30.31,6820964
2026-09-02,CDSL,CENTRAL DEPO SER (I) LTD,1378.0,1379.7,1355.9,1365.2,1391.0,858052
2026-09-02,CMPDI,CENTRAL MINE P N D INST L,222.0,226.3,219.2,222.97,222.68,906471
2026-09-02,CENTRUM,CENTRUM CAPITAL LIMITED,22.3,23.1,22.05,22.9,22.33,201793
2026-09-02,CENTUM,CENTUM ELECTRONICS LTD,3467.7,3595.0,3437.2,3555.3,3420.1,117868
2026-09-02,CENTENKA,CENTURY ENKA LTD,560.0,624.8,560.0,602.35,544.1,9590323
2026-09-02,CENTEXT,CENTURY EXTRUSIONS LTD,22.23,22.91,21.81,22.49,22.28,184050
2026-09-02,CENTURYPLY,CENTURY PLYBOARDS (I) LTD,754.95,757.35,745.1,748.45,755.45,25519
2026-09-02,CERA,CERA SANITARYWARE LTD,5700.0,5712.0,5641.0,5662.5,5717.5,2090
2026-09-02,CESC,CESC LTD,144.52,147.94,143.55,146.44,145.15,1227110
2026-09-02,CGPOWER,CG POWER AND IND SOL LTD,878.05,881.4,870.0,877.75,885.5,2061765
2026-09-02,CHALET,CHALET HOTELS LIMITED,897.55,904.7,884.5,897.95,897.5,70205
2026-09-02,CLSEL,CHAMAN LAL SETIA EXP LTD,301.0,306.85,298.0,301.4,302.4,70678
2026-09-02,CHAMBLFERT,CHAMBAL FERTILIZERS LTD,412.4,414.65,407.25,411.45,412.3,739003
2026-09-02,CHEMBOND,CHEMBOND MATERIALTECH LTD,174.44,174.44,165.61,167.67,168.99,3886
2026-09-02,CHEMCRUX,CHEMCRUX ENTERPRISES LTD.,83.24,83.85,80.24,81.52,83.24,3519
2026-09-02,CHEMFAB,CHEMFAB ALKALIS LIMITED,366.0,366.0,351.8,355.25,362.8,2940
2026-09-02,CHEMPLASTS,CHEMPLAST SANMAR LIMITED,171.13,172.38,167.61,169.83,170.35,128382
2026-09-02,CHENNPETRO,CHENNAI PETROLEUM CORP LT,1396.6,1423.5,1382.5,1414.0,1387.0,1672746
2026-09-02,CHEVIOT,CHEVIOT COMPANY LIMITED,1112.1,1159.0,1101.0,1150.6,1124.6,1549
2026-09-02,CHOICEIN,CHOICE INTERNATIONAL LTD,773.0,774.75,760.0,763.4,774.7,203010
2026-09-02,CHOICEGOLD,CHOICEAMC - CHOICEGOLD,150.3,150.3,147.94,148.39,150.62,6727
2026-09-02,CHOLAHLDNG,CHOLAMANDALAM FIN HOL LTD,1470.0,1501.0,1437.0,1489.0,1475.0,143781
2026-09-02,CHOLAFIN,CHOLAMANDALAM IN & FIN CO,1796.0,1825.9,1773.5,1825.9,1814.7,853169
2026-09-02,CIEINDIA,CIE AUTOMOTIVE INDIA LTD,392.0,392.0,383.85,385.0,390.85,191339
2026-09-02,CINELINE,CINELINE INDIA LIMITED,88.98,89.59,88.0,88.18,88.95,8621
2026-09-02,CINEVISTA,CINEVISTA LIMITED,14.78,15.09,13.96,14.4,14.38,11609
2026-09-02,CIPLA,CIPLA LTD,1414.0,1417.0,1401.2,1412.8,1423.0,578260
2026-09-02,CUB,CITY UNION BANK LTD,231.9,231.9,226.4,230.61,234.99,2227407
2026-09-02,CLEANMAX,CLEAN MAX ENVIRO EN SOL L,1240.0,1267.0,1225.1,1257.6,1249.5,104707
2026-09-02,CLEAN,CLEAN SCIENCE & TECH LTD,826.35,869.1,815.5,863.15,827.1,1112817
2026-09-02,CMRGREEN,CMR GREEN TECHNOLOGIES L,231.03,231.03,223.58,224.71,231.03,277896
2026-09-02,CMSINFO,CMS INFO SYSTEMS LIMITED,248.0,254.0,245.62,249.3,247.67,625944
2026-09-02,COALINDIA,COAL INDIA LTD,408.2,422.4,406.5,417.85,401.6,34130970
2026-09-02,COASTCORP,COASTAL CORPORATION LTD,39.5,40.58,39.0,39.4,39.84,59914
2026-09-02,COCHINSHIP,COCHIN SHIPYARD LIMITED,1473.9,1473.9,1452.1,1463.0,1475.9,327832
2026-09-02,COFORGE,COFORGE LIMITED,1970.0,1975.0,1942.0,1965.7,1988.9,1665060
2026-09-02,COHANCE,COHANCE LIFESCIENCES LTD,460.0,469.6,452.2,458.3,460.0,417152
2026-09-02,COLPAL,COLGATE PALMOLIVE LTD.,1848.8,1862.6,1831.9,1861.5,1859.8,274685
2026-09-02,COMFINTE,COMFORT INTECH LTD.,6.3,6.3,6.15,6.23,6.2,116294
2026-09-02,COMSYN,COMMERCIAL SYN BAGS LTD,302.6,314.85,297.0,302.65,304.35,113506
2026-09-02,COMPEAU,COMPETENT AUTOMOB CO. L,359.5,366.0,354.0,354.0,359.65,561
2026-09-02,COMPUSOFT,COMPUCOM SOFTWARE LTD,13.61,13.61,13.0,13.38,13.48,17899
2026-09-02,CAMS,COMPUTER AGE MNGT SER LTD,751.0,752.0,730.55,741.85,752.0,1271642
2026-09-02,CONCORDBIO,CONCORD BIOTECH LIMITED,1485.0,1492.8,1440.9,1444.8,1484.3,90956
2026-09-02,CEWATER,CONCORD ENVIRO SYSTEMS L,262.0,267.1,256.7,263.3,262.7,44650
2026-09-02,CFEL,CONFIDENCE FUTURIST ENE L,31.9,32.75,31.0,31.8,30.88,18100
2026-09-02,CONFIPET,CONFIDENCE PETRO IND LTD.,80.11,84.4,78.85,82.55,80.34,5113322
2026-09-02,CCCL,CONS. CONST. CONSORT LTD,14.45,14.49,14.01,14.31,14.45,102155
2026-09-02,CONCOR,CONTAINER CORP OF IND LTD,510.0,520.75,508.25,510.0,514.0,2202359
2026-09-02,CONTROLPR,CONTROL PRINT LIMITED,597.8,607.0,588.0,603.3,597.8,64466
2026-09-02,CORALFINAC,CORAL INDIA FIN & HOUS LT,33.0,33.0,32.01,32.36,32.21,17316
2026-09-02,CORDSCABLE,CORDS CABLE INDUS LTD.,319.85,329.3,305.5,315.5,312.95,516769
2026-09-02,COROMANDEL,COROMANDEL INTERNTL. LTD,1916.1,1929.5,1890.0,1914.6,1922.9,95960
2026-09-02,CORONA,CORONA REMEDIES LIMITED,2031.0,2073.1,2020.2,2054.2,2033.3,9979
2026-09-02,COSMOFIRST,COSMO FIRST LIMITED,950.2,966.0,938.85,952.85,949.65,136691
2026-09-02,CCHHL,COUNTRY CLUB HOSP HOL LTD,12.9,12.9,12.22,12.42,12.77,20907
2026-09-02,CPCAP,CP CAPITAL LIMITED,118.33,118.5,113.0,115.16,117.72,7926
2026-09-02,CPSEETF,CPSE ETF,94.84,94.84,92.06,93.64,92.53,1238289
2026-09-02,CRAFTSMAN,CRAFTSMAN AUTOMATION LTD,11215.0,11215.0,10927.0,10999.0,11253.0,43059
2026-09-02,CRAVATEX,CRAVATEX LTD.,339.0,339.0,339.0,339.0,318.1,1
2026-09-02,CREATIVEYE,CREATIVE EYE LIMITED,6.18,6.18,6.0,6.15,6.09,1356
2026-09-02,CNL,CREATIVE NEWTECH LIMITED,1246.0,1270.0,1225.0,1259.6,1245.5,17267
2026-09-02,CREDITACC,CREDITACCESS GRAMEEN LTD,1379.0,1410.9,1362.2,1403.4,1393.3,394282
2026-09-02,MUFTI,CREDO BRANDS MARKETING L,72.81,73.78,71.5,72.13,72.81,98065
2026-09-02,CREST,CREST VENTURES LIMITED,357.0,370.0,357.0,364.95,364.45,4044
2026-09-02,CRISIL,CRISIL LTD,4770.3,4793.2,4672.0,4701.7,4829.5,40753
2026-09-02,CRIZAC,CRIZAC LIMITED,164.95,170.42,161.66,165.3,164.63,380389
2026-09-02,CROMPTON,CROMPT GREA CON ELEC LTD,230.9,230.9,226.05,227.72,231.1,3476670
2026-09-02,CROWN,CROWN LIFTERS LIMITED,110.9,112.0,107.21,108.27,109.04,7390
2026-09-02,CSBBANK,CSB BANK LIMITED,337.1,338.0,328.7,331.65,338.95,340893
2026-09-02,CSLFINANCE,CSL FINANCE LIMITED,239.95,242.0,230.65,239.05,236.92,46180
2026-09-02,CSM,CSM TECHNOLOGIES LIMITED,94.49,96.3,93.12,95.94,94.49,130639
2026-09-02,CUBEXTUB,CUBEX TUBINGS LTD,76.81,76.96,75.5,76.07,76.82,22424
2026-09-02,CUMMINSIND,CUMMINS INDIA LTD,5089.0,5089.0,5001.0,5088.5,5105.0,368600
2026-09-02,CUPID,CUPID LIMITED,275.05,282.3,274.0,280.7,275.05,9328144
2026-09-02,CURAA,CURA TECHNOLOGIES LIMITED,68.34,68.5,67.0,67.04,67.0,39
2026-09-02,CYBERMEDIA,CYBER MEDIA (INDIA) LTD.,19.0,20.05,18.11,19.9,18.66,83153
2026-09-02,CYIENTDLM,CYIENT DLM LIMITED,852.0,865.1,836.05,854.75,857.2,581016
2026-09-02,CYIENT,CYIENT LIMITED,1150.0,1150.0,1114.5,1122.2,1164.6,820374
2026-09-02,DLINKINDIA,D-LINK INDIA LTD,436.0,456.9,430.05,447.85,436.1,411216
2026-09-02,DPABHUSHAN,D. P. ABHUSHAN LIMITED,1408.9,1408.9,1356.9,1370.4,1416.0,24177
2026-09-02,DBCORP,D.B.CORP LTD,197.1,199.02,193.05,194.27,197.76,97496
2026-09-02,DABUR,DABUR INDIA LTD,383.7,383.7,377.6,379.0,384.0,1597939
2026-09-02,DAICHI,DAI-ICHI KARKARIA LTD.,337.8,355.95,331.5,352.3,339.0,18127
2026-09-02,DALBHARAT,DALMIA BHARAT LIMITED,1801.9,1802.0,1760.2,1773.1,1806.6,58918
2026-09-02,DALMIASUG,DALMIA BHARAT SUG IN LTD,462.5,472.95,450.5,456.55,467.85,337632
2026-09-02,DAMCAPITAL,DAM CAPITAL ADVISORS LTD,141.15,144.99,139.64,144.16,141.45,271119
2026-09-02,DANGEE,DANGEE DUMS LIMITED,2.74,2.97,2.63,2.87,2.71,91306
2026-09-02,DATAPATTNS,DATA PATTERNS INDIA LTD,4505.2,4543.6,4454.0,4516.7,4515.2,292275
2026-09-02,DATAMATICS,DATAMATICS GLOBAL SER LTD,767.7,769.45,760.15,763.95,771.05,29964
2026-09-02,DAVANGERE,DAVANGERE SUGAR COMPANY L,2.1,2.13,2.06,2.09,2.08,9326102
2026-09-02,DCI,DC INFOTECH AND COMUN LTD,374.0,376.6,345.8,354.55,369.7,249417
2026-09-02,DCBBANK,DCB BANK LIMITED,224.39,224.39,218.55,222.34,224.39,2487065
2026-09-02,DCMFINSERV,DCM FINANCIAL SERVICES LT,5.2,5.41,5.05,5.21,5.22,9021
2026-09-02,DCMNVL,DCM NOUVELLE LIMITED,189.73,193.0,185.0,185.47,189.67,31825
2026-09-02,DCMSRIND,DCM SHRIRAM IND LTD,45.98,47.48,45.98,46.81,46.61,170129
2026-09-02,DCMSIL,DCM SHRIRAM INTERNATNL L,69.48,72.83,69.48,71.65,70.98,55181
2026-09-02,DCMSHRIRAM,DCM SHRIRAM LIMITED,1033.0,1052.5,1021.0,1028.0,1030.4,88712
2026-09-02,DCW,DCW LTD,44.55,48.2,43.75,47.61,44.58,6153160
2026-09-02,DCXINDIA,DCX SYSTEMS LIMITED,173.0,173.0,169.62,171.23,173.51,215087
2026-09-02,DDEVPLSTIK,DDEV PLASTIKS IND LTD,280.4,280.4,272.95,274.05,278.75,64985
2026-09-02,DENORA,DE NORA INDIA LIMITED,802.0,824.0,802.0,816.95,813.9,1761
2026-09-02,DECCANCE,DECCAN CEMENTS LIMITED,567.05,573.7,567.0,571.3,574.4,2760
2026-09-02,DECNGOLD,DECCAN GOLD MINES LTD.,216.69,223.99,215.5,219.03,221.05,757656
2026-09-02,DEEDEV,DEE DEVELOPMENT ENG LTD,619.0,650.75,617.2,643.85,619.8,530818
2026-09-02,DEEPINDS,DEEP INDUSTRIES LIMITED,666.85,704.5,655.0,693.65,665.0,450290
2026-09-02,DEEP,DEEP POLYMERS LTD.,36.1,36.1,34.2,35.24,36.1,5874
2026-09-02,DEEPAKFERT,DEEPAK FERTILIZERS & PETR,1427.5,1433.2,1404.7,1416.7,1427.5,130758
2026-09-02,DEEPAKNTR,DEEPAK NITRITE LTD,1784.0,1789.5,1717.8,1734.1,1782.8,389513
2026-09-02,DELHIVERY,DELHIVERY LIMITED,458.5,459.7,452.5,454.8,460.8,1061104
2026-09-02,DELTACORP,DELTA CORP LIMITED,57.3,57.5,56.6,56.95,57.41,647310
2026-09-02,DELTAMAGNT,DELTA MANUFACTURING LTD,57.87,57.87,55.1,57.74,58.45,2805
2026-09-02,DEN,DEN NETWORKS LTD,27.9,27.93,27.33,27.85,27.77,304255
2026-09-02,DENTA,DENTA WATER N INFRA SOL L,271.0,275.9,262.9,270.5,270.35,111326
2026-09-02,DEVX,DEV ACCELERATOR LIMITED,33.4,34.68,32.8,33.01,32.99,114889
2026-09-02,DEVIT,DEV INFO TECHNOLOGY LTD,24.61,25.09,24.6,24.64,25.02,12989
2026-09-02,DEVYANI,DEVYANI INTERNATIONAL LTD,137.4,138.55,135.35,138.07,138.69,1211173
2026-09-02,DBOL,DHAMPUR BIO ORGANICS LTD,126.6,130.95,125.7,128.18,126.76,136571
2026-09-02,DHAMPURSUG,DHAMPUR SUGAR MILLS LTD.,172.2,176.79,168.03,170.67,172.82,655398
2026-09-02,DHANBANK,DHANLAXMI BANK LIMITED,31.91,31.92,31.3,31.5,32.05,612773
2026-09-02,DHANUKA,DHANUKA AGRITECH LTD,980.0,999.8,972.8,995.7,990.35,17041
2026-09-02,DHARMAJ,DHARMAJ CROP GUARD LTD,267.5,271.0,267.5,270.0,269.75,105881
2026-09-02,DHATRE,DHATRE UDYOG LTD.,4.45,4.45,4.2,4.32,4.35,16175
2026-09-02,DHOOTTRANS,DHOOT TRANSMISSION LTD,1433.1,1595.0,1424.0,1522.1,1450.1,4833587
2026-09-02,DHRUV,DHRUV CONSULTANCY SER LTD,23.5,23.85,23.01,23.4,23.5,4896
2026-09-02,DHUNINV,DHUNSERI INVESTMENTS LTD,987.9,1021.0,985.5,1016.65,987.3,2140
2026-09-02,DTIL,DHUNSERI TEA & IND. LTD.,153.5,153.5,148.5,149.95,153.5,11996
2026-09-02,DVL,DHUNSERI VENTURES LIMITED,282.5,287.0,275.1,285.65,282.5,14922
2026-09-02,DIAMINESQ,DIAMINES & CHEMICALS LTD,242.0,244.5,239.0,243.65,242.01,4583
2026-09-02,DICIND,DIC INDIA LIMITED,579.0,591.95,557.1,576.55,553.6,4900
2026-09-02,DIFFNKG,DIFFUSION ENGINEERS LTD,476.5,486.7,467.0,476.8,477.5,306772
2026-09-02,DGCONTENT,DIGICONTENT LIMITED,24.69,29.07,24.66,24.95,24.23,198027
2026-09-02,DIGIDRIVE,DIGIDRIVE DISTRIBUTORS L,17.62,17.82,17.26,17.69,17.82,10459
2026-09-02,DIGISPICE,DIGISPICE TECHNOLOGIES LT,16.81,17.1,16.7,16.97,17.0,50007
2026-09-02,DIGITIDE,DIGITIDE SOLUTIONS LTD,96.3,99.0,95.12,95.88,97.01,146462
2026-09-02,DIGJAMLMTD,DIGJAM LTD,49.1,50.0,49.0,49.01,49.17,2110
2026-09-02,DNAMEDIA,DILIGENT MEDIA CORP LTD.,2.55,2.69,2.5,2.53,2.58,26237
2026-09-02,DBL,DILIP BUILDCON LIMITED,394.7,396.65,390.55,395.05,394.8,58809
2026-09-02,DISAQ,DISA INDIA LTD.,12160.0,12160.0,11811.0,12008.0,11724.0,342
2026-09-02,DISHTV,DISH TV INDIA LTD.,2.67,2.7,2.64,2.65,2.67,741311
2026-09-02,DCAL,DISHMAN CARBO AMCIS LTD,182.0,183.62,174.82,176.85,181.83,225327
2026-09-02,DIVGIITTS,DIVGI TORQTRANSFER SYST L,1268.8,1277.3,1220.1,1244.4,1268.8,122025
2026-09-02,DIVISLAB,DIVI S LABORATORIES LTD,9121.5,9299.0,9104.5,9220.0,9165.0,403619
2026-09-02,DIXON,DIXON TECHNO (INDIA) LTD,14461.0,14620.0,14315.0,14590.0,14461.0,216702
2026-09-02,DJML,DJ MEDIAPRINT & LOG LTD,70.12,73.48,69.41,72.22,71.92,147754
2026-09-02,DLF,DLF LIMITED,666.0,673.55,651.3,673.55,675.15,3578778
2026-09-02,DMCC,DMCC SPECIALITY CHEMICALS,286.6,297.0,285.1,293.35,286.8,63510
2026-09-02,DODLA,DODLA DAIRY LIMITED,1067.9,1084.3,1056.3,1065.3,1066.2,34781
2026-09-02,DOLATALGO,DOLAT ALGOTECH LIMITED,70.13,70.88,69.57,69.96,70.93,178494
2026-09-02,DOLLAR,DOLLAR INDUSTRIES LIMITED,266.05,266.05,260.0,262.35,266.6,84900
2026-09-02,DOLPHIN,DOLPHIN OFF ENT (IND) L,598.0,608.0,565.5,603.45,583.3,34269
2026-09-02,DOMS,DOMS INDUSTRIES LIMITED,2220.0,2226.9,2193.4,2206.3,2229.0,29319
2026-09-02,DONEAR,DONEAR IND. LIMITED,84.4,85.35,83.01,83.46,84.02,8254
2026-09-02,AGARWALEYE,DR AGARWALS HEALTH CARE L,508.15,524.5,508.15,514.25,508.7,640862
2026-09-02,DRAGARWQ,DR. AGARWAL'S EYE HOSP L,5319.0,5489.5,5260.5,5420.0,5309.5,2319
2026-09-02,LALPATHLAB,DR. LAL PATH LABS LTD.,1904.4,1933.6,1893.1,1916.1,1904.4,178401
2026-09-02,DRREDDY,DR. REDDY S LABORATORIES,1165.0,1170.9,1156.5,1156.5,1171.0,486542
2026-09-02,DRCSYSTEMS,DRC SYSTEMS INDIA LIMITED,14.22,14.22,13.42,13.59,13.76,30334
2026-09-02,DREAMFOLKS,DREAMFOLKS SERVICES LTD,67.65,67.65,65.8,66.39,66.36,26461
2026-09-02,DREDGECORP,DREDGING CORP OF INDIA,1070.1,1084.8,1056.2,1060.9,1076.7,43034
2026-09-02,KEEPLEARN,DSJ KEEP LEARNING LTD,1.98,1.98,1.82,1.9,1.86,12851
2026-09-02,LIQUIDETF,DSP LIQUID ETF,1000.0,1000.01,999.99,999.99,999.99,94750
2026-09-02,BANK10ADD,DSPAMC - BANK10ADD,16.89,16.89,16.75,16.78,16.89,3657235
2026-09-02,BANKADD,DSPAMC - DSPBANK,58.63,58.69,58.37,58.56,58.77,9796
2026-09-02,GOLDADD,DSPAMC - DSPGOLD,14.7,14.7,14.46,14.51,14.73,12536983
2026-09-02,ITADD,DSPAMC - DSPIT,33.82,33.82,32.63,32.9,33.15,22005
2026-09-02,EQUAL50ADD,DSPAMC - DSPNEWETF,346.14,346.14,339.28,341.16,342.71,51998
2026-09-02,NIFTYADD,DSPAMC - DSPNIFTY,252.95,253.48,251.41,252.18,253.06,7958
2026-09-02,PSUBANKADD,DSPAMC - DSPPSBKETF,85.38,86.44,85.13,85.97,85.72,42893
2026-09-02,PVTBANKADD,DSPAMC - DSPPVBKETF,28.05,28.15,27.95,28.02,28.08,28206
2026-09-02,MIDQ50ADD,DSPAMC - DSPQ50ETF,25.21,26.0,24.91,25.1,25.44,134661
2026-09-02,SENSEXADD,DSPAMC - DSPSENXETF,78.88,79.13,78.76,79.03,79.37,484
2026-09-02,SILVERADD,DSPAMC - DSPSILVETF,21.8,21.85,21.64,21.71,22.08,2578958
2026-09-02,FLEXIADD,DSPAMC - FLEXIADD,10.2,10.27,9.98,10.03,10.15,87285
2026-09-02,FMCGADD,DSPAMC - FMCGADD,46.5,46.68,46.18,46.45,46.7,9246
2026-09-02,HEALTHADD,DSPAMC - HEALTHADD,16.83,16.83,16.69,16.73,16.83,91074
2026-09-02,LIQUIDADD,DSPAMC - LIQUIDADD,1143.0,1143.02,1142.98,1142.98,1142.86,538769
2026-09-02,MIDBANKADD,DSPAMC - MIDBANKADD,17.4,17.4,17.12,17.33,17.34,5659
2026-09-02,MIDCAPADD,DSPAMC - MIDCAPADD,23.3,23.3,23.04,23.17,23.33,15682
2026-09-02,MSCIADD,DSPAMC - MSCIADD,29.52,29.52,29.2,29.41,29.55,534
2026-09-02,NEXT30ADD,DSPAMC - NEXT30ADD,42.78,42.78,42.28,42.6,42.78,7799
2026-09-02,NEXT50ADD,DSPAMC - NEXT50ADD,72.6,73.56,72.4,73.56,73.36,4293
2026-09-02,SMALLADD,DSPAMC - SMALLADD,18.59,18.59,18.25,18.33,18.5,46783
2026-09-02,TOP10ADD,DSPAMC - TOP10ADD,90.26,90.26,87.5,87.87,88.06,176091
2026-09-02,DUCON,DUCON INFRATECHNOLOGIES L,2.15,2.15,1.92,2.08,2.07,1030380
2026-09-02,DWARKESH,DWARIKESH SUGAR IND LTD,49.15,50.75,48.12,48.78,49.14,3908597
2026-09-02,DSSL,DYNACONS SYS & SOLN LTD,1019.3,1039.6,1010.0,1016.0,1020.8,36263
2026-09-02,DYNAMATECH,DYNAMATIC TECHNOLOGIES,11612.0,11612.0,11350.0,11425.0,11678.0,9361
2026-09-02,DYCL,DYNAMIC CABLES LIMITED,542.0,550.0,530.25,535.55,542.4,1090048
2026-09-02,DYNPRO,DYNEMIC PRODUCTS LIMITED,228.1,234.21,224.0,229.06,230.19,10344
2026-09-02,EASTWEST,EAST WEST FREIGHT CARRI L,2.42,2.48,2.36,2.45,2.4,26674
2026-09-02,EASEMYTRIP,EASY TRIP PLANNERS LTD,5.99,6.14,5.86,6.0,5.99,11843898
2026-09-02,EBIX,EBIX LIMITED,19.06,20.5,19.06,20.03,19.99,79184
2026-09-02,ECLERX,ECLERX SERVICES LTD,1950.0,2020.0,1929.4,2004.5,1973.8,264722
2026-09-02,ECORECO,ECO RECYCLING LTD.,459.8,468.7,451.05,454.45,464.5,13107
2026-09-02,ECOSMOBLTY,ECOS (INDIA) MOB & HOSP L,114.05,124.19,112.5,114.79,115.16,438547
2026-09-02,BBETF0432,EDELAMC - BBETF0432,1341.35,1341.99,1336.85,1340.67,1338.05,1080
2026-09-02,EBANK10,EDELAMC - EBANK10,16.71,16.74,16.57,16.71,16.71,2651
2026-09-02,EBANKNIFTY,EDELAMC - EBANKNIFTY,57.32,57.9,57.32,57.83,57.95,597
2026-09-02,EBBETF0430,EDELAMC - EBBETF0430,1609.0,1609.0,1603.31,1606.0,1606.67,9788
2026-09-02,EBBETF0431,EDELAMC - EBBETF0431,1439.69,1439.69,1428.32,1431.77,1433.04,2018
2026-09-02,EBBETF0433,EDELAMC - EBBETF0433,1350.32,1350.32,1305.01,1309.22,1310.99,2242
2026-09-02,ECAPINSURE,EDELAMC - ECAPINSURE,23.71,23.9,23.35,23.76,23.88,27027
2026-09-02,EGOLD,EDELAMC - EGOLD,151.65,151.65,148.4,149.15,151.65,82638
2026-09-02,ELIQUID,EDELAMC - ELIQUID,1051.22,1051.22,1046.12,1046.13,1045.99,16863
2026-09-02,ELM250,EDELAMC - ELM250,16.73,16.75,16.45,16.5,16.65,287747
2026-09-02,ELMDIV,EDELAMC - ELMDIV,37.35,37.35,35.83,36.08,36.2,2336
2026-09-02,EMETAL,EDELAMC - EMETAL,13.61,13.61,13.05,13.15,13.28,5814
2026-09-02,EMULTIMQ,EDELAMC - EMULTIMQ,42.14,42.37,41.4,41.65,42.11,23272
2026-09-02,ENEXT50,EDELAMC - ENEXT50,72.49,72.77,71.85,72.09,72.91,2112
2026-09-02,ENIFTY,EDELAMC - ENIFTY,25.03,25.03,24.04,24.12,24.42,7983
2026-09-02,ESENSEX,EDELAMC - ESENSEX,78.88,78.88,76.53,77.0,78.16,304
2026-09-02,ESILVER,EDELAMC - ESILVER,226.78,226.78,224.29,224.97,227.73,251202
2026-09-02,EDELWEISS,EDELWEISS FIN SERV LTD,128.61,131.2,125.53,126.18,128.94,5705746
2026-09-02,EFCIL,EFC (I) LIMITED,200.0,200.92,197.6,199.12,201.34,203846
2026-09-02,EICHERMOT,EICHER MOTORS LTD,7860.0,7893.0,7507.5,7711.5,7970.0,1117588
2026-09-02,EIDPARRY,EID PARRY INDIA LTD,795.6,805.45,782.15,800.65,795.6,358986
2026-09-02,EIHAHOTELS,EIH ASSOCIATED HOTELS LTD,290.5,309.85,290.3,307.85,293.3,49556
2026-09-02,EIHOTEL,EIH LIMITED,290.0,292.8,285.0,285.8,294.45,174245
2026-09-02,EIMCOELECO,EIMCO ELECON (INDIA) LTD,2180.0,2247.8,2159.4,2194.6,2193.4,22028
2026-09-02,EKI,EKI ENERGY SERVICES LTD,76.99,77.0,72.52,75.8,73.69,16532
2026-09-02,ELANTAS,ELANTAS BECK INDIA LTD.,11590.0,12238.0,11403.0,11904.0,11297.0,8310
2026-09-02,ELCIDIN,ELCID INVESTMENTS LTD.,106170.0,107000.0,106170.0,107000.0,106700.0,3
2026-09-02,ELDEHSG,ELDECO HSG & IND LTD.,798.95,799.95,776.25,794.25,783.65,838
2026-09-02,ELECON,ELECON ENG. CO. LTD,412.6,418.35,406.2,416.6,412.25,329056
2026-09-02,EMIL,ELECTRONICS MART IND LTD,173.0,179.39,173.0,176.44,175.7,942548
2026-09-02,ELECTCAST,ELECTROSTEEL CASTINGS LTD,83.63,86.27,82.16,85.28,83.83,3654988
2026-09-02,ELECTHERM,ELECTROTHERM (I) LTD.,995.6,1005.9,981.1,1000.1,997.25,7593
2026-09-02,ELGIEQUIP,ELGI EQUIPMENTS LTD,627.05,627.05,613.9,616.75,628.9,340531
2026-09-02,ELGIRUBCO,ELGI RUBBER CO. LTD,60.66,61.8,59.4,60.88,60.66,56371
2026-09-02,ELIN,ELIN ELECTRONICS LIMITED,95.01,96.99,94.62,95.26,96.17,147098
2026-09-02,ELITECON,ELITECON INTERNATIONAL L,9.61,9.61,9.61,9.61,10.11,809638
2026-09-02,ELLEN,ELLENBARRIE INDUS GASES L,315.05,317.9,308.35,313.3,315.4,232113
2026-09-02,ELPROINTL,ELPRO INTERNATIONAL LTD,175.48,175.48,173.62,173.86,175.01,17302
2026-09-02,EMAMILTD,EMAMI LIMITED,375.95,375.95,366.1,368.05,376.65,1183546
2026-09-02,EMAMIREAL,EMAMI REALTY LIMITED,68.57,69.3,67.85,67.98,68.57,14408
2026-09-02,EMBDL,EMBASSY DEVELOPMENTS LTD,59.45,59.56,58.08,59.18,59.63,2150451
2026-09-02,EMCURE,EMCURE PHARMACEUTICALS L,1845.9,1880.0,1840.0,1858.4,1845.9,93727
2026-09-02,EMKAY,EMKAY GLOBAL FIN SERV LTD,266.75,266.75,252.15,255.3,264.1,34967
2026-09-02,EMMVEE,EMMVEE PHOTOVOLTAIC PWR L,316.2,327.45,315.9,324.7,319.25,1011269
2026-09-02,EMPIND,EMPIRE INDUSTRIES LTD.,1219.0,1221.0,1190.0,1196.9,1209.2,7580
2026-09-02,EMPOWER,EMPOWER INDIA LTD.,1.91,1.91,1.91,1.91,2.01,2054257
2026-09-02,EMSLIMITED,EMS LIMITED,391.0,409.5,380.0,386.8,372.4,8214302
2026-09-02,EMUDHRA,EMUDHRA LIMITED,533.8,536.1,520.0,522.15,533.1,72368
2026-09-02,ENDURANCE,ENDURANCE TECHNO. LTD.,2840.0,2841.3,2735.0,2755.9,2841.7,143316
2026-09-02,ENERGYDEV,ENERGY DEVE. CO.LTD,15.66,16.13,15.58,15.65,15.78,17038
2026-09-02,ENGINERSIN,ENGINEERS INDIA LTD,279.0,282.85,273.65,276.6,280.05,6781901
2026-09-02,ENKEIWHEL,ENKEI WHEELS (INDIA) LTD.,400.0,405.0,385.0,389.2,400.0,2735
2026-09-02,ENTERO,ENTERO HEALTHCARE SOLU L,1805.7,1834.0,1785.3,1797.4,1805.0,166967
2026-09-02,ENIL,ENTERTAIN NET. IND. LTD.,101.01,101.16,100.0,100.28,100.96,8961
2026-09-02,EIEL,ENVIRO INFRA ENGINEERS L,190.0,194.0,188.0,192.36,190.82,446613
2026-09-02,EPACK,EPACK DURABLE LIMITED,187.0,189.61,184.86,187.53,187.72,393677
2026-09-02,EPACKPEB,EPACK PREFAB TECHN LTD,221.92,227.95,220.0,225.04,224.0,479629
2026-09-02,EPIGRAL,EPIGRAL LIMITED,1235.0,1240.8,1206.2,1230.6,1239.5,35163
2026-09-02,EPL,EPL LIMITED,238.9,243.0,234.15,236.3,240.35,10496347
2026-09-02,EQUITASBNK,EQUITAS SMALL FIN BNK LTD,72.69,73.8,72.12,73.45,73.42,670856
2026-09-02,ERIS,ERIS LIFESCIENCES LIMITED,1292.0,1349.9,1265.1,1288.9,1299.9,152755
2026-09-02,ESABINDIA,ESAB INDIA LTD,6156.0,6175.5,6001.0,6038.5,6141.5,6800
2026-09-02,ESCORTS,ESCORTS KUBOTA LIMITED,3009.4,3039.9,2983.1,3019.4,3016.1,103177
2026-09-02,ESSARSHPNG,ESSAR SHIPPING LTD,16.99,16.99,16.5,16.73,16.83,147217
2026-09-02,ESTER,ESTER INDUSTRIES LTD,91.71,94.75,91.41,94.05,92.68,95277
2026-09-02,ETERNAL,ETERNAL LIMITED,325.5,327.5,320.3,327.3,327.75,20138975
2026-09-02,ETHOSLTD,ETHOS LIMITED,2879.4,2901.5,2820.0,2839.4,2879.4,25873
2026-09-02,EUREKAFORB,EUREKA FORBES LIMITED,425.5,426.3,419.85,422.95,427.8,81366
2026-09-02,EUROBOND,EURO PANEL PRODUCTS LTD,149.95,152.0,145.51,150.04,148.02,7429
2026-09-02,EUROPRATIK,EURO PRATIK SALES LIMITED,257.5,271.2,255.3,260.05,259.35,201379
2026-09-02,EVEREADY,EVEREADY INDS. IND.  LTD.,322.5,329.65,316.85,321.3,325.1,86932
2026-09-02,EKC,EVEREST KANTO CYLINDERLTD,105.62,107.0,104.46,106.25,105.79,127389
2026-09-02,EXCELINDUS,EXCEL INDUSTRIES LTD,1018.0,1035.1,1010.0,1027.4,1015.5,5547
2026-09-02,EXCELSOFT,EXCELSOFT TECHNOLOGIES L,70.0,70.0,69.05,69.62,69.79,171128
2026-09-02,EXICOM,EXICOM TELE SYSTEMS LTD,158.31,165.8,158.15,163.33,162.98,698763
2026-09-02,EXIDEIND,EXIDE INDUSTRIES LTD,435.0,436.5,423.7,425.65,436.25,2878998
2026-09-02,EXPLEOSOL,EXPLEO SOLUTIONS LIMITED,871.5,926.9,871.5,890.85,854.4,431972
2026-09-02,EXXARO,EXXARO TILES LIMITED,6.48,6.71,6.36,6.6,6.48,382891
2026-09-02,FABTECH,FABTECH TECHNOLOGIES LTD,147.64,149.79,145.77,147.84,147.6,62164
2026-09-02,FACT,FACT LTD,815.0,817.45,800.3,804.3,815.25,140166
2026-09-02,FAZE3Q,FAZE THREE LIMITED,482.8,491.95,473.0,488.75,490.55,17325
2026-09-02,FCSSOFT,FCS SOFTWARE SOLN. LTD.,1.45,1.5,1.44,1.45,1.45,2997571
2026-09-02,FDC,FDC LIMITED,334.25,344.6,328.8,340.6,333.6,159404
2026-09-02,FEDFINA,FEDBANK FINANCIAL SER L,155.0,158.5,153.89,157.57,156.21,704394
2026-09-02,FEDDERSHOL,FEDDERS HOLDING LTD.,45.99,46.94,45.0,45.99,45.21,954494
2026-09-02,FEDERALBNK,FEDERAL BANK LTD,349.0,353.5,345.2,353.35,349.25,6273256
2026-09-02,FMGOETZE,FEDERAL-MOGUL GOETZE (IND,626.0,628.75,607.4,612.4,624.85,1528240
2026-09-02,FERMENTA,FERMENTA BIOTECH LTD.,486.0,529.8,480.0,520.65,485.8,159537
2026-09-02,FIBERWEB,FIBERWEB INDIA LIMITED,26.0,26.0,25.52,25.76,26.15,12490
2026-09-02,FIEMIND,FIEM INDUSTRIES LIMITED,2085.0,2085.0,2040.0,2052.0,2085.7,55396
2026-09-02,FILATFASH,FILATEX FASHIONS LIMITED,0.18,0.19,0.18,0.18,0.18,20978413
2026-09-02,FILATEX,FILATEX INDIA LTD,73.0,75.21,72.1,73.31,73.74,1849818
2026-09-02,FINEORG,FINE ORGANIC IND. LTD.,5250.5,5251.5,5130.0,5146.5,5255.5,17127
2026-09-02,FCL,FINEOTEX CHEMICAL LIMITED,49.0,49.6,48.11,49.19,48.83,7723374
2026-09-02,FINKURVE,FINKURVE FINANCIAL SERV L,68.02,71.79,67.56,69.53,67.76,58734
2026-09-02,FINOPB,FINO PAYMENTS BANK LTD,137.12,145.78,135.0,140.49,136.44,871541
2026-09-02,FINCABLES,FINOLEX CABLES LTD,1232.3,1235.5,1186.5,1191.2,1248.3,643658
2026-09-02,FINPIPE,FINOLEX INDUSTRIES LTD,154.8,159.7,152.51,157.84,155.34,1132536
2026-09-02,FSL,FIRSTSOURCE SOLU. LTD.,263.8,272.0,262.2,270.4,266.0,674372
2026-09-02,FISCHER,FISCHER MEDICAL VENTURE L,37.67,38.0,36.76,37.73,36.77,651361
2026-09-02,FIVESTAR,FIVE-STAR BUS FIN LTD,535.0,535.0,518.5,524.85,538.1,558691
2026-09-02,FLAIR,FLAIR WRITING INDUST LTD,250.5,250.5,246.1,247.14,249.98,67200
2026-09-02,FOODSIN,FOODS & INNS LIMITED,53.37,56.0,53.2,54.78,53.46,374789
2026-09-02,FORCEMOT,FORCE MOTORS LIMITED,17720.0,17823.0,17360.0,17600.0,17722.0,103485
2026-09-02,FORTIS,FORTIS HEALTHCARE LTD,907.65,915.0,901.35,915.0,915.0,725295
2026-09-02,FOSECOIND,FOSECO INDIA LTD,6300.0,6369.5,6150.0,6183.0,6308.5,12329
2026-09-02,FRACTAL,FRACTAL ANALYTICS LIMITED,824.9,838.75,816.4,821.4,827.8,154219
2026-09-02,FREDUN,FREDUN PHARMACEUTICALS L,1497.8,1519.6,1470.0,1505.8,1497.8,9712
2026-09-02,FRONTSP,FRONTIER SPRINGS LTD.,1259.9,1264.3,1242.5,1250.4,1256.2,13571
2026-09-02,NYKAA,FSN E COMMERCE VENTURES,335.05,337.4,329.75,337.4,338.5,3267663
2026-09-02,UTLSOLAR,FUJIYAMA POWER SYSTEMS L,437.15,451.5,430.8,434.4,439.15,250798
2026-09-02,FUSION,FUSION FINANCE LIMITED,194.65,196.11,191.13,193.42,194.65,206791
2026-09-02,FMNL,FUTURE MKT NETWORKS LTD,10.09,10.2,9.62,9.64,10.04,15300
2026-09-02,GMBREW,G M BREWERIES LTD,876.0,889.9,871.0,885.4,876.2,19456
2026-09-02,GRINFRA,G R INFRAPROJECTS LIMITED,875.05,890.0,858.25,873.9,882.5,10763
2026-09-02,GABRIEL,GABRIEL INDIA LTD,1427.0,1434.9,1372.2,1384.9,1426.3,230274
2026-09-02,GAIL,GAIL (INDIA) LTD,172.6,173.6,171.02,173.0,172.69,5580510
2026-09-02,GAJA,GAJA ALT ASSET MGT LTD,159.75,164.7,158.1,163.83,161.79,2433047
2026-09-02,GALAPREC,GALA PRECISION ENG LTD,1015.3,1047.8,1002.0,1040.5,1009.6,35036
2026-09-02,GALAXYSURF,GALAXY SURFACTANTS LTD,2223.9,2244.0,2200.0,2223.1,2229.4,11285
2026-09-02,GALLANTT,GALLANTT ISPAT LIMITED,552.8,562.0,543.15,555.4,552.8,49632
2026-09-02,GANDHAR,GANDHAR OIL REFINE IND L,263.65,267.75,262.1,265.95,261.8,1018241
2026-09-02,GANDHITUBE,GANDHI SPL. TUBES LTD,891.65,904.5,887.35,896.4,896.6,7989
2026-09-02,GANESHCP,GANESH CONSUMER PRODUCT L,167.0,170.0,166.5,167.47,168.2,67303
2026-09-02,GANESHHOU,GANESH HOUSING LIMITED,773.95,773.95,757.05,762.0,775.2,11344
2026-09-02,GANECOS,GANESHA ECOSPHERE LIMITED,1026.5,1040.0,1001.8,1004.4,1024.6,53502
2026-09-02,GANGAFORGE,GANGA FORGING LIMITED,1.85,1.85,1.77,1.85,1.77,7078382
2026-09-02,GANGESSECU,GANGES SECURITIES LIMITED,118.1,119.8,115.7,117.87,118.03,1435
2026-09-02,GRSE,GARDEN REACH SHIP&ENG LTD,2523.0,2535.0,2487.0,2495.1,2530.2,273379
2026-09-02,GARUDA,GARUDA CONSTRUCT N ENG L,178.05,180.0,173.1,174.34,179.85,459289
2026-09-02,GRWRHITECH,GARWARE HI-TECH FILMS LTD,7178.0,7323.0,7115.0,7202.5,7209.5,27984
2026-09-02,GARFIBRES,GARWARE TECH FIBRES LTD,846.95,846.95,810.3,814.75,842.7,52451
2026-09-02,GATEWAY,GATEWAY DISTRIPARKS LTD,53.4,53.53,52.4,53.1,52.86,928175
2026-09-02,GAYAHWS,GAYATRI HIGHWAYS LIMITED,2.02,2.09,1.95,1.99,2.02,215434
2026-09-02,GAYAPROJ,GAYATRI PROJECTS LTD,20.51,21.72,20.35,21.46,20.69,549373
2026-09-02,GVPIL,GE POWER INDIA LIMITED,622.8,638.45,608.0,632.15,622.55,125940
2026-09-02,GVT&D,GE VERNOVA T&D INDIA LTD,4280.0,4282.5,4183.2,4240.0,4324.0,836148
2026-09-02,GEEKAYWIRE,GEEKAY WIRES LIMITED,31.2,31.2,27.51,27.86,29.09,334848
2026-09-02,GEMAROMA,GEM AROMATICS LIMITED,167.35,169.0,162.88,164.17,166.69,63560
2026-09-02,GICRE,GENERAL INS CORP OF INDIA,354.95,358.45,352.25,355.45,354.75,1798962
2026-09-02,GENCON,GENERIC ENG CONS PROJ LTD,45.41,45.41,43.51,44.33,44.93,245355
2026-09-02,GENESYS,GENESYS INTL CORPN LTD,225.0,225.79,216.35,219.87,225.93,396489
2026-09-02,GENUSPAPER,GENUS P&B LIMITED,12.04,12.14,11.82,11.96,11.99,42138
2026-09-02,GENUSPOWER,GENUS POWER INFRASTRU LTD,325.0,341.0,324.0,336.15,327.9,3705712
2026-09-02,GEOJITFSL,GEOJIT FINANCIAL SER L,83.0,83.22,81.77,82.76,83.22,225428
2026-09-02,GFLLIMITED,GFL LIMITED,55.12,59.67,54.18,58.82,56.3,346841
2026-09-02,GHCL,GHCL LIMITED,435.0,438.15,431.0,435.1,435.6,53854
2026-09-02,GHCLTEXTIL,GHCL TEXTILES LIMITED,142.0,144.59,138.0,139.35,140.45,1397109
2026-09-02,GICHSGFIN,GIC HOUSING FINANCE LTD,140.6,148.38,139.5,145.82,141.95,155356
2026-09-02,GILLANDERS,GILLANDERS ARBUTHNOT LTD,106.0,108.89,103.0,105.02,105.83,3326
2026-09-02,GILLETTE,GILLETTE INDIA LTD,7400.0,7460.0,7306.0,7346.0,7419.5,20760
2026-09-02,GKENERGY,GK ENERGY LIMITED,132.0,133.7,128.82,131.04,132.08,225373
2026-09-02,GKB,GKB OPHTHALMICS LTD.,66.33,66.99,65.8,65.8,67.0,68
2026-09-02,GKWLIMITED,GKW LIMITED,1568.0,1600.0,1510.1,1593.3,1550.0,26045
2026-09-02,GLAND,GLAND PHARMA LIMITED,2915.0,2930.0,2803.0,2868.4,2875.0,556481
2026-09-02,GLAXO,GLAXOSMITHKLINE PHARMA LT,2972.6,2990.1,2908.5,2949.9,2996.1,59227
2026-09-02,GLENMARK,GLENMARK PHARMACEUTICALS,2455.0,2476.9,2420.0,2460.0,2470.4,516029
2026-09-02,GLOBAL,GLOBAL EDUCATION LIMITED,110.4,119.0,110.22,117.31,110.14,496539
2026-09-02,MEDANTA,GLOBAL HEALTH LIMITED,1455.0,1482.6,1440.0,1444.9,1458.1,224430
2026-09-02,GSLSU,GLOBAL SURFACES LIMITED,24.6,25.74,24.55,25.74,24.52,180235
2026-09-02,GLOBALVECT,GLOBAL VEC HELICORP LTD,140.5,143.99,139.21,142.93,142.2,5651
2026-09-02,GLOBALE,GLOBALE TESSILE LIMITED,11.3,11.3,10.65,11.23,11.2,3568
2026-09-02,GLOBECIVIL,GLOBE CIVIL PROJECTS LTD,47.0,47.7,45.2,46.84,46.21,158647
2026-09-02,GLOBE,GLOBE ENTERPRISE (I) LTD,1.9,1.93,1.87,1.91,1.9,610832
2026-09-02,GICL,GLOBE INTL CARRIERS LTD,23.56,24.9,23.3,23.99,23.74,234510
2026-09-02,GLOBUSSPR,GLOBUS SPIRITS LTD,914.45,918.95,892.55,908.75,914.95,110360
2026-09-02,GLOSTERLTD,GLOSTER LIMITED,581.1,599.7,581.1,585.35,591.5,1284
2026-09-02,GLOTTIS,GLOTTIS LIMITED,63.01,63.47,62.12,62.22,63.01,26138
2026-09-02,GMMPFAUDLR,GMM PFAUDLER LIMITED,1080.0,1089.6,1050.1,1070.0,1083.8,167948
2026-09-02,GMRAIRPORT,GMR AIRPORTS LIMITED,93.4,94.21,92.6,93.99,94.12,6108730
2026-09-02,GMRP&UI,GMR POW AND URBAN INFRA L,89.2,91.91,86.8,91.14,89.91,2248453
2026-09-02,GNA,GNA AXLES LIMITED,530.2,541.6,525.6,532.4,532.45,155940
2026-09-02,EBGNG,GNG ELECTRONICS LIMITED,650.0,673.4,637.6,641.8,650.5,1248083
2026-09-02,GODIGIT,GO DIGIT GENERAL INS LTD,258.05,262.2,255.2,258.4,260.75,121329
2026-09-02,GOCOLORS,GO FASHION INDIA LTD,323.45,326.65,318.5,323.35,323.45,51374
2026-09-02,GOACARBON,GOA CARBON LIMITED,366.15,373.0,363.0,365.8,369.05,6453
2026-09-02,GOCLCORP,GOCL CORPORATION LIMITED,387.75,395.0,382.55,391.7,387.35,22496
2026-09-02,GODAVARIB,GODAVARI BIOREFINERIES L,234.95,239.0,232.0,237.3,234.95,31043
2026-09-02,GPIL,GODAWARI POW & ISP LTD,243.41,243.41,237.01,239.39,243.41,1989265
2026-09-02,GODFRYPHLP,GODFREY PHILLIPS INDIA LT,2072.0,2074.8,2025.4,2025.4,2078.3,226079
2026-09-02,GODREJAGRO,GODREJ AGROVET LIMITED,652.0,679.7,650.0,670.25,654.4,2230141
2026-09-02,GODREJCP,GODREJ CONSUMER PRODUCTS,900.55,905.0,891.5,905.0,905.0,1120078
2026-09-02,GODREJIND,GODREJ INDUSTRIES LTD,1152.9,1152.9,1135.0,1138.8,1152.9,45406
2026-09-02,GODREJPROP,GODREJ PROPERTIES LTD,1950.0,1970.7,1908.9,1970.7,1978.0,770610
2026-09-02,GOKEX,GOKALDAS EXPORTS LTD.,774.0,779.9,767.0,770.1,780.5,138716
2026-09-02,GOKULAGRO,GOKUL AGRO RESOURCES LTD,235.4,238.0,229.68,234.19,236.58,487548
2026-09-02,GOKUL,GOKUL REFOILS & SOLV LTD,40.7,41.77,40.5,41.37,41.53,219183
2026-09-02,GOLDIAM,GOLDIAM INTERNATIONAL LTD,340.2,347.1,336.05,344.1,342.4,326183
2026-09-02,GOODLUCK,GOODLUCK INDIA LIMITED,453.1,479.9,448.0,474.75,452.9,674267
2026-09-02,GOODYEAR,GOODYEAR INDIA LIMITED,729.05,740.0,729.05,736.1,736.25,3995
2026-09-02,GOPAL,GOPAL SNACKS LIMITED,270.3,271.6,262.8,264.9,270.3,126055
2026-09-02,GOYALALUM,GOYAL ALUMINIUMS LIMITED,6.41,6.41,6.2,6.23,6.29,33923
2026-09-02,GPTHEALTH,GPT HEALTHCARE LIMITED,150.0,154.54,150.0,150.83,151.63,50195
2026-09-02,GPTINFRA,GPT INFRAPROJECTS LTD,107.55,119.13,106.41,110.71,107.72,1296483
2026-09-02,GRADIENTE,GRADIENTE INFOTAINMENT L,2.64,2.67,2.63,2.65,2.59,606549
2026-09-02,GRANDOAK,GRAND OAK CANYONS DIST L,36.28,36.28,34.42,34.58,36.23,7029
2026-09-02,GRANULES,GRANULES INDIA LIMITED,834.05,838.0,816.0,831.75,837.2,787511
2026-09-02,GRAPHITE,GRAPHITE INDIA LTD,732.0,737.0,721.05,726.6,732.9,680122
2026-09-02,GRASIM,GRASIM INDUSTRIES LTD,3292.0,3298.3,3235.5,3294.9,3305.0,1085964
2026-09-02,GRAUWEIL,GRAUER & WEIL IND LTD,68.81,70.79,68.81,70.06,69.25,219735
2026-09-02,GRAVISSHO,GRAVISS HOSPITALITY LTD.,30.99,30.99,30.79,30.83,28.2,128
2026-09-02,GRAVITA,GRAVITA INDIA LIMITED,1779.0,1789.5,1746.0,1749.1,1781.9,120612
2026-09-02,GREAVESCOT,GREAVES COTTON LTD.,195.0,196.66,193.25,194.2,197.8,785920
2026-09-02,GREENLAM,GREENLAM INDUSTRIES LTD.,242.61,244.9,240.35,242.06,242.61,50408
2026-09-02,GREENPANEL,GREENPANEL INDUSTRIES LTD,160.0,160.49,154.55,158.0,160.09,274624
2026-09-02,GREENPLY,GREENPLY INDUSTRIES LTD,285.35,288.7,280.6,283.7,286.2,76970
2026-09-02,GCSL,GRETEX CORPORATE SERVICES,564.5,575.65,564.5,571.85,562.9,556823
2026-09-02,GRINDWELL,GRINDWELL NORTON LIMITED,1983.3,1999.0,1950.1,1967.5,1983.3,14477
2026-09-02,GRMOVER,GRM OVERSEAS LIMITED,85.05,86.47,83.72,86.03,85.29,1220718
2026-09-02,CEMNTGROWW,GROWWAMC - CEMNTGROWW,15.04,15.04,14.4,14.53,14.68,118820
2026-09-02,GROWWCAPM,GROWWAMC - GROWWCAPM,11.4,11.4,11.19,11.2,11.37,559055
2026-09-02,GROWWCHEM,GROWWAMC - GROWWCHEM,29.92,30.25,29.58,30.01,30.0,8369265
2026-09-02,GROWWDEFNC,GROWWAMC - GROWWDEFNC,98.69,98.69,95.09,95.89,96.75,281797
2026-09-02,GROWWEV,GROWWAMC - GROWWEV,33.18,33.18,32.22,32.6,33.17,574173
2026-09-02,GROWWGOLD,GROWWAMC - GROWWGOLD,14.68,14.68,14.48,14.58,14.8,4454236
2026-09-02,GROWWHOSPI,GROWWAMC - GROWWHOSPI,52.38,52.38,51.54,51.85,52.21,223935
2026-09-02,GROWWLIQID,GROWWAMC - GROWWLIQID,110.59,110.6,110.59,110.59,110.58,488458
2026-09-02,GROWWLOVOL,GROWWAMC - GROWWLOVOL,10.3,10.52,10.21,10.3,10.38,22557
2026-09-02,GROWWMC150,GROWWAMC - GROWWMC150,230.75,233.0,229.52,232.09,234.07,1981
2026-09-02,GROWWMETAL,GROWWAMC - GROWWMETAL,12.7,12.77,12.33,12.48,12.52,421344
2026-09-02,GROWWMOM50,GROWWAMC - GROWWMOM50,11.18,11.18,10.88,11.01,11.02,184990
2026-09-02,GROWWN200,GROWWAMC - GROWWN200,11.42,11.45,11.21,11.31,11.28,57672
2026-09-02,GROWWNET,GROWWAMC - GROWWNET,10.71,10.95,10.6,10.73,10.77,823244
2026-09-02,GROWWNIFTY,GROWWAMC - GROWWNIFTY,9.7,9.78,9.64,9.67,9.72,856030
2026-09-02,GROWWNXT50,GROWWAMC - GROWWNXT50,73.35,73.55,72.35,73.23,73.35,6365
2026-09-02,GROWWPOWER,GROWWAMC - GROWWPOWER,11.19,11.27,11.03,11.18,11.16,1494406
2026-09-02,GROWWPSE,GROWWAMC - GROWWPSE,96.64,97.9,94.65,97.74,96.64,3893
2026-09-02,GROWWPSUBK,GROWWAMC - GROWWPSUBK,85.46,86.02,83.88,85.36,85.46,3573
2026-09-02,GROWWRAIL,GROWWAMC - GROWWRAIL,28.02,28.28,27.71,27.9,28.17,1386286
2026-09-02,GROWWRLTY,GROWWAMC - GROWWRLTY,9.94,10.04,9.75,9.92,9.96,297808
2026-09-02,GROWWSC250,GROWWAMC - GROWWSC250,10.91,10.91,10.45,10.58,10.65,134149
2026-09-02,GROWWSLVR,GROWWAMC - GROWWSLVR,22.1,22.22,22.0,22.08,22.27,1558535
2026-09-02,PVTBKGROWW,GROWWAMC - PVTBKGROWW,27.66,27.95,27.41,27.76,27.73,11623
2026-09-02,SMALLGROWW,GROWWAMC - SMALLGROWW,49.54,49.54,48.44,48.58,49.1,10965
2026-09-02,GRPLTD,GRP LIMITED,2035.0,2048.0,1983.2,2008.9,2025.6,771
2026-09-02,GSPCROP,GSP CROP SCIENCE LIMITED,621.0,627.3,614.55,625.95,621.7,51552
2026-09-02,GSS,GSS INFOTECH LIMITED,11.91,12.03,11.55,11.83,11.9,14411
2026-09-02,GTLINFRA,GTL INFRA.LTD,1.17,1.18,1.15,1.16,1.15,31318894
2026-09-02,GTL,GTL LTD,7.2,7.5,7.05,7.23,7.07,196396
2026-09-02,GTPL,GTPL HATHWAY LIMITED,58.2,58.2,55.51,56.17,57.14,55563
2026-09-02,GUFICBIO,GUFIC BIOSCIENCES LTD.,419.75,453.95,415.5,438.8,421.05,693834
2026-09-02,GIPCL,GUJ IND POW CO. LTD,200.35,207.94,197.51,205.94,198.8,1526007
2026-09-02,GNFC,GUJ NAR VAL FER & CHEM L,573.2,583.5,571.6,576.95,576.0,610680
2026-09-02,GSFC,GUJ STATE FERT & CHEM LTD,158.0,160.25,157.3,159.95,158.75,787261
2026-09-02,GUJAPOLLO,GUJ. APOLLO IND. LTD.,355.0,355.0,336.0,337.7,335.65,3595
2026-09-02,GUJALKALI,GUJARAT ALKALIES & CHEM,726.0,729.5,707.1,714.8,713.3,107798
2026-09-02,GAEL,GUJARAT AMBUJA EXPORTS LT,171.8,173.67,169.15,170.8,172.03,483798
2026-09-02,GUJENERGY,GUJARAT ENERGY LIMITED,255.0,262.8,253.65,262.29,254.3,2260654
2026-09-02,FLUOROCHEM,GUJARAT FLUOROCHEM LTD,4744.9,4746.0,4680.1,4727.7,4740.1,116596
2026-09-02,GKSL,GUJARAT KIDNEY N SUP SP L,162.45,171.9,161.5,168.3,162.45,817412
2026-09-02,GLFL,GUJARAT LEASE FINANCING L,5.7,5.92,5.64,5.8,5.93,6306
2026-09-02,GMDCLTD,GUJARAT MINERAL DEV CORP,558.0,562.85,555.55,557.65,562.25,395940
2026-09-02,GNRL,GUJARAT NATURAL RES L,95.9,95.9,94.7,94.84,95.56,58303
2026-09-02,GPPL,GUJARAT PIPAVAV PORT LTD,162.42,165.5,162.0,164.44,169.02,2172344
2026-09-02,GUJRAFFIA,GUJARAT RAFFIA INDUST LTD,40.02,41.45,39.46,40.0,39.96,1260
2026-09-02,GUJTHEM,GUJARAT THEMIS BIOSYN LTD,408.95,420.2,407.1,413.05,419.95,1719974
2026-09-02,GULFOILLUB,GULF OIL LUB. IND. LTD.,1133.0,1147.4,1118.0,1125.0,1132.8,64023
2026-09-02,GULPOLY,GULSHAN POLYOLS LIMITED,187.98,189.74,185.25,187.56,188.28,170753
2026-09-02,GVPTECH,GVP INFOTECH LIMITED,8.43,8.99,8.11,8.33,8.23,231970
2026-09-02,GYFTR,GYFTR LIMITED,183.95,189.17,173.5,183.0,182.15,102161
2026-09-02,HBESD,H B ESTATE DEVELOPERS L,74.9,75.9,74.9,75.0,75.27,224
2026-09-02,HGINFRA,H.G.INFRA ENGINEERING LTD,481.9,483.25,470.0,471.8,481.85,91321
2026-09-02,HALDER,HALDER VENTURE LIMITED,274.0,297.85,274.0,293.9,292.25,34207
2026-09-02,HALEOSLABS,HALEOS LABS LIMITED,1480.1,1490.0,1475.0,1481.4,1480.0,1498
2026-09-02,HAMPTON,HAMPTON SKY REALTY LTD.,8.33,8.33,7.87,8.17,8.03,6209
2026-09-02,HGM,HANDSON GBL MNGMNT LTD,49.77,49.77,46.55,48.34,48.67,15445
2026-09-02,HAPPSTMNDS,HAPPIEST MINDS TECHNO LTD,362.0,362.25,348.65,354.85,362.7,4999399
2026-09-02,HAPPYFORGE,HAPPY FORGINGS LIMITED,2380.8,2460.0,2340.0,2345.9,2420.4,102193
2026-09-02,HARDWYN,HARDWYN INDIA LIMITED,9.06,9.25,8.95,9.12,9.03,1367993
2026-09-02,HARIOMPIPE,HARIOM PIPE INDUSTRIES L,340.4,352.9,332.5,348.6,342.55,134360
2026-09-02,HRYNSHP,HARIYANA SHIP BREAKERS L,100.05,102.78,100.0,102.0,100.05,395
2026-09-02,HARRMALAYA,HARRISON MALAYALAM LTD,191.55,194.0,186.66,188.98,193.07,11701
2026-09-02,HARSHA,HARSHA ENGINEERS INT LTD,458.0,462.0,445.0,450.75,453.7,241531
2026-09-02,HATHWAY,HATHWAY CABLE & DATACOM,10.49,10.49,10.25,10.34,10.5,1410954
2026-09-02,HATSUN,HATSUN AGRO PRODUCT LTD.,1191.0,1222.0,1172.5,1193.6,1178.5,244250
2026-09-02,HAVELLS,HAVELLS INDIA LIMITED,1220.0,1220.0,1183.0,1193.0,1222.8,752254
2026-09-02,HAWKINCOOK,HAWKINS COOKERS LTD,8151.0,8220.5,8124.0,8194.5,8152.0,804
2026-09-02,HAZOOR,HAZOOR MULTI PROJECTS LTD,19.47,19.47,18.81,18.95,19.39,171123
2026-09-02,HBPOR,HB PORTFOLIO LTD.,59.99,60.0,58.05,59.99,59.99,515
2026-09-02,HBSL,HB STOCKHOLDINGS LIMITED,54.33,54.99,52.44,52.98,54.06,730
2026-09-02,HBLENGINE,HBL ENGINEERING LTD,658.05,663.0,648.0,660.2,659.2,519552
2026-09-02,HCL-INSYS,HCL INFOSYSTEMS LTD,10.72,10.72,10.25,10.32,10.46,237943
2026-09-02,HCLTECH,HCL TECHNOLOGIES LTD,1340.1,1349.3,1317.4,1331.5,1351.4,2739386
2026-09-02,HDBFS,HDB FINANCIAL SERVICES L,670.5,676.7,667.5,675.2,675.3,203242
2026-09-02,HDFCAMC,HDFC AMC LIMITED,2511.5,2528.5,2477.0,2525.7,2544.9,962353
2026-09-02,HDFCBANK,HDFC BANK LTD,702.3,705.65,700.0,700.8,711.9,36950338
2026-09-02,HDFCGOLD,HDFC GOLD ETF,128.34,128.43,127.28,127.8,129.71,4434615
2026-09-02,HDFCLIFE,HDFC LIFE INS CO LTD,538.0,538.0,532.05,533.0,540.3,1116864
2026-09-02,HDFCBSE500,HDFCAMC - HDFCBSE500,37.55,37.82,37.09,37.55,37.56,6500475
2026-09-02,HDFCGROWTH,HDFCAMC - HDFCGROWTH,119.31,119.8,118.7,119.13,120.24,33131
2026-09-02,HDFCLIQUID,HDFCAMC - HDFCLIQUID,1075.06,1078.79,1075.06,1076.27,1076.13,18114
2026-09-02,HDFCLOWVOL,HDFCAMC - HDFCLOWVOL,20.53,20.67,20.51,20.57,20.69,2076
2026-09-02,HDFCMID150,HDFCAMC - HDFCMID150,23.56,23.72,23.21,23.4,23.56,629418
2026-09-02,HDFCMOMENT,HDFCAMC - HDFCMOMENT,31.2,31.25,30.62,30.9,31.01,251617
2026-09-02,HDFCNEXT50,HDFCAMC - HDFCNEXT50,74.06,74.85,73.63,74.47,74.14,131262
2026-09-02,HDFCNIF100,HDFCAMC - HDFCNIF100,26.0,26.0,25.77,25.9,26.0,84250
2026-09-02,HDFCNIFBAN,HDFCAMC - HDFCNIFBAN,58.83,59.02,58.62,58.88,59.0,152224
2026-09-02,HDFCNIFIT,HDFCAMC - HDFCNIFIT,33.11,33.39,32.85,33.07,33.43,225637
2026-09-02,HDFCNIFTY,HDFCAMC - HDFCNIFTY,270.21,270.87,268.8,269.77,270.87,420555
2026-09-02,HDFCNIMEG,HDFCAMC - HDFCNIMEG,132.34,132.34,130.4,131.19,131.69,22753
2026-09-02,HDFCPVTBAN,HDFCAMC - HDFCPVTBAN,28.56,28.56,28.07,28.18,28.14,57961
2026-09-02,HDFCQUAL,HDFCAMC - HDFCQUAL,59.25,59.25,58.4,58.82,59.14,3956
2026-09-02,HDFCSENSEX,HDFCAMC - HDFCSENSEX,87.67,87.67,86.53,86.79,87.38,48366
2026-09-02,HDFCSILVER,HDFCAMC - HDFCSILVER,214.94,216.67,214.11,215.37,217.42,2903676
2026-09-02,HDFCSML250,HDFCAMC - HDFCSML250,185.64,185.64,183.13,184.13,185.65,1788565
2026-09-02,HDFCVALUE,HDFCAMC - HDFCVALUE,124.0,125.69,123.19,125.43,125.56,1842
2026-09-02,HDFCPSUBK,HDFCAMC HDFCPSUBK,85.49,86.49,85.24,85.92,85.73,15985
2026-09-02,HEADSUP,HEADS UP VENTURES LIMITED,6.72,7.0,6.6,6.83,6.85,9607
2026-09-02,HEALTHX,HEALTH X PLATFORM LIMITED,309.95,309.95,293.0,294.3,297.9,1875
2026-09-02,HCG,HEALTHCARE GLOB. ENT. LTD,704.4,716.55,695.8,699.3,704.4,95423
2026-09-02,HECPROJECT,HEC INFRA PROJECTS LTD,116.37,119.37,115.0,116.09,116.37,4614
2026-09-02,HEG,HEG LTD,725.0,726.3,702.95,706.4,729.9,1020619
2026-09-02,HEIDELBERG,HEIDELBERGCEMENT (I) LTD,157.0,159.38,157.0,157.87,158.1,138843
2026-09-02,HEMIPROP,HEMISPHERE PROP IND LTD,126.52,127.3,125.25,126.61,127.15,253856
2026-09-02,HERANBA,HERANBA INDUSTRIES LTD,175.99,177.32,173.74,175.23,175.96,20511
2026-09-02,HERITGFOOD,HERITAGE FOODS LTD,352.35,384.8,349.3,378.75,353.7,4731013
2026-09-02,HEROMOTOCO,HERO MOTOCORP LIMITED,5477.0,5485.0,5167.0,5300.0,5555.0,1746768
2026-09-02,HESTERBIO,HESTER BIOSCIENCES LTD,2189.5,2210.9,2146.0,2176.5,2200.5,7011
2026-09-02,HEXATRADEX,HEXA TRADEX LIMITED,158.25,161.0,157.4,157.91,158.72,789
2026-09-02,HEXT,HEXAWARE TECHNOLOGIES LTD,552.8,552.8,539.6,543.6,551.1,311273
2026-09-02,HFCL,HFCL LIMITED,230.0,238.89,225.01,226.27,236.64,17046359
2026-09-02,HITECH,HI-TECH PIPES LIMITED,79.62,80.0,76.0,76.54,79.67,1100863
2026-09-02,HILINFRA,HIGHWAY INFRASTRUCTURE L,43.55,44.84,43.5,43.56,44.19,69280
2026-09-02,HIKAL,HIKAL LIMITED,198.88,202.99,197.01,200.6,198.54,237919
2026-09-02,HILTON,HILTON METAL FORGING LTD,19.51,19.71,18.4,18.79,19.32,202367
2026-09-02,HSCL,HIMADRI SPECIALITY CHEM L,672.5,683.8,654.0,659.6,680.85,10982851
2026-09-02,HIMATSEIDE,HIMATSINGKA SEIDE LTD,69.27,69.88,68.0,69.66,69.27,266034
2026-09-02,HINDALUMI,HIND ALUMINIUM INDS. LTD.,99.0,100.0,97.0,97.32,97.8,5519
2026-09-02,HINDALCO,HINDALCO  INDUSTRIES  LTD,1004.0,1011.2,998.2,1009.7,1014.4,1902917
2026-09-02,HINDCON,HINDCON CHEMICALS LIMITED,23.5,23.5,22.81,23.16,23.47,15529
2026-09-02,HPIL,HINDPRAKASH INDUSTRY LTD,122.0,124.75,121.0,122.01,121.17,484
2026-09-02,HGS,HINDUJA GLOBAL SOLS. LTD.,395.5,399.15,390.6,393.1,393.7,12083
2026-09-02,HINDADH,HINDUSTAN ADHESIVES LTD.,348.9,365.0,347.9,359.5,346.1,2619
2026-09-02,HAL,HINDUSTAN AERONAUTICS LTD,4785.0,4793.5,4707.0,4780.0,4807.6,525620
2026-09-02,HINDCOMPOS,HINDUSTAN COMPOSITES LTD.,405.2,405.2,397.0,399.6,405.2,4600
2026-09-02,HCC,HINDUSTAN CONSTRUCTION CO,23.26,23.74,22.9,23.08,23.36,32414628
2026-09-02,HINDCOPPER,HINDUSTAN COPPER LTD,521.25,524.55,516.25,520.95,526.65,6616530
2026-09-02,HNDFDS,HINDUSTAN FOODS LIMITED,644.1,644.1,612.7,622.8,644.1,239548
2026-09-02,HINDOILEXP,HINDUSTAN OIL EXPLORATION,170.0,171.99,165.1,166.18,169.0,551626
2026-09-02,HINDPETRO,HINDUSTAN PETROLEUM CORP,358.3,362.9,355.4,359.0,363.1,7705518
2026-09-02,HINDUNILVR,HINDUSTAN UNILEVER LTD.,1983.0,1983.8,1962.3,1975.0,1994.8,1497019
2026-09-02,HINDZINC,HINDUSTAN ZINC LIMITED,590.0,592.9,581.3,588.4,597.0,3987561
2026-09-02,HINDWAREAP,HINDWARE HME INOVATON LTD,182.16,183.48,179.22,182.08,182.11,74310
2026-09-02,HIRECT,HIRECT LIMITED,1244.0,1250.9,1214.0,1218.5,1248.2,26426
2026-09-02,HISARMETAL,HISAR METAL IND. LIMITED,161.14,165.8,155.23,159.8,159.54,2599
2026-09-02,POWERINDIA,HITACHI ENERGY INDIA LTD,32595.0,32595.0,31750.0,32200.0,32640.0,84787
2026-09-02,HLEGLAS,HLE GLASCOAT LIMITED,316.75,318.35,312.85,314.1,316.75,71474
2026-09-02,HLVLTD,HLV LIMITED,6.34,6.34,6.22,6.3,6.34,203740
2026-09-02,HMAAGRO,HMA AGRO INDUSTRIES LTD,20.9,21.64,20.71,20.89,20.92,4096974
2026-09-02,HOMEFIRST,HOME FIRST FIN CO IND LTD,1187.0,1199.0,1153.9,1196.7,1182.8,125641
2026-09-02,HONASA,HONASA CONSUMER LIMITED,472.5,481.5,464.6,469.95,473.5,966603
2026-09-02,HONDAPOWER,HONDA I POWER PRODUCT LTD,2001.2,2021.8,1956.2,1976.1,1993.4,5423
2026-09-02,HONAUT,HONEYWELL AUTOMATION IND,35415.0,35415.0,34875.0,35170.0,35580.0,2073
2026-09-02,HORIZONIND,HORIZON INDUSTRIAL PRKS L,55.57,57.25,53.75,56.57,55.37,11684390
2026-09-02,HPAL,HP ADHESIVES LIMITED,34.93,35.5,34.4,35.01,34.93,45020
2026-09-02,HPL,HPL ELECTRIC & POWER LTD,295.65,301.85,290.2,297.35,299.8,74715
2026-09-02,HSBCGOLD,HSBCAMC - HSBCGOLD,131.99,131.99,128.0,130.24,132.04,72337
2026-09-02,HUDCO,HSG & URBAN DEV CORPN LTD,177.8,180.27,175.13,178.35,178.58,1558842
2026-09-02,HTMEDIA,HT MEDIA LIMITED,26.98,26.98,25.71,26.19,26.88,143113
2026-09-02,HUBTOWN,HUBTOWN LIMITED,180.04,183.71,177.12,180.6,180.33,369887
2026-09-02,HUHTAMAKI,HUHTAMAKI INDIA LIMITED,261.9,271.9,257.1,261.35,258.95,337585
2026-09-02,HYUNDAI,HYUNDAI MOTOR INDIA LTD,2168.0,2168.0,2095.8,2154.4,2179.8,1012608
2026-09-02,IGPL,I G PETROCHEMICALS LTD,545.35,549.2,532.6,546.4,548.35,75076
2026-09-02,ISTLTD,I S T LTD.,640.0,649.9,631.1,636.1,646.15,246
2026-09-02,ICDSLTD,ICDS LTD,52.0,59.06,52.0,59.06,49.22,122072
2026-09-02,ICEMAKE,ICE MAKE REFRIGERAT LTD,729.0,743.0,727.55,739.7,733.45,7785
2026-09-02,ICICIBANK,ICICI BANK LTD.,1425.1,1436.0,1420.7,1426.5,1438.0,8515824
2026-09-02,ICICIGI,ICICI LOMBARD GIC LIMITED,1542.2,1554.4,1521.1,1537.0,1566.9,605897
2026-09-02,LOWVOLIETF,ICICI PR NIF LW VL 30 ETF,22.38,22.38,21.98,22.04,22.13,751477
2026-09-02,ICICIPRULI,ICICI PRU LIFE INS CO LTD,495.0,501.85,487.5,499.5,495.45,1099572
2026-09-02,MIDSELIETF,ICICI PRUD MIDCAP SEL ETF,19.97,19.97,19.72,19.88,19.97,352313
2026-09-02,NIF100IETF,ICICI PRUD NIFTY 100 ETF,28.62,28.65,27.79,27.96,28.06,87022
2026-09-02,NIFTYIETF,ICICI PRUD NIFTY ETF,271.76,271.76,270.26,271.22,272.12,666394
2026-09-02,SENSEXIETF,ICICI PRUD SENSEX ETF,884.01,886.99,876.11,881.04,885.91,28372
2026-09-02,ICICIAMC,ICICI PRUDENTIAL AMC LTD,3030.0,3039.9,2946.0,2973.3,3038.1,880414
2026-09-02,GOLDIETF,ICICI PRUDENTIAL GOLD ETF,132.97,132.97,126.48,127.84,129.73,8804998
2026-09-02,NV20IETF,ICICI PRUDENTIAL NV20 ETF,13.88,13.88,13.48,13.55,13.55,245360
2026-09-02,ICICIB22,ICICIPRAMC - BHARATIWIN,112.8,114.06,112.64,113.81,113.64,166033
2026-09-02,CASHIETF,ICICIPRAMC - CASHIETF,1077.85,1077.87,1077.85,1077.86,1077.71,344136
2026-09-02,EVIETF,ICICIPRAMC - EVIETF,33.92,33.92,32.36,32.53,33.1,492139
2026-09-02,GSEC10IETF,ICICIPRAMC - ICICI10GS,264.81,264.81,262.55,263.42,263.5,10
2026-09-02,BSE500IETF,ICICIPRAMC - ICICI500,39.13,39.32,39.07,39.26,39.51,105175
2026-09-02,GSEC5IETF,ICICIPRAMC - ICICI5GSEC,66.53,66.53,66.04,66.25,66.01,10415
2026-09-02,ALPL30IETF,ICICIPRAMC - ICICIALPLV,27.77,27.77,27.54,27.62,27.77,1120581
2026-09-02,AUTOIETF,ICICIPRAMC - ICICIAUTO,30.19,30.19,28.61,28.96,29.46,1576618
2026-09-02,PVTBANIETF,ICICIPRAMC - ICICIBANKP,28.62,28.62,27.79,27.84,27.93,3650705
2026-09-02,COMMOIETF,ICICIPRAMC - ICICICOMMO,101.32,101.8,97.92,99.26,98.85,28045
2026-09-02,CONSUMIETF,ICICIPRAMC - ICICICONSU,121.9,121.9,120.3,121.08,122.08,7895
2026-09-02,FMCGIETF,ICICIPRAMC - ICICIFMCG,49.78,50.49,49.39,49.74,49.78,1609017
2026-09-02,INFRAIETF,ICICIPRAMC - ICICIINFRA,94.49,94.84,93.77,94.55,94.49,399829
2026-09-02,LIQUIDIETF,ICICIPRAMC - ICICILIQ,1000.0,1000.01,999.99,999.99,999.99,245121
2026-09-02,MIDCAPIETF,ICICIPRAMC - ICICIM150,24.37,24.37,23.76,23.84,24.1,1571103
2026-09-02,MOM30IETF,ICICIPRAMC - ICICIMOM30,31.63,31.63,30.92,31.15,31.29,997656
2026-09-02,NEXT50IETF,ICICIPRAMC - ICICINXT50,75.09,78.56,75.09,76.96,77.02,812202
2026-09-02,HEALTHIETF,ICICIPRAMC - ICICIPHARM,171.01,171.4,169.97,170.65,171.16,70188
2026-09-02,QUAL30IETF,ICICIPRAMC - ICICIQTY30,21.27,21.27,20.99,21.1,21.49,186417
2026-09-02,SILVERIETF,ICICIPRAMC - ICICISILVE,222.4,231.9,222.4,225.65,227.47,3634029
2026-09-02,ITIETF,ICICIPRAMC - ICICITECH,34.8,34.8,34.12,34.38,34.8,831659
2026-09-02,INSUREIETF,ICICIPRAMC - INSUREIETF,15.43,15.43,15.0,15.1,15.43,2499345
2026-09-02,BANKIETF,ICICIPRAMC - IPRU5008,58.91,58.91,58.5,58.77,58.9,168198
2026-09-02,METALIETF,ICICIPRAMC - METALIETF,13.56,13.56,13.09,13.19,13.23,6515057
2026-09-02,OILIETF,ICICIPRAMC - OILIETF,11.55,11.55,11.19,11.3,11.27,5484945
2026-09-02,PSUBNKIETF,ICICIPRAMC - PSUBANKICI,85.86,86.82,85.5,86.04,86.24,88783
2026-09-02,SMALLIETF,ICICIPRAMC - SMALLIETF,18.47,18.5,18.21,18.33,18.47,62585
2026-09-02,TOP15IETF,ICICIPRAMC - TOP15IETF,9.83,9.92,9.76,9.8,9.86,88734
2026-09-02,VAL30IETF,ICICIPRAMC - VAL30IETF,15.2,15.22,14.92,15.08,15.08,118389
2026-09-02,FINIETF,ICICIPRAMC-ICICIFIN,32.66,32.68,32.14,32.43,32.65,455095
2026-09-02,ICRA,ICRA LIMITED,4959.9,4999.8,4881.0,4891.3,5011.9,16104
2026-09-02,IDBI,IDBI BANK LIMITED,91.65,93.25,90.61,91.55,92.06,10822943
2026-09-02,IDEAFORGE,IDEAFORGE TECHNO LTD,780.0,792.2,768.1,769.75,783.6,214711
2026-09-02,IDFCFIRSTB,IDFC FIRST BANK LIMITED,84.61,85.25,83.7,85.09,84.9,15107630
2026-09-02,IFBAGRO,IFB AGRO INDUSTRIES LTD,893.0,900.0,889.55,897.65,899.4,2396
2026-09-02,IFBIND,IFB INDUSTRIES LTD,1296.4,1311.7,1271.4,1296.0,1301.4,35123
2026-09-02,IFCI,IFCI LTD,87.5,99.49,87.01,98.32,87.26,428062214
2026-09-02,IFGLEXPOR,IFGL REFRACTORIES LIMITED,207.58,211.5,202.41,207.95,207.91,18135
2026-09-02,IGARASHI,IGARASHI MOTORS INDIA LTD,421.05,421.75,412.1,415.0,421.05,32627
2026-09-02,IIFLCAPS,IIFL CAPITAL SERVICES LTD,339.45,342.45,337.05,338.3,340.15,375285
2026-09-02,IIFL,IIFL FINANCE LIMITED,633.85,652.0,624.25,633.25,639.15,4480751
2026-09-02,IKIO,IKIO TECHNOLOGIES LIMITED,204.5,213.0,203.0,206.14,207.53,375682
2026-09-02,IVC,IL&FS INVESTMENT MANAGERS,9.5,9.9,9.01,9.59,9.32,1346252
2026-09-02,IMAGICAA,IMAGICAAWORLD ENT LTD,54.5,54.99,53.9,54.61,55.0,484536
2026-09-02,INCREDIBLE,INCREDIBLE INDUSTRIES LTD,32.48,33.48,31.0,32.08,32.81,5295
2026-09-02,IMPAL,IND MOTOR PART & ACC LTD,1134.0,1134.0,1090.0,1102.1,1131.4,1509
2026-09-02,INDSWFTLAB,IND SWIFT LABORATORIES LT,364.1,378.9,363.1,366.85,368.15,473769
2026-09-02,INDTERRAIN,IND TERRAIN FASHIONS LTD,30.01,30.5,30.0,30.16,30.82,16292
2026-09-02,INDBANK,INDBANK MERCH BANK,31.5,31.5,30.95,31.1,31.27,14504
2026-09-02,BAJAJINDEF,INDEF MANUFACTURING LTD,224.48,226.6,220.51,221.34,224.51,10094
2026-09-02,INDGN,INDEGENE LIMITED,602.4,613.75,593.6,600.15,605.4,684806
2026-09-02,INDNIPPON,INDIA NIPPON ELECT  LTD,1076.2,1079.7,1055.1,1064.3,1072.1,9746
2026-09-02,IPL,INDIA PESTICIDES LIMITED,136.8,137.61,135.61,136.45,138.24,66187
2026-09-02,INDIASHLTR,INDIA SHELTER FIN CORP L,630.05,658.0,620.15,651.2,628.9,94870
2026-09-02,ITDC,INDIA TOUR. DEV. CO. LTD.,645.0,645.05,630.0,637.15,644.75,67907
2026-09-02,IBULLSLTD,INDIABULLS LIMITED,25.39,26.5,24.66,25.96,25.44,12745266
2026-09-02,INDIAMART,INDIAMART INTERMESH LTD,1760.0,1760.0,1733.3,1740.8,1764.4,48141
2026-09-02,INDIANB,INDIAN BANK,875.0,884.4,866.0,878.8,881.75,898988
2026-09-02,INDIANCARD,INDIAN CARD CLOTHING CO.,206.0,212.94,206.0,209.92,211.47,313
2026-09-02,IEX,INDIAN ENERGY EXC LTD,118.99,119.25,117.7,118.86,119.2,3975640
2026-09-02,INDIANHUME,INDIAN HUME PIPE CO. LTD.,370.1,394.0,368.5,388.7,372.15,91818
2026-09-02,IMFA,INDIAN METALS & FERRO,1299.0,1313.5,1285.0,1289.1,1301.1,76217
2026-09-02,IOC,INDIAN OIL CORP LTD,135.0,137.0,134.35,137.0,136.53,8229119
2026-09-02,IOB,INDIAN OVERSEAS BANK,32.15,32.84,31.83,32.68,32.27,3854357
2026-09-02,IRCTC,INDIAN RAIL TOUR CORP LTD,481.3,481.35,470.7,472.6,481.35,1151968
2026-09-02,IRFC,INDIAN RAILWAY FIN CORP L,82.5,82.5,81.3,82.48,82.5,7977861
2026-09-02,IREDA,INDIAN RENEWABLE ENERGY,113.65,113.68,112.05,112.55,114.2,4711096
2026-09-02,IWP,INDIAN WOOD PRODUCTS CO L,34.49,35.5,34.49,34.96,34.49,2965
2026-09-02,INDIGOPNTS,INDIGO PAINTS LIMITED,1172.2,1182.0,1127.4,1171.0,1172.4,106322
2026-09-02,INDIQUBE,INDIQUBE SPACES LIMITED,190.53,193.79,186.91,193.17,190.05,38944
2026-09-02,INDOBORAX,INDO BORAX & CHEMICAL LTD,508.0,518.25,502.15,506.15,516.05,129523
2026-09-02,ICIL,INDO COUNT INDUSTRIES LTD,433.45,450.0,423.45,447.15,433.45,823554
2026-09-02,INDOFARM,INDO FARM EQUIPMENT LTD,134.5,136.0,133.04,134.97,134.83,67157
2026-09-02,INDORAMA,INDO RAMA SYNTHETICS LTD,69.99,69.99,65.5,66.77,68.01,435143
2026-09-02,INDOTECH,INDO TECH TRANSFORM LTD.,3700.0,3703.3,3551.0,3577.2,3702.2,20517
2026-09-02,INDOTHAI,INDO THAI SEC LTD,39.61,43.0,39.61,39.61,41.69,6527923
2026-09-02,INDOUS,INDO US BIOTECH LTD,79.0,81.3,76.05,78.15,79.09,5087
2026-09-02,INDOMIM,INDO-MIM LIMITED,856.0,892.0,839.05,888.0,858.85,2583002
2026-09-02,NIPPOBATRY,INDO-NATIONAL LIMITED,325.0,328.0,321.2,323.1,328.05,885
2026-09-02,INDOCO,INDOCO REMEDIES LTD.,242.0,287.8,241.34,273.77,243.84,19225160
2026-09-02,IGCL,INDOGULF CROPSCIENCES LTD,72.24,74.8,71.15,73.27,71.98,75535
2026-09-02,INDOKEM,INDOKEM LTD.,615.0,619.0,590.3,597.55,607.45,2412
2026-09-02,WAAREEINDO,INDOSOLAR LIMITED,267.95,273.7,261.2,264.95,268.1,51929
2026-09-02,INDOSTAR,INDOSTAR CAPITAL FIN LTD,250.13,263.9,250.0,261.07,252.08,130359
2026-09-02,INDOWIND,INDOWIND ENERGY LTD,9.0,9.09,8.81,8.98,9.04,79240
2026-09-02,IGL,INDRAPRASTHA GAS LTD,149.51,149.76,147.45,147.94,149.85,1206517
2026-09-02,INDRAMEDCO,INDRAPRASTHA MEDICAL CORP,356.8,357.05,349.55,352.35,357.8,295932
2026-09-02,INDUSTOWER,INDUS TOWERS LIMITED,375.0,380.0,371.95,379.0,375.0,2707843
2026-09-02,INDUSINDBK,INDUSIND BANK LIMITED,985.0,987.6,963.3,978.0,992.6,2673391
2026-09-02,INDPRUD,INDUSTRIAL & PRU INV CO L,6297.0,6297.0,6275.0,6275.0,6232.0,38
2026-09-02,IITL,INDUSTRIAL INV TRUST LTD,154.12,158.98,148.12,150.05,153.0,96731
2026-09-02,NAUKRI,INFO EDGE (I) LTD,1330.1,1352.4,1314.8,1343.7,1356.0,1456671
2026-09-02,INFOBEAN,INFOBEANS TECHNO. LTD.,158.21,159.18,154.03,157.22,157.52,284603
2026-09-02,INFOMEDIA,INFOMEDIA PRESS LIMITED,5.27,5.27,5.06,5.15,5.27,16755
2026-09-02,INFY,INFOSYS LIMITED,1137.7,1147.8,1118.6,1140.0,1156.0,8564358
2026-09-02,INGERRAND,INGERSOLL-RAND INDIA LTD,4761.5,4955.0,4738.8,4883.5,4794.0,78135
2026-09-02,INNOVACAP,INNOVA CAPTAB LIMITED,1068.1,1140.0,1058.1,1108.6,1068.1,246228
2026-09-02,INNOVANA,INNOVANA THINKLABS LTD,301.0,303.0,291.05,298.05,300.0,1770
2026-09-02,INNOVISION,INNOVISION LIMITED,263.0,263.3,258.0,258.75,263.3,7422
2026-09-02,INOXGREEN,INOX GREEN ENERGY SER LTD,160.34,166.7,159.12,164.25,160.29,673411
2026-09-02,INOXINDIA,INOX INDIA LIMITED,2145.0,2168.9,2076.4,2099.4,2165.9,226228
2026-09-02,INOXWIND,INOX WIND LIMITED,69.15,71.31,68.0,70.59,69.5,13562084
2026-09-02,INSECTICID,INSECTICIDES (I) LTD,598.0,614.95,591.1,612.6,598.35,18329
2026-09-02,INA,INSOLATION ENERGY LIMITED,90.98,90.98,88.0,89.37,89.6,328762
2026-09-02,INSPIRISYS,INSPIRISYS SOLUTIONS LTD,86.25,89.99,86.0,89.7,86.21,3545
2026-09-02,ESSENTIA,INTEGRA ESSENTIA LIMITED,1.06,1.06,1.03,1.04,1.04,2411294
2026-09-02,INTELLECT,INTELLECT DESIGN ARENA,696.0,697.7,677.0,679.25,694.7,342023
2026-09-02,INTENTECH,INTENSE TECHNOLOGIES LTD,82.47,82.8,79.0,80.09,81.2,12426
2026-09-02,INTERARCH,INTERARCH BLDNG SOLTN LTD,1720.0,1737.9,1680.1,1687.5,1722.6,55317
2026-09-02,INDIGO,INTERGLOBE AVIATION LTD,4957.0,5020.0,4908.5,5020.0,5052.0,1437991
2026-09-02,INTLCONV,INTL CONVEYORS LIMITED,80.5,80.5,78.21,79.65,79.51,26946
2026-09-02,IGIL,INTL GEMOLOGICAL INST LTD,339.05,339.05,325.85,327.2,339.75,552217
2026-09-02,ISFT,INTRASOFT TECH. LTD,91.68,93.88,87.5,87.81,93.21,19820
2026-09-02,INVENTURE,INVENTURE GRO & SEC LTD,0.94,0.94,0.91,0.92,0.92,590515
2026-09-02,IKS,INVENTURUS KNOWLEDGE SO L,1740.8,1748.0,1712.1,1744.1,1740.8,78597
2026-09-02,IVZINGOLD,INVESCO INDIA GOLD ETF,131.4,131.4,128.7,129.65,131.9,17990
2026-09-02,IVZINNIFTY,INVESCO INDIA NIFTY ETF,275.76,275.76,273.6,274.31,275.76,114
2026-09-02,IOLCP,IOL CHEM AND PHARMA LTD,190.0,194.1,186.0,188.38,190.48,2248618
2026-09-02,IONEXCHANG,ION EXCHANGE (INDIA) LTD,367.6,385.5,362.85,382.1,367.6,309897
2026-09-02,IPRINGLTD,IP RINGS LTD.,176.7,182.2,163.0,167.78,176.7,7719
2026-09-02,IPCALAB,IPCA LABORATORIES LTD,1979.0,2001.5,1948.9,1956.5,1987.6,161648
2026-09-02,IRB,IRB INFRA DEV LTD.,19.35,19.59,19.11,19.18,19.35,28951268
2026-09-02,IRCON,IRCON INTERNATIONAL LTD,118.5,119.0,116.46,118.25,119.08,1047669
2026-09-02,IRISDOREME,IRIS CLOTHINGS LIMITED,57.84,58.8,57.16,58.39,57.85,676779
2026-09-02,IRIS,IRIS REGTECH SOLUTION LTD,249.0,249.0,241.0,245.8,250.04,25963
2026-09-02,IRMENERGY,IRM ENERGY LIMITED,287.9,287.9,278.85,283.25,280.4,95221
2026-09-02,ISGEC,ISGEC HEAVY ENG LTD,782.1,785.75,766.75,777.55,778.25,20339
2026-09-02,ISHANCH,ISHAN DYES N CHEMICALS L,44.23,44.39,41.81,43.77,44.22,23202
2026-09-02,ITCHOTELS,ITC HOTELS LIMITED,161.0,161.0,155.8,158.63,161.58,2352334
2026-09-02,ITC,ITC LTD,266.0,269.0,262.8,266.3,266.6,14643482
2026-09-02,ITI,ITI LTD,266.0,269.9,264.15,267.7,268.55,133079
2026-09-02,ITL,ITL INDUSTRIES LTD.,373.0,373.0,358.05,363.2,363.95,852
2026-09-02,IVALUE,IVALUE INFOSOLUTIONS LTD,234.36,241.52,230.41,238.38,236.35,176126
2026-09-02,IZMO,IZMO LIMITED,940.0,989.0,885.1,938.8,916.3,963349
2026-09-02,J&KBANK,J & K BANK LTD.,146.5,147.88,144.0,144.44,147.38,1856552
2026-09-02,JGCHEM,J.G.CHEMICALS LIMITED,628.85,637.9,597.3,600.85,626.3,364638
2026-09-02,JAGRAN,JAGRAN PRAKASHAN LIMITED,61.41,61.44,60.8,61.03,61.17,189910
2026-09-02,JAGSNPHARM,JAGSONPAL PHARMACEUTICALS,239.49,239.55,235.5,237.03,239.63,58876
2026-09-02,JAIBALAJI,JAI BALAJI INDUSTRIES LTD,69.61,72.26,69.04,70.6,70.44,563457
2026-09-02,JAICORPLTD,JAI CORP LIMITED,98.0,98.52,96.41,98.01,98.35,230222
2026-09-02,JISLDVREQS,JAIN DVR EQUITY SHARES,21.0,21.69,20.11,20.97,20.97,113094
2026-09-02,JISLJALEQS,JAIN IRRIGATION SYSTEMS,27.99,28.58,27.54,28.24,28.07,1413119
2026-09-02,JAINREC,JAIN RESOURCE RECYCLING L,278.0,284.45,272.55,282.15,280.7,1437062
2026-09-02,JPPOWER,JAIPRAKASH POWER VEN. LTD,16.55,16.55,16.28,16.37,16.56,21807243
2026-09-02,JAMNAAUTO,JAMNA AUTO IND LTD,119.86,121.0,118.89,120.29,120.85,910304
2026-09-02,JSFB,JANA SMALL FIN BANK LTD,529.0,529.7,519.0,523.4,529.8,250706
2026-09-02,JARO,JARO INS OF TEC MG N RE L,453.9,459.8,449.05,455.25,453.05,84913
2026-09-02,JASH,JASH ENGINEERING LIMITED,456.85,472.0,456.85,470.35,457.7,75576
2026-09-02,JAYBARMARU,JAY BHARAT MARUTI LTD,125.73,125.73,122.0,122.44,124.8,108296
2026-09-02,JAYAGROGN,JAYANT AGRO ORGANICS LTD,227.18,233.95,222.32,229.57,229.42,18896
2026-09-02,JAYNECOIND,JAYASWAL NECO INDUSTR LTD,97.3,99.0,95.66,98.19,96.88,2257984
2026-09-02,JAYKAY,JAYKAY ENTERPRISES LTD,158.0,171.0,155.81,169.4,161.97,937003
2026-09-02,JAYSREETEA,JAYSHREE TEA & INDUSTRIES,98.41,101.0,97.02,99.79,98.12,67011
2026-09-02,JBMA,JBM AUTO LIMITED,620.0,631.55,611.5,621.5,621.85,208269
2026-09-02,JSLL,JEENA SIKHO LIFECARE LTD,503.45,517.95,495.85,513.65,503.45,394505
2026-09-02,JENBURPH,JENBURKT PHARMACEUTICAL L,1056.5,1057.0,1032.1,1043.9,1048.0,574
2026-09-02,JETFREIGHT,JET FREIGHT LOGISTICS LTD,21.4,22.23,21.06,21.17,21.59,188582
2026-09-02,JHS,JHS SVEND. LAB. LTD,8.29,8.29,7.77,7.81,7.91,52593
2026-09-02,RETAIL,JHS SVENDGAARD RETAIL V L,16.6,18.69,16.6,17.29,17.09,11270
2026-09-02,JPOLYINVST,JIND POL INV & FIN CO LTD,1010.0,1019.0,980.1,1011.9,1011.8,8189
2026-09-02,JINDRILL,JINDAL DRILLING IND. LTD,624.0,646.55,616.0,642.1,615.65,610029
2026-09-02,JINDALPHOT,JINDAL PHOTO LIMITED,1032.3,1032.3,1004.2,1027.6,1012.0,1024
2026-09-02,JINDALPOLY,JINDAL POLY FILMS LIMITED,714.95,714.95,671.0,686.25,694.45,98538
2026-09-02,JINDALSAW,JINDAL SAW LIMITED,309.75,313.35,304.2,309.15,309.75,2082953
2026-09-02,JSL,JINDAL STAINLESS LIMITED,730.0,741.5,715.9,734.9,734.0,485040
2026-09-02,JINDALSTEL,JINDAL STEEL LIMITED,1149.0,1165.3,1141.0,1159.4,1160.0,706262
2026-09-02,JINDWORLD,JINDAL WORLDWIDE LTD,42.0,42.05,38.4,40.19,42.08,15067052
2026-09-02,JKIPL,JINKUSHAL INDUSTRIES LTD,104.0,108.96,103.82,107.56,108.4,28408
2026-09-02,JIOFIN,JIO FIN SERVICES LTD,234.0,237.4,232.3,236.9,235.85,15926208
2026-09-02,NIFTYJBLK,JIOBLACKROCKAMC-NIFTYJBLK,12.62,12.62,12.18,12.29,12.32,165102
2026-09-02,JITFINFRA,JITF INFRALOGISTICS LTD,309.9,312.6,303.1,304.25,310.25,15433
2026-09-02,JKCEMENT,JK CEMENT LIMITED,5078.5,5080.0,4951.0,4979.5,5078.5,63500
2026-09-02,JKLAKSHMI,JK LAKSHMI CEMENT LTD,525.05,528.75,512.3,514.3,524.1,141071
2026-09-02,JKPAPER,JK PAPER LIMITED,408.05,412.0,387.0,395.2,401.05,776388
2026-09-02,JKTYRE,JK TYRE & INDUSTRIES LTD,368.0,371.5,363.5,370.15,373.95,367987
2026-09-02,JKIL,JKUMAR INFR.LTD.,484.0,491.9,480.5,483.5,486.45,56942
2026-09-02,JMFINANCIL,JM FINANCIAL LIMITED,127.85,130.0,125.61,129.39,128.25,1534370
2026-09-02,JNKINDIA,JNK INDIA LIMITED,430.75,430.75,415.6,420.9,430.75,59074
2026-09-02,COCKERILL,JOHN COCKERILL INDIA LTD.,7965.0,8049.0,7820.5,8005.0,7968.5,4052
2026-09-02,JSWCEMENT,JSW CEMENT LIMITED,124.7,124.7,123.17,123.6,124.75,822154
2026-09-02,JSWDULUX,JSW DULUX LIMITED,3143.4,3180.0,3085.6,3163.3,3143.4,29237
2026-09-02,JSWENERGY,JSW ENERGY LIMITED,515.0,540.75,511.4,539.8,518.0,3635853
2026-09-02,JSWHL,JSW HOLDINGS LIMITED,11716.0,11717.0,11405.0,11441.0,11716.0,1387
2026-09-02,JSWINFRA,JSW INFRASTRUCTURE LTD,335.0,336.75,330.65,332.1,334.8,1661891
2026-09-02,JSWSTEEL,JSW STEEL LIMITED,1308.1,1309.8,1299.4,1306.0,1313.5,1562597
2026-09-02,JTEKTINDIA,JTEKT INDIA LIMITED,124.85,124.86,117.0,121.38,125.72,765359
2026-09-02,JTLIND,JTL INDUSTRIES LIMITED,88.05,94.0,87.26,92.4,87.97,10046013
2026-09-02,JUBLCPL,JUBILANT AGRI N CON PRO L,2220.0,2252.0,2185.7,2217.9,2222.0,12367
2026-09-02,JUBLFOOD,JUBILANT FOODWORKS LTD,482.0,486.5,476.95,486.5,484.4,976244
2026-09-02,JUBLINGREA,JUBILANT INGREVIA LIMITED,689.85,691.8,680.7,683.6,693.25,93217
2026-09-02,JUBLPHARMA,JUBILANT PHARMOVA LTD,907.6,911.7,893.6,900.3,907.6,63912
2026-09-02,JMA,JULLUNDUR MOT AGENCY LTD,91.25,92.59,87.3,90.56,91.27,7357
2026-09-02,JNPR,JUNIPER GREEN ENERGY LTD,260.9,261.65,255.6,260.25,262.35,329482
2026-09-02,JUNIPER,JUNIPER HOTELS LIMITED,213.0,220.2,211.6,218.5,214.14,383474
2026-09-02,JLHL,JUPITER LIFE LINE HOSP L,293.0,293.35,282.35,287.65,293.15,210142
2026-09-02,JWL,JUPITER WAGONS LIMITED,242.0,242.0,237.4,239.37,242.36,498860
2026-09-02,JUSTDIAL,JUSTDIAL LTD.,704.0,704.0,691.5,697.85,705.65,172227
2026-09-02,JYOTHYLAB,JYOTHY LABS LIMITED,206.5,209.0,195.98,202.09,204.81,8133068
2026-09-02,JYOTICNC,JYOTI CNC AUTOMATION LTD,989.1,990.0,948.05,955.65,989.1,757084
2026-09-02,JYOTIRES,JYOTI RESINS & ADHESIVE L,871.05,880.4,836.05,857.6,870.95,10196
2026-09-02,JYOTISTRUC,JYOTI STRUCTURES LTD,9.83,9.87,9.67,9.79,9.84,5733894
2026-09-02,KJMCFIN,K J M C FINANCIAL SERV L,64.1,67.0,64.1,64.37,64.1,615
2026-09-02,KMCSHIL,K M C SPECIALITY HOSP I L,133.83,134.9,131.45,133.19,133.32,62555
2026-09-02,KMSUGAR,K M SUGAR MILLS LTD,31.3,32.12,31.0,31.26,31.39,239654
2026-09-02,KPEL,K.P. ENERGY LIMITED,241.75,245.0,239.1,241.14,241.75,208427
2026-09-02,KABRAEXTRU,KABRA EXTRUSION TECHNIK L,567.35,580.0,552.35,559.95,579.4,315900
2026-09-02,KAJARIACER,KAJARIA CERAMICS LTD,1205.3,1269.9,1205.3,1261.1,1229.0,725742
2026-09-02,KAKATCEM,KAKATIYA CEM SUGAR &IND L,112.55,114.7,106.7,110.5,112.3,6804
2026-09-02,KALPATARU,KALPATARU LIMITED,278.7,279.0,272.0,274.9,278.1,18702
2026-09-02,KPIL,KALPATARU PROJECT INT LTD,1408.4,1418.7,1391.0,1410.5,1408.4,78306
2026-09-02,KALYANKJIL,KALYAN JEWELLERS IND LTD,568.6,595.45,556.5,590.0,573.0,21212135
2026-09-02,KALYANIFRG,KALYANI FORGE LIMITED,1079.05,1192.25,975.55,1113.65,1083.9,82533
2026-09-02,KICL,KALYANI INVEST CO LTD,5177.0,5249.0,5130.5,5215.0,5177.0,840
2026-09-02,KSL,KALYANI STEELS LIMITED,906.0,919.0,891.4,904.3,900.0,110343
2026-09-02,KAMAHOLD,KAMA HOLDINGS LTD.,2350.1,2359.8,2340.0,2344.9,2352.7,6405
2026-09-02,KAMANWALA,KAMANWALA HOUSING CONST L,16.5,16.55,15.99,16.0,16.66,25901
2026-09-02,KAMATHOTEL,KAMAT HOTELS (I) LTD,233.9,238.4,227.67,232.74,233.89,128608
2026-09-02,KAMOPAINTS,KAMDHENU VENTURES LIMITED,4.42,4.55,4.38,4.46,4.48,147223
2026-09-02,KANANIIND,KANANI INDUSTRIES LTD,1.56,1.6,1.53,1.53,1.56,123510
2026-09-02,KANCHI,KANCHI KARPOORAM LTD.,405.1,417.0,400.0,410.95,411.5,3543
2026-09-02,KANCOTEA,KANCO TEA & INDS. LTD.,55.35,56.65,53.99,54.67,55.55,46
2026-09-02,KANPRPLA,KANPUR PLASTIPACK LIMITED,263.25,273.95,252.0,253.35,262.2,19999
2026-09-02,KANSAINER,KANSAI NEROLAC PAINTS LTD,193.75,195.5,191.05,194.82,194.75,279290
2026-09-02,KAPSTON,KAPSTON SERVICES LIMITED,570.0,579.0,552.3,573.75,572.3,47094
2026-09-02,KARMAENG,KARMA ENERGY LIMITED,37.7,37.95,36.61,37.0,37.28,2444
2026-09-02,KTKBANK,KARNATAKA BANK LIMITED,326.95,333.0,321.55,330.35,330.9,2245525
2026-09-02,KARURVYSYA,KARUR VYSYA BANK LTD,345.6,349.85,345.0,346.6,347.6,1317009
2026-09-02,KSCL,KAVERI SEED CO. LTD.,763.0,763.0,735.95,738.75,761.6,112238
2026-09-02,KAVDEFENCE,KAVVERI DFS & WIR TEC LTD,55.75,56.78,55.0,55.31,56.05,61691
2026-09-02,KAYNES,KAYNES TECHNOLOGY IND LTD,3580.0,3623.1,3517.1,3583.0,3600.5,834972
2026-09-02,KCP,KCP LTD,167.89,169.66,164.81,165.81,167.89,84149
2026-09-02,KDDL,KDDL LIMITED,3877.4,3927.8,3838.8,3852.9,3877.4,17464
2026-09-02,KEC,KEC INTL. LIMITED,415.0,416.0,406.5,407.8,417.0,701636
2026-09-02,KEI,KEI INDUSTRIES LTD.,5335.0,5335.0,5132.0,5170.0,5348.0,666412
2026-09-02,KELLTONTEC,KELLTON TECH SOL LTD,13.96,14.18,13.72,14.01,13.98,2245431
2026-09-02,KENNAMET,KENNAMETAL INDIA LIMITED,4635.0,4734.9,4536.3,4643.1,4558.2,35878
2026-09-02,KERNEX,KERNEX MICROSYS(I) LTD,1625.0,1748.0,1625.0,1736.4,1634.3,280085
2026-09-02,KKCL,KEWAL KIRAN CLOTHING LTD,507.05,507.15,497.0,499.65,510.2,9917
2026-09-02,KEYFINSERV,KEYNOTE FIN SERV LTD.,251.7,256.5,251.7,255.25,251.7,391
2026-09-02,RUSTOMJEE,KEYSTONE REALTORS LIMITED,376.05,385.0,370.6,379.15,376.05,31294
2026-09-02,KFINTECH,KFIN TECHNOLOGIES LIMITED,937.0,937.0,911.85,929.0,937.5,1181875
2026-09-02,KHAITANLTD,KHAITAN (INDIA)LTD.,150.0,166.0,143.75,160.8,149.45,19103
2026-09-02,KHAICHEM,KHAITAN CHEM & FERT LTD,55.29,55.29,53.25,54.0,55.02,120726
2026-09-02,KHANDSE,KHANDWALA SECURITIES LTD,17.89,17.89,17.0,17.56,17.97,674
2026-09-02,KLBRENG-B,KILBURN ENGINEERING LTD.,424.0,448.4,410.0,443.25,424.25,450114
2026-09-02,KINGFA,KINGFA SCI & TEC IND LTD.,6050.5,6050.5,5875.0,5932.0,6030.0,5721
2026-09-02,KIOCL,KIOCL LIMITED,382.55,384.7,377.95,380.55,383.95,75452
2026-09-02,KIRANVYPAR,KIRAN VYAPAR LTD.,201.0,202.9,197.05,200.0,198.99,778
2026-09-02,KIRIINDUS,KIRI INDUSTRIES LIMITED,510.05,531.0,509.0,523.65,515.95,977381
2026-09-02,KIRLOSBROS,KIRLOSKAR BROTHERS LTD,1864.6,1884.0,1842.7,1847.7,1886.3,35102
2026-09-02,KECL,KIRLOSKAR ELECTRIC CO LTD,125.95,130.0,124.1,127.24,126.34,95939
2026-09-02,KIRLFER,KIRLOSKAR FERROUS IND LTD,451.5,463.3,444.35,460.0,449.8,126379
2026-09-02,KIRLOSIND,KIRLOSKAR INDUSTRIES LTD,3724.7,3737.9,3685.0,3699.0,3740.4,1735
2026-09-02,KIRLOSENG,KIRLOSKAR OIL ENG LTD,2142.9,2180.0,2091.8,2160.9,2138.3,498719
2026-09-02,KIRLPNU,KIRLOSKAR PNEUMATIC COM L,740.0,749.8,725.7,745.45,740.4,220039
2026-09-02,KITEX,KITEX GARMENTS LTD,125.25,125.5,122.75,124.77,126.0,196813
2026-09-02,KNAGRI,KN AGRI RESOURCES LIMITED,215.0,215.0,207.62,209.46,214.99,7223
2026-09-02,KNACK,KNACK PACKAGING LIMITED,190.0,190.21,186.5,187.43,190.21,1092839
2026-09-02,KMEW,KNOWLEDGE MARINE & EN W L,2920.0,2960.0,2903.6,2951.6,2936.0,35123
2026-09-02,KNRCON,KNR CONSTRU LTD.,117.65,118.64,115.02,117.07,117.68,1522950
2026-09-02,KOHINOOR,KOHINOOR FOODS LIMITED,33.04,34.0,33.0,33.41,33.04,105947
2026-09-02,KOKUYOCMLN,KOKUYO CAMLIN LIMITED,79.0,79.7,77.55,77.84,78.54,20142
2026-09-02,KOLTEPATIL,KOLTE PATIL DEV. LTD.,436.2,442.1,425.8,440.8,436.2,77009
2026-09-02,KOPRAN,KOPRAN LTD,215.25,220.4,214.04,218.81,217.58,212685
2026-09-02,GOLD1,KOTAK GOLD ETF,124.6,125.45,123.66,124.77,126.58,2034162
2026-09-02,KOTAKBANK,KOTAK MAHINDRA BANK LTD,421.9,425.75,418.95,423.5,425.0,10022695
2026-09-02,NIFTY1,KOTAK NIFTY ETF,266.54,272.7,264.57,265.54,266.54,241052
2026-09-02,PSUBANK,KOTAK PSU BANK,84.5,85.65,84.4,85.25,85.16,743798
2026-09-02,CHEMICAL,KOTAKMAMC - CHEMICAL,30.34,30.34,29.78,30.07,30.04,256088
2026-09-02,ALPHA,KOTAKMAMC - KOTAKALPHA,54.42,54.42,53.53,53.94,54.43,1586344
2026-09-02,CONS,KOTAKMAMC - KOTAKCONS,11.88,12.3,11.88,12.06,12.12,21260
2026-09-02,IT,KOTAKMAMC - KOTAKIT,35.58,35.58,34.1,34.36,34.72,274892
2026-09-02,LIQUID1,KOTAKMAMC - KOTAKLIQ,1120.75,1120.91,1120.75,1120.9,1120.75,713046
2026-09-02,LOWVOL1,KOTAKMAMC - KOTAKLOVOL,21.66,21.66,20.97,21.13,21.14,68147
2026-09-02,MIDCAP,KOTAKMAMC - KOTAKMID50,18.66,18.83,18.37,18.47,18.66,891364
2026-09-02,MNC,KOTAKMAMC - KOTAKMNC,33.67,33.67,32.99,33.18,33.67,88687
2026-09-02,SILVER1,KOTAKMAMC - KOTAKSILVE,22.09,22.09,21.61,21.87,22.09,6245962
2026-09-02,NV20,KOTAKMAMC - KTKNV20ETF,14.18,14.22,13.82,13.91,13.85,52240
2026-09-02,MID150,KOTAKMAMC - MID150,24.43,24.43,23.11,23.56,23.95,386920
2026-09-02,MOMENTUM30,KOTAKMAMC - MOMENTUM30,30.4,30.77,30.37,30.63,30.69,12686
2026-09-02,MSCIINDIA,KOTAKMAMC - MSCIINDIA,29.63,29.85,29.49,29.74,30.23,16934
2026-09-02,NEXT50ETF,KOTAKMAMC - NEXT50ETF,73.2,73.71,72.45,73.37,73.62,17794
2026-09-02,NIFTY100EW,KOTAKMAMC - NIFTY100EW,34.22,35.6,34.22,34.95,35.1,107246
2026-09-02,PVTBANK,KOTAKMAMC - PVTBANK,27.62,27.75,27.6,27.6,27.64,2433
2026-09-02,QUALITY30,KOTAKMAMC - QUALITY30,20.69,20.85,20.65,20.74,20.86,6019
2026-09-02,BANKNIFTY1,KOTAKMAMC-KOTAKBKETF,59.31,60.0,59.1,59.3,59.31,559906
2026-09-02,KOTIC,KOTHARI INDUSTRIAL CORP L,140.78,141.2,136.1,136.47,140.78,14128
2026-09-02,KOTHARIPET,KOTHARI PETROCHEM LTD,130.9,132.89,128.0,129.17,130.9,44226
2026-09-02,KOTHARIPRO,KOTHARI PRODUCTS LTD,67.8,68.67,66.0,68.19,66.97,3873
2026-09-02,KOVAI,KOVAI MEDICAL CENTER & HO,6035.0,6035.0,5930.5,6017.5,6036.0,2393
2026-09-02,KPIGREEN,KPI GREEN ENERGY LIMITED,307.0,307.0,301.5,304.6,307.8,907949
2026-09-02,KPITTECH,KPIT TECHNOLOGIES LIMITED,588.0,589.9,579.1,588.0,590.0,715333
2026-09-02,KPRMILL,KPR MILL LTD.,1154.0,1182.9,1133.3,1167.4,1158.5,308659
2026-09-02,KRBL,KRBL LIMITED,422.0,429.15,418.6,424.4,424.1,442674
2026-09-02,KREBSBIO,KREBS BIOCHEMICALS & IND,55.5,56.85,54.72,54.91,54.49,5283
2026-09-02,KRISHANA,KRISHANA PHOSCHEM LIMITED,192.6,193.0,186.91,188.06,192.23,272212
2026-09-02,KRISHIVAL,KRISHIVAL FOODS LIMITED,412.3,412.65,409.0,410.35,411.35,6752
2026-09-02,KRISHNADEF,KRISHNA DEF AND ALD IND L,992.0,1023.0,987.1,1007.4,1001.7,58316
2026-09-02,KIMS,KRISHNA INST OF MED SCI L,752.5,767.0,748.3,753.65,758.4,670696
2026-09-02,KRITI,KRITI INDUSTRIES IND LTD,61.45,61.49,58.1,60.9,60.56,12298
2026-09-02,KRITINUT,KRITI NUTRIENTS LIMITED,87.51,88.1,84.06,84.3,86.65,13595
2026-09-02,KRITIKA,KRITIKA WIRES LIMITED,5.35,5.44,5.31,5.39,5.35,81083
2026-09-02,KRN,KRN HEAT EXCHANGE N REF L,1535.0,1544.8,1495.3,1534.8,1527.4,161090
2026-09-02,KROSS,KROSS LIMITED,209.0,209.83,204.39,207.52,209.03,166705
2026-09-02,KRSNAA,KRSNAA DIAGNOSTICS LTD,558.0,559.7,551.0,553.1,559.95,32269
2026-09-02,KRYSTAL,KRYSTAL INTEGRATED SER L,646.55,683.45,632.1,667.0,647.35,108555
2026-09-02,KSB,KSB LIMITED,827.45,827.45,800.75,805.8,828.2,200288
2026-09-02,KSE,KSE LTD.,179.96,179.96,175.0,177.04,177.86,18978
2026-09-02,KSHINTL,KSH INTERNATIONAL LIMITED,951.85,956.5,931.25,945.7,953.0,123540
2026-09-02,KSHITIJPOL,KSHITIJ POLYLINE LIMITED,2.85,3.0,2.85,3.0,2.86,1179895
2026-09-02,KSOLVES,KSOLVES INDIA LIMITED,281.3,283.95,271.55,273.2,281.3,23800
2026-09-02,KSR,KSR FOOTWEAR LIMITED,28.65,29.85,28.65,29.49,28.65,9678
2026-09-02,KUANTUM,KUANTUM PAPERS LIMITED,71.81,72.25,70.35,71.23,71.62,59962
2026-09-02,KUSUMGAR,KUSUMGAR LIMITED,562.1,576.95,553.2,571.15,565.1,388168
2026-09-02,KPL,KWALITY PHARMACEUTICALS L,3388.9,3425.0,3324.1,3390.1,3390.5,25588
2026-09-02,KWIL,KWALITY WALL'S (INDIA) L,43.01,44.69,42.75,43.38,44.35,19189455
2026-09-02,LKPSEC,L K P SECURITIES LTD.,15.18,15.58,14.01,15.19,15.18,19888
2026-09-02,LTF,L&T FINANCE LIMITED,308.75,313.35,302.7,312.8,309.05,6165981
2026-09-02,LTTS,L&T TECHNOLOGY SER. LTD.,3589.0,3589.0,3490.3,3505.0,3587.8,41078
2026-09-02,LAOPALA,LA OPALA RG LIMITED,173.0,173.0,169.26,171.87,173.3,79552
2026-09-02,LADDERUP,LADDERUP FINANCE LTD.,48.2,52.85,48.2,50.06,49.6,102
2026-09-02,LAGNAM,LAGNAM SPINTEX LIMITED,76.9,76.9,72.6,74.92,75.93,5214
2026-09-02,LAHOTIOV,LAHOTI OVERSEAS LTD.,42.19,43.0,40.76,41.98,41.99,6724
2026-09-02,LFIC,LAKSHMI FIN IND CORP LTD,134.0,135.99,131.4,135.91,133.01,480
2026-09-02,LAKSHMIMIL,LAKSHMI MILLS CO. LTD.,7950.0,8086.0,7700.0,7927.0,8000.0,222
2026-09-02,LALITHAA,LALITHAA JEWELLERY MART L,269.0,272.8,262.55,264.35,267.6,8411510
2026-09-02,LAMBODHARA,LAMBODHARA TEXTILES LTD.,141.04,141.04,131.63,133.45,141.38,15039
2026-09-02,LANCER,LANCER CONTAINER LINES L,13.0,13.0,12.5,12.91,12.61,506482
2026-09-02,LANCORHOL,LANCOR HOLDINGS LIMITED,33.5,33.5,32.22,33.15,33.46,144455
2026-09-02,LANDMARK,LANDMARK CARS LIMITED,507.0,507.6,490.65,494.9,505.95,91762
2026-09-02,LPDC,LANDMARK PR.DEV.CO.LTD,6.8,7.43,6.57,6.68,6.67,25525
2026-09-02,LANDSMILL,LANDSMILL GREEN LIMITED,0.68,0.69,0.67,0.68,0.68,2203565
2026-09-02,LT,LARSEN & TOUBRO LTD.,3966.0,4002.3,3956.7,3981.0,3980.1,1307081
2026-09-02,LASA,LASA SUPERGENERICS LTD,6.96,6.96,6.66,6.78,6.76,20793
2026-09-02,LASERPOWER,LASER POWER & INFRA LTD,308.0,311.0,302.15,303.55,311.35,394417
2026-09-02,LATENTVIEW,LATENT VIEW ANALYTICS LTD,270.0,272.55,268.45,271.0,272.55,335930
2026-09-02,LATTEYS,LATTEYS INDUSTRIES LTD,20.56,21.69,20.56,21.26,20.8,46863
2026-09-02,LAURUSLABS,LAURUS LABS LIMITED,1853.2,1864.4,1811.7,1864.0,1861.6,2265630
2026-09-02,LAXMICOT,LAXMI COTSPIN LIMITED,12.5,13.02,11.36,12.72,12.76,49268
2026-09-02,LAXMIDENTL,LAXMI DENTAL LIMITED,195.8,196.0,191.74,194.58,192.95,43016
2026-09-02,LGHL,LAXMI GOLDORNA HOUSE LTD,180.95,181.96,171.64,175.77,179.64,9420
2026-09-02,LAXMIINDIA,LAXMI INDIA FINANCE LTD,127.3,128.46,124.65,125.93,127.04,137828
2026-09-02,LXCHEM,LAXMI ORGANIC INDUS LTD,164.25,170.99,162.0,169.55,164.9,639001
2026-09-02,LCCINFOTEC,LCC INFOTECH LTD,3.64,3.94,3.45,3.64,3.6,44030
2026-09-02,LEMERITE,LE MERITE EXPORTS LIMITED,21.34,21.34,19.95,20.38,21.0,147751
2026-09-02,IXIGO,LE TRAVENUES TECHNOLOGY L,158.0,159.75,155.76,156.42,158.57,2142604
2026-09-02,LEAPIND,LEAP INDIA LIMITED,159.0,162.0,156.51,157.68,159.47,4097242
2026-09-02,LEENEE,LEE & NEE SOFTWARES (E) L,9.34,9.87,8.62,8.89,9.51,52757
2026-09-02,THELEELA,LEELA PALACES HOTEL LTD,570.0,575.0,560.05,569.9,575.35,151712
2026-09-02,LEMONTREE,LEMON TREE HOTELS LTD,105.75,106.66,104.71,106.18,106.15,2312163
2026-09-02,LENSKART,LENSKART SOLUTIONS LTD,665.9,678.4,663.05,668.9,663.75,8766705
2026-09-02,LEXUS,LEXUS GRANITO (INDIA) LTD,13.5,14.51,13.02,13.96,13.38,51576
2026-09-02,LGBBROSLTD,LG BALAKRISHNAN & BROS,1680.9,1710.0,1672.3,1699.9,1702.9,22848
2026-09-02,LGEINDIA,LG ELECTRONICS INDIA LTD,1664.1,1667.3,1644.1,1653.2,1665.6,200141
2026-09-02,LIBAS,LIBAS CONSU PRODUCTS LTD,10.45,10.64,10.25,10.49,10.63,5823
2026-09-02,LIBERTSHOE,LIBERTY SHOES LTD,239.44,239.44,233.6,234.79,239.45,13033
2026-09-02,LICHSGFIN,LIC HOUSING FINANCE LTD,530.0,542.15,525.25,541.25,534.9,2788144
2026-09-02,LICMFGOLD,LIC MF - LIC GOLD ETF,136.4,136.4,133.1,135.25,137.1,80058
2026-09-02,LICNETFN50,LICNAMC - LICNFENGP,268.65,268.86,266.9,267.6,269.95,283
2026-09-02,LICNETFSEN,LICNAMC - LICNFESGP,866.65,867.56,861.41,861.96,872.0,143
2026-09-02,LICNFNHGP,LICNAMC - LICNFNHGP,274.6,275.92,273.42,274.97,274.35,106
2026-09-02,LICNETFGSC,LICNAMC - LICNMFET,29.56,29.56,29.21,29.33,29.35,45660
2026-09-02,LICNMID100,LICNAMC - LICNMID100,64.12,64.12,63.1,63.19,63.81,6896
2026-09-02,LICI,LIFE INSURA CORP OF INDIA,411.95,412.5,406.8,408.25,412.15,2710302
2026-09-02,LIKHITHA,LIKHITHA INFRASTRUC LTD,204.23,205.99,200.0,202.76,204.23,25415
2026-09-02,LINC,LINC LIMITED,94.38,96.3,94.09,95.86,94.35,5707
2026-09-02,LINCOLN,LINCOLN PHARMA LTD,611.3,629.45,605.4,618.35,609.65,56377
2026-09-02,LINDEINDIA,LINDE INDIA LIMITED,6363.0,6446.0,6310.0,6352.5,6373.0,16567
2026-09-02,LLOYDSENGG,LLOYDS ENGG WORK LIMITED,83.97,84.8,81.76,82.77,84.27,7857744
2026-09-02,LLOYDSENT,LLOYDS ENTERPRISES LTD,71.0,71.33,69.51,70.96,71.34,2422934
2026-09-02,LLOYDSME,LLOYDS METALS N ENERGY L,1785.2,1819.0,1770.0,1813.0,1790.0,369752
2026-09-02,LMW,LMW LIMITED,18905.0,19168.0,18700.0,18783.0,19011.0,3472
2026-09-02,LODHA,LODHA DEVELOPERS LIMITED,1179.7,1208.3,1166.4,1208.3,1193.9,1532916
2026-09-02,LCL,LOHIA CORP LIMITED,539.0,553.95,535.8,540.85,543.8,144632
2026-09-02,LOKESHMACH,LOKESH MACHINES LTD,345.0,345.05,334.0,339.9,346.25,25446
2026-09-02,LORDSCHLO,LORDS CHLORO ALKALI LTD,134.5,138.98,134.19,138.28,136.46,2603
2026-09-02,LAL,LORENZINI APPARELS LTD,9.28,9.28,8.46,8.88,8.97,30403
2026-09-02,LOTUSCHO,LOTUS CHOCOLATE CO. LTD.,659.0,659.0,620.0,640.05,621.85,2761
2026-09-02,LOTUSEYE,LOTUS EYE HOSP & INST L,109.2,109.2,105.0,107.98,108.77,12570
2026-09-02,LOVABLE,LOVABLE LINGERIE LTD,72.8,73.9,70.21,70.84,72.78,13799
2026-09-02,LOYALTEX,LOYAL TEXTILE MILLS LTD,218.4,218.4,206.14,209.0,205.27,80
2026-09-02,LTFOODS,LT FOODS LIMITED,434.8,444.0,429.55,442.45,437.0,718335
2026-09-02,LTM,LTM LIMITED,4587.2,4611.0,4489.0,4588.0,4625.0,218038
2026-09-02,LUMAXTECH,LUMAX AUTO TECH LTD,2053.9,2066.4,1976.9,1986.5,2060.0,117029
2026-09-02,LUMAXIND,LUMAX INDUSTRIES LTD,6504.5,6609.5,6176.0,6347.0,6422.5,38591
2026-09-02,LUPIN,LUPIN LIMITED,2152.1,2155.2,2135.0,2155.2,2153.0,714232
2026-09-02,LUXIND,LUX INDUSTRIES LIMITED,1192.8,1192.8,1160.8,1164.9,1192.8,16563
2026-09-02,MBEL,M AND B ENGINEERING LTD,266.3,268.1,261.3,266.1,265.6,87436
2026-09-02,MKEXIM,M K EXIM (INDIA) LTD.,60.61,61.89,55.52,61.42,61.61,14748
2026-09-02,MKPL,M K PROTEINS LIMITED,4.08,4.1,3.99,4.0,4.03,140220
2026-09-02,MCL,M TEK COPPER LIMITED,56.0,57.11,55.72,56.17,56.86,45631
2026-09-02,M&MFIN,M&M FIN. SERVICES LTD,364.5,370.6,360.3,368.85,364.4,1218704
2026-09-02,MAANALU,MAAN ALUMINIUM LIMITED,119.78,120.39,117.01,118.15,119.42,33362
2026-09-02,MCCHRLS-B,MAC CHARLES (INDIA) LTD.,694.95,694.95,650.0,675.6,694.95,345
2026-09-02,MACPOWER,MACPOWER CNC MACHINES LTD,1900.0,1908.6,1834.1,1883.6,1911.3,30923
2026-09-02,MADHAVIPL,MADHAV INFRA PROJECTS L,8.22,8.22,7.66,7.97,8.04,80860
2026-09-02,MADHAV,MADHAV MARBLE & GRANITE,35.95,35.95,34.55,35.25,35.42,349
2026-09-02,MBAPL,MADHYA BHARAT AGRO P. LTD,160.78,163.9,157.53,159.07,160.78,1021835
2026-09-02,MADRASFERT,MADRAS FERTILISERS LTD,65.39,65.39,63.84,64.26,64.7,51060
2026-09-02,MAFATIND,MAFATLAL INDUSTRIES LTD.,122.0,124.0,119.12,122.57,121.77,27261
2026-09-02,MAGADSUGAR,MAGADH SUGAR & ENERGY LTD,567.95,581.4,555.1,559.15,568.05,75176
2026-09-02,MCLOUD,MAGELLANIC CLOUD LIMITED,26.74,27.19,26.07,26.28,26.67,2883337
2026-09-02,MAGNUM,MAGNUM VENTURES LTD.,18.66,19.44,18.55,19.18,18.95,32977
2026-09-02,MAHAPEXLTD,MAHA RASHTRA APEX COPR. L,56.07,56.29,54.8,54.94,56.17,3134
2026-09-02,MFML,MAHALAXMI FABRIC MILLS LT,19.45,19.45,17.3,18.57,18.97,2032
2026-09-02,MGL,MAHANAGAR GAS LTD.,1072.0,1082.6,1062.2,1065.2,1077.7,176423
2026-09-02,MTNL,MAHANAGAR TELEPHONE NIGAM,26.68,26.84,26.28,26.43,26.68,398024
2026-09-02,MAHSCOOTER,MAHARASHTRA SCOOTERS LTD,13690.0,13746.0,13440.0,13560.0,13695.0,2871
2026-09-02,MAHSEAMLES,MAHARASHTRA SEAMLESS LTD,647.0,673.9,645.0,665.05,649.6,492471
2026-09-02,M&M,MAHINDRA & MAHINDRA LTD,3223.5,3229.6,3142.5,3190.0,3259.0,2883166
2026-09-02,MAHEPC,MAHINDRA EPC IRRIG LTD,104.33,104.33,101.24,101.95,102.3,8705
2026-09-02,MHRIL,MAHINDRA HOLIDAYS LTD,207.86,210.0,205.2,206.59,208.31,94450
2026-09-02,MAHLIFE,MAHINDRA LIFESPACE DEVLTD,357.0,361.0,352.05,359.0,356.95,73364
2026-09-02,MAHLOG,MAHINDRA LOGISTIC LIMITED,384.2,394.3,380.25,392.45,387.2,105720
2026-09-02,MAITHANALL,MAITHAN ALLOYS LTD,977.9,1056.65,964.55,1019.35,972.75,435952
2026-09-02,MAKERSL,MAKERS LABORATORIES LTD.,188.48,188.48,181.6,182.7,187.6,1964
2026-09-02,MALLCOM,MALLCOM (INDIA) LIMITED,1000.0,1050.0,982.45,1021.15,1004.45,42842
2026-09-02,MALUPAPER,MALU PAPER MILLS LIMITED,31.8,31.9,30.3,31.05,31.94,30518
2026-09-02,MAMATA,MAMATA MACHINERY LIMITED,401.1,406.5,398.2,401.15,401.85,18074
2026-09-02,MANAKCOAT,MAN COAT METAL & IND LTD,120.95,124.0,118.0,121.56,120.46,736255
2026-09-02,MANINDS,MAN INDUSTRIES (I) LTD.,755.0,769.85,741.5,744.85,762.75,417411
2026-09-02,MANINFRA,MAN INFRA LTD,124.99,125.08,119.11,123.27,124.56,3095001
2026-09-02,MANAKALUCO,MANAK ALUMINIUM CO. LTD.,38.65,39.35,36.55,37.12,38.34,97514
2026-09-02,MANAKSIA,MANAKSIA LTD.,57.75,58.41,56.0,58.14,57.79,38440
2026-09-02,MANAKSTEEL,MANAKSIA STEELS LTD,104.0,109.3,101.53,109.3,104.1,509467
2026-09-02,MANALIPETC,MANALI PETROCHEMICALS LT,84.7,85.4,81.6,82.76,84.04,8290147
2026-09-02,MANAPPURAM,MANAPPURAM FINANCE LTD,333.0,341.1,330.3,340.9,337.0,5411370
2026-09-02,MANBA,MANBA FINANCE LIMITED,129.76,129.8,128.0,128.31,129.3,60344
2026-09-02,MANBRO,MANBRO INDUSTRIES LTD.,53.6,54.99,48.75,51.06,54.16,498508
2026-09-02,MANCREDIT,MANGAL CREDIT N FINCORP L,227.0,234.9,225.02,227.79,230.19,10860
2026-09-02,MEIL,MANGAL ELECTRICAL IND L,282.35,285.15,277.6,278.9,284.95,63130
2026-09-02,MANGLMCEM,MANGALAM CEMENT LTD,1108.2,1114.4,1054.0,1092.9,1084.0,304145
2026-09-02,MANGALAM,MANGALAM DRUG & CHEM LTD,30.45,30.97,29.06,30.33,29.86,28610
2026-09-02,MANORG,MANGALAM ORGANICS LIMITED,490.0,499.8,472.0,478.65,496.8,11497
2026-09-02,MSL,MANGALAM SEEDS LTD.,138.0,140.0,136.62,137.53,138.0,272
2026-09-02,MWL,MANGALAM WORLDWIDE LTD,37.8,39.84,37.3,39.2,37.71,584088
2026-09-02,MANIPALHOS,MANIPAL HEALTH ENTERPRI L,750.0,750.7,702.0,709.9,746.9,4066750
2026-09-02,MANKIND,MANKIND PHARMA LIMITED,2351.0,2391.5,2341.2,2391.5,2356.5,334009
2026-09-02,MVGJL,MANOJ VAIBHAV GEM N JEW L,161.9,166.93,158.0,161.76,162.37,84333
2026-09-02,MANOMAY,MANOMAY TEX INDIA LTD,230.0,230.0,223.2,224.52,223.64,90681
2026-09-02,MANORAMA,MANORAMA INDUSTRIES LTD,1805.1,1833.2,1795.1,1813.1,1834.0,157707
2026-09-02,MARALOVER,MARAL OVERSEAS LTD,52.4,54.98,52.4,54.13,54.44,11811
2026-09-02,MARATHON,MARATHON NXTGEN REALT LTD,436.0,443.8,422.05,433.8,434.5,188885
2026-09-02,MARICO,MARICO LIMITED,830.0,834.85,826.5,829.35,838.1,1477115
2026-09-02,MARINE,MARINE ELECTRICAL (I) LTD,430.6,436.0,423.15,431.5,432.6,956684
2026-09-02,MARKOLINES,MARKOLINES PAVEMENT TEC L,175.0,176.0,170.63,172.66,173.96,506896
2026-09-02,MARKSANS,MARKSANS PHARMA LIMITED,321.2,337.65,318.75,332.5,322.4,6573003
2026-09-02,MARSONS,MARSONS LIMITED,123.81,126.0,120.56,122.84,123.99,2909043
2026-09-02,MARUTI,MARUTI SUZUKI INDIA LTD.,12763.0,12888.0,12640.0,12849.0,12950.0,614156
2026-09-02,MASFIN,MAS FINANCIAL SERV LTD,305.4,305.55,292.95,294.45,304.5,135767
2026-09-02,MASKINVEST,MASK INVESTMENTS LIMITED,146.0,146.0,146.0,146.0,146.0,5
2026-09-02,MASTEK,MASTEK LTD,1798.9,1798.9,1748.0,1763.0,1802.0,88631
2026-09-02,MASTERTR,MASTER TRUST LIMITED,81.71,83.0,79.97,80.85,81.58,231560
2026-09-02,MATRIMONY,MATRIMONY.COM LIMITED,512.8,520.25,510.55,514.35,519.0,5735
2026-09-02,MAWANASUG,MAWANA SUGARS LIMITED,142.31,154.47,142.31,147.87,142.31,734892
2026-09-02,MAXESTATES,MAX ESTATES LIMITED,495.0,527.6,485.1,520.65,503.0,193763
2026-09-02,MFSL,MAX FINANCIAL SERV LTD,1531.5,1531.5,1494.0,1505.0,1534.7,547908
2026-09-02,MAXHEALTH,MAX HEALTHCARE INS LTD,1003.0,1005.0,987.2,994.0,1003.0,1195319
2026-09-02,MAXIND,MAX INDIA LIMITED,148.5,151.33,144.9,147.9,148.97,128088
2026-09-02,MAYURUNIQ,MAYUR UNIQUOTERS LTD,737.5,739.4,716.3,728.75,742.2,194948
2026-09-02,MAZDOCK,MAZAGON DOCK SHIPBUIL LTD,2465.0,2472.1,2430.9,2459.0,2485.0,410616
2026-09-02,MBLINFRA,MBL INFRASTRUCTURE LTD,22.84,23.5,22.1,23.34,22.84,53582
2026-09-02,MCLEODRUSS,MCLEOD RUSSEL INDIA LTD.,48.25,48.3,46.65,47.04,48.57,406637
2026-09-02,MEDIASSIST,MEDI ASSIST HEALTH SER L,333.0,340.0,330.0,338.75,338.05,131832
2026-09-02,MEDICAPQ,MEDI CAPS LTD.,23.8,27.29,23.8,26.7,26.99,4283
2026-09-02,MMWL,MEDIA MATRIX WORLDWIDE L,14.42,14.67,14.0,14.13,14.14,22481
2026-09-02,MEDICAMEQ,MEDICAMEN BIOTECH LIMITED,268.0,270.9,259.05,265.25,267.4,74789
2026-09-02,MEDICO,MEDICO REMEDIES LIMITED,38.35,43.0,37.5,39.33,38.91,745016
2026-09-02,MEDPLUS,MEDPLUS HEALTH SERV LTD,673.05,673.1,657.0,659.95,673.05,73117
2026-09-02,MEESHO,MEESHO LIMITED,205.15,213.95,204.6,211.6,205.15,23152746
2026-09-02,MEGASTAR,MEGASTAR FOODS LIMITED,310.0,310.0,301.4,305.45,309.9,938
2026-09-02,MOL,MEGHMANI ORGANICS LIMITED,64.75,66.7,63.3,65.75,64.85,2295235
2026-09-02,MIIL,MEGHNA INFRACON INFRA L,724.2,727.95,710.05,722.55,722.85,65224
2026-09-02,MENNPIS,MENON PISTONS LTD.,75.4,75.5,72.44,74.2,74.3,76929
2026-09-02,MERCANTILE,MERCANTILE VENTURES LTD.,24.6,26.65,24.01,25.59,25.32,138793
2026-09-02,MERCURYEV,MERCURY EV-TECH LIMITED,36.54,37.31,36.0,36.66,37.64,83693
2026-09-02,METROBRAND,METRO BRANDS LIMITED,918.0,924.75,896.5,900.65,917.95,48088
2026-09-02,METROGLOBL,METROGLOBAL LTD.,136.0,139.99,131.0,132.95,139.85,2818
2026-09-02,METROPOLIS,METROPOLIS HEALTHCARE LTD,584.0,593.0,579.05,582.2,582.25,135132
2026-09-02,MIDWESTLTD,MIDWEST LIMITED,1059.8,1068.9,1032.0,1036.9,1058.3,31260
2026-09-02,MLKFOOD,MILKFOOD LTD.,83.88,83.88,81.6,83.15,83.88,2213
2026-09-02,MILKYMIST,MILKY MIST DAIRY FOOD L,234.0,255.23,228.36,252.04,232.03,56560370
2026-09-02,MINDACORP,MINDA CORPORATION LTD,707.05,714.35,694.3,707.85,712.4,355440
2026-09-02,MINDTECK,MINDTECK (INDIA) LIMITED,175.0,175.0,170.0,170.32,171.84,16830
2026-09-02,ALPHAETF,MIRAEAMC - ALPHAETF,25.86,27.19,25.86,26.45,26.53,794013
2026-09-02,BANKETF,MIRAEAMC - BANKETF,581.16,584.03,580.54,583.37,584.26,41320
2026-09-02,BANKPSU,MIRAEAMC - BANKPSU,85.25,86.25,85.03,85.6,85.72,21223
2026-09-02,CONSUMER,MIRAEAMC - CONSUMER,12.45,12.45,11.9,12.01,12.08,300957
2026-09-02,DEFENCE,MIRAEAMC - DEFENCE,82.78,82.78,79.63,80.63,80.77,246280
2026-09-02,DIVIDEND,MIRAEAMC - DIVIDEND,35.55,35.56,35.26,35.51,35.55,42589
2026-09-02,ENERGY,MIRAEAMC - ENERGY,37.95,38.27,37.74,38.22,37.94,651538
2026-09-02,EQUAL200,MIRAEAMC - EQUAL200,13.83,13.9,13.68,13.79,13.83,24530
2026-09-02,EQUAL50,MIRAEAMC - EQUAL50,338.32,338.32,328.15,329.92,331.69,7747
2026-09-02,EVINDIA,MIRAEAMC - EVINDIA,33.15,33.49,32.4,32.61,33.15,868296
2026-09-02,HEALTHCARE,MIRAEAMC - HEALTHCARE,22.1,22.1,21.55,21.71,21.69,22485
2026-09-02,HYBRIDETF,MIRAEAMC - HYBRIDETF,10.05,10.05,10.0,10.03,10.05,62333
2026-09-02,INFRA,MIRAEAMC - INFRA,11.9,12.37,11.69,11.9,11.93,35960
2026-09-02,INTERNET,MIRAEAMC - INTERNET,14.55,14.95,14.34,14.65,14.55,492182
2026-09-02,ITETF,MIRAEAMC - ITETF,32.92,33.11,32.53,32.85,33.21,238991
2026-09-02,LARGEMID50,MIRAEAMC - LARGEMID50,36.27,36.35,36.16,36.34,36.52,1300
2026-09-02,LIQUID,MIRAEAMC - LIQUID,999.5,1000.0,999.5,999.99,999.99,97407
2026-09-02,LIQUIDPLUS,MIRAEAMC - LIQUIDPLUS,1101.51,1101.51,1101.49,1101.5,1101.37,385522
2026-09-02,ESG,MIRAEAMC - MAESGETF,40.49,41.31,40.49,40.87,41.03,19078
2026-09-02,MAFANG,MIRAEAMC - MAFANG,210.38,210.38,208.38,209.39,211.05,392513
2026-09-02,BFSI,MIRAEAMC - MAFSETF,26.91,26.91,26.72,26.84,26.99,265420
2026-09-02,GOLDETF,MIRAEAMC - MAGOLDETF,147.3,147.3,144.8,145.52,147.58,1483420
2026-09-02,GSEC10YEAR,MIRAEAMC - MAGS813ETF,31.12,31.12,30.24,30.55,30.51,7377
2026-09-02,MAHKTECH,MIRAEAMC - MAHKTECH,22.06,22.65,22.06,22.5,22.52,443101
2026-09-02,MIDCAPETF,MIRAEAMC - MAM150ETF,24.34,24.34,23.46,23.63,23.75,2657084
2026-09-02,MAKEINDIA,MIRAEAMC - MAMFGETF,166.46,166.46,164.0,164.96,166.46,89176
2026-09-02,NIFTYETF,MIRAEAMC - MAN50ETF,260.71,260.71,259.21,260.05,260.72,360960
2026-09-02,LOWVOL,MIRAEAMC - MANV30F,211.27,211.27,205.05,206.2,207.13,221
2026-09-02,NEXT50,MIRAEAMC - MANXT50,733.84,756.42,733.84,752.34,752.66,60614
2026-09-02,SILVERAG,MIRAEAMC - MASILVER,218.7,220.71,218.54,219.49,221.73,297870
2026-09-02,MASPTOP50,MIRAEAMC - MASPTOP50,80.22,80.22,79.76,80.22,80.48,138346
2026-09-02,METAL,MIRAEAMC - METAL,13.62,13.62,13.16,13.26,13.29,1184375
2026-09-02,MIDSMALL,MIRAEAMC - MIDSMALL,52.01,52.23,51.41,51.63,52.16,437066
2026-09-02,MOMMIDCAP,MIRAEAMC - MOMMIDCAP,13.28,13.28,12.88,12.98,13.02,1774384
2026-09-02,MULTICAP,MIRAEAMC - MULTICAP,16.75,16.75,16.57,16.68,16.75,74278
2026-09-02,SELECTIPO,MIRAEAMC - SELECTIPO,48.48,48.48,47.97,48.42,48.64,68948
2026-09-02,SENSEXETF,MIRAEAMC - SENSEXETF,81.33,81.33,78.63,78.96,79.35,19959
2026-09-02,SMALL250,MIRAEAMC - SMALL250,18.81,18.81,18.2,18.34,18.44,385602
2026-09-02,SMALLCAP,MIRAEAMC - SMALLCAP,49.37,49.37,48.26,48.47,48.9,1242548
2026-09-02,TOP20,MIRAEAMC - TOP20,8.93,8.93,8.85,8.9,8.93,72034
2026-09-02,VALUE,MIRAEAMC - VALUE,16.31,16.31,15.87,16.04,15.99,4965
2026-09-02,MIRZAINT,MIRZA INTERNATIONAL LIMIT,31.85,31.85,30.0,30.84,31.29,107709
2026-09-02,MIDHANI,MISHRA DHATU NIGAM LTD,416.0,420.0,412.15,414.4,417.45,309511
2026-09-02,MITTAL,MITTAL LIFE STYLE LIMITED,0.82,0.82,0.8,0.81,0.81,368821
2026-09-02,MMFL,MM FORGINGS LTD,665.0,678.0,643.75,648.05,657.45,172249
2026-09-02,MMP,MMP INDUSTRIES LIMITED,373.0,393.05,373.0,384.1,383.25,61096
2026-09-02,MMTC,MMTC LIMITED,62.2,62.45,61.41,62.1,62.32,691082
2026-09-02,MODTHREAD,MODERN THREADS INDIA LTD,52.02,52.89,51.51,52.61,51.54,1791
2026-09-02,MODINATUR,MODI NATURALS LIMITED,338.8,344.9,336.0,340.8,338.8,4439
2026-09-02,MODIRUBBER,MODI RUBBER LTD,129.57,129.57,123.0,123.8,128.29,7993
2026-09-02,MODIS,MODIS NAVNIRMAN LTD,374.0,382.0,371.1,379.1,377.95,24944
2026-09-02,MODISONLTD,MODISON LIMITED,509.0,546.0,509.0,520.65,499.45,822776
2026-09-02,MOHITIND,MOHIT INDUSTRIES LTD,24.89,24.89,23.55,23.72,24.28,9634
2026-09-02,MOHITE,MOHITE INDUSTRIES LTD.,3.13,3.13,2.96,2.96,3.13,29651
2026-09-02,MOIL,MOIL LIMITED,250.43,251.7,247.12,250.72,250.43,503390
2026-09-02,MOKSH,MOKSH ORNAMENTS LIMITED,10.5,10.53,10.1,10.15,10.46,134879
2026-09-02,MOLBIO,MOLBIO DIAGNOSTICS LTD,1047.2,1132.1,1043.8,1107.8,1053.3,1874333
2026-09-02,MOLDTKPAC,MOLD-TEK PACKAGING LTD,695.0,699.95,692.25,694.55,699.95,41442
2026-09-02,MONARCH,MONARCH NETWORTH CAP LTD,374.45,376.0,367.45,372.4,374.6,47758
2026-09-02,MONEYBOXX,MONEYBOXX FINANCE LIMITED,57.9,57.9,55.4,56.0,57.01,81508
2026-09-02,MONTECARLO,MONTE CARLO FASHIONS LTD.,539.8,545.5,532.15,544.2,539.05,31016
2026-09-02,MOREPENLAB,MOREPEN LAB. LTD,104.01,114.0,103.55,111.97,103.65,36392769
2026-09-02,MOSCHIP,MOSCHIP TECHNOLOGIES LTD,213.0,219.95,210.02,215.84,215.26,1794518
2026-09-02,MSUMI,MOTHERSON SUMI WRNG IND L,37.0,37.1,36.48,36.6,37.11,5800135
2026-09-02,MOM100,MOTILAL OS MIDCAP100 ETF,67.31,69.0,67.21,67.97,68.31,450687
2026-09-02,MON100,MOTILAL OS NASDAQ100 ETF,328.06,328.83,326.76,328.83,329.32,563732
2026-09-02,MOTILALOFS,MOTILAL OSWAL FIN LTD,1000.0,1025.0,993.2,1017.6,1016.0,1044243
2026-09-02,MOM50,MOTILAL OSWAL M50 ETF,252.67,252.67,249.17,250.39,250.5,4950
2026-09-02,MOGSEC,MOTILALAMC - G5,65.4,65.4,65.0,65.39,65.34,52315
2026-09-02,MOALPHA50,MOTILALAMC - MOALPHA50,56.15,56.15,55.63,56.15,56.23,10330
2026-09-02,MOBANK10,MOTILALAMC - MOBANK10,16.8,16.85,16.79,16.79,16.86,3999
2026-09-02,MOCAPITAL,MOTILALAMC - MOCAPITAL,53.8,54.0,53.25,53.55,53.93,812896
2026-09-02,MODEFENCE,MOTILALAMC - MODEFENCE,107.91,107.91,104.22,105.14,105.72,1341539
2026-09-02,MOENERGY,MOTILALAMC - MOENERGY,38.2,38.3,37.72,38.19,37.91,195264
2026-09-02,MOGOLD,MOTILALAMC - MOGOLD,150.15,150.15,147.3,148.1,150.1,47239
2026-09-02,MOHEALTH,MOTILALAMC - MOHEALTH,52.28,52.28,50.7,52.02,51.81,83006
2026-09-02,MOINFRA,MOTILALAMC - MOINFRA,57.8,58.58,57.49,58.23,58.08,4758
2026-09-02,MOIPO,MOTILALAMC - MOIPO,48.24,48.39,48.01,48.32,48.73,7530
2026-09-02,MOLOWVOL,MOTILALAMC - MOLOWVOL,36.11,36.19,35.9,35.98,36.46,21973
2026-09-02,MOMENTUM50,MOTILALAMC - MOMENTUM50,54.3,54.72,53.69,54.08,54.29,339246
2026-09-02,MOMETAL,MOTILALAMC - MOMETAL,13.09,13.15,13.03,13.15,13.18,9072
2026-09-02,MOMGF,MOTILALAMC - MOMGF,165.88,165.88,161.48,161.8,164.05,3235
2026-09-02,MOMIDMTM,MOTILALAMC - MOMIDMTM,64.98,64.98,63.93,64.09,64.66,82218
2026-09-02,MOMNC,MOTILALAMC - MOMNC,32.55,33.8,31.89,32.29,33.55,76973
2026-09-02,MOMOMENTUM,MOTILALAMC - MOMOMENTUM,62.66,62.66,61.4,61.83,62.18,61532
2026-09-02,MON50EQUAL,MOTILALAMC - MON50EQUAL,33.06,33.23,32.88,33.13,33.26,9715
2026-09-02,MONEXT50,MOTILALAMC - MONEXT50,74.35,74.35,71.94,73.04,72.89,16074
2026-09-02,MONIFTY100,MOTILALAMC - MONIFTY100,25.28,25.31,25.01,25.21,25.28,32667
2026-09-02,MONIFTY500,MOTILALAMC - MONIFTY500,23.81,23.81,23.55,23.73,23.8,412362
2026-09-02,MONQ50,MOTILALAMC - MONQ50,144.06,144.06,144.06,144.06,145.12,29997
2026-09-02,MOOILGAS,MOTILALAMC - MOOILGAS,11.4,11.4,11.08,11.18,11.2,3250
2026-09-02,MOPSE,MOTILALAMC - MOPSE,97.81,99.47,97.81,98.52,99.88,9743
2026-09-02,MOQUALITY,MOTILALAMC - MOQUALITY,195.47,199.66,195.47,199.66,199.46,2910
2026-09-02,MOREALTY,MOTILALAMC - MOREALTY,91.97,91.97,87.14,88.68,89.29,871418
2026-09-02,MOSERVICE,MOTILALAMC - MOSERVICE,30.56,30.74,30.56,30.61,30.77,2616
2026-09-02,MOSILVER,MOTILALAMC - MOSILVER,224.0,224.54,222.21,222.79,225.74,27875
2026-09-02,MOSMALL250,MOTILALAMC - MOSMALL250,18.8,18.8,18.23,18.3,18.47,879562
2026-09-02,MOTOUR,MOTILALAMC - MOTOUR,77.14,77.78,76.37,77.0,77.3,17769
2026-09-02,MOVALUE,MOTILALAMC - MOVALUE,112.01,112.58,111.38,112.33,112.1,78617
2026-09-02,MOTISONS,MOTISONS JEWELLERS LTD,15.94,15.96,15.26,15.43,15.87,28644230
2026-09-02,MPHASIS,MPHASIS LIMITED,2505.5,2515.0,2428.0,2480.0,2505.5,900566
2026-09-02,MPSLTD,MPS LIMITED,2650.0,2651.7,2588.0,2594.6,2652.6,13801
2026-09-02,MRF,MRF LTD,132000.0,132865.0,130700.0,131880.0,132335.0,4254
2026-09-02,MRPL,MRPL,171.4,175.99,169.47,175.22,171.42,9772096
2026-09-02,BECTORFOOD,MRS BECTORS FOOD SPE LTD,228.0,229.8,222.14,228.31,227.75,963048
2026-09-02,MSPL,MSP STEEL & POWER LTD.,34.4,36.5,34.3,36.14,34.17,1475581
2026-09-02,MSTCLTD,MSTC LIMITED,728.0,728.0,708.55,711.75,729.55,166202
2026-09-02,MUFIN,MUFIN GREEN FINANCE LTD,134.4,135.44,132.61,134.65,134.65,460508
2026-09-02,MUKANDLTD,MUKAND LTD.,135.1,135.56,133.72,134.18,136.03,47819
2026-09-02,MUKESHB,MUKESH BABU FINANC SER L,139.0,139.0,133.0,133.76,137.0,507
2026-09-02,MUKKA,MUKKA PROTEINS LIMITED,27.19,27.5,26.6,26.85,26.7,966096
2026-09-02,MCX,MULTI COMMODITY EXCHANGE,3280.0,3333.0,3258.0,3286.0,3303.0,2448588
2026-09-02,MUNJALAU,MUNJAL AUTO IND. LTD.,114.49,117.0,112.2,113.44,115.46,386696
2026-09-02,MUNJALSHOW,MUNJAL SHOWA LTD,129.3,130.0,127.3,129.2,128.9,27263
2026-09-02,MURUDCERA,MURUDESHWAR CERAMICS LTD,30.0,30.45,29.66,29.88,30.12,10584
2026-09-02,RADIOCITY,MUSIC BROADCAST LIMITED,6.4,6.48,6.21,6.32,6.41,33741
2026-09-02,MUTHOOTCAP,MUTHOOT CAP SERV LTD,246.46,249.95,238.01,241.22,245.24,11241
2026-09-02,MUTHOOTFIN,MUTHOOT FINANCE LIMITED,2870.0,2937.7,2840.0,2937.7,2905.0,950173
2026-09-02,MUTHOOTMF,MUTHOOT MICROFIN LIMITED,196.0,204.0,193.35,203.2,196.21,289137
2026-09-02,MVELECTRO,MV ELECTROSYSTEMS LIMITED,708.95,724.5,675.4,686.05,713.7,1444414
2026-09-02,NRAIL,N R AGARWAL INDS LTD,492.25,507.9,487.0,498.5,495.9,11677
2026-09-02,NTCIND,N T C INDUSTRIES LTD.,131.0,137.0,130.0,134.95,133.21,2148
2026-09-02,NBIFIN,N.B.I. IND. FIN. CO. LTD,1933.2,2000.0,1925.7,1986.2,1966.4,444
2026-09-02,NACLIND,NACL INDUSTRIES LIMITED,169.0,171.92,165.99,167.4,168.61,236134
2026-09-02,NDGL,NAGA DHUNSERI GROUP LTD,2733.0,2800.0,2701.1,2743.9,2733.2,153
2026-09-02,NAGREEKCAP,NAGREEKA CAP & INFR.LTD,23.4,23.4,22.6,23.24,23.18,312
2026-09-02,NAGREEKEXP,NAGREEKA EXPORTS LTD.,21.91,22.35,21.1,21.35,22.0,20300
2026-09-02,NAHARCAP,NAHAR CAP & FIN.,258.0,260.0,254.0,258.8,258.0,1289
2026-09-02,NAHARINDUS,NAHAR INDS ENT LTD,134.99,134.99,131.41,133.86,134.32,9869
2026-09-02,NAHARPOLY,NAHAR POLY FILMS LIMITED,251.0,252.58,244.28,250.37,250.13,9520
2026-09-02,NAHARSPING,NAHAR SPINNING MILLS LTD.,300.7,301.1,294.0,294.95,299.55,21882
2026-09-02,NGIL,NAKODA GROUP OF IND. LTD,39.5,40.85,39.25,39.41,39.5,863
2026-09-02,NSIL,NALWA SONS INVESTMENT LTD,5690.0,5753.0,5616.0,5647.5,5696.0,1451
2026-09-02,NDL,NANDAN DENIM LIMITED,2.86,2.89,2.82,2.85,2.85,915190
2026-09-02,JAIPURKURT,NANDANI CREATION LIMITED,26.0,26.42,26.0,26.3,26.25,4856
2026-09-02,NH,NARAYANA HRUDAYALAYA LTD.,1929.1,1940.8,1911.4,1922.7,1938.7,302703
2026-09-02,NARMADA,NARMADA AGROBASE LIMITED,13.78,13.95,13.55,13.63,13.85,216101
2026-09-02,NATCOPHARM,NATCO PHARMA LTD.,848.0,857.35,833.5,843.25,849.2,472795
2026-09-02,NATHBIOGEN,NATH BIO-GENES (I) LTD,153.27,153.94,152.0,152.55,152.3,4814
2026-09-02,NATIONALUM,NATIONAL ALUMINIUM CO LTD,371.65,373.5,367.5,370.0,372.0,4447742
2026-09-02,NFL,NATIONAL FERT. LTD,70.29,70.29,69.51,69.98,70.53,417453
2026-09-02,NATIONSTD,NATIONAL STAND (INDIA) L,107.7,107.7,103.25,103.94,105.31,25843
2026-09-02,NATCAPSUQ,NATURAL CAPSULES LIMITED,201.37,219.0,194.59,216.18,201.37,32916
2026-09-02,NAVA,NAVA LIMITED,563.0,563.0,556.2,560.75,563.6,108634
2026-09-02,NAVINFLUOR,NAVIN FLUORINE INT. LTD,8605.0,8645.0,8275.5,8542.5,8636.0,217819
2026-09-02,NAVKARCORP,NAVKAR CORPORATION LTD.,95.98,96.5,94.86,95.47,95.65,178227
2026-09-02,NAVNETEDUL,NAVNEET EDUCATION LTD,133.95,134.9,130.35,133.91,133.95,356332
2026-09-02,NAZARA,NAZARA TECHNOLOGIES LTD,363.1,367.6,360.1,366.0,367.65,851024
2026-09-02,NBCC,NBCC (INDIA) LIMITED,84.8,85.22,83.84,85.0,85.2,4241099
2026-09-02,NCC,NCC LIMITED,145.5,146.43,141.85,142.53,146.46,1800066
2026-09-02,NCLIND,NCL INDUSTRIES LIMITED,174.83,176.4,172.52,174.94,174.15,42536
2026-09-02,NDLVENTURE,NDL VENTURES LIMITED,121.1,122.98,119.3,120.91,122.99,3844
2026-09-02,NDRAUTO,NDR AUTO COMPONENTS LTD,720.0,725.0,713.7,719.15,722.4,10211
2026-09-02,NDTV,NDTV LTD,71.02,71.5,69.9,70.84,71.42,76014
2026-09-02,NECLIFE,NECTAR LIFESCIENCES LTD.,12.13,12.58,11.66,12.31,12.13,306974
2026-09-02,NELCAST,NELCAST LIMITED,116.09,119.0,114.91,117.58,116.39,74954
2026-09-02,NELCO,NELCO LTD,925.0,953.3,918.55,929.65,924.35,193155
2026-09-02,NEOGEN,NEOGEN CHEMICALS LIMITED,2147.5,2166.3,2113.1,2136.4,2153.9,62823
2026-09-02,NEPHROPLUS,NEPHROCARE HEALTH SERV L,695.0,699.25,677.6,692.7,689.6,168797
2026-09-02,NESCO,NESCO LTD.,1049.9,1050.0,1029.4,1038.4,1044.0,19259
2026-09-02,NESTLEIND,NESTLE INDIA LIMITED,1425.0,1428.0,1411.0,1425.0,1438.2,875020
2026-09-02,NETWEB,NETWEB TECH INDIA LTD,5133.0,5216.5,5064.0,5110.0,5136.5,1273170
2026-09-02,NPST,NETWORK PEOPLE SRV TECH L,1655.6,1753.0,1642.5,1690.0,1655.6,79415
2026-09-02,NETWORK18,NETWORK18 MEDIA & INV LTD,27.77,27.9,27.16,27.24,28.05,4631562
2026-09-02,NEULANDLAB,NEULAND LAB LTD.,23045.0,23320.0,22880.0,22960.0,23025.0,39701
2026-09-02,NEWGEN,NEWGEN SOFTWARE TECH LTD,526.7,529.75,517.7,519.3,532.05,652094
2026-09-02,NEXTMEDIA,NEXT MEDIAWORKS LIMITED,4.29,4.3,4.09,4.21,4.27,46900
2026-09-02,NGLFINE,NGL FINE CHEM LIMITED,2664.3,2745.0,2575.1,2688.7,2657.6,11220
2026-09-02,NHPC,NHPC LTD,75.75,76.64,75.09,75.65,76.3,13055359
2026-09-02,NIBE,NIBE LIMITED,1356.0,1356.1,1330.0,1342.9,1355.9,23503
2026-09-02,NICCOPAR,NICCO PARKS & RESORTS LTD,81.5,82.0,75.25,79.04,82.06,394310
2026-09-02,NIITMTS,NIIT LEARNING SYSTEMS LTD,230.04,230.07,221.95,223.47,230.16,131578
2026-09-02,NIITLTD,NIIT LIMITED,100.89,100.89,97.1,97.33,101.25,295739
2026-09-02,NILAINFRA,NILA INFRASTRUCTURES LTD,6.7,6.76,6.66,6.71,6.76,105470
2026-09-02,NILASPACES,NILA SPACES LIMITED,12.68,12.99,12.2,12.51,12.73,1795219
2026-09-02,NILE,NILE LTD.,1500.0,1500.0,1437.1,1471.5,1474.5,4261
2026-09-02,NILKAMAL,NILKAMAL LIMITED,2031.0,2074.0,2007.0,2063.1,2034.0,16375
2026-09-02,NIMBSPROJ,NIMBUS PROJECTS LIMITED,170.81,170.81,159.61,159.92,168.01,93586
2026-09-02,NINSYS,NINTEC SYSTEMS LIMITED,710.0,745.85,707.0,710.95,710.35,8522
2026-09-02,BANKBEES,NIP IND ETF BANK BEES,593.48,593.69,590.16,592.76,593.79,1045041
2026-09-02,CONSUMBEES,NIP IND ETF CONSUMPTION,131.45,132.85,129.41,130.51,131.45,179006
2026-09-02,DIVOPPBEES,NIP IND ETF DIV OPP,76.54,77.99,76.1,76.71,77.35,58412
2026-09-02,NV20BEES,NIP IND ETF ETF NV20,136.04,141.24,136.04,139.66,139.53,14681
2026-09-02,GOLDBEES,NIP IND ETF GOLD BEES,123.47,124.29,122.75,123.52,125.34,36173459
2026-09-02,HNGSNGBEES,NIP IND ETF HANGSENG BEES,479.0,479.0,464.56,468.63,469.33,60755
2026-09-02,INFRABEES,NIP IND ETF INFRA BEES,950.4,954.99,943.03,953.53,950.4,12570
2026-09-02,ITBEES,NIP IND ETF IT,34.19,35.0,34.12,34.39,34.79,6917685
2026-09-02,JUNIORBEES,NIP IND ETF JUNIOR BEES,807.87,807.87,778.0,788.4,788.17,563104
2026-09-02,LIQUIDBEES,NIP IND ETF LIQUID BEES,1000.0,1000.01,999.99,1000.0,1000.0,2397673
2026-09-02,LTGILTBEES,NIP IND ETF LONGTERM GILT,29.87,29.88,29.76,29.82,29.84,10199022
2026-09-02,MID150BEES,NIP IND ETF MIDCAP 150,240.34,240.34,237.55,239.07,240.53,987164
2026-09-02,NIF100BEES,NIP IND ETF NIFTY 100,273.42,273.42,264.4,264.89,266.76,34050
2026-09-02,NIFTYBEES,NIP IND ETF NIFTY BEES,273.15,273.15,271.51,272.56,273.25,7704816
2026-09-02,PSUBNKBEES,NIP IND ETF PSU BANK BEES,94.26,95.57,94.08,94.77,94.65,1041734
2026-09-02,SHARIABEES,NIP IND ETF SHARIAH BEES,457.51,466.75,455.01,456.97,462.13,8412
2026-09-02,NAM-INDIA,NIPPON L I A M LTD,1166.2,1172.5,1146.8,1171.5,1178.9,1599776
2026-09-02,LIQGRWBEES,NIPPONAMC - LIQGRWBEES,1054.97,1056.73,1051.35,1054.02,1053.9,104639
2026-09-02,MANUFGBEES,NIPPONAMC - MANUFGBEES,164.0,164.0,162.15,163.07,164.83,12385
2026-09-02,AUTOBEES,NIPPONAMC - NETFAUTO,292.63,293.33,285.5,288.88,292.63,454387
2026-09-02,PHARMABEES,NIPPONAMC - NETFPHARMA,28.36,28.36,27.34,27.56,27.53,5928234
2026-09-02,SILVERBEES,NIPPONAMC - NETFSILVER,214.79,216.79,214.03,215.45,217.72,18590941
2026-09-02,SNXT30BEES,NIPPONAMC - SNXT30BEES,42.41,42.6,42.15,42.6,42.74,18341
2026-09-02,NIRAJ,NIRAJ CEMENT STRUC LTD,29.41,29.93,28.25,29.0,29.27,25160
2026-09-02,NIRAJISPAT,NIRAJ ISPAT IND LTD,428.0,429.65,428.0,429.65,390.6,1061
2026-09-02,NIRLON,NIRLON LTD,652.0,652.0,647.0,649.8,649.45,21690
2026-09-02,NITCO,NITCO LIMITED,93.28,95.0,91.51,94.3,93.43,350076
2026-09-02,NITINSPIN,NITIN SPINNERS LIMITED,629.75,637.5,617.9,623.85,630.75,103781
2026-09-02,NITIRAJ,NITIRAJ ENGINEERS LTD,209.95,209.95,201.05,206.0,204.5,1748
2026-09-02,NITTAGELA,NITTA GELATIN INDIA LTD.,1630.7,1643.9,1591.0,1618.2,1631.4,3273
2026-09-02,NIVABUPA,NIVA BUPA HEALTH INS CO L,83.0,83.47,80.51,80.73,82.3,365819
2026-09-02,NKIND,NK INDUSTRIES LTD,55.7,60.4,55.25,57.0,57.24,1205
2026-09-02,NLCINDIA,NLC INDIA LIMITED,274.0,278.9,271.1,275.5,274.3,1874329
2026-09-02,NMDC,NMDC LTD.,84.9,85.75,84.25,85.75,85.69,16726795
2026-09-02,NSLNISP,NMDC STEEL LIMITED,45.55,47.24,45.11,45.69,45.61,10189200
2026-09-02,NOCIL,NOCIL LIMITED,169.62,171.31,166.98,169.95,169.62,416607
2026-09-02,NOIDATOLL,NOIDA TOLL BRIDGE CO LTD,4.23,4.3,4.01,4.11,4.23,60960
2026-09-02,NORBTEAEXP,NORBEN TEA & EXPORTS LTD,65.46,67.8,65.22,65.29,65.46,227
2026-09-02,NORTHARC,NORTHERN ARC CAPITAL LTD,298.15,303.15,292.1,299.7,299.5,1420849
2026-09-02,NOVARTIND,NOVARTIS INDIA LIMITED,1585.0,1614.0,1560.2,1601.5,1582.1,7814
2026-09-02,NRBBEARING,NRB BEARING LIMITED,459.0,463.4,451.05,453.55,458.25,147623
2026-09-02,NIBL,NRB INDUS. BEARINGS LTD.,30.51,31.85,30.51,31.08,30.82,2762
2026-09-02,NTPCGREEN,NTPC GREEN ENERGY LIMITED,89.11,89.12,88.0,88.12,89.21,3375911
2026-09-02,NTPC,NTPC LTD,324.0,331.1,321.0,330.0,327.5,11993091
2026-09-02,NUCLEUS,NUCLEUS SOFTWARE EXPORTS,732.5,743.9,732.5,740.65,740.7,11170
2026-09-02,NUVAMA,NUVAMA WEALTH MANAGE LTD,1785.0,1903.9,1751.7,1841.0,1785.0,1438209
2026-09-02,NUVOCO,NUVOCO VISTAS CORP LTD,322.5,331.9,317.05,328.15,322.85,697182
2026-09-02,OBCL,OBCL LIMITED,55.9,55.9,54.7,54.77,55.04,7881
2026-09-02,OBEROIRLTY,OBEROI REALTY LIMITED,1869.0,1869.0,1828.9,1866.0,1880.7,378206
2026-09-02,ODIGMA,ODIGMA CONSULTANCY SOL L,22.35,23.15,22.35,23.09,23.16,10264
2026-09-02,ODYCORP,ODYSSEY CORPORATION LTD.,7.48,8.0,7.14,7.42,7.12,46452
2026-09-02,ONGC,OIL AND NATURAL GAS CORP.,237.6,239.21,235.64,237.5,236.45,13073915
2026-09-02,OIL,OIL INDIA LTD,495.0,499.5,484.15,498.15,490.0,4334724
2026-09-02,OLAELEC,OLA ELECTRIC MOBILITY LTD,40.2,40.25,38.8,38.98,40.51,44552453
2026-09-02,OLECTRA,OLECTRA GREENTECH LIMITED,1247.3,1249.8,1226.1,1238.9,1247.3,230590
2026-09-02,OMINFRAL,OM INFRA LIMITED,83.46,83.46,80.15,81.84,82.04,19943
2026-09-02,OMPOWER,OM POWER TRANSMISSION LTD,169.0,175.03,162.9,171.86,169.08,76844
2026-09-02,OMAXAUTO,OMAX AUTOS LTD,183.5,189.0,181.81,187.09,184.48,26860
2026-09-02,OMAXE,OMAXE LIMITED,125.0,136.0,123.38,132.67,126.77,29571125
2026-09-02,OMNI,OMNITECH ENGINEERING LTD,538.0,548.4,527.0,543.15,535.6,373850
2026-09-02,PAYTM,ONE 97 COMMUNICATIONS LTD,1628.1,1633.3,1594.2,1619.0,1633.5,3008191
2026-09-02,ONEGLOBAL,ONE GLOBAL SERVICE PROV L,510.55,520.0,501.0,502.05,514.15,19205
2026-09-02,MOBIKWIK,ONE MOBIKWIK SYSTEMS LTD,187.78,188.48,184.06,185.32,187.78,472492
2026-09-02,ONEPOINT,ONE POINT ONE SOL LTD,54.7,54.81,53.76,54.61,54.74,448452
2026-09-02,KISSHT,ONEMI TECHNOLOGY SOL LTD,295.0,303.0,284.65,300.9,295.8,1891855
2026-09-02,ONESOURCE,ONESOURCE SPECL PHARMA L,1530.0,1564.0,1509.0,1544.4,1527.9,136288
2026-09-02,ONIDA,ONIDA ELECTRONICS LIMITED,35.5,36.2,34.99,35.57,35.63,242327
2026-09-02,ONIXSOLAR,ONIX SOLAR ENERGY LTD.,360.0,365.75,358.05,365.75,348.35,252187
2026-09-02,ONWARDTEC,ONWARD TECHNOLOGIES LTD,281.1,286.0,277.5,284.55,283.9,26315
2026-09-02,OPTIEMUS,OPTIEMUS INFRACOM LTD,582.7,585.0,569.0,571.0,582.8,70937
2026-09-02,OPTIFIN,OPTIMUS FINANCE LTD.,12.56,13.5,12.56,13.16,13.2,24221
2026-09-02,OFSS,ORACLE FIN SERV SOFT LTD.,12141.0,12199.0,11951.0,12158.0,12187.0,238698
2026-09-02,ORCHASP,ORCHASP LIMITED,1.4,1.45,1.35,1.4,1.4,116260
2026-09-02,ORCHPHARMA,ORCHID PHARMA LIMITED,946.0,954.95,931.35,938.05,947.9,39875
2026-09-02,ORICONENT,ORICON ENTERPRISES LTD,53.43,54.44,52.2,54.2,53.3,8648
2026-09-02,ORIENTBELL,ORIENT BELL LIMITED,390.45,405.0,386.25,400.65,390.45,46905
2026-09-02,ORIENTCEM,ORIENT CEMENT LTD.,128.49,128.79,126.25,127.7,128.16,124129
2026-09-02,ORIENTCER,ORIENT CERATECH LIMITED,43.8,44.39,42.93,43.78,43.2,54517
2026-09-02,ORIENTELEC,ORIENT ELECTRIC LIMITED,178.54,181.9,175.01,179.35,177.66,162963
2026-09-02,GREENPOWER,ORIENT GREEN POWER CO LTD,9.0,9.23,8.9,9.16,9.12,1495912
2026-09-02,ORIENTHOT,ORIENT HOTELS LTD,138.44,141.9,136.95,141.32,138.65,1214254
2026-09-02,ORIENTPPR,ORIENT PAPER AND INDS LTD,16.73,16.84,16.45,16.65,16.78,130048
2026-09-02,ORIENTTECH,ORIENT TECHNOLOGIES LTD,238.46,238.46,233.61,236.36,238.46,83273
2026-09-02,OAL,ORIENTAL AROMATICS LTD,442.05,464.8,432.25,457.95,446.3,51928
2026-09-02,ORIRAIL,ORIENTAL RAIL INFRA L,124.0,127.95,123.42,125.37,124.79,75670
2026-09-02,ORIENTALTL,ORIENTAL TRIMEX LTD,5.06,5.06,4.76,4.98,4.96,74893
2026-09-02,ORISSAMINE,ORISSA MIN DEV CO LTD,4321.0,4340.9,4260.7,4308.6,4325.0,4729
2026-09-02,ORKLAINDIA,ORKLA INDIA LIMITED,583.95,593.95,577.5,590.9,584.5,66831
2026-09-02,ORTINGLOBE,ORTIN GLOBAL LIMITED,15.36,15.86,15.36,15.43,15.86,2952
2026-09-02,OSWALAGRO,OSWAL AGRO MILLS LTD,36.53,37.4,36.53,36.89,36.9,24071
2026-09-02,OSWALGREEN,OSWAL GREENTECH LIMITED,20.69,20.69,20.11,20.46,20.41,60322
2026-09-02,OSWALPUMPS,OSWAL PUMPS LIMITED,289.8,289.95,275.2,278.3,291.35,1056339
2026-09-02,PBMPOLY,P B M POLYTEX LTD.,62.6,62.6,58.0,59.26,64.41,1728
2026-09-02,PNGJL,P N GADGIL JEWELLERS LTD,586.7,593.9,563.1,592.1,586.65,1137103
2026-09-02,POEL,P O C L ENTERPRISES LTD.,148.0,151.54,140.6,144.62,148.42,30475
2026-09-02,PGHH,P&G HYGIENE & HEALTH CARE,7881.5,7885.5,7740.0,7762.5,7881.5,20386
2026-09-02,PACEDIGITK,PACE DIGITEK LIMITED,167.0,167.0,163.41,164.88,166.37,547183
2026-09-02,PACIFICI,PACIFIC INDUSTRIES LTD.,141.0,141.0,137.0,137.05,136.02,293
2026-09-02,PAGEIND,PAGE INDUSTRIES LTD,35500.0,36325.0,35220.0,36200.0,35675.0,19411
2026-09-02,PAISALO,PAISALO DIGITAL LIMITED,66.96,68.15,65.61,66.52,67.07,9805048
2026-09-02,PAKKA,PAKKA LIMITED,76.98,77.0,74.5,75.8,76.68,55938
2026-09-02,PALASHSECU,PALASH SECURITIES LTD,90.0,90.0,88.1,88.98,90.77,1459
2026-09-02,PANACEABIO,PANACEA BIOTEC LTD,389.95,389.95,370.05,382.35,390.9,311504
2026-09-02,PANAMAPET,PANAMA PETROCHEM LTD,486.75,496.8,482.1,489.75,487.05,309631
2026-09-02,PANCHMAHQ,PANCHMAHAL STEEL LTD.,292.0,300.0,292.0,300.0,292.1,290
2026-09-02,PANORAMA,PANORAMA STUDIOS INTL. L,42.63,43.79,40.0,41.59,42.57,131992
2026-09-02,PANSARI,PANSARI DEVELOPERS LTD,305.0,308.05,290.0,296.1,303.8,1656
2026-09-02,PAR,PAR DRUGS AND CHEM LTD,146.0,168.72,146.0,168.25,140.6,1507861
2026-09-02,PARADEEP,PARADEEP PHOSPHATES LTD,156.62,157.69,153.51,156.19,157.51,2874257
2026-09-02,PARAGMILK,PARAG MILK FOODS LTD.,257.05,263.8,248.35,254.9,259.1,2039126
2026-09-02,PARACABLES,PARAMOUNT COMM LTD,63.47,65.2,62.64,64.16,63.45,1184196
2026-09-02,PARAS,PARAS DEF AND SPCE TECH L,1380.0,1420.0,1363.8,1413.1,1380.1,901120
2026-09-02,PARASPETRO,PARAS PETROFILS LTD.,2.13,2.15,2.08,2.11,2.1,125641
2026-09-02,PARKHOSPS,PARK MEDI WORLD LIMITED,280.5,284.7,274.3,276.75,280.5,496312
2026-09-02,PARKHOTELS,PARKHOTELS,111.56,116.0,110.81,114.05,111.92,141887
2026-09-02,PARNAXLAB,PARNAX LAB LTD.,143.0,144.9,134.01,137.23,140.78,9197
2026-09-02,PASHUPATI,PASHUPATI COTSPIN LIMITED,83.7,83.7,82.5,83.06,83.1,8777
2026-09-02,PATANJALI,PATANJALI FOODS LIMITED,344.9,345.0,339.1,345.0,345.8,3980958
2026-09-02,PATELENG,PATEL ENGINEERING LTD.,27.7,27.72,26.21,26.86,27.76,3474743
2026-09-02,PATELRMART,PATEL RETAIL LIMITED,221.55,222.9,215.4,216.42,223.14,222326
2026-09-02,PML,PAUL MERCHANTS LTD.,486.0,490.0,481.0,483.85,492.0,99
2026-09-02,PAUSHAKLTD,PAUSHAK LIMITED,802.0,820.0,771.7,785.7,801.6,41615
2026-09-02,PAVNAIND,PAVNA INDUSTRIES LIMITED,17.26,17.94,16.0,17.23,17.17,83740
2026-09-02,POLICYBZR,PB FINTECH LIMITED,1829.0,1860.0,1810.0,1851.9,1829.2,610594
2026-09-02,PCJEWELLER,PC JEWELLER LTD,10.3,10.39,9.98,10.18,10.32,274840339
2026-09-02,PCBL,PCBL CHEMICAL LIMITED,316.7,316.8,310.7,315.3,317.5,867848
2026-09-02,PDSL,PDS LIMITED,362.0,362.0,350.8,351.85,359.85,90855
2026-09-02,PGIL,PEARL GLOBAL IND LIMITED,2346.0,2395.8,2322.1,2361.6,2348.0,74186
2026-09-02,PEARLPOLY,PEARL POLYMERS LTD,15.5,15.5,15.0,15.25,15.05,54336
2026-09-02,PENIND,PENNAR INDUSTRIES LTD,165.0,168.95,163.15,165.9,165.66,360595
2026-09-02,PERMAGN,PERMANENT MAGNETS LTD.,895.1,895.1,870.0,871.55,895.1,4817
2026-09-02,PERSISTENT,PERSISTENT SYSTEMS LTD,5700.0,5738.0,5640.5,5690.0,5800.0,610391
2026-09-02,PETRONET,PETRONET LNG LIMITED,293.25,294.0,288.35,289.2,292.3,1476710
2026-09-02,PFIZER,PFIZER LTD,4625.3,4655.9,4614.0,4627.6,4665.9,9434
2026-09-02,PGEL,PG ELECTROPLAST LTD,566.0,567.45,556.2,566.0,569.9,1907087
2026-09-02,PHOENXINTL,PHOENIX INTERNATIONAL LTD,30.7,31.49,29.56,31.39,31.58,1386
2026-09-02,PWL,PHYSICSWALLAH LIMITED,114.5,116.24,112.39,115.47,114.94,5535743
2026-09-02,PIIND,PI INDUSTRIES LTD,2376.1,2393.6,2353.5,2393.0,2397.1,128403
2026-09-02,PICCADIL,PICCADILY AGRO INDUSTRI L,630.75,637.9,620.5,622.25,634.0,142699
2026-09-02,PIDILITIND,PIDILITE INDUSTRIES LTD,1639.0,1639.5,1624.1,1637.0,1643.5,635780
2026-09-02,PILITA,PIL ITALICA LIFESTYLE LTD,8.08,8.08,7.77,7.95,8.08,29807
2026-09-02,PILANIINVS,PILANI INV & IND COR LTD,4325.0,4356.2,4270.6,4325.0,4353.2,987
2026-09-02,PINELABS,PINE LABS LIMITED,161.5,164.4,158.27,162.32,159.89,20367566
2026-09-02,PIONEEREMB,PIONEER EMBROIDERIES LTD,21.51,21.87,21.28,21.4,21.73,2023
2026-09-02,PIRAMALFIN,PIRAMAL FINANCE LIMITED,2204.0,2219.6,2165.9,2186.5,2226.1,588816
2026-09-02,PPLPHARMA,PIRAMAL PHARMA LIMITED,212.84,217.82,211.36,213.78,213.2,3102064
2026-09-02,PITTIENG,PITTI ENGINEERING LIMITED,1071.7,1103.0,1055.0,1093.0,1074.7,71422
2026-09-02,PIXTRANS,PIX TRANSMISSIONS LIMITED,1780.5,1787.9,1757.9,1766.9,1785.1,8408
2026-09-02,PLASTIBLEN,PLASTIBLENDS INDIA LTD,184.15,186.72,181.8,183.39,185.59,15465
2026-09-02,PLATIND,PLATINUM INDUSTRIES LTD,225.1,230.99,219.0,229.69,227.79,61075
2026-09-02,PLAZACABLE,PLAZA WIRES LIMITED,58.89,61.86,55.98,61.8,58.92,303102
2026-09-02,PNBGILTS,PNB GILTS LIMITED,76.44,80.8,75.52,78.19,76.44,530316
2026-09-02,PNBHOUSING,PNB HOUSING FIN LTD.,1148.0,1148.0,1125.4,1141.0,1152.0,446878
2026-09-02,PNCINFRA,PNC INFRATECH LTD.,188.75,190.19,179.5,180.89,188.77,859041
2026-09-02,PNGSREVA,PNGS REVA DIAMOND JEWEL L,508.0,527.4,488.0,521.7,511.25,194259
2026-09-02,PODDARMENT,PODDAR PIGMENTS LIMITED,256.05,257.95,250.3,253.9,256.2,2199
2026-09-02,POKARNA,POKARNA LIMITED,838.0,844.9,825.3,839.35,841.95,31652
2026-09-02,POLYMED,POLY MEDICURE LIMITED,1750.0,1858.0,1739.6,1783.8,1756.4,744104
2026-09-02,POLYCAB,POLYCAB INDIA LIMITED,8876.5,8933.0,8732.0,8804.0,8895.5,434543
2026-09-02,POLYPLEX,POLYPLEX CORPORATION LTD,1182.1,1194.7,1172.1,1190.4,1187.7,46020
2026-09-02,POLYSPIN,POLYSPIN EXPORTS LTD.,29.99,29.99,28.56,28.77,30.1,230
2026-09-02,POCL,PONDY OXIDES & CHEM LTD,484.75,494.2,475.0,479.2,484.75,323807
2026-09-02,PONNIERODE,PONNIE SUGARS (ERODE) LTD,375.85,403.75,375.85,399.05,380.2,35699
2026-09-02,POONAWALLA,POONAWALLA FINCORP LTD,458.0,461.2,450.6,459.65,460.95,473536
2026-09-02,PVSL,POPULAR VEHICLES N SER L,105.0,105.0,98.1,102.39,103.7,30147
2026-09-02,PFC,POWER FIN CORP LTD.,343.4,347.3,340.5,346.5,345.8,11746142
2026-09-02,POWERGRID,POWER GRID CORP. LTD.,264.0,268.35,262.4,266.8,264.55,9068868
2026-09-02,PIGL,POWER INSTRUMENT (G) LTD,99.51,103.88,98.61,99.28,99.68,16989
2026-09-02,POWERMECH,POWER MECH PROJECTS LTD.,2473.3,2479.0,2435.0,2440.0,2481.0,26551
2026-09-02,POWERICA,POWERICA LIMITED,510.0,510.9,490.65,494.55,512.35,98400
2026-09-02,PRABHA,PRABHA ENERGY LIMITED,214.09,218.8,207.32,216.27,212.56,161854
2026-09-02,PRAJIND,PRAJ INDUSTRIES LTD,339.0,341.65,328.1,334.5,340.3,633023
2026-09-02,PRAENG,PRAJAY ENG. SYN. LTD.,24.98,26.19,24.42,24.86,24.44,407368
2026-09-02,PRAKASH,PRAKASH INDUSTRIES LTD,125.15,125.89,124.0,124.34,126.22,196922
2026-09-02,PRAKASHSTL,PRAKASH STEELAGE LTD,3.88,3.92,3.79,3.8,3.87,158017
2026-09-02,DIAMONDYD,PRATAAP SNACKS LIMITED,1135.0,1169.9,1102.3,1155.2,1144.8,7145
2026-09-02,PRAVEG,PRAVEG LTD.,263.0,265.0,260.05,260.85,265.95,16745
2026-09-02,PRAXIS,PRAXIS HOME RETAIL LTD,4.69,4.71,4.46,4.46,4.69,186357
2026-09-02,PRECAM,PRECISION CAMSHAFTS LTD.,123.6,130.0,119.49,122.87,123.15,139788
2026-09-02,PRECWIRE,PRECISION WIRES INDIA LTD,493.55,502.2,478.9,483.1,497.3,604171
2026-09-02,PRECOT,PRECOT LIMITED,686.0,702.4,686.0,692.2,694.9,1212
2026-09-02,PREMCO,PREMCO GLOBAL LTD.,383.0,394.05,380.7,383.75,382.6,1114
2026-09-02,PREMIERENE,PREMIER ENERGIES LIMITED,1012.9,1012.9,998.0,1000.0,1012.9,827532
2026-09-02,PREMEXPLN,PREMIER EXPLOSIVES LTD,702.5,702.5,666.1,668.8,663.95,817689
2026-09-02,PREMIERPOL,PREMIER POLYFILM LTD,90.3,92.19,89.02,89.79,90.44,163733
2026-09-02,PRESTIGE,PRESTIGE ESTATE LTD,1562.2,1582.0,1521.8,1582.0,1570.0,546247
2026-09-02,PRICOLLTD,PRICOL LIMITED,796.2,796.2,762.0,767.75,797.0,545899
2026-09-02,PFOCUS,PRIME FOCUS LIMITED,287.0,287.0,277.5,280.35,286.5,515115
2026-09-02,PRIMESECU,PRIME SECURITIES LIMITED,284.9,291.65,279.7,287.3,282.7,89913
2026-09-02,PRIMO,PRIMO CHEMICALS LIMITED,21.25,21.44,20.31,20.8,21.26,121947
2026-09-02,PRINCEPIPE,PRINCE PIPES FITTINGS LTD,292.0,292.45,284.0,285.0,291.75,122407
2026-09-02,PRSMJOHNSN,PRISM JOHNSON LIMITED,111.5,112.2,110.14,111.64,111.2,243544
2026-09-02,PRISMX,PRISMX GLOBAL VENTURES L,0.55,0.55,0.51,0.51,0.53,148588
2026-09-02,PNC,PRITISH NANDY COMMUNICATI,17.5,17.5,15.96,16.37,16.89,39970
2026-09-02,PRIVISCL,PRIVI SPECIALITY CHE LTD,3323.6,3397.8,3303.3,3335.3,3345.9,63594
2026-09-02,PGHL,PROCTER & GAMBLE HEALTH L,5750.0,5759.5,5662.5,5669.5,5776.0,4582
2026-09-02,PROSTARM,PROSTARM INFO SYSTEMS LTD,132.23,134.17,130.56,131.56,131.72,112415
2026-09-02,PROTEAN,PROTEAN EGOV TECHNO LTD,510.0,511.0,496.2,497.65,509.9,320935
2026-09-02,PROZONER,PROZONE REALTY LIMITED,44.1,47.48,44.1,46.49,44.92,498977
2026-09-02,PRUDENT,PRUDENT CORP ADV SER LTD,3341.0,3341.0,3215.0,3237.4,3352.3,28548
2026-09-02,PSPPROJECT,PSP PROJECTS LIMITED,867.0,887.9,848.7,858.0,874.5,79009
2026-09-02,PFS,PTC INDIA FIN SERV LTD,27.0,27.3,26.43,27.12,26.96,429299
2026-09-02,PTC,PTC INDIA LIMITED,155.0,155.9,153.41,155.44,155.2,761035
2026-09-02,PTCIL,PTC INDUSTRIES LIMITED,22685.0,22980.0,22335.0,22715.0,22755.0,33761
2026-09-02,PTL,PTL ENTERPRISES LTD,38.35,38.59,38.15,38.45,38.39,27631
2026-09-02,PDMJEPAPER,PUDUMJEE PAPER PRO. LTD,92.5,92.5,89.81,90.92,92.57,74507
2026-09-02,PSB,PUNJAB & SIND BANK,22.58,22.72,22.09,22.58,22.58,1678778
2026-09-02,PUNJABCHEM,PUNJAB CHEM & CROP PROT L,1113.1,1118.4,1088.4,1093.4,1109.3,3693
2026-09-02,PNB,PUNJAB NATIONAL BANK,114.65,117.25,113.92,117.0,115.22,21100041
2026-09-02,PURVA,PURAVANKARA LIMITED,214.0,214.0,208.2,209.79,212.38,102085
2026-09-02,PVP,PVP VENTURES LIMITED,61.81,62.0,61.81,61.81,65.06,700698
2026-09-02,PVRINOX,PVR INOX LIMITED,1231.7,1231.7,1207.0,1210.0,1228.2,311807
2026-09-02,PYRAMID,PYRAMID TECHNOPLAST LTD,159.66,159.66,154.82,155.64,158.08,42803
2026-09-02,QUADFUTURE,QUADRANT FUTURE TEK LTD,412.0,429.7,412.0,415.0,419.15,294548
2026-09-02,QPOWER,QUALITY POWER ELEC EQUP L,1488.2,1500.0,1450.0,1455.6,1488.0,190928
2026-09-02,QGOLDHALF,QUANTUM GOLD ETF,124.31,125.3,123.06,123.84,125.58,375724
2026-09-02,QNIFTY,QUANTUM NIFTY 50 ETF,267.5,267.5,262.17,263.41,264.36,6966
2026-09-02,SILVER001,QUANT_AMC - SILVER001,23.46,23.47,22.56,22.79,23.0,60488
2026-09-02,QUESS,QUESS CORP LIMITED,378.0,382.0,363.5,379.25,379.5,401103
2026-09-02,QUINT,QUINT DIGITAL LTD.,40.1,40.29,38.75,39.44,40.97,1281
2026-09-02,RKSWAMY,R K SWAMY LIMITED,92.87,93.0,90.51,92.14,90.58,19499
2026-09-02,RRIL,R R I L LTD.,17.0,17.0,16.5,16.64,16.67,6550
2026-09-02,RRKABEL,R R KABEL LIMITED,2869.5,2869.5,2618.0,2630.4,2869.8,1150212
2026-09-02,RSYSTEMS,R SYS INTERNATIONAL LTD,252.0,255.95,248.2,253.96,255.74,333125
2026-09-02,RTSPOWR,R T S POWER CORPN. LTD.,90.0,90.0,87.34,88.66,89.08,1028
2026-09-02,RNBDENIMS,R&B DENIMS LIMITED,11.37,11.37,11.37,11.37,10.83,103008
2026-09-02,RSSOFTWARE,R. S. SOFTWARE (INDIA) LI,28.75,29.2,27.29,28.54,28.72,94746
2026-09-02,RPPINFRA,R.P.P INFRA PROJECTS LTD,56.57,56.63,55.11,55.57,56.57,56432
2026-09-02,RACE,RACE ECO CHAIN LIMITED,102.5,102.5,98.5,100.36,99.68,12224
2026-09-02,RACLGEAR,RACL GEARTECH LIMITED,1530.0,1560.0,1485.0,1516.6,1537.9,23651
2026-09-02,RADAAN,RADAAN MEDIAWORKS (I) LTD,2.73,3.0,2.73,2.88,2.9,27131
2026-09-02,RADHIKAJWE,RADHIKA JEWELTECH LIMITED,71.0,73.9,70.55,71.6,71.1,1365803
2026-09-02,RADIANTCMS,RADIANT CASH MGMT SER LTD,39.6,39.9,38.9,39.18,39.07,254057
2026-09-02,RADICO,RADICO KHAITAN LTD,4448.6,4476.2,4390.0,4476.2,4474.3,183742
2026-09-02,RPEL,RAGHAV PRODUCTIVITY ENH L,1729.4,1785.0,1704.2,1774.6,1727.1,49856
2026-09-02,RVNL,RAIL VIKAS NIGAM LIMITED,207.0,207.0,203.83,206.0,208.38,3795701
2026-09-02,RAILTEL,RAILTEL CORP OF IND LTD,274.3,275.05,270.5,271.55,277.9,303377
2026-09-02,RAIN,RAIN INDUSTRIES LIMITED,205.0,208.7,202.58,205.66,206.55,2767223
2026-09-02,RAINBOW,RAINBOW CHILDRENS MED LTD,1440.0,1440.0,1421.0,1433.0,1446.4,38375
2026-09-02,ROML,RAJ OIL MILLS LIMITED,43.15,43.8,42.05,42.13,43.15,677
2026-09-02,RAJTV,RAJ TV NETWORK LTD,8.93,8.93,8.93,8.93,9.39,49994
2026-09-02,RAJPALAYAM,RAJAPALAYAM MILLS LTD.,810.05,810.05,791.9,794.1,810.0,839
2026-09-02,ARENTERP,RAJDARSHAN INDUSTRIES LTD,34.6,36.4,34.5,34.7,35.31,1644
2026-09-02,RAJMET,RAJNANDINI METAL LIMITED,3.09,3.16,3.09,3.1,3.11,246319
2026-09-02,RSL,RAJPUTANA STAINLESS LTD,177.0,180.95,175.15,178.98,176.74,159908
2026-09-02,RAJRATAN,RAJRATAN GLOBAL WIRE LTD,496.7,496.7,487.55,490.45,496.7,31340
2026-09-02,RAJSREESUG,RAJSHREE SUGAR & CHEMICAL,35.52,36.99,35.33,35.55,36.23,25195
2026-09-02,RALLIS,RALLIS INDIA LTD,206.99,209.97,204.51,209.5,207.17,724374
2026-09-02,RAMRAT,RAM RATNA WIRES LIMITED,570.2,577.5,532.3,535.1,570.2,400073
2026-09-02,RAMAPHO,RAMA PHOSPHATES LIMITED,121.86,124.0,121.1,122.93,122.22,6459
2026-09-02,RAMCOIND,RAMCO INDUSTRIES LIMITED,321.6,324.55,317.35,319.5,323.7,122658
2026-09-02,RAMCOSYS,RAMCO SYSTEMS LTD.,590.0,593.0,575.0,579.0,590.95,86512
2026-09-02,RKFORGE,RAMKRISHNA FORGINGS LTD,749.0,749.0,723.0,726.1,753.6,604068
2026-09-02,RAMKY,RAMKY INFRA LTD,343.5,343.85,333.0,340.85,343.85,22632
2026-09-02,RANASUG,RANA SUGARS LTD.,14.78,15.13,14.7,14.9,14.94,193282
2026-09-02,RML,RANE (MADRAS) LIMITED,1111.2,1117.9,1100.0,1103.7,1117.2,9847
2026-09-02,RANEHOLDIN,RANE HOLDINGS LIMITED,1552.0,1615.0,1538.1,1605.2,1560.7,10389
2026-09-02,RPTECH,RASHI PERIPHERALS LIMITED,809.1,819.8,802.0,806.1,809.1,167976
2026-09-02,RCF,RASHTRIYA CHEMICALS & FER,113.96,114.45,112.7,113.94,114.51,717999
2026-09-02,RATEGAIN,RATEGAIN TRAVEL TECHN LTD,907.0,914.7,871.25,875.35,911.25,602952
2026-09-02,RATNAMANI,RATNAMANI MET & TUB LTD.,2610.0,2656.0,2556.0,2634.3,2605.1,44485
2026-09-02,RATNAVEER,RATNAVEER PRECISION ENG L,291.3,293.6,282.0,286.15,291.35,1974512
2026-09-02,RTNINDIA,RATTANINDIA ENT LIMITED,30.0,30.02,29.35,29.59,30.02,1119765
2026-09-02,RTNPOWER,RATTANINDIA POWER LIMITED,7.46,7.48,7.3,7.39,7.45,15138484
2026-09-02,RKDL,RAVI KUMAR DIST. LTD.,18.98,18.98,18.1,18.25,18.63,8523
2026-09-02,RVHL,RAVINDER HEIGHTS LIMITED,40.79,41.34,38.16,39.28,39.24,2310
2026-09-02,RELTD,RAVINDRA ENERGY LIMITED,152.06,155.49,151.5,152.13,153.9,142843
2026-09-02,RAYMONDLSL,RAYMOND LIFESTYLE LIMITED,631.0,662.9,628.25,650.3,637.15,225434
2026-09-02,RAYMOND,RAYMOND LTD,632.9,674.9,625.3,667.25,635.3,2180718
2026-09-02,RAYMONDREL,RAYMOND REALTY LIMITED,516.75,528.0,501.05,506.05,516.75,529641
2026-09-02,RBLBANK,RBL BANK LIMITED,377.6,392.7,375.0,389.4,380.5,4297189
2026-09-02,RBZJEWEL,RBZ JEWELLERS LIMITED,176.4,184.67,155.0,161.47,169.0,10355122
2026-09-02,RRECL,RDB REAL ESTATE CONS L,134.15,139.9,131.05,138.85,134.15,539
2026-09-02,RECLTD,REC LIMITED,312.0,318.5,310.4,316.45,314.05,4975534
2026-09-02,REDINGTON,REDINGTON LIMITED,344.35,366.7,343.7,363.2,349.6,10766413
2026-09-02,REDTAPE,REDTAPE LIMITED,121.0,121.69,118.55,118.99,122.19,314900
2026-09-02,REFEX,REFEX INDUSTRIES LIMITED,277.0,282.45,273.0,277.45,277.6,212725
2026-09-02,REGAAL,REGAAL RESOURCES LIMITED,88.0,92.18,85.68,90.78,87.9,826348
2026-09-02,REGENCERAM,REGENCY CERAMICS LTD.,36.0,36.0,34.0,35.24,34.49,1738
2026-09-02,RELAXO,RELAXO FOOT LTD.,359.0,359.0,344.0,346.4,359.35,180409
2026-09-02,GILT5YBEES,RELCAPAMC - NETFGILT5Y,66.1,66.1,65.78,66.09,66.04,198008
2026-09-02,RELIABLE,RELIABLE DATA SERVICE LTD,138.0,139.9,133.61,138.74,135.98,57192
2026-09-02,RELCHEMQ,RELIANCE CHEMOTEX IND LTD,113.19,115.79,110.37,111.7,113.19,2340
2026-09-02,RIIL,RELIANCE INDUSTRIAL INFRA,744.0,747.8,736.0,743.75,749.7,34494
2026-09-02,RELIANCE,RELIANCE INDUSTRIES LTD,1298.0,1321.9,1293.1,1313.1,1309.0,13497841
2026-09-02,RPOWER,RELIANCE POWER LTD.,22.13,22.18,21.8,22.05,22.26,10033374
2026-09-02,IVZBANKNF,RELIGARAMC - IVZBANKNF,58.45,58.45,56.9,57.0,57.3,982
2026-09-02,IVZSENSEX,RELIGARAMC - IVZSENSEX,76.53,76.71,76.16,76.57,76.35,1849
2026-09-02,RELIGARE,RELIGARE ENTER. LTD.,249.78,251.01,245.42,248.06,249.78,576451
2026-09-02,REMSONSIND,REMSONS INDUSTRIES LTD,97.44,98.4,94.0,94.88,97.44,69007
2026-09-02,RGL,RENAISSANCE GLOBAL LTD,136.96,139.5,134.8,137.79,136.96,523746
2026-09-02,REPCOHOME,REPCO HOME FINANCE LTD,362.8,362.8,354.2,359.6,362.8,76623
2026-09-02,REPRO,REPRO INDIA LIMITED,328.0,328.0,317.6,318.4,328.6,16541
2026-09-02,RESPONIND,RESPONSIVE INDUSTRIES LTD,149.01,152.0,148.07,150.47,150.17,51938
2026-09-02,RBA,RESTAURANT BRAND ASIA LTD,100.22,100.24,97.5,97.75,99.96,2134628
2026-09-02,RVTH,REVATHI EQUIPMENT INDIA L,725.05,738.85,704.15,723.85,740.25,707
2026-09-02,RHETAN,RHETAN TMT LIMITED,21.03,21.03,21.02,21.02,19.12,5392754
2026-09-02,RHIM,RHI MAGNESITA INDIA LTD,366.6,372.0,361.35,370.5,368.2,330000
2026-09-02,RICOAUTO,RICO AUTO INDUSTRIES LTD,127.4,127.4,123.48,125.7,127.39,757096
2026-09-02,RIR,RIR POWER ELECTRONICS L,158.44,159.0,154.0,157.69,157.5,78631
2026-09-02,RISHABH,RISHABH INSTRUMENTS LTD,690.0,753.0,685.85,746.0,695.7,1177885
2026-09-02,RITCO,RITCO LOGISTICS LIMITED,297.3,306.45,294.65,303.8,300.3,49466
2026-09-02,RITES,RITES LIMITED,215.33,216.2,211.62,212.6,216.38,292047
2026-09-02,RKEC,RKEC PROJECTS LIMITED,21.04,22.5,21.04,21.56,21.54,33170
2026-09-02,RMC,RMC SWITCHGEARS LIMITED,232.41,232.82,220.05,221.42,232.45,83910
2026-09-02,RHL,ROBUST HOTELS LIMITED,165.25,174.0,164.2,172.71,169.45,6533
2026-09-02,ROLEXRINGS,ROLEX RINGS LIMITED,175.55,178.0,171.56,173.01,178.68,1140921
2026-09-02,ROSSARI,ROSSARI BIOTECH LIMITED,477.0,481.95,470.0,476.2,476.55,47960
2026-09-02,ROSSELLIND,ROSSELL INDIA LIMITED,57.8,59.15,56.75,58.58,58.13,57008
2026-09-02,ROSSTECH,ROSSELL TECHSYS LIMITED,1139.9,1159.4,1120.0,1134.0,1136.2,164242
2026-09-02,ROTO,ROTO PUMPS LIMITED,65.61,65.61,63.5,64.8,65.97,244904
2026-09-02,ROUTE,ROUTE MOBILE LIMITED,501.1,507.6,495.5,499.7,501.95,115619
2026-09-02,ROHLTD,ROYAL ORCHID HOTELS LTD,298.05,302.4,295.4,296.8,297.4,10656
2026-09-02,RPGLIFE,RPG LIFE SCIENCES LTD,2590.5,2591.3,2550.0,2564.9,2590.5,7011
2026-09-02,RPSGVENT,RPSG VENTURES LIMITED,835.0,844.0,830.05,839.7,842.35,14547
2026-09-02,RUBFILA,RUBFILA INTERNATIONAL LTD,68.48,69.5,65.59,66.21,68.48,76795
2026-09-02,RUBICON,RUBICON RESEARCH LIMITED,1822.2,1839.0,1799.7,1828.8,1822.2,123136
2026-09-02,RUCHINFRA,RUCHI INFRASTRUCTURE LTD,5.65,5.68,5.31,5.53,5.68,46520
2026-09-02,RUCHIRA,RUCHIRA PAPERS LIMITED,102.9,103.08,102.1,102.67,102.97,7739
2026-09-02,RUDRA,RUDRA GLOBAL INFRA PROD L,21.21,21.21,20.25,20.72,20.79,45235
2026-09-02,RUPA,RUPA & COMPANY LTD,145.67,145.68,142.4,143.15,145.38,80144
2026-09-02,RUSHIL,RUSHIL DECOR LIMITED,16.31,16.5,16.0,16.09,16.24,156900
2026-09-02,SCHAND,S CHAND AND COMPANY LTD,133.55,135.75,131.36,134.2,133.55,26812
2026-09-02,SHK,S H KELKAR AND CO. LTD.,148.5,149.16,145.53,148.37,148.67,594034
2026-09-02,SVGLOBAL,S V GLOBAL MILL LTD.,127.7,132.54,115.0,120.01,131.29,1146
2026-09-02,S&SPOWER,S&S POWER SWITCHGEARS LTD,338.4,338.4,320.0,322.0,331.45,898
2026-09-02,SPAL,S. P. APPARELS LIMITED,1021.3,1085.0,1011.8,1072.4,1021.3,144792
2026-09-02,SALSTEEL,S.A.L. STEEL LTD.,81.99,86.25,78.76,82.04,82.43,1174529
2026-09-02,SAATVIKGL,SAATVIK GREEN ENERGY LTD,416.6,421.15,412.55,417.25,420.5,32529
2026-09-02,SADBHAV,SADBHAV ENGINEERING LTD,8.43,8.43,7.9,8.07,8.03,711395
2026-09-02,SAFARI,SAFARI IND (INDIA) LTD,1534.0,1534.0,1490.7,1497.2,1530.9,27131
2026-09-02,SAGCEM,SAGAR CEMENTS LIMITED,157.0,158.54,155.0,155.63,157.03,29660
2026-09-02,SAGARDEEP,SAGARDEEP ALLOYS LIMITED,23.76,24.0,23.6,23.66,23.76,2274
2026-09-02,SAGILITY,SAGILITY LIMITED,46.0,46.98,45.82,46.7,46.45,16448512
2026-09-02,SAHYADRI,SAHYADRI INDUSTRIES LTD,352.85,362.25,348.0,356.2,352.8,17544
2026-09-02,SAICAPI,SAI CAPITAL LTD.,144.1,146.3,140.0,140.0,148.15,863
2026-09-02,SAILIFE,SAI LIFE SCIENCES LIMITED,1518.1,1595.0,1509.0,1587.0,1518.1,2747154
2026-09-02,SAIPARENT,SAI PARENTERALS LIMITED,515.75,518.95,512.05,515.55,518.75,44100
2026-09-02,KALAMANDIR,SAI SILKS (KALAMANDIR) L,85.5,86.0,84.1,85.65,85.62,338173
2026-09-02,SEKURITIND,SAINT GOBAIN SEKUR IND L,117.99,119.0,113.21,113.7,116.59,15293
2026-09-02,SAKAR,SAKAR HEALTHCARE LIMITED,993.0,1024.0,975.5,985.8,965.75,385693
2026-09-02,SAKSOFT,SAKSOFT LIMITED,154.22,154.44,149.33,150.38,154.22,387000
2026-09-02,SAKHTISUG,SAKTHI SUGARS LTD,20.5,20.99,20.1,20.37,20.4,176853
2026-09-02,SAKUMA,SAKUMA EXPORTS LIMITED,1.62,1.64,1.57,1.6,1.62,1107702
2026-09-02,SALASAR,SALASAR TECHNO ENGG. LTD.,5.84,5.84,5.58,5.65,5.84,7181900
2026-09-02,SALONA,SALONA COTSPIN LTD.,274.95,274.95,260.05,262.45,270.0,205
2026-09-02,SALZERELEC,SALZER ELECTRONICS LTD,537.0,543.0,526.0,535.85,538.75,60215
2026-09-02,SAMBANDAM,SAMBANDAM SPINNING MILL L,113.49,114.45,113.49,114.45,113.49,84
2026-09-02,SAMBHAAV,SAMBHAAV MEDIA LTD,6.0,6.2,5.73,6.0,5.98,9375
2026-09-02,SAMBHV,SAMBHV STEEL TUBES LTD,126.6,128.55,125.12,126.18,126.93,914541
2026-09-02,SAMHI,SAMHI HOTELS LIMITED,152.5,153.95,150.55,151.45,153.05,830168
2026-09-02,SAMMAANCAP,SAMMAAN CAPITAL LIMITED,146.4,153.4,144.5,152.31,147.14,10530796
2026-09-02,SAMPANN,SAMPANN UTPADAN INDIA LTD,24.9,24.9,24.1,24.33,24.59,14882
2026-09-02,MOTHERSON,SAMVRDHNA MTHRSN INTL LTD,163.8,163.8,159.92,163.3,165.6,18944363
2026-09-02,SANATHAN,SANATHAN TEXTILES LIMITED,439.1,444.85,425.05,434.0,440.25,60244
2026-09-02,SANDESH,SANDESH LTD,1079.9,1079.9,1038.2,1050.0,1059.4,1835
2026-09-02,SANDHAR,SANDHAR TECHNOLOGIES LTD,651.0,653.75,629.05,633.75,653.15,168187
2026-09-02,SANDUMA,SANDUR MANG & IRON ORES L,199.0,199.32,196.2,197.0,200.4,381024
2026-09-02,SANGAMIND,SANGAM (INDIA) LTD,583.75,586.9,565.1,569.8,586.65,65448
2026-09-02,SANGHVIMOV,SANGHVI MOVERS LTD,455.0,464.3,444.0,452.3,458.05,292649
2026-09-02,SANOFICONR,SANOFI CONS HEALTHC IND L,4140.0,4220.3,4070.1,4182.4,4137.8,4642
2026-09-02,SANOFI,SANOFI INDIA LIMITED,3155.0,3186.0,3134.5,3157.4,3155.0,13872
2026-09-02,SANSERA,SANSERA ENGINEERING LTD,3883.5,3925.5,3782.0,3810.6,3903.0,137509
2026-09-02,SANSTAR,SANSTAR LIMITED,106.79,110.5,105.55,109.91,107.36,157555
2026-09-02,SAPPHIRE,SAPPHIRE FOODS INDIA LTD,230.0,230.38,224.18,228.21,229.96,683474
2026-09-02,ZSARACOM,SARASWATI COMM (INDIA) L,10436.0,10949.0,10301.0,10437.0,10702.0,60
2026-09-02,SSDL,SARASWATI SAREE DEPOT LTD,56.23,57.08,55.94,56.03,56.23,12140
2026-09-02,SARDAEN,SARDA ENERGY & MIN LTD,491.1,496.1,489.5,491.05,497.05,130326
2026-09-02,SAREGAMA,SAREGAMA INDIA LIMITED,491.35,491.35,476.15,477.3,493.75,358580
2026-09-02,SARLAPOLY,SARLA PERF. FIBERS LTD,103.81,103.81,101.5,102.46,103.81,36715
2026-09-02,SMLT,SARTHAK METALS LIMITED,64.2,67.0,64.0,64.61,65.61,8912
2026-09-02,SARVESHWAR,SARVESHWAR FOODS LIMITED,3.34,3.36,3.3,3.34,3.33,908268
2026-09-02,SASKEN,SASKEN TECHNOLOGIES LTD,1902.5,1934.9,1870.0,1885.5,1904.3,15405
2026-09-02,SATIA,SATIA INDUSTRIES LIMITED,57.03,57.49,56.45,57.12,57.06,36353
2026-09-02,SATIN,SATIN CREDIT NET LTD,216.0,219.9,214.91,218.52,217.18,153677
2026-09-02,SAURASHCEM,SAURASHTRA CEMENT LIMITED,55.56,55.99,55.05,55.22,55.54,46410
2026-09-02,SOTL,SAVITA OIL TECHNOLO. LTD,780.95,797.0,735.0,752.6,771.4,5145071
2026-09-02,SAYAJIHOTL,SAYAJI HOTELS LTD.,313.95,313.95,303.0,303.0,316.0,12
2026-09-02,SAYAJIIND,SAYAJI INDUSTRIES LTD.,114.26,119.89,114.25,117.48,117.43,326
2026-09-02,SBC,SBC EXPORTS LIMITED,42.23,43.0,42.0,42.81,42.04,7904399
2026-09-02,SBFC,SBFC FINANCE LIMITED,100.99,101.49,96.9,99.23,99.95,1753870
2026-09-02,SBICARD,SBI CARDS & PAY SER LTD,630.0,642.3,622.2,635.15,632.4,1969265
2026-09-02,SBIFUNDS,SBI FUNDS MANAGEMENT LTD,565.9,566.1,557.3,564.7,566.95,772367
2026-09-02,SBILIFE,SBI LIFE INSURANCE CO LTD,1730.0,1738.4,1716.0,1719.9,1739.3,671784
2026-09-02,SETFGOLD,SBI-ETF GOLD,128.09,128.1,126.07,127.44,129.31,7037496
2026-09-02,SETFNIF50,SBI-ETF NIFTY 50,258.44,258.45,256.67,257.65,258.44,1118456
2026-09-02,SETFNIFBK,SBI-ETF NIFTY BANK,587.01,588.9,585.38,587.97,588.44,53449
2026-09-02,SETFNN50,SBI-ETF NIFTY NEXT 50,779.22,781.94,772.0,779.13,784.06,34177
2026-09-02,LIQUIDSBI,SBIAMC - LIQUIDSBI,999.99,1000.01,999.99,1000.0,1000.0,5380
2026-09-02,SBIBPB,SBIAMC - SBIBPB,50.63,50.63,48.4,49.25,49.4,59438
2026-09-02,SBIETFCON,SBIAMC - SBIETFCON,122.57,122.57,119.62,121.2,121.5,111337
2026-09-02,SBIETFIT,SBIAMC - SBIETFIT,349.94,349.94,340.82,343.34,347.27,15075
2026-09-02,SBIETFPB,SBIAMC - SBIETFPB,285.61,285.61,281.24,282.98,281.39,3085
2026-09-02,SBIETFQLTY,SBIAMC - SBIETFQLTY,222.55,222.64,221.0,222.4,224.87,3784
2026-09-02,SBILIQETF,SBIAMC - SBILIQETF,1054.31,1054.33,1054.3,1054.3,1054.18,345377
2026-09-02,SBIMIDMOM,SBIAMC - SBIMIDMOM,63.89,63.89,63.07,63.59,63.89,85571
2026-09-02,SBINEQWETF,SBIAMC - SBINEQWETF,33.28,33.67,33.0,33.13,33.28,10591
2026-09-02,SBINMID150,SBIAMC - SBINMID150,23.43,23.67,23.01,23.12,23.36,18181
2026-09-02,SBISILVER,SBIAMC - SBISILVER,222.6,223.11,219.27,220.81,222.99,902253
2026-09-02,SBISMLETF,SBIAMC - SBISMLETF,18.45,18.58,18.16,18.24,18.36,50460
2026-09-02,SBIVALETF,SBIAMC - SBIVALETF,14.71,14.71,14.51,14.65,14.64,13175
2026-09-02,SETF10GILT,SBIAMC - SETF10GILT,265.01,265.01,262.1,263.88,263.52,2249
2026-09-02,SCHAEFFLER,SCHAEFFLER INDIA LIMITED,4000.0,4014.0,3944.1,3967.1,4000.2,47965
2026-09-02,SCHNEIDER,SCHNEIDER ELECTRIC INFRA,1185.0,1185.0,1150.0,1169.5,1188.3,190208
2026-09-02,SCODATUBES,SCODA TUBES LIMITED,130.62,131.46,127.24,128.61,130.29,121615
2026-09-02,SEAMECLTD,SEAMEC LIMITED,1670.7,1749.0,1663.1,1735.7,1678.8,168329
2026-09-02,SECMARK,SECMARK CONSULTANCY LTD,142.4,144.13,137.0,142.78,148.51,5992
2026-09-02,SECURKLOUD,SECUREKLOUD TECH LIMITED,17.83,17.83,17.1,17.35,17.33,4671
2026-09-02,SEDEMAC,SEDEMAC MECHATRONICS LTD,2954.0,2970.0,2845.6,2866.5,2988.6,226318
2026-09-02,SEJALLTD,SEJAL GLASS LIMITED,670.5,686.85,658.0,672.85,675.3,5960
2026-09-02,SELMC,SEL MANUFACTURING CO LTD,27.1,28.2,26.56,27.43,27.11,5527
2026-09-02,SENCO,SENCO GOLD LIMITED,351.0,351.95,342.7,348.6,352.75,564599
2026-09-02,SENORES,SENORES PHARMACEUTICALS L,1454.7,1478.8,1440.2,1449.5,1454.7,170199
2026-09-02,SEPC,SEPC LIMITED,5.37,5.55,5.26,5.43,5.37,9018965
2026-09-02,SERVOTECH,SERVOTECH REN POW SYS LTD,78.58,79.9,77.05,79.47,78.58,308764
2026-09-02,STYL,SESHAASAI TECHNOLOGIES L,388.6,392.2,378.05,386.0,386.8,80614
2026-09-02,SESHAPAPER,SESHASAYEE PAPER & BOARDS,232.85,232.85,227.5,229.67,232.52,37976
2026-09-02,SGFIN,SG FINSERVE LIMITED,682.35,687.55,666.25,674.6,682.3,116799
2026-09-02,SGMART,SG MART LIMITED,837.55,845.1,821.3,827.2,835.05,112710
2026-09-02,SGLRES,SGL RESOURCES LIMITED,2.42,2.43,2.31,2.33,2.42,12072
2026-09-02,SHADOWFAX,SHADOWFAX TECHNOLOGIES L,257.4,257.4,251.5,253.55,257.2,1855864
2026-09-02,SHAHALLOYS,SHAH ALLOYS LIMITED,109.5,115.4,106.0,112.46,113.0,223823
2026-09-02,SHAH,SHAH METACORP LIMITED,3.67,3.68,3.5,3.57,3.67,976261
2026-09-02,SHAILY,SHAILY ENG PLASTICS LTD,3220.1,3287.5,3147.0,3172.5,3266.3,151078
2026-09-02,SHAKTIPUMP,SHAKTI PUMPS (I) LTD,475.3,477.95,470.25,472.35,477.95,254955
2026-09-02,SHALBY,SHALBY LIMITED,154.25,155.01,148.22,151.33,153.65,95389
2026-09-02,SAHLIBHFI,SHALIBHADRA FINANCE LTD,82.0,89.5,80.0,86.36,75.58,1697290
2026-09-02,SRD,SHANKAR LAL RAMPAL LTD,39.98,39.98,38.0,38.63,39.62,38691
2026-09-02,SHANKARA,SHANKARA BLDG PRODUCT LTD,147.0,148.48,145.41,147.33,146.59,85064
2026-09-02,BUILDPRO,SHANKARA BUILDPRO LIMITED,1273.0,1298.0,1234.1,1261.8,1272.4,129285
2026-09-02,SHANKESH,SHANKESH JEWELLERS LTD,91.1,98.72,90.11,97.95,91.77,9301184
2026-09-02,SHANTIGEAR,SHANTHI GEARS LTD,530.0,535.0,520.0,529.85,530.65,71215
2026-09-02,SEIL,SHANTI EDU INITIATIVES L,199.5,205.2,196.66,201.56,200.5,644724
2026-09-02,SHANTIGOLD,SHANTI GOLD INTERNATION L,235.0,245.0,234.66,243.3,234.78,1230246
2026-09-02,SHANTI,SHANTI OVERSEAS INDIA LTD,6.47,6.66,6.07,6.29,6.35,13911
2026-09-02,SHINDL,SHARAT INDUSTRIES LTD.,162.59,168.96,159.11,160.68,162.21,311659
2026-09-02,SHARDACROP,SHARDA CROPCHEM LTD.,786.1,788.85,777.0,778.3,788.3,59207
2026-09-02,SHARDAMOTR,SHARDA MOTOR INDS LTD,888.25,890.5,869.2,875.7,884.3,33554
2026-09-02,SHAREINDIA,SHARE IND. SECURITIES LTD,170.27,170.63,167.78,168.48,170.8,135258
2026-09-02,SFL,SHEELA FOAM LIMITED,648.0,656.95,634.3,646.85,644.75,183379
2026-09-02,SHERVANI,SHERVANI INDUSTRIAL SYN L,307.2,346.15,307.2,342.75,307.2,58
2026-09-02,SHILCTECH,SHILCHAR TECHNOLOGIES LTD,3994.0,4019.7,3942.0,3995.4,4014.4,17768
2026-09-02,SHILGRAVQ,SHILP GRAVURES LTD.,153.0,155.9,151.5,155.12,153.72,1033
2026-09-02,SHILPAMED,SHILPA MEDICARE LTD,889.0,930.85,887.05,928.55,889.7,1465404
2026-09-02,SCILAL,SHIPPING CORP OF ILA LTD,39.9,39.98,39.2,39.47,40.03,179599
2026-09-02,SCI,SHIPPING CORP OF INDIA LT,285.5,298.75,282.6,288.2,287.5,4450212
2026-09-02,SHIPROCKET,SHIPROCKET LIMITED,134.8,137.77,131.7,133.82,134.25,7254180
2026-09-02,SHIVAUM,SHIV AUM STEELS LIMITED,483.9,483.9,423.05,448.2,448.35,109000
2026-09-02,SHIVACEM,SHIVA CEMENT LTD.,16.39,16.39,15.62,15.99,16.04,41292
2026-09-02,SHIVAAGRO,SHIVA GLOBAL AGRO INDS. L,39.7,40.97,37.0,40.8,40.84,1056
2026-09-02,SHIVAMILLS,SHIVA MILLS LIMITED,60.8,62.1,59.61,61.15,62.34,534
2026-09-02,SHIVATEX,SHIVA TEXYARN LIMITED,177.44,184.9,175.98,180.51,178.33,6823
2026-09-02,SBCL,SHIVALIK BIMETAL CON. LTD,1032.5,1060.9,1025.0,1050.9,1047.9,240612
2026-09-02,SHIVAMAUTO,SHIVAM AUTO.LTD,18.37,18.37,17.53,17.85,17.94,41911
2026-09-02,SHOPERSTOP,SHOPPERS STOP LIMITED,387.85,391.65,378.0,381.25,386.35,15781
2026-09-02,SHRADDHA,SHRADDHA PRIME PROJECTS L,164.0,164.0,153.96,157.89,160.72,4640
2026-09-02,SHRADHA,SHRADHA REALTY LIMITED,31.85,32.0,31.55,31.63,31.85,5791
2026-09-02,SHREEPUSHK,SHRE PUSH CHEM & FERT LTD,464.45,477.2,455.75,468.05,464.45,71193
2026-09-02,SAPPL,SHREE AJIT PULP & PAPER L,281.25,288.95,275.0,280.0,289.15,2539
2026-09-02,SHREECEM,SHREE CEMENT LIMITED,23450.0,23680.0,23060.0,23680.0,23490.0,17542
2026-09-02,SHREDIGCEM,SHREE DIGVIJAY CEM CO LTD,73.82,75.4,70.15,70.95,73.82,225107
2026-09-02,SGRL,SHREE GANESH REMEDIES LTD,661.6,697.95,661.6,685.65,684.35,29477
2026-09-02,SRTL,SHREE RAM TWISTEX LIMITED,38.39,38.77,36.7,36.99,37.99,108713
2026-09-02,SHREERAMA,SHREE RAMA MULTI TECH LTD,41.25,41.99,40.81,41.13,41.63,40231
2026-09-02,RAMANEWS,SHREE RAMA NEWSPRINT LTD,31.8,31.8,30.82,31.2,31.49,6736
2026-09-02,RENUKA,SHREE RENUKA SUGARS LTD,24.3,24.41,23.73,23.94,24.21,12027252
2026-09-02,BALAJEE,SHREE TIRUPATI BALAJEE L,26.27,26.44,25.81,26.25,26.06,16711
2026-09-02,SHREEJISPG,SHREEJI SHIPPING GLOBAL L,635.1,654.7,635.1,643.4,637.1,772101
2026-09-02,OSWALSEEDS,SHREEOSWAL S AND CHE LTD,11.2,11.9,11.2,11.8,11.4,80227
2026-09-02,SHREYANIND,SHREYANS INDUSTRIES LTD,126.3,127.06,125.0,125.71,125.8,4428
2026-09-02,SHBAJRG,SHRI BAJRANG ALLIANCE L,162.98,162.99,153.15,155.07,158.49,5047
2026-09-02,SHRJAGP,SHRI JAGDAMBA POLYMERS L,623.0,625.0,604.0,615.55,622.55,896
2026-09-02,SHRIKRISH,SHRI KRISHNA DEVCON LTD.,37.49,40.0,37.49,39.81,37.49,908
2026-09-02,VASUPRADA,SHRI VASUPRADA PLANTATI L,97.2,97.2,97.2,97.2,97.0,3
2026-09-02,SHRINGARMS,SHRINGAR HOU OF MANGALS L,215.97,218.39,213.6,216.23,215.97,144996
2026-09-02,LIQUIDSHRI,SHRIRAM - LIQUIDSHRI,1119.85,1119.85,1119.83,1119.83,1119.72,3282
2026-09-02,SHRIRAMFIN,SHRIRAM FINANCE LIMITED,1048.0,1048.0,1026.1,1047.0,1059.1,6535021
2026-09-02,SHRIRAMPPS,SHRIRAM PROPERTIES LTD,76.0,76.41,75.11,75.68,76.13,245690
2026-09-02,SHUKRAPHAR,SHUKRA PHARMACEUTICALS L,44.52,47.24,44.52,46.79,44.43,2933344
2026-09-02,SHYAMMETL,SHYAM METALICS AND ENGY L,1078.0,1079.9,1067.1,1072.6,1078.0,102401
2026-09-02,SHYAMTEL,SHYAM TELECOM LIMITED,12.02,12.02,11.0,11.12,12.02,27921
2026-09-02,SICAGEN,SICAGEN INDIA LIMITED,56.0,58.25,54.91,57.93,55.48,50178
2026-09-02,ENRIN,SIEMENS ENERGY INDIA LTD,3140.0,3155.9,3104.5,3119.3,3172.5,245835
2026-09-02,SIEMENS,SIEMENS LTD,4024.9,4029.0,3966.2,4018.9,4030.0,263290
2026-09-02,SIGACHI,SIGACHI INDUSTRIES LTD,31.73,32.85,31.4,32.53,31.72,1728224
2026-09-02,SIGMA,SIGMA SOLVE LIMITED,47.5,47.5,46.41,46.85,47.29,54352
2026-09-02,SIGNATURE,SIGNATUREGLOBAL INDIA LTD,772.3,773.1,760.15,765.3,777.2,177375
2026-09-02,SIGNPOST,SIGNPOST INDIA LIMITED,252.3,255.0,241.0,242.7,252.3,164552
2026-09-02,SIKA,SIKA INTERPLANT SYSTEMS L,1014.9,1014.9,977.55,987.4,995.4,16813
2026-09-02,SILINV,SIL INVESTMENTS LIMITED,481.3,491.0,470.3,477.65,485.25,2397
2026-09-02,SILGO,SILGO RETAIL LIMITED,71.04,72.59,70.03,71.89,70.94,317809
2026-09-02,SILLYMONKS,SILLY MONKS ENTERTAIN LTD,16.4,16.4,15.9,15.99,16.08,107
2026-09-02,SILVERTUC,SILVER TOUCH TECHNO LTD,171.5,175.74,169.22,173.81,171.12,385462
2026-09-02,SIMPLEXINF,SIMPLEX INFRASTRUCTURES L,256.6,267.8,252.55,265.2,256.6,109146
2026-09-02,SINCLAIR,SINCLAIRS HOTELS LIMITED,82.1,84.5,82.1,82.67,82.91,41291
2026-09-02,SINDHUTRAD,SINDHU TRADE LINKS LTD,24.48,24.48,23.61,23.86,24.5,833375
2026-09-02,SINGERIND,SINGER INDIA LIMITED,75.9,75.9,74.42,74.64,75.65,34572
2026-09-02,SINTERCOM,SINTERCOM INDIA LIMITED,78.4,78.5,76.31,76.54,78.3,1004
2026-09-02,SIRCA,SIRCA PAINT INDIA LIMITED,431.0,433.8,427.0,431.25,431.0,174471
2026-09-02,SIS,SIS LIMITED,430.9,435.0,422.45,430.0,427.55,369279
2026-09-02,SIYSIL,SIYARAM SILK MILLS LTD,553.55,558.7,542.15,550.35,554.45,39032
2026-09-02,SJS,SJS ENTERPRISES LIMITED,2460.1,2460.1,2374.6,2403.8,2461.2,96297
2026-09-02,SJVN,SJVN LTD,64.31,64.84,63.8,63.92,64.92,1760999
2026-09-02,SKFINDUS,SKF IND (INDUSTRIAL) LTD,2958.0,3082.9,2935.6,3039.2,2953.0,78757
2026-09-02,SKFINDIA,SKF INDIA LTD,1532.0,1560.0,1508.0,1532.1,1531.6,28428
2026-09-02,SKIPPER,SKIPPER LIMITED,531.0,541.95,524.05,537.15,534.55,754042
2026-09-02,SKMEGGPROD,SKM EGG PROD EXPORT(I) LT,262.2,266.6,258.9,261.75,262.2,186842
2026-09-02,SKYGOLD,SKY GOLD AND DIAMONDS LTD,777.0,780.25,747.0,753.1,778.25,1060004
2026-09-02,SKYWAYS,SKYWAYS AIR SERVICES LTD,128.0,132.99,128.0,129.31,125.56,17596762
2026-09-02,SMARTWORKS,SMARTWORKS COWORKING SP L,525.9,533.0,522.0,525.45,525.9,41047
2026-09-02,SMCGLOBAL,SMC GLOBAL SECURITIES LTD,79.85,79.9,78.31,79.37,79.65,263104
2026-09-02,SMLMAH,SML MAHINDRA LIMITED,5400.0,5650.0,5300.0,5318.5,5412.5,157903
2026-09-02,SMSPHARMA,SMS PHARMACEUTICALS LTD.,367.0,376.0,362.1,373.05,368.25,176928
2026-09-02,SNOWMAN,SNOWMAN LOGISTICS LTD.,36.68,36.8,35.75,36.07,36.68,121902
2026-09-02,SOBHA,SOBHA LIMITED,1249.0,1249.9,1221.0,1230.1,1244.9,75521
2026-09-02,SOFTTECH,SOFTTECH ENGINEERS LTD,425.0,425.0,412.45,412.9,415.1,1513
2026-09-02,SOLARINDS,SOLAR INDUSTRIES (I) LTD,19970.0,20610.0,19810.0,20600.0,20060.0,139030
2026-09-02,SOLARA,SOLARA ACTIVE PHA SCI LTD,647.9,649.8,632.35,640.35,643.45,350170
2026-09-02,SOLARWORLD,SOLARWORLD ENERGY SOL LTD,145.34,145.34,140.5,142.83,145.04,213492
2026-09-02,SOLEX,SOLEX ENERGY LIMITED,728.25,728.7,705.1,712.95,726.4,32821
2026-09-02,SDBL,SOM DIST & BREW LTD,71.09,73.0,70.31,72.58,71.1,320158
2026-09-02,SOMATEX,SOMA TEXTILES & INDUST LT,88.3,88.34,88.3,88.34,84.14,9355
2026-09-02,SOMANYCERA,SOMANY CERAMICS LIMITED,565.0,576.8,560.25,570.1,563.15,180890
2026-09-02,SOMICONVEY,SOMI CONVEYOR BELT. LTD.,90.62,91.4,89.55,90.45,90.62,8346
2026-09-02,SONACOMS,SONA BLW PRECISION FRGS L,803.0,803.0,773.4,782.65,809.5,3609368
2026-09-02,SONAL,SONAL MERCANTILE LTD.,86.87,88.99,86.87,88.99,86.87,16
2026-09-02,SONAMLTD,SONAM LIMITED,70.49,72.43,68.63,71.44,70.59,212626
2026-09-02,SONATSOFTW,SONATA SOFTWARE LTD,288.0,290.95,282.0,289.3,289.0,813831
2026-09-02,SOUTHWEST,SOUTH WEST PINNACLE LTD,208.53,208.53,204.81,206.38,208.6,61416
2026-09-02,SPCENET,SPACENET ENTERS IND LTD,3.28,3.28,3.09,3.1,3.09,1503707
2026-09-02,SPANDANA,SPANDANA SPHOORTY FIN LTD,236.54,236.54,232.5,235.98,236.45,77756
2026-09-02,SPELS,SPEL SEMICONDUCTOR LTD,151.0,151.0,145.0,148.68,149.76,25327
2026-09-02,SPENCERS,SPENCER S RETAIL LIMITED,29.1,29.61,28.4,28.51,28.89,36449
2026-09-02,SPIC,SPIC LTD,68.7,69.8,67.61,69.09,68.86,471117
2026-09-02,SPLIL,SPL INDUSTRIES LIMITED,31.52,32.69,30.65,31.45,31.65,7069
2026-09-02,SPMLINFRA,SPML INFRA LIMITED,179.71,179.71,172.55,174.24,179.64,201362
2026-09-02,SPORTKING,SPORTKING INDIA LIMITED,230.9,232.9,221.51,225.74,229.91,306220
2026-09-02,SHRIPISTON,SPR AUTO TECHNOLOGIES LTD,4570.0,4613.0,4422.2,4600.4,4598.2,95112
2026-09-02,SRHHYPOLTD,SREE RAYALSEEMA HHP LTD.,494.3,500.0,489.8,498.2,494.45,7917
2026-09-02,SREEL,SREELEATHERS LIMITED,247.32,264.4,247.32,253.7,249.74,19178
2026-09-02,SRF,SRF LTD,2575.0,2598.4,2557.1,2598.4,2592.0,129379
2026-09-02,SRGHFL,SRG HOUSING FINANCE L,254.1,258.0,246.1,246.85,255.6,1741
2026-09-02,HAVISHA,SRI HAVISHA HOSP & INFR L,1.35,1.35,1.27,1.28,1.34,47158
2026-09-02,SRIKPRIND,SRI KPR INDUSTRIES LTD.,27.1,30.42,27.0,30.42,25.35,221530
2026-09-02,SRM,SRM CONTRACTORS LIMITED,447.0,462.4,434.95,458.3,447.3,100666
2026-09-02,SETL,STANDARD ENGNG TCNLGY LTD,389.95,389.95,370.5,374.95,387.05,882005
2026-09-02,SIL,STANDARD INDUSTRIES LTD.,20.0,20.1,19.25,19.67,19.77,58178
2026-09-02,STANLEY,STANLEY LIFESTYLES LTD,137.72,137.72,134.01,135.41,137.72,48527
2026-09-02,STARCEMENT,STAR CEMENT LIMITED,185.4,185.63,182.41,184.1,185.63,106376
2026-09-02,STARHEALTH,STAR HEALTH & AL INS CO L,554.3,567.25,551.0,562.95,560.4,246774
2026-09-02,STARPAPER,STAR PAPER MILLS LTD,152.0,152.0,145.5,147.16,150.26,6997
2026-09-02,STARTECK,STARTECK FINANCE LIMITED,249.15,249.15,245.35,247.9,249.3,25
2026-09-02,SBIN,STATE BANK OF INDIA,1026.0,1035.3,1017.3,1020.9,1034.5,13843678
2026-09-02,SAIL,STEEL AUTHORITY OF INDIA,192.21,198.39,190.27,196.5,193.0,19458118
2026-09-02,STEELCITY,STEEL CITY SECURITIES LTD,84.78,84.78,82.0,82.31,83.12,5769
2026-09-02,STEELXIND,STEEL EXCHANGE INDIA LTD,10.68,10.73,10.5,10.61,10.56,2631091
2026-09-02,STLSTRINF,STEEL STRIPS INFRA L,19.0,19.84,18.45,19.57,18.91,1251
2026-09-02,SSWL,STEEL STRIPS WHEELS LTD.,353.25,355.9,338.4,349.7,357.25,4499959
2026-09-02,STEELCAS,STEELCAST LIMITED,340.0,342.55,327.0,330.75,339.85,61704
2026-09-02,STEL,STEL HOLDINGS LIMITED,631.55,631.55,598.0,601.45,623.1,2919
2026-09-02,SGL,STL GLOBAL LIMITED,10.21,10.94,10.11,10.21,10.31,3454
2026-09-02,STLNETWORK,STL NETWORKS LIMITED,27.16,28.24,26.71,28.01,27.16,1379678
2026-09-02,STOVEKRAFT,STOVE KRAFT LIMITED,851.55,858.8,834.55,844.4,847.1,120280
2026-09-02,STAR,STRIDES PHARMA SCI LTD,1009.4,1050.1,1009.4,1047.8,1024.2,327406
2026-09-02,SWSOLAR,STRLNG & WIL REN ENE LTD,187.0,188.0,183.53,187.16,187.42,703828
2026-09-02,STUDDS,STUDDS ACCESSORIES LTD,436.95,441.3,428.9,433.4,441.3,60119
2026-09-02,STYLAMIND,STYLAM INDUSTRIES LIMITED,3322.1,3417.7,3239.6,3264.8,3344.3,39966
2026-09-02,STYRENIX,STYRENIX PERFORMANCE LTD,2002.8,2038.0,1982.0,1990.8,2011.7,49695
2026-09-02,SUBEXLTD,SUBEX LTD,17.91,17.98,17.5,17.57,17.88,1683676
2026-09-02,SUBROS,SUBROS LIMITED,714.4,714.45,704.05,706.8,716.6,37033
2026-09-02,SUDARSCHEM,SUDARSHAN CHEMICAL INDS L,1226.0,1252.8,1210.5,1245.8,1240.7,376056
2026-09-02,SUDARCOLOR,SUDARSHAN COLORNT IND LTD,378.7,395.0,378.4,388.75,379.0,5938
2026-09-02,SUDEEPPHRM,SUDEEP PHARMA LIMITED,1245.0,1292.4,1221.2,1234.0,1230.9,344574
2026-09-02,SUKHJITS,SUKHJIT STARCH & CHEM LTD,158.0,160.0,157.51,157.74,158.99,10837
2026-09-02,SULA,SULA VINEYARDS LIMITED,148.4,149.0,145.71,148.36,148.65,207531
2026-09-02,SUMEDHA,SUMEDHA FISCAL SERVICES L,40.49,40.49,39.0,39.07,39.5,520
2026-09-02,SUMEETINDS,SUMEET IND LIMITED,11.45,11.56,11.09,11.34,11.67,2604502
2026-09-02,SUMIT,SUMIT WOODS LIMITED,50.2,50.9,49.96,50.68,50.92,17785
2026-09-02,SUMICHEM,SUMITOMO CHEM INDIA LTD,513.95,513.95,499.45,505.15,514.2,151724
2026-09-02,SUMMITSEC,SUMMIT SECURITIES LTD,1407.0,1422.3,1400.0,1413.3,1413.7,1347
2026-09-02,SPARC,SUN PHARMA ADV.RES.CO.LTD,196.8,207.8,194.77,199.58,196.98,2409904
2026-09-02,SUNPHARMA,SUN PHARMACEUTICAL IND L,1910.0,1948.5,1910.0,1931.7,1929.0,1245419
2026-09-02,SUNTV,SUN TV NETWORK LIMITED,460.05,462.75,455.25,460.6,462.15,270939
2026-09-02,SUNCLAY,SUNDARAM CLAYTON LIMITED,1296.7,1296.7,1251.4,1272.6,1296.7,4019
2026-09-02,SUNDARMFIN,SUNDARAM FINANCE LTD,4539.0,4614.9,4525.0,4557.2,4540.1,35627
2026-09-02,SUNDARAM,SUNDARAM MULTI PAP LTD,1.22,1.26,1.22,1.23,1.22,361250
2026-09-02,SUNDRMFAST,SUNDRAM FASTENERS LTD,1204.7,1215.4,1187.1,1200.7,1204.7,77604
2026-09-02,SUNDROP,SUNDROP BRANDS LIMITED,658.05,658.1,645.8,653.8,655.55,6378
2026-09-02,SUNFLAG,SUNFLAG IRON AND STEEL CO,339.9,354.2,335.05,347.3,339.65,335900
2026-09-02,SUNLOC,SUNIL HEALTHCARE LTD.,79.74,79.74,76.62,79.58,79.74,565
2026-09-02,SUNRAKSHAK,SUNRAKSHAKK INDUS IND L,365.8,375.0,363.85,371.55,365.8,13513
2026-09-02,SUNSHIEL,SUNSHIELD CHEMICALS LTD.,1135.1,1179.0,1135.1,1150.0,1152.7,1386
2026-09-02,SUNSHINE,SUNSHINE PICTURES LIMITED,453.0,473.8,435.6,445.8,450.75,2415155
2026-09-02,SUNTECK,SUNTECK REALTY LIMITED,301.0,301.0,294.2,295.5,303.25,144955
2026-09-02,SUPERHOUSE,SUPERHOUSE LIMITED,173.8,173.8,168.1,168.37,173.09,3375
2026-09-02,SIEL,SUPERIOR INDUSTRIAL ENT L,33.31,33.31,30.9,32.5,32.5,423
2026-09-02,SUPRAJIT,SUPRAJIT ENGINEERING LTD,506.55,509.7,497.0,501.3,506.45,116904
2026-09-02,SUPREME,SUPREME HOLDIN N HOSP I L,37.8,38.8,36.0,36.96,38.29,51447
2026-09-02,SUPREMEIND,SUPREME INDUSTRIES LTD,3580.0,3584.1,3506.0,3530.6,3605.0,177650
2026-09-02,SUPREMEINF,SUPREME INFRA. LTD.,85.43,88.04,83.0,84.62,84.93,35271
2026-09-02,SPLPETRO,SUPREME PETROCHEM LIMITED,718.05,724.25,713.4,721.85,718.5,83706
2026-09-02,SUPRIYA,SUPRIYA LIFESCIENCE LTD,803.0,849.5,800.0,841.2,803.15,960564
2026-09-02,SURAJEST,SURAJ ESTATE DEVELOPERS L,189.01,190.79,188.0,189.94,191.51,78507
2026-09-02,SURAJLTD,SURAJ LIMITED,205.0,207.9,203.5,204.15,206.01,25
2026-09-02,SURAKSHA,SURAKSHA DIAGNOSTIC LTD,336.35,344.55,336.35,340.35,340.8,117448
2026-09-02,SURANASOL,SURANA SOLAR LIMITED,26.39,26.62,25.85,26.07,26.26,31079
2026-09-02,SURANAT&P,SURANA TELECOM AND POW LT,16.08,16.75,15.8,16.03,16.08,17916
2026-09-02,SBGLP,SURATWWALA BUS GROUP LTD,24.94,24.94,22.59,23.29,24.33,37505
2026-09-02,SURYAROSNI,SURYA ROSHNI LTD,218.3,219.0,213.11,216.3,218.82,303758
2026-09-02,SURYALAXMI,SURYALAKSHMI COT MIL LTD,61.2,62.39,60.01,60.6,62.92,3224
2026-09-02,SURYALA,SURYALATA SPINNING MILL L,419.75,419.75,389.0,414.95,387.0,3061
2026-09-02,SURYODAY,SURYODAY SMALL FIN BK LTD,151.0,152.95,149.08,151.81,151.06,150284
2026-09-02,SUVEN,SUVEN LIFE SCIENCES LTD,379.0,387.95,370.1,372.85,381.6,556245
2026-09-02,SUVIDHAA,SUVIDHAA INFOSERVE LTD,2.18,2.19,1.77,2.11,2.18,288944
2026-09-02,SUYOG,SUYOG TELEMATICS LIMITED,737.75,751.5,721.0,731.35,736.7,19234
2026-09-02,SUZLON,SUZLON ENERGY LIMITED,46.39,46.39,45.46,45.46,46.5,52679194
2026-09-02,SVPGLOB,SVP GLOBAL TEXTILES LTD,3.79,3.79,3.61,3.62,3.69,15878
2026-09-02,SWANCORP,SWAN CORP LIMITED,286.4,287.7,282.2,285.4,289.4,479500
2026-09-02,SWARAJENG,SWARAJ ENGINES LTD,3537.7,3553.9,3501.0,3540.9,3537.7,7376
2026-09-02,SWARNSAR,SWARNSARITA JEWELS IND L,34.75,34.76,34.03,34.11,34.82,3122
2026-09-02,SWELECTES,SWELECT ENERGY SYS LTD,582.5,592.5,571.1,584.35,588.55,15634
2026-09-02,SWIGGY,SWIGGY LIMITED,270.0,270.1,264.55,267.7,275.0,16995573
2026-09-02,SWISSMLTRY,SWISS MILITARY CON GOOD L,15.99,16.36,15.51,15.89,15.93,51395
2026-09-02,SYMBIOTEC,SYMBIOTEC PHARMALAB LTD,1110.0,1161.0,1085.1,1092.8,1097.7,7998317
2026-09-02,SYMPHONY,SYMPHONY LIMITED,575.75,575.75,564.0,567.75,574.4,56565
2026-09-02,SYNCOMF,SYNCOM FORMU (I) LTD,20.07,21.65,19.64,21.39,20.07,28986293
2026-09-02,SGIL,SYNERGY GREEN IND. LTD,603.25,607.7,580.55,590.65,602.4,6679
2026-09-02,SYNGENE,SYNGENE INTERNATIONAL LTD,400.0,403.95,397.1,398.6,402.05,593732
2026-09-02,SYRMA,SYRMA SGS TECHNOLOGY LTD,1439.5,1457.5,1427.7,1434.0,1447.9,785469
2026-09-02,TGVSL,T G V SRAAC LTD.,103.64,104.48,102.6,103.35,103.24,72480
2026-09-02,TTL,T T LIMITED,6.65,6.8,6.45,6.75,6.64,158754
2026-09-02,TAALTECH,TAAL TECH LTD.,4210.0,4421.9,4210.0,4399.6,4449.5,3630
2026-09-02,TAINWALCHM,TAINWALA CHEMICAL AND PLA,210.04,212.5,206.1,207.48,207.76,2536
2026-09-02,TAJGVK,TAJ GVK HOTELS & RESORTS,326.6,344.8,322.5,343.45,328.95,101607
2026-09-02,TAKE,TAKE LIMITED,13.86,13.86,13.86,13.86,14.58,129454
2026-09-02,TALBROAUTO,TALBROS AUTO. COMP. LTD,410.55,417.0,405.0,407.4,410.8,74903
2026-09-02,TMB,TAMILNAD MERCA BANK LTD,905.0,916.0,895.05,906.6,908.1,123515
2026-09-02,TNPL,TAMILNADU NEWSPRT & PAPER,148.41,149.49,145.0,145.69,149.32,156122
2026-09-02,TNPETRO,TAMILNADU PETROPRODUCTS L,134.33,138.0,132.12,133.73,132.35,4876318
2026-09-02,TNTELE,TAMILNADU TELECOMMUNICATI,9.18,9.18,8.83,9.0,9.0,23183
2026-09-02,TANAA,TANEJA AEROSPACE & AVIA L,289.95,290.0,280.5,281.5,290.55,8882
2026-09-02,TANLA,TANLA PLATFORMS LIMITED,535.0,536.4,526.8,527.85,543.15,296338
2026-09-02,TARACHAND,TARA CHAND INFRA SOLN LTD,47.7,48.0,46.55,47.63,47.69,49634
2026-09-02,TARAPUR,TARAPUR TRANSFORMERS LTD,13.65,13.65,12.67,13.04,13.36,37307
2026-09-02,TARC,TARC LIMITED,121.21,122.23,118.81,121.29,122.49,872528
2026-09-02,TARMAT,TARMAT LIMITED,58.89,64.45,57.5,62.78,58.92,84089
2026-09-02,TARSONS,TARSONS PRODUCTS LIMITED,344.0,346.9,337.0,345.35,344.1,113735
2026-09-02,TASTYBITE,TASTY BITE EATABLES LTD,9918.0,10050.0,9756.0,10008.0,9946.0,2420
2026-09-02,TATACAP,TATA CAPITAL LIMITED,365.0,367.65,361.2,364.75,367.85,695696
2026-09-02,TATACHEM,TATA CHEMICALS LTD,632.8,635.25,625.6,633.95,633.6,529669
2026-09-02,TATACOMM,TATA COMMUNICATIONS LTD,1733.0,1733.0,1692.2,1710.0,1733.8,505913
2026-09-02,TCS,TATA CONSULTANCY SERV LT,2347.9,2363.0,2303.5,2348.0,2369.0,2533005
2026-09-02,TATACONSUM,TATA CONSUMER PRODUCT LTD,1025.5,1027.4,1008.3,1012.0,1030.5,1052859
2026-09-02,TATAELXSI,TATA ELXSI LIMITED,3608.1,3627.1,3535.0,3609.0,3638.0,181417
2026-09-02,TATAINVEST,TATA INVESTMENT CORP LTD,631.1,633.45,624.9,628.1,633.65,112437
2026-09-02,TMCV,TATA MOTORS LIMITED,460.0,461.15,444.6,447.45,464.35,11505564
2026-09-02,TMPV,TATA MOTORS PASS VEH LTD,307.7,312.95,305.65,312.75,310.0,6667459
2026-09-02,TATAPOWER,TATA POWER CO LTD,349.0,364.0,347.15,364.0,350.55,12229632
2026-09-02,TATASTEEL,TATA STEEL LIMITED,182.5,184.06,181.44,183.85,184.07,19496175
2026-09-02,TATATECH,TATA TECHNOLOGIES LIMITED,814.95,818.7,795.0,813.25,814.95,947143
2026-09-02,TTML,TATA TELESERV(MAHARASTRA),38.74,38.74,37.81,38.0,38.92,1754985
2026-09-02,NETF,TATAAML - NETF,261.0,261.43,259.5,261.3,261.17,1117
2026-09-02,NPBET,TATAAML - NPBET,286.63,292.0,285.5,285.57,287.68,55
2026-09-02,TNIDETF,TATAAML - TNIDETF,91.5,92.07,90.0,91.29,91.54,84293
2026-09-02,TATAGOLD,TATAAML-TATAGOLD,14.36,14.69,14.33,14.53,14.73,55019240
2026-09-02,TATSILV,TATAAML-TATSILV,21.52,22.63,21.52,21.88,22.08,32620921
2026-09-02,TATVA,TATVA CHIN PHARM CHEM LTD,1605.0,1639.8,1563.6,1616.9,1605.0,41870
2026-09-02,TBOTEK,TBO TEK LIMITED,1724.0,1729.0,1667.3,1700.0,1722.4,156687
2026-09-02,TCC,TCC CONCEPT LIMITED,227.44,238.33,225.55,233.31,227.44,267452
2026-09-02,TCIEXP,TCI EXPRESS LIMITED,536.15,558.0,532.2,544.35,541.95,61910
2026-09-02,TCPLPACK,TCPL PACKAGING LIMITED,3858.8,4038.2,3826.0,4000.3,3860.2,12897
2026-09-02,TDPOWERSYS,TD POWER SYSTEMS LTD.,753.0,758.9,733.0,735.05,758.05,1116065
2026-09-02,TEAMGTY,TEAM INDIA GUARANTY LTD,246.1,246.1,235.0,244.44,241.0,211
2026-09-02,TEAMLEASE,TEAMLEASE SERVICES LTD.,1271.0,1274.0,1241.3,1252.7,1264.5,14205
2026-09-02,TECHM,TECH MAHINDRA LIMITED,1630.0,1637.2,1604.5,1623.0,1638.0,1508528
2026-09-02,TECHNOE,TECHNO ELEC & ENG CO. LTD,971.5,977.8,958.35,969.95,976.35,78529
2026-09-02,TIIL,TECHNOCRAFT IND LTD,3262.0,3322.4,3234.1,3262.0,3267.5,40346
2026-09-02,TECHNOCRAF,TECHNOCRAFT VENTURES LTD,371.95,381.0,368.35,376.1,374.2,1206752
2026-09-02,TECHNVISN,TECHNVISION VENTURES LTD.,5055.0,5237.5,5020.5,5112.0,5282.0,181
2026-09-02,TECILCHEM,TECIL CHEMICALS,9.95,11.1,9.74,9.89,9.74,120586
2026-09-02,TEGA,TEGA INDUSTRIES LIMITED,1560.0,1566.0,1534.6,1539.7,1570.5,60419
2026-09-02,TEJASNET,TEJAS NETWORKS LIMITED,536.0,553.5,532.0,548.85,541.9,2071490
2026-09-02,TEMBO,TEMBO GLOBAL IND LTD,55.8,57.85,55.5,56.67,56.03,4407998
2026-09-02,TEMPSENS,TEMPSENS INST (INDIA) LTD,536.0,589.0,535.05,566.3,539.05,15878807
2026-09-02,TENNIND,TENNECO CLEAN AIR INDIA L,525.0,526.35,497.8,519.8,525.2,2271705
2026-09-02,TERASOFT,TERA SOFTWARE LIMITED,283.15,294.9,280.1,290.55,283.15,15985
2026-09-02,TERAI,TERAI TEA CO. LTD.,134.6,134.6,123.0,133.98,129.48,367
2026-09-02,TEXINFRA,TEXMACO INFRA & HOLDG LTD,113.8,115.98,113.33,113.96,113.33,169201
2026-09-02,TEXRAIL,TEXMACO RAIL & ENG. LTD.,113.7,114.65,111.33,113.65,113.07,2481981
2026-09-02,TEXMOPIPES,TEXMO PIPE & PRODUCTS LTD,45.06,46.49,45.06,45.67,45.93,17558
2026-09-02,TGBHOTELS,TGB BANQUETS&HOTELS LTD,9.97,9.97,9.11,9.67,9.77,24199
2026-09-02,THAKDEV,THAKKERS DEVELOPERS LTD.,154.4,154.4,138.05,138.09,142.0,1156
2026-09-02,THANGAMAYL,THANGAMAYIL JEWELLERY LTD,5280.0,5430.0,5176.5,5238.0,5311.5,116329
2026-09-02,ANUP,THE ANUP ENGINEERING LTD,1800.0,1816.0,1767.1,1799.8,1810.2,18045
2026-09-02,GESHIP,THE GE SHPG.LTD,1322.1,1328.0,1303.0,1305.6,1325.6,471098
2026-09-02,GROBTEA,THE GROB TEA COMPANY LTD,980.0,980.55,960.0,965.5,975.25,123
2026-09-02,INDIACEM,THE INDIA CEMENTS LIMITED,359.85,360.15,354.2,358.3,359.85,73072
2026-09-02,INDHOTEL,THE INDIAN HOTELS CO. LTD,713.55,727.7,706.05,727.7,718.0,1623631
2026-09-02,THEINVEST,THE INVEST TRUST OF IND L,97.68,97.68,94.6,94.6,94.32,2915
2026-09-02,NIACL,THE NEW INDIA ASSU CO LTD,185.45,201.4,182.41,199.11,185.77,24334669
2026-09-02,PKTEA,THE P K TEA PROD CO LTD,719.2,745.0,700.0,728.65,739.5,176
2026-09-02,PHOENIXLTD,THE PHOENIX MILLS LTD,1890.1,1920.1,1870.6,1920.1,1892.6,200132
2026-09-02,RAMCOCEM,THE RAMCO CEMENTS LIMITED,878.25,878.25,856.75,864.35,875.35,100528
2026-09-02,SOUTHBANK,THE SOUTH INDIAN BANK LTD,45.75,45.95,45.39,45.74,45.91,5752468
2026-09-02,STCINDIA,THE STATE TRADING CORPN,115.52,115.89,112.0,112.97,115.7,51290
2026-09-02,UGARSUGAR,THE UGAR SUGAR WORKS LTD,53.15,55.8,52.05,55.01,53.15,562806
2026-09-02,WIPL,THE WESTERN INDIA PLY LTD,162.63,165.0,162.62,162.99,162.05,224
2026-09-02,THEJO,THEJO ENGINEERING LIMITED,2066.0,2115.0,2054.9,2098.7,2075.4,2835
2026-09-02,THEMISMED,THEMIS MEDICARE LTD.,123.37,127.95,122.21,124.15,123.57,107957
2026-09-02,THERMAX,THERMAX LTD,3888.0,3908.4,3740.2,3752.5,3913.2,134165
2026-09-02,TIRUMALCHM,THIRUMALAI CHEMICALS LTD,158.61,161.05,155.0,159.82,159.38,609306
2026-09-02,THOMASCOOK,THOMAS COOK (INDIA) LTD,105.9,109.51,104.16,106.09,105.71,1264084
2026-09-02,THOMASCOTT,THOMAS SCOTT (INDIA) LTD,262.85,268.8,258.8,267.05,261.8,18552
2026-09-02,THYROCARE,THYROCARE TECH LTD,590.6,590.8,572.4,576.75,590.55,344774
2026-09-02,TIGERLOGS,TIGER LOGISTICS (INDIA) L,28.15,28.45,27.86,28.25,28.15,28811
2026-09-02,TIJARIA,TIJARIA POLYPIPES LTD,7.21,8.05,6.86,7.58,6.73,1007554
2026-09-02,TI,TILAKNAGAR INDUSTRIES LTD,542.5,559.4,531.5,552.35,545.7,582156
2026-09-02,TIMETECHNO,TIME TECHNOPLAST LTD.,189.8,193.2,187.41,188.02,190.53,2037704
2026-09-02,TIMEX,TIMEX GROUP INDIA LTD.,645.0,654.95,639.4,643.15,647.45,162126
2026-09-02,TIMKEN,TIMKEN INDIA LTD.,3164.6,3209.4,3112.0,3134.5,3209.6,52088
2026-09-02,TINNARUBR,TINNA RUBBER AND INFR LTD,1019.0,1029.05,994.05,1020.05,1020.2,32493
2026-09-02,TIPSFILMS,TIPS FILMS LIMITED,333.45,333.85,324.3,330.45,333.45,2364
2026-09-02,TIPSMUSIC,TIPS MUSIC LIMITED,641.05,641.95,628.2,631.45,643.5,220603
2026-09-02,TITAGARH,TITAGARH RAIL SYSTEMS LTD,839.45,839.45,819.45,824.95,833.95,276233
2026-09-02,TITAN,TITAN COMPANY LIMITED,4972.0,5092.0,4971.5,5074.0,5050.0,812660
2026-09-02,TOKYOPLAST,TOKYO PLAST INTL LTD,76.34,78.89,75.01,77.0,77.9,344
2026-09-02,TOLINS,TOLINS TYRES LIMITED,93.0,93.0,91.41,91.91,93.67,53130
2026-09-02,TORNTPHARM,TORRENT PHARMACEUTICALS L,4945.0,5012.0,4932.5,5012.0,4965.5,295518
2026-09-02,TORNTPOWER,TORRENT POWER LTD,1219.3,1267.7,1217.2,1248.9,1219.3,1313132
2026-09-02,TOTAL,TOTAL TRANSPORT SYS LTD,68.5,70.2,66.2,69.06,66.7,5814
2026-09-02,TOUCHWOOD,TOUCHWOOD ENTERTAIN LTD.,59.6,59.6,58.1,58.13,59.79,659
2026-09-02,TFCILTD,TOURISM FINANCE CORP. OF,141.07,147.65,140.75,146.14,141.07,14852059
2026-09-02,TOYAMSL,TOYAM SPORTS LTD.,0.64,0.64,0.62,0.63,0.62,284250
2026-09-02,TPLPLASTEH,TPL PLASTECH LIMITED,71.6,72.5,70.0,71.04,72.07,110344
2026-09-02,TRACXN,TRACXN TECHNOLOGIES LTD,30.01,30.11,30.01,30.02,30.03,98120
2026-09-02,TARIL,TRANS & RECTI. LTD,307.15,307.2,301.0,302.0,308.9,992101
2026-09-02,TRANSCOR,TRANSCORP INTERNATIONAL L,25.49,25.49,23.0,24.92,25.49,5464
2026-09-02,TREL,TRANSINDIA REAL ESTATE L,27.9,27.9,26.34,26.96,27.15,128079
2026-09-02,TCI,TRANSPORT CORPN OF INDIA,885.0,899.25,867.0,869.1,883.25,14924
2026-09-02,TRANSRAILL,TRANSRAIL LIGHTING LTD,433.85,435.0,426.45,427.15,433.45,326335
2026-09-02,TFL,TRANSWARRANTY FIN. LTD.,11.98,12.78,11.98,12.44,11.65,8146
2026-09-02,TRAVELFOOD,TRAVEL FOOD SERVICES LTD,1270.5,1305.0,1251.1,1273.5,1270.5,102712
2026-09-02,TREEHOUSE,TREE HOUSE EDU LTD,6.48,6.98,6.05,6.12,6.35,13632
2026-09-02,TREJHARA,TREJHARA SOLUTIONS LTD,144.55,148.5,141.11,144.78,144.98,18416
2026-09-02,TRENT,TRENT LTD,2845.0,2873.0,2810.0,2852.3,2855.0,873641
2026-09-02,TRF,TRF LIMITED,226.04,226.04,222.0,223.64,224.18,3808
2026-09-02,TBZ,TRIB BHIMJI ZAVERI LTD,380.0,430.0,379.05,418.25,366.8,27976693
2026-09-02,TRIDENT,TRIDENT LIMITED,24.0,24.14,23.82,24.06,24.14,1848117
2026-09-02,TRIGYN,TRIGYN TECHNOLOGIES LTD,60.5,60.87,58.71,59.36,61.45,37762
2026-09-02,TRITONV,TRITON VALVES LTD.,1139.3,1143.6,1120.1,1124.4,1138.9,900
2026-09-02,TRIVENI,TRIVENI ENGG. & INDS. LTD,279.85,285.7,277.25,282.6,277.95,1255483
2026-09-02,TRITURBINE,TRIVENI TURBINE LIMITED,578.5,581.85,562.2,565.2,578.5,367778
2026-09-02,TRUALT,TRUALT BIOENERGY LIMITED,427.5,432.4,422.45,428.85,428.15,67695
2026-09-02,TRU,TRUCAP FINANCE LIMITED,4.0,4.1,3.91,4.07,4.05,97876
2026-09-02,TSFINV,TSF INVESTMENTS LIMITED,402.45,410.6,398.85,403.15,403.1,66092
2026-09-02,TTKHLTCARE,TTK HEALTHCARE LIMITED,1125.0,1155.0,1115.1,1131.5,1128.7,27903
2026-09-02,TTKPRESTIG,TTK PRESTIGE LTD,579.7,593.95,571.95,586.25,579.75,41248
2026-09-02,TIINDIA,TUBE INVEST OF INDIA LTD,2748.3,2748.3,2680.5,2720.0,2763.2,278336
2026-09-02,TURTLEMINT,TURTLEMINT FINTECH SOLS L,148.79,148.79,143.0,144.08,148.81,580456
2026-09-02,TUTIALKA,TUTICORIN ALKAL CH & FE L,60.38,61.6,55.0,61.55,59.2,27698
2026-09-02,TVTODAY,TV TODAY NETWORK LTD,110.01,112.48,110.01,112.12,111.46,18298
2026-09-02,TVSELECT,TVS ELECTRONICS LTD,422.1,438.4,415.0,420.75,422.8,49562
2026-09-02,TVSHLTD,TVS HOLDINGS LIMITED,13258.0,13258.0,12931.0,13045.0,13258.0,5389
2026-09-02,TVSMOTOR,TVS MOTOR COMPANY  LTD,4168.0,4200.0,4064.9,4200.0,4203.0,1596164
2026-09-02,TVSSRICHAK,TVS SRICHAKRA LIMITED,5448.0,5529.5,5351.0,5426.0,5525.5,15811
2026-09-02,TVSSCS,TVS SUPPLY CHAIN SOL L,125.0,125.45,122.51,124.39,124.99,466646
2026-09-02,UPHOT,U P HOTELS LTD.,1459.0,1459.0,1459.0,1459.0,1461.8,2
2026-09-02,UCOBANK,UCO BANK,24.59,24.79,24.3,24.39,24.59,6678091
2026-09-02,UDAYJEW,UDAY JEWELLERY INDS. LTD.,135.4,138.9,132.1,133.31,137.78,7761
2026-09-02,USK,UDAYSHIVAKUMAR INFRA LTD,21.0,21.09,20.51,20.6,20.88,9356
2026-09-02,UFLEX,UFLEX LIMITED,646.7,723.5,639.05,701.8,645.05,2479035
2026-09-02,UFO,UFO MOVIEZ INDIA LTD.,65.2,65.86,64.5,65.38,64.87,25203
2026-09-02,UGROCAP,UGRO CAPITAL LIMITED,84.85,85.5,84.04,85.1,84.92,70643
2026-09-02,UEL,UJAAS ENERGY LIMITED,214.99,219.15,208.72,219.15,208.72,47835
2026-09-02,UJJIVANSFB,UJJIVAN SMALL FINANC BANK,65.37,65.49,61.4,63.64,65.36,49431916
2026-09-02,ULTRAMAR,ULTRAMARINE & PIGMENTS L,430.1,447.0,425.9,441.35,428.1,182999
2026-09-02,ULTRACEMCO,ULTRATECH CEMENT LIMITED,11350.0,11398.0,11180.0,11393.0,11400.0,228820
2026-09-02,UMIYA-MRO,UMIYA BUILDCON LIMITED,99.78,104.79,96.0,97.39,98.88,67934
2026-09-02,UNICHEMLAB,UNICHEM LABORATORIES LTD,556.9,579.5,554.4,559.65,556.35,155387
2026-09-02,UNIECOM,UNICOMMERCE ESOLUTIONS L,87.3,88.22,85.1,85.83,87.71,213694
2026-09-02,UNIINFO,UNIINFO TELECOM SERVI LTD,11.55,11.55,10.82,11.45,11.38,2283
2026-09-02,UNIMECH,UNIMECH AEROSPACE N MFG L,1470.5,1473.9,1421.2,1451.9,1475.1,141142
2026-09-02,UNIONBANK,UNION BANK OF INDIA,183.5,186.86,182.5,186.86,184.9,9420048
2026-09-02,UNIONGOLD,UNIONAMC - UNIONGOLD,148.35,148.35,145.7,145.95,148.45,7779
2026-09-02,UNIPARTS,UNIPARTS INDIA LIMITED,888.95,915.0,878.0,886.35,901.15,222773
2026-09-02,UNIENTER,UNIPHOS ENTERPRISES LTD,95.86,95.86,93.2,93.74,95.39,2151
2026-09-02,UNITECH,UNITECH LTD,3.8,3.8,3.72,3.74,3.78,3663595
2026-09-02,UBL,UNITED BREWERIES LTD,1310.0,1310.0,1276.4,1282.6,1308.9,60937
2026-09-02,UNITEDTEA,UNITED NILGIRI TEA LTD,445.5,451.9,441.0,442.95,447.5,2143
2026-09-02,UNITEDPOLY,UNITED POLYFAB GUJ. LTD.,37.65,38.45,37.0,38.04,36.91,44043
2026-09-02,UNITDSPR,UNITED SPIRITS LIMITED,1459.0,1470.0,1446.3,1469.5,1470.0,878500
2026-09-02,UNIVCABLES,UNIVERSAL CABLES LTD,1625.0,1682.0,1618.4,1628.0,1644.6,87261
2026-09-02,UNOMINDA,UNO MINDA LIMITED,1270.0,1272.0,1228.3,1236.0,1274.4,1278381
2026-09-02,UDS,UPDATER SERVICES LIMITED,227.12,233.3,224.5,231.44,227.12,425241
2026-09-02,UPL,UPL LIMITED,562.95,580.7,560.25,578.45,567.1,4050279
2026-09-02,URBANCO,URBAN COMPANY LIMITED,166.97,173.84,166.4,171.84,167.63,6821540
2026-09-02,URJA,URJA GLOBAL LIMITED,9.18,9.18,8.95,9.03,9.03,745016
2026-09-02,UMESLTD,USHA MARTIN EDU & SOL LTD,4.89,5.04,4.8,4.88,4.91,15908
2026-09-02,USHAMART,USHA MARTIN LTD.,500.0,508.35,498.05,501.6,499.6,1857600
2026-09-02,UTIAMC,UTI ASSET MNGMT CO LTD,877.0,880.15,870.75,877.0,879.5,415847
2026-09-02,LIQUIDBETA,UTIAMC - LIQUIDBETA,1006.57,1006.59,1006.57,1006.57,1006.46,37
2026-09-02,NIF500BETA,UTIAMC - NIF500BETA,37.68,37.68,37.17,37.31,37.68,9484
2026-09-02,BANKBETA,UTIAMC-BANKBETA,59.0,59.33,58.89,59.23,59.31,647961
2026-09-02,GILT10BETA,UTIAMC-GILT10BETA,26.65,26.76,26.65,26.75,26.52,21
2026-09-02,GILT5BETA,UTIAMC-GILT5BETA,66.33,66.89,65.69,65.69,65.68,462
2026-09-02,ITBETA,UTIAMC-ITBETA,326.0,328.19,325.32,325.32,329.02,448
2026-09-02,MIDCAPBETA,UTIAMC-MIDCAPBETA,235.0,235.0,231.05,234.0,235.13,2439
2026-09-02,NEXT50BETA,UTIAMC-NEXT50BETA,78.49,79.75,77.7,79.27,78.69,200059
2026-09-02,NIFTYBETA,UTIAMC-NIFTYBETA,273.03,273.03,264.47,265.48,266.38,160139
2026-09-02,SENSEXBETA,UTIAMC-SENSEXBETA,852.64,852.64,846.0,846.66,854.47,1320
2026-09-02,SILVERBETA,UTIAMC-SILVERBETA,220.0,220.0,216.71,217.48,219.47,818352
2026-09-02,SNXT50BETA,UTIAMC-SNXT50BETA,94.15,95.35,93.01,94.97,94.34,1391
2026-09-02,GOLDBETA,UTIAMC-UTIGOLDBETA,124.65,129.15,124.65,126.0,127.85,933480
2026-09-02,UTKARSHBNK,UTKARSH SMALL FIN BANK L,14.81,14.95,14.6,14.77,14.88,3974860
2026-09-02,UTTAMSUGAR,UTTAM SUGAR MILLS LTD.,296.2,306.6,290.35,292.55,296.3,256268
2026-09-02,VTMLTD,V T M LTD.,58.12,59.3,57.25,57.73,59.43,14672
2026-09-02,VGUARD,V-GUARD IND LTD.,343.05,345.4,338.05,341.2,343.05,517815
2026-09-02,V2RETAIL,V2 RETAIL LIMITED,220.11,221.05,217.01,218.16,221.25,483602
2026-09-02,WABAG,VA TECH WABAG LTD,2013.9,2013.9,1948.9,1987.8,2013.9,294457
2026-09-02,VADILENT,VADILAL ENTERPRISES LTD.,10444.0,10444.0,10000.0,10019.0,10217.0,27
2026-09-02,VADILALIND,VADILAL INDUSTRIES LTD,7728.5,7728.5,7474.0,7559.5,7757.0,23667
2026-09-02,VAIBHAVGBL,VAIBHAV GLOBAL LIMITED,218.0,218.75,214.42,214.79,218.45,215191
2026-09-02,VAISHALI,VAISHALI PHARMA LIMITED,8.03,8.35,7.81,8.06,8.03,80519
2026-09-02,VAKRANGEE,VAKRANGEE LIMITED,5.76,5.81,5.5,5.76,5.8,851507
2026-09-02,DBREALTY,VALOR ESTATE LIMITED,103.0,103.35,101.0,102.81,102.9,752185
2026-09-02,VHL,VARDHMAN HOLDINGS LIMITED,3568.4,3613.7,3500.1,3570.4,3568.4,748
2026-09-02,VARDMNPOLY,VARDHMAN POLYTEX LTD.,5.93,6.05,5.9,5.98,5.99,64616
2026-09-02,VSSL,VARDHMAN SPC STEEL LTD,354.85,369.9,345.55,362.1,354.85,106991
2026-09-02,VTL,VARDHMAN TEXTILES LIMITED,598.0,602.9,584.25,587.45,602.3,990696
2026-09-02,VARROC,VARROC ENGINEERING LTD.,865.8,865.8,812.25,824.4,877.0,535517
2026-09-02,VBL,VARUN BEVERAGES LIMITED,400.6,416.95,400.5,415.0,405.85,7804640
2026-09-02,VGL,VARVEE GLOBAL LIMITED,57.5,58.58,56.05,57.12,57.02,7793
2026-09-02,VASCONEQ,VASCON ENGINEERS LTD,30.5,30.7,29.93,30.11,30.52,251078
2026-09-02,VASWANI,VASWANI IND LTD,48.7,49.46,47.2,47.82,49.13,10414
2026-09-02,MANYAVAR,VEDANT FASHIONS LIMITED,546.85,550.45,537.2,544.1,546.85,222703
2026-09-02,VAML,VEDANTA ALUMINIUM METAL L,433.35,438.7,428.3,437.1,434.65,6114791
2026-09-02,VISL,VEDANTA IRON AND STEEL L,35.49,37.25,35.01,37.15,35.48,31066046
2026-09-02,VEDL,VEDANTA LIMITED,272.0,272.0,267.75,270.7,274.0,7580567
2026-09-02,VOGL,VEDANTA OIL AND GAS LTD,37.8,39.06,37.46,38.57,37.78,33253547
2026-09-02,VEDPOWER,VEDANTA POWER LIMITED,34.75,35.07,34.22,34.72,34.83,9127321
2026-09-02,VEDAVAAG,VEDAVAAG SYSTEMS LTD.,18.5,18.86,18.01,18.28,18.32,12389
2026-09-02,VEEDOL,VEEDOL CORPORATION LTD,1489.8,1496.8,1465.1,1473.7,1489.8,7185
2026-09-02,VENKEYS,VENKY S (INDIA) LIMITED,1654.0,1682.0,1640.1,1659.0,1649.0,70557
2026-09-02,VENTIVE,VENTIVE HOSPITALITY LTD,595.0,595.0,575.0,578.8,593.3,17395
2026-09-02,VENUSPIPES,VENUS PIPES & TUBES LTD,1601.1,1650.9,1580.0,1605.0,1606.7,100592
2026-09-02,VERANDA,VERANDA LEARNING SOL LTD,241.0,248.6,239.1,243.92,242.94,247127
2026-09-02,VERTOZ,VERTOZ LIMITED,36.6,38.95,36.6,38.59,37.72,49065
2026-09-02,VESUVIUS,VESUVIUS INDIA LTD,416.05,416.7,411.25,412.9,416.05,31174
2026-09-02,VSTL,VIBHOR STEEL TUBES LTD,111.83,114.1,109.0,113.76,111.83,20067
2026-09-02,VGCL,VIBRANT GLOBAL CAPITAL L,54.98,57.71,52.27,53.59,54.99,9221
2026-09-02,VIDHIING,VIDHI SPCLTY F INGRDNTS L,350.1,350.1,342.0,342.9,354.35,13344
2026-09-02,VIDYAWIRES,VIDYA WIRES LIMITED,91.1,91.27,88.01,88.51,91.24,724958
2026-09-02,VIJSOLX,VIJAY SOLVEX LTD.,677.9,690.0,677.9,689.0,676.7,74
2026-09-02,VIJAYA,VIJAYA DIAGNOSTIC CEN LTD,1499.0,1530.0,1475.0,1481.1,1499.0,146439
2026-09-02,VIKASECO,VIKAS ECOTECH LIMITED,1.1,1.1,1.08,1.09,1.09,1168495
2026-09-02,VIKASLIFE,VIKAS LIFECARE LIMITED,1.25,1.27,1.23,1.26,1.25,1995003
2026-09-02,VIKRAMSOLR,VIKRAM SOLAR LIMITED,169.45,170.0,166.64,169.15,169.67,1166360
2026-09-02,VIKRAN,VIKRAN ENGINEERING LTD,57.73,57.94,56.8,57.68,57.84,594959
2026-09-02,VIMTALABS,VIMTA LABS LIMITED,666.65,666.65,644.0,655.35,661.75,301111
2026-09-02,VINATIORGA,VINATI ORGANICS LTD,1311.0,1325.3,1301.0,1313.8,1315.4,26348
2026-09-02,VINDHYATEL,VINDHYA TELELINKS LTD,2540.0,2750.0,2540.0,2737.1,2576.7,192191
2026-09-02,VINEETLAB,VINEET LABORATORIES LTD,38.95,38.95,36.31,37.57,37.95,67674
2026-09-02,VINNY,VINNY OVERSEAS LIMITED,1.04,1.05,1.02,1.03,1.04,332495
2026-09-02,VINCOFE,VINTAGE COFFEE N BVRGS L,176.8,176.94,172.07,175.56,176.85,2162670
2026-09-02,VINYLINDIA,VINYL CHEMICALS (I) LTD.,226.0,229.88,225.0,225.18,230.21,5548
2026-09-02,VIPCLOTHNG,VIP CLOTHING LIMITED,19.81,20.34,19.8,20.23,19.97,57213
2026-09-02,VIPIND,VIP INDUSTRIES LTD,302.75,305.5,300.45,304.4,303.75,185156
2026-09-02,VIRAT,VIRAT INDUSTRIES LTD.,460.0,460.0,435.0,437.8,441.65,2254
2026-09-02,VIRINCHI,VIRINCHI LIMITED,14.63,16.0,14.0,14.75,14.53,148532
2026-09-02,VIRTUALG,VIRTUAL GLOBAL EDU LTD,0.48,0.49,0.45,0.46,0.46,859494
2026-09-02,VOEPL,VIRTUOSO OPTOELECTRONIC L,551.45,564.1,537.0,548.55,551.45,65132
2026-09-02,VISACHROME,VISA CHROME LIMITED,40.99,40.99,38.25,38.54,40.18,39349
2026-09-02,VIVIDHA,VISAGAR POLYTEX LTD,0.51,0.51,0.48,0.5,0.5,291889
2026-09-02,VISAKAIND,VISAKA INDUSTRIES LIMITED,89.01,90.0,87.19,87.84,89.09,178763
2026-09-02,VISHAL,VISHAL FABRICS LTD.,19.0,19.49,18.86,18.96,19.15,29604
2026-09-02,VMM,VISHAL MEGA MART LIMITED,106.55,109.49,105.21,108.57,106.55,13754007
2026-09-02,VISHNU,VISHNU CHEMICALS LIMITED,662.65,673.9,655.2,659.55,661.75,114032
2026-09-02,VPRPL,VISHNU PRAKASH R PUNGLI L,32.8,36.0,32.36,35.15,32.89,1627741
2026-09-02,VISHWARAJ,VISHWARAJ SUGAR IND LTD,5.85,6.04,5.73,5.87,5.94,447461
2026-09-02,VITAL,VITAL CHEMTECH LIMITED,52.5,54.75,52.5,54.5,54.75,206
2026-09-02,VIVOBIOT,VIVO BIO TECH LTD.,18.98,18.98,17.76,18.21,18.3,4252
2026-09-02,VIYASH,VIYASH SCIENTIFIC LIMITED,260.9,262.65,256.3,259.1,262.3,3330249
2026-09-02,VLSFINANCE,VLS FINANCE LTD,244.8,245.0,243.0,244.32,243.09,5204
2026-09-02,VMART,VMART RETAIL LTD,850.3,853.35,830.35,849.95,850.3,35124
2026-09-02,VMSTMT,VMS TMT LIMITED,45.45,46.75,44.08,45.57,45.23,92983
2026-09-02,IDEA,VODAFONE IDEA LIMITED,14.12,14.72,13.93,14.53,14.06,527024719
2026-09-02,VOITHPAPR,VOITH PAPER FABRICS IND L,1421.2,1472.0,1410.0,1466.0,1452.9,423
2026-09-02,VOLTAMP,VOLTAMP TRANSFORMERS LTD,10782.0,10846.0,10605.0,10682.0,10782.0,21874
2026-09-02,VOLTAS,VOLTAS LTD,1199.9,1199.9,1151.0,1152.1,1205.0,1981487
2026-09-02,VRAJ,VRAJ IRON AND STEEL LTD,126.2,126.2,122.21,122.41,124.88,10291
2026-09-02,VRLLOG,VRL LOGISTICS LIMITED,299.0,303.7,294.0,299.85,299.85,178174
2026-09-02,VSTIND,VST INDUSTRIES LTD,208.0,208.21,206.0,207.59,208.0,79441
2026-09-02,VSTTILLERS,VST TILLERS TRACTORS LTD,4155.9,4206.2,4149.0,4164.6,4208.5,8804
2026-09-02,WHBRADY,W H BRADY & CO. LTD.,497.0,497.0,497.0,497.0,497.0,2
2026-09-02,WPIL,W P I L LTD.,436.2,441.95,432.0,440.05,439.15,30472
2026-09-02,WSI,W.S.INDUSTRIES (I) LTD.,61.9,61.9,59.5,61.04,60.98,15759
2026-09-02,WAAREEENER,WAAREE ENERGIES LIMITED,2569.5,2617.2,2552.5,2581.1,2588.0,741486
2026-09-02,WAAREERTL,WAAREE RENEWABLE TECH LTD,863.05,871.9,847.55,853.25,863.8,108714
2026-09-02,WAKEFIT,WAKEFIT INNOVATIONS LTD,153.66,157.5,150.08,152.47,152.92,2880004
2026-09-02,WALCHANNAG,WALCHANDNAGAR INDUSTRIES,208.91,208.91,204.2,206.09,210.01,405493
2026-09-02,WANBURY,WANBURY LIMITED,254.0,254.0,243.15,245.0,254.4,116224
2026-09-02,WARDINMOBI,WARDWIZARD INNO & MOB L,5.94,5.96,5.6,5.74,5.89,460492
2026-09-02,WATERBASE,WATERBASE LTD.,48.02,48.96,47.0,47.31,48.02,13651
2026-09-02,CORDELIA,WATERWAYS LEISURE TOUR L,103.8,103.8,100.8,101.89,103.92,1054722
2026-09-02,WEWIN,WE WIN LIMITED,43.85,43.99,42.6,42.76,43.9,1077
2026-09-02,TWCGOLDETF,WEALTH - TWCGOLDETF,150.99,154.77,148.17,149.01,151.0,3571
2026-09-02,WEALTH,WEALTH FRST PORT. MG. LTD,853.0,853.0,828.75,846.6,854.2,2362
2026-09-02,WEBELSOLAR,WEBSOL ENERGY SYSTEM LTD,73.7,75.9,73.08,73.86,74.5,3031926
2026-09-02,WEIZMANIND,WEIZMANN LTD,75.0,75.0,74.0,74.78,74.9,153
2026-09-02,WELCORP,WELSPUN CORP LIMITED,2561.6,2592.0,2510.0,2523.5,2553.6,2258642
2026-09-02,WELENT,WELSPUN ENTERPRISES LTD.,707.5,745.0,698.15,741.7,705.55,1021703
2026-09-02,WELSPUNLIV,WELSPUN LIVING LIMITED,199.0,200.96,195.6,200.01,198.41,3448721
2026-09-02,WELSPLSOL,WELSPUN SPECIALTY SOL L,50.93,53.59,50.7,53.22,50.83,612747
2026-09-02,WENDT,WENDT (INDIA) LIMITED,8100.0,8100.0,7970.5,7991.5,8105.0,4494
2026-09-02,WSTCSTPAPR,WEST COAST PAPER MILLS LT,651.45,651.45,622.75,629.05,653.6,309218
2026-09-02,WCIL,WESTERN CARRIERS (IND) L,85.79,85.79,84.03,84.28,84.9,57609
2026-09-02,WESTLIFE,WESTLIFE FOODWORLD LTD,549.5,552.0,541.4,547.55,553.9,28617
2026-09-02,WEWORK,WEWORK INDIA MANAGEMENT L,673.55,673.55,658.05,661.1,675.65,65155
2026-09-02,WHEELS,WHEELS INDIA LTD,1541.8,1564.9,1523.1,1544.3,1541.8,100218
2026-09-02,WHIRLPOOL,WHIRLPOOL OF INDIA LTD,794.0,807.5,787.45,800.2,801.15,163297
2026-09-02,WILLAMAGOR,WILLIAMSON MAGOR,24.7,24.7,24.05,24.69,23.74,705
2026-09-02,WINDLAS,WINDLAS BIOTECH LIMITED,1017.8,1110.0,1003.05,1096.6,1008.35,1564975
2026-09-02,WINDMACHIN,WINDSOR MACHINES LIMITED,304.4,309.0,303.1,305.05,307.5,24441
2026-09-02,WIPRO,WIPRO LTD,180.0,180.39,176.8,177.09,181.7,12056634
2026-09-02,WOCKPHARMA,WOCKHARDT LIMITED,1846.2,1911.0,1838.0,1904.3,1850.6,684958
2026-09-02,WEL,WONDER ELECTRICALS LTD,78.48,83.21,75.11,75.98,80.84,5897220
2026-09-02,WONDERLA,WONDERLA HOLIDAYS LTD.,543.95,543.95,524.75,529.55,536.25,66709
2026-09-02,WORTHPERI,WORTH PERIPHERALS LIMITED,153.0,157.43,151.16,155.55,154.5,3491
2026-09-02,XCHANGING,XCHANGING SOLUTIONS LTD,60.35,60.97,60.0,60.84,60.31,44176
2026-09-02,XELPMOC,XELPMOC DESIGN & TECH LTD,78.5,80.96,78.5,80.62,79.34,3321
2026-09-02,XPROINDIA,XPRO INDIA LIMITED,1134.0,1330.2,1110.0,1285.6,1135.8,1517669
2026-09-02,XTGLOBAL,XTGLOBAL INFOTECH LIMITED,30.99,30.99,29.5,29.73,30.74,37394
2026-09-02,XTRANET,XTRANET TECHNOLOGIES LTD,186.3,207.41,184.81,193.68,187.34,3941896
2026-09-02,YASHO,YASHO INDUSTRIES LIMITED,4265.0,4265.0,4102.0,4129.5,4269.8,20753
2026-09-02,YATHARTH,YATHARTH HOSP & TRA C S L,971.0,991.8,962.2,966.5,974.8,242009
2026-09-02,YATRA,YATRA ONLINE LIMITED,113.0,115.14,110.41,114.15,113.89,2681062
2026-09-02,YESBANK,YES BANK LIMITED,22.0,22.15,21.82,22.15,22.1,44781892
2026-09-02,YOGI,YOGI LTD.,163.9,163.9,155.0,155.05,162.95,622
2026-09-02,YUKEN,YUKEN INDIA LIMITED,975.0,990.0,951.05,967.25,972.05,12576
2026-09-02,ZFSTEERING,Z F STEERING GEAR (I) LTD,668.0,671.9,666.0,667.1,665.9,1632
2026-09-02,ZAGGLE,ZAGGLE PREPA OCEAN SER L,184.05,185.1,180.65,184.33,184.42,846978
2026-09-02,ZEEL,ZEE ENTERTAINMENT ENT LTD,92.85,93.34,90.2,90.57,93.41,18542223
2026-09-02,ZEEMEDIA,ZEE MEDIA CORPORATION LTD,8.25,8.6,8.05,8.23,8.28,2384037
2026-09-02,ZENTEC,ZEN TECHNOLOGIES LIMITED,1776.9,1842.4,1749.1,1829.1,1780.7,433929
2026-09-02,ZENITHEXPO,ZENITH EXPORTS LTD,204.0,207.99,204.0,204.07,214.0,854
2026-09-02,ZENITHSTL,ZENITH STEEL PIP IND LTD,5.35,5.38,5.22,5.29,5.3,51372
2026-09-02,ZENSARTECH,ZENSAR TECHNOLOGIES  LTD,469.95,470.15,460.0,460.55,472.95,470784
2026-09-02,GOLDCASE,ZERODHAAMC - GOLDCASE,23.69,23.69,23.38,23.51,23.86,15798999
2026-09-02,LIQUIDCASE,ZERODHAAMC - LIQUIDCASE,115.75,115.75,115.73,115.74,115.73,16635993
2026-09-02,LTGILTCASE,ZERODHAAMC - LTGILTCASE,31.02,31.02,29.8,30.36,30.41,113673
2026-09-02,MID150CASE,ZERODHAAMC - MID150CASE,11.76,11.76,11.5,11.63,11.7,1687555
2026-09-02,NIFTYCASE,ZERODHAAMC - NIFTYCASE,9.89,9.89,9.57,9.61,9.65,905524
2026-09-02,SILVERCASE,ZERODHAAMC - SILVERCASE,23.5,23.5,22.65,22.83,22.93,7130133
2026-09-02,SML100CASE,ZERODHAAMC - SML100CASE,11.53,11.53,11.16,11.24,11.3,1173683
2026-09-02,TOP100CASE,ZERODHAAMC - TOP100CASE,10.5,10.55,10.46,10.51,10.55,1011728
2026-09-02,ZFCVINDIA,ZF COM VE CTR SYS IND LTD,2544.0,2585.0,2503.0,2572.2,2547.8,86753
2026-09-02,ZIMLAB,ZIM LABORATORIES LIMITED,117.94,136.9,116.3,133.95,117.94,680389
2026-09-02,ZODIACLOTH,ZODIAC CLOTHING CO. LTD.,72.43,73.0,72.22,72.49,73.04,1913
2026-09-02,ZODIAC,ZODIAC ENERGY LIMITED,240.02,245.47,236.41,240.3,239.89,4540
2026-09-02,ZOTA,ZOTA HEALTH CARE LIMITED,1028.0,1085.0,1022.0,1078.0,1028.1,86014
2026-09-02,ZUARI,ZUARI AGRO CHEMICALS LTD,226.01,226.95,222.3,222.86,231.42,151094
2026-09-02,ZUARIIND,ZUARI INDUSTRIES LIMITED,269.15,274.45,268.0,270.8,269.6,42621
2026-09-02,ZYDUSLIFE,ZYDUS LIFESCIENCES LTD,1168.4,1173.9,1147.0,1154.2,1167.8,1377441
2026-09-02,ZYDUSWELL,ZYDUS WELLNESS LIMITED,525.0,539.1,523.8,534.6,528.8,179000
