date,symbol,name,open,high,low,close,prev_close,volume
2026-09-15,20MICRONS,20 MICRONS LTD,207.98,208.77,198.51,201.29,207.86,111270
2026-09-15,21STCENMGM,21ST CENTURY MGMT SERVICE,37.8,39.15,37.8,39.0,38.39,1658
2026-09-15,360ONE,360 ONE WAM LIMITED,1092.0,1092.9,1052.1,1052.1,1091.0,896308
2026-09-15,GOLD360,360ONEAMC - GOLD360,147.7,147.7,145.7,145.8,147.8,13408
2026-09-15,MSCI360,360ONEAMC - MSCI360,9.94,10.07,9.75,9.77,9.94,13928
2026-09-15,SILVER360,360ONEAMC - SILVER360,223.98,223.98,221.06,222.74,223.61,15321
2026-09-15,3BBLACKBIO,3B BLACKBIO DX LTD.,1423.5,1437.3,1352.0,1355.8,1419.9,10026
2026-09-15,3MINDIA,3M INDIA LIMITED,32710.0,32895.0,31500.0,31590.0,32710.0,2096
2026-09-15,3PLAND,3P LAND HOLDINGS LIMITED,31.25,32.3,29.5,30.8,31.24,7541
2026-09-15,5PAISA,5PAISA CAPITAL LIMITED,325.1,327.9,311.3,313.2,326.55,40835
2026-09-15,63MOONS,63 MOONS TECHNOLOGIES LTD,911.7,914.25,858.1,864.0,908.9,310775
2026-09-15,ABCOTS,A B COTSPIN INDIA LIMITED,200.7,213.59,200.7,206.04,203.06,6697
2026-09-15,ABMKNO,A B M KNOWLEDGEWARE LTD.,182.0,184.9,170.0,174.71,181.45,2678
2026-09-15,AKCAPIT,A K CAPITAL SERVICES LTD.,1702.0,1715.0,1681.3,1714.1,1708.4,1383
2026-09-15,A2ZINFRA,A2Z INFRA ENGINEERING LTD,15.99,15.99,15.07,15.11,15.33,95954
2026-09-15,AAATECH,AAA TECHNOLOGIES LIMITED,93.8,95.0,91.4,91.98,91.88,189713
2026-09-15,AADHARHFC,AADHAR HOUSING FINANCE L,457.0,460.2,444.5,448.35,456.8,231528
2026-09-15,AAKASH,AAKASH EXPLORATION SER L,9.01,9.25,8.69,8.83,9.1,132523
2026-09-15,AAREYDRUGS,AAREY DRUGS & PHARM LTD,98.71,100.45,96.1,98.82,98.89,212869
2026-09-15,AARON,AARON INDUSTRIES LIMITED,125.0,132.2,120.6,123.18,126.94,14325
2026-09-15,AARTIDRUGS,AARTI DRUGS LTD.,428.0,439.9,424.0,426.35,428.5,143544
2026-09-15,AARTIIND,AARTI INDUSTRIES LTD,492.7,494.5,466.1,468.7,492.7,789421
2026-09-15,AARTIPHARM,AARTI PHARMALABS LIMITED,831.95,832.0,785.15,789.45,826.95,386201
2026-09-15,AARVI,AARVI ENCON LIMITED,141.1,145.45,140.81,141.39,141.85,5231
2026-09-15,AASTHA,AASTHA SPINTEX LIMITED,78.43,80.26,76.0,76.38,78.43,772986
2026-09-15,AAVAS,AAVAS FINANCIERS LIMITED,1270.1,1290.6,1262.1,1270.3,1275.1,114642
2026-09-15,ABANSENT,ABANS ENTERPRISES LTD.,28.09,28.6,26.81,27.83,28.09,5280
2026-09-15,AFSL,ABANS FINANCIAL SRVCS LTD,201.95,202.5,201.0,201.03,201.0,7901
2026-09-15,ABB,ABB INDIA LIMITED,7268.0,7268.0,7005.0,7005.0,7274.0,195095
2026-09-15,ABBOTINDIA,ABBOTT INDIA LIMITED,25690.0,26245.0,25550.0,26125.0,25550.0,10732
2026-09-15,ACC,ACC LIMITED,1234.9,1280.3,1219.6,1225.2,1246.5,205903
2026-09-15,ACCELYA,ACCELYA SOLN INDIA LTD,1120.0,1126.0,1108.0,1112.2,1118.4,5132
2026-09-15,ACEINTEG,ACE INTEGRATED SOLU. LTD.,17.54,18.37,17.51,17.75,17.62,6074
2026-09-15,ACMESOLAR,ACME SOLAR HOLDINGS LTD,402.15,426.15,402.15,420.4,402.3,5262214
2026-09-15,ACE,ACTION CONST EQUIP LTD,1135.0,1141.5,1105.0,1132.1,1129.0,332640
2026-09-15,ACUTAAS,ACUTAAS CHEMICALS LIMITED,3384.0,3447.6,3232.2,3266.2,3383.7,264234
2026-09-15,ADANIENSOL,ADANI ENERGY SOLUTION LTD,1377.6,1379.8,1337.0,1347.5,1373.0,822951
2026-09-15,ADANIENT,ADANI ENTERPRISES LIMITED,3080.0,3083.7,2921.3,2928.6,3060.0,1783310
2026-09-15,ADANIGREEN,ADANI GREEN ENERGY LTD,1282.3,1294.0,1249.0,1255.0,1281.3,980470
2026-09-15,ADANIPORTS,ADANI PORT & SEZ LTD,1791.4,1791.4,1713.8,1713.8,1764.6,1610729
2026-09-15,ADANIPOWER,ADANI POWER LTD,211.05,212.0,201.4,202.0,209.97,14417003
2026-09-15,ATGL,ADANI TOTAL GAS LIMITED,595.0,602.9,576.4,580.15,594.8,517239
2026-09-15,ADDIND,ADDI INDUSTRIES LTD.,79.41,80.0,79.0,79.0,77.48,6
2026-09-15,ADFFOODS,ADF FOODS LIMITED,269.55,270.9,260.1,261.3,269.55,65591
2026-09-15,ABSLAMC,ADIT BIRL SUN LIF AMC LTD,1102.0,1104.0,1034.0,1037.9,1109.9,129497
2026-09-15,ABCAPITAL,ADITYA BIRLA CAPITAL LTD.,395.15,396.8,378.8,378.8,395.0,2529778
2026-09-15,ABFRL,ADITYA BIRLA FASHION & RT,50.35,50.68,48.71,49.02,50.44,9099306
2026-09-15,ABLBL,ADITYA BIRLA LIFES BRAN L,83.5,85.35,82.71,82.95,83.61,625654
2026-09-15,BIRLAMONEY,ADITYA BIRLA MONEY LTD,121.35,123.87,117.31,118.22,121.19,36546
2026-09-15,ABREL,ADITYA BIRLA REAL EST LTD,1276.2,1281.7,1227.0,1232.5,1281.6,197639
2026-09-15,CPPLUS,ADITYA INFOTECH LIMITED,3825.4,3879.8,3634.3,3663.4,3825.5,182895
2026-09-15,AVL,ADITYA VISION LIMITED,616.45,622.35,595.2,611.2,616.45,421337
2026-09-15,BSLGOLDETF,ADITYBIRLA SL GOLD ETF-GR,133.15,133.15,131.26,131.88,133.25,2171574
2026-09-15,BSLNIFTY,ADITYBIRLA SL NIF ETF-GR,28.23,28.23,27.2,27.33,27.55,1886384
2026-09-15,ADOR,ADOR WELDING LTD,1604.0,1620.0,1541.3,1548.2,1603.7,31262
2026-09-15,ADROITINFO,ADROIT INFOTECH LIMITED,11.06,11.29,10.82,11.04,11.02,36084
2026-09-15,ADVAIT,ADVAIT ENRGY TRANSITION L,2070.0,2083.9,2000.0,2007.0,2065.0,34911
2026-09-15,ADVANCE,ADVANCE AGROLIFE LIMITED,118.69,119.76,113.5,113.95,117.85,66283
2026-09-15,ADVENZYMES,ADVANCED ENZYME TECH LTD,293.4,297.0,286.15,287.7,293.4,247159
2026-09-15,ADVANIHOTR,ADVANI HOT.& RES.(I) LTD,49.06,49.06,47.5,47.98,49.18,35019
2026-09-15,ADVENTHTL,ADVENT HOTELS INTERNATI L,128.67,136.0,125.11,126.42,128.56,361220
2026-09-15,ADVIKCA,ADVIK CAPITAL LTD.,1.02,1.02,0.94,0.98,1.02,431765
2026-09-15,RAMBHAJO,ADVIT JEWELS LIMITED,269.17,269.17,250.0,253.22,269.28,537792
2026-09-15,AEGISLOG,AEGIS LOGISTICS LIMITED,1365.3,1385.0,1320.0,1323.5,1353.6,701470
2026-09-15,AEGISVOPAK,AEGIS VOPAK TERMINALS LTD,298.4,311.0,292.8,302.0,295.1,4447657
2026-09-15,AEQUS,AEQUS LIMITED,229.0,234.0,220.0,221.52,225.97,2201591
2026-09-15,AEROENTER,AEROFLEX ENTERPRISES LTD,137.77,137.77,113.85,116.93,137.09,1916380
2026-09-15,AEROFLEX,AEROFLEX INDUSTRIES LTD,565.4,567.45,507.6,507.6,563.95,1836440
2026-09-15,AERONEU,AEROFLEX NEU LIMITED,68.76,71.39,67.75,67.94,68.76,22172
2026-09-15,AETHER,AETHER INDUSTRIES LIMITED,1674.7,1680.0,1567.7,1583.1,1674.7,405221
2026-09-15,AFCONS,AFCONS INFRASTRUCTURE LTD,281.0,304.55,260.25,262.25,253.8,26501568
2026-09-15,AFFLE,AFFLE 3I LIMITED,1585.8,1588.9,1534.4,1536.4,1567.6,132668
2026-09-15,AFFORDABLE,AFFORD ROBO & AUTO LTD,159.09,161.88,156.01,158.93,159.88,16702
2026-09-15,AGARIND,AGARWAL INDS CORP LTD.,431.95,436.95,417.5,421.0,431.75,51633
2026-09-15,AGI,AGI GREENPAC LIMITED,761.05,762.05,731.1,736.65,762.65,91711
2026-09-15,AGIIL,AGI INFRA LIMITED,272.95,274.85,255.8,264.15,272.95,382898
2026-09-15,AGRITECH,AGRI-TECH (INDIA) LIMITED,100.33,101.39,97.12,97.57,99.84,2551
2026-09-15,AGROPHOS,AGRO PHOS INDIA LIMITED,24.2,24.2,22.51,23.47,23.5,22908
2026-09-15,AHLADA,AHLADA ENGINEERS LIMITED,34.85,36.09,34.0,34.99,35.06,10913
2026-09-15,AHLUCONT,AHLUWALIA CONT IND LTD,601.0,604.65,580.3,585.85,601.0,66007
2026-09-15,AIAENG,AIA ENGINEERING LIMITED,4113.5,4140.0,3886.0,3899.3,4096.6,43966
2026-09-15,AIRAN,AIRAN LIMITED,17.21,17.9,16.21,16.45,17.13,157643
2026-09-15,AIROLAM,AIRO LAM LIMITED,89.45,89.45,83.53,84.21,84.25,2779
2026-09-15,AJANTPHARM,AJANTA PHARMA LIMITED,3555.9,3555.9,3477.1,3510.4,3533.4,78118
2026-09-15,AJAXENGG,AJAX ENGINEERING LIMITED,585.05,598.0,575.3,581.6,590.6,70412
2026-09-15,AJMERA,AJMERA REALTY & INF I LTD,117.61,117.61,111.83,114.37,116.75,421507
2026-09-15,AJOONI,AJOONI BIOTECH LIMITED,3.42,3.49,3.36,3.43,3.47,317027
2026-09-15,AKASH,AKASH INFRA-PROJECTS LTD,25.93,25.93,24.55,24.56,24.86,1710
2026-09-15,AKG,AKG EXIM LIMITED,10.4,10.74,10.4,10.48,10.61,49896
2026-09-15,AFIL,AKME FINTRADE (INDIA) LTD,9.0,9.0,8.39,8.54,8.92,634241
2026-09-15,AKSHAR,AKSHAR SPINTEX LIMITED,0.41,0.42,0.41,0.41,0.41,395939
2026-09-15,AKUMS,AKUMS DRUGS AND PHARMA L,780.25,792.0,762.15,765.65,776.35,345164
2026-09-15,ALANKIT,ALANKIT LIMITED,8.0,8.0,7.7,7.77,7.91,78407
2026-09-15,ALBERTDAVD,ALBERT DAVID LIMITED,844.55,862.85,832.0,851.9,844.35,5779
2026-09-15,ALEMBICLTD,ALEMBIC LIMITED,105.3,106.49,100.0,100.51,104.33,840743
2026-09-15,APLLTD,ALEMBIC PHARMA LTD,811.0,839.35,810.2,824.75,810.95,165473
2026-09-15,ALFREDHE,ALFRED HERBERT INDIA L,2800.9,2880.0,2750.0,2820.0,2845.0,69
2026-09-15,ALGOQUANT,ALGOQUANT FINTECH LIMITED,64.61,66.59,63.5,64.13,64.61,1404240
2026-09-15,ALICON,ALICON CASTALLOY LIMITED,739.45,739.95,690.0,697.2,733.4,11860
2026-09-15,ALIVUS,ALIVUS LIFE SCIENCES LTD,1386.8,1401.7,1344.5,1347.8,1386.8,79325
2026-09-15,ALKALI,ALKALI METALS LTD,75.7,78.48,72.22,73.45,77.25,10853
2026-09-15,ALKEM,ALKEM LABORATORIES LTD.,5170.0,5290.0,5140.5,5161.0,5087.5,253213
2026-09-15,ALKYLAMINE,ALKYL AMINES CHEM. LTD,1867.0,1867.0,1768.1,1775.7,1867.5,85642
2026-09-15,ALLTIME,ALL TIME PLASTICS LIMITED,221.5,223.5,212.0,213.38,221.15,111414
2026-09-15,AGL,ALLCARGO GLOBAL LIMITED,15.14,15.23,14.01,14.23,15.13,2608653
2026-09-15,ALLCARGO,ALLCARGO LOGISTICS LTD,12.4,12.4,11.38,11.6,12.16,11548427
2026-09-15,ATL,ALLCARGO TERMINALS LTD,25.21,25.4,24.2,24.33,25.18,162315
2026-09-15,ALLDIGI,ALLDIGI TECH LIMITED,795.0,806.95,795.0,799.5,797.3,2913
2026-09-15,ABDL,ALLIED BLEND N DISTILS L,635.0,644.4,622.0,631.6,632.5,522432
2026-09-15,ADSL,ALLIED DIGITAL SERV. LTD,100.68,101.6,96.15,97.02,100.21,112407
2026-09-15,ALMONDZ,ALMONDZ GLOBAL SEC LTD,19.25,19.4,15.77,16.84,19.13,546923
2026-09-15,ALOKINDS,ALOK INDUSTRIES LIMITED,7.4,7.65,7.35,7.38,7.36,16675898
2026-09-15,ALPA,ALPA LABORATORIES LTD,62.0,62.8,60.0,60.39,61.69,10739
2026-09-15,ALPINETEX,ALPINE TEXWORLD LIMITED,57.11,57.39,53.5,54.68,57.13,94673
2026-09-15,ALUFLUOR,ALUFLUORIDE LTD.,487.4,495.0,487.4,492.55,487.4,4714
2026-09-15,AMAGI,AMAGI MEDIA LABS LIMITED,581.25,587.85,567.05,569.4,578.35,291602
2026-09-15,AMAL,AMAL LTD.,739.0,739.4,702.65,713.3,738.7,7292
2026-09-15,ARE&M,AMARA RAJA ENERGY MOB LTD,817.95,824.0,794.6,799.55,813.9,408139
2026-09-15,AMARJOTHI,AMARJOTHI SPINNING MILL L,154.93,154.93,147.0,148.09,150.14,3047
2026-09-15,AMBER,AMBER ENTERPRISES (I) LTD,7280.5,7290.5,6937.0,7000.0,7245.0,145928
2026-09-15,AMBICAAGAR,AMBICA AGAR & AROMAINDLTD,24.87,25.48,24.87,24.94,24.99,8112
2026-09-15,AMBIKCO,AMBIKA COTTON MILL LTD.,1594.7,1605.0,1575.0,1579.6,1593.1,10233
2026-09-15,AMBUJACEM,AMBUJA CEMENTS LTD,392.6,393.85,380.1,381.75,391.85,1367462
2026-09-15,AMDIND,AMD INDUSTRIES LIMITED,66.29,74.39,65.8,69.64,64.03,1440694
2026-09-15,AMNPLST,AMINES & PLASTICIZERS LTD,169.9,169.9,164.0,165.52,165.26,1450
2026-09-15,AEROPLANE,AMIR CHAND JAG KUM (E) L,205.12,205.13,195.0,199.72,205.13,921171
2026-09-15,AMJLAND,AMJ LAND HOLDINGS LIMITED,38.56,38.64,36.66,37.21,38.56,20539
2026-09-15,AMRUTANJAN,AMRUTAJAN HEALTH LTD,489.0,494.85,485.0,489.6,490.95,26954
2026-09-15,ARSSBL,ANAND RATHI SH N STK BR L,495.0,499.9,475.05,479.65,490.25,149916
2026-09-15,ANANDRATHI,ANAND RATHI WEALTH LTD,2212.4,2222.0,2175.0,2183.9,2211.0,126796
2026-09-15,ANANTRAJ,ANANT RAJ LIMITED,601.05,605.3,583.05,585.9,598.35,1793456
2026-09-15,ACL,ANDHRA CEMENTS LIMITED,41.85,43.5,41.85,42.55,42.7,4611
2026-09-15,ANDHRAPAP,ANDHRA PAPER LIMITED,73.36,75.0,71.0,71.64,73.36,1506455
2026-09-15,ANDHRSUGAR,ANDHRA SUGARS LTD,97.6,97.6,94.0,94.66,96.38,366347
2026-09-15,ANDREWYU,ANDREW YULE & CO. LTD.,26.1,26.89,25.31,25.65,26.24,63569
2026-09-15,ANGELONE,ANGEL ONE LIMITED,306.45,310.0,297.3,297.5,305.0,5536817
2026-09-15,ANIKINDS,ANIK INDUSTRIES LTD,44.05,45.53,39.96,40.58,44.66,23241
2026-09-15,APCL,ANJANI PORTLAND CEM LTD,100.0,100.0,98.0,99.4,98.16,4097
2026-09-15,AHCL,ANLON HEALTHCARE LIMITED,21.05,22.94,19.37,20.18,19.57,165056337
2026-09-15,ANMOL,ANMOL INDIA LIMITED,17.0,18.55,15.2,15.27,16.87,977450
2026-09-15,ANNAPURNA,ANNAPURNA SWADISHT LTD,137.9,138.14,134.06,137.39,137.95,14823
2026-09-15,ANSALBU,ANSAL BUILDWELL LTD.,82.0,87.0,79.0,84.0,82.0,10068
2026-09-15,ANTGRAPHIC,ANTARCTICA LTD,0.75,0.75,0.73,0.74,0.75,87794
2026-09-15,ANTELOPUS,ANTELOPUS SELAN ENRGY LTD,1146.1,1173.15,1036.95,1057.8,1139.35,1129576
2026-09-15,ANTHEM,ANTHEM BIOSCIENCES LTD,944.95,962.0,938.2,942.85,940.9,599280
2026-09-15,AWHCL,ANTONY WASTE HDG CELL LTD,367.75,367.75,351.75,354.1,366.5,82561
2026-09-15,ANUHPHR,ANUH PHARMA LIMITED,95.0,97.5,89.91,90.33,94.86,208793
2026-09-15,ANURAS,ANUPAM RASAYAN INDIA LTD,1224.8,1227.3,1115.8,1170.4,1219.4,493232
2026-09-15,AONEGOLD,AONEAMC - AONEGOLD,14.01,14.99,13.96,14.5,14.15,394998
2026-09-15,AONELIQUID,AONEAMC - AONELIQUID,1076.89,1076.89,1076.87,1076.87,1076.74,10143
2026-09-15,AONENIFTY,AONEAMC - AONENIFTY,9.95,9.95,9.55,9.58,9.71,237957
2026-09-15,AONESILVER,AONEAMC - AONESILVER,8.77,8.79,8.58,8.66,8.7,565305
2026-09-15,AONETMMQ50,AONEAMC - AONETMMQ50,10.69,10.69,10.0,10.0,10.34,204288
2026-09-15,AONETOTAL,AONEAMC - AONETOTAL,11.93,11.93,11.49,11.52,11.7,226437
2026-09-15,APARINDS,APAR INDUSTRIES LTD.,17598.0,17688.0,16490.0,16550.0,17500.0,100710
2026-09-15,APCOTEXIND,APCOTEX INDUSTRIES LIMITE,602.05,610.0,575.0,576.7,601.15,118177
2026-09-15,APEX,APEX FROZEN FOODS LIMITED,366.65,369.7,355.0,358.95,368.5,81885
2026-09-15,APLAPOLLO,APL APOLLO TUBES LTD,2157.0,2160.0,2107.7,2119.3,2153.5,434016
2026-09-15,APOLLOHOSP,APOLLO HOSPITALS ENTER. L,8937.0,8950.5,8714.0,8714.0,8836.0,247091
2026-09-15,APOLLO,APOLLO MICRO SYSTEMS LTD,424.35,424.6,384.0,386.6,422.25,9564451
2026-09-15,APOLLOPIPE,APOLLO PIPES LIMITED,553.15,554.15,516.45,520.2,554.9,406249
2026-09-15,APOLSINHOT,APOLLO SINDOORI HOTEL LTD,1205.1,1237.0,1205.0,1214.5,1226.7,636
2026-09-15,APOLLOTYRE,APOLLO TYRES LTD,415.0,417.75,405.05,406.2,417.65,329820
2026-09-15,APOORVA,APOORVA LEAS F & INV C L,28.18,28.18,27.0,27.02,27.63,296
2026-09-15,APTUS,APTUS VALUE HSG FIN I LTD,249.01,249.66,240.4,244.83,249.11,1042351
2026-09-15,AQYLON,AQYLON NEXUS LIMITED,21.65,21.9,20.18,20.71,21.24,4195907
2026-09-15,ACI,ARCHEAN CHEMICAL IND LTD,476.7,478.0,453.05,455.25,470.45,295921
2026-09-15,ADL,ARCHIDPLY DECOR LIMITED,75.9,83.0,69.71,71.16,71.54,3183
2026-09-15,ARCHIDPLY,ARCHIDPLY IND. LTD,102.0,105.6,100.21,100.21,101.96,16131
2026-09-15,ARCHIES,ARCHIES LTD,12.36,12.61,12.23,12.29,12.19,10834
2026-09-15,ARCL,ARCL ORGANICS LTD.,262.39,262.39,262.39,262.39,249.9,1510
2026-09-15,ARDEE,ARDEE INDUSTRIES LIMITED,51.6,52.65,47.5,47.78,50.91,5215440
2026-09-15,ARFIN,ARFIN INDIA LIMITED,85.3,86.51,82.02,82.72,85.98,1085971
2026-09-15,ARIHANTCAP,ARIHANT CAPITAL MKTS LTD,79.47,83.0,79.13,81.45,79.0,1185062
2026-09-15,ARIHANT,ARIHANT FOUN & HOU LTD,949.15,960.0,841.4,858.8,887.75,6740
2026-09-15,ARIHANTSUP,ARIHANT SUPERSTRUCT LTD,216.0,219.9,210.0,213.95,218.45,4749
2026-09-15,ARIS,ARISINFRA SOLUTIONS LTD,125.25,127.26,119.15,120.63,125.46,1323454
2026-09-15,ARKADE,ARKADE DEVELOPERS LIMITED,122.99,122.99,115.21,116.42,122.03,194033
2026-09-15,ARMANFIN,ARMAN FIN SERV LTD,2024.9,2025.0,1900.4,1918.1,2011.3,37939
2026-09-15,AROGRANITE,ARO GRANITE IND. LTD.,23.38,24.74,22.81,22.98,23.38,9200
2026-09-15,ARROWGREEN,ARROW GREENTECH LIMITED,835.9,883.85,815.25,838.55,813.0,225224
2026-09-15,ARTNIRMAN,ART NIRMAN LIMITED,40.11,40.11,39.11,39.78,39.92,834
2026-09-15,AEPL,ARTEMIS ELECTRICALS & P L,17.5,17.59,16.02,16.27,17.21,53631
2026-09-15,ARTEMISMED,ARTEMIS MED SERVICE LTD,347.5,347.5,326.45,330.55,344.9,380378
2026-09-15,ARVEE,ARVEE LABORATORIES I LTD,177.1,180.0,168.0,168.6,180.69,5648
2026-09-15,ARVINDFASN,ARVIND FASHIONS LIMITED,446.9,448.05,426.55,428.5,446.5,218586
2026-09-15,ARVIND,ARVIND LIMITED,578.8,597.9,542.25,550.6,575.1,1581072
2026-09-15,ARVSMART,ARVIND SMARTSPACES LTD,581.0,586.1,554.1,564.15,598.05,232819
2026-09-15,ARYAMAN,ARYAMAN FINANCIAL SERV L,632.0,632.0,632.0,632.0,635.0,5
2026-09-15,ASAHIINDIA,ASAHI INDIA GLASS LIMITED,995.0,995.0,952.35,958.8,985.8,181950
2026-09-15,ASHAPURMIN,ASHAPURA MINECHEM LTD,542.8,546.8,515.65,518.4,542.9,299127
2026-09-15,ASHIANA,ASHIANA HOUSING LTD,344.2,346.4,340.5,341.9,346.75,26206
2026-09-15,ASHIMASYN,ASHIMA LTD,16.41,17.3,16.41,16.78,16.61,30749
2026-09-15,ASHOKLEY,ASHOK LEYLAND LTD,164.5,165.36,156.65,156.65,163.75,17917014
2026-09-15,ASHOKA,ASHOKA BUILDCON LTD,114.32,114.32,110.9,111.37,113.86,542158
2026-09-15,ASHOKAMET,ASHOKA METCAST LIMITED,19.4,19.4,14.7,15.14,17.2,900455
2026-09-15,ASIANENE,ASIAN ENERGY SERVICES LTD,541.75,541.75,477.5,485.25,535.1,855416
2026-09-15,ASIANTILES,ASIAN GRANITO IND. LTD.,50.0,50.44,48.86,50.03,50.34,2855354
2026-09-15,AHLEAST,ASIAN HOTELS (EAST) LTD,134.52,136.88,133.0,133.56,133.95,1187
2026-09-15,ASIANHOTNR,ASIAN HOTELS (NORTH) LTD,381.6,409.0,375.35,385.45,378.8,111275
2026-09-15,ASIANPAINT,ASIAN PAINTS LIMITED,2472.5,2473.0,2402.8,2402.8,2472.5,539643
2026-09-15,ASTAR,ASIAN STAR CO. LTD.,583.0,583.0,560.05,562.5,583.0,164
2026-09-15,ASIANTNE,ASIAN TEA & EXPORTS LTD.,9.9,9.9,8.22,8.69,9.25,11719
2026-09-15,ASKAUTOLTD,ASK AUTOMOTIVE LIMITED,634.0,649.95,600.35,604.7,624.55,480326
2026-09-15,ASPINWALL,ASPINWALL & CO LTD,266.3,268.0,250.3,250.85,260.5,2956
2026-09-15,ASALCBR,ASSO ALCOHOLS & BREW LTD,676.7,690.15,660.3,661.9,676.7,38899
2026-09-15,ASTEC,ASTEC LIFESCIENCES LTD,700.0,708.7,663.05,673.7,699.8,47020
2026-09-15,ASTERDM,ASTER DM QUALITY CARE LTD,762.95,762.95,738.0,741.25,763.05,1030702
2026-09-15,ASTRAMICRO,ASTRA MICROWAVE LTD,1688.5,1688.5,1581.0,1593.8,1680.6,496962
2026-09-15,ASTRAL,ASTRAL LIMITED,1410.0,1414.1,1372.8,1379.6,1411.4,609291
2026-09-15,ASTRAZEN,ASTRAZENECA PHARMA IND LT,6767.5,6778.5,6600.0,6695.5,6764.5,14843
2026-09-15,ATALREAL,ATAL REALTECH LIMITED,12.38,14.74,12.38,14.4,13.75,13631375
2026-09-15,ATAM,ATAM VALVES LIMITED,55.11,56.5,53.61,54.67,55.38,10388
2026-09-15,ATHERENERG,ATHER ENERGY LIMITED,1660.7,1662.0,1545.5,1568.5,1656.0,3713971
2026-09-15,ATLANTAELE,ATLANTA ELECTRICALS LTD,1765.1,1784.2,1652.2,1660.0,1777.8,106063
2026-09-15,ATLANTAA,ATLANTAA LIMITED,37.0,38.0,36.25,36.74,37.22,26472
2026-09-15,ATLASCYCLE,ATLAS CYCLE (HARYANA) LTD,94.66,96.26,90.3,91.02,95.71,26406
2026-09-15,ATULAUTO,ATUL AUTO LIMITED,446.5,460.0,435.15,438.45,445.6,132601
2026-09-15,ATUL,ATUL LTD,6250.0,6250.0,6060.5,6081.5,6244.5,34391
2026-09-15,AUBANK,AU SMALL FINANCE BANK LTD,1061.4,1065.7,1024.6,1028.0,1058.9,815819
2026-09-15,AUGMONT,AUGMONT ENTERPRISES LTD,889.95,889.95,825.3,832.25,886.15,930427
2026-09-15,AURIONPRO,AURIONPRO SOLN LTD,691.0,725.95,687.0,698.65,680.85,306875
2026-09-15,AUROPHARMA,AUROBINDO PHARMA LTD,1688.0,1688.0,1642.1,1660.0,1679.8,438757
2026-09-15,AURUM,AURUM PROPTECH LIMITED,224.02,227.18,220.75,221.36,224.02,121746
2026-09-15,AURUS,AURUS GEM CORP LIMITED,4.87,4.99,4.69,4.85,4.89,12400
2026-09-15,AUSOMENT,AUSOM ENTERPRISE LIMITED,153.9,156.5,151.45,151.73,152.59,5047
2026-09-15,AUSTENG,AUSTIN ENGINEERING CO. L,130.0,139.0,122.08,127.31,135.29,6842
2026-09-15,AIIL,AUTHUM INVEST & INFRA LTD,539.0,539.0,524.2,529.85,544.35,279515
2026-09-15,AUTOIND,AUTOLINE INDUSTRIES LTD,83.2,83.33,78.35,79.11,82.83,129975
2026-09-15,ACGL,AUTOMOBILE CORPN OF GOA L,1785.7,1824.0,1725.2,1732.1,1785.7,944
2026-09-15,AUTOAXLES,AUTOMOTIVE AXLES LIMITED,1685.0,1715.9,1655.1,1661.6,1678.0,3806
2026-09-15,ASAL,AUTOMOTIVE STAMPINGS & AS,463.95,469.0,445.2,447.85,462.4,19416
2026-09-15,AVADHSUGAR,AVADH SUG & ENERGY LTD,777.0,777.0,724.0,732.7,769.6,195986
2026-09-15,AVALON,AVALON TECHNOLOGIES LTD,2272.7,2312.0,2150.2,2160.7,2264.5,355969
2026-09-15,AVANCE,AVANCE TECHNOLOGIES LTD.,0.81,0.83,0.8,0.81,0.81,4652378
2026-09-15,AVANTEL,AVANTEL LIMITED,156.46,159.0,143.0,144.5,156.46,1853714
2026-09-15,AVANTIFEED,AVANTI FEEDS LIMITED,798.5,805.7,769.35,771.95,798.6,282723
2026-09-15,DMART,AVENUE SUPERMARTS LIMITED,3692.9,3735.9,3680.0,3680.0,3688.0,496744
2026-09-15,CCAVENUE,AVENUESAI LIMITED,16.47,16.47,15.55,15.69,16.29,16515500
2026-09-15,AVONMORE,AVONMORE CAP&MGT SERV LTD,14.0,14.29,13.66,13.79,14.0,298526
2026-09-15,AVROIND,AVRO INDIA LIMITED,7.76,8.2,7.51,7.66,7.81,222508
2026-09-15,AVTNPL,AVT NATURAL PRODUCTS LTD,89.4,90.19,84.54,86.24,90.13,279706
2026-09-15,AWFIS,AWFIS SPACE SOLUTIONS LTD,297.85,304.5,268.3,275.15,293.2,3801941
2026-09-15,AWL,AWL AGRI BUSINESS LIMITED,185.5,185.94,181.05,183.14,185.02,1154132
2026-09-15,AXISBANK,AXIS BANK LIMITED,1254.0,1254.0,1219.9,1222.9,1246.0,5698466
2026-09-15,ENERGYAXIS,AXISAMC - ENERGYAXIS,19.25,19.99,18.63,19.78,19.06,24801
2026-09-15,BNKETFAXIS,AXISAMC-BNKETFAXIS,596.05,596.05,576.78,577.46,584.36,2506
2026-09-15,CONSUMAXIS,AXISAMC-CONSUMAXIS,118.52,118.61,116.57,116.94,117.94,1155
2026-09-15,GOLDAXIS,AXISAMC-GOLDAXIS,125.9,125.9,124.16,124.35,125.93,3738148
2026-09-15,HEALTHAXIS,AXISAMC-HEALTHAXIS,168.42,170.7,166.0,166.4,168.42,3445
2026-09-15,ITAXIS,AXISAMC-ITAXIS,324.38,335.43,324.35,325.36,320.94,12083
2026-09-15,NIFTYAXIS,AXISAMC-NIFTYAXIS,262.46,262.46,256.84,257.17,259.44,15282
2026-09-15,SENSEXAXIS,AXISAMC-SENSEXAXIS,78.38,78.38,77.0,77.2,77.35,2720
2026-09-15,SILVERAXIS,AXISAMC-SILVERAXIS,226.45,226.45,222.42,223.1,225.76,657007
2026-09-15,VALUEAXIS,AXISAMC-VALUEAXIS,32.88,32.88,31.8,31.9,32.47,98731
2026-09-15,AXISCADES,AXISCADES TECH LTD,1876.2,1876.2,1699.9,1717.7,1831.8,176313
2026-09-15,AXITA,AXITA COTTON LIMITED,8.03,8.04,7.99,8.0,7.98,425828
2026-09-15,AXTEL,AXTEL INDUSTRIES LTD.,437.2,458.8,419.1,429.65,440.2,21380
2026-09-15,AYE,AYE FINANCE LIMITED,185.0,189.28,176.11,177.25,179.46,1154930
2026-09-15,AYMSYNTEX,AYM SYNTEX LIMITED,278.65,284.55,268.0,269.1,281.65,73158
2026-09-15,AZAD,AZAD ENGINEERING LIMITED,2865.0,2904.2,2692.9,2704.9,2849.1,427305
2026-09-15,AZADIND,AZAD INDIA MOBILITY LTD.,90.0,90.0,81.5,84.11,87.13,13007
2026-09-15,BBTCL,B&B TRIPLEWALL CONT LTD,232.79,232.79,221.35,224.92,227.51,4937
2026-09-15,BAGFILMS,B.A.G FILMS AND MEDIA LTD,4.53,4.53,4.31,4.35,4.44,94381
2026-09-15,BLKASHYAP,B.L.KASHYAP & SON LTD,54.08,54.79,51.0,51.5,53.91,679073
2026-09-15,STYLEBAAZA,BAAZAR STYLE RETAIL LTD,388.05,395.45,374.4,376.05,388.1,431277
2026-09-15,BAIDFIN,BAID FINSERV LIMITED,11.82,11.9,9.97,10.08,11.88,552693
2026-09-15,BAJAJ-AUTO,BAJAJ AUTO LIMITED,11693.0,11709.0,11416.0,11424.0,11678.0,236796
2026-09-15,BAJAJCON,BAJAJ CONSUMER CARE LTD,517.0,529.8,496.8,503.8,520.5,824896
2026-09-15,BAJAJELEC,BAJAJ ELECT.LTD,335.95,340.4,326.4,328.4,335.3,127113
2026-09-15,BAJFINANCE,BAJAJ FINANCE LIMITED,1035.0,1038.6,1005.5,1009.2,1034.5,5792124
2026-09-15,BAJAJFINSV,BAJAJ FINSERV LTD.,1921.4,1930.6,1855.5,1855.5,1913.5,486164
2026-09-15,BAJAJHCARE,BAJAJ HEALTHCARE LIMITED,334.05,334.1,318.6,320.9,334.05,95072
2026-09-15,BAJAJHIND,BAJAJ HINDUSTHAN SUGAR LT,21.15,21.19,19.51,19.71,20.94,19892199
2026-09-15,BAJAJHLDNG,BAJAJ HOLDINGS & INVS LTD,11134.0,11208.0,11060.0,11100.0,11134.0,56888
2026-09-15,BAJAJHFL,BAJAJ HOUSING FINANCE LTD,84.26,84.53,83.08,84.0,84.11,3993670
2026-09-15,BAJAJST,BAJAJ STEEL INDS. LTD.,370.0,370.0,363.1,365.3,365.65,7410
2026-09-15,BAJEL,BAJEL PROJECTS LIMITED,178.67,182.6,168.01,168.87,179.89,305666
2026-09-15,BALPHARMA,BAL PHARMA LTD.,109.22,115.0,107.07,107.44,107.42,107727
2026-09-15,BALAMINES,BALAJI AMINES LIMITED,2288.0,2288.0,2093.0,2105.7,2276.5,256830
2026-09-15,BALAJITELE,BALAJI TELEFILMS LIMITED.,90.71,98.0,90.51,95.48,90.63,1605822
2026-09-15,BALAXI,BALAXI PHARMA LTD,24.8,24.8,23.0,23.12,23.39,26067
2026-09-15,BALKRISIND,BALKRISHNA IND. LTD,2164.6,2176.3,2117.1,2129.0,2164.6,166038
2026-09-15,BALKRISHNA,BALKRISHNA PAPER MILLS L,16.6,17.2,16.02,16.73,16.1,9171
2026-09-15,BALMLAWRIE,BALMER LAWRIE & CO LTD,168.7,169.0,163.25,164.24,168.72,203640
2026-09-15,BLIL,BALMER LAWRIE INVSTS. L,68.43,69.07,67.0,67.13,68.44,144750
2026-09-15,BALRAMCHIN,BALRAMPUR CHINI MILLS LTD,697.3,698.0,667.55,677.1,691.4,1081870
2026-09-15,BALUFORGE,BALU FORGE INDUSTRIES LTD,533.4,534.9,494.0,498.2,533.4,876986
2026-09-15,BANARBEADS,BANARAS BEADS LTD,111.9,115.0,110.35,110.92,107.56,3820
2026-09-15,BANCOINDIA,BANCO PRODUCTS (I) LTD,617.55,622.85,585.15,587.65,615.0,144544
2026-09-15,BANDHANBNK,BANDHAN BANK LIMITED,177.0,179.11,172.24,172.45,176.52,10329258
2026-09-15,GOLDBND,BANDHANAMC - GOLDBND,151.48,154.0,149.11,149.43,151.29,7270
2026-09-15,IDFNIFTYET,BANDHANAMC - IDFNIFTYET,258.6,262.6,255.55,256.87,258.6,1273
2026-09-15,SILVERBND,BANDHANAMC - SILVERBND,227.0,227.19,224.14,224.95,227.2,13863
2026-09-15,BANG,BANG OVERSEAS LTD.,35.76,35.76,31.55,32.29,35.12,54164
2026-09-15,BANKBARODA,BANK OF BARODA,238.13,238.51,232.44,232.7,238.13,7383660
2026-09-15,BANKINDIA,BANK OF INDIA,140.0,140.41,137.0,137.61,140.0,4479489
2026-09-15,MAHABANK,BANK OF MAHARASHTRA,84.2,84.61,79.56,79.56,84.2,14589564
2026-09-15,BANKA,BANKA BIOLOO LIMITED,82.18,83.0,77.7,77.86,81.78,2696
2026-09-15,BANARISUG,BANNARI AMMAN SUGARS LTD,3542.6,3542.6,3400.0,3411.1,3517.6,1035
2026-09-15,BANSALWIRE,BANSAL WIRE INDUSTRIES L,307.9,311.9,298.0,303.7,309.35,82917
2026-09-15,BANSWRAS,BANSWARA SYNTEX LIMITED,114.97,114.97,109.0,110.03,112.84,9076
2026-09-15,BVCL,BARAK VALLEY CEM. LTD.,42.1,42.9,40.11,40.8,42.05,18121
2026-09-15,BBNPNBETF,BARODABNP - BBNPNBETF,57.97,57.97,56.43,56.44,56.66,315
2026-09-15,BBNPPGOLD,BARODABNP - BBNPPGOLD,146.2,146.2,144.15,144.8,146.2,1723
2026-09-15,BASF,BASF INDIA LTD,3662.0,3674.1,3528.0,3539.4,3661.5,17640
2026-09-15,BATAINDIA,BATA INDIA LTD,649.9,656.9,637.5,640.15,648.65,174746
2026-09-15,BATLIBOI,BATLIBOI LTD.,86.0,86.0,82.5,83.95,85.91,26108
2026-09-15,BAYERCROP,BAYER CROPSCIENCE LTD,3998.9,3999.0,3930.0,3941.1,3974.1,9354
2026-09-15,BCLIND,BCL INDUSTRIES LIMITED,34.6,34.64,32.1,32.95,34.18,648439
2026-09-15,BCPL,BCPL RAILWAY INFRA LTD,70.36,70.88,67.21,68.27,70.01,7601
2026-09-15,BEARDSELL,BEARDSELL LIMITED,25.18,25.18,24.02,24.27,24.67,15640
2026-09-15,BEDMUTHA,BEDMUTHA INDUST LTD,108.79,108.79,103.5,104.42,103.94,3658
2026-09-15,BEEKAY,BEEKAY STEEL INDS. LTD.,428.05,442.2,427.05,435.15,425.6,2968
2026-09-15,BLEL,BEHARI LAL ENGINEERING L,445.0,447.7,433.85,439.65,442.15,646232
2026-09-15,BELLACASA,BELLA CASA FASH AND RET L,262.86,262.86,247.0,252.67,256.52,8516
2026-09-15,BELRISE,BELRISE INDUSTRIES LTD,228.59,232.56,226.0,226.66,228.0,2660988
2026-09-15,BLAL,BEML LAND ASSETS LIMITED,160.03,163.84,160.03,161.01,161.47,47310
2026-09-15,BEML,BEML LIMITED,2033.4,2033.4,1922.0,1939.3,2023.4,234307
2026-09-15,BENARAS,BENARES HOTELS LTD.,11199.0,11499.0,10460.0,11001.0,11085.0,250
2026-09-15,BENGALASM,BENGAL & ASSAM CO. LTD.,6311.0,6349.0,6111.5,6286.5,6265.0,372
2026-09-15,BERGEPAINT,BERGER PAINTS (I) LTD,458.05,460.95,445.55,447.1,458.05,220721
2026-09-15,BESTAGRO,BEST AGROLIFE LIMITED,19.47,19.48,18.06,18.39,19.05,767826
2026-09-15,BETA,BETA DRUGS LIMITED,2101.0,2214.9,2079.1,2105.2,2118.5,34753
2026-09-15,BFINVEST,BF INVESTMENT LIMITED,453.0,453.7,434.7,435.5,448.3,25747
2026-09-15,BFUTILITIE,BF UTILITIES LIMITED,547.15,550.05,521.0,528.2,548.9,40177
2026-09-15,BANK10BETF,BFAM - BANK10BETF,20.31,20.99,19.73,19.81,20.21,7312
2026-09-15,BANKBETF,BFAM - BANKBETF,57.0,57.91,56.44,57.02,57.61,11849
2026-09-15,LIQUIDBETF,BFAM - LIQUIDBETF,1098.68,1098.83,1098.68,1098.82,1098.68,305217
2026-09-15,NIFTYBETF,BFAM - NIFTYBETF,244.47,244.47,238.39,239.22,241.1,14854
2026-09-15,BHAGCHEM,BHAGIRADHA CHEM & INDS L,258.75,258.75,246.1,250.0,258.75,54531
2026-09-15,BHAGYANGR,BHAGYANAGAR INDIA LIMITED,427.95,429.0,401.55,405.0,422.55,183392
2026-09-15,BHANDARI,BHANDARI HOSIERY EXP LTD,3.0,3.04,2.98,3.0,3.0,141743
2026-09-15,BEPL,BHANSALI ENG. POLYMERS LT,128.8,129.3,120.0,120.69,128.08,1830786
2026-09-15,BBL,BHARAT BIJLEE LTD,2246.5,2275.5,2166.6,2180.1,2246.5,28880
2026-09-15,BHARATCOAL,BHARAT COKING COAL LTD,33.01,33.17,32.3,32.4,33.01,3087850
2026-09-15,BDL,BHARAT DYNAMICS LIMITED,1191.0,1194.6,1123.0,1135.0,1190.0,1293584
2026-09-15,BEL,BHARAT ELECTRONICS LTD,402.0,403.65,382.9,382.9,404.35,16741114
2026-09-15,BHARATFORG,BHARAT FORGE LTD,1944.9,1950.0,1869.1,1877.2,1944.9,293090
2026-09-15,BPLPHARMA,BHARAT PARENTERALS LTD.,1575.0,1575.0,1510.0,1543.4,1505.1,2207
2026-09-15,BPCL,BHARAT PETROLEUM CORP  LT,304.2,308.15,298.65,298.65,304.5,3512731
2026-09-15,BHARATRAS,BHARAT RASAYAN LTD,1158.0,1170.0,1125.1,1128.9,1157.9,12759
2026-09-15,BRNL,BHARAT ROAD NETWORK LTD,16.7,16.7,16.25,16.31,16.73,33211
2026-09-15,BHARATSE,BHARAT SEATS LIMITED,217.5,219.72,206.6,208.62,217.47,128545
2026-09-15,BHARATWIRE,BHARAT WIRE ROPES LTD.,173.74,179.7,166.1,168.08,172.48,170021
2026-09-15,BHARTIARTL,BHARTI AIRTEL LIMITED,1844.0,1844.0,1819.6,1830.4,1831.1,4066471
2026-09-15,BHARTIHEXA,BHARTI HEXACOM LIMITED,1546.1,1546.1,1502.0,1505.5,1545.0,47838
2026-09-15,BIL,BHARTIYA INTERNATIONAL,1073.0,1095.5,1025.0,1027.55,1073.0,12076
2026-09-15,BHEL,BHEL,431.25,432.0,412.85,412.85,431.0,7340842
2026-09-15,BIGBLOC,BIGBLOC CONSTRUCTION LTD,40.0,40.73,39.0,39.14,40.79,53036
2026-09-15,BIKAJI,BIKAJI FOODS INTERN LTD,555.0,570.0,535.35,541.6,548.25,111374
2026-09-15,GROWW,BILLIONBRAINS GARAGE VN L,200.2,203.7,196.4,197.59,200.24,30383521
2026-09-15,BIMETAL,BIMETAL BEARINGS LTD.,658.65,658.65,623.0,640.0,640.5,193
2026-09-15,BIOCON,BIOCON LIMITED.,391.95,392.05,381.0,382.0,390.65,2543144
2026-09-15,BIOFILCHEM,BIOFIL CHEM & PHARMA LTD,34.4,35.49,33.1,33.65,34.51,33485
2026-09-15,BIRLACABLE,BIRLA CABLE LIMITED,384.95,411.95,372.75,377.95,392.35,1025099
2026-09-15,BIRLACORPN,BIRLA CORPORATION LTD,825.0,829.7,805.05,810.25,825.15,33029
2026-09-15,BIRLANU,BIRLANU LIMITED,1448.4,1459.0,1385.9,1395.5,1448.4,8252
2026-09-15,ABGSEC,BIRLASLAMC - ABGSEC,113.96,113.96,113.07,113.07,113.96,5
2026-09-15,ABSL10BANK,BIRLASLAMC - ABSL10BANK,170.9,170.9,164.0,165.51,167.34,3511
2026-09-15,ABSLBANETF,BIRLASLAMC - ABSLBANETF,58.14,58.28,57.3,57.4,58.01,23799
2026-09-15,ABSLLIQUID,BIRLASLAMC - ABSLLIQUID,1000.01,1000.01,999.99,999.99,1000.0,9016
2026-09-15,ABSLMSCIN,BIRLASLAMC - ABSLMSCIN,29.11,29.26,28.63,28.67,28.9,354
2026-09-15,ABSLNN50ET,BIRLASLAMC - ABSLNN50ET,76.53,76.53,74.1,74.48,76.15,43922
2026-09-15,BSLSENETFG,BIRLASLAMC - BSLSENETFG,75.26,76.84,74.65,75.22,77.19,10770
2026-09-15,GSEC10ABSL,BIRLASLAMC - GSEC10ABSL,112.75,112.75,112.59,112.59,113.03,6
2026-09-15,HEALTHY,BIRLASLAMC - HEALTHY,16.72,17.54,16.72,16.84,16.96,239809
2026-09-15,MOMENTUM,BIRLASLAMC - MOMENTUM,32.0,32.4,30.04,30.25,31.61,160931
2026-09-15,NIFTYQLITY,BIRLASLAMC - NIFTYQLITY,21.08,21.08,20.5,20.57,20.83,31338
2026-09-15,SILVER,BIRLASLAMC - SILVER,226.42,226.42,223.34,224.06,226.48,926183
2026-09-15,TECH,BIRLASLAMC - TECH,32.01,33.3,31.93,32.38,31.78,173875
2026-09-15,ABSLPSE,BIRLASLAMC-ABSLPSE,10.11,10.29,9.9,9.93,10.11,109470
2026-09-15,BSOFT,BIRLASOFT LIMITED,291.0,302.85,285.1,286.45,281.65,8595221
2026-09-15,BBOX,BLACK BOX LIMITED,815.0,834.35,727.1,745.8,800.8,1510478
2026-09-15,BLACKBUCK,BLACKBUCK LIMITED,641.0,644.0,609.25,611.9,628.15,1773025
2026-09-15,BLBLIMITED,BLB LIMITED,16.64,16.64,15.65,16.1,16.13,180878
2026-09-15,BLSE,BLS E-SERVICES LIMITED,313.0,315.95,307.25,310.1,312.8,302523
2026-09-15,BLS,BLS INTL SERVS LTD,231.59,242.15,227.49,228.51,231.58,1252796
2026-09-15,BLUECLOUDS,BLUE CLOUD SOFTECH SOLU L,19.35,20.47,19.05,19.19,19.13,1858911
2026-09-15,BLUECOAST,BLUE COAST HOTELS LIMITED,22.89,22.89,21.08,21.09,22.18,2067
2026-09-15,BLUEDART,BLUE DART EXPRESS LTD,4842.0,4889.4,4791.0,4843.5,4830.9,7941
2026-09-15,BLUEJET,BLUE JET HEALTHCARE LTD,572.0,572.0,548.1,550.65,568.55,364930
2026-09-15,BLUESTARCO,BLUE STAR LIMITED,1559.5,1562.8,1475.3,1483.0,1558.0,509083
2026-09-15,BLUESTONE,BLUESTONE JEWEL LFSTL LTD,899.0,904.0,822.35,828.55,890.35,950222
2026-09-15,BLUSPRING,BLUSPRING ENTERPRISES LTD,129.5,132.85,123.61,125.27,131.48,214823
2026-09-15,BMWVENTLTD,BMW VENTURES LIMITED,53.73,54.35,50.16,51.61,54.05,133104
2026-09-15,BNAGROCHEM,BN AGROCHEM LTD.,204.95,204.95,200.0,200.08,204.99,961
2026-09-15,BODALCHEM,BODAL CHEMICALS LTD,173.12,181.02,172.0,176.66,172.4,2894993
2026-09-15,BTML,BODHI TREE MULTIMEDIA LTD,7.68,8.0,6.42,7.62,7.48,1112013
2026-09-15,BOHRAIND,BOHRA INDUSTRIES LIMITED,14.0,14.4,13.02,13.71,13.42,21413
2026-09-15,BBTC,BOMBAY BURMAH TRADING COR,1429.0,1447.1,1410.4,1416.4,1423.5,34860
2026-09-15,BOMDYEING,BOMBAY DYEING & MFG. CO L,111.8,112.1,107.0,107.58,111.27,754544
2026-09-15,BSHSL,BOMBAY SUPER HYBRID SEEDS,89.99,89.99,83.4,85.42,88.8,3443
2026-09-15,BONLON,BONLON INDUSTRIES LIMITED,40.1,40.99,36.25,38.56,40.1,6018
2026-09-15,BORANA,BORANA WEAVES LIMITED,313.4,322.0,298.0,303.5,313.4,56889
2026-09-15,BOROLTD,BOROSIL LIMITED,256.01,263.4,247.14,248.33,257.48,135344
2026-09-15,BORORENEW,BOROSIL RENEWABLES LTD,496.0,499.0,448.55,461.3,495.65,720224
2026-09-15,BOROSCI,BOROSIL SCIENTIFIC LTD,124.66,126.89,118.61,120.02,125.28,61828
2026-09-15,BOSCH-HCIL,BOSCH HOME COMFRT IND LTD,1698.0,1722.0,1660.0,1667.4,1704.0,25201
2026-09-15,BOSCHLTD,BOSCH LIMITED,48725.0,48725.0,47070.0,47070.0,48385.0,30224
2026-09-15,BPL,BPL LTD,47.4,47.95,46.1,46.58,46.3,34419
2026-09-15,BRAHMINFRA,BRAHMAPUTRA INFRA L,157.04,157.04,148.8,151.6,157.35,7774
2026-09-15,FIRSTCRY,BRAINBEES SOLUTIONS LTD,170.0,189.75,167.01,171.53,168.83,53340405
2026-09-15,BCONCEPTS,BRAND CONCEPTS LIMITED,164.0,164.0,152.1,154.24,156.56,10173
2026-09-15,BRIGADE,BRIGADE ENTER. LTD,642.05,648.95,610.0,612.25,638.65,201825
2026-09-15,BRIGHOTEL,BRIGADE HOTEL VENTURE LTD,56.51,56.98,55.75,56.14,56.51,72260
2026-09-15,BRIGHTBR,BRIGHT BROTHERS LTD.,247.0,252.0,245.0,248.5,255.25,1183
2026-09-15,BCG,BRIGHTCOM GROUP LIMITED,10.09,10.4,9.74,9.85,9.99,10744108
2026-09-15,BRITANNIA,BRITANNIA INDUSTRIES LTD,4990.0,5022.5,4947.5,4947.5,4962.0,209279
2026-09-15,BROOKS,BROOKS LAB LIMITED,67.7,67.7,62.8,63.09,65.69,26350
2026-09-15,BSE,BSE LIMITED,3417.0,3452.7,3295.0,3310.0,3384.0,3901579
2026-09-15,BSL,BSL LTD,120.0,122.99,117.25,119.35,120.39,2783
2026-09-15,BUTTERFLY,BTRFLY GANDHI APPL LTD,582.15,634.8,577.05,580.25,586.25,89943
2026-09-15,CGVAK,C G V A K SOFTWARE & EX L,148.0,148.0,144.19,144.31,145.83,2089
2026-09-15,MAPMYINDIA,C.E. INFO SYSTEMS LIMITED,927.0,944.6,885.1,887.8,925.8,177627
2026-09-15,CMLL,CALIBER MINING AND LOG L,475.5,486.3,467.0,474.7,474.15,292036
2026-09-15,CAMLINFINE,CAMLIN FINE SCIENCES LTD,101.86,103.9,97.75,99.21,101.68,634588
2026-09-15,CAMPUS,CAMPUS ACTIVEWEAR LIMITED,214.5,215.39,207.92,212.9,214.36,432209
2026-09-15,CANFINHOME,CAN FIN HOMES LTD,776.2,788.75,766.85,784.8,779.75,203614
2026-09-15,CANBK,CANARA BANK,123.25,124.48,122.05,122.37,124.0,12696568
2026-09-15,CANHLIFE,CANARA HSBC LIFE INS CO L,151.7,153.0,149.0,151.78,151.92,591395
2026-09-15,CRAMC,CANARA ROBECO AMC LIMITED,240.35,241.0,231.1,232.4,238.9,341060
2026-09-15,CANTABIL,CANTABIL RETAIL LTD,238.6,245.79,238.0,240.3,240.21,198186
2026-09-15,CAPACITE,CAPACITE INFRAPROJECT LTD,191.0,196.53,187.75,189.57,191.98,319841
2026-09-15,CAPILLARY,CAPILLARY TECHNO INDIA L,466.0,477.4,464.8,472.2,461.95,428715
2026-09-15,CIFL,CAPITAL INDIA FINANCE LTD,20.26,20.26,19.45,19.53,20.2,23450
2026-09-15,CAPITALSFB,CAPITAL SMALL FIN BANK L,271.35,277.2,267.15,269.7,271.35,31682
2026-09-15,CAPLIPOINT,CAPLIN POINT LAB LTD.,2750.2,2760.0,2555.0,2570.6,2754.9,216544
2026-09-15,CGCL,CAPRI GLOBAL CAPITAL LTD,264.0,264.8,254.25,255.1,266.0,2889142
2026-09-15,CPL,CAPTAIN POLYPLAST LIMITED,65.78,65.78,62.5,62.83,64.79,22223
2026-09-15,CARBORUNIV,CARBORUNDUM UNIVERSAL LTD,1085.0,1085.0,1021.0,1031.8,1075.2,188036
2026-09-15,CARERATING,CARE RATINGS LIMITED,1660.0,1668.3,1626.0,1635.7,1650.5,28190
2026-09-15,CPEDU,CAREER POINT EDUTECH LTD,178.1,180.0,174.0,176.34,177.74,1860
2026-09-15,CARRARO,CARRARO INDIA LIMITED,538.0,539.0,519.0,521.0,538.45,95342
2026-09-15,CARTRADE,CARTRADE TECH LIMITED,3090.0,3170.2,3001.1,3017.1,3087.9,337654
2026-09-15,CARYSIL,CARYSIL LIMITED,1162.0,1164.5,1123.0,1126.8,1161.9,73083
2026-09-15,CASTROLIND,CASTROL INDIA LIMITED,187.8,188.25,187.2,187.82,188.03,2080994
2026-09-15,CCL,CCL PRODUCTS (I) LTD,1076.0,1086.0,1056.0,1060.9,1081.0,118848
2026-09-15,CEATLTD,CEAT LIMITED,3285.9,3322.0,3252.0,3282.5,3278.5,60254
2026-09-15,CEIGALL,CEIGALL INDIA LIMITED,382.35,383.4,370.0,382.25,380.4,317006
2026-09-15,CEINSYS,CEINSYS TECH LIMITED,700.0,715.2,671.3,676.6,707.0,49837
2026-09-15,CELEBRITY,CELEBRITY FASHIONS LTD,7.17,7.17,6.65,6.7,6.85,21421
2026-09-15,CELLO,CELLO WORLD LIMITED,335.45,337.0,325.05,327.55,332.8,382117
2026-09-15,CEMPRO,CEMINDIA PROJECTS LIMITED,1246.0,1285.7,1196.0,1207.1,1244.3,270250
2026-09-15,CENTRALBK,CENTRAL BANK OF INDIA,30.85,31.03,30.35,30.46,30.74,5054888
2026-09-15,CDSL,CENTRAL DEPO SER (I) LTD,1360.0,1361.3,1302.5,1311.0,1360.0,1265342
2026-09-15,CMPDI,CENTRAL MINE P N D INST L,216.7,217.9,202.0,203.74,215.23,1650955
2026-09-15,CENTRUM,CENTRUM CAPITAL LIMITED,22.54,22.54,21.57,21.65,22.34,128168
2026-09-15,CENTUM,CENTUM ELECTRONICS LTD,4254.9,4298.9,3972.8,4010.6,4192.0,42588
2026-09-15,CENTENKA,CENTURY ENKA LTD,568.9,570.1,546.55,550.4,565.4,42064
2026-09-15,CENTEXT,CENTURY EXTRUSIONS LTD,21.95,21.95,19.8,19.98,22.37,888517
2026-09-15,CENTURYPLY,CENTURY PLYBOARDS (I) LTD,717.05,726.9,706.65,711.05,717.05,37273
2026-09-15,CERA,CERA SANITARYWARE LTD,5588.0,5620.0,5558.0,5572.0,5587.5,4096
2026-09-15,CESC,CESC LTD,146.0,146.76,141.1,141.7,145.37,1720693
2026-09-15,CGPOWER,CG POWER AND IND SOL LTD,909.0,911.3,858.0,858.0,909.0,3474919
2026-09-15,CHALET,CHALET HOTELS LIMITED,872.0,881.9,839.1,845.15,877.25,51795
2026-09-15,CLSEL,CHAMAN LAL SETIA EXP LTD,297.7,301.5,280.0,281.6,296.5,80059
2026-09-15,CHAMBLFERT,CHAMBAL FERTILIZERS LTD,420.0,421.0,415.45,416.65,418.8,447469
2026-09-15,CHEMBOND,CHEMBOND MATERIALTECH LTD,219.99,223.0,190.6,195.52,217.12,32132
2026-09-15,CHEMCRUX,CHEMCRUX ENTERPRISES LTD.,82.1,84.0,79.8,80.23,82.4,5107
2026-09-15,CHEMFAB,CHEMFAB ALKALIS LIMITED,384.45,384.45,365.05,372.15,379.35,2148
2026-09-15,CHEMPLASTS,CHEMPLAST SANMAR LIMITED,173.5,174.45,164.29,165.12,171.35,241434
2026-09-15,CHENNPETRO,CHENNAI PETROLEUM CORP LT,1580.0,1583.2,1461.1,1471.8,1572.9,2061830
2026-09-15,CHEVIOT,CHEVIOT COMPANY LIMITED,1213.8,1235.0,1170.0,1172.3,1207.8,1305
2026-09-15,CHOICEIN,CHOICE INTERNATIONAL LTD,760.5,764.7,737.1,740.4,759.8,193485
2026-09-15,CHOICEGOLD,CHOICEAMC - CHOICEGOLD,150.0,150.28,148.0,149.29,150.0,5092
2026-09-15,CHOLAHLDNG,CHOLAMANDALAM FIN HOL LTD,1530.0,1543.2,1500.3,1510.8,1528.6,79301
2026-09-15,CHOLAFIN,CHOLAMANDALAM IN & FIN CO,1834.8,1842.0,1784.2,1791.6,1845.9,1709145
2026-09-15,CIEINDIA,CIE AUTOMOTIVE INDIA LTD,382.75,382.75,368.0,375.0,379.65,207605
2026-09-15,CINELINE,CINELINE INDIA LIMITED,97.9,97.9,91.25,91.81,96.31,12901
2026-09-15,CINEVISTA,CINEVISTA LIMITED,14.5,14.96,14.06,14.08,14.23,6564
2026-09-15,CIPLA,CIPLA LTD,1355.0,1362.7,1347.7,1351.0,1366.0,1225305
2026-09-15,CUB,CITY UNION BANK LTD,227.32,231.0,223.25,225.78,227.32,1260751
2026-09-15,CLEDUCATE,CL EDUCATE LIMITED,60.0,60.0,56.36,57.14,59.18,24865
2026-09-15,CLEANMAX,CLEAN MAX ENVIRO EN SOL L,1429.0,1430.0,1292.6,1321.5,1431.0,405886
2026-09-15,CLEAN,CLEAN SCIENCE & TECH LTD,843.45,850.8,815.5,820.3,842.05,281497
2026-09-15,CMRGREEN,CMR GREEN TECHNOLOGIES L,217.9,224.83,211.39,212.76,216.58,282768
2026-09-15,CMSINFO,CMS INFO SYSTEMS LIMITED,224.98,236.9,220.99,222.91,224.38,1409704
2026-09-15,COALINDIA,COAL INDIA LTD,426.4,427.0,418.0,419.25,426.4,6128458
2026-09-15,COASTCORP,COASTAL CORPORATION LTD,39.52,40.53,37.0,37.32,39.09,132609
2026-09-15,COCHINSHIP,COCHIN SHIPYARD LIMITED,1389.0,1389.0,1320.0,1325.0,1381.0,1989625
2026-09-15,COFFEEDAY,COFFEE DAY ENTERPRISE LTD,32.0,32.47,30.12,30.37,31.67,693779
2026-09-15,COFORGE,COFORGE LIMITED,1887.3,1893.6,1765.6,1775.5,1846.5,4583784
2026-09-15,COHANCE,COHANCE LIFESCIENCES LTD,440.1,443.15,421.35,423.6,440.2,383863
2026-09-15,COLPAL,COLGATE PALMOLIVE LTD.,1797.4,1846.6,1788.8,1820.3,1797.4,670867
2026-09-15,COMFINTE,COMFORT INTECH LTD.,6.03,6.16,5.91,5.92,6.08,127261
2026-09-15,COMSYN,COMMERCIAL SYN BAGS LTD,303.0,303.0,281.35,289.8,299.15,208274
2026-09-15,COMPEAU,COMPETENT AUTOMOB CO. L,364.5,364.5,360.0,360.0,362.0,10
2026-09-15,COMPUSOFT,COMPUCOM SOFTWARE LTD,12.98,13.15,12.82,12.91,12.9,12297
2026-09-15,CAMS,COMPUTER AGE MNGT SER LTD,711.3,732.6,708.05,717.35,711.0,1973247
2026-09-15,CONCORDBIO,CONCORD BIOTECH LIMITED,1513.6,1527.1,1467.0,1473.0,1505.7,97030
2026-09-15,CEWATER,CONCORD ENVIRO SYSTEMS L,286.55,286.7,273.3,276.15,284.7,142855
2026-09-15,CFEL,CONFIDENCE FUTURIST ENE L,50.0,52.8,47.05,47.41,49.3,171314
2026-09-15,CONFIPET,CONFIDENCE PETRO IND LTD.,90.2,91.65,84.1,86.1,89.22,4869333
2026-09-15,CCCL,CONS. CONST. CONSORT LTD,13.9,14.11,13.73,13.99,13.91,158953
2026-09-15,CONCOR,CONTAINER CORP OF IND LTD,499.95,501.5,483.7,483.7,499.25,566088
2026-09-15,CONTROLPR,CONTROL PRINT LIMITED,583.0,586.0,568.9,574.8,588.7,22163
2026-09-15,CORALFINAC,CORAL INDIA FIN & HOUS LT,31.65,33.96,31.65,32.77,32.16,13223
2026-09-15,CORDSCABLE,CORDS CABLE INDUS LTD.,375.9,379.0,350.1,354.25,373.4,181308
2026-09-15,COROMANDEL,COROMANDEL INTERNTL. LTD,1928.0,1950.0,1918.9,1939.1,1929.0,93758
2026-09-15,CORONA,CORONA REMEDIES LIMITED,2250.0,2292.4,2192.1,2217.9,2236.1,90921
2026-09-15,COSMOFIRST,COSMO FIRST LIMITED,875.05,884.6,858.0,861.35,874.9,54106
2026-09-15,CCHHL,COUNTRY CLUB HOSP HOL LTD,12.41,12.59,12.1,12.18,12.37,15566
2026-09-15,CPCAP,CP CAPITAL LIMITED,138.32,141.0,132.0,140.17,135.08,81592
2026-09-15,CPSEETF,CPSE ETF,93.89,94.36,91.54,92.04,93.89,1059209
2026-09-15,CRAFTSMAN,CRAFTSMAN AUTOMATION LTD,11763.0,11798.0,10968.0,11099.0,11669.0,74009
2026-09-15,CRAVATEX,CRAVATEX LTD.,335.2,335.2,316.3,319.5,323.95,231
2026-09-15,CREATIVEYE,CREATIVE EYE LIMITED,5.88,5.88,5.71,5.74,5.72,4750
2026-09-15,CNL,CREATIVE NEWTECH LIMITED,1133.6,1139.2,1050.1,1068.6,1116.9,20384
2026-09-15,CREDITACC,CREDITACCESS GRAMEEN LTD,1413.3,1431.7,1400.0,1409.6,1424.2,188404
2026-09-15,MUFTI,CREDO BRANDS MARKETING L,73.0,73.5,72.0,72.49,72.78,57214
2026-09-15,CREST,CREST VENTURES LIMITED,350.5,357.95,347.5,354.65,355.25,6243
2026-09-15,CRESTO,CRESTO TECHNO LIMITED,16.7,17.08,15.48,16.05,16.91,25866
2026-09-15,CRISIL,CRISIL LTD,4700.0,4717.4,4531.6,4596.9,4697.9,45895
2026-09-15,CRIZAC,CRIZAC LIMITED,190.0,192.0,178.12,179.89,186.68,323052
2026-09-15,CROMPTON,CROMPT GREA CON ELEC LTD,231.0,231.6,226.11,226.15,231.0,1492514
2026-09-15,CROWN,CROWN LIFTERS LIMITED,113.67,114.5,106.05,106.83,112.55,7616
2026-09-15,CSBBANK,CSB BANK LIMITED,303.25,307.15,295.0,296.35,305.7,496189
2026-09-15,CSLFINANCE,CSL FINANCE LIMITED,219.38,223.13,215.02,215.37,220.98,78193
2026-09-15,CSM,CSM TECHNOLOGIES LIMITED,83.44,95.0,81.59,89.85,83.44,1303153
2026-09-15,CUBEXTUB,CUBEX TUBINGS LTD,76.0,76.72,74.8,75.08,77.1,50132
2026-09-15,CUMMINSIND,CUMMINS INDIA LTD,5070.0,5121.5,4874.0,4874.0,5070.0,304824
2026-09-15,CUPID,CUPID LIMITED,280.55,286.85,279.0,284.4,280.0,10885946
2026-09-15,CURAA,CURA TECHNOLOGIES LIMITED,79.0,79.0,75.0,75.5,79.61,419
2026-09-15,CYIENTDLM,CYIENT DLM LIMITED,910.0,924.6,874.0,882.7,904.4,468701
2026-09-15,CYIENT,CYIENT LIMITED,1076.6,1107.2,1065.6,1078.9,1059.4,857646
2026-09-15,DLINKINDIA,D-LINK INDIA LTD,436.0,436.0,414.3,417.05,434.25,110182
2026-09-15,DPABHUSHAN,D. P. ABHUSHAN LIMITED,1344.8,1359.9,1330.0,1337.5,1340.6,18910
2026-09-15,DBCORP,D.B.CORP LTD,191.74,191.74,184.0,184.73,190.79,119959
2026-09-15,DABUR,DABUR INDIA LTD,379.0,390.95,376.75,384.9,376.0,9936721
2026-09-15,DALBHARAT,DALMIA BHARAT LIMITED,1746.6,1754.0,1682.0,1687.4,1746.6,56698
2026-09-15,DALMIASUG,DALMIA BHARAT SUG IN LTD,415.0,416.55,396.0,398.2,417.35,191352
2026-09-15,DAMCAPITAL,DAM CAPITAL ADVISORS LTD,142.98,144.09,138.05,138.93,142.43,215682
2026-09-15,DANGEE,DANGEE DUMS LIMITED,2.75,2.94,2.75,2.78,2.75,85525
2026-09-15,DATAPATTNS,DATA PATTERNS INDIA LTD,4829.0,4829.0,4306.0,4358.8,4829.2,1100262
2026-09-15,DATAMATICS,DATAMATICS GLOBAL SER LTD,764.5,857.5,755.5,766.25,760.2,1393528
2026-09-15,DAVANGERE,DAVANGERE SUGAR COMPANY L,2.27,2.31,2.2,2.24,2.1,38601423
2026-09-15,DCI,DC INFOTECH AND COMUN LTD,272.0,295.0,251.15,264.7,271.7,4004396
2026-09-15,DCBBANK,DCB BANK LIMITED,226.23,228.94,220.81,221.89,226.37,845015
2026-09-15,DCMFINSERV,DCM FINANCIAL SERVICES LT,5.07,5.45,4.78,5.0,5.07,16937
2026-09-15,DCM,DCM LTD,77.25,79.75,75.4,76.42,75.0,18824
2026-09-15,DCMNVL,DCM NOUVELLE LIMITED,180.0,180.0,172.5,172.6,178.77,11960
2026-09-15,DCMSRIND,DCM SHRIRAM IND LTD,41.1,41.1,38.16,38.56,40.56,241420
2026-09-15,DCMSIL,DCM SHRIRAM INTERNATNL L,72.0,73.79,68.03,69.25,71.04,117329
2026-09-15,DCMSHRIRAM,DCM SHRIRAM LIMITED,996.0,1004.0,985.0,994.1,1000.0,54350
2026-09-15,DCW,DCW LTD,46.72,46.84,44.5,44.72,46.63,962522
2026-09-15,DCXINDIA,DCX SYSTEMS LIMITED,167.6,168.7,160.0,161.62,166.63,430267
2026-09-15,DDEVPLSTIK,DDEV PLASTIKS IND LTD,256.7,257.7,250.0,250.65,256.8,77123
2026-09-15,DENORA,DE NORA INDIA LIMITED,820.0,820.0,792.0,812.95,798.45,2684
2026-09-15,DECCANCE,DECCAN CEMENTS LIMITED,581.0,599.65,561.55,566.05,573.7,84609
2026-09-15,DECNGOLD,DECCAN GOLD MINES LTD.,237.0,238.4,221.25,222.82,229.73,2417752
2026-09-15,DEEDEV,DEE DEVELOPMENT ENG LTD,639.35,644.0,607.4,607.4,639.35,225832
2026-09-15,DEEPINDS,DEEP INDUSTRIES LIMITED,778.4,778.4,724.55,730.4,774.4,492116
2026-09-15,DEEP,DEEP POLYMERS LTD.,47.0,47.77,42.67,45.13,46.08,112049
2026-09-15,DEEPA,DEEPA JEWELLERS LIMITED,185.87,187.62,165.0,169.14,185.86,3282691
2026-09-15,DBEIL,DEEPAK BUILDERS & ENG I L,7.1,7.1,6.52,6.79,7.06,205425
2026-09-15,DEEPAKFERT,DEEPAK FERTILIZERS & PETR,1321.8,1353.0,1277.9,1284.8,1320.4,232642
2026-09-15,DEEPAKNTR,DEEPAK NITRITE LTD,1588.9,1597.9,1556.1,1561.3,1587.8,208902
2026-09-15,DELHIVERY,DELHIVERY LIMITED,439.0,441.85,416.5,420.5,439.0,4661661
2026-09-15,DELTACORP,DELTA CORP LIMITED,54.14,54.53,52.82,53.79,54.15,983195
2026-09-15,DELTAMAGNT,DELTA MANUFACTURING LTD,57.26,57.29,55.2,55.65,55.87,2736
2026-09-15,DEN,DEN NETWORKS LTD,26.98,27.19,26.51,26.62,26.98,260934
2026-09-15,DENTA,DENTA WATER N INFRA SOL L,288.1,291.9,273.0,276.3,287.75,83817
2026-09-15,DEVX,DEV ACCELERATOR LIMITED,34.08,34.6,33.12,33.3,34.05,51741
2026-09-15,DEVIT,DEV INFO TECHNOLOGY LTD,24.35,24.35,23.55,23.8,24.18,25147
2026-09-15,DEVYANI,DEVYANI INTERNATIONAL LTD,138.5,139.95,135.56,136.22,137.97,2125386
2026-09-15,DBOL,DHAMPUR BIO ORGANICS LTD,117.94,121.23,111.0,113.26,118.55,264141
2026-09-15,DHAMPURSUG,DHAMPUR SUGAR MILLS LTD.,164.11,165.0,155.0,156.61,163.59,529298
2026-09-15,DHANBANK,DHANLAXMI BANK LIMITED,31.15,31.3,29.54,29.79,31.15,593184
2026-09-15,DHANUKA,DHANUKA AGRITECH LTD,977.8,980.0,953.0,956.5,980.0,10086
2026-09-15,DHARMAJ,DHARMAJ CROP GUARD LTD,269.5,271.2,264.95,268.25,269.35,39754
2026-09-15,DHATRE,DHATRE UDYOG LTD.,4.4,4.4,4.07,4.29,4.31,12333
2026-09-15,DHOOTTRANS,DHOOT TRANSMISSION LTD,1735.3,1735.3,1555.9,1555.9,1728.7,1966272
2026-09-15,DHRUV,DHRUV CONSULTANCY SER LTD,22.0,22.93,21.5,22.14,21.84,3779
2026-09-15,DHUNINV,DHUNSERI INVESTMENTS LTD,1028.0,1028.0,975.0,978.45,995.0,570
2026-09-15,DVL,DHUNSERI VENTURES LIMITED,286.2,287.9,281.5,282.7,286.2,13896
2026-09-15,DIAMINESQ,DIAMINES & CHEMICALS LTD,263.45,263.45,247.57,251.8,258.27,9661
2026-09-15,DICIND,DIC INDIA LIMITED,602.15,628.7,586.3,593.15,602.1,6058
2026-09-15,DIFFNKG,DIFFUSION ENGINEERS LTD,449.0,459.25,423.25,427.25,449.5,231431
2026-09-15,DGCONTENT,DIGICONTENT LIMITED,23.88,24.66,23.65,23.74,24.12,4109
2026-09-15,DIGIDRIVE,DIGIDRIVE DISTRIBUTORS L,17.17,17.6,17.12,17.58,17.15,14370
2026-09-15,DIGISPICE,DIGISPICE TECHNOLOGIES LT,17.68,17.68,16.12,16.33,16.87,161772
2026-09-15,DIGITIDE,DIGITIDE SOLUTIONS LTD,89.4,89.66,84.1,85.06,88.75,220676
2026-09-15,DIGJAMLMTD,DIGJAM LTD,68.79,70.93,65.0,65.0,68.42,123964
2026-09-15,DNAMEDIA,DILIGENT MEDIA CORP LTD.,2.56,2.66,2.48,2.5,2.51,16001
2026-09-15,DBL,DILIP BUILDCON LIMITED,405.0,409.0,395.6,399.6,403.35,222795
2026-09-15,DISAQ,DISA INDIA LTD.,11775.0,11919.0,11500.0,11677.0,11688.0,295
2026-09-15,DISHTV,DISH TV INDIA LTD.,2.59,2.62,2.57,2.62,2.5,1142262
2026-09-15,DCAL,DISHMAN CARBO AMCIS LTD,174.99,177.57,160.77,163.16,167.25,903157
2026-09-15,DIVGIITTS,DIVGI TORQTRANSFER SYST L,1192.9,1199.9,1101.0,1106.3,1188.3,113571
2026-09-15,DIVISLAB,DIVI S LABORATORIES LTD,9367.5,9397.5,9118.5,9198.0,9322.0,380826
2026-09-15,DIXON,DIXON TECHNO (INDIA) LTD,13490.0,13575.0,13093.0,13180.0,13425.0,431603
2026-09-15,DJML,DJ MEDIAPRINT & LOG LTD,82.97,83.59,76.64,78.66,82.39,92791
2026-09-15,DLF,DLF LIMITED,644.5,647.15,620.85,620.85,644.5,3668098
2026-09-15,DMCC,DMCC SPECIALITY CHEMICALS,290.0,290.0,263.5,265.5,287.55,109990
2026-09-15,DODLA,DODLA DAIRY LIMITED,1078.1,1094.5,1067.1,1080.3,1090.8,23425
2026-09-15,DOLATALGO,DOLAT ALGOTECH LIMITED,69.82,69.82,68.01,68.25,69.32,126104
2026-09-15,DOLLAR,DOLLAR INDUSTRIES LIMITED,276.9,276.9,261.05,262.95,273.55,46906
2026-09-15,DOLLEX,DOLLEX AGROTECH LIMITED,39.0,39.0,37.0,37.4,38.45,53119
2026-09-15,DOLPHIN,DOLPHIN OFF ENT (IND) L,663.0,685.0,644.1,651.05,649.0,52528
2026-09-15,DOMS,DOMS INDUSTRIES LIMITED,2125.1,2143.8,2103.0,2120.4,2121.0,19480
2026-09-15,DONEAR,DONEAR IND. LIMITED,85.03,85.03,82.26,82.46,85.03,15977
2026-09-15,AGARWALEYE,DR AGARWALS HEALTH CARE L,510.0,511.0,494.85,502.05,508.4,195769
2026-09-15,DRAGARWQ,DR. AGARWAL'S EYE HOSP L,5311.0,5420.0,5105.5,5137.0,5306.5,1747
2026-09-15,LALPATHLAB,DR. LAL PATH LABS LTD.,1907.0,1921.0,1885.5,1906.4,1909.0,171214
2026-09-15,DRREDDY,DR. REDDY S LABORATORIES,1163.7,1168.5,1141.0,1145.0,1165.5,1810974
2026-09-15,DRCSYSTEMS,DRC SYSTEMS INDIA LIMITED,13.11,13.11,12.72,12.75,12.92,32134
2026-09-15,DREAMFOLKS,DREAMFOLKS SERVICES LTD,65.69,69.25,65.5,66.76,66.12,74003
2026-09-15,DREDGECORP,DREDGING CORP OF INDIA,1047.0,1047.0,985.1,994.0,1039.7,75067
2026-09-15,KEEPLEARN,DSJ KEEP LEARNING LTD,1.89,1.92,1.83,1.89,1.89,13270
2026-09-15,LIQUIDETF,DSP LIQUID ETF,1000.0,1000.01,999.99,999.99,1000.0,112514
2026-09-15,BANK10ADD,DSPAMC - BANK10ADD,16.73,16.73,16.38,16.45,16.65,37455
2026-09-15,BANKADD,DSPAMC - DSPBANK,58.5,58.5,57.23,57.51,58.09,16276
2026-09-15,GOLDADD,DSPAMC - DSPGOLD,14.71,14.71,14.5,14.5,14.71,4200093
2026-09-15,ITADD,DSPAMC - DSPIT,31.7,32.28,31.35,31.44,30.75,131176
2026-09-15,EQUAL50ADD,DSPAMC - DSPNEWETF,335.86,337.0,330.0,330.63,334.19,78106
2026-09-15,NIFTYADD,DSPAMC - DSPNIFTY,244.42,248.12,244.42,244.69,246.89,14910
2026-09-15,PSUBANKADD,DSPAMC - DSPPSBKETF,84.34,84.5,82.51,82.69,84.34,58726
2026-09-15,PVTBANKADD,DSPAMC - DSPPVBKETF,27.97,28.02,27.26,27.64,27.89,409732
2026-09-15,MIDQ50ADD,DSPAMC - DSPQ50ETF,24.33,24.5,24.0,24.12,24.33,101598
2026-09-15,SENSEXADD,DSPAMC - DSPSENXETF,77.59,77.59,76.62,76.77,77.35,5048
2026-09-15,SILVERADD,DSPAMC - DSPSILVETF,21.8,21.85,21.55,21.61,21.82,5796850
2026-09-15,FLEXIADD,DSPAMC - FLEXIADD,9.91,9.99,9.65,9.67,9.77,585333
2026-09-15,FMCGADD,DSPAMC - FMCGADD,45.74,46.98,45.25,45.65,45.52,31238
2026-09-15,GSEC10ADD,DSPAMC - GSEC10ADD,27.0,27.0,24.32,26.3,27.0,519
2026-09-15,HEALTHADD,DSPAMC - HEALTHADD,16.5,16.76,16.45,16.5,16.68,66843
2026-09-15,LIQUIDADD,DSPAMC - LIQUIDADD,1144.73,1144.76,1144.73,1144.75,1144.6,703069
2026-09-15,MIDBANKADD,DSPAMC - MIDBANKADD,17.32,17.32,17.01,17.07,17.39,536738
2026-09-15,MIDCAPADD,DSPAMC - MIDCAPADD,22.9,22.92,22.32,22.47,22.89,33965
2026-09-15,MSCIADD,DSPAMC - MSCIADD,28.91,28.91,28.56,28.56,28.92,1208
2026-09-15,NEXT30ADD,DSPAMC - NEXT30ADD,42.6,42.6,41.47,41.59,42.39,4424
2026-09-15,NEXT50ADD,DSPAMC - NEXT50ADD,72.78,72.78,70.71,70.86,72.78,114949
2026-09-15,SMALLADD,DSPAMC - SMALLADD,18.48,18.5,18.02,18.11,18.48,90981
2026-09-15,TOP10ADD,DSPAMC - TOP10ADD,86.55,86.7,85.25,85.39,85.56,826254
2026-09-15,DUCON,DUCON INFRATECHNOLOGIES L,1.8,1.81,1.52,1.59,1.78,3110461
2026-09-15,DWARKESH,DWARIKESH SUGAR IND LTD,45.1,45.15,41.51,41.72,44.74,3030956
2026-09-15,DSSL,DYNACONS SYS & SOLN LTD,1075.0,1104.7,1027.6,1034.4,1059.1,38862
2026-09-15,DYNAMATECH,DYNAMATIC TECHNOLOGIES,12201.0,12277.0,11925.0,12071.0,12097.0,22745
2026-09-15,DYCL,DYNAMIC CABLES LIMITED,459.0,459.75,430.2,432.6,455.45,406393
2026-09-15,DYNPRO,DYNEMIC PRODUCTS LIMITED,232.18,234.9,226.91,227.94,232.18,20261
2026-09-15,EASTWEST,EAST WEST FREIGHT CARRI L,2.38,2.38,2.3,2.3,2.36,21580
2026-09-15,EASEMYTRIP,EASY TRIP PLANNERS LTD,5.83,5.93,5.77,5.78,5.83,14324287
2026-09-15,ECLERX,ECLERX SERVICES LTD,1890.8,1968.8,1885.0,1894.8,1899.6,202420
2026-09-15,ECORECO,ECO RECYCLING LTD.,444.0,444.0,424.0,427.4,435.5,6437
2026-09-15,ECOSMOBLTY,ECOS (INDIA) MOB & HOSP L,112.47,112.91,106.0,107.47,111.68,96779
2026-09-15,BBETF0432,EDELAMC - BBETF0432,1343.65,1343.66,1338.0,1340.38,1350.41,680
2026-09-15,EBANK10,EDELAMC - EBANK10,16.56,16.56,16.26,16.26,16.45,260
2026-09-15,EBANKNIFTY,EDELAMC - EBANKNIFTY,56.94,57.29,56.39,56.49,56.94,1851
2026-09-15,EBBETF0430,EDELAMC - EBBETF0430,1614.9,1614.9,1600.0,1603.74,1608.01,9077
2026-09-15,EBBETF0431,EDELAMC - EBBETF0431,1432.0,1439.82,1420.61,1425.49,1432.97,8761
2026-09-15,EBBETF0433,EDELAMC - EBBETF0433,1307.01,1312.52,1304.01,1305.8,1308.54,3976
2026-09-15,ECAPINSURE,EDELAMC - ECAPINSURE,23.64,23.65,22.88,22.95,23.35,164338
2026-09-15,EGOLD,EDELAMC - EGOLD,150.8,150.8,147.55,149.65,151.05,53334
2026-09-15,ELIQUID,EDELAMC - ELIQUID,1047.74,1047.74,1047.72,1047.72,1047.59,26313
2026-09-15,ELM250,EDELAMC - ELM250,16.42,16.45,15.8,16.0,16.31,178808
2026-09-15,ELMDIV,EDELAMC - ELMDIV,36.0,36.5,35.21,36.4,36.26,1456
2026-09-15,EMETAL,EDELAMC - EMETAL,13.35,13.35,12.7,12.74,13.06,14974
2026-09-15,EMULTIMQ,EDELAMC - EMULTIMQ,42.05,42.05,40.35,40.58,41.85,40554
2026-09-15,ENEXT50,EDELAMC - ENEXT50,72.37,72.57,70.0,70.0,72.21,952
2026-09-15,ENIFTY,EDELAMC - ENIFTY,24.22,24.22,23.03,23.43,23.63,7916
2026-09-15,ESENSEX,EDELAMC - ESENSEX,76.58,76.58,74.69,75.4,75.52,149
2026-09-15,ESILVER,EDELAMC - ESILVER,225.5,227.16,223.3,224.0,226.52,23787
2026-09-15,EDELWEISS,EDELWEISS FIN SERV LTD,133.0,133.14,125.1,127.4,132.43,9385808
2026-09-15,EFCIL,EFC (I) LIMITED,185.85,187.78,180.45,182.64,185.18,171436
2026-09-15,EICHERMOT,EICHER MOTORS LTD,7567.5,7570.5,7440.0,7452.5,7530.0,353472
2026-09-15,EIDPARRY,EID PARRY INDIA LTD,721.0,721.0,700.05,702.75,721.05,339905
2026-09-15,EIHAHOTELS,EIH ASSOCIATED HOTELS LTD,289.4,292.05,280.1,281.3,287.45,20478
2026-09-15,EIHOTEL,EIH LIMITED,286.55,287.9,280.3,283.8,286.45,203168
2026-09-15,EIMCOELECO,EIMCO ELECON (INDIA) LTD,2325.5,2348.8,2233.0,2242.2,2325.5,26475
2026-09-15,EKI,EKI ENERGY SERVICES LTD,69.0,73.98,69.0,69.5,69.28,11049
2026-09-15,ELANTAS,ELANTAS BECK INDIA LTD.,14890.0,14890.0,13125.0,13481.0,14513.0,9233
2026-09-15,ELCIDIN,ELCID INVESTMENTS LTD.,105035.0,105500.0,102210.0,102210.0,106850.0,11
2026-09-15,ELDEHSG,ELDECO HSG & IND LTD.,799.8,815.8,775.0,780.3,783.5,1007
2026-09-15,ELECON,ELECON ENG. CO. LTD,422.6,423.45,412.2,413.5,422.1,171029
2026-09-15,EMIL,ELECTRONICS MART IND LTD,190.49,191.82,183.5,185.06,188.38,1398144
2026-09-15,ELECTCAST,ELECTROSTEEL CASTINGS LTD,77.5,78.2,74.66,75.23,77.62,1365788
2026-09-15,ELECTHERM,ELECTROTHERM (I) LTD.,956.3,988.3,926.5,945.35,956.3,16105
2026-09-15,ELGIEQUIP,ELGI EQUIPMENTS LTD,627.55,641.4,606.8,612.05,617.7,626303
2026-09-15,ELGIRUBCO,ELGI RUBBER CO. LTD,59.7,59.7,55.41,55.83,58.48,47619
2026-09-15,ELIN,ELIN ELECTRONICS LIMITED,91.41,92.49,86.02,87.15,90.96,169405
2026-09-15,ELITECON,ELITECON INTERNATIONAL L,8.48,8.58,8.36,8.57,8.18,12249273
2026-09-15,ELLEN,ELLENBARRIE INDUS GASES L,382.05,382.45,351.1,355.1,380.2,1197962
2026-09-15,ELPROINTL,ELPRO INTERNATIONAL LTD,173.5,174.89,171.9,172.85,173.24,17260
2026-09-15,EMAMILTD,EMAMI LIMITED,374.0,382.65,371.2,373.7,363.8,2883728
2026-09-15,EMAMIREAL,EMAMI REALTY LIMITED,68.1,69.9,67.05,67.45,69.8,5992
2026-09-15,EMBDL,EMBASSY DEVELOPMENTS LTD,55.32,56.38,53.9,55.01,55.28,3033004
2026-09-15,EMCURE,EMCURE PHARMACEUTICALS L,1977.0,2014.3,1974.0,1993.0,1978.9,239137
2026-09-15,EMKAY,EMKAY GLOBAL FIN SERV LTD,254.0,254.45,240.0,241.45,250.9,26566
2026-09-15,EMMVEE,EMMVEE PHOTOVOLTAIC PWR L,346.0,349.7,322.45,328.55,346.0,2890305
2026-09-15,EMPIND,EMPIRE INDUSTRIES LTD.,1049.0,1056.0,1020.1,1038.3,1054.0,3778
2026-09-15,EMPOWER,EMPOWER INDIA LTD.,2.34,2.39,2.32,2.38,2.28,20036776
2026-09-15,EMSLIMITED,EMS LIMITED,387.0,387.0,371.05,373.95,383.1,200788
2026-09-15,EMUDHRA,EMUDHRA LIMITED,535.0,592.85,531.0,592.85,494.05,1550701
2026-09-15,ENDURANCE,ENDURANCE TECHNO. LTD.,2692.6,2710.0,2609.8,2614.6,2692.6,45517
2026-09-15,ENERGYDEV,ENERGY DEVE. CO.LTD,14.72,15.5,14.14,14.27,14.92,50557
2026-09-15,ENGINERSIN,ENGINEERS INDIA LTD,270.0,273.0,261.6,262.45,268.95,2408462
2026-09-15,ENKEIWHEL,ENKEI WHEELS (INDIA) LTD.,412.95,413.0,394.6,398.55,399.0,2736
2026-09-15,ENTERO,ENTERO HEALTHCARE SOLU L,1812.0,1825.4,1730.0,1802.1,1815.4,144363
2026-09-15,ENIL,ENTERTAIN NET. IND. LTD.,103.8,103.8,99.61,100.4,101.24,9593
2026-09-15,EIEL,ENVIRO INFRA ENGINEERS L,207.11,208.25,196.0,196.91,207.11,875481
2026-09-15,EPACK,EPACK DURABLE LIMITED,185.49,186.79,176.72,177.7,185.15,422360
2026-09-15,EPACKPEB,EPACK PREFAB TECHN LTD,244.05,245.65,215.46,221.26,240.44,705316
2026-09-15,EPIGRAL,EPIGRAL LIMITED,1134.8,1136.6,1076.7,1092.2,1131.1,49513
2026-09-15,EPL,EPL LIMITED,240.65,240.8,234.5,235.9,239.3,1961583
2026-09-15,EQUITASBNK,EQUITAS SMALL FIN BNK LTD,73.04,73.55,71.05,71.35,73.15,1749775
2026-09-15,ERIS,ERIS LIFESCIENCES LIMITED,1355.5,1359.9,1300.6,1310.1,1355.5,44182
2026-09-15,ESABINDIA,ESAB INDIA LTD,5860.0,5886.5,5736.5,5751.0,5884.0,5649
2026-09-15,ESCORTS,ESCORTS KUBOTA LIMITED,2895.0,2899.6,2822.2,2835.8,2899.7,49945
2026-09-15,ESDS,ESDS SOFTWARE SOLUTION L,1800.0,1827.4,1681.0,1824.7,1740.4,6742443
2026-09-15,ESSARSHPNG,ESSAR SHIPPING LTD,16.31,17.15,15.61,15.76,16.31,184779
2026-09-15,ESTER,ESTER INDUSTRIES LTD,90.53,93.85,86.2,87.03,89.89,59979
2026-09-15,ETERNAL,ETERNAL LIMITED,327.5,327.95,314.65,315.25,323.5,12538697
2026-09-15,ETHOSLTD,ETHOS LIMITED,2646.0,2660.0,2567.5,2574.1,2635.4,26476
2026-09-15,EUREKAFORB,EUREKA FORBES LIMITED,394.25,405.4,389.55,394.3,394.15,97508
2026-09-15,EUROBOND,EURO PANEL PRODUCTS LTD,146.21,149.99,146.0,146.98,150.46,2050
2026-09-15,EUROPRATIK,EURO PRATIK SALES LIMITED,249.4,250.05,238.0,240.5,245.7,231445
2026-09-15,EVEREADY,EVEREADY INDS. IND.  LTD.,362.95,362.95,329.6,336.75,363.0,204803
2026-09-15,EKC,EVEREST KANTO CYLINDERLTD,101.8,102.39,98.1,98.8,101.8,215796
2026-09-15,EXCELINDUS,EXCEL INDUSTRIES LTD,990.6,1002.9,959.8,965.7,980.8,12066
2026-09-15,EXCELSOFT,EXCELSOFT TECHNOLOGIES L,81.05,84.7,76.15,77.63,81.03,2340141
2026-09-15,EXICOM,EXICOM TELE SYSTEMS LTD,183.2,184.34,167.0,168.43,182.28,1644397
2026-09-15,EXIDEIND,EXIDE INDUSTRIES LTD,412.65,417.95,405.1,409.2,412.65,1537472
2026-09-15,EXPLEOSOL,EXPLEO SOLUTIONS LIMITED,891.0,914.0,860.0,862.6,889.5,33126
2026-09-15,EXXARO,EXXARO TILES LIMITED,6.38,6.48,6.2,6.35,6.38,241706
2026-09-15,FABTECH,FABTECH TECHNOLOGIES LTD,148.07,148.6,145.21,146.3,147.02,95273
2026-09-15,FACT,FACT LTD,780.15,785.15,751.4,754.55,779.6,118792
2026-09-15,FAZE3Q,FAZE THREE LIMITED,489.45,491.45,465.0,467.85,489.45,16501
2026-09-15,FCSSOFT,FCS SOFTWARE SOLN. LTD.,1.46,1.47,1.42,1.42,1.44,1322981
2026-09-15,FDC,FDC LIMITED,340.0,354.85,339.75,349.7,341.45,470213
2026-09-15,FEDFINA,FEDBANK FINANCIAL SER L,158.6,160.04,152.82,153.51,158.53,598566
2026-09-15,FEDDERSHOL,FEDDERS HOLDING LTD.,49.65,49.9,49.01,49.14,48.51,1540025
2026-09-15,FEDERALBNK,FEDERAL BANK LTD,344.45,344.5,339.45,343.0,344.5,3090047
2026-09-15,FMGOETZE,FEDERAL-MOGUL GOETZE (IND,466.25,466.4,441.0,445.65,461.0,274593
2026-09-15,FERMENTA,FERMENTA BIOTECH LTD.,478.0,479.0,468.0,471.0,474.65,59767
2026-09-15,FIBERWEB,FIBERWEB INDIA LIMITED,27.1,27.98,25.56,25.63,27.1,17411
2026-09-15,FIEMIND,FIEM INDUSTRIES LIMITED,2013.9,2020.0,1931.0,1938.1,2009.5,61058
2026-09-15,FILATFASH,FILATEX FASHIONS LIMITED,0.18,0.19,0.18,0.18,0.18,17462471
2026-09-15,FILATEX,FILATEX INDIA LTD,89.5,91.3,80.05,82.41,87.41,8356838
2026-09-15,FINEORG,FINE ORGANIC IND. LTD.,5160.5,5167.5,5081.0,5153.5,5167.5,18010
2026-09-15,FCL,FINEOTEX CHEMICAL LIMITED,58.0,58.39,52.25,53.88,57.72,29470137
2026-09-15,FINKURVE,FINKURVE FINANCIAL SERV L,75.0,76.83,70.3,72.68,72.49,389220
2026-09-15,FINOPB,FINO PAYMENTS BANK LTD,141.0,141.96,137.03,137.73,139.83,136375
2026-09-15,FINCABLES,FINOLEX CABLES LTD,1420.0,1421.6,1326.4,1339.9,1424.0,1266116
2026-09-15,FINPIPE,FINOLEX INDUSTRIES LTD,153.67,154.43,150.51,151.33,153.45,428132
2026-09-15,FSL,FIRSTSOURCE SOLU. LTD.,250.15,292.0,250.15,283.35,247.6,33931358
2026-09-15,FISCHER,FISCHER MEDICAL VENTURE L,35.95,35.98,33.7,34.02,35.87,300708
2026-09-15,FIVESTAR,FIVE-STAR BUS FIN LTD,558.0,558.0,536.35,541.95,551.05,513721
2026-09-15,FLAIR,FLAIR WRITING INDUST LTD,238.2,244.65,232.02,233.73,236.08,69539
2026-09-15,FOODSIN,FOODS & INNS LIMITED,55.23,55.23,53.02,53.49,55.23,50438
2026-09-15,FORCEMOT,FORCE MOTORS LIMITED,17710.0,17785.0,17200.0,17245.0,17705.0,68042
2026-09-15,FORTIS,FORTIS HEALTHCARE LTD,894.0,896.55,875.2,880.1,887.8,842800
2026-09-15,FOSECOIND,FOSECO INDIA LTD,6277.5,6367.5,6100.0,6223.5,6194.5,11949
2026-09-15,FRACTAL,FRACTAL ANALYTICS LIMITED,765.95,780.0,743.1,748.1,764.45,404374
2026-09-15,FREDUN,FREDUN PHARMACEUTICALS L,1424.7,1424.7,1308.1,1327.9,1412.2,66072
2026-09-15,FRONTSP,FRONTIER SPRINGS LTD.,1240.0,1247.0,1195.4,1226.6,1240.0,19127
2026-09-15,NYKAA,FSN E COMMERCE VENTURES,345.4,346.15,336.2,336.2,344.5,2338555
2026-09-15,UTLSOLAR,FUJIYAMA POWER SYSTEMS L,445.0,447.8,419.05,421.9,447.8,342061
2026-09-15,FUSION,FUSION FINANCE LIMITED,189.9,193.68,187.45,188.18,189.72,495689
2026-09-15,FMNL,FUTURE MKT NETWORKS LTD,9.65,9.65,8.97,9.09,9.43,45720
2026-09-15,GMBREW,G M BREWERIES LTD,910.0,914.0,901.6,905.7,910.9,19543
2026-09-15,GRINFRA,G R INFRAPROJECTS LIMITED,855.8,857.5,832.0,838.15,855.8,11367
2026-09-15,GTECJAINX,G-TEC JAINX EDUCATION LTD,24.8,29.31,24.8,29.31,26.65,20231
2026-09-15,GABRIEL,GABRIEL INDIA LTD,1347.1,1383.5,1292.0,1300.5,1346.4,212338
2026-09-15,GAIL,GAIL (INDIA) LTD,173.62,173.82,169.73,170.88,173.62,6202446
2026-09-15,GAJA,GAJA ALT ASSET MGT LTD,152.61,153.09,141.2,142.55,152.6,792538
2026-09-15,GALAPREC,GALA PRECISION ENG LTD,1038.6,1051.0,985.0,992.1,1031.0,25832
2026-09-15,GALAXYSURF,GALAXY SURFACTANTS LTD,2187.2,2198.9,2100.0,2127.3,2187.3,22677
2026-09-15,GALLANTT,GALLANTT ISPAT LIMITED,546.9,548.75,531.0,534.65,546.4,75010
2026-09-15,GANDHAR,GANDHAR OIL REFINE IND L,274.2,275.85,257.8,260.45,272.7,886074
2026-09-15,GANDHITUBE,GANDHI SPL. TUBES LTD,887.75,887.75,870.05,871.2,887.75,3736
2026-09-15,GANESHCP,GANESH CONSUMER PRODUCT L,168.41,168.54,163.25,163.79,167.36,70307
2026-09-15,GANESHHOU,GANESH HOUSING LIMITED,755.4,764.0,741.3,745.1,763.4,26112
2026-09-15,GANECOS,GANESHA ECOSPHERE LIMITED,1005.0,1024.8,993.0,1007.0,1013.3,80714
2026-09-15,GANGAFORGE,GANGA FORGING LIMITED,1.59,1.65,1.56,1.63,1.58,5791282
2026-09-15,GANGESSECU,GANGES SECURITIES LIMITED,116.36,116.89,113.12,113.52,115.11,355
2026-09-15,GRSE,GARDEN REACH SHIP&ENG LTD,2434.5,2437.6,2350.0,2358.8,2427.5,270785
2026-09-15,GARUDA,GARUDA CONSTRUCT N ENG L,182.9,184.17,175.0,176.05,181.9,384253
2026-09-15,GRWRHITECH,GARWARE HI-TECH FILMS LTD,6921.0,6930.0,6566.0,6603.5,6921.5,31955
2026-09-15,GARFIBRES,GARWARE TECH FIBRES LTD,798.4,799.3,780.05,785.5,795.7,70578
2026-09-15,GATEWAY,GATEWAY DISTRIPARKS LTD,53.5,54.0,52.35,52.49,53.35,543148
2026-09-15,GAUDIUMIVF,GAUDIUM IVF N WOMEN H L,119.8,125.5,113.6,114.42,117.75,217265
2026-09-15,GAYAHWS,GAYATRI HIGHWAYS LIMITED,1.95,1.95,1.86,1.88,1.92,169792
2026-09-15,GAYAPROJ,GAYATRI PROJECTS LTD,27.28,27.33,24.73,26.15,26.03,3617474
2026-09-15,GVPIL,GE POWER INDIA LIMITED,648.0,656.95,620.05,620.05,652.65,211646
2026-09-15,GVT&D,GE VERNOVA T&D INDIA LTD,4520.0,4520.0,4191.6,4246.9,4548.1,1106490
2026-09-15,GEEKAYWIRE,GEEKAY WIRES LIMITED,27.84,31.72,27.84,29.34,27.83,463841
2026-09-15,GEMAROMA,GEM AROMATICS LIMITED,160.87,163.45,157.12,158.08,160.87,100204
2026-09-15,GICRE,GENERAL INS CORP OF INDIA,350.0,350.2,337.1,338.2,349.4,370114
2026-09-15,GENCON,GENERIC ENG CONS PROJ LTD,41.31,41.8,39.25,39.67,41.01,240268
2026-09-15,GENESYS,GENESYS INTL CORPN LTD,307.0,314.49,280.19,285.51,307.81,945103
2026-09-15,GENUSPAPER,GENUS P&B LIMITED,11.83,12.4,11.25,11.38,12.04,197130
2026-09-15,GENUSPOWER,GENUS POWER INFRASTRU LTD,323.95,325.3,301.1,306.5,323.1,1644408
2026-09-15,GEOJITFSL,GEOJIT FINANCIAL SER L,79.22,79.99,76.6,77.27,78.6,214765
2026-09-15,GFLLIMITED,GFL LIMITED,58.27,58.27,54.19,54.69,58.27,88311
2026-09-15,GHCL,GHCL LIMITED,422.15,430.0,422.0,423.15,421.15,100745
2026-09-15,GHCLTEXTIL,GHCL TEXTILES LIMITED,131.8,132.08,118.11,119.62,130.76,1302642
2026-09-15,GICHSGFIN,GIC HOUSING FINANCE LTD,136.11,137.5,134.5,134.89,136.84,50826
2026-09-15,GILLANDERS,GILLANDERS ARBUTHNOT LTD,109.0,109.0,101.02,102.91,103.58,3729
2026-09-15,GILLETTE,GILLETTE INDIA LTD,7310.0,7321.0,7207.0,7248.5,7307.0,11161
2026-09-15,GKENERGY,GK ENERGY LIMITED,127.71,127.85,122.28,123.57,127.85,220707
2026-09-15,GKB,GKB OPHTHALMICS LTD.,64.79,67.44,64.79,67.42,64.79,340
2026-09-15,GKWLIMITED,GKW LIMITED,1589.8,1599.0,1551.0,1554.0,1584.8,423
2026-09-15,GLAND,GLAND PHARMA LIMITED,2930.0,2940.0,2856.9,2895.5,2922.3,497958
2026-09-15,GLAXO,GLAXOSMITHKLINE PHARMA LT,2814.9,2840.8,2775.8,2818.9,2828.4,39814
2026-09-15,GLENMARK,GLENMARK PHARMACEUTICALS,2420.8,2429.8,2346.6,2371.7,2419.2,275789
2026-09-15,GLOBAL,GLOBAL EDUCATION LIMITED,128.0,128.09,123.11,126.23,126.91,86903
2026-09-15,MEDANTA,GLOBAL HEALTH LIMITED,1454.0,1464.6,1410.0,1418.1,1447.2,65507
2026-09-15,GSLSU,GLOBAL SURFACES LIMITED,28.98,29.66,27.71,28.0,28.25,84868
2026-09-15,GLOBALVECT,GLOBAL VEC HELICORP LTD,136.0,136.0,129.0,129.84,132.17,7660
2026-09-15,GLOBALE,GLOBALE TESSILE LIMITED,11.49,11.89,11.01,11.7,11.38,2350
2026-09-15,GLOBECIVIL,GLOBE CIVIL PROJECTS LTD,44.19,46.29,42.23,43.5,44.21,83670
2026-09-15,GLOBE,GLOBE ENTERPRISE (I) LTD,1.81,1.85,1.76,1.76,1.81,241250
2026-09-15,GLOBUSSPR,GLOBUS SPIRITS LTD,839.9,843.55,810.25,820.55,839.75,116617
2026-09-15,GLOSTERLTD,GLOSTER LIMITED,575.5,588.0,575.0,575.1,583.1,2489
2026-09-15,GLOTTIS,GLOTTIS LIMITED,58.0,59.42,58.0,59.03,59.04,26442
2026-09-15,GMMPFAUDLR,GMM PFAUDLER LIMITED,1325.0,1384.8,1323.7,1348.0,1307.9,1157001
2026-09-15,GMRAIRPORT,GMR AIRPORTS LIMITED,98.0,98.28,92.92,92.97,97.98,10370386
2026-09-15,GMRP&UI,GMR POW AND URBAN INFRA L,93.55,94.38,90.0,90.35,94.07,813767
2026-09-15,GNA,GNA AXLES LIMITED,555.0,555.0,527.25,532.6,551.1,183815
2026-09-15,EBGNG,GNG ELECTRONICS LIMITED,690.0,712.0,666.1,671.45,679.65,1306597
2026-09-15,GODIGIT,GO DIGIT GENERAL INS LTD,257.4,257.4,251.0,251.5,256.2,89335
2026-09-15,GOCOLORS,GO FASHION INDIA LTD,325.05,328.05,301.25,304.9,324.75,186618
2026-09-15,GOACARBON,GOA CARBON LIMITED,415.0,418.0,382.2,384.9,413.4,48024
2026-09-15,GOCLCORP,GOCL CORPORATION LIMITED,444.15,448.0,432.05,435.65,441.55,209907
2026-09-15,GODAVARIB,GODAVARI BIOREFINERIES L,233.65,236.89,225.02,226.63,233.65,65919
2026-09-15,GPIL,GODAWARI POW & ISP LTD,244.95,245.51,235.2,237.16,244.45,1827411
2026-09-15,GODFRYPHLP,GODFREY PHILLIPS INDIA LT,1931.0,1957.0,1900.0,1915.0,1927.0,153558
2026-09-15,GODREJAGRO,GODREJ AGROVET LIMITED,679.05,683.0,643.0,645.3,675.85,210484
2026-09-15,GODREJCP,GODREJ CONSUMER PRODUCTS,867.0,877.0,856.6,857.0,865.0,1176819
2026-09-15,GODREJIND,GODREJ INDUSTRIES LTD,1126.7,1137.8,1100.1,1104.0,1126.8,51244
2026-09-15,GODREJPROP,GODREJ PROPERTIES LTD,1754.0,1759.7,1657.4,1659.3,1748.0,1071741
2026-09-15,GOKEX,GOKALDAS EXPORTS LTD.,784.25,785.3,738.55,743.3,785.5,222959
2026-09-15,GOKULAGRO,GOKUL AGRO RESOURCES LTD,226.18,226.89,218.0,218.69,226.76,250526
2026-09-15,GOKUL,GOKUL REFOILS & SOLV LTD,42.03,42.03,39.51,39.92,42.03,194895
2026-09-15,GOLDIAM,GOLDIAM INTERNATIONAL LTD,329.0,340.9,322.0,324.15,325.0,797777
2026-09-15,GOODLUCK,GOODLUCK INDIA LIMITED,520.0,528.7,513.35,519.15,516.85,708900
2026-09-15,GOODYEAR,GOODYEAR INDIA LIMITED,722.5,726.95,709.8,712.95,722.05,2756
2026-09-15,GOPAL,GOPAL SNACKS LIMITED,256.25,259.95,248.1,249.3,257.35,99187
2026-09-15,GOYALALUM,GOYAL ALUMINIUMS LIMITED,5.82,5.99,5.81,5.93,6.01,79378
2026-09-15,GPTHEALTH,GPT HEALTHCARE LIMITED,158.2,161.26,155.0,159.45,159.38,140502
2026-09-15,GPTINFRA,GPT INFRAPROJECTS LTD,113.0,113.24,109.25,111.72,112.21,131226
2026-09-15,GRADIENTE,GRADIENTE INFOTAINMENT L,2.54,2.62,2.4,2.46,2.51,732804
2026-09-15,GFSTEELS,GRAND FOUNDRY LTD,21.99,21.99,21.99,21.99,20.95,6049
2026-09-15,GRANDOAK,GRAND OAK CANYONS DIST L,35.5,36.8,33.41,34.89,35.16,6532
2026-09-15,GRANULES,GRANULES INDIA LIMITED,917.0,923.65,872.5,872.6,909.3,2106282
2026-09-15,GRAPHITE,GRAPHITE INDIA LTD,825.5,830.0,776.05,781.5,825.8,1871773
2026-09-15,GRASIM,GRASIM INDUSTRIES LTD,3263.3,3272.0,3171.0,3171.0,3281.9,1332882
2026-09-15,GRAUWEIL,GRAUER & WEIL IND LTD,75.6,77.0,72.8,73.08,75.6,415681
2026-09-15,GRAVISSHO,GRAVISS HOSPITALITY LTD.,46.15,46.97,45.7,46.97,42.7,129348
2026-09-15,GRAVITA,GRAVITA INDIA LIMITED,1678.1,1690.8,1625.0,1639.0,1668.2,126737
2026-09-15,GREAVESCOT,GREAVES COTTON LTD.,192.25,194.08,185.1,187.13,192.25,743150
2026-09-15,GREENLAM,GREENLAM INDUSTRIES LTD.,236.35,236.94,225.0,226.57,234.63,75209
2026-09-15,GREENPANEL,GREENPANEL INDUSTRIES LTD,155.85,155.85,150.25,151.24,153.6,312484
2026-09-15,GREENPLY,GREENPLY INDUSTRIES LTD,295.0,295.0,277.5,280.1,290.25,133626
2026-09-15,GCSL,GRETEX CORPORATE SERVICES,604.75,610.9,588.35,601.55,600.7,1181049
2026-09-15,GRINDWELL,GRINDWELL NORTON LIMITED,1876.4,1885.8,1813.6,1825.9,1885.8,25743
2026-09-15,GRMOVER,GRM OVERSEAS LIMITED,84.5,85.9,82.0,82.7,84.45,1030464
2026-09-15,CEMNTGROWW,GROWWAMC - CEMNTGROWW,14.37,14.48,13.88,13.95,14.37,351863
2026-09-15,GROWWCAPM,GROWWAMC - GROWWCAPM,11.28,11.39,11.06,11.1,11.28,363928
2026-09-15,GROWWCHEM,GROWWAMC - GROWWCHEM,30.47,30.47,28.84,29.24,29.87,61518
2026-09-15,GROWWDEFNC,GROWWAMC - GROWWDEFNC,97.41,97.7,91.54,91.97,97.41,976099
2026-09-15,GROWWEV,GROWWAMC - GROWWEV,31.66,32.87,31.01,31.48,31.91,410821
2026-09-15,GROWWGOLD,GROWWAMC - GROWWGOLD,14.78,14.78,14.57,14.6,14.78,1300210
2026-09-15,GROWWHOSPI,GROWWAMC - GROWWHOSPI,52.58,52.78,51.75,51.92,52.32,451511
2026-09-15,GROWWLIQID,GROWWAMC - GROWWLIQID,110.76,110.76,110.75,110.75,110.74,665002
2026-09-15,GROWWLOVOL,GROWWAMC - GROWWLOVOL,9.95,10.33,9.95,10.11,10.15,13459
2026-09-15,GROWWMC150,GROWWAMC - GROWWMC150,226.11,230.46,224.15,226.5,228.18,1163
2026-09-15,GROWWMETAL,GROWWAMC - GROWWMETAL,12.46,12.64,12.1,12.14,12.45,481451
2026-09-15,GROWWMOM50,GROWWAMC - GROWWMOM50,11.14,11.14,10.62,10.65,11.02,325305
2026-09-15,GROWWN200,GROWWAMC - GROWWN200,11.4,11.4,10.91,10.92,11.13,47350
2026-09-15,GROWWNET,GROWWAMC - GROWWNET,11.18,11.18,10.59,10.7,10.96,698152
2026-09-15,GROWWNIFTY,GROWWAMC - GROWWNIFTY,9.52,9.65,9.35,9.41,9.49,1309024
2026-09-15,GROWWNXT50,GROWWAMC - GROWWNXT50,71.83,72.58,70.61,71.8,71.83,10799
2026-09-15,GROWWPOWER,GROWWAMC - GROWWPOWER,11.59,11.59,10.98,11.02,11.36,3180372
2026-09-15,GROWWPSE,GROWWAMC - GROWWPSE,96.31,99.0,95.7,96.11,98.28,6296
2026-09-15,GROWWPSUBK,GROWWAMC - GROWWPSUBK,84.78,84.78,81.73,82.08,84.03,11159
2026-09-15,GROWWRAIL,GROWWAMC - GROWWRAIL,27.58,27.58,26.71,26.86,27.32,1062100
2026-09-15,GROWWRLTY,GROWWAMC - GROWWRLTY,9.69,9.69,9.16,9.22,9.53,1423895
2026-09-15,GROWWSC250,GROWWAMC - GROWWSC250,10.69,10.72,10.36,10.38,10.64,240576
2026-09-15,GROWWSLVR,GROWWAMC - GROWWSLVR,22.03,22.21,21.92,22.0,22.2,1709364
2026-09-15,PVTBKGROWW,GROWWAMC - PVTBKGROWW,27.95,27.95,27.0,27.3,27.43,17868
2026-09-15,SMALLGROWW,GROWWAMC - SMALLGROWW,49.95,50.08,47.67,47.85,49.55,12495
2026-09-15,GRPLTD,GRP LIMITED,1925.1,2050.0,1925.1,2046.2,1925.1,20058
2026-09-15,GSPCROP,GSP CROP SCIENCE LIMITED,471.25,486.45,465.0,472.35,471.25,389136
2026-09-15,GSS,GSS INFOTECH LIMITED,10.48,10.48,9.96,10.22,10.19,64657
2026-09-15,GTLINFRA,GTL INFRA.LTD,1.16,1.17,1.12,1.13,1.16,39824241
2026-09-15,GTL,GTL LTD,7.24,7.24,7.07,7.08,7.24,147661
2026-09-15,GTPL,GTPL HATHWAY LIMITED,60.7,60.7,57.3,57.83,59.81,88762
2026-09-15,GUFICBIO,GUFIC BIOSCIENCES LTD.,425.0,431.9,418.0,425.1,425.1,60589
2026-09-15,GIPCL,GUJ IND POW CO. LTD,199.5,200.5,187.0,188.31,199.72,638722
2026-09-15,GNFC,GUJ NAR VAL FER & CHEM L,564.2,564.3,540.0,540.6,562.4,486266
2026-09-15,GSFC,GUJ STATE FERT & CHEM LTD,155.8,156.5,150.85,151.55,155.95,1068484
2026-09-15,GUJAPOLLO,GUJ. APOLLO IND. LTD.,340.25,346.4,334.75,340.85,348.1,126274
2026-09-15,GUJALKALI,GUJARAT ALKALIES & CHEM,710.15,727.5,681.3,692.7,705.0,138916
2026-09-15,GAEL,GUJARAT AMBUJA EXPORTS LT,163.01,163.4,157.16,158.72,163.08,602826
2026-09-15,GUJENERGY,GUJARAT ENERGY LIMITED,241.98,246.8,241.98,243.56,241.59,1350191
2026-09-15,FLUOROCHEM,GUJARAT FLUOROCHEM LTD,4819.9,4830.0,4557.9,4601.3,4773.2,130548
2026-09-15,GKSL,GUJARAT KIDNEY N SUP SP L,170.7,183.05,170.0,173.6,171.09,852318
2026-09-15,GLFL,GUJARAT LEASE FINANCING L,5.22,5.45,4.97,5.26,5.22,13041
2026-09-15,GMDCLTD,GUJARAT MINERAL DEV CORP,577.0,580.0,552.0,553.45,575.35,947898
2026-09-15,GNRL,GUJARAT NATURAL RES L,104.79,104.8,101.9,102.54,104.29,76246
2026-09-15,GPPL,GUJARAT PIPAVAV PORT LTD,162.5,165.5,160.8,161.18,161.32,3555183
2026-09-15,GUJRAFFIA,GUJARAT RAFFIA INDUST LTD,41.72,41.9,40.1,40.26,41.72,607
2026-09-15,GUJTHEM,GUJARAT THEMIS BIOSYN LTD,424.8,438.45,417.0,430.45,422.65,668088
2026-09-15,GULFOILLUB,GULF OIL LUB. IND. LTD.,1060.7,1079.0,1051.1,1057.3,1060.7,43293
2026-09-15,GULPOLY,GULSHAN POLYOLS LIMITED,175.98,176.0,169.2,170.03,174.84,150847
2026-09-15,GYFTR,GYFTR LIMITED,175.0,182.5,174.3,178.62,175.73,26808
2026-09-15,HBESD,H B ESTATE DEVELOPERS L,73.0,73.01,60.51,71.5,72.99,650
2026-09-15,HGINFRA,H.G.INFRA ENGINEERING LTD,484.0,484.0,471.0,471.8,484.0,46258
2026-09-15,HALDER,HALDER VENTURE LIMITED,286.15,288.55,257.0,265.9,276.15,20914
2026-09-15,HALEOSLABS,HALEOS LABS LIMITED,1475.4,1496.0,1470.0,1488.9,1462.5,1964
2026-09-15,HAMPTON,HAMPTON SKY REALTY LTD.,8.1,8.38,7.33,7.95,8.05,363072
2026-09-15,HGM,HANDSON GBL MNGMNT LTD,48.49,48.49,45.99,46.77,48.68,5577
2026-09-15,HAPPSTMNDS,HAPPIEST MINDS TECHNO LTD,336.05,343.7,324.1,325.6,332.35,1167686
2026-09-15,HAPPYFORGE,HAPPY FORGINGS LIMITED,2171.0,2186.9,2060.6,2074.3,2169.0,75023
2026-09-15,HARDWYN,HARDWYN INDIA LIMITED,9.23,9.25,8.81,9.06,9.16,3135827
2026-09-15,HARIOMPIPE,HARIOM PIPE INDUSTRIES L,355.95,358.95,348.5,351.6,359.2,64036
2026-09-15,HRYNSHP,HARIYANA SHIP BREAKERS L,100.1,101.0,95.99,96.38,100.84,1212
2026-09-15,HARRMALAYA,HARRISON MALAYALAM LTD,185.81,190.19,180.0,182.6,185.81,9460
2026-09-15,HARSHA,HARSHA ENGINEERS INT LTD,446.0,451.95,423.3,424.7,445.0,103103
2026-09-15,HATHWAY,HATHWAY CABLE & DATACOM,10.25,10.25,9.8,9.95,10.23,1951309
2026-09-15,HATSUN,HATSUN AGRO PRODUCT LTD.,1207.2,1349.7,1207.2,1275.0,1224.4,874664
2026-09-15,HAVELLS,HAVELLS INDIA LIMITED,1117.0,1117.0,1081.1,1087.0,1111.0,1017899
2026-09-15,HAWKINCOOK,HAWKINS COOKERS LTD,8455.5,8484.0,8250.0,8381.5,8411.5,2478
2026-09-15,HAZOOR,HAZOOR MULTI PROJECTS LTD,19.02,19.51,18.5,18.74,19.22,297628
2026-09-15,HBPOR,HB PORTFOLIO LTD.,62.8,62.8,59.6,59.99,59.99,1364
2026-09-15,HBSL,HB STOCKHOLDINGS LIMITED,52.65,54.63,51.6,52.85,52.91,348
2026-09-15,HBLENGINE,HBL ENGINEERING LTD,725.0,725.2,706.0,720.15,722.2,1095218
2026-09-15,HCL-INSYS,HCL INFOSYSTEMS LTD,10.01,10.47,10.0,10.01,10.07,219639
2026-09-15,HCLTECH,HCL TECHNOLOGIES LTD,1252.0,1290.0,1250.0,1253.7,1206.1,4443984
2026-09-15,HDBFS,HDB FINANCIAL SERVICES L,670.05,675.0,662.4,664.7,669.2,220611
2026-09-15,HDFCAMC,HDFC AMC LIMITED,2416.9,2423.9,2385.0,2409.0,2403.9,652383
2026-09-15,HDFCBANK,HDFC BANK LTD,722.4,730.75,715.05,716.55,708.25,50387632
2026-09-15,HDFCGOLD,HDFC GOLD ETF,129.33,129.33,127.59,127.88,129.37,4525096
2026-09-15,HDFCLIFE,HDFC LIFE INS CO LTD,530.0,530.65,516.1,516.1,530.0,4844755
2026-09-15,HDFCBSE500,HDFCAMC - HDFCBSE500,36.89,37.18,36.07,36.33,36.89,722175
2026-09-15,HDFCGROWTH,HDFCAMC - HDFCGROWTH,115.87,117.16,115.3,115.75,115.87,6778
2026-09-15,HDFCLIQUID,HDFCAMC - HDFCLIQUID,1077.91,1077.93,1077.91,1077.91,1077.78,35033
2026-09-15,HDFCLOWVOL,HDFCAMC - HDFCLOWVOL,20.1,20.12,19.82,19.87,20.01,16438
2026-09-15,HDFCMID150,HDFCAMC - HDFCMID150,23.33,23.33,22.63,22.71,23.13,1419493
2026-09-15,HDFCMOMENT,HDFCAMC - HDFCMOMENT,30.92,31.07,29.96,30.05,30.91,317341
2026-09-15,HDFCNEXT50,HDFCAMC - HDFCNEXT50,73.91,74.26,72.01,72.18,73.91,160026
2026-09-15,HDFCNIF100,HDFCAMC - HDFCNIF100,25.44,25.66,25.1,25.18,25.44,114491
2026-09-15,HDFCNIFBAN,HDFCAMC - HDFCNIFBAN,58.25,58.54,57.54,57.69,58.33,81621
2026-09-15,HDFCNIFIT,HDFCAMC - HDFCNIFIT,31.9,32.49,31.3,31.64,31.01,358822
2026-09-15,HDFCNIFTY,HDFCAMC - HDFCNIFTY,257.19,266.79,257.19,261.49,263.79,1811012
2026-09-15,HDFCNIMEG,HDFCAMC - HDFCNIMEG,130.37,143.4,126.5,136.31,130.37,4153
2026-09-15,HDFCPVTBAN,HDFCAMC - HDFCPVTBAN,28.63,28.63,27.7,27.76,27.94,63514
2026-09-15,HDFCQUAL,HDFCAMC - HDFCQUAL,57.98,57.98,56.5,56.56,57.43,17570
2026-09-15,HDFCSENSEX,HDFCAMC - HDFCSENSEX,85.03,86.3,84.25,84.58,85.32,134553
2026-09-15,HDFCSILVER,HDFCAMC - HDFCSILVER,216.45,216.45,213.72,214.48,216.48,3464974
2026-09-15,HDFCSML250,HDFCAMC - HDFCSML250,186.62,186.62,180.4,180.83,185.17,3283413
2026-09-15,HDFCVALUE,HDFCAMC - HDFCVALUE,123.1,123.25,120.89,121.73,122.49,10278
2026-09-15,HDFCPSUBK,HDFCAMC HDFCPSUBK,85.07,85.08,82.2,82.65,84.27,26997
2026-09-15,HEADSUP,HEADS UP VENTURES LIMITED,7.15,7.45,6.88,6.98,6.99,7511
2026-09-15,HEALTHX,HEALTH X PLATFORM LIMITED,309.0,309.0,301.0,305.55,308.15,1370
2026-09-15,HCG,HEALTHCARE GLOB. ENT. LTD,693.9,699.8,675.45,678.3,693.9,69865
2026-09-15,HECPROJECT,HEC INFRA PROJECTS LTD,121.49,121.49,116.31,117.53,119.04,3554
2026-09-15,HEIDELBERG,HEIDELBERGCEMENT (I) LTD,153.5,154.0,145.1,145.97,149.8,283324
2026-09-15,HEMIPROP,HEMISPHERE PROP IND LTD,122.55,122.97,116.2,117.18,120.62,524451
2026-09-15,HERANBA,HERANBA INDUSTRIES LTD,172.43,173.79,165.0,165.95,171.58,25094
2026-09-15,HERITGFOOD,HERITAGE FOODS LTD,419.5,419.95,391.3,393.85,417.4,572936
2026-09-15,HEROMOTOCO,HERO MOTOCORP LIMITED,5287.5,5327.5,5166.0,5166.0,5221.5,666103
2026-09-15,HESTERBIO,HESTER BIOSCIENCES LTD,2271.0,2299.0,2151.5,2171.8,2264.9,4443
2026-09-15,HEXATRADEX,HEXA TRADEX LIMITED,156.26,158.5,155.99,156.06,155.81,5215
2026-09-15,HEXT,HEXAWARE TECHNOLOGIES LTD,497.75,527.2,497.75,517.5,497.05,441056
2026-09-15,HITECH,HI-TECH PIPES LIMITED,76.77,77.0,73.23,73.61,76.39,553825
2026-09-15,HILINFRA,HIGHWAY INFRASTRUCTURE L,41.04,45.5,40.1,43.6,41.53,189762
2026-09-15,HIKAL,HIKAL LIMITED,227.87,227.87,210.15,212.22,224.95,851825
2026-09-15,HILTON,HILTON METAL FORGING LTD,17.71,18.29,17.16,17.29,18.06,144053
2026-09-15,HSCL,HIMADRI SPECIALITY CHEM L,665.0,667.4,632.5,637.25,664.9,7510515
2026-09-15,HIMATSEIDE,HIMATSINGKA SEIDE LTD,67.99,68.21,64.81,65.12,67.83,571755
2026-09-15,HINDALUMI,HIND ALUMINIUM INDS. LTD.,98.0,98.99,93.46,95.09,96.18,2235
2026-09-15,HINDALCO,HINDALCO  INDUSTRIES  LTD,980.1,981.0,958.7,958.7,981.5,2245506
2026-09-15,HINDCON,HINDCON CHEMICALS LIMITED,23.2,24.5,23.2,23.74,24.09,23558
2026-09-15,HPIL,HINDPRAKASH INDUSTRY LTD,124.48,124.48,118.5,119.77,123.87,353
2026-09-15,HGS,HINDUJA GLOBAL SOLS. LTD.,381.45,391.5,380.05,381.6,381.45,8605
2026-09-15,HINDADH,HINDUSTAN ADHESIVES LTD.,369.1,376.0,354.1,371.95,369.1,5611
2026-09-15,HAL,HINDUSTAN AERONAUTICS LTD,4920.0,4940.0,4674.0,4695.0,4905.0,809202
2026-09-15,HINDCOMPOS,HINDUSTAN COMPOSITES LTD.,376.1,385.9,372.55,379.45,376.45,2565
2026-09-15,HCC,HINDUSTAN CONSTRUCTION CO,22.95,22.95,21.25,21.32,22.73,20566631
2026-09-15,HINDCOPPER,HINDUSTAN COPPER LTD,513.95,513.95,490.55,492.1,514.5,6982438
2026-09-15,HNDFDS,HINDUSTAN FOODS LIMITED,618.4,620.0,595.0,598.15,618.7,67519
2026-09-15,HINDOILEXP,HINDUSTAN OIL EXPLORATION,185.5,186.3,174.01,175.72,185.22,844381
2026-09-15,HINDPETRO,HINDUSTAN PETROLEUM CORP,352.65,355.2,344.2,345.3,352.0,2494296
2026-09-15,HINDUNILVR,HINDUSTAN UNILEVER LTD.,1944.0,1969.4,1933.8,1938.1,1927.0,1715702
2026-09-15,HINDZINC,HINDUSTAN ZINC LIMITED,574.95,574.95,560.9,560.9,576.45,2402454
2026-09-15,HINDWAREAP,HINDWARE HME INOVATON LTD,178.96,181.29,174.0,174.42,178.4,75927
2026-09-15,HIRECT,HIRECT LIMITED,1252.7,1255.0,1191.0,1204.9,1245.4,59699
2026-09-15,HISARMETAL,HISAR METAL IND. LIMITED,157.2,158.9,153.22,155.53,157.2,327
2026-09-15,POWERINDIA,HITACHI ENERGY INDIA LTD,31260.0,31295.0,30000.0,30790.0,31435.0,98157
2026-09-15,HLEGLAS,HLE GLASCOAT LIMITED,415.0,429.8,388.9,395.4,404.35,745010
2026-09-15,HLVLTD,HLV LIMITED,6.4,6.55,6.22,6.26,6.38,150511
2026-09-15,HMAAGRO,HMA AGRO INDUSTRIES LTD,20.08,24.05,19.99,23.41,20.07,35613186
2026-09-15,HOMEFIRST,HOME FIRST FIN CO IND LTD,1184.4,1194.9,1170.8,1175.3,1184.5,137211
2026-09-15,HONASA,HONASA CONSUMER LIMITED,471.15,476.2,455.15,457.25,471.15,707821
2026-09-15,HONDAPOWER,HONDA I POWER PRODUCT LTD,1966.9,1979.9,1904.5,1926.6,1953.0,3003
2026-09-15,HONAUT,HONEYWELL AUTOMATION IND,34590.0,34870.0,33500.0,33595.0,34580.0,2651
2026-09-15,HORIZONIND,HORIZON INDUSTRIAL PRKS L,56.1,56.55,53.1,53.59,55.67,3996553
2026-09-15,HPAL,HP ADHESIVES LIMITED,38.0,38.65,35.0,35.41,37.91,64781
2026-09-15,HPL,HPL ELECTRIC & POWER LTD,292.0,294.0,282.0,283.2,292.0,76209
2026-09-15,HSBCGOLD,HSBCAMC - HSBCGOLD,131.9,132.35,128.09,130.59,131.94,17672
2026-09-15,HUDCO,HSG & URBAN DEV CORPN LTD,173.0,174.75,168.5,168.92,172.76,1454761
2026-09-15,HTMEDIA,HT MEDIA LIMITED,25.36,25.49,22.81,23.55,24.92,254895
2026-09-15,HUBTOWN,HUBTOWN LIMITED,182.28,182.28,172.2,173.18,181.21,309472
2026-09-15,HUHTAMAKI,HUHTAMAKI INDIA LIMITED,258.0,258.0,239.45,242.15,254.4,241632
2026-09-15,HYUNDAI,HYUNDAI MOTOR INDIA LTD,2187.9,2217.9,2130.5,2140.0,2174.0,451786
2026-09-15,IGPL,I G PETROCHEMICALS LTD,544.4,547.0,516.4,525.25,547.05,69170
2026-09-15,ISTLTD,I S T LTD.,662.2,662.2,635.0,661.2,662.2,311
2026-09-15,ICEMAKE,ICE MAKE REFRIGERAT LTD,728.0,728.0,691.25,695.55,730.1,33055
2026-09-15,ICICIBANK,ICICI BANK LTD.,1379.3,1390.0,1350.4,1350.4,1379.3,10133488
2026-09-15,ICICIGI,ICICI LOMBARD GIC LIMITED,1460.0,1463.0,1423.1,1427.7,1459.8,951910
2026-09-15,LOWVOLIETF,ICICI PR NIF LW VL 30 ETF,21.04,21.76,21.04,21.27,21.47,3329463
2026-09-15,ICICIPRULI,ICICI PRU LIFE INS CO LTD,471.6,472.2,457.6,457.6,471.5,941756
2026-09-15,MIDSELIETF,ICICI PRUD MIDCAP SEL ETF,20.27,20.27,19.25,19.35,19.78,342179
2026-09-15,NIF100IETF,ICICI PRUD NIFTY 100 ETF,28.17,28.17,26.8,27.16,27.49,131694
2026-09-15,NIFTYIETF,ICICI PRUD NIFTY ETF,270.98,270.98,263.0,263.36,265.67,638243
2026-09-15,SENSEXIETF,ICICI PRUD SENSEX ETF,867.94,867.94,849.18,853.91,863.63,16466
2026-09-15,ICICIAMC,ICICI PRUDENTIAL AMC LTD,3021.7,3114.9,3021.7,3065.0,3041.5,840166
2026-09-15,GOLDIETF,ICICI PRUDENTIAL GOLD ETF,129.62,129.62,127.8,127.94,129.63,6488971
2026-09-15,NV20IETF,ICICI PRUDENTIAL NV20 ETF,13.54,13.58,13.01,13.16,13.27,447667
2026-09-15,ICICIB22,ICICIPRAMC - BHARATIWIN,115.42,115.42,111.14,111.33,113.16,463142
2026-09-15,CASHIETF,ICICIPRAMC - CASHIETF,1079.5,1079.57,1079.5,1079.56,1079.43,1011652
2026-09-15,EVIETF,ICICIPRAMC - EVIETF,32.76,32.76,31.13,31.35,31.97,138619
2026-09-15,GSEC10IETF,ICICIPRAMC - ICICI10GS,263.64,263.64,263.0,263.08,262.33,387
2026-09-15,BSE500IETF,ICICIPRAMC - ICICI500,38.0,39.24,37.81,38.03,38.78,305682
2026-09-15,GSEC5IETF,ICICIPRAMC - ICICI5GSEC,66.52,66.58,65.85,65.85,66.26,18951
2026-09-15,ALPL30IETF,ICICIPRAMC - ICICIALPLV,27.25,27.25,26.69,26.7,27.25,2987998
2026-09-15,AUTOIETF,ICICIPRAMC - ICICIAUTO,29.29,29.29,27.86,27.91,28.58,695282
2026-09-15,PVTBANIETF,ICICIPRAMC - ICICIBANKP,28.49,28.49,27.42,27.51,27.85,1242955
2026-09-15,COMMOIETF,ICICIPRAMC - ICICICOMMO,98.26,99.28,96.01,96.24,98.26,64836
2026-09-15,CONSUMIETF,ICICIPRAMC - ICICICONSU,119.03,119.55,117.45,117.9,119.03,6164
2026-09-15,FMCGIETF,ICICIPRAMC - ICICIFMCG,49.81,49.81,48.41,48.49,48.6,1575053
2026-09-15,INFRAIETF,ICICIPRAMC - ICICIINFRA,94.98,94.98,91.69,91.91,94.18,181412
2026-09-15,LIQUIDIETF,ICICIPRAMC - ICICILIQ,1000.0,1000.01,999.99,999.99,999.99,325912
2026-09-15,MIDCAPIETF,ICICIPRAMC - ICICIM150,23.71,23.95,23.2,23.28,23.71,1443451
2026-09-15,MOM30IETF,ICICIPRAMC - ICICIMOM30,31.93,31.93,30.25,30.33,31.3,1202788
2026-09-15,NEXT50IETF,ICICIPRAMC - ICICINXT50,76.7,76.7,74.32,74.54,76.35,1139608
2026-09-15,HEALTHIETF,ICICIPRAMC - ICICIPHARM,169.67,171.37,167.5,167.86,169.67,136608
2026-09-15,QUAL30IETF,ICICIPRAMC - ICICIQTY30,20.7,20.76,20.3,20.37,20.5,74969
2026-09-15,SILVERIETF,ICICIPRAMC - ICICISILVE,226.5,226.5,223.33,223.94,226.39,3710345
2026-09-15,ITIETF,ICICIPRAMC - ICICITECH,32.5,33.89,32.5,32.87,32.26,1570613
2026-09-15,INSUREIETF,ICICIPRAMC - INSUREIETF,14.76,14.77,14.39,14.48,14.76,646486
2026-09-15,BANKIETF,ICICIPRAMC - IPRU5008,58.36,58.54,57.37,57.5,58.14,151138
2026-09-15,METALIETF,ICICIPRAMC - METALIETF,13.42,13.42,12.73,12.77,13.1,11323031
2026-09-15,OILIETF,ICICIPRAMC - OILIETF,11.17,11.21,10.98,11.0,11.17,2438800
2026-09-15,PSUBNKIETF,ICICIPRAMC - PSUBANKICI,84.52,84.68,82.93,83.08,84.59,129060
2026-09-15,SMALLIETF,ICICIPRAMC - SMALLIETF,18.4,18.4,17.9,17.98,18.4,63411
2026-09-15,TOP15IETF,ICICIPRAMC - TOP15IETF,9.6,9.61,9.47,9.49,9.56,72745
2026-09-15,VAL30IETF,ICICIPRAMC - VAL30IETF,14.64,15.16,14.64,14.73,15.02,258219
2026-09-15,FINIETF,ICICIPRAMC-ICICIFIN,33.21,33.21,31.58,31.64,32.4,463798
2026-09-15,ICRA,ICRA LIMITED,4787.0,4787.0,4600.2,4643.3,4728.9,17598
2026-09-15,IDBI,IDBI BANK LIMITED,84.0,88.53,82.69,82.95,83.43,50187288
2026-09-15,IDEAFORGE,IDEAFORGE TECHNO LTD,733.9,740.25,702.3,704.25,733.95,238794
2026-09-15,IDFCFIRSTB,IDFC FIRST BANK LIMITED,86.56,86.65,84.8,84.8,86.21,25183922
2026-09-15,IFBAGRO,IFB AGRO INDUSTRIES LTD,898.0,898.0,859.0,861.1,884.45,2760
2026-09-15,IFBIND,IFB INDUSTRIES LTD,1310.7,1310.7,1255.0,1272.0,1300.1,43228
2026-09-15,IFCI,IFCI LTD,83.0,83.98,76.34,76.95,82.29,81195084
2026-09-15,IFGLEXPOR,IFGL REFRACTORIES LIMITED,202.99,206.6,198.2,200.33,206.08,26283
2026-09-15,IGARASHI,IGARASHI MOTORS INDIA LTD,414.9,476.9,411.0,437.05,414.3,13011373
2026-09-15,IIFLCAPS,IIFL CAPITAL SERVICES LTD,340.0,340.4,335.45,336.5,339.05,305457
2026-09-15,IIFL,IIFL FINANCE LIMITED,599.0,599.0,573.3,581.05,600.6,2152091
2026-09-15,IKIO,IKIO TECHNOLOGIES LIMITED,223.85,223.87,210.0,211.06,223.87,350513
2026-09-15,IVC,IL&FS INVESTMENT MANAGERS,8.58,8.58,7.78,7.92,9.11,1241350
2026-09-15,IMAGICAA,IMAGICAAWORLD ENT LTD,52.35,52.68,50.05,50.43,52.33,686219
2026-09-15,INCREDIBLE,INCREDIBLE INDUSTRIES LTD,34.25,34.5,31.57,33.46,33.58,3062
2026-09-15,IMPAL,IND MOTOR PART & ACC LTD,1113.2,1120.5,1074.9,1077.8,1113.2,2157
2026-09-15,INDSWFTLAB,IND SWIFT LABORATORIES LT,394.45,394.6,376.0,378.75,385.35,366134
2026-09-15,INDTERRAIN,IND TERRAIN FASHIONS LTD,30.3,30.35,28.0,28.01,28.85,30326
2026-09-15,INDBANK,INDBANK MERCH BANK,27.64,28.19,26.53,26.71,27.64,37094
2026-09-15,BAJAJINDEF,INDEF MANUFACTURING LTD,230.59,234.31,220.06,220.69,228.57,10651
2026-09-15,INDGN,INDEGENE LIMITED,581.8,584.85,568.3,571.5,578.35,317962
2026-09-15,INDNIPPON,INDIA NIPPON ELECT  LTD,1358.9,1364.9,1261.6,1279.0,1358.9,96043
2026-09-15,IPL,INDIA PESTICIDES LIMITED,134.1,134.28,132.01,132.68,133.69,99694
2026-09-15,INDIASHLTR,INDIA SHELTER FIN CORP L,653.0,663.0,640.5,647.25,652.25,99067
2026-09-15,ITDC,INDIA TOUR. DEV. CO. LTD.,688.2,689.85,645.4,653.45,690.85,186964
2026-09-15,IBULLSLTD,INDIABULLS LIMITED,27.44,27.44,27.44,27.44,26.14,2593006
2026-09-15,INDIAMART,INDIAMART INTERMESH LTD,1713.8,1713.8,1652.0,1659.5,1695.0,56056
2026-09-15,INDIANB,INDIAN BANK,854.2,859.5,833.8,836.75,853.5,754029
2026-09-15,INDIANCARD,INDIAN CARD CLOTHING CO.,212.7,212.7,206.02,207.35,212.45,589
2026-09-15,IEX,INDIAN ENERGY EXC LTD,113.88,114.24,111.82,112.0,113.88,5438969
2026-09-15,INDIANHUME,INDIAN HUME PIPE CO. LTD.,371.3,372.45,351.7,354.0,369.55,31542
2026-09-15,IMFA,INDIAN METALS & FERRO,1245.0,1271.0,1215.0,1220.8,1243.5,142336
2026-09-15,IOC,INDIAN OIL CORP LTD,135.5,135.69,132.03,132.03,135.11,10870933
2026-09-15,IOB,INDIAN OVERSEAS BANK,33.24,33.3,32.12,32.38,33.07,2198392
2026-09-15,IRCTC,INDIAN RAIL TOUR CORP LTD,464.0,466.55,457.0,458.55,462.9,660178
2026-09-15,IRFC,INDIAN RAILWAY FIN CORP L,81.09,81.87,79.0,79.15,81.09,8655447
2026-09-15,IREDA,INDIAN RENEWABLE ENERGY,111.71,112.08,108.27,109.0,111.71,3982851
2026-09-15,IWP,INDIAN WOOD PRODUCTS CO L,36.0,36.0,34.1,34.85,34.41,7145
2026-09-15,INDIGOPNTS,INDIGO PAINTS LIMITED,1083.0,1090.9,1047.2,1061.9,1089.3,62095
2026-09-15,INDIQUBE,INDIQUBE SPACES LIMITED,205.91,205.91,197.62,199.43,202.87,30153
2026-09-15,INDOBORAX,INDO BORAX & CHEMICAL LTD,482.0,485.35,457.2,460.8,484.55,103157
2026-09-15,ICIL,INDO COUNT INDUSTRIES LTD,443.25,444.35,423.1,427.1,443.25,281524
2026-09-15,INDOFARM,INDO FARM EQUIPMENT LTD,142.0,142.01,135.1,136.07,141.66,72050
2026-09-15,INDORAMA,INDO RAMA SYNTHETICS LTD,90.0,96.5,81.56,82.81,86.5,4750924
2026-09-15,INDOTECH,INDO TECH TRANSFORM LTD.,3522.9,3544.3,3346.8,3377.2,3522.9,32734
2026-09-15,INDOTHAI,INDO THAI SEC LTD,39.12,40.0,39.12,39.12,41.17,690854
2026-09-15,INDOUS,INDO US BIOTECH LTD,79.9,81.0,76.0,78.29,78.24,2244
2026-09-15,INDOMIM,INDO-MIM LIMITED,1026.0,1026.0,960.1,975.65,1018.2,1440023
2026-09-15,NIPPOBATRY,INDO-NATIONAL LIMITED,320.0,322.2,316.5,320.85,317.85,1619
2026-09-15,INDOCO,INDOCO REMEDIES LTD.,263.02,265.92,238.5,241.39,263.02,354504
2026-09-15,IGCL,INDOGULF CROPSCIENCES LTD,67.99,67.99,62.63,65.59,67.61,238447
2026-09-15,INDOKEM,INDOKEM LTD.,644.0,644.0,596.0,611.7,613.85,3603
2026-09-15,WAAREEINDO,INDOSOLAR LIMITED,252.1,259.5,245.1,249.4,251.95,92977
2026-09-15,INDOSTAR,INDOSTAR CAPITAL FIN LTD,243.16,246.19,230.15,233.07,244.38,94427
2026-09-15,INDOWIND,INDOWIND ENERGY LTD,9.2,9.2,8.86,8.9,9.09,81422
2026-09-15,IGL,INDRAPRASTHA GAS LTD,151.98,152.42,149.0,150.03,151.98,1069089
2026-09-15,INDRAMEDCO,INDRAPRASTHA MEDICAL CORP,355.0,360.0,351.35,354.55,355.0,259219
2026-09-15,INDUSTOWER,INDUS TOWERS LIMITED,390.8,390.8,378.7,379.0,388.0,3807593
2026-09-15,INDUSINDBK,INDUSIND BANK LIMITED,978.2,984.5,955.0,956.5,978.2,1511601
2026-09-15,INDPRUD,INDUSTRIAL & PRU INV CO L,6260.0,6260.0,6080.0,6081.0,6250.0,67
2026-09-15,IITL,INDUSTRIAL INV TRUST LTD,148.27,155.0,147.02,148.84,149.01,96948
2026-09-15,NAUKRI,INFO EDGE (I) LTD,1268.1,1310.0,1261.5,1261.5,1250.8,1716983
2026-09-15,INFOBEAN,INFOBEANS TECHNO. LTD.,154.22,161.75,152.15,153.13,154.01,416949
2026-09-15,INFOMEDIA,INFOMEDIA PRESS LIMITED,5.11,5.43,5.11,5.18,5.2,2424
2026-09-15,INFY,INFOSYS LIMITED,1085.0,1097.7,1071.7,1077.0,1037.7,14816117
2026-09-15,INGERRAND,INGERSOLL-RAND INDIA LTD,4551.6,4611.3,4301.4,4344.3,4573.0,31530
2026-09-15,INNOVACAP,INNOVA CAPTAB LIMITED,1147.2,1236.1,1125.2,1140.1,1147.2,216521
2026-09-15,INNOVANA,INNOVANA THINKLABS LTD,334.0,336.35,303.0,306.1,327.0,29412
2026-09-15,INNOVISION,INNOVISION LIMITED,260.8,261.0,255.0,255.35,260.35,13741
2026-09-15,INOXGREEN,INOX GREEN ENERGY SER LTD,177.92,177.92,169.66,173.22,178.21,1508686
2026-09-15,INOXINDIA,INOX INDIA LIMITED,2250.0,2265.0,1982.0,1992.8,2246.6,531067
2026-09-15,INOXWIND,INOX WIND LIMITED,76.88,76.94,73.72,74.35,76.5,9034365
2026-09-15,INSECTICID,INSECTICIDES (I) LTD,609.7,618.0,591.05,594.8,609.7,10796
2026-09-15,INA,INSOLATION ENERGY LIMITED,90.0,90.81,84.78,86.93,92.98,1853188
2026-09-15,INSPIRISYS,INSPIRISYS SOLUTIONS LTD,84.05,88.0,81.35,81.78,85.43,5846
2026-09-15,ESSENTIA,INTEGRA ESSENTIA LIMITED,1.06,1.07,1.04,1.04,1.06,1407735
2026-09-15,INTELLECT,INTELLECT DESIGN ARENA,684.15,696.6,659.5,662.85,682.6,405465
2026-09-15,INTENTECH,INTENSE TECHNOLOGIES LTD,78.0,80.28,77.01,77.76,78.53,8255
2026-09-15,INTERARCH,INTERARCH BLDNG SOLTN LTD,1751.0,1751.0,1668.5,1684.3,1728.2,49337
2026-09-15,INDIGO,INTERGLOBE AVIATION LTD,4955.5,4963.5,4773.0,4776.0,4973.0,860472
2026-09-15,INTLCONV,INTL CONVEYORS LIMITED,78.8,79.8,75.2,76.04,78.27,38383
2026-09-15,IGIL,INTL GEMOLOGICAL INST LTD,320.0,323.6,312.25,313.1,314.3,503750
2026-09-15,ISFT,INTRASOFT TECH. LTD,80.4,80.4,76.18,76.59,79.48,115249
2026-09-15,INVENTURE,INVENTURE GRO & SEC LTD,0.93,0.93,0.91,0.91,0.92,357866
2026-09-15,IKS,INVENTURUS KNOWLEDGE SO L,1762.8,1800.0,1747.0,1783.0,1740.6,172263
2026-09-15,IVZINGOLD,INVESCO INDIA GOLD ETF,131.05,131.7,129.6,129.8,131.9,10693
2026-09-15,IVZINNIFTY,INVESCO INDIA NIFTY ETF,276.02,276.02,265.99,267.04,269.29,892
2026-09-15,IOLCP,IOL CHEM AND PHARMA LTD,195.11,197.9,176.3,179.52,194.31,5315214
2026-09-15,IONEXCHANG,ION EXCHANGE (INDIA) LTD,446.85,457.2,430.0,432.0,445.7,401926
2026-09-15,IPRINGLTD,IP RINGS LTD.,142.1,145.0,136.0,137.02,145.87,1943
2026-09-15,IPCALAB,IPCA LABORATORIES LTD,1976.7,1995.9,1924.0,1932.4,1968.5,274487
2026-09-15,IRB,IRB INFRA DEV LTD.,19.83,19.83,19.08,19.18,19.64,9392762
2026-09-15,IRCON,IRCON INTERNATIONAL LTD,113.26,113.95,109.0,109.42,113.26,1868607
2026-09-15,IRISDOREME,IRIS CLOTHINGS LIMITED,61.89,62.42,57.21,58.09,61.47,514737
2026-09-15,IRIS,IRIS REGTECH SOLUTION LTD,245.0,251.39,233.42,237.78,245.39,28017
2026-09-15,IRMENERGY,IRM ENERGY LIMITED,279.05,283.4,265.05,266.5,280.25,78878
2026-09-15,ISGEC,ISGEC HEAVY ENG LTD,801.8,801.8,770.0,773.85,795.95,33880
2026-09-15,ISHANCH,ISHAN DYES N CHEMICALS L,45.4,45.4,43.11,43.73,44.84,55167
2026-09-15,ITCHOTELS,ITC HOTELS LIMITED,153.6,155.25,152.0,152.22,153.69,1141335
2026-09-15,ITC,ITC LTD,261.0,264.2,258.0,258.0,259.85,12133201
2026-09-15,ITI,ITI LTD,263.0,267.95,255.0,255.4,262.85,160701
2026-09-15,ITL,ITL INDUSTRIES LTD.,378.95,378.95,366.0,367.5,369.25,412
2026-09-15,IVALUE,IVALUE INFOSOLUTIONS LTD,228.0,233.78,223.35,225.7,223.35,112181
2026-09-15,IZMO,IZMO LIMITED,912.15,940.0,891.05,896.05,906.8,183154
2026-09-15,J&KBANK,J & K BANK LTD.,145.27,147.5,143.75,144.75,145.27,3037724
2026-09-15,JGCHEM,J.G.CHEMICALS LIMITED,598.45,600.0,561.1,564.65,592.05,249766
2026-09-15,JAGRAN,JAGRAN PRAKASHAN LIMITED,62.08,62.93,61.32,61.72,62.09,189794
2026-09-15,JAGSNPHARM,JAGSONPAL PHARMACEUTICALS,234.6,234.99,223.16,225.83,232.89,57007
2026-09-15,JAIBALAJI,JAI BALAJI INDUSTRIES LTD,65.38,65.89,62.0,62.25,65.07,672658
2026-09-15,JAICORPLTD,JAI CORP LIMITED,97.4,97.4,92.3,92.64,95.73,336929
2026-09-15,JISLDVREQS,JAIN DVR EQUITY SHARES,20.56,21.25,20.56,20.67,20.76,2483
2026-09-15,JISLJALEQS,JAIN IRRIGATION SYSTEMS,29.7,29.83,29.15,29.23,29.71,1419781
2026-09-15,JAINREC,JAIN RESOURCE RECYCLING L,286.9,286.9,273.15,274.7,284.7,694511
2026-09-15,JPPOWER,JAIPRAKASH POWER VEN. LTD,16.02,16.2,15.55,15.64,16.02,30754969
2026-09-15,JAMNAAUTO,JAMNA AUTO IND LTD,137.5,139.4,127.99,129.06,135.46,3184124
2026-09-15,JSFB,JANA SMALL FIN BANK LTD,517.5,527.7,486.95,488.65,516.85,344324
2026-09-15,JARO,JARO INS OF TEC MG N RE L,457.0,478.2,454.05,469.95,454.05,330906
2026-09-15,JASH,JASH ENGINEERING LIMITED,514.05,523.95,495.0,496.1,514.05,94635
2026-09-15,JAYBARMARU,JAY BHARAT MARUTI LTD,116.65,119.13,110.8,112.34,116.58,383222
2026-09-15,JAYAGROGN,JAYANT AGRO ORGANICS LTD,244.09,244.13,223.13,227.39,244.13,35008
2026-09-15,JAYNECOIND,JAYASWAL NECO INDUSTR LTD,90.79,90.79,87.5,88.63,89.97,2854456
2026-09-15,JAYKAY,JAYKAY ENTERPRISES LTD,169.4,169.5,156.25,158.45,165.32,519085
2026-09-15,JAYSREETEA,JAYSHREE TEA & INDUSTRIES,93.1,94.87,90.51,91.64,92.9,41257
2026-09-15,JBMA,JBM AUTO LIMITED,620.95,626.0,600.0,603.9,620.3,226951
2026-09-15,JSLL,JEENA SIKHO LIFECARE LTD,514.8,515.0,497.0,500.25,511.85,305700
2026-09-15,JENBURPH,JENBURKT PHARMACEUTICAL L,991.2,1018.3,971.0,974.1,1003.9,4111
2026-09-15,JETFREIGHT,JET FREIGHT LOGISTICS LTD,20.07,20.28,19.71,20.03,20.07,76485
2026-09-15,JHS,JHS SVEND. LAB. LTD,8.45,9.39,8.45,8.79,8.43,376577
2026-09-15,RETAIL,JHS SVENDGAARD RETAIL V L,17.14,17.87,16.25,17.76,17.14,629
2026-09-15,JPOLYINVST,JIND POL INV & FIN CO LTD,989.5,1030.0,965.0,967.05,989.5,23363
2026-09-15,JINDRILL,JINDAL DRILLING IND. LTD,640.0,643.8,596.0,598.65,633.25,319605
2026-09-15,JINDALPHOT,JINDAL PHOTO LIMITED,1001.5,1154.0,1001.5,1099.6,1010.9,83635
2026-09-15,JINDALPOLY,JINDAL POLY FILMS LIMITED,671.3,738.4,666.0,737.9,671.3,346025
2026-09-15,JINDALSAW,JINDAL SAW LIMITED,313.0,313.9,286.25,289.0,311.95,2584168
2026-09-15,JSL,JINDAL STAINLESS LIMITED,755.0,760.0,721.25,723.55,756.1,547512
2026-09-15,JINDALSTEL,JINDAL STEEL LIMITED,1119.7,1119.7,1090.5,1095.0,1120.5,816410
2026-09-15,JINDWORLD,JINDAL WORLDWIDE LTD,53.5,54.09,47.6,49.44,52.88,10265488
2026-09-15,JKIPL,JINKUSHAL INDUSTRIES LTD,94.6,96.22,92.35,95.18,91.64,16190
2026-09-15,JIOFIN,JIO FIN SERVICES LTD,230.5,231.8,225.6,225.6,229.9,13273805
2026-09-15,NIFTYJBLK,JIOBLACKROCKAMC-NIFTYJBLK,11.83,12.44,11.83,11.92,12.14,178450
2026-09-15,JITFINFRA,JITF INFRALOGISTICS LTD,286.0,291.0,275.6,279.35,290.35,27837
2026-09-15,JKCEMENT,JK CEMENT LIMITED,4843.5,4849.5,4701.0,4712.0,4843.5,24671
2026-09-15,JKLAKSHMI,JK LAKSHMI CEMENT LTD,506.0,516.0,500.25,504.9,505.9,138286
2026-09-15,JKPAPER,JK PAPER LIMITED,414.25,417.0,400.0,402.1,414.25,256584
2026-09-15,JKTYRE,JK TYRE & INDUSTRIES LTD,353.95,355.0,343.1,345.25,353.95,438110
2026-09-15,JKIL,JKUMAR INFR.LTD.,483.55,486.95,470.0,473.15,475.85,61527
2026-09-15,JMFINANCIL,JM FINANCIAL LIMITED,124.8,125.7,120.1,121.21,124.47,2800356
2026-09-15,JNKINDIA,JNK INDIA LIMITED,425.0,432.2,411.0,415.05,422.4,142537
2026-09-15,JOCIL,JOCIL LIMITED,145.4,149.9,140.7,142.39,149.89,8184
2026-09-15,COCKERILL,JOHN COCKERILL INDIA LTD.,8115.0,8885.0,8115.0,8286.0,8191.0,34982
2026-09-15,JSWCEMENT,JSW CEMENT LIMITED,118.7,119.33,116.2,116.88,118.87,928470
2026-09-15,JSWDULUX,JSW DULUX LIMITED,3175.1,3199.0,3083.1,3133.8,3155.1,50943
2026-09-15,JSWENERGY,JSW ENERGY LIMITED,526.45,526.45,505.0,505.0,526.45,897315
2026-09-15,JSWHL,JSW HOLDINGS LIMITED,11449.0,11543.0,10787.0,10967.0,11449.0,58618
2026-09-15,JSWINFRA,JSW INFRASTRUCTURE LTD,345.5,349.2,324.55,325.85,343.15,3396380
2026-09-15,JSWSTEEL,JSW STEEL LIMITED,1265.0,1267.7,1229.2,1229.2,1265.0,1030088
2026-09-15,JTEKTINDIA,JTEKT INDIA LIMITED,121.25,121.74,117.0,117.36,120.55,93642
2026-09-15,JTLIND,JTL INDUSTRIES LIMITED,89.39,89.39,80.25,82.47,88.68,3227041
2026-09-15,JUBLCPL,JUBILANT AGRI N CON PRO L,2106.0,2151.9,2079.0,2082.0,2105.8,4591
2026-09-15,JUBLFOOD,JUBILANT FOODWORKS LTD,468.95,472.95,461.6,466.0,470.25,471771
2026-09-15,JUBLINGREA,JUBILANT INGREVIA LIMITED,658.05,658.3,627.0,630.5,658.4,165058
2026-09-15,JUBLPHARMA,JUBILANT PHARMOVA LTD,1040.0,1041.0,1002.15,1011.95,1025.2,190713
2026-09-15,JMA,JULLUNDUR MOT AGENCY LTD,93.22,95.0,88.01,88.96,93.22,15451
2026-09-15,JNPR,JUNIPER GREEN ENERGY LTD,265.4,272.9,261.8,264.5,265.35,840795
2026-09-15,JUNIPER,JUNIPER HOTELS LIMITED,222.5,223.91,213.0,214.84,221.12,124447
2026-09-15,JLHL,JUPITER LIFE LINE HOSP L,278.0,283.0,270.65,275.55,279.15,62199
2026-09-15,JWL,JUPITER WAGONS LIMITED,241.0,242.82,230.4,231.17,239.58,630241
2026-09-15,JUSTDIAL,JUSTDIAL LTD.,668.0,669.95,646.85,661.85,665.55,149638
2026-09-15,JYOTHYLAB,JYOTHY LABS LIMITED,196.25,197.09,191.0,192.22,195.06,405665
2026-09-15,JYOTICNC,JYOTI CNC AUTOMATION LTD,989.0,990.6,954.0,961.45,985.0,550288
2026-09-15,JYOTIRES,JYOTI RESINS & ADHESIVE L,862.0,875.0,840.0,843.5,867.85,7780
2026-09-15,JYOTISTRUC,JYOTI STRUCTURES LTD,9.74,9.9,9.04,9.21,9.69,10215578
2026-09-15,KJMCFIN,K J M C FINANCIAL SERV L,60.51,62.94,60.51,60.95,60.51,214
2026-09-15,KMCSHIL,K M C SPECIALITY HOSP I L,138.48,138.56,132.0,132.8,138.47,108615
2026-09-15,KMSUGAR,K M SUGAR MILLS LTD,30.4,30.4,28.85,29.1,30.41,227201
2026-09-15,KPEL,K.P. ENERGY LIMITED,215.9,219.94,208.15,210.24,214.91,324350
2026-09-15,KABRAEXTRU,KABRA EXTRUSION TECHNIK L,741.9,741.9,650.85,650.85,723.15,313142
2026-09-15,KAJARIACER,KAJARIA CERAMICS LTD,1226.4,1226.7,1211.0,1213.6,1226.4,99558
2026-09-15,KAKATCEM,KAKATIYA CEM SUGAR &IND L,109.57,110.7,107.05,109.69,109.57,1411
2026-09-15,KALPATARU,KALPATARU LIMITED,266.0,268.95,253.0,255.45,266.25,80848
2026-09-15,KPIL,KALPATARU PROJECT INT LTD,1436.7,1438.5,1371.8,1380.2,1435.7,110460
2026-09-15,KALYANKJIL,KALYAN JEWELLERS IND LTD,610.0,616.0,604.2,604.2,601.15,8522494
2026-09-15,KICL,KALYANI INVEST CO LTD,5065.0,5198.0,4802.0,4846.5,5040.5,1570
2026-09-15,KSL,KALYANI STEELS LIMITED,970.0,985.0,922.1,930.45,968.75,163411
2026-09-15,KAMAHOLD,KAMA HOLDINGS LTD.,2273.5,2299.9,2250.0,2269.7,2273.5,8835
2026-09-15,KAMANWALA,KAMANWALA HOUSING CONST L,17.8,17.8,16.5,17.0,17.46,640
2026-09-15,KAMATHOTEL,KAMAT HOTELS (I) LTD,222.55,225.89,202.85,207.6,224.2,118268
2026-09-15,KAMOPAINTS,KAMDHENU VENTURES LIMITED,4.45,4.45,4.02,4.22,4.33,295047
2026-09-15,KANANIIND,KANANI INDUSTRIES LTD,1.49,1.52,1.4,1.44,1.5,194238
2026-09-15,KANCHI,KANCHI KARPOORAM LTD.,388.8,408.6,379.35,392.5,390.75,1278
2026-09-15,KANCOTEA,KANCO TEA & INDS. LTD.,52.31,56.98,52.31,56.8,52.29,1089
2026-09-15,KANPRPLA,KANPUR PLASTIPACK LIMITED,264.6,264.6,241.3,246.0,264.6,24653
2026-09-15,KANSAINER,KANSAI NEROLAC PAINTS LTD,189.24,190.02,182.2,183.03,188.6,138520
2026-09-15,KAPSTON,KAPSTON SERVICES LIMITED,590.0,590.0,550.2,563.45,588.2,45325
2026-09-15,KARMAENG,KARMA ENERGY LIMITED,40.0,40.0,37.27,37.29,39.63,4644
2026-09-15,KTKBANK,KARNATAKA BANK LIMITED,324.7,331.35,314.3,315.95,325.35,3508307
2026-09-15,KARURVYSYA,KARUR VYSYA BANK LTD,333.8,339.9,322.75,324.45,333.8,1975015
2026-09-15,KSCL,KAVERI SEED CO. LTD.,721.1,728.95,694.25,697.9,715.85,66169
2026-09-15,KAVDEFENCE,KAVVERI DFS & WIR TEC LTD,69.0,80.0,63.8,75.17,69.33,2090584
2026-09-15,KAYNES,KAYNES TECHNOLOGY IND LTD,3505.0,3527.8,3387.0,3392.0,3505.0,689922
2026-09-15,KCP,KCP LTD,162.4,162.94,158.18,159.15,162.4,118488
2026-09-15,KDGREEN,KD GREEN INDUSTRIES LTD,49.44,50.58,45.95,46.61,49.09,33359
2026-09-15,KDDL,KDDL LIMITED,3898.9,3918.0,3739.5,3756.5,3881.9,23873
2026-09-15,KEC,KEC INTL. LIMITED,427.1,429.6,403.45,406.9,406.4,5009834
2026-09-15,KEI,KEI INDUSTRIES LTD.,4570.0,4574.5,4449.0,4500.0,4578.0,371320
2026-09-15,KELLTONTEC,KELLTON TECH SOL LTD,13.82,14.7,13.45,13.65,13.77,5613507
2026-09-15,KENNAMET,KENNAMETAL INDIA LIMITED,4700.0,4739.6,4210.5,4266.4,4682.4,50119
2026-09-15,KERNEX,KERNEX MICROSYS(I) LTD,1738.0,1750.0,1650.0,1656.3,1732.1,124877
2026-09-15,KKCL,KEWAL KIRAN CLOTHING LTD,498.55,501.95,480.75,498.6,494.9,108121
2026-09-15,KEYFINSERV,KEYNOTE FIN SERV LTD.,233.0,254.75,233.0,246.6,239.2,345
2026-09-15,RUSTOMJEE,KEYSTONE REALTORS LIMITED,345.0,348.55,334.55,339.45,344.95,76157
2026-09-15,KFINTECH,KFIN TECHNOLOGIES LIMITED,901.8,903.85,880.0,884.8,900.0,761367
2026-09-15,KHAITANLTD,KHAITAN (INDIA)LTD.,166.0,166.0,156.5,158.94,162.51,5040
2026-09-15,KHAICHEM,KHAITAN CHEM & FERT LTD,54.43,54.5,50.11,50.6,54.03,260512
2026-09-15,KHANDSE,KHANDWALA SECURITIES LTD,16.58,17.99,16.58,17.67,17.1,1300
2026-09-15,KLBRENG-B,KILBURN ENGINEERING LTD.,480.5,483.5,457.8,466.0,486.95,216254
2026-09-15,KINGFA,KINGFA SCI & TEC IND LTD.,6280.0,6280.0,5701.5,5754.0,6197.0,37408
2026-09-15,KIOCL,KIOCL LIMITED,358.15,358.35,339.35,340.8,355.9,91774
2026-09-15,KIRANVYPAR,KIRAN VYAPAR LTD.,182.6,209.8,182.6,200.75,207.02,3176
2026-09-15,KIRIINDUS,KIRI INDUSTRIES LIMITED,540.65,544.15,520.0,522.85,537.35,551796
2026-09-15,KIRLOSBROS,KIRLOSKAR BROTHERS LTD,1789.3,1796.9,1719.9,1728.0,1784.0,80121
2026-09-15,KECL,KIRLOSKAR ELECTRIC CO LTD,124.34,124.6,118.2,119.47,124.21,107901
2026-09-15,KIRLFER,KIRLOSKAR FERROUS IND LTD,469.4,469.4,461.0,464.85,465.1,211119
2026-09-15,KIRLOSIND,KIRLOSKAR INDUSTRIES LTD,3974.6,3983.0,3762.0,3834.0,3828.3,37165
2026-09-15,KIRLOSENG,KIRLOSKAR OIL ENG LTD,2183.6,2212.5,2030.0,2041.6,2168.6,639048
2026-09-15,KIRLPNU,KIRLOSKAR PNEUMATIC COM L,718.45,718.45,694.3,698.15,719.9,172157
2026-09-15,KITEX,KITEX GARMENTS LTD,124.72,125.79,118.5,119.13,123.87,375463
2026-09-15,KNAGRI,KN AGRI RESOURCES LIMITED,196.5,196.7,191.75,192.52,193.74,6861
2026-09-15,KNACK,KNACK PACKAGING LIMITED,184.11,184.18,177.27,178.58,183.27,656445
2026-09-15,KMEW,KNOWLEDGE MARINE & EN W L,2869.2,2917.6,2699.0,2730.5,2869.2,78412
2026-09-15,KNRCON,KNR CONSTRU LTD.,126.05,126.45,120.62,121.22,125.66,956758
2026-09-15,KOHINOOR,KOHINOOR FOODS LIMITED,30.85,31.29,29.16,29.58,30.85,72803
2026-09-15,KOKUYOCMLN,KOKUYO CAMLIN LIMITED,78.25,78.89,76.9,77.0,77.91,27082
2026-09-15,KOLTEPATIL,KOLTE PATIL DEV. LTD.,436.8,437.2,418.5,420.8,436.85,69335
2026-09-15,KOPRAN,KOPRAN LTD,235.26,267.0,233.15,249.9,235.26,15857726
2026-09-15,GOLD1,KOTAK GOLD ETF,126.15,126.15,124.46,124.66,126.19,2132188
2026-09-15,KOTAKBANK,KOTAK MAHINDRA BANK LTD,420.5,420.5,409.8,409.8,419.0,14367343
2026-09-15,NIFTY1,KOTAK NIFTY ETF,257.81,263.01,257.03,257.46,260.41,195379
2026-09-15,PSUBANK,KOTAK PSU BANK,81.33,83.61,81.33,81.95,83.42,95380
2026-09-15,CHEMICAL,KOTAKMAMC - CHEMICAL,30.36,30.36,28.73,28.94,29.97,511729
2026-09-15,ALPHA,KOTAKMAMC - KOTAKALPHA,54.07,54.24,51.95,52.18,54.06,1858489
2026-09-15,CONS,KOTAKMAMC - KOTAKCONS,11.84,12.05,11.6,11.71,11.84,23897
2026-09-15,IT,KOTAKMAMC - KOTAKIT,32.77,33.85,32.43,32.85,32.13,995806
2026-09-15,LIQUID1,KOTAKMAMC - KOTAKLIQ,1122.52,1124.45,1122.0,1122.67,1122.52,702499
2026-09-15,LOWVOL1,KOTAKMAMC - KOTAKLOVOL,19.99,20.84,19.99,20.27,20.51,511920
2026-09-15,MIDCAP,KOTAKMAMC - KOTAKMID50,18.48,18.48,17.95,18.03,18.31,493281
2026-09-15,MNC,KOTAKMAMC - KOTAKMNC,33.08,33.08,32.0,32.18,32.71,154691
2026-09-15,SILVER1,KOTAKMAMC - KOTAKSILVE,22.0,22.02,21.69,21.78,22.01,10647931
2026-09-15,NV20,KOTAKMAMC - KTKNV20ETF,13.56,13.81,13.47,13.51,13.56,362180
2026-09-15,MID150,KOTAKMAMC - MID150,23.72,23.72,22.78,22.85,23.25,51260
2026-09-15,MOMENTUM30,KOTAKMAMC - MOMENTUM30,30.95,30.95,29.53,29.78,30.63,194013
2026-09-15,MSCIINDIA,KOTAKMAMC - MSCIINDIA,29.11,29.48,28.8,28.89,29.11,7421
2026-09-15,NEXT50ETF,KOTAKMAMC - NEXT50ETF,73.32,73.32,71.0,71.39,72.96,26824
2026-09-15,NIFTY100EW,KOTAKMAMC - NIFTY100EW,34.53,35.0,33.82,33.91,34.53,111737
2026-09-15,PVTBANK,KOTAKMAMC - PVTBANK,27.65,27.65,27.26,27.28,27.53,7206
2026-09-15,QUALITY30,KOTAKMAMC - QUALITY30,20.28,20.36,19.92,19.97,20.18,57105
2026-09-15,BANKNIFTY1,KOTAKMAMC-KOTAKBKETF,59.08,59.21,58.0,58.06,58.7,332242
2026-09-15,KOTIC,KOTHARI INDUSTRIAL CORP L,133.9,133.9,125.15,126.62,133.82,23198
2026-09-15,KOTHARIPET,KOTHARI PETROCHEM LTD,139.59,140.54,129.0,130.35,138.57,123365
2026-09-15,KOTHARIPRO,KOTHARI PRODUCTS LTD,65.78,67.61,65.0,65.03,65.78,7715
2026-09-15,KOVAI,KOVAI MEDICAL CENTER & HO,6111.5,6189.0,5980.5,6019.0,6203.5,11357
2026-09-15,KPIGREEN,KPI GREEN ENERGY LIMITED,281.75,286.95,275.8,277.15,281.7,686169
2026-09-15,KPITTECH,KPIT TECHNOLOGIES LIMITED,560.0,580.95,560.0,563.0,553.75,4090759
2026-09-15,KPRMILL,KPR MILL LTD.,1110.0,1129.0,1105.1,1120.2,1109.1,204356
2026-09-15,KRBL,KRBL LIMITED,423.65,423.65,391.0,397.15,421.05,697222
2026-09-15,KREBSBIO,KREBS BIOCHEMICALS & IND,58.5,59.5,56.03,56.27,58.72,7980
2026-09-15,KRIDHANINF,KRIDHAN INFRA LIMITED,1.97,1.98,1.92,1.94,1.96,16747
2026-09-15,KRISHANA,KRISHANA PHOSCHEM LIMITED,180.9,183.0,173.29,177.2,179.66,700166
2026-09-15,KRISHIVAL,KRISHIVAL FOODS LIMITED,420.65,421.1,418.0,419.5,419.95,7459
2026-09-15,KRISHNADEF,KRISHNA DEF AND ALD IND L,1088.8,1088.8,1021.4,1027.8,1065.5,121172
2026-09-15,KIMS,KRISHNA INST OF MED SCI L,770.0,772.15,755.0,766.85,768.95,493213
2026-09-15,KRITI,KRITI INDUSTRIES IND LTD,64.0,64.0,60.6,61.6,61.4,5506
2026-09-15,KRITINUT,KRITI NUTRIENTS LIMITED,81.32,82.79,79.51,80.78,80.52,9657
2026-09-15,KRITIKA,KRITIKA WIRES LIMITED,5.35,5.48,5.2,5.24,5.4,102293
2026-09-15,KRN,KRN HEAT EXCHANGE N REF L,1593.6,1601.1,1514.0,1514.0,1593.6,232761
2026-09-15,KROSS,KROSS LIMITED,240.0,243.29,226.01,228.87,239.07,885883
2026-09-15,KRSNAA,KRSNAA DIAGNOSTICS LTD,552.45,552.6,540.0,541.65,550.05,38940
2026-09-15,KRYSTAL,KRYSTAL INTEGRATED SER L,623.6,623.6,604.0,607.8,614.45,8328
2026-09-15,KSB,KSB LIMITED,810.05,812.0,780.4,787.95,804.2,182033
2026-09-15,KSE,KSE LTD.,180.75,180.75,176.12,176.88,177.22,17510
2026-09-15,KSHINTL,KSH INTERNATIONAL LIMITED,1184.0,1186.9,1048.25,1058.85,1170.9,500166
2026-09-15,KSHITIJPOL,KSHITIJ POLYLINE LIMITED,3.45,3.65,3.4,3.65,3.48,7902695
2026-09-15,KSOLVES,KSOLVES INDIA LIMITED,258.5,264.95,251.0,252.1,258.1,43296
2026-09-15,KSR,KSR FOOTWEAR LIMITED,42.61,44.52,42.61,44.4,42.4,100470
2026-09-15,KUANTUM,KUANTUM PAPERS LIMITED,76.88,80.49,75.15,75.99,76.43,324561
2026-09-15,KUSUMGAR,KUSUMGAR LIMITED,565.0,569.9,549.3,552.35,568.1,213151
2026-09-15,KPL,KWALITY PHARMACEUTICALS L,3700.0,3786.4,3392.5,3430.6,3643.3,57728
2026-09-15,KWIL,KWALITY WALL'S (INDIA) L,43.6,43.69,40.51,40.83,43.04,11063147
2026-09-15,LKPSEC,L K P SECURITIES LTD.,15.82,16.5,14.99,15.2,15.82,12628
2026-09-15,LTF,L&T FINANCE LIMITED,310.6,311.3,296.6,296.8,309.1,3858315
2026-09-15,LTTS,L&T TECHNOLOGY SER. LTD.,3402.0,3441.0,3300.5,3312.2,3337.4,60380
2026-09-15,LAOPALA,LA OPALA RG LIMITED,158.93,165.79,158.7,160.63,158.93,442956
2026-09-15,LADDERUP,LADDERUP FINANCE LTD.,80.9,80.98,66.88,66.88,74.31,62133
2026-09-15,LAGNAM,LAGNAM SPINTEX LIMITED,72.9,74.9,70.4,71.15,72.56,8595
2026-09-15,LAHOTIOV,LAHOTI OVERSEAS LTD.,40.6,40.97,39.25,39.28,40.55,13284
2026-09-15,LFIC,LAKSHMI FIN IND CORP LTD,136.1,157.89,135.6,136.64,139.35,32513
2026-09-15,LAKSHMIMIL,LAKSHMI MILLS CO. LTD.,7799.0,8000.0,7565.0,7565.0,7800.0,96
2026-09-15,LALITHAA,LALITHAA JEWELLERY MART L,321.7,321.7,321.7,321.7,338.6,947094
2026-09-15,LAMBODHARA,LAMBODHARA TEXTILES LTD.,139.93,139.93,127.37,130.33,137.37,16281
2026-09-15,LANCER,LANCER CONTAINER LINES L,13.18,13.18,12.4,12.47,12.74,274163
2026-09-15,LANDMARK,LANDMARK CARS LIMITED,490.0,493.95,470.0,470.35,487.95,61400
2026-09-15,LPDC,LANDMARK PR.DEV.CO.LTD,6.24,6.24,6.02,6.06,6.16,23268
2026-09-15,LANDSMILL,LANDSMILL GREEN LIMITED,0.56,0.58,0.55,0.57,0.56,1865848
2026-09-15,LT,LARSEN & TOUBRO LTD.,3959.0,3959.0,3835.7,3850.7,3930.7,1848703
2026-09-15,LASERPOWER,LASER POWER & INFRA LTD,289.8,290.55,267.6,271.9,289.75,1156486
2026-09-15,LATENTVIEW,LATENT VIEW ANALYTICS LTD,254.05,264.8,251.7,252.9,252.45,1164017
2026-09-15,LATTEYS,LATTEYS INDUSTRIES LTD,21.08,21.74,20.12,20.52,21.8,67559
2026-09-15,LAURUSLABS,LAURUS LABS LIMITED,1975.0,1981.0,1915.6,1926.9,1969.0,1538262
2026-09-15,LAXMICOT,LAXMI COTSPIN LIMITED,12.89,13.29,12.39,12.63,12.89,13495
2026-09-15,LAXMIDENTL,LAXMI DENTAL LIMITED,202.14,205.0,196.0,197.46,202.84,65633
2026-09-15,LGHL,LAXMI GOLDORNA HOUSE LTD,184.78,187.0,175.86,185.11,183.99,11020
2026-09-15,LAXMIINDIA,LAXMI INDIA FINANCE LTD,128.0,130.0,120.3,121.59,129.07,330864
2026-09-15,LXCHEM,LAXMI ORGANIC INDUS LTD,175.56,176.01,167.01,167.83,175.56,901508
2026-09-15,LCCINFOTEC,LCC INFOTECH LTD,3.15,3.15,2.99,2.99,3.14,115767
2026-09-15,LEMERITE,LE MERITE EXPORTS LIMITED,20.41,20.95,20.06,20.06,21.11,242138
2026-09-15,IXIGO,LE TRAVENUES TECHNOLOGY L,159.2,167.29,159.0,161.02,158.63,2920496
2026-09-15,LEAPIND,LEAP INDIA LIMITED,145.31,145.31,132.92,134.61,144.34,3444783
2026-09-15,THELEELA,LEELA PALACES HOTEL LTD,538.0,541.45,519.15,522.45,542.3,189584
2026-09-15,LEMONTREE,LEMON TREE HOTELS LTD,104.75,105.13,102.3,102.58,104.78,2149510
2026-09-15,LENSKART,LENSKART SOLUTIONS LTD,691.2,701.25,679.5,685.4,681.75,6456204
2026-09-15,LEXUS,LEXUS GRANITO (INDIA) LTD,13.94,13.94,12.58,12.75,13.31,20196
2026-09-15,LGBBROSLTD,LG BALAKRISHNAN & BROS,1711.0,1720.0,1697.2,1703.2,1711.0,21277
2026-09-15,LGEINDIA,LG ELECTRONICS INDIA LTD,1636.8,1658.0,1622.6,1629.6,1636.8,617142
2026-09-15,LIBAS,LIBAS CONSU PRODUCTS LTD,11.4,12.0,11.22,11.43,11.2,180219
2026-09-15,LIBERTSHOE,LIBERTY SHOES LTD,228.68,228.68,217.5,218.62,228.68,49862
2026-09-15,LICHSGFIN,LIC HOUSING FINANCE LTD,563.9,565.25,538.5,542.0,562.9,4654811
2026-09-15,LICMFGOLD,LIC MF - LIC GOLD ETF,136.25,136.25,133.75,133.95,136.3,71303
2026-09-15,LICNETFN50,LICNAMC - LICNFENGP,257.19,264.69,257.19,261.0,263.79,387
2026-09-15,LICNETFSEN,LICNAMC - LICNFESGP,841.94,853.93,839.46,841.79,841.94,40
2026-09-15,LICNFNHGP,LICNAMC - LICNFNHGP,269.57,272.8,263.25,270.0,269.57,140
2026-09-15,LICNETFGSC,LICNAMC - LICNMFET,29.0,29.58,29.0,29.23,29.31,2720
2026-09-15,LICNMID100,LICNAMC - LICNMID100,63.48,63.48,60.62,60.99,62.8,8554
2026-09-15,LICI,LIFE INSURA CORP OF INDIA,402.6,404.7,390.65,391.5,404.1,12174521
2026-09-15,LIKHITHA,LIKHITHA INFRASTRUC LTD,218.0,234.0,208.0,222.22,217.07,176186
2026-09-15,LINC,LINC LIMITED,95.12,97.41,94.0,95.02,95.61,5415
2026-09-15,LINCOLN,LINCOLN PHARMA LTD,625.05,630.9,600.0,602.6,623.5,62529
2026-09-15,LINDEINDIA,LINDE INDIA LIMITED,6250.0,6267.0,6065.0,6080.0,6227.5,15285
2026-09-15,LLOYDSENGG,LLOYDS ENGG WORK LIMITED,83.09,83.19,79.35,79.71,82.76,4655333
2026-09-15,LLOYDSENT,LLOYDS ENTERPRISES LTD,70.0,70.33,67.28,67.64,69.79,1887015
2026-09-15,LLOYDSME,LLOYDS METALS N ENERGY L,1789.1,1809.9,1741.0,1778.8,1799.6,587090
2026-09-15,LMW,LMW LIMITED,17790.0,17797.0,17022.0,17103.0,17727.0,2531
2026-09-15,LODHA,LODHA DEVELOPERS LIMITED,1128.0,1128.0,1064.8,1064.8,1116.9,1480215
2026-09-15,LCL,LOHIA CORP LIMITED,550.2,551.7,532.15,535.5,553.05,297525
2026-09-15,LOKESHMACH,LOKESH MACHINES LTD,343.15,350.75,330.0,332.2,347.15,24268
2026-09-15,LORDSCHLO,LORDS CHLORO ALKALI LTD,136.99,138.99,129.68,131.1,137.67,11716
2026-09-15,LAL,LORENZINI APPARELS LTD,8.8,9.88,8.76,8.99,8.83,18605
2026-09-15,LOTUSCHO,LOTUS CHOCOLATE CO. LTD.,586.5,594.9,570.0,574.9,589.45,2708
2026-09-15,LOTUSEYE,LOTUS EYE HOSP & INST L,111.3,115.3,109.57,110.59,113.9,16668
2026-09-15,LOVABLE,LOVABLE LINGERIE LTD,71.98,71.98,69.69,70.91,71.73,10863
2026-09-15,LOYALTEX,LOYAL TEXTILE MILLS LTD,209.0,211.0,209.0,210.0,213.83,73
2026-09-15,LTFOODS,LT FOODS LIMITED,439.9,440.0,420.1,421.05,438.1,376661
2026-09-15,LTM,LTM LIMITED,4404.3,4568.9,4323.3,4346.6,4275.0,663212
2026-09-15,LUMAXTECH,LUMAX AUTO TECH LTD,2019.9,2048.9,1951.9,1991.3,1993.7,233217
2026-09-15,LUMAXIND,LUMAX INDUSTRIES LTD,5879.5,5943.0,5710.5,5766.5,5879.5,12304
2026-09-15,LUMINO,LUMINO INDUSTRIES LIMITED,109.7,110.64,100.62,103.16,108.81,7645621
2026-09-15,LUPIN,LUPIN LIMITED,2095.0,2099.5,2049.5,2063.2,2095.0,599677
2026-09-15,LUXIND,LUX INDUSTRIES LIMITED,1139.8,1139.8,1052.2,1056.7,1098.6,34774
2026-09-15,MBEL,M AND B ENGINEERING LTD,256.1,263.7,250.05,252.65,254.2,230610
2026-09-15,MKEXIM,M K EXIM (INDIA) LTD.,66.9,66.9,61.5,64.52,64.99,4900
2026-09-15,MKPL,M K PROTEINS LIMITED,3.97,4.0,3.9,3.92,3.96,84266
2026-09-15,MCL,M TEK COPPER LIMITED,59.08,59.08,56.15,56.53,57.92,39754
2026-09-15,M&MFIN,M&M FIN. SERVICES LTD,356.15,358.75,341.0,342.3,356.15,1375707
2026-09-15,MAANALU,MAAN ALUMINIUM LIMITED,110.4,111.96,105.0,106.14,110.4,90260
2026-09-15,MCCHRLS-B,MAC CHARLES (INDIA) LTD.,675.0,675.0,650.0,675.0,673.9,226
2026-09-15,MACPOWER,MACPOWER CNC MACHINES LTD,1843.0,1950.0,1786.2,1882.3,1843.0,51674
2026-09-15,MADHAVIPL,MADHAV INFRA PROJECTS L,8.0,8.0,7.71,7.82,7.96,112440
2026-09-15,MADHAV,MADHAV MARBLE & GRANITE,36.29,36.7,35.01,35.18,36.29,1158
2026-09-15,MBAPL,MADHYA BHARAT AGRO P. LTD,161.99,163.1,153.98,155.82,160.87,1205876
2026-09-15,MADRASFERT,MADRAS FERTILISERS LTD,62.99,62.99,60.01,60.52,61.83,36951
2026-09-15,MAFATIND,MAFATLAL INDUSTRIES LTD.,122.0,126.61,121.0,122.15,122.57,58688
2026-09-15,MAGADSUGAR,MAGADH SUGAR & ENERGY LTD,545.0,548.95,515.0,520.15,543.8,18117
2026-09-15,MCLOUD,MAGELLANIC CLOUD LIMITED,25.67,27.1,25.55,25.58,25.67,1685258
2026-09-15,MAGNUM,MAGNUM VENTURES LTD.,18.42,19.07,18.41,18.69,18.73,12637
2026-09-15,MAHAPEXLTD,MAHA RASHTRA APEX COPR. L,54.57,56.6,53.1,53.15,54.57,4322
2026-09-15,MFML,MAHALAXMI FABRIC MILLS LT,18.54,19.44,18.53,18.68,18.52,2803
2026-09-15,MGL,MAHANAGAR GAS LTD.,1081.0,1092.2,1069.1,1071.7,1084.3,66528
2026-09-15,MTNL,MAHANAGAR TELEPHONE NIGAM,24.94,25.12,23.62,23.7,24.74,1071039
2026-09-15,MAHSCOOTER,MAHARASHTRA SCOOTERS LTD,13027.0,13230.0,12750.0,12882.0,12964.0,4586
2026-09-15,MAHSEAMLES,MAHARASHTRA SEAMLESS LTD,735.0,738.6,696.0,701.1,728.9,328878
2026-09-15,MAHESHWARI,MAHESHWARI LOGISTICS LTD.,71.2,73.99,70.3,70.3,70.71,9099
2026-09-15,M&M,MAHINDRA & MAHINDRA LTD,3114.6,3119.6,3029.5,3029.5,3107.0,2176832
2026-09-15,MAHEPC,MAHINDRA EPC IRRIG LTD,102.0,103.98,101.02,102.08,101.82,19128
2026-09-15,MHRIL,MAHINDRA HOLIDAYS LTD,198.04,199.86,191.1,192.4,196.73,132435
2026-09-15,MAHLIFE,MAHINDRA LIFESPACE DEVLTD,353.1,363.45,345.05,345.9,353.05,92194
2026-09-15,MAHLOG,MAHINDRA LOGISTIC LIMITED,398.4,398.4,381.8,387.25,397.2,147295
2026-09-15,MAITHANALL,MAITHAN ALLOYS LTD,1045.85,1051.7,1002.0,1006.05,1045.85,80106
2026-09-15,MAKERSL,MAKERS LABORATORIES LTD.,184.95,187.2,171.36,173.77,185.87,4843
2026-09-15,MALLCOM,MALLCOM (INDIA) LIMITED,959.05,959.05,905.15,911.95,952.15,3685
2026-09-15,MALUPAPER,MALU PAPER MILLS LIMITED,34.53,35.25,32.92,32.96,34.53,11021
2026-09-15,MAMATA,MAMATA MACHINERY LIMITED,411.9,413.55,392.25,396.65,407.85,46873
2026-09-15,MANAKCOAT,MAN COAT METAL & IND LTD,130.05,130.5,123.36,124.19,128.53,148602
2026-09-15,MANINDS,MAN INDUSTRIES (I) LTD.,866.1,866.65,802.6,808.2,866.1,1027095
2026-09-15,MANINFRA,MAN INFRA LTD,127.48,127.48,122.89,124.83,126.87,1734690
2026-09-15,MANAKALUCO,MANAK ALUMINIUM CO. LTD.,36.55,37.53,35.11,35.47,36.87,91668
2026-09-15,MANAKSIA,MANAKSIA LTD.,71.0,72.95,67.35,68.01,70.95,62854
2026-09-15,MANALIPETC,MANALI PETROCHEMICALS LT,84.93,87.4,79.0,80.19,84.93,1729990
2026-09-15,MANAPPURAM,MANAPPURAM FINANCE LTD,327.1,330.45,317.7,318.85,329.0,3726323
2026-09-15,MANBA,MANBA FINANCE LIMITED,133.42,135.99,131.12,133.87,132.47,104730
2026-09-15,MANCREDIT,MANGAL CREDIT N FINCORP L,221.97,224.9,214.0,215.36,219.9,145803
2026-09-15,MEIL,MANGAL ELECTRICAL IND L,280.7,284.0,271.0,276.55,282.1,57165
2026-09-15,MANGLMCEM,MANGALAM CEMENT LTD,1016.0,1022.4,983.8,989.4,1028.0,49675
2026-09-15,MANGALAM,MANGALAM DRUG & CHEM LTD,36.0,36.46,33.22,33.54,36.46,109928
2026-09-15,MGEL,MANGALAM GLOBAL ENT LTD,16.2,16.2,15.5,15.53,15.86,227004
2026-09-15,MANORG,MANGALAM ORGANICS LIMITED,468.4,475.0,450.1,454.3,466.45,11510
2026-09-15,MSL,MANGALAM SEEDS LTD.,138.5,140.0,134.0,140.0,141.56,405
2026-09-15,MWL,MANGALAM WORLDWIDE LTD,41.9,48.0,39.29,41.03,40.6,7108354
2026-09-15,MANIPALHOS,MANIPAL HEALTH ENTERPRI L,720.0,721.9,698.0,701.7,717.35,589061
2026-09-15,MANKIND,MANKIND PHARMA LIMITED,2280.0,2300.9,2251.8,2280.5,2280.0,446450
2026-09-15,MVGJL,MANOJ VAIBHAV GEM N JEW L,197.8,212.0,193.23,196.05,197.37,407195
2026-09-15,MANOMAY,MANOMAY TEX INDIA LTD,235.5,239.8,224.5,228.71,234.19,116912
2026-09-15,MANORAMA,MANORAMA INDUSTRIES LTD,2050.0,2057.3,1975.0,1987.1,2055.7,151439
2026-09-15,MANUGRAPH,MANUGRAPH INDIA LIMITED,16.03,16.5,14.0,14.65,14.96,50721
2026-09-15,MARALOVER,MARAL OVERSEAS LTD,61.3,67.0,60.0,60.0,62.41,15938
2026-09-15,MARATHON,MARATHON NXTGEN REALT LTD,435.45,435.45,410.2,414.0,435.45,56871
2026-09-15,MARICO,MARICO LIMITED,809.65,809.8,791.25,791.25,802.1,1533193
2026-09-15,MARINE,MARINE ELECTRICAL (I) LTD,422.0,426.55,373.3,376.75,419.15,1230221
2026-09-15,MARKOLINES,MARKOLINES PAVEMENT TEC L,171.0,171.47,161.27,163.08,170.86,166974
2026-09-15,MARKSANS,MARKSANS PHARMA LIMITED,330.0,331.4,301.1,312.85,329.4,2298117
2026-09-15,MARSONS,MARSONS LIMITED,128.0,129.0,121.0,121.3,127.24,2630119
2026-09-15,MARUTI,MARUTI SUZUKI INDIA LTD.,12470.0,12470.0,12231.0,12231.0,12400.0,286167
2026-09-15,MASFIN,MAS FINANCIAL SERV LTD,296.0,298.95,290.55,294.9,295.95,140211
2026-09-15,MASKINVEST,MASK INVESTMENTS LIMITED,140.1,151.95,140.1,140.8,145.36,190
2026-09-15,MASTEK,MASTEK LTD,1661.0,1743.0,1642.1,1652.1,1626.3,341353
2026-09-15,MASTERTR,MASTER TRUST LIMITED,89.25,90.38,83.45,87.55,90.61,1302449
2026-09-15,MATRIMONY,MATRIMONY.COM LIMITED,515.9,516.55,492.0,497.8,514.8,13536
2026-09-15,MAWANASUG,MAWANA SUGARS LIMITED,135.62,136.08,127.0,129.0,134.63,195212
2026-09-15,MAXESTATES,MAX ESTATES LIMITED,559.75,571.5,542.0,568.9,560.45,257350
2026-09-15,MFSL,MAX FINANCIAL SERV LTD,1478.4,1482.0,1425.9,1425.9,1477.0,557252
2026-09-15,MAXHEALTH,MAX HEALTHCARE INS LTD,1048.0,1048.0,1030.0,1030.0,1037.7,2836517
2026-09-15,MAXIND,MAX INDIA LIMITED,145.7,149.71,137.36,139.12,146.0,80771
2026-09-15,MAYURUNIQ,MAYUR UNIQUOTERS LTD,743.3,770.75,725.0,745.2,740.05,314452
2026-09-15,MAZDOCK,MAZAGON DOCK SHIPBUIL LTD,2339.0,2346.9,2225.1,2236.0,2339.0,762530
2026-09-15,MBLINFRA,MBL INFRASTRUCTURE LTD,22.46,23.68,22.4,22.56,23.0,13462
2026-09-15,MCLEODRUSS,MCLEOD RUSSEL INDIA LTD.,43.11,43.69,41.15,41.57,43.28,364882
2026-09-15,MEDIASSIST,MEDI ASSIST HEALTH SER L,316.4,321.4,308.0,309.9,316.4,149893
2026-09-15,MEDICAPQ,MEDI CAPS LTD.,31.0,31.0,28.53,28.53,31.7,34469
2026-09-15,MMWL,MEDIA MATRIX WORLDWIDE L,13.46,14.1,13.4,13.77,13.46,30090
2026-09-15,MEDICAMEQ,MEDICAMEN BIOTECH LIMITED,329.5,341.0,312.1,318.2,323.05,154184
2026-09-15,MEDICO,MEDICO REMEDIES LIMITED,37.05,37.59,35.5,35.68,37.05,163751
2026-09-15,MEDPLUS,MEDPLUS HEALTH SERV LTD,660.45,666.6,654.0,656.3,660.15,61605
2026-09-15,MEESHO,MEESHO LIMITED,219.44,220.9,210.61,212.4,217.08,20742207
2026-09-15,MEGASTAR,MEGASTAR FOODS LIMITED,266.9,295.0,266.9,285.5,277.5,11101
2026-09-15,MOL,MEGHMANI ORGANICS LIMITED,62.86,63.15,58.58,58.86,62.52,828296
2026-09-15,MIIL,MEGHNA INFRACON INFRA L,681.3,698.7,658.2,666.1,676.45,89895
2026-09-15,MERCANTILE,MERCANTILE VENTURES LTD.,23.85,24.98,21.0,22.02,23.86,3578
2026-09-15,MERCURYEV,MERCURY EV-TECH LIMITED,42.6,43.99,40.7,40.87,41.86,1209534
2026-09-15,METROBRAND,METRO BRANDS LIMITED,954.75,954.75,938.4,944.45,940.2,34577
2026-09-15,METROGLOBL,METROGLOBAL LTD.,140.65,143.0,132.9,134.31,138.58,893
2026-09-15,METROPOLIS,METROPOLIS HEALTHCARE LTD,586.0,591.5,569.85,572.5,585.5,118075
2026-09-15,MIDWESTLTD,MIDWEST LIMITED,1030.0,1033.0,967.6,974.3,1016.4,50494
2026-09-15,MLKFOOD,MILKFOOD LTD.,80.64,83.0,75.0,78.84,80.64,5091
2026-09-15,MILKYMIST,MILKY MIST DAIRY FOOD L,290.0,304.7,278.14,278.14,292.77,10778708
2026-09-15,MINDACORP,MINDA CORPORATION LTD,702.3,704.6,675.0,678.95,705.45,184069
2026-09-15,MINDTECK,MINDTECK (INDIA) LIMITED,161.61,162.28,151.8,154.36,158.61,44745
2026-09-15,ALPHAETF,MIRAEAMC - ALPHAETF,26.49,26.51,25.65,25.68,26.49,494292
2026-09-15,BANKETF,MIRAEAMC - BANKETF,580.7,580.7,569.69,571.28,577.62,30068
2026-09-15,BANKPSU,MIRAEAMC - BANKPSU,83.72,84.34,82.41,82.56,84.34,18464
2026-09-15,CONSUMER,MIRAEAMC - CONSUMER,12.06,12.06,11.58,11.61,11.82,341421
2026-09-15,DEFENCE,MIRAEAMC - DEFENCE,83.56,83.56,76.5,76.88,81.92,1049090
2026-09-15,DIVIDEND,MIRAEAMC - DIVIDEND,35.16,35.26,34.67,34.71,34.86,7148
2026-09-15,ENERGY,MIRAEAMC - ENERGY,37.34,39.0,37.34,37.4,38.3,440593
2026-09-15,EQUAL200,MIRAEAMC - EQUAL200,13.59,13.59,13.33,13.33,13.59,30673
2026-09-15,EQUAL50,MIRAEAMC - EQUAL50,324.99,324.99,319.56,320.43,324.09,1653
2026-09-15,EVINDIA,MIRAEAMC - EVINDIA,32.78,32.78,31.41,31.5,31.99,246999
2026-09-15,HEALTHCARE,MIRAEAMC - HEALTHCARE,22.14,22.14,21.38,21.39,21.71,50176
2026-09-15,HYBRIDETF,MIRAEAMC - HYBRIDETF,10.04,10.04,9.85,9.86,10.04,94732
2026-09-15,INFRA,MIRAEAMC - INFRA,11.93,11.93,11.55,11.55,11.91,173654
2026-09-15,INTERNET,MIRAEAMC - INTERNET,14.86,14.87,14.39,14.45,14.87,237631
2026-09-15,ITETF,MIRAEAMC - ITETF,31.7,32.28,31.33,31.37,30.74,430820
2026-09-15,LARGEMID50,MIRAEAMC - LARGEMID50,35.85,35.85,35.03,35.06,35.69,3975
2026-09-15,LIQUID,MIRAEAMC - LIQUID,999.99,1000.0,999.99,999.99,999.99,503276
2026-09-15,LIQUIDPLUS,MIRAEAMC - LIQUIDPLUS,1103.18,1103.2,1103.18,1103.18,1103.07,903247
2026-09-15,ESG,MIRAEAMC - MAESGETF,40.38,40.44,39.72,39.72,40.18,17564
2026-09-15,MAFANG,MIRAEAMC - MAFANG,241.44,243.68,226.55,234.2,235.56,931372
2026-09-15,BFSI,MIRAEAMC - MAFSETF,27.18,27.18,25.9,26.18,26.52,162863
2026-09-15,GOLDETF,MIRAEAMC - MAGOLDETF,147.01,147.01,145.16,145.49,147.2,1698626
2026-09-15,GSEC10YEAR,MIRAEAMC - MAGS813ETF,30.34,30.46,29.99,30.05,30.49,1000
2026-09-15,MAHKTECH,MIRAEAMC - MAHKTECH,22.58,22.8,21.6,21.74,22.03,1392067
2026-09-15,MIDCAPETF,MIRAEAMC - MAM150ETF,23.56,23.56,22.85,22.91,23.39,2930640
2026-09-15,MAKEINDIA,MIRAEAMC - MAMFGETF,159.53,164.48,158.63,158.97,162.79,44125
2026-09-15,NIFTYETF,MIRAEAMC - MAN50ETF,255.17,258.86,252.12,252.68,255.29,119757
2026-09-15,LOWVOL,MIRAEAMC - MANV30F,200.1,201.1,198.22,198.22,200.1,160
2026-09-15,NEXT50,MIRAEAMC - MANXT50,746.1,749.83,726.93,728.36,746.1,56707
2026-09-15,SILVERAG,MIRAEAMC - MASILVER,220.5,220.5,217.67,218.62,220.59,216997
2026-09-15,MASPTOP50,MIRAEAMC - MASPTOP50,96.31,100.48,93.97,95.31,93.97,1078493
2026-09-15,METAL,MIRAEAMC - METAL,12.83,14.18,12.74,12.8,13.16,3768383
2026-09-15,MIDSMALL,MIRAEAMC - MIDSMALL,51.56,51.67,50.16,50.28,51.56,246418
2026-09-15,MOMMIDCAP,MIRAEAMC - MOMMIDCAP,12.96,13.13,12.56,12.58,12.99,1704461
2026-09-15,MULTICAP,MIRAEAMC - MULTICAP,16.78,16.78,16.21,16.22,16.51,191369
2026-09-15,SELECTIPO,MIRAEAMC - SELECTIPO,48.72,48.72,47.31,47.34,48.48,61098
2026-09-15,SENSEXETF,MIRAEAMC - SENSEXETF,77.77,77.77,76.34,76.63,77.42,24562
2026-09-15,SMALL250,MIRAEAMC - SMALL250,18.86,18.86,17.93,17.98,18.4,505834
2026-09-15,SMALLCAP,MIRAEAMC - SMALLCAP,49.49,49.49,46.87,47.76,49.14,7245494
2026-09-15,TOP20,MIRAEAMC - TOP20,8.71,8.73,8.59,8.6,8.65,170172
2026-09-15,VALUE,MIRAEAMC - VALUE,15.95,15.95,15.64,15.65,15.92,21562
2026-09-15,MIRZAINT,MIRZA INTERNATIONAL LIMIT,30.63,31.48,29.03,29.4,30.63,299174
2026-09-15,MIDHANI,MISHRA DHATU NIGAM LTD,448.35,450.5,402.15,405.85,447.4,2748265
2026-09-15,MITCON,MITCON CON & ENG SER LTD,80.56,80.56,78.01,80.0,80.15,753
2026-09-15,MITTAL,MITTAL LIFE STYLE LIMITED,0.8,0.81,0.77,0.77,0.8,2832041
2026-09-15,MMFL,MM FORGINGS LTD,631.7,633.65,583.5,593.8,631.7,198758
2026-09-15,MMP,MMP INDUSTRIES LIMITED,474.35,498.0,453.25,457.7,469.95,68004
2026-09-15,MMTC,MMTC LIMITED,62.42,62.99,60.34,60.77,61.92,973978
2026-09-15,MODTHREAD,MODERN THREADS INDIA LTD,52.98,53.0,51.11,52.13,52.92,5839
2026-09-15,MODINATUR,MODI NATURALS LIMITED,343.7,347.9,336.25,338.0,339.7,7810
2026-09-15,MODIRUBBER,MODI RUBBER LTD,122.76,126.8,120.4,121.46,123.91,2584
2026-09-15,MODIS,MODIS NAVNIRMAN LTD,365.0,365.7,350.1,354.4,365.5,14475
2026-09-15,MOHITIND,MOHIT INDUSTRIES LTD,24.1,24.1,22.65,23.68,23.23,6206
2026-09-15,MOHITE,MOHITE INDUSTRIES LTD.,2.72,2.79,2.25,2.54,2.63,228258
2026-09-15,MOIL,MOIL LIMITED,246.0,247.4,237.26,238.54,244.93,756254
2026-09-15,MOKSH,MOKSH ORNAMENTS LIMITED,10.31,10.59,9.95,10.01,10.31,123393
2026-09-15,MOLBIO,MOLBIO DIAGNOSTICS LTD,1419.7,1419.7,1273.0,1356.8,1438.2,3774360
2026-09-15,MOLDTKPAC,MOLD-TEK PACKAGING LTD,670.7,677.45,650.25,652.1,676.45,53186
2026-09-15,MONARCH,MONARCH NETWORTH CAP LTD,370.95,374.0,365.55,366.5,373.95,73907
2026-09-15,MONEYBOXX,MONEYBOXX FINANCE LIMITED,42.2,44.94,42.19,44.94,40.86,85676
2026-09-15,MONTECARLO,MONTE CARLO FASHIONS LTD.,555.45,560.9,548.0,552.35,555.45,63656
2026-09-15,MOREPENLAB,MOREPEN LAB. LTD,116.0,116.68,104.8,106.22,115.78,18625874
2026-09-15,MOSCHIP,MOSCHIP TECHNOLOGIES LTD,210.35,211.7,202.0,203.02,210.29,1146326
2026-09-15,MSUMI,MOTHERSON SUMI WRNG IND L,36.5,36.58,34.76,35.06,36.3,10784713
2026-09-15,MOM100,MOTILAL OS MIDCAP100 ETF,67.29,67.8,65.74,65.95,67.29,539284
2026-09-15,MON100,MOTILAL OS NASDAQ100 ETF,338.44,342.81,330.02,330.62,332.83,785006
2026-09-15,MOTILALOFS,MOTILAL OSWAL FIN LTD,1029.0,1030.0,985.1,990.8,1026.5,581522
2026-09-15,MOM50,MOTILAL OSWAL M50 ETF,251.82,251.82,242.9,243.41,246.88,3874
2026-09-15,MOGSEC,MOTILALAMC - G5,65.5,65.68,64.8,65.01,65.17,1521
2026-09-15,MOALPHA50,MOTILALAMC - MOALPHA50,56.12,57.1,53.86,54.04,56.12,24436
2026-09-15,MOBANK10,MOTILALAMC - MOBANK10,16.73,17.07,16.39,16.42,16.65,1948
2026-09-15,MOCAPITAL,MOTILALAMC - MOCAPITAL,54.04,55.33,52.67,52.85,53.99,972221
2026-09-15,MODEFENCE,MOTILALAMC - MODEFENCE,110.0,110.0,100.3,100.76,106.73,4664150
2026-09-15,MOENERGY,MOTILALAMC - MOENERGY,38.25,38.45,37.26,37.48,38.06,147550
2026-09-15,MOGOLD,MOTILALAMC - MOGOLD,149.7,155.0,148.0,149.25,149.8,27721
2026-09-15,MOHEALTH,MOTILALAMC - MOHEALTH,52.65,52.65,50.93,51.11,52.15,136793
2026-09-15,MOINFRA,MOTILALAMC - MOINFRA,58.25,58.5,57.26,57.41,58.73,4927
2026-09-15,MOIPO,MOTILALAMC - MOIPO,48.7,48.73,47.25,47.59,48.7,8532
2026-09-15,MOLOWVOL,MOTILALAMC - MOLOWVOL,35.33,35.59,34.95,34.96,35.33,4112
2026-09-15,MOMENTUM50,MOTILALAMC - MOMENTUM50,55.47,55.47,52.46,52.63,54.52,1075624
2026-09-15,MOMETAL,MOTILALAMC - MOMETAL,13.08,13.08,12.66,12.74,13.07,28627
2026-09-15,MOMGF,MOTILALAMC - MOMGF,159.17,165.0,156.05,158.24,160.0,1547
2026-09-15,MOMIDMTM,MOTILALAMC - MOMIDMTM,65.66,65.66,62.4,62.66,64.37,64529
2026-09-15,MOMNC,MOTILALAMC - MOMNC,31.85,32.87,31.12,31.12,31.85,1595
2026-09-15,MOMOMENTUM,MOTILALAMC - MOMOMENTUM,61.51,62.16,60.11,60.3,62.07,104191
2026-09-15,MON50EQUAL,MOTILALAMC - MON50EQUAL,32.64,33.33,32.05,32.22,32.51,3116
2026-09-15,MONEXT50,MOTILALAMC - MONEXT50,73.34,73.34,69.87,70.14,71.9,10781
2026-09-15,MONIFTY100,MOTILALAMC - MONIFTY100,24.16,25.02,24.16,24.48,24.78,8248
2026-09-15,MONIFTY500,MOTILALAMC - MONIFTY500,24.11,24.11,23.09,23.19,23.53,2616214
2026-09-15,MONQ50,MOTILALAMC - MONQ50,221.75,234.0,210.94,229.73,216.35,656015
2026-09-15,MOOILGAS,MOTILALAMC - MOOILGAS,11.62,11.62,10.8,10.87,11.34,35075
2026-09-15,MOPSE,MOTILALAMC - MOPSE,97.1,103.0,96.9,99.1,99.27,3900
2026-09-15,MOQUALITY,MOTILALAMC - MOQUALITY,195.89,195.95,192.0,192.25,194.92,572
2026-09-15,MOREALTY,MOTILALAMC - MOREALTY,86.06,86.59,82.1,82.37,85.21,790268
2026-09-15,MOSERVICE,MOTILALAMC - MOSERVICE,30.94,30.94,29.9,30.0,30.33,5995
2026-09-15,MOSILVER,MOTILALAMC - MOSILVER,224.48,224.48,221.2,221.93,224.35,23991
2026-09-15,MOSMALL250,MOTILALAMC - MOSMALL250,18.87,18.87,17.58,17.98,18.41,4772214
2026-09-15,MOTOUR,MOTILALAMC - MOTOUR,76.85,77.61,75.07,75.27,76.85,24983
2026-09-15,MOVALUE,MOTILALAMC - MOVALUE,111.55,112.48,108.79,109.39,111.48,46233
2026-09-15,MOTISONS,MOTISONS JEWELLERS LTD,16.0,16.09,15.32,15.47,15.95,9434969
2026-09-15,MOTOGENFIN,MOTOR & GENERAL FINANCE L,25.6,27.0,25.11,25.15,25.59,41480
2026-09-15,MPHASIS,MPHASIS LIMITED,2353.0,2461.1,2353.0,2378.0,2295.0,1176828
2026-09-15,MPSLTD,MPS LIMITED,2612.1,2649.0,2510.5,2522.6,2608.5,19900
2026-09-15,MRF,MRF LTD,128800.0,129600.0,125500.0,125795.0,128290.0,2921
2026-09-15,MRPL,MRPL,175.5,176.07,166.0,166.81,175.86,8734694
2026-09-15,BECTORFOOD,MRS BECTORS FOOD SPE LTD,239.7,240.0,221.5,223.4,242.5,2295967
2026-09-15,MSPL,MSP STEEL & POWER LTD.,34.9,34.9,32.6,32.96,33.96,721973
2026-09-15,MSTCLTD,MSTC LIMITED,741.95,746.0,700.0,701.2,738.55,387780
2026-09-15,MUFIN,MUFIN GREEN FINANCE LTD,135.33,135.9,131.31,132.49,134.76,403703
2026-09-15,MUKANDLTD,MUKAND LTD.,139.59,143.48,135.2,135.62,139.48,53683
2026-09-15,MUKKA,MUKKA PROTEINS LIMITED,33.0,33.29,30.95,31.39,32.17,2284101
2026-09-15,MCX,MULTI COMMODITY EXCHANGE,3265.0,3267.6,3156.4,3173.5,3276.0,1746940
2026-09-15,MUNJALAU,MUNJAL AUTO IND. LTD.,106.64,108.24,103.09,103.8,106.64,299371
2026-09-15,MUNJALSHOW,MUNJAL SHOWA LTD,128.88,128.88,125.0,125.28,127.66,18586
2026-09-15,MURUDCERA,MURUDESHWAR CERAMICS LTD,29.74,30.16,29.0,29.0,29.78,11482
2026-09-15,RADIOCITY,MUSIC BROADCAST LIMITED,6.05,6.32,6.0,6.03,6.15,144035
2026-09-15,MUTHOOTCAP,MUTHOOT CAP SERV LTD,226.85,233.79,220.8,222.9,226.85,11449
2026-09-15,MUTHOOTFIN,MUTHOOT FINANCE LIMITED,2792.1,2794.0,2722.3,2722.3,2792.1,451554
2026-09-15,MUTHOOTMF,MUTHOOT MICROFIN LIMITED,196.48,199.31,183.6,187.61,196.48,333669
2026-09-15,MVELECTRO,MV ELECTROSYSTEMS LIMITED,856.0,856.0,757.55,777.0,841.7,1768387
2026-09-15,NRAIL,N R AGARWAL INDS LTD,638.0,685.0,631.0,638.85,627.9,113606
2026-09-15,NTCIND,N T C INDUSTRIES LTD.,139.45,139.45,130.15,134.11,134.91,2427
2026-09-15,NBIFIN,N.B.I. IND. FIN. CO. LTD,2020.0,2020.0,1966.1,1978.5,2020.0,5209
2026-09-15,NACLIND,NACL INDUSTRIES LIMITED,158.29,158.68,149.46,149.92,157.62,481375
2026-09-15,NDGL,NAGA DHUNSERI GROUP LTD,2690.0,2795.0,2650.0,2655.5,2692.2,174
2026-09-15,NAGREEKCAP,NAGREEKA CAP & INFR.LTD,24.9,27.39,24.07,27.38,24.9,47603
2026-09-15,NAGREEKEXP,NAGREEKA EXPORTS LTD.,22.4,23.0,21.36,21.61,22.4,18145
2026-09-15,NAHARCAP,NAHAR CAP & FIN.,260.6,261.9,248.0,252.65,258.9,6628
2026-09-15,NAHARINDUS,NAHAR INDS ENT LTD,131.2,135.59,126.22,127.37,131.62,15027
2026-09-15,NAHARPOLY,NAHAR POLY FILMS LIMITED,231.87,234.76,225.0,226.24,231.87,9176
2026-09-15,NAHARSPING,NAHAR SPINNING MILLS LTD.,275.0,279.0,255.0,261.65,273.1,17043
2026-09-15,NGIL,NAKODA GROUP OF IND. LTD,33.42,34.1,32.3,33.01,33.42,8373
2026-09-15,NSIL,NALWA SONS INVESTMENT LTD,5623.0,5623.0,5400.0,5409.5,5551.0,1651
2026-09-15,NDL,NANDAN DENIM LIMITED,2.87,2.88,2.65,2.75,2.86,1065293
2026-09-15,JAIPURKURT,NANDANI CREATION LIMITED,26.15,26.15,24.3,24.88,25.57,3714
2026-09-15,NH,NARAYANA HRUDAYALAYA LTD.,1899.0,1914.9,1878.9,1894.9,1869.2,249620
2026-09-15,NARMADA,NARMADA AGROBASE LIMITED,14.2,14.38,13.55,13.85,14.38,188355
2026-09-15,NATCOPHARM,NATCO PHARMA LTD.,816.95,831.45,812.3,819.15,815.35,434634
2026-09-15,NATHBIOGEN,NATH BIO-GENES (I) LTD,147.78,150.0,146.0,146.81,147.78,7164
2026-09-15,NATIONALUM,NATIONAL ALUMINIUM CO LTD,359.6,360.35,350.25,350.55,361.0,3640356
2026-09-15,NFL,NATIONAL FERT. LTD,68.42,68.86,67.1,67.18,68.49,471098
2026-09-15,NATIONSTD,NATIONAL STAND (INDIA) L,110.11,115.4,105.2,114.25,110.11,45167
2026-09-15,NAVA,NAVA LIMITED,552.1,561.85,533.9,536.95,551.85,261101
2026-09-15,NAVINFLUOR,NAVIN FLUORINE INT. LTD,8586.0,8618.5,8208.0,8228.0,8543.5,111387
2026-09-15,NAVKARCORP,NAVKAR CORPORATION LTD.,93.58,93.9,90.6,91.58,93.58,261219
2026-09-15,NAVNETEDUL,NAVNEET EDUCATION LTD,127.2,127.8,123.81,124.1,127.85,90749
2026-09-15,NAZARA,NAZARA TECHNOLOGIES LTD,369.05,375.05,354.9,357.4,370.3,1012532
2026-09-15,NBCC,NBCC (INDIA) LIMITED,83.25,83.49,80.13,80.69,82.9,5854402
2026-09-15,NCC,NCC LIMITED,141.33,142.23,136.6,137.33,140.94,1413062
2026-09-15,NCLIND,NCL INDUSTRIES LIMITED,174.52,175.5,171.1,173.02,175.05,39682
2026-09-15,NDLVENTURE,NDL VENTURES LIMITED,127.97,127.97,118.3,118.87,125.43,40636
2026-09-15,NDRAUTO,NDR AUTO COMPONENTS LTD,692.85,697.15,660.5,672.85,692.85,44559
2026-09-15,NDTV,NDTV LTD,71.13,72.8,70.05,70.43,72.02,58950
2026-09-15,NECLIFE,NECTAR LIFESCIENCES LTD.,11.54,12.07,11.23,11.4,11.5,129977
2026-09-15,NEAGI,NEELAMALAI AGRO INDS. L,3450.0,3450.0,3308.0,3308.0,3435.0,10
2026-09-15,NELCAST,NELCAST LIMITED,108.79,109.04,103.8,104.91,108.56,50573
2026-09-15,NELCO,NELCO LTD,953.0,960.65,912.5,924.3,947.25,220149
2026-09-15,NEOGEN,NEOGEN CHEMICALS LIMITED,2381.0,2399.8,2234.3,2310.3,2373.0,264415
2026-09-15,NEPHROPLUS,NEPHROCARE HEALTH SERV L,770.0,774.95,725.0,734.95,765.35,306493
2026-09-15,NESCO,NESCO LTD.,1112.0,1132.3,1081.6,1087.7,1102.2,77281
2026-09-15,NESTLEIND,NESTLE INDIA LIMITED,1383.3,1395.0,1362.0,1362.0,1383.3,1597455
2026-09-15,NETWEB,NETWEB TECH INDIA LTD,4962.0,4977.5,4570.0,4614.0,5027.0,1907037
2026-09-15,NPST,NETWORK PEOPLE SRV TECH L,1698.9,1700.0,1630.0,1639.5,1686.1,27585
2026-09-15,NETWORK18,NETWORK18 MEDIA & INV LTD,27.12,27.19,25.85,25.95,26.64,3466061
2026-09-15,NEULANDLAB,NEULAND LAB LTD.,23430.0,23480.0,22430.0,22595.0,23535.0,54667
2026-09-15,NEWGEN,NEWGEN SOFTWARE TECH LTD,512.0,528.6,498.0,499.35,501.4,1695640
2026-09-15,NEXTMEDIA,NEXT MEDIAWORKS LIMITED,3.81,3.96,3.78,3.83,3.9,15210
2026-09-15,NGLFINE,NGL FINE CHEM LIMITED,2657.2,2690.9,2541.5,2581.8,2657.2,7736
2026-09-15,NHPC,NHPC LTD,76.55,77.07,75.56,76.04,76.38,8558617
2026-09-15,NIBE,NIBE LIMITED,1295.0,1295.0,1218.0,1224.4,1282.4,39048
2026-09-15,NICCOPAR,NICCO PARKS & RESORTS LTD,83.0,83.0,79.05,80.51,83.0,1411
2026-09-15,NIITMTS,NIIT LEARNING SYSTEMS LTD,231.98,238.45,227.82,232.02,229.84,297370
2026-09-15,NIITLTD,NIIT LIMITED,91.77,94.29,86.69,87.32,92.49,391512
2026-09-15,NILAINFRA,NILA INFRASTRUCTURES LTD,6.65,6.86,6.5,6.57,6.64,177793
2026-09-15,NILASPACES,NILA SPACES LIMITED,12.28,12.56,12.0,12.23,12.28,1058264
2026-09-15,NILE,NILE LTD.,1440.0,1488.0,1430.0,1431.9,1452.1,1972
2026-09-15,NILKAMAL,NILKAMAL LIMITED,2050.8,2069.9,1989.0,2017.9,2050.8,19596
2026-09-15,NIMBSPROJ,NIMBUS PROJECTS LIMITED,171.86,173.51,170.0,170.0,165.25,1551
2026-09-15,NINSYS,NINTEC SYSTEMS LIMITED,725.0,725.0,700.05,710.75,710.7,3821
2026-09-15,BANKBEES,NIP IND ETF BANK BEES,601.0,601.0,578.18,579.33,586.35,533936
2026-09-15,CONSUMBEES,NIP IND ETF CONSUMPTION,128.77,128.89,126.12,126.43,127.96,78981
2026-09-15,DIVOPPBEES,NIP IND ETF DIV OPP,76.12,76.12,74.27,74.4,74.92,63890
2026-09-15,NV20BEES,NIP IND ETF ETF NV20,137.51,137.61,134.99,135.04,136.15,114375
2026-09-15,GOLDBEES,NIP IND ETF GOLD BEES,124.8,124.8,123.38,123.62,125.12,23136571
2026-09-15,HNGSNGBEES,NIP IND ETF HANGSENG BEES,469.55,471.01,462.81,465.43,463.91,115384
2026-09-15,INFRABEES,NIP IND ETF INFRA BEES,938.93,948.37,920.0,925.85,943.65,14798
2026-09-15,ITBEES,NIP IND ETF IT,32.97,33.78,32.51,32.87,32.17,26293348
2026-09-15,JUNIORBEES,NIP IND ETF JUNIOR BEES,797.6,797.6,757.68,762.71,781.96,586902
2026-09-15,LIQUIDBEES,NIP IND ETF LIQUID BEES,1001.0,1001.0,999.99,999.99,1000.0,4879279
2026-09-15,LTGILTBEES,NIP IND ETF LONGTERM GILT,29.51,29.85,29.51,29.67,29.75,1553396
2026-09-15,MID150BEES,NIP IND ETF MIDCAP 150,238.32,238.43,231.02,231.67,236.63,1215175
2026-09-15,NIF100BEES,NIP IND ETF NIFTY 100,263.81,264.02,257.1,257.93,261.2,39979
2026-09-15,NIFTYBEES,NIP IND ETF NIFTY BEES,268.1,269.9,264.24,264.58,267.14,7069412
2026-09-15,PSUBNKBEES,NIP IND ETF PSU BANK BEES,93.22,94.18,91.1,91.25,93.22,1588284
2026-09-15,SHARIABEES,NIP IND ETF SHARIAH BEES,437.5,446.25,437.5,442.09,437.38,13753
2026-09-15,NAM-INDIA,NIPPON L I A M LTD,1184.0,1194.4,1153.1,1153.1,1189.6,1238154
2026-09-15,LIQGRWBEES,NIPPONAMC - LIQGRWBEES,1057.45,1057.45,1055.52,1055.53,1055.41,82587
2026-09-15,MANUFGBEES,NIPPONAMC - MANUFGBEES,161.73,161.73,157.11,157.69,160.93,19404
2026-09-15,AUTOBEES,NIPPONAMC - NETFAUTO,286.0,286.0,277.9,278.31,282.87,187772
2026-09-15,PHARMABEES,NIPPONAMC - NETFPHARMA,27.47,27.47,26.79,26.94,27.29,3727254
2026-09-15,SILVERBEES,NIPPONAMC - NETFSILVER,216.45,216.54,213.83,214.67,216.72,16405242
2026-09-15,SNXT30BEES,NIPPONAMC - SNXT30BEES,42.41,42.41,41.27,41.38,42.2,59482
2026-09-15,NIRAJ,NIRAJ CEMENT STRUC LTD,27.02,28.7,27.02,27.58,27.22,19209
2026-09-15,NIRLON,NIRLON LTD,610.0,620.45,600.0,600.65,607.5,3067
2026-09-15,NITCO,NITCO LIMITED,93.32,94.03,87.15,88.24,93.71,464560
2026-09-15,NITINSPIN,NITIN SPINNERS LIMITED,654.8,665.0,640.25,643.15,651.05,182683
2026-09-15,NITIRAJ,NITIRAJ ENGINEERS LTD,235.0,236.0,224.5,225.91,233.25,4441
2026-09-15,NITTAGELA,NITTA GELATIN INDIA LTD.,1625.4,1807.0,1602.2,1693.0,1645.3,14085
2026-09-15,NIVABUPA,NIVA BUPA HEALTH INS CO L,79.92,83.9,79.63,81.5,79.93,1416460
2026-09-15,NKIND,NK INDUSTRIES LTD,55.1,59.5,55.0,55.52,55.43,1139
2026-09-15,NLCINDIA,NLC INDIA LIMITED,264.45,266.4,256.3,261.05,264.4,1337838
2026-09-15,NMDC,NMDC LTD.,82.8,82.89,80.5,80.5,82.4,10462679
2026-09-15,NSLNISP,NMDC STEEL LIMITED,43.68,43.69,41.35,41.45,43.66,3741526
2026-09-15,NOCIL,NOCIL LIMITED,191.61,192.0,182.15,183.6,189.65,1291473
2026-09-15,NOIDATOLL,NOIDA TOLL BRIDGE CO LTD,4.04,4.05,3.95,4.01,3.95,48722
2026-09-15,NORBTEAEXP,NORBEN TEA & EXPORTS LTD,65.9,67.39,64.5,64.5,64.4,1569
2026-09-15,NORTHARC,NORTHERN ARC CAPITAL LTD,305.9,308.2,292.0,294.2,305.1,1045895
2026-09-15,NOVAAGRI,NOVA AGRITECH LIMITED,23.42,23.48,21.8,22.49,22.7,107024
2026-09-15,NOVARTIND,NOVARTIS INDIA LIMITED,2360.2,2360.2,2153.3,2188.0,2391.3,135595
2026-09-15,NRBBEARING,NRB BEARING LIMITED,516.0,516.8,478.0,480.85,514.65,504748
2026-09-15,NIBL,NRB INDUS. BEARINGS LTD.,33.26,34.0,30.62,31.06,33.23,45821
2026-09-15,NTPCGREEN,NTPC GREEN ENERGY LIMITED,86.94,87.02,85.75,85.86,86.94,2073084
2026-09-15,NTPC,NTPC LTD,333.0,333.3,326.4,329.5,333.4,8445501
2026-09-15,NUCLEUS,NUCLEUS SOFTWARE EXPORTS,691.4,707.55,691.4,696.4,696.45,20850
2026-09-15,NUVAMA,NUVAMA WEALTH MANAGE LTD,1740.0,1746.4,1660.0,1668.2,1737.2,217310
2026-09-15,NUVOCO,NUVOCO VISTAS CORP LTD,330.15,330.95,312.05,313.75,330.15,321519
2026-09-15,OBCL,OBCL LIMITED,55.79,57.5,55.0,56.58,55.78,18533
2026-09-15,OBEROIRLTY,OBEROI REALTY LIMITED,1746.0,1749.5,1668.5,1668.5,1741.1,362748
2026-09-15,ODIGMA,ODIGMA CONSULTANCY SOL L,22.12,22.44,21.5,22.09,22.23,9536
2026-09-15,ODYCORP,ODYSSEY CORPORATION LTD.,7.39,7.39,6.8,6.88,7.18,17867
2026-09-15,ONGC,OIL AND NATURAL GAS CORP.,234.9,236.3,233.33,235.95,232.5,14549134
2026-09-15,OIL,OIL INDIA LTD,494.4,494.4,483.0,485.6,489.8,1967012
2026-09-15,OLAELEC,OLA ELECTRIC MOBILITY LTD,38.95,40.1,37.63,38.03,38.54,60999122
2026-09-15,OLECTRA,OLECTRA GREENTECH LIMITED,1216.7,1249.0,1166.1,1179.2,1209.5,381768
2026-09-15,OMINFRAL,OM INFRA LIMITED,80.8,88.0,78.2,80.25,79.59,219096
2026-09-15,OMPOWER,OM POWER TRANSMISSION LTD,171.1,173.72,165.35,168.2,171.54,103029
2026-09-15,OMAXAUTO,OMAX AUTOS LTD,172.92,177.0,168.01,169.0,172.93,63651
2026-09-15,OMAXE,OMAXE LIMITED,123.03,123.54,116.65,118.04,123.98,801155
2026-09-15,OMNI,OMNITECH ENGINEERING LTD,555.0,565.95,535.5,540.3,549.75,457673
2026-09-15,PAYTM,ONE 97 COMMUNICATIONS LTD,1808.0,1811.0,1730.0,1730.0,1807.5,3226150
2026-09-15,ONEGLOBAL,ONE GLOBAL SERVICE PROV L,555.3,560.2,513.45,518.5,540.45,19227
2026-09-15,MOBIKWIK,ONE MOBIKWIK SYSTEMS LTD,211.88,215.7,197.7,200.86,209.7,3070663
2026-09-15,ONEPOINT,ONE POINT ONE SOL LTD,57.49,61.38,56.0,56.68,56.39,5466042
2026-09-15,KISSHT,ONEMI TECHNOLOGY SOL LTD,332.0,350.5,332.0,339.55,328.7,4238984
2026-09-15,ONESOURCE,ONESOURCE SPECL PHARMA L,1614.9,1657.5,1589.0,1599.6,1592.2,724751
2026-09-15,ONIDA,ONIDA ELECTRONICS LIMITED,32.0,33.78,32.0,33.33,32.18,1068890
2026-09-15,ONIXSOLAR,ONIX SOLAR ENERGY LTD.,416.75,436.0,416.75,416.75,438.65,279187
2026-09-15,ONWARDTEC,ONWARD TECHNOLOGIES LTD,283.65,290.0,280.1,281.55,283.65,20077
2026-09-15,OPTIEMUS,OPTIEMUS INFRACOM LTD,569.6,622.1,567.85,604.95,566.25,1979704
2026-09-15,OPTIFIN,OPTIMUS FINANCE LTD.,14.05,15.0,13.56,13.85,14.5,28858
2026-09-15,OFSS,ORACLE FIN SERV SOFT LTD.,11910.0,12099.0,11692.0,11803.0,11763.0,231321
2026-09-15,ORCHASP,ORCHASP LIMITED,1.44,1.64,1.41,1.58,1.41,766655
2026-09-15,ORCHPHARMA,ORCHID PHARMA LIMITED,1009.15,1060.0,972.85,988.2,1003.05,135724
2026-09-15,ORICONENT,ORICON ENTERPRISES LTD,51.55,53.43,51.16,51.31,51.39,18903
2026-09-15,ORIENTBELL,ORIENT BELL LIMITED,403.1,414.0,386.4,390.45,401.95,55451
2026-09-15,ORIENTCEM,ORIENT CEMENT LTD.,125.58,125.99,121.2,121.98,125.58,433788
2026-09-15,ORIENTCER,ORIENT CERATECH LIMITED,46.88,47.4,44.5,44.79,46.01,89199
2026-09-15,ORIENTELEC,ORIENT ELECTRIC LIMITED,174.0,174.95,168.54,169.17,173.56,138909
2026-09-15,GREENPOWER,ORIENT GREEN POWER CO LTD,9.31,9.36,8.88,9.09,9.31,2901357
2026-09-15,ORIENTHOT,ORIENT HOTELS LTD,142.18,144.0,138.5,138.98,141.35,1117544
2026-09-15,ORIENTPPR,ORIENT PAPER AND INDS LTD,17.78,17.94,16.6,16.69,17.78,341559
2026-09-15,ORIENTTECH,ORIENT TECHNOLOGIES LTD,249.64,256.0,240.25,242.28,249.64,345230
2026-09-15,OAL,ORIENTAL AROMATICS LTD,524.0,559.8,505.5,510.95,532.1,101439
2026-09-15,ORIRAIL,ORIENTAL RAIL INFRA L,124.11,124.99,117.01,119.03,124.11,99410
2026-09-15,ORIENTALTL,ORIENTAL TRIMEX LTD,5.07,5.25,4.95,5.02,5.07,85709
2026-09-15,ORISSAMINE,ORISSA MIN DEV CO LTD,3980.0,4037.4,3832.8,3877.9,3955.2,10016
2026-09-15,ORKLAINDIA,ORKLA INDIA LIMITED,588.3,591.2,579.9,582.3,591.25,34460
2026-09-15,ORTINGLOBE,ORTIN GLOBAL LIMITED,17.5,17.58,16.62,16.62,17.09,17178
2026-09-15,OSWALAGRO,OSWAL AGRO MILLS LTD,35.2,35.6,34.12,34.25,35.6,16012
2026-09-15,OSWALGREEN,OSWAL GREENTECH LIMITED,20.03,20.36,19.5,19.59,20.01,101172
2026-09-15,OSWALPUMPS,OSWAL PUMPS LIMITED,282.45,289.2,274.3,275.45,282.45,347502
2026-09-15,PNGJL,P N GADGIL JEWELLERS LTD,613.2,617.55,605.45,611.6,613.2,655158
2026-09-15,POEL,P O C L ENTERPRISES LTD.,140.51,145.92,138.55,139.45,140.83,34559
2026-09-15,PGHH,P&G HYGIENE & HEALTH CARE,7619.5,7619.5,7475.0,7507.0,7518.0,11202
2026-09-15,PACEDIGITK,PACE DIGITEK LIMITED,159.51,161.97,152.9,153.6,158.33,628622
2026-09-15,PACIFICI,PACIFIC INDUSTRIES LTD.,140.7,150.0,136.0,136.0,140.0,66
2026-09-15,PAGEIND,PAGE INDUSTRIES LTD,35465.0,35510.0,34580.0,34580.0,35365.0,12827
2026-09-15,PAISALO,PAISALO DIGITAL LIMITED,84.92,85.25,83.47,84.47,84.23,14460925
2026-09-15,PAKKA,PAKKA LIMITED,77.13,79.83,74.0,74.85,76.57,174152
2026-09-15,PALASHSECU,PALASH SECURITIES LTD,87.02,90.0,84.0,88.72,85.92,1481
2026-09-15,PALREDTEC,PALRED TECHNOLOGIES LTD,52.0,54.34,49.75,49.81,52.0,4452
2026-09-15,PANACEABIO,PANACEA BIOTEC LTD,396.95,396.95,371.0,375.75,397.65,292361
2026-09-15,PANAMAPET,PANAMA PETROCHEM LTD,475.05,476.9,445.15,450.75,483.15,455986
2026-09-15,PANCHMAHQ,PANCHMAHAL STEEL LTD.,309.8,309.8,266.45,293.4,280.0,698
2026-09-15,PANORAMA,PANORAMA STUDIOS INTL. L,55.4,56.18,50.35,51.92,53.78,572747
2026-09-15,PANSARI,PANSARI DEVELOPERS LTD,281.5,299.0,275.0,282.15,281.5,312
2026-09-15,PARADEEP,PARADEEP PHOSPHATES LTD,155.51,156.71,148.5,149.34,155.96,2126737
2026-09-15,PARAGMILK,PARAG MILK FOODS LTD.,269.0,276.75,250.0,252.15,268.5,1542890
2026-09-15,PARACABLES,PARAMOUNT COMM LTD,65.0,65.29,61.0,61.31,64.87,1879764
2026-09-15,PARAS,PARAS DEF AND SPCE TECH L,1437.0,1443.7,1306.0,1339.2,1435.6,1276494
2026-09-15,PARASPETRO,PARAS PETROFILS LTD.,2.14,2.24,2.13,2.15,2.17,123328
2026-09-15,PARKHOSPS,PARK MEDI WORLD LIMITED,279.2,286.0,275.0,279.15,279.3,530232
2026-09-15,PARKHOTELS,PARKHOTELS,111.58,111.85,105.6,106.83,110.77,151020
2026-09-15,PARNAXLAB,PARNAX LAB LTD.,127.0,127.0,122.72,123.87,127.0,1731
2026-09-15,PASHUPATI,PASHUPATI COTSPIN LIMITED,82.0,82.49,79.95,80.04,80.73,67301
2026-09-15,PASUPTAC,PASUPATI ACRYLON LIMITED,70.5,72.8,68.1,70.48,67.08,667184
2026-09-15,PATANJALI,PATANJALI FOODS LIMITED,341.0,342.4,335.75,338.55,341.0,2567906
2026-09-15,PATELENG,PATEL ENGINEERING LTD.,27.65,27.65,26.0,26.08,26.61,1903899
2026-09-15,PATELRMART,PATEL RETAIL LIMITED,211.0,211.0,205.44,207.44,211.05,61869
2026-09-15,PML,PAUL MERCHANTS LTD.,500.95,504.85,476.7,498.55,482.45,105
2026-09-15,PAUSHAKLTD,PAUSHAK LIMITED,730.15,736.45,675.3,682.8,729.6,35145
2026-09-15,PAVNAIND,PAVNA INDUSTRIES LIMITED,14.89,17.85,14.89,15.32,14.88,207036
2026-09-15,POLICYBZR,PB FINTECH LIMITED,1799.0,1804.3,1736.0,1736.0,1797.3,750563
2026-09-15,PCJEWELLER,PC JEWELLER LTD,13.85,13.87,12.72,12.89,13.7,356317461
2026-09-15,PCBL,PCBL CHEMICAL LIMITED,334.8,335.0,311.3,314.05,331.05,962916
2026-09-15,PDSL,PDS LIMITED,348.2,349.0,331.1,334.25,348.2,70697
2026-09-15,PGIL,PEARL GLOBAL IND LIMITED,1181.1,1192.5,1131.0,1141.4,1187.7,82391
2026-09-15,PEARLPOLY,PEARL POLYMERS LTD,15.22,15.98,15.22,15.85,15.51,21771
2026-09-15,PENINLAND,PENINSULA LAND LIMITED,15.87,15.87,14.8,14.98,15.59,100074
2026-09-15,PENIND,PENNAR INDUSTRIES LTD,175.54,175.58,166.69,167.3,175.54,338236
2026-09-15,PERMAGN,PERMANENT MAGNETS LTD.,864.65,864.65,821.3,827.7,864.65,2721
2026-09-15,PERSISTENT,PERSISTENT SYSTEMS LTD,5654.0,5759.0,5456.5,5477.5,5516.0,812335
2026-09-15,PETRONET,PETRONET LNG LIMITED,287.05,288.4,280.5,283.95,287.2,1170508
2026-09-15,PFIZER,PFIZER LTD,4075.0,4091.1,4026.2,4041.6,4060.2,36144
2026-09-15,PGEL,PG ELECTROPLAST LTD,543.75,545.0,515.15,518.0,545.0,837345
2026-09-15,PHOENXINTL,PHOENIX INTERNATIONAL LTD,29.86,29.86,27.5,28.4,29.85,4669
2026-09-15,PWL,PHYSICSWALLAH LIMITED,137.0,137.7,130.1,130.72,136.1,7983867
2026-09-15,PIIND,PI INDUSTRIES LTD,2260.0,2288.3,2240.5,2255.0,2259.0,286400
2026-09-15,PICCADIL,PICCADILY AGRO INDUSTRI L,602.15,605.4,582.3,585.65,602.15,118995
2026-09-15,PIDILITIND,PIDILITE INDUSTRIES LTD,1566.9,1575.7,1521.1,1521.1,1566.9,455854
2026-09-15,PILITA,PIL ITALICA LIFESTYLE LTD,7.72,8.1,7.7,7.73,7.84,18276
2026-09-15,PILANIINVS,PILANI INV & IND COR LTD,4200.0,4235.0,4059.9,4081.8,4191.6,2461
2026-09-15,PINELABS,PINE LABS LIMITED,201.4,201.4,191.0,193.8,202.17,62792856
2026-09-15,PIONEEREMB,PIONEER EMBROIDERIES LTD,21.25,21.25,20.76,20.89,20.51,2658
2026-09-15,PIRAMALFIN,PIRAMAL FINANCE LIMITED,2299.0,2299.0,2214.0,2224.4,2255.6,257641
2026-09-15,PPLPHARMA,PIRAMAL PHARMA LIMITED,211.07,211.35,202.55,203.47,211.35,3104010
2026-09-15,PITTIENG,PITTI ENGINEERING LIMITED,1168.0,1168.0,1100.0,1109.3,1167.9,110111
2026-09-15,PIXTRANS,PIX TRANSMISSIONS LIMITED,1722.2,1757.0,1710.0,1734.0,1722.1,12970
2026-09-15,PLASTIBLEN,PLASTIBLENDS INDIA LTD,194.5,196.08,182.96,185.18,192.78,24239
2026-09-15,PLATIND,PLATINUM INDUSTRIES LTD,221.2,221.9,216.0,218.88,221.05,39048
2026-09-15,PLAZACABLE,PLAZA WIRES LIMITED,64.9,66.0,60.42,61.38,62.97,226444
2026-09-15,PNBGILTS,PNB GILTS LIMITED,80.2,80.8,76.01,76.29,80.34,569582
2026-09-15,PNBHOUSING,PNB HOUSING FIN LTD.,1178.8,1178.9,1135.9,1145.0,1178.9,321850
2026-09-15,PNCINFRA,PNC INFRATECH LTD.,165.0,165.0,140.32,140.32,175.4,4938381
2026-09-15,PNGSREVA,PNGS REVA DIAMOND JEWEL L,517.15,518.0,488.85,494.2,512.7,228691
2026-09-15,PODDARMENT,PODDAR PIGMENTS LIMITED,280.25,294.3,268.1,270.1,279.85,22527
2026-09-15,POKARNA,POKARNA LIMITED,804.15,808.9,750.1,758.25,804.15,102781
2026-09-15,POLYMED,POLY MEDICURE LIMITED,1738.5,1738.5,1695.5,1704.6,1738.5,49164
2026-09-15,POLYCAB,POLYCAB INDIA LIMITED,8258.5,8294.5,8115.0,8143.5,8241.0,301764
2026-09-15,POLYPLEX,POLYPLEX CORPORATION LTD,1134.2,1138.3,1091.1,1093.8,1134.2,46033
2026-09-15,POLYSPIN,POLYSPIN EXPORTS LTD.,29.58,29.58,27.53,28.95,29.58,806
2026-09-15,POCL,PONDY OXIDES & CHEM LTD,455.0,459.55,432.1,435.3,454.15,443507
2026-09-15,PONNIERODE,PONNIE SUGARS (ERODE) LTD,373.1,375.05,349.95,351.8,371.1,20410
2026-09-15,POONAWALLA,POONAWALLA FINCORP LTD,446.0,447.65,431.0,434.6,445.25,859283
2026-09-15,PVSL,POPULAR VEHICLES N SER L,100.13,101.1,97.3,97.93,101.3,12722
2026-09-15,PFC,POWER FIN CORP LTD.,352.45,353.3,344.0,344.0,353.45,7488255
2026-09-15,POWERGRID,POWER GRID CORP. LTD.,267.15,268.5,262.8,262.8,269.1,10519594
2026-09-15,PIGL,POWER INSTRUMENT (G) LTD,102.9,104.9,98.6,99.54,102.1,104396
2026-09-15,POWERMECH,POWER MECH PROJECTS LTD.,2421.3,2421.5,2320.3,2336.4,2421.3,39034
2026-09-15,POWERICA,POWERICA LIMITED,572.1,572.1,530.0,532.75,569.35,169220
2026-09-15,PRABHA,PRABHA ENERGY LIMITED,247.4,251.0,235.25,239.42,244.64,307312
2026-09-15,PRAJIND,PRAJ INDUSTRIES LTD,321.05,322.8,316.25,318.0,322.15,504700
2026-09-15,PRAENG,PRAJAY ENG. SYN. LTD.,21.93,23.44,21.26,21.51,21.93,47240
2026-09-15,PRAKASH,PRAKASH INDUSTRIES LTD,123.57,124.01,117.99,119.49,123.14,716947
2026-09-15,PRAKASHSTL,PRAKASH STEELAGE LTD,3.73,3.92,3.48,3.56,3.75,278843
2026-09-15,PRANAV,PRANAV CONSTRUCTIONS LTD,165.0,165.1,132.0,132.0,124.0,41828214
2026-09-15,DIAMONDYD,PRATAAP SNACKS LIMITED,1114.5,1150.0,1076.3,1107.4,1108.4,11209
2026-09-15,PRAVEG,PRAVEG LTD.,263.0,266.9,253.9,255.95,263.05,31819
2026-09-15,PRAXIS,PRAXIS HOME RETAIL LTD,4.51,4.63,4.26,4.28,4.48,151922
2026-09-15,PRECAM,PRECISION CAMSHAFTS LTD.,117.06,118.17,112.4,113.69,116.81,244954
2026-09-15,PRECWIRE,PRECISION WIRES INDIA LTD,462.9,465.6,435.35,440.05,462.55,413745
2026-09-15,PRECOT,PRECOT LIMITED,661.0,689.0,648.0,656.1,658.3,3291
2026-09-15,PREMCO,PREMCO GLOBAL LTD.,409.95,409.95,386.9,391.35,394.0,484
2026-09-15,PREMIERENE,PREMIER ENERGIES LIMITED,967.1,972.8,940.5,945.0,974.2,569740
2026-09-15,PREMEXPLN,PREMIER EXPLOSIVES LTD,667.5,669.95,663.2,668.3,668.0,192979
2026-09-15,PREMIERPOL,PREMIER POLYFILM LTD,85.99,86.06,80.16,81.9,85.91,359684
2026-09-15,PRESTIGE,PRESTIGE ESTATE LTD,1498.2,1514.9,1417.0,1417.0,1498.0,410061
2026-09-15,PRICOLLTD,PRICOL LIMITED,760.9,760.9,737.0,740.75,761.4,392758
2026-09-15,PFOCUS,PRIME FOCUS LIMITED,310.95,323.7,310.1,319.0,310.85,1807027
2026-09-15,PRIMESECU,PRIME SECURITIES LIMITED,280.2,281.0,275.4,277.5,283.05,4273
2026-09-15,PRIMO,PRIMO CHEMICALS LIMITED,24.59,24.59,22.06,22.31,23.71,179451
2026-09-15,PRINCEPIPE,PRINCE PIPES FITTINGS LTD,270.0,272.4,258.0,259.05,266.65,208774
2026-09-15,PRSMJOHNSN,PRISM JOHNSON LIMITED,112.8,113.69,111.56,112.14,113.35,251455
2026-09-15,PRISMX,PRISMX GLOBAL VENTURES L,0.58,0.63,0.54,0.55,0.58,524693
2026-09-15,PRITI,PRITI INTERNATIONAL LTD,33.0,35.0,33.0,33.52,33.14,4850
2026-09-15,PNC,PRITISH NANDY COMMUNICATI,17.35,17.35,16.1,16.38,16.5,7941
2026-09-15,PRIVISCL,PRIVI SPECIALITY CHE LTD,3561.4,3599.3,3425.5,3452.2,3556.1,98065
2026-09-15,PGHL,PROCTER & GAMBLE HEALTH L,5405.0,5459.5,5363.5,5408.0,5411.5,10415
2026-09-15,PROSTARM,PROSTARM INFO SYSTEMS LTD,132.8,133.57,125.11,126.04,133.63,284943
2026-09-15,PROTEAN,PROTEAN EGOV TECHNO LTD,492.4,501.9,485.2,488.85,492.35,234669
2026-09-15,PROZONER,PROZONE REALTY LIMITED,52.12,53.49,51.12,52.72,52.88,311137
2026-09-15,PRUDENT,PRUDENT CORP ADV SER LTD,3397.9,3436.7,3222.2,3251.5,3385.0,43255
2026-09-15,PSPPROJECT,PSP PROJECTS LIMITED,850.0,854.85,813.0,821.3,846.4,58315
2026-09-15,PFS,PTC INDIA FIN SERV LTD,27.44,27.49,26.41,26.51,27.42,303757
2026-09-15,PTC,PTC INDIA LIMITED,154.0,155.55,152.05,152.41,152.78,1610691
2026-09-15,PTCIL,PTC INDUSTRIES LIMITED,23450.0,23885.0,22400.0,22560.0,23630.0,34722
2026-09-15,PTL,PTL ENTERPRISES LTD,38.84,38.84,38.01,38.15,38.43,23165
2026-09-15,PDMJEPAPER,PUDUMJEE PAPER PRO. LTD,97.85,107.49,95.15,96.81,97.7,1160437
2026-09-15,PSB,PUNJAB & SIND BANK,22.78,22.78,22.31,22.38,22.73,653723
2026-09-15,PUNJABCHEM,PUNJAB CHEM & CROP PROT L,1069.0,1079.9,1030.0,1041.2,1065.3,9565
2026-09-15,PNB,PUNJAB NATIONAL BANK,116.75,117.23,114.7,114.7,116.75,12031284
2026-09-15,PURVA,PURAVANKARA LIMITED,213.78,214.33,203.39,205.56,212.06,188428
2026-09-15,PERNIASPOP,PURPLE STYLE LABS LIMITED,564.95,565.0,529.2,542.0,569.9,391989
2026-09-15,PVP,PVP VENTURES LIMITED,63.99,64.79,61.58,61.58,64.82,853205
2026-09-15,PVRINOX,PVR INOX LIMITED,1234.9,1234.9,1206.2,1221.0,1237.1,291985
2026-09-15,PYRAMID,PYRAMID TECHNOPLAST LTD,157.0,158.0,152.1,154.96,157.74,41198
2026-09-15,QUADFUTURE,QUADRANT FUTURE TEK LTD,482.0,519.6,473.6,484.6,478.5,4009846
2026-09-15,QPOWER,QUALITY POWER ELEC EQUP L,1456.0,1459.0,1355.2,1355.2,1426.5,415519
2026-09-15,QGOLDHALF,QUANTUM GOLD ETF,125.32,125.9,124.1,124.36,125.35,339170
2026-09-15,QNIFTY,QUANTUM NIFTY 50 ETF,260.19,260.4,255.0,255.81,258.9,7801
2026-09-15,SILVER001,QUANT_AMC - SILVER001,23.05,23.17,22.61,23.0,22.94,6706
2026-09-15,QUESS,QUESS CORP LIMITED,346.35,359.0,340.15,342.1,348.0,783201
2026-09-15,QUICKHEAL,QUICK HEAL TECH LTD,160.0,172.0,155.15,158.81,147.52,2076441
2026-09-15,QUINT,QUINT DIGITAL LTD.,43.5,48.24,41.0,48.24,40.2,43332
2026-09-15,RKSWAMY,R K SWAMY LIMITED,94.8,94.8,86.83,89.46,92.94,44355
2026-09-15,RRIL,R R I L LTD.,16.64,16.64,15.81,15.94,15.99,14455
2026-09-15,RRKABEL,R R KABEL LIMITED,2424.8,2427.9,2370.1,2381.3,2424.4,208267
2026-09-15,RSYSTEMS,R SYS INTERNATIONAL LTD,240.34,252.74,240.0,240.47,240.36,217291
2026-09-15,RTSPOWR,R T S POWER CORPN. LTD.,88.0,88.0,85.0,86.1,87.94,668
2026-09-15,RSSOFTWARE,R. S. SOFTWARE (INDIA) LI,29.5,29.97,29.01,29.6,29.63,32806
2026-09-15,RPPINFRA,R.P.P INFRA PROJECTS LTD,60.79,60.83,54.32,54.72,60.34,87771
2026-09-15,RACE,RACE ECO CHAIN LIMITED,99.5,101.0,94.6,96.15,98.12,2080
2026-09-15,RACLGEAR,RACL GEARTECH LIMITED,1841.0,1850.0,1685.2,1755.2,1756.7,219097
2026-09-15,RADAAN,RADAAN MEDIAWORKS (I) LTD,2.86,2.98,2.83,2.9,2.83,13131
2026-09-15,RADHIKAJWE,RADHIKA JEWELTECH LIMITED,84.0,85.99,73.61,75.47,83.21,1325850
2026-09-15,RADIANTCMS,RADIANT CASH MGMT SER LTD,36.17,36.62,34.95,35.89,35.99,362902
2026-09-15,RADICO,RADICO KHAITAN LTD,4370.1,4431.0,4298.8,4360.0,4368.1,242365
2026-09-15,RPEL,RAGHAV PRODUCTIVITY ENH L,1860.0,1875.0,1605.0,1622.4,1845.2,225914
2026-09-15,RVNL,RAIL VIKAS NIGAM LIMITED,205.0,207.0,198.29,199.0,204.9,3967219
2026-09-15,RAILTEL,RAILTEL CORP OF IND LTD,259.95,261.3,251.05,252.4,259.9,418439
2026-09-15,RAIN,RAIN INDUSTRIES LIMITED,216.0,216.48,195.3,196.74,215.97,5273699
2026-09-15,RAINBOW,RAINBOW CHILDRENS MED LTD,1443.1,1460.0,1424.0,1453.7,1444.9,72380
2026-09-15,ROML,RAJ OIL MILLS LIMITED,43.22,43.5,42.72,43.0,42.69,144
2026-09-15,RAJTV,RAJ TV NETWORK LTD,8.59,8.62,8.44,8.62,8.21,39790
2026-09-15,RAJPALAYAM,RAJAPALAYAM MILLS LTD.,775.0,775.0,751.0,759.0,775.95,1355
2026-09-15,ARENTERP,RAJDARSHAN INDUSTRIES LTD,32.67,33.39,32.01,32.64,33.34,547
2026-09-15,RAJMET,RAJNANDINI METAL LIMITED,3.2,3.35,3.11,3.14,3.2,372173
2026-09-15,RSL,RAJPUTANA STAINLESS LTD,191.62,193.09,180.0,181.63,190.1,670942
2026-09-15,RAJRATAN,RAJRATAN GLOBAL WIRE LTD,495.2,498.1,474.8,485.1,498.15,153932
2026-09-15,RAJSREESUG,RAJSHREE SUGAR & CHEMICAL,33.21,33.67,32.4,32.82,33.13,35214
2026-09-15,RALLIS,RALLIS INDIA LTD,204.15,208.5,199.5,200.82,201.99,1097997
2026-09-15,RAMRAT,RAM RATNA WIRES LIMITED,535.1,555.0,513.0,515.85,532.4,217043
2026-09-15,RAMAPHO,RAMA PHOSPHATES LIMITED,122.06,123.5,118.51,118.86,122.67,28796
2026-09-15,RAMCOIND,RAMCO INDUSTRIES LIMITED,322.95,325.25,312.0,318.4,322.25,83193
2026-09-15,RAMCOSYS,RAMCO SYSTEMS LTD.,598.0,600.95,564.85,567.8,594.55,46824
2026-09-15,RKFORGE,RAMKRISHNA FORGINGS LTD,715.0,715.2,684.6,688.2,711.2,685117
2026-09-15,RAMKY,RAMKY INFRA LTD,332.8,334.95,312.65,314.8,332.1,47492
2026-09-15,RANASUG,RANA SUGARS LTD.,14.61,14.93,14.61,14.82,14.74,451004
2026-09-15,RML,RANE (MADRAS) LIMITED,1362.1,1371.6,1300.0,1306.5,1360.0,36201
2026-09-15,RANEHOLDIN,RANE HOLDINGS LIMITED,1697.7,1699.9,1641.5,1669.0,1696.2,15327
2026-09-15,RPTECH,RASHI PERIPHERALS LIMITED,815.0,815.0,788.3,797.35,819.65,377031
2026-09-15,RCF,RASHTRIYA CHEMICALS & FER,112.36,112.57,108.2,108.59,111.45,1070656
2026-09-15,RATEGAIN,RATEGAIN TRAVEL TECHN LTD,879.0,897.0,868.65,878.65,878.25,262687
2026-09-15,RATNAMANI,RATNAMANI MET & TUB LTD.,2833.0,2833.7,2673.0,2691.4,2811.4,55253
2026-09-15,RATNAVEER,RATNAVEER PRECISION ENG L,285.9,296.3,278.3,289.6,288.3,6487828
2026-09-15,RTNINDIA,RATTANINDIA ENT LIMITED,27.83,28.28,26.0,27.01,27.68,2120638
2026-09-15,RTNPOWER,RATTANINDIA POWER LIMITED,7.22,7.3,6.95,6.99,7.17,27592104
2026-09-15,RKDL,RAVI KUMAR DIST. LTD.,18.1,18.69,17.62,18.0,18.06,5592
2026-09-15,RVHL,RAVINDER HEIGHTS LIMITED,40.43,40.43,38.37,39.16,39.46,6411
2026-09-15,RELTD,RAVINDRA ENERGY LIMITED,156.78,157.5,147.55,148.9,155.64,106567
2026-09-15,RAYMONDLSL,RAYMOND LIFESTYLE LIMITED,700.0,717.55,670.0,672.65,692.0,675263
2026-09-15,RAYMOND,RAYMOND LTD,1015.6,1122.0,971.3,995.95,1002.8,22726056
2026-09-15,RAYMONDREL,RAYMOND REALTY LIMITED,600.05,615.0,575.0,584.0,583.55,2720847
2026-09-15,RBLBANK,RBL BANK LIMITED,412.65,414.3,402.15,403.6,412.55,1249135
2026-09-15,RRECL,RDB REAL ESTATE CONS L,134.46,134.46,121.2,123.7,133.8,160
2026-09-15,RECLTD,REC LIMITED,313.0,314.8,308.5,308.5,312.7,4665696
2026-09-15,REDINGTON,REDINGTON LIMITED,395.7,398.85,375.0,378.95,393.7,4338609
2026-09-15,REDTAPE,REDTAPE LIMITED,115.07,132.75,114.11,120.87,116.1,33802011
2026-09-15,REFEX,REFEX INDUSTRIES LIMITED,273.3,274.15,265.0,265.85,273.55,184866
2026-09-15,REGAAL,REGAAL RESOURCES LIMITED,84.0,84.86,79.02,79.72,83.71,301749
2026-09-15,REGENCERAM,REGENCY CERAMICS LTD.,34.78,36.0,33.46,34.0,34.1,3945
2026-09-15,RELAXO,RELAXO FOOT LTD.,324.95,327.5,315.0,317.15,324.95,109701
2026-09-15,GILT5YBEES,RELCAPAMC - NETFGILT5Y,64.84,66.66,64.84,65.72,66.16,285839
2026-09-15,RELIABLE,RELIABLE DATA SERVICE LTD,139.1,139.1,133.5,134.92,137.04,3657
2026-09-15,RELCHEMQ,RELIANCE CHEMOTEX IND LTD,114.0,129.5,113.0,120.7,110.23,138336
2026-09-15,RIIL,RELIANCE INDUSTRIAL INFRA,715.0,719.7,694.7,697.25,710.75,36914
2026-09-15,RELIANCE,RELIANCE INDUSTRIES LTD,1252.5,1259.4,1235.3,1235.3,1257.5,13754376
2026-09-15,RPOWER,RELIANCE POWER LTD.,21.6,21.74,20.9,21.03,21.58,17702828
2026-09-15,IVZBANKNF,RELIGARAMC - IVZBANKNF,56.37,56.45,55.7,55.71,55.85,10711
2026-09-15,IVZSENSEX,RELIGARAMC - IVZSENSEX,75.01,75.21,74.45,74.5,75.01,2639
2026-09-15,RELIGARE,RELIGARE ENTER. LTD.,256.81,256.81,245.14,247.55,256.81,584107
2026-09-15,REMSONSIND,REMSONS INDUSTRIES LTD,96.4,98.9,91.11,92.13,96.32,146432
2026-09-15,RGL,RENAISSANCE GLOBAL LTD,157.3,163.45,151.2,151.77,155.49,1223848
2026-09-15,REPCOHOME,REPCO HOME FINANCE LTD,359.6,361.7,345.0,348.75,359.6,159662
2026-09-15,REPRO,REPRO INDIA LIMITED,312.9,314.6,285.2,296.4,309.5,9288
2026-09-15,RESPONIND,RESPONSIVE INDUSTRIES LTD,172.3,172.96,160.0,160.82,173.27,957892
2026-09-15,RBA,RESTAURANT BRAND ASIA LTD,98.05,99.46,94.27,95.23,98.05,2819981
2026-09-15,RVTH,REVATHI EQUIPMENT INDIA L,740.95,740.95,613.5,680.5,740.95,4976
2026-09-15,RHETAN,RHETAN TMT LIMITED,22.81,22.81,22.81,22.81,24.01,246294
2026-09-15,RHIM,RHI MAGNESITA INDIA LTD,375.65,375.65,360.8,361.6,375.8,156169
2026-09-15,RICOAUTO,RICO AUTO INDUSTRIES LTD,133.97,135.7,128.21,128.58,134.17,643528
2026-09-15,RIR,RIR POWER ELECTRONICS L,180.0,181.0,170.27,171.5,177.26,512746
2026-09-15,RISHABH,RISHABH INSTRUMENTS LTD,829.55,830.0,772.7,779.5,829.6,224609
2026-09-15,RITCO,RITCO LOGISTICS LIMITED,300.0,309.45,289.4,291.35,300.7,60571
2026-09-15,RITES,RITES LIMITED,209.6,211.19,205.55,206.53,209.15,262779
2026-09-15,RKEC,RKEC PROJECTS LIMITED,20.45,20.45,19.2,19.43,19.33,22880
2026-09-15,RMC,RMC SWITCHGEARS LIMITED,211.68,215.0,199.0,201.09,211.68,55581
2026-09-15,RHL,ROBUST HOTELS LIMITED,168.7,179.8,168.69,175.23,166.85,17789
2026-09-15,ROLEXRINGS,ROLEX RINGS LIMITED,173.64,176.0,164.92,166.47,171.37,1102758
2026-09-15,ROSSARI,ROSSARI BIOTECH LIMITED,443.95,448.6,433.3,435.4,446.15,59590
2026-09-15,ROSSELLIND,ROSSELL INDIA LIMITED,55.95,57.89,55.0,56.65,55.06,68654
2026-09-15,ROSSTECH,ROSSELL TECHSYS LIMITED,1234.9,1308.2,1211.8,1265.4,1214.3,1062808
2026-09-15,ROTO,ROTO PUMPS LIMITED,63.8,64.68,62.57,63.01,64.29,289946
2026-09-15,ROUTE,ROUTE MOBILE LIMITED,496.45,505.9,480.0,481.9,493.55,216143
2026-09-15,ROHLTD,ROYAL ORCHID HOTELS LTD,304.8,313.95,294.0,298.5,306.3,20115
2026-09-15,RPGLIFE,RPG LIFE SCIENCES LTD,2709.0,2918.2,2685.0,2718.8,2698.6,60664
2026-09-15,RPSGVENT,RPSG VENTURES LIMITED,831.8,869.9,826.05,829.35,831.8,38746
2026-09-15,RUBFILA,RUBFILA INTERNATIONAL LTD,67.4,68.34,62.8,63.56,68.51,103797
2026-09-15,RUBICON,RUBICON RESEARCH LIMITED,1852.9,1880.5,1805.1,1815.6,1835.4,200388
2026-09-15,RUCHINFRA,RUCHI INFRASTRUCTURE LTD,5.72,5.72,5.4,5.41,5.55,80698
2026-09-15,RUCHIRA,RUCHIRA PAPERS LIMITED,109.0,111.73,104.57,105.44,108.83,37224
2026-09-15,RUDRA,RUDRA GLOBAL INFRA PROD L,20.15,20.79,19.83,20.16,20.49,28636
2026-09-15,RUPA,RUPA & COMPANY LTD,137.48,137.8,133.0,133.49,137.48,98326
2026-09-15,RUSHIL,RUSHIL DECOR LIMITED,16.18,16.23,15.41,15.59,15.91,229040
2026-09-15,SAB,S A B INDUSTRIES LTD.,175.05,175.05,175.05,175.05,175.05,5
2026-09-15,SCHAND,S CHAND AND COMPANY LTD,136.05,137.72,133.19,133.74,137.72,17433
2026-09-15,SHK,S H KELKAR AND CO. LTD.,141.2,141.88,135.0,135.89,141.22,298458
2026-09-15,SVGLOBAL,S V GLOBAL MILL LTD.,135.0,143.6,127.2,131.84,133.35,2536
2026-09-15,S&SPOWER,S&S POWER SWITCHGEARS LTD,332.85,344.0,332.85,332.85,350.35,2992
2026-09-15,SPAL,S. P. APPARELS LIMITED,1023.0,1027.9,965.3,973.8,1023.0,53942
2026-09-15,SALSTEEL,S.A.L. STEEL LTD.,75.55,75.55,71.07,71.07,74.81,351889
2026-09-15,SAATVIKGL,SAATVIK GREEN ENERGY LTD,392.0,399.0,384.7,389.55,395.95,105059
2026-09-15,SADBHAV,SADBHAV ENGINEERING LTD,7.99,8.1,7.62,7.67,7.87,224092
2026-09-15,SADBHIN,SADBHAV INFRA PROJ LTD.,2.56,2.56,2.46,2.47,2.52,60864
2026-09-15,SAFARI,SAFARI IND (INDIA) LTD,1550.0,1550.0,1490.0,1532.1,1544.7,74589
2026-09-15,SAGCEM,SAGAR CEMENTS LIMITED,148.3,149.38,146.25,146.8,146.25,35191
2026-09-15,SAGARDEEP,SAGARDEEP ALLOYS LIMITED,23.79,23.79,23.52,23.65,23.79,4366
2026-09-15,SAGILITY,SAGILITY LIMITED,45.85,46.62,45.21,45.6,45.2,23912914
2026-09-15,SAHYADRI,SAHYADRI INDUSTRIES LTD,394.8,408.95,358.0,363.15,390.9,27611
2026-09-15,SAICAPI,SAI CAPITAL LTD.,155.0,155.0,148.0,154.5,152.18,134
2026-09-15,SAILIFE,SAI LIFE SCIENCES LIMITED,1587.9,1601.0,1535.8,1541.5,1585.0,433185
2026-09-15,SAIPARENT,SAI PARENTERALS LIMITED,520.3,520.85,503.0,506.35,523.35,74691
2026-09-15,KALAMANDIR,SAI SILKS (KALAMANDIR) L,82.57,83.04,78.45,78.97,82.57,748945
2026-09-15,SEKURITIND,SAINT GOBAIN SEKUR IND L,110.35,112.16,105.05,106.86,110.34,52685
2026-09-15,SAKAR,SAKAR HEALTHCARE LIMITED,1178.0,1179.0,1117.1,1137.55,1158.55,119031
2026-09-15,SAKSOFT,SAKSOFT LIMITED,146.5,150.98,141.0,142.25,146.49,505365
2026-09-15,SAKHTISUG,SAKTHI SUGARS LTD,19.9,20.22,18.9,18.95,19.9,135785
2026-09-15,SAKUMA,SAKUMA EXPORTS LIMITED,1.6,1.6,1.55,1.56,1.57,742269
2026-09-15,SALASAR,SALASAR TECHNO ENGG. LTD.,5.07,5.09,4.71,4.81,5.05,11156788
2026-09-15,SALONA,SALONA COTSPIN LTD.,255.05,265.0,255.0,257.15,260.05,65
2026-09-15,SALZERELEC,SALZER ELECTRONICS LTD,551.6,551.6,530.0,531.45,550.55,34986
2026-09-15,SAMBANDAM,SAMBANDAM SPINNING MILL L,111.65,111.65,111.65,111.65,111.65,1
2026-09-15,SAMBHAAV,SAMBHAAV MEDIA LTD,6.0,6.0,5.66,5.67,5.96,16941
2026-09-15,SAMBHV,SAMBHV STEEL TUBES LTD,131.6,132.0,128.32,128.96,131.08,1638704
2026-09-15,SAMHI,SAMHI HOTELS LIMITED,157.0,158.99,152.25,152.73,157.07,468454
2026-09-15,SAMMAANCAP,SAMMAAN CAPITAL LIMITED,148.0,148.3,141.21,141.96,147.3,5171011
2026-09-15,SAMPANN,SAMPANN UTPADAN INDIA LTD,24.41,25.24,23.56,23.91,24.46,27614
2026-09-15,MOTHERSON,SAMVRDHNA MTHRSN INTL LTD,165.0,165.41,158.15,158.15,164.45,13755237
2026-09-15,SANATHAN,SANATHAN TEXTILES LIMITED,474.5,480.2,453.0,461.4,472.1,58337
2026-09-15,SANDESH,SANDESH LTD,1015.0,1042.0,1010.0,1018.8,1014.6,502
2026-09-15,SANDHAR,SANDHAR TECHNOLOGIES LTD,618.1,628.0,607.3,610.35,618.6,119259
2026-09-15,SANDUMA,SANDUR MANG & IRON ORES L,191.01,191.99,181.2,181.98,190.35,1127169
2026-09-15,SANGAMIND,SANGAM (INDIA) LTD,570.55,573.4,552.35,565.65,574.4,34764
2026-09-15,SANGHVIMOV,SANGHVI MOVERS LTD,427.85,438.15,400.0,401.5,426.5,514577
2026-09-15,SANOFICONR,SANOFI CONS HEALTHC IND L,4023.4,4112.0,3978.0,4055.3,4023.4,7742
2026-09-15,SANOFI,SANOFI INDIA LIMITED,3079.2,3159.8,3074.1,3131.0,3079.2,23468
2026-09-15,SANSERA,SANSERA ENGINEERING LTD,4155.0,4183.6,3820.0,3871.7,4129.9,276179
2026-09-15,SANSTAR,SANSTAR LIMITED,109.59,111.6,109.59,110.76,110.53,130368
2026-09-15,SAPPHIRE,SAPPHIRE FOODS INDIA LTD,225.95,228.79,221.51,222.37,225.74,399696
2026-09-15,ZSARACOM,SARASWATI COMM (INDIA) L,10600.0,11000.0,10300.0,10337.0,10797.0,43
2026-09-15,SSDL,SARASWATI SAREE DEPOT LTD,62.6,64.5,59.73,60.22,62.59,41431
2026-09-15,SARDAEN,SARDA ENERGY & MIN LTD,523.0,525.0,499.5,501.35,524.15,380876
2026-09-15,SAREGAMA,SAREGAMA INDIA LIMITED,505.1,505.1,481.15,485.5,505.5,194289
2026-09-15,SARLAPOLY,SARLA PERF. FIBERS LTD,100.7,102.78,96.11,96.7,100.22,102414
2026-09-15,SMLT,SARTHAK METALS LIMITED,63.8,65.9,61.54,62.18,62.29,2686
2026-09-15,SARVESHWAR,SARVESHWAR FOODS LIMITED,4.04,4.04,3.78,3.85,4.01,1905933
2026-09-15,SASKEN,SASKEN TECHNOLOGIES LTD,1749.9,1801.6,1714.0,1722.2,1783.6,55350
2026-09-15,SATIA,SATIA INDUSTRIES LIMITED,67.01,68.67,66.22,66.51,68.01,106260
2026-09-15,SATIN,SATIN CREDIT NET LTD,217.15,217.63,212.0,214.88,216.68,158812
2026-09-15,SAURASHCEM,SAURASHTRA CEMENT LIMITED,54.9,55.99,52.7,53.03,54.76,107268
2026-09-15,SOTL,SAVITA OIL TECHNOLO. LTD,715.8,723.0,684.0,688.3,716.25,243431
2026-09-15,SAYAJIHOTL,SAYAJI HOTELS LTD.,325.1,338.0,320.7,322.7,326.8,605
2026-09-15,SAYAJIIND,SAYAJI INDUSTRIES LTD.,113.0,117.99,113.0,113.51,118.9,312
2026-09-15,SBC,SBC EXPORTS LIMITED,48.15,48.55,47.35,47.73,48.33,9919587
2026-09-15,SBFC,SBFC FINANCE LIMITED,98.0,98.75,94.01,94.43,98.19,630989
2026-09-15,SBICARD,SBI CARDS & PAY SER LTD,652.1,655.75,617.1,618.6,655.2,1751822
2026-09-15,SBIFUNDS,SBI FUNDS MANAGEMENT LTD,545.8,549.0,533.1,536.5,544.3,1079997
2026-09-15,SBILIFE,SBI LIFE INSURANCE CO LTD,1672.1,1683.1,1652.9,1654.1,1684.7,1139205
2026-09-15,SETFGOLD,SBI-ETF GOLD,129.0,129.0,127.25,127.57,129.06,8275144
2026-09-15,SETFNIF50,SBI-ETF NIFTY 50,255.34,255.34,249.79,250.09,252.41,863309
2026-09-15,SETFNIFBK,SBI-ETF NIFTY BANK,596.32,596.32,573.65,575.11,581.78,166307
2026-09-15,SETFNN50,SBI-ETF NIFTY NEXT 50,791.92,791.92,756.0,756.99,772.61,51047
2026-09-15,LIQUIDSBI,SBIAMC - LIQUIDSBI,1000.01,1000.01,999.99,999.99,999.99,6431
2026-09-15,SBIBPB,SBIAMC - SBIBPB,48.58,49.13,47.5,47.72,48.58,56517
2026-09-15,SBIETFCON,SBIAMC - SBIETFCON,119.98,119.98,116.81,116.86,118.35,3428
2026-09-15,SBIETFIT,SBIAMC - SBIETFIT,324.7,339.7,324.7,328.26,322.45,32283
2026-09-15,SBIETFPB,SBIAMC - SBIETFPB,285.89,285.9,277.28,277.5,281.69,3089
2026-09-15,SBIETFQLTY,SBIAMC - SBIETFQLTY,215.01,218.28,213.31,214.04,216.09,17934
2026-09-15,SBILIQETF,SBIAMC - SBILIQETF,1055.93,1055.95,1055.93,1055.95,1055.8,5977
2026-09-15,SBIMIDMOM,SBIAMC - SBIMIDMOM,64.17,64.17,61.68,61.85,63.53,53326
2026-09-15,SBINEQWETF,SBIAMC - SBINEQWETF,33.36,33.36,32.15,32.24,32.55,36302
2026-09-15,SBINMID150,SBIAMC - SBINMID150,23.4,23.4,22.32,22.35,22.94,36224
2026-09-15,SBISILVER,SBIAMC - SBISILVER,221.92,221.92,219.15,220.12,221.92,1062753
2026-09-15,SBISMLETF,SBIAMC - SBISMLETF,18.37,18.53,17.84,17.98,18.28,76273
2026-09-15,SBIVALETF,SBIAMC - SBIVALETF,14.57,14.57,14.25,14.28,14.57,12957
2026-09-15,SETF10GILT,SBIAMC - SETF10GILT,262.75,264.4,261.0,263.75,263.98,5042
2026-09-15,SCHAEFFLER,SCHAEFFLER INDIA LIMITED,3950.5,3961.6,3895.0,3916.4,3950.5,50304
2026-09-15,SCHNEIDER,SCHNEIDER ELECTRIC INFRA,1227.0,1228.9,1185.0,1193.1,1227.0,233496
2026-09-15,SCODATUBES,SCODA TUBES LIMITED,130.0,132.9,125.5,126.23,129.82,123440
2026-09-15,SEAMECLTD,SEAMEC LIMITED,1814.9,1814.9,1721.0,1736.9,1788.4,83528
2026-09-15,SECMARK,SECMARK CONSULTANCY LTD,149.4,149.4,133.41,142.98,141.31,802
2026-09-15,SECURKLOUD,SECUREKLOUD TECH LIMITED,16.18,16.99,16.18,16.78,16.51,31638
2026-09-15,SEDEMAC,SEDEMAC MECHATRONICS LTD,2944.0,2995.0,2911.0,2950.7,2906.2,95665
2026-09-15,SEJALLTD,SEJAL GLASS LIMITED,663.2,663.2,616.5,618.35,646.3,6101
2026-09-15,SEMAC,SEMAC CONSTRUCTION LTD,269.5,272.4,264.0,269.0,273.05,702
2026-09-15,SENCO,SENCO GOLD LIMITED,348.95,351.0,335.15,336.4,346.4,504318
2026-09-15,SENORES,SENORES PHARMACEUTICALS L,1470.0,1475.6,1400.0,1416.1,1467.3,162042
2026-09-15,SEPC,SEPC LIMITED,5.3,5.32,5.08,5.12,5.27,8695082
2026-09-15,SERVOTECH,SERVOTECH REN POW SYS LTD,76.91,76.91,72.31,72.86,77.28,844722
2026-09-15,STYL,SESHAASAI TECHNOLOGIES L,387.4,391.95,357.25,360.2,387.4,155799
2026-09-15,SESHAPAPER,SESHASAYEE PAPER & BOARDS,251.0,251.48,241.6,242.8,251.14,43579
2026-09-15,SGFIN,SG FINSERVE LIMITED,665.0,666.0,625.0,629.75,660.75,272203
2026-09-15,SGMART,SG MART LIMITED,750.75,753.05,716.15,722.1,750.95,198309
2026-09-15,SGLRES,SGL RESOURCES LIMITED,2.55,2.55,2.32,2.35,2.44,31022
2026-09-15,SHADOWFAX,SHADOWFAX TECHNOLOGIES L,253.4,254.9,239.0,241.15,253.4,3355837
2026-09-15,SHAH,SHAH METACORP LIMITED,3.5,3.5,3.19,3.35,3.51,1406837
2026-09-15,SHAILY,SHAILY ENG PLASTICS LTD,3300.7,3326.5,3152.0,3181.8,3279.5,108535
2026-09-15,SHAKTIPUMP,SHAKTI PUMPS (I) LTD,492.9,493.75,473.15,474.2,493.8,609362
2026-09-15,SHALBY,SHALBY LIMITED,144.78,149.0,136.35,137.21,144.78,364825
2026-09-15,SAHLIBHFI,SHALIBHADRA FINANCE LTD,81.67,82.75,77.01,77.91,81.67,41398
2026-09-15,SRD,SHANKAR LAL RAMPAL LTD,38.99,40.0,38.5,39.3,38.27,53352
2026-09-15,SHANKARA,SHANKARA BLDG PRODUCT LTD,148.4,150.39,147.11,149.83,148.29,415745
2026-09-15,BUILDPRO,SHANKARA BUILDPRO LIMITED,1274.8,1334.0,1274.8,1283.0,1252.5,95748
2026-09-15,SHANKESH,SHANKESH JEWELLERS LTD,103.49,104.19,92.22,94.35,101.3,5763565
2026-09-15,SHANTIGEAR,SHANTHI GEARS LTD,714.95,728.5,679.25,679.25,714.95,102653
2026-09-15,SEIL,SHANTI EDU INITIATIVES L,193.5,195.0,188.3,190.09,192.68,382765
2026-09-15,SHANTIGOLD,SHANTI GOLD INTERNATION L,260.65,262.04,246.36,247.89,258.17,888493
2026-09-15,SHANTI,SHANTI OVERSEAS INDIA LTD,6.47,6.47,6.04,6.1,6.2,27186
2026-09-15,SHINDL,SHARAT INDUSTRIES LTD.,164.69,164.69,158.77,161.48,163.02,154154
2026-09-15,SHARDACROP,SHARDA CROPCHEM LTD.,770.2,771.0,748.6,753.4,765.55,179500
2026-09-15,SHARDAMOTR,SHARDA MOTOR INDS LTD,968.0,974.4,928.0,933.15,943.75,147923
2026-09-15,SHAREINDIA,SHARE IND. SECURITIES LTD,204.28,207.36,193.06,197.2,198.93,4211096
2026-09-15,SFL,SHEELA FOAM LIMITED,691.55,695.9,662.9,668.25,691.55,159797
2026-09-15,SHERVANI,SHERVANI INDUSTRIAL SYN L,350.55,374.0,342.0,349.5,348.85,382
2026-09-15,SHILCTECH,SHILCHAR TECHNOLOGIES LTD,4208.9,4279.0,4062.2,4078.3,4174.4,15004
2026-09-15,SHILGRAVQ,SHILP GRAVURES LTD.,164.0,168.9,158.0,159.62,163.94,3504
2026-09-15,SHILPAMED,SHILPA MEDICARE LTD,968.0,968.75,902.25,911.9,961.15,756740
2026-09-15,SCILAL,SHIPPING CORP OF ILA LTD,38.85,38.85,37.15,37.34,38.14,182150
2026-09-15,SCI,SHIPPING CORP OF INDIA LT,281.0,281.85,268.0,269.05,280.6,1967345
2026-09-15,SHIPROCKET,SHIPROCKET LIMITED,134.39,134.39,125.85,127.82,133.99,2797182
2026-09-15,SHIVAUM,SHIV AUM STEELS LIMITED,484.35,484.9,463.5,470.0,465.4,815
2026-09-15,SHIVACEM,SHIVA CEMENT LTD.,16.29,16.29,15.6,15.89,15.95,43700
2026-09-15,SHIVAAGRO,SHIVA GLOBAL AGRO INDS. L,40.0,40.0,37.6,37.9,39.69,1547
2026-09-15,SHIVAMILLS,SHIVA MILLS LIMITED,63.0,63.0,59.5,61.12,61.47,1396
2026-09-15,SHIVATEX,SHIVA TEXYARN LIMITED,180.03,184.72,176.06,180.5,178.05,3009
2026-09-15,SBCL,SHIVALIK BIMETAL CON. LTD,1087.0,1120.0,1000.0,1020.2,1087.0,482862
2026-09-15,SHIVALIK,SHIVALIK RASAYAN LIMITED,362.5,373.15,350.0,353.9,362.05,97952
2026-09-15,SHIVAMAUTO,SHIVAM AUTO.LTD,17.1,18.0,16.45,16.54,16.69,41093
2026-09-15,SHOPERSTOP,SHOPPERS STOP LIMITED,378.2,442.0,372.55,398.5,375.45,2756422
2026-09-15,SHRADDHA,SHRADDHA PRIME PROJECTS L,151.0,154.53,148.1,151.89,152.67,7567
2026-09-15,SHRADHA,SHRADHA REALTY LIMITED,30.84,30.84,29.8,29.97,30.84,1488
2026-09-15,SHREEPUSHK,SHRE PUSH CHEM & FERT LTD,487.5,524.0,470.0,501.45,486.9,310949
2026-09-15,SAPPL,SHREE AJIT PULP & PAPER L,292.0,293.0,277.95,287.6,290.8,1738
2026-09-15,SHREECEM,SHREE CEMENT LIMITED,22620.0,22660.0,21905.0,21905.0,22570.0,12171
2026-09-15,SHREDIGCEM,SHREE DIGVIJAY CEM CO LTD,69.5,70.0,65.46,65.87,68.49,130681
2026-09-15,SGRL,SHREE GANESH REMEDIES LTD,670.0,699.2,646.6,657.6,659.2,15689
2026-09-15,SRTL,SHREE RAM TWISTEX LIMITED,37.67,38.25,37.32,37.55,37.32,23754
2026-09-15,SHREERAMA,SHREE RAMA MULTI TECH LTD,46.31,47.08,43.61,44.23,47.12,84445
2026-09-15,RAMANEWS,SHREE RAMA NEWSPRINT LTD,30.95,32.71,30.5,30.94,30.95,16171
2026-09-15,RENUKA,SHREE RENUKA SUGARS LTD,25.0,25.05,23.05,23.49,24.87,11649203
2026-09-15,BALAJEE,SHREE TIRUPATI BALAJEE L,26.09,26.09,24.51,24.96,25.14,16947
2026-09-15,SVLL,SHREE VASU LOGISTICS LTD,816.0,829.4,790.0,790.4,785.05,1173
2026-09-15,SHREEJISPG,SHREEJI SHIPPING GLOBAL L,691.75,711.65,655.85,684.0,691.75,3269593
2026-09-15,OSWALSEEDS,SHREEOSWAL S AND CHE LTD,15.7,16.49,13.46,15.83,15.54,988892
2026-09-15,SHREYANIND,SHREYANS INDUSTRIES LTD,134.12,134.12,125.12,126.17,132.8,4777
2026-09-15,SHBAJRG,SHRI BAJRANG ALLIANCE L,156.99,156.99,153.0,153.96,155.85,1495
2026-09-15,SHRJAGP,SHRI JAGDAMBA POLYMERS L,673.95,673.95,617.0,641.45,647.0,451
2026-09-15,SHRIKRISH,SHRI KRISHNA DEVCON LTD.,36.0,36.1,34.01,34.22,37.0,917
2026-09-15,SHRINGARMS,SHRINGAR HOU OF MANGALS L,218.0,218.01,209.55,211.05,217.27,157933
2026-09-15,LIQUIDSHRI,SHRIRAM - LIQUIDSHRI,1121.46,1121.46,1121.44,1121.45,1121.3,3625
2026-09-15,SHRIRAMFIN,SHRIRAM FINANCE LIMITED,1044.9,1044.9,979.8,979.8,1028.6,5927612
2026-09-15,SHRIRAMPPS,SHRIRAM PROPERTIES LTD,72.22,72.6,70.2,70.41,71.83,287955
2026-09-15,SHUKRAPHAR,SHUKRA PHARMACEUTICALS L,54.06,56.2,54.06,55.27,53.94,2366428
2026-09-15,SHYAMMETL,SHYAM METALICS AND ENGY L,1082.3,1082.7,1045.1,1050.5,1074.8,231835
2026-09-15,SHYAMTEL,SHYAM TELECOM LIMITED,11.86,11.86,10.55,11.2,11.48,1365
2026-09-15,SICAGEN,SICAGEN INDIA LIMITED,54.0,55.95,53.01,53.98,53.53,13896
2026-09-15,ENRIN,SIEMENS ENERGY INDIA LTD,3200.0,3200.0,3010.0,3028.7,3181.3,304976
2026-09-15,SIEMENS,SIEMENS LTD,3957.4,3964.0,3770.0,3770.0,3957.0,347469
2026-09-15,SIGACHI,SIGACHI INDUSTRIES LTD,37.8,37.8,30.35,31.51,37.93,20492367
2026-09-15,SIGMA,SIGMA SOLVE LIMITED,43.35,46.79,43.35,44.9,44.19,139128
2026-09-15,SIGNATURE,SIGNATUREGLOBAL INDIA LTD,764.9,777.85,748.55,751.15,760.85,179141
2026-09-15,SIGNPOST,SIGNPOST INDIA LIMITED,278.5,278.5,261.9,264.65,276.25,57010
2026-09-15,SIKA,SIKA INTERPLANT SYSTEMS L,1099.9,1106.95,1026.1,1040.05,1085.55,46605
2026-09-15,SILINV,SIL INVESTMENTS LIMITED,471.55,478.0,440.5,444.95,463.8,1485
2026-09-15,SILGO,SILGO RETAIL LIMITED,70.53,71.36,68.41,69.08,70.01,259419
2026-09-15,SILVERTUC,SILVER TOUCH TECHNO LTD,155.98,157.9,146.12,149.66,152.49,420284
2026-09-15,SIMPLEXINF,SIMPLEX INFRASTRUCTURES L,255.35,256.0,238.9,242.85,255.1,110563
2026-09-15,SIMPLXREA,SIMPLEX REALTY LTD.,143.0,143.0,130.15,132.27,137.0,169
2026-09-15,SINCLAIR,SINCLAIRS HOTELS LIMITED,80.0,81.0,78.1,78.41,80.28,46998
2026-09-15,SINDHUTRAD,SINDHU TRADE LINKS LTD,24.02,24.02,23.23,23.53,23.99,385853
2026-09-15,SINGERIND,SINGER INDIA LIMITED,75.7,78.19,74.01,74.98,76.16,66642
2026-09-15,SINTERCOM,SINTERCOM INDIA LIMITED,80.0,80.0,75.0,75.05,76.65,1098
2026-09-15,SIRCA,SIRCA PAINT INDIA LIMITED,429.9,434.0,414.0,418.15,427.35,200970
2026-09-15,SIS,SIS LIMITED,418.45,425.65,412.25,414.9,419.3,450780
2026-09-15,SIYSIL,SIYARAM SILK MILLS LTD,535.65,539.6,516.4,520.95,535.15,26520
2026-09-15,SJS,SJS ENTERPRISES LIMITED,2357.1,2369.7,2290.2,2311.7,2354.0,151469
2026-09-15,SJVN,SJVN LTD,66.17,66.77,64.38,64.58,66.18,1708205
2026-09-15,SKFINDUS,SKF IND (INDUSTRIAL) LTD,2886.0,2910.0,2812.1,2833.8,2887.7,56181
2026-09-15,SKFINDIA,SKF INDIA LTD,1518.6,1528.5,1502.1,1508.5,1527.8,23487
2026-09-15,SKIPPER,SKIPPER LIMITED,557.5,557.8,531.0,534.15,551.55,1092523
2026-09-15,SKMEGGPROD,SKM EGG PROD EXPORT(I) LT,241.35,242.95,231.0,231.9,241.3,116381
2026-09-15,SKYGOLD,SKY GOLD AND DIAMONDS LTD,835.0,851.95,785.0,789.4,827.4,773753
2026-09-15,SKYWAYS,SKYWAYS AIR SERVICES LTD,117.0,117.5,110.31,111.29,116.01,1875473
2026-09-15,SMARTWORKS,SMARTWORKS COWORKING SP L,539.0,540.35,517.5,518.7,530.75,39490
2026-09-15,SMCGLOBAL,SMC GLOBAL SECURITIES LTD,86.47,87.29,81.16,81.94,86.0,1251208
2026-09-15,SMLMAH,SML MAHINDRA LIMITED,6640.0,6654.0,6254.0,6254.0,6583.0,45556
2026-09-15,SMSPHARMA,SMS PHARMACEUTICALS LTD.,477.95,482.0,397.5,410.15,463.45,4315277
2026-09-15,SNOWMAN,SNOWMAN LOGISTICS LTD.,35.95,36.11,34.55,35.03,35.91,188142
2026-09-15,SOBHA,SOBHA LIMITED,1226.6,1240.9,1181.2,1192.7,1216.8,110757
2026-09-15,SOFTTECH,SOFTTECH ENGINEERS LTD,456.1,474.95,452.35,474.95,452.35,13382
2026-09-15,SOLARINDS,SOLAR INDUSTRIES (I) LTD,22320.0,22700.0,19065.0,19250.0,22290.0,1304570
2026-09-15,SOLARA,SOLARA ACTIVE PHA SCI LTD,761.45,774.0,711.1,715.8,749.15,696761
2026-09-15,SOLARWORLD,SOLARWORLD ENERGY SOL LTD,142.0,143.45,130.15,131.42,141.48,463874
2026-09-15,SOLEX,SOLEX ENERGY LIMITED,698.75,700.45,661.0,668.9,698.6,61445
2026-09-15,SDBL,SOM DIST & BREW LTD,70.0,71.96,67.75,68.13,70.07,535458
2026-09-15,SOMATEX,SOMA TEXTILES & INDUST LT,84.05,84.52,81.0,81.62,84.52,4172
2026-09-15,SOMANYCERA,SOMANY CERAMICS LIMITED,568.0,568.0,544.0,550.8,565.2,76905
2026-09-15,SOMICONVEY,SOMI CONVEYOR BELT. LTD.,92.9,94.45,90.61,91.01,92.93,11112
2026-09-15,SONACOMS,SONA BLW PRECISION FRGS L,788.0,793.9,777.45,790.0,788.0,1635076
2026-09-15,SONAL,SONAL MERCANTILE LTD.,90.5,90.5,90.5,90.5,86.25,98
2026-09-15,SONATSOFTW,SONATA SOFTWARE LTD,274.75,291.95,272.45,281.3,265.85,6788610
2026-09-15,SOUTHWEST,SOUTH WEST PINNACLE LTD,213.35,213.35,200.05,201.59,213.35,304793
2026-09-15,SPCENET,SPACENET ENTERS IND LTD,3.38,3.43,3.2,3.27,3.39,1132328
2026-09-15,SPANDANA,SPANDANA SPHOORTY FIN LTD,235.37,235.51,226.15,226.96,235.37,188234
2026-09-15,SPENCERS,SPENCER S RETAIL LIMITED,28.5,28.99,27.5,27.94,28.3,30766
2026-09-15,SPIC,SPIC LTD,69.0,69.17,67.0,67.38,69.0,418875
2026-09-15,SPLIL,SPL INDUSTRIES LIMITED,30.79,30.79,28.55,28.84,30.05,13439
2026-09-15,SPMLINFRA,SPML INFRA LIMITED,171.05,171.89,167.0,168.47,171.63,163272
2026-09-15,SPORTKING,SPORTKING INDIA LIMITED,215.0,215.0,199.0,201.01,214.77,471319
2026-09-15,SHRIPISTON,SPR AUTO TECHNOLOGIES LTD,4358.5,4407.8,4246.4,4275.4,4371.5,76632
2026-09-15,SRHHYPOLTD,SREE RAYALSEEMA HHP LTD.,523.5,535.0,488.0,497.4,523.8,59413
2026-09-15,SRF,SRF LTD,2482.4,2490.7,2450.0,2455.2,2482.4,149986
2026-09-15,SRGHFL,SRG HOUSING FINANCE L,140.4,140.4,140.4,140.4,156.0,66874
2026-09-15,HAVISHA,SRI HAVISHA HOSP & INFR L,1.36,1.36,1.3,1.31,1.34,8098
2026-09-15,SRM,SRM CONTRACTORS LIMITED,444.6,444.6,417.0,419.9,439.35,63636
2026-09-15,SETL,STANDARD ENGNG TCNLGY LTD,444.75,444.75,444.75,444.75,468.15,194608
2026-09-15,SIL,STANDARD INDUSTRIES LTD.,17.76,18.36,17.51,17.6,17.76,31415
2026-09-15,STANLEY,STANLEY LIFESTYLES LTD,136.71,138.0,134.85,135.02,135.6,114098
2026-09-15,STARCEMENT,STAR CEMENT LIMITED,195.14,195.91,184.0,184.93,195.14,272570
2026-09-15,STARHEALTH,STAR HEALTH & AL INS CO L,562.7,565.0,537.0,540.8,562.7,873422
2026-09-15,STARPAPER,STAR PAPER MILLS LTD,172.0,172.0,159.01,160.27,168.44,14400
2026-09-15,STARTECK,STARTECK FINANCE LIMITED,240.95,240.95,230.0,238.9,240.65,127
2026-09-15,SBIN,STATE BANK OF INDIA,994.0,999.8,968.0,968.0,995.7,10004115
2026-09-15,SAIL,STEEL AUTHORITY OF INDIA,179.53,180.0,172.92,173.0,179.0,10217048
2026-09-15,STEELCITY,STEEL CITY SECURITIES LTD,89.55,90.88,85.36,86.12,90.3,17883
2026-09-15,STEELXIND,STEEL EXCHANGE INDIA LTD,12.19,12.25,11.3,11.44,12.14,5762202
2026-09-15,STLSTRINF,STEEL STRIPS INFRA L,25.44,25.44,24.2,25.44,21.2,40095
2026-09-15,SSWL,STEEL STRIPS WHEELS LTD.,370.0,370.0,336.0,339.0,370.65,1724329
2026-09-15,STEELCAS,STEELCAST LIMITED,325.35,330.0,311.0,312.75,325.25,49977
2026-09-15,STEL,STEL HOLDINGS LIMITED,611.1,611.1,581.5,597.9,611.1,3096
2026-09-15,SGL,STL GLOBAL LIMITED,9.82,10.01,9.75,9.82,9.73,6382
2026-09-15,STLNETWORK,STL NETWORKS LIMITED,38.43,38.43,35.37,37.2,36.6,14945148
2026-09-15,STOVEKRAFT,STOVE KRAFT LIMITED,819.5,828.95,800.75,804.7,814.9,105247
2026-09-15,STAR,STRIDES PHARMA SCI LTD,1183.0,1203.0,1127.0,1150.6,1183.4,421480
2026-09-15,SWSOLAR,STRLNG & WIL REN ENE LTD,184.7,187.58,173.01,174.3,180.22,1684846
2026-09-15,STUDDS,STUDDS ACCESSORIES LTD,420.0,422.05,410.0,410.7,418.65,20247
2026-09-15,STYLAMIND,STYLAM INDUSTRIES LIMITED,3341.0,3359.7,3252.1,3281.2,3329.9,31650
2026-09-15,STYRENIX,STYRENIX PERFORMANCE LTD,2114.4,2130.1,2018.3,2034.2,2113.1,22209
2026-09-15,SUBEXLTD,SUBEX LTD,21.3,21.85,20.05,20.44,20.8,25531437
2026-09-15,SUBROS,SUBROS LIMITED,702.75,705.0,679.4,682.55,703.75,29668
2026-09-15,SUDARSCHEM,SUDARSHAN CHEMICAL INDS L,1259.0,1259.0,1175.4,1183.2,1248.2,176492
2026-09-15,SUDARCOLOR,SUDARSHAN COLORNT IND LTD,376.0,388.7,374.0,375.1,378.4,5728
2026-09-15,SUDEEPPHRM,SUDEEP PHARMA LIMITED,1238.0,1238.0,1142.7,1142.7,1202.8,124977
2026-09-15,SUKHJITS,SUKHJIT STARCH & CHEM LTD,162.0,165.67,160.95,161.72,159.78,29472
2026-09-15,SULA,SULA VINEYARDS LIMITED,138.0,138.89,134.0,134.14,136.38,354017
2026-09-15,SUMEDHA,SUMEDHA FISCAL SERVICES L,43.49,45.5,41.55,43.09,41.4,12042
2026-09-15,SUMEETINDS,SUMEET IND LIMITED,10.8,10.82,10.24,10.24,10.77,1550724
2026-09-15,SUMIT,SUMIT WOODS LIMITED,50.0,52.0,49.81,50.61,49.4,25085
2026-09-15,SUMICHEM,SUMITOMO CHEM INDIA LTD,478.2,479.55,450.25,451.95,476.4,263903
2026-09-15,SUMMITSEC,SUMMIT SECURITIES LTD,1423.3,1426.5,1390.0,1393.6,1409.2,4644
2026-09-15,SPARC,SUN PHARMA ADV.RES.CO.LTD,197.26,198.09,186.99,188.0,196.01,627126
2026-09-15,SUNPHARMA,SUN PHARMACEUTICAL IND L,1854.6,1856.8,1828.0,1835.0,1840.0,1437151
2026-09-15,SUNTV,SUN TV NETWORK LIMITED,476.0,476.0,461.15,464.25,476.0,323101
2026-09-15,SUNCLAY,SUNDARAM CLAYTON LIMITED,1318.9,1318.9,1239.0,1250.2,1298.3,6584
2026-09-15,SUNDARMFIN,SUNDARAM FINANCE LTD,4718.9,4864.8,4668.5,4695.0,4710.7,64086
2026-09-15,SUNDARAM,SUNDARAM MULTI PAP LTD,1.2,1.21,1.17,1.18,1.19,192563
2026-09-15,SUNDRMFAST,SUNDRAM FASTENERS LTD,1277.3,1280.2,1232.5,1237.3,1270.0,130043
2026-09-15,SUNDROP,SUNDROP BRANDS LIMITED,662.05,666.05,653.0,653.4,662.0,5387
2026-09-15,SUNFLAG,SUNFLAG IRON AND STEEL CO,337.2,339.5,328.5,331.55,337.2,103768
2026-09-15,SUNLOC,SUNIL HEALTHCARE LTD.,75.0,77.99,74.74,76.49,75.5,506
2026-09-15,SUNRAKSHAK,SUNRAKSHAKK INDUS IND L,375.0,378.9,350.1,362.45,377.05,8173
2026-09-15,SUNSHIEL,SUNSHIELD CHEMICALS LTD.,1219.0,1275.4,1201.0,1209.3,1200.2,4496
2026-09-15,SUNSHINE,SUNSHINE PICTURES LIMITED,385.0,394.6,326.25,333.95,407.8,7326036
2026-09-15,SUNTECK,SUNTECK REALTY LIMITED,289.0,289.95,275.0,276.2,288.0,243697
2026-09-15,SUPERHOUSE,SUPERHOUSE LIMITED,171.49,177.9,169.0,169.83,169.66,4382
2026-09-15,SIEL,SUPERIOR INDUSTRIAL ENT L,30.5,31.5,28.51,31.5,30.0,510
2026-09-15,SUPRAJIT,SUPRAJIT ENGINEERING LTD,490.45,495.0,475.2,480.05,488.9,113378
2026-09-15,SUPREME,SUPREME HOLDIN N HOSP I L,37.9,37.9,32.51,32.98,34.74,111772
2026-09-15,SUPREMEIND,SUPREME INDUSTRIES LTD,3369.0,3413.9,3300.0,3300.0,3364.4,157956
2026-09-15,SUPREMEINF,SUPREME INFRA. LTD.,85.04,86.0,81.25,81.4,85.04,33793
2026-09-15,SPLPETRO,SUPREME PETROCHEM LIMITED,828.0,828.0,781.35,789.35,818.35,170064
2026-09-15,SUPRIYA,SUPRIYA LIFESCIENCE LTD,904.5,912.75,866.25,874.95,901.75,166220
2026-09-15,SURAJEST,SURAJ ESTATE DEVELOPERS L,175.42,179.59,168.85,169.85,174.59,123897
2026-09-15,SURAJLTD,SURAJ LIMITED,196.17,199.79,194.97,195.75,199.99,1313
2026-09-15,SURAKSHA,SURAKSHA DIAGNOSTIC LTD,323.75,328.85,317.7,323.05,323.75,70378
2026-09-15,SURANASOL,SURANA SOLAR LIMITED,25.7,26.0,24.8,25.02,25.51,24580
2026-09-15,SURANAT&P,SURANA TELECOM AND POW LT,16.28,16.4,15.8,15.81,16.1,39617
2026-09-15,SBGLP,SURATWWALA BUS GROUP LTD,21.56,22.63,21.05,21.33,21.56,56281
2026-09-15,SURYAROSNI,SURYA ROSHNI LTD,214.4,216.76,208.15,209.8,214.27,375749
2026-09-15,SURYALAXMI,SURYALAKSHMI COT MIL LTD,59.0,59.0,53.45,55.46,56.28,4782
2026-09-15,SURYALA,SURYALATA SPINNING MILL L,399.2,416.0,395.25,401.0,395.25,41
2026-09-15,SURYODAY,SURYODAY SMALL FIN BK LTD,148.05,150.36,143.43,144.81,148.05,322480
2026-09-15,SUVEN,SUVEN LIFE SCIENCES LTD,356.35,363.95,327.1,333.45,355.55,870622
2026-09-15,SUVIDHAA,SUVIDHAA INFOSERVE LTD,2.27,2.36,2.2,2.28,2.25,87341
2026-09-15,SUYOG,SUYOG TELEMATICS LIMITED,652.95,664.75,639.0,643.6,650.5,25996
2026-09-15,SUZLON,SUZLON ENERGY LIMITED,44.53,44.97,42.58,42.9,44.12,40276349
2026-09-15,SVPGLOB,SVP GLOBAL TEXTILES LTD,3.6,3.61,3.35,3.39,3.45,37542
2026-09-15,SWANCORP,SWAN CORP LIMITED,296.0,307.3,288.0,292.6,296.45,2810162
2026-09-15,SWARAJENG,SWARAJ ENGINES LTD,3579.0,3599.0,3549.0,3569.2,3576.0,7502
2026-09-15,SWARNSAR,SWARNSARITA JEWELS IND L,39.05,40.87,38.3,38.74,39.66,17383
2026-09-15,SWELECTES,SWELECT ENERGY SYS LTD,569.9,572.0,547.0,551.4,567.4,14842
2026-09-15,SWIGGY,SWIGGY LIMITED,278.2,282.0,275.0,275.0,278.2,13233851
2026-09-15,SYMBIOTEC,SYMBIOTEC PHARMALAB LTD,1133.5,1174.9,1070.05,1080.1,1133.45,1313080
2026-09-15,SYMPHONY,SYMPHONY LIMITED,590.05,596.4,571.0,573.7,592.65,81544
2026-09-15,SYNCOMF,SYNCOM FORMU (I) LTD,19.69,19.85,18.44,18.53,19.46,5369736
2026-09-15,SGIL,SYNERGY GREEN IND. LTD,592.2,608.0,586.0,590.9,592.2,16573
2026-09-15,SYNGENE,SYNGENE INTERNATIONAL LTD,382.95,383.8,377.25,378.85,382.65,337576
2026-09-15,SYRMA,SYRMA SGS TECHNOLOGY LTD,1613.7,1614.0,1500.3,1507.7,1589.3,1180574
2026-09-15,TGVSL,T G V SRAAC LTD.,105.99,107.0,103.01,103.91,105.91,127830
2026-09-15,TTL,T T LIMITED,6.56,6.75,6.53,6.58,6.66,43242
2026-09-15,TAALTECH,TAAL TECH LTD.,5550.0,5550.0,4957.2,5012.4,5375.5,20898
2026-09-15,TAINWALCHM,TAINWALA CHEMICAL AND PLA,214.0,214.0,205.0,205.0,207.79,6228
2026-09-15,TAJGVK,TAJ GVK HOTELS & RESORTS,334.55,335.4,325.1,325.85,334.8,58026
2026-09-15,TAKE,TAKE LIMITED,18.49,18.49,18.49,18.49,17.61,44031
2026-09-15,TALBROAUTO,TALBROS AUTO. COMP. LTD,425.0,443.45,418.0,421.3,423.75,454628
2026-09-15,TMB,TAMILNAD MERCA BANK LTD,910.9,920.0,860.0,868.35,910.9,209458
2026-09-15,TNPL,TAMILNADU NEWSPRT & PAPER,154.25,156.6,151.56,152.39,153.27,240597
2026-09-15,TNPETRO,TAMILNADU PETROPRODUCTS L,132.9,132.9,122.68,125.71,128.9,1021991
2026-09-15,TNTELE,TAMILNADU TELECOMMUNICATI,9.14,9.14,8.42,8.92,8.94,8615
2026-09-15,TANAA,TANEJA AEROSPACE & AVIA L,271.0,278.0,263.0,263.6,266.95,15969
2026-09-15,TANLA,TANLA PLATFORMS LIMITED,508.05,516.0,488.0,490.55,502.8,453227
2026-09-15,TARACHAND,TARA CHAND INFRA SOLN LTD,48.0,48.0,46.5,47.11,46.86,59887
2026-09-15,TARAPUR,TARAPUR TRANSFORMERS LTD,12.97,13.31,12.14,12.26,12.97,30649
2026-09-15,TARC,TARC LIMITED,132.0,132.4,126.1,126.61,131.39,473899
2026-09-15,TARMAT,TARMAT LIMITED,59.61,61.68,58.07,58.29,59.6,25511
2026-09-15,TARSONS,TARSONS PRODUCTS LIMITED,311.75,312.45,301.0,303.15,311.2,98302
2026-09-15,TASTYBITE,TASTY BITE EATABLES LTD,10275.0,10386.0,9900.0,9927.0,10273.0,3830
2026-09-15,TATACAP,TATA CAPITAL LIMITED,365.0,365.0,350.95,353.35,362.9,1237142
2026-09-15,TATACHEM,TATA CHEMICALS LTD,734.9,734.9,734.9,734.9,612.45,1823658
2026-09-15,TATACOMM,TATA COMMUNICATIONS LTD,1767.9,1819.8,1742.4,1748.2,1761.6,285951
2026-09-15,TCS,TATA CONSULTANCY SERV LT,2275.5,2323.0,2251.0,2251.0,2200.8,5406210
2026-09-15,TATACONSUM,TATA CONSUMER PRODUCT LTD,990.1,1009.3,986.0,986.1,991.0,1567952
2026-09-15,TATAELXSI,TATA ELXSI LIMITED,3450.0,3532.1,3418.1,3440.0,3383.0,424602
2026-09-15,TATAINVEST,TATA INVESTMENT CORP LTD,700.15,750.5,700.15,718.35,650.9,24516580
2026-09-15,TMCV,TATA MOTORS LIMITED,441.2,446.7,424.05,427.15,434.55,4286778
2026-09-15,TMPV,TATA MOTORS PASS VEH LTD,320.0,320.15,303.5,303.6,301.1,19003987
2026-09-15,TATAPOWER,TATA POWER CO LTD,375.0,377.65,362.95,363.0,364.65,3710579
2026-09-15,TATASTEEL,TATA STEEL LIMITED,186.1,186.49,182.38,183.65,183.0,31857708
2026-09-15,TATATECH,TATA TECHNOLOGIES LIMITED,772.7,789.95,752.25,759.3,762.15,1235230
2026-09-15,TTML,TATA TELESERV(MAHARASTRA),36.01,36.92,35.85,36.15,35.6,2840915
2026-09-15,NETF,TATAAML - NETF,252.55,257.0,252.15,253.54,254.79,2881
2026-09-15,NPBET,TATAAML - NPBET,284.72,284.72,277.78,278.83,284.56,484
2026-09-15,TNIDETF,TATAAML - TNIDETF,86.15,90.97,86.15,88.19,88.36,119416
2026-09-15,TATAGOLD,TATAAML-TATAGOLD,14.67,14.67,14.52,14.52,14.7,40637526
2026-09-15,TATSILV,TATAAML-TATSILV,21.94,21.99,21.72,21.78,21.99,30441996
2026-09-15,TATVA,TATVA CHIN PHARM CHEM LTD,1604.0,1618.0,1540.0,1547.3,1608.7,42445
2026-09-15,TBOTEK,TBO TEK LIMITED,1680.8,1680.8,1646.2,1656.1,1679.5,81145
2026-09-15,TCC,TCC CONCEPT LIMITED,56.0,57.3,52.36,54.63,55.32,3680305
2026-09-15,TCIEXP,TCI EXPRESS LIMITED,519.0,519.5,490.35,494.3,514.6,25494
2026-09-15,TCIFINANCE,TCI FINANCE LTD,15.94,15.94,14.2,15.02,15.01,20473
2026-09-15,TCPLPACK,TCPL PACKAGING LIMITED,3879.3,3879.3,3657.5,3692.1,3871.0,5613
2026-09-15,TDPOWERSYS,TD POWER SYSTEMS LTD.,814.15,817.55,720.1,725.5,804.9,5769493
2026-09-15,TEAMGTY,TEAM INDIA GUARANTY LTD,243.9,243.9,235.0,235.08,235.0,467
2026-09-15,TEAMLEASE,TEAMLEASE SERVICES LTD.,1230.1,1241.3,1213.1,1229.6,1241.4,14425
2026-09-15,TECHM,TECH MAHINDRA LIMITED,1588.0,1633.2,1575.9,1575.9,1541.0,2577135
2026-09-15,TECHNOE,TECHNO ELEC & ENG CO. LTD,972.25,982.95,943.55,950.6,972.15,129290
2026-09-15,TIIL,TECHNOCRAFT IND LTD,3250.2,3255.9,3109.0,3128.6,3250.2,24762
2026-09-15,TECHNOCRAF,TECHNOCRAFT VENTURES LTD,440.25,446.05,414.9,424.35,442.3,1500330
2026-09-15,TECHNVISN,TECHNVISION VENTURES LTD.,4700.0,4874.0,4549.0,4591.5,4788.0,744
2026-09-15,TECILCHEM,TECIL CHEMICALS,9.6,9.6,9.05,9.27,9.6,13722
2026-09-15,TEGA,TEGA INDUSTRIES LIMITED,1748.0,1748.0,1659.2,1671.1,1729.1,138967
2026-09-15,TEJASNET,TEJAS NETWORKS LIMITED,554.0,558.3,516.75,521.25,552.65,2713607
2026-09-15,TEMBO,TEMBO GLOBAL IND LTD,56.6,56.98,55.1,55.52,56.08,967188
2026-09-15,TEMPSENS,TEMPSENS INST (INDIA) LTD,589.0,592.0,517.25,523.65,584.8,2634136
2026-09-15,TENNIND,TENNECO CLEAN AIR INDIA L,521.0,532.8,510.25,512.9,506.35,1307869
2026-09-15,TERASOFT,TERA SOFTWARE LIMITED,248.8,253.0,231.4,238.35,248.8,24003
2026-09-15,TERAI,TERAI TEA CO. LTD.,125.63,125.63,120.69,125.63,126.9,57
2026-09-15,TEXINFRA,TEXMACO INFRA & HOLDG LTD,115.52,116.07,113.47,114.07,115.52,226217
2026-09-15,TEXRAIL,TEXMACO RAIL & ENG. LTD.,118.0,119.01,110.27,110.71,117.81,2149805
2026-09-15,TEXMOPIPES,TEXMO PIPE & PRODUCTS LTD,61.2,64.5,60.0,60.56,60.08,669660
2026-09-15,TGBHOTELS,TGB BANQUETS&HOTELS LTD,9.51,9.87,9.31,9.7,9.7,7842
2026-09-15,THACKER,THACKER & CO. LTD.,1030.0,1030.0,1000.0,1000.0,1038.0,38
2026-09-15,THAKDEV,THAKKERS DEVELOPERS LTD.,128.15,128.15,128.15,128.15,128.15,10
2026-09-15,THANGAMAYL,THANGAMAYIL JEWELLERY LTD,5142.0,5148.5,4870.0,4912.0,5126.0,100172
2026-09-15,ANUP,THE ANUP ENGINEERING LTD,1670.0,1679.0,1611.1,1616.1,1664.3,24723
2026-09-15,GESHIP,THE GE SHPG.LTD,1415.0,1415.0,1375.0,1390.4,1412.2,1189720
2026-09-15,GROBTEA,THE GROB TEA COMPANY LTD,946.9,969.0,940.0,941.7,945.85,29
2026-09-15,INDIACEM,THE INDIA CEMENTS LIMITED,346.0,347.5,333.0,336.0,346.9,61327
2026-09-15,INDHOTEL,THE INDIAN HOTELS CO. LTD,724.0,737.75,710.85,715.0,718.5,2423706
2026-09-15,THEINVEST,THE INVEST TRUST OF IND L,96.51,99.0,95.44,96.18,96.8,4818
2026-09-15,NIACL,THE NEW INDIA ASSU CO LTD,200.0,200.3,184.0,185.41,198.39,3487564
2026-09-15,PKTEA,THE P K TEA PROD CO LTD,1121.75,1121.75,1009.6,1024.6,1121.75,3649
2026-09-15,PHOENIXLTD,THE PHOENIX MILLS LTD,1890.0,1890.0,1833.6,1833.6,1890.0,366872
2026-09-15,RAMCOCEM,THE RAMCO CEMENTS LIMITED,869.4,870.1,855.35,859.55,866.65,187590
2026-09-15,RUBYMILLS,THE RUBY MILLS LTD,468.0,468.0,420.6,432.4,455.1,13641
2026-09-15,SOUTHBANK,THE SOUTH INDIAN BANK LTD,46.38,47.89,44.88,45.0,46.18,12742655
2026-09-15,STCINDIA,THE STATE TRADING CORPN,112.61,114.43,111.0,111.26,112.6,11964
2026-09-15,UGARSUGAR,THE UGAR SUGAR WORKS LTD,54.6,57.5,52.36,53.22,54.3,1194220
2026-09-15,WIPL,THE WESTERN INDIA PLY LTD,169.58,169.58,165.12,168.72,169.58,472
2026-09-15,THEJO,THEJO ENGINEERING LIMITED,2192.6,2250.0,2160.6,2175.2,2192.6,14877
2026-09-15,THEMISMED,THEMIS MEDICARE LTD.,129.85,129.85,120.1,121.57,128.25,127347
2026-09-15,THERMAX,THERMAX LTD,3715.0,3718.0,3508.0,3559.4,3682.0,211945
2026-09-15,TIRUMALCHM,THIRUMALAI CHEMICALS LTD,158.0,162.5,153.1,154.48,155.98,646717
2026-09-15,THOMASCOOK,THOMAS COOK (INDIA) LTD,108.6,109.6,102.83,103.37,108.63,989497
2026-09-15,THOMASCOTT,THOMAS SCOTT (INDIA) LTD,236.6,246.15,229.75,237.9,237.55,60938
2026-09-15,THYROCARE,THYROCARE TECH LTD,552.7,556.9,542.05,544.45,549.7,194375
2026-09-15,TIGERLOGS,TIGER LOGISTICS (INDIA) L,27.23,27.62,26.52,27.4,27.16,100468
2026-09-15,TI,TILAKNAGAR INDUSTRIES LTD,524.05,526.4,503.1,510.75,521.6,786869
2026-09-15,TIMETECHNO,TIME TECHNOPLAST LTD.,180.8,181.79,176.0,176.3,180.8,1721801
2026-09-15,TIMEX,TIMEX GROUP INDIA LTD.,637.25,637.25,600.0,605.65,631.7,315563
2026-09-15,TIMKEN,TIMKEN INDIA LTD.,3311.2,3312.3,3120.1,3151.2,3302.4,60795
2026-09-15,TINNARUBR,TINNA RUBBER AND INFR LTD,1034.0,1043.95,955.05,965.0,1034.05,86015
2026-09-15,TIPSFILMS,TIPS FILMS LIMITED,332.4,332.4,317.0,319.4,327.5,3349
2026-09-15,TIPSMUSIC,TIPS MUSIC LIMITED,660.8,668.0,652.2,659.15,661.55,210300
2026-09-15,TITAGARH,TITAGARH RAIL SYSTEMS LTD,847.7,848.4,809.0,811.45,842.15,476266
2026-09-15,TITAN,TITAN COMPANY LIMITED,5003.0,5003.0,4856.0,4856.0,5009.5,504447
2026-09-15,TOKYOPLAST,TOKYO PLAST INTL LTD,78.94,79.8,75.92,76.01,78.94,1311
2026-09-15,TOLINS,TOLINS TYRES LIMITED,88.71,89.99,88.0,88.24,89.4,38721
2026-09-15,TORNTPHARM,TORRENT PHARMACEUTICALS L,4931.0,4959.5,4837.5,4850.0,4965.5,397030
2026-09-15,TORNTPOWER,TORRENT POWER LTD,1325.0,1326.9,1291.5,1300.9,1297.6,436537
2026-09-15,TOUCHWOOD,TOUCHWOOD ENTERTAIN LTD.,62.68,62.68,60.16,60.91,61.16,635
2026-09-15,TFCILTD,TOURISM FINANCE CORP. OF,141.75,142.44,137.32,138.18,141.49,9687578
2026-09-15,TOYAMSL,TOYAM SPORTS LTD.,0.69,0.69,0.68,0.68,0.66,667929
2026-09-15,TPLPLASTEH,TPL PLASTECH LIMITED,68.17,68.49,64.21,65.27,68.48,153584
2026-09-15,TRACXN,TRACXN TECHNOLOGIES LTD,32.5,33.04,30.61,31.21,31.9,478090
2026-09-15,TARIL,TRANS & RECTI. LTD,289.85,290.65,276.6,277.95,288.5,1167264
2026-09-15,TRANSCOR,TRANSCORP INTERNATIONAL L,26.25,26.25,24.5,25.75,25.39,1157
2026-09-15,TREL,TRANSINDIA REAL ESTATE L,27.19,27.9,25.17,25.71,26.97,82719
2026-09-15,TCI,TRANSPORT CORPN OF INDIA,858.85,867.4,833.6,845.4,858.85,17354
2026-09-15,TRANSRAILL,TRANSRAIL LIGHTING LTD,415.5,418.5,402.0,404.9,410.35,368086
2026-09-15,TFL,TRANSWARRANTY FIN. LTD.,11.8,12.5,11.71,11.9,11.8,7273
2026-09-15,TRAVELFOOD,TRAVEL FOOD SERVICES LTD,1259.3,1259.9,1224.4,1227.4,1253.6,18613
2026-09-15,TREEHOUSE,TREE HOUSE EDU LTD,6.15,6.36,5.93,6.01,6.14,21449
2026-09-15,TREJHARA,TREJHARA SOLUTIONS LTD,143.5,144.9,135.1,137.1,143.02,7177
2026-09-15,TRENT,TRENT LTD,2802.4,2817.6,2730.0,2730.0,2802.4,494769
2026-09-15,TRF,TRF LIMITED,224.5,234.99,210.0,213.0,222.05,42549
2026-09-15,TBZ,TRIB BHIMJI ZAVERI LTD,552.6,552.6,511.4,524.45,526.3,1933695
2026-09-15,TRIDENT,TRIDENT LIMITED,23.45,23.55,23.03,23.12,23.39,2850365
2026-09-15,TRIGYN,TRIGYN TECHNOLOGIES LTD,55.9,57.77,51.71,52.58,56.1,58590
2026-09-15,TRITONV,TRITON VALVES LTD.,1092.1,1092.1,1040.0,1051.5,1092.1,5609
2026-09-15,TRIVENI,TRIVENI ENGG. & INDS. LTD,257.0,257.8,243.7,246.45,255.4,661461
2026-09-15,TRITURBINE,TRIVENI TURBINE LIMITED,567.1,569.65,535.65,546.9,569.65,1820501
2026-09-15,TRUALT,TRUALT BIOENERGY LIMITED,415.0,428.0,400.0,411.65,416.35,224114
2026-09-15,TRU,TRUCAP FINANCE LIMITED,4.54,4.59,4.06,4.22,4.28,206874
2026-09-15,TSFINV,TSF INVESTMENTS LIMITED,437.0,446.45,436.95,442.95,437.25,92881
2026-09-15,TTKHLTCARE,TTK HEALTHCARE LIMITED,1119.0,1125.9,1067.9,1074.6,1115.4,33869
2026-09-15,TTKPRESTIG,TTK PRESTIGE LTD,537.35,550.2,534.3,540.0,537.3,65503
2026-09-15,TIINDIA,TUBE INVEST OF INDIA LTD,2606.1,2613.2,2521.5,2525.0,2606.1,195410
2026-09-15,TURTLEMINT,TURTLEMINT FINTECH SOLS L,137.3,138.39,130.0,131.04,136.12,357604
2026-09-15,TUTIALKA,TUTICORIN ALKAL CH & FE L,60.79,60.79,58.85,59.78,59.19,6626
2026-09-15,TVTODAY,TV TODAY NETWORK LTD,108.4,109.97,104.51,105.68,109.3,93068
2026-09-15,TVSELECT,TVS ELECTRONICS LTD,412.0,415.2,395.0,399.4,413.85,27977
2026-09-15,TVSHLTD,TVS HOLDINGS LIMITED,12991.0,13009.0,12402.0,12488.0,13024.0,6044
2026-09-15,TVSMOTOR,TVS MOTOR COMPANY  LTD,4150.0,4155.0,4022.1,4050.0,4125.0,496058
2026-09-15,TVSSRICHAK,TVS SRICHAKRA LIMITED,5164.0,5164.0,4940.5,4960.5,5146.0,5607
2026-09-15,TVSSCS,TVS SUPPLY CHAIN SOL L,130.8,131.38,126.0,127.16,130.49,528148
2026-09-15,UPHOT,U P HOTELS LTD.,1506.4,1550.0,1506.4,1550.0,1499.0,8
2026-09-15,UCOBANK,UCO BANK,24.12,24.14,23.66,23.72,24.12,3373905
2026-09-15,UDAYJEW,UDAY JEWELLERY INDS. LTD.,172.31,175.99,159.3,161.6,172.04,66824
2026-09-15,USK,UDAYSHIVAKUMAR INFRA LTD,20.9,21.89,20.53,20.64,20.64,21328
2026-09-15,UFLEX,UFLEX LIMITED,663.5,670.3,631.75,636.1,653.45,129497
2026-09-15,UFO,UFO MOVIEZ INDIA LTD.,63.5,64.16,60.25,60.66,62.63,36249
2026-09-15,UGROCAP,UGRO CAPITAL LIMITED,85.31,86.42,82.8,83.28,83.66,189556
2026-09-15,UEL,UJAAS ENERGY LIMITED,216.97,216.97,207.0,215.54,206.64,50156
2026-09-15,UJJIVANSFB,UJJIVAN SMALL FINANC BANK,65.71,66.56,63.85,64.07,65.54,7611153
2026-09-15,ULTRAMAR,ULTRAMARINE & PIGMENTS L,434.5,434.5,415.2,416.2,428.55,39348
2026-09-15,ULTRACEMCO,ULTRATECH CEMENT LIMITED,11045.0,11045.0,10697.0,10697.0,11000.0,335172
2026-09-15,UMIYA-MRO,UMIYA BUILDCON LIMITED,99.2,99.2,93.01,95.66,96.23,28955
2026-09-15,UNICHEMLAB,UNICHEM LABORATORIES LTD,544.1,548.95,515.0,519.05,539.7,57806
2026-09-15,UNIECOM,UNICOMMERCE ESOLUTIONS L,84.0,84.84,81.75,82.2,83.33,152701
2026-09-15,UNIINFO,UNIINFO TELECOM SERVI LTD,10.99,11.44,10.94,11.38,10.94,4784
2026-09-15,UNIMECH,UNIMECH AEROSPACE N MFG L,1625.0,1631.4,1533.0,1538.5,1610.0,269490
2026-09-15,UNIONBANK,UNION BANK OF INDIA,179.57,179.69,174.74,175.0,178.1,4444675
2026-09-15,UNIONGOLD,UNIONAMC - UNIONGOLD,146.35,151.0,146.0,149.25,148.3,1984
2026-09-15,UNIPARTS,UNIPARTS INDIA LIMITED,897.45,899.0,861.1,865.7,897.45,115818
2026-09-15,UNIENTER,UNIPHOS ENTERPRISES LTD,92.0,92.9,88.05,89.22,91.32,12219
2026-09-15,UNITECH,UNITECH LTD,4.2,4.4,4.02,4.21,4.17,10640815
2026-09-15,UBL,UNITED BREWERIES LTD,1262.3,1268.0,1240.0,1241.8,1256.1,52994
2026-09-15,UNIDT,UNITED DRILLING TOOLS LTD,234.9,241.99,213.6,216.49,230.95,42891
2026-09-15,UNITEDTEA,UNITED NILGIRI TEA LTD,426.05,438.5,415.1,425.65,432.95,6153
2026-09-15,UNITEDPOLY,UNITED POLYFAB GUJ. LTD.,44.89,45.05,42.5,42.75,43.28,129163
2026-09-15,UNITDSPR,UNITED SPIRITS LIMITED,1392.1,1403.6,1370.6,1370.6,1395.0,343060
2026-09-15,UNIVCABLES,UNIVERSAL CABLES LTD,1492.5,1501.6,1387.0,1417.3,1492.5,235116
2026-09-15,UNOMINDA,UNO MINDA LIMITED,1212.3,1213.9,1159.7,1159.7,1201.6,417139
2026-09-15,UDS,UPDATER SERVICES LIMITED,209.02,210.0,194.15,197.04,207.5,95017
2026-09-15,UPL,UPL LIMITED,573.4,575.95,558.0,560.8,572.95,1588857
2026-09-15,URBANCO,URBAN COMPANY LIMITED,166.98,167.71,157.55,158.22,166.89,4152047
2026-09-15,URJA,URJA GLOBAL LIMITED,9.15,9.15,8.8,8.81,9.02,719687
2026-09-15,UMESLTD,USHA MARTIN EDU & SOL LTD,4.97,5.14,4.48,4.53,4.97,145521
2026-09-15,USHAMART,USHA MARTIN LTD.,493.0,494.4,477.5,480.25,494.5,604747
2026-09-15,UTIAMC,UTI ASSET MNGMT CO LTD,909.15,915.75,905.9,911.1,910.0,109601
2026-09-15,LIQUIDBETA,UTIAMC - LIQUIDBETA,1008.02,1008.02,1008.02,1008.02,1007.91,108
2026-09-15,NIF500BETA,UTIAMC - NIF500BETA,38.0,38.0,36.24,36.31,36.78,1428
2026-09-15,BANKBETA,UTIAMC-BANKBETA,60.09,60.09,57.85,58.08,58.63,62803
2026-09-15,GILT10BETA,UTIAMC-GILT10BETA,26.7,26.7,26.17,26.21,26.28,464
2026-09-15,GILT5BETA,UTIAMC-GILT5BETA,67.75,67.75,65.65,65.66,66.41,5511
2026-09-15,ITBETA,UTIAMC-ITBETA,312.0,319.74,311.15,312.0,305.42,1781
2026-09-15,MIDCAPBETA,UTIAMC-MIDCAPBETA,229.28,233.9,225.79,231.44,230.43,2858
2026-09-15,NEXT50BETA,UTIAMC-NEXT50BETA,78.78,78.78,76.0,76.45,78.06,122831
2026-09-15,NIFTYBETA,UTIAMC-NIFTYBETA,262.88,262.88,257.11,257.38,260.23,53891
2026-09-15,SENSEXBETA,UTIAMC-SENSEXBETA,822.02,844.0,822.02,824.0,832.37,240273
2026-09-15,SILVERBETA,UTIAMC-SILVERBETA,218.97,218.97,215.88,216.69,218.53,529462
2026-09-15,SNXT50BETA,UTIAMC-SNXT50BETA,94.41,95.48,92.1,93.0,94.41,1657
2026-09-15,GOLDBETA,UTIAMC-UTIGOLDBETA,126.35,127.2,125.6,126.05,127.5,719783
2026-09-15,UTKARSHBNK,UTKARSH SMALL FIN BANK L,14.61,14.75,14.14,14.2,14.52,10678279
2026-09-15,UTTAMSUGAR,UTTAM SUGAR MILLS LTD.,278.9,280.7,255.5,256.65,279.85,240789
2026-09-15,VTMLTD,V T M LTD.,48.65,49.16,40.9,42.17,48.42,235189
2026-09-15,VGUARD,V-GUARD IND LTD.,323.7,326.8,319.6,321.9,323.7,439497
2026-09-15,V2RETAIL,V2 RETAIL LIMITED,218.09,219.59,210.0,212.12,218.0,925313
2026-09-15,WABAG,VA TECH WABAG LTD,2283.0,2289.0,2091.1,2103.4,2277.9,894663
2026-09-15,VADILENT,VADILAL ENTERPRISES LTD.,10400.0,10450.0,10400.0,10400.0,10400.0,11
2026-09-15,VADILALIND,VADILAL INDUSTRIES LTD,6923.0,7119.5,6745.0,7035.5,6960.5,32305
2026-09-15,VAIBHAVGBL,VAIBHAV GLOBAL LIMITED,213.52,217.98,208.9,209.3,212.58,158830
2026-09-15,VAISHALI,VAISHALI PHARMA LIMITED,9.25,9.25,8.81,9.02,8.77,357226
2026-09-15,VAKRANGEE,VAKRANGEE LIMITED,5.44,5.45,5.24,5.27,5.37,1176438
2026-09-15,DBREALTY,VALOR ESTATE LIMITED,97.8,100.5,95.7,96.96,97.79,1376663
2026-09-15,VHL,VARDHMAN HOLDINGS LIMITED,3465.1,3470.0,3382.1,3403.0,3447.9,495
2026-09-15,VARDMNPOLY,VARDHMAN POLYTEX LTD.,5.9,5.94,5.68,5.83,5.94,186182
2026-09-15,VSSL,VARDHMAN SPC STEEL LTD,397.4,401.4,382.0,389.1,397.45,203103
2026-09-15,VTL,VARDHMAN TEXTILES LIMITED,566.25,570.25,545.2,547.0,566.2,162882
2026-09-15,VARROC,VARROC ENGINEERING LTD.,872.0,884.5,831.15,836.0,872.0,278443
2026-09-15,VBL,VARUN BEVERAGES LIMITED,417.5,419.75,409.1,409.6,416.5,3118516
2026-09-15,VGL,VARVEE GLOBAL LIMITED,66.82,70.49,64.05,66.21,66.82,361556
2026-09-15,VASCONEQ,VASCON ENGINEERS LTD,30.05,30.48,28.86,29.1,30.08,368759
2026-09-15,VASWANI,VASWANI IND LTD,47.0,47.4,44.1,44.67,45.88,41920
2026-09-15,MANYAVAR,VEDANT FASHIONS LIMITED,584.0,584.0,556.0,566.65,582.35,399110
2026-09-15,VAML,VEDANTA ALUMINIUM METAL L,422.0,423.95,403.9,406.0,421.75,8429673
2026-09-15,VISL,VEDANTA IRON AND STEEL L,33.49,33.49,31.68,31.68,33.34,18491355
2026-09-15,VEDL,VEDANTA LIMITED,263.7,264.4,253.55,257.0,263.7,9234199
2026-09-15,VOGL,VEDANTA OIL AND GAS LTD,36.89,36.95,34.7,34.83,36.71,23297053
2026-09-15,VEDPOWER,VEDANTA POWER LIMITED,33.51,33.55,31.56,31.68,33.62,15567840
2026-09-15,VEDAVAAG,VEDAVAAG SYSTEMS LTD.,23.43,24.99,20.52,20.98,23.38,184975
2026-09-15,VEEDOL,VEEDOL CORPORATION LTD,1434.8,1439.7,1378.0,1382.5,1428.5,15287
2026-09-15,VENKEYS,VENKY S (INDIA) LIMITED,1810.0,1814.9,1702.0,1713.6,1787.2,115324
2026-09-15,VENTIVE,VENTIVE HOSPITALITY LTD,580.0,582.0,561.0,563.15,574.7,79959
2026-09-15,VENUSPIPES,VENUS PIPES & TUBES LTD,2026.0,2033.9,1931.1,1941.6,2020.1,238550
2026-09-15,VERANDA,VERANDA LEARNING SOL LTD,225.45,228.78,216.65,218.28,225.24,149157
2026-09-15,VERTOZ,VERTOZ LIMITED,40.2,40.2,37.13,37.49,38.38,44396
2026-09-15,VESUVIUS,VESUVIUS INDIA LTD,413.05,413.4,400.0,400.8,413.05,58269
2026-09-15,VSTL,VIBHOR STEEL TUBES LTD,117.25,122.0,114.0,114.88,119.71,12485
2026-09-15,VGCL,VIBRANT GLOBAL CAPITAL L,50.0,52.0,49.9,51.5,50.0,3504
2026-09-15,VIDHIING,VIDHI SPCLTY F INGRDNTS L,331.7,334.45,320.0,320.65,334.45,23677
2026-09-15,VIDYAWIRES,VIDYA WIRES LIMITED,88.5,89.9,84.0,85.12,88.25,707334
2026-09-15,VIJSOLX,VIJAY SOLVEX LTD.,640.0,649.0,637.0,640.0,633.7,561
2026-09-15,VIJAYA,VIJAYA DIAGNOSTIC CEN LTD,1503.0,1515.9,1431.1,1443.7,1502.0,116091
2026-09-15,VIKASECO,VIKAS ECOTECH LIMITED,1.05,1.07,1.05,1.05,1.05,1278805
2026-09-15,VIKASLIFE,VIKAS LIFECARE LIMITED,1.22,1.23,1.2,1.21,1.22,1607155
2026-09-15,VIKRAMSOLR,VIKRAM SOLAR LIMITED,167.06,168.62,162.84,163.46,166.86,2131509
2026-09-15,VIKRAN,VIKRAN ENGINEERING LTD,57.09,57.8,55.2,55.54,57.08,936506
2026-09-15,VIMTALABS,VIMTA LABS LIMITED,637.9,642.0,613.0,616.0,629.6,121161
2026-09-15,VINATIORGA,VINATI ORGANICS LTD,1300.6,1316.0,1250.1,1261.4,1294.3,41505
2026-09-15,VINDHYATEL,VINDHYA TELELINKS LTD,2833.0,2842.4,2600.0,2617.7,2813.5,100076
2026-09-15,VINEETLAB,VINEET LABORATORIES LTD,35.17,36.5,35.17,35.61,37.02,164341
2026-09-15,VINNY,VINNY OVERSEAS LIMITED,0.99,0.99,0.97,0.97,0.97,250857
2026-09-15,VINCOFE,VINTAGE COFFEE N BVRGS L,176.0,179.0,165.81,166.54,174.35,2128186
2026-09-15,VINYLINDIA,VINYL CHEMICALS (I) LTD.,220.21,226.0,218.0,218.59,219.93,7205
2026-09-15,VIPCLOTHNG,VIP CLOTHING LIMITED,21.38,22.0,20.25,20.57,21.38,140164
2026-09-15,VIPIND,VIP INDUSTRIES LTD,300.6,303.2,290.05,291.05,300.1,220240
2026-09-15,VIRAT,VIRAT INDUSTRIES LTD.,463.95,463.95,406.35,421.6,450.05,7551
2026-09-15,VIRINCHI,VIRINCHI LIMITED,14.2,14.85,13.65,13.76,14.25,76595
2026-09-15,VOEPL,VIRTUOSO OPTOELECTRONIC L,522.0,522.7,485.55,495.0,515.35,79658
2026-09-15,VISACHROME,VISA CHROME LIMITED,34.0,35.89,33.28,33.53,35.03,10883
2026-09-15,VIVIDHA,VISAGAR POLYTEX LTD,0.51,0.57,0.51,0.52,0.51,347149
2026-09-15,VISAKAIND,VISAKA INDUSTRIES LIMITED,91.1,91.68,88.1,88.47,90.45,124953
2026-09-15,VISHAL,VISHAL FABRICS LTD.,18.81,20.45,18.2,18.35,18.36,32987
2026-09-15,VMM,VISHAL MEGA MART LIMITED,102.25,102.29,100.1,100.1,101.71,7678106
2026-09-15,VISHNU,VISHNU CHEMICALS LIMITED,713.95,715.5,680.2,682.8,713.95,102967
2026-09-15,VPRPL,VISHNU PRAKASH R PUNGLI L,36.0,36.68,30.76,32.26,36.17,723981
2026-09-15,VISHWARAJ,VISHWARAJ SUGAR IND LTD,5.47,5.48,5.33,5.37,5.38,329218
2026-09-15,VITAL,VITAL CHEMTECH LIMITED,55.65,55.65,52.87,53.76,55.65,6752
2026-09-15,VIVIANA,VIVIANA POWER TECH LTD,745.0,748.4,705.0,710.9,752.15,22028
2026-09-15,VIVOBIOT,VIVO BIO TECH LTD.,16.79,17.44,16.0,17.19,17.13,12191
2026-09-15,VIYASH,VIYASH SCIENTIFIC LIMITED,258.45,258.45,245.4,246.9,257.6,3290032
2026-09-15,VLEGOV,VL E GOV AND IT SOL LTD,10.25,10.75,10.25,10.47,10.24,218706
2026-09-15,VLSFINANCE,VLS FINANCE LTD,242.12,247.55,231.95,235.33,244.0,23045
2026-09-15,VMART,VMART RETAIL LTD,805.5,809.65,774.55,789.85,808.95,122376
2026-09-15,VMSTMT,VMS TMT LIMITED,44.95,48.09,44.95,47.46,44.12,161894
2026-09-15,IDEA,VODAFONE IDEA LIMITED,15.06,15.07,14.43,14.45,14.97,368743044
2026-09-15,VOITHPAPR,VOITH PAPER FABRICS IND L,1459.6,1490.0,1440.0,1465.4,1459.6,609
2026-09-15,VOLTAMP,VOLTAMP TRANSFORMERS LTD,11250.0,11255.0,10460.0,10596.0,11217.0,26149
2026-09-15,VOLTAS,VOLTAS LTD,1168.0,1179.0,1137.0,1137.0,1165.0,477143
2026-09-15,VRAJ,VRAJ IRON AND STEEL LTD,123.63,127.0,123.3,125.08,125.5,18615
2026-09-15,VRLLOG,VRL LOGISTICS LIMITED,288.3,289.0,282.55,283.6,288.3,109956
2026-09-15,VSTIND,VST INDUSTRIES LTD,206.0,206.49,202.1,203.4,203.93,101421
2026-09-15,VSTTILLERS,VST TILLERS TRACTORS LTD,4030.1,4085.0,4009.4,4030.3,4042.9,7195
2026-09-15,WHBRADY,W H BRADY & CO. LTD.,481.3,481.3,477.0,477.0,480.5,19
2026-09-15,WPIL,W P I L LTD.,435.25,440.4,421.5,428.55,435.25,30776
2026-09-15,WSI,W.S.INDUSTRIES (I) LTD.,60.2,62.5,59.0,59.92,61.92,72062
2026-09-15,WAAREEENER,WAAREE ENERGIES LIMITED,2590.0,2624.9,2540.0,2555.0,2625.0,734115
2026-09-15,WAAREERTL,WAAREE RENEWABLE TECH LTD,850.0,864.1,801.7,806.55,831.95,213833
2026-09-15,WAKEFIT,WAKEFIT INNOVATIONS LTD,154.27,156.0,147.9,148.61,155.13,422271
2026-09-15,WALCHANNAG,WALCHANDNAGAR INDUSTRIES,212.4,212.4,199.0,200.03,210.1,668236
2026-09-15,WANBURY,WANBURY LIMITED,237.1,240.5,220.35,223.1,239.35,227244
2026-09-15,WARDINMOBI,WARDWIZARD INNO & MOB L,5.72,5.92,5.6,5.62,5.72,258296
2026-09-15,WATERBASE,WATERBASE LTD.,48.0,48.0,46.0,46.71,46.54,10908
2026-09-15,CORDELIA,WATERWAYS LEISURE TOUR L,114.29,115.49,109.87,112.33,112.85,2990405
2026-09-15,WEWIN,WE WIN LIMITED,42.46,42.92,40.5,40.83,42.46,2599
2026-09-15,TWCGOLDETF,WEALTH - TWCGOLDETF,150.3,151.77,146.05,147.74,150.58,10349
2026-09-15,WEALTH,WEALTH FRST PORT. MG. LTD,822.0,845.0,820.0,825.3,845.25,2078
2026-09-15,WEBELSOLAR,WEBSOL ENERGY SYSTEM LTD,75.33,75.8,72.1,72.75,75.84,1752314
2026-09-15,WEIZMANIND,WEIZMANN LTD,71.71,71.71,69.1,70.28,71.71,1373
2026-09-15,WELCORP,WELSPUN CORP LIMITED,2661.2,2718.4,2363.6,2413.3,2676.6,3340619
2026-09-15,WELENT,WELSPUN ENTERPRISES LTD.,790.65,796.35,728.05,737.6,786.2,4638248
2026-09-15,WELSPUNLIV,WELSPUN LIVING LIMITED,208.0,208.83,199.25,201.63,207.68,5087632
2026-09-15,WELSPLSOL,WELSPUN SPECIALTY SOL L,55.59,56.0,52.55,53.52,55.59,746478
2026-09-15,WENDT,WENDT (INDIA) LIMITED,8900.0,9100.0,8521.0,8580.0,8812.5,38273
2026-09-15,WSTCSTPAPR,WEST COAST PAPER MILLS LT,713.0,734.0,705.85,713.3,713.8,375037
2026-09-15,WCIL,WESTERN CARRIERS (IND) L,87.95,93.39,87.44,91.45,87.51,455441
2026-09-15,WESTLIFE,WESTLIFE FOODWORLD LTD,569.95,579.8,550.0,556.1,569.6,84067
2026-09-15,WEWORK,WEWORK INDIA MANAGEMENT L,666.15,680.0,666.15,673.55,670.25,304823
2026-09-15,WHEELS,WHEELS INDIA LTD,2249.9,2249.9,2084.0,2129.1,2230.1,383920
2026-09-15,WHIRLPOOL,WHIRLPOOL OF INDIA LTD,770.95,771.2,750.0,751.95,762.35,150797
2026-09-15,WILLAMAGOR,WILLIAMSON MAGOR,24.8,24.8,23.6,24.46,24.18,887
2026-09-15,WINDLAS,WINDLAS BIOTECH LIMITED,1137.0,1144.0,1084.0,1098.15,1129.25,83578
2026-09-15,WINDMACHIN,WINDSOR MACHINES LIMITED,302.8,306.0,283.8,300.7,300.65,472746
2026-09-15,WIPRO,WIPRO LTD,172.2,173.35,169.01,170.0,167.4,11722173
2026-09-15,WOCKPHARMA,WOCKHARDT LIMITED,2190.0,2193.8,2055.0,2064.1,2179.4,851928
2026-09-15,WEL,WONDER ELECTRICALS LTD,72.51,73.6,68.73,69.18,72.34,697448
2026-09-15,WONDERLA,WONDERLA HOLIDAYS LTD.,528.0,530.15,510.0,514.2,520.95,73992
2026-09-15,WORTHPERI,WORTH PERIPHERALS LIMITED,144.36,147.98,141.37,142.83,145.82,3575
2026-09-15,XCHANGING,XCHANGING SOLUTIONS LTD,62.9,66.5,62.32,64.5,62.34,511238
2026-09-15,XELPMOC,XELPMOC DESIGN & TECH LTD,77.5,78.15,74.2,74.59,76.03,10867
2026-09-15,XPROINDIA,XPRO INDIA LIMITED,1294.7,1295.0,1259.9,1268.2,1294.7,54197
2026-09-15,XTGLOBAL,XTGLOBAL INFOTECH LIMITED,29.55,31.8,29.25,29.45,29.53,82382
2026-09-15,XTRANET,XTRANET TECHNOLOGIES LTD,278.0,292.94,271.0,276.09,271.34,2631980
2026-09-15,YASHO,YASHO INDUSTRIES LIMITED,4260.0,4286.9,3855.0,3883.4,4187.5,72056
2026-09-15,YATHARTH,YATHARTH HOSP & TRA C S L,1000.0,1024.0,972.0,981.8,966.3,693776
2026-09-15,YATRA,YATRA ONLINE LIMITED,114.28,115.67,107.5,107.96,115.42,969513
2026-09-15,YESBANK,YES BANK LIMITED,23.68,23.9,22.99,23.07,23.48,95413759
2026-09-15,YOGI,YOGI LTD.,157.5,166.95,157.5,158.58,157.13,390
2026-09-15,YUKEN,YUKEN INDIA LIMITED,1124.0,1124.0,1046.0,1077.6,1113.75,43272
2026-09-15,ZFSTEERING,Z F STEERING GEAR (I) LTD,765.0,792.0,750.0,762.05,764.75,21612
2026-09-15,ZAGGLE,ZAGGLE PREPA OCEAN SER L,188.52,188.54,178.42,179.41,187.0,1178475
2026-09-15,ZEEL,ZEE ENTERTAINMENT ENT LTD,80.0,80.29,77.11,77.41,79.36,13904557
2026-09-15,ZEELEARN,ZEE LEARN LIMITED,7.15,7.25,6.6,6.63,6.78,371367
2026-09-15,ZEEMEDIA,ZEE MEDIA CORPORATION LTD,7.5,7.56,7.25,7.27,7.43,1749367
2026-09-15,ZENTEC,ZEN TECHNOLOGIES LIMITED,1730.0,1732.8,1630.0,1638.9,1722.6,529917
2026-09-15,ZENITHEXPO,ZENITH EXPORTS LTD,207.05,207.05,194.75,196.35,205.0,238
2026-09-15,ZENITHSTL,ZENITH STEEL PIP IND LTD,5.95,5.95,5.51,5.71,5.85,54663
2026-09-15,ZENSARTECH,ZENSAR TECHNOLOGIES  LTD,430.0,479.9,430.0,440.2,425.25,42017111
2026-09-15,GOLDCASE,ZERODHAAMC - GOLDCASE,23.81,23.81,23.49,23.51,23.82,9637798
2026-09-15,LIQUIDCASE,ZERODHAAMC - LIQUIDCASE,115.91,115.93,115.91,115.92,115.91,21015069
2026-09-15,LTGILTCASE,ZERODHAAMC - LTGILTCASE,30.99,30.99,29.8,30.22,30.38,178942
2026-09-15,MID150CASE,ZERODHAAMC - MID150CASE,11.79,11.79,11.25,11.29,11.51,1659047
2026-09-15,NIFTYCASE,ZERODHAAMC - NIFTYCASE,9.17,9.59,9.17,9.34,9.41,1012463
2026-09-15,SILVERCASE,ZERODHAAMC - SILVERCASE,22.95,22.96,22.68,22.74,22.98,5588161
2026-09-15,SML100CASE,ZERODHAAMC - SML100CASE,11.57,11.7,11.0,11.05,11.29,2166984
2026-09-15,TOP100CASE,ZERODHAAMC - TOP100CASE,10.58,10.58,10.2,10.21,10.33,868118
2026-09-15,ZFCVINDIA,ZF COM VE CTR SYS IND LTD,2560.0,2560.0,2495.5,2511.5,2548.2,78066
2026-09-15,ZIMLAB,ZIM LABORATORIES LIMITED,136.0,138.96,128.02,133.61,139.22,146082
2026-09-15,ZODIACLOTH,ZODIAC CLOTHING CO. LTD.,70.67,70.67,68.0,69.67,69.54,5490
2026-09-15,ZODIAC,ZODIAC ENERGY LIMITED,221.5,226.85,220.01,221.61,227.98,14986
2026-09-15,ZOTA,ZOTA HEALTH CARE LIMITED,1088.0,1124.0,1088.0,1113.1,1087.2,53200
2026-09-15,ZUARI,ZUARI AGRO CHEMICALS LTD,220.0,222.12,210.1,212.4,220.42,103154
2026-09-15,ZUARIIND,ZUARI INDUSTRIES LIMITED,273.4,273.6,264.25,265.3,273.15,52743
2026-09-15,ZYDUSLIFE,ZYDUS LIFESCIENCES LTD,1120.1,1124.5,1099.0,1099.0,1119.1,522672
2026-09-15,ZYDUSWELL,ZYDUS WELLNESS LIMITED,549.35,558.45,544.35,549.95,552.0,260004
