date,symbol,name,open,high,low,close,prev_close,volume
2026-09-01,20MICRONS,20 MICRONS LTD,216.5,219.58,211.37,213.0,218.03,137611
2026-09-01,21STCENMGM,21ST CENTURY MGMT SERVICE,40.3,40.3,39.54,39.6,40.34,4172
2026-09-01,360ONE,360 ONE WAM LIMITED,1175.0,1184.3,1147.5,1165.6,1175.0,2175285
2026-09-01,GOLD360,360ONEAMC - GOLD360,153.45,153.45,147.55,147.9,149.75,20057
2026-09-01,MSCI360,360ONEAMC - MSCI360,10.0,10.2,10.0,10.12,10.21,14953
2026-09-01,SILVER360,360ONEAMC - SILVER360,229.78,230.79,224.24,225.44,229.14,16764
2026-09-01,3BBLACKBIO,3B BLACKBIO DX LTD.,1455.0,1546.8,1451.1,1523.5,1447.8,40078
2026-09-01,3MINDIA,3M INDIA LIMITED,33470.0,33695.0,32980.0,33315.0,33320.0,2999
2026-09-01,3PLAND,3P LAND HOLDINGS LIMITED,31.9,31.9,31.3,31.8,31.49,829
2026-09-01,5PAISA,5PAISA CAPITAL LIMITED,353.0,362.55,341.1,344.85,356.6,86636
2026-09-01,63MOONS,63 MOONS TECHNOLOGIES LTD,778.05,784.0,768.55,775.55,778.85,121930
2026-09-01,ABCOTS,A B COTSPIN INDIA LIMITED,218.9,219.5,208.83,213.11,214.72,3782
2026-09-01,ABMKNO,A B M KNOWLEDGEWARE LTD.,197.0,197.0,186.02,186.74,190.19,775
2026-09-01,AKCAPIT,A K CAPITAL SERVICES LTD.,1718.4,1765.6,1666.9,1733.9,1750.9,1648
2026-09-01,A2ZINFRA,A2Z INFRA ENGINEERING LTD,16.25,16.98,16.25,16.66,16.75,97461
2026-09-01,AAATECH,AAA TECHNOLOGIES LIMITED,95.38,96.44,93.65,93.72,94.79,15904
2026-09-01,AADHARHFC,AADHAR HOUSING FINANCE L,468.1,479.5,463.8,476.45,468.1,289606
2026-09-01,AAKASH,AAKASH EXPLORATION SER L,8.72,8.8,8.52,8.68,8.64,28034
2026-09-01,AAREYDRUGS,AAREY DRUGS & PHARM LTD,89.67,92.62,86.41,92.49,88.21,716181
2026-09-01,AARON,AARON INDUSTRIES LIMITED,128.2,131.0,126.2,127.59,130.1,8935
2026-09-01,AARTIDRUGS,AARTI DRUGS LTD.,411.85,430.0,410.3,427.1,411.7,254941
2026-09-01,AARTIIND,AARTI INDUSTRIES LTD,527.0,529.75,518.1,524.85,524.4,637770
2026-09-01,AARTIPHARM,AARTI PHARMALABS LIMITED,845.0,874.85,836.0,865.2,845.4,513635
2026-09-01,AARVI,AARVI ENCON LIMITED,141.18,155.38,139.71,148.92,142.39,109670
2026-09-01,AASTHA,AASTHA SPINTEX LIMITED,82.99,85.0,79.42,83.01,83.61,741120
2026-09-01,AAVAS,AAVAS FINANCIERS LIMITED,1261.7,1270.4,1235.7,1248.4,1261.2,172413
2026-09-01,ABANSENT,ABANS ENTERPRISES LTD.,27.29,28.35,26.81,27.93,27.44,9830
2026-09-01,AFSL,ABANS FINANCIAL SRVCS LTD,212.1,215.88,202.2,207.73,212.1,5139
2026-09-01,ABB,ABB INDIA LIMITED,7521.5,7524.5,7331.5,7396.0,7638.5,253254
2026-09-01,ABBOTINDIA,ABBOTT INDIA LIMITED,25880.0,26215.0,25710.0,26135.0,25850.0,8754
2026-09-01,ACC,ACC LIMITED,1287.9,1288.4,1270.9,1272.3,1276.5,98545
2026-09-01,ACCELYA,ACCELYA SOLN INDIA LTD,1125.4,1146.2,1121.0,1132.3,1127.9,7470
2026-09-01,ACEINTEG,ACE INTEGRATED SOLU. LTD.,17.1,19.8,17.1,17.63,17.05,11819
2026-09-01,ACMESOLAR,ACME SOLAR HOLDINGS LTD,398.0,406.8,394.25,403.7,401.95,1454893
2026-09-01,ACE,ACTION CONST EQUIP LTD,1110.9,1121.9,1085.9,1093.8,1110.5,183768
2026-09-01,ACUTAAS,ACUTAAS CHEMICALS LIMITED,3163.4,3238.8,3150.0,3174.3,3160.6,333584
2026-09-01,ADANIENSOL,ADANI ENERGY SOLUTION LTD,1435.0,1444.4,1373.3,1382.0,1417.4,8161918
2026-09-01,ADANIENT,ADANI ENTERPRISES LIMITED,2910.0,2942.5,2846.0,2863.9,2859.1,3862408
2026-09-01,ADANIGREEN,ADANI GREEN ENERGY LTD,1220.0,1271.2,1217.0,1265.0,1214.9,4309378
2026-09-01,ADANIPORTS,ADANI PORT & SEZ LTD,1625.0,1655.6,1625.0,1647.5,1593.1,3770354
2026-09-01,ADANIPOWER,ADANI POWER LTD,202.0,205.79,201.31,204.36,198.0,38032254
2026-09-01,ATGL,ADANI TOTAL GAS LIMITED,621.65,629.7,610.0,613.65,621.2,730043
2026-09-01,ADDIND,ADDI INDUSTRIES LTD.,80.0,83.9,76.95,81.44,85.0,373
2026-09-01,ADFFOODS,ADF FOODS LIMITED,268.7,272.0,259.65,265.15,270.2,135582
2026-09-01,ABSLAMC,ADIT BIRL SUN LIF AMC LTD,1051.9,1053.3,1012.1,1029.1,1051.8,303733
2026-09-01,ABCAPITAL,ADITYA BIRLA CAPITAL LTD.,404.5,404.85,390.3,394.45,409.4,2580254
2026-09-01,ABFRL,ADITYA BIRLA FASHION & RT,52.1,52.47,50.6,51.1,52.1,3376116
2026-09-01,ABLBL,ADITYA BIRLA LIFES BRAN L,86.71,87.0,84.15,85.33,86.71,667788
2026-09-01,BIRLAMONEY,ADITYA BIRLA MONEY LTD,126.75,129.89,126.6,127.02,126.75,26855
2026-09-01,ABREL,ADITYA BIRLA REAL EST LTD,1355.5,1377.6,1335.6,1357.0,1355.5,154550
2026-09-01,CPPLUS,ADITYA INFOTECH LIMITED,3566.0,3741.0,3491.1,3726.9,3566.0,504187
2026-09-01,AVL,ADITYA VISION LIMITED,603.35,606.85,591.8,604.1,600.5,86864
2026-09-01,BSLGOLDETF,ADITYBIRLA SL GOLD ETF-GR,139.21,139.21,133.31,133.67,135.82,895717
2026-09-01,BSLNIFTY,ADITYBIRLA SL NIF ETF-GR,27.9,29.01,27.9,28.18,28.31,1228238
2026-09-01,ADOR,ADOR WELDING LTD,1730.0,1733.4,1672.0,1700.8,1705.2,51304
2026-09-01,ADROITINFO,ADROIT INFOTECH LIMITED,10.48,10.8,10.22,10.46,10.3,15956
2026-09-01,ADVAIT,ADVAIT ENRGY TRANSITION L,2170.0,2181.0,2087.1,2121.0,2170.7,46878
2026-09-01,ADVANCE,ADVANCE AGROLIFE LIMITED,117.0,118.6,115.4,116.22,116.42,90717
2026-09-01,ADVENZYMES,ADVANCED ENZYME TECH LTD,294.1,298.2,291.5,295.35,294.1,161643
2026-09-01,ADVANIHOTR,ADVANI HOT.& RES.(I) LTD,49.88,49.99,49.45,49.55,49.86,12199
2026-09-01,ADVENTHTL,ADVENT HOTELS INTERNATI L,138.95,139.85,133.5,135.72,138.95,84873
2026-09-01,ADVIKCA,ADVIK CAPITAL LTD.,1.17,1.17,1.14,1.15,1.16,289220
2026-09-01,RAMBHAJO,ADVIT JEWELS LIMITED,240.32,247.55,233.3,237.07,240.32,759953
2026-09-01,AEGISLOG,AEGIS LOGISTICS LIMITED,1265.1,1271.0,1180.0,1219.3,1264.6,1344809
2026-09-01,AEGISVOPAK,AEGIS VOPAK TERMINALS LTD,267.9,272.0,260.7,270.1,268.75,711022
2026-09-01,AEQUS,AEQUS LIMITED,244.34,248.63,241.35,247.47,244.34,2245052
2026-09-01,AEROENTER,AEROFLEX ENTERPRISES LTD,138.0,148.8,137.65,143.39,138.45,1336212
2026-09-01,AEROFLEX,AEROFLEX INDUSTRIES LTD,526.8,570.5,515.55,552.05,525.4,2920944
2026-09-01,AERONEU,AEROFLEX NEU LIMITED,80.07,81.58,77.51,77.97,80.01,37739
2026-09-01,AETHER,AETHER INDUSTRIES LIMITED,1700.0,1700.0,1667.4,1683.7,1691.3,102406
2026-09-01,AFCONS,AFCONS INFRASTRUCTURE LTD,284.9,287.5,283.25,285.25,285.65,324859
2026-09-01,AFFLE,AFFLE 3I LIMITED,1590.0,1596.8,1556.0,1565.1,1597.9,149381
2026-09-01,AFFORDABLE,AFFORD ROBO & AUTO LTD,160.05,163.96,155.01,157.07,161.13,16546
2026-09-01,AGARIND,AGARWAL INDS CORP LTD.,456.0,457.3,438.1,442.8,458.2,70393
2026-09-01,AGI,AGI GREENPAC LIMITED,780.95,788.0,770.05,782.25,776.1,124438
2026-09-01,AGIIL,AGI INFRA LIMITED,285.0,289.0,281.2,286.1,285.0,271445
2026-09-01,AGRITECH,AGRI-TECH (INDIA) LIMITED,106.6,106.6,100.6,101.16,101.55,3000
2026-09-01,AGROPHOS,AGRO PHOS INDIA LIMITED,26.48,26.79,25.3,25.6,26.35,20769
2026-09-01,AHLADA,AHLADA ENGINEERS LIMITED,38.87,38.87,37.11,37.31,38.68,6566
2026-09-01,AHLUCONT,AHLUWALIA CONT IND LTD,620.7,627.9,606.7,612.5,619.2,70430
2026-09-01,AIAENG,AIA ENGINEERING LIMITED,4240.0,4256.8,4210.3,4243.2,4257.5,20642
2026-09-01,AIRAN,AIRAN LIMITED,15.0,15.18,14.86,14.92,14.88,34343
2026-09-01,AIROLAM,AIRO LAM LIMITED,88.0,89.0,86.5,86.68,88.09,3467
2026-09-01,AJANTPHARM,AJANTA PHARMA LIMITED,3623.0,3630.7,3467.0,3504.8,3601.9,87584
2026-09-01,AJAXENGG,AJAX ENGINEERING LIMITED,574.5,575.7,566.7,573.95,574.5,34918
2026-09-01,AJMERA,AJMERA REALTY & INF I LTD,116.5,117.16,115.14,115.67,116.9,147515
2026-09-01,AJOONI,AJOONI BIOTECH LIMITED,3.82,3.85,3.74,3.75,3.84,450753
2026-09-01,AKASH,AKASH INFRA-PROJECTS LTD,24.83,24.83,24.32,24.36,24.8,4258
2026-09-01,AKG,AKG EXIM LIMITED,9.29,9.29,9.1,9.19,9.02,7195
2026-09-01,AKI,AKI INDIA LIMITED,4.07,4.74,4.05,4.57,4.15,1003297
2026-09-01,AFIL,AKME FINTRADE (INDIA) LTD,9.5,9.69,9.41,9.43,9.47,131859
2026-09-01,AKSHAR,AKSHAR SPINTEX LIMITED,0.42,0.42,0.4,0.41,0.41,2436509
2026-09-01,AKUMS,AKUMS DRUGS AND PHARMA L,780.5,796.55,771.3,779.05,776.7,461075
2026-09-01,ALANKIT,ALANKIT LIMITED,8.07,8.23,8.0,8.07,8.09,72141
2026-09-01,ALBERTDAVD,ALBERT DAVID LIMITED,898.0,908.0,867.55,871.7,897.9,7074
2026-09-01,ALEMBICLTD,ALEMBIC LIMITED,99.0,101.87,96.95,98.85,98.74,848069
2026-09-01,APLLTD,ALEMBIC PHARMA LTD,835.0,847.85,825.55,843.85,834.9,114428
2026-09-01,ALFREDHE,ALFRED HERBERT INDIA L,2947.3,3049.9,2860.9,2889.8,2947.3,11
2026-09-01,ALGOQUANT,ALGOQUANT FINTECH LIMITED,64.59,65.39,62.1,63.02,64.71,1083176
2026-09-01,ALICON,ALICON CASTALLOY LIMITED,665.0,671.55,652.0,659.65,665.4,18536
2026-09-01,ALIVUS,ALIVUS LIFE SCIENCES LTD,1414.0,1470.0,1407.9,1443.7,1405.7,395923
2026-09-01,ALKEM,ALKEM LABORATORIES LTD.,5329.5,5358.0,5277.0,5300.0,5329.5,88288
2026-09-01,ALKYLAMINE,ALKYL AMINES CHEM. LTD,1991.0,2059.0,1975.0,2011.0,2003.8,80010
2026-09-01,ALLTIME,ALL TIME PLASTICS LIMITED,198.32,215.0,198.18,200.6,199.69,647970
2026-09-01,AGL,ALLCARGO GLOBAL LIMITED,13.85,13.93,13.51,13.59,13.83,3355300
2026-09-01,ALLCARGO,ALLCARGO LOGISTICS LTD,11.96,12.38,11.57,11.92,11.95,25577812
2026-09-01,ATL,ALLCARGO TERMINALS LTD,26.44,26.5,25.0,25.33,25.88,266188
2026-09-01,ALLDIGI,ALLDIGI TECH LIMITED,817.6,818.55,804.05,807.8,813.5,4779
2026-09-01,ABDL,ALLIED BLEND N DISTILS L,628.8,628.8,613.0,617.2,618.4,230238
2026-09-01,ADSL,ALLIED DIGITAL SERV. LTD,105.0,105.89,103.12,103.94,105.19,85703
2026-09-01,ALMONDZ,ALMONDZ GLOBAL SEC LTD,17.79,17.84,17.3,17.49,17.53,342019
2026-09-01,ALOKINDS,ALOK INDUSTRIES LIMITED,8.4,8.6,7.57,7.69,8.5,81881769
2026-09-01,ALPA,ALPA LABORATORIES LTD,63.9,63.9,61.0,61.73,62.73,15807
2026-09-01,ALPINETEX,ALPINE TEXWORLD LIMITED,53.4,54.3,51.5,51.95,53.62,163406
2026-09-01,ALUFLUOR,ALUFLUORIDE LTD.,478.7,504.0,478.7,496.9,483.15,15472
2026-09-01,AMAGI,AMAGI MEDIA LABS LIMITED,567.5,587.7,549.0,584.25,567.5,716012
2026-09-01,AMAL,AMAL LTD.,755.0,759.6,741.6,753.1,744.25,6902
2026-09-01,ARE&M,AMARA RAJA ENERGY MOB LTD,894.0,907.2,878.0,879.9,892.65,439607
2026-09-01,AMARJOTHI,AMARJOTHI SPINNING MILL L,162.95,166.0,157.65,159.18,162.24,906
2026-09-01,AMBER,AMBER ENTERPRISES (I) LTD,7640.0,7644.5,7490.0,7508.0,7620.0,100768
2026-09-01,AMBICAAGAR,AMBICA AGAR & AROMAINDLTD,24.23,24.98,24.16,24.75,24.28,6087
2026-09-01,AMBIKCO,AMBIKA COTTON MILL LTD.,1641.0,1669.9,1616.0,1625.1,1639.7,12954
2026-09-01,AMBUJACEM,AMBUJA CEMENTS LTD,404.0,407.15,401.0,402.2,401.15,1377257
2026-09-01,AMDIND,AMD INDUSTRIES LIMITED,56.65,59.65,55.75,57.02,56.27,66205
2026-09-01,AMNPLST,AMINES & PLASTICIZERS LTD,184.39,185.93,178.61,181.17,181.28,5501
2026-09-01,AEROPLANE,AMIR CHAND JAG KUM (E) L,176.0,178.0,172.0,174.19,174.33,228243
2026-09-01,AMJLAND,AMJ LAND HOLDINGS LIMITED,39.9,39.9,38.3,38.45,39.57,5193
2026-09-01,AMRUTANJAN,AMRUTAJAN HEALTH LTD,513.0,514.0,493.2,498.35,509.35,50017
2026-09-01,ARSSBL,ANAND RATHI SH N STK BR L,507.0,516.85,502.3,508.8,508.75,183696
2026-09-01,ANANDRATHI,ANAND RATHI WEALTH LTD,2213.4,2235.4,2185.0,2197.0,2204.2,213203
2026-09-01,ANANTRAJ,ANANT RAJ LIMITED,603.9,604.75,584.6,587.8,603.9,1114268
2026-09-01,ACL,ANDHRA CEMENTS LIMITED,43.99,44.0,43.51,43.94,43.72,4249
2026-09-01,ANDHRAPAP,ANDHRA PAPER LIMITED,61.09,61.71,60.0,60.55,60.69,270667
2026-09-01,ANDHRSUGAR,ANDHRA SUGARS LTD,99.64,99.9,96.15,96.49,99.64,388648
2026-09-01,ANDREWYU,ANDREW YULE & CO. LTD.,27.89,28.65,27.8,28.11,27.89,100589
2026-09-01,ANGELONE,ANGEL ONE LIMITED,286.9,288.25,280.5,281.55,286.9,2909391
2026-09-01,ANIKINDS,ANIK INDUSTRIES LTD,47.85,47.85,45.1,45.89,46.17,13921
2026-09-01,APCL,ANJANI PORTLAND CEM LTD,101.0,102.5,100.15,100.19,100.89,5140
2026-09-01,AHCL,ANLON HEALTHCARE LIMITED,15.93,15.97,15.37,15.49,15.86,1880199
2026-09-01,ANMOL,ANMOL INDIA LIMITED,10.05,10.24,9.96,10.02,10.09,36429
2026-09-01,ANNAPURNA,ANNAPURNA SWADISHT LTD,147.3,148.48,143.05,145.76,148.5,35855
2026-09-01,ANSALBU,ANSAL BUILDWELL LTD.,85.0,92.4,76.5,78.57,77.0,46059
2026-09-01,ANTGRAPHIC,ANTARCTICA LTD,0.78,0.78,0.75,0.75,0.76,199813
2026-09-01,ANTELOPUS,ANTELOPUS SELAN ENRGY LTD,780.1,799.0,780.05,792.65,784.3,47544
2026-09-01,ANTHEM,ANTHEM BIOSCIENCES LTD,893.2,939.0,893.2,924.5,893.05,1326412
2026-09-01,AWHCL,ANTONY WASTE HDG CELL LTD,380.05,383.4,375.5,377.35,383.3,64871
2026-09-01,ANUHPHR,ANUH PHARMA LIMITED,83.68,83.68,80.92,81.43,82.04,61758
2026-09-01,ANURAS,ANUPAM RASAYAN INDIA LTD,1269.0,1270.8,1255.0,1259.8,1262.8,219299
2026-09-01,AONEGOLD,AONEAMC - AONEGOLD,14.7,14.7,14.12,14.18,14.35,828122
2026-09-01,AONELIQUID,AONEAMC - AONELIQUID,1075.03,1075.05,1075.03,1075.03,1074.89,8005
2026-09-01,AONENIFTY,AONEAMC - AONENIFTY,9.88,10.07,9.88,9.89,9.96,247088
2026-09-01,AONESILVER,AONEAMC - AONESILVER,8.93,9.02,8.66,8.71,8.92,1182475
2026-09-01,AONETMMQ50,AONEAMC - AONETMMQ50,10.44,10.44,10.29,10.33,10.39,32131
2026-09-01,AONETOTAL,AONEAMC - AONETOTAL,11.99,12.05,11.88,11.9,11.94,273082
2026-09-01,APARINDS,APAR INDUSTRIES LTD.,17776.0,17919.0,17301.0,17400.0,17702.0,88375
2026-09-01,APCOTEXIND,APCOTEX INDUSTRIES LIMITE,649.55,660.0,625.75,639.2,646.3,228646
2026-09-01,APEX,APEX FROZEN FOODS LIMITED,381.3,389.0,371.5,374.7,380.0,171058
2026-09-01,APLAPOLLO,APL APOLLO TUBES LTD,2228.7,2258.8,2214.0,2234.0,2223.4,642035
2026-09-01,APOLLOHOSP,APOLLO HOSPITALS ENTER. L,8854.5,8867.5,8704.5,8755.0,8898.5,153262
2026-09-01,APOLLO,APOLLO MICRO SYSTEMS LTD,387.0,388.65,377.4,379.5,386.1,3505166
2026-09-01,APOLLOPIPE,APOLLO PIPES LIMITED,631.0,633.75,600.9,609.85,627.05,288698
2026-09-01,APOLSINHOT,APOLLO SINDOORI HOTEL LTD,1238.0,1238.2,1206.0,1219.5,1232.7,1038
2026-09-01,APOLLOTYRE,APOLLO TYRES LTD,441.0,443.7,438.15,442.7,438.95,276871
2026-09-01,APTUS,APTUS VALUE HSG FIN I LTD,249.0,254.07,247.15,253.36,248.85,731329
2026-09-01,AQYLON,AQYLON NEXUS LIMITED,19.96,22.05,19.96,21.69,21.01,5615935
2026-09-01,ACI,ARCHEAN CHEMICAL IND LTD,487.35,508.65,482.4,492.65,485.45,1602730
2026-09-01,ADL,ARCHIDPLY DECOR LIMITED,75.0,75.99,70.79,75.42,75.75,753
2026-09-01,ARCHIDPLY,ARCHIDPLY IND. LTD,105.0,105.19,101.17,101.72,105.93,20540
2026-09-01,ARCHIES,ARCHIES LTD,13.18,13.6,13.16,13.4,13.12,13064
2026-09-01,ARCL,ARCL ORGANICS LTD.,230.0,235.0,225.9,233.0,237.0,124
2026-09-01,ARDEE,ARDEE INDUSTRIES LIMITED,58.0,58.61,55.9,56.2,58.21,3590794
2026-09-01,ARFIN,ARFIN INDIA LIMITED,86.79,87.96,85.0,85.5,87.23,934707
2026-09-01,ARIES,ARIES AGRO LTD.,480.35,480.35,442.0,458.85,474.45,103326
2026-09-01,ARIHANTCAP,ARIHANT CAPITAL MKTS LTD,77.5,80.65,77.1,80.03,77.75,272914
2026-09-01,ARIHANT,ARIHANT FOUN & HOU LTD,902.0,929.35,882.0,900.0,907.8,2202
2026-09-01,ARIHANTSUP,ARIHANT SUPERSTRUCT LTD,251.1,253.8,244.6,250.15,252.0,5622
2026-09-01,ARIS,ARISINFRA SOLUTIONS LTD,142.6,142.6,127.71,131.68,142.27,5907678
2026-09-01,ARKADE,ARKADE DEVELOPERS LIMITED,123.98,123.98,120.02,120.72,123.35,186349
2026-09-01,ARMANFIN,ARMAN FIN SERV LTD,1980.0,1990.0,1935.1,1952.3,1980.7,23217
2026-09-01,AROGRANITE,ARO GRANITE IND. LTD.,24.75,25.4,24.16,24.45,24.76,16003
2026-09-01,ARTNIRMAN,ART NIRMAN LIMITED,41.4,41.4,38.26,40.7,40.0,950
2026-09-01,AEPL,ARTEMIS ELECTRICALS & P L,15.56,15.56,14.9,15.09,15.05,965192
2026-09-01,ARTEMISMED,ARTEMIS MED SERVICE LTD,317.45,335.0,315.5,327.95,317.45,546257
2026-09-01,ARVEE,ARVEE LABORATORIES I LTD,168.48,168.5,163.8,164.21,168.48,1150
2026-09-01,ARVINDFASN,ARVIND FASHIONS LIMITED,450.05,462.45,445.0,458.8,452.5,205486
2026-09-01,ARVIND,ARVIND LIMITED,555.65,564.7,552.05,557.1,555.65,486221
2026-09-01,ARVSMART,ARVIND SMARTSPACES LTD,670.3,670.3,652.0,656.0,665.55,46238
2026-09-01,ARYAMAN,ARYAMAN FINANCIAL SERV L,635.0,635.0,625.0,625.0,649.95,26
2026-09-01,ASAHIINDIA,ASAHI INDIA GLASS LIMITED,950.0,956.9,949.5,951.2,952.05,74285
2026-09-01,ASHAPURMIN,ASHAPURA MINECHEM LTD,560.5,577.0,551.25,555.5,564.45,329674
2026-09-01,ASHIANA,ASHIANA HOUSING LTD,365.9,369.75,360.1,363.65,366.9,26448
2026-09-01,ASHIMASYN,ASHIMA LTD,18.54,18.99,17.6,17.67,18.52,80364
2026-09-01,ASHOKLEY,ASHOK LEYLAND LTD,176.5,176.5,168.53,170.53,175.64,16860146
2026-09-01,ASHOKA,ASHOKA BUILDCON LTD,121.49,124.75,119.51,121.75,120.29,9607922
2026-09-01,ASHOKAMET,ASHOKA METCAST LIMITED,13.78,13.94,13.52,13.63,13.78,7113
2026-09-01,ASIANENE,ASIAN ENERGY SERVICES LTD,475.85,492.5,467.6,488.4,471.5,398711
2026-09-01,ASIANTILES,ASIAN GRANITO IND. LTD.,50.15,50.55,49.76,50.26,49.61,8205021
2026-09-01,AHLEAST,ASIAN HOTELS (EAST) LTD,138.1,143.9,137.15,142.2,138.05,4748
2026-09-01,ASIANHOTNR,ASIAN HOTELS (NORTH) LTD,352.0,389.45,346.55,369.2,366.4,214552
2026-09-01,ASIANPAINT,ASIAN PAINTS LIMITED,2645.3,2645.3,2545.2,2575.5,2653.6,1046523
2026-09-01,ASIANTNE,ASIAN TEA & EXPORTS LTD.,10.22,10.65,9.72,10.17,10.22,13782
2026-09-01,ASKAUTOLTD,ASK AUTOMOTIVE LIMITED,660.0,660.0,631.7,635.65,659.9,197446
2026-09-01,ASPINWALL,ASPINWALL & CO LTD,263.0,266.5,257.4,260.05,263.56,1722
2026-09-01,ASSAMENT,ASSAM ENTRADE LIMITED,857.75,857.75,777.5,800.0,816.95,14
2026-09-01,ASALCBR,ASSO ALCOHOLS & BREW LTD,701.0,706.95,690.0,693.7,700.8,17898
2026-09-01,ASTEC,ASTEC LIFESCIENCES LTD,560.0,576.6,555.3,562.4,560.7,22629
2026-09-01,ASTERDM,ASTER DM QUALITY CARE LTD,758.5,763.3,752.35,757.8,756.0,967322
2026-09-01,ASTRAMICRO,ASTRA MICROWAVE LTD,1666.8,1705.0,1656.4,1686.4,1666.0,292436
2026-09-01,ASTRAL,ASTRAL LIMITED,1537.5,1538.0,1493.1,1507.0,1522.2,726492
2026-09-01,ASTRAZEN,ASTRAZENECA PHARMA IND LT,6995.0,7014.5,6885.5,6917.0,6951.5,3552
2026-09-01,ATALREAL,ATAL REALTECH LIMITED,33.01,33.47,26.65,26.65,33.31,18612147
2026-09-01,ATAM,ATAM VALVES LIMITED,56.8,56.8,54.09,55.9,55.96,15123
2026-09-01,ATHERENERG,ATHER ENERGY LIMITED,1694.0,1744.0,1671.6,1725.6,1717.7,9562596
2026-09-01,ATLANTAELE,ATLANTA ELECTRICALS LTD,1832.7,1874.5,1813.1,1823.6,1830.4,169455
2026-09-01,ATLANTAA,ATLANTAA LIMITED,39.45,41.9,38.51,40.68,38.7,121504
2026-09-01,ATLASCYCLE,ATLAS CYCLE (HARYANA) LTD,95.5,100.5,94.05,95.37,95.55,14972
2026-09-01,ATULAUTO,ATUL AUTO LIMITED,490.0,500.0,474.1,476.05,486.7,454055
2026-09-01,ATUL,ATUL LTD,6392.0,6464.0,6371.0,6452.0,6392.0,12419
2026-09-01,AUBANK,AU SMALL FINANCE BANK LTD,1083.8,1088.8,1067.6,1079.2,1086.2,1068952
2026-09-01,AUGMONT,AUGMONT ENTERPRISES LTD,899.45,899.95,851.0,866.25,908.15,3757111
2026-09-01,AURIONPRO,AURIONPRO SOLN LTD,714.0,715.35,692.0,694.7,709.2,231981
2026-09-01,AUROPHARMA,AUROBINDO PHARMA LTD,1700.0,1700.1,1671.1,1683.3,1717.0,608791
2026-09-01,AURUM,AURUM PROPTECH LIMITED,234.0,234.5,220.1,223.93,231.25,120342
2026-09-01,AURUS,AURUS GEM CORP LIMITED,4.69,4.78,4.65,4.66,4.69,1850
2026-09-01,AUSOMENT,AUSOM ENTERPRISE LIMITED,149.73,151.68,146.65,149.77,149.73,9500
2026-09-01,AUSTENG,AUSTIN ENGINEERING CO. L,121.5,125.94,120.6,122.72,122.65,705
2026-09-01,AIIL,AUTHUM INVEST & INFRA LTD,568.95,568.95,536.2,539.3,560.9,523103
2026-09-01,AUTOIND,AUTOLINE INDUSTRIES LTD,87.82,88.48,83.55,85.59,87.17,142696
2026-09-01,ACGL,AUTOMOBILE CORPN OF GOA L,1800.0,1800.0,1777.1,1787.8,1805.0,1923
2026-09-01,AUTOAXLES,AUTOMOTIVE AXLES LIMITED,1729.3,1756.0,1670.0,1690.9,1728.6,15397
2026-09-01,ASAL,AUTOMOTIVE STAMPINGS & AS,476.0,485.2,471.2,473.6,476.05,19429
2026-09-01,AVADHSUGAR,AVADH SUG & ENERGY LTD,855.3,868.0,805.05,823.3,855.3,134076
2026-09-01,AVALON,AVALON TECHNOLOGIES LTD,2370.1,2393.0,2294.2,2318.6,2373.3,301080
2026-09-01,AVANCE,AVANCE TECHNOLOGIES LTD.,0.87,0.88,0.81,0.82,0.86,9823178
2026-09-01,AVANTEL,AVANTEL LIMITED,161.3,161.95,156.0,156.67,160.15,746978
2026-09-01,AVANTIFEED,AVANTI FEEDS LIMITED,824.7,842.9,815.4,833.75,824.7,278974
2026-09-01,DMART,AVENUE SUPERMARTS LIMITED,3850.0,3850.9,3766.1,3824.0,3900.0,382602
2026-09-01,CCAVENUE,AVENUESAI LIMITED,15.04,15.64,15.03,15.31,15.03,12431519
2026-09-01,AVONMORE,AVONMORE CAP&MGT SERV LTD,14.0,14.0,13.2,13.34,13.79,185858
2026-09-01,AVROIND,AVRO INDIA LIMITED,9.29,9.29,8.51,8.64,9.03,223687
2026-09-01,AVTNPL,AVT NATURAL PRODUCTS LTD,94.7,94.7,87.1,88.41,92.06,376944
2026-09-01,AWFIS,AWFIS SPACE SOLUTIONS LTD,257.05,268.3,255.55,262.8,258.9,317406
2026-09-01,AWL,AWL AGRI BUSINESS LIMITED,192.01,195.5,192.01,194.38,192.55,3175886
2026-09-01,AXISBANK,AXIS BANK LIMITED,1274.9,1275.1,1255.0,1258.0,1300.0,5588158
2026-09-01,BNKETFAXIS,AXISAMC-BNKETFAXIS,596.97,596.97,590.04,591.79,594.0,122
2026-09-01,CONSUMAXIS,AXISAMC-CONSUMAXIS,121.81,122.25,117.6,119.97,121.1,2568
2026-09-01,GOLDAXIS,AXISAMC-GOLDAXIS,128.29,128.4,125.76,125.91,127.78,2033566
2026-09-01,HEALTHAXIS,AXISAMC-HEALTHAXIS,170.32,170.44,169.2,169.2,169.68,6914
2026-09-01,ITAXIS,AXISAMC-ITAXIS,342.7,348.0,340.0,343.43,342.83,4144
2026-09-01,NIFTYAXIS,AXISAMC-NIFTYAXIS,269.68,269.68,265.35,265.96,267.01,6834
2026-09-01,SENSEXAXIS,AXISAMC-SENSEXAXIS,80.07,80.36,78.3,79.39,80.07,8046
2026-09-01,SILVERAXIS,AXISAMC-SILVERAXIS,232.65,232.83,225.7,226.12,232.03,365753
2026-09-01,VALUEAXIS,AXISAMC-VALUEAXIS,33.49,33.49,32.51,32.58,32.68,37622
2026-09-01,AXISCADES,AXISCADES TECH LTD,1675.0,1682.8,1614.4,1644.2,1671.2,158188
2026-09-01,AXITA,AXITA COTTON LIMITED,8.05,8.2,7.95,7.96,7.89,944524
2026-09-01,AXTEL,AXTEL INDUSTRIES LTD.,392.5,398.5,385.45,397.65,388.85,3246
2026-09-01,AYE,AYE FINANCE LIMITED,178.3,179.2,171.01,171.7,179.52,1443202
2026-09-01,AYMSYNTEX,AYM SYNTEX LIMITED,275.85,306.9,271.25,294.2,280.45,652034
2026-09-01,AZAD,AZAD ENGINEERING LIMITED,2880.0,2919.0,2815.1,2844.3,2861.8,440243
2026-09-01,AZADIND,AZAD INDIA MOBILITY LTD.,91.99,91.99,89.49,90.37,90.26,35851
2026-09-01,BBTCL,B&B TRIPLEWALL CONT LTD,225.0,225.0,218.85,220.62,222.02,7436
2026-09-01,BAGFILMS,B.A.G FILMS AND MEDIA LTD,4.4,4.44,4.32,4.36,4.38,46601
2026-09-01,BLKASHYAP,B.L.KASHYAP & SON LTD,56.0,56.87,54.8,55.84,55.68,498024
2026-09-01,STYLEBAAZA,BAAZAR STYLE RETAIL LTD,401.0,405.0,389.0,398.15,400.85,501769
2026-09-01,BAIDFIN,BAID FINSERV LIMITED,10.05,10.31,9.9,10.15,10.15,75869
2026-09-01,BAJAJ-AUTO,BAJAJ AUTO LIMITED,12180.0,12470.0,12090.0,12361.0,12130.0,495029
2026-09-01,BAJAJCON,BAJAJ CONSUMER CARE LTD,481.35,492.4,469.4,471.95,474.05,1247518
2026-09-01,BAJAJELEC,BAJAJ ELECT.LTD,323.75,330.6,323.0,325.85,324.8,126133
2026-09-01,BAJFINANCE,BAJAJ FINANCE LIMITED,1065.0,1067.0,1047.0,1053.9,1057.0,4813301
2026-09-01,BAJAJFINSV,BAJAJ FINSERV LTD.,1998.7,2004.1,1960.1,1972.0,2021.0,788344
2026-09-01,BAJAJHCARE,BAJAJ HEALTHCARE LIMITED,333.7,334.2,324.1,329.0,333.7,78501
2026-09-01,BAJAJHIND,BAJAJ HINDUSTHAN SUGAR LT,22.47,22.54,21.47,21.92,22.47,32102812
2026-09-01,BAJAJHLDNG,BAJAJ HOLDINGS & INVS LTD,11480.0,11500.0,11282.0,11310.0,11644.0,44566
2026-09-01,BAJAJHFL,BAJAJ HOUSING FINANCE LTD,84.0,84.1,82.6,82.85,84.02,3146554
2026-09-01,BAJAJST,BAJAJ STEEL INDS. LTD.,357.4,361.75,350.35,351.55,357.2,5847
2026-09-01,BAJEL,BAJEL PROJECTS LIMITED,193.11,193.6,185.0,186.17,194.12,174373
2026-09-01,BALPHARMA,BAL PHARMA LTD.,85.0,87.7,84.22,85.45,85.0,23149
2026-09-01,BALAMINES,BALAJI AMINES LIMITED,2347.2,2457.5,2295.1,2409.7,2323.6,262817
2026-09-01,BALAJITELE,BALAJI TELEFILMS LIMITED.,91.75,92.5,90.92,92.26,91.9,70769
2026-09-01,BALAXI,BALAXI PHARMA LTD,22.35,23.1,22.35,22.77,22.34,22106
2026-09-01,BALKRISIND,BALKRISHNA IND. LTD,2300.9,2352.0,2295.0,2331.8,2279.2,511138
2026-09-01,BALKRISHNA,BALKRISHNA PAPER MILLS L,17.01,17.43,16.41,16.97,17.2,20202
2026-09-01,BALMLAWRIE,BALMER LAWRIE & CO LTD,175.49,177.72,172.3,176.13,174.76,241856
2026-09-01,BLIL,BALMER LAWRIE INVSTS. L,72.3,72.49,72.0,72.18,71.82,54581
2026-09-01,BALRAMCHIN,BALRAMPUR CHINI MILLS LTD,695.95,695.95,658.0,668.85,693.5,5571019
2026-09-01,BALUFORGE,BALU FORGE INDUSTRIES LTD,630.9,638.0,613.0,621.9,630.6,1369121
2026-09-01,BANARBEADS,BANARAS BEADS LTD,114.1,117.0,113.05,116.4,114.67,795
2026-09-01,BANCOINDIA,BANCO PRODUCTS (I) LTD,624.95,629.95,616.0,620.15,625.4,84843
2026-09-01,BANDHANBNK,BANDHAN BANK LIMITED,163.6,164.65,161.65,162.9,163.5,5214696
2026-09-01,GOLDBND,BANDHANAMC - GOLDBND,157.22,157.22,150.8,151.57,153.39,26819
2026-09-01,IDFNIFTYET,BANDHANAMC - IDFNIFTYET,266.34,267.26,265.25,265.41,266.34,793
2026-09-01,SILVERBND,BANDHANAMC - SILVERBND,231.0,234.48,227.83,228.5,234.3,60699
2026-09-01,BANG,BANG OVERSEAS LTD.,34.76,35.8,34.01,34.27,34.86,178597
2026-09-01,BANKBARODA,BANK OF BARODA,238.0,240.2,236.68,237.7,238.6,13131444
2026-09-01,BANKINDIA,BANK OF INDIA,142.29,143.65,141.4,142.35,141.59,3406860
2026-09-01,MAHABANK,BANK OF MAHARASHTRA,82.0,83.83,82.0,82.7,82.07,14196058
2026-09-01,BANKA,BANKA BIOLOO LIMITED,77.1,80.0,77.1,78.75,78.57,1216
2026-09-01,BANARISUG,BANNARI AMMAN SUGARS LTD,3897.0,3934.7,3745.0,3766.2,3925.7,1473
2026-09-01,BANSALWIRE,BANSAL WIRE INDUSTRIES L,315.15,321.7,315.15,319.75,316.65,43459
2026-09-01,BANSWRAS,BANSWARA SYNTEX LIMITED,117.5,117.99,113.76,115.54,115.76,39803
2026-09-01,BVCL,BARAK VALLEY CEM. LTD.,44.84,45.6,43.1,43.5,44.84,63845
2026-09-01,BBNPNBETF,BARODABNP - BBNPNBETF,56.79,58.26,56.79,57.86,58.0,2363
2026-09-01,BBNPPGOLD,BARODABNP - BBNPPGOLD,152.15,152.15,146.3,146.85,148.45,1764
2026-09-01,BASF,BASF INDIA LTD,3811.3,3811.3,3740.0,3760.8,3787.8,13391
2026-09-01,BATAINDIA,BATA INDIA LTD,682.4,689.25,675.0,677.35,682.4,149599
2026-09-01,BATLIBOI,BATLIBOI LTD.,84.7,86.96,84.7,85.1,86.32,25746
2026-09-01,BAYERCROP,BAYER CROPSCIENCE LTD,3970.9,4003.7,3951.0,3987.6,3970.9,14746
2026-09-01,BCLIND,BCL INDUSTRIES LIMITED,36.58,37.05,36.0,36.19,36.61,532349
2026-09-01,BCPL,BCPL RAILWAY INFRA LTD,68.28,69.77,67.3,68.58,68.28,7059
2026-09-01,BEARDSELL,BEARDSELL LIMITED,25.36,26.44,25.21,25.79,25.58,4436
2026-09-01,BEDMUTHA,BEDMUTHA INDUST LTD,105.71,107.83,105.01,106.61,105.25,4441
2026-09-01,BEEKAY,BEEKAY STEEL INDS. LTD.,403.1,403.1,392.25,396.85,403.1,824
2026-09-01,BLEL,BEHARI LAL ENGINEERING L,441.2,447.0,432.0,436.4,440.7,1089456
2026-09-01,BELLACASA,BELLA CASA FASH AND RET L,237.55,260.0,234.01,248.58,237.51,13499
2026-09-01,BELRISE,BELRISE INDUSTRIES LTD,233.3,233.8,228.6,230.73,232.34,2926112
2026-09-01,BLAL,BEML LAND ASSETS LIMITED,165.87,166.49,164.8,164.88,165.98,26199
2026-09-01,BEML,BEML LIMITED,1940.0,1979.0,1930.0,1970.2,1936.1,304165
2026-09-01,BENARAS,BENARES HOTELS LTD.,10200.0,10349.0,10141.0,10312.0,10200.0,74
2026-09-01,BENGALASM,BENGAL & ASSAM CO. LTD.,6438.0,6700.0,6422.0,6661.5,6438.0,1001
2026-09-01,BERGEPAINT,BERGER PAINTS (I) LTD,500.9,501.1,490.0,490.85,497.75,134383
2026-09-01,BESTAGRO,BEST AGROLIFE LIMITED,17.16,17.4,16.8,17.11,17.16,351441
2026-09-01,BETA,BETA DRUGS LIMITED,2277.0,2277.0,2180.0,2206.8,2259.9,12964
2026-09-01,BFINVEST,BF INVESTMENT LIMITED,437.3,448.0,437.3,444.4,441.35,16151
2026-09-01,BFUTILITIE,BF UTILITIES LIMITED,502.9,505.5,498.8,504.7,502.9,32870
2026-09-01,BANK10BETF,BFAM - BANK10BETF,20.9,21.39,20.52,20.74,20.8,9190
2026-09-01,BANKBETF,BFAM - BANKBETF,60.0,60.0,58.0,58.21,58.54,13974
2026-09-01,LIQUIDBETF,BFAM - LIQUIDBETF,1096.99,1097.03,1096.99,1097.02,1096.88,452323
2026-09-01,NIFTYBETF,BFAM - NIFTYBETF,248.55,249.0,246.88,247.21,248.55,1213
2026-09-01,BHAGCHEM,BHAGIRADHA CHEM & INDS L,280.1,281.0,267.05,269.05,280.75,146689
2026-09-01,BHAGYANGR,BHAGYANAGAR INDIA LIMITED,381.3,388.95,377.0,380.0,384.7,80991
2026-09-01,BHANDARI,BHANDARI HOSIERY EXP LTD,3.01,3.01,2.95,2.96,2.98,69915
2026-09-01,BEPL,BHANSALI ENG. POLYMERS LT,122.3,128.8,122.1,127.16,121.09,3436941
2026-09-01,BBL,BHARAT BIJLEE LTD,2376.5,2376.5,2305.6,2319.2,2363.5,11521
2026-09-01,BHARATCOAL,BHARAT COKING COAL LTD,33.85,34.04,33.26,33.34,33.77,3510944
2026-09-01,BDL,BHARAT DYNAMICS LIMITED,1272.0,1273.8,1245.2,1250.0,1275.0,1100052
2026-09-01,BEL,BHARAT ELECTRONICS LTD,414.45,414.45,409.35,411.2,414.45,5628444
2026-09-01,BHARATFORG,BHARAT FORGE LTD,2076.0,2076.1,2040.0,2052.2,2104.9,976086
2026-09-01,BPLPHARMA,BHARAT PARENTERALS LTD.,1565.0,1585.8,1496.1,1507.4,1529.8,5388
2026-09-01,BPCL,BHARAT PETROLEUM CORP  LT,317.35,319.7,313.0,317.65,324.05,6048491
2026-09-01,BHARATRAS,BHARAT RASAYAN LTD,1252.2,1257.8,1226.1,1233.0,1248.0,9653
2026-09-01,BRNL,BHARAT ROAD NETWORK LTD,17.6,17.6,17.1,17.28,17.25,8810
2026-09-01,BHARATSE,BHARAT SEATS LIMITED,227.99,227.99,215.21,219.25,224.25,154435
2026-09-01,BHARATWIRE,BHARAT WIRE ROPES LTD.,181.1,183.1,172.15,174.18,181.71,385775
2026-09-01,BHARTIARTL,BHARTI AIRTEL LIMITED,1852.0,1877.2,1848.5,1877.2,1811.9,9900740
2026-09-01,BHARTIHEXA,BHARTI HEXACOM LIMITED,1545.0,1545.0,1500.0,1511.7,1545.5,54396
2026-09-01,BIL,BHARTIYA INTERNATIONAL,865.0,949.0,858.1,885.45,852.2,64376
2026-09-01,BHEL,BHEL,437.25,437.25,423.2,426.55,442.65,7144021
2026-09-01,BIGBLOC,BIGBLOC CONSTRUCTION LTD,41.35,43.27,40.8,41.89,41.35,59739
2026-09-01,BIKAJI,BIKAJI FOODS INTERN LTD,610.3,619.5,592.0,598.3,625.7,626123
2026-09-01,GROWW,BILLIONBRAINS GARAGE VN L,193.0,193.99,189.01,189.41,192.06,25408315
2026-09-01,BIMETAL,BIMETAL BEARINGS LTD.,640.0,654.95,620.0,640.05,636.85,326
2026-09-01,BIOCON,BIOCON LIMITED.,407.15,407.95,400.35,401.05,412.0,2120745
2026-09-01,BIOFILCHEM,BIOFIL CHEM & PHARMA LTD,32.9,33.68,32.03,32.15,32.59,8734
2026-09-01,BIRLACORPN,BIRLA CORPORATION LTD,872.7,891.2,870.0,879.55,872.7,33058
2026-09-01,BIRLAPREC,BIRLA PRECISION TECH L,45.83,46.49,43.01,43.79,45.61,98098
2026-09-01,BIRLANU,BIRLANU LIMITED,1444.0,1448.9,1425.0,1437.7,1440.5,5038
2026-09-01,ABGSEC,BIRLASLAMC - ABGSEC,114.51,114.72,113.68,113.68,115.01,27
2026-09-01,ABSL10BANK,BIRLASLAMC - ABSL10BANK,168.8,169.88,168.0,168.36,168.8,1818
2026-09-01,ABSLBANETF,BIRLASLAMC - ABSLBANETF,59.3,59.31,58.7,58.88,58.89,65505
2026-09-01,ABSLLIQUID,BIRLASLAMC - ABSLLIQUID,1000.0,1000.01,999.99,1000.0,1000.0,20719
2026-09-01,ABSLMSCIN,BIRLASLAMC - ABSLMSCIN,29.64,30.32,29.37,29.51,29.72,247
2026-09-01,ABSLNN50ET,BIRLASLAMC - ABSLNN50ET,75.38,77.32,75.38,76.79,77.32,12129
2026-09-01,BSLSENETFG,BIRLASLAMC - BSLSENETFG,77.5,78.15,77.14,77.82,77.61,1189
2026-09-01,GSEC10ABSL,BIRLASLAMC - GSEC10ABSL,112.65,112.65,112.65,112.65,112.06,5
2026-09-01,HEALTHY,BIRLASLAMC - HEALTHY,17.64,17.64,17.0,17.13,17.21,199982
2026-09-01,MOMENTUM,BIRLASLAMC - MOMENTUM,31.49,31.5,30.76,31.07,31.49,159386
2026-09-01,NIFTYQLITY,BIRLASLAMC - NIFTYQLITY,21.55,21.63,21.34,21.44,21.45,168194
2026-09-01,SILVER,BIRLASLAMC - SILVER,228.2,233.99,227.09,227.52,233.17,1026631
2026-09-01,TECH,BIRLASLAMC - TECH,34.02,34.5,33.72,34.24,33.85,56903
2026-09-01,ABSLPSE,BIRLASLAMC-ABSLPSE,10.15,10.15,10.03,10.05,10.01,150958
2026-09-01,BSOFT,BIRLASOFT LIMITED,292.0,300.85,290.0,295.8,291.25,1358901
2026-09-01,BBOX,BLACK BOX LIMITED,742.45,742.45,711.25,719.95,747.65,445043
2026-09-01,BLACKBUCK,BLACKBUCK LIMITED,588.6,590.7,575.05,580.3,593.8,158533
2026-09-01,BLBLIMITED,BLB LIMITED,16.12,16.3,15.65,16.15,16.09,130303
2026-09-01,BLSE,BLS E-SERVICES LIMITED,330.95,331.0,322.55,327.7,327.9,231381
2026-09-01,BLS,BLS INTL SERVS LTD,241.1,242.21,236.33,238.19,240.56,1098843
2026-09-01,BLUECLOUDS,BLUE CLOUD SOFTECH SOLU L,20.26,20.28,19.9,19.99,20.25,1271193
2026-09-01,BLUEDART,BLUE DART EXPRESS LTD,4920.5,5159.5,4902.5,5105.0,4924.0,29783
2026-09-01,BLUEJET,BLUE JET HEALTHCARE LTD,580.5,599.9,571.4,586.35,578.75,691675
2026-09-01,BLUESTARCO,BLUE STAR LIMITED,1471.0,1499.0,1457.0,1490.9,1463.8,259707
2026-09-01,BLUESTONE,BLUESTONE JEWEL LFSTL LTD,816.1,816.1,786.75,813.25,817.4,570871
2026-09-01,BLUSPRING,BLUSPRING ENTERPRISES LTD,127.35,128.93,120.52,121.47,126.4,297341
2026-09-01,BMWVENTLTD,BMW VENTURES LIMITED,56.53,57.7,55.0,55.28,56.57,65868
2026-09-01,BNAGROCHEM,BN AGROCHEM LTD.,228.77,232.0,225.1,229.0,229.0,24252
2026-09-01,BODALCHEM,BODAL CHEMICALS LTD,122.0,131.25,120.35,126.76,118.89,10764398
2026-09-01,BTML,BODHI TREE MULTIMEDIA LTD,8.49,8.77,8.01,8.06,8.44,497677
2026-09-01,BOHRAIND,BOHRA INDUSTRIES LIMITED,12.35,13.47,12.1,12.69,12.35,44696
2026-09-01,BBTC,BOMBAY BURMAH TRADING COR,1512.1,1545.8,1496.0,1539.0,1502.9,197902
2026-09-01,BOMDYEING,BOMBAY DYEING & MFG. CO L,114.25,115.5,111.86,113.49,114.25,570890
2026-09-01,BSHSL,BOMBAY SUPER HYBRID SEEDS,90.0,91.9,89.0,89.03,89.98,6266
2026-09-01,BONLON,BONLON INDUSTRIES LIMITED,42.87,42.87,39.6,41.71,40.67,3949
2026-09-01,BORANA,BORANA WEAVES LIMITED,308.5,315.0,306.0,309.15,308.5,21050
2026-09-01,BOROLTD,BOROSIL LIMITED,244.59,247.43,234.23,241.85,245.86,602776
2026-09-01,BORORENEW,BOROSIL RENEWABLES LTD,504.4,505.8,494.6,497.15,502.6,336371
2026-09-01,BOROSCI,BOROSIL SCIENTIFIC LTD,123.2,129.95,123.2,127.65,122.91,89127
2026-09-01,BOSCH-HCIL,BOSCH HOME COMFRT IND LTD,1747.5,1758.2,1690.0,1745.5,1732.4,41851
2026-09-01,BOSCHLTD,BOSCH LIMITED,49400.0,49400.0,47805.0,48550.0,50000.0,53609
2026-09-01,BPL,BPL LTD,51.45,51.45,49.86,50.02,51.07,33259
2026-09-01,BRAHMINFRA,BRAHMAPUTRA INFRA L,162.0,162.78,156.0,157.41,159.43,8922
2026-09-01,FIRSTCRY,BRAINBEES SOLUTIONS LTD,181.6,182.6,176.4,177.67,182.41,1115282
2026-09-01,BCONCEPTS,BRAND CONCEPTS LIMITED,165.08,167.77,160.25,162.75,164.67,10683
2026-09-01,BRIGADE,BRIGADE ENTER. LTD,659.9,663.1,634.7,645.1,655.85,284854
2026-09-01,BRIGHOTEL,BRIGADE HOTEL VENTURE LTD,59.21,59.71,58.12,58.32,58.77,123274
2026-09-01,BRIGHTBR,BRIGHT BROTHERS LTD.,255.0,260.0,255.0,260.0,257.13,3650
2026-09-01,BCG,BRIGHTCOM GROUP LIMITED,9.09,9.11,8.98,9.0,9.04,2958794
2026-09-01,BRITANNIA,BRITANNIA INDUSTRIES LTD,5230.0,5256.0,5145.5,5187.0,5250.0,235479
2026-09-01,BSE,BSE LIMITED,3300.0,3305.0,3220.5,3242.0,3282.0,3137016
2026-09-01,BSL,BSL LTD,122.05,125.0,122.05,123.25,123.06,1462
2026-09-01,BUTTERFLY,BTRFLY GANDHI APPL LTD,627.95,633.35,621.0,624.35,629.0,14336
2026-09-01,BURNPUR,BURNPUR CEMENT LIMITED,18.64,18.64,18.64,18.64,17.76,40109
2026-09-01,CGVAK,C G V A K SOFTWARE & EX L,158.7,158.7,151.01,152.99,149.82,1989
2026-09-01,MAPMYINDIA,C.E. INFO SYSTEMS LIMITED,1004.7,1019.8,989.4,999.6,1013.4,132057
2026-09-01,CMLL,CALIBER MINING AND LOG L,504.35,508.45,497.0,501.4,504.35,206242
2026-09-01,CALSOFT,CALIFORNIA SOFTWARE CO LT,38.69,39.13,37.61,39.13,37.27,513118
2026-09-01,CAMLINFINE,CAMLIN FINE SCIENCES LTD,102.75,103.15,101.0,102.14,102.63,453916
2026-09-01,CAMPUS,CAMPUS ACTIVEWEAR LIMITED,225.99,225.99,222.0,223.92,226.19,310687
2026-09-01,CANFINHOME,CAN FIN HOMES LTD,796.4,812.3,790.0,793.4,795.3,210620
2026-09-01,CANBK,CANARA BANK,126.88,127.07,125.16,125.6,126.9,9840419
2026-09-01,CANHLIFE,CANARA HSBC LIFE INS CO L,155.5,156.99,151.5,154.18,156.14,543430
2026-09-01,CRAMC,CANARA ROBECO AMC LIMITED,259.15,259.6,254.05,255.35,259.3,370716
2026-09-01,CANTABIL,CANTABIL RETAIL LTD,242.41,247.34,240.0,241.92,242.41,670337
2026-09-01,CAPACITE,CAPACITE INFRAPROJECT LTD,213.9,214.6,206.57,208.64,214.0,178944
2026-09-01,CAPILLARY,CAPILLARY TECHNO INDIA L,491.0,501.5,483.65,491.8,493.9,162807
2026-09-01,CIFL,CAPITAL INDIA FINANCE LTD,20.98,21.44,20.3,20.38,20.39,53100
2026-09-01,CAPITALSFB,CAPITAL SMALL FIN BANK L,280.65,286.9,280.65,284.4,283.2,16612
2026-09-01,CAPLIPOINT,CAPLIN POINT LAB LTD.,2514.0,2750.0,2511.0,2711.2,2517.4,1992659
2026-09-01,CGCL,CAPRI GLOBAL CAPITAL LTD,258.0,258.0,242.3,250.9,256.46,2645298
2026-09-01,CPL,CAPTAIN POLYPLAST LIMITED,63.1,65.73,63.1,64.27,64.49,123324
2026-09-01,CARBORUNIV,CARBORUNDUM UNIVERSAL LTD,1107.0,1125.9,1091.0,1100.5,1106.6,213988
2026-09-01,CARERATING,CARE RATINGS LIMITED,1758.0,1758.0,1689.4,1705.0,1729.0,43401
2026-09-01,CPEDU,CAREER POINT EDUTECH LTD,183.09,189.0,181.5,183.28,182.08,5989
2026-09-01,CARRARO,CARRARO INDIA LIMITED,557.0,564.35,536.5,542.25,559.4,134604
2026-09-01,CARTRADE,CARTRADE TECH LIMITED,2991.5,3043.5,2940.0,2970.1,2991.5,167127
2026-09-01,CARYSIL,CARYSIL LIMITED,1133.2,1142.7,1108.9,1118.0,1128.5,33593
2026-09-01,CASTROLIND,CASTROL INDIA LIMITED,184.74,186.45,184.4,186.02,184.49,680714
2026-09-01,CCL,CCL PRODUCTS (I) LTD,1084.1,1106.4,1075.6,1100.1,1079.8,99628
2026-09-01,CEATLTD,CEAT LIMITED,3425.3,3461.7,3386.7,3400.2,3419.7,43371
2026-09-01,CEIGALL,CEIGALL INDIA LIMITED,342.65,349.9,339.15,344.7,341.35,452494
2026-09-01,CEINSYS,CEINSYS TECH LIMITED,710.0,720.9,700.0,704.4,710.4,45055
2026-09-01,CELEBRITY,CELEBRITY FASHIONS LTD,6.84,6.84,6.59,6.74,6.62,12664
2026-09-01,CELLO,CELLO WORLD LIMITED,352.3,353.85,347.0,349.4,352.3,167515
2026-09-01,CEMPRO,CEMINDIA PROJECTS LIMITED,1244.9,1252.9,1209.0,1244.1,1225.6,165149
2026-09-01,CENTRALBK,CENTRAL BANK OF INDIA,30.25,30.49,30.14,30.31,30.22,3583473
2026-09-01,CDSL,CENTRAL DEPO SER (I) LTD,1400.0,1407.4,1376.0,1391.0,1402.5,743240
2026-09-01,CMPDI,CENTRAL MINE P N D INST L,230.92,231.83,221.1,222.68,230.92,2052412
2026-09-01,CENTRUM,CENTRUM CAPITAL LIMITED,22.97,23.03,21.8,22.33,22.97,443047
2026-09-01,CENTUM,CENTUM ELECTRONICS LTD,3445.5,3495.0,3405.9,3420.1,3445.5,18815
2026-09-01,CENTENKA,CENTURY ENKA LTD,544.15,554.45,542.0,544.1,546.8,16420
2026-09-01,CENTEXT,CENTURY EXTRUSIONS LTD,22.37,22.47,22.03,22.28,22.21,88903
2026-09-01,CENTURYPLY,CENTURY PLYBOARDS (I) LTD,761.45,763.1,749.75,755.45,757.25,32019
2026-09-01,CERA,CERA SANITARYWARE LTD,5762.5,5762.5,5651.0,5717.5,5730.5,4556
2026-09-01,CESC,CESC LTD,146.16,146.5,144.01,145.15,146.16,1361771
2026-09-01,CGPOWER,CG POWER AND IND SOL LTD,901.95,903.55,881.6,885.5,916.0,2969058
2026-09-01,CHALET,CHALET HOTELS LIMITED,903.0,939.95,891.1,897.5,903.95,988080
2026-09-01,CLSEL,CHAMAN LAL SETIA EXP LTD,300.4,309.0,298.05,302.4,300.65,101722
2026-09-01,CHAMBLFERT,CHAMBAL FERTILIZERS LTD,408.0,413.85,405.25,412.3,409.55,755291
2026-09-01,CHEMBOND,CHEMBOND MATERIALTECH LTD,176.95,176.95,166.6,168.99,174.47,5663
2026-09-01,CHEMCRUX,CHEMCRUX ENTERPRISES LTD.,83.9,83.9,82.0,83.24,83.23,4029
2026-09-01,CHEMFAB,CHEMFAB ALKALIS LIMITED,366.5,366.5,352.4,362.8,359.95,3614
2026-09-01,CHEMPLASTS,CHEMPLAST SANMAR LIMITED,175.0,178.46,167.55,170.35,176.52,398460
2026-09-01,CHENNPETRO,CHENNAI PETROLEUM CORP LT,1380.0,1424.4,1364.2,1387.0,1367.4,2212980
2026-09-01,CHEVIOT,CHEVIOT COMPANY LIMITED,1149.0,1159.0,1120.0,1124.6,1134.3,572
2026-09-01,CHOICEIN,CHOICE INTERNATIONAL LTD,779.8,784.5,772.1,774.7,780.7,257538
2026-09-01,CHOICEGOLD,CHOICEAMC - CHOICEGOLD,156.0,156.0,150.5,150.62,153.23,11713
2026-09-01,CHOLAHLDNG,CHOLAMANDALAM FIN HOL LTD,1485.1,1496.1,1455.0,1475.0,1485.5,207051
2026-09-01,CHOLAFIN,CHOLAMANDALAM IN & FIN CO,1851.1,1851.5,1794.1,1814.7,1857.4,1873461
2026-09-01,CIEINDIA,CIE AUTOMOTIVE INDIA LTD,388.0,393.2,387.55,390.85,391.05,267687
2026-09-01,CINELINE,CINELINE INDIA LIMITED,89.9,90.0,87.38,88.95,88.1,11750
2026-09-01,CINEVISTA,CINEVISTA LIMITED,14.35,14.79,14.35,14.38,14.42,9980
2026-09-01,CIPLA,CIPLA LTD,1420.9,1425.7,1406.5,1423.0,1409.2,880100
2026-09-01,CUB,CITY UNION BANK LTD,228.01,235.99,225.34,234.99,229.19,2919901
2026-09-01,CLEANMAX,CLEAN MAX ENVIRO EN SOL L,1234.0,1257.0,1192.9,1249.5,1246.9,258964
2026-09-01,CLEAN,CLEAN SCIENCE & TECH LTD,826.0,831.9,817.55,827.1,822.85,229094
2026-09-01,CMRGREEN,CMR GREEN TECHNOLOGIES L,232.0,234.8,226.67,231.03,230.78,658143
2026-09-01,CMSINFO,CMS INFO SYSTEMS LIMITED,242.7,248.99,242.35,247.67,243.6,623561
2026-09-01,COALINDIA,COAL INDIA LTD,401.75,407.2,399.4,401.6,401.75,6128444
2026-09-01,COASTCORP,COASTAL CORPORATION LTD,40.96,41.01,39.35,39.84,40.96,70219
2026-09-01,COCHINSHIP,COCHIN SHIPYARD LIMITED,1509.9,1513.4,1465.5,1475.9,1510.0,404766
2026-09-01,COFORGE,COFORGE LIMITED,1985.3,1994.2,1961.2,1988.9,1985.3,2055771
2026-09-01,COHANCE,COHANCE LIFESCIENCES LTD,458.6,476.5,455.0,460.0,455.95,2194523
2026-09-01,COLPAL,COLGATE PALMOLIVE LTD.,1872.5,1873.0,1842.0,1859.8,1897.6,374486
2026-09-01,COMFINTE,COMFORT INTECH LTD.,6.26,6.38,6.0,6.2,6.06,220246
2026-09-01,COMSYN,COMMERCIAL SYN BAGS LTD,299.0,309.9,290.0,304.35,297.1,1215635
2026-09-01,COMPEAU,COMPETENT AUTOMOB CO. L,360.0,365.0,355.0,359.65,353.7,2287
2026-09-01,COMPUSOFT,COMPUCOM SOFTWARE LTD,13.49,13.65,13.3,13.48,13.45,19771
2026-09-01,CAMS,COMPUTER AGE MNGT SER LTD,782.95,783.0,750.25,752.0,782.0,1008731
2026-09-01,CONCORDBIO,CONCORD BIOTECH LIMITED,1458.9,1499.4,1442.4,1484.3,1446.1,198238
2026-09-01,CEWATER,CONCORD ENVIRO SYSTEMS L,268.0,273.4,260.0,262.7,269.5,29779
2026-09-01,CFEL,CONFIDENCE FUTURIST ENE L,30.0,31.9,29.0,30.88,29.41,69410
2026-09-01,CONFIPET,CONFIDENCE PETRO IND LTD.,81.9,81.9,78.6,80.34,81.37,1499783
2026-09-01,CCCL,CONS. CONST. CONSORT LTD,14.74,14.75,14.31,14.45,14.54,218880
2026-09-01,CONCOR,CONTAINER CORP OF IND LTD,516.9,518.75,510.5,514.0,511.9,1247573
2026-09-01,CONTROLPR,CONTROL PRINT LIMITED,601.0,611.2,592.0,597.8,601.25,38147
2026-09-01,CORALFINAC,CORAL INDIA FIN & HOUS LT,32.86,34.34,32.0,32.21,33.01,16429
2026-09-01,CORDSCABLE,CORDS CABLE INDUS LTD.,285.0,316.0,282.5,312.95,282.49,799500
2026-09-01,COROMANDEL,COROMANDEL INTERNTL. LTD,1908.0,1936.8,1890.2,1922.9,1905.9,59054
2026-09-01,CORONA,CORONA REMEDIES LIMITED,2060.0,2061.1,2021.0,2033.3,2050.3,32850
2026-09-01,COSMOFIRST,COSMO FIRST LIMITED,934.0,996.0,933.0,949.65,929.2,458088
2026-09-01,CCHHL,COUNTRY CLUB HOSP HOL LTD,12.6,12.99,12.52,12.77,12.66,7806
2026-09-01,CPCAP,CP CAPITAL LIMITED,119.46,120.5,116.0,117.72,117.28,34895
2026-09-01,CPSEETF,CPSE ETF,93.5,93.5,91.93,92.53,92.58,518496
2026-09-01,CRAFTSMAN,CRAFTSMAN AUTOMATION LTD,11221.0,11498.0,11000.0,11253.0,11198.5,144450
2026-09-01,CRAVATEX,CRAVATEX LTD.,322.25,322.25,314.1,318.1,321.1,181
2026-09-01,CREATIVEYE,CREATIVE EYE LIMITED,6.01,6.2,5.6,6.09,6.06,11781
2026-09-01,CNL,CREATIVE NEWTECH LIMITED,1287.6,1300.0,1237.2,1245.5,1279.6,27761
2026-09-01,CREDITACC,CREDITACCESS GRAMEEN LTD,1365.9,1413.1,1348.6,1393.3,1363.5,559605
2026-09-01,MUFTI,CREDO BRANDS MARKETING L,74.84,75.08,70.1,72.81,74.41,96536
2026-09-01,CREST,CREST VENTURES LIMITED,364.1,374.9,363.0,364.45,364.1,369
2026-09-01,CRISIL,CRISIL LTD,4821.8,4859.0,4760.1,4829.5,4821.8,60880
2026-09-01,CRIZAC,CRIZAC LIMITED,165.9,167.21,162.11,164.63,165.46,435251
2026-09-01,CROMPTON,CROMPT GREA CON ELEC LTD,235.77,235.77,230.2,231.1,235.9,3046723
2026-09-01,CROWN,CROWN LIFTERS LIMITED,107.9,111.4,104.2,109.04,107.9,37268
2026-09-01,CSBBANK,CSB BANK LIMITED,342.55,342.8,335.15,338.95,343.55,653928
2026-09-01,CSLFINANCE,CSL FINANCE LIMITED,240.0,244.43,236.0,236.92,239.7,55083
2026-09-01,CSM,CSM TECHNOLOGIES LIMITED,96.35,96.79,93.21,94.49,96.79,121136
2026-09-01,CUBEXTUB,CUBEX TUBINGS LTD,78.2,78.2,76.25,76.82,76.99,25269
2026-09-01,CUMMINSIND,CUMMINS INDIA LTD,5093.5,5115.0,5054.5,5105.0,5105.0,430883
2026-09-01,CUPID,CUPID LIMITED,280.0,282.65,266.5,275.05,280.46,17011348
2026-09-01,CURAA,CURA TECHNOLOGIES LIMITED,64.08,69.0,63.55,67.0,64.08,360
2026-09-01,CYBERMEDIA,CYBER MEDIA (INDIA) LTD.,18.36,19.99,18.1,18.66,18.36,96734
2026-09-01,CYIENTDLM,CYIENT DLM LIMITED,846.0,869.95,837.8,857.2,843.0,1322733
2026-09-01,CYIENT,CYIENT LIMITED,1219.0,1219.0,1145.5,1164.6,1174.8,1708736
2026-09-01,DLINKINDIA,D-LINK INDIA LTD,441.6,442.4,432.3,436.1,441.6,49405
2026-09-01,DPABHUSHAN,D. P. ABHUSHAN LIMITED,1476.4,1479.9,1408.0,1416.0,1475.1,24352
2026-09-01,DBCORP,D.B.CORP LTD,199.88,199.88,196.15,197.76,199.2,39339
2026-09-01,DABUR,DABUR INDIA LTD,384.0,386.8,381.0,384.0,381.0,1394674
2026-09-01,DAICHI,DAI-ICHI KARKARIA LTD.,339.6,344.0,337.0,339.0,337.95,4522
2026-09-01,DALBHARAT,DALMIA BHARAT LIMITED,1886.0,1886.0,1795.0,1806.6,1856.2,85376
2026-09-01,DALMIASUG,DALMIA BHARAT SUG IN LTD,488.65,488.8,459.1,467.85,484.15,240866
2026-09-01,DAMCAPITAL,DAM CAPITAL ADVISORS LTD,145.0,146.93,140.61,141.45,145.26,206946
2026-09-01,DANGEE,DANGEE DUMS LIMITED,2.85,2.92,2.54,2.71,2.82,106577
2026-09-01,DATAPATTNS,DATA PATTERNS INDIA LTD,4525.0,4542.3,4420.9,4515.2,4521.5,421777
2026-09-01,DATAMATICS,DATAMATICS GLOBAL SER LTD,781.95,784.6,764.55,771.05,781.95,47370
2026-09-01,DAVANGERE,DAVANGERE SUGAR COMPANY L,2.09,2.15,1.99,2.08,2.08,15603255
2026-09-01,DCI,DC INFOTECH AND COMUN LTD,370.0,385.65,362.3,369.7,372.6,115858
2026-09-01,DCBBANK,DCB BANK LIMITED,217.55,225.62,215.2,224.39,218.2,3789148
2026-09-01,DCMFINSERV,DCM FINANCIAL SERVICES LT,5.35,5.35,5.2,5.22,5.32,8548
2026-09-01,DCMNVL,DCM NOUVELLE LIMITED,193.1,194.54,185.0,189.67,191.74,31283
2026-09-01,DCMSRIND,DCM SHRIRAM IND LTD,48.69,49.02,46.21,46.61,48.38,104770
2026-09-01,DCMSIL,DCM SHRIRAM INTERNATNL L,72.05,73.79,69.0,70.98,70.6,85626
2026-09-01,DCMSHRIRAM,DCM SHRIRAM LIMITED,1017.1,1042.3,1009.1,1030.4,1016.7,122199
2026-09-01,DCW,DCW LTD,45.53,45.64,44.05,44.58,45.56,1359355
2026-09-01,DCXINDIA,DCX SYSTEMS LIMITED,171.9,174.5,171.0,173.51,173.07,225548
2026-09-01,DDEVPLSTIK,DDEV PLASTIKS IND LTD,278.0,280.95,275.0,278.75,276.5,117688
2026-09-01,DENORA,DE NORA INDIA LIMITED,826.2,826.2,783.3,813.9,826.05,3462
2026-09-01,DECCANCE,DECCAN CEMENTS LIMITED,574.8,579.9,563.0,574.4,573.1,18213
2026-09-01,DECNGOLD,DECCAN GOLD MINES LTD.,223.4,224.77,218.21,221.05,223.34,835236
2026-09-01,DEEDEV,DEE DEVELOPMENT ENG LTD,580.3,619.8,580.3,619.8,590.3,438089
2026-09-01,DEEPINDS,DEEP INDUSTRIES LIMITED,703.7,704.95,660.0,665.0,689.85,333259
2026-09-01,DEEP,DEEP POLYMERS LTD.,36.0,37.8,35.66,36.1,36.39,5304
2026-09-01,DEEPAKFERT,DEEPAK FERTILIZERS & PETR,1407.1,1435.9,1399.8,1427.5,1407.0,143168
2026-09-01,DEEPAKNTR,DEEPAK NITRITE LTD,1751.6,1820.0,1745.2,1782.8,1749.4,1005828
2026-09-01,DELHIVERY,DELHIVERY LIMITED,462.65,464.35,457.2,460.8,456.2,1175474
2026-09-01,DELTACORP,DELTA CORP LIMITED,58.48,61.0,56.5,57.41,58.47,1843770
2026-09-01,DELTAMAGNT,DELTA MANUFACTURING LTD,59.4,59.4,57.0,58.45,57.21,820
2026-09-01,DEN,DEN NETWORKS LTD,28.35,28.35,27.51,27.77,28.27,409169
2026-09-01,DENTA,DENTA WATER N INFRA SOL L,265.0,275.85,265.0,270.35,272.9,99201
2026-09-01,DEVX,DEV ACCELERATOR LIMITED,34.48,34.75,32.56,32.99,33.99,208331
2026-09-01,DEVIT,DEV INFO TECHNOLOGY LTD,24.83,25.55,24.3,25.02,24.59,21329
2026-09-01,DEVYANI,DEVYANI INTERNATIONAL LTD,139.0,139.65,136.51,138.69,138.77,1016965
2026-09-01,DBOL,DHAMPUR BIO ORGANICS LTD,127.46,131.19,126.0,126.76,127.24,427906
2026-09-01,DHAMPURSUG,DHAMPUR SUGAR MILLS LTD.,179.78,179.78,171.1,172.82,179.19,586402
2026-09-01,DHANBANK,DHANLAXMI BANK LIMITED,32.18,32.42,31.95,32.05,32.11,327355
2026-09-01,DHANUKA,DHANUKA AGRITECH LTD,976.0,995.0,956.0,990.35,976.1,35231
2026-09-01,DHARMAJ,DHARMAJ CROP GUARD LTD,270.15,271.0,265.8,269.75,270.0,55826
2026-09-01,DHATRE,DHATRE UDYOG LTD.,4.26,4.52,4.17,4.35,4.26,20130
2026-09-01,DHOOTTRANS,DHOOT TRANSMISSION LTD,1490.2,1510.0,1402.8,1450.1,1474.6,1671879
2026-09-01,DHRUV,DHRUV CONSULTANCY SER LTD,23.73,23.84,22.9,23.5,23.5,4491
2026-09-01,DHUNINV,DHUNSERI INVESTMENTS LTD,988.6,1001.5,975.0,987.3,988.6,1224
2026-09-01,DTIL,DHUNSERI TEA & IND. LTD.,161.69,161.9,153.0,153.5,161.69,25172
2026-09-01,DVL,DHUNSERI VENTURES LIMITED,273.6,287.2,273.6,282.5,272.98,17456
2026-09-01,DIAMINESQ,DIAMINES & CHEMICALS LTD,241.5,245.0,239.74,242.01,241.57,8211
2026-09-01,DICIND,DIC INDIA LIMITED,597.0,597.0,547.3,553.6,576.8,4851
2026-09-01,DIFFNKG,DIFFUSION ENGINEERS LTD,480.05,492.0,465.5,477.5,485.5,1746855
2026-09-01,DGCONTENT,DIGICONTENT LIMITED,25.74,25.74,23.9,24.23,25.2,17491
2026-09-01,DIGIDRIVE,DIGIDRIVE DISTRIBUTORS L,18.4,18.8,17.54,17.82,17.71,17897
2026-09-01,DIGISPICE,DIGISPICE TECHNOLOGIES LT,17.17,17.17,16.71,17.0,16.99,31061
2026-09-01,DIGITIDE,DIGITIDE SOLUTIONS LTD,96.5,98.01,96.2,97.01,97.3,153441
2026-09-01,DIGJAMLMTD,DIGJAM LTD,51.24,51.24,48.5,49.17,51.24,5678
2026-09-01,DNAMEDIA,DILIGENT MEDIA CORP LTD.,2.58,2.78,2.58,2.58,2.66,46628
2026-09-01,DBL,DILIP BUILDCON LIMITED,404.85,405.85,392.25,394.8,404.95,110025
2026-09-01,DISAQ,DISA INDIA LTD.,12037.0,12118.0,11652.0,11724.0,12084.0,318
2026-09-01,DISHTV,DISH TV INDIA LTD.,2.74,2.74,2.67,2.67,2.74,805531
2026-09-01,DCAL,DISHMAN CARBO AMCIS LTD,179.09,188.0,176.42,181.83,178.34,597409
2026-09-01,DIVGIITTS,DIVGI TORQTRANSFER SYST L,1189.2,1329.8,1172.2,1268.8,1186.7,649484
2026-09-01,DIVISLAB,DIVI S LABORATORIES LTD,9251.5,9262.5,9087.0,9165.0,9467.0,485620
2026-09-01,DIXON,DIXON TECHNO (INDIA) LTD,14780.0,14820.0,14450.0,14461.0,14850.0,229903
2026-09-01,DJML,DJ MEDIAPRINT & LOG LTD,71.23,72.63,68.25,71.92,71.63,115318
2026-09-01,DLF,DLF LIMITED,672.6,676.0,665.95,675.15,691.05,3403562
2026-09-01,DMCC,DMCC SPECIALITY CHEMICALS,288.5,293.95,283.6,286.8,291.55,31194
2026-09-01,DODLA,DODLA DAIRY LIMITED,1081.0,1085.0,1057.2,1066.2,1080.6,21297
2026-09-01,DOLATALGO,DOLAT ALGOTECH LIMITED,71.8,73.77,70.3,70.93,72.02,137305
2026-09-01,DOLLAR,DOLLAR INDUSTRIES LIMITED,268.0,271.6,266.0,266.6,268.95,54534
2026-09-01,DOLPHIN,DOLPHIN OFF ENT (IND) L,586.85,598.45,582.3,583.3,583.25,23068
2026-09-01,DOMS,DOMS INDUSTRIES LIMITED,2226.0,2249.0,2221.2,2229.0,2232.5,14876
2026-09-01,DONEAR,DONEAR IND. LIMITED,85.5,85.5,83.5,84.02,84.63,10394
2026-09-01,AGARWALEYE,DR AGARWALS HEALTH CARE L,513.75,518.5,506.15,508.7,513.2,139334
2026-09-01,DRAGARWQ,DR. AGARWAL'S EYE HOSP L,5295.0,5321.0,5255.0,5309.5,5266.0,501
2026-09-01,LALPATHLAB,DR. LAL PATH LABS LTD.,1934.8,1938.9,1873.8,1904.4,1934.6,468711
2026-09-01,DRREDDY,DR. REDDY S LABORATORIES,1166.5,1179.9,1166.5,1171.0,1154.4,556259
2026-09-01,DRCSYSTEMS,DRC SYSTEMS INDIA LIMITED,14.0,14.45,13.62,13.76,13.68,106401
2026-09-01,DREAMFOLKS,DREAMFOLKS SERVICES LTD,66.2,67.4,66.2,66.36,67.36,26723
2026-09-01,DREDGECORP,DREDGING CORP OF INDIA,1101.8,1112.0,1062.6,1076.7,1102.3,84130
2026-09-01,KEEPLEARN,DSJ KEEP LEARNING LTD,1.94,1.94,1.81,1.86,1.94,23314
2026-09-01,LIQUIDETF,DSP LIQUID ETF,1000.0,1000.01,999.99,999.99,1000.0,220732
2026-09-01,BANK10ADD,DSPAMC - BANK10ADD,16.91,17.02,16.85,16.89,16.94,10318464
2026-09-01,BANKADD,DSPAMC - DSPBANK,58.97,59.16,58.63,58.77,58.97,1866
2026-09-01,GOLDADD,DSPAMC - DSPGOLD,15.34,15.34,14.7,14.73,14.97,12181845
2026-09-01,ITADD,DSPAMC - DSPIT,32.58,33.39,32.58,33.15,32.6,173677
2026-09-01,EQUAL50ADD,DSPAMC - DSPNEWETF,343.86,345.6,342.0,342.71,343.91,5952
2026-09-01,NIFTYADD,DSPAMC - DSPNIFTY,253.1,254.86,252.71,253.06,254.19,4398
2026-09-01,PSUBANKADD,DSPAMC - DSPPSBKETF,86.66,86.79,85.57,85.72,86.23,21917
2026-09-01,PVTBANKADD,DSPAMC - DSPPVBKETF,28.23,28.41,28.01,28.08,28.16,246374
2026-09-01,MIDQ50ADD,DSPAMC - DSPQ50ETF,25.89,26.0,25.25,25.44,25.64,68941
2026-09-01,SENSEXADD,DSPAMC - DSPSENXETF,79.58,79.82,79.07,79.37,79.31,153
2026-09-01,SILVERADD,DSPAMC - DSPSILVETF,23.06,27.96,21.88,22.08,22.5,4251284
2026-09-01,FLEXIADD,DSPAMC - FLEXIADD,10.21,10.22,10.12,10.15,10.17,47189
2026-09-01,FMCGADD,DSPAMC - FMCGADD,46.83,46.86,46.48,46.7,46.83,45182
2026-09-01,GSEC10ADD,DSPAMC - GSEC10ADD,26.64,26.64,26.49,26.49,26.51,185
2026-09-01,HEALTHADD,DSPAMC - HEALTHADD,16.93,17.21,16.81,16.83,16.9,14905
2026-09-01,LIQUIDADD,DSPAMC - LIQUIDADD,1142.85,1142.87,1142.85,1142.86,1142.7,420275
2026-09-01,MIDBANKADD,DSPAMC - MIDBANKADD,17.7,17.7,17.28,17.34,17.83,22439
2026-09-01,MIDCAPADD,DSPAMC - MIDCAPADD,23.66,23.66,23.25,23.33,23.66,25460
2026-09-01,MSCIADD,DSPAMC - MSCIADD,29.53,29.61,29.41,29.55,29.72,2630
2026-09-01,NEXT30ADD,DSPAMC - NEXT30ADD,43.11,43.18,42.59,42.78,42.9,21948
2026-09-01,NEXT50ADD,DSPAMC - NEXT50ADD,73.72,73.73,72.89,73.36,73.76,2355
2026-09-01,SMALLADD,DSPAMC - SMALLADD,18.9,18.9,18.39,18.5,18.53,39649
2026-09-01,TOP10ADD,DSPAMC - TOP10ADD,87.95,88.58,87.3,88.06,87.6,132712
2026-09-01,DUCON,DUCON INFRATECHNOLOGIES L,1.88,2.15,1.79,2.07,1.89,1529775
2026-09-01,DWARKESH,DWARIKESH SUGAR IND LTD,52.47,52.5,48.33,49.14,52.42,3772601
2026-09-01,DSSL,DYNACONS SYS & SOLN LTD,1065.0,1065.0,1018.0,1020.8,1041.3,28727
2026-09-01,DYNAMATECH,DYNAMATIC TECHNOLOGIES,11981.0,11981.0,11535.0,11678.0,11966.0,9545
2026-09-01,DYCL,DYNAMIC CABLES LIMITED,493.0,560.0,483.7,542.4,493.2,10973790
2026-09-01,DYNPRO,DYNEMIC PRODUCTS LIMITED,228.57,235.0,228.0,230.19,227.5,5016
2026-09-01,EASTWEST,EAST WEST FREIGHT CARRI L,2.58,2.6,2.31,2.4,2.51,84010
2026-09-01,EASEMYTRIP,EASY TRIP PLANNERS LTD,6.1,6.16,5.96,5.99,6.1,28049247
2026-09-01,EBIX,EBIX LIMITED,21.21,21.21,19.95,19.99,21.0,180580
2026-09-01,ECLERX,ECLERX SERVICES LTD,1950.0,1997.7,1892.3,1973.8,1976.9,298440
2026-09-01,ECORECO,ECO RECYCLING LTD.,470.0,475.9,460.3,464.5,471.95,8887
2026-09-01,ECOSMOBLTY,ECOS (INDIA) MOB & HOSP L,114.98,115.8,113.9,115.16,114.13,58477
2026-09-01,BBETF0432,EDELAMC - BBETF0432,1342.99,1348.55,1336.03,1338.05,1335.03,815
2026-09-01,EBANK10,EDELAMC - EBANK10,17.06,17.06,16.71,16.71,16.89,457
2026-09-01,EBANKNIFTY,EDELAMC - EBANKNIFTY,58.11,58.3,57.63,57.95,57.92,2833
2026-09-01,EBBETF0430,EDELAMC - EBBETF0430,1609.0,1609.0,1600.54,1606.67,1603.67,28753
2026-09-01,EBBETF0431,EDELAMC - EBBETF0431,1440.36,1440.36,1428.75,1433.04,1436.39,2008
2026-09-01,EBBETF0433,EDELAMC - EBBETF0433,1312.5,1312.5,1304.11,1310.99,1307.91,3469
2026-09-01,ECAPINSURE,EDELAMC - ECAPINSURE,24.21,24.21,23.8,23.88,24.12,26648
2026-09-01,EGOLD,EDELAMC - EGOLD,157.95,157.95,151.1,151.65,154.1,248113
2026-09-01,ELIQUID,EDELAMC - ELIQUID,1045.99,1046.0,1045.99,1045.99,1045.87,16877
2026-09-01,ELM250,EDELAMC - ELM250,17.47,17.47,16.56,16.65,17.05,134603
2026-09-01,ELMDIV,EDELAMC - ELMDIV,36.99,37.0,36.13,36.2,36.75,3015
2026-09-01,EMETAL,EDELAMC - EMETAL,13.2,13.69,13.08,13.28,13.24,4694
2026-09-01,EMULTIMQ,EDELAMC - EMULTIMQ,42.3,42.4,41.8,42.11,42.19,20939
2026-09-01,ENEXT50,EDELAMC - ENEXT50,73.6,73.6,72.17,72.91,73.26,887
2026-09-01,ENIFTY,EDELAMC - ENIFTY,24.36,24.42,24.1,24.42,24.26,1787
2026-09-01,ESENSEX,EDELAMC - ESENSEX,77.05,79.0,77.05,78.16,76.86,836
2026-09-01,ESILVER,EDELAMC - ESILVER,235.81,237.85,226.93,227.73,233.48,313124
2026-09-01,EDELWEISS,EDELWEISS FIN SERV LTD,129.49,132.7,126.99,128.94,127.31,10187016
2026-09-01,EFCIL,EFC (I) LIMITED,208.0,208.0,200.78,201.34,204.8,486529
2026-09-01,EICHERMOT,EICHER MOTORS LTD,7975.0,8052.0,7860.0,7970.0,7953.5,760133
2026-09-01,EIDPARRY,EID PARRY INDIA LTD,800.05,805.75,788.1,795.6,799.4,304136
2026-09-01,EIHAHOTELS,EIH ASSOCIATED HOTELS LTD,301.0,303.6,291.2,293.3,301.1,23651
2026-09-01,EIHOTEL,EIH LIMITED,282.3,296.45,282.15,294.45,282.3,430234
2026-09-01,EIMCOELECO,EIMCO ELECON (INDIA) LTD,2184.5,2218.0,2152.2,2193.4,2195.4,22635
2026-09-01,EKI,EKI ENERGY SERVICES LTD,78.94,78.94,71.5,73.69,73.44,12589
2026-09-01,ELANTAS,ELANTAS BECK INDIA LTD.,11625.0,11699.0,11130.0,11297.0,11604.5,3579
2026-09-01,ELCIDIN,ELCID INVESTMENTS LTD.,107300.0,108990.0,106055.0,106700.0,107300.0,6
2026-09-01,ELDEHSG,ELDECO HSG & IND LTD.,794.8,804.5,770.0,783.65,778.35,1342
2026-09-01,ELECON,ELECON ENG. CO. LTD,411.75,419.0,409.05,412.25,411.85,279355
2026-09-01,EMIL,ELECTRONICS MART IND LTD,182.45,182.45,172.08,175.7,180.61,957847
2026-09-01,ELECTCAST,ELECTROSTEEL CASTINGS LTD,84.4,87.0,83.31,83.83,83.44,5555670
2026-09-01,ELECTHERM,ELECTROTHERM (I) LTD.,990.1,1015.3,981.7,997.25,990.6,11055
2026-09-01,ELGIEQUIP,ELGI EQUIPMENTS LTD,624.0,631.1,622.15,628.9,627.35,341868
2026-09-01,ELGIRUBCO,ELGI RUBBER CO. LTD,58.75,62.4,58.01,60.66,58.97,76618
2026-09-01,ELIN,ELIN ELECTRONICS LIMITED,99.4,102.99,95.25,96.17,100.13,408968
2026-09-01,ELITECON,ELITECON INTERNATIONAL L,10.11,11.17,10.11,10.11,10.64,15340431
2026-09-01,ELLEN,ELLENBARRIE INDUS GASES L,318.55,323.0,310.9,315.4,322.25,305472
2026-09-01,ELPROINTL,ELPRO INTERNATIONAL LTD,175.0,176.13,173.73,175.01,173.97,9627
2026-09-01,EMAMILTD,EMAMI LIMITED,366.0,379.35,361.15,376.65,364.0,1648320
2026-09-01,EMAMIREAL,EMAMI REALTY LIMITED,69.84,69.84,67.0,68.57,69.45,3969
2026-09-01,EMBDL,EMBASSY DEVELOPMENTS LTD,61.9,62.3,59.2,59.63,62.07,2981824
2026-09-01,EMCURE,EMCURE PHARMACEUTICALS L,1860.9,1885.0,1835.0,1845.9,1855.3,114806
2026-09-01,EMKAY,EMKAY GLOBAL FIN SERV LTD,259.6,266.9,255.05,264.1,257.18,87226
2026-09-01,EMMVEE,EMMVEE PHOTOVOLTAIC PWR L,321.4,323.15,317.4,319.25,321.75,877483
2026-09-01,EMPIND,EMPIRE INDUSTRIES LTD.,1220.0,1225.9,1205.0,1209.2,1217.4,3955
2026-09-01,EMPOWER,EMPOWER INDIA LTD.,2.01,2.01,2.01,2.01,2.11,4047435
2026-09-01,EMSLIMITED,EMS LIMITED,372.4,379.0,370.2,372.4,374.75,104652
2026-09-01,EMUDHRA,EMUDHRA LIMITED,555.0,555.0,527.85,533.1,547.85,125079
2026-09-01,ENDURANCE,ENDURANCE TECHNO. LTD.,2888.0,2905.8,2829.3,2841.7,2871.2,42736
2026-09-01,ENERGYDEV,ENERGY DEVE. CO.LTD,15.88,16.19,15.75,15.78,15.88,13623
2026-09-01,ENGINERSIN,ENGINEERS INDIA LTD,263.0,289.65,260.45,280.05,261.87,57537014
2026-09-01,ENKEIWHEL,ENKEI WHEELS (INDIA) LTD.,400.0,405.0,391.0,400.0,399.05,8408
2026-09-01,ENTERO,ENTERO HEALTHCARE SOLU L,1807.8,1829.0,1790.1,1805.0,1809.9,116123
2026-09-01,ENIL,ENTERTAIN NET. IND. LTD.,101.99,103.9,100.2,100.96,101.97,28318
2026-09-01,EIEL,ENVIRO INFRA ENGINEERS L,196.5,196.82,190.1,190.82,196.92,590767
2026-09-01,EPACK,EPACK DURABLE LIMITED,187.0,190.91,185.4,187.72,187.35,490346
2026-09-01,EPACKPEB,EPACK PREFAB TECHN LTD,223.0,225.0,219.41,224.0,221.7,362380
2026-09-01,EPIGRAL,EPIGRAL LIMITED,1208.6,1252.9,1198.6,1239.5,1203.3,66587
2026-09-01,EPL,EPL LIMITED,246.0,247.7,237.5,240.35,262.06,135432363
2026-09-01,EQUITASBNK,EQUITAS SMALL FIN BNK LTD,73.97,74.19,73.08,73.42,73.97,939445
2026-09-01,ERIS,ERIS LIFESCIENCES LIMITED,1297.2,1312.5,1291.0,1299.9,1297.2,48468
2026-09-01,ESABINDIA,ESAB INDIA LTD,6134.0,6189.5,6014.5,6141.5,6119.5,7782
2026-09-01,ESCORTS,ESCORTS KUBOTA LIMITED,3050.0,3105.0,2986.0,3016.1,2995.0,115819
2026-09-01,ESSARSHPNG,ESSAR SHIPPING LTD,16.2,18.0,16.2,16.83,16.58,151322
2026-09-01,ESTER,ESTER INDUSTRIES LTD,93.5,95.44,91.0,92.68,91.73,121349
2026-09-01,ETERNAL,ETERNAL LIMITED,325.0,329.4,323.0,327.75,328.1,21501682
2026-09-01,ETHOSLTD,ETHOS LIMITED,2909.0,2912.8,2860.0,2879.4,2898.7,21366
2026-09-01,EUREKAFORB,EUREKA FORBES LIMITED,432.1,432.5,412.95,427.8,429.4,192759
2026-09-01,EUROBOND,EURO PANEL PRODUCTS LTD,156.9,156.9,147.5,148.02,150.28,3776
2026-09-01,EUROPRATIK,EURO PRATIK SALES LIMITED,265.35,265.35,258.4,259.35,263.7,177200
2026-09-01,EVEREADY,EVEREADY INDS. IND.  LTD.,330.5,330.5,322.4,325.1,329.8,92060
2026-09-01,EKC,EVEREST KANTO CYLINDERLTD,107.55,108.3,105.49,105.79,107.47,133299
2026-09-01,EXCELINDUS,EXCEL INDUSTRIES LTD,1053.0,1053.0,1004.5,1015.5,1046.15,6767
2026-09-01,EXCELSOFT,EXCELSOFT TECHNOLOGIES L,69.93,70.45,69.6,69.79,69.93,156084
2026-09-01,EXICOM,EXICOM TELE SYSTEMS LTD,166.0,166.0,159.0,162.98,165.99,870784
2026-09-01,EXIDEIND,EXIDE INDUSTRIES LTD,439.1,444.6,434.0,436.25,440.25,2106708
2026-09-01,EXPLEOSOL,EXPLEO SOLUTIONS LIMITED,857.8,868.95,849.0,854.4,857.05,12578
2026-09-01,EXXARO,EXXARO TILES LIMITED,7.14,7.24,6.25,6.48,7.13,1403583
2026-09-01,FABTECH,FABTECH TECHNOLOGIES LTD,148.41,149.97,146.22,147.6,148.41,27864
2026-09-01,FACT,FACT LTD,817.05,829.0,811.2,815.25,821.25,172573
2026-09-01,FAZE3Q,FAZE THREE LIMITED,487.45,494.95,483.15,490.55,487.5,21672
2026-09-01,FCSSOFT,FCS SOFTWARE SOLN. LTD.,1.49,1.49,1.45,1.45,1.48,1245103
2026-09-01,FDC,FDC LIMITED,338.4,340.65,329.05,333.6,337.2,230099
2026-09-01,FEDFINA,FEDBANK FINANCIAL SER L,156.45,160.35,154.8,156.21,157.24,913152
2026-09-01,FEDDERSHOL,FEDDERS HOLDING LTD.,45.4,46.49,45.15,45.21,44.69,1288203
2026-09-01,FEDERALBNK,FEDERAL BANK LTD,350.0,351.75,348.0,349.25,356.7,3391394
2026-09-01,FMGOETZE,FEDERAL-MOGUL GOETZE (IND,632.0,634.2,620.0,624.85,624.85,2091800
2026-09-01,FERMENTA,FERMENTA BIOTECH LTD.,502.9,509.9,477.8,485.8,500.1,93488
2026-09-01,FIBERWEB,FIBERWEB INDIA LIMITED,26.1,27.29,25.69,26.15,26.35,9566
2026-09-01,FIEMIND,FIEM INDUSTRIES LIMITED,2045.2,2110.4,2031.2,2085.7,2036.2,106503
2026-09-01,FILATFASH,FILATEX FASHIONS LIMITED,0.18,0.19,0.18,0.18,0.18,16623007
2026-09-01,FILATEX,FILATEX INDIA LTD,74.99,75.29,72.6,73.74,75.17,1719002
2026-09-01,FINEORG,FINE ORGANIC IND. LTD.,5282.0,5380.0,5225.5,5255.5,5282.8,31627
2026-09-01,FCL,FINEOTEX CHEMICAL LIMITED,51.0,51.3,48.0,48.83,50.79,13911490
2026-09-01,FINKURVE,FINKURVE FINANCIAL SERV L,72.91,73.67,67.0,67.76,72.23,109032
2026-09-01,FINOPB,FINO PAYMENTS BANK LTD,139.0,139.79,131.83,136.44,139.38,334325
2026-09-01,FINCABLES,FINOLEX CABLES LTD,1260.0,1266.4,1224.4,1248.3,1247.15,641035
2026-09-01,FINPIPE,FINOLEX INDUSTRIES LTD,158.5,158.99,154.8,155.34,157.72,464728
2026-09-01,FSL,FIRSTSOURCE SOLU. LTD.,264.7,267.1,257.0,266.0,264.8,1357079
2026-09-01,FISCHER,FISCHER MEDICAL VENTURE L,35.48,37.1,34.67,36.77,35.21,1152839
2026-09-01,FIVESTAR,FIVE-STAR BUS FIN LTD,535.65,539.8,525.55,538.1,535.05,321205
2026-09-01,FLAIR,FLAIR WRITING INDUST LTD,250.0,251.9,247.21,249.98,248.65,59842
2026-09-01,FOODSIN,FOODS & INNS LIMITED,54.74,54.74,53.0,53.46,54.97,38335
2026-09-01,FORCEMOT,FORCE MOTORS LIMITED,17580.0,18069.0,17462.0,17722.0,17526.0,149245
2026-09-01,FORTIS,FORTIS HEALTHCARE LTD,911.6,921.45,893.0,915.0,906.9,1605569
2026-09-01,FOSECOIND,FOSECO INDIA LTD,6410.0,6490.0,6190.0,6308.5,6432.0,20790
2026-09-01,FRACTAL,FRACTAL ANALYTICS LIMITED,846.05,850.1,825.0,827.8,852.15,213921
2026-09-01,FREDUN,FREDUN PHARMACEUTICALS L,1463.7,1531.0,1450.0,1497.8,1446.9,24906
2026-09-01,FRONTSP,FRONTIER SPRINGS LTD.,1300.0,1300.0,1246.4,1256.2,1292.5,12369
2026-09-01,NYKAA,FSN E COMMERCE VENTURES,347.15,347.15,337.0,338.5,349.55,8377806
2026-09-01,UTLSOLAR,FUJIYAMA POWER SYSTEMS L,461.0,461.0,433.35,439.15,461.05,391161
2026-09-01,FUSION,FUSION FINANCE LIMITED,201.57,201.57,194.1,194.65,200.32,298034
2026-09-01,FMNL,FUTURE MKT NETWORKS LTD,10.26,10.75,9.95,10.04,10.47,34341
2026-09-01,GMBREW,G M BREWERIES LTD,877.25,880.0,873.05,876.2,877.25,14995
2026-09-01,GRINFRA,G R INFRAPROJECTS LIMITED,876.55,888.4,867.85,882.5,876.2,9428
2026-09-01,GABRIEL,GABRIEL INDIA LTD,1450.0,1467.9,1402.6,1426.3,1437.9,647260
2026-09-01,GAIL,GAIL (INDIA) LTD,173.41,174.39,172.07,172.69,177.5,8008794
2026-09-01,GAJA,GAJA ALT ASSET MGT LTD,152.5,164.4,149.51,161.79,150.97,6737896
2026-09-01,GALAPREC,GALA PRECISION ENG LTD,1018.1,1034.5,1000.1,1009.6,1025.4,29559
2026-09-01,GALAXYSURF,GALAXY SURFACTANTS LTD,2244.3,2280.4,2210.3,2229.4,2255.6,40040
2026-09-01,GALLANTT,GALLANTT ISPAT LIMITED,563.0,574.65,547.2,552.8,567.25,78899
2026-09-01,GANDHAR,GANDHAR OIL REFINE IND L,257.7,268.5,255.05,261.8,257.72,2578536
2026-09-01,GANDHITUBE,GANDHI SPL. TUBES LTD,901.4,902.0,887.15,896.6,900.95,4413
2026-09-01,GANESHCP,GANESH CONSUMER PRODUCT L,172.64,174.8,166.75,168.2,171.15,116515
2026-09-01,GANESHHOU,GANESH HOUSING LIMITED,775.7,788.45,765.05,775.2,776.95,27105
2026-09-01,GANECOS,GANESHA ECOSPHERE LIMITED,1028.1,1031.8,1018.0,1024.6,1021.7,49268
2026-09-01,GANGAFORGE,GANGA FORGING LIMITED,1.77,1.77,1.74,1.77,1.69,2248677
2026-09-01,GANGESSECU,GANGES SECURITIES LIMITED,118.0,121.01,116.4,118.03,117.69,3685
2026-09-01,GRSE,GARDEN REACH SHIP&ENG LTD,2564.0,2571.1,2513.6,2530.2,2565.5,327932
2026-09-01,GARUDA,GARUDA CONSTRUCT N ENG L,173.0,180.5,171.54,179.85,171.61,782142
2026-09-01,GRWRHITECH,GARWARE HI-TECH FILMS LTD,7107.0,7288.0,7104.0,7209.5,7137.5,30911
2026-09-01,GARFIBRES,GARWARE TECH FIBRES LTD,813.85,852.0,808.3,842.7,813.85,90917
2026-09-01,GATEWAY,GATEWAY DISTRIPARKS LTD,53.95,53.95,52.5,52.86,53.79,1270338
2026-09-01,GAYAHWS,GAYATRI HIGHWAYS LIMITED,2.05,2.1,1.96,2.02,1.96,371576
2026-09-01,GAYAPROJ,GAYATRI PROJECTS LTD,21.8,21.89,20.59,20.69,21.63,400454
2026-09-01,GVPIL,GE POWER INDIA LIMITED,627.4,638.0,620.0,622.55,627.4,107768
2026-09-01,GVT&D,GE VERNOVA T&D INDIA LTD,4400.0,4400.0,4268.8,4324.0,4445.2,1044144
2026-09-01,GEEKAYWIRE,GEEKAY WIRES LIMITED,28.15,29.8,27.05,29.09,26.7,867412
2026-09-01,GEMAROMA,GEM AROMATICS LIMITED,169.5,169.5,166.0,166.69,168.26,56296
2026-09-01,GICRE,GENERAL INS CORP OF INDIA,356.5,359.4,354.0,354.75,354.75,1430980
2026-09-01,GENCON,GENERIC ENG CONS PROJ LTD,47.75,47.85,43.81,44.93,47.23,312963
2026-09-01,GENESYS,GENESYS INTL CORPN LTD,227.35,234.25,220.89,225.93,227.35,592909
2026-09-01,GENUSPAPER,GENUS P&B LIMITED,12.12,12.5,11.9,11.99,12.12,83707
2026-09-01,GENUSPOWER,GENUS POWER INFRASTRU LTD,336.9,337.95,324.1,327.9,335.2,2515432
2026-09-01,GEOJITFSL,GEOJIT FINANCIAL SER L,82.79,84.09,82.15,83.22,83.32,272219
2026-09-01,GFLLIMITED,GFL LIMITED,53.8,57.6,53.8,56.3,54.17,109094
2026-09-01,GHCL,GHCL LIMITED,436.05,440.0,433.3,435.6,437.8,108022
2026-09-01,GHCLTEXTIL,GHCL TEXTILES LIMITED,136.0,144.0,135.02,140.45,134.77,2290225
2026-09-01,GICHSGFIN,GIC HOUSING FINANCE LTD,139.99,144.9,138.02,141.95,139.19,105049
2026-09-01,GILLANDERS,GILLANDERS ARBUTHNOT LTD,106.16,109.0,103.63,105.83,105.52,7145
2026-09-01,GILLETTE,GILLETTE INDIA LTD,7325.0,7437.0,7255.0,7419.5,7329.0,16392
2026-09-01,GKENERGY,GK ENERGY LIMITED,133.18,134.8,130.56,132.08,133.18,302913
2026-09-01,GKB,GKB OPHTHALMICS LTD.,67.44,67.44,67.0,67.0,66.09,37
2026-09-01,GKWLIMITED,GKW LIMITED,1558.9,1564.9,1505.5,1550.0,1524.7,692
2026-09-01,GLAND,GLAND PHARMA LIMITED,2885.7,2928.6,2859.3,2875.0,2885.8,257559
2026-09-01,GLAXO,GLAXOSMITHKLINE PHARMA LT,3040.0,3040.1,2966.4,2996.1,3050.1,89863
2026-09-01,GLENMARK,GLENMARK PHARMACEUTICALS,2480.0,2494.9,2455.0,2470.4,2480.0,679565
2026-09-01,GLOBAL,GLOBAL EDUCATION LIMITED,105.1,111.89,105.1,110.14,107.02,76188
2026-09-01,MEDANTA,GLOBAL HEALTH LIMITED,1480.9,1500.1,1448.2,1458.1,1479.7,256307
2026-09-01,GSLSU,GLOBAL SURFACES LIMITED,25.73,26.23,24.45,24.52,25.73,307658
2026-09-01,GLOBALVECT,GLOBAL VEC HELICORP LTD,142.89,147.0,140.05,142.2,142.51,3044
2026-09-01,GLOBALE,GLOBALE TESSILE LIMITED,11.5,11.5,11.1,11.2,11.5,3419
2026-09-01,GLOBECIVIL,GLOBE CIVIL PROJECTS LTD,46.69,48.4,45.6,46.21,46.69,129549
2026-09-01,GLOBE,GLOBE ENTERPRISE (I) LTD,1.95,1.96,1.88,1.9,1.93,901436
2026-09-01,GICL,GLOBE INTL CARRIERS LTD,23.55,23.89,23.11,23.74,23.84,332495
2026-09-01,GLOBUSSPR,GLOBUS SPIRITS LTD,919.8,924.0,910.0,914.95,917.3,122377
2026-09-01,GLOSTERLTD,GLOSTER LIMITED,604.9,604.9,590.5,591.5,589.9,361
2026-09-01,GLOTTIS,GLOTTIS LIMITED,63.26,64.0,62.51,63.01,63.76,67595
2026-09-01,GMMPFAUDLR,GMM PFAUDLER LIMITED,1047.0,1109.0,1024.8,1083.8,1042.45,393281
2026-09-01,GMRAIRPORT,GMR AIRPORTS LIMITED,95.5,96.3,93.08,94.12,93.63,19748938
2026-09-01,GMRP&UI,GMR POW AND URBAN INFRA L,91.34,92.0,89.25,89.91,90.31,1140376
2026-09-01,GNA,GNA AXLES LIMITED,544.9,544.9,524.0,532.45,539.85,190305
2026-09-01,EBGNG,GNG ELECTRONICS LIMITED,621.4,669.1,606.3,650.5,612.5,1922207
2026-09-01,GODIGIT,GO DIGIT GENERAL INS LTD,257.4,262.0,252.1,260.75,257.4,167036
2026-09-01,GOCOLORS,GO FASHION INDIA LTD,330.0,333.65,320.0,323.45,327.85,134208
2026-09-01,GOACARBON,GOA CARBON LIMITED,370.0,379.0,367.05,369.05,369.55,14805
2026-09-01,GOCLCORP,GOCL CORPORATION LIMITED,389.9,395.0,384.05,387.35,392.5,21846
2026-09-01,GODAVARIB,GODAVARI BIOREFINERIES L,234.35,237.21,231.29,234.95,234.35,64800
2026-09-01,GPIL,GODAWARI POW & ISP LTD,245.0,245.39,239.1,243.41,243.67,1079861
2026-09-01,GODFRYPHLP,GODFREY PHILLIPS INDIA LT,2104.8,2118.7,2072.0,2078.3,2104.8,137521
2026-09-01,GODREJAGRO,GODREJ AGROVET LIMITED,650.0,695.6,633.7,654.4,615.3,10860764
2026-09-01,GODREJCP,GODREJ CONSUMER PRODUCTS,901.3,905.65,891.1,905.0,901.3,691129
2026-09-01,GODREJIND,GODREJ INDUSTRIES LTD,1134.9,1215.9,1128.5,1152.9,1134.5,465955
2026-09-01,GODREJPROP,GODREJ PROPERTIES LTD,2023.2,2023.2,1965.0,1978.0,2014.7,329259
2026-09-01,GOKEX,GOKALDAS EXPORTS LTD.,780.9,786.2,772.65,780.5,780.9,124248
2026-09-01,GOKULAGRO,GOKUL AGRO RESOURCES LTD,245.6,245.6,235.01,236.58,244.1,430312
2026-09-01,GOKUL,GOKUL REFOILS & SOLV LTD,41.2,42.26,40.38,41.53,41.65,256692
2026-09-01,GOLDIAM,GOLDIAM INTERNATIONAL LTD,348.9,349.05,340.85,342.4,348.65,348336
2026-09-01,GOODLUCK,GOODLUCK INDIA LIMITED,465.0,465.15,450.0,452.9,464.4,393025
2026-09-01,GOODYEAR,GOODYEAR INDIA LIMITED,743.35,743.35,732.05,736.25,743.35,4047
2026-09-01,GOPAL,GOPAL SNACKS LIMITED,273.0,277.9,269.1,270.3,274.75,165765
2026-09-01,GOYALALUM,GOYAL ALUMINIUMS LIMITED,6.42,6.42,6.26,6.29,6.28,31214
2026-09-01,GPTHEALTH,GPT HEALTHCARE LIMITED,151.75,153.29,151.0,151.63,153.01,40575
2026-09-01,GPTINFRA,GPT INFRAPROJECTS LTD,110.55,111.59,107.35,107.72,110.66,111339
2026-09-01,GRADIENTE,GRADIENTE INFOTAINMENT L,2.62,2.62,2.57,2.59,2.59,405560
2026-09-01,GRANDOAK,GRAND OAK CANYONS DIST L,36.7,37.0,35.15,36.23,36.43,369
2026-09-01,GRANULES,GRANULES INDIA LIMITED,828.5,840.9,824.1,837.2,828.5,346212
2026-09-01,GRAPHITE,GRAPHITE INDIA LTD,706.8,755.5,706.8,732.9,702.55,6472464
2026-09-01,GRASIM,GRASIM INDUSTRIES LTD,3337.0,3337.0,3287.1,3305.0,3371.0,818556
2026-09-01,GRAUWEIL,GRAUER & WEIL IND LTD,72.4,72.4,68.75,69.25,71.63,409135
2026-09-01,GRAVISSHO,GRAVISS HOSPITALITY LTD.,29.99,29.99,27.9,28.2,29.82,11098
2026-09-01,GRAVITA,GRAVITA INDIA LIMITED,1798.0,1822.1,1771.0,1781.9,1800.2,123419
2026-09-01,GREAVESCOT,GREAVES COTTON LTD.,197.8,199.99,194.03,197.8,197.8,1030615
2026-09-01,GREENLAM,GREENLAM INDUSTRIES LTD.,246.2,247.6,241.4,242.61,247.9,64371
2026-09-01,GREENPANEL,GREENPANEL INDUSTRIES LTD,158.49,164.1,157.32,160.09,156.58,1371358
2026-09-01,GREENPLY,GREENPLY INDUSTRIES LTD,290.0,291.6,285.5,286.2,290.2,56331
2026-09-01,GCSL,GRETEX CORPORATE SERVICES,555.95,564.5,551.0,562.9,556.55,484271
2026-09-01,GRINDWELL,GRINDWELL NORTON LIMITED,2012.9,2014.7,1965.2,1983.3,2023.0,31019
2026-09-01,GRMOVER,GRM OVERSEAS LIMITED,86.51,87.06,85.05,85.29,86.47,1039802
2026-09-01,CEMNTGROWW,GROWWAMC - CEMNTGROWW,14.89,14.98,14.52,14.68,14.73,191871
2026-09-01,GROWWCAPM,GROWWAMC - GROWWCAPM,11.5,11.57,11.31,11.37,11.5,435784
2026-09-01,GROWWCHEM,GROWWAMC - GROWWCHEM,30.78,30.78,29.91,30.0,30.59,60572
2026-09-01,GROWWDEFNC,GROWWAMC - GROWWDEFNC,97.29,97.46,96.01,96.75,97.29,246944
2026-09-01,GROWWEV,GROWWAMC - GROWWEV,34.06,34.06,32.85,33.17,33.39,605315
2026-09-01,GROWWGOLD,GROWWAMC - GROWWGOLD,15.37,15.37,14.77,14.8,15.0,1597880
2026-09-01,GROWWHOSPI,GROWWAMC - GROWWHOSPI,52.43,52.63,52.03,52.21,52.4,655640
2026-09-01,GROWWLIQID,GROWWAMC - GROWWLIQID,110.58,110.59,110.58,110.58,110.56,241149
2026-09-01,GROWWLOVOL,GROWWAMC - GROWWLOVOL,10.41,10.45,10.25,10.38,10.42,10649
2026-09-01,GROWWMC150,GROWWAMC - GROWWMC150,235.03,239.23,233.85,234.07,235.7,548
2026-09-01,GROWWMETAL,GROWWAMC - GROWWMETAL,12.74,12.74,12.43,12.52,12.62,286061
2026-09-01,GROWWMOM50,GROWWAMC - GROWWMOM50,11.33,11.33,10.93,11.02,11.12,343659
2026-09-01,GROWWN200,GROWWAMC - GROWWN200,11.3,11.49,11.22,11.28,11.4,38858
2026-09-01,GROWWNET,GROWWAMC - GROWWNET,11.04,11.04,10.69,10.77,10.84,471216
2026-09-01,GROWWNIFTY,GROWWAMC - GROWWNIFTY,9.88,9.88,9.71,9.72,9.74,530939
2026-09-01,GROWWNXT50,GROWWAMC - GROWWNXT50,73.65,73.85,73.0,73.35,73.7,5394
2026-09-01,GROWWPOWER,GROWWAMC - GROWWPOWER,11.49,11.49,11.12,11.16,11.19,1670679
2026-09-01,GROWWPSE,GROWWAMC - GROWWPSE,97.0,98.48,96.4,96.64,97.17,3550
2026-09-01,GROWWPSUBK,GROWWAMC - GROWWPSUBK,85.5,86.29,85.0,85.46,85.82,4678
2026-09-01,GROWWRAIL,GROWWAMC - GROWWRAIL,28.44,28.44,28.1,28.17,28.21,393033
2026-09-01,GROWWRLTY,GROWWAMC - GROWWRLTY,10.03,10.11,9.91,9.96,10.05,233558
2026-09-01,GROWWSC250,GROWWAMC - GROWWSC250,10.84,10.84,10.56,10.65,10.63,81553
2026-09-01,GROWWSLVR,GROWWAMC - GROWWSLVR,23.43,23.43,22.22,22.27,22.86,1786480
2026-09-01,PVTBKGROWW,GROWWAMC - PVTBKGROWW,28.22,28.22,27.51,27.73,27.92,17433
2026-09-01,SMALLGROWW,GROWWAMC - SMALLGROWW,49.96,49.96,48.76,49.1,48.98,3685
2026-09-01,GRPLTD,GRP LIMITED,1970.4,2040.0,1959.9,2025.6,1965.5,1864
2026-09-01,GSPCROP,GSP CROP SCIENCE LIMITED,631.25,645.0,597.15,621.7,639.5,187642
2026-09-01,GSS,GSS INFOTECH LIMITED,12.12,12.43,11.75,11.9,12.12,288106
2026-09-01,GTLINFRA,GTL INFRA.LTD,1.18,1.19,1.15,1.15,1.17,52128924
2026-09-01,GTL,GTL LTD,7.2,7.28,7.04,7.07,7.21,194118
2026-09-01,GTPL,GTPL HATHWAY LIMITED,57.98,57.98,56.5,57.14,57.73,46295
2026-09-01,GUFICBIO,GUFIC BIOSCIENCES LTD.,416.35,426.25,414.6,421.05,416.35,97459
2026-09-01,GIPCL,GUJ IND POW CO. LTD,198.0,201.5,196.0,198.8,199.36,488311
2026-09-01,GNFC,GUJ NAR VAL FER & CHEM L,577.0,586.5,572.55,576.0,574.75,379437
2026-09-01,GSFC,GUJ STATE FERT & CHEM LTD,158.0,160.17,157.55,158.75,158.15,833892
2026-09-01,GUJAPOLLO,GUJ. APOLLO IND. LTD.,348.1,349.5,333.15,335.65,340.85,22857
2026-09-01,GUJALKALI,GUJARAT ALKALIES & CHEM,699.9,735.0,699.9,713.3,699.4,143928
2026-09-01,GAEL,GUJARAT AMBUJA EXPORTS LT,174.1,176.45,169.61,172.03,176.92,829190
2026-09-01,GUJENERGY,GUJARAT ENERGY LIMITED,248.9,257.98,248.9,254.3,247.7,1912693
2026-09-01,FLUOROCHEM,GUJARAT FLUOROCHEM LTD,4709.9,4820.0,4684.3,4740.1,4693.5,88065
2026-09-01,GKSL,GUJARAT KIDNEY N SUP SP L,159.35,169.0,156.66,162.45,158.14,1728913
2026-09-01,GLFL,GUJARAT LEASE FINANCING L,6.17,6.17,5.66,5.93,5.9,4749
2026-09-01,GMDCLTD,GUJARAT MINERAL DEV CORP,564.7,573.9,558.8,562.25,563.05,1018206
2026-09-01,GNRL,GUJARAT NATURAL RES L,95.47,97.0,94.5,95.56,95.47,39190
2026-09-01,GPPL,GUJARAT PIPAVAV PORT LTD,168.9,170.7,168.0,169.02,167.56,2611554
2026-09-01,GUJRAFFIA,GUJARAT RAFFIA INDUST LTD,40.04,41.99,39.45,39.96,40.04,1245
2026-09-01,GUJTHEM,GUJARAT THEMIS BIOSYN LTD,423.9,426.95,415.0,419.95,422.2,705471
2026-09-01,GULFOILLUB,GULF OIL LUB. IND. LTD.,1129.1,1143.7,1119.2,1132.8,1121.8,56441
2026-09-01,GULPOLY,GULSHAN POLYOLS LIMITED,190.56,193.3,186.21,188.28,190.53,214258
2026-09-01,GVPTECH,GVP INFOTECH LIMITED,8.75,8.94,8.16,8.23,8.59,110129
2026-09-01,GYFTR,GYFTR LIMITED,174.5,188.0,170.0,182.15,174.63,216367
2026-09-01,HBESD,H B ESTATE DEVELOPERS L,75.0,75.95,75.0,75.27,75.0,528
2026-09-01,HGINFRA,H.G.INFRA ENGINEERING LTD,486.15,489.95,480.35,481.85,490.05,65514
2026-09-01,HALDER,HALDER VENTURE LIMITED,310.0,310.0,272.8,292.25,290.2,23233
2026-09-01,HALEOSLABS,HALEOS LABS LIMITED,1542.0,1542.0,1465.0,1480.0,1464.8,1374
2026-09-01,HAMPTON,HAMPTON SKY REALTY LTD.,8.31,8.31,8.0,8.03,8.27,9867
2026-09-01,HGM,HANDSON GBL MNGMNT LTD,46.6,50.8,44.6,48.67,45.1,47035
2026-09-01,HAPPSTMNDS,HAPPIEST MINDS TECHNO LTD,404.0,404.0,356.95,362.7,406.95,15538393
2026-09-01,HAPPYFORGE,HAPPY FORGINGS LIMITED,2449.0,2470.0,2345.0,2420.4,2412.0,132544
2026-09-01,HARDWYN,HARDWYN INDIA LIMITED,9.05,9.13,8.96,9.03,9.04,2835807
2026-09-01,HARIOMPIPE,HARIOM PIPE INDUSTRIES L,345.3,350.0,340.0,342.55,345.3,67406
2026-09-01,HRYNSHP,HARIYANA SHIP BREAKERS L,102.65,102.68,97.8,100.05,102.67,1116
2026-09-01,HARRMALAYA,HARRISON MALAYALAM LTD,200.0,200.0,190.45,193.07,196.9,10983
2026-09-01,HARSHA,HARSHA ENGINEERS INT LTD,460.0,460.0,443.25,453.7,455.9,348002
2026-09-01,HATHWAY,HATHWAY CABLE & DATACOM,10.69,10.7,10.45,10.5,10.64,1072807
2026-09-01,HATSUN,HATSUN AGRO PRODUCT LTD.,1175.1,1219.4,1156.0,1178.5,1190.45,121102
2026-09-01,HAVELLS,HAVELLS INDIA LIMITED,1229.0,1229.0,1212.2,1222.8,1244.1,1005951
2026-09-01,HAWKINCOOK,HAWKINS COOKERS LTD,8160.0,8235.0,8101.0,8152.0,8116.5,346
2026-09-01,HAZOOR,HAZOOR MULTI PROJECTS LTD,19.75,19.97,19.2,19.39,19.73,133778
2026-09-01,HBPOR,HB PORTFOLIO LTD.,58.91,61.5,58.91,59.99,60.46,1424
2026-09-01,HBSL,HB STOCKHOLDINGS LIMITED,54.61,55.0,53.73,54.06,53.54,350
2026-09-01,HBLENGINE,HBL ENGINEERING LTD,657.35,669.4,653.2,659.2,657.35,709804
2026-09-01,HCL-INSYS,HCL INFOSYSTEMS LTD,10.85,10.93,10.35,10.46,10.74,168664
2026-09-01,HCLTECH,HCL TECHNOLOGIES LTD,1316.1,1368.0,1313.1,1351.4,1312.2,4031856
2026-09-01,HDBFS,HDB FINANCIAL SERVICES L,677.25,680.35,668.0,675.3,682.35,1611454
2026-09-01,HDFCAMC,HDFC AMC LIMITED,2580.5,2580.5,2526.0,2544.9,2622.1,936933
2026-09-01,HDFCBANK,HDFC BANK LTD,705.05,715.45,698.5,711.9,709.0,44417092
2026-09-01,HDFCGOLD,HDFC GOLD ETF,135.11,135.11,129.5,129.71,131.82,5938508
2026-09-01,HDFCLIFE,HDFC LIFE INS CO LTD,540.0,544.25,537.4,540.3,543.35,3064468
2026-09-01,HDFCBSE500,HDFCAMC - HDFCBSE500,38.0,38.16,37.46,37.56,37.82,1255609
2026-09-01,HDFCGROWTH,HDFCAMC - HDFCGROWTH,121.08,121.78,119.13,120.24,121.23,93296
2026-09-01,HDFCLIQUID,HDFCAMC - HDFCLIQUID,1076.12,1076.14,1076.12,1076.13,1076.0,12014
2026-09-01,HDFCLOWVOL,HDFCAMC - HDFCLOWVOL,20.73,20.77,20.62,20.69,20.73,14000
2026-09-01,HDFCMID150,HDFCAMC - HDFCMID150,23.8,23.95,23.49,23.56,23.64,244263
2026-09-01,HDFCMOMENT,HDFCAMC - HDFCMOMENT,31.51,31.57,30.92,31.01,31.33,219655
2026-09-01,HDFCNEXT50,HDFCAMC - HDFCNEXT50,75.49,75.49,73.63,74.14,75.02,357190
2026-09-01,HDFCNIF100,HDFCAMC - HDFCNIF100,26.72,26.72,25.92,26.0,26.11,28828
2026-09-01,HDFCNIFBAN,HDFCAMC - HDFCNIFBAN,59.15,59.5,58.87,59.0,59.15,79841
2026-09-01,HDFCNIFIT,HDFCAMC - HDFCNIFIT,33.09,33.65,32.97,33.43,32.97,767263
2026-09-01,HDFCNIFTY,HDFCAMC - HDFCNIFTY,265.06,272.53,265.06,270.87,271.86,67866
2026-09-01,HDFCNIMEG,HDFCAMC - HDFCNIMEG,132.39,133.39,131.16,131.69,132.29,32828
2026-09-01,HDFCPVTBAN,HDFCAMC - HDFCPVTBAN,28.79,28.79,28.11,28.14,28.26,528261
2026-09-01,HDFCQUAL,HDFCAMC - HDFCQUAL,59.68,59.89,59.05,59.14,59.05,6295
2026-09-01,HDFCSENSEX,HDFCAMC - HDFCSENSEX,87.01,88.6,87.01,87.38,87.29,39852
2026-09-01,HDFCSILVER,HDFCAMC - HDFCSILVER,223.89,223.89,217.0,217.42,223.01,5724309
2026-09-01,HDFCSML250,HDFCAMC - HDFCSML250,186.18,187.29,184.15,185.65,185.36,7719160
2026-09-01,HDFCVALUE,HDFCAMC - HDFCVALUE,125.62,126.17,125.15,125.56,125.63,1384
2026-09-01,HDFCPSUBK,HDFCAMC HDFCPSUBK,86.36,86.79,84.64,85.73,86.14,40291
2026-09-01,HEADSUP,HEADS UP VENTURES LIMITED,6.9,6.9,6.72,6.85,6.87,355
2026-09-01,HEALTHX,HEALTH X PLATFORM LIMITED,304.6,305.0,295.3,297.9,301.4,3582
2026-09-01,HCG,HEALTHCARE GLOB. ENT. LTD,735.0,737.95,701.5,704.4,733.3,270089
2026-09-01,HECPROJECT,HEC INFRA PROJECTS LTD,119.57,121.49,115.53,116.37,119.57,4575
2026-09-01,HEG,HEG LTD,732.4,753.9,721.1,729.9,728.8,3707105
2026-09-01,HEIDELBERG,HEIDELBERGCEMENT (I) LTD,157.7,159.99,157.7,158.1,157.41,204831
2026-09-01,HEMIPROP,HEMISPHERE PROP IND LTD,128.12,128.8,126.7,127.15,128.72,154322
2026-09-01,HERANBA,HERANBA INDUSTRIES LTD,172.58,180.0,170.59,175.96,172.58,75220
2026-09-01,HERITGFOOD,HERITAGE FOODS LTD,362.55,364.5,351.5,353.7,361.3,199186
2026-09-01,HEROMOTOCO,HERO MOTOCORP LIMITED,5610.0,5659.0,5495.5,5555.0,5450.0,1231011
2026-09-01,HESTERBIO,HESTER BIOSCIENCES LTD,2257.5,2283.3,2182.0,2200.5,2258.9,5008
2026-09-01,HEXATRADEX,HEXA TRADEX LIMITED,161.29,161.29,158.25,158.72,160.49,720
2026-09-01,HEXT,HEXAWARE TECHNOLOGIES LTD,555.5,555.5,543.8,551.1,554.75,132636
2026-09-01,HFCL,HFCL LIMITED,252.0,252.9,236.64,236.64,249.09,12772540
2026-09-01,HITECH,HI-TECH PIPES LIMITED,78.95,80.9,78.8,79.67,78.95,484384
2026-09-01,HILINFRA,HIGHWAY INFRASTRUCTURE L,44.99,44.99,43.92,44.19,44.53,70388
2026-09-01,HIKAL,HIKAL LIMITED,201.0,205.0,197.01,198.54,201.41,211546
2026-09-01,HILTON,HILTON METAL FORGING LTD,19.11,19.99,19.11,19.32,19.33,70590
2026-09-01,HSCL,HIMADRI SPECIALITY CHEM L,660.35,684.55,650.1,680.85,659.2,14160503
2026-09-01,HIMATSEIDE,HIMATSINGKA SEIDE LTD,69.53,70.5,68.69,69.27,69.5,304253
2026-09-01,HINDALUMI,HIND ALUMINIUM INDS. LTD.,97.0,100.5,95.0,97.8,97.39,21225
2026-09-01,HINDALCO,HINDALCO  INDUSTRIES  LTD,1023.0,1033.9,1010.0,1014.4,1015.45,2765114
2026-09-01,HINDCON,HINDCON CHEMICALS LIMITED,24.6,24.6,23.1,23.47,23.57,18087
2026-09-01,HPIL,HINDPRAKASH INDUSTRY LTD,122.35,124.8,120.2,121.17,122.35,893
2026-09-01,HGS,HINDUJA GLOBAL SOLS. LTD.,400.55,402.15,391.0,393.7,400.55,20971
2026-09-01,HINDADH,HINDUSTAN ADHESIVES LTD.,348.05,357.45,345.0,346.1,347.8,2683
2026-09-01,HAL,HINDUSTAN AERONAUTICS LTD,4801.6,4819.6,4771.6,4807.6,4801.6,492865
2026-09-01,HINDCOMPOS,HINDUSTAN COMPOSITES LTD.,404.0,410.0,404.0,405.2,407.5,1452
2026-09-01,HCC,HINDUSTAN CONSTRUCTION CO,23.88,24.25,23.17,23.36,23.83,30351930
2026-09-01,HINDCOPPER,HINDUSTAN COPPER LTD,529.3,536.9,517.0,526.65,525.35,13697101
2026-09-01,HNDFDS,HINDUSTAN FOODS LIMITED,672.0,672.0,640.0,644.1,658.2,56027
2026-09-01,HINDOILEXP,HINDUSTAN OIL EXPLORATION,162.45,174.99,162.0,169.0,162.06,2830998
2026-09-01,HINDPETRO,HINDUSTAN PETROLEUM CORP,361.0,364.55,358.1,363.1,365.75,1725511
2026-09-01,HINDUNILVR,HINDUSTAN UNILEVER LTD.,1987.0,2003.0,1980.0,1994.8,1967.4,922778
2026-09-01,HINDZINC,HINDUSTAN ZINC LIMITED,604.15,608.95,593.05,597.0,595.45,5675069
2026-09-01,HINDWAREAP,HINDWARE HME INOVATON LTD,187.0,190.55,181.2,182.11,186.98,127373
2026-09-01,HIRECT,HIRECT LIMITED,1215.8,1264.7,1203.8,1248.2,1221.9,54711
2026-09-01,HISARMETAL,HISAR METAL IND. LIMITED,154.55,166.0,151.56,159.54,157.34,2885
2026-09-01,POWERINDIA,HITACHI ENERGY INDIA LTD,33450.0,33450.0,32400.0,32640.0,33760.0,100880
2026-09-01,HLEGLAS,HLE GLASCOAT LIMITED,311.65,319.95,311.65,316.75,314.6,70734
2026-09-01,HLVLTD,HLV LIMITED,6.45,6.59,6.31,6.34,6.5,266885
2026-09-01,HMAAGRO,HMA AGRO INDUSTRIES LTD,20.9,21.11,20.78,20.92,20.98,640790
2026-09-01,HOMEFIRST,HOME FIRST FIN CO IND LTD,1160.0,1188.9,1151.9,1182.8,1164.7,112117
2026-09-01,HONASA,HONASA CONSUMER LIMITED,483.35,485.9,469.05,473.5,480.9,800865
2026-09-01,HONDAPOWER,HONDA I POWER PRODUCT LTD,2029.6,2029.6,1981.0,1993.4,2018.0,3548
2026-09-01,HONAUT,HONEYWELL AUTOMATION IND,35710.0,36320.0,35420.0,35580.0,35530.0,3376
2026-09-01,HORIZONIND,HORIZON INDUSTRIAL PRKS L,56.9,58.3,55.11,55.37,56.89,5863251
2026-09-01,HPAL,HP ADHESIVES LIMITED,35.49,35.49,34.2,34.93,35.0,35587
2026-09-01,HPL,HPL ELECTRIC & POWER LTD,301.6,306.1,296.85,299.8,303.1,84595
2026-09-01,HSBCGOLD,HSBCAMC - HSBCGOLD,134.5,134.5,131.7,132.04,133.84,6326
2026-09-01,HUDCO,HSG & URBAN DEV CORPN LTD,180.0,183.89,177.3,178.58,182.05,1726314
2026-09-01,HTMEDIA,HT MEDIA LIMITED,26.46,27.5,26.11,26.88,26.35,157208
2026-09-01,HUBTOWN,HUBTOWN LIMITED,182.0,182.95,179.03,180.33,182.3,198378
2026-09-01,HUHTAMAKI,HUHTAMAKI INDIA LIMITED,263.2,263.2,253.5,258.95,262.9,116595
2026-09-01,HYUNDAI,HYUNDAI MOTOR INDIA LTD,2227.0,2260.0,2156.2,2179.8,2205.0,604868
2026-09-01,IGPL,I G PETROCHEMICALS LTD,535.1,552.9,532.05,548.35,534.8,124180
2026-09-01,ISTLTD,I S T LTD.,640.0,669.3,605.0,646.15,645.55,854
2026-09-01,ICDSLTD,ICDS LTD,40.41,49.22,39.51,49.22,41.02,31810
2026-09-01,ICEMAKE,ICE MAKE REFRIGERAT LTD,752.45,752.45,730.0,733.45,749.3,9026
2026-09-01,ICICIBANK,ICICI BANK LTD.,1442.9,1446.7,1422.8,1438.0,1454.0,10627608
2026-09-01,ICICIGI,ICICI LOMBARD GIC LIMITED,1565.0,1573.4,1542.3,1566.9,1566.9,446492
2026-09-01,LOWVOLIETF,ICICI PR NIF LW VL 30 ETF,22.61,22.61,22.0,22.13,22.17,1340431
2026-09-01,ICICIPRULI,ICICI PRU LIFE INS CO LTD,507.0,507.0,495.0,495.45,517.05,2199838
2026-09-01,MIDSELIETF,ICICI PRUD MIDCAP SEL ETF,20.38,20.39,19.5,19.97,20.05,381010
2026-09-01,NIF100IETF,ICICI PRUD NIFTY 100 ETF,28.12,28.25,28.0,28.06,28.13,70667
2026-09-01,NIFTYIETF,ICICI PRUD NIFTY ETF,277.4,277.4,271.81,272.12,273.42,544523
2026-09-01,SENSEXIETF,ICICI PRUD SENSEX ETF,881.91,890.0,881.91,885.91,887.02,4948
2026-09-01,ICICIAMC,ICICI PRUDENTIAL AMC LTD,3069.9,3071.9,3008.0,3038.1,3065.1,835278
2026-09-01,GOLDIETF,ICICI PRUDENTIAL GOLD ETF,134.0,134.0,129.55,129.73,131.72,7664223
2026-09-01,NV20IETF,ICICI PRUDENTIAL NV20 ETF,13.83,13.83,13.5,13.55,13.56,278349
2026-09-01,ICICIB22,ICICIPRAMC - BHARATIWIN,112.2,116.0,112.2,113.64,113.78,534195
2026-09-01,CASHIETF,ICICIPRAMC - CASHIETF,1079.65,1079.65,1077.71,1077.71,1077.58,140831
2026-09-01,EVIETF,ICICIPRAMC - EVIETF,33.6,33.63,32.92,33.1,33.54,124434
2026-09-01,GSEC10IETF,ICICIPRAMC - ICICI10GS,265.05,265.05,262.01,263.5,265.71,6819
2026-09-01,BSE500IETF,ICICIPRAMC - ICICI500,39.67,39.7,39.42,39.51,39.67,160624
2026-09-01,GSEC5IETF,ICICIPRAMC - ICICI5GSEC,66.0,66.84,65.91,66.01,66.01,729
2026-09-01,ALPL30IETF,ICICIPRAMC - ICICIALPLV,27.91,28.09,27.67,27.77,27.92,435315
2026-09-01,AUTOIETF,ICICIPRAMC - ICICIAUTO,30.03,30.15,29.32,29.46,29.96,723144
2026-09-01,PVTBANIETF,ICICIPRAMC - ICICIBANKP,28.1,28.23,27.6,27.93,28.05,3850107
2026-09-01,COMMOIETF,ICICIPRAMC - ICICICOMMO,99.32,99.48,98.5,98.85,98.9,30625
2026-09-01,CONSUMIETF,ICICIPRAMC - ICICICONSU,122.65,123.3,121.7,122.08,122.56,8727
2026-09-01,FMCGIETF,ICICIPRAMC - ICICIFMCG,50.25,50.5,49.7,49.78,50.1,4747626
2026-09-01,INFRAIETF,ICICIPRAMC - ICICIINFRA,94.6,95.59,94.18,94.49,94.6,834793
2026-09-01,LIQUIDIETF,ICICIPRAMC - ICICILIQ,1000.0,1000.01,999.99,999.99,999.99,410103
2026-09-01,MIDCAPIETF,ICICIPRAMC - ICICIM150,24.36,24.39,24.01,24.1,24.25,903571
2026-09-01,MOM30IETF,ICICIPRAMC - ICICIMOM30,32.32,32.32,31.0,31.29,31.54,619898
2026-09-01,NEXT50IETF,ICICIPRAMC - ICICINXT50,78.05,78.05,76.76,77.02,77.4,562721
2026-09-01,HEALTHIETF,ICICIPRAMC - ICICIPHARM,172.77,172.77,170.56,171.16,171.07,87858
2026-09-01,QUAL30IETF,ICICIPRAMC - ICICIQTY30,21.32,23.0,21.03,21.49,21.22,48546
2026-09-01,SILVERIETF,ICICIPRAMC - ICICISILVE,233.69,233.96,227.02,227.47,233.18,3784482
2026-09-01,ITIETF,ICICIPRAMC - ICICITECH,34.47,35.05,34.31,34.8,34.31,745507
2026-09-01,INSUREIETF,ICICIPRAMC - INSUREIETF,15.3,15.75,15.15,15.43,15.3,586610
2026-09-01,BANKIETF,ICICIPRAMC - IPRU5008,58.85,59.34,58.71,58.9,59.03,677022
2026-09-01,METALIETF,ICICIPRAMC - METALIETF,13.12,13.48,13.12,13.23,13.33,6560445
2026-09-01,OILIETF,ICICIPRAMC - OILIETF,11.22,11.33,11.2,11.27,11.22,736794
2026-09-01,PSUBNKIETF,ICICIPRAMC - PSUBANKICI,86.47,87.1,86.01,86.24,86.54,68390
2026-09-01,SMALLIETF,ICICIPRAMC - SMALLIETF,18.08,18.54,18.08,18.47,18.45,20220
2026-09-01,TOP15IETF,ICICIPRAMC - TOP15IETF,9.95,10.0,9.83,9.86,9.86,63958
2026-09-01,VAL30IETF,ICICIPRAMC - VAL30IETF,15.06,15.24,15.03,15.08,15.08,382469
2026-09-01,FINIETF,ICICIPRAMC-ICICIFIN,33.09,33.09,32.56,32.65,32.99,303728
2026-09-01,ICRA,ICRA LIMITED,4928.2,5023.0,4922.5,5011.9,4916.4,31390
2026-09-01,IDBI,IDBI BANK LIMITED,91.3,94.15,89.25,92.06,90.88,11861429
2026-09-01,IDEAFORGE,IDEAFORGE TECHNO LTD,795.25,809.0,777.6,783.6,795.25,305312
2026-09-01,IDFCFIRSTB,IDFC FIRST BANK LIMITED,85.2,85.2,84.1,84.9,85.97,11579195
2026-09-01,IFBAGRO,IFB AGRO INDUSTRIES LTD,910.5,929.2,880.35,899.4,899.2,8956
2026-09-01,IFBIND,IFB INDUSTRIES LTD,1331.4,1338.9,1291.2,1301.4,1331.4,59069
2026-09-01,IFCI,IFCI LTD,89.94,90.19,86.25,87.26,89.7,22192116
2026-09-01,IFGLEXPOR,IFGL REFRACTORIES LIMITED,210.05,213.02,207.0,207.91,210.37,22386
2026-09-01,IGARASHI,IGARASHI MOTORS INDIA LTD,416.5,428.0,416.0,421.05,419.95,51592
2026-09-01,IIFLCAPS,IIFL CAPITAL SERVICES LTD,337.2,342.8,334.5,340.15,336.95,869199
2026-09-01,IIFL,IIFL FINANCE LIMITED,645.05,651.0,628.0,639.15,646.75,1501350
2026-09-01,IKIO,IKIO TECHNOLOGIES LIMITED,215.48,216.93,206.1,207.53,215.48,215560
2026-09-01,IVC,IL&FS INVESTMENT MANAGERS,9.06,9.47,9.06,9.32,9.05,1370966
2026-09-01,IMAGICAA,IMAGICAAWORLD ENT LTD,56.38,56.94,54.65,55.0,56.29,802066
2026-09-01,INCREDIBLE,INCREDIBLE INDUSTRIES LTD,32.49,33.14,32.1,32.81,32.04,9648
2026-09-01,IMPAL,IND MOTOR PART & ACC LTD,1050.0,1135.0,1050.0,1131.4,1072.6,7544
2026-09-01,INDSWFTLAB,IND SWIFT LABORATORIES LT,368.45,389.5,361.9,368.15,364.87,1383073
2026-09-01,INDTERRAIN,IND TERRAIN FASHIONS LTD,30.01,30.96,30.0,30.82,30.11,15764
2026-09-01,INDBANK,INDBANK MERCH BANK,31.75,31.75,31.12,31.27,31.64,22505
2026-09-01,BAJAJINDEF,INDEF MANUFACTURING LTD,218.1,228.0,218.1,224.51,220.61,11276
2026-09-01,INDGN,INDEGENE LIMITED,610.05,614.45,597.1,605.4,611.65,949276
2026-09-01,INDIAGLYCO,INDIA GLYCOLS LTD,1149.8,1173.7,1097.5,1111.7,1147.3,880527
2026-09-01,INDNIPPON,INDIA NIPPON ELECT  LTD,1050.6,1092.2,1045.1,1072.1,1050.6,16317
2026-09-01,IPL,INDIA PESTICIDES LIMITED,137.25,138.4,136.5,138.24,136.86,52476
2026-09-01,INDIASHLTR,INDIA SHELTER FIN CORP L,650.0,653.0,626.0,628.9,650.0,101042
2026-09-01,ITDC,INDIA TOUR. DEV. CO. LTD.,640.2,677.6,637.15,644.75,640.2,231214
2026-09-01,IBULLSLTD,INDIABULLS LIMITED,26.25,26.39,25.25,25.44,26.25,5991756
2026-09-01,INDIAMART,INDIAMART INTERMESH LTD,1757.0,1774.0,1757.0,1764.4,1755.4,33507
2026-09-01,INDIANB,INDIAN BANK,889.0,890.5,874.05,881.75,898.75,1602957
2026-09-01,INDIANCARD,INDIAN CARD CLOTHING CO.,210.0,212.9,208.0,211.47,208.68,2289
2026-09-01,IEX,INDIAN ENERGY EXC LTD,120.5,120.5,118.8,119.2,120.5,2633916
2026-09-01,INDIANHUME,INDIAN HUME PIPE CO. LTD.,380.65,381.7,370.1,372.15,380.9,28221
2026-09-01,IMFA,INDIAN METALS & FERRO,1322.3,1333.7,1296.0,1301.1,1317.6,110596
2026-09-01,IOC,INDIAN OIL CORP LTD,136.34,137.9,135.15,136.53,139.13,9536764
2026-09-01,IOB,INDIAN OVERSEAS BANK,32.5,32.51,32.06,32.27,32.47,1775290
2026-09-01,IRCTC,INDIAN RAIL TOUR CORP LTD,481.45,484.35,480.15,481.35,481.25,398860
2026-09-01,IRFC,INDIAN RAILWAY FIN CORP L,83.34,83.75,82.16,82.5,83.34,7766605
2026-09-01,IREDA,INDIAN RENEWABLE ENERGY,115.68,115.85,114.15,114.2,116.5,3727060
2026-09-01,IWP,INDIAN WOOD PRODUCTS CO L,36.5,36.5,34.2,34.49,34.89,1210
2026-09-01,INDIGOPNTS,INDIGO PAINTS LIMITED,1140.7,1188.0,1140.7,1172.4,1152.9,104762
2026-09-01,INDIQUBE,INDIQUBE SPACES LIMITED,189.4,192.39,185.11,190.05,191.8,215999
2026-09-01,INDOBORAX,INDO BORAX & CHEMICAL LTD,508.5,538.4,499.05,516.05,508.45,621600
2026-09-01,ICIL,INDO COUNT INDUSTRIES LTD,470.95,471.2,428.2,433.45,469.45,1222333
2026-09-01,INDOFARM,INDO FARM EQUIPMENT LTD,136.05,138.9,134.0,134.83,136.65,76570
2026-09-01,INDORAMA,INDO RAMA SYNTHETICS LTD,65.71,72.0,65.71,68.01,65.92,2138883
2026-09-01,INDOTECH,INDO TECH TRANSFORM LTD.,3711.3,3813.6,3690.9,3702.2,3703.3,18934
2026-09-01,INDOTHAI,INDO THAI SEC LTD,41.69,41.69,41.69,41.69,43.88,741668
2026-09-01,INDOUS,INDO US BIOTECH LTD,82.72,84.27,78.43,79.09,79.47,2288
2026-09-01,INDOMIM,INDO-MIM LIMITED,875.45,878.35,846.9,858.85,875.45,687363
2026-09-01,NIPPOBATRY,INDO-NATIONAL LIMITED,328.0,333.95,325.0,328.05,326.85,2111
2026-09-01,INDOCO,INDOCO REMEDIES LTD.,243.34,245.85,239.0,243.84,243.34,65892
2026-09-01,IGCL,INDOGULF CROPSCIENCES LTD,72.21,72.98,71.0,71.98,71.7,51999
2026-09-01,INDOKEM,INDOKEM LTD.,610.0,624.0,600.05,607.45,606.1,3222
2026-09-01,WAAREEINDO,INDOSOLAR LIMITED,268.8,275.6,263.0,268.1,268.7,78190
2026-09-01,INDOSTAR,INDOSTAR CAPITAL FIN LTD,253.66,259.99,250.0,252.08,249.3,406509
2026-09-01,INDOWIND,INDOWIND ENERGY LTD,9.2,9.26,9.02,9.04,9.24,55476
2026-09-01,IGL,INDRAPRASTHA GAS LTD,150.99,150.99,148.74,149.85,150.49,803681
2026-09-01,INDRAMEDCO,INDRAPRASTHA MEDICAL CORP,363.0,363.05,355.8,357.8,363.05,283282
2026-09-01,INDUSTOWER,INDUS TOWERS LIMITED,386.0,386.2,373.0,375.0,388.8,5558555
2026-09-01,INDUSINDBK,INDUSIND BANK LIMITED,1004.0,1004.0,985.0,992.6,1016.6,1742567
2026-09-01,INDPRUD,INDUSTRIAL & PRU INV CO L,6215.5,6375.0,6215.5,6232.0,6392.0,55
2026-09-01,IITL,INDUSTRIAL INV TRUST LTD,156.17,158.2,151.1,153.0,157.7,93467
2026-09-01,NAUKRI,INFO EDGE (I) LTD,1335.0,1371.7,1327.2,1356.0,1313.0,1564601
2026-09-01,INFOBEAN,INFOBEANS TECHNO. LTD.,160.0,161.82,156.2,157.52,161.47,378069
2026-09-01,INFOMEDIA,INFOMEDIA PRESS LIMITED,5.13,5.35,5.13,5.27,5.21,419
2026-09-01,INFY,INFOSYS LIMITED,1128.0,1156.0,1125.6,1156.0,1133.8,13516123
2026-09-01,INGERRAND,INGERSOLL-RAND INDIA LTD,4845.0,4847.4,4722.5,4794.0,4848.5,17247
2026-09-01,INNOVACAP,INNOVA CAPTAB LIMITED,1074.0,1107.9,1052.1,1068.1,1078.1,73347
2026-09-01,INNOVANA,INNOVANA THINKLABS LTD,309.0,314.9,299.95,300.0,304.35,1991
2026-09-01,INNOVISION,INNOVISION LIMITED,268.55,271.5,263.0,263.3,274.25,15103
2026-09-01,INOXGREEN,INOX GREEN ENERGY SER LTD,166.87,166.87,158.73,160.29,166.87,818326
2026-09-01,INOXINDIA,INOX INDIA LIMITED,2130.0,2200.0,2088.2,2165.9,2134.2,387635
2026-09-01,INOXWIND,INOX WIND LIMITED,70.37,70.37,69.1,69.5,70.37,8168944
2026-09-01,INSECTICID,INSECTICIDES (I) LTD,609.0,615.9,594.15,598.35,610.85,14085
2026-09-01,INA,INSOLATION ENERGY LIMITED,92.09,93.7,89.0,89.6,91.58,504829
2026-09-01,INSPIRISYS,INSPIRISYS SOLUTIONS LTD,89.5,92.4,85.9,86.21,89.04,6091
2026-09-01,ESSENTIA,INTEGRA ESSENTIA LIMITED,1.03,1.06,1.03,1.04,1.03,3144152
2026-09-01,INTELLECT,INTELLECT DESIGN ARENA,680.95,716.45,677.3,694.7,680.95,945906
2026-09-01,INTENTECH,INTENSE TECHNOLOGIES LTD,80.12,82.49,80.12,81.2,81.88,11321
2026-09-01,INTERARCH,INTERARCH BLDNG SOLTN LTD,1697.0,1759.8,1697.0,1722.6,1704.5,44677
2026-09-01,INDIGO,INTERGLOBE AVIATION LTD,5065.0,5106.5,5010.0,5052.0,5234.0,788457
2026-09-01,INTLCONV,INTL CONVEYORS LIMITED,80.8,81.74,78.15,79.51,79.48,44732
2026-09-01,IGIL,INTL GEMOLOGICAL INST LTD,346.0,346.0,337.05,339.75,340.95,357722
2026-09-01,ISFT,INTRASOFT TECH. LTD,94.39,96.85,92.13,93.21,94.39,124640
2026-09-01,INVENTURE,INVENTURE GRO & SEC LTD,0.96,0.96,0.92,0.92,0.95,1199919
2026-09-01,IKS,INVENTURUS KNOWLEDGE SO L,1770.0,1788.0,1725.0,1740.8,1734.3,142656
2026-09-01,IVZINGOLD,INVESCO INDIA GOLD ETF,137.2,137.2,131.25,131.9,133.9,15618
2026-09-01,IVZINNIFTY,INVESCO INDIA NIFTY ETF,268.61,277.33,268.61,275.76,275.5,180
2026-09-01,IOLCP,IOL CHEM AND PHARMA LTD,193.99,198.4,187.32,190.48,193.69,3579084
2026-09-01,IONEXCHANG,ION EXCHANGE (INDIA) LTD,363.0,373.0,360.75,367.6,363.85,222653
2026-09-01,IPRINGLTD,IP RINGS LTD.,159.9,187.0,150.3,176.7,156.78,115821
2026-09-01,IPCALAB,IPCA LABORATORIES LTD,1985.0,1994.2,1949.3,1987.6,1974.9,216317
2026-09-01,IRB,IRB INFRA DEV LTD.,19.39,19.58,19.06,19.35,19.36,28854306
2026-09-01,IRCON,IRCON INTERNATIONAL LTD,119.37,121.55,118.55,119.08,119.37,1273640
2026-09-01,IRISDOREME,IRIS CLOTHINGS LIMITED,58.39,58.89,57.5,57.85,58.48,670259
2026-09-01,IRIS,IRIS REGTECH SOLUTION LTD,249.99,254.8,242.52,250.04,248.97,28955
2026-09-01,IRMENERGY,IRM ENERGY LIMITED,290.0,290.0,278.0,280.4,284.8,72665
2026-09-01,ISGEC,ISGEC HEAVY ENG LTD,792.5,794.0,765.0,778.25,790.65,47878
2026-09-01,ISHANCH,ISHAN DYES N CHEMICALS L,44.4,45.06,43.67,44.22,43.62,21204
2026-09-01,ITCHOTELS,ITC HOTELS LIMITED,160.28,162.36,160.04,161.58,160.09,1333614
2026-09-01,ITC,ITC LTD,261.5,268.2,261.5,266.6,255.5,31258553
2026-09-01,ITI,ITI LTD,269.05,271.45,267.35,268.55,270.95,168047
2026-09-01,ITL,ITL INDUSTRIES LTD.,352.1,369.95,352.1,363.95,372.6,1366
2026-09-01,IVALUE,IVALUE INFOSOLUTIONS LTD,248.0,249.0,235.0,236.35,247.7,193304
2026-09-01,IZMO,IZMO LIMITED,833.0,916.3,818.4,916.3,833.0,399394
2026-09-01,J&KBANK,J & K BANK LTD.,146.7,148.88,146.3,147.38,147.68,2581059
2026-09-01,JGCHEM,J.G.CHEMICALS LIMITED,638.0,639.6,610.7,626.3,633.3,329827
2026-09-01,JAGRAN,JAGRAN PRAKASHAN LIMITED,61.43,61.61,60.87,61.17,61.08,163408
2026-09-01,JAGSNPHARM,JAGSONPAL PHARMACEUTICALS,241.0,244.38,237.31,239.63,240.84,64710
2026-09-01,JAIBALAJI,JAI BALAJI INDUSTRIES LTD,72.57,74.2,69.87,70.44,72.16,1174414
2026-09-01,JAICORPLTD,JAI CORP LIMITED,99.34,99.74,97.47,98.35,98.62,254379
2026-09-01,JISLDVREQS,JAIN DVR EQUITY SHARES,21.5,21.5,20.67,20.97,20.54,19539
2026-09-01,JISLJALEQS,JAIN IRRIGATION SYSTEMS,28.24,28.48,27.88,28.07,28.28,1469037
2026-09-01,JAINREC,JAIN RESOURCE RECYCLING L,276.8,293.7,276.8,280.7,276.8,3005766
2026-09-01,JPPOWER,JAIPRAKASH POWER VEN. LTD,16.45,17.04,16.41,16.56,16.45,41409814
2026-09-01,JAMNAAUTO,JAMNA AUTO IND LTD,121.4,123.7,119.5,120.85,121.4,1350968
2026-09-01,JSFB,JANA SMALL FIN BANK LTD,537.5,541.45,524.7,529.8,537.5,521780
2026-09-01,JARO,JARO INS OF TEC MG N RE L,459.0,462.15,451.8,453.05,459.55,99551
2026-09-01,JASH,JASH ENGINEERING LIMITED,466.2,475.0,454.1,457.7,465.55,117263
2026-09-01,JAYBARMARU,JAY BHARAT MARUTI LTD,126.48,127.58,123.61,124.8,124.85,245029
2026-09-01,JAYAGROGN,JAYANT AGRO ORGANICS LTD,235.0,236.0,227.04,229.42,232.93,8469
2026-09-01,JAYNECOIND,JAYASWAL NECO INDUSTR LTD,98.52,99.85,95.6,96.88,98.41,2823288
2026-09-01,JAYKAY,JAYKAY ENTERPRISES LTD,149.25,166.79,149.11,161.97,149.57,1773771
2026-09-01,JAYSREETEA,JAYSHREE TEA & INDUSTRIES,96.7,102.0,96.6,98.12,96.29,92379
2026-09-01,JBMA,JBM AUTO LIMITED,623.0,628.0,610.25,621.85,624.1,250021
2026-09-01,JSLL,JEENA SIKHO LIFECARE LTD,513.05,513.25,501.2,503.45,511.05,332462
2026-09-01,JENBURPH,JENBURKT PHARMACEUTICAL L,1037.0,1051.0,1037.0,1048.0,1051.2,2402
2026-09-01,JETFREIGHT,JET FREIGHT LOGISTICS LTD,21.81,22.54,21.44,21.59,21.94,124481
2026-09-01,JHS,JHS SVEND. LAB. LTD,8.42,8.42,7.85,7.91,8.06,78830
2026-09-01,RETAIL,JHS SVENDGAARD RETAIL V L,17.5,17.5,15.81,17.09,17.69,3138
2026-09-01,JPOLYINVST,JIND POL INV & FIN CO LTD,987.9,1033.0,985.45,1011.8,990.4,11259
2026-09-01,JINDRILL,JINDAL DRILLING IND. LTD,623.0,625.5,606.0,615.65,620.4,151856
2026-09-01,JINDALPHOT,JINDAL PHOTO LIMITED,1017.1,1069.6,1004.2,1012.0,1017.1,4098
2026-09-01,JINDALPOLY,JINDAL POLY FILMS LIMITED,631.35,694.45,620.1,694.45,631.35,142561
2026-09-01,JINDALSAW,JINDAL SAW LIMITED,310.0,319.5,306.4,309.75,309.65,4110071
2026-09-01,JSL,JINDAL STAINLESS LIMITED,700.5,738.65,700.5,734.0,702.15,1070564
2026-09-01,JINDALSTEL,JINDAL STEEL LIMITED,1175.7,1175.7,1147.0,1160.0,1192.9,517597
2026-09-01,JINDWORLD,JINDAL WORLDWIDE LTD,39.35,44.25,39.35,42.08,38.31,120393999
2026-09-01,JKIPL,JINKUSHAL INDUSTRIES LTD,107.1,109.0,105.16,108.4,106.17,27392
2026-09-01,JIOFIN,JIO FIN SERVICES LTD,240.0,240.01,235.01,235.85,241.35,10397855
2026-09-01,NIFTYJBLK,JIOBLACKROCKAMC-NIFTYJBLK,12.36,12.54,12.26,12.32,12.23,119459
2026-09-01,JITFINFRA,JITF INFRALOGISTICS LTD,306.6,314.25,306.6,310.25,311.35,8069
2026-09-01,JKCEMENT,JK CEMENT LIMITED,5157.5,5157.5,4999.0,5078.5,5133.0,58279
2026-09-01,JKLAKSHMI,JK LAKSHMI CEMENT LTD,536.0,536.0,521.0,524.1,530.9,141706
2026-09-01,JKPAPER,JK PAPER LIMITED,396.95,403.8,391.65,401.05,396.25,388249
2026-09-01,JKTYRE,JK TYRE & INDUSTRIES LTD,378.85,379.15,372.7,373.95,378.85,275683
2026-09-01,JKIL,JKUMAR INFR.LTD.,490.0,494.0,486.0,486.45,490.15,53718
2026-09-01,JMFINANCIL,JM FINANCIAL LIMITED,128.15,130.84,127.3,128.25,127.99,1946799
2026-09-01,JNKINDIA,JNK INDIA LIMITED,428.9,433.6,419.05,430.75,433.75,109104
2026-09-01,COCKERILL,JOHN COCKERILL INDIA LTD.,8171.0,8191.0,7900.0,7968.5,8174.5,6824
2026-09-01,JSWCEMENT,JSW CEMENT LIMITED,126.02,126.1,123.8,124.75,126.02,534258
2026-09-01,JSWDULUX,JSW DULUX LIMITED,3165.0,3169.0,3100.0,3143.4,3164.5,20050
2026-09-01,JSWENERGY,JSW ENERGY LIMITED,524.0,526.6,514.45,518.0,520.4,2290101
2026-09-01,JSWHL,JSW HOLDINGS LIMITED,12027.0,12027.0,11660.0,11716.0,12027.0,2551
2026-09-01,JSWINFRA,JSW INFRASTRUCTURE LTD,344.0,347.1,331.6,334.8,340.0,2534947
2026-09-01,JSWSTEEL,JSW STEEL LIMITED,1314.6,1328.0,1307.1,1313.5,1307.7,1134147
2026-09-01,JTEKTINDIA,JTEKT INDIA LIMITED,124.26,126.97,124.13,125.72,124.67,106982
2026-09-01,JTLIND,JTL INDUSTRIES LIMITED,90.21,91.6,86.9,87.97,89.93,4266731
2026-09-01,JUBLCPL,JUBILANT AGRI N CON PRO L,2332.2,2369.9,2191.5,2222.0,2315.4,17415
2026-09-01,JUBLFOOD,JUBILANT FOODWORKS LTD,487.0,492.5,481.3,484.4,496.0,686008
2026-09-01,JUBLINGREA,JUBILANT INGREVIA LIMITED,679.05,695.95,671.55,693.25,674.9,704096
2026-09-01,JUBLPHARMA,JUBILANT PHARMOVA LTD,882.0,914.75,873.6,907.6,881.9,313570
2026-09-01,JMA,JULLUNDUR MOT AGENCY LTD,94.9,94.9,90.3,91.27,92.67,7897
2026-09-01,JNPR,JUNIPER GREEN ENERGY LTD,260.9,268.45,258.35,262.35,264.78,842779
2026-09-01,JUNIPER,JUNIPER HOTELS LIMITED,212.0,215.39,210.5,214.14,214.36,280745
2026-09-01,JLHL,JUPITER LIFE LINE HOSP L,295.0,299.0,290.3,293.15,295.6,129831
2026-09-01,JWL,JUPITER WAGONS LIMITED,241.51,251.92,239.66,242.36,240.55,1162581
2026-09-01,JUSTDIAL,JUSTDIAL LTD.,710.2,729.0,696.9,705.65,710.2,460607
2026-09-01,JYOTHYLAB,JYOTHY LABS LIMITED,205.01,206.5,202.32,204.81,203.47,505833
2026-09-01,JYOTICNC,JYOTI CNC AUTOMATION LTD,994.95,1016.0,974.8,989.1,994.95,662073
2026-09-01,JYOTIRES,JYOTI RESINS & ADHESIVE L,881.95,888.3,865.15,870.95,878.15,6970
2026-09-01,JYOTISTRUC,JYOTI STRUCTURES LTD,10.01,10.05,9.77,9.84,10.01,4956011
2026-09-01,KJMCFIN,K J M C FINANCIAL SERV L,66.1,68.9,63.63,64.1,66.1,638
2026-09-01,KMCSHIL,K M C SPECIALITY HOSP I L,136.51,137.4,132.11,133.32,135.52,85988
2026-09-01,KMSUGAR,K M SUGAR MILLS LTD,32.23,32.86,31.06,31.39,32.49,182424
2026-09-01,KPEL,K.P. ENERGY LIMITED,245.5,246.35,239.0,241.75,244.6,208887
2026-09-01,KABRAEXTRU,KABRA EXTRUSION TECHNIK L,603.3,605.35,572.0,579.4,600.3,192747
2026-09-01,KAJARIACER,KAJARIA CERAMICS LTD,1244.8,1255.8,1220.0,1229.0,1244.8,168804
2026-09-01,KAKATCEM,KAKATIYA CEM SUGAR &IND L,114.0,116.1,112.15,112.3,116.75,1342
2026-09-01,KALPATARU,KALPATARU LIMITED,278.9,280.0,274.0,278.1,277.6,21127
2026-09-01,KPIL,KALPATARU PROJECT INT LTD,1409.9,1429.5,1394.1,1408.4,1400.9,290071
2026-09-01,KALYANKJIL,KALYAN JEWELLERS IND LTD,609.45,614.6,569.05,573.0,601.0,13219538
2026-09-01,KALYANIFRG,KALYANI FORGE LIMITED,974.7,1097.15,974.7,1083.9,914.3,210769
2026-09-01,KICL,KALYANI INVEST CO LTD,5146.5,5249.5,5146.5,5177.0,5178.5,498
2026-09-01,KSL,KALYANI STEELS LIMITED,907.55,923.0,896.0,900.0,909.75,65015
2026-09-01,KAMAHOLD,KAMA HOLDINGS LTD.,2365.1,2365.2,2350.0,2352.7,2363.2,4907
2026-09-01,KAMANWALA,KAMANWALA HOUSING CONST L,16.95,16.95,15.0,16.66,17.0,5629
2026-09-01,KAMATHOTEL,KAMAT HOTELS (I) LTD,226.7,239.78,220.39,233.89,225.09,126273
2026-09-01,KAMOPAINTS,KAMDHENU VENTURES LIMITED,4.5,4.58,4.41,4.48,4.48,132758
2026-09-01,KANANIIND,KANANI INDUSTRIES LTD,1.5,1.59,1.5,1.56,1.52,325331
2026-09-01,KANCHI,KANCHI KARPOORAM LTD.,421.0,421.0,405.9,411.5,421.1,2602
2026-09-01,KANCOTEA,KANCO TEA & INDS. LTD.,57.8,57.8,52.2,55.55,55.7,467
2026-09-01,KANPRPLA,KANPUR PLASTIPACK LIMITED,269.9,269.9,260.55,262.2,267.71,14481
2026-09-01,KANSAINER,KANSAI NEROLAC PAINTS LTD,192.9,196.47,192.11,194.75,192.81,186115
2026-09-01,KAPSTON,KAPSTON SERVICES LIMITED,592.0,593.0,560.55,572.3,586.8,117957
2026-09-01,KARMAENG,KARMA ENERGY LIMITED,37.99,38.79,37.0,37.28,37.99,8244
2026-09-01,KTKBANK,KARNATAKA BANK LIMITED,335.15,338.7,329.1,330.9,335.15,1561768
2026-09-01,KARURVYSYA,KARUR VYSYA BANK LTD,349.05,351.85,344.9,347.6,347.6,1349065
2026-09-01,KSCL,KAVERI SEED CO. LTD.,765.5,772.0,760.0,761.6,765.5,56484
2026-09-01,KAVDEFENCE,KAVVERI DFS & WIR TEC LTD,56.21,57.26,55.6,56.05,56.2,115900
2026-09-01,KAYNES,KAYNES TECHNOLOGY IND LTD,3678.3,3691.8,3582.0,3600.5,3685.0,1133014
2026-09-01,KCP,KCP LTD,166.2,169.8,162.92,167.89,166.91,152486
2026-09-01,KDDL,KDDL LIMITED,3921.0,3968.8,3820.1,3877.4,3929.6,20428
2026-09-01,KEC,KEC INTL. LIMITED,416.8,421.5,414.85,417.0,416.5,358407
2026-09-01,KEI,KEI INDUSTRIES LTD.,5575.0,5608.5,5301.5,5348.0,5740.3,658512
2026-09-01,KELLTONTEC,KELLTON TECH SOL LTD,14.35,14.35,13.92,13.98,14.07,1848817
2026-09-01,KENNAMET,KENNAMETAL INDIA LIMITED,4415.0,4630.0,4364.1,4558.2,4396.1,51754
2026-09-01,KERNEX,KERNEX MICROSYS(I) LTD,1730.0,1743.0,1611.6,1634.3,1735.9,441886
2026-09-01,KKCL,KEWAL KIRAN CLOTHING LTD,504.75,515.0,494.0,510.2,503.8,37085
2026-09-01,KEYFINSERV,KEYNOTE FIN SERV LTD.,257.25,257.25,250.3,251.7,258.5,806
2026-09-01,RUSTOMJEE,KEYSTONE REALTORS LIMITED,381.15,381.15,370.0,376.05,378.95,23452
2026-09-01,KFINTECH,KFIN TECHNOLOGIES LIMITED,961.1,961.1,931.0,937.5,970.0,577543
2026-09-01,KHAITANLTD,KHAITAN (INDIA)LTD.,142.0,150.0,137.0,149.45,139.12,4483
2026-09-01,KHAICHEM,KHAITAN CHEM & FERT LTD,55.97,56.38,54.7,55.02,55.55,105919
2026-09-01,KHANDSE,KHANDWALA SECURITIES LTD,17.5,18.4,17.5,17.97,17.03,673
2026-09-01,KLBRENG-B,KILBURN ENGINEERING LTD.,431.0,432.75,420.0,424.25,428.55,101876
2026-09-01,KINGFA,KINGFA SCI & TEC IND LTD.,6042.0,6070.0,5920.0,6030.0,6050.5,7223
2026-09-01,KIOCL,KIOCL LIMITED,380.6,396.45,380.0,383.95,381.2,179097
2026-09-01,KIRANVYPAR,KIRAN VYAPAR LTD.,201.69,202.5,197.5,198.99,201.69,15507
2026-09-01,KIRIINDUS,KIRI INDUSTRIES LIMITED,533.7,536.45,510.0,515.95,530.9,979987
2026-09-01,KIRLOSBROS,KIRLOSKAR BROTHERS LTD,1898.8,1906.6,1875.7,1886.3,1900.2,27592
2026-09-01,KECL,KIRLOSKAR ELECTRIC CO LTD,131.0,131.21,125.03,126.34,130.25,110483
2026-09-01,KIRLFER,KIRLOSKAR FERROUS IND LTD,450.0,456.15,444.2,449.8,452.2,26921
2026-09-01,KIRLOSIND,KIRLOSKAR INDUSTRIES LTD,3710.0,3835.0,3710.0,3740.4,3737.9,7027
2026-09-01,KIRLOSENG,KIRLOSKAR OIL ENG LTD,2099.0,2145.0,2077.2,2138.3,2099.4,385511
2026-09-01,KIRLPNU,KIRLOSKAR PNEUMATIC COM L,719.05,743.85,706.65,740.4,714.6,307429
2026-09-01,KITEX,KITEX GARMENTS LTD,126.8,126.8,124.8,126.0,127.22,253067
2026-09-01,KNAGRI,KN AGRI RESOURCES LIMITED,219.0,219.0,212.04,214.99,217.42,4804
2026-09-01,KNACK,KNACK PACKAGING LIMITED,191.29,195.84,189.5,190.21,190.35,700022
2026-09-01,KMEW,KNOWLEDGE MARINE & EN W L,2935.0,2990.0,2893.8,2936.0,2924.4,59031
2026-09-01,KNRCON,KNR CONSTRU LTD.,121.11,121.9,115.25,117.68,121.19,1890101
2026-09-01,KOHINOOR,KOHINOOR FOODS LIMITED,33.96,34.49,32.3,33.04,33.96,105109
2026-09-01,KOKUYOCMLN,KOKUYO CAMLIN LIMITED,79.34,81.0,77.91,78.54,79.34,92664
2026-09-01,KOLTEPATIL,KOLTE PATIL DEV. LTD.,442.75,447.45,432.65,436.2,446.8,73167
2026-09-01,KOPRAN,KOPRAN LTD,217.83,226.75,214.0,217.58,217.83,477030
2026-09-01,GOLD1,KOTAK GOLD ETF,131.89,131.89,126.24,126.58,128.68,1541753
2026-09-01,KOTAKBANK,KOTAK MAHINDRA BANK LTD,420.8,429.1,420.75,425.0,419.4,7669677
2026-09-01,NIFTY1,KOTAK NIFTY ETF,267.32,268.31,266.14,266.54,267.32,37590
2026-09-01,PSUBANK,KOTAK PSU BANK,86.04,86.04,84.76,85.16,85.27,1060607
2026-09-01,CHEMICAL,KOTAKMAMC - CHEMICAL,30.83,30.83,29.99,30.04,30.08,231002
2026-09-01,ALPHA,KOTAKMAMC - KOTAKALPHA,55.39,55.39,54.09,54.43,54.87,1088932
2026-09-01,CONS,KOTAKMAMC - KOTAKCONS,12.19,12.24,12.1,12.12,12.24,22288
2026-09-01,IT,KOTAKMAMC - KOTAKIT,34.33,35.0,33.92,34.72,34.32,588067
2026-09-01,LIQUID1,KOTAKMAMC - KOTAKLIQ,1121.8,1122.28,1120.6,1120.75,1120.6,1190271
2026-09-01,LOWVOL1,KOTAKMAMC - KOTAKLOVOL,21.13,21.3,21.05,21.14,21.13,69794
2026-09-01,MIDCAP,KOTAKMAMC - KOTAKMID50,18.69,19.2,18.6,18.66,18.69,504064
2026-09-01,MNC,KOTAKMAMC - KOTAKMNC,33.82,33.88,33.43,33.67,33.89,76794
2026-09-01,SILVER1,KOTAKMAMC - KOTAKSILVE,23.2,23.2,22.0,22.09,22.64,7155295
2026-09-01,NV20,KOTAKMAMC - KTKNV20ETF,13.93,14.06,13.77,13.85,13.93,74088
2026-09-01,MID150,KOTAKMAMC - MID150,24.25,24.25,23.5,23.95,23.81,58274
2026-09-01,MOMENTUM30,KOTAKMAMC - MOMENTUM30,31.68,31.68,30.53,30.69,31.06,15529
2026-09-01,MSCIINDIA,KOTAKMAMC - MSCIINDIA,30.23,30.78,29.69,30.23,30.08,18622
2026-09-01,NEXT50ETF,KOTAKMAMC - NEXT50ETF,75.97,75.97,73.35,73.62,74.02,8875
2026-09-01,NIFTY100EW,KOTAKMAMC - NIFTY100EW,36.09,36.09,34.76,35.1,35.38,346312
2026-09-01,PVTBANK,KOTAKMAMC - PVTBANK,28.02,28.02,27.63,27.64,27.96,206212
2026-09-01,QUALITY30,KOTAKMAMC - QUALITY30,20.94,20.97,20.86,20.86,20.91,2040
2026-09-01,BANKNIFTY1,KOTAKMAMC-KOTAKBKETF,59.65,60.0,59.19,59.31,59.65,450214
2026-09-01,KOTIC,KOTHARI INDUSTRIAL CORP L,145.0,145.8,139.35,140.78,143.43,8975
2026-09-01,KOTHARIPET,KOTHARI PETROCHEM LTD,131.84,134.59,130.0,130.9,131.09,46584
2026-09-01,KOTHARIPRO,KOTHARI PRODUCTS LTD,68.76,68.76,66.52,66.97,67.1,8952
2026-09-01,KOVAI,KOVAI MEDICAL CENTER & HO,6081.0,6104.5,6005.0,6036.0,6074.5,1824
2026-09-01,KPIGREEN,KPI GREEN ENERGY LIMITED,304.6,309.45,303.55,307.8,304.6,1230691
2026-09-01,KPITTECH,KPIT TECHNOLOGIES LIMITED,585.2,594.3,581.0,590.0,585.0,1026752
2026-09-01,KPRMILL,KPR MILL LTD.,1185.0,1186.8,1142.2,1158.5,1177.6,255676
2026-09-01,KRBL,KRBL LIMITED,422.0,428.4,418.25,424.1,422.25,550570
2026-09-01,KREBSBIO,KREBS BIOCHEMICALS & IND,56.29,56.29,53.8,54.49,56.29,8958
2026-09-01,KRISHANA,KRISHANA PHOSCHEM LIMITED,191.8,193.0,189.5,192.23,191.03,238927
2026-09-01,KRISHIVAL,KRISHIVAL FOODS LIMITED,410.95,412.75,409.25,411.35,410.95,8470
2026-09-01,KRISHNADEF,KRISHNA DEF AND ALD IND L,1001.1,1013.6,985.7,1001.7,1004.8,60634
2026-09-01,KIMS,KRISHNA INST OF MED SCI L,753.1,764.25,752.15,758.4,755.5,679770
2026-09-01,KRITI,KRITI INDUSTRIES IND LTD,61.9,62.8,60.01,60.56,60.38,7345
2026-09-01,KRITINUT,KRITI NUTRIENTS LIMITED,90.0,90.0,86.11,86.65,87.16,9259
2026-09-01,KRITIKA,KRITIKA WIRES LIMITED,5.19,5.46,5.19,5.35,5.38,109404
2026-09-01,KRN,KRN HEAT EXCHANGE N REF L,1574.8,1589.0,1495.0,1527.4,1553.1,262416
2026-09-01,KROSS,KROSS LIMITED,212.65,214.53,207.0,209.03,212.71,152348
2026-09-01,KRSNAA,KRSNAA DIAGNOSTICS LTD,550.45,563.5,550.45,559.95,553.65,31587
2026-09-01,KRYSTAL,KRYSTAL INTEGRATED SER L,631.4,670.1,630.1,647.35,626.75,23924
2026-09-01,KSB,KSB LIMITED,808.35,843.0,808.35,828.2,807.25,444531
2026-09-01,KSE,KSE LTD.,175.02,178.9,175.02,177.86,180.3,8819
2026-09-01,KSHINTL,KSH INTERNATIONAL LIMITED,948.45,965.0,945.0,953.0,947.05,159834
2026-09-01,KSHITIJPOL,KSHITIJ POLYLINE LIMITED,3.04,3.04,2.85,2.86,2.99,934734
2026-09-01,KSOLVES,KSOLVES INDIA LIMITED,273.0,284.95,270.0,281.3,268.3,86101
2026-09-01,KSR,KSR FOOTWEAR LIMITED,28.59,29.78,28.03,28.65,28.59,10368
2026-09-01,KUANTUM,KUANTUM PAPERS LIMITED,71.52,72.51,70.35,71.62,72.12,114225
2026-09-01,KUSUMGAR,KUSUMGAR LIMITED,579.1,581.95,561.1,565.1,581.45,254968
2026-09-01,KPL,KWALITY PHARMACEUTICALS L,3299.3,3447.8,3265.0,3390.5,3277.0,34248
2026-09-01,KWIL,KWALITY WALL'S (INDIA) L,45.5,45.75,43.36,44.35,45.38,15778275
2026-09-01,LKPSEC,L K P SECURITIES LTD.,15.7,15.9,15.06,15.18,15.45,3510
2026-09-01,LTF,L&T FINANCE LIMITED,315.25,316.0,305.3,309.05,321.0,9359609
2026-09-01,LTTS,L&T TECHNOLOGY SER. LTD.,3630.0,3630.0,3542.0,3587.8,3608.4,36036
2026-09-01,LAOPALA,LA OPALA RG LIMITED,172.01,174.29,171.5,173.3,173.61,58884
2026-09-01,LADDERUP,LADDERUP FINANCE LTD.,50.0,50.0,49.6,49.6,49.4,59
2026-09-01,LAGNAM,LAGNAM SPINTEX LIMITED,76.05,78.0,75.22,75.93,76.38,12565
2026-09-01,LAHOTIOV,LAHOTI OVERSEAS LTD.,40.29,42.0,40.29,41.99,40.29,2572
2026-09-01,LFIC,LAKSHMI FIN IND CORP LTD,140.99,140.99,130.7,133.01,134.09,2884
2026-09-01,LAKSHMIMIL,LAKSHMI MILLS CO. LTD.,8000.0,8100.0,7901.0,8000.0,8000.0,27
2026-09-01,LALITHAA,LALITHAA JEWELLERY MART L,259.35,283.65,257.0,267.6,257.89,32021090
2026-09-01,LAMBODHARA,LAMBODHARA TEXTILES LTD.,142.43,145.0,138.16,141.38,141.38,15961
2026-09-01,LANCER,LANCER CONTAINER LINES L,13.45,13.45,11.57,12.61,13.12,1206915
2026-09-01,LANCORHOL,LANCOR HOLDINGS LIMITED,33.47,34.34,32.5,33.46,33.37,204188
2026-09-01,LANDMARK,LANDMARK CARS LIMITED,510.65,524.9,503.2,505.95,517.45,37484
2026-09-01,LPDC,LANDMARK PR.DEV.CO.LTD,6.94,7.04,6.58,6.67,6.94,16502
2026-09-01,LANDSMILL,LANDSMILL GREEN LIMITED,0.68,0.7,0.68,0.68,0.68,1692243
2026-09-01,LT,LARSEN & TOUBRO LTD.,4038.0,4038.0,3980.1,3980.1,4044.9,944703
2026-09-01,LASA,LASA SUPERGENERICS LTD,6.92,7.04,6.7,6.76,6.92,27177
2026-09-01,LASERPOWER,LASER POWER & INFRA LTD,315.4,318.5,300.0,311.35,314.3,815644
2026-09-01,LATENTVIEW,LATENT VIEW ANALYTICS LTD,268.55,276.65,268.55,272.55,269.8,441369
2026-09-01,LATTEYS,LATTEYS INDUSTRIES LTD,22.0,22.28,20.5,20.8,21.71,44748
2026-09-01,LAURUSLABS,LAURUS LABS LIMITED,1888.9,1895.0,1837.4,1861.6,1915.0,3530385
2026-09-01,LAXMICOT,LAXMI COTSPIN LIMITED,13.01,13.19,12.41,12.76,12.89,3858
2026-09-01,LAXMIDENTL,LAXMI DENTAL LIMITED,196.95,197.98,189.45,192.95,195.5,126962
2026-09-01,LGHL,LAXMI GOLDORNA HOUSE LTD,183.9,183.9,178.45,179.64,179.45,6287
2026-09-01,LAXMIINDIA,LAXMI INDIA FINANCE LTD,129.43,131.15,126.0,127.04,129.92,83552
2026-09-01,LXCHEM,LAXMI ORGANIC INDUS LTD,166.94,167.95,164.0,164.9,166.57,590358
2026-09-01,LCCINFOTEC,LCC INFOTECH LTD,3.62,3.75,3.5,3.6,3.55,24341
2026-09-01,LEMERITE,LE MERITE EXPORTS LIMITED,21.41,21.51,21.0,21.0,21.24,133020
2026-09-01,IXIGO,LE TRAVENUES TECHNOLOGY L,162.1,163.41,157.75,158.57,163.02,712970
2026-09-01,LEAPIND,LEAP INDIA LIMITED,166.75,166.75,157.55,159.47,167.82,10616983
2026-09-01,LEENEE,LEE & NEE SOFTWARES (E) L,9.61,10.0,9.45,9.51,10.12,26200
2026-09-01,THELEELA,LEELA PALACES HOTEL LTD,577.55,578.8,561.2,575.35,570.4,358404
2026-09-01,LEMONTREE,LEMON TREE HOTELS LTD,106.25,107.1,105.71,106.15,106.25,1816566
2026-09-01,LENSKART,LENSKART SOLUTIONS LTD,664.0,671.0,650.2,663.75,662.4,10496508
2026-09-01,LEXUS,LEXUS GRANITO (INDIA) LTD,13.87,14.43,13.0,13.38,13.85,23309
2026-09-01,LGBBROSLTD,LG BALAKRISHNAN & BROS,1692.4,1714.9,1672.3,1702.9,1692.4,33636
2026-09-01,LGEINDIA,LG ELECTRONICS INDIA LTD,1699.0,1703.0,1656.5,1665.6,1697.8,316904
2026-09-01,LIBAS,LIBAS CONSU PRODUCTS LTD,10.79,10.89,10.35,10.63,10.54,9622
2026-09-01,LIBERTSHOE,LIBERTY SHOES LTD,244.45,244.45,238.51,239.45,242.05,11222
2026-09-01,LICHSGFIN,LIC HOUSING FINANCE LTD,538.4,538.4,526.35,534.9,538.4,2000075
2026-09-01,LICMFGOLD,LIC MF - LIC GOLD ETF,139.75,139.75,136.7,137.1,138.9,76250
2026-09-01,LICNETFN50,LICNAMC - LICNFENGP,270.53,271.01,268.17,269.95,270.53,2449
2026-09-01,LICNETFSEN,LICNAMC - LICNFESGP,874.15,874.69,872.0,872.0,873.0,9
2026-09-01,LICNFNHGP,LICNAMC - LICNFNHGP,277.66,278.16,274.24,274.35,277.88,142
2026-09-01,LICNETFGSC,LICNAMC - LICNMFET,29.35,29.59,29.35,29.35,29.35,7655
2026-09-01,LICNMID100,LICNAMC - LICNMID100,64.28,64.32,63.26,63.81,63.67,6118
2026-09-01,LICI,LIFE INSURA CORP OF INDIA,418.85,418.9,409.95,412.15,418.0,3609510
2026-09-01,LIKHITHA,LIKHITHA INFRASTRUC LTD,208.5,209.26,201.1,204.23,207.48,52878
2026-09-01,LINC,LINC LIMITED,93.6,97.01,93.6,94.35,94.61,23030
2026-09-01,LINCOLN,LINCOLN PHARMA LTD,613.0,613.85,604.0,609.65,606.75,24220
2026-09-01,LINDEINDIA,LINDE INDIA LIMITED,6380.0,6446.5,6332.0,6373.0,6385.5,24328
2026-09-01,LLOYDSENGG,LLOYDS ENGG WORK LIMITED,86.2,86.87,83.48,84.27,86.44,4683049
2026-09-01,LLOYDSENT,LLOYDS ENTERPRISES LTD,72.0,72.99,71.05,71.34,72.35,1747021
2026-09-01,LLOYDSME,LLOYDS METALS N ENERGY L,1802.0,1817.9,1781.0,1790.0,1794.6,291373
2026-09-01,LMW,LMW LIMITED,18920.0,19451.0,18875.0,19011.0,18975.0,6303
2026-09-01,LODHA,LODHA DEVELOPERS LIMITED,1214.9,1231.8,1180.0,1193.9,1198.6,1844689
2026-09-01,LCL,LOHIA CORP LIMITED,545.0,549.9,532.0,543.8,551.45,320829
2026-09-01,LOKESHMACH,LOKESH MACHINES LTD,341.7,354.8,332.3,346.25,345.25,94109
2026-09-01,LORDSCHLO,LORDS CHLORO ALKALI LTD,138.93,138.93,135.1,136.46,135.96,5526
2026-09-01,LAL,LORENZINI APPARELS LTD,9.48,9.48,8.91,8.97,9.13,27356
2026-09-01,LOTUSCHO,LOTUS CHOCOLATE CO. LTD.,624.15,634.45,618.3,621.85,634.8,1787
2026-09-01,LOTUSEYE,LOTUS EYE HOSP & INST L,110.42,110.42,108.47,108.77,109.08,13244
2026-09-01,LOVABLE,LOVABLE LINGERIE LTD,73.25,74.9,72.12,72.78,73.2,28118
2026-09-01,LOYALTEX,LOYAL TEXTILE MILLS LTD,218.0,218.0,205.0,205.27,218.0,166
2026-09-01,LTFOODS,LT FOODS LIMITED,448.05,448.05,433.15,437.0,446.55,372814
2026-09-01,LTM,LTM LIMITED,4540.0,4648.4,4514.9,4625.0,4540.0,265080
2026-09-01,LUMAXTECH,LUMAX AUTO TECH LTD,2106.4,2148.7,2044.7,2060.0,2078.5,386798
2026-09-01,LUMAXIND,LUMAX INDUSTRIES LTD,6285.5,6545.0,6190.0,6422.5,6233.5,64094
2026-09-01,LUPIN,LUPIN LIMITED,2190.2,2190.2,2137.6,2153.0,2188.4,1298356
2026-09-01,LUXIND,LUX INDUSTRIES LIMITED,1222.0,1225.8,1186.0,1192.8,1210.2,15463
2026-09-01,MBEL,M AND B ENGINEERING LTD,269.2,269.95,263.5,265.6,267.25,96515
2026-09-01,MKEXIM,M K EXIM (INDIA) LTD.,63.5,63.5,59.01,61.61,62.08,25268
2026-09-01,MKPL,M K PROTEINS LIMITED,4.17,4.17,4.0,4.03,4.11,150290
2026-09-01,MCL,M TEK COPPER LIMITED,57.89,58.46,56.5,56.86,57.66,35733
2026-09-01,M&MFIN,M&M FIN. SERVICES LTD,373.0,376.2,363.1,364.4,373.0,1423593
2026-09-01,MAANALU,MAAN ALUMINIUM LIMITED,126.95,127.95,119.0,119.42,122.67,218536
2026-09-01,MCCHRLS-B,MAC CHARLES (INDIA) LTD.,697.0,697.0,694.95,694.95,690.3,11
2026-09-01,MACPOWER,MACPOWER CNC MACHINES LTD,2000.0,2043.9,1885.5,1911.3,1989.3,50223
2026-09-01,MADHAVIPL,MADHAV INFRA PROJECTS L,8.12,8.25,8.0,8.04,8.12,90690
2026-09-01,MADHAV,MADHAV MARBLE & GRANITE,34.4,35.7,34.4,35.42,34.52,923
2026-09-01,MBAPL,MADHYA BHARAT AGRO P. LTD,162.0,164.7,159.37,160.78,161.45,337876
2026-09-01,MADRASFERT,MADRAS FERTILISERS LTD,65.29,66.07,64.0,64.7,65.29,70192
2026-09-01,MAFATIND,MAFATLAL INDUSTRIES LTD.,122.96,123.54,121.0,121.77,122.64,36702
2026-09-01,MAGADSUGAR,MAGADH SUGAR & ENERGY LTD,593.4,598.95,562.05,568.05,595.0,26333
2026-09-01,MCLOUD,MAGELLANIC CLOUD LIMITED,26.82,27.7,26.5,26.67,26.65,1799874
2026-09-01,MAGNUM,MAGNUM VENTURES LTD.,18.91,19.55,18.55,18.95,18.97,17423
2026-09-01,MAHAPEXLTD,MAHA RASHTRA APEX COPR. L,56.01,60.25,55.25,56.17,56.66,24815
2026-09-01,MFML,MAHALAXMI FABRIC MILLS LT,18.45,19.0,18.35,18.97,18.35,341
2026-09-01,MGL,MAHANAGAR GAS LTD.,1073.1,1089.8,1062.0,1077.7,1069.3,200377
2026-09-01,MTNL,MAHANAGAR TELEPHONE NIGAM,27.22,27.22,26.45,26.68,27.22,513071
2026-09-01,MAHSCOOTER,MAHARASHTRA SCOOTERS LTD,13779.0,13889.0,13606.0,13695.0,13674.0,1547
2026-09-01,MAHSEAMLES,MAHARASHTRA SEAMLESS LTD,653.25,664.35,644.0,649.6,663.2,227231
2026-09-01,M&M,MAHINDRA & MAHINDRA LTD,3367.0,3368.0,3223.0,3259.0,3282.0,1887247
2026-09-01,MAHEPC,MAHINDRA EPC IRRIG LTD,103.0,106.0,102.0,102.3,102.13,14085
2026-09-01,MHRIL,MAHINDRA HOLIDAYS LTD,209.7,212.09,206.81,208.31,209.65,124583
2026-09-01,MAHLIFE,MAHINDRA LIFESPACE DEVLTD,363.9,367.05,355.0,356.95,365.65,104343
2026-09-01,MAHLOG,MAHINDRA LOGISTIC LIMITED,393.0,393.0,381.45,387.2,391.45,116860
2026-09-01,MAITHANALL,MAITHAN ALLOYS LTD,978.85,987.25,968.0,972.75,976.5,20951
2026-09-01,MAKERSL,MAKERS LABORATORIES LTD.,185.3,189.19,185.2,187.6,185.19,3955
2026-09-01,MALLCOM,MALLCOM (INDIA) LIMITED,979.0,1030.0,970.15,1004.45,974.0,2306
2026-09-01,MALUPAPER,MALU PAPER MILLS LIMITED,31.63,31.98,31.15,31.94,31.68,11443
2026-09-01,MAMATA,MAMATA MACHINERY LIMITED,399.2,407.7,397.4,401.85,401.35,30837
2026-09-01,MANAKCOAT,MAN COAT METAL & IND LTD,122.2,122.89,118.43,120.46,122.43,122266
2026-09-01,MANINDS,MAN INDUSTRIES (I) LTD.,756.0,770.0,737.45,762.75,752.95,733833
2026-09-01,MANINFRA,MAN INFRA LTD,123.69,126.44,121.57,124.56,122.62,8700614
2026-09-01,MANAKALUCO,MANAK ALUMINIUM CO. LTD.,37.85,39.57,37.85,38.34,38.47,98394
2026-09-01,MANAKSIA,MANAKSIA LTD.,58.8,58.9,57.32,57.79,58.73,35606
2026-09-01,MANAKSTEEL,MANAKSIA STEELS LTD,104.49,104.49,97.19,104.1,99.52,1384941
2026-09-01,MANALIPETC,MANALI PETROCHEMICALS LT,84.0,88.0,82.35,84.04,81.75,55587097
2026-09-01,MANAPPURAM,MANAPPURAM FINANCE LTD,342.05,344.45,335.6,337.0,340.1,1860620
2026-09-01,MANBA,MANBA FINANCE LIMITED,129.74,131.14,129.0,129.3,129.73,54288
2026-09-01,MANBRO,MANBRO INDUSTRIES LTD.,51.0,56.65,51.0,54.16,53.68,110417
2026-09-01,MANCREDIT,MANGAL CREDIT N FINCORP L,240.0,241.1,228.22,230.19,242.74,41225
2026-09-01,MEIL,MANGAL ELECTRICAL IND L,285.3,289.65,281.75,284.95,287.15,48695
2026-09-01,MANGLMCEM,MANGALAM CEMENT LTD,1064.8,1114.0,1064.8,1084.0,1071.75,255628
2026-09-01,MANGALAM,MANGALAM DRUG & CHEM LTD,32.19,32.19,29.37,29.86,31.74,51440
2026-09-01,MANORG,MANGALAM ORGANICS LIMITED,528.0,528.0,495.0,496.8,519.5,10195
2026-09-01,MSL,MANGALAM SEEDS LTD.,135.25,138.0,135.25,138.0,135.1,21
2026-09-01,MWL,MANGALAM WORLDWIDE LTD,37.93,38.15,35.91,37.71,37.92,569601
2026-09-01,MANIPALHOS,MANIPAL HEALTH ENTERPRI L,766.0,779.95,737.6,746.9,762.8,842785
2026-09-01,MANKIND,MANKIND PHARMA LIMITED,2381.4,2381.4,2350.0,2356.5,2419.2,282979
2026-09-01,MVGJL,MANOJ VAIBHAV GEM N JEW L,152.9,174.85,152.15,162.37,151.03,648496
2026-09-01,MANOMAY,MANOMAY TEX INDIA LTD,224.32,226.67,219.89,223.64,223.09,122746
2026-09-01,MANORAMA,MANORAMA INDUSTRIES LTD,1881.5,1893.8,1823.2,1834.0,1890.8,222304
2026-09-01,MARALOVER,MARAL OVERSEAS LTD,54.05,56.0,54.05,54.44,54.5,8883
2026-09-01,MARATHON,MARATHON NXTGEN REALT LTD,413.6,439.4,410.1,434.5,413.05,344099
2026-09-01,MARICO,MARICO LIMITED,823.15,840.05,823.15,838.1,820.0,3684805
2026-09-01,MARINE,MARINE ELECTRICAL (I) LTD,403.0,435.0,400.0,432.6,400.85,3913786
2026-09-01,MARKOLINES,MARKOLINES PAVEMENT TEC L,174.89,178.75,172.11,173.96,173.76,384632
2026-09-01,MARKSANS,MARKSANS PHARMA LIMITED,322.9,324.7,315.5,322.4,321.6,1408843
2026-09-01,MARSONS,MARSONS LIMITED,130.38,131.19,122.01,123.99,130.26,5620598
2026-09-01,MARUTI,MARUTI SUZUKI INDIA LTD.,13540.0,13540.0,12851.0,12950.0,13547.0,915975
2026-09-01,MASFIN,MAS FINANCIAL SERV LTD,306.6,310.2,299.85,304.5,304.55,189847
2026-09-01,MASKINVEST,MASK INVESTMENTS LIMITED,159.0,159.0,146.0,146.0,152.24,26
2026-09-01,MASTEK,MASTEK LTD,1748.4,1815.0,1734.5,1802.0,1748.4,322978
2026-09-01,MASTERTR,MASTER TRUST LIMITED,82.88,83.0,81.02,81.58,82.27,159248
2026-09-01,MATRIMONY,MATRIMONY.COM LIMITED,518.7,526.85,510.4,519.0,518.7,24622
2026-09-01,MAWANASUG,MAWANA SUGARS LIMITED,149.12,149.98,141.0,142.31,149.1,239287
2026-09-01,MAXESTATES,MAX ESTATES LIMITED,516.0,519.45,494.0,503.0,512.5,188064
2026-09-01,MFSL,MAX FINANCIAL SERV LTD,1558.8,1561.1,1525.0,1534.7,1573.1,302535
2026-09-01,MAXHEALTH,MAX HEALTHCARE INS LTD,1022.0,1022.0,1000.2,1003.0,1042.1,2829311
2026-09-01,MAXIND,MAX INDIA LIMITED,149.9,150.81,147.73,148.97,150.79,28568
2026-09-01,MAYURUNIQ,MAYUR UNIQUOTERS LTD,754.0,778.4,732.6,742.2,749.85,182241
2026-09-01,MAZDOCK,MAZAGON DOCK SHIPBUIL LTD,2481.0,2502.2,2453.3,2485.0,2480.0,472178
2026-09-01,MBLINFRA,MBL INFRASTRUCTURE LTD,23.29,23.8,22.5,22.84,22.82,16481
2026-09-01,MCLEODRUSS,MCLEOD RUSSEL INDIA LTD.,49.55,50.99,48.31,48.57,49.55,172303
2026-09-01,MEDIASSIST,MEDI ASSIST HEALTH SER L,329.2,341.8,328.0,338.05,329.2,160988
2026-09-01,MEDICAPQ,MEDI CAPS LTD.,26.06,27.0,25.21,26.99,26.49,1869
2026-09-01,MMWL,MEDIA MATRIX WORLDWIDE L,14.72,14.73,14.07,14.14,14.59,15297
2026-09-01,MEDICAMEQ,MEDICAMEN BIOTECH LIMITED,263.9,279.0,259.05,267.4,261.47,141373
2026-09-01,MEDICO,MEDICO REMEDIES LIMITED,42.6,42.7,36.9,38.91,42.35,1017335
2026-09-01,MEDPLUS,MEDPLUS HEALTH SERV LTD,672.25,680.3,661.6,673.05,672.25,74772
2026-09-01,MEESHO,MEESHO LIMITED,206.0,209.53,201.51,205.15,205.39,14086890
2026-09-01,MEGASTAR,MEGASTAR FOODS LIMITED,305.7,317.9,305.7,309.9,307.2,2054
2026-09-01,MOL,MEGHMANI ORGANICS LIMITED,65.4,67.3,63.2,64.85,63.94,3734572
2026-09-01,MIIL,MEGHNA INFRACON INFRA L,723.0,725.0,714.1,722.85,706.35,70807
2026-09-01,MENNPIS,MENON PISTONS LTD.,72.99,75.5,71.31,74.3,71.59,83317
2026-09-01,MERCANTILE,MERCANTILE VENTURES LTD.,25.2,26.4,22.25,25.32,24.99,105260
2026-09-01,MERCURYEV,MERCURY EV-TECH LIMITED,37.98,39.87,35.36,37.64,38.96,291206
2026-09-01,METROBRAND,METRO BRANDS LIMITED,919.6,924.9,910.0,917.95,919.6,20767
2026-09-01,METROGLOBL,METROGLOBAL LTD.,137.35,143.0,135.0,139.85,138.04,1677
2026-09-01,METROPOLIS,METROPOLIS HEALTHCARE LTD,582.0,586.0,571.2,582.25,582.35,376476
2026-09-01,MIDWESTLTD,MIDWEST LIMITED,1125.0,1125.9,1043.4,1058.3,1096.8,56649
2026-09-01,MLKFOOD,MILKFOOD LTD.,84.01,87.97,82.21,83.88,86.71,2773
2026-09-01,MILKYMIST,MILKY MIST DAIRY FOOD L,230.79,232.03,221.92,232.03,210.94,23925717
2026-09-01,MINDACORP,MINDA CORPORATION LTD,712.7,719.85,703.0,712.4,712.55,204299
2026-09-01,MINDTECK,MINDTECK (INDIA) LIMITED,177.56,177.56,170.71,171.84,173.36,23631
2026-09-01,ALPHAETF,MIRAEAMC - ALPHAETF,26.98,27.0,26.44,26.53,26.93,433145
2026-09-01,BANKETF,MIRAEAMC - BANKETF,586.46,588.51,583.19,584.26,587.7,11328
2026-09-01,BANKPSU,MIRAEAMC - BANKPSU,86.0,86.51,85.5,85.72,86.25,72011
2026-09-01,CONSUMER,MIRAEAMC - CONSUMER,12.42,12.42,12.05,12.08,12.21,269411
2026-09-01,DEFENCE,MIRAEAMC - DEFENCE,82.35,82.35,80.36,80.77,81.55,289945
2026-09-01,DIVIDEND,MIRAEAMC - DIVIDEND,35.76,35.79,35.55,35.55,35.48,2157
2026-09-01,ENERGY,MIRAEAMC - ENERGY,38.96,38.96,37.9,37.94,38.0,1399237
2026-09-01,EQUAL200,MIRAEAMC - EQUAL200,13.9,13.93,13.81,13.83,13.91,8664
2026-09-01,EQUAL50,MIRAEAMC - EQUAL50,332.25,333.3,330.87,331.69,332.91,5190
2026-09-01,EVINDIA,MIRAEAMC - EVINDIA,34.14,34.24,32.95,33.15,33.47,401981
2026-09-01,HEALTHCARE,MIRAEAMC - HEALTHCARE,22.38,22.38,21.65,21.69,21.73,51174
2026-09-01,HYBRIDETF,MIRAEAMC - HYBRIDETF,10.16,10.16,10.05,10.05,10.11,23371
2026-09-01,INFRA,MIRAEAMC - INFRA,12.1,12.1,11.91,11.93,12.03,33103
2026-09-01,INTERNET,MIRAEAMC - INTERNET,15.0,15.0,14.51,14.55,14.63,258856
2026-09-01,ITETF,MIRAEAMC - ITETF,32.9,33.41,32.71,33.21,32.74,457094
2026-09-01,LARGEMID50,MIRAEAMC - LARGEMID50,36.74,36.78,36.45,36.52,36.74,2132
2026-09-01,LIQUID,MIRAEAMC - LIQUID,999.99,1000.0,999.99,999.99,999.99,154174
2026-09-01,LIQUIDPLUS,MIRAEAMC - LIQUIDPLUS,1101.22,1101.38,1101.22,1101.37,1101.23,476688
2026-09-01,ESG,MIRAEAMC - MAESGETF,41.21,41.41,41.03,41.03,41.24,52087
2026-09-01,MAFANG,MIRAEAMC - MAFANG,211.56,211.56,210.33,211.05,209.95,649909
2026-09-01,BFSI,MIRAEAMC - MAFSETF,27.24,27.24,26.94,26.99,27.22,146614
2026-09-01,GOLDETF,MIRAEAMC - MAGOLDETF,153.93,153.93,147.35,147.58,150.18,1368789
2026-09-01,GSEC10YEAR,MIRAEAMC - MAGS813ETF,30.55,30.55,30.39,30.51,30.55,883
2026-09-01,MAHKTECH,MIRAEAMC - MAHKTECH,22.63,22.63,22.05,22.52,22.72,606162
2026-09-01,MIDCAPETF,MIRAEAMC - MAM150ETF,23.92,24.02,23.7,23.75,23.92,2925543
2026-09-01,MAKEINDIA,MIRAEAMC - MAMFGETF,169.98,169.98,166.11,166.46,167.62,22257
2026-09-01,NIFTYETF,MIRAEAMC - MAN50ETF,260.11,264.55,260.11,260.72,261.92,193330
2026-09-01,LOWVOL,MIRAEAMC - MANV30F,207.57,207.77,206.33,207.13,207.57,423
2026-09-01,NEXT50,MIRAEAMC - MANXT50,761.57,761.57,750.5,752.66,757.85,27850
2026-09-01,SILVERAG,MIRAEAMC - MASILVER,227.78,227.96,220.83,221.73,227.11,296936
2026-09-01,MASPTOP50,MIRAEAMC - MASPTOP50,80.49,80.49,80.45,80.48,80.52,200386
2026-09-01,METAL,MIRAEAMC - METAL,13.69,13.69,13.26,13.29,13.36,1455364
2026-09-01,MIDSMALL,MIRAEAMC - MIDSMALL,52.82,52.82,52.0,52.16,52.41,320580
2026-09-01,MOMMIDCAP,MIRAEAMC - MOMMIDCAP,13.21,13.21,12.99,13.02,13.17,2222679
2026-09-01,MULTICAP,MIRAEAMC - MULTICAP,16.88,16.88,16.7,16.75,16.8,112844
2026-09-01,SELECTIPO,MIRAEAMC - SELECTIPO,49.01,49.01,48.48,48.64,48.9,115293
2026-09-01,SENSEXETF,MIRAEAMC - SENSEXETF,79.5,79.76,79.18,79.35,79.43,25541
2026-09-01,SMALL250,MIRAEAMC - SMALL250,17.97,18.85,17.97,18.44,18.44,252304
2026-09-01,SMALLCAP,MIRAEAMC - SMALLCAP,49.14,49.14,48.59,48.9,48.99,869020
2026-09-01,TOP20,MIRAEAMC - TOP20,8.98,9.0,8.92,8.93,8.95,14475
2026-09-01,VALUE,MIRAEAMC - VALUE,16.07,16.11,15.97,15.99,16.1,44698
2026-09-01,MIRZAINT,MIRZA INTERNATIONAL LIMIT,31.7,32.39,31.06,31.29,31.64,70850
2026-09-01,MIDHANI,MISHRA DHATU NIGAM LTD,412.0,426.9,410.4,417.45,414.15,995867
2026-09-01,MITTAL,MITTAL LIFE STYLE LIMITED,0.83,0.84,0.81,0.81,0.82,741027
2026-09-01,MMFL,MM FORGINGS LTD,648.0,666.5,640.4,657.45,650.1,137691
2026-09-01,MMP,MMP INDUSTRIES LIMITED,385.0,393.45,366.6,383.25,393.45,220762
2026-09-01,MMTC,MMTC LIMITED,62.25,63.25,62.0,62.32,62.35,1373089
2026-09-01,MODTHREAD,MODERN THREADS INDIA LTD,53.58,53.9,51.26,51.54,53.58,5750
2026-09-01,MODINATUR,MODI NATURALS LIMITED,344.7,347.0,331.3,338.8,343.7,13949
2026-09-01,MODIRUBBER,MODI RUBBER LTD,132.0,133.0,127.01,128.29,129.55,2198
2026-09-01,MODIS,MODIS NAVNIRMAN LTD,378.0,382.45,375.0,377.95,379.7,24401
2026-09-01,MODISONLTD,MODISON LIMITED,485.0,499.45,466.15,499.45,454.05,766487
2026-09-01,MOHITIND,MOHIT INDUSTRIES LTD,25.0,25.75,24.2,24.28,24.08,7595
2026-09-01,MOHITE,MOHITE INDUSTRIES LTD.,3.24,3.3,3.0,3.13,3.24,167572
2026-09-01,MOIL,MOIL LIMITED,249.8,256.2,249.01,250.43,247.8,916549
2026-09-01,MOKSH,MOKSH ORNAMENTS LIMITED,10.54,10.94,10.4,10.46,10.48,71850
2026-09-01,MOLBIO,MOLBIO DIAGNOSTICS LTD,1072.3,1089.2,1035.2,1053.3,1086.3,476294
2026-09-01,MOLDTKPAC,MOLD-TEK PACKAGING LTD,714.75,714.75,688.5,699.95,709.25,67408
2026-09-01,MONARCH,MONARCH NETWORTH CAP LTD,380.0,380.0,371.1,374.6,380.6,51188
2026-09-01,MONEYBOXX,MONEYBOXX FINANCE LIMITED,58.08,58.08,56.66,57.01,57.8,7061
2026-09-01,MONTECARLO,MONTE CARLO FASHIONS LTD.,533.25,540.5,530.8,539.05,530.3,44299
2026-09-01,MOREPENLAB,MOREPEN LAB. LTD,107.16,110.5,100.1,103.65,107.16,24688972
2026-09-01,MOSCHIP,MOSCHIP TECHNOLOGIES LTD,213.49,220.9,212.32,215.26,214.18,2493175
2026-09-01,MSUMI,MOTHERSON SUMI WRNG IND L,36.84,37.3,36.5,37.11,36.79,9696378
2026-09-01,MOM100,MOTILAL OS MIDCAP100 ETF,69.48,69.48,68.2,68.31,68.83,436136
2026-09-01,MON100,MOTILAL OS NASDAQ100 ETF,329.32,329.32,329.32,329.32,332.2,112323
2026-09-01,MOTILALOFS,MOTILAL OSWAL FIN LTD,1047.0,1047.9,1008.0,1016.0,1042.9,501197
2026-09-01,MOM50,MOTILAL OSWAL M50 ETF,252.34,255.0,249.65,250.5,251.62,249578
2026-09-01,MOGSEC,MOTILALAMC - G5,65.39,65.4,65.0,65.34,65.07,1552304
2026-09-01,MOALPHA50,MOTILALAMC - MOALPHA50,58.09,58.09,56.21,56.23,56.95,7642
2026-09-01,MOBANK10,MOTILALAMC - MOBANK10,17.25,17.25,16.83,16.86,16.91,5206
2026-09-01,MOCAPITAL,MOTILALAMC - MOCAPITAL,54.94,55.16,53.7,53.93,54.73,9303076
2026-09-01,MODEFENCE,MOTILALAMC - MODEFENCE,107.5,107.5,105.28,105.72,106.59,1270375
2026-09-01,MOENERGY,MOTILALAMC - MOENERGY,38.5,38.5,37.85,37.91,37.96,75038
2026-09-01,MOGOLD,MOTILALAMC - MOGOLD,152.6,152.95,149.45,150.1,152.6,48636
2026-09-01,MOHEALTH,MOTILALAMC - MOHEALTH,53.43,53.43,51.74,51.81,52.13,48012
2026-09-01,MOINFRA,MOTILALAMC - MOINFRA,59.47,59.47,57.89,58.08,59.57,16072
2026-09-01,MOIPO,MOTILALAMC - MOIPO,49.02,49.09,48.57,48.73,48.81,5727
2026-09-01,MOLOWVOL,MOTILALAMC - MOLOWVOL,36.8,37.55,36.04,36.46,36.45,2680041
2026-09-01,MOMENTUM50,MOTILALAMC - MOMENTUM50,55.24,55.3,54.04,54.29,55.03,3180864
2026-09-01,MOMETAL,MOTILALAMC - MOMETAL,13.26,13.36,13.12,13.18,13.26,20813
2026-09-01,MOMGF,MOTILALAMC - MOMGF,165.7,166.0,163.0,164.05,165.7,1655
2026-09-01,MOMIDMTM,MOTILALAMC - MOMIDMTM,65.48,65.48,64.23,64.66,64.73,99461
2026-09-01,MOMNC,MOTILALAMC - MOMNC,32.94,34.43,32.33,33.55,32.94,2324
2026-09-01,MOMOMENTUM,MOTILALAMC - MOMOMENTUM,63.49,63.49,61.92,62.18,62.78,44937
2026-09-01,MON50EQUAL,MOTILALAMC - MON50EQUAL,33.47,33.48,33.14,33.26,33.35,4110
2026-09-01,MONEXT50,MOTILALAMC - MONEXT50,73.3,73.32,72.7,72.89,73.52,827665
2026-09-01,MONIFTY100,MOTILALAMC - MONIFTY100,25.41,25.47,25.2,25.28,25.41,4653
2026-09-01,MONIFTY500,MOTILALAMC - MONIFTY500,24.55,24.55,23.78,23.8,23.96,642691
2026-09-01,MONQ50,MOTILALAMC - MONQ50,145.12,145.12,145.12,145.12,148.04,23469
2026-09-01,MOOILGAS,MOTILALAMC - MOOILGAS,11.35,11.35,11.07,11.2,11.12,37588
2026-09-01,MOPSE,MOTILALAMC - MOPSE,98.48,99.9,98.3,99.88,99.95,1483
2026-09-01,MOQUALITY,MOTILALAMC - MOQUALITY,200.62,202.0,197.13,199.46,200.62,476396
2026-09-01,MOREALTY,MOTILALAMC - MOREALTY,93.5,93.5,88.82,89.29,90.05,434767
2026-09-01,MOSERVICE,MOTILALAMC - MOSERVICE,30.94,31.04,30.76,30.77,31.01,2735
2026-09-01,MOSILVER,MOTILALAMC - MOSILVER,234.99,234.99,224.57,225.74,230.78,190724
2026-09-01,MOSMALL250,MOTILALAMC - MOSMALL250,18.49,18.68,18.33,18.47,18.49,6893900
2026-09-01,MOTOUR,MOTILALAMC - MOTOUR,78.3,78.3,77.14,77.3,78.07,18755
2026-09-01,MOVALUE,MOTILALAMC - MOVALUE,112.88,113.29,112.0,112.1,112.31,72313
2026-09-01,MOTISONS,MOTISONS JEWELLERS LTD,16.43,16.65,15.67,15.87,16.24,16463395
2026-09-01,MPHASIS,MPHASIS LIMITED,2422.7,2523.0,2407.1,2505.5,2427.4,932222
2026-09-01,MPSLTD,MPS LIMITED,2670.0,2731.0,2636.0,2652.6,2683.8,10567
2026-09-01,MRF,MRF LTD,134795.0,134795.0,132115.0,132335.0,133745.0,2838
2026-09-01,MRPL,MRPL,171.15,177.15,169.99,171.42,170.37,13051829
2026-09-01,BECTORFOOD,MRS BECTORS FOOD SPE LTD,227.01,234.06,223.22,227.75,226.91,2607751
2026-09-01,MSPL,MSP STEEL & POWER LTD.,35.16,35.56,33.97,34.17,35.48,1030557
2026-09-01,MSTCLTD,MSTC LIMITED,753.95,757.0,720.1,729.55,751.1,221074
2026-09-01,MUFIN,MUFIN GREEN FINANCE LTD,136.4,137.49,134.01,134.65,136.53,616089
2026-09-01,MUKANDLTD,MUKAND LTD.,137.5,138.2,135.36,136.03,137.38,59426
2026-09-01,MUKESHB,MUKESH BABU FINANC SER L,138.55,145.0,134.1,137.0,138.55,432403
2026-09-01,MUKKA,MUKKA PROTEINS LIMITED,24.98,27.73,24.61,26.7,24.81,2783204
2026-09-01,MCX,MULTI COMMODITY EXCHANGE,3360.1,3369.0,3255.2,3303.0,3400.0,1505861
2026-09-01,MUNJALAU,MUNJAL AUTO IND. LTD.,116.4,120.26,114.49,115.46,115.79,1201087
2026-09-01,MUNJALSHOW,MUNJAL SHOWA LTD,130.04,132.0,127.37,128.9,130.39,39537
2026-09-01,MURUDCERA,MURUDESHWAR CERAMICS LTD,30.02,30.6,30.02,30.12,30.24,8479
2026-09-01,RADIOCITY,MUSIC BROADCAST LIMITED,6.64,6.64,6.35,6.41,6.49,326948
2026-09-01,MUTHOOTCAP,MUTHOOT CAP SERV LTD,248.0,252.0,242.94,245.24,244.62,15296
2026-09-01,MUTHOOTFIN,MUTHOOT FINANCE LIMITED,3000.0,3009.2,2890.0,2905.0,2978.1,750967
2026-09-01,MUTHOOTMF,MUTHOOT MICROFIN LIMITED,204.45,205.36,195.01,196.21,203.84,651725
2026-09-01,MVELECTRO,MV ELECTROSYSTEMS LIMITED,757.65,757.7,696.3,713.7,760.45,3239338
2026-09-01,NRAIL,N R AGARWAL INDS LTD,514.4,514.4,495.0,495.9,510.0,5723
2026-09-01,NTCIND,N T C INDUSTRIES LTD.,139.9,142.0,126.3,133.21,134.8,9091
2026-09-01,NBIFIN,N.B.I. IND. FIN. CO. LTD,1961.0,1990.0,1950.0,1966.4,1961.0,160
2026-09-01,NACLIND,NACL INDUSTRIES LIMITED,170.81,171.5,167.05,168.61,170.23,260511
2026-09-01,NDGL,NAGA DHUNSERI GROUP LTD,2895.0,2895.0,2705.0,2733.2,2760.6,157
2026-09-01,NAGREEKCAP,NAGREEKA CAP & INFR.LTD,22.7,23.2,22.6,23.18,22.35,4835
2026-09-01,NAGREEKEXP,NAGREEKA EXPORTS LTD.,21.86,22.5,21.86,22.0,22.02,4532
2026-09-01,NAHARCAP,NAHAR CAP & FIN.,253.55,265.0,253.4,258.0,253.92,2738
2026-09-01,NAHARINDUS,NAHAR INDS ENT LTD,136.66,138.8,133.62,134.32,136.45,31277
2026-09-01,NAHARPOLY,NAHAR POLY FILMS LIMITED,240.75,252.0,240.75,250.13,243.75,15743
2026-09-01,NAHARSPING,NAHAR SPINNING MILLS LTD.,291.1,306.45,291.1,299.55,289.45,103382
2026-09-01,NGIL,NAKODA GROUP OF IND. LTD,40.96,41.0,39.1,39.5,40.96,9175
2026-09-01,NSIL,NALWA SONS INVESTMENT LTD,5605.5,5799.5,5605.5,5696.0,5703.0,2061
2026-09-01,NDL,NANDAN DENIM LIMITED,2.89,2.95,2.82,2.85,2.83,1287786
2026-09-01,JAIPURKURT,NANDANI CREATION LIMITED,26.05,26.9,26.05,26.25,26.1,1044
2026-09-01,NH,NARAYANA HRUDAYALAYA LTD.,1919.8,1949.6,1910.0,1938.7,1907.2,247059
2026-09-01,NARMADA,NARMADA AGROBASE LIMITED,13.68,13.99,13.56,13.85,13.83,280342
2026-09-01,NATCOPHARM,NATCO PHARMA LTD.,841.5,853.75,837.4,849.2,841.5,241430
2026-09-01,NATHBIOGEN,NATH BIO-GENES (I) LTD,158.3,158.3,152.0,152.3,158.2,13155
2026-09-01,NATIONALUM,NATIONAL ALUMINIUM CO LTD,383.0,383.75,368.6,372.0,381.5,6155527
2026-09-01,NFL,NATIONAL FERT. LTD,70.37,71.12,70.02,70.53,70.37,450816
2026-09-01,NATIONSTD,NATIONAL STAND (INDIA) L,113.63,113.63,104.0,105.31,108.22,94404
2026-09-01,NATCAPSUQ,NATURAL CAPSULES LIMITED,211.36,216.79,192.0,201.37,212.38,37412
2026-09-01,NAVA,NAVA LIMITED,569.9,572.5,558.5,563.6,568.1,165978
2026-09-01,NAVINFLUOR,NAVIN FLUORINE INT. LTD,8688.0,8700.0,8597.5,8636.0,8675.5,74062
2026-09-01,NAVKARCORP,NAVKAR CORPORATION LTD.,96.11,97.7,95.11,95.65,96.03,158170
2026-09-01,NAVNETEDUL,NAVNEET EDUCATION LTD,134.6,135.1,133.44,133.95,134.61,77766
2026-09-01,NAZARA,NAZARA TECHNOLOGIES LTD,372.7,377.0,360.95,367.65,372.7,2574995
2026-09-01,NBCC,NBCC (INDIA) LIMITED,86.0,86.4,85.0,85.2,86.2,4390141
2026-09-01,NCC,NCC LIMITED,149.99,151.69,145.6,146.46,148.37,2320069
2026-09-01,NCLIND,NCL INDUSTRIES LIMITED,173.0,174.98,172.12,174.15,173.73,38438
2026-09-01,NDLVENTURE,NDL VENTURES LIMITED,123.5,124.9,122.4,122.99,121.96,6143
2026-09-01,NDRAUTO,NDR AUTO COMPONENTS LTD,747.0,747.0,718.55,722.4,735.6,11983
2026-09-01,NDTV,NDTV LTD,73.25,73.25,71.1,71.42,72.2,61492
2026-09-01,NECLIFE,NECTAR LIFESCIENCES LTD.,12.74,12.74,12.1,12.13,12.54,284172
2026-09-01,NEAGI,NEELAMALAI AGRO INDS. L,3371.0,3371.0,3370.1,3370.1,3496.7,50
2026-09-01,NELCAST,NELCAST LIMITED,118.42,119.88,115.3,116.39,118.16,101052
2026-09-01,NELCO,NELCO LTD,950.0,957.0,918.95,924.35,951.5,141086
2026-09-01,NEOGEN,NEOGEN CHEMICALS LIMITED,2245.3,2247.9,2140.3,2153.9,2201.2,87588
2026-09-01,NEPHROPLUS,NEPHROCARE HEALTH SERV L,701.0,716.15,682.2,689.6,682.95,461009
2026-09-01,NESCO,NESCO LTD.,1040.4,1054.5,1025.0,1044.0,1040.9,33325
2026-09-01,NESTLEIND,NESTLE INDIA LIMITED,1514.8,1514.8,1436.0,1438.2,1496.5,2555542
2026-09-01,NETWEB,NETWEB TECH INDIA LTD,5215.0,5315.0,5117.0,5136.5,5188.6,1421857
2026-09-01,NPST,NETWORK PEOPLE SRV TECH L,1670.6,1710.0,1635.2,1655.6,1670.6,35959
2026-09-01,NETWORK18,NETWORK18 MEDIA & INV LTD,27.5,28.7,27.32,28.05,27.23,7363959
2026-09-01,NEULANDLAB,NEULAND LAB LTD.,23010.0,23185.0,22710.0,23025.0,23010.0,30307
2026-09-01,NEWGEN,NEWGEN SOFTWARE TECH LTD,530.0,541.05,522.6,532.05,528.85,1183206
2026-09-01,NEXTMEDIA,NEXT MEDIAWORKS LIMITED,4.86,4.94,4.21,4.27,4.98,258331
2026-09-01,NGLFINE,NGL FINE CHEM LIMITED,2640.0,2758.0,2619.2,2657.6,2649.5,9055
2026-09-01,NHPC,NHPC LTD,76.72,77.1,75.46,76.3,76.72,11983253
2026-09-01,NIBE,NIBE LIMITED,1369.0,1374.9,1347.1,1355.9,1371.6,21014
2026-09-01,NICCOPAR,NICCO PARKS & RESORTS LTD,85.09,85.09,82.06,82.06,85.51,479
2026-09-01,NIITMTS,NIIT LEARNING SYSTEMS LTD,227.5,231.56,223.0,230.16,227.12,174117
2026-09-01,NIITLTD,NIIT LIMITED,101.35,104.0,100.36,101.25,101.44,371160
2026-09-01,NILAINFRA,NILA INFRASTRUCTURES LTD,6.72,6.8,6.62,6.76,6.74,251391
2026-09-01,NILASPACES,NILA SPACES LIMITED,12.56,13.24,12.48,12.73,12.55,1652567
2026-09-01,NILE,NILE LTD.,1502.2,1510.8,1455.2,1474.5,1498.2,2150
2026-09-01,NILKAMAL,NILKAMAL LIMITED,2006.2,2078.0,1998.0,2034.0,2006.2,27031
2026-09-01,NIMBSPROJ,NIMBUS PROJECTS LIMITED,171.89,174.58,163.52,168.01,172.12,96513
2026-09-01,NINSYS,NINTEC SYSTEMS LIMITED,724.5,724.5,705.0,710.35,714.0,2435
2026-09-01,BANKBEES,NIP IND ETF BANK BEES,598.0,598.62,592.5,593.79,595.58,462594
2026-09-01,CONSUMBEES,NIP IND ETF CONSUMPTION,134.44,134.44,130.86,131.45,131.8,51215
2026-09-01,DIVOPPBEES,NIP IND ETF DIV OPP,78.7,78.7,76.54,77.35,77.16,19569
2026-09-01,NV20BEES,NIP IND ETF ETF NV20,142.84,142.84,138.91,139.53,139.36,5684
2026-09-01,GOLDBEES,NIP IND ETF GOLD BEES,127.19,127.8,125.02,125.34,127.32,35522261
2026-09-01,HNGSNGBEES,NIP IND ETF HANGSENG BEES,470.44,472.0,467.9,469.33,470.43,103484
2026-09-01,INFRABEES,NIP IND ETF INFRA BEES,953.22,957.98,947.0,950.4,953.22,16687
2026-09-01,ITBEES,NIP IND ETF IT,35.0,35.0,34.07,34.79,34.32,12800211
2026-09-01,JUNIORBEES,NIP IND ETF JUNIOR BEES,809.74,809.74,786.22,788.17,793.86,381093
2026-09-01,LIQUIDBEES,NIP IND ETF LIQUID BEES,1000.01,1000.01,999.99,1000.0,999.99,2440409
2026-09-01,LTGILTBEES,NIP IND ETF LONGTERM GILT,29.88,29.88,29.8,29.84,29.86,597336
2026-09-01,MID150BEES,NIP IND ETF MIDCAP 150,244.57,244.57,240.0,240.53,242.15,593460
2026-09-01,NIF100BEES,NIP IND ETF NIFTY 100,270.97,270.97,265.6,266.76,268.29,15629
2026-09-01,NIFTYBEES,NIP IND ETF NIFTY BEES,277.95,277.95,272.68,273.25,274.87,5602290
2026-09-01,PSUBNKBEES,NIP IND ETF PSU BANK BEES,95.17,95.89,94.5,94.65,95.17,1117723
2026-09-01,SHARIABEES,NIP IND ETF SHARIAH BEES,458.53,465.0,458.53,462.13,458.53,5632
2026-09-01,NAM-INDIA,NIPPON L I A M LTD,1190.0,1209.6,1166.0,1178.9,1172.3,1257709
2026-09-01,LIQGRWBEES,NIPPONAMC - LIQGRWBEES,1053.9,1053.91,1053.89,1053.9,1053.77,29200
2026-09-01,MANUFGBEES,NIPPONAMC - MANUFGBEES,165.9,166.38,164.04,164.83,166.06,6496
2026-09-01,AUTOBEES,NIPPONAMC - NETFAUTO,298.77,300.98,291.0,292.63,298.77,423107
2026-09-01,PHARMABEES,NIPPONAMC - NETFPHARMA,28.15,28.15,27.38,27.53,27.6,4083030
2026-09-01,SILVERBEES,NIPPONAMC - NETFSILVER,222.37,223.9,217.26,217.72,223.21,32758030
2026-09-01,SNXT30BEES,NIPPONAMC - SNXT30BEES,42.97,43.04,42.59,42.74,42.96,10927
2026-09-01,NIRAJ,NIRAJ CEMENT STRUC LTD,29.6,30.8,29.2,29.27,29.32,22788
2026-09-01,NIRAJISPAT,NIRAJ ISPAT IND LTD,390.0,390.6,390.0,390.6,355.08,586
2026-09-01,NIRLON,NIRLON LTD,654.9,656.0,646.0,649.45,647.35,20163
2026-09-01,NITCO,NITCO LIMITED,94.31,94.9,91.98,93.43,93.99,464402
2026-09-01,NITINSPIN,NITIN SPINNERS LIMITED,636.0,637.85,624.5,630.75,627.4,84964
2026-09-01,NITIRAJ,NITIRAJ ENGINEERS LTD,214.5,214.5,201.63,204.5,204.23,4273
2026-09-01,NITTAGELA,NITTA GELATIN INDIA LTD.,1636.0,1644.9,1600.0,1631.4,1620.7,2055
2026-09-01,NIVABUPA,NIVA BUPA HEALTH INS CO L,81.26,83.85,80.15,82.3,81.26,1204236
2026-09-01,NKIND,NK INDUSTRIES LTD,56.35,58.11,56.25,57.24,58.1,2792
2026-09-01,NLCINDIA,NLC INDIA LIMITED,271.75,276.0,267.9,274.3,267.4,2083618
2026-09-01,NMDC,NMDC LTD.,86.81,87.4,85.1,85.69,88.2,11311468
2026-09-01,NSLNISP,NMDC STEEL LIMITED,45.7,46.58,45.19,45.61,46.19,6442161
2026-09-01,NOCIL,NOCIL LIMITED,171.65,173.76,168.1,169.62,171.45,716971
2026-09-01,NOIDATOLL,NOIDA TOLL BRIDGE CO LTD,4.39,4.39,4.15,4.23,4.21,38285
2026-09-01,NORBTEAEXP,NORBEN TEA & EXPORTS LTD,68.7,68.8,65.08,65.46,68.5,642
2026-09-01,NORTHARC,NORTHERN ARC CAPITAL LTD,310.25,310.25,296.0,299.5,311.65,3752002
2026-09-01,NOVARTIND,NOVARTIS INDIA LIMITED,1546.6,1620.6,1541.6,1582.1,1554.4,21875
2026-09-01,NRBBEARING,NRB BEARING LIMITED,473.0,473.5,454.05,458.25,473.85,263724
2026-09-01,NIBL,NRB INDUS. BEARINGS LTD.,31.5,31.98,30.3,30.82,30.87,5146
2026-09-01,NTPCGREEN,NTPC GREEN ENERGY LIMITED,89.65,89.99,89.0,89.21,89.51,1561195
2026-09-01,NTPC,NTPC LTD,327.4,328.25,325.05,327.5,327.4,7377499
2026-09-01,NUCLEUS,NUCLEUS SOFTWARE EXPORTS,749.0,749.85,730.0,740.7,744.4,37616
2026-09-01,NUVAMA,NUVAMA WEALTH MANAGE LTD,1770.2,1791.2,1741.3,1785.0,1753.6,430704
2026-09-01,NUVOCO,NUVOCO VISTAS CORP LTD,318.8,325.25,310.3,322.85,318.9,654624
2026-09-01,OBCL,OBCL LIMITED,54.83,57.97,54.75,55.04,54.82,8158
2026-09-01,OBEROIRLTY,OBEROI REALTY LIMITED,1856.3,1887.2,1846.6,1880.7,1868.0,211011
2026-09-01,ODIGMA,ODIGMA CONSULTANCY SOL L,22.4,23.55,22.4,23.16,22.43,38258
2026-09-01,ODYCORP,ODYSSEY CORPORATION LTD.,7.53,7.53,7.11,7.12,7.38,8625
2026-09-01,ONGC,OIL AND NATURAL GAS CORP.,233.8,236.6,232.5,236.45,231.8,11985775
2026-09-01,OIL,OIL INDIA LTD,485.0,493.0,484.2,490.0,483.15,1788773
2026-09-01,OLAELEC,OLA ELECTRIC MOBILITY LTD,41.4,41.65,39.63,40.51,41.12,87186035
2026-09-01,OLECTRA,OLECTRA GREENTECH LIMITED,1283.9,1296.7,1242.0,1247.3,1276.7,368626
2026-09-01,OMINFRAL,OM INFRA LIMITED,82.63,83.35,81.6,82.04,82.22,37136
2026-09-01,OMPOWER,OM POWER TRANSMISSION LTD,175.02,176.8,168.42,169.08,174.16,62923
2026-09-01,OMAXAUTO,OMAX AUTOS LTD,185.0,190.9,178.15,184.48,185.55,129636
2026-09-01,OMAXE,OMAXE LIMITED,126.0,138.1,116.1,126.77,125.52,42077140
2026-09-01,OMNI,OMNITECH ENGINEERING LTD,541.0,551.0,520.0,535.6,540.5,392314
2026-09-01,PAYTM,ONE 97 COMMUNICATIONS LTD,1689.0,1698.6,1616.3,1633.5,1717.1,2753126
2026-09-01,ONEGLOBAL,ONE GLOBAL SERVICE PROV L,554.35,554.35,505.95,514.15,532.55,20299
2026-09-01,MOBIKWIK,ONE MOBIKWIK SYSTEMS LTD,190.0,192.48,186.44,187.78,189.71,443083
2026-09-01,ONEPOINT,ONE POINT ONE SOL LTD,54.65,54.9,54.0,54.74,54.78,331302
2026-09-01,KISSHT,ONEMI TECHNOLOGY SOL LTD,306.0,308.45,290.0,295.8,307.15,1095751
2026-09-01,ONESOURCE,ONESOURCE SPECL PHARMA L,1529.9,1535.0,1504.1,1527.9,1519.1,69898
2026-09-01,ONIDA,ONIDA ELECTRONICS LIMITED,36.14,36.2,35.21,35.63,36.2,197043
2026-09-01,ONIXSOLAR,ONIX SOLAR ENERGY LTD.,331.85,348.35,331.85,348.35,331.8,214098
2026-09-01,ONWARDTEC,ONWARD TECHNOLOGIES LTD,291.45,292.5,281.55,283.9,289.75,27299
2026-09-01,OPTIEMUS,OPTIEMUS INFRACOM LTD,576.85,595.5,571.7,582.8,574.15,144221
2026-09-01,OPTIFIN,OPTIMUS FINANCE LTD.,13.67,13.67,12.8,13.2,13.27,10095
2026-09-01,OFSS,ORACLE FIN SERV SOFT LTD.,12350.0,12353.0,11992.0,12187.0,12540.0,208347
2026-09-01,ORCHASP,ORCHASP LIMITED,1.4,1.5,1.38,1.4,1.37,222908
2026-09-01,ORCHPHARMA,ORCHID PHARMA LIMITED,974.0,984.95,941.95,947.9,970.9,45671
2026-09-01,ORICONENT,ORICON ENTERPRISES LTD,54.99,55.6,53.07,53.3,54.63,20075
2026-09-01,ORIENTBELL,ORIENT BELL LIMITED,390.4,413.35,383.0,390.45,390.4,157410
2026-09-01,ORIENTCEM,ORIENT CEMENT LTD.,129.55,133.92,127.5,128.16,129.55,241951
2026-09-01,ORIENTCER,ORIENT CERATECH LIMITED,45.98,45.98,43.0,43.2,44.87,203450
2026-09-01,ORIENTELEC,ORIENT ELECTRIC LIMITED,181.13,181.94,176.65,177.66,179.83,106717
2026-09-01,GREENPOWER,ORIENT GREEN POWER CO LTD,9.11,9.25,9.07,9.12,9.19,1657142
2026-09-01,ORIENTHOT,ORIENT HOTELS LTD,139.15,140.96,137.65,138.65,139.02,495717
2026-09-01,ORIENTPPR,ORIENT PAPER AND INDS LTD,16.75,16.94,16.6,16.78,16.86,242404
2026-09-01,ORIENTTECH,ORIENT TECHNOLOGIES LTD,237.2,241.0,236.18,238.46,239.0,83519
2026-09-01,OAL,ORIENTAL AROMATICS LTD,464.95,469.9,439.95,446.3,463.9,66760
2026-09-01,ORIRAIL,ORIENTAL RAIL INFRA L,129.25,130.0,122.1,124.79,127.81,97252
2026-09-01,ORIENTALTL,ORIENTAL TRIMEX LTD,5.13,5.13,4.7,4.96,5.03,162923
2026-09-01,ORISSAMINE,ORISSA MIN DEV CO LTD,4325.0,4435.0,4300.0,4325.0,4314.4,10145
2026-09-01,ORKLAINDIA,ORKLA INDIA LIMITED,594.6,606.0,581.5,584.5,594.6,248327
2026-09-01,ORTINGLOBE,ORTIN GLOBAL LIMITED,15.34,16.06,14.8,15.86,15.3,36130
2026-09-01,OSWALAGRO,OSWAL AGRO MILLS LTD,37.02,38.75,36.55,36.9,37.56,61561
2026-09-01,OSWALGREEN,OSWAL GREENTECH LIMITED,20.49,20.73,20.12,20.41,20.11,98468
2026-09-01,OSWALPUMPS,OSWAL PUMPS LIMITED,293.8,293.8,289.05,291.35,292.3,192081
2026-09-01,PBMPOLY,P B M POLYTEX LTD.,56.53,65.0,56.53,64.41,60.8,599
2026-09-01,PNGJL,P N GADGIL JEWELLERS LTD,586.0,595.75,580.25,586.65,583.9,551193
2026-09-01,POEL,P O C L ENTERPRISES LTD.,150.44,152.71,148.0,148.42,150.44,21825
2026-09-01,PGHH,P&G HYGIENE & HEALTH CARE,7920.0,7980.0,7860.5,7881.5,7979.5,13275
2026-09-01,PACEDIGITK,PACE DIGITEK LIMITED,172.0,172.9,164.92,166.37,171.64,748627
2026-09-01,PACIFICI,PACIFIC INDUSTRIES LTD.,140.5,141.94,136.01,136.02,141.94,381
2026-09-01,PAGEIND,PAGE INDUSTRIES LTD,35620.0,35800.0,35385.0,35675.0,35800.0,15534
2026-09-01,PAISALO,PAISALO DIGITAL LIMITED,67.05,67.34,65.11,67.07,67.31,10047532
2026-09-01,PAKKA,PAKKA LIMITED,77.0,78.49,76.19,76.68,76.19,56925
2026-09-01,PALASHSECU,PALASH SECURITIES LTD,88.22,91.89,88.0,90.77,88.22,648
2026-09-01,PANACEABIO,PANACEA BIOTEC LTD,386.5,397.25,384.0,390.9,387.1,114701
2026-09-01,PANAMAPET,PANAMA PETROCHEM LTD,471.0,492.8,465.95,487.05,471.35,467593
2026-09-01,PANCHMAHQ,PANCHMAHAL STEEL LTD.,283.0,302.5,283.0,292.1,302.0,250
2026-09-01,PANORAMA,PANORAMA STUDIOS INTL. L,41.9,43.86,41.5,42.57,42.38,194529
2026-09-01,PANSARI,PANSARI DEVELOPERS LTD,308.0,313.0,303.0,303.8,302.85,465
2026-09-01,PAR,PAR DRUGS AND CHEM LTD,120.0,140.82,118.52,140.6,117.35,619562
2026-09-01,PARADEEP,PARADEEP PHOSPHATES LTD,160.75,162.25,156.61,157.51,160.04,3301930
2026-09-01,PARAGMILK,PARAG MILK FOODS LTD.,256.2,262.35,250.9,259.1,254.42,2360487
2026-09-01,PARACABLES,PARAMOUNT COMM LTD,65.3,66.39,63.0,63.45,65.34,3133802
2026-09-01,PARAS,PARAS DEF AND SPCE TECH L,1430.0,1433.2,1360.8,1380.1,1432.9,1131108
2026-09-01,PARASPETRO,PARAS PETROFILS LTD.,2.24,2.24,2.09,2.1,2.19,292773
2026-09-01,PARKHOSPS,PARK MEDI WORLD LIMITED,286.75,289.95,276.55,280.5,286.55,1350014
2026-09-01,PARKHOTELS,PARKHOTELS,112.4,113.36,111.1,111.92,112.48,77042
2026-09-01,PARNAXLAB,PARNAX LAB LTD.,130.0,143.9,130.0,140.78,132.0,22887
2026-09-01,PASHUPATI,PASHUPATI COTSPIN LIMITED,84.0,84.69,82.75,83.1,83.34,8716
2026-09-01,PATANJALI,PATANJALI FOODS LIMITED,345.0,347.95,342.5,345.8,345.0,2399142
2026-09-01,PATELENG,PATEL ENGINEERING LTD.,28.03,28.26,27.7,27.76,28.03,1647620
2026-09-01,PATELRMART,PATEL RETAIL LIMITED,226.6,229.5,221.2,223.14,226.72,44437
2026-09-01,PML,PAUL MERCHANTS LTD.,481.0,493.0,481.0,492.0,493.0,236
2026-09-01,PAUSHAKLTD,PAUSHAK LIMITED,758.0,824.0,752.5,801.6,758.05,134619
2026-09-01,PAVNAIND,PAVNA INDUSTRIES LIMITED,18.42,18.42,16.67,17.17,18.04,72205
2026-09-01,POLICYBZR,PB FINTECH LIMITED,1845.0,1847.8,1812.1,1829.2,1875.0,1724303
2026-09-01,PCJEWELLER,PC JEWELLER LTD,10.98,11.24,10.2,10.32,10.99,445157676
2026-09-01,PCBL,PCBL CHEMICAL LIMITED,317.05,322.7,313.6,317.5,317.05,550836
2026-09-01,PDSL,PDS LIMITED,368.0,368.0,357.15,359.85,368.1,54608
2026-09-01,PGIL,PEARL GLOBAL IND LIMITED,2470.0,2482.0,2339.0,2348.0,2463.8,67346
2026-09-01,PEARLPOLY,PEARL POLYMERS LTD,15.49,16.09,15.01,15.05,15.49,5000
2026-09-01,PENIND,PENNAR INDUSTRIES LTD,167.0,170.5,164.58,165.66,166.13,421968
2026-09-01,PERMAGN,PERMANENT MAGNETS LTD.,873.6,900.0,872.05,895.1,882.95,1525
2026-09-01,PERSISTENT,PERSISTENT SYSTEMS LTD,5621.5,5852.5,5603.0,5800.0,5594.5,592977
2026-09-01,PETRONET,PETRONET LNG LIMITED,294.1,296.65,290.4,292.3,300.6,1081102
2026-09-01,PFIZER,PFIZER LTD,4684.4,4707.8,4637.0,4665.9,4684.4,11992
2026-09-01,PGEL,PG ELECTROPLAST LTD,575.0,578.5,566.0,569.9,581.0,728869
2026-09-01,PHOENXINTL,PHOENIX INTERNATIONAL LTD,30.01,33.0,29.55,31.58,31.16,878
2026-09-01,PWL,PHYSICSWALLAH LIMITED,117.0,117.22,113.59,114.94,116.3,6598735
2026-09-01,PIIND,PI INDUSTRIES LTD,2391.8,2402.1,2370.7,2397.1,2370.0,139983
2026-09-01,PICCADIL,PICCADILY AGRO INDUSTRI L,635.1,648.9,628.0,634.0,635.1,213536
2026-09-01,PIDILITIND,PIDILITE INDUSTRIES LTD,1675.0,1675.5,1637.5,1643.5,1687.7,990170
2026-09-01,PILITA,PIL ITALICA LIFESTYLE LTD,8.1,8.23,7.9,8.08,7.94,35041
2026-09-01,PILANIINVS,PILANI INV & IND COR LTD,4382.8,4388.3,4312.2,4353.2,4353.4,718
2026-09-01,PINELABS,PINE LABS LIMITED,163.4,163.87,158.47,159.89,164.03,6836836
2026-09-01,PIONEEREMB,PIONEER EMBROIDERIES LTD,21.21,22.28,21.21,21.73,21.76,5284
2026-09-01,PIRAMALFIN,PIRAMAL FINANCE LIMITED,2295.1,2299.9,2210.0,2226.1,2300.4,1213854
2026-09-01,PPLPHARMA,PIRAMAL PHARMA LIMITED,215.0,216.12,210.5,213.2,214.4,3147005
2026-09-01,PITTIENG,PITTI ENGINEERING LIMITED,1106.1,1119.9,1059.5,1074.7,1106.35,166075
2026-09-01,PIXTRANS,PIX TRANSMISSIONS LIMITED,1821.3,1824.4,1780.0,1785.1,1818.6,6994
2026-09-01,PLASTIBLEN,PLASTIBLENDS INDIA LTD,186.78,187.75,184.5,185.59,185.48,20740
2026-09-01,PLATIND,PLATINUM INDUSTRIES LTD,232.66,235.5,225.91,227.79,235.3,40566
2026-09-01,PLAZACABLE,PLAZA WIRES LIMITED,57.0,59.37,55.55,58.92,56.55,302514
2026-09-01,PNBGILTS,PNB GILTS LIMITED,77.52,77.79,75.86,76.44,76.96,168989
2026-09-01,PNBHOUSING,PNB HOUSING FIN LTD.,1140.0,1156.4,1135.0,1152.0,1148.7,2221980
2026-09-01,PNCINFRA,PNC INFRATECH LTD.,188.2,192.0,187.5,188.77,188.15,265278
2026-09-01,PNGSREVA,PNGS REVA DIAMOND JEWEL L,537.25,544.3,492.55,511.25,536.55,287474
2026-09-01,PODDARMENT,PODDAR PIGMENTS LIMITED,255.0,256.65,250.3,256.2,254.75,3211
2026-09-01,POKARNA,POKARNA LIMITED,854.85,856.95,838.0,841.95,854.85,38548
2026-09-01,POLYMED,POLY MEDICURE LIMITED,1754.9,1765.0,1721.6,1756.4,1759.6,180195
2026-09-01,POLYCAB,POLYCAB INDIA LIMITED,9200.0,9209.0,8871.0,8895.5,9445.0,653035
2026-09-01,POLYPLEX,POLYPLEX CORPORATION LTD,1183.1,1203.9,1175.0,1187.7,1182.6,59402
2026-09-01,POLYSPIN,POLYSPIN EXPORTS LTD.,30.44,30.44,30.1,30.1,30.46,30
2026-09-01,POCL,PONDY OXIDES & CHEM LTD,499.8,500.5,480.0,484.75,495.6,445559
2026-09-01,PONNIERODE,PONNIE SUGARS (ERODE) LTD,406.5,406.5,377.1,380.2,403.3,37380
2026-09-01,POONAWALLA,POONAWALLA FINCORP LTD,463.85,467.0,454.9,460.95,463.8,1157729
2026-09-01,PVSL,POPULAR VEHICLES N SER L,103.0,106.99,103.0,103.7,105.02,21737
2026-09-01,PFC,POWER FIN CORP LTD.,343.3,347.75,343.2,345.8,336.3,8352858
2026-09-01,POWERGRID,POWER GRID CORP. LTD.,263.3,264.55,261.7,264.55,263.55,8499123
2026-09-01,PIGL,POWER INSTRUMENT (G) LTD,100.25,102.0,99.0,99.68,100.16,40325
2026-09-01,POWERMECH,POWER MECH PROJECTS LTD.,2521.0,2528.0,2454.0,2481.0,2521.2,48114
2026-09-01,POWERICA,POWERICA LIMITED,519.0,524.75,509.0,512.35,519.0,42474
2026-09-01,PRABHA,PRABHA ENERGY LIMITED,205.78,215.0,201.1,212.56,204.61,121456
2026-09-01,PRAJIND,PRAJ INDUSTRIES LTD,344.0,346.7,337.4,340.3,343.9,428898
2026-09-01,PRAENG,PRAJAY ENG. SYN. LTD.,20.91,25.2,20.91,24.44,21.49,530839
2026-09-01,PRAKASH,PRAKASH INDUSTRIES LTD,128.0,128.01,125.0,126.22,127.4,256292
2026-09-01,PRAKASHSTL,PRAKASH STEELAGE LTD,3.85,3.93,3.81,3.87,3.86,54237
2026-09-01,DIAMONDYD,PRATAAP SNACKS LIMITED,1147.1,1160.1,1127.6,1144.8,1147.1,27059
2026-09-01,PRAVEG,PRAVEG LTD.,267.05,272.0,262.55,265.95,265.1,33778
2026-09-01,PRAXIS,PRAXIS HOME RETAIL LTD,4.82,4.82,4.6,4.69,4.75,135235
2026-09-01,PRECAM,PRECISION CAMSHAFTS LTD.,125.26,127.59,122.1,123.15,125.46,133543
2026-09-01,PRECWIRE,PRECISION WIRES INDIA LTD,505.05,510.95,488.3,497.3,505.6,861436
2026-09-01,PRECOT,PRECOT LIMITED,727.0,727.0,691.5,694.9,704.55,2423
2026-09-01,PREMCO,PREMCO GLOBAL LTD.,380.0,389.0,377.2,382.6,380.4,116
2026-09-01,PREMIERENE,PREMIER ENERGIES LIMITED,1023.1,1028.8,1011.1,1012.9,1036.3,506640
2026-09-01,PREMEXPLN,PREMIER EXPLOSIVES LTD,662.15,668.0,662.0,663.95,662.8,85642
2026-09-01,PREMIERPOL,PREMIER POLYFILM LTD,89.82,94.6,89.5,90.44,90.58,300461
2026-09-01,PRESTIGE,PRESTIGE ESTATE LTD,1597.1,1597.1,1548.2,1570.0,1633.0,701659
2026-09-01,PRICOLLTD,PRICOL LIMITED,814.95,814.95,783.95,797.0,803.25,308540
2026-09-01,PFOCUS,PRIME FOCUS LIMITED,287.7,299.4,281.5,286.5,287.3,803910
2026-09-01,PRIMESECU,PRIME SECURITIES LIMITED,286.95,296.45,281.15,282.7,286.95,37051
2026-09-01,PRIMO,PRIMO CHEMICALS LIMITED,21.01,21.65,20.95,21.26,21.12,93270
2026-09-01,PRINCEPIPE,PRINCE PIPES FITTINGS LTD,294.1,295.35,285.0,291.75,294.1,155581
2026-09-01,PRSMJOHNSN,PRISM JOHNSON LIMITED,111.3,112.7,111.0,111.2,111.22,322538
2026-09-01,PRISMX,PRISMX GLOBAL VENTURES L,0.54,0.55,0.53,0.53,0.53,132128
2026-09-01,PNC,PRITISH NANDY COMMUNICATI,17.31,17.48,16.6,16.89,17.31,8774
2026-09-01,PRIVISCL,PRIVI SPECIALITY CHE LTD,3484.8,3484.8,3309.7,3345.9,3474.1,125467
2026-09-01,PGHL,PROCTER & GAMBLE HEALTH L,5741.0,5825.0,5663.5,5776.0,5768.0,8755
2026-09-01,PROSTARM,PROSTARM INFO SYSTEMS LTD,137.19,137.19,131.01,131.72,136.18,143547
2026-09-01,PROTEAN,PROTEAN EGOV TECHNO LTD,524.3,525.0,507.2,509.9,520.85,242188
2026-09-01,PROZONER,PROZONE REALTY LIMITED,45.0,45.78,44.0,44.92,44.92,299042
2026-09-01,PRUDENT,PRUDENT CORP ADV SER LTD,3700.0,3729.8,3305.4,3352.3,3674.4,95588
2026-09-01,PSPPROJECT,PSP PROJECTS LIMITED,879.7,895.0,866.1,874.5,876.7,40894
2026-09-01,PFS,PTC INDIA FIN SERV LTD,27.03,27.42,26.87,26.96,27.02,377079
2026-09-01,PTC,PTC INDIA LIMITED,151.95,158.92,151.94,155.2,150.89,3061118
2026-09-01,PTCIL,PTC INDUSTRIES LIMITED,21860.0,22945.0,21835.0,22755.0,22114.0,56171
2026-09-01,PTL,PTL ENTERPRISES LTD,38.26,38.99,38.16,38.39,38.65,20969
2026-09-01,PDMJEPAPER,PUDUMJEE PAPER PRO. LTD,95.08,95.94,91.01,92.57,95.21,130691
2026-09-01,PSB,PUNJAB & SIND BANK,22.87,22.94,22.51,22.58,22.89,890182
2026-09-01,PUNJABCHEM,PUNJAB CHEM & CROP PROT L,1116.5,1122.6,1098.1,1109.3,1118.5,1918
2026-09-01,PNB,PUNJAB NATIONAL BANK,114.49,116.5,114.07,115.22,114.23,10969598
2026-09-01,PURVA,PURAVANKARA LIMITED,213.0,214.0,210.0,212.38,212.93,69983
2026-09-01,PVP,PVP VENTURES LIMITED,67.7,71.9,65.06,65.06,68.48,4370907
2026-09-01,PVRINOX,PVR INOX LIMITED,1244.0,1244.0,1211.0,1228.2,1207.7,838525
2026-09-01,PYRAMID,PYRAMID TECHNOPLAST LTD,158.48,160.48,156.5,158.08,158.47,26551
2026-09-01,QUADFUTURE,QUADRANT FUTURE TEK LTD,421.55,437.7,412.8,419.15,421.55,441477
2026-09-01,QPOWER,QUALITY POWER ELEC EQUP L,1449.0,1500.0,1440.0,1488.0,1435.8,305160
2026-09-01,QGOLDHALF,QUANTUM GOLD ETF,127.68,127.86,125.31,125.58,127.78,430633
2026-09-01,QNIFTY,QUANTUM NIFTY 50 ETF,264.6,266.0,264.0,264.36,265.3,1110
2026-09-01,SILVER001,QUANT_AMC - SILVER001,24.05,24.14,22.98,23.0,23.58,38711
2026-09-01,QUESS,QUESS CORP LIMITED,382.0,386.95,374.8,379.5,381.75,560755
2026-09-01,QUINT,QUINT DIGITAL LTD.,41.4,41.4,39.99,40.97,41.02,2670
2026-09-01,RKSWAMY,R K SWAMY LIMITED,92.9,92.9,90.0,90.58,91.79,33508
2026-09-01,RRIL,R R I L LTD.,16.81,17.3,16.66,16.67,16.81,3127
2026-09-01,RRKABEL,R R KABEL LIMITED,2942.6,2980.0,2834.0,2869.8,2928.4,520093
2026-09-01,RSYSTEMS,R SYS INTERNATIONAL LTD,245.3,257.4,243.36,255.74,245.3,464401
2026-09-01,RTSPOWR,R T S POWER CORPN. LTD.,86.6,93.75,86.6,89.08,86.57,4669
2026-09-01,RNBDENIMS,R&B DENIMS LIMITED,10.83,10.83,10.83,10.83,10.32,176886
2026-09-01,RSSOFTWARE,R. S. SOFTWARE (INDIA) LI,29.8,30.5,28.4,28.72,29.74,70785
2026-09-01,RPPINFRA,R.P.P INFRA PROJECTS LTD,56.04,57.3,55.41,56.57,55.62,38477
2026-09-01,RACE,RACE ECO CHAIN LIMITED,100.0,103.0,98.55,99.68,101.0,25870
2026-09-01,RACLGEAR,RACL GEARTECH LIMITED,1544.0,1597.0,1521.8,1537.9,1535.8,60673
2026-09-01,RADAAN,RADAAN MEDIAWORKS (I) LTD,3.1,3.1,2.56,2.9,3.07,158918
2026-09-01,RADHIKAJWE,RADHIKA JEWELTECH LIMITED,67.15,74.5,67.15,71.1,67.45,4272940
2026-09-01,RADIANTCMS,RADIANT CASH MGMT SER LTD,39.89,40.49,38.8,39.07,39.7,365694
2026-09-01,RADICO,RADICO KHAITAN LTD,4481.4,4540.0,4393.4,4474.3,4485.0,473936
2026-09-01,RPEL,RAGHAV PRODUCTIVITY ENH L,1798.0,1798.0,1685.2,1727.1,1771.2,83386
2026-09-01,RVNL,RAIL VIKAS NIGAM LIMITED,210.21,212.23,208.0,208.38,210.0,3502970
2026-09-01,RAILTEL,RAILTEL CORP OF IND LTD,274.55,283.1,274.45,277.9,275.9,829423
2026-09-01,RAIN,RAIN INDUSTRIES LIMITED,197.1,209.7,196.72,206.55,195.35,7806876
2026-09-01,RAINBOW,RAINBOW CHILDRENS MED LTD,1420.0,1469.2,1414.3,1446.4,1414.7,184439
2026-09-01,ROML,RAJ OIL MILLS LIMITED,42.63,44.26,42.63,43.15,42.62,3185
2026-09-01,RAJTV,RAJ TV NETWORK LTD,9.97,9.97,9.39,9.39,9.88,38390
2026-09-01,RAJPALAYAM,RAJAPALAYAM MILLS LTD.,800.0,819.75,800.0,810.0,806.65,990
2026-09-01,ARENTERP,RAJDARSHAN INDUSTRIES LTD,36.97,36.97,35.1,35.31,36.97,872
2026-09-01,RAJMET,RAJNANDINI METAL LIMITED,3.09,3.18,3.09,3.11,3.1,286357
2026-09-01,RSL,RAJPUTANA STAINLESS LTD,177.3,183.53,175.95,176.74,177.66,348027
2026-09-01,RAJRATAN,RAJRATAN GLOBAL WIRE LTD,499.9,508.0,490.8,496.7,497.15,100568
2026-09-01,RAJSREESUG,RAJSHREE SUGAR & CHEMICAL,38.4,39.8,36.07,36.23,37.8,55285
2026-09-01,RALLIS,RALLIS INDIA LTD,208.0,210.2,206.2,207.17,207.19,352377
2026-09-01,RAMRAT,RAM RATNA WIRES LIMITED,563.8,576.15,555.05,570.2,563.7,411062
2026-09-01,RAMAPHO,RAMA PHOSPHATES LIMITED,123.9,124.0,121.76,122.22,123.36,10353
2026-09-01,RAMCOIND,RAMCO INDUSTRIES LIMITED,329.5,331.5,319.95,323.7,328.05,171089
2026-09-01,RAMCOSYS,RAMCO SYSTEMS LTD.,576.0,597.5,575.0,590.95,575.25,131563
2026-09-01,RKFORGE,RAMKRISHNA FORGINGS LTD,747.8,759.0,737.5,753.6,743.6,1216792
2026-09-01,RAMKY,RAMKY INFRA LTD,352.6,360.0,341.05,343.85,351.4,104716
2026-09-01,RANASUG,RANA SUGARS LTD.,15.76,16.2,14.75,14.94,15.64,370713
2026-09-01,RML,RANE (MADRAS) LIMITED,1127.9,1131.9,1105.0,1117.2,1129.7,11767
2026-09-01,RANEHOLDIN,RANE HOLDINGS LIMITED,1561.3,1578.8,1550.0,1560.7,1566.8,7811
2026-09-01,RPTECH,RASHI PERIPHERALS LIMITED,816.1,836.4,802.0,809.1,816.1,257239
2026-09-01,RCF,RASHTRIYA CHEMICALS & FER,114.79,116.2,114.0,114.51,113.52,1301482
2026-09-01,RATEGAIN,RATEGAIN TRAVEL TECHN LTD,930.7,939.3,904.15,911.25,937.7,395580
2026-09-01,RATNAMANI,RATNAMANI MET & TUB LTD.,2649.7,2682.6,2565.1,2605.1,2649.7,43960
2026-09-01,RATNAVEER,RATNAVEER PRECISION ENG L,307.45,311.0,277.15,291.35,306.02,6186602
2026-09-01,RTNINDIA,RATTANINDIA ENT LIMITED,30.15,30.49,30.0,30.02,30.04,839175
2026-09-01,RTNPOWER,RATTANINDIA POWER LIMITED,7.53,7.85,7.43,7.45,7.5,26977471
2026-09-01,RKDL,RAVI KUMAR DIST. LTD.,18.76,18.76,18.22,18.63,18.39,2053
2026-09-01,RVHL,RAVINDER HEIGHTS LIMITED,37.75,40.43,37.75,39.24,38.52,4181
2026-09-01,RELTD,RAVINDRA ENERGY LIMITED,161.0,161.5,152.72,153.9,159.17,271815
2026-09-01,RAYMONDLSL,RAYMOND LIFESTYLE LIMITED,666.1,670.8,633.0,637.15,662.75,312798
2026-09-01,RAYMOND,RAYMOND LTD,631.5,644.0,626.25,635.3,631.85,300895
2026-09-01,RAYMONDREL,RAYMOND REALTY LIMITED,532.2,541.5,513.1,516.75,532.2,453833
2026-09-01,RBLBANK,RBL BANK LIMITED,379.55,383.75,377.8,380.5,380.35,2288711
2026-09-01,RBZJEWEL,RBZ JEWELLERS LIMITED,162.0,178.42,160.0,169.0,150.79,5612930
2026-09-01,RRECL,RDB REAL ESTATE CONS L,146.34,146.34,130.41,134.15,144.9,564
2026-09-01,RECLTD,REC LIMITED,318.4,318.4,313.0,314.05,323.3,6496998
2026-09-01,REDINGTON,REDINGTON LIMITED,358.25,358.8,347.05,349.6,357.75,3398327
2026-09-01,REDTAPE,REDTAPE LIMITED,123.13,124.79,121.3,122.19,124.15,334316
2026-09-01,REFEX,REFEX INDUSTRIES LIMITED,282.75,287.4,276.05,277.6,282.5,265132
2026-09-01,REGAAL,REGAAL RESOURCES LIMITED,88.75,90.19,85.45,87.9,89.02,236180
2026-09-01,REGENCERAM,REGENCY CERAMICS LTD.,36.0,36.0,34.11,34.49,33.98,2600
2026-09-01,RELAXO,RELAXO FOOT LTD.,358.95,361.75,352.0,359.35,357.85,140569
2026-09-01,GILT5YBEES,RELCAPAMC - NETFGILT5Y,66.29,66.29,65.92,66.04,66.05,291766
2026-09-01,RELIABLE,RELIABLE DATA SERVICE LTD,140.0,140.0,134.83,135.98,137.84,66335
2026-09-01,RELCHEMQ,RELIANCE CHEMOTEX IND LTD,116.5,117.6,112.99,113.19,113.85,3523
2026-09-01,RIIL,RELIANCE INDUSTRIAL INFRA,753.0,756.0,742.05,749.7,752.45,39245
2026-09-01,RELIANCE,RELIANCE INDUSTRIES LTD,1285.0,1311.8,1280.0,1309.0,1277.0,12617528
2026-09-01,RPOWER,RELIANCE POWER LTD.,22.11,22.65,22.01,22.26,22.09,14834527
2026-09-01,IVZBANKNF,RELIGARAMC - IVZBANKNF,57.47,57.53,57.3,57.3,57.28,706
2026-09-01,IVZSENSEX,RELIGARAMC - IVZSENSEX,76.86,77.3,76.35,76.35,75.96,1301
2026-09-01,RELIGARE,RELIGARE ENTER. LTD.,247.05,254.25,244.3,249.78,242.8,2497774
2026-09-01,REMSONSIND,REMSONS INDUSTRIES LTD,100.44,101.69,94.0,97.44,98.48,359616
2026-09-01,RGL,RENAISSANCE GLOBAL LTD,135.75,141.47,134.1,136.96,135.22,1026778
2026-09-01,REPCOHOME,REPCO HOME FINANCE LTD,362.25,368.6,360.15,362.8,363.0,71878
2026-09-01,REPRO,REPRO INDIA LIMITED,310.8,334.8,301.0,328.6,306.1,69747
2026-09-01,RESPONIND,RESPONSIVE INDUSTRIES LTD,149.56,152.99,149.0,150.17,149.05,83029
2026-09-01,RBA,RESTAURANT BRAND ASIA LTD,98.5,100.8,95.17,99.96,98.1,4212089
2026-09-01,RVTH,REVATHI EQUIPMENT INDIA L,726.0,745.95,719.95,740.25,726.2,773
2026-09-01,RHETAN,RHETAN TMT LIMITED,19.16,19.44,19.11,19.12,19.11,10248180
2026-09-01,RHIM,RHI MAGNESITA INDIA LTD,373.9,377.8,365.6,368.2,371.6,274972
2026-09-01,RICOAUTO,RICO AUTO INDUSTRIES LTD,129.0,130.16,125.64,127.39,129.62,572270
2026-09-01,RIR,RIR POWER ELECTRONICS L,160.45,160.46,156.05,157.5,159.27,78861
2026-09-01,RISHABH,RISHABH INSTRUMENTS LTD,705.45,725.0,687.0,695.7,705.45,247671
2026-09-01,RITCO,RITCO LOGISTICS LIMITED,304.9,307.6,298.25,300.3,307.45,65006
2026-09-01,RITES,RITES LIMITED,217.0,218.43,215.5,216.38,218.44,350274
2026-09-01,RKEC,RKEC PROJECTS LIMITED,22.89,22.89,21.21,21.54,22.28,35351
2026-09-01,RMC,RMC SWITCHGEARS LIMITED,240.0,240.35,230.0,232.45,240.35,58149
2026-09-01,RHL,ROBUST HOTELS LIMITED,166.5,171.4,165.0,169.45,165.46,6977
2026-09-01,ROLEXRINGS,ROLEX RINGS LIMITED,180.6,182.52,176.91,178.68,180.59,1101246
2026-09-01,ROSSARI,ROSSARI BIOTECH LIMITED,485.15,488.95,474.5,476.55,485.15,73740
2026-09-01,ROSSELLIND,ROSSELL INDIA LIMITED,58.4,58.89,57.61,58.13,58.46,56872
2026-09-01,ROSSTECH,ROSSELL TECHSYS LIMITED,1119.0,1158.0,1096.0,1136.2,1109.95,229506
2026-09-01,ROTO,ROTO PUMPS LIMITED,63.6,67.4,61.4,65.97,62.85,986286
2026-09-01,ROUTE,ROUTE MOBILE LIMITED,500.0,511.65,495.95,501.95,500.0,143191
2026-09-01,ROHLTD,ROYAL ORCHID HOTELS LTD,301.0,303.0,296.6,297.4,296.35,10219
2026-09-01,RPGLIFE,RPG LIFE SCIENCES LTD,2665.0,2665.0,2578.0,2590.5,2629.0,5524
2026-09-01,RPSGVENT,RPSG VENTURES LIMITED,850.2,852.95,834.95,842.35,848.4,23016
2026-09-01,RUBFILA,RUBFILA INTERNATIONAL LTD,68.49,69.69,68.0,68.48,68.69,13078
2026-09-01,RUBICON,RUBICON RESEARCH LIMITED,1828.6,1875.0,1795.5,1822.2,1819.6,249807
2026-09-01,RUCHINFRA,RUCHI INFRASTRUCTURE LTD,5.42,5.8,5.42,5.68,5.75,71559
2026-09-01,RUCHIRA,RUCHIRA PAPERS LIMITED,102.6,103.57,102.53,102.97,102.53,13020
2026-09-01,RUDRA,RUDRA GLOBAL INFRA PROD L,20.99,21.6,20.01,20.79,20.59,519907
2026-09-01,RUPA,RUPA & COMPANY LTD,147.14,147.97,144.9,145.38,147.65,80956
2026-09-01,RUSHIL,RUSHIL DECOR LIMITED,16.4,16.88,16.2,16.24,16.4,148799
2026-09-01,SAB,S A B INDUSTRIES LTD.,170.0,175.0,170.0,175.0,170.0,102
2026-09-01,SCHAND,S CHAND AND COMPANY LTD,135.5,138.51,133.01,133.55,137.76,36217
2026-09-01,SHK,S H KELKAR AND CO. LTD.,151.46,154.29,147.4,148.67,151.46,344898
2026-09-01,SVGLOBAL,S V GLOBAL MILL LTD.,126.0,132.0,124.01,131.29,138.44,72
2026-09-01,S&SPOWER,S&S POWER SWITCHGEARS LTD,341.65,341.65,331.0,331.45,341.6,1019
2026-09-01,SPAL,S. P. APPARELS LIMITED,1054.0,1064.5,1003.1,1021.3,1050.25,82949
2026-09-01,SALSTEEL,S.A.L. STEEL LTD.,80.0,82.73,80.0,82.43,78.8,761423
2026-09-01,SAATVIKGL,SAATVIK GREEN ENERGY LTD,414.05,424.7,408.9,420.5,417.95,47469
2026-09-01,SADBHAV,SADBHAV ENGINEERING LTD,8.03,8.42,8.03,8.03,8.45,716931
2026-09-01,SAFARI,SAFARI IND (INDIA) LTD,1511.0,1545.5,1505.2,1530.9,1511.0,52039
2026-09-01,SAGCEM,SAGAR CEMENTS LIMITED,159.62,165.0,156.41,157.03,159.62,43386
2026-09-01,SAGARDEEP,SAGARDEEP ALLOYS LIMITED,23.75,24.38,23.66,23.76,23.64,4552
2026-09-01,SAGILITY,SAGILITY LIMITED,47.05,47.12,45.9,46.45,47.05,13901435
2026-09-01,SAHYADRI,SAHYADRI INDUSTRIES LTD,359.9,360.0,351.0,352.8,356.2,9142
2026-09-01,SAICAPI,SAI CAPITAL LTD.,159.8,159.8,146.1,148.15,154.0,49
2026-09-01,SAILIFE,SAI LIFE SCIENCES LIMITED,1460.1,1560.0,1460.1,1518.1,1459.7,2643744
2026-09-01,SAIPARENT,SAI PARENTERALS LIMITED,520.2,524.05,514.3,518.75,520.2,57040
2026-09-01,KALAMANDIR,SAI SILKS (KALAMANDIR) L,85.9,86.49,85.23,85.62,85.84,184651
2026-09-01,SEKURITIND,SAINT GOBAIN SEKUR IND L,117.99,118.19,114.47,116.59,114.45,27223
2026-09-01,SAKAR,SAKAR HEALTHCARE LIMITED,866.3,999.0,864.0,965.75,863.35,1182114
2026-09-01,SAKSOFT,SAKSOFT LIMITED,155.49,157.0,153.21,154.22,155.35,217740
2026-09-01,SAKHTISUG,SAKTHI SUGARS LTD,21.18,21.18,20.32,20.4,21.2,175353
2026-09-01,SAKUMA,SAKUMA EXPORTS LIMITED,1.67,1.68,1.61,1.62,1.66,800644
2026-09-01,SALASAR,SALASAR TECHNO ENGG. LTD.,5.88,5.91,5.82,5.84,5.91,1433981
2026-09-01,SALONA,SALONA COTSPIN LTD.,266.0,274.0,263.5,270.0,266.02,718
2026-09-01,SALZERELEC,SALZER ELECTRONICS LTD,545.55,546.65,527.0,538.75,546.4,55668
2026-09-01,SAMBANDAM,SAMBANDAM SPINNING MILL L,116.0,119.0,111.06,113.49,116.02,752
2026-09-01,SAMBHAAV,SAMBHAAV MEDIA LTD,6.06,6.29,5.86,5.98,6.06,24917
2026-09-01,SAMBHV,SAMBHV STEEL TUBES LTD,128.75,129.9,125.47,126.93,127.91,1005542
2026-09-01,SAMHI,SAMHI HOTELS LIMITED,156.0,156.21,152.35,153.05,156.36,844223
2026-09-01,SAMMAANCAP,SAMMAAN CAPITAL LIMITED,146.5,151.2,145.91,147.14,146.31,5856185
2026-09-01,SAMPANN,SAMPANN UTPADAN INDIA LTD,26.05,26.68,24.0,24.59,26.05,39567
2026-09-01,MOTHERSON,SAMVRDHNA MTHRSN INTL LTD,170.0,170.0,163.3,165.6,170.68,14103203
2026-09-01,SANATHAN,SANATHAN TEXTILES LIMITED,451.95,451.95,428.0,440.25,452.25,53599
2026-09-01,SANDESH,SANDESH LTD,1056.1,1097.9,1053.0,1059.4,1050.7,1378
2026-09-01,SANDHAR,SANDHAR TECHNOLOGIES LTD,655.0,676.8,648.0,653.15,653.55,250171
2026-09-01,SANDUMA,SANDUR MANG & IRON ORES L,205.0,205.0,198.99,200.4,202.39,340989
2026-09-01,SANGAMIND,SANGAM (INDIA) LTD,594.3,597.95,585.15,586.65,600.2,10189
2026-09-01,SANGHVIMOV,SANGHVI MOVERS LTD,458.25,466.65,448.8,458.05,457.25,233054
2026-09-01,SANOFICONR,SANOFI CONS HEALTHC IND L,4125.0,4155.7,4107.0,4137.8,4140.2,1965
2026-09-01,SANOFI,SANOFI INDIA LIMITED,3115.0,3190.0,3102.5,3155.0,3124.0,16301
2026-09-01,SANSERA,SANSERA ENGINEERING LTD,4084.9,4084.9,3861.1,3903.0,4018.0,224580
2026-09-01,SANSTAR,SANSTAR LIMITED,110.97,110.97,106.55,107.36,110.36,87259
2026-09-01,SAPPHIRE,SAPPHIRE FOODS INDIA LTD,235.49,238.7,228.03,229.96,234.41,420140
2026-09-01,ZSARACOM,SARASWATI COMM (INDIA) L,11034.0,11034.0,10600.0,10702.0,10980.0,14
2026-09-01,SSDL,SARASWATI SAREE DEPOT LTD,55.91,57.79,55.91,56.23,56.46,26635
2026-09-01,SARDAEN,SARDA ENERGY & MIN LTD,498.0,504.8,489.5,497.05,498.9,331824
2026-09-01,SAREGAMA,SAREGAMA INDIA LIMITED,477.0,496.95,475.3,493.75,479.9,443939
2026-09-01,SARLAPOLY,SARLA PERF. FIBERS LTD,99.51,105.0,99.51,103.81,100.01,221455
2026-09-01,SMLT,SARTHAK METALS LIMITED,65.0,66.46,64.4,65.61,64.6,7345
2026-09-01,SARVESHWAR,SARVESHWAR FOODS LIMITED,3.36,3.4,3.31,3.33,3.36,890835
2026-09-01,SASKEN,SASKEN TECHNOLOGIES LTD,1874.9,1950.0,1874.9,1904.3,1899.5,15208
2026-09-01,SATIA,SATIA INDUSTRIES LIMITED,56.9,57.6,56.45,57.06,56.88,36781
2026-09-01,SATIN,SATIN CREDIT NET LTD,222.25,225.29,213.06,217.18,224.02,322019
2026-09-01,SAURASHCEM,SAURASHTRA CEMENT LIMITED,55.89,56.5,55.15,55.54,55.82,58225
2026-09-01,SOTL,SAVITA OIL TECHNOLO. LTD,691.5,787.75,691.5,771.4,688.5,11719498
2026-09-01,SAYAJIHOTL,SAYAJI HOTELS LTD.,306.0,316.0,306.0,316.0,318.55,57
2026-09-01,SAYAJIIND,SAYAJI INDUSTRIES LTD.,116.0,124.0,116.0,117.43,118.66,830
2026-09-01,SBC,SBC EXPORTS LIMITED,42.15,42.64,41.77,42.04,42.15,5213096
2026-09-01,SBFC,SBFC FINANCE LIMITED,98.71,101.9,97.91,99.95,98.82,12820956
2026-09-01,SBICARD,SBI CARDS & PAY SER LTD,653.2,660.35,628.4,632.4,644.75,3438291
2026-09-01,SBIFUNDS,SBI FUNDS MANAGEMENT LTD,576.1,577.2,565.0,566.95,577.5,1866287
2026-09-01,SBILIFE,SBI LIFE INSURANCE CO LTD,1740.5,1753.4,1728.6,1739.3,1740.5,624181
2026-09-01,SETFGOLD,SBI-ETF GOLD,134.73,134.73,129.01,129.31,131.45,6370763
2026-09-01,SETFNIF50,SBI-ETF NIFTY 50,257.9,260.24,257.9,258.44,259.76,1016454
2026-09-01,SETFNIFBK,SBI-ETF NIFTY BANK,590.75,593.94,587.5,588.44,590.75,14744
2026-09-01,SETFNN50,SBI-ETF NIFTY NEXT 50,793.3,797.0,780.1,784.06,787.71,24915
2026-09-01,LIQUIDSBI,SBIAMC - LIQUIDSBI,999.99,1000.01,999.99,1000.0,999.99,636
2026-09-01,SBIBPB,SBIAMC - SBIBPB,49.29,49.83,49.15,49.4,49.29,61306
2026-09-01,SBIETFCON,SBIAMC - SBIETFCON,122.16,123.68,121.25,121.5,122.16,2274
2026-09-01,SBIETFIT,SBIAMC - SBIETFIT,344.15,349.73,342.76,347.27,344.14,13596
2026-09-01,SBIETFPB,SBIAMC - SBIETFPB,276.36,285.5,276.36,281.39,283.45,2461
2026-09-01,SBIETFQLTY,SBIAMC - SBIETFQLTY,224.92,225.19,223.31,224.87,224.22,2598
2026-09-01,SBILIQETF,SBIAMC - SBILIQETF,1054.17,1054.19,1054.17,1054.18,1054.05,347127
2026-09-01,SBIMIDMOM,SBIAMC - SBIMIDMOM,64.87,65.18,63.72,63.89,64.54,17843
2026-09-01,SBINEQWETF,SBIAMC - SBINEQWETF,33.51,33.53,33.21,33.28,33.45,38566
2026-09-01,SBINMID150,SBIAMC - SBINMID150,23.6,23.71,23.25,23.36,23.49,70884
2026-09-01,SBISILVER,SBIAMC - SBISILVER,228.48,229.32,222.5,222.99,228.47,1328270
2026-09-01,SBISMLETF,SBIAMC - SBISMLETF,18.46,18.75,18.3,18.36,18.45,74407
2026-09-01,SBIVALETF,SBIAMC - SBIVALETF,15.0,15.0,14.62,14.64,15.06,276895
2026-09-01,SETF10GILT,SBIAMC - SETF10GILT,265.25,265.25,263.01,263.52,264.69,1150
2026-09-01,SCHAEFFLER,SCHAEFFLER INDIA LIMITED,4011.0,4029.0,3977.0,4000.2,4014.8,42478
2026-09-01,SCHNEIDER,SCHNEIDER ELECTRIC INFRA,1230.0,1231.4,1163.4,1188.3,1219.2,379659
2026-09-01,SCODATUBES,SCODA TUBES LIMITED,128.6,131.24,127.2,130.29,128.38,117865
2026-09-01,SEAMECLTD,SEAMEC LIMITED,1697.0,1699.9,1642.1,1678.8,1674.8,60153
2026-09-01,SECMARK,SECMARK CONSULTANCY LTD,160.8,160.8,146.52,148.51,163.27,11345
2026-09-01,SECURKLOUD,SECUREKLOUD TECH LIMITED,17.68,18.1,17.25,17.33,17.51,22502
2026-09-01,SEDEMAC,SEDEMAC MECHATRONICS LTD,3054.0,3057.9,2951.1,2988.6,3089.4,137622
2026-09-01,SEJALLTD,SEJAL GLASS LIMITED,710.55,714.95,671.65,675.3,707.0,9707
2026-09-01,SELMC,SEL MANUFACTURING CO LTD,28.99,28.99,27.0,27.11,27.35,6524
2026-09-01,SEMAC,SEMAC CONSTRUCTION LTD,281.0,292.35,276.4,292.0,281.95,103
2026-09-01,SENCO,SENCO GOLD LIMITED,350.0,360.75,347.4,352.75,348.6,926985
2026-09-01,SENORES,SENORES PHARMACEUTICALS L,1442.3,1469.9,1424.3,1454.7,1432.8,492855
2026-09-01,SEPC,SEPC LIMITED,5.44,5.49,5.33,5.37,5.44,9634411
2026-09-01,SERVOTECH,SERVOTECH REN POW SYS LTD,79.9,79.99,77.98,78.58,79.79,307505
2026-09-01,STYL,SESHAASAI TECHNOLOGIES L,387.0,391.45,381.1,386.8,385.8,59704
2026-09-01,SESHAPAPER,SESHASAYEE PAPER & BOARDS,230.0,233.7,226.5,232.52,229.34,38263
2026-09-01,SGFIN,SG FINSERVE LIMITED,688.6,698.0,674.2,682.3,688.65,173924
2026-09-01,SGMART,SG MART LIMITED,803.3,859.95,796.65,835.05,803.3,519733
2026-09-01,SGLRES,SGL RESOURCES LIMITED,2.48,2.48,2.29,2.42,2.38,57635
2026-09-01,SHADOWFAX,SHADOWFAX TECHNOLOGIES L,260.0,260.1,254.75,257.2,258.48,2501002
2026-09-01,SHAHALLOYS,SHAH ALLOYS LIMITED,107.0,116.0,106.1,113.0,107.69,451947
2026-09-01,SHAH,SHAH METACORP LIMITED,3.61,3.8,3.49,3.67,3.61,4819906
2026-09-01,SHAILY,SHAILY ENG PLASTICS LTD,3244.0,3285.0,3186.0,3266.3,3272.3,180382
2026-09-01,SHAKTIPUMP,SHAKTI PUMPS (I) LTD,486.4,487.1,476.0,477.95,486.4,282810
2026-09-01,SHALBY,SHALBY LIMITED,153.55,156.18,151.45,153.65,155.27,47389
2026-09-01,SAHLIBHFI,SHALIBHADRA FINANCE LTD,77.85,83.4,75.0,75.58,77.7,602619
2026-09-01,SRD,SHANKAR LAL RAMPAL LTD,40.01,40.27,38.5,39.62,39.95,30239
2026-09-01,SHANKARA,SHANKARA BLDG PRODUCT LTD,146.14,147.44,146.0,146.59,146.14,58499
2026-09-01,BUILDPRO,SHANKARA BUILDPRO LIMITED,1249.9,1280.0,1245.8,1272.4,1254.0,31355
2026-09-01,SHANKESH,SHANKESH JEWELLERS LTD,93.01,96.6,90.35,91.77,93.22,5213503
2026-09-01,SHANTIGEAR,SHANTHI GEARS LTD,525.5,537.0,521.05,530.65,525.5,63901
2026-09-01,SEIL,SHANTI EDU INITIATIVES L,200.0,202.9,198.51,200.5,203.26,311964
2026-09-01,SHANTIGOLD,SHANTI GOLD INTERNATION L,246.8,247.39,233.41,234.78,246.67,1503906
2026-09-01,SHANTI,SHANTI OVERSEAS INDIA LTD,6.7,6.7,6.3,6.35,6.59,15107
2026-09-01,SHINDL,SHARAT INDUSTRIES LTD.,161.8,162.93,160.0,162.21,162.79,466149
2026-09-01,SHARDACROP,SHARDA CROPCHEM LTD.,770.0,791.75,765.95,788.3,766.9,179555
2026-09-01,SHARDAMOTR,SHARDA MOTOR INDS LTD,882.9,901.0,877.25,884.3,882.9,33399
2026-09-01,SHAREINDIA,SHARE IND. SECURITIES LTD,172.71,175.27,170.05,170.8,172.71,251210
2026-09-01,SFL,SHEELA FOAM LIMITED,641.75,649.5,632.5,644.75,641.75,111433
2026-09-01,SHERVANI,SHERVANI INDUSTRIAL SYN L,307.2,307.2,307.2,307.2,306.5,2
2026-09-01,SHILCTECH,SHILCHAR TECHNOLOGIES LTD,4050.0,4062.0,3980.0,4014.4,4042.9,12306
2026-09-01,SHILGRAVQ,SHILP GRAVURES LTD.,155.0,160.0,148.0,153.72,155.87,6903
2026-09-01,SHILPAMED,SHILPA MEDICARE LTD,950.0,952.0,874.0,889.7,949.3,2236296
2026-09-01,SCILAL,SHIPPING CORP OF ILA LTD,39.7,40.12,39.7,40.03,39.7,124337
2026-09-01,SCI,SHIPPING CORP OF INDIA LT,290.5,296.8,284.8,287.5,289.6,2956735
2026-09-01,SHIPROCKET,SHIPROCKET LIMITED,140.49,143.22,132.33,134.25,138.89,11319607
2026-09-01,SHIVAUM,SHIV AUM STEELS LIMITED,447.0,450.0,447.0,448.35,446.0,622
2026-09-01,SHIVACEM,SHIVA CEMENT LTD.,16.12,16.44,16.0,16.04,16.12,42593
2026-09-01,SHIVAAGRO,SHIVA GLOBAL AGRO INDS. L,39.15,42.39,39.15,40.84,42.5,4275
2026-09-01,SHIVAMILLS,SHIVA MILLS LIMITED,62.39,62.39,60.71,62.34,62.39,3004
2026-09-01,SHIVATEX,SHIVA TEXYARN LIMITED,181.17,187.99,172.15,178.33,181.17,21172
2026-09-01,SBCL,SHIVALIK BIMETAL CON. LTD,1084.9,1095.2,1034.1,1047.9,1070.0,308201
2026-09-01,SHIVAMAUTO,SHIVAM AUTO.LTD,18.15,18.49,17.51,17.94,17.63,59740
2026-09-01,SHOPERSTOP,SHOPPERS STOP LIMITED,383.25,390.0,379.25,386.35,383.85,13437
2026-09-01,SHRADDHA,SHRADDHA PRIME PROJECTS L,165.5,165.5,157.65,160.72,165.82,9552
2026-09-01,SHRADHA,SHRADHA REALTY LIMITED,32.05,32.35,31.53,31.85,31.84,5047
2026-09-01,SHREEPUSHK,SHRE PUSH CHEM & FERT LTD,470.0,470.25,450.0,464.45,470.5,55798
2026-09-01,SAPPL,SHREE AJIT PULP & PAPER L,270.0,298.9,270.0,289.15,276.35,1166
2026-09-01,SHREECEM,SHREE CEMENT LIMITED,23605.0,23800.0,23310.0,23490.0,23200.0,15342
2026-09-01,SHREDIGCEM,SHREE DIGVIJAY CEM CO LTD,76.5,77.03,72.51,73.82,75.03,128057
2026-09-01,SGRL,SHREE GANESH REMEDIES LTD,610.45,700.05,610.45,684.35,606.7,131593
2026-09-01,SRTL,SHREE RAM TWISTEX LIMITED,38.99,39.57,37.51,37.99,38.55,45688
2026-09-01,SHREERAMA,SHREE RAMA MULTI TECH LTD,41.57,42.7,40.64,41.63,41.57,123441
2026-09-01,RAMANEWS,SHREE RAMA NEWSPRINT LTD,30.8,32.16,30.76,31.49,31.32,19126
2026-09-01,RENUKA,SHREE RENUKA SUGARS LTD,24.96,25.1,23.95,24.21,24.9,13258172
2026-09-01,BALAJEE,SHREE TIRUPATI BALAJEE L,26.18,26.7,26.0,26.06,26.18,20852
2026-09-01,SHREEJISPG,SHREEJI SHIPPING GLOBAL L,649.7,651.55,632.65,637.1,644.6,536864
2026-09-01,OSWALSEEDS,SHREEOSWAL S AND CHE LTD,11.94,12.01,11.0,11.4,11.75,87608
2026-09-01,SHREYANIND,SHREYANS INDUSTRIES LTD,126.29,127.5,125.26,125.8,125.46,1123
2026-09-01,SHBAJRG,SHRI BAJRANG ALLIANCE L,168.0,169.0,158.0,158.49,167.21,6084
2026-09-01,SHRJAGP,SHRI JAGDAMBA POLYMERS L,623.0,644.9,605.05,622.55,632.0,1161
2026-09-01,SHRIKRISH,SHRI KRISHNA DEVCON LTD.,40.75,40.75,37.0,37.49,36.55,719
2026-09-01,SHRINGARMS,SHRINGAR HOU OF MANGALS L,220.0,221.85,213.5,215.97,219.51,773070
2026-09-01,LIQUIDSHRI,SHRIRAM - LIQUIDSHRI,1119.7,1119.72,1119.7,1119.72,1119.57,1143
2026-09-01,SHRIRAMFIN,SHRIRAM FINANCE LIMITED,1099.0,1099.0,1050.6,1059.1,1109.9,5673585
2026-09-01,SHRIRAMPPS,SHRIRAM PROPERTIES LTD,76.88,77.9,75.5,76.13,77.03,295236
2026-09-01,SHUKRAPHAR,SHUKRA PHARMACEUTICALS L,44.54,46.4,44.34,44.43,44.39,1832377
2026-09-01,SHYAMMETL,SHYAM METALICS AND ENGY L,1104.0,1104.0,1058.1,1078.0,1093.5,344507
2026-09-01,SHYAMTEL,SHYAM TELECOM LIMITED,12.16,12.65,12.02,12.02,13.35,152990
2026-09-01,SICAGEN,SICAGEN INDIA LIMITED,54.18,55.8,54.14,55.48,54.04,16416
2026-09-01,ENRIN,SIEMENS ENERGY INDIA LTD,3230.0,3243.9,3160.3,3172.5,3229.6,217495
2026-09-01,SIEMENS,SIEMENS LTD,4029.9,4093.2,3975.1,4030.0,4030.0,317161
2026-09-01,SIGACHI,SIGACHI INDUSTRIES LTD,32.69,32.93,31.5,31.72,32.62,1662430
2026-09-01,SIGMA,SIGMA SOLVE LIMITED,48.74,49.37,46.53,47.29,48.35,122465
2026-09-01,SIGNATURE,SIGNATUREGLOBAL INDIA LTD,765.0,780.5,761.55,777.2,769.9,173679
2026-09-01,SIGNPOST,SIGNPOST INDIA LIMITED,256.65,256.65,250.8,252.3,254.75,21561
2026-09-01,SIKA,SIKA INTERPLANT SYSTEMS L,1003.3,1019.75,987.2,995.4,995.9,20593
2026-09-01,SILINV,SIL INVESTMENTS LIMITED,492.0,492.0,480.1,485.25,488.75,1581
2026-09-01,SILGO,SILGO RETAIL LIMITED,73.37,73.69,70.5,70.94,72.83,99737
2026-09-01,SILLYMONKS,SILLY MONKS ENTERTAIN LTD,16.4,16.4,15.6,16.08,16.0,11020
2026-09-01,SILVERTUC,SILVER TOUCH TECHNO LTD,173.0,179.19,169.07,171.12,172.27,565150
2026-09-01,SIMPLEXINF,SIMPLEX INFRASTRUCTURES L,266.5,271.0,252.0,256.6,268.83,117152
2026-09-01,SINCLAIR,SINCLAIRS HOTELS LIMITED,81.65,85.1,80.11,82.91,82.38,33445
2026-09-01,SINDHUTRAD,SINDHU TRADE LINKS LTD,24.99,25.95,24.05,24.5,24.98,4808744
2026-09-01,SINGERIND,SINGER INDIA LIMITED,76.45,80.0,74.4,75.65,76.45,106503
2026-09-01,SINTERCOM,SINTERCOM INDIA LIMITED,78.7,85.0,77.99,78.3,78.81,50684
2026-09-01,SIRCA,SIRCA PAINT INDIA LIMITED,436.4,438.3,429.05,431.0,434.95,222287
2026-09-01,SIS,SIS LIMITED,431.95,432.2,425.0,427.55,428.65,226378
2026-09-01,SIYSIL,SIYARAM SILK MILLS LTD,564.7,564.7,550.1,554.45,563.55,40245
2026-09-01,SJS,SJS ENTERPRISES LIMITED,2488.6,2519.9,2421.1,2461.2,2488.6,110027
2026-09-01,SJVN,SJVN LTD,64.92,65.37,64.36,64.92,64.71,1601993
2026-09-01,SKFINDUS,SKF IND (INDUSTRIAL) LTD,3028.0,3074.3,2905.0,2953.0,2983.3,180275
2026-09-01,SKFINDIA,SKF INDIA LTD,1554.8,1584.9,1526.5,1531.6,1553.9,28038
2026-09-01,SKIPPER,SKIPPER LIMITED,541.0,547.5,531.6,534.55,541.2,357291
2026-09-01,SKMEGGPROD,SKM EGG PROD EXPORT(I) LT,269.0,271.4,260.3,262.2,267.9,221897
2026-09-01,SKYGOLD,SKY GOLD AND DIAMONDS LTD,807.2,814.35,756.05,778.25,807.1,1380447
2026-09-01,SKYWAYS,SKYWAYS AIR SERVICES LTD,124.0,136.45,119.0,125.56,138.0,56082352
2026-09-01,SMARTWORKS,SMARTWORKS COWORKING SP L,536.0,539.45,523.95,525.9,537.55,109815
2026-09-01,SMCGLOBAL,SMC GLOBAL SECURITIES LTD,80.0,81.27,79.1,79.65,79.28,366463
2026-09-01,SMLMAH,SML MAHINDRA LIMITED,5268.0,5499.0,5169.0,5412.5,5108.0,247241
2026-09-01,SMSPHARMA,SMS PHARMACEUTICALS LTD.,374.2,374.2,366.3,368.25,371.85,82776
2026-09-01,SNOWMAN,SNOWMAN LOGISTICS LTD.,37.25,37.54,36.5,36.68,37.3,129824
2026-09-01,SOBHA,SOBHA LIMITED,1266.5,1266.5,1232.0,1244.9,1255.9,76576
2026-09-01,SOFTTECH,SOFTTECH ENGINEERS LTD,420.9,421.0,415.1,415.1,415.6,3775
2026-09-01,SOLARINDS,SOLAR INDUSTRIES (I) LTD,20250.0,20270.0,19930.0,20060.0,20108.0,94048
2026-09-01,SOLARA,SOLARA ACTIVE PHA SCI LTD,637.5,674.0,627.5,643.45,632.65,1068143
2026-09-01,SOLARWORLD,SOLARWORLD ENERGY SOL LTD,146.6,147.68,144.0,145.04,146.67,76265
2026-09-01,SOLEX,SOLEX ENERGY LIMITED,744.2,758.0,720.0,726.4,739.3,16312
2026-09-01,SDBL,SOM DIST & BREW LTD,72.7,72.7,70.89,71.1,72.7,382672
2026-09-01,SOMATEX,SOMA TEXTILES & INDUST LT,81.7,84.14,81.7,84.14,80.14,12616
2026-09-01,SOMANYCERA,SOMANY CERAMICS LIMITED,559.2,565.5,551.4,563.15,557.3,182674
2026-09-01,SOMICONVEY,SOMI CONVEYOR BELT. LTD.,92.4,92.8,90.21,90.62,91.27,10379
2026-09-01,SONACOMS,SONA BLW PRECISION FRGS L,815.0,821.5,798.55,809.5,813.05,1041758
2026-09-01,SONAL,SONAL MERCANTILE LTD.,84.5,86.98,82.5,86.87,84.51,460
2026-09-01,SONAMLTD,SONAM LIMITED,79.4,80.32,68.4,70.59,77.82,753898
2026-09-01,SONATSOFTW,SONATA SOFTWARE LTD,294.0,294.95,284.1,289.0,292.05,892873
2026-09-01,SOUTHWEST,SOUTH WEST PINNACLE LTD,205.36,211.94,204.79,208.6,204.92,125976
2026-09-01,SPCENET,SPACENET ENTERS IND LTD,3.16,3.17,3.08,3.09,3.1,1488536
2026-09-01,SPANDANA,SPANDANA SPHOORTY FIN LTD,240.95,241.53,236.0,236.45,240.95,100443
2026-09-01,SPELS,SPEL SEMICONDUCTOR LTD,147.0,152.95,143.12,149.76,147.19,57795
2026-09-01,SPENCERS,SPENCER S RETAIL LIMITED,29.9,30.25,28.81,28.89,29.76,61481
2026-09-01,SPIC,SPIC LTD,67.69,69.53,67.69,68.86,67.74,377996
2026-09-01,SPLIL,SPL INDUSTRIES LIMITED,33.33,33.5,31.21,31.65,32.52,9169
2026-09-01,SPMLINFRA,SPML INFRA LIMITED,181.0,183.3,178.51,179.64,181.5,163285
2026-09-01,SPORTKING,SPORTKING INDIA LIMITED,226.4,239.4,226.39,229.91,226.71,907686
2026-09-01,SHRIPISTON,SPR AUTO TECHNOLOGIES LTD,4590.0,4640.9,4540.0,4598.2,4609.2,106873
2026-09-01,SRHHYPOLTD,SREE RAYALSEEMA HHP LTD.,506.7,506.75,490.85,494.45,501.55,11022
2026-09-01,SREEL,SREELEATHERS LIMITED,248.5,253.89,245.6,249.74,247.8,5954
2026-09-01,SRF,SRF LTD,2563.0,2600.0,2558.2,2592.0,2560.4,105018
2026-09-01,SRGHFL,SRG HOUSING FINANCE L,255.15,263.5,255.15,255.6,259.35,275
2026-09-01,HAVISHA,SRI HAVISHA HOSP & INFR L,1.34,1.38,1.3,1.34,1.31,48515
2026-09-01,SRIKPRIND,SRI KPR INDUSTRIES LTD.,21.39,25.35,21.13,25.35,21.13,66491
2026-09-01,SRM,SRM CONTRACTORS LIMITED,457.65,457.65,443.1,447.3,451.8,70598
2026-09-01,SETL,STANDARD ENGNG TCNLGY LTD,378.0,387.95,378.0,387.05,369.5,1359460
2026-09-01,SIL,STANDARD INDUSTRIES LTD.,19.7,20.2,19.16,19.77,19.15,78483
2026-09-01,STANLEY,STANLEY LIFESTYLES LTD,137.35,138.9,136.01,137.72,136.57,81488
2026-09-01,STARCEMENT,STAR CEMENT LIMITED,184.95,187.28,182.8,185.63,184.76,161551
2026-09-01,STARHEALTH,STAR HEALTH & AL INS CO L,567.8,572.95,553.35,560.4,567.75,548526
2026-09-01,STARPAPER,STAR PAPER MILLS LTD,152.43,153.7,149.1,150.26,152.47,9553
2026-09-01,STARTECK,STARTECK FINANCE LIMITED,256.0,259.3,248.05,249.3,253.8,308
2026-09-01,SBIN,STATE BANK OF INDIA,1051.3,1051.3,1027.1,1034.5,1060.0,7605132
2026-09-01,SAIL,STEEL AUTHORITY OF INDIA,196.0,200.8,190.25,193.0,195.0,29120262
2026-09-01,STEELCITY,STEEL CITY SECURITIES LTD,84.8,84.8,82.5,83.12,83.88,7424
2026-09-01,STEELXIND,STEEL EXCHANGE INDIA LTD,10.85,10.85,10.5,10.56,10.58,1460680
2026-09-01,STLSTRINF,STEEL STRIPS INFRA L,19.82,20.28,18.53,18.91,19.82,1665
2026-09-01,SSWL,STEEL STRIPS WHEELS LTD.,310.0,365.95,303.6,357.25,305.65,28271167
2026-09-01,STEELCAS,STEELCAST LIMITED,349.8,354.7,335.75,339.85,349.8,47152
2026-09-01,STEL,STEL HOLDINGS LIMITED,650.0,680.0,620.1,623.1,661.2,8483
2026-09-01,SGL,STL GLOBAL LIMITED,10.11,10.55,10.03,10.31,10.39,4228
2026-09-01,STLNETWORK,STL NETWORKS LIMITED,28.19,28.3,26.9,27.16,28.15,1308773
2026-09-01,STOVEKRAFT,STOVE KRAFT LIMITED,850.9,858.4,833.4,847.1,849.2,211970
2026-09-01,STAR,STRIDES PHARMA SCI LTD,1025.0,1030.0,1010.0,1024.2,1025.0,200361
2026-09-01,SWSOLAR,STRLNG & WIL REN ENE LTD,189.51,191.88,186.46,187.42,189.33,614403
2026-09-01,STUDDS,STUDDS ACCESSORIES LTD,441.2,448.0,438.05,441.3,445.0,69776
2026-09-01,STYLAMIND,STYLAM INDUSTRIES LIMITED,3430.8,3456.3,3302.0,3344.3,3464.5,65471
2026-09-01,STYRENIX,STYRENIX PERFORMANCE LTD,2047.9,2047.9,1988.3,2011.7,2002.2,24032
2026-09-01,SUBEXLTD,SUBEX LTD,18.42,19.0,17.64,17.88,18.48,4959378
2026-09-01,SUBROS,SUBROS LIMITED,719.95,724.45,712.05,716.6,717.5,24774
2026-09-01,SUDARSCHEM,SUDARSHAN CHEMICAL INDS L,1294.7,1347.0,1230.6,1240.7,1266.8,1648951
2026-09-01,SUDARCOLOR,SUDARSHAN COLORNT IND LTD,388.0,389.0,377.1,379.0,385.25,5261
2026-09-01,SUDEEPPHRM,SUDEEP PHARMA LIMITED,1222.7,1263.0,1196.9,1230.9,1209.7,331374
2026-09-01,SUKHJITS,SUKHJIT STARCH & CHEM LTD,159.8,160.0,156.53,158.99,158.74,16073
2026-09-01,SULA,SULA VINEYARDS LIMITED,147.84,150.0,145.52,148.65,147.2,164097
2026-09-01,SUMEDHA,SUMEDHA FISCAL SERVICES L,39.6,39.99,38.94,39.5,39.5,133
2026-09-01,SUMEETINDS,SUMEET IND LIMITED,12.28,12.33,11.67,11.67,12.28,2426227
2026-09-01,SUMIT,SUMIT WOODS LIMITED,51.3,51.3,50.03,50.92,50.14,10972
2026-09-01,SUMICHEM,SUMITOMO CHEM INDIA LTD,519.55,521.85,510.75,514.2,517.45,104437
2026-09-01,SUMMITSEC,SUMMIT SECURITIES LTD,1426.0,1457.9,1400.0,1413.7,1426.7,3052
2026-09-01,SPARC,SUN PHARMA ADV.RES.CO.LTD,199.33,203.5,196.01,196.98,199.33,824539
2026-09-01,SUNPHARMA,SUN PHARMACEUTICAL IND L,1963.1,1963.1,1921.1,1929.0,1984.8,3595272
2026-09-01,SUNTV,SUN TV NETWORK LIMITED,462.0,468.0,461.05,462.15,466.15,229557
2026-09-01,SUNCLAY,SUNDARAM CLAYTON LIMITED,1290.0,1328.0,1290.0,1296.7,1305.6,4258
2026-09-01,SUNDARMFIN,SUNDARAM FINANCE LTD,4540.0,4560.0,4521.5,4540.1,4540.0,19219
2026-09-01,SUNDARAM,SUNDARAM MULTI PAP LTD,1.25,1.26,1.22,1.22,1.25,174887
2026-09-01,SUNDRMFAST,SUNDRAM FASTENERS LTD,1209.0,1225.5,1197.5,1204.7,1203.9,94310
2026-09-01,SUNDROP,SUNDROP BRANDS LIMITED,668.0,668.0,652.2,655.55,660.1,8354
2026-09-01,SUNFLAG,SUNFLAG IRON AND STEEL CO,340.0,343.15,335.8,339.65,340.3,106805
2026-09-01,SUNLOC,SUNIL HEALTHCARE LTD.,81.0,82.0,77.01,79.74,80.76,1398
2026-09-01,SUNRAKSHAK,SUNRAKSHAKK INDUS IND L,363.25,369.0,363.0,365.8,367.7,5911
2026-09-01,SUNSHIEL,SUNSHIELD CHEMICALS LTD.,1181.0,1193.0,1133.9,1152.7,1148.8,2042
2026-09-01,SUNSHINE,SUNSHINE PICTURES LIMITED,456.0,463.4,435.4,450.75,455.75,3504036
2026-09-01,SUNTECK,SUNTECK REALTY LIMITED,302.75,309.95,298.1,303.25,302.75,160918
2026-09-01,SUPERHOUSE,SUPERHOUSE LIMITED,174.0,174.87,167.1,173.09,170.6,5670
2026-09-01,SIEL,SUPERIOR INDUSTRIAL ENT L,32.31,32.5,31.17,32.5,32.31,652
2026-09-01,SUPRAJIT,SUPRAJIT ENGINEERING LTD,503.45,509.0,496.6,506.45,503.5,69927
2026-09-01,SUPREME,SUPREME HOLDIN N HOSP I L,38.1,39.5,37.6,38.29,37.84,10225
2026-09-01,SUPREMEIND,SUPREME INDUSTRIES LTD,3570.0,3661.4,3563.3,3605.0,3559.0,169663
2026-09-01,SUPREMEINF,SUPREME INFRA. LTD.,83.14,86.5,83.1,84.93,83.78,30992
2026-09-01,SPLPETRO,SUPREME PETROCHEM LIMITED,728.85,728.85,708.0,718.5,729.05,151638
2026-09-01,SUPRIYA,SUPRIYA LIFESCIENCE LTD,798.3,809.0,795.5,803.15,798.3,105067
2026-09-01,SURAJEST,SURAJ ESTATE DEVELOPERS L,190.0,192.53,189.47,191.51,191.01,91223
2026-09-01,SURAJLTD,SURAJ LIMITED,206.0,208.9,201.25,206.01,202.07,1066
2026-09-01,SURAKSHA,SURAKSHA DIAGNOSTIC LTD,335.0,343.95,334.3,340.8,338.55,143730
2026-09-01,SURANASOL,SURANA SOLAR LIMITED,26.99,26.99,25.9,26.26,26.85,34710
2026-09-01,SURANAT&P,SURANA TELECOM AND POW LT,16.1,16.58,16.0,16.08,16.36,42972
2026-09-01,SBGLP,SURATWWALA BUS GROUP LTD,24.06,24.96,24.05,24.33,24.16,35260
2026-09-01,SURYAROSNI,SURYA ROSHNI LTD,220.46,222.49,218.01,218.82,219.71,212161
2026-09-01,SURYALAXMI,SURYALAKSHMI COT MIL LTD,61.99,65.6,61.3,62.92,60.16,50585
2026-09-01,SURYALA,SURYALATA SPINNING MILL L,375.0,395.0,374.0,387.0,378.0,723
2026-09-01,SURYODAY,SURYODAY SMALL FIN BK LTD,154.0,154.18,149.5,151.06,154.69,358779
2026-09-01,SUVEN,SUVEN LIFE SCIENCES LTD,394.0,403.35,378.5,381.6,392.05,899924
2026-09-01,SUVIDHAA,SUVIDHAA INFOSERVE LTD,2.2,2.27,2.18,2.18,2.19,47789
2026-09-01,SUYOG,SUYOG TELEMATICS LIMITED,752.0,752.0,730.1,736.7,740.75,19283
2026-09-01,SUZLON,SUZLON ENERGY LIMITED,47.5,47.5,46.25,46.5,47.52,39976953
2026-09-01,SVPGLOB,SVP GLOBAL TEXTILES LTD,3.52,3.8,3.52,3.69,3.62,31186
2026-09-01,SWANCORP,SWAN CORP LIMITED,292.8,293.25,285.3,289.4,293.3,1201439
2026-09-01,SWARAJENG,SWARAJ ENGINES LTD,3577.9,3586.8,3530.0,3537.7,3569.3,12007
2026-09-01,SWARNSAR,SWARNSARITA JEWELS IND L,34.26,35.18,34.26,34.82,35.35,3475
2026-09-01,SWELECTES,SWELECT ENERGY SYS LTD,587.55,595.9,576.0,588.55,588.5,19854
2026-09-01,SWIGGY,SWIGGY LIMITED,279.85,281.3,275.0,275.0,281.9,5372141
2026-09-01,SWISSMLTRY,SWISS MILITARY CON GOOD L,16.5,17.0,15.41,15.93,16.28,106844
2026-09-01,SYMBIOTEC,SYMBIOTEC PHARMALAB LTD,988.0,1180.0,934.2,1097.7,988.0,30102923
2026-09-01,SYMPHONY,SYMPHONY LIMITED,586.1,588.4,571.3,574.4,586.45,65387
2026-09-01,SYNCOMF,SYNCOM FORMU (I) LTD,19.5,20.2,18.76,20.07,19.49,15856320
2026-09-01,SGIL,SYNERGY GREEN IND. LTD,600.6,628.5,600.0,602.4,603.0,8195
2026-09-01,SYNGENE,SYNGENE INTERNATIONAL LTD,402.0,403.0,397.05,402.05,400.75,632620
2026-09-01,SYRMA,SYRMA SGS TECHNOLOGY LTD,1435.0,1459.0,1418.7,1447.9,1437.0,608516
2026-09-01,TGVSL,T G V SRAAC LTD.,105.0,105.0,102.5,103.24,104.4,77093
2026-09-01,TTL,T T LIMITED,6.7,6.8,6.4,6.64,6.64,207325
2026-09-01,TAALTECH,TAAL TECH LTD.,4518.8,4579.9,4353.8,4449.5,4518.8,6274
2026-09-01,TAINWALCHM,TAINWALA CHEMICAL AND PLA,209.15,214.0,205.15,207.76,209.94,2735
2026-09-01,TAJGVK,TAJ GVK HOTELS & RESORTS,334.55,334.9,327.25,328.95,335.65,70985
2026-09-01,TAKE,TAKE LIMITED,14.58,14.58,14.58,14.58,15.34,48445
2026-09-01,TALBROAUTO,TALBROS AUTO. COMP. LTD,414.0,418.0,406.3,410.8,411.4,82813
2026-09-01,TMB,TAMILNAD MERCA BANK LTD,934.0,936.0,903.0,908.1,932.6,135518
2026-09-01,TNPL,TAMILNADU NEWSPRT & PAPER,140.94,150.83,140.2,149.32,140.88,696642
2026-09-01,TNPETRO,TAMILNADU PETROPRODUCTS L,121.0,135.5,120.61,132.35,120.77,14332261
2026-09-01,TNTELE,TAMILNADU TELECOMMUNICATI,9.08,9.08,8.91,9.0,8.91,19099
2026-09-01,TANAA,TANEJA AEROSPACE & AVIA L,290.0,295.2,288.1,290.55,289.95,6628
2026-09-01,TANLA,TANLA PLATFORMS LIMITED,531.0,547.5,527.5,543.15,530.15,438736
2026-09-01,TARACHAND,TARA CHAND INFRA SOLN LTD,47.88,48.79,47.1,47.69,47.88,44443
2026-09-01,TARAPUR,TARAPUR TRANSFORMERS LTD,13.4,13.75,12.5,13.36,13.4,54711
2026-09-01,TARC,TARC LIMITED,117.5,122.99,117.5,122.49,118.44,498599
2026-09-01,TARMAT,TARMAT LIMITED,61.05,61.65,58.21,58.92,61.35,36225
2026-09-01,TARSONS,TARSONS PRODUCTS LIMITED,330.0,347.0,330.0,344.1,331.65,246355
2026-09-01,TASTYBITE,TASTY BITE EATABLES LTD,10150.0,10170.0,9900.0,9946.0,10139.0,2621
2026-09-01,TATACAP,TATA CAPITAL LIMITED,367.9,369.5,363.35,367.85,367.9,1012096
2026-09-01,TATACHEM,TATA CHEMICALS LTD,643.0,645.9,632.4,633.6,643.0,363153
2026-09-01,TATACOMM,TATA COMMUNICATIONS LTD,1735.1,1744.9,1707.9,1733.8,1723.4,196386
2026-09-01,TCS,TATA CONSULTANCY SERV LT,2355.0,2372.0,2325.0,2369.0,2399.3,2678034
2026-09-01,TATACONSUM,TATA CONSUMER PRODUCT LTD,1037.5,1041.8,1025.1,1030.5,1037.5,1005860
2026-09-01,TATAELXSI,TATA ELXSI LIMITED,3583.1,3671.9,3567.1,3638.0,3578.6,169501
2026-09-01,TATAINVEST,TATA INVESTMENT CORP LTD,642.0,643.3,631.5,633.65,642.2,126447
2026-09-01,TMCV,TATA MOTORS LIMITED,472.0,477.3,456.9,464.35,471.1,8807895
2026-09-01,TMPV,TATA MOTORS PASS VEH LTD,317.2,317.3,308.95,310.0,308.85,8951324
2026-09-01,TATAPOWER,TATA POWER CO LTD,347.55,351.95,347.45,350.55,347.0,3607879
2026-09-01,TATASTEEL,TATA STEEL LIMITED,183.7,188.68,182.12,184.07,184.35,46663321
2026-09-01,TATATECH,TATA TECHNOLOGIES LIMITED,835.0,850.0,808.05,814.95,831.05,1801217
2026-09-01,TTML,TATA TELESERV(MAHARASTRA),39.0,39.4,38.21,38.92,38.58,2317300
2026-09-01,NETF,TATAAML - NETF,262.25,263.9,260.48,261.17,262.25,1028
2026-09-01,NPBET,TATAAML - NPBET,288.16,289.52,286.0,287.68,286.73,145
2026-09-01,TNIDETF,TATAAML - TNIDETF,91.3,92.32,90.86,91.54,91.3,166410
2026-09-01,TATAGOLD,TATAAML-TATAGOLD,15.15,15.19,14.72,14.73,14.96,57784083
2026-09-01,TATSILV,TATAAML-TATSILV,22.5,23.18,22.04,22.08,22.62,73340718
2026-09-01,TATVA,TATVA CHIN PHARM CHEM LTD,1649.0,1649.0,1595.0,1605.0,1626.7,36770
2026-09-01,TBOTEK,TBO TEK LIMITED,1750.0,1750.0,1685.0,1722.4,1745.1,226002
2026-09-01,TCC,TCC CONCEPT LIMITED,228.64,231.0,221.61,227.44,225.15,90814
2026-09-01,TCIEXP,TCI EXPRESS LIMITED,543.45,547.05,538.6,541.95,547.55,30805
2026-09-01,TCPLPACK,TCPL PACKAGING LIMITED,3921.4,3927.5,3851.0,3860.2,3908.1,2435
2026-09-01,TDPOWERSYS,TD POWER SYSTEMS LTD.,778.5,780.9,751.0,758.05,777.0,1152758
2026-09-01,TEAMGTY,TEAM INDIA GUARANTY LTD,240.0,244.25,235.0,241.0,242.06,172
2026-09-01,TEAMLEASE,TEAMLEASE SERVICES LTD.,1275.0,1299.0,1252.5,1264.5,1283.5,9242
2026-09-01,TECHM,TECH MAHINDRA LIMITED,1630.0,1649.0,1613.7,1638.0,1628.0,2412137
2026-09-01,TECHNOE,TECHNO ELEC & ENG CO. LTD,982.7,985.0,962.0,976.35,982.05,158264
2026-09-01,TIIL,TECHNOCRAFT IND LTD,3282.0,3323.9,3251.0,3267.5,3281.5,30999
2026-09-01,TECHNOCRAF,TECHNOCRAFT VENTURES LTD,371.5,379.8,364.0,374.2,369.12,670595
2026-09-01,TECHNVISN,TECHNVISION VENTURES LTD.,5349.0,5399.5,5230.0,5282.0,5249.6,141
2026-09-01,TECILCHEM,TECIL CHEMICALS,9.2,10.1,9.2,9.74,9.43,11394
2026-09-01,TEGA,TEGA INDUSTRIES LIMITED,1596.4,1629.7,1563.0,1570.5,1586.3,184907
2026-09-01,TEJASNET,TEJAS NETWORKS LIMITED,559.75,569.9,536.35,541.9,559.75,3552393
2026-09-01,TEMBO,TEMBO GLOBAL IND LTD,58.0,58.1,55.8,56.03,58.05,1217711
2026-09-01,TEMPSENS,TEMPSENS INST (INDIA) LTD,560.2,574.8,534.7,539.05,563.6,8343086
2026-09-01,TENNIND,TENNECO CLEAN AIR INDIA L,531.9,531.9,519.85,525.2,529.4,851042
2026-09-01,TERASOFT,TERA SOFTWARE LIMITED,288.85,296.95,280.0,283.15,287.2,15255
2026-09-01,TERAI,TERAI TEA CO. LTD.,121.6,138.55,121.6,129.48,121.6,1366
2026-09-01,TEXINFRA,TEXMACO INFRA & HOLDG LTD,111.78,114.0,111.0,113.33,111.23,159255
2026-09-01,TEXRAIL,TEXMACO RAIL & ENG. LTD.,108.3,116.9,108.3,113.07,108.95,9088639
2026-09-01,TEXMOPIPES,TEXMO PIPE & PRODUCTS LTD,45.6,46.3,45.21,45.93,45.6,18026
2026-09-01,TGBHOTELS,TGB BANQUETS&HOTELS LTD,10.0,10.0,9.4,9.77,9.84,26795
2026-09-01,THAKDEV,THAKKERS DEVELOPERS LTD.,142.0,142.0,142.0,142.0,149.97,5
2026-09-01,THANGAMAYL,THANGAMAYIL JEWELLERY LTD,5412.0,5470.0,5270.0,5311.5,5412.0,72055
2026-09-01,ANUP,THE ANUP ENGINEERING LTD,1793.5,1823.9,1770.0,1810.2,1793.5,23575
2026-09-01,GESHIP,THE GE SHPG.LTD,1304.8,1338.0,1304.8,1325.6,1301.8,725819
2026-09-01,GROBTEA,THE GROB TEA COMPANY LTD,985.05,1000.0,972.0,975.25,996.65,214
2026-09-01,INDIACEM,THE INDIA CEMENTS LIMITED,369.65,369.65,358.4,359.85,370.65,184515
2026-09-01,INDHOTEL,THE INDIAN HOTELS CO. LTD,728.15,728.2,710.85,718.0,737.9,1129170
2026-09-01,THEINVEST,THE INVEST TRUST OF IND L,95.51,95.51,93.52,94.32,95.51,2064
2026-09-01,NIACL,THE NEW INDIA ASSU CO LTD,192.07,193.15,184.37,185.77,191.23,1574693
2026-09-01,PKTEA,THE P K TEA PROD CO LTD,758.0,765.0,735.0,739.5,746.0,65
2026-09-01,PHOENIXLTD,THE PHOENIX MILLS LTD,1880.1,1896.5,1867.7,1892.6,1900.0,730640
2026-09-01,RAMCOCEM,THE RAMCO CEMENTS LIMITED,883.0,883.05,869.0,875.35,879.55,76541
2026-09-01,SOUTHBANK,THE SOUTH INDIAN BANK LTD,45.9,46.25,45.3,45.91,45.66,12765987
2026-09-01,STCINDIA,THE STATE TRADING CORPN,116.7,117.57,115.51,115.7,116.29,14799
2026-09-01,UGARSUGAR,THE UGAR SUGAR WORKS LTD,55.99,55.99,52.5,53.15,55.59,282554
2026-09-01,WIPL,THE WESTERN INDIA PLY LTD,164.1,169.2,162.05,162.05,164.0,363
2026-09-01,THEJO,THEJO ENGINEERING LIMITED,2066.2,2093.0,2060.1,2075.4,2076.6,3226
2026-09-01,THEMISMED,THEMIS MEDICARE LTD.,125.18,128.41,122.0,123.57,124.76,159524
2026-09-01,THERMAX,THERMAX LTD,3938.0,3971.6,3876.1,3913.2,3901.6,78425
2026-09-01,TIRUMALCHM,THIRUMALAI CHEMICALS LTD,161.34,163.0,157.87,159.38,160.06,381219
2026-09-01,THOMASCOOK,THOMAS COOK (INDIA) LTD,107.92,108.01,105.02,105.71,107.92,622494
2026-09-01,THOMASCOTT,THOMAS SCOTT (INDIA) LTD,270.3,275.95,256.05,261.8,271.4,40670
2026-09-01,THYROCARE,THYROCARE TECH LTD,606.65,613.0,587.4,590.55,604.5,260662
2026-09-01,TIGERLOGS,TIGER LOGISTICS (INDIA) L,28.43,28.89,27.62,28.15,28.26,52124
2026-09-01,TIJARIA,TIJARIA POLYPIPES LTD,6.27,7.2,5.85,6.73,6.21,171227
2026-09-01,TI,TILAKNAGAR INDUSTRIES LTD,560.0,561.7,540.3,545.7,561.05,439735
2026-09-01,TIMETECHNO,TIME TECHNOPLAST LTD.,190.05,195.3,189.1,190.53,187.19,5733697
2026-09-01,TIMEX,TIMEX GROUP INDIA LTD.,683.05,685.75,639.25,647.45,679.45,373200
2026-09-01,TIMKEN,TIMKEN INDIA LTD.,3129.0,3218.6,3129.0,3209.6,3149.6,36145
2026-09-01,TINNARUBR,TINNA RUBBER AND INFR LTD,997.1,1048.4,985.0,1020.2,997.1,59566
2026-09-01,TIPSFILMS,TIPS FILMS LIMITED,343.5,343.5,331.0,333.45,335.55,1088
2026-09-01,TIPSMUSIC,TIPS MUSIC LIMITED,647.6,652.6,639.1,643.5,643.85,177139
2026-09-01,TITAGARH,TITAGARH RAIL SYSTEMS LTD,818.0,852.15,816.05,833.95,818.1,585587
2026-09-01,TITAN,TITAN COMPANY LIMITED,5104.0,5126.5,5010.5,5050.0,5102.4,466855
2026-09-01,TOKYOPLAST,TOKYO PLAST INTL LTD,78.5,79.49,76.05,77.9,77.09,601
2026-09-01,TOLINS,TOLINS TYRES LIMITED,94.59,94.9,93.0,93.67,94.59,36149
2026-09-01,TORNTPHARM,TORRENT PHARMACEUTICALS L,4973.5,4987.5,4919.5,4965.5,5066.0,204694
2026-09-01,TORNTPOWER,TORRENT POWER LTD,1215.1,1223.0,1199.0,1219.3,1215.1,223287
2026-09-01,TOTAL,TOTAL TRANSPORT SYS LTD,70.0,70.0,66.01,66.7,68.64,4361
2026-09-01,TOUCHWOOD,TOUCHWOOD ENTERTAIN LTD.,59.16,59.98,58.1,59.79,59.13,558
2026-09-01,TFCILTD,TOURISM FINANCE CORP. OF,140.18,141.94,137.05,141.07,139.92,8715631
2026-09-01,TOYAMSL,TOYAM SPORTS LTD.,0.64,0.64,0.62,0.62,0.63,238440
2026-09-01,TPLPLASTEH,TPL PLASTECH LIMITED,72.0,74.06,70.91,72.07,71.5,132487
2026-09-01,TRACXN,TRACXN TECHNOLOGIES LTD,30.0,30.07,30.0,30.03,30.14,81017
2026-09-01,TARIL,TRANS & RECTI. LTD,312.2,314.05,305.45,308.9,313.8,1323545
2026-09-01,TRANSCOR,TRANSCORP INTERNATIONAL L,26.0,26.14,24.51,25.49,26.14,2957
2026-09-01,TREL,TRANSINDIA REAL ESTATE L,26.31,27.9,26.31,27.15,26.93,120235
2026-09-01,TCI,TRANSPORT CORPN OF INDIA,874.45,895.0,866.55,883.25,868.0,16245
2026-09-01,TRANSRAILL,TRANSRAIL LIGHTING LTD,440.0,448.0,432.3,433.45,437.9,443956
2026-09-01,TFL,TRANSWARRANTY FIN. LTD.,11.91,12.95,11.6,11.65,11.93,4642
2026-09-01,TRAVELFOOD,TRAVEL FOOD SERVICES LTD,1299.6,1311.0,1263.0,1270.5,1299.6,36333
2026-09-01,TREEHOUSE,TREE HOUSE EDU LTD,6.38,6.38,6.25,6.35,6.25,13337
2026-09-01,TREJHARA,TREJHARA SOLUTIONS LTD,149.48,150.02,142.01,144.98,146.75,15504
2026-09-01,TRENT,TRENT LTD,2880.0,2911.9,2855.0,2855.0,2879.9,652244
2026-09-01,TRF,TRF LIMITED,227.56,227.56,221.23,224.18,227.55,10501
2026-09-01,TBZ,TRIB BHIMJI ZAVERI LTD,315.0,366.8,313.1,366.8,305.7,14134183
2026-09-01,TRIDENT,TRIDENT LIMITED,24.18,24.4,24.05,24.14,24.18,2210879
2026-09-01,TRIGYN,TRIGYN TECHNOLOGIES LTD,60.0,62.18,60.0,61.45,60.76,42098
2026-09-01,TRITONV,TRITON VALVES LTD.,1149.6,1150.0,1125.1,1138.9,1139.9,1127
2026-09-01,TRIVENI,TRIVENI ENGG. & INDS. LTD,295.0,295.35,275.9,277.95,295.64,713346
2026-09-01,TRITURBINE,TRIVENI TURBINE LIMITED,581.15,587.9,574.05,578.5,578.15,259156
2026-09-01,TRUALT,TRUALT BIOENERGY LIMITED,429.95,433.35,420.5,428.15,429.6,80033
2026-09-01,TRU,TRUCAP FINANCE LIMITED,4.06,4.17,3.9,4.05,4.05,223030
2026-09-01,TSFINV,TSF INVESTMENTS LIMITED,400.55,405.4,397.2,403.1,401.2,38217
2026-09-01,TTKHLTCARE,TTK HEALTHCARE LIMITED,1160.1,1190.9,1116.1,1128.7,1159.7,44525
2026-09-01,TTKPRESTIG,TTK PRESTIGE LTD,583.8,587.0,575.0,579.75,583.8,27738
2026-09-01,TIINDIA,TUBE INVEST OF INDIA LTD,2794.9,2794.9,2743.5,2763.2,2780.0,96404
2026-09-01,TURTLEMINT,TURTLEMINT FINTECH SOLS L,145.75,150.05,139.1,148.81,144.12,1557779
2026-09-01,TUTIALKA,TUTICORIN ALKAL CH & FE L,58.56,61.49,58.49,59.2,58.68,16522
2026-09-01,TVTODAY,TV TODAY NETWORK LTD,112.01,114.79,110.0,111.46,114.16,26044
2026-09-01,TVSELECT,TVS ELECTRONICS LTD,427.65,435.0,420.25,422.8,428.35,23430
2026-09-01,TVSHLTD,TVS HOLDINGS LIMITED,13340.0,13340.0,13101.0,13258.0,13233.0,4052
2026-09-01,TVSMOTOR,TVS MOTOR COMPANY  LTD,4341.3,4409.0,4122.0,4203.0,4341.3,1908970
2026-09-01,TVSSRICHAK,TVS SRICHAKRA LIMITED,5486.0,5760.0,5436.5,5525.5,5519.6,56740
2026-09-01,TVSSCS,TVS SUPPLY CHAIN SOL L,127.63,128.45,124.3,124.99,127.09,722014
2026-09-01,UCOBANK,UCO BANK,25.0,25.12,24.51,24.59,24.89,3061545
2026-09-01,UDAYJEW,UDAY JEWELLERY INDS. LTD.,144.8,144.8,137.2,137.78,137.2,1859
2026-09-01,USK,UDAYSHIVAKUMAR INFRA LTD,21.16,21.49,20.6,20.88,21.16,13755
2026-09-01,UFLEX,UFLEX LIMITED,653.0,659.35,632.85,645.05,649.1,191079
2026-09-01,UFO,UFO MOVIEZ INDIA LTD.,65.91,66.35,64.5,64.87,66.35,18235
2026-09-01,UGROCAP,UGRO CAPITAL LIMITED,86.78,87.25,84.28,84.92,87.06,237009
2026-09-01,UEL,UJAAS ENERGY LIMITED,208.72,208.72,208.72,208.72,198.79,4228
2026-09-01,UJJIVANSFB,UJJIVAN SMALL FINANC BANK,69.4,69.41,64.96,65.36,69.11,18034062
2026-09-01,ULTRAMAR,ULTRAMARINE & PIGMENTS L,445.0,445.0,423.8,428.1,442.85,76866
2026-09-01,ULTRACEMCO,ULTRATECH CEMENT LIMITED,11450.0,11550.0,11390.0,11400.0,11450.0,168152
2026-09-01,UMIYA-MRO,UMIYA BUILDCON LIMITED,99.0,100.0,94.05,98.88,96.14,56621
2026-09-01,UNICHEMLAB,UNICHEM LABORATORIES LTD,558.0,573.2,549.45,556.35,556.55,192598
2026-09-01,UNIECOM,UNICOMMERCE ESOLUTIONS L,89.37,89.94,87.24,87.71,89.36,273681
2026-09-01,UNIINFO,UNIINFO TELECOM SERVI LTD,11.42,11.42,11.37,11.38,11.18,133
2026-09-01,UNIMECH,UNIMECH AEROSPACE N MFG L,1497.4,1499.9,1464.3,1475.1,1490.0,97827
2026-09-01,UNIONBANK,UNION BANK OF INDIA,185.0,186.32,183.26,184.9,188.63,7002385
2026-09-01,UNIONGOLD,UNIONAMC - UNIONGOLD,154.35,154.35,147.75,148.45,150.6,52992
2026-09-01,UNIPARTS,UNIPARTS INDIA LIMITED,897.8,915.95,878.15,901.15,893.45,309191
2026-09-01,UNIENTER,UNIPHOS ENTERPRISES LTD,94.0,95.97,93.27,95.39,93.51,3832
2026-09-01,UNITECH,UNITECH LTD,3.81,3.83,3.75,3.78,3.81,3375328
2026-09-01,UBL,UNITED BREWERIES LTD,1305.0,1322.9,1298.0,1308.9,1308.5,64290
2026-09-01,UNITEDTEA,UNITED NILGIRI TEA LTD,444.3,454.3,444.3,447.5,452.25,1810
2026-09-01,UNITEDPOLY,UNITED POLYFAB GUJ. LTD.,38.98,38.99,35.65,36.91,37.59,24788
2026-09-01,UNITDSPR,UNITED SPIRITS LIMITED,1490.1,1498.9,1459.0,1470.0,1490.0,392270
2026-09-01,UNIVCABLES,UNIVERSAL CABLES LTD,1640.0,1695.0,1615.0,1644.6,1648.2,123506
2026-09-01,UNOMINDA,UNO MINDA LIMITED,1279.9,1307.5,1261.5,1274.4,1276.0,1489864
2026-09-01,UDS,UPDATER SERVICES LIMITED,223.0,229.48,222.41,227.12,224.73,701552
2026-09-01,UPL,UPL LIMITED,567.65,568.7,560.9,567.1,562.25,4060300
2026-09-01,URBANCO,URBAN COMPANY LIMITED,167.0,172.0,164.06,167.63,167.11,9793184
2026-09-01,URJA,URJA GLOBAL LIMITED,9.16,9.19,8.99,9.03,9.16,674664
2026-09-01,UMESLTD,USHA MARTIN EDU & SOL LTD,5.56,5.56,4.91,4.91,5.45,206608
2026-09-01,USHAMART,USHA MARTIN LTD.,503.8,512.9,497.05,499.6,498.95,4066851
2026-09-01,UTIAMC,UTI ASSET MNGMT CO LTD,871.0,885.1,866.0,879.5,870.55,111748
2026-09-01,LIQUIDBETA,UTIAMC - LIQUIDBETA,1006.47,1006.47,1006.45,1006.46,1006.32,64
2026-09-01,NIF500BETA,UTIAMC - NIF500BETA,37.7,37.78,37.43,37.68,37.71,30318
2026-09-01,BANKBETA,UTIAMC-BANKBETA,58.87,59.77,58.87,59.31,59.46,128807
2026-09-01,GILT10BETA,UTIAMC-GILT10BETA,26.77,26.77,26.24,26.52,26.81,2929
2026-09-01,GILT5BETA,UTIAMC-GILT5BETA,66.74,66.89,65.57,65.68,66.74,1958
2026-09-01,ITBETA,UTIAMC-ITBETA,325.87,331.48,325.87,329.02,325.87,813
2026-09-01,MIDCAPBETA,UTIAMC-MIDCAPBETA,239.21,239.21,234.87,235.13,236.84,759
2026-09-01,NEXT50BETA,UTIAMC-NEXT50BETA,79.97,79.97,78.51,78.69,79.41,86338
2026-09-01,NIFTYBETA,UTIAMC-NIFTYBETA,268.24,268.31,265.8,266.38,267.54,19930
2026-09-01,SENSEXBETA,UTIAMC-SENSEXBETA,851.0,858.5,848.0,854.47,854.33,2327
2026-09-01,SILVERBETA,UTIAMC-SILVERBETA,225.14,225.99,219.19,219.47,225.14,881941
2026-09-01,SNXT50BETA,UTIAMC-SNXT50BETA,95.29,96.4,94.11,94.34,94.63,986
2026-09-01,GOLDBETA,UTIAMC-UTIGOLDBETA,133.15,133.15,127.45,127.85,129.95,1230361
2026-09-01,UTKARSHBNK,UTKARSH SMALL FIN BANK L,15.0,15.14,14.65,14.88,15.06,11395283
2026-09-01,UTTAMSUGAR,UTTAM SUGAR MILLS LTD.,315.0,317.5,293.85,296.3,312.07,227336
2026-09-01,VTMLTD,V T M LTD.,58.5,61.0,57.05,59.43,57.04,100555
2026-09-01,VGUARD,V-GUARD IND LTD.,349.3,349.3,338.65,343.05,346.35,1150095
2026-09-01,V2RETAIL,V2 RETAIL LIMITED,222.11,222.79,217.4,221.25,222.68,811500
2026-09-01,WABAG,VA TECH WABAG LTD,1981.2,2030.0,1980.5,2013.9,1979.2,417528
2026-09-01,VADILENT,VADILAL ENTERPRISES LTD.,10100.0,12598.0,9999.0,10217.0,10500.0,118
2026-09-01,VADILALIND,VADILAL INDUSTRIES LTD,7700.0,7900.0,7604.5,7757.0,7672.0,12966
2026-09-01,VAIBHAVGBL,VAIBHAV GLOBAL LIMITED,219.1,226.08,218.0,218.45,219.1,281014
2026-09-01,VAISHALI,VAISHALI PHARMA LIMITED,8.01,8.48,8.01,8.03,8.06,188407
2026-09-01,VAKRANGEE,VAKRANGEE LIMITED,5.8,5.85,5.71,5.8,5.82,902060
2026-09-01,DBREALTY,VALOR ESTATE LIMITED,104.11,107.8,102.3,102.9,103.77,837691
2026-09-01,VHL,VARDHMAN HOLDINGS LIMITED,3511.0,3650.1,3511.0,3568.4,3549.2,1028
2026-09-01,VARDMNPOLY,VARDHMAN POLYTEX LTD.,6.0,6.02,5.9,5.99,5.97,187316
2026-09-01,VSSL,VARDHMAN SPC STEEL LTD,356.15,361.0,350.8,354.85,356.15,73449
2026-09-01,VTL,VARDHMAN TEXTILES LIMITED,576.6,637.85,572.05,602.3,572.05,26383732
2026-09-01,VARROC,VARROC ENGINEERING LTD.,869.8,896.0,850.85,877.0,862.0,905636
2026-09-01,VBL,VARUN BEVERAGES LIMITED,404.45,411.35,404.25,405.85,400.45,4752656
2026-09-01,VGL,VARVEE GLOBAL LIMITED,59.45,59.7,57.0,57.02,59.12,10442
2026-09-01,VASCONEQ,VASCON ENGINEERS LTD,30.56,31.31,30.2,30.52,30.38,320857
2026-09-01,VASWANI,VASWANI IND LTD,48.91,50.5,48.1,49.13,48.91,21922
2026-09-01,MANYAVAR,VEDANT FASHIONS LIMITED,546.35,551.0,536.3,546.85,545.25,208222
2026-09-01,VAML,VEDANTA ALUMINIUM METAL L,436.7,439.7,432.85,434.65,435.15,4259790
2026-09-01,VISL,VEDANTA IRON AND STEEL L,37.4,37.4,35.26,35.48,36.83,17252606
2026-09-01,VEDL,VEDANTA LIMITED,280.0,281.95,272.75,274.0,278.2,6769011
2026-09-01,VOGL,VEDANTA OIL AND GAS LTD,39.29,39.48,37.41,37.78,38.71,26408861
2026-09-01,VEDPOWER,VEDANTA POWER LIMITED,35.4,35.48,34.56,34.83,35.18,8570993
2026-09-01,VEDAVAAG,VEDAVAAG SYSTEMS LTD.,18.94,18.94,18.05,18.32,18.38,8632
2026-09-01,VEEDOL,VEEDOL CORPORATION LTD,1477.6,1519.0,1466.5,1489.8,1472.6,14786
2026-09-01,VENKEYS,VENKY S (INDIA) LIMITED,1695.0,1702.8,1641.0,1649.0,1702.0,92772
2026-09-01,VENTIVE,VENTIVE HOSPITALITY LTD,598.0,598.0,585.0,593.3,591.2,8585
2026-09-01,VENUSPIPES,VENUS PIPES & TUBES LTD,1649.0,1649.0,1573.2,1606.7,1643.1,97764
2026-09-01,VERANDA,VERANDA LEARNING SOL LTD,248.75,249.99,241.21,242.94,249.3,301874
2026-09-01,VERTOZ,VERTOZ LIMITED,37.15,40.39,37.15,37.72,38.21,108384
2026-09-01,VESUVIUS,VESUVIUS INDIA LTD,409.0,417.3,405.1,416.05,407.75,57399
2026-09-01,VSTL,VIBHOR STEEL TUBES LTD,112.0,113.3,109.35,111.83,111.85,13675
2026-09-01,VGCL,VIBRANT GLOBAL CAPITAL L,57.07,60.7,54.98,54.99,57.87,993
2026-09-01,VIDHIING,VIDHI SPCLTY F INGRDNTS L,351.6,356.9,345.1,354.35,354.55,24851
2026-09-01,VIDYAWIRES,VIDYA WIRES LIMITED,90.68,92.25,88.36,91.24,90.25,1204812
2026-09-01,VIJSOLX,VIJAY SOLVEX LTD.,671.05,689.0,671.0,676.7,680.0,879
2026-09-01,VIJAYA,VIJAYA DIAGNOSTIC CEN LTD,1518.4,1521.5,1487.5,1499.0,1518.4,108054
2026-09-01,VIKASECO,VIKAS ECOTECH LIMITED,1.12,1.13,1.09,1.09,1.12,1566868
2026-09-01,VIKASLIFE,VIKAS LIFECARE LIMITED,1.31,1.32,1.23,1.25,1.3,2948799
2026-09-01,VIKRAMSOLR,VIKRAM SOLAR LIMITED,169.52,172.79,167.56,169.67,168.7,1232401
2026-09-01,VIKRAN,VIKRAN ENGINEERING LTD,58.71,58.99,57.5,57.84,58.76,987122
2026-09-01,VIMTALABS,VIMTA LABS LIMITED,643.45,666.0,635.55,661.75,643.45,476672
2026-09-01,VINATIORGA,VINATI ORGANICS LTD,1331.8,1339.5,1313.0,1315.4,1329.9,26764
2026-09-01,VINDHYATEL,VINDHYA TELELINKS LTD,2535.0,2691.9,2486.1,2576.7,2535.5,166929
2026-09-01,VINEETLAB,VINEET LABORATORIES LTD,39.0,39.0,36.92,37.95,38.86,319286
2026-09-01,VINNY,VINNY OVERSEAS LIMITED,1.05,1.06,1.04,1.04,1.05,282917
2026-09-01,VINCOFE,VINTAGE COFFEE N BVRGS L,185.77,185.77,172.25,176.85,185.77,5357803
2026-09-01,VINYLINDIA,VINYL CHEMICALS (I) LTD.,232.67,234.4,229.0,230.21,232.67,4470
2026-09-01,VIPCLOTHNG,VIP CLOTHING LIMITED,20.11,20.3,19.9,19.97,20.1,38056
2026-09-01,VIPIND,VIP INDUSTRIES LTD,304.25,310.65,302.3,303.75,306.5,324758
2026-09-01,VIRAT,VIRAT INDUSTRIES LTD.,448.35,451.2,432.1,441.65,449.9,3974
2026-09-01,VIRINCHI,VIRINCHI LIMITED,14.61,14.99,14.5,14.53,14.66,69549
2026-09-01,VIRTUALG,VIRTUAL GLOBAL EDU LTD,0.5,0.5,0.46,0.46,0.49,662628
2026-09-01,VOEPL,VIRTUOSO OPTOELECTRONIC L,562.25,568.55,540.0,551.45,556.1,70808
2026-09-01,VISACHROME,VISA CHROME LIMITED,42.49,42.49,39.02,40.18,41.02,61321
2026-09-01,VIVIDHA,VISAGAR POLYTEX LTD,0.5,0.52,0.5,0.5,0.5,207037
2026-09-01,VISAKAIND,VISAKA INDUSTRIES LIMITED,88.53,92.49,87.92,89.09,88.53,350175
2026-09-01,VISHAL,VISHAL FABRICS LTD.,19.4,19.5,19.0,19.15,19.27,26319
2026-09-01,VMM,VISHAL MEGA MART LIMITED,112.0,113.0,106.3,106.55,110.64,13963729
2026-09-01,VISHNU,VISHNU CHEMICALS LIMITED,652.2,676.8,645.05,661.75,652.15,321563
2026-09-01,VPRPL,VISHNU PRAKASH R PUNGLI L,34.0,34.01,32.66,32.89,33.45,332465
2026-09-01,VISHWARAJ,VISHWARAJ SUGAR IND LTD,6.12,6.16,5.91,5.94,6.08,342404
2026-09-01,VITAL,VITAL CHEMTECH LIMITED,54.99,55.0,51.05,54.75,53.06,16548
2026-09-01,VIVOBIOT,VIVO BIO TECH LTD.,19.0,19.0,17.52,18.3,18.55,20797
2026-09-01,VIYASH,VIYASH SCIENTIFIC LIMITED,263.6,270.95,259.4,262.3,263.6,6105032
2026-09-01,VLSFINANCE,VLS FINANCE LTD,242.0,245.0,242.0,243.09,243.15,5750
2026-09-01,VMART,VMART RETAIL LTD,847.0,859.5,839.55,850.3,847.45,70031
2026-09-01,VMSTMT,VMS TMT LIMITED,45.55,46.48,45.0,45.23,45.54,88191
2026-09-01,IDEA,VODAFONE IDEA LIMITED,14.6,14.63,13.96,14.06,14.33,316789599
2026-09-01,VOITHPAPR,VOITH PAPER FABRICS IND L,1442.7,1473.0,1440.0,1452.9,1442.7,444
2026-09-01,VOLTAMP,VOLTAMP TRANSFORMERS LTD,10959.0,11135.0,10729.0,10782.0,10908.5,34032
2026-09-01,VOLTAS,VOLTAS LTD,1196.0,1206.9,1192.0,1205.0,1194.4,288979
2026-09-01,VRAJ,VRAJ IRON AND STEEL LTD,128.0,128.04,122.5,124.88,126.66,15905
2026-09-01,VRLLOG,VRL LOGISTICS LIMITED,301.6,303.85,297.0,299.85,303.15,182492
2026-09-01,VSTIND,VST INDUSTRIES LTD,208.12,209.55,207.5,208.0,209.74,102571
2026-09-01,VSTTILLERS,VST TILLERS TRACTORS LTD,4340.4,4384.8,4128.0,4208.5,4358.1,17118
2026-09-01,WHBRADY,W H BRADY & CO. LTD.,497.0,497.0,497.0,497.0,491.05,15
2026-09-01,WPIL,W P I L LTD.,444.5,444.85,436.15,439.15,443.45,16178
2026-09-01,WSI,W.S.INDUSTRIES (I) LTD.,61.3,61.65,60.0,60.98,61.47,11186
2026-09-01,WAAREEENER,WAAREE ENERGIES LIMITED,2599.9,2609.9,2570.0,2588.0,2605.0,305178
2026-09-01,WAAREERTL,WAAREE RENEWABLE TECH LTD,871.8,871.8,861.0,863.8,872.5,65192
2026-09-01,WAKEFIT,WAKEFIT INNOVATIONS LTD,148.83,154.5,146.2,152.92,146.78,1515330
2026-09-01,WALCHANNAG,WALCHANDNAGAR INDUSTRIES,215.9,219.6,209.0,210.01,214.9,456644
2026-09-01,WANBURY,WANBURY LIMITED,252.7,255.75,249.65,254.4,254.1,102090
2026-09-01,WARDINMOBI,WARDWIZARD INNO & MOB L,6.19,6.19,5.83,5.89,5.89,310743
2026-09-01,WATERBASE,WATERBASE LTD.,49.99,49.99,47.65,48.02,49.03,9658
2026-09-01,CORDELIA,WATERWAYS LEISURE TOUR L,103.65,104.8,100.8,103.92,103.65,1301291
2026-09-01,WEWIN,WE WIN LIMITED,44.28,45.2,43.85,43.9,44.28,1754
2026-09-01,TWCGOLDETF,WEALTH - TWCGOLDETF,157.38,157.38,150.5,151.0,153.55,42681
2026-09-01,WEALTH,WEALTH FRST PORT. MG. LTD,857.9,859.9,846.0,854.2,851.25,1027
2026-09-01,WEBELSOLAR,WEBSOL ENERGY SYSTEM LTD,76.08,77.5,73.12,74.5,76.47,1910222
2026-09-01,WEIZMANIND,WEIZMANN LTD,75.0,75.39,74.0,74.9,73.12,90
2026-09-01,WELCORP,WELSPUN CORP LIMITED,2398.0,2575.0,2385.0,2553.6,2391.0,3607692
2026-09-01,WELENT,WELSPUN ENTERPRISES LTD.,688.0,712.5,674.7,705.55,685.3,611674
2026-09-01,WELSPUNLIV,WELSPUN LIVING LIMITED,196.2,201.5,195.11,198.41,196.21,5094353
2026-09-01,WELSPLSOL,WELSPUN SPECIALTY SOL L,52.87,53.9,50.16,50.83,52.87,685725
2026-09-01,WENDT,WENDT (INDIA) LIMITED,8167.5,8180.0,8070.0,8105.0,8170.5,4525
2026-09-01,WSTCSTPAPR,WEST COAST PAPER MILLS LT,616.8,658.5,613.6,653.6,611.8,531616
2026-09-01,WCIL,WESTERN CARRIERS (IND) L,84.89,85.96,83.55,84.9,84.01,55877
2026-09-01,WESTLIFE,WESTLIFE FOODWORLD LTD,571.2,571.2,549.2,553.9,571.2,71248
2026-09-01,WEWORK,WEWORK INDIA MANAGEMENT L,679.0,688.2,661.5,675.65,684.65,314155
2026-09-01,WHEELS,WHEELS INDIA LTD,1555.0,1575.0,1535.0,1541.8,1546.4,101005
2026-09-01,WHIRLPOOL,WHIRLPOOL OF INDIA LTD,804.3,806.0,782.55,801.15,803.15,349162
2026-09-01,WILLAMAGOR,WILLIAMSON MAGOR,25.3,25.3,23.52,23.74,23.75,1456
2026-09-01,WINDLAS,WINDLAS BIOTECH LIMITED,994.6,1015.95,986.1,1008.35,994.2,45866
2026-09-01,WINDMACHIN,WINDSOR MACHINES LIMITED,307.7,310.0,299.25,307.5,307.45,46819
2026-09-01,WIPRO,WIPRO LTD,181.0,182.1,178.5,181.7,184.5,6813425
2026-09-01,WOCKPHARMA,WOCKHARDT LIMITED,1883.7,1887.8,1833.3,1850.6,1883.7,507087
2026-09-01,WEL,WONDER ELECTRICALS LTD,80.84,88.95,80.84,80.84,89.82,8230670
2026-09-01,WONDERLA,WONDERLA HOLIDAYS LTD.,538.0,541.6,532.05,536.25,537.25,47864
2026-09-01,WORTHPERI,WORTH PERIPHERALS LIMITED,154.1,157.49,153.35,154.5,156.45,4654
2026-09-01,XCHANGING,XCHANGING SOLUTIONS LTD,60.94,61.3,60.17,60.31,60.94,34232
2026-09-01,XELPMOC,XELPMOC DESIGN & TECH LTD,82.0,82.0,79.13,79.34,80.94,5140
2026-09-01,XPROINDIA,XPRO INDIA LIMITED,1145.0,1158.0,1121.1,1135.8,1148.2,32069
2026-09-01,XTGLOBAL,XTGLOBAL INFOTECH LIMITED,31.5,31.89,30.0,30.74,30.9,63291
2026-09-01,XTRANET,XTRANET TECHNOLOGIES LTD,194.82,198.39,180.0,187.34,194.82,924415
2026-09-01,YASHO,YASHO INDUSTRIES LIMITED,4229.5,4315.0,4208.5,4269.8,4208.5,17171
2026-09-01,YATHARTH,YATHARTH HOSP & TRA C S L,1003.0,1003.9,962.8,974.8,1001.9,373081
2026-09-01,YATRA,YATRA ONLINE LIMITED,107.5,115.75,106.71,113.89,106.42,6077899
2026-09-01,YESBANK,YES BANK LIMITED,22.51,22.52,21.94,22.1,22.83,63872649
2026-09-01,YOGI,YOGI LTD.,162.95,162.95,155.01,162.95,162.95,819
2026-09-01,YUKEN,YUKEN INDIA LIMITED,962.75,991.0,954.5,972.05,989.1,9346
2026-09-01,ZFSTEERING,Z F STEERING GEAR (I) LTD,677.9,677.9,664.6,665.9,666.2,1771
2026-09-01,ZAGGLE,ZAGGLE PREPA OCEAN SER L,184.61,186.88,182.22,184.42,184.5,793985
2026-09-01,ZEEL,ZEE ENTERTAINMENT ENT LTD,94.0,96.18,92.0,93.41,93.58,34196527
2026-09-01,ZEEMEDIA,ZEE MEDIA CORPORATION LTD,8.64,8.66,8.2,8.28,8.65,2356630
2026-09-01,ZENTEC,ZEN TECHNOLOGIES LIMITED,1779.0,1789.1,1736.5,1780.7,1779.1,334400
2026-09-01,ZENITHEXPO,ZENITH EXPORTS LTD,210.4,214.0,205.01,214.0,214.33,6
2026-09-01,ZENITHSTL,ZENITH STEEL PIP IND LTD,5.34,5.47,5.21,5.3,5.34,95165
2026-09-01,ZENSARTECH,ZENSAR TECHNOLOGIES  LTD,463.0,475.55,457.7,472.95,460.35,1122083
2026-09-01,GOLDCASE,ZERODHAAMC - GOLDCASE,24.7,24.7,23.74,23.86,24.22,15677029
2026-09-01,LIQUIDCASE,ZERODHAAMC - LIQUIDCASE,115.74,115.74,115.72,115.73,115.71,23662815
2026-09-01,LTGILTCASE,ZERODHAAMC - LTGILTCASE,30.55,30.55,30.3,30.41,30.4,110564
2026-09-01,MID150CASE,ZERODHAAMC - MID150CASE,11.78,11.83,11.65,11.7,11.78,2716854
2026-09-01,NIFTYCASE,ZERODHAAMC - NIFTYCASE,9.8,9.8,9.62,9.65,9.75,906948
2026-09-01,SILVERCASE,ZERODHAAMC - SILVERCASE,23.51,24.31,21.5,22.93,23.72,11255328
2026-09-01,SML100CASE,ZERODHAAMC - SML100CASE,11.59,11.59,11.23,11.3,11.34,1921793
2026-09-01,TOP100CASE,ZERODHAAMC - TOP100CASE,10.86,10.86,10.52,10.55,10.6,1084957
2026-09-01,ZFCVINDIA,ZF COM VE CTR SYS IND LTD,2545.0,2591.8,2512.1,2547.8,2534.6,74180
2026-09-01,ZIMLAB,ZIM LABORATORIES LIMITED,122.6,122.98,116.25,117.94,122.69,48245
2026-09-01,ZODIACLOTH,ZODIAC CLOTHING CO. LTD.,73.89,73.9,72.22,73.04,73.4,2074
2026-09-01,ZODIAC,ZODIAC ENERGY LIMITED,243.65,245.29,238.02,239.89,243.65,8651
2026-09-01,ZOTA,ZOTA HEALTH CARE LIMITED,1055.0,1060.8,1024.0,1028.1,1053.8,54097
2026-09-01,ZUARI,ZUARI AGRO CHEMICALS LTD,232.89,234.0,228.0,231.42,231.48,100203
2026-09-01,ZUARIIND,ZUARI INDUSTRIES LIMITED,270.3,281.8,268.65,269.6,271.7,109252
2026-09-01,ZYDUSLIFE,ZYDUS LIFESCIENCES LTD,1167.3,1183.0,1152.0,1167.8,1161.3,1070386
2026-09-01,ZYDUSWELL,ZYDUS WELLNESS LIMITED,530.4,531.0,521.55,528.8,530.4,128038
