date,symbol,name,open,high,low,close,prev_close,volume
2026-08-28,20MICRONS,20 MICRONS LTD,217.34,224.87,217.0,222.0,216.37,241206
2026-08-28,21STCENMGM,21ST CENTURY MGMT SERVICE,41.74,41.74,41.16,41.16,42.0,3530
2026-08-28,360ONE,360 ONE WAM LIMITED,1204.0,1208.0,1193.9,1200.0,1204.0,422710
2026-08-28,GOLD360,360ONEAMC - GOLD360,154.3,155.0,152.55,154.7,153.85,16074
2026-08-28,MSCI360,360ONEAMC - MSCI360,10.12,10.47,10.05,10.22,10.22,32814
2026-08-28,SILVER360,360ONEAMC - SILVER360,232.74,237.5,232.74,236.33,233.1,11929
2026-08-28,3BBLACKBIO,3B BLACKBIO DX LTD.,1362.0,1463.0,1362.0,1441.2,1350.3,45446
2026-08-28,3MINDIA,3M INDIA LIMITED,34245.0,34840.0,34130.0,34415.0,34245.0,2422
2026-08-28,3PLAND,3P LAND HOLDINGS LIMITED,31.9,32.34,31.55,31.74,31.87,2074
2026-08-28,5PAISA,5PAISA CAPITAL LIMITED,371.0,372.5,365.0,368.35,371.15,16145
2026-08-28,63MOONS,63 MOONS TECHNOLOGIES LTD,745.0,789.0,744.95,776.4,745.45,242493
2026-08-28,ABCOTS,A B COTSPIN INDIA LIMITED,203.48,209.0,200.2,203.7,204.5,6512
2026-08-28,ABMKNO,A B M KNOWLEDGEWARE LTD.,188.0,194.0,185.0,193.39,187.21,164
2026-08-28,AKCAPIT,A K CAPITAL SERVICES LTD.,1687.7,1774.7,1644.2,1708.1,1686.2,3268
2026-08-28,A2ZINFRA,A2Z INFRA ENGINEERING LTD,16.79,17.12,16.18,16.63,16.41,482090
2026-08-28,AAATECH,AAA TECHNOLOGIES LIMITED,91.96,98.4,91.5,95.03,92.01,31461
2026-08-28,AADHARHFC,AADHAR HOUSING FINANCE L,463.2,472.45,463.2,471.1,465.8,121779
2026-08-28,AAKASH,AAKASH EXPLORATION SER L,8.61,8.9,8.59,8.73,8.75,63832
2026-08-28,AAREYDRUGS,AAREY DRUGS & PHARM LTD,87.0,89.01,86.1,89.01,84.78,379960
2026-08-28,AARON,AARON INDUSTRIES LIMITED,137.2,139.8,134.0,134.94,135.71,6654
2026-08-28,AARTIDRUGS,AARTI DRUGS LTD.,417.9,422.0,417.0,418.55,417.9,59919
2026-08-28,AARTIIND,AARTI INDUSTRIES LTD,540.0,543.0,528.0,540.35,538.9,644631
2026-08-28,AARTIPHARM,AARTI PHARMALABS LIMITED,818.0,848.9,815.75,840.7,813.5,278187
2026-08-28,AARVI,AARVI ENCON LIMITED,144.35,148.15,141.0,142.25,145.07,25356
2026-08-28,AASTHA,AASTHA SPINTEX LIMITED,85.0,85.0,79.53,79.61,88.36,2379114
2026-08-28,AAVAS,AAVAS FINANCIERS LIMITED,1273.4,1333.8,1264.1,1275.5,1269.4,348832
2026-08-28,ABANSENT,ABANS ENTERPRISES LTD.,28.8,28.8,27.0,27.99,27.51,2791
2026-08-28,AFSL,ABANS FINANCIAL SRVCS LTD,201.01,215.0,201.01,211.92,202.04,19645
2026-08-28,ABB,ABB INDIA LIMITED,7501.0,7529.0,7440.0,7509.0,7490.0,98513
2026-08-28,ABBOTINDIA,ABBOTT INDIA LIMITED,26420.0,26745.0,26120.0,26175.0,26350.0,6550
2026-08-28,ACC,ACC LIMITED,1314.0,1314.0,1303.0,1306.4,1310.6,65574
2026-08-28,ACCELYA,ACCELYA SOLN INDIA LTD,1135.0,1144.0,1119.8,1134.1,1134.9,7211
2026-08-28,ACEINTEG,ACE INTEGRATED SOLU. LTD.,17.96,17.96,17.4,17.44,17.38,404
2026-08-28,ACMESOLAR,ACME SOLAR HOLDINGS LTD,392.0,398.0,388.05,393.7,386.3,1185544
2026-08-28,ACE,ACTION CONST EQUIP LTD,1141.2,1154.1,1132.0,1140.6,1136.0,146229
2026-08-28,ACUTAAS,ACUTAAS CHEMICALS LIMITED,3359.8,3384.0,3235.0,3281.6,3329.2,240776
2026-08-28,ADANIENSOL,ADANI ENERGY SOLUTION LTD,1610.0,1611.9,1566.9,1581.4,1617.0,1647674
2026-08-28,ADANIENT,ADANI ENTERPRISES LIMITED,3170.0,3173.7,3133.3,3168.5,3169.0,530795
2026-08-28,ADANIGREEN,ADANI GREEN ENERGY LTD,1319.8,1321.0,1303.2,1311.0,1328.5,776595
2026-08-28,ADANIPORTS,ADANI PORT & SEZ LTD,1712.0,1723.9,1699.2,1707.5,1714.0,3268356
2026-08-28,ADANIPOWER,ADANI POWER LTD,215.92,216.5,210.91,212.63,215.0,14256352
2026-08-28,ATGL,ADANI TOTAL GAS LIMITED,644.0,645.15,635.0,636.5,645.35,302887
2026-08-28,ADDIND,ADDI INDUSTRIES LTD.,84.53,84.53,79.92,84.0,86.7,88
2026-08-28,ADFFOODS,ADF FOODS LIMITED,273.8,276.05,270.6,274.45,273.8,85375
2026-08-28,ABSLAMC,ADIT BIRL SUN LIF AMC LTD,1050.0,1053.5,1038.1,1047.9,1046.5,74281
2026-08-28,ABCAPITAL,ADITYA BIRLA CAPITAL LTD.,409.85,410.35,404.8,405.55,410.0,1217070
2026-08-28,ABFRL,ADITYA BIRLA FASHION & RT,54.0,54.0,52.21,52.49,53.64,4611357
2026-08-28,ABLBL,ADITYA BIRLA LIFES BRAN L,85.15,85.64,84.4,84.6,85.22,252167
2026-08-28,BIRLAMONEY,ADITYA BIRLA MONEY LTD,131.77,131.77,128.45,129.94,129.89,24071
2026-08-28,ABREL,ADITYA BIRLA REAL EST LTD,1382.0,1406.2,1380.0,1387.0,1393.4,81323
2026-08-28,CPPLUS,ADITYA INFOTECH LIMITED,3630.0,3662.0,3552.0,3576.6,3629.7,138494
2026-08-28,AVL,ADITYA VISION LIMITED,590.0,595.85,582.25,590.8,592.3,220999
2026-08-28,BSLGOLDETF,ADITYBIRLA SL GOLD ETF-GR,138.75,140.01,137.57,139.62,138.75,222269
2026-08-28,BSLNIFTY,ADITYBIRLA SL NIF ETF-GR,28.79,28.79,28.1,28.38,28.4,832664
2026-08-28,ADOR,ADOR WELDING LTD,1546.9,1652.0,1546.6,1635.6,1541.9,130736
2026-08-28,ADROITINFO,ADROIT INFOTECH LIMITED,10.64,10.77,10.12,10.44,10.4,14489
2026-08-28,ADVAIT,ADVAIT ENRGY TRANSITION L,2122.0,2230.1,2119.0,2200.5,2114.7,98198
2026-08-28,ADVANCE,ADVANCE AGROLIFE LIMITED,120.92,123.9,115.93,116.95,120.32,282536
2026-08-28,ADVENZYMES,ADVANCED ENZYME TECH LTD,297.95,301.95,296.25,299.8,297.6,192573
2026-08-28,ADVANIHOTR,ADVANI HOT.& RES.(I) LTD,50.7,53.14,49.5,50.01,49.92,55736
2026-08-28,ADVENTHTL,ADVENT HOTELS INTERNATI L,140.9,144.79,139.11,142.8,140.52,333397
2026-08-28,ADVIKCA,ADVIK CAPITAL LTD.,1.21,1.23,1.18,1.19,1.19,284503
2026-08-28,RAMBHAJO,ADVIT JEWELS LIMITED,259.8,264.87,245.31,250.51,263.57,2950380
2026-08-28,AEGISLOG,AEGIS LOGISTICS LIMITED,1304.0,1304.7,1283.6,1289.4,1298.0,263570
2026-08-28,AEGISVOPAK,AEGIS VOPAK TERMINALS LTD,267.0,272.45,262.0,269.9,263.5,588121
2026-08-28,AEQUS,AEQUS LIMITED,246.66,248.0,243.29,245.99,246.66,1329838
2026-08-28,AEROENTER,AEROFLEX ENTERPRISES LTD,144.82,147.43,143.05,146.29,142.66,930558
2026-08-28,AEROFLEX,AEROFLEX INDUSTRIES LTD,521.85,547.0,519.8,542.1,522.1,2093610
2026-08-28,AERONEU,AEROFLEX NEU LIMITED,83.99,83.99,80.25,80.68,81.88,3586
2026-08-28,AETHER,AETHER INDUSTRIES LIMITED,1685.5,1717.0,1664.0,1696.8,1677.3,443550
2026-08-28,AFCONS,AFCONS INFRASTRUCTURE LTD,284.0,292.0,284.0,286.65,285.05,728796
2026-08-28,AFFLE,AFFLE 3I LIMITED,1650.3,1659.0,1615.9,1620.2,1650.3,133536
2026-08-28,AGARIND,AGARWAL INDS CORP LTD.,466.25,470.0,463.85,465.3,465.5,15795
2026-08-28,AGI,AGI GREENPAC LIMITED,737.7,777.15,725.7,774.8,737.7,385938
2026-08-28,AGIIL,AGI INFRA LIMITED,297.0,297.0,287.25,289.1,288.8,447958
2026-08-28,AGRITECH,AGRI-TECH (INDIA) LIMITED,101.11,103.63,100.06,102.9,101.11,1874
2026-08-28,AGROPHOS,AGRO PHOS INDIA LIMITED,27.0,27.49,26.01,26.34,27.04,15966
2026-08-28,AHLADA,AHLADA ENGINEERS LIMITED,37.57,39.07,37.5,38.06,38.47,4759
2026-08-28,AHLUCONT,AHLUWALIA CONT IND LTD,638.0,647.75,630.05,641.1,636.6,80833
2026-08-28,AIAENG,AIA ENGINEERING LIMITED,4232.3,4260.7,4192.2,4234.2,4232.3,33928
2026-08-28,AIRAN,AIRAN LIMITED,14.98,15.47,14.84,15.09,14.81,58965
2026-08-28,AIROLAM,AIRO LAM LIMITED,88.2,89.0,86.51,88.88,87.5,1901
2026-08-28,AJANTPHARM,AJANTA PHARMA LIMITED,3584.9,3596.0,3541.6,3557.0,3543.6,39913
2026-08-28,AJAXENGG,AJAX ENGINEERING LIMITED,577.0,579.0,566.25,571.1,579.1,35790
2026-08-28,AJMERA,AJMERA REALTY & INF I LTD,117.36,118.88,114.56,117.41,116.98,497791
2026-08-28,AJOONI,AJOONI BIOTECH LIMITED,3.8,3.84,3.75,3.82,3.79,108907
2026-08-28,AKASH,AKASH INFRA-PROJECTS LTD,24.31,24.97,24.31,24.36,24.31,4053
2026-08-28,AKG,AKG EXIM LIMITED,9.24,9.5,9.1,9.16,9.24,2096
2026-08-28,AKI,AKI INDIA LIMITED,4.12,4.24,4.08,4.13,4.2,85878
2026-08-28,AFIL,AKME FINTRADE (INDIA) LTD,9.52,9.61,9.35,9.4,9.42,383110
2026-08-28,AKSHAR,AKSHAR SPINTEX LIMITED,0.42,0.43,0.41,0.42,0.42,834403
2026-08-28,AKUMS,AKUMS DRUGS AND PHARMA L,764.0,774.45,758.6,772.6,761.2,408016
2026-08-28,ALANKIT,ALANKIT LIMITED,7.88,8.22,7.88,8.13,7.91,107670
2026-08-28,ALBERTDAVD,ALBERT DAVID LIMITED,894.5,912.0,880.05,898.6,890.25,20164
2026-08-28,ALEMBICLTD,ALEMBIC LIMITED,102.77,103.23,99.47,100.04,102.77,645251
2026-08-28,APLLTD,ALEMBIC PHARMA LTD,824.0,828.45,811.1,813.45,824.0,89882
2026-08-28,ALFREDHE,ALFRED HERBERT INDIA L,2900.0,2900.0,2828.9,2855.0,2910.8,8
2026-08-28,ALGOQUANT,ALGOQUANT FINTECH LIMITED,65.0,66.38,64.08,64.56,64.88,1028546
2026-08-28,ALICON,ALICON CASTALLOY LIMITED,678.35,695.9,678.15,685.05,683.65,14703
2026-08-28,ALIVUS,ALIVUS LIFE SCIENCES LTD,1358.2,1375.9,1338.2,1350.2,1358.2,51812
2026-08-28,ALKEM,ALKEM LABORATORIES LTD.,5352.5,5406.5,5316.0,5355.0,5320.0,231100
2026-08-28,ALKYLAMINE,ALKYL AMINES CHEM. LTD,2054.2,2086.2,2041.1,2047.9,2045.0,43006
2026-08-28,ALLTIME,ALL TIME PLASTICS LIMITED,205.2,209.17,202.31,203.79,206.36,111080
2026-08-28,AGL,ALLCARGO GLOBAL LIMITED,14.33,14.6,13.95,14.03,14.34,1366639
2026-08-28,ALLCARGO,ALLCARGO LOGISTICS LTD,12.6,12.83,12.02,12.19,12.57,21895655
2026-08-28,ATL,ALLCARGO TERMINALS LTD,26.6,28.0,26.35,27.04,26.25,534798
2026-08-28,ALLDIGI,ALLDIGI TECH LIMITED,795.0,818.0,795.0,813.65,797.2,3998
2026-08-28,ABDL,ALLIED BLEND N DISTILS L,607.5,613.4,605.65,610.0,607.5,109318
2026-08-28,ADSL,ALLIED DIGITAL SERV. LTD,107.0,108.79,105.7,106.21,107.53,87735
2026-08-28,ALMONDZ,ALMONDZ GLOBAL SEC LTD,16.5,17.49,16.0,16.96,16.15,774739
2026-08-28,ALOKINDS,ALOK INDUSTRIES LIMITED,10.49,10.49,9.16,9.24,10.43,85131255
2026-08-28,ALPA,ALPA LABORATORIES LTD,61.1,65.3,61.0,63.77,61.18,21708
2026-08-28,ALPINETEX,ALPINE TEXWORLD LIMITED,55.91,56.79,54.5,55.16,55.67,201803
2026-08-28,ALUFLUOR,ALUFLUORIDE LTD.,469.9,484.0,459.5,477.9,458.5,17315
2026-08-28,AMAGI,AMAGI MEDIA LABS LIMITED,573.0,578.45,566.45,570.8,578.45,184757
2026-08-28,AMAL,AMAL LTD.,750.0,779.9,737.0,760.75,741.3,10626
2026-08-28,ARE&M,AMARA RAJA ENERGY MOB LTD,912.4,936.5,912.4,921.35,911.9,567121
2026-08-28,AMARJOTHI,AMARJOTHI SPINNING MILL L,160.0,163.97,156.0,162.4,160.0,377
2026-08-28,AMBER,AMBER ENTERPRISES (I) LTD,7750.5,7794.0,7655.0,7675.0,7701.0,271368
2026-08-28,AMBICAAGAR,AMBICA AGAR & AROMAINDLTD,24.97,25.89,24.6,25.24,24.97,697
2026-08-28,AMBIKCO,AMBIKA COTTON MILL LTD.,1633.3,1659.9,1631.5,1638.3,1636.7,9146
2026-08-28,AMBUJACEM,AMBUJA CEMENTS LTD,411.55,413.5,410.0,412.05,411.05,2152464
2026-08-28,AMDIND,AMD INDUSTRIES LIMITED,53.25,54.5,51.73,52.38,53.33,5977
2026-08-28,AMNPLST,AMINES & PLASTICIZERS LTD,183.63,189.0,180.6,184.16,186.81,3545
2026-08-28,AEROPLANE,AMIR CHAND JAG KUM (E) L,170.7,176.41,170.7,174.82,171.41,179790
2026-08-28,AMJLAND,AMJ LAND HOLDINGS LIMITED,39.22,39.22,38.61,38.62,39.22,1890
2026-08-28,AMRUTANJAN,AMRUTAJAN HEALTH LTD,517.2,522.2,511.2,514.25,517.05,67238
2026-08-28,ARSSBL,ANAND RATHI SH N STK BR L,517.05,521.0,508.0,509.7,517.05,128495
2026-08-28,ANANDRATHI,ANAND RATHI WEALTH LTD,2195.0,2242.0,2182.0,2213.4,2182.9,418905
2026-08-28,ANANTRAJ,ANANT RAJ LIMITED,605.25,611.9,603.2,606.15,605.25,616038
2026-08-28,ACL,ANDHRA CEMENTS LIMITED,44.95,44.95,43.72,44.14,44.06,26615
2026-08-28,ANDHRAPAP,ANDHRA PAPER LIMITED,60.41,61.65,60.17,61.07,60.11,136218
2026-08-28,ANDHRSUGAR,ANDHRA SUGARS LTD,96.36,100.37,95.84,98.02,95.45,610078
2026-08-28,ANDREWYU,ANDREW YULE & CO. LTD.,27.99,28.79,27.75,28.45,27.99,101147
2026-08-28,ANGELONE,ANGEL ONE LIMITED,295.9,297.7,291.65,294.0,295.9,2866743
2026-08-28,ANIKINDS,ANIK INDUSTRIES LTD,46.5,48.99,44.1,46.06,46.5,8384
2026-08-28,APCL,ANJANI PORTLAND CEM LTD,103.0,103.0,99.8,100.27,101.16,10017
2026-08-28,AHCL,ANLON HEALTHCARE LIMITED,15.6,16.87,15.26,15.91,15.6,15441669
2026-08-28,ANMOL,ANMOL INDIA LIMITED,10.07,10.18,10.0,10.05,9.99,38369
2026-08-28,ANNAPURNA,ANNAPURNA SWADISHT LTD,150.9,153.2,143.5,144.65,146.4,51186
2026-08-28,ANSALBU,ANSAL BUILDWELL LTD.,77.45,86.49,77.45,82.42,85.69,10639
2026-08-28,ANTGRAPHIC,ANTARCTICA LTD,0.74,0.86,0.72,0.75,0.72,1307534
2026-08-28,ANTELOPUS,ANTELOPUS SELAN ENRGY LTD,781.2,794.15,777.85,787.3,781.2,43078
2026-08-28,ANTHEM,ANTHEM BIOSCIENCES LTD,928.9,932.0,896.0,900.1,924.6,375323
2026-08-28,AWHCL,ANTONY WASTE HDG CELL LTD,391.0,391.0,385.05,387.3,389.2,44715
2026-08-28,ANUHPHR,ANUH PHARMA LIMITED,83.57,85.99,82.25,83.57,83.58,141578
2026-08-28,ANURAS,ANUPAM RASAYAN INDIA LTD,1265.4,1269.0,1253.0,1260.4,1259.8,132636
2026-08-28,AONEGOLD,AONEAMC - AONEGOLD,14.63,14.82,14.51,14.73,14.65,288491
2026-08-28,AONELIQUID,AONEAMC - AONELIQUID,1074.77,1074.77,1074.75,1074.76,1074.32,10046
2026-08-28,AONENIFTY,AONEAMC - AONENIFTY,10.03,10.03,9.95,9.96,9.96,189083
2026-08-28,AONESILVER,AONEAMC - AONESILVER,9.15,9.25,9.02,9.2,9.04,321987
2026-08-28,AONETMMQ50,AONEAMC - AONETMMQ50,10.16,10.55,10.16,10.44,10.43,119934
2026-08-28,AONETOTAL,AONEAMC - AONETOTAL,12.08,12.08,11.96,11.98,12.02,193160
2026-08-28,APARINDS,APAR INDUSTRIES LTD.,17858.0,17900.0,17485.0,17803.0,17900.0,120837
2026-08-28,APCOTEXIND,APCOTEX INDUSTRIES LIMITE,610.0,629.0,610.0,625.25,611.65,118722
2026-08-28,APEX,APEX FROZEN FOODS LIMITED,385.35,387.95,379.95,381.25,383.45,67352
2026-08-28,APLAPOLLO,APL APOLLO TUBES LTD,2187.0,2278.4,2182.5,2265.6,2188.0,1037530
2026-08-28,APOLLOHOSP,APOLLO HOSPITALS ENTER. L,8848.0,8905.0,8818.5,8838.5,8800.0,311286
2026-08-28,APOLLO,APOLLO MICRO SYSTEMS LTD,387.7,388.5,383.85,387.45,386.35,3217421
2026-08-28,APOLLOPIPE,APOLLO PIPES LIMITED,638.55,643.0,620.6,631.0,638.55,204371
2026-08-28,APOLSINHOT,APOLLO SINDOORI HOTEL LTD,1206.0,1249.9,1206.0,1215.4,1235.3,553
2026-08-28,APOLLOTYRE,APOLLO TYRES LTD,448.1,451.0,442.1,443.5,443.25,836372
2026-08-28,APTUS,APTUS VALUE HSG FIN I LTD,254.8,257.2,253.55,256.15,256.45,324345
2026-08-28,AQYLON,AQYLON NEXUS LIMITED,23.2,23.34,22.11,22.11,23.27,1075974
2026-08-28,ACI,ARCHEAN CHEMICAL IND LTD,480.0,489.85,479.8,484.3,483.95,390477
2026-08-28,ADL,ARCHIDPLY DECOR LIMITED,70.96,75.0,70.96,75.0,70.91,1056
2026-08-28,ARCHIDPLY,ARCHIDPLY IND. LTD,103.06,108.4,99.01,105.23,103.04,49263
2026-08-28,ARCHIES,ARCHIES LTD,13.5,13.7,13.38,13.4,13.4,10149
2026-08-28,ARCL,ARCL ORGANICS LTD.,231.99,235.0,221.05,226.22,232.0,114
2026-08-28,ARDEE,ARDEE INDUSTRIES LIMITED,59.96,61.96,58.78,61.16,59.28,6521624
2026-08-28,ARFIN,ARFIN INDIA LIMITED,86.11,86.3,84.65,85.77,85.4,964118
2026-08-28,ARIES,ARIES AGRO LTD.,492.8,497.6,465.3,484.3,490.65,54489
2026-08-28,ARIHANTCAP,ARIHANT CAPITAL MKTS LTD,78.6,80.49,76.93,79.39,78.62,192228
2026-08-28,ARIHANT,ARIHANT FOUN & HOU LTD,994.8,994.8,950.0,958.9,974.8,1298
2026-08-28,ARIHANTSUP,ARIHANT SUPERSTRUCT LTD,262.1,262.1,252.1,255.35,261.5,8417
2026-08-28,ARIS,ARISINFRA SOLUTIONS LTD,143.25,153.25,143.25,151.31,143.89,5643850
2026-08-28,ARKADE,ARKADE DEVELOPERS LIMITED,127.2,128.0,126.5,127.38,127.25,140894
2026-08-28,ARMANFIN,ARMAN FIN SERV LTD,1966.0,2045.0,1959.4,2034.2,1967.1,50932
2026-08-28,AROGRANITE,ARO GRANITE IND. LTD.,26.5,26.5,25.0,25.1,25.59,6645
2026-08-28,ARTNIRMAN,ART NIRMAN LIMITED,42.0,42.0,39.62,39.84,39.7,1005
2026-08-28,AEPL,ARTEMIS ELECTRICALS & P L,15.65,15.65,14.67,15.38,15.39,15835
2026-08-28,ARTEMISMED,ARTEMIS MED SERVICE LTD,316.95,321.0,316.95,319.25,316.95,123988
2026-08-28,ARVEE,ARVEE LABORATORIES I LTD,162.15,174.5,162.15,169.0,170.59,823
2026-08-28,ARVINDFASN,ARVIND FASHIONS LIMITED,450.65,454.5,442.35,450.65,449.4,173596
2026-08-28,ARVIND,ARVIND LIMITED,545.0,545.25,532.2,543.35,540.95,760011
2026-08-28,ARVSMART,ARVIND SMARTSPACES LTD,652.65,668.0,646.0,661.4,652.65,88204
2026-08-28,ARYAMAN,ARYAMAN FINANCIAL SERV L,620.0,674.95,614.0,644.3,625.0,709
2026-08-28,ASAHIINDIA,ASAHI INDIA GLASS LIMITED,954.2,968.1,944.0,952.7,951.25,172883
2026-08-28,ASHAPURMIN,ASHAPURA MINECHEM LTD,579.95,587.2,576.4,582.1,578.05,220503
2026-08-28,ASHIANA,ASHIANA HOUSING LTD,366.3,369.85,362.05,368.8,365.55,23913
2026-08-28,ASHIMASYN,ASHIMA LTD,18.87,19.6,18.5,18.83,18.87,46088
2026-08-28,ASHOKLEY,ASHOK LEYLAND LTD,178.0,178.18,174.81,175.77,177.4,11814260
2026-08-28,ASHOKA,ASHOKA BUILDCON LTD,113.01,113.4,112.32,112.65,113.05,294687
2026-08-28,ASHOKAMET,ASHOKA METCAST LIMITED,13.88,13.89,13.16,13.65,13.51,17883
2026-08-28,ASIANENE,ASIAN ENERGY SERVICES LTD,496.45,520.0,477.0,480.8,492.7,701493
2026-08-28,ASIANTILES,ASIAN GRANITO IND. LTD.,47.78,48.29,47.0,47.88,47.02,2511054
2026-08-28,AHLEAST,ASIAN HOTELS (EAST) LTD,137.05,141.4,135.0,139.32,136.73,3751
2026-08-28,ASIANHOTNR,ASIAN HOTELS (NORTH) LTD,307.75,317.8,301.55,315.95,312.05,98958
2026-08-28,ASIANPAINT,ASIAN PAINTS LIMITED,2645.0,2645.0,2583.8,2608.7,2631.0,482544
2026-08-28,ASTAR,ASIAN STAR CO. LTD.,590.0,599.95,588.0,599.9,590.0,75
2026-08-28,ASIANTNE,ASIAN TEA & EXPORTS LTD.,9.9,10.99,9.72,10.89,9.65,58850
2026-08-28,ASKAUTOLTD,ASK AUTOMOTIVE LIMITED,607.95,635.95,604.25,633.1,606.05,416555
2026-08-28,ASPINWALL,ASPINWALL & CO LTD,260.21,268.0,260.1,262.52,261.26,1933
2026-08-28,ASSAMENT,ASSAM ENTRADE LIMITED,705.0,778.05,705.0,778.05,741.0,172
2026-08-28,ASALCBR,ASSO ALCOHOLS & BREW LTD,719.6,721.4,710.0,714.5,716.4,12716
2026-08-28,ASTEC,ASTEC LIFESCIENCES LTD,589.0,593.95,572.0,581.45,585.9,25129
2026-08-28,ASTERDM,ASTER DM QUALITY CARE LTD,759.85,765.0,744.05,748.4,754.8,1768713
2026-08-28,ASTRAMICRO,ASTRA MICROWAVE LTD,1689.8,1722.4,1670.0,1706.6,1687.5,242127
2026-08-28,ASTRAL,ASTRAL LIMITED,1535.6,1556.4,1529.5,1532.3,1529.2,700559
2026-08-28,ASTRAZEN,ASTRAZENECA PHARMA IND LT,7140.5,7170.0,7081.0,7106.5,7136.0,2651
2026-08-28,ATALREAL,ATAL REALTECH LIMITED,35.35,36.0,34.71,35.51,35.13,13592636
2026-08-28,ATAM,ATAM VALVES LIMITED,56.51,58.5,55.25,55.85,56.51,17108
2026-08-28,ATHERENERG,ATHER ENERGY LIMITED,1523.7,1630.0,1523.7,1616.3,1495.3,14538878
2026-08-28,ATLANTAELE,ATLANTA ELECTRICALS LTD,1684.0,1750.0,1675.3,1745.1,1674.9,128412
2026-08-28,ATLANTAA,ATLANTAA LIMITED,37.1,37.78,36.95,37.03,37.64,37210
2026-08-28,ATLASCYCLE,ATLAS CYCLE (HARYANA) LTD,97.0,97.43,95.5,96.11,96.28,3218
2026-08-28,ATULAUTO,ATUL AUTO LIMITED,482.1,485.8,479.05,483.35,481.15,49107
2026-08-28,ATUL,ATUL LTD,6598.0,6598.0,6437.5,6459.5,6585.0,28383
2026-08-28,AUBANK,AU SMALL FINANCE BANK LTD,1086.3,1094.3,1073.3,1077.1,1091.0,871951
2026-08-28,AURIONPRO,AURIONPRO SOLN LTD,692.8,712.45,690.0,707.6,688.0,204145
2026-08-28,AUROPHARMA,AUROBINDO PHARMA LTD,1637.0,1656.2,1620.1,1645.3,1637.0,484381
2026-08-28,AURUM,AURUM PROPTECH LIMITED,229.76,235.25,228.21,232.98,228.45,107260
2026-08-28,AURUS,AURUS GEM CORP LIMITED,4.64,4.75,4.52,4.66,4.57,25000
2026-08-28,AUSOMENT,AUSOM ENTERPRISE LIMITED,147.25,148.85,144.65,148.24,147.25,5076
2026-08-28,AUSTENG,AUSTIN ENGINEERING CO. L,120.01,125.0,119.99,123.28,121.01,1859
2026-08-28,AIIL,AUTHUM INVEST & INFRA LTD,550.25,558.95,544.0,545.9,553.9,114584
2026-08-28,AUTOIND,AUTOLINE INDUSTRIES LTD,88.58,90.78,88.05,89.04,89.02,70443
2026-08-28,ACGL,AUTOMOBILE CORPN OF GOA L,1823.5,1825.0,1773.4,1792.6,1805.3,342
2026-08-28,AUTOAXLES,AUTOMOTIVE AXLES LIMITED,1735.9,1744.9,1714.2,1740.2,1723.6,1988
2026-08-28,ASAL,AUTOMOTIVE STAMPINGS & AS,486.0,493.3,486.0,488.2,488.45,10947
2026-08-28,AVADHSUGAR,AVADH SUG & ENERGY LTD,811.0,838.4,806.85,830.05,804.55,170865
2026-08-28,AVALON,AVALON TECHNOLOGIES LTD,2250.0,2251.1,2172.0,2231.7,2256.6,239819
2026-08-28,AVANCE,AVANCE TECHNOLOGIES LTD.,0.87,0.89,0.87,0.87,0.87,2849676
2026-08-28,AVANTEL,AVANTEL LIMITED,157.0,158.4,156.48,156.79,158.05,369537
2026-08-28,AVANTIFEED,AVANTI FEEDS LIMITED,844.9,845.6,822.0,826.75,844.45,415922
2026-08-28,DMART,AVENUE SUPERMARTS LIMITED,3850.0,3853.9,3822.0,3830.6,3847.4,276877
2026-08-28,CCAVENUE,AVENUESAI LIMITED,15.25,15.52,15.2,15.27,15.22,6373496
2026-08-28,AVONMORE,AVONMORE CAP&MGT SERV LTD,13.72,14.15,13.72,13.9,13.68,145925
2026-08-28,AVROIND,AVRO INDIA LIMITED,9.34,9.8,9.0,9.3,9.29,547964
2026-08-28,AVTNPL,AVT NATURAL PRODUCTS LTD,85.25,86.6,83.57,85.19,85.64,141293
2026-08-28,AWFIS,AWFIS SPACE SOLUTIONS LTD,260.0,262.0,251.9,253.25,257.65,409033
2026-08-28,AWL,AWL AGRI BUSINESS LIMITED,199.74,199.74,195.3,196.27,199.74,1135382
2026-08-28,AXISBANK,AXIS BANK LIMITED,1256.0,1265.4,1248.2,1265.0,1256.0,3243469
2026-08-28,BNKETFAXIS,AXISAMC-BNKETFAXIS,593.94,595.24,591.2,593.78,594.58,3459
2026-08-28,CONSUMAXIS,AXISAMC-CONSUMAXIS,122.9,123.23,122.23,122.8,122.9,2122
2026-08-28,GOLDAXIS,AXISAMC-GOLDAXIS,130.72,132.08,130.14,131.78,130.79,2586465
2026-08-28,HEALTHAXIS,AXISAMC-HEALTHAXIS,165.4,171.42,165.4,170.79,169.65,7441
2026-08-28,ITAXIS,AXISAMC-ITAXIS,337.68,345.34,337.68,343.84,332.0,10697
2026-08-28,NIFTYAXIS,AXISAMC-NIFTYAXIS,266.94,268.31,266.79,267.88,267.74,2633
2026-08-28,SENSEXAXIS,AXISAMC-SENSEXAXIS,80.64,80.64,79.8,79.96,80.24,697
2026-08-28,SILVERAXIS,AXISAMC-SILVERAXIS,235.4,240.51,235.02,238.97,235.43,229856
2026-08-28,VALUEAXIS,AXISAMC-VALUEAXIS,32.89,32.97,32.8,32.82,32.77,37478
2026-08-28,AXISCADES,AXISCADES TECH LTD,1619.0,1645.0,1581.0,1594.7,1612.9,101508
2026-08-28,AXITA,AXITA COTTON LIMITED,8.05,8.23,8.05,8.05,7.98,1263568
2026-08-28,AXTEL,AXTEL INDUSTRIES LTD.,400.0,406.8,392.3,394.35,403.85,3424
2026-08-28,AYE,AYE FINANCE LIMITED,182.97,195.0,180.73,183.92,181.54,8919813
2026-08-28,AYMSYNTEX,AYM SYNTEX LIMITED,250.0,256.55,241.55,254.4,250.25,65947
2026-08-28,AZAD,AZAD ENGINEERING LIMITED,2814.4,2882.0,2798.5,2850.5,2802.4,401279
2026-08-28,AZADIND,AZAD INDIA MOBILITY LTD.,96.8,98.99,89.13,93.5,96.8,49897
2026-08-28,BBTCL,B&B TRIPLEWALL CONT LTD,235.05,239.78,233.12,235.59,237.01,4480
2026-08-28,BAGFILMS,B.A.G FILMS AND MEDIA LTD,4.49,4.49,4.34,4.42,4.44,51030
2026-08-28,BLKASHYAP,B.L.KASHYAP & SON LTD,56.47,60.9,56.47,58.57,56.47,2938216
2026-08-28,STYLEBAAZA,BAAZAR STYLE RETAIL LTD,406.0,413.65,400.0,410.8,401.95,2708270
2026-08-28,BAIDFIN,BAID FINSERV LIMITED,9.86,9.86,9.53,9.74,9.76,43620
2026-08-28,BAJAJ-AUTO,BAJAJ AUTO LIMITED,11810.0,11974.0,11769.0,11910.0,11720.0,262591
2026-08-28,BAJAJCON,BAJAJ CONSUMER CARE LTD,452.0,479.5,449.1,477.45,450.6,1407453
2026-08-28,BAJAJELEC,BAJAJ ELECT.LTD,335.9,337.9,329.65,332.75,334.8,131210
2026-08-28,BAJFINANCE,BAJAJ FINANCE LIMITED,1065.7,1081.5,1065.7,1079.9,1083.0,4554311
2026-08-28,BAJAJFINSV,BAJAJ FINSERV LTD.,2011.0,2014.7,1982.3,2002.0,2011.0,466703
2026-08-28,BAJAJHCARE,BAJAJ HEALTHCARE LIMITED,322.7,325.7,320.1,322.0,320.9,36072
2026-08-28,BAJAJHIND,BAJAJ HINDUSTHAN SUGAR LT,21.13,22.08,21.13,21.67,21.11,51508959
2026-08-28,BAJAJHLDNG,BAJAJ HOLDINGS & INVS LTD,11406.0,11429.0,11250.0,11340.0,11399.0,31945
2026-08-28,BAJAJHFL,BAJAJ HOUSING FINANCE LTD,85.71,85.79,84.76,85.0,85.29,1693097
2026-08-28,BAJAJST,BAJAJ STEEL INDS. LTD.,362.65,364.65,343.0,345.55,357.4,18018
2026-08-28,BAJEL,BAJEL PROJECTS LIMITED,195.45,197.3,192.21,192.84,194.53,194797
2026-08-28,BALPHARMA,BAL PHARMA LTD.,85.89,86.03,84.17,84.8,85.02,6199
2026-08-28,BALAMINES,BALAJI AMINES LIMITED,2413.0,2431.1,2361.1,2390.5,2425.8,124958
2026-08-28,BALAJITELE,BALAJI TELEFILMS LIMITED.,93.96,95.0,93.3,94.05,93.54,52835
2026-08-28,BALAXI,BALAXI PHARMA LTD,22.1,22.9,22.1,22.54,22.44,13533
2026-08-28,BALKRISIND,BALKRISHNA IND. LTD,2358.0,2360.9,2326.5,2340.1,2352.1,755064
2026-08-28,BALKRISHNA,BALKRISHNA PAPER MILLS L,17.11,17.48,16.6,16.89,17.13,16299
2026-08-28,BALMLAWRIE,BALMER LAWRIE & CO LTD,176.45,178.16,175.81,177.8,175.26,116790
2026-08-28,BLIL,BALMER LAWRIE INVSTS. L,72.3,72.43,71.95,72.14,72.19,52904
2026-08-28,BALRAMCHIN,BALRAMPUR CHINI MILLS LTD,649.6,665.8,645.65,654.85,649.95,2100532
2026-08-28,BALUFORGE,BALU FORGE INDUSTRIES LTD,635.0,649.5,635.0,638.8,632.9,1441287
2026-08-28,BANARBEADS,BANARAS BEADS LTD,122.4,122.8,115.26,115.53,119.51,3807
2026-08-28,BANCOINDIA,BANCO PRODUCTS (I) LTD,624.3,630.5,619.0,624.4,623.65,55866
2026-08-28,BANDHANBNK,BANDHAN BANK LIMITED,170.03,170.48,167.8,168.25,169.7,3469922
2026-08-28,GOLDBND,BANDHANAMC - GOLDBND,157.15,158.46,156.03,157.91,157.15,4053
2026-08-28,IDFNIFTYET,BANDHANAMC - IDFNIFTYET,267.15,267.75,262.75,264.35,267.17,781
2026-08-28,SILVERBND,BANDHANAMC - SILVERBND,236.93,243.32,236.79,241.36,236.84,6796
2026-08-28,BANG,BANG OVERSEAS LTD.,34.4,35.0,32.81,34.75,33.42,279802
2026-08-28,BANKBARODA,BANK OF BARODA,241.15,241.9,239.5,241.9,241.0,3571651
2026-08-28,BANKINDIA,BANK OF INDIA,144.89,144.89,142.7,144.0,144.6,4694456
2026-08-28,MAHABANK,BANK OF MAHARASHTRA,84.89,84.89,82.95,83.8,84.69,9938458
2026-08-28,BANKA,BANKA BIOLOO LIMITED,79.5,80.99,78.0,79.2,79.62,283
2026-08-28,BANARISUG,BANNARI AMMAN SUGARS LTD,3797.5,4060.0,3797.5,3930.7,3766.4,8682
2026-08-28,BANSALWIRE,BANSAL WIRE INDUSTRIES L,319.3,320.9,317.0,318.0,316.95,23351
2026-08-28,BANSWRAS,BANSWARA SYNTEX LIMITED,117.86,119.78,116.45,116.88,118.46,26728
2026-08-28,BVCL,BARAK VALLEY CEM. LTD.,43.5,45.48,41.9,43.9,43.57,161651
2026-08-28,BBNPNBETF,BARODABNP - BBNPNBETF,59.34,59.34,57.9,57.97,57.9,71
2026-08-28,BBNPPGOLD,BARODABNP - BBNPPGOLD,151.8,153.85,151.45,152.85,151.8,2251
2026-08-28,BASF,BASF INDIA LTD,3845.0,3879.9,3835.8,3848.7,3846.1,7730
2026-08-28,BATAINDIA,BATA INDIA LTD,682.0,684.7,678.1,681.3,681.6,80053
2026-08-28,BATLIBOI,BATLIBOI LTD.,85.95,90.0,84.54,88.41,85.03,35076
2026-08-28,BAYERCROP,BAYER CROPSCIENCE LTD,4077.0,4077.3,4042.0,4048.7,4067.9,12947
2026-08-28,BCLIND,BCL INDUSTRIES LIMITED,37.02,37.13,36.55,36.74,37.02,402479
2026-08-28,BCPL,BCPL RAILWAY INFRA LTD,70.5,70.5,67.0,68.94,69.42,6526
2026-08-28,BEARDSELL,BEARDSELL LIMITED,27.68,27.68,25.65,25.96,26.52,15836
2026-08-28,BEDMUTHA,BEDMUTHA INDUST LTD,105.0,107.75,105.0,106.25,106.04,2412
2026-08-28,BEEKAY,BEEKAY STEEL INDS. LTD.,428.0,444.0,419.0,424.2,427.25,6911
2026-08-28,BLEL,BEHARI LAL ENGINEERING L,470.0,470.5,452.3,457.45,469.85,1468288
2026-08-28,BELLACASA,BELLA CASA FASH AND RET L,245.0,254.8,243.42,247.3,246.74,9120
2026-08-28,BELRISE,BELRISE INDUSTRIES LTD,229.32,232.2,226.2,229.87,229.22,3131483
2026-08-28,BLAL,BEML LAND ASSETS LIMITED,166.0,167.74,165.92,166.14,166.46,28314
2026-08-28,BEML,BEML LIMITED,1926.1,1990.0,1909.0,1984.9,1920.6,494559
2026-08-28,BENARAS,BENARES HOTELS LTD.,10025.0,10270.0,10000.0,10122.0,10200.0,167
2026-08-28,BENGALASM,BENGAL & ASSAM CO. LTD.,6250.0,6350.0,6247.5,6339.5,6248.0,462
2026-08-28,BERGEPAINT,BERGER PAINTS (I) LTD,501.85,501.85,493.0,494.35,501.0,149998
2026-08-28,BESTAGRO,BEST AGROLIFE LIMITED,17.48,17.78,17.42,17.61,17.47,265082
2026-08-28,BETA,BETA DRUGS LIMITED,2194.2,2253.0,2166.2,2201.0,2194.2,16090
2026-08-28,BFINVEST,BF INVESTMENT LIMITED,443.0,450.0,441.0,442.8,442.95,9810
2026-08-28,BFUTILITIE,BF UTILITIES LIMITED,502.55,514.9,500.0,510.25,502.55,49622
2026-08-28,BANK10BETF,BFAM - BANK10BETF,21.15,21.15,20.7,20.77,20.95,1494
2026-08-28,BANKBETF,BFAM - BANKBETF,58.57,58.65,58.23,58.49,58.57,246198
2026-08-28,LIQUIDBETF,BFAM - LIQUIDBETF,1096.74,1096.76,1096.74,1096.75,1096.32,146356
2026-08-28,NIFTYBETF,BFAM - NIFTYBETF,248.86,249.49,248.0,248.66,248.86,467
2026-08-28,BHAGCHEM,BHAGIRADHA CHEM & INDS L,282.45,283.95,272.1,277.9,282.6,90077
2026-08-28,BHAGYANGR,BHAGYANAGAR INDIA LIMITED,380.95,398.5,380.05,391.05,382.9,81903
2026-08-28,BHANDARI,BHANDARI HOSIERY EXP LTD,3.09,3.09,3.01,3.03,3.04,90135
2026-08-28,BEPL,BHANSALI ENG. POLYMERS LT,122.0,125.8,121.51,123.52,121.43,979785
2026-08-28,BBL,BHARAT BIJLEE LTD,2384.0,2384.0,2345.0,2358.8,2370.4,12187
2026-08-28,BHARATCOAL,BHARAT COKING COAL LTD,34.34,34.48,33.92,34.02,34.17,2950662
2026-08-28,BDL,BHARAT DYNAMICS LIMITED,1345.8,1348.4,1301.0,1306.0,1348.6,1589088
2026-08-28,BEL,BHARAT ELECTRONICS LTD,410.85,411.9,407.25,411.9,411.0,8025382
2026-08-28,BHARATFORG,BHARAT FORGE LTD,2048.1,2048.1,2005.4,2037.7,2050.0,362775
2026-08-28,BPLPHARMA,BHARAT PARENTERALS LTD.,1578.2,1578.2,1510.0,1527.8,1496.6,936
2026-08-28,BPCL,BHARAT PETROLEUM CORP  LT,318.0,319.9,316.0,319.25,318.0,4733069
2026-08-28,BHARATRAS,BHARAT RASAYAN LTD,1278.5,1281.7,1251.5,1255.2,1272.6,11614
2026-08-28,BRNL,BHARAT ROAD NETWORK LTD,17.29,17.4,17.1,17.29,17.29,9562
2026-08-28,BHARATSE,BHARAT SEATS LIMITED,221.9,227.77,220.15,226.43,221.07,130053
2026-08-28,BHARATWIRE,BHARAT WIRE ROPES LTD.,186.64,188.94,185.64,186.99,187.64,83316
2026-08-28,BHARTIARTL,BHARTI AIRTEL LIMITED,1875.7,1894.3,1867.6,1882.4,1878.3,6106300
2026-08-28,BHARTIHEXA,BHARTI HEXACOM LIMITED,1545.0,1576.2,1522.0,1550.1,1551.1,104940
2026-08-28,BIL,BHARTIYA INTERNATIONAL,872.05,890.0,844.55,857.7,867.15,21683
2026-08-28,BHEL,BHEL,434.0,436.65,427.0,430.85,433.95,5837847
2026-08-28,BIGBLOC,BIGBLOC CONSTRUCTION LTD,42.9,43.27,41.95,42.33,42.67,50587
2026-08-28,BIKAJI,BIKAJI FOODS INTERN LTD,614.95,624.2,612.0,618.8,611.9,244238
2026-08-28,GROWW,BILLIONBRAINS GARAGE VN L,196.5,196.75,189.7,191.46,196.84,53275950
2026-08-28,BIMETAL,BIMETAL BEARINGS LTD.,625.0,679.0,625.0,648.5,618.5,2388
2026-08-28,BIOCON,BIOCON LIMITED.,416.4,418.65,410.0,411.1,418.4,2187557
2026-08-28,BIOFILCHEM,BIOFIL CHEM & PHARMA LTD,32.8,33.79,32.8,32.93,32.8,4186
2026-08-28,BIRLACORPN,BIRLA CORPORATION LTD,883.0,897.95,877.15,881.2,883.0,32452
2026-08-28,BIRLAPREC,BIRLA PRECISION TECH L,48.39,49.0,46.2,47.64,47.37,222244
2026-08-28,BIRLANU,BIRLANU LIMITED,1450.0,1467.2,1430.0,1442.3,1450.8,6565
2026-08-28,ABGSEC,BIRLASLAMC - ABGSEC,115.29,115.29,113.92,115.28,114.15,14
2026-08-28,ABSL10BANK,BIRLASLAMC - ABSL10BANK,173.47,173.47,168.75,168.96,170.07,5367
2026-08-28,ABSLBANETF,BIRLASLAMC - ABSLBANETF,59.06,59.2,58.8,59.07,59.06,21048
2026-08-28,ABSLLIQUID,BIRLASLAMC - ABSLLIQUID,1000.0,1000.01,1000.0,1000.0,1000.0,1246
2026-08-28,ABSLMSCIN,BIRLASLAMC - ABSLMSCIN,29.87,29.87,29.62,29.75,29.73,1100
2026-08-28,ABSLNN50ET,BIRLASLAMC - ABSLNN50ET,78.38,78.45,77.7,77.89,77.53,9554
2026-08-28,BSLSENETFG,BIRLASLAMC - BSLSENETFG,78.0,78.33,77.0,78.01,77.93,1259
2026-08-28,GSEC10ABSL,BIRLASLAMC - GSEC10ABSL,112.05,112.05,112.05,112.05,112.28,35
2026-08-28,HEALTHY,BIRLASLAMC - HEALTHY,17.2,17.39,17.14,17.24,17.2,511546
2026-08-28,MOMENTUM,BIRLASLAMC - MOMENTUM,32.0,32.0,31.7,31.78,31.8,11274
2026-08-28,NIFTYQLITY,BIRLASLAMC - NIFTYQLITY,21.54,21.68,21.43,21.55,21.5,53666
2026-08-28,SILVER,BIRLASLAMC - SILVER,233.01,241.9,230.64,240.63,236.56,879171
2026-08-28,TECH,BIRLASLAMC - TECH,33.23,34.3,33.23,34.05,33.22,89007
2026-08-28,ABSLPSE,BIRLASLAMC-ABSLPSE,10.19,10.19,10.07,10.12,10.11,266913
2026-08-28,BSOFT,BIRLASOFT LIMITED,289.95,303.95,289.9,300.9,287.95,3235524
2026-08-28,BBOX,BLACK BOX LIMITED,741.05,754.95,740.0,745.9,739.0,139959
2026-08-28,BLACKBUCK,BLACKBUCK LIMITED,589.95,592.75,584.75,588.15,588.2,164649
2026-08-28,BLBLIMITED,BLB LIMITED,15.82,16.18,15.8,15.98,16.04,88700
2026-08-28,BLSE,BLS E-SERVICES LIMITED,314.0,328.9,313.0,326.25,314.05,641255
2026-08-28,BLS,BLS INTL SERVS LTD,238.1,240.45,237.2,239.03,238.07,890636
2026-08-28,BLUECHIP,BLUE CHIP INDIA LIMITED,2.14,2.14,2.14,2.14,2.1,11621
2026-08-28,BLUECLOUDS,BLUE CLOUD SOFTECH SOLU L,20.6,20.9,19.9,20.19,20.43,3212056
2026-08-28,BLUEDART,BLUE DART EXPRESS LTD,5001.0,5032.5,4975.0,4989.5,5005.5,3660
2026-08-28,BLUEJET,BLUE JET HEALTHCARE LTD,585.0,590.25,575.0,577.65,585.6,378817
2026-08-28,BLUESTARCO,BLUE STAR LIMITED,1494.0,1494.0,1472.9,1480.0,1497.0,292190
2026-08-28,BLUESTONE,BLUESTONE JEWEL LFSTL LTD,804.0,809.85,790.15,794.7,800.5,277657
2026-08-28,BLUSPRING,BLUSPRING ENTERPRISES LTD,132.0,135.0,127.0,127.43,131.56,429364
2026-08-28,BMWVENTLTD,BMW VENTURES LIMITED,57.0,57.38,56.51,56.65,56.95,39438
2026-08-28,BNAGROCHEM,BN AGROCHEM LTD.,234.95,234.95,223.65,226.8,233.9,22675
2026-08-28,BTML,BODHI TREE MULTIMEDIA LTD,8.93,8.96,8.54,8.61,8.98,374591
2026-08-28,BOHRAIND,BOHRA INDUSTRIES LIMITED,13.8,13.8,12.11,12.64,12.85,31336
2026-08-28,BBTC,BOMBAY BURMAH TRADING COR,1598.9,1598.9,1552.0,1563.2,1613.6,627788
2026-08-28,BOMDYEING,BOMBAY DYEING & MFG. CO L,116.69,119.75,115.15,118.4,116.95,1343633
2026-08-28,BSHSL,BOMBAY SUPER HYBRID SEEDS,90.0,92.61,90.0,91.85,89.08,8443
2026-08-28,BONLON,BONLON INDUSTRIES LIMITED,39.05,41.99,39.05,40.5,40.3,21445
2026-08-28,BORANA,BORANA WEAVES LIMITED,311.85,322.0,309.85,317.75,310.15,12087
2026-08-28,BOROLTD,BOROSIL LIMITED,244.59,251.84,238.27,239.81,244.07,651151
2026-08-28,BORORENEW,BOROSIL RENEWABLES LTD,514.5,520.0,501.0,502.25,517.55,988158
2026-08-28,BOROSCI,BOROSIL SCIENTIFIC LTD,126.5,126.69,122.41,124.44,125.89,36344
2026-08-28,BOSCH-HCIL,BOSCH HOME COMFRT IND LTD,1675.1,1706.8,1666.8,1695.2,1667.6,17547
2026-08-28,BOSCHLTD,BOSCH LIMITED,48780.0,48930.0,48020.0,48640.0,48780.0,26114
2026-08-28,BPL,BPL LTD,52.0,52.01,49.3,50.43,51.79,36901
2026-08-28,BRAHMINFRA,BRAHMAPUTRA INFRA L,161.29,165.0,155.02,160.13,156.86,15733
2026-08-28,FIRSTCRY,BRAINBEES SOLUTIONS LTD,188.53,189.5,184.97,185.48,188.26,752050
2026-08-28,BCONCEPTS,BRAND CONCEPTS LIMITED,159.93,167.5,158.05,163.07,160.01,9226
2026-08-28,BRIGADE,BRIGADE ENTER. LTD,657.1,657.75,640.4,642.25,656.75,249374
2026-08-28,BRIGHOTEL,BRIGADE HOTEL VENTURE LTD,59.99,60.0,59.0,59.56,59.57,74934
2026-08-28,BRIGHTBR,BRIGHT BROTHERS LTD.,253.36,267.67,240.0,260.78,263.83,1113
2026-08-28,BCG,BRIGHTCOM GROUP LIMITED,9.01,9.09,9.01,9.05,9.03,2448110
2026-08-28,BRITANNIA,BRITANNIA INDUSTRIES LTD,5298.0,5355.0,5276.5,5308.5,5298.0,246611
2026-08-28,BSE,BSE LIMITED,3313.0,3410.0,3303.0,3405.0,3328.0,4774200
2026-08-28,BSL,BSL LTD,125.0,125.0,121.8,123.03,123.42,1236
2026-08-28,BUTTERFLY,BTRFLY GANDHI APPL LTD,628.0,655.45,625.05,633.15,627.75,26089
2026-08-28,BURNPUR,BURNPUR CEMENT LIMITED,16.15,16.15,15.1,16.15,14.69,494712
2026-08-28,CGVAK,C G V A K SOFTWARE & EX L,148.0,154.0,147.13,149.7,148.15,4564
2026-08-28,MAPMYINDIA,C.E. INFO SYSTEMS LIMITED,981.0,1011.0,961.6,965.9,977.1,250732
2026-08-28,CMLL,CALIBER MINING AND LOG L,517.25,517.25,507.35,509.8,511.35,140467
2026-08-28,CALSOFT,CALIFORNIA SOFTWARE CO LT,35.5,35.5,35.5,35.5,33.81,90695
2026-08-28,CAMLINFINE,CAMLIN FINE SCIENCES LTD,104.1,104.4,102.51,103.52,102.94,655783
2026-08-28,CAMPUS,CAMPUS ACTIVEWEAR LIMITED,225.0,227.8,223.1,226.14,224.99,428622
2026-08-28,CANFINHOME,CAN FIN HOMES LTD,804.7,819.25,804.4,815.5,803.8,225609
2026-08-28,CANBK,CANARA BANK,128.15,129.06,127.25,128.35,128.14,13970144
2026-08-28,CANHLIFE,CANARA HSBC LIFE INS CO L,157.5,159.0,153.1,154.19,156.89,1161040
2026-08-28,CRAMC,CANARA ROBECO AMC LIMITED,258.0,261.15,255.7,259.9,258.9,179348
2026-08-28,CANTABIL,CANTABIL RETAIL LTD,246.6,247.01,242.5,243.59,246.52,36886
2026-08-28,CAPACITE,CAPACITE INFRAPROJECT LTD,224.0,224.05,216.5,217.33,223.16,385660
2026-08-28,CAPILLARY,CAPILLARY TECHNO INDIA L,508.95,509.0,498.1,501.5,508.95,81204
2026-08-28,CIFL,CAPITAL INDIA FINANCE LTD,20.33,20.86,20.33,20.72,20.74,13146
2026-08-28,CAPITALSFB,CAPITAL SMALL FIN BANK L,286.85,286.9,280.05,281.65,283.95,13245
2026-08-28,CAPLIPOINT,CAPLIN POINT LAB LTD.,2553.3,2597.9,2510.0,2517.2,2540.7,47400
2026-08-28,CGCL,CAPRI GLOBAL CAPITAL LTD,245.0,263.56,244.1,257.98,244.8,29680127
2026-08-28,CPL,CAPTAIN POLYPLAST LIMITED,64.76,65.55,63.01,63.89,64.76,148670
2026-08-28,CARBORUNIV,CARBORUNDUM UNIVERSAL LTD,1100.1,1125.0,1087.0,1116.8,1103.2,85151
2026-08-28,CARERATING,CARE RATINGS LIMITED,1634.0,1685.2,1634.0,1682.1,1633.7,27594
2026-08-28,CPEDU,CAREER POINT EDUTECH LTD,191.95,194.37,185.0,186.52,192.21,4888
2026-08-28,CARRARO,CARRARO INDIA LIMITED,546.7,561.8,542.4,557.8,544.05,518886
2026-08-28,CARTRADE,CARTRADE TECH LIMITED,3079.0,3079.0,3001.0,3014.6,3080.2,205402
2026-08-28,CARYSIL,CARYSIL LIMITED,1117.0,1130.0,1108.1,1112.8,1116.3,36105
2026-08-28,CASTROLIND,CASTROL INDIA LIMITED,185.55,186.95,185.06,185.24,185.27,848396
2026-08-28,CCL,CCL PRODUCTS (I) LTD,1111.5,1126.9,1101.7,1123.1,1111.5,131036
2026-08-28,CEATLTD,CEAT LIMITED,3514.3,3548.6,3494.5,3511.5,3510.6,33013
2026-08-28,CEIGALL,CEIGALL INDIA LIMITED,340.45,344.65,335.6,341.0,341.05,624378
2026-08-28,CEINSYS,CEINSYS TECH LIMITED,730.6,741.1,720.0,723.15,727.0,29948
2026-08-28,CELEBRITY,CELEBRITY FASHIONS LTD,6.88,6.93,6.7,6.8,6.88,7244
2026-08-28,CELLO,CELLO WORLD LIMITED,352.9,353.7,348.3,350.8,350.4,156223
2026-08-28,CEMPRO,CEMINDIA PROJECTS LIMITED,1264.0,1285.0,1252.9,1268.1,1251.2,129496
2026-08-28,CENTRALBK,CENTRAL BANK OF INDIA,30.67,30.77,30.37,30.54,30.65,6429357
2026-08-28,CDSL,CENTRAL DEPO SER (I) LTD,1410.8,1417.3,1397.0,1414.7,1410.8,1052357
2026-08-28,CMPDI,CENTRAL MINE P N D INST L,230.1,232.01,229.05,230.97,229.97,468417
2026-08-28,CENTRUM,CENTRUM CAPITAL LIMITED,23.29,23.31,23.0,23.05,23.09,139773
2026-08-28,CENTUM,CENTUM ELECTRONICS LTD,3401.0,3456.1,3399.9,3442.8,3401.9,25905
2026-08-28,CENTENKA,CENTURY ENKA LTD,548.4,553.0,544.0,547.4,547.3,20796
2026-08-28,CENTEXT,CENTURY EXTRUSIONS LTD,22.65,22.89,22.02,22.27,22.59,99676
2026-08-28,CENTURYPLY,CENTURY PLYBOARDS (I) LTD,740.0,758.25,740.0,753.8,751.75,81308
2026-08-28,CERA,CERA SANITARYWARE LTD,5690.0,5709.5,5600.0,5654.5,5662.0,7189
2026-08-28,CESC,CESC LTD,152.2,152.29,147.83,148.11,152.13,1728235
2026-08-28,CGPOWER,CG POWER AND IND SOL LTD,896.45,896.45,878.2,889.0,897.9,2230616
2026-08-28,CHALET,CHALET HOTELS LIMITED,906.0,925.1,894.75,901.2,910.3,204227
2026-08-28,CLSEL,CHAMAN LAL SETIA EXP LTD,294.05,299.0,291.25,293.05,295.2,80641
2026-08-28,CHAMBLFERT,CHAMBAL FERTILIZERS LTD,425.7,426.95,421.1,421.55,424.75,336671
2026-08-28,CHEMBOND,CHEMBOND MATERIALTECH LTD,174.88,176.99,168.0,174.48,173.59,7183
2026-08-28,CHEMCRUX,CHEMCRUX ENTERPRISES LTD.,85.95,85.95,82.3,84.46,83.98,2359
2026-08-28,CHEMFAB,CHEMFAB ALKALIS LIMITED,354.0,372.5,354.0,369.75,358.9,3184
2026-08-28,CHEMPLASTS,CHEMPLAST SANMAR LIMITED,178.5,188.5,178.5,182.68,178.65,993182
2026-08-28,CHENNPETRO,CHENNAI PETROLEUM CORP LT,1359.1,1376.0,1333.2,1341.1,1352.4,690557
2026-08-28,CHEVIOT,CHEVIOT COMPANY LIMITED,1142.5,1146.0,1135.0,1141.6,1135.8,725
2026-08-28,CHOICEIN,CHOICE INTERNATIONAL LTD,775.0,792.9,774.3,786.4,775.05,378490
2026-08-28,CHOICEGOLD,CHOICEAMC - CHOICEGOLD,159.0,159.0,155.09,156.63,156.51,4970
2026-08-28,CHOLAHLDNG,CHOLAMANDALAM FIN HOL LTD,1517.2,1527.6,1491.7,1498.8,1517.2,191026
2026-08-28,CHOLAFIN,CHOLAMANDALAM IN & FIN CO,1878.0,1878.0,1845.0,1862.9,1875.4,803008
2026-08-28,CIEINDIA,CIE AUTOMOTIVE INDIA LTD,394.5,397.45,389.0,389.95,394.5,258053
2026-08-28,CINELINE,CINELINE INDIA LIMITED,89.1,89.1,87.9,87.98,89.37,29265
2026-08-28,CINEVISTA,CINEVISTA LIMITED,14.11,14.9,14.1,14.41,14.18,9025
2026-08-28,CIPLA,CIPLA LTD,1420.0,1423.9,1409.1,1423.5,1420.0,377976
2026-08-28,CUB,CITY UNION BANK LTD,229.05,230.92,221.77,222.24,229.23,1085352
2026-08-28,CLEANMAX,CLEAN MAX ENVIRO EN SOL L,1272.0,1273.9,1240.5,1250.9,1274.6,224246
2026-08-28,CLEAN,CLEAN SCIENCE & TECH LTD,832.0,844.4,822.6,836.45,830.05,253666
2026-08-28,CMRGREEN,CMR GREEN TECHNOLOGIES L,221.79,226.8,218.69,225.11,221.07,627825
2026-08-28,CMSINFO,CMS INFO SYSTEMS LIMITED,241.0,244.65,239.5,242.55,239.95,1254724
2026-08-28,COALINDIA,COAL INDIA LTD,401.0,406.35,397.5,401.0,400.0,38504284
2026-08-28,COASTCORP,COASTAL CORPORATION LTD,40.93,40.93,40.3,40.62,40.62,38682
2026-08-28,COCHINSHIP,COCHIN SHIPYARD LIMITED,1543.0,1543.9,1528.0,1535.0,1543.0,412702
2026-08-28,COFORGE,COFORGE LIMITED,1915.0,2016.5,1911.0,2014.6,1901.8,5516587
2026-08-28,COHANCE,COHANCE LIFESCIENCES LTD,453.7,454.75,447.25,449.9,454.0,272982
2026-08-28,COLPAL,COLGATE PALMOLIVE LTD.,1851.9,1851.9,1825.0,1826.9,1845.0,283459
2026-08-28,COMFINTE,COMFORT INTECH LTD.,5.95,6.2,5.85,5.94,5.93,97517
2026-08-28,COMSYN,COMMERCIAL SYN BAGS LTD,283.75,286.76,266.04,282.0,283.75,1058298
2026-08-28,COMPEAU,COMPETENT AUTOMOB CO. L,348.05,355.0,340.0,353.95,348.05,1520
2026-08-28,COMPUSOFT,COMPUCOM SOFTWARE LTD,13.54,13.99,12.67,13.26,13.47,34546
2026-08-28,CAMS,COMPUTER AGE MNGT SER LTD,743.4,762.0,739.0,762.0,740.9,3420858
2026-08-28,CONCORDBIO,CONCORD BIOTECH LIMITED,1507.8,1519.7,1475.4,1481.1,1481.9,88034
2026-08-28,CEWATER,CONCORD ENVIRO SYSTEMS L,263.7,272.15,263.3,267.5,266.25,94109
2026-08-28,CFEL,CONFIDENCE FUTURIST ENE L,32.0,32.0,31.0,31.0,31.63,17757
2026-08-28,CONFIPET,CONFIDENCE PETRO IND LTD.,78.9,80.6,78.16,79.87,79.01,1407583
2026-08-28,CCCL,CONS. CONST. CONSORT LTD,15.18,15.18,14.66,14.76,14.98,268918
2026-08-28,CONCOR,CONTAINER CORP OF IND LTD,502.35,520.0,502.35,516.0,493.05,4311023
2026-08-28,CONTROLPR,CONTROL PRINT LIMITED,594.0,612.7,594.0,598.2,596.7,31181
2026-08-28,CORALFINAC,CORAL INDIA FIN & HOUS LT,34.16,34.16,33.16,33.26,33.8,19686
2026-08-28,COROMANDEL,COROMANDEL INTERNTL. LTD,1931.0,1943.0,1895.2,1913.7,1928.4,115794
2026-08-28,CORONA,CORONA REMEDIES LIMITED,2093.0,2093.1,2054.1,2079.5,2083.2,10524
2026-08-28,COSMOFIRST,COSMO FIRST LIMITED,942.05,949.0,931.45,938.35,942.05,48392
2026-08-28,CCHHL,COUNTRY CLUB HOSP HOL LTD,12.93,13.09,12.78,12.89,12.86,7905
2026-08-28,CPCAP,CP CAPITAL LIMITED,112.73,116.19,111.0,114.16,112.73,14367
2026-08-28,CPSEETF,CPSE ETF,94.9,94.9,92.51,92.76,92.59,981251
2026-08-28,CRAFTSMAN,CRAFTSMAN AUTOMATION LTD,10949.0,11199.5,10858.0,11118.0,10898.0,70823
2026-08-28,CRAVATEX,CRAVATEX LTD.,332.6,332.6,328.3,328.3,332.6,25
2026-08-28,CREATIVEYE,CREATIVE EYE LIMITED,6.36,6.36,6.06,6.18,6.06,8732
2026-08-28,CNL,CREATIVE NEWTECH LIMITED,1203.7,1268.95,1194.0,1242.15,1207.95,68622
2026-08-28,CREDITACC,CREDITACCESS GRAMEEN LTD,1417.0,1422.8,1367.4,1391.7,1425.9,488002
2026-08-28,MUFTI,CREDO BRANDS MARKETING L,76.93,76.93,75.28,75.92,77.91,78216
2026-08-28,CREST,CREST VENTURES LIMITED,363.4,378.0,363.05,371.95,371.85,938
2026-08-28,CRISIL,CRISIL LTD,4707.0,4795.5,4690.7,4732.7,4703.2,105229
2026-08-28,CRIZAC,CRIZAC LIMITED,175.95,178.08,171.8,172.9,175.78,149889
2026-08-28,CROMPTON,CROMPT GREA CON ELEC LTD,240.0,240.0,230.7,233.0,237.9,5656422
2026-08-28,CROWN,CROWN LIFTERS LIMITED,104.06,105.49,101.44,102.7,105.1,4747
2026-08-28,CSBBANK,CSB BANK LIMITED,349.0,350.25,334.9,336.3,348.8,585124
2026-08-28,CSLFINANCE,CSL FINANCE LIMITED,230.0,236.0,228.0,230.92,226.87,43515
2026-08-28,CSM,CSM TECHNOLOGIES LIMITED,97.2,98.0,96.61,97.4,97.14,40209
2026-08-28,CUBEXTUB,CUBEX TUBINGS LTD,78.29,78.46,76.5,77.41,76.43,40364
2026-08-28,CUMMINSIND,CUMMINS INDIA LTD,5215.0,5215.0,5126.0,5193.0,5190.0,387326
2026-08-28,CUPID,CUPID LIMITED,278.2,287.94,274.25,282.33,276.65,15411651
2026-08-28,CURAA,CURA TECHNOLOGIES LIMITED,69.0,70.05,69.0,70.05,69.27,5
2026-08-28,CYBERMEDIA,CYBER MEDIA (INDIA) LTD.,18.42,18.96,17.85,18.78,18.41,11469
2026-08-28,CYIENTDLM,CYIENT DLM LIMITED,815.0,836.3,800.0,819.1,810.4,817892
2026-08-28,CYIENT,CYIENT LIMITED,1042.05,1114.5,1039.2,1107.45,1052.7,2503595
2026-08-28,DLINKINDIA,D-LINK INDIA LTD,439.3,448.9,438.0,443.25,438.0,54705
2026-08-28,DPABHUSHAN,D. P. ABHUSHAN LIMITED,1529.9,1548.9,1475.4,1483.0,1521.2,28136
2026-08-28,DBCORP,D.B.CORP LTD,206.0,206.0,201.92,202.57,205.17,41206
2026-08-28,DABUR,DABUR INDIA LTD,387.7,387.7,383.1,386.0,386.2,1925866
2026-08-28,DAICHI,DAI-ICHI KARKARIA LTD.,325.4,348.0,325.4,344.05,331.9,6004
2026-08-28,DALBHARAT,DALMIA BHARAT LIMITED,1876.2,1876.2,1832.3,1845.3,1876.2,72320
2026-08-28,DALMIASUG,DALMIA BHARAT SUG IN LTD,478.8,489.75,472.6,477.95,474.55,229150
2026-08-28,DAMCAPITAL,DAM CAPITAL ADVISORS LTD,148.97,149.12,146.0,146.27,149.12,126736
2026-08-28,DANGEE,DANGEE DUMS LIMITED,2.92,2.92,2.79,2.86,2.87,56001
2026-08-28,DATAPATTNS,DATA PATTERNS INDIA LTD,4676.0,4688.9,4608.5,4624.8,4666.7,302955
2026-08-28,DATAMATICS,DATAMATICS GLOBAL SER LTD,790.8,809.15,787.65,791.9,790.8,54584
2026-08-28,DAVANGERE,DAVANGERE SUGAR COMPANY L,1.95,2.17,1.95,2.09,2.12,50635098
2026-08-28,DCI,DC INFOTECH AND COMUN LTD,418.0,464.0,402.0,410.05,413.85,1492745
2026-08-28,DCBBANK,DCB BANK LIMITED,217.85,217.85,212.5,212.97,217.51,1702351
2026-08-28,DCMFINSERV,DCM FINANCIAL SERVICES LT,5.43,5.62,5.05,5.38,5.43,10587
2026-08-28,DCMNVL,DCM NOUVELLE LIMITED,193.99,196.99,188.41,192.85,190.98,22211
2026-08-28,DCMSRIND,DCM SHRIRAM IND LTD,47.11,49.26,46.5,46.98,46.77,126969
2026-08-28,DCMSIL,DCM SHRIRAM INTERNATNL L,73.35,75.67,72.81,73.49,73.26,50800
2026-08-28,DCMSHRIRAM,DCM SHRIRAM LIMITED,1025.6,1038.0,1015.1,1022.3,1028.4,70239
2026-08-28,DCW,DCW LTD,45.95,46.9,45.81,46.4,45.95,981591
2026-08-28,DCXINDIA,DCX SYSTEMS LIMITED,173.88,178.89,173.88,177.81,173.99,591125
2026-08-28,DDEVPLSTIK,DDEV PLASTIKS IND LTD,278.7,281.85,277.0,279.05,278.7,44046
2026-08-28,DENORA,DE NORA INDIA LIMITED,831.7,843.25,812.0,830.2,832.35,1639
2026-08-28,DECCANCE,DECCAN CEMENTS LIMITED,575.0,576.95,567.0,568.75,575.15,23021
2026-08-28,DECNGOLD,DECCAN GOLD MINES LTD.,230.39,234.49,226.4,227.64,229.37,1156406
2026-08-28,DEEDEV,DEE DEVELOPMENT ENG LTD,643.95,645.0,604.05,606.15,635.8,454298
2026-08-28,DEEPINDS,DEEP INDUSTRIES LIMITED,666.0,685.25,666.0,674.45,667.35,184232
2026-08-28,DEEP,DEEP POLYMERS LTD.,37.24,37.25,36.06,36.95,37.44,3406
2026-08-28,DEEPAKFERT,DEEPAK FERTILIZERS & PETR,1464.9,1464.9,1430.0,1436.3,1455.3,117367
2026-08-28,DEEPAKNTR,DEEPAK NITRITE LTD,1752.8,1787.9,1752.8,1762.9,1752.8,186904
2026-08-28,DELHIVERY,DELHIVERY LIMITED,466.7,471.05,460.0,470.2,466.0,1426037
2026-08-28,DELTACORP,DELTA CORP LIMITED,60.14,60.22,59.3,59.43,59.84,358522
2026-08-28,DELTAMAGNT,DELTA MANUFACTURING LTD,60.35,60.35,56.1,57.55,57.22,587
2026-08-28,DEN,DEN NETWORKS LTD,28.0,28.65,27.98,28.31,28.12,193788
2026-08-28,DENTA,DENTA WATER N INFRA SOL L,285.1,287.1,282.2,283.75,284.5,54630
2026-08-28,DEVX,DEV ACCELERATOR LIMITED,34.67,36.14,34.51,35.92,34.98,262973
2026-08-28,DEVIT,DEV INFO TECHNOLOGY LTD,24.99,25.4,24.75,24.91,24.86,25314
2026-08-28,DEVYANI,DEVYANI INTERNATIONAL LTD,146.5,146.79,139.16,139.94,146.11,2546557
2026-08-28,DBOL,DHAMPUR BIO ORGANICS LTD,126.5,130.9,123.78,125.42,123.34,362310
2026-08-28,DHAMPURSUG,DHAMPUR SUGAR MILLS LTD.,173.0,178.46,171.96,175.23,170.92,890434
2026-08-28,DHANBANK,DHANLAXMI BANK LIMITED,32.72,33.0,32.06,32.27,32.72,500508
2026-08-28,DHANUKA,DHANUKA AGRITECH LTD,985.8,999.0,972.2,976.1,985.8,27694
2026-08-28,DHARMAJ,DHARMAJ CROP GUARD LTD,270.25,272.35,269.8,270.45,270.8,20846
2026-08-28,DHATRE,DHATRE UDYOG LTD.,4.42,4.42,4.15,4.24,4.32,19182
2026-08-28,DHOOTTRANS,DHOOT TRANSMISSION LTD,1509.0,1510.9,1431.25,1454.9,1499.85,2198048
2026-08-28,DHRUV,DHRUV CONSULTANCY SER LTD,24.2,24.47,23.1,23.22,24.2,7212
2026-08-28,DHUNINV,DHUNSERI INVESTMENTS LTD,1050.2,1073.0,1011.85,1026.45,1046.5,2491
2026-08-28,DTIL,DHUNSERI TEA & IND. LTD.,170.99,171.3,165.32,167.09,173.94,32402
2026-08-28,DVL,DHUNSERI VENTURES LIMITED,291.55,293.14,278.0,279.37,293.97,18238
2026-08-28,DIAMINESQ,DIAMINES & CHEMICALS LTD,240.8,245.99,240.1,243.27,244.38,14898
2026-08-28,DICIND,DIC INDIA LIMITED,601.1,611.95,598.6,605.6,601.3,2697
2026-08-28,DIFFNKG,DIFFUSION ENGINEERS LTD,406.5,419.7,400.25,411.0,402.55,75646
2026-08-28,DGCONTENT,DIGICONTENT LIMITED,24.44,24.97,23.84,23.85,24.0,9947
2026-08-28,DIGIDRIVE,DIGIDRIVE DISTRIBUTORS L,17.32,18.0,17.32,17.71,17.77,5144
2026-08-28,DIGISPICE,DIGISPICE TECHNOLOGIES LT,16.99,17.72,16.91,17.07,16.99,51653
2026-08-28,DIGITIDE,DIGITIDE SOLUTIONS LTD,101.85,103.95,98.5,99.46,102.44,357370
2026-08-28,DIGJAMLMTD,DIGJAM LTD,53.0,53.48,50.22,51.31,52.0,3184
2026-08-28,DNAMEDIA,DILIGENT MEDIA CORP LTD.,2.55,2.75,2.5,2.57,2.6,35825
2026-08-28,DBL,DILIP BUILDCON LIMITED,408.0,411.0,404.45,406.95,407.55,71934
2026-08-28,DISAQ,DISA INDIA LTD.,11754.0,12400.0,11734.0,12208.0,11590.0,819
2026-08-28,DISHTV,DISH TV INDIA LTD.,2.72,2.86,2.69,2.82,2.73,1605915
2026-08-28,DCAL,DISHMAN CARBO AMCIS LTD,177.22,178.18,173.1,174.77,177.22,253662
2026-08-28,DIVGIITTS,DIVGI TORQTRANSFER SYST L,1200.0,1204.05,1156.55,1175.15,1195.5,114049
2026-08-28,DIVISLAB,DIVI S LABORATORIES LTD,9099.5,9270.0,9080.5,9239.0,9060.0,773225
2026-08-28,DIXON,DIXON TECHNO (INDIA) LTD,14811.0,14920.0,14650.0,14650.0,14711.0,223996
2026-08-28,DJML,DJ MEDIAPRINT & LOG LTD,72.9,76.08,67.57,72.19,73.08,212993
2026-08-28,DLF,DLF LIMITED,680.0,682.95,672.5,679.8,676.15,1060004
2026-08-28,DMCC,DMCC SPECIALITY CHEMICALS,277.75,311.95,277.75,301.0,279.1,527305
2026-08-28,DODLA,DODLA DAIRY LIMITED,1090.4,1110.9,1075.2,1093.4,1090.5,53044
2026-08-28,DOLATALGO,DOLAT ALGOTECH LIMITED,74.31,74.31,72.51,72.82,73.76,82639
2026-08-28,DOLLAR,DOLLAR INDUSTRIES LIMITED,265.1,271.0,265.0,268.7,265.25,73785
2026-08-28,DOLPHIN,DOLPHIN OFF ENT (IND) L,628.2,640.0,605.35,612.55,628.2,47390
2026-08-28,DOMS,DOMS INDUSTRIES LIMITED,2193.0,2214.4,2186.1,2198.9,2214.9,25988
2026-08-28,DONEAR,DONEAR IND. LIMITED,84.98,85.4,83.95,84.75,84.46,10670
2026-08-28,AGARWALEYE,DR AGARWALS HEALTH CARE L,493.15,512.7,489.5,507.8,496.65,663188
2026-08-28,DRAGARWQ,DR. AGARWAL'S EYE HOSP L,5229.5,5275.0,5175.5,5245.5,5176.5,780
2026-08-28,LALPATHLAB,DR. LAL PATH LABS LTD.,1938.5,1946.8,1916.1,1931.1,1936.4,90724
2026-08-28,DRREDDY,DR. REDDY S LABORATORIES,1175.0,1186.6,1172.5,1178.0,1177.0,682712
2026-08-28,DRCSYSTEMS,DRC SYSTEMS INDIA LIMITED,12.63,12.95,12.63,12.71,12.79,37580
2026-08-28,DREAMFOLKS,DREAMFOLKS SERVICES LTD,67.99,68.49,66.86,67.06,67.31,21252
2026-08-28,DREDGECORP,DREDGING CORP OF INDIA,1111.1,1131.8,1108.1,1120.4,1115.8,131251
2026-08-28,KEEPLEARN,DSJ KEEP LEARNING LTD,1.98,1.98,1.91,1.94,1.98,16395
2026-08-28,LIQUIDETF,DSP LIQUID ETF,1000.0,1000.01,999.99,999.99,1000.0,127637
2026-08-28,BANK10ADD,DSPAMC - BANK10ADD,16.95,17.0,16.87,16.95,17.01,23809
2026-08-28,BANKADD,DSPAMC - DSPBANK,59.19,59.19,58.8,58.84,59.04,5670
2026-08-28,GOLDADD,DSPAMC - DSPGOLD,15.48,15.49,15.09,15.36,152.98,2211829
2026-08-28,ITADD,DSPAMC - DSPIT,32.68,33.21,32.65,33.01,32.19,69661
2026-08-28,EQUAL50ADD,DSPAMC - DSPNEWETF,345.3,347.12,344.75,345.92,345.36,5565
2026-08-28,NIFTYADD,DSPAMC - DSPNIFTY,257.25,257.25,253.91,254.81,254.7,6550
2026-08-28,PSUBANKADD,DSPAMC - DSPPSBKETF,86.9,87.15,86.5,86.88,87.02,13408
2026-08-28,PVTBANKADD,DSPAMC - DSPPVBKETF,28.19,28.29,28.06,28.15,28.28,42848
2026-08-28,MIDQ50ADD,DSPAMC - DSPQ50ETF,25.6,25.66,25.54,25.6,25.49,14180
2026-08-28,SENSEXADD,DSPAMC - DSPSENXETF,79.46,80.0,79.42,79.45,80.06,795
2026-08-28,SILVERADD,DSPAMC - DSPSILVETF,23.97,23.97,22.4,23.21,228.41,2029774
2026-08-28,FLEXIADD,DSPAMC - FLEXIADD,10.18,10.27,10.18,10.24,10.2,88380
2026-08-28,FMCGADD,DSPAMC - FMCGADD,47.47,47.9,46.84,47.33,47.47,37492
2026-08-28,GSEC10ADD,DSPAMC - GSEC10ADD,26.66,26.89,26.66,26.89,26.82,11
2026-08-28,HEALTHADD,DSPAMC - HEALTHADD,16.95,16.98,16.85,16.91,16.87,38715
2026-08-28,LIQUIDADD,DSPAMC - LIQUIDADD,1142.55,1142.78,1142.55,1142.56,1142.11,433741
2026-08-28,MIDBANKADD,DSPAMC - MIDBANKADD,17.29,17.36,17.21,17.22,17.37,9277
2026-08-28,MIDCAPADD,DSPAMC - MIDCAPADD,23.67,23.67,23.52,23.6,23.56,1269
2026-08-28,MSCIADD,DSPAMC - MSCIADD,29.8,29.89,29.73,29.78,29.9,1937
2026-08-28,NEXT30ADD,DSPAMC - NEXT30ADD,43.42,43.42,43.14,43.25,43.42,6032
2026-08-28,NEXT50ADD,DSPAMC - NEXT50ADD,74.84,74.84,74.2,74.47,75.06,4376
2026-08-28,SMALLADD,DSPAMC - SMALLADD,18.54,18.65,18.54,18.63,18.56,7883
2026-08-28,TOP10ADD,DSPAMC - TOP10ADD,88.32,88.35,87.91,88.08,87.89,29570
2026-08-28,DUCON,DUCON INFRATECHNOLOGIES L,2.17,2.17,2.06,2.07,2.17,1573568
2026-08-28,DWARKESH,DWARIKESH SUGAR IND LTD,51.87,53.89,50.97,51.89,51.18,4452694
2026-08-28,DSSL,DYNACONS SYS & SOLN LTD,1081.5,1084.1,1067.0,1069.9,1078.0,11157
2026-08-28,DYNAMATECH,DYNAMATIC TECHNOLOGIES,11497.0,11615.0,11390.0,11436.0,11497.0,4340
2026-08-28,DYCL,DYNAMIC CABLES LIMITED,449.0,491.0,447.2,487.6,448.25,2566700
2026-08-28,DYNPRO,DYNEMIC PRODUCTS LIMITED,236.5,236.5,223.1,228.55,232.4,18143
2026-08-28,EASTWEST,EAST WEST FREIGHT CARRI L,2.46,2.57,2.44,2.49,2.49,17311
2026-08-28,EASEMYTRIP,EASY TRIP PLANNERS LTD,6.11,6.18,6.06,6.12,6.1,8588475
2026-08-28,EBIX,EBIX LIMITED,22.39,22.39,20.98,21.69,21.5,108719
2026-08-28,ECLERX,ECLERX SERVICES LTD,1938.9,1998.0,1930.0,1955.5,1940.9,188636
2026-08-28,ECORECO,ECO RECYCLING LTD.,457.7,470.0,451.5,467.65,459.95,9337
2026-08-28,BBETF0432,EDELAMC - BBETF0432,1356.02,1356.02,1341.66,1342.48,1343.23,2622
2026-08-28,EBANK10,EDELAMC - EBANK10,16.7,17.0,16.7,16.75,16.94,126
2026-08-28,EBANKNIFTY,EDELAMC - EBANKNIFTY,58.56,58.56,57.76,58.13,58.27,2684
2026-08-28,EBBETF0430,EDELAMC - EBBETF0430,1610.9,1610.9,1600.17,1605.93,1606.16,30958
2026-08-28,EBBETF0431,EDELAMC - EBBETF0431,1430.02,1437.28,1430.01,1432.21,1432.87,8631
2026-08-28,EBBETF0433,EDELAMC - EBBETF0433,1310.98,1313.0,1310.98,1311.6,1310.98,1034
2026-08-28,ECAPINSURE,EDELAMC - ECAPINSURE,24.38,24.64,24.06,24.24,24.45,30336
2026-08-28,EGOLD,EDELAMC - EGOLD,157.15,158.15,156.2,158.1,157.15,46623
2026-08-28,ELIQUID,EDELAMC - ELIQUID,1045.73,1045.75,1045.73,1045.75,1045.32,2494
2026-08-28,ELM250,EDELAMC - ELM250,16.82,16.9,16.75,16.88,16.83,97601
2026-08-28,ELMDIV,EDELAMC - ELMDIV,37.34,37.34,36.65,36.65,36.95,563
2026-08-28,EMETAL,EDELAMC - EMETAL,13.63,13.63,13.42,13.53,13.3,15808
2026-08-28,EMULTIMQ,EDELAMC - EMULTIMQ,42.6,42.6,42.05,42.2,42.39,27075
2026-08-28,ENEXT50,EDELAMC - ENEXT50,75.15,75.8,73.99,74.0,74.78,1292
2026-08-28,ENIFTY,EDELAMC - ENIFTY,24.37,24.43,24.29,24.35,24.37,1045
2026-08-28,ESENSEX,EDELAMC - ESENSEX,77.97,78.09,77.67,77.96,78.13,163
2026-08-28,ESILVER,EDELAMC - ESILVER,237.0,241.88,236.02,240.2,236.99,192609
2026-08-28,EDELWEISS,EDELWEISS FIN SERV LTD,125.01,127.7,124.07,125.42,124.61,3373693
2026-08-28,EFCIL,EFC (I) LIMITED,200.31,202.9,196.81,202.26,198.72,162859
2026-08-28,EICHERMOT,EICHER MOTORS LTD,8140.0,8140.0,8003.0,8059.0,8100.0,337007
2026-08-28,EIDPARRY,EID PARRY INDIA LTD,801.95,818.2,800.0,805.3,795.3,567851
2026-08-28,EIHAHOTELS,EIH ASSOCIATED HOTELS LTD,302.55,302.55,299.0,301.8,302.55,6180
2026-08-28,EIHOTEL,EIH LIMITED,302.15,302.15,296.35,297.8,300.05,52017
2026-08-28,EIMCOELECO,EIMCO ELECON (INDIA) LTD,2225.5,2232.5,2182.1,2196.1,2211.2,14369
2026-08-28,EKI,EKI ENERGY SERVICES LTD,74.75,77.98,73.0,74.21,77.24,23089
2026-08-28,ELANTAS,ELANTAS BECK INDIA LTD.,11690.0,11700.0,11404.0,11475.0,11583.5,927
2026-08-28,ELCIDIN,ELCID INVESTMENTS LTD.,109900.0,109900.0,106000.0,109000.0,109130.0,5
2026-08-28,ELDEHSG,ELDECO HSG & IND LTD.,809.75,823.65,787.5,799.2,781.8,1453
2026-08-28,ELECON,ELECON ENG. CO. LTD,423.25,428.65,420.05,425.25,423.25,259116
2026-08-28,EMIL,ELECTRONICS MART IND LTD,178.0,181.0,176.2,177.35,178.99,724327
2026-08-28,ELECTCAST,ELECTROSTEEL CASTINGS LTD,79.0,82.4,78.84,81.5,78.99,3779745
2026-08-28,ELECTHERM,ELECTROTHERM (I) LTD.,1031.8,1034.8,1012.9,1016.1,1032.9,9988
2026-08-28,ELGIEQUIP,ELGI EQUIPMENTS LTD,599.9,631.0,596.0,628.85,599.25,1169585
2026-08-28,ELGIRUBCO,ELGI RUBBER CO. LTD,59.5,63.6,57.5,60.94,58.16,134200
2026-08-28,ELIN,ELIN ELECTRONICS LIMITED,101.39,106.75,100.55,104.88,100.64,965462
2026-08-28,ELITECON,ELITECON INTERNATIONAL L,11.2,11.2,11.2,11.2,11.78,1116613
2026-08-28,ELLEN,ELLENBARRIE INDUS GASES L,330.8,332.6,319.0,319.8,325.8,277761
2026-08-28,ELPROINTL,ELPRO INTERNATIONAL LTD,175.01,175.87,174.29,174.71,173.21,7211
2026-08-28,EMAMILTD,EMAMI LIMITED,388.0,388.55,378.3,379.4,387.7,1065144
2026-08-28,EMAMIREAL,EMAMI REALTY LIMITED,68.99,70.9,67.1,70.16,67.57,10252
2026-08-28,EMBDL,EMBASSY DEVELOPMENTS LTD,62.39,64.34,62.39,62.78,62.16,2970745
2026-08-28,EMCURE,EMCURE PHARMACEUTICALS L,1878.9,1893.0,1850.0,1869.4,1878.4,133174
2026-08-28,EMKAY,EMKAY GLOBAL FIN SERV LTD,239.0,259.9,239.0,251.59,239.73,77078
2026-08-28,EMMVEE,EMMVEE PHOTOVOLTAIC PWR L,327.3,331.0,322.75,324.1,327.3,737469
2026-08-28,EMPIND,EMPIRE INDUSTRIES LTD.,1248.0,1248.0,1209.0,1214.2,1212.7,3295
2026-08-28,EMPOWER,EMPOWER INDIA LTD.,2.12,2.12,2.12,2.12,2.23,1655980
2026-08-28,EMSLIMITED,EMS LIMITED,383.0,383.7,376.55,377.85,381.1,86423
2026-08-28,EMUDHRA,EMUDHRA LIMITED,559.25,564.0,550.4,559.65,559.25,121659
2026-08-28,ENDURANCE,ENDURANCE TECHNO. LTD.,2945.8,2985.0,2913.6,2929.2,2944.8,119626
2026-08-28,ENERGYDEV,ENERGY DEVE. CO.LTD,16.13,16.39,16.0,16.06,16.13,19571
2026-08-28,ENGINERSIN,ENGINEERS INDIA LTD,247.5,254.59,246.76,253.72,246.96,4342151
2026-08-28,ENKEIWHEL,ENKEI WHEELS (INDIA) LTD.,396.0,400.0,385.0,400.0,396.95,8474
2026-08-28,ENTERO,ENTERO HEALTHCARE SOLU L,1749.6,1838.0,1745.2,1808.6,1753.5,815739
2026-08-28,ENIL,ENTERTAIN NET. IND. LTD.,104.98,108.23,103.0,104.89,104.41,20428
2026-08-28,EIEL,ENVIRO INFRA ENGINEERS L,201.8,201.8,197.8,199.23,201.04,296099
2026-08-28,EPACK,EPACK DURABLE LIMITED,196.75,197.5,190.98,191.95,196.86,829652
2026-08-28,EPACKPEB,EPACK PREFAB TECHN LTD,233.95,233.95,218.8,225.65,233.95,394792
2026-08-28,EPIGRAL,EPIGRAL LIMITED,1206.4,1241.0,1204.0,1232.8,1206.4,51366
2026-08-28,EPL,EPL LIMITED,252.8,259.2,247.45,251.94,252.8,1428390
2026-08-28,EQUITASBNK,EQUITAS SMALL FIN BNK LTD,74.17,74.5,73.49,73.9,74.17,898730
2026-08-28,ERIS,ERIS LIFESCIENCES LIMITED,1310.0,1325.1,1295.0,1314.8,1312.2,86138
2026-08-28,ESABINDIA,ESAB INDIA LTD,6112.0,6216.0,6039.0,6162.0,6095.5,5270
2026-08-28,ESCORTS,ESCORTS KUBOTA LIMITED,2974.1,3056.2,2974.0,3015.5,2974.1,65907
2026-08-28,ESSARSHPNG,ESSAR SHIPPING LTD,16.79,17.29,16.62,16.77,16.79,153219
2026-08-28,ESTER,ESTER INDUSTRIES LTD,93.14,94.47,93.01,93.73,93.0,41734
2026-08-28,ETERNAL,ETERNAL LIMITED,329.1,330.0,324.3,328.0,328.5,31385139
2026-08-28,ETHOSLTD,ETHOS LIMITED,2883.2,2910.0,2850.2,2875.1,2891.0,18140
2026-08-28,EUREKAFORB,EUREKA FORBES LIMITED,433.5,440.3,426.0,427.75,433.15,101179
2026-08-28,EUROBOND,EURO PANEL PRODUCTS LTD,155.0,155.0,148.0,150.32,151.24,21463
2026-08-28,EUROPRATIK,EURO PRATIK SALES LIMITED,255.0,258.6,253.15,257.45,254.05,191858
2026-08-28,EVEREADY,EVEREADY INDS. IND.  LTD.,342.7,345.1,335.6,337.1,342.7,61683
2026-08-28,EKC,EVEREST KANTO CYLINDERLTD,109.0,109.92,108.5,108.87,109.16,66898
2026-08-28,EXCELINDUS,EXCEL INDUSTRIES LTD,1046.0,1048.5,1025.2,1030.85,1041.6,7207
2026-08-28,EXCELSOFT,EXCELSOFT TECHNOLOGIES L,72.0,72.0,70.9,71.03,71.53,139173
2026-08-28,EXICOM,EXICOM TELE SYSTEMS LTD,156.15,171.39,156.15,167.93,156.14,5278089
2026-08-28,EXIDEIND,EXIDE INDUSTRIES LTD,438.05,457.9,437.75,444.6,437.75,6027670
2026-08-28,EXPLEOSOL,EXPLEO SOLUTIONS LIMITED,873.7,897.0,872.0,875.75,873.7,21427
2026-08-28,EXXARO,EXXARO TILES LIMITED,6.2,7.42,6.2,7.41,6.19,12072793
2026-08-28,FABTECH,FABTECH TECHNOLOGIES LTD,146.24,148.99,146.0,147.56,146.97,51330
2026-08-28,FACT,FACT LTD,839.0,850.0,829.6,832.5,842.55,165741
2026-08-28,FAZE3Q,FAZE THREE LIMITED,488.6,501.5,484.0,491.05,485.75,22544
2026-08-28,FCSSOFT,FCS SOFTWARE SOLN. LTD.,1.47,1.52,1.44,1.5,1.45,3112760
2026-08-28,FDC,FDC LIMITED,345.05,349.85,341.2,342.5,343.85,130650
2026-08-28,FEDFINA,FEDBANK FINANCIAL SER L,157.0,160.77,154.85,158.94,157.94,602415
2026-08-28,FEDDERSHOL,FEDDERS HOLDING LTD.,44.85,45.1,43.9,43.99,43.11,672325
2026-08-28,FEDERALBNK,FEDERAL BANK LTD,343.05,345.85,342.25,344.25,344.8,3391019
2026-08-28,FMGOETZE,FEDERAL-MOGUL GOETZE (IND,576.15,614.8,561.95,602.05,545.55,18185623
2026-08-28,FERMENTA,FERMENTA BIOTECH LTD.,492.25,519.9,486.1,509.9,486.25,198787
2026-08-28,FIBERWEB,FIBERWEB INDIA LIMITED,26.55,26.9,26.31,26.7,26.42,10118
2026-08-28,FIEMIND,FIEM INDUSTRIES LIMITED,2070.8,2102.8,2067.2,2087.7,2067.2,45157
2026-08-28,FILATFASH,FILATEX FASHIONS LIMITED,0.19,0.19,0.18,0.18,0.18,14509523
2026-08-28,FILATEX,FILATEX INDIA LTD,78.35,79.75,77.45,78.89,78.31,1752425
2026-08-28,FINEORG,FINE ORGANIC IND. LTD.,5258.1,5312.0,5187.0,5282.5,5258.2,23657
2026-08-28,FCL,FINEOTEX CHEMICAL LIMITED,48.65,50.49,47.81,50.03,48.49,11903879
2026-08-28,FINKURVE,FINKURVE FINANCIAL SERV L,78.0,79.6,74.0,75.56,78.18,109029
2026-08-28,FINOPB,FINO PAYMENTS BANK LTD,141.05,144.19,141.0,141.57,143.06,109487
2026-08-28,FINCABLES,FINOLEX CABLES LTD,1298.0,1308.15,1283.1,1297.9,1291.15,443359
2026-08-28,FINPIPE,FINOLEX INDUSTRIES LTD,160.54,162.0,160.1,160.56,160.54,300382
2026-08-28,FSL,FIRSTSOURCE SOLU. LTD.,268.5,272.85,268.0,269.3,268.5,683316
2026-08-28,FISCHER,FISCHER MEDICAL VENTURE L,35.53,36.5,34.89,35.44,35.27,1086361
2026-08-28,FIVESTAR,FIVE-STAR BUS FIN LTD,533.15,539.7,530.85,537.85,533.75,347854
2026-08-28,FLAIR,FLAIR WRITING INDUST LTD,247.5,251.6,246.65,249.3,247.95,31596
2026-08-28,FOODSIN,FOODS & INNS LIMITED,54.32,54.45,52.3,52.87,53.15,37977
2026-08-28,FORCEMOT,FORCE MOTORS LIMITED,17355.0,17469.0,17280.0,17370.0,17375.0,39573
2026-08-28,FORTIS,FORTIS HEALTHCARE LTD,918.75,941.9,916.05,926.75,915.65,1462799
2026-08-28,FOSECOIND,FOSECO INDIA LTD,6162.5,6580.0,6066.0,6362.0,6110.5,86007
2026-08-28,FRACTAL,FRACTAL ANALYTICS LIMITED,842.8,857.0,835.0,844.3,840.25,479939
2026-08-28,FREDUN,FREDUN PHARMACEUTICALS L,1500.1,1509.8,1465.7,1476.6,1492.7,10875
2026-08-28,FRONTSP,FRONTIER SPRINGS LTD.,1294.7,1298.6,1265.0,1273.4,1285.4,8714
2026-08-28,NYKAA,FSN E COMMERCE VENTURES,338.15,339.95,334.5,335.65,338.0,1538325
2026-08-28,UTLSOLAR,FUJIYAMA POWER SYSTEMS L,451.8,464.45,445.0,449.55,443.35,498009
2026-08-28,FUSION,FUSION FINANCE LIMITED,196.79,200.5,194.3,199.24,196.05,333505
2026-08-28,FMNL,FUTURE MKT NETWORKS LTD,10.75,11.15,10.31,11.0,10.62,65746
2026-08-28,GMBREW,G M BREWERIES LTD,890.1,895.95,886.55,890.4,891.7,8173
2026-08-28,GRINFRA,G R INFRAPROJECTS LIMITED,893.3,896.75,884.55,890.75,890.4,10647
2026-08-28,GABRIEL,GABRIEL INDIA LTD,1361.8,1375.0,1316.1,1367.6,1357.2,501459
2026-08-28,GAIL,GAIL (INDIA) LTD,171.7,172.44,170.11,171.1,172.44,8706458
2026-08-28,GAJA,GAJA ALT ASSET MGT LTD,165.13,170.4,156.91,158.66,165.13,5358385
2026-08-28,GALAPREC,GALA PRECISION ENG LTD,1048.0,1049.9,1019.1,1034.2,1039.8,36705
2026-08-28,GALAXYSURF,GALAXY SURFACTANTS LTD,2305.0,2327.9,2268.3,2285.0,2305.0,20322
2026-08-28,GALLANTT,GALLANTT ISPAT LIMITED,579.45,585.85,574.75,577.85,576.85,17144
2026-08-28,GANDHAR,GANDHAR OIL REFINE IND L,255.0,259.0,253.55,256.47,254.85,553101
2026-08-28,GANDHITUBE,GANDHI SPL. TUBES LTD,895.0,900.0,893.4,898.25,903.1,2356
2026-08-28,GANESHCP,GANESH CONSUMER PRODUCT L,165.49,180.0,165.09,174.15,163.49,542827
2026-08-28,GANESHHOU,GANESH HOUSING LIMITED,798.0,812.15,791.05,803.6,798.3,19735
2026-08-28,GANECOS,GANESHA ECOSPHERE LIMITED,1030.0,1035.4,1015.1,1019.3,1029.2,54854
2026-08-28,GANGAFORGE,GANGA FORGING LIMITED,1.61,1.66,1.61,1.61,1.69,11863316
2026-08-28,GANGESSECU,GANGES SECURITIES LIMITED,117.71,120.79,116.67,116.81,117.71,194
2026-08-28,GRSE,GARDEN REACH SHIP&ENG LTD,2642.0,2650.0,2607.1,2612.9,2643.0,199226
2026-08-28,GARUDA,GARUDA CONSTRUCT N ENG L,175.71,178.0,174.0,175.2,175.52,207234
2026-08-28,GRWRHITECH,GARWARE HI-TECH FILMS LTD,7084.5,7309.5,7065.5,7224.5,7060.5,88184
2026-08-28,GARFIBRES,GARWARE TECH FIBRES LTD,785.0,805.9,785.0,799.0,792.55,29877
2026-08-28,GATEWAY,GATEWAY DISTRIPARKS LTD,53.98,53.98,53.01,53.61,53.74,1075095
2026-08-28,GAYAHWS,GAYATRI HIGHWAYS LIMITED,1.87,1.91,1.85,1.88,1.87,176841
2026-08-28,GVPIL,GE POWER INDIA LIMITED,660.5,663.45,650.6,652.7,661.75,116813
2026-08-28,GVT&D,GE VERNOVA T&D INDIA LTD,4404.0,4416.4,4331.0,4339.2,4407.8,520191
2026-08-28,GEEKAYWIRE,GEEKAY WIRES LIMITED,23.02,25.24,22.91,24.69,23.02,595471
2026-08-28,GEMAROMA,GEM AROMATICS LIMITED,170.83,174.49,168.0,168.75,170.83,50771
2026-08-28,GICRE,GENERAL INS CORP OF INDIA,354.0,355.9,351.9,353.3,351.85,672586
2026-08-28,GENCON,GENERIC ENG CONS PROJ LTD,45.91,46.13,43.16,44.12,45.83,547085
2026-08-28,GENESYS,GENESYS INTL CORPN LTD,234.5,234.5,222.0,227.8,234.5,984498
2026-08-28,GENUSPAPER,GENUS P&B LIMITED,12.14,12.5,12.0,12.16,12.37,34987
2026-08-28,GENUSPOWER,GENUS POWER INFRASTRU LTD,332.7,353.5,328.3,349.7,332.2,8939930
2026-08-28,GEOJITFSL,GEOJIT FINANCIAL SER L,82.64,85.25,81.4,83.7,82.64,785239
2026-08-28,GFLLIMITED,GFL LIMITED,55.8,55.8,53.83,54.28,54.92,39595
2026-08-28,GHCL,GHCL LIMITED,440.15,446.0,440.15,441.45,440.15,62705
2026-08-28,GHCLTEXTIL,GHCL TEXTILES LIMITED,126.37,132.04,125.0,130.79,125.36,1355885
2026-08-28,GICHSGFIN,GIC HOUSING FINANCE LTD,142.0,142.09,140.52,141.03,142.1,24679
2026-08-28,GILLANDERS,GILLANDERS ARBUTHNOT LTD,105.0,108.45,105.0,106.38,104.99,12239
2026-08-28,GILLETTE,GILLETTE INDIA LTD,7431.5,7442.5,7300.0,7316.0,7409.0,14848
2026-08-28,GKENERGY,GK ENERGY LIMITED,140.95,140.95,136.32,138.46,139.65,670822
2026-08-28,GKB,GKB OPHTHALMICS LTD.,65.0,65.0,62.0,62.5,65.0,476
2026-08-28,GKWLIMITED,GKW LIMITED,1606.9,1606.9,1580.1,1597.9,1599.8,160
2026-08-28,GLAND,GLAND PHARMA LIMITED,2873.5,2900.0,2852.1,2888.0,2873.5,165191
2026-08-28,GLAXO,GLAXOSMITHKLINE PHARMA LT,3069.0,3120.7,3052.7,3106.4,3069.1,135782
2026-08-28,GLENMARK,GLENMARK PHARMACEUTICALS,2460.0,2537.6,2431.7,2515.0,2460.0,807816
2026-08-28,GLOBAL,GLOBAL EDUCATION LIMITED,110.99,110.99,108.3,108.99,110.98,50333
2026-08-28,MEDANTA,GLOBAL HEALTH LIMITED,1520.5,1531.4,1462.1,1472.2,1508.9,404295
2026-08-28,GSLSU,GLOBAL SURFACES LIMITED,27.89,28.24,26.62,27.08,27.26,188689
2026-08-28,GLOBALVECT,GLOBAL VEC HELICORP LTD,145.0,148.7,144.25,145.92,146.47,5273
2026-08-28,GLOBALE,GLOBALE TESSILE LIMITED,11.25,11.7,11.24,11.58,11.24,296
2026-08-28,GLOBECIVIL,GLOBE CIVIL PROJECTS LTD,46.08,46.48,45.5,45.58,45.73,54328
2026-08-28,GLOBE,GLOBE ENTERPRISE (I) LTD,2.07,2.07,1.99,2.0,2.05,368659
2026-08-28,GICL,GLOBE INTL CARRIERS LTD,23.34,23.89,23.11,23.73,23.34,97474
2026-08-28,GLOBUSSPR,GLOBUS SPIRITS LTD,916.2,924.0,910.5,916.1,912.3,61880
2026-08-28,GLOSTERLTD,GLOSTER LIMITED,595.0,610.0,595.0,607.15,604.4,794
2026-08-28,GLOTTIS,GLOTTIS LIMITED,64.34,65.03,64.25,64.27,64.66,49445
2026-08-28,GMMPFAUDLR,GMM PFAUDLER LIMITED,1030.0,1043.0,1015.0,1026.7,1025.15,60107
2026-08-28,GMRAIRPORT,GMR AIRPORTS LIMITED,99.3,99.35,98.11,98.31,98.68,23296240
2026-08-28,GMRP&UI,GMR POW AND URBAN INFRA L,95.3,98.28,92.21,93.35,94.54,3307470
2026-08-28,GNA,GNA AXLES LIMITED,547.0,553.0,531.25,542.65,546.8,300414
2026-08-28,EBGNG,GNG ELECTRONICS LIMITED,584.9,638.25,578.0,635.1,580.25,1346148
2026-08-28,GODIGIT,GO DIGIT GENERAL INS LTD,258.05,265.1,256.2,262.35,257.75,368020
2026-08-28,GOCOLORS,GO FASHION INDIA LTD,334.5,341.55,334.0,335.65,334.5,47026
2026-08-28,GOACARBON,GOA CARBON LIMITED,356.0,363.0,351.15,361.85,352.15,13443
2026-08-28,GOCLCORP,GOCL CORPORATION LIMITED,398.65,399.0,385.05,388.25,397.35,108569
2026-08-28,GODAVARIB,GODAVARI BIOREFINERIES L,239.2,242.35,237.55,239.05,239.15,58540
2026-08-28,GPIL,GODAWARI POW & ISP LTD,240.6,247.0,239.0,239.85,240.33,837487
2026-08-28,GODFRYPHLP,GODFREY PHILLIPS INDIA LT,2117.5,2140.0,2105.9,2123.7,2115.0,125235
2026-08-28,GODREJAGRO,GODREJ AGROVET LIMITED,613.65,616.65,604.0,609.3,614.75,102348
2026-08-28,GODREJCP,GODREJ CONSUMER PRODUCTS,927.8,927.8,911.6,915.0,923.0,930774
2026-08-28,GODREJIND,GODREJ INDUSTRIES LTD,1163.6,1175.7,1146.1,1167.5,1150.5,71294
2026-08-28,GODREJPROP,GODREJ PROPERTIES LTD,2075.4,2083.3,2024.5,2029.1,2069.4,329143
2026-08-28,GOKEX,GOKALDAS EXPORTS LTD.,777.4,777.4,765.0,767.8,774.9,216062
2026-08-28,GOKULAGRO,GOKUL AGRO RESOURCES LTD,244.25,248.07,243.39,244.34,244.48,480942
2026-08-28,GOKUL,GOKUL REFOILS & SOLV LTD,43.09,44.26,42.05,42.46,43.09,162046
2026-08-28,GOLDIAM,GOLDIAM INTERNATIONAL LTD,355.0,355.85,346.1,348.55,352.75,332253
2026-08-28,GOODLUCK,GOODLUCK INDIA LIMITED,434.4,453.0,430.1,449.9,432.8,539784
2026-08-28,GOODYEAR,GOODYEAR INDIA LIMITED,774.35,774.35,736.3,749.9,765.05,7639
2026-08-28,GOPAL,GOPAL SNACKS LIMITED,279.15,284.0,275.1,276.25,279.15,167988
2026-08-28,GOYALALUM,GOYAL ALUMINIUMS LIMITED,6.32,6.55,6.25,6.27,6.33,53164
2026-08-28,GPTHEALTH,GPT HEALTHCARE LIMITED,151.4,153.7,150.49,151.72,151.39,55986
2026-08-28,GPTINFRA,GPT INFRAPROJECTS LTD,113.58,114.05,111.6,111.91,113.58,82362
2026-08-28,GRADIENTE,GRADIENTE INFOTAINMENT L,2.79,2.79,2.65,2.72,2.71,2679318
2026-08-28,GRANDOAK,GRAND OAK CANYONS DIST L,37.82,38.95,35.58,36.69,37.45,16138
2026-08-28,GRANULES,GRANULES INDIA LIMITED,833.5,844.75,833.5,836.65,832.3,328237
2026-08-28,GRAPHITE,GRAPHITE INDIA LTD,683.9,705.6,683.0,696.0,683.0,930045
2026-08-28,GRASIM,GRASIM INDUSTRIES LTD,3261.0,3292.5,3229.0,3290.0,3258.0,676185
2026-08-28,GRAUWEIL,GRAUER & WEIL IND LTD,67.95,72.0,67.75,71.32,67.75,715607
2026-08-28,GRAVISSHO,GRAVISS HOSPITALITY LTD.,28.67,30.0,28.67,30.0,30.85,82
2026-08-28,GRAVITA,GRAVITA INDIA LIMITED,1821.9,1835.0,1809.0,1825.8,1824.5,85446
2026-08-28,GREAVESCOT,GREAVES COTTON LTD.,192.02,196.53,192.02,194.41,191.17,884651
2026-08-28,GREENLAM,GREENLAM INDUSTRIES LTD.,244.6,248.8,242.5,246.35,243.25,84116
2026-08-28,GREENPANEL,GREENPANEL INDUSTRIES LTD,159.85,164.13,158.41,161.06,159.9,218249
2026-08-28,GREENPLY,GREENPLY INDUSTRIES LTD,293.0,293.4,283.1,286.25,291.25,68923
2026-08-28,GCSL,GRETEX CORPORATE SERVICES,545.75,545.75,537.1,541.3,540.55,433052
2026-08-28,GRINDWELL,GRINDWELL NORTON LIMITED,2034.2,2063.7,2024.4,2057.7,2024.1,15697
2026-08-28,GRMOVER,GRM OVERSEAS LIMITED,87.07,88.65,86.0,86.38,87.76,956059
2026-08-28,CEMNTGROWW,GROWWAMC - CEMNTGROWW,15.04,15.13,14.72,14.87,14.97,56947
2026-08-28,GROWWCAPM,GROWWAMC - GROWWCAPM,11.58,11.63,11.42,11.58,11.48,332571
2026-08-28,GROWWCHEM,GROWWAMC - GROWWCHEM,30.56,30.78,30.14,30.35,30.4,38114
2026-08-28,GROWWDEFNC,GROWWAMC - GROWWDEFNC,97.98,98.73,97.05,97.44,97.95,170175
2026-08-28,GROWWEV,GROWWAMC - GROWWEV,33.26,33.55,33.11,33.38,33.25,217473
2026-08-28,GROWWGOLD,GROWWAMC - GROWWGOLD,15.65,15.65,15.25,15.43,15.33,1858335
2026-08-28,GROWWHOSPI,GROWWAMC - GROWWHOSPI,52.2,52.8,52.2,52.64,52.43,709887
2026-08-28,GROWWLIQID,GROWWAMC - GROWWLIQID,110.55,110.56,110.55,110.55,110.51,493871
2026-08-28,GROWWLOVOL,GROWWAMC - GROWWLOVOL,10.38,10.58,10.38,10.47,10.38,9671
2026-08-28,GROWWMC150,GROWWAMC - GROWWMC150,240.98,240.98,234.39,237.13,237.0,625
2026-08-28,GROWWMETAL,GROWWAMC - GROWWMETAL,12.97,12.98,12.77,12.87,12.84,416956
2026-08-28,GROWWMOM50,GROWWAMC - GROWWMOM50,10.91,11.55,10.91,11.35,11.19,438378
2026-08-28,GROWWN200,GROWWAMC - GROWWN200,11.75,11.75,11.39,11.39,11.47,34342
2026-08-28,GROWWNET,GROWWAMC - GROWWNET,11.09,11.09,10.81,10.88,11.0,480119
2026-08-28,GROWWNIFTY,GROWWAMC - GROWWNIFTY,9.9,9.9,9.71,9.74,9.77,679296
2026-08-28,GROWWNXT50,GROWWAMC - GROWWNXT50,75.48,75.48,74.17,74.51,74.99,16692
2026-08-28,GROWWPOWER,GROWWAMC - GROWWPOWER,11.39,11.42,11.3,11.33,11.32,2374411
2026-08-28,GROWWPSE,GROWWAMC - GROWWPSE,96.1,99.6,95.96,97.13,97.92,3578
2026-08-28,GROWWPSUBK,GROWWAMC - GROWWPSUBK,86.51,86.51,85.73,85.83,85.78,1740
2026-08-28,GROWWRAIL,GROWWAMC - GROWWRAIL,28.64,28.7,28.37,28.52,28.51,464130
2026-08-28,GROWWRLTY,GROWWAMC - GROWWRLTY,10.25,10.32,10.11,10.14,10.2,238175
2026-08-28,GROWWSC250,GROWWAMC - GROWWSC250,10.6,10.69,10.58,10.67,10.61,162225
2026-08-28,GROWWSLVR,GROWWAMC - GROWWSLVR,23.78,23.78,23.1,23.59,23.2,1375964
2026-08-28,PVTBKGROWW,GROWWAMC - PVTBKGROWW,28.19,28.39,27.64,27.86,27.89,22199
2026-08-28,SMALLGROWW,GROWWAMC - SMALLGROWW,50.17,50.17,49.04,49.43,50.52,30398
2026-08-28,GRPLTD,GRP LIMITED,1969.4,2025.3,1961.2,2010.9,1982.9,495
2026-08-28,GSPCROP,GSP CROP SCIENCE LIMITED,627.0,637.1,622.5,626.6,627.75,140331
2026-08-28,GSS,GSS INFOTECH LIMITED,12.47,12.47,12.08,12.38,12.13,7380
2026-08-28,GTLINFRA,GTL INFRA.LTD,1.21,1.23,1.2,1.2,1.2,24825816
2026-08-28,GTL,GTL LTD,7.42,7.5,7.26,7.37,7.32,231354
2026-08-28,GTPL,GTPL HATHWAY LIMITED,53.55,55.1,53.25,53.54,53.95,383813
2026-08-28,GUFICBIO,GUFIC BIOSCIENCES LTD.,412.2,414.05,400.5,406.3,412.2,69317
2026-08-28,GIPCL,GUJ IND POW CO. LTD,200.99,206.8,200.56,205.91,200.48,1384606
2026-08-28,GNFC,GUJ NAR VAL FER & CHEM L,577.0,591.95,572.95,580.05,577.0,363373
2026-08-28,GSFC,GUJ STATE FERT & CHEM LTD,159.4,161.0,157.6,157.97,159.16,729308
2026-08-28,GUJAPOLLO,GUJ. APOLLO IND. LTD.,360.0,360.0,342.8,345.25,351.5,7280
2026-08-28,GUJALKALI,GUJARAT ALKALIES & CHEM,715.0,716.6,705.0,706.85,710.75,34553
2026-08-28,GAEL,GUJARAT AMBUJA EXPORTS LT,169.0,170.57,165.56,166.98,168.5,913733
2026-08-28,GUJENERGY,GUJARAT ENERGY LIMITED,251.9,255.65,250.0,254.8,250.35,848622
2026-08-28,FLUOROCHEM,GUJARAT FLUOROCHEM LTD,4672.1,4789.0,4642.3,4771.2,4672.1,111013
2026-08-28,GKSL,GUJARAT KIDNEY N SUP SP L,155.2,163.44,153.02,160.64,154.29,1261120
2026-08-28,GLFL,GUJARAT LEASE FINANCING L,5.45,5.72,5.2,5.72,5.45,9421
2026-08-28,GMDCLTD,GUJARAT MINERAL DEV CORP,567.0,574.35,565.6,567.65,567.25,736396
2026-08-28,GNRL,GUJARAT NATURAL RES L,97.9,97.9,96.31,96.82,97.65,34747
2026-08-28,GPPL,GUJARAT PIPAVAV PORT LTD,169.55,169.55,167.4,168.75,169.1,1092016
2026-08-28,GUJRAFFIA,GUJARAT RAFFIA INDUST LTD,41.5,41.5,39.4,41.4,41.0,627
2026-08-28,GUJTHEM,GUJARAT THEMIS BIOSYN LTD,410.1,417.5,406.75,411.05,412.2,209713
2026-08-28,GULFOILLUB,GULF OIL LUB. IND. LTD.,1154.3,1154.6,1136.6,1143.9,1154.3,55037
2026-08-28,GULPOLY,GULSHAN POLYOLS LIMITED,193.09,195.48,191.0,192.73,193.09,105481
2026-08-28,GVPTECH,GVP INFOTECH LIMITED,7.88,9.03,7.87,9.03,7.53,1285332
2026-08-28,GYFTR,GYFTR LIMITED,168.58,168.58,164.88,166.82,166.81,12842
2026-08-28,HBESD,H B ESTATE DEVELOPERS L,75.95,77.49,74.05,74.5,75.95,540
2026-08-28,HGINFRA,H.G.INFRA ENGINEERING LTD,502.0,504.15,495.1,496.5,502.15,52973
2026-08-28,HALDER,HALDER VENTURE LIMITED,297.97,298.0,287.0,294.99,297.88,15606
2026-08-28,HALEOSLABS,HALEOS LABS LIMITED,1495.0,1526.8,1486.0,1495.1,1501.8,1337
2026-08-28,HAMPTON,HAMPTON SKY REALTY LTD.,8.83,8.83,8.0,8.03,8.3,36275
2026-08-28,HGM,HANDSON GBL MNGMNT LTD,44.89,48.9,42.0,46.74,43.99,20040
2026-08-28,HAPPSTMNDS,HAPPIEST MINDS TECHNO LTD,421.1,427.1,404.05,408.0,420.25,3267707
2026-08-28,HAPPYFORGE,HAPPY FORGINGS LIMITED,2272.0,2311.0,2260.1,2307.0,2250.8,51595
2026-08-28,HARDWYN,HARDWYN INDIA LIMITED,9.07,9.24,9.0,9.07,9.05,1621337
2026-08-28,HARIOMPIPE,HARIOM PIPE INDUSTRIES L,343.65,354.4,342.15,352.2,341.15,96840
2026-08-28,HRYNSHP,HARIYANA SHIP BREAKERS L,102.85,102.85,99.9,99.9,99.86,22
2026-08-28,HARRMALAYA,HARRISON MALAYALAM LTD,198.75,198.75,193.22,197.2,194.7,9508
2026-08-28,HARSHA,HARSHA ENGINEERS INT LTD,441.9,447.8,436.65,438.85,438.55,149012
2026-08-28,HATHWAY,HATHWAY CABLE & DATACOM,10.55,10.65,10.51,10.57,10.55,1196466
2026-08-28,HATSUN,HATSUN AGRO PRODUCT LTD.,1151.0,1196.55,1135.55,1176.05,1152.5,119907
2026-08-28,HAVELLS,HAVELLS INDIA LIMITED,1247.0,1247.0,1190.1,1222.9,1241.0,1778490
2026-08-28,HAWKINCOOK,HAWKINS COOKERS LTD,8250.0,8301.0,8131.0,8230.0,8239.0,373
2026-08-28,HAZOOR,HAZOOR MULTI PROJECTS LTD,20.82,22.49,19.41,19.94,20.82,480486
2026-08-28,HBPOR,HB PORTFOLIO LTD.,61.99,61.99,56.45,61.79,59.5,479
2026-08-28,HBSL,HB STOCKHOLDINGS LIMITED,52.0,53.4,50.7,52.55,51.99,4040
2026-08-28,HBLENGINE,HBL ENGINEERING LTD,665.75,677.9,665.75,674.1,665.75,573296
2026-08-28,HCL-INSYS,HCL INFOSYSTEMS LTD,10.81,11.07,10.62,10.78,10.81,206429
2026-08-28,HCLTECH,HCL TECHNOLOGIES LTD,1290.0,1334.2,1290.0,1316.1,1282.0,3459476
2026-08-28,HDBFS,HDB FINANCIAL SERVICES L,685.15,687.0,678.0,679.35,685.15,172622
2026-08-28,HDFCAMC,HDFC AMC LIMITED,2573.0,2589.2,2539.0,2569.0,2575.0,587652
2026-08-28,HDFCBANK,HDFC BANK LTD,710.85,720.3,707.0,720.3,711.0,16494301
2026-08-28,HDFCGOLD,HDFC GOLD ETF,132.63,137.99,132.62,135.29,134.63,2979111
2026-08-28,HDFCLIFE,HDFC LIFE INS CO LTD,550.8,550.95,543.8,548.0,548.0,2076182
2026-08-28,HDFCBSE500,HDFCAMC - HDFCBSE500,37.46,38.17,37.46,37.87,37.86,363854
2026-08-28,HDFCGROWTH,HDFCAMC - HDFCGROWTH,121.5,121.85,120.92,121.37,120.43,13860
2026-08-28,HDFCLIQUID,HDFCAMC - HDFCLIQUID,1075.85,1075.87,1075.85,1075.85,1075.43,31517
2026-08-28,HDFCLOWVOL,HDFCAMC - HDFCLOWVOL,20.72,20.83,20.72,20.74,20.72,9837
2026-08-28,HDFCMID150,HDFCAMC - HDFCMID150,23.82,23.91,23.77,23.79,23.81,339699
2026-08-28,HDFCMOMENT,HDFCAMC - HDFCMOMENT,31.73,31.87,31.62,31.71,31.71,132955
2026-08-28,HDFCNEXT50,HDFCAMC - HDFCNEXT50,76.28,76.28,75.52,75.73,75.91,60024
2026-08-28,HDFCNIF100,HDFCAMC - HDFCNIF100,26.14,26.33,26.1,26.31,26.29,119859
2026-08-28,HDFCNIFBAN,HDFCAMC - HDFCNIFBAN,59.29,59.44,59.1,59.28,59.29,21219
2026-08-28,HDFCNIFIT,HDFCAMC - HDFCNIFIT,32.33,33.44,32.33,33.25,32.33,273938
2026-08-28,HDFCNIFTY,HDFCAMC - HDFCNIFTY,272.59,273.18,271.76,272.45,272.77,90081
2026-08-28,HDFCNIMEG,HDFCAMC - HDFCNIMEG,134.74,134.96,133.96,134.3,133.2,23694
2026-08-28,HDFCPVTBAN,HDFCAMC - HDFCPVTBAN,29.04,29.04,28.23,28.32,28.34,135247
2026-08-28,HDFCQUAL,HDFCAMC - HDFCQUAL,57.98,59.74,57.98,59.26,59.09,41122
2026-08-28,HDFCSENSEX,HDFCAMC - HDFCSENSEX,88.0,88.0,87.31,87.54,87.65,13651
2026-08-28,HDFCSILVER,HDFCAMC - HDFCSILVER,231.88,231.88,225.23,230.34,226.23,3146569
2026-08-28,HDFCSML250,HDFCAMC - HDFCSML250,186.82,186.82,185.56,186.5,185.58,879722
2026-08-28,HDFCVALUE,HDFCAMC - HDFCVALUE,125.43,125.85,125.2,125.51,125.42,5306
2026-08-28,HDFCPSUBK,HDFCAMC HDFCPSUBK,86.51,87.28,86.5,86.7,86.77,28295
2026-08-28,HEADSUP,HEADS UP VENTURES LIMITED,6.8,7.29,6.8,6.99,6.87,15550
2026-08-28,HEALTHX,HEALTH X PLATFORM LIMITED,292.1,302.25,292.1,300.05,293.55,2233
2026-08-28,HCG,HEALTHCARE GLOB. ENT. LTD,703.95,704.9,693.55,696.3,699.95,54966
2026-08-28,HECPROJECT,HEC INFRA PROJECTS LTD,116.26,119.35,116.26,118.06,117.97,3081
2026-08-28,HEG,HEG LTD,713.1,743.55,712.2,737.35,710.2,2665306
2026-08-28,HEIDELBERG,HEIDELBERGCEMENT (I) LTD,161.7,162.75,160.65,160.99,161.7,135775
2026-08-28,HEMIPROP,HEMISPHERE PROP IND LTD,130.61,131.47,129.26,129.98,130.56,208579
2026-08-28,HERANBA,HERANBA INDUSTRIES LTD,174.0,174.0,170.0,171.64,169.69,18761
2026-08-28,HERITGFOOD,HERITAGE FOODS LTD,378.0,380.65,369.0,370.55,378.15,114313
2026-08-28,HEROMOTOCO,HERO MOTOCORP LIMITED,5549.0,5654.0,5529.0,5600.0,5550.0,408239
2026-08-28,HESTERBIO,HESTER BIOSCIENCES LTD,2294.4,2347.9,2291.2,2302.3,2289.8,2398
2026-08-28,HEXATRADEX,HEXA TRADEX LIMITED,159.1,161.79,158.01,160.09,159.1,852
2026-08-28,HEXT,HEXAWARE TECHNOLOGIES LTD,565.5,565.85,552.2,555.7,556.6,188517
2026-08-28,HFCL,HFCL LIMITED,246.4,255.1,245.55,251.47,245.84,17035686
2026-08-28,HITECH,HI-TECH PIPES LIMITED,78.12,82.73,78.12,82.05,77.93,1162242
2026-08-28,HILINFRA,HIGHWAY INFRASTRUCTURE L,45.12,46.1,44.5,45.52,45.29,81065
2026-08-28,HIKAL,HIKAL LIMITED,204.85,206.89,202.23,204.23,204.63,139273
2026-08-28,HILTON,HILTON METAL FORGING LTD,19.98,19.98,19.02,19.37,19.51,68962
2026-08-28,HSCL,HIMADRI SPECIALITY CHEM L,677.15,683.8,667.65,672.95,674.35,8440567
2026-08-28,HIMATSEIDE,HIMATSINGKA SEIDE LTD,72.25,72.25,70.66,71.31,71.83,284820
2026-08-28,HINDALUMI,HIND ALUMINIUM INDS. LTD.,97.51,100.0,97.51,99.76,97.99,895
2026-08-28,HINDALCO,HINDALCO  INDUSTRIES  LTD,1030.0,1037.4,1025.95,1037.4,1024.0,1687987
2026-08-28,HINDCON,HINDCON CHEMICALS LIMITED,23.9,23.9,22.25,22.89,22.6,23694
2026-08-28,HPIL,HINDPRAKASH INDUSTRY LTD,124.9,127.39,123.25,125.08,123.81,2501
2026-08-28,HGS,HINDUJA GLOBAL SOLS. LTD.,406.9,406.9,398.6,402.55,402.55,11089
2026-08-28,HINDADH,HINDUSTAN ADHESIVES LTD.,352.7,355.4,344.0,349.05,350.4,1895
2026-08-28,HAL,HINDUSTAN AERONAUTICS LTD,4884.1,4890.0,4816.0,4861.1,4899.0,484334
2026-08-28,HINDCOMPOS,HINDUSTAN COMPOSITES LTD.,410.35,413.0,406.0,408.35,409.45,4130
2026-08-28,HCC,HINDUSTAN CONSTRUCTION CO,25.25,25.59,24.5,24.64,25.1,41624710
2026-08-28,HINDCOPPER,HINDUSTAN COPPER LTD,539.0,543.0,530.0,533.55,536.3,10119066
2026-08-28,HNDFDS,HINDUSTAN FOODS LIMITED,635.0,639.75,631.0,634.45,635.55,26448
2026-08-28,HINDOILEXP,HINDUSTAN OIL EXPLORATION,164.05,164.05,160.53,162.66,163.43,262249
2026-08-28,HINDPETRO,HINDUSTAN PETROLEUM CORP,370.0,370.9,363.85,364.0,371.0,3150636
2026-08-28,HINDUNILVR,HINDUSTAN UNILEVER LTD.,2018.0,2018.0,1997.5,2010.4,2009.0,933212
2026-08-28,HINDZINC,HINDUSTAN ZINC LIMITED,615.7,624.35,607.8,622.0,610.1,6227595
2026-08-28,HINDWAREAP,HINDWARE HME INOVATON LTD,191.94,195.59,191.25,191.61,190.84,46887
2026-08-28,HIRECT,HIRECT LIMITED,1230.0,1247.0,1218.8,1237.8,1223.0,27665
2026-08-28,HISARMETAL,HISAR METAL IND. LIMITED,148.0,159.9,148.0,155.96,149.23,4146
2026-08-28,POWERINDIA,HITACHI ENERGY INDIA LTD,33840.0,33840.0,33235.0,33330.0,33880.0,32688
2026-08-28,HLEGLAS,HLE GLASCOAT LIMITED,316.0,316.0,312.2,313.3,314.85,39351
2026-08-28,HLVLTD,HLV LIMITED,6.66,6.66,6.48,6.53,6.63,180001
2026-08-28,HMAAGRO,HMA AGRO INDUSTRIES LTD,21.07,21.22,20.72,20.97,20.9,1054199
2026-08-28,HOMEFIRST,HOME FIRST FIN CO IND LTD,1200.0,1205.0,1188.3,1198.3,1200.2,89891
2026-08-28,HONASA,HONASA CONSUMER LIMITED,483.8,483.8,467.2,470.65,484.85,684018
2026-08-28,HONDAPOWER,HONDA I POWER PRODUCT LTD,2060.5,2081.7,2050.0,2058.6,2068.3,2497
2026-08-28,HONAUT,HONEYWELL AUTOMATION IND,36750.0,36970.0,36515.0,36635.0,36800.0,1514
2026-08-28,HORIZONIND,HORIZON INDUSTRIAL PRKS L,56.78,58.7,56.6,58.05,56.78,6908806
2026-08-28,HPAL,HP ADHESIVES LIMITED,34.0,35.62,34.0,34.86,34.63,66287
2026-08-28,HPL,HPL ELECTRIC & POWER LTD,309.05,311.95,304.8,308.8,307.65,69054
2026-08-28,HSBCGOLD,HSBCAMC - HSBCGOLD,138.29,139.65,134.05,137.1,136.93,11675
2026-08-28,HUDCO,HSG & URBAN DEV CORPN LTD,182.5,184.27,181.6,183.23,182.63,1015334
2026-08-28,HTMEDIA,HT MEDIA LIMITED,27.6,27.7,26.29,26.78,27.05,108269
2026-08-28,HUBTOWN,HUBTOWN LIMITED,184.8,188.72,183.23,186.09,184.71,192831
2026-08-28,HUHTAMAKI,HUHTAMAKI INDIA LIMITED,260.5,264.9,259.4,262.9,260.5,97579
2026-08-28,HYUNDAI,HYUNDAI MOTOR INDIA LTD,2248.7,2279.0,2240.3,2267.0,2253.0,855357
2026-08-28,IGPL,I G PETROCHEMICALS LTD,524.9,536.0,522.4,532.4,521.95,98498
2026-08-28,ISTLTD,I S T LTD.,670.0,678.0,650.1,676.4,668.9,360
2026-08-28,ICDSLTD,ICDS LTD,41.63,45.5,40.05,41.44,41.63,1467
2026-08-28,ICEMAKE,ICE MAKE REFRIGERAT LTD,747.65,749.0,730.2,742.55,747.65,8314
2026-08-28,ICICIBANK,ICICI BANK LTD.,1435.0,1439.8,1418.9,1422.8,1443.0,8625738
2026-08-28,ICICIGI,ICICI LOMBARD GIC LIMITED,1588.1,1589.0,1550.1,1562.0,1588.1,859511
2026-08-28,LOWVOLIETF,ICICI PR NIF LW VL 30 ETF,22.57,22.57,22.09,22.26,22.32,949638
2026-08-28,ICICIPRULI,ICICI PRU LIFE INS CO LTD,510.25,510.4,502.45,506.0,510.0,1603027
2026-08-28,MIDSELIETF,ICICI PRUD MIDCAP SEL ETF,19.65,20.28,19.65,20.13,20.16,110058
2026-08-28,NIF100IETF,ICICI PRUD NIFTY 100 ETF,29.07,29.07,28.2,28.22,28.37,45727
2026-08-28,NIFTYIETF,ICICI PRUD NIFTY ETF,273.65,274.84,273.41,274.23,274.23,825870
2026-08-28,SENSEXIETF,ICICI PRUD SENSEX ETF,889.27,894.95,884.37,886.26,890.05,5306
2026-08-28,ICICIAMC,ICICI PRUDENTIAL AMC LTD,3114.8,3179.3,3088.6,3139.6,3093.6,755036
2026-08-28,GOLDIETF,ICICI PRUDENTIAL GOLD ETF,138.0,138.0,133.78,135.62,134.64,5602015
2026-08-28,NV20IETF,ICICI PRUDENTIAL NV20 ETF,13.59,13.64,13.5,13.62,13.58,278965
2026-08-28,ICICIB22,ICICIPRAMC - BHARATIWIN,115.0,115.0,114.28,114.41,114.52,211427
2026-08-28,CASHIETF,ICICIPRAMC - CASHIETF,1079.75,1079.75,1077.44,1077.45,1077.01,115599
2026-08-28,EVIETF,ICICIPRAMC - EVIETF,33.57,34.24,33.38,33.67,33.51,137730
2026-08-28,BSE500IETF,ICICIPRAMC - ICICI500,39.69,40.01,39.55,39.85,39.69,53181
2026-08-28,GSEC5IETF,ICICIPRAMC - ICICI5GSEC,66.7,66.7,66.15,66.2,66.8,1275
2026-08-28,ALPL30IETF,ICICIPRAMC - ICICIALPLV,28.05,28.21,27.92,27.96,28.04,337375
2026-08-28,AUTOIETF,ICICIPRAMC - ICICIAUTO,30.29,30.29,29.77,29.92,29.99,449966
2026-08-28,PVTBANIETF,ICICIPRAMC - ICICIBANKP,28.12,28.15,27.95,28.02,28.12,1078205
2026-08-28,COMMOIETF,ICICIPRAMC - ICICICOMMO,100.36,100.36,99.36,99.82,100.2,40558
2026-08-28,CONSUMIETF,ICICIPRAMC - ICICICONSU,123.61,124.0,122.97,123.2,124.16,6108
2026-08-28,FMCGIETF,ICICIPRAMC - ICICIFMCG,50.8,50.8,50.21,50.34,50.61,1623851
2026-08-28,INFRAIETF,ICICIPRAMC - ICICIINFRA,95.31,95.49,94.61,94.79,95.3,1646089
2026-08-28,LIQUIDIETF,ICICIPRAMC - ICICILIQ,1000.01,1000.01,999.99,999.99,999.99,483882
2026-08-28,MIDCAPIETF,ICICIPRAMC - ICICIM150,24.48,24.48,24.27,24.34,24.31,568797
2026-08-28,MOM30IETF,ICICIPRAMC - ICICIMOM30,32.09,32.09,31.89,31.96,31.94,420731
2026-08-28,NEXT50IETF,ICICIPRAMC - ICICINXT50,78.57,78.87,78.11,78.25,78.56,338904
2026-08-28,HEALTHIETF,ICICIPRAMC - ICICIPHARM,173.2,173.2,171.28,172.18,171.49,97956
2026-08-28,QUAL30IETF,ICICIPRAMC - ICICIQTY30,21.79,21.79,21.27,21.34,21.26,141510
2026-08-28,SILVERIETF,ICICIPRAMC - ICICISILVE,235.01,241.78,235.01,240.53,236.3,3174454
2026-08-28,ITIETF,ICICIPRAMC - ICICITECH,33.81,34.8,33.81,34.65,33.72,917093
2026-08-28,INSUREIETF,ICICIPRAMC - INSUREIETF,15.4,16.06,15.27,15.35,15.49,3357020
2026-08-28,BANKIETF,ICICIPRAMC - IPRU5008,59.36,59.36,58.91,59.13,59.24,862614
2026-08-28,METALIETF,ICICIPRAMC - METALIETF,13.82,13.82,13.48,13.56,13.49,4020960
2026-08-28,OILIETF,ICICIPRAMC - OILIETF,11.29,11.29,11.21,11.23,11.26,974836
2026-08-28,PSUBNKIETF,ICICIPRAMC - PSUBANKICI,87.14,87.35,86.71,87.17,87.09,70989
2026-08-28,SMALLIETF,ICICIPRAMC - SMALLIETF,18.56,18.62,18.43,18.58,18.51,79846
2026-08-28,TOP15IETF,ICICIPRAMC - TOP15IETF,9.89,9.98,9.88,9.94,9.91,281362
2026-08-28,VAL30IETF,ICICIPRAMC - VAL30IETF,15.23,15.23,15.13,15.16,15.21,106794
2026-08-28,FINIETF,ICICIPRAMC-ICICIFIN,33.45,33.45,33.19,33.26,33.44,160164
2026-08-28,ICRA,ICRA LIMITED,4813.0,4949.9,4793.1,4912.8,4832.5,33309
2026-08-28,IDBI,IDBI BANK LIMITED,92.29,93.8,91.55,92.66,92.24,10401965
2026-08-28,IDEAFORGE,IDEAFORGE TECHNO LTD,811.9,827.9,796.2,807.65,805.0,369510
2026-08-28,IDFCFIRSTB,IDFC FIRST BANK LIMITED,83.79,84.23,82.95,83.12,83.8,14247602
2026-08-28,IFBAGRO,IFB AGRO INDUSTRIES LTD,950.5,950.5,915.0,919.8,946.15,16694
2026-08-28,IFBIND,IFB INDUSTRIES LTD,1354.3,1358.3,1328.3,1336.8,1351.6,21273
2026-08-28,IFCI,IFCI LTD,84.27,92.45,83.57,89.96,84.27,139340453
2026-08-28,IFGLEXPOR,IFGL REFRACTORIES LIMITED,210.98,219.0,210.91,215.47,212.96,20333
2026-08-28,IGARASHI,IGARASHI MOTORS INDIA LTD,422.15,428.4,420.8,427.1,420.8,24661
2026-08-28,IIFLCAPS,IIFL CAPITAL SERVICES LTD,334.4,335.35,333.1,333.2,334.4,132914
2026-08-28,IIFL,IIFL FINANCE LIMITED,633.65,667.35,615.0,659.25,635.65,1785071
2026-08-28,IKIO,IKIO TECHNOLOGIES LIMITED,186.14,217.7,186.14,213.72,186.14,6393359
2026-08-28,IVC,IL&FS INVESTMENT MANAGERS,8.56,8.58,8.36,8.49,8.39,253604
2026-08-28,IMAGICAA,IMAGICAAWORLD ENT LTD,60.03,62.0,57.01,58.07,60.21,14845101
2026-08-28,INCREDIBLE,INCREDIBLE INDUSTRIES LTD,33.9,33.9,32.0,32.19,32.85,8155
2026-08-28,IMPAL,IND MOTOR PART & ACC LTD,1107.8,1119.9,1086.5,1097.5,1108.1,1862
2026-08-28,INDSWFTLAB,IND SWIFT LABORATORIES LT,360.0,366.0,355.65,362.92,358.04,527926
2026-08-28,INDTERRAIN,IND TERRAIN FASHIONS LTD,30.12,30.5,29.75,30.02,30.11,17734
2026-08-28,INDBANK,INDBANK MERCH BANK,31.99,31.99,31.0,31.45,31.55,23473
2026-08-28,BAJAJINDEF,INDEF MANUFACTURING LTD,229.5,229.5,225.33,228.49,228.85,11019
2026-08-28,INDGN,INDEGENE LIMITED,567.35,587.15,565.5,578.95,567.35,1891693
2026-08-28,INDIAGLYCO,INDIA GLYCOLS LTD,1195.0,1204.5,1168.0,1178.3,1203.3,229423
2026-08-28,INDNIPPON,INDIA NIPPON ELECT  LTD,1056.5,1072.9,1056.1,1061.6,1062.2,8033
2026-08-28,IPL,INDIA PESTICIDES LIMITED,138.1,140.05,138.1,139.0,137.79,48826
2026-08-28,INDIASHLTR,INDIA SHELTER FIN CORP L,653.7,653.7,646.1,649.85,650.3,55916
2026-08-28,ITDC,INDIA TOUR. DEV. CO. LTD.,664.9,675.6,659.05,662.15,659.35,63395
2026-08-28,IBULLSLTD,INDIABULLS LIMITED,26.45,26.5,25.82,26.31,26.11,5773711
2026-08-28,INDIAMART,INDIAMART INTERMESH LTD,1763.9,1774.0,1752.5,1756.9,1755.4,74123
2026-08-28,INDIANB,INDIAN BANK,882.2,883.95,872.45,882.4,884.4,456709
2026-08-28,INDIANCARD,INDIAN CARD CLOTHING CO.,208.01,214.38,205.22,210.29,208.03,1179
2026-08-28,IEX,INDIAN ENERGY EXC LTD,122.0,122.24,121.07,121.8,122.0,1550661
2026-08-28,INDIANHUME,INDIAN HUME PIPE CO. LTD.,392.0,392.1,381.55,386.55,390.85,20050
2026-08-28,IMFA,INDIAN METALS & FERRO,1377.0,1399.3,1361.5,1370.7,1367.9,71985
2026-08-28,IOC,INDIAN OIL CORP LTD,137.57,137.57,136.23,137.1,137.57,4050844
2026-08-28,IOB,INDIAN OVERSEAS BANK,33.0,33.0,32.62,32.81,32.9,1294744
2026-08-28,IRCTC,INDIAN RAIL TOUR CORP LTD,487.55,489.0,484.7,485.65,487.55,581576
2026-08-28,IRFC,INDIAN RAILWAY FIN CORP L,84.65,84.99,83.65,83.9,84.65,6872970
2026-08-28,IREDA,INDIAN RENEWABLE ENERGY,117.0,117.9,115.77,117.02,117.4,4510429
2026-08-28,IWP,INDIAN WOOD PRODUCTS CO L,35.2,35.65,34.0,34.03,34.95,4697
2026-08-28,INDIGOPNTS,INDIGO PAINTS LIMITED,1175.5,1176.9,1145.0,1151.8,1170.2,42514
2026-08-28,INDIQUBE,INDIQUBE SPACES LIMITED,192.45,193.3,189.31,192.36,191.06,33833
2026-08-28,INDOBORAX,INDO BORAX & CHEMICAL LTD,512.0,512.0,490.0,495.1,503.0,107301
2026-08-28,ICIL,INDO COUNT INDUSTRIES LTD,425.0,439.35,420.2,434.95,423.4,668975
2026-08-28,INDOFARM,INDO FARM EQUIPMENT LTD,140.1,140.79,138.0,138.85,138.24,61967
2026-08-28,INDORAMA,INDO RAMA SYNTHETICS LTD,64.89,64.89,61.81,63.65,63.87,451194
2026-08-28,INDOTECH,INDO TECH TRANSFORM LTD.,3728.0,3795.1,3725.0,3757.1,3712.2,10275
2026-08-28,INDOTHAI,INDO THAI SEC LTD,46.18,46.18,46.18,46.18,48.61,276690
2026-08-28,INDOUS,INDO US BIOTECH LTD,83.22,83.75,79.0,80.91,80.79,68690
2026-08-28,INDOMIM,INDO-MIM LIMITED,881.7,892.0,864.45,868.05,877.5,1086896
2026-08-28,NIPPOBATRY,INDO-NATIONAL LIMITED,327.35,332.95,325.0,326.35,327.35,1312
2026-08-28,INDOCO,INDOCO REMEDIES LTD.,242.53,253.7,239.34,248.8,242.53,256307
2026-08-28,IGCL,INDOGULF CROPSCIENCES LTD,72.0,72.11,71.5,71.84,72.24,32425
2026-08-28,INDOKEM,INDOKEM LTD.,611.0,634.95,608.0,617.85,610.85,1353
2026-08-28,WAAREEINDO,INDOSOLAR LIMITED,273.45,282.95,269.2,276.25,272.9,107996
2026-08-28,INDOSTAR,INDOSTAR CAPITAL FIN LTD,253.35,260.0,252.6,258.85,255.05,82794
2026-08-28,INDOWIND,INDOWIND ENERGY LTD,9.15,9.35,9.1,9.16,9.21,71572
2026-08-28,IGL,INDRAPRASTHA GAS LTD,147.45,148.66,147.21,147.61,147.17,2537531
2026-08-28,INDRAMEDCO,INDRAPRASTHA MEDICAL CORP,369.5,372.55,366.1,368.05,369.3,118497
2026-08-28,INDUSTOWER,INDUS TOWERS LIMITED,379.95,385.7,378.75,380.0,379.95,1536497
2026-08-28,INDUSINDBK,INDUSIND BANK LIMITED,997.0,1000.6,987.3,994.0,1002.9,1026834
2026-08-28,INDPRUD,INDUSTRIAL & PRU INV CO L,6270.0,6389.5,6225.0,6302.5,6200.0,26
2026-08-28,IITL,INDUSTRIAL INV TRUST LTD,160.0,164.46,152.73,156.53,159.91,114182
2026-08-28,NAUKRI,INFO EDGE (I) LTD,1339.0,1369.4,1339.0,1354.0,1330.0,1808851
2026-08-28,INFOBEAN,INFOBEANS TECHNO. LTD.,155.01,183.0,155.01,165.67,154.65,8786919
2026-08-28,INFOMEDIA,INFOMEDIA PRESS LIMITED,5.21,5.35,5.09,5.33,5.11,110
2026-08-28,INFY,INFOSYS LIMITED,1123.6,1145.0,1123.3,1144.0,1110.8,9621969
2026-08-28,INGERRAND,INGERSOLL-RAND INDIA LTD,4609.0,4899.0,4609.0,4860.2,4609.4,123159
2026-08-28,INNOVACAP,INNOVA CAPTAB LIMITED,1021.55,1060.0,1016.2,1055.1,1021.55,41828
2026-08-28,INNOVANA,INNOVANA THINKLABS LTD,316.5,316.5,300.0,306.75,313.6,2852
2026-08-28,INNOVISION,INNOVISION LIMITED,249.3,254.75,246.2,247.25,251.4,16674
2026-08-28,INOXGREEN,INOX GREEN ENERGY SER LTD,172.18,177.4,168.0,174.26,172.18,1571341
2026-08-28,INOXINDIA,INOX INDIA LIMITED,2175.0,2267.9,2115.2,2126.2,2177.9,733868
2026-08-28,INOXWIND,INOX WIND LIMITED,72.0,72.48,71.27,71.79,72.0,7058151
2026-08-28,INSECTICID,INSECTICIDES (I) LTD,568.1,608.1,566.3,598.5,567.1,125263
2026-08-28,INA,INSOLATION ENERGY LIMITED,90.7,92.97,90.7,92.58,90.55,217012
2026-08-28,ESSENTIA,INTEGRA ESSENTIA LIMITED,1.05,1.08,1.03,1.08,1.03,1512552
2026-08-28,INTELLECT,INTELLECT DESIGN ARENA,677.0,689.6,677.0,679.7,678.3,395222
2026-08-28,INTENTECH,INTENSE TECHNOLOGIES LTD,82.98,84.5,82.02,83.62,82.05,10882
2026-08-28,INTERARCH,INTERARCH BLDNG SOLTN LTD,1719.4,1746.0,1690.0,1701.4,1685.6,88375
2026-08-28,INDIGO,INTERGLOBE AVIATION LTD,5199.0,5200.5,5137.5,5166.0,5189.0,257496
2026-08-28,INTLCONV,INTL CONVEYORS LIMITED,76.98,82.0,76.51,80.31,76.92,300014
2026-08-28,IGIL,INTL GEMOLOGICAL INST LTD,341.15,346.8,337.45,338.95,343.55,277869
2026-08-28,ISFT,INTRASOFT TECH. LTD,93.36,99.15,93.21,94.11,95.17,123205
2026-08-28,INVENTURE,INVENTURE GRO & SEC LTD,0.97,0.98,0.94,0.96,0.97,936470
2026-08-28,IKS,INVENTURUS KNOWLEDGE SO L,1743.0,1778.0,1740.5,1762.0,1750.6,110044
2026-08-28,IVZINGOLD,INVESCO INDIA GOLD ETF,138.1,138.45,135.8,138.1,136.75,22801
2026-08-28,IVZINNIFTY,INVESCO INDIA NIFTY ETF,270.08,277.97,270.08,276.86,277.01,243
2026-08-28,IOLCP,IOL CHEM AND PHARMA LTD,193.89,197.0,190.1,194.95,193.07,4410316
2026-08-28,IONEXCHANG,ION EXCHANGE (INDIA) LTD,377.0,379.15,371.0,371.45,376.0,116406
2026-08-28,IPRINGLTD,IP RINGS LTD.,146.9,146.9,140.0,145.0,138.64,1192
2026-08-28,IPCALAB,IPCA LABORATORIES LTD,1951.0,1977.3,1929.8,1950.3,1959.8,276397
2026-08-28,IRB,IRB INFRA DEV LTD.,19.25,19.41,19.04,19.07,19.32,5016562
2026-08-28,IRCON,IRCON INTERNATIONAL LTD,123.3,123.89,122.2,122.4,123.04,834876
2026-08-28,IRISDOREME,IRIS CLOTHINGS LIMITED,58.37,59.09,58.11,58.7,57.93,415448
2026-08-28,IRIS,IRIS REGTECH SOLUTION LTD,240.0,253.0,235.68,250.72,235.68,25805
2026-08-28,IRMENERGY,IRM ENERGY LIMITED,282.5,289.0,281.1,283.35,283.1,72208
2026-08-28,ISGEC,ISGEC HEAVY ENG LTD,775.0,791.0,774.6,789.05,780.4,41044
2026-08-28,ISHANCH,ISHAN DYES N CHEMICALS L,44.46,45.0,43.4,44.82,44.0,23463
2026-08-28,ITCHOTELS,ITC HOTELS LIMITED,164.16,164.95,161.95,162.73,164.16,1319791
2026-08-28,ITC,ITC LTD,269.0,269.0,264.8,266.0,269.0,15200847
2026-08-28,ITI,ITI LTD,275.95,279.55,274.6,275.5,275.2,176937
2026-08-28,ITL,ITL INDUSTRIES LTD.,360.0,377.0,360.0,368.4,367.2,2845
2026-08-28,IVALUE,IVALUE INFOSOLUTIONS LTD,273.1,274.65,258.35,264.65,274.75,279869
2026-08-28,IZMO,IZMO LIMITED,834.0,880.8,827.65,848.45,829.6,71967
2026-08-28,J&KBANK,J & K BANK LTD.,151.93,152.39,149.0,150.01,152.17,884757
2026-08-28,JGCHEM,J.G.CHEMICALS LIMITED,589.9,675.0,586.45,651.3,585.5,5912922
2026-08-28,JAGRAN,JAGRAN PRAKASHAN LIMITED,61.8,62.02,61.2,61.3,61.68,132770
2026-08-28,JAGSNPHARM,JAGSONPAL PHARMACEUTICALS,237.76,242.86,236.17,239.06,236.99,92231
2026-08-28,JAIBALAJI,JAI BALAJI INDUSTRIES LTD,70.3,70.81,68.45,69.23,70.16,986503
2026-08-28,JAICORPLTD,JAI CORP LIMITED,100.91,101.0,99.66,100.32,100.1,200251
2026-08-28,JISLDVREQS,JAIN DVR EQUITY SHARES,20.95,21.7,20.89,21.22,21.13,7484
2026-08-28,JISLJALEQS,JAIN IRRIGATION SYSTEMS,29.5,29.98,28.5,28.7,29.69,2217553
2026-08-28,JAINREC,JAIN RESOURCE RECYCLING L,285.1,293.35,285.1,287.95,285.05,811696
2026-08-28,JPPOWER,JAIPRAKASH POWER VEN. LTD,16.94,16.98,16.76,16.82,16.92,19545803
2026-08-28,JAMNAAUTO,JAMNA AUTO IND LTD,119.88,122.72,119.88,120.8,119.88,886484
2026-08-28,JSFB,JANA SMALL FIN BANK LTD,547.0,551.25,539.2,541.0,544.55,301768
2026-08-28,JARO,JARO INS OF TEC MG N RE L,465.9,477.75,464.2,470.05,463.15,93456
2026-08-28,JASH,JASH ENGINEERING LIMITED,488.0,488.0,477.1,478.3,484.65,44964
2026-08-28,JAYBARMARU,JAY BHARAT MARUTI LTD,124.99,128.7,123.21,128.35,122.58,283574
2026-08-28,JAYAGROGN,JAYANT AGRO ORGANICS LTD,223.11,227.58,222.32,223.14,222.07,3465
2026-08-28,JAYNECOIND,JAYASWAL NECO INDUSTR LTD,101.09,102.1,97.31,99.1,101.09,4064048
2026-08-28,JAYKAY,JAYKAY ENTERPRISES LTD,151.22,156.8,149.0,154.11,169.62,781470
2026-08-28,JAYSREETEA,JAYSHREE TEA & INDUSTRIES,100.05,101.8,98.15,98.84,100.1,56082
2026-08-28,JBMA,JBM AUTO LIMITED,645.9,650.7,640.1,641.55,645.25,132197
2026-08-28,JSLL,JEENA SIKHO LIFECARE LTD,505.0,515.0,502.6,512.5,501.9,361458
2026-08-28,JENBURPH,JENBURKT PHARMACEUTICAL L,1031.0,1055.0,1030.1,1048.0,1032.8,501
2026-08-28,JETFREIGHT,JET FREIGHT LOGISTICS LTD,22.55,22.82,22.2,22.39,22.85,102690
2026-08-28,JHS,JHS SVEND. LAB. LTD,8.95,9.3,8.24,8.29,8.95,129946
2026-08-28,RETAIL,JHS SVENDGAARD RETAIL V L,17.01,18.5,17.0,17.64,17.11,1474
2026-08-28,JPOLYINVST,JIND POL INV & FIN CO LTD,968.0,1030.0,968.0,1025.0,966.1,21055
2026-08-28,JINDRILL,JINDAL DRILLING IND. LTD,630.9,635.5,625.55,628.2,630.55,106924
2026-08-28,JINDALPHOT,JINDAL PHOTO LIMITED,1020.4,1055.8,1012.1,1026.6,1041.0,4737
2026-08-28,JINDALPOLY,JINDAL POLY FILMS LIMITED,637.55,642.0,632.85,635.85,637.55,5335
2026-08-28,JINDALSAW,JINDAL SAW LIMITED,310.25,311.2,305.05,308.6,310.25,1154109
2026-08-28,JSL,JINDAL STAINLESS LIMITED,704.0,707.55,697.0,705.15,705.0,307596
2026-08-28,JINDALSTEL,JINDAL STEEL LIMITED,1172.7,1191.9,1170.0,1179.2,1170.0,652427
2026-08-28,JINDWORLD,JINDAL WORLDWIDE LTD,37.01,38.67,37.01,37.86,36.83,5772657
2026-08-28,JKIPL,JINKUSHAL INDUSTRIES LTD,107.55,109.8,104.26,104.92,109.12,329849
2026-08-28,JIOFIN,JIO FIN SERVICES LTD,238.6,240.0,237.6,238.4,238.1,7150998
2026-08-28,NIFTYJBLK,JIOBLACKROCKAMC-NIFTYJBLK,12.68,12.68,12.36,12.39,12.38,164738
2026-08-28,JITFINFRA,JITF INFRALOGISTICS LTD,321.55,325.5,317.0,318.1,321.5,6571
2026-08-28,JKCEMENT,JK CEMENT LIMITED,5233.5,5244.5,5132.0,5168.5,5233.5,26769
2026-08-28,JKLAKSHMI,JK LAKSHMI CEMENT LTD,544.2,544.4,539.0,540.85,544.2,66478
2026-08-28,JKPAPER,JK PAPER LIMITED,391.45,395.3,389.0,391.55,390.4,141274
2026-08-28,JKTYRE,JK TYRE & INDUSTRIES LTD,381.95,382.55,377.6,380.25,378.75,301864
2026-08-28,JKIL,JKUMAR INFR.LTD.,506.0,506.9,497.0,500.25,504.25,37156
2026-08-28,JMFINANCIL,JM FINANCIAL LIMITED,130.87,132.5,128.6,129.29,130.45,2233306
2026-08-28,JNKINDIA,JNK INDIA LIMITED,440.75,450.1,437.1,447.65,444.75,106881
2026-08-28,COCKERILL,JOHN COCKERILL INDIA LTD.,8101.5,8150.0,8030.0,8123.0,8089.5,2613
2026-08-28,JSWCEMENT,JSW CEMENT LIMITED,127.0,127.2,124.7,125.24,126.55,476253
2026-08-28,JSWDULUX,JSW DULUX LIMITED,3130.0,3139.0,3100.3,3110.8,3110.4,6926
2026-08-28,JSWENERGY,JSW ENERGY LIMITED,539.8,542.0,535.3,535.3,542.1,995262
2026-08-28,JSWHL,JSW HOLDINGS LIMITED,11800.0,11800.0,11524.0,11578.0,11735.0,1170
2026-08-28,JSWINFRA,JSW INFRASTRUCTURE LTD,339.5,344.85,337.5,342.95,337.95,1428019
2026-08-28,JSWSTEEL,JSW STEEL LIMITED,1335.2,1344.0,1320.4,1334.9,1337.5,1403899
2026-08-28,JTEKTINDIA,JTEKT INDIA LIMITED,126.18,126.99,125.0,126.38,126.18,66429
2026-08-28,JTLIND,JTL INDUSTRIES LIMITED,83.37,91.01,82.83,89.87,82.57,18590394
2026-08-28,JUBLCPL,JUBILANT AGRI N CON PRO L,2118.7,2166.4,2102.0,2140.4,2122.9,2075
2026-08-28,JUBLFOOD,JUBILANT FOODWORKS LTD,502.25,502.7,490.05,490.45,504.0,1153110
2026-08-28,JUBLINGREA,JUBILANT INGREVIA LIMITED,691.0,698.0,681.0,683.5,691.1,142239
2026-08-28,JUBLPHARMA,JUBILANT PHARMOVA LTD,880.0,895.0,871.1,882.65,878.7,124044
2026-08-28,JMA,JULLUNDUR MOT AGENCY LTD,93.04,103.7,92.0,95.09,93.04,198237
2026-08-28,JNPR,JUNIPER GREEN ENERGY LTD,254.51,259.0,246.57,258.23,254.32,1228144
2026-08-28,JUNIPER,JUNIPER HOTELS LIMITED,216.05,217.9,213.45,214.59,216.05,163439
2026-08-28,JLHL,JUPITER LIFE LINE HOSP L,309.0,312.95,295.0,301.4,307.45,111623
2026-08-28,JWL,JUPITER WAGONS LIMITED,246.9,247.7,244.5,245.1,247.0,606055
2026-08-28,JUSTDIAL,JUSTDIAL LTD.,655.0,704.55,653.35,704.55,640.5,739937
2026-08-28,JYOTHYLAB,JYOTHY LABS LIMITED,209.52,210.05,206.1,207.4,209.52,323793
2026-08-28,JYOTICNC,JYOTI CNC AUTOMATION LTD,1029.8,1048.0,1014.55,1039.4,1029.8,873856
2026-08-28,JYOTIRES,JYOTI RESINS & ADHESIVE L,897.15,904.55,873.0,879.65,890.55,5279
2026-08-28,JYOTISTRUC,JYOTI STRUCTURES LTD,10.23,10.36,10.06,10.14,10.19,2945954
2026-08-28,KJMCFIN,K J M C FINANCIAL SERV L,64.6,72.46,64.6,66.97,69.11,1211
2026-08-28,KMCSHIL,K M C SPECIALITY HOSP I L,138.6,139.58,136.62,138.05,138.18,82093
2026-08-28,KMSUGAR,K M SUGAR MILLS LTD,30.84,32.99,30.66,32.64,30.61,505957
2026-08-28,KPEL,K.P. ENERGY LIMITED,244.0,250.55,242.6,249.45,244.9,194393
2026-08-28,KABRAEXTRU,KABRA EXTRUSION TECHNIK L,590.0,612.15,578.3,603.5,589.6,278180
2026-08-28,KAJARIACER,KAJARIA CERAMICS LTD,1204.0,1229.9,1202.0,1215.5,1200.4,91389
2026-08-28,KAKATCEM,KAKATIYA CEM SUGAR &IND L,112.8,117.0,112.8,113.78,115.39,4787
2026-08-28,KALPATARU,KALPATARU LIMITED,275.0,279.8,274.0,276.45,274.15,54833
2026-08-28,KPIL,KALPATARU PROJECT INT LTD,1395.9,1404.9,1382.0,1386.3,1391.0,96391
2026-08-28,KALYANKJIL,KALYAN JEWELLERS IND LTD,633.0,635.5,613.0,615.8,629.3,7914847
2026-08-28,KALYANIFRG,KALYANI FORGE LIMITED,679.3,784.5,672.05,761.95,682.45,14670
2026-08-28,KICL,KALYANI INVEST CO LTD,5223.5,5259.5,5134.0,5180.0,5238.0,1041
2026-08-28,KSL,KALYANI STEELS LIMITED,881.3,932.0,880.55,888.35,881.3,198799
2026-08-28,KAMAHOLD,KAMA HOLDINGS LTD.,2398.4,2400.0,2370.0,2374.6,2389.4,4904
2026-08-28,KAMANWALA,KAMANWALA HOUSING CONST L,16.9,17.0,16.1,16.93,16.52,3706
2026-08-28,KAMATHOTEL,KAMAT HOTELS (I) LTD,237.0,241.11,227.21,228.3,236.51,78492
2026-08-28,KAMOPAINTS,KAMDHENU VENTURES LIMITED,4.63,4.65,4.45,4.5,4.54,99545
2026-08-28,KANANIIND,KANANI INDUSTRIES LTD,1.45,1.54,1.45,1.52,1.47,300568
2026-08-28,KANCHI,KANCHI KARPOORAM LTD.,415.5,435.0,404.2,422.3,420.0,4421
2026-08-28,KANCOTEA,KANCO TEA & INDS. LTD.,57.99,57.99,55.94,55.95,56.35,283
2026-08-28,KANPRPLA,KANPUR PLASTIPACK LIMITED,271.39,275.0,261.36,272.32,268.49,48314
2026-08-28,KANSAINER,KANSAI NEROLAC PAINTS LTD,198.44,200.01,194.93,195.77,198.44,219737
2026-08-28,KAPSTON,KAPSTON SERVICES LIMITED,504.7,566.4,504.7,559.2,501.0,242617
2026-08-28,KARMAENG,KARMA ENERGY LIMITED,37.51,43.2,37.51,38.84,38.05,8956
2026-08-28,KTKBANK,KARNATAKA BANK LIMITED,325.0,331.35,324.2,330.35,327.15,1698579
2026-08-28,KARURVYSYA,KARUR VYSYA BANK LTD,346.3,350.85,344.45,346.0,346.3,1302287
2026-08-28,KSCL,KAVERI SEED CO. LTD.,789.9,789.9,780.0,786.8,785.0,70765
2026-08-28,KAVDEFENCE,KAVVERI DFS & WIR TEC LTD,57.7,58.11,56.73,57.22,57.83,75324
2026-08-28,KAYNES,KAYNES TECHNOLOGY IND LTD,4035.1,4053.5,3930.3,3943.1,4018.8,673805
2026-08-28,KCP,KCP LTD,169.69,173.94,166.35,168.69,169.51,145640
2026-08-28,KDDL,KDDL LIMITED,3949.0,3972.4,3921.9,3936.9,3947.2,12866
2026-08-28,KEC,KEC INTL. LIMITED,421.0,427.0,421.0,425.8,421.4,486493
2026-08-28,KEI,KEI INDUSTRIES LTD.,5536.0,5570.0,5487.4,5570.0,5536.0,316313
2026-08-28,KELLTONTEC,KELLTON TECH SOL LTD,14.86,15.7,14.81,15.07,14.86,18231630
2026-08-28,KENNAMET,KENNAMETAL INDIA LIMITED,4505.0,4860.0,4472.5,4580.3,4515.1,97124
2026-08-28,KERNEX,KERNEX MICROSYS(I) LTD,1805.0,1828.9,1751.0,1800.0,1801.2,227048
2026-08-28,KKCL,KEWAL KIRAN CLOTHING LTD,501.05,508.3,492.5,507.05,498.2,46684
2026-08-28,KEYFINSERV,KEYNOTE FIN SERV LTD.,255.0,257.5,252.45,254.2,255.0,185
2026-08-28,RUSTOMJEE,KEYSTONE REALTORS LIMITED,383.8,383.8,378.1,380.3,381.8,15764
2026-08-28,KFINTECH,KFIN TECHNOLOGIES LIMITED,959.65,964.15,942.6,949.95,957.0,587920
2026-08-28,KHAITANLTD,KHAITAN (INDIA)LTD.,145.0,147.0,140.0,142.1,144.78,2714
2026-08-28,KHAICHEM,KHAITAN CHEM & FERT LTD,55.5,56.78,55.37,55.58,55.52,82431
2026-08-28,KHANDSE,KHANDWALA SECURITIES LTD,17.81,18.38,16.19,17.05,17.38,1305
2026-08-28,KLBRENG-B,KILBURN ENGINEERING LTD.,395.2,427.0,394.8,421.0,390.9,605979
2026-08-28,KINGFA,KINGFA SCI & TEC IND LTD.,5950.0,5975.0,5910.0,5947.0,5960.5,4643
2026-08-28,KIOCL,KIOCL LIMITED,384.0,389.15,382.35,386.55,382.8,44120
2026-08-28,KIRANVYPAR,KIRAN VYAPAR LTD.,197.0,202.58,196.0,198.24,200.62,1934
2026-08-28,KIRIINDUS,KIRI INDUSTRIES LIMITED,482.5,497.0,482.5,492.9,481.1,698220
2026-08-28,KIRLOSBROS,KIRLOSKAR BROTHERS LTD,1909.6,1920.2,1890.5,1914.7,1899.3,33445
2026-08-28,KECL,KIRLOSKAR ELECTRIC CO LTD,129.85,138.95,129.85,134.83,129.87,263151
2026-08-28,KIRLFER,KIRLOSKAR FERROUS IND LTD,447.5,452.05,441.1,449.85,447.6,24121
2026-08-28,KIRLOSIND,KIRLOSKAR INDUSTRIES LTD,3710.1,3757.6,3700.0,3715.1,3704.2,1628
2026-08-28,KIRLOSENG,KIRLOSKAR OIL ENG LTD,2119.4,2144.4,2090.4,2123.1,2100.2,332403
2026-08-28,KIRLPNU,KIRLOSKAR PNEUMATIC COM L,733.0,737.9,717.3,723.3,731.5,91054
2026-08-28,KITEX,KITEX GARMENTS LTD,128.76,130.6,127.05,128.4,129.86,295487
2026-08-28,KNAGRI,KN AGRI RESOURCES LIMITED,214.1,220.0,214.1,219.99,214.23,9223
2026-08-28,KNACK,KNACK PACKAGING LIMITED,192.89,195.97,192.05,192.61,192.05,341774
2026-08-28,KMEW,KNOWLEDGE MARINE & EN W L,2980.0,3080.0,2969.0,3051.9,2969.0,155002
2026-08-28,KNRCON,KNR CONSTRU LTD.,123.0,125.67,121.32,124.55,122.45,2939674
2026-08-28,KOHINOOR,KOHINOOR FOODS LIMITED,34.1,34.95,33.91,34.45,34.35,172391
2026-08-28,KOKUYOCMLN,KOKUYO CAMLIN LIMITED,81.0,81.9,80.02,80.18,81.21,13438
2026-08-28,KOLTEPATIL,KOLTE PATIL DEV. LTD.,450.0,452.85,443.5,448.2,447.95,46188
2026-08-28,GOLD1,KOTAK GOLD ETF,131.33,132.48,130.52,132.21,131.33,1407154
2026-08-28,KOTAKBANK,KOTAK MAHINDRA BANK LTD,424.6,426.2,421.0,423.7,424.2,18952918
2026-08-28,NIFTY1,KOTAK NIFTY ETF,268.32,268.9,267.16,268.17,268.32,28107
2026-08-28,PSUBANK,KOTAK PSU BANK,87.0,87.0,85.66,86.15,86.08,104999
2026-08-28,CHEMICAL,KOTAKMAMC - CHEMICAL,30.66,30.66,30.3,30.39,30.51,162213
2026-08-28,ALPHA,KOTAKMAMC - KOTAKALPHA,55.35,55.52,55.0,55.39,55.08,785101
2026-08-28,CONS,KOTAKMAMC - KOTAKCONS,12.34,12.34,12.21,12.28,12.32,23314
2026-08-28,IT,KOTAKMAMC - KOTAKIT,34.0,34.92,33.68,34.63,33.68,503340
2026-08-28,LIQUID1,KOTAKMAMC - KOTAKLIQ,1120.45,1120.47,1120.45,1120.45,1120.0,2787105
2026-08-28,LOWVOL1,KOTAKMAMC - KOTAKLOVOL,21.34,21.37,21.17,21.29,21.33,15820
2026-08-28,MIDCAP,KOTAKMAMC - KOTAKMID50,18.9,18.9,18.75,18.83,18.81,200209
2026-08-28,MNC,KOTAKMAMC - KOTAKMNC,34.39,34.39,33.9,33.97,34.05,31885
2026-08-28,SILVER1,KOTAKMAMC - KOTAKSILVE,23.4,23.51,22.85,23.42,22.97,8045756
2026-08-28,NV20,KOTAKMAMC - KTKNV20ETF,13.92,14.0,13.89,13.96,13.92,62956
2026-08-28,MID150,KOTAKMAMC - MID150,23.98,24.24,23.83,23.97,23.98,25876
2026-08-28,MOMENTUM30,KOTAKMAMC - MOMENTUM30,31.48,31.52,31.37,31.48,31.42,7839
2026-08-28,MSCIINDIA,KOTAKMAMC - MSCIINDIA,30.03,30.18,30.0,30.14,30.03,7823
2026-08-28,NEXT50ETF,KOTAKMAMC - NEXT50ETF,75.15,75.15,74.31,74.74,75.08,9336
2026-08-28,NIFTY100EW,KOTAKMAMC - NIFTY100EW,35.66,35.66,35.36,35.54,35.69,18378
2026-08-28,PVTBANK,KOTAKMAMC - PVTBANK,27.94,27.96,27.7,27.77,27.94,21964
2026-08-28,QUALITY30,KOTAKMAMC - QUALITY30,21.02,21.04,20.85,20.96,20.9,5936
2026-08-28,BANKNIFTY1,KOTAKMAMC-KOTAKBKETF,59.82,60.6,59.53,60.0,59.76,1030739
2026-08-28,KOTIC,KOTHARI INDUSTRIAL CORP L,149.0,153.65,149.0,150.19,149.0,9899
2026-08-28,KOTHARIPET,KOTHARI PETROCHEM LTD,132.0,133.78,130.86,131.15,131.52,23331
2026-08-28,KOTHARIPRO,KOTHARI PRODUCTS LTD,71.8,71.8,67.3,68.24,68.84,4461
2026-08-28,KOVAI,KOVAI MEDICAL CENTER & HO,6021.5,6094.0,6014.0,6032.5,6014.0,4637
2026-08-28,KPIGREEN,KPI GREEN ENERGY LIMITED,319.0,319.4,311.55,314.25,316.65,444520
2026-08-28,KPITTECH,KPIT TECHNOLOGIES LIMITED,590.0,613.45,589.4,609.4,588.0,5637989
2026-08-28,KPRMILL,KPR MILL LTD.,1129.4,1138.0,1100.6,1130.2,1126.5,270993
2026-08-28,KRBL,KRBL LIMITED,431.5,443.85,424.0,437.65,433.55,829333
2026-08-28,KREBSBIO,KREBS BIOCHEMICALS & IND,56.25,62.0,56.23,59.17,56.21,10318
2026-08-28,KRISHANA,KRISHANA PHOSCHEM LIMITED,191.05,194.22,189.57,192.91,191.92,561202
2026-08-28,KRISHIVAL,KRISHIVAL FOODS LIMITED,408.95,411.95,404.35,410.25,406.5,22511
2026-08-28,KRISHNADEF,KRISHNA DEF AND ALD IND L,1033.9,1036.0,1015.1,1019.8,1031.0,65359
2026-08-28,KIMS,KRISHNA INST OF MED SCI L,772.25,785.6,763.3,771.0,768.45,627500
2026-08-28,KRITI,KRITI INDUSTRIES IND LTD,64.99,64.99,61.99,62.71,64.08,21987
2026-08-28,KRITINUT,KRITI NUTRIENTS LIMITED,87.95,90.3,84.5,88.88,86.23,6203
2026-08-28,KRITIKA,KRITIKA WIRES LIMITED,5.55,5.55,5.36,5.46,5.44,103920
2026-08-28,KRN,KRN HEAT EXCHANGE N REF L,1542.0,1612.1,1539.9,1609.7,1535.4,314773
2026-08-28,KROSS,KROSS LIMITED,215.0,218.2,213.22,213.99,215.11,287407
2026-08-28,KRSNAA,KRSNAA DIAGNOSTICS LTD,558.5,569.4,555.4,564.05,557.7,43292
2026-08-28,KRYSTAL,KRYSTAL INTEGRATED SER L,652.0,652.0,639.0,646.05,648.35,6515
2026-08-28,KSB,KSB LIMITED,795.0,798.45,787.0,793.85,793.85,138338
2026-08-28,KSE,KSE LTD.,177.96,180.95,175.02,177.99,177.96,22498
2026-08-28,KSHINTL,KSH INTERNATIONAL LIMITED,967.9,970.0,946.05,963.85,962.35,154785
2026-08-28,KSHITIJPOL,KSHITIJ POLYLINE LIMITED,3.01,3.08,2.96,3.05,3.01,983386
2026-08-28,KSOLVES,KSOLVES INDIA LIMITED,274.5,274.5,265.05,269.35,267.85,34553
2026-08-28,KSR,KSR FOOTWEAR LIMITED,29.5,31.43,29.5,31.42,28.58,329368
2026-08-28,KUANTUM,KUANTUM PAPERS LIMITED,72.31,73.98,72.0,72.54,72.31,73864
2026-08-28,KUSUMGAR,KUSUMGAR LIMITED,571.45,573.7,557.85,563.1,572.35,404494
2026-08-28,KPL,KWALITY PHARMACEUTICALS L,3276.6,3338.4,3257.7,3314.3,3267.1,18523
2026-08-28,KWIL,KWALITY WALL'S (INDIA) L,46.52,47.47,45.2,45.55,46.35,18050967
2026-08-28,LKPSEC,L K P SECURITIES LTD.,15.45,15.87,15.21,15.44,15.63,7798
2026-08-28,LTF,L&T FINANCE LIMITED,322.0,322.4,314.3,314.3,321.9,2889242
2026-08-28,LTTS,L&T TECHNOLOGY SER. LTD.,3545.0,3603.0,3544.6,3568.7,3537.9,48168
2026-08-28,LAOPALA,LA OPALA RG LIMITED,169.91,179.9,168.3,175.95,169.92,551312
2026-08-28,LADDERUP,LADDERUP FINANCE LTD.,50.9,50.9,50.9,50.9,52.1,10
2026-08-28,LAGNAM,LAGNAM SPINTEX LIMITED,77.48,78.31,76.21,76.56,75.47,3982
2026-08-28,LAHOTIOV,LAHOTI OVERSEAS LTD.,41.1,42.0,40.5,40.71,41.72,6370
2026-08-28,LFIC,LAKSHMI FIN IND CORP LTD,139.0,139.4,136.7,137.6,136.56,362
2026-08-28,LAKSHMIMIL,LAKSHMI MILLS CO. LTD.,8300.0,8375.0,8288.0,8370.0,8298.0,9
2026-08-28,LALITHAA,LALITHAA JEWELLERY MART L,247.35,267.9,245.52,265.24,246.23,24374432
2026-08-28,LAMBODHARA,LAMBODHARA TEXTILES LTD.,144.0,145.7,137.24,138.48,140.71,31026
2026-08-28,LANCER,LANCER CONTAINER LINES L,11.96,11.96,11.45,11.5,11.64,207955
2026-08-28,LANCORHOL,LANCOR HOLDINGS LIMITED,33.0,34.49,32.36,33.93,30.86,1647306
2026-08-28,LANDMARK,LANDMARK CARS LIMITED,510.2,513.95,501.0,503.35,506.15,83915
2026-08-28,LPDC,LANDMARK PR.DEV.CO.LTD,6.76,6.99,6.58,6.93,6.7,108365
2026-08-28,LANDSMILL,LANDSMILL GREEN LIMITED,0.7,0.7,0.69,0.69,0.69,1303618
2026-08-28,LT,LARSEN & TOUBRO LTD.,4045.0,4060.0,4021.3,4045.8,4027.0,893956
2026-08-28,LASA,LASA SUPERGENERICS LTD,7.0,7.42,6.85,6.99,6.97,69589
2026-08-28,LASERPOWER,LASER POWER & INFRA LTD,320.05,327.9,318.45,325.65,319.6,466158
2026-08-28,LATENTVIEW,LATENT VIEW ANALYTICS LTD,276.0,284.6,275.2,279.6,275.25,539539
2026-08-28,LATTEYS,LATTEYS INDUSTRIES LTD,22.99,23.39,22.03,22.19,22.2,54079
2026-08-28,LAURUSLABS,LAURUS LABS LIMITED,1929.7,1938.5,1910.1,1938.5,1929.4,2231476
2026-08-28,LAXMICOT,LAXMI COTSPIN LIMITED,14.19,14.19,13.35,13.42,13.83,18723
2026-08-28,LAXMIDENTL,LAXMI DENTAL LIMITED,196.27,202.0,194.89,199.78,194.82,76144
2026-08-28,LGHL,LAXMI GOLDORNA HOUSE LTD,170.0,183.6,170.0,173.45,179.9,14592
2026-08-28,LAXMIINDIA,LAXMI INDIA FINANCE LTD,123.39,127.65,122.11,126.29,122.5,126472
2026-08-28,LXCHEM,LAXMI ORGANIC INDUS LTD,168.95,172.8,167.95,171.34,167.47,563267
2026-08-28,LCCINFOTEC,LCC INFOTECH LTD,3.58,3.85,3.5,3.68,3.53,143489
2026-08-28,LEMERITE,LE MERITE EXPORTS LIMITED,22.49,22.49,20.8,20.97,21.81,195943
2026-08-28,IXIGO,LE TRAVENUES TECHNOLOGY L,164.73,167.91,163.0,163.36,162.83,879086
2026-08-28,LEAPIND,LEAP INDIA LIMITED,162.48,169.8,161.85,168.4,161.77,8859488
2026-08-28,LEENEE,LEE & NEE SOFTWARES (E) L,10.06,10.47,9.51,10.25,9.82,33254
2026-08-28,THELEELA,LEELA PALACES HOTEL LTD,551.5,560.95,547.55,555.25,553.8,455524
2026-08-28,LEMONTREE,LEMON TREE HOTELS LTD,105.5,108.8,105.12,108.53,107.69,9179975
2026-08-28,LENSKART,LENSKART SOLUTIONS LTD,645.0,648.0,635.75,636.15,640.6,6054352
2026-08-28,LEXUS,LEXUS GRANITO (INDIA) LTD,13.44,13.6,12.82,13.03,13.07,25357
2026-08-28,LGBBROSLTD,LG BALAKRISHNAN & BROS,1692.0,1724.6,1675.1,1717.7,1684.4,32810
2026-08-28,LGEINDIA,LG ELECTRONICS INDIA LTD,1700.0,1719.2,1682.7,1691.4,1700.4,753223
2026-08-28,LIBAS,LIBAS CONSU PRODUCTS LTD,10.48,11.0,10.15,10.46,10.47,26728
2026-08-28,LIBERTSHOE,LIBERTY SHOES LTD,245.1,247.95,243.05,244.35,245.1,10075
2026-08-28,LICHSGFIN,LIC HOUSING FINANCE LTD,536.0,543.0,531.75,535.0,535.5,4033348
2026-08-28,LICMFGOLD,LIC MF - LIC GOLD ETF,141.35,142.6,140.2,142.0,141.35,81378
2026-08-28,LICNETFN50,LICNAMC - LICNFENGP,278.51,278.51,269.95,271.55,271.72,309
2026-08-28,LICNETFSEN,LICNAMC - LICNFESGP,875.63,875.92,873.4,873.4,874.9,5
2026-08-28,LICNFNHGP,LICNAMC - LICNFNHGP,278.73,282.2,276.74,277.75,278.67,759
2026-08-28,LICNETFGSC,LICNAMC - LICNMFET,29.69,29.69,29.46,29.59,29.69,7872
2026-08-28,LICNMID100,LICNAMC - LICNMID100,64.8,65.11,63.89,64.21,64.27,14789
2026-08-28,LICI,LIFE INSURA CORP OF INDIA,416.8,422.0,409.5,422.0,413.95,16058167
2026-08-28,LIKHITHA,LIKHITHA INFRASTRUC LTD,208.87,212.0,208.2,208.88,212.02,29394
2026-08-28,LINC,LINC LIMITED,95.21,97.09,94.6,95.54,95.04,24522
2026-08-28,LINCOLN,LINCOLN PHARMA LTD,616.0,617.85,603.05,614.95,614.0,21598
2026-08-28,LINDEINDIA,LINDE INDIA LIMITED,6549.0,6549.5,6491.0,6504.0,6549.0,9814
2026-08-28,LLOYDSENGG,LLOYDS ENGG WORK LIMITED,87.5,87.85,86.02,86.74,87.56,3159675
2026-08-28,LLOYDSENT,LLOYDS ENTERPRISES LTD,72.6,74.52,71.69,73.53,72.94,2941824
2026-08-28,LLOYDSME,LLOYDS METALS N ENERGY L,1800.9,1850.0,1798.4,1810.2,1798.5,428526
2026-08-28,LMW,LMW LIMITED,19286.0,19286.0,18795.0,18901.0,19132.0,2505
2026-08-28,LODHA,LODHA DEVELOPERS LIMITED,1260.0,1274.0,1248.5,1274.0,1246.3,995058
2026-08-28,LCL,LOHIA CORP LIMITED,569.95,576.0,556.3,565.1,566.0,339182
2026-08-28,LORDSCHLO,LORDS CHLORO ALKALI LTD,139.66,145.42,136.51,140.25,139.42,23683
2026-08-28,LAL,LORENZINI APPARELS LTD,8.95,10.29,8.8,9.06,8.98,58396
2026-08-28,LOTUSCHO,LOTUS CHOCOLATE CO. LTD.,615.0,622.9,612.0,614.35,618.7,1278
2026-08-28,LOTUSEYE,LOTUS EYE HOSP & INST L,113.02,114.2,108.8,110.52,112.63,32816
2026-08-28,LOVABLE,LOVABLE LINGERIE LTD,71.22,75.5,71.07,74.66,72.51,32684
2026-08-28,LOYALTEX,LOYAL TEXTILE MILLS LTD,257.79,257.79,221.01,226.02,218.9,4243
2026-08-28,LTFOODS,LT FOODS LIMITED,437.8,444.95,436.0,439.35,437.85,403175
2026-08-28,LTM,LTM LIMITED,4500.9,4700.0,4500.9,4675.0,4464.0,1148000
2026-08-28,LUMAXTECH,LUMAX AUTO TECH LTD,1939.2,2000.0,1928.1,1985.5,1930.6,235382
2026-08-28,LUMAXIND,LUMAX INDUSTRIES LTD,6122.0,6140.0,6025.0,6071.0,6094.5,6056
2026-08-28,LUPIN,LUPIN LIMITED,2164.9,2179.8,2153.0,2171.5,2158.1,348121
2026-08-28,LUXIND,LUX INDUSTRIES LIMITED,1196.0,1227.7,1186.2,1199.5,1201.0,22393
2026-08-28,MBEL,M AND B ENGINEERING LTD,275.25,276.55,270.0,271.35,273.3,60889
2026-08-28,MKEXIM,M K EXIM (INDIA) LTD.,64.01,64.9,60.1,62.6,64.3,31078
2026-08-28,MKPL,M K PROTEINS LIMITED,4.19,4.19,4.11,4.13,4.11,79759
2026-08-28,MCL,M TEK COPPER LIMITED,57.15,59.58,57.15,59.17,57.77,61746
2026-08-28,M&MFIN,M&M FIN. SERVICES LTD,383.35,384.35,375.2,376.6,383.35,886148
2026-08-28,MAANALU,MAAN ALUMINIUM LIMITED,121.8,121.95,116.61,120.43,116.68,34831
2026-08-28,MCCHRLS-B,MAC CHARLES (INDIA) LTD.,697.95,697.95,680.0,687.8,680.0,46
2026-08-28,MACPOWER,MACPOWER CNC MACHINES LTD,1897.5,2050.0,1876.0,2007.1,1868.8,103809
2026-08-28,MADHAVIPL,MADHAV INFRA PROJECTS L,8.12,8.45,8.12,8.21,8.12,229567
2026-08-28,MADHAV,MADHAV MARBLE & GRANITE,35.39,35.4,34.21,34.31,35.19,1131
2026-08-28,MBAPL,MADHYA BHARAT AGRO P. LTD,164.25,164.66,160.66,162.94,162.78,637478
2026-08-28,MADRASFERT,MADRAS FERTILISERS LTD,68.01,69.02,67.01,67.43,67.97,60820
2026-08-28,MAFATIND,MAFATLAL INDUSTRIES LTD.,121.51,124.0,120.61,123.4,120.73,29417
2026-08-28,MAGADSUGAR,MAGADH SUGAR & ENERGY LTD,552.95,590.35,552.95,584.15,551.0,71010
2026-08-28,MCLOUD,MAGELLANIC CLOUD LIMITED,27.89,28.09,27.1,27.47,27.79,1705240
2026-08-28,MAGNUM,MAGNUM VENTURES LTD.,19.57,19.57,18.91,19.04,19.25,6773
2026-08-28,MAHAPEXLTD,MAHA RASHTRA APEX COPR. L,55.0,56.96,53.5,54.2,55.95,9015
2026-08-28,MFML,MAHALAXMI FABRIC MILLS LT,18.62,19.3,18.5,18.55,18.53,620
2026-08-28,MGL,MAHANAGAR GAS LTD.,1094.0,1107.8,1089.0,1092.6,1092.8,270473
2026-08-28,MTNL,MAHANAGAR TELEPHONE NIGAM,26.55,28.26,26.46,27.25,26.56,3912822
2026-08-28,MAHSCOOTER,MAHARASHTRA SCOOTERS LTD,13699.0,13934.0,13561.0,13696.0,13564.0,5667
2026-08-28,MAHSEAMLES,MAHARASHTRA SEAMLESS LTD,643.0,667.85,642.95,661.7,642.05,550119
2026-08-28,M&M,MAHINDRA & MAHINDRA LTD,3331.0,3351.7,3302.0,3334.0,3330.0,1744074
2026-08-28,MAHEPC,MAHINDRA EPC IRRIG LTD,106.94,107.87,104.5,105.47,106.86,23453
2026-08-28,MHRIL,MAHINDRA HOLIDAYS LTD,211.65,215.8,209.9,211.39,211.23,149497
2026-08-28,MAHLIFE,MAHINDRA LIFESPACE DEVLTD,369.85,371.8,367.0,367.55,368.65,27344
2026-08-28,MAHLOG,MAHINDRA LOGISTIC LIMITED,392.35,395.5,388.5,392.75,391.6,85642
2026-08-28,MAITHANALL,MAITHAN ALLOYS LTD,1000.5,1002.0,974.65,982.15,994.8,33450
2026-08-28,MAKERSL,MAKERS LABORATORIES LTD.,206.0,206.11,195.02,198.73,206.11,6128
2026-08-28,MALLCOM,MALLCOM (INDIA) LIMITED,974.75,1014.95,968.05,1000.05,973.4,3165
2026-08-28,MALUPAPER,MALU PAPER MILLS LIMITED,32.0,32.59,31.61,32.04,32.25,4291
2026-08-28,MAMATA,MAMATA MACHINERY LIMITED,402.0,405.0,398.4,400.05,403.5,82152
2026-08-28,MANAKCOAT,MAN COAT METAL & IND LTD,121.33,125.49,121.15,122.85,121.09,333746
2026-08-28,MANINDS,MAN INDUSTRIES (I) LTD.,777.55,778.95,748.0,768.2,767.45,985437
2026-08-28,MANINFRA,MAN INFRA LTD,116.02,123.45,116.02,122.81,115.46,7397297
2026-08-28,MANAKALUCO,MANAK ALUMINIUM CO. LTD.,38.71,39.74,37.92,39.39,39.1,58604
2026-08-28,MANAKSIA,MANAKSIA LTD.,57.05,59.06,56.89,58.13,56.89,61674
2026-08-28,MANAKSTEEL,MANAKSIA STEELS LTD,93.39,94.79,90.88,94.79,90.28,244759
2026-08-28,MANALIPETC,MANALI PETROCHEMICALS LT,70.99,74.14,70.64,73.36,70.8,688296
2026-08-28,MANAPPURAM,MANAPPURAM FINANCE LTD,348.15,351.15,346.15,348.9,348.0,1893238
2026-08-28,MANBA,MANBA FINANCE LIMITED,129.87,132.0,129.0,130.81,129.93,60090
2026-08-28,MANBRO,MANBRO INDUSTRIES LTD.,60.95,60.95,58.97,59.64,60.51,77984
2026-08-28,MANCREDIT,MANGAL CREDIT N FINCORP L,232.5,256.0,232.5,247.65,229.52,437371
2026-08-28,MEIL,MANGAL ELECTRICAL IND L,307.0,308.0,296.95,299.4,304.3,75243
2026-08-28,MANGLMCEM,MANGALAM CEMENT LTD,1084.0,1084.0,1050.4,1062.9,1058.2,103225
2026-08-28,MANGALAM,MANGALAM DRUG & CHEM LTD,32.0,32.83,29.1,31.94,32.15,61865
2026-08-28,MANORG,MANGALAM ORGANICS LIMITED,505.1,517.5,499.8,510.6,500.0,8802
2026-08-28,MSL,MANGALAM SEEDS LTD.,147.0,147.0,147.0,147.0,147.0,10
2026-08-28,MWL,MANGALAM WORLDWIDE LTD,40.01,40.01,39.21,39.53,40.01,129680
2026-08-28,MANIPALHOS,MANIPAL HEALTH ENTERPRI L,814.0,815.0,768.0,771.65,797.95,2108677
2026-08-28,MANKIND,MANKIND PHARMA LIMITED,2419.0,2422.1,2370.0,2382.9,2417.5,190737
2026-08-28,MVGJL,MANOJ VAIBHAV GEM N JEW L,153.0,157.2,153.0,154.84,153.77,40954
2026-08-28,MANOMAY,MANOMAY TEX INDIA LTD,227.78,227.8,223.8,225.93,227.91,241205
2026-08-28,MANORAMA,MANORAMA INDUSTRIES LTD,1898.5,1907.5,1872.0,1889.4,1887.2,115933
2026-08-28,MARALOVER,MARAL OVERSEAS LTD,56.99,57.4,55.6,56.65,56.27,4078
2026-08-28,MARATHON,MARATHON NXTGEN REALT LTD,430.15,430.15,418.25,421.55,428.75,58874
2026-08-28,MARICO,MARICO LIMITED,832.1,840.7,826.45,829.65,833.5,2455289
2026-08-28,MARINE,MARINE ELECTRICAL (I) LTD,376.25,412.15,376.25,406.8,374.1,2596284
2026-08-28,MARKOLINES,MARKOLINES PAVEMENT TEC L,172.81,173.85,171.2,171.92,172.74,163793
2026-08-28,MARKSANS,MARKSANS PHARMA LIMITED,326.15,335.45,324.05,329.7,326.15,1463661
2026-08-28,MARSONS,MARSONS LIMITED,126.4,136.5,125.3,133.17,125.54,4963629
2026-08-28,MARUTI,MARUTI SUZUKI INDIA LTD.,13500.0,13525.0,13318.0,13376.0,13440.0,277509
2026-08-28,MASFIN,MAS FINANCIAL SERV LTD,295.5,297.6,290.6,294.4,295.5,550606
2026-08-28,MASKINVEST,MASK INVESTMENTS LIMITED,147.76,147.76,145.0,145.0,146.3,7
2026-08-28,MASTEK,MASTEK LTD,1615.0,1933.9,1615.0,1901.4,1611.6,5449060
2026-08-28,MASTERTR,MASTER TRUST LIMITED,82.85,83.61,82.48,82.68,83.34,132504
2026-08-28,MATRIMONY,MATRIMONY.COM LIMITED,512.1,519.05,511.5,515.0,515.45,7035
2026-08-28,MAWANASUG,MAWANA SUGARS LIMITED,144.0,151.28,141.1,147.94,141.67,494282
2026-08-28,MAXESTATES,MAX ESTATES LIMITED,560.0,560.0,529.0,539.05,558.45,154812
2026-08-28,MFSL,MAX FINANCIAL SERV LTD,1571.9,1588.3,1553.6,1564.4,1568.0,305746
2026-08-28,MAXHEALTH,MAX HEALTHCARE INS LTD,1009.1,1017.5,1001.8,1014.1,1009.0,1811091
2026-08-28,MAXIND,MAX INDIA LIMITED,151.6,154.79,149.2,150.4,150.48,33498
2026-08-28,MAYURUNIQ,MAYUR UNIQUOTERS LTD,753.9,774.5,745.1,766.9,749.4,86499
2026-08-28,MAZDOCK,MAZAGON DOCK SHIPBUIL LTD,2583.0,2596.0,2543.0,2555.0,2588.0,388879
2026-08-28,MBLINFRA,MBL INFRASTRUCTURE LTD,22.5,23.75,22.0,23.27,22.62,45515
2026-08-28,MCLEODRUSS,MCLEOD RUSSEL INDIA LTD.,49.15,50.5,48.5,49.81,49.17,199015
2026-08-28,MEDIASSIST,MEDI ASSIST HEALTH SER L,337.55,340.0,331.25,333.8,337.25,164861
2026-08-28,MEDICAPQ,MEDI CAPS LTD.,25.58,26.5,25.0,25.91,25.5,1313
2026-08-28,MMWL,MEDIA MATRIX WORLDWIDE L,14.65,15.6,14.65,14.81,14.97,9034
2026-08-28,MEDICAMEQ,MEDICAMEN BIOTECH LIMITED,231.13,251.0,220.0,248.88,230.74,71552
2026-08-28,MEDICO,MEDICO REMEDIES LIMITED,43.62,43.62,42.0,42.41,43.31,166991
2026-08-28,MEDPLUS,MEDPLUS HEALTH SERV LTD,688.35,695.0,674.3,676.35,688.35,85619
2026-08-28,MEESHO,MEESHO LIMITED,203.85,210.0,201.82,208.63,207.64,9520098
2026-08-28,MEGASTAR,MEGASTAR FOODS LIMITED,318.0,318.0,308.2,311.6,309.2,2700
2026-08-28,MOL,MEGHMANI ORGANICS LIMITED,60.56,61.9,60.29,60.94,60.29,885447
2026-08-28,MIIL,MEGHNA INFRACON INFRA L,724.5,727.0,689.05,709.95,718.75,94256
2026-08-28,MENNPIS,MENON PISTONS LTD.,77.0,77.19,73.0,73.97,74.59,78947
2026-08-28,MERCANTILE,MERCANTILE VENTURES LTD.,24.83,25.26,23.57,24.99,24.71,107
2026-08-28,MERCURYEV,MERCURY EV-TECH LIMITED,39.12,39.69,38.4,38.67,38.93,59148
2026-08-28,METROBRAND,METRO BRANDS LIMITED,915.2,940.0,915.2,936.7,921.7,32396
2026-08-28,METROGLOBL,METROGLOBAL LTD.,135.51,140.0,134.14,139.93,135.07,1100
2026-08-28,METROPOLIS,METROPOLIS HEALTHCARE LTD,583.15,602.0,581.25,588.45,576.9,687298
2026-08-28,MIDWESTLTD,MIDWEST LIMITED,1114.4,1127.0,1101.0,1106.6,1114.4,17134
2026-08-28,MLKFOOD,MILKFOOD LTD.,86.01,89.98,85.65,86.71,86.87,4729
2026-08-28,MILKYMIST,MILKY MIST DAIRY FOOD L,215.0,217.26,210.1,214.31,217.31,14621198
2026-08-28,MINDACORP,MINDA CORPORATION LTD,692.65,707.75,691.1,702.8,690.65,348343
2026-08-28,MINDTECK,MINDTECK (INDIA) LIMITED,172.4,179.4,172.0,176.4,172.4,41663
2026-08-28,ALPHAETF,MIRAEAMC - ALPHAETF,27.36,27.41,27.22,27.31,27.4,260843
2026-08-28,BANKETF,MIRAEAMC - BANKETF,587.54,588.11,584.84,585.97,587.54,13548
2026-08-28,BANKPSU,MIRAEAMC - BANKPSU,86.6,86.87,86.41,86.63,86.7,9490
2026-08-28,CONSUMER,MIRAEAMC - CONSUMER,12.07,12.34,12.07,12.23,12.31,116527
2026-08-28,DEFENCE,MIRAEAMC - DEFENCE,82.77,82.77,81.89,82.34,82.74,302122
2026-08-28,DIVIDEND,MIRAEAMC - DIVIDEND,35.61,35.93,35.6,35.82,35.57,33710
2026-08-28,ENERGY,MIRAEAMC - ENERGY,39.06,39.06,38.15,38.23,38.29,232113
2026-08-28,EQUAL200,MIRAEAMC - EQUAL200,14.04,14.05,13.96,13.99,14.02,16273
2026-08-28,EQUAL50,MIRAEAMC - EQUAL50,334.5,334.58,333.41,334.29,334.28,4997
2026-08-28,EVINDIA,MIRAEAMC - EVINDIA,34.33,34.33,33.41,33.58,33.5,263880
2026-08-28,HEALTHCARE,MIRAEAMC - HEALTHCARE,22.24,22.24,21.8,21.89,21.8,30792
2026-08-28,HYBRIDETF,MIRAEAMC - HYBRIDETF,10.24,10.24,10.15,10.19,10.19,18329
2026-08-28,INFRA,MIRAEAMC - INFRA,12.18,12.19,12.1,12.13,12.18,26340
2026-08-28,INTERNET,MIRAEAMC - INTERNET,14.83,15.33,14.65,14.66,14.76,700673
2026-08-28,ITETF,MIRAEAMC - ITETF,32.5,33.21,32.07,33.08,32.07,467295
2026-08-28,LARGEMID50,MIRAEAMC - LARGEMID50,36.8,36.88,36.7,36.87,36.86,3301
2026-08-28,LIQUID,MIRAEAMC - LIQUID,999.99,1000.0,999.99,999.99,999.99,222659
2026-08-28,LIQUIDPLUS,MIRAEAMC - LIQUIDPLUS,1101.09,1101.11,1101.09,1101.1,1100.65,160545
2026-08-28,ESG,MIRAEAMC - MAESGETF,41.48,41.61,41.35,41.5,41.53,7927
2026-08-28,MAFANG,MIRAEAMC - MAFANG,207.13,207.13,207.13,207.13,206.55,59201
2026-08-28,BFSI,MIRAEAMC - MAFSETF,28.09,28.09,27.22,27.31,27.41,78704
2026-08-28,GOLDETF,MIRAEAMC - MAGOLDETF,152.49,154.24,150.01,153.76,153.09,1124814
2026-08-28,GSEC10YEAR,MIRAEAMC - MAGS813ETF,30.73,30.73,30.33,30.63,30.73,571
2026-08-28,MAHKTECH,MIRAEAMC - MAHKTECH,22.57,22.75,22.5,22.75,22.57,274749
2026-08-28,MIDCAPETF,MIRAEAMC - MAM150ETF,24.02,24.33,24.01,24.07,24.02,1474597
2026-08-28,MAKEINDIA,MIRAEAMC - MAMFGETF,169.04,169.05,167.79,168.4,168.87,67914
2026-08-28,NIFTYETF,MIRAEAMC - MAN50ETF,260.26,263.69,260.26,262.96,262.89,157363
2026-08-28,LOWVOL,MIRAEAMC - MANV30F,208.04,208.17,207.6,208.13,207.87,519
2026-08-28,NEXT50,MIRAEAMC - MANXT50,767.0,768.74,763.0,763.78,768.67,21668
2026-08-28,SILVERAG,MIRAEAMC - MASILVER,230.6,235.66,229.99,234.83,230.77,442736
2026-08-28,MASPTOP50,MIRAEAMC - MASPTOP50,79.78,79.78,79.78,79.78,79.96,15883
2026-08-28,METAL,MIRAEAMC - METAL,13.65,13.67,13.53,13.6,13.56,1425857
2026-08-28,MIDSMALL,MIRAEAMC - MIDSMALL,52.62,52.79,52.46,52.75,52.48,364235
2026-08-28,MOMMIDCAP,MIRAEAMC - MOMMIDCAP,13.3,13.32,13.22,13.27,13.29,1723081
2026-08-28,MULTICAP,MIRAEAMC - MULTICAP,16.89,16.95,16.86,16.89,16.89,73472
2026-08-28,SELECTIPO,MIRAEAMC - SELECTIPO,49.31,49.32,49.01,49.14,49.31,58426
2026-08-28,SENSEXETF,MIRAEAMC - SENSEXETF,79.74,80.0,79.52,79.82,79.8,50588
2026-08-28,SMALL250,MIRAEAMC - SMALL250,18.84,18.84,18.53,18.56,18.47,334042
2026-08-28,SMALLCAP,MIRAEAMC - SMALLCAP,49.12,49.34,49.09,49.15,49.11,1760899
2026-08-28,TOP20,MIRAEAMC - TOP20,8.95,9.01,8.95,8.98,8.95,44084
2026-08-28,VALUE,MIRAEAMC - VALUE,16.19,16.19,16.11,16.17,16.13,8030
2026-08-28,MIRZAINT,MIRZA INTERNATIONAL LIMIT,31.71,32.3,31.42,31.83,31.56,71922
2026-08-28,MIDHANI,MISHRA DHATU NIGAM LTD,419.9,420.5,416.0,417.75,418.3,231448
2026-08-28,MITTAL,MITTAL LIFE STYLE LIMITED,0.86,0.86,0.75,0.83,0.85,1129631
2026-08-28,MMFL,MM FORGINGS LTD,627.85,654.8,624.1,641.7,625.8,173695
2026-08-28,MMP,MMP INDUSTRIES LIMITED,403.45,419.8,402.75,404.4,403.45,60928
2026-08-28,MMTC,MMTC LIMITED,63.55,63.79,63.0,63.07,63.51,1025217
2026-08-28,MODTHREAD,MODERN THREADS INDIA LTD,53.05,55.0,51.01,53.51,55.68,8784
2026-08-28,MODIRUBBER,MODI RUBBER LTD,132.47,137.13,132.4,132.63,132.47,1637
2026-08-28,MODIS,MODIS NAVNIRMAN LTD,379.8,383.5,375.6,377.45,379.7,50349
2026-08-28,MOHITIND,MOHIT INDUSTRIES LTD,25.05,25.05,24.53,24.69,25.07,2376
2026-08-28,MOHITE,MOHITE INDUSTRIES LTD.,2.64,3.16,2.6,2.95,2.64,843639
2026-08-28,MOIL,MOIL LIMITED,260.95,262.55,257.1,258.25,260.95,617417
2026-08-28,MOKSH,MOKSH ORNAMENTS LIMITED,10.06,11.5,10.01,10.69,10.08,1086495
2026-08-28,MOLBIO,MOLBIO DIAGNOSTICS LTD,1153.95,1156.1,1077.5,1094.75,1144.15,980898
2026-08-28,MOLDTKPAC,MOLD-TEK PACKAGING LTD,700.0,703.6,688.0,691.2,702.2,75305
2026-08-28,MONARCH,MONARCH NETWORTH CAP LTD,375.0,380.0,373.5,376.6,374.7,62695
2026-08-28,MONEYBOXX,MONEYBOXX FINANCE LIMITED,56.98,57.5,56.0,56.97,56.0,5774
2026-08-28,MONTECARLO,MONTE CARLO FASHIONS LTD.,532.05,543.8,528.95,539.55,528.4,43022
2026-08-28,MOREPENLAB,MOREPEN LAB. LTD,96.74,106.37,96.06,106.19,96.7,39001643
2026-08-28,MOSCHIP,MOSCHIP TECHNOLOGIES LTD,220.0,223.54,218.5,219.77,219.36,2669474
2026-08-28,MSUMI,MOTHERSON SUMI WRNG IND L,37.92,37.98,37.53,37.74,37.92,6037911
2026-08-28,MOM100,MOTILAL OS MIDCAP100 ETF,69.26,69.78,68.4,69.12,69.22,270059
2026-08-28,MON100,MOTILAL OS NASDAQ100 ETF,327.1,327.1,327.1,327.1,326.94,337871
2026-08-28,MOTILALOFS,MOTILAL OSWAL FIN LTD,1034.0,1053.0,1027.15,1038.3,1038.1,554756
2026-08-28,MOM50,MOTILAL OSWAL M50 ETF,256.07,256.07,252.49,253.6,256.07,10009
2026-08-28,MOGSEC,MOTILALAMC - G5,65.4,65.4,65.07,65.11,65.39,1587
2026-08-28,MOALPHA50,MOTILALAMC - MOALPHA50,57.35,57.89,56.97,57.48,57.1,20603
2026-08-28,MOBANK10,MOTILALAMC - MOBANK10,16.95,16.99,16.83,16.85,16.95,4668
2026-08-28,MOCAPITAL,MOTILALAMC - MOCAPITAL,56.4,56.4,54.67,55.39,55.03,1768640
2026-08-28,MODEFENCE,MOTILALAMC - MODEFENCE,108.36,108.38,106.52,106.85,107.31,731681
2026-08-28,MOENERGY,MOTILALAMC - MOENERGY,38.67,38.67,38.15,38.16,38.3,143411
2026-08-28,MOGOLD,MOTILALAMC - MOGOLD,155.95,157.05,154.5,156.85,155.35,13846
2026-08-28,MOHEALTH,MOTILALAMC - MOHEALTH,51.99,52.51,51.34,52.45,51.83,47802
2026-08-28,MOINFRA,MOTILALAMC - MOINFRA,58.8,60.5,58.55,59.36,58.99,6358
2026-08-28,MOIPO,MOTILALAMC - MOIPO,49.2,49.4,49.02,49.26,49.2,2973
2026-08-28,MOLOWVOL,MOTILALAMC - MOLOWVOL,36.58,37.5,36.3,36.61,36.62,51935
2026-08-28,MOMENTUM50,MOTILALAMC - MOMENTUM50,55.19,55.64,55.12,55.46,55.2,384299
2026-08-28,MOMETAL,MOTILALAMC - MOMETAL,13.5,13.68,13.44,13.62,13.48,12835
2026-08-28,MOMGF,MOTILALAMC - MOMGF,165.65,166.0,165.12,165.12,165.65,84
2026-08-28,MOMIDMTM,MOTILALAMC - MOMIDMTM,66.97,66.97,65.41,65.49,65.68,33165
2026-08-28,MOMNC,MOTILALAMC - MOMNC,33.15,33.15,33.03,33.05,33.15,517
2026-08-28,MOMOMENTUM,MOTILALAMC - MOMOMENTUM,63.78,63.8,63.32,63.5,63.58,56728
2026-08-28,MON50EQUAL,MOTILALAMC - MON50EQUAL,33.56,33.75,33.45,33.71,33.52,2128
2026-08-28,MONEXT50,MOTILALAMC - MONEXT50,74.59,74.94,73.77,74.02,74.59,6962
2026-08-28,MONIFTY100,MOTILALAMC - MONIFTY100,25.57,25.58,25.49,25.5,25.62,5216
2026-08-28,MONIFTY500,MOTILALAMC - MONIFTY500,24.69,24.69,23.48,24.11,24.09,293035
2026-08-28,MONQ50,MOTILALAMC - MONQ50,146.37,146.37,146.37,146.37,146.52,21810
2026-08-28,MOOILGAS,MOTILALAMC - MOOILGAS,11.32,11.32,11.05,11.11,11.1,3738
2026-08-28,MOPSE,MOTILALAMC - MOPSE,98.5,98.88,98.5,98.57,99.02,1057
2026-08-28,MOQUALITY,MOTILALAMC - MOQUALITY,203.36,203.6,201.56,201.57,202.4,7347
2026-08-28,MOREALTY,MOTILALAMC - MOREALTY,92.18,92.18,90.69,90.82,91.27,332230
2026-08-28,MOSERVICE,MOTILALAMC - MOSERVICE,31.1,31.23,30.95,31.22,31.01,926
2026-08-28,MOSILVER,MOTILALAMC - MOSILVER,234.19,238.95,233.67,237.69,234.19,29997
2026-08-28,MOSMALL250,MOTILALAMC - MOSMALL250,18.07,18.64,18.07,18.55,18.54,777493
2026-08-28,MOTOUR,MOTILALAMC - MOTOUR,79.39,79.39,78.6,78.7,79.39,23997
2026-08-28,MOVALUE,MOTILALAMC - MOVALUE,113.47,113.56,112.92,113.08,113.47,108609
2026-08-28,MOTISONS,MOTISONS JEWELLERS LTD,16.44,16.73,16.11,16.64,16.27,23963671
2026-08-28,MPHASIS,MPHASIS LIMITED,2426.3,2482.0,2425.1,2455.0,2413.6,956656
2026-08-28,MPSLTD,MPS LIMITED,2660.2,2699.0,2647.0,2677.9,2660.2,13645
2026-08-28,MRF,MRF LTD,133600.0,134000.0,131910.0,132080.0,133600.0,2262
2026-08-28,MRPL,MRPL,171.0,172.4,168.0,168.53,170.8,2978571
2026-08-28,BECTORFOOD,MRS BECTORS FOOD SPE LTD,240.0,241.28,230.29,232.87,238.12,1011561
2026-08-28,MSPL,MSP STEEL & POWER LTD.,34.99,36.7,34.63,36.39,34.59,1767980
2026-08-28,MSTCLTD,MSTC LIMITED,718.6,734.4,705.1,729.65,722.25,337402
2026-08-28,MUFIN,MUFIN GREEN FINANCE LTD,136.5,140.9,135.4,138.27,135.95,1428754
2026-08-28,MUKANDLTD,MUKAND LTD.,136.01,138.0,135.5,137.27,136.26,41044
2026-08-28,MUKESHB,MUKESH BABU FINANC SER L,145.0,145.95,145.0,145.83,145.95,828
2026-08-28,MUKKA,MUKKA PROTEINS LIMITED,25.25,25.7,24.95,25.06,25.29,268612
2026-08-28,MCX,MULTI COMMODITY EXCHANGE,3273.1,3339.0,3245.0,3332.0,3273.0,1360874
2026-08-28,MUNJALAU,MUNJAL AUTO IND. LTD.,112.31,113.5,111.16,112.4,111.42,480682
2026-08-28,MUNJALSHOW,MUNJAL SHOWA LTD,132.52,132.8,130.5,130.97,131.27,21024
2026-08-28,MURUDCERA,MURUDESHWAR CERAMICS LTD,30.6,30.9,30.15,30.69,30.65,20408
2026-08-28,RADIOCITY,MUSIC BROADCAST LIMITED,6.6,6.87,6.45,6.56,6.57,40611
2026-08-28,MUTHOOTCAP,MUTHOOT CAP SERV LTD,244.7,245.68,236.9,240.43,241.13,12868
2026-08-28,MUTHOOTFIN,MUTHOOT FINANCE LIMITED,3090.7,3107.0,3062.2,3091.0,3085.0,403576
2026-08-28,MUTHOOTMF,MUTHOOT MICROFIN LIMITED,206.0,210.4,204.1,208.46,204.94,248099
2026-08-28,MVELECTRO,MV ELECTROSYSTEMS LIMITED,649.9,768.0,638.5,719.55,646.8,28262303
2026-08-28,NRAIL,N R AGARWAL INDS LTD,510.0,510.0,492.35,497.5,511.3,4957
2026-08-28,NTCIND,N T C INDUSTRIES LTD.,136.42,138.9,132.5,133.47,136.42,1527
2026-08-28,NBIFIN,N.B.I. IND. FIN. CO. LTD,2024.0,2024.0,1945.0,1988.7,1980.1,242
2026-08-28,NACLIND,NACL INDUSTRIES LIMITED,174.8,175.29,170.12,171.63,174.8,241630
2026-08-28,NDGL,NAGA DHUNSERI GROUP LTD,2995.0,2995.0,2700.0,2783.0,2826.5,322
2026-08-28,NAGREEKCAP,NAGREEKA CAP & INFR.LTD,23.25,23.49,22.0,22.77,22.5,3419
2026-08-28,NAGREEKEXP,NAGREEKA EXPORTS LTD.,22.97,22.97,22.0,22.24,22.52,10306
2026-08-28,NAHARCAP,NAHAR CAP & FIN.,258.8,259.2,255.0,258.44,255.75,3453
2026-08-28,NAHARINDUS,NAHAR INDS ENT LTD,139.56,139.56,135.25,135.99,138.1,30643
2026-08-28,NAHARPOLY,NAHAR POLY FILMS LIMITED,246.05,248.9,245.8,247.35,246.55,5711
2026-08-28,NAHARSPING,NAHAR SPINNING MILLS LTD.,291.25,294.55,287.7,288.4,291.25,13709
2026-08-28,NGIL,NAKODA GROUP OF IND. LTD,41.95,41.95,40.05,41.53,41.96,31122
2026-08-28,NSIL,NALWA SONS INVESTMENT LTD,5725.0,5799.5,5700.5,5715.5,5741.0,1078
2026-08-28,NDL,NANDAN DENIM LIMITED,2.97,3.06,2.97,3.02,2.96,1373143
2026-08-28,JAIPURKURT,NANDANI CREATION LIMITED,26.34,26.88,26.33,26.78,26.33,4902
2026-08-28,NH,NARAYANA HRUDAYALAYA LTD.,1908.0,1940.0,1905.9,1932.1,1903.8,209531
2026-08-28,NARMADA,NARMADA AGROBASE LIMITED,13.98,14.1,13.78,13.96,13.87,400153
2026-08-28,NATCOPHARM,NATCO PHARMA LTD.,857.8,861.0,844.85,853.8,857.6,402204
2026-08-28,NATHBIOGEN,NATH BIO-GENES (I) LTD,153.97,157.9,151.8,157.3,153.86,26350
2026-08-28,NATIONALUM,NATIONAL ALUMINIUM CO LTD,392.65,394.95,389.3,394.95,389.3,1868958
2026-08-28,NFL,NATIONAL FERT. LTD,71.49,71.8,71.0,71.09,71.36,337128
2026-08-28,NATIONSTD,NATIONAL STAND (INDIA) L,98.27,105.0,98.27,103.07,103.44,88867
2026-08-28,NATCAPSUQ,NATURAL CAPSULES LIMITED,215.24,219.7,203.5,204.96,214.16,63397
2026-08-28,NAVA,NAVA LIMITED,559.0,586.4,559.0,564.85,556.5,556705
2026-08-28,NAVINFLUOR,NAVIN FLUORINE INT. LTD,8589.0,8591.0,8470.5,8517.5,8567.5,77045
2026-08-28,NAVKARCORP,NAVKAR CORPORATION LTD.,97.5,97.8,96.5,96.88,97.37,140276
2026-08-28,NAVNETEDUL,NAVNEET EDUCATION LTD,133.84,135.52,133.2,134.51,133.59,69249
2026-08-28,NAZARA,NAZARA TECHNOLOGIES LTD,354.0,379.4,354.0,374.6,354.5,8037749
2026-08-28,NBCC,NBCC (INDIA) LIMITED,89.1,89.28,87.15,87.5,88.6,6704520
2026-08-28,NCC,NCC LIMITED,150.79,150.79,146.53,148.4,150.29,1458322
2026-08-28,NCLIND,NCL INDUSTRIES LIMITED,180.0,180.0,174.0,176.26,178.61,28059
2026-08-28,NDLVENTURE,NDL VENTURES LIMITED,124.82,124.82,117.16,119.7,122.62,12469
2026-08-28,NDRAUTO,NDR AUTO COMPONENTS LTD,736.6,738.45,704.0,714.85,733.3,35308
2026-08-28,NDTV,NDTV LTD,74.33,74.76,73.06,73.77,74.2,53358
2026-08-28,NECLIFE,NECTAR LIFESCIENCES LTD.,13.08,13.08,12.43,12.47,13.08,468735
2026-08-28,NEAGI,NEELAMALAI AGRO INDS. L,3471.3,3471.3,3328.2,3450.0,3306.0,127
2026-08-28,NELCAST,NELCAST LIMITED,117.31,121.01,117.31,119.85,117.08,204137
2026-08-28,NELCO,NELCO LTD,969.9,974.8,948.6,961.2,960.4,156043
2026-08-28,NEOGEN,NEOGEN CHEMICALS LIMITED,2226.9,2259.0,2173.0,2209.8,2230.2,89932
2026-08-28,NEPHROPLUS,NEPHROCARE HEALTH SERV L,692.75,703.0,690.0,692.35,685.45,81324
2026-08-28,NESCO,NESCO LTD.,1031.0,1075.3,1025.0,1048.4,1017.1,219548
2026-08-28,NESTLEIND,NESTLE INDIA LIMITED,1454.4,1456.5,1438.0,1454.6,1450.0,445734
2026-08-28,NETWEB,NETWEB TECH INDIA LTD,5344.9,5450.0,5290.0,5322.9,5272.2,1962173
2026-08-28,NPST,NETWORK PEOPLE SRV TECH L,1645.0,1746.9,1629.2,1701.1,1638.8,61681
2026-08-28,NETWORK18,NETWORK18 MEDIA & INV LTD,29.35,29.42,28.46,28.8,29.14,4626567
2026-08-28,NEULANDLAB,NEULAND LAB LTD.,23500.0,23876.0,23100.0,23205.0,23496.0,38996
2026-08-28,NEWGEN,NEWGEN SOFTWARE TECH LTD,524.7,575.9,524.7,567.1,523.0,10501206
2026-08-28,NEXTMEDIA,NEXT MEDIAWORKS LIMITED,4.59,4.62,3.85,4.62,3.85,308631
2026-08-28,NGLFINE,NGL FINE CHEM LIMITED,2897.4,2897.4,2800.0,2813.4,2901.1,7479
2026-08-28,NHPC,NHPC LTD,76.2,76.39,74.82,74.82,76.55,9597848
2026-08-28,NIBE,NIBE LIMITED,1420.6,1426.3,1402.0,1408.1,1388.6,32127
2026-08-28,NICCOPAR,NICCO PARKS & RESORTS LTD,98.99,98.99,85.0,87.04,90.23,6005
2026-08-28,NIITMTS,NIIT LEARNING SYSTEMS LTD,227.09,234.76,227.09,233.07,229.81,182210
2026-08-28,NIITLTD,NIIT LIMITED,102.95,106.7,102.21,105.52,102.94,1104323
2026-08-28,NILAINFRA,NILA INFRASTRUCTURES LTD,6.99,6.99,6.75,6.79,6.89,295906
2026-08-28,NILASPACES,NILA SPACES LIMITED,12.44,12.81,12.25,12.55,12.43,468887
2026-08-28,NILE,NILE LTD.,1490.0,1493.9,1456.4,1487.4,1478.8,1996
2026-08-28,NILKAMAL,NILKAMAL LIMITED,2094.0,2105.0,2055.7,2071.9,2081.6,21838
2026-08-28,NIMBSPROJ,NIMBUS PROJECTS LIMITED,174.0,174.84,169.0,169.98,169.7,86546
2026-08-28,NINSYS,NINTEC SYSTEMS LIMITED,712.85,737.0,702.65,722.8,713.95,2516
2026-08-28,BANKBEES,NIP IND ETF BANK BEES,597.75,598.0,594.05,596.06,596.79,526937
2026-08-28,CONSUMBEES,NIP IND ETF CONSUMPTION,133.23,133.85,132.0,132.58,133.22,95453
2026-08-28,DIVOPPBEES,NIP IND ETF DIV OPP,77.84,77.87,77.32,77.44,77.32,45047
2026-08-28,NV20BEES,NIP IND ETF ETF NV20,139.41,139.9,138.97,139.53,139.41,7735
2026-08-28,GOLDBEES,NIP IND ETF GOLD BEES,129.65,131.08,129.13,130.85,130.05,26501307
2026-08-28,HNGSNGBEES,NIP IND ETF HANGSENG BEES,477.23,478.7,471.95,473.21,472.5,66465
2026-08-28,INFRABEES,NIP IND ETF INFRA BEES,959.2,962.84,951.27,955.87,959.2,14984
2026-08-28,ITBEES,NIP IND ETF IT,33.71,34.82,33.62,34.7,33.71,20158995
2026-08-28,JUNIORBEES,NIP IND ETF JUNIOR BEES,821.9,821.9,800.5,801.29,805.78,194210
2026-08-28,LIQUIDBEES,NIP IND ETF LIQUID BEES,1000.0,1000.01,999.99,1000.0,1000.0,4166382
2026-08-28,LTGILTBEES,NIP IND ETF LONGTERM GILT,29.97,29.98,29.88,29.95,29.94,2271031
2026-08-28,MID150BEES,NIP IND ETF MIDCAP 150,243.5,246.3,243.04,243.63,243.5,523155
2026-08-28,NIF100BEES,NIP IND ETF NIFTY 100,268.0,269.45,267.41,267.89,268.93,17726
2026-08-28,NIFTYBEES,NIP IND ETF NIFTY BEES,277.49,277.49,274.82,275.62,275.74,3137920
2026-08-28,PSUBNKBEES,NIP IND ETF PSU BANK BEES,96.08,97.1,95.72,96.04,96.08,763406
2026-08-28,SHARIABEES,NIP IND ETF SHARIAH BEES,458.2,461.44,458.14,459.2,458.14,12554
2026-08-28,NAM-INDIA,NIPPON L I A M LTD,1196.6,1209.4,1185.0,1194.4,1204.0,505054
2026-08-28,LIQGRWBEES,NIPPONAMC - LIQGRWBEES,1053.64,1053.66,1053.64,1053.65,1053.24,26347
2026-08-28,MANUFGBEES,NIPPONAMC - MANUFGBEES,165.81,167.27,165.4,166.38,166.66,3760
2026-08-28,AUTOBEES,NIPPONAMC - NETFAUTO,301.04,301.04,296.55,298.11,298.96,168372
2026-08-28,PHARMABEES,NIPPONAMC - NETFPHARMA,27.94,27.94,27.51,27.76,27.54,4556422
2026-08-28,SILVERBEES,NIPPONAMC - NETFSILVER,226.28,231.83,225.42,230.42,226.37,26759523
2026-08-28,SNXT30BEES,NIPPONAMC - SNXT30BEES,43.21,43.34,43.0,43.13,43.23,3111
2026-08-28,NIRAJ,NIRAJ CEMENT STRUC LTD,29.14,29.75,28.5,29.35,28.57,51519
2026-08-28,NIRAJISPAT,NIRAJ ISPAT IND LTD,286.0,295.9,278.99,295.9,246.59,3053
2026-08-28,NIRLON,NIRLON LTD,635.9,644.85,632.35,642.65,631.2,6956
2026-08-28,NITCO,NITCO LIMITED,97.29,97.48,95.21,95.59,97.56,1888937
2026-08-28,NITINSPIN,NITIN SPINNERS LIMITED,621.7,629.9,612.6,626.4,620.45,51698
2026-08-28,NITIRAJ,NITIRAJ ENGINEERS LTD,199.05,203.2,197.01,200.05,203.42,875
2026-08-28,NITTAGELA,NITTA GELATIN INDIA LTD.,1589.5,1672.9,1580.2,1656.1,1589.5,5804
2026-08-28,NIVABUPA,NIVA BUPA HEALTH INS CO L,82.5,83.0,81.5,81.8,82.5,329259
2026-08-28,NKIND,NK INDUSTRIES LTD,63.8,63.8,56.8,59.89,59.65,1182
2026-08-28,NLCINDIA,NLC INDIA LIMITED,268.9,272.05,268.4,270.6,268.8,916598
2026-08-28,NMDC,NMDC LTD.,86.03,87.59,86.0,86.76,85.72,14224538
2026-08-28,NSLNISP,NMDC STEEL LIMITED,44.99,49.4,44.78,49.02,44.99,57456853
2026-08-28,NOCIL,NOCIL LIMITED,166.25,167.3,163.56,164.96,165.13,527888
2026-08-28,NOIDATOLL,NOIDA TOLL BRIDGE CO LTD,4.16,4.28,4.07,4.2,4.13,153839
2026-08-28,NORBTEAEXP,NORBEN TEA & EXPORTS LTD,69.96,69.96,66.0,69.0,67.3,456
2026-08-28,NORTHARC,NORTHERN ARC CAPITAL LTD,287.95,292.0,283.5,285.75,286.3,4983190
2026-08-28,NOVARTIND,NOVARTIS INDIA LIMITED,1488.5,1494.0,1471.2,1486.3,1490.2,4238
2026-08-28,NRBBEARING,NRB BEARING LIMITED,468.1,475.0,465.85,469.65,466.6,187908
2026-08-28,NIBL,NRB INDUS. BEARINGS LTD.,31.0,32.0,30.4,30.66,30.58,11192
2026-08-28,NTPCGREEN,NTPC GREEN ENERGY LIMITED,91.04,91.45,90.75,90.82,90.99,1033809
2026-08-28,NTPC,NTPC LTD,329.5,333.1,328.8,330.05,330.9,7332490
2026-08-28,NUCLEUS,NUCLEUS SOFTWARE EXPORTS,733.4,749.7,733.4,745.2,738.1,20206
2026-08-28,NUVAMA,NUVAMA WEALTH MANAGE LTD,1784.0,1825.0,1782.0,1805.0,1784.0,246065
2026-08-28,NUVOCO,NUVOCO VISTAS CORP LTD,324.3,327.55,321.0,324.85,324.15,236387
2026-08-28,OBCL,OBCL LIMITED,56.1,56.1,55.21,55.4,56.16,774
2026-08-28,OBEROIRLTY,OBEROI REALTY LIMITED,1873.1,1880.8,1855.7,1870.0,1872.9,263019
2026-08-28,ODIGMA,ODIGMA CONSULTANCY SOL L,22.3,23.11,22.3,23.0,22.73,15757
2026-08-28,ODYCORP,ODYSSEY CORPORATION LTD.,7.59,8.48,6.98,7.98,7.1,105386
2026-08-28,ONGC,OIL AND NATURAL GAS CORP.,233.35,233.39,231.25,232.25,232.0,7638954
2026-08-28,OIL,OIL INDIA LTD,473.5,484.7,471.75,482.85,469.85,1907538
2026-08-28,OLAELEC,OLA ELECTRIC MOBILITY LTD,38.0,39.77,37.45,38.98,37.63,78463929
2026-08-28,OLECTRA,OLECTRA GREENTECH LIMITED,1332.3,1335.7,1303.7,1312.3,1326.3,237865
2026-08-28,OMINFRAL,OM INFRA LIMITED,83.0,84.8,81.6,83.01,83.3,86860
2026-08-28,OMPOWER,OM POWER TRANSMISSION LTD,172.0,177.0,168.86,175.31,172.27,232635
2026-08-28,OMAXAUTO,OMAX AUTOS LTD,188.93,192.4,186.0,188.72,191.23,46687
2026-08-28,OMAXE,OMAXE LIMITED,112.16,134.3,111.81,131.74,113.38,24953289
2026-08-28,OMNI,OMNITECH ENGINEERING LTD,576.0,578.95,561.15,565.55,575.7,317666
2026-08-28,PAYTM,ONE 97 COMMUNICATIONS LTD,1685.0,1698.3,1641.7,1650.9,1679.0,1837484
2026-08-28,ONEGLOBAL,ONE GLOBAL SERVICE PROV L,564.95,564.95,546.0,546.7,541.4,4526
2026-08-28,MOBIKWIK,ONE MOBIKWIK SYSTEMS LTD,192.94,195.46,191.0,192.33,191.55,454425
2026-08-28,ONEPOINT,ONE POINT ONE SOL LTD,55.77,55.79,54.55,55.03,55.54,552470
2026-08-28,KISSHT,ONEMI TECHNOLOGY SOL LTD,302.9,312.0,302.4,306.3,303.1,907622
2026-08-28,ONESOURCE,ONESOURCE SPECL PHARMA L,1525.0,1539.5,1520.0,1532.2,1517.5,32479
2026-08-28,ONIDA,ONIDA ELECTRONICS LIMITED,36.24,36.5,35.15,36.19,36.24,623381
2026-08-28,ONIXSOLAR,ONIX SOLAR ENERGY LTD.,308.8,316.05,305.35,316.05,301.0,354364
2026-08-28,ONWARDTEC,ONWARD TECHNOLOGIES LTD,286.15,291.2,285.0,287.2,285.6,24765
2026-08-28,OPTIEMUS,OPTIEMUS INFRACOM LTD,576.45,602.9,574.0,579.6,576.45,233808
2026-08-28,OPTIFIN,OPTIMUS FINANCE LTD.,13.0,13.65,12.9,13.03,13.09,13755
2026-08-28,OFSS,ORACLE FIN SERV SOFT LTD.,11876.0,12275.0,11876.0,12190.0,11855.0,428317
2026-08-28,ORCHASP,ORCHASP LIMITED,1.43,1.5,1.4,1.43,1.43,256666
2026-08-28,ORCHPHARMA,ORCHID PHARMA LIMITED,931.9,980.0,924.95,975.6,928.8,63715
2026-08-28,ORICONENT,ORICON ENTERPRISES LTD,55.0,56.39,51.85,55.82,55.4,329836
2026-08-28,ORIENTBELL,ORIENT BELL LIMITED,367.0,404.8,367.0,379.25,377.2,77661
2026-08-28,ORIENTCEM,ORIENT CEMENT LTD.,132.04,132.1,130.81,131.37,131.41,89980
2026-08-28,ORIENTCER,ORIENT CERATECH LIMITED,45.05,47.0,45.05,46.6,45.29,128190
2026-08-28,ORIENTELEC,ORIENT ELECTRIC LIMITED,180.36,181.25,178.51,180.17,179.46,109521
2026-08-28,GREENPOWER,ORIENT GREEN POWER CO LTD,9.41,9.54,9.36,9.39,9.41,1758824
2026-08-28,ORIENTHOT,ORIENT HOTELS LTD,139.15,139.89,136.8,137.48,139.15,831534
2026-08-28,ORIENTPPR,ORIENT PAPER AND INDS LTD,17.04,17.33,16.82,17.21,17.04,294544
2026-08-28,ORIENTTECH,ORIENT TECHNOLOGIES LTD,244.0,255.65,244.0,244.8,243.65,306165
2026-08-28,OAL,ORIENTAL AROMATICS LTD,425.0,492.7,424.0,487.8,428.95,765470
2026-08-28,ORIRAIL,ORIENTAL RAIL INFRA L,124.5,133.38,124.5,131.7,126.56,113427
2026-08-28,ORIENTALTL,ORIENTAL TRIMEX LTD,5.03,5.15,4.94,5.01,5.14,96232
2026-08-28,ORISSAMINE,ORISSA MIN DEV CO LTD,4552.6,4617.0,4428.0,4462.2,4543.5,7201
2026-08-28,ORKLAINDIA,ORKLA INDIA LIMITED,611.0,616.45,590.25,595.4,606.0,235478
2026-08-28,ORTINGLOBE,ORTIN GLOBAL LIMITED,15.1,15.38,14.86,14.93,15.1,6400
2026-08-28,OSWALAGRO,OSWAL AGRO MILLS LTD,37.48,37.8,36.66,37.65,36.86,72768
2026-08-28,OSWALGREEN,OSWAL GREENTECH LIMITED,21.25,21.25,20.65,20.74,20.9,153640
2026-08-28,OSWALPUMPS,OSWAL PUMPS LIMITED,296.0,298.35,293.8,295.55,298.4,218585
2026-08-28,PBMPOLY,P B M POLYTEX LTD.,60.2,72.2,60.2,64.61,60.2,2394
2026-08-28,PNGJL,P N GADGIL JEWELLERS LTD,595.0,601.7,583.3,598.0,594.55,671442
2026-08-28,POEL,P O C L ENTERPRISES LTD.,152.94,156.18,149.0,149.51,150.6,31498
2026-08-28,PGHH,P&G HYGIENE & HEALTH CARE,8156.0,8165.0,8076.5,8092.0,8102.5,7078
2026-08-28,PACEDIGITK,PACE DIGITEK LIMITED,178.5,180.71,175.5,176.15,179.15,397830
2026-08-28,PACIFICI,PACIFIC INDUSTRIES LTD.,134.89,145.0,133.0,136.0,137.63,747
2026-08-28,PAGEIND,PAGE INDUSTRIES LTD,35800.0,35985.0,35510.0,35985.0,35800.0,13087
2026-08-28,PAISALO,PAISALO DIGITAL LIMITED,67.85,68.54,66.82,67.56,67.83,9932266
2026-08-28,PAKKA,PAKKA LIMITED,78.55,79.69,77.07,78.38,77.64,85729
2026-08-28,PALASHSECU,PALASH SECURITIES LTD,89.9,91.9,86.4,91.39,89.78,3854
2026-08-28,PANACEABIO,PANACEA BIOTEC LTD,396.9,409.0,393.2,395.5,393.25,89332
2026-08-28,PANAMAPET,PANAMA PETROCHEM LTD,473.8,474.05,464.0,465.2,470.75,140701
2026-08-28,PANCHMAHQ,PANCHMAHAL STEEL LTD.,320.0,320.0,290.0,304.15,289.95,297
2026-08-28,PANORAMA,PANORAMA STUDIOS INTL. L,48.5,48.62,45.51,46.47,48.26,262808
2026-08-28,PANSARI,PANSARI DEVELOPERS LTD,315.0,315.05,302.0,306.55,315.0,234
2026-08-28,PAR,PAR DRUGS AND CHEM LTD,99.0,100.9,99.0,100.21,99.56,3407
2026-08-28,PARADEEP,PARADEEP PHOSPHATES LTD,161.35,168.0,161.35,165.88,160.55,8464938
2026-08-28,PARAGMILK,PARAG MILK FOODS LTD.,242.7,242.7,237.0,237.65,241.17,254261
2026-08-28,PARACABLES,PARAMOUNT COMM LTD,59.55,63.53,59.3,62.37,59.37,2465156
2026-08-28,PARAS,PARAS DEF AND SPCE TECH L,1459.0,1467.1,1425.0,1439.7,1454.8,618190
2026-08-28,PARASPETRO,PARAS PETROFILS LTD.,2.2,2.34,2.2,2.22,2.24,120184
2026-08-28,PARKHOSPS,PARK MEDI WORLD LIMITED,291.0,293.25,289.2,290.55,290.15,253289
2026-08-28,PARKHOTELS,PARKHOTELS,112.89,115.0,111.51,112.33,112.11,215724
2026-08-28,PARNAXLAB,PARNAX LAB LTD.,124.02,130.0,124.0,128.4,123.41,1555
2026-08-28,PASHUPATI,PASHUPATI COTSPIN LIMITED,85.2,85.2,83.96,84.18,84.17,9228
2026-08-28,PATANJALI,PATANJALI FOODS LIMITED,349.0,349.8,345.35,348.45,348.25,1099007
2026-08-28,PATELENG,PATEL ENGINEERING LTD.,29.16,29.24,28.3,28.34,29.08,1807723
2026-08-28,PATELRMART,PATEL RETAIL LIMITED,234.38,236.9,230.0,232.68,234.25,37968
2026-08-28,PML,PAUL MERCHANTS LTD.,491.3,491.3,482.05,485.15,498.0,25
2026-08-28,PAUSHAKLTD,PAUSHAK LIMITED,732.2,789.9,732.2,776.7,738.2,71076
2026-08-28,PAVNAIND,PAVNA INDUSTRIES LIMITED,18.21,18.9,18.21,18.47,18.51,9166
2026-08-28,POLICYBZR,PB FINTECH LIMITED,1842.7,1844.8,1804.8,1811.5,1837.9,344633
2026-08-28,PCJEWELLER,PC JEWELLER LTD,10.95,11.25,10.83,10.94,11.01,360417197
2026-08-28,PCBL,PCBL CHEMICAL LIMITED,323.0,326.8,321.15,322.1,323.0,353232
2026-08-28,PDSL,PDS LIMITED,367.3,371.95,364.05,369.75,366.55,259144
2026-08-28,PGIL,PEARL GLOBAL IND LIMITED,2294.8,2333.1,2290.0,2314.3,2294.8,24478
2026-08-28,PEARLPOLY,PEARL POLYMERS LTD,15.55,15.55,15.04,15.16,15.18,9153
2026-08-28,PENIND,PENNAR INDUSTRIES LTD,160.91,163.9,159.0,162.28,160.9,354594
2026-08-28,PERMAGN,PERMANENT MAGNETS LTD.,875.0,907.4,870.05,893.95,869.45,2754
2026-08-28,PERSISTENT,PERSISTENT SYSTEMS LTD,5677.0,5910.0,5677.0,5875.0,5654.0,957631
2026-08-28,PETRONET,PETRONET LNG LIMITED,291.0,292.85,290.05,292.0,290.95,1164928
2026-08-28,PFIZER,PFIZER LTD,4763.9,4778.4,4690.1,4703.8,4740.4,26865
2026-08-28,PGEL,PG ELECTROPLAST LTD,596.0,598.7,584.15,585.85,596.0,533664
2026-08-28,PHOENXINTL,PHOENIX INTERNATIONAL LTD,31.5,31.5,29.85,30.13,30.31,2249
2026-08-28,PWL,PHYSICSWALLAH LIMITED,124.68,124.74,118.25,119.46,124.09,16232251
2026-08-28,PIIND,PI INDUSTRIES LTD,2479.8,2493.7,2420.1,2420.1,2467.0,249992
2026-08-28,PICCADIL,PICCADILY AGRO INDUSTRI L,654.8,658.4,649.2,651.25,653.85,126218
2026-08-28,PIDILITIND,PIDILITE INDUSTRIES LTD,1656.0,1658.5,1617.0,1629.5,1656.0,449546
2026-08-28,PILITA,PIL ITALICA LIFESTYLE LTD,8.27,8.3,7.75,7.93,8.11,88732
2026-08-28,PILANIINVS,PILANI INV & IND COR LTD,4403.7,4419.5,4374.4,4387.9,4363.8,520
2026-08-28,PINELABS,PINE LABS LIMITED,170.5,170.5,164.15,165.07,169.67,8248186
2026-08-28,PIONEEREMB,PIONEER EMBROIDERIES LTD,22.0,22.0,21.75,21.95,21.98,5645
2026-08-28,PIRAMALFIN,PIRAMAL FINANCE LIMITED,2211.3,2299.9,2211.3,2278.4,2228.7,394664
2026-08-28,PPLPHARMA,PIRAMAL PHARMA LIMITED,215.4,220.0,214.61,218.68,214.95,5418446
2026-08-28,PITTIENG,PITTI ENGINEERING LIMITED,1140.0,1140.9,1113.35,1121.2,1129.65,83398
2026-08-28,PIXTRANS,PIX TRANSMISSIONS LIMITED,1870.0,1870.0,1831.0,1843.3,1863.6,12449
2026-08-28,PLASTIBLEN,PLASTIBLENDS INDIA LTD,189.95,191.69,188.08,189.56,189.24,17406
2026-08-28,PLATIND,PLATINUM INDUSTRIES LTD,227.29,234.0,226.41,230.58,227.31,79302
2026-08-28,PLAZACABLE,PLAZA WIRES LIMITED,52.6,53.86,51.31,53.86,51.3,70633
2026-08-28,PNBGILTS,PNB GILTS LIMITED,77.99,79.9,77.85,78.71,77.96,258583
2026-08-28,PNBHOUSING,PNB HOUSING FIN LTD.,1174.6,1189.3,1158.0,1169.9,1178.0,438325
2026-08-28,PNCINFRA,PNC INFRATECH LTD.,200.0,200.0,194.01,195.22,198.34,361612
2026-08-28,PNGSREVA,PNGS REVA DIAMOND JEWEL L,547.65,554.45,536.1,542.25,542.9,64170
2026-08-28,PODDARMENT,PODDAR PIGMENTS LIMITED,245.8,253.6,242.35,251.0,245.8,1040
2026-08-28,POKARNA,POKARNA LIMITED,862.15,888.0,857.05,875.05,855.3,62427
2026-08-28,POLYMED,POLY MEDICURE LIMITED,1707.2,1741.0,1681.7,1733.0,1712.6,197416
2026-08-28,POLYCAB,POLYCAB INDIA LIMITED,9079.0,9103.0,9013.5,9088.0,9079.0,252548
2026-08-28,POLYPLEX,POLYPLEX CORPORATION LTD,1150.0,1190.9,1150.0,1184.4,1149.2,71791
2026-08-28,POLYSPIN,POLYSPIN EXPORTS LTD.,31.93,31.93,28.06,29.52,31.93,742
2026-08-28,POCL,PONDY OXIDES & CHEM LTD,514.55,514.55,499.75,509.2,511.3,380141
2026-08-28,PONNIERODE,PONNIE SUGARS (ERODE) LTD,385.7,400.0,385.7,396.95,382.0,38255
2026-08-28,POONAWALLA,POONAWALLA FINCORP LTD,482.6,486.25,475.0,479.05,482.35,560278
2026-08-28,PVSL,POPULAR VEHICLES N SER L,106.0,109.0,100.5,102.11,106.08,91563
2026-08-28,PFC,POWER FIN CORP LTD.,356.0,356.0,350.2,352.0,355.85,6299577
2026-08-28,POWERGRID,POWER GRID CORP. LTD.,266.05,267.35,265.05,266.05,264.9,5112511
2026-08-28,PIGL,POWER INSTRUMENT (G) LTD,103.76,103.79,101.58,102.14,101.85,14912
2026-08-28,POWERMECH,POWER MECH PROJECTS LTD.,2547.4,2586.0,2546.2,2580.6,2547.4,45314
2026-08-28,POWERICA,POWERICA LIMITED,519.0,528.95,515.45,517.7,519.0,65666
2026-08-28,PRABHA,PRABHA ENERGY LIMITED,208.52,211.3,203.49,207.77,206.86,55823
2026-08-28,PRAJIND,PRAJ INDUSTRIES LTD,353.25,354.85,346.5,347.9,354.4,438949
2026-08-28,PRAENG,PRAJAY ENG. SYN. LTD.,20.7,20.7,19.82,20.63,19.76,33024
2026-08-28,PRAKASH,PRAKASH INDUSTRIES LTD,127.5,131.31,127.5,129.97,127.31,419655
2026-08-28,PRAKASHSTL,PRAKASH STEELAGE LTD,3.88,4.06,3.7,3.92,3.88,355098
2026-08-28,DIAMONDYD,PRATAAP SNACKS LIMITED,1170.1,1175.9,1150.0,1162.8,1175.0,11325
2026-08-28,PRAVEG,PRAVEG LTD.,275.5,279.8,270.0,276.65,275.0,24796
2026-08-28,PRAXIS,PRAXIS HOME RETAIL LTD,5.18,5.18,4.95,4.96,4.98,132169
2026-08-28,PRECAM,PRECISION CAMSHAFTS LTD.,125.7,128.0,124.76,126.33,125.8,182688
2026-08-28,PRECWIRE,PRECISION WIRES INDIA LTD,422.8,507.35,421.7,507.35,422.8,8561415
2026-08-28,PRECOT,PRECOT LIMITED,712.0,720.1,681.5,701.5,703.75,4311
2026-08-28,PREMCO,PREMCO GLOBAL LTD.,384.35,389.3,378.0,381.2,384.35,117
2026-08-28,PREMIERENE,PREMIER ENERGIES LIMITED,994.9,1019.0,973.0,1013.9,1000.0,2307505
2026-08-28,PREMEXPLN,PREMIER EXPLOSIVES LTD,666.45,668.0,661.1,662.75,666.25,72917
2026-08-28,PREMIERPOL,PREMIER POLYFILM LTD,96.0,97.99,92.5,93.86,95.21,522731
2026-08-28,PRESTIGE,PRESTIGE ESTATE LTD,1624.0,1628.5,1584.5,1588.0,1623.0,274021
2026-08-28,PRICOLLTD,PRICOL LIMITED,769.0,780.75,767.05,770.65,776.7,244858
2026-08-28,PFOCUS,PRIME FOCUS LIMITED,296.9,299.45,292.35,294.4,295.65,166516
2026-08-28,PRIMESECU,PRIME SECURITIES LIMITED,281.35,292.0,276.05,287.85,279.9,13466
2026-08-28,PRIMO,PRIMO CHEMICALS LIMITED,21.65,21.65,21.0,21.33,21.49,100284
2026-08-28,PRINCEPIPE,PRINCE PIPES FITTINGS LTD,295.65,297.4,291.4,293.45,295.65,114876
2026-08-28,PRSMJOHNSN,PRISM JOHNSON LIMITED,111.6,111.8,111.0,111.18,111.16,298381
2026-08-28,PRISMX,PRISMX GLOBAL VENTURES L,0.53,0.55,0.53,0.55,0.53,134404
2026-08-28,PNC,PRITISH NANDY COMMUNICATI,17.52,17.8,16.25,16.99,17.44,9376
2026-08-28,PRIVISCL,PRIVI SPECIALITY CHE LTD,3450.1,3490.0,3402.5,3458.0,3456.6,21368
2026-08-28,PGHL,PROCTER & GAMBLE HEALTH L,5750.0,5750.0,5640.0,5670.5,5722.5,12108
2026-08-28,PROSTARM,PROSTARM INFO SYSTEMS LTD,131.64,136.4,131.64,135.31,132.52,167124
2026-08-28,PROTEAN,PROTEAN EGOV TECHNO LTD,548.0,554.0,537.65,539.75,556.9,283361
2026-08-28,PROZONER,PROZONE REALTY LIMITED,45.25,45.25,43.1,44.91,44.21,198541
2026-08-28,PRUDENT,PRUDENT CORP ADV SER LTD,3485.0,3485.0,3361.6,3421.3,3473.5,26505
2026-08-28,PSPPROJECT,PSP PROJECTS LIMITED,903.0,903.25,885.0,889.0,901.2,29015
2026-08-28,PFS,PTC INDIA FIN SERV LTD,27.16,27.4,26.88,26.95,27.24,438006
2026-08-28,PTC,PTC INDIA LIMITED,158.0,158.11,156.01,157.69,157.96,1285321
2026-08-28,PTCIL,PTC INDUSTRIES LIMITED,20625.0,22215.0,20622.0,22110.0,20622.0,100300
2026-08-28,PTL,PTL ENTERPRISES LTD,38.64,38.64,38.2,38.53,38.41,26069
2026-08-28,PDMJEPAPER,PUDUMJEE PAPER PRO. LTD,88.1,95.9,87.7,94.98,87.52,465662
2026-08-28,PSB,PUNJAB & SIND BANK,23.3,23.34,23.1,23.14,23.32,680020
2026-08-28,PUNJABCHEM,PUNJAB CHEM & CROP PROT L,1124.6,1164.2,1111.1,1126.9,1112.8,9103
2026-08-28,PNB,PUNJAB NATIONAL BANK,114.81,115.75,114.42,115.4,115.4,8502644
2026-08-28,PURVA,PURAVANKARA LIMITED,214.2,216.85,212.93,215.78,214.22,85702
2026-08-28,PVP,PVP VENTURES LIMITED,65.0,65.22,63.9,65.22,62.12,1739968
2026-08-28,PVRINOX,PVR INOX LIMITED,1234.9,1242.8,1215.1,1220.9,1236.3,210854
2026-08-28,PYRAMID,PYRAMID TECHNOPLAST LTD,160.0,160.01,158.5,159.89,159.99,27568
2026-08-28,QUADFUTURE,QUADRANT FUTURE TEK LTD,434.8,445.0,424.25,429.2,432.55,767293
2026-08-28,QPOWER,QUALITY POWER ELEC EQUP L,1390.0,1431.2,1359.7,1431.2,1363.1,582162
2026-08-28,QGOLDHALF,QUANTUM GOLD ETF,130.0,132.0,129.6,131.17,130.48,143359
2026-08-28,QNIFTY,QUANTUM NIFTY 50 ETF,271.51,271.51,263.01,266.31,266.19,1049
2026-08-28,SILVER001,QUANT_AMC - SILVER001,24.0,24.89,23.2,24.4,23.91,25737
2026-08-28,QUESS,QUESS CORP LIMITED,357.0,374.7,356.85,372.25,356.95,722192
2026-08-28,QUINT,QUINT DIGITAL LTD.,41.0,42.0,40.0,40.74,40.26,5809
2026-08-28,RKSWAMY,R K SWAMY LIMITED,94.06,95.21,92.9,93.82,94.01,42695
2026-08-28,RRIL,R R I L LTD.,16.68,17.88,16.68,16.71,17.27,13971
2026-08-28,RRKABEL,R R KABEL LIMITED,2843.3,2925.0,2840.0,2905.2,2830.1,629274
2026-08-28,RSYSTEMS,R SYS INTERNATIONAL LTD,238.25,248.7,238.2,246.75,239.1,253785
2026-08-28,RTSPOWR,R T S POWER CORPN. LTD.,91.67,94.99,86.38,88.3,89.44,2791
2026-08-28,RNBDENIMS,R&B DENIMS LIMITED,9.68,9.83,9.68,9.83,9.37,166097
2026-08-28,RSSOFTWARE,R. S. SOFTWARE (INDIA) LI,33.94,33.94,31.29,31.29,32.93,71139
2026-08-28,RPPINFRA,R.P.P INFRA PROJECTS LTD,57.5,57.9,53.6,53.83,57.53,228233
2026-08-28,RACE,RACE ECO CHAIN LIMITED,101.59,103.39,99.5,100.55,101.59,5538
2026-08-28,RACLGEAR,RACL GEARTECH LIMITED,1528.8,1562.0,1503.1,1538.6,1528.8,49159
2026-08-28,RADAAN,RADAAN MEDIAWORKS (I) LTD,3.01,3.14,2.9,3.12,3.01,52812
2026-08-28,RADHIKAJWE,RADHIKA JEWELTECH LIMITED,70.33,70.67,68.5,68.76,70.33,243664
2026-08-28,RADIANTCMS,RADIANT CASH MGMT SER LTD,40.99,40.99,39.16,39.27,40.41,253157
2026-08-28,RADICO,RADICO KHAITAN LTD,4600.8,4615.0,4574.3,4605.0,4606.0,140966
2026-08-28,RPEL,RAGHAV PRODUCTIVITY ENH L,1742.0,1798.0,1719.4,1748.4,1745.4,91921
2026-08-28,RVNL,RAIL VIKAS NIGAM LIMITED,217.0,217.1,214.0,214.22,216.0,2941255
2026-08-28,RAILTEL,RAILTEL CORP OF IND LTD,279.0,282.6,278.1,278.9,279.05,365408
2026-08-28,RAIN,RAIN INDUSTRIES LIMITED,194.5,200.4,194.5,199.31,194.38,2589958
2026-08-28,RAINBOW,RAINBOW CHILDRENS MED LTD,1441.0,1457.8,1430.6,1442.8,1441.0,68321
2026-08-28,ROML,RAJ OIL MILLS LIMITED,41.11,43.0,41.01,42.58,40.61,10850
2026-08-28,RAJTV,RAJ TV NETWORK LTD,10.78,10.79,10.16,10.4,10.43,9950
2026-08-28,RAJPALAYAM,RAJAPALAYAM MILLS LTD.,827.0,827.0,805.1,813.85,810.0,311
2026-08-28,ARENTERP,RAJDARSHAN INDUSTRIES LTD,37.0,37.29,36.01,37.29,37.29,634
2026-08-28,RAJMET,RAJNANDINI METAL LIMITED,3.2,3.26,3.1,3.13,3.13,310902
2026-08-28,RSL,RAJPUTANA STAINLESS LTD,178.0,178.0,172.02,177.49,172.47,1753430
2026-08-28,RAJRATAN,RAJRATAN GLOBAL WIRE LTD,492.95,500.0,487.0,496.65,489.55,77735
2026-08-28,RAJSREESUG,RAJSHREE SUGAR & CHEMICAL,36.2,36.92,35.76,36.49,35.25,62645
2026-08-28,RALLIS,RALLIS INDIA LTD,210.99,212.58,209.0,209.63,210.24,387772
2026-08-28,RAMRAT,RAM RATNA WIRES LIMITED,570.5,602.45,562.1,591.9,569.6,1319098
2026-08-28,RAMAPHO,RAMA PHOSPHATES LIMITED,124.13,128.59,124.13,125.8,126.56,27862
2026-08-28,RAMCOIND,RAMCO INDUSTRIES LIMITED,342.7,342.8,332.5,335.7,341.6,124642
2026-08-28,RAMCOSYS,RAMCO SYSTEMS LTD.,556.25,584.0,556.25,578.4,556.2,177179
2026-08-28,RKFORGE,RAMKRISHNA FORGINGS LTD,720.95,753.0,720.15,751.25,716.65,1361521
2026-08-28,RAMKY,RAMKY INFRA LTD,362.85,364.7,357.2,358.5,362.75,29709
2026-08-28,RANASUG,RANA SUGARS LTD.,14.45,15.45,14.45,15.31,14.75,804346
2026-08-28,RML,RANE (MADRAS) LIMITED,1131.2,1132.4,1118.2,1126.7,1123.3,8548
2026-08-28,RANEHOLDIN,RANE HOLDINGS LIMITED,1584.7,1628.0,1578.0,1598.9,1593.9,2972
2026-08-28,RPTECH,RASHI PERIPHERALS LIMITED,786.0,837.75,786.0,828.55,782.5,544572
2026-08-28,RCF,RASHTRIYA CHEMICALS & FER,121.85,121.89,119.31,119.81,121.77,1211992
2026-08-28,RATEGAIN,RATEGAIN TRAVEL TECHN LTD,915.0,939.0,915.0,933.95,918.25,227209
2026-08-28,RATNAMANI,RATNAMANI MET & TUB LTD.,2650.0,2685.3,2588.0,2611.1,2654.8,48237
2026-08-28,RATNAVEER,RATNAVEER PRECISION ENG L,297.4,305.25,291.0,294.95,294.89,7080185
2026-08-28,RTNINDIA,RATTANINDIA ENT LIMITED,30.16,30.45,30.0,30.24,30.1,726146
2026-08-28,RTNPOWER,RATTANINDIA POWER LIMITED,7.89,8.0,7.79,7.95,7.83,17525647
2026-08-28,RKDL,RAVI KUMAR DIST. LTD.,18.95,18.95,18.55,18.55,18.88,8170
2026-08-28,RVHL,RAVINDER HEIGHTS LIMITED,39.78,39.78,39.0,39.39,39.78,21366
2026-08-28,RELTD,RAVINDRA ENERGY LIMITED,164.0,164.0,155.0,156.76,156.4,143330
2026-08-28,RAYMONDLSL,RAYMOND LIFESTYLE LIMITED,694.0,704.0,688.4,691.35,692.2,69558
2026-08-28,RAYMOND,RAYMOND LTD,614.0,630.0,612.1,626.85,614.0,285076
2026-08-28,RAYMONDREL,RAYMOND REALTY LIMITED,565.4,571.35,552.3,557.05,565.4,163200
2026-08-28,RBLBANK,RBL BANK LIMITED,384.7,384.7,380.1,382.0,385.4,963822
2026-08-28,RBZJEWEL,RBZ JEWELLERS LIMITED,145.01,147.26,145.01,146.2,146.46,41946
2026-08-28,RRECL,RDB REAL ESTATE CONS L,145.0,145.0,130.5,134.5,145.0,631
2026-08-28,RECLTD,REC LIMITED,320.9,321.95,316.0,316.8,320.9,4333649
2026-08-28,REDINGTON,REDINGTON LIMITED,360.0,378.5,360.0,366.0,358.4,16023073
2026-08-28,REDTAPE,REDTAPE LIMITED,124.0,127.25,123.13,126.01,124.26,363662
2026-08-28,REFEX,REFEX INDUSTRIES LIMITED,290.3,292.95,286.2,287.55,289.4,195240
2026-08-28,REGAAL,REGAAL RESOURCES LIMITED,93.2,94.2,92.3,92.51,93.04,101607
2026-08-28,REGENCERAM,REGENCY CERAMICS LTD.,33.0,33.1,33.0,33.0,33.0,501
2026-08-28,RELAXO,RELAXO FOOT LTD.,355.85,360.75,352.6,356.75,356.1,169422
2026-08-28,GILT5YBEES,RELCAPAMC - NETFGILT5Y,66.49,66.49,66.01,66.22,66.21,234740
2026-08-28,RELIABLE,RELIABLE DATA SERVICE LTD,142.5,143.0,137.86,139.75,138.94,51546
2026-08-28,RELCHEMQ,RELIANCE CHEMOTEX IND LTD,123.98,123.98,113.05,115.33,113.36,1955
2026-08-28,RIIL,RELIANCE INDUSTRIAL INFRA,758.9,764.9,754.6,761.45,758.9,23303
2026-08-28,RELIANCE,RELIANCE INDUSTRIES LTD,1284.9,1291.8,1280.0,1287.0,1282.2,6830228
2026-08-28,RPOWER,RELIANCE POWER LTD.,22.82,22.88,22.39,22.45,22.71,10849559
2026-08-28,IVZBANKNF,RELIGARAMC - IVZBANKNF,57.39,57.54,57.26,57.35,57.66,936
2026-08-28,IVZSENSEX,RELIGARAMC - IVZSENSEX,76.24,79.2,76.22,79.2,77.37,10260
2026-08-28,RELIGARE,RELIGARE ENTER. LTD.,234.0,236.95,228.0,233.05,234.2,3498183
2026-08-28,REMSONSIND,REMSONS INDUSTRIES LTD,84.7,90.95,81.31,86.49,80.46,160067
2026-08-28,RGL,RENAISSANCE GLOBAL LTD,134.49,140.9,132.5,139.39,133.81,3985843
2026-08-28,REPCOHOME,REPCO HOME FINANCE LTD,368.25,368.8,362.75,365.5,365.7,81201
2026-08-28,REPRO,REPRO INDIA LIMITED,311.8,313.0,305.1,307.95,309.1,9587
2026-08-28,RESPONIND,RESPONSIVE INDUSTRIES LTD,158.06,158.06,152.4,153.55,156.82,140995
2026-08-28,RBA,RESTAURANT BRAND ASIA LTD,101.28,102.35,100.0,100.97,100.62,2859553
2026-08-28,RVTH,REVATHI EQUIPMENT INDIA L,744.0,744.0,719.7,736.45,736.3,500
2026-08-28,RHETAN,RHETAN TMT LIMITED,21.34,22.39,20.17,20.31,21.23,22750054
2026-08-28,RHIM,RHI MAGNESITA INDIA LTD,372.0,373.0,367.85,369.35,370.3,127018
2026-08-28,RICOAUTO,RICO AUTO INDUSTRIES LTD,129.5,132.05,128.44,129.41,130.02,656237
2026-08-28,RIR,RIR POWER ELECTRONICS L,162.58,163.99,158.0,159.83,162.21,180957
2026-08-28,RISHABH,RISHABH INSTRUMENTS LTD,694.95,714.0,685.25,691.6,690.5,181013
2026-08-28,RITCO,RITCO LOGISTICS LIMITED,312.35,314.0,307.7,311.6,310.1,29324
2026-08-28,RITES,RITES LIMITED,217.19,218.5,216.6,217.0,217.19,226819
2026-08-28,RKEC,RKEC PROJECTS LIMITED,22.4,23.15,22.01,22.38,22.32,23701
2026-08-28,RMC,RMC SWITCHGEARS LIMITED,250.4,256.95,243.65,246.45,249.45,50140
2026-08-28,RHL,ROBUST HOTELS LIMITED,168.0,169.8,165.6,168.0,166.54,2341
2026-08-28,ROLEXRINGS,ROLEX RINGS LIMITED,180.0,182.4,175.22,180.55,180.43,2628695
2026-08-28,ROSSARI,ROSSARI BIOTECH LIMITED,499.5,499.55,496.55,498.1,497.05,21018
2026-08-28,ROSSELLIND,ROSSELL INDIA LIMITED,57.19,61.38,57.0,59.62,56.99,349907
2026-08-28,ROSSTECH,ROSSELL TECHSYS LIMITED,1111.85,1120.7,1092.65,1104.6,1103.4,85448
2026-08-28,ROTO,ROTO PUMPS LIMITED,65.38,65.38,64.3,64.52,65.02,136747
2026-08-28,ROUTE,ROUTE MOBILE LIMITED,511.75,516.0,508.1,509.35,509.0,128361
2026-08-28,ROHLTD,ROYAL ORCHID HOTELS LTD,302.5,303.7,300.0,302.35,303.15,13630
2026-08-28,RPGLIFE,RPG LIFE SCIENCES LTD,2582.3,2582.3,2490.1,2537.6,2567.6,15329
2026-08-28,RPSGVENT,RPSG VENTURES LIMITED,864.15,864.9,853.0,857.15,861.35,19607
2026-08-28,RUBFILA,RUBFILA INTERNATIONAL LTD,66.9,69.55,65.06,68.59,66.54,20442
2026-08-28,RUBICON,RUBICON RESEARCH LIMITED,1849.0,1899.0,1796.2,1804.4,1841.0,249261
2026-08-28,RUCHINFRA,RUCHI INFRASTRUCTURE LTD,5.85,5.88,5.8,5.82,5.83,24306
2026-08-28,RUCHIRA,RUCHIRA PAPERS LIMITED,103.98,103.98,102.09,102.64,102.7,22447
2026-08-28,RUDRA,RUDRA GLOBAL INFRA PROD L,21.1,21.1,20.5,20.76,20.29,24814
2026-08-28,RUPA,RUPA & COMPANY LTD,147.43,151.08,145.36,149.49,147.55,164338
2026-08-28,RUSHIL,RUSHIL DECOR LIMITED,16.5,17.03,16.38,16.79,16.49,355509
2026-08-28,SCHAND,S CHAND AND COMPANY LTD,135.02,138.99,135.01,137.97,134.72,31629
2026-08-28,SHK,S H KELKAR AND CO. LTD.,151.41,153.0,150.61,152.43,151.41,224385
2026-08-28,SVGLOBAL,S V GLOBAL MILL LTD.,129.5,137.0,121.12,129.71,129.5,336
2026-08-28,S&SPOWER,S&S POWER SWITCHGEARS LTD,341.3,350.75,335.0,338.75,334.05,2696
2026-08-28,SPAL,S. P. APPARELS LIMITED,980.0,1049.9,980.0,1022.0,952.95,789999
2026-08-28,SALSTEEL,S.A.L. STEEL LTD.,71.5,75.16,71.5,75.16,71.59,289253
2026-08-28,SAATVIKGL,SAATVIK GREEN ENERGY LTD,428.4,428.4,418.6,422.3,428.4,33723
2026-08-28,SADBHAV,SADBHAV ENGINEERING LTD,8.73,8.89,8.5,8.89,8.47,558589
2026-08-28,SAFARI,SAFARI IND (INDIA) LTD,1521.8,1533.8,1497.6,1509.7,1522.2,12818
2026-08-28,SAGCEM,SAGAR CEMENTS LIMITED,165.1,165.1,162.22,162.96,164.09,12009
2026-08-28,SAGARDEEP,SAGARDEEP ALLOYS LIMITED,23.79,24.59,23.51,23.62,23.79,3087
2026-08-28,SAGILITY,SAGILITY LIMITED,44.39,46.4,44.3,46.34,44.27,60764265
2026-08-28,SAHYADRI,SAHYADRI INDUSTRIES LTD,352.2,356.85,340.0,343.6,348.15,7282
2026-08-28,SAICAPI,SAI CAPITAL LTD.,149.8,149.8,140.54,148.5,140.51,247
2026-08-28,SAILIFE,SAI LIFE SCIENCES LIMITED,1489.9,1506.3,1473.8,1485.0,1488.2,228815
2026-08-28,SAIPARENT,SAI PARENTERALS LIMITED,536.9,536.9,517.1,521.35,520.7,86402
2026-08-28,KALAMANDIR,SAI SILKS (KALAMANDIR) L,86.48,87.5,86.45,87.09,86.48,157352
2026-08-28,SEKURITIND,SAINT GOBAIN SEKUR IND L,116.77,117.0,115.0,115.43,116.78,19600
2026-08-28,SAKAR,SAKAR HEALTHCARE LIMITED,890.3,910.0,870.0,875.7,892.6,84908
2026-08-28,SAKSOFT,SAKSOFT LIMITED,158.45,162.84,157.86,160.64,157.78,539331
2026-08-28,SAKHTISUG,SAKTHI SUGARS LTD,19.99,21.0,19.74,20.71,19.74,424178
2026-08-28,SAKUMA,SAKUMA EXPORTS LIMITED,1.71,1.73,1.69,1.71,1.71,797283
2026-08-28,SALASAR,SALASAR TECHNO ENGG. LTD.,5.86,6.0,5.86,5.92,5.88,2269266
2026-08-28,SALONA,SALONA COTSPIN LTD.,287.3,287.3,264.1,272.99,268.09,442
2026-08-28,SALZERELEC,SALZER ELECTRONICS LTD,546.35,555.0,541.55,552.6,547.25,34995
2026-08-28,SAMBANDAM,SAMBANDAM SPINNING MILL L,121.89,122.99,115.75,120.98,118.51,796
2026-08-28,SAMBHAAV,SAMBHAAV MEDIA LTD,6.09,6.34,5.8,6.1,6.09,32142
2026-08-28,SAMBHV,SAMBHV STEEL TUBES LTD,124.68,128.18,123.5,127.41,124.14,1060636
2026-08-28,SAMHI,SAMHI HOTELS LIMITED,157.72,160.0,155.0,156.01,157.55,679031
2026-08-28,SAMMAANCAP,SAMMAAN CAPITAL LIMITED,148.28,148.74,145.1,145.8,147.34,4311399
2026-08-28,SAMPANN,SAMPANN UTPADAN INDIA LTD,26.7,26.7,25.67,26.13,25.61,5068
2026-08-28,MOTHERSON,SAMVRDHNA MTHRSN INTL LTD,166.78,167.15,164.68,165.6,166.0,8444402
2026-08-28,SANATHAN,SANATHAN TEXTILES LIMITED,466.85,466.85,445.1,448.05,461.45,16896
2026-08-28,SANDESH,SANDESH LTD,1028.55,1032.0,990.8,1009.55,1017.6,1698
2026-08-28,SANDHAR,SANDHAR TECHNOLOGIES LTD,654.8,658.2,645.0,649.25,651.75,160374
2026-08-28,SANDUMA,SANDUR MANG & IRON ORES L,208.05,209.19,205.0,205.45,206.95,340342
2026-08-28,SANGAMIND,SANGAM (INDIA) LTD,580.0,609.5,575.95,603.15,579.8,79127
2026-08-28,SANGHVIMOV,SANGHVI MOVERS LTD,445.95,455.6,437.5,444.1,444.65,363002
2026-08-28,SANOFICONR,SANOFI CONS HEALTHC IND L,4180.8,4301.6,4122.1,4213.7,4150.0,3831
2026-08-28,SANOFI,SANOFI INDIA LIMITED,3171.0,3199.0,3160.1,3181.6,3181.0,19128
2026-08-28,SANSERA,SANSERA ENGINEERING LTD,3858.0,3913.1,3830.1,3859.0,3842.8,65476
2026-08-28,SANSTAR,SANSTAR LIMITED,109.0,110.69,107.91,108.21,109.25,109652
2026-08-28,SAPPHIRE,SAPPHIRE FOODS INDIA LTD,238.5,242.4,230.01,231.5,239.74,862659
2026-08-28,ZSARACOM,SARASWATI COMM (INDIA) L,10991.0,11000.0,10991.0,10991.0,11046.0,11
2026-08-28,SSDL,SARASWATI SAREE DEPOT LTD,55.65,58.67,55.65,57.18,56.33,29370
2026-08-28,SARDAEN,SARDA ENERGY & MIN LTD,505.7,514.05,505.7,508.25,509.6,139241
2026-08-28,SAREGAMA,SAREGAMA INDIA LIMITED,490.65,498.95,486.0,492.8,487.5,216953
2026-08-28,SARLAPOLY,SARLA PERF. FIBERS LTD,100.41,102.88,98.4,98.76,100.41,24871
2026-08-28,SMLT,SARTHAK METALS LIMITED,67.27,67.5,66.0,67.1,67.6,2189
2026-08-28,SARVESHWAR,SARVESHWAR FOODS LIMITED,3.43,3.48,3.39,3.4,3.42,996451
2026-08-28,SASKEN,SASKEN TECHNOLOGIES LTD,1861.4,1932.0,1861.4,1901.0,1861.4,16489
2026-08-28,SATIA,SATIA INDUSTRIES LIMITED,58.8,58.8,57.0,57.76,58.01,151230
2026-08-28,SATIN,SATIN CREDIT NET LTD,225.0,228.56,221.4,222.37,226.01,117758
2026-08-28,SAURASHCEM,SAURASHTRA CEMENT LIMITED,57.11,57.94,56.1,56.33,57.13,79022
2026-08-28,SOTL,SAVITA OIL TECHNOLO. LTD,688.0,701.9,681.25,693.2,679.45,179883
2026-08-28,SAYAJIHOTL,SAYAJI HOTELS LTD.,365.2,365.2,310.0,315.7,332.0,956
2026-08-28,SAYAJIIND,SAYAJI INDUSTRIES LTD.,117.0,117.45,115.0,116.97,117.49,904
2026-08-28,SBC,SBC EXPORTS LIMITED,41.65,42.24,41.42,41.93,41.45,5763946
2026-08-28,SBFC,SBFC FINANCE LIMITED,98.3,101.05,98.12,98.75,98.61,2163907
2026-08-28,SBICARD,SBI CARDS & PAY SER LTD,645.0,649.4,638.0,641.05,645.0,1398856
2026-08-28,SBIFUNDS,SBI FUNDS MANAGEMENT LTD,565.5,566.0,553.25,563.8,562.55,1785037
2026-08-28,SBILIFE,SBI LIFE INSURANCE CO LTD,1780.4,1782.0,1747.8,1761.1,1773.2,1039823
2026-08-28,SETFGOLD,SBI-ETF GOLD,137.7,137.7,133.31,135.02,134.35,3984560
2026-08-28,SETFNIF50,SBI-ETF NIFTY 50,260.5,260.9,259.4,260.49,260.51,897263
2026-08-28,SETFNIFBK,SBI-ETF NIFTY BANK,590.55,594.0,589.33,591.6,592.65,57198
2026-08-28,SETFNN50,SBI-ETF NIFTY NEXT 50,793.41,801.51,790.11,794.87,795.26,45354
2026-08-28,LIQUIDSBI,SBIAMC - LIQUIDSBI,1000.01,1000.01,999.99,1000.0,1000.01,1783
2026-08-28,SBIBPB,SBIAMC - SBIBPB,50.47,50.47,49.67,49.8,49.89,1368503
2026-08-28,SBIETFCON,SBIAMC - SBIETFCON,124.98,124.98,122.53,123.36,123.24,1917
2026-08-28,SBIETFIT,SBIAMC - SBIETFIT,341.49,347.0,341.03,345.45,336.44,15065
2026-08-28,SBIETFPB,SBIAMC - SBIETFPB,287.25,287.25,282.36,283.64,284.57,496
2026-08-28,SBIETFQLTY,SBIAMC - SBIETFQLTY,224.04,225.43,224.04,224.2,224.04,834
2026-08-28,SBILIQETF,SBIAMC - SBILIQETF,1053.9,1053.92,1053.9,1053.9,1053.49,205660
2026-08-28,SBIMIDMOM,SBIAMC - SBIMIDMOM,64.89,65.15,64.78,65.0,64.73,72161
2026-08-28,SBINEQWETF,SBIAMC - SBINEQWETF,33.68,33.69,33.48,33.62,33.69,21223
2026-08-28,SBINMID150,SBIAMC - SBINMID150,23.64,23.69,23.51,23.56,23.56,23667
2026-08-28,SBISILVER,SBIAMC - SBISILVER,231.98,237.4,231.16,236.12,231.97,1508122
2026-08-28,SBISMLETF,SBIAMC - SBISMLETF,18.57,18.6,18.48,18.52,18.46,20334
2026-08-28,SBIVALETF,SBIAMC - SBIVALETF,14.77,14.8,14.71,14.8,14.73,1969
2026-08-28,SETF10GILT,SBIAMC - SETF10GILT,265.06,265.06,264.02,264.28,265.06,2372
2026-08-28,SCHAEFFLER,SCHAEFFLER INDIA LIMITED,4051.1,4081.0,4015.0,4033.4,4051.1,48578
2026-08-28,SCHNEIDER,SCHNEIDER ELECTRIC INFRA,1215.0,1217.9,1184.4,1201.9,1207.0,197078
2026-08-28,SCODATUBES,SCODA TUBES LIMITED,130.85,135.22,130.32,132.59,130.93,136534
2026-08-28,SEAMECLTD,SEAMEC LIMITED,1624.4,1693.5,1618.0,1676.6,1624.4,140532
2026-08-28,SECMARK,SECMARK CONSULTANCY LTD,131.05,152.34,128.8,151.31,126.95,73883
2026-08-28,SECURKLOUD,SECUREKLOUD TECH LIMITED,18.18,18.18,17.21,17.4,17.8,11774
2026-08-28,SEDEMAC,SEDEMAC MECHATRONICS LTD,3052.0,3095.0,2962.1,3011.6,3026.5,63095
2026-08-28,SEJALLTD,SEJAL GLASS LIMITED,676.35,680.95,670.6,673.35,676.5,2882
2026-08-28,SELMC,SEL MANUFACTURING CO LTD,27.0,28.38,27.0,27.71,27.45,3292
2026-08-28,SEMAC,SEMAC CONSTRUCTION LTD,285.3,290.0,282.5,288.0,285.3,163
2026-08-28,SENCO,SENCO GOLD LIMITED,362.8,363.7,352.5,354.85,362.75,639082
2026-08-28,SENORES,SENORES PHARMACEUTICALS L,1474.6,1494.0,1466.2,1482.1,1474.6,84500
2026-08-28,SEPC,SEPC LIMITED,5.71,5.83,5.5,5.56,5.71,59773560
2026-08-28,SERVOTECH,SERVOTECH REN POW SYS LTD,81.15,81.69,80.48,80.97,81.12,210914
2026-08-28,STYL,SESHAASAI TECHNOLOGIES L,399.0,414.0,398.75,402.1,399.95,130545
2026-08-28,SESHAPAPER,SESHASAYEE PAPER & BOARDS,231.73,234.7,228.01,229.61,230.11,18457
2026-08-28,SGFIN,SG FINSERVE LIMITED,690.8,690.8,682.05,684.55,687.45,107777
2026-08-28,SGMART,SG MART LIMITED,809.0,819.45,785.3,789.3,810.25,739639
2026-08-28,SGLRES,SGL RESOURCES LIMITED,2.3,2.43,2.3,2.42,2.32,88832
2026-08-28,SHADOWFAX,SHADOWFAX TECHNOLOGIES L,238.6,247.89,238.1,245.36,238.6,5614024
2026-08-28,SHAHALLOYS,SHAH ALLOYS LIMITED,89.01,103.15,87.0,103.15,85.96,1390957
2026-08-28,SHAH,SHAH METACORP LIMITED,3.94,3.95,3.63,3.74,3.78,10826338
2026-08-28,SHAILY,SHAILY ENG PLASTICS LTD,3302.3,3310.0,3244.0,3270.4,3289.0,88738
2026-08-28,SHAKTIPUMP,SHAKTI PUMPS (I) LTD,498.9,499.0,490.3,493.55,497.4,279592
2026-08-28,SHALBY,SHALBY LIMITED,155.43,157.2,152.5,154.65,154.33,45656
2026-08-28,SAHLIBHFI,SHALIBHADRA FINANCE LTD,72.16,79.88,72.16,76.84,75.0,1739
2026-08-28,SRD,SHANKAR LAL RAMPAL LTD,40.09,40.28,39.82,40.24,39.62,6863
2026-08-28,SHANKARA,SHANKARA BLDG PRODUCT LTD,147.24,148.24,145.51,146.09,146.95,151430
2026-08-28,BUILDPRO,SHANKARA BUILDPRO LIMITED,1242.0,1268.2,1240.1,1243.7,1242.1,18107
2026-08-28,SHANKESH,SHANKESH JEWELLERS LTD,89.69,92.56,87.25,91.73,89.69,4645174
2026-08-28,SHANTIGEAR,SHANTHI GEARS LTD,542.05,542.1,510.2,517.75,544.8,183487
2026-08-28,SEIL,SHANTI EDU INITIATIVES L,209.78,210.33,205.3,206.67,208.11,76804
2026-08-28,SHANTIGOLD,SHANTI GOLD INTERNATION L,240.2,248.54,240.2,242.29,246.05,1362078
2026-08-28,SHANTI,SHANTI OVERSEAS INDIA LTD,6.02,6.4,6.02,6.31,6.11,24808
2026-08-28,SHINDL,SHARAT INDUSTRIES LTD.,164.23,166.15,161.22,164.13,164.23,217652
2026-08-28,SHARDACROP,SHARDA CROPCHEM LTD.,794.0,800.0,780.15,783.75,793.05,118584
2026-08-28,SHARDAMOTR,SHARDA MOTOR INDS LTD,871.95,896.6,866.45,877.2,874.5,22462
2026-08-28,SHAREINDIA,SHARE IND. SECURITIES LTD,170.0,170.0,167.65,167.93,169.02,200247
2026-08-28,SFL,SHEELA FOAM LIMITED,635.0,641.75,627.9,637.0,636.3,161161
2026-08-28,SHERVANI,SHERVANI INDUSTRIAL SYN L,319.0,319.0,306.0,306.5,321.45,219
2026-08-28,SHILCTECH,SHILCHAR TECHNOLOGIES LTD,4101.0,4106.0,4014.2,4084.2,4045.8,15471
2026-08-28,SHILGRAVQ,SHILP GRAVURES LTD.,165.0,172.2,163.0,170.07,169.0,1773
2026-08-28,SHILPAMED,SHILPA MEDICARE LTD,901.0,910.0,890.7,903.8,901.85,879302
2026-08-28,SCILAL,SHIPPING CORP OF ILA LTD,40.02,40.69,40.0,40.38,40.02,157415
2026-08-28,SCI,SHIPPING CORP OF INDIA LT,294.25,303.7,294.2,299.05,292.55,5131992
2026-08-28,SHIPROCKET,SHIPROCKET LIMITED,132.1,132.3,124.0,125.4,132.09,12606030
2026-08-28,SHIVAUM,SHIV AUM STEELS LIMITED,462.15,462.15,445.0,445.0,445.0,5872
2026-08-28,SHIVACEM,SHIVA CEMENT LTD.,16.55,16.93,16.25,16.61,16.55,47261
2026-08-28,SHIVAAGRO,SHIVA GLOBAL AGRO INDS. L,40.7,41.9,39.21,41.72,40.74,2027
2026-08-28,SHIVAMILLS,SHIVA MILLS LIMITED,62.9,62.9,61.0,61.89,62.6,501
2026-08-28,SHIVATEX,SHIVA TEXYARN LIMITED,166.08,179.0,166.06,176.4,170.97,13850
2026-08-28,SBCL,SHIVALIK BIMETAL CON. LTD,1055.9,1087.95,1036.1,1049.2,1044.2,524106
2026-08-28,SHOPERSTOP,SHOPPERS STOP LIMITED,374.7,385.85,372.85,382.85,374.85,37738
2026-08-28,SHRADDHA,SHRADDHA PRIME PROJECTS L,150.27,165.99,149.27,162.9,151.27,37275
2026-08-28,SHRADHA,SHRADHA REALTY LIMITED,32.45,32.45,30.65,31.99,32.39,26056
2026-08-28,SHREEPUSHK,SHRE PUSH CHEM & FERT LTD,455.4,455.85,449.5,451.4,452.25,42110
2026-08-28,SAPPL,SHREE AJIT PULP & PAPER L,288.0,288.0,281.05,286.45,288.0,406
2026-08-28,SHREECEM,SHREE CEMENT LIMITED,24480.0,24485.0,23900.0,24000.0,24480.0,20074
2026-08-28,SHREDIGCEM,SHREE DIGVIJAY CEM CO LTD,78.21,79.9,75.55,78.19,77.91,119571
2026-08-28,SGRL,SHREE GANESH REMEDIES LTD,519.35,589.75,519.05,542.6,516.7,6293
2026-08-28,SRTL,SHREE RAM TWISTEX LIMITED,38.61,39.2,37.6,37.94,38.98,68538
2026-08-28,SHREERAMA,SHREE RAMA MULTI TECH LTD,44.17,44.29,42.76,42.89,43.1,54007
2026-08-28,RAMANEWS,SHREE RAMA NEWSPRINT LTD,32.95,33.0,31.5,31.8,32.77,11248
2026-08-28,RENUKA,SHREE RENUKA SUGARS LTD,23.63,24.79,23.55,24.14,23.43,30588379
2026-08-28,BALAJEE,SHREE TIRUPATI BALAJEE L,26.98,26.98,26.16,26.51,26.46,25967
2026-08-28,SHREEJISPG,SHREEJI SHIPPING GLOBAL L,640.7,659.85,635.25,652.5,640.35,863122
2026-08-28,OSWALSEEDS,SHREEOSWAL S AND CHE LTD,12.01,12.25,11.96,12.07,12.17,34022
2026-08-28,SHREYANIND,SHREYANS INDUSTRIES LTD,125.23,125.5,122.0,124.97,124.61,6135
2026-08-28,SHBAJRG,SHRI BAJRANG ALLIANCE L,171.95,171.99,168.2,171.98,171.19,1673
2026-08-28,SHRJAGP,SHRI JAGDAMBA POLYMERS L,668.0,689.0,668.0,673.1,682.85,155
2026-08-28,SHRIKRISH,SHRI KRISHNA DEVCON LTD.,37.5,42.87,35.6,39.9,36.55,3128
2026-08-28,VASUPRADA,SHRI VASUPRADA PLANTATI L,94.0,95.0,94.0,94.5,94.0,50
2026-08-28,SHRINGARMS,SHRINGAR HOU OF MANGALS L,219.75,224.3,218.0,220.17,219.37,827671
2026-08-28,LIQUIDSHRI,SHRIRAM - LIQUIDSHRI,1119.42,1119.44,1119.42,1119.42,1119.0,19854
2026-08-28,SHRIRAMFIN,SHRIRAM FINANCE LIMITED,1105.0,1106.7,1083.2,1086.9,1101.0,2207426
2026-08-28,SHRIRAMPPS,SHRIRAM PROPERTIES LTD,76.74,77.73,74.99,75.97,76.74,451643
2026-08-28,SHUKRAPHAR,SHUKRA PHARMACEUTICALS L,44.25,45.33,44.25,44.28,44.22,901483
2026-08-28,SHYAMMETL,SHYAM METALICS AND ENGY L,1050.0,1111.0,1039.6,1099.8,1042.4,2682841
2026-08-28,SHYAMTEL,SHYAM TELECOM LIMITED,13.78,13.94,13.3,13.87,13.1,1595
2026-08-28,SICAGEN,SICAGEN INDIA LIMITED,53.75,55.0,53.51,54.14,54.97,22444
2026-08-28,ENRIN,SIEMENS ENERGY INDIA LTD,3267.0,3290.0,3227.2,3242.6,3256.4,253686
2026-08-28,SIEMENS,SIEMENS LTD,4089.3,4113.0,4060.0,4089.0,4095.0,278973
2026-08-28,SIGACHI,SIGACHI INDUSTRIES LTD,32.51,34.14,32.11,33.16,32.51,2630895
2026-08-28,SIGMA,SIGMA SOLVE LIMITED,47.9,49.09,46.5,47.25,47.54,223885
2026-08-28,SIGNATURE,SIGNATUREGLOBAL INDIA LTD,781.0,786.2,776.25,779.25,783.5,166979
2026-08-28,SIGNPOST,SIGNPOST INDIA LIMITED,260.4,264.5,257.3,260.15,261.3,39824
2026-08-28,SIKA,SIKA INTERPLANT SYSTEMS L,1002.1,1027.0,1002.1,1018.6,1006.9,15560
2026-08-28,SILINV,SIL INVESTMENTS LIMITED,484.0,497.0,473.3,490.05,478.1,4839
2026-08-28,SILGO,SILGO RETAIL LIMITED,74.16,76.0,73.7,75.63,74.03,58311
2026-08-28,SILLYMONKS,SILLY MONKS ENTERTAIN LTD,15.6,16.39,15.42,16.01,15.5,33584
2026-08-28,SILVERTUC,SILVER TOUCH TECHNO LTD,177.52,184.0,176.5,178.22,178.58,402133
2026-08-28,SIMPLEXINF,SIMPLEX INFRASTRUCTURES L,259.5,279.55,258.14,277.59,258.67,543731
2026-08-28,SIMPLXREA,SIMPLEX REALTY LTD.,136.0,136.0,136.0,136.0,130.4,3
2026-08-28,SINCLAIR,SINCLAIRS HOTELS LIMITED,80.99,83.02,78.12,81.51,79.92,80303
2026-08-28,SINDHUTRAD,SINDHU TRADE LINKS LTD,24.9,25.45,24.5,24.99,24.99,2192076
2026-08-28,SINGERIND,SINGER INDIA LIMITED,77.5,80.5,76.61,77.25,76.96,91302
2026-08-28,SINTERCOM,SINTERCOM INDIA LIMITED,79.8,79.8,75.6,79.35,79.82,1052
2026-08-28,SIRCA,SIRCA PAINT INDIA LIMITED,436.9,439.9,433.35,436.3,435.1,584490
2026-08-28,SIS,SIS LIMITED,421.7,436.0,421.5,431.0,421.7,338084
2026-08-28,SIYSIL,SIYARAM SILK MILLS LTD,561.1,569.95,561.1,567.55,564.8,23148
2026-08-28,SJS,SJS ENTERPRISES LIMITED,2509.0,2535.0,2494.5,2509.5,2502.5,119639
2026-08-28,SJVN,SJVN LTD,65.45,65.46,64.75,64.88,65.26,1275895
2026-08-28,SKFINDUS,SKF IND (INDUSTRIAL) LTD,2912.6,2960.0,2888.4,2952.2,2891.6,39141
2026-08-28,SKFINDIA,SKF INDIA LTD,1566.0,1589.4,1565.0,1571.3,1566.0,129396
2026-08-28,SKIPPER,SKIPPER LIMITED,557.95,559.95,540.3,546.25,558.1,502418
2026-08-28,SKMEGGPROD,SKM EGG PROD EXPORT(I) LT,265.99,266.39,256.71,257.55,266.86,218221
2026-08-28,SKYGOLD,SKY GOLD AND DIAMONDS LTD,850.0,850.05,807.2,811.4,843.05,908866
2026-08-28,SMARTWORKS,SMARTWORKS COWORKING SP L,537.55,542.0,533.75,538.75,540.6,18490
2026-08-28,SMCGLOBAL,SMC GLOBAL SECURITIES LTD,78.77,80.28,77.66,79.2,78.61,350990
2026-08-28,SMLMAH,SML MAHINDRA LIMITED,5242.0,5295.0,5171.0,5186.5,5194.0,36373
2026-08-28,SMSPHARMA,SMS PHARMACEUTICALS LTD.,363.15,363.15,349.25,355.55,362.45,133244
2026-08-28,SNOWMAN,SNOWMAN LOGISTICS LTD.,36.55,38.2,36.55,37.66,36.85,190525
2026-08-28,SOBHA,SOBHA LIMITED,1283.2,1283.2,1265.3,1270.2,1273.9,42616
2026-08-28,SOFTTECH,SOFTTECH ENGINEERS LTD,419.5,422.0,416.0,417.4,419.4,11674
2026-08-28,SOLARINDS,SOLAR INDUSTRIES (I) LTD,20645.0,20672.0,20247.0,20400.0,20580.0,128635
2026-08-28,SOLARA,SOLARA ACTIVE PHA SCI LTD,613.0,634.4,610.3,623.7,611.85,192812
2026-08-28,SOLARWORLD,SOLARWORLD ENERGY SOL LTD,150.0,150.0,146.51,148.75,147.96,132148
2026-08-28,SOLEX,SOLEX ENERGY LIMITED,767.3,772.2,757.0,759.6,762.0,17022
2026-08-28,SDBL,SOM DIST & BREW LTD,71.9,73.95,71.25,73.38,71.82,456962
2026-08-28,SOMATEX,SOMA TEXTILES & INDUST LT,80.0,82.8,76.76,77.16,80.8,18586
2026-08-28,SOMANYCERA,SOMANY CERAMICS LIMITED,560.0,568.6,553.8,564.5,556.6,184392
2026-08-28,SOMICONVEY,SOMI CONVEYOR BELT. LTD.,90.63,94.49,90.1,91.58,91.28,11707
2026-08-28,SONACOMS,SONA BLW PRECISION FRGS L,822.75,824.6,803.05,815.0,819.0,1696565
2026-08-28,SONAMLTD,SONAM LIMITED,64.8,74.6,63.6,73.17,63.24,1074944
2026-08-28,SONATSOFTW,SONATA SOFTWARE LTD,290.5,305.45,289.7,304.6,289.5,2110765
2026-08-28,SOUTHWEST,SOUTH WEST PINNACLE LTD,208.54,210.0,206.47,209.06,206.89,71117
2026-08-28,SPCENET,SPACENET ENTERS IND LTD,3.38,3.39,3.31,3.32,3.34,329202
2026-08-28,SPANDANA,SPANDANA SPHOORTY FIN LTD,242.85,246.2,241.0,244.3,242.85,72380
2026-08-28,SPELS,SPEL SEMICONDUCTOR LTD,155.39,156.6,150.0,150.77,152.01,44406
2026-08-28,SPENCERS,SPENCER S RETAIL LIMITED,29.41,30.11,29.3,29.89,29.71,36202
2026-08-28,SPIC,SPIC LTD,69.34,69.5,68.65,69.09,69.46,214528
2026-08-28,SPLIL,SPL INDUSTRIES LIMITED,34.15,34.99,33.0,33.13,34.08,12759
2026-08-28,SPMLINFRA,SPML INFRA LIMITED,179.5,185.0,178.32,179.88,180.0,182511
2026-08-28,SPORTKING,SPORTKING INDIA LIMITED,229.13,229.13,222.0,222.94,227.26,172545
2026-08-28,SHRIPISTON,SPR AUTO TECHNOLOGIES LTD,4500.0,4613.8,4444.2,4572.2,4498.4,49040
2026-08-28,SRHHYPOLTD,SREE RAYALSEEMA HHP LTD.,472.8,480.45,468.05,473.95,468.75,7101
2026-08-28,SREEL,SREELEATHERS LIMITED,269.39,269.39,242.95,249.48,263.24,35722
2026-08-28,SRF,SRF LTD,2605.0,2615.0,2582.0,2589.9,2605.0,150532
2026-08-28,SRGHFL,SRG HOUSING FINANCE L,260.05,260.05,253.5,254.9,260.0,1365
2026-08-28,HAVISHA,SRI HAVISHA HOSP & INFR L,1.41,1.41,1.35,1.37,1.35,19177
2026-08-28,SRIKPRIND,SRI KPR INDUSTRIES LTD.,20.24,21.4,20.24,20.99,20.65,5608
2026-08-28,SRM,SRM CONTRACTORS LIMITED,443.2,463.0,438.4,459.35,446.25,153387
2026-08-28,SETL,STANDARD ENGNG TCNLGY LTD,354.0,364.2,351.1,364.2,346.9,797470
2026-08-28,SIL,STANDARD INDUSTRIES LTD.,19.41,19.69,19.01,19.22,19.32,24107
2026-08-28,STANLEY,STANLEY LIFESTYLES LTD,138.98,139.19,137.22,137.39,137.98,54306
2026-08-28,STARCEMENT,STAR CEMENT LIMITED,190.99,191.98,185.3,187.79,188.68,336872
2026-08-28,STARHEALTH,STAR HEALTH & AL INS CO L,586.1,586.1,571.5,573.5,586.1,123282
2026-08-28,STARPAPER,STAR PAPER MILLS LTD,145.0,155.8,145.0,153.0,148.97,26616
2026-08-28,STARTECK,STARTECK FINANCE LIMITED,256.55,258.65,251.25,253.45,256.65,284
2026-08-28,SBIN,STATE BANK OF INDIA,1046.0,1051.2,1040.5,1047.5,1042.9,4969272
2026-08-28,SAIL,STEEL AUTHORITY OF INDIA,193.05,200.96,192.55,200.0,193.0,48585004
2026-08-28,STEELCITY,STEEL CITY SECURITIES LTD,85.3,86.78,83.59,84.16,86.2,15673
2026-08-28,STEELXIND,STEEL EXCHANGE INDIA LTD,10.65,10.75,10.5,10.65,10.66,987877
2026-08-28,STLSTRINF,STEEL STRIPS INFRA L,19.5,20.8,17.54,18.99,19.46,269
2026-08-28,SSWL,STEEL STRIPS WHEELS LTD.,292.25,297.2,289.5,295.5,292.45,438993
2026-08-28,STEELCAS,STEELCAST LIMITED,338.0,349.0,338.0,342.3,339.85,51899
2026-08-28,STEL,STEL HOLDINGS LIMITED,622.85,645.0,617.75,636.9,622.6,5706
2026-08-28,SGL,STL GLOBAL LIMITED,9.75,10.46,9.75,10.12,10.04,3436
2026-08-28,STLNETWORK,STL NETWORKS LIMITED,26.09,27.28,25.7,27.28,25.99,1971600
2026-08-28,STOVEKRAFT,STOVE KRAFT LIMITED,815.0,815.0,790.8,797.5,809.05,54115
2026-08-28,STAR,STRIDES PHARMA SCI LTD,984.0,1026.5,982.1,1019.9,983.0,435651
2026-08-28,SWSOLAR,STRLNG & WIL REN ENE LTD,198.0,201.56,195.01,195.37,199.15,803620
2026-08-28,STUDDS,STUDDS ACCESSORIES LTD,448.85,452.95,440.05,450.0,450.25,18936
2026-08-28,STYLAMIND,STYLAM INDUSTRIES LIMITED,3480.0,3520.0,3440.0,3507.5,3471.0,22172
2026-08-28,STYRENIX,STYRENIX PERFORMANCE LTD,2027.3,2065.3,2009.3,2020.8,2018.2,44371
2026-08-28,SUBEXLTD,SUBEX LTD,17.9,18.49,17.8,18.13,17.95,2555948
2026-08-28,SUBROS,SUBROS LIMITED,728.6,733.05,718.0,726.2,728.9,39584
2026-08-28,SUDARSCHEM,SUDARSHAN CHEMICAL INDS L,1250.0,1264.7,1232.1,1256.9,1252.8,234717
2026-08-28,SUDARCOLOR,SUDARSHAN COLORNT IND LTD,379.6,394.95,379.6,390.35,379.65,4927
2026-08-28,SUDEEPPHRM,SUDEEP PHARMA LIMITED,1135.0,1171.65,1106.0,1152.1,1134.1,176989
2026-08-28,SUKHJITS,SUKHJIT STARCH & CHEM LTD,162.3,162.3,158.71,159.0,162.32,8220
2026-08-28,SULA,SULA VINEYARDS LIMITED,147.21,149.02,146.54,147.58,146.92,172404
2026-08-28,SUMEDHA,SUMEDHA FISCAL SERVICES L,39.27,40.0,39.27,39.27,39.27,145
2026-08-28,SUMEETINDS,SUMEET IND LIMITED,13.0,13.15,12.6,12.68,12.99,1624681
2026-08-28,SUMIT,SUMIT WOODS LIMITED,51.49,52.5,50.71,51.72,51.53,31181
2026-08-28,SUMICHEM,SUMITOMO CHEM INDIA LTD,528.95,528.95,517.5,517.85,525.0,76606
2026-08-28,SUMMITSEC,SUMMIT SECURITIES LTD,1424.5,1445.7,1410.1,1421.0,1420.7,1462
2026-08-28,SPARC,SUN PHARMA ADV.RES.CO.LTD,194.98,209.9,194.61,207.71,194.98,2167701
2026-08-28,SUNPHARMA,SUN PHARMACEUTICAL IND L,1925.0,1931.0,1903.8,1920.0,1913.3,1140742
2026-08-28,SUNTV,SUN TV NETWORK LIMITED,465.0,481.2,463.3,474.5,463.95,1054319
2026-08-28,SUNCLAY,SUNDARAM CLAYTON LIMITED,1261.4,1321.8,1259.4,1280.5,1272.2,9128
2026-08-28,SUNDARMFIN,SUNDARAM FINANCE LTD,4636.9,4646.9,4545.5,4574.4,4636.9,46286
2026-08-28,SUNDARAM,SUNDARAM MULTI PAP LTD,1.23,1.28,1.2,1.27,1.23,783863
2026-08-28,SUNDRMFAST,SUNDRAM FASTENERS LTD,1225.0,1225.0,1196.65,1200.0,1216.2,55523
2026-08-28,SUNDROP,SUNDROP BRANDS LIMITED,658.45,660.0,645.1,652.7,655.45,10214
2026-08-28,SUNFLAG,SUNFLAG IRON AND STEEL CO,344.8,351.2,344.8,348.25,344.4,80367
2026-08-28,SUNLOC,SUNIL HEALTHCARE LTD.,70.05,77.0,70.05,75.93,70.0,1341
2026-08-28,SUNRAKSHAK,SUNRAKSHAKK INDUS IND L,370.0,374.15,368.05,373.0,371.1,2388
2026-08-28,SUNSHIEL,SUNSHIELD CHEMICALS LTD.,1175.8,1224.0,1150.1,1179.4,1156.3,1631
2026-08-28,SUNSHINE,SUNSHINE PICTURES LIMITED,369.4,441.7,369.0,429.75,368.1,11491099
2026-08-28,SUNTECK,SUNTECK REALTY LIMITED,307.85,309.45,304.65,306.0,307.5,77659
2026-08-28,SUPERHOUSE,SUPERHOUSE LIMITED,169.15,177.9,169.15,175.57,169.9,3321
2026-08-28,SIEL,SUPERIOR INDUSTRIAL ENT L,36.21,36.21,32.77,32.78,34.49,5545
2026-08-28,SUPRAJIT,SUPRAJIT ENGINEERING LTD,501.2,509.4,501.0,505.25,504.05,84894
2026-08-28,SUPREME,SUPREME HOLDIN N HOSP I L,39.9,40.0,38.67,38.78,39.0,17568
2026-08-28,SUPREMEIND,SUPREME INDUSTRIES LTD,3615.4,3710.0,3581.1,3636.9,3585.0,269330
2026-08-28,SUPREMEINF,SUPREME INFRA. LTD.,85.6,85.6,83.0,83.25,84.99,64331
2026-08-28,SPLPETRO,SUPREME PETROCHEM LIMITED,692.85,717.0,691.95,700.85,692.0,199388
2026-08-28,SUPRIYA,SUPRIYA LIFESCIENCE LTD,777.95,808.8,777.95,804.15,776.35,230999
2026-08-28,SURAJEST,SURAJ ESTATE DEVELOPERS L,195.0,204.01,194.81,198.68,195.77,175596
2026-08-28,SURAJLTD,SURAJ LIMITED,214.0,216.44,205.1,209.89,214.0,1428
2026-08-28,SURAKSHA,SURAKSHA DIAGNOSTIC LTD,335.25,343.0,331.45,340.2,335.4,140946
2026-08-28,SURANASOL,SURANA SOLAR LIMITED,25.44,25.85,25.32,25.75,25.45,25054
2026-08-28,SURANAT&P,SURANA TELECOM AND POW LT,15.75,16.9,15.65,16.47,15.91,104413
2026-08-28,SBGLP,SURATWWALA BUS GROUP LTD,23.32,26.0,23.32,24.63,24.0,17281
2026-08-28,SURYAROSNI,SURYA ROSHNI LTD,218.15,223.65,218.15,220.46,218.41,313345
2026-08-28,SURYALAXMI,SURYALAKSHMI COT MIL LTD,58.59,59.97,56.0,58.05,57.14,14628
2026-08-28,SURYALA,SURYALATA SPINNING MILL L,382.0,390.0,375.0,378.6,382.15,266
2026-08-28,SURYODAY,SURYODAY SMALL FIN BK LTD,155.68,156.41,153.68,154.26,155.68,280837
2026-08-28,SUVEN,SUVEN LIFE SCIENCES LTD,368.0,368.3,361.5,364.95,368.1,211420
2026-08-28,SUVIDHAA,SUVIDHAA INFOSERVE LTD,2.28,2.31,2.26,2.29,2.28,50677
2026-08-28,SUYOG,SUYOG TELEMATICS LIMITED,766.5,771.0,735.1,745.3,764.85,17328
2026-08-28,SUZLON,SUZLON ENERGY LIMITED,46.69,47.05,46.5,46.79,46.81,23944393
2026-08-28,SVPGLOB,SVP GLOBAL TEXTILES LTD,3.9,3.9,3.65,3.73,3.75,11390
2026-08-28,SWANCORP,SWAN CORP LIMITED,304.15,305.3,296.5,298.15,303.8,698162
2026-08-28,SWARAJENG,SWARAJ ENGINES LTD,3551.9,3560.0,3535.0,3544.8,3548.3,3338
2026-08-28,SWARNSAR,SWARNSARITA JEWELS IND L,35.0,35.0,34.0,34.41,34.57,530
2026-08-28,SWELECTES,SWELECT ENERGY SYS LTD,594.0,606.9,581.8,589.9,594.2,60628
2026-08-28,SWIGGY,SWIGGY LIMITED,284.7,284.7,280.1,280.5,284.7,4825338
2026-08-28,SWISSMLTRY,SWISS MILITARY CON GOOD L,17.2,17.75,16.81,16.96,17.16,145870
2026-08-28,SYMPHONY,SYMPHONY LIMITED,599.05,602.15,590.0,591.15,599.05,62907
2026-08-28,SYNCOMF,SYNCOM FORMU (I) LTD,17.67,20.38,17.26,19.46,17.34,57135698
2026-08-28,SGIL,SYNERGY GREEN IND. LTD,598.7,611.9,590.0,607.7,597.85,11281
2026-08-28,SYNGENE,SYNGENE INTERNATIONAL LTD,415.0,417.9,402.7,403.4,413.8,293096
2026-08-28,SYRMA,SYRMA SGS TECHNOLOGY LTD,1499.0,1505.0,1470.0,1474.3,1493.5,404693
2026-08-28,TGVSL,T G V SRAAC LTD.,105.69,106.04,103.75,105.24,104.96,122911
2026-08-28,TTL,T T LIMITED,6.53,6.8,6.41,6.66,6.53,152997
2026-08-28,TAALTECH,TAAL TECH LTD.,4438.2,4590.0,4375.1,4562.0,4406.4,7719
2026-08-28,TAINWALCHM,TAINWALA CHEMICAL AND PLA,212.68,215.9,210.0,213.0,212.68,2176
2026-08-28,TAJGVK,TAJ GVK HOTELS & RESORTS,343.95,343.95,337.2,340.0,341.75,38431
2026-08-28,TAKE,TAKE LIMITED,16.14,16.14,16.14,16.14,16.98,60299
2026-08-28,TALBROAUTO,TALBROS AUTO. COMP. LTD,407.0,418.2,398.1,401.35,408.65,186335
2026-08-28,TMB,TAMILNAD MERCA BANK LTD,887.2,897.0,882.35,886.05,893.85,80734
2026-08-28,TNPL,TAMILNADU NEWSPRT & PAPER,140.12,141.79,139.65,141.22,139.91,50860
2026-08-28,TNPETRO,TAMILNADU PETROPRODUCTS L,109.47,112.39,109.0,111.37,109.12,251558
2026-08-28,TNTELE,TAMILNADU TELECOMMUNICATI,9.13,9.13,8.91,8.95,8.91,15400
2026-08-28,TANAA,TANEJA AEROSPACE & AVIA L,295.6,299.4,290.0,293.05,292.7,8794
2026-08-28,TANLA,TANLA PLATFORMS LIMITED,532.05,546.45,532.05,544.25,531.5,483977
2026-08-28,TARACHAND,TARA CHAND INFRA SOLN LTD,49.49,49.49,47.55,48.22,48.59,30912
2026-08-28,TARAPUR,TARAPUR TRANSFORMERS LTD,14.96,15.1,14.11,14.43,14.96,21412
2026-08-28,TARC,TARC LIMITED,117.91,120.0,117.31,117.9,117.53,325384
2026-08-28,TARMAT,TARMAT LIMITED,60.99,60.99,57.05,58.37,59.93,36222
2026-08-28,TARSONS,TARSONS PRODUCTS LIMITED,331.65,337.8,328.3,332.25,329.4,81322
2026-08-28,TASTYBITE,TASTY BITE EATABLES LTD,9800.0,10160.0,9800.0,10073.0,9816.5,4271
2026-08-28,TATACAP,TATA CAPITAL LIMITED,376.1,377.75,372.9,375.7,376.0,1158290
2026-08-28,TATACHEM,TATA CHEMICALS LTD,644.9,674.8,644.5,655.75,644.15,1439859
2026-08-28,TATACOMM,TATA COMMUNICATIONS LTD,1685.4,1704.0,1678.1,1694.7,1689.6,205459
2026-08-28,TCS,TATA CONSULTANCY SERV LT,2272.0,2348.5,2263.3,2342.0,2248.4,4054069
2026-08-28,TATACONSUM,TATA CONSUMER PRODUCT LTD,1047.0,1047.0,1030.4,1040.7,1042.0,971764
2026-08-28,TATAELXSI,TATA ELXSI LIMITED,3645.0,3708.0,3645.0,3685.0,3633.2,303505
2026-08-28,TATAINVEST,TATA INVESTMENT CORP LTD,644.0,656.4,637.6,638.75,642.1,272032
2026-08-28,TMCV,TATA MOTORS LIMITED,474.75,474.85,462.65,466.3,473.1,6189661
2026-08-28,TMPV,TATA MOTORS PASS VEH LTD,317.5,319.4,313.3,319.4,316.0,5852894
2026-08-28,TATAPOWER,TATA POWER CO LTD,352.0,352.95,349.25,351.85,352.0,4301719
2026-08-28,TATASTEEL,TATA STEEL LIMITED,187.6,188.79,184.08,186.5,186.8,39370394
2026-08-28,TATATECH,TATA TECHNOLOGIES LIMITED,800.0,839.7,796.7,834.35,799.35,2546795
2026-08-28,TTML,TATA TELESERV(MAHARASTRA),36.46,40.5,36.44,38.84,36.46,50962825
2026-08-28,NETF,TATAAML - NETF,268.53,268.53,261.02,262.19,261.99,2111
2026-08-28,NPBET,TATAAML - NPBET,288.56,288.75,286.19,287.9,288.0,242
2026-08-28,TNIDETF,TATAAML - TNIDETF,92.39,92.39,91.02,91.78,90.97,59301
2026-08-28,TATAGOLD,TATAAML-TATAGOLD,15.29,15.67,15.07,15.36,15.29,40398623
2026-08-28,TATSILV,TATAAML-TATSILV,23.5,23.52,22.39,23.37,22.97,73180946
2026-08-28,TATVA,TATVA CHIN PHARM CHEM LTD,1589.0,1660.0,1588.9,1630.0,1599.2,29170
2026-08-28,TBOTEK,TBO TEK LIMITED,1680.0,1717.5,1659.2,1682.7,1696.6,54341
2026-08-28,TCC,TCC CONCEPT LIMITED,232.95,233.25,218.05,223.25,231.75,362460
2026-08-28,TCIEXP,TCI EXPRESS LIMITED,559.0,567.1,546.35,555.8,558.35,31370
2026-08-28,TCPLPACK,TCPL PACKAGING LIMITED,3815.4,3871.1,3790.0,3821.7,3846.4,4466
2026-08-28,TDPOWERSYS,TD POWER SYSTEMS LTD.,748.9,761.9,746.1,752.7,740.6,955212
2026-08-28,TEAMGTY,TEAM INDIA GUARANTY LTD,244.9,244.99,230.2,240.33,240.02,2315
2026-08-28,TEAMLEASE,TEAMLEASE SERVICES LTD.,1260.0,1290.0,1243.0,1272.7,1252.7,16630
2026-08-28,TECHM,TECH MAHINDRA LIMITED,1600.0,1642.0,1598.0,1640.9,1585.0,3415226
2026-08-28,TECHNOE,TECHNO ELEC & ENG CO. LTD,998.5,1041.5,992.5,1025.5,997.45,272844
2026-08-28,TIIL,TECHNOCRAFT IND LTD,3336.0,3420.0,3259.8,3292.6,3328.1,36436
2026-08-28,TECHNOCRAF,TECHNOCRAFT VENTURES LTD,360.95,382.96,360.14,373.83,358.24,2097019
2026-08-28,TECHNVISN,TECHNVISION VENTURES LTD.,5023.6,5373.7,5018.9,5373.7,5117.9,619
2026-08-28,TECILCHEM,TECIL CHEMICALS,9.98,10.2,8.53,9.58,9.09,63383
2026-08-28,TEGA,TEGA INDUSTRIES LIMITED,1641.9,1687.1,1616.2,1658.7,1621.4,216658
2026-08-28,TEJASNET,TEJAS NETWORKS LIMITED,538.0,576.85,538.0,550.15,511.15,43164679
2026-08-28,TEMBO,TEMBO GLOBAL IND LTD,57.7,59.0,57.25,58.2,57.7,851623
2026-08-28,TEMPSENS,TEMPSENS INST (INDIA) LTD,634.0,634.85,551.15,586.65,300.0,51084119
2026-08-28,TENNIND,TENNECO CLEAN AIR INDIA L,546.3,547.4,535.8,537.5,541.4,682567
2026-08-28,TERASOFT,TERA SOFTWARE LIMITED,301.35,307.75,295.3,297.8,301.35,21083
2026-08-28,TERAI,TERAI TEA CO. LTD.,113.95,124.8,113.5,115.0,125.9,77
2026-08-28,TEXINFRA,TEXMACO INFRA & HOLDG LTD,111.34,113.0,111.0,111.41,110.55,67121
2026-08-28,TEXRAIL,TEXMACO RAIL & ENG. LTD.,109.99,112.64,108.8,109.44,108.43,2601407
2026-08-28,TEXMOPIPES,TEXMO PIPE & PRODUCTS LTD,47.01,47.5,46.05,46.24,46.95,20451
2026-08-28,TGBHOTELS,TGB BANQUETS&HOTELS LTD,9.11,9.69,9.08,9.4,9.15,25001
2026-08-28,THANGAMAYL,THANGAMAYIL JEWELLERY LTD,5502.0,5563.5,5373.5,5440.5,5502.0,280954
2026-08-28,ANUP,THE ANUP ENGINEERING LTD,1801.0,1817.0,1770.3,1800.5,1801.3,21172
2026-08-28,GESHIP,THE GE SHPG.LTD,1324.9,1363.0,1321.2,1339.6,1317.2,1428262
2026-08-28,GROBTEA,THE GROB TEA COMPANY LTD,1012.0,1012.0,980.5,991.6,995.9,246
2026-08-28,INDIACEM,THE INDIA CEMENTS LIMITED,369.35,371.9,363.1,369.75,369.05,235653
2026-08-28,INDHOTEL,THE INDIAN HOTELS CO. LTD,716.0,716.9,703.55,706.4,718.5,3199451
2026-08-28,THEINVEST,THE INVEST TRUST OF IND L,94.96,97.0,94.52,95.0,94.96,2303
2026-08-28,NIACL,THE NEW INDIA ASSU CO LTD,187.0,191.91,185.5,186.34,185.2,2336110
2026-08-28,PKTEA,THE P K TEA PROD CO LTD,752.0,796.95,731.05,744.75,751.85,89
2026-08-28,PHOENIXLTD,THE PHOENIX MILLS LTD,1902.9,1923.9,1896.0,1917.0,1901.7,253002
2026-08-28,RAMCOCEM,THE RAMCO CEMENTS LIMITED,892.8,899.45,883.4,895.65,892.55,243570
2026-08-28,SOUTHBANK,THE SOUTH INDIAN BANK LTD,45.75,46.22,45.3,45.37,45.73,3557940
2026-08-28,STCINDIA,THE STATE TRADING CORPN,117.6,118.5,116.21,116.88,117.48,14173
2026-08-28,UGARSUGAR,THE UGAR SUGAR WORKS LTD,50.9,55.87,50.41,54.13,50.7,801341
2026-08-28,WIPL,THE WESTERN INDIA PLY LTD,165.0,167.89,164.0,167.89,163.54,652
2026-08-28,THEJO,THEJO ENGINEERING LIMITED,2103.9,2114.9,2052.3,2060.6,2093.6,30486
2026-08-28,THEMISMED,THEMIS MEDICARE LTD.,127.03,128.01,124.36,125.48,126.15,76736
2026-08-28,THERMAX,THERMAX LTD,3998.9,3998.9,3934.4,3944.2,3962.7,35970
2026-08-28,TIRUMALCHM,THIRUMALAI CHEMICALS LTD,159.58,164.86,158.65,160.32,159.58,2119773
2026-08-28,THOMASCOOK,THOMAS COOK (INDIA) LTD,110.0,111.35,108.0,108.43,110.06,841847
2026-08-28,THOMASCOTT,THOMAS SCOTT (INDIA) LTD,279.9,285.0,270.0,277.25,279.6,50583
2026-08-28,THYROCARE,THYROCARE TECH LTD,581.45,589.1,579.0,584.35,581.45,170008
2026-08-28,TIGERLOGS,TIGER LOGISTICS (INDIA) L,30.09,30.39,29.0,29.45,30.09,92798
2026-08-28,TIJARIA,TIJARIA POLYPIPES LTD,5.93,6.3,5.7,6.02,5.92,124221
2026-08-28,TI,TILAKNAGAR INDUSTRIES LTD,556.1,574.0,553.0,567.2,557.8,411373
2026-08-28,TIMETECHNO,TIME TECHNOPLAST LTD.,185.67,189.79,185.31,186.29,185.67,2984174
2026-08-28,TIMEX,TIMEX GROUP INDIA LTD.,630.8,657.0,629.0,653.75,624.05,384200
2026-08-28,TIMKEN,TIMKEN INDIA LTD.,3192.0,3207.2,3142.4,3149.8,3183.4,32308
2026-08-28,TINNARUBR,TINNA RUBBER AND INFR LTD,1008.4,1015.8,995.1,996.1,998.4,22357
2026-08-28,TIPSFILMS,TIPS FILMS LIMITED,339.9,343.5,333.0,334.3,342.15,10675
2026-08-28,TIPSMUSIC,TIPS MUSIC LIMITED,660.0,660.25,644.05,648.05,660.0,191676
2026-08-28,TITAGARH,TITAGARH RAIL SYSTEMS LTD,831.0,843.4,826.8,835.35,831.15,225348
2026-08-28,TITAN,TITAN COMPANY LIMITED,5155.0,5169.9,5136.0,5169.2,5139.3,547804
2026-08-28,TOKYOPLAST,TOKYO PLAST INTL LTD,76.0,77.25,76.0,77.24,77.25,210
2026-08-28,TOLINS,TOLINS TYRES LIMITED,97.0,97.0,94.52,95.0,95.29,27319
2026-08-28,TORNTPHARM,TORRENT PHARMACEUTICALS L,5000.0,5050.0,4967.0,5050.0,4999.0,184156
2026-08-28,TORNTPOWER,TORRENT POWER LTD,1237.4,1237.4,1212.6,1217.7,1230.1,213261
2026-08-28,TOTAL,TOTAL TRANSPORT SYS LTD,70.0,72.0,68.54,70.77,69.57,20945
2026-08-28,TOUCHWOOD,TOUCHWOOD ENTERTAIN LTD.,61.0,61.9,59.0,60.69,61.0,2680
2026-08-28,TFCILTD,TOURISM FINANCE CORP. OF,142.0,144.62,139.55,140.54,141.84,8389884
2026-08-28,TOYAMSL,TOYAM SPORTS LTD.,0.63,0.64,0.61,0.63,0.62,621993
2026-08-28,TPLPLASTEH,TPL PLASTECH LIMITED,78.02,78.39,72.9,73.4,77.44,258779
2026-08-28,TRACXN,TRACXN TECHNOLOGIES LTD,29.8,30.24,29.52,29.76,30.06,85210
2026-08-28,TARIL,TRANS & RECTI. LTD,304.8,308.45,301.6,303.45,304.15,729621
2026-08-28,TRANSCOR,TRANSCORP INTERNATIONAL L,25.5,25.8,24.0,24.7,25.95,4184
2026-08-28,TREL,TRANSINDIA REAL ESTATE L,26.51,27.5,26.51,27.18,26.49,166860
2026-08-28,TCI,TRANSPORT CORPN OF INDIA,901.35,901.35,883.15,888.1,897.3,27292
2026-08-28,TRANSRAILL,TRANSRAIL LIGHTING LTD,458.0,458.95,452.05,452.75,458.5,359968
2026-08-28,TFL,TRANSWARRANTY FIN. LTD.,12.45,12.85,11.62,12.46,12.07,12439
2026-08-28,TRAVELFOOD,TRAVEL FOOD SERVICES LTD,1333.0,1336.6,1290.0,1297.7,1333.9,54197
2026-08-28,TREEHOUSE,TREE HOUSE EDU LTD,6.28,6.33,6.1,6.27,6.28,5340
2026-08-28,TREJHARA,TREJHARA SOLUTIONS LTD,151.8,151.88,143.15,144.2,149.89,21578
2026-08-28,TRENT,TRENT LTD,2890.4,2911.2,2875.8,2898.0,2878.5,469911
2026-08-28,TRF,TRF LIMITED,230.83,231.67,228.0,229.48,229.22,4996
2026-08-28,TBZ,TRIB BHIMJI ZAVERI LTD,306.0,311.25,294.8,301.7,306.1,998166
2026-08-28,TRIDENT,TRIDENT LIMITED,24.4,24.48,24.27,24.32,24.38,1788468
2026-08-28,TRIGYN,TRIGYN TECHNOLOGIES LTD,59.45,64.82,59.0,62.85,60.09,221932
2026-08-28,TRITONV,TRITON VALVES LTD.,1140.2,1160.1,1126.2,1148.5,1144.9,1875
2026-08-28,TRIVENI,TRIVENI ENGG. & INDS. LTD,285.3,287.93,279.42,283.82,282.21,792373
2026-08-28,TRITURBINE,TRIVENI TURBINE LIMITED,588.1,592.95,578.0,580.3,583.45,270490
2026-08-28,TRUALT,TRUALT BIOENERGY LIMITED,434.0,438.6,430.85,434.15,433.85,69662
2026-08-28,TRU,TRUCAP FINANCE LIMITED,4.15,4.15,3.96,4.12,4.04,209566
2026-08-28,TSFINV,TSF INVESTMENTS LIMITED,404.95,409.95,403.0,407.2,404.2,40490
2026-08-28,TTKHLTCARE,TTK HEALTHCARE LIMITED,1087.9,1150.9,1081.0,1134.2,1080.2,75111
2026-08-28,TTKPRESTIG,TTK PRESTIGE LTD,606.9,610.95,592.0,593.7,606.9,31260
2026-08-28,TIINDIA,TUBE INVEST OF INDIA LTD,2870.0,2885.7,2831.5,2840.0,2870.0,123842
2026-08-28,TURTLEMINT,TURTLEMINT FINTECH SOLS L,153.62,160.0,148.0,152.65,153.64,3794826
2026-08-28,TUTIALKA,TUTICORIN ALKAL CH & FE L,60.0,61.73,59.06,59.47,59.04,12125
2026-08-28,TVTODAY,TV TODAY NETWORK LTD,112.1,114.7,111.13,112.04,113.13,50189
2026-08-28,TVSELECT,TVS ELECTRONICS LTD,444.0,444.0,435.25,437.4,443.05,27147
2026-08-28,TVSHLTD,TVS HOLDINGS LIMITED,13435.0,13587.0,13361.0,13450.0,13434.0,3931
2026-08-28,TVSMOTOR,TVS MOTOR COMPANY  LTD,4409.8,4425.0,4161.5,4304.2,4409.8,2654527
2026-08-28,TVSSRICHAK,TVS SRICHAKRA LIMITED,5251.4,5314.8,5155.3,5292.3,5244.5,20685
2026-08-28,TVSSCS,TVS SUPPLY CHAIN SOL L,131.09,133.66,130.3,131.56,130.79,884652
2026-08-28,UPHOT,U P HOTELS LTD.,1397.0,1464.9,1397.0,1464.9,1397.0,16
2026-08-28,UCOBANK,UCO BANK,25.55,25.71,25.35,25.48,25.49,3624254
2026-08-28,UDAYJEW,UDAY JEWELLERY INDS. LTD.,142.85,144.75,130.2,137.96,143.28,1601
2026-08-28,USK,UDAYSHIVAKUMAR INFRA LTD,21.31,21.89,21.0,21.54,21.31,10584
2026-08-28,UFLEX,UFLEX LIMITED,635.0,658.85,631.0,634.35,631.0,292297
2026-08-28,UFO,UFO MOVIEZ INDIA LTD.,66.27,69.6,64.55,66.49,65.54,54139
2026-08-28,UGROCAP,UGRO CAPITAL LIMITED,87.22,88.5,86.51,86.96,87.22,190255
2026-08-28,UEL,UJAAS ENERGY LIMITED,189.33,189.33,189.33,189.33,180.32,2841
2026-08-28,UJJIVANSFB,UJJIVAN SMALL FINANC BANK,68.7,69.23,67.6,67.85,68.57,6875259
2026-08-28,ULTRAMAR,ULTRAMARINE & PIGMENTS L,426.65,429.0,406.8,411.3,423.3,103267
2026-08-28,ULTRACEMCO,ULTRATECH CEMENT LIMITED,11705.0,11746.0,11523.0,11589.0,11717.0,235738
2026-08-28,UMIYA-MRO,UMIYA BUILDCON LIMITED,88.63,96.0,88.16,94.64,88.68,58425
2026-08-28,UNICHEMLAB,UNICHEM LABORATORIES LTD,542.85,570.0,535.0,564.25,539.75,330176
2026-08-28,UNIECOM,UNICOMMERCE ESOLUTIONS L,84.1,89.0,83.91,87.18,84.0,307248
2026-08-28,UNIINFO,UNIINFO TELECOM SERVI LTD,10.92,10.97,10.43,10.97,10.97,959
2026-08-28,UNIMECH,UNIMECH AEROSPACE N MFG L,1498.0,1511.7,1482.5,1503.1,1485.4,99475
2026-08-28,UNIONBANK,UNION BANK OF INDIA,184.7,186.31,184.09,186.0,184.5,3617223
2026-08-28,UNIONGOLD,UNIONAMC - UNIONGOLD,153.1,155.45,151.15,155.3,153.1,5872
2026-08-28,UNIPARTS,UNIPARTS INDIA LIMITED,817.4,879.8,813.05,873.15,808.3,467444
2026-08-28,UNIENTER,UNIPHOS ENTERPRISES LTD,96.04,96.95,92.74,94.1,96.04,4514
2026-08-28,UNITECH,UNITECH LTD,3.95,3.97,3.88,3.9,3.92,3787223
2026-08-28,UBL,UNITED BREWERIES LTD,1343.0,1345.2,1330.0,1334.1,1346.6,36542
2026-08-28,UNITEDTEA,UNITED NILGIRI TEA LTD,458.85,458.85,451.0,454.0,454.9,357
2026-08-28,UNITEDPOLY,UNITED POLYFAB GUJ. LTD.,37.44,39.5,37.11,38.8,37.44,165582
2026-08-28,UNITDSPR,UNITED SPIRITS LIMITED,1526.0,1540.0,1497.7,1510.0,1522.0,612774
2026-08-28,UNIVCABLES,UNIVERSAL CABLES LTD,1610.0,1700.0,1605.8,1693.2,1607.3,333702
2026-08-28,UNOMINDA,UNO MINDA LIMITED,1282.0,1283.1,1263.4,1276.0,1280.0,552647
2026-08-28,UDS,UPDATER SERVICES LIMITED,222.0,224.62,221.0,222.48,221.82,137777
2026-08-28,UPL,UPL LIMITED,580.0,580.05,569.55,571.0,578.1,1181623
2026-08-28,URBANCO,URBAN COMPANY LIMITED,167.9,171.44,165.91,168.41,167.36,8658242
2026-08-28,URJA,URJA GLOBAL LIMITED,9.25,9.3,9.15,9.19,9.25,427256
2026-08-28,UMESLTD,USHA MARTIN EDU & SOL LTD,5.5,5.5,4.8,5.3,5.14,29979
2026-08-28,USHAMART,USHA MARTIN LTD.,491.0,498.7,487.5,492.45,489.15,386312
2026-08-28,UTIAMC,UTI ASSET MNGMT CO LTD,890.7,896.45,886.15,887.7,890.7,50141
2026-08-28,NIF500BETA,UTIAMC - NIF500BETA,37.86,38.0,37.75,37.85,37.85,2226
2026-08-28,BANKBETA,UTIAMC-BANKBETA,59.58,59.72,59.31,59.48,59.58,1102472
2026-08-28,GILT10BETA,UTIAMC-GILT10BETA,26.87,26.87,26.87,26.87,26.92,1205
2026-08-28,GILT5BETA,UTIAMC-GILT5BETA,66.15,67.1,66.15,66.5,65.85,346
2026-08-28,ITBETA,UTIAMC-ITBETA,327.9,330.21,326.47,328.0,319.0,3772
2026-08-28,MIDCAPBETA,UTIAMC-MIDCAPBETA,238.84,238.84,237.09,238.13,238.01,426
2026-08-28,NEXT50BETA,UTIAMC-NEXT50BETA,80.54,80.69,79.52,79.81,80.29,103520
2026-08-28,NIFTYBETA,UTIAMC-NIFTYBETA,274.97,274.97,267.42,268.24,268.27,47612
2026-08-28,SENSEXBETA,UTIAMC-SENSEXBETA,857.94,870.99,855.0,863.35,857.94,599
2026-08-28,SILVERBETA,UTIAMC-SILVERBETA,229.0,233.97,226.67,232.73,228.62,439627
2026-08-28,SNXT50BETA,UTIAMC-SNXT50BETA,96.85,97.0,95.85,96.24,96.85,994
2026-08-28,GOLDBETA,UTIAMC-UTIGOLDBETA,133.95,134.0,131.5,133.3,132.6,577545
2026-08-28,UTKARSHBNK,UTKARSH SMALL FIN BANK L,14.85,14.96,14.53,14.68,14.92,3732185
2026-08-28,UTTAMSUGAR,UTTAM SUGAR MILLS LTD.,301.81,306.68,294.1,299.55,298.34,362389
2026-08-28,VTMLTD,V T M LTD.,58.39,58.9,56.55,58.2,56.47,86409
2026-08-28,VGUARD,V-GUARD IND LTD.,330.05,337.95,330.05,333.25,331.5,349373
2026-08-28,V2RETAIL,V2 RETAIL LIMITED,223.39,224.0,220.5,221.32,222.4,620306
2026-08-28,WABAG,VA TECH WABAG LTD,2133.9,2139.0,2063.0,2086.1,2133.9,644576
2026-08-28,VADILENT,VADILAL ENTERPRISES LTD.,9700.0,11754.0,9700.0,10833.0,9795.0,298
2026-08-28,VADILALIND,VADILAL INDUSTRIES LTD,7410.0,8020.0,7385.0,7900.0,7444.5,43027
2026-08-28,VAIBHAVGBL,VAIBHAV GLOBAL LIMITED,222.2,225.7,220.7,221.55,222.2,160964
2026-08-28,VAISHALI,VAISHALI PHARMA LIMITED,8.33,8.46,8.2,8.31,8.33,58628
2026-08-28,VAKRANGEE,VAKRANGEE LIMITED,5.91,5.99,5.81,5.89,5.92,794251
2026-08-28,DBREALTY,VALOR ESTATE LIMITED,107.01,109.5,105.5,107.37,106.85,1049285
2026-08-28,VHL,VARDHMAN HOLDINGS LIMITED,3342.1,3525.0,3342.1,3506.9,3392.3,596
2026-08-28,VARDMNPOLY,VARDHMAN POLYTEX LTD.,5.92,6.15,5.9,5.98,6.01,147794
2026-08-28,VSSL,VARDHMAN SPC STEEL LTD,357.0,357.0,346.95,348.55,358.05,68075
2026-08-28,VTL,VARDHMAN TEXTILES LIMITED,592.0,598.45,587.5,592.75,594.6,103519
2026-08-28,VARROC,VARROC ENGINEERING LTD.,811.0,829.5,803.35,821.85,813.15,194076
2026-08-28,VBL,VARUN BEVERAGES LIMITED,418.65,420.9,412.2,414.0,418.75,7918746
2026-08-28,VGL,VARVEE GLOBAL LIMITED,57.0,58.99,56.15,58.22,56.85,9637
2026-08-28,VASCONEQ,VASCON ENGINEERS LTD,30.88,31.25,30.81,30.98,30.78,213371
2026-08-28,VASWANI,VASWANI IND LTD,48.42,49.5,48.42,48.98,48.42,5704
2026-08-28,MANYAVAR,VEDANT FASHIONS LIMITED,544.0,550.5,537.0,547.8,544.55,255004
2026-08-28,VAML,VEDANTA ALUMINIUM METAL L,455.9,460.7,452.4,456.15,454.45,6349673
2026-08-28,VISL,VEDANTA IRON AND STEEL L,38.7,39.59,38.4,38.59,38.85,20299879
2026-08-28,VEDL,VEDANTA LIMITED,283.7,289.5,282.4,287.95,281.0,19438996
2026-08-28,VOGL,VEDANTA OIL AND GAS LTD,41.9,42.7,40.12,40.32,41.98,50083778
2026-08-28,VEDPOWER,VEDANTA POWER LIMITED,37.65,37.75,36.51,36.64,37.5,13250516
2026-08-28,VEDAVAAG,VEDAVAAG SYSTEMS LTD.,18.9,18.9,18.0,18.33,18.36,18350
2026-08-28,VEEDOL,VEEDOL CORPORATION LTD,1499.8,1506.0,1487.7,1496.1,1491.5,4534
2026-08-28,VENKEYS,VENKY S (INDIA) LIMITED,1583.0,1587.3,1565.0,1571.9,1575.6,14290
2026-08-28,VENTIVE,VENTIVE HOSPITALITY LTD,582.6,590.0,581.55,587.1,583.5,8952
2026-08-28,VENUSPIPES,VENUS PIPES & TUBES LTD,1655.0,1668.8,1620.0,1634.3,1653.8,65204
2026-08-28,VERANDA,VERANDA LEARNING SOL LTD,242.5,244.0,238.6,240.65,243.55,182964
2026-08-28,VESUVIUS,VESUVIUS INDIA LTD,424.1,428.2,418.3,421.55,422.4,106746
2026-08-28,VSTL,VIBHOR STEEL TUBES LTD,113.8,113.8,109.05,110.82,112.63,9476
2026-08-28,VGCL,VIBRANT GLOBAL CAPITAL L,61.0,62.01,56.57,57.75,59.38,27178
2026-08-28,VIDHIING,VIDHI SPCLTY F INGRDNTS L,352.65,360.0,347.9,355.7,350.1,75581
2026-08-28,VIDYAWIRES,VIDYA WIRES LIMITED,86.45,90.09,86.37,90.07,85.8,2554647
2026-08-28,VIJSOLX,VIJAY SOLVEX LTD.,699.0,699.0,686.25,690.0,696.0,255
2026-08-28,VIJAYA,VIJAYA DIAGNOSTIC CEN LTD,1472.4,1479.9,1440.0,1452.5,1472.4,123663
2026-08-28,VIKASECO,VIKAS ECOTECH LIMITED,1.15,1.16,1.13,1.14,1.14,1874986
2026-08-28,VIKASLIFE,VIKAS LIFECARE LIMITED,1.36,1.38,1.33,1.35,1.36,2479223
2026-08-28,VIKRAMSOLR,VIKRAM SOLAR LIMITED,172.89,174.49,171.1,172.71,172.01,1282945
2026-08-28,VIKRAN,VIKRAN ENGINEERING LTD,59.52,60.21,59.0,59.39,59.47,921337
2026-08-28,VIMTALABS,VIMTA LABS LIMITED,617.8,620.7,612.0,617.7,615.0,67057
2026-08-28,VINATIORGA,VINATI ORGANICS LTD,1325.0,1332.8,1322.0,1325.2,1318.4,19076
2026-08-28,VINDHYATEL,VINDHYA TELELINKS LTD,2530.0,2595.0,2525.0,2585.5,2530.5,51176
2026-08-28,VINEETLAB,VINEET LABORATORIES LTD,40.0,40.0,38.13,38.68,39.01,41952
2026-08-28,VINNY,VINNY OVERSEAS LIMITED,1.05,1.06,1.04,1.05,1.04,210648
2026-08-28,VINCOFE,VINTAGE COFFEE N BVRGS L,175.0,181.66,174.11,177.97,174.65,4029164
2026-08-28,VINYLINDIA,VINYL CHEMICALS (I) LTD.,238.0,238.0,232.82,234.25,234.75,4451
2026-08-28,VIPCLOTHNG,VIP CLOTHING LIMITED,20.02,20.77,20.02,20.37,20.38,29428
2026-08-28,VIPIND,VIP INDUSTRIES LTD,302.4,309.3,299.85,305.8,304.3,365257
2026-08-28,VIRAT,VIRAT INDUSTRIES LTD.,440.25,474.7,435.95,466.05,442.05,11161
2026-08-28,VIRINCHI,VIRINCHI LIMITED,15.5,15.5,14.85,14.98,15.1,66728
2026-08-28,VIRTUALG,VIRTUAL GLOBAL EDU LTD,0.53,0.54,0.51,0.53,0.51,558395
2026-08-28,VOEPL,VIRTUOSO OPTOELECTRONIC L,570.0,591.6,556.6,570.65,572.7,181264
2026-08-28,VISACHROME,VISA CHROME LIMITED,38.0,39.07,37.84,39.07,37.21,159657
2026-08-28,VIVIDHA,VISAGAR POLYTEX LTD,0.52,0.53,0.51,0.52,0.52,118614
2026-08-28,VISAKAIND,VISAKA INDUSTRIES LIMITED,91.02,93.5,89.0,89.65,91.02,221890
2026-08-28,VISHAL,VISHAL FABRICS LTD.,19.3,19.3,18.5,18.7,18.7,11364
2026-08-28,VMM,VISHAL MEGA MART LIMITED,108.5,108.5,107.0,107.0,108.0,5132761
2026-08-28,VISHNU,VISHNU CHEMICALS LIMITED,647.0,656.35,643.6,652.2,647.85,77007
2026-08-28,VPRPL,VISHNU PRAKASH R PUNGLI L,33.16,33.42,31.8,32.16,32.99,350253
2026-08-28,VISHWARAJ,VISHWARAJ SUGAR IND LTD,5.86,6.24,5.86,6.04,5.92,565540
2026-08-28,VIVOBIOT,VIVO BIO TECH LTD.,18.98,18.98,17.65,18.11,18.8,13463
2026-08-28,VIYASH,VIYASH SCIENTIFIC LIMITED,260.0,268.0,256.95,267.4,259.5,7083862
2026-08-28,VLSFINANCE,VLS FINANCE LTD,251.9,251.9,242.4,243.75,246.25,6675
2026-08-28,VMART,VMART RETAIL LTD,835.95,841.0,805.2,819.65,836.05,188815
2026-08-28,VMSTMT,VMS TMT LIMITED,46.5,46.8,45.92,46.05,46.26,20154
2026-08-28,IDEA,VODAFONE IDEA LIMITED,15.03,15.1,14.6,14.68,14.97,375500261
2026-08-28,VOITHPAPR,VOITH PAPER FABRICS IND L,1459.8,1459.8,1450.0,1451.7,1459.8,150
2026-08-28,VOLTAMP,VOLTAMP TRANSFORMERS LTD,11218.0,11338.0,11000.0,11038.5,11228.5,19236
2026-08-28,VOLTAS,VOLTAS LTD,1225.0,1225.0,1195.0,1200.0,1217.5,761300
2026-08-28,VRAJ,VRAJ IRON AND STEEL LTD,127.19,129.49,125.13,125.47,127.19,17793
2026-08-28,VRLLOG,VRL LOGISTICS LIMITED,295.0,299.9,292.55,295.95,293.9,268516
2026-08-28,VSTIND,VST INDUSTRIES LTD,212.4,212.4,209.5,210.45,211.23,82104
2026-08-28,VSTTILLERS,VST TILLERS TRACTORS LTD,4455.0,4460.4,4365.1,4381.6,4375.0,6151
2026-08-28,WPIL,W P I L LTD.,448.6,454.95,441.25,447.75,448.65,19718
2026-08-28,WSI,W.S.INDUSTRIES (I) LTD.,61.16,62.99,59.27,61.86,60.2,117829
2026-08-28,WAAREEENER,WAAREE ENERGIES LIMITED,2623.9,2650.0,2593.2,2640.0,2624.0,488508
2026-08-28,WAAREERTL,WAAREE RENEWABLE TECH LTD,874.8,884.7,870.05,878.7,874.95,171468
2026-08-28,WAKEFIT,WAKEFIT INNOVATIONS LTD,146.5,151.88,144.05,144.71,147.72,1135910
2026-08-28,WALCHANNAG,WALCHANDNAGAR INDUSTRIES,222.99,224.39,220.62,221.09,222.26,388344
2026-08-28,WANBURY,WANBURY LIMITED,255.5,262.0,255.0,257.5,254.65,88873
2026-08-28,WARDINMOBI,WARDWIZARD INNO & MOB L,5.99,6.99,5.75,5.87,5.89,399468
2026-08-28,WATERBASE,WATERBASE LTD.,48.76,50.99,47.62,49.89,48.76,33531
2026-08-28,CORDELIA,WATERWAYS LEISURE TOUR L,105.0,106.95,100.15,105.05,105.0,4082279
2026-08-28,WEWIN,WE WIN LIMITED,46.0,47.48,45.7,46.81,46.21,2307
2026-08-28,TWCGOLDETF,WEALTH - TWCGOLDETF,156.6,158.25,155.15,157.6,156.6,6880
2026-08-28,WEALTH,WEALTH FRST PORT. MG. LTD,860.0,864.85,844.15,848.3,864.15,1274
2026-08-28,WEBELSOLAR,WEBSOL ENERGY SYSTEM LTD,77.3,78.49,76.95,77.84,77.29,1471654
2026-08-28,WEIZMANIND,WEIZMANN LTD,76.0,76.99,74.0,74.09,75.6,1916
2026-08-28,WELCORP,WELSPUN CORP LIMITED,2430.0,2443.9,2351.0,2373.8,2405.8,1342665
2026-08-28,WELENT,WELSPUN ENTERPRISES LTD.,677.0,685.75,661.6,670.3,676.6,398894
2026-08-28,WELSPUNLIV,WELSPUN LIVING LIMITED,192.29,195.35,188.99,190.46,192.29,3068541
2026-08-28,WELSPLSOL,WELSPUN SPECIALTY SOL L,54.05,55.0,53.0,53.29,54.03,370412
2026-08-28,WENDT,WENDT (INDIA) LIMITED,8446.5,8446.5,8191.0,8243.5,8376.0,7022
2026-08-28,WSTCSTPAPR,WEST COAST PAPER MILLS LT,611.7,617.9,605.0,612.5,606.85,163884
2026-08-28,WCIL,WESTERN CARRIERS (IND) L,87.3,87.49,84.92,85.74,87.12,73305
2026-08-28,WESTLIFE,WESTLIFE FOODWORLD LTD,567.8,569.7,552.95,555.75,563.25,47269
2026-08-28,WEWORK,WEWORK INDIA MANAGEMENT L,676.95,694.25,667.8,691.6,675.35,203332
2026-08-28,WHEELS,WHEELS INDIA LTD,1527.0,1613.7,1506.6,1547.7,1516.3,316555
2026-08-28,WHIRLPOOL,WHIRLPOOL OF INDIA LTD,835.0,835.0,806.1,813.25,841.15,893000
2026-08-28,WILLAMAGOR,WILLIAMSON MAGOR,24.58,26.0,23.62,24.0,24.1,2961
2026-08-28,WINDLAS,WINDLAS BIOTECH LIMITED,990.35,1004.9,978.05,998.55,987.15,33748
2026-08-28,WINDMACHIN,WINDSOR MACHINES LIMITED,304.55,308.9,300.0,301.9,303.95,42122
2026-08-28,WIPRO,WIPRO LTD,178.25,181.85,178.25,180.95,176.4,14686269
2026-08-28,WOCKPHARMA,WOCKHARDT LIMITED,1976.1,2045.0,1963.1,1977.1,1962.0,1581060
2026-08-28,WEL,WONDER ELECTRICALS LTD,99.8,99.8,99.8,99.8,124.74,1368633
2026-08-28,WONDERLA,WONDERLA HOLIDAYS LTD.,546.45,555.0,532.8,537.1,542.25,199353
2026-08-28,WORTHPERI,WORTH PERIPHERALS LIMITED,152.66,160.0,152.66,159.55,153.38,9269
2026-08-28,XCHANGING,XCHANGING SOLUTIONS LTD,61.01,61.83,60.91,61.38,61.29,30996
2026-08-28,XELPMOC,XELPMOC DESIGN & TECH LTD,83.45,83.45,81.05,81.64,81.09,5212
2026-08-28,XPROINDIA,XPRO INDIA LIMITED,1141.9,1149.4,1131.9,1139.4,1137.1,60756
2026-08-28,XTGLOBAL,XTGLOBAL INFOTECH LIMITED,29.99,33.54,29.83,32.16,29.88,574198
2026-08-28,XTRANET,XTRANET TECHNOLOGIES LTD,165.0,197.11,163.0,197.11,164.26,5428284
2026-08-28,YASHO,YASHO INDUSTRIES LIMITED,4341.7,4450.0,4304.1,4338.8,4341.7,16813
2026-08-28,YATHARTH,YATHARTH HOSP & TRA C S L,979.0,1024.85,956.3,967.4,973.05,1376658
2026-08-28,YATRA,YATRA ONLINE LIMITED,108.34,111.75,105.49,109.82,107.81,1574744
2026-08-28,YESBANK,YES BANK LIMITED,22.31,22.36,22.01,22.1,22.26,63531708
2026-08-28,YOGI,YOGI LTD.,165.4,165.4,165.4,165.4,165.38,513
2026-08-28,YUKEN,YUKEN INDIA LIMITED,937.25,1004.4,930.25,993.4,928.7,43929
2026-08-28,ZFSTEERING,Z F STEERING GEAR (I) LTD,682.0,682.0,666.05,670.95,671.25,4947
2026-08-28,ZAGGLE,ZAGGLE PREPA OCEAN SER L,189.43,193.4,188.4,190.26,189.43,1160425
2026-08-28,ZEEL,ZEE ENTERTAINMENT ENT LTD,105.2,106.24,100.85,101.51,103.98,20423986
2026-08-28,ZEEMEDIA,ZEE MEDIA CORPORATION LTD,8.65,9.2,8.65,8.93,8.61,4361082
2026-08-28,ZENTEC,ZEN TECHNOLOGIES LIMITED,1825.0,1837.0,1805.3,1820.1,1825.6,221628
2026-08-28,ZENITHEXPO,ZENITH EXPORTS LTD,214.78,214.78,214.78,214.78,214.78,1
2026-08-28,ZENITHSTL,ZENITH STEEL PIP IND LTD,5.41,5.54,5.35,5.37,5.4,98522
2026-08-28,ZENSARTECH,ZENSAR TECHNOLOGIES  LTD,465.8,475.0,464.35,470.6,463.75,1834114
2026-08-28,GOLDCASE,ZERODHAAMC - GOLDCASE,25.35,25.35,24.55,24.9,24.74,12105364
2026-08-28,LIQUIDCASE,ZERODHAAMC - LIQUIDCASE,115.71,115.71,115.69,115.7,115.65,20472543
2026-08-28,LTGILTCASE,ZERODHAAMC - LTGILTCASE,30.54,30.58,30.47,30.54,30.55,62977
2026-08-28,MID150CASE,ZERODHAAMC - MID150CASE,12.14,12.14,11.8,11.87,11.85,1372459
2026-08-28,NIFTYCASE,ZERODHAAMC - NIFTYCASE,9.9,9.9,9.68,9.69,9.71,903063
2026-08-28,SILVERCASE,ZERODHAAMC - SILVERCASE,24.52,25.5,23.89,24.49,23.96,13263373
2026-08-28,SML100CASE,ZERODHAAMC - SML100CASE,11.5,11.5,11.39,11.42,11.41,1031488
2026-08-28,TOP100CASE,ZERODHAAMC - TOP100CASE,10.7,10.7,10.62,10.67,10.65,911422
2026-08-28,ZFCVINDIA,ZF COM VE CTR SYS IND LTD,2592.0,2592.0,2541.2,2568.0,2570.5,70679
2026-08-28,ZIMLAB,ZIM LABORATORIES LIMITED,122.21,126.99,122.2,125.46,125.21,43488
2026-08-28,ZODIACLOTH,ZODIAC CLOTHING CO. LTD.,73.0,77.14,73.0,73.19,72.63,5896
2026-08-28,ZODIAC,ZODIAC ENERGY LIMITED,245.0,251.9,243.35,247.25,245.8,11449
2026-08-28,ZOTA,ZOTA HEALTH CARE LIMITED,1081.3,1103.4,1072.0,1082.7,1081.3,158966
2026-08-28,ZUARI,ZUARI AGRO CHEMICALS LTD,231.1,243.5,230.32,240.76,230.83,408824
2026-08-28,ZUARIIND,ZUARI INDUSTRIES LIMITED,270.3,280.0,270.3,272.95,270.85,67186
2026-08-28,ZYDUSLIFE,ZYDUS LIFESCIENCES LTD,1190.0,1198.9,1170.6,1191.0,1189.2,1291738
2026-08-28,ZYDUSWELL,ZYDUS WELLNESS LIMITED,535.2,541.55,525.1,526.55,535.2,171032
