date,symbol,name,open,high,low,close,prev_close,volume
2026-09-16,20MICRONS,20 MICRONS LTD,201.29,206.0,194.05,203.23,201.29,142761
2026-09-16,21STCENMGM,21ST CENTURY MGMT SERVICE,38.99,38.99,38.22,38.37,39.0,190
2026-09-16,360ONE,360 ONE WAM LIMITED,1051.2,1061.9,1042.4,1045.6,1052.1,635279
2026-09-16,GOLD360,360ONEAMC - GOLD360,146.2,147.8,137.15,147.35,145.8,130306
2026-09-16,MSCI360,360ONEAMC - MSCI360,9.81,9.98,9.76,9.87,9.77,3079
2026-09-16,SILVER360,360ONEAMC - SILVER360,224.3,226.1,224.15,225.16,222.74,32081
2026-09-16,3BBLACKBIO,3B BLACKBIO DX LTD.,1355.0,1367.2,1285.0,1292.6,1355.8,24554
2026-09-16,3MINDIA,3M INDIA LIMITED,31710.0,33550.0,31600.0,31935.0,31590.0,27574
2026-09-16,3PLAND,3P LAND HOLDINGS LIMITED,31.01,31.58,29.65,31.28,30.8,1449
2026-09-16,5PAISA,5PAISA CAPITAL LIMITED,313.2,319.0,307.2,316.85,313.2,33376
2026-09-16,63MOONS,63 MOONS TECHNOLOGIES LTD,869.65,875.45,824.55,848.15,864.0,268737
2026-09-16,ABCOTS,A B COTSPIN INDIA LIMITED,209.0,211.9,201.02,204.63,206.04,1377
2026-09-16,ABMKNO,A B M KNOWLEDGEWARE LTD.,174.72,179.9,168.3,171.04,174.71,513
2026-09-16,AKCAPIT,A K CAPITAL SERVICES LTD.,1714.1,1755.0,1710.0,1715.4,1714.1,1051
2026-09-16,A2ZINFRA,A2Z INFRA ENGINEERING LTD,15.2,15.51,14.56,14.7,15.11,255635
2026-09-16,AAATECH,AAA TECHNOLOGIES LIMITED,92.81,94.0,90.81,92.54,91.98,230663
2026-09-16,AADHARHFC,AADHAR HOUSING FINANCE L,450.0,460.95,440.15,458.7,448.35,157363
2026-09-16,AAKASH,AAKASH EXPLORATION SER L,8.72,8.99,8.72,8.82,8.83,60235
2026-09-16,AAREYDRUGS,AAREY DRUGS & PHARM LTD,101.0,101.0,94.15,99.94,98.82,483322
2026-09-16,AARON,AARON INDUSTRIES LIMITED,123.18,126.89,120.96,124.71,123.18,14637
2026-09-16,AARTIDRUGS,AARTI DRUGS LTD.,428.0,431.7,411.0,424.3,426.35,137839
2026-09-16,AARTIIND,AARTI INDUSTRIES LTD,470.5,474.45,459.55,472.85,468.7,521378
2026-09-16,AARTIPHARM,AARTI PHARMALABS LIMITED,785.0,819.8,765.0,813.0,789.45,378693
2026-09-16,AARVI,AARVI ENCON LIMITED,141.58,143.69,139.25,140.07,141.39,9027
2026-09-16,AASTHA,AASTHA SPINTEX LIMITED,76.91,76.91,71.72,74.33,76.38,356386
2026-09-16,AAVAS,AAVAS FINANCIERS LIMITED,1265.0,1289.4,1252.8,1282.5,1270.3,61560
2026-09-16,ABANSENT,ABANS ENTERPRISES LTD.,27.82,28.14,26.92,27.0,27.83,4690
2026-09-16,AFSL,ABANS FINANCIAL SRVCS LTD,201.01,201.8,201.0,201.02,201.03,8483
2026-09-16,ABB,ABB INDIA LIMITED,7005.0,7051.0,6905.5,6980.0,7005.0,115646
2026-09-16,ABBOTINDIA,ABBOTT INDIA LIMITED,26195.0,26450.0,25500.0,26125.0,26125.0,5678
2026-09-16,ACC,ACC LIMITED,1233.0,1235.0,1219.1,1226.6,1225.2,85875
2026-09-16,ACCELYA,ACCELYA SOLN INDIA LTD,1112.2,1118.4,1106.1,1116.1,1112.2,5452
2026-09-16,ACEINTEG,ACE INTEGRATED SOLU. LTD.,18.0,18.39,17.22,17.61,17.75,2250
2026-09-16,ACMESOLAR,ACME SOLAR HOLDINGS LTD,419.45,425.5,412.0,418.0,420.4,1349732
2026-09-16,ACE,ACTION CONST EQUIP LTD,1130.0,1158.0,1102.0,1149.7,1132.1,425403
2026-09-16,ACUTAAS,ACUTAAS CHEMICALS LIMITED,3275.0,3359.0,3188.8,3344.7,3266.2,243061
2026-09-16,ADANIENSOL,ADANI ENERGY SOLUTION LTD,1347.6,1371.3,1341.6,1349.2,1347.5,946914
2026-09-16,ADANIENT,ADANI ENTERPRISES LIMITED,2957.0,2972.9,2914.3,2920.0,2928.6,764624
2026-09-16,ADANIGREEN,ADANI GREEN ENERGY LTD,1253.9,1276.9,1245.6,1270.2,1255.0,624972
2026-09-16,ADANIPORTS,ADANI PORT & SEZ LTD,1722.9,1737.9,1707.0,1723.8,1713.8,1060410
2026-09-16,ADANIPOWER,ADANI POWER LTD,202.1,205.0,200.4,202.34,202.0,12105905
2026-09-16,ATGL,ADANI TOTAL GAS LIMITED,581.0,597.25,580.25,586.5,580.15,838761
2026-09-16,ADDIND,ADDI INDUSTRIES LTD.,78.6,79.79,76.25,79.0,79.0,52
2026-09-16,ADFFOODS,ADF FOODS LIMITED,261.45,274.95,248.8,267.15,261.3,159718
2026-09-16,ABSLAMC,ADIT BIRL SUN LIF AMC LTD,1032.0,1069.8,1004.0,1058.4,1037.9,168606
2026-09-16,ABCAPITAL,ADITYA BIRLA CAPITAL LTD.,378.8,384.05,378.0,381.3,378.8,1287557
2026-09-16,ABFRL,ADITYA BIRLA FASHION & RT,49.4,50.45,48.91,49.74,49.02,8057945
2026-09-16,ABLBL,ADITYA BIRLA LIFES BRAN L,82.64,83.17,82.11,82.4,82.95,535560
2026-09-16,BIRLAMONEY,ADITYA BIRLA MONEY LTD,119.89,120.25,115.62,117.93,118.22,29866
2026-09-16,ABREL,ADITYA BIRLA REAL EST LTD,1232.8,1250.3,1207.0,1233.4,1232.5,167844
2026-09-16,CPPLUS,ADITYA INFOTECH LIMITED,3680.0,3699.0,3480.3,3547.7,3663.4,315432
2026-09-16,AVL,ADITYA VISION LIMITED,603.1,625.65,602.15,620.6,611.2,133409
2026-09-16,BSLGOLDETF,ADITYBIRLA SL GOLD ETF-GR,132.2,133.15,132.2,132.9,131.88,312123
2026-09-16,BSLNIFTY,ADITYBIRLA SL NIF ETF-GR,27.5,28.01,27.02,27.47,27.33,964485
2026-09-16,ADOR,ADOR WELDING LTD,1545.3,1563.9,1487.1,1536.2,1548.2,26973
2026-09-16,ADROITINFO,ADROIT INFOTECH LIMITED,11.15,11.49,10.64,11.2,11.04,58562
2026-09-16,ADVAIT,ADVAIT ENRGY TRANSITION L,2004.0,2019.9,1941.5,1996.3,2007.0,38672
2026-09-16,ADVANCE,ADVANCE AGROLIFE LIMITED,113.65,114.9,108.6,110.15,113.95,358473
2026-09-16,ADVENZYMES,ADVANCED ENZYME TECH LTD,287.9,293.2,282.05,287.85,287.7,179412
2026-09-16,ADVANIHOTR,ADVANI HOT.& RES.(I) LTD,48.01,48.99,46.75,47.18,47.98,31562
2026-09-16,ADVENTHTL,ADVENT HOTELS INTERNATI L,126.84,129.37,123.75,124.71,126.42,125781
2026-09-16,ADVIKCA,ADVIK CAPITAL LTD.,0.96,0.99,0.95,0.97,0.98,461983
2026-09-16,RAMBHAJO,ADVIT JEWELS LIMITED,252.9,258.0,242.01,252.05,253.22,333413
2026-09-16,AEGISLOG,AEGIS LOGISTICS LIMITED,1326.3,1395.0,1310.2,1381.2,1323.5,1953104
2026-09-16,AEGISVOPAK,AEGIS VOPAK TERMINALS LTD,305.0,305.0,288.9,296.95,302.0,1920715
2026-09-16,AEQUS,AEQUS LIMITED,222.5,223.37,213.41,220.68,221.52,1712222
2026-09-16,AEROENTER,AEROFLEX ENTERPRISES LTD,117.84,119.9,108.0,113.35,116.93,1723281
2026-09-16,AEROFLEX,AEROFLEX INDUSTRIES LTD,495.0,495.0,456.85,481.1,507.6,4838168
2026-09-16,AERONEU,AEROFLEX NEU LIMITED,67.5,70.0,63.72,64.95,67.94,96688
2026-09-16,AETHER,AETHER INDUSTRIES LIMITED,1588.0,1615.9,1552.7,1603.1,1583.1,159140
2026-09-16,AFCONS,AFCONS INFRASTRUCTURE LTD,262.25,263.65,225.35,258.4,262.25,4434269
2026-09-16,AFFLE,AFFLE 3I LIMITED,1537.0,1546.8,1500.3,1535.0,1536.4,124764
2026-09-16,AFFORDABLE,AFFORD ROBO & AUTO LTD,158.0,162.86,153.61,162.29,158.93,20433
2026-09-16,AGARIND,AGARWAL INDS CORP LTD.,427.9,427.9,407.95,409.6,421.0,46733
2026-09-16,AGI,AGI GREENPAC LIMITED,735.9,735.9,701.5,717.3,736.65,159416
2026-09-16,AGIIL,AGI INFRA LIMITED,263.0,273.0,260.05,262.4,264.15,972027
2026-09-16,AGRITECH,AGRI-TECH (INDIA) LIMITED,102.44,102.44,97.25,98.1,97.57,1436
2026-09-16,AGROPHOS,AGRO PHOS INDIA LIMITED,24.29,24.29,22.63,23.18,23.47,12920
2026-09-16,AHLADA,AHLADA ENGINEERS LIMITED,35.89,40.5,32.7,36.56,34.99,45748
2026-09-16,AHLUCONT,AHLUWALIA CONT IND LTD,588.0,599.0,565.05,569.3,585.85,95786
2026-09-16,AIAENG,AIA ENGINEERING LIMITED,3897.1,3907.7,3778.0,3805.8,3899.3,133043
2026-09-16,AIRAN,AIRAN LIMITED,16.48,17.41,15.17,15.72,16.45,226075
2026-09-16,AIROLAM,AIRO LAM LIMITED,85.8,90.0,85.0,88.54,84.21,11084
2026-09-16,AJANTPHARM,AJANTA PHARMA LIMITED,3482.4,3530.8,3460.0,3508.9,3510.4,116329
2026-09-16,AJAXENGG,AJAX ENGINEERING LIMITED,579.0,582.0,555.1,566.55,581.6,76170
2026-09-16,AJMERA,AJMERA REALTY & INF I LTD,114.5,114.5,109.33,113.51,114.37,264603
2026-09-16,AJOONI,AJOONI BIOTECH LIMITED,3.41,3.44,3.08,3.3,3.43,463516
2026-09-16,AKASH,AKASH INFRA-PROJECTS LTD,24.55,25.14,24.15,24.18,24.56,4395
2026-09-16,AKG,AKG EXIM LIMITED,10.53,10.68,10.41,10.55,10.48,3075
2026-09-16,AFIL,AKME FINTRADE (INDIA) LTD,8.43,8.6,8.31,8.37,8.54,371881
2026-09-16,AKSHAR,AKSHAR SPINTEX LIMITED,0.41,0.42,0.4,0.42,0.41,548513
2026-09-16,AKUMS,AKUMS DRUGS AND PHARMA L,759.2,775.0,746.4,772.0,765.65,235680
2026-09-16,ALANKIT,ALANKIT LIMITED,7.95,7.95,7.6,7.74,7.77,121612
2026-09-16,ALBERTDAVD,ALBERT DAVID LIMITED,859.5,870.05,835.0,860.45,851.9,4783
2026-09-16,ALEMBICLTD,ALEMBIC LIMITED,100.5,101.57,97.4,98.95,100.51,707870
2026-09-16,APLLTD,ALEMBIC PHARMA LTD,817.3,839.95,813.2,825.3,824.75,136463
2026-09-16,ALFREDHE,ALFRED HERBERT INDIA L,2840.0,2860.0,2820.0,2820.0,2820.0,7
2026-09-16,ALGOQUANT,ALGOQUANT FINTECH LIMITED,64.13,65.65,64.01,65.15,64.13,1160108
2026-09-16,ALICON,ALICON CASTALLOY LIMITED,688.65,708.75,672.9,688.35,697.2,30853
2026-09-16,ALIVUS,ALIVUS LIFE SCIENCES LTD,1350.0,1390.9,1317.6,1370.6,1347.8,153204
2026-09-16,ALKALI,ALKALI METALS LTD,71.0,76.7,71.0,72.23,73.45,17465
2026-09-16,ALKEM,ALKEM LABORATORIES LTD.,5170.5,5265.5,5148.0,5175.0,5161.0,304188
2026-09-16,ALKYLAMINE,ALKYL AMINES CHEM. LTD,1775.7,1841.1,1740.0,1823.1,1775.7,65315
2026-09-16,ALLTIME,ALL TIME PLASTICS LIMITED,212.39,212.42,203.72,206.42,213.38,45105
2026-09-16,AGL,ALLCARGO GLOBAL LIMITED,14.23,14.26,13.63,14.03,14.23,2126782
2026-09-16,ALLCARGO,ALLCARGO LOGISTICS LTD,11.5,11.57,10.77,11.18,11.6,13509692
2026-09-16,ATL,ALLCARGO TERMINALS LTD,24.33,24.83,23.12,23.89,24.33,233170
2026-09-16,ALLDIGI,ALLDIGI TECH LIMITED,803.5,803.5,783.2,792.5,799.5,2974
2026-09-16,ABDL,ALLIED BLEND N DISTILS L,635.15,655.0,619.0,647.55,631.6,1453879
2026-09-16,ADSL,ALLIED DIGITAL SERV. LTD,98.5,98.5,94.02,95.26,97.02,114360
2026-09-16,ALMONDZ,ALMONDZ GLOBAL SEC LTD,17.6,18.45,16.7,18.01,16.84,535197
2026-09-16,ALOKINDS,ALOK INDUSTRIES LIMITED,7.45,7.54,7.31,7.48,7.38,14625867
2026-09-16,ALPA,ALPA LABORATORIES LTD,60.06,64.5,59.4,61.12,60.39,14768
2026-09-16,ALPINETEX,ALPINE TEXWORLD LIMITED,54.8,55.18,49.15,52.33,54.68,340439
2026-09-16,ALUFLUOR,ALUFLUORIDE LTD.,490.2,495.25,477.3,494.2,492.55,6704
2026-09-16,AMAGI,AMAGI MEDIA LABS LIMITED,565.8,576.0,564.05,569.3,569.4,270114
2026-09-16,AMAL,AMAL LTD.,718.0,719.0,673.55,711.75,713.3,17598
2026-09-16,ARE&M,AMARA RAJA ENERGY MOB LTD,798.0,805.85,789.0,791.55,799.55,408549
2026-09-16,AMARJOTHI,AMARJOTHI SPINNING MILL L,147.5,149.0,141.65,149.0,148.09,2026
2026-09-16,AMBER,AMBER ENTERPRISES (I) LTD,6985.5,7009.5,6826.5,6930.0,7000.0,142671
2026-09-16,AMBICAAGAR,AMBICA AGAR & AROMAINDLTD,25.6,25.6,24.4,24.57,24.94,5248
2026-09-16,AMBIKCO,AMBIKA COTTON MILL LTD.,1585.1,1587.7,1536.7,1564.9,1579.6,11248
2026-09-16,AMBUJACEM,AMBUJA CEMENTS LTD,382.0,385.45,379.55,381.05,381.75,1033371
2026-09-16,AMDIND,AMD INDUSTRIES LIMITED,68.5,72.37,62.2,63.66,69.64,424928
2026-09-16,AMNPLST,AMINES & PLASTICIZERS LTD,169.75,169.75,160.0,160.4,165.52,2735
2026-09-16,AEROPLANE,AMIR CHAND JAG KUM (E) L,199.39,199.39,189.8,195.67,199.72,613769
2026-09-16,AMJLAND,AMJ LAND HOLDINGS LIMITED,37.94,37.94,36.0,36.43,37.21,1943
2026-09-16,AMRUTANJAN,AMRUTAJAN HEALTH LTD,489.6,493.7,476.5,490.4,489.6,54792
2026-09-16,ARSSBL,ANAND RATHI SH N STK BR L,485.9,514.75,470.55,496.95,479.65,261121
2026-09-16,ANANDRATHI,ANAND RATHI WEALTH LTD,2180.0,2211.0,2150.0,2206.2,2183.9,279080
2026-09-16,ANANTRAJ,ANANT RAJ LIMITED,585.0,594.9,576.85,583.5,585.9,2951237
2026-09-16,ACL,ANDHRA CEMENTS LIMITED,42.55,43.5,41.9,42.7,42.55,14356
2026-09-16,ANDHRAPAP,ANDHRA PAPER LIMITED,71.64,74.01,70.0,73.32,71.64,769224
2026-09-16,ANDHRSUGAR,ANDHRA SUGARS LTD,94.01,94.33,91.21,93.39,94.66,311145
2026-09-16,ANDREWYU,ANDREW YULE & CO. LTD.,25.65,26.78,25.11,25.88,25.65,59473
2026-09-16,ANGELONE,ANGEL ONE LIMITED,295.0,299.3,291.6,293.5,297.5,2878370
2026-09-16,ANIKINDS,ANIK INDUSTRIES LTD,40.03,43.78,40.03,42.86,40.58,17664
2026-09-16,APCL,ANJANI PORTLAND CEM LTD,101.5,101.5,96.15,99.18,99.4,5331
2026-09-16,AHCL,ANLON HEALTHCARE LIMITED,20.2,20.5,19.6,20.04,20.18,46066495
2026-09-16,ANMOL,ANMOL INDIA LIMITED,15.99,16.0,13.75,14.39,15.27,346560
2026-09-16,ANNAPURNA,ANNAPURNA SWADISHT LTD,138.43,138.5,132.55,134.56,137.39,23446
2026-09-16,ANSALBU,ANSAL BUILDWELL LTD.,86.99,86.99,78.0,80.11,84.0,2850
2026-09-16,ANTGRAPHIC,ANTARCTICA LTD,0.74,0.74,0.72,0.72,0.74,115447
2026-09-16,ANTELOPUS,ANTELOPUS SELAN ENRGY LTD,1071.05,1214.45,996.1,1170.95,1057.8,4319113
2026-09-16,ANTHEM,ANTHEM BIOSCIENCES LTD,939.95,953.75,903.0,908.45,942.85,1023044
2026-09-16,AWHCL,ANTONY WASTE HDG CELL LTD,354.1,355.25,337.55,345.5,354.1,191949
2026-09-16,ANUHPHR,ANUH PHARMA LIMITED,89.5,91.99,87.01,89.22,90.33,141288
2026-09-16,ANURAS,ANUPAM RASAYAN INDIA LTD,1179.5,1195.7,1160.5,1178.3,1170.4,435775
2026-09-16,AONEGOLD,AONEAMC - AONEGOLD,14.3,14.43,14.06,14.1,14.5,802872
2026-09-16,AONELIQUID,AONEAMC - AONELIQUID,1077.03,1077.03,1077.01,1077.02,1076.87,40763
2026-09-16,AONENIFTY,AONEAMC - AONENIFTY,9.81,9.81,9.55,9.61,9.58,165860
2026-09-16,AONESILVER,AONEAMC - AONESILVER,8.66,8.78,8.66,8.73,8.66,423225
2026-09-16,AONETMMQ50,AONEAMC - AONETMMQ50,10.2,10.2,9.86,10.01,10.0,46091
2026-09-16,AONETOTAL,AONEAMC - AONETOTAL,11.75,11.75,11.43,11.55,11.52,461967
2026-09-16,APARINDS,APAR INDUSTRIES LTD.,16610.0,17200.0,16015.0,17075.0,16550.0,108334
2026-09-16,APCOTEXIND,APCOTEX INDUSTRIES LIMITE,582.7,591.1,560.85,581.1,576.7,157464
2026-09-16,APEX,APEX FROZEN FOODS LIMITED,354.1,366.2,341.05,347.95,358.95,151673
2026-09-16,APLAPOLLO,APL APOLLO TUBES LTD,2115.0,2132.9,2041.3,2120.0,2119.3,925656
2026-09-16,APOLLOHOSP,APOLLO HOSPITALS ENTER. L,8756.0,8792.5,8672.5,8696.5,8714.0,232987
2026-09-16,APOLLO,APOLLO MICRO SYSTEMS LTD,386.6,388.5,361.4,370.35,386.6,12109247
2026-09-16,APOLLOPIPE,APOLLO PIPES LIMITED,519.0,519.95,496.5,508.9,520.2,370429
2026-09-16,APOLSINHOT,APOLLO SINDOORI HOTEL LTD,1220.6,1220.6,1185.0,1185.8,1214.5,722
2026-09-16,APOLLOTYRE,APOLLO TYRES LTD,410.95,429.55,402.15,411.95,406.2,2697223
2026-09-16,APOORVA,APOORVA LEAS F & INV C L,28.3,28.36,28.3,28.36,27.02,22
2026-09-16,APTUS,APTUS VALUE HSG FIN I LTD,241.95,243.5,235.36,239.91,244.83,3168614
2026-09-16,AQYLON,AQYLON NEXUS LIMITED,20.4,20.55,19.68,19.71,20.71,608668
2026-09-16,ACI,ARCHEAN CHEMICAL IND LTD,456.9,468.0,446.0,461.45,455.25,236951
2026-09-16,ADL,ARCHIDPLY DECOR LIMITED,70.3,77.59,70.3,71.91,71.16,618
2026-09-16,ARCHIDPLY,ARCHIDPLY IND. LTD,99.0,101.98,97.05,100.22,100.21,11540
2026-09-16,ARCHIES,ARCHIES LTD,12.41,12.41,12.15,12.21,12.29,3618
2026-09-16,ARCL,ARCL ORGANICS LTD.,275.5,275.5,250.35,274.16,262.39,19792
2026-09-16,ARDEE,ARDEE INDUSTRIES LIMITED,47.48,48.83,46.5,47.42,47.78,3672515
2026-09-16,ARFIN,ARFIN INDIA LIMITED,82.72,83.45,80.84,82.68,82.72,725579
2026-09-16,ARIHANTCAP,ARIHANT CAPITAL MKTS LTD,81.45,83.5,79.55,80.45,81.45,579106
2026-09-16,ARIHANT,ARIHANT FOUN & HOU LTD,867.05,879.4,841.0,862.25,858.8,969
2026-09-16,ARIHANTSUP,ARIHANT SUPERSTRUCT LTD,216.1,224.0,209.05,220.45,213.95,2643
2026-09-16,ARIS,ARISINFRA SOLUTIONS LTD,120.97,121.0,115.75,116.53,120.63,605692
2026-09-16,ARKADE,ARKADE DEVELOPERS LIMITED,116.81,117.9,114.5,115.76,116.42,113779
2026-09-16,ARMANFIN,ARMAN FIN SERV LTD,1918.2,1948.0,1806.6,1873.5,1918.1,67060
2026-09-16,AROGRANITE,ARO GRANITE IND. LTD.,23.76,23.84,21.0,22.55,22.98,13812
2026-09-16,ARROWGREEN,ARROW GREENTECH LIMITED,848.0,952.75,827.0,907.45,838.55,311513
2026-09-16,ARTNIRMAN,ART NIRMAN LIMITED,40.99,40.99,39.12,39.97,39.78,917
2026-09-16,AEPL,ARTEMIS ELECTRICALS & P L,16.5,16.7,15.4,15.87,16.27,60080
2026-09-16,ARTEMISMED,ARTEMIS MED SERVICE LTD,330.55,333.7,306.6,325.25,330.55,533825
2026-09-16,ARVEE,ARVEE LABORATORIES I LTD,172.8,173.45,162.0,168.27,168.6,3355
2026-09-16,ARVINDFASN,ARVIND FASHIONS LIMITED,426.0,429.5,414.95,416.35,428.5,249848
2026-09-16,ARVIND,ARVIND LIMITED,553.0,561.9,532.6,548.05,550.6,980782
2026-09-16,ARVSMART,ARVIND SMARTSPACES LTD,564.15,564.2,546.05,549.2,564.15,106214
2026-09-16,ARYAMAN,ARYAMAN FINANCIAL SERV L,610.0,634.0,610.0,610.0,632.0,170
2026-09-16,ASAHIINDIA,ASAHI INDIA GLASS LIMITED,953.95,957.0,920.0,951.8,958.8,147987
2026-09-16,ASHAPURMIN,ASHAPURA MINECHEM LTD,515.05,523.75,505.9,515.7,518.4,340216
2026-09-16,ASHIANA,ASHIANA HOUSING LTD,346.2,354.4,332.95,348.35,341.9,47881
2026-09-16,ASHIMASYN,ASHIMA LTD,16.52,17.19,16.1,16.29,16.78,28662
2026-09-16,ASHOKLEY,ASHOK LEYLAND LTD,157.4,158.21,154.75,156.5,156.65,10320454
2026-09-16,ASHOKA,ASHOKA BUILDCON LTD,111.37,111.67,107.37,108.76,111.37,768105
2026-09-16,ASHOKAMET,ASHOKA METCAST LIMITED,15.15,15.18,14.11,14.5,15.14,149476
2026-09-16,ASIANENE,ASIAN ENERGY SERVICES LTD,482.85,510.25,457.75,494.1,485.25,736572
2026-09-16,ASIANTILES,ASIAN GRANITO IND. LTD.,50.0,50.17,48.45,49.93,50.03,994691
2026-09-16,AHLEAST,ASIAN HOTELS (EAST) LTD,135.01,136.99,133.0,136.06,133.56,838
2026-09-16,ASIANHOTNR,ASIAN HOTELS (NORTH) LTD,385.0,399.0,363.05,388.55,385.45,33702
2026-09-16,ASIANPAINT,ASIAN PAINTS LIMITED,2405.1,2444.5,2397.4,2416.6,2402.8,591671
2026-09-16,ASTAR,ASIAN STAR CO. LTD.,485.0,581.9,485.0,560.7,562.5,197
2026-09-16,ASIANTNE,ASIAN TEA & EXPORTS LTD.,9.25,9.49,8.66,9.19,8.69,11228
2026-09-16,ASKAUTOLTD,ASK AUTOMOTIVE LIMITED,607.65,625.0,596.5,617.9,604.7,209278
2026-09-16,ASPINWALL,ASPINWALL & CO LTD,252.05,259.9,241.55,250.3,250.85,2282
2026-09-16,ASSAMENT,ASSAM ENTRADE LIMITED,785.65,785.65,785.65,785.65,826.95,1
2026-09-16,ASALCBR,ASSO ALCOHOLS & BREW LTD,662.0,673.45,644.55,649.55,661.9,40568
2026-09-16,ASTEC,ASTEC LIFESCIENCES LTD,673.6,673.6,640.55,661.95,673.7,34108
2026-09-16,ASTERDM,ASTER DM QUALITY CARE LTD,741.0,746.8,729.05,741.2,741.25,982120
2026-09-16,ASTRAMICRO,ASTRA MICROWAVE LTD,1601.0,1638.8,1537.1,1621.9,1593.8,418082
2026-09-16,ASTRAL,ASTRAL LIMITED,1376.0,1388.3,1357.6,1382.5,1379.6,523897
2026-09-16,ASTRAZEN,ASTRAZENECA PHARMA IND LT,6671.0,6898.5,6650.5,6703.0,6695.5,17007
2026-09-16,ATALREAL,ATAL REALTECH LIMITED,14.58,15.84,14.4,14.44,14.4,6944853
2026-09-16,ATAM,ATAM VALVES LIMITED,53.7,65.0,52.92,62.15,54.67,168740
2026-09-16,ATHERENERG,ATHER ENERGY LIMITED,1557.9,1574.8,1521.1,1567.5,1568.5,3578038
2026-09-16,ATLANTAELE,ATLANTA ELECTRICALS LTD,1680.0,1686.9,1623.9,1655.0,1660.0,78831
2026-09-16,ATLANTAA,ATLANTAA LIMITED,36.36,36.79,35.01,36.46,36.74,27184
2026-09-16,ATLASCYCLE,ATLAS CYCLE (HARYANA) LTD,90.55,93.69,90.23,92.35,91.02,10762
2026-09-16,ATULAUTO,ATUL AUTO LIMITED,443.0,443.0,427.2,436.4,438.45,63313
2026-09-16,ATUL,ATUL LTD,6000.0,6140.5,5995.0,6076.0,6081.5,17089
2026-09-16,AUBANK,AU SMALL FINANCE BANK LTD,1030.0,1038.1,1015.1,1033.2,1028.0,1013402
2026-09-16,AUGMONT,AUGMONT ENTERPRISES LTD,836.2,851.45,812.1,833.05,832.25,732796
2026-09-16,AURIONPRO,AURIONPRO SOLN LTD,706.0,706.0,685.0,688.0,698.65,96488
2026-09-16,AUROPHARMA,AUROBINDO PHARMA LTD,1657.1,1657.1,1623.0,1643.0,1660.0,522849
2026-09-16,AURUM,AURUM PROPTECH LIMITED,220.0,221.78,215.4,219.81,221.36,89898
2026-09-16,AURUS,AURUS GEM CORP LIMITED,4.93,4.99,4.72,4.83,4.85,24491
2026-09-16,AUSOMENT,AUSOM ENTERPRISE LIMITED,154.5,155.0,144.15,149.9,151.73,5638
2026-09-16,AUSTENG,AUSTIN ENGINEERING CO. L,130.0,130.0,121.5,126.95,127.31,2381
2026-09-16,AIIL,AUTHUM INVEST & INFRA LTD,532.0,535.2,518.05,528.95,529.85,188360
2026-09-16,AUTOIND,AUTOLINE INDUSTRIES LTD,78.97,79.0,75.9,77.5,79.11,255516
2026-09-16,ACGL,AUTOMOBILE CORPN OF GOA L,1726.1,1800.2,1726.1,1769.4,1732.1,449
2026-09-16,AUTOAXLES,AUTOMOTIVE AXLES LIMITED,1666.0,1686.3,1646.0,1659.0,1661.6,2634
2026-09-16,ASAL,AUTOMOTIVE STAMPINGS & AS,447.85,450.0,431.05,444.55,447.85,13551
2026-09-16,AVADHSUGAR,AVADH SUG & ENERGY LTD,740.0,740.0,709.1,726.2,732.7,99568
2026-09-16,AVALON,AVALON TECHNOLOGIES LTD,2150.0,2260.0,1980.0,2216.1,2160.7,935133
2026-09-16,AVANCE,AVANCE TECHNOLOGIES LTD.,0.8,0.82,0.79,0.79,0.81,4352430
2026-09-16,AVANTEL,AVANTEL LIMITED,144.5,147.9,138.8,141.89,144.5,1229880
2026-09-16,AVANTIFEED,AVANTI FEEDS LIMITED,774.15,782.2,759.75,770.35,771.95,188352
2026-09-16,DMART,AVENUE SUPERMARTS LIMITED,3679.0,3730.0,3670.0,3720.0,3680.0,464459
2026-09-16,CCAVENUE,AVENUESAI LIMITED,15.95,15.95,15.25,15.32,15.69,10593710
2026-09-16,AVONMORE,AVONMORE CAP&MGT SERV LTD,13.61,13.83,12.9,13.06,13.79,280829
2026-09-16,AVROIND,AVRO INDIA LIMITED,7.5,8.04,7.47,7.92,7.66,207019
2026-09-16,AVTNPL,AVT NATURAL PRODUCTS LTD,86.24,88.0,84.42,85.72,86.24,126738
2026-09-16,AWFIS,AWFIS SPACE SOLUTIONS LTD,275.15,275.9,264.2,271.1,275.15,621355
2026-09-16,AWL,AWL AGRI BUSINESS LIMITED,183.15,183.76,180.47,181.94,183.14,844193
2026-09-16,AXISBANK,AXIS BANK LIMITED,1230.0,1252.5,1223.7,1241.0,1222.9,5799541
2026-09-16,ENERGYAXIS,AXISAMC - ENERGYAXIS,19.47,19.81,18.58,18.71,19.78,85128
2026-09-16,BNKETFAXIS,AXISAMC-BNKETFAXIS,577.46,582.47,576.74,579.81,577.46,558
2026-09-16,CONSUMAXIS,AXISAMC-CONSUMAXIS,116.84,117.6,116.54,117.03,116.94,723
2026-09-16,GOLDAXIS,AXISAMC-GOLDAXIS,125.79,125.98,125.4,125.92,124.35,1451503
2026-09-16,HEALTHAXIS,AXISAMC-HEALTHAXIS,166.34,166.5,164.44,165.48,166.4,5023
2026-09-16,ITAXIS,AXISAMC-ITAXIS,327.0,327.01,319.8,320.41,325.36,865
2026-09-16,NIFTYAXIS,AXISAMC-NIFTYAXIS,258.31,258.31,256.46,257.65,257.17,24717
2026-09-16,SENSEXAXIS,AXISAMC-SENSEXAXIS,77.26,77.52,76.75,77.33,77.2,3236
2026-09-16,SILVERAXIS,AXISAMC-SILVERAXIS,226.38,227.95,226.38,227.04,223.1,2272938
2026-09-16,VALUEAXIS,AXISAMC-VALUEAXIS,31.93,32.28,31.62,31.96,31.9,107751
2026-09-16,AXISCADES,AXISCADES TECH LTD,1727.0,1736.9,1641.1,1684.5,1717.7,158521
2026-09-16,AXITA,AXITA COTTON LIMITED,8.04,8.12,7.97,7.99,8.0,495132
2026-09-16,AXTEL,AXTEL INDUSTRIES LTD.,416.5,441.05,416.5,435.1,429.65,4299
2026-09-16,AYE,AYE FINANCE LIMITED,179.91,182.64,176.3,180.12,177.25,728043
2026-09-16,AYMSYNTEX,AYM SYNTEX LIMITED,272.0,295.5,261.25,270.8,269.1,318398
2026-09-16,AZAD,AZAD ENGINEERING LIMITED,2719.0,2719.0,2555.0,2581.7,2704.9,683850
2026-09-16,AZADIND,AZAD INDIA MOBILITY LTD.,84.95,89.86,82.45,84.36,84.11,28956
2026-09-16,BBTCL,B&B TRIPLEWALL CONT LTD,226.9,229.9,223.0,224.0,224.92,1138
2026-09-16,BAGFILMS,B.A.G FILMS AND MEDIA LTD,4.44,4.44,4.3,4.36,4.35,30908
2026-09-16,BLKASHYAP,B.L.KASHYAP & SON LTD,51.6,51.79,49.89,51.33,51.5,373401
2026-09-16,STYLEBAAZA,BAAZAR STYLE RETAIL LTD,377.0,379.05,362.05,372.3,376.05,712655
2026-09-16,BAIDFIN,BAID FINSERV LIMITED,10.08,10.44,9.9,10.35,10.08,55486
2026-09-16,BAJAJ-AUTO,BAJAJ AUTO LIMITED,11425.0,11596.0,11379.0,11593.0,11424.0,305528
2026-09-16,BAJAJCON,BAJAJ CONSUMER CARE LTD,499.55,507.2,493.05,498.05,503.8,490370
2026-09-16,BAJAJELEC,BAJAJ ELECT.LTD,328.3,328.35,319.05,322.55,328.4,93301
2026-09-16,BAJFINANCE,BAJAJ FINANCE LIMITED,1010.5,1019.3,1006.2,1006.2,1009.2,4190272
2026-09-16,BAJAJFINSV,BAJAJ FINSERV LTD.,1864.0,1874.8,1832.9,1837.0,1855.5,613789
2026-09-16,BAJAJHCARE,BAJAJ HEALTHCARE LIMITED,324.0,324.0,313.05,321.1,320.9,95502
2026-09-16,BAJAJHIND,BAJAJ HINDUSTHAN SUGAR LT,19.86,19.95,19.27,19.81,19.71,16263903
2026-09-16,BAJAJHLDNG,BAJAJ HOLDINGS & INVS LTD,11011.0,11090.0,10925.0,10930.0,11100.0,25570
2026-09-16,BAJAJHFL,BAJAJ HOUSING FINANCE LTD,83.78,83.78,82.4,82.96,84.0,2504935
2026-09-16,BAJAJST,BAJAJ STEEL INDS. LTD.,360.0,365.6,345.05,351.65,365.3,10917
2026-09-16,BAJEL,BAJEL PROJECTS LIMITED,171.94,171.94,165.0,169.16,168.87,121724
2026-09-16,BALPHARMA,BAL PHARMA LTD.,107.88,110.0,96.51,101.33,107.44,125428
2026-09-16,BALAMINES,BALAJI AMINES LIMITED,2128.3,2172.0,2081.0,2149.8,2105.7,165267
2026-09-16,BALAJITELE,BALAJI TELEFILMS LIMITED.,95.48,96.42,91.8,92.1,95.48,211758
2026-09-16,BALAXI,BALAXI PHARMA LTD,23.01,24.33,22.5,23.33,23.12,19590
2026-09-16,BALKRISIND,BALKRISHNA IND. LTD,2124.5,2140.0,2100.1,2124.9,2129.0,151993
2026-09-16,BALKRISHNA,BALKRISHNA PAPER MILLS L,16.89,17.14,16.1,16.53,16.73,6336
2026-09-16,BALMLAWRIE,BALMER LAWRIE & CO LTD,162.67,163.81,160.7,162.1,164.24,158413
2026-09-16,BLIL,BALMER LAWRIE INVSTS. L,67.1,67.95,67.1,67.33,67.13,49188
2026-09-16,BALRAMCHIN,BALRAMPUR CHINI MILLS LTD,674.9,685.0,657.3,682.6,677.1,936692
2026-09-16,BALUFORGE,BALU FORGE INDUSTRIES LTD,496.0,500.0,470.0,483.25,498.2,1000368
2026-09-16,BANARBEADS,BANARAS BEADS LTD,112.0,113.4,108.0,109.65,110.92,1067
2026-09-16,BANCOINDIA,BANCO PRODUCTS (I) LTD,588.4,598.95,578.05,593.15,587.65,144353
2026-09-16,BANDHANBNK,BANDHAN BANK LIMITED,173.24,173.62,169.33,172.5,172.45,8261916
2026-09-16,GOLDBND,BANDHANAMC - GOLDBND,149.7,152.28,149.7,151.13,149.43,14446
2026-09-16,IDFNIFTYET,BANDHANAMC - IDFNIFTYET,257.05,257.83,253.0,256.51,256.87,1148
2026-09-16,SILVERBND,BANDHANAMC - SILVERBND,227.7,229.99,227.7,229.24,224.95,31333
2026-09-16,BANG,BANG OVERSEAS LTD.,33.65,33.66,32.01,32.45,32.29,13063
2026-09-16,BANKBARODA,BANK OF BARODA,233.25,235.29,232.33,234.98,232.7,5789637
2026-09-16,BANKINDIA,BANK OF INDIA,138.0,139.35,136.85,137.81,137.61,5030108
2026-09-16,MAHABANK,BANK OF MAHARASHTRA,80.1,81.7,79.2,80.21,79.56,18702078
2026-09-16,BANKA,BANKA BIOLOO LIMITED,77.86,79.8,77.7,77.83,77.86,285
2026-09-16,BANARISUG,BANNARI AMMAN SUGARS LTD,3401.0,3405.0,3196.5,3267.2,3411.1,3218
2026-09-16,BANSALWIRE,BANSAL WIRE INDUSTRIES L,302.05,308.95,292.55,307.15,303.7,96192
2026-09-16,BANSWRAS,BANSWARA SYNTEX LIMITED,110.03,113.93,107.56,109.34,110.03,16707
2026-09-16,BVCL,BARAK VALLEY CEM. LTD.,41.44,41.54,40.0,40.71,40.8,13663
2026-09-16,BBNPNBETF,BARODABNP - BBNPNBETF,56.34,57.6,56.34,56.63,56.44,1205
2026-09-16,BBNPPGOLD,BARODABNP - BBNPPGOLD,144.8,147.4,144.8,146.4,144.8,7036
2026-09-16,BASF,BASF INDIA LTD,3549.9,3585.9,3485.0,3558.4,3539.4,15289
2026-09-16,BATAINDIA,BATA INDIA LTD,640.0,640.0,626.3,630.65,640.15,159770
2026-09-16,BATLIBOI,BATLIBOI LTD.,84.05,84.06,81.0,82.1,83.95,38877
2026-09-16,BAYERCROP,BAYER CROPSCIENCE LTD,3949.0,3965.4,3885.3,3938.6,3941.1,13378
2026-09-16,BCLIND,BCL INDUSTRIES LIMITED,32.95,34.04,32.11,32.98,32.95,758362
2026-09-16,BCPL,BCPL RAILWAY INFRA LTD,68.57,68.65,66.55,67.33,68.27,3186
2026-09-16,BEARDSELL,BEARDSELL LIMITED,24.12,25.58,23.57,24.06,24.27,25008
2026-09-16,BEDMUTHA,BEDMUTHA INDUST LTD,104.0,104.0,98.2,102.28,104.42,16552
2026-09-16,BEEKAY,BEEKAY STEEL INDS. LTD.,437.0,443.45,417.15,431.8,435.15,2215
2026-09-16,BLEL,BEHARI LAL ENGINEERING L,435.0,436.7,415.0,428.4,439.65,591112
2026-09-16,BELLACASA,BELLA CASA FASH AND RET L,248.0,252.5,240.0,250.48,252.67,14860
2026-09-16,BELRISE,BELRISE INDUSTRIES LTD,226.8,229.75,222.75,229.35,226.66,2897775
2026-09-16,BLAL,BEML LAND ASSETS LIMITED,160.5,163.0,159.21,161.99,161.01,12181
2026-09-16,BEML,BEML LIMITED,1935.5,2007.8,1861.5,1991.9,1939.3,422730
2026-09-16,BENARAS,BENARES HOTELS LTD.,11390.0,11395.0,10541.0,10789.0,11001.0,284
2026-09-16,BENGALASM,BENGAL & ASSAM CO. LTD.,6309.0,6337.5,6201.0,6319.0,6286.5,302
2026-09-16,BERGEPAINT,BERGER PAINTS (I) LTD,449.1,450.7,444.15,448.15,447.1,163379
2026-09-16,BESTAGRO,BEST AGROLIFE LIMITED,18.12,18.87,17.73,18.44,18.39,601821
2026-09-16,BETA,BETA DRUGS LIMITED,2082.2,2094.7,2002.6,2064.9,2105.2,13984
2026-09-16,BFINVEST,BF INVESTMENT LIMITED,431.0,439.8,425.55,432.05,435.5,14710
2026-09-16,BFUTILITIE,BF UTILITIES LIMITED,522.3,534.55,512.0,520.35,528.2,31854
2026-09-16,BANK10BETF,BFAM - BANK10BETF,20.26,20.55,20.26,20.4,19.81,1871
2026-09-16,BANKBETF,BFAM - BANKBETF,57.17,57.43,56.78,57.1,57.02,58830
2026-09-16,LIQUIDBETF,BFAM - LIQUIDBETF,1098.95,1098.95,1098.93,1098.94,1098.82,123415
2026-09-16,NIFTYBETF,BFAM - NIFTYBETF,241.04,244.0,238.11,240.54,239.22,3109
2026-09-16,BHAGCHEM,BHAGIRADHA CHEM & INDS L,251.0,251.5,242.0,244.25,250.0,89444
2026-09-16,BHAGYANGR,BHAGYANAGAR INDIA LIMITED,405.0,425.25,387.0,425.25,405.0,328669
2026-09-16,BHANDARI,BHANDARI HOSIERY EXP LTD,3.0,3.0,2.98,2.98,3.0,150895
2026-09-16,BEPL,BHANSALI ENG. POLYMERS LT,122.98,126.08,118.32,124.92,120.69,1288886
2026-09-16,BBL,BHARAT BIJLEE LTD,2181.0,2231.3,2131.5,2178.2,2180.1,22867
2026-09-16,BHARATCOAL,BHARAT COKING COAL LTD,32.4,32.59,31.81,32.23,32.4,3804118
2026-09-16,BDL,BHARAT DYNAMICS LIMITED,1131.4,1138.9,1095.0,1136.0,1135.0,1708626
2026-09-16,BEL,BHARAT ELECTRONICS LTD,384.05,390.2,382.1,385.75,382.9,10138395
2026-09-16,BHARATFORG,BHARAT FORGE LTD,1879.0,1897.6,1850.4,1885.0,1877.2,638432
2026-09-16,BPLPHARMA,BHARAT PARENTERALS LTD.,1570.0,1570.0,1500.0,1509.8,1543.4,515
2026-09-16,BPCL,BHARAT PETROLEUM CORP  LT,301.0,304.0,298.1,303.35,298.65,4428358
2026-09-16,BHARATRAS,BHARAT RASAYAN LTD,1139.4,1179.9,1101.0,1157.4,1128.9,16438
2026-09-16,BRNL,BHARAT ROAD NETWORK LTD,16.59,16.95,16.05,16.24,16.31,29812
2026-09-16,BHARATSE,BHARAT SEATS LIMITED,208.41,208.9,198.36,205.26,208.62,108419
2026-09-16,BHARATWIRE,BHARAT WIRE ROPES LTD.,166.55,171.09,163.62,167.69,168.08,118340
2026-09-16,BHARTIARTL,BHARTI AIRTEL LIMITED,1835.8,1838.0,1818.6,1835.0,1830.4,2925053
2026-09-16,BHARTIHEXA,BHARTI HEXACOM LIMITED,1500.0,1505.0,1472.6,1479.3,1505.5,52156
2026-09-16,BIL,BHARTIYA INTERNATIONAL,1029.0,1081.75,995.0,1036.25,1027.55,12435
2026-09-16,BHEL,BHEL,415.45,417.4,406.0,410.6,412.85,7088021
2026-09-16,BIGBLOC,BIGBLOC CONSTRUCTION LTD,39.14,40.0,38.0,39.51,39.14,45536
2026-09-16,BIKAJI,BIKAJI FOODS INTERN LTD,545.25,547.7,532.75,540.95,541.6,69639
2026-09-16,GROWW,BILLIONBRAINS GARAGE VN L,194.0,194.56,188.4,189.76,197.59,147977809
2026-09-16,BIMETAL,BIMETAL BEARINGS LTD.,620.05,659.65,605.0,638.65,640.0,819
2026-09-16,BIOCON,BIOCON LIMITED.,381.0,383.5,373.5,374.4,382.0,1763053
2026-09-16,BIOFILCHEM,BIOFIL CHEM & PHARMA LTD,33.0,33.71,33.0,33.13,33.65,11768
2026-09-16,BIRLACABLE,BIRLA CABLE LIMITED,380.05,395.0,359.1,382.55,377.95,734776
2026-09-16,BIRLACORPN,BIRLA CORPORATION LTD,816.1,818.3,789.9,803.9,810.25,86521
2026-09-16,BIRLANU,BIRLANU LIMITED,1395.5,1407.3,1345.0,1387.1,1395.5,11149
2026-09-16,ABGSEC,BIRLASLAMC - ABGSEC,114.2,114.45,112.49,113.74,113.07,366
2026-09-16,ABSL10BANK,BIRLASLAMC - ABSL10BANK,168.85,168.85,162.13,164.83,165.51,677
2026-09-16,ABSLBANETF,BIRLASLAMC - ABSLBANETF,56.74,57.81,56.74,57.68,57.4,59736
2026-09-16,ABSLLIQUID,BIRLASLAMC - ABSLLIQUID,1000.01,1000.01,999.99,1000.0,999.99,2169
2026-09-16,ABSLMSCIN,BIRLASLAMC - ABSLMSCIN,28.76,28.76,28.45,28.46,28.67,322
2026-09-16,ABSLNN50ET,BIRLASLAMC - ABSLNN50ET,73.0,75.18,73.0,74.27,74.48,6880
2026-09-16,BSLSENETFG,BIRLASLAMC - BSLSENETFG,74.46,76.0,74.46,75.9,75.22,3679
2026-09-16,GSEC10ABSL,BIRLASLAMC - GSEC10ABSL,111.24,111.92,111.24,111.92,112.59,16
2026-09-16,HEALTHY,BIRLASLAMC - HEALTHY,16.84,17.15,16.6,16.77,16.84,358358
2026-09-16,MOMENTUM,BIRLASLAMC - MOMENTUM,30.5,30.6,29.72,30.16,30.25,80126
2026-09-16,NIFTYQLITY,BIRLASLAMC - NIFTYQLITY,20.57,20.6,20.33,20.36,20.57,26136
2026-09-16,SILVER,BIRLASLAMC - SILVER,227.49,228.96,227.49,228.18,224.06,736262
2026-09-16,TECH,BIRLASLAMC - TECH,32.38,32.54,31.8,32.06,32.38,12044
2026-09-16,ABSLPSE,BIRLASLAMC-ABSLPSE,9.97,10.14,9.82,10.0,9.93,102027
2026-09-16,BSOFT,BIRLASOFT LIMITED,286.2,287.8,279.3,281.25,286.45,1260023
2026-09-16,BBOX,BLACK BOX LIMITED,758.0,768.6,727.25,763.25,745.8,526729
2026-09-16,BLACKBUCK,BLACKBUCK LIMITED,612.05,624.1,594.75,619.05,611.9,892263
2026-09-16,BLBLIMITED,BLB LIMITED,16.1,16.49,15.26,16.13,16.1,218177
2026-09-16,BLSE,BLS E-SERVICES LIMITED,306.1,315.0,300.0,313.55,310.1,420165
2026-09-16,BLS,BLS INTL SERVS LTD,230.0,231.93,221.34,226.74,228.51,913859
2026-09-16,BLUECLOUDS,BLUE CLOUD SOFTECH SOLU L,19.24,19.74,18.85,19.59,19.19,1424515
2026-09-16,BLUECOAST,BLUE COAST HOTELS LIMITED,21.21,21.21,21.09,21.09,21.09,829
2026-09-16,BLUEDART,BLUE DART EXPRESS LTD,4808.5,4868.9,4740.9,4850.5,4843.5,10147
2026-09-16,BLUEJET,BLUE JET HEALTHCARE LTD,553.0,575.0,543.75,565.05,550.65,1113127
2026-09-16,BLUESTARCO,BLUE STAR LIMITED,1483.3,1515.0,1472.0,1504.0,1483.0,525657
2026-09-16,BLUESTONE,BLUESTONE JEWEL LFSTL LTD,838.0,863.8,798.2,856.0,828.55,806703
2026-09-16,BLUSPRING,BLUSPRING ENTERPRISES LTD,125.0,128.46,112.75,124.46,125.27,576465
2026-09-16,BMWVENTLTD,BMW VENTURES LIMITED,51.21,59.0,50.7,51.8,51.61,652482
2026-09-16,BNAGROCHEM,BN AGROCHEM LTD.,199.9,205.0,199.9,202.34,200.08,659
2026-09-16,BODALCHEM,BODAL CHEMICALS LTD,176.7,178.76,167.83,173.46,176.66,1821210
2026-09-16,BTML,BODHI TREE MULTIMEDIA LTD,7.89,7.89,7.43,7.57,7.62,106229
2026-09-16,BOHRAIND,BOHRA INDUSTRIES LIMITED,13.79,13.79,13.5,13.5,13.71,640
2026-09-16,BBTC,BOMBAY BURMAH TRADING COR,1423.9,1428.0,1393.0,1416.7,1416.4,36098
2026-09-16,BOMDYEING,BOMBAY DYEING & MFG. CO L,107.99,108.1,105.01,107.16,107.58,514540
2026-09-16,BSHSL,BOMBAY SUPER HYBRID SEEDS,85.0,88.0,84.46,84.78,85.42,11809
2026-09-16,BONLON,BONLON INDUSTRIES LIMITED,39.02,39.41,37.76,38.81,38.56,3542
2026-09-16,BORANA,BORANA WEAVES LIMITED,303.5,309.35,298.0,303.05,303.5,38658
2026-09-16,BOROLTD,BOROSIL LIMITED,248.33,250.0,240.64,246.76,248.33,131207
2026-09-16,BORORENEW,BOROSIL RENEWABLES LTD,460.7,461.85,443.0,446.0,461.3,710811
2026-09-16,BOROSCI,BOROSIL SCIENTIFIC LTD,121.9,122.9,115.54,118.52,120.02,58547
2026-09-16,BOSCH-HCIL,BOSCH HOME COMFRT IND LTD,1667.4,1690.0,1631.6,1674.2,1667.4,20673
2026-09-16,BOSCHLTD,BOSCH LIMITED,47100.0,48325.0,46850.0,47555.0,47070.0,34806
2026-09-16,BPL,BPL LTD,47.6,47.6,45.36,46.73,46.58,41913
2026-09-16,BRAHMINFRA,BRAHMAPUTRA INFRA L,158.44,158.44,142.1,155.58,151.6,5582
2026-09-16,FIRSTCRY,BRAINBEES SOLUTIONS LTD,170.5,173.39,165.01,170.02,171.53,5950243
2026-09-16,BCONCEPTS,BRAND CONCEPTS LIMITED,158.0,158.0,148.0,150.68,154.24,8925
2026-09-16,BRIGADE,BRIGADE ENTER. LTD,612.0,630.15,598.6,626.85,612.25,264994
2026-09-16,BRIGHOTEL,BRIGADE HOTEL VENTURE LTD,56.31,56.9,55.75,55.85,56.14,101442
2026-09-16,BRIGHTBR,BRIGHT BROTHERS LTD.,245.05,252.0,232.25,252.0,248.5,585
2026-09-16,BCG,BRIGHTCOM GROUP LIMITED,9.88,9.91,9.63,9.78,9.85,5047851
2026-09-16,BRITANNIA,BRITANNIA INDUSTRIES LTD,4947.5,5036.5,4933.0,4999.5,4947.5,250873
2026-09-16,BROOKS,BROOKS LAB LIMITED,64.49,64.7,59.13,61.02,63.09,51525
2026-09-16,BSE,BSE LIMITED,3310.0,3317.0,3225.0,3240.0,3310.0,2894042
2026-09-16,BSL,BSL LTD,119.89,119.89,117.81,117.97,119.35,1724
2026-09-16,BUTTERFLY,BTRFLY GANDHI APPL LTD,584.0,590.0,566.0,576.85,580.25,14048
2026-09-16,CGVAK,C G V A K SOFTWARE & EX L,148.7,148.7,141.6,144.11,144.31,1989
2026-09-16,MAPMYINDIA,C.E. INFO SYSTEMS LIMITED,892.4,895.6,865.6,883.1,887.8,93593
2026-09-16,CMLL,CALIBER MINING AND LOG L,477.85,484.6,468.0,475.4,474.7,380398
2026-09-16,CAMLINFINE,CAMLIN FINE SCIENCES LTD,100.0,100.99,97.1,98.12,99.21,379806
2026-09-16,CAMPUS,CAMPUS ACTIVEWEAR LIMITED,212.0,214.3,208.69,211.47,212.9,442078
2026-09-16,CANFINHOME,CAN FIN HOMES LTD,790.0,791.95,769.0,771.95,784.8,289578
2026-09-16,CANBK,CANARA BANK,122.8,123.7,121.81,123.2,122.37,13945737
2026-09-16,CANHLIFE,CANARA HSBC LIFE INS CO L,150.2,154.54,147.27,153.92,151.78,545308
2026-09-16,CRAMC,CANARA ROBECO AMC LIMITED,231.75,234.45,226.6,228.55,232.4,435060
2026-09-16,CANTABIL,CANTABIL RETAIL LTD,240.6,243.2,237.02,238.95,240.3,227852
2026-09-16,CAPACITE,CAPACITE INFRAPROJECT LTD,190.37,191.44,185.25,186.88,189.57,290665
2026-09-16,CAPILLARY,CAPILLARY TECHNO INDIA L,476.9,476.9,449.6,452.05,472.2,514440
2026-09-16,CIFL,CAPITAL INDIA FINANCE LTD,19.42,20.63,18.56,20.2,19.53,375881
2026-09-16,CAPITALSFB,CAPITAL SMALL FIN BANK L,270.0,275.0,269.05,273.25,269.7,6767
2026-09-16,CAPLIPOINT,CAPLIN POINT LAB LTD.,2581.0,2606.7,2490.5,2583.0,2570.6,212393
2026-09-16,CGCL,CAPRI GLOBAL CAPITAL LTD,255.0,267.25,248.65,256.65,255.1,7620738
2026-09-16,CPL,CAPTAIN POLYPLAST LIMITED,62.7,64.89,62.01,62.26,62.83,19954
2026-09-16,CARBORUNIV,CARBORUNDUM UNIVERSAL LTD,1031.8,1055.5,1018.1,1051.6,1031.8,96977
2026-09-16,CARERATING,CARE RATINGS LIMITED,1630.5,1659.0,1602.8,1652.5,1635.7,28271
2026-09-16,CPEDU,CAREER POINT EDUTECH LTD,179.8,179.8,172.1,174.13,176.34,3045
2026-09-16,CARRARO,CARRARO INDIA LIMITED,521.0,521.0,506.1,508.85,521.0,65060
2026-09-16,CARTRADE,CARTRADE TECH LIMITED,3037.0,3064.9,2856.7,2885.3,3017.1,416850
2026-09-16,CARYSIL,CARYSIL LIMITED,1122.0,1131.6,1091.3,1118.4,1126.8,74682
2026-09-16,CASTROLIND,CASTROL INDIA LIMITED,187.51,189.45,187.05,188.84,187.82,1359799
2026-09-16,CCL,CCL PRODUCTS (I) LTD,1056.2,1080.7,1043.6,1065.5,1060.9,103629
2026-09-16,CEATLTD,CEAT LIMITED,3286.0,3324.0,3241.3,3305.6,3282.5,48579
2026-09-16,CEIGALL,CEIGALL INDIA LIMITED,380.0,393.8,372.0,386.8,382.25,393782
2026-09-16,CEINSYS,CEINSYS TECH LIMITED,674.95,686.75,665.0,673.05,676.6,58089
2026-09-16,CELEBRITY,CELEBRITY FASHIONS LTD,6.9,6.9,6.68,6.73,6.7,10862
2026-09-16,CELLO,CELLO WORLD LIMITED,328.0,329.95,319.45,323.4,327.55,212024
2026-09-16,CEMPRO,CEMINDIA PROJECTS LIMITED,1218.3,1267.4,1209.1,1235.1,1207.1,553547
2026-09-16,CENTRALBK,CENTRAL BANK OF INDIA,30.5,30.67,30.19,30.39,30.46,6327271
2026-09-16,CDSL,CENTRAL DEPO SER (I) LTD,1311.0,1319.9,1284.0,1299.0,1311.0,1055453
2026-09-16,CMPDI,CENTRAL MINE P N D INST L,204.0,207.98,199.99,203.77,203.74,1289252
2026-09-16,CENTRUM,CENTRUM CAPITAL LIMITED,21.85,21.99,20.92,21.52,21.65,150400
2026-09-16,CENTUM,CENTUM ELECTRONICS LTD,4049.5,4313.4,3900.2,4276.1,4010.6,90062
2026-09-16,CENTENKA,CENTURY ENKA LTD,553.15,565.0,535.8,561.45,550.4,51388
2026-09-16,CENTEXT,CENTURY EXTRUSIONS LTD,19.81,20.1,18.67,19.49,19.98,633227
2026-09-16,CENTURYPLY,CENTURY PLYBOARDS (I) LTD,713.5,727.9,689.1,719.9,711.05,144990
2026-09-16,CERA,CERA SANITARYWARE LTD,5590.5,5708.5,5512.0,5646.0,5572.0,9354
2026-09-16,CESC,CESC LTD,142.0,143.0,140.7,141.67,141.7,1662713
2026-09-16,CGPOWER,CG POWER AND IND SOL LTD,858.0,864.2,838.55,851.55,858.0,1882336
2026-09-16,CHALET,CHALET HOTELS LIMITED,841.0,854.6,828.15,844.1,845.15,83424
2026-09-16,CLSEL,CHAMAN LAL SETIA EXP LTD,281.6,305.95,274.1,298.25,281.6,200647
2026-09-16,CHAMBLFERT,CHAMBAL FERTILIZERS LTD,415.0,415.5,401.4,409.1,416.65,603060
2026-09-16,CHEMBOND,CHEMBOND MATERIALTECH LTD,199.4,199.4,176.8,190.06,195.52,20839
2026-09-16,CHEMCRUX,CHEMCRUX ENTERPRISES LTD.,81.87,82.6,78.05,81.14,80.23,3017
2026-09-16,CHEMFAB,CHEMFAB ALKALIS LIMITED,358.4,366.8,353.1,358.0,372.15,2640
2026-09-16,CHEMPLASTS,CHEMPLAST SANMAR LIMITED,165.0,169.44,161.0,166.12,165.12,170758
2026-09-16,CHENNPETRO,CHENNAI PETROLEUM CORP LT,1472.7,1487.0,1412.0,1456.0,1471.8,1363010
2026-09-16,CHEVIOT,CHEVIOT COMPANY LIMITED,1165.0,1179.0,1160.1,1175.1,1172.3,1194
2026-09-16,CHOICEIN,CHOICE INTERNATIONAL LTD,740.35,741.6,722.5,725.65,740.4,204754
2026-09-16,CHOICEGOLD,CHOICEAMC - CHOICEGOLD,151.0,151.0,149.11,150.06,149.29,10121
2026-09-16,CHOLAHLDNG,CHOLAMANDALAM FIN HOL LTD,1501.5,1524.0,1485.0,1512.4,1510.8,85920
2026-09-16,CHOLAFIN,CHOLAMANDALAM IN & FIN CO,1800.7,1800.7,1756.3,1765.6,1791.6,1312956
2026-09-16,CIEINDIA,CIE AUTOMOTIVE INDIA LTD,371.9,379.75,366.9,375.8,375.0,270941
2026-09-16,CINELINE,CINELINE INDIA LIMITED,91.81,93.11,88.0,89.96,91.81,27119
2026-09-16,CINEVISTA,CINEVISTA LIMITED,14.89,14.89,13.6,13.88,14.08,27038
2026-09-16,CIPLA,CIPLA LTD,1351.0,1363.7,1344.3,1358.0,1351.0,911572
2026-09-16,CUB,CITY UNION BANK LTD,225.0,229.0,216.42,227.24,225.78,2169990
2026-09-16,CLEDUCATE,CL EDUCATE LIMITED,56.01,57.39,54.29,56.94,57.14,9973
2026-09-16,CLEANMAX,CLEAN MAX ENVIRO EN SOL L,1303.1,1334.2,1265.0,1286.8,1321.5,205827
2026-09-16,CLEAN,CLEAN SCIENCE & TECH LTD,820.95,827.45,806.25,820.0,820.3,348006
2026-09-16,CMRGREEN,CMR GREEN TECHNOLOGIES L,213.9,215.36,209.32,211.91,212.76,351172
2026-09-16,CMSINFO,CMS INFO SYSTEMS LIMITED,235.08,239.0,227.8,232.39,222.91,5544781
2026-09-16,COALINDIA,COAL INDIA LTD,419.25,423.45,417.6,422.25,419.25,7049685
2026-09-16,COASTCORP,COASTAL CORPORATION LTD,37.25,37.69,35.6,36.18,37.32,73502
2026-09-16,COCHINSHIP,COCHIN SHIPYARD LIMITED,1327.8,1330.0,1290.9,1319.0,1325.0,1223182
2026-09-16,COFFEEDAY,COFFEE DAY ENTERPRISE LTD,30.48,31.0,29.66,30.4,30.37,521794
2026-09-16,COFORGE,COFORGE LIMITED,1775.0,1784.4,1717.0,1766.7,1775.5,3593943
2026-09-16,COHANCE,COHANCE LIFESCIENCES LTD,425.6,434.6,416.2,432.95,423.6,320413
2026-09-16,COLPAL,COLGATE PALMOLIVE LTD.,1833.9,1900.1,1830.1,1860.0,1820.3,1465224
2026-09-16,COMFINTE,COMFORT INTECH LTD.,5.86,6.18,5.82,5.88,5.92,146074
2026-09-16,COMSYN,COMMERCIAL SYN BAGS LTD,289.8,301.45,271.0,294.75,289.8,839631
2026-09-16,COMPEAU,COMPETENT AUTOMOB CO. L,360.0,364.85,350.0,360.4,360.0,894
2026-09-16,COMPUSOFT,COMPUCOM SOFTWARE LTD,13.18,13.18,12.73,12.84,12.91,16485
2026-09-16,CAMS,COMPUTER AGE MNGT SER LTD,713.0,718.25,700.15,705.7,717.35,848314
2026-09-16,CONCORDBIO,CONCORD BIOTECH LIMITED,1470.1,1484.2,1428.1,1453.8,1473.0,105795
2026-09-16,CEWATER,CONCORD ENVIRO SYSTEMS L,278.0,278.0,256.4,259.35,276.15,95434
2026-09-16,CFEL,CONFIDENCE FUTURIST ENE L,47.0,47.49,43.15,46.0,47.41,66304
2026-09-16,CONFIPET,CONFIDENCE PETRO IND LTD.,85.0,88.0,82.1,86.58,86.1,2646137
2026-09-16,CCCL,CONS. CONST. CONSORT LTD,13.6,14.18,13.52,13.61,13.99,170456
2026-09-16,CONCOR,CONTAINER CORP OF IND LTD,484.0,491.3,480.7,488.8,483.7,443499
2026-09-16,CONTROLPR,CONTROL PRINT LIMITED,570.3,596.05,563.2,591.5,574.8,39907
2026-09-16,CORALFINAC,CORAL INDIA FIN & HOUS LT,32.93,33.41,32.03,32.4,32.77,7438
2026-09-16,CORDSCABLE,CORDS CABLE INDUS LTD.,356.9,363.75,303.65,348.25,354.25,340527
2026-09-16,COROMANDEL,COROMANDEL INTERNTL. LTD,1939.1,1945.0,1910.0,1937.8,1939.1,88917
2026-09-16,CORONA,CORONA REMEDIES LIMITED,2205.3,2245.0,2132.0,2143.6,2217.9,28735
2026-09-16,COSMOFIRST,COSMO FIRST LIMITED,860.0,898.0,842.5,878.05,861.35,56751
2026-09-16,CCHHL,COUNTRY CLUB HOSP HOL LTD,12.18,12.9,12.18,12.5,12.18,10753
2026-09-16,CPCAP,CP CAPITAL LIMITED,141.0,143.05,138.45,140.77,140.17,42512
2026-09-16,CPSEETF,CPSE ETF,92.75,92.75,91.71,92.32,92.04,567759
2026-09-16,CRAFTSMAN,CRAFTSMAN AUTOMATION LTD,11260.0,11329.0,10600.0,11040.0,11099.0,56874
2026-09-16,CRAVATEX,CRAVATEX LTD.,316.55,338.0,312.0,323.1,319.5,311
2026-09-16,CREATIVEYE,CREATIVE EYE LIMITED,5.87,5.87,5.56,5.59,5.74,4303
2026-09-16,CNL,CREATIVE NEWTECH LIMITED,1065.0,1088.0,1050.0,1065.5,1068.6,27962
2026-09-16,CREDITACC,CREDITACCESS GRAMEEN LTD,1392.3,1423.8,1370.0,1416.5,1409.6,188841
2026-09-16,MUFTI,CREDO BRANDS MARKETING L,72.99,73.0,71.61,72.34,72.49,43535
2026-09-16,CREST,CREST VENTURES LIMITED,357.0,360.95,355.0,359.95,354.65,14808
2026-09-16,CRESTO,CRESTO TECHNO LIMITED,16.89,16.89,16.0,16.34,16.05,13052
2026-09-16,CRISIL,CRISIL LTD,4644.0,4644.0,4494.2,4578.8,4596.9,72153
2026-09-16,CRIZAC,CRIZAC LIMITED,179.89,179.9,171.1,176.02,179.89,212621
2026-09-16,CROMPTON,CROMPT GREA CON ELEC LTD,227.01,228.62,222.3,223.4,226.15,3565510
2026-09-16,CROWN,CROWN LIFTERS LIMITED,105.03,111.0,102.7,107.54,106.83,9902
2026-09-16,CSBBANK,CSB BANK LIMITED,297.9,337.0,297.8,328.75,296.35,8547841
2026-09-16,CSLFINANCE,CSL FINANCE LIMITED,216.51,217.8,210.5,214.26,215.37,76689
2026-09-16,CSM,CSM TECHNOLOGIES LIMITED,91.99,103.45,88.68,96.22,89.85,6076531
2026-09-16,CUBEXTUB,CUBEX TUBINGS LTD,75.85,75.98,74.5,75.09,75.08,23653
2026-09-16,CUMMINSIND,CUMMINS INDIA LTD,4863.5,4985.0,4844.0,4940.0,4874.0,399690
2026-09-16,CUPID,CUPID LIMITED,284.5,287.0,276.0,280.0,284.4,8678314
2026-09-16,CURAA,CURA TECHNOLOGIES LIMITED,75.5,79.4,75.0,75.0,75.5,162
2026-09-16,CYIENTDLM,CYIENT DLM LIMITED,882.4,884.65,811.95,867.4,882.7,855768
2026-09-16,CYIENT,CYIENT LIMITED,1078.9,1079.0,1030.3,1054.5,1078.9,488288
2026-09-16,DLINKINDIA,D-LINK INDIA LTD,418.45,420.75,406.3,418.0,417.05,56870
2026-09-16,DPABHUSHAN,D. P. ABHUSHAN LIMITED,1336.8,1340.9,1290.0,1321.6,1337.5,17595
2026-09-16,DBCORP,D.B.CORP LTD,184.01,188.3,182.51,186.49,184.73,46883
2026-09-16,DABUR,DABUR INDIA LTD,386.85,389.45,382.0,382.0,384.9,1792878
2026-09-16,DALBHARAT,DALMIA BHARAT LIMITED,1687.8,1704.5,1681.0,1693.6,1687.4,58268
2026-09-16,DALMIASUG,DALMIA BHARAT SUG IN LTD,400.0,401.65,386.85,393.1,398.2,145925
2026-09-16,DAMCAPITAL,DAM CAPITAL ADVISORS LTD,139.0,141.2,134.39,135.99,138.93,231257
2026-09-16,DANGEE,DANGEE DUMS LIMITED,2.84,2.92,2.7,2.73,2.78,38911
2026-09-16,DATAPATTNS,DATA PATTERNS INDIA LTD,4380.5,4386.7,4140.0,4321.7,4358.8,1076930
2026-09-16,DATAMATICS,DATAMATICS GLOBAL SER LTD,761.05,767.45,739.0,755.55,766.25,69650
2026-09-16,DAVANGERE,DAVANGERE SUGAR COMPANY L,2.2,2.22,2.07,2.14,2.24,19163359
2026-09-16,DCI,DC INFOTECH AND COMUN LTD,266.9,280.8,255.6,264.15,264.7,376664
2026-09-16,DCBBANK,DCB BANK LIMITED,222.82,223.93,215.46,219.94,221.89,912819
2026-09-16,DCMFINSERV,DCM FINANCIAL SERVICES LT,5.21,5.21,4.85,5.14,5.0,18394
2026-09-16,DCM,DCM LTD,75.06,77.02,74.98,76.27,76.42,16150
2026-09-16,DCMNVL,DCM NOUVELLE LIMITED,173.89,176.4,172.5,174.05,172.6,8488
2026-09-16,DCMSRIND,DCM SHRIRAM IND LTD,38.31,39.51,37.06,38.68,38.56,247070
2026-09-16,DCMSIL,DCM SHRIRAM INTERNATNL L,68.15,70.87,67.52,69.28,69.25,65734
2026-09-16,DCMSHRIRAM,DCM SHRIRAM LIMITED,990.0,1002.0,975.2,986.3,994.1,45772
2026-09-16,DCW,DCW LTD,44.55,44.84,43.19,44.26,44.72,851390
2026-09-16,DCXINDIA,DCX SYSTEMS LIMITED,161.6,162.39,156.12,160.76,161.62,768094
2026-09-16,DDEVPLSTIK,DDEV PLASTIKS IND LTD,253.15,255.1,245.6,252.2,250.65,86381
2026-09-16,DENORA,DE NORA INDIA LIMITED,801.65,809.95,781.55,788.1,812.95,1735
2026-09-16,DECCANCE,DECCAN CEMENTS LIMITED,562.4,579.95,555.55,570.0,566.05,26043
2026-09-16,DECNGOLD,DECCAN GOLD MINES LTD.,224.0,225.99,216.6,220.67,222.82,1128957
2026-09-16,DEEDEV,DEE DEVELOPMENT ENG LTD,600.0,636.7,577.65,634.65,607.4,309277
2026-09-16,DEEPINDS,DEEP INDUSTRIES LIMITED,727.2,743.9,688.0,735.15,730.4,707797
2026-09-16,DEEP,DEEP POLYMERS LTD.,46.59,47.0,42.0,43.47,45.13,33346
2026-09-16,DEEPA,DEEPA JEWELLERS LIMITED,173.99,174.49,164.79,171.82,169.14,3436863
2026-09-16,DBEIL,DEEPAK BUILDERS & ENG I L,6.94,6.97,6.51,6.74,6.79,121766
2026-09-16,DEEPAKFERT,DEEPAK FERTILIZERS & PETR,1297.9,1318.8,1269.1,1315.0,1284.8,173758
2026-09-16,DEEPAKNTR,DEEPAK NITRITE LTD,1562.8,1598.0,1546.2,1590.5,1561.3,443065
2026-09-16,DELHIVERY,DELHIVERY LIMITED,418.05,428.15,414.6,421.8,420.5,3025177
2026-09-16,DELTACORP,DELTA CORP LIMITED,53.8,57.1,51.66,55.19,53.79,2596609
2026-09-16,DELTAMAGNT,DELTA MANUFACTURING LTD,57.45,57.45,52.2,54.88,55.65,7247
2026-09-16,DEN,DEN NETWORKS LTD,26.47,26.68,26.12,26.42,26.62,231818
2026-09-16,DENTA,DENTA WATER N INFRA SOL L,276.6,296.3,267.35,282.05,276.3,300277
2026-09-16,DEVX,DEV ACCELERATOR LIMITED,32.16,34.9,32.16,33.96,33.3,110612
2026-09-16,DEVIT,DEV INFO TECHNOLOGY LTD,23.36,24.7,23.1,23.34,23.8,23973
2026-09-16,DEVYANI,DEVYANI INTERNATIONAL LTD,135.53,137.9,135.16,136.69,136.22,1326172
2026-09-16,DBOL,DHAMPUR BIO ORGANICS LTD,114.79,114.79,110.65,113.41,113.26,85045
2026-09-16,DHAMPURSUG,DHAMPUR SUGAR MILLS LTD.,157.4,157.4,150.1,152.74,156.61,665496
2026-09-16,DHANBANK,DHANLAXMI BANK LIMITED,29.85,30.18,29.05,29.42,29.79,511194
2026-09-16,DHANUKA,DHANUKA AGRITECH LTD,959.7,974.0,931.2,961.85,956.5,38687
2026-09-16,DHARMAJ,DHARMAJ CROP GUARD LTD,268.3,271.95,266.15,269.4,268.25,48933
2026-09-16,DHATRE,DHATRE UDYOG LTD.,4.4,4.4,4.06,4.11,4.29,31101
2026-09-16,DHOOTTRANS,DHOOT TRANSMISSION LTD,1525.0,1614.4,1400.4,1590.9,1555.9,6172314
2026-09-16,DHRUV,DHRUV CONSULTANCY SER LTD,21.76,22.88,21.04,21.46,22.14,10601
2026-09-16,DHUNINV,DHUNSERI INVESTMENTS LTD,980.0,988.6,962.0,977.2,978.45,429
2026-09-16,DVL,DHUNSERI VENTURES LIMITED,280.0,281.95,270.9,275.2,282.7,15512
2026-09-16,DIAMINESQ,DIAMINES & CHEMICALS LTD,259.0,261.0,248.62,256.19,251.8,7064
2026-09-16,DICIND,DIC INDIA LIMITED,600.0,623.6,590.05,610.3,593.15,3625
2026-09-16,DIFFNKG,DIFFUSION ENGINEERS LTD,429.9,435.0,415.1,428.7,427.25,112103
2026-09-16,DGCONTENT,DIGICONTENT LIMITED,23.75,23.94,23.6,23.88,23.74,3051
2026-09-16,DIGIDRIVE,DIGIDRIVE DISTRIBUTORS L,17.58,18.75,17.11,17.22,17.58,39847
2026-09-16,DIGISPICE,DIGISPICE TECHNOLOGIES LT,16.13,16.92,15.8,16.45,16.33,136926
2026-09-16,DIGITIDE,DIGITIDE SOLUTIONS LTD,85.0,88.08,82.6,86.25,85.06,188492
2026-09-16,DNAMEDIA,DILIGENT MEDIA CORP LTD.,2.55,2.7,2.26,2.45,2.5,83926
2026-09-16,DBL,DILIP BUILDCON LIMITED,401.0,415.0,390.4,406.2,399.6,309785
2026-09-16,DISAQ,DISA INDIA LTD.,11705.0,11844.0,11602.0,11747.0,11677.0,96
2026-09-16,DISHTV,DISH TV INDIA LTD.,2.62,2.75,2.61,2.66,2.62,3311191
2026-09-16,DCAL,DISHMAN CARBO AMCIS LTD,164.26,167.99,158.5,162.08,163.16,183948
2026-09-16,DIVGIITTS,DIVGI TORQTRANSFER SYST L,1106.0,1147.3,1062.0,1119.7,1106.3,143879
2026-09-16,DIVISLAB,DIVI S LABORATORIES LTD,9168.0,9180.0,8923.0,9158.0,9198.0,878300
2026-09-16,DIXON,DIXON TECHNO (INDIA) LTD,12985.0,13260.0,12850.0,13181.0,13180.0,540673
2026-09-16,DJML,DJ MEDIAPRINT & LOG LTD,79.85,80.29,75.6,78.14,78.66,95259
2026-09-16,DLF,DLF LIMITED,620.85,628.3,611.5,622.8,620.85,2223983
2026-09-16,DMCC,DMCC SPECIALITY CHEMICALS,265.35,270.1,256.9,259.3,265.5,87873
2026-09-16,DODLA,DODLA DAIRY LIMITED,1083.9,1094.8,1059.9,1063.6,1080.3,13702
2026-09-16,DOLATALGO,DOLAT ALGOTECH LIMITED,68.25,68.43,66.21,67.47,68.25,127563
2026-09-16,DOLLAR,DOLLAR INDUSTRIES LIMITED,262.05,268.8,259.05,266.8,262.95,66963
2026-09-16,DOLLEX,DOLLEX AGROTECH LIMITED,38.8,38.8,35.9,37.0,37.4,26844
2026-09-16,DOLPHIN,DOLPHIN OFF ENT (IND) L,641.3,651.0,610.0,635.1,651.05,35409
2026-09-16,DOMS,DOMS INDUSTRIES LIMITED,2102.6,2115.7,2061.3,2085.2,2120.4,20224
2026-09-16,DONEAR,DONEAR IND. LIMITED,82.46,83.5,82.01,82.06,82.46,10670
2026-09-16,AGARWALEYE,DR AGARWALS HEALTH CARE L,502.05,508.25,484.15,505.0,502.05,242956
2026-09-16,DRAGARWQ,DR. AGARWAL'S EYE HOSP L,5157.5,5325.0,5104.0,5269.5,5137.0,3151
2026-09-16,LALPATHLAB,DR. LAL PATH LABS LTD.,1921.0,2038.6,1870.0,1895.7,1906.4,1560989
2026-09-16,DRREDDY,DR. REDDY S LABORATORIES,1142.0,1149.9,1133.9,1140.0,1145.0,1120896
2026-09-16,DRCSYSTEMS,DRC SYSTEMS INDIA LIMITED,12.95,12.95,12.4,12.48,12.75,41584
2026-09-16,DREAMFOLKS,DREAMFOLKS SERVICES LTD,67.0,67.7,65.05,65.33,66.76,61208
2026-09-16,DREDGECORP,DREDGING CORP OF INDIA,994.9,994.9,961.1,987.8,994.0,45490
2026-09-16,KEEPLEARN,DSJ KEEP LEARNING LTD,1.89,1.92,1.77,1.83,1.89,44368
2026-09-16,LIQUIDETF,DSP LIQUID ETF,1000.0,1000.01,999.99,999.99,999.99,159105
2026-09-16,BANK10ADD,DSPAMC - BANK10ADD,16.47,16.6,16.46,16.46,16.45,80293
2026-09-16,BANKADD,DSPAMC - DSPBANK,57.51,57.75,57.29,57.52,57.51,98870
2026-09-16,GOLDADD,DSPAMC - DSPGOLD,14.72,14.77,14.63,14.69,14.5,3004420
2026-09-16,ITADD,DSPAMC - DSPIT,31.48,31.56,30.81,30.89,31.44,13383
2026-09-16,EQUAL50ADD,DSPAMC - DSPNEWETF,332.0,332.48,329.28,331.44,330.63,36479
2026-09-16,NIFTYADD,DSPAMC - DSPNIFTY,245.83,246.19,244.32,245.69,244.69,10290
2026-09-16,PSUBANKADD,DSPAMC - DSPPSBKETF,83.1,84.03,82.41,83.23,82.69,29062
2026-09-16,PVTBANKADD,DSPAMC - DSPPVBKETF,27.26,28.5,27.09,27.73,27.64,146716
2026-09-16,MIDQ50ADD,DSPAMC - DSPQ50ETF,24.12,24.13,23.7,24.07,24.12,40535
2026-09-16,SENSEXADD,DSPAMC - DSPSENXETF,76.82,77.0,76.53,76.9,76.77,496
2026-09-16,SILVERADD,DSPAMC - DSPSILVETF,22.0,22.12,21.92,22.04,21.61,4462291
2026-09-16,FLEXIADD,DSPAMC - FLEXIADD,9.69,9.73,9.6,9.68,9.67,133274
2026-09-16,FMCGADD,DSPAMC - FMCGADD,45.65,45.98,45.33,45.94,45.65,27665
2026-09-16,HEALTHADD,DSPAMC - HEALTHADD,16.48,17.0,16.19,16.29,16.5,20520
2026-09-16,LIQUIDADD,DSPAMC - LIQUIDADD,1144.89,1144.91,1144.88,1144.88,1144.75,308661
2026-09-16,MIDBANKADD,DSPAMC - MIDBANKADD,17.18,18.0,16.94,17.22,17.07,220246
2026-09-16,MIDCAPADD,DSPAMC - MIDCAPADD,22.47,22.8,22.21,22.7,22.47,14535
2026-09-16,MSCIADD,DSPAMC - MSCIADD,28.49,28.63,28.47,28.63,28.56,314
2026-09-16,NEXT30ADD,DSPAMC - NEXT30ADD,41.48,41.77,41.07,41.24,41.59,4260
2026-09-16,NEXT50ADD,DSPAMC - NEXT50ADD,70.58,71.09,70.38,70.74,70.86,17831
2026-09-16,SMALLADD,DSPAMC - SMALLADD,18.2,18.47,17.67,17.99,18.11,292045
2026-09-16,TOP10ADD,DSPAMC - TOP10ADD,85.68,85.68,85.02,85.25,85.39,237280
2026-09-16,DUCON,DUCON INFRATECHNOLOGIES L,1.53,1.64,1.45,1.58,1.59,1986175
2026-09-16,DWARKESH,DWARIKESH SUGAR IND LTD,41.75,41.78,40.32,41.04,41.72,2115991
2026-09-16,DSSL,DYNACONS SYS & SOLN LTD,1047.5,1047.5,1011.6,1018.8,1034.4,22429
2026-09-16,DYNAMATECH,DYNAMATIC TECHNOLOGIES,12000.0,12151.0,11500.0,12077.0,12071.0,28785
2026-09-16,DYCL,DYNAMIC CABLES LIMITED,436.0,438.15,416.65,433.0,432.6,387406
2026-09-16,DYNPRO,DYNEMIC PRODUCTS LIMITED,226.61,231.39,224.4,230.04,227.94,9782
2026-09-16,EASTWEST,EAST WEST FREIGHT CARRI L,2.3,2.33,2.27,2.33,2.3,10315
2026-09-16,EASEMYTRIP,EASY TRIP PLANNERS LTD,5.79,5.88,5.76,5.78,5.78,14917947
2026-09-16,ECLERX,ECLERX SERVICES LTD,1890.5,1968.0,1848.2,1961.2,1894.8,182677
2026-09-16,ECORECO,ECO RECYCLING LTD.,427.4,429.85,415.1,425.1,427.4,11414
2026-09-16,ECOSMOBLTY,ECOS (INDIA) MOB & HOSP L,106.21,108.19,105.29,106.37,107.47,45900
2026-09-16,BBETF0432,EDELAMC - BBETF0432,1338.5,1340.85,1334.0,1335.29,1340.38,374
2026-09-16,EBANK10,EDELAMC - EBANK10,16.1,16.77,16.09,16.52,16.26,940
2026-09-16,EBANKNIFTY,EDELAMC - EBANKNIFTY,56.48,56.87,56.26,56.61,56.49,422
2026-09-16,EBBETF0430,EDELAMC - EBBETF0430,1609.0,1609.0,1601.15,1604.0,1603.74,7059
2026-09-16,EBBETF0431,EDELAMC - EBBETF0431,1425.79,1431.98,1424.15,1427.29,1425.49,5837
2026-09-16,EBBETF0433,EDELAMC - EBBETF0433,1308.51,1311.36,1300.2,1309.64,1305.8,4937
2026-09-16,ECAPINSURE,EDELAMC - ECAPINSURE,22.95,23.16,22.54,23.03,22.95,41645
2026-09-16,EGOLD,EDELAMC - EGOLD,150.05,151.1,150.05,150.95,149.65,43760
2026-09-16,ELIQUID,EDELAMC - ELIQUID,1048.2,1048.2,1047.85,1047.85,1047.72,10860
2026-09-16,ELM250,EDELAMC - ELM250,16.1,16.19,15.97,15.99,16.0,58374
2026-09-16,ELMDIV,EDELAMC - ELMDIV,35.1,35.62,35.1,35.39,36.4,535
2026-09-16,EMETAL,EDELAMC - EMETAL,12.86,13.2,12.6,12.99,12.74,5130
2026-09-16,EMULTIMQ,EDELAMC - EMULTIMQ,40.6,41.6,39.57,39.95,40.58,135756
2026-09-16,ENEXT50,EDELAMC - ENEXT50,70.16,71.0,69.8,70.54,70.0,236
2026-09-16,ENIFTY,EDELAMC - ENIFTY,23.47,23.51,23.27,23.33,23.43,16917
2026-09-16,ESENSEX,EDELAMC - ESENSEX,74.9,76.01,74.8,75.27,75.4,72
2026-09-16,ESILVER,EDELAMC - ESILVER,225.73,229.52,225.73,228.89,224.0,663442
2026-09-16,EDELWEISS,EDELWEISS FIN SERV LTD,127.7,128.5,123.87,126.74,127.4,6116820
2026-09-16,EFCIL,EFC (I) LIMITED,183.55,184.37,176.98,178.06,182.64,196331
2026-09-16,EICHERMOT,EICHER MOTORS LTD,7430.0,7524.5,7406.0,7500.0,7452.5,316258
2026-09-16,EIDPARRY,EID PARRY INDIA LTD,702.75,707.0,685.5,703.05,702.75,314736
2026-09-16,EIHAHOTELS,EIH ASSOCIATED HOTELS LTD,284.4,288.85,278.1,287.0,281.3,17383
2026-09-16,EIHOTEL,EIH LIMITED,284.15,294.0,283.5,292.1,283.8,671193
2026-09-16,EIMCOELECO,EIMCO ELECON (INDIA) LTD,2242.2,2339.9,2211.1,2277.1,2242.2,58309
2026-09-16,EKI,EKI ENERGY SERVICES LTD,69.0,71.0,67.0,67.57,69.5,23169
2026-09-16,ELANTAS,ELANTAS BECK INDIA LTD.,13605.0,13676.0,12920.0,13436.0,13481.0,3194
2026-09-16,ELCIDIN,ELCID INVESTMENTS LTD.,106300.0,108500.0,105305.0,107120.0,102210.0,24
2026-09-16,ELDEHSG,ELDECO HSG & IND LTD.,775.0,775.0,754.2,769.15,780.3,890
2026-09-16,ELECON,ELECON ENG. CO. LTD,413.0,413.05,402.4,407.35,413.5,162968
2026-09-16,EMIL,ELECTRONICS MART IND LTD,184.3,185.74,173.71,180.93,185.06,2115907
2026-09-16,ELECTCAST,ELECTROSTEEL CASTINGS LTD,75.45,75.94,73.16,74.33,75.23,1233179
2026-09-16,ELECTHERM,ELECTROTHERM (I) LTD.,956.65,957.9,916.05,941.15,945.35,6788
2026-09-16,ELGIEQUIP,ELGI EQUIPMENTS LTD,615.0,615.05,590.1,592.5,612.05,533822
2026-09-16,ELGIRUBCO,ELGI RUBBER CO. LTD,55.2,57.9,54.1,56.68,55.83,36113
2026-09-16,ELIN,ELIN ELECTRONICS LIMITED,86.3,89.0,83.97,88.71,87.15,185837
2026-09-16,ELITECON,ELITECON INTERNATIONAL L,8.83,8.9,8.15,8.15,8.57,2875950
2026-09-16,ELLEN,ELLENBARRIE INDUS GASES L,356.5,390.6,343.0,374.65,355.1,2421472
2026-09-16,ELPROINTL,ELPRO INTERNATIONAL LTD,174.14,174.5,173.5,173.51,172.85,7268
2026-09-16,EMAMILTD,EMAMI LIMITED,375.0,376.0,365.8,369.3,373.7,1443979
2026-09-16,EMAMIREAL,EMAMI REALTY LIMITED,67.0,68.9,66.31,66.31,67.45,8902
2026-09-16,EMBDL,EMBASSY DEVELOPMENTS LTD,55.4,55.5,53.31,53.68,55.01,1630746
2026-09-16,EMCURE,EMCURE PHARMACEUTICALS L,2004.0,2013.0,1902.6,1931.9,1993.0,248066
2026-09-16,EMKAY,EMKAY GLOBAL FIN SERV LTD,243.5,243.85,235.0,242.3,241.45,15157
2026-09-16,EMMVEE,EMMVEE PHOTOVOLTAIC PWR L,322.5,330.6,318.6,321.7,328.55,1366386
2026-09-16,EMPIND,EMPIRE INDUSTRIES LTD.,1025.0,1034.0,1002.1,1026.9,1038.3,1254
2026-09-16,EMPOWER,EMPOWER INDIA LTD.,2.43,2.49,2.43,2.48,2.38,43769639
2026-09-16,EMSLIMITED,EMS LIMITED,373.95,374.85,355.35,362.25,373.95,241061
2026-09-16,EMUDHRA,EMUDHRA LIMITED,625.0,677.0,600.35,642.3,592.85,30254888
2026-09-16,ENDURANCE,ENDURANCE TECHNO. LTD.,2625.0,2659.0,2582.0,2628.4,2614.6,72279
2026-09-16,ENERGYDEV,ENERGY DEVE. CO.LTD,14.2,14.83,14.0,14.08,14.27,33641
2026-09-16,ENGINERSIN,ENGINEERS INDIA LTD,261.4,265.6,253.6,260.65,262.45,2212377
2026-09-16,ENKEIWHEL,ENKEI WHEELS (INDIA) LTD.,398.55,398.55,388.0,390.2,398.55,247
2026-09-16,ENTERO,ENTERO HEALTHCARE SOLU L,1785.1,1800.3,1666.8,1731.8,1802.1,236406
2026-09-16,ENIL,ENTERTAIN NET. IND. LTD.,101.9,102.79,99.26,100.34,100.4,7608
2026-09-16,EIEL,ENVIRO INFRA ENGINEERS L,197.98,198.99,190.5,194.87,196.91,495754
2026-09-16,EPACK,EPACK DURABLE LIMITED,177.34,181.32,175.04,178.09,177.7,354381
2026-09-16,EPACKPEB,EPACK PREFAB TECHN LTD,222.01,224.0,213.22,221.47,221.26,428491
2026-09-16,EPIGRAL,EPIGRAL LIMITED,1092.2,1092.2,1054.1,1084.0,1092.2,21627
2026-09-16,EPL,EPL LIMITED,234.5,236.7,228.0,233.9,235.9,1925799
2026-09-16,EQUITASBNK,EQUITAS SMALL FIN BNK LTD,71.39,74.5,70.82,73.5,71.35,2177983
2026-09-16,ERIS,ERIS LIFESCIENCES LIMITED,1296.2,1324.7,1282.8,1303.2,1310.1,15100
2026-09-16,ESABINDIA,ESAB INDIA LTD,5779.0,5779.0,5606.0,5675.0,5751.0,3839
2026-09-16,ESCORTS,ESCORTS KUBOTA LIMITED,2840.0,2864.9,2791.1,2815.6,2835.8,63932
2026-09-16,ESDS,ESDS SOFTWARE SOLUTION L,1820.0,1820.0,1733.5,1733.5,1824.7,1728190
2026-09-16,ESSARSHPNG,ESSAR SHIPPING LTD,16.48,16.48,15.45,15.53,15.76,227399
2026-09-16,ESTER,ESTER INDUSTRIES LTD,87.27,87.69,85.05,86.24,87.03,40282
2026-09-16,ETERNAL,ETERNAL LIMITED,316.25,318.35,310.8,317.0,315.25,11286053
2026-09-16,ETHOSLTD,ETHOS LIMITED,2602.0,2639.0,2520.0,2612.5,2574.1,47503
2026-09-16,EUREKAFORB,EUREKA FORBES LIMITED,396.0,401.15,385.0,394.15,394.3,218699
2026-09-16,EUROBOND,EURO PANEL PRODUCTS LTD,148.0,150.0,144.01,149.84,146.98,1652
2026-09-16,EUROPRATIK,EURO PRATIK SALES LIMITED,241.0,249.35,233.5,240.05,240.5,153538
2026-09-16,EVEREADY,EVEREADY INDS. IND.  LTD.,337.0,341.8,327.9,333.95,336.75,61719
2026-09-16,EKC,EVEREST KANTO CYLINDERLTD,98.8,99.7,96.49,98.75,98.8,186889
2026-09-16,EXCELINDUS,EXCEL INDUSTRIES LTD,980.2,980.2,940.1,966.8,965.7,12959
2026-09-16,EXCELSOFT,EXCELSOFT TECHNOLOGIES L,78.59,82.0,75.31,80.17,77.63,2760983
2026-09-16,EXICOM,EXICOM TELE SYSTEMS LTD,169.5,171.99,156.29,162.72,168.43,1815871
2026-09-16,EXIDEIND,EXIDE INDUSTRIES LTD,407.8,419.65,407.8,415.5,409.2,2177347
2026-09-16,EXPLEOSOL,EXPLEO SOLUTIONS LIMITED,867.0,890.0,842.0,879.85,862.6,44424
2026-09-16,EXXARO,EXXARO TILES LIMITED,6.48,6.48,6.22,6.25,6.35,128126
2026-09-16,FABTECH,FABTECH TECHNOLOGIES LTD,145.75,146.68,142.52,145.66,146.3,55594
2026-09-16,FACT,FACT LTD,754.55,756.35,740.05,749.0,754.55,76634
2026-09-16,FAZE3Q,FAZE THREE LIMITED,467.85,475.05,445.0,447.2,467.85,33939
2026-09-16,FCSSOFT,FCS SOFTWARE SOLN. LTD.,1.43,1.43,1.4,1.41,1.42,1385664
2026-09-16,FDC,FDC LIMITED,350.7,358.8,340.05,350.2,349.7,238731
2026-09-16,FEDFINA,FEDBANK FINANCIAL SER L,153.51,155.62,148.41,150.76,153.51,854914
2026-09-16,FEDDERSHOL,FEDDERS HOLDING LTD.,49.5,52.25,49.5,50.81,49.14,4985896
2026-09-16,FEDERALBNK,FEDERAL BANK LTD,341.8,346.0,340.1,341.8,343.0,2857474
2026-09-16,FMGOETZE,FEDERAL-MOGUL GOETZE (IND,447.9,453.65,432.5,446.8,445.65,286717
2026-09-16,FERMENTA,FERMENTA BIOTECH LTD.,472.15,477.9,450.0,470.0,471.0,111404
2026-09-16,FIBERWEB,FIBERWEB INDIA LIMITED,25.76,26.9,25.07,26.08,25.63,22525
2026-09-16,FIEMIND,FIEM INDUSTRIES LIMITED,1938.1,1965.0,1913.7,1927.9,1938.1,64556
2026-09-16,FILATFASH,FILATEX FASHIONS LIMITED,0.18,0.19,0.18,0.18,0.18,11830382
2026-09-16,FILATEX,FILATEX INDIA LTD,81.0,88.0,80.3,87.22,82.41,4978051
2026-09-16,FINEORG,FINE ORGANIC IND. LTD.,5115.0,5249.0,5037.5,5193.0,5153.5,36658
2026-09-16,FCL,FINEOTEX CHEMICAL LIMITED,53.48,54.13,49.34,53.07,53.88,29438708
2026-09-16,FINKURVE,FINKURVE FINANCIAL SERV L,72.6,78.99,71.2,72.99,72.68,420501
2026-09-16,FINOPB,FINO PAYMENTS BANK LTD,141.23,146.8,135.2,136.05,137.73,504308
2026-09-16,FINCABLES,FINOLEX CABLES LTD,1344.2,1394.9,1299.1,1362.6,1339.9,1264308
2026-09-16,FINPIPE,FINOLEX INDUSTRIES LTD,152.0,152.76,148.05,151.05,151.33,388076
2026-09-16,FSL,FIRSTSOURCE SOLU. LTD.,278.0,280.95,268.5,277.75,283.35,4437986
2026-09-16,FISCHER,FISCHER MEDICAL VENTURE L,34.7,34.71,32.96,33.5,34.02,366426
2026-09-16,FIVESTAR,FIVE-STAR BUS FIN LTD,544.65,552.65,532.3,549.4,541.95,549733
2026-09-16,FLAIR,FLAIR WRITING INDUST LTD,234.1,236.17,228.0,231.89,233.73,67634
2026-09-16,FOODSIN,FOODS & INNS LIMITED,52.64,53.98,49.15,51.98,53.49,138960
2026-09-16,FORCEMOT,FORCE MOTORS LIMITED,17300.0,17501.0,17187.0,17383.0,17245.0,56841
2026-09-16,FORTIS,FORTIS HEALTHCARE LTD,880.0,880.1,861.4,870.3,880.1,1094839
2026-09-16,FOSECOIND,FOSECO INDIA LTD,6224.5,7040.0,6141.0,6846.5,6223.5,178685
2026-09-16,FRACTAL,FRACTAL ANALYTICS LIMITED,750.0,751.0,735.0,738.6,748.1,166944
2026-09-16,FREDUN,FREDUN PHARMACEUTICALS L,1322.5,1345.8,1195.2,1221.6,1327.9,306726
2026-09-16,FRONTSP,FRONTIER SPRINGS LTD.,1225.0,1225.0,1178.1,1185.8,1226.6,22377
2026-09-16,NYKAA,FSN E COMMERCE VENTURES,336.2,338.3,323.55,325.6,336.2,4960142
2026-09-16,UTLSOLAR,FUJIYAMA POWER SYSTEMS L,427.9,427.9,400.5,405.65,421.9,398209
2026-09-16,FUSION,FUSION FINANCE LIMITED,186.68,188.97,182.13,182.73,188.18,528710
2026-09-16,FMNL,FUTURE MKT NETWORKS LTD,9.11,9.3,9.1,9.28,9.09,4137
2026-09-16,GMBREW,G M BREWERIES LTD,905.7,917.0,883.05,912.65,905.7,29171
2026-09-16,GRINFRA,G R INFRAPROJECTS LIMITED,835.0,840.55,815.6,819.05,838.15,25372
2026-09-16,GTECJAINX,G-TEC JAINX EDUCATION LTD,28.3,29.0,27.11,27.61,29.31,5433
2026-09-16,GABRIEL,GABRIEL INDIA LTD,1292.4,1309.4,1268.2,1295.7,1300.5,275589
2026-09-16,GAIL,GAIL (INDIA) LTD,170.88,171.88,168.72,170.65,170.88,3949470
2026-09-16,GAJA,GAJA ALT ASSET MGT LTD,142.73,144.45,137.5,138.83,142.55,551950
2026-09-16,GALAPREC,GALA PRECISION ENG LTD,986.6,1016.8,969.0,999.9,992.1,30901
2026-09-16,GALAXYSURF,GALAXY SURFACTANTS LTD,2112.9,2171.6,2078.7,2156.3,2127.3,26358
2026-09-16,GALLANTT,GALLANTT ISPAT LIMITED,539.6,542.9,521.5,524.95,534.65,147112
2026-09-16,GANDHAR,GANDHAR OIL REFINE IND L,262.45,262.95,247.05,258.95,260.45,888416
2026-09-16,GANDHITUBE,GANDHI SPL. TUBES LTD,851.0,914.5,850.0,900.9,871.2,9851
2026-09-16,GANESHCP,GANESH CONSUMER PRODUCT L,163.5,164.32,160.42,163.07,163.79,61120
2026-09-16,GANESHHOU,GANESH HOUSING LIMITED,745.1,754.95,726.3,740.65,745.1,25380
2026-09-16,GANECOS,GANESHA ECOSPHERE LIMITED,1007.0,1016.0,983.2,1000.2,1007.0,45692
2026-09-16,GANGAFORGE,GANGA FORGING LIMITED,1.64,1.65,1.58,1.59,1.63,1340813
2026-09-16,GANGESSECU,GANGES SECURITIES LIMITED,113.52,117.0,113.0,115.01,113.52,403
2026-09-16,GRSE,GARDEN REACH SHIP&ENG LTD,2370.0,2370.0,2290.0,2314.6,2358.8,428399
2026-09-16,GARUDA,GARUDA CONSTRUCT N ENG L,175.25,177.98,170.7,175.98,176.05,449765
2026-09-16,GRWRHITECH,GARWARE HI-TECH FILMS LTD,6625.0,6640.0,6392.0,6431.0,6603.5,63165
2026-09-16,GARFIBRES,GARWARE TECH FIBRES LTD,781.95,804.75,762.15,800.6,785.5,44337
2026-09-16,GATEWAY,GATEWAY DISTRIPARKS LTD,52.37,53.5,51.51,52.34,52.49,366855
2026-09-16,GAUDIUMIVF,GAUDIUM IVF N WOMEN H L,115.01,118.9,111.4,116.42,114.42,135695
2026-09-16,GAYAHWS,GAYATRI HIGHWAYS LIMITED,1.92,1.93,1.81,1.84,1.88,205869
2026-09-16,GAYAPROJ,GAYATRI PROJECTS LTD,26.4,27.0,24.85,24.85,26.15,1543449
2026-09-16,GVPIL,GE POWER INDIA LIMITED,628.95,630.0,597.75,616.1,620.05,128227
2026-09-16,GVT&D,GE VERNOVA T&D INDIA LTD,4238.1,4315.7,4149.7,4267.0,4246.9,717611
2026-09-16,GEEKAYWIRE,GEEKAY WIRES LIMITED,31.1,31.72,29.05,30.56,29.34,540043
2026-09-16,GEMAROMA,GEM AROMATICS LIMITED,156.7,158.82,154.0,156.07,158.08,65058
2026-09-16,GICRE,GENERAL INS CORP OF INDIA,340.45,342.15,337.0,337.75,338.2,328457
2026-09-16,GENCON,GENERIC ENG CONS PROJ LTD,42.98,42.98,38.11,39.02,39.67,364890
2026-09-16,GENESYS,GENESYS INTL CORPN LTD,289.0,295.88,270.1,276.71,285.51,1018076
2026-09-16,GENUSPAPER,GENUS P&B LIMITED,11.38,11.74,10.87,11.11,11.38,117821
2026-09-16,GENUSPOWER,GENUS POWER INFRASTRU LTD,306.0,307.2,291.0,301.55,306.5,1972232
2026-09-16,GEOJITFSL,GEOJIT FINANCIAL SER L,77.5,78.0,75.36,76.9,77.27,227487
2026-09-16,GFLLIMITED,GFL LIMITED,54.18,56.23,53.49,54.65,54.69,50994
2026-09-16,GHCL,GHCL LIMITED,423.0,424.5,415.0,418.85,423.15,128473
2026-09-16,GHCLTEXTIL,GHCL TEXTILES LIMITED,119.0,124.08,117.03,121.68,119.62,550150
2026-09-16,GICHSGFIN,GIC HOUSING FINANCE LTD,135.4,136.0,132.94,134.92,134.89,64056
2026-09-16,GILLANDERS,GILLANDERS ARBUTHNOT LTD,102.4,105.01,102.4,103.0,102.91,3145
2026-09-16,GILLETTE,GILLETTE INDIA LTD,7249.0,7295.5,7180.0,7275.5,7248.5,7886
2026-09-16,GKENERGY,GK ENERGY LIMITED,122.5,123.6,119.61,119.91,123.57,358279
2026-09-16,GKB,GKB OPHTHALMICS LTD.,65.8,66.12,62.2,62.37,67.42,916
2026-09-16,GKWLIMITED,GKW LIMITED,1551.0,1607.0,1522.9,1589.2,1554.0,251
2026-09-16,GLAND,GLAND PHARMA LIMITED,2877.0,2914.2,2792.4,2826.6,2895.5,748751
2026-09-16,GLASSWALL,GLASS WALL SYSTEM (I) LTD,194.0,229.0,185.2,214.85,182.0,50839300
2026-09-16,GLAXO,GLAXOSMITHKLINE PHARMA LT,2818.0,2878.0,2755.9,2856.2,2818.9,85460
2026-09-16,GLENMARK,GLENMARK PHARMACEUTICALS,2371.7,2425.8,2306.3,2410.0,2371.7,677704
2026-09-16,GLOBAL,GLOBAL EDUCATION LIMITED,127.0,131.98,124.5,128.89,126.23,214392
2026-09-16,MEDANTA,GLOBAL HEALTH LIMITED,1425.0,1425.0,1380.1,1404.6,1418.1,227556
2026-09-16,GSLSU,GLOBAL SURFACES LIMITED,27.15,28.77,27.11,27.51,28.0,34366
2026-09-16,GLOBALVECT,GLOBAL VEC HELICORP LTD,129.5,134.39,125.5,126.96,129.84,9529
2026-09-16,GLOBALE,GLOBALE TESSILE LIMITED,11.7,11.7,11.12,11.12,11.7,284
2026-09-16,GLOBECIVIL,GLOBE CIVIL PROJECTS LTD,44.9,45.44,42.03,42.56,43.5,61442
2026-09-16,GLOBE,GLOBE ENTERPRISE (I) LTD,1.79,1.79,1.75,1.77,1.76,179969
2026-09-16,GLOBUSSPR,GLOBUS SPIRITS LTD,825.0,844.0,810.9,839.05,820.55,57697
2026-09-16,GLOSTERLTD,GLOSTER LIMITED,575.0,589.9,570.0,578.95,575.1,465
2026-09-16,GLOTTIS,GLOTTIS LIMITED,59.03,59.03,57.0,58.01,59.03,34936
2026-09-16,GMMPFAUDLR,GMM PFAUDLER LIMITED,1348.0,1355.0,1300.1,1335.0,1348.0,586784
2026-09-16,GMRAIRPORT,GMR AIRPORTS LIMITED,93.15,93.81,91.99,92.46,92.97,8814802
2026-09-16,GMRP&UI,GMR POW AND URBAN INFRA L,89.91,94.2,88.12,93.16,90.35,2290502
2026-09-16,GNA,GNA AXLES LIMITED,533.0,539.7,504.2,529.85,532.6,210288
2026-09-16,EBGNG,GNG ELECTRONICS LIMITED,675.0,679.9,625.6,645.55,671.45,1024574
2026-09-16,GODIGIT,GO DIGIT GENERAL INS LTD,252.6,254.95,248.25,250.9,251.5,155492
2026-09-16,GOCOLORS,GO FASHION INDIA LTD,306.8,310.2,298.0,303.6,304.9,79421
2026-09-16,GOACARBON,GOA CARBON LIMITED,388.75,400.0,384.0,390.6,384.9,37318
2026-09-16,GOCLCORP,GOCL CORPORATION LIMITED,440.0,440.0,415.85,428.4,435.65,199597
2026-09-16,GODAVARIB,GODAVARI BIOREFINERIES L,226.63,258.87,224.0,236.94,226.63,9406369
2026-09-16,GPIL,GODAWARI POW & ISP LTD,237.68,238.0,231.24,236.49,237.16,1238726
2026-09-16,GODFRYPHLP,GODFREY PHILLIPS INDIA LT,1924.0,1938.7,1895.0,1934.0,1915.0,167013
2026-09-16,GODREJAGRO,GODREJ AGROVET LIMITED,644.0,650.0,630.1,647.35,645.3,125139
2026-09-16,GODREJCP,GODREJ CONSUMER PRODUCTS,856.0,876.85,856.0,863.0,857.0,1427742
2026-09-16,GODREJIND,GODREJ INDUSTRIES LTD,1107.0,1172.0,1078.0,1136.5,1104.0,463606
2026-09-16,GODREJPROP,GODREJ PROPERTIES LTD,1666.9,1703.7,1647.6,1665.3,1659.3,783588
2026-09-16,GOKEX,GOKALDAS EXPORTS LTD.,741.2,743.15,705.95,725.35,743.3,273049
2026-09-16,GOKULAGRO,GOKUL AGRO RESOURCES LTD,219.8,219.96,213.01,218.43,218.69,222970
2026-09-16,GOKUL,GOKUL REFOILS & SOLV LTD,40.65,40.65,38.75,39.39,39.92,157381
2026-09-16,GOLDIAM,GOLDIAM INTERNATIONAL LTD,324.7,329.95,317.0,321.8,324.15,408492
2026-09-16,GOODLUCK,GOODLUCK INDIA LIMITED,519.15,527.05,495.5,510.3,519.15,533794
2026-09-16,GOODYEAR,GOODYEAR INDIA LIMITED,720.0,729.8,708.1,712.05,712.95,3200
2026-09-16,GOPAL,GOPAL SNACKS LIMITED,249.3,257.95,248.0,254.4,249.3,117717
2026-09-16,GOYALALUM,GOYAL ALUMINIUMS LIMITED,5.93,6.08,5.81,5.9,5.93,32092
2026-09-16,GPTHEALTH,GPT HEALTHCARE LIMITED,158.42,164.06,155.0,163.3,159.45,135814
2026-09-16,GPTINFRA,GPT INFRAPROJECTS LTD,111.72,112.51,109.65,111.0,111.72,114845
2026-09-16,GRANDOAK,GRAND OAK CANYONS DIST L,34.8,36.43,34.0,34.08,34.89,1703
2026-09-16,GRANULES,GRANULES INDIA LIMITED,869.0,872.0,829.0,835.6,872.6,2651978
2026-09-16,GRAPHITE,GRAPHITE INDIA LTD,785.0,818.7,774.6,805.05,781.5,3021853
2026-09-16,GRASIM,GRASIM INDUSTRIES LTD,3190.0,3201.8,3159.1,3187.0,3171.0,859973
2026-09-16,GRAUWEIL,GRAUER & WEIL IND LTD,73.2,75.04,70.4,73.56,73.08,517563
2026-09-16,GRAVISSHO,GRAVISS HOSPITALITY LTD.,49.0,49.9,42.28,42.37,46.97,94415
2026-09-16,GRAVITA,GRAVITA INDIA LIMITED,1639.3,1646.5,1601.3,1622.7,1639.0,100063
2026-09-16,GREAVESCOT,GREAVES COTTON LTD.,186.05,187.7,178.71,185.64,187.13,949927
2026-09-16,GREENLAM,GREENLAM INDUSTRIES LTD.,227.7,232.08,221.67,230.86,226.57,29337
2026-09-16,GREENPANEL,GREENPANEL INDUSTRIES LTD,152.7,154.25,148.51,152.77,151.24,620970
2026-09-16,GREENPLY,GREENPLY INDUSTRIES LTD,275.0,284.2,275.0,281.1,280.1,99357
2026-09-16,GCSL,GRETEX CORPORATE SERVICES,604.6,604.6,560.0,594.75,601.55,1045600
2026-09-16,GRINDWELL,GRINDWELL NORTON LIMITED,1824.7,1867.9,1818.5,1852.9,1825.9,21384
2026-09-16,GRMOVER,GRM OVERSEAS LIMITED,82.6,83.85,79.34,82.02,82.7,1077928
2026-09-16,CEMNTGROWW,GROWWAMC - CEMNTGROWW,14.0,14.08,13.73,13.85,13.95,171688
2026-09-16,GROWWCAPM,GROWWAMC - GROWWCAPM,11.1,11.15,10.85,11.03,11.1,832378
2026-09-16,GROWWCHEM,GROWWAMC - GROWWCHEM,29.24,29.24,28.33,28.97,29.24,48615
2026-09-16,GROWWDEFNC,GROWWAMC - GROWWDEFNC,91.97,93.0,89.23,91.79,91.97,460123
2026-09-16,GROWWEV,GROWWAMC - GROWWEV,31.58,31.58,31.03,31.21,31.48,298822
2026-09-16,GROWWGOLD,GROWWAMC - GROWWGOLD,14.75,14.78,14.7,14.76,14.6,1752135
2026-09-16,GROWWHOSPI,GROWWAMC - GROWWHOSPI,51.92,52.35,50.57,51.14,51.92,332991
2026-09-16,GROWWLIQID,GROWWAMC - GROWWLIQID,110.87,110.87,110.76,110.76,110.75,243164
2026-09-16,GROWWLOVOL,GROWWAMC - GROWWLOVOL,10.11,10.11,9.91,10.05,10.11,14072
2026-09-16,GROWWMC150,GROWWAMC - GROWWMC150,225.3,227.99,221.53,224.33,226.5,399
2026-09-16,GROWWMETAL,GROWWAMC - GROWWMETAL,12.38,12.38,11.97,12.05,12.14,453032
2026-09-16,GROWWMOM50,GROWWAMC - GROWWMOM50,10.65,10.69,10.46,10.66,10.65,155290
2026-09-16,GROWWN200,GROWWAMC - GROWWN200,10.92,11.25,10.82,10.94,10.92,53232
2026-09-16,GROWWNET,GROWWAMC - GROWWNET,10.64,10.94,10.49,10.72,10.7,1809603
2026-09-16,GROWWNIFTY,GROWWAMC - GROWWNIFTY,9.44,9.45,9.33,9.43,9.41,752550
2026-09-16,GROWWNXT50,GROWWAMC - GROWWNXT50,72.68,72.68,70.01,72.43,71.8,7750
2026-09-16,GROWWPOWER,GROWWAMC - GROWWPOWER,11.24,11.24,10.85,10.93,11.02,1833790
2026-09-16,GROWWPSE,GROWWAMC - GROWWPSE,97.68,97.68,94.85,95.52,96.11,3791
2026-09-16,GROWWPSUBK,GROWWAMC - GROWWPSUBK,82.88,83.79,81.35,83.33,82.08,5330
2026-09-16,GROWWRAIL,GROWWAMC - GROWWRAIL,26.87,27.0,26.4,26.75,26.86,720691
2026-09-16,GROWWRLTY,GROWWAMC - GROWWRLTY,9.39,9.39,9.05,9.28,9.22,366826
2026-09-16,GROWWSC250,GROWWAMC - GROWWSC250,10.52,10.59,10.1,10.41,10.38,283009
2026-09-16,GROWWSLVR,GROWWAMC - GROWWSLVR,22.5,22.5,22.31,22.38,22.0,1498334
2026-09-16,PVTBKGROWW,GROWWAMC - PVTBKGROWW,26.8,27.78,26.8,27.53,27.3,18943
2026-09-16,SMALLGROWW,GROWWAMC - SMALLGROWW,47.85,48.18,46.85,47.62,47.85,7786
2026-09-16,GRPLTD,GRP LIMITED,2046.2,2046.2,1916.1,1979.3,2046.2,2182
2026-09-16,GSPCROP,GSP CROP SCIENCE LIMITED,473.1,489.0,472.0,482.95,472.35,504025
2026-09-16,GSS,GSS INFOTECH LIMITED,10.47,10.47,9.6,10.08,10.22,28633
2026-09-16,GTLINFRA,GTL INFRA.LTD,1.13,1.14,1.11,1.11,1.13,25238570
2026-09-16,GTL,GTL LTD,7.01,7.25,6.95,7.1,7.08,144365
2026-09-16,GTPL,GTPL HATHWAY LIMITED,57.11,58.74,55.8,56.46,57.83,49981
2026-09-16,GUFICBIO,GUFIC BIOSCIENCES LTD.,424.45,424.45,404.1,419.85,425.1,112795
2026-09-16,GIPCL,GUJ IND POW CO. LTD,187.0,191.75,181.1,185.14,188.31,490068
2026-09-16,GNFC,GUJ NAR VAL FER & CHEM L,540.6,545.6,528.8,539.75,540.6,367982
2026-09-16,GSFC,GUJ STATE FERT & CHEM LTD,151.85,152.24,147.15,149.16,151.55,1062067
2026-09-16,GUJAPOLLO,GUJ. APOLLO IND. LTD.,340.0,344.0,332.2,338.1,340.85,50739
2026-09-16,GUJALKALI,GUJARAT ALKALIES & CHEM,692.0,709.55,674.0,696.5,692.7,88806
2026-09-16,GAEL,GUJARAT AMBUJA EXPORTS LT,159.0,159.51,152.64,157.16,158.72,1060772
2026-09-16,GUJENERGY,GUJARAT ENERGY LIMITED,244.36,245.87,241.5,244.24,243.56,1082398
2026-09-16,FLUOROCHEM,GUJARAT FLUOROCHEM LTD,4602.0,4620.0,4439.6,4533.6,4601.3,104607
2026-09-16,GKSL,GUJARAT KIDNEY N SUP SP L,173.99,175.83,163.94,172.33,173.6,505195
2026-09-16,GLFL,GUJARAT LEASE FINANCING L,5.4,5.4,5.01,5.35,5.26,5706
2026-09-16,GMDCLTD,GUJARAT MINERAL DEV CORP,553.45,557.0,535.05,543.35,553.45,801915
2026-09-16,GNRL,GUJARAT NATURAL RES L,102.8,102.8,99.1,99.87,102.54,92414
2026-09-16,GPPL,GUJARAT PIPAVAV PORT LTD,162.15,163.3,158.35,162.24,161.18,1409967
2026-09-16,GUJRAFFIA,GUJARAT RAFFIA INDUST LTD,42.35,42.35,40.05,40.23,40.26,2348
2026-09-16,GUJTHEM,GUJARAT THEMIS BIOSYN LTD,425.9,427.95,401.95,412.6,430.45,394301
2026-09-16,GULFOILLUB,GULF OIL LUB. IND. LTD.,1057.3,1065.2,1032.8,1057.2,1057.3,25186
2026-09-16,GULPOLY,GULSHAN POLYOLS LIMITED,170.6,170.6,165.06,168.89,170.03,135723
2026-09-16,GYFTR,GYFTR LIMITED,176.1,182.1,176.1,178.11,178.62,19937
2026-09-16,HBESD,H B ESTATE DEVELOPERS L,69.01,74.01,69.0,71.02,71.5,319
2026-09-16,HGINFRA,H.G.INFRA ENGINEERING LTD,471.9,473.95,460.1,461.5,471.8,54377
2026-09-16,HALDER,HALDER VENTURE LIMITED,258.0,288.5,258.0,285.95,265.9,21626
2026-09-16,HALEOSLABS,HALEOS LABS LIMITED,1450.6,1524.0,1450.6,1507.9,1488.9,2124
2026-09-16,HAMPTON,HAMPTON SKY REALTY LTD.,8.0,8.72,7.85,8.55,7.95,314251
2026-09-16,HGM,HANDSON GBL MNGMNT LTD,46.79,47.5,46.2,46.81,46.77,2412
2026-09-16,HAPPSTMNDS,HAPPIEST MINDS TECHNO LTD,327.85,333.9,322.85,327.45,325.6,953262
2026-09-16,HAPPYFORGE,HAPPY FORGINGS LIMITED,2065.0,2178.0,2065.0,2155.9,2074.3,168189
2026-09-16,HARDWYN,HARDWYN INDIA LIMITED,9.05,9.11,8.97,9.04,9.06,2829919
2026-09-16,HARIOMPIPE,HARIOM PIPE INDUSTRIES L,348.0,356.95,346.1,350.35,351.6,104808
2026-09-16,HRYNSHP,HARIYANA SHIP BREAKERS L,96.86,100.0,96.1,100.0,96.38,68
2026-09-16,HARRMALAYA,HARRISON MALAYALAM LTD,182.7,182.7,176.44,178.71,182.6,4508
2026-09-16,HARSHA,HARSHA ENGINEERS INT LTD,425.0,432.2,407.85,430.0,424.7,189658
2026-09-16,HATHWAY,HATHWAY CABLE & DATACOM,9.94,10.12,9.86,10.0,9.95,1263943
2026-09-16,HATSUN,HATSUN AGRO PRODUCT LTD.,1273.1,1275.0,1206.1,1214.0,1275.0,88440
2026-09-16,HAVELLS,HAVELLS INDIA LIMITED,1093.0,1106.9,1084.8,1089.9,1087.0,726459
2026-09-16,HAWKINCOOK,HAWKINS COOKERS LTD,8375.0,8375.0,8200.0,8296.5,8381.5,1644
2026-09-16,HAZOOR,HAZOOR MULTI PROJECTS LTD,18.8,19.29,18.01,18.51,18.74,194145
2026-09-16,HBPOR,HB PORTFOLIO LTD.,65.0,65.0,59.0,62.3,59.99,1402
2026-09-16,HBSL,HB STOCKHOLDINGS LIMITED,53.11,53.11,50.55,52.24,52.85,1508
2026-09-16,HBLENGINE,HBL ENGINEERING LTD,719.0,719.0,692.0,704.65,720.15,831268
2026-09-16,HCL-INSYS,HCL INFOSYSTEMS LTD,10.15,10.15,10.0,10.0,10.01,104971
2026-09-16,HCLTECH,HCL TECHNOLOGIES LTD,1262.5,1284.6,1244.9,1253.0,1253.7,3049093
2026-09-16,HDBFS,HDB FINANCIAL SERVICES L,664.7,678.8,662.7,678.0,664.7,294552
2026-09-16,HDFCAMC,HDFC AMC LIMITED,2383.1,2408.5,2360.0,2373.1,2409.0,482108
2026-09-16,HDFCBANK,HDFC BANK LTD,714.9,725.4,710.85,721.5,716.55,27476943
2026-09-16,HDFCGOLD,HDFC GOLD ETF,128.8,129.39,128.61,129.11,127.88,2989552
2026-09-16,HDFCLIFE,HDFC LIFE INS CO LTD,522.0,534.0,517.0,530.2,516.1,3970025
2026-09-16,HDFCBSE500,HDFCAMC - HDFCBSE500,36.0,36.99,35.6,36.59,36.33,1443873
2026-09-16,HDFCGROWTH,HDFCAMC - HDFCGROWTH,117.75,117.75,113.71,115.2,115.75,6856
2026-09-16,HDFCLIQUID,HDFCAMC - HDFCLIQUID,1078.04,1078.06,1078.04,1078.05,1077.91,24738
2026-09-16,HDFCLOWVOL,HDFCAMC - HDFCLOWVOL,19.87,19.95,19.63,19.8,19.87,3347
2026-09-16,HDFCMID150,HDFCAMC - HDFCMID150,22.71,22.79,22.39,22.72,22.71,527369
2026-09-16,HDFCMOMENT,HDFCAMC - HDFCMOMENT,30.14,30.34,29.64,30.09,30.05,136259
2026-09-16,HDFCNEXT50,HDFCAMC - HDFCNEXT50,70.73,72.43,70.73,72.13,72.18,128348
2026-09-16,HDFCNIF100,HDFCAMC - HDFCNIF100,25.18,25.28,25.0,25.24,25.18,38353
2026-09-16,HDFCNIFBAN,HDFCAMC - HDFCNIFBAN,57.69,58.03,57.54,57.93,57.69,45470
2026-09-16,HDFCNIFIT,HDFCAMC - HDFCNIFIT,31.79,31.82,30.9,30.96,31.64,125151
2026-09-16,HDFCNIFTY,HDFCAMC - HDFCNIFTY,262.7,262.84,261.08,262.14,261.49,1280964
2026-09-16,HDFCNIMEG,HDFCAMC - HDFCNIMEG,130.7,130.7,125.73,127.21,136.31,141137
2026-09-16,HDFCPVTBAN,HDFCAMC - HDFCPVTBAN,27.76,27.93,27.65,27.8,27.76,134447
2026-09-16,HDFCQUAL,HDFCAMC - HDFCQUAL,56.69,56.86,56.31,56.71,56.56,4138
2026-09-16,HDFCSENSEX,HDFCAMC - HDFCSENSEX,83.98,84.8,83.92,84.78,84.58,59228
2026-09-16,HDFCSILVER,HDFCAMC - HDFCSILVER,217.75,219.27,217.75,218.6,214.48,2201761
2026-09-16,HDFCSML250,HDFCAMC - HDFCSML250,181.32,182.66,176.51,181.06,180.83,3533603
2026-09-16,HDFCVALUE,HDFCAMC - HDFCVALUE,122.95,123.55,121.22,121.57,121.73,12694
2026-09-16,HDFCPSUBK,HDFCAMC HDFCPSUBK,83.19,83.9,82.75,83.78,82.65,21240
2026-09-16,HEADSUP,HEADS UP VENTURES LIMITED,7.01,7.25,6.77,6.89,6.98,92166
2026-09-16,HEALTHX,HEALTH X PLATFORM LIMITED,306.0,306.9,293.95,298.1,305.55,3534
2026-09-16,HCG,HEALTHCARE GLOB. ENT. LTD,678.3,684.3,644.95,674.15,678.3,241632
2026-09-16,HECPROJECT,HEC INFRA PROJECTS LTD,117.53,118.11,111.4,114.45,117.53,13832
2026-09-16,HEIDELBERG,HEIDELBERGCEMENT (I) LTD,145.77,145.93,139.95,141.2,145.97,291016
2026-09-16,HEMIPROP,HEMISPHERE PROP IND LTD,118.05,118.05,115.2,117.67,117.18,160025
2026-09-16,HERANBA,HERANBA INDUSTRIES LTD,167.85,169.89,161.04,163.31,165.95,36171
2026-09-16,HERITGFOOD,HERITAGE FOODS LTD,393.85,413.6,384.3,408.65,393.85,775192
2026-09-16,HEROMOTOCO,HERO MOTOCORP LIMITED,5200.0,5315.0,5186.5,5235.0,5166.0,525693
2026-09-16,HESTERBIO,HESTER BIOSCIENCES LTD,2147.0,2305.0,2130.0,2207.7,2171.8,4571
2026-09-16,HEXATRADEX,HEXA TRADEX LIMITED,158.99,158.99,154.0,156.37,156.06,1415
2026-09-16,HEXT,HEXAWARE TECHNOLOGIES LTD,517.0,524.85,510.0,522.75,517.5,162429
2026-09-16,HITECH,HI-TECH PIPES LIMITED,74.0,74.28,71.76,73.36,73.61,444665
2026-09-16,HILINFRA,HIGHWAY INFRASTRUCTURE L,43.99,43.99,41.9,43.83,43.6,78958
2026-09-16,HIKAL,HIKAL LIMITED,211.87,226.0,203.83,224.38,212.22,1817632
2026-09-16,HILTON,HILTON METAL FORGING LTD,17.01,17.93,17.01,17.52,17.29,72492
2026-09-16,HSCL,HIMADRI SPECIALITY CHEM L,640.0,657.25,636.3,652.8,637.25,4620164
2026-09-16,HIMATSEIDE,HIMATSINGKA SEIDE LTD,65.05,65.35,63.25,64.76,65.12,353499
2026-09-16,HINDALUMI,HIND ALUMINIUM INDS. LTD.,97.0,97.0,92.0,93.83,95.09,2229
2026-09-16,HINDALCO,HINDALCO  INDUSTRIES  LTD,956.4,978.5,956.4,972.7,958.7,3439776
2026-09-16,HINDCON,HINDCON CHEMICALS LIMITED,24.43,24.43,23.25,23.76,23.74,15512
2026-09-16,HPIL,HINDPRAKASH INDUSTRY LTD,120.51,120.51,119.77,120.0,119.77,417
2026-09-16,HGS,HINDUJA GLOBAL SOLS. LTD.,391.35,391.35,375.15,386.05,381.6,9360
2026-09-16,HINDADH,HINDUSTAN ADHESIVES LTD.,384.0,384.0,364.0,378.45,371.95,3121
2026-09-16,HAL,HINDUSTAN AERONAUTICS LTD,4690.0,4709.6,4615.8,4695.6,4695.0,679509
2026-09-16,HINDCOMPOS,HINDUSTAN COMPOSITES LTD.,378.2,380.0,367.0,374.3,379.45,2149
2026-09-16,HCC,HINDUSTAN CONSTRUCTION CO,21.4,21.44,20.64,21.04,21.32,21826373
2026-09-16,HINDCOPPER,HINDUSTAN COPPER LTD,496.0,496.7,477.5,481.6,492.1,7244772
2026-09-16,HNDFDS,HINDUSTAN FOODS LIMITED,596.0,612.0,593.5,606.45,598.15,85796
2026-09-16,HINDOILEXP,HINDUSTAN OIL EXPLORATION,175.5,183.0,170.1,180.44,175.72,971364
2026-09-16,HINDPETRO,HINDUSTAN PETROLEUM CORP,347.0,352.25,343.05,350.05,345.3,3786470
2026-09-16,HINDUNILVR,HINDUSTAN UNILEVER LTD.,1944.1,1977.0,1943.5,1962.0,1938.1,1013304
2026-09-16,HINDZINC,HINDUSTAN ZINC LIMITED,564.8,573.55,561.2,567.5,560.9,2902624
2026-09-16,HINDWAREAP,HINDWARE HME INOVATON LTD,175.29,176.09,171.0,171.93,174.42,80014
2026-09-16,HIRECT,HIRECT LIMITED,1205.7,1215.0,1156.7,1182.6,1204.9,53206
2026-09-16,HISARMETAL,HISAR METAL IND. LIMITED,158.7,158.75,155.5,155.5,155.53,203
2026-09-16,POWERINDIA,HITACHI ENERGY INDIA LTD,30300.0,30400.0,29645.0,30200.0,30790.0,93574
2026-09-16,HLEGLAS,HLE GLASCOAT LIMITED,391.5,433.8,388.05,416.85,395.4,1168248
2026-09-16,HLVLTD,HLV LIMITED,6.4,7.0,6.27,6.79,6.26,815269
2026-09-16,HMAAGRO,HMA AGRO INDUSTRIES LTD,24.99,24.99,22.2,23.04,23.41,11554697
2026-09-16,HOMEFIRST,HOME FIRST FIN CO IND LTD,1175.3,1187.0,1155.8,1175.9,1175.3,144222
2026-09-16,HONASA,HONASA CONSUMER LIMITED,457.0,472.0,449.35,469.3,457.25,736639
2026-09-16,HONDAPOWER,HONDA I POWER PRODUCT LTD,1925.0,1931.9,1890.0,1922.9,1926.6,1842
2026-09-16,HONAUT,HONEYWELL AUTOMATION IND,33600.0,34170.0,33510.0,33895.0,33595.0,2373
2026-09-16,HORIZONIND,HORIZON INDUSTRIAL PRKS L,53.58,53.9,52.46,52.91,53.59,2695151
2026-09-16,HPAL,HP ADHESIVES LIMITED,35.36,36.88,34.4,35.64,35.41,52106
2026-09-16,HPL,HPL ELECTRIC & POWER LTD,283.25,283.3,274.05,278.0,283.2,116910
2026-09-16,HSBCGOLD,HSBCAMC - HSBCGOLD,133.0,133.0,130.07,131.51,130.59,240672
2026-09-16,HUDCO,HSG & URBAN DEV CORPN LTD,169.02,171.2,167.11,169.73,168.92,985174
2026-09-16,HTMEDIA,HT MEDIA LIMITED,23.55,23.9,22.75,22.99,23.55,246224
2026-09-16,HUBTOWN,HUBTOWN LIMITED,173.0,180.09,169.11,176.39,173.18,380751
2026-09-16,HUHTAMAKI,HUHTAMAKI INDIA LIMITED,245.8,249.35,238.65,243.05,242.15,188067
2026-09-16,HTEL,HY-TECH ENGINEERS LIMITED,78.4,78.4,71.79,74.21,81.32,3861012
2026-09-16,HYUNDAI,HYUNDAI MOTOR INDIA LTD,2140.0,2182.0,2135.4,2155.0,2140.0,733017
2026-09-16,IGPL,I G PETROCHEMICALS LTD,519.0,536.45,508.65,533.3,525.25,55598
2026-09-16,ISTLTD,I S T LTD.,650.0,650.0,631.0,650.0,661.2,170
2026-09-16,ICEMAKE,ICE MAKE REFRIGERAT LTD,690.3,690.4,668.2,671.8,695.55,43401
2026-09-16,ICICIBANK,ICICI BANK LTD.,1359.0,1361.4,1348.0,1358.8,1350.4,9625762
2026-09-16,ICICIGI,ICICI LOMBARD GIC LIMITED,1440.0,1455.6,1429.9,1440.0,1427.7,449383
2026-09-16,LOWVOLIETF,ICICI PR NIF LW VL 30 ETF,21.27,21.44,21.21,21.28,21.27,1400208
2026-09-16,ICICIPRULI,ICICI PRU LIFE INS CO LTD,458.0,474.0,456.95,470.0,457.6,767677
2026-09-16,MIDSELIETF,ICICI PRUD MIDCAP SEL ETF,19.27,19.5,19.01,19.31,19.35,219935
2026-09-16,NIF100IETF,ICICI PRUD NIFTY 100 ETF,27.0,27.25,27.0,27.19,27.16,85738
2026-09-16,NIFTYIETF,ICICI PRUD NIFTY ETF,269.94,269.94,262.7,263.67,263.36,511272
2026-09-16,SENSEXIETF,ICICI PRUD SENSEX ETF,858.19,858.69,852.86,856.15,853.91,65446
2026-09-16,ICICIAMC,ICICI PRUDENTIAL AMC LTD,3065.0,3105.0,3028.0,3086.3,3065.0,293518
2026-09-16,GOLDIETF,ICICI PRUDENTIAL GOLD ETF,129.15,129.6,128.93,129.44,127.94,2824470
2026-09-16,NV20IETF,ICICI PRUDENTIAL NV20 ETF,13.48,13.48,13.13,13.19,13.16,227362
2026-09-16,ICICIB22,ICICIPRAMC - BHARATIWIN,113.56,113.56,110.97,111.78,111.33,8025440
2026-09-16,CASHIETF,ICICIPRAMC - CASHIETF,1079.7,1079.7,1079.68,1079.68,1079.56,105529
2026-09-16,EVIETF,ICICIPRAMC - EVIETF,31.74,33.33,31.11,31.84,31.35,59450
2026-09-16,GSEC10IETF,ICICIPRAMC - ICICI10GS,262.81,263.5,255.0,262.2,263.08,203235
2026-09-16,BSE500IETF,ICICIPRAMC - ICICI500,38.03,38.43,37.26,38.2,38.03,84303
2026-09-16,GSEC5IETF,ICICIPRAMC - ICICI5GSEC,66.17,66.74,65.56,65.62,65.85,3276
2026-09-16,ALPL30IETF,ICICIPRAMC - ICICIALPLV,26.7,27.18,26.65,26.96,26.7,206822
2026-09-16,AUTOIETF,ICICIPRAMC - ICICIAUTO,27.81,28.09,27.71,27.97,27.91,382894
2026-09-16,PVTBANIETF,ICICIPRAMC - ICICIBANKP,27.75,28.5,27.36,27.94,27.51,1508749
2026-09-16,COMMOIETF,ICICIPRAMC - ICICICOMMO,96.24,97.0,95.56,96.56,96.24,42166
2026-09-16,CONSUMIETF,ICICIPRAMC - ICICICONSU,117.68,118.69,117.0,117.91,117.9,20296
2026-09-16,FMCGIETF,ICICIPRAMC - ICICIFMCG,48.5,49.2,48.49,49.14,48.49,1672884
2026-09-16,INFRAIETF,ICICIPRAMC - ICICIINFRA,92.29,92.48,91.39,91.87,91.91,122117
2026-09-16,LIQUIDIETF,ICICIPRAMC - ICICILIQ,1000.0,1000.01,999.99,999.99,999.99,191381
2026-09-16,MIDCAPIETF,ICICIPRAMC - ICICIM150,23.28,23.35,22.92,23.23,23.28,1018692
2026-09-16,MOM30IETF,ICICIPRAMC - ICICIMOM30,30.36,30.42,29.89,30.34,30.33,658877
2026-09-16,NEXT50IETF,ICICIPRAMC - ICICINXT50,76.4,76.4,73.56,74.61,74.54,732507
2026-09-16,HEALTHIETF,ICICIPRAMC - ICICIPHARM,168.43,168.99,165.28,166.98,167.86,108076
2026-09-16,QUAL30IETF,ICICIPRAMC - ICICIQTY30,20.37,20.39,20.16,20.27,20.37,123139
2026-09-16,SILVERIETF,ICICIPRAMC - ICICISILVE,227.9,228.9,227.49,228.08,223.94,1819854
2026-09-16,ITIETF,ICICIPRAMC - ICICITECH,33.05,33.09,32.2,32.27,32.87,371540
2026-09-16,INSUREIETF,ICICIPRAMC - INSUREIETF,14.48,14.89,14.36,14.73,14.48,479614
2026-09-16,BANKIETF,ICICIPRAMC - IPRU5008,58.65,58.65,57.43,57.75,57.5,491834
2026-09-16,METALIETF,ICICIPRAMC - METALIETF,12.77,12.9,12.64,12.85,12.77,4879226
2026-09-16,OILIETF,ICICIPRAMC - OILIETF,11.0,11.09,10.96,11.06,11.0,804626
2026-09-16,PSUBNKIETF,ICICIPRAMC - PSUBANKICI,83.2,84.06,82.84,83.7,83.08,51646
2026-09-16,SMALLIETF,ICICIPRAMC - SMALLIETF,17.98,18.25,17.6,17.93,17.98,104207
2026-09-16,TOP15IETF,ICICIPRAMC - TOP15IETF,9.49,9.7,9.46,9.5,9.49,66956
2026-09-16,VAL30IETF,ICICIPRAMC - VAL30IETF,14.78,14.92,14.65,14.8,14.73,181031
2026-09-16,FINIETF,ICICIPRAMC-ICICIFIN,31.65,31.83,31.28,31.61,31.64,202174
2026-09-16,ICRA,ICRA LIMITED,4679.1,4679.1,4578.1,4610.0,4643.3,16982
2026-09-16,IDBI,IDBI BANK LIMITED,83.7,83.7,81.53,82.95,82.95,12983831
2026-09-16,IDEAFORGE,IDEAFORGE TECHNO LTD,704.25,712.0,684.0,702.35,704.25,284863
2026-09-16,IDFCFIRSTB,IDFC FIRST BANK LIMITED,84.61,85.71,84.61,85.01,84.8,14275478
2026-09-16,IFBAGRO,IFB AGRO INDUSTRIES LTD,843.0,873.0,842.6,861.4,861.1,3154
2026-09-16,IFBIND,IFB INDUSTRIES LTD,1260.1,1276.0,1235.5,1241.9,1272.0,17335
2026-09-16,IFCI,IFCI LTD,77.2,77.39,73.01,75.06,76.95,114066406
2026-09-16,IFGLEXPOR,IFGL REFRACTORIES LIMITED,200.5,201.8,192.91,198.27,200.33,16938
2026-09-16,IGARASHI,IGARASHI MOTORS INDIA LTD,432.0,443.0,421.65,428.4,437.05,509069
2026-09-16,IIFLCAPS,IIFL CAPITAL SERVICES LTD,336.5,337.85,335.05,335.6,336.5,527710
2026-09-16,IIFL,IIFL FINANCE LIMITED,583.55,592.65,567.4,585.7,581.05,1242412
2026-09-16,IKIO,IKIO TECHNOLOGIES LIMITED,211.06,213.0,199.19,202.78,211.06,500954
2026-09-16,IVC,IL&FS INVESTMENT MANAGERS,7.61,7.82,7.56,7.76,7.92,493527
2026-09-16,IMAGICAA,IMAGICAAWORLD ENT LTD,50.33,56.34,49.25,52.99,50.43,2106560
2026-09-16,INCREDIBLE,INCREDIBLE INDUSTRIES LTD,33.9,33.9,32.02,32.79,33.46,2468
2026-09-16,IMPAL,IND MOTOR PART & ACC LTD,1068.1,1087.9,1056.3,1065.0,1077.8,2141
2026-09-16,INDSWFTLAB,IND SWIFT LABORATORIES LT,376.65,379.7,320.2,363.9,378.75,1637019
2026-09-16,INDTERRAIN,IND TERRAIN FASHIONS LTD,28.9,33.61,28.36,30.29,28.01,254442
2026-09-16,INDBANK,INDBANK MERCH BANK,27.68,27.68,25.01,25.68,26.71,80099
2026-09-16,BAJAJINDEF,INDEF MANUFACTURING LTD,220.78,220.78,214.01,215.36,220.69,13163
2026-09-16,INDGN,INDEGENE LIMITED,570.35,574.1,559.0,573.2,571.5,205000
2026-09-16,INDNIPPON,INDIA NIPPON ELECT  LTD,1268.0,1298.2,1214.9,1240.5,1279.0,189869
2026-09-16,IPL,INDIA PESTICIDES LIMITED,136.0,152.28,134.26,137.77,132.68,28419705
2026-09-16,INDIASHLTR,INDIA SHELTER FIN CORP L,640.5,665.0,640.5,661.6,647.25,67155
2026-09-16,ITDC,INDIA TOUR. DEV. CO. LTD.,645.45,669.0,633.45,656.75,653.45,97137
2026-09-16,IBULLSLTD,INDIABULLS LIMITED,28.81,28.81,27.9,28.79,27.44,62047779
2026-09-16,INDIAMART,INDIAMART INTERMESH LTD,1662.0,1768.8,1645.2,1706.3,1659.5,365133
2026-09-16,INDIANB,INDIAN BANK,840.0,849.8,834.7,840.0,836.75,773817
2026-09-16,INDIANCARD,INDIAN CARD CLOTHING CO.,209.42,218.71,206.05,214.96,207.35,463
2026-09-16,IEX,INDIAN ENERGY EXC LTD,112.0,112.41,110.35,112.0,112.0,3302102
2026-09-16,INDIANHUME,INDIAN HUME PIPE CO. LTD.,350.45,359.9,341.25,349.0,354.0,22793
2026-09-16,IMFA,INDIAN METALS & FERRO,1220.0,1259.4,1199.8,1246.1,1220.8,104558
2026-09-16,IOC,INDIAN OIL CORP LTD,132.79,134.97,131.7,134.75,132.03,10071835
2026-09-16,IOB,INDIAN OVERSEAS BANK,32.49,32.49,31.95,32.09,32.38,1804893
2026-09-16,IRCTC,INDIAN RAIL TOUR CORP LTD,457.2,458.0,446.5,452.95,458.55,1329707
2026-09-16,IRFC,INDIAN RAILWAY FIN CORP L,79.41,79.58,78.16,78.95,79.15,9834178
2026-09-16,IREDA,INDIAN RENEWABLE ENERGY,109.0,109.59,107.4,108.4,109.0,3083062
2026-09-16,IWP,INDIAN WOOD PRODUCTS CO L,35.03,35.03,34.01,34.5,34.85,3659
2026-09-16,INDIGOPNTS,INDIGO PAINTS LIMITED,1052.8,1106.0,1049.7,1081.6,1061.9,80470
2026-09-16,INDIQUBE,INDIQUBE SPACES LIMITED,200.0,202.74,190.01,200.15,199.43,59017
2026-09-16,INDOBORAX,INDO BORAX & CHEMICAL LTD,461.9,477.95,442.55,470.3,460.8,112370
2026-09-16,ICIL,INDO COUNT INDUSTRIES LTD,427.0,437.45,408.05,431.95,427.1,478937
2026-09-16,INDOFARM,INDO FARM EQUIPMENT LTD,138.0,138.0,130.0,132.92,136.07,109186
2026-09-16,INDORAMA,INDO RAMA SYNTHETICS LTD,83.09,89.9,81.1,85.6,82.81,3645127
2026-09-16,INDOTECH,INDO TECH TRANSFORM LTD.,3313.4,3404.8,3198.9,3373.3,3377.2,47402
2026-09-16,INDOTHAI,INDO THAI SEC LTD,37.17,37.17,37.17,37.17,39.12,134685
2026-09-16,INDOUS,INDO US BIOTECH LTD,81.0,81.0,76.1,77.16,78.29,3838
2026-09-16,INDOMIM,INDO-MIM LIMITED,970.0,970.1,922.55,946.1,975.65,2684652
2026-09-16,NIPPOBATRY,INDO-NATIONAL LIMITED,326.0,326.0,317.0,323.55,320.85,1173
2026-09-16,INDOCO,INDOCO REMEDIES LTD.,241.39,258.0,235.0,254.0,241.39,644188
2026-09-16,IGCL,INDOGULF CROPSCIENCES LTD,66.59,67.5,64.02,65.27,65.59,120978
2026-09-16,INDOKEM,INDOKEM LTD.,614.75,625.0,555.0,606.55,611.7,9015
2026-09-16,WAAREEINDO,INDOSOLAR LIMITED,251.85,253.2,241.1,246.95,249.4,74425
2026-09-16,INDOSTAR,INDOSTAR CAPITAL FIN LTD,233.75,235.01,222.62,226.17,233.07,120640
2026-09-16,INDOWIND,INDOWIND ENERGY LTD,8.92,9.09,8.66,8.95,8.9,47572
2026-09-16,IGL,INDRAPRASTHA GAS LTD,150.0,150.39,147.27,148.77,150.03,1025294
2026-09-16,INDRAMEDCO,INDRAPRASTHA MEDICAL CORP,356.25,360.3,351.25,356.55,354.55,171771
2026-09-16,INDUSTOWER,INDUS TOWERS LIMITED,381.0,381.5,375.2,375.6,379.0,4050806
2026-09-16,INDUSINDBK,INDUSIND BANK LIMITED,957.7,961.1,944.5,946.5,956.5,1727406
2026-09-16,INDPRUD,INDUSTRIAL & PRU INV CO L,6388.0,6388.0,6200.0,6240.0,6081.0,17
2026-09-16,IITL,INDUSTRIAL INV TRUST LTD,146.5,152.0,144.0,147.77,148.84,197944
2026-09-16,NAUKRI,INFO EDGE (I) LTD,1258.5,1274.3,1250.9,1256.0,1261.5,788281
2026-09-16,INFOBEAN,INFOBEANS TECHNO. LTD.,155.0,156.12,148.03,150.98,153.13,182718
2026-09-16,INFOMEDIA,INFOMEDIA PRESS LIMITED,5.98,5.98,5.11,5.5,5.18,9690
2026-09-16,INFY,INFOSYS LIMITED,1082.5,1085.1,1053.5,1060.0,1077.0,6230590
2026-09-16,INGERRAND,INGERSOLL-RAND INDIA LTD,4344.3,4355.9,4225.0,4261.9,4344.3,33772
2026-09-16,INNOVACAP,INNOVA CAPTAB LIMITED,1124.2,1164.9,1080.2,1133.4,1140.1,119085
2026-09-16,INNOVANA,INNOVANA THINKLABS LTD,314.35,314.35,300.1,301.3,306.1,21908
2026-09-16,INNOVISION,INNOVISION LIMITED,255.35,258.7,253.25,255.45,255.35,12512
2026-09-16,INOXGREEN,INOX GREEN ENERGY SER LTD,173.22,174.42,165.94,173.11,173.22,1578858
2026-09-16,INOXINDIA,INOX INDIA LIMITED,2006.0,2043.9,1930.8,1978.9,1992.8,707394
2026-09-16,INOXWIND,INOX WIND LIMITED,74.35,74.5,72.67,74.5,74.35,5543694
2026-09-16,INSECTICID,INSECTICIDES (I) LTD,600.05,604.9,585.0,595.2,594.8,15018
2026-09-16,INA,INSOLATION ENERGY LIMITED,86.93,88.93,84.2,86.95,86.93,989571
2026-09-16,INSPIRISYS,INSPIRISYS SOLUTIONS LTD,84.0,84.0,78.2,83.31,81.78,5842
2026-09-16,ESSENTIA,INTEGRA ESSENTIA LIMITED,1.04,1.05,1.03,1.04,1.04,1782429
2026-09-16,INTELLECT,INTELLECT DESIGN ARENA,663.0,666.25,649.0,659.45,662.85,272239
2026-09-16,INTENTECH,INTENSE TECHNOLOGIES LTD,78.0,78.0,76.0,76.43,77.76,10622
2026-09-16,INTERARCH,INTERARCH BLDNG SOLTN LTD,1681.0,1689.2,1625.0,1660.8,1684.3,46273
2026-09-16,INDIGO,INTERGLOBE AVIATION LTD,4799.5,4806.0,4701.5,4733.5,4776.0,529301
2026-09-16,INTLCONV,INTL CONVEYORS LIMITED,76.04,77.7,75.01,75.39,76.04,23067
2026-09-16,IGIL,INTL GEMOLOGICAL INST LTD,312.0,315.45,311.1,314.4,313.1,205329
2026-09-16,ISFT,INTRASOFT TECH. LTD,78.04,79.4,73.4,75.22,76.59,127841
2026-09-16,INVENTURE,INVENTURE GRO & SEC LTD,0.91,0.92,0.88,0.88,0.91,415952
2026-09-16,IKS,INVENTURUS KNOWLEDGE SO L,1767.1,1786.2,1744.9,1752.0,1783.0,129237
2026-09-16,IVZINGOLD,INVESCO INDIA GOLD ETF,130.95,131.85,130.85,131.6,129.8,9928
2026-09-16,IVZINNIFTY,INVESCO INDIA NIFTY ETF,266.8,267.46,266.02,267.21,267.04,343
2026-09-16,IOLCP,IOL CHEM AND PHARMA LTD,182.0,197.9,173.55,194.57,179.52,8624277
2026-09-16,IONEXCHANG,ION EXCHANGE (INDIA) LTD,428.5,432.0,414.8,426.25,432.0,344615
2026-09-16,IPRINGLTD,IP RINGS LTD.,137.02,142.89,133.02,138.34,137.02,965
2026-09-16,IPCALAB,IPCA LABORATORIES LTD,1963.3,1983.0,1905.0,1950.7,1932.4,337123
2026-09-16,IRB,IRB INFRA DEV LTD.,19.2,19.2,18.66,19.05,19.18,9930904
2026-09-16,IRCON,IRCON INTERNATIONAL LTD,109.5,109.65,107.54,108.51,109.42,1405153
2026-09-16,IRISDOREME,IRIS CLOTHINGS LIMITED,57.51,59.0,55.62,58.18,58.09,724226
2026-09-16,IRIS,IRIS REGTECH SOLUTION LTD,244.9,244.9,228.91,234.84,237.78,22712
2026-09-16,IRMENERGY,IRM ENERGY LIMITED,265.15,267.9,258.45,264.15,266.5,59978
2026-09-16,ISGEC,ISGEC HEAVY ENG LTD,766.2,773.0,749.5,759.05,773.85,36890
2026-09-16,ISHANCH,ISHAN DYES N CHEMICALS L,44.7,48.9,43.5,47.12,43.73,32446
2026-09-16,ITCHOTELS,ITC HOTELS LIMITED,152.6,153.95,149.85,153.39,152.22,1635546
2026-09-16,ITC,ITC LTD,259.4,264.9,259.3,264.15,258.0,15199856
2026-09-16,ITI,ITI LTD,256.1,257.0,251.65,255.5,255.4,182220
2026-09-16,ITL,ITL INDUSTRIES LTD.,375.0,375.0,356.2,367.7,367.5,206
2026-09-16,IVALUE,IVALUE INFOSOLUTIONS LTD,226.18,235.99,226.0,230.45,225.7,273584
2026-09-16,IZMO,IZMO LIMITED,887.0,891.7,860.0,880.0,896.05,82400
2026-09-16,J&KBANK,J & K BANK LTD.,145.18,148.79,144.1,147.66,144.75,3250203
2026-09-16,JGCHEM,J.G.CHEMICALS LIMITED,568.0,589.0,544.95,582.9,564.65,277514
2026-09-16,JAGRAN,JAGRAN PRAKASHAN LIMITED,61.9,62.78,60.95,61.22,61.72,169560
2026-09-16,JAGSNPHARM,JAGSONPAL PHARMACEUTICALS,224.7,230.95,217.81,228.28,225.83,56466
2026-09-16,JAIBALAJI,JAI BALAJI INDUSTRIES LTD,61.65,64.81,61.01,64.05,62.25,814949
2026-09-16,JAICORPLTD,JAI CORP LIMITED,94.03,94.21,90.42,92.63,92.64,240050
2026-09-16,JISLDVREQS,JAIN DVR EQUITY SHARES,20.3,21.78,20.3,21.49,20.67,19622
2026-09-16,JISLJALEQS,JAIN IRRIGATION SYSTEMS,29.05,29.34,28.58,29.07,29.23,1129976
2026-09-16,JAINREC,JAIN RESOURCE RECYCLING L,277.0,278.95,271.35,274.8,274.7,477646
2026-09-16,JPPOWER,JAIPRAKASH POWER VEN. LTD,15.65,15.7,15.28,15.41,15.64,40588771
2026-09-16,JAMNAAUTO,JAMNA AUTO IND LTD,128.07,129.7,124.3,128.55,129.06,2491533
2026-09-16,JSFB,JANA SMALL FIN BANK LTD,488.65,512.5,477.4,506.6,488.65,604934
2026-09-16,JARO,JARO INS OF TEC MG N RE L,474.0,476.75,459.5,467.95,469.95,115000
2026-09-16,JASH,JASH ENGINEERING LIMITED,496.0,505.95,482.05,488.9,496.1,114592
2026-09-16,JAYBARMARU,JAY BHARAT MARUTI LTD,111.0,114.75,108.1,113.02,112.34,244009
2026-09-16,JAYAGROGN,JAYANT AGRO ORGANICS LTD,227.0,234.9,217.52,231.66,227.39,36723
2026-09-16,JAYNECOIND,JAYASWAL NECO INDUSTR LTD,88.2,89.21,86.72,87.35,88.63,2439408
2026-09-16,JAYKAY,JAYKAY ENTERPRISES LTD,158.9,160.2,152.4,154.77,158.45,273295
2026-09-16,JAYSREETEA,JAYSHREE TEA & INDUSTRIES,91.75,93.94,89.0,89.23,91.64,32419
2026-09-16,JBMA,JBM AUTO LIMITED,606.0,606.0,585.0,588.2,603.9,281220
2026-09-16,JSLL,JEENA SIKHO LIFECARE LTD,500.0,501.95,485.1,497.05,500.25,485564
2026-09-16,JENBURPH,JENBURKT PHARMACEUTICAL L,988.0,994.9,960.3,992.0,974.1,571
2026-09-16,JETFREIGHT,JET FREIGHT LOGISTICS LTD,19.86,20.28,19.8,19.9,20.03,68397
2026-09-16,JHS,JHS SVEND. LAB. LTD,8.99,8.99,8.29,8.51,8.79,131649
2026-09-16,RETAIL,JHS SVENDGAARD RETAIL V L,17.39,17.4,16.32,16.78,17.76,3489
2026-09-16,JPOLYINVST,JIND POL INV & FIN CO LTD,970.05,990.95,961.0,983.7,967.05,3276
2026-09-16,JINDRILL,JINDAL DRILLING IND. LTD,600.1,603.75,576.05,595.15,598.65,273892
2026-09-16,JINDALPHOT,JINDAL PHOTO LIMITED,1085.1,1130.0,1075.0,1125.6,1099.6,9876
2026-09-16,JINDALPOLY,JINDAL POLY FILMS LIMITED,765.0,800.0,725.1,742.4,737.9,423769
2026-09-16,JINDALSAW,JINDAL SAW LIMITED,290.5,291.75,275.7,281.25,289.0,2433275
2026-09-16,JSL,JINDAL STAINLESS LIMITED,723.55,738.8,715.0,730.85,723.55,1372384
2026-09-16,JINDALSTEL,JINDAL STEEL LIMITED,1088.0,1117.0,1085.4,1103.0,1095.0,457237
2026-09-16,JINDWORLD,JINDAL WORLDWIDE LTD,49.0,50.63,47.9,49.16,49.44,6160770
2026-09-16,JKIPL,JINKUSHAL INDUSTRIES LTD,96.19,98.0,95.0,96.72,95.18,11597
2026-09-16,JIOFIN,JIO FIN SERVICES LTD,226.5,228.22,224.84,224.84,225.6,11926382
2026-09-16,NIFTYJBLK,JIOBLACKROCKAMC-NIFTYJBLK,12.21,12.21,11.85,12.07,11.92,164395
2026-09-16,JITFINFRA,JITF INFRALOGISTICS LTD,275.6,282.9,272.6,278.0,279.35,23711
2026-09-16,JKCEMENT,JK CEMENT LIMITED,4716.0,4872.0,4676.0,4750.0,4712.0,61980
2026-09-16,JKLAKSHMI,JK LAKSHMI CEMENT LTD,505.0,509.45,500.2,507.65,504.9,56959
2026-09-16,JKPAPER,JK PAPER LIMITED,403.5,420.0,396.8,417.35,402.1,708260
2026-09-16,JKTYRE,JK TYRE & INDUSTRIES LTD,343.1,350.6,339.55,343.3,345.25,475097
2026-09-16,JKIL,JKUMAR INFR.LTD.,475.25,490.0,466.0,480.4,473.15,50757
2026-09-16,JMFINANCIL,JM FINANCIAL LIMITED,121.0,121.5,118.05,120.46,121.21,2236471
2026-09-16,JNKINDIA,JNK INDIA LIMITED,410.0,426.4,394.9,407.2,415.05,305381
2026-09-16,JOCIL,JOCIL LIMITED,140.0,147.0,132.8,143.0,142.39,2416
2026-09-16,COCKERILL,JOHN COCKERILL INDIA LTD.,8210.0,8298.5,7771.0,7877.5,8286.0,18330
2026-09-16,JSWCEMENT,JSW CEMENT LIMITED,116.91,117.16,115.03,116.52,116.88,1308484
2026-09-16,JSWDULUX,JSW DULUX LIMITED,3133.8,3172.4,3041.0,3082.0,3133.8,10726
2026-09-16,JSWENERGY,JSW ENERGY LIMITED,506.6,510.95,503.05,504.7,505.0,1951623
2026-09-16,JSWHL,JSW HOLDINGS LIMITED,11099.0,11109.0,10836.0,10935.0,10967.0,2885
2026-09-16,JSWINFRA,JSW INFRASTRUCTURE LTD,326.45,330.85,317.9,325.55,325.85,2646886
2026-09-16,JSWSTEEL,JSW STEEL LIMITED,1244.0,1250.2,1227.0,1248.9,1229.2,1803781
2026-09-16,JTEKTINDIA,JTEKT INDIA LIMITED,117.9,118.09,114.82,117.12,117.36,72080
2026-09-16,JTLIND,JTL INDUSTRIES LIMITED,82.0,85.1,79.36,84.6,82.47,3752609
2026-09-16,JUBLCPL,JUBILANT AGRI N CON PRO L,2097.6,2114.9,2052.0,2096.4,2082.0,4036
2026-09-16,JUBLFOOD,JUBILANT FOODWORKS LTD,466.0,472.0,461.65,471.0,466.0,426648
2026-09-16,JUBLINGREA,JUBILANT INGREVIA LIMITED,630.5,641.9,622.8,631.95,630.5,257245
2026-09-16,JUBLPHARMA,JUBILANT PHARMOVA LTD,1010.0,1010.0,977.5,1002.5,1011.95,154099
2026-09-16,JMA,JULLUNDUR MOT AGENCY LTD,90.7,93.8,89.0,90.3,88.96,10829
2026-09-16,JNPR,JUNIPER GREEN ENERGY LTD,267.1,275.4,259.0,261.8,264.5,995377
2026-09-16,JUNIPER,JUNIPER HOTELS LIMITED,212.0,217.28,209.21,214.32,214.84,451284
2026-09-16,JLHL,JUPITER LIFE LINE HOSP L,273.3,282.7,273.3,276.85,275.55,117281
2026-09-16,JWL,JUPITER WAGONS LIMITED,233.5,233.5,225.65,228.67,231.17,792229
2026-09-16,JUSTDIAL,JUSTDIAL LTD.,655.0,679.0,648.0,673.7,661.85,106509
2026-09-16,JYOTHYLAB,JYOTHY LABS LIMITED,193.0,197.0,190.22,195.41,192.22,505369
2026-09-16,JYOTICNC,JYOTI CNC AUTOMATION LTD,964.0,974.5,928.6,967.7,961.45,970603
2026-09-16,JYOTIRES,JYOTI RESINS & ADHESIVE L,845.95,852.0,821.2,839.45,843.5,9126
2026-09-16,JYOTISTRUC,JYOTI STRUCTURES LTD,9.22,9.25,8.9,9.02,9.21,8024275
2026-09-16,KJMCFIN,K J M C FINANCIAL SERV L,60.5,62.77,60.5,62.57,60.95,670
2026-09-16,KMCSHIL,K M C SPECIALITY HOSP I L,133.46,154.0,128.48,146.93,132.8,9088731
2026-09-16,KMSUGAR,K M SUGAR MILLS LTD,29.11,29.59,28.2,28.63,29.1,111052
2026-09-16,KPEL,K.P. ENERGY LIMITED,210.5,214.0,206.52,210.32,210.24,208889
2026-09-16,KABRAEXTRU,KABRA EXTRUSION TECHNIK L,640.0,650.0,585.8,628.1,650.85,651043
2026-09-16,KAJARIACER,KAJARIA CERAMICS LTD,1213.6,1219.5,1179.1,1215.9,1213.6,156466
2026-09-16,KAKATCEM,KAKATIYA CEM SUGAR &IND L,107.76,109.8,107.0,108.44,109.69,1636
2026-09-16,KALPATARU,KALPATARU LIMITED,253.0,260.0,250.0,256.3,255.45,27592
2026-09-16,KPIL,KALPATARU PROJECT INT LTD,1380.0,1395.3,1345.6,1390.9,1380.2,100752
2026-09-16,KALYANKJIL,KALYAN JEWELLERS IND LTD,606.9,611.8,574.4,580.9,604.2,7484433
2026-09-16,KICL,KALYANI INVEST CO LTD,4821.0,4950.0,4746.0,4779.5,4846.5,5039
2026-09-16,KSL,KALYANI STEELS LIMITED,930.45,963.45,901.15,952.0,930.45,108914
2026-09-16,KAMAHOLD,KAMA HOLDINGS LTD.,2250.0,2275.9,2244.1,2249.9,2269.7,3365
2026-09-16,KAMANWALA,KAMANWALA HOUSING CONST L,17.17,17.49,16.49,17.24,17.0,15
2026-09-16,KAMATHOTEL,KAMAT HOTELS (I) LTD,207.6,214.25,202.0,209.88,207.6,71866
2026-09-16,KAMOPAINTS,KAMDHENU VENTURES LIMITED,4.31,4.31,4.15,4.21,4.22,153248
2026-09-16,KANANIIND,KANANI INDUSTRIES LTD,1.45,1.47,1.41,1.42,1.44,170523
2026-09-16,KANCHI,KANCHI KARPOORAM LTD.,391.5,391.5,382.0,388.5,392.5,690
2026-09-16,KANCOTEA,KANCO TEA & INDS. LTD.,55.4,55.4,55.3,55.3,56.8,11
2026-09-16,KANOHAR,KANOHAR ELECTRICALS LTD,685.5,787.0,685.1,751.5,632.0,21611638
2026-09-16,KANPRPLA,KANPUR PLASTIPACK LIMITED,247.5,270.0,243.15,265.85,246.0,27577
2026-09-16,KANSAINER,KANSAI NEROLAC PAINTS LTD,183.03,185.98,181.06,184.81,183.03,277695
2026-09-16,KAPSTON,KAPSTON SERVICES LIMITED,565.0,580.0,540.85,577.15,563.45,43954
2026-09-16,KARMAENG,KARMA ENERGY LIMITED,38.95,43.88,37.31,38.72,37.29,111633
2026-09-16,KTKBANK,KARNATAKA BANK LIMITED,314.6,321.85,309.95,318.2,315.95,2085928
2026-09-16,KARURVYSYA,KARUR VYSYA BANK LTD,325.3,335.8,324.95,334.8,324.45,2316768
2026-09-16,KSCL,KAVERI SEED CO. LTD.,697.0,704.1,685.4,690.45,697.9,57444
2026-09-16,KAVDEFENCE,KAVVERI DFS & WIR TEC LTD,74.72,79.9,70.11,73.43,75.17,1471028
2026-09-16,KAYNES,KAYNES TECHNOLOGY IND LTD,3392.0,3411.3,3293.0,3385.0,3392.0,723071
2026-09-16,KCP,KCP LTD,159.16,159.16,155.42,158.64,159.15,56006
2026-09-16,KDGREEN,KD GREEN INDUSTRIES LTD,46.74,47.94,45.81,46.87,46.61,35148
2026-09-16,KDDL,KDDL LIMITED,3732.0,3865.0,3732.0,3819.0,3756.5,30057
2026-09-16,KEC,KEC INTL. LIMITED,407.0,409.0,395.2,397.55,406.9,812676
2026-09-16,KEI,KEI INDUSTRIES LTD.,4484.0,4544.5,4468.0,4506.0,4500.0,306662
2026-09-16,KELLTONTEC,KELLTON TECH SOL LTD,13.69,13.91,13.4,13.5,13.65,2802031
2026-09-16,KENNAMET,KENNAMETAL INDIA LIMITED,4290.0,4444.0,4100.2,4135.8,4266.4,62456
2026-09-16,KERNEX,KERNEX MICROSYS(I) LTD,1659.0,1679.0,1593.0,1648.3,1656.3,213622
2026-09-16,KKCL,KEWAL KIRAN CLOTHING LTD,498.7,498.7,483.95,485.55,498.6,33495
2026-09-16,KEYFINSERV,KEYNOTE FIN SERV LTD.,250.0,250.0,241.05,246.25,246.6,760
2026-09-16,RUSTOMJEE,KEYSTONE REALTORS LIMITED,340.9,340.9,333.55,338.35,339.45,33205
2026-09-16,KFINTECH,KFIN TECHNOLOGIES LIMITED,887.4,895.95,872.5,889.0,884.8,388510
2026-09-16,KHAITANLTD,KHAITAN (INDIA)LTD.,159.0,159.0,145.0,149.37,158.94,3814
2026-09-16,KHAICHEM,KHAITAN CHEM & FERT LTD,50.89,51.9,49.41,50.47,50.6,158837
2026-09-16,KHANDSE,KHANDWALA SECURITIES LTD,17.3,17.87,17.0,17.5,17.67,1408
2026-09-16,KLBRENG-B,KILBURN ENGINEERING LTD.,461.1,469.05,448.0,462.65,466.0,181219
2026-09-16,KINGFA,KINGFA SCI & TEC IND LTD.,5694.0,5980.0,5675.5,5889.0,5754.0,18912
2026-09-16,KIOCL,KIOCL LIMITED,343.0,344.65,323.55,326.85,340.8,180378
2026-09-16,KIRANVYPAR,KIRAN VYAPAR LTD.,196.0,204.0,193.0,200.09,200.75,3730
2026-09-16,KIRIINDUS,KIRI INDUSTRIES LIMITED,521.0,526.2,492.0,513.4,522.85,797157
2026-09-16,KIRLOSBROS,KIRLOSKAR BROTHERS LTD,1735.0,1755.0,1698.2,1724.7,1728.0,31065
2026-09-16,KECL,KIRLOSKAR ELECTRIC CO LTD,117.61,121.44,115.05,120.02,119.47,80550
2026-09-16,KIRLFER,KIRLOSKAR FERROUS IND LTD,468.0,475.15,461.15,470.9,464.85,140176
2026-09-16,KIRLOSIND,KIRLOSKAR INDUSTRIES LTD,3834.7,3865.0,3636.1,3770.2,3834.0,15231
2026-09-16,KIRLOSENG,KIRLOSKAR OIL ENG LTD,2040.5,2111.2,1934.0,2040.5,2041.6,473446
2026-09-16,KIRLPNU,KIRLOSKAR PNEUMATIC COM L,698.15,701.0,676.55,695.2,698.15,142430
2026-09-16,KITEX,KITEX GARMENTS LTD,119.0,120.82,116.9,118.58,119.13,409195
2026-09-16,KNAGRI,KN AGRI RESOURCES LIMITED,194.95,196.6,163.55,180.25,192.52,9108
2026-09-16,KNACK,KNACK PACKAGING LIMITED,178.58,182.1,171.1,179.69,178.58,805422
2026-09-16,KMEW,KNOWLEDGE MARINE & EN W L,2710.0,2758.7,2488.8,2708.7,2730.5,240945
2026-09-16,KNRCON,KNR CONSTRU LTD.,121.0,122.82,117.49,121.82,121.22,1757894
2026-09-16,KOHINOOR,KOHINOOR FOODS LIMITED,30.4,31.75,28.64,31.36,29.58,318617
2026-09-16,KOKUYOCMLN,KOKUYO CAMLIN LIMITED,76.64,78.36,76.1,76.6,77.0,27445
2026-09-16,KOLTEPATIL,KOLTE PATIL DEV. LTD.,418.0,430.8,413.2,429.05,420.8,50440
2026-09-16,KOPRAN,KOPRAN LTD,251.5,274.78,237.78,260.86,249.9,14226630
2026-09-16,GOLD1,KOTAK GOLD ETF,125.53,126.35,125.53,126.08,124.66,3393728
2026-09-16,KOTAKBANK,KOTAK MAHINDRA BANK LTD,413.6,417.05,409.35,415.0,409.8,10898426
2026-09-16,NIFTY1,KOTAK NIFTY ETF,257.46,259.41,256.67,258.43,257.46,53512
2026-09-16,PSUBANK,KOTAK PSU BANK,81.95,83.05,81.88,82.8,81.95,251844
2026-09-16,CHEMICAL,KOTAKMAMC - CHEMICAL,29.66,29.66,28.45,28.91,28.94,294836
2026-09-16,ALPHA,KOTAKMAMC - KOTAKALPHA,51.25,52.79,51.25,52.46,52.18,1649953
2026-09-16,CONS,KOTAKMAMC - KOTAKCONS,11.67,11.79,11.65,11.67,11.71,12069
2026-09-16,IT,KOTAKMAMC - KOTAKIT,33.24,33.24,32.18,32.25,32.85,240611
2026-09-16,LIQUID1,KOTAKMAMC - KOTAKLIQ,1122.67,1123.8,1122.3,1122.81,1122.67,739768
2026-09-16,LOWVOL1,KOTAKMAMC - KOTAKLOVOL,20.38,20.42,20.22,20.23,20.27,111209
2026-09-16,MIDCAP,KOTAKMAMC - KOTAKMID50,18.12,18.28,17.76,18.01,18.03,479334
2026-09-16,MNC,KOTAKMAMC - KOTAKMNC,32.01,32.32,31.92,32.09,32.18,94848
2026-09-16,SILVER1,KOTAKMAMC - KOTAKSILVE,22.11,22.31,22.1,22.2,21.78,18529177
2026-09-16,NV20,KOTAKMAMC - KTKNV20ETF,13.57,13.76,13.46,13.56,13.51,122989
2026-09-16,MID150,KOTAKMAMC - MID150,23.31,23.31,22.46,22.88,22.85,73931
2026-09-16,MOMENTUM30,KOTAKMAMC - MOMENTUM30,29.75,30.34,29.33,29.91,29.78,24629
2026-09-16,MSCIINDIA,KOTAKMAMC - MSCIINDIA,28.91,29.0,28.7,28.88,28.89,15530
2026-09-16,NEXT50ETF,KOTAKMAMC - NEXT50ETF,71.39,71.39,70.38,70.93,71.39,11289
2026-09-16,NIFTY100EW,KOTAKMAMC - NIFTY100EW,34.59,34.99,33.59,34.33,33.91,148048
2026-09-16,PVTBANK,KOTAKMAMC - PVTBANK,27.23,27.45,27.15,27.41,27.28,11177
2026-09-16,QUALITY30,KOTAKMAMC - QUALITY30,19.97,19.99,19.73,19.93,19.97,2463
2026-09-16,BANKNIFTY1,KOTAKMAMC-KOTAKBKETF,58.16,58.61,58.05,58.32,58.06,282711
2026-09-16,KOTIC,KOTHARI INDUSTRIAL CORP L,128.8,137.95,123.12,133.61,126.62,26388
2026-09-16,KOTHARIPET,KOTHARI PETROCHEM LTD,131.81,134.62,130.02,133.03,130.35,66598
2026-09-16,KOTHARIPRO,KOTHARI PRODUCTS LTD,66.0,66.0,63.0,64.14,65.03,9143
2026-09-16,KOVAI,KOVAI MEDICAL CENTER & HO,6019.0,6169.0,5974.0,6088.0,6019.0,4040
2026-09-16,KPIGREEN,KPI GREEN ENERGY LIMITED,279.0,280.4,271.9,276.35,277.15,657223
2026-09-16,KPITTECH,KPIT TECHNOLOGIES LIMITED,563.0,566.4,553.1,555.0,563.0,831708
2026-09-16,KPRMILL,KPR MILL LTD.,1117.2,1130.2,1080.0,1121.4,1120.2,162171
2026-09-16,KRBL,KRBL LIMITED,395.0,398.65,383.5,394.85,397.15,386919
2026-09-16,KREBSBIO,KREBS BIOCHEMICALS & IND,55.5,57.8,54.66,55.65,56.27,5062
2026-09-16,KRIDHANINF,KRIDHAN INFRA LIMITED,1.95,1.95,1.85,1.89,1.94,63697
2026-09-16,KRISHANA,KRISHANA PHOSCHEM LIMITED,177.0,185.8,171.21,183.67,177.2,1194736
2026-09-16,KRISHIVAL,KRISHIVAL FOODS LIMITED,421.0,421.5,417.75,419.4,419.5,6512
2026-09-16,KRISHNADEF,KRISHNA DEF AND ALD IND L,1018.7,1034.1,975.8,1002.4,1027.8,99852
2026-09-16,KIMS,KRISHNA INST OF MED SCI L,766.85,775.0,758.5,766.65,766.85,310465
2026-09-16,KRITI,KRITI INDUSTRIES IND LTD,63.0,63.0,60.8,61.91,61.6,9680
2026-09-16,KRITINUT,KRITI NUTRIENTS LIMITED,80.0,81.0,79.0,80.3,80.78,9859
2026-09-16,KRITIKA,KRITIKA WIRES LIMITED,5.22,5.35,5.0,5.17,5.24,114539
2026-09-16,KRN,KRN HEAT EXCHANGE N REF L,1491.8,1506.4,1438.3,1438.3,1514.0,278536
2026-09-16,KROSS,KROSS LIMITED,228.86,229.79,220.42,225.86,228.87,554517
2026-09-16,KRSNAA,KRSNAA DIAGNOSTICS LTD,540.0,549.0,525.0,536.4,541.65,42893
2026-09-16,KRYSTAL,KRYSTAL INTEGRATED SER L,611.95,668.5,600.25,655.6,607.8,174712
2026-09-16,KSB,KSB LIMITED,786.0,789.65,762.0,764.85,787.95,144252
2026-09-16,KSE,KSE LTD.,175.05,177.93,174.01,176.35,176.88,9240
2026-09-16,KSHINTL,KSH INTERNATIONAL LIMITED,1052.0,1067.0,990.9,1060.35,1058.85,397791
2026-09-16,KSHITIJPOL,KSHITIJ POLYLINE LIMITED,3.82,3.83,3.82,3.83,3.65,2313639
2026-09-16,KSOLVES,KSOLVES INDIA LIMITED,250.0,261.9,249.0,255.75,252.1,35656
2026-09-16,KSR,KSR FOOTWEAR LIMITED,45.98,46.62,44.65,46.52,44.4,86153
2026-09-16,KUANTUM,KUANTUM PAPERS LIMITED,77.13,77.13,75.25,75.69,75.99,49275
2026-09-16,KUSUMGAR,KUSUMGAR LIMITED,550.0,557.0,533.0,549.2,552.35,146373
2026-09-16,KPL,KWALITY PHARMACEUTICALS L,3420.1,3477.2,3137.0,3356.0,3430.6,82018
2026-09-16,KWIL,KWALITY WALL'S (INDIA) L,40.85,41.67,39.11,41.32,40.83,17948121
2026-09-16,LKPSEC,L K P SECURITIES LTD.,15.2,15.77,14.98,15.03,15.2,35001
2026-09-16,LTF,L&T FINANCE LIMITED,296.9,300.95,293.8,295.5,296.8,1797290
2026-09-16,LTTS,L&T TECHNOLOGY SER. LTD.,3340.0,3366.0,3293.0,3351.5,3312.2,46682
2026-09-16,LAOPALA,LA OPALA RG LIMITED,162.13,162.13,155.0,156.01,160.63,336735
2026-09-16,LADDERUP,LADDERUP FINANCE LTD.,66.8,66.8,60.2,60.94,66.88,10098
2026-09-16,LAGNAM,LAGNAM SPINTEX LIMITED,71.03,72.99,69.13,71.3,71.15,977
2026-09-16,LAHOTIOV,LAHOTI OVERSEAS LTD.,40.99,40.99,39.2,40.43,39.28,1636
2026-09-16,LFIC,LAKSHMI FIN IND CORP LTD,138.9,138.95,128.9,131.3,136.64,11464
2026-09-16,LAKSHMIMIL,LAKSHMI MILLS CO. LTD.,7760.0,7850.0,7554.0,7850.0,7565.0,10
2026-09-16,LALITHAA,LALITHAA JEWELLERY MART L,305.65,305.65,305.65,305.65,321.7,147338
2026-09-16,LAMBODHARA,LAMBODHARA TEXTILES LTD.,128.65,130.5,116.6,117.76,130.33,98400
2026-09-16,LANCER,LANCER CONTAINER LINES L,12.95,12.95,12.05,12.23,12.47,243216
2026-09-16,LANDMARK,LANDMARK CARS LIMITED,472.0,484.0,454.05,476.6,470.35,111985
2026-09-16,LPDC,LANDMARK PR.DEV.CO.LTD,6.17,6.18,6.02,6.12,6.06,12980
2026-09-16,LANDSMILL,LANDSMILL GREEN LIMITED,0.58,0.58,0.56,0.57,0.57,1288942
2026-09-16,LT,LARSEN & TOUBRO LTD.,3844.2,3867.9,3799.9,3807.7,3850.7,2038640
2026-09-16,LASERPOWER,LASER POWER & INFRA LTD,273.6,277.5,266.2,270.8,271.9,505982
2026-09-16,LATENTVIEW,LATENT VIEW ANALYTICS LTD,254.8,262.5,251.05,252.15,252.9,2075787
2026-09-16,LATTEYS,LATTEYS INDUSTRIES LTD,20.52,20.99,20.12,20.65,20.52,20896
2026-09-16,LAURUSLABS,LAURUS LABS LIMITED,1924.6,1940.4,1863.5,1905.5,1926.9,2871410
2026-09-16,LAXMICOT,LAXMI COTSPIN LIMITED,12.59,13.45,12.54,13.22,12.63,27323
2026-09-16,LAXMIDENTL,LAXMI DENTAL LIMITED,196.33,198.56,190.81,195.43,197.46,50757
2026-09-16,LGHL,LAXMI GOLDORNA HOUSE LTD,184.19,196.0,173.52,187.04,185.11,49456
2026-09-16,LAXMIINDIA,LAXMI INDIA FINANCE LTD,121.59,124.8,117.25,119.85,121.59,198799
2026-09-16,LXCHEM,LAXMI ORGANIC INDUS LTD,168.01,174.18,165.11,171.73,167.83,1325333
2026-09-16,LCCINFOTEC,LCC INFOTECH LTD,3.03,3.13,2.99,3.13,2.99,39224
2026-09-16,LEMERITE,LE MERITE EXPORTS LIMITED,19.76,19.76,19.06,19.18,20.06,207689
2026-09-16,IXIGO,LE TRAVENUES TECHNOLOGY L,161.02,162.99,156.14,160.53,161.02,568386
2026-09-16,LEAPIND,LEAP INDIA LIMITED,134.61,135.85,128.55,134.71,134.61,2218348
2026-09-16,THELEELA,LEELA PALACES HOTEL LTD,517.0,531.5,513.15,524.2,522.45,232426
2026-09-16,LEMONTREE,LEMON TREE HOTELS LTD,102.8,103.59,100.88,103.26,102.58,1729566
2026-09-16,LENSKART,LENSKART SOLUTIONS LTD,688.4,689.9,667.25,675.85,685.4,6968307
2026-09-16,LEXUS,LEXUS GRANITO (INDIA) LTD,12.99,13.75,12.99,13.52,12.75,19072
2026-09-16,LGBBROSLTD,LG BALAKRISHNAN & BROS,1701.0,1716.0,1671.1,1706.7,1703.2,38929
2026-09-16,LGEINDIA,LG ELECTRONICS INDIA LTD,1630.0,1646.3,1599.0,1628.2,1629.6,196075
2026-09-16,LIBAS,LIBAS CONSU PRODUCTS LTD,11.9,11.9,11.3,11.47,11.43,193790
2026-09-16,LIBERTSHOE,LIBERTY SHOES LTD,220.0,222.0,215.0,217.94,218.62,28444
2026-09-16,LICHSGFIN,LIC HOUSING FINANCE LTD,541.8,551.45,529.6,543.0,542.0,3693410
2026-09-16,LICMFGOLD,LIC MF - LIC GOLD ETF,135.1,136.7,135.1,135.6,133.95,315886
2026-09-16,LICNETFN50,LICNAMC - LICNFENGP,259.72,262.59,259.72,259.85,261.0,275
2026-09-16,LICNFNHGP,LICNAMC - LICNFNHGP,272.7,275.65,271.1,275.01,270.0,296
2026-09-16,LICNETFGSC,LICNAMC - LICNMFET,29.23,29.4,29.05,29.2,29.23,1880
2026-09-16,LICNMID100,LICNAMC - LICNMID100,59.77,62.44,59.77,60.84,60.99,22005
2026-09-16,LICI,LIFE INSURA CORP OF INDIA,392.0,395.5,386.5,395.5,391.5,7015226
2026-09-16,LIKHITHA,LIKHITHA INFRASTRUC LTD,225.55,239.95,207.0,227.33,222.22,378760
2026-09-16,LINC,LINC LIMITED,95.5,95.5,89.5,90.37,95.02,29059
2026-09-16,LINCOLN,LINCOLN PHARMA LTD,606.65,609.95,586.1,590.7,602.6,33110
2026-09-16,LINDEINDIA,LINDE INDIA LIMITED,6090.0,6150.5,6024.5,6089.5,6080.0,12044
2026-09-16,LLOYDSENGG,LLOYDS ENGG WORK LIMITED,79.71,81.0,77.68,80.02,79.71,4340426
2026-09-16,LLOYDSENT,LLOYDS ENTERPRISES LTD,67.33,68.56,65.91,66.96,67.64,1910226
2026-09-16,LLOYDSME,LLOYDS METALS N ENERGY L,1780.0,1832.3,1765.0,1812.3,1778.8,293730
2026-09-16,LMW,LMW LIMITED,17180.0,17700.0,16800.0,17617.0,17103.0,7595
2026-09-16,LODHA,LODHA DEVELOPERS LIMITED,1050.0,1090.6,1047.5,1087.4,1064.8,1204027
2026-09-16,LCL,LOHIA CORP LIMITED,532.8,535.9,504.4,523.8,535.5,495678
2026-09-16,LOKESHMACH,LOKESH MACHINES LTD,333.0,354.8,322.45,348.25,332.2,55160
2026-09-16,LORDSCHLO,LORDS CHLORO ALKALI LTD,131.5,136.48,130.31,133.49,131.1,6679
2026-09-16,LAL,LORENZINI APPARELS LTD,8.99,9.05,8.49,8.77,8.99,438065
2026-09-16,LOTUSCHO,LOTUS CHOCOLATE CO. LTD.,580.65,584.0,560.0,561.7,574.9,2698
2026-09-16,LOTUSEYE,LOTUS EYE HOSP & INST L,113.25,115.59,110.01,114.94,110.59,10389
2026-09-16,LOVABLE,LOVABLE LINGERIE LTD,71.9,71.99,68.16,69.75,70.91,16767
2026-09-16,LOYALTEX,LOYAL TEXTILE MILLS LTD,210.0,210.0,203.0,209.99,210.0,156
2026-09-16,LTFOODS,LT FOODS LIMITED,423.0,424.25,408.95,417.75,421.05,320057
2026-09-16,LTM,LTM LIMITED,4349.0,4370.0,4233.0,4233.0,4346.6,229957
2026-09-16,LUMAXTECH,LUMAX AUTO TECH LTD,1990.2,2003.1,1905.0,1941.8,1991.3,110575
2026-09-16,LUMAXIND,LUMAX INDUSTRIES LTD,5738.5,5800.0,5560.0,5760.5,5766.5,11706
2026-09-16,LUMINO,LUMINO INDUSTRIES LIMITED,102.99,102.99,98.05,100.29,103.16,9172632
2026-09-16,LUPIN,LUPIN LIMITED,2056.4,2074.1,2033.5,2045.0,2063.2,789895
2026-09-16,LUXIND,LUX INDUSTRIES LIMITED,1057.0,1063.8,1030.0,1032.4,1056.7,36476
2026-09-16,MBEL,M AND B ENGINEERING LTD,253.2,260.65,249.95,254.4,252.65,122018
2026-09-16,MKEXIM,M K EXIM (INDIA) LTD.,65.88,65.88,62.59,65.17,64.52,14202
2026-09-16,MKPL,M K PROTEINS LIMITED,4.0,4.7,3.93,4.03,3.92,128524
2026-09-16,MCL,M TEK COPPER LIMITED,56.4,57.98,54.46,54.96,56.53,52469
2026-09-16,M&MFIN,M&M FIN. SERVICES LTD,342.5,347.35,341.1,345.05,342.3,1115347
2026-09-16,MAANALU,MAAN ALUMINIUM LIMITED,106.14,107.87,101.8,103.41,106.14,73650
2026-09-16,MCCHRLS-B,MAC CHARLES (INDIA) LTD.,650.1,699.0,650.1,660.0,675.0,5283
2026-09-16,MACPOWER,MACPOWER CNC MACHINES LTD,1872.0,1930.0,1732.2,1889.6,1882.3,53070
2026-09-16,MADHAVIPL,MADHAV INFRA PROJECTS L,7.99,7.99,7.57,7.69,7.82,103376
2026-09-16,MADHAV,MADHAV MARBLE & GRANITE,35.01,35.01,34.5,34.5,35.18,378
2026-09-16,MBAPL,MADHYA BHARAT AGRO P. LTD,157.4,162.68,152.16,159.82,155.82,1546425
2026-09-16,MADRASFERT,MADRAS FERTILISERS LTD,61.4,61.43,59.57,60.27,60.52,48477
2026-09-16,MAFATIND,MAFATLAL INDUSTRIES LTD.,122.94,122.94,119.1,120.41,122.15,21676
2026-09-16,MAGADSUGAR,MAGADH SUGAR & ENERGY LTD,520.15,520.2,494.1,505.7,520.15,25481
2026-09-16,MCLOUD,MAGELLANIC CLOUD LIMITED,25.9,26.0,24.84,25.17,25.58,1055531
2026-09-16,MAGNUM,MAGNUM VENTURES LTD.,18.51,19.9,18.46,18.94,18.69,102635
2026-09-16,MAHAPEXLTD,MAHA RASHTRA APEX COPR. L,54.0,58.02,52.67,54.88,53.15,24489
2026-09-16,MFML,MAHALAXMI FABRIC MILLS LT,19.0,19.38,18.98,19.34,18.68,700
2026-09-16,MGL,MAHANAGAR GAS LTD.,1071.0,1084.5,1047.0,1080.1,1071.7,99105
2026-09-16,MTNL,MAHANAGAR TELEPHONE NIGAM,24.03,24.14,23.3,23.84,23.7,597123
2026-09-16,MAHSCOOTER,MAHARASHTRA SCOOTERS LTD,13231.0,13231.0,12900.0,13123.0,12882.0,3273
2026-09-16,MAHSEAMLES,MAHARASHTRA SEAMLESS LTD,701.1,702.05,674.15,692.95,701.1,217121
2026-09-16,MAHESHWARI,MAHESHWARI LOGISTICS LTD.,72.98,72.98,69.35,71.48,70.3,8631
2026-09-16,M&M,MAHINDRA & MAHINDRA LTD,3044.6,3105.9,3044.6,3070.0,3029.5,2390779
2026-09-16,MAHEPC,MAHINDRA EPC IRRIG LTD,102.08,103.5,101.0,101.18,102.08,10621
2026-09-16,MHRIL,MAHINDRA HOLIDAYS LTD,194.59,196.02,188.21,193.51,192.4,103937
2026-09-16,MAHLIFE,MAHINDRA LIFESPACE DEVLTD,348.6,353.4,339.0,344.15,345.9,77651
2026-09-16,MAHLOG,MAHINDRA LOGISTIC LIMITED,383.0,390.5,380.0,386.8,387.25,122831
2026-09-16,MAITHANALL,MAITHAN ALLOYS LTD,1010.0,1010.0,974.45,994.45,1006.05,70638
2026-09-16,MAKERSL,MAKERS LABORATORIES LTD.,174.98,179.98,174.98,177.92,173.77,376
2026-09-16,MALLCOM,MALLCOM (INDIA) LIMITED,912.0,932.4,912.0,924.3,911.95,1187
2026-09-16,MALUPAPER,MALU PAPER MILLS LIMITED,33.0,33.0,31.05,31.66,32.96,28875
2026-09-16,MAMATA,MAMATA MACHINERY LIMITED,390.5,405.35,388.0,391.55,396.65,56046
2026-09-16,MANAKCOAT,MAN COAT METAL & IND LTD,124.19,126.9,119.5,125.96,124.19,382017
2026-09-16,MANINDS,MAN INDUSTRIES (I) LTD.,808.2,808.55,745.0,790.3,808.2,2075576
2026-09-16,MANINFRA,MAN INFRA LTD,124.43,126.6,121.98,124.23,124.83,2441811
2026-09-16,MANAKALUCO,MANAK ALUMINIUM CO. LTD.,36.49,36.49,34.0,35.0,35.47,82635
2026-09-16,MANAKSIA,MANAKSIA LTD.,67.12,67.3,64.0,64.41,68.01,102935
2026-09-16,MANALIPETC,MANALI PETROCHEMICALS LT,80.0,85.5,79.5,82.37,80.19,2637453
2026-09-16,MANAPPURAM,MANAPPURAM FINANCE LTD,321.25,324.7,317.25,319.9,318.85,3120709
2026-09-16,MANBA,MANBA FINANCE LIMITED,133.76,135.99,125.55,130.67,133.87,93447
2026-09-16,MANCREDIT,MANGAL CREDIT N FINCORP L,220.5,221.69,210.99,215.24,215.36,135509
2026-09-16,MEIL,MANGAL ELECTRICAL IND L,273.2,274.7,262.55,268.6,276.55,44664
2026-09-16,MANGLMCEM,MANGALAM CEMENT LTD,978.3,998.3,972.0,988.8,989.4,54115
2026-09-16,MANGALAM,MANGALAM DRUG & CHEM LTD,33.0,33.79,31.2,31.98,33.54,56939
2026-09-16,MGEL,MANGALAM GLOBAL ENT LTD,15.41,15.88,15.41,15.6,15.53,226843
2026-09-16,MANORG,MANGALAM ORGANICS LIMITED,450.1,463.35,448.05,451.05,454.3,9573
2026-09-16,MSL,MANGALAM SEEDS LTD.,139.9,139.9,120.0,136.0,140.0,1487
2026-09-16,MWL,MANGALAM WORLDWIDE LTD,41.11,41.26,38.52,39.74,41.03,1184673
2026-09-16,MANIPALHOS,MANIPAL HEALTH ENTERPRI L,701.9,719.95,690.4,714.6,701.7,1278055
2026-09-16,MANKIND,MANKIND PHARMA LIMITED,2280.5,2300.7,2246.0,2246.0,2280.5,650768
2026-09-16,MVGJL,MANOJ VAIBHAV GEM N JEW L,196.04,209.9,185.15,207.16,196.05,672307
2026-09-16,MANOMAY,MANOMAY TEX INDIA LTD,228.15,230.81,221.28,223.85,228.71,129033
2026-09-16,MANORAMA,MANORAMA INDUSTRIES LTD,1986.0,1993.3,1876.1,1916.4,1987.1,264064
2026-09-16,MANUGRAPH,MANUGRAPH INDIA LIMITED,15.1,15.88,14.7,15.14,14.65,19649
2026-09-16,MARALOVER,MARAL OVERSEAS LTD,59.7,61.89,58.06,59.42,60.0,31966
2026-09-16,MARATHON,MARATHON NXTGEN REALT LTD,408.2,419.9,397.25,415.05,414.0,97373
2026-09-16,MARICO,MARICO LIMITED,795.5,819.9,792.15,810.15,791.25,3237626
2026-09-16,MARINE,MARINE ELECTRICAL (I) LTD,383.0,383.0,352.65,373.3,376.75,1225207
2026-09-16,MARKOLINES,MARKOLINES PAVEMENT TEC L,163.36,172.0,159.53,170.59,163.08,451228
2026-09-16,MARKSANS,MARKSANS PHARMA LIMITED,311.8,323.6,307.05,316.45,312.85,2264075
2026-09-16,MARSONS,MARSONS LIMITED,121.96,124.79,119.71,121.54,121.3,2019696
2026-09-16,MARUTI,MARUTI SUZUKI INDIA LTD.,12231.0,12367.0,12159.0,12166.0,12231.0,312876
2026-09-16,MASFIN,MAS FINANCIAL SERV LTD,296.95,296.95,286.0,288.05,294.9,143175
2026-09-16,MASKINVEST,MASK INVESTMENTS LIMITED,147.84,147.84,137.0,142.4,140.8,169
2026-09-16,MASTEK,MASTEK LTD,1642.1,1664.8,1622.0,1633.1,1652.1,87363
2026-09-16,MASTERTR,MASTER TRUST LIMITED,88.16,89.0,84.84,85.38,87.55,496413
2026-09-16,MATRIMONY,MATRIMONY.COM LIMITED,497.8,536.0,497.8,533.4,497.8,40915
2026-09-16,MAWANASUG,MAWANA SUGARS LIMITED,128.69,128.69,122.81,125.16,129.0,292895
2026-09-16,MAXESTATES,MAX ESTATES LIMITED,568.3,573.85,545.25,572.1,568.9,132037
2026-09-16,MFSL,MAX FINANCIAL SERV LTD,1425.9,1491.7,1423.6,1487.6,1425.9,929997
2026-09-16,MAXHEALTH,MAX HEALTHCARE INS LTD,1036.4,1036.4,1021.6,1025.0,1030.0,1600620
2026-09-16,MAXIND,MAX INDIA LIMITED,140.0,142.94,135.3,139.64,139.12,88956
2026-09-16,MAYURUNIQ,MAYUR UNIQUOTERS LTD,751.15,751.15,719.45,741.2,745.2,113517
2026-09-16,MAZDOCK,MAZAGON DOCK SHIPBUIL LTD,2236.0,2288.6,2190.0,2231.9,2236.0,545318
2026-09-16,MBLINFRA,MBL INFRASTRUCTURE LTD,22.6,22.8,21.85,22.14,22.56,26480
2026-09-16,MCLEODRUSS,MCLEOD RUSSEL INDIA LTD.,41.57,43.39,40.36,42.55,41.57,413950
2026-09-16,MEDIASSIST,MEDI ASSIST HEALTH SER L,312.0,318.0,308.0,312.5,309.9,118389
2026-09-16,MEDICAPQ,MEDI CAPS LTD.,27.9,27.9,25.68,25.81,28.53,21492
2026-09-16,MMWL,MEDIA MATRIX WORLDWIDE L,13.77,13.9,13.09,13.12,13.77,23806
2026-09-16,MEDICAMEQ,MEDICAMEN BIOTECH LIMITED,315.35,354.4,290.55,345.5,318.2,248996
2026-09-16,MEDICO,MEDICO REMEDIES LIMITED,35.75,36.98,35.11,35.33,35.68,139644
2026-09-16,MEDPLUS,MEDPLUS HEALTH SERV LTD,656.05,660.65,645.0,656.1,656.3,114156
2026-09-16,MEESHO,MEESHO LIMITED,212.4,214.5,207.61,213.26,212.4,9379846
2026-09-16,MEGASTAR,MEGASTAR FOODS LIMITED,281.2,289.85,272.4,277.75,285.5,988
2026-09-16,MOL,MEGHMANI ORGANICS LIMITED,59.11,59.95,56.95,58.5,58.86,825563
2026-09-16,MIIL,MEGHNA INFRACON INFRA L,689.95,704.9,640.5,663.0,666.1,140872
2026-09-16,MERCANTILE,MERCANTILE VENTURES LTD.,22.97,22.97,21.62,22.13,22.02,5962
2026-09-16,MERCURYEV,MERCURY EV-TECH LIMITED,41.0,41.97,36.79,39.08,40.87,1101352
2026-09-16,METROBRAND,METRO BRANDS LIMITED,951.75,955.35,934.55,948.3,944.45,24415
2026-09-16,METROGLOBL,METROGLOBAL LTD.,131.01,135.3,131.0,132.0,134.31,1378
2026-09-16,METROPOLIS,METROPOLIS HEALTHCARE LTD,571.0,585.0,557.8,580.85,572.5,368661
2026-09-16,MIDWESTLTD,MIDWEST LIMITED,974.0,989.9,951.6,975.3,974.3,14345
2026-09-16,MLKFOOD,MILKFOOD LTD.,80.0,80.0,75.43,75.59,78.84,2562
2026-09-16,MILKYMIST,MILKY MIST DAIRY FOOD L,270.0,281.7,264.24,276.23,278.14,13428031
2026-09-16,MINDACORP,MINDA CORPORATION LTD,685.65,689.8,661.8,671.55,678.95,171805
2026-09-16,MINDTECK,MINDTECK (INDIA) LIMITED,156.0,157.19,153.0,154.47,154.36,20656
2026-09-16,ALPHAETF,MIRAEAMC - ALPHAETF,25.8,25.82,25.35,25.73,25.68,485775
2026-09-16,BANKETF,MIRAEAMC - BANKETF,573.7,575.11,570.0,573.59,571.28,7305
2026-09-16,BANKPSU,MIRAEAMC - BANKPSU,80.91,83.65,80.91,83.22,82.56,4267
2026-09-16,CONSUMER,MIRAEAMC - CONSUMER,11.84,11.84,11.39,11.65,11.61,183784
2026-09-16,DEFENCE,MIRAEAMC - DEFENCE,77.67,77.67,75.35,76.93,76.88,472845
2026-09-16,DIVIDEND,MIRAEAMC - DIVIDEND,34.87,34.87,34.5,34.71,34.71,4182
2026-09-16,ENERGY,MIRAEAMC - ENERGY,38.15,38.15,37.16,37.54,37.4,512476
2026-09-16,EQUAL200,MIRAEAMC - EQUAL200,13.36,13.36,13.2,13.34,13.33,29398
2026-09-16,EQUAL50,MIRAEAMC - EQUAL50,321.44,321.61,318.92,320.85,320.43,1416
2026-09-16,EVINDIA,MIRAEAMC - EVINDIA,31.5,31.65,31.17,31.5,31.5,129716
2026-09-16,HEALTHCARE,MIRAEAMC - HEALTHCARE,21.82,21.82,19.26,21.33,21.39,21058
2026-09-16,HYBRIDETF,MIRAEAMC - HYBRIDETF,9.9,9.9,9.8,9.88,9.86,21981
2026-09-16,INFRA,MIRAEAMC - INFRA,11.56,11.58,11.43,11.56,11.55,24111
2026-09-16,INTERNET,MIRAEAMC - INTERNET,14.49,14.56,14.17,14.46,14.45,260561
2026-09-16,ITETF,MIRAEAMC - ITETF,31.72,31.72,30.74,30.8,31.37,268691
2026-09-16,LARGEMID50,MIRAEAMC - LARGEMID50,35.06,35.2,34.95,35.19,35.06,1217
2026-09-16,LIQUID,MIRAEAMC - LIQUID,999.99,1000.0,999.99,999.99,999.99,154680
2026-09-16,LIQUIDPLUS,MIRAEAMC - LIQUIDPLUS,1103.32,1103.34,1103.32,1103.32,1103.18,571866
2026-09-16,ESG,MIRAEAMC - MAESGETF,39.88,40.0,39.69,39.91,39.72,1627
2026-09-16,MAFANG,MIRAEAMC - MAFANG,237.44,239.9,230.0,232.48,234.2,741752
2026-09-16,BFSI,MIRAEAMC - MAFSETF,25.52,26.34,25.52,26.27,26.18,149842
2026-09-16,GOLDETF,MIRAEAMC - MAGOLDETF,146.77,147.0,146.33,146.81,145.49,1182514
2026-09-16,GSEC10YEAR,MIRAEAMC - MAGS813ETF,30.04,30.47,30.04,30.19,30.05,1875
2026-09-16,MAHKTECH,MIRAEAMC - MAHKTECH,21.74,22.74,21.4,21.5,21.74,1007198
2026-09-16,MIDCAPETF,MIRAEAMC - MAM150ETF,23.04,23.04,22.59,22.97,22.91,3919731
2026-09-16,MAKEINDIA,MIRAEAMC - MAMFGETF,160.98,160.98,157.23,159.39,158.97,39316
2026-09-16,NIFTYETF,MIRAEAMC - MAN50ETF,253.5,253.83,252.0,253.31,252.68,123040
2026-09-16,LOWVOL,MIRAEAMC - MANV30F,198.55,199.39,198.07,199.39,198.22,1505
2026-09-16,NEXT50,MIRAEAMC - MANXT50,732.0,732.0,720.0,729.58,728.36,24081
2026-09-16,SILVERAG,MIRAEAMC - MASILVER,220.0,223.36,220.0,222.76,218.62,249835
2026-09-16,MASPTOP50,MIRAEAMC - MASPTOP50,97.44,100.5,95.31,98.65,95.31,739743
2026-09-16,METAL,MIRAEAMC - METAL,13.12,13.19,12.68,12.88,12.8,2201316
2026-09-16,MIDSMALL,MIRAEAMC - MIDSMALL,50.0,50.45,49.42,50.31,50.28,663597
2026-09-16,MOMMIDCAP,MIRAEAMC - MOMMIDCAP,12.62,12.66,12.4,12.6,12.58,868783
2026-09-16,MULTICAP,MIRAEAMC - MULTICAP,16.21,16.42,16.08,16.23,16.22,127049
2026-09-16,SELECTIPO,MIRAEAMC - SELECTIPO,47.9,47.9,46.54,47.35,47.34,63204
2026-09-16,SENSEXETF,MIRAEAMC - SENSEXETF,75.09,77.04,75.09,76.84,76.63,13863
2026-09-16,SMALL250,MIRAEAMC - SMALL250,18.42,18.42,17.57,17.9,17.98,1668162
2026-09-16,SMALLCAP,MIRAEAMC - SMALLCAP,47.76,47.98,46.67,47.65,47.76,4252598
2026-09-16,TOP20,MIRAEAMC - TOP20,8.63,8.65,8.6,8.6,8.6,15770
2026-09-16,VALUE,MIRAEAMC - VALUE,15.69,15.76,15.56,15.73,15.65,8072
2026-09-16,MIRZAINT,MIRZA INTERNATIONAL LIMIT,29.5,29.94,28.51,29.02,29.4,83103
2026-09-16,MIDHANI,MISHRA DHATU NIGAM LTD,407.35,409.7,387.45,399.25,405.85,1623475
2026-09-16,MITCON,MITCON CON & ENG SER LTD,80.0,83.8,79.95,80.26,80.0,3757
2026-09-16,MITTAL,MITTAL LIFE STYLE LIMITED,0.79,0.79,0.76,0.77,0.77,1461130
2026-09-16,MMFL,MM FORGINGS LTD,597.0,611.6,578.2,606.95,593.8,109301
2026-09-16,MMP,MMP INDUSTRIES LIMITED,457.7,466.15,430.75,456.35,457.7,64179
2026-09-16,MMTC,MMTC LIMITED,61.38,61.38,59.07,59.8,60.77,1176490
2026-09-16,MODTHREAD,MODERN THREADS INDIA LTD,51.04,52.0,48.5,51.45,52.13,1215
2026-09-16,MODINATUR,MODI NATURALS LIMITED,341.35,341.8,323.0,326.0,338.0,6152
2026-09-16,MODIRUBBER,MODI RUBBER LTD,120.86,123.96,118.0,119.1,121.46,1276
2026-09-16,MODIS,MODIS NAVNIRMAN LTD,356.0,363.25,339.5,352.7,354.4,33729
2026-09-16,MOHITIND,MOHIT INDUSTRIES LTD,24.1,24.45,22.01,23.23,23.68,4201
2026-09-16,MOHITE,MOHITE INDUSTRIES LTD.,2.54,2.99,2.48,2.61,2.54,79733
2026-09-16,MOIL,MOIL LIMITED,238.5,239.6,234.06,237.36,238.54,726299
2026-09-16,MOKSH,MOKSH ORNAMENTS LIMITED,10.01,10.3,9.76,9.93,10.01,71948
2026-09-16,MOLBIO,MOLBIO DIAGNOSTICS LTD,1385.0,1437.6,1196.2,1307.0,1356.8,8096253
2026-09-16,MOLDTKPAC,MOLD-TEK PACKAGING LTD,652.1,670.0,633.0,661.45,652.1,40145
2026-09-16,MONARCH,MONARCH NETWORTH CAP LTD,370.15,371.0,350.45,368.95,366.5,269952
2026-09-16,MONEYBOXX,MONEYBOXX FINANCE LIMITED,49.43,49.43,49.43,49.43,44.94,16118
2026-09-16,MONTECARLO,MONTE CARLO FASHIONS LTD.,552.4,570.0,540.05,549.95,552.35,50125
2026-09-16,MOREPENLAB,MOREPEN LAB. LTD,106.45,116.0,97.04,114.73,106.22,39424210
2026-09-16,MOSCHIP,MOSCHIP TECHNOLOGIES LTD,203.02,204.36,195.02,199.16,203.02,1644416
2026-09-16,MSUMI,MOTHERSON SUMI WRNG IND L,34.99,36.6,34.85,35.47,35.06,30692547
2026-09-16,MOM100,MOTILAL OS MIDCAP100 ETF,67.59,67.59,65.08,66.11,65.95,394657
2026-09-16,MON100,MOTILAL OS NASDAQ100 ETF,338.88,338.88,325.1,326.77,330.62,688291
2026-09-16,MOTILALOFS,MOTILAL OSWAL FIN LTD,982.4,989.9,963.8,976.5,990.8,771004
2026-09-16,MOM50,MOTILAL OSWAL M50 ETF,245.93,245.93,242.44,243.84,243.41,6122
2026-09-16,MOGSEC,MOTILALAMC - G5,64.69,65.61,64.61,64.82,65.01,9755
2026-09-16,MOALPHA50,MOTILALAMC - MOALPHA50,53.33,55.46,52.44,54.34,54.04,141639
2026-09-16,MOBANK10,MOTILALAMC - MOBANK10,16.51,16.73,16.48,16.62,16.42,2068
2026-09-16,MOCAPITAL,MOTILALAMC - MOCAPITAL,52.85,53.06,51.71,52.57,52.85,1181704
2026-09-16,MODEFENCE,MOTILALAMC - MODEFENCE,101.77,101.77,98.07,100.52,100.76,3266265
2026-09-16,MOENERGY,MOTILALAMC - MOENERGY,37.66,37.98,37.17,37.45,37.48,88248
2026-09-16,MOGOLD,MOTILALAMC - MOGOLD,149.5,151.9,149.05,149.35,149.25,31256
2026-09-16,MOHEALTH,MOTILALAMC - MOHEALTH,52.3,52.3,50.45,51.4,51.11,56997
2026-09-16,MOINFRA,MOTILALAMC - MOINFRA,57.52,57.53,56.84,57.35,57.41,2209
2026-09-16,MOIPO,MOTILALAMC - MOIPO,47.82,47.82,46.61,47.48,47.59,27647
2026-09-16,MOLOWVOL,MOTILALAMC - MOLOWVOL,35.02,35.15,34.88,34.99,34.96,28354
2026-09-16,MOMENTUM50,MOTILALAMC - MOMENTUM50,52.63,52.77,51.59,52.66,52.63,791696
2026-09-16,MOMETAL,MOTILALAMC - MOMETAL,12.58,13.27,12.54,12.71,12.74,32836
2026-09-16,MOMGF,MOTILALAMC - MOMGF,156.4,156.65,154.26,156.62,158.24,1032
2026-09-16,MOMIDMTM,MOTILALAMC - MOMIDMTM,63.88,63.88,61.56,62.69,62.66,34693
2026-09-16,MOMNC,MOTILALAMC - MOMNC,31.12,31.8,30.95,31.38,31.12,11631
2026-09-16,MOMOMENTUM,MOTILALAMC - MOMOMENTUM,60.35,60.78,59.31,60.33,60.3,61164
2026-09-16,MON50EQUAL,MOTILALAMC - MON50EQUAL,32.26,32.75,31.93,32.27,32.22,3713
2026-09-16,MONEXT50,MOTILALAMC - MONEXT50,70.37,72.5,69.51,71.64,70.14,9193
2026-09-16,MONIFTY100,MOTILALAMC - MONIFTY100,24.48,24.6,24.37,24.59,24.48,38426
2026-09-16,MONIFTY500,MOTILALAMC - MONIFTY500,23.19,23.35,22.88,23.15,23.19,593770
2026-09-16,MONQ50,MOTILALAMC - MONQ50,236.62,275.67,232.0,275.28,229.73,1389811
2026-09-16,MOOILGAS,MOTILALAMC - MOOILGAS,11.1,11.2,10.79,10.86,10.87,5392
2026-09-16,MOPSE,MOTILALAMC - MOPSE,97.0,103.0,97.0,97.76,99.1,3381
2026-09-16,MOQUALITY,MOTILALAMC - MOQUALITY,191.6,192.77,190.32,191.94,192.25,4136
2026-09-16,MOREALTY,MOTILALAMC - MOREALTY,83.0,83.4,80.92,83.01,82.37,410066
2026-09-16,MOSERVICE,MOTILALAMC - MOSERVICE,30.0,30.11,29.9,30.11,30.0,2127
2026-09-16,MOSILVER,MOTILALAMC - MOSILVER,224.4,226.41,224.4,225.55,221.93,37189
2026-09-16,MOSMALL250,MOTILALAMC - MOSMALL250,17.99,18.04,17.58,17.94,17.98,2922112
2026-09-16,MOTOUR,MOTILALAMC - MOTOUR,75.27,75.29,74.22,75.02,75.27,10952
2026-09-16,MOVALUE,MOTILALAMC - MOVALUE,109.5,111.84,108.69,109.92,109.39,42339
2026-09-16,MOTISONS,MOTISONS JEWELLERS LTD,15.46,16.87,15.02,16.62,15.47,93614476
2026-09-16,MOTOGENFIN,MOTOR & GENERAL FINANCE L,25.1,25.8,24.61,25.0,25.15,8559
2026-09-16,MPHASIS,MPHASIS LIMITED,2379.0,2393.9,2316.7,2316.7,2378.0,158994
2026-09-16,MPSLTD,MPS LIMITED,2545.0,2629.3,2473.0,2610.2,2522.6,14772
2026-09-16,MRF,MRF LTD,125880.0,127700.0,124615.0,125010.0,125795.0,4959
2026-09-16,MRPL,MRPL,167.0,170.6,164.0,166.11,166.81,7293502
2026-09-16,BECTORFOOD,MRS BECTORS FOOD SPE LTD,226.0,226.16,214.21,220.16,223.4,2203845
2026-09-16,MSPL,MSP STEEL & POWER LTD.,32.51,33.84,31.8,33.48,32.96,561971
2026-09-16,MSTCLTD,MSTC LIMITED,707.85,710.85,671.0,703.55,701.2,248850
2026-09-16,MUFIN,MUFIN GREEN FINANCE LTD,132.99,132.99,125.02,130.56,132.49,724979
2026-09-16,MUKANDLTD,MUKAND LTD.,135.2,136.27,129.91,134.89,135.62,134607
2026-09-16,MUKKA,MUKKA PROTEINS LIMITED,31.1,31.31,29.26,29.53,31.39,1355601
2026-09-16,MCX,MULTI COMMODITY EXCHANGE,3170.2,3224.5,3056.6,3211.2,3173.5,1971522
2026-09-16,MUNJALAU,MUNJAL AUTO IND. LTD.,103.31,103.67,98.96,102.06,103.8,297064
2026-09-16,MUNJALSHOW,MUNJAL SHOWA LTD,125.28,126.59,123.31,124.67,125.28,15812
2026-09-16,MURUDCERA,MURUDESHWAR CERAMICS LTD,29.0,29.8,28.16,28.6,29.0,11479
2026-09-16,RADIOCITY,MUSIC BROADCAST LIMITED,5.9,6.2,5.9,6.03,6.03,19490
2026-09-16,MUTHOOTCAP,MUTHOOT CAP SERV LTD,222.9,235.26,216.54,234.02,222.9,34493
2026-09-16,MUTHOOTFIN,MUTHOOT FINANCE LIMITED,2726.0,2804.6,2725.2,2771.4,2722.3,632020
2026-09-16,MUTHOOTMF,MUTHOOT MICROFIN LIMITED,187.98,192.3,185.34,187.41,187.61,216959
2026-09-16,MVELECTRO,MV ELECTROSYSTEMS LIMITED,777.1,845.7,736.0,819.05,777.0,4327351
2026-09-16,NRAIL,N R AGARWAL INDS LTD,642.0,659.95,603.95,621.4,638.85,31432
2026-09-16,NTCIND,N T C INDUSTRIES LTD.,138.8,138.8,130.4,136.7,134.11,1147
2026-09-16,NBIFIN,N.B.I. IND. FIN. CO. LTD,2049.5,2049.5,1965.3,1993.6,1978.5,5174
2026-09-16,NACLIND,NACL INDUSTRIES LIMITED,150.14,154.25,144.0,151.18,149.92,774178
2026-09-16,NDGL,NAGA DHUNSERI GROUP LTD,2652.3,2680.0,2601.0,2668.6,2655.5,71
2026-09-16,NAGREEKCAP,NAGREEKA CAP & INFR.LTD,27.38,28.29,25.12,27.79,27.38,65647
2026-09-16,NAGREEKEXP,NAGREEKA EXPORTS LTD.,21.41,22.43,20.7,21.25,21.61,31177
2026-09-16,NAHARCAP,NAHAR CAP & FIN.,252.0,255.65,242.2,250.05,252.65,1758
2026-09-16,NAHARINDUS,NAHAR INDS ENT LTD,126.35,130.19,124.0,127.3,127.37,36593
2026-09-16,NAHARPOLY,NAHAR POLY FILMS LIMITED,233.0,233.0,225.0,225.84,226.24,6869
2026-09-16,NAHARSPING,NAHAR SPINNING MILLS LTD.,262.5,268.2,258.1,261.8,261.65,17468
2026-09-16,NGIL,NAKODA GROUP OF IND. LTD,32.56,33.88,31.57,32.34,33.01,8245
2026-09-16,NSIL,NALWA SONS INVESTMENT LTD,5489.5,5489.5,5312.5,5397.5,5409.5,1168
2026-09-16,NDL,NANDAN DENIM LIMITED,2.79,3.2,2.64,2.89,2.75,1436754
2026-09-16,JAIPURKURT,NANDANI CREATION LIMITED,25.65,25.65,23.91,24.49,24.88,7292
2026-09-16,NH,NARAYANA HRUDAYALAYA LTD.,1887.3,1887.3,1811.0,1851.6,1894.9,401015
2026-09-16,NARMADA,NARMADA AGROBASE LIMITED,14.1,14.1,13.5,13.77,13.85,216587
2026-09-16,NATCOPHARM,NATCO PHARMA LTD.,813.1,828.75,801.0,813.3,819.15,492595
2026-09-16,NATHBIOGEN,NATH BIO-GENES (I) LTD,145.0,147.93,144.26,146.05,146.81,3309
2026-09-16,NATIONALUM,NATIONAL ALUMINIUM CO LTD,352.0,357.75,350.1,356.0,350.55,3670150
2026-09-16,NFL,NATIONAL FERT. LTD,67.0,67.13,65.3,66.29,67.18,545072
2026-09-16,NATIONSTD,NATIONAL STAND (INDIA) L,113.7,115.78,108.54,109.21,114.25,22636
2026-09-16,NAVA,NAVA LIMITED,538.8,554.7,535.05,548.3,536.95,290194
2026-09-16,NAVINFLUOR,NAVIN FLUORINE INT. LTD,8212.0,8295.0,8100.0,8160.5,8228.0,99485
2026-09-16,NAVKARCORP,NAVKAR CORPORATION LTD.,91.89,92.07,84.8,85.56,91.58,1883621
2026-09-16,NAVNETEDUL,NAVNEET EDUCATION LTD,124.74,126.0,122.1,125.03,124.1,58197
2026-09-16,NAZARA,NAZARA TECHNOLOGIES LTD,357.1,362.3,345.6,351.15,357.4,1068058
2026-09-16,NBCC,NBCC (INDIA) LIMITED,81.2,81.54,79.72,81.41,80.69,5850166
2026-09-16,NCC,NCC LIMITED,137.31,137.85,133.78,135.01,137.33,1955001
2026-09-16,NCLIND,NCL INDUSTRIES LIMITED,173.99,173.99,168.6,172.42,173.02,38821
2026-09-16,NDLVENTURE,NDL VENTURES LIMITED,120.01,123.01,115.89,116.65,118.87,36791
2026-09-16,NDRAUTO,NDR AUTO COMPONENTS LTD,672.85,676.4,653.3,670.55,672.85,16270
2026-09-16,NDTV,NDTV LTD,71.91,71.91,68.75,69.74,70.43,40111
2026-09-16,NECLIFE,NECTAR LIFESCIENCES LTD.,11.41,11.68,10.83,10.9,11.4,225810
2026-09-16,NELCAST,NELCAST LIMITED,105.22,106.99,102.32,103.85,104.91,66256
2026-09-16,NELCO,NELCO LTD,928.0,954.5,904.55,938.05,924.3,223586
2026-09-16,NEOGEN,NEOGEN CHEMICALS LIMITED,2302.0,2347.8,2202.9,2302.4,2310.3,239255
2026-09-16,NEPHROPLUS,NEPHROCARE HEALTH SERV L,734.85,742.7,710.05,735.2,734.95,144067
2026-09-16,NESCO,NESCO LTD.,1093.0,1103.3,1053.6,1075.6,1087.7,26040
2026-09-16,NESTLEIND,NESTLE INDIA LIMITED,1369.2,1397.0,1368.7,1384.5,1362.0,1631890
2026-09-16,NETWEB,NETWEB TECH INDIA LTD,4629.5,4638.5,4388.0,4562.0,4614.0,1768403
2026-09-16,NPST,NETWORK PEOPLE SRV TECH L,1730.0,1934.0,1673.5,1834.6,1639.5,3028115
2026-09-16,NETWORK18,NETWORK18 MEDIA & INV LTD,25.8,26.55,25.71,26.12,25.95,4777743
2026-09-16,NEULANDLAB,NEULAND LAB LTD.,22595.0,23125.0,21855.0,22625.0,22595.0,50785
2026-09-16,NEWGEN,NEWGEN SOFTWARE TECH LTD,502.4,507.9,487.3,492.0,499.35,531343
2026-09-16,NEXTMEDIA,NEXT MEDIAWORKS LIMITED,3.83,3.83,3.7,3.8,3.83,14112
2026-09-16,NGLFINE,NGL FINE CHEM LIMITED,2543.2,2738.9,2505.1,2673.8,2581.8,11725
2026-09-16,NHPC,NHPC LTD,76.0,76.73,75.26,75.41,76.04,9639495
2026-09-16,NIBE,NIBE LIMITED,1224.4,1254.6,1188.0,1212.0,1224.4,51046
2026-09-16,NICCOPAR,NICCO PARKS & RESORTS LTD,77.1,80.51,77.1,80.11,80.51,1639
2026-09-16,NIITMTS,NIIT LEARNING SYSTEMS LTD,232.02,232.02,222.16,223.79,232.02,88940
2026-09-16,NIITLTD,NIIT LIMITED,87.8,88.89,84.86,85.35,87.32,351938
2026-09-16,NILAINFRA,NILA INFRASTRUCTURES LTD,6.57,6.74,6.4,6.57,6.57,155759
2026-09-16,NILASPACES,NILA SPACES LIMITED,12.04,12.8,11.81,12.56,12.23,1928596
2026-09-16,NILE,NILE LTD.,1468.3,1486.9,1431.1,1452.6,1431.9,1356
2026-09-16,NILKAMAL,NILKAMAL LIMITED,2012.4,2012.4,1880.0,1920.5,2017.9,41077
2026-09-16,NIMBSPROJ,NIMBUS PROJECTS LIMITED,174.0,178.5,167.0,174.99,170.0,42855
2026-09-16,NINSYS,NINTEC SYSTEMS LIMITED,714.75,714.9,687.05,709.35,710.75,4210
2026-09-16,BANKBEES,NIP IND ETF BANK BEES,583.84,584.34,578.84,582.68,579.33,324940
2026-09-16,CONSUMBEES,NIP IND ETF CONSUMPTION,125.81,129.0,125.58,127.09,126.43,136732
2026-09-16,DIVOPPBEES,NIP IND ETF DIV OPP,75.24,75.24,74.18,74.62,74.4,32131
2026-09-16,NV20BEES,NIP IND ETF ETF NV20,135.5,136.13,134.95,135.62,135.04,94023
2026-09-16,GOLDBEES,NIP IND ETF GOLD BEES,124.6,125.05,124.43,124.91,123.62,13858810
2026-09-16,HNGSNGBEES,NIP IND ETF HANGSENG BEES,470.08,470.08,462.8,464.42,465.43,57841
2026-09-16,INFRABEES,NIP IND ETF INFRA BEES,928.75,928.75,918.65,926.01,925.85,12156
2026-09-16,ITBEES,NIP IND ETF IT,33.35,33.35,32.25,32.3,32.87,8243115
2026-09-16,JUNIORBEES,NIP IND ETF JUNIOR BEES,760.0,766.7,754.4,764.82,762.71,302310
2026-09-16,LIQUIDBEES,NIP IND ETF LIQUID BEES,999.99,1000.01,999.99,999.99,999.99,3811884
2026-09-16,LTGILTBEES,NIP IND ETF LONGTERM GILT,29.66,29.74,29.64,29.7,29.67,794995
2026-09-16,MID150BEES,NIP IND ETF MIDCAP 150,232.89,232.99,228.56,232.0,231.67,1289248
2026-09-16,NIF100BEES,NIP IND ETF NIFTY 100,261.2,261.2,256.19,258.67,257.93,270971
2026-09-16,NIFTYBEES,NIP IND ETF NIFTY BEES,264.58,266.28,262.79,265.02,264.58,6249520
2026-09-16,PSUBNKBEES,NIP IND ETF PSU BANK BEES,91.25,92.6,91.0,92.21,91.25,803010
2026-09-16,SHARIABEES,NIP IND ETF SHARIAH BEES,443.56,444.0,438.15,439.4,442.09,5901
2026-09-16,NAM-INDIA,NIPPON L I A M LTD,1154.0,1158.0,1111.2,1124.0,1153.1,1222983
2026-09-16,LIQGRWBEES,NIPPONAMC - LIQGRWBEES,1055.0,1055.66,1055.0,1055.64,1055.53,95816
2026-09-16,MANUFGBEES,NIPPONAMC - MANUFGBEES,157.7,157.96,155.09,157.61,157.69,4901
2026-09-16,AUTOBEES,NIPPONAMC - NETFAUTO,279.06,280.35,275.98,279.35,278.31,210833
2026-09-16,PHARMABEES,NIPPONAMC - NETFPHARMA,26.26,27.1,26.26,26.95,26.94,3991876
2026-09-16,SILVERBEES,NIPPONAMC - NETFSILVER,217.77,219.28,217.77,218.46,214.67,14593538
2026-09-16,SNXT30BEES,NIPPONAMC - SNXT30BEES,41.78,41.78,41.21,41.62,41.38,31627
2026-09-16,NIRAJ,NIRAJ CEMENT STRUC LTD,27.85,28.55,27.33,27.61,27.58,13411
2026-09-16,NIRLON,NIRLON LTD,598.0,602.75,591.8,593.6,600.65,1923
2026-09-16,NITCO,NITCO LIMITED,88.9,89.05,83.25,85.17,88.24,684232
2026-09-16,NITINSPIN,NITIN SPINNERS LIMITED,639.95,640.35,615.25,628.0,643.15,122404
2026-09-16,NITIRAJ,NITIRAJ ENGINEERS LTD,232.0,232.0,218.9,230.02,225.91,4246
2026-09-16,NITTAGELA,NITTA GELATIN INDIA LTD.,1725.9,1779.0,1651.2,1756.9,1693.0,11261
2026-09-16,NIVABUPA,NIVA BUPA HEALTH INS CO L,81.5,81.79,79.08,79.55,81.5,1090983
2026-09-16,NKIND,NK INDUSTRIES LTD,52.2,59.89,50.0,57.62,55.52,1193
2026-09-16,NLCINDIA,NLC INDIA LIMITED,261.25,262.0,254.3,255.35,261.05,3109419
2026-09-16,NMDC,NMDC LTD.,80.8,81.09,79.45,80.32,80.5,9502607
2026-09-16,NSLNISP,NMDC STEEL LIMITED,41.6,41.77,40.23,41.17,41.45,4104940
2026-09-16,NOCIL,NOCIL LIMITED,184.2,186.86,179.21,181.95,183.6,1428895
2026-09-16,NOIDATOLL,NOIDA TOLL BRIDGE CO LTD,3.94,4.06,3.92,3.96,4.01,42388
2026-09-16,NORBTEAEXP,NORBEN TEA & EXPORTS LTD,64.5,67.72,64.5,64.56,64.5,1286
2026-09-16,NORTHARC,NORTHERN ARC CAPITAL LTD,294.15,298.5,285.45,295.9,294.2,749709
2026-09-16,NOVAAGRI,NOVA AGRITECH LIMITED,22.49,22.97,22.0,22.32,22.49,44964
2026-09-16,NOVARTIND,NOVARTIS INDIA LIMITED,2164.0,2178.1,1980.0,1995.5,2188.0,122942
2026-09-16,NRBBEARING,NRB BEARING LIMITED,479.0,479.45,453.5,471.3,480.85,506012
2026-09-16,NIBL,NRB INDUS. BEARINGS LTD.,31.21,31.64,30.74,30.88,31.06,6036
2026-09-16,NTPCGREEN,NTPC GREEN ENERGY LIMITED,85.8,87.9,85.16,87.59,85.86,1822934
2026-09-16,NTPC,NTPC LTD,329.5,329.95,326.55,327.0,329.5,6556304
2026-09-16,NUCLEUS,NUCLEUS SOFTWARE EXPORTS,690.0,697.65,689.0,692.45,696.4,9512
2026-09-16,NUVAMA,NUVAMA WEALTH MANAGE LTD,1661.6,1731.0,1649.8,1703.1,1668.2,295864
2026-09-16,NUVOCO,NUVOCO VISTAS CORP LTD,312.2,318.35,307.95,316.2,313.75,297862
2026-09-16,OBCL,OBCL LIMITED,55.41,57.98,54.02,56.98,56.58,18956
2026-09-16,OBEROIRLTY,OBEROI REALTY LIMITED,1660.0,1717.3,1660.0,1706.9,1668.5,599621
2026-09-16,ODIGMA,ODIGMA CONSULTANCY SOL L,22.09,22.09,21.2,21.42,22.09,5887
2026-09-16,ODYCORP,ODYSSEY CORPORATION LTD.,7.13,7.14,6.82,7.11,6.88,12042
2026-09-16,ONGC,OIL AND NATURAL GAS CORP.,236.45,236.8,233.31,236.8,235.95,8748123
2026-09-16,OIL,OIL INDIA LTD,485.5,489.5,481.4,487.6,485.6,1295800
2026-09-16,OLAELEC,OLA ELECTRIC MOBILITY LTD,38.0,38.99,37.01,37.24,38.03,42359603
2026-09-16,OLECTRA,OLECTRA GREENTECH LIMITED,1182.7,1190.4,1155.0,1168.0,1179.2,265014
2026-09-16,OMINFRAL,OM INFRA LIMITED,80.99,80.99,77.43,80.42,80.25,39905
2026-09-16,OMPOWER,OM POWER TRANSMISSION LTD,165.35,168.19,162.1,164.82,168.2,96074
2026-09-16,OMAXAUTO,OMAX AUTOS LTD,169.6,172.49,161.21,167.1,169.0,50833
2026-09-16,OMAXE,OMAXE LIMITED,118.04,118.9,113.71,115.07,118.04,726110
2026-09-16,OMNI,OMNITECH ENGINEERING LTD,543.0,549.8,527.05,539.5,540.3,284946
2026-09-16,PAYTM,ONE 97 COMMUNICATIONS LTD,1830.0,1855.5,1731.1,1790.0,1730.0,15413025
2026-09-16,ONEGLOBAL,ONE GLOBAL SERVICE PROV L,519.1,531.2,495.0,524.75,518.5,8604
2026-09-16,MOBIKWIK,ONE MOBIKWIK SYSTEMS LTD,213.99,213.99,195.0,198.37,200.86,10303576
2026-09-16,ONEPOINT,ONE POINT ONE SOL LTD,57.09,58.77,55.41,56.28,56.68,1943119
2026-09-16,KISSHT,ONEMI TECHNOLOGY SOL LTD,341.0,349.25,329.0,342.65,339.55,1873189
2026-09-16,ONESOURCE,ONESOURCE SPECL PHARMA L,1595.0,1613.6,1563.2,1596.6,1599.6,143256
2026-09-16,ONIDA,ONIDA ELECTRONICS LIMITED,33.0,33.85,32.35,33.05,33.33,264250
2026-09-16,ONIXSOLAR,ONIX SOLAR ENERGY LTD.,395.95,406.25,395.95,395.95,416.75,361158
2026-09-16,ONWARDTEC,ONWARD TECHNOLOGIES LTD,280.5,288.9,274.8,278.6,281.55,16389
2026-09-16,OPTIEMUS,OPTIEMUS INFRACOM LTD,600.0,605.0,575.0,592.85,604.95,419440
2026-09-16,OPTIFIN,OPTIMUS FINANCE LTD.,13.85,14.44,12.53,13.29,13.85,45848
2026-09-16,OFSS,ORACLE FIN SERV SOFT LTD.,11840.0,11920.0,11399.0,11510.0,11803.0,245645
2026-09-16,ORCHASP,ORCHASP LIMITED,1.68,1.71,1.54,1.6,1.58,529798
2026-09-16,ORCHPHARMA,ORCHID PHARMA LIMITED,988.0,992.75,950.2,957.5,988.2,54989
2026-09-16,ORICONENT,ORICON ENTERPRISES LTD,51.7,52.8,51.2,51.38,51.31,43753
2026-09-16,ORIENTBELL,ORIENT BELL LIMITED,390.45,395.85,377.6,384.2,390.45,47962
2026-09-16,ORIENTCEM,ORIENT CEMENT LTD.,122.1,122.59,120.6,121.64,121.98,731583
2026-09-16,ORIENTCER,ORIENT CERATECH LIMITED,45.26,45.97,42.5,44.82,44.79,53183
2026-09-16,ORIENTELEC,ORIENT ELECTRIC LIMITED,168.2,171.32,166.0,168.4,169.17,119138
2026-09-16,GREENPOWER,ORIENT GREEN POWER CO LTD,9.21,9.21,8.91,9.06,9.09,2506910
2026-09-16,ORIENTHOT,ORIENT HOTELS LTD,138.2,139.55,135.92,138.59,138.98,1125124
2026-09-16,ORIENTPPR,ORIENT PAPER AND INDS LTD,16.7,16.94,16.55,16.79,16.69,267446
2026-09-16,ORIENTTECH,ORIENT TECHNOLOGIES LTD,242.28,245.76,230.56,233.32,242.28,241264
2026-09-16,OAL,ORIENTAL AROMATICS LTD,510.95,527.85,478.1,508.85,510.95,28836
2026-09-16,ORIRAIL,ORIENTAL RAIL INFRA L,120.2,121.9,115.1,119.85,119.03,131322
2026-09-16,ORIENTALTL,ORIENTAL TRIMEX LTD,5.03,5.11,4.95,5.0,5.02,62041
2026-09-16,ORISSAMINE,ORISSA MIN DEV CO LTD,3877.9,3927.0,3795.5,3829.4,3877.9,12535
2026-09-16,ORKLAINDIA,ORKLA INDIA LIMITED,580.0,587.9,575.0,579.8,582.3,81754
2026-09-16,ORTINGLOBE,ORTIN GLOBAL LIMITED,16.63,17.38,16.01,17.25,16.62,11645
2026-09-16,OSWALAGRO,OSWAL AGRO MILLS LTD,33.51,34.12,32.36,33.43,34.25,30937
2026-09-16,OSWALGREEN,OSWAL GREENTECH LIMITED,19.95,20.11,18.55,19.29,19.59,294796
2026-09-16,OSWALPUMPS,OSWAL PUMPS LIMITED,276.85,276.85,266.45,269.85,275.45,273819
2026-09-16,PNGJL,P N GADGIL JEWELLERS LTD,606.0,619.7,596.65,608.65,611.6,278105
2026-09-16,POEL,P O C L ENTERPRISES LTD.,142.35,142.35,136.11,137.47,139.45,21498
2026-09-16,PGHH,P&G HYGIENE & HEALTH CARE,7525.0,7659.0,7488.0,7611.0,7507.0,8431
2026-09-16,PACEDIGITK,PACE DIGITEK LIMITED,153.6,155.29,150.25,152.5,153.6,657267
2026-09-16,PACIFICI,PACIFIC INDUSTRIES LTD.,136.1,136.1,136.0,136.1,136.0,1179
2026-09-16,PAGEIND,PAGE INDUSTRIES LTD,34600.0,35035.0,34000.0,34275.0,34580.0,33484
2026-09-16,PAISALO,PAISALO DIGITAL LIMITED,82.95,85.6,81.1,84.59,84.47,20996365
2026-09-16,PAKKA,PAKKA LIMITED,74.85,76.0,73.5,75.15,74.85,49342
2026-09-16,PALASHSECU,PALASH SECURITIES LTD,89.0,89.0,88.0,88.0,88.72,14
2026-09-16,PALREDTEC,PALRED TECHNOLOGIES LTD,49.8,49.8,47.61,47.63,49.81,2041
2026-09-16,PANACEABIO,PANACEA BIOTEC LTD,374.9,378.9,361.95,367.15,375.75,107394
2026-09-16,PANAMAPET,PANAMA PETROCHEM LTD,447.0,454.75,436.85,451.55,450.75,187471
2026-09-16,PANCHMAHQ,PANCHMAHAL STEEL LTD.,304.85,304.85,267.0,295.0,293.4,180
2026-09-16,PANORAMA,PANORAMA STUDIOS INTL. L,52.09,54.26,49.14,50.13,51.92,417500
2026-09-16,PANSARI,PANSARI DEVELOPERS LTD,285.0,297.0,275.0,291.7,282.15,828
2026-09-16,PARADEEP,PARADEEP PHOSPHATES LTD,149.46,149.94,145.0,146.84,149.34,1898179
2026-09-16,PARAGMILK,PARAG MILK FOODS LTD.,252.0,272.45,246.3,269.1,252.15,2510039
2026-09-16,PARACABLES,PARAMOUNT COMM LTD,61.3,62.09,58.96,60.83,61.31,1483208
2026-09-16,PARAS,PARAS DEF AND SPCE TECH L,1351.8,1351.8,1252.0,1318.8,1339.2,1223719
2026-09-16,PARASPETRO,PARAS PETROFILS LTD.,2.15,2.23,2.11,2.13,2.15,49817
2026-09-16,PARKHOSPS,PARK MEDI WORLD LIMITED,278.65,281.55,273.0,276.4,279.15,858138
2026-09-16,PARKHOTELS,PARKHOTELS,107.74,108.24,105.0,105.85,106.83,132228
2026-09-16,PARNAXLAB,PARNAX LAB LTD.,123.0,123.9,117.05,120.26,123.87,2002
2026-09-16,PASHUPATI,PASHUPATI COTSPIN LIMITED,81.25,81.25,79.1,79.74,80.04,222499
2026-09-16,PASUPTAC,PASUPATI ACRYLON LIMITED,70.55,72.39,66.18,68.07,70.48,159716
2026-09-16,PATANJALI,PATANJALI FOODS LIMITED,339.05,367.4,337.5,365.0,338.55,28837966
2026-09-16,PATELENG,PATEL ENGINEERING LTD.,26.09,26.21,25.38,25.62,26.08,1973986
2026-09-16,PATELRMART,PATEL RETAIL LIMITED,206.07,209.9,201.25,202.92,207.44,144620
2026-09-16,PML,PAUL MERCHANTS LTD.,495.85,496.1,495.8,496.1,498.55,180
2026-09-16,PAUSHAKLTD,PAUSHAK LIMITED,682.0,725.55,675.05,715.35,682.8,64217
2026-09-16,PAVNAIND,PAVNA INDUSTRIES LIMITED,15.1,16.2,14.96,15.14,15.32,134895
2026-09-16,POLICYBZR,PB FINTECH LIMITED,1739.9,1847.0,1710.1,1827.1,1736.0,2054206
2026-09-16,PCJEWELLER,PC JEWELLER LTD,12.89,12.9,11.81,12.64,12.89,526445213
2026-09-16,PCBL,PCBL CHEMICAL LIMITED,314.15,320.9,310.25,317.1,314.05,859081
2026-09-16,PDSL,PDS LIMITED,332.15,342.0,325.15,336.65,334.25,79653
2026-09-16,PGIL,PEARL GLOBAL IND LIMITED,1171.6,1237.0,1136.1,1179.9,1141.4,439780
2026-09-16,PEARLPOLY,PEARL POLYMERS LTD,16.24,16.24,15.6,16.15,15.85,19450
2026-09-16,PENINLAND,PENINSULA LAND LIMITED,15.67,15.67,14.18,14.62,14.98,151536
2026-09-16,PENIND,PENNAR INDUSTRIES LTD,167.55,168.99,162.0,166.79,167.3,496686
2026-09-16,PERMAGN,PERMANENT MAGNETS LTD.,829.0,842.35,824.7,834.8,827.7,3090
2026-09-16,PERSISTENT,PERSISTENT SYSTEMS LTD,5522.0,5529.5,5390.5,5440.0,5477.5,412053
2026-09-16,PETRONET,PETRONET LNG LIMITED,281.6,284.95,278.25,282.1,283.95,692663
2026-09-16,PFIZER,PFIZER LTD,4052.0,4080.0,3955.5,4014.4,4041.6,37281
2026-09-16,PGEL,PG ELECTROPLAST LTD,515.25,527.0,513.0,523.85,518.0,768516
2026-09-16,PHOENXINTL,PHOENIX INTERNATIONAL LTD,28.4,28.4,27.8,28.1,28.4,1778
2026-09-16,PWL,PHYSICSWALLAH LIMITED,130.0,130.8,125.27,127.53,130.72,6610404
2026-09-16,PIIND,PI INDUSTRIES LTD,2255.0,2287.2,2227.2,2256.0,2255.0,160599
2026-09-16,PICCADIL,PICCADILY AGRO INDUSTRI L,584.0,597.35,572.0,593.05,585.65,178214
2026-09-16,PIDILITIND,PIDILITE INDUSTRIES LTD,1521.2,1546.9,1521.2,1543.8,1521.1,573360
2026-09-16,PILITA,PIL ITALICA LIFESTYLE LTD,7.73,7.96,7.63,7.79,7.73,13479
2026-09-16,PILANIINVS,PILANI INV & IND COR LTD,4090.0,4100.0,4026.9,4052.2,4081.8,3729
2026-09-16,PINELABS,PINE LABS LIMITED,198.0,198.0,175.3,185.71,193.8,112454490
2026-09-16,PIONEEREMB,PIONEER EMBROIDERIES LTD,22.89,22.89,20.7,21.01,20.89,14083
2026-09-16,PIRAMALFIN,PIRAMAL FINANCE LIMITED,2202.4,2237.2,2180.2,2201.1,2224.4,405982
2026-09-16,PPLPHARMA,PIRAMAL PHARMA LIMITED,203.0,207.96,198.86,202.37,203.47,2966781
2026-09-16,PITTIENG,PITTI ENGINEERING LIMITED,1107.2,1110.7,1060.0,1101.4,1109.3,136519
2026-09-16,PIXTRANS,PIX TRANSMISSIONS LIMITED,1739.8,1749.3,1711.6,1724.6,1734.0,9230
2026-09-16,PLASTIBLEN,PLASTIBLENDS INDIA LTD,183.6,188.09,180.86,182.75,185.18,12425
2026-09-16,PLATIND,PLATINUM INDUSTRIES LTD,220.0,220.0,211.41,217.03,218.88,26600
2026-09-16,PLAZACABLE,PLAZA WIRES LIMITED,61.38,64.0,59.82,62.51,61.38,101173
2026-09-16,PNBGILTS,PNB GILTS LIMITED,76.5,80.24,74.03,77.91,76.29,627422
2026-09-16,PNBHOUSING,PNB HOUSING FIN LTD.,1143.4,1152.3,1126.9,1134.0,1145.0,988137
2026-09-16,PNCINFRA,PNC INFRATECH LTD.,132.0,141.6,116.4,134.44,140.32,18753186
2026-09-16,PNGSREVA,PNGS REVA DIAMOND JEWEL L,497.55,506.5,481.7,496.95,494.2,133694
2026-09-16,PODDARMENT,PODDAR PIGMENTS LIMITED,275.95,279.9,265.65,267.15,270.1,1675
2026-09-16,POKARNA,POKARNA LIMITED,750.0,765.8,740.0,750.5,758.25,70556
2026-09-16,POLYMED,POLY MEDICURE LIMITED,1701.9,1716.7,1691.2,1704.6,1704.6,116363
2026-09-16,POLYCAB,POLYCAB INDIA LIMITED,8129.5,8244.0,8072.0,8121.5,8143.5,246715
2026-09-16,POLYPLEX,POLYPLEX CORPORATION LTD,1093.0,1100.0,1054.6,1079.7,1093.8,57907
2026-09-16,POLYSPIN,POLYSPIN EXPORTS LTD.,28.95,28.95,28.95,28.95,28.95,50
2026-09-16,POCL,PONDY OXIDES & CHEM LTD,435.3,468.35,427.6,452.9,435.3,1247116
2026-09-16,PONNIERODE,PONNIE SUGARS (ERODE) LTD,351.8,370.45,343.1,359.55,351.8,23272
2026-09-16,POONAWALLA,POONAWALLA FINCORP LTD,434.5,434.95,428.1,432.45,434.6,679052
2026-09-16,PVSL,POPULAR VEHICLES N SER L,98.02,101.0,97.51,99.32,97.93,10100
2026-09-16,PFC,POWER FIN CORP LTD.,344.0,349.1,343.65,346.0,344.0,6079360
2026-09-16,POWERGRID,POWER GRID CORP. LTD.,264.1,266.35,262.8,262.8,262.8,7132902
2026-09-16,PIGL,POWER INSTRUMENT (G) LTD,99.99,106.0,97.82,101.74,99.54,75040
2026-09-16,POWERMECH,POWER MECH PROJECTS LTD.,2325.1,2334.0,2278.8,2296.5,2336.4,41657
2026-09-16,POWERICA,POWERICA LIMITED,536.0,547.1,516.75,540.0,532.75,112963
2026-09-16,PRABHA,PRABHA ENERGY LIMITED,238.0,239.5,222.85,226.58,239.42,175244
2026-09-16,PRAJIND,PRAJ INDUSTRIES LTD,318.0,318.0,310.0,314.0,318.0,414802
2026-09-16,PRAENG,PRAJAY ENG. SYN. LTD.,21.5,22.44,20.81,22.1,21.51,29615
2026-09-16,PRAKASH,PRAKASH INDUSTRIES LTD,118.0,118.9,115.01,118.48,119.49,357885
2026-09-16,PRAKASHSTL,PRAKASH STEELAGE LTD,3.82,3.82,3.57,3.74,3.56,127516
2026-09-16,PRANAV,PRANAV CONSTRUCTIONS LTD,121.0,123.7,105.6,106.81,132.0,19882781
2026-09-16,PRASOLCHEM,PRASOL CHEMICALS LIMITED,610.0,671.0,601.0,671.0,676.0,2214873
2026-09-16,DIAMONDYD,PRATAAP SNACKS LIMITED,1097.3,1119.9,1088.8,1102.2,1107.4,6122
2026-09-16,PRAVEG,PRAVEG LTD.,256.05,263.6,252.2,254.0,255.95,29166
2026-09-16,PRAXIS,PRAXIS HOME RETAIL LTD,4.37,4.39,4.15,4.23,4.28,84702
2026-09-16,PRECAM,PRECISION CAMSHAFTS LTD.,113.6,114.96,111.61,112.81,113.69,126306
2026-09-16,PRECWIRE,PRECISION WIRES INDIA LTD,440.05,445.5,420.3,439.6,440.05,436969
2026-09-16,PRECOT,PRECOT LIMITED,643.0,660.0,643.0,654.45,656.1,586
2026-09-16,PREMCO,PREMCO GLOBAL LTD.,391.35,397.0,386.95,392.05,391.35,1105
2026-09-16,PREMIERENE,PREMIER ENERGIES LIMITED,940.4,944.2,888.1,899.0,945.0,3795481
2026-09-16,PREMEXPLN,PREMIER EXPLOSIVES LTD,666.05,668.75,663.1,667.85,668.3,188663
2026-09-16,PREMIERPOL,PREMIER POLYFILM LTD,80.97,84.95,79.0,82.62,81.9,260231
2026-09-16,PRESTIGE,PRESTIGE ESTATE LTD,1418.9,1442.0,1409.1,1424.0,1417.0,498204
2026-09-16,PRICOLLTD,PRICOL LIMITED,740.0,751.55,721.0,744.8,740.75,291807
2026-09-16,PFOCUS,PRIME FOCUS LIMITED,323.0,333.6,313.1,320.45,319.0,2349306
2026-09-16,PRIMESECU,PRIME SECURITIES LIMITED,276.05,288.0,275.05,283.75,277.5,18774
2026-09-16,PRIMO,PRIMO CHEMICALS LIMITED,23.2,23.2,20.91,21.35,22.31,203469
2026-09-16,PRINCEPIPE,PRINCE PIPES FITTINGS LTD,260.25,261.85,251.8,257.3,259.05,103383
2026-09-16,PRSMJOHNSN,PRISM JOHNSON LIMITED,112.4,115.8,111.05,114.54,112.14,529992
2026-09-16,PRISMX,PRISMX GLOBAL VENTURES L,0.56,0.56,0.54,0.55,0.55,78577
2026-09-16,PRITI,PRITI INTERNATIONAL LTD,33.52,33.52,31.0,31.96,33.52,11013
2026-09-16,PNC,PRITISH NANDY COMMUNICATI,16.46,16.9,16.1,16.17,16.38,3026
2026-09-16,PRIVISCL,PRIVI SPECIALITY CHE LTD,3468.0,3498.7,3383.1,3480.7,3452.2,61992
2026-09-16,PGHL,PROCTER & GAMBLE HEALTH L,5365.0,5568.0,5365.0,5460.0,5408.0,13561
2026-09-16,PROSTARM,PROSTARM INFO SYSTEMS LTD,126.12,130.69,124.03,127.95,126.04,202291
2026-09-16,PROTEAN,PROTEAN EGOV TECHNO LTD,488.0,500.3,484.1,485.35,488.85,257806
2026-09-16,PROZONER,PROZONE REALTY LIMITED,53.75,53.75,49.5,52.61,52.72,332568
2026-09-16,PRUDENT,PRUDENT CORP ADV SER LTD,3232.0,3342.2,3190.2,3326.1,3251.5,14577
2026-09-16,PSPPROJECT,PSP PROJECTS LIMITED,825.4,829.0,796.75,813.75,821.3,37931
2026-09-16,PFS,PTC INDIA FIN SERV LTD,26.81,26.9,25.9,26.06,26.51,390809
2026-09-16,PTC,PTC INDIA LIMITED,153.0,153.79,150.51,151.96,152.41,1795094
2026-09-16,PTCIL,PTC INDUSTRIES LIMITED,22615.0,22685.0,22120.0,22500.0,22560.0,25652
2026-09-16,PTL,PTL ENTERPRISES LTD,38.25,38.64,37.75,38.05,38.15,25279
2026-09-16,PDMJEPAPER,PUDUMJEE PAPER PRO. LTD,96.77,99.5,94.21,97.95,96.81,368391
2026-09-16,PSB,PUNJAB & SIND BANK,22.35,22.45,22.11,22.25,22.38,895874
2026-09-16,PUNJABCHEM,PUNJAB CHEM & CROP PROT L,1049.5,1080.0,1020.1,1071.2,1041.2,5860
2026-09-16,PNB,PUNJAB NATIONAL BANK,114.73,117.48,114.63,116.8,114.7,18494065
2026-09-16,PURVA,PURAVANKARA LIMITED,207.85,215.5,200.25,210.23,205.56,368141
2026-09-16,PERNIASPOP,PURPLE STYLE LABS LIMITED,542.0,549.65,511.5,545.1,542.0,183715
2026-09-16,PVP,PVP VENTURES LIMITED,60.2,60.79,58.51,58.51,61.58,342199
2026-09-16,PVRINOX,PVR INOX LIMITED,1220.0,1264.0,1217.6,1254.6,1221.0,456245
2026-09-16,PYRAMID,PYRAMID TECHNOPLAST LTD,154.96,157.0,151.5,153.93,154.96,43737
2026-09-16,QUADFUTURE,QUADRANT FUTURE TEK LTD,484.6,497.0,466.95,491.95,484.6,1127715
2026-09-16,QPOWER,QUALITY POWER ELEC EQUP L,1344.0,1422.9,1291.7,1422.9,1355.2,493456
2026-09-16,QGOLDHALF,QUANTUM GOLD ETF,125.84,125.92,124.9,125.15,124.36,236584
2026-09-16,QNIFTY,QUANTUM NIFTY 50 ETF,255.0,257.0,255.0,256.39,255.81,2924
2026-09-16,SILVER001,QUANT_AMC - SILVER001,24.2,24.2,22.89,23.12,23.0,2914
2026-09-16,QUESS,QUESS CORP LIMITED,344.1,345.0,328.2,342.4,342.1,373895
2026-09-16,QUICKHEAL,QUICK HEAL TECH LTD,161.0,164.8,151.18,157.33,158.81,346174
2026-09-16,QUINT,QUINT DIGITAL LTD.,57.88,57.88,57.88,57.88,48.24,41492
2026-09-16,RKSWAMY,R K SWAMY LIMITED,91.0,91.7,87.91,88.33,89.46,32265
2026-09-16,RRIL,R R I L LTD.,15.38,16.65,15.38,16.23,15.94,10727
2026-09-16,RRKABEL,R R KABEL LIMITED,2398.9,2454.0,2340.2,2397.4,2381.3,456841
2026-09-16,RSYSTEMS,R SYS INTERNATIONAL LTD,240.47,244.9,235.37,240.74,240.47,140217
2026-09-16,RTSPOWR,R T S POWER CORPN. LTD.,91.6,93.0,68.88,83.72,86.1,2735
2026-09-16,RSSOFTWARE,R. S. SOFTWARE (INDIA) LI,29.6,30.2,29.52,29.92,29.6,27506
2026-09-16,RPPINFRA,R.P.P INFRA PROJECTS LTD,55.25,55.5,53.0,53.56,54.72,98351
2026-09-16,RACE,RACE ECO CHAIN LIMITED,95.0,99.0,90.0,96.86,96.15,36959
2026-09-16,RACLGEAR,RACL GEARTECH LIMITED,1755.0,1892.0,1726.5,1852.4,1755.2,258873
2026-09-16,RADAAN,RADAAN MEDIAWORKS (I) LTD,2.91,2.91,2.8,2.84,2.9,9341
2026-09-16,RADIANTCMS,RADIANT CASH MGMT SER LTD,38.24,39.49,36.31,38.05,35.89,649686
2026-09-16,RADICO,RADICO KHAITAN LTD,4338.7,4466.0,4321.6,4466.0,4360.0,278614
2026-09-16,RPEL,RAGHAV PRODUCTIVITY ENH L,1648.0,1648.0,1507.2,1547.0,1622.4,244936
2026-09-16,RVNL,RAIL VIKAS NIGAM LIMITED,199.05,200.19,195.15,197.5,199.0,4733889
2026-09-16,RAILTEL,RAILTEL CORP OF IND LTD,255.0,255.0,248.0,252.35,252.4,487737
2026-09-16,RAIN,RAIN INDUSTRIES LIMITED,196.74,202.5,191.04,199.29,196.74,4448597
2026-09-16,RAINBOW,RAINBOW CHILDRENS MED LTD,1449.9,1464.7,1424.5,1457.2,1453.7,55338
2026-09-16,ROML,RAJ OIL MILLS LIMITED,42.02,43.4,40.61,41.27,43.0,1543
2026-09-16,RAJTV,RAJ TV NETWORK LTD,8.9,8.9,8.19,8.58,8.62,52656
2026-09-16,RAJPALAYAM,RAJAPALAYAM MILLS LTD.,760.0,770.0,755.0,760.0,759.0,2946
2026-09-16,ARENTERP,RAJDARSHAN INDUSTRIES LTD,34.3,34.3,31.1,32.6,32.64,486
2026-09-16,RAJMET,RAJNANDINI METAL LIMITED,3.14,3.18,3.12,3.13,3.14,123405
2026-09-16,RSL,RAJPUTANA STAINLESS LTD,181.0,184.25,171.41,180.84,181.63,510807
2026-09-16,RAJRATAN,RAJRATAN GLOBAL WIRE LTD,481.0,481.0,460.6,462.95,485.1,109075
2026-09-16,RAJSREESUG,RAJSHREE SUGAR & CHEMICAL,33.14,33.15,30.51,31.24,32.82,75840
2026-09-16,RALLIS,RALLIS INDIA LTD,200.85,203.98,196.81,202.65,200.82,662039
2026-09-16,RAMRAT,RAM RATNA WIRES LIMITED,515.0,528.0,500.1,525.8,515.85,107130
2026-09-16,RAMAPHO,RAMA PHOSPHATES LIMITED,118.5,119.49,113.86,115.18,118.86,46737
2026-09-16,RAMCOIND,RAMCO INDUSTRIES LIMITED,318.4,322.8,305.8,320.85,318.4,125109
2026-09-16,RAMCOSYS,RAMCO SYSTEMS LTD.,566.9,567.8,543.95,558.65,567.8,62642
2026-09-16,RKFORGE,RAMKRISHNA FORGINGS LTD,684.0,693.9,659.1,688.8,688.2,507925
2026-09-16,RAMKY,RAMKY INFRA LTD,315.0,318.0,308.85,311.75,314.8,39434
2026-09-16,RANASUG,RANA SUGARS LTD.,14.82,14.94,14.6,14.7,14.82,327889
2026-09-16,RML,RANE (MADRAS) LIMITED,1320.0,1320.0,1229.8,1268.1,1306.5,72986
2026-09-16,RANEHOLDIN,RANE HOLDINGS LIMITED,1650.1,1662.4,1602.6,1630.3,1669.0,7491
2026-09-16,RPTECH,RASHI PERIPHERALS LIMITED,801.0,814.35,768.2,794.45,797.35,308029
2026-09-16,RCF,RASHTRIYA CHEMICALS & FER,109.15,109.85,107.27,108.77,108.59,1035985
2026-09-16,RATEGAIN,RATEGAIN TRAVEL TECHN LTD,869.0,875.0,849.85,860.95,878.65,140820
2026-09-16,RATNAMANI,RATNAMANI MET & TUB LTD.,2730.0,2730.5,2615.6,2695.0,2691.4,33844
2026-09-16,RATNAVEER,RATNAVEER PRECISION ENG L,280.0,294.9,275.2,286.75,289.6,11887521
2026-09-16,RTNINDIA,RATTANINDIA ENT LIMITED,27.14,27.14,26.51,26.74,27.01,2671333
2026-09-16,RTNPOWER,RATTANINDIA POWER LIMITED,6.99,7.22,6.96,7.03,6.99,29119691
2026-09-16,RKDL,RAVI KUMAR DIST. LTD.,18.59,18.59,17.49,17.94,18.0,17578
2026-09-16,RVHL,RAVINDER HEIGHTS LIMITED,39.35,39.55,38.2,39.43,39.16,2490
2026-09-16,RELTD,RAVINDRA ENERGY LIMITED,148.2,150.99,143.41,147.96,148.9,58078
2026-09-16,RAYMONDLSL,RAYMOND LIFESTYLE LIMITED,674.9,682.75,660.5,667.75,672.65,162589
2026-09-16,RAYMOND,RAYMOND LTD,1000.0,1058.0,937.3,993.9,995.95,12662239
2026-09-16,RAYMONDREL,RAYMOND REALTY LIMITED,583.0,593.85,561.1,565.35,584.0,510026
2026-09-16,RBLBANK,RBL BANK LIMITED,404.8,406.7,395.95,404.0,403.6,2607366
2026-09-16,RRECL,RDB REAL ESTATE CONS L,124.0,136.0,124.0,135.57,123.7,707
2026-09-16,RECLTD,REC LIMITED,308.7,315.5,308.7,312.65,308.5,4651938
2026-09-16,REDINGTON,REDINGTON LIMITED,378.95,389.9,371.2,388.15,378.95,5640367
2026-09-16,REDTAPE,REDTAPE LIMITED,123.0,126.38,115.92,117.34,120.87,2138900
2026-09-16,REFEX,REFEX INDUSTRIES LIMITED,265.55,269.95,258.1,260.9,265.85,260006
2026-09-16,REGAAL,REGAAL RESOURCES LIMITED,79.96,81.01,77.71,80.59,79.72,120947
2026-09-16,REGENCERAM,REGENCY CERAMICS LTD.,34.0,34.9,32.0,33.1,34.0,2640
2026-09-16,RELAXO,RELAXO FOOT LTD.,318.0,318.45,309.15,311.4,317.15,255746
2026-09-16,GILT5YBEES,RELCAPAMC - NETFGILT5Y,66.7,66.7,65.58,65.74,65.72,141028
2026-09-16,RELIABLE,RELIABLE DATA SERVICE LTD,136.4,137.45,133.61,136.05,134.92,57475
2026-09-16,RELCHEMQ,RELIANCE CHEMOTEX IND LTD,123.71,129.4,115.27,116.66,120.7,42380
2026-09-16,RIIL,RELIANCE INDUSTRIAL INFRA,701.0,708.95,681.0,693.65,697.25,38754
2026-09-16,RELIANCE,RELIANCE INDUSTRIES LTD,1243.0,1255.0,1240.0,1240.0,1235.3,10023997
2026-09-16,RPOWER,RELIANCE POWER LTD.,21.03,21.18,20.51,20.78,21.03,18909477
2026-09-16,IVZBANKNF,RELIGARAMC - IVZBANKNF,55.54,56.14,55.54,56.07,55.71,11194
2026-09-16,IVZSENSEX,RELIGARAMC - IVZSENSEX,75.38,75.38,73.73,74.55,74.5,7635
2026-09-16,RELIGARE,RELIGARE ENTER. LTD.,246.21,250.39,243.4,247.65,247.55,443966
2026-09-16,REMSONSIND,REMSONS INDUSTRIES LTD,92.13,94.53,88.48,92.34,92.13,72102
2026-09-16,RGL,RENAISSANCE GLOBAL LTD,149.29,153.79,146.4,149.5,151.77,585544
2026-09-16,REPCOHOME,REPCO HOME FINANCE LTD,348.5,351.95,340.65,346.7,348.75,69215
2026-09-16,REPRO,REPRO INDIA LIMITED,290.05,306.6,288.1,297.95,296.4,20159
2026-09-16,RESPONIND,RESPONSIVE INDUSTRIES LTD,162.54,164.0,158.06,161.57,160.82,394977
2026-09-16,RBA,RESTAURANT BRAND ASIA LTD,95.23,96.58,93.1,95.83,95.23,2492691
2026-09-16,RVTH,REVATHI EQUIPMENT INDIA L,680.5,680.5,651.0,663.0,680.5,854
2026-09-16,RHETAN,RHETAN TMT LIMITED,21.67,21.67,21.67,21.67,22.81,118798
2026-09-16,RHIM,RHI MAGNESITA INDIA LTD,361.7,366.7,360.5,363.6,361.6,123204
2026-09-16,RICOAUTO,RICO AUTO INDUSTRIES LTD,129.45,129.45,123.62,125.86,128.58,903568
2026-09-16,RIR,RIR POWER ELECTRONICS L,172.0,184.0,164.11,179.77,171.5,1024742
2026-09-16,RISHABH,RISHABH INSTRUMENTS LTD,780.0,786.55,726.5,758.55,779.5,371434
2026-09-16,RITCO,RITCO LOGISTICS LIMITED,292.35,299.5,280.1,294.75,291.35,80345
2026-09-16,RITES,RITES LIMITED,206.53,207.9,202.92,204.92,206.53,282038
2026-09-16,RKEC,RKEC PROJECTS LIMITED,19.25,19.94,18.45,19.01,19.43,42803
2026-09-16,RMC,RMC SWITCHGEARS LIMITED,202.0,208.32,194.1,206.41,201.09,40032
2026-09-16,RHL,ROBUST HOTELS LIMITED,170.0,177.95,170.0,173.24,175.23,807
2026-09-16,ROLEXRINGS,ROLEX RINGS LIMITED,166.43,169.7,160.74,168.53,166.47,952108
2026-09-16,ROSSARI,ROSSARI BIOTECH LIMITED,435.4,441.45,428.3,437.8,435.4,57741
2026-09-16,ROSSELLIND,ROSSELL INDIA LIMITED,56.0,57.44,54.65,55.35,56.65,18235
2026-09-16,ROSSTECH,ROSSELL TECHSYS LIMITED,1270.0,1420.0,1219.5,1349.9,1265.4,3386100
2026-09-16,ROTO,ROTO PUMPS LIMITED,63.32,63.32,60.15,62.13,63.01,267153
2026-09-16,ROUTE,ROUTE MOBILE LIMITED,484.9,488.1,471.3,480.7,481.9,283400
2026-09-16,ROHLTD,ROYAL ORCHID HOTELS LTD,300.1,300.35,292.0,296.1,298.5,12894
2026-09-16,RPGLIFE,RPG LIFE SCIENCES LTD,2691.1,2760.0,2630.5,2739.1,2718.8,14164
2026-09-16,RPSGVENT,RPSG VENTURES LIMITED,824.05,840.05,820.0,823.7,829.35,13165
2026-09-16,RUBFILA,RUBFILA INTERNATIONAL LTD,64.64,67.0,62.25,65.04,63.56,70501
2026-09-16,RUBICON,RUBICON RESEARCH LIMITED,1802.0,1812.3,1712.1,1766.7,1815.6,415964
2026-09-16,RUCHINFRA,RUCHI INFRASTRUCTURE LTD,5.51,5.51,5.16,5.22,5.41,73373
2026-09-16,RUCHIRA,RUCHIRA PAPERS LIMITED,105.5,108.38,105.5,107.28,105.44,23506
2026-09-16,RUDRA,RUDRA GLOBAL INFRA PROD L,20.79,20.79,19.85,20.08,20.16,59486
2026-09-16,RUPA,RUPA & COMPANY LTD,134.0,134.01,130.0,132.08,133.49,117220
2026-09-16,RUSHIL,RUSHIL DECOR LIMITED,15.59,15.85,15.06,15.33,15.59,380720
2026-09-16,SCHAND,S CHAND AND COMPANY LTD,133.07,134.66,127.73,133.28,133.74,41303
2026-09-16,SHK,S H KELKAR AND CO. LTD.,135.05,135.95,131.0,133.42,135.89,600690
2026-09-16,SVGLOBAL,S V GLOBAL MILL LTD.,130.2,137.0,124.26,134.03,131.84,582
2026-09-16,S&SPOWER,S&S POWER SWITCHGEARS LTD,344.9,344.9,316.25,321.35,332.85,2830
2026-09-16,SPAL,S. P. APPARELS LIMITED,980.0,986.9,939.4,974.9,973.8,65492
2026-09-16,SALSTEEL,S.A.L. STEEL LTD.,70.15,74.62,67.6,74.62,71.07,575115
2026-09-16,SAATVIKGL,SAATVIK GREEN ENERGY LTD,428.5,428.5,404.0,413.25,389.55,1244363
2026-09-16,SADBHAV,SADBHAV ENGINEERING LTD,7.79,7.79,7.45,7.6,7.67,137386
2026-09-16,SADBHIN,SADBHAV INFRA PROJ LTD.,2.42,2.59,2.42,2.55,2.47,162598
2026-09-16,SAFARI,SAFARI IND (INDIA) LTD,1526.2,1535.0,1495.0,1520.5,1532.1,31277
2026-09-16,SAGCEM,SAGAR CEMENTS LIMITED,146.8,148.74,141.52,147.99,146.8,59078
2026-09-16,SAGARDEEP,SAGARDEEP ALLOYS LIMITED,23.66,24.14,23.2,23.81,23.65,1209
2026-09-16,SAGILITY,SAGILITY LIMITED,45.93,46.2,44.75,45.02,45.6,11752528
2026-09-16,SAHYADRI,SAHYADRI INDUSTRIES LTD,366.25,376.7,355.0,361.3,363.15,8746
2026-09-16,SAICAPI,SAI CAPITAL LTD.,167.0,167.0,152.05,158.84,154.5,832
2026-09-16,SAILIFE,SAI LIFE SCIENCES LIMITED,1539.8,1557.8,1494.4,1539.1,1541.5,801004
2026-09-16,SAIPARENT,SAI PARENTERALS LIMITED,511.3,519.0,491.25,516.45,506.35,101958
2026-09-16,KALAMANDIR,SAI SILKS (KALAMANDIR) L,78.99,79.86,76.7,77.78,78.97,467817
2026-09-16,SEKURITIND,SAINT GOBAIN SEKUR IND L,108.0,108.9,106.0,107.25,106.86,17097
2026-09-16,SAKAR,SAKAR HEALTHCARE LIMITED,1137.0,1143.9,1042.7,1105.4,1137.55,164430
2026-09-16,SAKSOFT,SAKSOFT LIMITED,142.29,143.21,137.62,141.18,142.25,225685
2026-09-16,SAKHTISUG,SAKTHI SUGARS LTD,19.38,19.38,18.31,18.53,18.95,116936
2026-09-16,SAKUMA,SAKUMA EXPORTS LIMITED,1.58,1.59,1.54,1.56,1.56,511864
2026-09-16,SALASAR,SALASAR TECHNO ENGG. LTD.,4.78,4.97,4.72,4.93,4.81,5331409
2026-09-16,SALONA,SALONA COTSPIN LTD.,255.9,264.9,250.1,264.0,257.15,1163
2026-09-16,SALZERELEC,SALZER ELECTRONICS LTD,532.55,573.95,520.0,557.85,531.45,196809
2026-09-16,SAMBANDAM,SAMBANDAM SPINNING MILL L,109.42,109.42,106.25,106.27,111.65,400
2026-09-16,SAMBHAAV,SAMBHAAV MEDIA LTD,5.85,5.98,5.63,5.89,5.67,13015
2026-09-16,SAMBHV,SAMBHV STEEL TUBES LTD,129.55,130.27,123.75,128.4,128.96,2221545
2026-09-16,SAMHI,SAMHI HOTELS LIMITED,152.05,164.0,149.0,160.27,152.73,4543499
2026-09-16,SAMMAANCAP,SAMMAAN CAPITAL LIMITED,142.1,143.28,139.96,142.19,141.96,4885236
2026-09-16,SAMPANN,SAMPANN UTPADAN INDIA LTD,24.37,24.65,23.7,24.28,23.91,7222
2026-09-16,MOTHERSON,SAMVRDHNA MTHRSN INTL LTD,157.19,160.4,156.4,158.27,158.15,8769455
2026-09-16,SANATHAN,SANATHAN TEXTILES LIMITED,460.0,461.35,443.05,454.05,461.4,95303
2026-09-16,SANDESH,SANDESH LTD,1010.0,1051.0,997.0,1032.3,1018.8,1115
2026-09-16,SANDHAR,SANDHAR TECHNOLOGIES LTD,616.35,616.35,577.0,583.25,610.35,313788
2026-09-16,SANDUMA,SANDUR MANG & IRON ORES L,182.34,183.49,178.2,180.6,181.98,619561
2026-09-16,SANGAMIND,SANGAM (INDIA) LTD,559.3,575.55,557.8,566.55,565.65,9376
2026-09-16,SANGHVIMOV,SANGHVI MOVERS LTD,403.7,411.0,395.3,408.25,401.5,277691
2026-09-16,SANOFICONR,SANOFI CONS HEALTHC IND L,4012.1,4039.3,3971.0,3990.4,4055.3,1967
2026-09-16,SANOFI,SANOFI INDIA LIMITED,3131.0,3149.0,3081.0,3111.2,3131.0,18139
2026-09-16,SANSERA,SANSERA ENGINEERING LTD,3870.4,3981.9,3800.0,3971.2,3871.7,229404
2026-09-16,SANSTAR,SANSTAR LIMITED,111.5,114.77,107.21,112.81,110.76,194156
2026-09-16,SAPPHIRE,SAPPHIRE FOODS INDIA LTD,223.0,226.0,219.92,223.32,222.37,241465
2026-09-16,ZSARACOM,SARASWATI COMM (INDIA) L,10370.0,10495.0,9801.0,10494.0,10337.0,56
2026-09-16,SSDL,SARASWATI SAREE DEPOT LTD,60.22,62.0,59.2,59.7,60.22,11507
2026-09-16,SARDAEN,SARDA ENERGY & MIN LTD,501.0,503.0,491.6,497.35,501.35,279078
2026-09-16,SAREGAMA,SAREGAMA INDIA LIMITED,485.5,498.0,475.2,486.55,485.5,380888
2026-09-16,SARLAPOLY,SARLA PERF. FIBERS LTD,96.8,98.75,93.5,95.22,96.7,78562
2026-09-16,SMLT,SARTHAK METALS LIMITED,63.7,63.7,58.25,59.88,62.18,16782
2026-09-16,SARVESHWAR,SARVESHWAR FOODS LIMITED,3.79,3.87,3.67,3.79,3.85,1724587
2026-09-16,SASKEN,SASKEN TECHNOLOGIES LTD,1701.6,1736.8,1650.1,1681.5,1722.2,27960
2026-09-16,SATIA,SATIA INDUSTRIES LIMITED,66.17,68.5,65.33,68.11,66.51,101252
2026-09-16,SATIN,SATIN CREDIT NET LTD,214.75,219.4,210.0,217.88,214.88,208980
2026-09-16,SAURASHCEM,SAURASHTRA CEMENT LIMITED,52.8,55.88,51.8,52.33,53.03,122216
2026-09-16,SOTL,SAVITA OIL TECHNOLO. LTD,689.0,702.45,670.0,694.4,688.3,213789
2026-09-16,SAYAJIHOTL,SAYAJI HOTELS LTD.,326.0,329.25,315.1,319.1,322.7,104
2026-09-16,SAYAJIIND,SAYAJI INDUSTRIES LTD.,109.51,113.0,109.0,113.0,113.51,1049
2026-09-16,SBC,SBC EXPORTS LIMITED,47.7,48.0,45.75,47.63,47.73,9128975
2026-09-16,SBFC,SBFC FINANCE LIMITED,94.44,95.24,92.43,93.66,94.43,611434
2026-09-16,SBICARD,SBI CARDS & PAY SER LTD,619.75,629.3,612.6,618.1,618.6,1306832
2026-09-16,SBIFUNDS,SBI FUNDS MANAGEMENT LTD,537.0,537.5,525.3,530.1,536.5,941906
2026-09-16,SBILIFE,SBI LIFE INSURANCE CO LTD,1656.4,1705.0,1656.4,1697.9,1654.1,835034
2026-09-16,SETFGOLD,SBI-ETF GOLD,128.51,128.98,128.29,128.88,127.57,3186743
2026-09-16,SETFNIF50,SBI-ETF NIFTY 50,251.88,252.0,248.6,250.64,250.09,674626
2026-09-16,SETFNIFBK,SBI-ETF NIFTY BANK,570.35,579.48,570.35,577.41,575.11,12979
2026-09-16,SETFNN50,SBI-ETF NIFTY NEXT 50,759.57,760.05,748.3,758.2,756.99,39694
2026-09-16,LIQUIDSBI,SBIAMC - LIQUIDSBI,999.99,1000.0,999.99,1000.0,999.99,1823
2026-09-16,SBIBPB,SBIAMC - SBIBPB,47.71,48.94,47.53,48.27,47.72,57633
2026-09-16,SBIETFCON,SBIAMC - SBIETFCON,118.47,118.47,116.77,117.78,116.86,5383
2026-09-16,SBIETFIT,SBIAMC - SBIETFIT,328.71,329.4,322.0,322.23,328.26,2435
2026-09-16,SBIETFPB,SBIAMC - SBIETFPB,282.29,282.29,277.09,279.3,277.5,9739
2026-09-16,SBIETFQLTY,SBIAMC - SBIETFQLTY,214.05,214.46,211.88,213.75,214.04,1690
2026-09-16,SBILIQETF,SBIAMC - SBILIQETF,1056.09,1056.09,1056.07,1056.07,1055.95,247158
2026-09-16,SBIMIDMOM,SBIAMC - SBIMIDMOM,61.8,63.67,60.93,62.01,61.85,7808
2026-09-16,SBINEQWETF,SBIAMC - SBINEQWETF,32.33,32.47,32.02,32.21,32.24,74112
2026-09-16,SBINMID150,SBIAMC - SBINMID150,22.46,22.58,22.21,22.48,22.35,15025
2026-09-16,SBISILVER,SBIAMC - SBISILVER,223.19,224.75,223.19,224.07,220.12,859266
2026-09-16,SBISMLETF,SBIAMC - SBISMLETF,18.15,18.29,17.55,17.9,17.98,58946
2026-09-16,SBIVALETF,SBIAMC - SBIVALETF,14.28,14.45,14.21,14.35,14.28,12811
2026-09-16,SETF10GILT,SBIAMC - SETF10GILT,263.0,263.0,261.09,262.49,263.75,6229
2026-09-16,SCHAEFFLER,SCHAEFFLER INDIA LIMITED,3916.4,3955.5,3818.1,3898.9,3916.4,33996
2026-09-16,SCHNEIDER,SCHNEIDER ELECTRIC INFRA,1193.1,1215.0,1169.1,1198.6,1193.1,304100
2026-09-16,SCODATUBES,SCODA TUBES LIMITED,126.24,126.24,118.6,124.34,126.23,232154
2026-09-16,SEAMECLTD,SEAMEC LIMITED,1736.0,1736.0,1660.0,1701.6,1736.9,84964
2026-09-16,SECMARK,SECMARK CONSULTANCY LTD,134.0,160.25,133.9,143.74,142.98,9748
2026-09-16,SECURKLOUD,SECUREKLOUD TECH LIMITED,16.89,17.5,16.2,17.06,16.78,57998
2026-09-16,SEDEMAC,SEDEMAC MECHATRONICS LTD,2963.8,3151.9,2896.9,3122.4,2950.7,279820
2026-09-16,SEJALLTD,SEJAL GLASS LIMITED,625.5,649.25,587.45,649.25,618.35,112760
2026-09-16,SEMAC,SEMAC CONSTRUCTION LTD,272.0,272.0,261.05,269.0,269.0,202
2026-09-16,SENCO,SENCO GOLD LIMITED,337.9,337.95,325.65,332.25,336.4,473765
2026-09-16,SENORES,SENORES PHARMACEUTICALS L,1424.2,1425.0,1355.6,1376.9,1416.1,222954
2026-09-16,SEPC,SEPC LIMITED,5.1,5.19,5.0,5.11,5.12,6615229
2026-09-16,SERVOTECH,SERVOTECH REN POW SYS LTD,72.68,75.8,71.0,73.24,72.86,897042
2026-09-16,STYL,SESHAASAI TECHNOLOGIES L,361.25,364.0,345.0,361.2,360.2,106890
2026-09-16,SESHAPAPER,SESHASAYEE PAPER & BOARDS,243.4,248.08,239.12,246.72,242.8,35200
2026-09-16,SGFIN,SG FINSERVE LIMITED,629.0,636.0,600.0,618.2,629.75,226905
2026-09-16,SGMART,SG MART LIMITED,716.0,739.95,678.1,697.65,722.1,699054
2026-09-16,SGLRES,SGL RESOURCES LIMITED,2.4,2.46,2.33,2.44,2.35,14193
2026-09-16,SHADOWFAX,SHADOWFAX TECHNOLOGIES L,242.45,247.5,236.0,243.75,241.15,2089926
2026-09-16,SHAH,SHAH METACORP LIMITED,3.39,3.4,3.31,3.34,3.35,822276
2026-09-16,SHAILY,SHAILY ENG PLASTICS LTD,3180.0,3180.0,3040.0,3097.3,3181.8,129716
2026-09-16,SHAKTIPUMP,SHAKTI PUMPS (I) LTD,472.15,474.2,455.0,463.9,474.2,711934
2026-09-16,SHALBY,SHALBY LIMITED,137.21,138.54,131.81,135.74,137.21,244848
2026-09-16,SAHLIBHFI,SHALIBHADRA FINANCE LTD,79.9,79.9,75.0,78.94,77.91,18065
2026-09-16,SRD,SHANKAR LAL RAMPAL LTD,39.59,40.19,38.73,40.09,39.3,45265
2026-09-16,SHANKARA,SHANKARA BLDG PRODUCT LTD,147.51,149.82,147.51,149.24,149.83,42998
2026-09-16,BUILDPRO,SHANKARA BUILDPRO LIMITED,1289.9,1309.4,1252.7,1271.0,1283.0,43132
2026-09-16,SHANKESH,SHANKESH JEWELLERS LTD,95.96,95.99,87.31,89.55,94.35,5412485
2026-09-16,SHANTIGEAR,SHANTHI GEARS LTD,660.4,713.0,645.3,691.6,679.25,212317
2026-09-16,SEIL,SHANTI EDU INITIATIVES L,187.24,193.43,178.4,189.33,190.09,377063
2026-09-16,SHANTIGOLD,SHANTI GOLD INTERNATION L,247.9,253.99,238.82,243.95,247.89,1104713
2026-09-16,SHANTI,SHANTI OVERSEAS INDIA LTD,6.17,6.3,5.9,6.06,6.1,17273
2026-09-16,SHINDL,SHARAT INDUSTRIES LTD.,160.12,164.39,160.0,163.05,161.48,128760
2026-09-16,SHARDACROP,SHARDA CROPCHEM LTD.,754.4,758.75,740.05,745.5,753.4,127529
2026-09-16,SHARDAMOTR,SHARDA MOTOR INDS LTD,933.15,938.9,902.15,930.55,933.15,82323
2026-09-16,SHAREINDIA,SHARE IND. SECURITIES LTD,197.8,199.8,188.05,196.05,197.2,1855814
2026-09-16,SFL,SHEELA FOAM LIMITED,662.0,675.7,659.0,663.05,668.25,158561
2026-09-16,SHERVANI,SHERVANI INDUSTRIAL SYN L,350.1,350.1,332.0,332.0,349.5,33
2026-09-16,SHILCTECH,SHILCHAR TECHNOLOGIES LTD,4119.8,4150.0,3964.7,4016.5,4078.3,12222
2026-09-16,SHILGRAVQ,SHILP GRAVURES LTD.,163.25,163.25,153.05,154.88,159.62,811
2026-09-16,SHILPAMED,SHILPA MEDICARE LTD,909.9,945.0,874.85,928.05,911.9,1187365
2026-09-16,SCILAL,SHIPPING CORP OF ILA LTD,37.88,37.99,36.8,37.91,37.34,180889
2026-09-16,SCI,SHIPPING CORP OF INDIA LT,269.05,274.0,262.8,266.9,269.05,1491512
2026-09-16,SHIPROCKET,SHIPROCKET LIMITED,126.95,128.33,120.31,123.66,127.82,9635180
2026-09-16,SHIVAUM,SHIV AUM STEELS LIMITED,475.8,475.8,469.0,469.0,470.0,1900
2026-09-16,SHIVACEM,SHIVA CEMENT LTD.,15.61,16.02,15.3,15.5,15.89,89358
2026-09-16,SHIVAAGRO,SHIVA GLOBAL AGRO INDS. L,37.72,41.0,36.5,39.89,37.9,1518
2026-09-16,SHIVAMILLS,SHIVA MILLS LIMITED,61.9,61.9,58.21,59.86,61.12,379
2026-09-16,SHIVATEX,SHIVA TEXYARN LIMITED,178.15,182.0,171.29,177.7,180.5,17665
2026-09-16,SBCL,SHIVALIK BIMETAL CON. LTD,1020.0,1070.9,957.1,1057.0,1020.2,529492
2026-09-16,SHIVALIK,SHIVALIK RASAYAN LIMITED,355.7,406.55,341.85,389.15,353.9,289347
2026-09-16,SHIVAMAUTO,SHIVAM AUTO.LTD,16.54,16.9,16.1,16.33,16.54,28408
2026-09-16,SHOPERSTOP,SHOPPERS STOP LIMITED,398.35,400.9,381.15,395.3,398.5,70172
2026-09-16,SHRADDHA,SHRADDHA PRIME PROJECTS L,156.5,156.5,144.53,152.97,151.89,3646
2026-09-16,SHRADHA,SHRADHA REALTY LIMITED,33.88,34.9,30.51,31.49,29.97,107995
2026-09-16,SHREEPUSHK,SHRE PUSH CHEM & FERT LTD,501.45,514.85,482.0,506.95,501.45,123748
2026-09-16,SAPPL,SHREE AJIT PULP & PAPER L,299.75,299.75,271.05,274.65,287.6,575
2026-09-16,SHREECEM,SHREE CEMENT LIMITED,21970.0,22235.0,21665.0,21795.0,21905.0,21233
2026-09-16,SHREDIGCEM,SHREE DIGVIJAY CEM CO LTD,66.0,67.5,65.0,66.19,65.87,85455
2026-09-16,SGRL,SHREE GANESH REMEDIES LTD,663.8,665.95,630.0,648.65,657.6,14381
2026-09-16,SRTL,SHREE RAM TWISTEX LIMITED,37.51,37.8,36.56,36.86,37.55,15004
2026-09-16,SHREERAMA,SHREE RAMA MULTI TECH LTD,44.97,44.97,43.5,43.98,44.23,53787
2026-09-16,RAMANEWS,SHREE RAMA NEWSPRINT LTD,31.57,31.57,30.0,30.16,30.94,13260
2026-09-16,RENUKA,SHREE RENUKA SUGARS LTD,23.54,23.54,22.4,23.01,23.49,12297730
2026-09-16,BALAJEE,SHREE TIRUPATI BALAJEE L,24.52,25.4,24.24,24.43,24.96,24774
2026-09-16,SVLL,SHREE VASU LOGISTICS LTD,800.4,821.0,799.3,804.2,790.4,1647
2026-09-16,SHREEJISPG,SHREEJI SHIPPING GLOBAL L,682.0,694.35,655.75,690.2,684.0,809303
2026-09-16,OSWALSEEDS,SHREEOSWAL S AND CHE LTD,16.48,16.5,14.51,14.6,15.83,531007
2026-09-16,SHREYANIND,SHREYANS INDUSTRIES LTD,126.17,128.0,124.0,127.48,126.17,2846
2026-09-16,SHBAJRG,SHRI BAJRANG ALLIANCE L,156.0,156.0,147.98,151.35,153.96,1514
2026-09-16,SHRJAGP,SHRI JAGDAMBA POLYMERS L,655.0,655.0,636.0,637.15,641.45,298
2026-09-16,SHRIKRISH,SHRI KRISHNA DEVCON LTD.,34.23,34.23,33.85,34.0,34.22,23
2026-09-16,VASUPRADA,SHRI VASUPRADA PLANTATI L,102.0,102.0,102.0,102.0,103.0,4
2026-09-16,SHRINGARMS,SHRINGAR HOU OF MANGALS L,212.25,217.0,205.17,209.49,211.05,236182
2026-09-16,LIQUIDSHRI,SHRIRAM - LIQUIDSHRI,1121.58,1121.6,1121.58,1121.58,1121.45,1086
2026-09-16,SHRIRAMFIN,SHRIRAM FINANCE LIMITED,979.0,990.3,972.6,979.0,979.8,7221528
2026-09-16,SHRIRAMPPS,SHRIRAM PROPERTIES LTD,70.02,71.39,69.25,70.57,70.41,363848
2026-09-16,SHUKRAPHAR,SHUKRA PHARMACEUTICALS L,56.25,56.25,52.33,54.6,55.27,2286024
2026-09-16,SHYAMMETL,SHYAM METALICS AND ENGY L,1050.0,1063.3,1019.0,1048.0,1050.5,155947
2026-09-16,SHYAMTEL,SHYAM TELECOM LIMITED,11.19,11.22,10.32,11.2,11.2,2765
2026-09-16,SICAGEN,SICAGEN INDIA LIMITED,55.55,55.55,51.67,52.41,53.98,13515
2026-09-16,ENRIN,SIEMENS ENERGY INDIA LTD,3028.0,3072.0,2968.0,3013.4,3028.7,332338
2026-09-16,SIEMENS,SIEMENS LTD,3764.0,3799.3,3682.4,3742.0,3770.0,132688
2026-09-16,SIGACHI,SIGACHI INDUSTRIES LTD,32.0,32.26,29.81,31.16,31.51,5298985
2026-09-16,SIGMA,SIGMA SOLVE LIMITED,44.0,46.49,41.21,45.6,44.9,306226
2026-09-16,SIGNATURE,SIGNATUREGLOBAL INDIA LTD,754.6,761.3,742.85,752.5,751.15,185649
2026-09-16,SIGNPOST,SIGNPOST INDIA LIMITED,264.65,271.2,255.1,263.55,264.65,64789
2026-09-16,SIKA,SIKA INTERPLANT SYSTEMS L,1026.55,1085.7,993.6,1052.2,1040.05,62044
2026-09-16,SILINV,SIL INVESTMENTS LIMITED,445.0,452.0,436.55,440.1,444.95,1033
2026-09-16,SILGO,SILGO RETAIL LIMITED,68.99,71.57,68.66,71.04,69.08,40113
2026-09-16,SILVERTUC,SILVER TOUCH TECHNO LTD,151.7,157.0,148.85,153.05,149.66,370310
2026-09-16,SIMPLEXINF,SIMPLEX INFRASTRUCTURES L,240.6,250.2,233.05,248.85,242.85,165011
2026-09-16,SIMPLXREA,SIMPLEX REALTY LTD.,126.01,126.01,126.01,126.01,132.27,2
2026-09-16,SINCLAIR,SINCLAIRS HOTELS LIMITED,78.51,79.9,77.1,77.92,78.41,22330
2026-09-16,SINDHUTRAD,SINDHU TRADE LINKS LTD,23.53,23.97,22.8,23.35,23.53,608340
2026-09-16,SINGERIND,SINGER INDIA LIMITED,75.96,78.5,71.42,77.2,74.98,110528
2026-09-16,SINTERCOM,SINTERCOM INDIA LIMITED,75.12,79.0,73.3,75.32,75.05,2902
2026-09-16,SIRCA,SIRCA PAINT INDIA LIMITED,419.0,420.95,399.8,403.25,418.15,225976
2026-09-16,SIS,SIS LIMITED,418.4,426.85,410.65,415.9,414.9,461513
2026-09-16,SIYSIL,SIYARAM SILK MILLS LTD,521.05,529.35,508.35,516.05,520.95,41973
2026-09-16,SJS,SJS ENTERPRISES LIMITED,2312.0,2334.3,2241.7,2297.2,2311.7,97320
2026-09-16,SJVN,SJVN LTD,64.55,64.55,63.2,64.06,64.58,1560643
2026-09-16,SKFINDUS,SKF IND (INDUSTRIAL) LTD,2840.0,2964.9,2802.4,2943.0,2833.8,51270
2026-09-16,SKFINDIA,SKF INDIA LTD,1501.0,1554.8,1488.0,1546.3,1508.5,61886
2026-09-16,SKIPPER,SKIPPER LIMITED,533.0,534.55,513.7,522.65,534.15,661514
2026-09-16,SKMEGGPROD,SKM EGG PROD EXPORT(I) LT,232.95,234.05,224.1,229.6,231.9,247841
2026-09-16,SKYGOLD,SKY GOLD AND DIAMONDS LTD,791.35,824.35,774.8,792.6,789.4,704650
2026-09-16,SKYWAYS,SKYWAYS AIR SERVICES LTD,111.74,114.5,108.54,113.42,111.29,1867585
2026-09-16,SMARTWORKS,SMARTWORKS COWORKING SP L,521.0,525.0,503.3,520.2,518.7,69624
2026-09-16,SMCGLOBAL,SMC GLOBAL SECURITIES LTD,81.93,82.04,78.83,80.57,81.94,959934
2026-09-16,SMLMAH,SML MAHINDRA LIMITED,6200.0,6229.5,5941.5,5971.5,6254.0,83297
2026-09-16,SMSPHARMA,SMS PHARMACEUTICALS LTD.,410.2,413.35,393.25,402.95,410.15,802591
2026-09-16,SNOWMAN,SNOWMAN LOGISTICS LTD.,36.39,36.39,34.15,34.54,35.03,128926
2026-09-16,SOBHA,SOBHA LIMITED,1190.0,1194.7,1173.1,1181.8,1192.7,77935
2026-09-16,SOFTTECH,SOFTTECH ENGINEERS LTD,485.0,485.0,451.25,476.9,474.95,9640
2026-09-16,SOLARINDS,SOLAR INDUSTRIES (I) LTD,19400.0,19460.0,18480.0,18900.0,19250.0,525092
2026-09-16,SOLARA,SOLARA ACTIVE PHA SCI LTD,715.0,730.0,669.0,711.5,715.8,730185
2026-09-16,SOLARWORLD,SOLARWORLD ENERGY SOL LTD,132.0,135.0,128.16,133.76,131.42,273416
2026-09-16,SOLEX,SOLEX ENERGY LIMITED,674.2,675.05,652.05,657.65,668.9,20235
2026-09-16,SDBL,SOM DIST & BREW LTD,67.8,68.0,66.1,67.29,68.13,474100
2026-09-16,SOMATEX,SOMA TEXTILES & INDUST LT,83.25,83.74,79.25,80.58,81.62,3656
2026-09-16,SOMANYCERA,SOMANY CERAMICS LIMITED,542.55,561.9,529.65,555.15,550.8,103578
2026-09-16,SOMICONVEY,SOMI CONVEYOR BELT. LTD.,90.69,97.5,89.01,94.11,91.01,28525
2026-09-16,SONACOMS,SONA BLW PRECISION FRGS L,780.6,794.65,767.0,768.0,790.0,2589871
2026-09-16,SONAL,SONAL MERCANTILE LTD.,86.05,87.0,86.05,86.11,90.5,145
2026-09-16,SONATSOFTW,SONATA SOFTWARE LTD,287.95,289.0,274.1,276.9,281.3,2111366
2026-09-16,SOUTHWEST,SOUTH WEST PINNACLE LTD,201.0,203.24,193.72,198.58,201.59,286651
2026-09-16,SPCENET,SPACENET ENTERS IND LTD,3.34,3.4,3.23,3.24,3.27,474492
2026-09-16,SPANDANA,SPANDANA SPHOORTY FIN LTD,227.0,229.39,222.35,225.8,226.96,152012
2026-09-16,SPENCERS,SPENCER S RETAIL LIMITED,27.94,28.48,27.01,28.21,27.94,18839
2026-09-16,SPIC,SPIC LTD,67.39,67.63,65.1,66.83,67.38,460572
2026-09-16,SPLIL,SPL INDUSTRIES LIMITED,29.6,30.2,29.01,29.57,28.84,7018
2026-09-16,SPMLINFRA,SPML INFRA LIMITED,169.05,173.0,163.54,172.03,168.47,122560
2026-09-16,SPORTKING,SPORTKING INDIA LIMITED,201.0,203.6,196.22,200.96,201.01,252465
2026-09-16,SHRIPISTON,SPR AUTO TECHNOLOGIES LTD,4243.1,4353.8,4150.0,4309.3,4275.4,62702
2026-09-16,SRHHYPOLTD,SREE RAYALSEEMA HHP LTD.,507.0,512.75,490.2,509.7,497.4,17233
2026-09-16,SRF,SRF LTD,2457.5,2508.5,2444.5,2480.1,2455.2,159810
2026-09-16,SRGHFL,SRG HOUSING FINANCE L,126.4,138.2,126.4,126.4,140.4,350276
2026-09-16,HAVISHA,SRI HAVISHA HOSP & INFR L,1.34,1.39,1.3,1.33,1.31,18072
2026-09-16,SRM,SRM CONTRACTORS LIMITED,421.3,429.2,406.35,419.8,419.9,91640
2026-09-16,SETL,STANDARD ENGNG TCNLGY LTD,422.55,422.55,422.55,422.55,444.75,64549
2026-09-16,SIL,STANDARD INDUSTRIES LTD.,17.7,18.0,16.32,16.52,17.6,80915
2026-09-16,STANLEY,STANLEY LIFESTYLES LTD,134.37,136.49,134.37,135.72,135.02,88725
2026-09-16,STARCEMENT,STAR CEMENT LIMITED,184.93,187.89,183.6,187.3,184.93,254340
2026-09-16,STARHEALTH,STAR HEALTH & AL INS CO L,540.8,549.45,531.05,545.7,540.8,589994
2026-09-16,STARPAPER,STAR PAPER MILLS LTD,163.99,169.5,160.0,161.46,160.27,10208
2026-09-16,STARTECK,STARTECK FINANCE LIMITED,240.05,244.0,233.1,236.8,238.9,21
2026-09-16,SBIN,STATE BANK OF INDIA,976.0,991.4,973.2,991.4,968.0,8609956
2026-09-16,SAIL,STEEL AUTHORITY OF INDIA,173.79,174.9,170.5,173.55,173.0,9871840
2026-09-16,STEELCITY,STEEL CITY SECURITIES LTD,87.86,87.86,84.1,85.25,86.12,6573
2026-09-16,STEELXIND,STEEL EXCHANGE INDIA LTD,11.34,11.6,10.9,11.07,11.44,6088018
2026-09-16,STLSTRINF,STEEL STRIPS INFRA L,26.99,27.9,22.9,26.52,25.44,135722
2026-09-16,SSWL,STEEL STRIPS WHEELS LTD.,340.8,354.0,326.0,350.05,339.0,1772756
2026-09-16,STEELCAS,STEELCAST LIMITED,309.0,314.65,292.2,299.25,312.75,290998
2026-09-16,STEL,STEL HOLDINGS LIMITED,597.05,605.0,596.0,602.05,597.9,4630
2026-09-16,SGL,STL GLOBAL LIMITED,10.02,10.02,9.4,9.64,9.82,5093
2026-09-16,STLNETWORK,STL NETWORKS LIMITED,38.45,39.06,35.34,38.97,37.2,15347153
2026-09-16,STOVEKRAFT,STOVE KRAFT LIMITED,797.0,833.0,797.0,828.55,804.7,109498
2026-09-16,STAR,STRIDES PHARMA SCI LTD,1153.4,1192.0,1102.0,1183.9,1150.6,398309
2026-09-16,SWSOLAR,STRLNG & WIL REN ENE LTD,174.35,179.21,173.74,177.94,174.3,977482
2026-09-16,STUDDS,STUDDS ACCESSORIES LTD,411.0,418.0,402.55,404.85,410.7,50715
2026-09-16,STYLAMIND,STYLAM INDUSTRIES LIMITED,3271.2,3299.9,3169.8,3188.1,3281.2,33962
2026-09-16,STYRENIX,STYRENIX PERFORMANCE LTD,2020.0,2091.4,2015.0,2059.7,2034.2,32782
2026-09-16,SUBEXLTD,SUBEX LTD,20.5,20.94,19.3,19.59,20.44,15276187
2026-09-16,SUBROS,SUBROS LIMITED,683.0,690.45,666.2,678.0,682.55,30494
2026-09-16,SUDARSCHEM,SUDARSHAN CHEMICAL INDS L,1175.0,1208.2,1148.1,1198.7,1183.2,166126
2026-09-16,SUDARCOLOR,SUDARSHAN COLORNT IND LTD,376.0,376.0,370.0,370.5,375.1,2703
2026-09-16,SUDEEPPHRM,SUDEEP PHARMA LIMITED,1125.8,1128.8,1085.6,1107.2,1142.7,535162
2026-09-16,SUKHJITS,SUKHJIT STARCH & CHEM LTD,163.5,163.5,158.08,159.22,161.72,44293
2026-09-16,SULA,SULA VINEYARDS LIMITED,135.0,145.61,132.06,136.52,134.14,3167897
2026-09-16,SUMEDHA,SUMEDHA FISCAL SERVICES L,43.4,44.9,41.3,43.15,43.09,4562
2026-09-16,SUMEETINDS,SUMEET IND LIMITED,10.18,10.18,9.73,9.73,10.24,1666510
2026-09-16,SUMIT,SUMIT WOODS LIMITED,51.2,51.2,48.71,50.56,50.61,29732
2026-09-16,SUMICHEM,SUMITOMO CHEM INDIA LTD,454.0,457.3,446.75,454.05,451.95,183439
2026-09-16,SUMMITSEC,SUMMIT SECURITIES LTD,1395.0,1403.1,1370.0,1391.7,1393.6,1752
2026-09-16,SPARC,SUN PHARMA ADV.RES.CO.LTD,188.0,190.81,182.0,185.59,188.0,673294
2026-09-16,SUNPHARMA,SUN PHARMACEUTICAL IND L,1843.6,1857.4,1837.0,1853.5,1835.0,1370607
2026-09-16,SUNTV,SUN TV NETWORK LIMITED,466.5,469.0,460.0,462.45,464.25,302447
2026-09-16,SUNCLAY,SUNDARAM CLAYTON LIMITED,1241.0,1272.5,1198.3,1257.4,1250.2,13674
2026-09-16,SUNDARMFIN,SUNDARAM FINANCE LTD,4695.0,4696.0,4630.1,4672.4,4695.0,51662
2026-09-16,SUNDARAM,SUNDARAM MULTI PAP LTD,1.2,1.2,1.16,1.17,1.18,113701
2026-09-16,SUNDRMFAST,SUNDRAM FASTENERS LTD,1226.0,1235.2,1204.4,1219.9,1237.3,533381
2026-09-16,SUNDROP,SUNDROP BRANDS LIMITED,652.0,664.2,645.5,653.15,653.4,8010
2026-09-16,SUNFLAG,SUNFLAG IRON AND STEEL CO,325.0,347.75,325.0,339.0,331.55,213617
2026-09-16,SUNLOC,SUNIL HEALTHCARE LTD.,76.49,76.49,73.49,73.49,76.49,22
2026-09-16,SUNRAKSHAK,SUNRAKSHAKK INDUS IND L,366.05,374.0,359.85,370.55,362.45,9439
2026-09-16,SUNSHIEL,SUNSHIELD CHEMICALS LTD.,1255.0,1255.0,1205.0,1213.8,1209.3,2087
2026-09-16,SUNSHINE,SUNSHINE PICTURES LIMITED,350.15,367.3,332.35,363.7,333.95,3704081
2026-09-16,SUNTECK,SUNTECK REALTY LIMITED,277.45,283.15,272.0,281.15,276.2,216291
2026-09-16,SUPERHOUSE,SUPERHOUSE LIMITED,176.75,176.75,166.11,167.48,169.83,5235
2026-09-16,SIEL,SUPERIOR INDUSTRIAL ENT L,32.98,32.98,31.5,31.5,31.5,60
2026-09-16,SUPRAJIT,SUPRAJIT ENGINEERING LTD,480.05,504.7,475.5,488.15,480.05,328298
2026-09-16,SUPREME,SUPREME HOLDIN N HOSP I L,33.2,34.45,31.68,32.08,32.98,23688
2026-09-16,SUPREMEIND,SUPREME INDUSTRIES LTD,3300.0,3346.6,3270.0,3300.0,3300.0,84649
2026-09-16,SUPREMEINF,SUPREME INFRA. LTD.,84.5,84.5,79.35,79.66,81.4,29915
2026-09-16,SPLPETRO,SUPREME PETROCHEM LIMITED,789.35,798.0,769.3,792.7,789.35,175117
2026-09-16,SUPRIYA,SUPRIYA LIFESCIENCE LTD,863.75,889.45,845.55,877.85,874.95,191677
2026-09-16,SURAJEST,SURAJ ESTATE DEVELOPERS L,171.0,171.0,166.0,168.69,169.85,45106
2026-09-16,SURAJLTD,SURAJ LIMITED,200.0,202.98,197.01,197.32,195.75,50
2026-09-16,SURAKSHA,SURAKSHA DIAGNOSTIC LTD,323.0,334.0,300.0,326.8,323.05,98905
2026-09-16,SURANASOL,SURANA SOLAR LIMITED,25.27,25.7,24.61,25.01,25.02,16353
2026-09-16,SURANAT&P,SURANA TELECOM AND POW LT,15.81,16.0,15.75,15.86,15.81,29453
2026-09-16,SBGLP,SURATWWALA BUS GROUP LTD,21.11,22.01,20.0,21.49,21.33,39935
2026-09-16,SURYAROSNI,SURYA ROSHNI LTD,209.53,211.99,206.72,209.2,209.8,306174
2026-09-16,SURYALAXMI,SURYALAKSHMI COT MIL LTD,55.19,56.45,54.11,55.89,55.46,2635
2026-09-16,SURYALA,SURYALATA SPINNING MILL L,393.0,401.0,381.5,386.85,401.0,99
2026-09-16,SURYODAY,SURYODAY SMALL FIN BK LTD,146.0,146.0,142.01,143.61,144.81,146412
2026-09-16,SUVEN,SUVEN LIFE SCIENCES LTD,335.0,342.0,324.0,336.45,333.45,521311
2026-09-16,SUVIDHAA,SUVIDHAA INFOSERVE LTD,2.28,2.34,2.05,2.21,2.28,152084
2026-09-16,SUYOG,SUYOG TELEMATICS LIMITED,647.95,668.8,643.05,657.35,643.6,17252
2026-09-16,SUZLON,SUZLON ENERGY LIMITED,42.9,42.9,41.76,42.15,42.9,65021879
2026-09-16,SVPGLOB,SVP GLOBAL TEXTILES LTD,3.49,3.49,3.33,3.41,3.39,25916
2026-09-16,SWANCORP,SWAN CORP LIMITED,289.0,297.75,284.15,292.85,292.6,1192992
2026-09-16,SWARAJENG,SWARAJ ENGINES LTD,3556.0,3569.4,3510.1,3524.8,3569.2,10589
2026-09-16,SWARNSAR,SWARNSARITA JEWELS IND L,39.0,39.75,36.1,37.32,38.74,11771
2026-09-16,SWELECTES,SWELECT ENERGY SYS LTD,554.2,559.4,533.1,543.45,551.4,9475
2026-09-16,SWIGGY,SWIGGY LIMITED,274.4,277.7,269.45,270.5,275.0,9369276
2026-09-16,SYMBIOTEC,SYMBIOTEC PHARMALAB LTD,1085.0,1087.9,1021.55,1042.8,1080.1,766135
2026-09-16,SYMPHONY,SYMPHONY LIMITED,573.7,579.4,562.1,570.1,573.7,57599
2026-09-16,SYNCOMF,SYNCOM FORMU (I) LTD,18.56,18.88,16.61,18.41,18.53,10523823
2026-09-16,SGIL,SYNERGY GREEN IND. LTD,585.0,594.2,565.9,581.5,590.9,5232
2026-09-16,SYNGENE,SYNGENE INTERNATIONAL LTD,376.1,382.4,374.2,380.1,378.85,267759
2026-09-16,SYRMA,SYRMA SGS TECHNOLOGY LTD,1508.9,1522.8,1418.0,1511.2,1507.7,1682259
2026-09-16,TGVSL,T G V SRAAC LTD.,104.2,104.89,101.01,102.37,103.91,119527
2026-09-16,TTL,T T LIMITED,6.58,6.6,6.35,6.43,6.58,45020
2026-09-16,TAALTECH,TAAL TECH LTD.,5148.0,5200.0,4712.1,5121.2,5012.4,14013
2026-09-16,TAINWALCHM,TAINWALA CHEMICAL AND PLA,205.01,210.49,205.0,209.09,205.0,2499
2026-09-16,TAJGVK,TAJ GVK HOTELS & RESORTS,325.05,328.1,318.55,327.4,325.85,50327
2026-09-16,TAKE,TAKE LIMITED,19.41,19.41,17.57,17.67,18.49,1099505
2026-09-16,TALBROAUTO,TALBROS AUTO. COMP. LTD,419.85,429.45,410.05,418.8,421.3,207967
2026-09-16,TMB,TAMILNAD MERCA BANK LTD,870.0,909.7,863.9,904.2,868.35,261381
2026-09-16,TNPL,TAMILNADU NEWSPRT & PAPER,153.1,153.15,148.51,152.09,152.39,219131
2026-09-16,TNPETRO,TAMILNADU PETROPRODUCTS L,125.71,128.9,120.2,127.72,125.71,947867
2026-09-16,TNTELE,TAMILNADU TELECOMMUNICATI,8.86,8.99,8.4,8.72,8.92,5379
2026-09-16,TANAA,TANEJA AEROSPACE & AVIA L,263.6,265.7,259.55,263.2,263.6,5701
2026-09-16,TANLA,TANLA PLATFORMS LIMITED,495.0,503.4,484.0,487.55,490.55,529075
2026-09-16,TARACHAND,TARA CHAND INFRA SOLN LTD,47.99,47.99,46.5,46.73,47.11,33440
2026-09-16,TARAPUR,TARAPUR TRANSFORMERS LTD,12.5,12.74,12.1,12.53,12.26,27522
2026-09-16,TARC,TARC LIMITED,125.05,129.24,124.1,128.81,126.61,437372
2026-09-16,TARMAT,TARMAT LIMITED,57.27,58.71,57.02,57.47,58.29,15351
2026-09-16,TARSONS,TARSONS PRODUCTS LIMITED,303.0,305.8,287.1,302.3,303.15,107349
2026-09-16,TASTYBITE,TASTY BITE EATABLES LTD,9900.0,10163.0,9742.0,9936.0,9927.0,2439
2026-09-16,TATACAP,TATA CAPITAL LIMITED,352.0,355.0,342.1,343.5,353.35,1218761
2026-09-16,TATACHEM,TATA CHEMICALS LTD,715.0,788.0,691.9,731.8,734.9,25483055
2026-09-16,TATACOMM,TATA COMMUNICATIONS LTD,1754.9,1815.9,1740.0,1799.3,1748.2,317034
2026-09-16,TCS,TATA CONSULTANCY SERV LT,2270.0,2273.9,2172.0,2188.8,2251.0,2763709
2026-09-16,TATACONSUM,TATA CONSUMER PRODUCT LTD,990.0,1010.5,988.8,1000.1,986.1,1573391
2026-09-16,TATAELXSI,TATA ELXSI LIMITED,3434.0,3441.9,3355.1,3373.0,3440.0,185990
2026-09-16,TATAINVEST,TATA INVESTMENT CORP LTD,708.0,708.0,666.0,681.95,718.35,4857618
2026-09-16,TMCV,TATA MOTORS LIMITED,425.1,426.4,416.0,424.25,427.15,5085378
2026-09-16,TMPV,TATA MOTORS PASS VEH LTD,304.25,306.0,299.3,301.0,303.6,12264774
2026-09-16,TATAPOWER,TATA POWER CO LTD,363.0,366.1,360.4,360.4,363.0,2900501
2026-09-16,TATASTEEL,TATA STEEL LIMITED,183.65,185.4,180.28,183.0,183.65,29476234
2026-09-16,TATATECH,TATA TECHNOLOGIES LIMITED,763.95,775.85,745.0,748.4,759.3,942325
2026-09-16,TTML,TATA TELESERV(MAHARASTRA),36.15,36.2,34.62,35.22,36.15,1878014
2026-09-16,NETF,TATAAML - NETF,253.6,257.1,245.0,251.74,253.54,1490
2026-09-16,NPBET,TATAAML - NPBET,281.1,282.9,281.1,282.63,278.83,148
2026-09-16,TNIDETF,TATAAML - TNIDETF,89.95,89.95,87.64,87.97,88.19,69596
2026-09-16,TATAGOLD,TATAAML-TATAGOLD,14.61,14.69,14.61,14.68,14.52,32001501
2026-09-16,TATSILV,TATAAML-TATSILV,22.09,22.28,22.09,22.2,21.78,38004670
2026-09-16,TATVA,TATVA CHIN PHARM CHEM LTD,1560.0,1666.6,1520.0,1646.8,1547.3,109010
2026-09-16,TBOTEK,TBO TEK LIMITED,1643.7,1647.7,1600.0,1631.4,1656.1,84932
2026-09-16,TCC,TCC CONCEPT LIMITED,53.7,54.74,50.15,52.26,54.63,1749386
2026-09-16,TCIEXP,TCI EXPRESS LIMITED,494.3,497.3,480.0,489.1,494.3,21265
2026-09-16,TCIFINANCE,TCI FINANCE LTD,14.73,15.49,14.5,14.89,15.02,14981
2026-09-16,TCPLPACK,TCPL PACKAGING LIMITED,3655.0,3890.0,3655.0,3863.0,3692.1,10088
2026-09-16,TDPOWERSYS,TD POWER SYSTEMS LTD.,728.75,729.05,680.0,696.0,725.5,4260675
2026-09-16,TEAMGTY,TEAM INDIA GUARANTY LTD,243.93,243.93,235.01,242.52,235.08,57
2026-09-16,TEAMLEASE,TEAMLEASE SERVICES LTD.,1229.6,1240.0,1213.2,1228.0,1229.6,5297
2026-09-16,TECHM,TECH MAHINDRA LIMITED,1578.2,1589.2,1548.0,1558.0,1575.9,1472713
2026-09-16,TECHNOE,TECHNO ELEC & ENG CO. LTD,955.0,979.9,936.0,971.05,950.6,168316
2026-09-16,TIIL,TECHNOCRAFT IND LTD,3135.0,3167.9,2988.4,3114.2,3128.6,37713
2026-09-16,TECHNOCRAF,TECHNOCRAFT VENTURES LTD,429.0,443.9,422.15,439.4,424.35,1424369
2026-09-16,TECHNVISN,TECHNVISION VENTURES LTD.,4480.5,4480.5,4362.0,4362.0,4591.5,185
2026-09-16,TECILCHEM,TECIL CHEMICALS,9.39,9.89,9.1,9.2,9.27,7584
2026-09-16,TEGA,TEGA INDUSTRIES LIMITED,1674.4,1735.2,1630.4,1717.1,1671.1,225032
2026-09-16,TEJASNET,TEJAS NETWORKS LIMITED,524.75,524.75,495.5,514.8,521.25,2655014
2026-09-16,TEMBO,TEMBO GLOBAL IND LTD,55.1,57.0,54.25,56.48,55.52,967666
2026-09-16,TEMPSENS,TEMPSENS INST (INDIA) LTD,530.0,546.0,521.1,540.55,523.65,2755719
2026-09-16,TENNIND,TENNECO CLEAN AIR INDIA L,513.5,520.0,502.5,512.05,512.9,398376
2026-09-16,TERASOFT,TERA SOFTWARE LIMITED,235.1,244.75,230.0,234.25,238.35,22024
2026-09-16,TERAI,TERAI TEA CO. LTD.,115.95,139.0,104.15,127.16,125.63,463
2026-09-16,TEXINFRA,TEXMACO INFRA & HOLDG LTD,113.85,118.0,111.63,116.25,114.07,173127
2026-09-16,TEXRAIL,TEXMACO RAIL & ENG. LTD.,110.8,111.38,107.21,108.62,110.71,1327822
2026-09-16,TEXMOPIPES,TEXMO PIPE & PRODUCTS LTD,60.96,61.29,55.05,57.45,60.56,315498
2026-09-16,TGBHOTELS,TGB BANQUETS&HOTELS LTD,9.45,9.9,9.1,9.4,9.7,17863
2026-09-16,THACKER,THACKER & CO. LTD.,1000.0,1000.0,952.0,952.0,1000.0,7
2026-09-16,THAKDEV,THAKKERS DEVELOPERS LTD.,128.15,128.15,128.15,128.15,128.15,24
2026-09-16,THANGAMAYL,THANGAMAYIL JEWELLERY LTD,4900.0,4950.0,4783.5,4927.0,4912.0,93434
2026-09-16,ANUP,THE ANUP ENGINEERING LTD,1625.0,1667.4,1582.0,1637.0,1616.1,22345
2026-09-16,GESHIP,THE GE SHPG.LTD,1390.4,1395.0,1358.8,1391.6,1390.4,736615
2026-09-16,GROBTEA,THE GROB TEA COMPANY LTD,959.4,959.4,938.2,938.95,941.7,13
2026-09-16,INDIACEM,THE INDIA CEMENTS LIMITED,336.0,338.7,331.65,334.65,336.0,62151
2026-09-16,INDHOTEL,THE INDIAN HOTELS CO. LTD,716.25,719.55,706.75,713.4,715.0,1037515
2026-09-16,THEINVEST,THE INVEST TRUST OF IND L,97.97,97.97,91.89,95.13,96.18,9717
2026-09-16,NIACL,THE NEW INDIA ASSU CO LTD,186.6,187.1,179.15,184.19,185.41,3069621
2026-09-16,PKTEA,THE P K TEA PROD CO LTD,1020.0,1020.0,922.2,936.95,1024.6,5082
2026-09-16,PHOENIXLTD,THE PHOENIX MILLS LTD,1833.6,1864.1,1820.2,1855.0,1833.6,473466
2026-09-16,RAMCOCEM,THE RAMCO CEMENTS LIMITED,859.55,868.8,849.2,863.15,859.55,270752
2026-09-16,RUBYMILLS,THE RUBY MILLS LTD,427.15,468.65,398.4,462.1,432.4,90742
2026-09-16,SOUTHBANK,THE SOUTH INDIAN BANK LTD,45.22,45.89,44.54,45.19,45.0,9001848
2026-09-16,STCINDIA,THE STATE TRADING CORPN,112.6,112.6,110.1,111.08,111.26,11187
2026-09-16,UGARSUGAR,THE UGAR SUGAR WORKS LTD,53.0,53.88,51.21,53.39,53.22,935629
2026-09-16,WIPL,THE WESTERN INDIA PLY LTD,165.16,168.0,164.09,168.0,168.72,953
2026-09-16,THEJO,THEJO ENGINEERING LIMITED,2175.2,2179.4,2081.0,2156.8,2175.2,4749
2026-09-16,THEMISMED,THEMIS MEDICARE LTD.,120.21,123.48,116.0,119.76,121.57,61249
2026-09-16,THERMAX,THERMAX LTD,3559.4,3582.5,3481.6,3536.8,3559.4,245768
2026-09-16,TIRUMALCHM,THIRUMALAI CHEMICALS LTD,155.0,156.52,152.6,154.19,154.48,283261
2026-09-16,THOMASCOOK,THOMAS COOK (INDIA) LTD,103.84,105.0,100.1,102.01,103.37,653944
2026-09-16,THOMASCOTT,THOMAS SCOTT (INDIA) LTD,230.0,237.0,221.8,233.8,237.9,95963
2026-09-16,THYROCARE,THYROCARE TECH LTD,543.3,549.45,532.75,541.3,544.45,263200
2026-09-16,TIGERLOGS,TIGER LOGISTICS (INDIA) L,27.4,28.38,26.56,26.88,27.4,73876
2026-09-16,TI,TILAKNAGAR INDUSTRIES LTD,508.7,532.4,500.65,526.55,510.75,568346
2026-09-16,TIMETECHNO,TIME TECHNOPLAST LTD.,176.87,177.11,172.05,173.53,176.3,1790244
2026-09-16,TIMEX,TIMEX GROUP INDIA LTD.,600.25,613.5,580.15,605.45,605.65,290955
2026-09-16,TIMKEN,TIMKEN INDIA LTD.,3126.6,3264.4,3091.2,3238.6,3151.2,40328
2026-09-16,TINNARUBR,TINNA RUBBER AND INFR LTD,970.95,1010.95,940.0,1002.5,965.0,59516
2026-09-16,TIPSFILMS,TIPS FILMS LIMITED,320.0,320.0,312.35,315.2,319.4,1619
2026-09-16,TIPSMUSIC,TIPS MUSIC LIMITED,656.1,667.4,645.15,654.55,659.15,215227
2026-09-16,TITAGARH,TITAGARH RAIL SYSTEMS LTD,828.0,830.9,789.45,813.15,811.45,789709
2026-09-16,TITAN,TITAN COMPANY LIMITED,4880.0,4921.5,4845.0,4908.5,4856.0,376036
2026-09-16,TOKYOPLAST,TOKYO PLAST INTL LTD,76.01,77.84,72.22,76.4,76.01,2231
2026-09-16,TOLINS,TOLINS TYRES LIMITED,88.5,88.7,85.15,86.07,88.24,61099
2026-09-16,TORNTPHARM,TORRENT PHARMACEUTICALS L,4850.0,4870.0,4755.5,4812.5,4850.0,647806
2026-09-16,TORNTPOWER,TORRENT POWER LTD,1294.2,1309.3,1267.4,1295.3,1300.9,389154
2026-09-16,TOUCHWOOD,TOUCHWOOD ENTERTAIN LTD.,60.5,62.64,60.16,61.64,60.91,347
2026-09-16,TFCILTD,TOURISM FINANCE CORP. OF,138.61,141.74,132.93,138.81,138.18,11711599
2026-09-16,TOYAMSL,TOYAM SPORTS LTD.,0.7,0.71,0.68,0.71,0.68,3386208
2026-09-16,TPLPLASTEH,TPL PLASTECH LIMITED,64.38,65.99,63.42,64.63,65.27,147167
2026-09-16,TRACXN,TRACXN TECHNOLOGIES LTD,31.31,31.66,30.75,30.96,31.21,87218
2026-09-16,TARIL,TRANS & RECTI. LTD,277.95,279.3,269.55,277.1,277.95,972056
2026-09-16,TRANSCOR,TRANSCORP INTERNATIONAL L,25.0,25.7,24.0,25.1,25.75,2364
2026-09-16,TREL,TRANSINDIA REAL ESTATE L,25.95,27.24,25.15,27.03,25.71,136134
2026-09-16,TCI,TRANSPORT CORPN OF INDIA,841.2,859.95,825.0,827.0,845.4,19650
2026-09-16,TRANSRAILL,TRANSRAIL LIGHTING LTD,404.9,417.0,400.65,406.85,404.9,495771
2026-09-16,TFL,TRANSWARRANTY FIN. LTD.,11.91,12.2,11.91,12.17,11.9,6356
2026-09-16,TRAVELFOOD,TRAVEL FOOD SERVICES LTD,1239.9,1239.9,1190.1,1215.3,1227.4,28959
2026-09-16,TREEHOUSE,TREE HOUSE EDU LTD,6.01,6.28,5.68,5.87,6.01,21285
2026-09-16,TREJHARA,TREJHARA SOLUTIONS LTD,140.0,143.38,133.55,137.1,137.1,10881
2026-09-16,TRENT,TRENT LTD,2735.4,2799.2,2723.9,2769.7,2730.0,620165
2026-09-16,TRF,TRF LIMITED,214.3,223.0,210.2,213.97,213.0,13547
2026-09-16,TBZ,TRIB BHIMJI ZAVERI LTD,525.95,550.65,505.1,547.5,524.45,1564537
2026-09-16,TRIDENT,TRIDENT LIMITED,23.42,23.42,22.8,23.17,23.12,3380565
2026-09-16,TRIGYN,TRIGYN TECHNOLOGIES LTD,52.97,54.49,50.82,53.95,52.58,43446
2026-09-16,TRITONV,TRITON VALVES LTD.,1077.0,1077.0,1020.0,1061.6,1051.5,2116
2026-09-16,TRIVENI,TRIVENI ENGG. & INDS. LTD,248.6,248.9,235.7,239.45,246.45,1811638
2026-09-16,TRITURBINE,TRIVENI TURBINE LIMITED,541.8,548.0,532.1,540.8,546.9,440380
2026-09-16,TRUALT,TRUALT BIOENERGY LIMITED,416.2,427.5,407.0,422.7,411.65,454451
2026-09-16,TRU,TRUCAP FINANCE LIMITED,4.07,4.49,3.92,4.01,4.22,97881
2026-09-16,TSFINV,TSF INVESTMENTS LIMITED,449.5,449.5,429.05,438.5,442.95,67235
2026-09-16,TTKHLTCARE,TTK HEALTHCARE LIMITED,1069.2,1082.9,1059.0,1065.1,1074.6,18487
2026-09-16,TTKPRESTIG,TTK PRESTIGE LTD,537.0,554.25,534.3,541.1,540.0,60787
2026-09-16,TIINDIA,TUBE INVEST OF INDIA LTD,2514.0,2609.0,2482.0,2566.6,2525.0,188014
2026-09-16,TURTLEMINT,TURTLEMINT FINTECH SOLS L,130.2,133.42,125.2,127.74,131.04,380515
2026-09-16,TUTIALKA,TUTICORIN ALKAL CH & FE L,58.51,59.28,55.31,57.19,59.78,9553
2026-09-16,TVTODAY,TV TODAY NETWORK LTD,106.0,106.0,102.48,103.49,105.68,35794
2026-09-16,TVSELECT,TVS ELECTRONICS LTD,400.6,407.85,387.6,401.5,399.4,23955
2026-09-16,TVSHLTD,TVS HOLDINGS LIMITED,12630.0,12970.0,12376.0,12769.0,12488.0,6360
2026-09-16,TVSMOTOR,TVS MOTOR COMPANY  LTD,4033.0,4078.5,4002.0,4033.0,4050.0,439422
2026-09-16,TVSSRICHAK,TVS SRICHAKRA LIMITED,4942.0,4958.5,4627.0,4685.5,4960.5,20198
2026-09-16,TVSSCS,TVS SUPPLY CHAIN SOL L,127.16,127.66,124.11,126.28,127.16,545154
2026-09-16,UPHOT,U P HOTELS LTD.,1550.0,1550.0,1475.0,1475.0,1550.0,28
2026-09-16,UCOBANK,UCO BANK,23.74,24.02,23.58,23.68,23.72,4352333
2026-09-16,UDAYJEW,UDAY JEWELLERY INDS. LTD.,162.35,165.5,157.4,158.53,161.6,12332
2026-09-16,USK,UDAYSHIVAKUMAR INFRA LTD,20.11,20.88,20.11,20.31,20.64,13276
2026-09-16,UFLEX,UFLEX LIMITED,636.1,649.7,608.0,645.45,636.1,235420
2026-09-16,UFO,UFO MOVIEZ INDIA LTD.,60.03,62.98,59.5,61.32,60.66,28591
2026-09-16,UGROCAP,UGRO CAPITAL LIMITED,82.66,85.79,81.27,83.5,83.28,229146
2026-09-16,UEL,UJAAS ENERGY LIMITED,214.0,214.0,204.77,204.77,215.54,18722
2026-09-16,UJJIVANSFB,UJJIVAN SMALL FINANC BANK,63.82,64.98,63.08,64.83,64.07,8507406
2026-09-16,ULTRAMAR,ULTRAMARINE & PIGMENTS L,415.2,429.0,410.7,418.65,416.2,45196
2026-09-16,ULTRACEMCO,ULTRATECH CEMENT LIMITED,10777.0,10880.0,10639.0,10700.0,10697.0,236781
2026-09-16,UMIYA-MRO,UMIYA BUILDCON LIMITED,97.0,101.9,93.7,98.45,95.66,24746
2026-09-16,UNICHEMLAB,UNICHEM LABORATORIES LTD,517.05,530.1,497.8,524.25,519.05,65501
2026-09-16,UNIECOM,UNICOMMERCE ESOLUTIONS L,81.1,82.0,79.65,80.94,82.2,181226
2026-09-16,UNIINFO,UNIINFO TELECOM SERVI LTD,11.38,11.65,10.83,11.46,11.38,145
2026-09-16,UNIMECH,UNIMECH AEROSPACE N MFG L,1530.9,1568.5,1430.1,1515.8,1538.5,459813
2026-09-16,UNIONBANK,UNION BANK OF INDIA,176.54,179.35,175.07,178.2,175.0,9588072
2026-09-16,UNIONGOLD,UNIONAMC - UNIONGOLD,151.0,151.0,146.15,147.9,149.25,4578
2026-09-16,UNIPARTS,UNIPARTS INDIA LIMITED,859.0,867.45,817.25,851.15,865.7,262807
2026-09-16,UNIENTER,UNIPHOS ENTERPRISES LTD,91.99,91.99,88.43,89.05,89.22,2263
2026-09-16,UNITECH,UNITECH LTD,4.21,4.55,4.15,4.46,4.21,14237019
2026-09-16,UBL,UNITED BREWERIES LTD,1244.1,1251.8,1225.2,1227.3,1241.8,73909
2026-09-16,UNIDT,UNITED DRILLING TOOLS LTD,212.16,223.9,202.98,218.77,216.49,35350
2026-09-16,UNITEDTEA,UNITED NILGIRI TEA LTD,434.0,434.0,417.8,431.2,425.65,1123
2026-09-16,UNITEDPOLY,UNITED POLYFAB GUJ. LTD.,44.4,44.4,41.5,43.19,42.75,143829
2026-09-16,UNITDSPR,UNITED SPIRITS LIMITED,1370.0,1398.2,1368.1,1389.5,1370.6,235642
2026-09-16,UNIVCABLES,UNIVERSAL CABLES LTD,1417.9,1450.0,1338.4,1405.2,1417.3,131254
2026-09-16,UNOMINDA,UNO MINDA LIMITED,1164.0,1188.3,1160.0,1186.0,1159.7,367236
2026-09-16,UDS,UPDATER SERVICES LIMITED,197.5,198.77,187.16,190.6,197.04,193396
2026-09-16,UPL,UPL LIMITED,560.9,563.55,550.6,550.6,560.8,3044986
2026-09-16,URBANCO,URBAN COMPANY LIMITED,160.44,166.8,153.3,164.56,158.22,10721087
2026-09-16,URJA,URJA GLOBAL LIMITED,8.81,8.99,8.72,8.77,8.81,593625
2026-09-16,UMESLTD,USHA MARTIN EDU & SOL LTD,4.9,4.9,4.08,4.08,4.53,363161
2026-09-16,USHAMART,USHA MARTIN LTD.,482.0,482.0,464.15,478.85,480.25,1054481
2026-09-16,UTIAMC,UTI ASSET MNGMT CO LTD,909.0,915.95,877.15,895.2,911.1,111844
2026-09-16,LIQUIDBETA,UTIAMC - LIQUIDBETA,1008.16,1008.16,1008.16,1008.16,1008.02,132
2026-09-16,NIF500BETA,UTIAMC - NIF500BETA,36.26,36.38,35.83,35.99,36.31,31278
2026-09-16,BANKBETA,UTIAMC-BANKBETA,57.49,58.53,57.49,58.14,58.08,84054
2026-09-16,GILT10BETA,UTIAMC-GILT10BETA,26.08,26.61,26.0,26.59,26.21,464
2026-09-16,GILT5BETA,UTIAMC-GILT5BETA,66.57,66.99,65.61,66.79,65.66,838
2026-09-16,ITBETA,UTIAMC-ITBETA,312.0,312.0,304.57,305.8,312.0,757
2026-09-16,MIDCAPBETA,UTIAMC-MIDCAPBETA,233.75,233.75,224.0,226.47,231.44,42932
2026-09-16,NEXT50BETA,UTIAMC-NEXT50BETA,76.45,76.72,75.16,76.34,76.45,150745
2026-09-16,NIFTYBETA,UTIAMC-NIFTYBETA,250.94,259.95,250.94,258.24,257.38,32014
2026-09-16,SENSEXBETA,UTIAMC-SENSEXBETA,818.0,827.64,813.89,818.38,824.0,3936
2026-09-16,SILVERBETA,UTIAMC-SILVERBETA,219.26,221.41,219.26,220.69,216.69,428878
2026-09-16,SNXT50BETA,UTIAMC-SNXT50BETA,93.0,93.0,91.0,92.99,93.0,1859
2026-09-16,GOLDBETA,UTIAMC-UTIGOLDBETA,127.35,127.4,126.65,127.15,126.05,386720
2026-09-16,UTKARSHBNK,UTKARSH SMALL FIN BANK L,14.27,14.39,13.76,13.82,14.2,13856543
2026-09-16,UTTAMSUGAR,UTTAM SUGAR MILLS LTD.,257.0,258.35,244.1,250.7,256.65,243694
2026-09-16,VTMLTD,V T M LTD.,40.0,50.5,39.15,48.83,42.17,388226
2026-09-16,VGUARD,V-GUARD IND LTD.,322.25,331.4,316.05,327.15,321.9,442903
2026-09-16,V2RETAIL,V2 RETAIL LIMITED,212.12,212.21,204.71,209.18,212.12,1524680
2026-09-16,WABAG,VA TECH WABAG LTD,2113.8,2114.0,2010.1,2055.8,2103.4,874393
2026-09-16,VADILENT,VADILAL ENTERPRISES LTD.,10400.0,10599.0,10390.0,10599.0,10400.0,10
2026-09-16,VADILALIND,VADILAL INDUSTRIES LTD,7069.5,7189.5,7000.0,7156.0,7035.5,13274
2026-09-16,VAIBHAVGBL,VAIBHAV GLOBAL LIMITED,209.3,211.34,204.05,210.66,209.3,196654
2026-09-16,VAISHALI,VAISHALI PHARMA LIMITED,8.7,9.03,8.42,8.68,9.02,142834
2026-09-16,VAKRANGEE,VAKRANGEE LIMITED,5.27,5.45,5.13,5.25,5.27,1288190
2026-09-16,DBREALTY,VALOR ESTATE LIMITED,97.6,98.28,93.9,95.2,96.96,1376448
2026-09-16,VHL,VARDHMAN HOLDINGS LIMITED,3390.0,3436.4,3358.0,3396.8,3403.0,328
2026-09-16,VARDMNPOLY,VARDHMAN POLYTEX LTD.,5.99,5.99,5.8,5.86,5.83,76615
2026-09-16,VSSL,VARDHMAN SPC STEEL LTD,395.0,410.5,379.15,405.85,389.1,383814
2026-09-16,VTL,VARDHMAN TEXTILES LIMITED,550.5,577.0,543.35,571.75,547.0,547052
2026-09-16,VARROC,VARROC ENGINEERING LTD.,835.5,860.05,807.9,851.15,836.0,438002
2026-09-16,VBL,VARUN BEVERAGES LIMITED,408.9,414.4,407.15,410.4,409.6,3489901
2026-09-16,VGL,VARVEE GLOBAL LIMITED,66.29,71.0,64.0,66.2,66.21,900280
2026-09-16,VASCONEQ,VASCON ENGINEERS LTD,29.0,30.95,28.25,29.57,29.1,259421
2026-09-16,VASWANI,VASWANI IND LTD,45.25,45.9,43.35,44.98,44.67,19948
2026-09-16,MANYAVAR,VEDANT FASHIONS LIMITED,560.0,563.65,543.25,554.7,566.65,245299
2026-09-16,VAML,VEDANTA ALUMINIUM METAL L,406.0,412.95,401.15,409.3,406.0,5420442
2026-09-16,VISL,VEDANTA IRON AND STEEL L,31.68,31.75,30.28,31.16,31.68,15541357
2026-09-16,VEDL,VEDANTA LIMITED,256.0,257.7,252.5,256.0,257.0,5794228
2026-09-16,VOGL,VEDANTA OIL AND GAS LTD,34.87,35.24,33.91,34.98,34.83,17539688
2026-09-16,VEDPOWER,VEDANTA POWER LIMITED,31.5,31.8,30.78,31.0,31.68,13474724
2026-09-16,VEDAVAAG,VEDAVAAG SYSTEMS LTD.,21.97,22.07,19.6,19.77,20.98,62223
2026-09-16,VEEDOL,VEEDOL CORPORATION LTD,1389.9,1389.9,1361.0,1375.3,1382.5,5836
2026-09-16,VENKEYS,VENKY S (INDIA) LIMITED,1720.0,1725.0,1638.7,1670.6,1713.6,89813
2026-09-16,VENTIVE,VENTIVE HOSPITALITY LTD,558.2,572.95,558.2,565.05,563.15,29156
2026-09-16,VENUSPIPES,VENUS PIPES & TUBES LTD,1935.0,1969.4,1860.0,1938.1,1941.6,218549
2026-09-16,VERANDA,VERANDA LEARNING SOL LTD,219.3,219.9,211.2,217.97,218.28,158113
2026-09-16,VERTOZ,VERTOZ LIMITED,37.27,38.65,37.01,37.69,37.49,28774
2026-09-16,VESUVIUS,VESUVIUS INDIA LTD,401.05,403.95,391.6,394.75,400.8,111670
2026-09-16,VSTL,VIBHOR STEEL TUBES LTD,112.1,116.99,110.76,112.75,114.88,6766
2026-09-16,VGCL,VIBRANT GLOBAL CAPITAL L,51.5,51.5,48.93,48.93,51.5,1558
2026-09-16,VIDHIING,VIDHI SPCLTY F INGRDNTS L,318.0,344.7,314.55,337.4,320.65,39645
2026-09-16,VIDYAWIRES,VIDYA WIRES LIMITED,85.02,85.98,82.0,84.93,85.12,1005103
2026-09-16,VIJSOLX,VIJAY SOLVEX LTD.,630.0,640.0,630.0,640.0,640.0,111
2026-09-16,VIJAYA,VIJAYA DIAGNOSTIC CEN LTD,1436.7,1453.9,1380.0,1438.3,1443.7,157498
2026-09-16,VIKASECO,VIKAS ECOTECH LIMITED,1.05,1.06,1.03,1.04,1.05,1728712
2026-09-16,VIKASLIFE,VIKAS LIFECARE LIMITED,1.21,1.22,1.18,1.19,1.21,2174274
2026-09-16,VIKRAMSOLR,VIKRAM SOLAR LIMITED,165.0,166.63,161.0,163.88,163.46,2212887
2026-09-16,VIKRAN,VIKRAN ENGINEERING LTD,55.53,56.35,53.85,56.06,55.54,926679
2026-09-16,VIMTALABS,VIMTA LABS LIMITED,615.05,619.1,580.0,598.45,616.0,286652
2026-09-16,VINATIORGA,VINATI ORGANICS LTD,1260.0,1274.5,1242.8,1253.9,1261.4,38547
2026-09-16,VINDHYATEL,VINDHYA TELELINKS LTD,2620.8,2631.9,2486.7,2586.5,2617.7,71256
2026-09-16,VINEETLAB,VINEET LABORATORIES LTD,35.61,35.99,34.41,35.89,35.61,82550
2026-09-16,VINNY,VINNY OVERSEAS LIMITED,0.97,1.01,0.95,0.98,0.97,238913
2026-09-16,VINCOFE,VINTAGE COFFEE N BVRGS L,166.5,168.48,161.91,167.27,166.54,1939984
2026-09-16,VINYLINDIA,VINYL CHEMICALS (I) LTD.,219.0,220.17,213.28,215.0,218.59,4098
2026-09-16,VIPCLOTHNG,VIP CLOTHING LIMITED,21.0,21.0,20.26,20.5,20.57,14347
2026-09-16,VIPIND,VIP INDUSTRIES LTD,291.05,299.95,286.5,297.65,291.05,263461
2026-09-16,VIRAT,VIRAT INDUSTRIES LTD.,440.7,448.2,385.35,399.45,421.6,6298
2026-09-16,VIRINCHI,VIRINCHI LIMITED,13.77,14.39,13.6,13.95,13.76,67481
2026-09-16,VOEPL,VIRTUOSO OPTOELECTRONIC L,490.6,497.25,471.0,479.6,495.0,76478
2026-09-16,VISACHROME,VISA CHROME LIMITED,33.53,35.2,31.86,31.86,33.53,69916
2026-09-16,VIVIDHA,VISAGAR POLYTEX LTD,0.53,0.54,0.52,0.53,0.52,54437
2026-09-16,VISAKAIND,VISAKA INDUSTRIES LIMITED,88.0,88.66,85.11,87.15,88.47,144251
2026-09-16,VISHAL,VISHAL FABRICS LTD.,17.8,18.9,17.8,18.42,18.35,24153
2026-09-16,VMM,VISHAL MEGA MART LIMITED,100.55,102.1,98.9,100.97,100.1,9534655
2026-09-16,VISHNU,VISHNU CHEMICALS LIMITED,686.0,703.0,666.9,693.9,682.8,112259
2026-09-16,VPRPL,VISHNU PRAKASH R PUNGLI L,31.63,32.84,31.0,31.79,32.26,1042177
2026-09-16,VISHWARAJ,VISHWARAJ SUGAR IND LTD,5.31,5.37,5.21,5.31,5.37,224472
2026-09-16,VITAL,VITAL CHEMTECH LIMITED,53.76,53.96,52.0,52.69,53.76,562
2026-09-16,VIVIANA,VIVIANA POWER TECH LTD,711.0,750.0,687.05,701.2,710.9,32589
2026-09-16,VIVOBIOT,VIVO BIO TECH LTD.,17.3,17.3,16.01,16.83,17.19,7197
2026-09-16,VIYASH,VIYASH SCIENTIFIC LIMITED,246.9,248.65,236.85,238.85,246.9,6370548
2026-09-16,VLEGOV,VL E GOV AND IT SOL LTD,10.7,10.7,10.05,10.21,10.47,60043
2026-09-16,VLSFINANCE,VLS FINANCE LTD,236.85,246.0,233.03,241.88,235.33,7848
2026-09-16,VMART,VMART RETAIL LTD,782.9,792.85,761.0,786.4,789.85,51736
2026-09-16,VMSTMT,VMS TMT LIMITED,47.98,50.9,47.98,50.57,47.46,298770
2026-09-16,IDEA,VODAFONE IDEA LIMITED,14.48,14.49,14.13,14.26,14.45,307898731
2026-09-16,VOITHPAPR,VOITH PAPER FABRICS IND L,1488.5,1488.5,1452.0,1452.1,1465.4,237
2026-09-16,VOLTAMP,VOLTAMP TRANSFORMERS LTD,10600.0,10652.0,10259.0,10513.0,10596.0,28298
2026-09-16,VOLTAS,VOLTAS LTD,1137.0,1153.0,1131.0,1131.0,1137.0,466652
2026-09-16,VRAJ,VRAJ IRON AND STEEL LTD,125.1,125.1,121.2,122.25,125.08,8978
2026-09-16,VRLLOG,VRL LOGISTICS LIMITED,283.7,287.2,280.9,286.05,283.6,182706
2026-09-16,VSTIND,VST INDUSTRIES LTD,203.92,204.2,201.0,202.14,203.4,107670
2026-09-16,VSTTILLERS,VST TILLERS TRACTORS LTD,4030.1,4060.6,3950.0,3996.5,4030.3,7744
2026-09-16,WHBRADY,W H BRADY & CO. LTD.,485.0,485.0,485.0,485.0,477.0,2
2026-09-16,WPIL,W P I L LTD.,425.0,436.0,418.0,431.85,428.55,30844
2026-09-16,WSI,W.S.INDUSTRIES (I) LTD.,60.6,61.45,54.01,56.04,59.92,169308
2026-09-16,WAAREEENER,WAAREE ENERGIES LIMITED,2547.0,2565.4,2491.3,2501.0,2555.0,624441
2026-09-16,WAAREERTL,WAAREE RENEWABLE TECH LTD,810.0,813.2,792.85,801.05,806.55,159892
2026-09-16,WAKEFIT,WAKEFIT INNOVATIONS LTD,148.2,149.0,143.0,145.61,148.61,424569
2026-09-16,WALCHANNAG,WALCHANDNAGAR INDUSTRIES,199.0,199.9,192.36,197.08,200.03,815156
2026-09-16,WANBURY,WANBURY LIMITED,223.85,229.3,219.0,222.6,223.1,160579
2026-09-16,WARDINMOBI,WARDWIZARD INNO & MOB L,5.73,5.77,5.5,5.57,5.62,165552
2026-09-16,WATERBASE,WATERBASE LTD.,45.6,47.75,45.6,47.31,46.71,17196
2026-09-16,CORDELIA,WATERWAYS LEISURE TOUR L,111.0,113.25,106.72,108.19,112.33,2468400
2026-09-16,WEWIN,WE WIN LIMITED,40.63,42.21,40.63,41.87,40.83,507
2026-09-16,TWCGOLDETF,WEALTH - TWCGOLDETF,150.41,150.71,149.83,150.59,147.74,2550
2026-09-16,WEALTH,WEALTH FRST PORT. MG. LTD,825.3,839.1,810.2,837.45,825.3,2584
2026-09-16,WEBELSOLAR,WEBSOL ENERGY SYSTEM LTD,73.0,74.14,71.1,72.11,72.75,1827286
2026-09-16,WEIZMANIND,WEIZMANN LTD,74.0,74.0,70.06,72.53,70.28,2564
2026-09-16,WELCORP,WELSPUN CORP LIMITED,2413.0,2448.7,2240.2,2424.5,2413.3,2931474
2026-09-16,WELENT,WELSPUN ENTERPRISES LTD.,743.0,770.0,725.2,768.0,737.6,590693
2026-09-16,WELSPUNLIV,WELSPUN LIVING LIMITED,201.6,204.69,195.7,202.82,201.63,3113066
2026-09-16,WELSPLSOL,WELSPUN SPECIALTY SOL L,53.49,54.31,50.59,52.1,53.52,988521
2026-09-16,WENDT,WENDT (INDIA) LIMITED,8470.0,8855.0,8349.0,8663.5,8580.0,16389
2026-09-16,WSTCSTPAPR,WEST COAST PAPER MILLS LT,717.8,722.6,679.1,711.0,713.3,293983
2026-09-16,WCIL,WESTERN CARRIERS (IND) L,92.98,93.0,87.92,90.24,91.45,283914
2026-09-16,WESTLIFE,WESTLIFE FOODWORLD LTD,556.1,556.1,540.2,550.45,556.1,40195
2026-09-16,WEWORK,WEWORK INDIA MANAGEMENT L,667.0,682.3,657.3,676.1,673.55,97214
2026-09-16,WHEELS,WHEELS INDIA LTD,2129.1,2198.0,2031.9,2110.5,2129.1,240307
2026-09-16,WHIRLPOOL,WHIRLPOOL OF INDIA LTD,752.1,754.8,729.9,731.75,751.95,364148
2026-09-16,WILLAMAGOR,WILLIAMSON MAGOR,24.92,24.92,23.52,24.59,24.46,152
2026-09-16,WINDLAS,WINDLAS BIOTECH LIMITED,1094.95,1099.95,1050.8,1075.05,1098.15,113547
2026-09-16,WINDMACHIN,WINDSOR MACHINES LIMITED,303.0,303.15,287.55,295.3,300.7,78486
2026-09-16,WIPRO,WIPRO LTD,170.02,170.89,166.11,166.89,170.0,11030339
2026-09-16,WOCKPHARMA,WOCKHARDT LIMITED,2050.0,2075.0,1967.3,2021.5,2064.1,1262973
2026-09-16,WEL,WONDER ELECTRICALS LTD,70.9,71.12,68.11,69.42,69.18,430709
2026-09-16,WONDERLA,WONDERLA HOLIDAYS LTD.,513.35,520.0,504.65,517.6,514.2,54569
2026-09-16,WORTHPERI,WORTH PERIPHERALS LIMITED,148.0,149.35,141.05,148.07,142.83,11083
2026-09-16,XCHANGING,XCHANGING SOLUTIONS LTD,65.78,65.78,62.4,63.08,64.5,91818
2026-09-16,XELPMOC,XELPMOC DESIGN & TECH LTD,75.06,77.3,73.02,73.81,74.59,11202
2026-09-16,XPROINDIA,XPRO INDIA LIMITED,1269.9,1273.0,1220.0,1255.7,1268.2,31096
2026-09-16,XTGLOBAL,XTGLOBAL INFOTECH LIMITED,30.15,30.15,27.91,29.05,29.45,21078
2026-09-16,XTRANET,XTRANET TECHNOLOGIES LTD,279.4,288.0,248.49,283.03,276.09,2262758
2026-09-16,YASHO,YASHO INDUSTRIES LIMITED,3950.0,4074.7,3790.6,4008.5,3883.4,43034
2026-09-16,YATHARTH,YATHARTH HOSP & TRA C S L,988.0,994.9,960.5,982.3,981.8,259279
2026-09-16,YATRA,YATRA ONLINE LIMITED,107.49,108.98,101.67,102.46,107.96,1663021
2026-09-16,YESBANK,YES BANK LIMITED,23.58,24.1,23.26,23.4,23.07,205410106
2026-09-16,YOGI,YOGI LTD.,162.0,162.0,157.0,160.0,158.58,1164
2026-09-16,YUKEN,YUKEN INDIA LIMITED,1077.6,1153.85,1029.35,1134.95,1077.6,66940
2026-09-16,ZFSTEERING,Z F STEERING GEAR (I) LTD,764.6,764.6,721.2,725.8,762.05,6030
2026-09-16,ZAGGLE,ZAGGLE PREPA OCEAN SER L,179.4,180.6,174.6,177.81,179.41,782986
2026-09-16,ZEEL,ZEE ENTERTAINMENT ENT LTD,77.89,83.66,77.38,79.6,77.41,35791324
2026-09-16,ZEELEARN,ZEE LEARN LIMITED,6.74,7.24,6.56,7.05,6.63,294285
2026-09-16,ZEEMEDIA,ZEE MEDIA CORPORATION LTD,7.27,7.49,7.15,7.37,7.27,1396432
2026-09-16,ZENTEC,ZEN TECHNOLOGIES LIMITED,1616.1,1670.0,1585.6,1662.8,1638.9,424705
2026-09-16,ZENITHEXPO,ZENITH EXPORTS LTD,196.35,206.0,195.0,195.0,196.35,38
2026-09-16,ZENITHSTL,ZENITH STEEL PIP IND LTD,5.79,5.79,5.47,5.49,5.71,63088
2026-09-16,ZENSARTECH,ZENSAR TECHNOLOGIES  LTD,446.4,461.4,438.0,450.15,440.2,10541488
2026-09-16,GOLDCASE,ZERODHAAMC - GOLDCASE,23.68,23.82,23.68,23.78,23.51,6622272
2026-09-16,LIQUIDCASE,ZERODHAAMC - LIQUIDCASE,115.95,115.95,115.93,115.93,115.92,21585579
2026-09-16,LTGILTCASE,ZERODHAAMC - LTGILTCASE,30.82,30.82,30.2,30.28,30.22,180779
2026-09-16,MID150CASE,ZERODHAAMC - MID150CASE,11.06,11.35,11.06,11.3,11.29,2486914
2026-09-16,NIFTYCASE,ZERODHAAMC - NIFTYCASE,9.37,9.38,9.3,9.35,9.34,586025
2026-09-16,SILVERCASE,ZERODHAAMC - SILVERCASE,23.05,23.24,23.0,23.16,22.74,9484959
2026-09-16,SML100CASE,ZERODHAAMC - SML100CASE,11.32,11.32,10.81,11.01,11.05,4609641
2026-09-16,TOP100CASE,ZERODHAAMC - TOP100CASE,10.3,10.3,10.13,10.21,10.21,1220250
2026-09-16,ZFCVINDIA,ZF COM VE CTR SYS IND LTD,2511.5,2511.5,2449.5,2461.5,2511.5,26952
2026-09-16,ZIMLAB,ZIM LABORATORIES LIMITED,130.16,138.99,127.81,136.78,133.61,104649
2026-09-16,ZODIACLOTH,ZODIAC CLOTHING CO. LTD.,69.67,69.67,67.21,69.26,69.67,4026
2026-09-16,ZODIAC,ZODIAC ENERGY LIMITED,220.51,226.99,220.0,220.37,221.61,10443
2026-09-16,ZOTA,ZOTA HEALTH CARE LIMITED,1108.4,1119.5,1095.0,1114.1,1113.1,31804
2026-09-16,ZUARI,ZUARI AGRO CHEMICALS LTD,212.98,214.3,204.11,209.3,212.4,73779
2026-09-16,ZUARIIND,ZUARI INDUSTRIES LIMITED,264.1,265.7,246.8,254.85,265.3,157037
2026-09-16,ZYDUSLIFE,ZYDUS LIFESCIENCES LTD,1093.7,1113.3,1086.0,1107.5,1099.0,689380
2026-09-16,ZYDUSWELL,ZYDUS WELLNESS LIMITED,547.25,559.0,535.75,551.8,549.95,164461
