date,symbol,name,open,high,low,close,prev_close,volume
2026-08-12,20MICRONS,20 MICRONS LTD,183.35,188.0,183.01,184.13,185.92,106819
2026-08-12,21STCENMGM,21ST CENTURY MGMT SERVICE,41.47,43.15,41.47,42.36,42.31,34769
2026-08-12,360ONE,360 ONE WAM LIMITED,1160.0,1167.5,1140.0,1161.0,1168.0,997529
2026-08-12,GOLD360,360ONEAMC - GOLD360,149.05,149.5,148.55,149.4,148.8,13283
2026-08-12,MSCI360,360ONEAMC - MSCI360,10.32,10.32,10.17,10.29,10.32,4277
2026-08-12,SILVER360,360ONEAMC - SILVER360,229.15,232.5,228.49,232.06,227.85,61118
2026-08-12,3BBLACKBIO,3B BLACKBIO DX LTD.,1216.8,1270.0,1190.0,1251.1,1208.0,5704
2026-08-12,3IINFOLTD,3I INFOTECH LIMITED,27.8,27.8,26.75,27.47,27.6,960631
2026-08-12,3MINDIA,3M INDIA LIMITED,36300.0,36390.0,35760.0,35935.0,36115.0,2637
2026-08-12,3PLAND,3P LAND HOLDINGS LIMITED,32.2,32.2,31.6,31.99,32.17,3918
2026-08-12,5PAISA,5PAISA CAPITAL LIMITED,377.35,392.0,376.55,387.05,377.35,70773
2026-08-12,63MOONS,63 MOONS TECHNOLOGIES LTD,858.0,880.0,826.0,867.4,858.65,382822
2026-08-12,ABCOTS,A B COTSPIN INDIA LIMITED,201.0,201.0,199.0,199.14,199.68,4577
2026-08-12,ABINFRA,A B INFRABUILD LIMITED,10.89,11.5,10.6,11.1,10.81,15220917
2026-08-12,ABMKNO,A B M KNOWLEDGEWARE LTD.,202.92,202.92,195.0,199.32,197.95,2163
2026-08-12,ACSTECH,A C S TECHNOLOGIES LTD.,51.45,52.4,49.54,50.09,50.45,578863
2026-08-12,AKCAPIT,A K CAPITAL SERVICES LTD.,1778.0,1778.0,1711.0,1728.6,1717.4,1839
2026-08-12,A2ZINFRA,A2Z INFRA ENGINEERING LTD,15.89,16.25,15.03,15.66,15.82,994478
2026-08-12,AAATECH,AAA TECHNOLOGIES LIMITED,97.98,100.95,94.03,94.54,97.98,11862
2026-08-12,AADHARHFC,AADHAR HOUSING FINANCE L,498.2,506.0,496.1,502.0,501.55,240315
2026-08-12,AAKASH,AAKASH EXPLORATION SER L,8.9,9.1,8.88,8.94,9.11,203530
2026-08-12,AARNAV,AARNAV FASHIONS LIMITED,32.0,33.4,31.21,33.15,31.8,97252
2026-08-12,AARON,AARON INDUSTRIES LIMITED,135.05,144.8,135.05,140.27,138.59,34176
2026-08-12,AARTIDRUGS,AARTI DRUGS LTD.,445.05,445.05,419.9,431.5,439.35,365458
2026-08-12,AARTIIND,AARTI INDUSTRIES LTD,510.0,534.0,503.25,530.9,505.3,5378998
2026-08-12,AARTIPHARM,AARTI PHARMALABS LIMITED,875.5,930.95,875.1,888.7,883.7,3552033
2026-08-12,AARTISURF,AARTI SURFACTANTS LIMITED,582.0,625.0,557.5,612.45,572.0,241779
2026-08-12,AARVI,AARVI ENCON LIMITED,155.11,157.6,150.0,153.31,155.03,44294
2026-08-12,AASTHA,AASTHA SPINTEX LIMITED,73.0,76.58,73.0,74.19,73.12,977862
2026-08-12,AAVAS,AAVAS FINANCIERS LIMITED,1396.8,1433.3,1388.1,1416.2,1396.8,70390
2026-08-12,ABANSENT,ABANS ENTERPRISES LTD.,27.57,27.57,27.57,27.57,26.26,4868
2026-08-12,AFSL,ABANS FINANCIAL SRVCS LTD,219.95,223.0,210.2,213.82,210.74,69788
2026-08-12,ABB,ABB INDIA LIMITED,7611.5,7741.0,7585.5,7710.0,7611.5,224512
2026-08-12,ABBOTINDIA,ABBOTT INDIA LIMITED,28020.0,28250.0,27755.0,28140.0,28020.0,11910
2026-08-12,ABMINTLLTD,ABM INTERNATIONAL LTD,63.07,63.07,61.32,63.07,52.56,29243
2026-08-12,ACC,ACC LIMITED,1349.0,1349.0,1324.0,1332.8,1339.8,137292
2026-08-12,ACCELYA,ACCELYA SOLN INDIA LTD,1146.0,1149.7,1140.0,1142.3,1146.6,3732
2026-08-12,ACEINTEG,ACE INTEGRATED SOLU. LTD.,18.99,18.99,18.4,18.43,18.49,3060
2026-08-12,ACMESOLAR,ACME SOLAR HOLDINGS LTD,369.0,375.0,367.5,372.6,368.45,647813
2026-08-12,ACE,ACTION CONST EQUIP LTD,1073.3,1103.6,1062.3,1096.1,1073.3,305682
2026-08-12,ACUTAAS,ACUTAAS CHEMICALS LIMITED,3242.0,3285.0,3136.2,3153.4,3246.0,159044
2026-08-12,ADANIENSOL,ADANI ENERGY SOLUTION LTD,1628.5,1629.7,1570.2,1599.0,1622.0,1586459
2026-08-12,ADANIENT,ADANI ENTERPRISES LIMITED,3020.0,3020.0,2943.0,2985.7,2995.5,1160458
2026-08-12,ADANIGREEN,ADANI GREEN ENERGY LTD,1370.0,1371.0,1315.0,1332.3,1366.0,2152786
2026-08-12,ADANIPORTS,ADANI PORT & SEZ LTD,1669.8,1672.7,1640.4,1665.0,1668.2,1494540
2026-08-12,ADANIPOWER,ADANI POWER LTD,209.0,209.69,205.02,206.99,209.0,13943707
2026-08-12,ATGL,ADANI TOTAL GAS LIMITED,668.0,669.95,656.5,660.35,666.15,878468
2026-08-12,ADFFOODS,ADF FOODS LIMITED,266.45,266.45,260.2,261.65,265.45,71300
2026-08-12,ABSLAMC,ADIT BIRL SUN LIF AMC LTD,1017.8,1042.0,1010.9,1038.6,1019.7,161763
2026-08-12,ABCAPITAL,ADITYA BIRLA CAPITAL LTD.,407.15,410.95,403.05,410.95,407.15,2350295
2026-08-12,ABFRL,ADITYA BIRLA FASHION & RT,58.8,59.1,57.02,57.16,58.63,5139419
2026-08-12,ABLBL,ADITYA BIRLA LIFES BRAN L,91.45,92.49,90.02,90.29,91.48,602100
2026-08-12,BIRLAMONEY,ADITYA BIRLA MONEY LTD,133.07,133.76,132.01,133.45,133.07,25717
2026-08-12,ABREL,ADITYA BIRLA REAL EST LTD,1419.3,1419.4,1371.1,1375.4,1400.8,52933
2026-08-12,CPPLUS,ADITYA INFOTECH LIMITED,3817.0,3965.0,3770.1,3899.1,3805.5,287366
2026-08-12,AVL,ADITYA VISION LIMITED,615.0,622.0,604.9,617.4,616.1,155701
2026-08-12,BSLGOLDETF,ADITYBIRLA SL GOLD ETF-GR,136.88,136.88,133.82,134.53,133.55,2790558
2026-08-12,BSLNIFTY,ADITYBIRLA SL NIF ETF-GR,28.75,29.46,28.5,28.66,28.75,726196
2026-08-12,ADOR,ADOR WELDING LTD,1505.6,1510.3,1470.0,1478.7,1505.6,14554
2026-08-12,ADROITINFO,ADROIT INFOTECH LIMITED,10.2,10.2,9.77,10.04,10.17,18961
2026-08-12,ADVAIT,ADVAIT ENRGY TRANSITION L,2195.0,2195.0,2105.8,2117.7,2180.9,39933
2026-08-12,ADVANCE,ADVANCE AGROLIFE LIMITED,122.21,124.9,117.01,118.01,122.21,457190
2026-08-12,ADVENZYMES,ADVANCED ENZYME TECH LTD,304.5,308.85,294.5,301.65,298.3,400660
2026-08-12,ADVANIHOTR,ADVANI HOT.& RES.(I) LTD,50.01,50.53,50.0,50.17,50.27,14978
2026-08-12,ADVENTHTL,ADVENT HOTELS INTERNATI L,144.8,144.8,141.1,143.21,143.66,76067
2026-08-12,RAMBHAJO,ADVIT JEWELS LIMITED,188.3,191.73,183.83,184.96,187.61,145792
2026-08-12,AEGISLOG,AEGIS LOGISTICS LIMITED,1297.1,1322.9,1257.6,1264.5,1297.6,836202
2026-08-12,AEGISVOPAK,AEGIS VOPAK TERMINALS LTD,280.2,280.25,272.8,273.55,280.55,442476
2026-08-12,AEQUS,AEQUS LIMITED,241.0,241.0,233.01,236.76,240.73,1480520
2026-08-12,AEROENTER,AEROFLEX ENTERPRISES LTD,135.0,135.0,126.0,129.29,129.41,1019988
2026-08-12,AEROFLEX,AEROFLEX INDUSTRIES LTD,426.4,450.0,423.0,446.55,422.65,1802936
2026-08-12,AERONEU,AEROFLEX NEU LIMITED,88.0,88.0,83.2,84.07,84.06,42626
2026-08-12,AETHER,AETHER INDUSTRIES LIMITED,1642.3,1644.6,1606.0,1612.7,1634.2,106756
2026-08-12,AFCONS,AFCONS INFRASTRUCTURE LTD,265.0,279.3,264.4,267.95,263.65,5079574
2026-08-12,AFFLE,AFFLE 3I LIMITED,1690.0,1690.0,1656.9,1672.9,1677.3,188627
2026-08-12,AGARIND,AGARWAL INDS CORP LTD.,514.65,524.2,498.15,507.0,512.1,45421
2026-08-12,AGI,AGI GREENPAC LIMITED,716.9,721.2,698.0,706.0,717.2,97630
2026-08-12,AGIIL,AGI INFRA LIMITED,301.8,304.0,296.7,300.6,300.15,1184916
2026-08-12,AGRITECH,AGRI-TECH (INDIA) LIMITED,110.0,111.0,107.1,107.84,108.98,2978
2026-08-12,AGROPHOS,AGRO PHOS INDIA LIMITED,27.8,29.0,27.8,28.15,28.32,17284
2026-08-12,AHLADA,AHLADA ENGINEERS LIMITED,40.69,41.9,39.0,41.45,39.83,35520
2026-08-12,AHLUCONT,AHLUWALIA CONT IND LTD,836.0,836.0,804.75,809.1,833.95,29882
2026-08-12,AIAENG,AIA ENGINEERING LIMITED,4786.0,4824.4,4490.2,4523.0,4781.6,150211
2026-08-12,AIRAN,AIRAN LIMITED,15.0,15.2,14.9,14.93,15.0,36169
2026-08-12,AIROLAM,AIRO LAM LIMITED,89.1,94.5,89.1,91.35,91.85,1514
2026-08-12,AJANTPHARM,AJANTA PHARMA LIMITED,3500.0,3555.0,3485.0,3541.0,3507.0,82946
2026-08-12,AJAXENGG,AJAX ENGINEERING LIMITED,566.25,570.95,561.7,566.0,567.35,28368
2026-08-12,AJMERA,AJMERA REALTY & INF I LTD,122.65,122.65,116.15,117.48,121.87,362536
2026-08-12,AJOONI,AJOONI BIOTECH LIMITED,3.84,3.9,3.78,3.84,3.81,162405
2026-08-12,AKASH,AKASH INFRA-PROJECTS LTD,26.5,26.88,26.31,26.4,26.5,4242
2026-08-12,AKG,AKG EXIM LIMITED,8.99,8.99,8.53,8.69,8.7,17749
2026-08-12,AKI,AKI INDIA LIMITED,4.38,4.43,4.21,4.26,4.31,73005
2026-08-12,AFIL,AKME FINTRADE (INDIA) LTD,9.55,10.15,9.55,9.75,9.76,1489061
2026-08-12,AKSHAR,AKSHAR SPINTEX LIMITED,0.42,0.42,0.4,0.4,0.41,949624
2026-08-12,AKUMS,AKUMS DRUGS AND PHARMA L,760.95,775.0,746.35,749.95,760.95,359719
2026-08-12,ALANKIT,ALANKIT LIMITED,8.39,8.41,8.01,8.22,8.14,123922
2026-08-12,ALBERTDAVD,ALBERT DAVID LIMITED,789.0,804.95,775.0,777.3,788.85,7817
2026-08-12,ALEMBICLTD,ALEMBIC LIMITED,86.5,86.5,83.31,84.79,86.73,341002
2026-08-12,APLLTD,ALEMBIC PHARMA LTD,838.85,852.6,833.0,841.65,838.85,142034
2026-08-12,ALGOQUANT,ALGOQUANT FINTECH LIMITED,67.84,67.84,66.87,67.28,67.44,971650
2026-08-12,ALICON,ALICON CASTALLOY LIMITED,730.15,782.0,722.25,772.95,728.55,170428
2026-08-12,ALIVUS,ALIVUS LIFE SCIENCES LTD,1393.6,1398.9,1346.2,1361.0,1393.6,82193
2026-08-12,ALKEM,ALKEM LABORATORIES LTD.,5518.0,5534.5,5411.5,5480.0,5527.5,110443
2026-08-12,ALKYLAMINE,ALKYL AMINES CHEM. LTD,1942.0,1945.9,1881.5,1889.8,1947.4,48728
2026-08-12,ALLTIME,ALL TIME PLASTICS LIMITED,218.82,221.4,212.21,218.61,217.36,144424
2026-08-12,AGL,ALLCARGO GLOBAL LIMITED,13.99,15.9,13.71,14.59,13.58,17463534
2026-08-12,ALLCARGO,ALLCARGO LOGISTICS LTD,10.4,10.79,10.1,10.62,10.25,63586945
2026-08-12,ATL,ALLCARGO TERMINALS LTD,26.0,26.0,24.32,24.66,24.58,209555
2026-08-12,ALLDIGI,ALLDIGI TECH LIMITED,810.15,810.15,800.0,804.45,809.85,14021
2026-08-12,ABDL,ALLIED BLEND N DISTILS L,622.6,622.9,603.05,614.15,619.8,460412
2026-08-12,ADSL,ALLIED DIGITAL SERV. LTD,113.35,114.42,112.87,113.25,114.09,75603
2026-08-12,ALMONDZ,ALMONDZ GLOBAL SEC LTD,14.2,15.16,14.04,14.55,14.17,65335
2026-08-12,ALOKINDS,ALOK INDUSTRIES LIMITED,11.85,11.88,11.73,11.78,11.84,2446953
2026-08-12,ALPA,ALPA LABORATORIES LTD,67.86,68.97,66.8,67.17,67.86,30798
2026-08-12,ALPHAGEO,ALPHAGEO (INDIA) LIMITED,286.0,315.0,285.5,306.39,284.94,359816
2026-08-12,ALPINETEX,ALPINE TEXWORLD LIMITED,62.3,63.0,60.8,61.62,62.27,202684
2026-08-12,AMAGI,AMAGI MEDIA LABS LIMITED,664.0,669.0,636.0,638.75,659.5,187715
2026-08-12,ARE&M,AMARA RAJA ENERGY MOB LTD,970.25,1017.3,962.2,969.4,970.25,5108022
2026-08-12,AMBALALSA,AMBALAL SARABHAI ENT L,45.71,45.93,43.0,44.85,45.94,242541
2026-08-12,AMBER,AMBER ENTERPRISES (I) LTD,7078.0,7106.0,6951.0,6985.0,7078.5,371574
2026-08-12,AMBICAAGAR,AMBICA AGAR & AROMAINDLTD,24.7,25.04,23.7,24.28,24.66,2679
2026-08-12,AMBIKCO,AMBIKA COTTON MILL LTD.,1642.6,1645.0,1582.0,1587.7,1635.7,27517
2026-08-12,AMBUJACEM,AMBUJA CEMENTS LTD,426.7,426.7,418.05,421.0,424.0,5400539
2026-08-12,AMDIND,AMD INDUSTRIES LIMITED,51.6,53.0,48.3,51.18,51.94,35589
2026-08-12,AMNPLST,AMINES & PLASTICIZERS LTD,199.44,203.0,198.02,199.6,199.4,2237
2026-08-12,AEROPLANE,AMIR CHAND JAG KUM (E) L,182.0,184.8,175.21,183.63,182.92,885006
2026-08-12,AMJLAND,AMJ LAND HOLDINGS LIMITED,39.66,40.51,38.8,39.38,40.73,10346
2026-08-12,AMRUTANJAN,AMRUTAJAN HEALTH LTD,546.0,549.9,482.8,488.35,533.75,527871
2026-08-12,ARSSBL,ANAND RATHI SH N STK BR L,509.15,510.75,484.25,495.8,509.15,165771
2026-08-12,ANANDRATHI,ANAND RATHI WEALTH LTD,2170.0,2222.0,2160.1,2189.0,2158.0,577193
2026-08-12,ANANTRAJ,ANANT RAJ LIMITED,609.0,620.2,600.15,614.65,606.25,1700060
2026-08-12,ACL,ANDHRA CEMENTS LIMITED,48.45,48.45,45.0,46.15,48.43,38751
2026-08-12,ANDHRAPAP,ANDHRA PAPER LIMITED,60.31,60.79,59.27,59.41,60.28,265349
2026-08-12,ANDHRSUGAR,ANDHRA SUGARS LTD,100.49,100.49,96.63,98.1,99.2,679444
2026-08-12,ANGELONE,ANGEL ONE LIMITED,290.75,291.0,285.25,291.0,291.4,4505655
2026-08-12,ANIKINDS,ANIK INDUSTRIES LTD,43.3,44.6,39.13,40.09,43.31,41347
2026-08-12,APCL,ANJANI PORTLAND CEM LTD,105.4,107.49,103.12,103.68,104.27,8246
2026-08-12,AHCL,ANLON HEALTHCARE LIMITED,14.44,14.44,14.18,14.23,14.41,1068884
2026-08-12,ANMOL,ANMOL INDIA LIMITED,10.23,10.43,10.07,10.28,10.26,12942
2026-08-12,ANNAPURNA,ANNAPURNA SWADISHT LTD,160.0,163.95,141.85,147.2,160.95,66223
2026-08-12,ANTGRAPHIC,ANTARCTICA LTD,0.74,0.75,0.71,0.73,0.74,87370
2026-08-12,ANTELOPUS,ANTELOPUS SELAN ENRGY LTD,820.0,820.85,800.0,802.15,812.7,68367
2026-08-12,ANTHEM,ANTHEM BIOSCIENCES LTD,898.0,898.0,875.65,878.4,891.65,425829
2026-08-12,AWHCL,ANTONY WASTE HDG CELL LTD,388.05,397.7,386.5,392.15,389.35,142056
2026-08-12,ANUHPHR,ANUH PHARMA LIMITED,77.83,78.5,77.0,77.18,77.76,64961
2026-08-12,ANURAS,ANUPAM RASAYAN INDIA LTD,1205.5,1212.9,1194.7,1204.4,1209.3,146323
2026-08-12,AONEGOLD,AONEAMC - AONEGOLD,14.38,14.38,14.15,14.27,14.17,266072
2026-08-12,AONELIQUID,AONEAMC - AONELIQUID,1072.19,1072.21,1072.19,1072.19,1072.06,16563
2026-08-12,AONENIFTY,AONEAMC - AONENIFTY,10.18,10.18,9.85,10.08,10.1,153274
2026-08-12,AONESILVER,AONEAMC - AONESILVER,8.92,9.04,8.87,9.02,8.88,953721
2026-08-12,AONETMMQ50,AONEAMC - AONETMMQ50,10.37,10.47,10.37,10.44,10.32,149444
2026-08-12,AONETOTAL,AONEAMC - AONETOTAL,12.13,12.19,12.0,12.04,12.07,163268
2026-08-12,APARINDS,APAR INDUSTRIES LTD.,16899.0,18465.0,16850.0,18000.0,16748.0,378780
2026-08-12,APCOTEXIND,APCOTEX INDUSTRIES LIMITE,618.0,623.85,591.0,601.6,616.9,288795
2026-08-12,APEX,APEX FROZEN FOODS LIMITED,379.2,379.3,362.25,366.75,377.75,101850
2026-08-12,APLAPOLLO,APL APOLLO TUBES LTD,2016.9,2018.8,1991.3,1997.1,2012.7,714770
2026-08-12,APOLLOHOSP,APOLLO HOSPITALS ENTER. L,8750.5,8775.5,8507.5,8597.0,8750.5,876688
2026-08-12,APOLLO,APOLLO MICRO SYSTEMS LTD,389.7,391.0,378.0,379.85,388.7,3532851
2026-08-12,APOLLOPIPE,APOLLO PIPES LIMITED,510.0,517.0,504.1,512.75,508.05,125063
2026-08-12,APOLSINHOT,APOLLO SINDOORI HOTEL LTD,1223.0,1244.9,1200.0,1225.7,1229.5,1741
2026-08-12,APOLLOTYRE,APOLLO TYRES LTD,443.0,448.25,441.35,445.15,443.0,560928
2026-08-12,APTUS,APTUS VALUE HSG FIN I LTD,258.0,258.15,253.05,254.75,256.7,1675606
2026-08-12,AQYLON,AQYLON NEXUS LIMITED,25.25,25.39,24.13,24.17,25.4,2680097
2026-08-12,ACI,ARCHEAN CHEMICAL IND LTD,513.65,514.4,504.3,506.05,513.55,117980
2026-08-12,ADL,ARCHIDPLY DECOR LIMITED,72.28,72.8,70.12,70.21,70.19,845
2026-08-12,ARCHIDPLY,ARCHIDPLY IND. LTD,93.0,93.64,91.15,92.2,92.95,14860
2026-08-12,ARCHIES,ARCHIES LTD,14.0,14.0,13.7,13.91,13.81,2104
2026-08-12,ARDEE,ARDEE INDUSTRIES LIMITED,72.0,73.19,65.8,67.12,53.0,130275850
2026-08-12,ARFIN,ARFIN INDIA LIMITED,84.15,85.56,83.91,84.74,85.08,1216860
2026-08-12,ARIES,ARIES AGRO LTD.,365.0,425.0,365.0,397.35,355.8,547284
2026-08-12,ARIHANTCAP,ARIHANT CAPITAL MKTS LTD,74.83,75.27,74.3,74.82,74.76,47338
2026-08-12,ARIHANT,ARIHANT FOUN & HOU LTD,1108.4,1110.2,1080.2,1096.8,1119.2,1252
2026-08-12,ARIHANTSUP,ARIHANT SUPERSTRUCT LTD,260.5,262.5,257.6,258.05,260.45,3719
2026-08-12,ARIS,ARISINFRA SOLUTIONS LTD,133.76,137.9,133.5,135.55,133.76,1436154
2026-08-12,ARKADE,ARKADE DEVELOPERS LIMITED,133.0,133.5,125.6,129.66,133.96,924444
2026-08-12,ARMANFIN,ARMAN FIN SERV LTD,2010.0,2073.9,1954.2,2011.0,2002.8,54184
2026-08-12,AROGRANITE,ARO GRANITE IND. LTD.,25.7,25.7,25.0,25.1,25.49,6757
2026-08-12,ARTNIRMAN,ART NIRMAN LIMITED,43.97,43.97,40.61,42.39,41.51,2851
2026-08-12,AEPL,ARTEMIS ELECTRICALS & P L,16.32,16.89,15.3,15.5,15.87,74354
2026-08-12,ARTEMISMED,ARTEMIS MED SERVICE LTD,314.9,323.45,300.1,316.3,313.3,724360
2026-08-12,ARVEE,ARVEE LABORATORIES I LTD,182.0,189.39,176.0,177.24,176.76,17422
2026-08-12,ARVINDFASN,ARVIND FASHIONS LIMITED,451.15,451.15,438.3,444.15,447.5,174110
2026-08-12,ARVIND,ARVIND LIMITED,569.95,574.2,559.0,566.85,567.65,405680
2026-08-12,ARVSMART,ARVIND SMARTSPACES LTD,650.0,667.0,644.0,665.55,636.4,261613
2026-08-12,ASAHIINDIA,ASAHI INDIA GLASS LIMITED,903.15,906.9,879.1,891.5,901.65,133831
2026-08-12,ASHAPURMIN,ASHAPURA MINECHEM LTD,646.5,660.0,634.55,637.3,651.95,482223
2026-08-12,ASHIANA,ASHIANA HOUSING LTD,375.0,386.6,372.0,380.8,381.3,114743
2026-08-12,ASHIMASYN,ASHIMA LTD,18.17,18.17,17.35,17.48,17.91,42906
2026-08-12,ASHOKLEY,ASHOK LEYLAND LTD,174.83,177.38,174.43,176.7,174.83,10612472
2026-08-12,ASHOKA,ASHOKA BUILDCON LTD,116.45,116.5,113.0,113.9,116.99,1312834
2026-08-12,ASHOKAMET,ASHOKA METCAST LIMITED,14.09,14.09,13.85,13.93,14.09,11898
2026-08-12,ASIANENE,ASIAN ENERGY SERVICES LTD,405.0,411.9,401.15,405.8,401.8,201456
2026-08-12,ASIANTILES,ASIAN GRANITO IND. LTD.,53.7,55.49,52.53,53.12,52.85,8536751
2026-08-12,AHLEAST,ASIAN HOTELS (EAST) LTD,144.5,145.5,141.16,141.5,141.16,1977
2026-08-12,ASIANHOTNR,ASIAN HOTELS (NORTH) LTD,310.0,316.7,302.1,304.1,312.6,12946
2026-08-12,ASIANPAINT,ASIAN PAINTS LIMITED,2733.2,2748.4,2698.2,2740.0,2735.5,648174
2026-08-12,ASTAR,ASIAN STAR CO. LTD.,600.0,600.0,582.1,588.55,590.05,10
2026-08-12,ASKAUTOLTD,ASK AUTOMOTIVE LIMITED,654.25,660.0,646.0,651.2,654.25,185247
2026-08-12,ASPINWALL,ASPINWALL & CO LTD,246.0,246.0,236.15,237.0,241.21,1231
2026-08-12,ASALCBR,ASSO ALCOHOLS & BREW LTD,730.25,730.5,719.05,723.2,730.25,39226
2026-08-12,ASTEC,ASTEC LIFESCIENCES LTD,615.2,616.05,606.0,607.85,615.2,21701
2026-08-12,ASTERDM,ASTER DM QUALITY CARE LTD,854.95,861.15,822.5,827.95,854.9,787879
2026-08-12,ASTRAMICRO,ASTRA MICROWAVE LTD,1712.2,1749.3,1651.2,1665.4,1703.7,531299
2026-08-12,ASTRAL,ASTRAL LIMITED,1431.9,1464.0,1425.7,1464.0,1424.9,398896
2026-08-12,ASTRAZEN,ASTRAZENECA PHARMA IND LT,7982.0,7999.0,7870.0,7906.5,7946.5,4956
2026-08-12,ATALREAL,ATAL REALTECH LIMITED,35.09,35.82,34.9,35.34,35.02,13344621
2026-08-12,ATAM,ATAM VALVES LIMITED,64.0,66.0,63.36,64.88,63.29,8256
2026-08-12,ATHERENERG,ATHER ENERGY LIMITED,1531.7,1580.0,1511.1,1569.4,1525.4,4521175
2026-08-12,ATLANTAELE,ATLANTA ELECTRICALS LTD,1586.0,1699.0,1586.0,1660.4,1586.3,219650
2026-08-12,ATLANTAA,ATLANTAA LIMITED,44.5,44.5,41.8,42.13,44.7,164193
2026-08-12,ATLASCYCLE,ATLAS CYCLE (HARYANA) LTD,98.27,101.0,96.56,96.98,97.37,16769
2026-08-12,ATULAUTO,ATUL AUTO LIMITED,498.0,515.0,496.8,504.0,494.1,388251
2026-08-12,ATUL,ATUL LTD,6851.0,6940.0,6785.0,6896.5,6850.0,54244
2026-08-12,AUBANK,AU SMALL FINANCE BANK LTD,1070.9,1091.4,1062.0,1091.4,1070.9,1572313
2026-08-12,AURIONPRO,AURIONPRO SOLN LTD,728.4,729.0,710.25,718.75,727.15,140242
2026-08-12,AUROPHARMA,AUROBINDO PHARMA LTD,1658.0,1667.0,1652.3,1667.0,1658.0,796061
2026-08-12,AURUM,AURUM PROPTECH LIMITED,229.15,229.15,223.5,226.04,228.56,84742
2026-08-12,AURUS,AURUS GEM CORP LIMITED,4.63,4.9,4.63,4.64,4.7,13414
2026-08-12,AUSOMENT,AUSOM ENTERPRISE LIMITED,139.11,142.09,135.52,141.4,141.95,5842
2026-08-12,AIIL,AUTHUM INVEST & INFRA LTD,560.05,567.8,547.15,554.8,573.45,289425
2026-08-12,AUTOAXLES,AUTOMOTIVE AXLES LIMITED,1803.8,1811.8,1788.3,1798.4,1803.8,3844
2026-08-12,ASAL,AUTOMOTIVE STAMPINGS & AS,505.0,513.0,497.15,502.95,508.5,19922
2026-08-12,AVADHSUGAR,AVADH SUG & ENERGY LTD,634.8,634.8,620.0,626.95,634.8,38188
2026-08-12,AVALON,AVALON TECHNOLOGIES LTD,1940.0,2002.6,1927.0,1963.9,1938.3,406426
2026-08-12,AVANTEL,AVANTEL LIMITED,160.24,161.24,157.28,158.23,160.27,617572
2026-08-12,AVANTIFEED,AVANTI FEEDS LIMITED,844.15,873.45,829.9,868.25,859.8,727054
2026-08-12,DMART,AVENUE SUPERMARTS LIMITED,4035.0,4068.9,4020.0,4040.0,4054.9,336886
2026-08-12,CCAVENUE,AVENUESAI LIMITED,16.5,16.6,15.85,16.05,16.42,15830282
2026-08-12,AVONMORE,AVONMORE CAP&MGT SERV LTD,11.35,11.71,11.22,11.37,11.36,192262
2026-08-12,AVROIND,AVRO INDIA LIMITED,8.24,8.5,8.0,8.21,8.27,366782
2026-08-12,AVTNPL,AVT NATURAL PRODUCTS LTD,71.0,71.35,70.05,70.26,70.24,25561
2026-08-12,AWFIS,AWFIS SPACE SOLUTIONS LTD,267.0,275.0,264.0,274.05,266.65,230792
2026-08-12,AWL,AWL AGRI BUSINESS LIMITED,192.86,195.0,191.3,194.24,192.86,1431527
2026-08-12,AXISBANK,AXIS BANK LIMITED,1230.0,1234.9,1216.9,1230.0,1229.8,7218881
2026-08-12,BNKETFAXIS,AXISAMC-BNKETFAXIS,593.19,595.86,593.19,595.35,593.19,285
2026-08-12,CONSUMAXIS,AXISAMC-CONSUMAXIS,125.0,126.27,123.92,125.92,125.3,4269
2026-08-12,GOLDAXIS,AXISAMC-GOLDAXIS,127.62,127.64,126.69,127.48,126.37,896221
2026-08-12,HEALTHAXIS,AXISAMC-HEALTHAXIS,169.3,169.56,168.08,168.95,169.64,10322
2026-08-12,ITAXIS,AXISAMC-ITAXIS,348.89,350.31,342.4,346.37,349.5,5360
2026-08-12,NIFTYAXIS,AXISAMC-NIFTYAXIS,271.22,272.0,269.01,270.5,271.21,4328
2026-08-12,SENSEXAXIS,AXISAMC-SENSEXAXIS,79.77,82.0,79.77,81.0,81.43,3224
2026-08-12,SILVERAXIS,AXISAMC-SILVERAXIS,231.09,235.06,231.0,234.77,231.09,967657
2026-08-12,VALUEAXIS,AXISAMC-VALUEAXIS,33.34,33.57,33.19,33.3,33.2,31134
2026-08-12,AXISCADES,AXISCADES TECH LTD,1531.0,1575.0,1531.0,1543.4,1545.5,75360
2026-08-12,AXITA,AXITA COTTON LIMITED,7.35,7.44,7.26,7.28,7.29,566985
2026-08-12,AYE,AYE FINANCE LIMITED,178.0,181.89,173.87,176.96,178.78,599407
2026-08-12,AYMSYNTEX,AYM SYNTEX LIMITED,250.55,260.9,240.35,253.2,255.85,98725
2026-08-12,AZAD,AZAD ENGINEERING LIMITED,2472.1,2495.4,2450.4,2479.5,2472.1,218236
2026-08-12,BBTCL,B&B TRIPLEWALL CONT LTD,225.93,225.93,221.41,224.22,224.76,2906
2026-08-12,BAGFILMS,B.A.G FILMS AND MEDIA LTD,4.3,4.39,4.29,4.33,4.33,56027
2026-08-12,BLKASHYAP,B.L.KASHYAP & SON LTD,54.2,55.0,51.15,52.61,53.99,1038405
2026-08-12,STYLEBAAZA,BAAZAR STYLE RETAIL LTD,356.5,362.8,340.1,351.3,353.45,985489
2026-08-12,BAIDFIN,BAID FINSERV LIMITED,9.87,10.0,9.81,9.96,9.87,53786
2026-08-12,BAJAJ-AUTO,BAJAJ AUTO LIMITED,11729.0,11819.0,11678.0,11700.0,11717.0,236192
2026-08-12,BAJAJCON,BAJAJ CONSUMER CARE LTD,539.95,542.4,530.35,538.25,540.95,260282
2026-08-12,BAJAJELEC,BAJAJ ELECT.LTD,361.45,368.9,358.0,363.95,360.35,333056
2026-08-12,BAJFINANCE,BAJAJ FINANCE LIMITED,1093.0,1094.7,1080.0,1094.2,1093.3,7054842
2026-08-12,BAJAJFINSV,BAJAJ FINSERV LTD.,2023.0,2028.4,2006.1,2020.5,2032.0,571047
2026-08-12,BAJAJHCARE,BAJAJ HEALTHCARE LIMITED,330.6,331.0,323.35,327.45,328.6,77004
2026-08-12,BAJAJHIND,BAJAJ HINDUSTHAN SUGAR LT,18.16,18.45,17.0,17.87,18.06,7410218
2026-08-12,BAJAJHLDNG,BAJAJ HOLDINGS & INVS LTD,11587.0,11587.0,11410.0,11579.0,11550.0,21972
2026-08-12,BAJAJHFL,BAJAJ HOUSING FINANCE LTD,85.6,85.62,84.62,84.76,85.18,1812989
2026-08-12,BAJAJST,BAJAJ STEEL INDS. LTD.,376.0,381.5,357.85,367.9,379.05,25044
2026-08-12,BAJEL,BAJEL PROJECTS LIMITED,191.99,198.0,187.22,192.77,189.07,609720
2026-08-12,BALPHARMA,BAL PHARMA LTD.,87.9,91.5,86.04,90.5,86.99,34146
2026-08-12,BALAMINES,BALAJI AMINES LIMITED,2129.0,2148.9,2062.1,2080.9,2123.7,101297
2026-08-12,BALAJITELE,BALAJI TELEFILMS LIMITED.,90.76,91.95,90.5,91.0,90.76,153227
2026-08-12,BALAXI,BALAXI PHARMA LTD,23.76,24.2,23.5,24.05,23.65,11702
2026-08-12,BALKRISIND,BALKRISHNA IND. LTD,2498.0,2525.0,2475.0,2496.9,2498.9,156973
2026-08-12,BALKRISHNA,BALKRISHNA PAPER MILLS L,18.0,18.0,17.22,17.61,17.41,10286
2026-08-12,BALMLAWRIE,BALMER LAWRIE & CO LTD,173.85,174.9,171.0,174.43,172.89,174627
2026-08-12,BLIL,BALMER LAWRIE INVSTS. L,70.75,71.4,70.75,70.93,70.88,67670
2026-08-12,BALRAMCHIN,BALRAMPUR CHINI MILLS LTD,623.0,626.1,592.55,604.7,627.8,1096131
2026-08-12,BALUFORGE,BALU FORGE INDUSTRIES LTD,462.0,471.0,455.0,463.0,459.0,1012793
2026-08-12,BANARBEADS,BANARAS BEADS LTD,115.38,117.71,112.65,113.33,115.38,5587
2026-08-12,BANCOINDIA,BANCO PRODUCTS (I) LTD,638.0,639.05,626.6,628.65,633.85,132463
2026-08-12,BANDHANBNK,BANDHAN BANK LIMITED,173.82,176.79,172.57,176.0,174.0,7049218
2026-08-12,GOLDBND,BANDHANAMC - GOLDBND,152.26,153.98,151.81,152.8,152.26,10787
2026-08-12,IDFNIFTYET,BANDHANAMC - IDFNIFTYET,270.7,274.59,268.92,272.96,270.63,394
2026-08-12,SILVERBND,BANDHANAMC - SILVERBND,228.32,237.58,228.32,236.53,234.18,17946
2026-08-12,BANG,BANG OVERSEAS LTD.,29.91,30.44,29.1,29.6,29.99,9734
2026-08-12,BANKBARODA,BANK OF BARODA,246.0,251.4,245.5,251.0,246.2,8298917
2026-08-12,BANKINDIA,BANK OF INDIA,142.4,146.12,141.9,145.5,142.9,8946785
2026-08-12,MAHABANK,BANK OF MAHARASHTRA,78.85,81.99,78.75,81.87,78.95,26570514
2026-08-12,BANKA,BANKA BIOLOO LIMITED,80.61,84.64,80.0,84.64,80.61,7278
2026-08-12,BANARISUG,BANNARI AMMAN SUGARS LTD,3460.0,3474.9,3410.0,3464.3,3484.1,486
2026-08-12,BANSALWIRE,BANSAL WIRE INDUSTRIES L,326.9,333.0,319.9,323.0,319.9,203013
2026-08-12,BANSWRAS,BANSWARA SYNTEX LIMITED,124.95,124.95,121.31,122.0,123.14,13965
2026-08-12,BVCL,BARAK VALLEY CEM. LTD.,41.79,41.79,40.8,41.25,41.41,7283
2026-08-12,BBNPNBETF,BARODABNP - BBNPNBETF,58.15,58.4,57.9,58.08,58.14,1424
2026-08-12,BBNPPGOLD,BARODABNP - BBNPPGOLD,147.65,150.95,147.35,147.8,146.6,3455
2026-08-12,BASF,BASF INDIA LTD,4022.0,4050.0,3980.0,3990.1,4037.2,26790
2026-08-12,BATAINDIA,BATA INDIA LTD,730.0,759.75,708.0,715.15,699.85,3783994
2026-08-12,BATLIBOI,BATLIBOI LTD.,85.8,93.35,85.06,91.37,84.6,363179
2026-08-12,BAYERCROP,BAYER CROPSCIENCE LTD,4112.5,4127.5,4050.1,4114.6,4116.1,33613
2026-08-12,BCLIND,BCL INDUSTRIES LIMITED,37.03,38.7,36.06,37.48,37.08,606256
2026-08-12,BCPL,BCPL RAILWAY INFRA LTD,69.3,71.0,68.5,69.7,69.53,13988
2026-08-12,BEARDSELL,BEARDSELL LIMITED,26.46,26.89,26.0,26.18,26.12,10627
2026-08-12,BEDMUTHA,BEDMUTHA INDUST LTD,117.0,118.8,115.0,117.16,116.93,4681
2026-08-12,BEEKAY,BEEKAY STEEL INDS. LTD.,454.0,454.0,422.0,435.65,397.9,77407
2026-08-12,BELLACASA,BELLA CASA FASH AND RET L,240.44,248.16,239.11,241.74,243.28,5537
2026-08-12,BELRISE,BELRISE INDUSTRIES LTD,255.0,268.2,253.61,261.35,253.97,9422315
2026-08-12,BLAL,BEML LAND ASSETS LIMITED,171.1,172.43,170.0,170.9,171.76,15579
2026-08-12,BEML,BEML LIMITED,1920.1,1954.8,1891.4,1900.6,1902.3,714898
2026-08-12,BENGALASM,BENGAL & ASSAM CO. LTD.,6186.0,6217.5,6155.0,6206.0,6204.5,404
2026-08-12,BERGEPAINT,BERGER PAINTS (I) LTD,539.8,564.9,535.9,559.8,534.95,1847256
2026-08-12,BESTAGRO,BEST AGROLIFE LIMITED,19.5,19.74,18.8,19.04,19.47,970466
2026-08-12,BETA,BETA DRUGS LIMITED,2721.0,2807.9,2544.1,2559.0,2668.3,110912
2026-08-12,BFINVEST,BF INVESTMENT LIMITED,471.3,471.3,456.0,457.0,468.3,38808
2026-08-12,BFUTILITIE,BF UTILITIES LIMITED,561.2,562.8,553.05,560.2,561.55,32875
2026-08-12,BANK10BETF,BFAM - BANK10BETF,20.93,20.96,20.82,20.83,20.93,1646
2026-08-12,BANKBETF,BFAM - BANKBETF,58.5,58.97,58.3,58.9,58.46,14796
2026-08-12,LIQUIDBETF,BFAM - LIQUIDBETF,1094.21,1094.23,1094.21,1094.22,1094.09,244639
2026-08-12,NIFTYBETF,BFAM - NIFTYBETF,251.36,252.3,249.84,250.72,251.51,7618
2026-08-12,BHAGCHEM,BHAGIRADHA CHEM & INDS L,284.5,286.3,279.1,280.35,286.6,40688
2026-08-12,BHAGYANGR,BHAGYANAGAR INDIA LIMITED,384.35,386.25,375.0,379.1,386.3,76254
2026-08-12,BEPL,BHANSALI ENG. POLYMERS LT,122.5,122.86,120.1,120.54,122.53,779985
2026-08-12,BBL,BHARAT BIJLEE LTD,2334.9,2334.9,2290.0,2297.9,2324.4,15469
2026-08-12,BHARATCOAL,BHARAT COKING COAL LTD,33.84,34.14,33.68,33.78,33.86,3368883
2026-08-12,BDL,BHARAT DYNAMICS LIMITED,1309.0,1340.0,1308.0,1340.0,1307.6,1279928
2026-08-12,BEL,BHARAT ELECTRONICS LTD,406.0,406.25,399.3,405.7,405.85,13125672
2026-08-12,BHARATFORG,BHARAT FORGE LTD,2051.0,2081.5,2042.9,2081.5,2051.0,1981864
2026-08-12,BPCL,BHARAT PETROLEUM CORP  LT,317.0,318.5,311.5,317.0,317.8,6726295
2026-08-12,BHARATRAS,BHARAT RASAYAN LTD,1380.0,1380.0,1343.4,1360.3,1383.9,9821
2026-08-12,BRNL,BHARAT ROAD NETWORK LTD,17.56,18.0,17.26,17.6,17.48,17513
2026-08-12,BHARATSE,BHARAT SEATS LIMITED,234.8,247.5,231.17,235.29,231.58,635306
2026-08-12,BHARATWIRE,BHARAT WIRE ROPES LTD.,190.6,192.62,186.11,187.2,190.59,174138
2026-08-12,BHARTIARTL,BHARTI AIRTEL LIMITED,1908.6,1945.0,1901.3,1945.0,1915.2,10871157
2026-08-12,BHARTIHEXA,BHARTI HEXACOM LIMITED,1515.1,1515.4,1477.8,1486.0,1515.0,267203
2026-08-12,BIL,BHARTIYA INTERNATIONAL,844.0,844.0,800.0,820.6,833.1,2415
2026-08-12,BHEL,BHEL,404.5,420.2,403.25,420.0,403.0,14607097
2026-08-12,BIGBLOC,BIGBLOC CONSTRUCTION LTD,47.5,47.5,45.87,46.0,46.55,32054
2026-08-12,BIKAJI,BIKAJI FOODS INTERN LTD,619.95,621.35,606.15,609.6,619.85,122851
2026-08-12,BI,BILCARE LTD.,66.9,67.0,63.32,64.62,64.92,11761
2026-08-12,GROWW,BILLIONBRAINS GARAGE VN L,193.7,198.0,192.4,197.28,193.5,25335276
2026-08-12,BIMETAL,BIMETAL BEARINGS LTD.,648.9,656.25,645.0,647.95,648.9,201
2026-08-12,BIOCON,BIOCON LIMITED.,427.75,430.5,422.6,427.4,426.0,3793310
2026-08-12,BIOFILCHEM,BIOFIL CHEM & PHARMA LTD,33.33,33.39,32.16,32.67,32.64,2988
2026-08-12,BIRLACORPN,BIRLA CORPORATION LTD,901.0,906.95,890.0,904.4,898.2,37433
2026-08-12,BIRLAPREC,BIRLA PRECISION TECH L,36.9,39.49,35.51,37.67,35.75,101653
2026-08-12,BIRLANU,BIRLANU LIMITED,1700.0,1715.0,1650.0,1667.8,1684.8,22411
2026-08-12,ABGSEC,BIRLASLAMC - ABGSEC,114.58,115.15,114.58,115.15,114.57,31
2026-08-12,ABSL10BANK,BIRLASLAMC - ABSL10BANK,169.65,170.0,168.8,170.0,169.49,109371
2026-08-12,ABSLBANETF,BIRLASLAMC - ABSLBANETF,58.86,59.45,58.85,59.4,58.85,8327
2026-08-12,ABSLLIQUID,BIRLASLAMC - ABSLLIQUID,1000.0,1000.01,999.99,999.99,1000.01,3880
2026-08-12,ABSLMSCIN,BIRLASLAMC - ABSLMSCIN,30.23,30.23,29.93,29.93,30.08,392
2026-08-12,ABSLNN50ET,BIRLASLAMC - ABSLNN50ET,79.22,79.35,77.95,78.43,78.4,18337
2026-08-12,BSLSENETFG,BIRLASLAMC - BSLSENETFG,80.0,80.0,78.04,78.39,79.3,3304
2026-08-12,HEALTHY,BIRLASLAMC - HEALTHY,17.39,17.39,17.0,17.06,17.1,241090
2026-08-12,MOMENTUM,BIRLASLAMC - MOMENTUM,31.63,31.79,31.4,31.7,31.47,44449
2026-08-12,NIFTYQLITY,BIRLASLAMC - NIFTYQLITY,21.98,22.04,21.75,21.83,21.98,25191
2026-08-12,SILVER,BIRLASLAMC - SILVER,229.85,236.0,229.85,235.69,232.18,1159061
2026-08-12,TECH,BIRLASLAMC - TECH,34.72,34.86,33.98,34.15,34.82,5122842
2026-08-12,ABSLPSE,BIRLASLAMC-ABSLPSE,10.23,10.3,10.15,10.26,10.23,241384
2026-08-12,BSOFT,BIRLASOFT LIMITED,320.9,321.9,312.15,313.3,320.3,1103074
2026-08-12,BBOX,BLACK BOX LIMITED,729.0,795.0,721.5,772.1,743.35,550829
2026-08-12,BLACKBUCK,BLACKBUCK LIMITED,573.95,573.95,557.7,568.05,571.5,174316
2026-08-12,BLBLIMITED,BLB LIMITED,16.24,16.26,16.01,16.12,16.06,31461
2026-08-12,BLSE,BLS E-SERVICES LIMITED,319.7,322.0,308.65,316.65,317.65,743991
2026-08-12,BLS,BLS INTL SERVS LTD,261.64,264.5,259.51,262.88,260.86,1254241
2026-08-12,BLUECHIP,BLUE CHIP INDIA LIMITED,1.75,1.75,1.75,1.75,1.72,26124
2026-08-12,BLUEDART,BLUE DART EXPRESS LTD,5116.0,5145.5,5067.0,5093.0,5092.5,8071
2026-08-12,BLUEJET,BLUE JET HEALTHCARE LTD,591.0,591.0,578.55,587.1,590.7,312902
2026-08-12,BLUESTARCO,BLUE STAR LIMITED,1497.9,1507.7,1471.3,1490.0,1497.9,603509
2026-08-12,BLUESTONE,BLUESTONE JEWEL LFSTL LTD,846.0,911.0,830.05,894.5,837.85,7488828
2026-08-12,BLUSPRING,BLUSPRING ENTERPRISES LTD,117.99,124.0,117.99,121.51,117.85,906199
2026-08-12,BMWVENTLTD,BMW VENTURES LIMITED,58.61,59.59,57.92,58.52,58.84,43361
2026-08-12,BNAGROCHEM,BN AGROCHEM LTD.,256.8,262.0,245.1,254.1,255.25,102060
2026-08-12,BTML,BODHI TREE MULTIMEDIA LTD,8.59,9.05,8.5,8.76,8.55,1108422
2026-08-12,BOHRAIND,BOHRA INDUSTRIES LIMITED,15.9,15.9,14.95,14.99,15.84,16078
2026-08-12,BBTC,BOMBAY BURMAH TRADING COR,1484.3,1501.1,1484.3,1490.9,1490.4,17917
2026-08-12,BOMDYEING,BOMBAY DYEING & MFG. CO L,117.0,117.3,115.7,116.23,116.11,373580
2026-08-12,BONLON,BONLON INDUSTRIES LIMITED,42.97,42.97,40.21,41.05,40.6,2057
2026-08-12,BORANA,BORANA WEAVES LIMITED,340.0,340.1,324.0,329.05,328.1,48852
2026-08-12,BOROLTD,BOROSIL LIMITED,246.44,250.0,240.01,241.57,244.65,29626
2026-08-12,BORORENEW,BOROSIL RENEWABLES LTD,565.1,581.35,562.05,573.45,562.5,759215
2026-08-12,BOROSCI,BOROSIL SCIENTIFIC LTD,136.0,136.63,132.1,133.4,135.85,80846
2026-08-12,BOSCH-HCIL,BOSCH HOME COMFRT IND LTD,1690.0,1743.9,1666.7,1713.8,1696.8,45514
2026-08-12,BOSCHLTD,BOSCH LIMITED,45040.0,46735.0,45040.0,46480.0,45185.0,96508
2026-08-12,BPL,BPL LTD,53.77,54.0,51.2,52.86,53.77,38094
2026-08-12,FIRSTCRY,BRAINBEES SOLUTIONS LTD,215.05,216.39,213.33,214.47,214.08,341283
2026-08-12,BCONCEPTS,BRAND CONCEPTS LIMITED,175.98,175.99,166.0,170.13,175.78,21205
2026-08-12,BRIGADE,BRIGADE ENTER. LTD,605.5,607.65,585.45,592.95,605.1,308751
2026-08-12,BRIGHOTEL,BRIGADE HOTEL VENTURE LTD,60.27,60.27,59.0,59.41,59.8,46061
2026-08-12,BCG,BRIGHTCOM GROUP LIMITED,9.87,10.01,9.7,9.87,9.88,5885197
2026-08-12,BRITANNIA,BRITANNIA INDUSTRIES LTD,5598.0,5645.5,5560.0,5645.5,5598.0,257865
2026-08-12,BSE,BSE LIMITED,3605.0,3605.9,3501.0,3527.0,3605.0,3896840
2026-08-12,BSL,BSL LTD,125.0,125.0,122.1,123.08,122.76,1936
2026-08-12,BUTTERFLY,BTRFLY GANDHI APPL LTD,672.7,680.0,664.7,677.2,669.85,9716
2026-08-12,MAPMYINDIA,C.E. INFO SYSTEMS LIMITED,1018.3,1020.1,986.6,996.2,1013.3,165017
2026-08-12,CMLL,CALIBER MINING AND LOG L,540.0,548.0,532.8,538.75,576.8,1682055
2026-08-12,CTE,CAMBRIDGE TECH ENTER LTD,37.6,37.68,36.6,37.02,37.67,4567
2026-08-12,CAMLINFINE,CAMLIN FINE SCIENCES LTD,119.0,119.84,107.0,107.94,125.5,6115766
2026-08-12,CAMPUS,CAMPUS ACTIVEWEAR LIMITED,218.99,220.1,217.1,219.03,218.82,530672
2026-08-12,CANFINHOME,CAN FIN HOMES LTD,826.0,826.85,817.1,821.95,825.9,89754
2026-08-12,CANBK,CANARA BANK,130.0,133.11,129.6,132.0,130.3,26542679
2026-08-12,CANHLIFE,CANARA HSBC LIFE INS CO L,149.0,150.29,146.91,147.6,149.35,388552
2026-08-12,CRAMC,CANARA ROBECO AMC LIMITED,257.0,259.85,255.65,258.4,256.65,249804
2026-08-12,CANTABIL,CANTABIL RETAIL LTD,228.09,230.6,226.6,228.63,227.6,64738
2026-08-12,CAPACITE,CAPACITE INFRAPROJECT LTD,211.73,211.73,208.22,209.05,211.12,161399
2026-08-12,CAPILLARY,CAPILLARY TECHNO INDIA L,524.0,534.7,516.5,528.55,522.95,558490
2026-08-12,CIFL,CAPITAL INDIA FINANCE LTD,22.33,22.45,21.72,21.92,22.12,95291
2026-08-12,CAPITALSFB,CAPITAL SMALL FIN BANK L,296.9,296.9,291.0,291.8,295.2,7573
2026-08-12,CAPLIPOINT,CAPLIN POINT LAB LTD.,2629.6,2672.1,2452.0,2472.4,2629.6,427821
2026-08-12,CGCL,CAPRI GLOBAL CAPITAL LTD,235.85,237.7,226.18,228.75,235.46,2592162
2026-08-12,CPL,CAPTAIN POLYPLAST LIMITED,70.0,70.4,68.4,69.86,70.0,24042
2026-08-12,CARBORUNIV,CARBORUNDUM UNIVERSAL LTD,1180.0,1196.0,1146.6,1154.2,1173.8,282309
2026-08-12,CARERATING,CARE RATINGS LIMITED,1675.8,1723.3,1675.3,1687.6,1688.6,44134
2026-08-12,CPEDU,CAREER POINT EDUTECH LTD,210.2,215.0,209.0,213.53,212.86,7478
2026-08-12,CARRARO,CARRARO INDIA LIMITED,509.45,528.6,504.1,518.0,508.95,412049
2026-08-12,CARTRADE,CARTRADE TECH LIMITED,2778.0,2789.0,2705.0,2714.6,2763.6,165943
2026-08-12,CARYSIL,CARYSIL LIMITED,1205.9,1215.0,1171.2,1189.2,1196.3,90488
2026-08-12,CASTROLIND,CASTROL INDIA LIMITED,186.5,190.45,186.11,188.38,186.82,5108944
2026-08-12,CCL,CCL PRODUCTS (I) LTD,1123.9,1140.0,1122.0,1135.5,1123.6,93753
2026-08-12,CEATLTD,CEAT LIMITED,3763.0,3773.7,3707.4,3723.1,3750.2,60641
2026-08-12,CEIGALL,CEIGALL INDIA LIMITED,328.2,328.2,316.2,319.35,325.75,346338
2026-08-12,CEINSYS,CEINSYS TECH LIMITED,776.65,787.3,736.35,748.6,796.05,221452
2026-08-12,CELEBRITY,CELEBRITY FASHIONS LTD,6.98,6.98,6.85,6.86,6.91,4232
2026-08-12,CELLO,CELLO WORLD LIMITED,382.35,382.35,366.5,374.9,378.6,604740
2026-08-12,CEMPRO,CEMINDIA PROJECTS LIMITED,1270.9,1281.8,1249.5,1261.7,1274.6,342032
2026-08-12,CENTRALBK,CENTRAL BANK OF INDIA,31.23,31.66,31.0,31.28,31.19,8874627
2026-08-12,CDSL,CENTRAL DEPO SER (I) LTD,1349.8,1353.4,1333.1,1339.0,1347.0,764487
2026-08-12,CMPDI,CENTRAL MINE P N D INST L,251.9,253.8,244.0,246.0,250.09,1018220
2026-08-12,CENTRUM,CENTRUM CAPITAL LIMITED,26.65,26.76,25.0,25.72,26.89,390735
2026-08-12,CENTUM,CENTUM ELECTRONICS LTD,3850.0,3920.0,3771.3,3794.7,3821.2,41184
2026-08-12,CENTENKA,CENTURY ENKA LTD,605.0,612.4,602.0,604.1,604.1,87960
2026-08-12,CENTEXT,CENTURY EXTRUSIONS LTD,22.03,22.16,21.01,21.11,22.03,278334
2026-08-12,CENTURYPLY,CENTURY PLYBOARDS (I) LTD,776.4,776.4,761.1,763.85,776.4,49860
2026-08-12,CERA,CERA SANITARYWARE LTD,6007.0,6033.5,5872.5,5885.5,5984.5,9233
2026-08-12,CESC,CESC LTD,160.96,162.84,160.4,162.43,161.01,720532
2026-08-12,CGPOWER,CG POWER AND IND SOL LTD,881.0,888.0,872.0,888.0,881.0,1744914
2026-08-12,CHALET,CHALET HOTELS LIMITED,817.2,827.0,811.8,822.2,821.2,79279
2026-08-12,CLSEL,CHAMAN LAL SETIA EXP LTD,278.0,286.0,273.05,283.65,277.25,67158
2026-08-12,CHAMBLFERT,CHAMBAL FERTILIZERS LTD,444.3,444.95,441.35,442.3,444.35,165429
2026-08-12,CHEMPLASTS,CHEMPLAST SANMAR LIMITED,171.99,185.0,171.74,182.35,171.68,834690
2026-08-12,CHENNPETRO,CHENNAI PETROLEUM CORP LT,1418.0,1444.0,1370.1,1379.5,1426.1,2824270
2026-08-12,CHEVIOT,CHEVIOT COMPANY LIMITED,1230.0,1230.0,1152.0,1162.1,1168.5,2233
2026-08-12,CHOICEIN,CHOICE INTERNATIONAL LTD,822.8,827.9,810.55,814.5,822.4,273711
2026-08-12,CHOICEGOLD,CHOICEAMC - CHOICEGOLD,150.38,152.48,150.3,151.71,150.38,5616
2026-08-12,CHOLAHLDNG,CHOLAMANDALAM FIN HOL LTD,1619.4,1619.4,1400.1,1550.7,1610.6,211407
2026-08-12,CHOLAFIN,CHOLAMANDALAM IN & FIN CO,1909.5,1917.6,1888.4,1917.6,1914.4,540582
2026-08-12,CIEINDIA,CIE AUTOMOTIVE INDIA LTD,415.2,423.0,411.0,411.7,413.0,520775
2026-08-12,CINELINE,CINELINE INDIA LIMITED,89.9,91.1,88.3,89.34,88.03,23195
2026-08-12,CINEVISTA,CINEVISTA LIMITED,15.32,15.32,14.65,14.82,15.1,7241
2026-08-12,CIPLA,CIPLA LTD,1460.0,1468.8,1456.1,1463.0,1463.0,621021
2026-08-12,CUB,CITY UNION BANK LTD,214.0,218.6,212.38,215.85,213.69,1867608
2026-08-12,CLEANMAX,CLEAN MAX ENVIRO EN SOL L,1278.9,1294.9,1230.6,1269.9,1272.2,165891
2026-08-12,CLEAN,CLEAN SCIENCE & TECH LTD,814.95,814.95,800.2,804.9,810.0,345999
2026-08-12,CMRGREEN,CMR GREEN TECHNOLOGIES L,220.02,221.0,214.76,215.7,219.09,638667
2026-08-12,CMSINFO,CMS INFO SYSTEMS LIMITED,263.05,264.45,253.4,255.6,266.1,1333828
2026-08-12,COALINDIA,COAL INDIA LTD,412.6,413.7,408.2,409.3,412.6,4089147
2026-08-12,COASTCORP,COASTAL CORPORATION LTD,42.49,42.71,41.25,41.65,42.32,92744
2026-08-12,COCHINSHIP,COCHIN SHIPYARD LIMITED,1496.0,1514.9,1490.0,1506.0,1496.0,622999
2026-08-12,COFORGE,COFORGE LIMITED,1819.0,1819.1,1780.4,1801.5,1819.0,1592301
2026-08-12,COHANCE,COHANCE LIFESCIENCES LTD,465.0,468.35,443.0,444.35,463.95,517907
2026-08-12,COLPAL,COLGATE PALMOLIVE LTD.,2008.0,2008.0,1994.0,2005.0,2008.0,318454
2026-08-12,COMFINTE,COMFORT INTECH LTD.,6.68,6.68,6.47,6.52,6.41,172071
2026-08-12,COMSYN,COMMERCIAL SYN BAGS LTD,270.2,275.0,254.2,269.25,267.55,480470
2026-08-12,COMPUSOFT,COMPUCOM SOFTWARE LTD,13.25,13.39,13.12,13.28,13.11,37255
2026-08-12,CAMS,COMPUTER AGE MNGT SER LTD,787.0,788.5,771.0,777.4,788.0,1156640
2026-08-12,CONCORDBIO,CONCORD BIOTECH LIMITED,1435.4,1460.0,1424.4,1444.7,1428.9,93615
2026-08-12,CEWATER,CONCORD ENVIRO SYSTEMS L,258.0,266.9,254.05,261.0,275.2,247113
2026-08-12,CONFIPET,CONFIDENCE PETRO IND LTD.,78.71,78.91,72.51,73.82,78.42,4555642
2026-08-12,CCCL,CONS. CONST. CONSORT LTD,15.94,15.94,15.12,15.27,15.56,167143
2026-08-12,CONCOR,CONTAINER CORP OF IND LTD,515.0,523.8,510.4,512.05,512.0,2354296
2026-08-12,CONTROLPR,CONTROL PRINT LIMITED,563.7,571.3,563.7,567.5,569.7,17218
2026-08-12,CORALFINAC,CORAL INDIA FIN & HOUS LT,32.74,33.99,32.51,32.86,33.34,171223
2026-08-12,COROMANDEL,COROMANDEL INTERNTL. LTD,2074.7,2085.9,2052.0,2073.3,2085.2,105488
2026-08-12,CORONA,CORONA REMEDIES LIMITED,2099.0,2144.9,2099.0,2135.9,2101.7,16664
2026-08-12,COSMOFIRST,COSMO FIRST LIMITED,939.65,944.45,902.0,909.0,930.3,70892
2026-08-12,CCHHL,COUNTRY CLUB HOSP HOL LTD,12.71,12.71,12.31,12.36,12.46,12884
2026-08-12,CPCAP,CP CAPITAL LIMITED,115.2,134.8,115.2,131.81,116.12,221023
2026-08-12,CPSEETF,CPSE ETF,93.84,94.98,93.21,93.86,93.84,1031400
2026-08-12,CRAFTSMAN,CRAFTSMAN AUTOMATION LTD,10360.0,10723.0,10326.0,10511.0,10294.0,71285
2026-08-12,CREATIVEYE,CREATIVE EYE LIMITED,6.24,6.24,5.76,6.02,6.26,32020
2026-08-12,CNL,CREATIVE NEWTECH LIMITED,1130.2,1218.35,1130.2,1207.25,1115.6,269539
2026-08-12,CREDITACC,CREDITACCESS GRAMEEN LTD,1540.0,1560.0,1535.0,1545.4,1540.3,310316
2026-08-12,MUFTI,CREDO BRANDS MARKETING L,80.75,83.18,77.01,80.07,83.26,412623
2026-08-12,CREST,CREST VENTURES LIMITED,371.0,374.8,360.0,363.35,368.65,5853
2026-08-12,CRISIL,CRISIL LTD,4508.6,4522.8,4450.0,4507.1,4480.8,28123
2026-08-12,CRIZAC,CRIZAC LIMITED,185.4,186.26,180.01,182.52,185.33,259977
2026-08-12,CROMPTON,CROMPT GREA CON ELEC LTD,246.0,248.35,241.55,247.85,245.4,1952319
2026-08-12,CROWN,CROWN LIFTERS LIMITED,107.1,108.65,105.76,107.29,107.6,5045
2026-08-12,CSBBANK,CSB BANK LIMITED,326.05,326.2,317.0,319.2,324.55,247247
2026-08-12,CSLFINANCE,CSL FINANCE LIMITED,225.0,228.49,219.99,224.18,224.21,24973
2026-08-12,CSM,CSM TECHNOLOGIES LIMITED,101.84,102.88,101.11,101.79,102.72,149206
2026-08-12,CUBEXTUB,CUBEX TUBINGS LTD,79.79,81.19,79.0,79.11,79.79,42146
2026-08-12,CUMMINSIND,CUMMINS INDIA LTD,5366.5,5406.5,5330.0,5365.0,5378.5,554039
2026-08-12,CUPID,CUPID LIMITED,281.0,290.0,279.42,289.87,276.65,48203967
2026-08-12,CURAA,CURA TECHNOLOGIES LIMITED,73.55,75.5,73.0,73.71,73.55,93
2026-08-12,CYIENTDLM,CYIENT DLM LIMITED,712.1,715.0,682.05,688.95,709.0,370815
2026-08-12,CYIENT,CYIENT LIMITED,854.3,862.6,839.0,840.5,853.4,226541
2026-08-12,DLINKINDIA,D-LINK INDIA LTD,435.0,435.0,422.85,425.95,432.45,90711
2026-08-12,DPABHUSHAN,D. P. ABHUSHAN LIMITED,1470.0,1526.9,1395.0,1417.1,1466.9,56163
2026-08-12,DBCORP,D.B.CORP LTD,212.5,215.43,209.37,212.22,211.86,116431
2026-08-12,DABUR,DABUR INDIA LTD,412.65,413.1,405.05,411.25,412.65,1677000
2026-08-12,DAICHI,DAI-ICHI KARKARIA LTD.,332.85,332.85,308.25,311.25,319.9,1061
2026-08-12,DALBHARAT,DALMIA BHARAT LIMITED,1835.6,1844.0,1812.0,1841.4,1835.6,89855
2026-08-12,DALMIASUG,DALMIA BHARAT SUG IN LTD,408.3,411.9,398.05,410.1,408.3,210455
2026-08-12,DAMCAPITAL,DAM CAPITAL ADVISORS LTD,145.0,148.4,144.78,146.15,152.38,577422
2026-08-12,DANGEE,DANGEE DUMS LIMITED,2.98,3.07,2.95,2.96,2.98,29185
2026-08-12,DATAPATTNS,DATA PATTERNS INDIA LTD,4403.0,4546.1,4399.9,4491.0,4391.6,836820
2026-08-12,DATAMATICS,DATAMATICS GLOBAL SER LTD,865.5,872.25,851.3,862.95,862.7,225886
2026-08-12,DAVANGERE,DAVANGERE SUGAR COMPANY L,3.08,3.12,3.06,3.09,3.09,2779300
2026-08-12,DCI,DC INFOTECH AND COMUN LTD,355.05,358.75,352.05,352.2,353.0,26636
2026-08-12,DCBBANK,DCB BANK LIMITED,186.05,191.73,186.0,188.24,185.02,984286
2026-08-12,DCMFINSERV,DCM FINANCIAL SERVICES LT,5.59,5.59,4.95,5.09,5.13,37587
2026-08-12,DCMNVL,DCM NOUVELLE LIMITED,181.63,181.63,172.1,179.26,172.99,190940
2026-08-12,DCMSRIND,DCM SHRIRAM IND LTD,43.23,43.29,42.0,42.98,43.17,87842
2026-08-12,DCMSHRIRAM,DCM SHRIRAM LIMITED,1010.0,1013.0,991.0,993.7,1007.0,47991
2026-08-12,DCW,DCW LTD,46.7,46.8,45.88,45.97,46.62,643999
2026-08-12,DCXINDIA,DCX SYSTEMS LIMITED,178.02,180.63,175.5,177.01,178.02,372578
2026-08-12,DDEVPLSTIK,DDEV PLASTIKS IND LTD,290.25,303.9,288.55,290.85,290.3,227613
2026-08-12,DENORA,DE NORA INDIA LIMITED,864.0,883.65,821.65,846.3,874.55,10603
2026-08-12,DECCANCE,DECCAN CEMENTS LIMITED,565.0,570.0,525.0,549.9,558.5,98210
2026-08-12,DECNGOLD,DECCAN GOLD MINES LTD.,223.09,229.0,218.6,220.35,221.31,3120188
2026-08-12,DEEDEV,DEE DEVELOPMENT ENG LTD,632.0,642.0,613.3,638.7,623.2,190766
2026-08-12,DEEPINDS,DEEP INDUSTRIES LIMITED,675.0,699.0,650.0,696.1,670.05,782421
2026-08-12,DEEPAKFERT,DEEPAK FERTILIZERS & PETR,1503.0,1504.0,1450.6,1455.7,1498.0,332955
2026-08-12,DEEPAKNTR,DEEPAK NITRITE LTD,1779.8,1781.0,1711.0,1718.4,1784.8,337575
2026-08-12,DELHIVERY,DELHIVERY LIMITED,475.3,475.3,466.8,470.25,473.45,6123936
2026-08-12,DELTACORP,DELTA CORP LIMITED,64.0,64.01,60.39,60.71,63.27,2262213
2026-08-12,DELTAMAGNT,DELTA MANUFACTURING LTD,59.78,59.78,57.5,58.14,59.83,1222
2026-08-12,DEN,DEN NETWORKS LTD,27.3,27.3,26.74,26.99,27.21,397173
2026-08-12,DENTA,DENTA WATER N INFRA SOL L,332.35,334.15,322.25,323.1,332.55,146211
2026-08-12,DEVX,DEV ACCELERATOR LIMITED,36.08,36.08,34.56,34.99,35.76,94481
2026-08-12,DEVIT,DEV INFO TECHNOLOGY LTD,27.2,27.72,26.8,27.14,27.09,14615
2026-08-12,DEVYANI,DEVYANI INTERNATIONAL LTD,142.1,142.1,137.0,140.21,142.79,5819096
2026-08-12,DBOL,DHAMPUR BIO ORGANICS LTD,113.62,117.0,113.62,114.11,114.64,36778
2026-08-12,DHAMPURSUG,DHAMPUR SUGAR MILLS LTD.,158.1,162.77,156.01,159.23,158.0,462905
2026-08-12,DHANBANK,DHANLAXMI BANK LIMITED,32.73,32.93,32.41,32.5,32.73,271833
2026-08-12,DHANUKA,DHANUKA AGRITECH LTD,1040.4,1040.4,1018.1,1026.7,1040.4,19166
2026-08-12,DHARMAJ,DHARMAJ CROP GUARD LTD,279.85,284.4,273.15,278.45,280.0,106140
2026-08-12,DHRUV,DHRUV CONSULTANCY SER LTD,23.8,25.3,23.0,23.17,24.18,4568
2026-08-12,DHUNINV,DHUNSERI INVESTMENTS LTD,988.0,988.0,961.15,972.2,964.7,1935
2026-08-12,DTIL,DHUNSERI TEA & IND. LTD.,137.95,143.5,134.1,140.5,138.44,20502
2026-08-12,DVL,DHUNSERI VENTURES LIMITED,289.6,290.7,264.81,270.6,287.81,35608
2026-08-12,DIAMINESQ,DIAMINES & CHEMICALS LTD,243.17,249.9,239.5,240.72,243.39,11124
2026-08-12,DICIND,DIC INDIA LIMITED,529.95,529.95,497.65,505.8,511.0,1481
2026-08-12,DIFFNKG,DIFFUSION ENGINEERS LTD,384.0,385.0,356.75,362.6,372.85,445456
2026-08-12,DGCONTENT,DIGICONTENT LIMITED,25.5,25.77,24.81,24.87,25.53,50112
2026-08-12,DIGIDRIVE,DIGIDRIVE DISTRIBUTORS L,18.38,18.44,17.62,17.79,17.79,31657
2026-08-12,DIGISPICE,DIGISPICE TECHNOLOGIES LT,17.01,17.48,16.88,17.16,17.33,81288
2026-08-12,DIGITIDE,DIGITIDE SOLUTIONS LTD,101.8,104.7,99.5,103.86,102.37,354509
2026-08-12,DIGJAMLMTD,DIGJAM LTD,48.59,49.9,48.2,48.92,48.88,7275
2026-08-12,DNAMEDIA,DILIGENT MEDIA CORP LTD.,2.81,2.81,2.61,2.72,2.78,23777
2026-08-12,DBL,DILIP BUILDCON LIMITED,422.3,423.8,411.6,414.95,422.2,280623
2026-08-12,DISAQ,DISA INDIA LTD.,12017.0,12100.0,11580.0,11622.0,12023.0,697
2026-08-12,DISHTV,DISH TV INDIA LTD.,2.83,2.83,2.75,2.81,2.81,876451
2026-08-12,DCAL,DISHMAN CARBO AMCIS LTD,193.43,193.9,186.5,191.15,193.43,233026
2026-08-12,DIVGIITTS,DIVGI TORQTRANSFER SYST L,1188.8,1288.0,1176.95,1231.95,1076.4,2717226
2026-08-12,DIVISLAB,DIVI S LABORATORIES LTD,8630.0,8674.0,8471.5,8600.0,8578.5,559195
2026-08-12,DIXON,DIXON TECHNO (INDIA) LTD,14061.0,14090.0,13670.0,13800.0,14023.0,325889
2026-08-12,DJML,DJ MEDIAPRINT & LOG LTD,109.59,110.37,101.1,103.58,108.51,187294
2026-08-12,DLF,DLF LIMITED,653.0,661.75,644.55,661.75,650.1,2681958
2026-08-12,DMCC,DMCC SPECIALITY CHEMICALS,300.05,306.85,295.8,299.3,302.15,120683
2026-08-12,DODLA,DODLA DAIRY LIMITED,1054.0,1054.0,1038.0,1043.6,1043.8,17436
2026-08-12,DOLATALGO,DOLAT ALGOTECH LIMITED,70.15,71.2,69.1,69.81,70.18,79161
2026-08-12,DOLLAR,DOLLAR INDUSTRIES LIMITED,290.0,293.0,274.65,277.3,288.65,232706
2026-08-12,DOLPHIN,DOLPHIN OFF ENT (IND) L,446.0,500.0,436.15,494.35,440.55,654932
2026-08-12,DOMS,DOMS INDUSTRIES LIMITED,2231.8,2247.0,2219.3,2242.0,2231.8,24235
2026-08-12,DONEAR,DONEAR IND. LIMITED,84.0,85.25,82.16,85.0,83.62,19300
2026-08-12,AGARWALEYE,DR AGARWALS HEALTH CARE L,509.0,514.95,501.0,511.45,542.0,48136246
2026-08-12,DRAGARWQ,DR. AGARWAL'S EYE HOSP L,5213.0,5475.0,5170.0,5311.5,5314.5,2938
2026-08-12,LALPATHLAB,DR. LAL PATH LABS LTD.,1954.8,1988.9,1940.0,1953.3,1949.9,351481
2026-08-12,DRREDDY,DR. REDDY S LABORATORIES,1206.8,1206.8,1190.0,1200.0,1205.0,2366909
2026-08-12,DRCSYSTEMS,DRC SYSTEMS INDIA LIMITED,13.19,13.19,12.52,12.81,12.76,40002
2026-08-12,DREAMFOLKS,DREAMFOLKS SERVICES LTD,68.12,69.89,68.05,69.15,69.1,36476
2026-08-12,DREDGECORP,DREDGING CORP OF INDIA,1059.5,1067.9,1027.7,1036.8,1059.2,80369
2026-08-12,KEEPLEARN,DSJ KEEP LEARNING LTD,2.03,2.03,1.93,1.99,1.96,21628
2026-08-12,LIQUIDETF,DSP LIQUID ETF,1000.0,1000.01,999.99,1000.0,1000.0,434077
2026-08-12,BANK10ADD,DSPAMC - BANK10ADD,17.0,17.3,16.86,17.24,17.0,65626
2026-08-12,BANKADD,DSPAMC - DSPBANK,58.76,59.35,58.76,59.33,58.76,343335
2026-08-12,GOLDADD,DSPAMC - DSPGOLD,147.98,148.72,147.62,148.59,147.61,2068223
2026-08-12,ITADD,DSPAMC - DSPIT,33.69,33.74,32.97,33.26,33.64,15117
2026-08-12,EQUAL50ADD,DSPAMC - DSPNEWETF,352.1,352.16,347.57,348.06,351.05,14172
2026-08-12,NIFTYADD,DSPAMC - DSPNIFTY,255.53,259.57,255.53,258.35,258.11,23301
2026-08-12,PSUBANKADD,DSPAMC - DSPPSBKETF,87.62,89.17,87.52,88.82,87.28,60562
2026-08-12,PVTBANKADD,DSPAMC - DSPPVBKETF,27.73,27.98,27.67,27.89,27.86,30899
2026-08-12,MIDQ50ADD,DSPAMC - DSPQ50ETF,25.92,25.92,25.5,25.63,25.68,77824
2026-08-12,SENSEXADD,DSPAMC - DSPSENXETF,80.85,80.98,79.94,80.26,80.85,707
2026-08-12,SILVERADD,DSPAMC - DSPSILVETF,225.86,228.8,224.3,227.85,223.97,269027
2026-08-12,FLEXIADD,DSPAMC - FLEXIADD,10.39,10.39,10.28,10.32,10.36,27909
2026-08-12,FMCGADD,DSPAMC - FMCGADD,48.9,49.46,48.41,48.82,49.12,15067
2026-08-12,HEALTHADD,DSPAMC - HEALTHADD,16.85,16.89,16.69,16.74,16.85,16036
2026-08-12,LIQUIDADD,DSPAMC - LIQUIDADD,1139.88,1139.9,1139.88,1139.89,1139.74,660672
2026-08-12,MIDBANKADD,DSPAMC - MIDBANKADD,17.36,17.45,17.3,17.45,17.35,1018
2026-08-12,MIDCAPADD,DSPAMC - MIDCAPADD,23.51,23.55,23.38,23.53,23.53,12461
2026-08-12,MSCIADD,DSPAMC - MSCIADD,30.29,30.5,29.84,30.04,30.29,12396
2026-08-12,NEXT30ADD,DSPAMC - NEXT30ADD,44.09,44.09,43.71,43.88,44.0,11427
2026-08-12,NEXT50ADD,DSPAMC - NEXT50ADD,74.99,75.09,74.53,74.8,74.99,1394
2026-08-12,SMALLADD,DSPAMC - SMALLADD,18.77,18.77,18.42,18.45,18.8,196048
2026-08-12,TOP10ADD,DSPAMC - TOP10ADD,89.55,89.55,87.95,88.46,89.2,260110
2026-08-12,DUCON,DUCON INFRATECHNOLOGIES L,3.28,3.29,3.1,3.14,3.22,107494
2026-08-12,DWARKESH,DWARIKESH SUGAR IND LTD,41.48,42.22,41.13,41.56,41.68,683122
2026-08-12,DSSL,DYNACONS SYS & SOLN LTD,1240.2,1258.3,1222.8,1238.9,1239.8,19100
2026-08-12,DYNAMATECH,DYNAMATIC TECHNOLOGIES,10536.0,10828.0,10467.0,10674.0,10600.0,29877
2026-08-12,DYCL,DYNAMIC CABLES LIMITED,445.95,464.95,440.0,454.0,441.2,1716733
2026-08-12,DYNPRO,DYNEMIC PRODUCTS LIMITED,262.15,267.0,260.5,262.1,260.1,9164
2026-08-12,EASEMYTRIP,EASY TRIP PLANNERS LTD,6.58,6.6,6.42,6.47,6.58,19904320
2026-08-12,ECLERX,ECLERX SERVICES LTD,1806.0,1822.0,1781.4,1810.2,1795.6,98896
2026-08-12,BBETF0432,EDELAMC - BBETF0432,1352.82,1357.89,1352.82,1357.08,1353.18,1121
2026-08-12,EBANK10,EDELAMC - EBANK10,16.96,16.96,16.82,16.86,16.8,194
2026-08-12,EBANKNIFTY,EDELAMC - EBANKNIFTY,57.77,58.36,57.77,58.32,58.0,225
2026-08-12,EBBETF0430,EDELAMC - EBBETF0430,1619.0,1619.0,1610.01,1615.08,1614.73,7537
2026-08-12,EBBETF0431,EDELAMC - EBBETF0431,1434.11,1443.95,1433.92,1442.62,1441.12,10457
2026-08-12,EBBETF0433,EDELAMC - EBBETF0433,1327.7,1327.7,1318.01,1322.42,1321.09,5757
2026-08-12,ECAPINSURE,EDELAMC - ECAPINSURE,23.78,23.78,23.54,23.68,23.66,35904
2026-08-12,EGOLD,EDELAMC - EGOLD,152.15,153.2,151.85,152.9,151.75,67385
2026-08-12,ELIQUID,EDELAMC - ELIQUID,1043.25,1043.27,1043.25,1043.25,1043.14,52864
2026-08-12,ELM250,EDELAMC - ELM250,16.9,17.11,16.8,16.83,17.05,49292
2026-08-12,ELMDIV,EDELAMC - ELMDIV,37.63,37.63,36.13,36.75,36.89,6045
2026-08-12,EMETAL,EDELAMC - EMETAL,13.17,13.27,13.14,13.21,13.11,4123
2026-08-12,EMULTIMQ,EDELAMC - EMULTIMQ,41.98,42.23,41.98,42.19,41.95,35037
2026-08-12,ENEXT50,EDELAMC - ENEXT50,74.57,74.57,74.15,74.48,74.2,646
2026-08-12,ENIFTY,EDELAMC - ENIFTY,23.98,24.72,23.98,24.65,24.6,7803
2026-08-12,ESENSEX,EDELAMC - ESENSEX,78.96,79.04,77.91,78.99,78.96,2970
2026-08-12,ESILVER,EDELAMC - ESILVER,233.56,236.3,232.46,236.29,231.75,422704
2026-08-12,EDELWEISS,EDELWEISS FIN SERV LTD,119.37,120.3,117.41,118.9,119.08,1403486
2026-08-12,EFCIL,EFC (I) LIMITED,177.6,182.32,175.41,178.02,177.84,449243
2026-08-12,EICHERMOT,EICHER MOTORS LTD,8000.5,8049.0,7940.0,8049.0,8000.0,317282
2026-08-12,EIDPARRY,EID PARRY INDIA LTD,788.0,791.85,759.0,772.5,788.5,733425
2026-08-12,EIHAHOTELS,EIH ASSOCIATED HOTELS LTD,296.95,296.95,291.5,292.85,295.0,9539
2026-08-12,EIHOTEL,EIH LIMITED,300.35,302.5,297.7,298.5,302.35,142176
2026-08-12,EIMCOELECO,EIMCO ELECON (INDIA) LTD,1814.0,1814.0,1782.0,1795.1,1806.4,6527
2026-08-12,ELANTAS,ELANTAS BECK INDIA LTD.,11840.0,11840.0,10880.0,11443.5,11657.5,4628
2026-08-12,ELCIDIN,ELCID INVESTMENTS LTD.,113000.0,113000.0,109160.0,112500.0,112150.0,25
2026-08-12,ELDEHSG,ELDECO HSG & IND LTD.,764.5,768.75,741.5,750.3,764.5,1254
2026-08-12,ELECON,ELECON ENG. CO. LTD,433.3,443.1,428.0,441.45,436.4,486802
2026-08-12,EMIL,ELECTRONICS MART IND LTD,185.02,195.0,183.01,193.61,184.75,31604982
2026-08-12,ELECTCAST,ELECTROSTEEL CASTINGS LTD,73.6,74.3,71.92,73.56,73.56,1539684
2026-08-12,ELECTHERM,ELECTROTHERM (I) LTD.,1016.2,1045.0,1001.4,1012.4,1018.5,6998
2026-08-12,ELGIEQUIP,ELGI EQUIPMENTS LTD,572.0,583.2,572.0,575.55,573.85,351146
2026-08-12,ELGIRUBCO,ELGI RUBBER CO. LTD,60.23,61.19,57.01,58.81,60.19,83761
2026-08-12,ELIN,ELIN ELECTRONICS LIMITED,94.07,101.0,94.0,97.79,94.25,463918
2026-08-12,ELITECON,ELITECON INTERNATIONAL L,17.43,17.91,16.6,16.96,17.44,1943493
2026-08-12,ELLEN,ELLENBARRIE INDUS GASES L,295.0,323.8,286.7,323.8,294.4,3412223
2026-08-12,ELPROINTL,ELPRO INTERNATIONAL LTD,174.0,178.0,174.0,174.49,174.84,34121
2026-08-12,EMAMILTD,EMAMI LIMITED,402.3,402.5,395.9,397.25,402.3,407075
2026-08-12,EMAMIREAL,EMAMI REALTY LIMITED,75.0,78.27,75.0,76.82,75.87,7929
2026-08-12,EMBDL,EMBASSY DEVELOPMENTS LTD,65.0,65.1,61.45,61.96,64.72,3861184
2026-08-12,EMCURE,EMCURE PHARMACEUTICALS L,2008.6,2023.0,1983.3,2009.6,1998.7,214106
2026-08-12,EMKAY,EMKAY GLOBAL FIN SERV LTD,238.99,250.9,234.95,246.85,238.99,48493
2026-08-12,EMMVEE,EMMVEE PHOTOVOLTAIC PWR L,319.0,319.55,313.45,317.2,318.4,895867
2026-08-12,EMSLIMITED,EMS LIMITED,392.0,395.4,380.2,382.0,393.9,174831
2026-08-12,EMUDHRA,EMUDHRA LIMITED,525.95,529.85,512.1,522.65,525.75,104577
2026-08-12,ENDURANCE,ENDURANCE TECHNO. LTD.,3006.0,3029.0,2984.2,3019.7,2987.8,139376
2026-08-12,ENERGYDEV,ENERGY DEVE. CO.LTD,16.08,17.24,16.08,16.72,16.0,62579
2026-08-12,ENGINERSIN,ENGINEERS INDIA LTD,243.35,246.8,238.0,239.2,242.99,1264836
2026-08-12,ENTERO,ENTERO HEALTHCARE SOLU L,1425.1,1459.8,1406.4,1420.3,1427.2,234703
2026-08-12,ENIL,ENTERTAIN NET. IND. LTD.,102.02,102.98,100.5,101.33,101.59,51252
2026-08-12,EIEL,ENVIRO INFRA ENGINEERS L,212.0,212.89,200.84,203.13,213.97,2468285
2026-08-12,EPACK,EPACK DURABLE LIMITED,225.0,226.0,209.76,212.22,227.27,1222863
2026-08-12,EPACKPEB,EPACK PREFAB TECHN LTD,247.15,248.5,234.1,236.4,247.15,893994
2026-08-12,EPIGRAL,EPIGRAL LIMITED,1112.0,1120.0,1097.3,1101.0,1106.9,21285
2026-08-12,EPL,EPL LIMITED,244.27,259.83,236.29,243.64,235.78,15355500
2026-08-12,EQUITASBNK,EQUITAS SMALL FIN BNK LTD,74.6,74.78,73.5,74.57,74.78,1185790
2026-08-12,ERIS,ERIS LIFESCIENCES LIMITED,1395.0,1395.0,1341.3,1351.7,1390.3,67924
2026-08-12,ESABINDIA,ESAB INDIA LTD,6312.0,6400.0,5951.0,6023.0,5820.5,66506
2026-08-12,ESCORTS,ESCORTS KUBOTA LIMITED,3128.9,3131.0,3097.5,3126.0,3107.0,92021
2026-08-12,ESSARSHPNG,ESSAR SHIPPING LTD,20.0,20.0,19.4,19.57,19.71,117294
2026-08-12,ESTER,ESTER INDUSTRIES LTD,102.07,103.09,95.8,96.27,104.5,595516
2026-08-12,ETERNAL,ETERNAL LIMITED,318.95,318.95,312.6,314.05,318.0,19976751
2026-08-12,ETHOSLTD,ETHOS LIMITED,2829.9,2853.9,2768.1,2790.3,2829.3,19720
2026-08-12,EUREKAFORB,EUREKA FORBES LIMITED,454.1,473.1,445.6,458.55,452.2,489669
2026-08-12,EUROBOND,EURO PANEL PRODUCTS LTD,161.22,163.76,161.13,162.34,161.22,8121
2026-08-12,EUROPRATIK,EURO PRATIK SALES LIMITED,300.0,304.3,291.15,293.5,303.0,127671
2026-08-12,EVEREADY,EVEREADY INDS. IND.  LTD.,354.0,359.9,351.3,353.7,357.35,53250
2026-08-12,EKC,EVEREST KANTO CYLINDERLTD,112.0,113.3,111.5,112.19,113.62,92282
2026-08-12,EXCELINDUS,EXCEL INDUSTRIES LTD,1034.4,1060.0,1022.65,1051.0,1034.4,6458
2026-08-12,EXCELSOFT,EXCELSOFT TECHNOLOGIES L,76.4,76.68,74.8,75.17,75.81,328439
2026-08-12,EXICOM,EXICOM TELE SYSTEMS LTD,144.79,146.49,140.0,141.73,143.95,993093
2026-08-12,EXIDEIND,EXIDE INDUSTRIES LTD,485.0,495.25,482.35,490.65,483.35,4593999
2026-08-12,EXPLEOSOL,EXPLEO SOLUTIONS LIMITED,819.05,825.0,810.25,823.05,821.1,16428
2026-08-12,EXXARO,EXXARO TILES LIMITED,6.1,6.25,6.1,6.18,6.14,112168
2026-08-12,FABTECH,FABTECH TECHNOLOGIES LTD,147.0,149.5,145.0,145.81,147.64,94940
2026-08-12,FACT,FACT LTD,825.2,833.9,816.0,819.55,828.4,52303
2026-08-12,FAZE3Q,FAZE THREE LIMITED,543.05,564.0,543.05,543.05,603.35,115519
2026-08-12,FCSSOFT,FCS SOFTWARE SOLN. LTD.,1.46,1.46,1.42,1.42,1.44,2269892
2026-08-12,FDC,FDC LIMITED,363.0,363.2,351.0,353.75,360.9,150265
2026-08-12,FEDFINA,FEDBANK FINANCIAL SER L,155.0,155.51,150.93,151.84,154.63,879332
2026-08-12,FEDDERSHOL,FEDDERS HOLDING LTD.,42.02,42.5,40.0,41.04,41.86,380427
2026-08-12,FEDERALBNK,FEDERAL BANK LTD,354.55,357.65,353.8,356.85,354.55,3369817
2026-08-12,FMGOETZE,FEDERAL-MOGUL GOETZE (IND,482.1,492.0,482.1,487.2,487.4,28850
2026-08-12,FERMENTA,FERMENTA BIOTECH LTD.,483.25,499.7,468.0,473.65,483.85,231376
2026-08-12,FIBERWEB,FIBERWEB INDIA LIMITED,29.5,29.9,29.14,29.35,29.73,3898
2026-08-12,FIEMIND,FIEM INDUSTRIES LIMITED,2604.1,2674.8,2582.0,2645.9,2592.2,153129
2026-08-12,FILATFASH,FILATEX FASHIONS LIMITED,0.19,0.19,0.18,0.18,0.18,10590900
2026-08-12,FILATEX,FILATEX INDIA LTD,82.6,84.0,80.81,83.31,83.12,2332120
2026-08-12,FINEORG,FINE ORGANIC IND. LTD.,5120.7,5369.8,5115.7,5265.1,5120.7,108822
2026-08-12,FCL,FINEOTEX CHEMICAL LIMITED,43.0,44.95,41.7,42.65,42.99,20028758
2026-08-12,FINKURVE,FINKURVE FINANCIAL SERV L,60.54,62.0,59.5,61.39,60.02,13271
2026-08-12,FINOPB,FINO PAYMENTS BANK LTD,163.65,164.65,159.1,160.46,162.47,374355
2026-08-12,FINCABLES,FINOLEX CABLES LTD,1240.0,1374.0,1233.0,1280.05,1207.85,20153531
2026-08-12,FINPIPE,FINOLEX INDUSTRIES LTD,162.8,163.74,161.1,161.35,162.66,422174
2026-08-12,FSL,FIRSTSOURCE SOLU. LTD.,280.65,280.65,272.25,274.5,279.6,1861664
2026-08-12,FISCHER,FISCHER MEDICAL VENTURE L,38.47,39.0,36.7,37.66,38.47,946216
2026-08-12,FIVESTAR,FIVE-STAR BUS FIN LTD,545.0,555.5,545.0,554.4,546.25,263148
2026-08-12,FLAIR,FLAIR WRITING INDUST LTD,247.0,252.8,245.0,249.45,248.3,196484
2026-08-12,FOODSIN,FOODS & INNS LIMITED,53.07,53.24,50.25,51.29,53.07,88525
2026-08-12,FORCEMOT,FORCE MOTORS LIMITED,18347.0,19399.0,18347.0,19269.0,18330.0,240317
2026-08-12,FORTIS,FORTIS HEALTHCARE LTD,935.25,936.0,879.1,900.0,935.2,4300020
2026-08-12,FOSECOIND,FOSECO INDIA LTD,5500.5,5574.5,5481.0,5530.5,5500.5,3207
2026-08-12,FRACTAL,FRACTAL ANALYTICS LIMITED,828.0,832.75,812.15,823.0,828.3,147677
2026-08-12,FRONTSP,FRONTIER SPRINGS LTD.,1492.4,1575.0,1475.0,1509.5,1481.7,82391
2026-08-12,NYKAA,FSN E COMMERCE VENTURES,325.9,328.05,321.6,328.05,325.0,3832007
2026-08-12,UTLSOLAR,FUJIYAMA POWER SYSTEMS L,395.95,398.95,382.7,389.0,394.65,331296
2026-08-12,FUSION,FUSION FINANCE LIMITED,213.17,215.53,200.1,203.78,212.11,1242445
2026-08-12,GMBREW,G M BREWERIES LTD,900.0,904.45,890.0,896.0,900.0,19757
2026-08-12,GRINFRA,G R INFRAPROJECTS LIMITED,876.65,887.05,870.45,881.95,880.15,32045
2026-08-12,GABRIEL,GABRIEL INDIA LTD,1510.0,1510.0,1471.2,1476.8,1501.4,188740
2026-08-12,GAIL,GAIL (INDIA) LTD,175.34,177.95,173.3,177.95,175.34,8976408
2026-08-12,GALAPREC,GALA PRECISION ENG LTD,1006.4,1030.0,988.2,993.6,1006.4,27827
2026-08-12,GALAXYSURF,GALAXY SURFACTANTS LTD,2092.0,2092.0,2000.0,2022.4,2043.1,9398
2026-08-12,GALLANTT,GALLANTT ISPAT LIMITED,601.9,601.9,588.3,590.7,593.5,36891
2026-08-12,GANDHAR,GANDHAR OIL REFINE IND L,242.01,242.82,235.01,236.28,243.41,930996
2026-08-12,GANDHITUBE,GANDHI SPL. TUBES LTD,933.0,969.0,922.15,957.75,931.3,39709
2026-08-12,GANESHCP,GANESH CONSUMER PRODUCT L,162.85,164.85,160.5,162.26,161.7,51839
2026-08-12,GANESHHOU,GANESH HOUSING LIMITED,766.15,771.0,751.25,765.5,763.95,14308
2026-08-12,GANECOS,GANESHA ECOSPHERE LIMITED,1050.0,1074.0,1037.7,1069.6,1049.1,85205
2026-08-12,GANGAFORGE,GANGA FORGING LIMITED,2.4,2.41,2.4,2.4,2.3,18650121
2026-08-12,GANGESSECU,GANGES SECURITIES LIMITED,117.0,119.0,113.0,118.31,118.06,5927
2026-08-12,GRSE,GARDEN REACH SHIP&ENG LTD,2579.0,2584.0,2546.6,2576.4,2575.4,307019
2026-08-12,GARUDA,GARUDA CONSTRUCT N ENG L,191.05,193.48,182.2,183.49,190.67,1066354
2026-08-12,GRWRHITECH,GARWARE HI-TECH FILMS LTD,7040.5,7198.5,7000.0,7132.5,7020.5,46023
2026-08-12,GARFIBRES,GARWARE TECH FIBRES LTD,786.4,789.35,765.0,768.85,786.4,50951
2026-08-12,GATEWAY,GATEWAY DISTRIPARKS LTD,56.1,56.38,54.77,54.9,56.3,1657544
2026-08-12,GAYAHWS,GAYATRI HIGHWAYS LIMITED,2.0,2.0,1.92,1.98,1.96,165138
2026-08-12,GVPIL,GE POWER INDIA LIMITED,766.15,798.25,766.15,794.0,760.25,439433
2026-08-12,GVT&D,GE VERNOVA T&D INDIA LTD,4429.1,4549.0,4374.9,4406.5,4420.0,1048083
2026-08-12,GEEKAYWIRE,GEEKAY WIRES LIMITED,22.59,22.84,22.53,22.53,22.59,39280
2026-08-12,GEMAROMA,GEM AROMATICS LIMITED,181.5,181.65,169.0,170.59,181.45,152635
2026-08-12,GICRE,GENERAL INS CORP OF INDIA,355.75,358.5,352.8,355.85,355.7,420356
2026-08-12,GENCON,GENERIC ENG CONS PROJ LTD,39.65,39.9,39.18,39.64,39.51,225585
2026-08-12,GENESYS,GENESYS INTL CORPN LTD,210.1,214.0,207.2,208.0,214.45,183143
2026-08-12,GENUSPAPER,GENUS P&B LIMITED,12.27,12.27,11.78,11.83,12.2,79715
2026-08-12,GENUSPOWER,GENUS POWER INFRASTRU LTD,306.1,312.8,301.1,304.95,305.55,1569937
2026-08-12,GEOJITFSL,GEOJIT FINANCIAL SER L,77.09,78.17,74.67,77.7,76.78,412527
2026-08-12,GFLLIMITED,GFL LIMITED,48.8,49.0,47.13,47.9,47.27,43103
2026-08-12,GHCL,GHCL LIMITED,432.25,434.95,429.25,431.35,432.25,86368
2026-08-12,GHCLTEXTIL,GHCL TEXTILES LIMITED,119.6,119.6,115.31,115.93,119.27,298267
2026-08-12,GICHSGFIN,GIC HOUSING FINANCE LTD,151.0,151.27,148.4,149.41,150.42,80467
2026-08-12,GILLANDERS,GILLANDERS ARBUTHNOT LTD,91.62,93.25,90.21,90.21,91.6,2199
2026-08-12,GILLETTE,GILLETTE INDIA LTD,7660.0,7660.0,7581.5,7589.5,7641.5,9849
2026-08-12,GKENERGY,GK ENERGY LIMITED,131.0,131.75,127.0,128.05,130.73,450828
2026-08-12,GKWLIMITED,GKW LIMITED,1656.3,1679.0,1635.0,1638.3,1655.3,885
2026-08-12,GLAND,GLAND PHARMA LIMITED,2924.0,2949.9,2860.0,2891.2,2924.4,732471
2026-08-12,GLAXO,GLAXOSMITHKLINE PHARMA LT,2601.0,2624.9,2579.5,2620.2,2601.9,64718
2026-08-12,GLENMARK,GLENMARK PHARMACEUTICALS,2276.0,2310.0,2272.4,2290.0,2276.0,464575
2026-08-12,GLOBAL,GLOBAL EDUCATION LIMITED,81.6,104.65,81.6,102.94,100.12,252665
2026-08-12,MEDANTA,GLOBAL HEALTH LIMITED,1440.4,1446.7,1380.0,1393.5,1440.4,243269
2026-08-12,GSLSU,GLOBAL SURFACES LIMITED,28.97,29.55,28.21,29.55,28.15,76139
2026-08-12,GLOBALVECT,GLOBAL VEC HELICORP LTD,159.1,161.93,155.01,157.53,162.8,8955
2026-08-12,GLOBALE,GLOBALE TESSILE LIMITED,10.23,10.79,10.03,10.78,10.44,9187
2026-08-12,GLOBECIVIL,GLOBE CIVIL PROJECTS LTD,44.89,45.25,41.56,43.11,44.35,153450
2026-08-12,GLOBE,GLOBE ENTERPRISE (I) LTD,2.03,2.07,1.86,2.0,2.04,2101182
2026-08-12,GICL,GLOBE INTL CARRIERS LTD,21.8,22.6,20.88,22.27,21.7,626606
2026-08-12,GLOBUSSPR,GLOBUS SPIRITS LTD,876.05,878.15,862.4,873.5,870.1,81489
2026-08-12,GLOSTERLTD,GLOSTER LIMITED,675.7,675.7,638.2,640.95,652.7,1481
2026-08-12,GMMPFAUDLR,GMM PFAUDLER LIMITED,1003.8,1008.3,988.0,997.3,1003.8,89832
2026-08-12,GMRAIRPORT,GMR AIRPORTS LIMITED,105.11,106.29,102.15,104.55,105.11,18618816
2026-08-12,GMRP&UI,GMR POW AND URBAN INFRA L,95.82,97.4,95.0,96.73,95.82,689644
2026-08-12,GNA,GNA AXLES LIMITED,541.7,556.4,537.05,552.6,537.35,341130
2026-08-12,EBGNG,GNG ELECTRONICS LIMITED,584.0,584.0,562.1,574.35,572.55,395288
2026-08-12,GODIGIT,GO DIGIT GENERAL INS LTD,266.9,266.9,260.35,262.8,265.2,221410
2026-08-12,GOCOLORS,GO FASHION INDIA LTD,323.05,324.6,320.55,323.35,323.0,69589
2026-08-12,GOACARBON,GOA CARBON LIMITED,374.15,375.9,369.4,370.15,373.7,5172
2026-08-12,GOCLCORP,GOCL CORPORATION LIMITED,433.8,443.95,425.2,431.8,429.55,148130
2026-08-12,GODAVARIB,GODAVARI BIOREFINERIES L,270.95,272.75,260.0,261.6,273.6,416516
2026-08-12,GPIL,GODAWARI POW & ISP LTD,234.18,234.95,228.31,228.99,232.18,1651494
2026-08-12,GODFRYPHLP,GODFREY PHILLIPS INDIA LT,2223.5,2228.7,2150.0,2199.0,2224.9,205693
2026-08-12,GODREJAGRO,GODREJ AGROVET LIMITED,552.4,554.85,546.15,552.25,546.4,92807
2026-08-12,GODREJCP,GODREJ CONSUMER PRODUCTS,922.5,951.8,907.8,910.0,1025.0,22527411
2026-08-12,GODREJIND,GODREJ INDUSTRIES LTD,1304.8,1305.0,1219.1,1235.2,1289.8,116124
2026-08-12,GODREJPROP,GODREJ PROPERTIES LTD,2035.0,2042.0,1984.0,2015.0,2037.9,466920
2026-08-12,GOKEX,GOKALDAS EXPORTS LTD.,780.0,790.2,741.0,762.25,788.95,801501
2026-08-12,GOKULAGRO,GOKUL AGRO RESOURCES LTD,227.83,239.49,225.45,236.6,226.03,845538
2026-08-12,GOKUL,GOKUL REFOILS & SOLV LTD,40.7,40.7,39.25,39.53,40.1,150973
2026-08-12,GOLDIAM,GOLDIAM INTERNATIONAL LTD,387.9,387.9,369.05,372.85,384.05,898754
2026-08-12,GOODLUCK,GOODLUCK INDIA LIMITED,1340.0,1349.9,1301.0,1305.6,1330.5,360258
2026-08-12,GOODYEAR,GOODYEAR INDIA LIMITED,780.0,820.0,770.0,810.85,778.25,22705
2026-08-12,GOPAL,GOPAL SNACKS LIMITED,275.8,280.95,272.0,273.4,273.1,241136
2026-08-12,GOYALALUM,GOYAL ALUMINIUMS LIMITED,6.58,6.58,6.3,6.31,6.36,71794
2026-08-12,GPTHEALTH,GPT HEALTHCARE LIMITED,160.9,160.94,156.09,157.28,160.51,71280
2026-08-12,GPTINFRA,GPT INFRAPROJECTS LTD,116.27,120.19,115.21,118.87,116.5,104185
2026-08-12,GRADIENTE,GRADIENTE INFOTAINMENT L,2.67,2.69,2.6,2.61,2.57,3791463
2026-08-12,GRANDOAK,GRAND OAK CANYONS DIST L,39.11,40.81,38.77,39.29,40.81,8213
2026-08-12,GRANULES,GRANULES INDIA LIMITED,857.5,870.0,854.4,864.8,861.0,283049
2026-08-12,GRAPHITE,GRAPHITE INDIA LTD,730.1,742.0,721.0,726.25,730.85,672656
2026-08-12,GRASIM,GRASIM INDUSTRIES LTD,3325.1,3393.9,3270.6,3307.8,3322.2,2309486
2026-08-12,GRAUWEIL,GRAUER & WEIL IND LTD,68.16,68.16,66.0,67.1,67.67,256410
2026-08-12,GRAVISSHO,GRAVISS HOSPITALITY LTD.,29.0,31.2,29.0,30.63,30.65,3768
2026-08-12,GRAVITA,GRAVITA INDIA LIMITED,1789.9,1838.9,1755.5,1815.1,1784.5,217427
2026-08-12,GREAVESCOT,GREAVES COTTON LTD.,198.1,198.49,190.57,193.76,197.78,1212348
2026-08-12,GREENLAM,GREENLAM INDUSTRIES LTD.,242.95,253.65,242.5,248.5,242.35,519672
2026-08-12,GREENPANEL,GREENPANEL INDUSTRIES LTD,184.0,185.2,176.0,176.66,183.59,574131
2026-08-12,GREENPLY,GREENPLY INDUSTRIES LTD,279.55,281.5,275.5,276.65,278.85,41681
2026-08-12,GCSL,GRETEX CORPORATE SERVICES,466.0,514.0,452.05,502.2,465.8,1178047
2026-08-12,GRINDWELL,GRINDWELL NORTON LIMITED,2079.0,2127.6,2079.0,2106.2,2080.8,28826
2026-08-12,GRMOVER,GRM OVERSEAS LIMITED,94.84,96.49,90.02,91.38,94.19,1610382
2026-08-12,CEMNTGROWW,GROWWAMC - CEMNTGROWW,15.42,15.55,15.12,15.2,15.27,113890
2026-08-12,GROWWCAPM,GROWWAMC - GROWWCAPM,11.29,11.29,11.12,11.23,11.19,177403
2026-08-12,GROWWCHEM,GROWWAMC - GROWWCHEM,30.41,30.78,30.3,30.48,30.61,30661
2026-08-12,GROWWDEFNC,GROWWAMC - GROWWDEFNC,96.45,96.7,95.24,96.33,95.92,161249
2026-08-12,GROWWEV,GROWWAMC - GROWWEV,34.11,34.25,33.86,34.13,33.95,325847
2026-08-12,GROWWGOLD,GROWWAMC - GROWWGOLD,14.97,14.98,14.86,14.93,14.81,1604950
2026-08-12,GROWWHOSPI,GROWWAMC - GROWWHOSPI,53.76,53.77,51.76,51.9,53.55,978519
2026-08-12,GROWWLIQID,GROWWAMC - GROWWLIQID,110.05,110.31,110.05,110.3,110.29,88874
2026-08-12,GROWWLOVOL,GROWWAMC - GROWWLOVOL,10.68,10.68,10.52,10.55,10.65,7272
2026-08-12,GROWWMC150,GROWWAMC - GROWWMC150,236.79,239.0,232.01,232.18,236.79,2786
2026-08-12,GROWWMETAL,GROWWAMC - GROWWMETAL,12.51,12.7,12.3,12.39,12.51,491560
2026-08-12,GROWWMOM50,GROWWAMC - GROWWMOM50,11.14,11.14,10.98,11.07,11.0,185413
2026-08-12,GROWWN200,GROWWAMC - GROWWN200,11.49,11.61,11.45,11.54,11.56,71141
2026-08-12,GROWWNET,GROWWAMC - GROWWNET,10.61,10.8,10.47,10.52,10.61,391714
2026-08-12,GROWWNIFTY,GROWWAMC - GROWWNIFTY,9.78,9.99,9.78,9.86,9.88,612796
2026-08-12,GROWWNXT50,GROWWAMC - GROWWNXT50,75.78,75.78,74.58,74.92,74.95,7253
2026-08-12,GROWWPOWER,GROWWAMC - GROWWPOWER,11.57,11.58,11.42,11.48,11.48,1791343
2026-08-12,GROWWPSE,GROWWAMC - GROWWPSE,98.27,100.4,98.0,100.4,98.98,16587
2026-08-12,GROWWPSUBK,GROWWAMC - GROWWPSUBK,86.44,88.46,86.44,88.05,86.25,10061
2026-08-12,GROWWRAIL,GROWWAMC - GROWWRAIL,29.46,29.46,29.18,29.28,29.28,294972
2026-08-12,GROWWRLTY,GROWWAMC - GROWWRLTY,9.96,10.05,9.85,9.9,9.96,229853
2026-08-12,GROWWSC250,GROWWAMC - GROWWSC250,10.72,10.72,10.57,10.62,10.64,146065
2026-08-12,GROWWSLVR,GROWWAMC - GROWWSLVR,23.1,23.17,22.8,23.11,22.77,1862603
2026-08-12,PVTBKGROWW,GROWWAMC - PVTBKGROWW,27.26,27.62,27.26,27.41,27.55,15285
2026-08-12,SMALLGROWW,GROWWAMC - SMALLGROWW,48.99,48.99,48.39,48.89,48.67,8647
2026-08-12,GRPLTD,GRP LIMITED,1926.1,1998.8,1920.3,1976.7,1925.9,1435
2026-08-12,GSPCROP,GSP CROP SCIENCE LIMITED,592.2,594.4,584.5,588.75,592.4,323005
2026-08-12,GSS,GSS INFOTECH LIMITED,13.62,13.62,13.21,13.27,13.61,24934
2026-08-12,GTLINFRA,GTL INFRA.LTD,1.24,1.25,1.22,1.23,1.24,21421097
2026-08-12,GTL,GTL LTD,7.75,7.95,7.56,7.6,7.59,256106
2026-08-12,GTPL,GTPL HATHWAY LIMITED,52.99,54.99,52.99,53.94,52.56,147330
2026-08-12,GUFICBIO,GUFIC BIOSCIENCES LTD.,434.0,439.0,420.3,424.9,431.1,112334
2026-08-12,GIPCL,GUJ IND POW CO. LTD,172.0,181.4,170.78,174.05,164.64,8115461
2026-08-12,GNFC,GUJ NAR VAL FER & CHEM L,549.85,556.4,548.9,551.05,548.4,449732
2026-08-12,GSFC,GUJ STATE FERT & CHEM LTD,162.0,163.72,159.04,160.69,161.34,905558
2026-08-12,GUJAPOLLO,GUJ. APOLLO IND. LTD.,345.05,350.0,345.05,347.3,352.65,3094
2026-08-12,GUJALKALI,GUJARAT ALKALIES & CHEM,670.05,677.55,666.05,672.45,677.35,35804
2026-08-12,GAEL,GUJARAT AMBUJA EXPORTS LT,169.0,169.7,165.0,165.36,168.87,583895
2026-08-12,GUJENERGY,GUJARAT ENERGY LIMITED,299.45,299.45,272.4,274.35,274.4,6836300
2026-08-12,FLUOROCHEM,GUJARAT FLUOROCHEM LTD,4440.0,4695.0,4410.0,4565.8,4416.2,979035
2026-08-12,GKSL,GUJARAT KIDNEY N SUP SP L,133.8,135.86,132.97,133.16,133.8,100848
2026-08-12,GLFL,GUJARAT LEASE FINANCING L,5.89,5.9,5.66,5.88,5.62,5512
2026-08-12,GMDCLTD,GUJARAT MINERAL DEV CORP,602.9,617.15,600.5,603.2,603.0,2552352
2026-08-12,GNRL,GUJARAT NATURAL RES L,111.94,116.2,111.0,114.3,110.09,357979
2026-08-12,GPPL,GUJARAT PIPAVAV PORT LTD,148.49,150.8,147.86,149.79,148.13,986838
2026-08-12,GUJRAFFIA,GUJARAT RAFFIA INDUST LTD,41.4,42.92,40.3,41.98,39.02,24987
2026-08-12,GUJTHEM,GUJARAT THEMIS BIOSYN LTD,360.4,363.95,352.0,352.65,362.05,34119
2026-08-12,GULFOILLUB,GULF OIL LUB. IND. LTD.,1200.8,1200.8,1171.0,1181.2,1189.8,27354
2026-08-12,GULPOLY,GULSHAN POLYOLS LIMITED,198.89,199.96,188.04,189.89,198.18,377543
2026-08-12,GVPTECH,GVP INFOTECH LIMITED,7.06,7.24,7.04,7.13,7.06,76963
2026-08-12,GYFTR,GYFTR LIMITED,161.35,162.0,156.99,160.15,160.33,36123
2026-08-12,HBESD,H B ESTATE DEVELOPERS L,74.01,78.5,74.01,74.99,75.79,1914
2026-08-12,HGINFRA,H.G.INFRA ENGINEERING LTD,553.0,575.75,547.8,551.75,547.8,232826
2026-08-12,HALDER,HALDER VENTURE LIMITED,265.09,289.0,265.09,275.08,265.04,36579
2026-08-12,HALEOSLABS,HALEOS LABS LIMITED,1415.4,1478.0,1415.0,1451.4,1444.7,757
2026-08-12,HGM,HANDSON GBL MNGMNT LTD,49.0,49.3,47.0,48.11,48.66,5290
2026-08-12,HAPPSTMNDS,HAPPIEST MINDS TECHNO LTD,394.0,394.65,384.75,390.0,394.35,583657
2026-08-12,HAPPYFORGE,HAPPY FORGINGS LIMITED,1907.8,2040.0,1907.8,2022.7,1907.8,244242
2026-08-12,HARDWYN,HARDWYN INDIA LIMITED,11.19,11.95,11.06,11.51,11.17,5272768
2026-08-12,HARIOMPIPE,HARIOM PIPE INDUSTRIES L,394.75,397.95,385.0,392.7,392.65,112617
2026-08-12,HARRMALAYA,HARRISON MALAYALAM LTD,227.35,227.35,217.61,219.74,221.29,31265
2026-08-12,HARSHA,HARSHA ENGINEERS INT LTD,410.0,410.0,395.45,399.9,410.45,254264
2026-08-12,HATHWAY,HATHWAY CABLE & DATACOM,10.76,10.85,10.62,10.67,10.76,1159753
2026-08-12,HATSUN,HATSUN AGRO PRODUCT LTD.,949.3,955.0,940.0,950.05,942.5,57776
2026-08-12,HAVELLS,HAVELLS INDIA LIMITED,1271.3,1276.9,1257.7,1265.0,1274.4,420518
2026-08-12,HAWKINCOOK,HAWKINS COOKERS LTD,8190.5,8286.5,8105.5,8177.5,8193.0,595
2026-08-12,HBSL,HB STOCKHOLDINGS LIMITED,54.01,59.78,54.01,57.55,57.48,2964
2026-08-12,HBLENGINE,HBL ENGINEERING LTD,695.25,702.6,688.0,691.5,695.25,614610
2026-08-12,HCL-INSYS,HCL INFOSYSTEMS LTD,11.6,12.0,10.8,11.78,11.44,543188
2026-08-12,HCLTECH,HCL TECHNOLOGIES LTD,1370.0,1370.0,1340.4,1365.4,1365.4,1418468
2026-08-12,HDBFS,HDB FINANCIAL SERVICES L,685.7,699.2,685.0,688.75,693.1,277748
2026-08-12,HDFCAMC,HDFC AMC LIMITED,2520.0,2520.0,2482.3,2490.0,2515.0,889475
2026-08-12,HDFCBANK,HDFC BANK LTD,729.0,730.65,722.0,729.0,729.0,26993177
2026-08-12,HDFCGOLD,HDFC GOLD ETF,131.47,131.47,129.94,130.61,129.72,3549446
2026-08-12,HDFCLIFE,HDFC LIFE INS CO LTD,536.0,537.75,531.4,537.0,536.0,2392072
2026-08-12,HDFCBSE500,HDFCAMC - HDFCBSE500,38.55,38.55,37.9,38.22,38.62,879737
2026-08-12,HDFCGROWTH,HDFCAMC - HDFCGROWTH,124.38,124.38,122.25,122.83,124.38,28517
2026-08-12,HDFCLIQUID,HDFCAMC - HDFCLIQUID,1073.33,1073.33,1073.31,1073.32,1073.18,45955
2026-08-12,HDFCLOWVOL,HDFCAMC - HDFCLOWVOL,21.16,21.17,21.03,21.09,21.18,1356
2026-08-12,HDFCMID150,HDFCAMC - HDFCMID150,24.01,24.01,23.65,23.76,23.9,716653
2026-08-12,HDFCMOMENT,HDFCAMC - HDFCMOMENT,31.69,31.73,31.41,31.57,31.34,266556
2026-08-12,HDFCNEXT50,HDFCAMC - HDFCNEXT50,75.57,76.5,75.57,76.0,75.85,279736
2026-08-12,HDFCNIF100,HDFCAMC - HDFCNIF100,26.78,26.9,26.29,26.36,26.54,34304
2026-08-12,HDFCNIFBAN,HDFCAMC - HDFCNIFBAN,59.2,59.65,59.11,59.57,59.2,75973
2026-08-12,HDFCNIFIT,HDFCAMC - HDFCNIFIT,34.0,34.03,33.16,33.45,33.83,109656
2026-08-12,HDFCNIFTY,HDFCAMC - HDFCNIFTY,275.89,276.92,274.02,275.29,275.89,61940
2026-08-12,HDFCNIMEG,HDFCAMC - HDFCNIMEG,131.49,133.82,131.03,131.46,131.09,27865
2026-08-12,HDFCPVTBAN,HDFCAMC - HDFCPVTBAN,27.99,28.04,27.8,28.0,27.92,73893
2026-08-12,HDFCQUAL,HDFCAMC - HDFCQUAL,60.43,60.43,59.86,60.06,60.21,16092
2026-08-12,HDFCSENSEX,HDFCAMC - HDFCSENSEX,88.05,89.11,87.95,88.36,88.66,45453
2026-08-12,HDFCSILVER,HDFCAMC - HDFCSILVER,222.6,226.2,222.49,225.88,222.6,3709394
2026-08-12,HDFCSML250,HDFCAMC - HDFCSML250,184.95,186.0,183.5,184.44,184.95,1346528
2026-08-12,HDFCVALUE,HDFCAMC - HDFCVALUE,130.3,130.3,127.04,127.94,127.89,8568
2026-08-12,HDFCPSUBK,HDFCAMC HDFCPSUBK,87.33,89.25,87.33,88.92,87.09,319821
2026-08-12,HEADSUP,HEADS UP VENTURES LIMITED,6.88,7.39,6.8,7.11,6.86,10735
2026-08-12,HEALTHX,HEALTH X PLATFORM LIMITED,307.75,307.75,292.5,293.9,301.05,5504
2026-08-12,HCG,HEALTHCARE GLOB. ENT. LTD,735.0,738.95,724.15,736.5,738.95,183448
2026-08-12,HECPROJECT,HEC INFRA PROJECTS LTD,138.0,138.6,135.1,136.01,137.99,5860
2026-08-12,HEG,HEG LTD,678.25,686.4,671.0,674.35,678.25,861879
2026-08-12,HEIDELBERG,HEIDELBERGCEMENT (I) LTD,155.0,155.99,152.2,155.12,154.45,31064
2026-08-12,HEMIPROP,HEMISPHERE PROP IND LTD,135.5,136.89,133.8,134.12,136.92,375144
2026-08-12,HERANBA,HERANBA INDUSTRIES LTD,177.0,177.0,171.0,171.82,173.97,25124
2026-08-12,HERITGFOOD,HERITAGE FOODS LTD,365.0,365.0,353.7,357.65,362.6,184769
2026-08-12,HEROMOTOCO,HERO MOTOCORP LIMITED,5875.0,5916.0,5844.0,5895.0,5865.5,996651
2026-08-12,HESTERBIO,HESTER BIOSCIENCES LTD,2487.8,2500.0,2451.0,2465.3,2487.8,5159
2026-08-12,HEXATRADEX,HEXA TRADEX LIMITED,158.0,161.7,156.5,156.82,158.24,2432
2026-08-12,HEXT,HEXAWARE TECHNOLOGIES LTD,565.05,579.4,552.5,566.95,565.15,209205
2026-08-12,HFCL,HFCL LIMITED,215.4,223.61,215.0,221.52,214.24,28062533
2026-08-12,HITECH,HI-TECH PIPES LIMITED,84.15,84.76,77.28,77.75,84.18,3099037
2026-08-12,HILINFRA,HIGHWAY INFRASTRUCTURE L,45.0,46.0,44.5,44.96,46.33,97591
2026-08-12,HIKAL,HIKAL LIMITED,217.98,218.35,211.1,212.84,217.98,242629
2026-08-12,HSCL,HIMADRI SPECIALITY CHEM L,760.0,764.95,756.1,762.4,755.5,2240303
2026-08-12,HIMATSEIDE,HIMATSINGKA SEIDE LTD,76.32,77.75,76.0,76.16,76.31,417971
2026-08-12,HIRECT,HIND RECTIFIER LIMITED,1222.2,1269.9,1186.4,1242.4,1222.3,135027
2026-08-12,HINDALCO,HINDALCO  INDUSTRIES  LTD,1063.2,1087.95,1056.9,1078.5,1049.1,8786842
2026-08-12,HINDCON,HINDCON CHEMICALS LIMITED,22.96,23.65,21.11,22.04,22.96,25880
2026-08-12,HPIL,HINDPRAKASH INDUSTRY LTD,129.5,129.5,120.3,126.37,128.37,5225
2026-08-12,HGS,HINDUJA GLOBAL SOLS. LTD.,411.3,414.95,405.6,406.75,411.3,19030
2026-08-12,HAL,HINDUSTAN AERONAUTICS LTD,4909.0,5055.0,4803.4,4995.0,4909.0,2901166
2026-08-12,HINDCOMPOS,HINDUSTAN COMPOSITES LTD.,412.95,424.45,412.95,420.7,415.0,3970
2026-08-12,HCC,HINDUSTAN CONSTRUCTION CO,20.24,20.24,19.71,20.04,20.05,18181740
2026-08-12,HINDCOPPER,HINDUSTAN COPPER LTD,530.85,569.9,529.6,547.7,533.3,36903374
2026-08-12,HNDFDS,HINDUSTAN FOODS LIMITED,578.7,599.0,575.7,595.25,578.2,123983
2026-08-12,HINDOILEXP,HINDUSTAN OIL EXPLORATION,166.82,166.99,161.61,162.36,164.85,396114
2026-08-12,HINDPETRO,HINDUSTAN PETROLEUM CORP,392.0,393.0,385.8,390.0,390.85,10513694
2026-08-12,HINDUNILVR,HINDUSTAN UNILEVER LTD.,2065.0,2072.1,2050.1,2063.0,2064.9,995523
2026-08-12,HINDZINC,HINDUSTAN ZINC LIMITED,589.95,597.8,576.5,584.6,586.65,7584733
2026-08-12,HINDWAREAP,HINDWARE HME INOVATON LTD,210.0,210.6,187.0,204.88,210.03,1369339
2026-08-12,HISARMETAL,HISAR METAL IND. LIMITED,157.95,157.95,147.1,149.4,155.38,9665
2026-08-12,POWERINDIA,HITACHI ENERGY INDIA LTD,35000.0,35925.0,34730.0,35800.0,35000.0,180600
2026-08-12,HLEGLAS,HLE GLASCOAT LIMITED,351.0,366.0,321.0,326.45,379.6,2273511
2026-08-12,HLVLTD,HLV LIMITED,7.4,7.4,7.0,7.14,7.22,154860
2026-08-12,HMAAGRO,HMA AGRO INDUSTRIES LTD,22.11,22.79,21.71,21.8,22.05,682442
2026-08-12,HOMEFIRST,HOME FIRST FIN CO IND LTD,1173.7,1187.0,1167.3,1181.2,1176.0,91800
2026-08-12,HONASA,HONASA CONSUMER LIMITED,467.45,477.0,461.3,467.4,467.3,987009
2026-08-12,HONDAPOWER,HONDA I POWER PRODUCT LTD,2116.3,2132.9,2100.0,2103.0,2107.4,1815
2026-08-12,HONAUT,HONEYWELL AUTOMATION IND,38000.0,38195.0,37520.0,37620.0,37935.0,1435
2026-08-12,HPAL,HP ADHESIVES LIMITED,41.5,42.6,39.25,40.42,38.94,1285237
2026-08-12,HPL,HPL ELECTRIC & POWER LTD,326.15,330.0,321.0,322.25,326.15,101650
2026-08-12,HSBCGOLD,HSBCAMC - HSBCGOLD,133.23,133.35,131.05,132.83,131.92,2352
2026-08-12,HUDCO,HSG & URBAN DEV CORPN LTD,195.8,196.8,191.25,192.73,195.77,2361586
2026-08-12,HTMEDIA,HT MEDIA LIMITED,27.31,27.69,26.41,26.74,27.35,93367
2026-08-12,HUBTOWN,HUBTOWN LIMITED,179.1,179.68,176.62,178.19,179.4,357763
2026-08-12,HUHTAMAKI,HUHTAMAKI INDIA LIMITED,291.65,292.95,273.35,278.4,291.65,266172
2026-08-12,HYUNDAI,HYUNDAI MOTOR INDIA LTD,2192.7,2245.0,2192.7,2240.0,2200.0,732935
2026-08-12,IGPL,I G PETROCHEMICALS LTD,472.9,473.7,457.6,467.0,466.4,53511
2026-08-12,ICDSLTD,ICDS LTD,40.71,41.4,39.5,39.62,40.7,248
2026-08-12,ICEMAKE,ICE MAKE REFRIGERAT LTD,816.5,834.9,811.45,828.6,811.45,24217
2026-08-12,ICICIBANK,ICICI BANK LTD.,1429.4,1435.0,1418.6,1431.7,1429.6,8201733
2026-08-12,ICICIGI,ICICI LOMBARD GIC LIMITED,1646.7,1649.6,1621.0,1635.0,1643.5,745439
2026-08-12,LOWVOLIETF,ICICI PR NIF LW VL 30 ETF,22.81,22.81,22.54,22.61,22.8,2560685
2026-08-12,ICICIPRULI,ICICI PRU LIFE INS CO LTD,501.5,506.4,494.5,506.4,501.5,1278410
2026-08-12,MIDSELIETF,ICICI PRUD MIDCAP SEL ETF,19.88,19.96,19.73,19.85,19.84,160576
2026-08-12,NIF100IETF,ICICI PRUD NIFTY 100 ETF,28.67,28.67,28.43,28.56,28.67,99633
2026-08-12,NIFTYIETF,ICICI PRUD NIFTY ETF,277.99,277.99,275.6,276.8,277.66,496268
2026-08-12,SENSEXIETF,ICICI PRUD SENSEX ETF,897.12,904.11,893.01,896.87,900.62,10261
2026-08-12,ICICIAMC,ICICI PRUDENTIAL AMC LTD,3028.5,3083.2,3020.5,3074.6,3028.5,149452
2026-08-12,GOLDIETF,ICICI PRUDENTIAL GOLD ETF,130.16,131.18,126.9,131.06,130.16,4669000
2026-08-12,NV20IETF,ICICI PRUDENTIAL NV20 ETF,13.94,13.94,13.74,13.79,13.85,197954
2026-08-12,ICICIB22,ICICIPRAMC - BHARATIWIN,117.0,117.0,115.75,116.2,116.06,282901
2026-08-12,CASHIETF,ICICIPRAMC - CASHIETF,1074.88,1074.9,1074.88,1074.89,1074.75,159877
2026-08-12,EVIETF,ICICIPRAMC - EVIETF,34.87,34.87,34.03,34.19,34.19,194476
2026-08-12,GSEC10IETF,ICICIPRAMC - ICICI10GS,267.26,267.54,266.05,266.05,267.26,1334
2026-08-12,BSE500IETF,ICICIPRAMC - ICICI500,39.92,40.05,39.81,39.97,40.04,81900
2026-08-12,GSEC5IETF,ICICIPRAMC - ICICI5GSEC,66.4,67.51,66.28,66.55,66.4,12035
2026-08-12,ALPL30IETF,ICICIPRAMC - ICICIALPLV,28.5,28.5,28.36,28.37,28.41,149137
2026-08-12,AUTOIETF,ICICIPRAMC - ICICIAUTO,31.13,31.13,30.17,30.49,30.52,721892
2026-08-12,PVTBANIETF,ICICIPRAMC - ICICIBANKP,27.78,27.79,27.55,27.76,27.63,916411
2026-08-12,COMMOIETF,ICICIPRAMC - ICICICOMMO,101.25,101.48,100.33,100.53,101.25,21734
2026-08-12,CONSUMIETF,ICICIPRAMC - ICICICONSU,125.77,125.78,124.49,124.84,125.92,44894
2026-08-12,FMCGIETF,ICICIPRAMC - ICICIFMCG,53.44,53.44,51.9,52.04,52.56,2412908
2026-08-12,INFRAIETF,ICICIPRAMC - ICICIINFRA,96.98,96.98,95.89,96.26,96.7,86485
2026-08-12,LIQUIDIETF,ICICIPRAMC - ICICILIQ,1000.01,1000.01,999.99,999.99,999.99,776574
2026-08-12,MIDCAPIETF,ICICIPRAMC - ICICIM150,24.31,24.49,24.19,24.28,24.31,811710
2026-08-12,MOM30IETF,ICICIPRAMC - ICICIMOM30,31.87,31.96,31.7,31.85,31.65,1336756
2026-08-12,NEXT50IETF,ICICIPRAMC - ICICINXT50,79.49,79.49,78.03,78.61,78.79,659950
2026-08-12,HEALTHIETF,ICICIPRAMC - ICICIPHARM,171.33,171.74,169.71,170.43,171.33,88813
2026-08-12,QUAL30IETF,ICICIPRAMC - ICICIQTY30,21.74,21.78,21.53,21.61,21.74,158670
2026-08-12,SILVERIETF,ICICIPRAMC - ICICISILVE,232.5,236.05,232.25,235.61,232.14,4320270
2026-08-12,ITIETF,ICICIPRAMC - ICICITECH,35.52,35.52,34.47,34.68,35.23,2350345
2026-08-12,INSUREIETF,ICICIPRAMC - INSUREIETF,15.47,15.98,15.41,15.52,15.47,47724
2026-08-12,BANKIETF,ICICIPRAMC - IPRU5008,59.26,59.5,58.82,59.43,59.0,306013
2026-08-12,METALIETF,ICICIPRAMC - METALIETF,13.01,13.72,13.01,13.24,13.16,5890040
2026-08-12,OILIETF,ICICIPRAMC - OILIETF,11.42,11.48,11.37,11.42,11.41,964231
2026-08-12,PSUBNKIETF,ICICIPRAMC - PSUBANKICI,87.65,89.5,87.55,89.13,87.43,307604
2026-08-12,SMALLIETF,ICICIPRAMC - SMALLIETF,18.41,18.64,18.31,18.4,18.41,43277
2026-08-12,TOP15IETF,ICICIPRAMC - TOP15IETF,10.07,10.09,9.97,10.0,10.09,112785
2026-08-12,VAL30IETF,ICICIPRAMC - VAL30IETF,15.83,15.83,15.39,15.51,15.45,1027112
2026-08-12,FINIETF,ICICIPRAMC-ICICIFIN,34.34,34.34,33.25,33.39,33.51,376684
2026-08-12,ICRA,ICRA LIMITED,5079.5,5160.0,5019.6,5131.5,5069.4,18118
2026-08-12,IDBI,IDBI BANK LIMITED,82.44,83.44,82.2,82.46,82.44,3078680
2026-08-12,IDEAFORGE,IDEAFORGE TECHNO LTD,810.3,824.4,810.3,810.3,852.9,978535
2026-08-12,IDFCFIRSTB,IDFC FIRST BANK LIMITED,83.61,85.8,83.61,85.8,84.27,16618607
2026-08-12,IFBIND,IFB INDUSTRIES LTD,1370.5,1377.7,1347.2,1357.7,1375.7,30250
2026-08-12,IFCI,IFCI LTD,75.0,75.29,72.71,73.51,75.7,14279371
2026-08-12,IFGLEXPOR,IFGL REFRACTORIES LIMITED,219.9,224.77,212.0,212.93,218.24,31996
2026-08-12,IGARASHI,IGARASHI MOTORS INDIA LTD,457.7,459.3,445.5,447.85,457.8,80073
2026-08-12,IIFLCAPS,IIFL CAPITAL SERVICES LTD,334.8,338.0,333.9,335.0,334.8,207047
2026-08-12,IIFL,IIFL FINANCE LIMITED,622.0,628.7,615.2,625.75,619.25,959585
2026-08-12,IKIO,IKIO TECHNOLOGIES LIMITED,207.7,216.0,205.0,214.9,203.64,598092
2026-08-12,IVC,IL&FS INVESTMENT MANAGERS,8.3,9.8,8.3,8.56,8.37,446794
2026-08-12,IMAGICAA,IMAGICAAWORLD ENT LTD,48.8,49.25,47.25,47.5,47.42,503033
2026-08-12,INCREDIBLE,INCREDIBLE INDUSTRIES LTD,33.08,33.08,32.25,32.76,32.36,420
2026-08-12,IMPAL,IND MOTOR PART & ACC LTD,1093.0,1093.0,1061.0,1071.5,1093.4,582
2026-08-12,INDSWFTLAB,IND SWIFT LABORATORIES LT,302.9,320.5,293.0,300.0,284.68,8635452
2026-08-12,INDTERRAIN,IND TERRAIN FASHIONS LTD,31.58,32.74,31.27,31.31,31.9,22600
2026-08-12,INDBANK,INDBANK MERCH BANK,32.99,33.59,32.7,33.22,32.69,45795
2026-08-12,BAJAJINDEF,INDEF MANUFACTURING LTD,230.0,234.9,224.1,233.62,226.51,26892
2026-08-12,INDGN,INDEGENE LIMITED,569.9,577.7,562.8,565.4,567.6,439544
2026-08-12,INDIAGLYCO,INDIA GLYCOLS LTD,1077.0,1085.0,1044.0,1049.4,1073.1,103709
2026-08-12,INDNIPPON,INDIA NIPPON ELECT  LTD,1130.0,1174.0,1120.5,1163.2,1132.1,29074
2026-08-12,IPL,INDIA PESTICIDES LIMITED,142.57,143.35,141.72,142.09,143.22,122014
2026-08-12,INDIASHLTR,INDIA SHELTER FIN CORP L,642.6,688.2,642.6,682.75,646.85,352904
2026-08-12,ITDC,INDIA TOUR. DEV. CO. LTD.,676.95,761.75,667.15,721.05,676.65,3428743
2026-08-12,IBULLSLTD,INDIABULLS LIMITED,28.19,28.38,26.71,27.45,28.11,21450760
2026-08-12,INDIAMART,INDIAMART INTERMESH LTD,1798.0,1810.0,1764.1,1784.6,1784.3,139878
2026-08-12,INDIANB,INDIAN BANK,875.6,897.65,873.1,897.0,875.6,2076183
2026-08-12,INDIANCARD,INDIAN CARD CLOTHING CO.,223.95,223.95,209.5,211.22,211.44,1118
2026-08-12,IEX,INDIAN ENERGY EXC LTD,127.0,127.19,123.9,125.95,126.0,2436267
2026-08-12,INDIANHUME,INDIAN HUME PIPE CO. LTD.,383.35,389.5,373.0,375.35,386.05,30664
2026-08-12,IMFA,INDIAN METALS & FERRO,1481.0,1505.0,1465.0,1470.7,1481.6,131612
2026-08-12,IOC,INDIAN OIL CORP LTD,140.63,142.05,139.29,140.6,140.0,10106894
2026-08-12,IOB,INDIAN OVERSEAS BANK,34.3,34.51,33.71,33.84,34.21,3192118
2026-08-12,IRCTC,INDIAN RAIL TOUR CORP LTD,517.3,519.1,510.0,513.55,515.05,647305
2026-08-12,IRFC,INDIAN RAILWAY FIN CORP L,87.91,88.35,87.49,88.26,87.91,5812334
2026-08-12,IREDA,INDIAN RENEWABLE ENERGY,118.69,119.0,117.0,117.8,118.7,4344077
2026-08-12,IWP,INDIAN WOOD PRODUCTS CO L,33.32,33.99,33.32,33.96,33.64,5149
2026-08-12,INDIGOPNTS,INDIGO PAINTS LIMITED,1127.0,1144.9,1116.1,1122.1,1125.5,28881
2026-08-12,INDIQUBE,INDIQUBE SPACES LIMITED,184.05,188.0,176.63,183.79,184.05,34840
2026-08-12,INDOBORAX,INDO BORAX & CHEMICAL LTD,435.0,464.2,430.1,449.05,433.4,505140
2026-08-12,ICIL,INDO COUNT INDUSTRIES LTD,423.0,445.15,389.45,404.35,423.2,2410797
2026-08-12,INDOFARM,INDO FARM EQUIPMENT LTD,151.0,151.09,145.76,148.9,150.31,138216
2026-08-12,INDORAMA,INDO RAMA SYNTHETICS LTD,58.4,60.35,57.07,58.16,58.05,239333
2026-08-12,INDOTECH,INDO TECH TRANSFORM LTD.,3670.0,3725.0,3539.0,3539.0,3725.2,40977
2026-08-12,INDOTHAI,INDO THAI SEC LTD,85.4,85.4,85.4,85.4,89.89,71897
2026-08-12,INDOUS,INDO US BIOTECH LTD,82.91,82.91,80.0,80.48,80.52,4864
2026-08-12,INDOMIM,INDO-MIM LIMITED,821.8,837.9,808.5,823.65,821.8,1315318
2026-08-12,NIPPOBATRY,INDO-NATIONAL LIMITED,332.0,332.0,326.0,327.95,332.5,2347
2026-08-12,INDOCO,INDOCO REMEDIES LTD.,217.81,221.06,216.0,217.49,216.53,68570
2026-08-12,IGCL,INDOGULF CROPSCIENCES LTD,71.93,77.51,70.0,72.36,71.92,432956
2026-08-12,WAAREEINDO,INDOSOLAR LIMITED,307.35,309.9,297.1,299.1,306.75,78992
2026-08-12,INDOSTAR,INDOSTAR CAPITAL FIN LTD,252.1,252.1,242.85,246.5,248.55,78676
2026-08-12,INDOWIND,INDOWIND ENERGY LTD,9.11,9.11,8.85,8.96,9.06,97672
2026-08-12,IGL,INDRAPRASTHA GAS LTD,154.0,155.0,152.53,154.54,153.07,989560
2026-08-12,INDRAMEDCO,INDRAPRASTHA MEDICAL CORP,386.05,386.05,375.3,376.95,384.35,200127
2026-08-12,INDUSTOWER,INDUS TOWERS LIMITED,370.0,385.2,369.75,383.4,369.35,10079537
2026-08-12,INDUSINDBK,INDUSIND BANK LIMITED,1009.0,1022.7,1006.5,1017.5,1008.9,915131
2026-08-12,INDPRUD,INDUSTRIAL & PRU INV CO L,6450.0,6450.0,6262.0,6343.5,6455.0,621
2026-08-12,IITL,INDUSTRIAL INV TRUST LTD,146.48,147.61,144.0,146.68,145.41,101140
2026-08-12,NAUKRI,INFO EDGE (I) LTD,1360.1,1364.0,1329.6,1339.0,1360.0,1787437
2026-08-12,INFOBEAN,INFOBEANS TECHNO. LTD.,168.99,169.5,162.05,162.88,166.67,190816
2026-08-12,INFOMEDIA,INFOMEDIA PRESS LIMITED,5.15,5.45,5.15,5.21,5.24,21510
2026-08-12,INFY,INFOSYS LIMITED,1185.6,1190.4,1163.3,1176.1,1190.7,7529777
2026-08-12,INGERRAND,INGERSOLL-RAND INDIA LTD,4305.0,4340.0,4275.0,4292.2,4309.4,4191
2026-08-12,INNOVACAP,INNOVA CAPTAB LIMITED,1100.1,1120.0,986.5,1012.2,1018.9,579709
2026-08-12,INNOVANA,INNOVANA THINKLABS LTD,332.3,338.8,318.0,327.35,332.35,806
2026-08-12,INNOVISION,INNOVISION LIMITED,285.2,292.0,274.0,288.6,285.2,99785
2026-08-12,INOXINDIA,INOX INDIA LIMITED,1925.0,1951.3,1897.7,1911.2,1938.0,92266
2026-08-12,INOXWIND,INOX WIND LIMITED,74.27,74.84,73.55,74.0,74.4,8299658
2026-08-12,INSECTICID,INSECTICIDES (I) LTD,628.0,638.0,622.6,628.6,636.55,25916
2026-08-12,INA,INSOLATION ENERGY LIMITED,104.8,107.9,102.0,105.99,104.04,715013
2026-08-12,ESSENTIA,INTEGRA ESSENTIA LIMITED,1.4,1.4,1.39,1.39,1.34,11778306
2026-08-12,INTELLECT,INTELLECT DESIGN ARENA,723.8,724.85,697.5,703.25,723.65,417539
2026-08-12,INTENTECH,INTENSE TECHNOLOGIES LTD,84.0,84.0,81.0,81.44,82.81,9550
2026-08-12,INTERARCH,INTERARCH BLDNG SOLTN LTD,1698.0,1721.4,1680.2,1699.7,1689.9,41994
2026-08-12,INDIGO,INTERGLOBE AVIATION LTD,5266.5,5333.0,5228.0,5333.0,5284.0,215913
2026-08-12,INTLCONV,INTL CONVEYORS LIMITED,74.93,74.98,72.09,73.12,74.33,48433
2026-08-12,IGIL,INTL GEMOLOGICAL INST LTD,351.5,351.95,339.9,343.25,347.2,301469
2026-08-12,ISFT,INTRASOFT TECH. LTD,79.0,79.5,77.51,79.16,79.52,210173
2026-08-12,INVENTURE,INVENTURE GRO & SEC LTD,0.9,0.93,0.89,0.9,0.89,1283354
2026-08-12,IKS,INVENTURUS KNOWLEDGE SO L,1753.0,1813.7,1740.2,1785.6,1745.0,169710
2026-08-12,IVZINGOLD,INVESCO INDIA GOLD ETF,133.15,133.45,132.55,133.2,132.55,17774
2026-08-12,IVZINNIFTY,INVESCO INDIA NIFTY ETF,281.0,282.0,278.79,280.55,281.31,1004
2026-08-12,IOLCP,IOL CHEM AND PHARMA LTD,163.99,164.14,157.27,158.42,164.14,2000252
2026-08-12,IONEXCHANG,ION EXCHANGE (INDIA) LTD,381.0,381.55,375.0,376.85,380.9,266067
2026-08-12,IPCALAB,IPCA LABORATORIES LTD,1758.5,1784.4,1744.0,1766.6,1748.4,149151
2026-08-12,IRB,IRB INFRA DEV LTD.,19.56,19.62,19.3,19.33,19.56,8884401
2026-08-12,IRCON,IRCON INTERNATIONAL LTD,128.14,129.38,125.77,126.18,128.14,1396832
2026-08-12,IRISDOREME,IRIS CLOTHINGS LIMITED,56.37,57.25,56.15,56.83,56.32,789276
2026-08-12,IRIS,IRIS REGTECH SOLUTION LTD,249.97,252.01,240.0,251.13,246.36,39761
2026-08-12,IRMENERGY,IRM ENERGY LIMITED,305.8,306.85,292.05,295.15,302.55,128474
2026-08-12,ISGEC,ISGEC HEAVY ENG LTD,800.0,803.0,741.05,746.3,806.95,219189
2026-08-12,ISHANCH,ISHAN DYES N CHEMICALS L,50.75,50.8,49.44,50.18,50.31,8980
2026-08-12,ITCHOTELS,ITC HOTELS LIMITED,167.0,168.96,166.25,168.32,166.89,1579629
2026-08-12,ITC,ITC LTD,279.0,279.55,275.4,276.15,279.0,12630816
2026-08-12,ITI,ITI LTD,284.0,289.4,282.25,283.5,285.5,234439
2026-08-12,IVALUE,IVALUE INFOSOLUTIONS LTD,275.7,286.45,275.7,283.45,278.05,274259
2026-08-12,IZMO,IZMO LIMITED,949.9,959.2,924.5,954.1,943.5,94262
2026-08-12,J&KBANK,J & K BANK LTD.,157.19,157.94,155.26,157.48,156.86,1408763
2026-08-12,JGCHEM,J.G.CHEMICALS LIMITED,621.05,624.75,594.0,605.7,622.35,555453
2026-08-12,JAGRAN,JAGRAN PRAKASHAN LIMITED,63.9,64.2,63.0,63.55,63.6,144334
2026-08-12,JAGSNPHARM,JAGSONPAL PHARMACEUTICALS,230.4,231.98,224.6,225.47,230.99,153442
2026-08-12,JAIBALAJI,JAI BALAJI INDUSTRIES LTD,66.6,67.53,65.01,65.81,66.88,218036
2026-08-12,JAICORPLTD,JAI CORP LIMITED,102.7,106.0,100.73,104.15,102.67,525064
2026-08-12,JISLDVREQS,JAIN DVR EQUITY SHARES,22.4,22.4,20.7,21.05,21.66,27590
2026-08-12,JISLJALEQS,JAIN IRRIGATION SYSTEMS,27.83,27.94,26.9,27.07,27.88,2474637
2026-08-12,JAINREC,JAIN RESOURCE RECYCLING L,298.95,306.0,297.0,303.0,297.75,1065167
2026-08-12,JPPOWER,JAIPRAKASH POWER VEN. LTD,17.72,17.84,17.55,17.73,17.75,24901247
2026-08-12,JAMNAAUTO,JAMNA AUTO IND LTD,125.4,127.62,123.3,123.76,125.51,2078458
2026-08-12,JSFB,JANA SMALL FIN BANK LTD,528.0,555.05,519.0,546.35,526.6,500850
2026-08-12,JARO,JARO INS OF TEC MG N RE L,441.4,453.0,435.1,444.4,441.4,56568
2026-08-12,JASH,JASH ENGINEERING LIMITED,499.9,504.95,473.9,495.65,511.8,347068
2026-08-12,JAYBARMARU,JAY BHARAT MARUTI LTD,127.01,132.9,127.0,130.8,127.16,569514
2026-08-12,JAYAGROGN,JAYANT AGRO ORGANICS LTD,214.95,221.0,208.5,210.37,214.3,8449
2026-08-12,JAYNECOIND,JAYASWAL NECO INDUSTR LTD,92.7,93.66,89.57,90.67,93.0,2518788
2026-08-12,JAYKAY,JAYKAY ENTERPRISES LTD,154.49,154.49,147.42,148.66,152.24,230844
2026-08-12,JAYSREETEA,JAYSHREE TEA & INDUSTRIES,89.0,91.8,88.52,90.66,88.74,110538
2026-08-12,JBMA,JBM AUTO LIMITED,647.0,650.0,622.5,627.35,643.9,336875
2026-08-12,JSLL,JEENA SIKHO LIFECARE LTD,539.25,541.45,505.0,511.5,539.2,888284
2026-08-12,JETFREIGHT,JET FREIGHT LOGISTICS LTD,22.9,23.07,22.45,22.7,22.42,95687
2026-08-12,JHS,JHS SVEND. LAB. LTD,9.01,9.24,8.16,8.82,9.06,179552
2026-08-12,RETAIL,JHS SVENDGAARD RETAIL V L,18.01,18.2,17.5,17.56,18.06,3551
2026-08-12,JPOLYINVST,JIND POL INV & FIN CO LTD,1045.0,1073.8,1043.0,1046.4,1040.4,6983
2026-08-12,JINDRILL,JINDAL DRILLING IND. LTD,596.7,600.95,588.5,595.65,592.25,108377
2026-08-12,JINDALPHOT,JINDAL PHOTO LIMITED,1074.6,1074.6,1053.0,1057.2,1064.1,1299
2026-08-12,JINDALPOLY,JINDAL POLY FILMS LIMITED,648.0,692.45,637.5,666.55,629.5,221626
2026-08-12,JINDALSAW,JINDAL SAW LIMITED,273.5,276.4,268.25,269.55,273.55,898986
2026-08-12,JSL,JINDAL STAINLESS LIMITED,728.0,742.2,712.5,737.9,725.1,486337
2026-08-12,JINDALSTEL,JINDAL STEEL LIMITED,1096.0,1112.0,1093.2,1112.0,1095.0,396526
2026-08-12,JINDWORLD,JINDAL WORLDWIDE LTD,35.65,37.46,35.65,36.74,36.38,7686074
2026-08-12,JKIPL,JINKUSHAL INDUSTRIES LTD,97.21,100.6,94.25,99.95,97.21,41023
2026-08-12,JIOFIN,JIO FIN SERVICES LTD,252.75,256.05,249.0,256.05,252.75,13290344
2026-08-12,JITFINFRA,JITF INFRALOGISTICS LTD,355.9,356.8,342.6,348.4,348.7,16036
2026-08-12,JKCEMENT,JK CEMENT LIMITED,5359.5,5438.5,5290.0,5393.5,5361.0,49895
2026-08-12,JKLAKSHMI,JK LAKSHMI CEMENT LTD,551.0,553.2,547.75,549.3,549.25,75610
2026-08-12,JKPAPER,JK PAPER LIMITED,391.9,395.5,386.1,388.9,390.65,376041
2026-08-12,JKTYRE,JK TYRE & INDUSTRIES LTD,392.95,392.95,385.5,386.5,390.85,479266
2026-08-12,JKIL,JKUMAR INFR.LTD.,497.9,501.55,490.0,491.35,497.6,37171
2026-08-12,JMFINANCIL,JM FINANCIAL LIMITED,126.1,130.13,126.1,129.67,126.17,4221891
2026-08-12,JNKINDIA,JNK INDIA LIMITED,425.0,439.0,405.05,407.25,418.8,601506
2026-08-12,COCKERILL,JOHN COCKERILL INDIA LTD.,9695.0,9880.5,9602.5,9693.5,9661.5,4817
2026-08-12,JSWCEMENT,JSW CEMENT LIMITED,131.52,132.45,130.2,130.55,131.52,836481
2026-08-12,JSWDULUX,JSW DULUX LIMITED,3169.9,3169.9,3080.0,3099.4,3157.0,39483
2026-08-12,JSWENERGY,JSW ENERGY LIMITED,561.4,563.0,552.2,558.75,563.0,1396161
2026-08-12,JSWHL,JSW HOLDINGS LIMITED,11889.0,11902.0,11531.0,11572.0,11941.0,2989
2026-08-12,JSWINFRA,JSW INFRASTRUCTURE LTD,341.85,355.0,339.0,346.6,341.85,8419123
2026-08-12,JSWSTEEL,JSW STEEL LIMITED,1285.9,1288.9,1268.2,1269.1,1283.4,862476
2026-08-12,JTEKTINDIA,JTEKT INDIA LIMITED,141.16,141.33,138.38,139.46,141.16,90753
2026-08-12,JTLIND,JTL INDUSTRIES LIMITED,76.79,77.43,75.05,75.44,76.79,1019870
2026-08-12,JUBLCPL,JUBILANT AGRI N CON PRO L,1900.0,2110.0,1876.0,1935.5,1861.5,94499
2026-08-12,JUBLFOOD,JUBILANT FOODWORKS LTD,487.0,489.0,477.25,484.7,488.2,3122764
2026-08-12,JUBLINGREA,JUBILANT INGREVIA LIMITED,733.1,738.2,714.3,716.2,733.1,254422
2026-08-12,JUBLPHARMA,JUBILANT PHARMOVA LTD,967.05,967.15,880.0,890.6,965.0,697403
2026-08-12,JMA,JULLUNDUR MOT AGENCY LTD,88.9,89.0,87.0,88.74,87.41,6666
2026-08-12,JNPR,JUNIPER GREEN ENERGY LTD,257.0,257.9,246.14,252.9,255.91,1388456
2026-08-12,JUNIPER,JUNIPER HOTELS LIMITED,195.5,203.0,195.5,199.26,194.23,349711
2026-08-12,JLHL,JUPITER LIFE LINE HOSP L,312.55,316.5,302.65,306.25,312.55,195568
2026-08-12,JWL,JUPITER WAGONS LIMITED,262.0,262.25,257.5,259.05,262.4,459989
2026-08-12,JUSTDIAL,JUSTDIAL LTD.,700.95,707.65,673.6,687.45,694.95,160462
2026-08-12,JYOTHYLAB,JYOTHY LABS LIMITED,203.5,203.5,190.11,200.27,204.04,3414689
2026-08-12,JYOTICNC,JYOTI CNC AUTOMATION LTD,804.95,832.35,802.6,818.85,805.0,757009
2026-08-12,JYOTISTRUC,JYOTI STRUCTURES LTD,11.25,11.29,10.97,11.05,11.27,3427345
2026-08-12,KMSUGAR,K M SUGAR MILLS LTD,27.5,28.49,27.12,28.0,27.47,213844
2026-08-12,KPEL,K.P. ENERGY LIMITED,270.0,271.2,255.35,259.6,271.25,627535
2026-08-12,KABRAEXTRU,KABRA EXTRUSION TECHNIK L,505.0,516.85,488.8,494.9,508.7,170668
2026-08-12,KAJARIACER,KAJARIA CERAMICS LTD,1230.0,1259.0,1211.9,1252.2,1225.6,541562
2026-08-12,KAKATCEM,KAKATIYA CEM SUGAR &IND L,110.69,110.69,106.0,107.38,108.72,3404
2026-08-12,KALPATARU,KALPATARU LIMITED,293.0,296.95,285.3,285.65,287.0,66668
2026-08-12,KPIL,KALPATARU PROJECT INT LTD,1348.3,1468.0,1348.3,1396.8,1347.7,3715117
2026-08-12,KALYANKJIL,KALYAN JEWELLERS IND LTD,605.0,608.6,585.05,596.7,602.2,9251306
2026-08-12,KALYANIFRG,KALYANI FORGE LIMITED,665.0,750.0,661.5,694.4,626.7,69135
2026-08-12,KICL,KALYANI INVEST CO LTD,5350.0,5459.5,5311.0,5419.0,5350.0,827
2026-08-12,KSL,KALYANI STEELS LIMITED,843.7,874.95,833.25,856.1,843.7,45448
2026-08-12,KAMAHOLD,KAMA HOLDINGS LTD.,2471.0,2516.8,2465.0,2494.6,2478.9,2279
2026-08-12,KAMATHOTEL,KAMAT HOTELS (I) LTD,177.0,179.0,174.61,177.76,176.01,61544
2026-08-12,KAMOPAINTS,KAMDHENU VENTURES LIMITED,4.61,4.61,4.53,4.56,4.55,204487
2026-08-12,KANANIIND,KANANI INDUSTRIES LTD,1.45,1.6,1.45,1.56,1.46,163525
2026-08-12,KANCHI,KANCHI KARPOORAM LTD.,338.05,373.55,338.05,373.55,355.8,2471
2026-08-12,KANPRPLA,KANPUR PLASTIPACK LIMITED,218.7,234.1,214.5,232.45,215.92,101318
2026-08-12,KANSAINER,KANSAI NEROLAC PAINTS LTD,212.97,214.03,207.1,208.19,212.26,420252
2026-08-12,KAPSTON,KAPSTON SERVICES LIMITED,579.0,585.0,562.55,578.2,563.4,88955
2026-08-12,KARMAENG,KARMA ENERGY LIMITED,40.84,40.84,39.42,39.45,39.51,811
2026-08-12,KTKBANK,KARNATAKA BANK LIMITED,303.5,314.0,301.2,313.7,302.85,3017208
2026-08-12,KARURVYSYA,KARUR VYSYA BANK LTD,332.5,340.0,332.4,338.8,334.2,1752090
2026-08-12,KSCL,KAVERI SEED CO. LTD.,808.95,808.95,781.1,788.15,799.0,89601
2026-08-12,KAVDEFENCE,KAVVERI DFS & WIR TEC LTD,58.95,60.97,57.71,58.59,58.89,89442
2026-08-12,KAYA,KAYA LIMITED,289.2,318.0,284.65,306.7,289.2,185323
2026-08-12,KAYNES,KAYNES TECHNOLOGY IND LTD,3718.1,3860.0,3700.5,3828.0,3717.7,1218140
2026-08-12,KCP,KCP LTD,152.0,153.8,150.5,152.99,152.18,73619
2026-08-12,KDDL,KDDL LIMITED,3842.2,3885.0,3790.9,3850.6,3842.2,28584
2026-08-12,KEC,KEC INTL. LIMITED,450.8,453.7,439.85,441.8,450.75,1598645
2026-08-12,KEI,KEI INDUSTRIES LTD.,5645.0,5754.0,5593.8,5754.0,5645.0,454178
2026-08-12,KELLTONTEC,KELLTON TECH SOL LTD,13.98,13.98,13.73,13.83,13.98,882650
2026-08-12,KENNAMET,KENNAMETAL INDIA LIMITED,3326.1,3614.9,3230.7,3572.3,3301.9,197969
2026-08-12,KERNEX,KERNEX MICROSYS(I) LTD,2369.4,2387.7,2121.1,2170.5,2387.3,530089
2026-08-12,KKCL,KEWAL KIRAN CLOTHING LTD,536.5,536.5,520.05,523.6,532.6,16973
2026-08-12,KEYFINSERV,KEYNOTE FIN SERV LTD.,259.0,266.0,253.3,261.85,254.5,1626
2026-08-12,RUSTOMJEE,KEYSTONE REALTORS LIMITED,370.0,377.0,367.05,374.3,370.0,51374
2026-08-12,KFINTECH,KFIN TECHNOLOGIES LIMITED,938.05,938.05,916.1,922.0,935.0,319991
2026-08-12,KHAITANLTD,KHAITAN (INDIA)LTD.,148.5,148.5,138.1,140.99,143.66,14228
2026-08-12,KHAICHEM,KHAITAN CHEM & FERT LTD,52.0,53.95,50.82,51.86,51.15,89797
2026-08-12,KHANDSE,KHANDWALA SECURITIES LTD,17.28,17.64,16.41,17.05,17.33,634
2026-08-12,KLBRENG-B,KILBURN ENGINEERING LTD.,360.65,368.55,360.0,361.15,360.1,54077
2026-08-12,KINGFA,KINGFA SCI & TEC IND LTD.,5730.0,6077.0,5720.0,5949.5,5708.0,53262
2026-08-12,KIOCL,KIOCL LIMITED,390.9,407.05,390.0,395.4,390.9,309155
2026-08-12,KIRANVYPAR,KIRAN VYAPAR LTD.,198.0,200.0,194.0,196.0,196.83,1152
2026-08-12,KIRIINDUS,KIRI INDUSTRIES LIMITED,429.95,449.45,417.05,434.45,426.7,1842255
2026-08-12,KIRLOSBROS,KIRLOSKAR BROTHERS LTD,1972.5,1972.5,1895.2,1909.2,1955.9,47986
2026-08-12,KECL,KIRLOSKAR ELECTRIC CO LTD,152.99,152.99,142.81,145.51,148.52,275774
2026-08-12,KIRLFER,KIRLOSKAR FERROUS IND LTD,439.9,442.2,434.65,438.15,440.15,68556
2026-08-12,KIRLOSIND,KIRLOSKAR INDUSTRIES LTD,3798.0,3870.0,3550.1,3769.0,3722.6,81936
2026-08-12,KIRLOSENG,KIRLOSKAR OIL ENG LTD,2101.5,2122.4,2041.1,2053.4,2101.5,449080
2026-08-12,KIRLPNU,KIRLOSKAR PNEUMATIC COM L,1498.8,1506.0,1480.3,1499.0,1492.0,107924
2026-08-12,KITEX,KITEX GARMENTS LTD,133.99,135.68,132.01,134.63,133.99,503454
2026-08-12,KNAGRI,KN AGRI RESOURCES LIMITED,203.04,203.04,200.42,201.28,204.6,3651
2026-08-12,KNACK,KNACK PACKAGING LIMITED,206.78,210.29,201.0,202.67,206.78,1201243
2026-08-12,KMEW,KNOWLEDGE MARINE & EN W L,2622.2,2638.2,2554.8,2599.8,2621.1,41333
2026-08-12,KNRCON,KNR CONSTRU LTD.,136.84,137.14,131.47,133.57,136.84,1269079
2026-08-12,KOHINOOR,KOHINOOR FOODS LIMITED,23.49,23.49,22.98,23.13,23.04,55907
2026-08-12,KOKUYOCMLN,KOKUYO CAMLIN LIMITED,82.8,82.8,81.0,81.87,82.47,32420
2026-08-12,KOLTEPATIL,KOLTE PATIL DEV. LTD.,516.95,519.8,472.05,492.7,516.6,815709
2026-08-12,GOLD1,KOTAK GOLD ETF,130.02,130.02,127.01,127.73,126.85,1649436
2026-08-12,KOTAKBANK,KOTAK MAHINDRA BANK LTD,391.0,394.25,387.5,390.5,392.9,10733474
2026-08-12,NIFTY1,KOTAK NIFTY ETF,272.06,274.78,269.9,270.87,272.06,82693
2026-08-12,PSUBANK,KOTAK PSU BANK,86.35,88.5,86.34,88.21,86.62,200641
2026-08-12,CHEMICAL,KOTAKMAMC - CHEMICAL,30.82,30.89,30.43,30.54,30.67,316689
2026-08-12,ALPHA,KOTAKMAMC - KOTAKALPHA,53.79,54.5,53.79,54.4,53.8,1008904
2026-08-12,CONS,KOTAKMAMC - KOTAKCONS,12.56,12.56,12.39,12.45,12.55,32159
2026-08-12,IT,KOTAKMAMC - KOTAKIT,35.22,35.34,34.47,34.66,35.22,294307
2026-08-12,LIQUID1,KOTAKMAMC - KOTAKLIQ,1117.63,1117.78,1117.63,1117.77,1117.63,587415
2026-08-12,LOWVOL1,KOTAKMAMC - KOTAKLOVOL,21.69,21.69,21.48,21.5,21.73,1143550
2026-08-12,MIDCAP,KOTAKMAMC - KOTAKMID50,19.09,19.09,18.59,18.72,18.72,511295
2026-08-12,MNC,KOTAKMAMC - KOTAKMNC,34.92,34.97,34.73,34.82,34.92,41775
2026-08-12,SILVER1,KOTAKMAMC - KOTAKSILVE,22.8,22.97,22.25,22.9,22.56,4832336
2026-08-12,NV20,KOTAKMAMC - KTKNV20ETF,14.33,14.33,14.07,14.21,14.23,71104
2026-08-12,MID150,KOTAKMAMC - MID150,23.88,23.89,23.72,23.81,23.88,25920
2026-08-12,MOMENTUM30,KOTAKMAMC - MOMENTUM30,31.11,31.39,31.11,31.22,31.11,92542
2026-08-12,MSCIINDIA,KOTAKMAMC - MSCIINDIA,30.44,30.45,30.2,30.37,30.32,17351
2026-08-12,NEXT50ETF,KOTAKMAMC - NEXT50ETF,73.33,78.0,73.33,75.37,75.22,20182
2026-08-12,NIFTY100EW,KOTAKMAMC - NIFTY100EW,35.05,36.4,35.05,35.71,35.95,50709
2026-08-12,PVTBANK,KOTAKMAMC - PVTBANK,27.49,28.33,27.37,27.59,27.42,256281
2026-08-12,QUALITY30,KOTAKMAMC - QUALITY30,21.37,21.38,21.0,21.1,21.35,6612
2026-08-12,BANKNIFTY1,KOTAKMAMC-KOTAKBKETF,59.7,60.2,59.49,60.15,59.69,183539
2026-08-12,KOTIC,KOTHARI INDUSTRIAL CORP L,149.93,153.67,147.0,147.47,149.93,4233
2026-08-12,KOTHARIPET,KOTHARI PETROCHEM LTD,146.0,153.7,142.0,150.63,145.65,171773
2026-08-12,KOTHARIPRO,KOTHARI PRODUCTS LTD,70.58,71.0,68.6,69.11,70.58,9184
2026-08-12,KOTARISUG,KOTHARI SUG & CHEM LTD.,26.0,26.77,25.11,26.13,26.19,44740
2026-08-12,KOVAI,KOVAI MEDICAL CENTER & HO,5870.0,5950.0,5820.5,5825.5,5865.5,9806
2026-08-12,KPIGREEN,KPI GREEN ENERGY LIMITED,348.0,352.75,335.1,337.2,350.9,1775887
2026-08-12,KPITTECH,KPIT TECHNOLOGIES LIMITED,627.0,628.0,609.0,609.2,627.0,1196638
2026-08-12,KPRMILL,KPR MILL LTD.,1103.0,1104.0,1085.0,1088.7,1096.5,144628
2026-08-12,KRBL,KRBL LIMITED,370.4,376.05,366.0,373.2,370.55,214572
2026-08-12,KREBSBIO,KREBS BIOCHEMICALS & IND,59.88,59.88,54.71,54.79,56.0,791
2026-08-12,KRISHANA,KRISHANA PHOSCHEM LIMITED,186.65,190.1,184.5,186.45,186.45,388061
2026-08-12,KRISHIVAL,KRISHIVAL FOODS LIMITED,449.9,449.9,404.0,405.7,402.15,18653
2026-08-12,KRISHNADEF,KRISHNA DEF AND ALD IND L,1170.5,1190.9,1138.0,1169.0,1161.2,95055
2026-08-12,KIMS,KRISHNA INST OF MED SCI L,810.5,814.55,800.0,803.95,813.05,459515
2026-08-12,KRITI,KRITI INDUSTRIES IND LTD,67.0,68.49,65.0,67.95,68.55,21718
2026-08-12,KRITINUT,KRITI NUTRIENTS LIMITED,81.0,87.0,81.0,85.07,85.21,24385
2026-08-12,KRITIKA,KRITIKA WIRES LIMITED,5.58,5.64,5.51,5.53,5.6,96354
2026-08-12,KRN,KRN HEAT EXCHANGE N REF L,1295.0,1345.0,1294.0,1331.9,1287.7,341240
2026-08-12,KRONOX,KRONOX LAB SCIENCES LTD,169.96,178.73,167.3,173.93,167.14,717477
2026-08-12,KROSS,KROSS LIMITED,201.99,211.5,200.58,204.77,202.17,948369
2026-08-12,KRSNAA,KRSNAA DIAGNOSTICS LTD,575.1,577.0,563.2,573.75,574.8,147606
2026-08-12,KRYSTAL,KRYSTAL INTEGRATED SER L,628.0,634.0,620.0,620.5,625.95,20395
2026-08-12,KSB,KSB LIMITED,811.85,814.45,785.05,788.05,811.85,89522
2026-08-12,KSHINTL,KSH INTERNATIONAL LIMITED,988.95,1059.9,966.0,997.65,988.95,1174005
2026-08-12,KSHITIJPOL,KSHITIJ POLYLINE LIMITED,2.75,2.92,2.75,2.84,2.79,975809
2026-08-12,KSOLVES,KSOLVES INDIA LIMITED,275.9,277.75,271.05,273.3,275.15,28312
2026-08-12,KSR,KSR FOOTWEAR LIMITED,27.0,27.99,26.56,26.8,27.11,9686
2026-08-12,KUANTUM,KUANTUM PAPERS LIMITED,86.0,86.79,84.12,85.08,85.85,160582
2026-08-12,KUSUMGAR,KUSUMGAR LIMITED,634.0,646.0,611.0,616.25,635.4,640856
2026-08-12,KPL,KWALITY PHARMACEUTICALS L,3300.0,3374.8,3240.1,3313.8,3310.5,46929
2026-08-12,KWIL,KWALITY WALL'S (INDIA) L,34.85,36.75,34.24,36.4,34.84,33564531
2026-08-12,LTF,L&T FINANCE LIMITED,315.0,317.2,309.75,317.2,315.4,4688109
2026-08-12,LTTS,L&T TECHNOLOGY SER. LTD.,3652.7,3656.1,3557.7,3578.9,3652.7,59654
2026-08-12,LAOPALA,LA OPALA RG LIMITED,191.7,192.0,187.25,189.83,190.79,212255
2026-08-12,LAGNAM,LAGNAM SPINTEX LIMITED,82.58,83.27,78.35,80.5,82.73,6950
2026-08-12,LAHOTIOV,LAHOTI OVERSEAS LTD.,44.5,44.99,43.0,43.0,44.19,4469
2026-08-12,LFIC,LAKSHMI FIN IND CORP LTD,142.0,145.0,134.0,138.07,140.53,4439
2026-08-12,LAMBODHARA,LAMBODHARA TEXTILES LTD.,114.11,116.39,113.0,113.8,114.88,3518
2026-08-12,LANCORHOL,LANCOR HOLDINGS LIMITED,27.98,27.98,25.76,25.95,27.72,145746
2026-08-12,LANDMARK,LANDMARK CARS LIMITED,571.95,573.05,528.0,548.05,571.75,785083
2026-08-12,LPDC,LANDMARK PR.DEV.CO.LTD,6.41,6.59,6.27,6.3,6.35,12466
2026-08-12,LANDSMILL,LANDSMILL GREEN LIMITED,0.78,0.78,0.76,0.77,0.78,3014954
2026-08-12,LT,LARSEN & TOUBRO LTD.,4038.0,4044.1,3990.0,4020.0,4037.4,2226623
2026-08-12,LASA,LASA SUPERGENERICS LTD,7.61,7.8,7.4,7.57,7.62,14261
2026-08-12,LASERPOWER,LASER POWER & INFRA LTD,289.95,289.95,279.3,281.55,289.05,1179002
2026-08-12,LATENTVIEW,LATENT VIEW ANALYTICS LTD,295.95,296.8,287.5,290.05,294.75,423620
2026-08-12,LAURUSLABS,LAURUS LABS LIMITED,1856.3,1862.3,1835.0,1850.0,1858.0,1088545
2026-08-12,LAXMICOT,LAXMI COTSPIN LIMITED,14.43,14.77,13.51,13.95,14.41,29976
2026-08-12,LAXMIDENTL,LAXMI DENTAL LIMITED,213.0,214.0,199.0,200.3,210.76,482580
2026-08-12,LGHL,LAXMI GOLDORNA HOUSE LTD,198.71,202.0,194.61,200.45,195.06,10757
2026-08-12,LXCHEM,LAXMI ORGANIC INDUS LTD,175.35,176.46,171.93,172.85,174.89,490815
2026-08-12,LCCINFOTEC,LCC INFOTECH LTD,3.66,3.99,3.61,3.87,3.63,109930
2026-08-12,LEMERITE,LE MERITE EXPORTS LIMITED,23.71,23.75,23.01,23.25,23.35,252716
2026-08-12,IXIGO,LE TRAVENUES TECHNOLOGY L,183.95,183.95,177.67,178.37,183.5,465902
2026-08-12,THELEELA,LEELA PALACES HOTEL LTD,513.7,523.7,494.4,499.75,512.25,312729
2026-08-12,LEMONTREE,LEMON TREE HOTELS LTD,109.5,110.5,107.89,109.16,109.36,2941490
2026-08-12,LENSKART,LENSKART SOLUTIONS LTD,592.9,593.35,581.3,586.45,589.2,5027988
2026-08-12,LEXUS,LEXUS GRANITO (INDIA) LTD,14.99,14.99,13.81,14.14,14.49,17384
2026-08-12,LGBBROSLTD,LG BALAKRISHNAN & BROS,1550.4,1610.0,1546.5,1602.4,1549.2,41027
2026-08-12,LGEINDIA,LG ELECTRONICS INDIA LTD,1566.5,1584.4,1554.0,1578.8,1566.5,291304
2026-08-12,LIBAS,LIBAS CONSU PRODUCTS LTD,9.94,9.94,9.6,9.78,9.61,12356
2026-08-12,LIBERTSHOE,LIBERTY SHOES LTD,242.0,246.4,240.0,240.4,245.3,22856
2026-08-12,LICHSGFIN,LIC HOUSING FINANCE LTD,502.95,508.0,499.45,508.0,502.0,1559589
2026-08-12,LICMFGOLD,LIC MF - LIC GOLD ETF,137.0,138.45,137.0,137.55,136.9,41420
2026-08-12,LICNETFN50,LICNAMC - LICNFENGP,273.56,275.44,272.9,274.16,275.5,307
2026-08-12,LICNETFSEN,LICNAMC - LICNFESGP,884.09,886.37,874.47,883.05,884.09,101
2026-08-12,LICNFNHGP,LICNAMC - LICNFNHGP,282.11,282.11,278.51,280.95,280.34,199
2026-08-12,LICNETFGSC,LICNAMC - LICNMFET,29.78,29.78,29.52,29.54,29.57,8195
2026-08-12,LICNMID100,LICNAMC - LICNMID100,64.52,64.89,63.68,64.51,64.52,3853
2026-08-12,LICI,LIFE INSURA CORP OF INDIA,409.0,417.0,404.7,417.0,406.0,20957554
2026-08-12,LIKHITHA,LIKHITHA INFRASTRUC LTD,247.39,247.39,226.55,227.33,243.59,95998
2026-08-12,LINC,LINC LIMITED,98.66,98.89,96.71,98.34,97.27,19459
2026-08-12,LINCOLN,LINCOLN PHARMA LTD,585.0,597.8,585.0,592.85,596.5,30057
2026-08-12,LINDEINDIA,LINDE INDIA LIMITED,6931.0,6931.0,6709.5,6777.5,6972.0,48476
2026-08-12,LLOYDSENGG,LLOYDS ENGG WORK LIMITED,93.75,94.25,91.0,92.41,93.04,7926085
2026-08-12,LLOYDSENT,LLOYDS ENTERPRISES LTD,80.0,80.0,77.0,77.89,80.48,3241276
2026-08-12,LLOYDSME,LLOYDS METALS N ENERGY L,1976.5,1983.1,1877.5,1893.6,1986.2,1221771
2026-08-12,LMW,LMW LIMITED,17423.0,17625.0,17100.0,17550.0,17323.0,6027
2026-08-12,LODHA,LODHA DEVELOPERS LIMITED,1215.0,1217.6,1185.0,1209.0,1212.0,1174178
2026-08-12,LCL,LOHIA CORP LIMITED,503.0,524.0,493.55,514.55,499.95,666707
2026-08-12,LORDSCHLO,LORDS CHLORO ALKALI LTD,139.9,145.0,136.0,137.71,140.54,14114
2026-08-12,LAL,LORENZINI APPARELS LTD,8.67,9.1,8.52,8.82,8.67,228957
2026-08-12,LOTUSEYE,LOTUS EYE HOSP & INST L,119.8,119.8,116.1,117.62,119.78,8967
2026-08-12,LOVABLE,LOVABLE LINGERIE LTD,72.2,73.7,72.16,72.83,73.22,4343
2026-08-12,LOYALTEX,LOYAL TEXTILE MILLS LTD,255.0,255.0,225.35,228.91,219.64,15005
2026-08-12,LTFOODS,LT FOODS LIMITED,419.35,432.1,417.0,426.7,419.3,502746
2026-08-12,LTM,LTM LIMITED,4850.0,4850.0,4691.0,4762.1,4850.0,318929
2026-08-12,LUMAXTECH,LUMAX AUTO TECH LTD,2085.0,2110.0,2000.1,2039.3,2076.3,1053290
2026-08-12,LUMAXIND,LUMAX INDUSTRIES LTD,6069.5,6189.0,5880.5,5966.0,5996.5,39065
2026-08-12,LUPIN,LUPIN LIMITED,2286.6,2287.8,2249.5,2281.0,2278.9,861217
2026-08-12,LUXIND,LUX INDUSTRIES LIMITED,1252.0,1253.1,1200.0,1211.9,1248.8,38011
2026-08-12,MBEL,M AND B ENGINEERING LTD,269.95,276.0,263.3,268.05,267.1,579001
2026-08-12,MKPL,M K PROTEINS LIMITED,4.16,4.22,4.1,4.18,4.19,74702
2026-08-12,MCL,M TEK COPPER LIMITED,58.7,58.99,57.22,58.58,58.34,101885
2026-08-12,M&MFIN,M&M FIN. SERVICES LTD,398.35,410.0,392.5,395.85,398.8,4492168
2026-08-12,MAANALU,MAAN ALUMINIUM LIMITED,120.5,131.0,120.5,125.01,123.16,148917
2026-08-12,MCCHRLS-B,MAC CHARLES (INDIA) LTD.,710.0,710.0,677.0,679.95,679.65,67
2026-08-12,MACPOWER,MACPOWER CNC MACHINES LTD,1752.7,1799.0,1694.2,1726.3,1754.3,22812
2026-08-12,MADHAVIPL,MADHAV INFRA PROJECTS L,7.12,7.25,7.0,7.05,7.22,169844
2026-08-12,MADHAV,MADHAV MARBLE & GRANITE,34.41,35.0,34.27,34.27,34.84,2210
2026-08-12,MBAPL,MADHYA BHARAT AGRO P. LTD,165.96,170.94,164.49,165.75,165.49,582352
2026-08-12,MADRASFERT,MADRAS FERTILISERS LTD,67.0,67.06,65.02,65.49,66.86,29416
2026-08-12,MAFATIND,MAFATLAL INDUSTRIES LTD.,126.15,127.8,123.62,126.23,125.63,61199
2026-08-12,MAGADSUGAR,MAGADH SUGAR & ENERGY LTD,520.65,530.45,516.0,520.35,525.75,11813
2026-08-12,MCLOUD,MAGELLANIC CLOUD LIMITED,28.9,29.7,27.8,29.08,28.91,2480178
2026-08-12,MAGNUM,MAGNUM VENTURES LTD.,19.31,20.18,19.31,19.58,19.7,47871
2026-08-12,MAHAPEXLTD,MAHA RASHTRA APEX COPR. L,55.0,59.8,54.0,56.84,52.98,147048
2026-08-12,MFML,MAHALAXMI FABRIC MILLS LT,19.0,19.04,18.6,18.64,18.78,5378
2026-08-12,MHLXMIRU,MAHALAXMI RUBTECH LIMITED,162.0,171.42,162.0,171.42,155.84,147574
2026-08-12,MGL,MAHANAGAR GAS LTD.,1138.0,1138.0,1114.0,1118.5,1134.3,55339
2026-08-12,MTNL,MAHANAGAR TELEPHONE NIGAM,27.35,27.55,26.87,26.99,27.37,376690
2026-08-12,MAHSCOOTER,MAHARASHTRA SCOOTERS LTD,13786.0,13786.0,13559.0,13640.0,13786.0,1350
2026-08-12,MAHSEAMLES,MAHARASHTRA SEAMLESS LTD,597.75,612.05,592.9,609.95,595.0,118552
2026-08-12,M&M,MAHINDRA & MAHINDRA LTD,3460.0,3471.8,3403.6,3403.6,3460.1,1834082
2026-08-12,MAHEPC,MAHINDRA EPC IRRIG LTD,107.27,109.88,107.02,107.52,107.27,14406
2026-08-12,MHRIL,MAHINDRA HOLIDAYS LTD,225.57,227.0,223.22,224.88,225.57,57137
2026-08-12,MAHLIFE,MAHINDRA LIFESPACE DEVLTD,383.0,385.75,378.1,382.85,382.65,69600
2026-08-12,MAHLOG,MAHINDRA LOGISTIC LIMITED,411.35,414.0,402.0,406.95,409.35,188205
2026-08-12,MAITHANALL,MAITHAN ALLOYS LTD,1005.6,1006.0,986.0,991.7,1005.6,41434
2026-08-12,MALLCOM,MALLCOM (INDIA) LIMITED,995.3,1000.0,977.0,981.35,992.0,1292
2026-08-12,MALUPAPER,MALU PAPER MILLS LIMITED,32.0,32.29,31.52,31.56,31.6,2744
2026-08-12,MAMATA,MAMATA MACHINERY LIMITED,423.45,427.0,421.0,426.05,425.2,64203
2026-08-12,MANAKCOAT,MAN COAT METAL & IND LTD,117.51,118.2,112.06,117.5,117.51,805369
2026-08-12,MANINDS,MAN INDUSTRIES (I) LTD.,575.0,638.7,573.0,598.65,559.1,10838305
2026-08-12,MANINFRA,MAN INFRA LTD,113.0,116.49,107.11,108.55,111.36,5029976
2026-08-12,MANAKALUCO,MANAK ALUMINIUM CO. LTD.,42.0,42.0,38.73,39.32,42.47,292935
2026-08-12,MANAKSIA,MANAKSIA LTD.,59.0,59.5,57.7,58.42,58.8,17745
2026-08-12,MANAKSTEEL,MANAKSIA STEELS LTD,88.94,88.94,81.1,82.75,84.71,572953
2026-08-12,MANALIPETC,MANALI PETROCHEMICALS LT,65.5,69.28,65.5,67.39,65.53,1189183
2026-08-12,MANAPPURAM,MANAPPURAM FINANCE LTD,369.95,369.95,351.0,352.6,360.0,31501308
2026-08-12,MANBA,MANBA FINANCE LIMITED,132.63,134.8,130.0,131.44,133.4,33354
2026-08-12,MANCREDIT,MANGAL CREDIT N FINCORP L,247.1,248.09,243.0,243.44,247.05,41301
2026-08-12,MEIL,MANGAL ELECTRICAL IND L,270.0,277.0,270.0,274.95,270.15,33202
2026-08-12,MANGLMCEM,MANGALAM CEMENT LTD,906.15,907.75,891.05,903.75,906.15,17065
2026-08-12,MANGALAM,MANGALAM DRUG & CHEM LTD,26.93,27.48,26.93,27.27,26.93,15474
2026-08-12,MANORG,MANGALAM ORGANICS LIMITED,455.0,460.0,448.8,450.05,449.9,22206
2026-08-12,MWL,MANGALAM WORLDWIDE LTD,42.24,42.59,41.17,41.59,41.93,259389
2026-08-12,MANIPALHOS,MANIPAL HEALTH ENTERPRI L,701.45,708.35,685.15,692.45,701.45,2196188
2026-08-12,MANKIND,MANKIND PHARMA LIMITED,2418.0,2433.1,2381.3,2433.1,2425.0,754503
2026-08-12,MVGJL,MANOJ VAIBHAV GEM N JEW L,160.05,163.99,154.91,155.89,162.21,79302
2026-08-12,MANOMAY,MANOMAY TEX INDIA LTD,217.99,218.59,210.35,216.56,216.41,73452
2026-08-12,MANORAMA,MANORAMA INDUSTRIES LTD,1599.0,1639.4,1594.6,1626.0,1597.8,122560
2026-08-12,MARATHON,MARATHON NXTGEN REALT LTD,378.9,383.95,371.2,373.3,377.8,34628
2026-08-12,MARICO,MARICO LIMITED,855.0,857.05,839.05,855.0,855.0,1770553
2026-08-12,MARINE,MARINE ELECTRICAL (I) LTD,349.7,355.3,341.0,347.0,349.7,870386
2026-08-12,MARKOLINES,MARKOLINES PAVEMENT TEC L,176.53,177.9,174.0,175.12,176.84,115552
2026-08-12,MARKSANS,MARKSANS PHARMA LIMITED,280.0,320.0,277.45,312.6,278.95,47809908
2026-08-12,MARSONS,MARSONS LIMITED,102.89,104.76,100.25,103.16,102.19,1976838
2026-08-12,MARUTI,MARUTI SUZUKI INDIA LTD.,13990.0,14067.0,13875.0,13875.0,13990.0,354408
2026-08-12,MASFIN,MAS FINANCIAL SERV LTD,302.3,305.0,299.0,302.85,300.1,80187
2026-08-12,MASTEK,MASTEK LTD,1812.6,1831.0,1793.2,1819.1,1812.6,53013
2026-08-12,MASTERTR,MASTER TRUST LIMITED,78.6,78.71,76.59,77.51,78.13,147885
2026-08-12,MATRIMONY,MATRIMONY.COM LIMITED,529.4,549.7,502.0,541.5,537.1,365358
2026-08-12,MAWANASUG,MAWANA SUGARS LIMITED,115.17,116.0,111.1,111.99,115.17,265742
2026-08-12,MAXESTATES,MAX ESTATES LIMITED,421.45,426.7,412.5,420.65,426.65,59253
2026-08-12,MFSL,MAX FINANCIAL SERV LTD,1500.4,1531.6,1495.0,1516.0,1499.0,489596
2026-08-12,MAXHEALTH,MAX HEALTHCARE INS LTD,1030.8,1034.9,1001.5,1007.5,1040.0,2762821
2026-08-12,MAXIND,MAX INDIA LIMITED,168.66,169.99,161.0,162.64,170.48,247434
2026-08-12,MAYURUNIQ,MAYUR UNIQUOTERS LTD,775.5,779.3,745.1,750.75,779.1,81890
2026-08-12,MAZDOCK,MAZAGON DOCK SHIPBUIL LTD,2554.0,2569.9,2485.9,2552.0,2554.0,692659
2026-08-12,MBLINFRA,MBL INFRASTRUCTURE LTD,24.36,24.94,24.35,24.57,24.52,25458
2026-08-12,MCLEODRUSS,MCLEOD RUSSEL INDIA LTD.,47.99,47.99,46.8,47.75,48.86,436901
2026-08-12,MEDIASSIST,MEDI ASSIST HEALTH SER L,346.3,355.95,343.55,352.05,346.25,124679
2026-08-12,MMWL,MEDIA MATRIX WORLDWIDE L,16.25,16.25,15.16,15.24,15.95,20937
2026-08-12,MEDICAMEQ,MEDICAMEN BIOTECH LIMITED,237.95,249.0,235.2,238.98,236.96,24769
2026-08-12,MEDICO,MEDICO REMEDIES LIMITED,45.25,47.99,45.25,47.45,45.25,525021
2026-08-12,MEDPLUS,MEDPLUS HEALTH SERV LTD,680.0,690.5,672.0,675.05,679.15,166414
2026-08-12,MEESHO,MEESHO LIMITED,190.75,194.17,190.44,191.89,190.41,8383592
2026-08-12,MEGASTAR,MEGASTAR FOODS LIMITED,320.2,330.0,310.0,319.95,319.45,7978
2026-08-12,MOL,MEGHMANI ORGANICS LIMITED,56.88,59.65,56.0,57.29,57.15,2268227
2026-08-12,MENNPIS,MENON PISTONS LTD.,73.74,74.05,71.15,72.14,73.28,101699
2026-08-12,MERCANTILE,MERCANTILE VENTURES LTD.,25.49,25.49,24.2,24.36,24.55,1426
2026-08-12,MERCURYEV,MERCURY EV-TECH LIMITED,35.44,35.44,34.63,35.02,34.71,63748
2026-08-12,METROBRAND,METRO BRANDS LIMITED,950.3,959.2,932.0,937.8,949.8,133770
2026-08-12,METROGLOBL,METROGLOBAL LTD.,137.0,137.0,132.0,133.05,134.46,1536
2026-08-12,METROPOLIS,METROPOLIS HEALTHCARE LTD,570.0,582.4,550.1,552.4,566.25,365205
2026-08-12,MIDWESTLTD,MIDWEST LIMITED,1180.0,1215.9,1094.3,1112.4,1174.1,91798
2026-08-12,MINDACORP,MINDA CORPORATION LTD,721.7,743.9,719.3,736.3,721.45,507767
2026-08-12,MINDTECK,MINDTECK (INDIA) LIMITED,192.0,196.0,178.0,180.65,192.75,157420
2026-08-12,ALPHAETF,MIRAEAMC - ALPHAETF,26.95,27.04,26.78,26.95,26.76,678765
2026-08-12,BANKETF,MIRAEAMC - BANKETF,588.64,590.65,584.29,590.16,585.99,7143
2026-08-12,BANKPSU,MIRAEAMC - BANKPSU,87.51,89.05,87.51,88.78,87.08,18250
2026-08-12,CONSUMER,MIRAEAMC - CONSUMER,12.48,12.48,12.16,12.21,12.24,288920
2026-08-12,DEFENCE,MIRAEAMC - DEFENCE,80.69,81.09,80.0,80.68,80.69,160587
2026-08-12,DIVIDEND,MIRAEAMC - DIVIDEND,36.36,36.49,36.05,36.12,36.23,7857
2026-08-12,ENERGY,MIRAEAMC - ENERGY,39.66,39.66,38.65,38.92,38.88,125233
2026-08-12,EQUAL200,MIRAEAMC - EQUAL200,14.07,14.08,13.99,14.04,14.07,206225
2026-08-12,EQUAL50,MIRAEAMC - EQUAL50,339.1,339.45,336.5,337.69,339.49,8827
2026-08-12,EVINDIA,MIRAEAMC - EVINDIA,35.04,35.04,34.09,34.16,34.19,380955
2026-08-12,HEALTHCARE,MIRAEAMC - HEALTHCARE,22.29,22.29,21.57,21.6,21.83,54281
2026-08-12,HYBRIDETF,MIRAEAMC - HYBRIDETF,10.15,10.19,10.14,10.19,10.17,6005
2026-08-12,INFRA,MIRAEAMC - INFRA,12.19,12.21,12.12,12.19,12.19,25828
2026-08-12,INTERNET,MIRAEAMC - INTERNET,14.3,14.33,14.17,14.23,14.3,200516
2026-08-12,ITETF,MIRAEAMC - ITETF,34.02,34.03,32.92,33.12,33.69,295478
2026-08-12,LIQUID,MIRAEAMC - LIQUID,999.99,1000.0,999.99,999.99,999.99,1514104
2026-08-12,LIQUIDPLUS,MIRAEAMC - LIQUIDPLUS,1098.47,1098.49,1098.43,1098.47,1098.33,1157633
2026-08-12,ESG,MIRAEAMC - MAESGETF,42.14,42.22,41.8,42.06,42.23,56367
2026-08-12,MAFANG,MIRAEAMC - MAFANG,210.2,210.2,208.6,208.88,209.72,590048
2026-08-12,BFSI,MIRAEAMC - MAFSETF,28.0,28.0,27.3,27.48,27.45,328425
2026-08-12,GOLDETF,MIRAEAMC - MAGOLDETF,147.85,149.44,147.82,148.52,147.57,1579799
2026-08-12,GSEC10YEAR,MIRAEAMC - MAGS813ETF,31.04,31.04,30.25,30.65,30.53,2483
2026-08-12,MAHKTECH,MIRAEAMC - MAHKTECH,23.99,23.99,23.53,23.7,23.78,777537
2026-08-12,MIDCAPETF,MIRAEAMC - MAM150ETF,23.98,24.1,23.89,23.99,23.98,1913020
2026-08-12,MAKEINDIA,MIRAEAMC - MAMFGETF,169.1,169.69,168.41,169.02,169.1,32509
2026-08-12,NIFTYETF,MIRAEAMC - MAN50ETF,266.58,266.59,264.41,265.57,266.57,275925
2026-08-12,LOWVOL,MIRAEAMC - MANV30F,211.89,211.89,210.75,210.75,211.95,109
2026-08-12,NEXT50,MIRAEAMC - MANXT50,775.02,775.02,765.3,767.82,771.15,55721
2026-08-12,SILVERAG,MIRAEAMC - MASILVER,227.27,230.15,226.36,229.95,226.69,323452
2026-08-12,MASPTOP50,MIRAEAMC - MASPTOP50,80.96,80.96,80.61,80.96,81.09,408724
2026-08-12,METAL,MIRAEAMC - METAL,13.21,13.54,13.16,13.26,13.21,1521099
2026-08-12,MIDSMALL,MIRAEAMC - MIDSMALL,52.77,52.77,52.26,52.49,52.27,577422
2026-08-12,MOMMIDCAP,MIRAEAMC - MOMMIDCAP,13.02,13.18,13.0,13.11,12.96,1103236
2026-08-12,MULTICAP,MIRAEAMC - MULTICAP,17.31,17.31,16.9,16.94,16.97,128679
2026-08-12,SELECTIPO,MIRAEAMC - SELECTIPO,48.72,48.72,48.28,48.57,48.48,41535
2026-08-12,SENSEXETF,MIRAEAMC - SENSEXETF,80.72,80.77,79.97,80.44,80.7,25034
2026-08-12,SMALL250,MIRAEAMC - SMALL250,18.53,18.53,18.35,18.36,18.44,362385
2026-08-12,SMALLCAP,MIRAEAMC - SMALLCAP,48.41,48.73,48.4,48.55,48.42,1237553
2026-08-12,TOP20,MIRAEAMC - TOP20,9.11,9.11,9.02,9.05,9.12,30079
2026-08-12,VALUE,MIRAEAMC - VALUE,16.47,16.47,16.31,16.39,16.35,11834
2026-08-12,MIRZAINT,MIRZA INTERNATIONAL LIMIT,32.89,32.99,32.01,32.16,32.74,124656
2026-08-12,MIDHANI,MISHRA DHATU NIGAM LTD,427.75,438.6,400.15,408.45,427.75,2359127
2026-08-12,MITTAL,MITTAL LIFE STYLE LIMITED,0.91,0.91,0.89,0.89,0.89,300303
2026-08-12,MMFL,MM FORGINGS LTD,642.9,656.2,632.05,636.85,643.15,100275
2026-08-12,MMP,MMP INDUSTRIES LIMITED,340.65,349.5,336.0,345.2,338.15,48700
2026-08-12,MMTC,MMTC LIMITED,65.8,66.2,64.01,64.43,64.98,1977239
2026-08-12,MODTHREAD,MODERN THREADS INDIA LTD,46.03,46.07,45.53,45.91,46.52,576
2026-08-12,MODIRUBBER,MODI RUBBER LTD,119.5,122.06,119.5,120.85,121.29,789
2026-08-12,MODIS,MODIS NAVNIRMAN LTD,415.0,415.0,402.0,404.9,409.95,16211
2026-08-12,MOHITIND,MOHIT INDUSTRIES LTD,26.0,26.96,24.51,25.2,26.19,13190
2026-08-12,MOIL,MOIL LIMITED,280.0,288.95,278.15,280.55,279.45,1135494
2026-08-12,MOKSH,MOKSH ORNAMENTS LIMITED,10.88,10.88,10.5,10.54,10.69,29281
2026-08-12,MOLDTKPAC,MOLD-TEK PACKAGING LTD,678.85,689.15,675.0,685.45,678.85,31504
2026-08-12,MONARCH,MONARCH NETWORTH CAP LTD,376.25,390.0,375.35,377.75,376.25,165266
2026-08-12,MONEYBOXX,MONEYBOXX FINANCE LIMITED,61.0,62.0,60.0,60.0,62.0,28227
2026-08-12,MONTECARLO,MONTE CARLO FASHIONS LTD.,508.0,508.0,498.1,500.45,504.15,59178
2026-08-12,MOREPENLAB,MOREPEN LAB. LTD,77.09,77.57,72.56,73.46,76.89,13287951
2026-08-12,MOSCHIP,MOSCHIP TECHNOLOGIES LTD,207.86,208.61,204.5,205.19,207.86,852556
2026-08-12,MSUMI,MOTHERSON SUMI WRNG IND L,41.01,41.2,40.56,41.04,41.01,9094596
2026-08-12,MOM100,MOTILAL OS MIDCAP100 ETF,68.78,68.91,68.52,68.76,68.77,346105
2026-08-12,MON100,MOTILAL OS NASDAQ100 ETF,331.16,331.16,331.16,331.16,331.95,105204
2026-08-12,MOTILALOFS,MOTILAL OSWAL FIN LTD,890.15,901.0,873.3,901.0,888.0,713954
2026-08-12,MOM50,MOTILAL OSWAL M50 ETF,257.5,257.5,254.24,255.88,255.94,10312
2026-08-12,MOGSEC,MOTILALAMC - G5,65.6,65.9,65.3,65.4,65.42,2735
2026-08-12,MOALPHA50,MOTILALAMC - MOALPHA50,56.66,56.68,56.25,56.4,56.0,13908
2026-08-12,MOBANK10,MOTILALAMC - MOBANK10,16.8,17.2,16.8,16.95,16.93,9587
2026-08-12,MOCAPITAL,MOTILALAMC - MOCAPITAL,53.51,53.83,53.2,53.64,53.51,809037
2026-08-12,MODEFENCE,MOTILALAMC - MODEFENCE,106.23,106.31,104.58,105.7,105.17,1269680
2026-08-12,MOENERGY,MOTILALAMC - MOENERGY,38.82,39.33,33.3,38.87,38.82,135976
2026-08-12,MOGOLD,MOTILALAMC - MOGOLD,150.6,151.45,150.45,151.3,150.2,33804
2026-08-12,MOHEALTH,MOTILALAMC - MOHEALTH,52.31,52.77,51.62,51.78,52.31,72614
2026-08-12,MOINFRA,MOTILALAMC - MOINFRA,59.89,60.93,59.65,60.03,59.85,3332
2026-08-12,MOIPO,MOTILALAMC - MOIPO,48.6,48.6,48.4,48.49,48.6,1563
2026-08-12,MOLOWVOL,MOTILALAMC - MOLOWVOL,37.42,37.42,37.1,37.33,37.42,144718
2026-08-12,MOMENTUM50,MOTILALAMC - MOMENTUM50,54.22,54.77,54.0,54.72,54.22,713320
2026-08-12,MOMETAL,MOTILALAMC - MOMETAL,13.32,13.32,13.14,13.16,13.19,2640
2026-08-12,MOMGF,MOTILALAMC - MOMGF,166.46,166.8,165.5,165.54,166.58,898
2026-08-12,MOMIDMTM,MOTILALAMC - MOMIDMTM,64.14,65.37,64.14,65.05,64.79,105085
2026-08-12,MOMNC,MOTILALAMC - MOMNC,33.87,33.87,33.65,33.8,33.9,4447
2026-08-12,MOMOMENTUM,MOTILALAMC - MOMOMENTUM,63.43,63.72,63.0,63.21,63.12,23102
2026-08-12,MON50EQUAL,MOTILALAMC - MON50EQUAL,34.67,34.67,33.52,34.08,34.37,17776
2026-08-12,MONEXT50,MOTILALAMC - MONEXT50,75.89,75.89,74.05,74.54,74.82,14359
2026-08-12,MONIFTY100,MOTILALAMC - MONIFTY100,25.83,26.25,25.61,25.76,25.81,32104
2026-08-12,MONIFTY500,MOTILALAMC - MONIFTY500,23.75,24.37,23.75,24.21,24.23,853714
2026-08-12,MONQ50,MOTILALAMC - MONQ50,148.2,148.2,148.2,148.2,148.92,10197
2026-08-12,MOOILGAS,MOTILALAMC - MOOILGAS,11.67,11.7,11.21,11.28,11.39,23743
2026-08-12,MOPSE,MOTILALAMC - MOPSE,101.48,101.96,99.16,100.27,100.02,11006
2026-08-12,MOQUALITY,MOTILALAMC - MOQUALITY,207.19,207.19,204.98,205.99,207.15,9389
2026-08-12,MOREALTY,MOTILALAMC - MOREALTY,89.36,89.36,88.08,88.66,89.31,619787
2026-08-12,MOSERVICE,MOTILALAMC - MOSERVICE,31.46,31.8,31.19,31.34,31.58,6312
2026-08-12,MOSILVER,MOTILALAMC - MOSILVER,230.83,233.99,229.81,233.02,229.65,101634
2026-08-12,MOSMALL250,MOTILALAMC - MOSMALL250,18.56,18.58,18.37,18.48,18.45,3559277
2026-08-12,MOTOUR,MOTILALAMC - MOTOUR,80.4,80.4,79.61,80.14,80.4,13717
2026-08-12,MOVALUE,MOTILALAMC - MOVALUE,115.45,115.99,114.84,115.78,115.28,75227
2026-08-12,MOTISONS,MOTISONS JEWELLERS LTD,14.09,14.23,13.51,13.6,14.02,27928421
2026-08-12,MPHASIS,MPHASIS LIMITED,2536.0,2540.1,2472.0,2537.6,2530.0,366804
2026-08-12,MPSLTD,MPS LIMITED,2831.0,2887.9,2811.0,2871.9,2849.2,27994
2026-08-12,MRF,MRF LTD,131540.0,131985.0,130430.0,130785.0,131125.0,4123
2026-08-12,MRPL,MRPL,180.24,180.78,173.22,175.38,181.14,10085904
2026-08-12,BECTORFOOD,MRS BECTORS FOOD SPE LTD,241.0,243.39,233.52,242.35,240.62,2242467
2026-08-12,MSPL,MSP STEEL & POWER LTD.,35.5,35.6,34.5,34.87,35.52,409960
2026-08-12,MSTCLTD,MSTC LIMITED,573.2,599.0,573.0,588.85,571.0,232536
2026-08-12,MUFIN,MUFIN GREEN FINANCE LTD,139.99,139.99,132.0,135.4,135.98,2414696
2026-08-12,MUKANDLTD,MUKAND LTD.,140.01,143.8,134.39,135.56,140.61,1701821
2026-08-12,MUKKA,MUKKA PROTEINS LIMITED,23.9,24.9,23.53,24.18,23.78,695575
2026-08-12,MCX,MULTI COMMODITY EXCHANGE,2965.0,2987.9,2880.1,2970.1,2895.0,6169318
2026-08-12,MUNJALAU,MUNJAL AUTO IND. LTD.,102.0,102.69,99.05,99.83,102.02,204799
2026-08-12,MUNJALSHOW,MUNJAL SHOWA LTD,134.14,135.63,132.0,132.39,134.9,33323
2026-08-12,MURUDCERA,MURUDESHWAR CERAMICS LTD,32.34,32.5,31.0,31.8,31.79,36313
2026-08-12,RADIOCITY,MUSIC BROADCAST LIMITED,6.65,6.89,6.55,6.63,6.78,48995
2026-08-12,MUTHOOTCAP,MUTHOOT CAP SERV LTD,261.0,262.38,257.0,259.83,259.4,11817
2026-08-12,MUTHOOTFIN,MUTHOOT FINANCE LIMITED,2925.4,2932.9,2870.1,2876.3,2915.9,822104
2026-08-12,MUTHOOTMF,MUTHOOT MICROFIN LIMITED,219.2,222.8,212.21,213.06,218.9,450472
2026-08-12,MVELECTRO,MV ELECTROSYSTEMS LIMITED,600.9,607.7,571.2,582.85,599.45,1534434
2026-08-12,NRAIL,N R AGARWAL INDS LTD,523.85,527.9,521.05,522.6,519.9,5025
2026-08-12,NBIFIN,N.B.I. IND. FIN. CO. LTD,2200.0,2200.0,2049.0,2105.5,2160.1,810
2026-08-12,NACLIND,NACL INDUSTRIES LIMITED,177.48,177.48,170.5,171.27,176.6,503552
2026-08-12,NDGL,NAGA DHUNSERI GROUP LTD,2720.0,2909.1,2700.0,2850.2,2717.0,872
2026-08-12,NAGREEKCAP,NAGREEKA CAP & INFR.LTD,22.35,23.7,22.3,22.8,23.22,1177
2026-08-12,NAGREEKEXP,NAGREEKA EXPORTS LTD.,23.15,23.49,22.12,22.55,22.72,127445
2026-08-12,NAHARCAP,NAHAR CAP & FIN.,257.4,265.2,254.0,256.15,264.58,2357
2026-08-12,NAHARINDUS,NAHAR INDS ENT LTD,127.85,128.85,118.4,119.95,128.85,88513
2026-08-12,NAHARPOLY,NAHAR POLY FILMS LIMITED,250.7,254.0,246.05,249.95,250.7,21903
2026-08-12,NAHARSPING,NAHAR SPINNING MILLS LTD.,310.75,313.55,296.05,305.55,308.15,37219
2026-08-12,NSIL,NALWA SONS INVESTMENT LTD,5600.0,5649.0,5454.0,5513.5,5609.0,1290
2026-08-12,NDL,NANDAN DENIM LIMITED,2.29,2.38,2.26,2.34,2.32,748908
2026-08-12,JAIPURKURT,NANDANI CREATION LIMITED,28.9,28.9,27.45,27.74,28.31,15349
2026-08-12,NH,NARAYANA HRUDAYALAYA LTD.,1848.8,1858.8,1819.4,1831.3,1848.8,368370
2026-08-12,NARMADA,NARMADA AGROBASE LIMITED,13.5,14.47,13.4,14.23,13.48,1171073
2026-08-12,NATCOPHARM,NATCO PHARMA LTD.,907.95,922.15,906.0,915.3,907.0,270111
2026-08-12,NATHBIOGEN,NATH BIO-GENES (I) LTD,158.99,158.99,154.01,154.63,157.14,13153
2026-08-12,NATIONALUM,NATIONAL ALUMINIUM CO LTD,398.5,422.2,398.5,420.0,388.0,34388331
2026-08-12,NFL,NATIONAL FERT. LTD,72.07,72.39,71.33,71.92,71.95,346984
2026-08-12,NATIONSTD,NATIONAL STAND (INDIA) L,164.5,164.5,164.5,164.5,173.15,2925
2026-08-12,NATCAPSUQ,NATURAL CAPSULES LIMITED,167.0,167.0,156.0,159.08,165.35,21717
2026-08-12,NAVA,NAVA LIMITED,570.95,598.5,568.75,589.2,569.15,733849
2026-08-12,NAVINFLUOR,NAVIN FLUORINE INT. LTD,8200.0,8444.0,8125.5,8356.5,8156.0,290940
2026-08-12,NAVKARCORP,NAVKAR CORPORATION LTD.,98.61,100.36,98.61,100.05,99.67,230854
2026-08-12,NAVNETEDUL,NAVNEET EDUCATION LTD,132.6,136.01,131.22,134.9,132.75,254987
2026-08-12,NAZARA,NAZARA TECHNOLOGIES LTD,354.55,358.0,350.0,352.2,355.4,674988
2026-08-12,NBCC,NBCC (INDIA) LIMITED,93.8,94.14,90.9,92.17,93.8,11484423
2026-08-12,NCC,NCC LIMITED,144.82,145.38,143.01,143.41,144.76,1041362
2026-08-12,NCLIND,NCL INDUSTRIES LIMITED,174.9,174.9,173.0,173.23,173.97,23006
2026-08-12,NDLVENTURE,NDL VENTURES LIMITED,126.83,130.99,125.85,127.03,128.02,460385
2026-08-12,NDRAUTO,NDR AUTO COMPONENTS LTD,821.05,831.85,806.2,809.85,828.65,20149
2026-08-12,NDTV,NDTV LTD,76.95,76.95,75.42,76.11,76.95,101594
2026-08-12,NEAGI,NEELAMALAI AGRO INDS. L,3138.4,3138.4,3138.4,3138.4,3138.4,1
2026-08-12,NELCAST,NELCAST LIMITED,121.75,121.87,118.63,119.7,121.95,189919
2026-08-12,NELCO,NELCO LTD,999.6,1002.9,971.5,974.1,995.1,161030
2026-08-12,NEOGEN,NEOGEN CHEMICALS LIMITED,2099.7,2099.7,2016.2,2068.2,2092.7,139950
2026-08-12,NEPHROPLUS,NEPHROCARE HEALTH SERV L,725.0,725.0,677.0,679.15,712.3,380577
2026-08-12,NESCO,NESCO LTD.,1050.0,1060.0,1034.0,1043.9,1048.3,31445
2026-08-12,NESTLEIND,NESTLE INDIA LIMITED,1503.0,1515.7,1495.3,1507.0,1493.2,1990581
2026-08-12,NETWEB,NETWEB TECH INDIA LTD,4866.0,4907.9,4753.0,4837.4,4859.8,613049
2026-08-12,NPST,NETWORK PEOPLE SRV TECH L,1435.0,1575.0,1416.3,1537.2,1535.1,74068
2026-08-12,NETWORK18,NETWORK18 MEDIA & INV LTD,29.09,29.12,28.57,28.71,29.14,2435163
2026-08-12,NEULANDLAB,NEULAND LAB LTD.,22988.0,23100.0,22419.0,22510.0,22955.0,53189
2026-08-12,NEWGEN,NEWGEN SOFTWARE TECH LTD,555.0,555.65,525.5,535.2,555.1,1175816
2026-08-12,NEXTMEDIA,NEXT MEDIAWORKS LIMITED,3.72,3.85,3.65,3.79,3.7,12814
2026-08-12,NGLFINE,NGL FINE CHEM LIMITED,3427.1,3602.0,3380.0,3409.0,3447.7,11567
2026-08-12,NHPC,NHPC LTD,76.65,76.85,76.0,76.85,76.95,7294107
2026-08-12,NIBE,NIBE LIMITED,1441.0,1460.9,1420.0,1445.7,1434.2,74511
2026-08-12,NIITMTS,NIIT LEARNING SYSTEMS LTD,247.28,247.28,240.47,243.73,245.48,80183
2026-08-12,NIITLTD,NIIT LIMITED,95.31,95.54,93.21,93.7,95.44,190674
2026-08-12,NILAINFRA,NILA INFRASTRUCTURES LTD,7.37,7.49,7.2,7.29,7.37,142796
2026-08-12,NILASPACES,NILA SPACES LIMITED,12.38,12.78,12.05,12.09,12.24,583592
2026-08-12,NILE,NILE LTD.,1515.7,1599.9,1515.7,1592.9,1515.7,7863
2026-08-12,NILKAMAL,NILKAMAL LIMITED,1869.8,1875.0,1820.9,1859.3,1868.6,56775
2026-08-12,NIMBSPROJ,NIMBUS PROJECTS LIMITED,181.0,184.99,179.01,184.99,185.49,267
2026-08-12,NINSYS,NINTEC SYSTEMS LIMITED,730.65,745.3,704.0,720.3,730.65,3477
2026-08-12,BANKBEES,NIP IND ETF BANK BEES,594.86,599.83,592.31,599.01,594.87,701165
2026-08-12,CONSUMBEES,NIP IND ETF CONSUMPTION,135.5,135.77,134.0,134.33,135.4,100635
2026-08-12,DIVOPPBEES,NIP IND ETF DIV OPP,80.6,80.6,78.3,79.25,79.56,38315
2026-08-12,NV20BEES,NIP IND ETF ETF NV20,142.81,143.45,141.1,142.61,141.8,16555
2026-08-12,GOLDBEES,NIP IND ETF GOLD BEES,125.83,126.54,125.76,126.45,125.52,18273875
2026-08-12,HNGSNGBEES,NIP IND ETF HANGSENG BEES,486.55,486.55,480.0,480.32,484.47,108132
2026-08-12,INFRABEES,NIP IND ETF INFRA BEES,973.02,974.61,963.03,968.74,973.02,11408
2026-08-12,ITBEES,NIP IND ETF IT,35.24,35.51,34.43,34.65,35.24,13117804
2026-08-12,JUNIORBEES,NIP IND ETF JUNIOR BEES,813.3,813.3,802.5,806.31,807.7,258176
2026-08-12,LIQUIDBEES,NIP IND ETF LIQUID BEES,1000.0,1000.97,999.61,1000.0,1000.0,1935134
2026-08-12,LTGILTBEES,NIP IND ETF LONGTERM GILT,30.1,30.1,30.01,30.05,30.01,613477
2026-08-12,MID150BEES,NIP IND ETF MIDCAP 150,244.84,244.84,241.78,242.77,242.81,520360
2026-08-12,NIF100BEES,NIP IND ETF NIFTY 100,273.08,273.08,270.01,271.56,272.16,34616
2026-08-12,NIFTYBEES,NIP IND ETF NIFTY BEES,279.93,279.93,277.0,278.32,279.13,5635248
2026-08-12,PSUBNKBEES,NIP IND ETF PSU BANK BEES,96.45,98.59,96.08,98.27,96.45,3997530
2026-08-12,SHARIABEES,NIP IND ETF SHARIAH BEES,478.14,478.6,470.01,471.76,475.4,10763
2026-08-12,NAM-INDIA,NIPPON L I A M LTD,1180.2,1183.0,1167.6,1182.3,1171.3,639623
2026-08-12,LIQGRWBEES,NIPPONAMC - LIQGRWBEES,1051.2,1051.3,1051.2,1051.28,1051.15,60790
2026-08-12,MANUFGBEES,NIPPONAMC - MANUFGBEES,167.0,167.61,166.02,166.94,166.85,4435
2026-08-12,AUTOBEES,NIPPONAMC - NETFAUTO,306.61,306.61,303.5,304.22,304.51,272735
2026-08-12,PHARMABEES,NIPPONAMC - NETFPHARMA,27.49,27.69,27.31,27.43,27.49,4941859
2026-08-12,SILVERBEES,NIPPONAMC - NETFSILVER,222.83,226.16,222.42,225.76,222.32,27311475
2026-08-12,SNXT30BEES,NIPPONAMC - SNXT30BEES,43.95,44.02,43.57,43.77,43.82,5165
2026-08-12,NIRLON,NIRLON LTD,642.05,649.55,632.0,637.55,640.1,4051
2026-08-12,NITCO,NITCO LIMITED,97.14,98.48,93.85,96.81,97.14,647580
2026-08-12,NITINSPIN,NITIN SPINNERS LIMITED,563.0,569.0,535.5,537.8,564.15,116025
2026-08-12,NITIRAJ,NITIRAJ ENGINEERS LTD,211.6,211.6,205.02,208.5,209.51,1922
2026-08-12,NITTAGELA,NITTA GELATIN INDIA LTD.,1621.5,1659.3,1579.8,1582.7,1611.9,6221
2026-08-12,NIVABUPA,NIVA BUPA HEALTH INS CO L,85.01,85.63,83.5,84.09,85.47,552981
2026-08-12,NKIND,NK INDUSTRIES LTD,60.4,62.9,60.25,60.25,60.05,463
2026-08-12,NLCINDIA,NLC INDIA LIMITED,286.95,286.95,274.5,276.75,286.05,2980168
2026-08-12,NMDC,NMDC LTD.,85.87,86.07,84.89,85.9,85.45,18266091
2026-08-12,NSLNISP,NMDC STEEL LIMITED,44.2,44.65,43.7,44.0,44.15,2802778
2026-08-12,NOCIL,NOCIL LIMITED,165.96,166.4,162.73,163.44,165.96,520337
2026-08-12,NORBTEAEXP,NORBEN TEA & EXPORTS LTD,62.35,63.98,62.0,62.34,64.45,2002
2026-08-12,NORTHARC,NORTHERN ARC CAPITAL LTD,283.2,287.45,280.8,284.2,282.3,405745
2026-08-12,NOVARTIND,NOVARTIS INDIA LIMITED,1605.4,1630.0,1584.1,1591.7,1593.7,9409
2026-08-12,NRBBEARING,NRB BEARING LIMITED,457.0,473.3,445.25,461.65,455.25,557944
2026-08-12,NIBL,NRB INDUS. BEARINGS LTD.,33.5,33.5,32.45,32.94,33.34,17158
2026-08-12,NTPCGREEN,NTPC GREEN ENERGY LIMITED,93.01,93.24,91.7,92.46,93.01,1946814
2026-08-12,NTPC,NTPC LTD,338.45,341.35,335.35,339.45,338.45,10152704
2026-08-12,NUCLEUS,NUCLEUS SOFTWARE EXPORTS,691.95,696.3,684.6,692.75,691.7,34074
2026-08-12,NUVAMA,NUVAMA WEALTH MANAGE LTD,1722.9,1722.9,1673.3,1696.7,1706.7,279558
2026-08-12,NUVOCO,NUVOCO VISTAS CORP LTD,331.25,334.65,326.4,333.9,331.25,338524
2026-08-12,OBCL,OBCL LIMITED,52.75,53.82,52.7,53.0,52.72,52099
2026-08-12,OBEROIRLTY,OBEROI REALTY LIMITED,1790.0,1799.9,1764.5,1799.9,1793.6,172080
2026-08-12,ODIGMA,ODIGMA CONSULTANCY SOL L,22.51,23.0,22.31,22.31,22.62,8354
2026-08-12,ONGC,OIL AND NATURAL GAS CORP.,240.0,241.33,238.65,239.05,239.45,10695237
2026-08-12,OIL,OIL INDIA LTD,471.9,475.55,466.65,472.0,470.35,2772626
2026-08-12,OLAELEC,OLA ELECTRIC MOBILITY LTD,39.85,40.81,39.29,39.86,39.66,40404612
2026-08-12,OLECTRA,OLECTRA GREENTECH LIMITED,1394.0,1398.7,1375.0,1383.6,1391.6,207608
2026-08-12,OMINFRAL,OM INFRA LIMITED,87.99,89.99,87.11,88.29,86.26,102478
2026-08-12,OMPOWER,OM POWER TRANSMISSION LTD,166.0,167.49,158.01,160.2,168.9,212124
2026-08-12,OMAXAUTO,OMAX AUTOS LTD,208.95,213.5,194.31,207.28,203.92,288669
2026-08-12,OMAXE,OMAXE LIMITED,83.03,83.39,80.8,81.98,83.03,331510
2026-08-12,OMNI,OMNITECH ENGINEERING LTD,601.0,606.0,565.0,573.35,598.25,1437605
2026-08-12,PAYTM,ONE 97 COMMUNICATIONS LTD,1593.7,1623.7,1591.3,1610.0,1593.7,2609810
2026-08-12,MOBIKWIK,ONE MOBIKWIK SYSTEMS LTD,212.9,213.14,206.1,207.01,212.2,666651
2026-08-12,ONEPOINT,ONE POINT ONE SOL LTD,59.16,60.95,57.0,59.99,58.87,1859092
2026-08-12,KISSHT,ONEMI TECHNOLOGY SOL LTD,295.05,298.5,289.0,292.75,295.45,1254071
2026-08-12,ONESOURCE,ONESOURCE SPECL PHARMA L,1598.9,1609.9,1530.1,1539.2,1598.9,135574
2026-08-12,ONIDA,ONIDA ELECTRONICS LIMITED,38.43,38.5,36.8,37.1,38.43,396256
2026-08-12,ONWARDTEC,ONWARD TECHNOLOGIES LTD,287.75,289.25,279.15,285.9,286.05,27332
2026-08-12,OPTIEMUS,OPTIEMUS INFRACOM LTD,541.0,564.0,536.4,558.25,543.95,179725
2026-08-12,OFSS,ORACLE FIN SERV SOFT LTD.,11851.0,11899.0,11532.0,11679.0,11896.0,244704
2026-08-12,ORCHASP,ORCHASP LIMITED,1.53,1.56,1.43,1.48,1.53,692583
2026-08-12,ORCHPHARMA,ORCHID PHARMA LIMITED,1084.0,1089.0,1053.1,1063.3,1078.55,49202
2026-08-12,ORICONENT,ORICON ENTERPRISES LTD,52.5,54.45,52.5,52.66,52.91,21738
2026-08-12,ORIENTBELL,ORIENT BELL LIMITED,364.0,365.9,354.25,361.95,352.5,104366
2026-08-12,ORIENTCEM,ORIENT CEMENT LTD.,134.1,134.57,132.38,133.55,134.13,237182
2026-08-12,ORIENTCER,ORIENT CERATECH LIMITED,43.76,43.76,41.1,41.75,42.9,52496
2026-08-12,ORIENTELEC,ORIENT ELECTRIC LIMITED,191.5,191.68,188.0,189.79,190.68,236890
2026-08-12,GREENPOWER,ORIENT GREEN POWER CO LTD,9.71,9.73,9.5,9.54,9.73,1914469
2026-08-12,ORIENTHOT,ORIENT HOTELS LTD,128.39,128.62,125.66,126.53,128.39,116457
2026-08-12,ORIENTPPR,ORIENT PAPER AND INDS LTD,17.52,17.61,17.1,17.16,17.52,217696
2026-08-12,ORIENTTECH,ORIENT TECHNOLOGIES LTD,259.15,265.95,255.1,260.0,258.75,195705
2026-08-12,OAL,ORIENTAL AROMATICS LTD,379.0,379.0,361.35,364.6,378.65,10610
2026-08-12,ORIENTALTL,ORIENTAL TRIMEX LTD,5.1,5.24,5.0,5.05,5.1,78590
2026-08-12,ORISSAMINE,ORISSA MIN DEV CO LTD,4549.4,5199.0,4535.2,4839.4,4504.8,596630
2026-08-12,ORKLAINDIA,ORKLA INDIA LIMITED,554.85,556.6,543.7,551.35,555.0,121851
2026-08-12,ORTINGLOBE,ORTIN GLOBAL LIMITED,15.84,15.89,14.72,15.4,15.14,68089
2026-08-12,OSWALAGRO,OSWAL AGRO MILLS LTD,37.85,38.44,37.0,37.4,37.85,41103
2026-08-12,OSWALGREEN,OSWAL GREENTECH LIMITED,21.3,21.69,20.95,21.05,21.48,116893
2026-08-12,OSWALPUMPS,OSWAL PUMPS LIMITED,305.25,307.95,299.4,301.15,306.35,425262
2026-08-12,PNGJL,P N GADGIL JEWELLERS LTD,630.4,633.45,608.5,617.0,630.4,764710
2026-08-12,PGHH,P&G HYGIENE & HEALTH CARE,8470.0,8470.0,8430.0,8446.0,8455.0,7911
2026-08-12,PACEDIGITK,PACE DIGITEK LIMITED,182.5,184.39,180.71,183.21,183.55,630612
2026-08-12,PAGEIND,PAGE INDUSTRIES LTD,38440.0,38610.0,37695.0,38295.0,38440.0,17278
2026-08-12,PAISALO,PAISALO DIGITAL LIMITED,68.9,69.7,68.5,68.75,69.31,5772773
2026-08-12,PAKKA,PAKKA LIMITED,72.49,72.49,70.7,70.76,71.07,24345
2026-08-12,PALASHSECU,PALASH SECURITIES LTD,91.4,92.5,88.0,89.62,92.45,10054
2026-08-12,PANACEABIO,PANACEA BIOTEC LTD,401.0,404.15,391.9,399.85,402.2,225505
2026-08-12,PANAMAPET,PANAMA PETROCHEM LTD,555.6,599.6,456.45,480.55,545.5,11231024
2026-08-12,PANSARI,PANSARI DEVELOPERS LTD,320.0,327.85,311.0,322.5,314.9,906
2026-08-12,PAR,PAR DRUGS AND CHEM LTD,103.7,103.7,99.25,103.14,100.4,16121
2026-08-12,PARADEEP,PARADEEP PHOSPHATES LTD,152.0,152.7,146.61,147.18,151.8,3085716
2026-08-12,PARAGMILK,PARAG MILK FOODS LTD.,221.13,221.13,214.7,215.79,219.27,225650
2026-08-12,PARACABLES,PARAMOUNT COMM LTD,67.98,69.36,65.45,68.22,67.89,1708709
2026-08-12,PARAS,PARAS DEF AND SPCE TECH L,1284.0,1308.8,1263.5,1280.7,1284.0,590759
2026-08-12,PARASPETRO,PARAS PETROFILS LTD.,2.52,2.57,2.38,2.41,2.49,153152
2026-08-12,PARKHOSPS,PARK MEDI WORLD LIMITED,282.55,288.35,281.0,283.2,282.55,552846
2026-08-12,PARKHOTELS,PARKHOTELS,119.6,119.6,118.31,118.9,118.63,65178
2026-08-12,PASHUPATI,PASHUPATI COTSPIN LIMITED,84.62,84.8,83.5,83.9,84.15,7788
2026-08-12,PATANJALI,PATANJALI FOODS LIMITED,352.95,353.6,342.15,352.6,353.0,4146144
2026-08-12,PATELENG,PATEL ENGINEERING LTD.,30.38,30.47,29.06,29.19,30.26,3775901
2026-08-12,PATELRMART,PATEL RETAIL LIMITED,226.94,229.9,219.0,220.18,225.96,254931
2026-08-12,PML,PAUL MERCHANTS LTD.,512.0,525.0,495.0,495.75,508.8,395
2026-08-12,PAUSHAKLTD,PAUSHAK LIMITED,686.0,715.4,675.0,697.3,689.1,32306
2026-08-12,PAVNAIND,PAVNA INDUSTRIES LIMITED,19.72,19.73,18.6,18.74,18.66,19930
2026-08-12,POLICYBZR,PB FINTECH LIMITED,1733.0,1739.0,1691.2,1739.0,1733.0,787209
2026-08-12,PCJEWELLER,PC JEWELLER LTD,9.99,10.0,9.7,9.8,9.97,153619636
2026-08-12,PCBL,PCBL CHEMICAL LIMITED,323.0,323.55,313.0,316.45,322.15,848789
2026-08-12,PDSL,PDS LIMITED,378.8,381.95,366.6,379.4,376.5,107810
2026-08-12,PGIL,PEARL GLOBAL IND LIMITED,2425.1,2484.6,2400.1,2480.4,2434.9,103039
2026-08-12,PEARLPOLY,PEARL POLYMERS LTD,17.19,17.19,15.82,16.79,16.51,3742
2026-08-12,PENIND,PENNAR INDUSTRIES LTD,159.5,162.19,159.5,159.7,159.31,318048
2026-08-12,PERSISTENT,PERSISTENT SYSTEMS LTD,5530.0,5530.0,5390.0,5474.0,5536.0,347580
2026-08-12,PETRONET,PETRONET LNG LIMITED,277.0,281.9,277.0,279.85,277.0,1408161
2026-08-12,PFIZER,PFIZER LTD,4892.0,5149.0,4891.7,5017.6,4898.5,148835
2026-08-12,PGEL,PG ELECTROPLAST LTD,616.0,620.8,604.25,614.65,616.0,2976044
2026-08-12,PWL,PHYSICSWALLAH LIMITED,125.95,127.4,123.21,123.9,125.52,3295580
2026-08-12,PIIND,PI INDUSTRIES LTD,2700.5,2700.6,2457.0,2483.0,2730.0,2138051
2026-08-12,PICCADIL,PICCADILY AGRO INDUSTRI L,711.0,725.2,640.7,692.4,778.25,3217206
2026-08-12,PIDILITIND,PIDILITE INDUSTRIES LTD,1685.8,1701.5,1679.0,1701.5,1685.8,1724562
2026-08-12,PILITA,PIL ITALICA LIFESTYLE LTD,8.36,8.7,8.3,8.31,8.37,38751
2026-08-12,PILANIINVS,PILANI INV & IND COR LTD,4409.2,4409.2,4320.2,4365.0,4390.3,926
2026-08-12,PINELABS,PINE LABS LIMITED,168.52,171.05,164.51,169.93,167.58,19985559
2026-08-12,PIONEEREMB,PIONEER EMBROIDERIES LTD,22.84,23.39,22.41,22.77,22.84,1905
2026-08-12,PIRAMALFIN,PIRAMAL FINANCE LIMITED,2114.7,2119.8,2060.0,2073.3,2114.7,108943
2026-08-12,PPLPHARMA,PIRAMAL PHARMA LIMITED,214.2,216.96,209.0,210.24,214.19,2720946
2026-08-12,PITTIENG,PITTI ENGINEERING LIMITED,967.4,1055.0,961.05,1044.1,960.35,696512
2026-08-12,PIXTRANS,PIX TRANSMISSIONS LIMITED,1961.0,1999.0,1928.1,1947.0,1983.0,35188
2026-08-12,PLASTIBLEN,PLASTIBLENDS INDIA LTD,206.0,206.19,201.0,201.48,204.51,56867
2026-08-12,PLATIND,PLATINUM INDUSTRIES LTD,216.5,221.7,215.73,220.59,215.49,101415
2026-08-12,PLAZACABLE,PLAZA WIRES LIMITED,51.15,51.15,48.75,51.15,48.72,75644
2026-08-12,PNBGILTS,PNB GILTS LIMITED,80.19,81.79,80.01,80.41,80.13,231524
2026-08-12,PNBHOUSING,PNB HOUSING FIN LTD.,1141.9,1166.0,1140.5,1157.6,1142.1,872646
2026-08-12,PNCINFRA,PNC INFRATECH LTD.,223.4,224.19,216.74,223.26,222.4,993122
2026-08-12,PNGSREVA,PNGS REVA DIAMOND JEWEL L,558.0,644.0,548.25,620.75,560.4,2136412
2026-08-12,PODDARMENT,PODDAR PIGMENTS LIMITED,272.85,274.8,260.2,263.55,272.95,7117
2026-08-12,POKARNA,POKARNA LIMITED,980.0,1024.0,967.25,988.95,979.35,152763
2026-08-12,POLYMED,POLY MEDICURE LIMITED,1873.0,1913.7,1846.1,1869.4,1863.9,219951
2026-08-12,POLYCAB,POLYCAB INDIA LIMITED,9125.0,9289.0,9090.5,9289.0,9125.0,293852
2026-08-12,POLYPLEX,POLYPLEX CORPORATION LTD,1259.5,1264.0,1169.8,1185.5,1229.6,704313
2026-08-12,POCL,PONDY OXIDES & CHEM LTD,495.8,495.9,485.0,489.6,492.9,206232
2026-08-12,PONNIERODE,PONNIE SUGARS (ERODE) LTD,329.75,334.45,324.95,328.3,329.85,9159
2026-08-12,POONAWALLA,POONAWALLA FINCORP LTD,489.95,492.25,482.1,484.1,487.2,726456
2026-08-12,PVSL,POPULAR VEHICLES N SER L,115.0,124.0,115.0,120.55,111.17,643833
2026-08-12,PFC,POWER FIN CORP LTD.,381.0,381.65,375.3,376.5,381.0,12028949
2026-08-12,POWERGRID,POWER GRID CORP. LTD.,267.95,270.0,266.3,269.45,267.95,6699919
2026-08-12,PIGL,POWER INSTRUMENT (G) LTD,111.0,114.99,111.0,112.52,110.33,179738
2026-08-12,POWERMECH,POWER MECH PROJECTS LTD.,2430.9,2438.9,2400.0,2407.0,2442.3,69969
2026-08-12,POWERICA,POWERICA LIMITED,529.85,564.2,529.0,559.35,528.35,348047
2026-08-12,PRABHA,PRABHA ENERGY LIMITED,163.39,164.0,156.02,158.6,159.96,40444
2026-08-12,PRAJIND,PRAJ INDUSTRIES LTD,329.9,332.5,324.0,324.35,329.9,296523
2026-08-12,PRAENG,PRAJAY ENG. SYN. LTD.,19.95,20.32,19.69,19.86,19.86,25093
2026-08-12,PRAKASH,PRAKASH INDUSTRIES LTD,122.0,123.4,118.91,122.02,121.79,607428
2026-08-12,PRAKASHSTL,PRAKASH STEELAGE LTD,3.9,4.0,3.9,3.99,3.97,83370
2026-08-12,DIAMONDYD,PRATAAP SNACKS LIMITED,1229.0,1229.0,1175.5,1192.6,1207.5,27823
2026-08-12,PRAVEG,PRAVEG LTD.,273.85,276.35,265.0,272.1,273.85,50919
2026-08-12,PRAXIS,PRAXIS HOME RETAIL LTD,7.2,7.2,6.52,6.92,7.05,85101
2026-08-12,PRECAM,PRECISION CAMSHAFTS LTD.,136.22,137.9,133.0,134.83,140.57,178282
2026-08-12,PRECWIRE,PRECISION WIRES INDIA LTD,412.5,430.5,406.4,422.3,414.2,652034
2026-08-12,PRECOT,PRECOT LIMITED,808.5,810.95,789.05,799.15,784.0,2217
2026-08-12,PREMCO,PREMCO GLOBAL LTD.,386.95,386.95,376.0,380.6,379.1,2339
2026-08-12,PREMIERENE,PREMIER ENERGIES LIMITED,1049.0,1056.0,1021.4,1026.1,1050.0,595125
2026-08-12,PREMEXPLN,PREMIER EXPLOSIVES LTD,651.95,653.85,649.0,651.15,651.35,87050
2026-08-12,PREMIERPOL,PREMIER POLYFILM LTD,70.09,75.0,68.0,73.21,69.48,348294
2026-08-12,PRESTIGE,PRESTIGE ESTATE LTD,1592.0,1594.0,1555.3,1590.7,1585.9,221177
2026-08-12,PRICOLLTD,PRICOL LIMITED,744.0,792.55,739.1,783.25,737.15,1368057
2026-08-12,PFOCUS,PRIME FOCUS LIMITED,282.5,285.3,265.4,268.0,281.55,867452
2026-08-12,PRIMESECU,PRIME SECURITIES LIMITED,295.0,300.45,286.55,291.25,295.45,109629
2026-08-12,PRIMO,PRIMO CHEMICALS LIMITED,23.81,25.2,23.81,24.29,24.39,195358
2026-08-12,PRINCEPIPE,PRINCE PIPES FITTINGS LTD,270.9,271.05,266.1,269.6,271.05,124999
2026-08-12,PRSMJOHNSN,PRISM JOHNSON LIMITED,109.46,110.5,105.4,106.04,108.59,685755
2026-08-12,PNC,PRITISH NANDY COMMUNICATI,19.15,19.15,18.75,18.9,19.1,15917
2026-08-12,PRIVISCL,PRIVI SPECIALITY CHE LTD,3582.1,3603.2,3552.5,3580.6,3586.7,49047
2026-08-12,PGHL,PROCTER & GAMBLE HEALTH L,6031.5,6050.0,5937.0,5950.5,6031.5,5275
2026-08-12,PROSTARM,PROSTARM INFO SYSTEMS LTD,148.64,149.55,140.0,142.5,147.56,256986
2026-08-12,PROTEAN,PROTEAN EGOV TECHNO LTD,563.7,566.75,556.6,558.6,563.7,115011
2026-08-12,PROZONER,PROZONE REALTY LIMITED,42.58,44.0,41.51,41.97,42.58,146565
2026-08-12,PRUDENT,PRUDENT CORP ADV SER LTD,3404.0,3429.9,3340.0,3364.2,3401.4,15772
2026-08-12,PSPPROJECT,PSP PROJECTS LIMITED,941.35,942.2,903.1,908.0,934.5,63244
2026-08-12,PFS,PTC INDIA FIN SERV LTD,28.75,28.94,28.52,28.83,28.76,583930
2026-08-12,PTC,PTC INDIA LIMITED,172.03,172.07,165.05,165.41,171.95,2677463
2026-08-12,PTCIL,PTC INDUSTRIES LIMITED,18898.0,19063.0,18720.0,18895.0,18906.0,6812
2026-08-12,PTL,PTL ENTERPRISES LTD,39.25,39.44,38.71,39.28,38.94,22161
2026-08-12,PDMJEPAPER,PUDUMJEE PAPER PRO. LTD,89.91,94.69,89.8,90.46,89.91,277013
2026-08-12,PSB,PUNJAB & SIND BANK,23.72,24.13,23.64,23.73,23.74,1383232
2026-08-12,PUNJABCHEM,PUNJAB CHEM & CROP PROT L,1102.1,1105.9,1090.0,1091.4,1104.0,6288
2026-08-12,PNB,PUNJAB NATIONAL BANK,113.95,119.5,113.72,118.98,114.03,51235935
2026-08-12,PURVA,PURAVANKARA LIMITED,211.5,214.6,209.6,212.55,212.31,63859
2026-08-12,PVP,PVP VENTURES LIMITED,35.73,35.73,33.61,34.15,34.46,994773
2026-08-12,PVRINOX,PVR INOX LIMITED,1155.0,1198.9,1155.0,1189.5,1160.2,346505
2026-08-12,PYRAMID,PYRAMID TECHNOPLAST LTD,172.0,174.28,156.2,162.42,170.75,237245
2026-08-12,QMSMEDI,QMS MEDICAL ALLIED S LTD,117.9,129.99,114.71,126.97,114.14,108120
2026-08-12,QUADFUTURE,QUADRANT FUTURE TEK LTD,351.2,364.1,348.8,355.8,356.9,317489
2026-08-12,QPOWER,QUALITY POWER ELEC EQUP L,1301.2,1301.2,1280.3,1294.5,1239.3,894885
2026-08-12,QGOLDHALF,QUANTUM GOLD ETF,126.16,148.0,126.1,127.98,125.89,140458
2026-08-12,QNIFTY,QUANTUM NIFTY 50 ETF,269.6,269.6,267.4,268.21,269.7,798
2026-08-12,QUESS,QUESS CORP LIMITED,324.0,335.5,323.35,334.2,324.2,441540
2026-08-12,QUINT,QUINT DIGITAL LTD.,38.8,39.84,36.16,37.92,38.44,2334
2026-08-12,RKSWAMY,R K SWAMY LIMITED,102.9,107.5,100.61,100.78,104.97,76845
2026-08-12,RRIL,R R I L LTD.,17.47,17.47,16.5,16.97,16.87,12002
2026-08-12,RRKABEL,R R KABEL LIMITED,2835.0,2844.9,2775.0,2789.6,2812.8,234123
2026-08-12,RSYSTEMS,R SYS INTERNATIONAL LTD,244.0,244.95,239.1,240.1,244.95,222242
2026-08-12,RNBDENIMS,R&B DENIMS LIMITED,8.82,9.09,8.82,8.94,8.98,156503
2026-08-12,RSSOFTWARE,R. S. SOFTWARE (INDIA) LI,33.13,33.13,33.13,33.13,31.56,4185
2026-08-12,RPPINFRA,R.P.P INFRA PROJECTS LTD,60.3,60.3,58.3,58.78,58.56,1216276
2026-08-12,RACE,RACE ECO CHAIN LIMITED,107.0,108.89,101.0,102.31,108.08,12964
2026-08-12,RACLGEAR,RACL GEARTECH LIMITED,1447.6,1449.8,1400.0,1411.5,1419.8,20472
2026-08-12,RADAAN,RADAAN MEDIAWORKS (I) LTD,3.02,3.1,3.01,3.01,3.02,2102
2026-08-12,RADHIKAJWE,RADHIKA JEWELTECH LIMITED,73.3,74.62,71.02,72.37,71.54,1844671
2026-08-12,RADIANTCMS,RADIANT CASH MGMT SER LTD,38.23,38.68,37.5,38.09,38.23,48522
2026-08-12,RADICO,RADICO KHAITAN LTD,4553.0,4553.0,4485.0,4533.0,4545.0,236362
2026-08-12,RPEL,RAGHAV PRODUCTIVITY ENH L,1308.6,1308.6,1272.7,1289.3,1301.9,39443
2026-08-12,RVNL,RAIL VIKAS NIGAM LIMITED,231.16,233.67,227.65,230.0,230.0,5612306
2026-08-12,RAILTEL,RAILTEL CORP OF IND LTD,287.0,287.7,284.0,285.8,287.3,309175
2026-08-12,RAIN,RAIN INDUSTRIES LIMITED,203.7,211.29,200.15,209.38,202.92,6310349
2026-08-12,RAINBOW,RAINBOW CHILDRENS MED LTD,1514.0,1516.4,1472.2,1482.0,1504.1,66397
2026-08-12,ROML,RAJ OIL MILLS LIMITED,44.28,44.96,44.28,44.82,44.25,610
2026-08-12,RAJTV,RAJ TV NETWORK LTD,10.4,10.4,10.0,10.07,10.16,35726
2026-08-12,RAJPALAYAM,RAJAPALAYAM MILLS LTD.,822.0,839.9,822.0,838.1,822.1,1242
2026-08-12,ARENTERP,RAJDARSHAN INDUSTRIES LTD,40.95,40.95,36.02,37.29,39.45,2068
2026-08-12,RAJMET,RAJNANDINI METAL LIMITED,3.34,3.36,3.07,3.3,3.34,224209
2026-08-12,RSL,RAJPUTANA STAINLESS LTD,156.0,159.0,152.8,155.92,153.31,1172456
2026-08-12,RAJRATAN,RAJRATAN GLOBAL WIRE LTD,522.35,524.95,515.0,518.5,518.6,56723
2026-08-12,RAJSREESUG,RAJSHREE SUGAR & CHEMICAL,30.67,31.25,30.32,31.09,30.67,17996
2026-08-12,RALLIS,RALLIS INDIA LTD,212.0,212.1,207.53,209.41,211.5,1372270
2026-08-12,RAMRAT,RAM RATNA WIRES LIMITED,454.8,476.85,449.8,473.95,449.5,777143
2026-08-12,RAMAPHO,RAMA PHOSPHATES LIMITED,124.75,124.75,122.05,122.97,122.52,7832
2026-08-12,RAMCOIND,RAMCO INDUSTRIES LIMITED,371.7,374.25,355.1,359.1,370.6,700935
2026-08-12,RAMCOSYS,RAMCO SYSTEMS LTD.,650.85,652.5,619.9,619.9,652.5,147493
2026-08-12,RKFORGE,RAMKRISHNA FORGINGS LTD,755.8,760.0,739.9,743.3,751.35,978319
2026-08-12,RAMKY,RAMKY INFRA LTD,395.35,395.35,386.0,386.9,396.25,27075
2026-08-12,RANASUG,RANA SUGARS LTD.,13.0,13.14,12.8,12.88,13.0,164403
2026-08-12,RML,RANE (MADRAS) LIMITED,1096.0,1116.8,1091.0,1107.8,1095.3,21453
2026-08-12,RANEHOLDIN,RANE HOLDINGS LIMITED,1768.8,1824.5,1768.8,1801.7,1776.2,13999
2026-08-12,RPTECH,RASHI PERIPHERALS LIMITED,894.1,894.1,844.45,854.9,887.8,297069
2026-08-12,RCF,RASHTRIYA CHEMICALS & FER,125.55,126.07,124.0,124.11,125.55,523390
2026-08-12,RATEGAIN,RATEGAIN TRAVEL TECHN LTD,912.0,935.0,909.3,932.65,908.85,342776
2026-08-12,RATNAMANI,RATNAMANI MET & TUB LTD.,2255.0,2300.0,2223.0,2240.4,2255.0,46513
2026-08-12,RATNAVEER,RATNAVEER PRECISION ENG L,207.0,216.5,206.01,210.01,206.16,4209276
2026-08-12,RTNINDIA,RATTANINDIA ENT LIMITED,30.68,31.02,30.02,30.26,30.68,2641745
2026-08-12,RTNPOWER,RATTANINDIA POWER LIMITED,8.54,8.58,8.43,8.45,8.54,8677132
2026-08-12,RKDL,RAVI KUMAR DIST. LTD.,19.06,19.06,18.0,18.5,18.97,46540
2026-08-12,RVHL,RAVINDER HEIGHTS LIMITED,43.53,43.6,41.8,42.93,43.53,3059
2026-08-12,RELTD,RAVINDRA ENERGY LIMITED,169.6,173.01,167.0,167.3,168.99,211904
2026-08-12,RAYMONDLSL,RAYMOND LIFESTYLE LIMITED,729.0,729.6,712.8,716.45,725.8,113518
2026-08-12,RAYMOND,RAYMOND LTD,623.75,623.75,612.05,618.95,624.3,717601
2026-08-12,RAYMONDREL,RAYMOND REALTY LIMITED,611.0,611.0,576.0,580.9,609.3,540310
2026-08-12,RBLBANK,RBL BANK LIMITED,389.7,390.2,384.45,389.8,389.7,2289848
2026-08-12,RBZJEWEL,RBZ JEWELLERS LIMITED,148.0,149.0,139.9,141.21,154.46,227286
2026-08-12,RECLTD,REC LIMITED,344.7,347.2,339.0,346.0,344.7,11330857
2026-08-12,REDINGTON,REDINGTON LIMITED,355.0,356.2,338.0,339.4,354.55,3024132
2026-08-12,REDTAPE,REDTAPE LIMITED,128.61,128.61,124.5,125.87,127.59,455948
2026-08-12,REFEX,REFEX INDUSTRIES LIMITED,297.0,297.7,291.75,293.4,294.75,322872
2026-08-12,REGENCERAM,REGENCY CERAMICS LTD.,37.25,38.86,34.61,38.86,32.39,29812
2026-08-12,RELAXO,RELAXO FOOT LTD.,422.0,439.0,412.55,417.0,421.65,837534
2026-08-12,GILT5YBEES,RELCAPAMC - NETFGILT5Y,66.16,66.46,66.15,66.35,66.37,154036
2026-08-12,RELIABLE,RELIABLE DATA SERVICE LTD,151.86,151.86,138.25,140.37,147.07,21460
2026-08-12,RELCHEMQ,RELIANCE CHEMOTEX IND LTD,129.9,129.9,113.9,119.75,126.0,16170
2026-08-12,RIIL,RELIANCE INDUSTRIAL INFRA,747.0,755.5,738.0,745.9,744.3,41500
2026-08-12,RELIANCE,RELIANCE INDUSTRIES LTD,1323.9,1329.0,1309.2,1329.0,1323.9,7901012
2026-08-12,RPOWER,RELIANCE POWER LTD.,23.72,23.8,23.3,23.38,23.62,15262302
2026-08-12,RELIGARE,RELIGARE ENTER. LTD.,227.35,240.5,226.2,237.5,227.35,1145480
2026-08-12,REMSONSIND,REMSONS INDUSTRIES LTD,90.6,91.13,88.0,88.36,90.55,78612
2026-08-12,RGL,RENAISSANCE GLOBAL LTD,116.05,116.05,107.82,110.14,115.2,918270
2026-08-12,REPCOHOME,REPCO HOME FINANCE LTD,363.85,374.8,363.85,367.2,376.35,104340
2026-08-12,REPRO,REPRO INDIA LIMITED,339.75,339.75,314.0,316.95,332.15,42833
2026-08-12,RESPONIND,RESPONSIVE INDUSTRIES LTD,166.0,173.39,166.0,167.19,166.93,140777
2026-08-12,RBA,RESTAURANT BRAND ASIA LTD,93.0,95.35,92.32,93.82,92.65,5706033
2026-08-12,RVTH,REVATHI EQUIPMENT INDIA L,743.95,743.95,719.6,721.3,713.05,1085
2026-08-12,RHETAN,RHETAN TMT LIMITED,26.82,27.5,26.0,26.17,27.01,11996072
2026-08-12,RHIM,RHI MAGNESITA INDIA LTD,420.0,420.0,385.0,385.9,415.55,5130721
2026-08-12,RICOAUTO,RICO AUTO INDUSTRIES LTD,143.0,145.44,124.92,127.99,144.19,8766179
2026-08-12,RIR,RIR POWER ELECTRONICS L,178.97,185.15,172.25,176.8,176.13,673721
2026-08-12,RISHABH,RISHABH INSTRUMENTS LTD,683.0,683.35,652.0,668.3,678.85,343137
2026-08-12,RITCO,RITCO LOGISTICS LIMITED,308.8,310.0,297.5,301.95,302.3,195859
2026-08-12,RITES,RITES LIMITED,226.74,228.0,222.58,223.55,226.67,447470
2026-08-12,RKEC,RKEC PROJECTS LIMITED,25.9,26.0,24.52,24.96,25.73,40796
2026-08-12,RMC,RMC SWITCHGEARS LIMITED,287.9,319.0,285.05,302.2,283.2,232604
2026-08-12,RHL,ROBUST HOTELS LIMITED,169.08,171.9,169.0,170.0,169.72,915
2026-08-12,ROLEXRINGS,ROLEX RINGS LIMITED,177.21,177.29,170.01,173.01,177.29,14359357
2026-08-12,ROSSARI,ROSSARI BIOTECH LIMITED,503.9,510.0,498.6,505.4,504.9,40915
2026-08-12,ROSSELLIND,ROSSELL INDIA LIMITED,55.5,57.91,55.5,56.97,56.84,6134
2026-08-12,ROSSTECH,ROSSELL TECHSYS LIMITED,1050.05,1092.35,1045.0,1089.5,1066.65,183289
2026-08-12,ROTO,ROTO PUMPS LIMITED,69.4,69.4,66.75,67.04,68.9,365660
2026-08-12,ROUTE,ROUTE MOBILE LIMITED,531.05,531.15,515.7,518.55,530.1,146149
2026-08-12,ROHLTD,ROYAL ORCHID HOTELS LTD,312.2,312.2,306.0,307.4,312.2,19465
2026-08-12,RPGLIFE,RPG LIFE SCIENCES LTD,2625.0,2645.8,2604.0,2612.7,2633.4,6528
2026-08-12,RPSGVENT,RPSG VENTURES LIMITED,900.0,905.3,876.05,884.55,903.05,34466
2026-08-12,RUBFILA,RUBFILA INTERNATIONAL LTD,72.44,74.4,68.0,68.59,74.44,119162
2026-08-12,RUBICON,RUBICON RESEARCH LIMITED,1659.9,1679.8,1625.1,1653.6,1655.1,289009
2026-08-12,RUCHINFRA,RUCHI INFRASTRUCTURE LTD,5.96,6.08,5.67,5.77,5.83,36697
2026-08-12,RUCHIRA,RUCHIRA PAPERS LIMITED,111.44,111.47,104.71,105.89,111.28,105207
2026-08-12,RUDRA,RUDRA GLOBAL INFRA PROD L,18.22,21.8,17.71,20.56,18.17,1714251
2026-08-12,RUPA,RUPA & COMPANY LTD,159.92,160.59,154.31,155.59,158.76,100300
2026-08-12,RUSHIL,RUSHIL DECOR LIMITED,16.86,18.02,16.6,17.35,17.02,1231580
2026-08-12,SCHAND,S CHAND AND COMPANY LTD,139.3,141.0,137.0,139.48,139.37,39265
2026-08-12,SHK,S H KELKAR AND CO. LTD.,173.5,177.06,168.22,170.89,172.69,675184
2026-08-12,S&SPOWER,S&S POWER SWITCHGEARS LTD,316.1,330.3,312.5,317.65,321.9,4176
2026-08-12,SPAL,S. P. APPARELS LIMITED,1049.5,1049.5,971.3,975.9,1074.5,227439
2026-08-12,SALSTEEL,S.A.L. STEEL LTD.,60.6,63.7,58.81,63.05,58.89,830005
2026-08-12,SAATVIKGL,SAATVIK GREEN ENERGY LTD,434.7,444.7,430.05,435.35,426.7,112853
2026-08-12,SADBHAV,SADBHAV ENGINEERING LTD,9.06,9.18,8.7,8.88,8.92,70228
2026-08-12,SAFARI,SAFARI IND (INDIA) LTD,1502.0,1507.0,1476.8,1483.6,1500.2,26166
2026-08-12,SAGCEM,SAGAR CEMENTS LIMITED,174.1,177.98,173.5,175.15,175.06,28813
2026-08-12,SAGARDEEP,SAGARDEEP ALLOYS LIMITED,24.8,25.23,24.0,24.39,24.69,8264
2026-08-12,SAGILITY,SAGILITY LIMITED,43.02,43.5,42.69,43.31,43.02,12081362
2026-08-12,SAHYADRI,SAHYADRI INDUSTRIES LTD,342.9,375.0,339.0,346.8,340.55,186684
2026-08-12,SAILIFE,SAI LIFE SCIENCES LIMITED,1446.4,1474.0,1443.3,1463.6,1444.4,430058
2026-08-12,SAIPARENT,SAI PARENTERALS LIMITED,580.95,589.0,514.05,552.4,573.5,349508
2026-08-12,KALAMANDIR,SAI SILKS (KALAMANDIR) L,86.59,87.07,84.82,85.3,86.59,636951
2026-08-12,SAKAR,SAKAR HEALTHCARE LIMITED,962.4,963.95,925.15,935.8,953.75,77546
2026-08-12,SAKSOFT,SAKSOFT LIMITED,163.77,164.99,162.5,163.0,164.6,259744
2026-08-12,SAKHTISUG,SAKTHI SUGARS LTD,17.4,17.4,16.8,16.93,17.08,68669
2026-08-12,SAKUMA,SAKUMA EXPORTS LIMITED,1.67,1.68,1.64,1.65,1.67,630510
2026-08-12,SALASAR,SALASAR TECHNO ENGG. LTD.,5.79,5.83,5.7,5.76,5.79,2679015
2026-08-12,SALONA,SALONA COTSPIN LTD.,249.88,255.0,247.07,254.95,248.65,1940
2026-08-12,SALZERELEC,SALZER ELECTRONICS LTD,570.0,578.55,564.75,568.9,569.9,71508
2026-08-12,SAMBHAAV,SAMBHAAV MEDIA LTD,6.81,7.06,6.61,6.69,6.56,32538
2026-08-12,SAMBHV,SAMBHV STEEL TUBES LTD,118.98,118.99,116.83,118.45,118.62,592877
2026-08-12,SAMHI,SAMHI HOTELS LIMITED,164.81,166.5,164.0,164.51,164.81,655222
2026-08-12,SAMMAANCAP,SAMMAAN CAPITAL LIMITED,164.8,164.8,158.66,160.79,163.4,6698353
2026-08-12,SAMPANN,SAMPANN UTPADAN INDIA LTD,26.75,27.25,26.31,26.41,26.65,9660
2026-08-12,MOTHERSON,SAMVRDHNA MTHRSN INTL LTD,170.1,171.83,168.62,169.5,169.26,15747026
2026-08-12,SANATHAN,SANATHAN TEXTILES LIMITED,512.0,512.0,468.0,475.85,501.4,108307
2026-08-12,SANDESH,SANDESH LTD,1109.4,1109.4,1065.1,1080.75,1085.25,2396
2026-08-12,SANDHAR,SANDHAR TECHNOLOGIES LTD,621.95,644.85,619.0,626.5,621.95,245172
2026-08-12,SANDUMA,SANDUR MANG & IRON ORES L,204.4,207.28,201.49,202.89,204.39,684005
2026-08-12,SANGAMIND,SANGAM (INDIA) LTD,581.0,587.9,570.0,578.1,581.95,27222
2026-08-12,SANGHVIMOV,SANGHVI MOVERS LTD,515.0,518.9,497.25,500.45,516.95,360614
2026-08-12,SANOFICONR,SANOFI CONS HEALTHC IND L,4530.0,4543.9,4465.0,4478.5,4553.0,1361
2026-08-12,SANOFI,SANOFI INDIA LIMITED,3304.5,3305.4,3232.0,3243.6,3303.2,20847
2026-08-12,SANSERA,SANSERA ENGINEERING LTD,3685.1,3933.0,3665.3,3878.3,3685.1,328395
2026-08-12,SANSTAR,SANSTAR LIMITED,112.0,113.49,110.05,111.92,111.88,130754
2026-08-12,SAPPHIRE,SAPPHIRE FOODS INDIA LTD,236.98,238.89,226.7,231.74,236.02,3516974
2026-08-12,ZSARACOM,SARASWATI COMM (INDIA) L,11600.0,11695.0,11204.0,11549.0,11274.0,20
2026-08-12,SSDL,SARASWATI SAREE DEPOT LTD,54.5,65.77,54.45,65.03,54.81,383517
2026-08-12,SARDAEN,SARDA ENERGY & MIN LTD,497.35,499.75,487.9,489.45,495.85,170619
2026-08-12,SAREGAMA,SAREGAMA INDIA LIMITED,529.1,529.5,514.05,516.05,529.1,178262
2026-08-12,SARLAPOLY,SARLA PERF. FIBERS LTD,101.87,101.87,99.55,100.44,100.89,34730
2026-08-12,SMLT,SARTHAK METALS LIMITED,70.0,70.25,68.2,68.75,69.45,4047
2026-08-12,SARVESHWAR,SARVESHWAR FOODS LIMITED,3.47,3.62,3.42,3.46,3.49,2465205
2026-08-12,SASKEN,SASKEN TECHNOLOGIES LTD,2018.9,2018.9,1920.0,1926.4,1982.6,16668
2026-08-12,SATIA,SATIA INDUSTRIES LIMITED,60.05,62.06,60.0,61.53,60.99,53459
2026-08-12,SATIN,SATIN CREDIT NET LTD,225.0,225.39,220.89,223.41,225.04,384703
2026-08-12,SAURASHCEM,SAURASHTRA CEMENT LIMITED,61.06,61.23,59.2,60.93,60.89,131597
2026-08-12,SOTL,SAVITA OIL TECHNOLO. LTD,702.05,713.25,684.05,695.9,700.05,308529
2026-08-12,SAYAJIHOTL,SAYAJI HOTELS LTD.,328.0,328.0,328.0,328.0,313.05,1
2026-08-12,SBC,SBC EXPORTS LIMITED,41.49,42.06,33.56,40.19,41.51,43595847
2026-08-12,SBFC,SBFC FINANCE LIMITED,93.8,94.75,93.47,94.01,93.84,4553086
2026-08-12,SBICARD,SBI CARDS & PAY SER LTD,650.0,656.6,644.4,656.6,650.05,535832
2026-08-12,SBIFUNDS,SBI FUNDS MANAGEMENT LTD,570.0,570.9,563.1,568.8,568.45,1734065
2026-08-12,SBILIFE,SBI LIFE INSURANCE CO LTD,1840.8,1840.8,1816.5,1830.0,1837.6,1053505
2026-08-12,SETFGOLD,SBI-ETF GOLD,131.74,131.74,129.74,130.48,129.56,3657812
2026-08-12,SETFNIF50,SBI-ETF NIFTY 50,263.77,264.2,261.81,262.98,263.77,717458
2026-08-12,SETFNIFBK,SBI-ETF NIFTY BANK,591.06,594.99,589.19,594.26,590.53,13405
2026-08-12,SETFNN50,SBI-ETF NIFTY NEXT 50,799.27,803.0,796.01,799.62,800.85,25786
2026-08-12,LIQUIDSBI,SBIAMC - LIQUIDSBI,999.99,1000.01,999.99,999.99,1000.0,5824
2026-08-12,SBIBPB,SBIAMC - SBIBPB,50.36,51.1,50.05,50.71,49.89,171464
2026-08-12,SBIETFCON,SBIAMC - SBIETFCON,125.79,125.79,124.02,124.43,125.66,11216
2026-08-12,SBIETFIT,SBIAMC - SBIETFIT,353.0,353.0,344.0,346.76,351.39,13940
2026-08-12,SBIETFPB,SBIAMC - SBIETFPB,281.0,281.0,278.37,280.02,280.2,3321
2026-08-12,SBIETFQLTY,SBIAMC - SBIETFQLTY,228.65,228.65,225.72,227.59,228.67,1479
2026-08-12,SBILIQETF,SBIAMC - SBILIQETF,1051.4,1051.42,1051.4,1051.42,1051.29,8316
2026-08-12,SBIMIDMOM,SBIAMC - SBIMIDMOM,64.97,64.97,63.75,64.63,64.2,173664
2026-08-12,SBINEQWETF,SBIAMC - SBINEQWETF,34.3,34.3,33.81,34.01,34.13,26760
2026-08-12,SBINMID150,SBIAMC - SBINMID150,23.58,23.65,23.39,23.56,23.58,18539
2026-08-12,SBISILVER,SBIAMC - SBISILVER,227.0,231.66,227.0,231.39,227.88,1320008
2026-08-12,SBISMLETF,SBIAMC - SBISMLETF,18.6,18.6,18.3,18.35,18.42,26073
2026-08-12,SBIVALETF,SBIAMC - SBIVALETF,15.11,15.13,14.97,15.05,15.13,9919
2026-08-12,SETF10GILT,SBIAMC - SETF10GILT,266.99,266.99,265.25,265.84,266.45,2009
2026-08-12,SCHAEFFLER,SCHAEFFLER INDIA LIMITED,4151.3,4189.9,4105.5,4125.8,4151.3,60324
2026-08-12,SCHNEIDER,SCHNEIDER ELECTRIC INFRA,1400.0,1439.8,1380.0,1431.9,1403.3,418698
2026-08-12,SCODATUBES,SCODA TUBES LIMITED,141.09,141.09,133.2,133.63,140.06,252583
2026-08-12,SEAMECLTD,SEAMEC LIMITED,1561.2,1562.1,1489.1,1521.8,1547.2,603244
2026-08-12,SECMARK,SECMARK CONSULTANCY LTD,130.0,131.0,124.6,127.77,125.07,2691
2026-08-12,SECURKLOUD,SECUREKLOUD TECH LIMITED,19.3,19.5,17.65,18.64,19.04,12147
2026-08-12,SEDEMAC,SEDEMAC MECHATRONICS LTD,3120.0,3135.0,3012.6,3050.0,3096.2,203000
2026-08-12,SEJALLTD,SEJAL GLASS LIMITED,710.0,710.0,672.15,679.95,699.55,17103
2026-08-12,SELMC,SEL MANUFACTURING CO LTD,27.57,27.57,27.08,27.49,27.57,1218
2026-08-12,SENCO,SENCO GOLD LIMITED,376.0,379.45,343.0,345.65,401.25,7359766
2026-08-12,SENORES,SENORES PHARMACEUTICALS L,1475.7,1501.0,1455.0,1492.4,1475.7,267987
2026-08-12,SEPC,SEPC LIMITED,5.1,6.14,5.1,6.03,6.09,31291302
2026-08-12,SERVOTECH,SERVOTECH REN POW SYS LTD,83.13,84.28,82.47,83.24,83.37,375768
2026-08-12,STYL,SESHAASAI TECHNOLOGIES L,412.45,417.9,402.35,410.85,412.45,133168
2026-08-12,SESHAPAPER,SESHASAYEE PAPER & BOARDS,232.21,234.95,229.0,232.62,233.0,23698
2026-08-12,SGFIN,SG FINSERVE LIMITED,665.2,665.2,639.9,651.45,660.2,328563
2026-08-12,SGMART,SG MART LIMITED,717.9,723.0,709.0,717.6,717.95,128136
2026-08-12,SHADOWFAX,SHADOWFAX TECHNOLOGIES L,249.03,252.31,244.22,247.39,249.03,4161609
2026-08-12,SHAHALLOYS,SHAH ALLOYS LIMITED,71.98,72.0,70.0,71.46,69.7,6717
2026-08-12,SHAH,SHAH METACORP LIMITED,4.05,4.19,4.02,4.09,4.05,3743749
2026-08-12,SHAILY,SHAILY ENG PLASTICS LTD,3457.9,3496.3,3402.5,3434.0,3457.9,151320
2026-08-12,SHAKTIPUMP,SHAKTI PUMPS (I) LTD,510.0,514.0,508.0,510.25,510.6,302641
2026-08-12,SHALBY,SHALBY LIMITED,161.5,161.5,156.24,157.28,161.67,97370
2026-08-12,SAHLIBHFI,SHALIBHADRA FINANCE LTD,76.8,79.5,76.7,79.04,75.0,3607
2026-08-12,SRD,SHANKAR LAL RAMPAL LTD,37.9,41.0,37.37,40.48,37.05,122292
2026-08-12,SHANKARA,SHANKARA BLDG PRODUCT LTD,143.0,143.0,140.02,141.84,142.22,324045
2026-08-12,BUILDPRO,SHANKARA BUILDPRO LIMITED,1269.9,1275.9,1234.3,1242.8,1270.0,37351
2026-08-12,SHANTIGEAR,SHANTHI GEARS LTD,401.15,401.5,392.8,399.2,399.4,11092
2026-08-12,SEIL,SHANTI EDU INITIATIVES L,213.0,217.98,203.5,205.07,207.95,297597
2026-08-12,SHANTIGOLD,SHANTI GOLD INTERNATION L,225.0,232.15,218.13,230.2,227.77,1488878
2026-08-12,SHANTI,SHANTI OVERSEAS INDIA LTD,6.26,6.44,6.0,6.24,6.09,67981
2026-08-12,SHINDL,SHARAT INDUSTRIES LTD.,165.88,167.02,159.45,163.82,164.67,165060
2026-08-12,SHARDACROP,SHARDA CROPCHEM LTD.,803.3,808.85,795.05,797.85,806.4,142876
2026-08-12,SHARDAMOTR,SHARDA MOTOR INDS LTD,883.9,897.95,877.35,880.55,876.9,66149
2026-08-12,SHAREINDIA,SHARE IND. SECURITIES LTD,167.99,168.87,165.0,165.72,167.56,182206
2026-08-12,SFL,SHEELA FOAM LIMITED,691.35,717.85,687.7,691.1,679.25,674656
2026-08-12,SCPL,SHEETAL COOL PRODUCTS LTD,616.85,664.0,606.2,652.1,615.7,246811
2026-08-12,SHEKHAWATI,SHEKHAWATI INDUSTRIES LTD,18.4,19.82,18.4,19.82,16.52,627763
2026-08-12,SHILCTECH,SHILCHAR TECHNOLOGIES LTD,3972.0,4069.0,3784.9,3854.3,4581.7,318052
2026-08-12,SHILPAMED,SHILPA MEDICARE LTD,819.5,820.95,800.1,805.2,819.7,977909
2026-08-12,SCILAL,SHIPPING CORP OF ILA LTD,41.0,41.13,40.51,40.6,40.9,126870
2026-08-12,SCI,SHIPPING CORP OF INDIA LT,294.0,300.95,293.35,298.8,293.95,2156081
2026-08-12,SHIVAUM,SHIV AUM STEELS LIMITED,450.0,455.0,426.1,449.55,425.2,6877
2026-08-12,SHIVAMILLS,SHIVA MILLS LIMITED,61.98,64.0,58.89,59.59,61.98,6740
2026-08-12,SHIVATEX,SHIVA TEXYARN LIMITED,162.22,164.0,161.06,161.18,163.84,1328
2026-08-12,SBCL,SHIVALIK BIMETAL CON. LTD,1060.0,1060.0,1017.0,1026.65,1039.2,469720
2026-08-12,SHOPERSTOP,SHOPPERS STOP LIMITED,429.85,431.95,418.0,423.9,427.7,38400
2026-08-12,SHRADHA,SHRADHA REALTY LIMITED,34.94,34.94,33.23,33.73,33.73,19492
2026-08-12,SHREEPUSHK,SHRE PUSH CHEM & FERT LTD,415.4,417.7,398.0,400.9,413.6,35145
2026-08-12,SAPPL,SHREE AJIT PULP & PAPER L,281.8,282.2,281.8,282.2,281.65,26
2026-08-12,SHREECEM,SHREE CEMENT LIMITED,25470.0,25570.0,25150.0,25570.0,25510.0,19869
2026-08-12,SHREDIGCEM,SHREE DIGVIJAY CEM CO LTD,72.23,72.23,70.35,71.12,72.24,24941
2026-08-12,SRTL,SHREE RAM TWISTEX LIMITED,40.12,40.5,39.55,39.82,40.08,22449
2026-08-12,SHREERAMA,SHREE RAMA MULTI TECH LTD,37.92,40.0,37.7,38.38,38.09,115769
2026-08-12,RAMANEWS,SHREE RAMA NEWSPRINT LTD,33.36,34.5,33.11,33.47,33.36,19116
2026-08-12,RENUKA,SHREE RENUKA SUGARS LTD,22.21,22.25,21.9,21.99,22.19,2750061
2026-08-12,BALAJEE,SHREE TIRUPATI BALAJEE L,27.2,27.45,26.75,26.99,27.2,20195
2026-08-12,SHREEJISPG,SHREEJI SHIPPING GLOBAL L,632.65,645.05,617.7,641.65,629.75,1099497
2026-08-12,OSWALSEEDS,SHREEOSWAL S AND CHE LTD,10.6,10.6,9.66,9.99,10.36,40399
2026-08-12,SHREYANIND,SHREYANS INDUSTRIES LTD,140.85,145.0,139.01,142.53,140.15,6600
2026-08-12,SHBAJRG,SHRI BAJRANG ALLIANCE L,187.95,187.95,176.35,178.4,181.38,3394
2026-08-12,SHRIKRISH,SHRI KRISHNA DEVCON LTD.,40.5,42.71,40.01,40.83,40.63,208
2026-08-12,SHRINGARMS,SHRINGAR HOU OF MANGALS L,234.9,236.0,228.1,229.71,233.35,829910
2026-08-12,LIQUIDSHRI,SHRIRAM - LIQUIDSHRI,1116.93,1116.93,1116.91,1116.91,1116.79,4346
2026-08-12,SHRIRAMFIN,SHRIRAM FINANCE LIMITED,1135.5,1135.5,1117.0,1117.2,1129.9,3582194
2026-08-12,SHRIRAMPPS,SHRIRAM PROPERTIES LTD,86.25,86.52,82.62,83.3,86.26,720386
2026-08-12,SHYAMMETL,SHYAM METALICS AND ENGY L,984.8,992.9,981.4,986.6,984.8,466532
2026-08-12,SICAGEN,SICAGEN INDIA LIMITED,60.9,63.8,57.99,60.67,60.0,131149
2026-08-12,ENRIN,SIEMENS ENERGY INDIA LTD,3582.0,3612.0,3488.0,3562.1,3563.8,445189
2026-08-12,SIEMENS,SIEMENS LTD,4022.0,4097.9,3991.7,4019.0,4011.0,716413
2026-08-12,SIGMA,SIGMA SOLVE LIMITED,48.25,48.25,45.11,46.05,47.13,124845
2026-08-12,SIGNATURE,SIGNATUREGLOBAL INDIA LTD,814.9,814.9,801.05,807.95,814.9,171961
2026-08-12,SIGIND,SIGNET INDUSTRIES LIMITED,71.14,71.14,65.65,68.46,71.49,110819
2026-08-12,SIGNPOST,SIGNPOST INDIA LIMITED,272.45,275.95,268.0,269.35,270.75,44169
2026-08-12,SIKA,SIKA INTERPLANT SYSTEMS L,1102.0,1122.3,1080.3,1111.6,1102.6,18060
2026-08-12,SILINV,SIL INVESTMENTS LIMITED,426.5,430.0,419.0,424.35,426.5,1448
2026-08-12,SILGO,SILGO RETAIL LIMITED,67.7,70.14,67.65,69.8,68.72,204438
2026-08-12,SILLYMONKS,SILLY MONKS ENTERTAIN LTD,16.49,16.49,15.79,15.8,16.16,6080
2026-08-12,SILVERTUC,SILVER TOUCH TECHNO LTD,207.11,208.76,203.0,205.88,206.52,490828
2026-08-12,SIMPLEXINF,SIMPLEX INFRASTRUCTURES L,257.21,261.59,248.66,252.31,263.49,173405
2026-08-12,SINCLAIR,SINCLAIRS HOTELS LIMITED,76.52,77.87,76.52,77.0,77.6,8944
2026-08-12,SINDHUTRAD,SINDHU TRADE LINKS LTD,24.2,24.5,24.03,24.2,24.45,678929
2026-08-12,SINGERIND,SINGER INDIA LIMITED,76.0,91.3,73.68,91.3,76.09,2216151
2026-08-12,SINTERCOM,SINTERCOM INDIA LIMITED,89.3,90.0,73.35,82.95,84.83,20233
2026-08-12,SIRCA,SIRCA PAINT INDIA LIMITED,442.6,443.6,431.9,435.9,442.35,369452
2026-08-12,SIS,SIS LIMITED,437.55,441.9,435.0,438.8,437.55,120755
2026-08-12,SIYSIL,SIYARAM SILK MILLS LTD,632.9,638.0,624.9,630.9,632.25,47589
2026-08-12,SJS,SJS ENTERPRISES LIMITED,2411.0,2478.0,2408.6,2436.8,2402.8,152165
2026-08-12,SJVN,SJVN LTD,67.25,67.47,66.96,67.11,67.24,1127777
2026-08-12,SKFINDUS,SKF IND (INDUSTRIAL) LTD,2640.1,2754.0,2605.1,2722.4,2730.0,80353
2026-08-12,SKFINDIA,SKF INDIA LTD,1527.2,1545.0,1510.0,1527.6,1522.7,38956
2026-08-12,SKIPPER,SKIPPER LIMITED,522.65,546.45,509.5,540.85,526.25,1183882
2026-08-12,SKMEGGPROD,SKM EGG PROD EXPORT(I) LT,263.0,265.99,254.77,257.38,262.57,451587
2026-08-12,SKYGOLD,SKY GOLD AND DIAMONDS LTD,797.9,840.0,793.1,833.1,790.05,1979236
2026-08-12,SMARTWORKS,SMARTWORKS COWORKING SP L,491.5,494.5,470.1,488.5,478.1,133870
2026-08-12,SMCGLOBAL,SMC GLOBAL SECURITIES LTD,79.13,79.83,77.13,79.04,79.42,217678
2026-08-12,SMLMAH,SML MAHINDRA LIMITED,5200.0,5270.0,5125.5,5172.0,5208.5,71634
2026-08-12,SMSPHARMA,SMS PHARMACEUTICALS LTD.,378.75,383.9,366.0,369.55,378.75,230141
2026-08-12,SNOWMAN,SNOWMAN LOGISTICS LTD.,38.63,40.5,38.0,39.12,38.62,165926
2026-08-12,SOBHA,SOBHA LIMITED,1355.0,1355.0,1327.0,1333.7,1342.1,55797
2026-08-12,SOFTTECH,SOFTTECH ENGINEERS LTD,402.0,429.4,402.0,411.35,423.1,2432
2026-08-12,SOLARINDS,SOLAR INDUSTRIES (I) LTD,18800.0,18800.0,18530.0,18730.0,18770.0,92222
2026-08-12,SOLARA,SOLARA ACTIVE PHA SCI LTD,514.2,515.2,503.0,505.6,508.7,57746
2026-08-12,SOLARWORLD,SOLARWORLD ENERGY SOL LTD,165.5,166.56,160.62,161.37,164.61,548203
2026-08-12,SOLEX,SOLEX ENERGY LIMITED,914.9,914.9,893.0,899.55,909.5,25553
2026-08-12,SDBL,SOM DIST & BREW LTD,69.81,71.9,69.15,71.5,73.52,1604785
2026-08-12,SOMATEX,SOMA TEXTILES & INDUST LT,93.24,94.84,92.13,92.29,93.52,2567
2026-08-12,SOMANYCERA,SOMANY CERAMICS LIMITED,513.0,527.5,486.1,508.05,510.25,913797
2026-08-12,SOMICONVEY,SOMI CONVEYOR BELT. LTD.,94.99,94.99,86.19,87.59,95.38,65763
2026-08-12,SONACOMS,SONA BLW PRECISION FRGS L,801.05,807.7,797.4,804.5,800.0,1894549
2026-08-12,SONAL,SONAL MERCANTILE LTD.,95.0,95.0,90.0,91.0,90.99,30
2026-08-12,SONAMLTD,SONAM LIMITED,57.5,57.5,54.26,54.7,54.72,39735
2026-08-12,SONATSOFTW,SONATA SOFTWARE LTD,333.9,334.65,322.0,323.45,333.9,771417
2026-08-12,SOUTHWEST,SOUTH WEST PINNACLE LTD,228.23,232.93,215.0,219.13,228.23,260525
2026-08-12,SPCENET,SPACENET ENTERS IND LTD,3.75,3.98,3.64,3.8,3.82,651448
2026-08-12,SPANDANA,SPANDANA SPHOORTY FIN LTD,251.1,252.35,244.15,245.0,249.25,204596
2026-08-12,SPECIALITY,SPECIALITY REST LTD,158.6,163.7,157.21,158.38,158.6,114955
2026-08-12,SPENCERS,SPENCER S RETAIL LIMITED,31.61,32.44,31.37,31.78,31.53,98221
2026-08-12,SPIC,SPIC LTD,66.87,67.64,66.71,67.2,66.87,179034
2026-08-12,SPLIL,SPL INDUSTRIES LIMITED,33.3,33.3,31.02,31.34,31.03,5598
2026-08-12,SPMLINFRA,SPML INFRA LIMITED,186.43,194.3,183.0,191.34,186.43,377809
2026-08-12,SPORTKING,SPORTKING INDIA LIMITED,208.79,208.79,202.5,203.53,208.19,192829
2026-08-12,SHRIPISTON,SPR AUTO TECHNOLOGIES LTD,4419.1,4588.0,4400.0,4478.7,4419.1,82738
2026-08-12,SRHHYPOLTD,SREE RAYALSEEMA HHP LTD.,511.0,511.0,493.0,502.0,500.95,21324
2026-08-12,SREEL,SREELEATHERS LIMITED,233.9,240.8,230.74,239.12,230.7,34299
2026-08-12,SRF,SRF LTD,2570.1,2594.0,2552.0,2585.0,2570.0,276269
2026-08-12,SRGHFL,SRG HOUSING FINANCE L,277.0,281.75,273.05,274.05,272.1,491
2026-08-12,HAVISHA,SRI HAVISHA HOSP & INFR L,1.41,1.41,1.34,1.39,1.38,36004
2026-08-12,SRM,SRM CONTRACTORS LIMITED,515.0,531.25,507.05,516.7,512.8,82291
2026-08-12,SETL,STANDARD ENGNG TCNLGY LTD,301.9,307.0,286.0,300.05,297.3,1920788
2026-08-12,SIL,STANDARD INDUSTRIES LTD.,21.09,21.5,18.66,19.38,20.91,236016
2026-08-12,STANLEY,STANLEY LIFESTYLES LTD,144.88,144.88,141.55,142.01,143.48,66790
2026-08-12,STARCEMENT,STAR CEMENT LIMITED,199.43,201.38,197.61,199.75,197.98,176109
2026-08-12,STARHEALTH,STAR HEALTH & AL INS CO L,584.7,587.75,580.7,583.25,584.7,255220
2026-08-12,STARPAPER,STAR PAPER MILLS LTD,154.07,156.0,151.8,153.69,154.07,8494
2026-08-12,STARTECK,STARTECK FINANCE LIMITED,257.9,259.75,254.45,257.25,259.8,7783
2026-08-12,SBIN,STATE BANK OF INDIA,1066.0,1085.5,1066.0,1082.0,1066.0,17673922
2026-08-12,SAIL,STEEL AUTHORITY OF INDIA,172.69,175.9,171.16,174.0,173.0,18936094
2026-08-12,STEELCITY,STEEL CITY SECURITIES LTD,81.29,81.29,79.0,79.42,81.29,12058
2026-08-12,STEELXIND,STEEL EXCHANGE INDIA LTD,10.8,10.88,10.55,10.65,10.71,823913
2026-08-12,SSWL,STEEL STRIPS WHEELS LTD.,318.3,320.0,311.5,312.5,317.4,369223
2026-08-12,STEELCAS,STEELCAST LIMITED,331.2,333.2,324.9,329.75,328.4,114037
2026-08-12,STEL,STEL HOLDINGS LIMITED,543.0,544.7,534.0,538.95,534.65,1726
2026-08-12,SGL,STL GLOBAL LIMITED,9.95,10.19,9.75,9.91,9.87,2041
2026-08-12,STLNETWORK,STL NETWORKS LIMITED,26.87,26.87,25.82,26.17,26.15,923433
2026-08-12,STOVEKRAFT,STOVE KRAFT LIMITED,795.0,805.0,792.5,799.1,792.85,96008
2026-08-12,STAR,STRIDES PHARMA SCI LTD,1004.0,1009.9,990.0,993.8,1002.8,101431
2026-08-12,SWSOLAR,STRLNG & WIL REN ENE LTD,203.58,203.99,200.05,202.54,202.98,743629
2026-08-12,STUDDS,STUDDS ACCESSORIES LTD,421.0,424.4,416.8,420.55,421.4,34475
2026-08-12,STYLAMIND,STYLAM INDUSTRIES LIMITED,3568.7,3572.9,3500.0,3544.7,3568.7,16356
2026-08-12,STYRENIX,STYRENIX PERFORMANCE LTD,2260.0,2260.0,2203.1,2215.5,2230.5,31884
2026-08-12,SUBROS,SUBROS LIMITED,765.6,775.0,753.65,764.15,765.6,54886
2026-08-12,SUDARSCHEM,SUDARSHAN CHEMICAL INDS L,1119.7,1123.1,1030.1,1044.7,1110.0,436812
2026-08-12,SUDARCOLOR,SUDARSHAN COLORNT IND LTD,406.0,412.45,404.0,405.8,406.55,6067
2026-08-12,SUDEEPPHRM,SUDEEP PHARMA LIMITED,1112.0,1146.3,1078.1,1103.75,1108.4,275504
2026-08-12,SUKHJITS,SUKHJIT STARCH & CHEM LTD,166.0,166.0,158.38,161.57,161.37,8040
2026-08-12,SULA,SULA VINEYARDS LIMITED,152.31,153.62,150.25,151.0,152.3,370257
2026-08-12,SUMEETINDS,SUMEET IND LIMITED,14.82,15.19,14.82,14.82,15.6,56881355
2026-08-12,SUMIT,SUMIT WOODS LIMITED,56.8,56.8,50.11,51.75,52.32,43185
2026-08-12,SUMICHEM,SUMITOMO CHEM INDIA LTD,558.15,558.25,541.05,547.35,558.1,354667
2026-08-12,SUMMITSEC,SUMMIT SECURITIES LTD,1482.0,1482.0,1429.0,1446.3,1463.9,3762
2026-08-12,SPARC,SUN PHARMA ADV.RES.CO.LTD,206.0,206.64,201.0,202.21,205.26,733126
2026-08-12,SUNPHARMA,SUN PHARMACEUTICAL IND L,1942.0,1945.7,1926.8,1944.0,1942.0,1536383
2026-08-12,SUNTV,SUN TV NETWORK LIMITED,485.0,487.8,475.85,478.2,483.7,242137
2026-08-12,SUNCLAY,SUNDARAM CLAYTON LIMITED,1226.7,1249.9,1184.6,1188.4,1221.4,11020
2026-08-12,SUNDARMFIN,SUNDARAM FINANCE LTD,4477.9,4528.0,4401.5,4473.4,4447.4,38609
2026-08-12,SUNDARAM,SUNDARAM MULTI PAP LTD,1.24,1.25,1.15,1.19,1.23,1559551
2026-08-12,SUNDRMFAST,SUNDRAM FASTENERS LTD,1210.0,1224.4,1199.15,1210.0,1210.05,190308
2026-08-12,SUNDROP,SUNDROP BRANDS LIMITED,679.8,679.8,660.55,669.8,674.85,28339
2026-08-12,SUNFLAG,SUNFLAG IRON AND STEEL CO,372.0,374.6,355.0,359.6,369.0,276471
2026-08-12,SUNTECK,SUNTECK REALTY LIMITED,296.55,296.55,290.45,292.7,296.55,156209
2026-08-12,SUPERHOUSE,SUPERHOUSE LIMITED,160.04,162.0,158.2,158.53,160.89,3626
2026-08-12,SUPRAJIT,SUPRAJIT ENGINEERING LTD,536.05,538.75,522.5,523.45,531.25,74691
2026-08-12,SUPREME,SUPREME HOLDIN N HOSP I L,46.8,46.8,41.5,42.51,44.43,67105
2026-08-12,SUPREMEIND,SUPREME INDUSTRIES LTD,3419.1,3459.9,3383.0,3459.9,3435.0,102447
2026-08-12,SUPREMEINF,SUPREME INFRA. LTD.,86.49,87.49,82.16,83.89,85.46,36807
2026-08-12,SPLPETRO,SUPREME PETROCHEM LIMITED,685.9,731.7,684.55,725.65,685.25,502560
2026-08-12,SUPRIYA,SUPRIYA LIFESCIENCE LTD,848.3,852.95,825.35,831.05,851.0,274814
2026-08-12,SURAJEST,SURAJ ESTATE DEVELOPERS L,208.76,211.19,205.51,209.33,208.78,110654
2026-08-12,SURAJLTD,SURAJ LIMITED,220.0,222.99,215.01,218.38,223.64,153
2026-08-12,SURAKSHA,SURAKSHA DIAGNOSTIC LTD,259.9,272.0,259.85,270.35,258.25,203580
2026-08-12,SURANASOL,SURANA SOLAR LIMITED,26.3,26.48,25.7,25.88,26.3,42388
2026-08-12,SURANAT&P,SURANA TELECOM AND POW LT,16.15,16.8,15.82,16.44,16.31,97151
2026-08-12,SBGLP,SURATWWALA BUS GROUP LTD,26.27,26.27,24.71,25.69,25.4,16564
2026-08-12,SURYAROSNI,SURYA ROSHNI LTD,239.5,239.5,222.15,224.55,235.83,1627671
2026-08-12,SURYALAXMI,SURYALAKSHMI COT MIL LTD,60.0,60.0,58.0,58.43,59.65,2010
2026-08-12,SURYALA,SURYALATA SPINNING MILL L,395.1,399.0,388.1,393.55,392.25,2217
2026-08-12,SURYODAY,SURYODAY SMALL FIN BK LTD,163.65,163.65,159.54,160.89,163.66,417814
2026-08-12,SUVEN,SUVEN LIFE SCIENCES LTD,343.0,343.1,327.05,330.55,340.5,466245
2026-08-12,SUVIDHAA,SUVIDHAA INFOSERVE LTD,2.57,2.57,2.52,2.54,2.54,28904
2026-08-12,SUYOG,SUYOG TELEMATICS LIMITED,842.5,850.0,802.5,830.6,855.3,57663
2026-08-12,SUZLON,SUZLON ENERGY LIMITED,47.49,47.49,46.9,47.35,47.5,41760811
2026-08-12,SWANCORP,SWAN CORP LIMITED,313.0,313.0,306.1,307.7,311.25,1125207
2026-08-12,SWARAJENG,SWARAJ ENGINES LTD,3597.9,3629.9,3597.9,3608.9,3597.9,7192
2026-08-12,SWELECTES,SWELECT ENERGY SYS LTD,687.95,696.75,678.05,690.5,688.95,37266
2026-08-12,SWIGGY,SWIGGY LIMITED,282.0,282.0,276.0,279.35,280.5,6996952
2026-08-12,SYMPHONY,SYMPHONY LIMITED,647.75,650.0,625.1,630.95,641.15,83762
2026-08-12,SYNCOMF,SYNCOM FORMU (I) LTD,15.5,17.2,15.21,15.88,14.53,58681244
2026-08-12,SGIL,SYNERGY GREEN IND. LTD,605.0,606.9,600.0,600.15,608.6,5343
2026-08-12,SYNGENE,SYNGENE INTERNATIONAL LTD,410.0,411.8,403.8,408.65,407.25,591399
2026-08-12,SYRMA,SYRMA SGS TECHNOLOGY LTD,1494.8,1514.0,1465.1,1473.3,1494.8,749197
2026-08-12,TTL,T T LIMITED,5.89,6.05,5.6,5.92,5.74,203235
2026-08-12,TAALTECH,TAAL TECH LTD.,4400.0,4484.9,4132.0,4189.0,4334.8,7591
2026-08-12,TAINWALCHM,TAINWALA CHEMICAL AND PLA,201.05,207.0,199.0,203.94,203.21,4404
2026-08-12,TAJGVK,TAJ GVK HOTELS & RESORTS,356.2,357.4,350.0,352.85,358.7,76036
2026-08-12,TAKE,TAKE LIMITED,23.94,24.28,23.26,23.54,23.25,1578857
2026-08-12,TALBROAUTO,TALBROS AUTO. COMP. LTD,409.25,436.0,405.0,417.35,409.95,273558
2026-08-12,TMB,TAMILNAD MERCA BANK LTD,832.95,871.95,832.95,858.1,867.0,140341
2026-08-12,TNPL,TAMILNADU NEWSPRT & PAPER,154.99,161.0,152.0,154.5,154.02,636200
2026-08-12,TNPETRO,TAMILNADU PETROPRODUCTS L,114.0,120.89,105.11,106.77,103.77,5595159
2026-08-12,TNTELE,TAMILNADU TELECOMMUNICATI,9.21,9.67,9.03,9.09,9.21,10291
2026-08-12,TANLA,TANLA PLATFORMS LIMITED,620.05,620.85,591.3,594.4,616.65,606531
2026-08-12,TARACHAND,TARA CHAND INFRA SOLN LTD,50.05,50.25,47.21,47.72,49.56,187072
2026-08-12,TARAPUR,TARAPUR TRANSFORMERS LTD,14.7,15.5,13.9,14.04,14.56,56051
2026-08-12,TARC,TARC LIMITED,126.65,132.9,126.65,128.53,128.98,816652
2026-08-12,TARMAT,TARMAT LIMITED,55.1,56.8,54.9,55.09,56.81,8376
2026-08-12,TARSONS,TARSONS PRODUCTS LIMITED,300.2,328.9,291.0,312.8,297.2,1619130
2026-08-12,TASTYBITE,TASTY BITE EATABLES LTD,9360.5,9550.0,9225.0,9505.5,9357.0,4553
2026-08-12,TATACAP,TATA CAPITAL LIMITED,367.2,370.5,364.8,367.05,367.2,1040104
2026-08-12,TATACHEM,TATA CHEMICALS LTD,668.45,708.9,663.0,673.15,668.75,2753913
2026-08-12,TATACOMM,TATA COMMUNICATIONS LTD,1754.0,1754.0,1709.4,1736.2,1746.1,195930
2026-08-12,TCS,TATA CONSULTANCY SERV LT,2445.7,2445.8,2300.1,2349.7,2445.7,7022647
2026-08-12,TATACONSUM,TATA CONSUMER PRODUCT LTD,1077.0,1078.0,1054.3,1061.9,1078.0,1713131
2026-08-12,TATAELXSI,TATA ELXSI LIMITED,3799.9,3799.9,3685.0,3711.9,3795.0,187415
2026-08-12,TATAINVEST,TATA INVESTMENT CORP LTD,685.8,714.8,677.3,680.65,688.75,662394
2026-08-12,TMCV,TATA MOTORS LIMITED,451.0,459.5,448.3,457.05,450.05,8148968
2026-08-12,TMPV,TATA MOTORS PASS VEH LTD,348.4,351.25,334.2,343.0,347.6,22384343
2026-08-12,TATAPOWER,TATA POWER CO LTD,378.6,380.0,374.1,379.45,380.0,4430571
2026-08-12,TATASTEEL,TATA STEEL LIMITED,188.35,188.88,183.6,186.2,188.25,36484049
2026-08-12,TATATECH,TATA TECHNOLOGIES LIMITED,865.2,868.55,836.0,842.1,865.2,1473993
2026-08-12,TTML,TATA TELESERV(MAHARASTRA),38.75,38.81,38.0,38.17,38.81,1103045
2026-08-12,NETF,TATAAML - NETF,259.85,266.99,259.85,265.3,266.52,2801
2026-08-12,NPBET,TATAAML - NPBET,284.21,284.36,282.11,282.97,283.63,2979
2026-08-12,TNIDETF,TATAAML - TNIDETF,92.89,92.89,89.4,90.66,91.22,87448
2026-08-12,TATAGOLD,TATAAML-TATAGOLD,14.75,14.94,14.74,14.85,14.74,53145837
2026-08-12,TATSILV,TATAAML-TATSILV,22.88,22.96,22.58,22.91,22.57,56194573
2026-08-12,TATVA,TATVA CHIN PHARM CHEM LTD,1810.0,1829.0,1722.5,1732.0,1785.5,53241
2026-08-12,TBOTEK,TBO TEK LIMITED,1637.3,1647.0,1590.0,1596.6,1639.7,91830
2026-08-12,TCC,TCC CONCEPT LIMITED,267.9,268.95,250.0,252.1,266.75,46674
2026-08-12,TCIEXP,TCI EXPRESS LIMITED,545.55,556.75,539.9,549.15,542.8,33547
2026-08-12,TCPLPACK,TCPL PACKAGING LIMITED,3788.0,4410.9,3701.0,4394.9,3675.8,481743
2026-08-12,TDPOWERSYS,TD POWER SYSTEMS LTD.,1395.0,1530.0,1358.4,1480.1,1275.6,11127581
2026-08-12,TEAMGTY,TEAM INDIA GUARANTY LTD,219.01,227.9,215.05,220.28,224.8,28107
2026-08-12,TEAMLEASE,TEAMLEASE SERVICES LTD.,1245.0,1263.3,1227.6,1257.2,1246.6,15172
2026-08-12,TPHQ,TEAMO PRODUCTIONS HQ LTD,0.42,0.42,0.41,0.41,0.41,1050624
2026-08-12,TECHM,TECH MAHINDRA LIMITED,1654.0,1657.0,1622.1,1625.0,1643.0,3746023
2026-08-12,TECHNOE,TECHNO ELEC & ENG CO. LTD,976.15,1009.2,975.7,983.05,1058.05,845640
2026-08-12,TIIL,TECHNOCRAFT IND LTD,2650.0,2925.0,2650.0,2878.3,2608.9,192964
2026-08-12,TECHNVISN,TECHNVISION VENTURES LTD.,5347.4,5444.9,5080.1,5146.0,5347.4,1212
2026-08-12,TECILCHEM,TECIL CHEMICALS,8.47,8.96,8.47,8.67,8.49,8178
2026-08-12,TEGA,TEGA INDUSTRIES LIMITED,1656.5,1662.9,1621.0,1628.1,1647.1,31706
2026-08-12,TEJASNET,TEJAS NETWORKS LIMITED,532.0,532.45,515.5,527.25,533.6,1282649
2026-08-12,TEMBO,TEMBO GLOBAL IND LTD,64.0,64.4,60.0,61.25,61.7,3117022
2026-08-12,TENNIND,TENNECO CLEAN AIR INDIA L,542.0,551.0,525.0,540.65,550.6,58478202
2026-08-12,TERASOFT,TERA SOFTWARE LIMITED,400.0,400.0,351.05,370.65,415.95,126604
2026-08-12,TEXINFRA,TEXMACO INFRA & HOLDG LTD,112.46,114.0,110.0,111.09,112.23,34260
2026-08-12,TEXRAIL,TEXMACO RAIL & ENG. LTD.,107.34,108.25,106.61,107.76,107.34,773469
2026-08-12,TEXMOPIPES,TEXMO PIPE & PRODUCTS LTD,44.9,44.9,42.6,42.77,42.7,28031
2026-08-12,TGBHOTELS,TGB BANQUETS&HOTELS LTD,9.3,9.49,9.03,9.26,9.02,21212
2026-08-12,THANGAMAYL,THANGAMAYIL JEWELLERY LTD,5236.5,5390.0,5235.0,5328.0,5228.0,141031
2026-08-12,ANUP,THE ANUP ENGINEERING LTD,1925.0,1925.0,1864.3,1870.1,1907.9,17734
2026-08-12,GESHIP,THE GE SHPG.LTD,1292.0,1297.7,1276.3,1281.9,1292.6,522980
2026-08-12,GROBTEA,THE GROB TEA COMPANY LTD,895.0,991.0,895.0,919.6,895.0,1109
2026-08-12,INDIACEM,THE INDIA CEMENTS LIMITED,385.0,390.0,383.35,385.5,383.8,124919
2026-08-12,INDHOTEL,THE INDIAN HOTELS CO. LTD,724.0,724.0,713.05,724.0,724.0,1298404
2026-08-12,THEINVEST,THE INVEST TRUST OF IND L,97.34,99.5,96.12,97.23,96.74,4478
2026-08-12,NIACL,THE NEW INDIA ASSU CO LTD,180.0,187.1,178.72,181.09,179.37,2560837
2026-08-12,PKTEA,THE P K TEA PROD CO LTD,684.0,691.15,684.0,691.0,673.75,112
2026-08-12,PHOENIXLTD,THE PHOENIX MILLS LTD,1906.2,1910.0,1870.0,1905.0,1908.7,545788
2026-08-12,RAMCOCEM,THE RAMCO CEMENTS LIMITED,938.4,940.0,914.0,918.55,934.05,210443
2026-08-12,SOUTHBANK,THE SOUTH INDIAN BANK LTD,45.81,46.56,45.6,46.22,45.81,6627720
2026-08-12,STCINDIA,THE STATE TRADING CORPN,119.5,120.85,117.12,117.37,119.01,44119
2026-08-12,UGARSUGAR,THE UGAR SUGAR WORKS LTD,45.6,45.6,43.52,44.15,45.51,219969
2026-08-12,WIPL,THE WESTERN INDIA PLY LTD,168.5,169.9,165.5,167.9,168.5,1288
2026-08-12,THEJO,THEJO ENGINEERING LIMITED,2100.0,2174.6,2080.4,2122.8,2154.5,3576
2026-08-12,THEMISMED,THEMIS MEDICARE LTD.,113.11,114.7,105.7,108.64,113.11,83197
2026-08-12,THERMAX,THERMAX LTD,4030.9,4099.6,3992.0,4083.3,4025.7,241006
2026-08-12,TIRUMALCHM,THIRUMALAI CHEMICALS LTD,162.79,163.05,160.09,160.72,162.64,212072
2026-08-12,THOMASCOOK,THOMAS COOK (INDIA) LTD,110.35,110.35,106.49,107.08,109.43,1269201
2026-08-12,THOMASCOTT,THOMAS SCOTT (INDIA) LTD,345.45,345.65,331.3,337.5,347.9,52371
2026-08-12,THYROCARE,THYROCARE TECH LTD,649.0,662.0,637.6,642.95,649.35,1159737
2026-08-12,TIJARIA,TIJARIA POLYPIPES LTD,5.38,5.58,5.21,5.35,5.44,70286
2026-08-12,TI,TILAKNAGAR INDUSTRIES LTD,520.0,539.0,515.4,530.9,520.75,1733388
2026-08-12,TIMETECHNO,TIME TECHNOPLAST LTD.,206.75,210.9,206.35,208.56,207.28,3032023
2026-08-12,TIMEX,TIMEX GROUP INDIA LTD.,571.1,573.1,558.55,563.65,573.1,108031
2026-08-12,TIMKEN,TIMKEN INDIA LTD.,3219.9,3252.6,3200.0,3235.0,3211.6,44928
2026-08-12,TINNARUBR,TINNA RUBBER AND INFR LTD,1134.1,1143.0,1065.6,1084.1,1137.3,108242
2026-08-12,TIPSFILMS,TIPS FILMS LIMITED,378.0,378.95,351.2,362.0,375.75,13247
2026-08-12,TIPSMUSIC,TIPS MUSIC LIMITED,677.0,680.35,666.4,674.3,669.1,171365
2026-08-12,TITAGARH,TITAGARH RAIL SYSTEMS LTD,847.1,848.95,826.0,833.55,844.8,222868
2026-08-12,TITAN,TITAN COMPANY LIMITED,5128.0,5128.0,4992.0,5099.0,5128.0,1105157
2026-08-12,TOKYOPLAST,TOKYO PLAST INTL LTD,81.0,81.0,77.91,79.99,81.28,1161
2026-08-12,TOLINS,TOLINS TYRES LIMITED,102.47,103.5,97.6,100.6,102.47,48076
2026-08-12,TORNTPHARM,TORRENT PHARMACEUTICALS L,4864.0,4893.5,4824.5,4893.0,4886.0,400740
2026-08-12,TORNTPOWER,TORRENT POWER LTD,1335.0,1338.9,1311.4,1319.0,1330.4,168475
2026-08-12,TOTAL,TOTAL TRANSPORT SYS LTD,65.5,66.0,63.0,65.08,63.61,6465
2026-08-12,TOUCHWOOD,TOUCHWOOD ENTERTAIN LTD.,72.9,72.9,67.55,68.09,67.36,8095
2026-08-12,TFCILTD,TOURISM FINANCE CORP. OF,116.0,116.0,114.05,115.13,115.6,8796573
2026-08-12,TPLPLASTEH,TPL PLASTECH LIMITED,76.0,78.42,75.51,76.25,75.89,128982
2026-08-12,TRACXN,TRACXN TECHNOLOGIES LTD,29.84,30.09,29.25,29.93,29.84,99288
2026-08-12,TARIL,TRANS & RECTI. LTD,297.0,298.7,291.0,292.45,297.1,692010
2026-08-12,TREL,TRANSINDIA REAL ESTATE L,27.99,27.99,27.0,27.52,27.17,196352
2026-08-12,TCI,TRANSPORT CORPN OF INDIA,930.7,932.95,910.0,913.65,935.35,21692
2026-08-12,TRANSRAILL,TRANSRAIL LIGHTING LTD,473.9,476.0,463.9,467.05,473.4,318603
2026-08-12,TFL,TRANSWARRANTY FIN. LTD.,11.43,11.57,11.01,11.49,11.43,5088
2026-08-12,TRAVELFOOD,TRAVEL FOOD SERVICES LTD,1399.0,1404.4,1379.4,1390.1,1389.0,35161
2026-08-12,TREEHOUSE,TREE HOUSE EDU LTD,6.23,6.39,6.11,6.16,6.23,38631
2026-08-12,TREJHARA,TREJHARA SOLUTIONS LTD,166.0,168.0,158.0,162.07,165.54,18901
2026-08-12,TRENT,TRENT LTD,3000.0,3019.0,2972.9,2987.0,3000.0,692694
2026-08-12,TRF,TRF LIMITED,236.54,236.54,228.17,230.15,235.52,21695
2026-08-12,TBZ,TRIB BHIMJI ZAVERI LTD,270.7,271.0,232.5,236.9,282.05,4748902
2026-08-12,TRIDENT,TRIDENT LIMITED,24.83,24.91,24.61,24.66,24.83,1954051
2026-08-12,TRIGYN,TRIGYN TECHNOLOGIES LTD,57.0,57.0,54.51,55.92,53.8,57252
2026-08-12,TRIVENI,TRIVENI ENGG. & INDS. LTD,239.0,244.0,238.4,242.24,238.4,623829
2026-08-12,TRITURBINE,TRIVENI TURBINE LIMITED,600.0,601.45,581.0,586.75,600.35,525830
2026-08-12,TRUALT,TRUALT BIOENERGY LIMITED,478.1,481.2,457.45,465.1,478.1,213395
2026-08-12,TRU,TRUCAP FINANCE LIMITED,4.4,4.44,4.22,4.33,4.39,62239
2026-08-12,TSFINV,TSF INVESTMENTS LIMITED,427.5,431.65,414.0,417.65,428.8,96739
2026-08-12,TTKHLTCARE,TTK HEALTHCARE LIMITED,1085.3,1133.0,1075.1,1103.4,1085.3,33426
2026-08-12,TTKPRESTIG,TTK PRESTIGE LTD,590.0,599.15,581.2,586.3,589.95,51692
2026-08-12,TIINDIA,TUBE INVEST OF INDIA LTD,2780.0,2839.0,2746.2,2839.0,2780.0,486582
2026-08-12,TURTLEMINT,TURTLEMINT FINTECH SOLS L,127.16,138.0,125.0,132.31,125.88,2035339
2026-08-12,TVTODAY,TV TODAY NETWORK LTD,114.55,116.8,111.44,114.07,114.15,32582
2026-08-12,TVSELECT,TVS ELECTRONICS LTD,459.35,461.05,451.0,454.1,459.35,46841
2026-08-12,TVSHLTD,TVS HOLDINGS LIMITED,14607.0,14775.0,14500.0,14532.0,14607.0,3030
2026-08-12,TVSMOTOR,TVS MOTOR COMPANY  LTD,4400.0,4427.8,4347.2,4375.0,4400.0,911635
2026-08-12,TVSSRICHAK,TVS SRICHAKRA LIMITED,3951.1,3951.1,3853.0,3868.2,3944.7,3070
2026-08-12,TVSSCS,TVS SUPPLY CHAIN SOL L,126.95,137.0,126.74,129.03,126.11,3139526
2026-08-12,UCAL,UCAL LIMITED,117.65,117.89,116.0,116.02,117.65,2470
2026-08-12,UCOBANK,UCO BANK,25.92,26.45,25.92,26.17,26.12,3124920
2026-08-12,USK,UDAYSHIVAKUMAR INFRA LTD,21.49,21.95,21.1,21.47,21.49,8304
2026-08-12,UFLEX,UFLEX LIMITED,498.3,504.2,493.0,497.75,497.05,72505
2026-08-12,UFO,UFO MOVIEZ INDIA LTD.,68.77,68.99,67.0,68.68,67.66,29848
2026-08-12,UGROCAP,UGRO CAPITAL LIMITED,95.68,95.94,92.83,93.27,95.68,229604
2026-08-12,UEL,UJAAS ENERGY LIMITED,259.47,259.47,259.47,259.47,273.12,13502
2026-08-12,UJJIVANSFB,UJJIVAN SMALL FINANC BANK,70.39,72.68,70.23,72.38,70.14,18062565
2026-08-12,ULTRAMAR,ULTRAMARINE & PIGMENTS L,389.0,399.85,389.0,395.9,388.1,40082
2026-08-12,ULTRACEMCO,ULTRATECH CEMENT LIMITED,11790.0,11891.0,11650.0,11891.0,11780.0,328113
2026-08-12,UMIYA-MRO,UMIYA BUILDCON LIMITED,88.5,89.9,88.5,89.8,88.61,1220
2026-08-12,UNICHEMLAB,UNICHEM LABORATORIES LTD,583.95,590.9,536.2,544.95,573.8,955511
2026-08-12,UNIECOM,UNICOMMERCE ESOLUTIONS L,84.62,93.4,83.6,92.08,84.2,3575930
2026-08-12,UNIINFO,UNIINFO TELECOM SERVI LTD,12.43,12.43,12.0,12.36,12.4,166
2026-08-12,UNIMECH,UNIMECH AEROSPACE N MFG L,1426.9,1441.8,1407.1,1418.5,1421.4,89651
2026-08-12,UNIONBANK,UNION BANK OF INDIA,182.5,187.6,181.82,187.0,182.5,22005359
2026-08-12,UNIONGOLD,UNIONAMC - UNIONGOLD,150.9,150.9,148.2,149.9,148.65,6567
2026-08-12,UNIPARTS,UNIPARTS INDIA LIMITED,808.2,816.0,790.5,813.55,806.2,139656
2026-08-12,UNIENTER,UNIPHOS ENTERPRISES LTD,98.15,98.15,95.5,97.08,96.92,3945
2026-08-12,UNITECH,UNITECH LTD,4.1,4.11,4.03,4.06,4.06,2081925
2026-08-12,UBL,UNITED BREWERIES LTD,1405.0,1405.5,1384.0,1388.3,1400.0,54951
2026-08-12,UNITEDTEA,UNITED NILGIRI TEA LTD,470.0,470.0,458.0,461.5,464.8,2820
2026-08-12,UNITDSPR,UNITED SPIRITS LIMITED,1546.6,1546.6,1518.1,1535.0,1548.7,450036
2026-08-12,UNIVCABLES,UNIVERSAL CABLES LTD,1680.1,1730.0,1664.5,1708.9,1669.4,173152
2026-08-12,UNOMINDA,UNO MINDA LIMITED,1275.0,1278.7,1232.4,1232.4,1275.0,520011
2026-08-12,UDS,UPDATER SERVICES LIMITED,208.0,211.0,201.61,210.06,208.28,507699
2026-08-12,UPL,UPL LIMITED,570.75,574.75,564.25,570.5,568.0,1452949
2026-08-12,URBANCO,URBAN COMPANY LIMITED,139.01,141.28,137.39,139.05,139.75,1683235
2026-08-12,URJA,URJA GLOBAL LIMITED,9.54,9.7,9.5,9.51,9.64,611562
2026-08-12,UMESLTD,USHA MARTIN EDU & SOL LTD,6.48,6.51,6.1,6.27,5.94,114107
2026-08-12,USHAMART,USHA MARTIN LTD.,514.4,516.0,499.0,502.9,509.9,415137
2026-08-12,UTIAMC,UTI ASSET MNGMT CO LTD,907.0,924.9,907.0,917.1,905.8,186050
2026-08-12,BANKBETA,UTIAMC-BANKBETA,59.24,59.96,59.24,59.88,59.38,24665
2026-08-12,GILT10BETA,UTIAMC-GILT10BETA,27.14,27.14,26.52,26.89,27.01,262
2026-08-12,GILT5BETA,UTIAMC-GILT5BETA,67.04,67.19,66.18,66.21,67.04,77
2026-08-12,ITBETA,UTIAMC-ITBETA,334.59,334.59,326.46,329.02,334.5,1305
2026-08-12,MIDCAPBETA,UTIAMC-MIDCAPBETA,237.64,239.9,235.93,239.83,237.02,820
2026-08-12,NEXT50BETA,UTIAMC-NEXT50BETA,81.18,81.18,80.0,80.29,80.43,97471
2026-08-12,NIFTYBETA,UTIAMC-NIFTYBETA,271.72,274.57,269.53,270.65,271.72,36036
2026-08-12,SENSEXBETA,UTIAMC-SENSEXBETA,869.0,870.0,857.75,863.94,866.54,2356
2026-08-12,SILVERBETA,UTIAMC-SILVERBETA,224.85,228.29,224.6,228.02,224.85,416324
2026-08-12,SNXT50BETA,UTIAMC-SNXT50BETA,95.89,97.2,95.61,95.65,96.37,2872
2026-08-12,GOLDBETA,UTIAMC-UTIGOLDBETA,124.6,129.95,124.6,128.75,127.8,678882
2026-08-12,UTKARSHBNK,UTKARSH SMALL FIN BANK L,14.05,14.24,13.95,14.11,14.0,3007783
2026-08-12,UTTAMSUGAR,UTTAM SUGAR MILLS LTD.,251.9,255.98,248.21,253.53,252.88,74239
2026-08-12,VGUARD,V-GUARD IND LTD.,323.8,336.7,321.9,331.75,324.3,1980024
2026-08-12,V2RETAIL,V2 RETAIL LIMITED,225.15,225.15,217.8,219.82,224.32,566703
2026-08-12,WABAG,VA TECH WABAG LTD,1950.0,1965.0,1875.0,1903.6,1950.1,821901
2026-08-12,VADILALIND,VADILAL INDUSTRIES LTD,7362.0,7362.0,7200.0,7246.5,7361.0,14261
2026-08-12,VAIBHAVGBL,VAIBHAV GLOBAL LIMITED,236.2,238.4,231.25,232.85,237.65,410352
2026-08-12,VAISHALI,VAISHALI PHARMA LIMITED,8.01,8.6,8.01,8.32,8.18,278492
2026-08-12,VAKRANGEE,VAKRANGEE LIMITED,5.98,6.0,5.91,5.95,6.0,959283
2026-08-12,VALIANTLAB,VALIANT LABORATORIES LTD,74.76,74.76,74.76,74.76,71.2,11746
2026-08-12,DBREALTY,VALOR ESTATE LIMITED,114.8,115.5,112.51,113.27,114.17,346535
2026-08-12,VHL,VARDHMAN HOLDINGS LIMITED,3491.0,3578.0,3491.0,3513.0,3487.1,416
2026-08-12,VARDMNPOLY,VARDHMAN POLYTEX LTD.,6.5,6.6,6.32,6.38,6.44,421044
2026-08-12,VSSL,VARDHMAN SPC STEEL LTD,332.6,341.0,326.45,331.1,332.7,123427
2026-08-12,VTL,VARDHMAN TEXTILES LIMITED,596.15,600.6,588.1,591.9,596.0,145328
2026-08-12,VARROC,VARROC ENGINEERING LTD.,840.0,864.9,826.05,836.15,842.15,467591
2026-08-12,VBL,VARUN BEVERAGES LIMITED,439.15,440.5,434.0,440.5,437.0,1837489
2026-08-12,VGL,VARVEE GLOBAL LIMITED,62.5,63.19,60.02,60.14,60.76,38093
2026-08-12,VASCONEQ,VASCON ENGINEERS LTD,32.4,32.45,29.53,31.26,32.03,1350368
2026-08-12,VASWANI,VASWANI IND LTD,51.52,53.49,51.52,52.07,51.37,19033
2026-08-12,VCL,VAXTEX COTFAB LIMITED,1.53,1.54,1.43,1.54,1.47,1932641
2026-08-12,MANYAVAR,VEDANT FASHIONS LIMITED,526.9,526.9,511.0,521.9,522.0,468600
2026-08-12,VAML,VEDANTA ALUMINIUM METAL L,464.65,476.95,460.1,461.45,463.5,10276140
2026-08-12,VISL,VEDANTA IRON AND STEEL L,38.8,40.7,38.55,39.08,38.81,65157004
2026-08-12,VEDL,VEDANTA LIMITED,276.25,281.0,273.0,275.8,275.0,10568708
2026-08-12,VOGL,VEDANTA OIL AND GAS LTD,39.7,40.26,38.0,38.4,39.67,71829639
2026-08-12,VEDPOWER,VEDANTA POWER LIMITED,36.5,37.15,36.36,36.75,36.61,22883820
2026-08-12,VEEDOL,VEEDOL CORPORATION LTD,1533.0,1550.0,1502.0,1513.4,1531.3,17376
2026-08-12,VENKEYS,VENKY S (INDIA) LIMITED,1575.0,1588.0,1504.0,1515.1,1537.8,133915
2026-08-12,VENTIVE,VENTIVE HOSPITALITY LTD,593.0,609.95,590.1,591.5,596.75,11394
2026-08-12,VENUSPIPES,VENUS PIPES & TUBES LTD,1595.1,1610.0,1545.0,1563.8,1597.3,88868
2026-08-12,VERANDA,VERANDA LEARNING SOL LTD,249.9,253.45,245.3,251.35,248.15,265678
2026-08-12,VESUVIUS,VESUVIUS INDIA LTD,459.95,465.3,453.5,456.95,457.15,73515
2026-08-12,VSTL,VIBHOR STEEL TUBES LTD,106.69,108.0,105.25,106.21,106.69,10586
2026-08-12,VIDHIING,VIDHI SPCLTY F INGRDNTS L,315.7,317.5,313.05,314.95,315.7,7118
2026-08-12,VIDYAWIRES,VIDYA WIRES LIMITED,97.8,97.8,92.81,92.81,97.69,1171868
2026-08-12,VIJAYA,VIJAYA DIAGNOSTIC CEN LTD,1428.2,1525.0,1421.1,1510.6,1428.2,1399910
2026-08-12,VIKASECO,VIKAS ECOTECH LIMITED,1.12,1.12,1.1,1.11,1.11,1944983
2026-08-12,VIKASLIFE,VIKAS LIFECARE LIMITED,1.27,1.27,1.25,1.25,1.26,1091905
2026-08-12,VIKRAMSOLR,VIKRAM SOLAR LIMITED,161.86,161.86,158.44,159.58,160.61,1311248
2026-08-12,VIKRAN,VIKRAN ENGINEERING LTD,67.0,68.88,65.5,66.12,73.64,7668032
2026-08-12,VIMTALABS,VIMTA LABS LIMITED,648.9,660.45,625.45,627.15,643.25,195048
2026-08-12,VINATIORGA,VINATI ORGANICS LTD,1310.0,1335.6,1300.2,1327.4,1315.3,275358
2026-08-12,VINDHYATEL,VINDHYA TELELINKS LTD,2429.0,2600.0,2412.9,2582.7,2429.0,174110
2026-08-12,VINEETLAB,VINEET LABORATORIES LTD,38.8,39.3,37.72,38.98,37.43,73758
2026-08-12,VINNY,VINNY OVERSEAS LIMITED,1.06,1.07,1.06,1.06,1.07,418561
2026-08-12,VINCOFE,VINTAGE COFFEE N BVRGS L,148.82,150.2,146.0,146.42,149.0,1172226
2026-08-12,VINYLINDIA,VINYL CHEMICALS (I) LTD.,242.14,244.0,239.61,243.12,242.08,4792
2026-08-12,VIPIND,VIP INDUSTRIES LTD,320.0,321.15,308.05,310.25,316.9,112036
2026-08-12,VIRINCHI,VIRINCHI LIMITED,15.3,15.62,15.05,15.2,15.29,83123
2026-08-12,VOEPL,VIRTUOSO OPTOELECTRONIC L,493.0,535.1,492.95,518.65,491.0,213883
2026-08-12,VIVIDHA,VISAGAR POLYTEX LTD,0.57,0.6,0.54,0.55,0.54,507391
2026-08-12,VISAKAIND,VISAKA INDUSTRIES LIMITED,100.22,102.0,98.16,98.76,100.21,498772
2026-08-12,VMM,VISHAL MEGA MART LIMITED,111.0,111.0,105.45,108.0,110.25,11426190
2026-08-12,VISHNU,VISHNU CHEMICALS LIMITED,590.0,596.25,582.5,589.45,587.15,87223
2026-08-12,VPRPL,VISHNU PRAKASH R PUNGLI L,40.31,40.4,35.55,37.25,40.69,2270413
2026-08-12,VISHWARAJ,VISHWARAJ SUGAR IND LTD,5.34,5.43,5.28,5.32,5.39,177684
2026-08-12,VIYASH,VIYASH SCIENTIFIC LIMITED,262.7,267.8,258.55,262.75,261.45,2076289
2026-08-12,VLSFINANCE,VLS FINANCE LTD,267.7,277.0,263.6,270.35,261.2,56004
2026-08-12,VMART,VMART RETAIL LTD,814.7,815.2,795.0,801.1,814.7,98907
2026-08-12,VMSTMT,VMS TMT LIMITED,50.02,51.99,49.5,49.88,50.02,335119
2026-08-12,IDEA,VODAFONE IDEA LIMITED,12.93,13.69,12.83,13.5,12.89,772547405
2026-08-12,VOLTAMP,VOLTAMP TRANSFORMERS LTD,10056.0,10110.0,9982.0,10007.0,10017.0,19049
2026-08-12,VOLTAS,VOLTAS LTD,1280.0,1290.0,1266.1,1290.0,1280.0,991550
2026-08-12,VRAJ,VRAJ IRON AND STEEL LTD,126.76,126.76,122.0,123.34,125.32,19611
2026-08-12,VRLLOG,VRL LOGISTICS LIMITED,305.25,310.2,298.15,300.9,305.25,581608
2026-08-12,VSTIND,VST INDUSTRIES LTD,218.96,219.46,217.8,218.2,218.96,136143
2026-08-12,VSTTILLERS,VST TILLERS TRACTORS LTD,4450.0,4475.4,4416.0,4441.5,4465.5,4692
2026-08-12,WPIL,W P I L LTD.,438.35,440.8,425.0,427.8,430.25,24423
2026-08-12,WSI,W.S.INDUSTRIES (I) LTD.,56.93,59.9,53.8,58.99,56.93,103443
2026-08-12,WAAREEENER,WAAREE ENERGIES LIMITED,2704.0,2709.1,2650.9,2668.0,2704.0,542431
2026-08-12,WAAREERTL,WAAREE RENEWABLE TECH LTD,903.0,904.5,894.0,894.55,904.65,88268
2026-08-12,WAKEFIT,WAKEFIT INNOVATIONS LTD,125.03,126.0,122.2,122.87,124.48,589186
2026-08-12,WALCHANNAG,WALCHANDNAGAR INDUSTRIES,237.4,242.0,229.4,232.26,232.8,1300831
2026-08-12,WANBURY,WANBURY LIMITED,243.5,271.95,230.0,262.75,254.3,2576174
2026-08-12,CORDELIA,WATERWAYS LEISURE TOUR L,833.75,837.5,818.45,825.5,833.75,82363
2026-08-12,TWCGOLDETF,WEALTH - TWCGOLDETF,150.51,152.51,150.51,152.44,151.59,16184
2026-08-12,WEALTH,WEALTH FRST PORT. MG. LTD,922.35,947.0,922.35,933.7,932.2,689
2026-08-12,WEBELSOLAR,WEBSOL ENERGY SYSTEM LTD,85.29,87.8,85.29,85.29,89.77,4071727
2026-08-12,WEIZMANIND,WEIZMANN LTD,77.98,78.49,77.5,77.94,77.98,888
2026-08-12,WELCORP,WELSPUN CORP LIMITED,1844.4,1873.0,1840.0,1867.6,1836.9,583807
2026-08-12,WELENT,WELSPUN ENTERPRISES LTD.,574.5,579.5,568.0,574.05,572.3,122967
2026-08-12,WELSPUNLIV,WELSPUN LIVING LIMITED,159.99,165.8,159.26,165.23,159.66,2292744
2026-08-12,WELSPLSOL,WELSPUN SPECIALTY SOL L,48.37,48.37,47.5,47.66,48.08,156451
2026-08-12,WENDT,WENDT (INDIA) LIMITED,8025.0,8070.5,7920.0,7954.5,8017.0,3855
2026-08-12,WSTCSTPAPR,WEST COAST PAPER MILLS LT,602.05,645.0,574.0,624.55,597.1,2906450
2026-08-12,WCIL,WESTERN CARRIERS (IND) L,86.2,86.8,85.0,85.59,86.11,40440
2026-08-12,WESTLIFE,WESTLIFE FOODWORLD LTD,583.45,599.1,571.3,594.7,583.45,83844
2026-08-12,WEWORK,WEWORK INDIA MANAGEMENT L,717.0,724.15,704.05,708.6,719.95,85704
2026-08-12,WHEELS,WHEELS INDIA LTD,1387.0,1421.1,1347.3,1360.0,1382.4,88919
2026-08-12,WHIRLPOOL,WHIRLPOOL OF INDIA LTD,800.0,800.0,782.1,790.15,795.05,153449
2026-08-12,WILLAMAGOR,WILLIAMSON MAGOR,26.8,26.8,25.85,26.25,25.4,517
2026-08-12,WINDLAS,WINDLAS BIOTECH LIMITED,944.9,957.6,887.3,894.7,943.1,157341
2026-08-12,WINDMACHIN,WINDSOR MACHINES LIMITED,302.2,314.6,295.15,305.1,302.6,203775
2026-08-12,WIPRO,WIPRO LTD,184.51,185.0,181.91,183.94,184.6,8624548
2026-08-12,WOCKPHARMA,WOCKHARDT LIMITED,1910.0,1915.0,1840.0,1847.4,1909.4,577896
2026-08-12,WEL,WONDER ELECTRICALS LTD,134.5,139.6,131.5,135.04,134.5,1436570
2026-08-12,WONDERLA,WONDERLA HOLIDAYS LTD.,479.1,480.3,468.8,470.05,481.5,142721
2026-08-12,WORTHPERI,WORTH PERIPHERALS LIMITED,158.5,165.79,155.06,157.13,155.17,33723
2026-08-12,XCHANGING,XCHANGING SOLUTIONS LTD,68.99,68.99,66.7,67.07,68.44,84472
2026-08-12,XELPMOC,XELPMOC DESIGN & TECH LTD,81.26,82.5,79.0,79.78,81.66,10695
2026-08-12,XPROINDIA,XPRO INDIA LIMITED,1127.9,1147.0,1085.5,1092.0,1127.9,46224
2026-08-12,XTGLOBAL,XTGLOBAL INFOTECH LIMITED,31.52,32.0,31.21,31.91,31.17,65103
2026-08-12,YASHO,YASHO INDUSTRIES LIMITED,4390.0,4390.0,4207.0,4213.0,4306.4,20489
2026-08-12,YATHARTH,YATHARTH HOSP & TRA C S L,862.6,880.0,856.05,868.85,865.7,431376
2026-08-12,YATRA,YATRA ONLINE LIMITED,115.0,120.4,113.15,118.99,114.31,8462912
2026-08-12,YESBANK,YES BANK LIMITED,22.75,22.98,22.62,22.98,22.75,68269921
2026-08-12,YUKEN,YUKEN INDIA LIMITED,799.0,864.4,797.7,846.2,805.2,37575
2026-08-12,ZFSTEERING,Z F STEERING GEAR (I) LTD,665.6,672.0,650.05,667.3,661.6,3415
2026-08-12,ZAGGLE,ZAGGLE PREPA OCEAN SER L,207.5,207.5,198.5,201.71,203.64,697796
2026-08-12,ZEEL,ZEE ENTERTAINMENT ENT LTD,92.5,98.85,90.26,97.52,91.56,45453756
2026-08-12,ZEEMEDIA,ZEE MEDIA CORPORATION LTD,7.05,7.2,6.91,7.15,7.05,1380313
2026-08-12,ZENTEC,ZEN TECHNOLOGIES LIMITED,1826.0,1853.0,1810.1,1824.3,1819.8,502987
2026-08-12,ZENITHEXPO,ZENITH EXPORTS LTD,257.34,257.34,238.52,238.52,251.07,1223
2026-08-12,ZENITHSTL,ZENITH STEEL PIP IND LTD,5.5,5.62,5.42,5.54,5.41,34701
2026-08-12,ZENSARTECH,ZENSAR TECHNOLOGIES  LTD,502.85,503.0,489.8,494.45,500.6,477614
2026-08-12,GOLDCASE,ZERODHAAMC - GOLDCASE,24.18,24.19,23.94,24.08,23.91,7516321
2026-08-12,LIQUIDCASE,ZERODHAAMC - LIQUIDCASE,115.42,115.44,115.42,115.43,115.41,14897272
2026-08-12,LTGILTCASE,ZERODHAAMC - LTGILTCASE,30.7,30.7,30.55,30.64,30.58,27236
2026-08-12,MID150CASE,ZERODHAAMC - MID150CASE,11.87,11.87,11.7,11.8,11.79,1235831
2026-08-12,NIFTYCASE,ZERODHAAMC - NIFTYCASE,9.92,9.92,9.76,9.8,9.82,399468
2026-08-12,SILVERCASE,ZERODHAAMC - SILVERCASE,24.15,24.15,23.59,23.93,23.57,11902596
2026-08-12,SML100CASE,ZERODHAAMC - SML100CASE,11.57,11.57,11.26,11.28,11.29,582754
2026-08-12,TOP100CASE,ZERODHAAMC - TOP100CASE,10.97,10.97,10.7,10.73,10.77,545277
2026-08-12,ZFCVINDIA,ZF COM VE CTR SYS IND LTD,2615.0,2644.7,2605.3,2613.4,2615.0,38354
2026-08-12,ZODIACLOTH,ZODIAC CLOTHING CO. LTD.,76.0,78.47,75.52,77.13,77.25,8032
2026-08-12,ZODIAC,ZODIAC ENERGY LIMITED,250.0,253.95,244.1,245.15,250.95,7638
2026-08-12,ZOTA,ZOTA HEALTH CARE LIMITED,1266.8,1274.9,1236.1,1249.6,1257.6,209617
2026-08-12,ZUARI,ZUARI AGRO CHEMICALS LTD,226.6,226.6,218.05,219.45,225.42,111345
2026-08-12,ZUARIIND,ZUARI INDUSTRIES LIMITED,257.0,267.45,256.55,265.95,258.3,38173
2026-08-12,ZYDUSLIFE,ZYDUS LIFESCIENCES LTD,1190.0,1205.0,1151.0,1205.0,1191.0,4567528
2026-08-12,ZYDUSWELL,ZYDUS WELLNESS LIMITED,507.95,512.0,501.95,507.55,506.1,217895
