date,symbol,name,open,high,low,close,prev_close,volume
2026-09-08,20MICRONS,20 MICRONS LTD,226.0,227.23,218.79,219.28,224.8,108144
2026-09-08,21STCENMGM,21ST CENTURY MGMT SERVICE,38.7,39.04,38.29,38.59,38.28,4103
2026-09-08,360ONE,360 ONE WAM LIMITED,1125.0,1128.2,1104.3,1110.0,1136.9,1123388
2026-09-08,GOLD360,360ONEAMC - GOLD360,148.4,149.55,147.55,148.25,147.85,11492
2026-09-08,MSCI360,360ONEAMC - MSCI360,10.12,10.12,10.02,10.02,10.07,1670
2026-09-08,SILVER360,360ONEAMC - SILVER360,227.01,229.95,226.2,227.28,226.55,8908
2026-09-08,3BBLACKBIO,3B BLACKBIO DX LTD.,1563.0,1569.5,1428.1,1455.3,1521.3,26241
2026-09-08,3MINDIA,3M INDIA LIMITED,32840.0,33330.0,32620.0,33145.0,32840.0,2158
2026-09-08,3PLAND,3P LAND HOLDINGS LIMITED,32.15,32.5,31.8,32.4,32.15,3698
2026-09-08,5PAISA,5PAISA CAPITAL LIMITED,337.0,342.0,335.0,337.4,339.85,16944
2026-09-08,63MOONS,63 MOONS TECHNOLOGIES LTD,881.4,899.4,860.2,868.25,872.7,536543
2026-09-08,ABCOTS,A B COTSPIN INDIA LIMITED,214.7,214.7,203.1,207.99,212.01,7227
2026-09-08,ABMKNO,A B M KNOWLEDGEWARE LTD.,189.98,189.98,183.6,187.13,189.64,913
2026-09-08,AKCAPIT,A K CAPITAL SERVICES LTD.,1751.9,1775.0,1738.1,1772.2,1733.5,628
2026-09-08,A2ZINFRA,A2Z INFRA ENGINEERING LTD,15.56,16.0,15.5,15.8,15.76,117039
2026-09-08,AAATECH,AAA TECHNOLOGIES LIMITED,92.07,93.42,91.65,92.64,92.07,6650
2026-09-08,AADHARHFC,AADHAR HOUSING FINANCE L,477.15,482.95,468.2,479.65,478.95,279151
2026-09-08,AAKASH,AAKASH EXPLORATION SER L,8.7,8.7,8.25,8.49,8.59,73817
2026-09-08,AAREYDRUGS,AAREY DRUGS & PHARM LTD,98.47,99.2,94.21,98.03,97.31,142520
2026-09-08,AARON,AARON INDUSTRIES LIMITED,123.35,126.02,123.35,125.01,125.54,6054
2026-09-08,AARTIDRUGS,AARTI DRUGS LTD.,421.5,427.9,419.2,421.5,423.0,60740
2026-09-08,AARTIIND,AARTI INDUSTRIES LTD,490.7,504.75,486.5,503.7,490.7,766682
2026-09-08,AARTIPHARM,AARTI PHARMALABS LIMITED,866.9,889.7,861.55,867.0,862.65,453073
2026-09-08,AARVI,AARVI ENCON LIMITED,143.02,143.96,140.67,142.16,143.36,16061
2026-09-08,AASTHA,AASTHA SPINTEX LIMITED,76.51,78.71,75.22,76.85,77.36,387228
2026-09-08,AAVAS,AAVAS FINANCIERS LIMITED,1300.0,1314.8,1290.0,1293.5,1306.2,35998
2026-09-08,ABANSENT,ABANS ENTERPRISES LTD.,28.39,28.39,27.21,27.77,28.39,2970
2026-09-08,AFSL,ABANS FINANCIAL SRVCS LTD,202.5,205.7,201.0,201.16,202.78,15736
2026-09-08,ABB,ABB INDIA LIMITED,7389.0,7472.0,7340.0,7387.0,7434.0,167057
2026-09-08,ABBOTINDIA,ABBOTT INDIA LIMITED,25860.0,26065.0,25440.0,25555.0,25940.0,11086
2026-09-08,ACC,ACC LIMITED,1267.9,1268.0,1255.7,1262.8,1268.7,116620
2026-09-08,ACCELYA,ACCELYA SOLN INDIA LTD,1122.4,1133.0,1121.0,1124.4,1127.1,4962
2026-09-08,ACEINTEG,ACE INTEGRATED SOLU. LTD.,17.17,18.39,17.17,17.37,17.54,1771
2026-09-08,ACMESOLAR,ACME SOLAR HOLDINGS LTD,413.15,417.65,404.45,412.6,413.15,1281765
2026-09-08,ACE,ACTION CONST EQUIP LTD,1122.2,1148.0,1105.0,1121.2,1113.2,238203
2026-09-08,ACUTAAS,ACUTAAS CHEMICALS LIMITED,3181.6,3235.5,3161.5,3182.1,3181.6,174805
2026-09-08,ADANIENSOL,ADANI ENERGY SOLUTION LTD,1390.4,1412.0,1370.0,1407.7,1390.4,1308434
2026-09-08,ADANIENT,ADANI ENTERPRISES LIMITED,2933.0,2968.8,2918.0,2953.1,2950.0,971374
2026-09-08,ADANIGREEN,ADANI GREEN ENERGY LTD,1288.0,1301.3,1275.5,1292.0,1288.0,678024
2026-09-08,ADANIPORTS,ADANI PORT & SEZ LTD,1694.0,1713.1,1685.2,1710.0,1694.3,1217135
2026-09-08,ADANIPOWER,ADANI POWER LTD,205.2,209.4,204.12,208.4,204.49,17837173
2026-09-08,ATGL,ADANI TOTAL GAS LIMITED,604.4,612.0,602.0,609.4,603.7,458452
2026-09-08,ADDIND,ADDI INDUSTRIES LTD.,82.9,83.0,75.26,79.87,80.81,279
2026-09-08,ADFFOODS,ADF FOODS LIMITED,267.0,274.35,261.85,273.7,266.15,228769
2026-09-08,ABSLAMC,ADIT BIRL SUN LIF AMC LTD,1040.0,1045.6,1024.1,1037.8,1041.9,65443
2026-09-08,ABCAPITAL,ADITYA BIRLA CAPITAL LTD.,400.0,401.0,394.45,396.95,403.25,3482938
2026-09-08,ABFRL,ADITYA BIRLA FASHION & RT,53.07,53.07,51.63,52.24,53.21,2646472
2026-09-08,ABLBL,ADITYA BIRLA LIFES BRAN L,85.29,85.56,84.05,84.52,85.55,303999
2026-09-08,BIRLAMONEY,ADITYA BIRLA MONEY LTD,125.8,125.93,124.25,124.85,125.96,23168
2026-09-08,ABREL,ADITYA BIRLA REAL EST LTD,1379.8,1380.0,1358.1,1372.1,1377.8,53107
2026-09-08,CPPLUS,ADITYA INFOTECH LIMITED,3762.5,3850.0,3690.0,3828.8,3752.9,169118
2026-09-08,AVL,ADITYA VISION LIMITED,604.0,617.0,589.95,614.6,599.25,157929
2026-09-08,BSLGOLDETF,ADITYBIRLA SL GOLD ETF-GR,134.02,135.24,133.34,133.97,133.82,592588
2026-09-08,BSLNIFTY,ADITYBIRLA SL NIF ETF-GR,28.62,28.62,27.76,27.88,27.93,630053
2026-09-08,ADOR,ADOR WELDING LTD,1645.0,1650.0,1600.0,1626.2,1644.1,44887
2026-09-08,ADROITINFO,ADROIT INFOTECH LIMITED,10.25,11.25,9.76,10.63,10.31,123641
2026-09-08,ADVAIT,ADVAIT ENRGY TRANSITION L,2111.9,2172.9,2084.7,2153.9,2096.4,66017
2026-09-08,ADVANCE,ADVANCE AGROLIFE LIMITED,118.14,118.14,114.58,115.53,116.43,79416
2026-09-08,ADVENZYMES,ADVANCED ENZYME TECH LTD,297.75,301.75,296.3,298.85,297.85,180305
2026-09-08,ADVANIHOTR,ADVANI HOT.& RES.(I) LTD,49.8,49.8,49.0,49.14,49.12,27336
2026-09-08,ADVENTHTL,ADVENT HOTELS INTERNATI L,132.19,134.24,129.0,132.78,133.19,300842
2026-09-08,ADVIKCA,ADVIK CAPITAL LTD.,1.1,1.1,1.06,1.07,1.1,819602
2026-09-08,RAMBHAJO,ADVIT JEWELS LIMITED,273.01,283.95,266.94,275.04,276.32,848380
2026-09-08,AEGISLOG,AEGIS LOGISTICS LIMITED,1253.8,1273.9,1232.0,1268.1,1253.7,316136
2026-09-08,AEGISVOPAK,AEGIS VOPAK TERMINALS LTD,285.0,291.8,284.0,290.65,285.35,584529
2026-09-08,AEQUS,AEQUS LIMITED,233.86,239.75,229.7,231.9,233.86,2864307
2026-09-08,AEROENTER,AEROFLEX ENTERPRISES LTD,157.0,159.6,150.25,152.65,154.73,1601272
2026-09-08,AEROFLEX,AEROFLEX INDUSTRIES LTD,561.65,584.15,545.1,573.5,558.15,1971688
2026-09-08,AERONEU,AEROFLEX NEU LIMITED,76.0,78.0,73.25,74.13,77.28,46937
2026-09-08,AETHER,AETHER INDUSTRIES LIMITED,1622.0,1647.6,1592.6,1642.9,1619.5,130630
2026-09-08,AFCONS,AFCONS INFRASTRUCTURE LTD,292.05,294.75,279.35,280.25,293.2,828684
2026-09-08,AFFLE,AFFLE 3I LIMITED,1622.2,1647.7,1593.1,1609.4,1623.2,146367
2026-09-08,AFFORDABLE,AFFORD ROBO & AUTO LTD,160.55,168.03,159.32,164.23,160.03,38881
2026-09-08,AGARIND,AGARWAL INDS CORP LTD.,436.75,449.65,432.1,440.9,440.2,47875
2026-09-08,AGI,AGI GREENPAC LIMITED,730.0,786.85,730.0,783.8,732.65,359947
2026-09-08,AGIIL,AGI INFRA LIMITED,276.55,276.55,270.05,271.65,277.15,297151
2026-09-08,AGRITECH,AGRI-TECH (INDIA) LIMITED,104.4,104.4,98.01,99.75,100.07,4390
2026-09-08,AGROPHOS,AGRO PHOS INDIA LIMITED,25.0,25.48,23.03,23.44,24.82,114226
2026-09-08,AHLADA,AHLADA ENGINEERS LIMITED,37.0,37.74,36.0,36.3,36.8,14208
2026-09-08,AHLUCONT,AHLUWALIA CONT IND LTD,595.0,609.0,592.1,607.15,597.05,45142
2026-09-08,AIAENG,AIA ENGINEERING LIMITED,4246.0,4283.4,4200.0,4259.0,4224.0,25860
2026-09-08,AIRAN,AIRAN LIMITED,16.67,17.95,16.25,17.15,16.44,568993
2026-09-08,AIROLAM,AIRO LAM LIMITED,88.8,90.5,86.0,88.67,86.22,11457
2026-09-08,AJANTPHARM,AJANTA PHARMA LIMITED,3513.4,3597.0,3483.3,3579.3,3513.6,112843
2026-09-08,AJAXENGG,AJAX ENGINEERING LIMITED,605.0,612.9,583.1,594.1,596.2,126111
2026-09-08,AJMERA,AJMERA REALTY & INF I LTD,116.43,119.9,116.02,118.1,117.54,329876
2026-09-08,AJOONI,AJOONI BIOTECH LIMITED,3.54,3.55,3.41,3.44,3.49,693541
2026-09-08,AKASH,AKASH INFRA-PROJECTS LTD,25.69,25.69,25.0,25.09,25.69,6216
2026-09-08,AKG,AKG EXIM LIMITED,9.39,9.95,9.38,9.83,9.38,13409
2026-09-08,AKI,AKI INDIA LIMITED,8.21,8.34,7.15,7.15,7.94,3982236
2026-09-08,AFIL,AKME FINTRADE (INDIA) LTD,9.15,9.28,9.02,9.07,9.14,338110
2026-09-08,AKSHAR,AKSHAR SPINTEX LIMITED,0.43,0.44,0.42,0.42,0.42,1977218
2026-09-08,AKUMS,AKUMS DRUGS AND PHARMA L,754.05,757.75,733.15,736.6,754.65,199035
2026-09-08,ALANKIT,ALANKIT LIMITED,8.04,8.23,7.85,7.99,8.16,95801
2026-09-08,ALBERTDAVD,ALBERT DAVID LIMITED,863.0,867.8,840.0,844.05,863.0,6478
2026-09-08,ALEMBICLTD,ALEMBIC LIMITED,109.1,112.08,107.24,109.73,108.05,1417837
2026-09-08,APLLTD,ALEMBIC PHARMA LTD,802.0,810.95,792.6,808.5,799.55,200271
2026-09-08,ALGOQUANT,ALGOQUANT FINTECH LIMITED,63.89,64.4,63.5,63.7,63.89,926998
2026-09-08,ALICON,ALICON CASTALLOY LIMITED,681.75,700.0,670.0,695.45,681.75,29919
2026-09-08,ALIVUS,ALIVUS LIFE SCIENCES LTD,1390.7,1399.8,1364.6,1372.0,1388.9,105792
2026-09-08,ALKALI,ALKALI METALS LTD,86.99,93.95,85.0,87.34,78.66,516831
2026-09-08,ALKEM,ALKEM LABORATORIES LTD.,5172.5,5206.5,5129.5,5181.0,5242.5,75997
2026-09-08,ALKYLAMINE,ALKYL AMINES CHEM. LTD,1999.9,2015.0,1960.1,1970.7,1986.3,55726
2026-09-08,ALLTIME,ALL TIME PLASTICS LIMITED,215.0,216.0,209.5,211.46,214.65,38728
2026-09-08,AGL,ALLCARGO GLOBAL LIMITED,13.57,16.23,13.55,16.02,13.58,54467549
2026-09-08,ALLCARGO,ALLCARGO LOGISTICS LTD,12.67,13.24,12.6,13.02,12.67,25792094
2026-09-08,ATL,ALLCARGO TERMINALS LTD,25.45,26.44,24.85,25.82,25.03,362830
2026-09-08,ALLDIGI,ALLDIGI TECH LIMITED,810.3,813.6,801.55,804.9,810.3,4118
2026-09-08,ABDL,ALLIED BLEND N DISTILS L,600.95,603.0,591.35,594.5,600.0,204726
2026-09-08,ADSL,ALLIED DIGITAL SERV. LTD,101.55,102.0,99.75,101.23,101.46,91732
2026-09-08,ALMONDZ,ALMONDZ GLOBAL SEC LTD,19.95,20.0,19.02,19.61,19.2,368472
2026-09-08,ALOKINDS,ALOK INDUSTRIES LIMITED,7.64,7.89,7.38,7.46,7.6,28757241
2026-09-08,ALPA,ALPA LABORATORIES LTD,62.0,65.0,61.7,63.17,62.17,28762
2026-09-08,ALPINETEX,ALPINE TEXWORLD LIMITED,63.17,64.75,62.0,62.6,63.17,266877
2026-09-08,ALUFLUOR,ALUFLUORIDE LTD.,502.5,506.0,498.0,503.75,499.15,5727
2026-09-08,AMAGI,AMAGI MEDIA LABS LIMITED,568.15,578.85,564.5,576.15,575.15,161239
2026-09-08,AMAL,AMAL LTD.,764.0,764.0,745.15,757.85,758.85,4498
2026-09-08,ARE&M,AMARA RAJA ENERGY MOB LTD,842.95,845.1,834.15,837.8,842.95,289450
2026-09-08,AMARJOTHI,AMARJOTHI SPINNING MILL L,161.0,162.9,161.0,161.05,160.0,574
2026-09-08,AMBER,AMBER ENTERPRISES (I) LTD,7405.5,7430.5,7278.0,7308.0,7439.0,137462
2026-09-08,AMBICAAGAR,AMBICA AGAR & AROMAINDLTD,27.0,27.2,25.01,25.44,26.83,42539
2026-09-08,AMBIKCO,AMBIKA COTTON MILL LTD.,1658.9,1658.9,1613.5,1631.9,1642.8,19513
2026-09-08,AMBUJACEM,AMBUJA CEMENTS LTD,398.0,400.95,395.15,398.3,398.6,986589
2026-09-08,AMDIND,AMD INDUSTRIES LIMITED,61.99,61.99,59.01,60.02,60.3,34539
2026-09-08,AMNPLST,AMINES & PLASTICIZERS LTD,173.7,173.7,165.52,167.82,168.22,5113
2026-09-08,AEROPLANE,AMIR CHAND JAG KUM (E) L,197.0,202.0,193.36,199.31,198.03,592688
2026-09-08,AMJLAND,AMJ LAND HOLDINGS LIMITED,39.7,39.71,37.3,39.05,39.08,19625
2026-09-08,AMRUTANJAN,AMRUTAJAN HEALTH LTD,503.0,503.85,493.0,500.45,500.3,42167
2026-09-08,ARSSBL,ANAND RATHI SH N STK BR L,513.05,515.55,508.4,513.65,516.3,101733
2026-09-08,ANANDRATHI,ANAND RATHI WEALTH LTD,2235.0,2235.0,2202.9,2229.5,2224.0,119591
2026-09-08,ANANTRAJ,ANANT RAJ LIMITED,641.0,641.0,623.05,625.85,638.25,1005063
2026-09-08,ACL,ANDHRA CEMENTS LIMITED,43.96,43.97,42.0,42.29,43.49,29632
2026-09-08,ANDHRAPAP,ANDHRA PAPER LIMITED,73.91,79.79,67.0,72.09,72.2,29596575
2026-09-08,ANDHRSUGAR,ANDHRA SUGARS LTD,99.99,100.99,97.01,98.79,99.4,505786
2026-09-08,ANDREWYU,ANDREW YULE & CO. LTD.,27.35,27.79,26.8,27.18,27.35,60113
2026-09-08,ANGELONE,ANGEL ONE LIMITED,303.8,304.15,296.5,298.0,303.8,2591770
2026-09-08,ANIKINDS,ANIK INDUSTRIES LTD,44.77,45.9,44.51,45.21,44.77,7198
2026-09-08,APCL,ANJANI PORTLAND CEM LTD,100.0,101.96,100.0,100.32,99.93,5545
2026-09-08,AHCL,ANLON HEALTHCARE LIMITED,15.54,15.69,15.41,15.61,15.48,1454613
2026-09-08,ANMOL,ANMOL INDIA LIMITED,10.49,11.48,10.0,11.38,10.09,221539
2026-09-08,ANNAPURNA,ANNAPURNA SWADISHT LTD,143.8,143.86,138.59,139.9,143.8,41641
2026-09-08,ANSALBU,ANSAL BUILDWELL LTD.,89.99,89.99,80.0,82.5,79.24,1815
2026-09-08,ANTGRAPHIC,ANTARCTICA LTD,0.75,0.75,0.71,0.72,0.73,360294
2026-09-08,ANTELOPUS,ANTELOPUS SELAN ENRGY LTD,987.5,1127.5,971.4,1099.15,985.3,9401224
2026-09-08,ANTHEM,ANTHEM BIOSCIENCES LTD,939.2,959.9,920.0,957.8,933.5,898858
2026-09-08,AWHCL,ANTONY WASTE HDG CELL LTD,370.5,372.45,361.0,365.75,370.5,73249
2026-09-08,ANUHPHR,ANUH PHARMA LIMITED,92.0,99.5,91.79,95.53,90.29,1749719
2026-09-08,ANURAS,ANUPAM RASAYAN INDIA LTD,1243.9,1245.5,1222.5,1233.4,1233.6,137762
2026-09-08,AONEGOLD,AONEAMC - AONEGOLD,14.45,14.45,14.15,14.2,14.19,152998
2026-09-08,AONELIQUID,AONEAMC - AONELIQUID,1075.94,1075.95,1075.92,1075.94,1075.79,29072
2026-09-08,AONENIFTY,AONEAMC - AONENIFTY,9.58,9.96,9.58,9.79,9.83,396075
2026-09-08,AONESILVER,AONEAMC - AONESILVER,8.85,8.98,8.81,8.82,8.79,236317
2026-09-08,AONETMMQ50,AONEAMC - AONETMMQ50,10.36,10.4,10.3,10.35,10.31,70002
2026-09-08,AONETOTAL,AONEAMC - AONETOTAL,11.99,11.99,11.8,11.81,11.84,195028
2026-09-08,APARINDS,APAR INDUSTRIES LTD.,17789.0,17812.0,17372.0,17635.0,17728.0,114178
2026-09-08,APCOTEXIND,APCOTEX INDUSTRIES LIMITE,630.05,633.05,601.0,612.15,631.6,262125
2026-09-08,APEX,APEX FROZEN FOODS LIMITED,366.5,387.95,366.05,384.2,368.2,296621
2026-09-08,APLAPOLLO,APL APOLLO TUBES LTD,2204.6,2204.8,2165.0,2185.0,2215.0,922548
2026-09-08,APOLLOHOSP,APOLLO HOSPITALS ENTER. L,8761.5,8850.0,8745.0,8837.5,8760.0,324848
2026-09-08,APOLLO,APOLLO MICRO SYSTEMS LTD,408.0,424.0,405.8,417.9,403.95,15479622
2026-09-08,APOLLOPIPE,APOLLO PIPES LIMITED,600.6,603.95,586.2,591.2,601.0,87773
2026-09-08,APOLSINHOT,APOLLO SINDOORI HOTEL LTD,1204.9,1218.9,1201.4,1209.1,1204.9,372
2026-09-08,APOLLOTYRE,APOLLO TYRES LTD,420.8,421.2,410.05,411.5,420.8,568041
2026-09-08,APOORVA,APOORVA LEAS F & INV C L,25.25,26.51,25.0,25.3,25.25,1205
2026-09-08,APTUS,APTUS VALUE HSG FIN I LTD,256.0,257.86,252.1,256.96,256.89,511661
2026-09-08,AQYLON,AQYLON NEXUS LIMITED,23.53,24.65,22.37,23.1,23.54,2178820
2026-09-08,ACI,ARCHEAN CHEMICAL IND LTD,512.0,512.0,483.65,484.7,509.35,688998
2026-09-08,ADL,ARCHIDPLY DECOR LIMITED,74.85,75.0,72.55,74.69,72.57,176
2026-09-08,ARCHIDPLY,ARCHIDPLY IND. LTD,104.66,105.25,102.0,103.77,103.62,24405
2026-09-08,ARCHIES,ARCHIES LTD,12.95,13.22,12.89,13.14,12.88,11407
2026-09-08,ARCL,ARCL ORGANICS LTD.,222.2,239.8,222.2,224.92,233.87,905
2026-09-08,ARDEE,ARDEE INDUSTRIES LIMITED,56.2,56.2,54.51,54.74,56.09,3009161
2026-09-08,ARFIN,ARFIN INDIA LIMITED,97.0,97.16,91.03,91.36,95.27,1199300
2026-09-08,ARIHANTCAP,ARIHANT CAPITAL MKTS LTD,78.7,78.88,77.18,78.54,78.36,80820
2026-09-08,ARIHANT,ARIHANT FOUN & HOU LTD,932.55,959.3,910.4,919.55,961.25,922
2026-09-08,ARIHANTSUP,ARIHANT SUPERSTRUCT LTD,234.1,239.1,231.65,232.6,233.75,1802
2026-09-08,ARIS,ARISINFRA SOLUTIONS LTD,134.52,134.52,126.0,127.22,126.32,3067027
2026-09-08,ARKADE,ARKADE DEVELOPERS LIMITED,124.0,125.99,122.5,123.09,124.82,94801
2026-09-08,ARMANFIN,ARMAN FIN SERV LTD,2025.0,2050.1,2001.0,2037.5,2033.8,14516
2026-09-08,AROGRANITE,ARO GRANITE IND. LTD.,24.5,24.95,23.86,24.1,24.29,10845
2026-09-08,ARTNIRMAN,ART NIRMAN LIMITED,40.41,41.1,40.41,40.41,40.21,6
2026-09-08,AEPL,ARTEMIS ELECTRICALS & P L,18.1,18.5,17.08,18.11,18.02,46457
2026-09-08,ARTEMISMED,ARTEMIS MED SERVICE LTD,347.5,350.0,338.6,342.05,343.5,474334
2026-09-08,ARVEE,ARVEE LABORATORIES I LTD,164.74,196.71,163.61,193.74,163.93,59140
2026-09-08,ARVINDFASN,ARVIND FASHIONS LIMITED,441.3,443.05,430.0,440.35,439.2,107507
2026-09-08,ARVIND,ARVIND LIMITED,560.65,584.3,555.8,581.35,564.5,1015936
2026-09-08,ARVSMART,ARVIND SMARTSPACES LTD,648.2,653.55,626.0,629.65,646.8,40077
2026-09-08,ARYAMAN,ARYAMAN FINANCIAL SERV L,639.0,639.0,639.0,639.0,630.0,1
2026-09-08,ASAHIINDIA,ASAHI INDIA GLASS LIMITED,954.95,963.9,950.0,955.6,954.65,89970
2026-09-08,ASHAPURMIN,ASHAPURA MINECHEM LTD,535.9,559.95,535.9,549.35,538.15,373033
2026-09-08,ASHIANA,ASHIANA HOUSING LTD,350.4,350.85,345.0,346.3,349.75,18213
2026-09-08,ASHIMASYN,ASHIMA LTD,17.6,17.61,17.3,17.36,17.75,100643
2026-09-08,ASHOKLEY,ASHOK LEYLAND LTD,170.0,170.17,167.75,169.0,170.0,7997004
2026-09-08,ASHOKA,ASHOKA BUILDCON LTD,115.46,115.6,113.56,114.27,115.5,633887
2026-09-08,ASHOKAMET,ASHOKA METCAST LIMITED,14.5,15.25,14.04,14.44,14.3,61968
2026-09-08,ASIANENE,ASIAN ENERGY SERVICES LTD,519.0,565.7,507.6,553.55,511.8,1715686
2026-09-08,ASIANTILES,ASIAN GRANITO IND. LTD.,49.45,50.5,49.41,50.04,49.85,2076110
2026-09-08,AHLEAST,ASIAN HOTELS (EAST) LTD,137.01,138.51,134.25,135.38,135.82,10422
2026-09-08,ASIANHOTNR,ASIAN HOTELS (NORTH) LTD,388.8,423.8,384.8,405.75,382.65,142759
2026-09-08,ASIANPAINT,ASIAN PAINTS LIMITED,2499.0,2499.0,2474.1,2481.6,2500.9,373248
2026-09-08,ASTAR,ASIAN STAR CO. LTD.,590.0,597.0,590.0,596.95,597.9,18
2026-09-08,ASIANTNE,ASIAN TEA & EXPORTS LTD.,9.89,9.89,9.37,9.69,9.5,1503
2026-09-08,ASKAUTOLTD,ASK AUTOMOTIVE LIMITED,609.0,621.0,601.2,610.15,611.5,464451
2026-09-08,ASPINWALL,ASPINWALL & CO LTD,255.05,256.95,253.8,254.15,260.65,416
2026-09-08,ASALCBR,ASSO ALCOHOLS & BREW LTD,708.0,710.2,689.95,696.15,707.8,38235
2026-09-08,ASTEC,ASTEC LIFESCIENCES LTD,551.2,662.8,551.2,662.8,552.35,1270916
2026-09-08,ASTERDM,ASTER DM QUALITY CARE LTD,795.65,795.65,782.6,790.35,795.65,537709
2026-09-08,ASTRAMICRO,ASTRA MICROWAVE LTD,1748.0,1783.3,1708.3,1757.3,1711.6,793737
2026-09-08,ASTRAL,ASTRAL LIMITED,1498.2,1507.4,1485.0,1500.8,1498.2,613597
2026-09-08,ASTRAZEN,ASTRAZENECA PHARMA IND LT,6860.0,6924.0,6830.0,6875.5,6851.0,2698
2026-09-08,ATALREAL,ATAL REALTECH LIMITED,26.01,26.07,21.2,21.2,26.5,10577296
2026-09-08,ATAM,ATAM VALVES LIMITED,54.55,55.98,54.54,55.34,54.27,7609
2026-09-08,ATHERENERG,ATHER ENERGY LIMITED,1607.3,1613.4,1568.0,1578.0,1599.3,2413864
2026-09-08,ATLANTAELE,ATLANTA ELECTRICALS LTD,1940.1,1948.0,1882.3,1922.3,1938.1,151171
2026-09-08,ATLANTAA,ATLANTAA LIMITED,37.8,39.02,36.92,38.3,37.66,71064
2026-09-08,ATLASCYCLE,ATLAS CYCLE (HARYANA) LTD,95.6,113.38,95.0,113.03,94.49,1077562
2026-09-08,ATULAUTO,ATUL AUTO LIMITED,460.05,463.9,457.3,458.9,459.1,80477
2026-09-08,ATUL,ATUL LTD,6335.0,6356.5,6305.0,6314.5,6312.5,12993
2026-09-08,AUBANK,AU SMALL FINANCE BANK LTD,1055.7,1074.8,1051.4,1073.7,1053.0,1353347
2026-09-08,AUGMONT,AUGMONT ENTERPRISES LTD,899.0,909.95,882.8,893.4,891.6,693093
2026-09-08,AURIONPRO,AURIONPRO SOLN LTD,673.0,684.3,667.75,672.1,668.7,115133
2026-09-08,AUROPHARMA,AUROBINDO PHARMA LTD,1660.5,1698.8,1655.0,1692.0,1660.0,1055813
2026-09-08,AURUM,AURUM PROPTECH LIMITED,225.85,228.0,223.78,227.26,225.14,56616
2026-09-08,AURUS,AURUS GEM CORP LIMITED,4.94,4.94,4.73,4.78,4.94,24602
2026-09-08,AUSOMENT,AUSOM ENTERPRISE LIMITED,161.0,161.0,152.56,155.86,156.21,6145
2026-09-08,AUSTENG,AUSTIN ENGINEERING CO. L,125.95,129.5,121.0,121.41,125.0,11816
2026-09-08,AIIL,AUTHUM INVEST & INFRA LTD,517.0,529.6,510.55,526.2,514.95,142504
2026-09-08,AUTOIND,AUTOLINE INDUSTRIES LTD,85.0,87.78,84.21,87.03,84.73,227265
2026-09-08,ACGL,AUTOMOBILE CORPN OF GOA L,1822.0,1822.0,1762.7,1780.5,1799.4,246
2026-09-08,AUTOAXLES,AUTOMOTIVE AXLES LIMITED,1666.6,1685.0,1658.1,1664.4,1666.6,4754
2026-09-08,ASAL,AUTOMOTIVE STAMPINGS & AS,470.0,472.0,466.0,468.45,470.1,10901
2026-09-08,AVADHSUGAR,AVADH SUG & ENERGY LTD,839.7,844.5,825.0,836.25,839.7,59362
2026-09-08,AVALON,AVALON TECHNOLOGIES LTD,2350.0,2360.0,2280.8,2290.3,2352.5,355629
2026-09-08,AVANCE,AVANCE TECHNOLOGIES LTD.,0.84,0.85,0.83,0.84,0.83,3518500
2026-09-08,AVANTEL,AVANTEL LIMITED,156.97,160.6,156.0,156.44,156.74,942769
2026-09-08,AVANTIFEED,AVANTI FEEDS LIMITED,786.95,847.9,784.75,837.15,786.55,1080144
2026-09-08,DMART,AVENUE SUPERMARTS LIMITED,3697.1,3743.0,3680.5,3720.2,3710.0,500898
2026-09-08,CCAVENUE,AVENUESAI LIMITED,16.0,16.1,15.29,15.36,15.94,10150351
2026-09-08,AVONMORE,AVONMORE CAP&MGT SERV LTD,14.35,14.35,14.0,14.06,14.1,152135
2026-09-08,AVROIND,AVRO INDIA LIMITED,8.4,8.88,8.19,8.58,8.5,820338
2026-09-08,AVTNPL,AVT NATURAL PRODUCTS LTD,90.96,91.58,88.9,90.35,90.1,162418
2026-09-08,AWFIS,AWFIS SPACE SOLUTIONS LTD,254.0,255.85,250.1,253.0,255.2,167070
2026-09-08,AWL,AWL AGRI BUSINESS LIMITED,187.95,188.31,186.0,187.52,188.27,819467
2026-09-08,AXISBANK,AXIS BANK LIMITED,1262.8,1264.9,1239.5,1244.9,1266.0,3623260
2026-09-08,ENERGYAXIS,AXISAMC - ENERGYAXIS,19.03,19.8,19.03,19.18,19.03,20874
2026-09-08,BNKETFAXIS,AXISAMC-BNKETFAXIS,588.11,589.35,585.07,585.23,588.11,883
2026-09-08,CONSUMAXIS,AXISAMC-CONSUMAXIS,119.07,119.67,116.0,119.07,119.07,2055
2026-09-08,GOLDAXIS,AXISAMC-GOLDAXIS,127.0,127.67,126.3,126.86,126.22,2600077
2026-09-08,HEALTHAXIS,AXISAMC-HEALTHAXIS,168.0,169.68,168.0,169.31,168.11,989
2026-09-08,ITAXIS,AXISAMC-ITAXIS,329.0,331.5,328.05,329.35,330.42,1294
2026-09-08,NIFTYAXIS,AXISAMC-NIFTYAXIS,267.6,267.6,262.15,262.77,263.61,413555
2026-09-08,SENSEXAXIS,AXISAMC-SENSEXAXIS,79.77,79.77,78.5,78.74,78.99,1850
2026-09-08,SILVERAXIS,AXISAMC-SILVERAXIS,233.44,233.44,228.71,229.96,228.63,517480
2026-09-08,VALUEAXIS,AXISAMC-VALUEAXIS,32.2,33.03,32.2,32.62,32.8,19912
2026-09-08,AXISCADES,AXISCADES TECH LTD,1778.0,1861.0,1778.0,1848.6,1778.0,309618
2026-09-08,AXITA,AXITA COTTON LIMITED,8.03,8.04,7.97,7.99,8.0,573251
2026-09-08,AXTEL,AXTEL INDUSTRIES LTD.,390.0,411.85,388.0,408.85,391.65,2822
2026-09-08,AYE,AYE FINANCE LIMITED,185.37,188.83,183.51,184.78,184.06,556286
2026-09-08,AYMSYNTEX,AYM SYNTEX LIMITED,316.85,330.0,311.4,320.1,315.2,137382
2026-09-08,AZAD,AZAD ENGINEERING LIMITED,2885.0,2885.8,2800.0,2822.1,2868.0,256205
2026-09-08,AZADIND,AZAD INDIA MOBILITY LTD.,90.25,91.0,89.0,89.86,89.88,43050
2026-09-08,BBTCL,B&B TRIPLEWALL CONT LTD,229.55,235.0,225.55,229.89,231.6,4569
2026-09-08,BAGFILMS,B.A.G FILMS AND MEDIA LTD,4.81,4.88,4.64,4.7,4.81,121873
2026-09-08,BLKASHYAP,B.L.KASHYAP & SON LTD,57.05,57.29,55.92,56.8,56.85,295619
2026-09-08,STYLEBAAZA,BAAZAR STYLE RETAIL LTD,401.3,401.45,386.05,387.3,399.5,404411
2026-09-08,BAIDFIN,BAID FINSERV LIMITED,11.05,12.95,11.02,12.05,10.89,1092523
2026-09-08,BAJAJ-AUTO,BAJAJ AUTO LIMITED,11727.0,11883.0,11716.0,11880.0,11800.0,192942
2026-09-08,BAJAJCON,BAJAJ CONSUMER CARE LTD,526.0,527.6,512.0,514.1,526.0,589132
2026-09-08,BAJAJELEC,BAJAJ ELECT.LTD,341.05,341.85,335.0,339.95,342.1,97393
2026-09-08,BAJFINANCE,BAJAJ FINANCE LIMITED,1058.8,1059.6,1050.0,1054.1,1060.0,3608327
2026-09-08,BAJAJFINSV,BAJAJ FINSERV LTD.,1938.6,1951.9,1933.0,1938.1,1938.6,707710
2026-09-08,BAJAJHCARE,BAJAJ HEALTHCARE LIMITED,328.85,338.7,328.85,336.7,328.8,196328
2026-09-08,BAJAJHIND,BAJAJ HINDUSTHAN SUGAR LT,22.8,23.17,22.4,22.66,22.77,22885945
2026-09-08,BAJAJHLDNG,BAJAJ HOLDINGS & INVS LTD,11094.0,11124.0,10970.0,11046.0,10956.0,28503
2026-09-08,BAJAJHFL,BAJAJ HOUSING FINANCE LTD,83.51,84.2,82.58,84.01,84.04,3509185
2026-09-08,BAJAJST,BAJAJ STEEL INDS. LTD.,365.6,369.7,361.75,365.0,366.4,3242
2026-09-08,BAJEL,BAJEL PROJECTS LIMITED,187.3,187.3,182.12,183.62,187.45,105390
2026-09-08,BALPHARMA,BAL PHARMA LTD.,93.78,97.6,93.0,95.38,92.69,126694
2026-09-08,BALAMINES,BALAJI AMINES LIMITED,2575.0,2581.2,2452.0,2475.4,2566.8,202112
2026-09-08,BALAJITELE,BALAJI TELEFILMS LIMITED.,92.82,95.0,91.9,93.42,91.81,310562
2026-09-08,BALAXI,BALAXI PHARMA LTD,24.24,24.75,23.2,23.34,24.24,67891
2026-09-08,BALKRISIND,BALKRISHNA IND. LTD,2279.4,2305.5,2237.2,2258.0,2287.1,360643
2026-09-08,BALKRISHNA,BALKRISHNA PAPER MILLS L,17.4,17.4,16.8,17.03,16.9,27420
2026-09-08,BALMLAWRIE,BALMER LAWRIE & CO LTD,177.98,177.98,175.71,176.38,177.98,143306
2026-09-08,BLIL,BALMER LAWRIE INVSTS. L,73.07,73.17,72.3,72.43,72.79,74366
2026-09-08,BALRAMCHIN,BALRAMPUR CHINI MILLS LTD,712.05,742.0,702.8,711.45,711.55,3169872
2026-09-08,BALUFORGE,BALU FORGE INDUSTRIES LTD,552.3,557.7,540.1,541.65,557.6,787147
2026-09-08,BANARBEADS,BANARAS BEADS LTD,112.0,113.95,109.05,109.99,111.13,539
2026-09-08,BANCOINDIA,BANCO PRODUCTS (I) LTD,625.0,631.7,622.65,628.3,626.95,76891
2026-09-08,BANDHANBNK,BANDHAN BANK LIMITED,165.95,172.4,163.3,171.58,164.7,20828794
2026-09-08,GOLDBND,BANDHANAMC - GOLDBND,152.69,153.17,151.26,152.36,151.8,24203
2026-09-08,IDFNIFTYET,BANDHANAMC - IDFNIFTYET,262.3,262.54,261.02,261.92,262.43,1235
2026-09-08,SILVERBND,BANDHANAMC - SILVERBND,233.89,234.36,230.8,231.9,230.34,8152
2026-09-08,BANG,BANG OVERSEAS LTD.,34.11,34.65,33.45,33.52,34.61,11655
2026-09-08,BANKBARODA,BANK OF BARODA,236.8,237.7,234.54,236.6,237.0,7992697
2026-09-08,BANKINDIA,BANK OF INDIA,142.04,142.39,139.73,140.86,142.02,4588957
2026-09-08,MAHABANK,BANK OF MAHARASHTRA,84.55,85.9,84.0,84.79,85.0,10148334
2026-09-08,BANKA,BANKA BIOLOO LIMITED,82.0,83.5,78.52,79.1,82.0,2035
2026-09-08,BANARISUG,BANNARI AMMAN SUGARS LTD,3824.6,3824.6,3720.1,3743.6,3832.3,1142
2026-09-08,BANSALWIRE,BANSAL WIRE INDUSTRIES L,320.0,321.0,312.45,314.9,317.4,77638
2026-09-08,BANSWRAS,BANSWARA SYNTEX LIMITED,115.95,116.0,113.1,115.0,115.32,23714
2026-09-08,BVCL,BARAK VALLEY CEM. LTD.,42.2,43.79,41.9,42.68,42.3,55539
2026-09-08,BBNPNBETF,BARODABNP - BBNPNBETF,57.72,58.29,57.1,57.13,57.78,3715
2026-09-08,BBNPPGOLD,BARODABNP - BBNPPGOLD,147.4,147.8,146.65,147.6,146.6,659
2026-09-08,BASF,BASF INDIA LTD,3785.2,3811.4,3744.2,3788.8,3788.0,25345
2026-09-08,BATAINDIA,BATA INDIA LTD,669.0,670.4,659.9,663.85,669.45,107016
2026-09-08,BATLIBOI,BATLIBOI LTD.,89.59,89.6,86.42,87.63,88.83,41932
2026-09-08,BAYERCROP,BAYER CROPSCIENCE LTD,3980.0,3997.8,3972.5,3984.9,3987.4,8994
2026-09-08,BCLIND,BCL INDUSTRIES LIMITED,36.48,36.88,35.77,36.0,36.48,353778
2026-09-08,BCPL,BCPL RAILWAY INFRA LTD,70.56,74.0,68.06,71.04,68.39,72707
2026-09-08,BEARDSELL,BEARDSELL LIMITED,25.2,25.25,24.06,24.77,24.99,44012
2026-09-08,BEDMUTHA,BEDMUTHA INDUST LTD,108.0,111.99,107.79,108.0,107.76,2251
2026-09-08,BEEKAY,BEEKAY STEEL INDS. LTD.,429.95,435.65,420.25,427.6,428.3,3407
2026-09-08,BLEL,BEHARI LAL ENGINEERING L,477.75,485.0,448.0,451.05,478.3,2671760
2026-09-08,BELLACASA,BELLA CASA FASH AND RET L,243.0,243.0,239.4,241.18,240.87,4006
2026-09-08,BELRISE,BELRISE INDUSTRIES LTD,230.41,230.95,225.0,227.17,230.29,5392903
2026-09-08,BLAL,BEML LAND ASSETS LIMITED,160.79,163.07,159.49,161.92,158.98,33224
2026-09-08,BEML,BEML LIMITED,2120.0,2205.0,2095.1,2105.6,2097.2,1462432
2026-09-08,BENARAS,BENARES HOTELS LTD.,10120.0,10250.0,10120.0,10250.0,10134.0,57
2026-09-08,BENGALASM,BENGAL & ASSAM CO. LTD.,6349.5,6350.0,6206.0,6222.0,6302.0,252
2026-09-08,BERGEPAINT,BERGER PAINTS (I) LTD,484.5,485.65,476.15,479.45,484.5,224801
2026-09-08,BESTAGRO,BEST AGROLIFE LIMITED,20.4,20.4,19.41,19.6,20.07,802902
2026-09-08,BETA,BETA DRUGS LIMITED,2115.0,2173.9,2115.0,2139.8,2123.9,13277
2026-09-08,BFINVEST,BF INVESTMENT LIMITED,458.0,460.95,445.25,451.15,458.95,25262
2026-09-08,BFUTILITIE,BF UTILITIES LIMITED,526.0,537.2,523.0,526.55,529.4,40778
2026-09-08,BANK10BETF,BFAM - BANK10BETF,20.69,20.69,20.49,20.52,20.76,715
2026-09-08,BANKBETF,BFAM - BANKBETF,58.1,58.13,57.68,57.87,58.19,9059
2026-09-08,LIQUIDBETF,BFAM - LIQUIDBETF,1097.88,1097.9,1097.88,1097.89,1097.78,162025
2026-09-08,NIFTYBETF,BFAM - NIFTYBETF,245.57,245.57,243.0,243.84,245.2,1024082
2026-09-08,BHAGCHEM,BHAGIRADHA CHEM & INDS L,259.4,261.6,258.35,259.05,260.75,67906
2026-09-08,BHAGYANGR,BHAGYANAGAR INDIA LIMITED,385.9,392.05,380.0,392.05,373.4,194589
2026-09-08,BHANDARI,BHANDARI HOSIERY EXP LTD,3.0,3.04,2.97,3.01,2.98,113309
2026-09-08,BEPL,BHANSALI ENG. POLYMERS LT,125.8,134.5,125.75,133.84,126.84,5773995
2026-09-08,BBL,BHARAT BIJLEE LTD,2250.2,2291.7,2219.9,2240.1,2239.1,33928
2026-09-08,BHARATCOAL,BHARAT COKING COAL LTD,33.7,33.89,33.5,33.51,33.75,2353977
2026-09-08,BDL,BHARAT DYNAMICS LIMITED,1250.1,1262.0,1234.3,1242.5,1241.7,1571035
2026-09-08,BEL,BHARAT ELECTRONICS LTD,408.0,416.0,406.5,410.55,404.0,23225496
2026-09-08,BHARATFORG,BHARAT FORGE LTD,1954.5,2027.5,1930.5,2003.7,1955.0,1947343
2026-09-08,BPLPHARMA,BHARAT PARENTERALS LTD.,1575.0,1575.0,1548.0,1568.8,1548.7,939
2026-09-08,BPCL,BHARAT PETROLEUM CORP  LT,311.1,314.25,301.4,303.85,312.9,4641011
2026-09-08,BHARATRAS,BHARAT RASAYAN LTD,1166.1,1176.9,1152.0,1159.5,1161.0,8773
2026-09-08,BRNL,BHARAT ROAD NETWORK LTD,17.38,17.38,17.0,17.12,17.09,17393
2026-09-08,BHARATSE,BHARAT SEATS LIMITED,227.65,228.79,221.75,226.85,227.65,230364
2026-09-08,BHARATWIRE,BHARAT WIRE ROPES LTD.,179.2,179.59,175.0,176.19,180.0,68008
2026-09-08,BHARTIARTL,BHARTI AIRTEL LIMITED,1846.2,1848.8,1829.0,1844.0,1854.0,4169706
2026-09-08,BHARTIHEXA,BHARTI HEXACOM LIMITED,1519.0,1558.0,1519.0,1549.3,1528.7,66216
2026-09-08,BIL,BHARTIYA INTERNATIONAL,947.0,947.0,907.0,936.85,931.15,14559
2026-09-08,BHEL,BHEL,422.5,426.7,419.85,422.15,421.45,4160694
2026-09-08,BIGBLOC,BIGBLOC CONSTRUCTION LTD,41.0,42.1,41.0,41.19,41.43,19372
2026-09-08,BIKAJI,BIKAJI FOODS INTERN LTD,579.0,590.2,577.4,583.7,580.25,95487
2026-09-08,GROWW,BILLIONBRAINS GARAGE VN L,194.78,195.58,193.0,195.24,194.73,18712196
2026-09-08,BIMETAL,BIMETAL BEARINGS LTD.,606.0,628.5,606.0,612.5,620.1,91
2026-09-08,BIOCON,BIOCON LIMITED.,392.15,399.9,390.9,392.3,391.4,2791301
2026-09-08,BIOFILCHEM,BIOFIL CHEM & PHARMA LTD,32.7,32.7,31.5,31.52,32.04,12623
2026-09-08,BIRLACABLE,BIRLA CABLE LIMITED,339.9,339.9,339.9,339.9,357.75,50176
2026-09-08,BIRLACORPN,BIRLA CORPORATION LTD,868.15,882.0,853.0,854.3,868.15,58996
2026-09-08,BIRLAPREC,BIRLA PRECISION TECH L,58.3,58.39,53.1,54.5,58.12,463466
2026-09-08,BIRLANU,BIRLANU LIMITED,1444.0,1457.3,1425.0,1433.2,1448.9,6962
2026-09-08,ABGSEC,BIRLASLAMC - ABGSEC,114.61,114.61,113.73,114.17,114.51,255
2026-09-08,ABSL10BANK,BIRLASLAMC - ABSL10BANK,166.75,167.72,166.75,167.31,165.62,1397
2026-09-08,ABSLBANETF,BIRLASLAMC - ABSLBANETF,58.5,58.62,58.3,58.31,58.66,16937
2026-09-08,ABSLLIQUID,BIRLASLAMC - ABSLLIQUID,1000.0,1000.01,999.99,1000.0,1000.0,728
2026-09-08,ABSLMSCIN,BIRLASLAMC - ABSLMSCIN,29.37,29.55,29.03,29.34,29.23,370
2026-09-08,ABSLNN50ET,BIRLASLAMC - ABSLNN50ET,76.83,77.15,76.11,76.85,77.15,9982
2026-09-08,BSLSENETFG,BIRLASLAMC - BSLSENETFG,77.92,78.5,76.13,76.54,78.72,22029
2026-09-08,GSEC10ABSL,BIRLASLAMC - GSEC10ABSL,112.93,112.93,111.72,112.93,111.61,10
2026-09-08,HEALTHY,BIRLASLAMC - HEALTHY,17.45,17.45,16.93,17.09,17.03,209540
2026-09-08,MOMENTUM,BIRLASLAMC - MOMENTUM,31.22,31.8,31.15,31.46,31.18,166053
2026-09-08,NIFTYQLITY,BIRLASLAMC - NIFTYQLITY,21.19,21.19,21.0,21.04,21.09,28811
2026-09-08,SILVER,BIRLASLAMC - SILVER,231.76,233.6,229.8,231.1,229.65,776377
2026-09-08,TECH,BIRLASLAMC - TECH,32.85,33.01,32.6,32.79,32.78,18853
2026-09-08,ABSLPSE,BIRLASLAMC-ABSLPSE,10.09,10.18,9.99,10.13,10.11,37126
2026-09-08,BSOFT,BIRLASOFT LIMITED,282.8,283.7,280.3,281.65,282.45,463798
2026-09-08,BBOX,BLACK BOX LIMITED,780.0,781.15,756.25,770.9,774.25,344888
2026-09-08,BLACKBUCK,BLACKBUCK LIMITED,583.6,583.6,572.0,573.4,583.6,216364
2026-09-08,BLBLIMITED,BLB LIMITED,16.9,16.94,16.42,16.88,16.87,119368
2026-09-08,BLSE,BLS E-SERVICES LIMITED,321.95,324.7,315.1,322.05,319.45,434327
2026-09-08,BLS,BLS INTL SERVS LTD,238.5,240.13,236.05,237.7,239.17,495662
2026-09-08,BLUECLOUDS,BLUE CLOUD SOFTECH SOLU L,19.85,20.1,19.56,19.75,19.69,1221023
2026-09-08,BLUECOAST,BLUE COAST HOTELS LIMITED,22.66,22.66,21.5,22.1,22.44,2241
2026-09-08,BLUEDART,BLUE DART EXPRESS LTD,4988.8,4996.0,4921.0,4987.2,4988.8,6858
2026-09-08,BLUEJET,BLUE JET HEALTHCARE LTD,570.7,584.8,565.05,581.5,569.05,529236
2026-09-08,BLUESTARCO,BLUE STAR LIMITED,1490.0,1492.7,1442.1,1460.9,1496.0,1169742
2026-09-08,BLUESTONE,BLUESTONE JEWEL LFSTL LTD,872.0,884.8,850.1,868.7,870.0,627130
2026-09-08,BLUSPRING,BLUSPRING ENTERPRISES LTD,138.28,138.32,123.48,123.61,137.19,705528
2026-09-08,BMWVENTLTD,BMW VENTURES LIMITED,55.98,55.98,54.5,54.8,55.21,51941
2026-09-08,BNAGROCHEM,BN AGROCHEM LTD.,203.01,215.0,203.01,214.0,213.46,1621
2026-09-08,BODALCHEM,BODAL CHEMICALS LTD,185.0,186.0,174.34,184.05,171.18,5497858
2026-09-08,BTML,BODHI TREE MULTIMEDIA LTD,8.37,8.49,7.48,8.02,8.49,2823219
2026-09-08,BOHRAIND,BOHRA INDUSTRIES LIMITED,12.76,13.01,12.76,13.0,12.51,17513
2026-09-08,BBTC,BOMBAY BURMAH TRADING COR,1476.2,1490.0,1469.0,1477.5,1471.9,36957
2026-09-08,BOMDYEING,BOMBAY DYEING & MFG. CO L,112.0,116.89,111.05,114.27,112.21,1292100
2026-09-08,BSHSL,BOMBAY SUPER HYBRID SEEDS,93.0,93.0,89.0,91.17,92.51,8027
2026-09-08,BONLON,BONLON INDUSTRIES LIMITED,41.5,41.93,40.1,40.88,40.08,1232
2026-09-08,BORANA,BORANA WEAVES LIMITED,335.0,335.0,315.0,319.95,325.25,22287
2026-09-08,BOROLTD,BOROSIL LIMITED,252.17,257.4,252.17,255.54,254.24,95659
2026-09-08,BORORENEW,BOROSIL RENEWABLES LTD,510.0,513.9,501.2,503.35,513.65,342669
2026-09-08,BOROSCI,BOROSIL SCIENTIFIC LTD,130.65,132.5,127.0,129.63,130.65,41466
2026-09-08,BOSCH-HCIL,BOSCH HOME COMFRT IND LTD,1854.0,1854.0,1786.5,1794.0,1849.1,52669
2026-09-08,BOSCHLTD,BOSCH LIMITED,48200.0,48955.0,48100.0,48785.0,48025.0,33665
2026-09-08,BPL,BPL LTD,49.6,50.0,48.62,48.65,48.77,25319
2026-09-08,BRAHMINFRA,BRAHMAPUTRA INFRA L,162.99,162.99,156.75,159.13,158.66,8497
2026-09-08,FIRSTCRY,BRAINBEES SOLUTIONS LTD,178.0,178.03,174.6,176.24,177.03,570947
2026-09-08,BCONCEPTS,BRAND CONCEPTS LIMITED,173.55,173.76,164.83,166.33,173.98,10620
2026-09-08,BRIGADE,BRIGADE ENTER. LTD,675.8,689.95,669.0,687.0,679.05,319215
2026-09-08,BRIGHOTEL,BRIGADE HOTEL VENTURE LTD,57.79,57.99,57.0,57.14,57.34,109899
2026-09-08,BRIGHTBR,BRIGHT BROTHERS LTD.,255.9,265.0,250.05,259.25,259.1,357
2026-09-08,BCG,BRIGHTCOM GROUP LIMITED,9.7,11.18,9.67,10.57,9.62,67429127
2026-09-08,BRITANNIA,BRITANNIA INDUSTRIES LTD,5036.0,5091.5,5012.0,5064.0,5042.5,280231
2026-09-08,BROOKS,BROOKS LAB LIMITED,69.7,69.75,61.52,63.3,67.7,64342
2026-09-08,BSE,BSE LIMITED,3440.0,3442.2,3362.0,3394.0,3446.2,2850676
2026-09-08,BSL,BSL LTD,122.02,124.99,120.3,123.33,122.63,3612
2026-09-08,BUTTERFLY,BTRFLY GANDHI APPL LTD,614.9,630.0,609.7,614.55,614.9,20105
2026-09-08,BURNPUR,BURNPUR CEMENT LIMITED,19.47,19.47,19.47,19.47,20.49,58100
2026-09-08,CGVAK,C G V A K SOFTWARE & EX L,147.27,152.99,144.0,146.54,147.27,3883
2026-09-08,MAPMYINDIA,C.E. INFO SYSTEMS LIMITED,976.0,980.8,963.5,968.8,976.0,118765
2026-09-08,CMLL,CALIBER MINING AND LOG L,490.25,496.0,481.0,484.35,490.25,273491
2026-09-08,CAMLINFINE,CAMLIN FINE SCIENCES LTD,102.7,106.62,101.62,104.15,101.68,1119448
2026-09-08,CAMPUS,CAMPUS ACTIVEWEAR LIMITED,217.5,219.02,216.2,216.81,218.77,248017
2026-09-08,CANFINHOME,CAN FIN HOMES LTD,805.45,811.85,795.0,797.6,805.45,328192
2026-09-08,CANBK,CANARA BANK,124.02,124.84,123.85,124.68,124.0,8644820
2026-09-08,CANHLIFE,CANARA HSBC LIFE INS CO L,152.0,154.71,148.61,154.16,153.97,988311
2026-09-08,CRAMC,CANARA ROBECO AMC LIMITED,246.85,247.2,238.0,242.25,249.25,1912939
2026-09-08,CANTABIL,CANTABIL RETAIL LTD,238.6,239.28,235.35,236.87,238.83,59495
2026-09-08,CAPACITE,CAPACITE INFRAPROJECT LTD,205.05,206.82,198.65,199.72,205.8,572086
2026-09-08,CAPILLARY,CAPILLARY TECHNO INDIA L,475.7,485.1,457.1,460.55,473.8,547944
2026-09-08,CIFL,CAPITAL INDIA FINANCE LTD,20.4,20.69,19.86,20.16,19.89,309086
2026-09-08,CAPITALSFB,CAPITAL SMALL FIN BANK L,281.95,281.95,275.0,277.0,277.9,23273
2026-09-08,CAPLIPOINT,CAPLIN POINT LAB LTD.,2830.0,2850.4,2747.1,2770.1,2814.0,127691
2026-09-08,CGCL,CAPRI GLOBAL CAPITAL LTD,276.8,278.8,268.15,270.75,275.7,4044474
2026-09-08,CPL,CAPTAIN POLYPLAST LIMITED,62.35,67.8,62.35,66.78,62.28,201784
2026-09-08,CARBORUNIV,CARBORUNDUM UNIVERSAL LTD,1095.1,1126.8,1087.4,1095.9,1104.0,94132
2026-09-08,CARERATING,CARE RATINGS LIMITED,1740.0,1742.8,1705.0,1721.1,1729.3,27991
2026-09-08,CPEDU,CAREER POINT EDUTECH LTD,198.5,198.5,189.2,191.35,195.31,1581
2026-09-08,CARRARO,CARRARO INDIA LIMITED,540.4,548.0,535.55,538.85,540.45,56002
2026-09-08,CARTRADE,CARTRADE TECH LIMITED,3186.0,3225.7,3110.0,3176.7,3179.9,308717
2026-09-08,CARYSIL,CARYSIL LIMITED,1151.0,1194.0,1140.0,1155.0,1152.6,147684
2026-09-08,CASTROLIND,CASTROL INDIA LIMITED,189.01,190.45,188.3,189.46,189.01,1388206
2026-09-08,CCL,CCL PRODUCTS (I) LTD,1097.0,1137.0,1086.5,1130.6,1097.4,160147
2026-09-08,CEATLTD,CEAT LIMITED,3321.0,3346.3,3304.0,3313.2,3336.1,33715
2026-09-08,CEIGALL,CEIGALL INDIA LIMITED,371.35,381.7,371.35,374.85,370.3,891724
2026-09-08,CEINSYS,CEINSYS TECH LIMITED,710.0,716.45,696.1,702.2,708.75,48187
2026-09-08,CELEBRITY,CELEBRITY FASHIONS LTD,6.6,6.84,6.6,6.74,6.72,36318
2026-09-08,CELLO,CELLO WORLD LIMITED,340.25,348.95,336.0,343.95,338.95,285798
2026-09-08,CEMPRO,CEMINDIA PROJECTS LIMITED,1319.0,1323.8,1265.5,1285.1,1316.9,280343
2026-09-08,CENTRALBK,CENTRAL BANK OF INDIA,30.96,31.04,30.78,30.96,30.96,3623098
2026-09-08,CDSL,CENTRAL DEPO SER (I) LTD,1415.0,1417.0,1395.0,1400.0,1414.9,975781
2026-09-08,CMPDI,CENTRAL MINE P N D INST L,239.5,243.99,236.12,236.85,240.12,1033476
2026-09-08,CENTRUM,CENTRUM CAPITAL LIMITED,22.47,22.85,22.25,22.57,22.47,122608
2026-09-08,CENTUM,CENTUM ELECTRONICS LTD,4375.0,4400.0,4250.0,4287.4,4376.9,92553
2026-09-08,CENTENKA,CENTURY ENKA LTD,609.95,611.65,586.55,589.2,607.05,78032
2026-09-08,CENTEXT,CENTURY EXTRUSIONS LTD,20.94,21.56,20.6,21.39,20.92,124246
2026-09-08,CENTURYPLY,CENTURY PLYBOARDS (I) LTD,745.0,749.5,738.0,744.1,739.3,22632
2026-09-08,CERA,CERA SANITARYWARE LTD,5744.0,5788.0,5710.0,5761.5,5743.5,3298
2026-09-08,CESC,CESC LTD,145.47,146.66,143.9,146.05,145.44,1580615
2026-09-08,CGPOWER,CG POWER AND IND SOL LTD,894.9,915.0,892.0,910.7,895.0,2618950
2026-09-08,CHALET,CHALET HOTELS LIMITED,907.35,907.35,885.65,897.75,908.75,180696
2026-09-08,CLSEL,CHAMAN LAL SETIA EXP LTD,299.05,308.0,296.0,305.65,299.65,125406
2026-09-08,CHAMBLFERT,CHAMBAL FERTILIZERS LTD,416.85,420.3,415.0,418.65,418.05,398881
2026-09-08,CHEMBOND,CHEMBOND MATERIALTECH LTD,190.0,199.0,187.2,197.72,184.4,63405
2026-09-08,CHEMCRUX,CHEMCRUX ENTERPRISES LTD.,81.35,85.2,81.35,83.52,82.25,3060
2026-09-08,CHEMFAB,CHEMFAB ALKALIS LIMITED,364.45,364.45,350.15,354.9,356.05,2418
2026-09-08,CHEMPLASTS,CHEMPLAST SANMAR LIMITED,184.0,187.32,178.25,180.76,185.53,811176
2026-09-08,CHENNPETRO,CHENNAI PETROLEUM CORP LT,1429.2,1475.0,1415.1,1457.8,1430.2,1138754
2026-09-08,CHEVIOT,CHEVIOT COMPANY LIMITED,1225.0,1234.9,1208.0,1214.6,1217.1,2630
2026-09-08,CHOICEIN,CHOICE INTERNATIONAL LTD,755.9,757.95,750.1,753.45,755.65,306449
2026-09-08,CHOICEGOLD,CHOICEAMC - CHOICEGOLD,153.32,153.32,150.0,151.01,150.14,2464
2026-09-08,CHOLAHLDNG,CHOLAMANDALAM FIN HOL LTD,1510.8,1533.3,1500.0,1526.2,1520.7,134033
2026-09-08,CHOLAFIN,CHOLAMANDALAM IN & FIN CO,1834.0,1834.0,1810.0,1823.4,1848.2,1040914
2026-09-08,CIEINDIA,CIE AUTOMOTIVE INDIA LTD,386.0,386.35,382.5,383.4,383.55,126785
2026-09-08,CINELINE,CINELINE INDIA LIMITED,99.4,99.4,94.04,95.39,98.71,72166
2026-09-08,CINEVISTA,CINEVISTA LIMITED,14.35,14.82,14.1,14.21,14.25,16065
2026-09-08,CIPLA,CIPLA LTD,1393.4,1398.4,1377.2,1384.0,1395.0,728795
2026-09-08,CUB,CITY UNION BANK LTD,238.6,239.17,232.16,232.97,238.48,1107925
2026-09-08,CLEDUCATE,CL EDUCATE LIMITED,62.47,62.47,58.1,59.11,60.97,12338
2026-09-08,CLEANMAX,CLEAN MAX ENVIRO EN SOL L,1390.0,1403.7,1352.2,1399.2,1380.4,90317
2026-09-08,CLEAN,CLEAN SCIENCE & TECH LTD,846.0,849.7,827.9,830.25,844.4,165910
2026-09-08,CMRGREEN,CMR GREEN TECHNOLOGIES L,224.4,226.5,221.0,222.16,221.03,274736
2026-09-08,CMSINFO,CMS INFO SYSTEMS LIMITED,239.9,241.0,236.0,236.58,239.02,427822
2026-09-08,COALINDIA,COAL INDIA LTD,418.1,423.6,416.05,420.25,418.85,5273145
2026-09-08,COASTCORP,COASTAL CORPORATION LTD,40.99,41.37,40.0,40.69,40.44,64164
2026-09-08,COCHINSHIP,COCHIN SHIPYARD LIMITED,1506.0,1531.5,1505.0,1528.2,1506.4,875111
2026-09-08,COFFEEDAY,COFFEE DAY ENTERPRISE LTD,31.0,34.24,30.7,34.24,31.13,2194138
2026-09-08,COFORGE,COFORGE LIMITED,1935.0,1954.4,1914.1,1950.0,1935.0,1594561
2026-09-08,COHANCE,COHANCE LIFESCIENCES LTD,451.8,460.5,448.1,451.6,449.55,1832601
2026-09-08,COLPAL,COLGATE PALMOLIVE LTD.,1814.0,1841.3,1799.1,1819.9,1813.5,214109
2026-09-08,COMFINTE,COMFORT INTECH LTD.,6.13,6.28,6.01,6.11,6.11,47608
2026-09-08,COMSYN,COMMERCIAL SYN BAGS LTD,295.5,307.2,286.1,301.85,294.2,1546418
2026-09-08,COMPEAU,COMPETENT AUTOMOB CO. L,353.0,370.0,345.0,369.0,353.0,1017
2026-09-08,COMPUSOFT,COMPUCOM SOFTWARE LTD,13.14,13.28,13.0,13.15,13.16,23897
2026-09-08,CAMS,COMPUTER AGE MNGT SER LTD,737.2,739.0,728.7,729.5,736.5,608207
2026-09-08,CONCORDBIO,CONCORD BIOTECH LIMITED,1443.2,1492.0,1437.8,1470.5,1443.2,201961
2026-09-08,CEWATER,CONCORD ENVIRO SYSTEMS L,267.5,269.9,262.15,267.0,265.25,37639
2026-09-08,CFEL,CONFIDENCE FUTURIST ENE L,31.56,32.75,31.5,32.21,32.48,6645
2026-09-08,CONFIPET,CONFIDENCE PETRO IND LTD.,82.88,85.0,82.0,82.49,82.18,3653848
2026-09-08,CCCL,CONS. CONST. CONSORT LTD,14.37,14.4,14.0,14.09,14.14,123596
2026-09-08,CONCOR,CONTAINER CORP OF IND LTD,503.0,512.8,499.05,502.0,503.9,924971
2026-09-08,CONTROLPR,CONTROL PRINT LIMITED,600.95,602.0,592.5,593.3,600.2,12773
2026-09-08,CORALFINAC,CORAL INDIA FIN & HOUS LT,32.84,33.87,32.0,32.58,32.68,19540
2026-09-08,CORDSCABLE,CORDS CABLE INDUS LTD.,314.85,376.0,303.0,372.75,313.35,1937988
2026-09-08,COROMANDEL,COROMANDEL INTERNTL. LTD,1979.0,1979.1,1940.5,1951.1,1974.6,61408
2026-09-08,CORONA,CORONA REMEDIES LIMITED,2093.4,2107.5,2054.8,2093.2,2071.4,9813
2026-09-08,COSMOFIRST,COSMO FIRST LIMITED,935.4,935.4,905.0,909.15,926.3,40826
2026-09-08,CCHHL,COUNTRY CLUB HOSP HOL LTD,12.65,12.99,12.42,12.69,12.65,29869
2026-09-08,CPCAP,CP CAPITAL LIMITED,140.0,142.0,136.1,137.36,135.89,88590
2026-09-08,CPSEETF,CPSE ETF,94.24,94.4,93.34,94.23,93.47,1324882
2026-09-08,CRAFTSMAN,CRAFTSMAN AUTOMATION LTD,11343.0,11542.0,11297.0,11406.0,11297.0,22659
2026-09-08,CRAVATEX,CRAVATEX LTD.,337.95,339.9,315.0,317.35,322.05,1220
2026-09-08,CREATIVEYE,CREATIVE EYE LIMITED,6.01,6.23,5.95,6.09,6.18,7155
2026-09-08,CNL,CREATIVE NEWTECH LIMITED,1209.5,1215.0,1131.0,1149.2,1209.5,64047
2026-09-08,CREDITACC,CREDITACCESS GRAMEEN LTD,1425.0,1429.9,1392.5,1417.1,1427.2,105678
2026-09-08,MUFTI,CREDO BRANDS MARKETING L,74.0,74.8,73.3,73.91,74.0,41870
2026-09-08,CREST,CREST VENTURES LIMITED,366.0,368.0,356.5,362.35,370.65,7147
2026-09-08,CRISIL,CRISIL LTD,4786.6,4819.9,4603.1,4754.5,4786.6,26735
2026-09-08,CRIZAC,CRIZAC LIMITED,173.8,178.36,170.97,171.94,162.15,1555453
2026-09-08,CROMPTON,CROMPT GREA CON ELEC LTD,230.8,234.4,227.56,231.9,231.02,3241817
2026-09-08,CROWN,CROWN LIFTERS LIMITED,117.35,117.35,114.01,115.58,115.39,11590
2026-09-08,CSBBANK,CSB BANK LIMITED,323.0,323.0,311.15,312.85,321.15,635441
2026-09-08,CSLFINANCE,CSL FINANCE LIMITED,245.64,248.46,240.5,241.85,243.61,37446
2026-09-08,CSM,CSM TECHNOLOGIES LIMITED,95.0,95.24,93.0,94.13,93.57,51809
2026-09-08,CUBEXTUB,CUBEX TUBINGS LTD,76.82,80.0,76.82,78.88,76.25,63102
2026-09-08,CUMMINSIND,CUMMINS INDIA LTD,5007.0,5040.0,4965.0,5040.0,5030.0,457631
2026-09-08,CUPID,CUPID LIMITED,281.0,282.35,272.2,274.8,280.95,7752087
2026-09-08,CURAA,CURA TECHNOLOGIES LIMITED,84.0,84.0,76.0,78.0,77.96,671
2026-09-08,CYBERMEDIA,CYBER MEDIA (INDIA) LTD.,26.41,26.82,23.92,23.92,26.57,116773
2026-09-08,CYIENTDLM,CYIENT DLM LIMITED,867.3,1009.0,867.3,976.25,865.35,3128714
2026-09-08,CYIENT,CYIENT LIMITED,1100.0,1100.0,1078.0,1086.3,1105.4,261931
2026-09-08,DLINKINDIA,D-LINK INDIA LTD,449.95,449.95,440.05,443.0,445.7,31082
2026-09-08,DPABHUSHAN,D. P. ABHUSHAN LIMITED,1424.8,1437.9,1400.2,1411.6,1424.7,10491
2026-09-08,DBCORP,D.B.CORP LTD,194.65,195.51,193.4,195.3,195.24,29713
2026-09-08,DABUR,DABUR INDIA LTD,375.25,377.95,373.75,375.0,375.5,2107745
2026-09-08,DALBHARAT,DALMIA BHARAT LIMITED,1713.9,1739.2,1671.8,1700.5,1713.9,143709
2026-09-08,DALMIASUG,DALMIA BHARAT SUG IN LTD,448.05,457.2,439.0,450.35,447.8,113835
2026-09-08,DAMCAPITAL,DAM CAPITAL ADVISORS LTD,142.67,147.2,142.67,145.29,143.38,353726
2026-09-08,DANGEE,DANGEE DUMS LIMITED,2.9,2.96,2.77,2.88,2.89,27055
2026-09-08,DATAPATTNS,DATA PATTERNS INDIA LTD,4617.1,4950.0,4617.1,4932.3,4590.8,2894206
2026-09-08,DATAMATICS,DATAMATICS GLOBAL SER LTD,752.0,760.85,733.85,739.0,756.3,113101
2026-09-08,DAVANGERE,DAVANGERE SUGAR COMPANY L,2.03,2.03,1.92,1.93,1.96,31289677
2026-09-08,DCI,DC INFOTECH AND COMUN LTD,353.0,353.0,300.25,300.75,351.25,1111658
2026-09-08,DCBBANK,DCB BANK LIMITED,221.0,234.8,219.91,229.55,221.31,6352270
2026-09-08,DCMFINSERV,DCM FINANCIAL SERVICES LT,5.31,5.32,5.06,5.11,5.33,11363
2026-09-08,DCMNVL,DCM NOUVELLE LIMITED,186.3,187.98,177.35,180.44,183.01,40184
2026-09-08,DCMSRIND,DCM SHRIRAM IND LTD,44.99,45.09,43.11,43.78,44.53,167918
2026-09-08,DCMSIL,DCM SHRIRAM INTERNATNL L,68.0,71.98,67.89,69.09,67.42,61329
2026-09-08,DCMSHRIRAM,DCM SHRIRAM LIMITED,1008.0,1015.9,1005.8,1008.2,1011.2,45553
2026-09-08,DCW,DCW LTD,47.99,49.25,46.85,47.65,47.99,2432635
2026-09-08,DCXINDIA,DCX SYSTEMS LIMITED,173.95,178.15,173.17,174.09,173.67,482554
2026-09-08,DDEVPLSTIK,DDEV PLASTIKS IND LTD,274.95,274.95,268.9,269.45,274.75,76809
2026-09-08,DENORA,DE NORA INDIA LIMITED,825.15,833.95,800.15,805.95,814.35,5325
2026-09-08,DECCANCE,DECCAN CEMENTS LIMITED,570.85,578.15,564.0,567.75,573.15,11865
2026-09-08,DECNGOLD,DECCAN GOLD MINES LTD.,215.77,224.5,214.0,223.22,215.77,1302537
2026-09-08,DEEDEV,DEE DEVELOPMENT ENG LTD,682.6,710.0,663.65,701.6,677.05,328658
2026-09-08,DEEPINDS,DEEP INDUSTRIES LIMITED,789.55,823.0,771.4,818.7,785.2,946974
2026-09-08,DEEP,DEEP POLYMERS LTD.,35.57,36.35,34.76,35.56,35.57,9972
2026-09-08,DEEPA,DEEPA JEWELLERS LIMITED,221.0,222.0,193.0,194.37,177.0,50931963
2026-09-08,DBEIL,DEEPAK BUILDERS & ENG I L,7.56,7.69,6.77,7.26,7.5,719710
2026-09-08,DEEPAKFERT,DEEPAK FERTILIZERS & PETR,1349.9,1366.7,1341.0,1345.9,1344.2,238040
2026-09-08,DEEPAKNTR,DEEPAK NITRITE LTD,1642.0,1659.9,1620.1,1647.8,1642.1,310426
2026-09-08,DELHIVERY,DELHIVERY LIMITED,452.8,458.2,450.25,454.9,453.8,2214615
2026-09-08,DELTACORP,DELTA CORP LIMITED,56.2,56.36,55.2,55.44,56.2,536646
2026-09-08,DELTAMAGNT,DELTA MANUFACTURING LTD,56.72,58.98,56.72,58.44,58.38,2793
2026-09-08,DEN,DEN NETWORKS LTD,27.9,27.99,26.55,27.18,27.9,336140
2026-09-08,DENTA,DENTA WATER N INFRA SOL L,282.6,282.75,276.15,279.65,280.65,79481
2026-09-08,DEVX,DEV ACCELERATOR LIMITED,33.06,34.5,33.0,33.75,33.0,85260
2026-09-08,DEVIT,DEV INFO TECHNOLOGY LTD,24.39,24.39,23.9,23.99,24.27,36964
2026-09-08,DEVYANI,DEVYANI INTERNATIONAL LTD,138.67,139.79,135.8,137.99,138.8,868338
2026-09-08,DBOL,DHAMPUR BIO ORGANICS LTD,126.8,127.5,125.01,126.12,127.52,83928
2026-09-08,DHAMPURSUG,DHAMPUR SUGAR MILLS LTD.,172.49,173.75,166.95,168.88,171.28,450077
2026-09-08,DHANBANK,DHANLAXMI BANK LIMITED,31.36,31.42,30.95,31.11,31.36,342786
2026-09-08,DHANUKA,DHANUKA AGRITECH LTD,1028.0,1028.0,989.15,994.05,1023.7,37513
2026-09-08,DHARMAJ,DHARMAJ CROP GUARD LTD,270.0,271.05,265.55,269.75,270.05,42227
2026-09-08,DHATRE,DHATRE UDYOG LTD.,4.98,4.98,4.32,4.69,4.57,77720
2026-09-08,DHOOTTRANS,DHOOT TRANSMISSION LTD,1551.7,1608.5,1537.0,1597.6,1551.7,2321905
2026-09-08,DHRUV,DHRUV CONSULTANCY SER LTD,22.8,23.4,22.8,23.4,22.8,391
2026-09-08,DHUNINV,DHUNSERI INVESTMENTS LTD,1041.65,1041.65,1008.75,1014.5,1036.5,301
2026-09-08,DVL,DHUNSERI VENTURES LIMITED,300.1,300.1,290.55,292.05,298.2,14117
2026-09-08,DIAMINESQ,DIAMINES & CHEMICALS LTD,240.0,247.49,240.0,245.07,242.29,7999
2026-09-08,DICIND,DIC INDIA LIMITED,613.0,638.3,613.0,622.85,625.35,6121
2026-09-08,DIFFNKG,DIFFUSION ENGINEERS LTD,454.4,459.75,441.0,442.5,454.4,273122
2026-09-08,DGCONTENT,DIGICONTENT LIMITED,24.43,25.0,24.43,24.54,24.55,7305
2026-09-08,DIGIDRIVE,DIGIDRIVE DISTRIBUTORS L,17.84,18.3,17.52,17.73,17.73,29631
2026-09-08,DIGISPICE,DIGISPICE TECHNOLOGIES LT,16.97,17.1,16.71,16.91,16.97,42404
2026-09-08,DIGITIDE,DIGITIDE SOLUTIONS LTD,96.06,96.06,92.49,93.42,95.77,293637
2026-09-08,DIGJAMLMTD,DIGJAM LTD,51.19,54.0,51.19,51.78,49.94,20727
2026-09-08,DNAMEDIA,DILIGENT MEDIA CORP LTD.,2.62,2.79,2.53,2.61,2.63,19650
2026-09-08,DBL,DILIP BUILDCON LIMITED,392.0,394.95,390.15,393.55,391.85,49330
2026-09-08,DISAQ,DISA INDIA LTD.,11899.0,11994.0,11800.0,11926.0,11758.0,492
2026-09-08,DISHTV,DISH TV INDIA LTD.,2.53,2.57,2.49,2.54,2.52,1298327
2026-09-08,DCAL,DISHMAN CARBO AMCIS LTD,172.0,174.89,170.51,173.98,171.53,138425
2026-09-08,DIVGIITTS,DIVGI TORQTRANSFER SYST L,1175.9,1213.0,1152.3,1189.3,1175.9,105696
2026-09-08,DIVISLAB,DIVI S LABORATORIES LTD,9375.5,9588.0,9253.0,9575.0,9315.0,838906
2026-09-08,DIXON,DIXON TECHNO (INDIA) LTD,14128.0,14229.0,14052.0,14100.0,14180.0,129101
2026-09-08,DJML,DJ MEDIAPRINT & LOG LTD,74.48,77.0,72.68,76.08,75.07,156457
2026-09-08,DLF,DLF LIMITED,672.4,676.4,665.0,675.1,672.7,2425538
2026-09-08,DMCC,DMCC SPECIALITY CHEMICALS,295.75,295.75,289.25,290.4,293.3,36462
2026-09-08,DODLA,DODLA DAIRY LIMITED,1082.1,1087.9,1070.0,1081.7,1073.1,27293
2026-09-08,DOLATALGO,DOLAT ALGOTECH LIMITED,69.96,70.95,68.9,70.7,69.96,128937
2026-09-08,DOLLAR,DOLLAR INDUSTRIES LIMITED,262.05,265.95,260.0,264.75,262.05,70109
2026-09-08,DOLPHIN,DOLPHIN OFF ENT (IND) L,726.95,731.0,680.35,687.75,720.4,73643
2026-09-08,DOMS,DOMS INDUSTRIES LIMITED,2194.0,2215.3,2170.0,2191.4,2201.5,38304
2026-09-08,DONEAR,DONEAR IND. LIMITED,88.7,91.49,86.16,86.79,89.13,60206
2026-09-08,AGARWALEYE,DR AGARWALS HEALTH CARE L,518.25,523.8,512.8,519.7,518.25,424854
2026-09-08,DRAGARWQ,DR. AGARWAL'S EYE HOSP L,5320.0,5351.0,5236.0,5267.5,5323.5,898
2026-09-08,LALPATHLAB,DR. LAL PATH LABS LTD.,1881.4,1920.0,1881.4,1912.5,1901.9,90505
2026-09-08,DRREDDY,DR. REDDY S LABORATORIES,1146.5,1154.5,1144.0,1151.0,1144.2,587270
2026-09-08,DRCSYSTEMS,DRC SYSTEMS INDIA LIMITED,13.55,13.55,12.86,12.9,13.25,67911
2026-09-08,DREAMFOLKS,DREAMFOLKS SERVICES LTD,65.12,66.35,64.96,65.14,65.94,44900
2026-09-08,DREDGECORP,DREDGING CORP OF INDIA,1054.2,1068.0,1037.5,1049.1,1054.2,90354
2026-09-08,KEEPLEARN,DSJ KEEP LEARNING LTD,1.95,1.95,1.75,1.91,1.91,20742
2026-09-08,LIQUIDETF,DSP LIQUID ETF,1000.0,1000.01,999.99,999.99,999.99,88307
2026-09-08,BANK10ADD,DSPAMC - BANK10ADD,16.85,16.9,16.65,16.69,16.91,45774
2026-09-08,BANKADD,DSPAMC - DSPBANK,58.67,58.67,58.14,58.41,58.71,6667
2026-09-08,GOLDADD,DSPAMC - DSPGOLD,14.92,14.92,14.72,14.79,14.74,4359148
2026-09-08,ITADD,DSPAMC - DSPIT,32.24,32.24,31.61,31.79,31.79,174245
2026-09-08,EQUAL50ADD,DSPAMC - DSPNEWETF,345.41,345.41,336.95,337.41,338.64,39565
2026-09-08,NIFTYADD,DSPAMC - DSPNIFTY,250.39,250.59,249.02,250.03,250.91,13681
2026-09-08,PSUBANKADD,DSPAMC - DSPPSBKETF,85.06,85.4,84.9,85.12,85.39,14460
2026-09-08,PVTBANKADD,DSPAMC - DSPPVBKETF,28.21,28.21,27.8,27.93,28.24,61827
2026-09-08,MIDQ50ADD,DSPAMC - DSPQ50ETF,25.42,26.01,24.42,24.92,24.92,31070
2026-09-08,SENSEXADD,DSPAMC - DSPSENXETF,78.45,78.54,77.91,78.31,78.54,1883
2026-09-08,SILVERADD,DSPAMC - DSPSILVETF,22.6,22.6,22.18,22.3,22.15,5232857
2026-09-08,FLEXIADD,DSPAMC - FLEXIADD,10.18,10.18,9.93,9.97,9.98,45204
2026-09-08,FMCGADD,DSPAMC - FMCGADD,45.91,46.24,45.7,46.07,45.93,34188
2026-09-08,GSEC10ADD,DSPAMC - GSEC10ADD,26.81,26.83,26.47,26.83,26.81,520
2026-09-08,HEALTHADD,DSPAMC - HEALTHADD,16.74,17.0,16.63,16.67,16.68,18688
2026-09-08,LIQUIDADD,DSPAMC - LIQUIDADD,1143.76,1143.78,1143.76,1143.76,1143.64,459106
2026-09-08,MIDBANKADD,DSPAMC - MIDBANKADD,17.38,17.47,17.38,17.43,17.38,3817
2026-09-08,MIDCAPADD,DSPAMC - MIDCAPADD,23.12,23.26,23.06,23.1,23.12,7072
2026-09-08,MSCIADD,DSPAMC - MSCIADD,29.15,29.28,29.15,29.27,29.3,600
2026-09-08,NEXT30ADD,DSPAMC - NEXT30ADD,42.32,42.6,42.32,42.6,42.49,3405
2026-09-08,NEXT50ADD,DSPAMC - NEXT50ADD,73.12,73.49,73.03,73.49,73.04,1994
2026-09-08,SMALLADD,DSPAMC - SMALLADD,18.69,18.69,18.53,18.62,18.57,94164
2026-09-08,TOP10ADD,DSPAMC - TOP10ADD,87.15,87.15,86.55,86.63,87.19,278950
2026-09-08,DUCON,DUCON INFRATECHNOLOGIES L,1.79,1.98,1.78,1.8,1.79,2913978
2026-09-08,DWARKESH,DWARIKESH SUGAR IND LTD,47.5,48.55,46.61,47.96,47.38,2299108
2026-09-08,DSSL,DYNACONS SYS & SOLN LTD,1041.3,1082.0,1024.6,1061.7,1040.4,28453
2026-09-08,DYNAMATECH,DYNAMATIC TECHNOLOGIES,11520.0,11689.0,11450.0,11584.0,11569.0,10021
2026-09-08,DYCL,DYNAMIC CABLES LIMITED,462.95,475.0,452.35,460.6,461.05,1016331
2026-09-08,DYNPRO,DYNEMIC PRODUCTS LIMITED,230.3,238.45,230.0,233.28,233.2,15809
2026-09-08,EASTWEST,EAST WEST FREIGHT CARRI L,2.31,2.4,2.28,2.36,2.36,43991
2026-09-08,EASEMYTRIP,EASY TRIP PLANNERS LTD,5.98,6.08,5.88,5.94,6.01,28001359
2026-09-08,ECLERX,ECLERX SERVICES LTD,1907.8,1959.0,1888.0,1945.1,1888.8,168424
2026-09-08,ECORECO,ECO RECYCLING LTD.,451.05,464.65,446.05,450.4,456.0,10266
2026-09-08,ECOSMOBLTY,ECOS (INDIA) MOB & HOSP L,112.68,113.5,111.5,111.87,111.75,40799
2026-09-08,BBETF0432,EDELAMC - BBETF0432,1347.99,1349.89,1345.0,1345.75,1346.06,1247
2026-09-08,EBANK10,EDELAMC - EBANK10,16.72,16.72,16.5,16.54,16.65,2754
2026-09-08,EBANKNIFTY,EDELAMC - EBANKNIFTY,57.62,57.67,57.23,57.48,57.78,177
2026-09-08,EBBETF0430,EDELAMC - EBBETF0430,1614.88,1618.84,1610.0,1613.61,1612.3,12172
2026-09-08,EBBETF0431,EDELAMC - EBBETF0431,1439.51,1440.99,1432.02,1435.18,1435.08,4062
2026-09-08,EBBETF0433,EDELAMC - EBBETF0433,1312.56,1312.97,1305.0,1306.94,1310.01,19196
2026-09-08,ECAPINSURE,EDELAMC - ECAPINSURE,24.01,24.01,23.65,23.73,23.9,23253
2026-09-08,EGOLD,EDELAMC - EGOLD,154.4,154.4,151.3,152.25,151.95,41468
2026-09-08,ELIQUID,EDELAMC - ELIQUID,1046.84,1046.84,1046.82,1046.84,1046.71,60179
2026-09-08,ELM250,EDELAMC - ELM250,16.74,16.76,16.27,16.47,16.41,107056
2026-09-08,ELMDIV,EDELAMC - ELMDIV,36.24,36.24,36.04,36.13,36.26,7
2026-09-08,EMETAL,EDELAMC - EMETAL,13.23,13.29,13.13,13.2,13.17,6040
2026-09-08,EMULTIMQ,EDELAMC - EMULTIMQ,41.79,42.14,41.72,42.09,42.0,12316
2026-09-08,ENEXT50,EDELAMC - ENEXT50,72.27,72.86,72.27,72.85,72.63,254
2026-09-08,ENIFTY,EDELAMC - ENIFTY,23.4,23.95,23.4,23.89,24.01,1719
2026-09-08,ESENSEX,EDELAMC - ESENSEX,76.77,76.77,76.3,76.46,76.77,204
2026-09-08,ESILVER,EDELAMC - ESILVER,230.04,233.59,229.69,230.45,230.04,52737
2026-09-08,EDELWEISS,EDELWEISS FIN SERV LTD,134.0,139.8,127.48,138.8,132.72,23439200
2026-09-08,EFCIL,EFC (I) LIMITED,193.0,193.0,185.82,186.53,191.74,188815
2026-09-08,EICHERMOT,EICHER MOTORS LTD,7700.0,7747.5,7655.0,7747.5,7672.0,461637
2026-09-08,EIDPARRY,EID PARRY INDIA LTD,778.1,785.1,760.0,763.7,777.7,251904
2026-09-08,EIHAHOTELS,EIH ASSOCIATED HOTELS LTD,296.45,299.9,293.0,295.7,296.45,11850
2026-09-08,EIHOTEL,EIH LIMITED,291.9,307.5,291.45,295.75,294.0,1038216
2026-09-08,EIMCOELECO,EIMCO ELECON (INDIA) LTD,2278.5,2305.0,2250.0,2258.2,2268.0,16406
2026-09-08,EKI,EKI ENERGY SERVICES LTD,74.0,74.0,70.45,70.81,71.37,11471
2026-09-08,ELANTAS,ELANTAS BECK INDIA LTD.,13250.0,13999.0,13187.0,13891.0,13054.0,9941
2026-09-08,ELCIDIN,ELCID INVESTMENTS LTD.,108915.0,108915.0,106500.0,106500.0,108950.0,2
2026-09-08,ELDEHSG,ELDECO HSG & IND LTD.,777.05,797.0,777.05,795.7,788.85,158
2026-09-08,ELECON,ELECON ENG. CO. LTD,426.9,428.0,420.0,421.15,426.7,163985
2026-09-08,EMIL,ELECTRONICS MART IND LTD,179.75,189.8,175.65,186.02,178.24,6303918
2026-09-08,ELECTCAST,ELECTROSTEEL CASTINGS LTD,80.35,81.5,79.32,79.9,80.51,1318866
2026-09-08,ELECTHERM,ELECTROTHERM (I) LTD.,966.4,981.3,961.2,964.6,966.4,6936
2026-09-08,ELGIEQUIP,ELGI EQUIPMENTS LTD,644.9,645.5,635.1,638.2,642.4,286900
2026-09-08,ELGIRUBCO,ELGI RUBBER CO. LTD,57.68,59.85,57.0,59.12,57.68,45091
2026-09-08,ELIN,ELIN ELECTRONICS LIMITED,97.6,100.0,95.38,98.42,96.14,349113
2026-09-08,ELITECON,ELITECON INTERNATIONAL L,7.84,7.84,7.84,7.84,8.25,1895127
2026-09-08,ELLEN,ELLENBARRIE INDUS GASES L,322.95,329.05,316.65,322.8,321.7,868357
2026-09-08,ELPROINTL,ELPRO INTERNATIONAL LTD,177.95,177.95,174.01,174.17,175.05,4832
2026-09-08,EMAMILTD,EMAMI LIMITED,367.4,372.5,362.2,363.65,367.55,860617
2026-09-08,EMAMIREAL,EMAMI REALTY LIMITED,67.62,67.7,65.7,66.18,67.62,12331
2026-09-08,EMBDL,EMBASSY DEVELOPMENTS LTD,59.23,59.23,57.57,58.12,59.1,1639752
2026-09-08,EMCURE,EMCURE PHARMACEUTICALS L,1944.0,1955.0,1916.0,1925.8,1926.8,93609
2026-09-08,EMKAY,EMKAY GLOBAL FIN SERV LTD,265.0,265.15,260.0,260.7,265.15,19955
2026-09-08,EMMVEE,EMMVEE PHOTOVOLTAIC PWR L,325.65,332.75,323.25,331.25,325.2,1236466
2026-09-08,EMPIND,EMPIRE INDUSTRIES LTD.,1204.9,1204.9,1169.2,1176.8,1192.1,17717
2026-09-08,EMPOWER,EMPOWER INDIA LTD.,2.01,2.02,2.0,2.01,1.93,19565972
2026-09-08,EMSLIMITED,EMS LIMITED,385.0,385.0,376.0,378.4,385.55,164742
2026-09-08,EMUDHRA,EMUDHRA LIMITED,505.0,517.15,493.8,509.1,502.45,173359
2026-09-08,ENDURANCE,ENDURANCE TECHNO. LTD.,2770.0,2784.3,2702.0,2735.3,2763.2,81560
2026-09-08,ENERGYDEV,ENERGY DEVE. CO.LTD,15.43,15.65,15.25,15.33,15.43,15162
2026-09-08,ENGINERSIN,ENGINEERS INDIA LTD,277.6,281.95,271.45,279.2,277.05,2925037
2026-09-08,ENKEIWHEL,ENKEI WHEELS (INDIA) LTD.,395.0,410.0,390.0,396.6,395.15,4351
2026-09-08,ENTERO,ENTERO HEALTHCARE SOLU L,1895.1,1920.0,1841.2,1851.8,1898.4,114511
2026-09-08,ENIL,ENTERTAIN NET. IND. LTD.,101.4,103.19,99.57,100.21,101.34,73276
2026-09-08,EIEL,ENVIRO INFRA ENGINEERS L,198.03,200.0,195.68,196.2,198.33,1029574
2026-09-08,EPACK,EPACK DURABLE LIMITED,186.31,190.24,186.0,187.38,186.33,327225
2026-09-08,EPACKPEB,EPACK PREFAB TECHN LTD,233.0,238.8,231.01,234.0,230.44,560975
2026-09-08,EPIGRAL,EPIGRAL LIMITED,1215.0,1215.0,1172.4,1189.8,1179.8,30444
2026-09-08,EPL,EPL LIMITED,248.1,252.6,245.95,248.1,248.95,3071783
2026-09-08,EQUITASBNK,EQUITAS SMALL FIN BNK LTD,73.2,73.22,72.3,72.54,73.35,1142583
2026-09-08,ERIS,ERIS LIFESCIENCES LIMITED,1322.9,1333.8,1315.1,1324.7,1324.3,28743
2026-09-08,ESABINDIA,ESAB INDIA LTD,6109.0,6117.5,6010.0,6067.0,6092.0,4719
2026-09-08,ESCORTS,ESCORTS KUBOTA LIMITED,2980.3,3029.3,2962.2,3013.2,2957.4,65334
2026-09-08,ESDS,ESDS SOFTWARE SOLUTION L,1189.0,1308.05,1140.6,1308.05,1090.05,12761472
2026-09-08,ESSARSHPNG,ESSAR SHIPPING LTD,16.5,16.86,15.9,16.05,16.41,303769
2026-09-08,ESTER,ESTER INDUSTRIES LTD,91.5,92.39,91.02,91.43,91.54,49070
2026-09-08,ETERNAL,ETERNAL LIMITED,320.8,324.3,320.5,321.6,320.8,10662039
2026-09-08,ETHOSLTD,ETHOS LIMITED,2779.0,2800.0,2736.7,2761.5,2746.6,17259
2026-09-08,EUREKAFORB,EUREKA FORBES LIMITED,407.9,412.05,404.55,408.55,406.2,101526
2026-09-08,EUROBOND,EURO PANEL PRODUCTS LTD,154.8,155.79,148.25,154.63,150.78,2142
2026-09-08,EUROPRATIK,EURO PRATIK SALES LIMITED,257.0,259.6,254.55,256.95,257.0,162490
2026-09-08,EVEREADY,EVEREADY INDS. IND.  LTD.,329.9,351.55,324.4,348.85,327.15,421499
2026-09-08,EKC,EVEREST KANTO CYLINDERLTD,104.6,104.6,102.3,103.14,104.7,162005
2026-09-08,EXCELINDUS,EXCEL INDUSTRIES LTD,1004.0,1004.0,984.1,993.0,1002.6,8141
2026-09-08,EXCELSOFT,EXCELSOFT TECHNOLOGIES L,69.8,69.9,68.5,69.06,68.26,244261
2026-09-08,EXICOM,EXICOM TELE SYSTEMS LTD,184.75,189.17,180.12,181.65,184.33,2500549
2026-09-08,EXIDEIND,EXIDE INDUSTRIES LTD,424.95,427.2,415.55,418.15,425.75,1399882
2026-09-08,EXPLEOSOL,EXPLEO SOLUTIONS LIMITED,899.95,903.9,881.7,887.95,899.55,20997
2026-09-08,EXXARO,EXXARO TILES LIMITED,6.41,6.6,6.41,6.51,6.59,254975
2026-09-08,FABTECH,FABTECH TECHNOLOGIES LTD,148.2,149.39,146.5,146.91,148.47,57323
2026-09-08,FACT,FACT LTD,795.0,823.3,786.65,791.2,793.3,402032
2026-09-08,FAZE3Q,FAZE THREE LIMITED,500.0,500.0,494.0,497.3,500.9,7008
2026-09-08,FCSSOFT,FCS SOFTWARE SOLN. LTD.,1.46,1.46,1.41,1.42,1.43,1283392
2026-09-08,FDC,FDC LIMITED,343.0,347.5,341.95,345.95,342.15,62726
2026-09-08,FEDFINA,FEDBANK FINANCIAL SER L,167.0,167.89,161.51,162.3,165.45,676777
2026-09-08,FEDDERSHOL,FEDDERS HOLDING LTD.,48.3,48.89,47.99,48.0,48.03,3577049
2026-09-08,FEDERALBNK,FEDERAL BANK LTD,343.05,345.9,341.45,344.15,342.0,3571930
2026-09-08,FMGOETZE,FEDERAL-MOGUL GOETZE (IND,482.1,482.1,466.75,469.25,482.05,572679
2026-09-08,FERMENTA,FERMENTA BIOTECH LTD.,490.0,495.45,472.2,480.7,496.5,124807
2026-09-08,FIBERWEB,FIBERWEB INDIA LIMITED,26.42,26.42,25.73,26.03,26.42,5777
2026-09-08,FIEMIND,FIEM INDUSTRIES LIMITED,2068.8,2074.0,2035.0,2038.2,2068.8,36919
2026-09-08,FILATFASH,FILATEX FASHIONS LIMITED,0.18,0.19,0.18,0.18,0.18,9975185
2026-09-08,FILATEX,FILATEX INDIA LTD,76.59,77.24,74.86,76.44,76.59,704694
2026-09-08,FINEORG,FINE ORGANIC IND. LTD.,5120.0,5207.0,5082.0,5196.0,5125.0,11446
2026-09-08,FCL,FINEOTEX CHEMICAL LIMITED,58.84,59.5,56.7,58.44,56.66,51043359
2026-09-08,FINKURVE,FINKURVE FINANCIAL SERV L,72.05,72.05,66.1,69.09,71.45,130557
2026-09-08,FINOPB,FINO PAYMENTS BANK LTD,137.71,142.37,137.5,139.97,138.9,223021
2026-09-08,FINCABLES,FINOLEX CABLES LTD,1235.1,1311.8,1230.2,1302.3,1227.0,1806357
2026-09-08,FINPIPE,FINOLEX INDUSTRIES LTD,157.0,159.17,156.71,157.86,157.16,256537
2026-09-08,FSL,FIRSTSOURCE SOLU. LTD.,261.0,261.0,256.5,257.8,259.6,339117
2026-09-08,FISCHER,FISCHER MEDICAL VENTURE L,35.71,36.29,35.4,35.56,35.72,300427
2026-09-08,FIVESTAR,FIVE-STAR BUS FIN LTD,524.05,528.75,518.5,524.15,526.2,145895
2026-09-08,FLAIR,FLAIR WRITING INDUST LTD,240.2,250.0,234.95,236.96,240.22,634998
2026-09-08,FOODSIN,FOODS & INNS LIMITED,56.8,57.99,55.25,56.08,57.4,32938
2026-09-08,FORCEMOT,FORCE MOTORS LIMITED,17750.0,17865.0,17590.0,17625.0,17829.0,47183
2026-09-08,FORTIS,FORTIS HEALTHCARE LTD,908.05,913.0,902.35,908.0,910.0,768379
2026-09-08,FOSECOIND,FOSECO INDIA LTD,6128.5,6198.5,6015.5,6095.5,6128.5,8459
2026-09-08,FRACTAL,FRACTAL ANALYTICS LIMITED,802.0,804.65,791.2,794.75,801.2,133560
2026-09-08,FREDUN,FREDUN PHARMACEUTICALS L,1409.9,1430.0,1320.1,1356.8,1405.5,97274
2026-09-08,FRONTSP,FRONTIER SPRINGS LTD.,1261.8,1267.4,1246.0,1258.2,1268.0,10954
2026-09-08,NYKAA,FSN E COMMERCE VENTURES,333.1,341.55,333.1,341.0,332.7,5740245
2026-09-08,UTLSOLAR,FUJIYAMA POWER SYSTEMS L,410.2,440.0,410.2,435.2,417.3,384255
2026-09-08,FUSION,FUSION FINANCE LIMITED,200.52,203.33,197.82,202.06,200.52,508211
2026-09-08,FMNL,FUTURE MKT NETWORKS LTD,9.43,9.79,9.41,9.52,9.77,50081
2026-09-08,GMBREW,G M BREWERIES LTD,941.4,941.4,921.35,927.75,941.4,20463
2026-09-08,GRINFRA,G R INFRAPROJECTS LIMITED,860.0,865.25,853.4,859.3,862.6,12337
2026-09-08,GABRIEL,GABRIEL INDIA LTD,1360.1,1395.0,1346.1,1389.6,1363.5,196279
2026-09-08,GAIL,GAIL (INDIA) LTD,175.09,176.2,173.84,175.09,176.0,4347861
2026-09-08,GAJA,GAJA ALT ASSET MGT LTD,156.9,157.2,152.54,153.64,155.42,555867
2026-09-08,GALAPREC,GALA PRECISION ENG LTD,1028.0,1058.4,1020.0,1054.9,1037.4,21610
2026-09-08,GALAXYSURF,GALAXY SURFACTANTS LTD,2170.0,2283.4,2166.3,2251.9,2136.6,159336
2026-09-08,GALLANTT,GALLANTT ISPAT LIMITED,571.0,571.7,556.3,561.65,572.45,120655
2026-09-08,GANDHAR,GANDHAR OIL REFINE IND L,263.15,265.95,261.3,264.05,264.85,528915
2026-09-08,GANDHITUBE,GANDHI SPL. TUBES LTD,904.0,904.0,878.0,892.95,898.55,4925
2026-09-08,GANESHCP,GANESH CONSUMER PRODUCT L,170.95,172.04,167.5,169.71,169.59,620162
2026-09-08,GANESHHOU,GANESH HOUSING LIMITED,756.1,761.95,745.1,750.8,758.75,15289
2026-09-08,GANECOS,GANESHA ECOSPHERE LIMITED,990.0,1044.3,978.5,1040.4,990.0,156348
2026-09-08,GANGAFORGE,GANGA FORGING LIMITED,1.64,1.64,1.58,1.59,1.63,3936325
2026-09-08,GANGESSECU,GANGES SECURITIES LIMITED,120.4,121.8,116.5,118.63,121.89,1524
2026-09-08,GRSE,GARDEN REACH SHIP&ENG LTD,2518.0,2568.9,2512.0,2525.7,2506.6,348575
2026-09-08,GARUDA,GARUDA CONSTRUCT N ENG L,183.0,198.39,181.15,183.61,178.63,12283756
2026-09-08,GRWRHITECH,GARWARE HI-TECH FILMS LTD,7006.0,7049.0,6900.5,6975.5,6951.5,21656
2026-09-08,GARFIBRES,GARWARE TECH FIBRES LTD,819.25,821.75,802.0,819.15,819.25,24619
2026-09-08,GATEWAY,GATEWAY DISTRIPARKS LTD,54.44,54.96,53.5,53.94,53.96,1065075
2026-09-08,GAYAHWS,GAYATRI HIGHWAYS LIMITED,1.97,1.98,1.92,1.94,1.92,242919
2026-09-08,GAYAPROJ,GAYATRI PROJECTS LTD,22.4,23.28,22.3,23.26,22.18,2694235
2026-09-08,GVPIL,GE POWER INDIA LIMITED,662.45,673.8,651.35,656.2,655.15,214560
2026-09-08,GVT&D,GE VERNOVA T&D INDIA LTD,4636.1,4793.0,4610.0,4750.0,4367.2,4274212
2026-09-08,GEEKAYWIRE,GEEKAY WIRES LIMITED,30.55,30.87,29.4,29.51,30.14,124885
2026-09-08,GEMAROMA,GEM AROMATICS LIMITED,160.24,164.69,157.3,161.86,158.19,81302
2026-09-08,GICRE,GENERAL INS CORP OF INDIA,351.0,353.15,346.2,348.1,349.8,937332
2026-09-08,GENCON,GENERIC ENG CONS PROJ LTD,42.3,42.66,41.31,41.89,41.98,282549
2026-09-08,GENESYS,GENESYS INTL CORPN LTD,240.25,288.19,239.5,288.19,240.16,8754555
2026-09-08,GENUSPAPER,GENUS P&B LIMITED,13.48,13.79,12.67,12.86,13.22,169810
2026-09-08,GENUSPOWER,GENUS POWER INFRASTRU LTD,337.0,338.2,331.85,333.65,336.4,1390800
2026-09-08,GEOJITFSL,GEOJIT FINANCIAL SER L,82.95,83.04,77.85,81.08,82.78,342199
2026-09-08,GFLLIMITED,GFL LIMITED,62.9,63.59,59.21,60.17,62.17,299897
2026-09-08,GHCL,GHCL LIMITED,434.0,434.05,428.5,433.05,433.35,90776
2026-09-08,GHCLTEXTIL,GHCL TEXTILES LIMITED,133.52,134.29,131.18,131.96,133.36,403571
2026-09-08,GICHSGFIN,GIC HOUSING FINANCE LTD,140.42,141.9,138.5,138.73,140.42,63413
2026-09-08,GILLANDERS,GILLANDERS ARBUTHNOT LTD,104.63,104.63,100.11,101.81,104.63,1739
2026-09-08,GILLETTE,GILLETTE INDIA LTD,7360.0,7564.0,7311.5,7530.5,7380.5,40115
2026-09-08,GKENERGY,GK ENERGY LIMITED,131.3,133.88,127.51,129.61,129.46,362678
2026-09-08,GKB,GKB OPHTHALMICS LTD.,68.95,71.77,65.0,71.52,65.25,7204
2026-09-08,GKWLIMITED,GKW LIMITED,1550.0,1584.0,1550.0,1551.7,1550.6,508
2026-09-08,GLAND,GLAND PHARMA LIMITED,2979.9,2979.9,2901.9,2959.3,2974.3,709554
2026-09-08,GLAXO,GLAXOSMITHKLINE PHARMA LT,2978.0,3001.3,2921.2,2928.2,2957.8,50684
2026-09-08,GLENMARK,GLENMARK PHARMACEUTICALS,2469.9,2492.0,2439.0,2474.5,2451.9,447432
2026-09-08,GLOBAL,GLOBAL EDUCATION LIMITED,120.49,129.4,120.46,126.62,120.15,385486
2026-09-08,MEDANTA,GLOBAL HEALTH LIMITED,1425.8,1434.9,1403.4,1428.6,1422.6,185231
2026-09-08,GSLSU,GLOBAL SURFACES LIMITED,30.5,30.5,28.24,29.3,29.45,71165
2026-09-08,GLOBALVECT,GLOBAL VEC HELICORP LTD,141.0,142.43,138.26,139.29,139.64,6915
2026-09-08,GLOBALE,GLOBALE TESSILE LIMITED,11.15,11.74,10.85,10.91,11.4,4731
2026-09-08,GLOBECIVIL,GLOBE CIVIL PROJECTS LTD,47.0,47.0,45.0,45.34,46.15,27306
2026-09-08,GLOBE,GLOBE ENTERPRISE (I) LTD,1.84,1.88,1.84,1.87,1.86,407651
2026-09-08,GICL,GLOBE INTL CARRIERS LTD,24.01,24.8,23.2,24.53,24.42,695516
2026-09-08,GLOBUSSPR,GLOBUS SPIRITS LTD,894.0,894.5,852.1,861.45,895.1,241474
2026-09-08,GLOSTERLTD,GLOSTER LIMITED,603.4,614.5,591.1,598.8,603.4,641
2026-09-08,GLOTTIS,GLOTTIS LIMITED,59.63,60.86,56.8,57.13,59.62,135316
2026-09-08,GMMPFAUDLR,GMM PFAUDLER LIMITED,1262.8,1308.6,1235.7,1285.2,1235.7,1155005
2026-09-08,GMRAIRPORT,GMR AIRPORTS LIMITED,95.94,97.28,95.74,97.0,95.94,8949771
2026-09-08,GMRP&UI,GMR POW AND URBAN INFRA L,93.57,96.05,91.75,95.61,93.57,1548311
2026-09-08,GNA,GNA AXLES LIMITED,546.9,564.0,543.8,553.4,543.2,227103
2026-09-08,EBGNG,GNG ELECTRONICS LIMITED,626.0,675.0,617.0,665.15,619.1,1683816
2026-09-08,GODIGIT,GO DIGIT GENERAL INS LTD,255.05,261.45,254.5,259.15,256.6,158238
2026-09-08,GOCOLORS,GO FASHION INDIA LTD,330.5,330.95,325.45,327.45,329.7,59977
2026-09-08,GOACARBON,GOA CARBON LIMITED,387.0,393.0,382.15,386.25,382.55,28685
2026-09-08,GOCLCORP,GOCL CORPORATION LIMITED,433.55,441.9,433.0,435.6,436.95,183004
2026-09-08,GODAVARIB,GODAVARI BIOREFINERIES L,244.95,246.89,240.0,244.37,244.95,57244
2026-09-08,GPIL,GODAWARI POW & ISP LTD,243.8,247.06,242.5,245.71,244.05,1287350
2026-09-08,GODFRYPHLP,GODFREY PHILLIPS INDIA LT,2024.0,2036.9,2003.0,2010.0,2029.0,129795
2026-09-08,GODREJAGRO,GODREJ AGROVET LIMITED,665.5,675.0,655.35,673.6,665.5,422780
2026-09-08,GODREJCP,GODREJ CONSUMER PRODUCTS,866.5,870.95,855.15,865.0,861.9,1437045
2026-09-08,GODREJIND,GODREJ INDUSTRIES LTD,1152.0,1155.0,1130.2,1144.0,1159.8,63806
2026-09-08,GODREJPROP,GODREJ PROPERTIES LTD,1920.0,1926.3,1885.1,1906.6,1922.2,507608
2026-09-08,GOKEX,GOKALDAS EXPORTS LTD.,774.0,783.6,768.4,781.3,776.95,106564
2026-09-08,GOKULAGRO,GOKUL AGRO RESOURCES LTD,231.45,240.0,229.79,233.15,231.69,875102
2026-09-08,GOKUL,GOKUL REFOILS & SOLV LTD,43.8,44.4,42.02,42.54,42.85,154949
2026-09-08,GOLDIAM,GOLDIAM INTERNATIONAL LTD,339.45,343.9,335.6,338.2,340.45,583593
2026-09-08,GOODLUCK,GOODLUCK INDIA LIMITED,480.0,528.8,465.05,515.65,479.75,1569090
2026-09-08,GOODYEAR,GOODYEAR INDIA LIMITED,730.8,734.85,723.5,725.2,730.8,4216
2026-09-08,GOPAL,GOPAL SNACKS LIMITED,267.7,267.7,263.0,264.2,266.3,91892
2026-09-08,GOYALALUM,GOYAL ALUMINIUMS LIMITED,6.33,6.33,6.13,6.21,6.16,45367
2026-09-08,GPTHEALTH,GPT HEALTHCARE LIMITED,161.37,164.4,159.0,160.7,161.37,145874
2026-09-08,GPTINFRA,GPT INFRAPROJECTS LTD,111.2,113.0,110.5,111.42,111.76,143162
2026-09-08,GRADIENTE,GRADIENTE INFOTAINMENT L,2.62,2.67,2.52,2.54,2.64,1367910
2026-09-08,GFSTEELS,GRAND FOUNDRY LTD,16.5,16.5,16.5,16.5,15.0,5204
2026-09-08,GRANDOAK,GRAND OAK CANYONS DIST L,36.25,36.25,34.36,34.56,35.86,772
2026-09-08,GRANULES,GRANULES INDIA LIMITED,869.0,899.85,865.0,895.35,867.3,2111998
2026-09-08,GRAPHITE,GRAPHITE INDIA LTD,718.0,743.9,713.0,734.25,717.1,1208880
2026-09-08,GRASIM,GRASIM INDUSTRIES LTD,3302.4,3318.2,3277.0,3306.8,3302.4,875447
2026-09-08,GRAUWEIL,GRAUER & WEIL IND LTD,71.88,73.2,70.53,72.01,71.45,306863
2026-09-08,GRAVISSHO,GRAVISS HOSPITALITY LTD.,28.67,28.67,28.67,28.67,28.66,105
2026-09-08,GRAVITA,GRAVITA INDIA LIMITED,1665.0,1690.0,1665.0,1682.3,1676.9,218722
2026-09-08,GREAVESCOT,GREAVES COTTON LTD.,195.5,195.8,192.31,193.06,194.45,467258
2026-09-08,GREENLAM,GREENLAM INDUSTRIES LTD.,235.8,238.0,234.74,235.53,236.87,41593
2026-09-08,GREENPANEL,GREENPANEL INDUSTRIES LTD,162.6,164.44,160.5,161.69,162.55,351454
2026-09-08,GREENPLY,GREENPLY INDUSTRIES LTD,305.35,305.35,297.35,299.35,302.2,104416
2026-09-08,GCSL,GRETEX CORPORATE SERVICES,602.9,608.8,595.65,598.25,601.85,518013
2026-09-08,GRINDWELL,GRINDWELL NORTON LIMITED,1933.0,1939.8,1910.0,1922.8,1932.9,12837
2026-09-08,GRMOVER,GRM OVERSEAS LIMITED,85.15,88.91,85.01,88.17,85.8,1436766
2026-09-08,CEMNTGROWW,GROWWAMC - CEMNTGROWW,14.61,14.78,14.33,14.38,14.54,325637
2026-09-08,GROWWCAPM,GROWWAMC - GROWWCAPM,11.54,11.59,11.4,11.43,11.56,463030
2026-09-08,GROWWCHEM,GROWWAMC - GROWWCHEM,29.93,30.43,29.9,30.21,30.08,109416
2026-09-08,GROWWDEFNC,GROWWAMC - GROWWDEFNC,98.0,101.0,97.75,99.97,97.75,484787
2026-09-08,GROWWEV,GROWWAMC - GROWWEV,32.76,32.76,32.0,32.23,32.37,312881
2026-09-08,GROWWGOLD,GROWWAMC - GROWWGOLD,14.86,14.97,14.8,14.85,14.81,1485087
2026-09-08,GROWWHOSPI,GROWWAMC - GROWWHOSPI,52.0,52.24,51.76,51.89,52.1,210204
2026-09-08,GROWWLIQID,GROWWAMC - GROWWLIQID,110.67,110.67,110.66,110.66,110.65,218348
2026-09-08,GROWWLOVOL,GROWWAMC - GROWWLOVOL,10.28,10.42,10.17,10.2,10.28,7226
2026-09-08,GROWWMC150,GROWWAMC - GROWWMC150,231.0,232.5,229.19,230.25,230.1,932
2026-09-08,GROWWMETAL,GROWWAMC - GROWWMETAL,12.4,12.68,12.4,12.48,12.52,669401
2026-09-08,GROWWMOM50,GROWWAMC - GROWWMOM50,11.2,11.2,10.96,11.05,11.0,94566
2026-09-08,GROWWN200,GROWWAMC - GROWWN200,11.55,11.55,11.16,11.17,11.27,82183
2026-09-08,GROWWNET,GROWWAMC - GROWWNET,10.7,11.06,10.09,10.86,10.79,657563
2026-09-08,GROWWNIFTY,GROWWAMC - GROWWNIFTY,9.36,9.66,9.36,9.58,9.6,1090198
2026-09-08,GROWWNXT50,GROWWAMC - GROWWNXT50,73.15,74.85,72.11,74.6,72.79,4677
2026-09-08,GROWWPOWER,GROWWAMC - GROWWPOWER,11.23,11.38,11.21,11.34,11.2,1997010
2026-09-08,GROWWPSE,GROWWAMC - GROWWPSE,96.0,99.6,96.0,98.16,97.95,1672
2026-09-08,GROWWPSUBK,GROWWAMC - GROWWPSUBK,84.67,85.48,83.51,84.49,84.67,4854
2026-09-08,GROWWRAIL,GROWWAMC - GROWWRAIL,28.22,28.22,27.7,27.79,28.0,468337
2026-09-08,GROWWRLTY,GROWWAMC - GROWWRLTY,10.07,10.35,9.91,10.03,10.05,177073
2026-09-08,GROWWSC250,GROWWAMC - GROWWSC250,10.8,10.8,10.58,10.64,10.67,115196
2026-09-08,GROWWSLVR,GROWWAMC - GROWWSLVR,22.9,22.94,22.55,22.65,22.53,1107262
2026-09-08,PVTBKGROWW,GROWWAMC - PVTBKGROWW,28.19,28.19,27.55,27.7,27.9,9783
2026-09-08,SMALLGROWW,GROWWAMC - SMALLGROWW,49.22,49.64,49.13,49.55,49.22,2937
2026-09-08,GRPLTD,GRP LIMITED,2042.0,2042.0,1962.0,2001.4,2004.1,981
2026-09-08,GSPCROP,GSP CROP SCIENCE LIMITED,600.0,606.7,480.8,531.0,600.95,2530958
2026-09-08,GSS,GSS INFOTECH LIMITED,11.34,11.34,10.83,10.96,11.02,29086
2026-09-08,GTLINFRA,GTL INFRA.LTD,1.21,1.22,1.17,1.18,1.2,35870401
2026-09-08,GTL,GTL LTD,7.3,7.3,6.71,7.02,7.25,459766
2026-09-08,GTPL,GTPL HATHWAY LIMITED,59.0,59.13,57.67,58.08,58.91,26510
2026-09-08,GUFICBIO,GUFIC BIOSCIENCES LTD.,448.0,451.0,436.8,440.3,448.0,66969
2026-09-08,GIPCL,GUJ IND POW CO. LTD,201.8,201.98,198.2,201.1,200.72,325313
2026-09-08,GNFC,GUJ NAR VAL FER & CHEM L,599.9,601.0,586.15,589.1,597.9,1037637
2026-09-08,GSFC,GUJ STATE FERT & CHEM LTD,162.2,162.33,160.42,160.81,162.02,877506
2026-09-08,GUJAPOLLO,GUJ. APOLLO IND. LTD.,348.05,348.6,341.5,342.2,345.2,4003
2026-09-08,GUJALKALI,GUJARAT ALKALIES & CHEM,709.0,730.0,707.85,718.75,707.85,57495
2026-09-08,GAEL,GUJARAT AMBUJA EXPORTS LT,165.89,170.3,164.35,167.3,165.48,561039
2026-09-08,GUJENERGY,GUJARAT ENERGY LIMITED,261.93,262.9,258.91,260.18,261.93,1104625
2026-09-08,FLUOROCHEM,GUJARAT FLUOROCHEM LTD,4539.0,4684.9,4486.0,4676.6,4530.5,136156
2026-09-08,GKSL,GUJARAT KIDNEY N SUP SP L,176.34,179.8,174.0,175.19,176.34,381320
2026-09-08,GLFL,GUJARAT LEASE FINANCING L,5.72,5.73,5.35,5.35,5.63,11524
2026-09-08,GMDCLTD,GUJARAT MINERAL DEV CORP,558.1,576.1,552.75,568.85,557.6,1454970
2026-09-08,GNRL,GUJARAT NATURAL RES L,115.0,117.8,106.7,108.95,113.96,634510
2026-09-08,GPPL,GUJARAT PIPAVAV PORT LTD,160.9,162.96,159.56,160.58,160.98,560277
2026-09-08,GUJRAFFIA,GUJARAT RAFFIA INDUST LTD,40.0,42.0,40.0,41.95,40.9,2702
2026-09-08,GUJTHEM,GUJARAT THEMIS BIOSYN LTD,432.75,470.05,431.85,453.25,429.3,1824251
2026-09-08,GULFOILLUB,GULF OIL LUB. IND. LTD.,1059.6,1061.0,1047.0,1057.6,1052.8,37689
2026-09-08,GULPOLY,GULSHAN POLYOLS LIMITED,183.04,184.2,180.0,181.96,183.04,195570
2026-09-08,GYFTR,GYFTR LIMITED,189.65,190.0,186.0,186.02,186.34,16980
2026-09-08,HBESD,H B ESTATE DEVELOPERS L,75.0,76.66,72.51,76.66,74.1,618
2026-09-08,HGINFRA,H.G.INFRA ENGINEERING LTD,488.35,488.35,477.85,484.55,488.7,39924
2026-09-08,HALDER,HALDER VENTURE LIMITED,281.6,297.0,281.6,293.55,286.6,27910
2026-09-08,HALEOSLABS,HALEOS LABS LIMITED,1497.4,1497.4,1445.5,1448.1,1462.0,465
2026-09-08,HAMPTON,HAMPTON SKY REALTY LTD.,8.19,9.65,7.71,8.59,8.11,371915
2026-09-08,HGM,HANDSON GBL MNGMNT LTD,53.4,53.4,48.05,50.16,50.81,4218
2026-09-08,HAPPSTMNDS,HAPPIEST MINDS TECHNO LTD,341.25,349.35,338.1,345.65,343.5,1486882
2026-09-08,HAPPYFORGE,HAPPY FORGINGS LIMITED,2259.9,2260.0,2171.5,2230.3,2231.4,46944
2026-09-08,HARDWYN,HARDWYN INDIA LIMITED,9.25,9.25,9.01,9.14,9.17,1019996
2026-09-08,HARIOMPIPE,HARIOM PIPE INDUSTRIES L,367.4,377.0,358.0,371.7,365.2,141126
2026-09-08,HRYNSHP,HARIYANA SHIP BREAKERS L,101.98,101.98,96.0,100.62,100.98,878
2026-09-08,HARRMALAYA,HARRISON MALAYALAM LTD,193.0,193.0,189.0,189.92,189.85,9200
2026-09-08,HARSHA,HARSHA ENGINEERS INT LTD,461.05,468.9,451.15,466.8,455.45,211797
2026-09-08,HATHWAY,HATHWAY CABLE & DATACOM,10.39,10.39,10.26,10.29,10.38,1064614
2026-09-08,HATSUN,HATSUN AGRO PRODUCT LTD.,1132.8,1218.2,1132.8,1198.0,1132.8,180176
2026-09-08,HAVELLS,HAVELLS INDIA LIMITED,1147.0,1147.6,1135.4,1140.0,1150.0,1045920
2026-09-08,HAWKINCOOK,HAWKINS COOKERS LTD,8395.0,8395.0,8171.0,8212.0,8254.0,843
2026-09-08,HAZOOR,HAZOOR MULTI PROJECTS LTD,20.0,20.13,19.66,19.97,19.85,346036
2026-09-08,HBPOR,HB PORTFOLIO LTD.,60.5,62.0,57.03,61.79,60.46,232
2026-09-08,HBSL,HB STOCKHOLDINGS LIMITED,53.5,56.0,53.26,54.01,52.43,5599
2026-09-08,HBLENGINE,HBL ENGINEERING LTD,704.9,733.85,698.1,731.25,703.9,1986289
2026-09-08,HCL-INSYS,HCL INFOSYSTEMS LTD,10.1,10.2,10.01,10.12,9.99,327856
2026-09-08,HCLTECH,HCL TECHNOLOGIES LTD,1281.4,1290.0,1268.2,1277.0,1282.8,2241262
2026-09-08,HDBFS,HDB FINANCIAL SERVICES L,686.0,689.95,677.7,683.1,685.05,489696
2026-09-08,HDFCAMC,HDFC AMC LIMITED,2443.5,2454.0,2433.0,2447.3,2432.0,550618
2026-09-08,HDFCBANK,HDFC BANK LTD,707.1,708.9,703.0,703.0,710.5,19883515
2026-09-08,HDFCGOLD,HDFC GOLD ETF,130.15,130.9,129.5,130.18,129.88,2855085
2026-09-08,HDFCLIFE,HDFC LIFE INS CO LTD,539.9,547.8,533.65,533.8,533.2,3149035
2026-09-08,HDFCBSE500,HDFCAMC - HDFCBSE500,37.37,37.59,37.11,37.35,37.19,566492
2026-09-08,HDFCGROWTH,HDFCAMC - HDFCGROWTH,117.25,118.09,117.0,117.33,117.39,28461
2026-09-08,HDFCLIQUID,HDFCAMC - HDFCLIQUID,1077.01,1077.01,1076.99,1077.0,1076.85,18237
2026-09-08,HDFCLOWVOL,HDFCAMC - HDFCLOWVOL,20.27,20.32,20.25,20.29,20.35,13711
2026-09-08,HDFCMID150,HDFCAMC - HDFCMID150,23.75,23.75,23.3,23.42,23.38,171590
2026-09-08,HDFCMOMENT,HDFCAMC - HDFCMOMENT,31.0,31.3,30.98,31.23,31.0,162218
2026-09-08,HDFCNEXT50,HDFCAMC - HDFCNEXT50,74.6,74.78,74.1,74.5,74.38,139965
2026-09-08,HDFCNIF100,HDFCAMC - HDFCNIF100,26.31,26.31,25.62,25.71,25.76,11976
2026-09-08,HDFCNIFBAN,HDFCAMC - HDFCNIFBAN,58.84,58.84,58.42,58.55,58.84,38001
2026-09-08,HDFCNIFIT,HDFCAMC - HDFCNIFIT,32.75,32.75,31.8,32.0,32.06,34099
2026-09-08,HDFCNIFTY,HDFCAMC - HDFCNIFTY,268.29,273.0,266.83,267.23,268.29,528289
2026-09-08,HDFCNIMEG,HDFCAMC - HDFCNIMEG,132.19,132.71,131.0,131.8,131.56,2236
2026-09-08,HDFCPVTBAN,HDFCAMC - HDFCPVTBAN,28.16,28.25,27.99,28.04,28.25,154092
2026-09-08,HDFCQUAL,HDFCAMC - HDFCQUAL,58.17,58.65,58.06,58.25,58.12,3179
2026-09-08,HDFCSENSEX,HDFCAMC - HDFCSENSEX,86.69,86.69,85.98,85.99,86.47,29581
2026-09-08,HDFCSILVER,HDFCAMC - HDFCSILVER,223.38,224.2,220.01,221.31,219.9,2108714
2026-09-08,HDFCSML250,HDFCAMC - HDFCSML250,186.51,187.2,185.69,186.57,186.73,830158
2026-09-08,HDFCVALUE,HDFCAMC - HDFCVALUE,124.25,126.33,123.4,123.92,124.54,12289
2026-09-08,HDFCPSUBK,HDFCAMC HDFCPSUBK,84.9,85.33,84.41,84.59,85.07,53433
2026-09-08,HEADSUP,HEADS UP VENTURES LIMITED,7.0,7.67,6.75,7.04,7.02,10080
2026-09-08,HEALTHX,HEALTH X PLATFORM LIMITED,301.35,312.4,300.0,302.6,296.9,3540
2026-09-08,HCG,HEALTHCARE GLOB. ENT. LTD,690.95,697.6,676.55,690.6,687.9,145459
2026-09-08,HECPROJECT,HEC INFRA PROJECTS LTD,120.48,140.2,118.02,122.98,118.17,139918
2026-09-08,HEIDELBERG,HEIDELBERGCEMENT (I) LTD,161.49,161.49,158.62,159.72,160.56,341014
2026-09-08,HEMIPROP,HEMISPHERE PROP IND LTD,124.5,125.44,124.05,124.41,125.08,227721
2026-09-08,HERANBA,HERANBA INDUSTRIES LTD,170.0,175.99,169.21,172.8,169.62,32314
2026-09-08,HERITGFOOD,HERITAGE FOODS LTD,385.0,385.15,376.5,382.15,384.15,264313
2026-09-08,HEROMOTOCO,HERO MOTOCORP LIMITED,5305.0,5339.5,5285.0,5333.5,5270.0,393029
2026-09-08,HESTERBIO,HESTER BIOSCIENCES LTD,2354.7,2369.9,2290.0,2318.3,2362.7,5572
2026-09-08,HEXATRADEX,HEXA TRADEX LIMITED,159.98,165.9,157.11,157.34,158.58,1576
2026-09-08,HEXT,HEXAWARE TECHNOLOGIES LTD,523.8,524.45,508.75,518.85,522.85,253225
2026-09-08,HITECH,HI-TECH PIPES LIMITED,75.86,75.9,74.5,75.4,75.96,377605
2026-09-08,HILINFRA,HIGHWAY INFRASTRUCTURE L,44.22,44.22,43.5,43.7,43.72,30137
2026-09-08,HIKAL,HIKAL LIMITED,246.2,253.8,238.19,246.01,243.0,6560890
2026-09-08,HILTON,HILTON METAL FORGING LTD,18.66,18.99,18.5,18.65,18.64,31756
2026-09-08,HSCL,HIMADRI SPECIALITY CHEM L,676.3,680.5,667.15,670.65,672.65,1689241
2026-09-08,HIMATSEIDE,HIMATSINGKA SEIDE LTD,70.15,70.24,68.8,69.46,70.15,362515
2026-09-08,HINDALUMI,HIND ALUMINIUM INDS. LTD.,100.5,100.5,94.5,97.9,96.25,4275
2026-09-08,HINDALCO,HINDALCO  INDUSTRIES  LTD,1014.0,1024.7,1007.5,1009.0,1006.0,3094146
2026-09-08,HINDCON,HINDCON CHEMICALS LIMITED,24.83,24.83,24.25,24.39,24.25,18698
2026-09-08,HPIL,HINDPRAKASH INDUSTRY LTD,121.87,127.9,121.87,122.0,121.87,198
2026-09-08,HGS,HINDUJA GLOBAL SOLS. LTD.,395.1,398.4,382.8,387.95,395.55,23781
2026-09-08,HINDADH,HINDUSTAN ADHESIVES LTD.,357.75,372.65,357.75,363.7,361.25,744
2026-09-08,HAL,HINDUSTAN AERONAUTICS LTD,4904.1,5072.0,4903.7,5031.1,4855.2,2553021
2026-09-08,HINDCOMPOS,HINDUSTAN COMPOSITES LTD.,398.5,400.0,382.75,395.35,398.75,9174
2026-09-08,HCC,HINDUSTAN CONSTRUCTION CO,23.52,24.1,23.06,23.86,23.54,35951505
2026-09-08,HINDCOPPER,HINDUSTAN COPPER LTD,520.0,537.0,520.0,532.85,509.1,24876043
2026-09-08,HNDFDS,HINDUSTAN FOODS LIMITED,627.55,637.6,620.0,623.5,628.9,300961
2026-09-08,HINDOILEXP,HINDUSTAN OIL EXPLORATION,188.48,194.99,187.01,193.66,188.85,1852355
2026-09-08,HINDPETRO,HINDUSTAN PETROLEUM CORP,353.4,355.95,346.0,347.0,356.9,3433819
2026-09-08,HINDUNILVR,HINDUSTAN UNILEVER LTD.,1967.0,1990.8,1956.7,1980.0,1960.0,1256067
2026-09-08,HINDZINC,HINDUSTAN ZINC LIMITED,593.05,606.7,593.0,595.5,589.15,6893194
2026-09-08,HINDWAREAP,HINDWARE HME INOVATON LTD,182.54,182.54,180.0,180.28,182.54,45845
2026-09-08,HIRECT,HIRECT LIMITED,1214.2,1305.0,1214.2,1281.4,1211.9,252304
2026-09-08,HISARMETAL,HISAR METAL IND. LIMITED,165.2,165.26,160.24,160.26,162.02,2922
2026-09-08,POWERINDIA,HITACHI ENERGY INDIA LTD,31500.0,31570.0,30550.0,31135.0,31775.0,278064
2026-09-08,HLEGLAS,HLE GLASCOAT LIMITED,345.0,345.0,328.15,334.5,336.25,315202
2026-09-08,HLVLTD,HLV LIMITED,6.5,6.5,6.3,6.4,6.41,134222
2026-09-08,HMAAGRO,HMA AGRO INDUSTRIES LTD,20.8,21.08,19.9,20.01,20.66,2220160
2026-09-08,HOMEFIRST,HOME FIRST FIN CO IND LTD,1245.1,1248.1,1225.5,1237.1,1233.7,560479
2026-09-08,HONASA,HONASA CONSUMER LIMITED,468.95,483.0,468.95,476.05,468.9,1012735
2026-09-08,HONDAPOWER,HONDA I POWER PRODUCT LTD,2017.0,2018.2,1976.0,1981.7,1999.8,2018
2026-09-08,HONAUT,HONEYWELL AUTOMATION IND,35335.0,35725.0,34970.0,35060.0,35565.0,2407
2026-09-08,HORIZONIND,HORIZON INDUSTRIAL PRKS L,54.82,55.74,54.25,55.54,54.85,2922955
2026-09-08,HPAL,HP ADHESIVES LIMITED,35.5,36.18,35.17,35.42,35.7,57000
2026-09-08,HPL,HPL ELECTRIC & POWER LTD,301.55,305.55,300.3,303.0,301.55,66069
2026-09-08,HSBCGOLD,HSBCAMC - HSBCGOLD,133.41,133.41,132.05,132.67,132.11,2291
2026-09-08,HUDCO,HSG & URBAN DEV CORPN LTD,178.1,178.99,177.0,178.26,179.24,1157634
2026-09-08,HTMEDIA,HT MEDIA LIMITED,25.74,26.15,25.11,25.41,25.7,111032
2026-09-08,HUBTOWN,HUBTOWN LIMITED,188.48,190.0,184.59,185.56,189.91,331640
2026-09-08,HUHTAMAKI,HUHTAMAKI INDIA LIMITED,248.55,253.2,247.5,250.7,250.05,122791
2026-09-08,HYUNDAI,HYUNDAI MOTOR INDIA LTD,2200.0,2222.0,2198.9,2220.0,2210.0,485596
2026-09-08,IGPL,I G PETROCHEMICALS LTD,564.35,590.0,560.15,584.55,558.8,152994
2026-09-08,ISTLTD,I S T LTD.,644.0,675.0,644.0,651.8,654.9,1022
2026-09-08,ICDSLTD,ICDS LTD,65.1,66.0,60.59,61.26,67.32,22358
2026-09-08,ICEMAKE,ICE MAKE REFRIGERAT LTD,723.9,733.0,720.0,730.35,724.75,9205
2026-09-08,ICICIBANK,ICICI BANK LTD.,1424.0,1424.9,1396.3,1399.4,1427.5,12123411
2026-09-08,ICICIGI,ICICI LOMBARD GIC LIMITED,1500.0,1503.3,1474.5,1484.4,1493.4,458407
2026-09-08,LOWVOLIETF,ICICI PR NIF LW VL 30 ETF,22.08,22.08,21.7,21.73,21.84,2664933
2026-09-08,ICICIPRULI,ICICI PRU LIFE INS CO LTD,476.85,478.35,466.25,469.3,470.65,1191834
2026-09-08,MIDSELIETF,ICICI PRUD MIDCAP SEL ETF,19.78,19.93,19.75,19.89,19.78,139612
2026-09-08,NIF100IETF,ICICI PRUD NIFTY 100 ETF,28.52,28.52,27.68,27.77,27.83,62921
2026-09-08,NIFTYIETF,ICICI PRUD NIFTY ETF,274.0,274.0,268.36,268.88,269.6,673504
2026-09-08,SENSEXIETF,ICICI PRUD SENSEX ETF,873.01,876.37,871.0,872.03,876.69,6871
2026-09-08,ICICIAMC,ICICI PRUDENTIAL AMC LTD,3001.0,3031.9,2983.8,3013.0,3013.7,309852
2026-09-08,GOLDIETF,ICICI PRUDENTIAL GOLD ETF,131.25,131.3,129.8,130.38,130.01,3793599
2026-09-08,NV20IETF,ICICI PRUDENTIAL NV20 ETF,13.56,13.56,13.4,13.42,13.49,703019
2026-09-08,ICICIB22,ICICIPRAMC - BHARATIWIN,113.49,114.48,113.46,113.91,113.84,437422
2026-09-08,CASHIETF,ICICIPRAMC - CASHIETF,1078.61,1078.63,1078.61,1078.61,1078.48,66567
2026-09-08,EVIETF,ICICIPRAMC - EVIETF,32.27,34.18,32.0,32.48,32.27,211175
2026-09-08,GSEC10IETF,ICICIPRAMC - ICICI10GS,262.18,262.18,262.18,262.18,261.92,100
2026-09-08,BSE500IETF,ICICIPRAMC - ICICI500,40.05,40.25,39.05,39.19,39.26,131875
2026-09-08,GSEC5IETF,ICICIPRAMC - ICICI5GSEC,66.72,67.11,66.2,66.24,66.5,8567
2026-09-08,ALPL30IETF,ICICIPRAMC - ICICIALPLV,27.5,27.5,27.41,27.46,27.49,160858
2026-09-08,AUTOIETF,ICICIPRAMC - ICICIAUTO,28.81,28.95,28.51,28.82,28.81,366585
2026-09-08,PVTBANIETF,ICICIPRAMC - ICICIBANKP,27.92,28.0,27.75,27.8,28.02,824898
2026-09-08,COMMOIETF,ICICIPRAMC - ICICICOMMO,98.77,101.4,98.0,98.68,99.07,46454
2026-09-08,CONSUMIETF,ICICIPRAMC - ICICICONSU,119.99,120.24,119.35,119.96,120.02,18938
2026-09-08,FMCGIETF,ICICIPRAMC - ICICIFMCG,49.32,49.5,48.92,49.31,49.17,2380827
2026-09-08,INFRAIETF,ICICIPRAMC - ICICIINFRA,94.39,95.14,93.81,94.76,94.39,224272
2026-09-08,LIQUIDIETF,ICICIPRAMC - ICICILIQ,999.99,1000.01,999.98,999.99,999.99,347991
2026-09-08,MIDCAPIETF,ICICIPRAMC - ICICIM150,23.91,24.0,23.8,23.91,23.9,958438
2026-09-08,MOM30IETF,ICICIPRAMC - ICICIMOM30,31.23,31.65,31.23,31.53,31.23,786727
2026-09-08,NEXT50IETF,ICICIPRAMC - ICICINXT50,78.7,78.7,76.52,77.13,76.79,316266
2026-09-08,HEALTHIETF,ICICIPRAMC - ICICIPHARM,169.45,171.3,169.07,170.85,169.45,50246
2026-09-08,QUAL30IETF,ICICIPRAMC - ICICIQTY30,20.76,21.0,20.76,20.9,20.82,35378
2026-09-08,SILVERIETF,ICICIPRAMC - ICICISILVE,232.0,233.65,229.8,230.88,229.68,2517714
2026-09-08,ITIETF,ICICIPRAMC - ICICITECH,33.37,33.5,33.1,33.24,33.36,325229
2026-09-08,INSUREIETF,ICICIPRAMC - INSUREIETF,15.13,15.14,14.93,14.98,15.06,272822
2026-09-08,BANKIETF,ICICIPRAMC - IPRU5008,58.61,58.8,58.31,58.43,58.68,108948
2026-09-08,METALIETF,ICICIPRAMC - METALIETF,13.48,13.48,13.1,13.25,13.24,3282875
2026-09-08,OILIETF,ICICIPRAMC - OILIETF,11.15,11.31,11.15,11.21,11.26,1003926
2026-09-08,PSUBNKIETF,ICICIPRAMC - PSUBANKICI,85.65,85.67,85.0,85.1,85.42,79437
2026-09-08,SMALLIETF,ICICIPRAMC - SMALLIETF,18.54,18.61,18.48,18.59,18.54,16170
2026-09-08,TOP15IETF,ICICIPRAMC - TOP15IETF,9.77,9.77,9.67,9.68,9.74,62782
2026-09-08,VAL30IETF,ICICIPRAMC - VAL30IETF,15.06,15.06,14.99,15.0,15.06,89195
2026-09-08,FINIETF,ICICIPRAMC-ICICIFIN,32.73,32.73,32.44,32.56,32.71,252671
2026-09-08,ICRA,ICRA LIMITED,4949.9,4955.0,4833.1,4854.4,4929.4,25803
2026-09-08,IDBI,IDBI BANK LIMITED,91.3,92.0,79.05,81.11,90.75,69073713
2026-09-08,IDEAFORGE,IDEAFORGE TECHNO LTD,771.0,799.0,771.0,775.2,765.45,409710
2026-09-08,IDFCFIRSTB,IDFC FIRST BANK LIMITED,86.44,87.1,86.02,86.5,86.44,11728338
2026-09-08,IFBAGRO,IFB AGRO INDUSTRIES LTD,914.2,914.2,884.05,887.05,896.25,3184
2026-09-08,IFBIND,IFB INDUSTRIES LTD,1314.0,1314.9,1290.0,1296.0,1313.6,30359
2026-09-08,IFCI,IFCI LTD,103.4,103.59,91.77,92.61,102.51,217424506
2026-09-08,IFGLEXPOR,IFGL REFRACTORIES LIMITED,203.97,205.56,195.0,198.22,203.79,36372
2026-09-08,IGARASHI,IGARASHI MOTORS INDIA LTD,412.05,417.5,412.05,415.6,415.15,27204
2026-09-08,IIFLCAPS,IIFL CAPITAL SERVICES LTD,341.95,341.95,339.0,339.4,340.45,419363
2026-09-08,IIFL,IIFL FINANCE LIMITED,660.2,675.8,616.4,628.0,654.05,6784526
2026-09-08,IKIO,IKIO TECHNOLOGIES LIMITED,202.0,226.78,201.98,219.73,202.98,2263360
2026-09-08,IVC,IL&FS INVESTMENT MANAGERS,10.25,10.38,9.82,10.02,10.28,1180267
2026-09-08,IMAGICAA,IMAGICAAWORLD ENT LTD,56.5,56.51,54.3,54.43,54.86,653308
2026-09-08,INCREDIBLE,INCREDIBLE INDUSTRIES LTD,32.48,32.48,31.31,31.78,32.34,2176
2026-09-08,IMPAL,IND MOTOR PART & ACC LTD,1130.9,1170.0,1090.5,1151.5,1114.2,15807
2026-09-08,INDSWFTLAB,IND SWIFT LABORATORIES LT,368.7,401.45,368.7,388.3,368.7,2095086
2026-09-08,INDTERRAIN,IND TERRAIN FASHIONS LTD,30.0,30.45,30.0,30.3,30.74,10452
2026-09-08,INDBANK,INDBANK MERCH BANK,28.68,28.68,27.6,27.69,28.16,60876
2026-09-08,BAJAJINDEF,INDEF MANUFACTURING LTD,225.6,226.89,220.02,220.95,222.26,7155
2026-09-08,INDGN,INDEGENE LIMITED,597.0,603.6,579.2,589.2,599.35,410036
2026-09-08,INDNIPPON,INDIA NIPPON ELECT  LTD,1130.1,1135.9,1092.0,1122.3,1128.4,41478
2026-09-08,IPL,INDIA PESTICIDES LIMITED,136.7,136.79,133.9,134.65,136.63,129674
2026-09-08,INDIASHLTR,INDIA SHELTER FIN CORP L,670.0,675.0,667.5,671.7,672.15,31956
2026-09-08,ITDC,INDIA TOUR. DEV. CO. LTD.,643.35,651.0,635.1,638.2,643.35,30593
2026-09-08,IBULLSLTD,INDIABULLS LIMITED,25.51,26.39,25.23,25.95,25.7,15254328
2026-09-08,INDIAMART,INDIAMART INTERMESH LTD,1700.1,1714.1,1681.0,1684.5,1706.4,122055
2026-09-08,INDIANB,INDIAN BANK,868.5,868.9,855.15,859.9,869.4,1120827
2026-09-08,INDIANCARD,INDIAN CARD CLOTHING CO.,224.4,224.99,212.19,218.81,217.85,538
2026-09-08,IEX,INDIAN ENERGY EXC LTD,117.5,117.75,116.0,116.54,117.5,4316644
2026-09-08,INDIANHUME,INDIAN HUME PIPE CO. LTD.,393.6,395.0,385.6,388.9,394.9,33597
2026-09-08,IMFA,INDIAN METALS & FERRO,1287.0,1315.0,1283.1,1306.7,1286.9,74407
2026-09-08,IOC,INDIAN OIL CORP LTD,134.88,135.65,133.02,134.35,135.15,6954986
2026-09-08,IOB,INDIAN OVERSEAS BANK,33.1,33.45,32.9,33.34,33.1,1397088
2026-09-08,IRCTC,INDIAN RAIL TOUR CORP LTD,474.5,474.9,472.0,472.45,474.5,412334
2026-09-08,IRFC,INDIAN RAILWAY FIN CORP L,82.9,82.93,81.75,82.0,83.0,5883007
2026-09-08,IREDA,INDIAN RENEWABLE ENERGY,112.5,112.95,111.8,112.2,112.95,3095995
2026-09-08,IWP,INDIAN WOOD PRODUCTS CO L,35.27,35.27,34.46,34.7,34.41,3329
2026-09-08,INDIGOPNTS,INDIGO PAINTS LIMITED,1172.0,1176.2,1131.0,1140.3,1178.0,52024
2026-09-08,INDIQUBE,INDIQUBE SPACES LIMITED,203.61,206.85,198.02,205.09,202.13,59639
2026-09-08,INDOBORAX,INDO BORAX & CHEMICAL LTD,503.3,515.45,503.1,511.05,503.95,95162
2026-09-08,ICIL,INDO COUNT INDUSTRIES LTD,451.75,453.45,437.95,450.85,453.7,292038
2026-09-08,INDOFARM,INDO FARM EQUIPMENT LTD,141.0,150.19,138.92,144.16,131.65,2435816
2026-09-08,INDORAMA,INDO RAMA SYNTHETICS LTD,74.25,76.0,70.72,74.98,73.56,1050466
2026-09-08,INDOTECH,INDO TECH TRANSFORM LTD.,3679.9,3848.9,3600.0,3696.8,3666.6,26581
2026-09-08,INDOTHAI,INDO THAI SEC LTD,39.4,39.4,39.4,39.4,37.53,59211
2026-09-08,INDOUS,INDO US BIOTECH LTD,78.81,83.0,78.05,78.85,78.74,13629
2026-09-08,INDOMIM,INDO-MIM LIMITED,951.0,989.0,943.75,968.95,946.7,2185054
2026-09-08,NIPPOBATRY,INDO-NATIONAL LIMITED,321.2,329.9,320.0,324.6,325.25,2175
2026-09-08,INDOCO,INDOCO REMEDIES LTD.,250.73,256.88,243.0,244.25,250.7,176170
2026-09-08,IGCL,INDOGULF CROPSCIENCES LTD,73.47,73.47,72.1,72.54,72.48,177043
2026-09-08,INDOKEM,INDOKEM LTD.,649.85,649.85,624.9,627.4,636.35,2468
2026-09-08,WAAREEINDO,INDOSOLAR LIMITED,267.4,267.4,261.2,262.05,265.55,52149
2026-09-08,INDOSTAR,INDOSTAR CAPITAL FIN LTD,253.95,254.55,250.0,251.29,253.08,35032
2026-09-08,INDOWIND,INDOWIND ENERGY LTD,9.09,9.1,8.65,8.85,8.91,112368
2026-09-08,IGL,INDRAPRASTHA GAS LTD,153.25,154.49,152.7,154.02,154.8,834619
2026-09-08,INDRAMEDCO,INDRAPRASTHA MEDICAL CORP,351.95,356.2,348.45,355.15,351.4,126540
2026-09-08,INDUSTOWER,INDUS TOWERS LIMITED,376.45,376.95,370.0,373.05,376.45,2490099
2026-09-08,INDUSINDBK,INDUSIND BANK LIMITED,991.6,1004.7,988.3,997.7,998.0,1055105
2026-09-08,INDPRUD,INDUSTRIAL & PRU INV CO L,6389.0,6389.0,6200.0,6210.0,6385.0,119
2026-09-08,IITL,INDUSTRIAL INV TRUST LTD,141.01,159.15,139.08,149.88,140.1,155404
2026-09-08,NAUKRI,INFO EDGE (I) LTD,1274.5,1298.3,1251.9,1292.0,1302.5,2345489
2026-09-08,INFOBEAN,INFOBEANS TECHNO. LTD.,159.2,160.13,157.1,158.61,159.73,202682
2026-09-08,INFOMEDIA,INFOMEDIA PRESS LIMITED,5.21,5.8,5.21,5.53,5.43,36530
2026-09-08,INFY,INFOSYS LIMITED,1095.0,1095.0,1078.9,1082.0,1087.5,6269037
2026-09-08,INGERRAND,INGERSOLL-RAND INDIA LTD,4754.0,4769.9,4692.3,4741.7,4730.3,10123
2026-09-08,INNOVACAP,INNOVA CAPTAB LIMITED,1172.0,1185.8,1164.0,1171.8,1164.4,34248
2026-09-08,INNOVANA,INNOVANA THINKLABS LTD,300.6,314.4,300.1,300.55,301.65,32871
2026-09-08,INNOVISION,INNOVISION LIMITED,254.15,258.9,250.75,252.0,256.25,8849
2026-09-08,INOXGREEN,INOX GREEN ENERGY SER LTD,172.28,176.0,169.61,174.42,172.28,1008485
2026-09-08,INOXINDIA,INOX INDIA LIMITED,2243.4,2253.1,2137.7,2215.9,2231.4,203200
2026-09-08,INOXWIND,INOX WIND LIMITED,75.67,76.08,74.5,75.71,75.6,9911582
2026-09-08,INSECTICID,INSECTICIDES (I) LTD,604.8,612.95,602.55,610.2,606.5,10805
2026-09-08,INA,INSOLATION ENERGY LIMITED,92.77,95.69,90.38,93.12,92.77,1060998
2026-09-08,INSPIRISYS,INSPIRISYS SOLUTIONS LTD,89.0,91.99,87.5,90.52,88.75,3083
2026-09-08,ESSENTIA,INTEGRA ESSENTIA LIMITED,1.1,1.15,1.05,1.05,1.1,8096583
2026-09-08,INTELLECT,INTELLECT DESIGN ARENA,688.0,694.95,677.0,691.8,682.15,252434
2026-09-08,INTENTECH,INTENSE TECHNOLOGIES LTD,80.31,81.6,78.25,79.66,80.71,14588
2026-09-08,INTERARCH,INTERARCH BLDNG SOLTN LTD,1703.9,1765.9,1685.0,1753.5,1703.5,112094
2026-09-08,INDIGO,INTERGLOBE AVIATION LTD,4971.0,5022.5,4952.0,5000.0,5001.0,435589
2026-09-08,INTLCONV,INTL CONVEYORS LIMITED,80.53,81.02,79.1,79.61,79.92,31494
2026-09-08,IGIL,INTL GEMOLOGICAL INST LTD,318.0,320.05,314.35,318.1,318.0,321958
2026-09-08,ISFT,INTRASOFT TECH. LTD,85.0,86.99,81.5,82.34,83.1,121968
2026-09-08,INVENTURE,INVENTURE GRO & SEC LTD,0.92,0.93,0.92,0.92,0.92,362494
2026-09-08,IKS,INVENTURUS KNOWLEDGE SO L,1800.0,1813.2,1769.8,1780.0,1788.0,67890
2026-09-08,IVZINGOLD,INVESCO INDIA GOLD ETF,133.15,133.3,131.2,132.9,131.85,75534
2026-09-08,IVZINNIFTY,INVESCO INDIA NIFTY ETF,271.03,272.72,271.03,271.87,273.0,547
2026-09-08,IOLCP,IOL CHEM AND PHARMA LTD,215.0,219.04,208.4,210.98,213.04,4116432
2026-09-08,IONEXCHANG,ION EXCHANGE (INDIA) LTD,436.0,437.9,420.85,431.75,439.1,513930
2026-09-08,IPRINGLTD,IP RINGS LTD.,152.22,156.92,152.21,155.0,154.84,731
2026-09-08,IPCALAB,IPCA LABORATORIES LTD,1959.9,1996.9,1959.9,1967.2,1959.1,158357
2026-09-08,IRB,IRB INFRA DEV LTD.,19.25,19.3,19.1,19.25,19.25,5202171
2026-09-08,IRCON,IRCON INTERNATIONAL LTD,117.8,118.25,116.61,116.89,117.71,803464
2026-09-08,IRISDOREME,IRIS CLOTHINGS LIMITED,62.1,62.5,60.71,61.62,62.15,321368
2026-09-08,IRIS,IRIS REGTECH SOLUTION LTD,261.42,268.13,253.0,254.67,260.35,21579
2026-09-08,IRMENERGY,IRM ENERGY LIMITED,282.0,287.45,280.0,282.25,284.5,76125
2026-09-08,ISGEC,ISGEC HEAVY ENG LTD,781.0,787.0,767.0,782.4,781.1,32844
2026-09-08,ISHANCH,ISHAN DYES N CHEMICALS L,44.95,45.57,43.85,44.32,44.3,16425
2026-09-08,ITCHOTELS,ITC HOTELS LIMITED,158.0,158.98,156.05,156.84,157.77,1702422
2026-09-08,ITC,ITC LTD,263.5,265.9,262.7,263.5,263.5,7406617
2026-09-08,ITI,ITI LTD,270.6,271.65,266.95,270.2,270.6,142263
2026-09-08,ITL,ITL INDUSTRIES LTD.,362.65,370.0,358.4,369.65,364.45,3429
2026-09-08,IVALUE,IVALUE INFOSOLUTIONS LTD,227.06,238.8,227.06,235.31,227.02,253667
2026-09-08,IZMO,IZMO LIMITED,924.5,935.0,905.25,927.15,924.5,97787
2026-09-08,J&KBANK,J & K BANK LTD.,147.88,148.5,145.8,147.03,147.88,1322470
2026-09-08,JGCHEM,J.G.CHEMICALS LIMITED,582.0,623.0,582.0,611.2,581.35,571020
2026-09-08,JAGRAN,JAGRAN PRAKASHAN LIMITED,62.0,63.0,61.66,62.54,61.81,284044
2026-09-08,JAGSNPHARM,JAGSONPAL PHARMACEUTICALS,239.51,241.33,236.1,237.72,239.06,59503
2026-09-08,JAIBALAJI,JAI BALAJI INDUSTRIES LTD,69.98,70.54,67.5,67.86,69.71,645330
2026-09-08,JAICORPLTD,JAI CORP LIMITED,98.59,99.0,97.11,98.3,98.56,221980
2026-09-08,JISLDVREQS,JAIN DVR EQUITY SHARES,21.62,22.05,21.31,21.7,21.99,11464
2026-09-08,JISLJALEQS,JAIN IRRIGATION SYSTEMS,32.51,32.54,30.9,31.12,32.51,3667616
2026-09-08,JAINREC,JAIN RESOURCE RECYCLING L,283.3,298.7,282.55,296.55,281.35,2755389
2026-09-08,JPPOWER,JAIPRAKASH POWER VEN. LTD,16.79,16.79,16.45,16.49,16.79,31428211
2026-09-08,JAMNAAUTO,JAMNA AUTO IND LTD,127.38,129.4,125.65,128.92,126.61,2288474
2026-09-08,JSFB,JANA SMALL FIN BANK LTD,540.6,547.45,536.65,539.8,538.5,181108
2026-09-08,JARO,JARO INS OF TEC MG N RE L,444.0,448.1,440.0,441.4,443.4,90685
2026-09-08,JASH,JASH ENGINEERING LIMITED,513.0,521.0,504.75,518.7,511.15,195333
2026-09-08,JAYBARMARU,JAY BHARAT MARUTI LTD,120.69,120.69,114.19,116.5,120.19,487526
2026-09-08,JAYAGROGN,JAYANT AGRO ORGANICS LTD,228.3,256.0,227.21,249.04,228.33,266571
2026-09-08,JAYNECOIND,JAYASWAL NECO INDUSTR LTD,89.0,91.0,88.33,90.68,89.67,4627478
2026-09-08,JAYKAY,JAYKAY ENTERPRISES LTD,158.73,162.39,156.28,159.87,158.73,301645
2026-09-08,JAYSREETEA,JAYSHREE TEA & INDUSTRIES,99.0,99.06,92.74,94.41,98.61,161062
2026-09-08,JBMA,JBM AUTO LIMITED,615.0,618.0,612.95,615.35,613.6,137066
2026-09-08,JSLL,JEENA SIKHO LIFECARE LTD,515.0,518.6,503.05,505.45,516.75,357058
2026-09-08,JENBURPH,JENBURKT PHARMACEUTICAL L,1052.0,1052.0,1025.1,1039.9,1043.0,276
2026-09-08,JETFREIGHT,JET FREIGHT LOGISTICS LTD,20.21,20.83,20.06,20.24,20.31,121792
2026-09-08,JHS,JHS SVEND. LAB. LTD,7.99,8.31,7.85,7.97,7.99,23839
2026-09-08,RETAIL,JHS SVENDGAARD RETAIL V L,16.13,17.75,16.13,17.23,16.59,5303
2026-09-08,JPOLYINVST,JIND POL INV & FIN CO LTD,1007.2,1011.9,983.9,994.45,1006.8,5471
2026-09-08,JINDRILL,JINDAL DRILLING IND. LTD,665.4,684.0,656.3,678.0,664.15,424593
2026-09-08,JINDALPHOT,JINDAL PHOTO LIMITED,1020.2,1039.0,1014.5,1015.5,1010.8,1280
2026-09-08,JINDALPOLY,JINDAL POLY FILMS LIMITED,706.0,706.0,680.0,683.8,699.1,11020
2026-09-08,JINDALSAW,JINDAL SAW LIMITED,309.55,310.95,297.35,307.6,309.55,2130770
2026-09-08,JSL,JINDAL STAINLESS LIMITED,733.95,740.0,727.0,738.75,736.8,413278
2026-09-08,JINDALSTEL,JINDAL STEEL LIMITED,1147.9,1151.0,1135.0,1136.3,1147.9,443885
2026-09-08,JINDWORLD,JINDAL WORLDWIDE LTD,58.5,59.9,54.21,55.53,58.52,62255444
2026-09-08,JKIPL,JINKUSHAL INDUSTRIES LTD,98.03,99.96,95.5,96.5,98.56,7414
2026-09-08,JIOFIN,JIO FIN SERVICES LTD,234.75,234.75,232.6,233.15,234.4,8934543
2026-09-08,NIFTYJBLK,JIOBLACKROCKAMC-NIFTYJBLK,12.61,12.61,12.12,12.14,12.31,158149
2026-09-08,JITFINFRA,JITF INFRALOGISTICS LTD,300.0,309.9,300.0,306.5,301.0,11991
2026-09-08,JKCEMENT,JK CEMENT LIMITED,5026.0,5170.0,4972.0,4990.5,5047.0,94515
2026-09-08,JKLAKSHMI,JK LAKSHMI CEMENT LTD,508.9,508.9,498.05,498.75,507.15,188056
2026-09-08,JKPAPER,JK PAPER LIMITED,420.05,423.85,412.05,415.3,420.05,703560
2026-09-08,JKTYRE,JK TYRE & INDUSTRIES LTD,368.0,368.45,363.05,364.1,368.45,354143
2026-09-08,JKIL,JKUMAR INFR.LTD.,491.3,494.7,486.55,488.6,491.3,24752
2026-09-08,JMFINANCIL,JM FINANCIAL LIMITED,130.0,131.81,128.08,128.47,130.28,1725261
2026-09-08,JNKINDIA,JNK INDIA LIMITED,432.5,450.0,432.5,440.5,435.35,71281
2026-09-08,JOCIL,JOCIL LIMITED,160.0,174.0,158.5,164.29,159.32,81439
2026-09-08,COCKERILL,JOHN COCKERILL INDIA LTD.,8029.0,8409.0,8006.0,8325.5,8065.5,11751
2026-09-08,JSWCEMENT,JSW CEMENT LIMITED,121.84,122.09,120.26,121.62,121.81,765295
2026-09-08,JSWDULUX,JSW DULUX LIMITED,3199.0,3199.0,3156.1,3174.4,3186.8,37827
2026-09-08,JSWENERGY,JSW ENERGY LIMITED,527.05,528.85,522.3,526.5,530.0,1912629
2026-09-08,JSWHL,JSW HOLDINGS LIMITED,11548.0,11549.0,11222.0,11466.0,11372.0,1674
2026-09-08,JSWINFRA,JSW INFRASTRUCTURE LTD,330.0,335.9,328.8,332.0,330.85,1633475
2026-09-08,JSWSTEEL,JSW STEEL LIMITED,1306.4,1315.0,1295.7,1297.3,1302.0,1345313
2026-09-08,JTEKTINDIA,JTEKT INDIA LIMITED,121.5,122.46,120.1,121.28,121.3,94919
2026-09-08,JTLIND,JTL INDUSTRIES LIMITED,89.25,90.4,87.76,89.55,89.51,3728512
2026-09-08,JUBLCPL,JUBILANT AGRI N CON PRO L,2230.0,2230.0,2160.4,2177.8,2206.6,4836
2026-09-08,JUBLFOOD,JUBILANT FOODWORKS LTD,473.0,484.0,471.5,480.4,475.4,1239794
2026-09-08,JUBLINGREA,JUBILANT INGREVIA LIMITED,675.35,680.3,664.05,675.3,675.35,159391
2026-09-08,JUBLPHARMA,JUBILANT PHARMOVA LTD,956.0,1021.55,953.3,997.75,950.3,1366696
2026-09-08,JMA,JULLUNDUR MOT AGENCY LTD,91.79,91.79,88.35,89.14,90.04,7394
2026-09-08,JNPR,JUNIPER GREEN ENERGY LTD,259.05,267.5,252.5,264.1,260.65,742430
2026-09-08,JUNIPER,JUNIPER HOTELS LIMITED,217.5,217.5,212.72,215.75,215.33,71832
2026-09-08,JLHL,JUPITER LIFE LINE HOSP L,285.4,287.0,280.35,283.35,285.4,33842
2026-09-08,JWL,JUPITER WAGONS LIMITED,244.0,245.15,241.5,242.41,244.99,476036
2026-09-08,JUSTDIAL,JUSTDIAL LTD.,705.0,705.0,685.5,694.25,698.75,162622
2026-09-08,JYOTHYLAB,JYOTHY LABS LIMITED,195.1,196.01,192.3,194.59,195.1,457936
2026-09-08,JYOTICNC,JYOTI CNC AUTOMATION LTD,1020.0,1058.85,1012.45,1037.2,1020.65,1316914
2026-09-08,JYOTIRES,JYOTI RESINS & ADHESIVE L,875.95,880.0,866.5,873.95,868.75,8040
2026-09-08,JYOTISTRUC,JYOTI STRUCTURES LTD,10.29,10.85,10.05,10.42,10.16,14533173
2026-09-08,KJMCFIN,K J M C FINANCIAL SERV L,61.84,64.89,61.54,62.54,61.84,1447
2026-09-08,KMCSHIL,K M C SPECIALITY HOSP I L,138.59,138.59,134.61,137.59,135.73,73643
2026-09-08,KMSUGAR,K M SUGAR MILLS LTD,30.6,30.95,30.05,30.31,30.71,153322
2026-09-08,KPEL,K.P. ENERGY LIMITED,242.0,242.21,235.0,235.88,241.85,359793
2026-09-08,KABRAEXTRU,KABRA EXTRUSION TECHNIK L,639.5,677.75,639.0,656.45,634.5,524936
2026-09-08,KAJARIACER,KAJARIA CERAMICS LTD,1220.4,1254.6,1213.7,1250.2,1220.5,255311
2026-09-08,KAKATCEM,KAKATIYA CEM SUGAR &IND L,109.14,112.0,108.7,111.14,109.14,915
2026-09-08,KALPATARU,KALPATARU LIMITED,275.35,275.35,271.0,272.15,275.9,25325
2026-09-08,KPIL,KALPATARU PROJECT INT LTD,1430.9,1444.8,1393.3,1397.5,1424.4,132996
2026-09-08,KALYANKJIL,KALYAN JEWELLERS IND LTD,591.0,618.9,587.1,612.6,591.0,10713234
2026-09-08,KICL,KALYANI INVEST CO LTD,5166.0,5234.5,5074.5,5144.0,5196.0,982
2026-09-08,KSL,KALYANI STEELS LIMITED,951.05,959.0,900.0,907.8,941.45,117932
2026-09-08,KAMAHOLD,KAMA HOLDINGS LTD.,2336.5,2336.5,2316.1,2318.7,2331.1,1318
2026-09-08,KAMANWALA,KAMANWALA HOUSING CONST L,16.5,16.9,16.5,16.5,16.53,2514
2026-09-08,KAMATHOTEL,KAMAT HOTELS (I) LTD,226.2,234.79,223.02,232.18,228.19,103818
2026-09-08,KAMOPAINTS,KAMDHENU VENTURES LIMITED,4.4,4.55,4.37,4.45,4.4,331028
2026-09-08,KANANIIND,KANANI INDUSTRIES LTD,1.51,1.54,1.51,1.53,1.52,86175
2026-09-08,KANCHI,KANCHI KARPOORAM LTD.,403.05,407.0,394.0,403.95,403.05,862
2026-09-08,KANCOTEA,KANCO TEA & INDS. LTD.,56.0,56.0,52.99,55.89,56.4,218
2026-09-08,KANPRPLA,KANPUR PLASTIPACK LIMITED,238.1,246.0,233.55,242.1,240.1,25065
2026-09-08,KANSAINER,KANSAI NEROLAC PAINTS LTD,194.27,194.5,191.14,193.4,194.28,173879
2026-09-08,KAPSTON,KAPSTON SERVICES LIMITED,570.4,577.05,561.0,573.65,566.5,21702
2026-09-08,KARMAENG,KARMA ENERGY LIMITED,37.7,37.99,36.8,37.18,37.3,445
2026-09-08,KTKBANK,KARNATAKA BANK LIMITED,333.6,335.7,328.0,334.25,333.6,2015693
2026-09-08,KARURVYSYA,KARUR VYSYA BANK LTD,341.6,343.65,334.8,341.15,341.7,1450597
2026-09-08,KSCL,KAVERI SEED CO. LTD.,729.5,734.9,724.3,728.5,732.3,44628
2026-09-08,KAVDEFENCE,KAVVERI DFS & WIR TEC LTD,67.98,68.5,63.0,64.62,66.51,521569
2026-09-08,KAYNES,KAYNES TECHNOLOGY IND LTD,3614.0,3685.0,3581.0,3610.0,3604.0,686828
2026-09-08,KCP,KCP LTD,162.1,164.08,161.78,162.11,163.3,57528
2026-09-08,KDGREEN,KD GREEN INDUSTRIES LTD,48.9,48.9,47.01,47.36,48.57,35522
2026-09-08,KDDL,KDDL LIMITED,3990.9,4013.7,3940.1,3965.7,3991.9,22322
2026-09-08,KEC,KEC INTL. LIMITED,401.65,407.25,401.65,405.7,401.65,468357
2026-09-08,KEI,KEI INDUSTRIES LTD.,4701.0,4783.0,4666.0,4697.5,4704.0,1080574
2026-09-08,KELLTONTEC,KELLTON TECH SOL LTD,13.69,14.09,13.56,13.69,13.62,1924147
2026-09-08,KENNAMET,KENNAMETAL INDIA LIMITED,4690.0,4770.0,4602.0,4654.4,4693.0,21053
2026-09-08,KERNEX,KERNEX MICROSYS(I) LTD,1774.8,1775.9,1713.0,1732.0,1769.3,171873
2026-09-08,KKCL,KEWAL KIRAN CLOTHING LTD,506.4,508.95,498.1,501.5,504.5,21476
2026-09-08,KEYFINSERV,KEYNOTE FIN SERV LTD.,246.05,264.6,246.05,250.25,248.6,624
2026-09-08,RUSTOMJEE,KEYSTONE REALTORS LIMITED,367.0,369.0,351.05,357.55,366.9,588269
2026-09-08,KFINTECH,KFIN TECHNOLOGIES LIMITED,922.5,929.65,915.6,925.1,922.5,382500
2026-09-08,KHAITANLTD,KHAITAN (INDIA)LTD.,159.0,164.0,155.0,160.99,162.35,5036
2026-09-08,KHAICHEM,KHAITAN CHEM & FERT LTD,53.65,54.41,52.23,52.83,53.6,149643
2026-09-08,KHANDSE,KHANDWALA SECURITIES LTD,18.0,18.4,16.75,18.2,17.61,1221
2026-09-08,KLBRENG-B,KILBURN ENGINEERING LTD.,461.2,463.45,450.05,459.7,461.2,189596
2026-09-08,KINGFA,KINGFA SCI & TEC IND LTD.,6099.0,6137.0,5993.5,6037.0,6056.5,12243
2026-09-08,KIOCL,KIOCL LIMITED,376.5,379.15,372.1,377.1,376.5,54542
2026-09-08,KIRANVYPAR,KIRAN VYAPAR LTD.,205.0,208.43,198.01,203.33,204.65,2460
2026-09-08,KIRIINDUS,KIRI INDUSTRIES LIMITED,585.0,603.5,569.0,588.1,583.2,2404145
2026-09-08,KIRLOSBROS,KIRLOSKAR BROTHERS LTD,1829.0,1860.9,1825.0,1853.3,1832.4,15551
2026-09-08,KECL,KIRLOSKAR ELECTRIC CO LTD,123.78,126.35,119.59,121.14,122.93,127638
2026-09-08,KIRLFER,KIRLOSKAR FERROUS IND LTD,457.85,465.3,457.35,459.9,460.1,63385
2026-09-08,KIRLOSIND,KIRLOSKAR INDUSTRIES LTD,3705.1,3719.9,3670.0,3677.6,3715.1,2188
2026-09-08,KIRLOSENG,KIRLOSKAR OIL ENG LTD,2180.0,2285.0,2163.9,2272.8,2174.8,516056
2026-09-08,KIRLPNU,KIRLOSKAR PNEUMATIC COM L,758.1,762.0,742.0,745.0,760.15,249261
2026-09-08,KITEX,KITEX GARMENTS LTD,126.71,129.4,125.51,127.1,127.77,304944
2026-09-08,KNAGRI,KN AGRI RESOURCES LIMITED,202.5,203.96,199.81,202.25,201.18,5211
2026-09-08,KNACK,KNACK PACKAGING LIMITED,185.93,186.69,182.7,183.91,185.93,638148
2026-09-08,KMEW,KNOWLEDGE MARINE & EN W L,2983.8,3025.8,2944.0,2985.6,2961.6,59769
2026-09-08,KNRCON,KNR CONSTRU LTD.,122.0,122.47,118.55,119.72,122.75,860201
2026-09-08,KOHINOOR,KOHINOOR FOODS LIMITED,30.85,31.9,30.4,31.41,30.87,195203
2026-09-08,KOKUYOCMLN,KOKUYO CAMLIN LIMITED,79.0,80.84,78.7,79.04,79.43,19504
2026-09-08,KOLTEPATIL,KOLTE PATIL DEV. LTD.,444.4,448.0,437.2,441.95,443.6,46482
2026-09-08,KOPRAN,KOPRAN LTD,245.87,249.99,235.0,239.51,245.87,809220
2026-09-08,GOLD1,KOTAK GOLD ETF,127.06,127.9,126.54,127.09,126.71,1041351
2026-09-08,KOTAKBANK,KOTAK MAHINDRA BANK LTD,422.3,423.85,419.0,419.25,422.1,12406799
2026-09-08,NIFTY1,KOTAK NIFTY ETF,270.8,270.8,261.56,263.3,264.2,4034945
2026-09-08,PSUBANK,KOTAK PSU BANK,84.43,84.99,83.9,84.22,84.42,41388
2026-09-08,CHEMICAL,KOTAKMAMC - CHEMICAL,30.15,30.21,30.05,30.13,30.05,218836
2026-09-08,ALPHA,KOTAKMAMC - KOTAKALPHA,53.98,54.23,53.42,54.14,53.97,719525
2026-09-08,CONS,KOTAKMAMC - KOTAKCONS,11.9,11.98,11.81,11.88,11.93,28902
2026-09-08,IT,KOTAKMAMC - KOTAKIT,33.32,33.82,33.01,33.27,33.32,602096
2026-09-08,LIQUID1,KOTAKMAMC - KOTAKLIQ,1121.69,1121.71,1121.69,1121.7,1121.56,913015
2026-09-08,LOWVOL1,KOTAKMAMC - KOTAKLOVOL,20.82,20.95,20.72,20.85,20.82,574008
2026-09-08,MIDCAP,KOTAKMAMC - KOTAKMID50,18.8,18.8,18.39,18.5,18.43,230507
2026-09-08,MNC,KOTAKMAMC - KOTAKMNC,33.04,33.14,32.87,33.11,33.04,44458
2026-09-08,SILVER1,KOTAKMAMC - KOTAKSILVE,22.6,22.7,22.32,22.46,22.32,8172584
2026-09-08,NV20,KOTAKMAMC - KTKNV20ETF,13.82,13.82,13.71,13.75,13.82,408358
2026-09-08,MID150,KOTAKMAMC - MID150,23.49,23.52,23.37,23.48,23.49,93482
2026-09-08,MOMENTUM30,KOTAKMAMC - MOMENTUM30,30.83,31.12,30.73,30.98,30.76,683196
2026-09-08,MSCIINDIA,KOTAKMAMC - MSCIINDIA,29.57,29.59,29.4,29.47,29.6,6105
2026-09-08,NEXT50ETF,KOTAKMAMC - NEXT50ETF,73.23,73.85,73.0,73.46,73.23,27338
2026-09-08,NIFTY100EW,KOTAKMAMC - NIFTY100EW,35.18,35.18,34.64,34.77,34.85,20398
2026-09-08,PVTBANK,KOTAKMAMC - PVTBANK,27.68,27.74,27.6,27.62,27.87,2839
2026-09-08,QUALITY30,KOTAKMAMC - QUALITY30,20.36,20.57,20.36,20.47,20.49,4104
2026-09-08,BANKNIFTY1,KOTAKMAMC-KOTAKBKETF,59.32,59.32,59.0,59.06,59.32,104424
2026-09-08,KOTIC,KOTHARI INDUSTRIAL CORP L,133.02,137.0,132.9,136.63,131.86,8391
2026-09-08,KOTHARIPET,KOTHARI PETROCHEM LTD,133.0,150.6,131.2,144.29,133.27,660992
2026-09-08,KOTHARIPRO,KOTHARI PRODUCTS LTD,67.9,67.9,66.3,66.43,66.16,5661
2026-09-08,KOVAI,KOVAI MEDICAL CENTER & HO,6120.0,6128.0,5970.0,6107.0,6069.0,4468
2026-09-08,KPIGREEN,KPI GREEN ENERGY LIMITED,303.55,304.45,290.55,292.05,302.6,1209981
2026-09-08,KPITTECH,KPIT TECHNOLOGIES LIMITED,562.25,563.35,556.4,562.0,562.25,1083793
2026-09-08,KPRMILL,KPR MILL LTD.,1154.8,1155.1,1118.1,1135.0,1154.7,257472
2026-09-08,KRBL,KRBL LIMITED,429.4,438.7,425.2,431.05,427.3,611988
2026-09-08,KREBSBIO,KREBS BIOCHEMICALS & IND,56.0,58.0,55.68,56.73,55.99,3193
2026-09-08,KRIDHANINF,KRIDHAN INFRA LIMITED,2.03,2.03,1.95,1.97,1.99,50857
2026-09-08,KRISHANA,KRISHANA PHOSCHEM LIMITED,182.5,185.5,181.7,183.03,182.84,596621
2026-09-08,KRISHIVAL,KRISHIVAL FOODS LIMITED,415.7,419.2,414.25,418.0,415.25,53879
2026-09-08,KRISHNADEF,KRISHNA DEF AND ALD IND L,1075.8,1122.0,1075.8,1111.6,1066.4,191647
2026-09-08,KIMS,KRISHNA INST OF MED SCI L,762.25,771.65,759.0,764.5,764.55,737239
2026-09-08,KRITI,KRITI INDUSTRIES IND LTD,62.16,64.0,61.2,61.27,62.47,8096
2026-09-08,KRITINUT,KRITI NUTRIENTS LIMITED,84.8,84.8,81.53,82.14,83.2,11169
2026-09-08,KRITIKA,KRITIKA WIRES LIMITED,5.5,5.5,5.25,5.32,5.35,81502
2026-09-08,KRN,KRN HEAT EXCHANGE N REF L,1639.9,1669.5,1591.0,1660.2,1625.4,211548
2026-09-08,KROSS,KROSS LIMITED,208.5,212.09,205.36,211.28,209.13,229386
2026-09-08,KRSNAA,KRSNAA DIAGNOSTICS LTD,564.55,565.25,544.1,546.15,564.05,76502
2026-09-08,KRYSTAL,KRYSTAL INTEGRATED SER L,661.7,667.7,647.7,663.95,661.5,3892
2026-09-08,KSB,KSB LIMITED,799.05,830.0,790.05,824.05,801.45,192730
2026-09-08,KSE,KSE LTD.,182.94,182.94,177.0,178.95,177.0,12354
2026-09-08,KSHINTL,KSH INTERNATIONAL LIMITED,1113.95,1197.0,1102.05,1176.75,1105.65,691489
2026-09-08,KSHITIJPOL,KSHITIJ POLYLINE LIMITED,3.4,3.63,3.31,3.62,3.46,4222263
2026-09-08,KSOLVES,KSOLVES INDIA LIMITED,268.0,270.0,265.15,268.2,269.1,27200
2026-09-08,KSR,KSR FOOTWEAR LIMITED,34.85,37.54,34.85,37.33,34.13,283946
2026-09-08,KUANTUM,KUANTUM PAPERS LIMITED,76.35,81.28,76.35,77.92,76.7,243518
2026-09-08,KUSUMGAR,KUSUMGAR LIMITED,570.95,573.95,561.0,565.8,571.9,131944
2026-09-08,KPL,KWALITY PHARMACEUTICALS L,3443.0,3710.0,3442.9,3661.4,3411.2,162467
2026-09-08,KWIL,KWALITY WALL'S (INDIA) L,41.1,42.09,40.5,41.48,41.12,11896172
2026-09-08,LKPSEC,L K P SECURITIES LTD.,16.61,16.61,15.15,15.35,15.42,7963
2026-09-08,LTF,L&T FINANCE LIMITED,311.1,311.9,308.3,308.3,312.5,1493719
2026-09-08,LTTS,L&T TECHNOLOGY SER. LTD.,3420.0,3440.0,3380.0,3389.1,3414.2,56454
2026-09-08,LAOPALA,LA OPALA RG LIMITED,171.2,171.78,169.3,169.92,171.96,82971
2026-09-08,LADDERUP,LADDERUP FINANCE LTD.,50.0,50.0,45.0,45.19,50.0,331
2026-09-08,LAGNAM,LAGNAM SPINTEX LIMITED,77.4,77.4,74.15,74.51,74.55,688
2026-09-08,LAHOTIOV,LAHOTI OVERSEAS LTD.,44.01,44.9,40.1,41.38,44.0,7475
2026-09-08,LFIC,LAKSHMI FIN IND CORP LTD,131.0,142.0,130.0,139.65,134.59,4098
2026-09-08,LAKSHMIMIL,LAKSHMI MILLS CO. LTD.,8045.0,8045.0,7751.0,7998.5,7734.0,9
2026-09-08,LALITHAA,LALITHAA JEWELLERY MART L,319.0,322.4,312.4,318.75,317.75,7903836
2026-09-08,LAMBODHARA,LAMBODHARA TEXTILES LTD.,136.15,140.0,131.0,138.7,134.6,15699
2026-09-08,LANCER,LANCER CONTAINER LINES L,13.01,13.1,12.51,12.62,12.96,465876
2026-09-08,LANCORHOL,LANCOR HOLDINGS LIMITED,39.7,40.36,37.8,38.02,40.12,249193
2026-09-08,LANDMARK,LANDMARK CARS LIMITED,495.0,506.0,490.85,497.95,494.1,81462
2026-09-08,LPDC,LANDMARK PR.DEV.CO.LTD,6.44,6.46,6.2,6.29,6.32,34608
2026-09-08,LANDSMILL,LANDSMILL GREEN LIMITED,0.59,0.62,0.57,0.58,0.58,5182259
2026-09-08,LT,LARSEN & TOUBRO LTD.,3988.7,3988.7,3946.1,3946.1,3999.0,1200872
2026-09-08,LASA,LASA SUPERGENERICS LTD,6.7,6.83,6.65,6.69,6.68,35670
2026-09-08,LASERPOWER,LASER POWER & INFRA LTD,313.95,317.15,303.8,305.3,310.7,507280
2026-09-08,LATENTVIEW,LATENT VIEW ANALYTICS LTD,261.75,262.05,256.95,258.05,261.7,358940
2026-09-08,LATTEYS,LATTEYS INDUSTRIES LTD,21.0,22.0,20.63,21.15,20.63,65125
2026-09-08,LAURUSLABS,LAURUS LABS LIMITED,1870.8,1952.0,1862.7,1946.9,1876.7,2115447
2026-09-08,LAXMICOT,LAXMI COTSPIN LIMITED,13.37,13.74,12.66,13.03,13.38,13257
2026-09-08,LAXMIDENTL,LAXMI DENTAL LIMITED,199.38,200.0,193.1,199.25,197.73,87536
2026-09-08,LGHL,LAXMI GOLDORNA HOUSE LTD,177.0,177.97,170.99,175.21,176.23,5650
2026-09-08,LAXMIINDIA,LAXMI INDIA FINANCE LTD,130.23,132.9,129.16,129.99,130.89,123289
2026-09-08,LXCHEM,LAXMI ORGANIC INDUS LTD,171.25,186.0,170.87,184.52,171.99,3239876
2026-09-08,LCCINFOTEC,LCC INFOTECH LTD,3.7,3.98,3.6,3.73,3.79,60140
2026-09-08,LEMERITE,LE MERITE EXPORTS LIMITED,20.7,21.0,20.4,20.67,20.72,159644
2026-09-08,IXIGO,LE TRAVENUES TECHNOLOGY L,166.04,171.42,165.89,169.96,167.39,914622
2026-09-08,LEAPIND,LEAP INDIA LIMITED,147.0,149.16,143.68,148.26,146.28,3493046
2026-09-08,THELEELA,LEELA PALACES HOTEL LTD,550.0,550.4,538.55,542.5,543.5,367701
2026-09-08,LEMONTREE,LEMON TREE HOTELS LTD,106.7,107.32,105.39,105.73,107.28,2549945
2026-09-08,LENSKART,LENSKART SOLUTIONS LTD,688.0,697.6,682.85,695.75,688.0,3755569
2026-09-08,LEXUS,LEXUS GRANITO (INDIA) LTD,13.58,13.7,13.03,13.47,13.38,5389
2026-09-08,LGBBROSLTD,LG BALAKRISHNAN & BROS,1735.4,1749.9,1698.4,1736.7,1731.7,28138
2026-09-08,LGEINDIA,LG ELECTRONICS INDIA LTD,1647.8,1680.0,1639.7,1672.2,1647.8,665219
2026-09-08,LIBAS,LIBAS CONSU PRODUCTS LTD,10.38,10.4,9.7,9.99,9.99,41124
2026-09-08,LIBERTSHOE,LIBERTY SHOES LTD,234.97,234.97,225.3,226.85,231.37,18116
2026-09-08,LICHSGFIN,LIC HOUSING FINANCE LTD,551.0,563.0,545.4,563.0,552.0,2858992
2026-09-08,LICMFGOLD,LIC MF - LIC GOLD ETF,138.4,138.5,136.65,137.2,137.1,23699
2026-09-08,LICNETFN50,LICNAMC - LICNFENGP,266.72,266.99,264.8,266.6,266.1,1157
2026-09-08,LICNETFSEN,LICNAMC - LICNFESGP,859.0,859.0,854.06,858.9,858.02,28
2026-09-08,LICNFNHGP,LICNAMC - LICNFNHGP,271.43,272.42,271.43,272.42,270.76,244
2026-09-08,LICNETFGSC,LICNAMC - LICNMFET,29.45,29.61,29.2,29.38,29.4,20294
2026-09-08,LICNMID100,LICNAMC - LICNMID100,63.39,63.95,62.9,63.65,63.32,3570
2026-09-08,LICI,LIFE INSURA CORP OF INDIA,414.1,416.25,409.75,410.75,411.5,6844270
2026-09-08,LIKHITHA,LIKHITHA INFRASTRUC LTD,205.16,206.86,202.09,203.77,205.16,29995
2026-09-08,LINC,LINC LIMITED,96.8,99.8,96.8,98.31,96.8,34538
2026-09-08,LINCOLN,LINCOLN PHARMA LTD,637.35,648.4,633.45,639.8,632.35,110673
2026-09-08,LINDEINDIA,LINDE INDIA LIMITED,6367.0,6490.5,6330.5,6380.0,6372.5,90218
2026-09-08,LLOYDSENGG,LLOYDS ENGG WORK LIMITED,83.11,83.6,81.48,81.81,83.19,3398406
2026-09-08,LLOYDSENT,LLOYDS ENTERPRISES LTD,71.99,72.55,70.5,71.05,72.28,1174168
2026-09-08,LLOYDSME,LLOYDS METALS N ENERGY L,1803.0,1821.0,1780.0,1799.3,1803.0,432002
2026-09-08,LMW,LMW LIMITED,18670.0,18734.0,18400.0,18603.0,18551.0,3287
2026-09-08,LODHA,LODHA DEVELOPERS LIMITED,1195.0,1226.2,1175.1,1212.0,1200.0,1308433
2026-09-08,LCL,LOHIA CORP LIMITED,565.0,571.5,546.0,555.8,565.5,429052
2026-09-08,LOKESHMACH,LOKESH MACHINES LTD,359.85,371.6,348.45,363.5,357.7,66524
2026-09-08,LORDSCHLO,LORDS CHLORO ALKALI LTD,141.0,141.0,137.5,138.23,138.93,9111
2026-09-08,LAL,LORENZINI APPARELS LTD,8.88,8.99,8.88,8.93,8.86,8099
2026-09-08,LOTUSCHO,LOTUS CHOCOLATE CO. LTD.,596.45,613.95,580.0,590.1,596.45,8090
2026-09-08,LOTUSEYE,LOTUS EYE HOSP & INST L,110.04,112.6,107.1,110.66,109.06,20174
2026-09-08,LOVABLE,LOVABLE LINGERIE LTD,72.0,72.0,70.02,70.41,70.96,8793
2026-09-08,LOYALTEX,LOYAL TEXTILE MILLS LTD,227.21,236.0,215.0,225.39,217.32,2534
2026-09-08,LTFOODS,LT FOODS LIMITED,449.55,466.8,447.0,455.25,448.95,1285427
2026-09-08,LTM,LTM LIMITED,4445.0,4489.1,4405.0,4430.0,4448.0,167610
2026-09-08,LUMAXTECH,LUMAX AUTO TECH LTD,1935.5,1965.0,1910.0,1955.9,1935.5,105255
2026-09-08,LUMAXIND,LUMAX INDUSTRIES LTD,6104.5,6199.0,6080.5,6133.0,6139.5,8457
2026-09-08,LUMINO,LUMINO INDUSTRIES LIMITED,116.23,118.0,107.2,108.12,114.82,21758832
2026-09-08,LUPIN,LUPIN LIMITED,2114.7,2116.0,2094.6,2104.7,2105.0,713131
2026-09-08,LUXIND,LUX INDUSTRIES LIMITED,1159.4,1169.9,1121.1,1128.4,1159.4,28385
2026-09-08,MBEL,M AND B ENGINEERING LTD,271.75,272.4,261.75,267.7,268.05,199642
2026-09-08,MKEXIM,M K EXIM (INDIA) LTD.,60.2,66.0,60.2,64.01,61.35,15243
2026-09-08,MKPL,M K PROTEINS LIMITED,4.04,4.06,3.98,3.99,4.03,93480
2026-09-08,MCL,M TEK COPPER LIMITED,58.0,59.95,58.0,59.35,57.02,108593
2026-09-08,M&MFIN,M&M FIN. SERVICES LTD,373.0,381.45,368.75,374.35,372.35,2955284
2026-09-08,MAANALU,MAAN ALUMINIUM LIMITED,116.5,119.78,113.3,114.34,115.27,54608
2026-09-08,MCCHRLS-B,MAC CHARLES (INDIA) LTD.,684.45,684.45,659.0,670.0,679.9,165
2026-09-08,MACPOWER,MACPOWER CNC MACHINES LTD,1808.8,1890.0,1808.8,1874.1,1813.7,25766
2026-09-08,MADHAVIPL,MADHAV INFRA PROJECTS L,7.91,8.07,7.86,8.03,7.91,95079
2026-09-08,MADHAV,MADHAV MARBLE & GRANITE,36.2,36.2,35.01,35.84,35.0,147
2026-09-08,MBAPL,MADHYA BHARAT AGRO P. LTD,163.0,168.48,161.5,164.37,163.01,1449405
2026-09-08,MADRASFERT,MADRAS FERTILISERS LTD,65.0,66.2,64.16,64.37,64.56,63088
2026-09-08,MAFATIND,MAFATLAL INDUSTRIES LTD.,121.0,122.28,119.41,120.56,121.83,51795
2026-09-08,MAGADSUGAR,MAGADH SUGAR & ENERGY LTD,573.95,578.05,559.75,563.8,573.95,15988
2026-09-08,MCLOUD,MAGELLANIC CLOUD LIMITED,26.08,26.2,25.81,25.92,25.97,1633160
2026-09-08,MAGNUM,MAGNUM VENTURES LTD.,18.8,19.39,18.51,18.99,19.12,51361
2026-09-08,MAHAPEXLTD,MAHA RASHTRA APEX COPR. L,55.98,57.6,54.5,55.41,55.94,13567
2026-09-08,MFML,MAHALAXMI FABRIC MILLS LT,19.0,19.7,18.62,18.69,18.62,4416
2026-09-08,MGL,MAHANAGAR GAS LTD.,1088.0,1105.0,1088.0,1103.2,1092.1,89561
2026-09-08,MTNL,MAHANAGAR TELEPHONE NIGAM,26.14,26.14,25.3,25.35,26.05,971725
2026-09-08,MAHSCOOTER,MAHARASHTRA SCOOTERS LTD,13493.0,13493.0,13203.0,13267.0,13493.0,2328
2026-09-08,MAHSEAMLES,MAHARASHTRA SEAMLESS LTD,690.35,694.85,676.05,680.65,688.95,209156
2026-09-08,M&M,MAHINDRA & MAHINDRA LTD,3145.0,3163.0,3096.3,3160.0,3160.0,1784671
2026-09-08,MAHEPC,MAHINDRA EPC IRRIG LTD,105.0,105.0,102.0,102.75,103.17,10915
2026-09-08,MHRIL,MAHINDRA HOLIDAYS LTD,205.0,208.04,204.7,205.71,205.53,94722
2026-09-08,MAHLIFE,MAHINDRA LIFESPACE DEVLTD,360.25,368.95,356.3,366.15,360.15,64994
2026-09-08,MAHLOG,MAHINDRA LOGISTIC LIMITED,401.0,409.8,401.0,408.85,403.2,124819
2026-09-08,MAITHANALL,MAITHAN ALLOYS LTD,1119.4,1119.4,1058.45,1061.2,1103.85,147472
2026-09-08,MAKERSL,MAKERS LABORATORIES LTD.,191.0,191.0,182.01,184.63,186.75,1226
2026-09-08,MALLCOM,MALLCOM (INDIA) LIMITED,962.55,999.9,962.55,981.65,977.3,3595
2026-09-08,MALUPAPER,MALU PAPER MILLS LIMITED,33.44,34.77,33.1,34.59,33.07,95722
2026-09-08,MAMATA,MAMATA MACHINERY LIMITED,410.45,428.9,410.0,425.7,413.5,107076
2026-09-08,MANAKCOAT,MAN COAT METAL & IND LTD,120.8,124.0,118.15,122.93,121.15,184446
2026-09-08,MANINDS,MAN INDUSTRIES (I) LTD.,829.4,844.4,809.5,821.7,819.4,728342
2026-09-08,MANINFRA,MAN INFRA LTD,124.75,131.0,123.15,127.75,124.42,4913934
2026-09-08,MANAKALUCO,MANAK ALUMINIUM CO. LTD.,39.65,41.8,38.11,39.22,39.44,260095
2026-09-08,MANAKSIA,MANAKSIA LTD.,67.9,70.0,65.01,67.72,66.36,256172
2026-09-08,MANALIPETC,MANALI PETROCHEMICALS LT,86.0,93.0,85.0,90.08,86.16,8519441
2026-09-08,MANAPPURAM,MANAPPURAM FINANCE LTD,328.05,329.0,323.4,325.0,325.6,2253307
2026-09-08,MANBA,MANBA FINANCE LIMITED,132.0,134.38,129.5,130.67,130.79,73039
2026-09-08,MANCREDIT,MANGAL CREDIT N FINCORP L,225.96,227.39,218.1,221.22,226.94,142107
2026-09-08,MEIL,MANGAL ELECTRICAL IND L,276.95,290.0,276.95,286.7,279.25,58432
2026-09-08,MANGLMCEM,MANGALAM CEMENT LTD,1084.6,1095.0,1054.0,1062.5,1090.2,72542
2026-09-08,MANGALAM,MANGALAM DRUG & CHEM LTD,30.1,30.1,28.83,29.33,29.57,14010
2026-09-08,MGEL,MANGALAM GLOBAL ENT LTD,15.9,16.2,15.41,15.5,15.72,5958460
2026-09-08,MANORG,MANGALAM ORGANICS LIMITED,498.65,505.45,476.15,496.75,494.7,10371
2026-09-08,MSL,MANGALAM SEEDS LTD.,149.0,150.0,140.0,140.1,144.0,616
2026-09-08,MWL,MANGALAM WORLDWIDE LTD,38.93,39.35,37.51,37.65,38.5,242086
2026-09-08,MANIPALHOS,MANIPAL HEALTH ENTERPRI L,729.75,729.95,710.3,718.95,727.25,1687125
2026-09-08,MANKIND,MANKIND PHARMA LIMITED,2318.0,2330.8,2301.0,2309.0,2318.0,186335
2026-09-08,MVGJL,MANOJ VAIBHAV GEM N JEW L,233.99,233.99,205.25,210.72,215.88,3734364
2026-09-08,MANOMAY,MANOMAY TEX INDIA LTD,238.49,240.0,223.0,232.8,234.48,157491
2026-09-08,MANORAMA,MANORAMA INDUSTRIES LTD,2003.6,2149.5,1986.1,2132.9,2003.6,623511
2026-09-08,MARALOVER,MARAL OVERSEAS LTD,65.5,68.89,64.0,65.83,64.26,144795
2026-09-08,MARATHON,MARATHON NXTGEN REALT LTD,463.95,467.4,443.65,446.35,459.5,161308
2026-09-08,MARICO,MARICO LIMITED,806.55,825.45,801.35,823.9,806.0,1525669
2026-09-08,MARINE,MARINE ELECTRICAL (I) LTD,415.5,432.3,413.8,416.45,419.95,520027
2026-09-08,MARKOLINES,MARKOLINES PAVEMENT TEC L,174.9,178.25,172.96,177.17,175.36,335864
2026-09-08,MARKSANS,MARKSANS PHARMA LIMITED,337.5,349.95,331.6,335.9,335.05,5090238
2026-09-08,MARSONS,MARSONS LIMITED,129.0,133.89,128.5,131.07,128.83,4113139
2026-09-08,MARUTI,MARUTI SUZUKI INDIA LTD.,12758.0,12758.0,12582.0,12641.0,12760.0,356860
2026-09-08,MASFIN,MAS FINANCIAL SERV LTD,293.05,297.1,289.3,290.15,295.25,252561
2026-09-08,MASTEK,MASTEK LTD,1691.7,1703.9,1647.9,1654.2,1691.7,82667
2026-09-08,MASTERTR,MASTER TRUST LIMITED,88.0,100.0,87.79,92.09,88.86,4022552
2026-09-08,MATRIMONY,MATRIMONY.COM LIMITED,519.4,522.45,514.0,516.05,521.45,13400
2026-09-08,MAWANASUG,MAWANA SUGARS LIMITED,143.23,146.11,142.11,142.51,145.11,122119
2026-09-08,MAXESTATES,MAX ESTATES LIMITED,539.0,545.0,534.0,538.15,543.2,63067
2026-09-08,MFSL,MAX FINANCIAL SERV LTD,1511.0,1527.0,1485.0,1498.7,1520.0,589318
2026-09-08,MAXHEALTH,MAX HEALTHCARE INS LTD,992.5,996.9,982.4,993.0,992.0,1922846
2026-09-08,MAXIND,MAX INDIA LIMITED,147.18,150.73,147.0,147.22,147.69,38514
2026-09-08,MAYURUNIQ,MAYUR UNIQUOTERS LTD,709.05,752.35,702.0,740.55,712.4,248868
2026-09-08,MAZDOCK,MAZAGON DOCK SHIPBUIL LTD,2454.2,2479.5,2435.6,2466.4,2454.2,588746
2026-09-08,MBLINFRA,MBL INFRASTRUCTURE LTD,22.85,24.25,22.84,23.97,23.35,57023
2026-09-08,MCLEODRUSS,MCLEOD RUSSEL INDIA LTD.,45.26,45.9,44.7,44.96,45.17,241071
2026-09-08,MEDIASSIST,MEDI ASSIST HEALTH SER L,336.5,338.9,330.0,331.25,336.5,123852
2026-09-08,MEDICAPQ,MEDI CAPS LTD.,27.0,27.9,25.0,25.62,26.9,772
2026-09-08,MMWL,MEDIA MATRIX WORLDWIDE L,14.63,14.99,13.77,13.99,14.34,57368
2026-09-08,MEDICAMEQ,MEDICAMEN BIOTECH LIMITED,282.0,287.8,275.0,285.75,279.25,60359
2026-09-08,MEDICO,MEDICO REMEDIES LIMITED,41.11,41.11,39.03,39.28,40.77,200705
2026-09-08,MEDPLUS,MEDPLUS HEALTH SERV LTD,656.0,667.0,655.8,663.45,659.7,76126
2026-09-08,MEESHO,MEESHO LIMITED,210.3,213.9,208.71,211.06,210.3,18323130
2026-09-08,MEGASTAR,MEGASTAR FOODS LIMITED,309.0,309.0,287.25,288.85,300.1,5602
2026-09-08,MOL,MEGHMANI ORGANICS LIMITED,65.75,67.68,64.85,65.82,65.73,1508309
2026-09-08,MIIL,MEGHNA INFRACON INFRA L,719.0,725.85,700.5,704.6,710.15,68291
2026-09-08,MENNPIS,MENON PISTONS LTD.,82.99,85.8,82.24,84.28,81.72,357684
2026-09-08,MERCANTILE,MERCANTILE VENTURES LTD.,24.92,27.2,23.73,24.72,24.43,327810
2026-09-08,MERCURYEV,MERCURY EV-TECH LIMITED,37.68,38.75,36.75,38.38,37.4,1533143
2026-09-08,METROBRAND,METRO BRANDS LIMITED,934.55,952.0,926.2,948.55,934.5,29527
2026-09-08,METROGLOBL,METROGLOBAL LTD.,140.0,140.0,138.0,139.9,140.0,220
2026-09-08,METROPOLIS,METROPOLIS HEALTHCARE LTD,578.0,588.75,577.3,582.2,577.75,280010
2026-09-08,MIDWESTLTD,MIDWEST LIMITED,1066.5,1093.0,1058.1,1078.4,1062.6,11134
2026-09-08,MLKFOOD,MILKFOOD LTD.,85.8,87.99,82.1,84.87,85.8,2618
2026-09-08,MILKYMIST,MILKY MIST DAIRY FOOD L,278.0,288.45,270.65,275.97,276.01,15671478
2026-09-08,MINDACORP,MINDA CORPORATION LTD,692.0,711.0,690.05,708.3,695.55,176980
2026-09-08,MINDTECK,MINDTECK (INDIA) LIMITED,168.74,171.97,160.1,165.0,168.74,59413
2026-09-08,ALPHAETF,MIRAEAMC - ALPHAETF,26.5,26.8,26.5,26.71,26.57,826651
2026-09-08,BANKETF,MIRAEAMC - BANKETF,582.09,582.09,578.45,579.02,581.69,11089
2026-09-08,BANKPSU,MIRAEAMC - BANKPSU,84.94,85.14,84.6,84.89,84.91,13314
2026-09-08,CONSUMER,MIRAEAMC - CONSUMER,11.97,11.99,11.89,11.98,11.95,353916
2026-09-08,DEFENCE,MIRAEAMC - DEFENCE,82.51,83.9,82.5,83.81,82.04,281076
2026-09-08,DIVIDEND,MIRAEAMC - DIVIDEND,35.17,35.37,35.14,35.24,35.32,3316
2026-09-08,ENERGY,MIRAEAMC - ENERGY,38.22,38.5,38.17,38.45,38.15,383910
2026-09-08,EQUAL200,MIRAEAMC - EQUAL200,14.06,14.06,13.69,13.74,13.72,23344
2026-09-08,EQUAL50,MIRAEAMC - EQUAL50,327.1,327.47,326.46,327.03,327.67,3692
2026-09-08,EVINDIA,MIRAEAMC - EVINDIA,32.64,32.64,32.15,32.4,32.38,176645
2026-09-08,HEALTHCARE,MIRAEAMC - HEALTHCARE,21.67,21.88,21.62,21.82,21.64,25981
2026-09-08,HYBRIDETF,MIRAEAMC - HYBRIDETF,10.08,10.1,10.05,10.07,10.05,7198
2026-09-08,INFRA,MIRAEAMC - INFRA,11.97,12.04,11.95,12.01,11.98,31381
2026-09-08,INTERNET,MIRAEAMC - INTERNET,14.24,14.79,14.24,14.6,14.53,103946
2026-09-08,ITETF,MIRAEAMC - ITETF,31.93,31.94,31.52,31.7,31.78,127960
2026-09-08,LARGEMID50,MIRAEAMC - LARGEMID50,36.08,36.15,35.97,36.14,36.15,1390
2026-09-08,LIQUID,MIRAEAMC - LIQUID,999.99,1000.0,999.99,999.99,999.99,89026
2026-09-08,LIQUIDPLUS,MIRAEAMC - LIQUIDPLUS,1102.27,1102.27,1102.25,1102.26,1102.13,523752
2026-09-08,ESG,MIRAEAMC - MAESGETF,41.66,41.66,40.53,40.54,40.84,34414
2026-09-08,MAFANG,MIRAEAMC - MAFANG,221.6,240.0,219.6,234.98,219.37,1170160
2026-09-08,BFSI,MIRAEAMC - MAFSETF,26.29,27.04,26.29,26.78,26.97,94175
2026-09-08,GOLDETF,MIRAEAMC - MAGOLDETF,149.44,149.44,147.36,147.88,147.84,1246818
2026-09-08,GSEC10YEAR,MIRAEAMC - MAGS813ETF,30.49,30.51,30.29,30.3,30.35,3501
2026-09-08,MAHKTECH,MIRAEAMC - MAHKTECH,23.61,23.61,23.01,23.09,23.04,801802
2026-09-08,MIDCAPETF,MIRAEAMC - MAM150ETF,24.2,24.2,23.53,23.63,23.61,1090161
2026-09-08,MAKEINDIA,MIRAEAMC - MAMFGETF,167.84,167.84,164.6,165.46,164.92,31695
2026-09-08,NIFTYETF,MIRAEAMC - MAN50ETF,258.47,259.33,257.1,257.53,258.42,278731
2026-09-08,LOWVOL,MIRAEAMC - MANV30F,202.74,203.13,202.55,202.55,203.84,274
2026-09-08,NEXT50,MIRAEAMC - MANXT50,749.0,755.16,749.0,753.77,748.99,16777
2026-09-08,SILVERAG,MIRAEAMC - MASILVER,227.9,227.9,224.11,225.22,223.98,218393
2026-09-08,MASPTOP50,MIRAEAMC - MASPTOP50,85.9,98.78,85.0,97.01,85.9,1379821
2026-09-08,METAL,MIRAEAMC - METAL,13.61,13.61,13.1,13.28,13.28,1452499
2026-09-08,MIDSMALL,MIRAEAMC - MIDSMALL,52.26,52.26,51.69,51.97,51.74,150944
2026-09-08,MOMMIDCAP,MIRAEAMC - MOMMIDCAP,13.0,13.11,12.97,13.09,12.96,923584
2026-09-08,MULTICAP,MIRAEAMC - MULTICAP,16.75,16.8,16.65,16.69,16.69,59576
2026-09-08,SELECTIPO,MIRAEAMC - SELECTIPO,48.59,48.9,48.39,48.88,48.47,44164
2026-09-08,SENSEXETF,MIRAEAMC - SENSEXETF,78.98,78.98,78.0,78.19,78.59,39123
2026-09-08,SMALL250,MIRAEAMC - SMALL250,18.6,18.62,18.48,18.58,18.56,253505
2026-09-08,SMALLCAP,MIRAEAMC - SMALLCAP,49.49,49.49,49.17,49.45,49.27,1556365
2026-09-08,TOP20,MIRAEAMC - TOP20,8.81,8.81,8.77,8.78,8.83,36389
2026-09-08,VALUE,MIRAEAMC - VALUE,16.04,16.06,15.96,15.98,16.04,5909
2026-09-08,MIRZAINT,MIRZA INTERNATIONAL LIMIT,31.05,31.4,30.5,30.73,31.01,63648
2026-09-08,MIDHANI,MISHRA DHATU NIGAM LTD,422.5,482.4,421.0,477.0,419.9,36384306
2026-09-08,MITCON,MITCON CON & ENG SER LTD,81.5,84.99,79.03,80.74,80.58,7581
2026-09-08,MITTAL,MITTAL LIFE STYLE LIMITED,0.95,1.05,0.85,0.86,0.92,5554006
2026-09-08,MMFL,MM FORGINGS LTD,615.0,623.05,603.3,615.85,618.1,85647
2026-09-08,MMP,MMP INDUSTRIES LIMITED,454.75,485.0,449.5,478.5,444.95,482392
2026-09-08,MMTC,MMTC LIMITED,63.95,64.35,62.95,63.19,63.82,1051849
2026-09-08,MODTHREAD,MODERN THREADS INDIA LTD,54.7,56.6,52.7,52.96,54.7,10826
2026-09-08,MODINATUR,MODI NATURALS LIMITED,345.95,358.0,340.35,353.6,344.8,9512
2026-09-08,MODIRUBBER,MODI RUBBER LTD,128.15,133.0,117.31,124.72,128.99,6704
2026-09-08,MODIS,MODIS NAVNIRMAN LTD,383.0,387.55,369.5,376.0,383.05,38222
2026-09-08,MODISONLTD,MODISON LIMITED,481.75,499.35,475.05,499.35,475.6,243641
2026-09-08,MOHITIND,MOHIT INDUSTRIES LTD,23.58,24.85,23.5,23.5,23.73,10507
2026-09-08,MOHITE,MOHITE INDUSTRIES LTD.,2.84,2.84,2.71,2.71,2.81,31496
2026-09-08,MOIL,MOIL LIMITED,247.51,253.3,247.0,251.49,247.22,793529
2026-09-08,MOKSH,MOKSH ORNAMENTS LIMITED,10.01,10.28,9.66,10.0,10.13,105124
2026-09-08,MOLBIO,MOLBIO DIAGNOSTICS LTD,1127.2,1155.0,1110.2,1117.5,1127.2,322070
2026-09-08,MOLDTKPAC,MOLD-TEK PACKAGING LTD,695.0,708.95,694.0,697.55,697.6,30371
2026-09-08,MONARCH,MONARCH NETWORTH CAP LTD,382.9,385.05,378.65,382.45,383.25,164913
2026-09-08,MONEYBOXX,MONEYBOXX FINANCE LIMITED,59.0,59.0,56.0,56.01,56.83,8469
2026-09-08,MONTECARLO,MONTE CARLO FASHIONS LTD.,576.7,576.7,554.8,558.5,575.45,99569
2026-09-08,MOREPENLAB,MOREPEN LAB. LTD,119.5,122.55,116.0,117.16,118.88,18553011
2026-09-08,MOSCHIP,MOSCHIP TECHNOLOGIES LTD,212.8,217.74,212.66,214.26,212.6,1305405
2026-09-08,MSUMI,MOTHERSON SUMI WRNG IND L,36.65,36.77,36.34,36.61,36.9,5851346
2026-09-08,MOM100,MOTILAL OS MIDCAP100 ETF,67.83,68.11,67.62,67.91,67.83,202648
2026-09-08,MON100,MOTILAL OS NASDAQ100 ETF,339.71,349.0,331.4,344.7,336.35,1241705
2026-09-08,MOTILALOFS,MOTILAL OSWAL FIN LTD,1060.0,1060.2,1035.2,1051.5,1055.0,940774
2026-09-08,MOM50,MOTILAL OSWAL M50 ETF,246.55,248.82,246.55,247.72,249.1,4005
2026-09-08,MOGSEC,MOTILALAMC - G5,65.67,65.67,65.4,65.4,65.2,10746
2026-09-08,MOALPHA50,MOTILALAMC - MOALPHA50,55.91,56.37,55.91,56.34,56.19,14388
2026-09-08,MOBANK10,MOTILALAMC - MOBANK10,16.94,16.94,16.64,16.65,16.78,5927
2026-09-08,MOCAPITAL,MOTILALAMC - MOCAPITAL,55.48,55.51,54.27,54.52,54.82,486310
2026-09-08,MODEFENCE,MOTILALAMC - MODEFENCE,110.0,110.0,107.24,109.72,107.24,2477617
2026-09-08,MOENERGY,MOTILALAMC - MOENERGY,38.07,38.52,37.65,38.4,37.89,203649
2026-09-08,MOGOLD,MOTILALAMC - MOGOLD,152.35,152.35,148.5,150.6,150.25,25620
2026-09-08,MOHEALTH,MOTILALAMC - MOHEALTH,51.89,52.65,51.53,52.6,51.89,44974
2026-09-08,MOINFRA,MOTILALAMC - MOINFRA,58.51,58.58,58.21,58.5,58.51,1767
2026-09-08,MOIPO,MOTILALAMC - MOIPO,48.66,48.95,48.4,48.7,48.66,31298
2026-09-08,MOLOWVOL,MOTILALAMC - MOLOWVOL,35.93,35.93,35.57,35.67,35.93,9592
2026-09-08,MOMENTUM50,MOTILALAMC - MOMENTUM50,54.87,55.03,53.85,54.92,54.33,461988
2026-09-08,MOMETAL,MOTILALAMC - MOMETAL,13.24,14.49,12.97,13.18,13.2,11452
2026-09-08,MOMGF,MOTILALAMC - MOMGF,162.05,162.65,161.24,161.24,161.86,1441
2026-09-08,MOMIDMTM,MOTILALAMC - MOMIDMTM,64.93,64.99,64.12,64.87,64.44,57210
2026-09-08,MOMNC,MOTILALAMC - MOMNC,32.0,32.1,31.97,32.1,32.02,1922
2026-09-08,MOMOMENTUM,MOTILALAMC - MOMOMENTUM,63.3,63.3,62.06,62.43,62.06,72915
2026-09-08,MON50EQUAL,MOTILALAMC - MON50EQUAL,32.85,32.9,32.7,32.84,33.08,2791
2026-09-08,MONEXT50,MOTILALAMC - MONEXT50,72.69,72.88,72.39,72.83,72.41,3270
2026-09-08,MONIFTY100,MOTILALAMC - MONIFTY100,25.04,25.06,24.9,24.94,25.15,9124
2026-09-08,MONIFTY500,MOTILALAMC - MONIFTY500,23.83,23.83,23.65,23.72,23.78,1370066
2026-09-08,MONQ50,MOTILALAMC - MONQ50,168.19,196.9,164.0,195.77,164.09,1072859
2026-09-08,MOOILGAS,MOTILALAMC - MOOILGAS,11.11,11.13,11.02,11.05,11.12,5658
2026-09-08,MOPSE,MOTILALAMC - MOPSE,99.0,99.46,98.92,99.46,99.05,158
2026-09-08,MOQUALITY,MOTILALAMC - MOQUALITY,198.72,199.75,197.98,199.27,197.14,227
2026-09-08,MOREALTY,MOTILALAMC - MOREALTY,96.0,96.0,88.63,89.78,89.89,721102
2026-09-08,MOSERVICE,MOTILALAMC - MOSERVICE,30.96,30.96,30.4,30.45,30.65,4837
2026-09-08,MOSILVER,MOTILALAMC - MOSILVER,229.0,231.19,227.43,229.24,227.8,21905
2026-09-08,MOSMALL250,MOTILALAMC - MOSMALL250,18.08,18.67,18.08,18.58,18.55,921584
2026-09-08,MOTOUR,MOTILALAMC - MOTOUR,77.01,77.5,76.86,77.49,77.37,7406
2026-09-08,MOVALUE,MOTILALAMC - MOVALUE,112.5,112.61,111.5,111.69,112.05,38358
2026-09-08,MOTISONS,MOTISONS JEWELLERS LTD,16.8,16.86,15.83,16.13,16.77,23666142
2026-09-08,MOTOGENFIN,MOTOR & GENERAL FINANCE L,32.23,32.25,25.3,27.45,31.37,337537
2026-09-08,MPHASIS,MPHASIS LIMITED,2374.0,2374.0,2335.1,2355.0,2369.1,346120
2026-09-08,MPSLTD,MPS LIMITED,2625.0,2759.6,2606.0,2749.1,2635.7,16092
2026-09-08,MRF,MRF LTD,128750.0,129290.0,128000.0,128245.0,128890.0,2712
2026-09-08,MRPL,MRPL,174.43,176.26,170.75,172.96,173.19,5180617
2026-09-08,BECTORFOOD,MRS BECTORS FOOD SPE LTD,230.69,232.65,227.93,230.35,230.65,650239
2026-09-08,MSPL,MSP STEEL & POWER LTD.,34.78,35.2,34.53,34.95,34.78,279294
2026-09-08,MSTCLTD,MSTC LIMITED,790.7,805.0,754.35,778.55,785.65,557776
2026-09-08,MUFIN,MUFIN GREEN FINANCE LTD,136.24,138.33,135.0,135.35,136.17,616664
2026-09-08,MUKANDLTD,MUKAND LTD.,136.42,138.2,135.45,137.66,136.9,72527
2026-09-08,MUKESHB,MUKESH BABU FINANC SER L,133.45,135.0,133.45,133.45,133.84,1371
2026-09-08,MUKKA,MUKKA PROTEINS LIMITED,32.53,32.78,30.34,30.72,32.15,1863127
2026-09-08,MCX,MULTI COMMODITY EXCHANGE,3350.0,3366.4,3279.9,3342.0,3330.2,1433417
2026-09-08,MUNJALAU,MUNJAL AUTO IND. LTD.,115.99,115.99,112.3,112.8,116.04,319567
2026-09-08,MUNJALSHOW,MUNJAL SHOWA LTD,128.12,130.59,126.0,128.75,129.21,35204
2026-09-08,MURUDCERA,MURUDESHWAR CERAMICS LTD,29.02,29.93,28.0,29.08,29.33,26685
2026-09-08,RADIOCITY,MUSIC BROADCAST LIMITED,6.25,6.25,6.0,6.11,6.23,55539
2026-09-08,MUTHOOTCAP,MUTHOOT CAP SERV LTD,244.8,244.8,231.1,234.39,239.07,12823
2026-09-08,MUTHOOTFIN,MUTHOOT FINANCE LIMITED,2890.0,2899.7,2868.8,2899.7,2880.0,560448
2026-09-08,MUTHOOTMF,MUTHOOT MICROFIN LIMITED,196.54,202.45,196.2,201.57,197.93,146026
2026-09-08,MVELECTRO,MV ELECTROSYSTEMS LIMITED,820.0,917.8,815.2,883.25,806.45,18775267
2026-09-08,NRAIL,N R AGARWAL INDS LTD,599.9,648.3,589.95,644.35,589.95,144623
2026-09-08,NTCIND,N T C INDUSTRIES LTD.,139.0,139.0,133.32,136.8,134.57,3656
2026-09-08,NBIFIN,N.B.I. IND. FIN. CO. LTD,2000.0,2024.0,1962.0,1970.0,1967.7,5642
2026-09-08,NACLIND,NACL INDUSTRIES LIMITED,164.6,164.99,160.0,161.0,164.58,314539
2026-09-08,NDGL,NAGA DHUNSERI GROUP LTD,2820.0,2849.0,2775.0,2775.0,2790.0,230
2026-09-08,NAGREEKCAP,NAGREEKA CAP & INFR.LTD,23.25,24.29,22.31,23.38,23.75,3780
2026-09-08,NAGREEKEXP,NAGREEKA EXPORTS LTD.,22.5,22.87,22.05,22.39,22.31,12111
2026-09-08,NAHARCAP,NAHAR CAP & FIN.,255.25,259.85,255.2,258.9,257.85,1771
2026-09-08,NAHARINDUS,NAHAR INDS ENT LTD,140.8,140.8,135.73,137.43,139.05,13028
2026-09-08,NAHARPOLY,NAHAR POLY FILMS LIMITED,238.02,244.9,234.0,243.18,238.38,11880
2026-09-08,NAHARSPING,NAHAR SPINNING MILLS LTD.,285.0,294.5,276.0,277.55,286.15,100649
2026-09-08,NGIL,NAKODA GROUP OF IND. LTD,40.11,40.11,36.91,37.73,40.11,37163
2026-09-08,NSIL,NALWA SONS INVESTMENT LTD,5656.0,5723.0,5650.0,5660.0,5677.0,973
2026-09-08,NDL,NANDAN DENIM LIMITED,3.02,3.03,2.91,2.92,2.98,1104958
2026-09-08,JAIPURKURT,NANDANI CREATION LIMITED,25.09,25.97,25.09,25.71,25.49,7292
2026-09-08,NH,NARAYANA HRUDAYALAYA LTD.,1910.0,1924.0,1887.0,1897.4,1911.8,126279
2026-09-08,NARMADA,NARMADA AGROBASE LIMITED,14.38,14.99,13.96,14.78,14.39,852012
2026-09-08,NATCOPHARM,NATCO PHARMA LTD.,838.3,846.85,823.4,825.75,838.3,302502
2026-09-08,NATHBIOGEN,NATH BIO-GENES (I) LTD,152.27,153.95,149.98,152.01,152.65,17414
2026-09-08,NATIONALUM,NATIONAL ALUMINIUM CO LTD,370.7,378.3,367.8,371.05,365.9,5469151
2026-09-08,NFL,NATIONAL FERT. LTD,70.2,71.28,70.11,70.35,70.32,444515
2026-09-08,NATIONSTD,NATIONAL STAND (INDIA) L,106.0,109.96,104.82,109.95,104.73,18469
2026-09-08,NAVA,NAVA LIMITED,559.95,559.95,551.0,554.55,556.25,133022
2026-09-08,NAVINFLUOR,NAVIN FLUORINE INT. LTD,8552.0,8754.0,8505.5,8731.0,8603.5,118511
2026-09-08,NAVKARCORP,NAVKAR CORPORATION LTD.,95.5,96.97,94.11,94.75,96.02,224450
2026-09-08,NAVNETEDUL,NAVNEET EDUCATION LTD,131.6,131.6,130.0,130.16,131.84,32431
2026-09-08,NAZARA,NAZARA TECHNOLOGIES LTD,368.0,370.7,366.0,368.4,370.3,510005
2026-09-08,NBCC,NBCC (INDIA) LIMITED,85.54,86.1,84.88,86.0,86.0,4783728
2026-09-08,NCC,NCC LIMITED,150.6,152.5,147.55,148.65,150.67,3150554
2026-09-08,NCLIND,NCL INDUSTRIES LIMITED,177.65,177.65,175.82,176.65,178.3,11552
2026-09-08,NDLVENTURE,NDL VENTURES LIMITED,121.1,128.8,121.1,126.18,120.57,23689
2026-09-08,NDRAUTO,NDR AUTO COMPONENTS LTD,717.1,727.15,710.05,717.65,721.45,10845
2026-09-08,NDTV,NDTV LTD,73.8,74.8,72.15,73.03,72.87,43052
2026-09-08,NECLIFE,NECTAR LIFESCIENCES LTD.,12.2,12.45,12.08,12.15,12.07,240705
2026-09-08,NEAGI,NEELAMALAI AGRO INDS. L,3449.0,3470.0,3449.0,3470.0,3449.0,10
2026-09-08,NELCAST,NELCAST LIMITED,114.8,115.9,113.0,114.18,114.77,53757
2026-09-08,NELCO,NELCO LTD,933.0,1019.0,917.6,973.1,933.2,1910138
2026-09-08,NEOGEN,NEOGEN CHEMICALS LIMITED,2223.2,2250.0,2175.7,2213.0,2207.1,88409
2026-09-08,NEPHROPLUS,NEPHROCARE HEALTH SERV L,713.0,748.6,707.1,744.1,710.85,659007
2026-09-08,NESCO,NESCO LTD.,1085.0,1140.0,1072.6,1117.1,1076.0,221569
2026-09-08,NESTLEIND,NESTLE INDIA LIMITED,1397.4,1415.1,1392.9,1400.5,1398.0,1260068
2026-09-08,NETWEB,NETWEB TECH INDIA LTD,5186.0,5228.5,5071.5,5087.5,5157.0,812405
2026-09-08,NPST,NETWORK PEOPLE SRV TECH L,1748.3,1753.5,1692.2,1716.5,1740.4,22167
2026-09-08,NETWORK18,NETWORK18 MEDIA & INV LTD,27.5,27.63,27.18,27.3,27.64,3399137
2026-09-08,NEULANDLAB,NEULAND LAB LTD.,23010.0,24100.0,23010.0,23995.0,22870.0,82211
2026-09-08,NEWGEN,NEWGEN SOFTWARE TECH LTD,519.0,520.4,513.0,514.0,520.7,474948
2026-09-08,NEXTMEDIA,NEXT MEDIAWORKS LIMITED,3.76,3.91,3.72,3.86,3.76,31530
2026-09-08,NGLFINE,NGL FINE CHEM LIMITED,2887.3,2911.8,2736.6,2811.6,2873.0,9484
2026-09-08,NHPC,NHPC LTD,75.76,76.0,74.9,75.9,76.0,10135531
2026-09-08,NIBE,NIBE LIMITED,1310.0,1357.8,1310.0,1331.5,1318.0,44934
2026-09-08,NICCOPAR,NICCO PARKS & RESORTS LTD,81.25,83.0,80.11,80.33,79.27,1268
2026-09-08,NIITMTS,NIIT LEARNING SYSTEMS LTD,221.0,225.0,220.21,223.51,220.72,89450
2026-09-08,NIITLTD,NIIT LIMITED,97.02,99.37,95.01,95.34,97.22,233060
2026-09-08,NILAINFRA,NILA INFRASTRUCTURES LTD,6.67,7.0,6.4,6.62,6.71,372115
2026-09-08,NILASPACES,NILA SPACES LIMITED,12.23,13.2,12.18,12.78,12.23,3152074
2026-09-08,NILE,NILE LTD.,1478.0,1491.0,1460.5,1471.7,1459.0,2585
2026-09-08,NILKAMAL,NILKAMAL LIMITED,2060.0,2134.0,2060.0,2112.0,2063.2,26213
2026-09-08,NIMBSPROJ,NIMBUS PROJECTS LIMITED,150.0,150.68,147.41,148.46,143.51,763
2026-09-08,NINSYS,NINTEC SYSTEMS LIMITED,715.0,715.0,703.2,709.1,705.85,3691
2026-09-08,BANKBEES,NIP IND ETF BANK BEES,593.7,593.77,588.3,589.09,591.58,329432
2026-09-08,CONSUMBEES,NIP IND ETF CONSUMPTION,128.42,129.68,127.83,129.15,129.07,78677
2026-09-08,DIVOPPBEES,NIP IND ETF DIV OPP,76.36,76.36,75.61,75.74,76.06,60917
2026-09-08,NV20BEES,NIP IND ETF ETF NV20,138.43,138.43,137.26,137.75,138.43,14767
2026-09-08,GOLDBEES,NIP IND ETF GOLD BEES,126.0,126.7,125.29,125.84,125.58,19795291
2026-09-08,HNGSNGBEES,NIP IND ETF HANGSENG BEES,477.51,477.51,466.0,466.97,469.32,66894
2026-09-08,INFRABEES,NIP IND ETF INFRA BEES,949.48,951.07,943.89,947.27,949.48,5487
2026-09-08,ITBEES,NIP IND ETF IT,33.64,33.64,33.01,33.27,33.33,5640650
2026-09-08,JUNIORBEES,NIP IND ETF JUNIOR BEES,788.78,790.0,783.46,787.59,786.26,233675
2026-09-08,LIQUIDBEES,NIP IND ETF LIQUID BEES,1000.0,1000.02,999.99,1000.0,999.99,2577615
2026-09-08,LTGILTBEES,NIP IND ETF LONGTERM GILT,30.61,30.61,29.86,29.89,29.87,907482
2026-09-08,MID150BEES,NIP IND ETF MIDCAP 150,242.99,242.99,237.91,239.02,239.11,441323
2026-09-08,NIF100BEES,NIP IND ETF NIFTY 100,265.38,265.38,262.92,263.3,264.6,36800
2026-09-08,NIFTYBEES,NIP IND ETF NIFTY BEES,271.64,271.64,269.79,270.05,271.21,6629541
2026-09-08,PSUBNKBEES,NIP IND ETF PSU BANK BEES,95.6,95.6,93.71,93.97,94.21,1124101
2026-09-08,SHARIABEES,NIP IND ETF SHARIAH BEES,447.05,447.05,444.41,446.23,447.05,6020
2026-09-08,NAM-INDIA,NIPPON L I A M LTD,1194.0,1195.0,1180.0,1188.9,1195.0,664071
2026-09-08,LIQGRWBEES,NIPPONAMC - LIQGRWBEES,1054.68,1054.7,1054.68,1054.68,1054.56,35963
2026-09-08,MANUFGBEES,NIPPONAMC - MANUFGBEES,163.16,163.65,162.43,162.66,162.77,8323
2026-09-08,AUTOBEES,NIPPONAMC - NETFAUTO,286.69,288.0,284.05,286.83,286.85,187168
2026-09-08,PHARMABEES,NIPPONAMC - NETFPHARMA,28.08,28.08,27.34,27.66,27.4,4041902
2026-09-08,SILVERBEES,NIPPONAMC - NETFSILVER,222.3,223.65,220.01,221.17,219.96,16238547
2026-09-08,SNXT30BEES,NIPPONAMC - SNXT30BEES,42.35,42.48,42.22,42.25,42.36,5301
2026-09-08,NIRAJ,NIRAJ CEMENT STRUC LTD,29.55,29.55,28.0,28.18,28.88,31085
2026-09-08,NIRLON,NIRLON LTD,624.55,628.85,619.05,619.65,615.15,10847
2026-09-08,NITCO,NITCO LIMITED,93.85,94.39,92.46,93.46,93.84,414124
2026-09-08,NITINSPIN,NITIN SPINNERS LIMITED,628.0,664.4,619.8,655.1,627.45,527875
2026-09-08,NITIRAJ,NITIRAJ ENGINEERS LTD,235.95,235.95,224.0,230.92,231.04,8585
2026-09-08,NITTAGELA,NITTA GELATIN INDIA LTD.,1703.0,1706.0,1654.2,1670.5,1677.8,3735
2026-09-08,NIVABUPA,NIVA BUPA HEALTH INS CO L,81.09,81.1,80.01,80.55,80.67,309739
2026-09-08,NKIND,NK INDUSTRIES LTD,65.8,65.8,58.65,61.05,57.21,3020
2026-09-08,NLCINDIA,NLC INDIA LIMITED,269.3,272.7,268.35,272.25,269.3,725528
2026-09-08,NMDC,NMDC LTD.,84.06,84.78,83.74,84.71,83.85,12129471
2026-09-08,NSLNISP,NMDC STEEL LIMITED,46.19,46.25,44.81,45.02,45.87,4004951
2026-09-08,NOCIL,NOCIL LIMITED,172.0,186.8,171.35,185.07,172.23,6480440
2026-09-08,NOIDATOLL,NOIDA TOLL BRIDGE CO LTD,4.02,4.05,3.93,3.99,4.02,39452
2026-09-08,NORBTEAEXP,NORBEN TEA & EXPORTS LTD,67.8,69.86,66.12,69.75,67.71,1346
2026-09-08,NORTHARC,NORTHERN ARC CAPITAL LTD,307.9,313.9,302.85,310.85,306.0,1487186
2026-09-08,NOVARTIND,NOVARTIS INDIA LIMITED,1659.0,1856.0,1640.1,1822.0,1639.6,551700
2026-09-08,NRBBEARING,NRB BEARING LIMITED,484.0,492.0,475.0,489.6,483.0,360511
2026-09-08,NIBL,NRB INDUS. BEARINGS LTD.,31.0,31.85,30.3,30.36,30.71,21715
2026-09-08,NTPCGREEN,NTPC GREEN ENERGY LIMITED,88.16,88.6,87.5,88.44,88.16,1452819
2026-09-08,NTPC,NTPC LTD,330.0,333.2,328.65,330.8,332.0,7351373
2026-09-08,NUCLEUS,NUCLEUS SOFTWARE EXPORTS,712.3,720.45,712.3,717.45,718.4,8575
2026-09-08,NUVAMA,NUVAMA WEALTH MANAGE LTD,1832.5,1849.9,1786.7,1836.4,1832.4,249041
2026-09-08,NUVOCO,NUVOCO VISTAS CORP LTD,347.9,347.9,339.1,339.85,345.1,115833
2026-09-08,OBCL,OBCL LIMITED,55.26,56.5,55.05,55.63,55.03,4553
2026-09-08,OBEROIRLTY,OBEROI REALTY LIMITED,1852.0,1857.2,1820.4,1833.8,1847.5,261690
2026-09-08,ODIGMA,ODIGMA CONSULTANCY SOL L,22.98,22.98,21.41,21.99,22.46,18658
2026-09-08,ODYCORP,ODYSSEY CORPORATION LTD.,7.1,7.45,7.1,7.27,7.26,3697
2026-09-08,ONGC,OIL AND NATURAL GAS CORP.,234.8,238.0,232.22,236.0,233.7,7965065
2026-09-08,OIL,OIL INDIA LTD,486.4,501.3,482.8,495.4,487.0,2619912
2026-09-08,OLAELEC,OLA ELECTRIC MOBILITY LTD,37.96,38.0,37.38,37.63,37.96,20686084
2026-09-08,OLECTRA,OLECTRA GREENTECH LIMITED,1215.7,1224.0,1200.0,1213.7,1207.4,234825
2026-09-08,OMINFRAL,OM INFRA LIMITED,84.8,84.8,80.75,81.96,83.64,46884
2026-09-08,OMPOWER,OM POWER TRANSMISSION LTD,171.73,171.73,168.31,170.0,170.31,34886
2026-09-08,OMAXAUTO,OMAX AUTOS LTD,177.63,178.86,167.35,170.75,177.63,109441
2026-09-08,OMAXE,OMAXE LIMITED,129.11,131.85,126.2,127.58,129.82,799127
2026-09-08,OMNI,OMNITECH ENGINEERING LTD,524.95,539.75,518.55,525.9,519.55,328386
2026-09-08,PAYTM,ONE 97 COMMUNICATIONS LTD,1654.5,1676.7,1636.0,1670.0,1664.0,2338072
2026-09-08,ONEGLOBAL,ONE GLOBAL SERVICE PROV L,522.0,537.65,513.05,531.2,522.0,23535
2026-09-08,MOBIKWIK,ONE MOBIKWIK SYSTEMS LTD,193.61,197.8,191.9,194.14,194.24,670210
2026-09-08,ONEPOINT,ONE POINT ONE SOL LTD,57.83,58.25,56.07,56.36,57.73,279089
2026-09-08,KISSHT,ONEMI TECHNOLOGY SOL LTD,320.8,334.5,313.95,331.0,320.95,2316438
2026-09-08,ONESOURCE,ONESOURCE SPECL PHARMA L,1560.0,1645.7,1557.5,1579.5,1552.3,707456
2026-09-08,ONIDA,ONIDA ELECTRONICS LIMITED,34.85,35.74,34.12,34.76,34.81,340380
2026-09-08,ONIXSOLAR,ONIX SOLAR ENERGY LTD.,434.0,444.35,425.0,444.3,423.2,435163
2026-09-08,ONWARDTEC,ONWARD TECHNOLOGIES LTD,283.85,292.0,282.35,286.3,283.85,48760
2026-09-08,OPTIEMUS,OPTIEMUS INFRACOM LTD,562.9,569.4,552.4,556.35,560.45,75184
2026-09-08,OPTIFIN,OPTIMUS FINANCE LTD.,14.43,15.15,14.36,14.52,14.43,56239
2026-09-08,OFSS,ORACLE FIN SERV SOFT LTD.,11750.0,11815.0,11636.0,11780.0,11847.0,101559
2026-09-08,ORCHASP,ORCHASP LIMITED,1.32,1.38,1.29,1.36,1.29,185912
2026-09-08,ORCHPHARMA,ORCHID PHARMA LIMITED,945.0,968.5,937.35,965.8,947.1,26453
2026-09-08,ORICONENT,ORICON ENTERPRISES LTD,52.25,55.48,52.25,53.16,52.92,38106
2026-09-08,ORIENTBELL,ORIENT BELL LIMITED,415.15,424.95,407.0,410.3,415.1,37419
2026-09-08,ORIENTCEM,ORIENT CEMENT LTD.,126.8,127.59,125.01,126.42,126.56,378422
2026-09-08,ORIENTCER,ORIENT CERATECH LIMITED,44.9,45.9,43.86,45.0,44.6,68672
2026-09-08,ORIENTELEC,ORIENT ELECTRIC LIMITED,177.84,177.84,174.5,175.54,176.38,83726
2026-09-08,GREENPOWER,ORIENT GREEN POWER CO LTD,9.19,9.29,9.1,9.14,9.23,2268132
2026-09-08,ORIENTHOT,ORIENT HOTELS LTD,139.0,141.68,138.37,140.54,139.11,428985
2026-09-08,ORIENTPPR,ORIENT PAPER AND INDS LTD,18.96,18.99,18.09,18.29,18.81,387404
2026-09-08,ORIENTTECH,ORIENT TECHNOLOGIES LTD,235.16,237.0,232.0,233.43,235.16,60257
2026-09-08,OAL,ORIENTAL AROMATICS LTD,530.25,545.95,500.0,530.95,537.35,79913
2026-09-08,ORIRAIL,ORIENTAL RAIL INFRA L,127.28,130.99,126.7,128.38,127.28,67864
2026-09-08,ORIENTALTL,ORIENTAL TRIMEX LTD,5.21,5.21,5.03,5.11,5.12,86230
2026-09-08,ORISSAMINE,ORISSA MIN DEV CO LTD,4197.9,4260.0,4178.0,4198.7,4189.9,4495
2026-09-08,ORKLAINDIA,ORKLA INDIA LIMITED,593.0,597.55,588.05,589.85,590.7,48821
2026-09-08,ORTINGLOBE,ORTIN GLOBAL LIMITED,16.2,16.2,15.32,15.93,15.44,57526
2026-09-08,OSWALAGRO,OSWAL AGRO MILLS LTD,36.13,36.85,35.64,36.21,36.61,70117
2026-09-08,OSWALGREEN,OSWAL GREENTECH LIMITED,20.38,20.44,20.01,20.29,20.27,100368
2026-09-08,OSWALPUMPS,OSWAL PUMPS LIMITED,274.0,277.7,272.05,274.8,274.4,394684
2026-09-08,PNGJL,P N GADGIL JEWELLERS LTD,621.9,632.45,615.0,627.45,618.95,958774
2026-09-08,POEL,P O C L ENTERPRISES LTD.,149.5,149.5,143.52,144.12,145.39,16681
2026-09-08,PGHH,P&G HYGIENE & HEALTH CARE,7635.0,7848.0,7562.0,7736.0,7634.5,28369
2026-09-08,PACEDIGITK,PACE DIGITEK LIMITED,162.0,164.0,156.73,160.31,161.09,946446
2026-09-08,PACIFICI,PACIFIC INDUSTRIES LTD.,140.0,140.0,140.0,140.0,140.0,4
2026-09-08,PAGEIND,PAGE INDUSTRIES LTD,35700.0,36540.0,35505.0,35915.0,35825.0,24215
2026-09-08,PAISALO,PAISALO DIGITAL LIMITED,78.76,78.85,76.71,77.72,79.41,10883081
2026-09-08,PAKKA,PAKKA LIMITED,77.01,80.1,77.01,78.54,77.22,229029
2026-09-08,PALASHSECU,PALASH SECURITIES LTD,90.98,91.9,88.0,88.14,89.2,285
2026-09-08,PALREDTEC,PALRED TECHNOLOGIES LTD,55.84,56.0,53.32,53.32,56.12,6675
2026-09-08,PANACEABIO,PANACEA BIOTEC LTD,379.1,398.0,377.6,391.85,378.4,101506
2026-09-08,PANAMAPET,PANAMA PETROCHEM LTD,481.2,489.1,473.0,483.15,481.35,160244
2026-09-08,PANCHMAHQ,PANCHMAHAL STEEL LTD.,299.45,318.0,253.95,290.0,296.85,394
2026-09-08,PANORAMA,PANORAMA STUDIOS INTL. L,49.41,50.04,46.26,48.38,48.87,288476
2026-09-08,PANSARI,PANSARI DEVELOPERS LTD,301.2,301.2,290.0,290.8,300.45,2968
2026-09-08,PARADEEP,PARADEEP PHOSPHATES LTD,158.69,166.5,157.98,159.79,157.98,8713293
2026-09-08,PARAGMILK,PARAG MILK FOODS LTD.,251.6,256.5,246.3,254.4,250.25,917296
2026-09-08,PARACABLES,PARAMOUNT COMM LTD,65.56,69.5,64.85,69.05,65.61,4828599
2026-09-08,PARAS,PARAS DEF AND SPCE TECH L,1496.5,1563.9,1496.0,1504.0,1489.4,2631639
2026-09-08,PARASPETRO,PARAS PETROFILS LTD.,2.17,2.17,2.1,2.13,2.15,148151
2026-09-08,PARKHOSPS,PARK MEDI WORLD LIMITED,286.9,286.9,281.7,282.25,286.8,230408
2026-09-08,PARKHOTELS,PARKHOTELS,112.0,114.19,110.71,113.11,111.21,228241
2026-09-08,PARNAXLAB,PARNAX LAB LTD.,126.73,129.35,125.15,125.9,132.99,2682
2026-09-08,PASHUPATI,PASHUPATI COTSPIN LIMITED,82.5,87.0,79.2,81.02,81.34,227818
2026-09-08,PATANJALI,PATANJALI FOODS LIMITED,342.0,342.8,339.0,342.0,340.9,1412377
2026-09-08,PATELENG,PATEL ENGINEERING LTD.,27.0,27.22,26.72,26.93,27.1,1875076
2026-09-08,PATELRMART,PATEL RETAIL LIMITED,217.8,218.79,214.17,215.2,217.99,90636
2026-09-08,PML,PAUL MERCHANTS LTD.,505.0,505.0,480.05,482.15,489.75,105
2026-09-08,PAUSHAKLTD,PAUSHAK LIMITED,767.0,780.95,744.35,770.7,763.1,36424
2026-09-08,PAVNAIND,PAVNA INDUSTRIES LIMITED,16.25,16.68,16.1,16.18,16.09,26923
2026-09-08,POLICYBZR,PB FINTECH LIMITED,1787.0,1827.9,1775.9,1826.0,1792.0,1108483
2026-09-08,PCJEWELLER,PC JEWELLER LTD,14.23,14.44,13.18,13.52,13.93,1114322441
2026-09-08,PCBL,PCBL CHEMICAL LIMITED,325.0,334.7,321.9,328.8,317.45,6607816
2026-09-08,PDSL,PDS LIMITED,351.15,351.6,344.25,346.2,349.6,91940
2026-09-08,PGIL,PEARL GLOBAL IND LIMITED,2285.0,2389.9,2270.1,2366.8,2257.2,107491
2026-09-08,PEARLPOLY,PEARL POLYMERS LTD,15.69,15.87,15.52,15.64,15.3,3250
2026-09-08,PENINLAND,PENINSULA LAND LIMITED,16.06,16.28,15.3,15.67,16.17,117089
2026-09-08,PENIND,PENNAR INDUSTRIES LTD,176.0,182.5,175.5,180.62,175.96,1266398
2026-09-08,PERMAGN,PERMANENT MAGNETS LTD.,874.8,900.0,856.2,863.1,872.0,3734
2026-09-08,PERSISTENT,PERSISTENT SYSTEMS LTD,5550.0,5600.0,5491.0,5560.0,5540.0,330550
2026-09-08,PETRONET,PETRONET LNG LIMITED,290.95,291.0,285.0,285.8,290.95,1543809
2026-09-08,PFIZER,PFIZER LTD,4530.0,4580.8,4300.0,4310.7,4596.5,186580
2026-09-08,PGEL,PG ELECTROPLAST LTD,557.85,562.0,551.05,553.7,559.55,1171922
2026-09-08,PHOENXINTL,PHOENIX INTERNATIONAL LTD,30.0,30.8,29.15,29.81,29.68,2165
2026-09-08,PWL,PHYSICSWALLAH LIMITED,129.67,129.67,126.16,126.63,129.67,5315731
2026-09-08,PIIND,PI INDUSTRIES LTD,2416.4,2428.4,2390.1,2395.0,2430.0,98267
2026-09-08,PICCADIL,PICCADILY AGRO INDUSTRI L,618.0,623.85,605.1,608.3,617.95,114816
2026-09-08,PIDILITIND,PIDILITE INDUSTRIES LTD,1579.8,1593.0,1565.0,1593.0,1575.0,738063
2026-09-08,PILITA,PIL ITALICA LIFESTYLE LTD,7.85,7.97,7.56,7.75,7.85,89087
2026-09-08,PILANIINVS,PILANI INV & IND COR LTD,4335.9,4369.0,4250.1,4261.7,4298.7,1047
2026-09-08,PINELABS,PINE LABS LIMITED,163.99,173.94,162.35,169.55,164.49,38342385
2026-09-08,PIONEEREMB,PIONEER EMBROIDERIES LTD,21.64,21.89,20.36,21.02,21.74,23006
2026-09-08,PIRAMALFIN,PIRAMAL FINANCE LIMITED,2285.0,2309.9,2236.6,2298.5,2261.0,481431
2026-09-08,PPLPHARMA,PIRAMAL PHARMA LIMITED,220.65,231.93,220.37,226.62,219.66,21040344
2026-09-08,PITTIENG,PITTI ENGINEERING LIMITED,1199.9,1199.9,1135.6,1171.3,1176.2,219301
2026-09-08,PIXTRANS,PIX TRANSMISSIONS LIMITED,1754.8,1754.8,1710.0,1722.0,1754.9,16266
2026-09-08,PLASTIBLEN,PLASTIBLENDS INDIA LTD,196.78,196.78,190.0,191.23,193.14,26956
2026-09-08,PLATIND,PLATINUM INDUSTRIES LTD,233.01,235.93,230.3,232.47,233.73,52015
2026-09-08,PLAZACABLE,PLAZA WIRES LIMITED,58.3,59.98,56.1,56.84,59.05,245887
2026-09-08,PNBGILTS,PNB GILTS LIMITED,83.0,84.98,80.75,81.26,81.87,596996
2026-09-08,PNBHOUSING,PNB HOUSING FIN LTD.,1182.0,1185.0,1166.5,1167.1,1182.1,524914
2026-09-08,PNCINFRA,PNC INFRATECH LTD.,181.9,182.05,175.6,177.06,181.71,585027
2026-09-08,PNGSREVA,PNGS REVA DIAMOND JEWEL L,540.85,554.7,530.25,546.55,540.15,252382
2026-09-08,PODDARMENT,PODDAR PIGMENTS LIMITED,280.0,333.4,280.0,311.45,277.85,276944
2026-09-08,POKARNA,POKARNA LIMITED,806.0,814.9,782.0,786.65,803.0,161959
2026-09-08,POLYMED,POLY MEDICURE LIMITED,1700.3,1751.0,1682.3,1730.1,1701.1,127092
2026-09-08,POLYCAB,POLYCAB INDIA LIMITED,8301.0,8433.0,8301.0,8373.5,8261.0,604579
2026-09-08,POLYPLEX,POLYPLEX CORPORATION LTD,1175.0,1177.6,1141.5,1149.6,1180.0,51471
2026-09-08,POLYSPIN,POLYSPIN EXPORTS LTD.,29.28,29.28,28.99,29.0,29.42,683
2026-09-08,POCL,PONDY OXIDES & CHEM LTD,472.4,477.35,466.5,469.45,467.95,198450
2026-09-08,PONNIERODE,PONNIE SUGARS (ERODE) LTD,387.95,387.95,376.0,378.55,386.85,14432
2026-09-08,POONAWALLA,POONAWALLA FINCORP LTD,460.0,460.0,452.35,455.25,459.15,418071
2026-09-08,PVSL,POPULAR VEHICLES N SER L,100.54,103.93,99.52,101.63,100.54,25283
2026-09-08,PFC,POWER FIN CORP LTD.,352.05,356.5,351.15,355.9,353.1,6879445
2026-09-08,POWERGRID,POWER GRID CORP. LTD.,265.65,267.25,263.0,265.75,266.45,7385483
2026-09-08,PIGL,POWER INSTRUMENT (G) LTD,98.35,98.58,95.5,96.13,98.35,44872
2026-09-08,POWERMECH,POWER MECH PROJECTS LTD.,2359.8,2443.4,2351.0,2415.1,2359.8,50094
2026-09-08,POWERICA,POWERICA LIMITED,512.1,533.1,509.0,530.7,512.1,111394
2026-09-08,PRABHA,PRABHA ENERGY LIMITED,244.8,260.0,244.05,253.55,243.39,1160678
2026-09-08,PRAJIND,PRAJ INDUSTRIES LTD,336.5,340.0,334.0,338.85,336.55,279523
2026-09-08,PRAENG,PRAJAY ENG. SYN. LTD.,24.74,24.74,22.5,22.69,24.25,88785
2026-09-08,PRAKASH,PRAKASH INDUSTRIES LTD,125.99,129.89,125.11,127.3,125.08,682134
2026-09-08,PRAKASHSTL,PRAKASH STEELAGE LTD,3.83,3.94,3.68,3.75,3.75,174917
2026-09-08,DIAMONDYD,PRATAAP SNACKS LIMITED,1148.7,1168.3,1125.0,1129.3,1142.2,30348
2026-09-08,PRAVEG,PRAVEG LTD.,264.55,279.0,259.2,270.75,264.55,122995
2026-09-08,PRAXIS,PRAXIS HOME RETAIL LTD,4.74,4.84,4.65,4.69,4.66,112712
2026-09-08,PRECAM,PRECISION CAMSHAFTS LTD.,123.96,124.39,121.1,121.71,123.98,137481
2026-09-08,PRECWIRE,PRECISION WIRES INDIA LTD,462.0,489.6,460.95,480.2,460.95,1098914
2026-09-08,PRECOT,PRECOT LIMITED,693.0,702.45,676.05,682.9,693.9,4798
2026-09-08,PREMCO,PREMCO GLOBAL LTD.,391.95,392.9,385.1,392.0,391.95,212
2026-09-08,PREMIERENE,PREMIER ENERGIES LIMITED,990.0,998.0,982.3,988.8,990.0,355380
2026-09-08,PREMEXPLN,PREMIER EXPLOSIVES LTD,663.1,678.8,663.1,677.7,663.25,317368
2026-09-08,PREMIERPOL,PREMIER POLYFILM LTD,90.9,92.89,89.9,90.56,91.45,184768
2026-09-08,PRESTIGE,PRESTIGE ESTATE LTD,1549.1,1566.0,1532.0,1561.6,1550.0,505136
2026-09-08,PRICOLLTD,PRICOL LIMITED,782.0,782.2,755.05,758.6,779.35,294938
2026-09-08,PFOCUS,PRIME FOCUS LIMITED,315.0,324.9,309.3,313.15,311.75,2434717
2026-09-08,PRIMESECU,PRIME SECURITIES LIMITED,278.15,286.2,276.35,279.45,278.9,34338
2026-09-08,PRIMO,PRIMO CHEMICALS LIMITED,20.88,21.14,19.26,20.41,20.87,198332
2026-09-08,PRINCEPIPE,PRINCE PIPES FITTINGS LTD,284.0,290.0,278.05,285.75,283.95,329475
2026-09-08,PRSMJOHNSN,PRISM JOHNSON LIMITED,112.1,113.99,111.35,112.27,112.21,316056
2026-09-08,PRISMX,PRISMX GLOBAL VENTURES L,0.54,0.57,0.54,0.55,0.54,127960
2026-09-08,PNC,PRITISH NANDY COMMUNICATI,16.3,17.4,16.05,16.66,16.35,4645
2026-09-08,PRIVISCL,PRIVI SPECIALITY CHE LTD,3382.6,3497.0,3352.5,3469.6,3382.6,101601
2026-09-08,PGHL,PROCTER & GAMBLE HEALTH L,5675.0,5675.0,5585.5,5603.0,5667.0,4338
2026-09-08,PROSTARM,PROSTARM INFO SYSTEMS LTD,138.8,139.03,135.0,135.23,138.86,122880
2026-09-08,PROTEAN,PROTEAN EGOV TECHNO LTD,513.0,514.85,498.0,499.65,515.4,211683
2026-09-08,PROZONER,PROZONE REALTY LIMITED,48.0,49.4,47.5,48.92,48.01,189943
2026-09-08,PRUDENT,PRUDENT CORP ADV SER LTD,3367.7,3390.0,3255.1,3277.5,3367.7,39653
2026-09-08,PSPPROJECT,PSP PROJECTS LIMITED,870.0,886.45,858.85,875.4,869.05,37405
2026-09-08,PFS,PTC INDIA FIN SERV LTD,27.4,27.79,27.11,27.71,27.39,1295363
2026-09-08,PTC,PTC INDIA LIMITED,155.36,155.45,153.33,154.2,154.78,1017313
2026-09-08,PTCIL,PTC INDUSTRIES LIMITED,23760.0,24085.0,23625.0,23730.0,23755.0,23447
2026-09-08,PTL,PTL ENTERPRISES LTD,38.82,38.93,38.11,38.43,38.69,65200
2026-09-08,PDMJEPAPER,PUDUMJEE PAPER PRO. LTD,102.4,104.72,98.1,99.61,101.43,699525
2026-09-08,PSB,PUNJAB & SIND BANK,22.9,23.01,22.77,22.86,22.98,519212
2026-09-08,PUNJABCHEM,PUNJAB CHEM & CROP PROT L,1090.0,1105.8,1081.5,1094.9,1098.4,2946
2026-09-08,PNB,PUNJAB NATIONAL BANK,115.75,116.68,114.95,116.0,115.6,11972532
2026-09-08,PURVA,PURAVANKARA LIMITED,223.02,223.02,214.8,216.39,223.02,301966
2026-09-08,PERNIASPOP,PURPLE STYLE LABS LIMITED,559.95,566.9,540.5,557.3,568.55,703695
2026-09-08,PVP,PVP VENTURES LIMITED,63.37,67.22,62.51,64.07,65.16,2145805
2026-09-08,PVRINOX,PVR INOX LIMITED,1161.5,1243.0,1153.6,1231.3,1156.5,1863426
2026-09-08,PYRAMID,PYRAMID TECHNOPLAST LTD,151.64,153.6,151.0,151.67,151.3,26098
2026-09-08,QUADFUTURE,QUADRANT FUTURE TEK LTD,418.9,444.0,415.0,441.0,415.65,1096145
2026-09-08,QPOWER,QUALITY POWER ELEC EQUP L,1500.0,1525.0,1450.1,1519.7,1482.5,292715
2026-09-08,QGOLDHALF,QUANTUM GOLD ETF,126.0,127.47,125.79,126.09,125.79,263070
2026-09-08,QNIFTY,QUANTUM NIFTY 50 ETF,267.0,267.0,258.51,261.76,262.18,5892
2026-09-08,SILVER001,QUANT_AMC - SILVER001,23.8,23.99,23.17,23.28,23.35,15632
2026-09-08,QUESS,QUESS CORP LIMITED,340.0,347.9,324.0,337.5,339.6,850090
2026-09-08,QUICKHEAL,QUICK HEAL TECH LTD,154.49,161.0,152.8,153.44,153.16,147505
2026-09-08,QUINT,QUINT DIGITAL LTD.,39.01,41.0,39.01,39.85,39.3,7175
2026-09-08,RKSWAMY,R K SWAMY LIMITED,93.57,96.0,93.21,94.34,93.66,19078
2026-09-08,RRIL,R R I L LTD.,16.79,17.29,15.61,16.12,16.54,75307
2026-09-08,RRKABEL,R R KABEL LIMITED,2388.1,2468.0,2388.1,2448.5,2387.1,665066
2026-09-08,RSYSTEMS,R SYS INTERNATIONAL LTD,251.44,251.44,245.0,245.89,250.72,82877
2026-09-08,RTSPOWR,R T S POWER CORPN. LTD.,93.0,93.0,87.31,88.17,89.68,1123
2026-09-08,RSSOFTWARE,R. S. SOFTWARE (INDIA) LI,29.59,29.93,29.0,29.09,29.59,31601
2026-09-08,RPPINFRA,R.P.P INFRA PROJECTS LTD,54.2,55.86,53.5,53.68,54.28,31611
2026-09-08,RACE,RACE ECO CHAIN LIMITED,101.92,101.92,96.25,97.5,99.92,4268
2026-09-08,RACLGEAR,RACL GEARTECH LIMITED,1575.0,1580.8,1527.2,1540.2,1573.7,21693
2026-09-08,RADAAN,RADAAN MEDIAWORKS (I) LTD,3.0,3.03,2.92,2.98,3.0,17012
2026-09-08,RADHIKAJWE,RADHIKA JEWELTECH LIMITED,94.21,97.5,86.37,87.96,94.28,8196082
2026-09-08,RADIANTCMS,RADIANT CASH MGMT SER LTD,43.0,43.39,41.03,41.24,42.72,426592
2026-09-08,RADICO,RADICO KHAITAN LTD,4450.1,4497.6,4424.0,4485.0,4444.0,139858
2026-09-08,RPEL,RAGHAV PRODUCTIVITY ENH L,1689.0,1719.0,1679.1,1692.6,1681.2,101435
2026-09-08,RVNL,RAIL VIKAS NIGAM LIMITED,210.05,211.3,207.0,207.5,210.05,2884655
2026-09-08,RAILTEL,RAILTEL CORP OF IND LTD,270.0,271.0,264.75,266.3,270.05,456353
2026-09-08,RAIN,RAIN INDUSTRIES LIMITED,212.9,222.35,212.42,217.81,211.38,6812552
2026-09-08,RAINBOW,RAINBOW CHILDRENS MED LTD,1469.9,1479.0,1444.7,1449.9,1469.9,65166
2026-09-08,ROML,RAJ OIL MILLS LIMITED,42.5,43.6,42.0,42.26,43.01,2078
2026-09-08,RAJTV,RAJ TV NETWORK LTD,8.83,8.84,8.36,8.64,8.47,56918
2026-09-08,RAJPALAYAM,RAJAPALAYAM MILLS LTD.,779.5,786.0,770.4,785.0,775.65,468
2026-09-08,ARENTERP,RAJDARSHAN INDUSTRIES LTD,34.7,36.0,32.3,33.34,34.76,1192
2026-09-08,RAJMET,RAJNANDINI METAL LIMITED,3.16,3.3,3.1,3.25,3.15,595934
2026-09-08,RSL,RAJPUTANA STAINLESS LTD,187.69,192.0,186.05,190.21,186.05,297716
2026-09-08,RAJRATAN,RAJRATAN GLOBAL WIRE LTD,491.7,499.8,486.3,496.8,488.8,73019
2026-09-08,RAJSREESUG,RAJSHREE SUGAR & CHEMICAL,35.5,36.3,35.03,35.49,35.68,19238
2026-09-08,RALLIS,RALLIS INDIA LTD,206.2,206.91,204.68,205.29,206.15,425909
2026-09-08,RAMRAT,RAM RATNA WIRES LIMITED,527.65,536.9,509.1,531.25,527.2,272615
2026-09-08,RAMAPHO,RAMA PHOSPHATES LIMITED,125.88,125.88,124.0,124.74,124.2,14324
2026-09-08,RAMCOIND,RAMCO INDUSTRIES LIMITED,322.0,324.35,318.75,321.5,323.05,73261
2026-09-08,RAMCOSYS,RAMCO SYSTEMS LTD.,605.0,616.0,589.75,609.15,604.35,99742
2026-09-08,RKFORGE,RAMKRISHNA FORGINGS LTD,706.25,709.8,695.1,701.3,706.25,527188
2026-09-08,RAMKY,RAMKY INFRA LTD,337.15,340.65,335.2,337.6,339.6,21327
2026-09-08,RANASUG,RANA SUGARS LTD.,15.1,15.15,14.9,14.9,14.99,228040
2026-09-08,RML,RANE (MADRAS) LIMITED,1351.0,1423.5,1350.9,1390.0,1388.2,207077
2026-09-08,RANEHOLDIN,RANE HOLDINGS LIMITED,1669.8,1738.0,1657.8,1691.8,1673.0,23261
2026-09-08,RPTECH,RASHI PERIPHERALS LIMITED,854.95,864.8,791.45,817.95,853.4,737587
2026-09-08,RCF,RASHTRIYA CHEMICALS & FER,113.9,115.74,113.25,113.73,113.92,863763
2026-09-08,RATEGAIN,RATEGAIN TRAVEL TECHN LTD,858.4,871.0,847.0,862.7,856.5,295189
2026-09-08,RATNAMANI,RATNAMANI MET & TUB LTD.,2680.0,2819.0,2640.0,2803.8,2658.5,145586
2026-09-08,RATNAVEER,RATNAVEER PRECISION ENG L,309.35,309.35,295.05,297.8,306.45,2092906
2026-09-08,RTNINDIA,RATTANINDIA ENT LIMITED,28.14,28.3,27.62,28.05,28.14,1114969
2026-09-08,RTNPOWER,RATTANINDIA POWER LIMITED,7.3,7.31,7.22,7.28,7.32,12658598
2026-09-08,RKDL,RAVI KUMAR DIST. LTD.,18.78,18.78,18.28,18.36,18.25,7175
2026-09-08,RVHL,RAVINDER HEIGHTS LIMITED,40.8,40.8,39.6,39.99,40.2,5622
2026-09-08,RELTD,RAVINDRA ENERGY LIMITED,158.39,160.58,154.26,155.39,159.21,109145
2026-09-08,RAYMONDLSL,RAYMOND LIFESTYLE LIMITED,672.0,727.7,667.85,696.85,672.9,990648
2026-09-08,RAYMOND,RAYMOND LTD,775.0,869.0,775.0,857.8,772.4,13357784
2026-09-08,RAYMONDREL,RAYMOND REALTY LIMITED,554.3,592.2,549.3,582.5,553.7,872805
2026-09-08,RBLBANK,RBL BANK LIMITED,413.0,419.1,413.0,418.5,415.0,1994199
2026-09-08,RRECL,RDB REAL ESTATE CONS L,132.27,133.0,127.05,130.01,132.27,532
2026-09-08,RECLTD,REC LIMITED,316.8,318.0,314.0,317.85,316.4,4604418
2026-09-08,REDINGTON,REDINGTON LIMITED,379.0,379.9,369.6,373.55,378.2,3067237
2026-09-08,REDTAPE,REDTAPE LIMITED,118.9,118.9,115.0,115.58,118.81,398356
2026-09-08,REFEX,REFEX INDUSTRIES LIMITED,278.0,278.8,275.0,275.85,277.15,155563
2026-09-08,REGAAL,REGAAL RESOURCES LIMITED,87.17,88.69,87.0,87.3,88.16,102928
2026-09-08,REGENCERAM,REGENCY CERAMICS LTD.,34.46,36.8,34.1,34.23,35.0,880
2026-09-08,RELAXO,RELAXO FOOT LTD.,338.0,341.9,331.15,333.7,338.05,81314
2026-09-08,GILT5YBEES,RELCAPAMC - NETFGILT5Y,67.66,68.3,66.15,66.33,66.31,124132
2026-09-08,RELIABLE,RELIABLE DATA SERVICE LTD,140.16,142.0,134.93,140.67,138.12,53257
2026-09-08,RELCHEMQ,RELIANCE CHEMOTEX IND LTD,112.25,116.99,112.25,114.09,113.33,937
2026-09-08,RIIL,RELIANCE INDUSTRIAL INFRA,732.95,739.45,727.2,729.7,732.4,35438
2026-09-08,RELIANCE,RELIANCE INDUSTRIES LTD,1304.1,1306.8,1288.0,1294.9,1309.5,9799528
2026-09-08,RPOWER,RELIANCE POWER LTD.,22.02,22.04,21.57,21.71,21.94,14966105
2026-09-08,IVZBANKNF,RELIGARAMC - IVZBANKNF,56.77,56.95,56.7,56.8,57.05,1774
2026-09-08,IVZSENSEX,RELIGARAMC - IVZSENSEX,75.9,76.07,75.56,75.81,76.28,1324
2026-09-08,RELIGARE,RELIGARE ENTER. LTD.,253.51,256.54,252.4,254.61,255.45,439324
2026-09-08,REMSONSIND,REMSONS INDUSTRIES LTD,98.68,102.0,96.25,97.26,97.86,115898
2026-09-08,RGL,RENAISSANCE GLOBAL LTD,151.61,153.09,146.1,150.0,153.1,854180
2026-09-08,REPCOHOME,REPCO HOME FINANCE LTD,356.8,365.95,356.8,361.35,358.75,64962
2026-09-08,REPRO,REPRO INDIA LIMITED,325.1,326.3,318.0,319.4,324.25,4269
2026-09-08,RESPONIND,RESPONSIVE INDUSTRIES LTD,147.0,149.45,142.98,148.23,148.15,474819
2026-09-08,RBA,RESTAURANT BRAND ASIA LTD,96.41,96.83,95.01,95.54,96.41,2625931
2026-09-08,RVTH,REVATHI EQUIPMENT INDIA L,713.95,779.0,713.0,752.45,717.5,5687
2026-09-08,RHETAN,RHETAN TMT LIMITED,28.01,28.01,28.0,28.0,26.68,9758911
2026-09-08,RHIM,RHI MAGNESITA INDIA LTD,372.0,373.5,369.25,371.7,373.8,98879
2026-09-08,RICOAUTO,RICO AUTO INDUSTRIES LTD,135.6,136.25,131.28,132.38,135.47,670884
2026-09-08,RIR,RIR POWER ELECTRONICS L,191.16,193.01,179.07,183.84,191.95,1449221
2026-09-08,RISHABH,RISHABH INSTRUMENTS LTD,803.9,822.8,800.05,808.3,809.95,227115
2026-09-08,RITCO,RITCO LOGISTICS LIMITED,319.8,328.15,315.4,318.45,319.8,121488
2026-09-08,RITES,RITES LIMITED,215.0,215.8,212.75,212.97,215.8,171667
2026-09-08,RKEC,RKEC PROJECTS LIMITED,20.88,20.88,19.55,20.45,20.3,73451
2026-09-08,RMC,RMC SWITCHGEARS LIMITED,233.55,239.7,224.1,226.19,233.31,94977
2026-09-08,RHL,ROBUST HOTELS LIMITED,166.16,169.7,166.0,166.66,166.16,116
2026-09-08,ROLEXRINGS,ROLEX RINGS LIMITED,177.0,178.0,174.05,175.52,175.67,831437
2026-09-08,ROSSARI,ROSSARI BIOTECH LIMITED,458.55,458.95,453.5,454.6,458.5,48650
2026-09-08,ROSSELLIND,ROSSELL INDIA LIMITED,56.93,57.6,56.15,56.51,56.92,33600
2026-09-08,ROSSTECH,ROSSELL TECHSYS LIMITED,1160.0,1228.7,1151.0,1218.0,1148.2,407001
2026-09-08,ROTO,ROTO PUMPS LIMITED,63.8,67.45,63.19,65.44,63.59,1146304
2026-09-08,ROUTE,ROUTE MOBILE LIMITED,512.05,512.1,500.55,502.55,512.05,56368
2026-09-08,ROHLTD,ROYAL ORCHID HOTELS LTD,307.0,310.0,298.0,308.0,303.9,33605
2026-09-08,RPGLIFE,RPG LIFE SCIENCES LTD,2673.0,2870.0,2642.1,2802.6,2673.4,28308
2026-09-08,RPSGVENT,RPSG VENTURES LIMITED,803.4,825.95,803.4,819.05,816.5,13979
2026-09-08,RUBFILA,RUBFILA INTERNATIONAL LTD,70.96,71.39,69.53,70.18,70.96,91354
2026-09-08,RUBICON,RUBICON RESEARCH LIMITED,1751.0,1870.0,1741.9,1860.6,1748.4,316261
2026-09-08,RUCHINFRA,RUCHI INFRASTRUCTURE LTD,5.71,5.76,5.55,5.63,5.62,35307
2026-09-08,RUCHIRA,RUCHIRA PAPERS LIMITED,108.0,113.97,108.0,112.17,107.88,233548
2026-09-08,RUDRA,RUDRA GLOBAL INFRA PROD L,20.04,20.78,19.55,19.77,20.04,44191
2026-09-08,RUPA,RUPA & COMPANY LTD,142.92,143.0,141.05,142.18,142.92,68578
2026-09-08,RUSHIL,RUSHIL DECOR LIMITED,16.0,16.34,15.67,16.07,16.04,285323
2026-09-08,SAB,S A B INDUSTRIES LTD.,192.6,192.6,183.0,192.5,192.6,169
2026-09-08,SCHAND,S CHAND AND COMPANY LTD,133.95,138.0,133.01,136.64,133.34,21528
2026-09-08,SHK,S H KELKAR AND CO. LTD.,147.82,149.89,144.1,145.59,148.0,599257
2026-09-08,SVGLOBAL,S V GLOBAL MILL LTD.,154.0,159.0,140.1,152.87,151.09,8612
2026-09-08,S&SPOWER,S&S POWER SWITCHGEARS LTD,339.4,350.7,330.4,350.7,334.0,5869
2026-09-08,SPAL,S. P. APPARELS LIMITED,1056.0,1080.6,1038.2,1048.9,1065.9,32767
2026-09-08,SALSTEEL,S.A.L. STEEL LTD.,81.5,83.4,78.35,79.63,81.8,555238
2026-09-08,SAATVIKGL,SAATVIK GREEN ENERGY LTD,416.6,421.95,412.2,415.95,421.0,60306
2026-09-08,SADBHAV,SADBHAV ENGINEERING LTD,8.03,8.07,7.85,7.99,8.02,253373
2026-09-08,SAFARI,SAFARI IND (INDIA) LTD,1530.0,1540.9,1510.4,1533.7,1537.8,27701
2026-09-08,SAGCEM,SAGAR CEMENTS LIMITED,153.64,155.5,151.1,151.82,153.64,108825
2026-09-08,SAGARDEEP,SAGARDEEP ALLOYS LIMITED,24.8,24.8,23.4,23.98,23.64,8342
2026-09-08,SAGILITY,SAGILITY LIMITED,45.9,46.05,45.19,45.7,45.95,14824946
2026-09-08,SAHYADRI,SAHYADRI INDUSTRIES LTD,391.3,395.0,373.05,385.0,394.55,18574
2026-09-08,SAICAPI,SAI CAPITAL LTD.,142.0,155.0,142.0,151.11,141.6,716
2026-09-08,SAILIFE,SAI LIFE SCIENCES LIMITED,1579.6,1657.2,1574.0,1647.1,1579.6,1414082
2026-09-08,SAIPARENT,SAI PARENTERALS LIMITED,520.75,534.0,518.0,529.7,516.45,63249
2026-09-08,KALAMANDIR,SAI SILKS (KALAMANDIR) L,85.52,86.4,84.5,85.37,85.93,434600
2026-09-08,SEKURITIND,SAINT GOBAIN SEKUR IND L,114.7,114.84,112.7,113.19,114.16,28488
2026-09-08,SAKAR,SAKAR HEALTHCARE LIMITED,1140.0,1211.0,1112.05,1157.85,1109.2,580120
2026-09-08,SAKSOFT,SAKSOFT LIMITED,150.52,151.98,149.2,149.98,151.77,215339
2026-09-08,SAKHTISUG,SAKTHI SUGARS LTD,19.88,20.24,19.65,19.93,19.96,106321
2026-09-08,SAKUMA,SAKUMA EXPORTS LIMITED,1.63,1.64,1.61,1.63,1.62,612558
2026-09-08,SALASAR,SALASAR TECHNO ENGG. LTD.,5.05,5.19,5.0,5.14,5.09,4457217
2026-09-08,SALONA,SALONA COTSPIN LTD.,260.8,263.75,251.95,259.3,263.45,508
2026-09-08,SALZERELEC,SALZER ELECTRONICS LTD,551.6,572.95,544.0,550.55,551.1,56573
2026-09-08,SAMBANDAM,SAMBANDAM SPINNING MILL L,119.99,120.0,118.0,118.0,120.4,168
2026-09-08,SAMBHAAV,SAMBHAAV MEDIA LTD,5.85,6.02,5.66,5.96,5.85,13109
2026-09-08,SAMBHV,SAMBHV STEEL TUBES LTD,134.75,134.83,126.98,128.67,133.53,1530368
2026-09-08,SAMHI,SAMHI HOTELS LIMITED,155.77,158.09,153.42,155.61,155.77,806381
2026-09-08,SAMMAANCAP,SAMMAAN CAPITAL LIMITED,155.0,155.33,152.67,153.0,155.92,2524388
2026-09-08,SAMPANN,SAMPANN UTPADAN INDIA LTD,24.54,24.74,23.81,24.35,24.54,11876
2026-09-08,MOTHERSON,SAMVRDHNA MTHRSN INTL LTD,162.8,164.5,161.17,163.85,162.0,10426788
2026-09-08,SANATHAN,SANATHAN TEXTILES LIMITED,473.7,479.9,467.85,470.5,470.9,111078
2026-09-08,SANDESH,SANDESH LTD,1053.9,1064.7,1051.0,1051.1,1053.9,1472
2026-09-08,SANDHAR,SANDHAR TECHNOLOGIES LTD,624.7,627.8,615.35,626.35,620.4,80151
2026-09-08,SANDUMA,SANDUR MANG & IRON ORES L,196.45,198.85,195.39,196.57,195.17,382799
2026-09-08,SANGAMIND,SANGAM (INDIA) LTD,576.8,587.0,566.6,580.0,576.3,19148
2026-09-08,SANGHVIMOV,SANGHVI MOVERS LTD,437.95,445.85,428.45,441.2,438.6,224364
2026-09-08,SANOFICONR,SANOFI CONS HEALTHC IND L,4106.0,4129.9,4040.5,4075.6,4106.0,2771
2026-09-08,SANOFI,SANOFI INDIA LIMITED,3130.0,3132.5,3111.0,3114.9,3122.0,11823
2026-09-08,SANSERA,SANSERA ENGINEERING LTD,4020.0,4094.3,3957.7,4033.6,3896.3,397756
2026-09-08,SANSTAR,SANSTAR LIMITED,110.93,110.93,108.8,109.62,110.01,136076
2026-09-08,SAPPHIRE,SAPPHIRE FOODS INDIA LTD,228.5,232.52,224.9,226.61,228.18,415672
2026-09-08,ZSARACOM,SARASWATI COMM (INDIA) L,11699.0,11699.0,11150.0,11276.0,11706.0,55
2026-09-08,SSDL,SARASWATI SAREE DEPOT LTD,56.2,57.99,56.2,57.12,57.11,10042
2026-09-08,SARDAEN,SARDA ENERGY & MIN LTD,512.5,524.0,510.4,519.85,512.5,757903
2026-09-08,SAREGAMA,SAREGAMA INDIA LIMITED,494.0,501.7,487.8,497.1,494.3,266717
2026-09-08,SARLAPOLY,SARLA PERF. FIBERS LTD,100.96,102.19,100.0,101.47,101.78,34886
2026-09-08,SMLT,SARTHAK METALS LIMITED,64.75,65.49,61.31,62.17,63.84,12918
2026-09-08,SARVESHWAR,SARVESHWAR FOODS LIMITED,3.8,4.03,3.75,4.03,3.67,13974925
2026-09-08,SASKEN,SASKEN TECHNOLOGIES LTD,1840.1,1917.9,1825.0,1894.3,1826.6,30095
2026-09-08,SATIA,SATIA INDUSTRIES LIMITED,68.01,69.7,66.0,67.83,68.19,274991
2026-09-08,SATIN,SATIN CREDIT NET LTD,217.88,220.48,214.75,217.49,216.94,141022
2026-09-08,SAURASHCEM,SAURASHTRA CEMENT LIMITED,55.92,56.66,55.25,56.11,55.8,84201
2026-09-08,SOTL,SAVITA OIL TECHNOLO. LTD,713.5,713.55,678.0,681.35,705.75,523435
2026-09-08,SAYAJIHOTL,SAYAJI HOTELS LTD.,322.9,322.9,305.0,320.0,323.0,3
2026-09-08,SAYAJIIND,SAYAJI INDUSTRIES LTD.,116.01,118.5,116.0,116.01,116.5,5307
2026-09-08,SBC,SBC EXPORTS LIMITED,46.99,47.58,46.62,46.77,46.87,8596009
2026-09-08,SBFC,SBFC FINANCE LIMITED,98.98,99.29,96.39,97.35,98.48,589867
2026-09-08,SBICARD,SBI CARDS & PAY SER LTD,671.0,675.0,661.35,668.0,674.65,2340386
2026-09-08,SBIFUNDS,SBI FUNDS MANAGEMENT LTD,557.8,558.5,553.05,555.7,557.8,466279
2026-09-08,SBILIFE,SBI LIFE INSURANCE CO LTD,1734.6,1739.9,1696.6,1696.6,1732.0,528949
2026-09-08,SETFGOLD,SBI-ETF GOLD,130.5,130.66,129.25,129.84,129.56,5603290
2026-09-08,SETFNIF50,SBI-ETF NIFTY 50,256.73,256.73,255.03,255.36,256.36,810044
2026-09-08,SETFNIFBK,SBI-ETF NIFTY BANK,602.02,602.02,583.0,584.23,587.34,101600
2026-09-08,SETFNN50,SBI-ETF NIFTY NEXT 50,778.2,783.9,778.18,781.42,780.05,23683
2026-09-08,LIQUIDSBI,SBIAMC - LIQUIDSBI,1000.01,1000.01,999.99,999.99,999.99,823
2026-09-08,SBIBPB,SBIAMC - SBIBPB,49.32,49.32,48.7,48.87,49.08,21067
2026-09-08,SBIETFCON,SBIAMC - SBIETFCON,119.35,120.15,118.79,119.88,119.35,9270
2026-09-08,SBIETFIT,SBIAMC - SBIETFIT,342.25,342.25,330.05,331.6,333.91,6150
2026-09-08,SBIETFPB,SBIAMC - SBIETFPB,283.47,283.55,280.87,281.99,283.54,1134
2026-09-08,SBIETFQLTY,SBIAMC - SBIETFQLTY,219.37,220.73,219.37,219.53,219.42,847
2026-09-08,SBILIQETF,SBIAMC - SBILIQETF,1055.02,1055.04,1055.02,1055.03,1054.91,69986
2026-09-08,SBIMIDMOM,SBIAMC - SBIMIDMOM,63.54,64.17,63.54,64.09,63.53,38459
2026-09-08,SBINEQWETF,SBIAMC - SBINEQWETF,32.93,32.94,32.75,32.88,32.93,32039
2026-09-08,SBINMID150,SBIAMC - SBINMID150,23.41,23.41,23.08,23.17,23.15,18315
2026-09-08,SBISILVER,SBIAMC - SBISILVER,227.6,229.64,225.55,226.79,225.27,852049
2026-09-08,SBISMLETF,SBIAMC - SBISMLETF,18.59,18.64,18.41,18.57,18.5,37294
2026-09-08,SBIVALETF,SBIAMC - SBIVALETF,14.65,14.66,14.57,14.57,14.6,5637
2026-09-08,SETF10GILT,SBIAMC - SETF10GILT,264.63,265.32,263.0,265.02,263.32,691
2026-09-08,SCHAEFFLER,SCHAEFFLER INDIA LIMITED,3991.2,4000.5,3911.7,3954.6,3999.6,50833
2026-09-08,SCHNEIDER,SCHNEIDER ELECTRIC INFRA,1193.6,1235.3,1186.4,1229.7,1193.6,180626
2026-09-08,SCODATUBES,SCODA TUBES LIMITED,130.3,131.2,128.61,129.85,130.33,117731
2026-09-08,SEAMECLTD,SEAMEC LIMITED,1791.6,1799.0,1740.0,1782.6,1779.9,67665
2026-09-08,SECMARK,SECMARK CONSULTANCY LTD,142.8,144.3,133.06,139.33,143.24,1810
2026-09-08,SECURKLOUD,SECUREKLOUD TECH LIMITED,17.49,17.49,16.7,16.99,17.12,17022
2026-09-08,SEDEMAC,SEDEMAC MECHATRONICS LTD,2890.0,2930.0,2850.0,2867.5,2876.2,50300
2026-09-08,SEJALLTD,SEJAL GLASS LIMITED,669.65,672.45,646.1,651.35,666.05,7849
2026-09-08,SELMC,SEL MANUFACTURING CO LTD,28.42,29.5,26.5,28.81,26.83,148529
2026-09-08,SEMAC,SEMAC CONSTRUCTION LTD,294.95,294.95,279.0,285.95,282.0,890
2026-09-08,SENCO,SENCO GOLD LIMITED,368.0,369.5,359.05,361.85,365.1,591895
2026-09-08,SENORES,SENORES PHARMACEUTICALS L,1504.0,1532.0,1486.0,1509.8,1497.5,373922
2026-09-08,SEPC,SEPC LIMITED,5.37,5.4,5.32,5.34,5.41,5736412
2026-09-08,SERVOTECH,SERVOTECH REN POW SYS LTD,79.03,79.9,77.85,79.06,79.03,228870
2026-09-08,STYL,SESHAASAI TECHNOLOGIES L,384.65,394.15,377.0,383.35,380.2,142359
2026-09-08,SESHAPAPER,SESHASAYEE PAPER & BOARDS,243.8,249.2,240.0,243.98,242.37,134513
2026-09-08,SGFIN,SG FINSERVE LIMITED,675.05,685.45,668.55,676.15,677.6,164770
2026-09-08,SGMART,SG MART LIMITED,810.4,830.45,806.0,809.5,810.4,180042
2026-09-08,SGLRES,SGL RESOURCES LIMITED,2.62,2.62,2.4,2.52,2.5,36452
2026-09-08,SHADOWFAX,SHADOWFAX TECHNOLOGIES L,248.9,255.85,244.75,249.75,250.2,4847985
2026-09-08,SHAH,SHAH METACORP LIMITED,3.49,3.49,3.34,3.36,3.46,1797981
2026-09-08,SHAILY,SHAILY ENG PLASTICS LTD,3347.0,3419.9,3308.1,3407.8,3348.7,108977
2026-09-08,SHAKTIPUMP,SHAKTI PUMPS (I) LTD,467.0,477.45,466.95,473.0,466.95,379871
2026-09-08,SHALBY,SHALBY LIMITED,152.04,153.01,149.2,149.82,151.24,58413
2026-09-08,SAHLIBHFI,SHALIBHADRA FINANCE LTD,86.54,88.48,84.0,84.95,86.54,25629
2026-09-08,SRD,SHANKAR LAL RAMPAL LTD,39.62,40.08,39.14,39.39,39.01,15302
2026-09-08,SHANKARA,SHANKARA BLDG PRODUCT LTD,147.5,148.73,147.5,148.34,148.26,67386
2026-09-08,BUILDPRO,SHANKARA BUILDPRO LIMITED,1281.6,1320.0,1221.7,1301.1,1271.4,139888
2026-09-08,SHANKESH,SHANKESH JEWELLERS LTD,103.5,106.7,93.22,94.89,102.37,10007242
2026-09-08,SHANTIGEAR,SHANTHI GEARS LTD,638.85,704.0,632.15,704.0,640.0,498009
2026-09-08,SEIL,SHANTI EDU INITIATIVES L,203.89,203.89,197.1,198.59,200.17,123244
2026-09-08,SHANTIGOLD,SHANTI GOLD INTERNATION L,273.0,273.97,260.02,264.26,270.72,1505201
2026-09-08,SHANTI,SHANTI OVERSEAS INDIA LTD,6.6,6.67,6.15,6.46,6.5,43412
2026-09-08,SHINDL,SHARAT INDUSTRIES LTD.,164.0,167.0,159.03,160.65,162.77,369555
2026-09-08,SHARDACROP,SHARDA CROPCHEM LTD.,770.2,803.25,764.3,795.9,767.45,193168
2026-09-08,SHARDAMOTR,SHARDA MOTOR INDS LTD,890.05,897.9,882.0,890.75,890.05,29480
2026-09-08,SHAREINDIA,SHARE IND. SECURITIES LTD,171.74,172.59,168.62,170.91,171.86,191854
2026-09-08,SFL,SHEELA FOAM LIMITED,652.0,707.0,645.45,675.95,642.7,2942072
2026-09-08,SHERVANI,SHERVANI INDUSTRIAL SYN L,325.0,325.15,324.1,324.9,305.15,27
2026-09-08,SHILCTECH,SHILCHAR TECHNOLOGIES LTD,4187.0,4247.8,4153.4,4212.5,4187.0,14040
2026-09-08,SHILGRAVQ,SHILP GRAVURES LTD.,151.95,156.0,149.0,150.21,150.25,4455
2026-09-08,SHILPAMED,SHILPA MEDICARE LTD,949.85,965.0,937.1,959.9,939.5,714579
2026-09-08,SCILAL,SHIPPING CORP OF ILA LTD,39.1,39.49,37.0,38.77,39.27,305630
2026-09-08,SCI,SHIPPING CORP OF INDIA LT,293.6,294.8,288.05,288.75,293.75,1262000
2026-09-08,SHIPROCKET,SHIPROCKET LIMITED,139.5,144.5,132.61,134.77,135.21,29791766
2026-09-08,SHIVAUM,SHIV AUM STEELS LIMITED,460.0,470.0,451.5,461.2,453.7,14907
2026-09-08,SHIVACEM,SHIVA CEMENT LTD.,16.07,16.2,15.9,16.12,16.07,57311
2026-09-08,SHIVAAGRO,SHIVA GLOBAL AGRO INDS. L,45.0,45.0,40.12,42.96,41.41,6565
2026-09-08,SHIVAMILLS,SHIVA MILLS LIMITED,62.99,63.49,59.75,62.63,60.99,7314
2026-09-08,SHIVATEX,SHIVA TEXYARN LIMITED,184.49,184.49,174.01,177.7,179.46,14001
2026-09-08,SBCL,SHIVALIK BIMETAL CON. LTD,1092.1,1131.3,1066.2,1105.2,1092.1,354867
2026-09-08,SHIVALIK,SHIVALIK RASAYAN LIMITED,315.0,323.9,308.65,320.75,316.85,56701
2026-09-08,SHIVAMAUTO,SHIVAM AUTO.LTD,17.87,17.87,17.0,17.03,17.33,22462
2026-09-08,SHOPERSTOP,SHOPPERS STOP LIMITED,378.0,397.95,374.05,380.8,376.3,46488
2026-09-08,SHRADDHA,SHRADDHA PRIME PROJECTS L,158.7,158.7,151.14,154.75,154.92,2821
2026-09-08,SHRADHA,SHRADHA REALTY LIMITED,31.6,32.0,30.15,30.65,31.47,23256
2026-09-08,SHREEPUSHK,SHRE PUSH CHEM & FERT LTD,528.0,545.2,505.1,510.05,514.9,233531
2026-09-08,SAPPL,SHREE AJIT PULP & PAPER L,290.0,290.0,280.0,282.7,276.6,651
2026-09-08,SHREECEM,SHREE CEMENT LIMITED,23500.0,23560.0,23130.0,23160.0,23365.0,13107
2026-09-08,SHREDIGCEM,SHREE DIGVIJAY CEM CO LTD,72.9,73.22,71.0,72.6,72.04,73777
2026-09-08,SGRL,SHREE GANESH REMEDIES LTD,715.0,722.0,685.0,696.0,714.2,14245
2026-09-08,SRTL,SHREE RAM TWISTEX LIMITED,37.69,38.1,37.06,37.61,37.98,26612
2026-09-08,SHREERAMA,SHREE RAMA MULTI TECH LTD,43.57,43.7,41.43,42.27,43.84,80828
2026-09-08,RAMANEWS,SHREE RAMA NEWSPRINT LTD,32.89,34.3,32.66,33.74,32.64,151147
2026-09-08,RENUKA,SHREE RENUKA SUGARS LTD,25.15,25.73,24.97,25.19,25.15,20638935
2026-09-08,BALAJEE,SHREE TIRUPATI BALAJEE L,26.49,26.49,25.11,25.46,25.73,31666
2026-09-08,SHREEJISPG,SHREEJI SHIPPING GLOBAL L,702.8,710.3,695.0,698.2,699.8,621205
2026-09-08,OSWALSEEDS,SHREEOSWAL S AND CHE LTD,12.25,12.5,11.86,12.14,12.06,40865
2026-09-08,SHREYANIND,SHREYANS INDUSTRIES LTD,132.21,136.45,132.21,133.0,134.2,8325
2026-09-08,SHBAJRG,SHRI BAJRANG ALLIANCE L,161.99,163.66,155.11,155.89,161.97,3110
2026-09-08,SHRJAGP,SHRI JAGDAMBA POLYMERS L,650.0,680.0,630.0,638.1,644.1,616
2026-09-08,SHRIKRISH,SHRI KRISHNA DEVCON LTD.,39.6,39.95,36.0,37.15,39.22,2279
2026-09-08,VASUPRADA,SHRI VASUPRADA PLANTATI L,103.0,103.0,103.0,103.0,108.0,25
2026-09-08,SHRINGARMS,SHRINGAR HOU OF MANGALS L,218.8,219.8,216.5,217.44,218.59,289705
2026-09-08,LIQUIDSHRI,SHRIRAM - LIQUIDSHRI,1120.56,1120.56,1120.54,1120.55,1120.4,21607
2026-09-08,SHRIRAMFIN,SHRIRAM FINANCE LIMITED,1030.0,1031.9,1017.2,1029.0,1037.0,2574351
2026-09-08,SHRIRAMPPS,SHRIRAM PROPERTIES LTD,75.5,75.75,74.26,74.63,75.5,244665
2026-09-08,SHUKRAPHAR,SHUKRA PHARMACEUTICALS L,53.37,56.0,52.21,54.11,53.07,6791172
2026-09-08,SHYAMMETL,SHYAM METALICS AND ENGY L,1082.5,1099.0,1076.7,1081.9,1082.3,228641
2026-09-08,SHYAMTEL,SHYAM TELECOM LIMITED,11.43,11.68,11.01,11.47,11.0,6998
2026-09-08,SICAGEN,SICAGEN INDIA LIMITED,59.45,59.9,57.11,57.84,58.53,16231
2026-09-08,ENRIN,SIEMENS ENERGY INDIA LTD,3109.0,3249.8,3086.0,3200.1,3121.9,824146
2026-09-08,SIEMENS,SIEMENS LTD,3911.0,3998.8,3911.0,3951.3,3927.0,349820
2026-09-08,SIGACHI,SIGACHI INDUSTRIES LTD,34.25,35.82,33.62,34.7,34.41,6169969
2026-09-08,SIGMA,SIGMA SOLVE LIMITED,48.29,48.29,47.0,47.21,47.45,49956
2026-09-08,SIGNATURE,SIGNATUREGLOBAL INDIA LTD,795.0,802.0,780.5,785.2,799.95,184905
2026-09-08,SIGNPOST,SIGNPOST INDIA LIMITED,266.8,276.25,261.0,264.55,269.5,244701
2026-09-08,SIKA,SIKA INTERPLANT SYSTEMS L,986.1,1025.2,978.1,1015.15,986.1,46112
2026-09-08,SILINV,SIL INVESTMENTS LIMITED,469.9,479.9,460.0,462.4,472.05,801
2026-09-08,SILGO,SILGO RETAIL LIMITED,73.76,73.76,71.2,71.49,73.15,91013
2026-09-08,SILLYMONKS,SILLY MONKS ENTERTAIN LTD,16.4,16.5,16.0,16.29,15.94,17501
2026-09-08,SILVERTUC,SILVER TOUCH TECHNO LTD,163.5,165.21,160.2,161.1,163.56,413174
2026-09-08,SIMPLEXINF,SIMPLEX INFRASTRUCTURES L,258.3,264.7,256.0,257.4,260.35,70097
2026-09-08,SIMPLXREA,SIMPLEX REALTY LTD.,140.5,140.5,134.62,134.62,141.7,5
2026-09-08,SINCLAIR,SINCLAIRS HOTELS LIMITED,86.0,86.79,83.56,84.03,84.45,45494
2026-09-08,SINDHUTRAD,SINDHU TRADE LINKS LTD,25.25,25.44,24.87,25.0,25.25,1484833
2026-09-08,SINGERIND,SINGER INDIA LIMITED,75.04,77.98,73.65,75.75,74.97,123756
2026-09-08,SINTERCOM,SINTERCOM INDIA LIMITED,81.44,84.9,78.0,79.2,81.43,4179
2026-09-08,SIRCA,SIRCA PAINT INDIA LIMITED,437.0,438.25,432.5,434.4,436.85,156436
2026-09-08,SIS,SIS LIMITED,428.65,435.9,426.5,427.75,428.65,478616
2026-09-08,SIYSIL,SIYARAM SILK MILLS LTD,564.05,569.25,551.2,554.05,563.55,25896
2026-09-08,SJS,SJS ENTERPRISES LIMITED,2332.3,2351.3,2258.2,2286.8,2332.3,155758
2026-09-08,SJVN,SJVN LTD,65.56,66.19,64.75,65.87,65.56,2380457
2026-09-08,SKFINDUS,SKF IND (INDUSTRIAL) LTD,3024.0,3048.0,2916.6,2953.8,3016.1,38591
2026-09-08,SKFINDIA,SKF INDIA LTD,1554.8,1554.9,1524.7,1534.8,1546.6,21578
2026-09-08,SKIPPER,SKIPPER LIMITED,605.0,614.0,595.0,604.7,604.4,1156716
2026-09-08,SKMEGGPROD,SKM EGG PROD EXPORT(I) LT,246.5,256.9,246.5,253.35,246.85,186137
2026-09-08,SKYGOLD,SKY GOLD AND DIAMONDS LTD,789.05,833.25,789.05,820.0,788.15,1443541
2026-09-08,SKYWAYS,SKYWAYS AIR SERVICES LTD,114.44,115.72,106.82,110.22,113.91,6417199
2026-09-08,SMARTWORKS,SMARTWORKS COWORKING SP L,534.55,555.0,531.1,552.65,538.95,156782
2026-09-08,SMCGLOBAL,SMC GLOBAL SECURITIES LTD,86.0,86.77,83.39,85.31,84.95,1381128
2026-09-08,SMLMAH,SML MAHINDRA LIMITED,6360.5,6360.5,6260.5,6313.5,6393.5,45422
2026-09-08,SMSPHARMA,SMS PHARMACEUTICALS LTD.,402.7,409.4,394.15,399.15,397.95,634613
2026-09-08,SNOWMAN,SNOWMAN LOGISTICS LTD.,36.69,37.26,36.0,36.83,36.67,118533
2026-09-08,SOBHA,SOBHA LIMITED,1255.0,1262.4,1242.0,1255.6,1250.1,33085
2026-09-08,SOFTTECH,SOFTTECH ENGINEERS LTD,421.0,447.0,421.0,438.0,432.45,4536
2026-09-08,SOLARINDS,SOLAR INDUSTRIES (I) LTD,22130.0,22495.0,21925.0,22455.0,21950.0,217218
2026-09-08,SOLARA,SOLARA ACTIVE PHA SCI LTD,708.0,719.0,683.05,701.8,697.05,800696
2026-09-08,SOLARWORLD,SOLARWORLD ENERGY SOL LTD,152.88,153.0,147.56,147.99,147.9,555468
2026-09-08,SOLEX,SOLEX ENERGY LIMITED,720.15,729.5,710.6,725.05,718.45,15357
2026-09-08,SDBL,SOM DIST & BREW LTD,75.02,75.17,72.1,72.39,75.02,493821
2026-09-08,SOMATEX,SOMA TEXTILES & INDUST LT,89.62,89.62,84.01,85.27,86.72,7555
2026-09-08,SOMANYCERA,SOMANY CERAMICS LIMITED,556.95,564.0,555.4,562.65,559.4,68944
2026-09-08,SOMICONVEY,SOMI CONVEYOR BELT. LTD.,94.0,94.0,91.06,91.64,92.37,7510
2026-09-08,SONACOMS,SONA BLW PRECISION FRGS L,785.95,805.9,778.2,804.0,788.0,1137878
2026-09-08,SONAL,SONAL MERCANTILE LTD.,88.98,88.98,88.5,88.85,88.98,120
2026-09-08,SONATSOFTW,SONATA SOFTWARE LTD,284.5,284.8,273.0,274.25,283.85,918276
2026-09-08,SOUTHWEST,SOUTH WEST PINNACLE LTD,222.46,234.4,217.35,230.38,222.26,606636
2026-09-08,SPCENET,SPACENET ENTERS IND LTD,3.56,3.65,3.5,3.61,3.56,512719
2026-09-08,SPANDANA,SPANDANA SPHOORTY FIN LTD,238.88,240.75,236.22,239.74,238.88,48135
2026-09-08,SPELS,SPEL SEMICONDUCTOR LTD,147.64,149.5,145.21,146.6,147.64,25492
2026-09-08,SPENCERS,SPENCER S RETAIL LIMITED,28.45,29.7,28.45,29.41,28.78,20201
2026-09-08,SPIC,SPIC LTD,70.92,72.5,70.58,71.07,71.02,720567
2026-09-08,SPLIL,SPL INDUSTRIES LIMITED,30.8,30.99,30.8,30.8,31.09,421
2026-09-08,SPMLINFRA,SPML INFRA LIMITED,180.21,183.44,175.0,176.31,180.21,311586
2026-09-08,SPORTKING,SPORTKING INDIA LIMITED,224.0,224.0,208.71,215.6,221.85,571188
2026-09-08,SHRIPISTON,SPR AUTO TECHNOLOGIES LTD,4488.0,4513.5,4428.2,4438.2,4491.5,29385
2026-09-08,SRHHYPOLTD,SREE RAYALSEEMA HHP LTD.,525.1,540.0,525.1,527.9,531.6,13080
2026-09-08,SREEL,SREELEATHERS LIMITED,279.4,292.0,276.0,287.51,279.4,26819
2026-09-08,SRF,SRF LTD,2546.0,2546.0,2517.0,2522.0,2546.0,167100
2026-09-08,SRGHFL,SRG HOUSING FINANCE L,242.1,243.75,233.1,236.65,245.85,1881
2026-09-08,HAVISHA,SRI HAVISHA HOSP & INFR L,1.35,1.35,1.32,1.33,1.32,20675
2026-09-08,SRM,SRM CONTRACTORS LIMITED,462.9,465.0,450.15,461.05,460.05,82127
2026-09-08,SETL,STANDARD ENGNG TCNLGY LTD,388.55,407.0,384.1,404.5,388.55,899191
2026-09-08,SIL,STANDARD INDUSTRIES LTD.,19.17,19.48,18.97,19.1,19.17,43242
2026-09-08,STANLEY,STANLEY LIFESTYLES LTD,137.0,141.8,135.53,138.59,137.16,112955
2026-09-08,STARCEMENT,STAR CEMENT LIMITED,195.0,196.34,193.7,194.83,194.4,289777
2026-09-08,STARHEALTH,STAR HEALTH & AL INS CO L,565.95,573.9,558.05,572.1,565.95,252143
2026-09-08,STARPAPER,STAR PAPER MILLS LTD,163.0,166.0,158.57,159.33,162.61,34432
2026-09-08,STARTECK,STARTECK FINANCE LIMITED,247.0,247.0,246.7,246.9,247.2,66
2026-09-08,SBIN,STATE BANK OF INDIA,1004.9,1011.2,1002.1,1008.0,1005.9,7084768
2026-09-08,SAIL,STEEL AUTHORITY OF INDIA,188.5,190.8,186.05,186.1,187.9,19246316
2026-09-08,STEELCITY,STEEL CITY SECURITIES LTD,85.0,85.0,82.5,83.22,84.99,5527
2026-09-08,STEELXIND,STEEL EXCHANGE INDIA LTD,11.22,12.08,11.02,11.53,11.23,12644699
2026-09-08,STLSTRINF,STEEL STRIPS INFRA L,18.76,19.75,18.06,18.11,19.07,3074
2026-09-08,SSWL,STEEL STRIPS WHEELS LTD.,375.0,376.9,360.65,373.1,371.3,822533
2026-09-08,STEELCAS,STEELCAST LIMITED,329.95,332.8,319.35,331.6,326.85,76516
2026-09-08,STEL,STEL HOLDINGS LIMITED,615.1,615.1,597.2,601.4,596.7,2050
2026-09-08,SGL,STL GLOBAL LIMITED,10.03,10.39,9.75,9.87,9.83,2966
2026-09-08,STLNETWORK,STL NETWORKS LIMITED,31.82,31.82,30.5,31.62,30.31,6414014
2026-09-08,STOVEKRAFT,STOVE KRAFT LIMITED,855.0,864.95,829.1,839.45,849.25,77207
2026-09-08,STAR,STRIDES PHARMA SCI LTD,1169.0,1206.9,1155.3,1187.4,1178.8,491962
2026-09-08,SWSOLAR,STRLNG & WIL REN ENE LTD,185.0,186.64,183.5,184.08,185.13,493784
2026-09-08,STUDDS,STUDDS ACCESSORIES LTD,419.95,429.95,418.85,421.85,419.95,53941
2026-09-08,STYLAMIND,STYLAM INDUSTRIES LIMITED,3360.0,3400.0,3328.1,3349.9,3370.7,21577
2026-09-08,STYRENIX,STYRENIX PERFORMANCE LTD,2067.0,2145.0,2063.0,2114.9,2063.7,63027
2026-09-08,SUBEXLTD,SUBEX LTD,16.72,19.58,16.7,19.23,16.74,31292634
2026-09-08,SUBROS,SUBROS LIMITED,703.3,708.25,695.0,697.85,704.75,36208
2026-09-08,SUDARSCHEM,SUDARSHAN CHEMICAL INDS L,1240.1,1249.5,1213.3,1221.7,1239.8,146481
2026-09-08,SUDARCOLOR,SUDARSHAN COLORNT IND LTD,386.9,390.0,380.0,385.35,386.8,8513
2026-09-08,SUDEEPPHRM,SUDEEP PHARMA LIMITED,1327.0,1362.9,1311.1,1344.2,1323.3,192353
2026-09-08,SUKHJITS,SUKHJIT STARCH & CHEM LTD,160.88,163.0,157.55,160.49,160.55,66512
2026-09-08,SULA,SULA VINEYARDS LIMITED,146.51,147.99,145.25,146.5,147.09,152179
2026-09-08,SUMEDHA,SUMEDHA FISCAL SERVICES L,39.7,40.25,38.6,38.72,39.7,230
2026-09-08,SUMEETINDS,SUMEET IND LIMITED,11.35,11.7,11.25,11.39,11.29,1209924
2026-09-08,SUMIT,SUMIT WOODS LIMITED,52.87,52.87,47.7,49.06,51.31,26995
2026-09-08,SUMICHEM,SUMITOMO CHEM INDIA LTD,489.95,495.95,481.5,486.7,487.9,141520
2026-09-08,SUMMITSEC,SUMMIT SECURITIES LTD,1435.3,1436.8,1400.0,1404.1,1419.8,2339
2026-09-08,SPARC,SUN PHARMA ADV.RES.CO.LTD,205.87,206.96,201.25,203.27,205.87,627055
2026-09-08,SUNPHARMA,SUN PHARMACEUTICAL IND L,1892.0,1895.6,1876.8,1885.9,1895.0,1422627
2026-09-08,SUNTV,SUN TV NETWORK LIMITED,453.1,458.85,449.0,453.5,452.85,262935
2026-09-08,SUNCLAY,SUNDARAM CLAYTON LIMITED,1291.0,1313.5,1288.1,1293.4,1299.4,4262
2026-09-08,SUNDARMFIN,SUNDARAM FINANCE LTD,4708.3,4739.9,4650.1,4712.7,4708.3,33937
2026-09-08,SUNDARAM,SUNDARAM MULTI PAP LTD,1.22,1.23,1.2,1.21,1.2,200955
2026-09-08,SUNDRMFAST,SUNDRAM FASTENERS LTD,1200.4,1278.0,1199.0,1255.0,1200.5,289846
2026-09-08,SUNDROP,SUNDROP BRANDS LIMITED,665.0,665.0,655.15,659.3,659.45,5103
2026-09-08,SUNFLAG,SUNFLAG IRON AND STEEL CO,342.9,342.9,336.5,338.3,338.4,94593
2026-09-08,SUNLOC,SUNIL HEALTHCARE LTD.,79.98,80.0,76.97,79.72,79.98,1618
2026-09-08,SUNRAKSHAK,SUNRAKSHAKK INDUS IND L,370.15,375.0,361.05,373.75,370.15,10927
2026-09-08,SUNSHIEL,SUNSHIELD CHEMICALS LTD.,1268.6,1284.8,1230.0,1239.4,1268.6,2607
2026-09-08,SUNSHINE,SUNSHINE PICTURES LIMITED,486.5,495.9,471.5,489.15,486.3,2339186
2026-09-08,SUNTECK,SUNTECK REALTY LIMITED,294.4,297.3,290.3,295.9,294.0,114285
2026-09-08,SUPERHOUSE,SUPERHOUSE LIMITED,170.62,172.0,167.02,170.7,170.62,1114
2026-09-08,SIEL,SUPERIOR INDUSTRIAL ENT L,30.94,30.94,29.3,30.2,30.79,1617
2026-09-08,SUPRAJIT,SUPRAJIT ENGINEERING LTD,473.2,477.4,468.55,475.6,473.2,38920
2026-09-08,SUPREME,SUPREME HOLDIN N HOSP I L,37.23,38.0,36.54,37.16,37.41,12225
2026-09-08,SUPREMEIND,SUPREME INDUSTRIES LTD,3598.0,3598.0,3521.7,3553.0,3598.0,151985
2026-09-08,SUPREMEINF,SUPREME INFRA. LTD.,85.07,86.21,83.15,85.1,85.77,72493
2026-09-08,SPLPETRO,SUPREME PETROCHEM LIMITED,809.0,831.1,783.15,828.4,802.5,904826
2026-09-08,SUPRIYA,SUPRIYA LIFESCIENCE LTD,910.0,925.1,898.5,915.65,909.1,265504
2026-09-08,SURAJEST,SURAJ ESTATE DEVELOPERS L,176.9,178.8,173.01,173.92,176.09,218552
2026-09-08,SURAJLTD,SURAJ LIMITED,200.0,207.98,198.25,200.2,200.0,3043
2026-09-08,SURAKSHA,SURAKSHA DIAGNOSTIC LTD,338.0,345.0,335.05,340.1,338.9,74971
2026-09-08,SURANASOL,SURANA SOLAR LIMITED,25.86,26.23,25.62,26.03,25.86,22239
2026-09-08,SURANAT&P,SURANA TELECOM AND POW LT,16.25,16.6,16.25,16.42,16.43,42233
2026-09-08,SBGLP,SURATWWALA BUS GROUP LTD,24.01,24.95,23.81,23.81,23.81,13937
2026-09-08,SURYAROSNI,SURYA ROSHNI LTD,215.6,220.08,215.0,216.02,215.81,346599
2026-09-08,SURYALAXMI,SURYALAKSHMI COT MIL LTD,59.0,59.29,56.31,58.32,58.85,8399
2026-09-08,SURYALA,SURYALATA SPINNING MILL L,410.05,410.1,409.95,410.0,421.4,1077
2026-09-08,SURYODAY,SURYODAY SMALL FIN BK LTD,151.22,157.17,151.22,154.86,152.21,270869
2026-09-08,SUVEN,SUVEN LIFE SCIENCES LTD,376.45,380.0,368.0,369.9,377.15,468826
2026-09-08,SUVIDHAA,SUVIDHAA INFOSERVE LTD,2.23,2.38,2.05,2.31,2.21,151860
2026-09-08,SUYOG,SUYOG TELEMATICS LIMITED,724.8,740.0,705.55,713.65,718.5,38569
2026-09-08,SUZLON,SUZLON ENERGY LIMITED,45.47,45.77,45.27,45.5,45.55,24929892
2026-09-08,SVPGLOB,SVP GLOBAL TEXTILES LTD,3.67,3.67,3.48,3.51,3.6,51940
2026-09-08,SWANCORP,SWAN CORP LIMITED,279.45,280.4,275.25,276.8,278.1,756303
2026-09-08,SWARAJENG,SWARAJ ENGINES LTD,3650.0,3664.9,3603.1,3632.6,3648.0,8188
2026-09-08,SWARNSAR,SWARNSARITA JEWELS IND L,39.2,44.38,38.0,41.62,37.58,232263
2026-09-08,SWELECTES,SWELECT ENERGY SYS LTD,573.6,608.0,573.6,583.8,572.35,31409
2026-09-08,SWIGGY,SWIGGY LIMITED,276.45,280.0,274.6,275.7,276.45,25774897
2026-09-08,SYMBIOTEC,SYMBIOTEC PHARMALAB LTD,1105.0,1108.6,1071.1,1094.1,1098.7,556915
2026-09-08,SYMPHONY,SYMPHONY LIMITED,587.4,653.0,585.2,613.05,573.4,4900203
2026-09-08,SYNCOMF,SYNCOM FORMU (I) LTD,20.4,21.5,20.4,20.97,20.27,12467529
2026-09-08,SGIL,SYNERGY GREEN IND. LTD,605.5,606.55,585.05,588.5,600.85,16342
2026-09-08,SYNGENE,SYNGENE INTERNATIONAL LTD,389.3,390.65,383.5,387.55,389.3,482134
2026-09-08,SYRMA,SYRMA SGS TECHNOLOGY LTD,1627.0,1660.0,1592.2,1639.2,1634.8,2823789
2026-09-08,TGVSL,T G V SRAAC LTD.,110.91,111.85,108.62,109.47,110.52,103553
2026-09-08,TTL,T T LIMITED,6.79,7.15,6.61,6.83,6.74,146579
2026-09-08,TAALTECH,TAAL TECH LTD.,4499.0,4550.0,4437.1,4532.2,4439.1,7902
2026-09-08,TAINWALCHM,TAINWALA CHEMICAL AND PLA,207.44,218.0,207.44,212.34,208.48,2390
2026-09-08,TAJGVK,TAJ GVK HOTELS & RESORTS,329.35,338.4,326.9,332.75,329.2,102199
2026-09-08,TAKE,TAKE LIMITED,15.23,15.23,14.79,15.23,14.51,882460
2026-09-08,TALBROAUTO,TALBROS AUTO. COMP. LTD,431.8,431.8,420.0,424.0,431.8,150372
2026-09-08,TMB,TAMILNAD MERCA BANK LTD,936.45,936.8,920.15,926.8,936.45,66320
2026-09-08,TNPL,TAMILNADU NEWSPRT & PAPER,160.55,164.8,158.41,161.41,159.5,734222
2026-09-08,TNPETRO,TAMILNADU PETROPRODUCTS L,131.51,146.99,130.25,139.18,131.73,6949799
2026-09-08,TNTELE,TAMILNADU TELECOMMUNICATI,8.97,9.08,8.69,8.99,8.97,18800
2026-09-08,TANAA,TANEJA AEROSPACE & AVIA L,284.45,286.4,272.8,276.95,282.0,9918
2026-09-08,TANLA,TANLA PLATFORMS LIMITED,519.0,520.2,510.8,512.95,520.2,296264
2026-09-08,TARACHAND,TARA CHAND INFRA SOLN LTD,48.7,49.0,47.5,47.68,47.43,31732
2026-09-08,TARAPUR,TARAPUR TRANSFORMERS LTD,12.65,13.49,12.55,12.83,12.71,19300
2026-09-08,TARC,TARC LIMITED,136.49,136.49,130.6,131.53,134.9,643556
2026-09-08,TARMAT,TARMAT LIMITED,61.91,66.0,61.6,62.25,61.91,52108
2026-09-08,TARSONS,TARSONS PRODUCTS LIMITED,326.6,330.2,321.15,325.15,328.55,67588
2026-09-08,TASTYBITE,TASTY BITE EATABLES LTD,9883.0,9947.0,9826.0,9853.0,9901.0,999
2026-09-08,TATACAP,TATA CAPITAL LIMITED,368.05,369.2,365.15,368.05,369.95,542958
2026-09-08,TATACHEM,TATA CHEMICALS LTD,611.6,614.95,605.5,607.7,613.35,313943
2026-09-08,TATACOMM,TATA COMMUNICATIONS LTD,1746.9,1760.0,1718.2,1752.8,1738.5,257972
2026-09-08,TCS,TATA CONSULTANCY SERV LT,2270.0,2274.5,2244.0,2255.5,2270.0,2148114
2026-09-08,TATACONSUM,TATA CONSUMER PRODUCT LTD,1015.0,1018.7,1007.9,1014.1,1015.0,720871
2026-09-08,TATAELXSI,TATA ELXSI LIMITED,3505.0,3505.3,3462.2,3492.0,3497.0,92045
2026-09-08,TATAINVEST,TATA INVESTMENT CORP LTD,626.9,626.9,621.0,622.05,627.8,120345
2026-09-08,TMCV,TATA MOTORS LIMITED,459.0,460.45,453.25,456.05,459.65,4623711
2026-09-08,TMPV,TATA MOTORS PASS VEH LTD,306.1,306.65,302.45,306.45,307.0,6921996
2026-09-08,TATAPOWER,TATA POWER CO LTD,364.65,367.2,362.25,365.55,365.7,2879558
2026-09-08,TATASTEEL,TATA STEEL LIMITED,185.9,186.5,183.61,184.15,185.61,24272812
2026-09-08,TATATECH,TATA TECHNOLOGIES LIMITED,785.0,803.6,781.75,798.5,785.1,944323
2026-09-08,TTML,TATA TELESERV(MAHARASTRA),37.3,37.31,36.3,36.49,37.35,1566480
2026-09-08,NETF,TATAAML - NETF,259.9,262.98,256.77,257.91,258.45,957
2026-09-08,NPBET,TATAAML - NPBET,287.28,287.6,285.87,285.87,287.34,99
2026-09-08,TNIDETF,TATAAML - TNIDETF,89.8,90.69,89.29,89.67,89.81,49101
2026-09-08,TATAGOLD,TATAAML-TATAGOLD,14.78,14.89,14.73,14.79,14.76,43973894
2026-09-08,TATSILV,TATAAML-TATSILV,22.53,22.73,22.34,22.44,22.31,41067114
2026-09-08,TATVA,TATVA CHIN PHARM CHEM LTD,1715.0,1732.0,1656.0,1680.2,1695.8,40980
2026-09-08,TBOTEK,TBO TEK LIMITED,1690.0,1702.5,1669.6,1694.5,1705.4,83697
2026-09-08,TCC,TCC CONCEPT LIMITED,41.0,49.29,39.37,49.07,41.08,6862837
2026-09-08,TCIEXP,TCI EXPRESS LIMITED,549.1,556.85,545.35,550.45,549.1,35817
2026-09-08,TCPLPACK,TCPL PACKAGING LIMITED,3919.8,3920.3,3802.2,3874.7,3862.4,9186
2026-09-08,TDPOWERSYS,TD POWER SYSTEMS LTD.,736.0,778.85,736.0,768.8,734.15,2089519
2026-09-08,TEAMGTY,TEAM INDIA GUARANTY LTD,243.0,243.0,235.0,235.02,235.03,620
2026-09-08,TEAMLEASE,TEAMLEASE SERVICES LTD.,1285.0,1285.6,1243.8,1256.5,1279.2,14408
2026-09-08,TECHM,TECH MAHINDRA LIMITED,1556.1,1569.9,1541.4,1559.0,1564.0,1575629
2026-09-08,TECHNOE,TECHNO ELEC & ENG CO. LTD,962.5,970.0,960.55,964.7,962.5,80436
2026-09-08,TIIL,TECHNOCRAFT IND LTD,3198.0,3239.0,3109.0,3141.0,3166.4,27206
2026-09-08,TECHNOCRAF,TECHNOCRAFT VENTURES LTD,393.25,406.95,389.1,403.85,388.95,1678026
2026-09-08,TECHNVISN,TECHNVISION VENTURES LTD.,4770.5,4956.0,4680.0,4797.5,4792.5,314
2026-09-08,TECILCHEM,TECIL CHEMICALS,9.54,9.7,9.21,9.26,9.5,9254
2026-09-08,TEGA,TEGA INDUSTRIES LIMITED,1613.0,1695.0,1593.0,1632.4,1603.5,535802
2026-09-08,TEJASNET,TEJAS NETWORKS LIMITED,595.7,604.95,583.4,590.05,593.6,2903328
2026-09-08,TEMBO,TEMBO GLOBAL IND LTD,59.4,59.62,58.0,58.17,58.43,869954
2026-09-08,TEMPSENS,TEMPSENS INST (INDIA) LTD,546.0,573.75,537.35,571.35,546.2,4308131
2026-09-08,TENNIND,TENNECO CLEAN AIR INDIA L,517.0,530.0,515.05,525.7,515.45,622292
2026-09-08,TERASOFT,TERA SOFTWARE LIMITED,273.25,280.05,270.4,272.35,273.25,13276
2026-09-08,TERAI,TERAI TEA CO. LTD.,130.0,130.0,130.0,130.0,130.7,1
2026-09-08,TEXINFRA,TEXMACO INFRA & HOLDG LTD,121.0,121.3,117.5,120.03,119.26,1152328
2026-09-08,TEXRAIL,TEXMACO RAIL & ENG. LTD.,119.88,121.87,117.71,118.26,119.46,1773204
2026-09-08,TEXMOPIPES,TEXMO PIPE & PRODUCTS LTD,54.95,54.95,52.05,52.52,54.18,469063
2026-09-08,TGBHOTELS,TGB BANQUETS&HOTELS LTD,9.6,9.79,9.06,9.21,9.56,24346
2026-09-08,THACKER,THACKER & CO. LTD.,1017.0,1017.0,1017.0,1017.0,1016.0,7
2026-09-08,THAKDEV,THAKKERS DEVELOPERS LTD.,148.0,148.0,148.0,148.0,149.99,1
2026-09-08,THANGAMAYL,THANGAMAYIL JEWELLERY LTD,5462.5,5507.0,5336.0,5366.5,5474.0,54304
2026-09-08,ANUP,THE ANUP ENGINEERING LTD,1768.3,1775.9,1717.0,1725.6,1770.6,22344
2026-09-08,GESHIP,THE GE SHPG.LTD,1375.0,1397.7,1374.4,1383.8,1376.7,760052
2026-09-08,GROBTEA,THE GROB TEA COMPANY LTD,966.0,966.0,966.0,966.0,959.15,2
2026-09-08,INDIACEM,THE INDIA CEMENTS LIMITED,356.0,357.55,352.4,353.45,356.1,40841
2026-09-08,INDHOTEL,THE INDIAN HOTELS CO. LTD,712.6,723.55,712.6,720.0,716.2,996891
2026-09-08,THEINVEST,THE INVEST TRUST OF IND L,96.51,98.99,95.05,96.28,97.89,8569
2026-09-08,NIACL,THE NEW INDIA ASSU CO LTD,231.2,232.0,199.52,205.22,231.2,45314645
2026-09-08,PKTEA,THE P K TEA PROD CO LTD,999.0,1115.0,963.15,972.75,963.15,61700
2026-09-08,PHOENIXLTD,THE PHOENIX MILLS LTD,1910.7,1915.0,1885.0,1885.0,1905.0,329961
2026-09-08,RAMCOCEM,THE RAMCO CEMENTS LIMITED,876.0,881.9,865.0,871.45,871.5,201465
2026-09-08,RUBYMILLS,THE RUBY MILLS LTD,447.7,458.8,439.55,450.3,457.0,38798
2026-09-08,SOUTHBANK,THE SOUTH INDIAN BANK LTD,46.6,46.99,46.4,46.82,46.54,4494492
2026-09-08,STCINDIA,THE STATE TRADING CORPN,114.02,114.68,113.15,113.72,114.27,11336
2026-09-08,UGARSUGAR,THE UGAR SUGAR WORKS LTD,54.49,54.85,52.66,53.29,54.19,256047
2026-09-08,WIPL,THE WESTERN INDIA PLY LTD,165.11,169.4,165.11,167.99,164.52,105
2026-09-08,THEJO,THEJO ENGINEERING LIMITED,2160.2,2168.9,2130.0,2134.1,2160.2,2282
2026-09-08,THEMISMED,THEMIS MEDICARE LTD.,132.0,134.9,129.01,132.17,133.07,335531
2026-09-08,THERMAX,THERMAX LTD,3593.0,3655.2,3580.5,3629.6,3622.0,195564
2026-09-08,TIRUMALCHM,THIRUMALAI CHEMICALS LTD,155.5,159.8,153.0,157.9,154.98,259105
2026-09-08,THOMASCOOK,THOMAS COOK (INDIA) LTD,112.0,112.53,108.8,109.91,112.52,680651
2026-09-08,THOMASCOTT,THOMAS SCOTT (INDIA) LTD,261.85,261.85,253.0,255.3,259.65,56062
2026-09-08,THYROCARE,THYROCARE TECH LTD,573.1,577.0,566.6,569.45,573.15,161195
2026-09-08,TIGERLOGS,TIGER LOGISTICS (INDIA) L,28.32,28.76,27.59,27.82,28.08,39299
2026-09-08,TI,TILAKNAGAR INDUSTRIES LTD,532.0,542.0,531.15,540.35,533.25,208328
2026-09-08,TIMETECHNO,TIME TECHNOPLAST LTD.,184.2,188.0,183.16,186.54,184.53,2793802
2026-09-08,TIMEX,TIMEX GROUP INDIA LTD.,633.0,637.0,599.0,607.1,628.3,839127
2026-09-08,TIMKEN,TIMKEN INDIA LTD.,3085.0,3120.0,3080.2,3098.9,3098.7,12524
2026-09-08,TINNARUBR,TINNA RUBBER AND INFR LTD,1027.45,1027.45,997.0,1019.0,1012.9,59543
2026-09-08,TIPSFILMS,TIPS FILMS LIMITED,328.15,336.0,325.0,331.1,328.15,2076
2026-09-08,TIPSMUSIC,TIPS MUSIC LIMITED,643.7,663.8,641.15,644.9,643.7,300602
2026-09-08,TITAGARH,TITAGARH RAIL SYSTEMS LTD,897.0,897.9,874.0,880.8,896.45,606235
2026-09-08,TITAN,TITAN COMPANY LIMITED,4975.0,5015.5,4969.0,4987.0,4995.0,432671
2026-09-08,TOKYOPLAST,TOKYO PLAST INTL LTD,73.0,78.5,73.0,78.5,75.99,669
2026-09-08,TOLINS,TOLINS TYRES LIMITED,92.26,94.94,91.11,92.23,92.26,22178
2026-09-08,TORNTPHARM,TORRENT PHARMACEUTICALS L,4900.0,4983.5,4887.0,4960.0,4914.0,258478
2026-09-08,TORNTPOWER,TORRENT POWER LTD,1275.0,1283.9,1257.6,1270.2,1275.7,254564
2026-09-08,TOTAL,TOTAL TRANSPORT SYS LTD,72.03,74.12,72.03,73.72,74.14,5858
2026-09-08,TOUCHWOOD,TOUCHWOOD ENTERTAIN LTD.,64.99,64.99,60.2,61.06,62.0,666
2026-09-08,TFCILTD,TOURISM FINANCE CORP. OF,140.51,143.85,139.33,140.89,140.9,7108611
2026-09-08,TOYAMSL,TOYAM SPORTS LTD.,0.62,0.64,0.61,0.62,0.61,594749
2026-09-08,TPLPLASTEH,TPL PLASTECH LIMITED,68.98,69.33,66.07,67.69,68.61,187605
2026-09-08,TRACXN,TRACXN TECHNOLOGIES LTD,29.5,30.0,28.3,29.01,29.68,387852
2026-09-08,TARIL,TRANS & RECTI. LTD,298.4,299.9,295.5,297.15,299.65,569307
2026-09-08,TRANSCOR,TRANSCORP INTERNATIONAL L,26.0,26.0,24.35,24.99,25.14,1072
2026-09-08,TREL,TRANSINDIA REAL ESTATE L,26.7,27.75,26.0,26.72,27.18,161113
2026-09-08,TCI,TRANSPORT CORPN OF INDIA,863.0,880.0,860.0,872.5,863.95,21900
2026-09-08,TRANSRAILL,TRANSRAIL LIGHTING LTD,419.55,423.55,416.05,419.0,419.55,433538
2026-09-08,TFL,TRANSWARRANTY FIN. LTD.,12.11,12.4,11.94,12.06,11.91,7174
2026-09-08,TRAVELFOOD,TRAVEL FOOD SERVICES LTD,1285.0,1304.0,1275.1,1295.5,1285.3,26045
2026-09-08,TREEHOUSE,TREE HOUSE EDU LTD,6.02,6.36,6.02,6.07,6.1,20165
2026-09-08,TREJHARA,TREJHARA SOLUTIONS LTD,147.19,149.8,146.01,149.11,147.19,5344
2026-09-08,TRENT,TRENT LTD,2800.5,2812.8,2770.4,2793.6,2814.5,588825
2026-09-08,TRF,TRF LIMITED,238.0,238.0,230.42,230.98,235.13,6386
2026-09-08,TBZ,TRIB BHIMJI ZAVERI LTD,555.3,555.3,555.3,555.3,528.9,188891
2026-09-08,TRIDENT,TRIDENT LIMITED,23.98,23.98,23.81,23.86,23.98,1764542
2026-09-08,TRIGYN,TRIGYN TECHNOLOGIES LTD,59.05,59.83,56.06,56.92,59.88,48367
2026-09-08,TRITONV,TRITON VALVES LTD.,1159.0,1159.0,1113.7,1124.6,1140.5,2113
2026-09-08,TRIVENI,TRIVENI ENGG. & INDS. LTD,277.1,278.2,269.85,272.75,276.1,341771
2026-09-08,TRITURBINE,TRIVENI TURBINE LIMITED,567.9,585.0,566.0,580.6,568.75,374569
2026-09-08,TRUALT,TRUALT BIOENERGY LIMITED,424.0,425.5,410.85,415.7,424.1,139457
2026-09-08,TRU,TRUCAP FINANCE LIMITED,4.01,4.15,3.97,4.06,4.1,168620
2026-09-08,TSFINV,TSF INVESTMENTS LIMITED,403.6,429.2,403.6,422.3,403.6,141657
2026-09-08,TTKHLTCARE,TTK HEALTHCARE LIMITED,1092.5,1213.1,1090.0,1191.0,1091.1,215583
2026-09-08,TTKPRESTIG,TTK PRESTIGE LTD,550.0,561.3,545.0,549.2,548.0,162558
2026-09-08,TIINDIA,TUBE INVEST OF INDIA LTD,2683.4,2683.4,2626.2,2638.7,2683.0,545195
2026-09-08,TURTLEMINT,TURTLEMINT FINTECH SOLS L,140.86,141.91,137.0,139.86,142.42,933717
2026-09-08,TUTIALKA,TUTICORIN ALKAL CH & FE L,61.0,61.0,59.01,59.91,59.74,11623
2026-09-08,TVTODAY,TV TODAY NETWORK LTD,110.74,113.43,110.18,110.99,110.68,18635
2026-09-08,TVSELECT,TVS ELECTRONICS LTD,417.1,424.95,410.3,411.75,418.8,14200
2026-09-08,TVSHLTD,TVS HOLDINGS LIMITED,13743.0,13743.0,13300.0,13377.0,13748.0,7053
2026-09-08,TVSMOTOR,TVS MOTOR COMPANY  LTD,4139.0,4156.8,4078.0,4133.2,4132.0,613492
2026-09-08,TVSSRICHAK,TVS SRICHAKRA LIMITED,5341.0,5500.0,5280.0,5340.0,5305.0,13318
2026-09-08,TVSSCS,TVS SUPPLY CHAIN SOL L,128.1,128.68,126.75,127.23,129.05,365615
2026-09-08,UPHOT,U P HOTELS LTD.,1350.0,1396.5,1350.0,1396.5,1330.0,173
2026-09-08,UCOBANK,UCO BANK,24.42,24.45,24.14,24.18,24.42,3477238
2026-09-08,UDAYJEW,UDAY JEWELLERY INDS. LTD.,169.8,175.8,155.0,167.17,167.58,314708
2026-09-08,USK,UDAYSHIVAKUMAR INFRA LTD,21.0,21.15,20.56,20.88,20.9,7056
2026-09-08,UFLEX,UFLEX LIMITED,683.55,695.0,663.35,686.75,682.7,338932
2026-09-08,UFO,UFO MOVIEZ INDIA LTD.,65.3,65.79,63.7,64.83,64.51,45753
2026-09-08,UGROCAP,UGRO CAPITAL LIMITED,85.5,85.89,84.64,85.06,85.42,115764
2026-09-08,UEL,UJAAS ENERGY LIMITED,218.05,218.05,218.05,218.05,229.52,3358
2026-09-08,UJJIVANSFB,UJJIVAN SMALL FINANC BANK,64.93,65.47,63.71,64.86,65.09,8048113
2026-09-08,ULTRAMAR,ULTRAMARINE & PIGMENTS L,429.4,438.5,419.2,421.45,429.4,110114
2026-09-08,ULTRACEMCO,ULTRATECH CEMENT LIMITED,11175.0,11215.0,10995.0,11009.0,11175.0,338272
2026-09-08,UMIYA-MRO,UMIYA BUILDCON LIMITED,105.82,105.82,98.0,98.93,104.82,45864
2026-09-08,UNICHEMLAB,UNICHEM LABORATORIES LTD,567.0,575.2,552.4,555.6,569.75,72969
2026-09-08,UNIECOM,UNICOMMERCE ESOLUTIONS L,85.36,85.7,83.26,84.13,85.36,324519
2026-09-08,UNIINFO,UNIINFO TELECOM SERVI LTD,11.06,11.2,10.85,11.05,11.06,4379
2026-09-08,UNIMECH,UNIMECH AEROSPACE N MFG L,1514.0,1640.0,1494.2,1629.6,1495.7,939028
2026-09-08,UNIONBANK,UNION BANK OF INDIA,184.41,185.15,181.4,183.22,186.04,5714683
2026-09-08,UNIONGOLD,UNIONAMC - UNIONGOLD,149.55,150.25,148.45,148.85,148.75,739
2026-09-08,UNIPARTS,UNIPARTS INDIA LIMITED,903.95,907.0,890.0,898.0,902.1,107199
2026-09-08,UNIENTER,UNIPHOS ENTERPRISES LTD,93.9,95.45,93.26,93.55,92.85,7826
2026-09-08,UNITECH,UNITECH LTD,4.25,4.25,4.01,4.04,4.22,8195532
2026-09-08,UBL,UNITED BREWERIES LTD,1291.0,1293.9,1245.9,1252.5,1291.0,288599
2026-09-08,UNITEDTEA,UNITED NILGIRI TEA LTD,442.0,446.1,440.1,441.85,441.95,906
2026-09-08,UNITEDPOLY,UNITED POLYFAB GUJ. LTD.,42.99,43.0,41.5,42.78,42.88,129764
2026-09-08,UNITDSPR,UNITED SPIRITS LIMITED,1431.8,1441.9,1426.9,1440.0,1440.0,506102
2026-09-08,UNIVCABLES,UNIVERSAL CABLES LTD,1480.4,1556.8,1480.4,1524.7,1487.6,181704
2026-09-08,UNOMINDA,UNO MINDA LIMITED,1240.0,1241.0,1221.0,1237.0,1241.7,561339
2026-09-08,UDS,UPDATER SERVICES LIMITED,216.76,221.0,206.21,215.77,217.84,498239
2026-09-08,UPL,UPL LIMITED,575.5,576.75,569.95,576.75,573.0,1635290
2026-09-08,URBANCO,URBAN COMPANY LIMITED,176.06,177.0,169.52,171.77,176.06,4580702
2026-09-08,URJA,URJA GLOBAL LIMITED,9.06,9.14,9.06,9.08,9.12,432845
2026-09-08,UMESLTD,USHA MARTIN EDU & SOL LTD,5.14,5.18,5.0,5.08,5.09,4272
2026-09-08,USHAMART,USHA MARTIN LTD.,497.1,508.45,497.1,499.85,500.3,358059
2026-09-08,UTIAMC,UTI ASSET MNGMT CO LTD,889.95,905.4,889.9,900.45,889.95,354889
2026-09-08,LIQUIDBETA,UTIAMC - LIQUIDBETA,1007.29,1007.29,1007.27,1007.29,1007.14,149342
2026-09-08,NIF500BETA,UTIAMC - NIF500BETA,37.42,38.02,37.27,37.27,37.24,663
2026-09-08,BANKBETA,UTIAMC-BANKBETA,59.05,59.08,58.8,58.88,59.04,22057
2026-09-08,GILT10BETA,UTIAMC-GILT10BETA,26.66,26.77,26.33,26.7,26.4,500082
2026-09-08,GILT5BETA,UTIAMC-GILT5BETA,67.18,67.18,65.96,66.8,66.94,198804
2026-09-08,ITBETA,UTIAMC-ITBETA,314.14,316.55,314.0,315.0,316.25,226
2026-09-08,MIDCAPBETA,UTIAMC-MIDCAPBETA,233.28,233.98,232.77,233.87,233.48,1364
2026-09-08,NEXT50BETA,UTIAMC-NEXT50BETA,78.66,78.9,78.03,78.52,78.66,59886
2026-09-08,NIFTYBETA,UTIAMC-NIFTYBETA,263.89,265.22,257.29,262.87,263.89,31042
2026-09-08,SENSEXBETA,UTIAMC-SENSEXBETA,843.5,844.0,839.0,841.3,843.38,1117
2026-09-08,SILVERBETA,UTIAMC-SILVERBETA,223.66,226.0,222.19,223.41,222.04,267736
2026-09-08,SNXT50BETA,UTIAMC-SNXT50BETA,94.5,95.44,92.9,94.36,94.03,1928
2026-09-08,GOLDBETA,UTIAMC-UTIGOLDBETA,128.25,129.0,127.5,128.15,128.0,736226
2026-09-08,UTKARSHBNK,UTKARSH SMALL FIN BANK L,15.29,16.49,14.94,15.69,15.03,102828979
2026-09-08,UTTAMSUGAR,UTTAM SUGAR MILLS LTD.,285.4,289.9,281.05,287.55,284.0,175245
2026-09-08,VTMLTD,V T M LTD.,56.88,57.0,55.35,56.58,56.49,2878
2026-09-08,VGUARD,V-GUARD IND LTD.,330.35,332.65,327.3,330.05,332.55,379892
2026-09-08,V2RETAIL,V2 RETAIL LIMITED,222.2,223.62,218.5,220.17,222.42,921453
2026-09-08,WABAG,VA TECH WABAG LTD,2018.0,2019.0,1995.1,2008.4,2008.0,157426
2026-09-08,VADILENT,VADILAL ENTERPRISES LTD.,10999.0,10999.0,10225.0,10364.0,10730.0,36
2026-09-08,VADILALIND,VADILAL INDUSTRIES LTD,7450.0,7575.0,7375.5,7534.5,7505.5,15038
2026-09-08,VAIBHAVGBL,VAIBHAV GLOBAL LIMITED,216.6,217.95,214.5,215.98,216.49,166004
2026-09-08,VAISHALI,VAISHALI PHARMA LIMITED,8.54,8.56,8.3,8.34,8.37,71384
2026-09-08,VAKRANGEE,VAKRANGEE LIMITED,5.69,5.7,5.58,5.62,5.66,1093585
2026-09-08,DBREALTY,VALOR ESTATE LIMITED,101.0,103.35,100.88,101.19,100.88,799147
2026-09-08,VHL,VARDHMAN HOLDINGS LIMITED,3576.0,3680.0,3576.0,3631.4,3620.8,754
2026-09-08,VARDMNPOLY,VARDHMAN POLYTEX LTD.,5.94,6.0,5.8,5.89,5.89,124199
2026-09-08,VSSL,VARDHMAN SPC STEEL LTD,354.0,363.3,351.3,356.6,356.45,71289
2026-09-08,VTL,VARDHMAN TEXTILES LIMITED,587.0,590.0,582.5,584.4,590.2,143998
2026-09-08,VARROC,VARROC ENGINEERING LTD.,829.95,861.0,815.8,849.45,827.05,257449
2026-09-08,VBL,VARUN BEVERAGES LIMITED,405.0,408.4,403.65,405.7,405.95,3722223
2026-09-08,VGL,VARVEE GLOBAL LIMITED,53.0,53.67,52.5,53.26,53.52,14201
2026-09-08,VASCONEQ,VASCON ENGINEERS LTD,29.94,30.15,29.76,29.87,30.09,224163
2026-09-08,VASWANI,VASWANI IND LTD,44.79,47.0,44.79,46.5,45.85,8518
2026-09-08,MANYAVAR,VEDANT FASHIONS LIMITED,588.7,588.7,576.2,579.55,586.25,167065
2026-09-08,VAML,VEDANTA ALUMINIUM METAL L,440.15,443.9,435.5,436.6,438.9,4740328
2026-09-08,VISL,VEDANTA IRON AND STEEL L,34.8,35.41,33.8,33.97,34.64,18095772
2026-09-08,VEDL,VEDANTA LIMITED,269.3,272.8,269.15,272.0,268.0,5812809
2026-09-08,VOGL,VEDANTA OIL AND GAS LTD,37.1,37.29,36.5,36.65,36.94,20555985
2026-09-08,VEDPOWER,VEDANTA POWER LIMITED,34.3,34.82,34.15,34.28,34.12,8548535
2026-09-08,VEDAVAAG,VEDAVAAG SYSTEMS LTD.,18.16,19.4,17.25,18.83,18.15,59851
2026-09-08,VEEDOL,VEEDOL CORPORATION LTD,1450.0,1462.8,1450.0,1454.0,1456.3,4738
2026-09-08,VENKEYS,VENKY S (INDIA) LIMITED,1648.3,1742.0,1644.5,1709.0,1648.3,184656
2026-09-08,VENTIVE,VENTIVE HOSPITALITY LTD,585.15,585.6,567.35,571.5,580.55,29250
2026-09-08,VENUSPIPES,VENUS PIPES & TUBES LTD,1825.0,1987.0,1785.0,1949.9,1805.4,1040708
2026-09-08,VERANDA,VERANDA LEARNING SOL LTD,241.6,243.14,229.66,232.73,241.81,527402
2026-09-08,VERTOZ,VERTOZ LIMITED,38.0,38.97,37.1,38.38,37.04,43682
2026-09-08,VESUVIUS,VESUVIUS INDIA LTD,417.7,422.4,416.1,421.85,419.55,26333
2026-09-08,VSTL,VIBHOR STEEL TUBES LTD,122.9,126.0,120.99,124.44,121.75,18277
2026-09-08,VGCL,VIBRANT GLOBAL CAPITAL L,51.0,52.99,49.25,50.66,50.98,3078
2026-09-08,VIDHIING,VIDHI SPCLTY F INGRDNTS L,350.85,360.0,335.1,356.45,349.0,64248
2026-09-08,VIDYAWIRES,VIDYA WIRES LIMITED,87.5,90.89,86.66,89.09,88.15,1044051
2026-09-08,VIJSOLX,VIJAY SOLVEX LTD.,685.15,716.0,656.8,663.9,682.1,1872
2026-09-08,VIJAYA,VIJAYA DIAGNOSTIC CEN LTD,1495.0,1520.0,1486.1,1503.0,1497.5,74840
2026-09-08,VIKASECO,VIKAS ECOTECH LIMITED,1.07,1.08,1.05,1.05,1.07,1994967
2026-09-08,VIKASLIFE,VIKAS LIFECARE LIMITED,1.29,1.3,1.28,1.28,1.29,1456406
2026-09-08,VIKRAMSOLR,VIKRAM SOLAR LIMITED,166.0,169.8,165.1,169.28,165.81,1795539
2026-09-08,VIKRAN,VIKRAN ENGINEERING LTD,60.46,60.46,59.02,59.14,60.6,631175
2026-09-08,VIMTALABS,VIMTA LABS LIMITED,642.2,647.7,622.0,625.8,640.65,186817
2026-09-08,VINATIORGA,VINATI ORGANICS LTD,1303.5,1368.0,1299.2,1347.8,1298.9,165778
2026-09-08,VINDHYATEL,VINDHYA TELELINKS LTD,2789.0,2824.5,2690.0,2793.7,2765.0,91884
2026-09-08,VINEETLAB,VINEET LABORATORIES LTD,37.9,38.3,35.66,36.94,37.28,36332
2026-09-08,VINNY,VINNY OVERSEAS LIMITED,1.01,1.01,0.99,1.0,1.01,592112
2026-09-08,VINCOFE,VINTAGE COFFEE N BVRGS L,178.9,181.8,175.28,178.34,178.88,2118171
2026-09-08,VINYLINDIA,VINYL CHEMICALS (I) LTD.,231.0,231.5,221.0,224.57,228.68,7437
2026-09-08,VIPCLOTHNG,VIP CLOTHING LIMITED,20.36,20.55,19.94,20.26,20.16,147574
2026-09-08,VIPIND,VIP INDUSTRIES LTD,321.0,321.05,308.1,309.6,320.5,401325
2026-09-08,VIRAT,VIRAT INDUSTRIES LTD.,445.0,476.5,420.05,460.35,433.2,18049
2026-09-08,VIRINCHI,VIRINCHI LIMITED,14.3,14.74,13.75,14.05,14.31,133932
2026-09-08,VOEPL,VIRTUOSO OPTOELECTRONIC L,543.0,554.75,524.6,549.7,543.15,111664
2026-09-08,VISACHROME,VISA CHROME LIMITED,36.99,37.61,36.1,36.93,36.73,19729
2026-09-08,VIVIDHA,VISAGAR POLYTEX LTD,0.53,0.54,0.52,0.52,0.51,277142
2026-09-08,VISAKAIND,VISAKA INDUSTRIES LIMITED,92.4,94.8,91.2,93.12,92.17,236688
2026-09-08,VISHAL,VISHAL FABRICS LTD.,18.4,18.75,18.25,18.39,18.24,38439
2026-09-08,VMM,VISHAL MEGA MART LIMITED,104.5,105.01,103.05,103.9,104.0,8285305
2026-09-08,VISHNU,VISHNU CHEMICALS LIMITED,736.5,742.0,712.6,731.55,726.5,302725
2026-09-08,VPRPL,VISHNU PRAKASH R PUNGLI L,35.46,37.9,34.61,36.35,34.27,1388778
2026-09-08,VISHWARAJ,VISHWARAJ SUGAR IND LTD,5.98,6.04,5.82,5.86,5.96,498550
2026-09-08,VITAL,VITAL CHEMTECH LIMITED,55.11,59.0,55.1,55.4,56.59,69680
2026-09-08,VIVIANA,VIVIANA POWER TECH LTD,794.9,794.9,725.1,740.85,776.55,27600
2026-09-08,VIVOBIOT,VIVO BIO TECH LTD.,19.0,19.98,18.56,19.01,18.99,4329
2026-09-08,VIYASH,VIYASH SCIENTIFIC LIMITED,264.0,264.8,260.8,261.95,263.65,2245212
2026-09-08,VLEGOV,VL E GOV AND IT SOL LTD,10.33,10.69,10.26,10.36,10.47,46709
2026-09-08,VLSFINANCE,VLS FINANCE LTD,245.01,248.8,244.75,246.08,244.43,7058
2026-09-08,VMART,VMART RETAIL LTD,834.4,834.4,823.5,824.65,826.2,67280
2026-09-08,VMSTMT,VMS TMT LIMITED,44.45,45.37,44.2,44.83,44.58,25350
2026-09-08,IDEA,VODAFONE IDEA LIMITED,15.58,15.58,15.31,15.42,15.6,355940344
2026-09-08,VOITHPAPR,VOITH PAPER FABRICS IND L,1480.0,1493.0,1465.0,1490.8,1475.5,189
2026-09-08,VOLTAMP,VOLTAMP TRANSFORMERS LTD,11098.0,11401.0,11031.0,11365.0,11067.0,26698
2026-09-08,VOLTAS,VOLTAS LTD,1165.0,1169.2,1141.3,1144.8,1167.2,819033
2026-09-08,VRAJ,VRAJ IRON AND STEEL LTD,123.7,123.7,121.0,121.44,122.14,11216
2026-09-08,VRLLOG,VRL LOGISTICS LIMITED,294.0,296.9,292.8,293.75,292.75,83373
2026-09-08,VSTIND,VST INDUSTRIES LTD,206.96,207.5,205.5,206.74,206.96,87161
2026-09-08,VSTTILLERS,VST TILLERS TRACTORS LTD,4145.9,4163.9,4119.2,4127.5,4131.9,3982
2026-09-08,WHBRADY,W H BRADY & CO. LTD.,484.3,493.0,480.0,481.5,495.5,96
2026-09-08,WPIL,W P I L LTD.,435.85,436.4,428.0,428.6,435.3,20429
2026-09-08,WSI,W.S.INDUSTRIES (I) LTD.,60.98,61.32,59.05,59.75,61.0,54961
2026-09-08,WAAREEENER,WAAREE ENERGIES LIMITED,2593.0,2613.5,2570.0,2571.0,2593.0,335895
2026-09-08,WAAREERTL,WAAREE RENEWABLE TECH LTD,848.35,852.6,843.0,845.25,852.6,78934
2026-09-08,WAKEFIT,WAKEFIT INNOVATIONS LTD,156.01,156.89,152.0,153.05,155.34,722263
2026-09-08,WALCHANNAG,WALCHANDNAGAR INDUSTRIES,226.0,227.98,214.85,219.1,223.36,752985
2026-09-08,WANBURY,WANBURY LIMITED,250.8,256.7,246.6,247.7,250.55,103951
2026-09-08,WARDINMOBI,WARDWIZARD INNO & MOB L,5.89,5.91,5.64,5.77,5.77,211281
2026-09-08,WATERBASE,WATERBASE LTD.,48.05,49.8,47.3,48.03,48.49,30587
2026-09-08,CORDELIA,WATERWAYS LEISURE TOUR L,110.0,110.49,104.25,106.72,109.08,2061326
2026-09-08,WEWIN,WE WIN LIMITED,41.97,42.85,41.5,41.85,41.97,888
2026-09-08,TWCGOLDETF,WEALTH - TWCGOLDETF,158.9,158.9,151.04,151.52,151.22,2782
2026-09-08,WEALTH,WEALTH FRST PORT. MG. LTD,839.3,844.8,831.6,835.75,839.25,964
2026-09-08,WEBELSOLAR,WEBSOL ENERGY SYSTEM LTD,75.0,76.12,74.3,75.01,75.21,1637073
2026-09-08,WEIZMANIND,WEIZMANN LTD,73.4,75.0,73.29,73.61,73.37,1221
2026-09-08,WELCORP,WELSPUN CORP LIMITED,2611.1,2641.7,2575.5,2599.5,2597.9,1053885
2026-09-08,WELENT,WELSPUN ENTERPRISES LTD.,791.95,800.0,778.8,790.0,783.5,285056
2026-09-08,WELSPUNLIV,WELSPUN LIVING LIMITED,212.0,212.8,204.52,207.87,211.95,3413743
2026-09-08,WELSPLSOL,WELSPUN SPECIALTY SOL L,59.0,59.28,56.55,57.11,58.99,788167
2026-09-08,WENDT,WENDT (INDIA) LIMITED,8350.0,8578.0,8290.0,8419.0,8340.0,9265
2026-09-08,WSTCSTPAPR,WEST COAST PAPER MILLS LT,689.8,699.15,676.2,681.2,687.5,353728
2026-09-08,WCIL,WESTERN CARRIERS (IND) L,82.88,83.39,81.76,82.48,82.78,95413
2026-09-08,WESTLIFE,WESTLIFE FOODWORLD LTD,533.0,541.45,523.0,538.25,533.05,37260
2026-09-08,WEWORK,WEWORK INDIA MANAGEMENT L,669.8,677.35,663.5,667.35,675.35,82239
2026-09-08,WHEELS,WHEELS INDIA LTD,1760.9,2106.4,1760.9,2106.4,1755.4,3912924
2026-09-08,WHIRLPOOL,WHIRLPOOL OF INDIA LTD,816.0,818.25,796.1,805.0,815.35,322780
2026-09-08,WILLAMAGOR,WILLIAMSON MAGOR,25.35,25.35,23.6,23.73,23.76,2699
2026-09-08,WINDLAS,WINDLAS BIOTECH LIMITED,1164.0,1164.0,1123.25,1146.1,1154.75,113115
2026-09-08,WINDMACHIN,WINDSOR MACHINES LIMITED,310.8,311.5,302.45,305.6,310.5,27781
2026-09-08,WIPRO,WIPRO LTD,172.8,172.9,171.13,171.5,172.8,6948945
2026-09-08,WOCKPHARMA,WOCKHARDT LIMITED,2200.0,2240.0,2166.0,2224.0,2208.0,1343981
2026-09-08,WEL,WONDER ELECTRICALS LTD,72.19,72.19,68.62,69.39,72.23,1428171
2026-09-08,WONDERLA,WONDERLA HOLIDAYS LTD.,528.6,532.0,515.0,518.4,526.3,43440
2026-09-08,WORTHPERI,WORTH PERIPHERALS LIMITED,156.4,156.4,152.0,155.99,154.99,2963
2026-09-08,XCHANGING,XCHANGING SOLUTIONS LTD,64.3,65.85,63.7,64.08,64.3,212407
2026-09-08,XELPMOC,XELPMOC DESIGN & TECH LTD,79.5,79.5,77.02,77.61,78.08,16538
2026-09-08,XPROINDIA,XPRO INDIA LIMITED,1362.0,1398.8,1345.0,1389.7,1362.0,161994
2026-09-08,XTGLOBAL,XTGLOBAL INFOTECH LIMITED,31.99,31.99,31.0,31.11,32.0,32037
2026-09-08,XTRANET,XTRANET TECHNOLOGIES LTD,281.0,291.99,260.56,266.7,279.83,10431097
2026-09-08,YASHO,YASHO INDUSTRIES LIMITED,3987.8,4135.0,3960.0,4079.9,3987.8,39513
2026-09-08,YATHARTH,YATHARTH HOSP & TRA C S L,994.8,994.8,953.8,969.9,994.8,264267
2026-09-08,YATRA,YATRA ONLINE LIMITED,114.09,115.73,112.6,113.64,114.97,1684406
2026-09-08,YESBANK,YES BANK LIMITED,22.44,22.57,22.38,22.52,22.42,38612501
2026-09-08,YOGI,YOGI LTD.,163.25,163.25,155.0,155.05,163.25,376
2026-09-08,YUKEN,YUKEN INDIA LIMITED,1016.0,1050.95,968.1,1017.35,1005.6,23733
2026-09-08,ZFSTEERING,Z F STEERING GEAR (I) LTD,675.0,683.1,666.5,670.3,668.5,10448
2026-09-08,ZAGGLE,ZAGGLE PREPA OCEAN SER L,182.7,183.6,179.0,180.11,183.49,529099
2026-09-08,ZEEL,ZEE ENTERTAINMENT ENT LTD,85.8,87.52,85.5,86.31,85.99,16984775
2026-09-08,ZEEMEDIA,ZEE MEDIA CORPORATION LTD,7.86,8.2,7.51,7.94,7.94,2288521
2026-09-08,ZENTEC,ZEN TECHNOLOGIES LIMITED,1808.0,1864.8,1804.1,1825.0,1794.6,581636
2026-09-08,ZENITHEXPO,ZENITH EXPORTS LTD,198.54,200.53,197.0,197.0,196.57,176
2026-09-08,ZENITHSTL,ZENITH STEEL PIP IND LTD,6.04,6.29,6.04,6.1,6.03,134814
2026-09-08,ZENSARTECH,ZENSAR TECHNOLOGIES  LTD,454.05,454.9,448.0,450.55,453.85,259747
2026-09-08,GOLDCASE,ZERODHAAMC - GOLDCASE,23.93,24.15,23.85,23.95,23.9,10295437
2026-09-08,LIQUIDCASE,ZERODHAAMC - LIQUIDCASE,115.81,115.83,115.81,115.82,115.81,16765740
2026-09-08,LTGILTCASE,ZERODHAAMC - LTGILTCASE,31.06,31.06,30.4,30.41,30.45,30740
2026-09-08,MID150CASE,ZERODHAAMC - MID150CASE,11.79,11.79,11.59,11.63,11.63,1363301
2026-09-08,NIFTYCASE,ZERODHAAMC - NIFTYCASE,9.79,9.79,9.5,9.52,9.56,1090577
2026-09-08,SILVERCASE,ZERODHAAMC - SILVERCASE,23.59,23.76,23.32,23.45,23.31,10441296
2026-09-08,SML100CASE,ZERODHAAMC - SML100CASE,11.72,11.72,11.23,11.46,11.44,1008122
2026-09-08,TOP100CASE,ZERODHAAMC - TOP100CASE,10.62,10.62,10.41,10.43,10.47,1095097
2026-09-08,ZFCVINDIA,ZF COM VE CTR SYS IND LTD,2491.7,2537.9,2472.2,2517.4,2491.7,77922
2026-09-08,ZIMLAB,ZIM LABORATORIES LIMITED,130.45,133.89,125.56,129.1,129.16,49305
2026-09-08,ZODIACLOTH,ZODIAC CLOTHING CO. LTD.,72.02,72.59,70.0,71.5,71.85,4375
2026-09-08,ZODIAC,ZODIAC ENERGY LIMITED,238.0,243.0,233.41,235.28,237.16,10361
2026-09-08,ZOTA,ZOTA HEALTH CARE LIMITED,1100.1,1120.0,1086.1,1113.1,1089.7,49560
2026-09-08,ZUARI,ZUARI AGRO CHEMICALS LTD,227.56,229.89,225.87,227.96,226.85,74087
2026-09-08,ZUARIIND,ZUARI INDUSTRIES LIMITED,282.35,282.7,274.2,278.45,280.4,33313
2026-09-08,ZYDUSLIFE,ZYDUS LIFESCIENCES LTD,1161.7,1167.7,1142.0,1145.5,1156.9,2009363
2026-09-08,ZYDUSWELL,ZYDUS WELLNESS LIMITED,555.35,562.95,554.7,558.15,555.35,321731
