date,symbol,name,open,high,low,close,prev_close,volume
2026-09-23,20MICRONS,20 MICRONS LTD,220.8,223.95,215.8,219.21,216.45,104573
2026-09-23,21STCENMGM,21ST CENTURY MGMT SERVICE,39.94,39.95,39.01,39.92,39.62,6072
2026-09-23,360ONE,360 ONE WAM LIMITED,1093.7,1122.0,1082.4,1108.0,1073.5,3642452
2026-09-23,GOLD360,360ONEAMC - GOLD360,147.45,148.05,147.05,147.35,147.45,3856
2026-09-23,MSCI360,360ONEAMC - MSCI360,9.91,10.29,9.9,10.25,9.91,2370
2026-09-23,SILVER360,360ONEAMC - SILVER360,227.1,229.5,226.25,226.75,226.34,14263
2026-09-23,3BBLACKBIO,3B BLACKBIO DX LTD.,1400.0,1440.0,1391.1,1431.6,1369.3,6553
2026-09-23,3MINDIA,3M INDIA LIMITED,34225.0,35000.0,34225.0,34615.0,34220.0,4992
2026-09-23,3PLAND,3P LAND HOLDINGS LIMITED,30.75,31.05,30.35,30.91,30.74,2691
2026-09-23,5PAISA,5PAISA CAPITAL LIMITED,317.25,321.7,315.0,318.15,315.3,30838
2026-09-23,63MOONS,63 MOONS TECHNOLOGIES LTD,849.8,873.2,831.65,852.95,841.75,510000
2026-09-23,ABCOTS,A B COTSPIN INDIA LIMITED,209.0,209.0,202.13,203.57,205.25,755
2026-09-23,ABMKNO,A B M KNOWLEDGEWARE LTD.,173.34,177.9,171.1,171.41,173.34,293
2026-09-23,AKCAPIT,A K CAPITAL SERVICES LTD.,1751.3,1760.0,1733.9,1753.9,1766.8,1197
2026-09-23,A2ZINFRA,A2Z INFRA ENGINEERING LTD,14.73,15.19,14.65,14.79,14.73,192304
2026-09-23,AAATECH,AAA TECHNOLOGIES LIMITED,94.0,94.9,90.2,93.56,93.73,116561
2026-09-23,AADHARHFC,AADHAR HOUSING FINANCE L,457.8,462.4,451.0,454.55,457.85,222625
2026-09-23,AAKASH,AAKASH EXPLORATION SER L,9.0,9.18,8.95,9.13,8.96,102979
2026-09-23,AAREYDRUGS,AAREY DRUGS & PHARM LTD,102.37,103.9,100.85,102.63,102.52,352115
2026-09-23,AARON,AARON INDUSTRIES LIMITED,121.0,124.0,119.63,122.6,120.48,7785
2026-09-23,AARTIDRUGS,AARTI DRUGS LTD.,428.95,443.5,428.0,436.25,425.75,198653
2026-09-23,AARTIIND,AARTI INDUSTRIES LTD,493.0,504.25,489.2,491.35,496.0,402389
2026-09-23,AARTIPHARM,AARTI PHARMALABS LIMITED,885.0,957.3,885.0,940.1,883.75,2945650
2026-09-23,AARVI,AARVI ENCON LIMITED,138.21,140.4,136.0,136.48,138.18,8363
2026-09-23,AASTHA,AASTHA SPINTEX LIMITED,83.0,89.78,83.0,89.77,81.62,2984740
2026-09-23,AAVAS,AAVAS FINANCIERS LIMITED,1313.2,1339.8,1280.3,1285.8,1313.1,77904
2026-09-23,ABANSENT,ABANS ENTERPRISES LTD.,27.7,28.38,26.5,26.86,27.29,6771
2026-09-23,AFSL,ABANS FINANCIAL SRVCS LTD,201.0,205.97,201.0,204.56,201.0,7352
2026-09-23,ABB,ABB INDIA LIMITED,7141.5,7185.0,7077.0,7120.0,7120.5,91561
2026-09-23,ABBOTINDIA,ABBOTT INDIA LIMITED,27225.0,27490.0,26905.0,26935.0,27225.0,4547
2026-09-23,ACC,ACC LIMITED,1242.6,1254.6,1240.5,1251.4,1238.2,53120
2026-09-23,ACCELYA,ACCELYA SOLN INDIA LTD,1124.4,1125.0,1114.1,1124.6,1118.8,4790
2026-09-23,ACEINTEG,ACE INTEGRATED SOLU. LTD.,17.9,18.0,17.41,17.43,17.31,834
2026-09-23,ACMESOLAR,ACME SOLAR HOLDINGS LTD,461.6,476.4,445.6,452.3,458.65,2719156
2026-09-23,ACE,ACTION CONST EQUIP LTD,1242.1,1259.1,1225.0,1253.9,1241.9,259422
2026-09-23,ACUTAAS,ACUTAAS CHEMICALS LIMITED,3209.1,3276.0,3167.0,3265.2,3213.7,448482
2026-09-23,ADANIENSOL,ADANI ENERGY SOLUTION LTD,1386.0,1389.9,1372.6,1380.0,1381.7,933961
2026-09-23,ADANIENT,ADANI ENTERPRISES LIMITED,3015.5,3023.9,2978.2,2993.2,2997.0,855435
2026-09-23,ADANIGREEN,ADANI GREEN ENERGY LTD,1316.9,1317.0,1289.6,1300.9,1304.0,639643
2026-09-23,ADANIPORTS,ADANI PORT & SEZ LTD,1799.0,1810.1,1790.5,1807.3,1795.0,1185484
2026-09-23,ADANIPOWER,ADANI POWER LTD,207.99,208.4,203.5,204.8,206.96,20269523
2026-09-23,ATGL,ADANI TOTAL GAS LIMITED,630.0,633.25,623.05,625.25,626.25,944768
2026-09-23,ADDIND,ADDI INDUSTRIES LTD.,76.0,79.9,72.0,74.05,76.7,467
2026-09-23,ADFFOODS,ADF FOODS LIMITED,263.2,269.35,262.75,268.05,263.15,62842
2026-09-23,ABSLAMC,ADIT BIRL SUN LIF AMC LTD,1027.0,1041.0,1022.5,1026.6,1027.0,65947
2026-09-23,ABCAPITAL,ADITYA BIRLA CAPITAL LTD.,398.85,402.75,397.6,402.45,397.0,1960710
2026-09-23,ABFRL,ADITYA BIRLA FASHION & RT,49.29,49.59,48.9,49.09,49.22,2699462
2026-09-23,ABLBL,ADITYA BIRLA LIFES BRAN L,80.74,82.33,79.65,79.81,80.74,1021258
2026-09-23,BIRLAMONEY,ADITYA BIRLA MONEY LTD,118.63,121.51,118.63,120.34,118.44,63124
2026-09-23,ABREL,ADITYA BIRLA REAL EST LTD,1197.3,1223.0,1197.3,1206.4,1201.1,186515
2026-09-23,CPPLUS,ADITYA INFOTECH LIMITED,3679.0,3831.9,3679.0,3831.9,3649.5,305859
2026-09-23,AVL,ADITYA VISION LIMITED,626.3,629.4,620.6,624.4,627.1,52482
2026-09-23,BSLGOLDETF,ADITYBIRLA SL GOLD ETF-GR,133.7,133.7,132.76,132.9,133.06,188051
2026-09-23,BSLNIFTY,ADITYBIRLA SL NIF ETF-GR,28.16,28.16,27.25,27.56,27.48,724016
2026-09-23,ADOR,ADOR WELDING LTD,1602.0,1622.0,1588.4,1598.0,1594.8,26565
2026-09-23,ADROITINFO,ADROIT INFOTECH LIMITED,12.54,14.29,12.41,13.53,12.17,428270
2026-09-23,ADVAIT,ADVAIT ENRGY TRANSITION L,1992.4,2013.5,1965.0,1976.8,2005.6,35052
2026-09-23,ADVANCE,ADVANCE AGROLIFE LIMITED,107.59,121.3,107.59,119.37,108.14,531664
2026-09-23,ADVENZYMES,ADVANCED ENZYME TECH LTD,297.0,300.8,295.0,297.0,296.6,216525
2026-09-23,ADVANIHOTR,ADVANI HOT.& RES.(I) LTD,47.79,48.7,47.13,47.57,47.78,22499
2026-09-23,ADVENTHTL,ADVENT HOTELS INTERNATI L,126.7,131.5,126.4,130.36,126.76,162425
2026-09-23,ADVIKCA,ADVIK CAPITAL LTD.,0.95,1.14,0.92,1.01,0.95,682962
2026-09-23,RAMBHAJO,ADVIT JEWELS LIMITED,283.68,294.89,281.77,286.1,284.1,564484
2026-09-23,AEGISLOG,AEGIS LOGISTICS LIMITED,1416.0,1423.8,1388.1,1404.5,1424.5,447832
2026-09-23,AEGISVOPAK,AEGIS VOPAK TERMINALS LTD,300.2,308.0,299.2,302.8,301.4,1254083
2026-09-23,AEQUS,AEQUS LIMITED,243.5,245.8,236.17,243.94,242.87,3564314
2026-09-23,AEROENTER,AEROFLEX ENTERPRISES LTD,124.75,127.99,123.32,126.51,123.6,436225
2026-09-23,AEROFLEX,AEROFLEX INDUSTRIES LTD,516.7,539.4,514.25,520.8,516.7,939383
2026-09-23,AERONEU,AEROFLEX NEU LIMITED,66.55,67.5,66.02,67.2,66.06,27894
2026-09-23,AETHER,AETHER INDUSTRIES LIMITED,1643.5,1662.0,1633.1,1648.2,1643.5,103556
2026-09-23,AFCONS,AFCONS INFRASTRUCTURE LTD,262.0,262.7,257.2,258.3,260.35,862881
2026-09-23,AFFLE,AFFLE 3I LIMITED,1585.1,1595.0,1568.1,1584.3,1592.3,121001
2026-09-23,AFFORDABLE,AFFORD ROBO & AUTO LTD,173.0,179.3,166.5,174.65,170.77,33674
2026-09-23,AGARIND,AGARWAL INDS CORP LTD.,404.1,425.0,403.4,408.65,405.8,86387
2026-09-23,AGI,AGI GREENPAC LIMITED,847.0,850.4,825.0,837.2,845.7,188739
2026-09-23,AGIIL,AGI INFRA LIMITED,279.15,279.15,267.65,268.8,269.3,7001540
2026-09-23,AGRITECH,AGRI-TECH (INDIA) LIMITED,96.9,98.79,96.0,97.83,97.38,1258
2026-09-23,AGROPHOS,AGRO PHOS INDIA LIMITED,23.99,24.3,23.65,24.25,23.97,18600
2026-09-23,AHLADA,AHLADA ENGINEERS LIMITED,38.0,42.0,36.25,39.15,37.28,17116
2026-09-23,AHLUCONT,AHLUWALIA CONT IND LTD,582.4,591.85,575.4,580.6,582.4,49246
2026-09-23,AIAENG,AIA ENGINEERING LIMITED,3930.0,3976.4,3890.3,3970.0,3923.4,31467
2026-09-23,AIRAN,AIRAN LIMITED,17.1,17.47,16.7,16.78,17.02,48993
2026-09-23,AIROLAM,AIRO LAM LIMITED,87.4,91.66,86.97,90.79,87.69,3338
2026-09-23,AJANTPHARM,AJANTA PHARMA LIMITED,3519.6,3575.1,3518.7,3568.1,3519.3,30430
2026-09-23,AJAXENGG,AJAX ENGINEERING LIMITED,560.25,572.45,560.25,569.15,564.6,36816
2026-09-23,AJMERA,AJMERA REALTY & INF I LTD,118.99,122.99,118.65,120.63,119.87,235230
2026-09-23,AJOONI,AJOONI BIOTECH LIMITED,3.17,3.29,3.17,3.28,3.16,286000
2026-09-23,AKASH,AKASH INFRA-PROJECTS LTD,24.75,25.4,24.64,24.76,24.99,1427
2026-09-23,AKG,AKG EXIM LIMITED,10.48,10.48,9.83,9.97,10.2,25308
2026-09-23,AFIL,AKME FINTRADE (INDIA) LTD,8.32,8.55,8.12,8.22,8.32,752891
2026-09-23,AKSHAR,AKSHAR SPINTEX LIMITED,0.41,0.42,0.41,0.41,0.41,733762
2026-09-23,AKUMS,AKUMS DRUGS AND PHARMA L,810.0,838.8,810.0,823.3,807.9,434249
2026-09-23,ALANKIT,ALANKIT LIMITED,7.8,8.16,7.8,8.04,7.94,53018
2026-09-23,ALBERTDAVD,ALBERT DAVID LIMITED,847.6,885.95,842.0,878.55,848.9,5385
2026-09-23,ALEMBICLTD,ALEMBIC LIMITED,105.9,108.0,105.2,106.04,104.79,694993
2026-09-23,APLLTD,ALEMBIC PHARMA LTD,837.0,860.0,837.0,844.4,840.15,146755
2026-09-23,ALFREDHE,ALFRED HERBERT INDIA L,2830.0,2830.0,2796.9,2796.9,2811.0,13
2026-09-23,ALGOQUANT,ALGOQUANT FINTECH LIMITED,72.27,74.8,71.0,72.1,72.24,1356453
2026-09-23,ALICON,ALICON CASTALLOY LIMITED,742.55,749.8,734.3,739.05,744.5,50192
2026-09-23,ALIVUS,ALIVUS LIFE SCIENCES LTD,1381.0,1422.1,1370.0,1383.1,1374.2,96644
2026-09-23,ALKALI,ALKALI METALS LTD,103.8,103.9,98.12,101.63,103.2,169113
2026-09-23,ALKEM,ALKEM LABORATORIES LTD.,5344.0,5445.0,5316.0,5417.5,5331.5,140012
2026-09-23,ALKYLAMINE,ALKYL AMINES CHEM. LTD,1872.6,1900.0,1864.5,1883.0,1863.8,36583
2026-09-23,ALLTIME,ALL TIME PLASTICS LIMITED,204.9,206.92,203.71,205.36,203.73,34329
2026-09-23,AGL,ALLCARGO GLOBAL LIMITED,14.05,14.39,13.84,14.22,13.94,1464781
2026-09-23,ALLCARGO,ALLCARGO LOGISTICS LTD,10.93,11.45,10.93,11.38,10.93,7049122
2026-09-23,ATL,ALLCARGO TERMINALS LTD,25.0,26.3,24.86,25.93,24.35,796192
2026-09-23,ALLDIGI,ALLDIGI TECH LIMITED,771.0,791.95,771.0,780.25,784.6,3923
2026-09-23,ABDL,ALLIED BLEND N DISTILS L,651.75,664.35,647.4,656.4,647.9,2319309
2026-09-23,ADSL,ALLIED DIGITAL SERV. LTD,96.63,98.5,96.12,97.78,96.44,76698
2026-09-23,ALMONDZ,ALMONDZ GLOBAL SEC LTD,19.24,20.0,18.7,19.55,18.65,407792
2026-09-23,ALOKINDS,ALOK INDUSTRIES LIMITED,7.44,7.7,7.35,7.64,7.34,22445047
2026-09-23,ALPA,ALPA LABORATORIES LTD,61.5,62.35,59.55,60.39,61.36,64455
2026-09-23,ALPINETEX,ALPINE TEXWORLD LIMITED,52.36,53.69,51.45,52.44,52.36,229195
2026-09-23,ALUFLUOR,ALUFLUORIDE LTD.,538.0,581.75,537.9,577.55,543.35,27329
2026-09-23,AMAGI,AMAGI MEDIA LABS LIMITED,583.0,591.0,569.75,578.7,581.1,388203
2026-09-23,AMAL,AMAL LTD.,712.45,719.65,701.05,704.3,711.9,6891
2026-09-23,ARE&M,AMARA RAJA ENERGY MOB LTD,794.0,815.0,794.0,812.85,793.2,600363
2026-09-23,AMARJOTHI,AMARJOTHI SPINNING MILL L,149.0,149.74,147.5,148.12,148.91,1820
2026-09-23,AMBER,AMBER ENTERPRISES (I) LTD,7020.0,7107.0,7020.0,7064.5,7000.0,63504
2026-09-23,AMBICAAGAR,AMBICA AGAR & AROMAINDLTD,24.84,25.95,24.6,25.45,24.83,14272
2026-09-23,AMBIKCO,AMBIKA COTTON MILL LTD.,1571.8,1593.5,1567.2,1582.7,1577.7,4291
2026-09-23,AMBUJACEM,AMBUJA CEMENTS LTD,387.3,392.85,387.3,392.75,386.9,697717
2026-09-23,AMNPLST,AMINES & PLASTICIZERS LTD,168.81,175.7,167.0,169.0,169.65,2132
2026-09-23,AEROPLANE,AMIR CHAND JAG KUM (E) L,204.0,211.39,203.25,205.74,204.8,661546
2026-09-23,AMJLAND,AMJ LAND HOLDINGS LIMITED,39.75,39.75,37.65,37.97,37.75,16007
2026-09-23,AMRUTANJAN,AMRUTAJAN HEALTH LTD,500.05,513.35,498.0,510.05,500.05,34784
2026-09-23,ARSSBL,ANAND RATHI SH N STK BR L,502.0,521.8,497.7,510.8,496.25,413000
2026-09-23,ANANDRATHI,ANAND RATHI WEALTH LTD,2179.0,2190.0,2160.0,2169.2,2179.0,336940
2026-09-23,ANANTRAJ,ANANT RAJ LIMITED,609.9,633.85,607.75,631.8,610.1,3329387
2026-09-23,ACL,ANDHRA CEMENTS LIMITED,42.49,43.2,42.1,42.58,42.92,9773
2026-09-23,ANDHRAPAP,ANDHRA PAPER LIMITED,72.92,73.3,71.0,71.19,71.43,286782
2026-09-23,ANDHRSUGAR,ANDHRA SUGARS LTD,95.73,97.3,94.92,95.2,95.35,213868
2026-09-23,ANDREWYU,ANDREW YULE & CO. LTD.,26.75,28.99,26.13,28.09,26.49,506185
2026-09-23,ANGELONE,ANGEL ONE LIMITED,295.25,301.1,295.25,300.0,295.1,2026293
2026-09-23,ANIKINDS,ANIK INDUSTRIES LTD,43.41,46.0,42.6,44.98,42.99,8864
2026-09-23,APCL,ANJANI PORTLAND CEM LTD,98.0,99.0,94.0,95.93,94.8,2451
2026-09-23,AHCL,ANLON HEALTHCARE LIMITED,30.3,31.29,26.55,29.68,28.86,113090092
2026-09-23,ANNAPURNA,ANNAPURNA SWADISHT LTD,132.9,135.15,130.2,130.68,131.71,38808
2026-09-23,ANNU,ANNU PROJECTS LIMITED,54.4,56.49,52.2,53.04,54.17,1682230
2026-09-23,ANSALBU,ANSAL BUILDWELL LTD.,97.75,107.5,95.6,100.14,90.12,179538
2026-09-23,ANTGRAPHIC,ANTARCTICA LTD,0.72,0.73,0.71,0.73,0.71,254770
2026-09-23,ANTELOPUS,ANTELOPUS SELAN ENRGY LTD,1115.0,1189.2,1110.4,1161.2,1110.4,1138872
2026-09-23,ANTHEM,ANTHEM BIOSCIENCES LTD,891.7,902.0,879.0,881.9,891.7,452800
2026-09-23,AWHCL,ANTONY WASTE HDG CELL LTD,365.05,404.0,364.3,387.95,364.3,1277403
2026-09-23,ANUHPHR,ANUH PHARMA LIMITED,94.26,96.38,93.02,93.39,93.48,134416
2026-09-23,ANURAS,ANUPAM RASAYAN INDIA LTD,1200.1,1214.8,1188.1,1193.4,1197.9,313061
2026-09-23,AONEGOLD,AONEAMC - AONEGOLD,14.25,14.27,14.06,14.09,14.11,234977
2026-09-23,AONELIQUID,AONEAMC - AONELIQUID,1078.0,1078.02,1078.0,1078.01,1077.87,26834
2026-09-23,AONENIFTY,AONEAMC - AONENIFTY,9.71,9.73,9.63,9.69,9.67,86750
2026-09-23,AONESILVER,AONEAMC - AONESILVER,8.93,8.98,8.78,8.8,8.8,396315
2026-09-23,AONETMMQ50,AONEAMC - AONETMMQ50,10.3,10.3,10.13,10.21,10.16,194288
2026-09-23,AONETOTAL,AONEAMC - AONETOTAL,11.73,11.76,11.63,11.72,11.68,124629
2026-09-23,APARINDS,APAR INDUSTRIES LTD.,18300.0,18740.0,17799.0,17876.0,18233.0,129819
2026-09-23,APCOTEXIND,APCOTEX INDUSTRIES LIMITE,612.0,614.0,593.5,609.8,609.45,78328
2026-09-23,APEX,APEX FROZEN FOODS LIMITED,356.9,364.1,355.55,362.5,356.9,77992
2026-09-23,APLAPOLLO,APL APOLLO TUBES LTD,2199.0,2204.0,2178.0,2195.0,2195.0,357496
2026-09-23,APOLLOHOSP,APOLLO HOSPITALS ENTER. L,8875.0,9070.5,8865.0,9069.0,8835.5,419571
2026-09-23,APOLLO,APOLLO MICRO SYSTEMS LTD,410.0,412.4,402.25,404.6,406.75,4669049
2026-09-23,APOLLOPIPE,APOLLO PIPES LIMITED,526.2,532.45,517.6,522.45,526.1,69429
2026-09-23,APOLSINHOT,APOLLO SINDOORI HOTEL LTD,1223.0,1230.9,1212.0,1214.0,1223.3,269
2026-09-23,APOLLOTYRE,APOLLO TYRES LTD,403.1,406.8,401.35,405.7,402.55,751954
2026-09-23,APOORVA,APOORVA LEAS F & INV C L,35.58,35.58,32.25,34.32,33.89,1539
2026-09-23,APTECHT,APTECH LIMITED,92.48,94.0,91.4,92.06,91.78,72405
2026-09-23,APTUS,APTUS VALUE HSG FIN I LTD,243.89,253.23,241.01,251.33,242.08,3164338
2026-09-23,AQYLON,AQYLON NEXUS LIMITED,20.39,20.74,18.81,18.81,19.8,654709
2026-09-23,ACI,ARCHEAN CHEMICAL IND LTD,466.9,478.0,463.05,474.6,463.05,262279
2026-09-23,ADL,ARCHIDPLY DECOR LIMITED,69.41,72.0,69.05,69.87,69.0,1168
2026-09-23,ARCHIDPLY,ARCHIDPLY IND. LTD,109.02,110.97,107.65,109.77,107.68,13856
2026-09-23,ARCHIES,ARCHIES LTD,12.96,13.19,12.78,12.93,12.75,22162
2026-09-23,ARCL,ARCL ORGANICS LTD.,274.95,274.95,251.0,255.79,262.06,3088
2026-09-23,ARDEE,ARDEE INDUSTRIES LIMITED,52.5,53.19,51.6,52.25,52.08,3110150
2026-09-23,ARFIN,ARFIN INDIA LIMITED,89.3,92.0,89.0,91.42,89.28,1313201
2026-09-23,ARIHANTCAP,ARIHANT CAPITAL MKTS LTD,93.0,98.8,93.0,94.06,90.99,10557223
2026-09-23,ARIHANT,ARIHANT FOUN & HOU LTD,929.05,929.05,890.0,900.8,923.9,1682
2026-09-23,ARIHANTSUP,ARIHANT SUPERSTRUCT LTD,236.95,245.95,233.05,239.95,234.9,9298
2026-09-23,ARIS,ARISINFRA SOLUTIONS LTD,141.0,147.39,139.48,143.72,140.1,2711866
2026-09-23,ARKADE,ARKADE DEVELOPERS LIMITED,128.99,131.0,127.0,127.73,128.4,151561
2026-09-23,ARMANFIN,ARMAN FIN SERV LTD,1950.1,2004.9,1946.2,1968.9,1974.9,12730
2026-09-23,AROGRANITE,ARO GRANITE IND. LTD.,23.88,24.7,22.11,24.23,23.09,9021
2026-09-23,ARROWGREEN,ARROW GREENTECH LIMITED,940.05,948.9,888.6,900.0,913.05,89479
2026-09-23,ARTNIRMAN,ART NIRMAN LIMITED,41.4,41.4,39.05,40.01,40.49,1071
2026-09-23,AEPL,ARTEMIS ELECTRICALS & P L,16.02,16.76,16.02,16.49,16.35,17404
2026-09-23,ARTEMISMED,ARTEMIS MED SERVICE LTD,342.8,343.8,338.5,341.9,340.85,155838
2026-09-23,ARVEE,ARVEE LABORATORIES I LTD,232.5,255.0,231.2,242.18,236.07,52699
2026-09-23,ARVINDFASN,ARVIND FASHIONS LIMITED,420.95,427.7,417.0,425.45,419.4,364577
2026-09-23,ARVIND,ARVIND LIMITED,533.55,550.5,533.0,548.25,533.55,639484
2026-09-23,ARVSMART,ARVIND SMARTSPACES LTD,625.0,668.8,606.05,634.05,588.2,6650986
2026-09-23,ARYAMAN,ARYAMAN FINANCIAL SERV L,633.75,633.75,611.05,611.05,633.95,4
2026-09-23,ASAHIINDIA,ASAHI INDIA GLASS LIMITED,962.0,985.15,957.25,971.3,965.15,262585
2026-09-23,ASHAPURMIN,ASHAPURA MINECHEM LTD,538.0,545.0,531.1,532.85,537.35,199250
2026-09-23,ASHIANA,ASHIANA HOUSING LTD,392.7,393.95,383.1,391.05,385.0,67327
2026-09-23,ASHIMASYN,ASHIMA LTD,16.0,16.32,15.55,15.81,15.68,89060
2026-09-23,ASHOKLEY,ASHOK LEYLAND LTD,160.99,163.13,160.85,162.89,160.75,4011012
2026-09-23,ASHOKA,ASHOKA BUILDCON LTD,111.5,113.09,111.3,112.8,111.96,424088
2026-09-23,ASHOKAMET,ASHOKA METCAST LIMITED,14.3,16.5,14.3,15.54,14.3,325089
2026-09-23,ASIANENE,ASIAN ENERGY SERVICES LTD,493.6,513.0,488.0,489.7,489.6,308700
2026-09-23,ASIANTILES,ASIAN GRANITO IND. LTD.,50.15,52.22,49.61,51.16,50.09,2932333
2026-09-23,AHLEAST,ASIAN HOTELS (EAST) LTD,137.85,138.98,135.35,136.36,135.13,1584
2026-09-23,ASIANHOTNR,ASIAN HOTELS (NORTH) LTD,381.9,394.7,378.05,390.45,385.1,28435
2026-09-23,ASIANPAINT,ASIAN PAINTS LIMITED,2469.0,2471.9,2448.2,2455.0,2448.5,398823
2026-09-23,ASTAR,ASIAN STAR CO. LTD.,702.45,733.95,692.1,708.95,702.45,987
2026-09-23,ASIANTNE,ASIAN TEA & EXPORTS LTD.,10.08,10.08,9.21,9.24,9.38,10680
2026-09-23,ASKAUTOLTD,ASK AUTOMOTIVE LIMITED,663.5,678.75,648.0,651.25,663.4,327609
2026-09-23,ASPINWALL,ASPINWALL & CO LTD,253.3,262.0,248.75,255.55,252.35,2515
2026-09-23,ASSAMENT,ASSAM ENTRADE LIMITED,780.0,780.0,780.0,780.0,788.0,2
2026-09-23,ARCIL,ASSET RECONSTRUC CO (I) L,139.95,152.8,138.74,149.76,138.91,14251234
2026-09-23,ASALCBR,ASSO ALCOHOLS & BREW LTD,651.8,662.85,650.0,657.9,651.8,26870
2026-09-23,ASTEC,ASTEC LIFESCIENCES LTD,772.5,788.4,750.1,757.45,794.5,335710
2026-09-23,ASTERDM,ASTER DM QUALITY CARE LTD,734.35,762.0,734.35,760.05,750.7,882021
2026-09-23,ASTRAMICRO,ASTRA MICROWAVE LTD,1612.1,1638.2,1591.8,1602.1,1616.3,206138
2026-09-23,ASTRAL,ASTRAL LIMITED,1388.9,1404.0,1383.0,1394.8,1381.6,271088
2026-09-23,ASTRAZEN,ASTRAZENECA PHARMA IND LT,6708.0,6745.0,6656.0,6706.0,6711.5,3764
2026-09-23,ATALREAL,ATAL REALTECH LIMITED,13.3,14.37,13.01,14.36,13.07,8867970
2026-09-23,ATAM,ATAM VALVES LIMITED,58.27,59.4,58.27,59.24,58.27,8442
2026-09-23,ATHERENERG,ATHER ENERGY LIMITED,1544.0,1545.0,1483.7,1499.4,1543.8,6687076
2026-09-23,ATLANTAELE,ATLANTA ELECTRICALS LTD,1680.0,1707.0,1640.0,1656.3,1664.9,78945
2026-09-23,ATLANTAA,ATLANTAA LIMITED,35.8,36.48,35.02,35.83,35.64,23261
2026-09-23,ATLASCYCLE,ATLAS CYCLE (HARYANA) LTD,97.15,108.0,97.15,100.46,93.55,239595
2026-09-23,ATULAUTO,ATUL AUTO LIMITED,445.7,461.8,445.5,457.75,446.6,96934
2026-09-23,ATUL,ATUL LTD,6199.0,6199.0,6095.0,6118.0,6176.5,13834
2026-09-23,AUBANK,AU SMALL FINANCE BANK LTD,1034.0,1055.8,1032.6,1053.0,1036.4,1565213
2026-09-23,AUGMONT,AUGMONT ENTERPRISES LTD,853.0,893.7,846.65,886.3,853.35,631751
2026-09-23,AURIONPRO,AURIONPRO SOLN LTD,685.05,709.9,685.05,689.4,681.9,126195
2026-09-23,AUROPHARMA,AUROBINDO PHARMA LTD,1700.0,1724.7,1692.6,1721.5,1700.0,951081
2026-09-23,AURUM,AURUM PROPTECH LIMITED,223.8,225.0,220.0,223.19,222.04,73019
2026-09-23,AURUS,AURUS GEM CORP LIMITED,4.91,5.0,4.5,4.67,4.89,124303
2026-09-23,AUSOMENT,AUSOM ENTERPRISE LIMITED,147.23,150.0,145.01,147.63,147.23,3667
2026-09-23,AUSTENG,AUSTIN ENGINEERING CO. L,174.8,178.0,163.15,164.19,162.85,234205
2026-09-23,AIIL,AUTHUM INVEST & INFRA LTD,545.5,564.8,544.15,561.45,546.9,139672
2026-09-23,AUTOIND,AUTOLINE INDUSTRIES LTD,84.84,88.8,84.35,87.79,84.82,296038
2026-09-23,ACGL,AUTOMOBILE CORPN OF GOA L,1728.5,1746.0,1725.0,1731.8,1728.5,379
2026-09-23,AUTOAXLES,AUTOMOTIVE AXLES LIMITED,1670.0,1687.9,1664.6,1682.0,1664.4,2485
2026-09-23,ASAL,AUTOMOTIVE STAMPINGS & AS,449.15,456.55,446.1,452.0,449.15,13874
2026-09-23,AVADHSUGAR,AVADH SUG & ENERGY LTD,732.0,751.0,725.1,730.8,732.8,87245
2026-09-23,AVALON,AVALON TECHNOLOGIES LTD,2477.1,2488.8,2426.5,2445.6,2468.5,165657
2026-09-23,AVANCE,AVANCE TECHNOLOGIES LTD.,0.87,0.88,0.82,0.83,0.86,7204800
2026-09-23,AVANTEL,AVANTEL LIMITED,146.89,149.08,143.94,146.17,146.71,729108
2026-09-23,AVANTIFEED,AVANTI FEEDS LIMITED,756.9,768.75,753.4,767.2,753.15,214188
2026-09-23,DMART,AVENUE SUPERMARTS LIMITED,3776.8,3868.1,3755.1,3834.8,3777.0,426919
2026-09-23,CCAVENUE,AVENUESAI LIMITED,16.15,16.34,16.05,16.09,16.11,8049310
2026-09-23,ASMS,AVIO SMART MRKT STACK LTD,6.68,6.68,6.42,6.47,6.61,388816
2026-09-23,AVONMORE,AVONMORE CAP&MGT SERV LTD,12.87,13.88,12.81,13.48,12.87,375571
2026-09-23,AVROIND,AVRO INDIA LIMITED,7.29,7.39,7.02,7.13,7.24,205089
2026-09-23,AVTNPL,AVT NATURAL PRODUCTS LTD,100.0,102.0,95.8,96.88,98.26,1064371
2026-09-23,AWFIS,AWFIS SPACE SOLUTIONS LTD,268.0,271.95,264.3,269.05,266.55,505043
2026-09-23,AWL,AWL AGRI BUSINESS LIMITED,183.45,186.9,183.23,186.18,183.1,1339573
2026-09-23,AXISBANK,AXIS BANK LIMITED,1242.2,1252.0,1238.9,1243.2,1242.7,2287837
2026-09-23,ENERGYAXIS,AXISAMC - ENERGYAXIS,19.37,19.37,18.88,18.92,18.89,19447
2026-09-23,BNKETFAXIS,AXISAMC-BNKETFAXIS,581.68,584.85,581.67,584.85,580.18,7242
2026-09-23,CONSUMAXIS,AXISAMC-CONSUMAXIS,118.49,119.1,118.35,118.44,118.47,145
2026-09-23,GOLDAXIS,AXISAMC-GOLDAXIS,125.85,126.35,125.51,125.69,125.84,544295
2026-09-23,HEALTHAXIS,AXISAMC-HEALTHAXIS,170.32,175.0,170.32,173.88,171.22,1915
2026-09-23,ITAXIS,AXISAMC-ITAXIS,318.85,322.0,311.37,313.65,315.69,6530
2026-09-23,NIFTYAXIS,AXISAMC-NIFTYAXIS,252.86,260.5,252.86,260.08,259.35,221852
2026-09-23,SENSEXAXIS,AXISAMC-SENSEXAXIS,75.74,77.92,75.74,77.86,77.69,3174
2026-09-23,SILVERAXIS,AXISAMC-SILVERAXIS,231.91,232.42,228.7,229.19,229.33,293036
2026-09-23,VALUEAXIS,AXISAMC-VALUEAXIS,32.36,32.64,32.2,32.48,32.04,34078
2026-09-23,AXISCADES,AXISCADES TECH LTD,1905.0,1985.0,1900.0,1940.2,1891.1,291136
2026-09-23,AXITA,AXITA COTTON LIMITED,8.01,8.06,7.99,8.0,7.99,264291
2026-09-23,AXTEL,AXTEL INDUSTRIES LTD.,434.2,457.7,434.0,450.35,439.15,23425
2026-09-23,AYE,AYE FINANCE LIMITED,184.7,188.9,179.29,180.66,183.43,674407
2026-09-23,AYMSYNTEX,AYM SYNTEX LIMITED,290.0,308.0,288.05,292.8,295.4,65117
2026-09-23,AZAD,AZAD ENGINEERING LIMITED,2776.2,2804.1,2700.1,2713.2,2776.2,225494
2026-09-23,AZADIND,AZAD INDIA MOBILITY LTD.,80.98,81.0,79.29,80.93,78.44,29970
2026-09-23,BBTCL,B&B TRIPLEWALL CONT LTD,234.7,236.77,227.7,231.3,234.0,3777
2026-09-23,BAGFILMS,B.A.G FILMS AND MEDIA LTD,4.43,4.43,4.25,4.34,4.31,102573
2026-09-23,BLKASHYAP,B.L.KASHYAP & SON LTD,51.9,54.68,51.85,53.97,51.53,716221
2026-09-23,STYLEBAAZA,BAAZAR STYLE RETAIL LTD,367.3,385.2,363.1,378.05,375.05,1367688
2026-09-23,BAIDFIN,BAID FINSERV LIMITED,10.44,10.83,10.41,10.55,10.55,45319
2026-09-23,BAJAJ-AUTO,BAJAJ AUTO LIMITED,11363.0,11425.0,11293.0,11400.0,11363.0,158704
2026-09-23,BAJAJCON,BAJAJ CONSUMER CARE LTD,514.0,516.0,502.6,505.85,513.75,599193
2026-09-23,BAJAJELEC,BAJAJ ELECT.LTD,323.05,331.5,323.0,329.4,323.45,91278
2026-09-23,BAJFINANCE,BAJAJ FINANCE LIMITED,1034.7,1043.2,1022.0,1043.2,1008.8,8618523
2026-09-23,BAJAJFINSV,BAJAJ FINSERV LTD.,1825.0,1864.8,1825.0,1846.5,1823.4,746622
2026-09-23,BAJAJHCARE,BAJAJ HEALTHCARE LIMITED,337.0,357.0,337.0,352.7,336.1,438116
2026-09-23,BAJAJHIND,BAJAJ HINDUSTHAN SUGAR LT,20.21,20.92,20.0,20.52,20.29,12484841
2026-09-23,BAJAJHLDNG,BAJAJ HOLDINGS & INVS LTD,11267.0,11449.0,11195.0,11449.0,11185.0,23489
2026-09-23,BAJAJHFL,BAJAJ HOUSING FINANCE LTD,83.12,84.28,83.12,83.52,83.12,2176881
2026-09-23,BAJAJST,BAJAJ STEEL INDS. LTD.,354.6,354.6,347.1,349.8,348.05,3742
2026-09-23,BAJEL,BAJEL PROJECTS LIMITED,172.5,174.98,171.0,174.06,172.47,68789
2026-09-23,BALPHARMA,BAL PHARMA LTD.,108.52,111.58,107.1,108.28,108.16,36829
2026-09-23,BALAMINES,BALAJI AMINES LIMITED,2154.8,2280.2,2145.0,2271.2,2138.9,252681
2026-09-23,BALAJITELE,BALAJI TELEFILMS LIMITED.,94.45,96.72,93.65,94.18,93.71,74370
2026-09-23,BALAXI,BALAXI PHARMA LTD,23.12,23.58,22.42,22.94,23.12,81169
2026-09-23,BALKRISIND,BALKRISHNA IND. LTD,2205.0,2225.9,2190.0,2199.6,2216.9,93043
2026-09-23,BALKRISHNA,BALKRISHNA PAPER MILLS L,16.41,16.55,16.01,16.15,16.41,4520
2026-09-23,BALMLAWRIE,BALMER LAWRIE & CO LTD,167.2,168.0,166.61,167.43,167.43,46338
2026-09-23,BLIL,BALMER LAWRIE INVSTS. L,67.48,67.48,67.01,67.28,67.35,37398
2026-09-23,BALRAMCHIN,BALRAMPUR CHINI MILLS LTD,661.05,682.9,658.85,676.4,661.05,1023714
2026-09-23,BALUFORGE,BALU FORGE INDUSTRIES LTD,509.6,512.4,502.0,506.25,505.25,631352
2026-09-23,BANARBEADS,BANARAS BEADS LTD,113.5,118.0,112.8,113.28,111.28,1110
2026-09-23,BANCOINDIA,BANCO PRODUCTS (I) LTD,612.0,618.2,607.3,611.75,605.65,59280
2026-09-23,BANDHANBNK,BANDHAN BANK LIMITED,185.95,193.0,185.7,191.38,184.7,41844761
2026-09-23,GOLDBND,BANDHANAMC - GOLDBND,151.05,152.37,150.67,150.95,151.21,7955
2026-09-23,IDFNIFTYET,BANDHANAMC - IDFNIFTYET,258.98,259.94,258.07,259.52,259.13,2669
2026-09-23,SILVERBND,BANDHANAMC - SILVERBND,234.54,234.54,230.42,231.23,231.26,11083
2026-09-23,BANG,BANG OVERSEAS LTD.,32.6,32.8,31.57,31.78,32.46,37947
2026-09-23,BANKBARODA,BANK OF BARODA,233.2,237.7,233.2,236.87,234.35,5657358
2026-09-23,BANKINDIA,BANK OF INDIA,137.74,139.74,137.5,139.65,137.01,3463585
2026-09-23,MAHABANK,BANK OF MAHARASHTRA,82.65,84.7,82.32,84.11,82.4,12282011
2026-09-23,BANKA,BANKA BIOLOO LIMITED,76.5,76.5,76.2,76.5,76.14,695
2026-09-23,BANARISUG,BANNARI AMMAN SUGARS LTD,3333.0,3400.0,3331.6,3342.8,3322.8,263
2026-09-23,BANSALWIRE,BANSAL WIRE INDUSTRIES L,315.25,324.0,312.5,315.9,315.25,203102
2026-09-23,BANSWRAS,BANSWARA SYNTEX LIMITED,115.21,115.21,110.62,111.28,113.33,35341
2026-09-23,BVCL,BARAK VALLEY CEM. LTD.,41.97,42.43,41.6,42.12,41.57,10537
2026-09-23,BBNPNBETF,BARODABNP - BBNPNBETF,57.08,57.26,56.9,57.19,56.52,2734
2026-09-23,BBNPPGOLD,BARODABNP - BBNPPGOLD,147.3,149.3,146.0,146.4,146.6,670
2026-09-23,BASF,BASF INDIA LTD,3581.0,3626.4,3570.0,3580.4,3572.2,12952
2026-09-23,BATAINDIA,BATA INDIA LTD,631.75,644.0,631.75,637.2,631.75,117043
2026-09-23,BATLIBOI,BATLIBOI LTD.,83.06,85.95,82.41,84.28,82.96,17309
2026-09-23,BAYERCROP,BAYER CROPSCIENCE LTD,3775.0,3787.1,3733.0,3762.6,3765.8,92860
2026-09-23,BCLIND,BCL INDUSTRIES LIMITED,33.58,34.84,32.7,34.14,33.48,1248255
2026-09-23,BCPL,BCPL RAILWAY INFRA LTD,68.97,70.58,68.97,69.47,69.31,5970
2026-09-23,BEARDSELL,BEARDSELL LIMITED,24.99,24.99,24.21,24.75,24.41,11349
2026-09-23,BEDMUTHA,BEDMUTHA INDUST LTD,102.0,105.0,100.5,104.89,102.57,5964
2026-09-23,BEEKAY,BEEKAY STEEL INDS. LTD.,422.3,430.45,417.0,423.25,420.8,1077
2026-09-23,BLEL,BEHARI LAL ENGINEERING L,473.8,476.0,463.55,469.6,469.05,625105
2026-09-23,BELLACASA,BELLA CASA FASH AND RET L,280.69,285.0,273.99,284.12,279.3,25599
2026-09-23,BELRISE,BELRISE INDUSTRIES LTD,246.9,250.9,246.75,249.78,244.74,2848133
2026-09-23,BLAL,BEML LAND ASSETS LIMITED,164.24,166.7,163.05,165.33,164.24,11378
2026-09-23,BEML,BEML LIMITED,2105.1,2134.0,2086.0,2095.4,2096.8,204095
2026-09-23,BENARAS,BENARES HOTELS LTD.,10300.0,10625.0,10300.0,10470.0,10254.0,59
2026-09-23,BENGALASM,BENGAL & ASSAM CO. LTD.,6142.0,6224.5,6140.0,6182.5,6173.5,138
2026-09-23,BERGEPAINT,BERGER PAINTS (I) LTD,459.7,462.0,455.3,459.75,452.6,320195
2026-09-23,BESTAGRO,BEST AGROLIFE LIMITED,18.35,18.93,18.35,18.59,18.34,530764
2026-09-23,BETA,BETA DRUGS LIMITED,2121.0,2233.9,2105.0,2187.8,2105.0,29966
2026-09-23,BFINVEST,BF INVESTMENT LIMITED,447.45,449.5,442.2,446.7,443.75,10556
2026-09-23,BFUTILITIE,BF UTILITIES LIMITED,528.0,537.45,521.85,530.5,527.45,34192
2026-09-23,BANK10BETF,BFAM - BANK10BETF,20.52,20.55,20.45,20.46,20.5,12037
2026-09-23,BANKBETF,BFAM - BANKBETF,57.27,57.71,57.23,57.64,57.2,5950
2026-09-23,LIQUIDBETF,BFAM - LIQUIDBETF,1099.92,1099.92,1099.9,1099.9,1099.77,198382
2026-09-23,NIFTYBETF,BFAM - NIFTYBETF,241.57,242.0,240.37,241.75,240.6,3850
2026-09-23,BHAGERIA,BHAGERIA INDUSTRIES LTD,352.0,356.0,341.4,351.75,345.25,147240
2026-09-23,BHAGCHEM,BHAGIRADHA CHEM & INDS L,243.5,249.65,242.55,247.0,243.85,91103
2026-09-23,BHAGYANGR,BHAGYANAGAR INDIA LIMITED,430.05,447.35,426.05,444.65,426.05,147276
2026-09-23,BHANDARI,BHANDARI HOSIERY EXP LTD,2.93,2.99,2.93,2.95,2.96,90463
2026-09-23,BEPL,BHANSALI ENG. POLYMERS LT,130.78,132.15,129.5,130.49,130.23,778846
2026-09-23,BBL,BHARAT BIJLEE LTD,2224.9,2258.8,2215.2,2231.1,2220.4,16265
2026-09-23,BHARATCOAL,BHARAT COKING COAL LTD,32.34,32.8,32.31,32.62,32.24,3495396
2026-09-23,BDL,BHARAT DYNAMICS LIMITED,1167.5,1183.0,1157.3,1161.0,1168.0,648782
2026-09-23,BEL,BHARAT ELECTRONICS LTD,397.9,399.5,395.6,396.05,397.9,6731863
2026-09-23,BHARATFORG,BHARAT FORGE LTD,2010.0,2016.0,1982.5,2004.0,2009.0,759299
2026-09-23,BPLPHARMA,BHARAT PARENTERALS LTD.,1549.8,1560.3,1511.0,1545.5,1531.7,2199
2026-09-23,BPCL,BHARAT PETROLEUM CORP  LT,314.65,315.9,312.55,315.75,313.6,2065484
2026-09-23,BHARATRAS,BHARAT RASAYAN LTD,1129.4,1147.9,1125.8,1134.0,1129.4,7663
2026-09-23,BRNL,BHARAT ROAD NETWORK LTD,16.67,17.41,16.13,16.66,16.67,61714
2026-09-23,BHARATSE,BHARAT SEATS LIMITED,219.86,222.59,218.6,220.05,219.86,78657
2026-09-23,BHARATWIRE,BHARAT WIRE ROPES LTD.,167.89,173.2,167.89,170.1,167.89,109975
2026-09-23,BHARTIARTL,BHARTI AIRTEL LIMITED,1818.1,1836.7,1818.0,1833.2,1817.2,3698253
2026-09-23,BHARTIHEXA,BHARTI HEXACOM LIMITED,1527.8,1549.0,1521.6,1525.2,1534.3,69109
2026-09-23,BIL,BHARTIYA INTERNATIONAL,1055.9,1060.0,1031.0,1034.95,1050.5,4569
2026-09-23,BHEL,BHEL,427.25,430.0,419.05,423.1,425.8,5244031
2026-09-23,BIGBLOC,BIGBLOC CONSTRUCTION LTD,40.75,40.96,39.45,39.97,40.4,62239
2026-09-23,BIKAJI,BIKAJI FOODS INTERN LTD,554.05,607.5,553.5,591.1,553.65,4379438
2026-09-23,GROWW,BILLIONBRAINS GARAGE VN L,189.18,190.44,188.0,188.63,189.18,12891618
2026-09-23,BIMETAL,BIMETAL BEARINGS LTD.,661.0,665.0,645.2,660.65,661.45,228
2026-09-23,BIOCON,BIOCON LIMITED.,389.0,397.2,388.6,395.0,390.0,2665586
2026-09-23,BIOFILCHEM,BIOFIL CHEM & PHARMA LTD,32.5,33.0,32.01,32.29,32.88,12512
2026-09-23,BIRLACABLE,BIRLA CABLE LIMITED,375.2,385.25,358.05,361.9,375.25,519169
2026-09-23,BIRLACORPN,BIRLA CORPORATION LTD,819.5,842.0,819.5,839.95,817.6,35065
2026-09-23,BIRLANU,BIRLANU LIMITED,1397.2,1416.7,1373.5,1407.3,1385.6,5607
2026-09-23,ABGSEC,BIRLASLAMC - ABGSEC,114.15,114.4,114.02,114.39,114.15,464
2026-09-23,ABSL10BANK,BIRLASLAMC - ABSL10BANK,166.48,166.8,166.09,166.32,164.29,546
2026-09-23,ABSLBANETF,BIRLASLAMC - ABSLBANETF,57.93,58.1,57.79,57.95,57.75,270869
2026-09-23,ABSLLIQUID,BIRLASLAMC - ABSLLIQUID,1000.0,1000.01,999.99,1000.0,1000.0,3042
2026-09-23,ABSLMSCIN,BIRLASLAMC - ABSLMSCIN,28.94,29.03,28.83,29.03,28.8,77
2026-09-23,ABSLNN50ET,BIRLASLAMC - ABSLNN50ET,76.0,76.39,75.88,76.24,75.97,5408
2026-09-23,BSLSENETFG,BIRLASLAMC - BSLSENETFG,75.66,75.83,75.17,75.32,75.16,931
2026-09-23,GSEC10ABSL,BIRLASLAMC - GSEC10ABSL,112.0,112.0,112.0,112.0,112.1,1
2026-09-23,HEALTHY,BIRLASLAMC - HEALTHY,17.08,17.54,17.08,17.36,17.24,636884
2026-09-23,MOMENTUM,BIRLASLAMC - MOMENTUM,29.98,30.98,29.98,30.94,30.75,48982
2026-09-23,NIFTYQLITY,BIRLASLAMC - NIFTYQLITY,20.39,20.63,20.39,20.56,20.39,14102
2026-09-23,SILVER,BIRLASLAMC - SILVER,231.86,233.5,229.68,230.26,230.01,635480
2026-09-23,TECH,BIRLASLAMC - TECH,31.37,31.5,31.0,31.05,31.37,59892
2026-09-23,ABSLPSE,BIRLASLAMC-ABSLPSE,9.95,10.09,9.95,10.02,10.0,86429
2026-09-23,BSOFT,BIRLASOFT LIMITED,281.1,282.8,280.0,281.1,281.15,572371
2026-09-23,BBOX,BLACK BOX LIMITED,815.0,834.5,803.0,809.85,810.05,393313
2026-09-23,BLACKBUCK,BLACKBUCK LIMITED,628.75,630.25,614.1,616.05,620.35,548088
2026-09-23,BLBLIMITED,BLB LIMITED,16.5,17.44,16.15,17.33,16.22,310344
2026-09-23,BLSE,BLS E-SERVICES LIMITED,329.0,331.15,319.2,322.45,328.1,430157
2026-09-23,BLS,BLS INTL SERVS LTD,229.4,231.2,228.05,230.07,228.71,477976
2026-09-23,BLUECLOUDS,BLUE CLOUD SOFTECH SOLU L,19.18,20.15,19.1,19.73,19.17,1660415
2026-09-23,BLUECOAST,BLUE COAST HOTELS LIMITED,20.82,20.82,19.83,20.82,19.83,41
2026-09-23,BLUEDART,BLUE DART EXPRESS LTD,4786.6,4835.0,4780.0,4799.5,4786.6,4902
2026-09-23,BLUEJET,BLUE JET HEALTHCARE LTD,589.95,594.75,578.3,585.75,587.3,535536
2026-09-23,BLUESTARCO,BLUE STAR LIMITED,1533.0,1547.9,1526.2,1532.6,1525.0,110416
2026-09-23,BLUESTONE,BLUESTONE JEWEL LFSTL LTD,941.95,969.9,824.0,855.5,930.4,9219890
2026-09-23,BLUSPRING,BLUSPRING ENTERPRISES LTD,127.0,138.01,127.0,132.59,125.47,675699
2026-09-23,BMWVENTLTD,BMW VENTURES LIMITED,52.49,52.83,50.55,51.2,51.92,178615
2026-09-23,BNAGROCHEM,BN AGROCHEM LTD.,204.46,208.0,200.85,206.88,200.85,1181
2026-09-23,BODALCHEM,BODAL CHEMICALS LTD,193.9,202.54,193.9,199.53,192.9,2073889
2026-09-23,BTML,BODHI TREE MULTIMEDIA LTD,7.2,7.32,6.9,7.15,7.15,844976
2026-09-23,BOHRAIND,BOHRA INDUSTRIES LIMITED,13.26,13.87,13.26,13.64,13.26,2758
2026-09-23,BBTC,BOMBAY BURMAH TRADING COR,1466.0,1480.9,1442.1,1450.2,1460.4,48883
2026-09-23,BOMDYEING,BOMBAY DYEING & MFG. CO L,109.99,113.72,109.71,111.52,109.58,471331
2026-09-23,BSHSL,BOMBAY SUPER HYBRID SEEDS,87.7,87.7,84.9,85.57,85.64,5188
2026-09-23,BONLON,BONLON INDUSTRIES LIMITED,41.0,41.81,40.19,40.93,40.07,9103
2026-09-23,BORANA,BORANA WEAVES LIMITED,298.0,304.95,293.55,295.5,292.4,32247
2026-09-23,BOROLTD,BOROSIL LIMITED,264.4,269.99,262.0,267.5,263.57,128862
2026-09-23,BORORENEW,BOROSIL RENEWABLES LTD,476.9,482.75,472.8,475.0,474.7,244086
2026-09-23,BOROSCI,BOROSIL SCIENTIFIC LTD,119.5,121.01,117.0,117.74,119.81,257217
2026-09-23,BOSCH-HCIL,BOSCH HOME COMFRT IND LTD,1739.9,1776.8,1723.6,1769.8,1720.8,23705
2026-09-23,BOSCHLTD,BOSCH LIMITED,48290.0,48330.0,47585.0,47955.0,48290.0,11137
2026-09-23,BPL,BPL LTD,45.78,46.4,44.25,45.09,45.2,44133
2026-09-23,BRAHMINFRA,BRAHMAPUTRA INFRA L,162.5,162.5,154.0,154.55,156.51,13444
2026-09-23,FIRSTCRY,BRAINBEES SOLUTIONS LTD,176.8,183.2,175.63,180.41,175.08,3586209
2026-09-23,BCONCEPTS,BRAND CONCEPTS LIMITED,150.71,156.6,150.7,153.06,152.58,2512
2026-09-23,BRIGADE,BRIGADE ENTER. LTD,616.55,624.9,614.15,616.45,616.55,175436
2026-09-23,BRIGHOTEL,BRIGADE HOTEL VENTURE LTD,56.95,57.35,56.48,57.05,56.48,60089
2026-09-23,BRIGHTBR,BRIGHT BROTHERS LTD.,253.0,253.0,249.2,251.1,252.95,515
2026-09-23,BCG,BRIGHTCOM GROUP LIMITED,9.6,9.77,9.54,9.59,9.6,4593817
2026-09-23,BRITANNIA,BRITANNIA INDUSTRIES LTD,4927.5,4965.0,4905.0,4929.0,4918.0,207441
2026-09-23,BROOKS,BROOKS LAB LIMITED,60.74,62.49,59.09,61.0,59.09,78607
2026-09-23,BSE,BSE LIMITED,3249.0,3280.0,3214.2,3270.7,3235.0,2796681
2026-09-23,BSL,BSL LTD,124.28,125.9,123.01,124.24,125.54,2400
2026-09-23,BUTTERFLY,BTRFLY GANDHI APPL LTD,566.7,577.95,564.3,566.0,562.3,9270
2026-09-23,CGVAK,C G V A K SOFTWARE & EX L,145.0,149.0,145.0,148.67,145.41,526
2026-09-23,MAPMYINDIA,C.E. INFO SYSTEMS LIMITED,923.9,935.8,894.8,906.8,922.0,184879
2026-09-23,CMLL,CALIBER MINING AND LOG L,495.0,513.3,483.95,504.65,490.9,514379
2026-09-23,CAMLINFINE,CAMLIN FINE SCIENCES LTD,97.9,102.0,96.97,98.69,96.45,1115122
2026-09-23,CAMPUS,CAMPUS ACTIVEWEAR LIMITED,212.0,213.19,210.9,211.05,211.35,212531
2026-09-23,CANFINHOME,CAN FIN HOMES LTD,761.0,767.4,753.75,757.95,759.55,216630
2026-09-23,CANBK,CANARA BANK,123.2,126.3,123.17,126.0,122.9,15597011
2026-09-23,CANHLIFE,CANARA HSBC LIFE INS CO L,152.98,154.24,150.5,151.63,153.4,262543
2026-09-23,CRAMC,CANARA ROBECO AMC LIMITED,230.2,232.0,226.75,230.35,227.9,925674
2026-09-23,CANTABIL,CANTABIL RETAIL LTD,239.9,241.0,235.81,238.55,238.85,169647
2026-09-23,CAPACITE,CAPACITE INFRAPROJECT LTD,195.49,199.74,194.6,198.25,194.73,242003
2026-09-23,CAPILLARY,CAPILLARY TECHNO INDIA L,550.95,563.5,541.15,545.55,547.1,607870
2026-09-23,CIFL,CAPITAL INDIA FINANCE LTD,20.65,24.29,20.65,21.34,21.27,516089
2026-09-23,CAPITALSFB,CAPITAL SMALL FIN BANK L,281.3,286.7,279.05,284.6,281.3,33387
2026-09-23,CAPLIPOINT,CAPLIN POINT LAB LTD.,2777.3,2834.9,2777.2,2793.8,2777.3,64325
2026-09-23,CGCL,CAPRI GLOBAL CAPITAL LTD,268.0,276.6,268.0,268.6,267.05,3923518
2026-09-23,CPL,CAPTAIN POLYPLAST LIMITED,63.3,63.3,62.05,62.46,62.7,25157
2026-09-23,CARBORUNIV,CARBORUNDUM UNIVERSAL LTD,1217.5,1272.9,1212.5,1264.5,1211.3,597871
2026-09-23,CARERATING,CARE RATINGS LIMITED,1633.9,1650.0,1623.1,1639.6,1627.8,18775
2026-09-23,CPEDU,CAREER POINT EDUTECH LTD,173.0,181.0,173.0,179.52,177.35,4137
2026-09-23,CARRARO,CARRARO INDIA LIMITED,543.0,556.9,538.0,554.6,542.3,156054
2026-09-23,CARTRADE,CARTRADE TECH LIMITED,2910.0,3016.0,2910.0,3001.8,2907.9,183741
2026-09-23,CARYSIL,CARYSIL LIMITED,1067.9,1089.7,1059.1,1085.1,1065.3,67696
2026-09-23,CASTROLIND,CASTROL INDIA LIMITED,195.95,195.95,190.1,193.23,195.61,3637883
2026-09-23,CCL,CCL PRODUCTS (I) LTD,1047.1,1053.9,1028.7,1043.2,1050.0,235839
2026-09-23,CEATLTD,CEAT LIMITED,3403.0,3474.0,3393.0,3432.2,3401.4,28791
2026-09-23,CEIGALL,CEIGALL INDIA LIMITED,379.05,396.0,377.0,388.85,377.2,610450
2026-09-23,CEINSYS,CEINSYS TECH LIMITED,707.7,715.0,701.05,712.05,701.5,36833
2026-09-23,CELEBRITY,CELEBRITY FASHIONS LTD,6.72,6.8,6.32,6.65,6.79,25774
2026-09-23,CELLO,CELLO WORLD LIMITED,320.3,326.55,319.8,324.1,320.3,121087
2026-09-23,CEMPRO,CEMINDIA PROJECTS LIMITED,1327.0,1344.6,1305.1,1311.2,1319.3,196274
2026-09-23,CENTRALBK,CENTRAL BANK OF INDIA,31.32,31.8,31.26,31.63,31.37,4418230
2026-09-23,CDSL,CENTRAL DEPO SER (I) LTD,1348.0,1359.5,1347.2,1351.1,1348.0,400345
2026-09-23,CMPDI,CENTRAL MINE P N D INST L,209.29,218.76,208.51,213.53,209.34,1555190
2026-09-23,CENTRUM,CENTRUM CAPITAL LIMITED,21.85,21.85,20.91,21.21,21.43,431850
2026-09-23,CENTUM,CENTUM ELECTRONICS LTD,4887.0,4999.5,4760.1,4826.1,4858.7,196068
2026-09-23,CENTENKA,CENTURY ENKA LTD,565.65,584.0,565.65,580.55,567.4,33020
2026-09-23,CENTEXT,CENTURY EXTRUSIONS LTD,18.63,18.9,18.25,18.79,18.63,252857
2026-09-23,CENTURYPLY,CENTURY PLYBOARDS (I) LTD,695.0,716.8,695.0,711.9,695.6,61115
2026-09-23,CERA,CERA SANITARYWARE LTD,5520.0,5544.0,5501.0,5520.0,5501.0,3192
2026-09-23,CESC,CESC LTD,142.55,143.15,142.0,142.56,142.52,699865
2026-09-23,CGPOWER,CG POWER AND IND SOL LTD,904.45,906.8,890.5,895.0,896.1,1329293
2026-09-23,CHALET,CHALET HOTELS LIMITED,875.0,904.4,871.2,884.05,872.35,188427
2026-09-23,CLSEL,CHAMAN LAL SETIA EXP LTD,293.45,298.6,293.0,296.25,293.4,35431
2026-09-23,CHAMBLFERT,CHAMBAL FERTILIZERS LTD,418.5,421.65,417.75,419.6,418.5,394631
2026-09-23,CHEMBOND,CHEMBOND MATERIALTECH LTD,197.44,197.44,190.02,193.68,192.77,8790
2026-09-23,CHEMCRUX,CHEMCRUX ENTERPRISES LTD.,78.57,79.9,77.5,78.16,78.57,11227
2026-09-23,CHEMFAB,CHEMFAB ALKALIS LIMITED,359.45,360.45,346.4,351.6,354.0,9224
2026-09-23,CHEMPLASTS,CHEMPLAST SANMAR LIMITED,198.95,202.39,195.0,199.4,198.67,804982
2026-09-23,CHENNPETRO,CHENNAI PETROLEUM CORP LT,1398.5,1423.0,1380.8,1388.6,1392.0,1081696
2026-09-23,CHEVIOT,CHEVIOT COMPANY LIMITED,1171.7,1189.8,1170.7,1176.7,1170.4,676
2026-09-23,CHOICEIN,CHOICE INTERNATIONAL LTD,757.85,757.85,750.5,751.85,760.9,258470
2026-09-23,CHOICEGOLD,CHOICEAMC - CHOICEGOLD,151.0,151.0,149.43,149.87,149.56,8181
2026-09-23,CHOLAHLDNG,CHOLAMANDALAM FIN HOL LTD,1460.1,1478.0,1446.0,1472.4,1459.6,233988
2026-09-23,CHOLAFIN,CHOLAMANDALAM IN & FIN CO,1760.0,1784.0,1758.7,1774.0,1759.1,1227152
2026-09-23,CIEINDIA,CIE AUTOMOTIVE INDIA LTD,392.6,394.65,382.55,384.2,390.6,676768
2026-09-23,CINELINE,CINELINE INDIA LIMITED,89.25,92.68,89.0,90.01,89.16,14051
2026-09-23,CINEVISTA,CINEVISTA LIMITED,14.98,14.98,14.05,14.1,14.51,24093
2026-09-23,CIPLA,CIPLA LTD,1382.4,1387.0,1371.8,1383.0,1384.1,651221
2026-09-23,CUB,CITY UNION BANK LTD,227.0,230.79,224.71,225.34,227.21,1269250
2026-09-23,CLEDUCATE,CL EDUCATE LIMITED,55.25,56.49,55.01,56.31,55.38,2635
2026-09-23,CLEANMAX,CLEAN MAX ENVIRO EN SOL L,1439.0,1481.0,1373.3,1457.5,1367.5,1550273
2026-09-23,CLEAN,CLEAN SCIENCE & TECH LTD,838.0,850.0,830.0,836.6,833.2,224043
2026-09-23,CMRGREEN,CMR GREEN TECHNOLOGIES L,230.6,233.66,226.84,227.73,229.49,287593
2026-09-23,CMSINFO,CMS INFO SYSTEMS LIMITED,234.62,237.5,233.0,234.12,234.62,482023
2026-09-23,COALINDIA,COAL INDIA LTD,428.25,429.4,421.55,424.55,428.0,7956161
2026-09-23,COASTCORP,COASTAL CORPORATION LTD,38.97,38.97,37.8,38.04,38.19,30799
2026-09-23,COCHINSHIP,COCHIN SHIPYARD LIMITED,1388.0,1393.2,1369.1,1370.0,1388.9,402906
2026-09-23,COFFEEDAY,COFFEE DAY ENTERPRISE LTD,30.59,32.0,29.88,31.0,30.59,793052
2026-09-23,COFORGE,COFORGE LIMITED,1812.0,1817.4,1774.1,1782.4,1803.0,1473720
2026-09-23,COHANCE,COHANCE LIFESCIENCES LTD,458.95,465.55,451.2,461.45,452.75,1107159
2026-09-23,COLPAL,COLGATE PALMOLIVE LTD.,1869.0,1901.3,1863.3,1886.7,1869.0,271591
2026-09-23,COMFINTE,COMFORT INTECH LTD.,5.85,5.9,5.71,5.73,5.8,150694
2026-09-23,COMSYN,COMMERCIAL SYN BAGS LTD,305.95,310.05,298.75,299.3,301.25,1010524
2026-09-23,COMPEAU,COMPETENT AUTOMOB CO. L,364.0,375.0,364.0,364.4,364.0,1049
2026-09-23,COMPUSOFT,COMPUCOM SOFTWARE LTD,13.49,13.5,13.1,13.35,13.24,10773
2026-09-23,CAMS,COMPUTER AGE MNGT SER LTD,706.9,725.05,706.0,723.9,704.0,1333519
2026-09-23,CONCORDBIO,CONCORD BIOTECH LIMITED,1540.2,1568.0,1518.9,1560.3,1532.4,147508
2026-09-23,CEWATER,CONCORD ENVIRO SYSTEMS L,278.2,280.0,270.6,274.4,278.75,47694
2026-09-23,CONFIPET,CONFIDENCE PETRO IND LTD.,87.39,92.75,86.77,89.12,86.76,5623265
2026-09-23,CCCL,CONS. CONST. CONSORT LTD,13.89,13.89,13.06,13.26,13.6,411657
2026-09-23,CONCOR,CONTAINER CORP OF IND LTD,469.0,473.65,463.15,464.65,467.0,1369351
2026-09-23,CONTROLPR,CONTROL PRINT LIMITED,585.05,591.85,580.0,584.55,589.15,24800
2026-09-23,CORALFINAC,CORAL INDIA FIN & HOUS LT,31.82,32.7,31.52,31.9,32.14,3482
2026-09-23,CORDSCABLE,CORDS CABLE INDUS LTD.,398.0,406.95,342.35,369.65,382.9,545284
2026-09-23,COROMANDEL,COROMANDEL INTERNTL. LTD,1944.2,1989.0,1936.2,1956.0,1944.9,144853
2026-09-23,CORONA,CORONA REMEDIES LIMITED,2186.0,2197.3,2152.0,2163.4,2181.5,16520
2026-09-23,COSMOFIRST,COSMO FIRST LIMITED,861.55,883.3,860.0,867.2,862.75,39315
2026-09-23,CCHHL,COUNTRY CLUB HOSP HOL LTD,13.09,13.89,12.9,13.42,12.94,120817
2026-09-23,CPCAP,CP CAPITAL LIMITED,156.79,156.79,150.9,152.95,151.7,24373
2026-09-23,CPSEETF,CPSE ETF,92.94,93.61,92.77,93.2,92.94,413128
2026-09-23,CRAFTSMAN,CRAFTSMAN AUTOMATION LTD,10600.0,10990.0,10509.0,10904.0,10602.0,51402
2026-09-23,CRAVATEX,CRAVATEX LTD.,326.1,349.7,323.0,341.7,326.15,5646
2026-09-23,CREATIVEYE,CREATIVE EYE LIMITED,6.68,6.68,5.6,6.19,6.25,59489
2026-09-23,CNL,CREATIVE NEWTECH LIMITED,1101.0,1151.6,1101.0,1146.1,1108.1,7197
2026-09-23,CREDITACC,CREDITACCESS GRAMEEN LTD,1353.0,1359.8,1343.5,1349.6,1357.9,145556
2026-09-23,MUFTI,CREDO BRANDS MARKETING L,73.34,73.89,72.31,73.2,73.34,46267
2026-09-23,CREST,CREST VENTURES LIMITED,369.95,370.0,357.55,366.0,363.7,2311
2026-09-23,CRESTO,CRESTO TECHNO LIMITED,20.0,20.9,16.17,20.14,19.21,270186
2026-09-23,CRISIL,CRISIL LTD,4525.0,4635.0,4510.5,4605.8,4559.8,32752
2026-09-23,CRIZAC,CRIZAC LIMITED,178.56,180.85,175.8,176.5,177.03,226048
2026-09-23,CROMPTON,CROMPT GREA CON ELEC LTD,223.3,226.76,222.6,223.43,222.0,2224190
2026-09-23,CROWN,CROWN LIFTERS LIMITED,130.0,130.32,120.57,122.53,124.96,45823
2026-09-23,CSBBANK,CSB BANK LIMITED,334.4,337.5,332.75,336.4,334.95,447626
2026-09-23,CSLFINANCE,CSL FINANCE LIMITED,222.0,223.0,213.95,216.95,220.24,40117
2026-09-23,CSM,CSM TECHNOLOGIES LIMITED,105.15,108.27,102.8,103.93,105.15,288893
2026-09-23,CUBEXTUB,CUBEX TUBINGS LTD,125.82,125.82,117.0,125.82,104.85,1061637
2026-09-23,CUMMINSIND,CUMMINS INDIA LTD,5000.0,5053.5,4928.0,5010.0,4962.5,235682
2026-09-23,CUPID,CUPID LIMITED,259.45,276.4,255.2,273.85,258.2,52637525
2026-09-23,CYIENTDLM,CYIENT DLM LIMITED,917.7,968.0,915.0,963.5,917.2,523966
2026-09-23,CYIENT,CYIENT LIMITED,1076.3,1087.7,1052.0,1072.2,1079.0,310466
2026-09-23,DLINKINDIA,D-LINK INDIA LTD,427.0,431.0,422.5,426.1,423.55,61110
2026-09-23,DPABHUSHAN,D. P. ABHUSHAN LIMITED,1462.1,1497.0,1449.0,1455.9,1469.4,23394
2026-09-23,DBCORP,D.B.CORP LTD,184.56,184.56,181.87,182.22,183.04,61966
2026-09-23,DABUR,DABUR INDIA LTD,388.3,395.45,387.4,387.4,388.1,1480659
2026-09-23,DALBHARAT,DALMIA BHARAT LIMITED,1741.1,1749.9,1729.1,1744.0,1741.6,28368
2026-09-23,DALMIASUG,DALMIA BHARAT SUG IN LTD,389.0,411.6,388.15,407.75,388.1,236658
2026-09-23,DAMCAPITAL,DAM CAPITAL ADVISORS LTD,137.4,142.45,137.4,140.39,137.7,218160
2026-09-23,DANGEE,DANGEE DUMS LIMITED,2.7,2.83,2.67,2.7,2.7,35687
2026-09-23,DATAPATTNS,DATA PATTERNS INDIA LTD,4504.6,4516.0,4383.0,4422.4,4484.9,361812
2026-09-23,DATAMATICS,DATAMATICS GLOBAL SER LTD,766.8,814.9,766.8,789.85,765.3,215120
2026-09-23,DAVANGERE,DAVANGERE SUGAR COMPANY L,2.31,2.31,2.16,2.2,2.26,12500992
2026-09-23,DCI,DC INFOTECH AND COMUN LTD,275.85,277.25,266.4,268.6,275.85,41762
2026-09-23,DCBBANK,DCB BANK LIMITED,218.89,224.71,218.11,223.69,218.58,812051
2026-09-23,DCMFINSERV,DCM FINANCIAL SERVICES LT,4.8,5.16,4.8,5.01,5.09,7680
2026-09-23,DCM,DCM LTD,76.42,77.79,74.81,75.34,76.37,9428
2026-09-23,DCMNVL,DCM NOUVELLE LIMITED,179.99,185.0,178.0,179.43,178.04,24354
2026-09-23,DSFCL,DCM SHRIRAM FINE CHEM LTD,29.7,30.25,28.02,30.25,28.81,93917
2026-09-23,DCMSRIND,DCM SHRIRAM IND LTD,37.6,38.43,37.6,38.01,37.87,184417
2026-09-23,DCMSIL,DCM SHRIRAM INTERNATNL L,70.78,77.46,70.01,77.46,70.42,281648
2026-09-23,DCMSHRIRAM,DCM SHRIRAM LIMITED,980.0,986.9,975.2,980.0,979.3,25367
2026-09-23,DCW,DCW LTD,48.5,51.44,48.16,50.02,48.02,8719090
2026-09-23,DCXINDIA,DCX SYSTEMS LIMITED,163.5,166.37,163.5,164.73,163.5,187156
2026-09-23,DDEVPLSTIK,DDEV PLASTIKS IND LTD,262.65,263.55,260.5,262.6,260.45,67705
2026-09-23,DENORA,DE NORA INDIA LIMITED,800.3,817.4,790.0,795.65,798.4,4096
2026-09-23,DECCANCE,DECCAN CEMENTS LIMITED,567.25,570.5,557.65,560.45,562.25,49757
2026-09-23,DECNGOLD,DECCAN GOLD MINES LTD.,226.51,231.68,220.93,222.44,225.17,1035225
2026-09-23,DEEDEV,DEE DEVELOPMENT ENG LTD,690.0,721.9,690.0,711.15,691.8,250940
2026-09-23,DEEPINDS,DEEP INDUSTRIES LIMITED,763.6,785.0,755.4,772.9,761.6,335966
2026-09-23,DEEPA,DEEPA JEWELLERS LIMITED,189.49,197.99,189.0,196.4,188.43,3305468
2026-09-23,DBEIL,DEEPAK BUILDERS & ENG I L,7.0,7.14,6.31,6.8,7.0,368295
2026-09-23,DEEPAKFERT,DEEPAK FERTILIZERS & PETR,1349.9,1389.0,1349.8,1386.2,1340.4,330051
2026-09-23,DEEPAKNTR,DEEPAK NITRITE LTD,1614.0,1639.0,1605.2,1635.8,1613.2,109445
2026-09-23,DELHIVERY,DELHIVERY LIMITED,430.75,436.8,429.0,435.0,430.75,3087778
2026-09-23,DELTACORP,DELTA CORP LIMITED,62.3,69.0,61.77,68.65,61.77,17802335
2026-09-23,DELTAMAGNT,DELTA MANUFACTURING LTD,55.0,56.65,54.45,56.57,55.0,695
2026-09-23,DEN,DEN NETWORKS LTD,26.26,26.96,26.26,26.84,26.26,319639
2026-09-23,DENTA,DENTA WATER N INFRA SOL L,273.9,278.4,272.75,274.8,272.65,74195
2026-09-23,DEVX,DEV ACCELERATOR LIMITED,34.81,35.46,34.81,35.0,35.06,56997
2026-09-23,DEVIT,DEV INFO TECHNOLOGY LTD,23.12,23.99,22.79,23.24,23.12,24914
2026-09-23,DEVYANI,DEVYANI INTERNATIONAL LTD,144.31,144.39,139.2,140.11,144.51,1344367
2026-09-23,DBOL,DHAMPUR BIO ORGANICS LTD,114.24,117.55,114.24,115.63,114.81,101634
2026-09-23,DHAMPURSUG,DHAMPUR SUGAR MILLS LTD.,165.0,172.09,164.81,168.39,164.13,581058
2026-09-23,DHANBANK,DHANLAXMI BANK LIMITED,29.16,30.1,29.16,30.01,29.18,385760
2026-09-23,DHANUKA,DHANUKA AGRITECH LTD,979.9,991.95,965.5,982.65,966.4,30647
2026-09-23,DHARMAJ,DHARMAJ CROP GUARD LTD,283.95,302.0,282.0,299.1,281.6,108051
2026-09-23,DHATRE,DHATRE UDYOG LTD.,4.3,4.39,4.12,4.15,4.27,33591
2026-09-23,DHOOTTRANS,DHOOT TRANSMISSION LTD,1674.0,1685.0,1602.1,1615.4,1653.2,1167338
2026-09-23,DHRUV,DHRUV CONSULTANCY SER LTD,21.99,22.55,20.75,21.07,21.57,12966
2026-09-23,DHUNINV,DHUNSERI INVESTMENTS LTD,997.0,1017.0,985.0,1001.75,983.6,423
2026-09-23,DVL,DHUNSERI VENTURES LIMITED,281.9,294.95,281.9,292.2,283.25,9043
2026-09-23,DIAMINESQ,DIAMINES & CHEMICALS LTD,260.0,260.0,246.6,249.38,254.85,5025
2026-09-23,DICIND,DIC INDIA LIMITED,669.0,674.0,658.7,665.65,654.25,5033
2026-09-23,DIFFNKG,DIFFUSION ENGINEERS LTD,442.1,454.8,438.0,439.3,441.6,112607
2026-09-23,DGCONTENT,DIGICONTENT LIMITED,24.1,25.6,23.86,24.9,23.92,1040
2026-09-23,DIGIDRIVE,DIGIDRIVE DISTRIBUTORS L,17.5,18.0,17.32,17.9,17.76,14700
2026-09-23,DIGISPICE,DIGISPICE TECHNOLOGIES LT,16.59,16.8,16.11,16.5,16.4,89439
2026-09-23,DIGITIDE,DIGITIDE SOLUTIONS LTD,81.2,83.5,80.13,81.13,81.82,403826
2026-09-23,DNAMEDIA,DILIGENT MEDIA CORP LTD.,2.55,2.75,2.45,2.5,2.55,99123
2026-09-23,DBL,DILIP BUILDCON LIMITED,424.0,424.4,412.45,413.55,423.1,149163
2026-09-23,DISAQ,DISA INDIA LTD.,12168.0,12200.0,11940.0,12088.0,12185.0,134
2026-09-23,DISHTV,DISH TV INDIA LTD.,2.5,2.54,2.42,2.46,2.5,2361940
2026-09-23,DCAL,DISHMAN CARBO AMCIS LTD,170.65,174.46,169.51,173.33,169.88,134136
2026-09-23,DIVGIITTS,DIVGI TORQTRANSFER SYST L,1118.8,1186.0,1108.2,1177.1,1118.9,144698
2026-09-23,DIVISLAB,DIVI S LABORATORIES LTD,9330.0,9624.0,9312.5,9624.0,9352.0,489382
2026-09-23,DIXON,DIXON TECHNO (INDIA) LTD,13084.0,13250.0,13055.0,13200.0,13084.0,191704
2026-09-23,DJML,DJ MEDIAPRINT & LOG LTD,74.3,74.9,71.25,72.7,74.45,112048
2026-09-23,DLF,DLF LIMITED,669.0,681.0,668.0,675.0,669.5,2425745
2026-09-23,DMCC,DMCC SPECIALITY CHEMICALS,290.7,301.4,288.0,296.3,290.65,107730
2026-09-23,DODLA,DODLA DAIRY LIMITED,1047.6,1064.8,1045.0,1048.6,1047.6,19425
2026-09-23,DOLATALGO,DOLAT ALGOTECH LIMITED,68.3,69.9,67.3,68.72,68.16,100410
2026-09-23,DOLLAR,DOLLAR INDUSTRIES LIMITED,272.8,276.0,269.0,274.45,272.8,44194
2026-09-23,DOLLEX,DOLLEX AGROTECH LIMITED,38.0,38.25,36.5,37.75,36.6,86114
2026-09-23,DOLPHIN,DOLPHIN OFF ENT (IND) L,722.0,749.5,702.65,723.55,724.3,105950
2026-09-23,DOMS,DOMS INDUSTRIES LIMITED,2098.8,2147.0,2091.6,2141.5,2098.8,32015
2026-09-23,DONEAR,DONEAR IND. LIMITED,82.6,83.75,82.16,83.13,82.5,13479
2026-09-23,AGARWALEYE,DR AGARWALS HEALTH CARE L,494.45,498.7,484.8,494.8,493.05,329131
2026-09-23,DRAGARWQ,DR. AGARWAL'S EYE HOSP L,5206.5,5253.0,5194.0,5202.0,5200.0,910
2026-09-23,LALPATHLAB,DR. LAL PATH LABS LTD.,1903.0,1930.0,1890.0,1924.3,1909.8,230347
2026-09-23,DRREDDY,DR. REDDY S LABORATORIES,1210.0,1220.5,1205.9,1211.2,1211.0,987420
2026-09-23,DRCSYSTEMS,DRC SYSTEMS INDIA LIMITED,12.76,12.88,12.31,12.67,12.29,31414
2026-09-23,DREAMFOLKS,DREAMFOLKS SERVICES LTD,63.88,64.25,62.1,63.91,63.04,47951
2026-09-23,DREDGECORP,DREDGING CORP OF INDIA,993.8,1022.1,992.7,1017.5,993.8,53819
2026-09-23,KEEPLEARN,DSJ KEEP LEARNING LTD,1.88,1.89,1.81,1.84,1.84,11868
2026-09-23,LIQUIDETF,DSP LIQUID ETF,1000.0,1000.01,999.99,999.99,999.99,165175
2026-09-23,BANK10ADD,DSPAMC - BANK10ADD,16.63,16.72,16.57,16.59,16.56,18817
2026-09-23,BANKADD,DSPAMC - DSPBANK,57.82,58.08,57.78,58.01,57.68,85517
2026-09-23,GOLDADD,DSPAMC - DSPGOLD,14.71,14.75,14.64,14.65,14.69,9154776
2026-09-23,ITADD,DSPAMC - DSPIT,30.37,30.49,30.01,30.17,30.45,14942
2026-09-23,EQUAL50ADD,DSPAMC - DSPNEWETF,333.0,335.92,333.0,334.44,334.34,28426
2026-09-23,NIFTYADD,DSPAMC - DSPNIFTY,243.92,247.78,243.92,246.62,246.38,6083
2026-09-23,PSUBANKADD,DSPAMC - DSPPSBKETF,83.84,84.65,83.84,84.44,83.2,37270
2026-09-23,PVTBANKADD,DSPAMC - DSPPVBKETF,27.82,27.93,27.76,27.77,27.91,49593
2026-09-23,MIDQ50ADD,DSPAMC - DSPQ50ETF,24.44,24.47,24.28,24.28,24.35,29716
2026-09-23,SENSEXADD,DSPAMC - DSPSENXETF,77.22,77.53,77.0,77.06,77.06,1463
2026-09-23,SILVERADD,DSPAMC - DSPSILVETF,22.46,22.56,22.17,22.2,22.18,6978831
2026-09-23,FLEXIADD,DSPAMC - FLEXIADD,9.89,9.94,9.71,9.74,9.76,103672
2026-09-23,FMCGADD,DSPAMC - FMCGADD,45.84,46.65,45.43,45.86,45.84,5975
2026-09-23,HEALTHADD,DSPAMC - HEALTHADD,16.9,17.05,16.88,16.9,16.9,121051
2026-09-23,LIQUIDADD,DSPAMC - LIQUIDADD,1145.92,1145.94,1145.92,1145.93,1145.78,441516
2026-09-23,MIDBANKADD,DSPAMC - MIDBANKADD,17.19,17.31,17.19,17.25,17.06,5644
2026-09-23,MIDCAPADD,DSPAMC - MIDCAPADD,22.89,22.96,22.86,22.86,22.89,4503
2026-09-23,MSCIADD,DSPAMC - MSCIADD,28.91,28.91,28.88,28.88,28.91,258
2026-09-23,NEXT30ADD,DSPAMC - NEXT30ADD,42.1,42.33,42.05,42.25,42.1,910
2026-09-23,NEXT50ADD,DSPAMC - NEXT50ADD,72.7,72.88,72.61,72.88,72.57,1066
2026-09-23,SMALLADD,DSPAMC - SMALLADD,18.45,18.62,18.43,18.56,18.43,31383
2026-09-23,TOP10ADD,DSPAMC - TOP10ADD,84.69,85.09,84.44,84.58,84.53,149597
2026-09-23,DUCON,DUCON INFRATECHNOLOGIES L,1.57,1.6,1.54,1.6,1.46,1509806
2026-09-23,DWARKESH,DWARIKESH SUGAR IND LTD,41.68,42.84,41.58,41.86,41.68,1468253
2026-09-23,DSSL,DYNACONS SYS & SOLN LTD,1055.0,1055.0,1018.0,1030.4,1022.2,16469
2026-09-23,DYNAMATECH,DYNAMATIC TECHNOLOGIES,12659.0,12966.0,12463.0,12561.0,12516.0,37310
2026-09-23,DYCL,DYNAMIC CABLES LIMITED,455.0,482.1,446.05,476.9,453.75,762315
2026-09-23,DYNPRO,DYNEMIC PRODUCTS LIMITED,231.08,235.0,227.71,234.58,231.51,10982
2026-09-23,EASTWEST,EAST WEST FREIGHT CARRI L,2.41,2.42,2.3,2.39,2.3,22527
2026-09-23,EASEMYTRIP,EASY TRIP PLANNERS LTD,5.99,6.03,5.85,5.87,5.99,9224928
2026-09-23,ECLERX,ECLERX SERVICES LTD,1924.1,1940.0,1909.6,1924.2,1924.1,60071
2026-09-23,ECORECO,ECO RECYCLING LTD.,425.9,431.8,416.05,419.55,422.9,9062
2026-09-23,ECOSMOBLTY,ECOS (INDIA) MOB & HOSP L,108.8,112.0,108.0,109.11,108.62,41289
2026-09-23,BBETF0432,EDELAMC - BBETF0432,1341.1,1346.0,1332.0,1340.66,1343.32,537
2026-09-23,EBANK10,EDELAMC - EBANK10,16.45,16.64,16.41,16.64,16.4,763
2026-09-23,EBANKNIFTY,EDELAMC - EBANKNIFTY,57.2,57.23,56.99,57.21,56.95,261
2026-09-23,EBBETF0430,EDELAMC - EBBETF0430,1611.25,1611.25,1607.15,1609.69,1608.23,2994
2026-09-23,EBBETF0431,EDELAMC - EBBETF0431,1431.0,1435.23,1430.01,1431.06,1432.9,586
2026-09-23,EBBETF0433,EDELAMC - EBBETF0433,1305.0,1312.0,1303.0,1309.84,1302.8,4211
2026-09-23,ECAPINSURE,EDELAMC - ECAPINSURE,23.77,23.84,23.52,23.71,23.57,22469
2026-09-23,EGOLD,EDELAMC - EGOLD,151.5,151.75,150.45,150.9,151.1,36665
2026-09-23,ELIQUID,EDELAMC - ELIQUID,1048.82,1048.84,1048.82,1048.83,1048.7,25715
2026-09-23,ELM250,EDELAMC - ELM250,16.36,16.4,16.14,16.2,16.26,43871
2026-09-23,ELMDIV,EDELAMC - ELMDIV,35.7,36.7,35.46,35.76,35.52,1472
2026-09-23,EMETAL,EDELAMC - EMETAL,12.99,13.31,12.99,13.23,12.92,12959
2026-09-23,EMULTIMQ,EDELAMC - EMULTIMQ,41.38,41.76,41.11,41.32,41.52,9962
2026-09-23,ENEXT50,EDELAMC - ENEXT50,72.25,72.25,71.81,72.16,71.9,18
2026-09-23,ENIFTY,EDELAMC - ENIFTY,23.04,23.73,23.04,23.65,23.64,1107
2026-09-23,ESENSEX,EDELAMC - ESENSEX,75.58,75.68,75.28,75.54,75.4,872
2026-09-23,ESILVER,EDELAMC - ESILVER,230.1,233.55,229.25,229.58,229.6,23457
2026-09-23,EDELWEISS,EDELWEISS FIN SERV LTD,142.2,146.0,140.05,142.03,141.16,15211696
2026-09-23,EFCIL,EFC (I) LIMITED,179.47,184.0,176.5,183.08,177.99,258227
2026-09-23,EICHERMOT,EICHER MOTORS LTD,7468.5,7485.0,7414.0,7470.0,7427.0,215015
2026-09-23,EIDPARRY,EID PARRY INDIA LTD,695.7,708.2,692.55,701.4,695.55,231077
2026-09-23,EIHAHOTELS,EIH ASSOCIATED HOTELS LTD,296.1,300.35,294.4,296.85,298.8,8693
2026-09-23,EIHOTEL,EIH LIMITED,303.0,304.7,300.15,301.15,303.9,98871
2026-09-23,EIMCOELECO,EIMCO ELECON (INDIA) LTD,2260.0,2328.8,2250.4,2297.8,2256.1,17385
2026-09-23,EKI,EKI ENERGY SERVICES LTD,69.95,82.54,68.03,82.54,68.79,106374
2026-09-23,ELANTAS,ELANTAS BECK INDIA LTD.,14481.0,14510.0,14000.0,14308.0,14410.0,3349
2026-09-23,ELCIDIN,ELCID INVESTMENTS LTD.,105000.0,105900.0,103220.0,105800.0,105000.0,11
2026-09-23,ELDEHSG,ELDECO HSG & IND LTD.,773.8,789.9,771.0,779.75,780.0,423
2026-09-23,ELECON,ELECON ENG. CO. LTD,420.55,476.9,420.1,466.6,420.55,30987016
2026-09-23,EMIL,ELECTRONICS MART IND LTD,194.35,195.89,186.32,191.32,192.61,3823676
2026-09-23,ELECTCAST,ELECTROSTEEL CASTINGS LTD,72.8,74.52,72.55,74.22,72.88,1390274
2026-09-23,ELECTHERM,ELECTROTHERM (I) LTD.,907.0,942.95,898.65,904.65,903.85,14486
2026-09-23,ELGIEQUIP,ELGI EQUIPMENTS LTD,608.9,619.8,606.1,614.7,608.95,252822
2026-09-23,ELGIRUBCO,ELGI RUBBER CO. LTD,58.05,59.88,58.05,59.35,59.77,15662
2026-09-23,ELIN,ELIN ELECTRONICS LIMITED,90.65,91.58,89.2,89.95,90.71,89944
2026-09-23,ELITECON,ELITECON INTERNATIONAL L,9.09,9.17,8.61,9.13,8.74,24189173
2026-09-23,ELLEN,ELLENBARRIE INDUS GASES L,359.6,375.9,357.0,371.3,357.1,714065
2026-09-23,ELPROINTL,ELPRO INTERNATIONAL LTD,171.46,172.89,171.08,171.5,172.24,3459
2026-09-23,EMAMILTD,EMAMI LIMITED,392.05,407.65,389.1,391.45,390.0,4467324
2026-09-23,EMAMIREAL,EMAMI REALTY LIMITED,69.0,71.4,69.0,69.58,68.0,38442
2026-09-23,EMBDL,EMBASSY DEVELOPMENTS LTD,58.78,61.84,57.72,61.22,58.43,4137653
2026-09-23,EMCURE,EMCURE PHARMACEUTICALS L,1955.0,1992.3,1955.0,1981.7,1975.0,37562
2026-09-23,EMKAY,EMKAY GLOBAL FIN SERV LTD,266.75,277.0,262.15,270.6,264.55,45325
2026-09-23,EMMVEE,EMMVEE PHOTOVOLTAIC PWR L,340.8,341.9,327.1,333.1,339.75,2792865
2026-09-23,EMPIND,EMPIRE INDUSTRIES LTD.,1049.9,1080.0,1044.5,1074.8,1038.1,1503
2026-09-23,EMPOWER,EMPOWER INDIA LTD.,2.06,2.06,2.06,2.06,2.16,1644283
2026-09-23,EMSLIMITED,EMS LIMITED,367.2,369.85,363.35,366.35,365.25,125060
2026-09-23,EMUDHRA,EMUDHRA LIMITED,647.0,676.0,630.1,637.8,649.25,966799
2026-09-23,ENDURANCE,ENDURANCE TECHNO. LTD.,2698.0,2745.6,2656.9,2669.6,2693.7,57593
2026-09-23,ENERGYDEV,ENERGY DEVE. CO.LTD,14.55,15.14,14.55,14.71,14.54,22249
2026-09-23,ENGINERSIN,ENGINEERS INDIA LTD,301.4,309.5,292.85,306.2,302.55,11229270
2026-09-23,ENKEIWHEL,ENKEI WHEELS (INDIA) LTD.,393.0,402.0,390.0,399.45,395.2,444
2026-09-23,ENTERO,ENTERO HEALTHCARE SOLU L,1853.9,1867.0,1821.9,1842.5,1841.8,164838
2026-09-23,ENIL,ENTERTAIN NET. IND. LTD.,99.5,100.8,99.15,100.17,99.64,2106
2026-09-23,EIEL,ENVIRO INFRA ENGINEERS L,201.55,206.19,201.34,203.32,201.07,442187
2026-09-23,EPACK,EPACK DURABLE LIMITED,182.0,186.9,181.51,184.82,181.55,348177
2026-09-23,EPACKPEB,EPACK PREFAB TECHN LTD,251.99,257.38,249.85,253.95,250.34,891746
2026-09-23,EPIGRAL,EPIGRAL LIMITED,1105.9,1114.9,1084.2,1093.6,1100.9,27575
2026-09-23,EPL,EPL LIMITED,238.5,240.85,234.2,239.1,236.65,1215471
2026-09-23,EQUITASBNK,EQUITAS SMALL FIN BNK LTD,72.91,74.06,72.05,72.27,72.91,1571676
2026-09-23,ERIS,ERIS LIFESCIENCES LIMITED,1271.2,1285.7,1265.1,1269.9,1271.2,45891
2026-09-23,ESABINDIA,ESAB INDIA LTD,5650.0,5699.0,5590.0,5604.5,5654.5,2657
2026-09-23,ESCORTS,ESCORTS KUBOTA LIMITED,2803.9,2829.0,2784.9,2796.9,2793.6,95760
2026-09-23,ESDS,ESDS SOFTWARE SOLUTION L,1724.85,1811.05,1706.45,1770.7,1724.85,3048927
2026-09-23,ESSARSHPNG,ESSAR SHIPPING LTD,15.61,16.5,15.61,16.38,15.63,214690
2026-09-23,ESTER,ESTER INDUSTRIES LTD,86.51,88.59,86.5,88.32,87.11,25566
2026-09-23,ETERNAL,ETERNAL LIMITED,344.4,344.4,340.55,342.65,342.0,18360484
2026-09-23,ETHOSLTD,ETHOS LIMITED,2657.3,2749.0,2617.6,2660.2,2613.3,84295
2026-09-23,EUREKAFORB,EUREKA FORBES LIMITED,377.4,383.0,376.35,378.45,377.3,125260
2026-09-23,EUROBOND,EURO PANEL PRODUCTS LTD,153.11,157.9,146.34,152.22,153.1,8543
2026-09-23,EUROPRATIK,EURO PRATIK SALES LIMITED,219.8,229.0,218.45,220.15,218.45,330401
2026-09-23,EVEREADY,EVEREADY INDS. IND.  LTD.,329.05,332.0,325.5,328.5,329.05,50486
2026-09-23,EKC,EVEREST KANTO CYLINDERLTD,100.9,119.33,100.9,113.66,100.81,23855254
2026-09-23,EXCELINDUS,EXCEL INDUSTRIES LTD,957.3,973.3,952.1,963.3,952.6,8868
2026-09-23,EXCELSOFT,EXCELSOFT TECHNOLOGIES L,83.96,83.96,80.22,80.94,82.85,457531
2026-09-23,EXICOM,EXICOM TELE SYSTEMS LTD,162.35,171.2,162.35,168.09,161.44,1676574
2026-09-23,EXIDEIND,EXIDE INDUSTRIES LTD,430.05,432.2,423.65,425.95,429.7,1111617
2026-09-23,EXPLEOSOL,EXPLEO SOLUTIONS LIMITED,881.4,883.95,866.75,872.45,877.2,11577
2026-09-23,EXXARO,EXXARO TILES LIMITED,6.27,6.32,6.15,6.27,6.23,67787
2026-09-23,FABTECH,FABTECH TECHNOLOGIES LTD,148.25,149.8,147.01,148.64,147.02,83406
2026-09-23,FACT,FACT LTD,794.75,804.85,792.7,796.7,798.45,133669
2026-09-23,FAZE3Q,FAZE THREE LIMITED,424.0,442.8,424.0,438.05,422.85,13944
2026-09-23,FCSSOFT,FCS SOFTWARE SOLN. LTD.,1.38,1.39,1.36,1.36,1.38,1939753
2026-09-23,FDC,FDC LIMITED,356.5,357.8,349.0,349.95,356.5,128884
2026-09-23,FEDFINA,FEDBANK FINANCIAL SER L,153.4,156.0,151.14,153.42,152.14,1046301
2026-09-23,FEDDERSHOL,FEDDERS HOLDING LTD.,65.11,69.75,60.71,67.22,64.8,32953487
2026-09-23,FEDERALBNK,FEDERAL BANK LTD,328.45,331.3,325.25,331.3,327.0,5137220
2026-09-23,FMGOETZE,FEDERAL-MOGUL GOETZE (IND,448.5,459.5,445.1,453.55,446.75,200283
2026-09-23,FERMENTA,FERMENTA BIOTECH LTD.,470.3,490.0,470.3,475.5,470.6,69810
2026-09-23,FIBERWEB,FIBERWEB INDIA LIMITED,26.0,26.89,26.0,26.48,26.14,5470
2026-09-23,FIEMIND,FIEM INDUSTRIES LIMITED,1907.1,1938.0,1897.0,1924.5,1906.7,67467
2026-09-23,FILATFASH,FILATEX FASHIONS LIMITED,0.18,0.18,0.17,0.18,0.17,12407028
2026-09-23,FILATEX,FILATEX INDIA LTD,101.24,111.5,100.61,108.72,101.07,19496415
2026-09-23,FINEORG,FINE ORGANIC IND. LTD.,5175.0,5189.0,5063.0,5096.5,5159.5,15254
2026-09-23,FCL,FINEOTEX CHEMICAL LIMITED,57.2,58.09,56.2,56.81,57.39,12216676
2026-09-23,FINKURVE,FINKURVE FINANCIAL SERV L,71.69,71.7,69.5,70.12,70.39,35900
2026-09-23,FINOPB,FINO PAYMENTS BANK LTD,132.0,134.29,132.0,132.68,133.02,272069
2026-09-23,FINCABLES,FINOLEX CABLES LTD,1475.0,1488.4,1441.0,1470.2,1468.1,594101
2026-09-23,FINPIPE,FINOLEX INDUSTRIES LTD,152.95,155.95,152.05,154.16,152.94,604745
2026-09-23,FSL,FIRSTSOURCE SOLU. LTD.,267.0,271.75,267.0,267.85,269.5,443067
2026-09-23,FISCHER,FISCHER MEDICAL VENTURE L,33.2,36.15,33.13,35.03,32.95,2948354
2026-09-23,FIVESTAR,FIVE-STAR BUS FIN LTD,524.5,552.0,524.5,549.7,524.85,871098
2026-09-23,FLAIR,FLAIR WRITING INDUST LTD,241.5,246.2,232.5,240.79,241.29,94056
2026-09-23,FOODSIN,FOODS & INNS LIMITED,53.03,54.19,53.03,53.41,53.83,207867
2026-09-23,FORCEMOT,FORCE MOTORS LIMITED,17395.0,17469.0,17304.0,17352.0,17275.0,31775
2026-09-23,FORTIS,FORTIS HEALTHCARE LTD,895.0,898.4,887.4,894.0,896.55,989288
2026-09-23,FOSECOIND,FOSECO INDIA LTD,6630.0,6704.5,6531.5,6555.0,6562.0,11166
2026-09-23,FRACTAL,FRACTAL ANALYTICS LIMITED,763.0,768.8,756.5,761.65,761.4,256784
2026-09-23,FREDUN,FREDUN PHARMACEUTICALS L,1409.0,1410.0,1385.1,1394.0,1382.6,52582
2026-09-23,FRONTSP,FRONTIER SPRINGS LTD.,1175.4,1394.6,1175.4,1394.6,1162.2,353549
2026-09-23,NYKAA,FSN E COMMERCE VENTURES,333.55,340.85,332.05,340.85,333.55,2246914
2026-09-23,UTLSOLAR,FUJIYAMA POWER SYSTEMS L,438.0,461.0,431.0,446.1,434.6,253333
2026-09-23,FUSION,FUSION FINANCE LIMITED,184.6,186.9,183.03,184.2,183.6,157826
2026-09-23,FMNL,FUTURE MKT NETWORKS LTD,8.49,8.64,8.01,8.1,8.43,492846
2026-09-23,GMBREW,G M BREWERIES LTD,948.05,973.0,945.1,968.3,948.05,49050
2026-09-23,GRINFRA,G R INFRAPROJECTS LIMITED,808.2,827.8,808.2,825.65,805.15,28505
2026-09-23,GTECJAINX,G-TEC JAINX EDUCATION LTD,29.3,29.3,26.55,28.07,28.43,7134
2026-09-23,GABRIEL,GABRIEL INDIA LTD,1475.5,1494.9,1417.3,1428.1,1471.4,1533195
2026-09-23,GAIL,GAIL (INDIA) LTD,172.48,173.79,172.0,172.95,171.84,3320082
2026-09-23,GAJA,GAJA ALT ASSET MGT LTD,158.6,158.6,148.41,150.04,159.34,1964327
2026-09-23,GALAPREC,GALA PRECISION ENG LTD,1066.5,1175.0,1064.0,1164.2,1058.0,143631
2026-09-23,GALAXYSURF,GALAXY SURFACTANTS LTD,2210.6,2241.0,2182.6,2222.0,2188.0,17378
2026-09-23,GALLANTT,GALLANTT ISPAT LIMITED,541.1,562.7,541.1,556.45,545.7,71669
2026-09-23,GANDHAR,GANDHAR OIL REFINE IND L,269.0,274.0,266.5,268.4,269.05,365423
2026-09-23,GANDHITUBE,GANDHI SPL. TUBES LTD,1014.0,1024.0,990.0,995.05,1003.2,27224
2026-09-23,GANESHCP,GANESH CONSUMER PRODUCT L,167.43,168.07,163.75,164.48,166.59,120311
2026-09-23,GANESHHOU,GANESH HOUSING LIMITED,736.95,751.0,736.8,746.1,736.8,12216
2026-09-23,GANECOS,GANESHA ECOSPHERE LIMITED,998.4,1040.0,998.4,1036.6,998.4,48904
2026-09-23,GANGAFORGE,GANGA FORGING LIMITED,1.57,1.58,1.54,1.55,1.57,2172488
2026-09-23,GANGESSECU,GANGES SECURITIES LIMITED,114.32,117.0,114.3,115.63,115.04,344
2026-09-23,GRSE,GARDEN REACH SHIP&ENG LTD,2407.0,2415.3,2376.0,2380.6,2399.7,190681
2026-09-23,GARUDA,GARUDA CONSTRUCT N ENG L,183.45,187.6,181.5,184.48,181.56,811718
2026-09-23,GRWRHITECH,GARWARE HI-TECH FILMS LTD,6366.5,6666.0,6240.0,6537.5,6366.5,105577
2026-09-23,GARFIBRES,GARWARE TECH FIBRES LTD,800.45,806.45,783.0,787.15,800.45,19548
2026-09-23,GATEWAY,GATEWAY DISTRIPARKS LTD,52.28,52.94,52.1,52.67,52.28,372655
2026-09-23,GAUDIUMIVF,GAUDIUM IVF N WOMEN H L,109.12,119.4,109.12,117.69,111.35,430439
2026-09-23,GAYAHWS,GAYATRI HIGHWAYS LIMITED,1.92,1.92,1.87,1.88,1.9,156707
2026-09-23,GAYAPROJ,GAYATRI PROJECTS LTD,23.9,24.36,23.0,24.17,23.68,858564
2026-09-23,GVPIL,GE POWER INDIA LIMITED,685.0,694.05,666.0,686.3,673.1,180685
2026-09-23,GVT&D,GE VERNOVA T&D INDIA LTD,4381.0,4433.0,4335.2,4417.0,4348.0,566900
2026-09-23,GEEKAYWIRE,GEEKAY WIRES LIMITED,32.85,33.98,31.1,33.25,32.73,471955
2026-09-23,GEMAROMA,GEM AROMATICS LIMITED,153.62,157.0,152.86,154.94,153.72,54609
2026-09-23,GICRE,GENERAL INS CORP OF INDIA,341.7,345.75,341.5,344.15,341.2,284469
2026-09-23,GENCON,GENERIC ENG CONS PROJ LTD,39.16,40.29,39.11,39.31,39.84,237708
2026-09-23,GENESYS,GENESYS INTL CORPN LTD,280.1,283.8,274.61,281.62,280.1,396510
2026-09-23,GENUSPAPER,GENUS P&B LIMITED,11.2,11.57,11.2,11.34,11.28,60793
2026-09-23,GENUSPOWER,GENUS POWER INFRASTRU LTD,310.0,312.4,306.1,308.35,309.45,967695
2026-09-23,GEOJITFSL,GEOJIT FINANCIAL SER L,80.8,83.12,80.8,81.98,80.64,263464
2026-09-23,GFLLIMITED,GFL LIMITED,56.0,58.49,56.0,56.74,56.95,36697
2026-09-23,GHCL,GHCL LIMITED,426.9,432.45,422.15,424.0,420.3,108262
2026-09-23,GHCLTEXTIL,GHCL TEXTILES LIMITED,134.89,137.0,134.25,134.61,133.92,479396
2026-09-23,GICHSGFIN,GIC HOUSING FINANCE LTD,139.0,139.79,138.16,139.48,138.86,55197
2026-09-23,GILLANDERS,GILLANDERS ARBUTHNOT LTD,105.0,106.0,103.02,104.91,105.0,4202
2026-09-23,GILLETTE,GILLETTE INDIA LTD,7009.0,7113.0,6970.0,7094.0,7009.0,29337
2026-09-23,GKENERGY,GK ENERGY LIMITED,129.0,129.46,126.41,127.14,127.77,264474
2026-09-23,GKB,GKB OPHTHALMICS LTD.,66.38,70.52,66.38,69.73,68.37,10666
2026-09-23,GKWLIMITED,GKW LIMITED,1608.0,1608.8,1599.0,1605.0,1565.4,238
2026-09-23,GLAND,GLAND PHARMA LIMITED,2913.0,2938.8,2888.1,2910.2,2916.6,160041
2026-09-23,GLASSWALL,GLASS WALL SYSTEM (I) LTD,309.99,314.29,278.37,286.41,309.29,35196312
2026-09-23,GLAXO,GLAXOSMITHKLINE PHARMA LT,2859.6,2922.0,2839.9,2876.9,2873.6,167009
2026-09-23,GLENMARK,GLENMARK PHARMACEUTICALS,2472.0,2482.6,2453.6,2475.0,2461.4,597118
2026-09-23,GLOBAL,GLOBAL EDUCATION LIMITED,134.2,135.6,131.0,134.45,132.23,318189
2026-09-23,MEDANTA,GLOBAL HEALTH LIMITED,1495.3,1499.0,1475.5,1496.1,1487.8,78256
2026-09-23,GSLSU,GLOBAL SURFACES LIMITED,32.0,32.45,31.51,32.43,30.91,82751
2026-09-23,GLOBALVECT,GLOBAL VEC HELICORP LTD,137.41,139.0,134.25,137.46,133.41,6493
2026-09-23,GLOBALE,GLOBALE TESSILE LIMITED,11.13,11.41,10.61,11.34,11.15,4225
2026-09-23,GLOBECIVIL,GLOBE CIVIL PROJECTS LTD,44.0,45.0,43.0,44.18,43.66,24584
2026-09-23,GLOBE,GLOBE ENTERPRISE (I) LTD,2.27,2.44,2.17,2.24,2.22,1630865
2026-09-23,GLOBUSSPR,GLOBUS SPIRITS LTD,821.3,835.0,821.3,829.1,821.3,60628
2026-09-23,GLOSTERLTD,GLOSTER LIMITED,562.0,580.0,562.0,578.0,572.15,847
2026-09-23,GLOTTIS,GLOTTIS LIMITED,57.25,58.5,57.25,58.1,57.41,52488
2026-09-23,GMMPFAUDLR,GMM PFAUDLER LIMITED,1470.9,1486.0,1425.6,1432.6,1462.3,245810
2026-09-23,GMRAIRPORT,GMR AIRPORTS LIMITED,98.58,99.14,97.98,99.14,98.35,12088650
2026-09-23,GMRP&UI,GMR POW AND URBAN INFRA L,94.6,100.12,94.5,98.13,95.26,3658751
2026-09-23,GNA,GNA AXLES LIMITED,561.7,601.0,550.6,596.65,561.65,3594624
2026-09-23,EBGNG,GNG ELECTRONICS LIMITED,698.8,730.0,697.3,715.15,692.3,1292762
2026-09-23,GODIGIT,GO DIGIT GENERAL INS LTD,240.2,245.6,239.3,245.0,241.85,267080
2026-09-23,GOCOLORS,GO FASHION INDIA LTD,308.0,323.95,308.0,317.55,307.9,89102
2026-09-23,GOACARBON,GOA CARBON LIMITED,381.2,409.0,381.2,402.35,386.9,35405
2026-09-23,GOCLCORP,GOCL CORPORATION LIMITED,407.75,413.8,389.15,392.75,411.05,281400
2026-09-23,GODAVARIB,GODAVARI BIOREFINERIES L,244.3,244.9,238.05,239.43,243.4,49964
2026-09-23,GPIL,GODAWARI POW & ISP LTD,232.89,236.8,232.89,234.68,232.89,1428181
2026-09-23,GODFRYPHLP,GODFREY PHILLIPS INDIA LT,1979.9,2019.1,1977.8,2003.0,1970.0,144961
2026-09-23,GODREJAGRO,GODREJ AGROVET LIMITED,654.0,674.95,653.9,670.05,653.9,175495
2026-09-23,GODREJCP,GODREJ CONSUMER PRODUCTS,871.5,883.65,871.5,879.75,873.6,515092
2026-09-23,GODREJIND,GODREJ INDUSTRIES LTD,1099.6,1117.0,1094.7,1106.0,1099.6,35933
2026-09-23,GODREJPROP,GODREJ PROPERTIES LTD,1700.9,1720.0,1700.9,1707.6,1699.5,307495
2026-09-23,GOKEX,GOKALDAS EXPORTS LTD.,698.0,717.2,698.0,710.25,695.05,255593
2026-09-23,GOKULAGRO,GOKUL AGRO RESOURCES LTD,220.12,229.0,220.12,225.81,221.15,260169
2026-09-23,GOKUL,GOKUL REFOILS & SOLV LTD,40.59,41.39,39.62,40.42,40.4,163693
2026-09-23,GOLDIAM,GOLDIAM INTERNATIONAL LTD,322.0,333.5,321.45,332.6,319.8,477829
2026-09-23,GOODLUCK,GOODLUCK INDIA LIMITED,546.1,552.0,533.75,537.1,538.05,928120
2026-09-23,GOODYEAR,GOODYEAR INDIA LIMITED,707.05,719.6,705.05,709.7,706.25,5945
2026-09-23,GOPAL,GOPAL SNACKS LIMITED,260.0,274.75,257.0,262.45,258.35,345990
2026-09-23,GOYALALUM,GOYAL ALUMINIUMS LIMITED,6.09,6.49,5.52,5.92,5.97,230349
2026-09-23,GPTHEALTH,GPT HEALTHCARE LIMITED,162.79,166.0,160.35,161.5,162.79,65970
2026-09-23,GPTINFRA,GPT INFRAPROJECTS LTD,118.99,119.94,115.45,116.29,118.16,148368
2026-09-23,GRANDOAK,GRAND OAK CANYONS DIST L,34.7,35.18,34.0,35.06,33.6,4167
2026-09-23,GRANULES,GRANULES INDIA LIMITED,861.95,873.95,857.35,860.25,864.05,394983
2026-09-23,GRAPHITE,GRAPHITE INDIA LTD,832.0,853.2,815.0,821.0,827.75,2358335
2026-09-23,GRASIM,GRASIM INDUSTRIES LTD,3138.0,3190.0,3127.1,3188.5,3128.2,411551
2026-09-23,GRAUWEIL,GRAUER & WEIL IND LTD,83.48,87.6,82.6,86.18,83.24,1342329
2026-09-23,GRAVITA,GRAVITA INDIA LIMITED,1571.0,1583.0,1554.5,1561.1,1564.9,358210
2026-09-23,GREAVESCOT,GREAVES COTTON LTD.,198.75,209.2,197.51,206.01,199.67,2224825
2026-09-23,GREENLAM,GREENLAM INDUSTRIES LTD.,225.07,229.19,223.08,227.83,226.17,41627
2026-09-23,GREENPANEL,GREENPANEL INDUSTRIES LTD,171.0,171.54,167.69,169.08,170.18,112565
2026-09-23,GREENPLY,GREENPLY INDUSTRIES LTD,296.95,306.8,296.1,298.4,296.65,423550
2026-09-23,GCSL,GRETEX CORPORATE SERVICES,643.0,649.0,638.55,642.7,639.2,431390
2026-09-23,GRINDWELL,GRINDWELL NORTON LIMITED,1942.2,1999.4,1942.0,1977.6,1941.9,22292
2026-09-23,GRMOVER,GRM OVERSEAS LIMITED,80.25,82.2,80.25,81.54,80.59,917723
2026-09-23,CEMNTGROWW,GROWWAMC - CEMNTGROWW,14.3,14.38,14.08,14.28,14.3,44323
2026-09-23,GROWWCAPM,GROWWAMC - GROWWCAPM,11.19,11.39,11.07,11.29,11.16,311014
2026-09-23,GROWWCHEM,GROWWAMC - GROWWCHEM,28.53,29.9,28.53,29.6,29.27,29661
2026-09-23,GROWWDEFNC,GROWWAMC - GROWWDEFNC,95.21,95.21,93.77,94.32,94.27,134196
2026-09-23,GROWWEV,GROWWAMC - GROWWEV,31.41,31.75,31.3,31.5,31.41,202614
2026-09-23,GROWWGOLD,GROWWAMC - GROWWGOLD,14.75,14.85,14.72,14.74,14.75,1202515
2026-09-23,GROWWHOSPI,GROWWAMC - GROWWHOSPI,52.85,53.5,52.44,53.2,52.85,121823
2026-09-23,GROWWLIQID,GROWWAMC - GROWWLIQID,110.86,110.87,110.86,110.86,110.84,212148
2026-09-23,GROWWLOVOL,GROWWAMC - GROWWLOVOL,10.32,10.32,10.1,10.19,10.18,7317
2026-09-23,GROWWMC150,GROWWAMC - GROWWMC150,227.0,230.65,227.0,230.65,227.56,3762
2026-09-23,GROWWMETAL,GROWWAMC - GROWWMETAL,12.36,12.67,12.36,12.6,12.36,542690
2026-09-23,GROWWMOM50,GROWWAMC - GROWWMOM50,10.88,10.94,10.83,10.92,10.88,41322
2026-09-23,GROWWN200,GROWWAMC - GROWWN200,11.27,11.27,11.04,11.15,11.05,29199
2026-09-23,GROWWNET,GROWWAMC - GROWWNET,11.21,11.57,11.05,11.15,11.11,402523
2026-09-23,GROWWNIFTY,GROWWAMC - GROWWNIFTY,9.47,9.58,9.41,9.51,9.47,521396
2026-09-23,GROWWNXT50,GROWWAMC - GROWWNXT50,72.28,73.25,70.52,72.02,71.52,26606
2026-09-23,GROWWPOWER,GROWWAMC - GROWWPOWER,11.18,11.23,11.11,11.16,11.17,937400
2026-09-23,GROWWPSE,GROWWAMC - GROWWPSE,96.99,98.0,95.97,96.84,96.99,10511
2026-09-23,GROWWPSUBK,GROWWAMC - GROWWPSUBK,80.57,84.5,80.57,83.6,82.64,5332
2026-09-23,GROWWRAIL,GROWWAMC - GROWWRAIL,27.2,27.27,27.0,27.07,27.16,297097
2026-09-23,GROWWRLTY,GROWWAMC - GROWWRLTY,9.76,9.82,9.64,9.74,9.56,255255
2026-09-23,GROWWSC250,GROWWAMC - GROWWSC250,10.54,10.63,10.51,10.62,10.54,121793
2026-09-23,GROWWSLVR,GROWWAMC - GROWWSLVR,22.84,22.92,22.53,22.57,22.56,1279570
2026-09-23,PVTBKGROWW,GROWWAMC - PVTBKGROWW,27.14,28.32,27.14,28.03,27.39,11550
2026-09-23,SMALLGROWW,GROWWAMC - SMALLGROWW,48.84,49.5,48.84,49.47,48.84,5404
2026-09-23,GRPLTD,GRP LIMITED,2000.0,2009.9,1985.1,2001.2,2000.0,244
2026-09-23,GSPCROP,GSP CROP SCIENCE LIMITED,487.95,498.8,486.35,488.85,484.9,242198
2026-09-23,GSS,GSS INFOTECH LIMITED,10.17,10.89,10.17,10.51,10.54,12957
2026-09-23,GTLINFRA,GTL INFRA.LTD,1.12,1.15,1.12,1.14,1.12,17742687
2026-09-23,GTL,GTL LTD,7.05,7.09,6.98,7.03,6.99,121517
2026-09-23,GTPL,GTPL HATHWAY LIMITED,55.61,56.7,54.86,56.07,55.06,28237
2026-09-23,GUFICBIO,GUFIC BIOSCIENCES LTD.,443.05,446.8,431.45,437.45,442.15,87869
2026-09-23,GIPCL,GUJ IND POW CO. LTD,187.36,195.08,185.69,191.64,186.92,488506
2026-09-23,GNFC,GUJ NAR VAL FER & CHEM L,601.0,628.1,594.55,623.05,598.7,1894770
2026-09-23,GSFC,GUJ STATE FERT & CHEM LTD,152.79,157.79,151.81,155.34,152.19,1011816
2026-09-23,GUJAPOLLO,GUJ. APOLLO IND. LTD.,344.95,344.95,336.5,336.95,337.4,3229
2026-09-23,GUJALKALI,GUJARAT ALKALIES & CHEM,626.9,634.9,625.0,633.0,626.55,44404
2026-09-23,GAEL,GUJARAT AMBUJA EXPORTS LT,157.5,165.0,157.41,163.19,157.08,947394
2026-09-23,GUJENERGY,GUJARAT ENERGY LIMITED,231.0,238.74,229.78,237.32,230.4,1653518
2026-09-23,FLUOROCHEM,GUJARAT FLUOROCHEM LTD,4487.2,4529.0,4460.0,4476.4,4487.2,28976
2026-09-23,GKSL,GUJARAT KIDNEY N SUP SP L,176.03,180.45,175.0,177.71,175.17,561223
2026-09-23,GLFL,GUJARAT LEASE FINANCING L,4.85,5.25,4.85,5.09,5.09,3499
2026-09-23,GMDCLTD,GUJARAT MINERAL DEV CORP,557.0,561.85,554.7,556.7,563.65,588607
2026-09-23,GNRL,GUJARAT NATURAL RES L,98.6,99.6,95.0,98.07,98.42,1665342
2026-09-23,GPPL,GUJARAT PIPAVAV PORT LTD,165.23,166.35,163.7,164.12,164.41,658410
2026-09-23,GUJRAFFIA,GUJARAT RAFFIA INDUST LTD,39.21,41.38,39.2,40.0,39.21,5157
2026-09-23,GUJTHEM,GUJARAT THEMIS BIOSYN LTD,411.75,418.0,408.0,410.75,411.65,865520
2026-09-23,GULFOILLUB,GULF OIL LUB. IND. LTD.,1048.0,1104.3,1048.0,1098.7,1050.9,68465
2026-09-23,GULPOLY,GULSHAN POLYOLS LIMITED,174.54,177.01,173.03,174.22,173.1,63175
2026-09-23,GYFTR,GYFTR LIMITED,169.8,170.48,166.46,168.03,168.5,48837
2026-09-23,HBESD,H B ESTATE DEVELOPERS L,71.0,71.0,70.55,70.65,70.52,246
2026-09-23,HGINFRA,H.G.INFRA ENGINEERING LTD,444.0,452.8,444.0,450.7,444.45,46742
2026-09-23,HALDER,HALDER VENTURE LIMITED,278.65,283.75,260.0,266.15,277.3,60410
2026-09-23,HALEOSLABS,HALEOS LABS LIMITED,1533.0,1554.0,1488.4,1510.7,1500.0,1188
2026-09-23,HAMPTON,HAMPTON SKY REALTY LTD.,8.17,8.45,8.0,8.09,8.17,10823
2026-09-23,HGM,HANDSON GBL MNGMNT LTD,42.66,43.45,42.0,42.64,42.66,7787
2026-09-23,HAPPSTMNDS,HAPPIEST MINDS TECHNO LTD,316.2,320.8,313.85,317.7,313.4,632423
2026-09-23,HAPPYFORGE,HAPPY FORGINGS LIMITED,2108.5,2138.9,2091.1,2099.8,2108.5,82497
2026-09-23,HARDWYN,HARDWYN INDIA LIMITED,9.1,9.28,9.05,9.22,9.09,619192
2026-09-23,HARIOMPIPE,HARIOM PIPE INDUSTRIES L,361.85,367.45,355.8,357.2,361.85,113058
2026-09-23,HRYNSHP,HARIYANA SHIP BREAKERS L,99.85,101.9,98.15,99.52,99.85,332
2026-09-23,HARRMALAYA,HARRISON MALAYALAM LTD,180.0,182.68,176.1,178.03,176.66,13996
2026-09-23,HARSHA,HARSHA ENGINEERS INT LTD,469.55,474.0,461.55,464.5,465.1,97147
2026-09-23,HATHWAY,HATHWAY CABLE & DATACOM,9.95,10.15,9.95,10.1,9.99,1433477
2026-09-23,HATSUN,HATSUN AGRO PRODUCT LTD.,1169.2,1184.3,1148.1,1155.7,1168.0,23574
2026-09-23,HAVELLS,HAVELLS INDIA LIMITED,1091.1,1098.0,1086.1,1096.5,1088.9,492115
2026-09-23,HAWKINCOOK,HAWKINS COOKERS LTD,7971.5,8130.0,7971.5,7992.0,8009.5,1600
2026-09-23,HAZOOR,HAZOOR MULTI PROJECTS LTD,19.27,19.3,19.05,19.05,19.11,113893
2026-09-23,HBPOR,HB PORTFOLIO LTD.,61.99,62.0,61.99,62.0,61.99,37
2026-09-23,HBSL,HB STOCKHOLDINGS LIMITED,55.26,56.5,54.99,55.68,54.45,3738
2026-09-23,HBLENGINE,HBL ENGINEERING LTD,769.8,786.4,758.6,764.35,767.15,1528909
2026-09-23,HCL-INSYS,HCL INFOSYSTEMS LTD,10.94,11.1,10.73,10.93,10.79,306094
2026-09-23,HCLTECH,HCL TECHNOLOGIES LTD,1270.0,1279.8,1250.0,1256.7,1270.4,2724431
2026-09-23,HDBFS,HDB FINANCIAL SERVICES L,674.0,678.15,669.8,670.8,674.55,233723
2026-09-23,HDFCAMC,HDFC AMC LIMITED,2426.4,2454.0,2426.0,2448.3,2430.0,266881
2026-09-23,HDFCBANK,HDFC BANK LTD,735.65,742.8,734.0,737.25,738.6,23197231
2026-09-23,HDFCGOLD,HDFC GOLD ETF,129.26,129.65,128.81,128.94,129.26,2356873
2026-09-23,HDFCLIFE,HDFC LIFE INS CO LTD,561.9,565.5,556.4,561.5,559.2,2018805
2026-09-23,HDFCBSE500,HDFCAMC - HDFCBSE500,36.96,36.97,36.75,36.92,36.79,1349938
2026-09-23,HDFCGROWTH,HDFCAMC - HDFCGROWTH,114.04,114.75,113.67,114.12,114.34,6815
2026-09-23,HDFCLIQUID,HDFCAMC - HDFCLIQUID,1079.06,1079.06,1079.04,1079.06,1078.92,13088
2026-09-23,HDFCLOWVOL,HDFCAMC - HDFCLOWVOL,20.05,20.05,19.93,19.93,19.96,836
2026-09-23,HDFCMID150,HDFCAMC - HDFCMID150,23.2,23.29,23.14,23.25,23.16,250079
2026-09-23,HDFCMOMENT,HDFCAMC - HDFCMOMENT,30.68,30.97,30.6,30.87,30.69,65064
2026-09-23,HDFCNEXT50,HDFCAMC - HDFCNEXT50,73.67,74.2,73.66,74.12,73.66,32428
2026-09-23,HDFCNIF100,HDFCAMC - HDFCNIF100,25.42,25.51,25.36,25.45,25.31,70609
2026-09-23,HDFCNIFBAN,HDFCAMC - HDFCNIFBAN,58.03,58.32,58.02,58.14,58.03,277775
2026-09-23,HDFCNIFIT,HDFCAMC - HDFCNIFIT,30.97,30.97,30.1,30.26,30.49,145162
2026-09-23,HDFCNIFTY,HDFCAMC - HDFCNIFTY,270.56,270.56,263.62,264.65,263.97,109200
2026-09-23,HDFCNIMEG,HDFCAMC - HDFCNIMEG,131.28,132.99,131.05,132.45,129.68,13650
2026-09-23,HDFCPVTBAN,HDFCAMC - HDFCPVTBAN,28.01,28.05,27.86,27.95,27.88,111094
2026-09-23,HDFCQUAL,HDFCAMC - HDFCQUAL,57.09,57.19,56.9,56.93,56.82,4383
2026-09-23,HDFCSENSEX,HDFCAMC - HDFCSENSEX,85.18,85.23,84.54,85.0,84.8,31734
2026-09-23,HDFCSILVER,HDFCAMC - HDFCSILVER,222.35,223.45,219.74,220.13,220.07,1789966
2026-09-23,HDFCSML250,HDFCAMC - HDFCSML250,184.91,186.39,183.98,185.99,183.98,1260149
2026-09-23,HDFCVALUE,HDFCAMC - HDFCVALUE,121.26,122.39,121.26,122.17,121.26,6856
2026-09-23,HDFCPSUBK,HDFCAMC HDFCPSUBK,83.03,84.7,83.03,84.34,83.44,30982
2026-09-23,HEADSUP,HEADS UP VENTURES LIMITED,6.75,6.88,6.61,6.77,6.77,5722
2026-09-23,HEALTHX,HEALTH X PLATFORM LIMITED,290.0,299.8,290.0,293.3,289.4,3099
2026-09-23,HCG,HEALTHCARE GLOB. ENT. LTD,713.1,723.25,706.2,712.7,713.1,81683
2026-09-23,HECPROJECT,HEC INFRA PROJECTS LTD,115.69,117.5,114.0,115.42,115.68,6902
2026-09-23,HEGAM,HEG ADVANCED MATERIAL LTD,233.0,240.95,232.2,237.3,232.9,1038595
2026-09-23,HEIDELBERG,HEIDELBERGCEMENT (I) LTD,142.1,142.1,140.94,141.58,141.13,82223
2026-09-23,HEMIPROP,HEMISPHERE PROP IND LTD,119.5,122.28,119.31,120.91,119.16,162616
2026-09-23,HERANBA,HERANBA INDUSTRIES LTD,167.68,172.96,167.46,171.49,166.47,23980
2026-09-23,HERITGFOOD,HERITAGE FOODS LTD,414.4,427.0,411.15,424.05,414.7,338968
2026-09-23,HEROMOTOCO,HERO MOTOCORP LIMITED,5395.0,5448.5,5365.0,5394.0,5373.0,304703
2026-09-23,HEROMOTORS,HERO MOTORS LIMITED,82.0,98.4,80.5,98.4,84.0,139842838
2026-09-23,HESTERBIO,HESTER BIOSCIENCES LTD,2178.0,2261.2,2177.4,2241.8,2178.7,1601
2026-09-23,HEXATRADEX,HEXA TRADEX LIMITED,158.81,160.0,158.35,158.95,158.81,682
2026-09-23,HEXT,HEXAWARE TECHNOLOGIES LTD,504.8,509.3,498.25,500.0,504.2,124075
2026-09-23,HITECH,HI-TECH PIPES LIMITED,74.57,76.49,74.57,75.86,74.62,331801
2026-09-23,HILINFRA,HIGHWAY INFRASTRUCTURE L,43.7,43.88,43.2,43.56,43.26,59582
2026-09-23,HIKAL,HIKAL LIMITED,229.0,240.88,227.1,232.43,227.0,1322731
2026-09-23,HILTON,HILTON METAL FORGING LTD,16.59,17.05,16.5,16.73,16.59,104278
2026-09-23,HSCL,HIMADRI SPECIALITY CHEM L,672.0,674.45,666.4,667.75,669.45,1372793
2026-09-23,HIMATSEIDE,HIMATSINGKA SEIDE LTD,63.6,68.38,63.41,67.87,63.21,1480818
2026-09-23,HINDALUMI,HIND ALUMINIUM INDS. LTD.,94.5,95.0,92.0,93.78,94.08,3123
2026-09-23,HINDALCO,HINDALCO  INDUSTRIES  LTD,979.5,1003.8,978.2,1003.8,973.0,5158521
2026-09-23,HINDCON,HINDCON CHEMICALS LIMITED,24.56,25.4,24.56,25.21,24.73,28851
2026-09-23,HPIL,HINDPRAKASH INDUSTRY LTD,116.6,121.5,115.11,116.49,118.71,2443
2026-09-23,HGS,HINDUJA GLOBAL SOLS. LTD.,379.65,384.0,376.1,378.5,379.65,20489
2026-09-23,HINDADH,HINDUSTAN ADHESIVES LTD.,386.7,387.95,377.3,380.4,384.45,5308
2026-09-23,HAL,HINDUSTAN AERONAUTICS LTD,4810.0,4849.0,4802.0,4836.0,4800.0,432866
2026-09-23,HINDCOMPOS,HINDUSTAN COMPOSITES LTD.,376.55,393.8,376.55,389.1,376.55,5952
2026-09-23,HCC,HINDUSTAN CONSTRUCTION CO,21.75,22.29,21.66,22.17,21.67,11996406
2026-09-23,HINDCOPPER,HINDUSTAN COPPER LTD,513.0,521.3,509.4,513.0,508.2,6140632
2026-09-23,HNDFDS,HINDUSTAN FOODS LIMITED,622.0,625.0,612.15,621.1,622.15,44647
2026-09-23,HINDOILEXP,HINDUSTAN OIL EXPLORATION,174.43,178.63,173.0,173.58,174.83,350306
2026-09-23,HINDPETRO,HINDUSTAN PETROLEUM CORP,362.5,364.65,358.0,360.0,360.7,1968247
2026-09-23,HINDUNILVR,HINDUSTAN UNILEVER LTD.,1938.0,1954.0,1936.0,1950.0,1933.8,870342
2026-09-23,HINDZINC,HINDUSTAN ZINC LIMITED,596.0,602.8,592.55,595.45,590.5,4064936
2026-09-23,HINDWAREAP,HINDWARE HME INOVATON LTD,174.77,181.9,174.77,177.02,174.77,132825
2026-09-23,HIRECT,HIRECT LIMITED,1245.0,1259.0,1230.1,1239.9,1242.2,19164
2026-09-23,HISARMETAL,HISAR METAL IND. LIMITED,156.0,157.85,155.85,156.13,156.05,226
2026-09-23,POWERINDIA,HITACHI ENERGY INDIA LTD,31565.0,31660.0,31050.0,31150.0,31415.0,67887
2026-09-23,HLEGLAS,HLE GLASCOAT LIMITED,433.0,459.95,422.45,446.85,445.75,611311
2026-09-23,HLVLTD,HLV LIMITED,6.44,6.71,6.33,6.59,6.4,217455
2026-09-23,HMAAGRO,HMA AGRO INDUSTRIES LTD,23.91,23.96,23.48,23.61,23.72,1717160
2026-09-23,HOMEFIRST,HOME FIRST FIN CO IND LTD,1200.4,1217.3,1198.0,1205.8,1212.5,41253
2026-09-23,HONASA,HONASA CONSUMER LIMITED,476.0,488.0,474.0,484.9,473.65,712921
2026-09-23,HONDAPOWER,HONDA I POWER PRODUCT LTD,1910.4,1935.0,1910.0,1931.7,1916.5,1632
2026-09-23,HONAUT,HONEYWELL AUTOMATION IND,34050.0,34500.0,33700.0,34275.0,34025.0,3275
2026-09-23,HORIZONIND,HORIZON INDUSTRIAL PRKS L,52.8,53.65,52.7,53.28,52.76,2893202
2026-09-23,HPAL,HP ADHESIVES LIMITED,35.26,36.85,35.05,35.65,35.39,35795
2026-09-23,HPL,HPL ELECTRIC & POWER LTD,280.0,286.0,279.0,280.55,279.85,116184
2026-09-23,HSBCGOLD,HSBCAMC - HSBCGOLD,132.0,132.68,131.0,131.04,131.14,3303
2026-09-23,HUDCO,HSG & URBAN DEV CORPN LTD,172.4,179.2,172.4,177.92,172.4,2918388
2026-09-23,HTMEDIA,HT MEDIA LIMITED,23.85,25.4,23.69,24.86,24.45,74352
2026-09-23,HUBTOWN,HUBTOWN LIMITED,175.0,180.39,175.0,177.35,175.61,242204
2026-09-23,HUHTAMAKI,HUHTAMAKI INDIA LIMITED,244.1,251.9,242.85,250.0,246.55,102814
2026-09-23,HTEL,HY-TECH ENGINEERS LIMITED,72.5,72.79,70.7,71.27,70.96,1149415
2026-09-23,HYUNDAI,HYUNDAI MOTOR INDIA LTD,2110.8,2110.8,2077.0,2095.0,2101.0,358724
2026-09-23,IGPL,I G PETROCHEMICALS LTD,560.0,591.9,557.0,588.95,563.4,237014
2026-09-23,ISTLTD,I S T LTD.,650.2,666.0,648.95,655.0,675.75,335
2026-09-23,ICEMAKE,ICE MAKE REFRIGERAT LTD,700.0,710.95,696.0,699.45,702.1,17987
2026-09-23,ICICIBANK,ICICI BANK LTD.,1339.9,1344.5,1333.5,1340.0,1339.6,4758314
2026-09-23,ICICIGI,ICICI LOMBARD GIC LIMITED,1482.6,1505.0,1482.3,1500.6,1480.0,708998
2026-09-23,LOWVOLIETF,ICICI PR NIF LW VL 30 ETF,21.22,21.63,21.22,21.4,21.39,4847235
2026-09-23,ICICIPRULI,ICICI PRU LIFE INS CO LTD,491.55,491.55,481.5,484.5,486.65,750732
2026-09-23,MIDSELIETF,ICICI PRUD MIDCAP SEL ETF,19.78,19.9,19.61,19.79,19.65,186250
2026-09-23,NIF100IETF,ICICI PRUD NIFTY 100 ETF,26.56,27.48,26.56,27.43,27.25,126599
2026-09-23,NIFTYIETF,ICICI PRUD NIFTY ETF,265.78,266.65,265.0,266.29,265.42,320959
2026-09-23,SENSEXIETF,ICICI PRUD SENSEX ETF,869.49,869.49,859.11,861.59,860.49,4511
2026-09-23,ICICIAMC,ICICI PRUDENTIAL AMC LTD,3151.9,3189.8,3150.4,3179.0,3151.2,171584
2026-09-23,GOLDIETF,ICICI PRUDENTIAL GOLD ETF,129.5,129.99,129.07,129.21,129.42,2501126
2026-09-23,NV20IETF,ICICI PRUDENTIAL NV20 ETF,13.26,13.28,13.18,13.21,13.23,175820
2026-09-23,ICICIB22,ICICIPRAMC - BHARATIWIN,113.23,113.62,112.46,113.36,112.46,326462
2026-09-23,CASHIETF,ICICIPRAMC - CASHIETF,1080.68,1080.7,1080.68,1080.68,1080.54,158917
2026-09-23,EVIETF,ICICIPRAMC - EVIETF,31.75,31.97,31.6,31.76,31.69,109988
2026-09-23,GSEC10IETF,ICICIPRAMC - ICICI10GS,261.77,264.48,261.77,261.97,264.6,12
2026-09-23,BSE500IETF,ICICIPRAMC - ICICI500,37.73,39.08,37.73,38.72,38.7,67086
2026-09-23,GSEC5IETF,ICICIPRAMC - ICICI5GSEC,66.15,66.55,65.98,66.1,66.09,18607
2026-09-23,ALPL30IETF,ICICIPRAMC - ICICIALPLV,27.57,27.57,27.01,27.23,27.03,1058368
2026-09-23,AUTOIETF,ICICIPRAMC - ICICIAUTO,28.89,28.89,28.02,28.2,28.19,284070
2026-09-23,PVTBANIETF,ICICIPRAMC - ICICIBANKP,27.69,27.78,27.6,27.65,27.7,1302707
2026-09-23,COMMOIETF,ICICIPRAMC - ICICICOMMO,97.67,98.49,97.6,98.01,97.67,15576
2026-09-23,CONSUMIETF,ICICIPRAMC - ICICICONSU,118.86,119.89,118.86,119.51,119.04,6558
2026-09-23,FMCGIETF,ICICIPRAMC - ICICIFMCG,49.2,49.79,49.16,49.71,49.19,646494
2026-09-23,INFRAIETF,ICICIPRAMC - ICICIINFRA,93.11,93.64,92.66,93.36,93.09,592082
2026-09-23,LIQUIDIETF,ICICIPRAMC - ICICILIQ,1000.0,1000.01,997.11,999.95,999.99,683340
2026-09-23,MIDCAPIETF,ICICIPRAMC - ICICIM150,22.95,23.8,22.95,23.74,23.54,437990
2026-09-23,MOM30IETF,ICICIPRAMC - ICICIMOM30,30.86,31.2,30.86,31.12,30.83,1189643
2026-09-23,NEXT50IETF,ICICIPRAMC - ICICINXT50,77.76,77.76,75.33,76.47,75.87,850097
2026-09-23,HEALTHIETF,ICICIPRAMC - ICICIPHARM,172.0,173.33,170.83,172.89,171.77,72206
2026-09-23,QUAL30IETF,ICICIPRAMC - ICICIQTY30,20.37,20.49,20.27,20.33,20.37,32933
2026-09-23,SILVERIETF,ICICIPRAMC - ICICISILVE,232.06,233.42,229.6,230.09,230.18,2047735
2026-09-23,ITIETF,ICICIPRAMC - ICICITECH,32.61,32.61,31.45,31.48,31.82,1278622
2026-09-23,INSUREIETF,ICICIPRAMC - INSUREIETF,15.18,15.28,15.08,15.21,15.17,75994
2026-09-23,BANKIETF,ICICIPRAMC - IPRU5008,59.02,59.02,57.5,58.02,57.86,322306
2026-09-23,METALIETF,ICICIPRAMC - METALIETF,13.1,13.38,13.07,13.34,13.05,9100169
2026-09-23,OILIETF,ICICIPRAMC - OILIETF,11.13,11.2,11.12,11.15,11.12,621242
2026-09-23,PSUBNKIETF,ICICIPRAMC - PSUBANKICI,83.66,84.85,83.56,84.54,83.66,70415
2026-09-23,SMALLIETF,ICICIPRAMC - SMALLIETF,18.28,18.55,18.22,18.49,18.34,14497
2026-09-23,TOP15IETF,ICICIPRAMC - TOP15IETF,9.48,9.55,9.45,9.48,9.45,134798
2026-09-23,VAL30IETF,ICICIPRAMC - VAL30IETF,14.81,15.04,14.81,15.0,14.84,86708
2026-09-23,FINIETF,ICICIPRAMC-ICICIFIN,32.25,32.42,32.16,32.37,32.0,173757
2026-09-23,ICRA,ICRA LIMITED,4579.8,4601.9,4515.0,4533.3,4579.8,13598
2026-09-23,IDBI,IDBI BANK LIMITED,83.05,83.97,82.9,83.39,82.88,4228479
2026-09-23,IDEAFORGE,IDEAFORGE TECHNO LTD,730.0,738.0,718.0,720.45,741.4,337370
2026-09-23,IDFCFIRSTB,IDFC FIRST BANK LIMITED,85.98,89.61,85.9,87.9,85.37,64518343
2026-09-23,IFBAGRO,IFB AGRO INDUSTRIES LTD,865.9,880.0,861.25,864.8,865.7,1763
2026-09-23,IFBIND,IFB INDUSTRIES LTD,1213.2,1269.6,1205.0,1258.7,1213.1,74193
2026-09-23,IFCI,IFCI LTD,76.3,80.07,75.6,79.49,75.94,77513063
2026-09-23,IFGLEXPOR,IFGL REFRACTORIES LIMITED,195.0,199.51,195.0,197.16,194.65,20059
2026-09-23,IGARASHI,IGARASHI MOTORS INDIA LTD,425.0,439.65,423.3,431.8,424.0,92008
2026-09-23,IIFLCAPS,IIFL CAPITAL SERVICES LTD,345.9,356.4,344.1,353.05,345.05,2410124
2026-09-23,IIFL,IIFL FINANCE LIMITED,616.75,638.25,613.6,633.3,617.55,3608407
2026-09-23,IKIO,IKIO TECHNOLOGIES LIMITED,206.8,212.0,205.42,207.89,205.98,188483
2026-09-23,IVC,IL&FS INVESTMENT MANAGERS,7.9,7.9,7.66,7.83,7.78,95399
2026-09-23,IMAGICAA,IMAGICAAWORLD ENT LTD,52.87,53.5,52.05,52.84,52.4,536551
2026-09-23,INCREDIBLE,INCREDIBLE INDUSTRIES LTD,32.51,33.18,31.8,32.08,32.51,3898
2026-09-23,IMPAL,IND MOTOR PART & ACC LTD,1088.0,1088.0,1050.0,1059.5,1075.0,8050
2026-09-23,INDSWFTLAB,IND SWIFT LABORATORIES LT,409.0,412.0,391.95,405.05,405.55,807681
2026-09-23,INDTERRAIN,IND TERRAIN FASHIONS LTD,29.4,29.69,28.55,29.37,29.2,18208
2026-09-23,INDBANK,INDBANK MERCH BANK,25.65,26.39,25.65,26.14,25.65,41698
2026-09-23,BAJAJINDEF,INDEF MANUFACTURING LTD,223.0,228.0,217.12,221.9,219.02,34631
2026-09-23,INDGN,INDEGENE LIMITED,594.8,602.2,587.25,598.4,592.1,279828
2026-09-23,INDIAGLYCO,INDIA GLYCOLS LTD,255.6,262.7,253.0,257.7,253.6,615316
2026-09-23,INDNIPPON,INDIA NIPPON ELECT  LTD,1241.9,1310.0,1241.9,1260.7,1237.0,109262
2026-09-23,IPL,INDIA PESTICIDES LIMITED,133.9,134.85,133.0,133.52,133.47,166962
2026-09-23,INDIASHLTR,INDIA SHELTER FIN CORP L,660.0,675.0,652.05,667.15,662.15,85267
2026-09-23,ITDC,INDIA TOUR. DEV. CO. LTD.,705.2,714.75,690.35,702.65,705.75,204985
2026-09-23,IBULLSLTD,INDIABULLS LIMITED,29.69,29.99,29.0,29.12,29.51,6131763
2026-09-23,INDIAMART,INDIAMART INTERMESH LTD,1644.7,1657.0,1636.0,1652.4,1635.2,71004
2026-09-23,INDIANB,INDIAN BANK,841.0,851.7,838.85,842.0,840.8,975762
2026-09-23,INDIANCARD,INDIAN CARD CLOTHING CO.,208.03,214.84,206.53,208.64,212.95,1719
2026-09-23,IEX,INDIAN ENERGY EXC LTD,112.9,113.9,112.75,113.16,112.9,1437722
2026-09-23,INDIANHUME,INDIAN HUME PIPE CO. LTD.,368.2,375.75,359.3,366.25,367.9,139861
2026-09-23,IMFA,INDIAN METALS & FERRO,1261.8,1279.0,1249.9,1266.1,1252.8,75849
2026-09-23,IOC,INDIAN OIL CORP LTD,138.5,138.75,137.1,138.15,137.8,6601919
2026-09-23,IOB,INDIAN OVERSEAS BANK,31.83,32.25,31.83,32.13,31.92,1360796
2026-09-23,IRCTC,INDIAN RAIL TOUR CORP LTD,469.5,472.1,461.0,463.8,469.65,920265
2026-09-23,IRFC,INDIAN RAILWAY FIN CORP L,80.05,81.15,80.05,81.0,80.0,5999917
2026-09-23,IREDA,INDIAN RENEWABLE ENERGY,110.6,111.39,110.29,111.0,110.25,2079281
2026-09-23,IWP,INDIAN WOOD PRODUCTS CO L,34.47,35.5,34.46,35.34,34.47,3719
2026-09-23,INDIGOPNTS,INDIGO PAINTS LIMITED,1142.0,1148.0,1132.1,1140.0,1142.0,33681
2026-09-23,INDIQUBE,INDIQUBE SPACES LIMITED,190.13,193.0,187.0,192.46,187.96,40955
2026-09-23,INDOBORAX,INDO BORAX & CHEMICAL LTD,463.0,471.9,460.0,462.55,463.55,40341
2026-09-23,ICIL,INDO COUNT INDUSTRIES LTD,448.85,485.95,446.05,476.55,448.9,1924680
2026-09-23,INDOFARM,INDO FARM EQUIPMENT LTD,140.79,146.0,140.01,144.03,139.9,364454
2026-09-23,INDORAMA,INDO RAMA SYNTHETICS LTD,104.29,105.54,97.62,100.0,103.57,1969705
2026-09-23,INDOTECH,INDO TECH TRANSFORM LTD.,3292.9,3343.9,3279.1,3286.8,3279.0,6695
2026-09-23,INDOTHAI,INDO THAI SEC LTD,30.9,31.8,30.77,30.77,32.38,2927782
2026-09-23,INDOUS,INDO US BIOTECH LTD,82.8,82.8,78.05,78.1,78.99,3148
2026-09-23,INDOMIM,INDO-MIM LIMITED,1226.0,1294.95,1225.0,1251.9,1233.3,2863505
2026-09-23,NIPPOBATRY,INDO-NATIONAL LIMITED,318.1,334.0,318.1,329.6,325.55,3772
2026-09-23,INDOCO,INDOCO REMEDIES LTD.,252.6,259.51,249.5,251.16,254.51,118278
2026-09-23,IGCL,INDOGULF CROPSCIENCES LTD,65.17,65.75,63.07,63.55,64.85,79146
2026-09-23,INDOKEM,INDOKEM LTD.,610.35,622.4,605.25,614.9,607.2,2170
2026-09-23,WAAREEINDO,INDOSOLAR LIMITED,261.2,261.2,253.0,255.7,254.45,46439
2026-09-23,INDOSTAR,INDOSTAR CAPITAL FIN LTD,231.58,233.9,225.25,227.26,231.58,65443
2026-09-23,INDOWIND,INDOWIND ENERGY LTD,9.09,9.09,8.82,8.94,9.0,74042
2026-09-23,IGL,INDRAPRASTHA GAS LTD,147.41,148.65,146.23,147.09,146.68,1211876
2026-09-23,INDRAMEDCO,INDRAPRASTHA MEDICAL CORP,359.5,379.95,358.95,374.6,360.95,272880
2026-09-23,INDUSTOWER,INDUS TOWERS LIMITED,382.15,388.55,381.2,384.8,382.1,4979379
2026-09-23,INDUSINDBK,INDUSIND BANK LIMITED,951.8,970.8,951.8,959.3,955.0,2626452
2026-09-23,INDPRUD,INDUSTRIAL & PRU INV CO L,6350.0,6350.0,6202.0,6225.0,6273.0,4
2026-09-23,IITL,INDUSTRIAL INV TRUST LTD,144.24,145.9,138.48,140.39,143.4,122009
2026-09-23,NAUKRI,INFO EDGE (I) LTD,1295.6,1322.7,1291.1,1297.0,1304.0,1549637
2026-09-23,INFOBEAN,INFOBEANS TECHNO. LTD.,151.49,153.5,150.01,151.81,151.05,88517
2026-09-23,INFOMEDIA,INFOMEDIA PRESS LIMITED,5.5,5.5,5.3,5.48,5.34,2413
2026-09-23,INFY,INFOSYS LIMITED,1021.8,1029.4,1015.1,1020.5,1029.4,5108734
2026-09-23,INGERRAND,INGERSOLL-RAND INDIA LTD,4146.7,4299.0,4121.2,4228.4,4146.7,54585
2026-09-23,INNOVACAP,INNOVA CAPTAB LIMITED,1230.0,1353.5,1226.4,1297.6,1226.7,454203
2026-09-23,INNOVANA,INNOVANA THINKLABS LTD,304.0,304.0,295.3,299.1,295.3,35551
2026-09-23,INNOVISION,INNOVISION LIMITED,254.0,260.5,249.1,257.05,254.45,31843
2026-09-23,INOXGREEN,INOX GREEN ENERGY SER LTD,171.41,177.75,169.79,174.81,171.41,2391071
2026-09-23,INOXINDIA,INOX INDIA LIMITED,2154.8,2189.0,2144.0,2168.9,2133.7,144053
2026-09-23,INOXWIND,INOX WIND LIMITED,78.25,78.25,74.8,75.02,77.9,17183824
2026-09-23,INSECTICID,INSECTICIDES (I) LTD,613.2,617.0,606.0,608.9,611.6,6894
2026-09-23,INA,INSOLATION ENERGY LIMITED,94.0,94.01,90.95,91.47,92.56,509267
2026-09-23,INSPIRISYS,INSPIRISYS SOLUTIONS LTD,88.11,92.0,88.0,91.69,88.99,4405
2026-09-23,ESSENTIA,INTEGRA ESSENTIA LIMITED,1.04,1.05,1.03,1.03,1.04,2710049
2026-09-23,INTELLECT,INTELLECT DESIGN ARENA,648.2,674.35,642.9,668.05,647.75,549685
2026-09-23,INTENTECH,INTENSE TECHNOLOGIES LTD,82.0,84.5,79.15,83.69,81.35,26912
2026-09-23,INTERARCH,INTERARCH BLDNG SOLTN LTD,1716.6,1733.0,1687.2,1693.1,1701.6,51512
2026-09-23,INDIGO,INTERGLOBE AVIATION LTD,5026.0,5061.0,5000.0,5028.5,5030.0,581998
2026-09-23,INTLCONV,INTL CONVEYORS LIMITED,77.1,81.51,77.1,80.99,77.86,89727
2026-09-23,IGIL,INTL GEMOLOGICAL INST LTD,328.9,333.8,324.0,331.65,326.95,525286
2026-09-23,ISFT,INTRASOFT TECH. LTD,104.9,114.95,104.02,107.63,104.02,410493
2026-09-23,INVENTURE,INVENTURE GRO & SEC LTD,0.89,0.92,0.89,0.9,0.89,1291066
2026-09-23,IKS,INVENTURUS KNOWLEDGE SO L,1881.2,1970.0,1871.0,1937.8,1869.2,1011998
2026-09-23,IVZINGOLD,INVESCO INDIA GOLD ETF,132.4,132.4,131.05,131.25,131.55,8520
2026-09-23,IVZINNIFTY,INVESCO INDIA NIFTY ETF,274.7,274.7,267.97,269.47,268.0,711
2026-09-23,IOLCP,IOL CHEM AND PHARMA LTD,200.26,211.35,200.01,206.6,200.39,3474298
2026-09-23,IONEXCHANG,ION EXCHANGE (INDIA) LTD,430.05,438.9,428.65,430.1,429.8,117980
2026-09-23,IPRINGLTD,IP RINGS LTD.,136.22,138.0,133.24,136.89,135.95,891
2026-09-23,IPCALAB,IPCA LABORATORIES LTD,1993.0,1999.4,1948.5,1962.6,1992.4,159445
2026-09-23,IRB,IRB INFRA DEV LTD.,18.4,18.66,17.51,18.03,17.98,36892063
2026-09-23,IRCON,IRCON INTERNATIONAL LTD,108.8,111.4,108.62,110.13,109.09,1837678
2026-09-23,IRISDOREME,IRIS CLOTHINGS LIMITED,66.86,67.0,65.51,66.26,66.24,392682
2026-09-23,IRIS,IRIS REGTECH SOLUTION LTD,239.96,240.0,233.0,234.87,236.43,17600
2026-09-23,IRMENERGY,IRM ENERGY LIMITED,268.0,274.0,268.0,272.9,268.35,30224
2026-09-23,ISGEC,ISGEC HEAVY ENG LTD,843.6,871.1,837.55,867.85,840.75,91136
2026-09-23,ISHANCH,ISHAN DYES N CHEMICALS L,51.15,51.98,48.45,49.87,50.78,20744
2026-09-23,ITCHOTELS,ITC HOTELS LIMITED,159.09,162.25,158.6,161.23,158.6,1371792
2026-09-23,ITC,ITC LTD,265.85,271.05,265.15,270.15,265.8,13142058
2026-09-23,ITI,ITI LTD,254.0,259.9,252.75,257.2,253.25,247138
2026-09-23,ITL,ITL INDUSTRIES LTD.,370.0,370.0,363.0,364.75,365.75,760
2026-09-23,IVALUE,IVALUE INFOSOLUTIONS LTD,227.12,235.0,223.85,233.07,225.48,303178
2026-09-23,IZMO,IZMO LIMITED,935.55,944.75,915.15,931.15,931.55,64061
2026-09-23,J&KBANK,J & K BANK LTD.,145.5,149.6,145.5,149.25,145.94,1272524
2026-09-23,JGCHEM,J.G.CHEMICALS LIMITED,615.0,637.0,612.75,621.55,610.35,380279
2026-09-23,JAGRAN,JAGRAN PRAKASHAN LIMITED,62.89,64.0,62.11,63.41,62.44,259841
2026-09-23,JAGSNPHARM,JAGSONPAL PHARMACEUTICALS,227.0,228.4,221.44,225.63,225.68,54990
2026-09-23,JAIBALAJI,JAI BALAJI INDUSTRIES LTD,64.5,67.54,63.6,66.78,64.33,1003915
2026-09-23,JAICORPLTD,JAI CORP LIMITED,94.4,97.8,94.4,96.73,94.25,498373
2026-09-23,JISLDVREQS,JAIN DVR EQUITY SHARES,20.58,21.0,20.15,20.36,20.53,55586
2026-09-23,JISLJALEQS,JAIN IRRIGATION SYSTEMS,28.93,29.29,28.75,28.9,28.93,2400307
2026-09-23,JAINREC,JAIN RESOURCE RECYCLING L,293.6,308.3,293.1,302.95,291.25,5175026
2026-09-23,JPPOWER,JAIPRAKASH POWER VEN. LTD,16.2,16.35,16.0,16.04,16.17,58181761
2026-09-23,JAMNAAUTO,JAMNA AUTO IND LTD,128.13,134.2,127.95,129.55,127.99,2732676
2026-09-23,JSFB,JANA SMALL FIN BANK LTD,533.95,551.0,533.95,546.6,533.7,1082667
2026-09-23,JARO,JARO INS OF TEC MG N RE L,460.45,466.4,460.45,462.5,460.4,113920
2026-09-23,JASH,JASH ENGINEERING LIMITED,585.5,594.4,575.25,588.95,584.75,492872
2026-09-23,JAYBARMARU,JAY BHARAT MARUTI LTD,110.0,116.1,108.12,116.1,110.58,407073
2026-09-23,JAYAGROGN,JAYANT AGRO ORGANICS LTD,233.92,238.98,232.0,237.12,233.47,21040
2026-09-23,JAYNECOIND,JAYASWAL NECO INDUSTR LTD,90.5,92.07,90.5,91.36,90.28,1604836
2026-09-23,JAYKAY,JAYKAY ENTERPRISES LTD,192.4,219.35,191.47,212.76,189.5,9950063
2026-09-23,JAYSREETEA,JAYSHREE TEA & INDUSTRIES,89.95,91.0,89.12,89.55,88.75,37234
2026-09-23,JBMA,JBM AUTO LIMITED,593.5,610.35,593.5,601.8,593.15,559877
2026-09-23,JSLL,JEENA SIKHO LIFECARE LTD,517.4,528.9,516.2,524.3,515.4,426083
2026-09-23,JENBURPH,JENBURKT PHARMACEUTICAL L,961.3,979.8,930.0,952.0,957.2,2772
2026-09-23,JETFREIGHT,JET FREIGHT LOGISTICS LTD,21.8,22.59,21.35,21.67,22.15,215128
2026-09-23,JHS,JHS SVEND. LAB. LTD,8.15,8.6,8.15,8.47,8.34,78452
2026-09-23,RETAIL,JHS SVENDGAARD RETAIL V L,17.13,17.3,16.5,17.25,17.11,3320
2026-09-23,JPOLYINVST,JIND POL INV & FIN CO LTD,975.45,984.0,972.25,978.95,972.75,1063
2026-09-23,JINDRILL,JINDAL DRILLING IND. LTD,588.9,609.0,584.0,606.8,587.65,247992
2026-09-23,JINDALPHOT,JINDAL PHOTO LIMITED,1116.0,1116.0,1082.0,1084.8,1097.2,1986
2026-09-23,JINDALPOLY,JINDAL POLY FILMS LIMITED,721.95,729.5,705.0,715.2,721.9,13978
2026-09-23,JINDALSAW,JINDAL SAW LIMITED,286.85,295.1,286.85,292.6,286.45,1218110
2026-09-23,JSL,JINDAL STAINLESS LIMITED,748.95,766.85,744.1,758.55,743.45,906824
2026-09-23,JINDALSTEL,JINDAL STEEL LIMITED,1138.2,1187.4,1138.2,1175.3,1141.0,994851
2026-09-23,JINDWORLD,JINDAL WORLDWIDE LTD,52.5,54.34,51.51,52.2,52.22,8712868
2026-09-23,JKIPL,JINKUSHAL INDUSTRIES LTD,99.96,101.55,99.26,100.25,99.24,3606
2026-09-23,JIOFIN,JIO FIN SERVICES LTD,230.7,232.4,230.55,232.15,230.7,6949246
2026-09-23,NIFTYJBLK,JIOBLACKROCKAMC-NIFTYJBLK,12.28,12.28,11.95,12.02,11.99,210215
2026-09-23,JITFINFRA,JITF INFRALOGISTICS LTD,283.15,289.7,278.1,280.45,282.7,23637
2026-09-23,JKCEMENT,JK CEMENT LIMITED,5104.0,5160.0,5005.0,5085.0,5104.0,61858
2026-09-23,JKLAKSHMI,JK LAKSHMI CEMENT LTD,505.6,514.45,505.6,511.2,507.8,46467
2026-09-23,JKPAPER,JK PAPER LIMITED,417.4,422.0,413.95,415.25,416.4,268928
2026-09-23,JKTYRE,JK TYRE & INDUSTRIES LTD,349.85,358.3,348.6,355.35,346.5,764630
2026-09-23,JKIL,JKUMAR INFR.LTD.,478.0,484.95,476.25,479.6,478.0,27434
2026-09-23,JMFINANCIL,JM FINANCIAL LIMITED,126.0,127.74,126.0,127.51,126.31,1131723
2026-09-23,JNKINDIA,JNK INDIA LIMITED,410.2,427.0,410.2,418.4,413.95,103325
2026-09-23,JOCIL,JOCIL LIMITED,148.5,151.5,145.41,148.71,146.4,1970
2026-09-23,COCKERILL,JOHN COCKERILL INDIA LTD.,8125.0,8201.0,8068.0,8144.0,8178.0,3308
2026-09-23,JSWCEMENT,JSW CEMENT LIMITED,117.5,119.02,116.71,118.18,116.7,2422590
2026-09-23,JSWDULUX,JSW DULUX LIMITED,3186.0,3268.0,3135.0,3160.9,3137.1,86927
2026-09-23,JSWENERGY,JSW ENERGY LIMITED,517.2,525.85,516.0,521.0,518.0,1923195
2026-09-23,JSWHL,JSW HOLDINGS LIMITED,11307.0,11404.0,11180.0,11333.0,11219.0,1430
2026-09-23,JSWINFRA,JSW INFRASTRUCTURE LTD,369.0,370.2,362.2,363.6,367.6,3338113
2026-09-23,JSWSTEEL,JSW STEEL LIMITED,1273.0,1304.0,1270.8,1297.8,1267.0,1356042
2026-09-23,JTEKTINDIA,JTEKT INDIA LIMITED,117.8,122.06,117.8,119.99,116.49,262966
2026-09-23,JTLIND,JTL INDUSTRIES LIMITED,89.77,92.85,89.5,91.31,89.21,5908069
2026-09-23,JUBLCPL,JUBILANT AGRI N CON PRO L,2119.7,2244.6,2109.7,2202.4,2099.1,24809
2026-09-23,JUBLFOOD,JUBILANT FOODWORKS LTD,491.65,493.7,483.3,483.3,491.1,625258
2026-09-23,JUBLINGREA,JUBILANT INGREVIA LIMITED,625.2,643.9,625.0,640.95,617.6,414480
2026-09-23,JUBLPHARMA,JUBILANT PHARMOVA LTD,1076.2,1088.1,1052.9,1058.0,1070.85,135144
2026-09-23,JMA,JULLUNDUR MOT AGENCY LTD,90.75,90.75,88.52,89.89,90.82,8068
2026-09-23,JNPR,JUNIPER GREEN ENERGY LTD,270.0,277.75,261.7,267.3,268.7,743855
2026-09-23,JUNIPER,JUNIPER HOTELS LIMITED,224.65,224.95,221.01,221.77,222.8,82050
2026-09-23,JLHL,JUPITER LIFE LINE HOSP L,274.05,278.65,271.85,274.05,274.8,83065
2026-09-23,JWL,JUPITER WAGONS LIMITED,228.95,234.63,228.95,233.16,228.63,858020
2026-09-23,JUSTDIAL,JUSTDIAL LTD.,682.6,698.0,680.25,693.55,682.6,124710
2026-09-23,JYOTHYLAB,JYOTHY LABS LIMITED,193.97,195.61,193.32,194.11,193.97,215274
2026-09-23,JYOTICNC,JYOTI CNC AUTOMATION LTD,1098.9,1117.6,1077.0,1100.8,1084.3,1338131
2026-09-23,JYOTIRES,JYOTI RESINS & ADHESIVE L,840.0,854.6,839.7,848.45,840.0,4485
2026-09-23,JYOTISTRUC,JYOTI STRUCTURES LTD,9.2,9.56,9.2,9.33,9.19,4684974
2026-09-23,KJMCFIN,K J M C FINANCIAL SERV L,61.8,61.8,58.71,61.5,61.8,2220
2026-09-23,KMCSHIL,K M C SPECIALITY HOSP I L,160.6,165.0,159.91,162.2,159.61,244025
2026-09-23,KMSUGAR,K M SUGAR MILLS LTD,29.08,29.77,28.85,29.5,28.85,116949
2026-09-23,KPEL,K.P. ENERGY LIMITED,230.31,231.8,225.46,228.8,230.94,225215
2026-09-23,KABRAEXTRU,KABRA EXTRUSION TECHNIK L,693.95,732.85,678.55,732.85,666.25,402751
2026-09-23,KAJARIACER,KAJARIA CERAMICS LTD,1186.1,1224.0,1175.7,1216.4,1183.6,163666
2026-09-23,KAKATCEM,KAKATIYA CEM SUGAR &IND L,109.7,109.75,107.05,107.97,109.75,964
2026-09-23,KALPATARU,KALPATARU LIMITED,265.1,281.0,262.4,272.55,268.4,132733
2026-09-23,KPIL,KALPATARU PROJECT INT LTD,1400.1,1422.0,1389.8,1411.8,1400.1,105907
2026-09-23,KALYANKJIL,KALYAN JEWELLERS IND LTD,585.0,589.35,582.55,584.25,583.1,2741044
2026-09-23,KICL,KALYANI INVEST CO LTD,4920.5,5048.0,4920.5,5000.0,5005.5,386
2026-09-23,KSL,KALYANI STEELS LIMITED,968.1,1032.9,956.05,998.25,959.15,646949
2026-09-23,KAMAHOLD,KAMA HOLDINGS LTD.,2257.7,2257.7,2230.1,2239.2,2236.4,1734
2026-09-23,KAMANWALA,KAMANWALA HOUSING CONST L,17.1,17.1,16.5,16.5,16.56,255
2026-09-23,KAMATHOTEL,KAMAT HOTELS (I) LTD,238.0,246.0,237.1,240.35,237.05,112995
2026-09-23,KAMDHENU,KAMDHENU LIMITED,41.17,42.04,39.65,40.77,41.51,1666669
2026-09-23,KAMOPAINTS,KAMDHENU VENTURES LIMITED,4.26,4.36,4.16,4.27,4.26,194143
2026-09-23,KANANIIND,KANANI INDUSTRIES LTD,1.41,1.43,1.41,1.42,1.42,65112
2026-09-23,KANCHI,KANCHI KARPOORAM LTD.,394.0,394.0,390.0,390.3,395.45,530
2026-09-23,KANCOTEA,KANCO TEA & INDS. LTD.,56.97,56.97,51.0,54.72,56.85,375
2026-09-23,KANOHAR,KANOHAR ELECTRICALS LTD,888.7,937.7,870.45,907.0,870.5,10796574
2026-09-23,KANPRPLA,KANPUR PLASTIPACK LIMITED,268.9,276.6,252.85,257.05,266.75,28977
2026-09-23,KANSAINER,KANSAI NEROLAC PAINTS LTD,181.99,185.0,181.3,182.58,180.98,147219
2026-09-23,KAPSTON,KAPSTON SERVICES LIMITED,570.75,588.5,570.75,585.9,570.55,39643
2026-09-23,KARAMTARA,KARAMTARA ENGINEERING L,368.2,371.25,354.15,361.95,365.1,2896481
2026-09-23,KARMAENG,KARMA ENERGY LIMITED,40.2,40.99,39.72,40.18,40.1,1654
2026-09-23,KTKBANK,KARNATAKA BANK LIMITED,331.5,344.0,330.1,343.05,331.5,3566531
2026-09-23,KARURVYSYA,KARUR VYSYA BANK LTD,322.05,326.0,320.65,324.45,320.15,1465001
2026-09-23,KSCL,KAVERI SEED CO. LTD.,705.85,715.0,699.95,710.7,699.7,49831
2026-09-23,KAYNES,KAYNES TECHNOLOGY IND LTD,3460.0,3499.0,3428.5,3458.0,3455.0,804616
2026-09-23,KCP,KCP LTD,157.0,158.5,155.41,157.05,157.4,96770
2026-09-23,KDGREEN,KD GREEN INDUSTRIES LTD,50.26,52.0,49.97,50.03,50.01,59171
2026-09-23,KDDL,KDDL LIMITED,3974.0,4270.0,3973.9,4251.9,3973.1,153006
2026-09-23,KEC,KEC INTL. LIMITED,393.9,403.65,393.9,402.4,391.55,891865
2026-09-23,KEI,KEI INDUSTRIES LTD.,4575.0,4760.0,4574.0,4722.5,4575.0,808984
2026-09-23,KELLTONTEC,KELLTON TECH SOL LTD,13.73,13.85,13.6,13.76,13.7,1761639
2026-09-23,KENNAMET,KENNAMETAL INDIA LIMITED,4370.0,4394.7,4261.1,4316.7,4379.4,27181
2026-09-23,KERNEX,KERNEX MICROSYS(I) LTD,1756.0,1756.0,1708.5,1731.0,1744.7,99303
2026-09-23,KKCL,KEWAL KIRAN CLOTHING LTD,484.8,487.5,475.1,477.55,484.8,15632
2026-09-23,KEYFINSERV,KEYNOTE FIN SERV LTD.,240.05,246.8,239.1,244.05,240.05,497
2026-09-23,RUSTOMJEE,KEYSTONE REALTORS LIMITED,361.0,372.3,359.95,365.75,363.55,61398
2026-09-23,KFINTECH,KFIN TECHNOLOGIES LIMITED,897.0,917.35,895.5,911.95,898.0,467472
2026-09-23,KHAITANLTD,KHAITAN (INDIA)LTD.,151.0,154.39,145.21,153.14,151.82,3281
2026-09-23,KHAICHEM,KHAITAN CHEM & FERT LTD,50.02,52.0,49.82,50.13,50.02,281525
2026-09-23,KHANDSE,KHANDWALA SECURITIES LTD,18.29,18.29,17.15,18.0,17.91,1007
2026-09-23,KLBRENG-B,KILBURN ENGINEERING LTD.,519.5,535.0,512.8,518.6,519.5,500546
2026-09-23,KINGFA,KINGFA SCI & TEC IND LTD.,6219.5,6300.0,6201.0,6240.5,6168.5,7818
2026-09-23,KIOCL,KIOCL LIMITED,344.7,351.0,342.75,349.35,342.55,49267
2026-09-23,KIRANVYPAR,KIRAN VYAPAR LTD.,218.9,218.9,211.0,215.1,218.79,972
2026-09-23,KIRIINDUS,KIRI INDUSTRIES LIMITED,546.0,577.0,543.6,572.75,540.5,1184732
2026-09-23,KIRLOSBROS,KIRLOSKAR BROTHERS LTD,1770.3,1816.0,1769.3,1794.3,1775.3,29352
2026-09-23,KECL,KIRLOSKAR ELECTRIC CO LTD,122.05,122.05,119.0,120.24,121.21,68644
2026-09-23,KIRLFER,KIRLOSKAR FERROUS IND LTD,475.95,486.4,470.0,478.1,479.85,126883
2026-09-23,KIRLOSIND,KIRLOSKAR INDUSTRIES LTD,3667.0,3696.5,3655.0,3681.0,3667.2,4319
2026-09-23,KIRLOSENG,KIRLOSKAR OIL ENG LTD,2165.0,2240.0,2120.2,2219.5,2165.0,395759
2026-09-23,KIRLPNU,KIRLOSKAR PNEUMATIC COM L,706.8,717.0,705.0,711.95,706.8,62999
2026-09-23,KITEX,KITEX GARMENTS LTD,120.0,124.16,119.99,121.33,119.48,475593
2026-09-23,KNAGRI,KN AGRI RESOURCES LIMITED,205.0,213.15,202.3,211.63,203.95,10750
2026-09-23,KNACK,KNACK PACKAGING LIMITED,185.9,188.78,184.0,184.25,185.55,370798
2026-09-23,KMEW,KNOWLEDGE MARINE & EN W L,3000.2,3020.0,2925.3,2996.6,2976.7,80182
2026-09-23,KNRCON,KNR CONSTRU LTD.,120.25,122.3,120.2,121.77,120.04,581131
2026-09-23,KOHINOOR,KOHINOOR FOODS LIMITED,31.45,32.24,30.67,31.75,31.06,215225
2026-09-23,KOKUYOCMLN,KOKUYO CAMLIN LIMITED,75.5,76.8,75.12,76.35,75.71,36023
2026-09-23,KOLTEPATIL,KOLTE PATIL DEV. LTD.,437.5,442.6,435.4,440.05,435.55,47783
2026-09-23,KOPRAN,KOPRAN LTD,275.4,287.2,275.0,279.42,276.44,573639
2026-09-23,GOLD1,KOTAK GOLD ETF,126.5,126.66,125.81,125.96,125.99,1728462
2026-09-23,KOTAKBANK,KOTAK MAHINDRA BANK LTD,414.65,417.25,411.35,413.25,412.65,8628172
2026-09-23,NIFTY1,KOTAK NIFTY ETF,259.86,260.93,258.94,260.14,259.86,37795
2026-09-23,PSUBANK,KOTAK PSU BANK,82.57,83.82,82.57,83.41,82.66,63408
2026-09-23,CHEMICAL,KOTAKMAMC - CHEMICAL,29.66,29.79,29.48,29.56,29.45,260675
2026-09-23,ALPHA,KOTAKMAMC - KOTAKALPHA,54.48,54.48,53.05,53.42,53.16,1014532
2026-09-23,CONS,KOTAKMAMC - KOTAKCONS,11.85,11.93,11.85,11.86,11.85,9806
2026-09-23,IT,KOTAKMAMC - KOTAKIT,31.75,31.76,31.27,31.43,31.78,472169
2026-09-23,LIQUID1,KOTAKMAMC - KOTAKLIQ,1123.66,1123.82,1122.62,1123.81,1123.66,402177
2026-09-23,LOWVOL1,KOTAKMAMC - KOTAKLOVOL,20.55,20.57,20.36,20.39,20.48,699280
2026-09-23,MIDCAP,KOTAKMAMC - KOTAKMID50,18.39,18.49,18.26,18.31,18.22,166823
2026-09-23,MNC,KOTAKMAMC - KOTAKMNC,32.44,32.64,32.36,32.49,32.28,26562
2026-09-23,SILVER1,KOTAKMAMC - KOTAKSILVE,22.63,22.7,22.3,22.36,22.35,5230346
2026-09-23,NV20,KOTAKMAMC - KTKNV20ETF,13.67,13.67,13.5,13.56,13.58,72893
2026-09-23,MID150,KOTAKMAMC - MID150,23.48,23.48,23.17,23.33,23.17,24216
2026-09-23,MOMENTUM30,KOTAKMAMC - MOMENTUM30,30.87,30.87,30.14,30.53,30.93,215721
2026-09-23,MSCIINDIA,KOTAKMAMC - MSCIINDIA,29.23,29.31,29.13,29.29,29.19,1386
2026-09-23,NEXT50ETF,KOTAKMAMC - NEXT50ETF,72.87,73.33,72.52,73.2,72.61,8198
2026-09-23,NIFTY100EW,KOTAKMAMC - NIFTY100EW,34.53,34.55,34.4,34.48,34.53,25323
2026-09-23,PVTBANK,KOTAKMAMC - PVTBANK,27.47,27.58,27.39,27.39,27.3,6185
2026-09-23,QUALITY30,KOTAKMAMC - QUALITY30,20.05,20.05,19.9,19.95,19.96,10142
2026-09-23,BANKNIFTY1,KOTAKMAMC-KOTAKBKETF,58.66,58.89,58.5,58.68,58.4,600339
2026-09-23,KOTIC,KOTHARI INDUSTRIAL CORP L,147.78,152.67,147.0,147.11,146.89,31010
2026-09-23,KOTHARIPET,KOTHARI PETROCHEM LTD,134.16,139.0,134.06,136.81,134.16,76642
2026-09-23,KOTHARIPRO,KOTHARI PRODUCTS LTD,65.6,76.4,65.6,69.64,63.67,132714
2026-09-23,KOVAI,KOVAI MEDICAL CENTER & HO,6182.5,6197.0,6102.0,6160.5,6153.5,1680
2026-09-23,KPIGREEN,KPI GREEN ENERGY LIMITED,346.45,355.0,335.55,350.05,346.45,3884369
2026-09-23,KPITTECH,KPIT TECHNOLOGIES LIMITED,532.0,533.35,525.0,527.0,529.05,1154889
2026-09-23,KPRMILL,KPR MILL LTD.,1120.8,1145.5,1117.0,1136.7,1120.8,130890
2026-09-23,KRBL,KRBL LIMITED,388.0,409.6,387.85,404.85,389.9,597218
2026-09-23,KREBSBIO,KREBS BIOCHEMICALS & IND,56.3,59.6,56.3,57.54,56.86,3816
2026-09-23,KRIDHANINF,KRIDHAN INFRA LIMITED,1.86,1.86,1.83,1.84,1.85,19835
2026-09-23,KRISHANA,KRISHANA PHOSCHEM LIMITED,192.0,193.0,186.21,188.15,189.55,526685
2026-09-23,KRISHIVAL,KRISHIVAL FOODS LIMITED,416.8,417.5,413.05,417.35,415.7,7240
2026-09-23,KRISHNADEF,KRISHNA DEF AND ALD IND L,1027.6,1048.3,1025.6,1032.9,1025.6,66368
2026-09-23,KIMS,KRISHNA INST OF MED SCI L,791.7,802.45,791.25,798.05,789.8,323371
2026-09-23,KRITI,KRITI INDUSTRIES IND LTD,62.89,66.0,60.11,63.19,59.75,45222
2026-09-23,KRITINUT,KRITI NUTRIENTS LIMITED,81.99,81.99,79.53,80.21,80.66,10008
2026-09-23,KRITIKA,KRITIKA WIRES LIMITED,5.15,5.15,4.9,5.0,5.04,110757
2026-09-23,KRN,KRN HEAT EXCHANGE N REF L,1440.0,1458.0,1407.0,1412.6,1420.1,159649
2026-09-23,KROSS,KROSS LIMITED,260.85,283.0,257.5,278.56,256.13,6104799
2026-09-23,KRSNAA,KRSNAA DIAGNOSTICS LTD,558.0,567.9,557.1,560.05,557.85,67117
2026-09-23,KRYSTAL,KRYSTAL INTEGRATED SER L,638.0,652.4,628.3,643.65,638.8,13836
2026-09-23,KSB,KSB LIMITED,820.0,825.05,808.05,823.2,820.15,111806
2026-09-23,KSE,KSE LTD.,180.02,180.82,175.81,178.79,179.96,6217
2026-09-23,KSHINTL,KSH INTERNATIONAL LIMITED,1044.95,1083.0,1040.0,1046.8,1040.95,224075
2026-09-23,KSHITIJPOL,KSHITIJ POLYLINE LIMITED,4.83,4.84,4.83,4.83,4.61,9790833
2026-09-23,KSOLVES,KSOLVES INDIA LIMITED,251.95,260.0,250.75,259.05,250.75,28863
2026-09-23,KUANTUM,KUANTUM PAPERS LIMITED,85.0,86.5,81.65,82.87,84.95,160358
2026-09-23,KUSUMGAR,KUSUMGAR LIMITED,616.25,652.0,616.25,635.1,616.15,1299181
2026-09-23,KPL,KWALITY PHARMACEUTICALS L,3773.0,3840.0,3705.0,3724.5,3752.8,40372
2026-09-23,KWIL,KWALITY WALL'S (INDIA) L,42.1,43.33,41.78,41.92,41.99,8406785
2026-09-23,LKPSEC,L K P SECURITIES LTD.,15.16,15.66,15.0,15.27,15.31,2723
2026-09-23,LTF,L&T FINANCE LIMITED,308.9,312.7,307.75,310.0,304.9,5926308
2026-09-23,LTTS,L&T TECHNOLOGY SER. LTD.,3285.0,3300.0,3198.2,3231.3,3293.6,48247
2026-09-23,LAOPALA,LA OPALA RG LIMITED,160.0,163.83,160.0,163.06,160.61,76706
2026-09-23,LAGNAM,LAGNAM SPINTEX LIMITED,74.5,75.0,73.34,75.0,74.01,2578
2026-09-23,LAHOTIOV,LAHOTI OVERSEAS LTD.,40.67,42.0,40.67,40.77,40.68,2957
2026-09-23,LFIC,LAKSHMI FIN IND CORP LTD,138.5,138.69,133.12,136.14,135.3,881
2026-09-23,LAKSHMIMIL,LAKSHMI MILLS CO. LTD.,7943.0,7943.0,7716.0,7716.5,7700.0,19
2026-09-23,LALITHAA,LALITHAA JEWELLERY MART L,340.0,352.9,340.0,352.9,336.1,9509619
2026-09-23,LAMBODHARA,LAMBODHARA TEXTILES LTD.,117.24,121.0,116.86,119.93,116.08,10636
2026-09-23,LANCER,LANCER CONTAINER LINES L,11.9,11.95,11.7,11.78,11.69,237499
2026-09-23,LANDMARK,LANDMARK CARS LIMITED,514.8,518.0,500.65,506.4,510.5,57410
2026-09-23,LPDC,LANDMARK PR.DEV.CO.LTD,6.55,6.8,6.35,6.66,6.58,19317
2026-09-23,LANDSMILL,LANDSMILL GREEN LIMITED,0.55,0.55,0.54,0.54,0.54,1546188
2026-09-23,LT,LARSEN & TOUBRO LTD.,3870.0,3945.0,3870.0,3929.9,3866.4,945462
2026-09-23,LASERPOWER,LASER POWER & INFRA LTD,277.0,291.75,275.65,287.4,275.05,1452647
2026-09-23,LATENTVIEW,LATENT VIEW ANALYTICS LTD,250.55,255.0,250.3,253.4,250.55,235148
2026-09-23,LATTEYS,LATTEYS INDUSTRIES LTD,20.8,20.9,19.7,20.35,20.48,53669
2026-09-23,LAURUSLABS,LAURUS LABS LIMITED,2009.5,2037.2,1999.7,2034.0,2006.5,1363988
2026-09-23,LAXMICOT,LAXMI COTSPIN LIMITED,13.5,13.5,12.36,13.4,13.05,22247
2026-09-23,LAXMIDENTL,LAXMI DENTAL LIMITED,194.76,196.6,192.03,195.09,193.18,128908
2026-09-23,LGHL,LAXMI GOLDORNA HOUSE LTD,180.93,182.94,174.1,176.62,177.38,7259
2026-09-23,LAXMIINDIA,LAXMI INDIA FINANCE LTD,124.57,126.45,123.42,126.12,123.73,97062
2026-09-23,LXCHEM,LAXMI ORGANIC INDUS LTD,178.0,189.0,177.6,188.44,178.01,3615692
2026-09-23,LCCINFOTEC,LCC INFOTECH LTD,3.84,3.84,3.66,3.84,3.66,67198
2026-09-23,LCCPROJECT,LCC PROJECTS LIMITED,146.9,148.25,142.11,146.59,147.56,2358279
2026-09-23,LEMERITE,LE MERITE EXPORTS LIMITED,19.26,19.88,19.02,19.88,18.94,198181
2026-09-23,IXIGO,LE TRAVENUES TECHNOLOGY L,163.25,169.4,162.44,163.9,163.28,2055136
2026-09-23,LEAPIND,LEAP INDIA LIMITED,147.8,150.86,146.25,148.62,148.44,1571060
2026-09-23,THELEELA,LEELA PALACES HOTEL LTD,540.0,547.0,537.3,544.95,537.05,114049
2026-09-23,LEMONTREE,LEMON TREE HOTELS LTD,108.2,108.49,107.5,107.92,107.51,1411299
2026-09-23,LENSKART,LENSKART SOLUTIONS LTD,691.2,692.4,681.25,686.7,691.45,4785213
2026-09-23,LEXUS,LEXUS GRANITO (INDIA) LTD,12.89,13.38,12.4,12.5,12.47,52072
2026-09-23,LGBBROSLTD,LG BALAKRISHNAN & BROS,1745.5,1745.5,1719.1,1734.5,1730.2,14459
2026-09-23,LGEINDIA,LG ELECTRONICS INDIA LTD,1673.9,1715.0,1664.4,1694.2,1663.7,786043
2026-09-23,LIBAS,LIBAS CONSU PRODUCTS LTD,12.85,12.85,12.01,12.09,12.58,222387
2026-09-23,LIBERTSHOE,LIBERTY SHOES LTD,221.54,239.4,218.7,235.48,218.54,132090
2026-09-23,LICHSGFIN,LIC HOUSING FINANCE LTD,565.1,576.7,564.05,572.5,565.0,3008551
2026-09-23,LICMFGOLD,LIC MF - LIC GOLD ETF,136.55,136.9,135.6,135.9,135.8,39754
2026-09-23,LICNETFN50,LICNAMC - LICNFENGP,263.72,264.37,262.79,263.9,263.27,131
2026-09-23,LICNETFSEN,LICNAMC - LICNFESGP,844.27,844.27,844.27,844.27,843.34,1
2026-09-23,LICNFNHGP,LICNAMC - LICNFNHGP,270.71,275.0,269.66,274.19,272.55,276
2026-09-23,LICNETFGSC,LICNAMC - LICNMFET,29.18,29.4,29.18,29.27,29.21,3719
2026-09-23,LICNMID100,LICNAMC - LICNMID100,62.49,63.32,62.03,62.75,61.89,14881
2026-09-23,LICI,LIFE INSURA CORP OF INDIA,404.4,407.5,401.65,407.5,404.55,3944345
2026-09-23,LIKHITHA,LIKHITHA INFRASTRUC LTD,229.9,245.99,226.52,229.21,227.96,184606
2026-09-23,LINC,LINC LIMITED,92.37,95.0,90.5,93.85,92.37,19605
2026-09-23,LINCOLN,LINCOLN PHARMA LTD,595.8,608.25,595.8,603.55,594.35,15739
2026-09-23,LINDEINDIA,LINDE INDIA LIMITED,6327.0,6390.0,6250.5,6286.0,6320.0,13113
2026-09-23,LLOYDSENGG,LLOYDS ENGG WORK LIMITED,86.01,92.75,85.85,91.52,85.73,20150065
2026-09-23,LLOYDSENT,LLOYDS ENTERPRISES LTD,70.7,74.5,70.44,74.15,70.41,4441245
2026-09-23,LLOYDSME,LLOYDS METALS N ENERGY L,1861.1,1911.0,1861.1,1890.9,1857.4,739451
2026-09-23,LMW,LMW LIMITED,17077.0,17318.0,17010.0,17126.0,17077.0,1936
2026-09-23,LODHA,LODHA DEVELOPERS LIMITED,1143.3,1177.5,1143.0,1162.5,1144.0,1327880
2026-09-23,LCL,LOHIA CORP LIMITED,586.05,598.0,571.3,577.55,580.3,359664
2026-09-23,LOKESHMACH,LOKESH MACHINES LTD,335.05,364.0,335.05,359.25,337.15,76824
2026-09-23,LORDSCHLO,LORDS CHLORO ALKALI LTD,138.61,142.58,136.0,137.38,138.3,11249
2026-09-23,LAL,LORENZINI APPARELS LTD,8.74,8.89,8.52,8.57,8.66,17230
2026-09-23,LOTUSCHO,LOTUS CHOCOLATE CO. LTD.,589.95,589.95,533.7,562.4,586.4,6277
2026-09-23,LOTUSEYE,LOTUS EYE HOSP & INST L,113.11,116.59,113.11,115.24,114.97,5314
2026-09-23,LOVABLE,LOVABLE LINGERIE LTD,72.0,72.4,70.81,71.38,71.27,8273
2026-09-23,LOYALTEX,LOYAL TEXTILE MILLS LTD,222.55,257.94,219.25,231.23,214.95,52037
2026-09-23,LTFOODS,LT FOODS LIMITED,421.05,431.75,421.05,430.0,421.35,440150
2026-09-23,LTM,LTM LIMITED,4160.0,4190.6,4057.8,4085.0,4158.3,305311
2026-09-23,LUMAXTECH,LUMAX AUTO TECH LTD,2135.0,2190.0,2040.0,2044.9,2116.4,280450
2026-09-23,LUMAXIND,LUMAX INDUSTRIES LTD,5920.0,5964.0,5748.0,5788.0,5846.0,11965
2026-09-23,LUMINO,LUMINO INDUSTRIES LIMITED,109.1,111.96,106.6,109.9,108.27,13801506
2026-09-23,LUPIN,LUPIN LIMITED,2125.0,2125.0,2090.1,2102.8,2135.0,648814
2026-09-23,LUXIND,LUX INDUSTRIES LIMITED,1167.0,1202.0,1161.2,1186.5,1157.5,55135
2026-09-23,MBEL,M AND B ENGINEERING LTD,261.7,266.6,258.1,261.0,259.25,118607
2026-09-23,MKEXIM,M K EXIM (INDIA) LTD.,70.0,70.38,66.02,68.13,68.04,8695
2026-09-23,MKPL,M K PROTEINS LIMITED,4.1,4.1,3.98,4.04,4.03,45612
2026-09-23,MCL,M TEK COPPER LIMITED,57.21,63.73,56.51,60.75,56.35,247844
2026-09-23,M&MFIN,M&M FIN. SERVICES LTD,351.85,357.0,347.85,348.6,352.4,672466
2026-09-23,MAANALU,MAAN ALUMINIUM LIMITED,105.0,108.45,101.9,103.93,104.81,177522
2026-09-23,MCCHRLS-B,MAC CHARLES (INDIA) LTD.,679.65,679.65,610.5,657.1,654.8,3649
2026-09-23,MACPOWER,MACPOWER CNC MACHINES LTD,2139.0,2141.9,2030.6,2059.5,2096.5,43775
2026-09-23,MADHAVIPL,MADHAV INFRA PROJECTS L,7.65,7.78,7.5,7.67,7.39,56608
2026-09-23,MADHAV,MADHAV MARBLE & GRANITE,36.4,36.4,34.17,34.57,34.46,2394
2026-09-23,MADHUCON,MADHUCON PROJECTS LTD.,4.15,4.2,4.05,4.14,4.07,13373
2026-09-23,MBAPL,MADHYA BHARAT AGRO P. LTD,169.0,170.5,165.09,167.51,165.68,806244
2026-09-23,MADRASFERT,MADRAS FERTILISERS LTD,61.35,62.49,60.0,61.47,61.35,49965
2026-09-23,MAFATIND,MAFATLAL INDUSTRIES LTD.,120.8,121.85,120.08,121.05,120.32,24203
2026-09-23,MAGADSUGAR,MAGADH SUGAR & ENERGY LTD,500.0,518.0,500.0,509.2,500.75,16374
2026-09-23,MCLOUD,MAGELLANIC CLOUD LIMITED,25.8,25.8,25.0,25.41,25.18,930478
2026-09-23,MAGNUM,MAGNUM VENTURES LTD.,19.21,19.29,18.55,19.0,19.02,21394
2026-09-23,MAHAPEXLTD,MAHA RASHTRA APEX COPR. L,53.35,54.98,52.67,53.0,53.79,9557
2026-09-23,MFML,MAHALAXMI FABRIC MILLS LT,19.0,19.87,18.0,18.22,19.26,22464
2026-09-23,MGL,MAHANAGAR GAS LTD.,1068.0,1112.0,1068.0,1092.8,1067.3,289762
2026-09-23,MTNL,MAHANAGAR TELEPHONE NIGAM,23.89,24.63,23.76,24.36,23.67,828289
2026-09-23,MAHSCOOTER,MAHARASHTRA SCOOTERS LTD,13313.0,13485.0,13200.0,13269.0,13313.0,2712
2026-09-23,MAHSEAMLES,MAHARASHTRA SEAMLESS LTD,700.0,729.35,696.65,702.75,697.35,439951
2026-09-23,MAHESHWARI,MAHESHWARI LOGISTICS LTD.,71.7,73.0,71.7,72.83,71.53,6431
2026-09-23,M&M,MAHINDRA & MAHINDRA LTD,3048.4,3052.0,3022.4,3035.0,3044.5,2600352
2026-09-23,MAHEPC,MAHINDRA EPC IRRIG LTD,99.0,101.98,98.0,100.45,98.75,18962
2026-09-23,MHRIL,MAHINDRA HOLIDAYS LTD,198.9,204.89,198.9,201.39,199.07,137743
2026-09-23,MAHLIFE,MAHINDRA LIFESPACE DEVLTD,358.1,361.65,352.15,356.6,359.05,86955
2026-09-23,MAHLOG,MAHINDRA LOGISTIC LIMITED,401.9,425.0,400.15,416.55,400.3,418086
2026-09-23,MAITHANALL,MAITHAN ALLOYS LTD,1000.4,1020.85,995.05,1009.9,994.95,111790
2026-09-23,MAKERSL,MAKERS LABORATORIES LTD.,182.0,187.89,180.1,182.88,181.26,1736
2026-09-23,MALLCOM,MALLCOM (INDIA) LIMITED,951.4,980.0,950.5,975.35,951.7,3973
2026-09-23,MALUPAPER,MALU PAPER MILLS LIMITED,32.15,32.48,31.9,31.99,31.98,9660
2026-09-23,MAMATA,MAMATA MACHINERY LIMITED,403.55,427.0,403.55,423.35,403.55,178742
2026-09-23,MANAKCOAT,MAN COAT METAL & IND LTD,132.5,134.99,131.01,131.99,132.67,181350
2026-09-23,MANINDS,MAN INDUSTRIES (I) LTD.,875.0,1005.0,866.25,986.7,849.9,10691371
2026-09-23,MANINFRA,MAN INFRA LTD,123.9,125.47,122.9,124.75,124.04,1822660
2026-09-23,MANAKALUCO,MANAK ALUMINIUM CO. LTD.,35.99,36.39,35.31,35.96,35.36,42954
2026-09-23,MANAKSIA,MANAKSIA LTD.,65.34,67.9,64.51,66.8,65.34,71359
2026-09-23,MANALIPETC,MANALI PETROCHEMICALS LT,85.69,88.8,84.94,87.69,84.87,2077751
2026-09-23,MANAPPURAM,MANAPPURAM FINANCE LTD,320.0,323.0,317.5,320.4,319.3,3801599
2026-09-23,MANBA,MANBA FINANCE LIMITED,139.48,151.0,137.03,139.19,136.41,789795
2026-09-23,MANCREDIT,MANGAL CREDIT N FINCORP L,219.3,227.48,219.3,225.17,222.53,143066
2026-09-23,MEIL,MANGAL ELECTRICAL IND L,274.45,284.0,266.0,274.25,271.75,56811
2026-09-23,MANGLMCEM,MANGALAM CEMENT LTD,1014.6,1052.4,1014.6,1033.3,1006.3,69168
2026-09-23,MANGALAM,MANGALAM DRUG & CHEM LTD,32.95,34.3,32.06,32.32,32.24,39080
2026-09-23,MGEL,MANGALAM GLOBAL ENT LTD,15.41,15.76,15.33,15.49,15.52,2068588
2026-09-23,MANORG,MANGALAM ORGANICS LIMITED,457.4,460.0,456.0,458.15,459.5,1281
2026-09-23,MSL,MANGALAM SEEDS LTD.,137.0,143.0,131.3,136.0,138.0,633
2026-09-23,MWL,MANGALAM WORLDWIDE LTD,42.4,45.0,41.58,44.63,42.03,3370765
2026-09-23,MANIPALHOS,MANIPAL HEALTH ENTERPRI L,751.7,767.0,746.0,760.95,746.1,1201772
2026-09-23,MPIMANIPAL,MANIPAL PAYMENT & IDE S L,338.65,406.3,338.05,372.6,338.6,8835559
2026-09-23,MANKIND,MANKIND PHARMA LIMITED,2475.1,2493.0,2458.1,2465.0,2480.0,352575
2026-09-23,MVGJL,MANOJ VAIBHAV GEM N JEW L,213.26,225.0,212.4,221.29,213.26,764238
2026-09-23,MANOMAY,MANOMAY TEX INDIA LTD,229.95,229.95,221.43,224.48,227.35,146401
2026-09-23,MANORAMA,MANORAMA INDUSTRIES LTD,1925.3,1955.0,1914.3,1929.4,1911.0,141711
2026-09-23,MANUGRAPH,MANUGRAPH INDIA LIMITED,20.99,24.26,20.99,23.52,20.22,1740711
2026-09-23,MARALOVER,MARAL OVERSEAS LTD,62.5,62.5,60.3,61.11,61.11,10749
2026-09-23,MARATHON,MARATHON NXTGEN REALT LTD,416.0,422.2,416.0,419.4,417.8,23856
2026-09-23,MARICO,MARICO LIMITED,830.5,833.2,828.0,832.3,830.0,836702
2026-09-23,MARINE,MARINE ELECTRICAL (I) LTD,404.0,446.9,382.55,425.8,411.45,19063839
2026-09-23,MARKOLINES,MARKOLINES PAVEMENT TEC L,169.5,171.85,169.27,169.9,169.24,92158
2026-09-23,MARKSANS,MARKSANS PHARMA LIMITED,332.95,348.95,331.0,347.6,332.95,3317178
2026-09-23,MARSONS,MARSONS LIMITED,128.7,132.1,127.1,128.05,127.88,906853
2026-09-23,MARUTI,MARUTI SUZUKI INDIA LTD.,12240.0,12255.0,12106.0,12230.0,12190.0,220483
2026-09-23,MASFIN,MAS FINANCIAL SERV LTD,289.5,290.05,283.1,284.5,289.35,188916
2026-09-23,MASKINVEST,MASK INVESTMENTS LIMITED,148.0,148.0,137.22,146.67,144.31,23
2026-09-23,MASTEK,MASTEK LTD,1573.0,1585.0,1557.0,1573.3,1567.9,54954
2026-09-23,MASTERTR,MASTER TRUST LIMITED,86.46,88.94,86.46,88.14,86.46,128635
2026-09-23,MATRIMONY,MATRIMONY.COM LIMITED,555.0,555.0,535.1,544.95,550.75,15296
2026-09-23,MAWANASUG,MAWANA SUGARS LIMITED,132.53,137.66,131.33,133.07,131.43,134159
2026-09-23,MAXESTATES,MAX ESTATES LIMITED,597.0,605.75,593.0,603.2,595.05,56043
2026-09-23,MFSL,MAX FINANCIAL SERV LTD,1562.4,1563.5,1548.1,1562.9,1554.2,324133
2026-09-23,MAXHEALTH,MAX HEALTHCARE INS LTD,1056.5,1067.3,1053.2,1059.9,1056.5,1122755
2026-09-23,MAXIND,MAX INDIA LIMITED,151.86,152.94,148.53,149.82,151.86,28760
2026-09-23,MAYURUNIQ,MAYUR UNIQUOTERS LTD,730.45,734.1,711.4,722.9,726.15,95827
2026-09-23,MAZDOCK,MAZAGON DOCK SHIPBUIL LTD,2210.6,2225.0,2203.5,2211.5,2204.0,373859
2026-09-23,MBLINFRA,MBL INFRASTRUCTURE LTD,22.2,22.49,21.31,21.72,21.76,58613
2026-09-23,MCLEODRUSS,MCLEOD RUSSEL INDIA LTD.,45.69,47.2,44.96,47.2,44.96,128566
2026-09-23,MEDIASSIST,MEDI ASSIST HEALTH SER L,331.25,337.4,324.5,334.6,328.6,516290
2026-09-23,MMWL,MEDIA MATRIX WORLDWIDE L,13.35,13.85,13.28,13.7,13.29,35980
2026-09-23,MEDICO,MEDICO REMEDIES LIMITED,34.15,34.74,31.82,32.65,33.96,586464
2026-09-23,MEDPLUS,MEDPLUS HEALTH SERV LTD,659.3,677.25,655.2,662.0,655.55,113333
2026-09-23,MEESHO,MEESHO LIMITED,243.0,244.37,230.94,236.37,240.19,29256339
2026-09-23,MEGASTAR,MEGASTAR FOODS LIMITED,265.65,281.9,265.65,277.6,276.1,1586
2026-09-23,MOL,MEGHMANI ORGANICS LIMITED,61.53,62.45,61.31,61.63,61.45,430151
2026-09-23,MIIL,MEGHNA INFRACON INFRA L,716.75,717.8,686.5,698.1,710.45,118649
2026-09-23,MERCANTILE,MERCANTILE VENTURES LTD.,21.9,24.5,21.9,22.01,22.1,8946
2026-09-23,MERCURYEV,MERCURY EV-TECH LIMITED,40.22,40.24,38.01,38.72,39.93,664358
2026-09-23,METROBRAND,METRO BRANDS LIMITED,920.0,920.8,906.0,911.1,920.3,27326
2026-09-23,METROGLOBL,METROGLOBAL LTD.,129.07,132.9,129.07,130.38,132.97,247
2026-09-23,METROPOLIS,METROPOLIS HEALTHCARE LTD,591.3,595.45,581.0,585.5,592.4,218722
2026-09-23,MIDWESTLTD,MIDWEST LIMITED,1020.0,1085.0,982.8,993.4,1018.3,29595
2026-09-23,MLKFOOD,MILKFOOD LTD.,83.5,87.0,82.0,82.88,82.45,2130
2026-09-23,MILKYMIST,MILKY MIST DAIRY FOOD L,307.0,317.25,306.15,317.25,302.15,4163501
2026-09-23,MINDACORP,MINDA CORPORATION LTD,687.05,695.55,682.8,689.05,685.4,152854
2026-09-23,MINDTECK,MINDTECK (INDIA) LIMITED,160.4,161.6,158.11,159.65,157.94,14739
2026-09-23,ALPHAETF,MIRAEAMC - ALPHAETF,26.42,26.52,26.22,26.5,26.13,140875
2026-09-23,BANKETF,MIRAEAMC - BANKETF,574.91,578.08,574.13,576.92,573.85,56995
2026-09-23,BANKPSU,MIRAEAMC - BANKPSU,83.59,84.45,83.59,84.16,83.55,10850
2026-09-23,CONSUMER,MIRAEAMC - CONSUMER,12.37,12.37,11.83,11.91,11.84,116323
2026-09-23,DEFENCE,MIRAEAMC - DEFENCE,79.51,79.57,78.87,79.1,79.24,188347
2026-09-23,DIVIDEND,MIRAEAMC - DIVIDEND,35.0,35.07,34.92,35.0,34.86,1526
2026-09-23,ENERGY,MIRAEAMC - ENERGY,39.16,39.16,37.88,38.13,38.02,432395
2026-09-23,EQUAL200,MIRAEAMC - EQUAL200,13.58,13.65,13.58,13.64,13.57,6344
2026-09-23,EQUAL50,MIRAEAMC - EQUAL50,323.66,325.17,323.63,325.16,323.49,757
2026-09-23,EVINDIA,MIRAEAMC - EVINDIA,31.69,31.83,31.65,31.72,31.64,68944
2026-09-23,HEALTHCARE,MIRAEAMC - HEALTHCARE,21.35,23.8,21.35,22.09,21.9,31580
2026-09-23,HYBRIDETF,MIRAEAMC - HYBRIDETF,9.98,10.08,9.97,10.02,9.98,50404
2026-09-23,INFRA,MIRAEAMC - INFRA,11.82,11.89,11.81,11.87,11.78,8414
2026-09-23,INTERNET,MIRAEAMC - INTERNET,15.34,15.34,14.94,15.03,14.97,155530
2026-09-23,ITETF,MIRAEAMC - ITETF,30.34,30.34,29.97,30.0,30.33,405623
2026-09-23,LARGEMID50,MIRAEAMC - LARGEMID50,35.48,35.62,35.48,35.61,35.46,584
2026-09-23,LIQUID,MIRAEAMC - LIQUID,1000.0,1000.0,999.99,999.99,999.99,409623
2026-09-23,LIQUIDPLUS,MIRAEAMC - LIQUIDPLUS,1104.21,1104.37,1104.21,1104.36,1104.21,136057
2026-09-23,ESG,MIRAEAMC - MAESGETF,40.22,40.36,40.11,40.29,40.09,3312
2026-09-23,MAFANG,MIRAEAMC - MAFANG,242.95,242.95,233.0,234.14,238.18,597087
2026-09-23,BFSI,MIRAEAMC - MAFSETF,26.99,26.99,26.46,26.58,26.46,89631
2026-09-23,GOLDETF,MIRAEAMC - MAGOLDETF,147.37,147.48,146.59,146.79,146.96,1184368
2026-09-23,GSEC10YEAR,MIRAEAMC - MAGS813ETF,30.13,30.5,30.13,30.44,30.12,727
2026-09-23,MAHKTECH,MIRAEAMC - MAHKTECH,22.35,22.35,21.45,21.86,22.01,777289
2026-09-23,MIDCAPETF,MIRAEAMC - MAM150ETF,23.43,23.49,23.28,23.43,23.32,1114590
2026-09-23,MAKEINDIA,MIRAEAMC - MAMFGETF,161.92,163.13,161.75,163.01,161.65,19962
2026-09-23,NIFTYETF,MIRAEAMC - MAN50ETF,254.53,255.8,254.27,255.42,254.53,69341
2026-09-23,LOWVOL,MIRAEAMC - MANV30F,199.91,200.17,199.67,200.09,199.77,1760
2026-09-23,NEXT50,MIRAEAMC - MANXT50,745.98,749.15,744.44,748.46,742.39,21450
2026-09-23,SILVERAG,MIRAEAMC - MASILVER,225.0,227.63,223.87,224.4,224.07,165251
2026-09-23,MASPTOP50,MIRAEAMC - MASPTOP50,102.0,102.94,93.02,97.56,98.01,2051032
2026-09-23,METAL,MIRAEAMC - METAL,13.43,13.43,12.78,13.4,13.11,2189340
2026-09-23,MIDSMALL,MIRAEAMC - MIDSMALL,51.15,51.6,51.15,51.56,51.14,69229
2026-09-23,MOMMIDCAP,MIRAEAMC - MOMMIDCAP,12.89,13.0,12.85,12.98,12.82,747696
2026-09-23,MULTICAP,MIRAEAMC - MULTICAP,16.52,16.57,16.47,16.53,16.45,50466
2026-09-23,SELECTIPO,MIRAEAMC - SELECTIPO,48.85,49.11,48.72,48.93,48.84,141493
2026-09-23,SENSEXETF,MIRAEAMC - SENSEXETF,77.4,77.45,77.04,77.37,77.12,9610
2026-09-23,SMALL250,MIRAEAMC - SMALL250,18.35,18.7,18.34,18.5,18.35,145765
2026-09-23,SMALLCAP,MIRAEAMC - SMALLCAP,48.8,49.27,48.76,49.12,48.74,1366686
2026-09-23,TOP20,MIRAEAMC - TOP20,8.64,8.67,8.62,8.65,8.64,29905
2026-09-23,VALUE,MIRAEAMC - VALUE,15.83,15.95,15.82,15.94,15.79,5761
2026-09-23,MIRZAINT,MIRZA INTERNATIONAL LIMIT,29.0,29.7,29.0,29.35,29.12,148475
2026-09-23,MIDHANI,MISHRA DHATU NIGAM LTD,415.0,421.9,414.5,416.2,415.2,337218
2026-09-23,MITCON,MITCON CON & ENG SER LTD,80.12,92.84,79.1,82.62,80.12,102341
2026-09-23,MITTAL,MITTAL LIFE STYLE LIMITED,0.77,0.77,0.74,0.74,0.76,2465145
2026-09-23,MMFL,MM FORGINGS LTD,599.5,624.5,599.5,614.65,603.4,52247
2026-09-23,MMP,MMP INDUSTRIES LIMITED,463.0,483.95,460.0,464.8,461.3,96752
2026-09-23,MMTC,MMTC LIMITED,59.75,60.99,59.75,60.47,59.67,861890
2026-09-23,MODTHREAD,MODERN THREADS INDIA LTD,46.1,47.9,45.0,45.92,46.37,17661
2026-09-23,MODINATUR,MODI NATURALS LIMITED,354.25,360.0,351.25,352.65,355.75,1006
2026-09-23,MODIRUBBER,MODI RUBBER LTD,121.81,124.0,118.4,121.51,122.04,870
2026-09-23,MODIS,MODIS NAVNIRMAN LTD,347.0,370.0,341.0,356.35,347.3,39231
2026-09-23,MOHITIND,MOHIT INDUSTRIES LTD,23.0,23.9,22.9,23.5,22.87,18667
2026-09-23,MOHITE,MOHITE INDUSTRIES LTD.,2.52,2.53,2.42,2.45,2.47,31356
2026-09-23,MOIL,MOIL LIMITED,243.0,251.79,242.55,248.7,243.2,633513
2026-09-23,MOKSH,MOKSH ORNAMENTS LIMITED,10.19,10.25,9.95,10.13,10.06,55566
2026-09-23,MOLBIO,MOLBIO DIAGNOSTICS LTD,1274.7,1338.3,1260.2,1313.2,1263.8,2192517
2026-09-23,MOLDTKPAC,MOLD-TEK PACKAGING LTD,641.5,685.8,641.5,679.95,639.95,78593
2026-09-23,MONARCH,MONARCH NETWORTH CAP LTD,370.55,370.6,361.0,363.45,366.9,42773
2026-09-23,MONEYBOXX,MONEYBOXX FINANCE LIMITED,57.4,58.4,54.53,54.96,57.4,70488
2026-09-23,MONTECARLO,MONTE CARLO FASHIONS LTD.,528.2,529.9,523.0,527.6,524.35,27432
2026-09-23,MOREPENLAB,MOREPEN LAB. LTD,119.48,124.47,118.01,122.35,119.04,11266057
2026-09-23,MOSCHIP,MOSCHIP TECHNOLOGIES LTD,207.61,210.25,207.0,207.32,207.37,808871
2026-09-23,MSUMI,MOTHERSON SUMI WRNG IND L,35.35,35.51,34.88,34.98,35.15,15183566
2026-09-23,MOM100,MOTILAL OS MIDCAP100 ETF,68.54,68.54,65.19,67.29,66.87,183430
2026-09-23,MON100,MOTILAL OS NASDAQ100 ETF,333.07,333.07,320.55,327.37,324.95,780598
2026-09-23,MOTILALOFS,MOTILAL OSWAL FIN LTD,1016.0,1058.0,1009.2,1042.5,1007.0,2096581
2026-09-23,MOM50,MOTILAL OSWAL M50 ETF,245.63,246.06,244.5,244.51,243.74,8638
2026-09-23,MOGSEC,MOTILALAMC - G5,65.25,65.49,64.95,65.44,65.03,1851
2026-09-23,MOALPHA50,MOTILALAMC - MOALPHA50,56.5,56.83,54.89,55.69,55.44,39162
2026-09-23,MOBANK10,MOTILALAMC - MOBANK10,16.93,16.93,16.59,16.7,16.77,2791
2026-09-23,MOCAPITAL,MOTILALAMC - MOCAPITAL,53.18,53.99,52.85,53.88,52.94,575974
2026-09-23,MODEFENCE,MOTILALAMC - MODEFENCE,104.4,104.46,103.5,103.76,103.81,1076465
2026-09-23,MOENERGY,MOTILALAMC - MOENERGY,38.1,38.29,37.86,38.02,37.91,136700
2026-09-23,MOGOLD,MOTILALAMC - MOGOLD,150.7,150.7,148.9,149.1,149.7,10597
2026-09-23,MOHEALTH,MOTILALAMC - MOHEALTH,53.17,53.17,52.6,52.8,52.65,54326
2026-09-23,MOINFRA,MOTILALAMC - MOINFRA,58.14,59.0,58.14,58.32,57.56,2057
2026-09-23,MOIPO,MOTILALAMC - MOIPO,49.23,49.84,48.7,48.97,48.98,1650
2026-09-23,MOLOWVOL,MOTILALAMC - MOLOWVOL,34.55,37.0,34.55,35.25,35.25,736337
2026-09-23,MOMENTUM50,MOTILALAMC - MOMENTUM50,53.89,54.07,53.65,54.0,53.53,290112
2026-09-23,MOMETAL,MOTILALAMC - MOMETAL,13.28,13.36,12.82,13.36,13.02,15114
2026-09-23,MOMGF,MOTILALAMC - MOMGF,159.4,160.04,158.49,159.93,159.42,673
2026-09-23,MOMIDMTM,MOTILALAMC - MOMIDMTM,63.64,64.4,63.62,64.22,63.64,29211
2026-09-23,MOMNC,MOTILALAMC - MOMNC,31.53,31.63,31.38,31.61,31.41,247
2026-09-23,MOMOMENTUM,MOTILALAMC - MOMOMENTUM,60.09,61.97,60.09,61.77,61.32,74495
2026-09-23,MON50EQUAL,MOTILALAMC - MON50EQUAL,32.95,34.0,32.4,33.9,32.63,6530
2026-09-23,MONEXT50,MOTILALAMC - MONEXT50,71.0,72.7,70.54,72.69,71.54,4257
2026-09-23,MONIFTY100,MOTILALAMC - MONIFTY100,24.74,24.9,24.66,24.67,24.72,5815
2026-09-23,MONIFTY500,MOTILALAMC - MONIFTY500,24.02,24.02,23.38,23.52,23.44,342348
2026-09-23,MONQ50,MOTILALAMC - MONQ50,228.28,228.28,202.92,202.92,253.64,2862484
2026-09-23,MOOILGAS,MOTILALAMC - MOOILGAS,11.37,11.37,10.95,11.06,11.51,444509
2026-09-23,MOPSE,MOTILALAMC - MOPSE,98.42,98.42,98.12,98.42,98.42,38
2026-09-23,MOQUALITY,MOTILALAMC - MOQUALITY,193.46,195.28,193.46,195.28,193.97,396
2026-09-23,MOREALTY,MOTILALAMC - MOREALTY,86.54,87.85,86.41,87.24,86.08,568354
2026-09-23,MOSERVICE,MOTILALAMC - MOSERVICE,30.32,30.38,30.15,30.38,30.2,1424
2026-09-23,MOSILVER,MOTILALAMC - MOSILVER,231.2,231.2,227.32,227.74,227.71,21615
2026-09-23,MOSMALL250,MOTILALAMC - MOSMALL250,18.35,18.53,18.31,18.48,18.3,1739141
2026-09-23,MOTOUR,MOTILALAMC - MOTOUR,78.45,79.98,78.15,78.33,78.52,13409
2026-09-23,MOVALUE,MOTILALAMC - MOVALUE,110.44,112.23,110.4,111.73,110.44,45664
2026-09-23,MOTISONS,MOTISONS JEWELLERS LTD,18.4,19.15,17.4,18.89,18.04,144251390
2026-09-23,MOTOGENFIN,MOTOR & GENERAL FINANCE L,26.3,26.9,25.72,26.09,26.28,16794
2026-09-23,MPHASIS,MPHASIS LIMITED,2265.0,2274.3,2229.9,2259.0,2265.0,219169
2026-09-23,MPSLTD,MPS LIMITED,2619.0,2710.0,2606.0,2691.2,2603.2,8951
2026-09-23,MRF,MRF LTD,124940.0,125250.0,124415.0,124580.0,124770.0,2354
2026-09-23,MRPL,MRPL,164.4,169.95,164.3,166.32,164.44,5593160
2026-09-23,BECTORFOOD,MRS BECTORS FOOD SPE LTD,218.62,222.5,217.05,219.3,217.81,649769
2026-09-23,MSPL,MSP STEEL & POWER LTD.,33.61,36.23,33.61,35.57,33.39,1132883
2026-09-23,MSTCLTD,MSTC LIMITED,745.65,760.9,743.55,752.25,746.95,143600
2026-09-23,MUFIN,MUFIN GREEN FINANCE LTD,132.6,135.32,132.12,133.11,132.69,928541
2026-09-23,MUKANDLTD,MUKAND LTD.,141.41,158.8,141.41,157.11,141.41,2525436
2026-09-23,MUKESHB,MUKESH BABU FINANC SER L,130.5,133.0,125.0,132.98,130.5,217
2026-09-23,MCX,MULTI COMMODITY EXCHANGE,3269.0,3374.0,3237.5,3374.0,3262.6,2249890
2026-09-23,MUNJALAU,MUNJAL AUTO IND. LTD.,104.8,108.97,104.66,107.27,104.8,361795
2026-09-23,MUNJALSHOW,MUNJAL SHOWA LTD,133.65,135.87,132.0,133.44,133.32,54209
2026-09-23,MURUDCERA,MURUDESHWAR CERAMICS LTD,29.0,29.97,28.95,29.06,29.23,14709
2026-09-23,RADIOCITY,MUSIC BROADCAST LIMITED,6.12,6.17,5.9,6.04,6.09,138537
2026-09-23,MUTHOOTCAP,MUTHOOT CAP SERV LTD,225.51,231.12,225.01,227.71,229.85,4428
2026-09-23,MUTHOOTFIN,MUTHOOT FINANCE LIMITED,2831.0,2856.5,2814.1,2856.5,2831.5,711064
2026-09-23,MUTHOOTMF,MUTHOOT MICROFIN LIMITED,188.6,190.87,187.5,189.19,188.32,102096
2026-09-23,MVELECTRO,MV ELECTROSYSTEMS LIMITED,875.0,903.75,855.5,871.6,877.35,1374608
2026-09-23,NRAIL,N R AGARWAL INDS LTD,669.85,677.0,650.2,657.9,652.1,19435
2026-09-23,NTCIND,N T C INDUSTRIES LTD.,133.81,143.0,131.49,141.63,133.81,4487
2026-09-23,NBIFIN,N.B.I. IND. FIN. CO. LTD,1941.3,1982.3,1937.0,1948.9,1948.0,5488
2026-09-23,NACLIND,NACL INDUSTRIES LIMITED,139.91,145.58,138.13,139.23,138.62,1336755
2026-09-23,NDGL,NAGA DHUNSERI GROUP LTD,2590.0,2625.0,2565.0,2579.0,2590.0,56
2026-09-23,NAGREEKCAP,NAGREEKA CAP & INFR.LTD,29.04,31.0,28.21,30.2,28.46,74186
2026-09-23,NAGREEKEXP,NAGREEKA EXPORTS LTD.,22.25,25.4,21.0,24.21,21.66,97332
2026-09-23,NAHARCAP,NAHAR CAP & FIN.,248.1,256.2,248.1,252.3,249.95,2275
2026-09-23,NAHARINDUS,NAHAR INDS ENT LTD,132.93,133.3,130.55,131.86,131.71,8358
2026-09-23,NAHARPOLY,NAHAR POLY FILMS LIMITED,235.99,236.0,228.0,228.81,232.84,3369
2026-09-23,NAHARSPING,NAHAR SPINNING MILLS LTD.,278.95,283.0,271.7,277.45,277.85,15456
2026-09-23,NGIL,NAKODA GROUP OF IND. LTD,40.9,40.9,38.65,39.78,39.04,1886
2026-09-23,NSIL,NALWA SONS INVESTMENT LTD,5515.0,5648.0,5476.0,5624.0,5524.0,3677
2026-09-23,NDL,NANDAN DENIM LIMITED,2.79,2.82,2.75,2.76,2.76,666203
2026-09-23,JAIPURKURT,NANDANI CREATION LIMITED,24.79,25.01,24.23,24.95,24.79,2305
2026-09-23,NH,NARAYANA HRUDAYALAYA LTD.,1892.8,1927.2,1872.0,1919.3,1883.3,104223
2026-09-23,NARMADA,NARMADA AGROBASE LIMITED,13.46,13.52,13.27,13.34,13.42,505348
2026-09-23,NATCOPHARM,NATCO PHARMA LTD.,815.15,840.0,811.0,837.6,815.05,650820
2026-09-23,NATHBIOGEN,NATH BIO-GENES (I) LTD,148.38,151.9,147.13,148.02,148.38,97539
2026-09-23,NATIONALUM,NATIONAL ALUMINIUM CO LTD,352.5,363.95,352.5,363.45,352.2,6249209
2026-09-23,NFL,NATIONAL FERT. LTD,66.51,68.0,66.5,67.84,66.71,671132
2026-09-23,NATIONSTD,NATIONAL STAND (INDIA) L,114.0,115.49,112.0,113.38,114.98,6340
2026-09-23,NAVA,NAVA LIMITED,551.1,555.25,548.7,553.65,550.9,210862
2026-09-23,NAVINFLUOR,NAVIN FLUORINE INT. LTD,8490.0,8495.0,8360.0,8457.5,8438.0,173778
2026-09-23,NAVKARCORP,NAVKAR CORPORATION LTD.,89.38,96.06,87.3,87.94,89.38,2483269
2026-09-23,NAVKARURB,NAVKAR URBANSTRUCTURE LTD,0.94,0.95,0.92,0.93,0.91,1070470
2026-09-23,NAVNETEDUL,NAVNEET EDUCATION LTD,123.0,125.9,123.0,123.75,123.12,78660
2026-09-23,NAZARA,NAZARA TECHNOLOGIES LTD,370.45,376.15,368.9,372.7,370.45,1327663
2026-09-23,NBCC,NBCC (INDIA) LIMITED,81.75,84.28,81.65,83.99,81.9,5625306
2026-09-23,NCC,NCC LIMITED,134.55,136.5,134.0,136.05,134.41,2256139
2026-09-23,NCLIND,NCL INDUSTRIES LIMITED,175.2,178.0,175.2,176.22,175.51,24946
2026-09-23,NDLVENTURE,NDL VENTURES LIMITED,125.25,125.25,121.17,124.06,124.01,7042
2026-09-23,NDRAUTO,NDR AUTO COMPONENTS LTD,769.4,769.4,746.1,763.15,753.2,17294
2026-09-23,NDTV,NDTV LTD,72.3,72.31,70.1,71.11,72.31,142777
2026-09-23,NECLIFE,NECTAR LIFESCIENCES LTD.,10.98,11.2,10.83,11.06,10.83,92820
2026-09-23,NEAGI,NEELAMALAI AGRO INDS. L,3468.8,3468.8,3468.8,3468.8,3468.8,1
2026-09-23,NELCAST,NELCAST LIMITED,108.81,110.66,106.8,106.98,108.9,85930
2026-09-23,NELCO,NELCO LTD,1012.1,1058.8,1012.1,1020.75,1011.75,511625
2026-09-23,NEOGEN,NEOGEN CHEMICALS LIMITED,2405.0,2423.9,2356.0,2392.1,2379.2,171733
2026-09-23,NEPHROPLUS,NEPHROCARE HEALTH SERV L,755.1,758.4,740.0,741.9,749.45,122493
2026-09-23,NESCO,NESCO LTD.,1069.0,1094.0,1069.0,1078.5,1069.0,47959
2026-09-23,NESTLEIND,NESTLE INDIA LIMITED,1370.0,1387.2,1361.6,1387.2,1363.9,685984
2026-09-23,NETWEB,NETWEB TECH INDIA LTD,4839.5,4845.0,4700.0,4736.0,4817.0,549732
2026-09-23,NPST,NETWORK PEOPLE SRV TECH L,1905.3,1905.3,1837.6,1844.7,1888.8,46146
2026-09-23,NETWORK18,NETWORK18 MEDIA & INV LTD,26.91,27.28,26.82,27.14,26.91,2785721
2026-09-23,NEULANDLAB,NEULAND LAB LTD.,22605.0,22945.0,22285.0,22490.0,22550.0,27009
2026-09-23,NEWGEN,NEWGEN SOFTWARE TECH LTD,496.0,514.05,494.45,504.15,495.7,688103
2026-09-23,NEXTMEDIA,NEXT MEDIAWORKS LIMITED,3.72,3.84,3.65,3.79,3.74,22067
2026-09-23,NGLFINE,NGL FINE CHEM LIMITED,2838.1,2858.5,2788.1,2830.4,2859.4,3251
2026-09-23,NHPC,NHPC LTD,76.02,76.85,76.02,76.74,76.01,6985170
2026-09-23,NIBE,NIBE LIMITED,1360.0,1383.3,1333.1,1346.9,1369.9,70122
2026-09-23,NICCOPAR,NICCO PARKS & RESORTS LTD,80.0,83.99,80.0,80.0,81.5,485
2026-09-23,NIITMTS,NIIT LEARNING SYSTEMS LTD,219.45,221.5,216.81,220.27,217.81,81817
2026-09-23,NIITLTD,NIIT LIMITED,89.99,92.8,89.75,91.67,89.52,166415
2026-09-23,NILAINFRA,NILA INFRASTRUCTURES LTD,6.66,6.88,6.66,6.82,6.66,173728
2026-09-23,NILASPACES,NILA SPACES LIMITED,12.27,12.27,11.67,11.81,12.02,1683147
2026-09-23,NILE,NILE LTD.,1444.0,1464.6,1424.2,1436.6,1444.9,1589
2026-09-23,NILKAMAL,NILKAMAL LIMITED,1859.6,1915.0,1859.6,1880.2,1864.8,11814
2026-09-23,NIMBSPROJ,NIMBUS PROJECTS LIMITED,188.01,197.0,186.0,194.79,188.54,30579
2026-09-23,NINSYS,NINTEC SYSTEMS LIMITED,711.05,714.55,705.25,710.3,711.05,1759
2026-09-23,BANKBEES,NIP IND ETF BANK BEES,583.52,586.7,581.01,585.57,583.52,251472
2026-09-23,CONSUMBEES,NIP IND ETF CONSUMPTION,128.92,128.96,128.18,128.81,128.23,44163
2026-09-23,DIVOPPBEES,NIP IND ETF DIV OPP,74.83,74.98,74.48,74.86,74.58,16726
2026-09-23,NV20BEES,NIP IND ETF ETF NV20,135.99,136.04,135.08,135.55,135.7,7939
2026-09-23,GOLDBEES,NIP IND ETF GOLD BEES,125.29,125.51,124.59,124.73,125.0,14210476
2026-09-23,HNGSNGBEES,NIP IND ETF HANGSENG BEES,462.58,464.2,460.33,461.52,462.58,51605
2026-09-23,INFRABEES,NIP IND ETF INFRA BEES,933.17,940.0,933.15,937.79,931.64,10040
2026-09-23,ITBEES,NIP IND ETF IT,31.86,31.9,31.43,31.47,31.77,13779436
2026-09-23,JUNIORBEES,NIP IND ETF JUNIOR BEES,782.44,785.0,778.21,784.54,778.55,258317
2026-09-23,LIQUIDBEES,NIP IND ETF LIQUID BEES,1000.0,1000.01,999.99,1000.0,1000.0,3252975
2026-09-23,LTGILTBEES,NIP IND ETF LONGTERM GILT,29.78,29.82,29.77,29.79,29.74,969453
2026-09-23,MID150BEES,NIP IND ETF MIDCAP 150,237.19,237.68,236.25,237.36,236.21,309171
2026-09-23,NIF100BEES,NIP IND ETF NIFTY 100,261.31,261.34,260.03,261.0,259.98,5826
2026-09-23,NIFTYBEES,NIP IND ETF NIFTY BEES,266.64,267.9,265.88,267.59,266.64,3169237
2026-09-23,PSUBNKBEES,NIP IND ETF PSU BANK BEES,92.15,93.4,92.01,93.19,92.15,1081518
2026-09-23,SHARIABEES,NIP IND ETF SHARIAH BEES,435.94,438.46,435.94,437.41,435.76,4657
2026-09-23,NAM-INDIA,NIPPON L I A M LTD,1153.3,1175.8,1153.3,1165.0,1159.0,494842
2026-09-23,LIQGRWBEES,NIPPONAMC - LIQGRWBEES,1056.45,1056.59,1056.45,1056.58,1056.45,181780
2026-09-23,MANUFGBEES,NIPPONAMC - MANUFGBEES,158.84,161.22,158.84,160.41,160.44,6899
2026-09-23,AUTOBEES,NIPPONAMC - NETFAUTO,280.69,281.26,279.3,280.54,280.12,88750
2026-09-23,PHARMABEES,NIPPONAMC - NETFPHARMA,28.37,28.37,27.61,27.89,27.68,3305177
2026-09-23,SILVERBEES,NIPPONAMC - NETFSILVER,222.62,223.63,219.86,220.26,220.27,16219218
2026-09-23,SNXT30BEES,NIPPONAMC - SNXT30BEES,41.0,42.28,41.0,42.28,42.06,1972
2026-09-23,NIRAJ,NIRAJ CEMENT STRUC LTD,28.16,28.87,27.98,27.99,28.16,15392
2026-09-23,NIRLON,NIRLON LTD,604.3,615.0,597.0,610.05,601.35,5520
2026-09-23,NITCO,NITCO LIMITED,91.9,93.0,91.44,92.38,91.89,561111
2026-09-23,NITINSPIN,NITIN SPINNERS LIMITED,613.75,619.9,610.7,617.8,608.4,46585
2026-09-23,NITIRAJ,NITIRAJ ENGINEERS LTD,225.05,230.95,225.05,228.34,229.33,827
2026-09-23,NITTAGELA,NITTA GELATIN INDIA LTD.,1691.6,1737.7,1691.6,1730.2,1700.1,2246
2026-09-23,NIVABUPA,NIVA BUPA HEALTH INS CO L,80.83,80.83,79.92,80.23,80.83,390877
2026-09-23,NKIND,NK INDUSTRIES LTD,56.56,57.99,56.51,56.78,56.55,485
2026-09-23,NLCINDIA,NLC INDIA LIMITED,267.0,269.15,265.3,267.1,267.0,758960
2026-09-23,NMDC,NMDC LTD.,80.07,82.32,80.07,82.0,80.2,11699092
2026-09-23,NSLNISP,NMDC STEEL LIMITED,42.61,44.62,42.41,43.95,42.51,8502115
2026-09-23,NOCIL,NOCIL LIMITED,194.4,211.2,194.0,206.3,193.89,7384798
2026-09-23,NOIDATOLL,NOIDA TOLL BRIDGE CO LTD,4.0,4.01,3.92,3.93,4.0,120653
2026-09-23,NORBTEAEXP,NORBEN TEA & EXPORTS LTD,65.93,67.39,64.0,65.55,66.26,996
2026-09-23,NORTHARC,NORTHERN ARC CAPITAL LTD,317.7,317.75,311.4,313.8,315.9,587471
2026-09-23,NOVAAGRI,NOVA AGRITECH LIMITED,22.9,23.4,22.9,23.11,23.08,29754
2026-09-23,NOVARTIND,NOVARTIS INDIA LIMITED,1998.0,2099.0,1959.9,2027.4,1973.3,77712
2026-09-23,NRBBEARING,NRB BEARING LIMITED,519.85,548.8,518.1,541.05,520.5,1530829
2026-09-23,NIBL,NRB INDUS. BEARINGS LTD.,34.0,34.3,33.0,33.52,33.08,37193
2026-09-23,NTPCGREEN,NTPC GREEN ENERGY LIMITED,93.78,95.8,93.77,95.42,93.31,5223366
2026-09-23,NTPC,NTPC LTD,326.5,329.4,325.0,326.0,327.8,10525477
2026-09-23,NUCLEUS,NUCLEUS SOFTWARE EXPORTS,685.95,695.1,681.05,685.0,685.95,9840
2026-09-23,NUVAMA,NUVAMA WEALTH MANAGE LTD,1669.7,1696.8,1669.6,1688.2,1675.7,82852
2026-09-23,NUVOCO,NUVOCO VISTAS CORP LTD,338.4,348.75,337.0,344.75,338.85,312009
2026-09-23,OBCL,OBCL LIMITED,59.6,61.0,59.6,60.27,58.16,45135
2026-09-23,OBEROIRLTY,OBEROI REALTY LIMITED,1842.1,1878.1,1831.0,1850.0,1845.6,389012
2026-09-23,ODIGMA,ODIGMA CONSULTANCY SOL L,21.0,21.41,20.7,21.1,20.92,29650
2026-09-23,ODYCORP,ODYSSEY CORPORATION LTD.,7.39,7.39,6.99,7.13,7.02,9889
2026-09-23,ONGC,OIL AND NATURAL GAS CORP.,235.5,236.9,234.2,236.9,236.13,8913385
2026-09-23,OIL,OIL INDIA LTD,467.0,471.45,466.6,470.0,467.0,711993
2026-09-23,OLAELEC,OLA ELECTRIC MOBILITY LTD,38.25,42.49,38.25,41.87,37.78,390177989
2026-09-23,OLECTRA,OLECTRA GREENTECH LIMITED,1229.0,1295.2,1226.5,1275.9,1217.2,1782067
2026-09-23,OMINFRAL,OM INFRA LIMITED,80.58,81.4,77.25,78.34,78.93,99989
2026-09-23,OMPOWER,OM POWER TRANSMISSION LTD,170.24,171.53,168.67,170.39,170.34,18985
2026-09-23,OMAXAUTO,OMAX AUTOS LTD,193.8,209.94,192.21,209.94,190.86,199826
2026-09-23,OMAXE,OMAXE LIMITED,117.0,124.9,114.3,123.13,116.5,873922
2026-09-23,OMNI,OMNITECH ENGINEERING LTD,556.0,570.45,551.15,553.7,562.5,487489
2026-09-23,PAYTM,ONE 97 COMMUNICATIONS LTD,1814.4,1819.9,1763.3,1775.0,1814.4,2410487
2026-09-23,ONEGLOBAL,ONE GLOBAL SERVICE PROV L,547.9,556.95,534.05,543.35,547.9,9969
2026-09-23,MOBIKWIK,ONE MOBIKWIK SYSTEMS LTD,208.48,209.69,202.0,202.93,209.02,1411387
2026-09-23,ONEPOINT,ONE POINT ONE SOL LTD,63.9,70.5,63.6,68.41,63.2,21831475
2026-09-23,KISSHT,ONEMI TECHNOLOGY SOL LTD,352.7,357.8,347.2,355.15,352.55,925450
2026-09-23,ONESOURCE,ONESOURCE SPECL PHARMA L,1595.0,1609.5,1587.9,1596.7,1587.9,158650
2026-09-23,ONIDA,ONIDA ELECTRONICS LIMITED,35.09,35.75,34.15,34.3,34.73,965764
2026-09-23,ONIXSOLAR,ONIX SOLAR ENERGY LTD.,306.5,306.5,306.5,306.5,322.6,17334
2026-09-23,ONWARDTEC,ONWARD TECHNOLOGIES LTD,287.2,296.0,287.0,294.0,286.6,33949
2026-09-23,OPTIEMUS,OPTIEMUS INFRACOM LTD,800.0,850.65,781.2,828.35,708.9,10628491
2026-09-23,OPTIFIN,OPTIMUS FINANCE LTD.,15.88,17.0,14.69,15.46,16.7,1281812
2026-09-23,OFSS,ORACLE FIN SERV SOFT LTD.,10989.0,11072.0,10801.0,10849.0,10989.0,174209
2026-09-23,ORCHASP,ORCHASP LIMITED,1.38,1.43,1.34,1.37,1.37,279036
2026-09-23,ORCHPHARMA,ORCHID PHARMA LIMITED,1105.0,1129.2,1090.0,1102.05,1107.2,134909
2026-09-23,ORICONENT,ORICON ENTERPRISES LTD,55.78,55.8,52.31,53.84,55.78,37842
2026-09-23,ORIENTBELL,ORIENT BELL LIMITED,386.9,397.95,382.4,391.5,392.8,28548
2026-09-23,ORIENTCEM,ORIENT CEMENT LTD.,124.43,125.5,123.31,124.89,123.19,144462
2026-09-23,ORIENTCER,ORIENT CERATECH LIMITED,48.6,48.84,47.69,47.7,48.08,42804
2026-09-23,ORIENTELEC,ORIENT ELECTRIC LIMITED,165.81,171.9,165.8,168.08,166.54,197695
2026-09-23,GREENPOWER,ORIENT GREEN POWER CO LTD,9.18,9.18,9.03,9.08,9.0,2257309
2026-09-23,ORIENTHOT,ORIENT HOTELS LTD,144.12,144.38,142.46,143.58,142.88,295043
2026-09-23,ORIENTPPR,ORIENT PAPER AND INDS LTD,17.01,17.1,16.75,16.9,16.99,185833
2026-09-23,ORIENTTECH,ORIENT TECHNOLOGIES LTD,235.08,239.8,233.5,238.06,235.08,76929
2026-09-23,OAL,ORIENTAL AROMATICS LTD,562.0,568.35,548.0,558.35,556.9,23735
2026-09-23,ORIRAIL,ORIENTAL RAIL INFRA L,127.0,128.22,124.37,126.81,126.96,72334
2026-09-23,ORIENTALTL,ORIENTAL TRIMEX LTD,5.07,5.1,4.9,4.96,4.98,140278
2026-09-23,ORISSAMINE,ORISSA MIN DEV CO LTD,3880.6,3932.8,3825.3,3841.2,3879.7,8069
2026-09-23,ORKLAINDIA,ORKLA INDIA LIMITED,573.0,578.55,556.0,557.45,569.25,164395
2026-09-23,ORTINGLOBE,ORTIN GLOBAL LIMITED,14.7,15.19,14.7,15.1,14.74,7046
2026-09-23,OSWALAGRO,OSWAL AGRO MILLS LTD,35.2,35.2,34.21,34.96,35.12,13284
2026-09-23,OSWALGREEN,OSWAL GREENTECH LIMITED,19.75,20.3,19.75,20.2,20.06,70616
2026-09-23,OSWALPUMPS,OSWAL PUMPS LIMITED,290.1,296.35,282.3,284.25,273.6,2158898
2026-09-23,PBMPOLY,P B M POLYTEX LTD.,64.0,64.0,63.68,63.68,65.01,134
2026-09-23,PNGJL,P N GADGIL JEWELLERS LTD,598.4,611.0,593.7,605.0,598.4,438608
2026-09-23,POEL,P O C L ENTERPRISES LTD.,138.05,143.99,137.41,140.57,138.05,17106
2026-09-23,PGHH,P&G HYGIENE & HEALTH CARE,7325.0,7325.0,7170.0,7193.5,7282.0,31383
2026-09-23,PACEDIGITK,PACE DIGITEK LIMITED,168.57,172.35,167.54,169.39,167.74,1797594
2026-09-23,PACIFICI,PACIFIC INDUSTRIES LTD.,140.0,144.79,138.6,142.34,140.0,225
2026-09-23,PAGEIND,PAGE INDUSTRIES LTD,37480.0,37545.0,37055.0,37340.0,37150.0,17565
2026-09-23,PAISALO,PAISALO DIGITAL LIMITED,93.88,93.89,89.1,90.39,93.43,16379793
2026-09-23,PAKKA,PAKKA LIMITED,77.02,79.0,76.5,77.15,77.02,58981
2026-09-23,PALASHSECU,PALASH SECURITIES LTD,87.11,88.9,85.0,85.69,86.7,2003
2026-09-23,PALREDTEC,PALRED TECHNOLOGIES LTD,45.0,49.29,45.0,46.73,46.95,1460
2026-09-23,PANACEABIO,PANACEA BIOTEC LTD,382.6,386.7,378.0,381.75,382.65,34025
2026-09-23,PANAMAPET,PANAMA PETROCHEM LTD,481.1,490.9,474.05,480.7,481.25,164568
2026-09-23,PANCHMAHQ,PANCHMAHAL STEEL LTD.,291.0,291.0,290.95,290.95,301.0,40
2026-09-23,PANORAMA,PANORAMA STUDIOS INTL. L,56.48,56.99,55.34,56.87,55.32,371956
2026-09-23,PANSARI,PANSARI DEVELOPERS LTD,271.65,289.05,271.65,277.0,278.1,201
2026-09-23,PARADEEP,PARADEEP PHOSPHATES LTD,154.5,156.34,153.33,154.26,154.17,1182398
2026-09-23,PARAGMILK,PARAG MILK FOODS LTD.,281.95,286.2,263.2,268.9,279.4,2858071
2026-09-23,PARACABLES,PARAMOUNT COMM LTD,61.49,63.35,61.49,62.29,61.75,1209778
2026-09-23,PARAS,PARAS DEF AND SPCE TECH L,1383.8,1411.0,1362.1,1381.2,1375.5,526157
2026-09-23,PARASPETRO,PARAS PETROFILS LTD.,2.07,2.12,2.05,2.08,2.09,103163
2026-09-23,PARKHOSPS,PARK MEDI WORLD LIMITED,286.4,291.45,284.9,286.55,285.1,582522
2026-09-23,PARKHOTELS,PARKHOTELS,108.0,108.67,105.51,106.29,107.75,186387
2026-09-23,PARNAXLAB,PARNAX LAB LTD.,134.98,134.98,125.0,128.73,129.22,44059
2026-09-23,PASHUPATI,PASHUPATI COTSPIN LIMITED,80.76,82.21,80.2,80.39,80.2,198559
2026-09-23,PASUPTAC,PASUPATI ACRYLON LIMITED,77.0,81.29,75.02,79.82,76.37,1040321
2026-09-23,PATANJALI,PATANJALI FOODS LIMITED,404.0,412.9,402.05,409.45,404.0,4117507
2026-09-23,PATELENG,PATEL ENGINEERING LTD.,27.0,27.64,26.95,27.27,26.85,3111930
2026-09-23,PATINTLOG,PATEL INT. LOG. LTD,14.29,14.53,14.06,14.42,14.19,75782
2026-09-23,PATELRMART,PATEL RETAIL LIMITED,204.34,211.28,204.05,210.33,205.36,55309
2026-09-23,PML,PAUL MERCHANTS LTD.,498.85,498.85,474.1,486.0,498.85,1239
2026-09-23,PAUSHAKLTD,PAUSHAK LIMITED,700.95,711.6,680.0,687.2,700.95,46827
2026-09-23,PAVNAIND,PAVNA INDUSTRIES LIMITED,15.33,15.83,15.02,15.5,15.46,23798
2026-09-23,POLICYBZR,PB FINTECH LIMITED,1800.0,1904.9,1793.0,1886.3,1805.0,2477939
2026-09-23,PCJEWELLER,PC JEWELLER LTD,13.8,14.86,13.64,14.47,13.58,867441415
2026-09-23,PCBL,PCBL CHEMICAL LIMITED,346.55,356.0,344.05,345.45,347.75,1432331
2026-09-23,PDSL,PDS LIMITED,362.4,364.0,359.05,361.4,361.45,67691
2026-09-23,PGIL,PEARL GLOBAL IND LIMITED,1195.0,1309.8,1190.0,1300.8,1194.9,767765
2026-09-23,PEARLPOLY,PEARL POLYMERS LTD,19.06,19.77,19.06,19.7,18.83,47273
2026-09-23,PENINLAND,PENINSULA LAND LIMITED,17.36,17.7,16.47,17.38,17.03,304151
2026-09-23,PENIND,PENNAR INDUSTRIES LTD,174.87,185.4,174.15,183.31,174.14,1703156
2026-09-23,PERMAGN,PERMANENT MAGNETS LTD.,837.85,839.85,827.2,832.5,837.85,3174
2026-09-23,PERSISTENT,PERSISTENT SYSTEMS LTD,5400.0,5413.0,5213.5,5240.0,5366.0,388889
2026-09-23,PETRONET,PETRONET LNG LIMITED,282.05,286.9,282.05,285.85,281.75,1300396
2026-09-23,PFIZER,PFIZER LTD,4021.0,4050.0,3991.0,4025.5,3998.9,17586
2026-09-23,PGEL,PG ELECTROPLAST LTD,522.85,527.5,519.0,521.15,520.2,546381
2026-09-23,PHOENXINTL,PHOENIX INTERNATIONAL LTD,29.0,29.0,27.8,28.16,28.35,1955
2026-09-23,PWL,PHYSICSWALLAH LIMITED,137.0,140.0,134.33,136.11,136.35,8529874
2026-09-23,PIIND,PI INDUSTRIES LTD,2407.2,2417.1,2381.0,2386.0,2410.0,102874
2026-09-23,PICCADIL,PICCADILY AGRO INDUSTRI L,618.8,628.4,611.85,621.6,614.8,110953
2026-09-23,PIDILITIND,PIDILITE INDUSTRIES LTD,1575.1,1591.7,1575.1,1588.1,1572.7,536262
2026-09-23,PILITA,PIL ITALICA LIFESTYLE LTD,7.38,7.73,7.31,7.43,7.38,31307
2026-09-23,PILANIINVS,PILANI INV & IND COR LTD,4008.3,4070.0,4000.0,4041.8,4008.3,736
2026-09-23,PINELABS,PINE LABS LIMITED,196.99,200.7,187.11,188.3,197.58,37096342
2026-09-23,PIONEEREMB,PIONEER EMBROIDERIES LTD,22.06,23.4,21.71,22.24,22.28,8501
2026-09-23,PIRAMALFIN,PIRAMAL FINANCE LIMITED,2200.0,2250.3,2199.9,2226.5,2206.7,387676
2026-09-23,PPLPHARMA,PIRAMAL PHARMA LIMITED,210.6,214.47,209.0,210.74,210.12,2879998
2026-09-23,PITTIENG,PITTI ENGINEERING LIMITED,1121.9,1175.0,1121.9,1167.1,1121.9,162348
2026-09-23,PIXTRANS,PIX TRANSMISSIONS LIMITED,1736.0,1818.0,1736.0,1758.7,1733.0,19427
2026-09-23,PLASTIBLEN,PLASTIBLENDS INDIA LTD,183.7,189.5,183.7,187.5,185.94,11036
2026-09-23,PLATIND,PLATINUM INDUSTRIES LTD,216.07,218.17,214.82,216.58,216.07,35738
2026-09-23,PLAZACABLE,PLAZA WIRES LIMITED,62.35,63.99,61.55,62.84,62.27,103082
2026-09-23,PNBGILTS,PNB GILTS LIMITED,76.26,77.79,76.0,76.33,76.23,165650
2026-09-23,PNBHOUSING,PNB HOUSING FIN LTD.,1125.1,1149.0,1125.1,1138.5,1125.6,896182
2026-09-23,PNCINFRA,PNC INFRATECH LTD.,138.81,142.24,138.01,139.17,139.62,1243417
2026-09-23,PNC,PNC MEDIA AND ENT LTD,16.1,17.5,16.1,17.33,16.42,24978
2026-09-23,PNGSREVA,PNGS REVA DIAMOND JEWEL L,515.5,527.8,510.65,525.95,511.7,91990
2026-09-23,PODDARMENT,PODDAR PIGMENTS LIMITED,288.7,291.0,277.7,281.8,288.7,7794
2026-09-23,POKARNA,POKARNA LIMITED,737.0,750.0,736.05,741.05,732.55,57910
2026-09-23,POLYMED,POLY MEDICURE LIMITED,1699.9,1734.0,1699.9,1726.6,1699.0,66841
2026-09-23,POLYCAB,POLYCAB INDIA LIMITED,8398.5,8454.0,8367.0,8417.0,8350.0,226275
2026-09-23,POLYPLEX,POLYPLEX CORPORATION LTD,1090.0,1128.6,1090.0,1117.1,1091.6,27586
2026-09-23,POLYSPIN,POLYSPIN EXPORTS LTD.,28.65,32.0,28.65,30.78,28.51,1253
2026-09-23,POCL,PONDY OXIDES & CHEM LTD,476.45,489.0,476.4,487.4,472.95,365156
2026-09-23,PONNIERODE,PONNIE SUGARS (ERODE) LTD,362.8,392.8,362.0,375.25,362.8,109319
2026-09-23,POONAWALLA,POONAWALLA FINCORP LTD,473.1,483.95,469.0,478.85,471.9,1880797
2026-09-23,PVSL,POPULAR VEHICLES N SER L,98.92,100.37,97.6,98.71,99.92,56036
2026-09-23,PFC,POWER FIN CORP LTD.,345.55,349.95,344.55,346.0,345.8,11150266
2026-09-23,POWERGRID,POWER GRID CORP. LTD.,265.95,270.85,265.95,270.2,265.95,6114433
2026-09-23,PIGL,POWER INSTRUMENT (G) LTD,100.05,101.75,99.32,99.92,101.06,19603
2026-09-23,POWERMECH,POWER MECH PROJECTS LTD.,2430.0,2465.0,2414.2,2453.5,2443.1,21384
2026-09-23,POWERICA,POWERICA LIMITED,553.0,576.2,553.0,570.85,559.3,82043
2026-09-23,PRABHA,PRABHA ENERGY LIMITED,235.8,238.83,233.02,234.8,235.72,84663
2026-09-23,PRAJIND,PRAJ INDUSTRIES LTD,318.0,324.8,318.0,320.15,317.55,289121
2026-09-23,PRAENG,PRAJAY ENG. SYN. LTD.,21.55,22.0,20.99,21.38,21.56,29712
2026-09-23,PRAKASH,PRAKASH INDUSTRIES LTD,119.3,120.4,118.51,119.79,119.12,429269
2026-09-23,PRAKASHSTL,PRAKASH STEELAGE LTD,3.72,3.82,3.7,3.72,3.72,65249
2026-09-23,PRANAV,PRANAV CONSTRUCTIONS LTD,104.0,109.39,103.13,105.85,102.87,5998749
2026-09-23,PRASOLCHEM,PRASOL CHEMICALS LIMITED,710.0,747.5,707.25,740.9,704.75,713648
2026-09-23,DIAMONDYD,PRATAAP SNACKS LIMITED,1113.3,1114.3,1080.3,1088.0,1090.3,4080
2026-09-23,PRAVEG,PRAVEG LTD.,253.1,263.7,253.1,261.05,255.85,18266
2026-09-23,PRAXIS,PRAXIS HOME RETAIL LTD,4.44,4.44,4.2,4.28,4.35,30589
2026-09-23,PRECAM,PRECISION CAMSHAFTS LTD.,117.6,127.88,117.6,122.11,118.87,1402615
2026-09-23,PRECWIRE,PRECISION WIRES INDIA LTD,495.0,505.0,488.25,498.85,491.1,715914
2026-09-23,PRECOT,PRECOT LIMITED,659.0,697.95,640.0,646.9,674.6,14779
2026-09-23,PREMCO,PREMCO GLOBAL LTD.,402.05,409.0,400.05,400.75,402.0,672
2026-09-23,PREMIERENE,PREMIER ENERGIES LIMITED,909.8,919.7,903.5,915.0,907.2,930143
2026-09-23,PREMEXPLN,PREMIER EXPLOSIVES LTD,675.9,676.85,668.6,675.15,674.25,180909
2026-09-23,PREMIERPOL,PREMIER POLYFILM LTD,81.7,97.22,81.14,96.72,81.02,6517058
2026-09-23,PRESTIGE,PRESTIGE ESTATE LTD,1479.6,1507.4,1479.1,1490.0,1479.6,141420
2026-09-23,PRICOLLTD,PRICOL LIMITED,776.3,786.0,760.05,763.65,768.1,240689
2026-09-23,PFOCUS,PRIME FOCUS LIMITED,362.55,362.8,333.15,337.15,357.45,6885605
2026-09-23,PRIMESECU,PRIME SECURITIES LIMITED,287.05,300.0,286.55,296.35,290.2,41199
2026-09-23,PRIMO,PRIMO CHEMICALS LIMITED,23.15,23.27,22.6,22.92,22.69,45589
2026-09-23,PRINCEPIPE,PRINCE PIPES FITTINGS LTD,265.5,268.15,264.55,265.75,265.25,67525
2026-09-23,PRIORITY,PRIORITY JEWELS LIMITED,224.0,268.2,223.8,263.35,223.5,1265732
2026-09-23,PRSMJOHNSN,PRISM JOHNSON LIMITED,116.05,116.9,115.65,116.43,116.08,181974
2026-09-23,PRISMX,PRISMX GLOBAL VENTURES L,0.55,0.55,0.53,0.53,0.55,233005
2026-09-23,PRITI,PRITI INTERNATIONAL LTD,33.8,33.8,32.6,33.17,32.9,4115
2026-09-23,PRIVISCL,PRIVI SPECIALITY CHE LTD,3485.0,3497.0,3402.6,3483.8,3515.2,235188
2026-09-23,PGHL,PROCTER & GAMBLE HEALTH L,5480.0,5515.5,5410.0,5452.0,5459.0,17583
2026-09-23,PROSTARM,PROSTARM INFO SYSTEMS LTD,139.4,141.6,131.42,138.08,127.84,1923182
2026-09-23,PROTEAN,PROTEAN EGOV TECHNO LTD,629.2,645.0,605.2,636.2,620.65,1881519
2026-09-23,PROZONER,PROZONE REALTY LIMITED,51.5,52.99,50.76,52.19,52.23,291649
2026-09-23,PRUDENT,PRUDENT CORP ADV SER LTD,3400.0,3498.0,3338.3,3352.7,3403.7,24467
2026-09-23,PRUDMOULI,PRUDENTIAL SUGAR CORPORAT,14.0,14.0,13.7,13.8,13.71,2692
2026-09-23,PSPPROJECT,PSP PROJECTS LIMITED,834.0,848.25,827.1,832.55,828.7,139703
2026-09-23,PFS,PTC INDIA FIN SERV LTD,26.5,27.14,26.43,26.72,26.43,485229
2026-09-23,PTC,PTC INDIA LIMITED,156.05,157.4,155.68,157.08,155.63,724814
2026-09-23,PTCIL,PTC INDUSTRIES LIMITED,22130.0,22500.0,22130.0,22355.0,22130.0,7635
2026-09-23,PTL,PTL ENTERPRISES LTD,38.35,38.5,38.11,38.18,38.35,37612
2026-09-23,PDMJEPAPER,PUDUMJEE PAPER PRO. LTD,99.25,101.45,98.0,98.27,97.36,130398
2026-09-23,PSB,PUNJAB & SIND BANK,21.92,22.24,21.92,22.1,21.93,807656
2026-09-23,PUNJABCHEM,PUNJAB CHEM & CROP PROT L,1051.0,1087.0,1051.0,1064.9,1066.2,4369
2026-09-23,PNB,PUNJAB NATIONAL BANK,116.61,118.9,116.61,118.3,117.0,12840968
2026-09-23,PURVA,PURAVANKARA LIMITED,218.79,218.79,215.92,216.82,216.69,94686
2026-09-23,PERNIASPOP,PURPLE STYLE LABS LIMITED,545.0,559.85,538.05,549.05,545.75,129229
2026-09-23,PVP,PVP VENTURES LIMITED,66.99,68.61,66.5,68.61,65.35,709084
2026-09-23,PVRINOX,PVR INOX LIMITED,1329.3,1329.3,1292.4,1317.5,1334.8,481134
2026-09-23,PYRAMID,PYRAMID TECHNOPLAST LTD,159.6,160.88,155.11,159.33,157.79,50286
2026-09-23,QUADFUTURE,QUADRANT FUTURE TEK LTD,525.0,537.05,524.8,526.55,522.4,298871
2026-09-23,QPOWER,QUALITY POWER ELEC EQUP L,1509.0,1566.0,1509.0,1555.6,1491.6,326604
2026-09-23,QGOLDHALF,QUANTUM GOLD ETF,125.39,125.72,124.95,124.98,125.2,61667
2026-09-23,QNIFTY,QUANTUM NIFTY 50 ETF,257.8,259.0,257.4,258.62,257.6,3050
2026-09-23,SILVER001,QUANT_AMC - SILVER001,23.7,23.94,23.06,23.19,23.34,550189
2026-09-23,QUESS,QUESS CORP LIMITED,361.0,364.55,356.55,359.0,360.45,220486
2026-09-23,QUICKHEAL,QUICK HEAL TECH LTD,152.48,154.0,150.25,151.57,152.32,82002
2026-09-23,RKSWAMY,R K SWAMY LIMITED,89.94,94.0,88.0,92.45,87.8,39564
2026-09-23,RRIL,R R I L LTD.,16.19,16.24,15.8,16.04,16.11,28739
2026-09-23,RRKABEL,R R KABEL LIMITED,2475.0,2519.6,2460.0,2476.7,2472.5,268514
2026-09-23,RSYSTEMS,R SYS INTERNATIONAL LTD,242.04,246.79,239.12,239.6,239.45,320943
2026-09-23,RTSPOWR,R T S POWER CORPN. LTD.,85.51,90.89,85.51,89.0,90.06,8753
2026-09-23,RSSOFTWARE,R. S. SOFTWARE (INDIA) LI,31.05,32.9,31.05,32.39,31.6,22923
2026-09-23,RPPINFRA,R.P.P INFRA PROJECTS LTD,53.94,55.6,53.94,55.05,54.98,25033
2026-09-23,RACE,RACE ECO CHAIN LIMITED,143.97,143.97,122.0,122.91,119.98,685875
2026-09-23,RACLGEAR,RACL GEARTECH LIMITED,1758.0,1795.0,1640.0,1689.6,1758.0,68163
2026-09-23,RADAAN,RADAAN MEDIAWORKS (I) LTD,2.87,3.44,2.52,3.13,2.87,566770
2026-09-23,RADIANTCMS,RADIANT CASH MGMT SER LTD,35.24,35.99,33.62,35.54,35.24,455125
2026-09-23,RADICO,RADICO KHAITAN LTD,4450.4,4614.1,4450.4,4601.9,4448.8,528324
2026-09-23,RPEL,RAGHAV PRODUCTIVITY ENH L,1742.0,1783.3,1701.0,1711.7,1742.3,57548
2026-09-23,RVNL,RAIL VIKAS NIGAM LIMITED,211.8,213.86,210.45,211.77,211.15,2894169
2026-09-23,RAILTEL,RAILTEL CORP OF IND LTD,264.1,270.0,263.3,268.75,263.9,570785
2026-09-23,RAIN,RAIN INDUSTRIES LIMITED,219.8,224.7,218.15,221.86,219.54,2970299
2026-09-23,RAINBOW,RAINBOW CHILDRENS MED LTD,1429.8,1443.4,1400.6,1406.5,1430.9,93353
2026-09-23,ROML,RAJ OIL MILLS LIMITED,42.0,42.25,41.14,41.87,41.14,2617
2026-09-23,RAJTV,RAJ TV NETWORK LTD,9.55,9.77,9.35,9.77,9.31,82629
2026-09-23,RAJPALAYAM,RAJAPALAYAM MILLS LTD.,769.0,794.95,769.0,790.45,758.5,1133
2026-09-23,ARENTERP,RAJDARSHAN INDUSTRIES LTD,34.77,35.75,34.0,34.98,34.77,1317
2026-09-23,RAJMET,RAJNANDINI METAL LIMITED,3.17,3.17,3.11,3.12,3.14,293642
2026-09-23,RSL,RAJPUTANA STAINLESS LTD,187.0,192.65,183.33,184.02,187.27,251660
2026-09-23,RAJRATAN,RAJRATAN GLOBAL WIRE LTD,452.0,500.0,452.0,483.2,450.2,618194
2026-09-23,RAJSREESUG,RAJSHREE SUGAR & CHEMICAL,32.49,32.88,31.55,32.0,32.16,18445
2026-09-23,RALLIS,RALLIS INDIA LTD,201.52,203.53,201.49,202.62,201.95,285026
2026-09-23,RAMRAT,RAM RATNA WIRES LIMITED,569.8,578.2,550.65,558.65,562.75,243033
2026-09-23,RAMAPHO,RAMA PHOSPHATES LIMITED,121.2,124.99,120.0,123.21,120.16,22878
2026-09-23,RAMCOIND,RAMCO INDUSTRIES LIMITED,319.15,326.9,319.15,325.95,320.85,78432
2026-09-23,RAMCOSYS,RAMCO SYSTEMS LTD.,598.0,612.0,592.4,598.0,592.4,99924
2026-09-23,RKFORGE,RAMKRISHNA FORGINGS LTD,714.0,723.05,705.5,710.2,716.25,373182
2026-09-23,RAMKY,RAMKY INFRA LTD,319.2,327.7,317.4,325.15,316.55,35578
2026-09-23,RANASUG,RANA SUGARS LTD.,14.11,14.39,14.01,14.06,14.11,358493
2026-09-23,RML,RANE (MADRAS) LIMITED,1338.1,1380.0,1338.1,1356.7,1347.9,25789
2026-09-23,RANEHOLDIN,RANE HOLDINGS LIMITED,1575.1,1600.0,1570.0,1591.9,1585.6,5363
2026-09-23,RPTECH,RASHI PERIPHERALS LIMITED,900.0,900.95,877.6,898.7,883.55,382200
2026-09-23,RCF,RASHTRIYA CHEMICALS & FER,107.95,109.98,107.6,109.63,107.63,1218290
2026-09-23,RATEGAIN,RATEGAIN TRAVEL TECHN LTD,841.3,853.95,828.3,851.8,837.5,259610
2026-09-23,RATNAMANI,RATNAMANI MET & TUB LTD.,2771.0,2841.0,2771.0,2800.8,2781.7,28051
2026-09-23,RATNAVEER,RATNAVEER PRECISION ENG L,334.0,343.75,322.1,331.4,332.3,7495098
2026-09-23,RTNINDIA,RATTANINDIA ENT LIMITED,27.47,27.94,27.25,27.45,27.22,900767
2026-09-23,RTNPOWER,RATTANINDIA POWER LIMITED,7.09,7.16,7.03,7.11,7.06,11771033
2026-09-23,RKDL,RAVI KUMAR DIST. LTD.,19.0,19.0,18.25,18.49,18.85,5843
2026-09-23,RVHL,RAVINDER HEIGHTS LIMITED,40.79,40.79,39.07,39.48,39.65,5411
2026-09-23,RELTD,RAVINDRA ENERGY LIMITED,150.51,151.39,147.4,149.36,151.26,76395
2026-09-23,RAYMONDLSL,RAYMOND LIFESTYLE LIMITED,657.7,685.0,653.1,677.45,652.8,513403
2026-09-23,RAYMOND,RAYMOND LTD,1130.05,1137.0,1074.4,1114.65,1116.95,4461009
2026-09-23,RAYMONDREL,RAYMOND REALTY LIMITED,591.0,679.0,591.0,671.45,589.5,12802316
2026-09-23,MOMSBELIEF,RAYS OF BELIEF LIMITED,228.85,239.0,224.02,227.7,228.33,252520
2026-09-23,RBLBANK,RBL BANK LIMITED,423.2,429.6,422.05,428.0,423.2,3651779
2026-09-23,RRECL,RDB REAL ESTATE CONS L,133.0,137.0,133.0,137.0,137.0,1120
2026-09-23,RECLTD,REC LIMITED,308.0,313.4,307.65,311.5,307.1,5448840
2026-09-23,REDINGTON,REDINGTON LIMITED,412.95,419.5,397.1,400.75,410.35,4661529
2026-09-23,REDTAPE,REDTAPE LIMITED,119.3,123.75,117.51,121.1,118.8,932477
2026-09-23,REFEX,REFEX INDUSTRIES LIMITED,291.95,292.8,285.05,286.65,291.0,232580
2026-09-23,REGAAL,REGAAL RESOURCES LIMITED,100.0,103.0,93.3,94.56,97.21,3705161
2026-09-23,REGENCERAM,REGENCY CERAMICS LTD.,36.75,36.75,30.4,34.89,33.3,5232
2026-09-23,RELAXO,RELAXO FOOT LTD.,293.7,300.95,293.6,298.3,292.65,258882
2026-09-23,GILT5YBEES,RELCAPAMC - NETFGILT5Y,65.9,66.31,65.9,66.05,65.92,107350
2026-09-23,RELIABLE,RELIABLE DATA SERVICE LTD,143.98,147.0,142.02,145.7,142.05,10930
2026-09-23,RELCHEMQ,RELIANCE CHEMOTEX IND LTD,117.03,120.0,117.03,117.71,117.61,2158
2026-09-23,RIIL,RELIANCE INDUSTRIAL INFRA,711.95,731.0,707.05,719.95,709.7,86618
2026-09-23,RELIANCE,RELIANCE INDUSTRIES LTD,1242.0,1252.8,1238.9,1248.0,1240.4,8352048
2026-09-23,RPOWER,RELIANCE POWER LTD.,20.81,21.3,20.81,21.03,20.89,18429284
2026-09-23,IVZBANKNF,RELIGARAMC - IVZBANKNF,56.46,56.53,56.38,56.53,56.24,216
2026-09-23,IVZSENSEX,RELIGARAMC - IVZSENSEX,74.6,75.11,73.8,75.11,74.6,620
2026-09-23,RELIGARE,RELIGARE ENTER. LTD.,248.55,254.02,248.0,251.77,249.17,447019
2026-09-23,REMSONSIND,REMSONS INDUSTRIES LTD,98.2,103.5,96.28,99.87,97.82,332855
2026-09-23,RGL,RENAISSANCE GLOBAL LTD,156.78,173.8,155.99,170.48,156.78,4184608
2026-09-23,RENTOMOJO,RENTOMOJO LIMITED,527.9,563.0,515.2,521.35,524.9,7882264
2026-09-23,REPCOHOME,REPCO HOME FINANCE LTD,356.0,361.2,354.2,355.85,357.25,47082
2026-09-23,REPRO,REPRO INDIA LIMITED,295.0,323.95,295.0,301.35,298.2,15927
2026-09-23,RESPONIND,RESPONSIVE INDUSTRIES LTD,157.38,167.7,157.38,162.24,157.38,1012730
2026-09-23,RBA,RESTAURANT BRAND ASIA LTD,94.11,95.86,93.12,94.86,93.64,1931704
2026-09-23,RVTH,REVATHI EQUIPMENT INDIA L,718.75,719.0,620.0,641.15,671.55,1230
2026-09-23,RHETAN,RHETAN TMT LIMITED,16.79,16.79,16.79,16.79,17.67,828372
2026-09-23,RHIM,RHI MAGNESITA INDIA LTD,386.8,401.0,384.05,388.85,379.2,4858870
2026-09-23,RICOAUTO,RICO AUTO INDUSTRIES LTD,128.14,131.24,128.14,129.23,128.14,654611
2026-09-23,RIR,RIR POWER ELECTRONICS L,191.37,193.0,188.0,189.75,191.56,501113
2026-09-23,RISHABH,RISHABH INSTRUMENTS LTD,734.4,752.0,725.75,738.95,736.55,96353
2026-09-23,RITCO,RITCO LOGISTICS LIMITED,287.2,293.4,284.0,289.75,287.2,112853
2026-09-23,RITES,RITES LIMITED,205.9,206.18,202.4,204.05,203.6,433416
2026-09-23,RKEC,RKEC PROJECTS LIMITED,18.97,19.19,18.5,19.04,18.43,36623
2026-09-23,RMC,RMC SWITCHGEARS LIMITED,226.0,229.85,219.24,221.94,225.2,25030
2026-09-23,RHL,ROBUST HOTELS LIMITED,174.0,179.69,173.1,173.1,174.82,467
2026-09-23,ROLEXRINGS,ROLEX RINGS LIMITED,173.5,187.65,173.42,183.58,172.5,7085323
2026-09-23,ROSSARI,ROSSARI BIOTECH LIMITED,442.25,474.2,440.95,454.8,442.25,128013
2026-09-23,ROSSELLIND,ROSSELL INDIA LIMITED,52.0,52.45,51.68,52.03,51.92,27087
2026-09-23,ROSSTECH,ROSSELL TECHSYS LIMITED,1494.5,1499.8,1425.0,1449.8,1494.1,276498
2026-09-23,ROTO,ROTO PUMPS LIMITED,62.85,63.63,62.5,63.13,62.8,177737
2026-09-23,ROUTE,ROUTE MOBILE LIMITED,467.3,497.25,467.3,473.25,463.95,1039348
2026-09-23,ROHLTD,ROYAL ORCHID HOTELS LTD,313.0,313.0,302.35,309.75,306.0,25196
2026-09-23,RPGLIFE,RPG LIFE SCIENCES LTD,2771.6,3047.2,2727.1,3025.4,2746.9,143445
2026-09-23,RPSGVENT,RPSG VENTURES LIMITED,840.0,859.95,828.3,851.75,841.65,15423
2026-09-23,RSWM,RSWM LIMITED,228.99,229.0,222.0,225.28,227.01,71503
2026-09-23,RUBFILA,RUBFILA INTERNATIONAL LTD,66.53,67.19,65.76,66.04,66.97,46712
2026-09-23,RUBICON,RUBICON RESEARCH LIMITED,1670.0,1682.5,1632.2,1674.8,1671.2,600567
2026-09-23,RUCHINFRA,RUCHI INFRASTRUCTURE LTD,5.2,5.38,5.06,5.25,5.01,117662
2026-09-23,RUCHIRA,RUCHIRA PAPERS LIMITED,105.1,106.5,105.1,105.77,105.93,20838
2026-09-23,RUDRA,RUDRA GLOBAL INFRA PROD L,20.47,20.47,19.74,19.81,20.1,39703
2026-09-23,REPL,RUDRABHISHEK ENTERP LTD,57.1,59.2,57.1,58.23,57.67,1861
2026-09-23,RUPA,RUPA & COMPANY LTD,140.0,141.37,137.97,140.63,138.52,127805
2026-09-23,RUSHIL,RUSHIL DECOR LIMITED,16.67,17.28,16.67,16.78,16.7,180245
2026-09-23,SAB,S A B INDUSTRIES LTD.,174.15,174.15,170.0,170.0,174.15,2001
2026-09-23,SCHAND,S CHAND AND COMPANY LTD,135.37,142.78,133.92,137.86,133.75,58188
2026-09-23,SHK,S H KELKAR AND CO. LTD.,138.88,146.65,138.88,144.45,138.28,536940
2026-09-23,SVGLOBAL,S V GLOBAL MILL LTD.,161.9,163.0,146.55,151.93,155.6,4466
2026-09-23,S&SPOWER,S&S POWER SWITCHGEARS LTD,338.0,338.0,314.1,318.05,325.45,1967
2026-09-23,SPAL,S. P. APPARELS LIMITED,984.5,999.0,976.6,989.5,979.7,26317
2026-09-23,SALSTEEL,S.A.L. STEEL LTD.,82.95,85.02,81.72,85.02,80.98,359860
2026-09-23,SAATVIKGL,SAATVIK GREEN ENERGY LTD,451.7,457.45,445.0,447.6,446.75,130510
2026-09-23,SADBHAV,SADBHAV ENGINEERING LTD,7.68,7.8,7.55,7.71,7.68,84305
2026-09-23,SADBHIN,SADBHAV INFRA PROJ LTD.,2.59,2.61,2.55,2.59,2.58,110108
2026-09-23,SAFARI,SAFARI IND (INDIA) LTD,1498.0,1506.4,1472.1,1491.6,1498.5,42901
2026-09-23,SAGCEM,SAGAR CEMENTS LIMITED,153.98,154.88,150.55,152.68,151.32,67000
2026-09-23,SAGARDEEP,SAGARDEEP ALLOYS LIMITED,23.1,24.39,23.1,24.36,23.39,8632
2026-09-23,SAGILITY,SAGILITY LIMITED,45.7,46.09,45.64,45.99,45.61,5919241
2026-09-23,SAHYADRI,SAHYADRI INDUSTRIES LTD,360.25,371.0,354.1,369.6,360.25,6499
2026-09-23,SAICAPI,SAI CAPITAL LTD.,153.0,159.8,152.0,155.69,152.52,578
2026-09-23,SAILIFE,SAI LIFE SCIENCES LIMITED,1606.9,1633.4,1600.2,1609.6,1600.5,265789
2026-09-23,SAIPARENT,SAI PARENTERALS LIMITED,509.2,514.2,501.65,509.3,506.65,62456
2026-09-23,KALAMANDIR,SAI SILKS (KALAMANDIR) L,78.0,81.9,78.0,79.99,78.08,913575
2026-09-23,SEKURITIND,SAINT GOBAIN SEKUR IND L,114.2,117.35,113.65,113.82,114.35,21432
2026-09-23,SAKAR,SAKAR HEALTHCARE LIMITED,1198.0,1229.85,1151.0,1162.65,1188.4,228348
2026-09-23,SAKSOFT,SAKSOFT LIMITED,145.0,149.01,144.36,147.79,144.36,212364
2026-09-23,SAKHTISUG,SAKTHI SUGARS LTD,18.3,18.95,18.1,18.23,18.3,228906
2026-09-23,SAKUMA,SAKUMA EXPORTS LIMITED,1.53,1.67,1.52,1.67,1.52,2655959
2026-09-23,SALASAR,SALASAR TECHNO ENGG. LTD.,4.96,5.03,4.91,4.94,4.96,2776406
2026-09-23,SALONA,SALONA COTSPIN LTD.,271.55,278.9,260.1,270.65,271.5,807
2026-09-23,SALZERELEC,SALZER ELECTRONICS LTD,551.45,555.0,545.05,549.05,545.95,29178
2026-09-23,SAMBANDAM,SAMBANDAM SPINNING MILL L,102.5,102.5,102.5,102.5,101.0,1229
2026-09-23,SAMBHAAV,SAMBHAAV MEDIA LTD,5.96,6.15,5.92,5.98,5.96,21203
2026-09-23,SAMBHV,SAMBHV STEEL TUBES LTD,152.8,161.0,151.02,158.22,151.94,7438082
2026-09-23,SAMHI,SAMHI HOTELS LIMITED,159.63,161.71,159.4,160.01,159.52,402854
2026-09-23,SAMMAANCAP,SAMMAAN CAPITAL LIMITED,142.25,145.94,142.25,144.48,142.36,3230314
2026-09-23,SAMPANN,SAMPANN UTPADAN INDIA LTD,24.8,24.8,23.87,24.34,24.1,21633
2026-09-23,MOTHERSON,SAMVRDHNA MTHRSN INTL LTD,162.99,165.2,162.33,164.4,161.77,7287266
2026-09-23,SANATHAN,SANATHAN TEXTILES LIMITED,474.7,510.0,472.45,506.35,471.3,484976
2026-09-23,SANDESH,SANDESH LTD,1021.5,1050.0,1021.4,1027.0,1038.7,644
2026-09-23,SANDHAR,SANDHAR TECHNOLOGIES LTD,589.2,595.0,584.6,591.75,586.3,78228
2026-09-23,SANDUMA,SANDUR MANG & IRON ORES L,183.99,190.09,183.24,188.06,183.24,548326
2026-09-23,SANGAMIND,SANGAM (INDIA) LTD,574.3,576.75,563.1,570.85,569.3,8865
2026-09-23,SANGHVIMOV,SANGHVI MOVERS LTD,438.2,444.2,435.0,441.75,438.8,154318
2026-09-23,SANOFICONR,SANOFI CONS HEALTHC IND L,3994.0,4035.2,3955.0,4005.4,3993.0,2377
2026-09-23,SANOFI,SANOFI INDIA LIMITED,3061.0,3076.9,3049.0,3052.4,3058.8,11216
2026-09-23,SANSERA,SANSERA ENGINEERING LTD,4589.1,4743.5,4530.0,4621.4,4586.5,546223
2026-09-23,SANSTAR,SANSTAR LIMITED,111.5,114.76,110.91,111.15,112.61,184575
2026-09-23,SAPPHIRE,SAPPHIRE FOODS INDIA LTD,235.19,237.24,230.41,231.48,237.24,716679
2026-09-23,ZSARACOM,SARASWATI COMM (INDIA) L,10400.0,10400.0,10186.0,10294.0,10485.0,13
2026-09-23,SSDL,SARASWATI SAREE DEPOT LTD,65.95,67.95,65.0,65.62,65.71,125706
2026-09-23,SARDAEN,SARDA ENERGY & MIN LTD,507.85,511.0,504.05,505.95,503.35,159141
2026-09-23,SAREGAMA,SAREGAMA INDIA LIMITED,505.0,517.2,500.0,507.0,503.35,438443
2026-09-23,SARLAPOLY,SARLA PERF. FIBERS LTD,98.4,101.7,97.6,100.03,99.26,66846
2026-09-23,SMLT,SARTHAK METALS LIMITED,60.16,62.0,59.5,60.61,60.77,6155
2026-09-23,SARVESHWAR,SARVESHWAR FOODS LIMITED,3.7,3.72,3.64,3.66,3.67,1124278
2026-09-23,SASKEN,SASKEN TECHNOLOGIES LTD,1789.0,1810.0,1764.1,1780.6,1755.6,15461
2026-09-23,SATIA,SATIA INDUSTRIES LIMITED,67.6,68.38,66.81,67.24,67.41,37855
2026-09-23,SATIN,SATIN CREDIT NET LTD,222.64,226.7,221.87,225.3,223.2,90821
2026-09-23,SAURASHCEM,SAURASHTRA CEMENT LIMITED,52.98,54.0,52.9,53.86,53.15,78627
2026-09-23,SOTL,SAVITA OIL TECHNOLO. LTD,720.0,748.9,713.1,715.6,724.35,247265
2026-09-23,SAYAJIHOTL,SAYAJI HOTELS LTD.,311.0,327.0,311.0,327.0,309.15,2
2026-09-23,SAYAJIIND,SAYAJI INDUSTRIES LTD.,121.0,124.0,115.5,122.0,121.0,4423
2026-09-23,SBC,SBC EXPORTS LIMITED,49.39,49.72,48.62,48.78,49.23,9405721
2026-09-23,SBFC,SBFC FINANCE LIMITED,90.84,92.4,90.56,91.21,90.41,1300327
2026-09-23,SBICARD,SBI CARDS & PAY SER LTD,636.0,639.85,633.35,635.0,634.95,461549
2026-09-23,SBIFUNDS,SBI FUNDS MANAGEMENT LTD,546.2,556.15,544.6,551.35,546.0,674153
2026-09-23,SBILIFE,SBI LIFE INSURANCE CO LTD,1758.0,1770.1,1744.4,1760.0,1756.3,513341
2026-09-23,SETFGOLD,SBI-ETF GOLD,129.21,129.41,128.3,128.64,128.91,3518011
2026-09-23,SETFNIF50,SBI-ETF NIFTY 50,252.53,254.25,250.96,252.66,251.73,565701
2026-09-23,SETFNIFBK,SBI-ETF NIFTY BANK,579.08,581.75,578.63,580.67,578.21,67220
2026-09-23,SETFNN50,SBI-ETF NIFTY NEXT 50,771.51,777.5,771.5,776.31,772.86,15326
2026-09-23,LIQUIDSBI,SBIAMC - LIQUIDSBI,999.99,1000.01,999.99,999.99,1000.01,5571
2026-09-23,SBIBPB,SBIAMC - SBIBPB,48.24,48.66,48.14,48.41,47.86,23829
2026-09-23,SBIETFCON,SBIAMC - SBIETFCON,120.47,120.47,118.81,119.33,118.93,1411
2026-09-23,SBIETFIT,SBIAMC - SBIETFIT,317.37,319.9,313.75,314.58,317.37,5373
2026-09-23,SBIETFPB,SBIAMC - SBIETFPB,276.39,284.19,276.39,280.47,279.18,1540989
2026-09-23,SBIETFQLTY,SBIAMC - SBIETFQLTY,214.45,214.94,213.86,214.2,214.19,41166
2026-09-23,SBILIQETF,SBIAMC - SBILIQETF,1057.04,1057.06,1057.04,1057.04,1056.9,140951
2026-09-23,SBIMIDMOM,SBIAMC - SBIMIDMOM,63.64,63.69,63.04,63.65,63.01,45297
2026-09-23,SBINEQWETF,SBIAMC - SBINEQWETF,32.04,32.84,32.04,32.64,32.43,15611
2026-09-23,SBINMID150,SBIAMC - SBINMID150,23.39,23.39,22.51,23.01,22.93,14740
2026-09-23,SBISILVER,SBIAMC - SBISILVER,227.5,229.11,225.29,225.79,225.6,736321
2026-09-23,SBISMLETF,SBIAMC - SBISMLETF,18.19,18.48,18.19,18.4,18.28,54877
2026-09-23,SBIVALETF,SBIAMC - SBIVALETF,14.46,14.58,14.46,14.58,14.46,2471
2026-09-23,SETF10GILT,SBIAMC - SETF10GILT,263.1,263.89,263.01,263.59,262.53,1501
2026-09-23,SCHAEFFLER,SCHAEFFLER INDIA LIMITED,4054.2,4098.7,4035.3,4085.7,4054.2,45556
2026-09-23,SCHNEIDER,SCHNEIDER ELECTRIC INFRA,1220.0,1253.6,1205.1,1243.4,1214.2,298693
2026-09-23,SCODATUBES,SCODA TUBES LIMITED,139.95,145.76,130.72,137.74,128.85,2930843
2026-09-23,SEAMECLTD,SEAMEC LIMITED,1745.0,1764.7,1722.2,1752.7,1734.7,26431
2026-09-23,SECMARK,SECMARK CONSULTANCY LTD,143.8,143.8,137.47,141.03,136.11,1930
2026-09-23,SECURKLOUD,SECUREKLOUD TECH LIMITED,16.9,17.29,16.51,16.61,16.85,10593
2026-09-23,SEDEMAC,SEDEMAC MECHATRONICS LTD,3028.2,3080.0,2980.0,3035.2,3034.3,63985
2026-09-23,SEJALLTD,SEJAL GLASS LIMITED,666.3,699.6,651.0,699.6,666.3,7610
2026-09-23,SEMAC,SEMAC CONSTRUCTION LTD,288.4,288.4,265.05,265.65,279.0,970
2026-09-23,SENCO,SENCO GOLD LIMITED,338.35,346.35,337.1,342.25,337.35,1218885
2026-09-23,SENORES,SENORES PHARMACEUTICALS L,1377.1,1417.9,1377.0,1383.4,1379.9,134952
2026-09-23,SEPC,SEPC LIMITED,5.18,5.35,5.15,5.22,5.16,12308628
2026-09-23,SERVOTECH,SERVOTECH REN POW SYS LTD,70.65,71.9,70.5,71.67,70.64,406657
2026-09-23,STYL,SESHAASAI TECHNOLOGIES L,360.05,366.2,358.05,359.8,361.25,39184
2026-09-23,SESHAPAPER,SESHASAYEE PAPER & BOARDS,246.69,250.99,246.69,247.95,246.94,20258
2026-09-23,SGFIN,SG FINSERVE LIMITED,629.0,637.65,620.0,622.15,624.6,128081
2026-09-23,SGMART,SG MART LIMITED,721.0,742.95,720.15,731.45,721.8,166323
2026-09-23,SGLRES,SGL RESOURCES LIMITED,2.46,2.52,2.28,2.44,2.4,93094
2026-09-23,SHADOWFAX,SHADOWFAX TECHNOLOGIES L,285.0,290.45,282.5,285.75,283.05,5096655
2026-09-23,SHAH,SHAH METACORP LIMITED,3.24,3.29,3.22,3.25,3.25,1707745
2026-09-23,SHAILY,SHAILY ENG PLASTICS LTD,3172.2,3229.0,3151.0,3211.0,3168.8,181675
2026-09-23,SHAKTIPUMP,SHAKTI PUMPS (I) LTD,470.0,479.75,470.0,476.8,469.1,331661
2026-09-23,SHALBY,SHALBY LIMITED,136.35,150.62,136.0,145.67,136.7,224182
2026-09-23,SAHLIBHFI,SHALIBHADRA FINANCE LTD,78.5,78.5,75.5,76.03,77.36,29319
2026-09-23,SRD,SHANKAR LAL RAMPAL LTD,40.5,40.9,39.4,40.88,40.32,99577
2026-09-23,SHANKARA,SHANKARA BLDG PRODUCT LTD,141.39,144.38,141.39,143.39,141.39,32951
2026-09-23,BUILDPRO,SHANKARA BUILDPRO LIMITED,1314.8,1332.8,1280.6,1292.3,1310.8,27400
2026-09-23,SHANKESH,SHANKESH JEWELLERS LTD,91.46,96.9,91.42,94.32,91.09,4538664
2026-09-23,SHANTIGEAR,SHANTHI GEARS LTD,664.3,680.55,655.5,668.05,673.7,42582
2026-09-23,SEIL,SHANTI EDU INITIATIVES L,194.54,198.88,192.0,197.86,191.74,309195
2026-09-23,SHANTIGOLD,SHANTI GOLD INTERNATION L,258.95,293.7,256.0,288.07,258.04,12582362
2026-09-23,SHANTI,SHANTI OVERSEAS INDIA LTD,5.84,5.84,5.4,5.7,5.56,15934
2026-09-23,SHINDL,SHARAT INDUSTRIES LTD.,163.42,166.0,160.68,164.13,162.53,129807
2026-09-23,SHARDACROP,SHARDA CROPCHEM LTD.,750.5,765.7,748.05,758.05,747.35,82837
2026-09-23,SHARDAMOTR,SHARDA MOTOR INDS LTD,990.0,1024.95,968.2,971.85,985.75,161127
2026-09-23,SHAREINDIA,SHARE IND. SECURITIES LTD,223.32,223.67,217.0,219.98,223.32,1845463
2026-09-23,SFL,SHEELA FOAM LIMITED,654.9,654.9,638.0,643.1,648.25,164118
2026-09-23,SHERVANI,SHERVANI INDUSTRIAL SYN L,340.0,340.0,308.1,320.1,343.0,389
2026-09-23,SHILCTECH,SHILCHAR TECHNOLOGIES LTD,4009.0,4200.0,3984.1,4147.6,3989.0,19084
2026-09-23,SHILGRAVQ,SHILP GRAVURES LTD.,154.57,160.0,144.0,147.67,154.57,32843
2026-09-23,SHILPAMED,SHILPA MEDICARE LTD,1040.0,1054.0,1010.0,1037.7,1033.15,613628
2026-09-23,SCILAL,SHIPPING CORP OF ILA LTD,38.06,38.79,37.92,38.2,38.27,353501
2026-09-23,SCI,SHIPPING CORP OF INDIA LT,281.65,282.2,278.7,279.05,281.1,888953
2026-09-23,SHIPROCKET,SHIPROCKET LIMITED,127.0,128.28,123.97,127.23,126.19,3066223
2026-09-23,SHIVAUM,SHIV AUM STEELS LIMITED,519.0,519.0,512.0,513.2,515.05,9201
2026-09-23,SHIVACEM,SHIVA CEMENT LTD.,15.79,15.82,15.5,15.6,15.5,20634
2026-09-23,SHIVAAGRO,SHIVA GLOBAL AGRO INDS. L,41.2,42.78,38.12,39.74,40.03,5592
2026-09-23,SHIVAMILLS,SHIVA MILLS LIMITED,61.24,61.24,59.3,59.92,61.24,876
2026-09-23,SHIVATEX,SHIVA TEXYARN LIMITED,172.52,173.28,170.75,172.0,172.07,436
2026-09-23,SBCL,SHIVALIK BIMETAL CON. LTD,1143.3,1177.8,1130.1,1156.0,1126.9,358667
2026-09-23,SHIVALIK,SHIVALIK RASAYAN LIMITED,425.0,436.9,423.35,431.65,416.9,143393
2026-09-23,SHIVAMAUTO,SHIVAM AUTO.LTD,17.8,18.5,17.6,18.21,17.75,94746
2026-09-23,SHOPERSTOP,SHOPPERS STOP LIMITED,391.35,400.0,388.65,391.1,392.5,20604
2026-09-23,SHRADDHA,SHRADDHA PRIME PROJECTS L,142.1,153.3,142.1,149.58,144.78,4858
2026-09-23,SHRADHA,SHRADHA REALTY LIMITED,30.5,30.96,30.01,30.45,30.78,2406
2026-09-23,SHREEPUSHK,SHRE PUSH CHEM & FERT LTD,503.05,517.0,492.2,495.8,505.85,50695
2026-09-23,SAPPL,SHREE AJIT PULP & PAPER L,298.7,298.7,271.0,273.1,272.15,524
2026-09-23,SHREECEM,SHREE CEMENT LIMITED,22210.0,22500.0,22210.0,22500.0,22200.0,10207
2026-09-23,SHREDIGCEM,SHREE DIGVIJAY CEM CO LTD,66.19,69.15,66.19,68.8,66.92,133898
2026-09-23,SGRL,SHREE GANESH REMEDIES LTD,705.1,749.85,705.1,735.55,704.8,26491
2026-09-23,SRTL,SHREE RAM TWISTEX LIMITED,38.5,39.61,38.5,38.9,38.84,54296
2026-09-23,SHREERAMA,SHREE RAMA MULTI TECH LTD,43.75,46.29,43.72,45.79,43.69,86110
2026-09-23,RAMANEWS,SHREE RAMA NEWSPRINT LTD,31.47,32.75,31.3,31.81,32.11,32276
2026-09-23,RENUKA,SHREE RENUKA SUGARS LTD,22.75,23.74,22.75,23.04,22.82,8743486
2026-09-23,BALAJEE,SHREE TIRUPATI BALAJEE L,25.01,25.9,24.9,25.68,25.19,26960
2026-09-23,SVLL,SHREE VASU LOGISTICS LTD,895.0,895.0,840.0,861.3,867.65,4492
2026-09-23,SHREEJISPG,SHREEJI SHIPPING GLOBAL L,721.25,728.9,720.05,723.75,719.35,321372
2026-09-23,OSWALSEEDS,SHREEOSWAL S AND CHE LTD,14.0,14.3,13.47,13.57,13.81,121958
2026-09-23,SHREYANIND,SHREYANS INDUSTRIES LTD,128.0,130.8,127.02,129.1,127.31,15638
2026-09-23,SHBAJRG,SHRI BAJRANG ALLIANCE L,154.0,162.84,150.0,161.24,153.79,2653
2026-09-23,SHRJAGP,SHRI JAGDAMBA POLYMERS L,634.0,639.95,625.0,632.25,630.5,231
2026-09-23,SHRIKRISH,SHRI KRISHNA DEVCON LTD.,35.45,37.71,35.45,35.45,34.75,157
2026-09-23,VASUPRADA,SHRI VASUPRADA PLANTATI L,100.0,100.0,95.05,95.05,100.0,31
2026-09-23,SHRINGARMS,SHRINGAR HOU OF MANGALS L,211.43,212.85,209.6,210.22,208.56,381776
2026-09-23,LIQUIDSHRI,SHRIRAM - LIQUIDSHRI,1122.56,1122.58,1122.56,1122.57,1122.43,11401
2026-09-23,SHRIRAMFIN,SHRIRAM FINANCE LIMITED,1012.0,1018.0,1005.5,1010.8,1006.0,2916356
2026-09-23,SHRIRAMPPS,SHRIRAM PROPERTIES LTD,71.0,73.48,71.0,72.69,71.03,285463
2026-09-23,SHUKRAPHAR,SHUKRA PHARMACEUTICALS L,59.0,59.8,56.0,56.79,58.59,3431554
2026-09-23,SHYAMMETL,SHYAM METALICS AND ENGY L,1099.5,1124.8,1095.6,1105.8,1094.1,418859
2026-09-23,SHYAMTEL,SHYAM TELECOM LIMITED,10.3,11.25,10.3,11.14,11.05,1339
2026-09-23,SICAGEN,SICAGEN INDIA LIMITED,53.0,53.45,51.25,52.98,52.05,22378
2026-09-23,ENRIN,SIEMENS ENERGY INDIA LTD,3235.0,3276.7,3206.0,3214.4,3235.0,170478
2026-09-23,SIEMENS,SIEMENS LTD,3878.3,3903.0,3828.0,3886.0,3858.0,133100
2026-09-23,SIGACHI,SIGACHI INDUSTRIES LTD,30.51,31.94,30.51,31.34,30.61,2943639
2026-09-23,SIGMA,SIGMA SOLVE LIMITED,46.46,46.5,45.85,46.04,46.46,78069
2026-09-23,SIGNATURE,SIGNATUREGLOBAL INDIA LTD,767.3,780.95,766.0,768.75,763.1,183486
2026-09-23,SIGNPOST,SIGNPOST INDIA LIMITED,268.85,275.6,267.25,273.9,267.05,21965
2026-09-23,SIKA,SIKA INTERPLANT SYSTEMS L,1089.9,1089.9,1044.2,1059.75,1062.8,33001
2026-09-23,SILINV,SIL INVESTMENTS LIMITED,440.8,460.0,440.8,452.8,440.8,2531
2026-09-23,SILGO,SILGO RETAIL LIMITED,71.0,71.3,69.64,70.43,70.92,20664
2026-09-23,SILVERTUC,SILVER TOUCH TECHNO LTD,158.0,158.61,151.0,152.99,155.89,260207
2026-09-23,SIMPLEXINF,SIMPLEX INFRASTRUCTURES L,256.8,265.0,255.0,256.4,256.3,161513
2026-09-23,SIMPLXREA,SIMPLEX REALTY LTD.,120.15,126.0,114.17,126.0,120.17,423
2026-09-23,SINCLAIR,SINCLAIRS HOTELS LIMITED,81.79,83.97,81.3,82.04,81.79,26798
2026-09-23,SINDHUTRAD,SINDHU TRADE LINKS LTD,24.01,24.27,23.77,23.96,24.11,211935
2026-09-23,SINGERIND,SINGER INDIA LIMITED,76.38,79.85,76.38,79.13,77.26,45095
2026-09-23,SINTERCOM,SINTERCOM INDIA LIMITED,84.98,84.98,77.52,78.75,80.49,9120
2026-09-23,SIRCA,SIRCA PAINT INDIA LIMITED,405.9,416.3,405.0,414.4,404.6,289848
2026-09-23,SIS,SIS LIMITED,423.95,430.5,419.0,421.45,424.05,98041
2026-09-23,SIYSIL,SIYARAM SILK MILLS LTD,539.0,543.4,532.65,540.55,535.75,18844
2026-09-23,SJS,SJS ENTERPRISES LIMITED,2310.8,2347.0,2310.4,2334.1,2310.8,43229
2026-09-23,SJVN,SJVN LTD,63.59,63.59,63.06,63.25,63.11,1763204
2026-09-23,SKFINDUS,SKF IND (INDUSTRIAL) LTD,2813.1,2928.0,2782.0,2885.9,2790.8,38160
2026-09-23,SKFINDIA,SKF INDIA LTD,1507.2,1534.7,1502.1,1519.8,1507.2,36312
2026-09-23,SKIPPER,SKIPPER LIMITED,568.0,580.0,562.55,567.5,561.55,1071979
2026-09-23,SKMEGGPROD,SKM EGG PROD EXPORT(I) LT,220.95,229.9,220.5,229.75,221.25,176443
2026-09-23,SKYGOLD,SKY GOLD AND DIAMONDS LTD,814.0,834.45,782.55,794.1,802.55,1325607
2026-09-23,SKYWAYS,SKYWAYS AIR SERVICES LTD,132.0,132.0,126.81,129.57,130.32,4900366
2026-09-23,SMARTWORKS,SMARTWORKS COWORKING SP L,540.8,554.1,539.2,541.05,543.9,27592
2026-09-23,SMCGLOBAL,SMC GLOBAL SECURITIES LTD,82.43,89.8,82.35,87.14,82.43,2330867
2026-09-23,SMLMAH,SML MAHINDRA LIMITED,6790.0,6898.5,6720.0,6794.0,6719.5,53537
2026-09-23,SMSPHARMA,SMS PHARMACEUTICALS LTD.,485.8,491.9,477.3,482.95,483.35,801318
2026-09-23,SNOWMAN,SNOWMAN LOGISTICS LTD.,34.76,35.5,34.62,35.18,34.85,154134
2026-09-23,SOBHA,SOBHA LIMITED,1230.0,1251.0,1222.1,1243.8,1230.9,43906
2026-09-23,SOFTTECH,SOFTTECH ENGINEERS LTD,475.0,503.35,475.0,491.85,498.25,3096
2026-09-23,SOLARINDS,SOLAR INDUSTRIES (I) LTD,20050.0,20370.0,19625.0,19730.0,19890.0,316329
2026-09-23,SOLARA,SOLARA ACTIVE PHA SCI LTD,744.55,759.5,715.0,722.9,744.55,491844
2026-09-23,SOLARWORLD,SOLARWORLD ENERGY SOL LTD,139.39,142.55,137.8,138.52,139.46,278134
2026-09-23,SOLEX,SOLEX ENERGY LIMITED,698.95,770.0,694.25,735.2,678.95,1119045
2026-09-23,SDBL,SOM DIST & BREW LTD,67.31,68.25,67.31,67.89,67.45,158194
2026-09-23,SOMATEX,SOMA TEXTILES & INDUST LT,81.62,83.7,80.02,82.35,80.02,6703
2026-09-23,SOMANYCERA,SOMANY CERAMICS LIMITED,595.0,602.0,581.2,596.3,594.75,108719
2026-09-23,SOMICONVEY,SOMI CONVEYOR BELT. LTD.,92.01,93.12,91.0,91.51,92.66,11638
2026-09-23,SONACOMS,SONA BLW PRECISION FRGS L,808.55,833.0,804.75,833.0,809.0,3183807
2026-09-23,SONAL,SONAL MERCANTILE LTD.,83.5,83.55,83.5,83.55,84.01,201
2026-09-23,SONATSOFTW,SONATA SOFTWARE LTD,284.25,286.7,281.5,282.0,284.45,317370
2026-09-23,SOUTHWEST,SOUTH WEST PINNACLE LTD,190.0,198.0,190.0,194.64,190.79,87484
2026-09-23,SPCENET,SPACENET ENTERS IND LTD,3.35,3.44,3.28,3.39,3.29,460845
2026-09-23,SPANDANA,SPANDANA SPHOORTY FIN LTD,227.25,233.32,227.2,232.18,227.38,78579
2026-09-23,SPENCERS,SPENCER S RETAIL LIMITED,28.35,29.86,28.01,29.44,28.47,32720
2026-09-23,SPIC,SPIC LTD,66.01,67.6,65.75,67.0,66.09,356978
2026-09-23,SPLIL,SPL INDUSTRIES LIMITED,30.22,31.4,29.62,30.19,30.52,9157
2026-09-23,SPMLINFRA,SPML INFRA LIMITED,166.9,171.0,166.6,168.58,166.44,133400
2026-09-23,SPORTKING,SPORTKING INDIA LIMITED,215.01,221.5,210.0,211.26,214.49,203482
2026-09-23,SHRIPISTON,SPR AUTO TECHNOLOGIES LTD,4512.6,4550.6,4469.3,4489.8,4512.6,22138
2026-09-23,SRHHYPOLTD,SREE RAYALSEEMA HHP LTD.,603.8,620.9,585.05,587.5,599.25,48715
2026-09-23,SRF,SRF LTD,2545.0,2562.0,2540.0,2550.0,2538.3,73197
2026-09-23,SRGHFL,SRG HOUSING FINANCE L,150.0,158.1,147.85,158.1,143.75,46174
2026-09-23,HAVISHA,SRI HAVISHA HOSP & INFR L,1.34,1.4,1.34,1.38,1.36,25254
2026-09-23,SRM,SRM CONTRACTORS LIMITED,423.3,425.4,418.95,422.45,419.8,33857
2026-09-23,SSRETAIL,SS RETAIL LIMITED,624.0,748.8,603.05,748.8,424.0,45735525
2026-09-23,SETL,STANDARD ENGNG TCNLGY LTD,402.5,415.55,402.0,407.0,402.55,437953
2026-09-23,SIL,STANDARD INDUSTRIES LTD.,16.25,17.48,16.25,17.13,16.01,136655
2026-09-23,STANLEY,STANLEY LIFESTYLES LTD,136.43,137.95,135.0,137.43,135.43,34505
2026-09-23,STARCEMENT,STAR CEMENT LIMITED,189.35,190.99,187.71,189.23,189.51,84627
2026-09-23,STARHEALTH,STAR HEALTH & AL INS CO L,544.6,551.9,542.0,549.2,544.6,664468
2026-09-23,STARPAPER,STAR PAPER MILLS LTD,157.71,158.0,155.3,156.27,156.79,2666
2026-09-23,STARTECK,STARTECK FINANCE LIMITED,268.0,268.0,250.1,253.85,242.0,621
2026-09-23,SBIN,STATE BANK OF INDIA,987.0,996.4,986.4,994.1,987.0,4522248
2026-09-23,STEAMHOUSE,STEAMHOUSE INDIA LIMITED,112.31,113.55,109.55,110.73,112.02,7268558
2026-09-23,SAIL,STEEL AUTHORITY OF INDIA,174.5,185.7,174.5,185.44,174.01,41615771
2026-09-23,STEELCITY,STEEL CITY SECURITIES LTD,84.23,86.0,83.1,84.82,85.59,8558
2026-09-23,STEELXIND,STEEL EXCHANGE INDIA LTD,11.21,12.84,11.21,12.01,11.18,43409817
2026-09-23,STLSTRINF,STEEL STRIPS INFRA L,25.4,25.4,23.65,24.01,23.16,14638
2026-09-23,SSWL,STEEL STRIPS WHEELS LTD.,369.5,380.0,367.8,371.95,364.8,1061277
2026-09-23,STEELCAS,STEELCAST LIMITED,350.85,361.0,346.55,359.7,350.15,268681
2026-09-23,STEL,STEL HOLDINGS LIMITED,684.0,684.0,617.95,640.6,663.55,11945
2026-09-23,SGL,STL GLOBAL LIMITED,9.07,9.64,8.56,8.93,9.07,16455
2026-09-23,STLNETWORK,STL NETWORKS LIMITED,49.65,49.7,48.5,49.7,47.34,3086717
2026-09-23,STOVEKRAFT,STOVE KRAFT LIMITED,834.85,842.9,818.4,829.1,827.8,130160
2026-09-23,STAR,STRIDES PHARMA SCI LTD,1217.0,1242.2,1217.0,1223.3,1217.4,153250
2026-09-23,SWSOLAR,STRLNG & WIL REN ENE LTD,179.26,181.8,178.22,180.76,178.42,1333410
2026-09-23,STUDDS,STUDDS ACCESSORIES LTD,422.0,424.8,412.7,415.75,421.45,54012
2026-09-23,STYLAMIND,STYLAM INDUSTRIES LIMITED,3400.0,3423.3,3325.1,3355.6,3309.4,88259
2026-09-23,STYRENIX,STYRENIX PERFORMANCE LTD,2078.3,2154.1,2077.6,2130.1,2078.3,28464
2026-09-23,SUBEXLTD,SUBEX LTD,19.5,22.8,19.48,22.08,19.37,70960363
2026-09-23,SUBROS,SUBROS LIMITED,725.0,742.0,721.6,731.5,720.65,52234
2026-09-23,SUDARSCHEM,SUDARSHAN CHEMICAL INDS L,1234.2,1257.5,1229.1,1236.9,1230.3,71876
2026-09-23,SUDARCOLOR,SUDARSHAN COLORNT IND LTD,392.05,394.95,386.7,390.7,390.2,2976
2026-09-23,SUDEEPPHRM,SUDEEP PHARMA LIMITED,1197.0,1210.0,1172.3,1199.6,1197.1,209732
2026-09-23,SUKHJITS,SUKHJIT STARCH & CHEM LTD,163.3,163.98,160.69,162.58,161.0,9597
2026-09-23,SULA,SULA VINEYARDS LIMITED,135.48,138.38,135.48,137.76,135.48,171641
2026-09-23,SUMEDHA,SUMEDHA FISCAL SERVICES L,44.85,45.0,44.0,44.08,44.04,2063
2026-09-23,SUMEETINDS,SUMEET IND LIMITED,11.05,11.05,11.05,11.05,10.53,175844
2026-09-23,SUMIT,SUMIT WOODS LIMITED,51.8,51.8,48.25,49.91,50.06,9795
2026-09-23,SUMICHEM,SUMITOMO CHEM INDIA LTD,459.95,468.0,455.4,464.2,457.5,370058
2026-09-23,SUMMITSEC,SUMMIT SECURITIES LTD,1410.0,1410.0,1385.0,1403.7,1404.0,1357
2026-09-23,SPARC,SUN PHARMA ADV.RES.CO.LTD,197.96,208.7,197.07,205.65,197.96,1935408
2026-09-23,SUNPHARMA,SUN PHARMACEUTICAL IND L,1846.4,1869.6,1844.0,1865.0,1846.4,902514
2026-09-23,SUNTV,SUN TV NETWORK LIMITED,490.1,503.3,485.6,490.2,490.1,1771617
2026-09-23,SUNCLAY,SUNDARAM CLAYTON LIMITED,1276.7,1276.7,1250.1,1253.9,1252.5,1684
2026-09-23,SUNDARMFIN,SUNDARAM FINANCE LTD,4729.2,4741.5,4640.0,4654.9,4751.9,52156
2026-09-23,SUNDARAM,SUNDARAM MULTI PAP LTD,1.19,1.19,1.17,1.17,1.17,203956
2026-09-23,SUNDRMFAST,SUNDRAM FASTENERS LTD,1190.9,1199.8,1179.8,1185.4,1190.9,277085
2026-09-23,SUNDROP,SUNDROP BRANDS LIMITED,748.9,756.65,725.0,744.3,742.35,36238
2026-09-23,SUNFLAG,SUNFLAG IRON AND STEEL CO,356.9,390.55,356.55,390.55,355.05,912957
2026-09-23,SUNRAKSHAK,SUNRAKSHAKK INDUS IND L,363.1,370.0,362.5,366.6,364.85,9864
2026-09-23,SUNSHIEL,SUNSHIELD CHEMICALS LTD.,1191.8,1215.0,1160.0,1164.3,1192.0,2201
2026-09-23,SUNSHINE,SUNSHINE PICTURES LIMITED,441.0,456.0,437.35,441.45,440.4,585436
2026-09-23,SUNTECK,SUNTECK REALTY LIMITED,289.2,294.85,288.0,290.1,287.9,90649
2026-09-23,SUPERHOUSE,SUPERHOUSE LIMITED,172.0,173.0,167.5,168.47,169.17,7485
2026-09-23,SIEL,SUPERIOR INDUSTRIAL ENT L,30.48,30.48,30.0,30.48,30.48,194
2026-09-23,SUPRAJIT,SUPRAJIT ENGINEERING LTD,483.45,491.55,481.6,485.05,483.45,28891
2026-09-23,SUPREME,SUPREME HOLDIN N HOSP I L,32.6,33.53,31.21,31.97,32.19,71938
2026-09-23,SUPREMEIND,SUPREME INDUSTRIES LTD,3477.8,3513.0,3465.1,3497.1,3460.5,78063
2026-09-23,SUPREMEINF,SUPREME INFRA. LTD.,84.89,84.89,80.61,81.0,80.5,12781
2026-09-23,SPLPETRO,SUPREME PETROCHEM LIMITED,868.25,899.0,860.55,882.2,864.75,387021
2026-09-23,SUPRIYA,SUPRIYA LIFESCIENCE LTD,945.05,1005.0,945.05,1000.9,939.1,1007970
2026-09-23,SURAJEST,SURAJ ESTATE DEVELOPERS L,216.5,222.2,213.9,220.41,217.0,208291
2026-09-23,SURAJLTD,SURAJ LIMITED,203.43,203.43,197.01,197.01,202.41,430
2026-09-23,SURAKSHA,SURAKSHA DIAGNOSTIC LTD,359.0,359.0,346.0,355.35,353.4,72845
2026-09-23,SURANASOL,SURANA SOLAR LIMITED,25.74,25.9,25.11,25.86,25.53,25081
2026-09-23,SURANAT&P,SURANA TELECOM AND POW LT,16.05,16.4,15.9,16.04,16.19,67954
2026-09-23,SBGLP,SURATWWALA BUS GROUP LTD,23.81,28.0,23.34,24.31,23.34,1163972
2026-09-23,SURYAROSNI,SURYA ROSHNI LTD,212.7,215.5,212.05,214.64,212.05,307551
2026-09-23,SURYALAXMI,SURYALAKSHMI COT MIL LTD,57.22,60.0,57.22,58.82,57.4,5497
2026-09-23,SURYALA,SURYALATA SPINNING MILL L,394.75,409.9,382.15,400.05,390.8,933
2026-09-23,SURYODAY,SURYODAY SMALL FIN BK LTD,146.95,149.9,146.6,149.3,146.4,157818
2026-09-23,SUVEN,SUVEN LIFE SCIENCES LTD,337.0,343.95,336.8,341.85,335.45,276928
2026-09-23,SUVIDHAA,SUVIDHAA INFOSERVE LTD,2.24,2.4,2.16,2.19,2.22,155367
2026-09-23,SUYOG,SUYOG TELEMATICS LIMITED,650.6,676.0,649.05,671.55,644.65,15611
2026-09-23,SUZLON,SUZLON ENERGY LIMITED,43.0,43.21,41.62,42.39,43.0,99322778
2026-09-23,SVPGLOB,SVP GLOBAL TEXTILES LTD,3.35,3.47,3.21,3.35,3.34,40480
2026-09-23,SWANCORP,SWAN CORP LIMITED,302.15,304.95,299.1,300.05,302.75,775263
2026-09-23,SWARAJENG,SWARAJ ENGINES LTD,3557.0,3581.9,3550.0,3559.3,3556.0,4678
2026-09-23,SWARNSAR,SWARNSARITA JEWELS IND L,38.21,44.5,38.21,42.04,39.69,36942
2026-09-23,SWELECTES,SWELECT ENERGY SYS LTD,560.05,589.0,560.0,581.85,564.95,10914
2026-09-23,SWIGGY,SWIGGY LIMITED,284.3,289.65,276.65,278.5,284.05,18748823
2026-09-23,SYMBIOTEC,SYMBIOTEC PHARMALAB LTD,1127.0,1128.2,1051.65,1062.0,1120.9,1444410
2026-09-23,SYMPHONY,SYMPHONY LIMITED,594.0,596.0,586.0,592.6,590.55,39027
2026-09-23,SYNCOMF,SYNCOM FORMU (I) LTD,20.57,20.67,19.8,20.01,20.4,5293142
2026-09-23,SGIL,SYNERGY GREEN IND. LTD,660.0,697.95,632.05,668.5,636.8,84520
2026-09-23,SYNGENE,SYNGENE INTERNATIONAL LTD,379.4,386.85,375.15,381.85,377.5,369046
2026-09-23,SYRMA,SYRMA SGS TECHNOLOGY LTD,1750.3,1750.3,1702.1,1719.4,1741.8,1400218
2026-09-23,TGVSL,T G V SRAAC LTD.,106.92,109.35,106.1,108.55,107.45,171548
2026-09-23,TTL,T T LIMITED,7.02,7.5,7.02,7.26,7.29,413643
2026-09-23,TAALTECH,TAAL TECH LTD.,1151.4,1174.7,1080.3,1094.8,1185.4,101517
2026-09-23,TAINWALCHM,TAINWALA CHEMICAL AND PLA,218.02,222.0,212.29,214.31,219.29,2583
2026-09-23,TAJGVK,TAJ GVK HOTELS & RESORTS,327.65,333.0,327.3,329.9,328.85,47479
2026-09-23,TAKE,TAKE LIMITED,16.11,16.39,15.75,15.86,15.84,271857
2026-09-23,TALBROAUTO,TALBROS AUTO. COMP. LTD,474.7,482.6,465.15,466.9,475.3,206297
2026-09-23,TMB,TAMILNAD MERCA BANK LTD,893.0,931.1,886.0,921.4,883.75,237718
2026-09-23,TNPL,TAMILNADU NEWSPRT & PAPER,142.05,147.7,142.05,144.37,142.56,310131
2026-09-23,TNPETRO,TAMILNADU PETROPRODUCTS L,129.0,130.39,127.83,128.98,129.0,486120
2026-09-23,TNTELE,TAMILNADU TELECOMMUNICATI,9.15,9.6,8.42,9.06,9.11,44578
2026-09-23,TANAA,TANEJA AEROSPACE & AVIA L,366.7,375.0,347.1,352.45,367.05,183283
2026-09-23,TANLA,TANLA PLATFORMS LIMITED,489.45,502.7,487.3,500.4,485.35,473046
2026-09-23,TARACHAND,TARA CHAND INFRA SOLN LTD,47.9,47.9,45.16,45.97,47.08,78744
2026-09-23,TARAPUR,TARAPUR TRANSFORMERS LTD,12.08,12.22,11.88,12.16,12.08,25949
2026-09-23,TARC,TARC LIMITED,130.66,131.0,128.7,129.65,130.66,322713
2026-09-23,TARMAT,TARMAT LIMITED,54.27,55.96,54.25,54.73,54.22,5172
2026-09-23,TARSONS,TARSONS PRODUCTS LIMITED,326.1,339.25,326.1,335.45,331.5,123431
2026-09-23,TASTYBITE,TASTY BITE EATABLES LTD,9823.0,10229.0,9791.0,10180.0,9829.0,3654
2026-09-23,TATACAP,TATA CAPITAL LIMITED,349.35,352.0,343.0,350.05,341.1,3331010
2026-09-23,TATACHEM,TATA CHEMICALS LTD,677.0,677.9,667.1,669.9,674.0,1179765
2026-09-23,TATACOMM,TATA COMMUNICATIONS LTD,1692.9,1708.7,1681.2,1700.6,1692.4,157911
2026-09-23,TCS,TATA CONSULTANCY SERV LT,2099.0,2104.2,2077.6,2089.6,2105.0,2228402
2026-09-23,TATACONSUM,TATA CONSUMER PRODUCT LTD,988.4,997.1,985.0,994.3,984.1,850774
2026-09-23,TATAELXSI,TATA ELXSI LIMITED,3220.0,3253.0,3210.0,3212.0,3220.0,159930
2026-09-23,TATAINVEST,TATA INVESTMENT CORP LTD,681.05,685.95,672.0,674.3,682.25,375242
2026-09-23,TMCV,TATA MOTORS LIMITED,442.7,452.0,438.5,450.2,440.1,11532732
2026-09-23,TMPV,TATA MOTORS PASS VEH LTD,300.1,302.65,298.7,300.5,300.05,4683895
2026-09-23,TATAPOWER,TATA POWER CO LTD,367.0,369.9,367.0,369.0,367.0,1418458
2026-09-23,TATASTEEL,TATA STEEL LIMITED,184.88,191.5,184.87,190.82,184.97,39798327
2026-09-23,TATATECH,TATA TECHNOLOGIES LIMITED,715.55,721.25,709.0,716.45,715.55,625279
2026-09-23,TTML,TATA TELESERV(MAHARASTRA),35.64,36.09,35.5,35.63,35.62,1081213
2026-09-23,NETF,TATAAML - NETF,255.9,256.0,254.01,255.17,254.99,1481
2026-09-23,NPBET,TATAAML - NPBET,285.11,285.64,284.0,284.0,284.26,14232
2026-09-23,TNIDETF,TATAAML - TNIDETF,88.58,88.98,88.0,88.8,88.6,67844
2026-09-23,TATAGOLD,TATAAML-TATAGOLD,14.71,14.75,14.65,14.67,14.69,35154842
2026-09-23,TATSILV,TATAAML-TATSILV,22.6,22.7,22.32,22.37,22.36,33492729
2026-09-23,TATVA,TATVA CHIN PHARM CHEM LTD,1742.9,1822.0,1713.0,1778.1,1744.2,100979
2026-09-23,TBOTEK,TBO TEK LIMITED,1700.0,1721.8,1700.0,1704.5,1703.7,137694
2026-09-23,TCC,TCC CONCEPT LIMITED,53.55,55.0,52.5,53.89,52.62,1667565
2026-09-23,TCIEXP,TCI EXPRESS LIMITED,488.55,512.45,488.55,505.6,486.15,22609
2026-09-23,TCIFINANCE,TCI FINANCE LTD,15.6,15.6,14.85,15.19,15.26,9089
2026-09-23,TCPLPACK,TCPL PACKAGING LIMITED,3814.0,4079.1,3814.0,4003.0,3833.8,13166
2026-09-23,TDPOWERSYS,TD POWER SYSTEMS LTD.,760.0,783.35,752.15,765.5,756.4,1842284
2026-09-23,TEAMGTY,TEAM INDIA GUARANTY LTD,240.99,241.0,235.0,239.95,240.77,186
2026-09-23,TEAMLEASE,TEAMLEASE SERVICES LTD.,1210.5,1211.0,1186.6,1196.0,1201.0,7971
2026-09-23,TECHM,TECH MAHINDRA LIMITED,1540.0,1558.0,1539.3,1557.0,1551.6,851068
2026-09-23,TECHNOE,TECHNO ELEC & ENG CO. LTD,1005.65,1021.8,1005.65,1012.05,1005.65,71021
2026-09-23,TIIL,TECHNOCRAFT IND LTD,3004.6,3155.3,3000.0,3019.9,2983.0,47403
2026-09-23,TECHNOCRAF,TECHNOCRAFT VENTURES LTD,464.0,482.55,463.05,475.65,457.5,2956605
2026-09-23,TECHNVISN,TECHNVISION VENTURES LTD.,3982.5,4181.5,3982.5,4181.5,3982.5,550
2026-09-23,TECILCHEM,TECIL CHEMICALS,9.48,9.6,8.9,9.5,9.31,11556
2026-09-23,TEGA,TEGA INDUSTRIES LIMITED,2067.0,2125.0,2061.5,2078.8,2069.0,671454
2026-09-23,TEJASNET,TEJAS NETWORKS LIMITED,517.9,525.4,511.95,521.55,516.3,890300
2026-09-23,TEMBO,TEMBO GLOBAL IND LTD,57.63,61.48,57.3,59.31,57.36,1389438
2026-09-23,TEMPSENS,TEMPSENS INST (INDIA) LTD,538.0,574.45,538.0,565.65,537.1,3639393
2026-09-23,TENNIND,TENNECO CLEAN AIR INDIA L,531.0,541.7,516.3,518.6,532.75,986500
2026-09-23,TERASOFT,TERA SOFTWARE LIMITED,240.3,246.95,228.6,230.8,240.8,37055
2026-09-23,TERAI,TERAI TEA CO. LTD.,115.0,115.0,110.7,111.36,118.0,10
2026-09-23,TEXINFRA,TEXMACO INFRA & HOLDG LTD,118.05,126.59,117.69,123.47,115.02,2791859
2026-09-23,TEXRAIL,TEXMACO RAIL & ENG. LTD.,119.75,126.7,118.0,124.75,119.2,6899587
2026-09-23,TEXMOPIPES,TEXMO PIPE & PRODUCTS LTD,59.25,61.29,59.15,59.63,59.38,126916
2026-09-23,TGBHOTELS,TGB BANQUETS&HOTELS LTD,9.84,10.15,9.36,9.43,9.64,72038
2026-09-23,THACKER,THACKER & CO. LTD.,1000.0,1050.0,980.0,1008.0,1008.75,18
2026-09-23,THAKDEV,THAKKERS DEVELOPERS LTD.,129.15,137.9,129.15,133.78,126.36,1517
2026-09-23,THANGAMAYL,THANGAMAYIL JEWELLERY LTD,5174.0,5349.5,5173.5,5317.0,5119.5,85826
2026-09-23,ANUP,THE ANUP ENGINEERING LTD,1673.0,1728.0,1664.4,1698.4,1663.0,56184
2026-09-23,BYKE,THE BYKE HOSPITALITY LTD,30.3,30.85,28.75,30.35,30.31,75426
2026-09-23,GESHIP,THE GE SHPG.LTD,1462.9,1489.1,1459.0,1483.8,1462.0,411769
2026-09-23,GROBTEA,THE GROB TEA COMPANY LTD,920.0,920.0,900.0,919.35,904.2,65
2026-09-23,INDIACEM,THE INDIA CEMENTS LIMITED,345.0,347.2,339.0,340.05,340.65,112453
2026-09-23,INDHOTEL,THE INDIAN HOTELS CO. LTD,738.25,744.0,736.15,743.7,736.25,1295095
2026-09-23,THEINVEST,THE INVEST TRUST OF IND L,95.0,95.04,93.0,94.06,95.25,10403
2026-09-23,NIACL,THE NEW INDIA ASSU CO LTD,188.34,193.2,187.5,191.16,187.41,2811596
2026-09-23,PHOENIXLTD,THE PHOENIX MILLS LTD,1960.0,2015.3,1954.2,1993.2,1953.4,639296
2026-09-23,RAMCOCEM,THE RAMCO CEMENTS LIMITED,883.75,889.65,878.0,885.05,883.5,237490
2026-09-23,RUBYMILLS,THE RUBY MILLS LTD,432.0,515.0,432.0,490.2,459.95,111992
2026-09-23,SOUTHBANK,THE SOUTH INDIAN BANK LTD,45.26,47.2,45.26,47.08,45.23,14551891
2026-09-23,STCINDIA,THE STATE TRADING CORPN,111.85,113.0,111.25,111.98,111.06,15098
2026-09-23,UGARSUGAR,THE UGAR SUGAR WORKS LTD,55.36,58.64,55.36,57.22,55.35,915900
2026-09-23,WIPL,THE WESTERN INDIA PLY LTD,164.9,164.9,160.02,160.91,159.4,1666
2026-09-23,THEJO,THEJO ENGINEERING LIMITED,2194.3,2194.3,2151.2,2173.5,2167.9,3114
2026-09-23,THEMISMED,THEMIS MEDICARE LTD.,125.85,125.85,121.5,121.97,122.6,35037
2026-09-23,THERMAX,THERMAX LTD,3460.1,3507.9,3445.1,3464.9,3472.2,153000
2026-09-23,TIRUMALCHM,THIRUMALAI CHEMICALS LTD,159.2,171.43,157.37,165.22,157.32,2671402
2026-09-23,THOMASCOOK,THOMAS COOK (INDIA) LTD,104.6,106.16,104.6,105.12,104.85,237088
2026-09-23,THOMASCOTT,THOMAS SCOTT (INDIA) LTD,236.0,239.4,232.55,235.15,236.9,38180
2026-09-23,THYROCARE,THYROCARE TECH LTD,580.0,584.75,572.35,573.75,577.5,146553
2026-09-23,TIGERLOGS,TIGER LOGISTICS (INDIA) L,26.95,27.5,26.12,26.87,26.57,123476
2026-09-23,TI,TILAKNAGAR INDUSTRIES LTD,573.5,607.8,572.1,601.5,574.65,1593921
2026-09-23,TIMETECHNO,TIME TECHNOPLAST LTD.,181.25,183.25,180.01,181.96,180.59,3467558
2026-09-23,TIMEX,TIMEX GROUP INDIA LTD.,705.0,748.0,705.0,725.75,703.8,1193305
2026-09-23,TIMKEN,TIMKEN INDIA LTD.,3152.0,3299.0,3133.6,3287.9,3178.5,55180
2026-09-23,TINNARUBR,TINNA RUBBER AND INFR LTD,1016.5,1026.55,1000.0,1007.25,1008.1,27984
2026-09-23,TIPSFILMS,TIPS FILMS LIMITED,327.0,327.0,313.0,314.75,316.35,2164
2026-09-23,TIPSMUSIC,TIPS MUSIC LIMITED,665.0,682.5,660.0,670.5,661.8,326612
2026-09-23,TITAGARH,TITAGARH RAIL SYSTEMS LTD,834.95,845.7,827.1,842.05,834.85,367272
2026-09-23,TITAN,TITAN COMPANY LIMITED,4928.5,4951.0,4852.5,4880.0,4928.5,769737
2026-09-23,TOKYOPLAST,TOKYO PLAST INTL LTD,79.0,79.5,78.0,79.4,78.4,2420
2026-09-23,TOLINS,TOLINS TYRES LIMITED,89.7,93.0,89.48,91.58,89.6,34684
2026-09-23,TORNTPHARM,TORRENT PHARMACEUTICALS L,4924.0,4992.0,4884.0,4985.0,4935.0,309574
2026-09-23,TORNTPOWER,TORRENT POWER LTD,1247.1,1268.0,1247.1,1259.4,1246.3,156538
2026-09-23,TOUCHWOOD,TOUCHWOOD ENTERTAIN LTD.,61.97,61.97,61.07,61.85,61.67,245
2026-09-23,TFCILTD,TOURISM FINANCE CORP. OF,141.8,142.99,140.86,141.55,140.8,11104195
2026-09-23,TOYAMSL,TOYAM SPORTS LTD.,0.88,0.88,0.86,0.88,0.84,1227535
2026-09-23,TPLPLASTEH,TPL PLASTECH LIMITED,65.48,67.38,65.42,67.15,65.09,108318
2026-09-23,TRACXN,TRACXN TECHNOLOGIES LTD,32.8,33.32,32.69,32.95,32.69,164668
2026-09-23,TARIL,TRANS & RECTI. LTD,280.95,289.95,280.95,289.0,280.75,1257349
2026-09-23,TRANSCOR,TRANSCORP INTERNATIONAL L,25.0,25.7,24.2,24.28,24.92,3261
2026-09-23,TREL,TRANSINDIA REAL ESTATE L,27.31,28.39,27.11,27.78,27.31,137169
2026-09-23,TCI,TRANSPORT CORPN OF INDIA,813.45,834.95,813.45,829.75,813.45,42256
2026-09-23,TRANSRAILL,TRANSRAIL LIGHTING LTD,478.0,496.0,468.65,488.9,477.15,10396978
2026-09-23,TFL,TRANSWARRANTY FIN. LTD.,11.75,12.19,11.65,11.77,11.75,1112
2026-09-23,TRAVELFOOD,TRAVEL FOOD SERVICES LTD,1230.0,1233.9,1204.6,1214.5,1230.3,22319
2026-09-23,TREEHOUSE,TREE HOUSE EDU LTD,6.05,6.14,5.84,5.93,6.05,10437
2026-09-23,TREJHARA,TREJHARA SOLUTIONS LTD,136.97,138.97,132.1,135.22,136.21,12151
2026-09-23,TRENT,TRENT LTD,2782.9,2794.4,2764.5,2774.0,2782.9,839769
2026-09-23,TRF,TRF LIMITED,215.0,221.4,214.0,216.31,216.06,9874
2026-09-23,TRIDENT,TRIDENT LIMITED,22.93,23.54,22.92,23.42,22.93,5005602
2026-09-23,TRIGYN,TRIGYN TECHNOLOGIES LTD,55.98,58.1,55.51,56.14,55.76,14943
2026-09-23,TRITONV,TRITON VALVES LTD.,1062.1,1160.0,1062.1,1133.8,1080.1,4857
2026-09-23,TRIVENI,TRIVENI ENGG. & INDS. LTD,239.5,246.9,238.8,242.35,239.55,289387
2026-09-23,TRITURBINE,TRIVENI TURBINE LIMITED,553.9,563.85,552.85,562.1,550.3,304911
2026-09-23,TRUALT,TRUALT BIOENERGY LIMITED,418.7,445.0,415.2,438.9,414.45,864019
2026-09-23,TRU,TRUCAP FINANCE LIMITED,4.17,4.26,4.15,4.23,4.17,26307
2026-09-23,TSFINV,TSF INVESTMENTS LIMITED,465.0,465.7,458.0,462.05,461.35,66149
2026-09-23,TTKHLTCARE,TTK HEALTHCARE LIMITED,1054.1,1070.3,1046.7,1051.2,1050.2,24101
2026-09-23,TTKPRESTIG,TTK PRESTIGE LTD,519.15,528.0,517.15,525.8,517.15,43374
2026-09-23,TIINDIA,TUBE INVEST OF INDIA LTD,2574.0,2603.0,2565.0,2578.6,2574.0,135053
2026-09-23,TURTLEMINT,TURTLEMINT FINTECH SOLS L,141.36,143.37,135.0,136.3,140.23,1014985
2026-09-23,TUTIALKA,TUTICORIN ALKAL CH & FE L,55.34,57.49,55.0,55.64,55.34,5587
2026-09-23,TVTODAY,TV TODAY NETWORK LTD,109.85,110.7,107.15,107.7,107.67,57092
2026-09-23,TVSELECT,TVS ELECTRONICS LTD,390.0,400.0,390.0,391.8,391.15,46174
2026-09-23,TVSHLTD,TVS HOLDINGS LIMITED,12545.0,12668.0,12361.0,12591.0,12543.0,4611
2026-09-23,TVSMOTOR,TVS MOTOR COMPANY  LTD,4130.2,4164.8,4100.4,4135.0,4140.0,862827
2026-09-23,TVSSRICHAK,TVS SRICHAKRA LIMITED,4651.5,4730.0,4620.5,4651.0,4650.0,5138
2026-09-23,TVSSCS,TVS SUPPLY CHAIN SOL L,132.02,134.45,131.72,132.48,132.31,614308
2026-09-23,UPHOT,U P HOTELS LTD.,1475.0,1500.0,1475.0,1500.0,1507.8,29
2026-09-23,UCOBANK,UCO BANK,23.7,24.12,23.7,24.04,23.72,3219016
2026-09-23,UDAYJEW,UDAY JEWELLERY INDS. LTD.,148.87,156.5,148.87,153.87,148.87,102864
2026-09-23,USK,UDAYSHIVAKUMAR INFRA LTD,19.97,20.5,19.7,19.85,19.97,26310
2026-09-23,UFLEX,UFLEX LIMITED,651.4,675.0,650.0,670.45,648.15,150879
2026-09-23,UFO,UFO MOVIEZ INDIA LTD.,61.2,61.5,60.11,60.64,60.64,36229
2026-09-23,UGROCAP,UGRO CAPITAL LIMITED,82.64,85.7,82.64,84.29,82.74,156479
2026-09-23,UEL,UJAAS ENERGY LIMITED,190.1,198.0,186.4,191.86,191.3,24169
2026-09-23,UJJIVANSFB,UJJIVAN SMALL FINANC BANK,64.5,66.34,64.5,66.01,64.74,6091985
2026-09-23,ULTRAMAR,ULTRAMARINE & PIGMENTS L,427.4,441.3,422.6,439.15,423.9,52370
2026-09-23,ULTRACEMCO,ULTRATECH CEMENT LIMITED,11050.0,11198.0,11044.0,11155.0,11000.0,218031
2026-09-23,UMIYA-MRO,UMIYA BUILDCON LIMITED,97.5,97.5,94.5,95.1,97.29,11302
2026-09-23,UNICHEMLAB,UNICHEM LABORATORIES LTD,539.0,576.0,539.0,573.2,538.75,294887
2026-09-23,UNIECOM,UNICOMMERCE ESOLUTIONS L,85.24,86.3,82.97,83.26,86.32,516602
2026-09-23,UNIINFO,UNIINFO TELECOM SERVI LTD,11.4,11.4,11.4,11.4,11.45,1
2026-09-23,UNIMECH,UNIMECH AEROSPACE N MFG L,1765.4,1777.0,1710.2,1716.1,1732.5,221674
2026-09-23,UNIONBANK,UNION BANK OF INDIA,178.0,180.55,178.0,180.0,178.0,5681838
2026-09-23,UNIONGOLD,UNIONAMC - UNIONGOLD,147.9,150.0,147.4,147.4,147.9,1434
2026-09-23,UNIPARTS,UNIPARTS INDIA LIMITED,860.1,872.65,849.55,861.2,851.7,120514
2026-09-23,UNIENTER,UNIPHOS ENTERPRISES LTD,91.1,91.15,89.5,91.09,91.15,5224
2026-09-23,UNITECH,UNITECH LTD,4.1,4.23,4.09,4.17,4.09,2708184
2026-09-23,UBL,UNITED BREWERIES LTD,1215.0,1248.1,1215.0,1242.3,1215.2,61203
2026-09-23,UNIDT,UNITED DRILLING TOOLS LTD,211.0,254.9,211.0,235.24,212.42,330560
2026-09-23,UNITEDTEA,UNITED NILGIRI TEA LTD,427.4,432.35,424.05,428.0,427.35,840
2026-09-23,UNITEDPOLY,UNITED POLYFAB GUJ. LTD.,46.74,46.75,45.05,45.94,45.57,112261
2026-09-23,UNITDSPR,UNITED SPIRITS LIMITED,1398.0,1442.0,1397.1,1441.0,1398.0,767514
2026-09-23,UNIVCABLES,UNIVERSAL CABLES LTD,1482.0,1519.9,1470.4,1508.8,1478.2,62316
2026-09-23,UNOMINDA,UNO MINDA LIMITED,1235.0,1244.9,1220.3,1223.1,1226.0,742953
2026-09-23,UDS,UPDATER SERVICES LIMITED,198.1,208.7,198.1,205.27,198.14,135877
2026-09-23,UPL,UPL LIMITED,557.6,560.45,550.1,553.15,559.9,3211815
2026-09-23,URBANCO,URBAN COMPANY LIMITED,174.35,177.77,171.9,172.73,174.21,5282197
2026-09-23,URJA,URJA GLOBAL LIMITED,9.05,9.15,9.0,9.05,9.04,485177
2026-09-23,UMESLTD,USHA MARTIN EDU & SOL LTD,4.3,4.67,4.3,4.6,4.57,40679
2026-09-23,USHAMART,USHA MARTIN LTD.,533.1,536.5,523.65,535.05,531.3,1681147
2026-09-23,UTIAMC,UTI ASSET MNGMT CO LTD,921.55,926.35,907.5,909.95,919.95,46356
2026-09-23,LIQUIDBETA,UTIAMC - LIQUIDBETA,1004.0,1009.1,1003.79,1009.1,1008.83,61
2026-09-23,NIF500BETA,UTIAMC - NIF500BETA,37.63,37.67,36.78,36.78,36.72,24328
2026-09-23,SECLEDBETA,UTIAMC - SECLEDBETA,14.92,14.92,14.3,14.36,14.31,21005
2026-09-23,BANKBETA,UTIAMC-BANKBETA,58.39,58.59,58.23,58.42,58.21,197155
2026-09-23,GILT10BETA,UTIAMC-GILT10BETA,26.5,26.75,26.36,26.58,26.6,183
2026-09-23,GILT5BETA,UTIAMC-GILT5BETA,65.55,66.59,65.55,66.25,66.59,603
2026-09-23,ITBETA,UTIAMC-ITBETA,300.0,304.9,297.83,299.0,309.0,2466
2026-09-23,MIDCAPBETA,UTIAMC-MIDCAPBETA,232.0,232.0,230.67,230.8,232.0,480
2026-09-23,NEXT50BETA,UTIAMC-NEXT50BETA,77.65,78.41,77.3,78.1,77.27,54728
2026-09-23,NIFTYBETA,UTIAMC-NIFTYBETA,260.23,260.8,259.21,259.97,259.33,23982
2026-09-23,SENSEXBETA,UTIAMC-SENSEXBETA,828.01,836.0,824.23,828.72,828.37,1606
2026-09-23,SILVERBETA,UTIAMC-SILVERBETA,223.66,225.7,222.01,222.41,222.29,522179
2026-09-23,SNXT50BETA,UTIAMC-SNXT50BETA,92.66,94.35,92.52,93.45,92.66,731
2026-09-23,GOLDBETA,UTIAMC-UTIGOLDBETA,126.4,127.75,126.4,127.1,127.25,606078
2026-09-23,UTKARSHBNK,UTKARSH SMALL FIN BANK L,13.81,14.17,13.81,14.07,13.88,4419587
2026-09-23,UTTAMSUGAR,UTTAM SUGAR MILLS LTD.,260.0,272.35,256.35,266.35,258.25,222196
2026-09-23,VTMLTD,V T M LTD.,45.89,46.75,41.35,44.5,45.4,45862
2026-09-23,VGUARD,V-GUARD IND LTD.,320.5,320.5,314.3,316.4,320.5,338894
2026-09-23,V2RETAIL,V2 RETAIL LIMITED,213.18,216.9,212.49,215.63,213.18,622820
2026-09-23,WABAG,VA TECH WABAG LTD,2075.0,2075.3,2027.0,2048.7,2072.1,380343
2026-09-23,VADILENT,VADILAL ENTERPRISES LTD.,10380.0,10380.0,10370.0,10370.0,10350.0,76
2026-09-23,VADILALIND,VADILAL INDUSTRIES LTD,7680.0,7680.0,7452.5,7492.0,7598.0,12252
2026-09-23,VAIBHAVGBL,VAIBHAV GLOBAL LIMITED,208.05,212.0,208.0,209.49,208.18,196618
2026-09-23,VAISHALI,VAISHALI PHARMA LIMITED,8.41,8.97,8.35,8.45,8.58,200416
2026-09-23,VAKRANGEE,VAKRANGEE LIMITED,5.32,5.37,5.25,5.35,5.26,809142
2026-09-23,VALIANTORG,VALIANT ORGANICS LIMITED,410.1,428.0,410.1,420.8,418.35,71996
2026-09-23,DBREALTY,VALOR ESTATE LIMITED,96.65,101.48,96.4,101.48,96.65,1033102
2026-09-23,VHL,VARDHMAN HOLDINGS LIMITED,3340.0,3438.0,3336.0,3383.8,3342.8,409
2026-09-23,VARDMNPOLY,VARDHMAN POLYTEX LTD.,5.93,5.95,5.77,5.91,5.8,142333
2026-09-23,VSSL,VARDHMAN SPC STEEL LTD,413.75,416.65,406.85,413.6,407.8,103560
2026-09-23,VTL,VARDHMAN TEXTILES LIMITED,554.9,565.0,554.9,561.45,551.2,125583
2026-09-23,VARROC,VARROC ENGINEERING LTD.,866.55,877.85,832.25,836.5,864.5,317228
2026-09-23,VBL,VARUN BEVERAGES LIMITED,430.1,438.6,429.75,436.15,430.0,4205329
2026-09-23,VGL,VARVEE GLOBAL LIMITED,69.6,72.5,69.17,70.63,68.34,345260
2026-09-23,VASCONEQ,VASCON ENGINEERS LTD,31.44,33.46,31.4,32.99,31.44,942948
2026-09-23,VASWANI,VASWANI IND LTD,46.39,49.5,44.6,45.68,45.61,300339
2026-09-23,MANYAVAR,VEDANT FASHIONS LIMITED,532.0,542.95,529.05,531.15,535.35,87124
2026-09-23,VAML,VEDANTA ALUMINIUM METAL L,425.75,440.95,425.75,436.3,425.35,11194115
2026-09-23,VISL,VEDANTA IRON AND STEEL L,32.55,33.82,32.47,33.82,32.21,10439050
2026-09-23,VEDL,VEDANTA LIMITED,262.8,271.35,262.2,271.0,263.0,11735115
2026-09-23,VOGL,VEDANTA OIL AND GAS LTD,35.29,36.39,34.92,35.86,35.01,33407800
2026-09-23,VEDPOWER,VEDANTA POWER LIMITED,31.29,33.44,31.28,32.98,31.07,28255830
2026-09-23,VEDAVAAG,VEDAVAAG SYSTEMS LTD.,22.75,22.75,21.23,22.16,21.8,14206
2026-09-23,VEEDOL,VEEDOL CORPORATION LTD,1376.4,1384.0,1360.0,1365.8,1369.9,11106
2026-09-23,VENKEYS,VENKY S (INDIA) LIMITED,1675.1,1741.9,1672.1,1692.2,1675.9,64935
2026-09-23,VENTIVE,VENTIVE HOSPITALITY LTD,579.6,582.0,572.1,578.35,579.6,11148
2026-09-23,VENUSPIPES,VENUS PIPES & TUBES LTD,2224.0,2297.8,2204.0,2235.5,2223.3,156866
2026-09-23,VENUSREM,VENUS REMEDIES LIMITED,1603.4,1679.3,1603.4,1643.7,1611.5,33367
2026-09-23,VERANDA,VERANDA LEARNING SOL LTD,230.0,237.0,227.04,231.5,230.13,333658
2026-09-23,VERTOZ,VERTOZ LIMITED,36.5,37.95,36.5,36.84,36.89,20416
2026-09-23,VESUVIUS,VESUVIUS INDIA LTD,391.0,399.45,391.0,396.1,392.75,91924
2026-09-23,VETO,VETO SWITCHGEAR CABLE LTD,141.44,150.0,137.05,145.57,139.57,239302
2026-09-23,VSTL,VIBHOR STEEL TUBES LTD,114.95,115.08,112.5,113.48,114.19,4457
2026-09-23,VGCL,VIBRANT GLOBAL CAPITAL L,47.0,48.99,46.25,47.18,46.9,3369
2026-09-23,VIDHIING,VIDHI SPCLTY F INGRDNTS L,362.95,364.0,354.85,359.85,359.95,48059
2026-09-23,VIDYAWIRES,VIDYA WIRES LIMITED,84.9,89.0,84.9,88.71,84.77,1131104
2026-09-23,VIJSOLX,VIJAY SOLVEX LTD.,638.0,638.0,632.0,632.3,638.0,52
2026-09-23,VIJAYA,VIJAYA DIAGNOSTIC CEN LTD,1510.0,1593.6,1505.7,1570.7,1516.0,209302
2026-09-23,VIKASECO,VIKAS ECOTECH LIMITED,1.04,1.06,1.04,1.04,1.04,2459356
2026-09-23,VIKASLIFE,VIKAS LIFECARE LIMITED,1.27,1.29,1.26,1.28,1.26,1508572
2026-09-23,VIKRAMSOLR,VIKRAM SOLAR LIMITED,163.96,164.45,162.61,163.34,162.35,1102920
2026-09-23,VIKRAN,VIKRAN ENGINEERING LTD,55.95,56.43,55.51,56.14,55.38,1212167
2026-09-23,VIMTALABS,VIMTA LABS LIMITED,612.5,619.0,605.15,610.7,610.15,134851
2026-09-23,VINATIORGA,VINATI ORGANICS LTD,1202.0,1241.3,1199.8,1222.8,1202.7,111759
2026-09-23,VINDHYATEL,VINDHYA TELELINKS LTD,2865.0,2917.0,2850.0,2864.6,2865.4,39450
2026-09-23,VINEETLAB,VINEET LABORATORIES LTD,35.6,35.89,34.25,34.82,34.81,48043
2026-09-23,VINNY,VINNY OVERSEAS LIMITED,0.93,0.93,0.91,0.92,0.92,238328
2026-09-23,VINCOFE,VINTAGE COFFEE N BVRGS L,174.2,185.0,171.7,183.79,174.2,2596563
2026-09-23,VINYLINDIA,VINYL CHEMICALS (I) LTD.,221.88,223.0,219.0,221.54,220.2,4415
2026-09-23,VIPCLOTHNG,VIP CLOTHING LIMITED,21.79,21.98,21.27,21.72,21.66,52932
2026-09-23,VIPIND,VIP INDUSTRIES LTD,297.3,300.0,296.85,298.9,297.2,158141
2026-09-23,VIRAT,VIRAT INDUSTRIES LTD.,365.0,387.45,364.0,371.2,376.55,4658
2026-09-23,VIRINCHI,VIRINCHI LIMITED,14.0,14.19,13.81,14.03,14.0,59083
2026-09-23,VOEPL,VIRTUOSO OPTOELECTRONIC L,494.95,521.0,494.95,515.1,493.05,79459
2026-09-23,VISACHROME,VISA CHROME LIMITED,34.81,34.81,34.81,34.81,33.16,15590
2026-09-23,VIVIDHA,VISAGAR POLYTEX LTD,0.52,0.54,0.52,0.52,0.52,139801
2026-09-23,VISAKAIND,VISAKA INDUSTRIES LIMITED,95.0,97.55,94.38,96.08,94.47,149545
2026-09-23,VISHAL,VISHAL FABRICS LTD.,18.08,18.4,18.05,18.18,18.19,175136
2026-09-23,VMM,VISHAL MEGA MART LIMITED,105.0,107.45,104.04,106.0,104.03,19978362
2026-09-23,VISHNU,VISHNU CHEMICALS LIMITED,721.9,730.0,716.15,723.95,720.9,33418
2026-09-23,VPRPL,VISHNU PRAKASH R PUNGLI L,33.9,33.93,32.2,32.83,33.56,356561
2026-09-23,VISHWARAJ,VISHWARAJ SUGAR IND LTD,5.36,5.46,5.31,5.35,5.32,244083
2026-09-23,VITAL,VITAL CHEMTECH LIMITED,55.49,55.67,53.09,55.66,53.02,13392
2026-09-23,VIVIANA,VIVIANA POWER TECH LTD,747.0,747.0,720.0,724.55,734.0,17172
2026-09-23,VIVOBIOT,VIVO BIO TECH LTD.,16.07,16.95,16.07,16.67,16.71,8460
2026-09-23,VIYASH,VIYASH SCIENTIFIC LIMITED,252.9,257.45,251.5,253.75,251.5,1936724
2026-09-23,VLEGOV,VL E GOV AND IT SOL LTD,10.35,10.79,9.88,10.42,10.29,137354
2026-09-23,VLSFINANCE,VLS FINANCE LTD,240.75,242.4,235.35,241.15,236.46,1965
2026-09-23,VMART,VMART RETAIL LTD,790.3,797.5,781.35,786.6,795.6,56513
2026-09-23,VMSTMT,VMS TMT LIMITED,47.27,47.51,45.5,45.92,47.23,67791
2026-09-23,IDEA,VODAFONE IDEA LIMITED,14.26,14.55,14.17,14.52,14.27,272140999
2026-09-23,VOITHPAPR,VOITH PAPER FABRICS IND L,1458.9,1458.9,1430.4,1440.0,1440.0,619
2026-09-23,VOLTAMP,VOLTAMP TRANSFORMERS LTD,10797.0,10860.0,10730.0,10799.0,10747.0,8987
2026-09-23,VOLTAS,VOLTAS LTD,1092.9,1131.4,1090.8,1130.0,1100.8,791314
2026-09-23,VRAJ,VRAJ IRON AND STEEL LTD,126.7,128.99,125.1,127.9,125.88,16413
2026-09-23,VRLLOG,VRL LOGISTICS LIMITED,291.75,295.2,291.45,291.75,291.75,69734
2026-09-23,VSTIND,VST INDUSTRIES LTD,205.69,210.44,205.0,208.8,205.69,162276
2026-09-23,VSTTILLERS,VST TILLERS TRACTORS LTD,4326.9,4432.9,4320.0,4425.0,4305.4,8792
2026-09-23,WHBRADY,W H BRADY & CO. LTD.,462.0,503.6,451.3,502.6,464.4,232
2026-09-23,WPIL,W P I L LTD.,439.35,444.05,434.1,440.0,439.35,23281
2026-09-23,WSI,W.S.INDUSTRIES (I) LTD.,58.0,59.75,57.45,58.13,58.32,34947
2026-09-23,WAAREEENER,WAAREE ENERGIES LIMITED,2505.1,2534.4,2500.0,2512.0,2494.8,364884
2026-09-23,WAAREERTL,WAAREE RENEWABLE TECH LTD,815.0,860.15,810.0,848.0,816.95,453569
2026-09-23,WAKEFIT,WAKEFIT INNOVATIONS LTD,148.0,150.8,146.0,146.78,146.86,148579
2026-09-23,WALCHANNAG,WALCHANDNAGAR INDUSTRIES,199.95,216.0,199.95,212.63,199.05,1487437
2026-09-23,WANBURY,WANBURY LIMITED,222.7,241.75,222.65,233.1,222.7,256087
2026-09-23,WARDINMOBI,WARDWIZARD INNO & MOB L,5.73,5.73,5.6,5.66,5.63,311648
2026-09-23,WATERBASE,WATERBASE LTD.,45.06,47.5,45.06,46.66,45.52,21745
2026-09-23,CORDELIA,WATERWAYS LEISURE TOUR L,112.5,115.08,110.26,112.97,112.18,1248838
2026-09-23,WEWIN,WE WIN LIMITED,43.99,47.3,43.05,46.76,43.0,8968
2026-09-23,TWCGOLDETF,WEALTH - TWCGOLDETF,151.0,151.68,149.82,150.51,150.57,32309
2026-09-23,WEALTH,WEALTH FRST PORT. MG. LTD,826.45,844.95,826.45,840.45,836.4,582
2026-09-23,WEBELSOLAR,WEBSOL ENERGY SYSTEM LTD,72.5,74.32,72.2,73.93,71.8,1555207
2026-09-23,WEIZMANIND,WEIZMANN LTD,72.85,73.0,71.1,71.57,72.8,171
2026-09-23,WELCORP,WELSPUN CORP LIMITED,2740.5,2836.0,2736.0,2796.8,2731.5,1740034
2026-09-23,WELENT,WELSPUN ENTERPRISES LTD.,783.4,789.85,770.4,774.0,783.75,310123
2026-09-23,WELSPUNLIV,WELSPUN LIVING LIMITED,229.2,233.0,221.01,223.77,221.51,12078998
2026-09-23,WELSPLSOL,WELSPUN SPECIALTY SOL L,53.18,54.28,53.0,53.59,53.06,468338
2026-09-23,WENDT,WENDT (INDIA) LIMITED,8680.0,8815.0,8588.0,8678.5,8627.0,8377
2026-09-23,WSTCSTPAPR,WEST COAST PAPER MILLS LT,751.0,757.75,742.0,747.25,749.75,83716
2026-09-23,WCIL,WESTERN CARRIERS (IND) L,95.98,98.18,94.54,97.33,95.14,183868
2026-09-23,WESTLIFE,WESTLIFE FOODWORLD LTD,572.05,612.0,559.0,598.7,574.0,991841
2026-09-23,WEWORK,WEWORK INDIA MANAGEMENT L,671.15,679.9,664.85,668.5,671.15,104857
2026-09-23,WHEELS,WHEELS INDIA LTD,2185.3,2320.5,2185.3,2240.3,2174.0,510095
2026-09-23,WHIRLPOOL,WHIRLPOOL OF INDIA LTD,723.45,865.25,722.2,865.25,721.05,10753329
2026-09-23,WILLAMAGOR,WILLIAMSON MAGOR,24.0,24.0,22.5,22.78,23.6,10733
2026-09-23,WINDLAS,WINDLAS BIOTECH LIMITED,1105.0,1107.65,1070.0,1077.45,1102.3,95358
2026-09-23,WINDMACHIN,WINDSOR MACHINES LIMITED,300.0,300.5,293.6,295.4,300.0,27943
2026-09-23,WIPRO,WIPRO LTD,164.7,165.7,164.1,164.9,166.0,10856986
2026-09-23,WOCKPHARMA,WOCKHARDT LIMITED,2199.0,2360.0,2182.1,2329.7,2185.4,3834525
2026-09-23,WEL,WONDER ELECTRICALS LTD,81.0,81.79,76.38,76.93,80.4,1221695
2026-09-23,WONDERLA,WONDERLA HOLIDAYS LTD.,515.4,515.4,510.0,510.75,511.15,26910
2026-09-23,WORTHPERI,WORTH PERIPHERALS LIMITED,149.99,149.99,144.71,149.21,148.82,1746
2026-09-23,XCHANGING,XCHANGING SOLUTIONS LTD,60.1,61.88,60.1,61.79,60.32,60220
2026-09-23,XELPMOC,XELPMOC DESIGN & TECH LTD,73.02,75.29,73.0,74.03,73.32,10523
2026-09-23,XPROINDIA,XPRO INDIA LIMITED,1205.0,1244.0,1202.4,1223.5,1201.0,80425
2026-09-23,XTGLOBAL,XTGLOBAL INFOTECH LIMITED,30.77,30.99,29.14,29.93,30.14,23704
2026-09-23,XTRANET,XTRANET TECHNOLOGIES LTD,336.35,337.7,317.65,317.65,334.36,1030477
2026-09-23,YASHO,YASHO INDUSTRIES LIMITED,3993.5,4180.0,3902.0,4144.7,3959.4,59622
2026-09-23,YATHARTH,YATHARTH HOSP & TRA C S L,1132.0,1170.0,1123.9,1162.2,1129.1,551293
2026-09-23,YATRA,YATRA ONLINE LIMITED,110.01,111.45,107.35,108.74,108.82,774397
2026-09-23,YESBANK,YES BANK LIMITED,23.2,23.38,23.17,23.24,23.2,46135166
2026-09-23,YOGI,YOGI LTD.,163.1,163.1,156.0,161.95,161.0,2971
2026-09-23,YUKEN,YUKEN INDIA LIMITED,1141.9,1148.0,1110.05,1138.9,1137.95,11505
2026-09-23,ZFSTEERING,Z F STEERING GEAR (I) LTD,700.0,709.9,691.0,703.65,689.7,3509
2026-09-23,ZAGGLE,ZAGGLE PREPA OCEAN SER L,180.87,185.02,178.97,179.86,179.95,907401
2026-09-23,ZEEL,ZEE ENTERTAINMENT ENT LTD,78.3,79.04,76.8,77.28,78.21,13400743
2026-09-23,ZEELEARN,ZEE LEARN LIMITED,6.94,6.99,6.11,6.84,6.81,308015
2026-09-23,ZEEMEDIA,ZEE MEDIA CORPORATION LTD,7.65,7.84,7.42,7.51,7.56,1052962
2026-09-23,ZENTEC,ZEN TECHNOLOGIES LIMITED,1673.0,1685.0,1661.1,1672.3,1673.8,136927
2026-09-23,ZENITHEXPO,ZENITH EXPORTS LTD,197.0,197.0,197.0,197.0,197.62,51
2026-09-23,ZENITHSTL,ZENITH STEEL PIP IND LTD,5.33,5.44,5.2,5.34,5.31,65372
2026-09-23,ZENSARTECH,ZENSAR TECHNOLOGIES  LTD,435.6,435.6,426.6,430.75,432.6,1009826
2026-09-23,GOLDCASE,ZERODHAAMC - GOLDCASE,23.87,23.9,23.74,23.76,23.79,10005755
2026-09-23,LIQUIDCASE,ZERODHAAMC - LIQUIDCASE,116.03,116.05,116.03,116.04,116.03,16887025
2026-09-23,LTGILTCASE,ZERODHAAMC - LTGILTCASE,30.5,30.5,30.3,30.37,30.35,146167
2026-09-23,MID150CASE,ZERODHAAMC - MID150CASE,11.75,11.75,11.31,11.56,11.47,796587
2026-09-23,NIFTYCASE,ZERODHAAMC - NIFTYCASE,9.62,9.62,9.3,9.4,9.39,412050
2026-09-23,SILVERCASE,ZERODHAAMC - SILVERCASE,23.62,23.7,23.32,23.37,23.36,3994735
2026-09-23,SML100CASE,ZERODHAAMC - SML100CASE,11.3,11.43,11.29,11.38,11.29,1159997
2026-09-23,TOP100CASE,ZERODHAAMC - TOP100CASE,10.55,10.55,10.23,10.35,10.3,794199
2026-09-23,ZFCVINDIA,ZF COM VE CTR SYS IND LTD,2355.1,2365.0,2320.1,2357.2,2362.2,114999
2026-09-23,ZIMLAB,ZIM LABORATORIES LIMITED,133.7,135.8,130.75,133.56,133.8,118261
2026-09-23,ZODIACLOTH,ZODIAC CLOTHING CO. LTD.,70.9,70.9,69.59,69.71,69.89,5230
2026-09-23,ZODIAC,ZODIAC ENERGY LIMITED,227.72,231.21,226.0,229.94,227.72,8604
2026-09-23,ZOTA,ZOTA HEALTH CARE LIMITED,1365.0,1396.0,1334.5,1390.6,1356.0,109803
2026-09-23,ZUARI,ZUARI AGRO CHEMICALS LTD,227.8,227.8,222.61,224.09,225.72,77398
2026-09-23,ZUARIIND,ZUARI INDUSTRIES LIMITED,274.95,280.55,271.2,278.9,275.1,40853
2026-09-23,ZYDUSLIFE,ZYDUS LIFESCIENCES LTD,1156.0,1175.0,1156.0,1170.1,1162.3,1088359
2026-09-23,ZYDUSWELL,ZYDUS WELLNESS LIMITED,519.0,533.15,519.0,531.0,520.55,120286
