date,symbol,name,open,high,low,close,prev_close,volume
2026-08-21,20MICRONS,20 MICRONS LTD,208.0,208.0,202.73,204.19,203.96,129884
2026-08-21,21STCENMGM,21ST CENTURY MGMT SERVICE,43.11,43.9,43.05,43.31,43.92,10939
2026-08-21,360ONE,360 ONE WAM LIMITED,1208.0,1214.0,1190.1,1199.0,1203.0,485140
2026-08-21,GOLD360,360ONEAMC - GOLD360,152.2,155.25,152.1,154.8,151.8,56301
2026-08-21,MSCI360,360ONEAMC - MSCI360,10.24,10.39,10.15,10.39,10.24,605
2026-08-21,SILVER360,360ONEAMC - SILVER360,234.73,240.0,234.73,238.61,231.13,56754
2026-08-21,3BBLACKBIO,3B BLACKBIO DX LTD.,1158.9,1225.0,1130.0,1202.5,1151.1,18551
2026-08-21,3MINDIA,3M INDIA LIMITED,33550.0,33885.0,33290.0,33640.0,33550.0,1581
2026-08-21,3PLAND,3P LAND HOLDINGS LIMITED,31.8,32.3,31.5,32.11,31.6,1963
2026-08-21,5PAISA,5PAISA CAPITAL LIMITED,389.0,391.9,382.05,384.25,390.9,47557
2026-08-21,63MOONS,63 MOONS TECHNOLOGIES LTD,774.9,803.9,767.0,795.5,770.8,460693
2026-08-21,ABCOTS,A B COTSPIN INDIA LIMITED,213.88,218.9,208.51,209.42,211.1,8615
2026-08-21,ABINFRA,A B INFRABUILD LIMITED,13.35,13.73,12.2,12.63,13.34,14180685
2026-08-21,ABMKNO,A B M KNOWLEDGEWARE LTD.,190.0,192.0,185.1,189.87,191.41,3460
2026-08-21,ACSTECH,A C S TECHNOLOGIES LTD.,50.0,51.1,50.0,50.78,49.71,155971
2026-08-21,AKCAPIT,A K CAPITAL SERVICES LTD.,1765.0,1779.0,1745.0,1750.0,1765.2,1783
2026-08-21,A2ZINFRA,A2Z INFRA ENGINEERING LTD,15.6,15.94,15.02,15.46,15.19,1508726
2026-08-21,AAATECH,AAA TECHNOLOGIES LIMITED,93.85,96.05,93.58,95.71,93.86,14822
2026-08-21,AADHARHFC,AADHAR HOUSING FINANCE L,473.85,473.85,459.75,462.55,474.95,1132761
2026-08-21,AAKASH,AAKASH EXPLORATION SER L,8.62,8.75,8.46,8.71,8.54,95815
2026-08-21,AAREYDRUGS,AAREY DRUGS & PHARM LTD,80.79,81.95,77.07,81.2,80.59,698965
2026-08-21,AARON,AARON INDUSTRIES LIMITED,138.0,142.0,136.8,137.64,139.3,16559
2026-08-21,AARTIDRUGS,AARTI DRUGS LTD.,413.45,420.0,410.1,417.4,414.75,171553
2026-08-21,AARTIIND,AARTI INDUSTRIES LTD,519.0,533.7,516.4,527.2,520.05,995748
2026-08-21,AARTIPHARM,AARTI PHARMALABS LIMITED,829.25,836.95,806.4,816.8,829.25,511140
2026-08-21,AARVI,AARVI ENCON LIMITED,155.0,157.98,151.23,152.5,153.96,51588
2026-08-21,AASTHA,AASTHA SPINTEX LIMITED,73.43,73.69,73.0,73.03,73.32,174496
2026-08-21,AAVAS,AAVAS FINANCIERS LIMITED,1364.8,1374.6,1351.0,1355.3,1364.9,53900
2026-08-21,ABANSENT,ABANS ENTERPRISES LTD.,27.49,28.72,27.37,27.98,27.36,13820
2026-08-21,AFSL,ABANS FINANCIAL SRVCS LTD,202.95,203.19,201.0,201.34,202.14,7516
2026-08-21,ABB,ABB INDIA LIMITED,7474.0,7545.0,7405.0,7424.0,7479.0,85392
2026-08-21,ABBOTINDIA,ABBOTT INDIA LIMITED,26120.0,26315.0,25905.0,26230.0,26120.0,8779
2026-08-21,ACC,ACC LIMITED,1304.6,1322.7,1299.0,1307.4,1301.1,119003
2026-08-21,ACCELYA,ACCELYA SOLN INDIA LTD,1135.5,1149.0,1131.1,1138.6,1139.5,5543
2026-08-21,ACEINTEG,ACE INTEGRATED SOLU. LTD.,17.75,18.2,17.3,17.89,17.73,5907
2026-08-21,ACMESOLAR,ACME SOLAR HOLDINGS LTD,400.0,411.3,392.9,401.6,397.4,4540521
2026-08-21,ACE,ACTION CONST EQUIP LTD,1155.0,1189.0,1145.1,1182.2,1164.4,422951
2026-08-21,ACUTAAS,ACUTAAS CHEMICALS LIMITED,3212.6,3259.0,3160.0,3169.0,3210.5,220694
2026-08-21,ADANIENSOL,ADANI ENERGY SOLUTION LTD,1556.9,1559.5,1527.3,1541.9,1548.5,2335751
2026-08-21,ADANIENT,ADANI ENTERPRISES LIMITED,2995.0,3007.5,2981.0,2997.0,2994.9,803177
2026-08-21,ADANIGREEN,ADANI GREEN ENERGY LTD,1310.2,1324.9,1310.1,1320.0,1301.8,1151739
2026-08-21,ADANIPORTS,ADANI PORT & SEZ LTD,1697.2,1702.0,1684.9,1700.0,1696.0,1113535
2026-08-21,ADANIPOWER,ADANI POWER LTD,203.99,205.5,202.83,205.5,204.0,10503673
2026-08-21,ATGL,ADANI TOTAL GAS LIMITED,658.0,659.8,644.0,646.1,657.65,774129
2026-08-21,ADDIND,ADDI INDUSTRIES LTD.,88.0,90.01,72.07,80.66,80.0,4334
2026-08-21,ADFFOODS,ADF FOODS LIMITED,266.15,272.1,264.35,267.6,267.35,104188
2026-08-21,ABSLAMC,ADIT BIRL SUN LIF AMC LTD,995.4,1016.5,992.7,1008.4,995.4,155013
2026-08-21,ABCAPITAL,ADITYA BIRLA CAPITAL LTD.,410.0,413.0,407.7,413.0,409.0,3668437
2026-08-21,ABFRL,ADITYA BIRLA FASHION & RT,54.8,55.09,54.25,54.35,54.75,3032302
2026-08-21,ABLBL,ADITYA BIRLA LIFES BRAN L,86.5,87.1,86.0,86.12,86.5,533275
2026-08-21,BIRLAMONEY,ADITYA BIRLA MONEY LTD,127.22,128.45,125.72,126.6,127.22,44278
2026-08-21,ABREL,ADITYA BIRLA REAL EST LTD,1459.9,1465.0,1386.5,1406.3,1445.5,399297
2026-08-21,CPPLUS,ADITYA INFOTECH LIMITED,3490.0,3566.0,3410.0,3475.5,3468.6,255390
2026-08-21,AVL,ADITYA VISION LIMITED,617.85,617.85,595.45,601.35,611.0,165607
2026-08-21,BSLGOLDETF,ADITYBIRLA SL GOLD ETF-GR,137.59,140.04,137.59,139.42,137.0,1483954
2026-08-21,BSLNIFTY,ADITYBIRLA SL NIF ETF-GR,28.8,28.8,28.2,28.5,28.48,542887
2026-08-21,ADOR,ADOR WELDING LTD,1683.9,1696.9,1612.5,1617.6,1684.0,43423
2026-08-21,ADROITINFO,ADROIT INFOTECH LIMITED,9.96,10.64,9.96,10.04,10.23,22974
2026-08-21,ADVAIT,ADVAIT ENRGY TRANSITION L,2131.4,2131.4,2075.0,2086.0,2115.4,21300
2026-08-21,ADVANCE,ADVANCE AGROLIFE LIMITED,115.2,120.8,115.2,119.2,115.93,188867
2026-08-21,ADVENZYMES,ADVANCED ENZYME TECH LTD,303.0,308.05,299.05,300.0,303.0,457606
2026-08-21,ADVANIHOTR,ADVANI HOT.& RES.(I) LTD,49.5,50.85,49.0,49.61,49.49,27063
2026-08-21,ADVENTHTL,ADVENT HOTELS INTERNATI L,133.15,136.0,132.72,133.2,135.54,99941
2026-08-21,ADVIKCA,ADVIK CAPITAL LTD.,1.2,1.22,1.19,1.2,1.2,178394
2026-08-21,RAMBHAJO,ADVIT JEWELS LIMITED,173.9,180.0,173.9,177.41,173.84,170052
2026-08-21,AEGISLOG,AEGIS LOGISTICS LIMITED,1336.5,1449.0,1330.0,1417.9,1336.2,1431784
2026-08-21,AEGISVOPAK,AEGIS VOPAK TERMINALS LTD,268.7,277.85,266.75,276.3,266.6,850492
2026-08-21,AEQUS,AEQUS LIMITED,261.4,265.0,257.5,259.22,260.09,2347944
2026-08-21,AEROENTER,AEROFLEX ENTERPRISES LTD,130.65,141.35,130.65,140.07,130.65,2736113
2026-08-21,AEROFLEX,AEROFLEX INDUSTRIES LTD,475.3,504.9,472.3,503.0,475.3,3065737
2026-08-21,AERONEU,AEROFLEX NEU LIMITED,83.26,86.55,81.56,82.97,82.43,73620
2026-08-21,AETHER,AETHER INDUSTRIES LIMITED,1634.8,1641.3,1584.2,1626.6,1634.4,331399
2026-08-21,AFCONS,AFCONS INFRASTRUCTURE LTD,281.0,281.6,277.5,278.9,280.2,274437
2026-08-21,AFFLE,AFFLE 3I LIMITED,1729.5,1732.0,1705.0,1718.7,1729.5,73288
2026-08-21,AGARIND,AGARWAL INDS CORP LTD.,492.1,496.0,488.0,491.8,491.75,15545
2026-08-21,AGI,AGI GREENPAC LIMITED,711.75,758.75,710.1,753.6,711.65,679726
2026-08-21,AGIIL,AGI INFRA LIMITED,309.0,310.2,289.5,291.25,293.7,2284537
2026-08-21,AGRITECH,AGRI-TECH (INDIA) LIMITED,101.64,105.0,101.01,103.02,102.16,2873
2026-08-21,AGROPHOS,AGRO PHOS INDIA LIMITED,26.53,26.53,25.11,25.74,26.01,30540
2026-08-21,AHLADA,AHLADA ENGINEERS LIMITED,38.2,38.78,37.67,37.93,38.59,17413
2026-08-21,AHLUCONT,AHLUWALIA CONT IND LTD,693.5,704.95,688.35,696.2,693.5,44966
2026-08-21,AIAENG,AIA ENGINEERING LIMITED,4357.6,4425.5,4315.0,4348.9,4357.6,21350
2026-08-21,AIRAN,AIRAN LIMITED,14.95,15.13,14.95,15.03,15.03,31731
2026-08-21,AIROLAM,AIRO LAM LIMITED,89.75,90.0,88.1,89.0,88.99,9528
2026-08-21,AJANTPHARM,AJANTA PHARMA LIMITED,3695.0,3717.5,3625.0,3639.8,3658.6,51825
2026-08-21,AJAXENGG,AJAX ENGINEERING LIMITED,568.7,568.75,560.85,565.65,566.4,32517
2026-08-21,AJMERA,AJMERA REALTY & INF I LTD,118.23,121.34,117.32,117.96,119.07,260334
2026-08-21,AJOONI,AJOONI BIOTECH LIMITED,3.75,3.85,3.55,3.72,3.75,412366
2026-08-21,AKASH,AKASH INFRA-PROJECTS LTD,24.75,25.8,24.37,24.97,25.01,9729
2026-08-21,AKG,AKG EXIM LIMITED,8.85,9.34,8.85,8.99,8.87,80422
2026-08-21,AKI,AKI INDIA LIMITED,4.36,4.36,4.15,4.18,4.24,207644
2026-08-21,AFIL,AKME FINTRADE (INDIA) LTD,9.7,9.7,9.22,9.33,9.41,296600
2026-08-21,AKSHAR,AKSHAR SPINTEX LIMITED,0.41,0.42,0.41,0.41,0.41,446949
2026-08-21,AKUMS,AKUMS DRUGS AND PHARMA L,755.0,763.9,747.7,750.0,752.9,255662
2026-08-21,ALANKIT,ALANKIT LIMITED,8.37,8.37,8.08,8.16,8.15,121089
2026-08-21,ALBERTDAVD,ALBERT DAVID LIMITED,869.9,870.0,850.05,864.15,863.15,8329
2026-08-21,ALEMBICLTD,ALEMBIC LIMITED,92.0,93.2,90.42,92.73,91.63,636995
2026-08-21,APLLTD,ALEMBIC PHARMA LTD,815.0,826.8,815.0,821.75,814.1,35565
2026-08-21,ALFREDHE,ALFRED HERBERT INDIA L,2999.0,3098.9,2925.0,2967.8,3000.0,29
2026-08-21,ALGOQUANT,ALGOQUANT FINTECH LIMITED,65.05,66.34,64.56,65.0,65.13,1122045
2026-08-21,ALICON,ALICON CASTALLOY LIMITED,746.75,750.35,734.55,741.1,746.75,17926
2026-08-21,ALIVUS,ALIVUS LIFE SCIENCES LTD,1365.6,1384.7,1331.1,1350.9,1370.0,69399
2026-08-21,ALKEM,ALKEM LABORATORIES LTD.,5400.0,5454.0,5340.0,5400.0,5400.0,76854
2026-08-21,ALKYLAMINE,ALKYL AMINES CHEM. LTD,1929.0,2072.5,1915.0,2052.7,1923.8,462177
2026-08-21,ALLTIME,ALL TIME PLASTICS LIMITED,209.25,210.42,202.0,203.02,208.21,78943
2026-08-21,AGL,ALLCARGO GLOBAL LIMITED,13.18,13.4,12.64,13.12,12.73,8593909
2026-08-21,ALLCARGO,ALLCARGO LOGISTICS LTD,10.55,12.59,10.47,12.17,10.51,110075884
2026-08-21,ATL,ALLCARGO TERMINALS LTD,23.85,25.4,23.85,24.86,24.13,427469
2026-08-21,ALLDIGI,ALLDIGI TECH LIMITED,806.9,819.9,802.9,814.8,802.85,3536
2026-08-21,ABDL,ALLIED BLEND N DISTILS L,590.8,599.9,584.3,595.0,595.45,298299
2026-08-21,ADSL,ALLIED DIGITAL SERV. LTD,109.35,109.65,108.0,108.49,109.63,109093
2026-08-21,ALMONDZ,ALMONDZ GLOBAL SEC LTD,13.55,14.2,13.55,14.16,13.55,68650
2026-08-21,ALOKINDS,ALOK INDUSTRIES LIMITED,11.54,11.69,11.5,11.57,11.54,2609999
2026-08-21,ALPA,ALPA LABORATORIES LTD,63.36,64.5,62.0,62.75,62.1,6628
2026-08-21,ALPINETEX,ALPINE TEXWORLD LIMITED,59.1,59.94,58.1,58.5,59.41,109478
2026-08-21,ALUFLUOR,ALUFLUORIDE LTD.,441.0,463.5,441.0,460.45,443.95,12685
2026-08-21,AMAGI,AMAGI MEDIA LABS LIMITED,606.0,627.6,586.15,599.85,576.45,5617463
2026-08-21,AMAL,AMAL LTD.,792.0,792.0,756.1,772.95,793.6,6851
2026-08-21,ARE&M,AMARA RAJA ENERGY MOB LTD,930.85,934.7,918.05,919.75,930.85,318661
2026-08-21,AMARJOTHI,AMARJOTHI SPINNING MILL L,160.0,165.0,156.0,161.2,163.61,4176
2026-08-21,AMBER,AMBER ENTERPRISES (I) LTD,7275.0,7385.0,7261.0,7350.0,7275.0,170487
2026-08-21,AMBICAAGAR,AMBICA AGAR & AROMAINDLTD,24.83,24.94,24.4,24.77,24.71,1683
2026-08-21,AMBIKCO,AMBIKA COTTON MILL LTD.,1647.8,1699.0,1642.2,1677.0,1647.8,15815
2026-08-21,AMBUJACEM,AMBUJA CEMENTS LTD,410.0,420.25,407.9,414.5,411.0,5526988
2026-08-21,AMDIND,AMD INDUSTRIES LIMITED,54.47,55.0,53.11,54.3,53.94,30640
2026-08-21,AMNPLST,AMINES & PLASTICIZERS LTD,187.0,196.0,187.0,191.03,183.04,10242
2026-08-21,AEROPLANE,AMIR CHAND JAG KUM (E) L,181.4,182.3,174.0,175.82,182.56,244296
2026-08-21,AMJLAND,AMJ LAND HOLDINGS LIMITED,39.0,39.49,38.2,38.77,38.91,16091
2026-08-21,AMRUTANJAN,AMRUTAJAN HEALTH LTD,526.0,548.0,522.5,536.35,521.65,622634
2026-08-21,ARSSBL,ANAND RATHI SH N STK BR L,498.5,514.0,497.0,511.7,497.65,262868
2026-08-21,ANANDRATHI,ANAND RATHI WEALTH LTD,2171.1,2198.0,2167.0,2188.0,2171.1,125671
2026-08-21,ANANTRAJ,ANANT RAJ LIMITED,637.05,642.95,623.0,625.0,633.85,1207841
2026-08-21,ACL,ANDHRA CEMENTS LIMITED,46.39,46.39,45.0,45.2,45.77,18479
2026-08-21,ANDHRAPAP,ANDHRA PAPER LIMITED,60.65,63.33,59.62,59.96,60.34,478792
2026-08-21,ANDHRSUGAR,ANDHRA SUGARS LTD,102.61,102.61,96.99,98.84,102.74,1333296
2026-08-21,ANDREWYU,ANDREW YULE & CO. LTD.,26.45,26.45,24.51,26.08,26.12,69940
2026-08-21,ANGELONE,ANGEL ONE LIMITED,289.5,292.35,287.15,287.8,289.5,3614925
2026-08-21,ANIKINDS,ANIK INDUSTRIES LTD,45.14,45.54,44.0,45.46,44.0,17499
2026-08-21,APCL,ANJANI PORTLAND CEM LTD,103.0,107.0,102.0,102.85,103.77,8902
2026-08-21,AHCL,ANLON HEALTHCARE LIMITED,14.37,14.64,14.22,14.28,14.37,1740886
2026-08-21,ANMOL,ANMOL INDIA LIMITED,9.93,10.14,9.93,10.02,10.11,53161
2026-08-21,ANNAPURNA,ANNAPURNA SWADISHT LTD,154.0,154.5,145.35,151.7,152.1,47716
2026-08-21,ANSALBU,ANSAL BUILDWELL LTD.,75.0,75.0,73.0,73.5,73.0,391
2026-08-21,ANTGRAPHIC,ANTARCTICA LTD,0.72,0.75,0.72,0.74,0.72,224237
2026-08-21,ANTELOPUS,ANTELOPUS SELAN ENRGY LTD,796.0,816.4,788.9,800.1,796.65,110571
2026-08-21,ANTHEM,ANTHEM BIOSCIENCES LTD,893.0,894.9,868.9,871.45,874.5,781238
2026-08-21,AWHCL,ANTONY WASTE HDG CELL LTD,380.7,386.0,376.55,383.85,381.15,67267
2026-08-21,ANUHPHR,ANUH PHARMA LIMITED,76.4,76.98,75.8,76.03,75.91,26871
2026-08-21,ANURAS,ANUPAM RASAYAN INDIA LTD,1240.0,1251.0,1233.5,1243.7,1239.4,454805
2026-08-21,AONEGOLD,AONEAMC - AONEGOLD,14.83,14.84,14.59,14.79,14.54,1189568
2026-08-21,AONELIQUID,AONEAMC - AONELIQUID,1073.77,1073.78,1073.75,1073.77,1073.33,13500
2026-08-21,AONENIFTY,AONEAMC - AONENIFTY,10.0,10.25,10.0,10.0,10.0,85134
2026-08-21,AONESILVER,AONEAMC - AONESILVER,9.19,9.31,9.01,9.26,8.97,1468285
2026-08-21,AONETMMQ50,AONEAMC - AONETMMQ50,10.4,10.41,10.31,10.31,10.35,28940
2026-08-21,AONETOTAL,AONEAMC - AONETOTAL,12.03,12.09,11.98,12.01,11.98,146423
2026-08-21,APARINDS,APAR INDUSTRIES LTD.,16700.0,17049.0,16621.0,16856.0,16784.0,93087
2026-08-21,APCOTEXIND,APCOTEX INDUSTRIES LIMITE,614.85,627.55,613.35,625.05,613.65,115742
2026-08-21,APEX,APEX FROZEN FOODS LIMITED,396.0,402.75,394.8,399.6,398.7,225400
2026-08-21,APLAPOLLO,APL APOLLO TUBES LTD,2140.9,2162.2,2126.3,2139.0,2140.0,237101
2026-08-21,APOLLOHOSP,APOLLO HOSPITALS ENTER. L,8727.0,8746.0,8638.0,8693.0,8735.0,184342
2026-08-21,APOLLO,APOLLO MICRO SYSTEMS LTD,387.3,394.5,380.3,384.55,386.75,5647516
2026-08-21,APOLLOPIPE,APOLLO PIPES LIMITED,603.25,616.15,597.1,601.55,603.25,291470
2026-08-21,APOLSINHOT,APOLLO SINDOORI HOTEL LTD,1213.3,1216.0,1189.0,1207.4,1213.3,482
2026-08-21,APOLLOTYRE,APOLLO TYRES LTD,428.75,442.9,427.75,439.7,429.3,1728307
2026-08-21,APTUS,APTUS VALUE HSG FIN I LTD,254.0,258.8,253.6,257.75,253.3,798359
2026-08-21,AQYLON,AQYLON NEXUS LIMITED,24.11,25.28,24.11,25.27,24.08,3230721
2026-08-21,ACI,ARCHEAN CHEMICAL IND LTD,499.95,505.0,497.0,497.85,499.95,117864
2026-08-21,ADL,ARCHIDPLY DECOR LIMITED,71.0,72.87,70.1,71.98,71.99,769
2026-08-21,ARCHIDPLY,ARCHIDPLY IND. LTD,95.0,99.6,94.71,97.98,95.42,35365
2026-08-21,ARCHIES,ARCHIES LTD,13.81,14.11,13.5,13.68,13.87,7654
2026-08-21,ARCL,ARCL ORGANICS LTD.,225.6,237.99,220.7,237.99,229.84,401
2026-08-21,ARDEE,ARDEE INDUSTRIES LIMITED,62.0,62.8,59.7,60.2,61.48,4833328
2026-08-21,ARFIN,ARFIN INDIA LIMITED,82.71,86.3,82.03,85.62,82.71,1301328
2026-08-21,ARIES,ARIES AGRO LTD.,435.25,457.15,432.95,452.7,435.1,54457
2026-08-21,ARIHANTCAP,ARIHANT CAPITAL MKTS LTD,75.95,77.38,75.41,75.95,75.95,94588
2026-08-21,ARIHANT,ARIHANT FOUN & HOU LTD,1006.9,1058.1,990.0,1007.2,1035.4,4525
2026-08-21,ARIHANTSUP,ARIHANT SUPERSTRUCT LTD,246.9,256.2,246.9,254.15,247.85,3594
2026-08-21,ARIS,ARISINFRA SOLUTIONS LTD,140.0,144.53,139.11,143.41,139.32,1583020
2026-08-21,ARKADE,ARKADE DEVELOPERS LIMITED,131.1,132.68,128.96,130.98,131.01,371624
2026-08-21,ARMANFIN,ARMAN FIN SERV LTD,1968.0,1995.0,1957.0,1966.7,1973.1,24782
2026-08-21,AROGRANITE,ARO GRANITE IND. LTD.,24.87,25.18,24.8,25.0,24.8,2509
2026-08-21,ARTNIRMAN,ART NIRMAN LIMITED,45.95,45.95,41.01,41.06,41.49,3272
2026-08-21,AEPL,ARTEMIS ELECTRICALS & P L,14.8,15.25,14.25,14.64,14.99,21515
2026-08-21,ARTEMISMED,ARTEMIS MED SERVICE LTD,324.9,333.0,323.0,326.1,321.3,973919
2026-08-21,ARVEE,ARVEE LABORATORIES I LTD,168.0,172.8,165.0,165.81,168.34,1206
2026-08-21,ARVINDFASN,ARVIND FASHIONS LIMITED,438.0,451.2,436.35,448.35,428.3,352936
2026-08-21,ARVIND,ARVIND LIMITED,540.95,540.95,528.15,536.95,539.0,617170
2026-08-21,ARVSMART,ARVIND SMARTSPACES LTD,660.0,670.2,653.55,667.0,659.1,73088
2026-08-21,ARYAMAN,ARYAMAN FINANCIAL SERV L,608.0,610.0,590.0,610.0,585.0,379
2026-08-21,ASAHIINDIA,ASAHI INDIA GLASS LIMITED,954.0,968.0,936.45,965.75,951.55,229007
2026-08-21,ASHAPURMIN,ASHAPURA MINECHEM LTD,605.0,610.0,586.15,590.25,599.95,455728
2026-08-21,ASHIANA,ASHIANA HOUSING LTD,363.8,369.5,359.0,361.8,367.3,41151
2026-08-21,ASHIMASYN,ASHIMA LTD,17.59,18.95,17.29,18.46,17.49,357116
2026-08-21,ASHOKLEY,ASHOK LEYLAND LTD,173.16,173.69,172.3,173.0,173.8,5801819
2026-08-21,ASHOKA,ASHOKA BUILDCON LTD,112.15,114.9,111.87,114.22,112.07,692963
2026-08-21,ASHOKAMET,ASHOKA METCAST LIMITED,13.85,13.85,13.52,13.75,13.82,11291
2026-08-21,ASIANENE,ASIAN ENERGY SERVICES LTD,483.1,491.0,465.1,470.3,484.9,458136
2026-08-21,ASIANTILES,ASIAN GRANITO IND. LTD.,45.83,48.85,45.81,47.41,45.42,5822173
2026-08-21,AHLEAST,ASIAN HOTELS (EAST) LTD,138.9,143.99,138.9,139.93,142.79,1487
2026-08-21,ASIANHOTNR,ASIAN HOTELS (NORTH) LTD,300.2,300.2,292.0,298.2,301.7,6677
2026-08-21,ASIANPAINT,ASIAN PAINTS LIMITED,2620.2,2644.0,2615.5,2640.0,2625.2,330334
2026-08-21,ASTAR,ASIAN STAR CO. LTD.,613.9,613.9,585.0,600.0,592.35,16
2026-08-21,ASIANTNE,ASIAN TEA & EXPORTS LTD.,9.0,9.6,9.0,9.33,9.42,6247
2026-08-21,ASKAUTOLTD,ASK AUTOMOTIVE LIMITED,645.0,649.95,617.5,621.15,643.85,596176
2026-08-21,ASPINWALL,ASPINWALL & CO LTD,251.7,252.0,245.4,247.49,246.55,3677
2026-08-21,ASSAMENT,ASSAM ENTRADE LIMITED,839.95,839.95,760.0,780.0,800.0,38
2026-08-21,ASALCBR,ASSO ALCOHOLS & BREW LTD,723.4,729.5,720.1,726.45,722.8,12344
2026-08-21,ASTEC,ASTEC LIFESCIENCES LTD,601.8,619.4,601.0,601.85,601.8,22069
2026-08-21,ASTERDM,ASTER DM QUALITY CARE LTD,765.95,766.35,751.6,761.55,765.65,3493847
2026-08-21,ASTRAMICRO,ASTRA MICROWAVE LTD,1680.0,1694.0,1658.3,1662.2,1684.2,373866
2026-08-21,ASTRAL,ASTRAL LIMITED,1532.0,1546.0,1521.0,1528.5,1532.0,451537
2026-08-21,ASTRAZEN,ASTRAZENECA PHARMA IND LT,7500.0,7580.0,7371.5,7415.5,7507.0,19159
2026-08-21,ATALREAL,ATAL REALTECH LIMITED,33.6,34.15,33.03,33.48,33.45,13830339
2026-08-21,ATAM,ATAM VALVES LIMITED,56.01,57.49,53.53,54.21,55.53,35699
2026-08-21,ATHERENERG,ATHER ENERGY LIMITED,1457.0,1471.3,1433.3,1462.0,1449.6,1560133
2026-08-21,ATLANTAELE,ATLANTA ELECTRICALS LTD,1712.9,1857.4,1700.0,1846.9,1688.6,402945
2026-08-21,ATLANTAA,ATLANTAA LIMITED,38.61,39.7,38.01,38.3,38.57,26027
2026-08-21,ATLASCYCLE,ATLAS CYCLE (HARYANA) LTD,97.0,98.5,96.25,97.45,97.95,1378
2026-08-21,ATULAUTO,ATUL AUTO LIMITED,487.0,491.35,481.6,483.05,487.35,74292
2026-08-21,ATUL,ATUL LTD,6501.5,6559.5,6460.0,6509.5,6510.5,28223
2026-08-21,AUBANK,AU SMALL FINANCE BANK LTD,1088.0,1108.2,1083.9,1108.2,1088.0,2113659
2026-08-21,AURIONPRO,AURIONPRO SOLN LTD,695.0,701.95,688.8,695.55,691.4,88013
2026-08-21,AUROPHARMA,AUROBINDO PHARMA LTD,1609.1,1624.0,1600.0,1621.3,1608.0,750168
2026-08-21,AURUM,AURUM PROPTECH LIMITED,229.95,232.0,226.2,227.82,229.8,82532
2026-08-21,AURUS,AURUS GEM CORP LIMITED,4.58,4.7,4.5,4.68,4.62,10432
2026-08-21,AUSOMENT,AUSOM ENTERPRISE LIMITED,144.0,152.0,143.4,146.83,145.51,7308
2026-08-21,AUSTENG,AUSTIN ENGINEERING CO. L,125.0,128.99,125.0,126.82,126.7,1067
2026-08-21,AIIL,AUTHUM INVEST & INFRA LTD,532.2,565.4,532.2,552.25,532.3,673353
2026-08-21,ACGL,AUTOMOBILE CORPN OF GOA L,1800.0,1834.2,1790.0,1806.2,1802.0,520
2026-08-21,AUTOAXLES,AUTOMOTIVE AXLES LIMITED,1762.0,1776.4,1740.0,1744.8,1754.2,4647
2026-08-21,ASAL,AUTOMOTIVE STAMPINGS & AS,506.0,507.55,497.35,500.1,506.75,17246
2026-08-21,AVADHSUGAR,AVADH SUG & ENERGY LTD,790.0,853.5,761.35,834.8,814.7,1315201
2026-08-21,AVALON,AVALON TECHNOLOGIES LTD,2235.1,2235.1,2154.0,2183.8,2245.5,444440
2026-08-21,AVANCE,AVANCE TECHNOLOGIES LTD.,0.89,0.9,0.88,0.88,0.88,3087303
2026-08-21,AVANTEL,AVANTEL LIMITED,162.3,163.5,159.49,160.22,162.96,611717
2026-08-21,AVANTIFEED,AVANTI FEEDS LIMITED,856.8,867.4,844.3,847.5,857.15,217590
2026-08-21,DMART,AVENUE SUPERMARTS LIMITED,3979.8,3990.0,3866.4,3906.0,3960.0,417784
2026-08-21,CCAVENUE,AVENUESAI LIMITED,14.95,15.26,14.84,15.16,14.95,9481532
2026-08-21,AVONMORE,AVONMORE CAP&MGT SERV LTD,13.16,13.67,13.16,13.23,13.3,201588
2026-08-21,AVROIND,AVRO INDIA LIMITED,9.48,9.48,8.41,8.59,9.38,1274503
2026-08-21,AVTNPL,AVT NATURAL PRODUCTS LTD,88.1,89.37,87.1,87.53,88.47,199773
2026-08-21,AWFIS,AWFIS SPACE SOLUTIONS LTD,264.65,270.6,263.0,268.2,263.0,137395
2026-08-21,AWL,AWL AGRI BUSINESS LIMITED,192.0,192.69,187.33,188.12,188.64,6189500
2026-08-21,AXISBANK,AXIS BANK LIMITED,1250.6,1256.4,1240.4,1245.8,1251.0,3690270
2026-08-21,BNKETFAXIS,AXISAMC-BNKETFAXIS,594.74,596.83,594.5,595.7,593.46,67
2026-08-21,CONSUMAXIS,AXISAMC-CONSUMAXIS,124.3,124.3,123.51,123.65,124.39,790
2026-08-21,GOLDAXIS,AXISAMC-GOLDAXIS,133.0,133.0,130.61,132.27,129.78,1825425
2026-08-21,HEALTHAXIS,AXISAMC-HEALTHAXIS,168.0,168.91,166.18,167.33,168.91,5463
2026-08-21,ITAXIS,AXISAMC-ITAXIS,335.73,339.1,334.78,337.07,335.63,1040
2026-08-21,NIFTYAXIS,AXISAMC-NIFTYAXIS,269.82,269.82,267.93,268.56,268.74,30829
2026-08-21,SENSEXAXIS,AXISAMC-SENSEXAXIS,80.8,81.6,80.36,80.68,80.56,1875
2026-08-21,SILVERAXIS,AXISAMC-SILVERAXIS,239.8,243.14,238.77,241.78,233.96,442947
2026-08-21,VALUEAXIS,AXISAMC-VALUEAXIS,32.86,32.89,32.7,32.75,32.57,99963
2026-08-21,AXISCADES,AXISCADES TECH LTD,1604.9,1621.7,1570.0,1597.5,1600.6,90722
2026-08-21,AXITA,AXITA COTTON LIMITED,7.37,7.91,7.3,7.67,7.3,2106333
2026-08-21,AXTEL,AXTEL INDUSTRIES LTD.,407.0,414.0,402.2,411.95,404.1,1088
2026-08-21,AYE,AYE FINANCE LIMITED,170.01,173.7,168.03,170.02,169.69,505743
2026-08-21,AYMSYNTEX,AYM SYNTEX LIMITED,264.0,268.0,252.2,258.2,262.5,55480
2026-08-21,AZAD,AZAD ENGINEERING LIMITED,2765.1,2851.5,2721.0,2837.8,2766.6,461368
2026-08-21,AZADIND,AZAD INDIA MOBILITY LTD.,90.01,93.35,89.0,90.47,89.76,23654
2026-08-21,BBTCL,B&B TRIPLEWALL CONT LTD,252.0,252.0,235.0,240.11,248.14,25731
2026-08-21,BAGFILMS,B.A.G FILMS AND MEDIA LTD,4.35,4.46,4.26,4.35,4.38,146476
2026-08-21,BLKASHYAP,B.L.KASHYAP & SON LTD,53.95,54.5,52.35,52.52,53.98,242202
2026-08-21,STYLEBAAZA,BAAZAR STYLE RETAIL LTD,437.85,447.1,417.65,417.65,439.6,2692014
2026-08-21,BAIDFIN,BAID FINSERV LIMITED,9.85,9.99,9.61,9.92,9.76,39696
2026-08-21,BAJAJ-AUTO,BAJAJ AUTO LIMITED,11790.0,11790.0,11660.0,11700.0,11793.0,221616
2026-08-21,BAJAJCON,BAJAJ CONSUMER CARE LTD,486.95,490.75,477.0,478.35,486.95,542325
2026-08-21,BAJAJELEC,BAJAJ ELECT.LTD,354.35,355.15,350.2,351.65,354.35,105860
2026-08-21,BAJFINANCE,BAJAJ FINANCE LIMITED,1105.4,1105.5,1090.6,1095.0,1095.0,3042594
2026-08-21,BAJAJFINSV,BAJAJ FINSERV LTD.,2009.0,2032.5,2005.0,2032.5,2016.0,830062
2026-08-21,BAJAJHCARE,BAJAJ HEALTHCARE LIMITED,323.65,327.65,319.55,322.0,325.95,70159
2026-08-21,BAJAJHIND,BAJAJ HINDUSTHAN SUGAR LT,23.3,23.36,22.13,23.13,23.33,126644332
2026-08-21,BAJAJHLDNG,BAJAJ HOLDINGS & INVS LTD,11360.0,11410.0,11280.0,11320.0,11368.0,24339
2026-08-21,BAJAJHFL,BAJAJ HOUSING FINANCE LTD,85.99,85.99,84.8,84.85,85.59,1840929
2026-08-21,BAJAJST,BAJAJ STEEL INDS. LTD.,352.45,359.0,350.05,351.7,349.55,4569
2026-08-21,BAJEL,BAJEL PROJECTS LIMITED,180.53,192.7,180.53,191.78,180.58,1028759
2026-08-21,BALPHARMA,BAL PHARMA LTD.,87.9,87.9,85.51,85.93,86.66,8955
2026-08-21,BALAMINES,BALAJI AMINES LIMITED,2066.0,2120.0,2060.0,2078.2,2078.9,112328
2026-08-21,BALAJITELE,BALAJI TELEFILMS LIMITED.,91.47,100.2,89.46,97.8,91.47,1889263
2026-08-21,BALAXI,BALAXI PHARMA LTD,22.4,23.0,22.24,22.4,22.3,50714
2026-08-21,BALKRISIND,BALKRISHNA IND. LTD,2379.0,2379.1,2342.0,2350.8,2378.0,82873
2026-08-21,BALKRISHNA,BALKRISHNA PAPER MILLS L,17.3,17.5,17.25,17.27,17.3,7235
2026-08-21,BALMLAWRIE,BALMER LAWRIE & CO LTD,174.5,175.67,174.02,174.64,174.0,87753
2026-08-21,BLIL,BALMER LAWRIE INVSTS. L,71.85,71.99,71.41,71.89,71.44,46713
2026-08-21,BALRAMCHIN,BALRAMPUR CHINI MILLS LTD,747.35,765.0,714.0,729.35,767.1,19995747
2026-08-21,BALUFORGE,BALU FORGE INDUSTRIES LTD,552.4,563.0,543.7,555.4,546.75,2235667
2026-08-21,BANARBEADS,BANARAS BEADS LTD,114.0,114.1,112.0,112.3,114.0,593
2026-08-21,BANCOINDIA,BANCO PRODUCTS (I) LTD,626.95,630.15,619.5,623.7,625.45,113028
2026-08-21,BANDHANBNK,BANDHAN BANK LIMITED,174.78,177.09,174.16,175.1,174.16,6671543
2026-08-21,GOLDBND,BANDHANAMC - GOLDBND,156.91,159.0,155.87,158.57,155.49,12286
2026-08-21,IDFNIFTYET,BANDHANAMC - IDFNIFTYET,267.74,269.9,267.5,267.65,268.98,300
2026-08-21,SILVERBND,BANDHANAMC - SILVERBND,240.45,244.9,240.36,244.13,235.88,16559
2026-08-21,BANG,BANG OVERSEAS LTD.,28.51,29.44,28.11,28.69,28.65,35058
2026-08-21,BANKBARODA,BANK OF BARODA,244.0,247.0,243.5,247.0,244.5,7918075
2026-08-21,BANKINDIA,BANK OF INDIA,142.8,143.9,141.93,142.79,142.8,5334194
2026-08-21,MAHABANK,BANK OF MAHARASHTRA,80.36,81.37,79.85,80.26,80.28,7791777
2026-08-21,BANKA,BANKA BIOLOO LIMITED,80.09,80.8,78.0,78.0,79.3,389
2026-08-21,BANARISUG,BANNARI AMMAN SUGARS LTD,4114.9,4199.0,3950.0,4019.7,4240.7,22815
2026-08-21,BANSALWIRE,BANSAL WIRE INDUSTRIES L,324.0,331.0,320.15,322.3,322.75,58432
2026-08-21,BANSWRAS,BANSWARA SYNTEX LIMITED,120.95,123.45,117.61,122.1,120.34,30221
2026-08-21,BVCL,BARAK VALLEY CEM. LTD.,41.78,42.8,41.5,42.13,41.77,27095
2026-08-21,BBNPNBETF,BARODABNP - BBNPNBETF,57.81,58.42,57.81,58.21,57.81,261
2026-08-21,BBNPPGOLD,BARODABNP - BBNPPGOLD,154.7,154.7,151.15,153.5,150.95,15895
2026-08-21,BASF,BASF INDIA LTD,3861.2,3919.9,3855.0,3902.7,3856.2,20869
2026-08-21,BATAINDIA,BATA INDIA LTD,714.9,715.55,699.0,701.05,711.2,307015
2026-08-21,BATLIBOI,BATLIBOI LTD.,86.39,86.45,84.01,85.27,84.81,23803
2026-08-21,BAYERCROP,BAYER CROPSCIENCE LTD,4078.5,4101.9,4046.2,4071.5,4066.8,20419
2026-08-21,BCLIND,BCL INDUSTRIES LIMITED,37.31,37.32,36.35,36.5,37.19,547534
2026-08-21,BCPL,BCPL RAILWAY INFRA LTD,70.0,70.95,70.0,70.42,70.71,7263
2026-08-21,BEARDSELL,BEARDSELL LIMITED,26.48,26.48,25.51,25.99,25.76,10147
2026-08-21,BEDMUTHA,BEDMUTHA INDUST LTD,108.56,110.59,108.0,108.42,108.96,3327
2026-08-21,BEEKAY,BEEKAY STEEL INDS. LTD.,430.0,449.8,421.0,435.3,423.25,1137
2026-08-21,BLEL,BEHARI LAL ENGINEERING L,504.25,519.0,492.4,494.95,504.25,6765126
2026-08-21,BELLACASA,BELLA CASA FASH AND RET L,218.3,229.0,218.3,228.07,224.48,6617
2026-08-21,BELRISE,BELRISE INDUSTRIES LTD,234.99,234.99,230.95,231.77,234.08,3830918
2026-08-21,BLAL,BEML LAND ASSETS LIMITED,169.01,170.9,168.01,168.43,169.63,23822
2026-08-21,BEML,BEML LIMITED,1950.0,1969.7,1930.2,1935.4,1962.8,237504
2026-08-21,BENARAS,BENARES HOTELS LTD.,10245.0,10299.0,10200.0,10200.0,10200.0,61
2026-08-21,BENGALASM,BENGAL & ASSAM CO. LTD.,6187.0,6287.0,6127.0,6256.0,6201.0,203
2026-08-21,BERGEPAINT,BERGER PAINTS (I) LTD,530.2,530.2,522.0,524.4,528.55,157453
2026-08-21,BESTAGRO,BEST AGROLIFE LIMITED,18.14,18.39,18.01,18.24,18.12,418771
2026-08-21,BETA,BETA DRUGS LIMITED,2285.0,2354.1,2258.3,2327.7,2295.0,18277
2026-08-21,BFINVEST,BF INVESTMENT LIMITED,453.7,455.0,449.55,451.55,451.5,17406
2026-08-21,BFUTILITIE,BF UTILITIES LIMITED,528.45,529.0,520.15,523.85,528.45,36751
2026-08-21,BANK10BETF,BFAM - BANK10BETF,21.69,21.69,20.82,21.24,20.86,1321
2026-08-21,BANKBETF,BFAM - BANKBETF,58.7,58.87,58.41,58.59,58.45,10804
2026-08-21,LIQUIDBETF,BFAM - LIQUIDBETF,1095.77,1095.79,1095.77,1095.78,1095.34,689308
2026-08-21,NIFTYBETF,BFAM - NIFTYBETF,250.58,250.58,248.98,250.09,249.27,2203
2026-08-21,BHAGCHEM,BHAGIRADHA CHEM & INDS L,284.5,284.65,279.75,280.2,283.9,30101
2026-08-21,BHAGYANGR,BHAGYANAGAR INDIA LIMITED,392.0,401.9,384.1,394.5,384.0,139200
2026-08-21,BHANDARI,BHANDARI HOSIERY EXP LTD,3.02,3.13,2.96,3.05,3.02,200016
2026-08-21,BEPL,BHANSALI ENG. POLYMERS LT,124.0,128.65,123.23,125.82,123.23,2795110
2026-08-21,BBL,BHARAT BIJLEE LTD,2355.0,2400.9,2331.0,2389.7,2353.9,38584
2026-08-21,BHARATCOAL,BHARAT COKING COAL LTD,33.3,35.7,33.3,34.81,33.27,24578322
2026-08-21,BDL,BHARAT DYNAMICS LIMITED,1317.0,1364.7,1317.0,1359.0,1317.0,2191062
2026-08-21,BEL,BHARAT ELECTRONICS LTD,413.45,415.95,408.65,414.0,409.4,13688811
2026-08-21,BHARATFORG,BHARAT FORGE LTD,2054.0,2072.0,2021.3,2063.0,2062.0,877899
2026-08-21,BPLPHARMA,BHARAT PARENTERALS LTD.,1528.9,1528.9,1331.0,1397.1,1294.7,4535
2026-08-21,BPCL,BHARAT PETROLEUM CORP  LT,308.7,314.2,307.2,311.0,308.7,4998491
2026-08-21,BHARATRAS,BHARAT RASAYAN LTD,1300.0,1321.8,1286.1,1295.0,1303.4,6017
2026-08-21,BRNL,BHARAT ROAD NETWORK LTD,17.35,17.74,17.15,17.24,17.35,31379
2026-08-21,BHARATSE,BHARAT SEATS LIMITED,231.0,238.14,226.67,228.19,230.26,229676
2026-08-21,BHARATWIRE,BHARAT WIRE ROPES LTD.,187.65,191.8,187.6,188.79,187.76,112233
2026-08-21,BHARTIARTL,BHARTI AIRTEL LIMITED,1950.0,1954.9,1940.5,1946.0,1941.7,3016258
2026-08-21,BHARTIHEXA,BHARTI HEXACOM LIMITED,1615.0,1615.0,1584.0,1591.2,1615.6,50762
2026-08-21,BIL,BHARTIYA INTERNATIONAL,834.55,844.85,827.4,831.1,834.55,24528
2026-08-21,BHEL,BHEL,416.05,416.65,409.1,413.0,413.5,3639529
2026-08-21,BIGBLOC,BIGBLOC CONSTRUCTION LTD,42.87,42.98,42.11,42.49,42.6,77249
2026-08-21,BIKAJI,BIKAJI FOODS INTERN LTD,607.05,610.7,603.4,605.75,607.0,42836
2026-08-21,GROWW,BILLIONBRAINS GARAGE VN L,201.0,201.64,195.0,197.01,200.72,29428036
2026-08-21,BIMETAL,BIMETAL BEARINGS LTD.,619.9,626.0,618.7,624.85,623.0,322
2026-08-21,BIOCON,BIOCON LIMITED.,412.5,416.0,411.0,415.55,412.5,2225359
2026-08-21,BIOFILCHEM,BIOFIL CHEM & PHARMA LTD,30.63,31.45,30.12,30.26,30.78,11223
2026-08-21,BIRLACORPN,BIRLA CORPORATION LTD,895.0,895.0,887.0,889.25,891.5,22428
2026-08-21,BIRLAPREC,BIRLA PRECISION TECH L,39.12,45.5,38.13,44.4,39.11,986460
2026-08-21,BIRLANU,BIRLANU LIMITED,1533.9,1546.5,1502.0,1514.2,1535.4,9004
2026-08-21,ABGSEC,BIRLASLAMC - ABGSEC,114.19,115.43,114.19,115.07,114.32,38
2026-08-21,ABSL10BANK,BIRLASLAMC - ABSL10BANK,169.39,169.96,169.0,169.17,168.47,1227
2026-08-21,ABSLBANETF,BIRLASLAMC - ABSLBANETF,58.77,59.28,58.77,59.17,59.08,112082
2026-08-21,ABSLLIQUID,BIRLASLAMC - ABSLLIQUID,999.99,1000.01,999.99,1000.0,999.99,12372
2026-08-21,ABSLMSCIN,BIRLASLAMC - ABSLMSCIN,29.83,29.83,29.77,29.8,29.75,25
2026-08-21,ABSLNN50ET,BIRLASLAMC - ABSLNN50ET,78.08,78.21,77.64,77.74,78.29,11369
2026-08-21,BSLSENETFG,BIRLASLAMC - BSLSENETFG,80.27,80.27,78.0,78.11,78.32,1019
2026-08-21,GSEC10ABSL,BIRLASLAMC - GSEC10ABSL,110.3,110.3,110.3,110.3,113.27,1
2026-08-21,HEALTHY,BIRLASLAMC - HEALTHY,16.93,17.19,16.81,16.89,16.93,236913
2026-08-21,MOMENTUM,BIRLASLAMC - MOMENTUM,31.0,31.44,31.0,31.21,31.29,61979
2026-08-21,NIFTYQLITY,BIRLASLAMC - NIFTYQLITY,21.65,22.07,21.4,21.6,21.62,10245
2026-08-21,SILVER,BIRLASLAMC - SILVER,235.19,244.29,235.19,242.87,235.2,2213915
2026-08-21,TECH,BIRLASLAMC - TECH,33.46,34.0,33.22,33.53,33.65,13465
2026-08-21,ABSLPSE,BIRLASLAMC-ABSLPSE,10.29,10.29,10.15,10.18,10.15,170746
2026-08-21,BSOFT,BIRLASOFT LIMITED,310.4,311.25,302.2,303.75,309.0,750497
2026-08-21,BBOX,BLACK BOX LIMITED,756.0,805.9,756.0,775.65,751.55,1107524
2026-08-21,BLACKBUCK,BLACKBUCK LIMITED,631.8,641.9,624.0,634.3,631.05,838697
2026-08-21,BLBLIMITED,BLB LIMITED,16.03,16.29,15.95,16.0,16.03,331739
2026-08-21,BLSE,BLS E-SERVICES LIMITED,320.0,323.95,315.5,320.9,321.1,389949
2026-08-21,BLS,BLS INTL SERVS LTD,275.0,275.92,270.0,271.29,273.92,664959
2026-08-21,BLUECHIP,BLUE CHIP INDIA LIMITED,1.96,1.96,1.96,1.96,1.93,9586
2026-08-21,BLUECLOUDS,BLUE CLOUD SOFTECH SOLU L,22.5,22.9,22.0,22.22,22.47,948721
2026-08-21,BLUEDART,BLUE DART EXPRESS LTD,5077.0,5100.0,5061.0,5083.0,5077.0,4049
2026-08-21,BLUEJET,BLUE JET HEALTHCARE LTD,595.4,601.45,591.0,596.15,595.3,397216
2026-08-21,BLUESTARCO,BLUE STAR LIMITED,1525.2,1525.2,1504.1,1511.9,1510.0,199161
2026-08-21,BLUESTONE,BLUESTONE JEWEL LFSTL LTD,825.6,850.0,816.0,846.4,821.5,949533
2026-08-21,BLUSPRING,BLUSPRING ENTERPRISES LTD,118.0,129.75,117.72,128.98,117.96,2549295
2026-08-21,BMWVENTLTD,BMW VENTURES LIMITED,57.12,59.0,57.0,58.13,57.23,55161
2026-08-21,BNAGROCHEM,BN AGROCHEM LTD.,233.0,240.0,230.0,239.95,237.45,47
2026-08-21,BTML,BODHI TREE MULTIMEDIA LTD,7.81,8.14,7.81,7.86,7.92,320958
2026-08-21,BOHRAIND,BOHRA INDUSTRIES LIMITED,14.15,14.99,13.7,14.8,14.15,14069
2026-08-21,BBTC,BOMBAY BURMAH TRADING COR,1436.0,1448.2,1425.0,1427.4,1436.0,23589
2026-08-21,BOMDYEING,BOMBAY DYEING & MFG. CO L,113.2,113.2,111.19,111.65,112.6,364198
2026-08-21,BSHSL,BOMBAY SUPER HYBRID SEEDS,89.0,91.6,85.0,87.07,88.07,5903
2026-08-21,BONLON,BONLON INDUSTRIES LIMITED,40.0,43.78,38.8,39.37,40.88,63285
2026-08-21,BORANA,BORANA WEAVES LIMITED,306.75,313.95,304.7,307.95,308.2,17466
2026-08-21,BOROLTD,BOROSIL LIMITED,258.0,258.3,249.0,254.18,257.82,85268
2026-08-21,BORORENEW,BOROSIL RENEWABLES LTD,543.0,552.95,543.0,549.4,543.0,349153
2026-08-21,BOROSCI,BOROSIL SCIENTIFIC LTD,129.5,130.4,127.5,128.4,127.7,45927
2026-08-21,BOSCH-HCIL,BOSCH HOME COMFRT IND LTD,1794.0,1794.0,1721.0,1725.3,1772.0,39398
2026-08-21,BOSCHLTD,BOSCH LIMITED,48635.0,48635.0,48060.0,48200.0,48750.0,30216
2026-08-21,BPL,BPL LTD,49.8,50.34,49.23,49.76,49.19,47095
2026-08-21,BRAHMINFRA,BRAHMAPUTRA INFRA L,166.0,167.12,162.25,164.15,167.66,11334
2026-08-21,FIRSTCRY,BRAINBEES SOLUTIONS LTD,198.0,201.7,195.9,196.33,196.67,956822
2026-08-21,BCONCEPTS,BRAND CONCEPTS LIMITED,160.0,163.9,155.13,161.96,155.29,17006
2026-08-21,BRIGADE,BRIGADE ENTER. LTD,625.75,642.5,619.15,639.3,625.75,1199270
2026-08-21,BRIGHOTEL,BRIGADE HOTEL VENTURE LTD,59.99,59.99,59.02,59.13,59.91,119005
2026-08-21,BRIGHTBR,BRIGHT BROTHERS LTD.,250.0,265.0,241.22,248.12,251.23,2928
2026-08-21,BCG,BRIGHTCOM GROUP LIMITED,9.3,9.45,9.11,9.15,9.36,5521453
2026-08-21,BRITANNIA,BRITANNIA INDUSTRIES LTD,5527.5,5533.0,5342.0,5365.0,5548.0,704494
2026-08-21,BSE,BSE LIMITED,3252.0,3285.0,3223.0,3241.0,3291.1,6640651
2026-08-21,BSL,BSL LTD,123.45,123.5,121.28,122.23,121.52,3404
2026-08-21,BUTTERFLY,BTRFLY GANDHI APPL LTD,652.95,656.95,645.7,647.4,647.05,9718
2026-08-21,CGVAK,C G V A K SOFTWARE & EX L,163.7,163.7,150.1,156.93,158.58,3044
2026-08-21,MAPMYINDIA,C.E. INFO SYSTEMS LIMITED,1004.1,1009.8,978.7,983.9,1007.2,112195
2026-08-21,CMLL,CALIBER MINING AND LOG L,506.9,537.75,506.9,529.65,506.95,835216
2026-08-21,CALSOFT,CALIFORNIA SOFTWARE CO LT,25.94,28.4,25.7,27.82,27.05,1066488
2026-08-21,CTE,CAMBRIDGE TECH ENTER LTD,49.53,49.53,48.0,49.53,47.18,62547
2026-08-21,CAMLINFINE,CAMLIN FINE SCIENCES LTD,108.51,110.0,108.1,109.45,108.38,523437
2026-08-21,CAMPUS,CAMPUS ACTIVEWEAR LIMITED,231.0,233.28,227.01,228.15,223.11,1688026
2026-08-21,CANFINHOME,CAN FIN HOMES LTD,852.0,852.35,823.0,830.45,842.9,199581
2026-08-21,CANBK,CANARA BANK,129.6,129.96,128.5,129.96,129.6,8125972
2026-08-21,CANHLIFE,CANARA HSBC LIFE INS CO L,151.25,155.7,150.28,155.24,151.69,794623
2026-08-21,CRAMC,CANARA ROBECO AMC LIMITED,263.05,267.5,259.45,264.7,264.3,422879
2026-08-21,CANTABIL,CANTABIL RETAIL LTD,249.29,250.28,241.0,244.81,247.31,365085
2026-08-21,CAPACITE,CAPACITE INFRAPROJECT LTD,204.0,218.45,204.0,214.54,203.73,426180
2026-08-21,CAPILLARY,CAPILLARY TECHNO INDIA L,507.8,510.7,497.0,502.35,506.95,140987
2026-08-21,CIFL,CAPITAL INDIA FINANCE LTD,20.03,20.79,20.03,20.32,20.87,44366
2026-08-21,CAPITALSFB,CAPITAL SMALL FIN BANK L,285.0,286.05,283.5,284.7,287.45,15111
2026-08-21,CAPLIPOINT,CAPLIN POINT LAB LTD.,2542.0,2569.7,2524.9,2560.8,2529.7,49778
2026-08-21,CGCL,CAPRI GLOBAL CAPITAL LTD,225.11,227.53,217.0,224.03,225.11,4824897
2026-08-21,CPL,CAPTAIN POLYPLAST LIMITED,68.0,68.0,66.51,66.82,67.77,128208
2026-08-21,CARBORUNIV,CARBORUNDUM UNIVERSAL LTD,1137.9,1207.0,1126.6,1169.8,1137.6,751724
2026-08-21,CARERATING,CARE RATINGS LIMITED,1691.0,1734.9,1665.0,1674.4,1698.9,66230
2026-08-21,CPEDU,CAREER POINT EDUTECH LTD,201.18,203.35,200.29,201.2,201.54,6266
2026-08-21,CARRARO,CARRARO INDIA LIMITED,528.9,538.4,524.0,531.4,525.75,109529
2026-08-21,CARTRADE,CARTRADE TECH LIMITED,2893.0,3165.0,2890.0,3072.9,2895.2,2129620
2026-08-21,CARYSIL,CARYSIL LIMITED,1167.4,1175.5,1120.2,1155.4,1158.1,158546
2026-08-21,CASTROLIND,CASTROL INDIA LIMITED,188.57,189.11,187.2,187.77,188.57,958810
2026-08-21,CCL,CCL PRODUCTS (I) LTD,1114.0,1118.6,1075.1,1082.3,1112.4,380789
2026-08-21,CEATLTD,CEAT LIMITED,3589.9,3599.7,3547.6,3563.4,3588.2,28009
2026-08-21,CEIGALL,CEIGALL INDIA LIMITED,315.05,321.8,312.25,314.35,312.8,643112
2026-08-21,CEINSYS,CEINSYS TECH LIMITED,767.1,769.4,753.95,758.65,761.0,23507
2026-08-21,CELEBRITY,CELEBRITY FASHIONS LTD,6.61,6.94,6.61,6.75,6.72,18241
2026-08-21,CELLO,CELLO WORLD LIMITED,364.0,364.05,359.45,361.45,363.6,162827
2026-08-21,CEMPRO,CEMINDIA PROJECTS LIMITED,1284.7,1292.3,1263.4,1276.4,1273.9,78896
2026-08-21,CENTRALBK,CENTRAL BANK OF INDIA,31.2,31.34,31.01,31.29,31.07,4740956
2026-08-21,CDSL,CENTRAL DEPO SER (I) LTD,1345.9,1401.8,1345.9,1388.9,1345.9,3743675
2026-08-21,CMPDI,CENTRAL MINE P N D INST L,235.5,239.0,232.95,233.66,234.49,1281081
2026-08-21,CENTRUM,CENTRUM CAPITAL LIMITED,23.56,23.87,23.11,23.28,23.56,255636
2026-08-21,CENTUM,CENTUM ELECTRONICS LTD,3450.0,3550.0,3400.1,3439.0,3446.0,71248
2026-08-21,CENTENKA,CENTURY ENKA LTD,573.1,580.0,558.5,569.15,567.0,55876
2026-08-21,CENTEXT,CENTURY EXTRUSIONS LTD,20.55,20.95,20.5,20.64,20.64,147487
2026-08-21,CENTURYPLY,CENTURY PLYBOARDS (I) LTD,774.95,778.85,760.2,762.4,772.75,92945
2026-08-21,CERA,CERA SANITARYWARE LTD,5899.5,5899.5,5815.5,5865.5,5858.5,3470
2026-08-21,CESC,CESC LTD,156.49,156.61,154.7,155.09,156.61,1607664
2026-08-21,CGPOWER,CG POWER AND IND SOL LTD,876.3,880.95,865.0,867.0,876.3,1311542
2026-08-21,CHALET,CHALET HOTELS LIMITED,852.6,867.2,846.05,861.95,852.9,104668
2026-08-21,CLSEL,CHAMAN LAL SETIA EXP LTD,279.0,294.8,279.0,288.35,278.45,234509
2026-08-21,CHAMBLFERT,CHAMBAL FERTILIZERS LTD,438.0,438.0,429.6,431.15,433.95,459222
2026-08-21,CHEMBOND,CHEMBOND MATERIALTECH LTD,163.5,195.0,163.0,172.63,167.47,31986
2026-08-21,CHEMCRUX,CHEMCRUX ENTERPRISES LTD.,87.1,87.35,80.0,84.34,86.62,7928
2026-08-21,CHEMFAB,CHEMFAB ALKALIS LIMITED,374.45,378.75,354.45,356.75,366.0,5922
2026-08-21,CHEMPLASTS,CHEMPLAST SANMAR LIMITED,175.15,179.78,175.15,176.89,175.14,101611
2026-08-21,CHENNPETRO,CHENNAI PETROLEUM CORP LT,1394.1,1408.0,1380.0,1393.5,1390.5,882859
2026-08-21,CHEVIOT,CHEVIOT COMPANY LIMITED,1182.5,1182.5,1159.2,1166.2,1176.3,768
2026-08-21,CHOICEIN,CHOICE INTERNATIONAL LTD,809.95,815.8,806.95,808.6,809.7,253715
2026-08-21,CHOICEGOLD,CHOICEAMC - CHOICEGOLD,154.25,160.0,154.25,157.39,154.25,7285
2026-08-21,CHOLAHLDNG,CHOLAMANDALAM FIN HOL LTD,1580.0,1580.0,1551.1,1561.8,1574.2,74200
2026-08-21,CHOLAFIN,CHOLAMANDALAM IN & FIN CO,1888.9,1890.1,1855.0,1862.9,1888.9,902331
2026-08-21,CIEINDIA,CIE AUTOMOTIVE INDIA LTD,404.15,405.5,400.0,401.05,403.8,261607
2026-08-21,CINELINE,CINELINE INDIA LIMITED,87.5,88.4,86.75,88.03,86.71,8622
2026-08-21,CINEVISTA,CINEVISTA LIMITED,13.86,14.74,13.84,14.21,14.12,4535
2026-08-21,CIPLA,CIPLA LTD,1433.4,1443.6,1408.6,1432.2,1438.0,728275
2026-08-21,CUB,CITY UNION BANK LTD,219.35,220.94,216.5,217.3,219.35,727772
2026-08-21,CLEANMAX,CLEAN MAX ENVIRO EN SOL L,1220.6,1275.0,1209.1,1266.9,1220.1,98595
2026-08-21,CLEAN,CLEAN SCIENCE & TECH LTD,834.7,840.4,820.2,825.5,834.7,255282
2026-08-21,CMRGREEN,CMR GREEN TECHNOLOGIES L,214.5,218.4,212.1,212.87,213.75,484291
2026-08-21,CMSINFO,CMS INFO SYSTEMS LIMITED,249.6,251.5,245.35,247.0,249.55,640090
2026-08-21,COALINDIA,COAL INDIA LTD,402.55,405.9,401.7,405.2,402.5,10327739
2026-08-21,COASTCORP,COASTAL CORPORATION LTD,40.32,41.88,40.0,40.55,40.57,146472
2026-08-21,COCHINSHIP,COCHIN SHIPYARD LIMITED,1485.0,1496.6,1461.7,1480.5,1489.0,817183
2026-08-21,COFORGE,COFORGE LIMITED,1890.0,1891.7,1851.0,1891.7,1882.0,1990336
2026-08-21,COHANCE,COHANCE LIFESCIENCES LTD,477.9,481.05,457.0,463.0,475.55,1638869
2026-08-21,COLPAL,COLGATE PALMOLIVE LTD.,1907.9,1907.9,1880.1,1889.0,1910.0,382856
2026-08-21,COMFINTE,COMFORT INTECH LTD.,6.49,6.61,6.3,6.32,6.46,100584
2026-08-21,COMSYN,COMMERCIAL SYN BAGS LTD,291.21,293.4,286.0,286.17,289.77,122064
2026-08-21,COMPEAU,COMPETENT AUTOMOB CO. L,318.0,420.0,318.0,353.95,353.6,13783
2026-08-21,COMPUSOFT,COMPUCOM SOFTWARE LTD,14.52,14.52,13.59,13.98,14.12,29587
2026-08-21,CAMS,COMPUTER AGE MNGT SER LTD,752.9,759.5,747.0,753.0,749.25,1631822
2026-08-21,CONCORDBIO,CONCORD BIOTECH LIMITED,1578.0,1589.0,1550.0,1571.3,1576.7,94192
2026-08-21,CEWATER,CONCORD ENVIRO SYSTEMS L,274.95,274.95,259.0,260.0,271.75,248995
2026-08-21,CFEL,CONFIDENCE FUTURIST ENE L,30.35,31.65,30.21,30.24,31.13,10806
2026-08-21,CONFIPET,CONFIDENCE PETRO IND LTD.,72.46,76.2,71.21,74.8,72.16,3819920
2026-08-21,CCCL,CONS. CONST. CONSORT LTD,15.21,15.6,15.13,15.49,15.22,130687
2026-08-21,CONCOR,CONTAINER CORP OF IND LTD,523.0,523.0,512.15,515.05,519.0,506883
2026-08-21,CONTROLPR,CONTROL PRINT LIMITED,565.35,576.95,563.0,573.8,565.9,24591
2026-08-21,CORALFINAC,CORAL INDIA FIN & HOUS LT,33.46,34.73,33.46,34.53,34.11,24041
2026-08-21,COROMANDEL,COROMANDEL INTERNTL. LTD,2004.7,2028.8,1992.0,1996.1,2004.8,35363
2026-08-21,CORONA,CORONA REMEDIES LIMITED,2166.0,2179.9,2121.1,2142.6,2165.8,12564
2026-08-21,COSMOFIRST,COSMO FIRST LIMITED,938.45,946.75,920.05,922.95,938.45,34117
2026-08-21,CCHHL,COUNTRY CLUB HOSP HOL LTD,12.54,13.13,12.26,12.99,12.54,28137
2026-08-21,CPCAP,CP CAPITAL LIMITED,124.01,126.43,120.54,121.32,123.56,13313
2026-08-21,CPSEETF,CPSE ETF,93.0,94.75,93.0,94.27,93.54,810704
2026-08-21,CRAFTSMAN,CRAFTSMAN AUTOMATION LTD,10740.0,10748.0,10510.0,10644.5,10690.5,24176
2026-08-21,CRAVATEX,CRAVATEX LTD.,372.5,372.5,358.0,359.0,355.25,101
2026-08-21,CREATIVEYE,CREATIVE EYE LIMITED,6.3,6.75,5.95,6.36,6.1,31914
2026-08-21,CNL,CREATIVE NEWTECH LIMITED,1248.15,1265.35,1224.0,1247.7,1248.15,20078
2026-08-21,CREDITACC,CREDITACCESS GRAMEEN LTD,1534.0,1534.0,1478.1,1496.1,1534.5,327983
2026-08-21,MUFTI,CREDO BRANDS MARKETING L,78.22,78.23,76.5,76.85,77.19,92967
2026-08-21,CRSL,CRESSANDA RAILWAY SOLUT L,3.37,3.39,3.2,3.39,3.09,4265503
2026-08-21,CREST,CREST VENTURES LIMITED,360.1,365.0,357.8,361.8,364.95,1293
2026-08-21,CRISIL,CRISIL LTD,4479.5,4534.3,4469.6,4514.5,4478.6,20968
2026-08-21,CRIZAC,CRIZAC LIMITED,172.65,175.0,171.0,172.84,171.34,158343
2026-08-21,CROMPTON,CROMPT GREA CON ELEC LTD,256.0,259.0,247.85,252.0,252.0,13394000
2026-08-21,CROWN,CROWN LIFTERS LIMITED,103.22,105.5,102.13,105.07,104.17,7149
2026-08-21,CSBBANK,CSB BANK LIMITED,321.25,328.2,320.1,322.9,320.9,606739
2026-08-21,CSLFINANCE,CSL FINANCE LIMITED,227.01,232.5,225.55,230.17,225.29,51270
2026-08-21,CSM,CSM TECHNOLOGIES LIMITED,99.37,100.0,98.81,99.55,99.37,259489
2026-08-21,CUBEXTUB,CUBEX TUBINGS LTD,78.8,80.25,78.8,79.11,78.8,30869
2026-08-21,CUMMINSIND,CUMMINS INDIA LTD,5116.0,5218.0,5092.0,5107.5,5205.0,753737
2026-08-21,CUPID,CUPID LIMITED,281.99,288.0,281.9,284.58,282.43,16664215
2026-08-21,CURAA,CURA TECHNOLOGIES LIMITED,78.5,78.5,71.6,72.59,77.47,6438
2026-08-21,CYBERMEDIA,CYBER MEDIA (INDIA) LTD.,16.24,17.32,16.24,16.9,16.56,12189
2026-08-21,CYIENTDLM,CYIENT DLM LIMITED,728.05,728.05,702.5,721.15,730.25,629321
2026-08-21,CYIENT,CYIENT LIMITED,898.5,918.45,888.9,892.65,903.05,594920
2026-08-21,DLINKINDIA,D-LINK INDIA LTD,436.85,444.65,434.35,435.75,438.4,85873
2026-08-21,DPABHUSHAN,D. P. ABHUSHAN LIMITED,1461.1,1487.0,1444.9,1482.4,1461.7,31616
2026-08-21,DBCORP,D.B.CORP LTD,206.31,208.0,204.53,205.86,206.31,112078
2026-08-21,DABUR,DABUR INDIA LTD,400.05,400.75,397.65,400.5,400.0,672540
2026-08-21,DAICHI,DAI-ICHI KARKARIA LTD.,320.0,329.9,315.0,324.35,316.35,6878
2026-08-21,DALBHARAT,DALMIA BHARAT LIMITED,1897.0,1912.5,1871.9,1880.0,1897.0,339192
2026-08-21,DALMIASUG,DALMIA BHARAT SUG IN LTD,498.0,508.9,475.05,497.95,508.1,1577558
2026-08-21,DAMCAPITAL,DAM CAPITAL ADVISORS LTD,145.0,147.1,144.1,144.47,145.54,211292
2026-08-21,DANGEE,DANGEE DUMS LIMITED,2.81,2.94,2.81,2.87,2.91,63672
2026-08-21,DATAPATTNS,DATA PATTERNS INDIA LTD,4730.1,5000.0,4730.1,4829.9,4700.2,2315293
2026-08-21,DATAMATICS,DATAMATICS GLOBAL SER LTD,824.75,828.95,816.75,819.25,820.9,46281
2026-08-21,DAVANGERE,DAVANGERE SUGAR COMPANY L,3.02,3.05,2.98,2.99,2.99,21848993
2026-08-21,DCI,DC INFOTECH AND COMUN LTD,383.0,389.7,381.25,381.35,376.85,30171
2026-08-21,DCBBANK,DCB BANK LIMITED,188.99,205.0,187.6,203.59,188.61,10152482
2026-08-21,DCMFINSERV,DCM FINANCIAL SERVICES LT,5.5,5.5,5.33,5.43,5.5,4276
2026-08-21,DCMNVL,DCM NOUVELLE LIMITED,175.0,176.01,170.01,171.6,175.62,12706
2026-08-21,DCMSRIND,DCM SHRIRAM IND LTD,53.07,53.88,50.5,51.24,52.84,448778
2026-08-21,DCMSIL,DCM SHRIRAM INTERNATNL L,76.1,79.5,72.99,77.79,76.1,118286
2026-08-21,DCMSHRIRAM,DCM SHRIRAM LIMITED,1085.0,1099.9,1074.7,1082.1,1079.7,209945
2026-08-21,DCW,DCW LTD,44.2,45.84,43.95,44.73,44.01,1816443
2026-08-21,DCXINDIA,DCX SYSTEMS LIMITED,173.9,178.5,173.9,175.49,173.71,321564
2026-08-21,DDEVPLSTIK,DDEV PLASTIKS IND LTD,276.5,279.6,275.3,277.85,276.5,36568
2026-08-21,DENORA,DE NORA INDIA LIMITED,851.3,851.4,827.45,828.95,839.85,3755
2026-08-21,DECCANCE,DECCAN CEMENTS LIMITED,559.8,579.0,550.65,554.15,556.1,28518
2026-08-21,DECNGOLD,DECCAN GOLD MINES LTD.,243.85,250.8,236.1,245.67,242.66,3292732
2026-08-21,DEEDEV,DEE DEVELOPMENT ENG LTD,629.9,653.35,625.0,646.1,622.25,184335
2026-08-21,DEEPINDS,DEEP INDUSTRIES LIMITED,654.95,704.35,652.35,688.05,658.45,581848
2026-08-21,DEEP,DEEP POLYMERS LTD.,37.18,37.2,36.1,36.64,37.18,3278
2026-08-21,DEEPAKFERT,DEEPAK FERTILIZERS & PETR,1464.2,1465.0,1437.0,1449.2,1464.2,252028
2026-08-21,DEEPAKNTR,DEEPAK NITRITE LTD,1760.0,1760.0,1725.1,1747.1,1750.4,294642
2026-08-21,DELHIVERY,DELHIVERY LIMITED,450.1,454.2,448.35,450.7,450.1,1293159
2026-08-21,DELTACORP,DELTA CORP LIMITED,59.81,60.14,58.21,58.62,59.52,900931
2026-08-21,DELTAMAGNT,DELTA MANUFACTURING LTD,59.69,59.69,56.85,58.49,58.27,5395
2026-08-21,DEN,DEN NETWORKS LTD,27.9,28.49,27.83,28.17,27.75,536696
2026-08-21,DENTA,DENTA WATER N INFRA SOL L,292.8,293.05,285.0,286.4,290.5,86987
2026-08-21,DEVX,DEV ACCELERATOR LIMITED,34.99,36.3,33.53,35.68,34.72,326171
2026-08-21,DEVIT,DEV INFO TECHNOLOGY LTD,24.8,25.4,24.4,24.9,24.66,26511
2026-08-21,DEVYANI,DEVYANI INTERNATIONAL LTD,147.1,149.0,143.5,144.4,147.79,2968605
2026-08-21,DHABRIYA,DHABRIYA POLYWOOD LTD.,559.95,584.0,552.0,576.7,555.25,34990
2026-08-21,DBOL,DHAMPUR BIO ORGANICS LTD,132.0,135.35,128.21,131.15,135.61,453412
2026-08-21,DHAMPURSUG,DHAMPUR SUGAR MILLS LTD.,184.0,187.59,179.25,185.23,189.76,3484030
2026-08-21,DHANBANK,DHANLAXMI BANK LIMITED,32.5,34.25,32.4,33.73,32.49,2914419
2026-08-21,DHANUKA,DHANUKA AGRITECH LTD,995.0,1000.0,972.5,980.3,996.3,25532
2026-08-21,DHARMAJ,DHARMAJ CROP GUARD LTD,270.25,271.2,268.4,270.0,270.05,41251
2026-08-21,DHATRE,DHATRE UDYOG LTD.,4.71,4.71,4.15,4.52,4.6,11677
2026-08-21,DHOOTTRANS,DHOOT TRANSMISSION LTD,1440.0,1523.0,1429.1,1478.95,1468.65,11688141
2026-08-21,DHRUV,DHRUV CONSULTANCY SER LTD,25.0,25.27,24.05,24.35,25.29,8234
2026-08-21,DHUNINV,DHUNSERI INVESTMENTS LTD,979.55,999.0,956.4,975.65,963.2,542
2026-08-21,DTIL,DHUNSERI TEA & IND. LTD.,137.0,144.01,134.23,138.69,134.95,23845
2026-08-21,DVL,DHUNSERI VENTURES LIMITED,264.0,272.0,264.0,269.49,263.34,12718
2026-08-21,DIAMINESQ,DIAMINES & CHEMICALS LTD,234.0,243.6,234.0,241.11,236.46,8003
2026-08-21,DICIND,DIC INDIA LIMITED,600.0,614.8,585.0,593.9,589.6,15978
2026-08-21,DIFFNKG,DIFFUSION ENGINEERS LTD,404.05,405.5,400.05,401.45,401.8,29620
2026-08-21,DGCONTENT,DIGICONTENT LIMITED,23.81,25.1,23.81,24.85,24.12,38179
2026-08-21,DIGIDRIVE,DIGIDRIVE DISTRIBUTORS L,17.12,18.0,17.12,17.9,17.26,26561
2026-08-21,DIGISPICE,DIGISPICE TECHNOLOGIES LT,16.74,17.44,16.74,16.99,17.19,89927
2026-08-21,DIGITIDE,DIGITIDE SOLUTIONS LTD,96.57,99.3,94.91,97.01,96.57,259341
2026-08-21,DIGJAMLMTD,DIGJAM LTD,51.55,53.21,51.05,51.64,51.55,7738
2026-08-21,DNAMEDIA,DILIGENT MEDIA CORP LTD.,2.58,2.76,2.47,2.6,2.51,169127
2026-08-21,DBL,DILIP BUILDCON LIMITED,415.0,417.85,413.5,414.6,415.0,67737
2026-08-21,DISAQ,DISA INDIA LTD.,11727.0,11848.0,11659.0,11836.0,11508.0,367
2026-08-21,DISHTV,DISH TV INDIA LTD.,2.79,2.8,2.77,2.77,2.79,660570
2026-08-21,DCAL,DISHMAN CARBO AMCIS LTD,174.0,181.57,172.21,173.54,172.41,502409
2026-08-21,DIVGIITTS,DIVGI TORQTRANSFER SYST L,1274.3,1274.3,1210.0,1217.9,1263.45,92239
2026-08-21,DIVISLAB,DIVI S LABORATORIES LTD,8600.0,8610.0,8505.5,8597.0,8570.0,180697
2026-08-21,DIXON,DIXON TECHNO (INDIA) LTD,14864.0,14924.0,14620.0,14850.0,14850.0,582929
2026-08-21,DJML,DJ MEDIAPRINT & LOG LTD,104.7,109.7,102.01,108.64,101.95,536749
2026-08-21,DLF,DLF LIMITED,677.2,684.45,675.25,678.1,676.15,2480650
2026-08-21,DMCC,DMCC SPECIALITY CHEMICALS,285.05,290.0,281.1,284.3,287.3,31044
2026-08-21,DODLA,DODLA DAIRY LIMITED,1138.0,1145.4,1130.0,1138.4,1138.0,11979
2026-08-21,DOLATALGO,DOLAT ALGOTECH LIMITED,75.74,78.82,74.71,76.51,74.9,371712
2026-08-21,DOLLAR,DOLLAR INDUSTRIES LIMITED,272.65,275.9,270.6,273.2,272.15,76343
2026-08-21,DOLPHIN,DOLPHIN OFF ENT (IND) L,623.15,655.0,621.2,645.1,621.6,96382
2026-08-21,DOMS,DOMS INDUSTRIES LIMITED,2210.4,2227.4,2192.3,2206.3,2209.9,11373
2026-08-21,DONEAR,DONEAR IND. LIMITED,88.9,91.15,87.13,87.52,88.95,11988
2026-08-21,AGARWALEYE,DR AGARWALS HEALTH CARE L,501.1,502.5,495.05,500.2,503.1,453200
2026-08-21,DRAGARWQ,DR. AGARWAL'S EYE HOSP L,5306.0,5405.0,5262.5,5395.0,5307.0,1163
2026-08-21,LALPATHLAB,DR. LAL PATH LABS LTD.,1894.0,1914.8,1880.0,1894.2,1889.4,99702
2026-08-21,DRREDDY,DR. REDDY S LABORATORIES,1179.0,1185.1,1174.0,1174.7,1180.0,1246756
2026-08-21,DRCSYSTEMS,DRC SYSTEMS INDIA LIMITED,12.74,12.99,12.52,12.6,12.76,45327
2026-08-21,DREAMFOLKS,DREAMFOLKS SERVICES LTD,68.42,70.19,67.5,68.92,68.41,77853
2026-08-21,DREDGECORP,DREDGING CORP OF INDIA,1124.0,1139.9,1105.3,1116.5,1118.3,86582
2026-08-21,KEEPLEARN,DSJ KEEP LEARNING LTD,1.99,2.01,1.86,1.91,1.81,55280
2026-08-21,LIQUIDETF,DSP LIQUID ETF,999.99,1000.01,999.99,1000.0,999.99,93777
2026-08-21,BANK10ADD,DSPAMC - BANK10ADD,16.94,17.02,16.88,16.9,16.91,16235
2026-08-21,BANKADD,DSPAMC - DSPBANK,59.01,59.24,58.9,58.98,59.01,4052
2026-08-21,GOLDADD,DSPAMC - DSPGOLD,152.92,155.14,152.5,154.61,151.56,3897228
2026-08-21,ITADD,DSPAMC - DSPIT,32.32,32.52,32.16,32.25,32.62,12958
2026-08-21,EQUAL50ADD,DSPAMC - DSPNEWETF,346.79,347.99,345.02,346.66,347.46,5686
2026-08-21,NIFTYADD,DSPAMC - DSPNIFTY,254.92,256.21,254.92,255.55,255.67,3589
2026-08-21,PSUBANKADD,DSPAMC - DSPPSBKETF,87.31,87.34,86.32,86.67,86.98,165114
2026-08-21,PVTBANKADD,DSPAMC - DSPPVBKETF,27.24,28.11,27.24,28.07,27.94,96480
2026-08-21,MIDQ50ADD,DSPAMC - DSPQ50ETF,25.7,25.7,25.41,25.52,25.58,48342
2026-08-21,SENSEXADD,DSPAMC - DSPSENXETF,80.28,80.28,79.65,79.65,80.18,8140
2026-08-21,SILVERADD,DSPAMC - DSPSILVETF,232.94,236.15,231.86,234.72,227.26,460720
2026-08-21,FLEXIADD,DSPAMC - FLEXIADD,10.28,10.28,10.19,10.19,10.22,74083
2026-08-21,FMCGADD,DSPAMC - FMCGADD,48.07,48.07,47.72,47.91,48.07,29754
2026-08-21,GSEC10ADD,DSPAMC - GSEC10ADD,27.13,27.13,26.9,26.9,27.2,13
2026-08-21,HEALTHADD,DSPAMC - HEALTHADD,16.65,16.65,16.46,16.57,16.54,11692
2026-08-21,LIQUIDADD,DSPAMC - LIQUIDADD,1141.51,1141.53,1141.51,1141.52,1141.08,412112
2026-08-21,MIDBANKADD,DSPAMC - MIDBANKADD,17.5,17.65,17.49,17.65,17.51,4278
2026-08-21,MIDCAPADD,DSPAMC - MIDCAPADD,23.43,23.48,23.41,23.42,23.39,1258
2026-08-21,MSCIADD,DSPAMC - MSCIADD,29.8,29.89,29.74,29.89,29.9,788
2026-08-21,NEXT30ADD,DSPAMC - NEXT30ADD,43.49,46.7,43.29,44.76,43.49,6949
2026-08-21,NEXT50ADD,DSPAMC - NEXT50ADD,74.51,74.61,74.21,74.33,74.72,788
2026-08-21,SMALLADD,DSPAMC - SMALLADD,18.49,18.53,18.45,18.53,18.49,15026
2026-08-21,TOP10ADD,DSPAMC - TOP10ADD,88.05,88.29,87.7,87.92,87.99,221482
2026-08-21,DUCON,DUCON INFRATECHNOLOGIES L,3.4,3.65,3.27,3.35,3.35,2452192
2026-08-21,DWARKESH,DWARIKESH SUGAR IND LTD,54.0,54.36,51.78,53.63,55.38,13227091
2026-08-21,DSSL,DYNACONS SYS & SOLN LTD,1093.7,1103.9,1082.1,1097.1,1093.7,27350
2026-08-21,DYNAMATECH,DYNAMATIC TECHNOLOGIES,11768.0,11850.0,11550.0,11588.0,11765.0,12937
2026-08-21,DYCL,DYNAMIC CABLES LIMITED,455.0,462.8,451.55,458.8,453.6,233935
2026-08-21,DYNPRO,DYNEMIC PRODUCTS LIMITED,236.1,238.0,231.05,235.0,232.15,20785
2026-08-21,EASTWEST,EAST WEST FREIGHT CARRI L,2.5,2.5,2.35,2.39,2.43,20860
2026-08-21,EASEMYTRIP,EASY TRIP PLANNERS LTD,6.15,6.41,6.06,6.25,6.09,30341117
2026-08-21,EBIX,EBIX LIMITED,19.74,19.74,19.74,19.74,18.8,6026
2026-08-21,ECLERX,ECLERX SERVICES LTD,1812.1,1831.7,1785.2,1815.7,1804.8,77989
2026-08-21,ECORECO,ECO RECYCLING LTD.,470.45,470.45,443.75,454.75,461.25,15259
2026-08-21,BBETF0432,EDELAMC - BBETF0432,1350.36,1355.99,1348.02,1350.07,1350.36,662
2026-08-21,EBANK10,EDELAMC - EBANK10,17.18,17.18,16.87,16.94,17.1,13083
2026-08-21,EBANKNIFTY,EDELAMC - EBANKNIFTY,58.32,58.39,58.11,58.17,58.13,386
2026-08-21,EBBETF0430,EDELAMC - EBBETF0430,1610.8,1615.0,1605.38,1610.9,1610.79,27172
2026-08-21,EBBETF0431,EDELAMC - EBBETF0431,1439.96,1442.99,1438.95,1440.01,1442.56,604
2026-08-21,EBBETF0433,EDELAMC - EBBETF0433,1315.9,1318.13,1313.02,1317.74,1317.95,2838
2026-08-21,ECAPINSURE,EDELAMC - ECAPINSURE,24.2,24.35,24.11,24.32,24.18,69693
2026-08-21,EGOLD,EDELAMC - EGOLD,156.6,158.9,156.6,158.5,155.8,102457
2026-08-21,ELIQUID,EDELAMC - ELIQUID,1043.84,1044.77,1043.84,1044.77,1044.36,8343
2026-08-21,ELM250,EDELAMC - ELM250,16.87,16.9,16.71,16.8,16.87,192077
2026-08-21,ELMDIV,EDELAMC - ELMDIV,36.95,36.95,36.77,36.78,36.78,786
2026-08-21,EMETAL,EDELAMC - EMETAL,13.09,13.17,13.08,13.1,12.97,34255
2026-08-21,EMULTIMQ,EDELAMC - EMULTIMQ,42.25,42.4,41.96,42.05,41.72,28795
2026-08-21,ENEXT50,EDELAMC - ENEXT50,74.56,74.56,73.98,73.98,74.19,1009
2026-08-21,ENIFTY,EDELAMC - ENIFTY,24.55,24.55,24.39,24.46,24.38,4990
2026-08-21,ESENSEX,EDELAMC - ESENSEX,78.29,78.45,77.94,78.35,77.91,1593
2026-08-21,ESILVER,EDELAMC - ESILVER,237.5,243.91,237.5,243.7,235.29,333584
2026-08-21,EDELWEISS,EDELWEISS FIN SERV LTD,127.0,132.4,126.5,128.68,126.62,11072927
2026-08-21,EFCIL,EFC (I) LIMITED,188.4,192.3,188.13,191.61,190.66,141005
2026-08-21,EICHERMOT,EICHER MOTORS LTD,8095.0,8112.5,7980.0,8010.0,8042.0,316029
2026-08-21,EIDPARRY,EID PARRY INDIA LTD,810.0,810.0,786.75,797.3,810.25,778386
2026-08-21,EIHAHOTELS,EIH ASSOCIATED HOTELS LTD,293.0,300.0,293.0,294.7,294.65,15356
2026-08-21,EIHOTEL,EIH LIMITED,303.5,303.65,299.0,302.75,299.9,63736
2026-08-21,EIMCOELECO,EIMCO ELECON (INDIA) LTD,2190.8,2229.9,2149.0,2182.9,2180.0,71380
2026-08-21,EKI,EKI ENERGY SERVICES LTD,81.99,81.99,77.99,78.07,78.19,9420
2026-08-21,ELANTAS,ELANTAS BECK INDIA LTD.,11744.5,11744.5,11453.5,11550.0,11599.5,2448
2026-08-21,ELCIDIN,ELCID INVESTMENTS LTD.,109000.0,109100.0,109000.0,109005.0,109000.0,8
2026-08-21,ELDEHSG,ELDECO HSG & IND LTD.,825.75,848.0,822.15,835.4,823.3,909
2026-08-21,ELECON,ELECON ENG. CO. LTD,454.0,455.0,443.2,451.55,451.7,433951
2026-08-21,EMIL,ELECTRONICS MART IND LTD,191.58,191.58,185.2,186.71,191.06,2210325
2026-08-21,ELECTCAST,ELECTROSTEEL CASTINGS LTD,71.98,74.5,71.86,73.87,71.89,1754522
2026-08-21,ELECTHERM,ELECTROTHERM (I) LTD.,1024.7,1059.9,1016.2,1052.2,1012.9,25780
2026-08-21,ELGIEQUIP,ELGI EQUIPMENTS LTD,632.55,641.0,622.05,634.35,632.45,702061
2026-08-21,ELGIRUBCO,ELGI RUBBER CO. LTD,60.5,61.66,59.35,60.07,59.2,40818
2026-08-21,ELIN,ELIN ELECTRONICS LIMITED,100.95,101.89,99.96,100.62,99.62,126985
2026-08-21,ELITECON,ELITECON INTERNATIONAL L,16.79,16.95,15.61,15.7,16.79,2851572
2026-08-21,ELLEN,ELLENBARRIE INDUS GASES L,323.1,331.8,320.4,328.5,324.35,276473
2026-08-21,ELPROINTL,ELPRO INTERNATIONAL LTD,175.42,177.0,175.08,175.47,176.44,18447
2026-08-21,EMAMILTD,EMAMI LIMITED,407.4,407.9,401.2,402.6,407.4,456802
2026-08-21,EMAMIREAL,EMAMI REALTY LIMITED,72.0,72.0,70.23,70.53,71.46,10438
2026-08-21,EMBDL,EMBASSY DEVELOPMENTS LTD,63.12,65.2,63.0,64.87,63.08,4896281
2026-08-21,EMCURE,EMCURE PHARMACEUTICALS L,1881.0,1897.9,1846.1,1863.0,1881.4,124891
2026-08-21,EMKAY,EMKAY GLOBAL FIN SERV LTD,240.28,242.5,236.56,239.85,239.09,12775
2026-08-21,EMMVEE,EMMVEE PHOTOVOLTAIC PWR L,326.1,328.95,322.6,324.0,325.6,1669310
2026-08-21,EMPIND,EMPIRE INDUSTRIES LTD.,1206.6,1214.0,1176.0,1192.0,1182.9,3435
2026-08-21,EMPOWER,EMPOWER INDIA LTD.,2.35,2.36,2.26,2.27,2.3,5269080
2026-08-21,EMSLIMITED,EMS LIMITED,400.0,401.9,392.1,394.35,405.0,220488
2026-08-21,EMUDHRA,EMUDHRA LIMITED,549.7,549.7,538.2,540.85,550.0,85388
2026-08-21,ENDURANCE,ENDURANCE TECHNO. LTD.,3001.7,3072.0,2971.0,3029.5,3001.7,271313
2026-08-21,ENERGYDEV,ENERGY DEVE. CO.LTD,16.66,16.7,16.31,16.35,16.5,10491
2026-08-21,ENGINERSIN,ENGINEERS INDIA LTD,236.2,246.49,236.2,244.91,237.21,2543360
2026-08-21,ENKEIWHEL,ENKEI WHEELS (INDIA) LTD.,400.85,415.95,393.0,414.15,402.85,3933
2026-08-21,ENTERO,ENTERO HEALTHCARE SOLU L,1407.7,1430.0,1394.1,1423.6,1408.4,103390
2026-08-21,ENIL,ENTERTAIN NET. IND. LTD.,103.63,104.0,101.0,102.38,101.6,73143
2026-08-21,EIEL,ENVIRO INFRA ENGINEERS L,199.01,200.34,193.91,194.73,199.01,1334529
2026-08-21,EPACK,EPACK DURABLE LIMITED,203.8,205.35,202.1,202.8,203.06,270886
2026-08-21,EPACKPEB,EPACK PREFAB TECHN LTD,235.0,235.0,230.35,234.35,232.9,370981
2026-08-21,EPIGRAL,EPIGRAL LIMITED,1129.5,1135.0,1108.6,1126.0,1120.5,29039
2026-08-21,EPL,EPL LIMITED,270.9,274.03,262.4,265.61,270.1,3951689
2026-08-21,EQUITASBNK,EQUITAS SMALL FIN BNK LTD,77.0,78.15,76.3,76.6,76.99,1112094
2026-08-21,ERIS,ERIS LIFESCIENCES LIMITED,1330.1,1336.8,1304.0,1328.2,1326.0,56997
2026-08-21,ESABINDIA,ESAB INDIA LTD,6154.5,6239.0,6100.0,6210.0,6154.0,4031
2026-08-21,ESCORTS,ESCORTS KUBOTA LIMITED,3108.0,3112.9,3052.0,3086.6,3092.1,47487
2026-08-21,ESSARSHPNG,ESSAR SHIPPING LTD,15.9,18.97,15.8,16.97,15.9,1677694
2026-08-21,ESTER,ESTER INDUSTRIES LTD,96.0,97.68,94.7,95.14,96.16,58483
2026-08-21,ETERNAL,ETERNAL LIMITED,330.0,331.7,324.1,328.0,327.95,31651425
2026-08-21,ETHOSLTD,ETHOS LIMITED,2857.6,2884.0,2822.5,2840.5,2867.6,18611
2026-08-21,EUREKAFORB,EUREKA FORBES LIMITED,418.0,418.95,409.55,415.0,416.2,187730
2026-08-21,EUROBOND,EURO PANEL PRODUCTS LTD,153.9,165.8,153.9,157.38,158.25,5774
2026-08-21,EUROPRATIK,EURO PRATIK SALES LIMITED,265.75,268.0,261.85,263.15,265.75,153966
2026-08-21,EVEREADY,EVEREADY INDS. IND.  LTD.,355.05,355.05,346.35,348.95,355.05,69581
2026-08-21,EKC,EVEREST KANTO CYLINDERLTD,112.8,113.98,110.9,111.38,112.8,110244
2026-08-21,EXCELINDUS,EXCEL INDUSTRIES LTD,1120.0,1126.55,1073.85,1089.0,1114.5,24478
2026-08-21,EXCELSOFT,EXCELSOFT TECHNOLOGIES L,71.27,72.1,70.6,70.9,70.88,296394
2026-08-21,EXICOM,EXICOM TELE SYSTEMS LTD,158.0,162.15,155.92,159.87,157.03,1054072
2026-08-21,EXIDEIND,EXIDE INDUSTRIES LTD,464.05,466.5,456.4,459.6,464.1,2410717
2026-08-21,EXPLEOSOL,EXPLEO SOLUTIONS LIMITED,882.75,903.6,875.2,898.75,883.15,44340
2026-08-21,EXXARO,EXXARO TILES LIMITED,6.1,6.21,6.01,6.09,6.04,146051
2026-08-21,FABTECH,FABTECH TECHNOLOGIES LTD,146.49,148.0,145.21,146.82,146.33,63958
2026-08-21,FACT,FACT LTD,776.5,812.2,771.2,783.3,772.95,403992
2026-08-21,FAZE3Q,FAZE THREE LIMITED,493.3,505.85,490.0,498.9,490.7,48208
2026-08-21,FCSSOFT,FCS SOFTWARE SOLN. LTD.,1.47,1.51,1.46,1.49,1.46,1613636
2026-08-21,FDC,FDC LIMITED,351.0,353.0,347.0,348.6,350.15,96904
2026-08-21,FEDFINA,FEDBANK FINANCIAL SER L,155.0,159.58,154.01,156.84,154.03,1587693
2026-08-21,FEDDERSHOL,FEDDERS HOLDING LTD.,40.5,40.98,39.76,40.26,40.2,79914
2026-08-21,FEDERALBNK,FEDERAL BANK LTD,356.3,361.0,355.15,361.0,355.3,4398375
2026-08-21,FMGOETZE,FEDERAL-MOGUL GOETZE (IND,479.8,480.45,468.9,472.1,474.0,34022
2026-08-21,FERMENTA,FERMENTA BIOTECH LTD.,465.15,481.0,456.55,478.35,460.1,92282
2026-08-21,FIBERWEB,FIBERWEB INDIA LIMITED,26.45,27.79,25.17,25.89,26.11,184509
2026-08-21,FIEMIND,FIEM INDUSTRIES LIMITED,2199.0,2231.8,2171.1,2198.8,2190.6,88078
2026-08-21,FILATFASH,FILATEX FASHIONS LIMITED,0.19,0.19,0.18,0.18,0.18,20586334
2026-08-21,FILATEX,FILATEX INDIA LTD,81.26,85.0,81.26,83.06,81.51,2218230
2026-08-21,FINEORG,FINE ORGANIC IND. LTD.,5070.0,5184.0,4985.5,5159.9,5066.2,40457
2026-08-21,FCL,FINEOTEX CHEMICAL LIMITED,43.68,47.9,43.43,47.43,43.55,34486545
2026-08-21,FINKURVE,FINKURVE FINANCIAL SERV L,75.92,77.59,75.11,76.32,76.32,44056
2026-08-21,FINOPB,FINO PAYMENTS BANK LTD,146.06,146.99,145.2,145.93,146.16,126191
2026-08-21,FINCABLES,FINOLEX CABLES LTD,1293.0,1297.85,1255.15,1260.5,1291.2,548922
2026-08-21,FINPIPE,FINOLEX INDUSTRIES LTD,158.61,161.38,157.78,160.44,158.61,611643
2026-08-21,FSL,FIRSTSOURCE SOLU. LTD.,272.2,276.45,270.0,276.05,272.25,1035119
2026-08-21,FISCHER,FISCHER MEDICAL VENTURE L,39.15,39.15,37.71,38.14,38.95,862598
2026-08-21,FIVESTAR,FIVE-STAR BUS FIN LTD,527.95,529.9,518.6,520.95,527.45,189195
2026-08-21,FLAIR,FLAIR WRITING INDUST LTD,253.95,254.25,247.7,248.8,253.0,97230
2026-08-21,FOODSIN,FOODS & INNS LIMITED,55.89,55.89,54.13,54.43,54.96,34423
2026-08-21,FORCEMOT,FORCE MOTORS LIMITED,17885.0,18011.0,17730.0,17770.0,17885.0,40914
2026-08-21,FORTIS,FORTIS HEALTHCARE LTD,915.15,919.7,904.45,907.1,916.8,812713
2026-08-21,FOSECOIND,FOSECO INDIA LTD,5506.0,5524.0,5300.0,5346.0,5506.0,4172
2026-08-21,FRACTAL,FRACTAL ANALYTICS LIMITED,854.95,861.9,838.0,846.7,855.25,251638
2026-08-21,FREDUN,FREDUN PHARMACEUTICALS L,1469.0,1469.0,1415.0,1434.6,1471.8,10306
2026-08-21,FRONTSP,FRONTIER SPRINGS LTD.,1293.9,1293.9,1272.1,1278.4,1293.8,10422
2026-08-21,NYKAA,FSN E COMMERCE VENTURES,331.0,335.15,328.0,334.0,330.35,6455820
2026-08-21,UTLSOLAR,FUJIYAMA POWER SYSTEMS L,483.0,488.95,468.1,477.4,477.5,321853
2026-08-21,FUSION,FUSION FINANCE LIMITED,204.69,205.0,198.55,200.12,203.32,446086
2026-08-21,GMBREW,G M BREWERIES LTD,886.0,889.0,880.0,887.25,883.2,8270
2026-08-21,GRINFRA,G R INFRAPROJECTS LIMITED,884.0,895.0,867.4,870.35,884.0,18337
2026-08-21,GABRIEL,GABRIEL INDIA LTD,1429.1,1435.0,1406.1,1420.6,1436.8,205151
2026-08-21,GAIL,GAIL (INDIA) LTD,172.26,173.24,171.61,172.0,172.5,6509887
2026-08-21,GALAPREC,GALA PRECISION ENG LTD,1029.7,1122.0,1029.7,1089.3,1029.6,149941
2026-08-21,GALAXYSURF,GALAXY SURFACTANTS LTD,2320.0,2372.5,2308.0,2333.0,2318.2,32526
2026-08-21,GALLANTT,GALLANTT ISPAT LIMITED,584.2,599.0,582.0,584.4,582.4,58650
2026-08-21,GANDHAR,GANDHAR OIL REFINE IND L,257.06,257.25,249.5,250.43,254.09,653970
2026-08-21,GANDHITUBE,GANDHI SPL. TUBES LTD,893.2,900.0,882.6,892.35,894.95,9708
2026-08-21,GANESHCP,GANESH CONSUMER PRODUCT L,162.15,164.5,160.69,161.24,162.35,153099
2026-08-21,GANESHHOU,GANESH HOUSING LIMITED,826.8,829.6,805.0,809.65,826.8,15046
2026-08-21,GANECOS,GANESHA ECOSPHERE LIMITED,1093.6,1101.6,1076.3,1082.1,1095.5,44782
2026-08-21,GANGAFORGE,GANGA FORGING LIMITED,2.05,2.05,2.05,2.05,2.15,846239
2026-08-21,GANGESSECU,GANGES SECURITIES LIMITED,118.7,123.8,118.7,121.93,122.07,2973
2026-08-21,GRSE,GARDEN REACH SHIP&ENG LTD,2614.0,2659.9,2592.9,2601.5,2617.8,363828
2026-08-21,GARUDA,GARUDA CONSTRUCT N ENG L,182.25,186.95,182.25,183.95,182.25,347205
2026-08-21,GRWRHITECH,GARWARE HI-TECH FILMS LTD,7110.0,7171.5,7060.0,7123.5,7109.5,20216
2026-08-21,GARFIBRES,GARWARE TECH FIBRES LTD,763.3,809.7,745.0,802.6,760.25,175193
2026-08-21,GATEWAY,GATEWAY DISTRIPARKS LTD,55.12,55.19,53.5,53.6,55.1,2538435
2026-08-21,GAYAHWS,GAYATRI HIGHWAYS LIMITED,1.92,2.05,1.92,1.95,1.92,277298
2026-08-21,GVPIL,GE POWER INDIA LIMITED,666.0,682.3,665.0,667.35,666.7,304314
2026-08-21,GVT&D,GE VERNOVA T&D INDIA LTD,4062.8,4217.3,4025.0,4127.2,4050.1,1255908
2026-08-21,GEEKAYWIRE,GEEKAY WIRES LIMITED,22.41,22.96,22.25,22.43,22.31,103349
2026-08-21,GEMAROMA,GEM AROMATICS LIMITED,178.8,181.8,174.92,175.79,177.39,82036
2026-08-21,GICRE,GENERAL INS CORP OF INDIA,361.75,362.0,355.35,355.75,359.8,603727
2026-08-21,GENCON,GENERIC ENG CONS PROJ LTD,40.72,43.29,40.4,42.18,41.06,256874
2026-08-21,GENESYS,GENESYS INTL CORPN LTD,183.55,185.0,178.1,179.35,183.55,345235
2026-08-21,GENUSPAPER,GENUS P&B LIMITED,11.57,11.63,11.08,11.23,11.32,223219
2026-08-21,GENUSPOWER,GENUS POWER INFRASTRU LTD,335.0,346.0,334.0,337.95,334.25,4674707
2026-08-21,GEOJITFSL,GEOJIT FINANCIAL SER L,81.2,81.64,80.1,80.72,80.79,320094
2026-08-21,GFLLIMITED,GFL LIMITED,57.0,58.0,54.15,55.35,56.38,205868
2026-08-21,GHCL,GHCL LIMITED,445.9,445.9,438.8,442.4,443.15,75937
2026-08-21,GHCLTEXTIL,GHCL TEXTILES LIMITED,123.5,124.68,122.1,122.49,123.77,211303
2026-08-21,GICHSGFIN,GIC HOUSING FINANCE LTD,138.1,139.0,137.1,137.68,137.64,86694
2026-08-21,GILLANDERS,GILLANDERS ARBUTHNOT LTD,94.61,98.99,92.0,96.13,94.61,25180
2026-08-21,GILLETTE,GILLETTE INDIA LTD,7515.0,7555.0,7490.0,7498.5,7512.0,13800
2026-08-21,GKENERGY,GK ENERGY LIMITED,124.5,124.79,122.43,123.3,123.99,314390
2026-08-21,GKB,GKB OPHTHALMICS LTD.,65.0,65.0,65.0,65.0,61.75,10
2026-08-21,GKWLIMITED,GKW LIMITED,1623.9,1623.9,1605.3,1606.5,1610.2,74
2026-08-21,GLAND,GLAND PHARMA LIMITED,2844.8,2877.9,2792.0,2819.3,2820.0,244651
2026-08-21,GLAXO,GLAXOSMITHKLINE PHARMA LT,2985.0,2989.4,2880.0,2902.2,2999.7,86586
2026-08-21,GLENMARK,GLENMARK PHARMACEUTICALS,2334.6,2348.6,2303.0,2317.9,2332.9,237421
2026-08-21,GLOBAL,GLOBAL EDUCATION LIMITED,105.5,109.86,105.0,106.98,106.29,161579
2026-08-21,MEDANTA,GLOBAL HEALTH LIMITED,1408.2,1414.7,1401.0,1409.7,1408.2,117802
2026-08-21,GSLSU,GLOBAL SURFACES LIMITED,33.6,35.29,33.05,33.05,34.78,162804
2026-08-21,GLOBALVECT,GLOBAL VEC HELICORP LTD,149.37,152.95,147.98,152.51,149.37,6478
2026-08-21,GLOBALE,GLOBALE TESSILE LIMITED,11.9,12.18,11.3,11.81,11.6,9624
2026-08-21,GLOBECIVIL,GLOBE CIVIL PROJECTS LTD,43.4,43.48,41.0,42.0,42.34,27164
2026-08-21,GLOBE,GLOBE ENTERPRISE (I) LTD,2.01,2.03,1.95,1.97,2.0,314388
2026-08-21,GICL,GLOBE INTL CARRIERS LTD,23.99,24.25,23.26,23.81,23.99,186323
2026-08-21,GLOBUSSPR,GLOBUS SPIRITS LTD,909.7,909.7,898.4,906.4,905.1,38842
2026-08-21,GLOSTERLTD,GLOSTER LIMITED,595.0,607.1,595.0,601.0,591.35,1520
2026-08-21,GMMPFAUDLR,GMM PFAUDLER LIMITED,1018.3,1030.5,1002.15,1022.35,1018.2,138569
2026-08-21,GMRAIRPORT,GMR AIRPORTS LIMITED,101.3,101.4,99.5,99.63,100.41,9125448
2026-08-21,GMRP&UI,GMR POW AND URBAN INFRA L,98.58,98.58,96.0,96.58,98.56,807380
2026-08-21,GNA,GNA AXLES LIMITED,562.0,575.0,552.25,562.85,566.15,498253
2026-08-21,EBGNG,GNG ELECTRONICS LIMITED,627.8,627.8,602.5,606.2,624.75,541316
2026-08-21,GODIGIT,GO DIGIT GENERAL INS LTD,256.7,263.7,255.8,262.9,256.7,366553
2026-08-21,GOCOLORS,GO FASHION INDIA LTD,331.0,354.0,328.85,344.8,330.15,665405
2026-08-21,GOACARBON,GOA CARBON LIMITED,358.0,358.0,347.0,350.7,353.45,6660
2026-08-21,GOCLCORP,GOCL CORPORATION LIMITED,397.0,402.15,397.0,400.6,398.25,22558
2026-08-21,GODAVARIB,GODAVARI BIOREFINERIES L,247.0,247.9,243.0,244.25,245.8,102224
2026-08-21,GPIL,GODAWARI POW & ISP LTD,248.0,251.89,244.2,245.09,247.88,1383669
2026-08-21,GODFRYPHLP,GODFREY PHILLIPS INDIA LT,2113.6,2120.8,2099.8,2117.0,2103.1,184685
2026-08-21,GODREJAGRO,GODREJ AGROVET LIMITED,581.1,585.7,573.0,574.55,581.65,103905
2026-08-21,GODREJCP,GODREJ CONSUMER PRODUCTS,944.4,945.8,928.0,933.0,947.0,1613709
2026-08-21,GODREJIND,GODREJ INDUSTRIES LTD,1223.4,1234.3,1220.1,1230.0,1223.4,31720
2026-08-21,GODREJPROP,GODREJ PROPERTIES LTD,2020.0,2039.8,2013.2,2035.0,2020.0,277201
2026-08-21,GOKEX,GOKALDAS EXPORTS LTD.,795.5,806.0,792.15,797.6,799.9,149195
2026-08-21,GOKULAGRO,GOKUL AGRO RESOURCES LTD,245.6,246.93,240.1,242.8,243.69,731235
2026-08-21,GOKUL,GOKUL REFOILS & SOLV LTD,40.96,43.1,40.5,42.55,40.43,377934
2026-08-21,GOLDIAM,GOLDIAM INTERNATIONAL LTD,362.8,366.5,359.1,360.35,363.15,426480
2026-08-21,GOODLUCK,GOODLUCK INDIA LIMITED,493.2,494.4,469.8,490.9,1439.4,646400
2026-08-21,GOODYEAR,GOODYEAR INDIA LIMITED,762.9,766.95,758.15,760.05,762.9,2759
2026-08-21,GOPAL,GOPAL SNACKS LIMITED,281.4,288.0,280.0,282.3,282.75,158179
2026-08-21,GOYALALUM,GOYAL ALUMINIUMS LIMITED,6.47,6.47,6.34,6.41,6.42,36634
2026-08-21,GPTHEALTH,GPT HEALTHCARE LIMITED,151.5,152.85,149.93,150.64,151.41,87542
2026-08-21,GPTINFRA,GPT INFRAPROJECTS LTD,112.82,114.2,111.3,112.41,112.87,66418
2026-08-21,GRADIENTE,GRADIENTE INFOTAINMENT L,2.97,2.98,2.8,2.93,2.9,2209770
2026-08-21,GRANDOAK,GRAND OAK CANYONS DIST L,37.8,38.0,36.23,37.97,36.25,9152
2026-08-21,GRANULES,GRANULES INDIA LIMITED,843.6,864.8,843.6,858.15,841.6,406173
2026-08-21,GRAPHITE,GRAPHITE INDIA LTD,715.0,728.85,706.1,710.75,717.05,669668
2026-08-21,GRASIM,GRASIM INDUSTRIES LTD,3280.0,3343.1,3258.0,3308.0,3300.0,1465361
2026-08-21,GRAUWEIL,GRAUER & WEIL IND LTD,66.32,71.45,66.32,70.07,66.25,1100273
2026-08-21,GRAVISSHO,GRAVISS HOSPITALITY LTD.,29.89,30.62,28.8,28.8,29.89,1452
2026-08-21,GRAVITA,GRAVITA INDIA LIMITED,1792.8,1842.4,1789.1,1821.7,1792.8,337395
2026-08-21,GREAVESCOT,GREAVES COTTON LTD.,191.2,194.9,191.2,192.48,191.0,654210
2026-08-21,GREENLAM,GREENLAM INDUSTRIES LTD.,256.0,256.65,250.85,253.0,256.2,143972
2026-08-21,GREENPANEL,GREENPANEL INDUSTRIES LTD,161.07,164.75,159.86,160.97,160.26,261467
2026-08-21,GREENPLY,GREENPLY INDUSTRIES LTD,285.15,297.5,284.8,293.5,287.15,212731
2026-08-21,GCSL,GRETEX CORPORATE SERVICES,487.95,503.4,485.15,488.9,482.05,506397
2026-08-21,GRINDWELL,GRINDWELL NORTON LIMITED,2055.0,2089.3,2050.6,2059.8,2059.3,19924
2026-08-21,GRMOVER,GRM OVERSEAS LIMITED,87.21,87.25,86.4,86.71,86.53,1004043
2026-08-21,CEMNTGROWW,GROWWAMC - CEMNTGROWW,15.18,15.18,14.79,14.88,14.94,47589
2026-08-21,GROWWCAPM,GROWWAMC - GROWWCAPM,11.42,11.5,11.31,11.42,11.42,604906
2026-08-21,GROWWCHEM,GROWWAMC - GROWWCHEM,30.27,30.54,29.74,29.88,30.26,68949
2026-08-21,GROWWDEFNC,GROWWAMC - GROWWDEFNC,98.88,99.19,97.78,98.35,97.91,221997
2026-08-21,GROWWEV,GROWWAMC - GROWWEV,33.84,33.84,33.37,33.4,33.84,633364
2026-08-21,GROWWGOLD,GROWWAMC - GROWWGOLD,15.33,15.57,15.32,15.49,15.21,3027646
2026-08-21,GROWWHOSPI,GROWWAMC - GROWWHOSPI,52.16,52.16,51.55,51.79,51.88,427242
2026-08-21,GROWWLIQID,GROWWAMC - GROWWLIQID,109.31,110.46,109.31,110.45,110.41,424990
2026-08-21,GROWWLOVOL,GROWWAMC - GROWWLOVOL,10.46,10.63,10.35,10.37,10.46,16676
2026-08-21,GROWWMC150,GROWWAMC - GROWWMC150,234.89,236.13,233.29,236.1,236.25,4084
2026-08-21,GROWWMETAL,GROWWAMC - GROWWMETAL,12.68,12.68,12.39,12.46,12.38,447400
2026-08-21,GROWWMOM50,GROWWAMC - GROWWMOM50,11.18,11.18,10.06,10.97,10.94,222294
2026-08-21,GROWWN200,GROWWAMC - GROWWN200,11.46,11.6,11.4,11.48,11.46,59987
2026-08-21,GROWWNET,GROWWAMC - GROWWNET,10.95,10.95,10.56,10.76,10.76,1134333
2026-08-21,GROWWNIFTY,GROWWAMC - GROWWNIFTY,9.89,9.89,9.78,9.81,9.79,309724
2026-08-21,GROWWNXT50,GROWWAMC - GROWWNXT50,74.45,74.67,74.03,74.52,74.67,16399
2026-08-21,GROWWPOWER,GROWWAMC - GROWWPOWER,11.38,11.55,11.3,11.33,11.34,5275676
2026-08-21,GROWWPSE,GROWWAMC - GROWWPSE,98.43,98.95,97.99,98.46,97.63,3828
2026-08-21,GROWWPSUBK,GROWWAMC - GROWWPSUBK,86.64,86.88,86.04,86.36,86.27,3677
2026-08-21,GROWWRAIL,GROWWAMC - GROWWRAIL,28.97,29.08,28.66,28.76,28.82,1021163
2026-08-21,GROWWRLTY,GROWWAMC - GROWWRLTY,10.38,10.38,10.17,10.23,10.18,157502
2026-08-21,GROWWSC250,GROWWAMC - GROWWSC250,10.89,10.89,10.58,10.6,10.63,191923
2026-08-21,GROWWSLVR,GROWWAMC - GROWWSLVR,23.59,23.97,23.55,23.82,23.07,3378165
2026-08-21,PVTBKGROWW,GROWWAMC - PVTBKGROWW,27.64,27.9,27.31,27.76,27.64,10726
2026-08-21,SMALLGROWW,GROWWAMC - SMALLGROWW,48.1,49.35,48.05,49.08,48.54,14890
2026-08-21,GRPLTD,GRP LIMITED,2012.0,2052.9,2001.1,2039.4,1998.2,687
2026-08-21,GSPCROP,GSP CROP SCIENCE LIMITED,585.4,600.0,585.4,594.0,590.5,128137
2026-08-21,GSS,GSS INFOTECH LIMITED,12.5,13.29,12.5,12.68,12.5,8342
2026-08-21,GTLINFRA,GTL INFRA.LTD,1.21,1.27,1.21,1.23,1.21,62575965
2026-08-21,GTL,GTL LTD,7.21,7.39,7.21,7.28,7.22,142148
2026-08-21,GTPL,GTPL HATHWAY LIMITED,54.51,55.08,53.85,54.25,54.51,27493
2026-08-21,GUFICBIO,GUFIC BIOSCIENCES LTD.,418.35,437.7,413.2,431.5,413.7,211779
2026-08-21,GIPCL,GUJ IND POW CO. LTD,173.0,174.5,169.5,172.64,170.18,422583
2026-08-21,GNFC,GUJ NAR VAL FER & CHEM L,591.5,594.35,581.85,582.8,592.8,469967
2026-08-21,GSFC,GUJ STATE FERT & CHEM LTD,160.9,160.98,158.06,158.23,160.61,909286
2026-08-21,GUJAPOLLO,GUJ. APOLLO IND. LTD.,357.0,363.4,350.0,358.5,350.7,22145
2026-08-21,GUJALKALI,GUJARAT ALKALIES & CHEM,679.7,687.95,673.3,684.25,676.85,57464
2026-08-21,GAEL,GUJARAT AMBUJA EXPORTS LT,184.5,184.99,176.2,177.46,183.36,1521423
2026-08-21,GUJENERGY,GUJARAT ENERGY LIMITED,267.95,268.6,263.0,263.35,267.2,1580966
2026-08-21,FLUOROCHEM,GUJARAT FLUOROCHEM LTD,4695.0,4713.8,4602.5,4621.9,4682.7,87544
2026-08-21,GKSL,GUJARAT KIDNEY N SUP SP L,156.41,157.55,151.11,152.97,156.41,409904
2026-08-21,GLFL,GUJARAT LEASE FINANCING L,5.99,5.99,5.55,5.94,5.78,7007
2026-08-21,GMDCLTD,GUJARAT MINERAL DEV CORP,562.05,586.55,562.05,570.0,561.95,2025953
2026-08-21,GNRL,GUJARAT NATURAL RES L,104.39,104.7,101.22,101.9,104.02,83489
2026-08-21,GPPL,GUJARAT PIPAVAV PORT LTD,164.79,165.24,163.0,163.54,164.81,942245
2026-08-21,GUJRAFFIA,GUJARAT RAFFIA INDUST LTD,41.01,43.45,40.59,41.22,41.01,5368
2026-08-21,GUJTHEM,GUJARAT THEMIS BIOSYN LTD,369.25,384.0,369.25,381.2,369.25,180223
2026-08-21,GULFOILLUB,GULF OIL LUB. IND. LTD.,1151.3,1154.9,1129.0,1139.9,1151.3,72635
2026-08-21,GULPOLY,GULSHAN POLYOLS LIMITED,192.95,192.95,187.5,190.71,191.92,210638
2026-08-21,GVPTECH,GVP INFOTECH LIMITED,6.88,7.89,6.79,7.34,6.79,281196
2026-08-21,GYFTR,GYFTR LIMITED,159.95,165.0,158.18,159.32,159.08,50907
2026-08-21,HBESD,H B ESTATE DEVELOPERS L,75.62,75.62,75.16,75.2,75.62,463
2026-08-21,HGINFRA,H.G.INFRA ENGINEERING LTD,513.0,515.35,510.35,511.9,513.7,59474
2026-08-21,HALDER,HALDER VENTURE LIMITED,294.05,310.0,291.0,304.56,288.82,28770
2026-08-21,HALEOSLABS,HALEOS LABS LIMITED,1456.4,1494.4,1442.0,1465.0,1456.4,569
2026-08-21,HAMPTON,HAMPTON SKY REALTY LTD.,8.06,8.99,8.0,8.47,8.09,38246
2026-08-21,HGM,HANDSON GBL MNGMNT LTD,45.0,45.99,44.01,44.72,44.96,2029
2026-08-21,HAPPSTMNDS,HAPPIEST MINDS TECHNO LTD,417.6,448.7,412.5,444.55,414.3,7026573
2026-08-21,HAPPYFORGE,HAPPY FORGINGS LIMITED,2318.1,2318.1,2211.8,2211.8,2328.2,91079
2026-08-21,HARDWYN,HARDWYN INDIA LIMITED,9.37,9.37,9.04,9.08,9.31,2020229
2026-08-21,HARIOMPIPE,HARIOM PIPE INDUSTRIES L,347.65,350.75,344.3,348.5,347.5,67769
2026-08-21,HRYNSHP,HARIYANA SHIP BREAKERS L,99.05,103.49,96.0,99.86,101.0,3631
2026-08-21,HARRMALAYA,HARRISON MALAYALAM LTD,197.06,202.97,194.41,197.89,196.08,33185
2026-08-21,HARSHA,HARSHA ENGINEERS INT LTD,437.0,441.45,431.85,437.6,438.05,82864
2026-08-21,HATHWAY,HATHWAY CABLE & DATACOM,10.54,10.87,10.49,10.68,10.54,3867478
2026-08-21,HATSUN,HATSUN AGRO PRODUCT LTD.,959.0,994.75,947.15,984.7,963.7,71658
2026-08-21,HAVELLS,HAVELLS INDIA LIMITED,1275.0,1279.5,1259.1,1268.0,1278.0,498229
2026-08-21,HAWKINCOOK,HAWKINS COOKERS LTD,8087.5,8144.0,7980.0,8029.5,8087.5,1102
2026-08-21,HAZOOR,HAZOOR MULTI PROJECTS LTD,21.05,21.44,21.05,21.12,21.17,54020
2026-08-21,HBPOR,HB PORTFOLIO LTD.,62.0,63.99,61.15,61.71,61.92,3660
2026-08-21,HBSL,HB STOCKHOLDINGS LIMITED,55.0,55.99,54.79,55.13,55.07,385
2026-08-21,HBLENGINE,HBL ENGINEERING LTD,712.95,722.0,700.0,702.55,712.9,1018405
2026-08-21,HCL-INSYS,HCL INFOSYSTEMS LTD,11.1,11.35,11.0,11.09,11.09,190871
2026-08-21,HCLTECH,HCL TECHNOLOGIES LTD,1319.9,1321.7,1302.5,1302.5,1318.4,1484443
2026-08-21,HDBFS,HDB FINANCIAL SERVICES L,692.4,699.95,690.45,695.85,692.35,743152
2026-08-21,HDFCAMC,HDFC AMC LIMITED,2615.0,2623.9,2596.0,2610.0,2624.0,708050
2026-08-21,HDFCBANK,HDFC BANK LTD,728.3,732.8,726.6,726.95,725.05,26029811
2026-08-21,HDFCGOLD,HDFC GOLD ETF,134.46,136.06,134.05,135.62,133.07,5385895
2026-08-21,HDFCLIFE,HDFC LIFE INS CO LTD,542.0,554.8,537.2,554.8,542.0,3328959
2026-08-21,HDFCBSE500,HDFCAMC - HDFCBSE500,37.93,37.97,37.82,37.89,37.93,2920764
2026-08-21,HDFCGROWTH,HDFCAMC - HDFCGROWTH,121.17,121.17,120.12,120.73,121.17,9380
2026-08-21,HDFCLIQUID,HDFCAMC - HDFCLIQUID,1074.86,1074.88,1074.86,1074.87,1074.43,15825
2026-08-21,HDFCLOWVOL,HDFCAMC - HDFCLOWVOL,20.83,21.0,20.76,20.87,20.83,2871
2026-08-21,HDFCMID150,HDFCAMC - HDFCMID150,23.88,23.88,23.63,23.68,23.74,229806
2026-08-21,HDFCMOMENT,HDFCAMC - HDFCMOMENT,31.21,31.3,31.14,31.16,31.19,134772
2026-08-21,HDFCNEXT50,HDFCAMC - HDFCNEXT50,75.69,76.12,75.3,75.41,75.57,65531
2026-08-21,HDFCNIF100,HDFCAMC - HDFCNIF100,26.35,26.36,26.2,26.21,26.22,18268
2026-08-21,HDFCNIFBAN,HDFCAMC - HDFCNIFBAN,59.4,59.54,59.19,59.48,59.2,114470
2026-08-21,HDFCNIFIT,HDFCAMC - HDFCNIFIT,32.71,33.27,32.18,32.66,32.7,163721
2026-08-21,HDFCNIFTY,HDFCAMC - HDFCNIFTY,273.58,274.97,272.52,273.77,273.58,235622
2026-08-21,HDFCNIMEG,HDFCAMC - HDFCNIMEG,131.73,132.21,131.3,131.78,130.43,57726
2026-08-21,HDFCPVTBAN,HDFCAMC - HDFCPVTBAN,27.98,28.23,27.92,28.11,27.98,361205
2026-08-21,HDFCQUAL,HDFCAMC - HDFCQUAL,59.29,59.37,59.25,59.25,59.34,4240
2026-08-21,HDFCSENSEX,HDFCAMC - HDFCSENSEX,87.77,88.46,87.76,87.91,87.93,33737
2026-08-21,HDFCSILVER,HDFCAMC - HDFCSILVER,230.15,234.25,230.09,232.67,225.7,6354848
2026-08-21,HDFCSML250,HDFCAMC - HDFCSML250,185.89,186.07,184.99,185.39,185.25,1284557
2026-08-21,HDFCVALUE,HDFCAMC - HDFCVALUE,125.9,126.4,125.48,125.64,125.92,5994
2026-08-21,HDFCPSUBK,HDFCAMC HDFCPSUBK,87.03,87.38,86.5,86.57,87.03,85308
2026-08-21,HEADSUP,HEADS UP VENTURES LIMITED,7.0,7.0,6.62,6.69,6.87,6213
2026-08-21,HEALTHX,HEALTH X PLATFORM LIMITED,308.55,308.55,297.05,300.85,302.4,1861
2026-08-21,HCG,HEALTHCARE GLOB. ENT. LTD,732.0,734.8,718.35,725.95,730.45,96286
2026-08-21,HECPROJECT,HEC INFRA PROJECTS LTD,116.25,119.7,114.99,115.97,117.89,13344
2026-08-21,HEG,HEG LTD,712.0,722.0,705.0,710.75,711.95,927007
2026-08-21,HEIDELBERG,HEIDELBERGCEMENT (I) LTD,160.9,161.45,158.52,158.98,160.22,112401
2026-08-21,HEMIPROP,HEMISPHERE PROP IND LTD,131.0,131.5,130.38,130.58,130.91,174035
2026-08-21,HERANBA,HERANBA INDUSTRIES LTD,163.47,166.6,161.0,164.88,160.39,70804
2026-08-21,HERITGFOOD,HERITAGE FOODS LTD,381.8,387.05,372.55,380.85,378.75,487992
2026-08-21,HEROMOTOCO,HERO MOTOCORP LIMITED,5724.5,5735.0,5642.0,5735.0,5740.5,463679
2026-08-21,HESTERBIO,HESTER BIOSCIENCES LTD,2413.0,2419.7,2355.0,2367.8,2413.1,5502
2026-08-21,HEXATRADEX,HEXA TRADEX LIMITED,159.95,159.95,155.55,158.03,160.27,934
2026-08-21,HEXT,HEXAWARE TECHNOLOGIES LTD,545.0,549.85,530.2,532.45,544.2,237745
2026-08-21,HFCL,HFCL LIMITED,225.0,228.8,223.03,228.01,223.9,12598055
2026-08-21,HITECH,HI-TECH PIPES LIMITED,77.59,81.75,77.59,81.37,77.89,1610069
2026-08-21,HILINFRA,HIGHWAY INFRASTRUCTURE L,45.37,46.24,45.2,45.76,45.69,61045
2026-08-21,HIKAL,HIKAL LIMITED,212.7,218.35,212.7,215.61,212.26,174359
2026-08-21,HSCL,HIMADRI SPECIALITY CHEM L,705.1,711.0,650.0,654.4,704.2,17256079
2026-08-21,HIMATSEIDE,HIMATSINGKA SEIDE LTD,71.48,73.19,71.06,72.12,71.48,483068
2026-08-21,HINDALUMI,HIND ALUMINIUM INDS. LTD.,100.0,103.0,98.02,98.18,98.81,2375
2026-08-21,HINDALCO,HINDALCO  INDUSTRIES  LTD,1029.8,1040.45,1024.6,1034.0,1029.85,2644211
2026-08-21,HINDCON,HINDCON CHEMICALS LIMITED,22.5,22.75,22.0,22.21,22.18,12775
2026-08-21,HPIL,HINDPRAKASH INDUSTRY LTD,129.0,130.99,126.0,126.1,130.35,1256
2026-08-21,HGS,HINDUJA GLOBAL SOLS. LTD.,407.45,411.0,396.5,402.25,406.5,22491
2026-08-21,HINDADH,HINDUSTAN ADHESIVES LTD.,350.15,360.7,350.15,354.45,351.0,5244
2026-08-21,HAL,HINDUSTAN AERONAUTICS LTD,4985.2,5092.0,4972.0,5000.0,4998.0,733538
2026-08-21,HINDCOMPOS,HINDUSTAN COMPOSITES LTD.,415.9,432.5,407.5,411.5,412.5,6557
2026-08-21,HCC,HINDUSTAN CONSTRUCTION CO,21.18,21.63,20.93,21.03,21.22,30416036
2026-08-21,HINDCOPPER,HINDUSTAN COPPER LTD,562.95,581.5,561.2,572.7,560.1,13674341
2026-08-21,HNDFDS,HINDUSTAN FOODS LIMITED,658.0,658.05,641.05,644.8,653.25,78063
2026-08-21,HINDOILEXP,HINDUSTAN OIL EXPLORATION,159.85,160.7,155.55,156.2,158.2,457939
2026-08-21,HINDPETRO,HINDUSTAN PETROLEUM CORP,364.0,367.0,362.25,363.25,363.2,3747655
2026-08-21,HINDUNILVR,HINDUSTAN UNILEVER LTD.,2028.0,2034.7,2012.0,2015.0,2028.0,857550
2026-08-21,HINDZINC,HINDUSTAN ZINC LIMITED,582.0,598.5,579.6,594.9,573.9,14189716
2026-08-21,HINDWAREAP,HINDWARE HME INOVATON LTD,199.55,199.99,196.1,198.63,198.45,60341
2026-08-21,HIRECT,HIRECT LIMITED,1275.0,1329.5,1265.0,1273.7,1278.4,106239
2026-08-21,HISARMETAL,HISAR METAL IND. LIMITED,150.02,152.48,149.0,149.16,149.66,465
2026-08-21,POWERINDIA,HITACHI ENERGY INDIA LTD,33515.0,34750.0,33250.0,34190.0,33510.0,104122
2026-08-21,HLEGLAS,HLE GLASCOAT LIMITED,311.8,322.0,311.35,319.0,311.8,106552
2026-08-21,HLVLTD,HLV LIMITED,6.69,6.74,6.5,6.58,6.59,187853
2026-08-21,HMAAGRO,HMA AGRO INDUSTRIES LTD,22.0,22.18,21.7,21.97,21.94,1141311
2026-08-21,HOMEFIRST,HOME FIRST FIN CO IND LTD,1187.7,1227.9,1178.1,1193.7,1187.4,233480
2026-08-21,HONASA,HONASA CONSUMER LIMITED,484.3,493.5,479.1,481.9,483.8,1115119
2026-08-21,HONDAPOWER,HONDA I POWER PRODUCT LTD,2086.2,2110.7,2060.6,2068.3,2073.7,1884
2026-08-21,HONAUT,HONEYWELL AUTOMATION IND,36715.0,37000.0,36440.0,36700.0,36715.0,2374
2026-08-21,HPAL,HP ADHESIVES LIMITED,34.48,35.4,34.48,35.03,34.48,35596
2026-08-21,HPL,HPL ELECTRIC & POWER LTD,314.35,320.0,312.05,317.45,314.65,56590
2026-08-21,HSBCGOLD,HSBCAMC - HSBCGOLD,136.0,139.8,135.63,138.19,135.63,233928
2026-08-21,HUDCO,HSG & URBAN DEV CORPN LTD,186.0,188.2,185.67,186.09,186.05,876000
2026-08-21,HTMEDIA,HT MEDIA LIMITED,26.63,28.25,26.63,27.57,26.73,278076
2026-08-21,HUBTOWN,HUBTOWN LIMITED,198.0,200.59,193.5,194.54,198.81,553064
2026-08-21,HUHTAMAKI,HUHTAMAKI INDIA LIMITED,273.0,276.6,271.9,273.85,274.6,77363
2026-08-21,HYUNDAI,HYUNDAI MOTOR INDIA LTD,2222.0,2251.7,2211.1,2218.8,2227.0,820353
2026-08-21,IGPL,I G PETROCHEMICALS LTD,471.85,480.0,469.2,475.2,471.05,27747
2026-08-21,ISTLTD,I S T LTD.,670.4,682.65,660.0,674.8,667.1,339
2026-08-21,ICDSLTD,ICDS LTD,42.5,42.6,41.0,41.12,42.0,872
2026-08-21,ICEMAKE,ICE MAKE REFRIGERAT LTD,725.0,733.0,709.1,721.7,726.05,28779
2026-08-21,ICICIBANK,ICICI BANK LTD.,1417.0,1420.0,1411.2,1420.0,1411.9,4565280
2026-08-21,ICICIGI,ICICI LOMBARD GIC LIMITED,1627.3,1634.8,1613.5,1617.0,1625.0,916594
2026-08-21,LOWVOLIETF,ICICI PR NIF LW VL 30 ETF,22.37,22.5,22.23,22.3,22.36,626874
2026-08-21,ICICIPRULI,ICICI PRU LIFE INS CO LTD,502.0,520.6,501.05,515.0,502.0,1609364
2026-08-21,MIDSELIETF,ICICI PRUD MIDCAP SEL ETF,20.0,20.08,19.87,20.03,19.96,278610
2026-08-21,NIF100IETF,ICICI PRUD NIFTY 100 ETF,28.37,28.42,28.28,28.32,28.39,57524
2026-08-21,NIFTYIETF,ICICI PRUD NIFTY ETF,275.22,276.09,274.9,275.34,275.22,378664
2026-08-21,SENSEXIETF,ICICI PRUD SENSEX ETF,893.4,896.0,890.5,894.42,890.14,17676
2026-08-21,ICICIAMC,ICICI PRUDENTIAL AMC LTD,3217.9,3285.0,3212.2,3269.7,3228.9,218970
2026-08-21,GOLDIETF,ICICI PRUDENTIAL GOLD ETF,133.7,136.44,133.7,135.99,133.7,15571456
2026-08-21,NV20IETF,ICICI PRUDENTIAL NV20 ETF,13.72,13.72,13.55,13.6,13.6,219807
2026-08-21,ICICIB22,ICICIPRAMC - BHARATIWIN,115.15,115.86,115.04,115.28,115.02,149389
2026-08-21,CASHIETF,ICICIPRAMC - CASHIETF,1076.45,1076.47,1076.45,1076.46,1076.02,132917
2026-08-21,EVIETF,ICICIPRAMC - EVIETF,34.1,34.1,33.56,33.69,33.94,166981
2026-08-21,GSEC10IETF,ICICIPRAMC - ICICI10GS,266.0,266.43,263.03,266.19,266.38,433
2026-08-21,BSE500IETF,ICICIPRAMC - ICICI500,39.8,39.94,39.74,39.9,39.84,179984
2026-08-21,GSEC5IETF,ICICIPRAMC - ICICI5GSEC,66.9,66.9,66.1,66.9,66.92,2879
2026-08-21,ALPL30IETF,ICICIPRAMC - ICICIALPLV,28.23,28.24,28.02,28.07,28.23,1230492
2026-08-21,AUTOIETF,ICICIPRAMC - ICICIAUTO,30.39,30.45,30.16,30.24,30.4,354387
2026-08-21,PVTBANIETF,ICICIPRAMC - ICICIBANKP,27.81,27.96,27.76,27.93,27.7,1803482
2026-08-21,COMMOIETF,ICICIPRAMC - ICICICOMMO,99.59,100.09,99.46,99.56,99.58,110983
2026-08-21,CONSUMIETF,ICICIPRAMC - ICICICONSU,125.21,125.41,124.36,124.56,125.03,12754
2026-08-21,FMCGIETF,ICICIPRAMC - ICICIFMCG,51.56,51.68,51.05,51.2,51.56,1512133
2026-08-21,INFRAIETF,ICICIPRAMC - ICICIINFRA,96.48,96.54,95.85,96.07,96.48,218876
2026-08-21,LIQUIDIETF,ICICIPRAMC - ICICILIQ,1000.0,1000.01,999.99,999.99,999.99,674662
2026-08-21,MIDCAPIETF,ICICIPRAMC - ICICIM150,24.87,24.87,24.17,24.26,24.27,778501
2026-08-21,MOM30IETF,ICICIPRAMC - ICICIMOM30,31.46,31.58,31.4,31.44,31.43,596523
2026-08-21,NEXT50IETF,ICICIPRAMC - ICICINXT50,78.73,78.73,78.0,78.11,78.38,1008612
2026-08-21,HEALTHIETF,ICICIPRAMC - ICICIPHARM,169.36,169.89,167.5,168.51,169.28,193589
2026-08-21,QUAL30IETF,ICICIPRAMC - ICICIQTY30,21.54,21.54,21.29,21.33,21.36,49350
2026-08-21,SILVERIETF,ICICIPRAMC - ICICISILVE,239.5,244.46,239.5,242.87,235.12,6019021
2026-08-21,ITIETF,ICICIPRAMC - ICICITECH,33.97,34.19,33.7,33.98,34.03,4052810
2026-08-21,INSUREIETF,ICICIPRAMC - INSUREIETF,15.49,15.65,15.41,15.63,15.49,30258
2026-08-21,BANKIETF,ICICIPRAMC - IPRU5008,59.14,59.35,59.1,59.23,59.14,227975
2026-08-21,METALIETF,ICICIPRAMC - METALIETF,13.35,13.35,13.14,13.23,13.11,6530112
2026-08-21,OILIETF,ICICIPRAMC - OILIETF,11.37,11.38,11.31,11.32,11.37,1880493
2026-08-21,PSUBNKIETF,ICICIPRAMC - PSUBANKICI,85.13,87.97,85.13,86.73,87.32,98447
2026-08-21,SMALLIETF,ICICIPRAMC - SMALLIETF,18.6,18.6,18.41,18.48,18.42,39514
2026-08-21,TOP15IETF,ICICIPRAMC - TOP15IETF,9.98,10.02,9.94,9.97,9.98,120686
2026-08-21,VAL30IETF,ICICIPRAMC - VAL30IETF,15.25,15.32,15.15,15.23,15.18,290692
2026-08-21,FINIETF,ICICIPRAMC-ICICIFIN,33.49,33.6,33.33,33.52,33.38,246518
2026-08-21,ICRA,ICRA LIMITED,4881.3,5015.0,4858.1,4964.8,4867.2,30454
2026-08-21,IDBI,IDBI BANK LIMITED,81.75,82.8,81.27,82.24,81.74,3261960
2026-08-21,IDEAFORGE,IDEAFORGE TECHNO LTD,814.95,846.0,790.0,812.5,806.6,820313
2026-08-21,IDFCFIRSTB,IDFC FIRST BANK LIMITED,85.6,86.75,85.59,86.75,85.84,12594633
2026-08-21,IFBAGRO,IFB AGRO INDUSTRIES LTD,1007.9,1025.0,989.6,1001.5,1007.9,4475
2026-08-21,IFBIND,IFB INDUSTRIES LTD,1405.2,1420.0,1383.7,1393.2,1402.9,29763
2026-08-21,IFCI,IFCI LTD,81.7,82.31,80.57,80.91,81.76,12862920
2026-08-21,IFGLEXPOR,IFGL REFRACTORIES LIMITED,216.79,220.49,206.6,211.77,215.92,63969
2026-08-21,IGARASHI,IGARASHI MOTORS INDIA LTD,447.2,453.0,442.05,444.1,446.8,44462
2026-08-21,IIFLCAPS,IIFL CAPITAL SERVICES LTD,332.9,336.95,332.9,335.65,333.15,208309
2026-08-21,IIFL,IIFL FINANCE LIMITED,645.35,687.1,645.1,679.8,636.7,11453570
2026-08-21,IKIO,IKIO TECHNOLOGIES LIMITED,195.45,197.44,188.56,191.66,195.7,205762
2026-08-21,IVC,IL&FS INVESTMENT MANAGERS,8.15,8.34,8.1,8.2,8.21,80650
2026-08-21,IMAGICAA,IMAGICAAWORLD ENT LTD,47.25,49.45,47.25,48.87,47.45,622177
2026-08-21,INCREDIBLE,INCREDIBLE INDUSTRIES LTD,33.77,35.0,32.8,33.01,33.77,3120
2026-08-21,IMPAL,IND MOTOR PART & ACC LTD,1103.1,1110.0,1085.0,1092.4,1106.6,1326
2026-08-21,INDSWFTLAB,IND SWIFT LABORATORIES LT,335.17,337.6,325.21,329.59,333.51,366668
2026-08-21,INDTERRAIN,IND TERRAIN FASHIONS LTD,31.2,31.2,30.23,30.34,30.85,10921
2026-08-21,INDBANK,INDBANK MERCH BANK,31.6,32.75,31.56,32.41,31.56,43308
2026-08-21,BAJAJINDEF,INDEF MANUFACTURING LTD,215.4,221.98,214.01,215.85,213.45,22430
2026-08-21,INDGN,INDEGENE LIMITED,565.55,570.55,557.25,567.8,566.7,364708
2026-08-21,INDIAGLYCO,INDIA GLYCOLS LTD,1107.0,1169.8,1105.0,1146.5,1101.9,538388
2026-08-21,INDNIPPON,INDIA NIPPON ELECT  LTD,1105.0,1123.2,1095.3,1105.7,1100.8,9936
2026-08-21,IPL,INDIA PESTICIDES LIMITED,138.15,143.64,138.15,140.27,138.06,152967
2026-08-21,INDIASHLTR,INDIA SHELTER FIN CORP L,675.0,688.7,668.55,675.25,675.3,52060
2026-08-21,ITDC,INDIA TOUR. DEV. CO. LTD.,687.4,692.0,681.35,684.3,687.55,73730
2026-08-21,IBULLSLTD,INDIABULLS LIMITED,25.89,26.38,25.5,25.58,25.75,6984530
2026-08-21,INDIAMART,INDIAMART INTERMESH LTD,1762.0,1767.1,1740.0,1742.2,1749.2,38325
2026-08-21,INDIANB,INDIAN BANK,876.0,880.9,870.5,876.9,871.0,576565
2026-08-21,INDIANCARD,INDIAN CARD CLOTHING CO.,210.41,218.99,209.25,209.5,210.39,820
2026-08-21,IEX,INDIAN ENERGY EXC LTD,123.35,124.41,123.34,123.7,123.35,1544675
2026-08-21,INDIANHUME,INDIAN HUME PIPE CO. LTD.,366.1,412.0,366.1,392.55,368.35,174021
2026-08-21,IMFA,INDIAN METALS & FERRO,1420.0,1442.9,1377.1,1383.8,1421.9,141630
2026-08-21,IOC,INDIAN OIL CORP LTD,135.5,136.58,135.27,135.9,135.9,6642882
2026-08-21,IOB,INDIAN OVERSEAS BANK,33.39,33.39,32.94,33.01,33.16,2378867
2026-08-21,IRCTC,INDIAN RAIL TOUR CORP LTD,488.0,491.1,483.05,484.2,485.9,1105998
2026-08-21,IRFC,INDIAN RAILWAY FIN CORP L,86.48,86.98,86.3,86.4,86.47,4768042
2026-08-21,IREDA,INDIAN RENEWABLE ENERGY,115.04,115.75,114.71,115.0,114.9,2340127
2026-08-21,IWP,INDIAN WOOD PRODUCTS CO L,33.9,35.4,33.35,34.09,34.84,27304
2026-08-21,INDIGOPNTS,INDIGO PAINTS LIMITED,1125.1,1161.4,1120.8,1151.8,1130.7,117502
2026-08-21,INDIQUBE,INDIQUBE SPACES LIMITED,191.08,193.48,187.23,189.1,189.15,65308
2026-08-21,INDOBORAX,INDO BORAX & CHEMICAL LTD,494.05,524.6,481.65,511.85,498.15,2022619
2026-08-21,ICIL,INDO COUNT INDUSTRIES LTD,436.0,447.8,425.1,443.55,435.1,789062
2026-08-21,INDOFARM,INDO FARM EQUIPMENT LTD,138.25,142.8,138.25,141.76,138.06,115285
2026-08-21,INDORAMA,INDO RAMA SYNTHETICS LTD,61.76,65.82,61.01,62.69,61.29,871640
2026-08-21,INDOTECH,INDO TECH TRANSFORM LTD.,3800.0,3914.1,3771.0,3902.5,3727.8,59896
2026-08-21,INDOTHAI,INDO THAI SEC LTD,59.66,59.66,59.66,59.66,62.8,84649
2026-08-21,INDOUS,INDO US BIOTECH LTD,88.04,88.05,85.1,85.56,85.96,3141
2026-08-21,INDOMIM,INDO-MIM LIMITED,919.0,919.0,877.0,882.1,919.55,2403140
2026-08-21,NIPPOBATRY,INDO-NATIONAL LIMITED,327.45,335.0,323.0,329.25,325.85,1491
2026-08-21,INDOCO,INDOCO REMEDIES LTD.,222.3,229.9,221.0,226.29,222.68,88716
2026-08-21,IGCL,INDOGULF CROPSCIENCES LTD,72.81,73.5,72.01,72.81,72.68,115729
2026-08-21,INDOKEM,INDOKEM LTD.,609.7,609.7,589.9,600.85,590.4,2565
2026-08-21,WAAREEINDO,INDOSOLAR LIMITED,290.3,293.9,282.5,283.9,290.45,123321
2026-08-21,INDOSTAR,INDOSTAR CAPITAL FIN LTD,254.0,258.1,251.1,253.15,251.4,83824
2026-08-21,INDOWIND,INDOWIND ENERGY LTD,9.18,9.3,8.9,9.17,9.06,191326
2026-08-21,IGL,INDRAPRASTHA GAS LTD,150.55,151.31,147.66,147.87,150.55,2842551
2026-08-21,INDRAMEDCO,INDRAPRASTHA MEDICAL CORP,375.95,378.1,369.0,369.7,376.8,143395
2026-08-21,INDUSTOWER,INDUS TOWERS LIMITED,369.7,377.75,369.55,375.75,368.8,4157306
2026-08-21,INDUSINDBK,INDUSIND BANK LIMITED,1007.8,1007.8,997.0,1005.6,1008.0,1043385
2026-08-21,INDPRUD,INDUSTRIAL & PRU INV CO L,6156.0,6300.0,6156.0,6289.5,6178.5,31
2026-08-21,IITL,INDUSTRIAL INV TRUST LTD,151.0,152.0,147.55,149.59,149.97,101892
2026-08-21,NAUKRI,INFO EDGE (I) LTD,1367.8,1367.8,1345.2,1350.1,1360.9,600356
2026-08-21,INFOBEAN,INFOBEANS TECHNO. LTD.,155.1,158.7,155.1,157.5,156.78,150742
2026-08-21,INFOMEDIA,INFOMEDIA PRESS LIMITED,5.26,5.35,5.1,5.11,5.19,10885
2026-08-21,INFY,INFOSYS LIMITED,1133.0,1133.5,1118.0,1121.0,1130.0,6094967
2026-08-21,INGERRAND,INGERSOLL-RAND INDIA LTD,4700.0,4700.0,4615.6,4660.6,4705.6,16763
2026-08-21,INNOVACAP,INNOVA CAPTAB LIMITED,1084.2,1099.85,1073.75,1088.5,1084.2,78410
2026-08-21,INNOVANA,INNOVANA THINKLABS LTD,318.8,319.9,318.0,318.0,318.85,8777
2026-08-21,INNOVISION,INNOVISION LIMITED,271.0,271.0,264.0,264.55,269.45,12854
2026-08-21,INOXGREEN,INOX GREEN ENERGY SER LTD,174.88,179.22,173.11,178.34,175.08,1560412
2026-08-21,INOXINDIA,INOX INDIA LIMITED,1923.6,1958.8,1900.0,1930.2,1923.6,109892
2026-08-21,INOXWIND,INOX WIND LIMITED,74.24,74.82,73.45,73.6,73.9,6096098
2026-08-21,INSECTICID,INSECTICIDES (I) LTD,606.6,612.9,603.0,609.75,606.55,20974
2026-08-21,INA,INSOLATION ENERGY LIMITED,94.17,94.93,93.21,93.79,93.42,355798
2026-08-21,ESSENTIA,INTEGRA ESSENTIA LIMITED,1.1,1.17,1.1,1.14,1.14,2062286
2026-08-21,INTELLECT,INTELLECT DESIGN ARENA,688.0,694.9,678.0,691.25,685.7,235096
2026-08-21,INTENTECH,INTENSE TECHNOLOGIES LTD,82.13,90.78,81.0,84.88,81.73,46459
2026-08-21,INTERARCH,INTERARCH BLDNG SOLTN LTD,1690.1,1713.1,1670.0,1676.3,1688.3,67407
2026-08-21,INDIGO,INTERGLOBE AVIATION LTD,5155.0,5172.5,5055.5,5110.0,5165.0,1115342
2026-08-21,INTLCONV,INTL CONVEYORS LIMITED,76.83,79.0,76.02,77.54,76.78,53327
2026-08-21,IGIL,INTL GEMOLOGICAL INST LTD,338.0,342.75,334.15,340.6,335.8,394439
2026-08-21,ISFT,INTRASOFT TECH. LTD,88.49,88.49,83.81,86.18,86.43,133580
2026-08-21,INVENTURE,INVENTURE GRO & SEC LTD,0.86,0.87,0.84,0.86,0.86,1358893
2026-08-21,IKS,INVENTURUS KNOWLEDGE SO L,1788.2,1806.8,1769.6,1786.2,1791.6,90179
2026-08-21,IVZINGOLD,INVESCO INDIA GOLD ETF,138.9,139.0,136.2,138.5,135.6,30430
2026-08-21,IVZINNIFTY,INVESCO INDIA NIFTY ETF,285.46,285.46,278.0,278.0,278.5,248
2026-08-21,IOLCP,IOL CHEM AND PHARMA LTD,164.49,175.7,162.3,169.52,163.75,7324108
2026-08-21,IONEXCHANG,ION EXCHANGE (INDIA) LTD,372.25,373.75,367.6,368.65,373.1,109662
2026-08-21,IPRINGLTD,IP RINGS LTD.,142.25,149.0,142.25,147.62,142.25,270
2026-08-21,IPCALAB,IPCA LABORATORIES LTD,1900.1,1922.0,1889.1,1911.2,1900.1,194059
2026-08-21,IRB,IRB INFRA DEV LTD.,18.96,19.03,18.91,18.95,18.95,4422521
2026-08-21,IRCON,IRCON INTERNATIONAL LTD,126.25,127.05,124.39,124.72,126.54,911984
2026-08-21,IRISDOREME,IRIS CLOTHINGS LIMITED,60.0,60.2,56.26,57.0,59.27,1692433
2026-08-21,IRIS,IRIS REGTECH SOLUTION LTD,248.12,254.79,243.0,243.89,248.12,15072
2026-08-21,IRMENERGY,IRM ENERGY LIMITED,285.6,290.0,284.45,286.15,285.6,46532
2026-08-21,ISGEC,ISGEC HEAVY ENG LTD,762.7,763.1,750.25,755.1,761.75,26790
2026-08-21,ISHANCH,ISHAN DYES N CHEMICALS L,47.25,48.98,47.21,48.21,48.25,36115
2026-08-21,ITCHOTELS,ITC HOTELS LIMITED,166.12,166.35,164.0,164.98,166.12,1074732
2026-08-21,ITC,ITC LTD,271.6,271.6,269.0,269.4,271.65,8312928
2026-08-21,ITI,ITI LTD,279.4,281.25,278.0,279.25,279.5,153897
2026-08-21,ITL,ITL INDUSTRIES LTD.,324.0,324.0,320.0,321.8,317.85,2714
2026-08-21,IVALUE,IVALUE INFOSOLUTIONS LTD,278.35,292.0,278.0,286.8,279.65,250201
2026-08-21,IZMO,IZMO LIMITED,870.95,878.3,850.15,854.7,866.45,44880
2026-08-21,J&KBANK,J & K BANK LTD.,148.19,149.5,147.25,149.01,148.19,1027348
2026-08-21,JGCHEM,J.G.CHEMICALS LIMITED,618.95,625.25,606.05,621.85,619.9,161611
2026-08-21,JAGRAN,JAGRAN PRAKASHAN LIMITED,62.2,62.2,61.45,61.96,61.79,217580
2026-08-21,JAGSNPHARM,JAGSONPAL PHARMACEUTICALS,233.15,238.9,232.8,236.54,232.99,92791
2026-08-21,JAIBALAJI,JAI BALAJI INDUSTRIES LTD,65.5,65.96,63.11,63.57,66.08,611558
2026-08-21,JAICORPLTD,JAI CORP LIMITED,101.0,105.6,100.0,102.22,100.53,1544699
2026-08-21,JISLDVREQS,JAIN DVR EQUITY SHARES,21.0,21.55,21.0,21.14,21.35,3681
2026-08-21,JISLJALEQS,JAIN IRRIGATION SYSTEMS,28.22,28.48,27.8,27.86,28.22,1126510
2026-08-21,JAINREC,JAIN RESOURCE RECYCLING L,300.65,303.75,294.4,295.85,299.75,1053785
2026-08-21,JPPOWER,JAIPRAKASH POWER VEN. LTD,17.1,17.39,17.06,17.1,17.1,34168455
2026-08-21,JAMNAAUTO,JAMNA AUTO IND LTD,121.43,122.44,120.2,121.41,121.43,1070634
2026-08-21,JSFB,JANA SMALL FIN BANK LTD,562.0,606.95,562.0,582.35,562.85,5326492
2026-08-21,JARO,JARO INS OF TEC MG N RE L,440.55,456.6,438.5,443.1,440.05,172597
2026-08-21,JASH,JASH ENGINEERING LIMITED,483.45,484.5,468.8,472.5,481.5,113865
2026-08-21,JAYBARMARU,JAY BHARAT MARUTI LTD,126.1,129.85,125.0,125.54,127.19,286976
2026-08-21,JAYAGROGN,JAYANT AGRO ORGANICS LTD,219.09,222.0,217.75,220.69,220.19,3461
2026-08-21,JAYNECOIND,JAYASWAL NECO INDUSTR LTD,94.3,101.45,93.78,99.89,93.68,17016511
2026-08-21,JAYKAY,JAYKAY ENTERPRISES LTD,145.69,159.5,144.8,154.96,145.68,933212
2026-08-21,JAYSREETEA,JAYSHREE TEA & INDUSTRIES,101.9,108.0,101.01,101.81,100.81,572125
2026-08-21,JBMA,JBM AUTO LIMITED,644.35,685.0,644.35,673.95,623.35,13184218
2026-08-21,JSLL,JEENA SIKHO LIFECARE LTD,510.0,514.15,504.05,505.35,506.2,306103
2026-08-21,JENBURPH,JENBURKT PHARMACEUTICAL L,1042.7,1048.0,1027.0,1028.5,1045.5,1103
2026-08-21,JETFREIGHT,JET FREIGHT LOGISTICS LTD,22.6,23.05,21.61,22.34,22.12,183774
2026-08-21,JHS,JHS SVEND. LAB. LTD,8.32,8.43,8.1,8.29,8.15,21985
2026-08-21,RETAIL,JHS SVENDGAARD RETAIL V L,17.64,17.95,16.56,17.01,17.64,3500
2026-08-21,JPOLYINVST,JIND POL INV & FIN CO LTD,955.0,977.9,955.0,964.0,954.4,3617
2026-08-21,JINDRILL,JINDAL DRILLING IND. LTD,631.0,650.0,623.05,642.75,628.7,786084
2026-08-21,JINDALPHOT,JINDAL PHOTO LIMITED,1046.0,1063.9,1040.2,1044.9,1049.4,828
2026-08-21,JINDALPOLY,JINDAL POLY FILMS LIMITED,634.6,641.6,634.5,637.6,637.0,6989
2026-08-21,JINDALSAW,JINDAL SAW LIMITED,272.0,298.4,271.2,291.65,269.75,16802060
2026-08-21,JSL,JINDAL STAINLESS LIMITED,718.4,720.0,700.0,701.35,718.4,338384
2026-08-21,JINDALSTEL,JINDAL STEEL LIMITED,1120.0,1135.0,1118.9,1127.8,1118.9,999052
2026-08-21,JINDWORLD,JINDAL WORLDWIDE LTD,35.37,35.94,35.0,35.33,35.1,1175231
2026-08-21,JKIPL,JINKUSHAL INDUSTRIES LTD,99.77,102.9,97.52,102.32,99.77,30414
2026-08-21,JIOFIN,JIO FIN SERVICES LTD,244.3,245.8,243.5,244.0,244.6,5583469
2026-08-21,NIFTYJBLK,JIOBLACKROCKAMC-NIFTYJBLK,12.95,12.95,12.41,12.46,12.5,137621
2026-08-21,JITFINFRA,JITF INFRALOGISTICS LTD,303.0,312.9,303.0,309.0,308.05,16214
2026-08-21,JKCEMENT,JK CEMENT LIMITED,5266.0,5293.0,5230.0,5250.0,5266.0,13416
2026-08-21,JKLAKSHMI,JK LAKSHMI CEMENT LTD,556.9,563.85,555.75,559.45,557.9,135140
2026-08-21,JKPAPER,JK PAPER LIMITED,391.3,404.9,388.4,391.8,389.6,585153
2026-08-21,JKTYRE,JK TYRE & INDUSTRIES LTD,374.0,378.0,371.7,374.7,373.4,422006
2026-08-21,JKIL,JKUMAR INFR.LTD.,502.0,509.95,500.1,506.3,503.65,70797
2026-08-21,JMFINANCIL,JM FINANCIAL LIMITED,129.3,131.19,128.0,128.24,129.16,2136978
2026-08-21,JNKINDIA,JNK INDIA LIMITED,450.35,459.45,446.2,454.35,450.35,125976
2026-08-21,COCKERILL,JOHN COCKERILL INDIA LTD.,7835.0,8244.5,7835.0,8213.5,7834.0,16054
2026-08-21,JSWCEMENT,JSW CEMENT LIMITED,125.99,126.9,124.81,126.04,125.13,1435890
2026-08-21,JSWDULUX,JSW DULUX LIMITED,3107.4,3141.8,3072.9,3118.8,3086.1,14724
2026-08-21,JSWENERGY,JSW ENERGY LIMITED,542.4,552.0,540.2,544.95,542.0,973494
2026-08-21,JSWHL,JSW HOLDINGS LIMITED,11537.0,11537.0,11201.0,11289.0,11465.0,2616
2026-08-21,JSWINFRA,JSW INFRASTRUCTURE LTD,331.15,337.7,331.0,335.7,329.85,1452829
2026-08-21,JSWSTEEL,JSW STEEL LIMITED,1298.0,1298.8,1280.5,1293.7,1299.7,2013069
2026-08-21,JTEKTINDIA,JTEKT INDIA LIMITED,129.27,130.05,125.64,126.1,129.27,294606
2026-08-21,JTLIND,JTL INDUSTRIES LIMITED,75.0,80.45,74.31,79.52,74.61,6704927
2026-08-21,JUBLCPL,JUBILANT AGRI N CON PRO L,2284.0,2291.6,2220.1,2227.8,2284.0,4180
2026-08-21,JUBLFOOD,JUBILANT FOODWORKS LTD,512.15,512.15,500.5,506.75,507.3,937437
2026-08-21,JUBLINGREA,JUBILANT INGREVIA LIMITED,724.6,724.6,705.4,718.35,720.4,287900
2026-08-21,JUBLPHARMA,JUBILANT PHARMOVA LTD,868.0,891.0,867.2,880.35,871.05,229193
2026-08-21,JMA,JULLUNDUR MOT AGENCY LTD,91.45,91.5,90.0,90.73,91.11,8236
2026-08-21,JNPR,JUNIPER GREEN ENERGY LTD,274.0,281.89,264.1,265.8,273.76,2621814
2026-08-21,JUNIPER,JUNIPER HOTELS LIMITED,204.61,211.0,202.5,210.08,205.21,430208
2026-08-21,JLHL,JUPITER LIFE LINE HOSP L,315.0,318.3,307.5,309.75,317.7,89552
2026-08-21,JWL,JUPITER WAGONS LIMITED,248.8,250.75,246.5,247.0,248.1,475958
2026-08-21,JUSTDIAL,JUSTDIAL LTD.,685.0,685.0,667.0,674.05,680.65,166297
2026-08-21,JYOTHYLAB,JYOTHY LABS LIMITED,207.6,208.14,202.56,204.95,208.46,785620
2026-08-21,JYOTICNC,JYOTI CNC AUTOMATION LTD,948.0,992.0,947.95,988.8,949.75,1718507
2026-08-21,JYOTIRES,JYOTI RESINS & ADHESIVE L,850.9,854.95,830.25,849.5,849.9,11365
2026-08-21,JYOTISTRUC,JYOTI STRUCTURES LTD,10.68,10.8,10.46,10.57,10.69,4653429
2026-08-21,KJMCFIN,K J M C FINANCIAL SERV L,79.7,79.7,79.7,79.7,66.42,3747
2026-08-21,KMCSHIL,K M C SPECIALITY HOSP I L,138.99,143.07,138.98,141.65,136.94,118525
2026-08-21,KMSUGAR,K M SUGAR MILLS LTD,35.01,35.3,32.85,33.55,35.3,1437036
2026-08-21,KPEL,K.P. ENERGY LIMITED,257.9,265.5,257.0,259.3,256.65,315638
2026-08-21,KABRAEXTRU,KABRA EXTRUSION TECHNIK L,530.05,574.95,521.55,566.2,529.1,565475
2026-08-21,KAJARIACER,KAJARIA CERAMICS LTD,1200.0,1224.4,1200.0,1208.5,1220.7,81268
2026-08-21,KAKATCEM,KAKATIYA CEM SUGAR &IND L,116.1,118.6,114.5,115.84,118.82,2619
2026-08-21,KALPATARU,KALPATARU LIMITED,288.9,289.7,280.35,283.45,288.35,105067
2026-08-21,KPIL,KALPATARU PROJECT INT LTD,1390.0,1412.0,1386.9,1404.5,1387.6,151468
2026-08-21,KALYANKJIL,KALYAN JEWELLERS IND LTD,596.0,607.9,591.5,603.55,596.0,6936147
2026-08-21,KALYANIFRG,KALYANI FORGE LIMITED,695.0,714.05,672.0,691.5,691.05,3331
2026-08-21,KICL,KALYANI INVEST CO LTD,5240.5,5430.0,5201.0,5382.5,5258.0,1196
2026-08-21,KSL,KALYANI STEELS LIMITED,856.65,914.9,849.0,881.15,856.65,166545
2026-08-21,KAMAHOLD,KAMA HOLDINGS LTD.,2437.9,2450.0,2418.0,2421.1,2424.8,2874
2026-08-21,KAMANWALA,KAMANWALA HOUSING CONST L,17.55,17.55,16.4,16.77,16.68,2075
2026-08-21,KAMATHOTEL,KAMAT HOTELS (I) LTD,192.25,209.95,190.35,207.66,190.83,216954
2026-08-21,KAMOPAINTS,KAMDHENU VENTURES LIMITED,4.59,5.0,4.39,4.45,4.55,654294
2026-08-21,KANANIIND,KANANI INDUSTRIES LTD,1.49,1.51,1.48,1.5,1.48,37454
2026-08-21,KANCHI,KANCHI KARPOORAM LTD.,373.85,377.0,359.95,373.5,372.0,939
2026-08-21,KANCOTEA,KANCO TEA & INDS. LTD.,56.0,57.2,52.0,54.3,52.78,2747
2026-08-21,KANPRPLA,KANPUR PLASTIPACK LIMITED,269.2,281.44,258.0,260.91,266.18,167499
2026-08-21,KANSAINER,KANSAI NEROLAC PAINTS LTD,202.51,207.19,200.1,205.85,201.51,297069
2026-08-21,KAPSTON,KAPSTON SERVICES LIMITED,529.55,534.0,525.05,528.2,524.8,27423
2026-08-21,KARMAENG,KARMA ENERGY LIMITED,40.15,40.2,38.4,38.59,39.22,4688
2026-08-21,KTKBANK,KARNATAKA BANK LIMITED,335.05,338.25,326.7,328.3,335.05,3431377
2026-08-21,KARURVYSYA,KARUR VYSYA BANK LTD,336.9,336.9,333.15,335.5,334.1,785799
2026-08-21,KSCL,KAVERI SEED CO. LTD.,773.4,773.45,760.0,760.1,773.4,104183
2026-08-21,KAVDEFENCE,KAVVERI DFS & WIR TEC LTD,57.0,58.52,56.5,56.9,57.22,108663
2026-08-21,KAYA,KAYA LIMITED,374.1,393.0,370.55,382.25,374.1,99267
2026-08-21,KAYNES,KAYNES TECHNOLOGY IND LTD,3822.0,3913.3,3798.0,3890.0,3815.0,990990
2026-08-21,KCP,KCP LTD,165.08,165.8,160.73,163.83,165.08,206962
2026-08-21,KDDL,KDDL LIMITED,3934.2,4078.9,3510.0,4005.4,3942.7,352972
2026-08-21,KEC,KEC INTL. LIMITED,425.1,437.5,423.55,435.95,424.1,3670038
2026-08-21,KEI,KEI INDUSTRIES LTD.,5700.0,5744.0,5492.6,5527.6,5675.0,289585
2026-08-21,KELLTONTEC,KELLTON TECH SOL LTD,13.53,13.84,13.42,13.56,13.6,1668122
2026-08-21,KENNAMET,KENNAMETAL INDIA LIMITED,3715.0,4155.1,3681.0,4044.7,3719.6,216734
2026-08-21,KERNEX,KERNEX MICROSYS(I) LTD,1835.0,1970.0,1811.0,1934.5,1837.0,477401
2026-08-21,KKCL,KEWAL KIRAN CLOTHING LTD,518.6,523.8,515.0,516.45,518.6,13439
2026-08-21,KEYFINSERV,KEYNOTE FIN SERV LTD.,271.95,271.95,258.1,262.5,261.1,1158
2026-08-21,RUSTOMJEE,KEYSTONE REALTORS LIMITED,371.0,373.85,365.65,371.45,370.95,19996
2026-08-21,KFINTECH,KFIN TECHNOLOGIES LIMITED,963.0,992.4,953.05,980.0,961.0,2711008
2026-08-21,KHAITANLTD,KHAITAN (INDIA)LTD.,145.45,149.0,143.0,147.95,146.94,900
2026-08-21,KHAICHEM,KHAITAN CHEM & FERT LTD,55.7,57.69,55.23,55.82,56.65,150901
2026-08-21,KHANDSE,KHANDWALA SECURITIES LTD,18.2,18.2,16.76,17.5,16.63,2082
2026-08-21,KLBRENG-B,KILBURN ENGINEERING LTD.,364.0,408.6,361.7,397.4,357.65,3833782
2026-08-21,KINGFA,KINGFA SCI & TEC IND LTD.,5857.5,5898.0,5764.0,5813.5,5857.5,9234
2026-08-21,KIOCL,KIOCL LIMITED,384.8,392.3,384.75,388.1,385.4,70105
2026-08-21,KIRANVYPAR,KIRAN VYAPAR LTD.,198.55,202.5,195.11,198.0,202.52,516
2026-08-21,KIRIINDUS,KIRI INDUSTRIES LIMITED,463.95,479.95,458.55,477.9,461.3,1726356
2026-08-21,KIRLOSBROS,KIRLOSKAR BROTHERS LTD,1915.0,1934.2,1901.2,1906.2,1918.2,24988
2026-08-21,KECL,KIRLOSKAR ELECTRIC CO LTD,132.21,137.89,129.81,132.23,130.69,194800
2026-08-21,KIRLFER,KIRLOSKAR FERROUS IND LTD,443.0,444.7,437.1,441.2,444.05,598796
2026-08-21,KIRLOSIND,KIRLOSKAR INDUSTRIES LTD,3740.0,3740.0,3675.0,3685.0,3714.1,2077
2026-08-21,KIRLOSENG,KIRLOSKAR OIL ENG LTD,2168.0,2168.0,2076.1,2100.8,2150.1,450739
2026-08-21,KIRLPNU,KIRLOSKAR PNEUMATIC COM L,743.0,752.0,729.7,748.8,739.8,212199
2026-08-21,KITEX,KITEX GARMENTS LTD,125.1,126.59,124.0,124.95,124.73,547219
2026-08-21,KNAGRI,KN AGRI RESOURCES LIMITED,210.0,218.1,210.0,213.7,212.61,14561
2026-08-21,KNACK,KNACK PACKAGING LIMITED,209.0,209.0,202.16,203.55,209.17,927405
2026-08-21,KMEW,KNOWLEDGE MARINE & EN W L,2710.0,2758.7,2680.1,2725.6,2691.8,55030
2026-08-21,KNRCON,KNR CONSTRU LTD.,127.15,131.1,126.53,127.0,127.14,887428
2026-08-21,KOHINOOR,KOHINOOR FOODS LIMITED,34.51,37.8,34.5,36.59,34.81,1183183
2026-08-21,KOKUYOCMLN,KOKUYO CAMLIN LIMITED,79.0,80.98,79.0,80.08,79.8,29746
2026-08-21,KOLTEPATIL,KOLTE PATIL DEV. LTD.,465.0,482.65,465.0,468.55,465.9,164169
2026-08-21,GOLD1,KOTAK GOLD ETF,131.99,133.63,131.0,132.87,130.38,2849487
2026-08-21,KOTAKBANK,KOTAK MAHINDRA BANK LTD,398.9,406.0,398.3,402.8,397.35,15670257
2026-08-21,NIFTY1,KOTAK NIFTY ETF,269.27,272.0,268.76,269.65,269.27,241331
2026-08-21,PSUBANK,KOTAK PSU BANK,87.74,87.74,85.86,86.11,86.02,177079
2026-08-21,CHEMICAL,KOTAKMAMC - CHEMICAL,30.49,30.49,30.16,30.24,30.4,429903
2026-08-21,ALPHA,KOTAKMAMC - KOTAKALPHA,54.0,54.25,53.86,54.14,53.84,859170
2026-08-21,CONS,KOTAKMAMC - KOTAKCONS,12.43,12.43,12.32,12.38,12.45,15623
2026-08-21,IT,KOTAKMAMC - KOTAKIT,33.15,34.39,33.15,33.73,34.0,356575
2026-08-21,LIQUID1,KOTAKMAMC - KOTAKLIQ,1118.97,1119.43,1118.97,1119.41,1118.97,549238
2026-08-21,LOWVOL1,KOTAKMAMC - KOTAKLOVOL,21.31,21.42,21.25,21.36,21.31,637818
2026-08-21,MIDCAP,KOTAKMAMC - KOTAKMID50,18.85,18.85,18.61,18.71,18.76,288514
2026-08-21,MNC,KOTAKMAMC - KOTAKMNC,34.4,34.4,34.0,34.09,34.37,75738
2026-08-21,SILVER1,KOTAKMAMC - KOTAKSILVE,22.95,23.77,22.95,23.66,22.85,9701351
2026-08-21,NV20,KOTAKMAMC - KTKNV20ETF,14.02,14.02,13.94,13.98,13.89,40459
2026-08-21,MID150,KOTAKMAMC - MID150,24.2,24.2,23.7,23.77,23.73,19709
2026-08-21,MOMENTUM30,KOTAKMAMC - MOMENTUM30,30.96,31.07,30.92,30.96,30.88,143482
2026-08-21,MSCIINDIA,KOTAKMAMC - MSCIINDIA,30.17,30.21,30.1,30.16,30.13,12966
2026-08-21,NEXT50ETF,KOTAKMAMC - NEXT50ETF,74.84,75.0,74.46,74.61,74.84,14592
2026-08-21,NIFTY100EW,KOTAKMAMC - NIFTY100EW,35.72,35.72,35.43,35.53,35.55,18511
2026-08-21,PVTBANK,KOTAKMAMC - PVTBANK,27.64,27.73,27.62,27.72,27.49,5746
2026-08-21,QUALITY30,KOTAKMAMC - QUALITY30,21.52,21.52,20.91,21.03,21.06,21419
2026-08-21,BANKNIFTY1,KOTAKMAMC-KOTAKBKETF,59.81,60.0,59.68,59.86,59.78,138516
2026-08-21,KOTIC,KOTHARI INDUSTRIAL CORP L,143.75,144.92,142.32,142.77,144.5,3934
2026-08-21,KOTHARIPET,KOTHARI PETROCHEM LTD,133.75,135.74,132.0,132.48,134.3,44326
2026-08-21,KOTHARIPRO,KOTHARI PRODUCTS LTD,68.88,68.88,67.5,68.05,67.78,8186
2026-08-21,KOTARISUG,KOTHARI SUG & CHEM LTD.,29.87,35.0,29.2,33.29,30.25,1327930
2026-08-21,KOVAI,KOVAI MEDICAL CENTER & HO,6090.0,6090.0,5975.0,6034.5,6066.5,2070
2026-08-21,KPIGREEN,KPI GREEN ENERGY LIMITED,307.1,322.5,307.05,312.6,307.05,2184169
2026-08-21,KPITTECH,KPIT TECHNOLOGIES LIMITED,592.9,594.85,586.05,589.3,592.9,904430
2026-08-21,KPRMILL,KPR MILL LTD.,1158.0,1167.5,1137.7,1151.6,1153.2,221431
2026-08-21,KRBL,KRBL LIMITED,401.85,409.35,398.8,406.95,397.25,916765
2026-08-21,KREBSBIO,KREBS BIOCHEMICALS & IND,54.5,54.89,53.11,53.61,55.2,3880
2026-08-21,KRISHANA,KRISHANA PHOSCHEM LIMITED,197.8,200.99,194.4,198.41,196.52,540972
2026-08-21,KRISHIVAL,KRISHIVAL FOODS LIMITED,398.2,410.0,396.5,405.65,393.55,77792
2026-08-21,KRISHNADEF,KRISHNA DEF AND ALD IND L,1043.9,1050.0,1021.1,1026.8,1037.9,134217
2026-08-21,KIMS,KRISHNA INST OF MED SCI L,794.6,794.6,775.0,782.5,790.0,302499
2026-08-21,KRITI,KRITI INDUSTRIES IND LTD,66.06,67.44,63.53,64.34,65.74,11114
2026-08-21,KRITINUT,KRITI NUTRIENTS LIMITED,82.2,85.9,82.16,84.46,83.92,6109
2026-08-21,KRITIKA,KRITIKA WIRES LIMITED,5.57,5.7,5.55,5.58,5.62,47872
2026-08-21,KRN,KRN HEAT EXCHANGE N REF L,1528.0,1541.0,1474.0,1482.1,1518.3,171617
2026-08-21,KRONOX,KRONOX LAB SCIENCES LTD,191.0,223.42,191.0,215.18,186.19,24328555
2026-08-21,KROSS,KROSS LIMITED,209.74,210.01,206.0,206.84,210.36,287391
2026-08-21,KRSNAA,KRSNAA DIAGNOSTICS LTD,546.8,575.5,541.85,561.65,550.0,95888
2026-08-21,KRYSTAL,KRYSTAL INTEGRATED SER L,680.0,694.0,648.0,657.95,681.35,119401
2026-08-21,KSB,KSB LIMITED,806.5,808.9,790.0,801.85,802.5,106703
2026-08-21,KSE,KSE LTD.,192.01,192.86,183.3,183.84,196.8,71756
2026-08-21,KSHINTL,KSH INTERNATIONAL LIMITED,1017.85,1017.85,982.0,1009.25,1011.3,144223
2026-08-21,KSHITIJPOL,KSHITIJ POLYLINE LIMITED,2.85,2.88,2.81,2.82,2.85,441794
2026-08-21,KSOLVES,KSOLVES INDIA LIMITED,270.4,275.0,268.0,272.05,270.4,39144
2026-08-21,KSR,KSR FOOTWEAR LIMITED,28.0,28.49,27.0,28.2,27.42,32892
2026-08-21,KUANTUM,KUANTUM PAPERS LIMITED,74.99,76.7,73.7,74.19,74.99,232539
2026-08-21,KUSUMGAR,KUSUMGAR LIMITED,577.0,593.8,574.3,581.95,572.5,382974
2026-08-21,KPL,KWALITY PHARMACEUTICALS L,3604.1,3634.5,3327.0,3361.1,3630.3,113735
2026-08-21,KWIL,KWALITY WALL'S (INDIA) L,43.65,49.5,43.21,48.35,43.47,240473970
2026-08-21,LKPSEC,L K P SECURITIES LTD.,18.2,18.2,16.0,17.0,17.2,7214
2026-08-21,LTF,L&T FINANCE LIMITED,315.0,319.95,314.15,317.15,314.75,3402087
2026-08-21,LTTS,L&T TECHNOLOGY SER. LTD.,3579.1,3629.7,3574.3,3604.6,3579.1,54789
2026-08-21,LAOPALA,LA OPALA RG LIMITED,178.01,179.4,172.6,173.12,178.35,203785
2026-08-21,LADDERUP,LADDERUP FINANCE LTD.,51.5,51.5,47.0,50.8,49.25,112
2026-08-21,LAGNAM,LAGNAM SPINTEX LIMITED,77.0,77.5,76.75,76.91,77.15,2982
2026-08-21,LAHOTIOV,LAHOTI OVERSEAS LTD.,40.99,42.0,40.03,41.61,40.81,5791
2026-08-21,LFIC,LAKSHMI FIN IND CORP LTD,137.55,142.49,137.55,140.94,138.24,1128
2026-08-21,LAKSHMIMIL,LAKSHMI MILLS CO. LTD.,8350.0,8490.0,8300.0,8344.5,8300.0,54
2026-08-21,LAMBODHARA,LAMBODHARA TEXTILES LTD.,107.63,124.0,105.5,118.08,107.63,83175
2026-08-21,LANCER,LANCER CONTAINER LINES L,10.35,10.57,10.3,10.42,10.38,125005
2026-08-21,LANCORHOL,LANCOR HOLDINGS LIMITED,30.0,31.91,29.5,30.95,28.91,1071708
2026-08-21,LANDMARK,LANDMARK CARS LIMITED,508.4,514.65,498.05,504.95,509.2,88626
2026-08-21,LPDC,LANDMARK PR.DEV.CO.LTD,7.17,7.47,7.17,7.24,7.17,52756
2026-08-21,LANDSMILL,LANDSMILL GREEN LIMITED,0.74,0.76,0.74,0.75,0.74,1990035
2026-08-21,LT,LARSEN & TOUBRO LTD.,4081.0,4100.0,4061.4,4093.0,4081.0,1258912
2026-08-21,LASA,LASA SUPERGENERICS LTD,6.99,7.5,6.6,7.2,6.99,37768
2026-08-21,LASERPOWER,LASER POWER & INFRA LTD,330.95,341.0,327.05,337.55,328.4,1360433
2026-08-21,LATENTVIEW,LATENT VIEW ANALYTICS LTD,281.4,281.8,277.35,278.1,281.75,257941
2026-08-21,LATTEYS,LATTEYS INDUSTRIES LTD,23.0,23.35,22.2,23.28,22.8,107249
2026-08-21,LAURUSLABS,LAURUS LABS LIMITED,1825.0,1836.4,1790.3,1802.0,1825.0,1401995
2026-08-21,LAXMICOT,LAXMI COTSPIN LIMITED,14.39,14.39,13.6,13.92,13.96,27191
2026-08-21,LAXMIDENTL,LAXMI DENTAL LIMITED,199.69,201.0,197.52,198.14,198.18,54290
2026-08-21,LGHL,LAXMI GOLDORNA HOUSE LTD,177.93,179.01,174.8,175.94,174.15,9165
2026-08-21,LAXMIINDIA,LAXMI INDIA FINANCE LTD,132.2,134.68,128.0,128.76,132.9,212064
2026-08-21,LXCHEM,LAXMI ORGANIC INDUS LTD,174.51,174.99,172.99,173.21,174.51,222367
2026-08-21,LCCINFOTEC,LCC INFOTECH LTD,3.67,3.73,3.41,3.55,3.67,28110
2026-08-21,LEMERITE,LE MERITE EXPORTS LIMITED,23.49,23.7,22.56,22.78,23.45,309011
2026-08-21,IXIGO,LE TRAVENUES TECHNOLOGY L,170.46,173.79,169.37,170.3,170.45,344323
2026-08-21,LEAPIND,LEAP INDIA LIMITED,167.0,167.5,161.26,162.02,166.66,6354340
2026-08-21,LEENEE,LEE & NEE SOFTWARES (E) L,8.44,9.51,7.56,9.19,8.36,99370
2026-08-21,THELEELA,LEELA PALACES HOTEL LTD,539.5,564.0,532.45,561.7,539.7,1049377
2026-08-21,LEMONTREE,LEMON TREE HOTELS LTD,108.3,110.5,108.01,108.33,107.96,2589977
2026-08-21,LENSKART,LENSKART SOLUTIONS LTD,657.8,663.8,635.0,661.4,654.8,9358241
2026-08-21,LEXUS,LEXUS GRANITO (INDIA) LTD,13.88,14.4,13.61,14.31,13.88,10662
2026-08-21,LGBBROSLTD,LG BALAKRISHNAN & BROS,1599.6,1612.0,1555.6,1609.0,1599.6,26271
2026-08-21,LGEINDIA,LG ELECTRONICS INDIA LTD,1632.8,1645.0,1620.0,1623.3,1632.8,534446
2026-08-21,LIBAS,LIBAS CONSU PRODUCTS LTD,9.83,10.2,9.6,10.02,9.83,49796
2026-08-21,LIBERTSHOE,LIBERTY SHOES LTD,244.0,249.3,243.5,246.75,241.1,22311
2026-08-21,LICHSGFIN,LIC HOUSING FINANCE LTD,500.0,500.8,491.0,497.0,508.05,3123216
2026-08-21,LICMFGOLD,LIC MF - LIC GOLD ETF,140.15,143.35,140.15,142.55,139.6,223719
2026-08-21,LICNETFN50,LICNAMC - LICNFENGP,272.8,273.15,271.46,271.85,271.82,69
2026-08-21,LICNETFSEN,LICNAMC - LICNFESGP,881.44,881.44,880.97,880.97,873.98,6
2026-08-21,LICNFNHGP,LICNAMC - LICNFNHGP,279.76,280.04,277.53,279.71,280.05,67
2026-08-21,LICNETFGSC,LICNAMC - LICNMFET,29.42,29.78,29.36,29.55,29.56,20321
2026-08-21,LICNMID100,LICNAMC - LICNMID100,64.28,64.49,63.9,63.94,63.99,2375
2026-08-21,LICI,LIFE INSURA CORP OF INDIA,421.7,425.9,419.55,422.25,419.0,10062346
2026-08-21,LIKHITHA,LIKHITHA INFRASTRUC LTD,214.55,214.55,208.02,210.3,213.08,38015
2026-08-21,LINC,LINC LIMITED,97.56,97.59,95.12,96.37,95.04,5132
2026-08-21,LINCOLN,LINCOLN PHARMA LTD,627.1,629.0,610.0,614.05,622.6,24032
2026-08-21,LINDEINDIA,LINDE INDIA LIMITED,6702.0,6729.0,6656.0,6672.0,6695.0,10187
2026-08-21,LLOYDSENGG,LLOYDS ENGG WORK LIMITED,92.29,92.99,89.5,90.05,92.25,7387620
2026-08-21,LLOYDSENT,LLOYDS ENTERPRISES LTD,78.5,79.44,77.17,77.59,78.55,2754112
2026-08-21,LLOYDSME,LLOYDS METALS N ENERGY L,1891.4,1899.9,1849.5,1865.9,1891.4,345255
2026-08-21,LMW,LMW LIMITED,19571.0,20030.0,19500.0,19849.0,19570.0,8115
2026-08-21,LODHA,LODHA DEVELOPERS LIMITED,1254.0,1262.0,1232.2,1242.0,1240.0,1491660
2026-08-21,LCL,LOHIA CORP LIMITED,550.0,590.0,550.0,577.15,539.85,1981216
2026-08-21,LORDSCHLO,LORDS CHLORO ALKALI LTD,135.06,137.35,134.05,134.76,134.22,3584
2026-08-21,LAL,LORENZINI APPARELS LTD,8.95,8.99,8.43,8.76,8.52,85534
2026-08-21,LOTUSCHO,LOTUS CHOCOLATE CO. LTD.,616.0,620.0,613.0,614.9,615.0,1484
2026-08-21,LOTUSEYE,LOTUS EYE HOSP & INST L,117.11,118.98,115.4,115.6,117.11,8556
2026-08-21,LOVABLE,LOVABLE LINGERIE LTD,70.6,72.5,70.6,71.56,70.94,3202
2026-08-21,LOYALTEX,LOYAL TEXTILE MILLS LTD,211.05,219.8,205.0,211.04,211.05,2173
2026-08-21,LTFOODS,LT FOODS LIMITED,433.0,436.35,426.15,427.6,431.0,455737
2026-08-21,LTM,LTM LIMITED,4500.0,4500.0,4414.8,4487.8,4553.0,620293
2026-08-21,LUMAXTECH,LUMAX AUTO TECH LTD,2053.8,2065.6,1980.1,1988.8,2043.7,110035
2026-08-21,LUMAXIND,LUMAX INDUSTRIES LTD,5800.0,5920.0,5732.0,5880.0,5808.0,14543
2026-08-21,LUPIN,LUPIN LIMITED,2203.3,2217.0,2187.7,2201.8,2201.5,770287
2026-08-21,LUXIND,LUX INDUSTRIES LIMITED,1210.0,1210.0,1193.1,1203.4,1201.0,11301
2026-08-21,MBEL,M AND B ENGINEERING LTD,278.1,284.95,271.3,273.75,278.1,98847
2026-08-21,MKEXIM,M K EXIM (INDIA) LTD.,56.69,58.52,56.69,57.24,56.69,3750
2026-08-21,MKPL,M K PROTEINS LIMITED,4.13,4.19,4.11,4.13,4.14,61424
2026-08-21,MCL,M TEK COPPER LIMITED,59.2,59.2,57.81,58.23,58.46,35257
2026-08-21,M&MFIN,M&M FIN. SERVICES LTD,384.9,386.85,379.4,381.6,382.45,1314155
2026-08-21,MAANALU,MAAN ALUMINIUM LIMITED,118.52,122.33,118.05,119.4,118.52,41608
2026-08-21,MCCHRLS-B,MAC CHARLES (INDIA) LTD.,699.95,700.0,660.0,694.95,675.0,167
2026-08-21,MACPOWER,MACPOWER CNC MACHINES LTD,1953.7,1955.6,1828.5,1874.8,1945.9,61248
2026-08-21,MADHAVIPL,MADHAV INFRA PROJECTS L,7.37,7.37,7.1,7.31,7.24,97706
2026-08-21,MADHAV,MADHAV MARBLE & GRANITE,35.5,36.95,35.5,36.25,35.51,5947
2026-08-21,MBAPL,MADHYA BHARAT AGRO P. LTD,164.95,172.0,162.93,169.52,163.41,1090120
2026-08-21,MADRASFERT,MADRAS FERTILISERS LTD,65.98,66.29,65.01,65.52,65.04,58913
2026-08-21,MAFATIND,MAFATLAL INDUSTRIES LTD.,124.2,124.39,121.1,121.81,124.61,20104
2026-08-21,MAGADSUGAR,MAGADH SUGAR & ENERGY LTD,598.0,629.0,591.05,601.3,620.6,143279
2026-08-21,MCLOUD,MAGELLANIC CLOUD LIMITED,29.57,30.9,27.6,30.27,29.57,9476159
2026-08-21,MAGNUM,MAGNUM VENTURES LTD.,19.5,19.5,19.25,19.25,19.25,9186
2026-08-21,MAHAPEXLTD,MAHA RASHTRA APEX COPR. L,58.77,63.33,58.77,61.13,58.59,79336
2026-08-21,MFML,MAHALAXMI FABRIC MILLS LT,19.87,19.9,18.72,19.22,19.66,3421
2026-08-21,MGL,MAHANAGAR GAS LTD.,1137.8,1145.4,1110.6,1114.2,1137.8,153293
2026-08-21,MTNL,MAHANAGAR TELEPHONE NIGAM,26.82,27.04,26.7,26.82,26.79,316331
2026-08-21,MAHSCOOTER,MAHARASHTRA SCOOTERS LTD,13138.0,13258.0,13102.0,13131.0,13138.0,1996
2026-08-21,MAHSEAMLES,MAHARASHTRA SEAMLESS LTD,613.0,658.9,612.95,634.15,610.6,1005145
2026-08-21,M&M,MAHINDRA & MAHINDRA LTD,3431.2,3453.9,3412.2,3412.2,3424.8,1730623
2026-08-21,MAHEPC,MAHINDRA EPC IRRIG LTD,108.86,108.86,106.13,107.0,107.75,24552
2026-08-21,MHRIL,MAHINDRA HOLIDAYS LTD,221.05,224.36,220.0,221.79,221.05,59667
2026-08-21,MAHLIFE,MAHINDRA LIFESPACE DEVLTD,378.3,382.5,374.5,379.8,377.2,82150
2026-08-21,MAHLOG,MAHINDRA LOGISTIC LIMITED,405.5,407.55,399.7,401.15,406.65,107296
2026-08-21,MAITHANALL,MAITHAN ALLOYS LTD,982.0,984.45,972.1,977.1,978.0,21354
2026-08-21,MAKERSL,MAKERS LABORATORIES LTD.,179.0,190.0,175.0,186.88,173.78,18782
2026-08-21,MALLCOM,MALLCOM (INDIA) LIMITED,975.25,981.7,968.05,974.5,975.25,1288
2026-08-21,MALUPAPER,MALU PAPER MILLS LIMITED,31.49,32.19,31.11,31.24,31.11,8826
2026-08-21,MAMATA,MAMATA MACHINERY LIMITED,406.0,422.95,406.0,420.35,405.5,100146
2026-08-21,MANAKCOAT,MAN COAT METAL & IND LTD,127.95,129.48,124.0,125.37,126.91,964127
2026-08-21,MANINDS,MAN INDUSTRIES (I) LTD.,684.0,735.0,681.3,715.4,676.9,2782001
2026-08-21,MANINFRA,MAN INFRA LTD,110.92,111.0,107.65,108.67,110.29,572245
2026-08-21,MANAKALUCO,MANAK ALUMINIUM CO. LTD.,37.25,38.0,37.25,37.87,37.19,22309
2026-08-21,MANAKSIA,MANAKSIA LTD.,58.7,59.25,58.32,58.87,58.7,12772
2026-08-21,MANAKSTEEL,MANAKSIA STEELS LTD,85.16,86.58,85.0,85.46,85.16,21236
2026-08-21,MANALIPETC,MANALI PETROCHEMICALS LT,78.5,78.5,73.57,74.02,77.73,1449598
2026-08-21,MANAPPURAM,MANAPPURAM FINANCE LTD,354.5,358.5,351.35,357.5,349.25,9887894
2026-08-21,MANBA,MANBA FINANCE LIMITED,131.82,133.52,129.0,130.9,130.52,143450
2026-08-21,MANBRO,MANBRO INDUSTRIES LTD.,60.0,60.76,59.5,60.1,59.37,653817
2026-08-21,MANCREDIT,MANGAL CREDIT N FINCORP L,225.0,229.69,214.93,218.06,224.55,325055
2026-08-21,MEIL,MANGAL ELECTRICAL IND L,265.0,265.0,258.0,259.55,263.1,39827
2026-08-21,MANGLMCEM,MANGALAM CEMENT LTD,1004.95,1036.65,980.05,1027.95,981.85,623972
2026-08-21,MANGALAM,MANGALAM DRUG & CHEM LTD,26.95,28.0,26.34,27.68,26.95,23619
2026-08-21,MANORG,MANGALAM ORGANICS LIMITED,460.35,479.0,453.05,470.75,460.35,13240
2026-08-21,MSL,MANGALAM SEEDS LTD.,144.0,144.0,141.0,141.0,144.0,51
2026-08-21,MWL,MANGALAM WORLDWIDE LTD,41.48,41.74,41.0,41.44,41.17,152379
2026-08-21,MANIPALHOS,MANIPAL HEALTH ENTERPRI L,708.05,728.0,699.0,715.3,724.35,1779084
2026-08-21,MANKIND,MANKIND PHARMA LIMITED,2385.0,2407.2,2365.6,2384.0,2385.0,343261
2026-08-21,MVGJL,MANOJ VAIBHAV GEM N JEW L,147.8,152.65,146.84,149.6,146.84,93929
2026-08-21,MANOMAY,MANOMAY TEX INDIA LTD,213.01,218.02,213.01,217.19,211.44,109787
2026-08-21,MANORAMA,MANORAMA INDUSTRIES LTD,1968.2,1988.7,1920.2,1927.3,1958.7,210966
2026-08-21,MARALOVER,MARAL OVERSEAS LTD,54.35,56.89,54.35,56.34,55.37,73633
2026-08-21,MARATHON,MARATHON NXTGEN REALT LTD,356.0,363.85,350.2,352.35,354.6,115562
2026-08-21,MARICO,MARICO LIMITED,862.15,862.15,844.15,849.25,858.35,815655
2026-08-21,MARINE,MARINE ELECTRICAL (I) LTD,373.25,377.4,369.05,375.65,373.25,387872
2026-08-21,MARKOLINES,MARKOLINES PAVEMENT TEC L,172.0,175.25,170.55,171.56,171.93,212238
2026-08-21,MARKSANS,MARKSANS PHARMA LIMITED,320.85,327.0,313.85,321.3,320.85,2597073
2026-08-21,MARSONS,MARSONS LIMITED,112.47,120.33,111.6,119.56,112.15,4022032
2026-08-21,MARUTI,MARUTI SUZUKI INDIA LTD.,13809.0,13809.0,13565.0,13565.0,13809.0,224951
2026-08-21,MASFIN,MAS FINANCIAL SERV LTD,301.0,304.8,300.0,302.5,300.25,104118
2026-08-21,MASKINVEST,MASK INVESTMENTS LIMITED,146.66,146.66,146.66,146.66,146.66,100
2026-08-21,MASTEK,MASTEK LTD,1710.4,1722.9,1670.0,1705.2,1693.5,95879
2026-08-21,MASTERTR,MASTER TRUST LIMITED,78.64,88.51,78.64,84.99,78.0,3531062
2026-08-21,MATRIMONY,MATRIMONY.COM LIMITED,551.8,560.85,532.0,537.05,558.2,27074
2026-08-21,MAWANASUG,MAWANA SUGARS LIMITED,139.9,158.9,135.25,152.54,140.1,1991817
2026-08-21,MAXESTATES,MAX ESTATES LIMITED,498.1,502.9,490.55,494.85,499.85,92566
2026-08-21,MFSL,MAX FINANCIAL SERV LTD,1572.5,1590.0,1561.3,1585.0,1575.0,458883
2026-08-21,MAXHEALTH,MAX HEALTHCARE INS LTD,1000.0,1003.6,986.5,1000.0,997.9,1237284
2026-08-21,MAXIND,MAX INDIA LIMITED,152.87,152.87,149.1,150.1,152.11,73087
2026-08-21,MAYURUNIQ,MAYUR UNIQUOTERS LTD,768.9,768.9,752.95,757.1,776.05,58580
2026-08-21,MAZDOCK,MAZAGON DOCK SHIPBUIL LTD,2570.0,2596.0,2542.0,2552.0,2570.0,486643
2026-08-21,MBLINFRA,MBL INFRASTRUCTURE LTD,24.0,24.6,23.15,23.6,24.01,12411
2026-08-21,MCLEODRUSS,MCLEOD RUSSEL INDIA LTD.,51.7,51.7,48.55,49.31,49.95,447824
2026-08-21,MEDIASSIST,MEDI ASSIST HEALTH SER L,358.0,369.8,357.85,360.75,355.9,223416
2026-08-21,MEDICAPQ,MEDI CAPS LTD.,25.28,25.28,24.15,25.2,25.28,1682
2026-08-21,MMWL,MEDIA MATRIX WORLDWIDE L,14.4,14.75,13.51,14.75,14.05,52393
2026-08-21,MEDICAMEQ,MEDICAMEN BIOTECH LIMITED,244.0,249.0,238.81,244.55,243.75,32783
2026-08-21,MEDICO,MEDICO REMEDIES LIMITED,42.07,43.64,41.45,42.65,42.07,209776
2026-08-21,MEDPLUS,MEDPLUS HEALTH SERV LTD,663.1,693.1,654.9,689.55,656.3,287408
2026-08-21,MEESHO,MEESHO LIMITED,210.99,210.99,204.33,205.69,209.51,14167389
2026-08-21,MEGASTAR,MEGASTAR FOODS LIMITED,310.4,310.5,304.05,305.7,312.4,1405
2026-08-21,MOL,MEGHMANI ORGANICS LIMITED,61.75,61.75,59.67,60.26,61.43,1030822
2026-08-21,MIIL,MEGHNA INFRACON INFRA L,716.95,719.25,698.6,704.6,704.95,162764
2026-08-21,MENNPIS,MENON PISTONS LTD.,71.55,72.29,70.25,70.6,71.73,49867
2026-08-21,MERCANTILE,MERCANTILE VENTURES LTD.,23.6,25.97,23.6,24.05,24.49,1661
2026-08-21,MERCURYEV,MERCURY EV-TECH LIMITED,41.5,41.5,39.05,39.71,39.47,281793
2026-08-21,METROBRAND,METRO BRANDS LIMITED,914.3,922.3,903.6,912.5,914.3,55473
2026-08-21,METROGLOBL,METROGLOBAL LTD.,143.96,146.7,137.26,140.98,145.41,2589
2026-08-21,METROPOLIS,METROPOLIS HEALTHCARE LTD,544.85,560.95,539.05,556.95,540.8,474638
2026-08-21,MIDWESTLTD,MIDWEST LIMITED,1147.9,1158.7,1130.1,1141.0,1154.0,17201
2026-08-21,MLKFOOD,MILKFOOD LTD.,84.01,92.0,84.0,90.2,87.01,27578
2026-08-21,MILKYMIST,MILKY MIST DAIRY FOOD L,190.0,194.7,183.51,189.22,184.89,32756478
2026-08-21,MINALIND,MINAL INDUSTRIES LTD.,3.09,3.18,3.09,3.18,2.65,148926
2026-08-21,MINDACORP,MINDA CORPORATION LTD,740.95,747.95,725.35,727.85,743.3,212747
2026-08-21,MINDTECK,MINDTECK (INDIA) LIMITED,172.95,175.1,170.49,171.27,174.14,26266
2026-08-21,ALPHAETF,MIRAEAMC - ALPHAETF,26.69,26.77,26.65,26.71,26.57,459454
2026-08-21,BANKETF,MIRAEAMC - BANKETF,601.3,601.3,586.33,588.22,586.64,136398
2026-08-21,BANKPSU,MIRAEAMC - BANKPSU,86.85,87.1,86.5,86.59,86.86,10717
2026-08-21,CONSUMER,MIRAEAMC - CONSUMER,12.36,12.37,12.27,12.28,12.31,2611053
2026-08-21,DEFENCE,MIRAEAMC - DEFENCE,82.72,83.35,82.1,82.64,82.31,324854
2026-08-21,DIVIDEND,MIRAEAMC - DIVIDEND,35.85,35.85,35.59,35.63,35.68,2620
2026-08-21,ENERGY,MIRAEAMC - ENERGY,38.47,38.65,38.36,38.42,38.35,552402
2026-08-21,EQUAL200,MIRAEAMC - EQUAL200,13.99,14.01,13.96,13.97,13.99,4704
2026-08-21,EQUAL50,MIRAEAMC - EQUAL50,334.04,334.99,334.04,334.94,333.96,3702
2026-08-21,EVINDIA,MIRAEAMC - EVINDIA,33.92,34.09,33.6,33.67,33.91,230242
2026-08-21,HEALTHCARE,MIRAEAMC - HEALTHCARE,21.61,21.61,21.35,21.43,21.51,49553
2026-08-21,HYBRIDETF,MIRAEAMC - HYBRIDETF,10.11,10.12,10.07,10.07,10.11,80114
2026-08-21,INFRA,MIRAEAMC - INFRA,12.16,12.2,12.13,12.18,12.16,12875
2026-08-21,INTERNET,MIRAEAMC - INTERNET,14.7,14.8,14.49,14.58,14.51,187493
2026-08-21,ITETF,MIRAEAMC - ITETF,32.5,32.54,32.18,32.29,32.52,293312
2026-08-21,LARGEMID50,MIRAEAMC - LARGEMID50,36.83,36.83,36.75,36.83,36.9,1173
2026-08-21,LIQUID,MIRAEAMC - LIQUID,1000.0,1000.0,999.99,999.99,999.99,78873
2026-08-21,LIQUIDPLUS,MIRAEAMC - LIQUIDPLUS,1100.07,1100.09,1100.07,1100.08,1099.63,842554
2026-08-21,ESG,MIRAEAMC - MAESGETF,41.8,41.86,41.67,41.71,41.8,4316
2026-08-21,MAFANG,MIRAEAMC - MAFANG,206.78,206.78,206.78,206.78,205.4,71981
2026-08-21,BFSI,MIRAEAMC - MAFSETF,27.71,27.71,27.24,27.31,27.24,188708
2026-08-21,GOLDETF,MIRAEAMC - MAGOLDETF,152.15,155.22,152.15,154.35,151.29,3353878
2026-08-21,GSEC10YEAR,MIRAEAMC - MAGS813ETF,30.6,30.67,30.39,30.39,30.45,4530
2026-08-21,MAHKTECH,MIRAEAMC - MAHKTECH,23.1,23.1,23.1,23.1,23.22,206367
2026-08-21,MIDCAPETF,MIRAEAMC - MAM150ETF,23.74,24.2,23.74,23.94,23.95,2636491
2026-08-21,MAKEINDIA,MIRAEAMC - MAMFGETF,168.24,168.4,167.33,167.76,167.92,69445
2026-08-21,NIFTYETF,MIRAEAMC - MAN50ETF,264.01,264.45,257.4,264.18,264.01,948031
2026-08-21,LOWVOL,MIRAEAMC - MANV30F,208.21,208.29,207.92,207.92,208.53,900
2026-08-21,NEXT50,MIRAEAMC - MANXT50,765.81,766.47,761.66,763.78,765.81,34979
2026-08-21,SILVERAG,MIRAEAMC - MASILVER,234.01,238.28,233.92,237.28,229.65,324538
2026-08-21,MASPTOP50,MIRAEAMC - MASPTOP50,80.43,80.43,80.28,80.43,80.28,100808
2026-08-21,METAL,MIRAEAMC - METAL,13.47,13.47,13.01,13.29,13.15,2406468
2026-08-21,MIDSMALL,MIRAEAMC - MIDSMALL,52.25,52.43,52.04,52.29,52.18,175690
2026-08-21,MOMMIDCAP,MIRAEAMC - MOMMIDCAP,13.29,13.29,13.0,13.08,13.03,1136838
2026-08-21,MULTICAP,MIRAEAMC - MULTICAP,17.23,17.23,16.85,16.9,16.89,586212
2026-08-21,SELECTIPO,MIRAEAMC - SELECTIPO,48.82,48.95,48.71,48.84,48.8,46036
2026-08-21,SENSEXETF,MIRAEAMC - SENSEXETF,81.5,81.5,79.99,80.18,80.06,10512
2026-08-21,SMALL250,MIRAEAMC - SMALL250,18.47,18.53,18.41,18.47,18.39,524809
2026-08-21,SMALLCAP,MIRAEAMC - SMALLCAP,48.71,49.01,48.66,48.82,48.61,1136598
2026-08-21,TOP20,MIRAEAMC - TOP20,9.04,9.04,8.99,9.0,9.02,68410
2026-08-21,VALUE,MIRAEAMC - VALUE,16.08,16.16,16.07,16.13,16.09,31891
2026-08-21,MIRZAINT,MIRZA INTERNATIONAL LIMIT,31.07,31.6,31.06,31.3,31.07,112020
2026-08-21,MIDHANI,MISHRA DHATU NIGAM LTD,421.1,431.45,419.55,423.95,420.5,697802
2026-08-21,MITTAL,MITTAL LIFE STYLE LIMITED,0.9,0.92,0.88,0.88,0.9,721273
2026-08-21,MMFL,MM FORGINGS LTD,638.0,664.0,633.2,652.6,638.95,164537
2026-08-21,MMP,MMP INDUSTRIES LIMITED,407.0,429.95,400.0,401.9,406.35,198333
2026-08-21,MMTC,MMTC LIMITED,66.6,67.49,64.61,65.38,66.27,4097244
2026-08-21,MODTHREAD,MODERN THREADS INDIA LTD,53.0,59.54,53.0,58.31,53.9,40834
2026-08-21,MODIRUBBER,MODI RUBBER LTD,119.0,144.0,117.8,134.24,120.07,40792
2026-08-21,MODIS,MODIS NAVNIRMAN LTD,400.0,404.45,377.5,383.15,402.7,142116
2026-08-21,MOHITIND,MOHIT INDUSTRIES LTD,24.9,24.94,23.61,24.04,24.5,29183
2026-08-21,MOHITE,MOHITE INDUSTRIES LTD.,2.35,2.65,2.35,2.52,2.52,17119
2026-08-21,MOIL,MOIL LIMITED,252.5,258.7,251.45,252.85,252.75,1065551
2026-08-21,MOKSH,MOKSH ORNAMENTS LIMITED,10.55,10.69,10.35,10.58,10.3,33425
2026-08-21,MOLBIO,MOLBIO DIAGNOSTICS LTD,1047.05,1118.4,1041.2,1098.45,1036.65,3642177
2026-08-21,MOLDTKPAC,MOLD-TEK PACKAGING LTD,689.0,720.0,676.0,708.95,682.4,343104
2026-08-21,MONARCH,MONARCH NETWORTH CAP LTD,394.0,396.85,341.85,385.45,391.85,104366
2026-08-21,MONEYBOXX,MONEYBOXX FINANCE LIMITED,56.3,56.3,54.3,55.15,55.0,3180
2026-08-21,MONTECARLO,MONTE CARLO FASHIONS LTD.,542.1,550.0,538.6,547.85,541.5,34426
2026-08-21,MOREPENLAB,MOREPEN LAB. LTD,95.3,97.48,92.18,96.01,96.47,25573014
2026-08-21,MOSCHIP,MOSCHIP TECHNOLOGIES LTD,207.75,207.9,204.5,204.89,206.31,737759
2026-08-21,MSUMI,MOTHERSON SUMI WRNG IND L,39.18,39.27,38.15,38.36,39.18,16060751
2026-08-21,MOM100,MOTILAL OS MIDCAP100 ETF,70.2,70.2,68.15,68.81,68.8,196325
2026-08-21,MON100,MOTILAL OS NASDAQ100 ETF,330.51,330.51,330.0,330.51,330.99,346898
2026-08-21,MOTILALOFS,MOTILAL OSWAL FIN LTD,974.0,1004.0,968.55,990.0,973.4,1852541
2026-08-21,MOM50,MOTILAL OSWAL M50 ETF,257.0,257.0,252.69,253.33,254.62,5299
2026-08-21,MOGSEC,MOTILALAMC - G5,65.21,65.69,65.04,65.34,65.2,57213
2026-08-21,MOALPHA50,MOTILALAMC - MOALPHA50,55.9,56.27,55.84,56.23,55.3,18528
2026-08-21,MOBANK10,MOTILALAMC - MOBANK10,17.0,17.05,16.93,16.99,16.95,1950
2026-08-21,MOCAPITAL,MOTILALAMC - MOCAPITAL,54.97,54.97,54.08,54.44,54.14,891240
2026-08-21,MODEFENCE,MOTILALAMC - MODEFENCE,109.9,109.9,106.33,108.1,107.43,1083824
2026-08-21,MOENERGY,MOTILALAMC - MOENERGY,38.35,38.73,38.0,38.36,38.33,307212
2026-08-21,MOGOLD,MOTILALAMC - MOGOLD,156.85,157.5,155.0,157.05,153.85,39306
2026-08-21,MOHEALTH,MOTILALAMC - MOHEALTH,50.53,52.08,50.53,51.4,51.56,39161
2026-08-21,MOINFRA,MOTILALAMC - MOINFRA,59.42,59.67,59.32,59.6,59.25,4897
2026-08-21,MOIPO,MOTILALAMC - MOIPO,48.99,49.13,48.73,49.08,48.97,2367
2026-08-21,MOLOWVOL,MOTILALAMC - MOLOWVOL,36.83,36.94,36.62,36.81,36.87,5576
2026-08-21,MOMENTUM50,MOTILALAMC - MOMENTUM50,54.23,54.38,54.07,54.21,54.07,257420
2026-08-21,MOMETAL,MOTILALAMC - MOMETAL,13.21,13.22,13.16,13.19,13.08,5069
2026-08-21,MOMGF,MOTILALAMC - MOMGF,165.25,167.0,164.0,165.19,165.18,879
2026-08-21,MOMIDMTM,MOTILALAMC - MOMIDMTM,65.14,65.14,64.52,64.74,64.48,47272
2026-08-21,MOMNC,MOTILALAMC - MOMNC,33.2,33.36,33.0,33.26,33.26,1583
2026-08-21,MOMOMENTUM,MOTILALAMC - MOMOMENTUM,62.48,62.79,62.26,62.4,62.27,41732
2026-08-21,MON50EQUAL,MOTILALAMC - MON50EQUAL,33.64,36.0,33.6,33.64,33.64,6733
2026-08-21,MONEXT50,MOTILALAMC - MONEXT50,74.13,74.22,73.84,73.98,74.34,2448
2026-08-21,MONIFTY100,MOTILALAMC - MONIFTY100,25.61,25.64,25.42,25.51,25.61,31915
2026-08-21,MONIFTY500,MOTILALAMC - MONIFTY500,24.67,24.67,23.88,23.93,24.07,1129670
2026-08-21,MONQ50,MOTILALAMC - MONQ50,148.77,148.77,148.77,148.77,148.77,31510
2026-08-21,MOOILGAS,MOTILALAMC - MOOILGAS,11.48,11.48,11.12,11.12,11.21,7663
2026-08-21,MOPSE,MOTILALAMC - MOPSE,99.46,100.36,99.28,99.34,99.51,1472
2026-08-21,MOQUALITY,MOTILALAMC - MOQUALITY,202.88,203.67,202.88,203.56,203.71,886
2026-08-21,MOREALTY,MOTILALAMC - MOREALTY,91.19,92.15,90.89,91.21,91.19,457051
2026-08-21,MOSERVICE,MOTILALAMC - MOSERVICE,31.07,31.24,31.05,31.18,31.07,4816
2026-08-21,MOSILVER,MOTILALAMC - MOSILVER,235.0,241.84,235.0,240.01,232.43,78649
2026-08-21,MOSMALL250,MOTILALAMC - MOSMALL250,18.94,18.94,18.46,18.49,18.48,814995
2026-08-21,MOTOUR,MOTILALAMC - MOTOUR,79.93,80.28,79.05,79.3,79.59,64173
2026-08-21,MOVALUE,MOTILALAMC - MOVALUE,113.45,113.65,112.7,112.88,112.93,47643
2026-08-21,MOTISONS,MOTISONS JEWELLERS LTD,16.74,17.25,16.6,17.0,16.59,84484477
2026-08-21,MPDL,MPDL LTD.,39.99,41.18,39.2,41.18,34.32,14902
2026-08-21,MPHASIS,MPHASIS LIMITED,2432.0,2436.7,2386.4,2430.0,2430.0,241512
2026-08-21,MPSLTD,MPS LIMITED,2929.0,2939.0,2873.4,2897.9,2917.4,15859
2026-08-21,MRF,MRF LTD,134100.0,134195.0,132420.0,132665.0,134000.0,2811
2026-08-21,MRPL,MRPL,174.5,177.18,173.75,176.81,173.98,6539923
2026-08-21,BECTORFOOD,MRS BECTORS FOOD SPE LTD,258.02,262.99,254.0,254.83,258.02,1156489
2026-08-21,MSPL,MSP STEEL & POWER LTD.,33.51,34.64,33.51,34.3,33.96,459346
2026-08-21,MSTCLTD,MSTC LIMITED,694.0,708.2,689.25,701.45,692.35,224626
2026-08-21,MUFIN,MUFIN GREEN FINANCE LTD,139.98,141.5,138.41,139.49,139.51,1587644
2026-08-21,MUKANDLTD,MUKAND LTD.,137.6,139.67,135.61,137.21,136.96,104356
2026-08-21,MUKESHB,MUKESH BABU FINANC SER L,144.0,145.0,144.0,144.5,144.14,19
2026-08-21,MUKKA,MUKKA PROTEINS LIMITED,26.48,27.09,26.14,26.59,26.29,446467
2026-08-21,MCX,MULTI COMMODITY EXCHANGE,3145.1,3211.4,3132.0,3185.0,3126.0,3473999
2026-08-21,MUNJALAU,MUNJAL AUTO IND. LTD.,115.71,118.67,114.09,115.35,115.13,836305
2026-08-21,MUNJALSHOW,MUNJAL SHOWA LTD,133.01,133.5,130.5,131.02,132.67,27721
2026-08-21,MURUDCERA,MURUDESHWAR CERAMICS LTD,30.37,31.14,30.25,30.47,30.37,16473
2026-08-21,RADIOCITY,MUSIC BROADCAST LIMITED,6.66,6.94,6.66,6.69,6.69,122614
2026-08-21,MUTHOOTCAP,MUTHOOT CAP SERV LTD,257.3,257.3,250.0,251.94,252.76,6059
2026-08-21,MUTHOOTFIN,MUTHOOT FINANCE LIMITED,3009.6,3055.1,2995.0,3022.0,2970.0,1362004
2026-08-21,MUTHOOTMF,MUTHOOT MICROFIN LIMITED,214.0,216.69,210.0,210.87,213.21,261749
2026-08-21,MVELECTRO,MV ELECTROSYSTEMS LIMITED,569.9,594.1,567.5,591.15,568.3,903580
2026-08-21,MYSORPETRO,MYSORE PETRO CHEMICALS L,174.0,182.03,161.21,166.11,165.49,358902
2026-08-21,NRAIL,N R AGARWAL INDS LTD,505.0,505.0,499.05,503.85,503.6,3736
2026-08-21,NTCIND,N T C INDUSTRIES LTD.,145.0,145.0,136.0,140.0,139.66,665
2026-08-21,NBIFIN,N.B.I. IND. FIN. CO. LTD,2042.1,2042.1,1920.0,1964.9,2002.0,364
2026-08-21,NACLIND,NACL INDUSTRIES LIMITED,171.25,173.0,168.1,169.97,170.1,357595
2026-08-21,NDGL,NAGA DHUNSERI GROUP LTD,2769.5,2769.5,2665.0,2726.0,2712.0,48
2026-08-21,NAGREEKCAP,NAGREEKA CAP & INFR.LTD,22.38,24.0,22.38,22.7,22.99,4852
2026-08-21,NAGREEKEXP,NAGREEKA EXPORTS LTD.,22.66,23.33,22.25,22.41,22.81,151952
2026-08-21,NAHARCAP,NAHAR CAP & FIN.,256.0,261.79,252.3,255.09,255.09,4151
2026-08-21,NAHARINDUS,NAHAR INDS ENT LTD,117.94,129.0,117.94,125.61,117.95,160812
2026-08-21,NAHARPOLY,NAHAR POLY FILMS LIMITED,238.5,240.0,234.7,238.75,233.85,5364
2026-08-21,NAHARSPING,NAHAR SPINNING MILLS LTD.,293.0,301.35,293.0,299.8,292.15,27203
2026-08-21,NSIL,NALWA SONS INVESTMENT LTD,5638.0,5640.0,5540.5,5587.0,5631.0,2255
2026-08-21,NDL,NANDAN DENIM LIMITED,2.28,2.71,2.25,2.71,2.26,5991494
2026-08-21,JAIPURKURT,NANDANI CREATION LIMITED,27.85,27.85,26.52,26.86,27.26,10010
2026-08-21,NH,NARAYANA HRUDAYALAYA LTD.,1809.0,1825.0,1803.4,1815.8,1799.3,218852
2026-08-21,NARMADA,NARMADA AGROBASE LIMITED,14.5,14.7,13.25,13.91,14.42,1294820
2026-08-21,NATCOPHARM,NATCO PHARMA LTD.,879.3,900.0,879.0,882.4,877.5,363713
2026-08-21,NATHBIOGEN,NATH BIO-GENES (I) LTD,155.0,155.77,151.15,153.09,153.93,5435
2026-08-21,NATIONALUM,NATIONAL ALUMINIUM CO LTD,388.0,397.5,384.6,394.45,385.6,6393431
2026-08-21,NFL,NATIONAL FERT. LTD,70.3,71.1,70.01,70.3,70.3,463918
2026-08-21,NATIONSTD,NATIONAL STAND (INDIA) L,128.0,140.34,126.98,126.98,133.66,464929
2026-08-21,NATCAPSUQ,NATURAL CAPSULES LIMITED,151.55,159.28,150.5,151.88,151.4,23557
2026-08-21,NAVA,NAVA LIMITED,556.8,566.0,553.0,558.95,556.75,180660
2026-08-21,NAVINFLUOR,NAVIN FLUORINE INT. LTD,8301.5,8425.0,8140.5,8206.5,8256.0,135441
2026-08-21,NAVKARCORP,NAVKAR CORPORATION LTD.,96.94,97.78,96.7,97.04,96.88,213890
2026-08-21,NAVNETEDUL,NAVNEET EDUCATION LTD,133.79,134.55,133.0,133.62,133.79,40747
2026-08-21,NAZARA,NAZARA TECHNOLOGIES LTD,358.95,359.0,353.0,354.35,357.5,567746
2026-08-21,NBCC,NBCC (INDIA) LIMITED,88.79,89.63,88.42,88.88,88.25,5375979
2026-08-21,NCC,NCC LIMITED,140.0,151.42,140.0,149.56,140.07,20823822
2026-08-21,NCLIND,NCL INDUSTRIES LIMITED,172.25,174.73,172.25,174.0,174.05,22928
2026-08-21,NDLVENTURE,NDL VENTURES LIMITED,121.48,121.5,116.39,119.04,119.01,8492
2026-08-21,NDRAUTO,NDR AUTO COMPONENTS LTD,775.0,780.05,750.0,756.1,773.8,21765
2026-08-21,NDTV,NDTV LTD,75.5,76.79,75.06,75.49,75.5,70781
2026-08-21,NECLIFE,NECTAR LIFESCIENCES LTD.,10.21,10.9,10.05,10.47,10.29,322009
2026-08-21,NEAGI,NEELAMALAI AGRO INDS. L,3305.0,3305.0,3305.0,3305.0,3303.3,5
2026-08-21,NELCAST,NELCAST LIMITED,116.64,118.36,115.0,117.81,116.63,179165
2026-08-21,NELCO,NELCO LTD,909.9,915.0,895.6,906.7,912.0,140670
2026-08-21,NEOGEN,NEOGEN CHEMICALS LIMITED,2259.2,2283.9,2190.1,2230.1,2259.1,161327
2026-08-21,NEPHROPLUS,NEPHROCARE HEALTH SERV L,681.25,695.85,673.0,694.1,674.15,155681
2026-08-21,NESCO,NESCO LTD.,1040.0,1043.9,1030.3,1035.8,1032.6,16295
2026-08-21,NESTLEIND,NESTLE INDIA LIMITED,1465.0,1485.4,1449.0,1477.1,1458.0,2679922
2026-08-21,NETWEB,NETWEB TECH INDIA LTD,5400.0,5674.8,5360.0,5601.0,5419.8,4267482
2026-08-21,NPST,NETWORK PEOPLE SRV TECH L,1607.4,1615.0,1581.0,1588.5,1606.9,8572
2026-08-21,NETWORK18,NETWORK18 MEDIA & INV LTD,30.69,30.71,29.8,29.86,30.59,4656117
2026-08-21,NEULANDLAB,NEULAND LAB LTD.,23669.0,23669.0,23180.0,23301.0,23568.0,29207
2026-08-21,NEWGEN,NEWGEN SOFTWARE TECH LTD,527.0,529.7,520.85,522.7,527.35,364661
2026-08-21,NEXTMEDIA,NEXT MEDIAWORKS LIMITED,3.74,3.97,3.67,3.91,3.74,4931
2026-08-21,NGLFINE,NGL FINE CHEM LIMITED,3051.0,3051.0,2911.0,2947.7,3033.3,6220
2026-08-21,NHPC,NHPC LTD,76.3,77.1,75.95,76.15,76.35,7599544
2026-08-21,NIBE,NIBE LIMITED,1529.5,1544.8,1472.0,1490.8,1503.6,92609
2026-08-21,NICCOPAR,NICCO PARKS & RESORTS LTD,80.9,80.9,77.21,79.99,79.85,2179
2026-08-21,NIITMTS,NIIT LEARNING SYSTEMS LTD,231.7,234.65,228.0,228.8,231.46,100868
2026-08-21,NIITLTD,NIIT LIMITED,92.45,94.0,92.4,93.62,92.58,182855
2026-08-21,NILAINFRA,NILA INFRASTRUCTURES LTD,7.0,7.06,6.96,6.98,6.96,107406
2026-08-21,NILASPACES,NILA SPACES LIMITED,12.65,13.35,12.51,13.08,12.77,1293044
2026-08-21,NILE,NILE LTD.,1510.2,1545.0,1502.1,1516.4,1529.5,3286
2026-08-21,NILKAMAL,NILKAMAL LIMITED,2011.0,2064.4,2005.0,2053.6,2043.7,36610
2026-08-21,NIMBSPROJ,NIMBUS PROJECTS LIMITED,175.0,184.0,173.51,176.0,180.0,101268
2026-08-21,NINSYS,NINTEC SYSTEMS LIMITED,716.0,726.0,705.0,715.2,729.2,7156
2026-08-21,BANKBEES,NIP IND ETF BANK BEES,597.84,598.74,595.46,597.76,596.06,531158
2026-08-21,CONSUMBEES,NIP IND ETF CONSUMPTION,135.51,135.51,133.65,133.98,134.55,65923
2026-08-21,DIVOPPBEES,NIP IND ETF DIV OPP,78.23,78.23,77.42,77.67,77.8,28706
2026-08-21,NV20BEES,NIP IND ETF ETF NV20,139.66,140.3,139.17,139.76,139.6,12244
2026-08-21,GOLDBEES,NIP IND ETF GOLD BEES,130.14,131.93,129.82,131.32,128.88,46291317
2026-08-21,HNGSNGBEES,NIP IND ETF HANGSENG BEES,481.33,486.14,480.55,483.23,481.33,77014
2026-08-21,INFRABEES,NIP IND ETF INFRA BEES,968.01,976.0,964.53,969.57,968.01,3996
2026-08-21,ITBEES,NIP IND ETF IT,34.6,34.6,33.71,33.87,34.07,4778867
2026-08-21,JUNIORBEES,NIP IND ETF JUNIOR BEES,800.56,805.39,799.09,800.27,803.11,277039
2026-08-21,LIQUIDBEES,NIP IND ETF LIQUID BEES,1000.0,1000.01,999.99,999.99,999.99,3042098
2026-08-21,LTGILTBEES,NIP IND ETF LONGTERM GILT,29.98,30.05,29.92,29.98,29.98,1039938
2026-08-21,MID150BEES,NIP IND ETF MIDCAP 150,242.8,246.05,241.34,242.3,242.3,441625
2026-08-21,NIF100BEES,NIP IND ETF NIFTY 100,268.82,270.1,268.82,269.9,269.46,12348
2026-08-21,NIFTYBEES,NIP IND ETF NIFTY BEES,276.57,277.38,276.12,276.76,276.57,4364104
2026-08-21,PSUBNKBEES,NIP IND ETF PSU BANK BEES,95.53,97.48,95.53,95.82,96.28,779941
2026-08-21,SHARIABEES,NIP IND ETF SHARIAH BEES,459.13,465.73,456.64,459.36,460.85,5359
2026-08-21,NAM-INDIA,NIPPON L I A M LTD,1233.0,1262.3,1226.1,1251.0,1232.5,1545229
2026-08-21,LIQGRWBEES,NIPPONAMC - LIQGRWBEES,1052.72,1052.74,1052.72,1052.73,1052.33,440713
2026-08-21,MANUFGBEES,NIPPONAMC - MANUFGBEES,166.62,166.7,165.07,165.93,166.58,4598
2026-08-21,AUTOBEES,NIPPONAMC - NETFAUTO,303.78,304.26,301.0,301.46,303.77,144898
2026-08-21,PHARMABEES,NIPPONAMC - NETFPHARMA,27.19,27.39,26.94,27.08,27.19,4657058
2026-08-21,SILVERBEES,NIPPONAMC - NETFSILVER,229.65,234.28,229.65,232.92,225.43,43131864
2026-08-21,SNXT30BEES,NIPPONAMC - SNXT30BEES,43.45,43.48,43.15,43.28,43.43,4727
2026-08-21,NIRAJ,NIRAJ CEMENT STRUC LTD,27.71,29.89,27.62,27.92,28.05,130706
2026-08-21,NIRLON,NIRLON LTD,631.0,632.0,623.0,624.75,624.6,3497
2026-08-21,NITCO,NITCO LIMITED,89.99,95.0,89.99,93.36,89.61,471906
2026-08-21,NITINSPIN,NITIN SPINNERS LIMITED,589.0,596.55,581.1,588.45,586.05,57713
2026-08-21,NITIRAJ,NITIRAJ ENGINEERS LTD,209.95,209.95,195.12,198.91,204.44,819
2026-08-21,NITTAGELA,NITTA GELATIN INDIA LTD.,1565.0,1590.0,1554.2,1584.6,1577.6,2281
2026-08-21,NIVABUPA,NIVA BUPA HEALTH INS CO L,80.08,83.1,80.08,82.62,82.88,2129738
2026-08-21,NKIND,NK INDUSTRIES LTD,60.0,67.92,58.1,67.62,56.6,327876
2026-08-21,NLCINDIA,NLC INDIA LIMITED,272.8,274.8,269.0,269.8,272.05,1016719
2026-08-21,NMDC,NMDC LTD.,84.19,85.43,83.49,84.61,83.95,18876961
2026-08-21,NSLNISP,NMDC STEEL LIMITED,39.6,40.28,39.45,39.79,39.52,3902434
2026-08-21,NOCIL,NOCIL LIMITED,162.0,170.0,161.55,167.02,161.66,698028
2026-08-21,NORBTEAEXP,NORBEN TEA & EXPORTS LTD,70.6,70.6,67.03,69.44,67.73,1048
2026-08-21,NORTHARC,NORTHERN ARC CAPITAL LTD,292.6,297.9,286.5,288.35,292.6,760552
2026-08-21,NOVARTIND,NOVARTIS INDIA LIMITED,1485.0,1510.0,1402.0,1418.9,1482.2,29213
2026-08-21,NRBBEARING,NRB BEARING LIMITED,483.2,494.0,482.0,486.1,483.2,333365
2026-08-21,NIBL,NRB INDUS. BEARINGS LTD.,32.88,32.88,30.5,31.08,31.78,25595
2026-08-21,NTPCGREEN,NTPC GREEN ENERGY LIMITED,91.8,92.58,91.21,91.43,91.88,1482335
2026-08-21,NTPC,NTPC LTD,337.0,342.85,337.0,340.0,337.5,6534716
2026-08-21,NUCLEUS,NUCLEUS SOFTWARE EXPORTS,733.3,742.9,730.65,740.4,736.6,34231
2026-08-21,NUVAMA,NUVAMA WEALTH MANAGE LTD,1720.0,1753.2,1702.1,1743.6,1727.9,240147
2026-08-21,NUVOCO,NUVOCO VISTAS CORP LTD,320.2,324.9,319.3,322.05,321.7,163739
2026-08-21,OBCL,OBCL LIMITED,54.99,54.99,54.25,54.25,54.2,9488
2026-08-21,OBEROIRLTY,OBEROI REALTY LIMITED,1904.8,1918.1,1883.4,1886.0,1904.7,323704
2026-08-21,ODIGMA,ODIGMA CONSULTANCY SOL L,22.27,22.88,22.2,22.51,22.26,8565
2026-08-21,ODYCORP,ODYSSEY CORPORATION LTD.,7.2,7.7,7.1,7.49,7.23,37827
2026-08-21,ONGC,OIL AND NATURAL GAS CORP.,238.7,239.22,236.4,236.4,238.5,13313403
2026-08-21,OIL,OIL INDIA LTD,480.9,482.0,475.0,475.0,480.9,1163337
2026-08-21,OLAELEC,OLA ELECTRIC MOBILITY LTD,37.82,38.15,37.51,37.73,37.82,13595383
2026-08-21,OLECTRA,OLECTRA GREENTECH LIMITED,1297.9,1353.0,1297.6,1318.4,1291.2,863935
2026-08-21,OMINFRAL,OM INFRA LIMITED,84.4,85.46,83.9,84.13,84.67,56823
2026-08-21,OMPOWER,OM POWER TRANSMISSION LTD,162.7,165.01,161.4,163.09,162.7,70377
2026-08-21,OMAXAUTO,OMAX AUTOS LTD,195.0,199.49,194.05,196.3,199.74,32327
2026-08-21,OMAXE,OMAXE LIMITED,102.03,105.0,101.13,102.55,103.16,1084331
2026-08-21,OMNI,OMNITECH ENGINEERING LTD,574.45,583.95,573.0,581.0,574.0,376294
2026-08-21,PAYTM,ONE 97 COMMUNICATIONS LTD,1603.3,1638.4,1598.0,1632.0,1603.6,5129938
2026-08-21,ONEGLOBAL,ONE GLOBAL SERVICE PROV L,570.0,580.0,535.9,555.1,564.1,15288
2026-08-21,MOBIKWIK,ONE MOBIKWIK SYSTEMS LTD,196.5,198.9,195.8,196.81,195.66,511657
2026-08-21,ONEPOINT,ONE POINT ONE SOL LTD,57.0,57.0,55.86,56.17,56.61,302318
2026-08-21,KISSHT,ONEMI TECHNOLOGY SOL LTD,303.0,315.5,302.55,310.95,302.65,1628613
2026-08-21,ONESOURCE,ONESOURCE SPECL PHARMA L,1539.5,1548.7,1525.9,1535.0,1534.5,50188
2026-08-21,ONIDA,ONIDA ELECTRONICS LIMITED,36.55,37.3,35.26,35.66,36.67,392415
2026-08-21,ONIXSOLAR,ONIX SOLAR ENERGY LTD.,305.9,305.9,305.9,305.9,321.95,11633
2026-08-21,ONWARDTEC,ONWARD TECHNOLOGIES LTD,292.5,292.75,284.5,285.5,292.25,30705
2026-08-21,OPTIEMUS,OPTIEMUS INFRACOM LTD,551.75,558.85,537.4,540.2,551.75,95137
2026-08-21,OPTIFIN,OPTIMUS FINANCE LTD.,11.81,12.98,11.71,12.4,12.06,48318
2026-08-21,OFSS,ORACLE FIN SERV SOFT LTD.,11850.0,11870.0,11650.0,11724.0,11826.0,110088
2026-08-21,ORCHASP,ORCHASP LIMITED,1.39,1.43,1.37,1.41,1.36,196261
2026-08-21,ORCHPHARMA,ORCHID PHARMA LIMITED,988.45,1026.0,974.25,1002.05,980.05,106269
2026-08-21,ORICONENT,ORICON ENTERPRISES LTD,58.12,58.12,56.11,56.95,58.12,119767
2026-08-21,ORIENTBELL,ORIENT BELL LIMITED,339.2,365.0,337.0,359.45,339.2,45976
2026-08-21,ORIENTCEM,ORIENT CEMENT LTD.,130.84,133.35,130.0,131.52,130.86,322984
2026-08-21,ORIENTCER,ORIENT CERATECH LIMITED,47.79,48.24,45.0,45.63,46.73,170420
2026-08-21,ORIENTELEC,ORIENT ELECTRIC LIMITED,185.95,186.99,183.66,185.08,186.03,122376
2026-08-21,GREENPOWER,ORIENT GREEN POWER CO LTD,9.5,9.85,9.45,9.48,9.54,2218705
2026-08-21,ORIENTHOT,ORIENT HOTELS LTD,136.61,139.9,132.55,138.67,137.29,1101229
2026-08-21,ORIENTPPR,ORIENT PAPER AND INDS LTD,17.03,17.61,16.9,17.13,17.1,384840
2026-08-21,ORIENTTECH,ORIENT TECHNOLOGIES LTD,242.4,245.9,240.05,243.65,243.15,144809
2026-08-21,OAL,ORIENTAL AROMATICS LTD,332.15,343.9,332.15,339.85,334.9,4897
2026-08-21,ORIRAIL,ORIENTAL RAIL INFRA L,106.89,124.35,104.25,114.78,103.63,1142227
2026-08-21,ORIENTALTL,ORIENTAL TRIMEX LTD,5.22,5.22,4.9,5.02,5.02,50950
2026-08-21,ORISSAMINE,ORISSA MIN DEV CO LTD,4630.2,4780.0,4574.9,4617.5,4651.5,15103
2026-08-21,ORKLAINDIA,ORKLA INDIA LIMITED,546.65,560.0,546.65,552.2,550.35,60563
2026-08-21,ORTINGLOBE,ORTIN GLOBAL LIMITED,15.95,15.95,15.41,15.89,15.95,2862
2026-08-21,OSWALAGRO,OSWAL AGRO MILLS LTD,37.5,38.07,36.76,36.93,37.57,32976
2026-08-21,OSWALGREEN,OSWAL GREENTECH LIMITED,21.49,21.49,20.8,20.85,21.27,91575
2026-08-21,OSWALPUMPS,OSWAL PUMPS LIMITED,307.9,308.3,299.0,299.6,304.75,466354
2026-08-21,PBMPOLY,P B M POLYTEX LTD.,60.6,60.6,60.3,60.3,60.0,1360
2026-08-21,PNGJL,P N GADGIL JEWELLERS LTD,610.0,618.0,602.0,602.9,609.45,773181
2026-08-21,POEL,P O C L ENTERPRISES LTD.,164.35,168.74,164.35,165.65,163.8,30434
2026-08-21,PGHH,P&G HYGIENE & HEALTH CARE,8249.0,8267.0,8177.5,8189.0,8248.0,7930
2026-08-21,PACEDIGITK,PACE DIGITEK LIMITED,175.45,181.9,174.41,180.69,175.37,1202245
2026-08-21,PACIFICI,PACIFIC INDUSTRIES LTD.,160.0,160.0,140.0,148.71,150.98,3962
2026-08-21,PAGEIND,PAGE INDUSTRIES LTD,35600.0,35750.0,35210.0,35480.0,35505.0,18862
2026-08-21,PAISALO,PAISALO DIGITAL LIMITED,70.0,70.98,69.0,69.79,69.95,5181872
2026-08-21,PAKKA,PAKKA LIMITED,88.65,89.5,83.5,84.52,88.69,190999
2026-08-21,PALASHSECU,PALASH SECURITIES LTD,90.0,91.95,88.26,88.92,88.2,2522
2026-08-21,PANACEABIO,PANACEA BIOTEC LTD,413.65,420.4,403.55,411.1,413.65,126999
2026-08-21,PANAMAPET,PANAMA PETROCHEM LTD,486.1,493.7,483.1,485.2,486.25,221573
2026-08-21,PANCHMAHQ,PANCHMAHAL STEEL LTD.,299.0,309.7,299.0,300.0,299.0,575
2026-08-21,PANORAMA,PANORAMA STUDIOS INTL. L,47.5,47.5,45.34,45.93,45.95,173528
2026-08-21,PANSARI,PANSARI DEVELOPERS LTD,309.4,319.0,305.15,317.55,318.2,678
2026-08-21,PAR,PAR DRUGS AND CHEM LTD,100.6,103.65,100.1,101.33,102.48,4514
2026-08-21,PARADEEP,PARADEEP PHOSPHATES LTD,148.45,150.8,147.71,148.48,148.64,2024899
2026-08-21,PARAGMILK,PARAG MILK FOODS LTD.,208.55,229.9,208.55,225.5,207.94,3610308
2026-08-21,PARACABLES,PARAMOUNT COMM LTD,63.05,63.75,62.2,62.5,63.05,684005
2026-08-21,PARAS,PARAS DEF AND SPCE TECH L,1505.4,1585.0,1482.2,1499.6,1502.0,2339025
2026-08-21,PARASPETRO,PARAS PETROFILS LTD.,2.17,2.25,2.13,2.2,2.17,140202
2026-08-21,PARKHOSPS,PARK MEDI WORLD LIMITED,273.8,275.5,269.25,274.55,272.6,453062
2026-08-21,PARKHOTELS,PARKHOTELS,116.8,117.6,115.0,115.61,116.4,86033
2026-08-21,PARNAXLAB,PARNAX LAB LTD.,128.75,129.5,123.8,127.8,122.09,190
2026-08-21,PASHUPATI,PASHUPATI COTSPIN LIMITED,86.5,88.29,86.5,87.26,86.73,22024
2026-08-21,PATANJALI,PATANJALI FOODS LIMITED,352.3,352.45,345.4,348.0,352.3,1622889
2026-08-21,PATELENG,PATEL ENGINEERING LTD.,28.06,28.48,28.03,28.17,28.14,1574356
2026-08-21,PATELRMART,PATEL RETAIL LIMITED,239.24,240.97,232.1,234.11,232.32,123411
2026-08-21,PML,PAUL MERCHANTS LTD.,485.55,506.95,475.3,488.15,490.5,281
2026-08-21,PAUSHAKLTD,PAUSHAK LIMITED,787.0,787.0,752.3,763.35,787.4,34544
2026-08-21,PAVNAIND,PAVNA INDUSTRIES LIMITED,18.26,19.1,18.26,18.6,18.72,40389
2026-08-21,POLICYBZR,PB FINTECH LIMITED,1782.0,1799.0,1757.0,1795.2,1779.6,534017
2026-08-21,PCJEWELLER,PC JEWELLER LTD,9.62,10.29,9.59,10.22,9.61,336381672
2026-08-21,PCBL,PCBL CHEMICAL LIMITED,320.8,322.95,316.65,317.55,319.85,617380
2026-08-21,PDSL,PDS LIMITED,369.6,373.2,358.85,369.7,370.15,53591
2026-08-21,PGIL,PEARL GLOBAL IND LIMITED,2410.0,2431.6,2355.4,2386.1,2377.6,33126
2026-08-21,PEARLPOLY,PEARL POLYMERS LTD,15.79,16.0,15.65,15.71,16.01,2363
2026-08-21,PENIND,PENNAR INDUSTRIES LTD,164.9,165.9,158.43,158.8,163.29,445363
2026-08-21,PERMAGN,PERMANENT MAGNETS LTD.,864.25,882.4,841.65,864.45,881.55,3685
2026-08-21,PERSISTENT,PERSISTENT SYSTEMS LTD,5685.0,5722.0,5602.0,5667.5,5674.0,355144
2026-08-21,PETRONET,PETRONET LNG LIMITED,289.95,293.5,289.75,293.0,291.4,1700150
2026-08-21,PFIZER,PFIZER LTD,4980.0,5030.0,4930.0,4978.2,4920.0,63975
2026-08-21,PGEL,PG ELECTROPLAST LTD,603.0,610.0,600.1,600.55,602.05,1074160
2026-08-21,PHOENXINTL,PHOENIX INTERNATIONAL LTD,33.4,33.4,31.5,31.6,30.53,1820
2026-08-21,PWL,PHYSICSWALLAH LIMITED,122.89,123.14,120.06,120.83,121.95,5529387
2026-08-21,PIIND,PI INDUSTRIES LTD,2500.0,2511.0,2482.5,2496.8,2482.5,111661
2026-08-21,PICCADIL,PICCADILY AGRO INDUSTRI L,705.5,715.95,698.2,709.8,709.4,160722
2026-08-21,PIDILITIND,PIDILITE INDUSTRIES LTD,1648.5,1664.4,1644.1,1649.0,1660.0,732973
2026-08-21,PILITA,PIL ITALICA LIFESTYLE LTD,8.25,8.28,8.0,8.11,8.2,22883
2026-08-21,PILANIINVS,PILANI INV & IND COR LTD,4310.9,4403.0,4304.1,4356.9,4309.5,1689
2026-08-21,PINELABS,PINE LABS LIMITED,161.0,162.39,156.22,156.91,159.73,21914302
2026-08-21,PIONEEREMB,PIONEER EMBROIDERIES LTD,22.39,22.39,21.68,21.71,21.76,8119
2026-08-21,PIRAMALFIN,PIRAMAL FINANCE LIMITED,2143.7,2218.0,2143.5,2180.8,2128.1,411545
2026-08-21,PPLPHARMA,PIRAMAL PHARMA LIMITED,217.31,220.36,212.92,213.67,216.66,4572601
2026-08-21,PITTIENG,PITTI ENGINEERING LIMITED,1062.65,1062.65,1038.6,1052.2,1051.65,61304
2026-08-21,PIXTRANS,PIX TRANSMISSIONS LIMITED,1817.6,1833.7,1790.0,1809.1,1820.3,12843
2026-08-21,PLASTIBLEN,PLASTIBLENDS INDIA LTD,188.15,196.38,188.01,191.54,188.93,29163
2026-08-21,PLATIND,PLATINUM INDUSTRIES LTD,212.2,217.0,211.31,215.2,211.07,38457
2026-08-21,PLAZACABLE,PLAZA WIRES LIMITED,52.9,53.0,51.41,52.08,52.18,41310
2026-08-21,PNBGILTS,PNB GILTS LIMITED,79.2,79.99,78.45,79.65,79.11,159147
2026-08-21,PNBHOUSING,PNB HOUSING FIN LTD.,1178.5,1189.0,1166.0,1170.3,1175.5,637457
2026-08-21,PNCINFRA,PNC INFRATECH LTD.,209.9,210.85,206.5,206.76,209.34,285825
2026-08-21,PNGSREVA,PNGS REVA DIAMOND JEWEL L,558.95,574.65,543.0,555.8,552.5,217571
2026-08-21,PODDARMENT,PODDAR PIGMENTS LIMITED,251.25,256.0,247.1,249.45,251.1,3839
2026-08-21,POKARNA,POKARNA LIMITED,886.1,991.5,873.0,897.7,889.55,98150
2026-08-21,POLYMED,POLY MEDICURE LIMITED,1771.0,1783.8,1710.0,1719.4,1769.6,96900
2026-08-21,POLYCAB,POLYCAB INDIA LIMITED,9145.0,9175.0,8956.0,8966.0,9125.0,317848
2026-08-21,POLYPLEX,POLYPLEX CORPORATION LTD,1171.0,1205.0,1170.9,1194.1,1170.9,67675
2026-08-21,POLYSPIN,POLYSPIN EXPORTS LTD.,31.58,31.58,28.0,30.97,29.29,635
2026-08-21,POCL,PONDY OXIDES & CHEM LTD,503.0,506.9,497.05,502.45,503.25,314156
2026-08-21,PONNIERODE,PONNIE SUGARS (ERODE) LTD,400.0,424.0,393.55,419.55,421.35,146795
2026-08-21,POONAWALLA,POONAWALLA FINCORP LTD,495.0,499.55,488.75,490.05,494.05,748300
2026-08-21,PVSL,POPULAR VEHICLES N SER L,114.67,114.83,109.0,109.67,114.67,49800
2026-08-21,PFC,POWER FIN CORP LTD.,363.8,364.95,361.6,363.0,363.8,9594279
2026-08-21,POWERGRID,POWER GRID CORP. LTD.,264.6,275.95,264.2,272.4,264.8,18031357
2026-08-21,PIGL,POWER INSTRUMENT (G) LTD,102.2,105.98,102.2,103.72,103.8,30482
2026-08-21,POWERMECH,POWER MECH PROJECTS LTD.,2456.2,2515.4,2435.5,2502.4,2455.6,129274
2026-08-21,POWERICA,POWERICA LIMITED,535.0,538.7,512.25,518.3,533.9,186783
2026-08-21,PRABHA,PRABHA ENERGY LIMITED,212.0,218.7,201.63,217.66,212.89,603512
2026-08-21,PRAJIND,PRAJ INDUSTRIES LTD,358.0,358.0,341.15,344.35,358.45,1661325
2026-08-21,PRAENG,PRAJAY ENG. SYN. LTD.,19.74,19.89,19.0,19.04,19.4,42494
2026-08-21,PRAKASH,PRAKASH INDUSTRIES LTD,129.1,133.9,128.01,128.6,129.45,333221
2026-08-21,PRAKASHSTL,PRAKASH STEELAGE LTD,3.94,4.0,3.9,3.91,3.93,98665
2026-08-21,DIAMONDYD,PRATAAP SNACKS LIMITED,1179.3,1192.6,1165.9,1179.3,1175.0,17705
2026-08-21,PRAVEG,PRAVEG LTD.,262.1,273.0,260.6,267.7,262.1,297263
2026-08-21,PRAXIS,PRAXIS HOME RETAIL LTD,5.41,5.65,5.41,5.45,5.41,79428
2026-08-21,PRECAM,PRECISION CAMSHAFTS LTD.,130.48,132.19,129.7,130.58,130.68,98311
2026-08-21,PRECWIRE,PRECISION WIRES INDIA LTD,435.7,446.9,434.55,438.5,435.7,352330
2026-08-21,PRECOT,PRECOT LIMITED,709.5,713.95,683.95,697.35,709.5,6324
2026-08-21,PREMCO,PREMCO GLOBAL LTD.,392.0,393.2,381.2,390.0,391.45,270
2026-08-21,PREMIERENE,PREMIER ENERGIES LIMITED,1050.0,1072.4,1045.7,1053.0,1040.0,2710310
2026-08-21,PREMEXPLN,PREMIER EXPLOSIVES LTD,663.55,671.55,663.2,665.15,663.55,107790
2026-08-21,PREMIERPOL,PREMIER POLYFILM LTD,89.82,90.5,86.17,86.97,88.99,262462
2026-08-21,PRESTIGE,PRESTIGE ESTATE LTD,1592.0,1651.3,1590.0,1631.0,1585.5,961947
2026-08-21,PRICOLLTD,PRICOL LIMITED,805.0,809.75,767.1,797.2,803.65,591827
2026-08-21,PFOCUS,PRIME FOCUS LIMITED,282.65,305.0,282.25,296.95,282.6,4338926
2026-08-21,PRIMESECU,PRIME SECURITIES LIMITED,274.85,278.8,274.85,276.65,275.15,3163
2026-08-21,PRIMO,PRIMO CHEMICALS LIMITED,21.5,21.85,20.79,20.89,21.46,320525
2026-08-21,PRINCEPIPE,PRINCE PIPES FITTINGS LTD,285.0,288.75,282.1,283.3,283.1,115674
2026-08-21,PRSMJOHNSN,PRISM JOHNSON LIMITED,109.1,109.38,106.36,107.97,109.88,7068285
2026-08-21,PRISMX,PRISMX GLOBAL VENTURES L,0.54,0.55,0.52,0.53,0.54,108507
2026-08-21,PNC,PRITISH NANDY COMMUNICATI,18.93,18.93,18.05,18.15,18.33,1203
2026-08-21,PRIVISCL,PRIVI SPECIALITY CHE LTD,3455.0,3497.5,3442.1,3479.7,3450.3,47861
2026-08-21,PGHL,PROCTER & GAMBLE HEALTH L,5820.0,5866.0,5809.5,5828.5,5832.5,7236
2026-08-21,PROSTARM,PROSTARM INFO SYSTEMS LTD,138.8,140.89,136.31,138.72,138.53,197778
2026-08-21,PROTEAN,PROTEAN EGOV TECHNO LTD,548.25,562.0,548.0,551.05,548.15,226005
2026-08-21,PROZONER,PROZONE REALTY LIMITED,41.9,42.88,41.25,41.73,41.96,126781
2026-08-21,PRUDENT,PRUDENT CORP ADV SER LTD,3389.2,3389.2,3320.0,3353.5,3363.5,13893
2026-08-21,PSPPROJECT,PSP PROJECTS LIMITED,921.9,936.0,910.0,911.95,923.35,25053
2026-08-21,PFS,PTC INDIA FIN SERV LTD,27.82,28.08,27.7,27.76,27.82,274704
2026-08-21,PTC,PTC INDIA LIMITED,157.05,157.79,156.15,156.56,157.05,1253565
2026-08-21,PTCIL,PTC INDUSTRIES LIMITED,19670.0,20789.0,19501.0,20629.0,19623.0,48200
2026-08-21,PTL,PTL ENTERPRISES LTD,38.99,38.99,38.16,38.33,38.24,27643
2026-08-21,PDMJEPAPER,PUDUMJEE PAPER PRO. LTD,88.18,94.49,88.18,90.69,87.68,265422
2026-08-21,PSB,PUNJAB & SIND BANK,23.4,23.65,23.32,23.46,23.38,594037
2026-08-21,PUNJABCHEM,PUNJAB CHEM & CROP PROT L,1167.2,1170.0,1140.0,1148.0,1167.0,3628
2026-08-21,PNB,PUNJAB NATIONAL BANK,117.45,117.52,115.41,116.55,118.0,14049357
2026-08-21,PURVA,PURAVANKARA LIMITED,216.4,227.34,214.71,219.36,216.4,580154
2026-08-21,PVP,PVP VENTURES LIMITED,44.3,45.9,43.41,45.35,43.15,4412971
2026-08-21,PVRINOX,PVR INOX LIMITED,1219.6,1238.7,1207.3,1216.8,1219.5,342888
2026-08-21,PYRAMID,PYRAMID TECHNOPLAST LTD,165.0,166.0,160.82,163.43,163.18,38822
2026-08-21,QUADFUTURE,QUADRANT FUTURE TEK LTD,340.0,405.35,339.0,405.35,337.8,7504777
2026-08-21,QPOWER,QUALITY POWER ELEC EQUP L,1338.0,1350.0,1300.9,1305.6,1334.9,166869
2026-08-21,QGOLDHALF,QUANTUM GOLD ETF,130.01,132.22,130.01,131.65,130.07,216663
2026-08-21,QNIFTY,QUANTUM NIFTY 50 ETF,270.6,270.6,266.3,267.28,267.0,3381
2026-08-21,QUESS,QUESS CORP LIMITED,338.0,344.0,333.1,335.85,338.25,320147
2026-08-21,QUINT,QUINT DIGITAL LTD.,38.0,41.8,36.8,40.34,36.51,65255
2026-08-21,RKSWAMY,R K SWAMY LIMITED,95.9,96.33,94.1,95.45,95.83,14006
2026-08-21,RRIL,R R I L LTD.,16.75,17.65,16.2,17.45,16.34,34723
2026-08-21,RRKABEL,R R KABEL LIMITED,2890.0,2931.4,2850.0,2919.3,2894.2,270390
2026-08-21,RSYSTEMS,R SYS INTERNATIONAL LTD,241.6,241.6,237.25,239.25,241.6,116889
2026-08-21,RTSPOWR,R T S POWER CORPN. LTD.,94.5,99.5,92.0,93.33,98.52,10016
2026-08-21,RNBDENIMS,R&B DENIMS LIMITED,7.93,8.0,7.72,7.73,7.93,319328
2026-08-21,RSSOFTWARE,R. S. SOFTWARE (INDIA) LI,30.21,31.2,29.61,30.32,30.94,25271
2026-08-21,RPPINFRA,R.P.P INFRA PROJECTS LTD,56.85,57.99,56.85,57.64,56.45,33679
2026-08-21,RACE,RACE ECO CHAIN LIMITED,103.7,104.99,100.01,102.53,102.12,2748
2026-08-21,RACLGEAR,RACL GEARTECH LIMITED,1449.9,1534.0,1415.4,1512.0,1435.5,69209
2026-08-21,RADAAN,RADAAN MEDIAWORKS (I) LTD,2.98,3.04,2.96,3.0,2.96,11681
2026-08-21,RADHIKAJWE,RADHIKA JEWELTECH LIMITED,66.69,69.7,65.76,67.56,65.67,779164
2026-08-21,RADIANTCMS,RADIANT CASH MGMT SER LTD,34.3,34.85,33.99,34.52,34.18,82576
2026-08-21,RADICO,RADICO KHAITAN LTD,4705.0,4724.0,4615.0,4639.8,4696.0,174125
2026-08-21,RPEL,RAGHAV PRODUCTIVITY ENH L,1614.7,1700.0,1596.0,1689.8,1614.7,123439
2026-08-21,RVNL,RAIL VIKAS NIGAM LIMITED,227.9,231.38,225.3,225.3,227.9,2620850
2026-08-21,RAILTEL,RAILTEL CORP OF IND LTD,285.0,291.75,284.9,287.25,280.75,2431910
2026-08-21,RAIN,RAIN INDUSTRIES LIMITED,204.92,212.6,204.4,208.61,204.92,3396240
2026-08-21,RAINBOW,RAINBOW CHILDRENS MED LTD,1458.0,1469.9,1424.6,1433.2,1453.5,86438
2026-08-21,ROML,RAJ OIL MILLS LIMITED,45.44,45.44,43.35,43.6,43.77,2206
2026-08-21,RAJTV,RAJ TV NETWORK LTD,10.63,10.63,10.11,10.49,10.29,9419
2026-08-21,RAJPALAYAM,RAJAPALAYAM MILLS LTD.,812.75,818.85,809.95,816.05,812.65,1858
2026-08-21,ARENTERP,RAJDARSHAN INDUSTRIES LTD,36.5,37.13,36.5,37.13,37.44,307
2026-08-21,RAJMET,RAJNANDINI METAL LIMITED,3.22,3.7,3.2,3.5,3.22,486653
2026-08-21,RSL,RAJPUTANA STAINLESS LTD,166.47,167.02,161.91,164.85,165.55,522499
2026-08-21,RAJRATAN,RAJRATAN GLOBAL WIRE LTD,503.1,512.0,494.2,501.75,505.35,87280
2026-08-21,RAJSREESUG,RAJSHREE SUGAR & CHEMICAL,40.38,40.38,38.02,39.1,40.38,323810
2026-08-21,RALLIS,RALLIS INDIA LTD,213.4,213.4,211.3,212.18,212.85,560411
2026-08-21,RAMRAT,RAM RATNA WIRES LIMITED,488.5,493.55,475.0,477.35,486.5,162109
2026-08-21,RAMAPHO,RAMA PHOSPHATES LIMITED,123.2,123.42,120.05,121.05,122.83,18500
2026-08-21,RAMCOIND,RAMCO INDUSTRIES LIMITED,359.8,360.05,346.0,347.0,354.0,176797
2026-08-21,RAMCOSYS,RAMCO SYSTEMS LTD.,552.35,555.0,537.15,543.65,552.35,107239
2026-08-21,RKFORGE,RAMKRISHNA FORGINGS LTD,745.6,748.7,734.1,737.05,745.4,507360
2026-08-21,RAMKY,RAMKY INFRA LTD,389.2,398.0,380.0,392.2,391.15,109007
2026-08-21,RANASUG,RANA SUGARS LTD.,14.99,15.2,14.36,14.96,15.21,1510993
2026-08-21,RML,RANE (MADRAS) LIMITED,1092.4,1129.0,1080.5,1101.0,1078.2,34906
2026-08-21,RANEHOLDIN,RANE HOLDINGS LIMITED,1589.8,1630.0,1586.5,1615.6,1581.1,7597
2026-08-21,RPTECH,RASHI PERIPHERALS LIMITED,856.2,888.4,856.2,876.9,856.15,253295
2026-08-21,RCF,RASHTRIYA CHEMICALS & FER,118.6,119.5,117.55,118.16,118.42,1003863
2026-08-21,RATEGAIN,RATEGAIN TRAVEL TECHN LTD,943.0,1003.0,932.4,990.05,943.75,958135
2026-08-21,RATNAMANI,RATNAMANI MET & TUB LTD.,2289.6,2360.0,2278.6,2354.4,2289.6,43396
2026-08-21,RATNAVEER,RATNAVEER PRECISION ENG L,272.7,282.98,262.2,267.04,269.24,11091497
2026-08-21,RTNINDIA,RATTANINDIA ENT LIMITED,30.03,31.29,30.03,30.45,30.03,1248075
2026-08-21,RTNPOWER,RATTANINDIA POWER LIMITED,7.78,7.95,7.74,7.89,7.77,18032204
2026-08-21,RKDL,RAVI KUMAR DIST. LTD.,18.27,18.6,18.0,18.28,18.27,9804
2026-08-21,RVHL,RAVINDER HEIGHTS LIMITED,43.5,43.58,41.6,43.02,42.43,2663
2026-08-21,RELTD,RAVINDRA ENERGY LIMITED,165.01,170.0,164.51,167.63,166.71,129378
2026-08-21,RAYMONDLSL,RAYMOND LIFESTYLE LIMITED,731.0,736.4,723.75,726.95,730.85,78864
2026-08-21,RAYMOND,RAYMOND LTD,654.9,654.9,640.1,643.15,656.65,271355
2026-08-21,RAYMONDREL,RAYMOND REALTY LIMITED,580.0,582.0,573.4,576.9,578.05,86535
2026-08-21,RBLBANK,RBL BANK LIMITED,392.3,392.75,387.7,392.5,392.3,1987210
2026-08-21,RBZJEWEL,RBZ JEWELLERS LIMITED,135.4,140.33,135.4,138.09,135.46,109623
2026-08-21,RECLTD,REC LIMITED,328.5,330.45,325.3,326.65,328.1,4327678
2026-08-21,REDINGTON,REDINGTON LIMITED,348.45,357.75,340.5,350.55,348.1,5048514
2026-08-21,REDTAPE,REDTAPE LIMITED,123.98,124.49,122.31,122.88,123.98,127859
2026-08-21,REFEX,REFEX INDUSTRIES LIMITED,294.95,296.3,293.05,293.95,293.6,133646
2026-08-21,REGAAL,REGAAL RESOURCES LIMITED,95.84,98.72,95.2,95.96,95.84,324769
2026-08-21,REGENCERAM,REGENCY CERAMICS LTD.,36.99,41.38,35.3,35.91,34.53,20200
2026-08-21,RELAXO,RELAXO FOOT LTD.,372.6,379.0,372.5,376.6,374.1,134606
2026-08-21,GILT5YBEES,RELCAPAMC - NETFGILT5Y,66.15,66.24,66.05,66.16,66.07,161209
2026-08-21,RELIABLE,RELIABLE DATA SERVICE LTD,139.8,141.99,131.0,138.54,138.44,27721
2026-08-21,RELCHEMQ,RELIANCE CHEMOTEX IND LTD,113.0,115.0,111.5,112.18,113.53,8668
2026-08-21,RIIL,RELIANCE INDUSTRIAL INFRA,741.95,814.0,738.5,786.1,737.8,1249232
2026-08-21,RELIANCE,RELIANCE INDUSTRIES LTD,1314.0,1316.0,1308.0,1316.0,1313.2,5434871
2026-08-21,RPOWER,RELIANCE POWER LTD.,22.3,23.8,22.07,23.45,22.15,63810372
2026-08-21,IVZBANKNF,RELIGARAMC - IVZBANKNF,57.67,57.67,57.46,57.47,57.2,2851
2026-08-21,IVZSENSEX,RELIGARAMC - IVZSENSEX,76.96,77.81,76.95,77.77,76.96,1448
2026-08-21,RELIGARE,RELIGARE ENTER. LTD.,231.0,233.5,230.55,231.6,231.65,234229
2026-08-21,REMSONSIND,REMSONS INDUSTRIES LTD,84.24,86.0,83.97,84.9,84.24,79547
2026-08-21,RGL,RENAISSANCE GLOBAL LTD,130.51,132.7,128.5,131.26,130.51,361435
2026-08-21,REPCOHOME,REPCO HOME FINANCE LTD,364.65,364.65,357.8,359.05,362.8,61301
2026-08-21,REPRO,REPRO INDIA LIMITED,326.85,326.85,320.55,324.0,324.9,4740
2026-08-21,RESPONIND,RESPONSIVE INDUSTRIES LTD,156.0,159.39,154.15,155.06,156.37,173000
2026-08-21,RBA,RESTAURANT BRAND ASIA LTD,105.3,107.18,102.33,104.24,105.21,5707608
2026-08-21,RVTH,REVATHI EQUIPMENT INDIA L,752.5,779.65,730.0,733.9,753.0,628
2026-08-21,RHETAN,RHETAN TMT LIMITED,21.75,24.23,20.61,24.22,22.03,38609598
2026-08-21,RHIM,RHI MAGNESITA INDIA LTD,374.2,376.15,372.0,375.25,374.75,177532
2026-08-21,RICOAUTO,RICO AUTO INDUSTRIES LTD,132.2,133.5,129.6,129.95,131.54,686862
2026-08-21,RIR,RIR POWER ELECTRONICS L,166.99,166.99,164.26,164.93,164.38,50964
2026-08-21,RISHABH,RISHABH INSTRUMENTS LTD,679.5,691.0,657.05,669.3,684.2,415367
2026-08-21,RITCO,RITCO LOGISTICS LIMITED,324.75,327.5,313.25,317.9,322.7,79256
2026-08-21,RITES,RITES LIMITED,218.0,220.22,217.05,218.08,218.44,278413
2026-08-21,RKEC,RKEC PROJECTS LIMITED,22.1,23.5,22.0,22.47,22.6,29955
2026-08-21,RMC,RMC SWITCHGEARS LIMITED,250.05,261.9,250.05,258.0,251.0,36175
2026-08-21,RHL,ROBUST HOTELS LIMITED,166.0,171.8,166.0,169.22,166.75,935
2026-08-21,ROLEXRINGS,ROLEX RINGS LIMITED,187.5,189.4,182.0,183.37,185.82,2601046
2026-08-21,ROSSARI,ROSSARI BIOTECH LIMITED,511.8,515.45,499.25,501.75,511.7,83304
2026-08-21,ROSSELLIND,ROSSELL INDIA LIMITED,57.2,57.2,55.45,55.94,56.65,55968
2026-08-21,ROSSTECH,ROSSELL TECHSYS LIMITED,1073.75,1090.0,1058.0,1074.2,1076.6,119335
2026-08-21,ROTO,ROTO PUMPS LIMITED,65.3,65.95,65.25,65.58,65.53,198726
2026-08-21,ROUTE,ROUTE MOBILE LIMITED,503.5,505.1,498.55,502.3,503.35,94020
2026-08-21,ROHLTD,ROYAL ORCHID HOTELS LTD,308.2,308.2,301.6,302.7,302.85,15392
2026-08-21,RPGLIFE,RPG LIFE SCIENCES LTD,2654.8,2672.9,2612.2,2636.6,2654.8,4789
2026-08-21,RPSGVENT,RPSG VENTURES LIMITED,879.95,879.95,865.0,866.25,868.4,12589
2026-08-21,RUBFILA,RUBFILA INTERNATIONAL LTD,69.9,70.69,69.0,69.45,68.43,19686
2026-08-21,RUBICON,RUBICON RESEARCH LIMITED,1774.7,1776.0,1701.0,1724.7,1760.6,274829
2026-08-21,RUCHINFRA,RUCHI INFRASTRUCTURE LTD,5.88,5.88,5.71,5.72,5.78,27774
2026-08-21,RUCHIRA,RUCHIRA PAPERS LIMITED,102.67,104.99,102.25,102.9,102.63,33403
2026-08-21,RUDRA,RUDRA GLOBAL INFRA PROD L,21.5,22.0,21.11,21.28,21.7,184313
2026-08-21,RUPA,RUPA & COMPANY LTD,154.55,155.98,153.0,153.53,155.29,59108
2026-08-21,RUSHIL,RUSHIL DECOR LIMITED,17.18,17.35,16.52,17.07,16.92,452269
2026-08-21,SAB,S A B INDUSTRIES LTD.,170.0,178.5,170.0,170.32,170.0,104
2026-08-21,SCHAND,S CHAND AND COMPANY LTD,136.89,139.32,134.1,136.76,135.03,57693
2026-08-21,SHK,S H KELKAR AND CO. LTD.,158.54,160.07,156.2,157.47,158.54,198011
2026-08-21,SVGLOBAL,S V GLOBAL MILL LTD.,134.99,134.99,123.6,125.26,123.53,102
2026-08-21,S&SPOWER,S&S POWER SWITCHGEARS LTD,286.0,298.85,271.7,298.85,271.7,12178
2026-08-21,SPAL,S. P. APPARELS LIMITED,929.6,935.65,908.25,930.45,923.85,151087
2026-08-21,SALSTEEL,S.A.L. STEEL LTD.,79.5,80.96,75.57,78.93,79.13,1130346
2026-08-21,SAATVIKGL,SAATVIK GREEN ENERGY LTD,420.55,433.55,410.1,418.95,401.0,1109085
2026-08-21,SADBHAV,SADBHAV ENGINEERING LTD,8.3,8.34,7.95,8.0,8.3,248801
2026-08-21,SAFARI,SAFARI IND (INDIA) LTD,1501.0,1507.6,1469.3,1496.8,1490.2,31078
2026-08-21,SAGCEM,SAGAR CEMENTS LIMITED,164.45,164.73,162.0,162.95,162.45,17556
2026-08-21,SAGARDEEP,SAGARDEEP ALLOYS LIMITED,24.0,24.2,23.4,23.4,23.53,13459
2026-08-21,SAGILITY,SAGILITY LIMITED,42.64,43.85,42.64,43.35,42.64,28339595
2026-08-21,SAHYADRI,SAHYADRI INDUSTRIES LTD,374.4,382.0,370.0,374.05,374.9,8394
2026-08-21,SAICAPI,SAI CAPITAL LTD.,151.0,151.1,145.0,146.44,150.8,54
2026-08-21,SAILIFE,SAI LIFE SCIENCES LIMITED,1483.0,1485.0,1448.4,1457.4,1471.6,323792
2026-08-21,SAIPARENT,SAI PARENTERALS LIMITED,546.15,546.2,539.0,540.85,543.4,58240
2026-08-21,KALAMANDIR,SAI SILKS (KALAMANDIR) L,86.9,87.12,86.0,86.29,86.48,181326
2026-08-21,SEKURITIND,SAINT GOBAIN SEKUR IND L,119.05,120.55,118.25,118.71,119.05,14339
2026-08-21,SAKAR,SAKAR HEALTHCARE LIMITED,892.95,928.0,880.15,912.6,884.65,81898
2026-08-21,SAKSOFT,SAKSOFT LIMITED,164.99,165.81,163.02,163.52,163.72,151961
2026-08-21,SAKHTISUG,SAKTHI SUGARS LTD,22.08,22.08,20.7,21.13,21.77,936153
2026-08-21,SAKUMA,SAKUMA EXPORTS LIMITED,1.54,1.54,1.51,1.52,1.51,786238
2026-08-21,SALASAR,SALASAR TECHNO ENGG. LTD.,5.95,6.01,5.93,5.94,6.01,2423137
2026-08-21,SALONA,SALONA COTSPIN LTD.,272.99,273.0,260.05,263.3,273.53,331
2026-08-21,SALZERELEC,SALZER ELECTRONICS LTD,569.9,574.0,566.0,569.55,568.55,27568
2026-08-21,SAMBANDAM,SAMBANDAM SPINNING MILL L,143.0,151.2,141.06,151.2,126.0,81301
2026-08-21,SAMBHAAV,SAMBHAAV MEDIA LTD,6.2,6.32,6.12,6.18,6.27,88138
2026-08-21,SAMBHV,SAMBHV STEEL TUBES LTD,132.0,133.8,128.56,129.35,131.38,1945359
2026-08-21,SAMHI,SAMHI HOTELS LIMITED,160.39,160.91,158.4,159.56,160.39,473143
2026-08-21,SAMMAANCAP,SAMMAAN CAPITAL LIMITED,150.05,152.15,149.8,150.52,150.23,4322716
2026-08-21,SAMPANN,SAMPANN UTPADAN INDIA LTD,26.2,26.49,25.87,25.95,26.11,7110
2026-08-21,MOTHERSON,SAMVRDHNA MTHRSN INTL LTD,170.41,170.41,167.66,169.38,169.58,7600823
2026-08-21,SANATHAN,SANATHAN TEXTILES LIMITED,472.0,473.75,457.65,465.6,461.25,73098
2026-08-21,SANDESH,SANDESH LTD,1050.0,1050.0,1027.2,1038.75,1030.45,1779
2026-08-21,SANDHAR,SANDHAR TECHNOLOGIES LTD,649.1,671.85,646.0,667.75,648.0,257690
2026-08-21,SANDUMA,SANDUR MANG & IRON ORES L,197.35,201.62,196.6,198.93,196.95,428622
2026-08-21,SANGAMIND,SANGAM (INDIA) LTD,575.55,587.15,573.05,577.65,578.05,12387
2026-08-21,SANGHVIMOV,SANGHVI MOVERS LTD,489.65,494.6,477.1,479.35,490.7,249768
2026-08-21,SANOFICONR,SANOFI CONS HEALTHC IND L,4203.3,4260.0,4200.0,4222.1,4213.1,3562
2026-08-21,SANOFI,SANOFI INDIA LIMITED,3321.0,3372.0,3310.0,3352.8,3321.0,17856
2026-08-21,SANSERA,SANSERA ENGINEERING LTD,3897.0,3929.5,3860.0,3876.9,3900.2,92724
2026-08-21,SANSTAR,SANSTAR LIMITED,105.57,106.88,104.99,105.75,105.23,120039
2026-08-21,SAPPHIRE,SAPPHIRE FOODS INDIA LTD,242.5,250.0,241.0,242.34,241.35,1403350
2026-08-21,ZSARACOM,SARASWATI COMM (INDIA) L,12292.0,12900.0,12200.0,12433.0,12416.0,48
2026-08-21,SSDL,SARASWATI SAREE DEPOT LTD,59.69,60.99,58.05,58.6,59.3,45764
2026-08-21,SARDAEN,SARDA ENERGY & MIN LTD,509.35,521.9,508.5,510.6,509.35,401006
2026-08-21,SAREGAMA,SAREGAMA INDIA LIMITED,519.0,522.0,504.1,506.55,520.2,294119
2026-08-21,SARLAPOLY,SARLA PERF. FIBERS LTD,99.11,99.19,97.15,97.89,98.85,38185
2026-08-21,SMLT,SARTHAK METALS LIMITED,70.35,71.74,69.1,70.77,70.18,4564
2026-08-21,SARVESHWAR,SARVESHWAR FOODS LIMITED,3.44,3.44,3.38,3.4,3.39,847285
2026-08-21,SASKEN,SASKEN TECHNOLOGIES LTD,1874.1,1960.0,1865.0,1949.0,1874.1,21150
2026-08-21,SATIA,SATIA INDUSTRIES LIMITED,57.71,59.76,56.4,58.68,57.71,109637
2026-08-21,SATIN,SATIN CREDIT NET LTD,227.0,227.99,223.1,224.16,226.98,149872
2026-08-21,SAURASHCEM,SAURASHTRA CEMENT LIMITED,57.71,59.25,57.71,58.22,58.25,78629
2026-08-21,SOTL,SAVITA OIL TECHNOLO. LTD,688.85,688.85,666.95,677.3,688.55,179408
2026-08-21,SAYAJIHOTL,SAYAJI HOTELS LTD.,322.35,333.95,322.0,328.0,322.35,219
2026-08-21,SAYAJIIND,SAYAJI INDUSTRIES LTD.,120.0,120.37,109.0,116.17,114.64,5172
2026-08-21,SBC,SBC EXPORTS LIMITED,39.75,40.4,39.75,40.1,39.86,6273410
2026-08-21,SBFC,SBFC FINANCE LIMITED,94.25,94.5,93.11,93.93,93.99,697568
2026-08-21,SBICARD,SBI CARDS & PAY SER LTD,638.0,649.0,636.4,649.0,647.05,2055590
2026-08-21,SBIFUNDS,SBI FUNDS MANAGEMENT LTD,555.5,556.55,548.05,549.55,555.5,1679042
2026-08-21,SBILIFE,SBI LIFE INSURANCE CO LTD,1780.0,1795.3,1766.2,1792.9,1782.0,655563
2026-08-21,SETFGOLD,SBI-ETF GOLD,133.41,136.2,133.26,135.64,133.01,6061833
2026-08-21,SETFNIF50,SBI-ETF NIFTY 50,267.75,267.75,261.03,261.56,261.22,538740
2026-08-21,SETFNIFBK,SBI-ETF NIFTY BANK,591.82,594.23,591.03,593.21,591.82,21825
2026-08-21,SETFNN50,SBI-ETF NIFTY NEXT 50,794.3,800.5,791.55,793.98,796.19,16697
2026-08-21,LIQUIDSBI,SBIAMC - LIQUIDSBI,999.99,1000.01,999.99,1000.0,1000.01,2821
2026-08-21,SBIBPB,SBIAMC - SBIBPB,51.0,51.0,49.74,49.8,50.09,40856
2026-08-21,SBIETFCON,SBIAMC - SBIETFCON,124.63,124.67,123.86,124.06,124.63,2443
2026-08-21,SBIETFIT,SBIAMC - SBIETFIT,344.67,344.67,336.77,338.93,340.66,3886
2026-08-21,SBIETFPB,SBIAMC - SBIETFPB,284.56,284.56,280.56,282.33,279.35,2391
2026-08-21,SBIETFQLTY,SBIAMC - SBIETFQLTY,224.83,225.55,224.0,225.25,225.02,2750
2026-08-21,SBILIQETF,SBIAMC - SBILIQETF,1052.96,1052.96,1052.94,1052.94,1052.53,42131
2026-08-21,SBIMIDMOM,SBIAMC - SBIMIDMOM,64.55,64.55,63.68,63.9,63.92,8429
2026-08-21,SBINEQWETF,SBIAMC - SBINEQWETF,33.55,33.78,33.52,33.66,33.55,18750
2026-08-21,SBINMID150,SBIAMC - SBINMID150,23.64,23.64,23.35,23.44,23.53,9504
2026-08-21,SBISILVER,SBIAMC - SBISILVER,235.5,239.88,235.0,238.24,230.8,2529318
2026-08-21,SBISMLETF,SBIAMC - SBISMLETF,18.72,18.72,18.38,18.39,18.35,39553
2026-08-21,SBIVALETF,SBIAMC - SBIVALETF,14.77,14.83,14.73,14.78,14.75,6997
2026-08-21,SETF10GILT,SBIAMC - SETF10GILT,266.5,266.5,264.05,264.69,265.19,1016
2026-08-21,SCHAEFFLER,SCHAEFFLER INDIA LIMITED,4050.5,4080.5,3990.0,4017.9,4049.3,72310
2026-08-21,SCHNEIDER,SCHNEIDER ELECTRIC INFRA,1246.0,1262.9,1212.0,1217.3,1242.6,242521
2026-08-21,SCODATUBES,SCODA TUBES LIMITED,126.68,131.08,126.68,128.84,126.68,186231
2026-08-21,SEAMECLTD,SEAMEC LIMITED,1700.0,1717.4,1656.6,1674.3,1699.0,88449
2026-08-21,SECMARK,SECMARK CONSULTANCY LTD,133.0,133.0,125.05,126.48,125.0,891
2026-08-21,SECURKLOUD,SECUREKLOUD TECH LIMITED,18.2,18.2,17.41,17.68,18.24,28603
2026-08-21,SEDEMAC,SEDEMAC MECHATRONICS LTD,3283.9,3368.9,3232.5,3253.1,3261.4,77364
2026-08-21,SEJALLTD,SEJAL GLASS LIMITED,662.0,674.95,658.5,663.9,662.85,4088
2026-08-21,SELMC,SEL MANUFACTURING CO LTD,29.79,29.79,27.6,28.01,28.0,4306
2026-08-21,SEMAC,SEMAC CONSTRUCTION LTD,272.2,297.4,272.2,296.0,284.7,621
2026-08-21,SENCO,SENCO GOLD LIMITED,338.5,348.2,336.0,345.4,336.3,1151008
2026-08-21,SENORES,SENORES PHARMACEUTICALS L,1519.8,1537.2,1495.7,1513.3,1513.3,93720
2026-08-21,SEPC,SEPC LIMITED,5.96,6.15,5.74,5.79,5.97,25689925
2026-08-21,SERVOTECH,SERVOTECH REN POW SYS LTD,82.56,83.24,82.11,82.45,82.56,212803
2026-08-21,STYL,SESHAASAI TECHNOLOGIES L,403.95,404.85,386.7,392.55,401.35,98020
2026-08-21,SESHAPAPER,SESHASAYEE PAPER & BOARDS,231.09,235.12,227.1,228.84,230.36,22977
2026-08-21,SGFIN,SG FINSERVE LIMITED,685.0,695.3,681.0,687.15,684.65,183421
2026-08-21,SGMART,SG MART LIMITED,807.8,822.0,790.0,820.35,805.2,120934
2026-08-21,SGLRES,SGL RESOURCES LIMITED,2.44,2.51,2.36,2.45,2.45,18584
2026-08-21,SHADOWFAX,SHADOWFAX TECHNOLOGIES L,258.0,259.79,244.6,255.39,258.0,17529782
2026-08-21,SHAHALLOYS,SHAH ALLOYS LIMITED,75.2,79.99,75.2,77.31,77.3,7347
2026-08-21,SHAH,SHAH METACORP LIMITED,3.98,4.05,3.16,3.33,3.95,5879851
2026-08-21,SHAILY,SHAILY ENG PLASTICS LTD,3348.9,3385.1,3301.0,3321.0,3350.0,108398
2026-08-21,SHAKTIPUMP,SHAKTI PUMPS (I) LTD,506.0,515.5,502.0,503.55,506.2,245165
2026-08-21,SHALBY,SHALBY LIMITED,153.7,155.75,151.83,152.96,154.57,55754
2026-08-21,SAHLIBHFI,SHALIBHADRA FINANCE LTD,75.0,75.36,72.5,74.0,73.9,36251
2026-08-21,SRD,SHANKAR LAL RAMPAL LTD,39.7,40.0,38.65,39.43,39.42,28021
2026-08-21,SHANKARA,SHANKARA BLDG PRODUCT LTD,142.07,144.51,141.5,143.29,142.21,59565
2026-08-21,BUILDPRO,SHANKARA BUILDPRO LIMITED,1263.0,1267.9,1253.1,1256.4,1263.1,18277
2026-08-21,SHANTIGEAR,SHANTHI GEARS LTD,395.0,464.25,395.0,464.25,386.9,1972065
2026-08-21,SEIL,SHANTI EDU INITIATIVES L,210.57,211.5,205.0,205.84,210.81,329391
2026-08-21,SHANTIGOLD,SHANTI GOLD INTERNATION L,258.4,274.7,257.29,269.58,254.06,4592304
2026-08-21,SHANTI,SHANTI OVERSEAS INDIA LTD,6.55,6.55,6.28,6.3,6.38,17181
2026-08-21,SHINDL,SHARAT INDUSTRIES LTD.,160.21,168.0,159.23,165.28,162.12,223816
2026-08-21,SHARDACROP,SHARDA CROPCHEM LTD.,767.25,770.95,757.0,760.9,763.45,233309
2026-08-21,SHARDAMOTR,SHARDA MOTOR INDS LTD,922.4,925.95,910.65,913.1,922.4,20833
2026-08-21,SHAREINDIA,SHARE IND. SECURITIES LTD,175.0,176.77,173.2,174.13,175.28,282161
2026-08-21,SFL,SHEELA FOAM LIMITED,665.9,676.0,661.05,664.95,666.2,79900
2026-08-21,SCPL,SHEETAL COOL PRODUCTS LTD,675.0,690.0,658.0,682.75,670.55,37916
2026-08-21,SHERVANI,SHERVANI INDUSTRIAL SYN L,340.0,340.0,319.55,321.15,349.95,421
2026-08-21,SHILCTECH,SHILCHAR TECHNOLOGIES LTD,3880.8,3939.9,3853.0,3883.1,3867.2,23040
2026-08-21,SHILGRAVQ,SHILP GRAVURES LTD.,171.26,171.26,164.0,166.5,162.51,355
2026-08-21,SHILPAMED,SHILPA MEDICARE LTD,825.0,825.0,810.3,814.95,820.95,709865
2026-08-21,SCILAL,SHIPPING CORP OF ILA LTD,40.02,40.43,39.55,39.81,40.01,253355
2026-08-21,SCI,SHIPPING CORP OF INDIA LT,292.45,294.7,290.0,290.55,291.15,1062239
2026-08-21,SHIPROCKET,SHIPROCKET LIMITED,139.0,146.22,136.65,140.81,141.65,63801190
2026-08-21,SHIVAUM,SHIV AUM STEELS LIMITED,449.7,450.0,443.0,444.15,445.0,90402
2026-08-21,SHIVACEM,SHIVA CEMENT LTD.,16.75,16.98,16.5,16.67,16.68,73715
2026-08-21,SHIVAAGRO,SHIVA GLOBAL AGRO INDS. L,39.0,42.0,39.0,39.4,41.82,284
2026-08-21,SHIVAMILLS,SHIVA MILLS LIMITED,61.5,61.5,59.1,59.91,60.01,1084
2026-08-21,SHIVATEX,SHIVA TEXYARN LIMITED,165.87,166.99,160.1,165.7,164.58,3535
2026-08-21,SBCL,SHIVALIK BIMETAL CON. LTD,1038.2,1039.75,986.5,993.25,1025.35,315084
2026-08-21,SHOPERSTOP,SHOPPERS STOP LIMITED,418.15,425.2,414.8,421.3,419.9,19261
2026-08-21,SHRADDHA,SHRADDHA PRIME PROJECTS L,154.0,161.0,151.6,154.21,155.82,1226
2026-08-21,SHRADHA,SHRADHA REALTY LIMITED,34.44,34.44,32.0,33.62,33.38,13278
2026-08-21,SHREEPUSHK,SHRE PUSH CHEM & FERT LTD,403.3,409.0,399.0,401.15,406.65,24688
2026-08-21,SAPPL,SHREE AJIT PULP & PAPER L,284.1,289.85,281.05,281.1,284.1,370
2026-08-21,SHREECEM,SHREE CEMENT LIMITED,24295.0,24355.0,24070.0,24280.0,24300.0,15450
2026-08-21,SHREDIGCEM,SHREE DIGVIJAY CEM CO LTD,70.21,73.0,70.21,72.39,70.21,107470
2026-08-21,SGRL,SHREE GANESH REMEDIES LTD,500.0,513.0,490.0,507.6,501.05,6242
2026-08-21,SRTL,SHREE RAM TWISTEX LIMITED,39.45,40.25,39.45,39.92,39.35,58646
2026-08-21,SHREERAMA,SHREE RAMA MULTI TECH LTD,45.2,45.73,44.05,45.04,44.93,85486
2026-08-21,RAMANEWS,SHREE RAMA NEWSPRINT LTD,32.89,32.89,31.22,31.79,31.66,5205
2026-08-21,RENUKA,SHREE RENUKA SUGARS LTD,26.13,26.4,24.76,25.14,26.13,54941556
2026-08-21,BALAJEE,SHREE TIRUPATI BALAJEE L,26.7,27.15,26.5,26.88,26.77,18746
2026-08-21,SHREEJISPG,SHREEJI SHIPPING GLOBAL L,617.4,627.45,611.9,620.55,613.35,898782
2026-08-21,OSWALSEEDS,SHREEOSWAL S AND CHE LTD,13.16,13.44,12.2,12.67,13.16,197655
2026-08-21,SHREYANIND,SHREYANS INDUSTRIES LTD,129.0,134.99,125.0,125.33,126.07,8764
2026-08-21,SHBAJRG,SHRI BAJRANG ALLIANCE L,175.0,178.0,171.76,172.89,171.5,1598
2026-08-21,SHRJAGP,SHRI JAGDAMBA POLYMERS L,689.4,712.05,669.0,692.85,689.4,736
2026-08-21,VASUPRADA,SHRI VASUPRADA PLANTATI L,97.03,97.03,96.07,96.08,96.07,14
2026-08-21,SHRINGARMS,SHRINGAR HOU OF MANGALS L,224.8,233.5,224.1,230.52,223.98,1003435
2026-08-21,LIQUIDSHRI,SHRIRAM - LIQUIDSHRI,1118.45,1118.47,1118.45,1118.45,1118.04,13816
2026-08-21,SHRIRAMFIN,SHRIRAM FINANCE LIMITED,1140.0,1140.0,1127.3,1130.0,1128.2,2514574
2026-08-21,SHRIRAMPPS,SHRIRAM PROPERTIES LTD,77.6,78.4,77.51,77.91,77.67,177830
2026-08-21,SHUKRAPHAR,SHUKRA PHARMACEUTICALS L,44.02,44.5,42.6,44.06,43.33,1048348
2026-08-21,SHYAMMETL,SHYAM METALICS AND ENGY L,995.7,996.8,983.1,984.9,996.8,62990
2026-08-21,SHYAMTEL,SHYAM TELECOM LIMITED,15.0,15.0,14.0,14.67,15.0,8862
2026-08-21,SICAGEN,SICAGEN INDIA LIMITED,55.85,56.5,54.61,55.66,55.85,103856
2026-08-21,ENRIN,SIEMENS ENERGY INDIA LTD,3435.3,3462.5,3411.0,3435.6,3435.3,272152
2026-08-21,SIEMENS,SIEMENS LTD,3880.0,3960.0,3879.9,3920.0,3880.0,373459
2026-08-21,SIGACHI,SIGACHI INDUSTRIES LTD,30.45,30.74,29.3,30.05,30.31,3002981
2026-08-21,SIGMAADV,SIGMA ADVANCED SYSTEM LTD,664.95,697.65,657.5,688.2,664.45,680477
2026-08-21,SIGMA,SIGMA SOLVE LIMITED,47.13,51.0,47.02,48.65,46.76,402418
2026-08-21,SIGNATURE,SIGNATUREGLOBAL INDIA LTD,798.0,809.4,792.3,795.3,801.0,217388
2026-08-21,SIGIND,SIGNET INDUSTRIES LIMITED,74.99,74.99,71.11,72.26,73.29,31010
2026-08-21,SIGNPOST,SIGNPOST INDIA LIMITED,267.0,270.6,263.5,264.65,266.35,28566
2026-08-21,SIKA,SIKA INTERPLANT SYSTEMS L,990.1,1038.0,990.1,1002.7,999.8,22844
2026-08-21,SILINV,SIL INVESTMENTS LIMITED,450.0,485.0,450.0,475.25,449.9,6661
2026-08-21,SILGO,SILGO RETAIL LIMITED,70.44,74.56,70.44,72.4,70.0,295359
2026-08-21,SILLYMONKS,SILLY MONKS ENTERTAIN LTD,16.2,16.2,15.4,15.69,15.6,2654
2026-08-21,SILVERTUC,SILVER TOUCH TECHNO LTD,194.0,196.8,184.1,185.94,195.33,457245
2026-08-21,SIMPLEXINF,SIMPLEX INFRASTRUCTURES L,257.5,259.48,253.98,255.71,259.45,22565
2026-08-21,SIMPLXREA,SIMPLEX REALTY LTD.,122.5,123.05,116.1,120.4,121.77,234
2026-08-21,SINCLAIR,SINCLAIRS HOTELS LIMITED,75.15,76.0,73.84,74.43,75.37,18220
2026-08-21,SINDHUTRAD,SINDHU TRADE LINKS LTD,23.8,24.23,23.18,23.68,23.9,461741
2026-08-21,SINGERIND,SINGER INDIA LIMITED,84.2,87.0,81.65,82.0,83.99,199037
2026-08-21,SINTERCOM,SINTERCOM INDIA LIMITED,78.0,79.5,78.0,79.06,79.39,605
2026-08-21,SIRCA,SIRCA PAINT INDIA LIMITED,451.0,453.75,445.65,451.2,449.75,454323
2026-08-21,SIS,SIS LIMITED,413.05,421.1,413.0,417.75,413.2,166993
2026-08-21,SIYSIL,SIYARAM SILK MILLS LTD,635.0,645.5,599.95,606.35,647.55,198798
2026-08-21,SJS,SJS ENTERPRISES LIMITED,2497.1,2527.0,2485.1,2497.4,2497.9,160250
2026-08-21,SJVN,SJVN LTD,66.03,66.65,65.92,66.06,65.91,1156420
2026-08-21,SKFINDUS,SKF IND (INDUSTRIAL) LTD,2760.0,2777.2,2725.6,2758.3,2753.7,16792
2026-08-21,SKFINDIA,SKF INDIA LTD,1624.5,1624.5,1571.1,1596.5,1601.7,53202
2026-08-21,SKIPPER,SKIPPER LIMITED,556.0,563.9,551.0,554.0,555.45,680214
2026-08-21,SKMEGGPROD,SKM EGG PROD EXPORT(I) LT,255.01,264.0,253.5,259.05,255.48,235830
2026-08-21,SKYGOLD,SKY GOLD AND DIAMONDS LTD,780.8,809.95,778.55,803.5,778.55,777394
2026-08-21,SMARTWORKS,SMARTWORKS COWORKING SP L,514.0,529.7,512.15,523.25,511.3,108541
2026-08-21,SMCGLOBAL,SMC GLOBAL SECURITIES LTD,81.1,82.49,80.56,81.13,81.13,391252
2026-08-21,SMLMAH,SML MAHINDRA LIMITED,5199.0,5356.0,5154.0,5324.0,5159.5,82057
2026-08-21,SMSPHARMA,SMS PHARMACEUTICALS LTD.,357.0,358.75,351.0,356.6,356.5,130248
2026-08-21,SNOWMAN,SNOWMAN LOGISTICS LTD.,37.55,38.19,37.55,37.84,37.55,120333
2026-08-21,SOBHA,SOBHA LIMITED,1314.3,1314.3,1288.0,1294.6,1303.6,45877
2026-08-21,SOFTTECH,SOFTTECH ENGINEERS LTD,430.0,430.0,414.0,416.2,424.4,1645
2026-08-21,SOLARINDS,SOLAR INDUSTRIES (I) LTD,19850.0,20093.0,19651.0,19900.0,19760.0,89559
2026-08-21,SOLARA,SOLARA ACTIVE PHA SCI LTD,625.9,638.5,609.0,616.9,640.0,732550
2026-08-21,SOLARWORLD,SOLARWORLD ENERGY SOL LTD,150.0,151.19,149.4,149.96,149.82,154673
2026-08-21,SOLEX,SOLEX ENERGY LIMITED,777.05,788.95,770.0,772.25,772.3,25705
2026-08-21,SDBL,SOM DIST & BREW LTD,73.57,74.39,73.02,73.74,73.57,475998
2026-08-21,SOMATEX,SOMA TEXTILES & INDUST LT,91.73,91.73,84.35,86.24,87.37,4951
2026-08-21,SOMANYCERA,SOMANY CERAMICS LIMITED,514.85,525.25,509.0,520.15,511.1,163952
2026-08-21,SOMICONVEY,SOMI CONVEYOR BELT. LTD.,102.26,106.0,98.51,101.17,100.07,148897
2026-08-21,SONACOMS,SONA BLW PRECISION FRGS L,820.05,822.05,802.2,817.6,821.9,1975313
2026-08-21,SONAMLTD,SONAM LIMITED,67.9,67.9,64.67,65.16,67.16,118259
2026-08-21,SONATSOFTW,SONATA SOFTWARE LTD,308.0,308.9,302.25,304.0,306.0,622804
2026-08-21,SOUTHWEST,SOUTH WEST PINNACLE LTD,215.39,224.0,215.39,220.04,215.37,181455
2026-08-21,SPCENET,SPACENET ENTERS IND LTD,3.39,3.44,3.3,3.34,3.36,1140993
2026-08-21,SPANDANA,SPANDANA SPHOORTY FIN LTD,244.05,245.6,240.05,241.3,243.45,82842
2026-08-21,SPELS,SPEL SEMICONDUCTOR LTD,150.23,150.23,145.1,147.71,150.22,40372
2026-08-21,SPENCERS,SPENCER S RETAIL LIMITED,30.9,31.3,30.26,30.4,30.53,46157
2026-08-21,SPIC,SPIC LTD,68.0,68.61,67.61,68.16,68.03,322996
2026-08-21,SPLIL,SPL INDUSTRIES LIMITED,30.21,30.9,30.05,30.25,30.79,1291
2026-08-21,SPMLINFRA,SPML INFRA LIMITED,191.05,195.06,190.6,192.94,190.89,144905
2026-08-21,SPORTKING,SPORTKING INDIA LIMITED,211.6,214.19,206.86,213.07,212.34,222920
2026-08-21,SHRIPISTON,SPR AUTO TECHNOLOGIES LTD,4550.0,4645.8,4453.0,4600.1,4513.8,87104
2026-08-21,SRHHYPOLTD,SREE RAYALSEEMA HHP LTD.,473.0,479.7,471.55,473.15,473.2,11011
2026-08-21,SREEL,SREELEATHERS LIMITED,249.68,249.68,240.15,240.84,244.24,9308
2026-08-21,SRF,SRF LTD,2576.4,2589.3,2568.2,2571.9,2574.5,174387
2026-08-21,SRGHFL,SRG HOUSING FINANCE L,264.15,278.0,260.0,264.25,262.45,2213
2026-08-21,HAVISHA,SRI HAVISHA HOSP & INFR L,1.36,1.44,1.36,1.42,1.4,27569
2026-08-21,SRIKPRIND,SRI KPR INDUSTRIES LTD.,19.99,20.8,19.4,20.48,19.9,2163
2026-08-21,SRM,SRM CONTRACTORS LIMITED,483.2,486.15,462.1,467.85,481.1,162337
2026-08-21,SETL,STANDARD ENGNG TCNLGY LTD,305.2,305.55,293.0,297.75,304.95,416716
2026-08-21,SIL,STANDARD INDUSTRIES LTD.,19.2,22.3,18.81,20.84,19.11,592621
2026-08-21,STANLEY,STANLEY LIFESTYLES LTD,140.61,141.77,135.15,137.89,139.6,162335
2026-08-21,STARCEMENT,STAR CEMENT LIMITED,196.0,196.0,192.31,194.62,194.37,144503
2026-08-21,STARHEALTH,STAR HEALTH & AL INS CO L,575.5,579.7,571.1,578.5,575.5,203187
2026-08-21,STARPAPER,STAR PAPER MILLS LTD,145.0,148.5,143.05,144.98,145.12,3367
2026-08-21,STARTECK,STARTECK FINANCE LIMITED,253.7,254.85,243.1,247.95,251.1,8349
2026-08-21,SBIN,STATE BANK OF INDIA,1052.7,1054.7,1040.1,1048.7,1048.0,6534213
2026-08-21,SAIL,STEEL AUTHORITY OF INDIA,174.9,177.0,173.02,173.46,174.9,14687511
2026-08-21,STEELCITY,STEEL CITY SECURITIES LTD,81.29,82.01,80.31,81.82,81.29,4186
2026-08-21,STEELXIND,STEEL EXCHANGE INDIA LTD,10.53,10.87,10.5,10.6,10.54,1122313
2026-08-21,STLSTRINF,STEEL STRIPS INFRA L,14.59,20.98,14.59,18.87,18.23,3510
2026-08-21,SSWL,STEEL STRIPS WHEELS LTD.,304.8,304.8,293.2,295.0,304.8,960882
2026-08-21,STEELCAS,STEELCAST LIMITED,359.4,363.65,355.0,356.05,358.7,48629
2026-08-21,STEL,STEL HOLDINGS LIMITED,587.25,618.0,580.15,611.05,584.35,8849
2026-08-21,SGL,STL GLOBAL LIMITED,9.51,9.98,9.51,9.8,9.72,1837
2026-08-21,STLNETWORK,STL NETWORKS LIMITED,25.4,26.2,24.6,25.85,25.25,1272561
2026-08-21,STOVEKRAFT,STOVE KRAFT LIMITED,776.0,783.3,766.95,775.45,775.95,58755
2026-08-21,STAR,STRIDES PHARMA SCI LTD,998.0,1003.0,970.6,986.2,993.0,341043
2026-08-21,SWSOLAR,STRLNG & WIL REN ENE LTD,197.27,197.63,191.4,192.17,196.48,716607
2026-08-21,STUDDS,STUDDS ACCESSORIES LTD,448.0,453.25,444.15,450.15,448.0,28108
2026-08-21,STYLAMIND,STYLAM INDUSTRIES LIMITED,3617.3,3641.8,3484.8,3601.7,3617.3,126767
2026-08-21,STYRENIX,STYRENIX PERFORMANCE LTD,2108.5,2124.9,2066.3,2081.6,2108.5,46237
2026-08-21,SUBEXLTD,SUBEX LTD,17.24,19.39,17.15,18.66,17.08,24036145
2026-08-21,SUBROS,SUBROS LIMITED,740.85,743.5,730.35,733.15,735.55,32141
2026-08-21,SUDARSCHEM,SUDARSHAN CHEMICAL INDS L,1193.5,1220.9,1185.0,1215.1,1186.5,772956
2026-08-21,SUDARCOLOR,SUDARSHAN COLORNT IND LTD,402.45,404.95,400.0,401.25,402.15,5347
2026-08-21,SUDEEPPHRM,SUDEEP PHARMA LIMITED,1117.8,1163.15,1102.5,1111.8,1107.8,174522
2026-08-21,SUKHJITS,SUKHJIT STARCH & CHEM LTD,159.93,161.02,158.1,159.42,159.93,4356
2026-08-21,SULA,SULA VINEYARDS LIMITED,146.41,146.41,143.84,144.55,145.21,251774
2026-08-21,SUMEDHA,SUMEDHA FISCAL SERVICES L,39.0,40.4,37.9,38.04,38.27,2176
2026-08-21,SUMEETINDS,SUMEET IND LIMITED,13.88,13.89,13.2,13.52,13.38,5502163
2026-08-21,SUMIT,SUMIT WOODS LIMITED,52.0,54.9,51.6,52.01,53.64,39692
2026-08-21,SUMICHEM,SUMITOMO CHEM INDIA LTD,553.4,556.7,531.1,534.65,551.8,224338
2026-08-21,SUMMITSEC,SUMMIT SECURITIES LTD,1430.0,1436.3,1416.0,1420.2,1427.2,1737
2026-08-21,SPARC,SUN PHARMA ADV.RES.CO.LTD,199.59,200.77,196.1,196.71,199.59,272304
2026-08-21,SUNPHARMA,SUN PHARMACEUTICAL IND L,1916.0,1917.4,1882.8,1902.4,1904.0,1491953
2026-08-21,SUNTV,SUN TV NETWORK LIMITED,478.0,478.6,470.7,472.05,477.55,298974
2026-08-21,SUNCLAY,SUNDARAM CLAYTON LIMITED,1286.0,1289.6,1268.1,1284.1,1275.9,13107
2026-08-21,SUNDARMFIN,SUNDARAM FINANCE LTD,4485.8,4558.4,4485.8,4534.5,4503.4,28816
2026-08-21,SUNDARAM,SUNDARAM MULTI PAP LTD,1.28,1.28,1.22,1.23,1.26,905048
2026-08-21,SUNDRMFAST,SUNDRAM FASTENERS LTD,1240.3,1240.3,1212.1,1228.0,1228.4,138184
2026-08-21,SUNDROP,SUNDROP BRANDS LIMITED,665.0,665.0,645.1,646.5,652.35,11783
2026-08-21,SUNFLAG,SUNFLAG IRON AND STEEL CO,359.9,361.8,348.1,353.85,358.15,303240
2026-08-21,SUNLOC,SUNIL HEALTHCARE LTD.,68.0,69.0,67.55,69.0,68.0,129
2026-08-21,SUNRAKSHAK,SUNRAKSHAKK INDUS IND L,379.95,379.95,370.0,378.45,375.4,13921
2026-08-21,SUNSHIEL,SUNSHIELD CHEMICALS LTD.,1278.9,1278.9,1230.0,1232.6,1264.0,2435
2026-08-21,SUNTECK,SUNTECK REALTY LIMITED,294.0,298.7,294.0,296.35,294.35,152531
2026-08-21,SUPTANERY,SUPER TANNERY LTD.,7.73,8.77,7.31,8.77,7.31,2047504
2026-08-21,SUPERHOUSE,SUPERHOUSE LIMITED,164.0,174.0,164.0,167.8,164.53,6952
2026-08-21,SIEL,SUPERIOR INDUSTRIAL ENT L,38.29,40.3,38.29,38.29,40.3,7981
2026-08-21,SUPRAJIT,SUPRAJIT ENGINEERING LTD,514.2,514.2,500.0,505.4,511.35,92354
2026-08-21,SUPREME,SUPREME HOLDIN N HOSP I L,39.3,41.5,39.25,40.79,39.28,37578
2026-08-21,SUPREMEIND,SUPREME INDUSTRIES LTD,3658.7,3674.8,3606.0,3642.0,3650.0,154087
2026-08-21,SUPREMEINF,SUPREME INFRA. LTD.,85.96,91.0,85.96,88.3,85.36,106196
2026-08-21,SPLPETRO,SUPREME PETROCHEM LIMITED,700.7,704.25,694.1,697.8,700.7,35314
2026-08-21,SUPRIYA,SUPRIYA LIFESCIENCE LTD,817.95,817.95,799.3,805.45,811.7,126681
2026-08-21,SURAJEST,SURAJ ESTATE DEVELOPERS L,199.01,201.0,195.0,195.46,198.56,106242
2026-08-21,SURAJLTD,SURAJ LIMITED,195.94,203.85,195.94,202.49,195.94,2813
2026-08-21,SURAKSHA,SURAKSHA DIAGNOSTIC LTD,309.0,329.0,305.0,325.8,305.15,182302
2026-08-21,SURANASOL,SURANA SOLAR LIMITED,25.74,26.0,25.27,25.85,25.74,38202
2026-08-21,SURANAT&P,SURANA TELECOM AND POW LT,16.2,16.48,16.12,16.28,16.29,37839
2026-08-21,SBGLP,SURATWWALA BUS GROUP LTD,25.01,25.23,24.14,24.8,24.62,26843
2026-08-21,SURYAROSNI,SURYA ROSHNI LTD,217.0,222.69,216.91,219.8,218.53,434684
2026-08-21,SURYALAXMI,SURYALAKSHMI COT MIL LTD,58.65,58.89,56.62,57.32,57.6,1392
2026-08-21,SURYALA,SURYALATA SPINNING MILL L,385.0,406.4,381.0,398.75,385.0,2768
2026-08-21,SURYODAY,SURYODAY SMALL FIN BK LTD,154.5,160.0,153.41,158.84,154.54,377661
2026-08-21,SUVEN,SUVEN LIFE SCIENCES LTD,377.0,389.9,361.4,373.15,373.6,1853448
2026-08-21,SUVIDHAA,SUVIDHAA INFOSERVE LTD,2.38,2.46,2.29,2.32,2.41,259165
2026-08-21,SUYOG,SUYOG TELEMATICS LIMITED,737.0,769.45,725.5,748.8,740.5,28762
2026-08-21,SUZLON,SUZLON ENERGY LIMITED,47.1,47.34,46.6,46.71,47.0,32172432
2026-08-21,SVPGLOB,SVP GLOBAL TEXTILES LTD,3.8,3.8,3.64,3.73,3.78,13466
2026-08-21,SWANCORP,SWAN CORP LIMITED,307.0,307.25,303.0,303.85,305.55,556970
2026-08-21,SWARAJENG,SWARAJ ENGINES LTD,3595.0,3596.0,3558.6,3569.8,3602.6,4586
2026-08-21,SWARAJ,SWARAJ SUITING LIMITED,373.0,373.0,366.0,367.6,372.0,135404
2026-08-21,SWARNSAR,SWARNSARITA JEWELS IND L,32.0,35.0,32.0,34.19,34.56,2433
2026-08-21,SWELECTES,SWELECT ENERGY SYS LTD,608.55,614.8,606.15,608.9,608.8,23956
2026-08-21,SWIGGY,SWIGGY LIMITED,280.75,285.35,276.3,282.5,279.0,12194587
2026-08-21,SWISSMLTRY,SWISS MILITARY CON GOOD L,16.9,17.8,16.1,17.48,16.44,809509
2026-08-21,SYMPHONY,SYMPHONY LIMITED,616.15,617.95,610.0,612.5,616.15,34045
2026-08-21,SYNCOMF,SYNCOM FORMU (I) LTD,15.4,16.58,15.4,16.14,15.46,7195942
2026-08-21,SGIL,SYNERGY GREEN IND. LTD,565.0,569.0,553.2,564.05,562.05,9769
2026-08-21,SYNGENE,SYNGENE INTERNATIONAL LTD,395.7,411.75,395.7,407.25,395.5,953583
2026-08-21,SYRMA,SYRMA SGS TECHNOLOGY LTD,1445.0,1449.0,1421.1,1439.3,1443.7,603250
2026-08-21,TGVSL,T G V SRAAC LTD.,105.9,107.5,105.0,105.89,105.68,45061
2026-08-21,TTL,T T LIMITED,6.33,6.69,6.1,6.25,6.22,774049
2026-08-21,TAALTECH,TAAL TECH LTD.,4285.1,4285.7,4190.0,4216.2,4218.0,1982
2026-08-21,TAINWALCHM,TAINWALA CHEMICAL AND PLA,226.4,232.8,212.65,216.67,223.76,5263
2026-08-21,TAJGVK,TAJ GVK HOTELS & RESORTS,345.55,352.0,345.55,350.4,347.9,40582
2026-08-21,TAKE,TAKE LIMITED,22.15,22.18,20.75,20.83,21.84,515661
2026-08-21,TALBROAUTO,TALBROS AUTO. COMP. LTD,412.0,416.0,405.9,413.4,412.0,99745
2026-08-21,TMB,TAMILNAD MERCA BANK LTD,875.0,894.9,868.5,878.55,869.7,275505
2026-08-21,TNPL,TAMILNADU NEWSPRT & PAPER,139.85,143.1,138.81,141.11,139.85,220856
2026-08-21,TNPETRO,TAMILNADU PETROPRODUCTS L,117.0,118.58,114.55,115.21,114.88,484853
2026-08-21,TNTELE,TAMILNADU TELECOMMUNICATI,9.12,9.12,8.86,8.95,8.91,3937
2026-08-21,TANAA,TANEJA AEROSPACE & AVIA L,315.0,315.0,305.65,306.55,307.85,5372
2026-08-21,TANLA,TANLA PLATFORMS LIMITED,574.45,581.8,568.15,570.45,572.8,264952
2026-08-21,TARACHAND,TARA CHAND INFRA SOLN LTD,48.2,48.39,47.2,47.97,47.82,24454
2026-08-21,TARAPUR,TARAPUR TRANSFORMERS LTD,15.0,16.0,14.21,15.5,15.18,54001
2026-08-21,TARC,TARC LIMITED,121.63,125.0,121.03,124.07,121.74,511072
2026-08-21,TARMAT,TARMAT LIMITED,50.62,51.56,50.0,50.2,51.31,38450
2026-08-21,TARSONS,TARSONS PRODUCTS LIMITED,340.0,347.7,333.1,344.95,337.3,162875
2026-08-21,TASTYBITE,TASTY BITE EATABLES LTD,10111.5,10219.0,9955.0,10135.5,10104.5,3042
2026-08-21,TATACAP,TATA CAPITAL LIMITED,366.0,366.95,361.0,365.05,366.15,941923
2026-08-21,TATACHEM,TATA CHEMICALS LTD,635.0,637.2,624.0,626.75,634.5,512406
2026-08-21,TATACOMM,TATA COMMUNICATIONS LTD,1677.1,1683.6,1650.0,1655.4,1677.5,152406
2026-08-21,TCS,TATA CONSULTANCY SERV LT,2290.1,2307.2,2263.3,2302.0,2298.0,2066749
2026-08-21,TATACONSUM,TATA CONSUMER PRODUCT LTD,1060.0,1062.0,1044.7,1049.0,1056.3,1126589
2026-08-21,TATAELXSI,TATA ELXSI LIMITED,3665.1,3734.0,3636.6,3708.0,3660.0,148013
2026-08-21,TATAINVEST,TATA INVESTMENT CORP LTD,648.0,651.4,645.45,647.95,649.35,128579
2026-08-21,TMCV,TATA MOTORS LIMITED,477.7,480.6,468.55,472.55,477.6,5662907
2026-08-21,TMPV,TATA MOTORS PASS VEH LTD,321.5,322.4,316.9,317.9,320.25,10824328
2026-08-21,TATAPOWER,TATA POWER CO LTD,375.7,377.75,373.05,374.3,375.25,4141292
2026-08-21,TATASTEEL,TATA STEEL LIMITED,184.4,184.94,182.0,183.0,183.5,26299054
2026-08-21,TATATECH,TATA TECHNOLOGIES LIMITED,823.9,824.7,813.0,820.75,823.95,611985
2026-08-21,TTML,TATA TELESERV(MAHARASTRA),37.41,38.27,37.41,37.78,37.45,1250142
2026-08-21,NETF,TATAAML - NETF,263.23,266.0,263.23,264.35,263.23,1146
2026-08-21,NPBET,TATAAML - NPBET,285.59,286.4,285.45,286.0,284.17,3114
2026-08-21,TNIDETF,TATAAML - TNIDETF,90.35,91.0,90.35,90.8,90.8,43044
2026-08-21,TATAGOLD,TATAAML-TATAGOLD,15.18,15.47,15.18,15.41,15.12,78553859
2026-08-21,TATSILV,TATAAML-TATSILV,23.28,23.77,23.28,23.62,22.9,80096549
2026-08-21,TATVA,TATVA CHIN PHARM CHEM LTD,1650.0,1659.8,1609.3,1616.4,1638.4,41468
2026-08-21,TBOTEK,TBO TEK LIMITED,1714.0,1714.0,1684.1,1696.5,1702.6,157423
2026-08-21,TCC,TCC CONCEPT LIMITED,253.85,256.05,249.6,251.7,252.85,17972
2026-08-21,TCIEXP,TCI EXPRESS LIMITED,544.65,557.0,542.45,550.95,544.65,18997
2026-08-21,TCPLPACK,TCPL PACKAGING LIMITED,4100.9,4209.9,4062.5,4101.3,4100.9,4471
2026-08-21,TDPOWERSYS,TD POWER SYSTEMS LTD.,1511.0,1540.8,1490.0,1534.8,1507.5,1378044
2026-08-21,TEAMGTY,TEAM INDIA GUARANTY LTD,237.99,237.99,223.22,232.44,227.93,8107
2026-08-21,TEAMLEASE,TEAMLEASE SERVICES LTD.,1240.9,1253.9,1231.2,1245.2,1242.1,7342
2026-08-21,TPHQ,TEAMO PRODUCTIONS HQ LTD,0.7,0.7,0.62,0.62,0.68,12201971
2026-08-21,TECHM,TECH MAHINDRA LIMITED,1592.1,1602.0,1576.5,1584.0,1592.1,1324911
2026-08-21,TECHNOE,TECHNO ELEC & ENG CO. LTD,990.0,1003.2,986.4,987.45,985.45,107267
2026-08-21,TIIL,TECHNOCRAFT IND LTD,3205.0,3325.0,3177.0,3318.8,3200.2,50221
2026-08-21,TECHNOCRAF,TECHNOCRAFT VENTURES LTD,339.4,342.0,332.0,332.61,330.37,2113148
2026-08-21,TECHNVISN,TECHNVISION VENTURES LTD.,4950.0,5082.9,4915.0,4932.0,4973.5,216
2026-08-21,TECILCHEM,TECIL CHEMICALS,9.44,9.6,9.0,9.06,9.14,41279
2026-08-21,TEGA,TEGA INDUSTRIES LIMITED,1776.5,1789.7,1736.7,1743.2,1776.5,132607
2026-08-21,TEJASNET,TEJAS NETWORKS LIMITED,510.0,514.5,504.25,510.45,509.2,600852
2026-08-21,TEMBO,TEMBO GLOBAL IND LTD,58.2,59.75,57.55,58.3,58.2,1835768
2026-08-21,TENNIND,TENNECO CLEAN AIR INDIA L,571.1,578.9,563.2,576.15,568.6,1313988
2026-08-21,TERASOFT,TERA SOFTWARE LIMITED,331.85,331.85,315.65,321.75,326.8,32742
2026-08-21,TERAI,TERAI TEA CO. LTD.,124.0,132.6,124.0,128.35,124.0,222
2026-08-21,TEXINFRA,TEXMACO INFRA & HOLDG LTD,107.95,108.8,107.5,108.03,108.61,78937
2026-08-21,TEXRAIL,TEXMACO RAIL & ENG. LTD.,105.48,105.98,104.3,104.57,105.48,614217
2026-08-21,TEXMOPIPES,TEXMO PIPE & PRODUCTS LTD,44.08,44.9,43.85,44.29,44.08,18176
2026-08-21,TGBHOTELS,TGB BANQUETS&HOTELS LTD,9.34,10.1,8.7,9.82,9.34,67939
2026-08-21,THAKDEV,THAKKERS DEVELOPERS LTD.,156.0,156.0,150.0,154.88,157.74,379
2026-08-21,THANGAMAYL,THANGAMAYIL JEWELLERY LTD,5473.0,5575.0,5420.0,5487.5,5457.0,94120
2026-08-21,ANUP,THE ANUP ENGINEERING LTD,1818.0,1846.4,1790.3,1808.9,1811.8,20043
2026-08-21,GESHIP,THE GE SHPG.LTD,1298.9,1329.8,1291.5,1311.3,1299.0,640322
2026-08-21,GROBTEA,THE GROB TEA COMPANY LTD,926.0,936.4,926.0,927.0,938.65,32
2026-08-21,INDIACEM,THE INDIA CEMENTS LIMITED,370.65,372.85,369.9,370.9,370.65,42297
2026-08-21,INDHOTEL,THE INDIAN HOTELS CO. LTD,735.0,735.5,724.3,730.0,735.85,741676
2026-08-21,THEINVEST,THE INVEST TRUST OF IND L,97.5,97.99,96.51,96.73,97.87,5172
2026-08-21,NIACL,THE NEW INDIA ASSU CO LTD,183.0,186.3,182.11,184.13,183.08,627621
2026-08-21,PKTEA,THE P K TEA PROD CO LTD,759.9,759.9,732.05,732.2,731.9,81
2026-08-21,PHOENIXLTD,THE PHOENIX MILLS LTD,1925.2,1943.8,1914.1,1930.0,1925.0,232737
2026-08-21,RAMCOCEM,THE RAMCO CEMENTS LIMITED,907.0,913.5,895.0,899.05,906.95,239794
2026-08-21,SOUTHBANK,THE SOUTH INDIAN BANK LTD,45.35,45.4,44.91,44.97,45.16,4130558
2026-08-21,STCINDIA,THE STATE TRADING CORPN,122.2,123.0,120.42,121.21,121.44,29454
2026-08-21,UGARSUGAR,THE UGAR SUGAR WORKS LTD,56.07,56.98,54.0,56.5,56.07,1731572
2026-08-21,WIPL,THE WESTERN INDIA PLY LTD,167.0,169.0,161.5,165.0,164.32,7485
2026-08-21,THEJO,THEJO ENGINEERING LIMITED,2101.2,2118.0,2021.2,2057.8,2101.2,11050
2026-08-21,THEMISMED,THEMIS MEDICARE LTD.,102.95,106.81,102.95,106.14,102.77,126221
2026-08-21,THERMAX,THERMAX LTD,4045.0,4063.4,3955.1,3967.8,4034.0,95811
2026-08-21,TIRUMALCHM,THIRUMALAI CHEMICALS LTD,157.2,162.84,153.3,154.09,156.41,618132
2026-08-21,THOMASCOOK,THOMAS COOK (INDIA) LTD,101.99,115.7,101.99,113.17,101.58,25566919
2026-08-21,THOMASCOTT,THOMAS SCOTT (INDIA) LTD,290.0,291.95,281.0,286.35,290.9,31290
2026-08-21,THYROCARE,THYROCARE TECH LTD,566.85,575.95,563.1,565.55,566.7,330982
2026-08-21,TIGERLOGS,TIGER LOGISTICS (INDIA) L,29.14,30.87,29.14,30.31,29.41,604512
2026-08-21,TIJARIA,TIJARIA POLYPIPES LTD,6.14,6.15,5.6,5.92,5.79,114716
2026-08-21,TI,TILAKNAGAR INDUSTRIES LTD,581.8,584.0,572.7,575.65,582.45,514044
2026-08-21,TIMETECHNO,TIME TECHNOPLAST LTD.,191.8,192.4,186.7,187.48,191.63,1342513
2026-08-21,TIMEX,TIMEX GROUP INDIA LTD.,594.6,609.8,594.0,599.95,591.05,504006
2026-08-21,TIMKEN,TIMKEN INDIA LTD.,3176.3,3176.5,3069.5,3134.1,3176.3,108474
2026-08-21,TINNARUBR,TINNA RUBBER AND INFR LTD,1059.0,1059.0,1026.1,1034.9,1047.4,28760
2026-08-21,TIPSFILMS,TIPS FILMS LIMITED,352.05,360.5,350.0,352.25,359.15,3093
2026-08-21,TIPSMUSIC,TIPS MUSIC LIMITED,651.05,658.0,648.0,650.95,651.05,165955
2026-08-21,TITAGARH,TITAGARH RAIL SYSTEMS LTD,853.1,864.5,840.0,843.55,849.3,359104
2026-08-21,TITAN,TITAN COMPANY LIMITED,5068.0,5090.4,5011.0,5086.1,5068.0,352381
2026-08-21,TOKYOPLAST,TOKYO PLAST INTL LTD,75.46,77.94,75.45,75.88,77.5,1209
2026-08-21,TOLINS,TOLINS TYRES LIMITED,97.7,97.99,95.51,96.08,96.27,29139
2026-08-21,TORNTPHARM,TORRENT PHARMACEUTICALS L,5005.5,5031.0,4882.5,4896.5,5005.0,226264
2026-08-21,TORNTPOWER,TORRENT POWER LTD,1256.4,1256.4,1241.0,1247.7,1248.7,168844
2026-08-21,TOTAL,TOTAL TRANSPORT SYS LTD,71.39,73.5,69.0,72.77,71.39,14492
2026-08-21,TOUCHWOOD,TOUCHWOOD ENTERTAIN LTD.,61.8,62.99,61.8,62.92,61.8,362
2026-08-21,TFCILTD,TOURISM FINANCE CORP. OF,132.5,134.9,130.2,130.99,132.76,8896571
2026-08-21,TOYAMSL,TOYAM SPORTS LTD.,0.67,0.67,0.65,0.65,0.66,344388
2026-08-21,TPLPLASTEH,TPL PLASTECH LIMITED,79.02,84.3,79.02,82.6,78.31,371046
2026-08-21,TRACXN,TRACXN TECHNOLOGIES LTD,28.0,28.5,27.6,28.05,28.28,122836
2026-08-21,TARIL,TRANS & RECTI. LTD,286.0,304.0,286.0,298.65,285.15,3555323
2026-08-21,TRANSCOR,TRANSCORP INTERNATIONAL L,23.2,24.75,23.2,24.5,24.75,655
2026-08-21,TREL,TRANSINDIA REAL ESTATE L,26.11,27.63,26.11,27.05,26.93,131965
2026-08-21,TCI,TRANSPORT CORPN OF INDIA,905.65,913.0,903.3,908.35,906.55,11053
2026-08-21,TRANSRAILL,TRANSRAIL LIGHTING LTD,463.7,466.05,458.5,460.0,459.85,222846
2026-08-21,TFL,TRANSWARRANTY FIN. LTD.,11.3,11.87,11.22,11.26,11.3,11630
2026-08-21,TRAVELFOOD,TRAVEL FOOD SERVICES LTD,1316.0,1323.7,1302.5,1307.2,1316.2,35441
2026-08-21,TREEHOUSE,TREE HOUSE EDU LTD,6.22,6.34,6.04,6.17,6.22,25296
2026-08-21,TREJHARA,TREJHARA SOLUTIONS LTD,160.0,163.85,155.25,156.45,159.13,29701
2026-08-21,TRENT,TRENT LTD,2970.0,2976.6,2914.0,2924.0,2970.0,522242
2026-08-21,TRF,TRF LIMITED,231.42,232.39,229.5,230.41,231.15,7070
2026-08-21,TBZ,TRIB BHIMJI ZAVERI LTD,252.5,291.0,250.2,279.5,248.85,7128781
2026-08-21,TRIDENT,TRIDENT LIMITED,24.6,24.7,24.36,24.39,24.63,2667544
2026-08-21,TRIGYN,TRIGYN TECHNOLOGIES LTD,55.0,55.0,53.88,54.39,54.97,24631
2026-08-21,TRITONV,TRITON VALVES LTD.,1175.4,1192.7,1133.0,1153.7,1173.5,3814
2026-08-21,TRIVENI,TRIVENI ENGG. & INDS. LTD,300.0,306.7,286.33,295.28,300.05,2542301
2026-08-21,TRITURBINE,TRIVENI TURBINE LIMITED,581.2,585.9,573.2,574.85,580.05,323706
2026-08-21,TRUALT,TRUALT BIOENERGY LIMITED,465.0,465.4,444.3,446.15,462.6,239491
2026-08-21,TRU,TRUCAP FINANCE LIMITED,4.19,4.4,4.02,4.17,4.19,244271
2026-08-21,TSFINV,TSF INVESTMENTS LIMITED,425.0,426.0,415.5,417.15,424.7,56903
2026-08-21,TTKHLTCARE,TTK HEALTHCARE LIMITED,1082.1,1145.6,1080.3,1102.5,1082.1,33926
2026-08-21,TTKPRESTIG,TTK PRESTIGE LTD,598.4,598.4,585.0,591.65,592.65,87636
2026-08-21,TIINDIA,TUBE INVEST OF INDIA LTD,2949.0,2949.0,2843.9,2885.8,2930.0,225979
2026-08-21,TURTLEMINT,TURTLEMINT FINTECH SOLS L,145.45,152.73,142.0,149.34,144.6,1909201
2026-08-21,TUTIALKA,TUTICORIN ALKAL CH & FE L,53.59,55.7,53.04,55.09,53.33,5900
2026-08-21,TVTODAY,TV TODAY NETWORK LTD,115.1,118.0,115.1,115.43,116.63,10377
2026-08-21,TVSELECT,TVS ELECTRONICS LTD,446.0,450.0,440.0,441.6,443.35,12203
2026-08-21,TVSHLTD,TVS HOLDINGS LIMITED,13970.0,14052.0,13875.0,13899.0,13968.0,2117
2026-08-21,TVSMOTOR,TVS MOTOR COMPANY  LTD,4389.5,4390.0,4337.6,4390.0,4390.0,912628
2026-08-21,TVSSRICHAK,TVS SRICHAKRA LIMITED,4925.0,5011.0,4839.1,4879.1,4922.7,30052
2026-08-21,TVSSCS,TVS SUPPLY CHAIN SOL L,123.1,124.2,121.2,121.44,123.33,210508
2026-08-21,UPHOT,U P HOTELS LTD.,1395.0,1396.0,1395.0,1396.0,1448.0,3
2026-08-21,UCOBANK,UCO BANK,25.75,25.93,25.68,25.72,25.81,2191411
2026-08-21,UDAYJEW,UDAY JEWELLERY INDS. LTD.,140.36,144.98,138.5,141.4,138.9,4266
2026-08-21,USK,UDAYSHIVAKUMAR INFRA LTD,22.4,22.48,21.0,21.12,21.49,34188
2026-08-21,UFLEX,UFLEX LIMITED,611.05,634.0,607.4,614.6,611.05,264833
2026-08-21,UFO,UFO MOVIEZ INDIA LTD.,66.2,66.78,64.25,64.9,66.19,21880
2026-08-21,UGROCAP,UGRO CAPITAL LIMITED,87.66,89.1,86.01,88.74,87.03,469857
2026-08-21,UEL,UJAAS ENERGY LIMITED,181.23,181.23,181.23,181.23,190.76,8804
2026-08-21,UJJIVANSFB,UJJIVAN SMALL FINANC BANK,71.86,72.67,71.81,72.07,71.93,7761634
2026-08-21,ULTRAMAR,ULTRAMARINE & PIGMENTS L,418.0,428.9,415.6,419.4,419.2,46784
2026-08-21,ULTRACEMCO,ULTRATECH CEMENT LIMITED,11549.0,11620.0,11526.0,11570.0,11575.0,133753
2026-08-21,UMIYA-MRO,UMIYA BUILDCON LIMITED,89.1,92.29,87.6,90.27,90.66,18841
2026-08-21,UNICHEMLAB,UNICHEM LABORATORIES LTD,516.55,533.7,513.5,526.15,516.55,65545
2026-08-21,UNIECOM,UNICOMMERCE ESOLUTIONS L,88.2,90.0,86.42,87.47,88.64,176455
2026-08-21,UNIINFO,UNIINFO TELECOM SERVI LTD,11.6,11.7,11.01,11.37,11.32,3010
2026-08-21,UNIMECH,UNIMECH AEROSPACE N MFG L,1503.7,1523.8,1476.2,1491.4,1508.3,131598
2026-08-21,UNIONBANK,UNION BANK OF INDIA,185.3,185.3,182.5,183.45,184.68,6917352
2026-08-21,UNIONGOLD,UNIONAMC - UNIONGOLD,153.05,155.75,151.5,155.2,152.3,5192
2026-08-21,UNIPARTS,UNIPARTS INDIA LIMITED,815.0,822.35,806.45,815.3,810.15,79167
2026-08-21,UNIENTER,UNIPHOS ENTERPRISES LTD,94.21,98.59,94.1,94.46,94.65,2424
2026-08-21,UNITECH,UNITECH LTD,3.98,4.08,3.94,4.03,3.97,4737526
2026-08-21,UBL,UNITED BREWERIES LTD,1339.0,1355.0,1325.4,1348.9,1338.5,68125
2026-08-21,UNITEDTEA,UNITED NILGIRI TEA LTD,451.2,467.75,451.2,453.95,452.9,4415
2026-08-21,UNITDSPR,UNITED SPIRITS LIMITED,1550.0,1563.4,1527.0,1556.0,1544.0,831704
2026-08-21,UNIVCABLES,UNIVERSAL CABLES LTD,1652.7,1665.3,1580.0,1592.5,1644.2,135815
2026-08-21,UNOMINDA,UNO MINDA LIMITED,1261.0,1267.0,1252.0,1265.0,1260.5,456850
2026-08-21,UDS,UPDATER SERVICES LIMITED,214.1,218.39,210.82,215.67,212.75,257794
2026-08-21,UPL,UPL LIMITED,571.0,573.7,566.0,569.0,571.9,885783
2026-08-21,URBANCO,URBAN COMPANY LIMITED,151.94,160.0,151.0,158.6,145.49,65665943
2026-08-21,URJA,URJA GLOBAL LIMITED,9.39,9.45,9.28,9.35,9.32,476871
2026-08-21,UMESLTD,USHA MARTIN EDU & SOL LTD,6.08,6.08,5.37,5.46,5.96,111981
2026-08-21,USHAMART,USHA MARTIN LTD.,495.65,499.6,477.8,481.3,495.65,527138
2026-08-21,UTIAMC,UTI ASSET MNGMT CO LTD,896.0,900.0,892.2,893.05,896.5,38923
2026-08-21,LIQUIDBETA,UTIAMC - LIQUIDBETA,1005.29,1005.31,1005.29,1005.31,1004.91,2
2026-08-21,BANKBETA,UTIAMC-BANKBETA,60.96,60.96,59.5,59.61,59.48,113547
2026-08-21,GILT10BETA,UTIAMC-GILT10BETA,26.87,26.87,26.34,26.79,26.87,463
2026-08-21,GILT5BETA,UTIAMC-GILT5BETA,65.98,66.4,65.98,66.39,66.34,1108
2026-08-21,ITBETA,UTIAMC-ITBETA,320.69,323.63,317.24,319.15,323.34,665
2026-08-21,MIDCAPBETA,UTIAMC-MIDCAPBETA,237.07,237.07,235.87,235.99,236.37,662
2026-08-21,NEXT50BETA,UTIAMC-NEXT50BETA,80.41,80.41,79.25,79.65,79.91,96439
2026-08-21,NIFTYBETA,UTIAMC-NIFTYBETA,268.67,269.47,268.38,268.85,269.39,23223
2026-08-21,SENSEXBETA,UTIAMC-SENSEXBETA,858.5,861.74,857.67,859.62,861.25,1800
2026-08-21,SILVERBETA,UTIAMC-SILVERBETA,233.0,236.42,231.82,234.81,227.73,971089
2026-08-21,SNXT50BETA,UTIAMC-SNXT50BETA,96.68,96.68,96.0,96.12,96.63,1486
2026-08-21,GOLDBETA,UTIAMC-UTIGOLDBETA,134.4,134.4,132.05,133.75,131.15,923226
2026-08-21,UTKARSHBNK,UTKARSH SMALL FIN BANK L,13.9,14.6,13.9,14.43,13.92,12938296
2026-08-21,UTTAMSUGAR,UTTAM SUGAR MILLS LTD.,333.31,337.2,318.15,323.3,336.22,924239
2026-08-21,VTMLTD,V T M LTD.,46.16,46.6,45.45,46.13,46.17,27848
2026-08-21,VGUARD,V-GUARD IND LTD.,337.05,343.1,331.0,332.0,336.85,363474
2026-08-21,V2RETAIL,V2 RETAIL LIMITED,220.07,222.23,219.0,219.73,220.05,631899
2026-08-21,WABAG,VA TECH WABAG LTD,2070.0,2070.0,1986.1,2003.3,2057.9,411105
2026-08-21,VADILENT,VADILAL ENTERPRISES LTD.,9726.0,9726.0,9603.0,9700.0,9700.0,10
2026-08-21,VADILALIND,VADILAL INDUSTRIES LTD,7407.0,7551.0,7355.0,7417.5,7402.0,37178
2026-08-21,VAIBHAVGBL,VAIBHAV GLOBAL LIMITED,227.4,228.35,224.95,226.05,226.85,179482
2026-08-21,VAISHALI,VAISHALI PHARMA LIMITED,7.95,8.19,7.76,7.99,7.95,76118
2026-08-21,VAKRANGEE,VAKRANGEE LIMITED,5.82,5.95,5.78,5.87,5.82,968719
2026-08-21,VALIANTLAB,VALIANT LABORATORIES LTD,93.9,96.24,90.94,95.74,91.66,360356
2026-08-21,DBREALTY,VALOR ESTATE LIMITED,105.54,108.8,104.14,106.08,104.7,1714905
2026-08-21,VHL,VARDHMAN HOLDINGS LIMITED,3407.0,3555.4,3407.0,3453.8,3510.0,213
2026-08-21,VARDMNPOLY,VARDHMAN POLYTEX LTD.,6.14,6.4,6.05,6.1,6.14,133150
2026-08-21,VSSL,VARDHMAN SPC STEEL LTD,358.95,358.95,346.25,348.7,356.0,105308
2026-08-21,VTL,VARDHMAN TEXTILES LIMITED,599.35,608.0,589.35,602.9,600.5,312172
2026-08-21,VARROC,VARROC ENGINEERING LTD.,820.0,825.35,810.15,814.95,824.25,174167
2026-08-21,VBL,VARUN BEVERAGES LIMITED,438.3,441.6,430.1,430.1,438.3,2399879
2026-08-21,VGL,VARVEE GLOBAL LIMITED,57.75,57.75,55.8,56.05,58.09,13813
2026-08-21,VASCONEQ,VASCON ENGINEERS LTD,30.95,32.12,30.68,31.84,30.74,428283
2026-08-21,VASWANI,VASWANI IND LTD,46.99,47.75,46.05,46.55,46.62,15380
2026-08-21,MANYAVAR,VEDANT FASHIONS LIMITED,547.0,554.0,537.1,544.15,547.35,403295
2026-08-21,VAML,VEDANTA ALUMINIUM METAL L,438.4,444.95,437.85,440.3,435.75,6742696
2026-08-21,VISL,VEDANTA IRON AND STEEL L,36.21,37.8,36.21,36.74,36.2,32809073
2026-08-21,VEDL,VEDANTA LIMITED,270.3,279.7,269.0,279.0,268.0,23088301
2026-08-21,VOGL,VEDANTA OIL AND GAS LTD,36.69,38.99,36.51,38.39,36.69,68928568
2026-08-21,VEDPOWER,VEDANTA POWER LIMITED,36.1,36.72,35.85,36.3,36.04,13542613
2026-08-21,VEDAVAAG,VEDAVAAG SYSTEMS LTD.,18.11,18.9,18.11,18.42,18.47,27999
2026-08-21,VEEDOL,VEEDOL CORPORATION LTD,1512.0,1512.0,1500.4,1502.5,1510.4,5834
2026-08-21,VENKEYS,VENKY S (INDIA) LIMITED,1515.0,1530.8,1502.1,1507.4,1512.0,19632
2026-08-21,VENTIVE,VENTIVE HOSPITALITY LTD,570.0,577.6,556.6,564.15,574.5,66216
2026-08-21,VENUSPIPES,VENUS PIPES & TUBES LTD,1545.1,1597.0,1538.8,1556.6,1540.9,153943
2026-08-21,VERANDA,VERANDA LEARNING SOL LTD,258.0,264.95,256.05,259.25,255.9,1010798
2026-08-21,VESUVIUS,VESUVIUS INDIA LTD,431.0,449.5,423.8,439.4,429.3,156208
2026-08-21,VSTL,VIBHOR STEEL TUBES LTD,110.7,113.98,107.25,110.54,108.94,22826
2026-08-21,VGCL,VIBRANT GLOBAL CAPITAL L,58.35,60.6,56.9,59.96,59.85,8270
2026-08-21,VIDHIING,VIDHI SPCLTY F INGRDNTS L,322.25,333.0,319.9,328.55,319.5,19160
2026-08-21,VIDYAWIRES,VIDYA WIRES LIMITED,87.4,87.9,85.2,86.27,87.4,620746
2026-08-21,VIJSOLX,VIJAY SOLVEX LTD.,698.0,700.0,690.0,693.45,701.05,85
2026-08-21,VIJAYA,VIJAYA DIAGNOSTIC CEN LTD,1505.0,1510.0,1470.6,1504.4,1498.4,97322
2026-08-21,VIKASECO,VIKAS ECOTECH LIMITED,1.08,1.09,1.08,1.08,1.08,785155
2026-08-21,VIKASLIFE,VIKAS LIFECARE LIMITED,1.2,1.21,1.19,1.19,1.2,2305161
2026-08-21,VIKRAMSOLR,VIKRAM SOLAR LIMITED,172.9,178.15,171.5,173.23,171.99,3537515
2026-08-21,VIKRAN,VIKRAN ENGINEERING LTD,62.6,63.4,62.01,63.04,62.62,974773
2026-08-21,VIMTALABS,VIMTA LABS LIMITED,640.1,647.95,627.2,629.65,640.4,90619
2026-08-21,VINATIORGA,VINATI ORGANICS LTD,1335.1,1340.0,1308.0,1329.4,1330.5,45964
2026-08-21,VINDHYATEL,VINDHYA TELELINKS LTD,2446.7,2490.0,2386.1,2453.9,2436.0,37459
2026-08-21,VINEETLAB,VINEET LABORATORIES LTD,37.54,38.68,37.1,37.81,38.49,153146
2026-08-21,VINNY,VINNY OVERSEAS LIMITED,1.06,1.07,1.06,1.06,1.06,100695
2026-08-21,VINCOFE,VINTAGE COFFEE N BVRGS L,152.4,167.67,150.0,161.55,152.82,8055253
2026-08-21,VINYLINDIA,VINYL CHEMICALS (I) LTD.,235.0,238.0,233.48,235.19,234.78,4771
2026-08-21,VIPCLOTHNG,VIP CLOTHING LIMITED,21.49,21.49,19.56,20.44,21.11,79090
2026-08-21,VIPIND,VIP INDUSTRIES LTD,304.3,316.85,302.4,308.35,302.6,508916
2026-08-21,VIRAT,VIRAT INDUSTRIES LTD.,335.0,401.7,330.0,401.7,334.75,51714
2026-08-21,VIRINCHI,VIRINCHI LIMITED,15.02,15.89,15.02,15.55,15.16,29659
2026-08-21,VIRTUALG,VIRTUAL GLOBAL EDU LTD,0.59,0.6,0.51,0.55,0.51,3327122
2026-08-21,VOEPL,VIRTUOSO OPTOELECTRONIC L,488.25,493.0,477.0,488.05,485.55,44398
2026-08-21,VISACHROME,VISA CHROME LIMITED,36.89,38.0,36.49,36.99,36.52,19237
2026-08-21,VIVIDHA,VISAGAR POLYTEX LTD,0.55,0.55,0.53,0.54,0.54,103289
2026-08-21,VISAKAIND,VISAKA INDUSTRIES LIMITED,97.89,97.9,94.0,94.43,96.05,208555
2026-08-21,VISHAL,VISHAL FABRICS LTD.,19.99,19.99,18.12,18.68,18.49,52892
2026-08-21,VMM,VISHAL MEGA MART LIMITED,102.6,105.99,102.34,103.43,102.6,17742471
2026-08-21,VISHNU,VISHNU CHEMICALS LIMITED,626.0,634.4,625.0,629.25,625.2,39567
2026-08-21,VPRPL,VISHNU PRAKASH R PUNGLI L,33.25,33.95,32.2,32.71,33.52,292763
2026-08-21,VISHWARAJ,VISHWARAJ SUGAR IND LTD,5.76,5.8,5.61,5.69,5.76,715848
2026-08-21,VIVOBIOT,VIVO BIO TECH LTD.,19.94,19.94,18.66,18.73,19.29,14207
2026-08-21,VIYASH,VIYASH SCIENTIFIC LIMITED,266.0,278.8,265.85,275.95,265.85,6137160
2026-08-21,VLSFINANCE,VLS FINANCE LTD,249.1,251.9,247.1,248.95,249.3,9442
2026-08-21,VMART,VMART RETAIL LTD,810.7,860.0,801.7,838.85,806.7,612849
2026-08-21,VMSTMT,VMS TMT LIMITED,47.85,48.88,47.8,47.9,48.47,21792
2026-08-21,IDEA,VODAFONE IDEA LIMITED,14.03,14.09,13.92,13.94,14.03,190569146
2026-08-21,VOITHPAPR,VOITH PAPER FABRICS IND L,1505.0,1517.4,1469.3,1469.5,1517.4,124
2026-08-21,VOLTAMP,VOLTAMP TRANSFORMERS LTD,10345.0,10989.0,10344.5,10869.5,10313.5,123913
2026-08-21,VOLTAS,VOLTAS LTD,1223.6,1236.3,1220.0,1235.0,1219.5,557685
2026-08-21,VRAJ,VRAJ IRON AND STEEL LTD,123.7,123.7,121.0,121.36,122.45,10352
2026-08-21,VRLLOG,VRL LOGISTICS LIMITED,295.0,296.2,288.0,288.75,295.45,113689
2026-08-21,VSTIND,VST INDUSTRIES LTD,215.0,215.0,212.0,212.69,212.86,117733
2026-08-21,VSTTILLERS,VST TILLERS TRACTORS LTD,4435.2,4449.1,4401.0,4410.2,4432.2,3634
2026-08-21,WHBRADY,W H BRADY & CO. LTD.,502.0,539.85,502.0,534.5,490.2,148
2026-08-21,WPIL,W P I L LTD.,462.9,462.95,442.5,451.35,461.5,60772
2026-08-21,WSI,W.S.INDUSTRIES (I) LTD.,59.73,61.93,59.61,61.02,60.47,56815
2026-08-21,WAAREEENER,WAAREE ENERGIES LIMITED,2672.9,2727.0,2672.8,2678.2,2675.0,449753
2026-08-21,WAAREERTL,WAAREE RENEWABLE TECH LTD,879.3,886.45,871.4,875.3,880.4,105274
2026-08-21,WAKEFIT,WAKEFIT INNOVATIONS LTD,136.36,143.56,135.51,141.36,136.64,1842603
2026-08-21,WALCHANNAG,WALCHANDNAGAR INDUSTRIES,226.8,231.76,226.5,227.09,223.91,867402
2026-08-21,WANBURY,WANBURY LIMITED,265.25,268.85,263.2,264.85,268.5,102385
2026-08-21,WARDINMOBI,WARDWIZARD INNO & MOB L,6.17,6.3,6.17,6.18,6.17,225119
2026-08-21,WATERBASE,WATERBASE LTD.,51.95,54.0,50.22,52.39,50.22,84636
2026-08-21,CORDELIA,WATERWAYS LEISURE TOUR L,929.0,987.9,929.0,978.4,907.75,2047573
2026-08-21,WEWIN,WE WIN LIMITED,45.55,47.0,45.5,47.0,46.13,782
2026-08-21,TWCGOLDETF,WEALTH - TWCGOLDETF,157.0,158.77,156.3,158.24,155.32,8740
2026-08-21,WEALTH,WEALTH FRST PORT. MG. LTD,869.25,880.6,858.05,866.85,864.65,1824
2026-08-21,WEBELSOLAR,WEBSOL ENERGY SYSTEM LTD,82.2,84.29,82.2,82.8,82.85,1384020
2026-08-21,WEIZMANIND,WEIZMANN LTD,78.45,78.45,76.0,76.5,76.01,370
2026-08-21,WELCORP,WELSPUN CORP LIMITED,2175.0,2348.9,2133.0,2311.9,2005.2,19963038
2026-08-21,WELENT,WELSPUN ENTERPRISES LTD.,586.0,653.7,582.7,631.45,584.65,5656444
2026-08-21,WELSPUNLIV,WELSPUN LIVING LIMITED,189.0,190.35,185.68,189.22,188.69,4943428
2026-08-21,WELSPLSOL,WELSPUN SPECIALTY SOL L,49.59,54.2,49.01,51.38,48.41,9355286
2026-08-21,WENDT,WENDT (INDIA) LIMITED,8137.0,8270.0,8100.0,8182.5,8109.5,7495
2026-08-21,WSTCSTPAPR,WEST COAST PAPER MILLS LT,637.0,655.0,633.75,637.25,636.25,409865
2026-08-21,WCIL,WESTERN CARRIERS (IND) L,86.0,87.4,85.4,86.7,86.58,34456
2026-08-21,WESTLIFE,WESTLIFE FOODWORLD LTD,594.5,599.5,581.65,588.15,594.5,172490
2026-08-21,WEWORK,WEWORK INDIA MANAGEMENT L,691.0,697.0,676.5,682.9,688.15,131330
2026-08-21,WHEELS,WHEELS INDIA LTD,1490.0,1526.9,1462.8,1512.8,1483.8,138367
2026-08-21,WHIRLPOOL,WHIRLPOOL OF INDIA LTD,775.05,787.7,764.05,768.5,775.75,226768
2026-08-21,WILLAMAGOR,WILLIAMSON MAGOR,25.35,25.89,24.1,25.04,24.85,2236
2026-08-21,WINDLAS,WINDLAS BIOTECH LIMITED,990.0,1009.8,954.05,993.6,988.2,173115
2026-08-21,WINDMACHIN,WINDSOR MACHINES LIMITED,323.15,326.0,311.3,314.6,320.5,100313
2026-08-21,WIPRO,WIPRO LTD,180.6,181.76,180.0,180.79,181.0,4637869
2026-08-21,WOCKPHARMA,WOCKHARDT LIMITED,1831.1,1898.8,1830.0,1886.3,1830.6,559221
2026-08-21,WEL,WONDER ELECTRICALS LTD,131.81,142.28,127.75,141.27,136.04,1819846
2026-08-21,WONDERLA,WONDERLA HOLIDAYS LTD.,490.95,524.95,490.2,519.2,490.1,513327
2026-08-21,WORTHPERI,WORTH PERIPHERALS LIMITED,157.8,158.0,154.9,157.27,157.85,29350
2026-08-21,XCHANGING,XCHANGING SOLUTIONS LTD,61.6,61.99,60.22,61.25,61.28,62503
2026-08-21,XELPMOC,XELPMOC DESIGN & TECH LTD,76.5,79.99,74.0,76.96,76.22,24249
2026-08-21,XPROINDIA,XPRO INDIA LIMITED,1121.1,1153.7,1101.0,1142.0,1121.1,64004
2026-08-21,XTGLOBAL,XTGLOBAL INFOTECH LIMITED,29.28,29.28,27.96,28.49,28.67,193088
2026-08-21,XTRANET,XTRANET TECHNOLOGIES LTD,157.1,175.0,157.1,167.03,160.18,881187
2026-08-21,YASHO,YASHO INDUSTRIES LIMITED,4325.8,4478.8,4240.6,4400.0,4284.2,81869
2026-08-21,YATHARTH,YATHARTH HOSP & TRA C S L,848.0,858.0,846.0,855.15,847.85,171823
2026-08-21,YATRA,YATRA ONLINE LIMITED,114.76,119.7,113.6,116.93,114.64,3316067
2026-08-21,YESBANK,YES BANK LIMITED,22.74,22.87,22.63,22.8,22.74,33859169
2026-08-21,YOGI,YOGI LTD.,160.0,180.0,130.01,165.97,160.0,2180
2026-08-21,YUKEN,YUKEN INDIA LIMITED,952.35,982.85,936.1,964.6,952.35,34554
2026-08-21,ZFSTEERING,Z F STEERING GEAR (I) LTD,670.0,681.0,666.2,671.9,668.0,3763
2026-08-21,ZAGGLE,ZAGGLE PREPA OCEAN SER L,198.52,203.95,194.37,200.12,197.56,9326732
2026-08-21,ZEEL,ZEE ENTERTAINMENT ENT LTD,108.5,109.43,106.52,107.58,108.03,23307195
2026-08-21,ZEEMEDIA,ZEE MEDIA CORPORATION LTD,9.41,9.64,9.22,9.38,9.4,3123811
2026-08-21,ZENTEC,ZEN TECHNOLOGIES LIMITED,1900.0,1960.6,1885.6,1926.3,1909.1,579988
2026-08-21,ZENITHEXPO,ZENITH EXPORTS LTD,205.49,205.49,205.15,205.18,207.24,282
2026-08-21,ZENITHSTL,ZENITH STEEL PIP IND LTD,5.32,5.8,5.32,5.41,5.36,82277
2026-08-21,ZENSARTECH,ZENSAR TECHNOLOGIES  LTD,486.6,487.4,480.5,483.55,484.95,451489
2026-08-21,GOLDCASE,ZERODHAAMC - GOLDCASE,24.07,25.1,24.07,25.01,24.56,10812817
2026-08-21,LIQUIDCASE,ZERODHAAMC - LIQUIDCASE,115.58,115.61,115.58,115.59,115.55,19279354
2026-08-21,LTGILTCASE,ZERODHAAMC - LTGILTCASE,30.1,31.16,30.1,30.55,30.55,103612
2026-08-21,MID150CASE,ZERODHAAMC - MID150CASE,11.77,12.06,11.71,11.77,11.77,1021887
2026-08-21,NIFTYCASE,ZERODHAAMC - NIFTYCASE,9.74,9.84,9.63,9.73,9.74,299520
2026-08-21,SILVERCASE,ZERODHAAMC - SILVERCASE,23.9,24.83,23.42,24.69,23.9,15438878
2026-08-21,SML100CASE,ZERODHAAMC - SML100CASE,11.36,11.4,11.31,11.38,11.31,1556919
2026-08-21,TOP100CASE,ZERODHAAMC - TOP100CASE,10.79,10.79,10.56,10.66,10.67,687546
2026-08-21,ZFCVINDIA,ZF COM VE CTR SYS IND LTD,2646.0,2674.0,2595.9,2662.0,2621.5,90720
2026-08-21,ZIMLAB,ZIM LABORATORIES LIMITED,125.0,127.0,117.5,125.03,121.0,86602
2026-08-21,ZODIACLOTH,ZODIAC CLOTHING CO. LTD.,75.07,75.4,73.12,74.13,74.21,4176
2026-08-21,ZODIAC,ZODIAC ENERGY LIMITED,247.95,254.35,243.55,247.85,242.55,16143
2026-08-21,ZOTA,ZOTA HEALTH CARE LIMITED,1080.0,1096.8,1064.6,1087.4,1076.7,57264
2026-08-21,ZUARI,ZUARI AGRO CHEMICALS LTD,226.25,228.5,223.94,225.04,225.89,87541
2026-08-21,ZUARIIND,ZUARI INDUSTRIES LIMITED,285.95,285.95,272.8,279.3,285.15,170443
2026-08-21,ZYDUSLIFE,ZYDUS LIFESCIENCES LTD,1109.6,1120.0,1099.4,1120.0,1107.7,1005818
2026-08-21,ZYDUSWELL,ZYDUS WELLNESS LIMITED,501.3,504.3,490.05,490.8,501.3,107598
