date,symbol,name,open,high,low,close,prev_close,volume
2026-08-25,20MICRONS,20 MICRONS LTD,215.2,215.9,208.0,210.65,213.26,149537
2026-08-25,21STCENMGM,21ST CENTURY MGMT SERVICE,43.97,44.62,43.15,43.17,43.97,4222
2026-08-25,360ONE,360 ONE WAM LIMITED,1191.2,1210.0,1186.4,1210.0,1189.8,539607
2026-08-25,GOLD360,360ONEAMC - GOLD360,158.2,158.2,156.15,156.45,157.05,129924
2026-08-25,MSCI360,360ONEAMC - MSCI360,10.77,10.77,10.18,10.31,11.59,126047
2026-08-25,SILVER360,360ONEAMC - SILVER360,236.0,239.5,234.56,235.94,238.22,88364
2026-08-25,3BBLACKBIO,3B BLACKBIO DX LTD.,1261.5,1279.0,1230.1,1262.4,1261.6,11001
2026-08-25,3MINDIA,3M INDIA LIMITED,33800.0,33990.0,33400.0,33695.0,33885.0,1288
2026-08-25,3PLAND,3P LAND HOLDINGS LIMITED,32.2,32.2,31.53,31.99,31.73,2281
2026-08-25,5PAISA,5PAISA CAPITAL LIMITED,374.8,383.0,369.2,380.65,374.8,30476
2026-08-25,63MOONS,63 MOONS TECHNOLOGIES LTD,799.55,822.0,780.0,782.75,800.25,227133
2026-08-25,ABCOTS,A B COTSPIN INDIA LIMITED,212.0,212.0,200.1,204.6,208.43,6782
2026-08-25,ABMKNO,A B M KNOWLEDGEWARE LTD.,188.0,197.0,183.0,192.24,188.15,1014
2026-08-25,ACSTECH,A C S TECHNOLOGIES LTD.,52.49,52.49,50.5,50.96,51.39,283434
2026-08-25,AKCAPIT,A K CAPITAL SERVICES LTD.,1780.0,1780.0,1743.8,1752.8,1758.5,284
2026-08-25,A2ZINFRA,A2Z INFRA ENGINEERING LTD,16.07,16.38,15.85,15.97,16.07,368912
2026-08-25,AAATECH,AAA TECHNOLOGIES LIMITED,95.0,95.98,91.1,92.04,95.0,11730
2026-08-25,AADHARHFC,AADHAR HOUSING FINANCE L,466.45,477.85,465.0,475.0,466.45,541218
2026-08-25,AAKASH,AAKASH EXPLORATION SER L,8.85,8.96,8.66,8.8,8.77,93840
2026-08-25,AAREYDRUGS,AAREY DRUGS & PHARM LTD,78.11,78.83,74.6,76.91,78.1,111186
2026-08-25,AARON,AARON INDUSTRIES LIMITED,139.0,139.38,137.61,138.98,137.18,6874
2026-08-25,AARTIDRUGS,AARTI DRUGS LTD.,423.0,426.45,415.8,422.2,421.05,119365
2026-08-25,AARTIIND,AARTI INDUSTRIES LTD,543.15,551.75,534.2,538.9,543.15,1301000
2026-08-25,AARTIPHARM,AARTI PHARMALABS LIMITED,844.0,851.2,826.6,834.95,843.15,387475
2026-08-25,AARVI,AARVI ENCON LIMITED,152.71,153.54,147.55,150.76,152.71,31722
2026-08-25,AASTHA,AASTHA SPINTEX LIMITED,73.02,75.0,73.0,73.05,73.01,312284
2026-08-25,AAVAS,AAVAS FINANCIERS LIMITED,1329.8,1334.9,1310.1,1313.2,1336.3,92050
2026-08-25,ABANSENT,ABANS ENTERPRISES LTD.,27.55,27.9,26.8,27.62,27.55,1769
2026-08-25,AFSL,ABANS FINANCIAL SRVCS LTD,201.96,202.66,201.0,201.0,201.01,6605
2026-08-25,ABB,ABB INDIA LIMITED,7510.0,7627.0,7435.0,7627.0,7504.0,178245
2026-08-25,ABBOTINDIA,ABBOTT INDIA LIMITED,26550.0,26560.0,26180.0,26415.0,26420.0,10984
2026-08-25,ACC,ACC LIMITED,1301.1,1310.0,1291.0,1305.9,1300.9,73952
2026-08-25,ACCELYA,ACCELYA SOLN INDIA LTD,1137.1,1142.7,1130.0,1134.8,1137.1,2637
2026-08-25,ACEINTEG,ACE INTEGRATED SOLU. LTD.,17.81,18.63,16.98,17.21,17.81,11753
2026-08-25,ACMESOLAR,ACME SOLAR HOLDINGS LTD,404.0,405.85,389.8,399.3,409.15,1881116
2026-08-25,ACE,ACTION CONST EQUIP LTD,1172.6,1179.0,1150.1,1154.8,1167.2,166212
2026-08-25,ACUTAAS,ACUTAAS CHEMICALS LIMITED,3189.9,3325.0,3138.0,3313.4,3173.0,409528
2026-08-25,ADANIENSOL,ADANI ENERGY SOLUTION LTD,1554.9,1594.5,1532.0,1594.5,1555.1,2043772
2026-08-25,ADANIENT,ADANI ENTERPRISES LIMITED,2998.0,3110.0,2962.5,3110.0,2998.6,2025912
2026-08-25,ADANIGREEN,ADANI GREEN ENERGY LTD,1294.8,1330.0,1294.8,1330.0,1308.0,2436191
2026-08-25,ADANIPORTS,ADANI PORT & SEZ LTD,1674.0,1702.7,1671.0,1702.7,1672.1,1300541
2026-08-25,ADANIPOWER,ADANI POWER LTD,203.06,206.8,201.43,206.33,203.7,14258939
2026-08-25,ATGL,ADANI TOTAL GAS LIMITED,639.6,644.95,635.45,640.25,639.6,483227
2026-08-25,ADDIND,ADDI INDUSTRIES LTD.,93.99,93.99,82.5,86.89,86.36,1138
2026-08-25,ADFFOODS,ADF FOODS LIMITED,272.6,283.25,268.2,276.7,272.6,161203
2026-08-25,ABSLAMC,ADIT BIRL SUN LIF AMC LTD,992.6,1007.0,992.6,1001.8,998.7,121089
2026-08-25,ABCAPITAL,ADITYA BIRLA CAPITAL LTD.,412.2,414.5,405.3,410.85,412.9,3953527
2026-08-25,ABFRL,ADITYA BIRLA FASHION & RT,54.34,54.64,53.55,54.48,53.95,2967447
2026-08-25,ABLBL,ADITYA BIRLA LIFES BRAN L,85.15,86.0,84.95,85.44,85.13,358997
2026-08-25,BIRLAMONEY,ADITYA BIRLA MONEY LTD,127.95,128.19,125.18,127.3,126.31,23814
2026-08-25,ABREL,ADITYA BIRLA REAL EST LTD,1425.0,1434.4,1401.1,1408.0,1429.8,118346
2026-08-25,CPPLUS,ADITYA INFOTECH LIMITED,3434.8,3455.0,3330.1,3393.5,3419.5,219200
2026-08-25,AVL,ADITYA VISION LIMITED,585.0,587.0,573.0,574.9,588.5,178965
2026-08-25,BSLGOLDETF,ADITYBIRLA SL GOLD ETF-GR,141.35,141.95,140.82,141.41,141.38,2482465
2026-08-25,BSLNIFTY,ADITYBIRLA SL NIF ETF-GR,29.12,29.12,28.28,28.54,28.41,786598
2026-08-25,ADOR,ADOR WELDING LTD,1625.0,1625.0,1556.1,1580.4,1625.4,29717
2026-08-25,ADROITINFO,ADROIT INFOTECH LIMITED,10.79,10.79,10.01,10.1,10.33,10061
2026-08-25,ADVAIT,ADVAIT ENRGY TRANSITION L,2085.7,2085.7,2053.0,2061.6,2069.1,18526
2026-08-25,ADVANCE,ADVANCE AGROLIFE LIMITED,117.21,120.5,117.21,119.19,118.0,127445
2026-08-25,ADVENZYMES,ADVANCED ENZYME TECH LTD,302.35,304.9,296.1,299.75,302.35,215361
2026-08-25,ADVANIHOTR,ADVANI HOT.& RES.(I) LTD,50.43,50.8,50.0,50.34,50.18,15503
2026-08-25,ADVENTHTL,ADVENT HOTELS INTERNATI L,131.97,145.0,131.1,141.83,131.0,1730034
2026-08-25,ADVIKCA,ADVIK CAPITAL LTD.,1.21,1.23,1.16,1.2,1.19,261735
2026-08-25,RAMBHAJO,ADVIT JEWELS LIMITED,225.19,242.0,207.0,213.2,212.89,9924084
2026-08-25,AEGISLOG,AEGIS LOGISTICS LIMITED,1356.1,1361.2,1311.1,1321.6,1341.5,571623
2026-08-25,AEGISVOPAK,AEGIS VOPAK TERMINALS LTD,273.0,273.05,266.1,267.7,270.3,352115
2026-08-25,AEQUS,AEQUS LIMITED,257.0,258.38,248.3,255.2,256.07,1873451
2026-08-25,AEROENTER,AEROFLEX ENTERPRISES LTD,140.0,142.0,136.08,140.74,139.23,675104
2026-08-25,AEROFLEX,AEROFLEX INDUSTRIES LTD,503.0,511.0,489.05,495.75,504.25,949113
2026-08-25,AERONEU,AEROFLEX NEU LIMITED,82.92,87.0,81.2,84.64,81.16,4728
2026-08-25,AETHER,AETHER INDUSTRIES LIMITED,1666.8,1673.0,1622.2,1633.9,1667.8,220552
2026-08-25,AFCONS,AFCONS INFRASTRUCTURE LTD,287.0,290.9,281.45,285.7,278.65,3986090
2026-08-25,AFFLE,AFFLE 3I LIMITED,1735.1,1735.1,1683.4,1710.8,1740.0,133100
2026-08-25,AGARIND,AGARWAL INDS CORP LTD.,485.8,487.75,465.5,471.8,485.8,65961
2026-08-25,AGI,AGI GREENPAC LIMITED,742.0,757.0,725.3,730.85,741.65,203476
2026-08-25,AGIIL,AGI INFRA LIMITED,291.0,291.2,280.8,283.0,288.3,396981
2026-08-25,AGRITECH,AGRI-TECH (INDIA) LIMITED,102.51,102.51,101.0,101.16,102.05,759
2026-08-25,AGROPHOS,AGRO PHOS INDIA LIMITED,27.34,27.7,25.7,26.49,26.18,34120
2026-08-25,AHLADA,AHLADA ENGINEERS LIMITED,37.64,38.16,36.8,37.0,37.64,13327
2026-08-25,AHLUCONT,AHLUWALIA CONT IND LTD,649.6,665.0,643.5,651.75,649.6,121256
2026-08-25,AIAENG,AIA ENGINEERING LIMITED,4276.9,4318.9,4245.0,4267.4,4276.3,24623
2026-08-25,AIRAN,AIRAN LIMITED,14.9,15.15,14.9,15.0,15.17,31105
2026-08-25,AIROLAM,AIRO LAM LIMITED,88.99,89.0,88.95,88.95,88.99,1515
2026-08-25,AJANTPHARM,AJANTA PHARMA LIMITED,3580.0,3580.0,3500.7,3554.9,3579.9,116770
2026-08-25,AJAXENGG,AJAX ENGINEERING LIMITED,576.8,576.8,565.0,570.6,576.85,64413
2026-08-25,AJMERA,AJMERA REALTY & INF I LTD,117.0,119.88,116.7,117.44,118.6,184520
2026-08-25,AJOONI,AJOONI BIOTECH LIMITED,3.75,3.81,3.6,3.62,3.75,554802
2026-08-25,AKASH,AKASH INFRA-PROJECTS LTD,25.89,25.89,24.38,24.77,24.8,4314
2026-08-25,AKG,AKG EXIM LIMITED,8.92,9.25,8.86,8.99,8.92,44934
2026-08-25,AKI,AKI INDIA LIMITED,4.24,4.28,4.06,4.17,4.15,569416
2026-08-25,AFIL,AKME FINTRADE (INDIA) LTD,10.23,10.23,9.7,9.8,10.05,879536
2026-08-25,AKSHAR,AKSHAR SPINTEX LIMITED,0.41,0.42,0.41,0.41,0.41,605009
2026-08-25,AKUMS,AKUMS DRUGS AND PHARMA L,776.5,783.0,744.0,745.05,770.35,245722
2026-08-25,ALANKIT,ALANKIT LIMITED,8.11,8.2,8.01,8.1,8.11,83755
2026-08-25,ALBERTDAVD,ALBERT DAVID LIMITED,895.0,895.0,860.0,867.95,888.7,10291
2026-08-25,ALEMBICLTD,ALEMBIC LIMITED,92.37,97.0,91.16,94.66,91.64,1990793
2026-08-25,APLLTD,ALEMBIC PHARMA LTD,816.9,820.0,801.05,803.1,816.9,37809
2026-08-25,ALFREDHE,ALFRED HERBERT INDIA L,2985.0,3000.0,2985.0,2985.0,2985.0,24
2026-08-25,ALGOQUANT,ALGOQUANT FINTECH LIMITED,66.37,67.57,65.9,67.13,66.04,1229668
2026-08-25,ALICON,ALICON CASTALLOY LIMITED,727.0,727.25,690.0,697.8,726.5,57256
2026-08-25,ALIVUS,ALIVUS LIFE SCIENCES LTD,1369.0,1370.0,1335.2,1348.4,1366.1,33422
2026-08-25,ALKEM,ALKEM LABORATORIES LTD.,5378.0,5378.0,5297.0,5368.0,5350.0,48065
2026-08-25,ALKYLAMINE,ALKYL AMINES CHEM. LTD,2055.0,2100.5,2022.1,2061.5,2083.8,101592
2026-08-25,ALLTIME,ALL TIME PLASTICS LIMITED,201.29,209.84,197.13,204.62,201.29,152131
2026-08-25,AGL,ALLCARGO GLOBAL LIMITED,13.92,14.5,13.8,14.07,13.86,5444136
2026-08-25,ALLCARGO,ALLCARGO LOGISTICS LTD,13.32,13.32,12.0,12.26,13.33,47066996
2026-08-25,ATL,ALLCARGO TERMINALS LTD,27.49,27.99,26.72,27.16,27.59,319637
2026-08-25,ALLDIGI,ALLDIGI TECH LIMITED,818.9,818.9,806.1,814.85,814.85,3045
2026-08-25,ABDL,ALLIED BLEND N DISTILS L,615.0,643.9,613.4,633.45,610.35,1119810
2026-08-25,ADSL,ALLIED DIGITAL SERV. LTD,107.35,108.9,106.0,108.51,107.56,63019
2026-08-25,ALMONDZ,ALMONDZ GLOBAL SEC LTD,14.2,15.5,14.2,15.25,14.2,701633
2026-08-25,ALOKINDS,ALOK INDUSTRIES LIMITED,11.43,11.64,11.23,11.29,11.48,4447573
2026-08-25,ALPA,ALPA LABORATORIES LTD,63.6,63.6,61.5,62.09,61.66,4708
2026-08-25,ALPINETEX,ALPINE TEXWORLD LIMITED,56.94,57.29,55.55,55.84,57.33,135275
2026-08-25,ALUFLUOR,ALUFLUORIDE LTD.,457.9,458.6,451.0,452.0,458.6,4291
2026-08-25,AMAGI,AMAGI MEDIA LABS LIMITED,585.8,590.9,549.9,581.35,585.8,255641
2026-08-25,AMAL,AMAL LTD.,761.1,789.7,750.05,754.5,761.0,6381
2026-08-25,ARE&M,AMARA RAJA ENERGY MOB LTD,922.8,927.95,918.0,920.85,922.8,244774
2026-08-25,AMARJOTHI,AMARJOTHI SPINNING MILL L,158.61,165.0,157.0,160.05,161.37,1788
2026-08-25,AMBER,AMBER ENTERPRISES (I) LTD,7307.5,7445.0,7307.5,7432.0,7378.0,170338
2026-08-25,AMBICAAGAR,AMBICA AGAR & AROMAINDLTD,24.75,25.6,24.43,25.42,24.86,8821
2026-08-25,AMBIKCO,AMBIKA COTTON MILL LTD.,1666.8,1677.6,1604.5,1629.7,1662.2,15414
2026-08-25,AMBUJACEM,AMBUJA CEMENTS LTD,408.0,413.1,405.0,413.1,408.75,1476314
2026-08-25,AMDIND,AMD INDUSTRIES LIMITED,52.49,54.7,52.49,53.47,53.56,5689
2026-08-25,AMNPLST,AMINES & PLASTICIZERS LTD,187.01,192.0,185.35,187.73,188.91,3079
2026-08-25,AEROPLANE,AMIR CHAND JAG KUM (E) L,173.06,182.4,173.06,180.39,175.66,691459
2026-08-25,AMJLAND,AMJ LAND HOLDINGS LIMITED,38.99,39.25,38.01,38.32,38.56,15242
2026-08-25,AMRUTANJAN,AMRUTAJAN HEALTH LTD,524.9,536.05,520.1,523.2,522.1,128011
2026-08-25,ARSSBL,ANAND RATHI SH N STK BR L,526.0,546.05,521.15,537.35,526.2,352745
2026-08-25,ANANDRATHI,ANAND RATHI WEALTH LTD,2170.0,2173.0,2151.3,2164.4,2167.9,138326
2026-08-25,ANANTRAJ,ANANT RAJ LIMITED,614.0,616.4,609.0,613.15,614.6,821262
2026-08-25,ACL,ANDHRA CEMENTS LIMITED,44.6,46.0,44.0,44.3,44.81,20682
2026-08-25,ANDHRAPAP,ANDHRA PAPER LIMITED,60.99,61.49,59.33,59.66,60.8,157602
2026-08-25,ANDHRSUGAR,ANDHRA SUGARS LTD,99.86,100.39,97.5,97.74,99.28,489160
2026-08-25,ANDREWYU,ANDREW YULE & CO. LTD.,26.11,26.9,26.11,26.76,26.44,63676
2026-08-25,ANGELONE,ANGEL ONE LIMITED,286.8,301.55,284.0,300.9,286.0,10825633
2026-08-25,ANIKINDS,ANIK INDUSTRIES LTD,46.2,48.49,46.0,46.53,45.96,42656
2026-08-25,APCL,ANJANI PORTLAND CEM LTD,104.6,104.6,101.5,101.64,101.47,2080
2026-08-25,AHCL,ANLON HEALTHCARE LIMITED,15.45,15.45,14.97,15.05,15.43,1384779
2026-08-25,ANMOL,ANMOL INDIA LIMITED,10.04,10.15,9.86,10.09,9.93,61511
2026-08-25,ANNAPURNA,ANNAPURNA SWADISHT LTD,152.0,158.0,146.55,148.65,148.0,95753
2026-08-25,ANSALBU,ANSAL BUILDWELL LTD.,74.97,75.0,74.0,74.0,74.98,5001
2026-08-25,ANTGRAPHIC,ANTARCTICA LTD,0.75,0.75,0.73,0.73,0.73,121406
2026-08-25,ANTELOPUS,ANTELOPUS SELAN ENRGY LTD,793.55,798.4,780.35,786.6,798.65,63120
2026-08-25,ANTHEM,ANTHEM BIOSCIENCES LTD,888.95,895.0,871.0,874.7,883.35,317840
2026-08-25,AWHCL,ANTONY WASTE HDG CELL LTD,378.0,386.8,377.35,379.55,381.1,47069
2026-08-25,ANUHPHR,ANUH PHARMA LIMITED,79.29,79.29,77.01,77.27,78.83,20147
2026-08-25,ANURAS,ANUPAM RASAYAN INDIA LTD,1265.7,1266.3,1251.3,1264.6,1255.5,223832
2026-08-25,AONEGOLD,AONEAMC - AONEGOLD,15.25,15.25,14.89,14.99,15.02,745441
2026-08-25,AONELIQUID,AONEAMC - AONELIQUID,1074.2,1074.2,1074.18,1074.18,1073.9,20114
2026-08-25,AONENIFTY,AONEAMC - AONENIFTY,10.23,10.23,9.91,10.02,9.99,173078
2026-08-25,AONESILVER,AONEAMC - AONESILVER,9.23,9.23,9.02,9.14,9.25,391206
2026-08-25,AONETMMQ50,AONEAMC - AONETMMQ50,10.18,10.56,10.18,10.44,10.39,39259
2026-08-25,AONETOTAL,AONEAMC - AONETOTAL,11.99,12.08,11.75,12.02,11.99,109890
2026-08-25,APARINDS,APAR INDUSTRIES LTD.,16705.0,17170.0,16705.0,17001.0,16705.0,145435
2026-08-25,APCOTEXIND,APCOTEX INDUSTRIES LIMITE,626.0,626.0,613.4,617.25,618.8,58055
2026-08-25,APEX,APEX FROZEN FOODS LIMITED,397.0,397.75,387.0,389.1,395.85,155392
2026-08-25,APLAPOLLO,APL APOLLO TUBES LTD,2145.0,2151.8,2124.0,2139.3,2145.0,612263
2026-08-25,APOLLOHOSP,APOLLO HOSPITALS ENTER. L,8663.0,8889.0,8640.0,8889.0,8702.0,256819
2026-08-25,APOLLO,APOLLO MICRO SYSTEMS LTD,386.2,390.35,381.5,389.65,385.15,5272746
2026-08-25,APOLLOPIPE,APOLLO PIPES LIMITED,609.25,668.8,605.1,663.75,609.25,2312376
2026-08-25,APOLSINHOT,APOLLO SINDOORI HOTEL LTD,1201.4,1216.3,1189.2,1210.2,1201.4,868
2026-08-25,APOLLOTYRE,APOLLO TYRES LTD,447.0,447.15,440.0,441.4,445.85,473677
2026-08-25,APTUS,APTUS VALUE HSG FIN I LTD,254.0,258.7,250.75,254.4,254.35,5103135
2026-08-25,AQYLON,AQYLON NEXUS LIMITED,26.0,26.5,25.2,25.2,26.52,2759505
2026-08-25,ACI,ARCHEAN CHEMICAL IND LTD,517.0,518.0,484.05,499.25,515.95,948451
2026-08-25,ADL,ARCHIDPLY DECOR LIMITED,76.99,76.99,73.65,75.9,75.06,757
2026-08-25,ARCHIDPLY,ARCHIDPLY IND. LTD,116.5,124.78,112.5,114.33,111.51,517060
2026-08-25,ARCHIES,ARCHIES LTD,13.74,13.74,13.05,13.4,13.45,17275
2026-08-25,ARCL,ARCL ORGANICS LTD.,229.0,229.0,222.3,225.95,233.99,358
2026-08-25,ARDEE,ARDEE INDUSTRIES LIMITED,59.8,61.85,56.0,56.99,59.43,12659023
2026-08-25,ARFIN,ARFIN INDIA LIMITED,83.98,84.95,83.61,84.52,83.95,871564
2026-08-25,ARIES,ARIES AGRO LTD.,462.25,462.25,433.0,446.75,459.05,19980
2026-08-25,ARIHANTCAP,ARIHANT CAPITAL MKTS LTD,75.58,81.0,75.58,78.19,76.21,611755
2026-08-25,ARIHANT,ARIHANT FOUN & HOU LTD,1018.5,1019.4,962.6,971.9,999.6,5562
2026-08-25,ARIHANTSUP,ARIHANT SUPERSTRUCT LTD,252.95,253.55,250.0,250.0,253.5,654
2026-08-25,ARIS,ARISINFRA SOLUTIONS LTD,146.1,146.1,142.1,144.26,144.09,1165184
2026-08-25,ARKADE,ARKADE DEVELOPERS LIMITED,130.6,131.79,125.0,126.35,131.82,365011
2026-08-25,ARMANFIN,ARMAN FIN SERV LTD,1950.0,1960.4,1872.0,1907.8,1954.4,68058
2026-08-25,AROGRANITE,ARO GRANITE IND. LTD.,24.75,25.32,24.36,24.76,24.81,2105
2026-08-25,ARTNIRMAN,ART NIRMAN LIMITED,40.57,42.0,40.06,40.15,40.65,2305
2026-08-25,AEPL,ARTEMIS ELECTRICALS & P L,14.41,14.83,14.22,14.41,14.48,10551
2026-08-25,ARTEMISMED,ARTEMIS MED SERVICE LTD,327.8,329.95,320.2,323.7,328.9,193504
2026-08-25,ARVEE,ARVEE LABORATORIES I LTD,162.0,184.99,162.0,182.05,164.43,34993
2026-08-25,ARVINDFASN,ARVIND FASHIONS LIMITED,442.95,443.95,434.95,438.0,442.95,75563
2026-08-25,ARVIND,ARVIND LIMITED,525.0,540.9,524.9,539.3,531.75,1077722
2026-08-25,ARVSMART,ARVIND SMARTSPACES LTD,698.55,699.95,681.0,683.75,694.85,52859
2026-08-25,ARYAMAN,ARYAMAN FINANCIAL SERV L,605.15,630.0,605.15,625.05,605.15,789
2026-08-25,ASAHIINDIA,ASAHI INDIA GLASS LIMITED,963.0,966.7,945.0,955.9,962.15,114291
2026-08-25,ASHAPURMIN,ASHAPURA MINECHEM LTD,585.0,588.45,568.5,570.5,585.8,570382
2026-08-25,ASHIANA,ASHIANA HOUSING LTD,365.0,368.2,362.0,365.25,366.6,21656
2026-08-25,ASHIMASYN,ASHIMA LTD,18.55,19.2,18.14,18.25,18.35,128155
2026-08-25,ASHOKLEY,ASHOK LEYLAND LTD,172.36,174.69,171.58,174.69,173.29,8635802
2026-08-25,ASHOKA,ASHOKA BUILDCON LTD,113.2,114.5,112.53,114.01,113.22,507744
2026-08-25,ASHOKAMET,ASHOKA METCAST LIMITED,14.0,14.3,13.11,13.92,13.86,18986
2026-08-25,ASIANENE,ASIAN ENERGY SERVICES LTD,466.9,470.0,448.6,451.4,466.9,242050
2026-08-25,ASIANTILES,ASIAN GRANITO IND. LTD.,46.26,46.69,45.51,46.37,45.4,2829146
2026-08-25,AHLEAST,ASIAN HOTELS (EAST) LTD,142.0,142.0,140.22,140.22,143.22,32
2026-08-25,ASIANHOTNR,ASIAN HOTELS (NORTH) LTD,301.95,301.95,294.25,299.35,301.1,4731
2026-08-25,ASIANPAINT,ASIAN PAINTS LIMITED,2631.0,2640.0,2605.2,2639.8,2640.8,479480
2026-08-25,ASTAR,ASIAN STAR CO. LTD.,590.0,600.0,570.0,600.0,599.85,123
2026-08-25,ASIANTNE,ASIAN TEA & EXPORTS LTD.,9.9,9.9,9.3,9.59,9.6,3298
2026-08-25,ASKAUTOLTD,ASK AUTOMOTIVE LIMITED,613.0,615.95,598.85,605.2,615.4,452810
2026-08-25,ASPINWALL,ASPINWALL & CO LTD,260.0,265.9,259.9,260.61,259.74,4020
2026-08-25,ASALCBR,ASSO ALCOHOLS & BREW LTD,725.35,731.5,720.0,722.55,725.35,14075
2026-08-25,ASTEC,ASTEC LIFESCIENCES LTD,590.0,608.9,584.25,597.25,592.7,21963
2026-08-25,ASTERDM,ASTER DM QUALITY CARE LTD,752.0,767.0,752.0,765.25,750.9,1997998
2026-08-25,ASTRAMICRO,ASTRA MICROWAVE LTD,1676.5,1726.9,1676.5,1708.0,1664.9,429429
2026-08-25,ASTRAL,ASTRAL LIMITED,1524.6,1544.7,1519.0,1540.0,1532.8,565330
2026-08-25,ASTRAZEN,ASTRAZENECA PHARMA IND LT,7264.0,7275.0,7110.0,7146.0,7232.0,15334
2026-08-25,ATALREAL,ATAL REALTECH LIMITED,33.55,34.85,33.45,34.06,33.66,8739787
2026-08-25,ATAM,ATAM VALVES LIMITED,55.55,56.38,54.9,55.49,55.5,9364
2026-08-25,ATHERENERG,ATHER ENERGY LIMITED,1454.8,1467.7,1430.0,1439.4,1453.1,1064648
2026-08-25,ATLANTAELE,ATLANTA ELECTRICALS LTD,1801.0,1812.0,1712.6,1719.6,1819.5,120669
2026-08-25,ATLANTAA,ATLANTAA LIMITED,38.7,38.7,37.51,37.79,38.0,23305
2026-08-25,ATLASCYCLE,ATLAS CYCLE (HARYANA) LTD,96.67,99.45,95.81,97.1,96.68,817
2026-08-25,ATULAUTO,ATUL AUTO LIMITED,488.95,488.95,480.55,485.95,485.4,84857
2026-08-25,ATUL,ATUL LTD,6425.0,6510.0,6386.5,6492.5,6425.0,30738
2026-08-25,AUBANK,AU SMALL FINANCE BANK LTD,1114.0,1144.1,1105.1,1128.6,1114.0,5688015
2026-08-25,AURIONPRO,AURIONPRO SOLN LTD,709.0,715.05,690.05,711.35,708.6,201399
2026-08-25,AUROPHARMA,AUROBINDO PHARMA LTD,1604.1,1623.8,1598.8,1617.8,1608.0,589518
2026-08-25,AURUM,AURUM PROPTECH LIMITED,232.0,237.0,230.38,236.46,232.17,140550
2026-08-25,AURUS,AURUS GEM CORP LIMITED,4.74,4.74,4.48,4.59,4.65,16685
2026-08-25,AUSOMENT,AUSOM ENTERPRISE LIMITED,149.98,151.0,146.0,147.59,147.69,5315
2026-08-25,AUSTENG,AUSTIN ENGINEERING CO. L,127.0,128.99,122.75,123.17,126.4,336
2026-08-25,AIIL,AUTHUM INVEST & INFRA LTD,554.95,573.3,554.95,566.65,554.9,279835
2026-08-25,AUTOIND,AUTOLINE INDUSTRIES LTD,89.1,91.14,87.41,89.47,89.87,152853
2026-08-25,ACGL,AUTOMOBILE CORPN OF GOA L,1799.9,1828.8,1789.9,1794.4,1793.8,102
2026-08-25,AUTOAXLES,AUTOMOTIVE AXLES LIMITED,1743.8,1752.3,1715.2,1731.2,1743.8,5745
2026-08-25,ASAL,AUTOMOTIVE STAMPINGS & AS,493.8,500.4,486.25,489.75,493.8,17271
2026-08-25,AVADHSUGAR,AVADH SUG & ENERGY LTD,809.0,829.5,788.45,806.15,832.2,352766
2026-08-25,AVALON,AVALON TECHNOLOGIES LTD,2119.4,2151.7,2077.0,2111.5,2119.4,200866
2026-08-25,AVANCE,AVANCE TECHNOLOGIES LTD.,0.9,0.9,0.88,0.88,0.88,3142695
2026-08-25,AVANTEL,AVANTEL LIMITED,158.0,159.33,157.5,157.78,158.66,450556
2026-08-25,AVANTIFEED,AVANTI FEEDS LIMITED,853.45,861.3,841.0,843.9,853.45,147810
2026-08-25,DMART,AVENUE SUPERMARTS LIMITED,3940.0,3960.0,3897.4,3909.6,3940.0,215829
2026-08-25,CCAVENUE,AVENUESAI LIMITED,15.03,15.18,14.91,15.06,15.03,6372614
2026-08-25,AVONMORE,AVONMORE CAP&MGT SERV LTD,13.79,13.8,13.3,13.44,13.58,233097
2026-08-25,AVROIND,AVRO INDIA LIMITED,9.15,9.6,8.95,9.14,9.09,511483
2026-08-25,AVTNPL,AVT NATURAL PRODUCTS LTD,87.6,89.5,86.1,87.17,87.15,184728
2026-08-25,AWFIS,AWFIS SPACE SOLUTIONS LTD,279.05,284.0,271.35,272.55,277.7,310975
2026-08-25,AWL,AWL AGRI BUSINESS LIMITED,194.0,204.82,192.98,200.64,193.88,16360851
2026-08-25,AXISBANK,AXIS BANK LIMITED,1236.1,1240.5,1229.8,1235.0,1236.0,3606504
2026-08-25,BNKETFAXIS,AXISAMC-BNKETFAXIS,593.7,594.44,590.62,592.0,593.48,313
2026-08-25,CONSUMAXIS,AXISAMC-CONSUMAXIS,123.69,125.0,123.45,125.0,123.32,1774
2026-08-25,GOLDAXIS,AXISAMC-GOLDAXIS,134.31,134.51,133.24,133.78,134.31,1620658
2026-08-25,HEALTHAXIS,AXISAMC-HEALTHAXIS,166.88,190.0,166.78,169.82,166.57,2708
2026-08-25,ITAXIS,AXISAMC-ITAXIS,337.89,339.2,334.0,337.8,335.2,935
2026-08-25,NIFTYAXIS,AXISAMC-NIFTYAXIS,273.06,273.06,267.22,269.11,267.71,5016
2026-08-25,SENSEXAXIS,AXISAMC-SENSEXAXIS,78.52,82.0,78.52,80.86,80.12,1911
2026-08-25,SILVERAXIS,AXISAMC-SILVERAXIS,238.5,240.03,237.17,237.74,240.82,193613
2026-08-25,VALUEAXIS,AXISAMC-VALUEAXIS,32.94,32.94,32.7,32.83,32.8,68537
2026-08-25,AXISCADES,AXISCADES TECH LTD,1564.8,1615.0,1557.8,1604.1,1556.9,130984
2026-08-25,AXITA,AXITA COTTON LIMITED,8.05,8.3,7.8,7.98,7.98,2172120
2026-08-25,AXTEL,AXTEL INDUSTRIES LTD.,406.3,418.9,406.0,416.4,406.1,1452
2026-08-25,AYE,AYE FINANCE LIMITED,168.86,177.9,164.28,172.84,167.18,2001332
2026-08-25,AYMSYNTEX,AYM SYNTEX LIMITED,248.0,260.0,248.0,254.6,248.55,21209
2026-08-25,AZAD,AZAD ENGINEERING LIMITED,2791.0,2916.9,2791.0,2804.5,2796.2,738435
2026-08-25,AZADIND,AZAD INDIA MOBILITY LTD.,91.0,92.06,90.56,90.71,90.67,25897
2026-08-25,BBTCL,B&B TRIPLEWALL CONT LTD,239.95,240.0,233.2,235.77,240.93,5177
2026-08-25,BAGFILMS,B.A.G FILMS AND MEDIA LTD,4.46,4.53,4.18,4.38,4.41,222152
2026-08-25,BLKASHYAP,B.L.KASHYAP & SON LTD,52.45,53.25,51.89,52.45,52.44,188829
2026-08-25,STYLEBAAZA,BAAZAR STYLE RETAIL LTD,385.6,400.8,377.0,394.5,396.8,3325644
2026-08-25,BAIDFIN,BAID FINSERV LIMITED,9.74,9.88,9.6,9.7,9.64,29473
2026-08-25,BAJAJ-AUTO,BAJAJ AUTO LIMITED,11800.0,11927.0,11722.0,11927.0,11800.0,159272
2026-08-25,BAJAJCON,BAJAJ CONSUMER CARE LTD,468.8,481.8,453.7,455.05,463.2,939360
2026-08-25,BAJAJELEC,BAJAJ ELECT.LTD,342.3,345.8,332.65,334.35,344.65,384533
2026-08-25,BAJFINANCE,BAJAJ FINANCE LIMITED,1077.0,1087.4,1066.3,1087.4,1077.0,2770499
2026-08-25,BAJAJFINSV,BAJAJ FINSERV LTD.,2004.9,2011.7,1985.0,2004.0,2001.7,410121
2026-08-25,BAJAJHCARE,BAJAJ HEALTHCARE LIMITED,324.9,324.9,319.05,320.1,321.55,40621
2026-08-25,BAJAJHIND,BAJAJ HINDUSTHAN SUGAR LT,24.1,24.35,22.2,22.81,24.23,113245372
2026-08-25,BAJAJHLDNG,BAJAJ HOLDINGS & INVS LTD,11120.0,11290.0,10811.0,11290.0,11120.0,64609
2026-08-25,BAJAJHFL,BAJAJ HOUSING FINANCE LTD,84.0,84.33,83.78,84.02,84.05,1822737
2026-08-25,BAJAJST,BAJAJ STEEL INDS. LTD.,350.55,359.1,350.55,356.85,353.2,6924
2026-08-25,BAJEL,BAJEL PROJECTS LIMITED,190.8,190.8,187.2,188.0,192.09,66495
2026-08-25,BALPHARMA,BAL PHARMA LTD.,86.99,86.99,85.07,85.22,85.19,4675
2026-08-25,BALAMINES,BALAJI AMINES LIMITED,2241.6,2390.0,2205.3,2343.6,2224.5,600325
2026-08-25,BALAJITELE,BALAJI TELEFILMS LIMITED.,96.37,97.15,94.18,95.09,95.7,153988
2026-08-25,BALAXI,BALAXI PHARMA LTD,23.35,23.35,22.31,22.83,22.81,10635
2026-08-25,BALKRISIND,BALKRISHNA IND. LTD,2379.4,2379.4,2311.0,2366.3,2358.4,237695
2026-08-25,BALKRISHNA,BALKRISHNA PAPER MILLS L,17.45,17.8,17.1,17.21,17.26,27160
2026-08-25,BALMLAWRIE,BALMER LAWRIE & CO LTD,176.1,176.89,174.81,175.16,176.08,68298
2026-08-25,BLIL,BALMER LAWRIE INVSTS. L,72.47,72.47,71.5,71.9,72.01,52679
2026-08-25,BALRAMCHIN,BALRAMPUR CHINI MILLS LTD,686.55,703.1,663.3,668.1,695.5,5009522
2026-08-25,BALUFORGE,BALU FORGE INDUSTRIES LTD,622.75,626.8,607.0,609.6,632.2,2738438
2026-08-25,BANARBEADS,BANARAS BEADS LTD,112.67,114.71,110.15,110.52,112.67,2387
2026-08-25,BANCOINDIA,BANCO PRODUCTS (I) LTD,623.8,625.65,609.9,616.75,623.8,164040
2026-08-25,BANDHANBNK,BANDHAN BANK LIMITED,174.4,175.47,172.45,173.5,173.9,4336723
2026-08-25,GOLDBND,BANDHANAMC - GOLDBND,160.67,161.98,159.54,159.81,160.69,17409
2026-08-25,IDFNIFTYET,BANDHANAMC - IDFNIFTYET,266.82,268.6,265.0,268.6,268.16,1788
2026-08-25,SILVERBND,BANDHANAMC - SILVERBND,241.8,242.19,237.78,240.02,242.79,20941
2026-08-25,BANG,BANG OVERSEAS LTD.,35.0,36.3,32.77,34.71,34.04,690961
2026-08-25,BANKBARODA,BANK OF BARODA,241.5,242.9,239.9,241.0,241.5,11320890
2026-08-25,BANKINDIA,BANK OF INDIA,141.43,143.99,140.9,143.99,142.0,6580120
2026-08-25,MAHABANK,BANK OF MAHARASHTRA,80.71,82.93,80.51,81.7,80.7,19104372
2026-08-25,BANKA,BANKA BIOLOO LIMITED,81.9,81.9,79.1,79.9,81.9,1432
2026-08-25,BANARISUG,BANNARI AMMAN SUGARS LTD,3965.1,3965.1,3882.2,3899.9,3997.9,3615
2026-08-25,BANSALWIRE,BANSAL WIRE INDUSTRIES L,319.2,322.25,315.6,318.15,321.9,65662
2026-08-25,BANSWRAS,BANSWARA SYNTEX LIMITED,121.64,123.49,118.5,119.58,121.59,19160
2026-08-25,BVCL,BARAK VALLEY CEM. LTD.,41.21,44.4,41.21,42.81,41.63,244547
2026-08-25,BBNPNBETF,BARODABNP - BBNPNBETF,58.12,59.72,57.68,59.72,58.61,6080
2026-08-25,BBNPPGOLD,BARODABNP - BBNPPGOLD,156.05,156.95,154.1,155.35,156.05,5765
2026-08-25,BASF,BASF INDIA LTD,3904.5,3909.0,3841.0,3872.2,3878.6,16102
2026-08-25,BATAINDIA,BATA INDIA LTD,686.25,689.35,680.8,684.7,686.25,111675
2026-08-25,BATLIBOI,BATLIBOI LTD.,87.5,88.5,85.3,86.13,87.6,20769
2026-08-25,BAYERCROP,BAYER CROPSCIENCE LTD,4049.0,4095.8,4030.5,4089.5,4043.6,20364
2026-08-25,BCLIND,BCL INDUSTRIES LIMITED,37.98,38.3,37.42,37.71,37.99,716112
2026-08-25,BCPL,BCPL RAILWAY INFRA LTD,70.6,70.6,69.0,69.84,70.06,5847
2026-08-25,BEARDSELL,BEARDSELL LIMITED,25.96,27.0,25.73,26.79,26.23,24345
2026-08-25,BEDMUTHA,BEDMUTHA INDUST LTD,109.05,109.05,104.0,108.12,108.5,6336
2026-08-25,BEEKAY,BEEKAY STEEL INDS. LTD.,435.0,438.0,426.2,434.35,444.05,1905
2026-08-25,BLEL,BEHARI LAL ENGINEERING L,463.75,474.55,441.3,450.3,460.15,2752275
2026-08-25,BELLACASA,BELLA CASA FASH AND RET L,229.0,230.47,216.0,223.36,229.19,18153
2026-08-25,BELRISE,BELRISE INDUSTRIES LTD,229.2,231.1,227.2,227.95,229.2,1815539
2026-08-25,BLAL,BEML LAND ASSETS LIMITED,169.83,169.83,166.91,167.0,168.24,27147
2026-08-25,BEML,BEML LIMITED,1926.0,1977.0,1902.6,1923.0,1915.0,362954
2026-08-25,BENARAS,BENARES HOTELS LTD.,10300.0,10300.0,10201.0,10201.0,10336.0,33
2026-08-25,BENGALASM,BENGAL & ASSAM CO. LTD.,6170.0,6170.0,6150.5,6165.0,6184.5,32
2026-08-25,BERGEPAINT,BERGER PAINTS (I) LTD,515.5,517.4,508.0,509.85,515.5,210006
2026-08-25,BESTAGRO,BEST AGROLIFE LIMITED,17.86,18.16,17.47,17.69,17.71,471922
2026-08-25,BETA,BETA DRUGS LIMITED,2307.0,2319.5,2251.0,2287.2,2307.0,9982
2026-08-25,BFINVEST,BF INVESTMENT LIMITED,451.0,451.0,446.35,448.95,448.85,8250
2026-08-25,BFUTILITIE,BF UTILITIES LIMITED,515.0,521.9,515.0,519.9,515.75,24380
2026-08-25,BANK10BETF,BFAM - BANK10BETF,20.85,21.54,20.69,20.88,20.98,941
2026-08-25,BANKBETF,BFAM - BANKBETF,58.38,58.72,58.17,58.36,58.32,3236
2026-08-25,LIQUIDBETF,BFAM - LIQUIDBETF,1096.17,1096.19,1096.17,1096.18,1095.91,178990
2026-08-25,NIFTYBETF,BFAM - NIFTYBETF,249.18,250.62,248.17,249.75,249.18,858
2026-08-25,BHAGCHEM,BHAGIRADHA CHEM & INDS L,283.0,289.9,280.0,287.2,282.9,41915
2026-08-25,BHAGYANGR,BHAGYANAGAR INDIA LIMITED,392.0,394.3,380.4,383.3,388.95,54521
2026-08-25,BHANDARI,BHANDARI HOSIERY EXP LTD,3.1,3.1,3.03,3.04,3.06,61811
2026-08-25,BEPL,BHANSALI ENG. POLYMERS LT,126.5,131.5,125.21,129.62,125.26,4645166
2026-08-25,BBL,BHARAT BIJLEE LTD,2384.9,2393.6,2329.2,2348.7,2384.9,21847
2026-08-25,BHARATCOAL,BHARAT COKING COAL LTD,34.8,34.89,34.14,34.35,34.97,4854950
2026-08-25,BDL,BHARAT DYNAMICS LIMITED,1363.0,1393.7,1352.0,1359.9,1368.0,2155826
2026-08-25,BEL,BHARAT ELECTRONICS LTD,407.0,413.25,405.95,413.25,409.0,9410099
2026-08-25,BHARATFORG,BHARAT FORGE LTD,2040.5,2052.5,2026.0,2052.5,2041.0,559434
2026-08-25,BPLPHARMA,BHARAT PARENTERALS LTD.,1499.9,1499.9,1410.8,1472.4,1441.2,1334
2026-08-25,BPCL,BHARAT PETROLEUM CORP  LT,312.05,319.75,311.1,318.1,311.9,6592471
2026-08-25,BHARATRAS,BHARAT RASAYAN LTD,1275.2,1298.8,1269.0,1273.2,1283.1,9935
2026-08-25,BRNL,BHARAT ROAD NETWORK LTD,17.55,17.55,17.0,17.3,17.18,9183
2026-08-25,BHARATSE,BHARAT SEATS LIMITED,224.45,225.0,220.15,222.27,226.21,137370
2026-08-25,BHARATWIRE,BHARAT WIRE ROPES LTD.,185.79,191.0,185.19,189.25,186.73,75622
2026-08-25,BHARTIARTL,BHARTI AIRTEL LIMITED,1926.0,1947.0,1923.4,1947.0,1935.0,3820206
2026-08-25,BHARTIHEXA,BHARTI HEXACOM LIMITED,1594.8,1611.3,1587.3,1592.9,1605.8,56186
2026-08-25,BIL,BHARTIYA INTERNATIONAL,846.6,850.0,840.0,845.75,835.45,8250
2026-08-25,BHEL,BHEL,410.8,417.0,408.15,417.0,411.4,4652600
2026-08-25,BIGBLOC,BIGBLOC CONSTRUCTION LTD,43.0,43.98,43.0,43.73,42.88,21650
2026-08-25,BIKAJI,BIKAJI FOODS INTERN LTD,602.95,605.0,598.1,599.8,602.95,106743
2026-08-25,GROWW,BILLIONBRAINS GARAGE VN L,196.4,205.21,196.11,203.01,196.47,53203469
2026-08-25,BIMETAL,BIMETAL BEARINGS LTD.,619.75,625.0,604.0,623.05,619.75,464
2026-08-25,BIOCON,BIOCON LIMITED.,410.9,417.2,407.0,417.2,409.4,3087232
2026-08-25,BIOFILCHEM,BIOFIL CHEM & PHARMA LTD,32.34,33.98,31.46,32.06,32.34,424640
2026-08-25,BIRLACORPN,BIRLA CORPORATION LTD,889.05,890.95,878.0,880.1,889.4,27511
2026-08-25,BIRLAPREC,BIRLA PRECISION TECH L,45.07,45.99,43.32,44.07,45.53,587954
2026-08-25,BIRLANU,BIRLANU LIMITED,1503.2,1542.5,1502.5,1529.2,1502.9,9311
2026-08-25,ABGSEC,BIRLASLAMC - ABGSEC,114.87,114.87,114.1,114.48,115.1,141
2026-08-25,ABSL10BANK,BIRLASLAMC - ABSL10BANK,169.52,170.8,169.0,169.79,169.01,409
2026-08-25,ABSLBANETF,BIRLASLAMC - ABSLBANETF,58.92,59.18,58.63,58.92,58.63,203155
2026-08-25,ABSLLIQUID,BIRLASLAMC - ABSLLIQUID,1000.0,1000.01,999.99,1000.0,1000.0,1977
2026-08-25,ABSLMSCIN,BIRLASLAMC - ABSLMSCIN,29.84,29.84,29.65,29.8,29.7,4
2026-08-25,ABSLNN50ET,BIRLASLAMC - ABSLNN50ET,77.99,78.69,77.72,78.69,77.88,12099
2026-08-25,BSLSENETFG,BIRLASLAMC - BSLSENETFG,77.79,78.95,77.61,78.14,77.79,1445
2026-08-25,HEALTHY,BIRLASLAMC - HEALTHY,16.94,17.18,16.78,16.99,16.86,323335
2026-08-25,MOMENTUM,BIRLASLAMC - MOMENTUM,32.07,32.34,31.29,31.94,31.29,58111
2026-08-25,NIFTYQLITY,BIRLASLAMC - NIFTYQLITY,21.61,21.86,21.46,21.69,21.61,44349
2026-08-25,SILVER,BIRLASLAMC - SILVER,239.54,241.3,238.3,239.02,242.05,1067741
2026-08-25,TECH,BIRLASLAMC - TECH,33.54,33.66,33.25,33.54,33.2,9456
2026-08-25,ABSLPSE,BIRLASLAMC-ABSLPSE,10.16,10.29,10.12,10.15,10.16,106143
2026-08-25,BSOFT,BIRLASOFT LIMITED,299.15,302.45,289.1,291.0,299.0,1232832
2026-08-25,BBOX,BLACK BOX LIMITED,756.0,762.85,744.0,746.9,759.85,227896
2026-08-25,BLACKBUCK,BLACKBUCK LIMITED,601.0,605.95,596.2,601.25,604.4,355284
2026-08-25,BLBLIMITED,BLB LIMITED,15.71,16.3,15.71,16.03,16.07,383957
2026-08-25,BLSE,BLS E-SERVICES LIMITED,315.0,318.0,310.75,312.1,315.0,241258
2026-08-25,BLS,BLS INTL SERVS LTD,243.99,246.96,234.51,243.32,241.51,8461840
2026-08-25,BLUECHIP,BLUE CHIP INDIA LIMITED,2.02,2.02,2.02,2.02,1.99,9084
2026-08-25,BLUECLOUDS,BLUE CLOUD SOFTECH SOLU L,23.99,23.99,22.1,22.28,22.98,2393447
2026-08-25,BLUEDART,BLUE DART EXPRESS LTD,5053.5,5079.0,4980.0,4994.5,5053.5,7372
2026-08-25,BLUEJET,BLUE JET HEALTHCARE LTD,590.0,595.15,583.5,589.15,588.8,314126
2026-08-25,BLUESTARCO,BLUE STAR LIMITED,1504.0,1516.0,1493.7,1515.0,1504.0,337829
2026-08-25,BLUESTONE,BLUESTONE JEWEL LFSTL LTD,817.0,825.9,805.15,810.65,821.6,407155
2026-08-25,BLUSPRING,BLUSPRING ENTERPRISES LTD,133.67,134.79,122.51,126.83,133.01,817693
2026-08-25,BMWVENTLTD,BMW VENTURES LIMITED,57.05,58.4,56.75,56.97,57.04,78445
2026-08-25,BNAGROCHEM,BN AGROCHEM LTD.,235.05,239.9,227.1,229.8,238.9,15584
2026-08-25,BTML,BODHI TREE MULTIMEDIA LTD,7.83,9.06,7.75,8.96,7.84,2508920
2026-08-25,BOHRAIND,BOHRA INDUSTRIES LIMITED,14.92,14.92,13.6,13.73,14.56,35661
2026-08-25,BBTC,BOMBAY BURMAH TRADING COR,1424.0,1430.0,1419.2,1422.4,1422.2,15971
2026-08-25,BOMDYEING,BOMBAY DYEING & MFG. CO L,110.7,111.66,109.21,110.26,110.55,416247
2026-08-25,BSHSL,BOMBAY SUPER HYBRID SEEDS,88.7,89.19,86.0,88.6,87.84,3089
2026-08-25,BONLON,BONLON INDUSTRIES LIMITED,40.05,40.96,38.99,40.06,39.73,91480
2026-08-25,BORANA,BORANA WEAVES LIMITED,305.6,312.5,303.35,306.95,305.75,19751
2026-08-25,BOROLTD,BOROSIL LIMITED,253.0,289.0,253.0,261.45,254.04,18593567
2026-08-25,BORORENEW,BOROSIL RENEWABLES LTD,538.0,546.05,526.3,529.05,536.55,416936
2026-08-25,BOROSCI,BOROSIL SCIENTIFIC LTD,126.29,129.75,124.25,125.47,126.29,109338
2026-08-25,BOSCH-HCIL,BOSCH HOME COMFRT IND LTD,1686.0,1689.4,1644.0,1664.8,1681.8,33644
2026-08-25,BOSCHLTD,BOSCH LIMITED,48110.0,48680.0,47790.0,48680.0,48100.0,27786
2026-08-25,BPL,BPL LTD,49.99,51.69,49.01,50.22,49.1,84711
2026-08-25,BRAHMINFRA,BRAHMAPUTRA INFRA L,159.0,159.0,152.97,156.14,154.24,19977
2026-08-25,FIRSTCRY,BRAINBEES SOLUTIONS LTD,194.77,196.98,191.62,192.04,193.77,834106
2026-08-25,BCONCEPTS,BRAND CONCEPTS LIMITED,162.94,162.94,155.0,159.63,160.3,20773
2026-08-25,BRIGADE,BRIGADE ENTER. LTD,659.4,671.0,643.3,660.9,654.1,804919
2026-08-25,BRIGHOTEL,BRIGADE HOTEL VENTURE LTD,61.1,62.92,58.75,59.35,59.23,989297
2026-08-25,BRIGHTBR,BRIGHT BROTHERS LTD.,260.0,260.0,253.0,253.0,259.52,3019
2026-08-25,BCG,BRIGHTCOM GROUP LIMITED,9.07,9.15,9.05,9.09,9.05,3569325
2026-08-25,BRITANNIA,BRITANNIA INDUSTRIES LTD,5310.5,5382.5,5286.0,5382.5,5311.0,361146
2026-08-25,BSE,BSE LIMITED,3315.0,3324.0,3285.3,3303.0,3312.7,2216219
2026-08-25,BSL,BSL LTD,126.0,128.45,121.0,122.04,124.13,8189
2026-08-25,BUTTERFLY,BTRFLY GANDHI APPL LTD,648.2,648.45,631.55,632.7,642.8,12024
2026-08-25,BURNPUR,BURNPUR CEMENT LIMITED,12.5,13.6,12.15,12.15,13.49,381146
2026-08-25,CGVAK,C G V A K SOFTWARE & EX L,152.69,152.69,147.52,148.8,151.16,2656
2026-08-25,MAPMYINDIA,C.E. INFO SYSTEMS LIMITED,966.9,971.9,955.0,964.3,961.7,138012
2026-08-25,CMLL,CALIBER MINING AND LOG L,532.0,535.45,514.0,517.25,534.15,245604
2026-08-25,CALSOFT,CALIFORNIA SOFTWARE CO LT,30.67,30.67,30.67,30.67,29.21,105597
2026-08-25,CTE,CAMBRIDGE TECH ENTER LTD,53.5,53.99,49.4,49.4,52.0,84448
2026-08-25,CAMLINFINE,CAMLIN FINE SCIENCES LTD,107.85,107.85,105.11,106.45,107.15,412578
2026-08-25,CAMPUS,CAMPUS ACTIVEWEAR LIMITED,228.55,228.65,224.9,226.08,228.55,351888
2026-08-25,CANFINHOME,CAN FIN HOMES LTD,812.0,816.8,802.8,805.4,810.1,173234
2026-08-25,CANBK,CANARA BANK,127.23,128.81,126.25,128.81,127.3,14786516
2026-08-25,CANHLIFE,CANARA HSBC LIFE INS CO L,154.8,155.38,152.0,152.2,154.7,265914
2026-08-25,CRAMC,CANARA ROBECO AMC LIMITED,259.0,261.7,255.0,256.55,259.6,356727
2026-08-25,CANTABIL,CANTABIL RETAIL LTD,243.6,246.6,242.81,245.14,243.44,52496
2026-08-25,CAPACITE,CAPACITE INFRAPROJECT LTD,219.0,231.7,218.33,223.38,220.9,935636
2026-08-25,CAPILLARY,CAPILLARY TECHNO INDIA L,504.3,512.0,497.15,510.4,501.95,123921
2026-08-25,CIFL,CAPITAL INDIA FINANCE LTD,20.41,20.9,20.41,20.87,20.41,12964
2026-08-25,CAPITALSFB,CAPITAL SMALL FIN BANK L,287.5,289.6,285.25,288.05,285.5,11608
2026-08-25,CAPLIPOINT,CAPLIN POINT LAB LTD.,2506.9,2516.8,2459.8,2471.8,2496.1,50538
2026-08-25,CGCL,CAPRI GLOBAL CAPITAL LTD,235.49,247.89,233.65,239.67,234.32,11815103
2026-08-25,CPL,CAPTAIN POLYPLAST LIMITED,65.3,67.67,64.5,67.21,64.99,145250
2026-08-25,CARBORUNIV,CARBORUNDUM UNIVERSAL LTD,1118.1,1129.3,1100.7,1106.7,1122.2,210305
2026-08-25,CARERATING,CARE RATINGS LIMITED,1614.0,1623.0,1590.2,1618.6,1626.0,74984
2026-08-25,CPEDU,CAREER POINT EDUTECH LTD,191.17,191.99,175.1,178.04,191.17,17102
2026-08-25,CARRARO,CARRARO INDIA LIMITED,534.45,537.3,526.45,532.15,534.45,40266
2026-08-25,CARTRADE,CARTRADE TECH LIMITED,3138.6,3175.0,3020.0,3144.8,3138.6,418313
2026-08-25,CARYSIL,CARYSIL LIMITED,1155.0,1160.1,1135.2,1145.2,1149.4,47079
2026-08-25,CASTROLIND,CASTROL INDIA LIMITED,187.04,188.0,186.25,186.88,186.87,1139927
2026-08-25,CCL,CCL PRODUCTS (I) LTD,1085.0,1104.7,1078.5,1099.0,1081.8,167716
2026-08-25,CEATLTD,CEAT LIMITED,3565.1,3565.8,3506.0,3532.9,3565.9,35657
2026-08-25,CEIGALL,CEIGALL INDIA LIMITED,333.0,338.7,321.55,324.35,322.15,1219258
2026-08-25,CEINSYS,CEINSYS TECH LIMITED,723.95,736.95,714.1,722.4,720.9,48920
2026-08-25,CELEBRITY,CELEBRITY FASHIONS LTD,6.9,6.94,6.67,6.89,6.76,7121
2026-08-25,CELLO,CELLO WORLD LIMITED,356.6,358.5,353.0,354.5,358.7,145044
2026-08-25,CEMPRO,CEMINDIA PROJECTS LIMITED,1265.9,1296.0,1257.1,1279.9,1261.4,96056
2026-08-25,CENTRALBK,CENTRAL BANK OF INDIA,31.09,31.57,30.65,30.73,31.21,13909555
2026-08-25,CDSL,CENTRAL DEPO SER (I) LTD,1382.2,1400.2,1375.2,1394.8,1385.1,997537
2026-08-25,CMPDI,CENTRAL MINE P N D INST L,236.0,238.25,232.1,233.32,237.86,861505
2026-08-25,CENTRUM,CENTRUM CAPITAL LIMITED,23.16,23.54,23.16,23.26,23.29,157335
2026-08-25,CENTUM,CENTUM ELECTRONICS LTD,3359.5,3384.9,3255.1,3274.8,3359.5,36018
2026-08-25,CENTENKA,CENTURY ENKA LTD,552.85,557.75,549.5,552.0,552.85,30350
2026-08-25,CENTEXT,CENTURY EXTRUSIONS LTD,22.8,22.89,21.96,22.18,22.34,200011
2026-08-25,CENTURYPLY,CENTURY PLYBOARDS (I) LTD,744.95,760.9,737.0,757.55,744.95,59173
2026-08-25,CERA,CERA SANITARYWARE LTD,5799.5,5925.0,5752.0,5819.0,5793.0,10261
2026-08-25,CESC,CESC LTD,155.5,155.5,152.86,154.0,155.27,1286177
2026-08-25,CGPOWER,CG POWER AND IND SOL LTD,873.1,882.5,867.0,878.5,877.5,1629938
2026-08-25,CHALET,CHALET HOTELS LIMITED,871.35,905.0,860.55,894.05,869.55,1031889
2026-08-25,CLSEL,CHAMAN LAL SETIA EXP LTD,318.0,324.8,308.0,319.05,312.75,600906
2026-08-25,CHAMBLFERT,CHAMBAL FERTILIZERS LTD,434.8,446.9,425.1,427.6,430.95,2511636
2026-08-25,CHEMBOND,CHEMBOND MATERIALTECH LTD,178.45,178.45,170.0,170.5,173.42,3324
2026-08-25,CHEMCRUX,CHEMCRUX ENTERPRISES LTD.,85.72,86.28,84.0,84.84,85.72,2592
2026-08-25,CHEMFAB,CHEMFAB ALKALIS LIMITED,380.0,380.0,362.05,364.85,368.45,2155
2026-08-25,CHEMPLASTS,CHEMPLAST SANMAR LIMITED,178.33,179.48,177.1,177.82,179.22,79493
2026-08-25,CHENNPETRO,CHENNAI PETROLEUM CORP LT,1420.0,1420.0,1389.6,1401.2,1412.1,581107
2026-08-25,CHEVIOT,CHEVIOT COMPANY LIMITED,1162.3,1163.7,1150.1,1155.4,1166.3,479
2026-08-25,CHOICEIN,CHOICE INTERNATIONAL LTD,797.95,801.75,786.6,788.75,797.65,358035
2026-08-25,CHOICEGOLD,CHOICEAMC - CHOICEGOLD,159.96,160.12,158.2,159.38,159.96,15946
2026-08-25,CHOLAHLDNG,CHOLAMANDALAM FIN HOL LTD,1542.1,1555.2,1530.2,1548.6,1548.4,68030
2026-08-25,CHOLAFIN,CHOLAMANDALAM IN & FIN CO,1837.3,1873.0,1821.1,1873.0,1846.7,428763
2026-08-25,CIEINDIA,CIE AUTOMOTIVE INDIA LTD,403.0,403.0,392.55,395.95,399.35,382862
2026-08-25,CINELINE,CINELINE INDIA LIMITED,88.0,91.46,88.0,90.35,89.41,43766
2026-08-25,CINEVISTA,CINEVISTA LIMITED,14.95,14.95,13.98,14.37,14.27,9766
2026-08-25,CIPLA,CIPLA LTD,1435.9,1435.9,1411.1,1422.0,1437.9,799235
2026-08-25,CUB,CITY UNION BANK LTD,213.89,224.0,212.48,221.6,212.2,4102236
2026-08-25,CLEANMAX,CLEAN MAX ENVIRO EN SOL L,1262.8,1262.8,1225.0,1233.7,1256.4,110558
2026-08-25,CLEAN,CLEAN SCIENCE & TECH LTD,830.95,832.0,816.05,821.9,828.25,184542
2026-08-25,CMRGREEN,CMR GREEN TECHNOLOGIES L,223.28,223.28,215.1,217.92,221.39,597043
2026-08-25,CMSINFO,CMS INFO SYSTEMS LIMITED,248.0,248.6,243.25,244.85,248.8,470186
2026-08-25,COALINDIA,COAL INDIA LTD,408.0,408.0,401.1,404.0,406.9,8450049
2026-08-25,COASTCORP,COASTAL CORPORATION LTD,41.33,41.46,40.21,40.45,41.33,81139
2026-08-25,COCHINSHIP,COCHIN SHIPYARD LIMITED,1515.0,1524.4,1503.0,1518.5,1514.0,973455
2026-08-25,COFORGE,COFORGE LIMITED,1885.3,1899.9,1870.0,1892.8,1873.0,1288356
2026-08-25,COHANCE,COHANCE LIFESCIENCES LTD,449.75,450.0,441.0,445.4,448.75,635089
2026-08-25,COLPAL,COLGATE PALMOLIVE LTD.,1878.0,1878.5,1861.4,1876.8,1879.0,193846
2026-08-25,COMFINTE,COMFORT INTECH LTD.,6.09,6.21,6.05,6.08,6.24,129643
2026-08-25,COMSYN,COMMERCIAL SYN BAGS LTD,290.9,291.9,285.01,287.68,289.17,25700
2026-08-25,COMPEAU,COMPETENT AUTOMOB CO. L,360.0,360.0,349.1,351.5,360.0,763
2026-08-25,COMPUSOFT,COMPUCOM SOFTWARE LTD,13.29,13.29,13.08,13.19,13.04,12178
2026-08-25,CAMS,COMPUTER AGE MNGT SER LTD,752.0,752.75,742.3,749.95,752.0,811311
2026-08-25,CONCORDBIO,CONCORD BIOTECH LIMITED,1557.0,1560.0,1523.2,1548.0,1539.4,53615
2026-08-25,CEWATER,CONCORD ENVIRO SYSTEMS L,253.5,271.4,251.95,265.45,253.15,219284
2026-08-25,CFEL,CONFIDENCE FUTURIST ENE L,31.0,31.6,30.01,30.06,30.12,6212
2026-08-25,CONFIPET,CONFIDENCE PETRO IND LTD.,73.45,78.42,71.6,77.85,72.14,8227545
2026-08-25,CCCL,CONS. CONST. CONSORT LTD,15.25,15.25,14.96,15.04,15.11,199696
2026-08-25,CONCOR,CONTAINER CORP OF IND LTD,518.4,518.4,511.3,516.0,516.4,559738
2026-08-25,CONTROLPR,CONTROL PRINT LIMITED,600.0,608.55,593.05,605.2,599.8,20484
2026-08-25,CORALFINAC,CORAL INDIA FIN & HOUS LT,34.4,34.71,33.14,34.12,33.47,118953
2026-08-25,COROMANDEL,COROMANDEL INTERNTL. LTD,1926.6,1931.9,1896.3,1913.6,1926.6,470177
2026-08-25,CORONA,CORONA REMEDIES LIMITED,2149.2,2150.1,2093.0,2097.3,2149.0,14193
2026-08-25,COSMOFIRST,COSMO FIRST LIMITED,905.0,935.0,905.0,930.65,907.95,78279
2026-08-25,CCHHL,COUNTRY CLUB HOSP HOL LTD,12.95,13.0,12.5,12.55,12.95,19241
2026-08-25,CPCAP,CP CAPITAL LIMITED,120.58,122.9,116.5,120.72,119.35,20388
2026-08-25,CPSEETF,CPSE ETF,94.07,94.69,93.42,93.78,94.07,513537
2026-08-25,CRAFTSMAN,CRAFTSMAN AUTOMATION LTD,10594.0,10594.0,10350.0,10375.0,10598.5,20205
2026-08-25,CRAVATEX,CRAVATEX LTD.,340.0,345.0,339.0,345.0,337.1,46
2026-08-25,CREATIVEYE,CREATIVE EYE LIMITED,6.11,6.5,6.11,6.15,6.2,6831
2026-08-25,CNL,CREATIVE NEWTECH LIMITED,1210.5,1250.0,1168.5,1186.9,1202.2,24639
2026-08-25,CREDITACC,CREDITACCESS GRAMEEN LTD,1440.0,1444.8,1404.0,1415.5,1442.3,344584
2026-08-25,MUFTI,CREDO BRANDS MARKETING L,77.69,77.9,75.0,76.34,76.4,110384
2026-08-25,CRSL,CRESSANDA RAILWAY SOLUT L,2.76,2.76,2.76,2.76,3.06,328890
2026-08-25,CREST,CREST VENTURES LIMITED,371.0,371.0,356.2,358.7,364.25,2714
2026-08-25,CRISIL,CRISIL LTD,4462.1,4520.0,4437.0,4480.0,4478.2,18922
2026-08-25,CRIZAC,CRIZAC LIMITED,174.9,180.0,172.5,177.08,173.41,200787
2026-08-25,CROMPTON,CROMPT GREA CON ELEC LTD,244.35,246.15,241.25,243.0,246.0,3723358
2026-08-25,CROWN,CROWN LIFTERS LIMITED,105.4,106.0,102.3,104.31,105.2,12021
2026-08-25,CSBBANK,CSB BANK LIMITED,332.0,342.85,329.15,339.35,331.9,855147
2026-08-25,CSLFINANCE,CSL FINANCE LIMITED,225.27,236.77,225.1,229.48,225.02,79562
2026-08-25,CSM,CSM TECHNOLOGIES LIMITED,98.0,98.5,97.25,97.56,98.59,58968
2026-08-25,CUBEXTUB,CUBEX TUBINGS LTD,79.24,82.0,77.01,79.07,79.24,40691
2026-08-25,CUMMINSIND,CUMMINS INDIA LTD,5220.0,5239.5,5150.0,5239.5,5190.0,562078
2026-08-25,CUPID,CUPID LIMITED,287.45,287.75,281.0,281.76,286.41,11345561
2026-08-25,CURAA,CURA TECHNOLOGIES LIMITED,73.6,74.9,72.3,72.3,73.55,449
2026-08-25,CYBERMEDIA,CYBER MEDIA (INDIA) LTD.,18.4,19.3,17.53,18.67,17.54,116868
2026-08-25,CYIENTDLM,CYIENT DLM LIMITED,733.0,778.0,732.95,769.35,735.85,973603
2026-08-25,CYIENT,CYIENT LIMITED,909.0,989.0,898.65,979.05,909.05,4712618
2026-08-25,DLINKINDIA,D-LINK INDIA LTD,452.0,452.0,442.45,448.75,448.5,61634
2026-08-25,DPABHUSHAN,D. P. ABHUSHAN LIMITED,1544.9,1550.0,1450.0,1459.5,1533.3,40300
2026-08-25,DBCORP,D.B.CORP LTD,208.33,208.33,204.0,205.43,206.8,71454
2026-08-25,DABUR,DABUR INDIA LTD,397.9,398.1,392.15,395.05,398.45,3323557
2026-08-25,DAICHI,DAI-ICHI KARKARIA LTD.,326.1,340.0,326.1,339.15,337.35,8135
2026-08-25,DALBHARAT,DALMIA BHARAT LIMITED,1854.8,1854.8,1780.1,1824.0,1853.0,513247
2026-08-25,DALMIASUG,DALMIA BHARAT SUG IN LTD,478.75,492.95,454.3,470.25,480.75,514173
2026-08-25,DAMCAPITAL,DAM CAPITAL ADVISORS LTD,145.3,155.24,145.2,149.38,145.96,1042896
2026-08-25,DANGEE,DANGEE DUMS LIMITED,2.94,2.99,2.82,2.83,2.85,53556
2026-08-25,DATAPATTNS,DATA PATTERNS INDIA LTD,4730.0,4768.7,4500.1,4542.3,4736.2,1198526
2026-08-25,DATAMATICS,DATAMATICS GLOBAL SER LTD,815.9,817.75,796.8,799.2,812.15,46031
2026-08-25,DAVANGERE,DAVANGERE SUGAR COMPANY L,2.91,2.94,2.86,2.88,2.87,9209404
2026-08-25,DCI,DC INFOTECH AND COMUN LTD,386.85,386.85,365.1,370.15,384.0,38862
2026-08-25,DCBBANK,DCB BANK LIMITED,201.5,210.1,200.16,207.37,199.74,7870975
2026-08-25,DCMFINSERV,DCM FINANCIAL SERVICES LT,5.13,5.49,5.01,5.33,5.13,9336
2026-08-25,DCMNVL,DCM NOUVELLE LIMITED,173.0,180.44,171.01,180.29,171.85,21635
2026-08-25,DCMSRIND,DCM SHRIRAM IND LTD,52.16,53.06,49.25,50.5,53.06,255135
2026-08-25,DCMSIL,DCM SHRIRAM INTERNATNL L,76.7,79.79,75.01,77.8,77.38,67148
2026-08-25,DCMSHRIRAM,DCM SHRIRAM LIMITED,1070.0,1075.1,1050.0,1052.9,1075.4,77649
2026-08-25,DCW,DCW LTD,44.99,46.35,44.75,45.38,44.9,953415
2026-08-25,DCXINDIA,DCX SYSTEMS LIMITED,176.62,177.0,172.6,173.76,175.72,253359
2026-08-25,DDEVPLSTIK,DDEV PLASTIKS IND LTD,276.0,284.0,274.5,276.05,276.6,68193
2026-08-25,DENORA,DE NORA INDIA LIMITED,822.5,845.0,816.9,824.4,822.3,4929
2026-08-25,DECCANCE,DECCAN CEMENTS LIMITED,555.1,567.55,545.0,564.05,546.85,58941
2026-08-25,DECNGOLD,DECCAN GOLD MINES LTD.,249.0,249.49,231.1,232.84,247.61,2097704
2026-08-25,DEEDEV,DEE DEVELOPMENT ENG LTD,635.0,654.0,631.0,647.8,634.5,99366
2026-08-25,DEEPINDS,DEEP INDUSTRIES LIMITED,675.45,678.35,645.15,649.65,678.05,206309
2026-08-25,DEEP,DEEP POLYMERS LTD.,37.0,37.0,35.9,36.08,37.18,8927
2026-08-25,DEEPAKFERT,DEEPAK FERTILIZERS & PETR,1470.2,1508.0,1445.4,1460.0,1476.1,475338
2026-08-25,DEEPAKNTR,DEEPAK NITRITE LTD,1737.0,1782.0,1737.0,1751.0,1730.3,513767
2026-08-25,DELHIVERY,DELHIVERY LIMITED,441.65,447.95,439.1,447.95,444.75,1174352
2026-08-25,DELTACORP,DELTA CORP LIMITED,59.17,62.24,58.9,61.52,58.88,3357809
2026-08-25,DELTAMAGNT,DELTA MANUFACTURING LTD,56.74,59.5,56.32,56.63,57.32,2448
2026-08-25,DEN,DEN NETWORKS LTD,28.14,28.34,27.7,28.12,28.14,240029
2026-08-25,DENTA,DENTA WATER N INFRA SOL L,284.2,286.0,281.55,284.75,282.55,57440
2026-08-25,DEVX,DEV ACCELERATOR LIMITED,35.0,35.0,33.75,33.97,34.93,35507
2026-08-25,DEVIT,DEV INFO TECHNOLOGY LTD,25.6,26.5,25.27,25.41,25.43,33671
2026-08-25,DEVYANI,DEVYANI INTERNATIONAL LTD,149.0,150.25,146.41,149.9,149.12,2461729
2026-08-25,DBOL,DHAMPUR BIO ORGANICS LTD,127.3,131.78,126.51,128.94,128.45,459359
2026-08-25,DHAMPURSUG,DHAMPUR SUGAR MILLS LTD.,180.0,186.0,177.2,179.72,180.79,1670593
2026-08-25,DHANBANK,DHANLAXMI BANK LIMITED,33.76,33.97,32.8,33.12,34.01,758275
2026-08-25,DHANUKA,DHANUKA AGRITECH LTD,990.0,996.0,980.0,983.7,994.9,13953
2026-08-25,DHARMAJ,DHARMAJ CROP GUARD LTD,260.65,278.0,256.9,271.25,260.65,59403
2026-08-25,DHATRE,DHATRE UDYOG LTD.,4.27,4.39,4.16,4.27,4.41,25881
2026-08-25,DHOOTTRANS,DHOOT TRANSMISSION LTD,1443.4,1541.1,1410.1,1521.75,1443.4,5545253
2026-08-25,DHRUV,DHRUV CONSULTANCY SER LTD,24.38,24.4,22.6,23.47,23.24,7173
2026-08-25,DHUNINV,DHUNSERI INVESTMENTS LTD,980.0,980.0,957.0,959.8,967.9,528
2026-08-25,DTIL,DHUNSERI TEA & IND. LTD.,140.09,156.72,140.09,152.69,139.92,45562
2026-08-25,DVL,DHUNSERI VENTURES LIMITED,286.75,287.0,278.4,280.89,283.61,15907
2026-08-25,DIAMINESQ,DIAMINES & CHEMICALS LTD,240.0,249.9,240.0,248.17,238.65,7032
2026-08-25,DICIND,DIC INDIA LIMITED,587.95,603.0,587.95,594.6,592.05,2626
2026-08-25,DIFFNKG,DIFFUSION ENGINEERS LTD,404.55,404.55,389.25,392.05,401.65,47145
2026-08-25,DGCONTENT,DIGICONTENT LIMITED,24.41,25.1,24.31,24.58,24.81,1674
2026-08-25,DIGIDRIVE,DIGIDRIVE DISTRIBUTORS L,18.24,18.24,17.51,17.71,17.88,4537
2026-08-25,DIGISPICE,DIGISPICE TECHNOLOGIES LT,16.97,17.08,16.51,16.86,16.67,37495
2026-08-25,DIGITIDE,DIGITIDE SOLUTIONS LTD,99.53,101.0,97.6,99.91,98.94,204772
2026-08-25,DIGJAMLMTD,DIGJAM LTD,51.5,53.25,50.34,50.66,51.31,11118
2026-08-25,DNAMEDIA,DILIGENT MEDIA CORP LTD.,2.78,2.78,2.51,2.56,2.54,75778
2026-08-25,DBL,DILIP BUILDCON LIMITED,416.0,417.05,413.1,414.85,414.6,51221
2026-08-25,DISAQ,DISA INDIA LTD.,11850.0,12020.0,11622.0,11906.0,11880.0,514
2026-08-25,DISHTV,DISH TV INDIA LTD.,2.73,2.77,2.73,2.73,2.76,789201
2026-08-25,DCAL,DISHMAN CARBO AMCIS LTD,174.75,174.75,170.9,172.05,173.25,180599
2026-08-25,DIVGIITTS,DIVGI TORQTRANSFER SYST L,1228.4,1240.0,1183.9,1190.35,1221.05,56959
2026-08-25,DIVISLAB,DIVI S LABORATORIES LTD,8500.0,8744.5,8497.0,8744.5,8496.0,563721
2026-08-25,DIXON,DIXON TECHNO (INDIA) LTD,14529.0,14990.0,14400.0,14990.0,14570.0,522440
2026-08-25,DJML,DJ MEDIAPRINT & LOG LTD,81.0,81.0,71.15,73.26,86.92,2170369
2026-08-25,DLF,DLF LIMITED,688.0,688.2,678.3,682.95,689.0,2158853
2026-08-25,DMCC,DMCC SPECIALITY CHEMICALS,289.25,292.2,280.1,282.1,287.1,28099
2026-08-25,DODLA,DODLA DAIRY LIMITED,1154.0,1154.4,1101.0,1110.4,1149.4,41308
2026-08-25,DOLATALGO,DOLAT ALGOTECH LIMITED,75.83,75.83,73.2,74.49,75.29,123419
2026-08-25,DOLLAR,DOLLAR INDUSTRIES LIMITED,275.0,276.3,273.0,274.6,273.7,38650
2026-08-25,DOLPHIN,DOLPHIN OFF ENT (IND) L,616.45,627.4,605.0,610.25,616.45,27817
2026-08-25,DOMS,DOMS INDUSTRIES LIMITED,2201.7,2219.4,2182.0,2212.3,2201.7,17687
2026-08-25,DONEAR,DONEAR IND. LIMITED,84.28,85.89,84.28,84.73,84.58,7101
2026-08-25,AGARWALEYE,DR AGARWALS HEALTH CARE L,497.8,502.95,493.0,500.4,497.8,113399
2026-08-25,DRAGARWQ,DR. AGARWAL'S EYE HOSP L,5363.5,5386.5,5205.0,5328.5,5373.5,649
2026-08-25,LALPATHLAB,DR. LAL PATH LABS LTD.,1893.8,1929.8,1875.1,1913.7,1883.8,194732
2026-08-25,DRREDDY,DR. REDDY S LABORATORIES,1189.0,1193.5,1175.0,1193.5,1190.0,1569853
2026-08-25,DRCSYSTEMS,DRC SYSTEMS INDIA LIMITED,13.16,13.16,12.72,12.9,12.99,25492
2026-08-25,DREAMFOLKS,DREAMFOLKS SERVICES LTD,68.95,68.99,67.05,67.42,68.74,41721
2026-08-25,DREDGECORP,DREDGING CORP OF INDIA,1109.4,1109.4,1087.1,1100.2,1101.7,64931
2026-08-25,KEEPLEARN,DSJ KEEP LEARNING LTD,1.85,1.95,1.85,1.92,1.82,14846
2026-08-25,LIQUIDETF,DSP LIQUID ETF,1000.0,1000.01,999.99,999.99,999.99,91075
2026-08-25,BANK10ADD,DSPAMC - BANK10ADD,16.84,17.55,16.84,16.89,16.95,38105
2026-08-25,BANKADD,DSPAMC - DSPBANK,58.77,59.1,58.67,58.85,58.87,2400
2026-08-25,GOLDADD,DSPAMC - DSPGOLD,160.27,160.27,155.5,156.04,156.37,1662509
2026-08-25,ITADD,DSPAMC - DSPIT,32.31,32.6,32.21,32.41,32.31,1399698
2026-08-25,EQUAL50ADD,DSPAMC - DSPNEWETF,346.9,347.47,343.82,346.64,344.84,5156
2026-08-25,NIFTYADD,DSPAMC - DSPNIFTY,252.36,256.23,252.36,255.97,254.91,6634
2026-08-25,PSUBANKADD,DSPAMC - DSPPSBKETF,86.0,86.91,86.0,86.72,86.22,4404
2026-08-25,PVTBANKADD,DSPAMC - DSPPVBKETF,27.96,28.01,27.74,27.79,27.9,33285
2026-08-25,MIDQ50ADD,DSPAMC - DSPQ50ETF,25.4,25.44,25.15,25.33,25.42,13651
2026-08-25,SENSEXADD,DSPAMC - DSPSENXETF,80.83,80.83,79.63,80.06,79.93,1025
2026-08-25,SILVERADD,DSPAMC - DSPSILVETF,233.88,233.88,230.14,230.87,233.88,198735
2026-08-25,FLEXIADD,DSPAMC - FLEXIADD,10.2,10.22,10.14,10.19,10.2,48258
2026-08-25,FMCGADD,DSPAMC - FMCGADD,47.48,47.82,47.48,47.81,47.65,14191
2026-08-25,GSEC10ADD,DSPAMC - GSEC10ADD,26.93,26.93,26.91,26.91,26.86,31
2026-08-25,HEALTHADD,DSPAMC - HEALTHADD,16.04,16.79,16.03,16.77,16.36,259404
2026-08-25,LIQUIDADD,DSPAMC - LIQUIDADD,1141.96,1141.98,1141.95,1141.96,1141.67,228842
2026-08-25,MIDBANKADD,DSPAMC - MIDBANKADD,17.67,17.67,17.46,17.54,17.47,2430
2026-08-25,MIDCAPADD,DSPAMC - MIDCAPADD,23.48,23.66,23.45,23.62,23.49,5021
2026-08-25,MSCIADD,DSPAMC - MSCIADD,29.67,29.94,29.66,29.94,29.96,879
2026-08-25,NEXT30ADD,DSPAMC - NEXT30ADD,43.4,43.74,43.17,43.66,43.4,4543
2026-08-25,NEXT50ADD,DSPAMC - NEXT50ADD,74.41,75.0,74.23,74.87,74.35,4818
2026-08-25,SMALLADD,DSPAMC - SMALLADD,18.74,18.74,18.39,18.47,18.47,94987
2026-08-25,TOP10ADD,DSPAMC - TOP10ADD,87.76,88.32,87.55,88.14,87.79,133618
2026-08-25,DUCON,DUCON INFRATECHNOLOGIES L,2.26,2.54,2.21,2.4,3.08,3685709
2026-08-25,DWARKESH,DWARIKESH SUGAR IND LTD,53.83,55.69,53.01,53.94,54.94,5340136
2026-08-25,DSSL,DYNACONS SYS & SOLN LTD,1095.0,1099.3,1073.2,1089.2,1080.1,19640
2026-08-25,DYNAMATECH,DYNAMATIC TECHNOLOGIES,11650.0,11658.0,11410.0,11514.0,11646.0,8848
2026-08-25,DYCL,DYNAMIC CABLES LIMITED,433.7,434.9,422.6,428.25,433.7,284853
2026-08-25,DYNPRO,DYNEMIC PRODUCTS LIMITED,236.0,236.0,227.1,228.95,228.55,12314
2026-08-25,EASTWEST,EAST WEST FREIGHT CARRI L,2.59,2.59,2.2,2.48,2.44,73039
2026-08-25,EASEMYTRIP,EASY TRIP PLANNERS LTD,6.14,6.17,6.08,6.11,6.11,10194528
2026-08-25,EBIX,EBIX LIMITED,21.75,21.75,21.75,21.75,20.72,16226
2026-08-25,ECLERX,ECLERX SERVICES LTD,1836.8,1890.0,1815.0,1879.5,1822.8,192701
2026-08-25,ECORECO,ECO RECYCLING LTD.,464.95,469.9,447.3,450.25,459.0,14000
2026-08-25,BBETF0432,EDELAMC - BBETF0432,1349.36,1351.99,1343.15,1347.05,1349.36,1556
2026-08-25,EBANK10,EDELAMC - EBANK10,17.0,17.0,16.82,16.85,16.84,887
2026-08-25,EBANKNIFTY,EDELAMC - EBANKNIFTY,58.13,58.13,57.91,58.1,57.82,128
2026-08-25,EBBETF0430,EDELAMC - EBBETF0430,1613.8,1613.8,1603.0,1609.41,1608.31,11948
2026-08-25,EBBETF0431,EDELAMC - EBBETF0431,1440.18,1441.92,1432.5,1433.54,1443.19,1523
2026-08-25,EBBETF0433,EDELAMC - EBBETF0433,1318.0,1318.9,1307.14,1310.96,1315.26,4452
2026-08-25,ECAPINSURE,EDELAMC - ECAPINSURE,24.29,24.47,24.21,24.32,24.29,53571
2026-08-25,EGOLD,EDELAMC - EGOLD,162.0,162.0,159.8,160.3,160.8,139448
2026-08-25,ELIQUID,EDELAMC - ELIQUID,1045.19,1045.19,1045.18,1045.18,1044.91,52096
2026-08-25,ELM250,EDELAMC - ELM250,16.97,16.97,16.72,16.83,16.83,284156
2026-08-25,ELMDIV,EDELAMC - ELMDIV,37.0,37.1,36.68,37.07,36.9,6448
2026-08-25,EMETAL,EDELAMC - EMETAL,13.36,13.36,13.21,13.34,13.36,12298
2026-08-25,EMULTIMQ,EDELAMC - EMULTIMQ,42.25,42.4,41.87,42.02,42.25,27416
2026-08-25,ENEXT50,EDELAMC - ENEXT50,74.5,74.5,73.44,74.0,73.87,2983
2026-08-25,ENIFTY,EDELAMC - ENIFTY,24.94,24.94,24.23,24.4,24.34,699
2026-08-25,ESENSEX,EDELAMC - ESENSEX,77.7,78.32,77.56,78.32,77.9,175
2026-08-25,ESILVER,EDELAMC - ESILVER,240.99,241.2,238.11,239.15,242.11,22056
2026-08-25,EDELWEISS,EDELWEISS FIN SERV LTD,125.48,132.4,125.04,128.15,125.41,9835758
2026-08-25,EFCIL,EFC (I) LIMITED,203.0,203.0,196.35,199.87,202.46,330545
2026-08-25,EICHERMOT,EICHER MOTORS LTD,8008.5,8070.0,7984.0,8055.0,8047.0,244623
2026-08-25,EIDPARRY,EID PARRY INDIA LTD,820.0,823.4,805.1,810.4,823.95,1046053
2026-08-25,EIHAHOTELS,EIH ASSOCIATED HOTELS LTD,302.6,302.6,295.1,300.8,297.85,8852
2026-08-25,EIHOTEL,EIH LIMITED,299.75,303.95,298.2,302.75,299.8,201193
2026-08-25,EIMCOELECO,EIMCO ELECON (INDIA) LTD,2245.0,2290.1,2216.1,2237.6,2245.8,56938
2026-08-25,EKI,EKI ENERGY SERVICES LTD,76.41,78.44,75.05,75.92,76.41,7055
2026-08-25,ELANTAS,ELANTAS BECK INDIA LTD.,11745.5,11760.0,11589.5,11660.0,11687.5,1261
2026-08-25,ELCIDIN,ELCID INVESTMENTS LTD.,107400.0,109000.0,107000.0,109000.0,108320.0,23
2026-08-25,ELDEHSG,ELDECO HSG & IND LTD.,810.1,820.1,803.15,809.75,825.55,1429
2026-08-25,ELECON,ELECON ENG. CO. LTD,434.15,437.6,424.8,426.25,438.55,396621
2026-08-25,EMIL,ELECTRONICS MART IND LTD,183.0,184.51,176.72,180.34,183.48,1333108
2026-08-25,ELECTCAST,ELECTROSTEEL CASTINGS LTD,75.0,78.0,74.51,76.59,74.53,3914352
2026-08-25,ELECTHERM,ELECTROTHERM (I) LTD.,1054.7,1057.8,1022.9,1049.0,1054.4,10573
2026-08-25,ELGIEQUIP,ELGI EQUIPMENTS LTD,621.0,625.45,606.25,610.25,621.95,591241
2026-08-25,ELGIRUBCO,ELGI RUBBER CO. LTD,61.19,61.19,58.1,59.82,59.37,37058
2026-08-25,ELIN,ELIN ELECTRONICS LIMITED,99.69,100.55,97.5,98.22,99.69,64253
2026-08-25,ELITECON,ELITECON INTERNATIONAL L,15.2,15.48,13.7,13.76,15.19,4559258
2026-08-25,ELLEN,ELLENBARRIE INDUS GASES L,322.5,324.6,312.0,315.1,321.4,302307
2026-08-25,ELPROINTL,ELPRO INTERNATIONAL LTD,175.1,176.19,173.98,174.51,175.13,16979
2026-08-25,EMAMILTD,EMAMI LIMITED,403.6,407.0,400.6,402.7,405.6,1559698
2026-08-25,EMAMIREAL,EMAMI REALTY LIMITED,70.5,71.0,68.07,68.21,70.08,13286
2026-08-25,EMBDL,EMBASSY DEVELOPMENTS LTD,64.25,64.25,61.86,62.73,63.59,2435619
2026-08-25,EMCURE,EMCURE PHARMACEUTICALS L,1871.9,1874.9,1830.1,1846.9,1853.6,77343
2026-08-25,EMKAY,EMKAY GLOBAL FIN SERV LTD,239.2,246.49,239.2,241.66,246.01,17930
2026-08-25,EMMVEE,EMMVEE PHOTOVOLTAIC PWR L,323.85,334.75,322.05,333.7,325.25,1801097
2026-08-25,EMPIND,EMPIRE INDUSTRIES LTD.,1218.9,1219.0,1193.0,1207.6,1204.7,2664
2026-08-25,EMPOWER,EMPOWER INDIA LTD.,2.38,2.48,2.37,2.46,2.37,10792984
2026-08-25,EMSLIMITED,EMS LIMITED,384.0,386.2,377.3,381.05,384.3,132655
2026-08-25,EMUDHRA,EMUDHRA LIMITED,553.0,553.0,539.85,543.5,546.85,68768
2026-08-25,ENDURANCE,ENDURANCE TECHNO. LTD.,3010.0,3015.0,2978.0,2987.5,2988.2,115513
2026-08-25,ENERGYDEV,ENERGY DEVE. CO.LTD,16.3,16.58,15.56,16.01,16.22,67101
2026-08-25,ENGINERSIN,ENGINEERS INDIA LTD,256.0,258.55,248.7,250.38,254.83,2645946
2026-08-25,ENKEIWHEL,ENKEI WHEELS (INDIA) LTD.,414.0,419.0,403.8,416.4,403.65,1752
2026-08-25,ENTERO,ENTERO HEALTHCARE SOLU L,1595.0,1667.0,1535.1,1633.0,1529.8,2229594
2026-08-25,ENIL,ENTERTAIN NET. IND. LTD.,101.77,108.64,101.25,102.18,101.01,218929
2026-08-25,EIEL,ENVIRO INFRA ENGINEERS L,194.4,196.22,193.5,194.71,195.31,375300
2026-08-25,EPACK,EPACK DURABLE LIMITED,201.29,203.0,199.06,199.91,201.29,399174
2026-08-25,EPACKPEB,EPACK PREFAB TECHN LTD,228.7,236.8,227.45,236.1,229.45,453135
2026-08-25,EPIGRAL,EPIGRAL LIMITED,1212.0,1248.0,1203.1,1240.9,1202.7,144103
2026-08-25,EPL,EPL LIMITED,265.7,267.26,257.4,258.32,263.48,1597604
2026-08-25,EQUITASBNK,EQUITAS SMALL FIN BNK LTD,75.0,75.5,74.71,75.06,75.0,1023679
2026-08-25,ERIS,ERIS LIFESCIENCES LIMITED,1325.1,1326.7,1306.7,1309.6,1325.6,59489
2026-08-25,ESABINDIA,ESAB INDIA LTD,6279.0,6279.0,6146.0,6168.5,6224.5,3001
2026-08-25,ESCORTS,ESCORTS KUBOTA LIMITED,3097.3,3103.9,3050.0,3064.8,3097.3,31808
2026-08-25,ESSARSHPNG,ESSAR SHIPPING LTD,16.76,16.94,16.25,16.62,16.98,182365
2026-08-25,ESTER,ESTER INDUSTRIES LTD,94.8,96.87,94.13,95.86,94.13,64817
2026-08-25,ETERNAL,ETERNAL LIMITED,330.0,331.0,325.5,331.0,327.15,29062006
2026-08-25,ETHOSLTD,ETHOS LIMITED,2908.0,2936.6,2861.1,2894.7,2892.0,43319
2026-08-25,EUREKAFORB,EUREKA FORBES LIMITED,422.0,422.0,409.0,410.35,418.35,177903
2026-08-25,EUROBOND,EURO PANEL PRODUCTS LTD,155.5,162.18,152.6,153.56,158.12,7996
2026-08-25,EUROPRATIK,EURO PRATIK SALES LIMITED,265.0,266.65,258.9,261.25,267.4,214652
2026-08-25,EVEREADY,EVEREADY INDS. IND.  LTD.,352.9,353.45,333.7,341.75,350.5,239931
2026-08-25,EKC,EVEREST KANTO CYLINDERLTD,113.18,114.17,110.8,111.21,113.62,102836
2026-08-25,EXCELINDUS,EXCEL INDUSTRIES LTD,1081.7,1093.95,1050.5,1057.25,1072.65,16113
2026-08-25,EXCELSOFT,EXCELSOFT TECHNOLOGIES L,70.3,70.5,69.66,70.27,70.13,146518
2026-08-25,EXICOM,EXICOM TELE SYSTEMS LTD,159.95,160.73,154.62,157.36,159.87,525530
2026-08-25,EXIDEIND,EXIDE INDUSTRIES LTD,452.1,456.0,446.7,448.75,453.3,1017559
2026-08-25,EXPLEOSOL,EXPLEO SOLUTIONS LIMITED,891.0,896.95,866.0,870.65,882.05,22360
2026-08-25,EXXARO,EXXARO TILES LIMITED,6.1,6.14,6.02,6.13,6.14,92061
2026-08-25,FABTECH,FABTECH TECHNOLOGIES LTD,146.59,151.8,145.0,147.62,147.05,163750
2026-08-25,FACT,FACT LTD,805.0,920.0,800.0,876.1,784.25,34307227
2026-08-25,FAZE3Q,FAZE THREE LIMITED,498.0,507.0,485.2,489.05,492.85,28749
2026-08-25,FCSSOFT,FCS SOFTWARE SOLN. LTD.,1.47,1.49,1.44,1.44,1.47,4127018
2026-08-25,FDC,FDC LIMITED,344.3,350.6,340.85,343.65,344.3,97739
2026-08-25,FEDFINA,FEDBANK FINANCIAL SER L,159.05,160.3,157.48,159.02,159.05,578600
2026-08-25,FEDDERSHOL,FEDDERS HOLDING LTD.,39.49,41.07,39.04,40.53,39.82,191082
2026-08-25,FEDERALBNK,FEDERAL BANK LTD,357.7,358.7,342.05,346.95,357.75,16134284
2026-08-25,FMGOETZE,FEDERAL-MOGUL GOETZE (IND,500.0,560.0,494.8,534.1,483.35,20771319
2026-08-25,FERMENTA,FERMENTA BIOTECH LTD.,480.0,480.0,456.05,468.4,475.1,91861
2026-08-25,FIBERWEB,FIBERWEB INDIA LIMITED,26.7,26.9,26.01,26.07,26.7,9315
2026-08-25,FIEMIND,FIEM INDUSTRIES LIMITED,2164.1,2182.4,2150.0,2165.6,2164.1,50034
2026-08-25,FILATFASH,FILATEX FASHIONS LIMITED,0.18,0.19,0.18,0.18,0.18,12344597
2026-08-25,FILATEX,FILATEX INDIA LTD,83.85,83.87,80.37,82.11,84.05,1602492
2026-08-25,FINEORG,FINE ORGANIC IND. LTD.,5280.3,5317.0,5176.5,5186.9,5277.4,18816
2026-08-25,FCL,FINEOTEX CHEMICAL LIMITED,49.78,49.79,47.2,48.78,49.62,13246093
2026-08-25,FINKURVE,FINKURVE FINANCIAL SERV L,80.21,83.0,78.55,79.84,79.63,72496
2026-08-25,FINOPB,FINO PAYMENTS BANK LTD,147.3,147.8,145.0,145.53,147.91,164819
2026-08-25,FINCABLES,FINOLEX CABLES LTD,1291.9,1291.9,1244.7,1259.85,1291.6,343314
2026-08-25,FINPIPE,FINOLEX INDUSTRIES LTD,165.5,165.5,161.0,162.81,165.51,333322
2026-08-25,FSL,FIRSTSOURCE SOLU. LTD.,272.8,276.65,269.3,275.4,272.5,775808
2026-08-25,FISCHER,FISCHER MEDICAL VENTURE L,36.1,37.4,36.1,36.93,36.47,567350
2026-08-25,FIVESTAR,FIVE-STAR BUS FIN LTD,500.0,507.0,489.5,501.0,500.0,758823
2026-08-25,FLAIR,FLAIR WRITING INDUST LTD,251.05,252.55,249.5,250.95,251.05,35830
2026-08-25,FOODSIN,FOODS & INNS LIMITED,55.0,55.01,53.0,54.53,54.2,23535
2026-08-25,FORCEMOT,FORCE MOTORS LIMITED,17600.0,17625.0,17276.0,17431.0,17600.0,75854
2026-08-25,FORTIS,FORTIS HEALTHCARE LTD,916.4,923.95,901.4,923.95,918.0,1498492
2026-08-25,FOSECOIND,FOSECO INDIA LTD,5384.5,5698.5,5365.0,5615.5,5358.0,25761
2026-08-25,FRACTAL,FRACTAL ANALYTICS LIMITED,829.7,839.0,814.0,834.2,828.5,331804
2026-08-25,FREDUN,FREDUN PHARMACEUTICALS L,1431.1,1465.0,1420.6,1448.6,1431.1,15597
2026-08-25,FRONTSP,FRONTIER SPRINGS LTD.,1265.0,1285.0,1260.1,1278.5,1259.1,8192
2026-08-25,NYKAA,FSN E COMMERCE VENTURES,330.0,334.7,328.0,334.0,330.3,3453986
2026-08-25,UTLSOLAR,FUJIYAMA POWER SYSTEMS L,464.4,473.1,444.3,446.65,459.85,388645
2026-08-25,FUSION,FUSION FINANCE LIMITED,203.0,205.0,198.17,200.05,202.38,277753
2026-08-25,FMNL,FUTURE MKT NETWORKS LTD,9.66,9.66,9.55,9.66,9.2,38548
2026-08-25,GMBREW,G M BREWERIES LTD,877.85,894.4,877.85,887.55,877.85,12829
2026-08-25,GRINFRA,G R INFRAPROJECTS LIMITED,875.05,905.0,871.05,902.05,879.1,32712
2026-08-25,GABRIEL,GABRIEL INDIA LTD,1359.0,1372.5,1335.6,1346.0,1358.9,395008
2026-08-25,GAIL,GAIL (INDIA) LTD,173.0,176.29,172.39,175.5,173.75,7837508
2026-08-25,GALAPREC,GALA PRECISION ENG LTD,1093.0,1093.0,1060.2,1076.6,1093.9,22097
2026-08-25,GALAXYSURF,GALAXY SURFACTANTS LTD,2332.0,2349.7,2275.6,2284.2,2316.4,17850
2026-08-25,GALLANTT,GALLANTT ISPAT LIMITED,579.65,590.0,576.1,581.5,580.25,34223
2026-08-25,GANDHAR,GANDHAR OIL REFINE IND L,257.35,257.4,251.0,255.42,256.62,667901
2026-08-25,GANDHITUBE,GANDHI SPL. TUBES LTD,894.15,904.8,875.6,898.8,895.1,11730
2026-08-25,GANESHCP,GANESH CONSUMER PRODUCT L,162.83,168.2,161.05,166.23,161.73,187614
2026-08-25,GANESHHOU,GANESH HOUSING LIMITED,809.8,845.0,806.25,838.7,808.15,57126
2026-08-25,GANECOS,GANESHA ECOSPHERE LIMITED,1072.0,1074.5,1045.7,1051.6,1068.2,48288
2026-08-25,GANGAFORGE,GANGA FORGING LIMITED,1.86,2.0,1.86,1.86,1.95,18772857
2026-08-25,GANGESSECU,GANGES SECURITIES LIMITED,123.7,126.25,122.0,123.4,122.99,1361
2026-08-25,GRSE,GARDEN REACH SHIP&ENG LTD,2592.3,2622.0,2577.0,2607.5,2596.1,344854
2026-08-25,GARUDA,GARUDA CONSTRUCT N ENG L,183.25,185.27,181.6,183.15,182.87,278876
2026-08-25,GRWRHITECH,GARWARE HI-TECH FILMS LTD,7250.0,7310.0,7102.0,7264.0,7234.5,30276
2026-08-25,GARFIBRES,GARWARE TECH FIBRES LTD,812.8,812.8,782.15,800.5,809.4,56227
2026-08-25,GATEWAY,GATEWAY DISTRIPARKS LTD,54.0,54.09,52.75,52.93,53.84,885634
2026-08-25,GAYAHWS,GAYATRI HIGHWAYS LIMITED,1.96,1.97,1.91,1.93,1.92,131643
2026-08-25,GVPIL,GE POWER INDIA LIMITED,648.1,658.5,641.0,644.5,650.5,183645
2026-08-25,GVT&D,GE VERNOVA T&D INDIA LTD,4160.0,4185.0,4060.1,4185.0,4177.9,868892
2026-08-25,GEEKAYWIRE,GEEKAY WIRES LIMITED,22.99,23.69,22.45,22.6,22.48,83689
2026-08-25,GEMAROMA,GEM AROMATICS LIMITED,173.67,174.84,167.41,172.8,173.67,82131
2026-08-25,GICRE,GENERAL INS CORP OF INDIA,356.95,358.65,350.8,351.4,356.95,904213
2026-08-25,GENCON,GENERIC ENG CONS PROJ LTD,42.26,42.35,41.15,41.5,41.57,282055
2026-08-25,GENESYS,GENESYS INTL CORPN LTD,181.3,214.25,181.3,214.25,178.55,4190457
2026-08-25,GENUSPAPER,GENUS P&B LIMITED,11.29,12.5,11.12,12.09,11.12,269410
2026-08-25,GENUSPOWER,GENUS POWER INFRASTRU LTD,340.0,343.7,333.1,335.05,339.6,1964249
2026-08-25,GEOJITFSL,GEOJIT FINANCIAL SER L,82.9,83.84,80.3,80.63,82.98,397241
2026-08-25,GFLLIMITED,GFL LIMITED,56.0,56.0,54.09,54.37,55.41,54747
2026-08-25,GHCL,GHCL LIMITED,447.9,447.9,440.0,440.8,443.85,78861
2026-08-25,GHCLTEXTIL,GHCL TEXTILES LIMITED,124.9,127.0,123.46,125.6,124.21,497625
2026-08-25,GICHSGFIN,GIC HOUSING FINANCE LTD,137.3,141.47,137.0,140.44,137.16,117914
2026-08-25,GILLANDERS,GILLANDERS ARBUTHNOT LTD,102.77,108.99,100.0,105.88,102.26,45011
2026-08-25,GILLETTE,GILLETTE INDIA LTD,7406.5,7458.5,7378.0,7439.0,7406.5,23437
2026-08-25,GKENERGY,GK ENERGY LIMITED,125.5,126.9,125.0,126.19,124.37,232229
2026-08-25,GKWLIMITED,GKW LIMITED,1622.0,1622.0,1590.0,1596.1,1601.0,592
2026-08-25,GLAND,GLAND PHARMA LIMITED,2810.9,2835.9,2776.1,2824.6,2801.6,139251
2026-08-25,GLAXO,GLAXOSMITHKLINE PHARMA LT,2953.8,3010.0,2917.6,2963.4,2931.7,174436
2026-08-25,GLENMARK,GLENMARK PHARMACEUTICALS,2391.7,2421.0,2376.0,2400.0,2390.7,653245
2026-08-25,GLOBAL,GLOBAL EDUCATION LIMITED,107.29,109.74,104.4,106.71,107.5,308947
2026-08-25,MEDANTA,GLOBAL HEALTH LIMITED,1402.0,1414.0,1393.0,1404.4,1405.5,69432
2026-08-25,GSLSU,GLOBAL SURFACES LIMITED,30.0,31.48,29.83,29.83,31.4,67349
2026-08-25,GLOBALVECT,GLOBAL VEC HELICORP LTD,147.0,150.0,147.0,148.9,149.1,3179
2026-08-25,GLOBALE,GLOBALE TESSILE LIMITED,11.5,11.99,11.41,11.7,11.76,4478
2026-08-25,GLOBECIVIL,GLOBE CIVIL PROJECTS LTD,42.14,45.9,42.14,45.69,42.12,229737
2026-08-25,GLOBE,GLOBE ENTERPRISE (I) LTD,2.0,2.04,1.98,2.02,2.0,250887
2026-08-25,GICL,GLOBE INTL CARRIERS LTD,23.97,23.97,23.4,23.75,23.89,192683
2026-08-25,GLOBUSSPR,GLOBUS SPIRITS LTD,910.95,924.15,907.5,917.7,910.95,116295
2026-08-25,GLOSTERLTD,GLOSTER LIMITED,623.0,623.0,592.0,595.05,597.0,802
2026-08-25,GLOTTIS,GLOTTIS LIMITED,67.99,67.99,65.1,65.88,67.66,36824
2026-08-25,GMMPFAUDLR,GMM PFAUDLER LIMITED,981.0,1013.8,981.0,1004.9,989.3,99442
2026-08-25,GMRAIRPORT,GMR AIRPORTS LIMITED,98.82,99.85,98.15,99.85,98.82,5880177
2026-08-25,GMRP&UI,GMR POW AND URBAN INFRA L,96.1,97.0,95.61,96.11,96.1,484469
2026-08-25,GNA,GNA AXLES LIMITED,559.0,561.3,546.1,548.8,555.4,183814
2026-08-25,EBGNG,GNG ELECTRONICS LIMITED,594.5,601.2,575.15,584.75,603.3,387034
2026-08-25,GODIGIT,GO DIGIT GENERAL INS LTD,259.7,263.5,257.9,258.8,260.4,147132
2026-08-25,GOCOLORS,GO FASHION INDIA LTD,354.8,354.8,337.1,340.25,353.3,197710
2026-08-25,GOACARBON,GOA CARBON LIMITED,352.05,359.0,350.1,357.45,351.7,11342
2026-08-25,GOCLCORP,GOCL CORPORATION LIMITED,399.25,407.0,394.2,395.7,398.4,29011
2026-08-25,GODAVARIB,GODAVARI BIOREFINERIES L,242.05,243.0,239.0,241.2,240.85,77978
2026-08-25,GPIL,GODAWARI POW & ISP LTD,245.27,247.04,243.24,244.26,245.27,633517
2026-08-25,GODFRYPHLP,GODFREY PHILLIPS INDIA LT,2105.0,2107.0,2067.1,2107.0,2100.5,235034
2026-08-25,GODREJAGRO,GODREJ AGROVET LIMITED,570.0,625.0,569.95,610.1,572.75,3498758
2026-08-25,GODREJCP,GODREJ CONSUMER PRODUCTS,928.9,930.9,918.2,929.2,928.9,676534
2026-08-25,GODREJIND,GODREJ INDUSTRIES LTD,1180.0,1181.0,1131.3,1165.9,1184.5,306506
2026-08-25,GODREJPROP,GODREJ PROPERTIES LTD,2035.1,2049.0,2011.5,2049.0,2039.9,384390
2026-08-25,GOKEX,GOKALDAS EXPORTS LTD.,797.5,802.55,786.25,791.25,796.95,112600
2026-08-25,GOKULAGRO,GOKUL AGRO RESOURCES LTD,243.49,259.5,242.71,252.85,244.05,2542528
2026-08-25,GOKUL,GOKUL REFOILS & SOLV LTD,44.87,46.0,43.56,44.98,44.36,289698
2026-08-25,GOLDIAM,GOLDIAM INTERNATIONAL LTD,356.05,362.95,356.05,360.0,360.55,246651
2026-08-25,GOODLUCK,GOODLUCK INDIA LIMITED,475.0,477.0,454.1,456.2,477.7,383822
2026-08-25,GOODYEAR,GOODYEAR INDIA LIMITED,760.0,760.0,749.5,754.1,756.15,4422
2026-08-25,GOPAL,GOPAL SNACKS LIMITED,286.9,287.9,280.5,280.75,284.35,153952
2026-08-25,GOYALALUM,GOYAL ALUMINIUMS LIMITED,6.47,6.47,6.37,6.42,6.43,31262
2026-08-25,GPTHEALTH,GPT HEALTHCARE LIMITED,151.06,152.0,148.66,149.92,150.0,85347
2026-08-25,GPTINFRA,GPT INFRAPROJECTS LTD,114.1,115.49,113.11,114.33,113.34,74308
2026-08-25,GRADIENTE,GRADIENTE INFOTAINMENT L,3.03,3.03,2.84,2.84,2.98,1971270
2026-08-25,GRANDOAK,GRAND OAK CANYONS DIST L,38.89,38.89,36.01,36.25,37.88,7226
2026-08-25,GRANULES,GRANULES INDIA LIMITED,847.0,857.8,842.0,845.95,855.3,606461
2026-08-25,GRAPHITE,GRAPHITE INDIA LTD,721.6,722.0,700.5,704.55,718.75,551281
2026-08-25,GRASIM,GRASIM INDUSTRIES LTD,3287.9,3300.2,3222.1,3289.6,3288.0,1752045
2026-08-25,GRAUWEIL,GRAUER & WEIL IND LTD,71.8,71.8,67.25,67.83,71.28,332841
2026-08-25,GRAVISSHO,GRAVISS HOSPITALITY LTD.,28.99,29.5,28.22,29.24,28.99,5259
2026-08-25,GRAVITA,GRAVITA INDIA LIMITED,1801.4,1814.7,1790.0,1800.4,1807.8,106679
2026-08-25,GREAVESCOT,GREAVES COTTON LTD.,192.6,193.74,189.52,192.18,192.6,771967
2026-08-25,GREENLAM,GREENLAM INDUSTRIES LTD.,251.0,252.25,246.0,248.85,251.3,52026
2026-08-25,GREENPANEL,GREENPANEL INDUSTRIES LTD,155.01,159.56,155.01,156.34,158.12,237045
2026-08-25,GREENPLY,GREENPLY INDUSTRIES LTD,291.95,291.95,286.2,287.9,291.55,42071
2026-08-25,GCSL,GRETEX CORPORATE SERVICES,515.0,527.5,512.9,523.1,512.15,366323
2026-08-25,GRINDWELL,GRINDWELL NORTON LIMITED,2053.1,2075.1,1992.0,2005.8,2053.1,64421
2026-08-25,GRMOVER,GRM OVERSEAS LIMITED,90.2,90.25,88.26,89.13,90.24,1130114
2026-08-25,CEMNTGROWW,GROWWAMC - CEMNTGROWW,15.08,15.08,14.65,14.84,14.87,170662
2026-08-25,GROWWCAPM,GROWWAMC - GROWWCAPM,11.58,11.59,11.46,11.54,11.53,350625
2026-08-25,GROWWCHEM,GROWWAMC - GROWWCHEM,30.04,30.5,29.86,30.19,29.93,156385
2026-08-25,GROWWDEFNC,GROWWAMC - GROWWDEFNC,97.14,97.79,96.1,97.42,97.09,156059
2026-08-25,GROWWEV,GROWWAMC - GROWWEV,33.61,33.61,33.03,33.42,33.35,232734
2026-08-25,GROWWGOLD,GROWWAMC - GROWWGOLD,15.72,15.76,15.61,15.68,15.72,2150663
2026-08-25,GROWWHOSPI,GROWWAMC - GROWWHOSPI,51.65,52.32,51.51,52.21,51.62,199339
2026-08-25,GROWWLIQID,GROWWAMC - GROWWLIQID,110.51,110.51,110.5,110.5,110.47,219548
2026-08-25,GROWWLOVOL,GROWWAMC - GROWWLOVOL,10.47,10.62,10.38,10.5,10.47,7635
2026-08-25,GROWWMC150,GROWWAMC - GROWWMC150,233.99,236.4,233.7,234.92,233.95,732
2026-08-25,GROWWMETAL,GROWWAMC - GROWWMETAL,13.03,13.17,12.5,12.69,12.72,363148
2026-08-25,GROWWMOM50,GROWWAMC - GROWWMOM50,11.24,11.24,10.97,11.05,11.04,785480
2026-08-25,GROWWN200,GROWWAMC - GROWWN200,11.42,11.59,11.36,11.49,11.47,24080
2026-08-25,GROWWNET,GROWWAMC - GROWWNET,11.0,11.02,10.65,10.97,10.8,1411953
2026-08-25,GROWWNIFTY,GROWWAMC - GROWWNIFTY,9.55,9.94,9.55,9.8,9.8,589009
2026-08-25,GROWWNXT50,GROWWAMC - GROWWNXT50,74.5,74.8,73.95,74.78,74.49,13437
2026-08-25,GROWWPOWER,GROWWAMC - GROWWPOWER,11.09,11.48,11.09,11.39,11.38,1217173
2026-08-25,GROWWPSE,GROWWAMC - GROWWPSE,98.21,98.7,97.65,97.86,98.21,390
2026-08-25,GROWWPSUBK,GROWWAMC - GROWWPSUBK,85.0,86.89,84.59,86.72,85.7,1408
2026-08-25,GROWWRAIL,GROWWAMC - GROWWRAIL,28.72,28.8,28.48,28.6,28.69,574602
2026-08-25,GROWWRLTY,GROWWAMC - GROWWRLTY,10.47,10.47,10.03,10.3,10.26,282579
2026-08-25,GROWWSC250,GROWWAMC - GROWWSC250,10.63,10.74,10.56,10.61,10.63,86198
2026-08-25,GROWWSLVR,GROWWAMC - GROWWSLVR,23.15,23.67,23.14,23.45,23.75,1842538
2026-08-25,PVTBKGROWW,GROWWAMC - PVTBKGROWW,27.5,27.75,27.42,27.45,27.47,17755
2026-08-25,SMALLGROWW,GROWWAMC - SMALLGROWW,49.26,49.48,48.54,49.0,49.12,9862
2026-08-25,GRPLTD,GRP LIMITED,1973.2,2015.2,1960.0,1967.8,1983.1,832
2026-08-25,GSPCROP,GSP CROP SCIENCE LIMITED,605.1,667.95,603.15,631.4,622.2,978249
2026-08-25,GSS,GSS INFOTECH LIMITED,13.36,13.36,12.3,12.47,13.1,70767
2026-08-25,GTLINFRA,GTL INFRA.LTD,1.22,1.23,1.2,1.21,1.22,38295102
2026-08-25,GTL,GTL LTD,7.6,7.6,7.32,7.36,7.42,181890
2026-08-25,GTPL,GTPL HATHWAY LIMITED,54.49,55.85,54.45,54.83,54.49,13450
2026-08-25,GUFICBIO,GUFIC BIOSCIENCES LTD.,414.75,418.65,410.0,413.65,418.0,53726
2026-08-25,GIPCL,GUJ IND POW CO. LTD,177.4,191.25,177.4,190.72,178.39,3504842
2026-08-25,GNFC,GUJ NAR VAL FER & CHEM L,595.0,603.65,583.25,588.0,593.0,654241
2026-08-25,GSFC,GUJ STATE FERT & CHEM LTD,160.39,162.88,158.61,159.16,159.65,3644998
2026-08-25,GUJAPOLLO,GUJ. APOLLO IND. LTD.,355.15,355.15,345.25,349.55,349.4,4269
2026-08-25,GUJALKALI,GUJARAT ALKALIES & CHEM,729.4,734.5,714.65,726.7,723.0,159577
2026-08-25,GAEL,GUJARAT AMBUJA EXPORTS LT,180.5,182.0,176.45,177.53,180.6,1065445
2026-08-25,GUJENERGY,GUJARAT ENERGY LIMITED,259.9,263.4,255.2,256.5,259.0,1302116
2026-08-25,FLUOROCHEM,GUJARAT FLUOROCHEM LTD,4645.0,4675.9,4585.0,4606.2,4622.6,84922
2026-08-25,GKSL,GUJARAT KIDNEY N SUP SP L,152.54,157.44,150.16,152.46,152.54,574445
2026-08-25,GLFL,GUJARAT LEASE FINANCING L,5.89,6.05,5.55,5.71,5.77,3318
2026-08-25,GMDCLTD,GUJARAT MINERAL DEV CORP,574.35,578.8,563.1,567.35,570.85,554608
2026-08-25,GNRL,GUJARAT NATURAL RES L,100.77,100.77,99.5,99.54,99.96,21837
2026-08-25,GPPL,GUJARAT PIPAVAV PORT LTD,165.0,165.39,162.96,164.51,163.43,1164173
2026-08-25,GUJRAFFIA,GUJARAT RAFFIA INDUST LTD,40.49,41.49,40.0,40.62,40.49,1201
2026-08-25,GUJTHEM,GUJARAT THEMIS BIOSYN LTD,409.95,416.65,392.0,404.7,411.7,926859
2026-08-25,GULFOILLUB,GULF OIL LUB. IND. LTD.,1164.9,1173.9,1140.0,1154.4,1164.1,61072
2026-08-25,GULPOLY,GULSHAN POLYOLS LIMITED,193.0,202.2,192.78,196.25,193.54,553235
2026-08-25,GVPTECH,GVP INFOTECH LIMITED,7.45,7.48,7.0,7.08,7.31,59398
2026-08-25,GYFTR,GYFTR LIMITED,161.8,162.7,160.0,160.74,160.61,11160
2026-08-25,HBESD,H B ESTATE DEVELOPERS L,74.52,77.0,74.52,74.55,74.85,705
2026-08-25,HGINFRA,H.G.INFRA ENGINEERING LTD,512.35,512.35,500.2,502.85,506.65,49614
2026-08-25,HALDER,HALDER VENTURE LIMITED,300.05,300.05,292.66,295.58,296.59,28621
2026-08-25,HALEOSLABS,HALEOS LABS LIMITED,1480.0,1524.0,1462.4,1500.3,1510.7,400
2026-08-25,HAMPTON,HAMPTON SKY REALTY LTD.,8.1,8.55,7.99,8.02,7.94,28459
2026-08-25,HGM,HANDSON GBL MNGMNT LTD,44.4,44.99,42.56,43.83,43.73,3183
2026-08-25,HAPPSTMNDS,HAPPIEST MINDS TECHNO LTD,440.2,450.3,432.75,445.95,436.25,1616573
2026-08-25,HAPPYFORGE,HAPPY FORGINGS LIMITED,2209.0,2209.0,2135.3,2151.1,2191.0,58440
2026-08-25,HARDWYN,HARDWYN INDIA LIMITED,9.09,9.21,9.02,9.03,9.1,887925
2026-08-25,HARIOMPIPE,HARIOM PIPE INDUSTRIES L,347.95,350.0,345.1,348.95,348.05,43937
2026-08-25,HRYNSHP,HARIYANA SHIP BREAKERS L,100.16,100.16,99.0,100.0,100.05,3672
2026-08-25,HARRMALAYA,HARRISON MALAYALAM LTD,204.0,204.0,196.5,198.85,200.68,10281
2026-08-25,HARSHA,HARSHA ENGINEERS INT LTD,443.0,445.4,426.0,428.3,442.9,75260
2026-08-25,HATHWAY,HATHWAY CABLE & DATACOM,10.53,10.69,10.51,10.56,10.59,1342048
2026-08-25,HATSUN,HATSUN AGRO PRODUCT LTD.,1055.05,1055.1,1025.55,1030.5,1044.5,36136
2026-08-25,HAVELLS,HAVELLS INDIA LIMITED,1260.1,1299.1,1252.3,1269.1,1268.5,637730
2026-08-25,HAWKINCOOK,HAWKINS COOKERS LTD,8155.0,8220.0,8090.0,8152.5,8153.5,1927
2026-08-25,HAZOOR,HAZOOR MULTI PROJECTS LTD,19.8,20.95,19.8,20.52,20.43,166713
2026-08-25,HBPOR,HB PORTFOLIO LTD.,62.7,62.7,60.66,60.74,62.0,250
2026-08-25,HBSL,HB STOCKHOLDINGS LIMITED,54.8,55.0,51.99,52.27,53.98,3019
2026-08-25,HBLENGINE,HBL ENGINEERING LTD,690.9,699.7,686.6,694.6,690.9,442819
2026-08-25,HCL-INSYS,HCL INFOSYSTEMS LTD,10.99,11.25,10.86,11.02,10.87,211173
2026-08-25,HCLTECH,HCL TECHNOLOGIES LTD,1322.0,1322.9,1294.4,1315.8,1322.0,1314934
2026-08-25,HDBFS,HDB FINANCIAL SERVICES L,690.0,690.05,682.7,687.6,688.9,92824
2026-08-25,HDFCAMC,HDFC AMC LIMITED,2609.9,2698.0,2606.8,2698.0,2618.0,1157541
2026-08-25,HDFCBANK,HDFC BANK LTD,726.6,728.7,722.0,727.5,729.0,17511874
2026-08-25,HDFCGOLD,HDFC GOLD ETF,137.2,138.0,134.0,137.09,137.53,5660949
2026-08-25,HDFCLIFE,HDFC LIFE INS CO LTD,549.95,555.65,545.8,546.7,552.95,2264810
2026-08-25,HDFCBSE500,HDFCAMC - HDFCBSE500,37.97,38.07,37.64,38.0,37.97,1213254
2026-08-25,HDFCGROWTH,HDFCAMC - HDFCGROWTH,120.64,121.64,120.33,121.14,120.25,49840
2026-08-25,HDFCLIQUID,HDFCAMC - HDFCLIQUID,1075.35,1075.35,1075.28,1075.29,1075.01,79114
2026-08-25,HDFCLOWVOL,HDFCAMC - HDFCLOWVOL,20.77,20.93,20.69,20.85,20.81,5095
2026-08-25,HDFCMID150,HDFCAMC - HDFCMID150,24.32,24.32,23.66,23.77,23.73,373521
2026-08-25,HDFCMOMENT,HDFCAMC - HDFCMOMENT,31.42,31.49,31.23,31.43,31.27,146069
2026-08-25,HDFCNEXT50,HDFCAMC - HDFCNEXT50,75.58,75.89,75.31,75.82,75.27,140339
2026-08-25,HDFCNIF100,HDFCAMC - HDFCNIF100,26.17,26.45,26.12,26.24,26.16,81607
2026-08-25,HDFCNIFBAN,HDFCAMC - HDFCNIFBAN,60.52,60.52,59.01,59.11,59.05,234012
2026-08-25,HDFCNIFIT,HDFCAMC - HDFCNIFIT,32.1,33.08,32.1,32.56,32.6,40135
2026-08-25,HDFCNIFTY,HDFCAMC - HDFCNIFTY,279.89,279.89,272.22,273.73,273.07,141775
2026-08-25,HDFCNIMEG,HDFCAMC - HDFCNIMEG,133.11,133.12,132.28,133.08,133.13,1676
2026-08-25,HDFCPVTBAN,HDFCAMC - HDFCPVTBAN,28.12,28.12,27.92,27.97,27.98,55077
2026-08-25,HDFCQUAL,HDFCAMC - HDFCQUAL,59.11,59.54,58.92,59.31,59.1,4385
2026-08-25,HDFCSENSEX,HDFCAMC - HDFCSENSEX,87.11,88.21,87.11,88.13,87.64,23938
2026-08-25,HDFCSILVER,HDFCAMC - HDFCSILVER,229.69,230.89,227.95,228.72,231.71,2278256
2026-08-25,HDFCSML250,HDFCAMC - HDFCSML250,185.18,187.0,183.41,185.21,185.18,1237409
2026-08-25,HDFCVALUE,HDFCAMC - HDFCVALUE,128.2,128.2,125.0,125.3,125.68,6822
2026-08-25,HDFCPSUBK,HDFCAMC HDFCPSUBK,86.2,86.93,86.0,86.71,86.2,10358
2026-08-25,HEADSUP,HEADS UP VENTURES LIMITED,6.95,6.95,6.52,6.7,6.86,21026
2026-08-25,HEALTHX,HEALTH X PLATFORM LIMITED,299.65,303.5,296.3,296.65,298.2,1505
2026-08-25,HCG,HEALTHCARE GLOB. ENT. LTD,721.45,732.0,715.3,724.85,718.8,54195
2026-08-25,HECPROJECT,HEC INFRA PROJECTS LTD,119.9,123.0,116.51,121.21,115.01,12034
2026-08-25,HEG,HEG LTD,726.35,730.0,708.0,721.55,722.75,1078477
2026-08-25,HEIDELBERG,HEIDELBERGCEMENT (I) LTD,160.1,162.48,159.71,161.72,159.93,128498
2026-08-25,HEMIPROP,HEMISPHERE PROP IND LTD,129.5,131.0,128.62,130.56,128.9,246005
2026-08-25,HERANBA,HERANBA INDUSTRIES LTD,177.85,179.0,170.0,174.27,178.35,95670
2026-08-25,HERITGFOOD,HERITAGE FOODS LTD,387.55,392.0,375.8,389.85,387.55,282371
2026-08-25,HEROMOTOCO,HERO MOTOCORP LIMITED,5665.0,5682.0,5590.0,5624.5,5685.0,432456
2026-08-25,HESTERBIO,HESTER BIOSCIENCES LTD,2360.0,2449.0,2355.1,2421.8,2364.5,2361
2026-08-25,HEXATRADEX,HEXA TRADEX LIMITED,157.02,165.7,157.02,162.4,157.76,1538
2026-08-25,HEXT,HEXAWARE TECHNOLOGIES LTD,559.4,561.5,548.85,556.9,562.5,222581
2026-08-25,HFCL,HFCL LIMITED,239.7,244.3,235.65,238.01,238.42,16055915
2026-08-25,HITECH,HI-TECH PIPES LIMITED,80.72,81.79,80.72,81.16,80.72,261637
2026-08-25,HILINFRA,HIGHWAY INFRASTRUCTURE L,45.82,46.58,45.25,45.27,46.5,81037
2026-08-25,HIKAL,HIKAL LIMITED,212.1,212.91,205.81,208.37,211.99,169295
2026-08-25,HILTON,HILTON METAL FORGING LTD,19.94,20.0,19.75,19.84,19.89,43062
2026-08-25,HSCL,HIMADRI SPECIALITY CHEM L,662.5,666.25,652.0,659.75,662.2,3736145
2026-08-25,HIMATSEIDE,HIMATSINGKA SEIDE LTD,73.25,73.9,71.5,72.41,73.25,302957
2026-08-25,HINDALUMI,HIND ALUMINIUM INDS. LTD.,100.0,100.0,98.01,98.72,100.16,888
2026-08-25,HINDALCO,HINDALCO  INDUSTRIES  LTD,1055.0,1057.0,1040.45,1051.05,1058.5,3495294
2026-08-25,HINDCON,HINDCON CHEMICALS LIMITED,22.95,24.5,21.85,23.92,22.28,157165
2026-08-25,HPIL,HINDPRAKASH INDUSTRY LTD,129.78,139.2,121.8,127.74,125.23,40746
2026-08-25,HGS,HINDUJA GLOBAL SOLS. LTD.,397.2,404.45,397.2,401.3,402.05,7587
2026-08-25,HINDADH,HINDUSTAN ADHESIVES LTD.,360.3,360.3,349.55,352.6,356.05,4266
2026-08-25,HAL,HINDUSTAN AERONAUTICS LTD,4890.2,4900.0,4805.0,4900.0,4906.0,565718
2026-08-25,HINDCOMPOS,HINDUSTAN COMPOSITES LTD.,411.1,419.8,406.0,413.45,411.1,8213
2026-08-25,HCC,HINDUSTAN CONSTRUCTION CO,22.56,23.16,22.32,22.61,22.52,42033627
2026-08-25,HINDCOPPER,HINDUSTAN COPPER LTD,542.0,551.85,529.35,532.65,574.15,44652248
2026-08-25,HNDFDS,HINDUSTAN FOODS LIMITED,635.9,639.35,623.0,628.75,639.4,44402
2026-08-25,HINDOILEXP,HINDUSTAN OIL EXPLORATION,157.9,159.32,157.1,158.57,157.58,268206
2026-08-25,HINDPETRO,HINDUSTAN PETROLEUM CORP,372.5,374.15,369.5,373.2,371.95,5703835
2026-08-25,HINDUNILVR,HINDUSTAN UNILEVER LTD.,2024.0,2029.2,2012.0,2024.2,2030.0,1019583
2026-08-25,HINDZINC,HINDUSTAN ZINC LIMITED,600.0,600.6,586.85,592.6,604.0,9509559
2026-08-25,HINDWAREAP,HINDWARE HME INOVATON LTD,196.5,198.02,193.05,194.03,196.73,115718
2026-08-25,HIRECT,HIRECT LIMITED,1226.9,1254.3,1215.4,1235.4,1223.3,52908
2026-08-25,HISARMETAL,HISAR METAL IND. LIMITED,149.3,153.98,149.3,149.99,149.33,447
2026-08-25,POWERINDIA,HITACHI ENERGY INDIA LTD,33680.0,33695.0,33005.0,33300.0,33840.0,88353
2026-08-25,HLEGLAS,HLE GLASCOAT LIMITED,310.2,318.0,310.2,315.8,313.6,62974
2026-08-25,HLVLTD,HLV LIMITED,6.53,6.53,6.43,6.47,6.53,171880
2026-08-25,HMAAGRO,HMA AGRO INDUSTRIES LTD,20.91,22.4,20.91,21.14,21.28,4676628
2026-08-25,HOMEFIRST,HOME FIRST FIN CO IND LTD,1193.0,1195.0,1176.0,1191.3,1192.9,97446
2026-08-25,HONASA,HONASA CONSUMER LIMITED,487.8,491.2,483.15,485.5,490.8,427593
2026-08-25,HONDAPOWER,HONDA I POWER PRODUCT LTD,2087.9,2098.7,2065.0,2073.6,2073.1,2284
2026-08-25,HONAUT,HONEYWELL AUTOMATION IND,36505.0,36935.0,36350.0,36740.0,36640.0,1209
2026-08-25,HORIZONIND,HORIZON INDUSTRIAL PRKS L,59.0,59.79,55.15,55.6,58.16,8930228
2026-08-25,HPAL,HP ADHESIVES LIMITED,33.82,35.89,33.82,35.11,34.5,50607
2026-08-25,HPL,HPL ELECTRIC & POWER LTD,315.45,315.45,308.6,310.25,314.35,64030
2026-08-25,HSBCGOLD,HSBCAMC - HSBCGOLD,140.9,140.9,139.13,139.53,139.76,2123
2026-08-25,HUDCO,HSG & URBAN DEV CORPN LTD,187.0,187.83,185.75,186.22,187.53,901822
2026-08-25,HTMEDIA,HT MEDIA LIMITED,27.01,27.69,26.61,27.29,27.23,82797
2026-08-25,HUBTOWN,HUBTOWN LIMITED,192.12,194.14,187.8,188.64,192.12,442573
2026-08-25,HUHTAMAKI,HUHTAMAKI INDIA LIMITED,272.1,274.9,266.1,267.4,273.35,117118
2026-08-25,HYUNDAI,HYUNDAI MOTOR INDIA LTD,2206.0,2243.8,2190.0,2232.5,2207.0,672338
2026-08-25,IGPL,I G PETROCHEMICALS LTD,501.05,502.45,485.1,488.05,501.05,62402
2026-08-25,ISTLTD,I S T LTD.,688.0,688.25,657.05,671.45,664.25,370
2026-08-25,ICDSLTD,ICDS LTD,39.61,41.1,39.61,40.34,41.0,190
2026-08-25,ICEMAKE,ICE MAKE REFRIGERAT LTD,720.05,735.0,720.05,726.15,726.05,12536
2026-08-25,ICICIBANK,ICICI BANK LTD.,1408.0,1424.9,1408.0,1422.7,1415.0,7983249
2026-08-25,ICICIGI,ICICI LOMBARD GIC LIMITED,1612.0,1622.3,1602.0,1616.0,1620.0,706848
2026-08-25,LOWVOLIETF,ICICI PR NIF LW VL 30 ETF,22.25,22.48,22.2,22.34,22.25,914049
2026-08-25,ICICIPRULI,ICICI PRU LIFE INS CO LTD,510.0,513.3,506.25,510.0,511.25,937538
2026-08-25,MIDSELIETF,ICICI PRUD MIDCAP SEL ETF,20.0,20.13,19.88,20.07,19.98,220569
2026-08-25,NIF100IETF,ICICI PRUD NIFTY 100 ETF,28.31,28.4,28.21,28.32,28.31,42390
2026-08-25,NIFTYIETF,ICICI PRUD NIFTY ETF,278.0,278.0,273.85,275.46,274.71,451653
2026-08-25,SENSEXIETF,ICICI PRUD SENSEX ETF,890.53,895.0,887.86,893.61,890.53,5406
2026-08-25,ICICIAMC,ICICI PRUDENTIAL AMC LTD,3221.4,3305.0,3207.1,3291.8,3230.0,200060
2026-08-25,GOLDIETF,ICICI PRUDENTIAL GOLD ETF,137.71,138.25,136.97,137.52,137.71,8023326
2026-08-25,NV20IETF,ICICI PRUDENTIAL NV20 ETF,13.4,13.65,13.4,13.62,13.54,900232
2026-08-25,ICICIB22,ICICIPRAMC - BHARATIWIN,117.0,117.4,114.51,116.17,115.16,551199
2026-08-25,CASHIETF,ICICIPRAMC - CASHIETF,1076.89,1076.89,1076.87,1076.87,1076.59,124527
2026-08-25,EVIETF,ICICIPRAMC - EVIETF,33.55,33.89,33.29,33.49,33.51,191130
2026-08-25,GSEC10IETF,ICICIPRAMC - ICICI10GS,263.61,265.77,263.61,265.77,263.61,3
2026-08-25,BSE500IETF,ICICIPRAMC - ICICI500,39.51,40.14,39.51,39.78,39.71,399935
2026-08-25,GSEC5IETF,ICICIPRAMC - ICICI5GSEC,66.35,66.81,66.03,66.81,66.28,1522
2026-08-25,ALPL30IETF,ICICIPRAMC - ICICIALPLV,28.07,28.15,27.98,28.1,28.04,255723
2026-08-25,AUTOIETF,ICICIPRAMC - ICICIAUTO,30.12,30.36,29.99,30.22,30.12,462586
2026-08-25,PVTBANIETF,ICICIPRAMC - ICICIBANKP,27.76,27.88,27.7,27.79,27.9,942306
2026-08-25,COMMOIETF,ICICIPRAMC - ICICICOMMO,100.55,100.55,99.53,99.99,100.17,49260
2026-08-25,CONSUMIETF,ICICIPRAMC - ICICICONSU,126.0,126.0,124.04,124.89,124.17,11266
2026-08-25,FMCGIETF,ICICIPRAMC - ICICIFMCG,49.72,51.4,49.72,51.17,51.0,590863
2026-08-25,INFRAIETF,ICICIPRAMC - ICICIINFRA,96.94,96.94,95.61,96.73,95.95,142191
2026-08-25,LIQUIDIETF,ICICIPRAMC - ICICILIQ,1000.0,1000.01,999.95,999.99,999.99,536237
2026-08-25,MIDCAPIETF,ICICIPRAMC - ICICIM150,24.18,24.28,24.16,24.26,24.18,682425
2026-08-25,MOM30IETF,ICICIPRAMC - ICICIMOM30,31.91,31.91,31.5,31.78,31.56,297907
2026-08-25,NEXT50IETF,ICICIPRAMC - ICICINXT50,78.48,78.82,77.8,78.63,78.05,1738596
2026-08-25,HEALTHIETF,ICICIPRAMC - ICICIPHARM,170.36,170.36,167.82,169.83,168.67,98183
2026-08-25,QUAL30IETF,ICICIPRAMC - ICICIQTY30,21.32,21.65,21.19,21.38,21.32,238115
2026-08-25,SILVERIETF,ICICIPRAMC - ICICISILVE,239.6,241.22,238.33,239.05,242.06,2499003
2026-08-25,ITIETF,ICICIPRAMC - ICICITECH,34.72,34.72,33.72,33.98,33.88,315308
2026-08-25,INSUREIETF,ICICIPRAMC - INSUREIETF,15.49,15.61,15.36,15.44,15.51,5273127
2026-08-25,BANKIETF,ICICIPRAMC - IPRU5008,58.9,59.25,58.85,59.02,58.9,1520209
2026-08-25,METALIETF,ICICIPRAMC - METALIETF,13.12,13.49,12.0,13.4,13.46,6112220
2026-08-25,OILIETF,ICICIPRAMC - OILIETF,11.33,11.37,11.29,11.35,11.33,5451173
2026-08-25,PSUBNKIETF,ICICIPRAMC - PSUBANKICI,86.45,87.25,86.09,86.98,86.44,122904
2026-08-25,SMALLIETF,ICICIPRAMC - SMALLIETF,18.4,18.47,18.32,18.43,18.45,37238
2026-08-25,TOP15IETF,ICICIPRAMC - TOP15IETF,9.88,9.97,9.88,9.96,9.92,148637
2026-08-25,VAL30IETF,ICICIPRAMC - VAL30IETF,15.21,15.27,15.15,15.24,15.19,164671
2026-08-25,FINIETF,ICICIPRAMC-ICICIFIN,33.38,33.6,33.25,33.52,33.37,263142
2026-08-25,ICRA,ICRA LIMITED,4998.0,5173.7,4960.0,5106.5,4967.2,50385
2026-08-25,IDBI,IDBI BANK LIMITED,88.48,89.39,86.9,88.31,87.93,18803734
2026-08-25,IDEAFORGE,IDEAFORGE TECHNO LTD,800.0,806.25,776.8,788.8,796.45,317754
2026-08-25,IDFCFIRSTB,IDFC FIRST BANK LIMITED,85.92,86.17,85.0,85.0,85.89,11785661
2026-08-25,IFBAGRO,IFB AGRO INDUSTRIES LTD,972.0,989.0,950.0,959.3,980.7,8311
2026-08-25,IFBIND,IFB INDUSTRIES LTD,1415.9,1415.9,1365.0,1370.1,1407.1,19458
2026-08-25,IFCI,IFCI LTD,82.65,85.24,82.41,83.25,82.48,49384082
2026-08-25,IFGLEXPOR,IFGL REFRACTORIES LIMITED,213.55,214.22,210.0,211.79,213.45,10581
2026-08-25,IGARASHI,IGARASHI MOTORS INDIA LTD,430.6,432.5,425.25,427.55,431.35,45964
2026-08-25,IIFLCAPS,IIFL CAPITAL SERVICES LTD,334.45,336.95,333.5,334.95,333.75,162992
2026-08-25,IIFL,IIFL FINANCE LIMITED,667.0,681.1,643.55,666.25,696.4,8288695
2026-08-25,IKIO,IKIO TECHNOLOGIES LIMITED,194.05,194.39,189.0,191.63,194.05,73619
2026-08-25,IVC,IL&FS INVESTMENT MANAGERS,8.22,8.23,8.0,8.08,8.1,181353
2026-08-25,IMAGICAA,IMAGICAAWORLD ENT LTD,49.53,50.72,49.0,49.79,49.53,401949
2026-08-25,INCREDIBLE,INCREDIBLE INDUSTRIES LTD,35.0,35.0,32.6,33.48,33.48,2054
2026-08-25,IMPAL,IND MOTOR PART & ACC LTD,1080.4,1100.0,1080.4,1095.9,1086.5,334
2026-08-25,INDSWFTLAB,IND SWIFT LABORATORIES LT,326.1,328.99,320.06,324.38,327.27,269737
2026-08-25,INDTERRAIN,IND TERRAIN FASHIONS LTD,30.6,30.69,30.05,30.07,30.29,5503
2026-08-25,INDBANK,INDBANK MERCH BANK,32.0,32.2,31.36,31.86,32.11,20019
2026-08-25,BAJAJINDEF,INDEF MANUFACTURING LTD,219.9,249.0,215.0,225.93,216.08,193789
2026-08-25,INDGN,INDEGENE LIMITED,566.65,570.4,557.7,563.55,566.65,197235
2026-08-25,INDIAGLYCO,INDIA GLYCOLS LTD,1200.0,1219.0,1166.0,1170.5,1191.3,528480
2026-08-25,INDNIPPON,INDIA NIPPON ELECT  LTD,1075.0,1099.5,1055.3,1070.6,1072.5,11250
2026-08-25,IPL,INDIA PESTICIDES LIMITED,140.0,142.2,139.3,139.66,139.94,94282
2026-08-25,INDIASHLTR,INDIA SHELTER FIN CORP L,672.0,679.95,650.0,655.85,669.75,112550
2026-08-25,ITDC,INDIA TOUR. DEV. CO. LTD.,678.7,693.0,676.75,681.6,680.5,80984
2026-08-25,IBULLSLTD,INDIABULLS LIMITED,27.0,28.19,26.32,27.09,26.85,24556789
2026-08-25,INDIAMART,INDIAMART INTERMESH LTD,1752.0,1763.2,1730.0,1750.3,1746.0,34838
2026-08-25,INDIANB,INDIAN BANK,870.45,881.75,869.0,878.0,870.45,1428100
2026-08-25,INDIANCARD,INDIAN CARD CLOTHING CO.,212.49,213.0,206.54,208.01,206.27,2456
2026-08-25,IEX,INDIAN ENERGY EXC LTD,123.3,124.28,122.51,124.2,123.01,2251075
2026-08-25,INDIANHUME,INDIAN HUME PIPE CO. LTD.,397.5,401.95,385.1,389.6,396.3,55797
2026-08-25,IMFA,INDIAN METALS & FERRO,1401.8,1409.8,1373.8,1377.7,1390.6,60188
2026-08-25,IOC,INDIAN OIL CORP LTD,138.0,139.0,137.0,139.0,138.5,7676722
2026-08-25,IOB,INDIAN OVERSEAS BANK,33.25,33.45,32.92,33.03,33.18,2479749
2026-08-25,IRCTC,INDIAN RAIL TOUR CORP LTD,483.15,485.8,481.0,482.55,483.15,516657
2026-08-25,IRFC,INDIAN RAILWAY FIN CORP L,85.98,86.44,85.05,85.45,85.99,9606478
2026-08-25,IREDA,INDIAN RENEWABLE ENERGY,115.0,121.14,114.4,120.61,115.4,11109563
2026-08-25,IWP,INDIAN WOOD PRODUCTS CO L,33.24,35.0,33.0,33.65,33.4,73807
2026-08-25,INDIGOPNTS,INDIGO PAINTS LIMITED,1138.0,1146.5,1125.0,1135.9,1142.5,43033
2026-08-25,INDIQUBE,INDIQUBE SPACES LIMITED,192.75,195.0,190.0,192.5,193.72,39280
2026-08-25,INDOBORAX,INDO BORAX & CHEMICAL LTD,504.0,504.6,481.65,487.4,502.35,224662
2026-08-25,ICIL,INDO COUNT INDUSTRIES LTD,429.95,437.4,417.1,422.5,430.4,448809
2026-08-25,INDOFARM,INDO FARM EQUIPMENT LTD,139.7,141.61,137.67,138.61,139.75,55303
2026-08-25,INDORAMA,INDO RAMA SYNTHETICS LTD,62.61,62.76,59.89,60.53,62.61,148993
2026-08-25,INDOTECH,INDO TECH TRANSFORM LTD.,3899.7,3900.0,3720.0,3742.2,3850.6,7190
2026-08-25,INDOTHAI,INDO THAI SEC LTD,53.85,53.85,53.85,53.85,56.68,36205
2026-08-25,INDOUS,INDO US BIOTECH LTD,84.9,84.9,81.0,81.99,82.79,3658
2026-08-25,INDOMIM,INDO-MIM LIMITED,890.0,909.0,878.0,889.9,888.75,1819819
2026-08-25,NIPPOBATRY,INDO-NATIONAL LIMITED,328.25,334.0,322.05,324.6,329.75,1216
2026-08-25,INDOCO,INDOCO REMEDIES LTD.,219.5,229.0,216.0,225.34,219.19,128259
2026-08-25,IGCL,INDOGULF CROPSCIENCES LTD,71.69,72.7,71.32,72.38,71.59,54565
2026-08-25,INDOKEM,INDOKEM LTD.,599.9,657.0,582.0,627.85,597.9,17940
2026-08-25,WAAREEINDO,INDOSOLAR LIMITED,276.6,284.3,273.8,274.65,278.8,64603
2026-08-25,INDOSTAR,INDOSTAR CAPITAL FIN LTD,261.45,262.45,255.1,257.55,262.5,97365
2026-08-25,INDOWIND,INDOWIND ENERGY LTD,9.38,9.38,9.06,9.27,9.35,118704
2026-08-25,IGL,INDRAPRASTHA GAS LTD,147.74,149.3,147.11,148.68,147.72,918317
2026-08-25,INDRAMEDCO,INDRAPRASTHA MEDICAL CORP,373.0,378.0,370.0,372.95,371.9,163587
2026-08-25,INDUSTOWER,INDUS TOWERS LIMITED,374.25,388.6,374.25,387.25,374.25,6995675
2026-08-25,INDUSINDBK,INDUSIND BANK LIMITED,1014.9,1022.0,1003.6,1015.0,1018.4,1427222
2026-08-25,INDPRUD,INDUSTRIAL & PRU INV CO L,6275.0,6275.0,6161.0,6200.0,6275.0,52
2026-08-25,IITL,INDUSTRIAL INV TRUST LTD,155.0,162.0,152.87,160.41,154.8,113165
2026-08-25,NAUKRI,INFO EDGE (I) LTD,1345.7,1350.0,1328.1,1350.0,1349.0,970768
2026-08-25,INFOBEAN,INFOBEANS TECHNO. LTD.,156.09,156.91,155.0,155.87,155.17,164908
2026-08-25,INFOMEDIA,INFOMEDIA PRESS LIMITED,5.44,5.44,5.11,5.28,5.33,2545
2026-08-25,INFY,INFOSYS LIMITED,1132.0,1144.0,1119.9,1144.0,1130.0,8121237
2026-08-25,INGERRAND,INGERSOLL-RAND INDIA LTD,4660.0,4694.3,4571.0,4594.0,4653.3,20758
2026-08-25,INNOVACAP,INNOVA CAPTAB LIMITED,1063.05,1069.8,1035.0,1040.4,1063.05,21916
2026-08-25,INNOVANA,INNOVANA THINKLABS LTD,320.0,325.0,308.95,310.3,319.9,19852
2026-08-25,INNOVISION,INNOVISION LIMITED,261.4,261.4,256.0,257.45,261.4,11964
2026-08-25,INOXGREEN,INOX GREEN ENERGY SER LTD,175.92,176.23,170.98,173.51,176.26,2007260
2026-08-25,INOXINDIA,INOX INDIA LIMITED,1942.3,1942.3,1880.3,1900.0,1941.5,97315
2026-08-25,INOXWIND,INOX WIND LIMITED,73.87,74.2,72.79,73.74,73.75,13891746
2026-08-25,INSECTICID,INSECTICIDES (I) LTD,580.0,580.05,573.05,579.45,580.15,24299
2026-08-25,INA,INSOLATION ENERGY LIMITED,95.2,95.33,92.95,93.47,94.51,355418
2026-08-25,ESSENTIA,INTEGRA ESSENTIA LIMITED,1.16,1.19,1.13,1.13,1.18,5396157
2026-08-25,INTELLECT,INTELLECT DESIGN ARENA,688.3,688.3,679.0,682.8,687.5,128627
2026-08-25,INTENTECH,INTENSE TECHNOLOGIES LTD,81.55,81.99,80.0,81.38,80.24,16320
2026-08-25,INTERARCH,INTERARCH BLDNG SOLTN LTD,1692.1,1704.5,1667.0,1686.1,1691.6,55526
2026-08-25,INDIGO,INTERGLOBE AVIATION LTD,5088.0,5227.5,5080.5,5218.0,5115.0,333283
2026-08-25,INTLCONV,INTL CONVEYORS LIMITED,77.01,77.46,75.0,75.42,76.66,52501
2026-08-25,IGIL,INTL GEMOLOGICAL INST LTD,342.5,345.25,336.5,343.95,340.65,460701
2026-08-25,ISFT,INTRASOFT TECH. LTD,86.12,95.95,85.35,91.44,87.41,215600
2026-08-25,INVENTURE,INVENTURE GRO & SEC LTD,0.85,0.93,0.85,0.91,0.85,2156622
2026-08-25,IKS,INVENTURUS KNOWLEDGE SO L,1775.6,1800.0,1766.2,1790.9,1789.4,60597
2026-08-25,IVZINGOLD,INVESCO INDIA GOLD ETF,140.6,140.6,138.85,140.3,140.15,79894
2026-08-25,IVZINNIFTY,INVESCO INDIA NIFTY ETF,284.64,284.64,276.73,277.72,277.7,6983
2026-08-25,IOLCP,IOL CHEM AND PHARMA LTD,168.55,176.5,167.63,172.37,169.08,4808790
2026-08-25,IONEXCHANG,ION EXCHANGE (INDIA) LTD,370.0,373.1,367.2,369.5,370.1,143749
2026-08-25,IPRINGLTD,IP RINGS LTD.,145.0,148.99,140.03,145.0,143.68,601
2026-08-25,IPCALAB,IPCA LABORATORIES LTD,1916.0,1958.6,1911.6,1928.5,1920.4,427720
2026-08-25,IRB,IRB INFRA DEV LTD.,18.91,18.95,18.76,18.81,18.91,5495135
2026-08-25,IRCON,IRCON INTERNATIONAL LTD,123.08,125.57,122.25,123.35,123.1,1390771
2026-08-25,IRISDOREME,IRIS CLOTHINGS LIMITED,57.1,58.33,55.96,56.89,57.6,971325
2026-08-25,IRIS,IRIS REGTECH SOLUTION LTD,242.91,244.54,235.81,238.33,242.06,9079
2026-08-25,IRMENERGY,IRM ENERGY LIMITED,282.45,283.0,276.0,277.5,281.95,64440
2026-08-25,ISGEC,ISGEC HEAVY ENG LTD,789.6,789.6,753.3,764.05,783.3,67510
2026-08-25,ISHANCH,ISHAN DYES N CHEMICALS L,47.21,47.21,42.52,44.0,47.27,166360
2026-08-25,ITCHOTELS,ITC HOTELS LIMITED,165.1,167.24,164.75,166.24,164.59,960827
2026-08-25,ITC,ITC LTD,269.7,271.4,267.65,271.4,269.7,8414719
2026-08-25,ITI,ITI LTD,279.0,279.85,276.0,278.15,279.0,107329
2026-08-25,ITL,ITL INDUSTRIES LTD.,372.0,373.0,335.2,366.0,365.05,5383
2026-08-25,IVALUE,IVALUE INFOSOLUTIONS LTD,286.5,288.0,278.3,280.9,284.15,199974
2026-08-25,IZMO,IZMO LIMITED,853.0,862.0,836.1,848.1,841.25,57972
2026-08-25,J&KBANK,J & K BANK LTD.,146.56,152.4,146.3,149.52,146.21,2847499
2026-08-25,JGCHEM,J.G.CHEMICALS LIMITED,608.0,608.0,575.35,579.05,608.15,437478
2026-08-25,JAGRAN,JAGRAN PRAKASHAN LIMITED,62.0,62.2,61.41,61.65,61.94,154523
2026-08-25,JAGSNPHARM,JAGSONPAL PHARMACEUTICALS,242.56,244.9,236.3,241.43,240.77,44621
2026-08-25,JAIBALAJI,JAI BALAJI INDUSTRIES LTD,68.7,68.7,64.5,65.61,65.52,743671
2026-08-25,JAICORPLTD,JAI CORP LIMITED,101.52,102.29,100.4,101.39,101.52,286391
2026-08-25,JISLDVREQS,JAIN DVR EQUITY SHARES,21.06,21.99,20.9,20.95,21.07,7446
2026-08-25,JISLJALEQS,JAIN IRRIGATION SYSTEMS,27.75,28.39,27.5,27.95,27.95,1159115
2026-08-25,JAINREC,JAIN RESOURCE RECYCLING L,294.9,296.35,287.5,288.4,294.3,784049
2026-08-25,JPPOWER,JAIPRAKASH POWER VEN. LTD,17.1,17.15,16.91,16.97,17.1,23623584
2026-08-25,JAMNAAUTO,JAMNA AUTO IND LTD,118.82,121.27,117.38,120.65,118.82,1323499
2026-08-25,JSFB,JANA SMALL FIN BANK LTD,581.55,583.75,561.2,570.65,581.55,1777402
2026-08-25,JARO,JARO INS OF TEC MG N RE L,450.0,476.4,445.9,468.55,445.2,344066
2026-08-25,JASH,JASH ENGINEERING LIMITED,470.05,485.9,470.05,484.3,469.7,78125
2026-08-25,JAYBARMARU,JAY BHARAT MARUTI LTD,126.81,127.06,122.26,122.98,126.81,258776
2026-08-25,JAYAGROGN,JAYANT AGRO ORGANICS LTD,228.63,233.98,227.0,229.64,228.63,24987
2026-08-25,JAYNECOIND,JAYASWAL NECO INDUSTR LTD,103.49,105.17,100.36,100.88,104.22,4832107
2026-08-25,JAYKAY,JAYKAY ENTERPRISES LTD,155.51,161.8,155.0,158.67,155.51,376351
2026-08-25,JAYSREETEA,JAYSHREE TEA & INDUSTRIES,104.0,108.54,103.7,106.57,103.7,343007
2026-08-25,JBMA,JBM AUTO LIMITED,658.95,659.5,645.4,647.55,661.45,313030
2026-08-25,JSLL,JEENA SIKHO LIFECARE LTD,515.0,519.0,509.0,516.3,511.3,277056
2026-08-25,JENBURPH,JENBURKT PHARMACEUTICAL L,1069.9,1069.9,1037.8,1046.2,1043.8,2829
2026-08-25,JETFREIGHT,JET FREIGHT LOGISTICS LTD,22.73,23.0,22.0,22.32,22.51,276255
2026-08-25,JHS,JHS SVEND. LAB. LTD,9.05,9.3,8.66,8.89,9.01,67127
2026-08-25,RETAIL,JHS SVENDGAARD RETAIL V L,18.0,18.0,16.52,17.4,17.0,6572
2026-08-25,JPOLYINVST,JIND POL INV & FIN CO LTD,949.4,961.8,940.2,953.6,946.1,2399
2026-08-25,JINDRILL,JINDAL DRILLING IND. LTD,630.9,633.4,613.1,615.9,630.95,183424
2026-08-25,JINDALPHOT,JINDAL PHOTO LIMITED,1022.0,1059.8,1022.0,1051.2,1019.8,1889
2026-08-25,JINDALPOLY,JINDAL POLY FILMS LIMITED,640.0,655.5,632.1,646.6,636.85,12983
2026-08-25,JINDALSAW,JINDAL SAW LIMITED,287.25,289.8,281.0,281.75,287.25,909612
2026-08-25,JSL,JINDAL STAINLESS LIMITED,702.9,707.25,696.65,701.4,702.4,161234
2026-08-25,JINDALSTEL,JINDAL STEEL LIMITED,1147.9,1157.0,1140.1,1154.1,1149.0,670829
2026-08-25,JINDWORLD,JINDAL WORLDWIDE LTD,35.6,35.64,34.8,34.96,35.7,1455958
2026-08-25,JKIPL,JINKUSHAL INDUSTRIES LTD,102.0,104.4,102.0,103.33,104.4,17120
2026-08-25,JIOFIN,JIO FIN SERVICES LTD,242.0,243.15,240.4,243.15,242.0,9800689
2026-08-25,NIFTYJBLK,JIOBLACKROCKAMC-NIFTYJBLK,12.65,12.65,12.35,12.42,12.4,131697
2026-08-25,JITFINFRA,JITF INFRALOGISTICS LTD,318.85,325.5,316.0,318.55,316.35,12949
2026-08-25,JKCEMENT,JK CEMENT LIMITED,5244.0,5245.0,5171.0,5197.5,5215.5,12441
2026-08-25,JKLAKSHMI,JK LAKSHMI CEMENT LTD,554.9,558.0,540.45,542.45,554.9,166979
2026-08-25,JKPAPER,JK PAPER LIMITED,393.3,393.5,386.45,388.9,393.3,214145
2026-08-25,JKTYRE,JK TYRE & INDUSTRIES LTD,382.0,383.55,380.0,380.65,382.6,193842
2026-08-25,JKIL,JKUMAR INFR.LTD.,504.65,505.0,495.8,497.05,504.65,32313
2026-08-25,JMFINANCIL,JM FINANCIAL LIMITED,130.58,133.45,129.35,130.39,129.5,5034536
2026-08-25,JNKINDIA,JNK INDIA LIMITED,453.5,461.95,447.0,453.7,450.0,116110
2026-08-25,COCKERILL,JOHN COCKERILL INDIA LTD.,8079.0,8143.0,7856.0,7889.5,8047.5,5112
2026-08-25,JSWCEMENT,JSW CEMENT LIMITED,126.8,126.94,124.1,124.99,126.79,560460
2026-08-25,JSWDULUX,JSW DULUX LIMITED,3137.3,3139.9,3088.0,3114.3,3122.9,9079
2026-08-25,JSWENERGY,JSW ENERGY LIMITED,544.55,548.4,539.15,548.4,544.7,1268060
2026-08-25,JSWHL,JSW HOLDINGS LIMITED,11360.0,11506.0,11112.0,11446.0,11161.0,2861
2026-08-25,JSWINFRA,JSW INFRASTRUCTURE LTD,340.2,345.5,337.85,343.95,340.2,2348613
2026-08-25,JSWSTEEL,JSW STEEL LIMITED,1326.0,1326.3,1310.1,1320.3,1327.0,1234494
2026-08-25,JTEKTINDIA,JTEKT INDIA LIMITED,127.2,127.48,125.0,125.61,126.54,102312
2026-08-25,JTLIND,JTL INDUSTRIES LIMITED,79.24,79.9,78.35,78.82,79.52,934708
2026-08-25,JUBLCPL,JUBILANT AGRI N CON PRO L,2127.1,2198.0,2120.7,2139.5,2127.1,5315
2026-08-25,JUBLFOOD,JUBILANT FOODWORKS LTD,506.5,515.0,504.95,515.0,507.9,2203796
2026-08-25,JUBLINGREA,JUBILANT INGREVIA LIMITED,711.25,720.8,705.0,706.8,708.2,135879
2026-08-25,JUBLPHARMA,JUBILANT PHARMOVA LTD,905.3,921.7,892.7,896.65,902.7,191721
2026-08-25,JMA,JULLUNDUR MOT AGENCY LTD,88.0,90.0,87.51,89.54,88.96,8811
2026-08-25,JNPR,JUNIPER GREEN ENERGY LTD,260.7,268.65,257.01,258.96,261.99,709261
2026-08-25,JUNIPER,JUNIPER HOTELS LIMITED,209.9,213.37,205.6,211.67,209.12,179523
2026-08-25,JLHL,JUPITER LIFE LINE HOSP L,308.0,308.0,295.15,298.7,307.85,330397
2026-08-25,JWL,JUPITER WAGONS LIMITED,248.4,253.45,245.25,246.9,247.85,625980
2026-08-25,JUSTDIAL,JUSTDIAL LTD.,664.95,666.0,652.6,655.45,664.95,73841
2026-08-25,JYOTHYLAB,JYOTHY LABS LIMITED,213.3,214.14,210.0,212.64,212.57,915660
2026-08-25,JYOTICNC,JYOTI CNC AUTOMATION LTD,980.25,1007.1,976.95,989.95,980.25,903848
2026-08-25,JYOTIRES,JYOTI RESINS & ADHESIVE L,853.4,879.75,835.3,864.6,860.5,16021
2026-08-25,JYOTISTRUC,JYOTI STRUCTURES LTD,10.65,10.73,10.41,10.5,10.67,4241824
2026-08-25,KJMCFIN,K J M C FINANCIAL SERV L,64.56,77.0,64.56,71.97,71.73,13899
2026-08-25,KMCSHIL,K M C SPECIALITY HOSP I L,139.6,141.6,137.5,140.22,139.25,72174
2026-08-25,KMSUGAR,K M SUGAR MILLS LTD,34.04,35.0,31.12,32.48,34.05,552868
2026-08-25,KPEL,K.P. ENERGY LIMITED,257.0,257.0,249.65,253.45,256.75,229515
2026-08-25,KABRAEXTRU,KABRA EXTRUSION TECHNIK L,611.95,616.45,591.25,609.15,611.1,270498
2026-08-25,KAJARIACER,KAJARIA CERAMICS LTD,1205.6,1227.0,1192.4,1213.9,1205.6,164716
2026-08-25,KAKATCEM,KAKATIYA CEM SUGAR &IND L,118.85,118.85,115.0,115.62,117.38,1346
2026-08-25,KALPATARU,KALPATARU LIMITED,289.7,289.7,277.5,279.15,286.9,32954
2026-08-25,KPIL,KALPATARU PROJECT INT LTD,1388.9,1402.7,1380.5,1384.4,1388.9,130685
2026-08-25,KALYANKJIL,KALYAN JEWELLERS IND LTD,607.95,625.3,604.25,612.6,607.95,11752343
2026-08-25,KALYANIFRG,KALYANI FORGE LIMITED,684.9,684.9,666.2,677.95,679.8,656
2026-08-25,KICL,KALYANI INVEST CO LTD,5268.0,5340.0,5219.0,5238.0,5272.5,406
2026-08-25,KSL,KALYANI STEELS LIMITED,879.0,885.3,866.3,874.2,876.45,18022
2026-08-25,KAMAHOLD,KAMA HOLDINGS LTD.,2430.2,2443.9,2387.8,2394.4,2417.4,6974
2026-08-25,KAMANWALA,KAMANWALA HOUSING CONST L,17.5,17.5,16.5,16.56,16.97,596
2026-08-25,KAMATHOTEL,KAMAT HOTELS (I) LTD,223.0,229.8,215.0,227.2,225.94,163009
2026-08-25,KAMOPAINTS,KAMDHENU VENTURES LIMITED,4.63,4.84,4.5,4.58,4.62,212004
2026-08-25,KANANIIND,KANANI INDUSTRIES LTD,1.52,1.52,1.45,1.45,1.49,142464
2026-08-25,KANCHI,KANCHI KARPOORAM LTD.,392.3,392.3,382.3,392.3,373.65,8126
2026-08-25,KANCOTEA,KANCO TEA & INDS. LTD.,56.35,56.45,51.65,56.45,56.35,106
2026-08-25,KANPRPLA,KANPUR PLASTIPACK LIMITED,278.4,283.14,276.01,277.19,275.96,53611
2026-08-25,KANSAINER,KANSAI NEROLAC PAINTS LTD,201.66,202.99,198.55,200.43,201.56,114463
2026-08-25,KAPSTON,KAPSTON SERVICES LIMITED,512.2,519.25,502.6,511.5,512.2,39865
2026-08-25,KARMAENG,KARMA ENERGY LIMITED,38.21,38.99,37.65,38.2,38.21,3120
2026-08-25,KTKBANK,KARNATAKA BANK LIMITED,333.25,337.7,332.0,334.6,333.25,2784058
2026-08-25,KARURVYSYA,KARUR VYSYA BANK LTD,337.95,347.9,337.0,346.0,338.15,2922187
2026-08-25,KSCL,KAVERI SEED CO. LTD.,768.35,793.6,760.85,786.85,768.35,291436
2026-08-25,KAVDEFENCE,KAVVERI DFS & WIR TEC LTD,57.2,62.09,56.8,59.51,57.12,311832
2026-08-25,KAYNES,KAYNES TECHNOLOGY IND LTD,3859.3,3996.5,3804.0,3936.0,3840.2,1815929
2026-08-25,KCP,KCP LTD,174.51,178.46,171.57,177.06,176.62,301672
2026-08-25,KDDL,KDDL LIMITED,3900.0,4011.5,3855.3,3924.6,3848.7,71886
2026-08-25,KEC,KEC INTL. LIMITED,430.5,433.9,425.2,426.35,431.35,608190
2026-08-25,KEI,KEI INDUSTRIES LTD.,5496.0,5590.2,5482.9,5588.0,5494.0,435936
2026-08-25,KELLTONTEC,KELLTON TECH SOL LTD,13.76,14.05,13.55,13.63,13.76,1302102
2026-08-25,KENNAMET,KENNAMETAL INDIA LIMITED,4190.0,4241.9,4103.0,4132.1,4232.0,28142
2026-08-25,KERNEX,KERNEX MICROSYS(I) LTD,1958.0,1959.0,1885.6,1899.4,1966.8,163771
2026-08-25,KKCL,KEWAL KIRAN CLOTHING LTD,523.0,523.0,512.8,515.45,522.9,13202
2026-08-25,KEYFINSERV,KEYNOTE FIN SERV LTD.,260.0,267.95,255.0,256.45,263.0,1585
2026-08-25,RUSTOMJEE,KEYSTONE REALTORS LIMITED,376.2,379.6,372.0,374.2,379.05,24484
2026-08-25,KFINTECH,KFIN TECHNOLOGIES LIMITED,970.0,976.6,956.2,966.0,969.9,707013
2026-08-25,KHAITANLTD,KHAITAN (INDIA)LTD.,151.8,151.8,144.01,146.98,151.94,1954
2026-08-25,KHAICHEM,KHAITAN CHEM & FERT LTD,54.21,58.79,54.21,56.75,53.96,897796
2026-08-25,KHANDSE,KHANDWALA SECURITIES LTD,18.15,18.5,17.0,17.09,17.11,3694
2026-08-25,KLBRENG-B,KILBURN ENGINEERING LTD.,400.0,400.0,389.05,393.9,398.35,188822
2026-08-25,KINGFA,KINGFA SCI & TEC IND LTD.,5837.0,5946.0,5731.0,5909.5,5744.0,12406
2026-08-25,KIOCL,KIOCL LIMITED,387.7,389.25,379.0,379.8,388.3,91621
2026-08-25,KIRANVYPAR,KIRAN VYAPAR LTD.,202.99,203.0,200.35,202.5,200.99,4556
2026-08-25,KIRIINDUS,KIRI INDUSTRIES LIMITED,506.0,511.0,496.8,498.7,502.4,842684
2026-08-25,KIRLOSBROS,KIRLOSKAR BROTHERS LTD,1939.1,1939.1,1886.0,1899.0,1922.4,28327
2026-08-25,KECL,KIRLOSKAR ELECTRIC CO LTD,132.4,132.4,128.25,129.03,131.57,122655
2026-08-25,KIRLFER,KIRLOSKAR FERROUS IND LTD,441.4,444.25,436.0,442.5,444.1,19763
2026-08-25,KIRLOSIND,KIRLOSKAR INDUSTRIES LTD,3633.9,3714.6,3633.9,3701.1,3663.8,1755
2026-08-25,KIRLOSENG,KIRLOSKAR OIL ENG LTD,2075.0,2088.2,2025.8,2029.3,2068.3,270982
2026-08-25,KIRLPNU,KIRLOSKAR PNEUMATIC COM L,729.9,736.9,716.1,721.9,729.6,98887
2026-08-25,KITEX,KITEX GARMENTS LTD,127.16,127.97,125.68,126.56,127.16,233788
2026-08-25,KNAGRI,KN AGRI RESOURCES LIMITED,225.0,227.69,213.25,218.01,221.2,72200
2026-08-25,KNACK,KNACK PACKAGING LIMITED,203.0,203.9,194.6,196.58,202.03,1003094
2026-08-25,KMEW,KNOWLEDGE MARINE & EN W L,2705.0,2735.0,2660.4,2685.1,2712.7,40991
2026-08-25,KNRCON,KNR CONSTRU LTD.,127.95,127.95,123.1,123.79,127.15,1858731
2026-08-25,KOHINOOR,KOHINOOR FOODS LIMITED,36.0,38.47,35.51,35.78,36.47,267850
2026-08-25,KOKUYOCMLN,KOKUYO CAMLIN LIMITED,81.55,83.0,78.9,79.11,82.34,86886
2026-08-25,KOLTEPATIL,KOLTE PATIL DEV. LTD.,453.0,461.95,443.65,459.45,452.1,181065
2026-08-25,GOLD1,KOTAK GOLD ETF,133.69,134.94,133.51,134.03,134.48,1289621
2026-08-25,KOTAKBANK,KOTAK MAHINDRA BANK LTD,398.3,402.05,398.15,401.6,401.45,10154716
2026-08-25,NIFTY1,KOTAK NIFTY ETF,275.64,275.64,267.0,269.63,268.92,41665
2026-08-25,PSUBANK,KOTAK PSU BANK,87.38,87.38,83.96,85.99,85.36,3220859
2026-08-25,CHEMICAL,KOTAKMAMC - CHEMICAL,30.06,30.34,29.94,30.18,30.07,356043
2026-08-25,ALPHA,KOTAKMAMC - KOTAKALPHA,54.39,54.68,54.03,54.61,54.35,553469
2026-08-25,CONS,KOTAKMAMC - KOTAKCONS,12.47,12.54,12.31,12.38,12.36,7843
2026-08-25,IT,KOTAKMAMC - KOTAKIT,33.76,34.16,33.65,33.93,33.83,248585
2026-08-25,LIQUID1,KOTAKMAMC - KOTAKLIQ,1119.66,1120.69,1119.52,1119.86,1119.55,791809
2026-08-25,LOWVOL1,KOTAKMAMC - KOTAKLOVOL,21.2,21.43,21.19,21.39,21.34,174147
2026-08-25,MIDCAP,KOTAKMAMC - KOTAKMID50,18.72,18.92,18.65,18.82,18.72,409372
2026-08-25,MNC,KOTAKMAMC - KOTAKMNC,34.21,34.89,33.96,34.29,34.21,56047
2026-08-25,SILVER1,KOTAKMAMC - KOTAKSILVE,23.54,23.54,23.16,23.25,23.54,4755519
2026-08-25,NV20,KOTAKMAMC - KTKNV20ETF,13.99,13.99,13.87,13.93,13.93,53290
2026-08-25,MID150,KOTAKMAMC - MID150,23.34,23.93,23.34,23.91,23.82,19922
2026-08-25,MOMENTUM30,KOTAKMAMC - MOMENTUM30,31.39,31.39,30.94,31.21,30.97,17345
2026-08-25,MSCIINDIA,KOTAKMAMC - MSCIINDIA,30.15,30.34,29.98,30.29,29.96,12970
2026-08-25,NEXT50ETF,KOTAKMAMC - NEXT50ETF,74.54,75.26,74.34,74.71,74.58,150661
2026-08-25,NIFTY100EW,KOTAKMAMC - NIFTY100EW,34.64,36.08,34.64,35.69,35.35,273247
2026-08-25,PVTBANK,KOTAKMAMC - PVTBANK,27.97,27.97,27.46,27.61,27.7,6079
2026-08-25,QUALITY30,KOTAKMAMC - QUALITY30,21.03,21.03,20.82,20.96,20.82,16014
2026-08-25,BANKNIFTY1,KOTAKMAMC-KOTAKBKETF,61.01,61.01,59.45,59.61,59.53,16563254
2026-08-25,KOTIC,KOTHARI INDUSTRIAL CORP L,157.02,159.7,145.2,146.69,155.55,15386
2026-08-25,KOTHARIPET,KOTHARI PETROCHEM LTD,134.99,135.85,133.21,134.05,134.25,31292
2026-08-25,KOTHARIPRO,KOTHARI PRODUCTS LTD,69.98,70.65,68.34,68.92,68.52,4864
2026-08-25,KOTARISUG,KOTHARI SUG & CHEM LTD.,38.6,38.6,35.25,35.25,39.16,805383
2026-08-25,KOVAI,KOVAI MEDICAL CENTER & HO,5951.0,6000.0,5905.5,5985.5,5925.5,3612
2026-08-25,KPIGREEN,KPI GREEN ENERGY LIMITED,322.05,323.65,316.55,319.25,321.15,490139
2026-08-25,KPITTECH,KPIT TECHNOLOGIES LIMITED,583.1,592.0,577.0,592.0,583.1,1582973
2026-08-25,KPRMILL,KPR MILL LTD.,1110.0,1125.0,1100.1,1120.0,1112.3,136421
2026-08-25,KRBL,KRBL LIMITED,436.0,436.0,419.0,423.0,437.8,1535674
2026-08-25,KREBSBIO,KREBS BIOCHEMICALS & IND,53.5,54.38,52.99,53.78,53.15,4704
2026-08-25,KRISHANA,KRISHANA PHOSCHEM LIMITED,199.02,204.7,196.58,201.72,199.68,1569099
2026-08-25,KRISHIVAL,KRISHIVAL FOODS LIMITED,409.1,410.2,405.0,406.25,408.5,10510
2026-08-25,KRISHNADEF,KRISHNA DEF AND ALD IND L,1014.4,1048.6,1014.4,1030.6,1018.4,81197
2026-08-25,KIMS,KRISHNA INST OF MED SCI L,770.0,783.4,765.5,772.5,766.35,1119308
2026-08-25,KRITI,KRITI INDUSTRIES IND LTD,65.0,67.39,63.7,64.35,65.11,32019
2026-08-25,KRITINUT,KRITI NUTRIENTS LIMITED,88.68,91.99,88.06,90.39,88.68,14617
2026-08-25,KRITIKA,KRITIKA WIRES LIMITED,5.5,5.63,5.4,5.49,5.48,100206
2026-08-25,KRN,KRN HEAT EXCHANGE N REF L,1470.0,1540.0,1465.0,1524.8,1471.2,251622
2026-08-25,KRONOX,KRONOX LAB SCIENCES LTD,205.36,205.36,184.83,186.14,205.36,1026770
2026-08-25,KROSS,KROSS LIMITED,209.54,215.2,208.0,209.11,209.6,374846
2026-08-25,KRSNAA,KRSNAA DIAGNOSTICS LTD,564.0,569.1,560.0,564.8,563.0,22306
2026-08-25,KRYSTAL,KRYSTAL INTEGRATED SER L,648.0,654.45,620.0,621.05,640.4,30001
2026-08-25,KSB,KSB LIMITED,788.0,808.0,785.65,802.85,791.75,206809
2026-08-25,KSE,KSE LTD.,176.26,178.0,174.0,175.94,176.26,26206
2026-08-25,KSHINTL,KSH INTERNATIONAL LIMITED,982.35,989.8,962.5,970.2,978.95,132107
2026-08-25,KSHITIJPOL,KSHITIJ POLYLINE LIMITED,2.88,2.97,2.88,2.97,2.83,1431205
2026-08-25,KSOLVES,KSOLVES INDIA LIMITED,275.75,276.0,271.55,274.15,274.45,11188
2026-08-25,KSR,KSR FOOTWEAR LIMITED,29.4,29.99,28.12,28.65,28.8,33612
2026-08-25,KUANTUM,KUANTUM PAPERS LIMITED,72.41,74.0,71.1,72.12,73.0,87346
2026-08-25,KUSUMGAR,KUSUMGAR LIMITED,609.0,616.0,595.0,599.2,604.65,318445
2026-08-25,KPL,KWALITY PHARMACEUTICALS L,3465.9,3529.8,3350.0,3373.1,3452.2,45124
2026-08-25,KWIL,KWALITY WALL'S (INDIA) L,48.4,50.35,46.81,47.19,48.63,51218456
2026-08-25,LKPSEC,L K P SECURITIES LTD.,16.29,16.64,15.05,15.89,16.37,39573
2026-08-25,LTF,L&T FINANCE LIMITED,315.9,320.8,315.15,319.5,315.85,3760223
2026-08-25,LTTS,L&T TECHNOLOGY SER. LTD.,3597.8,3609.3,3550.1,3568.2,3584.6,36489
2026-08-25,LAOPALA,LA OPALA RG LIMITED,169.46,173.95,166.5,170.88,169.46,276685
2026-08-25,LADDERUP,LADDERUP FINANCE LTD.,51.5,51.5,49.0,49.0,51.2,281
2026-08-25,LAGNAM,LAGNAM SPINTEX LIMITED,74.6,76.99,74.6,75.93,75.96,3062
2026-08-25,LAHOTIOV,LAHOTI OVERSEAS LTD.,41.75,42.49,41.51,42.17,41.95,2411
2026-08-25,LFIC,LAKSHMI FIN IND CORP LTD,138.0,140.01,137.91,138.04,137.31,773
2026-08-25,LAKSHMIMIL,LAKSHMI MILLS CO. LTD.,8120.0,8350.0,7900.0,8020.5,8164.0,30
2026-08-25,LALITHAA,LALITHAA JEWELLERY MART L,250.0,259.19,248.0,249.87,248.44,29783775
2026-08-25,LAMBODHARA,LAMBODHARA TEXTILES LTD.,144.0,145.85,130.2,142.03,141.69,423658
2026-08-25,LANCER,LANCER CONTAINER LINES L,10.98,11.48,10.3,11.34,10.86,735822
2026-08-25,LANCORHOL,LANCOR HOLDINGS LIMITED,33.2,33.9,30.9,32.14,32.62,465423
2026-08-25,LANDMARK,LANDMARK CARS LIMITED,536.05,537.9,525.05,528.45,541.75,65953
2026-08-25,LPDC,LANDMARK PR.DEV.CO.LTD,7.05,7.3,7.05,7.18,7.25,27312
2026-08-25,LANDSMILL,LANDSMILL GREEN LIMITED,0.75,0.76,0.69,0.7,0.74,6015449
2026-08-25,LT,LARSEN & TOUBRO LTD.,4085.0,4125.3,4066.6,4119.0,4090.0,1316074
2026-08-25,LASA,LASA SUPERGENERICS LTD,7.05,7.5,6.76,7.07,7.26,32176
2026-08-25,LASERPOWER,LASER POWER & INFRA LTD,334.0,343.5,331.1,335.4,334.5,1330667
2026-08-25,LATENTVIEW,LATENT VIEW ANALYTICS LTD,278.5,281.35,277.45,279.35,278.5,233761
2026-08-25,LATTEYS,LATTEYS INDUSTRIES LTD,23.05,23.05,22.0,22.25,23.08,44345
2026-08-25,LAURUSLABS,LAURUS LABS LIMITED,1808.0,1869.4,1796.5,1866.2,1801.0,3550945
2026-08-25,LAXMICOT,LAXMI COTSPIN LIMITED,13.8,14.13,13.2,13.67,13.74,24014
2026-08-25,LAXMIDENTL,LAXMI DENTAL LIMITED,196.35,196.35,192.44,193.1,194.99,62870
2026-08-25,LGHL,LAXMI GOLDORNA HOUSE LTD,182.66,182.66,172.0,174.84,178.2,7367
2026-08-25,LAXMIINDIA,LAXMI INDIA FINANCE LTD,124.5,129.5,121.66,125.96,125.5,395709
2026-08-25,LXCHEM,LAXMI ORGANIC INDUS LTD,174.0,175.44,169.5,170.5,173.18,658611
2026-08-25,LCCINFOTEC,LCC INFOTECH LTD,3.53,3.53,3.31,3.41,3.53,100687
2026-08-25,LEMERITE,LE MERITE EXPORTS LIMITED,23.3,23.58,22.45,22.9,22.46,296619
2026-08-25,IXIGO,LE TRAVENUES TECHNOLOGY L,168.59,170.77,166.7,168.37,167.68,688164
2026-08-25,LEAPIND,LEAP INDIA LIMITED,158.66,162.45,157.45,158.31,159.36,3568532
2026-08-25,LEENEE,LEE & NEE SOFTWARES (E) L,10.72,11.48,9.81,9.91,10.5,81045
2026-08-25,THELEELA,LEELA PALACES HOTEL LTD,545.5,559.9,540.5,554.9,549.7,440804
2026-08-25,LEMONTREE,LEMON TREE HOTELS LTD,109.0,109.5,108.15,109.21,108.56,1541936
2026-08-25,LENSKART,LENSKART SOLUTIONS LTD,655.95,670.5,647.1,655.95,659.75,6221160
2026-08-25,LEXUS,LEXUS GRANITO (INDIA) LTD,14.49,14.49,13.13,13.27,13.8,21392
2026-08-25,LGBBROSLTD,LG BALAKRISHNAN & BROS,1608.6,1618.0,1592.1,1611.5,1602.2,15587
2026-08-25,LGEINDIA,LG ELECTRONICS INDIA LTD,1662.3,1695.0,1654.0,1690.4,1664.2,614640
2026-08-25,LIBAS,LIBAS CONSU PRODUCTS LTD,9.71,10.25,9.71,10.15,9.96,43855
2026-08-25,LIBERTSHOE,LIBERTY SHOES LTD,243.75,250.95,241.35,247.15,243.8,64963
2026-08-25,LICHSGFIN,LIC HOUSING FINANCE LTD,490.0,506.4,489.15,506.0,491.4,3617182
2026-08-25,LICMFGOLD,LIC MF - LIC GOLD ETF,144.9,145.5,143.85,145.0,144.55,113234
2026-08-25,LICNETFN50,LICNAMC - LICNFENGP,272.36,274.58,270.44,274.58,272.11,302
2026-08-25,LICNETFSEN,LICNAMC - LICNFESGP,877.27,880.0,872.06,880.0,876.83,64
2026-08-25,LICNFNHGP,LICNAMC - LICNFNHGP,278.75,278.96,278.75,278.82,278.75,71
2026-08-25,LICNETFGSC,LICNAMC - LICNMFET,29.56,29.72,29.52,29.59,29.56,26681
2026-08-25,LICNMID100,LICNAMC - LICNMID100,64.07,64.74,63.61,64.74,64.01,105789
2026-08-25,LICI,LIFE INSURA CORP OF INDIA,421.9,428.15,420.2,424.0,421.85,11707497
2026-08-25,LIKHITHA,LIKHITHA INFRASTRUC LTD,210.2,212.99,207.1,210.78,210.98,19975
2026-08-25,LINC,LINC LIMITED,95.01,98.01,95.01,96.11,96.21,12031
2026-08-25,LINCOLN,LINCOLN PHARMA LTD,616.8,631.3,609.2,618.2,612.25,44784
2026-08-25,LINDEINDIA,LINDE INDIA LIMITED,6540.0,6599.5,6458.0,6493.5,6531.0,18701
2026-08-25,LLOYDSENGG,LLOYDS ENGG WORK LIMITED,87.3,88.12,84.6,85.73,87.17,7442006
2026-08-25,LLOYDSENT,LLOYDS ENTERPRISES LTD,74.1,74.65,72.98,74.07,74.06,2861883
2026-08-25,LLOYDSME,LLOYDS METALS N ENERGY L,1825.2,1857.4,1808.5,1844.7,1831.7,240207
2026-08-25,LMW,LMW LIMITED,19568.0,19682.0,19261.0,19358.0,19558.0,2080
2026-08-25,LODHA,LODHA DEVELOPERS LIMITED,1257.5,1283.0,1253.1,1281.1,1258.4,2232829
2026-08-25,LCL,LOHIA CORP LIMITED,582.9,599.5,575.0,587.0,584.1,837602
2026-08-25,LORDSCHLO,LORDS CHLORO ALKALI LTD,135.0,136.66,131.13,134.49,132.25,14794
2026-08-25,LAL,LORENZINI APPARELS LTD,8.8,9.09,8.78,8.83,9.01,12307
2026-08-25,LOTUSCHO,LOTUS CHOCOLATE CO. LTD.,620.0,632.0,617.05,625.4,622.2,5672
2026-08-25,LOTUSEYE,LOTUS EYE HOSP & INST L,116.07,116.49,112.3,113.99,115.5,18144
2026-08-25,LOVABLE,LOVABLE LINGERIE LTD,71.16,73.1,71.1,71.28,72.43,6665
2026-08-25,LTFOODS,LT FOODS LIMITED,456.75,459.0,439.25,445.8,459.0,2571532
2026-08-25,LTM,LTM LIMITED,4529.7,4550.0,4469.1,4528.0,4525.7,204574
2026-08-25,LUMAXTECH,LUMAX AUTO TECH LTD,1966.0,1966.0,1900.0,1932.1,1964.3,113432
2026-08-25,LUMAXIND,LUMAX INDUSTRIES LTD,5820.0,5940.0,5716.0,5909.0,5808.5,9541
2026-08-25,LUPIN,LUPIN LIMITED,2182.6,2189.9,2158.1,2175.5,2188.0,545272
2026-08-25,LUXIND,LUX INDUSTRIES LIMITED,1221.2,1230.2,1208.2,1227.1,1212.4,26508
2026-08-25,MBEL,M AND B ENGINEERING LTD,274.6,275.7,270.6,272.05,272.7,72817
2026-08-25,MKEXIM,M K EXIM (INDIA) LTD.,61.0,63.0,60.1,61.88,60.11,37428
2026-08-25,MKPL,M K PROTEINS LIMITED,4.17,4.18,4.08,4.12,4.16,61239
2026-08-25,MCL,M TEK COPPER LIMITED,58.66,59.8,57.55,57.74,58.66,20576
2026-08-25,M&MFIN,M&M FIN. SERVICES LTD,378.7,385.95,377.8,381.45,378.7,1967122
2026-08-25,MAANALU,MAAN ALUMINIUM LIMITED,121.58,121.58,117.36,118.32,119.04,28171
2026-08-25,MCCHRLS-B,MAC CHARLES (INDIA) LTD.,698.0,698.0,668.05,673.2,683.55,31
2026-08-25,MACPOWER,MACPOWER CNC MACHINES LTD,1963.4,2050.0,1853.0,1903.0,1963.4,100601
2026-08-25,MADHAVIPL,MADHAV INFRA PROJECTS L,7.54,7.54,7.16,7.23,7.22,93653
2026-08-25,MADHAV,MADHAV MARBLE & GRANITE,35.14,36.9,34.65,35.46,35.14,4492
2026-08-25,MBAPL,MADHYA BHARAT AGRO P. LTD,171.0,172.0,167.44,168.55,168.91,601736
2026-08-25,MADRASFERT,MADRAS FERTILISERS LTD,67.0,71.99,66.8,69.81,65.66,1345351
2026-08-25,MAFATIND,MAFATLAL INDUSTRIES LTD.,122.0,123.59,119.02,120.92,121.56,32004
2026-08-25,MAGADSUGAR,MAGADH SUGAR & ENERGY LTD,594.45,604.7,580.0,582.35,601.05,70144
2026-08-25,MCLOUD,MAGELLANIC CLOUD LIMITED,29.58,29.7,28.7,29.0,29.58,3759566
2026-08-25,MAGNUM,MAGNUM VENTURES LTD.,19.6,19.6,18.51,19.26,19.45,18607
2026-08-25,MAHAPEXLTD,MAHA RASHTRA APEX COPR. L,61.5,61.5,57.77,58.85,59.98,5973
2026-08-25,MFML,MAHALAXMI FABRIC MILLS LT,19.48,19.48,18.62,18.8,18.93,73
2026-08-25,MGL,MAHANAGAR GAS LTD.,1131.0,1131.0,1100.0,1101.4,1127.7,262893
2026-08-25,MTNL,MAHANAGAR TELEPHONE NIGAM,26.5,26.73,26.4,26.57,26.46,494319
2026-08-25,MAHSCOOTER,MAHARASHTRA SCOOTERS LTD,13139.0,13338.0,13001.0,13216.0,13063.0,2847
2026-08-25,MAHSEAMLES,MAHARASHTRA SEAMLESS LTD,634.9,655.95,632.0,636.55,634.75,305342
2026-08-25,M&M,MAHINDRA & MAHINDRA LTD,3414.1,3443.0,3396.8,3443.0,3414.1,1078022
2026-08-25,MAHEPC,MAHINDRA EPC IRRIG LTD,106.9,106.99,105.08,106.2,106.69,13077
2026-08-25,MHRIL,MAHINDRA HOLIDAYS LTD,221.2,222.64,218.0,219.1,221.05,88912
2026-08-25,MAHLIFE,MAHINDRA LIFESPACE DEVLTD,379.15,383.0,375.0,376.55,379.15,81225
2026-08-25,MAHLOG,MAHINDRA LOGISTIC LIMITED,403.1,405.8,396.1,399.7,403.1,95410
2026-08-25,MAITHANALL,MAITHAN ALLOYS LTD,999.0,999.05,983.25,988.75,993.95,22169
2026-08-25,MAKERSL,MAKERS LABORATORIES LTD.,228.0,236.0,212.55,215.51,220.86,76863
2026-08-25,MALLCOM,MALLCOM (INDIA) LIMITED,962.0,1030.0,962.0,1016.8,969.25,4104
2026-08-25,MALUPAPER,MALU PAPER MILLS LIMITED,31.38,32.61,31.34,32.01,31.38,14601
2026-08-25,MAMATA,MAMATA MACHINERY LIMITED,417.5,417.5,407.3,410.4,417.5,16125
2026-08-25,MANAKCOAT,MAN COAT METAL & IND LTD,125.0,125.69,123.0,124.09,124.77,100398
2026-08-25,MANINDS,MAN INDUSTRIES (I) LTD.,719.15,729.0,704.4,711.5,718.1,472295
2026-08-25,MANINFRA,MAN INFRA LTD,114.38,114.47,112.14,113.86,113.68,884939
2026-08-25,MANAKALUCO,MANAK ALUMINIUM CO. LTD.,36.8,41.68,36.8,40.04,37.26,188666
2026-08-25,MANAKSIA,MANAKSIA LTD.,57.4,58.44,56.51,57.7,58.1,8381
2026-08-25,MANAKSTEEL,MANAKSIA STEELS LTD,88.89,88.89,86.25,86.74,87.38,30318
2026-08-25,MANALIPETC,MANALI PETROCHEMICALS LT,74.5,77.14,74.41,74.87,74.91,976418
2026-08-25,MANAPPURAM,MANAPPURAM FINANCE LTD,366.25,369.7,363.3,367.45,365.05,4778127
2026-08-25,MANBA,MANBA FINANCE LIMITED,129.3,131.6,126.37,127.61,129.08,115450
2026-08-25,MANBRO,MANBRO INDUSTRIES LTD.,59.45,60.5,59.01,59.66,59.04,220837
2026-08-25,MANCREDIT,MANGAL CREDIT N FINCORP L,222.64,224.86,220.0,222.17,222.63,18317
2026-08-25,MEIL,MANGAL ELECTRICAL IND L,262.0,301.2,258.4,276.2,261.05,618782
2026-08-25,MANGLMCEM,MANGALAM CEMENT LTD,1050.0,1060.0,1002.05,1034.5,1045.4,116826
2026-08-25,MANGALAM,MANGALAM DRUG & CHEM LTD,30.44,33.39,30.0,32.84,30.44,273648
2026-08-25,MANORG,MANGALAM ORGANICS LIMITED,479.85,502.0,479.7,500.4,480.5,16836
2026-08-25,MSL,MANGALAM SEEDS LTD.,151.99,151.99,149.2,149.2,153.07,6
2026-08-25,MWL,MANGALAM WORLDWIDE LTD,41.08,41.08,40.0,40.18,40.79,126649
2026-08-25,MANIPALHOS,MANIPAL HEALTH ENTERPRI L,743.05,768.5,743.0,762.8,741.05,2348541
2026-08-25,MANKIND,MANKIND PHARMA LIMITED,2374.4,2374.4,2337.6,2365.0,2374.5,415562
2026-08-25,MVGJL,MANOJ VAIBHAV GEM N JEW L,151.4,152.59,148.82,151.2,151.59,32627
2026-08-25,MANOMAY,MANOMAY TEX INDIA LTD,214.75,218.34,210.6,215.57,214.76,67567
2026-08-25,MANORAMA,MANORAMA INDUSTRIES LTD,1905.8,1930.0,1896.1,1914.6,1909.4,157027
2026-08-25,MARALOVER,MARAL OVERSEAS LTD,55.0,55.99,53.47,55.0,55.16,5298
2026-08-25,MARATHON,MARATHON NXTGEN REALT LTD,434.0,440.0,396.1,402.4,422.8,2065646
2026-08-25,MARICO,MARICO LIMITED,845.1,848.0,838.2,847.5,846.1,507512
2026-08-25,MARINE,MARINE ELECTRICAL (I) LTD,385.0,388.95,369.25,373.5,382.9,459518
2026-08-25,MARKOLINES,MARKOLINES PAVEMENT TEC L,171.08,173.24,169.09,171.95,171.01,219360
2026-08-25,MARKSANS,MARKSANS PHARMA LIMITED,326.3,330.75,315.1,318.5,323.9,1686249
2026-08-25,MARSONS,MARSONS LIMITED,120.7,124.99,120.02,123.4,120.97,4140791
2026-08-25,MARUTI,MARUTI SUZUKI INDIA LTD.,13609.0,13678.0,13450.0,13678.0,13620.0,296429
2026-08-25,MASFIN,MAS FINANCIAL SERV LTD,293.0,301.9,289.3,299.6,292.6,213138
2026-08-25,MASKINVEST,MASK INVESTMENTS LIMITED,150.0,150.0,144.41,144.5,152.0,258
2026-08-25,MASTEK,MASTEK LTD,1695.0,1697.5,1655.7,1666.5,1685.0,46331
2026-08-25,MASTERTR,MASTER TRUST LIMITED,84.01,85.75,82.15,82.83,84.34,213309
2026-08-25,MATRIMONY,MATRIMONY.COM LIMITED,517.25,538.0,516.35,519.25,521.45,6996
2026-08-25,MAWANASUG,MAWANA SUGARS LIMITED,149.0,150.0,140.0,143.68,150.81,838255
2026-08-25,MAXESTATES,MAX ESTATES LIMITED,543.1,562.2,540.25,556.05,549.15,350806
2026-08-25,MFSL,MAX FINANCIAL SERV LTD,1587.7,1600.4,1570.0,1592.5,1569.8,944748
2026-08-25,MAXHEALTH,MAX HEALTHCARE INS LTD,990.5,1016.0,980.3,1016.0,990.5,1889964
2026-08-25,MAXIND,MAX INDIA LIMITED,154.34,154.34,150.0,150.66,154.37,29532
2026-08-25,MAYURUNIQ,MAYUR UNIQUOTERS LTD,774.4,774.4,740.05,745.4,770.05,65868
2026-08-25,MAZDOCK,MAZAGON DOCK SHIPBUIL LTD,2539.9,2621.7,2520.0,2610.0,2540.0,1640159
2026-08-25,MBLINFRA,MBL INFRASTRUCTURE LTD,23.9,23.9,23.37,23.68,23.37,10400
2026-08-25,MCLEODRUSS,MCLEOD RUSSEL INDIA LTD.,50.9,51.04,49.1,50.53,49.91,196809
2026-08-25,MEDIASSIST,MEDI ASSIST HEALTH SER L,355.95,367.0,349.65,351.2,357.05,692862
2026-08-25,MEDICAPQ,MEDI CAPS LTD.,26.43,27.99,25.0,26.0,25.48,6092
2026-08-25,MMWL,MEDIA MATRIX WORLDWIDE L,15.46,16.19,15.42,15.77,15.42,136296
2026-08-25,MEDICAMEQ,MEDICAMEN BIOTECH LIMITED,232.2,238.48,232.2,237.94,233.53,9467
2026-08-25,MEDICO,MEDICO REMEDIES LIMITED,42.03,43.0,41.46,42.06,42.03,517156
2026-08-25,MEDPLUS,MEDPLUS HEALTH SERV LTD,677.0,681.55,671.65,678.15,676.6,208739
2026-08-25,MEESHO,MEESHO LIMITED,205.19,209.95,202.0,206.32,205.07,17211698
2026-08-25,MEGASTAR,MEGASTAR FOODS LIMITED,313.75,314.1,305.3,305.6,309.25,2638
2026-08-25,MOL,MEGHMANI ORGANICS LIMITED,64.36,64.99,61.9,62.51,64.43,1543832
2026-08-25,MIIL,MEGHNA INFRACON INFRA L,711.05,738.45,703.05,722.05,707.8,100151
2026-08-25,MENNPIS,MENON PISTONS LTD.,71.48,71.97,69.6,70.54,71.35,62146
2026-08-25,MERCANTILE,MERCANTILE VENTURES LTD.,24.22,25.77,24.0,24.49,24.77,1718
2026-08-25,MERCURYEV,MERCURY EV-TECH LIMITED,39.5,39.5,36.1,37.4,39.2,169903
2026-08-25,METROBRAND,METRO BRANDS LIMITED,916.2,925.0,901.0,922.1,909.9,27546
2026-08-25,METROGLOBL,METROGLOBAL LTD.,143.28,145.0,137.01,138.94,143.28,5938
2026-08-25,METROPOLIS,METROPOLIS HEALTHCARE LTD,566.95,569.0,563.0,566.7,563.35,150521
2026-08-25,MIDWESTLTD,MIDWEST LIMITED,1155.0,1170.0,1140.0,1149.0,1152.6,7492
2026-08-25,MLKFOOD,MILKFOOD LTD.,90.04,92.0,89.32,91.21,91.88,11060
2026-08-25,MILKYMIST,MILKY MIST DAIRY FOOD L,198.0,205.7,197.0,201.92,196.66,15543026
2026-08-25,MINALIND,MINAL INDUSTRIES LTD.,3.4,3.74,3.15,3.63,3.49,693303
2026-08-25,MINDACORP,MINDA CORPORATION LTD,720.95,734.85,696.75,703.55,719.95,667361
2026-08-25,MINDTECK,MINDTECK (INDIA) LIMITED,170.0,171.79,166.21,169.35,169.08,30228
2026-08-25,ALPHAETF,MIRAEAMC - ALPHAETF,26.96,27.2,26.87,27.17,26.85,492963
2026-08-25,BANKETF,MIRAEAMC - BANKETF,584.21,587.64,584.21,586.5,585.1,75025
2026-08-25,BANKPSU,MIRAEAMC - BANKPSU,86.29,86.94,86.08,86.92,85.87,9931
2026-08-25,CONSUMER,MIRAEAMC - CONSUMER,12.3,12.44,12.27,12.39,12.3,111707
2026-08-25,DEFENCE,MIRAEAMC - DEFENCE,83.72,83.72,81.3,82.38,82.08,234783
2026-08-25,DIVIDEND,MIRAEAMC - DIVIDEND,35.85,35.85,35.6,35.77,35.85,3309
2026-08-25,ENERGY,MIRAEAMC - ENERGY,39.43,39.43,38.27,38.45,38.47,119278
2026-08-25,EQUAL200,MIRAEAMC - EQUAL200,13.99,14.08,13.94,14.05,13.99,18574
2026-08-25,EQUAL50,MIRAEAMC - EQUAL50,333.5,335.43,333.0,335.43,334.52,2786
2026-08-25,EVINDIA,MIRAEAMC - EVINDIA,33.5,33.6,33.3,33.49,33.49,179391
2026-08-25,HEALTHCARE,MIRAEAMC - HEALTHCARE,21.39,21.66,21.33,21.59,21.39,65536
2026-08-25,HYBRIDETF,MIRAEAMC - HYBRIDETF,10.33,10.35,9.87,10.15,10.13,13406
2026-08-25,INFRA,MIRAEAMC - INFRA,12.16,12.22,12.12,12.21,12.15,18543
2026-08-25,INTERNET,MIRAEAMC - INTERNET,14.55,14.8,14.39,14.77,14.68,172139
2026-08-25,ITETF,MIRAEAMC - ITETF,32.76,32.76,32.13,32.5,32.37,143146
2026-08-25,LARGEMID50,MIRAEAMC - LARGEMID50,36.8,36.92,36.75,36.83,36.71,9786
2026-08-25,LIQUID,MIRAEAMC - LIQUID,1000.0,1000.0,999.99,999.99,999.99,176298
2026-08-25,LIQUIDPLUS,MIRAEAMC - LIQUIDPLUS,1100.5,1100.52,1100.5,1100.5,1100.21,59164
2026-08-25,ESG,MIRAEAMC - MAESGETF,41.71,41.88,41.53,41.87,41.59,2460
2026-08-25,MAFANG,MIRAEAMC - MAFANG,206.26,206.94,206.26,206.94,205.87,136421
2026-08-25,BFSI,MIRAEAMC - MAFSETF,27.16,27.35,27.14,27.27,27.16,330438
2026-08-25,GOLDETF,MIRAEAMC - MAGOLDETF,156.52,156.75,155.51,156.17,156.11,1299275
2026-08-25,GSEC10YEAR,MIRAEAMC - MAGS813ETF,30.52,30.58,30.38,30.45,30.37,440
2026-08-25,MAHKTECH,MIRAEAMC - MAHKTECH,23.38,23.38,22.75,22.88,22.83,469214
2026-08-25,MIDCAPETF,MIRAEAMC - MAM150ETF,23.96,24.09,23.89,24.04,23.96,1427564
2026-08-25,MAKEINDIA,MIRAEAMC - MAMFGETF,167.99,169.04,166.92,168.14,167.93,43860
2026-08-25,NIFTYETF,MIRAEAMC - MAN50ETF,260.86,265.3,260.86,264.78,263.49,69487
2026-08-25,LOWVOL,MIRAEAMC - MANV30F,207.95,208.45,207.32,208.1,208.35,3547
2026-08-25,NEXT50,MIRAEAMC - MANXT50,763.5,769.0,761.39,768.19,763.32,18363
2026-08-25,SILVERAG,MIRAEAMC - MASILVER,233.39,235.01,232.18,233.46,235.99,307652
2026-08-25,MASPTOP50,MIRAEAMC - MASPTOP50,79.95,79.95,79.95,79.95,79.6,122161
2026-08-25,METAL,MIRAEAMC - METAL,13.8,13.8,13.36,13.45,13.47,1778710
2026-08-25,MIDSMALL,MIRAEAMC - MIDSMALL,51.23,52.34,51.23,52.24,52.28,332303
2026-08-25,MOMMIDCAP,MIRAEAMC - MOMMIDCAP,13.5,13.5,13.09,13.22,13.11,2273299
2026-08-25,MULTICAP,MIRAEAMC - MULTICAP,16.96,16.96,16.8,16.89,16.88,1114614
2026-08-25,SELECTIPO,MIRAEAMC - SELECTIPO,49.0,49.27,48.86,49.18,48.91,46488
2026-08-25,SENSEXETF,MIRAEAMC - SENSEXETF,79.85,80.25,79.61,80.18,79.85,15846
2026-08-25,SMALL250,MIRAEAMC - SMALL250,18.66,18.66,18.36,18.42,18.45,505416
2026-08-25,SMALLCAP,MIRAEAMC - SMALLCAP,49.0,49.3,48.58,48.75,48.88,1039458
2026-08-25,TOP20,MIRAEAMC - TOP20,9.0,9.0,8.96,9.0,8.97,29684
2026-08-25,VALUE,MIRAEAMC - VALUE,16.24,16.24,16.1,16.2,16.14,6002
2026-08-25,MIRZAINT,MIRZA INTERNATIONAL LIMIT,31.1,32.79,31.1,32.3,31.36,222450
2026-08-25,MIDHANI,MISHRA DHATU NIGAM LTD,417.0,418.85,411.5,414.4,418.1,789570
2026-08-25,MITTAL,MITTAL LIFE STYLE LIMITED,0.87,0.89,0.83,0.85,0.88,1123584
2026-08-25,MMFL,MM FORGINGS LTD,636.0,642.45,628.0,629.95,635.8,59383
2026-08-25,MMP,MMP INDUSTRIES LIMITED,396.0,408.0,386.35,389.7,394.1,60122
2026-08-25,MMTC,MMTC LIMITED,64.84,65.45,63.58,63.9,64.61,1677272
2026-08-25,MODTHREAD,MODERN THREADS INDIA LTD,55.01,58.69,52.0,56.8,54.21,10948
2026-08-25,MODIRUBBER,MODI RUBBER LTD,135.0,139.95,127.3,138.44,129.37,20818
2026-08-25,MODIS,MODIS NAVNIRMAN LTD,382.5,383.0,372.0,378.05,379.25,19628
2026-08-25,MOHITIND,MOHIT INDUSTRIES LTD,23.8,25.0,23.26,24.06,23.16,25643
2026-08-25,MOHITE,MOHITE INDUSTRIES LTD.,2.47,2.62,2.46,2.54,2.51,11300
2026-08-25,MOIL,MOIL LIMITED,255.8,257.2,252.5,254.3,255.4,667470
2026-08-25,MOKSH,MOKSH ORNAMENTS LIMITED,10.44,10.48,10.1,10.13,10.34,289288
2026-08-25,MOLBIO,MOLBIO DIAGNOSTICS LTD,1224.15,1247.0,1180.05,1227.35,1199.3,2430947
2026-08-25,MOLDTKPAC,MOLD-TEK PACKAGING LTD,716.25,719.95,704.7,706.8,716.25,62342
2026-08-25,MONARCH,MONARCH NETWORTH CAP LTD,387.5,388.95,378.0,383.25,384.8,66174
2026-08-25,MONEYBOXX,MONEYBOXX FINANCE LIMITED,56.85,60.0,56.0,56.39,56.0,9176
2026-08-25,MONTECARLO,MONTE CARLO FASHIONS LTD.,550.7,557.65,537.9,545.1,550.05,67529
2026-08-25,MOREPENLAB,MOREPEN LAB. LTD,94.91,95.57,92.7,93.9,95.22,8974075
2026-08-25,MOSCHIP,MOSCHIP TECHNOLOGIES LTD,206.0,206.95,204.5,205.35,205.84,695326
2026-08-25,MSUMI,MOTHERSON SUMI WRNG IND L,37.6,37.7,36.54,36.82,37.75,18493879
2026-08-25,MOM100,MOTILAL OS MIDCAP100 ETF,68.85,69.4,68.64,69.22,68.86,140167
2026-08-25,MON100,MOTILAL OS NASDAQ100 ETF,329.05,329.05,327.98,329.05,327.98,504985
2026-08-25,MOTILALOFS,MOTILAL OSWAL FIN LTD,992.0,1019.9,992.0,1011.5,990.0,1836119
2026-08-25,MOM50,MOTILAL OSWAL M50 ETF,253.9,255.05,252.48,254.22,252.6,1912
2026-08-25,MOGSEC,MOTILALAMC - G5,65.17,65.7,65.13,65.16,65.36,18151
2026-08-25,MOALPHA50,MOTILALAMC - MOALPHA50,56.11,56.62,56.1,56.59,56.39,4562
2026-08-25,MOBANK10,MOTILALAMC - MOBANK10,17.02,17.02,16.89,16.9,16.94,1582
2026-08-25,MOCAPITAL,MOTILALAMC - MOCAPITAL,54.9,55.42,54.73,55.3,54.9,2391215
2026-08-25,MODEFENCE,MOTILALAMC - MODEFENCE,109.7,109.7,106.01,107.23,107.03,1072538
2026-08-25,MOENERGY,MOTILALAMC - MOENERGY,38.4,38.41,38.15,38.33,38.38,47383
2026-08-25,MOGOLD,MOTILALAMC - MOGOLD,159.65,159.65,158.15,158.55,159.1,47287
2026-08-25,MOHEALTH,MOTILALAMC - MOHEALTH,51.24,51.69,51.0,51.56,51.24,55544
2026-08-25,MOINFRA,MOTILALAMC - MOINFRA,59.47,59.61,59.02,59.36,59.44,4050
2026-08-25,MOIPO,MOTILALAMC - MOIPO,48.99,49.35,48.52,49.35,48.84,20578
2026-08-25,MOLOWVOL,MOTILALAMC - MOLOWVOL,36.81,36.92,36.56,36.65,36.74,1628
2026-08-25,MOMENTUM50,MOTILALAMC - MOMENTUM50,54.31,54.99,54.26,54.85,54.36,367559
2026-08-25,MOMETAL,MOTILALAMC - MOMETAL,13.65,13.65,13.28,13.32,13.36,4895
2026-08-25,MOMGF,MOTILALAMC - MOMGF,164.75,164.76,164.18,164.76,164.18,178
2026-08-25,MOMIDMTM,MOTILALAMC - MOMIDMTM,65.19,65.44,64.71,65.22,64.96,89749
2026-08-25,MOMNC,MOTILALAMC - MOMNC,33.11,33.28,32.92,33.27,33.16,4506
2026-08-25,MOMOMENTUM,MOTILALAMC - MOMOMENTUM,62.57,63.33,62.57,63.29,62.57,225557
2026-08-25,MON50EQUAL,MOTILALAMC - MON50EQUAL,33.58,33.78,33.48,33.69,33.92,29003
2026-08-25,MONEXT50,MOTILALAMC - MONEXT50,73.98,74.62,73.59,74.61,74.16,2538
2026-08-25,MONIFTY100,MOTILALAMC - MONIFTY100,25.54,25.69,25.44,25.64,25.54,8585
2026-08-25,MONIFTY500,MOTILALAMC - MONIFTY500,24.03,24.24,23.77,24.09,24.02,564732
2026-08-25,MONQ50,MOTILALAMC - MONQ50,147.84,147.84,147.84,147.84,146.46,47941
2026-08-25,MOOILGAS,MOTILALAMC - MOOILGAS,11.47,11.47,11.15,11.22,11.21,20026
2026-08-25,MOPSE,MOTILALAMC - MOPSE,99.49,100.5,99.16,99.84,101.86,8655
2026-08-25,MOQUALITY,MOTILALAMC - MOQUALITY,203.28,204.13,201.0,202.85,202.28,651
2026-08-25,MOREALTY,MOTILALAMC - MOREALTY,91.5,92.0,91.16,91.77,91.54,307002
2026-08-25,MOSERVICE,MOTILALAMC - MOSERVICE,31.1,31.5,30.92,31.19,31.1,1217
2026-08-25,MOSILVER,MOTILALAMC - MOSILVER,238.49,238.72,235.87,236.4,239.49,50633
2026-08-25,MOSMALL250,MOTILALAMC - MOSMALL250,18.54,18.54,18.38,18.48,18.46,690151
2026-08-25,MOTOUR,MOTILALAMC - MOTOUR,79.69,80.07,79.14,79.84,79.33,20435
2026-08-25,MOVALUE,MOTILALAMC - MOVALUE,113.16,113.68,113.1,113.5,113.07,52827
2026-08-25,MOTISONS,MOTISONS JEWELLERS LTD,16.6,16.68,15.85,16.29,16.46,38460687
2026-08-25,MPDL,MPDL LTD.,41.3,41.3,37.44,37.44,41.59,11252
2026-08-25,MPHASIS,MPHASIS LIMITED,2436.7,2443.6,2400.5,2431.9,2427.0,78365
2026-08-25,MPSLTD,MPS LIMITED,2738.0,2748.6,2660.0,2705.1,2734.8,45576
2026-08-25,MRF,MRF LTD,134240.0,134385.0,131400.0,132295.0,134365.0,6400
2026-08-25,MRPL,MRPL,174.0,174.3,171.26,171.84,173.84,2791179
2026-08-25,BECTORFOOD,MRS BECTORS FOOD SPE LTD,258.7,258.8,250.0,250.89,257.29,631876
2026-08-25,MSPL,MSP STEEL & POWER LTD.,33.12,33.85,33.12,33.46,33.78,551397
2026-08-25,MSTCLTD,MSTC LIMITED,732.75,734.5,717.05,727.95,730.6,252518
2026-08-25,MUFIN,MUFIN GREEN FINANCE LTD,138.51,139.39,137.29,138.02,138.61,387907
2026-08-25,MUKANDLTD,MUKAND LTD.,135.51,136.49,134.31,135.11,135.68,51620
2026-08-25,MUKESHB,MUKESH BABU FINANC SER L,138.0,144.9,138.0,144.9,138.0,58
2026-08-25,MUKKA,MUKKA PROTEINS LIMITED,25.58,26.49,25.1,25.78,25.8,371184
2026-08-25,MCX,MULTI COMMODITY EXCHANGE,3290.0,3308.7,3254.3,3280.0,3268.0,2029898
2026-08-25,MUNJALAU,MUNJAL AUTO IND. LTD.,112.0,113.4,110.86,112.68,112.14,431382
2026-08-25,MUNJALSHOW,MUNJAL SHOWA LTD,132.72,132.72,130.51,131.85,131.78,18224
2026-08-25,MURUDCERA,MURUDESHWAR CERAMICS LTD,30.0,31.1,30.0,30.65,30.48,16971
2026-08-25,RADIOCITY,MUSIC BROADCAST LIMITED,6.88,6.88,6.54,6.59,6.53,26785
2026-08-25,MUTHOOTCAP,MUTHOOT CAP SERV LTD,255.41,255.41,244.01,245.08,248.41,13018
2026-08-25,MUTHOOTFIN,MUTHOOT FINANCE LIMITED,3209.0,3227.7,3166.4,3201.0,3209.0,837716
2026-08-25,MUTHOOTMF,MUTHOOT MICROFIN LIMITED,212.81,212.81,207.9,212.04,211.33,247964
2026-08-25,MVELECTRO,MV ELECTROSYSTEMS LIMITED,579.0,582.7,559.0,564.15,578.95,367077
2026-08-25,NRAIL,N R AGARWAL INDS LTD,524.0,524.0,504.0,509.65,518.8,1780
2026-08-25,NTCIND,N T C INDUSTRIES LTD.,144.8,145.0,132.65,136.89,139.85,2502
2026-08-25,NBIFIN,N.B.I. IND. FIN. CO. LTD,2000.0,2000.0,1968.3,1990.6,1988.0,110
2026-08-25,NACLIND,NACL INDUSTRIES LIMITED,178.5,185.41,175.93,181.65,176.02,1002431
2026-08-25,NDGL,NAGA DHUNSERI GROUP LTD,2696.6,2712.1,2685.0,2706.7,2710.1,429
2026-08-25,NAGREEKCAP,NAGREEKA CAP & INFR.LTD,22.9,23.9,22.9,23.05,23.18,4325
2026-08-25,NAGREEKEXP,NAGREEKA EXPORTS LTD.,22.3,22.99,22.3,22.69,22.57,3154
2026-08-25,NAHARCAP,NAHAR CAP & FIN.,257.24,263.61,255.2,259.99,257.22,3102
2026-08-25,NAHARINDUS,NAHAR INDS ENT LTD,153.0,154.0,136.0,139.23,147.6,389640
2026-08-25,NAHARPOLY,NAHAR POLY FILMS LIMITED,241.0,246.2,240.1,244.7,244.85,6174
2026-08-25,NAHARSPING,NAHAR SPINNING MILLS LTD.,302.75,303.8,290.0,296.35,299.0,24592
2026-08-25,NGIL,NAKODA GROUP OF IND. LTD,41.0,41.0,39.2,39.28,39.25,10787
2026-08-25,NSIL,NALWA SONS INVESTMENT LTD,5781.0,5837.0,5670.5,5685.5,5724.0,2152
2026-08-25,NDL,NANDAN DENIM LIMITED,3.1,3.16,2.94,3.08,3.04,7634029
2026-08-25,JAIPURKURT,NANDANI CREATION LIMITED,27.29,27.29,26.21,26.32,26.69,8972
2026-08-25,NH,NARAYANA HRUDAYALAYA LTD.,1865.1,1896.0,1860.1,1890.1,1859.8,237647
2026-08-25,NARMADA,NARMADA AGROBASE LIMITED,14.5,15.15,13.8,14.0,14.5,1889713
2026-08-25,NATCOPHARM,NATCO PHARMA LTD.,884.0,885.05,865.0,866.25,884.05,443465
2026-08-25,NATHBIOGEN,NATH BIO-GENES (I) LTD,155.4,155.9,152.0,152.94,154.63,6917
2026-08-25,NATIONALUM,NATIONAL ALUMINIUM CO LTD,402.0,402.0,392.05,397.8,403.3,3855735
2026-08-25,NFL,NATIONAL FERT. LTD,71.5,75.38,71.5,72.4,70.79,9079148
2026-08-25,NATIONSTD,NATIONAL STAND (INDIA) L,116.0,119.39,114.61,114.61,120.64,94447
2026-08-25,NATCAPSUQ,NATURAL CAPSULES LIMITED,165.17,168.3,163.28,166.88,164.68,60568
2026-08-25,NAVA,NAVA LIMITED,567.0,570.95,556.3,566.95,567.0,227948
2026-08-25,NAVINFLUOR,NAVIN FLUORINE INT. LTD,8219.0,8222.5,8090.0,8209.0,8187.0,85121
2026-08-25,NAVKARCORP,NAVKAR CORPORATION LTD.,97.81,97.88,96.0,97.07,97.41,174011
2026-08-25,NAVNETEDUL,NAVNEET EDUCATION LTD,133.0,134.2,132.75,133.45,133.58,155049
2026-08-25,NAZARA,NAZARA TECHNOLOGIES LTD,348.95,360.0,343.1,358.0,347.95,2531169
2026-08-25,NBCC,NBCC (INDIA) LIMITED,88.2,89.5,87.79,89.5,88.58,4906608
2026-08-25,NCC,NCC LIMITED,147.5,149.02,145.83,148.31,147.35,1612591
2026-08-25,NCLIND,NCL INDUSTRIES LIMITED,174.3,175.99,172.3,174.13,173.38,260210
2026-08-25,NDLVENTURE,NDL VENTURES LIMITED,122.0,124.78,120.01,121.85,123.01,3958
2026-08-25,NDRAUTO,NDR AUTO COMPONENTS LTD,743.35,749.9,724.2,728.3,743.35,19997
2026-08-25,NDTV,NDTV LTD,75.2,75.83,73.95,74.77,75.14,93491
2026-08-25,NECLIFE,NECTAR LIFESCIENCES LTD.,10.72,11.44,10.72,11.33,10.72,317808
2026-08-25,NEAGI,NEELAMALAI AGRO INDS. L,3256.0,3470.0,3256.0,3456.7,3305.0,49
2026-08-25,NELCAST,NELCAST LIMITED,116.17,118.0,114.1,114.91,116.17,51004
2026-08-25,NELCO,NELCO LTD,914.9,929.0,909.0,925.6,915.3,153324
2026-08-25,NEOGEN,NEOGEN CHEMICALS LIMITED,2133.0,2144.0,2086.4,2123.2,2132.6,111358
2026-08-25,NEPHROPLUS,NEPHROCARE HEALTH SERV L,695.0,707.0,680.0,697.35,687.25,145755
2026-08-25,NESCO,NESCO LTD.,1038.8,1041.7,1026.0,1030.9,1035.8,23456
2026-08-25,NESTLEIND,NESTLE INDIA LIMITED,1471.3,1479.0,1458.8,1479.0,1471.3,1634440
2026-08-25,NETWEB,NETWEB TECH INDIA LTD,5400.0,5413.2,5191.0,5273.5,5454.5,1906041
2026-08-25,NPST,NETWORK PEOPLE SRV TECH L,1561.8,1638.7,1561.8,1608.0,1561.8,29517
2026-08-25,NETWORK18,NETWORK18 MEDIA & INV LTD,30.34,31.49,29.99,30.36,30.34,5965758
2026-08-25,NEULANDLAB,NEULAND LAB LTD.,22905.0,23044.0,22637.0,22948.0,22905.0,37631
2026-08-25,NEWGEN,NEWGEN SOFTWARE TECH LTD,527.0,532.65,519.0,525.55,528.4,458147
2026-08-25,NEXTMEDIA,NEXT MEDIAWORKS LIMITED,3.7,3.94,3.7,3.91,3.81,7247
2026-08-25,NGLFINE,NGL FINE CHEM LIMITED,2866.0,2894.9,2782.2,2803.8,2864.3,8829
2026-08-25,NHPC,NHPC LTD,76.65,77.3,75.87,76.62,76.65,12860031
2026-08-25,NIBE,NIBE LIMITED,1438.0,1438.1,1382.1,1394.7,1438.0,62047
2026-08-25,NICCOPAR,NICCO PARKS & RESORTS LTD,81.5,88.0,81.0,85.35,81.17,5507
2026-08-25,NIITMTS,NIIT LEARNING SYSTEMS LTD,227.37,230.98,221.67,230.03,225.74,121298
2026-08-25,NIITLTD,NIIT LIMITED,99.7,103.4,99.2,102.68,99.1,1305887
2026-08-25,NILAINFRA,NILA INFRASTRUCTURES LTD,6.94,7.02,6.89,6.91,6.94,147604
2026-08-25,NILASPACES,NILA SPACES LIMITED,13.24,13.35,12.42,12.76,12.75,1731878
2026-08-25,NILE,NILE LTD.,1487.0,1493.0,1464.0,1472.1,1480.4,2874
2026-08-25,NILKAMAL,NILKAMAL LIMITED,2023.0,2037.6,2005.0,2015.9,2026.4,17806
2026-08-25,NIMBSPROJ,NIMBUS PROJECTS LIMITED,170.0,181.0,168.0,176.28,174.45,531921
2026-08-25,NINSYS,NINTEC SYSTEMS LIMITED,745.0,746.0,710.0,716.9,717.2,2097
2026-08-25,BANKBEES,NIP IND ETF BANK BEES,597.98,597.99,593.01,595.07,594.7,557898
2026-08-25,CONSUMBEES,NIP IND ETF CONSUMPTION,134.38,134.5,133.29,134.3,133.54,60666
2026-08-25,DIVOPPBEES,NIP IND ETF DIV OPP,77.46,78.0,77.17,77.76,77.45,24698
2026-08-25,NV20BEES,NIP IND ETF ETF NV20,139.74,140.33,138.86,139.82,139.16,17915
2026-08-25,GOLDBEES,NIP IND ETF GOLD BEES,133.02,133.45,132.28,132.78,133.02,39819108
2026-08-25,HNGSNGBEES,NIP IND ETF HANGSENG BEES,464.95,478.89,464.95,472.0,474.44,164170
2026-08-25,INFRABEES,NIP IND ETF INFRA BEES,967.81,971.0,961.27,968.17,966.1,5971
2026-08-25,ITBEES,NIP IND ETF IT,34.54,34.54,33.24,33.92,33.92,5731023
2026-08-25,JUNIORBEES,NIP IND ETF JUNIOR BEES,807.14,807.14,797.2,804.14,799.94,192124
2026-08-25,LIQUIDBEES,NIP IND ETF LIQUID BEES,999.99,1000.01,999.62,1000.0,999.99,4374134
2026-08-25,LTGILTBEES,NIP IND ETF LONGTERM GILT,29.35,30.06,29.35,30.02,29.95,594582
2026-08-25,MID150BEES,NIP IND ETF MIDCAP 150,243.65,243.65,241.68,242.92,242.27,415863
2026-08-25,NIF100BEES,NIP IND ETF NIFTY 100,267.98,270.6,267.98,270.11,269.24,24933
2026-08-25,NIFTYBEES,NIP IND ETF NIFTY BEES,275.87,277.5,275.17,276.94,275.87,3590196
2026-08-25,PSUBNKBEES,NIP IND ETF PSU BANK BEES,97.5,97.5,94.8,95.97,95.13,2324037
2026-08-25,SHARIABEES,NIP IND ETF SHARIAH BEES,459.13,462.69,456.82,460.87,459.58,2913
2026-08-25,NAM-INDIA,NIPPON L I A M LTD,1247.0,1253.1,1220.0,1224.4,1247.8,1193328
2026-08-25,LIQGRWBEES,NIPPONAMC - LIQGRWBEES,1051.1,1053.13,1051.1,1053.03,1052.85,130057
2026-08-25,MANUFGBEES,NIPPONAMC - MANUFGBEES,166.72,166.91,165.15,166.85,166.23,1996
2026-08-25,AUTOBEES,NIPPONAMC - NETFAUTO,305.02,305.02,299.11,302.0,299.87,174214
2026-08-25,PHARMABEES,NIPPONAMC - NETFPHARMA,27.31,27.31,26.95,27.18,27.07,2930603
2026-08-25,SILVERBEES,NIPPONAMC - NETFSILVER,228.63,231.05,228.13,229.0,231.8,19888848
2026-08-25,SNXT30BEES,NIPPONAMC - SNXT30BEES,43.16,43.39,42.43,43.39,43.2,141232
2026-08-25,NIRAJ,NIRAJ CEMENT STRUC LTD,28.3,28.9,28.25,28.6,28.21,21582
2026-08-25,NIRAJISPAT,NIRAJ ISPAT IND LTD,216.0,216.0,216.0,216.0,216.0,45
2026-08-25,NIRLON,NIRLON LTD,647.5,648.0,640.95,643.4,642.1,9194
2026-08-25,NITCO,NITCO LIMITED,103.49,109.25,94.2,95.78,96.28,20561837
2026-08-25,NITINSPIN,NITIN SPINNERS LIMITED,579.6,628.0,578.5,623.65,580.15,714002
2026-08-25,NITIRAJ,NITIRAJ ENGINEERS LTD,196.06,204.99,196.06,204.08,200.84,1360
2026-08-25,NITTAGELA,NITTA GELATIN INDIA LTD.,1560.0,1575.5,1553.0,1561.6,1563.6,2366
2026-08-25,NIVABUPA,NIVA BUPA HEALTH INS CO L,82.51,83.8,81.9,83.21,82.51,654114
2026-08-25,NKIND,NK INDUSTRIES LTD,49.66,60.45,49.66,59.06,62.01,14708
2026-08-25,NLCINDIA,NLC INDIA LIMITED,274.75,275.0,270.35,271.3,273.1,610844
2026-08-25,NMDC,NMDC LTD.,85.9,86.28,85.29,85.94,85.9,16488458
2026-08-25,NSLNISP,NMDC STEEL LIMITED,40.1,40.85,39.83,39.95,40.06,3775872
2026-08-25,NOCIL,NOCIL LIMITED,166.78,167.19,161.8,163.93,165.78,352668
2026-08-25,NOIDATOLL,NOIDA TOLL BRIDGE CO LTD,4.07,4.18,4.0,4.08,4.12,62546
2026-08-25,NORBTEAEXP,NORBEN TEA & EXPORTS LTD,73.0,73.0,69.0,70.01,70.86,1568
2026-08-25,NORTHARC,NORTHERN ARC CAPITAL LTD,282.55,294.4,282.55,291.65,284.35,909363
2026-08-25,NOVARTIND,NOVARTIS INDIA LIMITED,1503.8,1503.8,1474.2,1486.3,1502.2,6845
2026-08-25,NRBBEARING,NRB BEARING LIMITED,476.95,483.45,467.25,470.1,480.95,216424
2026-08-25,NIBL,NRB INDUS. BEARINGS LTD.,31.89,31.89,31.09,31.44,31.31,4497
2026-08-25,NTPCGREEN,NTPC GREEN ENERGY LIMITED,91.69,92.03,91.04,91.65,91.44,1170640
2026-08-25,NTPC,NTPC LTD,339.0,340.8,335.65,339.85,339.5,5260835
2026-08-25,NUCLEUS,NUCLEUS SOFTWARE EXPORTS,737.9,746.7,726.0,744.6,737.9,27531
2026-08-25,NUVAMA,NUVAMA WEALTH MANAGE LTD,1750.0,1761.0,1722.9,1754.6,1750.0,204290
2026-08-25,NUVOCO,NUVOCO VISTAS CORP LTD,322.8,323.4,319.5,321.35,320.6,92944
2026-08-25,OBCL,OBCL LIMITED,54.81,58.0,46.51,56.72,54.81,40626
2026-08-25,OBEROIRLTY,OBEROI REALTY LIMITED,1871.0,1882.4,1858.8,1880.0,1870.0,152351
2026-08-25,ODIGMA,ODIGMA CONSULTANCY SOL L,21.63,22.7,21.63,21.88,22.17,11302
2026-08-25,ODYCORP,ODYSSEY CORPORATION LTD.,8.0,8.0,6.8,7.1,7.29,14662
2026-08-25,ONGC,OIL AND NATURAL GAS CORP.,236.0,236.55,233.35,234.0,236.55,12124076
2026-08-25,OIL,OIL INDIA LTD,479.0,479.0,466.05,467.5,477.0,1223240
2026-08-25,OLAELEC,OLA ELECTRIC MOBILITY LTD,37.68,37.85,36.05,36.2,37.35,31557445
2026-08-25,OLECTRA,OLECTRA GREENTECH LIMITED,1298.2,1306.6,1279.5,1291.8,1297.6,219099
2026-08-25,OMINFRAL,OM INFRA LIMITED,83.89,86.4,83.05,83.75,83.29,60090
2026-08-25,OMPOWER,OM POWER TRANSMISSION LTD,164.12,171.24,162.06,167.7,163.53,153882
2026-08-25,OMAXAUTO,OMAX AUTOS LTD,198.99,198.99,190.81,193.02,192.1,37608
2026-08-25,OMAXE,OMAXE LIMITED,101.7,102.95,97.86,99.63,101.77,911991
2026-08-25,OMNI,OMNITECH ENGINEERING LTD,596.8,608.5,574.05,577.0,594.05,650309
2026-08-25,PAYTM,ONE 97 COMMUNICATIONS LTD,1622.7,1718.0,1612.0,1718.0,1623.5,10111331
2026-08-25,ONEGLOBAL,ONE GLOBAL SERVICE PROV L,562.9,562.95,545.0,546.2,553.95,9369
2026-08-25,MOBIKWIK,ONE MOBIKWIK SYSTEMS LTD,194.5,198.85,193.31,197.05,195.24,731274
2026-08-25,ONEPOINT,ONE POINT ONE SOL LTD,55.54,55.54,54.88,55.24,55.51,559556
2026-08-25,KISSHT,ONEMI TECHNOLOGY SOL LTD,305.0,311.95,304.75,310.3,305.6,627682
2026-08-25,ONESOURCE,ONESOURCE SPECL PHARMA L,1531.0,1536.2,1511.1,1516.1,1531.8,60036
2026-08-25,ONIDA,ONIDA ELECTRONICS LIMITED,37.45,38.44,36.5,37.58,37.07,734013
2026-08-25,ONIXSOLAR,ONIX SOLAR ENERGY LTD.,276.15,290.65,276.15,276.25,290.65,856148
2026-08-25,ONWARDTEC,ONWARD TECHNOLOGIES LTD,284.9,287.15,281.85,284.5,286.3,22716
2026-08-25,OPTIEMUS,OPTIEMUS INFRACOM LTD,592.0,609.95,581.6,595.8,585.7,626467
2026-08-25,OPTIFIN,OPTIMUS FINANCE LTD.,11.82,14.44,11.82,13.89,12.04,506855
2026-08-25,OFSS,ORACLE FIN SERV SOFT LTD.,11518.0,11729.0,11355.0,11729.0,11518.0,196029
2026-08-25,ORCHASP,ORCHASP LIMITED,1.31,1.37,1.25,1.32,1.29,461314
2026-08-25,ORCHPHARMA,ORCHID PHARMA LIMITED,1039.5,1043.95,1002.7,1038.55,1038.1,59978
2026-08-25,ORICONENT,ORICON ENTERPRISES LTD,56.1,56.94,55.0,55.81,56.94,57085
2026-08-25,ORIENTBELL,ORIENT BELL LIMITED,379.6,380.0,370.0,376.25,379.7,20029
2026-08-25,ORIENTCEM,ORIENT CEMENT LTD.,129.95,131.29,128.8,130.83,129.8,144636
2026-08-25,ORIENTCER,ORIENT CERATECH LIMITED,44.36,45.15,43.5,43.55,44.34,79435
2026-08-25,ORIENTELEC,ORIENT ELECTRIC LIMITED,185.0,185.2,181.35,181.79,185.0,96157
2026-08-25,GREENPOWER,ORIENT GREEN POWER CO LTD,9.5,9.52,9.39,9.42,9.5,1626998
2026-08-25,ORIENTHOT,ORIENT HOTELS LTD,143.1,143.1,140.6,141.59,141.78,4450017
2026-08-25,ORIENTPPR,ORIENT PAPER AND INDS LTD,17.48,17.48,16.82,16.9,17.25,268169
2026-08-25,ORIENTTECH,ORIENT TECHNOLOGIES LTD,244.3,252.0,243.0,245.45,244.3,70396
2026-08-25,OAL,ORIENTAL AROMATICS LTD,343.55,351.0,335.0,349.35,338.5,12254
2026-08-25,ORIRAIL,ORIENTAL RAIL INFRA L,121.01,136.8,119.66,131.81,119.91,1932218
2026-08-25,ORIENTALTL,ORIENTAL TRIMEX LTD,5.22,5.3,5.07,5.14,5.16,35958
2026-08-25,ORISSAMINE,ORISSA MIN DEV CO LTD,4511.9,4540.3,4455.2,4484.6,4511.4,7671
2026-08-25,ORKLAINDIA,ORKLA INDIA LIMITED,572.9,572.9,555.15,565.7,570.3,95075
2026-08-25,ORTINGLOBE,ORTIN GLOBAL LIMITED,15.1,15.84,14.9,15.12,15.29,9693
2026-08-25,OSWALAGRO,OSWAL AGRO MILLS LTD,37.02,37.75,36.41,37.25,37.19,15059
2026-08-25,OSWALGREEN,OSWAL GREENTECH LIMITED,21.0,21.27,20.8,20.98,21.0,95126
2026-08-25,OSWALPUMPS,OSWAL PUMPS LIMITED,296.0,300.5,295.55,299.45,296.75,253934
2026-08-25,PNGJL,P N GADGIL JEWELLERS LTD,619.5,619.5,603.55,605.6,613.35,213396
2026-08-25,POEL,P O C L ENTERPRISES LTD.,159.99,159.99,151.0,152.34,156.05,21850
2026-08-25,PGHH,P&G HYGIENE & HEALTH CARE,8189.0,8189.0,8075.5,8089.0,8127.5,7809
2026-08-25,PACEDIGITK,PACE DIGITEK LIMITED,183.0,184.88,180.8,182.26,180.73,558553
2026-08-25,PACIFICI,PACIFIC INDUSTRIES LTD.,140.0,140.0,133.5,134.45,141.0,269
2026-08-25,PAGEIND,PAGE INDUSTRIES LTD,35475.0,35565.0,35110.0,35500.0,35560.0,24185
2026-08-25,PAISALO,PAISALO DIGITAL LIMITED,69.25,69.9,68.28,69.29,69.48,6362319
2026-08-25,PAKKA,PAKKA LIMITED,81.0,83.0,79.52,82.44,81.25,131265
2026-08-25,PALASHSECU,PALASH SECURITIES LTD,94.38,94.38,88.2,89.18,92.53,2473
2026-08-25,PANACEABIO,PANACEA BIOTEC LTD,406.5,409.95,403.3,405.9,406.2,41161
2026-08-25,PANAMAPET,PANAMA PETROCHEM LTD,485.95,485.95,471.6,476.85,483.25,200210
2026-08-25,PANORAMA,PANORAMA STUDIOS INTL. L,45.5,47.8,44.0,47.12,44.99,257516
2026-08-25,PANSARI,PANSARI DEVELOPERS LTD,330.0,330.0,318.9,328.85,327.95,675
2026-08-25,PAR,PAR DRUGS AND CHEM LTD,102.0,103.4,99.62,100.57,101.45,7114
2026-08-25,PARADEEP,PARADEEP PHOSPHATES LTD,150.8,160.6,150.8,159.63,149.4,51534295
2026-08-25,PARAGMILK,PARAG MILK FOODS LTD.,242.15,251.78,238.0,250.0,240.62,2835822
2026-08-25,PARACABLES,PARAMOUNT COMM LTD,62.6,62.76,61.2,61.53,62.25,593109
2026-08-25,PARAS,PARAS DEF AND SPCE TECH L,1520.0,1526.5,1402.0,1445.2,1520.0,2748068
2026-08-25,PARASPETRO,PARAS PETROFILS LTD.,2.22,2.29,2.19,2.21,2.22,537229
2026-08-25,PARKHOSPS,PARK MEDI WORLD LIMITED,282.85,284.95,276.7,284.05,280.05,693900
2026-08-25,PARKHOTELS,PARKHOTELS,116.17,119.21,115.02,115.79,116.97,138639
2026-08-25,PARNAXLAB,PARNAX LAB LTD.,130.0,130.0,122.0,129.8,123.82,289
2026-08-25,PASHUPATI,PASHUPATI COTSPIN LIMITED,87.15,87.5,86.05,86.34,86.39,15989
2026-08-25,PATANJALI,PATANJALI FOODS LIMITED,349.85,352.6,346.95,350.9,350.0,1493515
2026-08-25,PATELENG,PATEL ENGINEERING LTD.,28.35,28.72,28.22,28.34,28.28,1814521
2026-08-25,PATELRMART,PATEL RETAIL LIMITED,228.01,234.95,226.2,232.54,228.01,183429
2026-08-25,PML,PAUL MERCHANTS LTD.,484.0,513.0,484.0,504.85,482.7,100
2026-08-25,PAUSHAKLTD,PAUSHAK LIMITED,778.0,778.0,749.1,751.5,768.6,15690
2026-08-25,PAVNAIND,PAVNA INDUSTRIES LIMITED,18.34,18.86,17.5,18.22,18.54,119860
2026-08-25,POLICYBZR,PB FINTECH LIMITED,1800.0,1815.0,1775.0,1798.3,1785.0,1334419
2026-08-25,PCJEWELLER,PC JEWELLER LTD,11.12,11.5,10.77,11.0,11.12,599209523
2026-08-25,PCBL,PCBL CHEMICAL LIMITED,320.4,324.95,317.5,321.1,321.2,719469
2026-08-25,PDSL,PDS LIMITED,366.4,370.95,363.2,365.8,366.3,50848
2026-08-25,PGIL,PEARL GLOBAL IND LIMITED,2399.0,2399.0,2306.5,2326.7,2372.2,33049
2026-08-25,PEARLPOLY,PEARL POLYMERS LTD,15.85,16.74,15.52,15.94,16.17,8858
2026-08-25,PENIND,PENNAR INDUSTRIES LTD,161.43,162.81,156.5,157.34,161.0,261496
2026-08-25,PERMAGN,PERMANENT MAGNETS LTD.,863.25,880.0,850.95,854.0,863.9,3002
2026-08-25,PERSISTENT,PERSISTENT SYSTEMS LTD,5687.0,5687.0,5570.5,5655.0,5694.0,358275
2026-08-25,PETRONET,PETRONET LNG LIMITED,294.55,295.7,291.6,292.5,295.95,1740879
2026-08-25,PFIZER,PFIZER LTD,4868.0,4880.9,4750.0,4758.0,4881.5,24870
2026-08-25,PGEL,PG ELECTROPLAST LTD,597.0,601.6,592.05,594.35,597.0,559806
2026-08-25,PHOENXINTL,PHOENIX INTERNATIONAL LTD,31.99,35.64,27.61,30.38,29.7,27892
2026-08-25,PWL,PHYSICSWALLAH LIMITED,121.99,123.58,120.52,121.35,121.46,4812168
2026-08-25,PIIND,PI INDUSTRIES LTD,2474.9,2508.0,2453.1,2508.0,2475.0,186585
2026-08-25,PICCADIL,PICCADILY AGRO INDUSTRI L,686.7,689.7,672.75,676.85,684.65,125836
2026-08-25,PIDILITIND,PIDILITE INDUSTRIES LTD,1660.0,1660.0,1636.6,1651.1,1660.0,456825
2026-08-25,PILITA,PIL ITALICA LIFESTYLE LTD,8.15,8.33,7.9,7.93,8.02,29811
2026-08-25,PILANIINVS,PILANI INV & IND COR LTD,4331.0,4414.0,4331.0,4395.3,4362.1,1758
2026-08-25,PINELABS,PINE LABS LIMITED,157.85,165.95,156.51,163.69,157.54,32244404
2026-08-25,PIONEEREMB,PIONEER EMBROIDERIES LTD,22.0,22.0,21.8,21.98,22.0,5684
2026-08-25,PIRAMALFIN,PIRAMAL FINANCE LIMITED,2190.0,2198.3,2150.0,2181.2,2184.1,395332
2026-08-25,PPLPHARMA,PIRAMAL PHARMA LIMITED,211.6,211.98,206.4,207.71,211.15,1716798
2026-08-25,PITTIENG,PITTI ENGINEERING LIMITED,1120.0,1149.5,1100.5,1123.3,1098.25,506448
2026-08-25,PIXTRANS,PIX TRANSMISSIONS LIMITED,1791.3,1825.7,1758.2,1791.8,1789.6,15001
2026-08-25,PLASTIBLEN,PLASTIBLENDS INDIA LTD,191.0,194.38,187.66,189.13,192.5,18317
2026-08-25,PLATIND,PLATINUM INDUSTRIES LTD,212.2,215.0,205.0,212.74,210.26,80531
2026-08-25,PLAZACABLE,PLAZA WIRES LIMITED,50.8,53.0,50.01,52.43,50.8,37707
2026-08-25,PNBGILTS,PNB GILTS LIMITED,78.62,80.02,76.8,79.59,78.62,213702
2026-08-25,PNBHOUSING,PNB HOUSING FIN LTD.,1165.0,1183.0,1157.4,1182.0,1165.0,669328
2026-08-25,PNCINFRA,PNC INFRATECH LTD.,204.33,205.0,199.75,203.15,204.33,504639
2026-08-25,PNGSREVA,PNGS REVA DIAMOND JEWEL L,549.45,551.35,528.05,536.9,541.05,128484
2026-08-25,PODDARMENT,PODDAR PIGMENTS LIMITED,253.0,254.0,245.1,249.55,253.0,1125
2026-08-25,POKARNA,POKARNA LIMITED,877.3,888.85,875.0,878.45,875.35,45054
2026-08-25,POLYMED,POLY MEDICURE LIMITED,1737.1,1753.0,1713.0,1731.7,1737.2,78354
2026-08-25,POLYCAB,POLYCAB INDIA LIMITED,9029.5,9119.5,8990.5,9098.0,9054.0,321426
2026-08-25,POLYPLEX,POLYPLEX CORPORATION LTD,1170.9,1193.5,1167.0,1180.2,1170.0,66876
2026-08-25,POLYSPIN,POLYSPIN EXPORTS LTD.,28.4,30.94,28.4,29.45,28.3,1520
2026-08-25,POCL,PONDY OXIDES & CHEM LTD,505.0,514.6,500.0,504.65,505.0,302620
2026-08-25,PONNIERODE,PONNIE SUGARS (ERODE) LTD,413.4,422.0,397.2,402.55,421.85,76566
2026-08-25,POONAWALLA,POONAWALLA FINCORP LTD,477.0,479.25,470.55,475.95,475.1,349654
2026-08-25,PVSL,POPULAR VEHICLES N SER L,110.15,110.59,106.06,107.98,110.15,40980
2026-08-25,PFC,POWER FIN CORP LTD.,364.0,367.0,362.1,367.0,364.0,6349108
2026-08-25,POWERGRID,POWER GRID CORP. LTD.,271.4,271.7,268.35,271.0,271.4,5435918
2026-08-25,PIGL,POWER INSTRUMENT (G) LTD,102.81,106.74,101.0,102.63,102.4,68201
2026-08-25,POWERMECH,POWER MECH PROJECTS LTD.,2514.0,2535.0,2488.0,2503.4,2514.0,25475
2026-08-25,POWERICA,POWERICA LIMITED,517.5,534.0,511.8,531.8,517.5,246548
2026-08-25,PRABHA,PRABHA ENERGY LIMITED,217.0,218.6,205.11,207.02,214.0,158321
2026-08-25,PRAJIND,PRAJ INDUSTRIES LTD,353.6,356.6,346.0,347.8,352.65,687110
2026-08-25,PRAENG,PRAJAY ENG. SYN. LTD.,19.0,19.3,18.6,18.68,18.87,32622
2026-08-25,PRAKASH,PRAKASH INDUSTRIES LTD,128.8,129.75,127.1,127.69,127.96,240987
2026-08-25,PRAKASHSTL,PRAKASH STEELAGE LTD,3.93,3.97,3.85,3.86,3.92,98013
2026-08-25,DIAMONDYD,PRATAAP SNACKS LIMITED,1180.1,1190.3,1156.0,1165.2,1176.5,15819
2026-08-25,PRAVEG,PRAVEG LTD.,261.0,263.85,259.5,261.8,261.6,37514
2026-08-25,PRAXIS,PRAXIS HOME RETAIL LTD,5.49,5.49,5.05,5.25,5.27,94364
2026-08-25,PRECAM,PRECISION CAMSHAFTS LTD.,130.5,133.02,129.55,130.41,130.74,49714
2026-08-25,PRECWIRE,PRECISION WIRES INDIA LTD,425.0,426.75,405.45,411.75,429.05,744525
2026-08-25,PRECOT,PRECOT LIMITED,674.55,719.95,670.2,703.7,670.15,2932
2026-08-25,PREMCO,PREMCO GLOBAL LTD.,390.0,390.0,386.25,387.45,393.0,121
2026-08-25,PREMIERENE,PREMIER ENERGIES LIMITED,1028.0,1036.0,1018.0,1036.0,1030.0,490536
2026-08-25,PREMEXPLN,PREMIER EXPLOSIVES LTD,667.35,669.5,663.1,665.55,667.35,62248
2026-08-25,PREMIERPOL,PREMIER POLYFILM LTD,88.0,91.75,88.0,90.3,89.12,230765
2026-08-25,PRESTIGE,PRESTIGE ESTATE LTD,1631.9,1631.9,1606.2,1623.0,1635.8,286013
2026-08-25,PRICOLLTD,PRICOL LIMITED,790.9,798.65,779.0,790.5,790.9,152509
2026-08-25,PFOCUS,PRIME FOCUS LIMITED,307.8,309.5,298.5,302.75,307.8,684157
2026-08-25,PRIMESECU,PRIME SECURITIES LIMITED,274.9,280.95,274.9,278.2,276.05,17478
2026-08-25,PRIMO,PRIMO CHEMICALS LIMITED,21.15,21.44,20.6,20.8,20.92,111242
2026-08-25,PRINCEPIPE,PRINCE PIPES FITTINGS LTD,284.7,289.15,284.3,287.1,283.95,164804
2026-08-25,PRSMJOHNSN,PRISM JOHNSON LIMITED,107.69,108.75,106.26,107.96,107.11,299440
2026-08-25,PRISMX,PRISMX GLOBAL VENTURES L,0.54,0.55,0.53,0.54,0.54,68583
2026-08-25,PNC,PRITISH NANDY COMMUNICATI,18.5,18.59,17.5,17.87,18.45,20652
2026-08-25,PRIVISCL,PRIVI SPECIALITY CHE LTD,3446.7,3470.1,3420.2,3444.8,3446.7,30691
2026-08-25,PGHL,PROCTER & GAMBLE HEALTH L,5860.0,5873.5,5806.5,5833.0,5873.5,8754
2026-08-25,PROSTARM,PROSTARM INFO SYSTEMS LTD,137.68,138.8,133.2,134.58,138.18,116805
2026-08-25,PROTEAN,PROTEAN EGOV TECHNO LTD,554.0,571.4,551.7,568.35,554.9,268866
2026-08-25,PROZONER,PROZONE REALTY LIMITED,43.0,46.59,42.21,44.73,41.72,905502
2026-08-25,PRUDENT,PRUDENT CORP ADV SER LTD,3321.8,3359.6,3283.1,3336.0,3336.8,10762
2026-08-25,PSPPROJECT,PSP PROJECTS LIMITED,909.6,918.9,900.0,909.1,909.55,28539
2026-08-25,PFS,PTC INDIA FIN SERV LTD,28.12,28.14,27.81,27.98,27.91,288594
2026-08-25,PTC,PTC INDIA LIMITED,157.0,158.57,156.29,158.05,156.84,986291
2026-08-25,PTCIL,PTC INDUSTRIES LIMITED,21612.0,21742.0,21000.0,21116.0,21672.0,26512
2026-08-25,PTL,PTL ENTERPRISES LTD,38.6,38.85,38.2,38.54,38.64,45072
2026-08-25,PDMJEPAPER,PUDUMJEE PAPER PRO. LTD,90.22,90.25,87.49,88.06,89.84,56324
2026-08-25,PSB,PUNJAB & SIND BANK,23.25,23.53,23.15,23.34,23.24,998091
2026-08-25,PUNJABCHEM,PUNJAB CHEM & CROP PROT L,1094.7,1103.6,1081.1,1090.6,1095.2,4647
2026-08-25,PNB,PUNJAB NATIONAL BANK,115.61,116.9,115.01,115.93,115.86,13026659
2026-08-25,PURVA,PURAVANKARA LIMITED,214.69,220.11,213.52,217.92,214.3,358395
2026-08-25,PVP,PVP VENTURES LIMITED,48.0,53.44,47.75,51.35,48.59,7385739
2026-08-25,PVRINOX,PVR INOX LIMITED,1249.9,1284.5,1218.0,1231.0,1231.8,1984216
2026-08-25,PYRAMID,PYRAMID TECHNOPLAST LTD,164.46,164.55,161.75,162.64,163.65,19029
2026-08-25,QUADFUTURE,QUADRANT FUTURE TEK LTD,432.2,441.8,410.0,418.5,447.3,5006379
2026-08-25,QPOWER,QUALITY POWER ELEC EQUP L,1310.3,1334.1,1301.0,1309.1,1313.2,193899
2026-08-25,QGOLDHALF,QUANTUM GOLD ETF,132.99,134.72,132.69,133.24,133.43,364976
2026-08-25,QNIFTY,QUANTUM NIFTY 50 ETF,266.6,267.8,266.0,267.49,266.59,2124
2026-08-25,SILVER001,QUANT_AMC - SILVER001,24.1,24.55,24.01,24.21,24.52,28279
2026-08-25,QUESS,QUESS CORP LIMITED,337.1,347.95,335.75,347.0,338.6,424971
2026-08-25,QUINT,QUINT DIGITAL LTD.,42.79,46.0,39.97,43.64,40.51,30067
2026-08-25,RKSWAMY,R K SWAMY LIMITED,94.41,96.98,94.41,94.59,95.11,10364
2026-08-25,RRIL,R R I L LTD.,17.75,18.0,15.06,17.23,17.47,112883
2026-08-25,RRKABEL,R R KABEL LIMITED,2870.4,2895.2,2786.8,2801.2,2869.9,321353
2026-08-25,RSYSTEMS,R SYS INTERNATIONAL LTD,239.0,243.95,236.65,243.15,239.75,169670
2026-08-25,RTSPOWR,R T S POWER CORPN. LTD.,94.81,97.0,91.55,92.5,94.81,29
2026-08-25,RNBDENIMS,R&B DENIMS LIMITED,8.51,8.51,8.51,8.51,8.11,53013
2026-08-25,RSSOFTWARE,R. S. SOFTWARE (INDIA) LI,30.0,30.5,29.11,29.89,29.98,34312
2026-08-25,RPPINFRA,R.P.P INFRA PROJECTS LTD,58.2,59.7,57.5,57.88,57.78,23678
2026-08-25,RACE,RACE ECO CHAIN LIMITED,101.44,103.86,100.2,100.27,101.44,903
2026-08-25,RACLGEAR,RACL GEARTECH LIMITED,1515.9,1565.6,1460.9,1511.1,1513.5,59620
2026-08-25,RADAAN,RADAAN MEDIAWORKS (I) LTD,3.1,3.1,2.92,3.0,3.03,4912
2026-08-25,RADHIKAJWE,RADHIKA JEWELTECH LIMITED,67.27,67.52,66.16,66.92,67.27,178428
2026-08-25,RADIANTCMS,RADIANT CASH MGMT SER LTD,36.25,39.01,35.87,38.36,35.66,626964
2026-08-25,RADICO,RADICO KHAITAN LTD,4600.0,4651.1,4571.6,4630.0,4600.0,235847
2026-08-25,RPEL,RAGHAV PRODUCTIVITY ENH L,1669.9,1670.0,1571.0,1603.1,1662.4,77105
2026-08-25,RVNL,RAIL VIKAS NIGAM LIMITED,221.7,224.1,217.02,218.4,221.7,7347704
2026-08-25,RAILTEL,RAILTEL CORP OF IND LTD,282.0,287.5,278.5,280.8,282.05,676924
2026-08-25,RAIN,RAIN INDUSTRIES LIMITED,213.89,213.89,198.37,200.49,213.69,4541406
2026-08-25,RAINBOW,RAINBOW CHILDRENS MED LTD,1465.0,1470.0,1439.1,1445.2,1460.1,31536
2026-08-25,ROML,RAJ OIL MILLS LIMITED,43.32,44.49,40.55,42.72,43.53,6300
2026-08-25,RAJTV,RAJ TV NETWORK LTD,10.68,10.68,10.02,10.2,10.47,14064
2026-08-25,RAJPALAYAM,RAJAPALAYAM MILLS LTD.,819.75,819.75,801.25,816.65,803.25,1007
2026-08-25,ARENTERP,RAJDARSHAN INDUSTRIES LTD,36.6,38.0,36.03,36.48,36.56,1764
2026-08-25,RAJMET,RAJNANDINI METAL LIMITED,3.51,3.65,3.13,3.2,3.5,2145804
2026-08-25,RSL,RAJPUTANA STAINLESS LTD,168.15,174.0,163.05,164.32,166.99,435201
2026-08-25,RAJRATAN,RAJRATAN GLOBAL WIRE LTD,488.0,497.0,483.05,489.75,490.2,66384
2026-08-25,RAJSREESUG,RAJSHREE SUGAR & CHEMICAL,40.0,40.4,36.76,38.09,39.68,210039
2026-08-25,RALLIS,RALLIS INDIA LTD,211.45,214.5,210.1,212.93,211.32,854764
2026-08-25,RAMRAT,RAM RATNA WIRES LIMITED,481.85,491.9,477.1,489.55,485.85,147204
2026-08-25,RAMAPHO,RAMA PHOSPHATES LIMITED,120.68,127.5,120.68,124.98,120.74,71562
2026-08-25,RAMCOIND,RAMCO INDUSTRIES LIMITED,342.4,350.0,342.4,348.85,341.55,128667
2026-08-25,RAMCOSYS,RAMCO SYSTEMS LTD.,569.0,569.0,552.0,558.15,570.05,115349
2026-08-25,RKFORGE,RAMKRISHNA FORGINGS LTD,726.0,736.15,716.9,721.1,728.5,718485
2026-08-25,RAMKY,RAMKY INFRA LTD,379.0,381.9,370.9,372.9,380.3,26565
2026-08-25,RANASUG,RANA SUGARS LTD.,15.78,16.19,15.01,15.26,15.92,892485
2026-08-25,RML,RANE (MADRAS) LIMITED,1169.8,1169.8,1117.2,1133.0,1160.8,28041
2026-08-25,RANEHOLDIN,RANE HOLDINGS LIMITED,1597.1,1618.7,1583.7,1592.1,1613.4,2582
2026-08-25,RPTECH,RASHI PERIPHERALS LIMITED,868.35,878.45,703.7,779.45,867.0,4681855
2026-08-25,RCF,RASHTRIYA CHEMICALS & FER,121.0,128.55,120.25,124.47,119.03,18100384
2026-08-25,RATEGAIN,RATEGAIN TRAVEL TECHN LTD,965.0,968.95,936.1,946.05,962.1,366847
2026-08-25,RATNAMANI,RATNAMANI MET & TUB LTD.,2740.2,2843.9,2665.2,2711.5,2697.0,1008208
2026-08-25,RATNAVEER,RATNAVEER PRECISION ENG L,274.09,278.0,260.1,263.43,271.32,3650858
2026-08-25,RTNINDIA,RATTANINDIA ENT LIMITED,30.06,30.3,30.0,30.01,30.06,900343
2026-08-25,RTNPOWER,RATTANINDIA POWER LIMITED,7.88,7.9,7.75,7.82,7.86,13453318
2026-08-25,RKDL,RAVI KUMAR DIST. LTD.,17.95,18.9,17.95,18.66,18.11,25074
2026-08-25,RVHL,RAVINDER HEIGHTS LIMITED,40.21,40.94,37.92,40.04,39.92,10556
2026-08-25,RELTD,RAVINDRA ENERGY LIMITED,162.0,163.03,158.28,159.01,161.4,119511
2026-08-25,RAYMONDLSL,RAYMOND LIFESTYLE LIMITED,718.0,723.0,709.05,715.5,717.15,196559
2026-08-25,RAYMOND,RAYMOND LTD,632.0,638.4,618.05,627.2,632.2,394760
2026-08-25,RAYMONDREL,RAYMOND REALTY LIMITED,593.0,593.0,573.95,577.3,593.15,125301
2026-08-25,RBLBANK,RBL BANK LIMITED,387.65,389.4,380.6,384.0,388.0,1504350
2026-08-25,RBZJEWEL,RBZ JEWELLERS LIMITED,144.65,145.49,140.2,142.02,144.65,79577
2026-08-25,RRECL,RDB REAL ESTATE CONS L,133.0,139.0,133.0,139.0,139.0,54
2026-08-25,RECLTD,REC LIMITED,327.9,329.0,323.45,326.0,327.9,4219283
2026-08-25,REDINGTON,REDINGTON LIMITED,365.9,366.5,350.15,352.65,365.1,4487821
2026-08-25,REDTAPE,REDTAPE LIMITED,121.9,122.68,120.35,120.89,121.95,267828
2026-08-25,REFEX,REFEX INDUSTRIES LIMITED,292.3,299.5,285.85,290.0,286.45,498666
2026-08-25,REGAAL,REGAAL RESOURCES LIMITED,95.02,96.4,93.61,95.13,95.02,301056
2026-08-25,REGENCERAM,REGENCY CERAMICS LTD.,34.0,34.8,32.51,33.61,33.93,8689
2026-08-25,RELAXO,RELAXO FOOT LTD.,377.55,378.4,365.55,368.55,377.55,194239
2026-08-25,GILT5YBEES,RELCAPAMC - NETFGILT5Y,66.01,66.33,66.01,66.25,66.16,150539
2026-08-25,RELIABLE,RELIABLE DATA SERVICE LTD,140.0,142.2,136.82,141.76,142.19,39296
2026-08-25,RELCHEMQ,RELIANCE CHEMOTEX IND LTD,114.5,114.5,111.1,112.7,113.34,1747
2026-08-25,RIIL,RELIANCE INDUSTRIAL INFRA,777.0,777.0,757.0,763.55,774.95,47300
2026-08-25,RELIANCE,RELIANCE INDUSTRIES LTD,1304.3,1317.1,1300.0,1317.0,1309.8,7115355
2026-08-25,RPOWER,RELIANCE POWER LTD.,23.0,23.09,22.59,22.7,23.09,12115326
2026-08-25,IVZBANKNF,RELIGARAMC - IVZBANKNF,57.33,57.45,57.26,57.44,57.41,453
2026-08-25,IVZSENSEX,RELIGARAMC - IVZSENSEX,75.54,77.45,75.54,77.45,77.45,1950
2026-08-25,RELIGARE,RELIGARE ENTER. LTD.,227.6,231.25,226.85,228.45,226.95,1337984
2026-08-25,REMSONSIND,REMSONS INDUSTRIES LTD,81.6,84.0,81.11,81.47,82.56,70482
2026-08-25,RGL,RENAISSANCE GLOBAL LTD,131.76,134.4,130.0,132.87,132.32,243323
2026-08-25,REPCOHOME,REPCO HOME FINANCE LTD,353.55,355.55,350.7,354.7,350.7,58832
2026-08-25,REPRO,REPRO INDIA LIMITED,313.95,314.0,309.0,310.3,311.95,14648
2026-08-25,RESPONIND,RESPONSIVE INDUSTRIES LTD,154.01,158.8,153.1,153.71,154.67,53730
2026-08-25,RBA,RESTAURANT BRAND ASIA LTD,106.9,108.0,104.14,106.31,106.45,4022267
2026-08-25,RVTH,REVATHI EQUIPMENT INDIA L,731.15,743.9,730.0,730.65,732.95,1458
2026-08-25,RHETAN,RHETAN TMT LIMITED,22.16,22.25,20.4,21.85,21.81,13603295
2026-08-25,RHIM,RHI MAGNESITA INDIA LTD,376.0,376.5,365.85,370.2,374.6,402120
2026-08-25,RICOAUTO,RICO AUTO INDUSTRIES LTD,127.74,128.68,125.16,127.89,127.17,986145
2026-08-25,RIR,RIR POWER ELECTRONICS L,165.39,166.88,162.17,162.92,164.17,77109
2026-08-25,RISHABH,RISHABH INSTRUMENTS LTD,696.9,704.1,681.1,688.55,699.55,133969
2026-08-25,RITCO,RITCO LOGISTICS LIMITED,315.0,321.85,308.8,316.25,314.95,74455
2026-08-25,RITES,RITES LIMITED,220.14,222.99,217.07,217.69,220.14,312485
2026-08-25,RKEC,RKEC PROJECTS LIMITED,23.79,23.79,22.01,22.25,22.97,33786
2026-08-25,RMC,RMC SWITCHGEARS LIMITED,252.95,255.0,249.55,253.5,251.5,15049
2026-08-25,RHL,ROBUST HOTELS LIMITED,167.25,170.5,166.26,167.14,169.0,1457
2026-08-25,ROLEXRINGS,ROLEX RINGS LIMITED,182.0,185.88,179.42,182.42,181.19,1474731
2026-08-25,ROSSARI,ROSSARI BIOTECH LIMITED,500.35,507.0,496.0,503.35,499.35,58703
2026-08-25,ROSSELLIND,ROSSELL INDIA LIMITED,56.8,59.84,56.03,57.31,56.77,83158
2026-08-25,ROSSTECH,ROSSELL TECHSYS LIMITED,1061.75,1061.75,1035.0,1050.35,1053.65,91136
2026-08-25,ROTO,ROTO PUMPS LIMITED,64.35,65.8,63.75,65.4,64.28,305220
2026-08-25,ROUTE,ROUTE MOBILE LIMITED,494.25,512.5,486.65,507.6,493.25,441857
2026-08-25,ROHLTD,ROYAL ORCHID HOTELS LTD,315.0,315.0,302.05,303.7,305.9,27632
2026-08-25,RPGLIFE,RPG LIFE SCIENCES LTD,2640.0,2647.6,2560.0,2584.5,2623.4,9912
2026-08-25,RPSGVENT,RPSG VENTURES LIMITED,865.0,871.45,858.75,865.5,863.35,10798
2026-08-25,RUBFILA,RUBFILA INTERNATIONAL LTD,66.59,67.8,64.96,65.43,66.25,45279
2026-08-25,RUBICON,RUBICON RESEARCH LIMITED,1776.1,1799.8,1695.2,1708.8,1776.1,429723
2026-08-25,RUCHINFRA,RUCHI INFRASTRUCTURE LTD,5.88,5.89,5.61,5.7,5.76,44216
2026-08-25,RUCHIRA,RUCHIRA PAPERS LIMITED,103.0,103.89,102.11,103.45,102.88,13695
2026-08-25,RUDRA,RUDRA GLOBAL INFRA PROD L,21.17,22.86,21.11,21.16,21.66,263526
2026-08-25,RUPA,RUPA & COMPANY LTD,152.4,154.23,150.0,150.59,151.82,69161
2026-08-25,RUSHIL,RUSHIL DECOR LIMITED,17.09,17.09,16.7,16.78,16.96,263367
2026-08-25,SAB,S A B INDUSTRIES LTD.,178.5,178.5,170.0,172.0,178.5,174
2026-08-25,SCHAND,S CHAND AND COMPANY LTD,137.33,137.33,134.48,135.86,136.06,26805
2026-08-25,SHK,S H KELKAR AND CO. LTD.,154.6,156.21,151.11,153.73,154.6,253208
2026-08-25,SVGLOBAL,S V GLOBAL MILL LTD.,118.0,120.6,118.0,119.4,118.0,360
2026-08-25,S&SPOWER,S&S POWER SWITCHGEARS LTD,349.65,361.55,335.0,339.45,328.7,38194
2026-08-25,SPAL,S. P. APPARELS LIMITED,948.0,954.75,867.8,949.8,941.35,53490
2026-08-25,SALSTEEL,S.A.L. STEEL LTD.,78.0,78.9,73.21,74.49,77.06,1183424
2026-08-25,SAATVIKGL,SAATVIK GREEN ENERGY LTD,418.0,425.85,415.0,421.85,421.6,45727
2026-08-25,SADBHAV,SADBHAV ENGINEERING LTD,8.14,8.16,7.92,8.08,8.09,142079
2026-08-25,SAFARI,SAFARI IND (INDIA) LTD,1495.1,1506.0,1482.0,1501.8,1495.1,19160
2026-08-25,SAGCEM,SAGAR CEMENTS LIMITED,166.51,166.51,161.6,163.39,165.33,36996
2026-08-25,SAGARDEEP,SAGARDEEP ALLOYS LIMITED,24.35,24.35,23.41,23.66,23.88,18399
2026-08-25,SAGILITY,SAGILITY LIMITED,43.24,44.0,42.79,43.02,43.23,15162360
2026-08-25,SAHYADRI,SAHYADRI INDUSTRIES LTD,354.95,359.25,337.85,346.0,351.25,16770
2026-08-25,SAICAPI,SAI CAPITAL LTD.,150.07,153.0,150.0,153.0,147.13,257
2026-08-25,SAILIFE,SAI LIFE SCIENCES LIMITED,1439.0,1459.0,1420.3,1455.5,1435.9,183271
2026-08-25,SAIPARENT,SAI PARENTERALS LIMITED,525.05,531.95,518.3,527.9,528.75,82571
2026-08-25,KALAMANDIR,SAI SILKS (KALAMANDIR) L,88.45,88.86,86.7,86.9,88.37,452209
2026-08-25,SEKURITIND,SAINT GOBAIN SEKUR IND L,118.01,119.49,117.0,117.07,118.4,12340
2026-08-25,SAKAR,SAKAR HEALTHCARE LIMITED,900.0,920.0,872.3,884.85,899.5,77175
2026-08-25,SAKSOFT,SAKSOFT LIMITED,163.25,163.25,159.0,159.59,162.13,237329
2026-08-25,SAKHTISUG,SAKTHI SUGARS LTD,22.0,22.57,21.0,21.73,22.4,522797
2026-08-25,SAKUMA,SAKUMA EXPORTS LIMITED,1.49,1.63,1.48,1.63,1.49,1781040
2026-08-25,SALASAR,SALASAR TECHNO ENGG. LTD.,5.87,5.96,5.85,5.91,5.87,2047870
2026-08-25,SALONA,SALONA COTSPIN LTD.,265.0,274.99,265.0,270.09,268.37,1198
2026-08-25,SALZERELEC,SALZER ELECTRONICS LTD,569.9,574.45,558.55,564.45,569.45,46859
2026-08-25,SAMBANDAM,SAMBANDAM SPINNING MILL L,146.9,147.0,133.9,134.14,144.09,7466
2026-08-25,SAMBHAAV,SAMBHAAV MEDIA LTD,6.68,6.68,6.21,6.34,6.3,17204
2026-08-25,SAMBHV,SAMBHV STEEL TUBES LTD,130.9,132.89,127.63,128.66,131.18,809463
2026-08-25,SAMHI,SAMHI HOTELS LIMITED,160.0,160.28,158.0,158.74,159.58,654035
2026-08-25,SAMMAANCAP,SAMMAAN CAPITAL LIMITED,150.0,150.66,149.0,149.97,149.4,3834063
2026-08-25,SAMPANN,SAMPANN UTPADAN INDIA LTD,26.05,26.99,25.75,26.47,26.05,54823
2026-08-25,MOTHERSON,SAMVRDHNA MTHRSN INTL LTD,167.61,168.28,164.81,166.45,169.0,8705147
2026-08-25,SANATHAN,SANATHAN TEXTILES LIMITED,447.3,460.0,447.25,451.6,448.7,13848
2026-08-25,SANDESH,SANDESH LTD,1052.4,1052.4,1014.0,1022.05,1034.15,913
2026-08-25,SANDHAR,SANDHAR TECHNOLOGIES LTD,681.9,696.35,673.0,679.0,680.6,175272
2026-08-25,SANDUMA,SANDUR MANG & IRON ORES L,203.82,207.73,203.58,205.1,205.21,736690
2026-08-25,SANGAMIND,SANGAM (INDIA) LTD,565.8,569.9,558.65,564.1,561.6,19179
2026-08-25,SANGHVIMOV,SANGHVI MOVERS LTD,467.8,471.95,448.6,458.4,466.05,499082
2026-08-25,SANOFICONR,SANOFI CONS HEALTHC IND L,4201.6,4208.0,4162.0,4176.9,4220.6,2826
2026-08-25,SANOFI,SANOFI INDIA LIMITED,3277.0,3277.2,3192.2,3198.2,3274.6,21942
2026-08-25,SANSERA,SANSERA ENGINEERING LTD,3858.0,3887.9,3770.5,3790.5,3844.3,73667
2026-08-25,SANSTAR,SANSTAR LIMITED,106.15,108.85,105.61,107.93,106.59,111786
2026-08-25,SAPPHIRE,SAPPHIRE FOODS INDIA LTD,249.3,252.65,244.61,249.81,249.3,905908
2026-08-25,ZSARACOM,SARASWATI COMM (INDIA) L,11801.0,12270.0,11100.0,11300.0,11934.0,86
2026-08-25,SSDL,SARASWATI SAREE DEPOT LTD,58.0,58.77,57.1,57.57,57.46,10622
2026-08-25,SARDAEN,SARDA ENERGY & MIN LTD,507.0,512.15,503.15,506.5,507.0,212203
2026-08-25,SAREGAMA,SAREGAMA INDIA LIMITED,514.4,515.9,502.65,504.7,510.05,197775
2026-08-25,SARLAPOLY,SARLA PERF. FIBERS LTD,100.3,102.0,99.33,101.2,100.02,23918
2026-08-25,SMLT,SARTHAK METALS LIMITED,68.96,69.97,68.15,69.09,68.96,1098
2026-08-25,SARVESHWAR,SARVESHWAR FOODS LIMITED,3.48,3.55,3.45,3.47,3.44,1711114
2026-08-25,SASKEN,SASKEN TECHNOLOGIES LTD,1901.0,1928.7,1850.0,1871.2,1926.1,18234
2026-08-25,SATIA,SATIA INDUSTRIES LIMITED,57.6,59.4,57.5,57.84,57.91,124969
2026-08-25,SATIN,SATIN CREDIT NET LTD,222.0,223.49,219.53,221.36,223.63,154326
2026-08-25,SAURASHCEM,SAURASHTRA CEMENT LIMITED,57.44,57.79,56.42,56.94,56.85,69725
2026-08-25,SOTL,SAVITA OIL TECHNOLO. LTD,681.8,688.3,672.0,673.65,681.8,147140
2026-08-25,SAYAJIHOTL,SAYAJI HOTELS LTD.,337.0,337.0,320.0,320.25,339.35,72
2026-08-25,SAYAJIIND,SAYAJI INDUSTRIES LTD.,120.0,120.0,111.99,112.35,116.03,868
2026-08-25,SBC,SBC EXPORTS LIMITED,39.98,40.24,39.71,39.91,39.82,4695171
2026-08-25,SBFC,SBFC FINANCE LIMITED,92.23,93.2,91.52,92.77,92.23,587142
2026-08-25,SBICARD,SBI CARDS & PAY SER LTD,647.1,654.6,645.75,651.0,650.3,1214650
2026-08-25,SBIFUNDS,SBI FUNDS MANAGEMENT LTD,541.4,552.25,536.5,549.05,541.4,2151544
2026-08-25,SBILIFE,SBI LIFE INSURANCE CO LTD,1761.0,1774.4,1751.2,1755.0,1761.8,1641672
2026-08-25,SETFGOLD,SBI-ETF GOLD,133.88,137.6,132.73,136.95,137.32,4898302
2026-08-25,SETFNIF50,SBI-ETF NIFTY 50,267.37,267.37,260.0,261.66,260.85,327941
2026-08-25,SETFNIFBK,SBI-ETF NIFTY BANK,589.93,592.99,589.0,590.48,590.09,38455
2026-08-25,SETFNN50,SBI-ETF NIFTY NEXT 50,812.76,812.76,787.3,795.32,792.94,23493
2026-08-25,LIQUIDSBI,SBIAMC - LIQUIDSBI,999.99,1000.01,999.99,999.99,999.99,2386
2026-08-25,SBIBPB,SBIAMC - SBIBPB,49.44,49.98,48.84,49.81,49.44,32408
2026-08-25,SBIETFCON,SBIAMC - SBIETFCON,124.97,124.97,123.31,124.29,123.45,1609
2026-08-25,SBIETFIT,SBIAMC - SBIETFIT,337.5,339.95,336.5,338.82,338.38,1590
2026-08-25,SBIETFPB,SBIAMC - SBIETFPB,283.4,283.4,279.38,281.14,282.41,2558
2026-08-25,SBIETFQLTY,SBIAMC - SBIETFQLTY,224.31,226.02,223.16,225.73,224.71,1342
2026-08-25,SBILIQETF,SBIAMC - SBILIQETF,1053.34,1053.36,1053.34,1053.34,1053.07,244427
2026-08-25,SBIMIDMOM,SBIAMC - SBIMIDMOM,64.47,64.5,63.92,64.48,63.82,31593
2026-08-25,SBINEQWETF,SBIAMC - SBINEQWETF,33.75,33.85,33.22,33.74,33.59,23171
2026-08-25,SBINMID150,SBIAMC - SBINMID150,23.78,23.78,23.4,23.54,23.52,9449
2026-08-25,SBISILVER,SBIAMC - SBISILVER,234.05,236.61,233.72,234.57,237.34,1406831
2026-08-25,SBISMLETF,SBIAMC - SBISMLETF,18.64,18.67,18.31,18.39,18.46,74364
2026-08-25,SBIVALETF,SBIAMC - SBIVALETF,14.79,14.81,14.73,14.76,14.82,3915
2026-08-25,SETF10GILT,SBIAMC - SETF10GILT,265.84,266.17,264.05,264.39,264.52,1091
2026-08-25,SCHAEFFLER,SCHAEFFLER INDIA LIMITED,4020.4,4020.4,3975.1,4002.5,4020.4,40296
2026-08-25,SCHNEIDER,SCHNEIDER ELECTRIC INFRA,1158.4,1168.8,1134.9,1146.4,1158.4,322370
2026-08-25,SCODATUBES,SCODA TUBES LIMITED,130.97,131.25,128.52,129.87,130.03,139490
2026-08-25,SEAMECLTD,SEAMEC LIMITED,1645.1,1663.0,1639.0,1649.6,1655.0,21222
2026-08-25,SECMARK,SECMARK CONSULTANCY LTD,132.3,132.3,124.9,125.02,126.0,1316
2026-08-25,SECURKLOUD,SECUREKLOUD TECH LIMITED,18.18,18.18,16.64,17.79,17.96,18863
2026-08-25,SEDEMAC,SEDEMAC MECHATRONICS LTD,3150.0,3180.0,3032.3,3081.8,3151.0,95100
2026-08-25,SEJALLTD,SEJAL GLASS LIMITED,685.0,693.0,675.05,684.05,686.2,4247
2026-08-25,SELMC,SEL MANUFACTURING CO LTD,27.56,28.74,27.56,27.72,28.08,5300
2026-08-25,SEMAC,SEMAC CONSTRUCTION LTD,290.0,291.0,283.0,289.7,293.4,592
2026-08-25,SENCO,SENCO GOLD LIMITED,372.0,373.85,364.4,368.65,371.75,1124170
2026-08-25,SENORES,SENORES PHARMACEUTICALS L,1508.0,1508.0,1456.3,1480.4,1515.7,198519
2026-08-25,SEPC,SEPC LIMITED,5.87,5.87,5.73,5.77,5.82,9580475
2026-08-25,SERVOTECH,SERVOTECH REN POW SYS LTD,82.26,82.86,81.11,81.53,82.26,199323
2026-08-25,STYL,SESHAASAI TECHNOLOGIES L,393.0,401.0,382.0,393.7,387.45,89741
2026-08-25,SESHAPAPER,SESHASAYEE PAPER & BOARDS,227.55,229.84,226.12,227.16,227.55,15651
2026-08-25,SGFIN,SG FINSERVE LIMITED,687.2,715.0,687.2,700.5,689.35,252186
2026-08-25,SGMART,SG MART LIMITED,811.55,848.95,809.0,837.4,811.55,242728
2026-08-25,SGLRES,SGL RESOURCES LIMITED,2.49,2.59,2.4,2.5,2.49,37372
2026-08-25,SHADOWFAX,SHADOWFAX TECHNOLOGIES L,260.0,261.56,256.3,256.9,260.34,2116581
2026-08-25,SHAHALLOYS,SHAH ALLOYS LIMITED,79.94,79.94,74.3,76.82,78.37,11010
2026-08-25,SHAH,SHAH METACORP LIMITED,4.36,4.36,3.2,3.2,3.99,54859459
2026-08-25,SHAILY,SHAILY ENG PLASTICS LTD,3268.0,3289.2,3182.5,3227.6,3268.8,140549
2026-08-25,SHAKTIPUMP,SHAKTI PUMPS (I) LTD,494.9,495.65,490.0,491.95,493.9,233558
2026-08-25,SHALBY,SHALBY LIMITED,153.0,155.39,151.5,154.69,154.03,65824
2026-08-25,SAHLIBHFI,SHALIBHADRA FINANCE LTD,75.0,75.0,70.95,72.99,73.37,24392
2026-08-25,SRD,SHANKAR LAL RAMPAL LTD,40.99,40.99,39.05,39.99,40.74,12892
2026-08-25,SHANKARA,SHANKARA BLDG PRODUCT LTD,144.84,146.98,144.0,145.8,144.83,28836
2026-08-25,BUILDPRO,SHANKARA BUILDPRO LIMITED,1244.0,1264.5,1200.0,1241.3,1249.9,94849
2026-08-25,SHANKESH,SHANKESH JEWELLERS LTD,103.3,111.0,94.0,94.82,93.0,95704155
2026-08-25,SHANTIGEAR,SHANTHI GEARS LTD,539.85,585.0,516.1,557.9,549.0,1482458
2026-08-25,SEIL,SHANTI EDU INITIATIVES L,209.9,210.33,205.1,206.93,210.15,262547
2026-08-25,SHANTIGOLD,SHANTI GOLD INTERNATION L,260.01,273.59,257.76,263.96,270.52,2538961
2026-08-25,SHANTI,SHANTI OVERSEAS INDIA LTD,6.47,6.47,6.23,6.31,6.33,8783
2026-08-25,SHINDL,SHARAT INDUSTRIES LTD.,164.0,170.0,161.5,163.71,163.59,227188
2026-08-25,SHARDACROP,SHARDA CROPCHEM LTD.,781.0,786.4,764.65,767.4,779.3,171508
2026-08-25,SHARDAMOTR,SHARDA MOTOR INDS LTD,897.0,898.45,872.0,874.35,893.15,35341
2026-08-25,SHAREINDIA,SHARE IND. SECURITIES LTD,173.6,174.6,171.76,172.62,173.53,142977
2026-08-25,SFL,SHEELA FOAM LIMITED,659.45,661.6,641.05,646.55,656.15,124006
2026-08-25,SHERVANI,SHERVANI INDUSTRIAL SYN L,344.5,344.5,303.35,312.05,344.5,227
2026-08-25,SHILCTECH,SHILCHAR TECHNOLOGIES LTD,3941.2,3958.8,3848.8,3919.7,3921.2,20504
2026-08-25,SHILGRAVQ,SHILP GRAVURES LTD.,175.0,175.0,162.5,163.34,164.38,3913
2026-08-25,SHILPAMED,SHILPA MEDICARE LTD,859.0,869.0,835.5,861.55,855.8,1201334
2026-08-25,SCILAL,SHIPPING CORP OF ILA LTD,39.7,40.49,39.26,40.06,40.02,124493
2026-08-25,SCI,SHIPPING CORP OF INDIA LT,289.3,294.0,286.75,288.1,288.45,1615761
2026-08-25,SHIPROCKET,SHIPROCKET LIMITED,135.4,138.11,131.15,132.77,134.67,11939062
2026-08-25,SHIVAUM,SHIV AUM STEELS LIMITED,443.35,444.1,440.0,440.05,444.2,565
2026-08-25,SHIVACEM,SHIVA CEMENT LTD.,17.14,17.14,16.6,16.66,16.98,37597
2026-08-25,SHIVAAGRO,SHIVA GLOBAL AGRO INDS. L,43.0,43.0,39.2,41.48,42.76,5097
2026-08-25,SHIVAMILLS,SHIVA MILLS LIMITED,62.28,62.28,60.05,61.39,59.64,727
2026-08-25,SHIVATEX,SHIVA TEXYARN LIMITED,170.99,172.5,165.01,170.43,168.97,2407
2026-08-25,SBCL,SHIVALIK BIMETAL CON. LTD,1001.5,1039.4,993.6,1018.35,1001.5,229576
2026-08-25,SHOPERSTOP,SHOPPERS STOP LIMITED,407.65,407.65,392.0,394.6,406.75,33163
2026-08-25,SHRADDHA,SHRADDHA PRIME PROJECTS L,159.9,159.9,149.0,149.68,153.14,571
2026-08-25,SHRADHA,SHRADHA REALTY LIMITED,33.0,33.15,32.05,32.31,32.95,16496
2026-08-25,SHREEPUSHK,SHRE PUSH CHEM & FERT LTD,427.5,459.5,424.05,454.1,426.9,258194
2026-08-25,SAPPL,SHREE AJIT PULP & PAPER L,281.0,301.0,278.0,292.1,281.45,800
2026-08-25,SHREECEM,SHREE CEMENT LIMITED,24045.0,24500.0,24005.0,24440.0,24020.0,126056
2026-08-25,SHREDIGCEM,SHREE DIGVIJAY CEM CO LTD,72.32,76.5,71.88,74.87,72.32,225152
2026-08-25,SGRL,SHREE GANESH REMEDIES LTD,533.95,534.0,500.3,507.1,519.05,6538
2026-08-25,SRTL,SHREE RAM TWISTEX LIMITED,40.5,40.79,39.66,39.79,40.13,21203
2026-08-25,SHREERAMA,SHREE RAMA MULTI TECH LTD,45.0,45.47,43.61,44.1,45.31,68660
2026-08-25,RAMANEWS,SHREE RAMA NEWSPRINT LTD,31.19,31.89,30.25,31.79,31.83,7527
2026-08-25,RENUKA,SHREE RENUKA SUGARS LTD,25.47,25.74,24.43,24.67,25.47,42636836
2026-08-25,BALAJEE,SHREE TIRUPATI BALAJEE L,27.0,27.0,26.26,26.4,26.59,14264
2026-08-25,SHREEJISPG,SHREEJI SHIPPING GLOBAL L,637.9,651.0,635.0,645.5,635.3,1375993
2026-08-25,OSWALSEEDS,SHREEOSWAL S AND CHE LTD,12.6,12.6,11.8,12.03,12.36,74648
2026-08-25,SHREYANIND,SHREYANS INDUSTRIES LTD,123.37,125.6,121.76,123.77,122.49,9043
2026-08-25,SHBAJRG,SHRI BAJRANG ALLIANCE L,166.68,170.99,164.06,165.11,166.68,2491
2026-08-25,SHRJAGP,SHRI JAGDAMBA POLYMERS L,700.0,700.0,664.1,699.15,699.7,768
2026-08-25,SHRIKRISH,SHRI KRISHNA DEVCON LTD.,38.2,38.2,38.2,38.2,38.01,2
2026-08-25,SHRINGARMS,SHRINGAR HOU OF MANGALS L,228.62,228.67,223.91,226.3,228.67,202103
2026-08-25,LIQUIDSHRI,SHRIRAM - LIQUIDSHRI,1118.86,1118.88,1118.86,1118.88,1118.59,1176
2026-08-25,SHRIRAMFIN,SHRIRAM FINANCE LIMITED,1117.9,1138.5,1112.0,1138.5,1119.0,2440583
2026-08-25,SHRIRAMPPS,SHRIRAM PROPERTIES LTD,76.8,78.44,75.95,77.96,76.83,314948
2026-08-25,SHUKRAPHAR,SHUKRA PHARMACEUTICALS L,44.07,44.94,44.07,44.08,44.07,1374828
2026-08-25,SHYAMMETL,SHYAM METALICS AND ENGY L,1001.0,1017.8,991.7,1006.2,1001.0,308203
2026-08-25,SHYAMTEL,SHYAM TELECOM LIMITED,13.51,14.94,13.51,13.86,13.99,5876
2026-08-25,SICAGEN,SICAGEN INDIA LIMITED,53.0,55.0,53.0,54.8,53.55,21991
2026-08-25,ENRIN,SIEMENS ENERGY INDIA LTD,3490.0,3495.5,3371.0,3389.6,3485.7,395921
2026-08-25,SIEMENS,SIEMENS LTD,4114.0,4149.4,4060.0,4090.5,4114.0,625842
2026-08-25,SIGACHI,SIGACHI INDUSTRIES LTD,30.54,34.49,30.5,33.9,30.49,16061164
2026-08-25,SIGMAADV,SIGMA ADVANCED SYSTEM LTD,692.7,692.7,692.7,692.7,659.75,124322
2026-08-25,SIGMA,SIGMA SOLVE LIMITED,48.48,48.99,47.61,48.64,48.48,73686
2026-08-25,SIGNATURE,SIGNATUREGLOBAL INDIA LTD,795.0,799.05,785.0,790.6,795.4,195902
2026-08-25,SIGNPOST,SIGNPOST INDIA LIMITED,262.0,263.35,255.2,256.4,263.1,66501
2026-08-25,SIKA,SIKA INTERPLANT SYSTEMS L,1044.0,1044.0,1011.0,1017.7,1036.6,14880
2026-08-25,SILINV,SIL INVESTMENTS LIMITED,475.0,482.7,471.0,474.95,482.7,3760
2026-08-25,SILGO,SILGO RETAIL LIMITED,72.35,73.5,71.55,72.37,72.45,187674
2026-08-25,SILLYMONKS,SILLY MONKS ENTERTAIN LTD,15.88,16.9,15.5,16.56,15.88,89141
2026-08-25,SILVERTUC,SILVER TOUCH TECHNO LTD,180.19,183.4,173.11,181.64,180.13,527452
2026-08-25,SIMPLEXINF,SIMPLEX INFRASTRUCTURES L,253.76,253.85,246.57,248.72,253.76,18039
2026-08-25,SIMPLXREA,SIMPLEX REALTY LTD.,132.0,132.0,132.0,132.0,125.95,1
2026-08-25,SINCLAIR,SINCLAIRS HOTELS LIMITED,75.16,76.79,74.11,74.59,75.32,6856
2026-08-25,SINDHUTRAD,SINDHU TRADE LINKS LTD,24.05,24.95,23.26,23.8,24.02,3990326
2026-08-25,SINGERIND,SINGER INDIA LIMITED,79.7,80.49,77.56,78.42,79.11,37691
2026-08-25,SINTERCOM,SINTERCOM INDIA LIMITED,83.35,83.35,78.65,79.06,81.72,782
2026-08-25,SIRCA,SIRCA PAINT INDIA LIMITED,439.65,442.9,433.0,435.5,439.75,319377
2026-08-25,SIS,SIS LIMITED,418.0,420.7,411.05,413.1,418.05,194898
2026-08-25,SIYSIL,SIYARAM SILK MILLS LTD,592.95,593.95,562.1,567.2,588.45,85777
2026-08-25,SJS,SJS ENTERPRISES LIMITED,2572.4,2582.9,2508.0,2551.3,2561.7,125940
2026-08-25,SJVN,SJVN LTD,65.8,66.29,65.5,65.86,65.8,1165561
2026-08-25,SKFINDUS,SKF IND (INDUSTRIAL) LTD,2745.0,2809.6,2710.0,2732.0,2748.1,33779
2026-08-25,SKFINDIA,SKF INDIA LTD,1596.0,1596.0,1561.1,1568.3,1586.4,16848
2026-08-25,SKIPPER,SKIPPER LIMITED,577.0,588.0,542.5,549.2,575.0,1191916
2026-08-25,SKMEGGPROD,SKM EGG PROD EXPORT(I) LT,256.0,261.1,253.21,259.36,256.8,196031
2026-08-25,SKYGOLD,SKY GOLD AND DIAMONDS LTD,799.5,849.9,795.05,842.3,798.0,1438311
2026-08-25,SMARTWORKS,SMARTWORKS COWORKING SP L,554.0,567.9,534.0,540.25,550.5,532459
2026-08-25,SMCGLOBAL,SMC GLOBAL SECURITIES LTD,79.51,80.84,78.5,78.88,79.73,165780
2026-08-25,SMLMAH,SML MAHINDRA LIMITED,5238.0,5238.0,5151.5,5192.0,5204.0,31101
2026-08-25,SMSPHARMA,SMS PHARMACEUTICALS LTD.,354.15,358.9,350.4,356.75,354.1,170666
2026-08-25,SNOWMAN,SNOWMAN LOGISTICS LTD.,37.62,37.84,36.95,37.37,37.59,181034
2026-08-25,SOBHA,SOBHA LIMITED,1301.8,1304.8,1272.7,1279.7,1289.1,67121
2026-08-25,SOFTTECH,SOFTTECH ENGINEERS LTD,425.0,425.0,416.1,420.25,419.15,1671
2026-08-25,SOLARINDS,SOLAR INDUSTRIES (I) LTD,19925.0,19925.0,19665.0,19800.0,19925.0,57783
2026-08-25,SOLARA,SOLARA ACTIVE PHA SCI LTD,629.95,652.2,622.65,628.55,629.1,347879
2026-08-25,SOLARWORLD,SOLARWORLD ENERGY SOL LTD,150.96,155.5,147.0,148.77,150.13,461166
2026-08-25,SOLEX,SOLEX ENERGY LIMITED,791.0,803.0,772.6,788.95,796.25,36645
2026-08-25,SDBL,SOM DIST & BREW LTD,73.02,73.54,72.35,72.73,73.02,306898
2026-08-25,SOMATEX,SOMA TEXTILES & INDUST LT,86.04,88.89,86.0,87.1,86.79,13757
2026-08-25,SOMANYCERA,SOMANY CERAMICS LIMITED,552.0,558.3,536.2,539.35,552.1,158984
2026-08-25,SOMICONVEY,SOMI CONVEYOR BELT. LTD.,98.62,99.2,93.2,94.06,97.36,27526
2026-08-25,SONACOMS,SONA BLW PRECISION FRGS L,805.8,814.0,803.0,808.8,813.5,1442056
2026-08-25,SONAL,SONAL MERCANTILE LTD.,92.8,92.8,85.2,85.2,89.4,41
2026-08-25,SONAMLTD,SONAM LIMITED,64.4,65.58,62.4,64.76,64.41,88804
2026-08-25,SONATSOFTW,SONATA SOFTWARE LTD,307.0,307.05,297.05,298.45,306.75,675756
2026-08-25,SOUTHWEST,SOUTH WEST PINNACLE LTD,216.23,219.08,202.1,204.49,217.99,361634
2026-08-25,SPCENET,SPACENET ENTERS IND LTD,3.43,3.44,3.33,3.34,3.38,478699
2026-08-25,SPANDANA,SPANDANA SPHOORTY FIN LTD,241.3,244.85,238.3,242.3,241.0,116900
2026-08-25,SPELS,SPEL SEMICONDUCTOR LTD,147.0,147.7,140.1,141.94,146.86,56641
2026-08-25,SPENCERS,SPENCER S RETAIL LIMITED,30.37,31.25,28.46,30.07,30.58,111526
2026-08-25,SPIC,SPIC LTD,70.0,73.3,69.8,70.51,69.3,3056299
2026-08-25,SPLIL,SPL INDUSTRIES LIMITED,30.49,30.95,30.25,30.5,30.25,3829
2026-08-25,SPMLINFRA,SPML INFRA LIMITED,187.5,190.39,186.31,188.13,187.0,101685
2026-08-25,SPORTKING,SPORTKING INDIA LIMITED,214.86,231.59,213.98,228.26,214.86,1664375
2026-08-25,SHRIPISTON,SPR AUTO TECHNOLOGIES LTD,4785.8,4785.8,4570.6,4629.9,4746.8,121225
2026-08-25,SRHHYPOLTD,SREE RAYALSEEMA HHP LTD.,480.0,480.4,470.05,471.9,476.9,7472
2026-08-25,SREEL,SREELEATHERS LIMITED,248.05,266.0,248.05,257.61,249.71,51805
2026-08-25,SRF,SRF LTD,2589.0,2589.0,2543.5,2575.0,2580.8,449862
2026-08-25,SRGHFL,SRG HOUSING FINANCE L,260.0,264.9,255.1,256.6,256.0,1244
2026-08-25,HAVISHA,SRI HAVISHA HOSP & INFR L,1.4,1.64,1.36,1.39,1.4,126723
2026-08-25,SRIKPRIND,SRI KPR INDUSTRIES LTD.,20.02,22.55,20.02,20.06,19.79,2953
2026-08-25,SRM,SRM CONTRACTORS LIMITED,462.15,470.05,460.0,461.95,464.05,64121
2026-08-25,SETL,STANDARD ENGNG TCNLGY LTD,312.0,322.35,300.0,314.75,312.35,1681575
2026-08-25,SIL,STANDARD INDUSTRIES LTD.,20.65,20.65,19.77,19.95,20.15,34840
2026-08-25,STANLEY,STANLEY LIFESTYLES LTD,136.5,137.5,134.2,135.08,136.03,51482
2026-08-25,STARCEMENT,STAR CEMENT LIMITED,195.0,196.2,193.0,194.84,194.85,112447
2026-08-25,STARHEALTH,STAR HEALTH & AL INS CO L,573.15,585.0,570.7,582.85,573.0,253098
2026-08-25,STARPAPER,STAR PAPER MILLS LTD,146.8,148.8,143.02,147.89,145.91,2578
2026-08-25,STARTECK,STARTECK FINANCE LIMITED,252.9,257.2,250.15,252.2,252.0,7889
2026-08-25,SBIN,STATE BANK OF INDIA,1036.0,1048.0,1031.3,1048.0,1039.5,9982723
2026-08-25,SAIL,STEEL AUTHORITY OF INDIA,180.7,186.89,180.3,184.59,179.65,68905208
2026-08-25,STEELCITY,STEEL CITY SECURITIES LTD,82.9,91.84,82.7,88.12,82.21,141096
2026-08-25,STEELXIND,STEEL EXCHANGE INDIA LTD,10.81,11.13,10.75,10.8,10.9,925914
2026-08-25,STLSTRINF,STEEL STRIPS INFRA L,22.0,22.41,17.31,19.97,19.61,1991
2026-08-25,SSWL,STEEL STRIPS WHEELS LTD.,294.0,296.65,288.2,291.1,294.7,410340
2026-08-25,STEELCAS,STEELCAST LIMITED,349.8,354.85,336.1,338.95,346.5,77823
2026-08-25,STEL,STEL HOLDINGS LIMITED,625.0,625.0,605.05,613.4,617.6,1636
2026-08-25,SGL,STL GLOBAL LIMITED,10.12,10.51,9.95,10.48,10.1,19644
2026-08-25,STLNETWORK,STL NETWORKS LIMITED,26.05,26.34,25.4,25.66,25.61,672492
2026-08-25,STOVEKRAFT,STOVE KRAFT LIMITED,822.0,826.8,794.4,795.4,821.25,160970
2026-08-25,STAR,STRIDES PHARMA SCI LTD,999.0,1001.9,976.0,986.6,993.6,209006
2026-08-25,SWSOLAR,STRLNG & WIL REN ENE LTD,191.47,197.91,188.82,197.1,191.46,1171828
2026-08-25,STUDDS,STUDDS ACCESSORIES LTD,446.65,452.0,446.5,450.75,450.0,29823
2026-08-25,STYLAMIND,STYLAM INDUSTRIES LIMITED,3573.2,3585.9,3510.0,3556.0,3573.2,25105
2026-08-25,STYRENIX,STYRENIX PERFORMANCE LTD,2096.0,2116.8,2064.0,2094.7,2076.4,33543
2026-08-25,SUBEXLTD,SUBEX LTD,18.24,18.84,17.74,17.82,18.25,3207134
2026-08-25,SUBROS,SUBROS LIMITED,729.3,738.45,727.0,729.5,729.3,27861
2026-08-25,SUDARSCHEM,SUDARSHAN CHEMICAL INDS L,1236.0,1241.9,1217.6,1231.3,1236.1,324675
2026-08-25,SUDARCOLOR,SUDARSHAN COLORNT IND LTD,400.25,408.95,386.0,394.35,401.4,13641
2026-08-25,SUDEEPPHRM,SUDEEP PHARMA LIMITED,1131.15,1137.2,1103.6,1127.2,1131.15,149508
2026-08-25,SUKHJITS,SUKHJIT STARCH & CHEM LTD,161.01,162.69,158.6,159.78,159.95,16377
2026-08-25,SULA,SULA VINEYARDS LIMITED,145.53,147.51,143.5,146.79,144.53,277656
2026-08-25,SUMEDHA,SUMEDHA FISCAL SERVICES L,42.0,42.0,38.56,39.01,39.08,4396
2026-08-25,SUMEETINDS,SUMEET IND LIMITED,13.25,13.27,12.88,12.95,13.18,1223467
2026-08-25,SUMIT,SUMIT WOODS LIMITED,57.0,57.0,50.03,51.72,50.92,71610
2026-08-25,SUMICHEM,SUMITOMO CHEM INDIA LTD,527.7,530.3,518.3,521.5,523.45,151006
2026-08-25,SUMMITSEC,SUMMIT SECURITIES LTD,1416.9,1433.0,1410.0,1422.3,1416.9,1547
2026-08-25,SPARC,SUN PHARMA ADV.RES.CO.LTD,194.99,197.46,192.0,194.46,195.04,303427
2026-08-25,SUNPHARMA,SUN PHARMACEUTICAL IND L,1906.5,1922.0,1896.2,1922.0,1910.0,1221044
2026-08-25,SUNTV,SUN TV NETWORK LIMITED,470.3,471.0,465.6,468.9,468.75,210263
2026-08-25,SUNCLAY,SUNDARAM CLAYTON LIMITED,1258.5,1280.0,1250.1,1268.3,1255.6,6136
2026-08-25,SUNDARMFIN,SUNDARAM FINANCE LTD,4505.1,4534.0,4478.0,4518.2,4505.1,20841
2026-08-25,SUNDARAM,SUNDARAM MULTI PAP LTD,1.23,1.26,1.23,1.24,1.25,235203
2026-08-25,SUNDRMFAST,SUNDRAM FASTENERS LTD,1222.0,1225.7,1201.45,1207.0,1219.25,180364
2026-08-25,SUNDROP,SUNDROP BRANDS LIMITED,645.05,665.5,645.05,658.95,644.05,25516
2026-08-25,SUNFLAG,SUNFLAG IRON AND STEEL CO,354.9,356.9,347.05,348.35,354.05,144595
2026-08-25,SUNLOC,SUNIL HEALTHCARE LTD.,72.49,72.49,70.0,70.0,72.49,102
2026-08-25,SUNRAKSHAK,SUNRAKSHAKK INDUS IND L,373.1,375.0,371.95,372.85,380.45,10427
2026-08-25,SUNSHIEL,SUNSHIELD CHEMICALS LTD.,1232.0,1232.0,1152.1,1178.6,1208.0,1488
2026-08-25,SUNSHINE,SUNSHINE PICTURES LIMITED,395.9,395.9,365.6,369.2,360.0,15611716
2026-08-25,SUNTECK,SUNTECK REALTY LIMITED,309.85,320.0,306.0,314.0,307.35,511625
2026-08-25,SUPTANERY,SUPER TANNERY LTD.,10.94,11.57,10.73,11.57,10.52,1042614
2026-08-25,SUPERHOUSE,SUPERHOUSE LIMITED,168.0,178.0,168.0,176.19,167.86,35790
2026-08-25,SIEL,SUPERIOR INDUSTRIAL ENT L,34.57,34.57,34.57,34.57,36.38,360
2026-08-25,SUPRAJIT,SUPRAJIT ENGINEERING LTD,511.3,511.3,496.85,503.25,507.75,53232
2026-08-25,SUPREME,SUPREME HOLDIN N HOSP I L,40.5,40.89,38.6,39.5,39.67,11120
2026-08-25,SUPREMEIND,SUPREME INDUSTRIES LTD,3588.1,3614.3,3563.3,3593.0,3601.0,226949
2026-08-25,SUPREMEINF,SUPREME INFRA. LTD.,86.4,90.5,85.15,85.86,86.36,23622
2026-08-25,SPLPETRO,SUPREME PETROCHEM LIMITED,691.15,702.5,688.05,700.25,691.4,25715
2026-08-25,SUPRIYA,SUPRIYA LIFESCIENCE LTD,797.15,815.0,790.0,791.65,797.15,116383
2026-08-25,SURAJEST,SURAJ ESTATE DEVELOPERS L,195.0,197.0,194.05,196.6,195.29,72870
2026-08-25,SURAJLTD,SURAJ LIMITED,210.0,210.0,205.03,208.06,209.51,147
2026-08-25,SURAKSHA,SURAKSHA DIAGNOSTIC LTD,323.1,324.2,313.1,317.85,323.1,73144
2026-08-25,SURANASOL,SURANA SOLAR LIMITED,25.9,26.09,25.54,25.98,25.54,19213
2026-08-25,SURANAT&P,SURANA TELECOM AND POW LT,16.25,16.4,16.1,16.24,16.23,21136
2026-08-25,SBGLP,SURATWWALA BUS GROUP LTD,24.16,24.74,23.97,24.35,24.15,25832
2026-08-25,SURYAROSNI,SURYA ROSHNI LTD,218.38,221.19,217.7,220.23,219.13,352647
2026-08-25,SURYALAXMI,SURYALAKSHMI COT MIL LTD,56.96,56.96,56.2,56.34,56.68,414
2026-08-25,SURYALA,SURYALATA SPINNING MILL L,381.0,384.0,371.05,383.15,381.65,333
2026-08-25,SURYODAY,SURYODAY SMALL FIN BK LTD,156.33,157.21,150.15,151.02,157.12,1556170
2026-08-25,SUVEN,SUVEN LIFE SCIENCES LTD,367.0,374.8,356.65,360.05,369.75,540439
2026-08-25,SUVIDHAA,SUVIDHAA INFOSERVE LTD,2.39,2.43,2.26,2.31,2.36,238921
2026-08-25,SUYOG,SUYOG TELEMATICS LIMITED,748.2,755.95,740.0,742.2,746.35,9564
2026-08-25,SUZLON,SUZLON ENERGY LIMITED,47.06,47.16,46.25,46.75,47.05,47183588
2026-08-25,SVPGLOB,SVP GLOBAL TEXTILES LTD,3.63,3.92,3.63,3.73,3.74,36542
2026-08-25,SWANCORP,SWAN CORP LIMITED,302.45,303.75,297.5,299.4,302.9,910671
2026-08-25,SWARAJENG,SWARAJ ENGINES LTD,3558.9,3563.2,3545.0,3551.7,3558.9,3365
2026-08-25,SWARAJ,SWARAJ SUITING LIMITED,373.5,378.0,371.25,377.1,372.55,218954
2026-08-25,SWARNSAR,SWARNSARITA JEWELS IND L,36.5,36.5,34.0,35.49,35.2,1173
2026-08-25,SWELECTES,SWELECT ENERGY SYS LTD,592.0,610.0,587.9,601.95,594.0,21753
2026-08-25,SWIGGY,SWIGGY LIMITED,282.8,291.0,282.0,287.4,284.25,20041501
2026-08-25,SWISSMLTRY,SWISS MILITARY CON GOOD L,17.42,18.3,17.05,17.53,17.49,195410
2026-08-25,SYMPHONY,SYMPHONY LIMITED,597.75,604.6,592.05,595.45,597.75,56866
2026-08-25,SYNCOMF,SYNCOM FORMU (I) LTD,17.35,18.15,16.85,17.56,17.18,11734374
2026-08-25,SGIL,SYNERGY GREEN IND. LTD,575.2,583.8,564.5,575.45,575.85,13932
2026-08-25,SYNGENE,SYNGENE INTERNATIONAL LTD,398.55,407.0,396.25,406.4,398.55,399141
2026-08-25,SYRMA,SYRMA SGS TECHNOLOGY LTD,1459.9,1467.6,1442.0,1458.1,1459.9,522653
2026-08-25,TGVSL,T G V SRAAC LTD.,106.0,107.73,104.74,106.1,106.06,95719
2026-08-25,TTL,T T LIMITED,6.3,6.7,6.29,6.49,6.3,1132724
2026-08-25,TAALTECH,TAAL TECH LTD.,4365.8,4525.0,4352.1,4501.3,4365.8,9985
2026-08-25,TAINWALCHM,TAINWALA CHEMICAL AND PLA,220.0,220.0,211.0,212.6,218.11,3701
2026-08-25,TAJGVK,TAJ GVK HOTELS & RESORTS,353.35,354.0,346.35,349.2,353.35,39904
2026-08-25,TAKE,TAKE LIMITED,19.05,19.29,18.81,18.81,19.79,136670
2026-08-25,TALBROAUTO,TALBROS AUTO. COMP. LTD,421.25,421.25,407.15,409.4,418.4,82064
2026-08-25,TMB,TAMILNAD MERCA BANK LTD,877.0,888.95,868.0,871.45,875.1,71824
2026-08-25,TNPL,TAMILNADU NEWSPRT & PAPER,141.99,142.85,140.21,141.1,142.09,148144
2026-08-25,TNPETRO,TAMILNADU PETROPRODUCTS L,116.07,116.93,113.13,114.21,116.34,232243
2026-08-25,TNTELE,TAMILNADU TELECOMMUNICATI,9.16,9.16,8.81,9.04,9.06,28857
2026-08-25,TANAA,TANEJA AEROSPACE & AVIA L,307.5,307.5,296.0,298.7,303.9,7812
2026-08-25,TANLA,TANLA PLATFORMS LIMITED,567.7,573.15,553.3,556.05,564.4,415425
2026-08-25,TARACHAND,TARA CHAND INFRA SOLN LTD,48.01,48.56,47.6,47.87,48.53,38349
2026-08-25,TARAPUR,TARAPUR TRANSFORMERS LTD,15.79,15.8,15.02,15.23,15.55,38119
2026-08-25,TARC,TARC LIMITED,122.53,123.85,120.25,120.76,122.53,685879
2026-08-25,TARMAT,TARMAT LIMITED,50.03,55.45,49.6,54.23,50.14,96996
2026-08-25,TARSONS,TARSONS PRODUCTS LIMITED,342.7,349.3,340.0,345.5,346.85,108605
2026-08-25,TASTYBITE,TASTY BITE EATABLES LTD,10100.0,10156.5,9926.0,10083.0,10109.0,2586
2026-08-25,TATACAP,TATA CAPITAL LIMITED,363.55,364.45,360.5,363.75,364.45,376228
2026-08-25,TATACHEM,TATA CHEMICALS LTD,632.0,632.5,624.0,626.35,626.95,277685
2026-08-25,TATACOMM,TATA COMMUNICATIONS LTD,1688.7,1710.9,1677.3,1699.9,1688.5,416394
2026-08-25,TCS,TATA CONSULTANCY SERV LT,2305.0,2313.5,2262.0,2296.2,2284.1,3041609
2026-08-25,TATACONSUM,TATA CONSUMER PRODUCT LTD,1061.7,1061.7,1051.1,1060.5,1062.5,717171
2026-08-25,TATAELXSI,TATA ELXSI LIMITED,3673.9,3701.3,3612.2,3665.9,3673.5,162141
2026-08-25,TATAINVEST,TATA INVESTMENT CORP LTD,645.95,648.0,641.5,644.35,645.95,117068
2026-08-25,TMCV,TATA MOTORS LIMITED,475.05,481.65,470.65,474.9,475.05,7064446
2026-08-25,TMPV,TATA MOTORS PASS VEH LTD,314.9,314.9,310.55,314.25,314.4,10984458
2026-08-25,TATAPOWER,TATA POWER CO LTD,373.0,374.2,368.55,370.6,373.5,9167396
2026-08-25,TATASTEEL,TATA STEEL LIMITED,186.3,187.27,183.5,186.94,186.3,24578020
2026-08-25,TATATECH,TATA TECHNOLOGIES LIMITED,798.0,804.85,784.65,798.5,797.5,1331830
2026-08-25,TTML,TATA TELESERV(MAHARASTRA),37.79,38.12,37.4,37.55,37.37,1392528
2026-08-25,NETF,TATAAML - NETF,269.2,269.2,261.7,263.71,262.64,1530
2026-08-25,NPBET,TATAAML - NPBET,285.09,288.99,281.0,281.72,285.09,824
2026-08-25,TNIDETF,TATAAML - TNIDETF,89.25,91.49,89.25,91.3,90.62,74716
2026-08-25,TATAGOLD,TATAAML-TATAGOLD,15.71,15.71,15.54,15.59,15.61,66482840
2026-08-25,TATSILV,TATAAML-TATSILV,23.5,23.5,23.05,23.22,23.5,43485312
2026-08-25,TATVA,TATVA CHIN PHARM CHEM LTD,1615.0,1627.9,1575.5,1581.0,1605.5,35121
2026-08-25,TBOTEK,TBO TEK LIMITED,1701.5,1737.9,1684.7,1725.1,1703.5,137626
2026-08-25,TCC,TCC CONCEPT LIMITED,241.4,256.45,235.55,242.25,240.05,171914
2026-08-25,TCIEXP,TCI EXPRESS LIMITED,547.0,559.0,530.0,531.95,545.85,19464
2026-08-25,TCPLPACK,TCPL PACKAGING LIMITED,3985.0,4023.5,3892.7,3917.2,3972.0,5709
2026-08-25,TDPOWERSYS,TD POWER SYSTEMS LTD.,780.2,782.5,719.0,729.4,780.1,1939751
2026-08-25,TEAMGTY,TEAM INDIA GUARANTY LTD,235.0,235.0,229.32,230.15,230.02,32
2026-08-25,TEAMLEASE,TEAMLEASE SERVICES LTD.,1243.0,1252.5,1227.8,1236.8,1247.4,12131
2026-08-25,TECHM,TECH MAHINDRA LIMITED,1588.1,1599.9,1562.0,1599.9,1584.0,1383429
2026-08-25,TECHNOE,TECHNO ELEC & ENG CO. LTD,994.0,999.95,987.5,994.3,998.05,57066
2026-08-25,TIIL,TECHNOCRAFT IND LTD,3478.0,3565.3,3402.4,3454.9,3441.3,88898
2026-08-25,TECHNOCRAF,TECHNOCRAFT VENTURES LTD,343.9,348.06,336.41,341.42,341.77,956929
2026-08-25,TECHNVISN,TECHNVISION VENTURES LTD.,4989.9,4990.0,4672.9,4885.0,4907.1,240
2026-08-25,TECILCHEM,TECIL CHEMICALS,9.15,9.15,8.7,8.7,8.77,6227
2026-08-25,TEGA,TEGA INDUSTRIES LIMITED,1715.0,1715.0,1669.0,1674.6,1704.3,107566
2026-08-25,TEJASNET,TEJAS NETWORKS LIMITED,508.05,513.6,499.7,504.35,509.3,760931
2026-08-25,TEMBO,TEMBO GLOBAL IND LTD,57.5,58.0,55.0,56.3,57.7,1528447
2026-08-25,TENNIND,TENNECO CLEAN AIR INDIA L,556.5,556.5,543.25,546.15,553.5,784738
2026-08-25,TERASOFT,TERA SOFTWARE LIMITED,310.45,321.05,298.0,301.5,310.45,32330
2026-08-25,TERAI,TERAI TEA CO. LTD.,106.35,128.0,106.35,123.28,128.3,708
2026-08-25,TEXINFRA,TEXMACO INFRA & HOLDG LTD,111.15,113.28,108.41,110.24,111.27,71987
2026-08-25,TEXRAIL,TEXMACO RAIL & ENG. LTD.,104.0,110.88,103.75,108.06,104.05,4359213
2026-08-25,TEXMOPIPES,TEXMO PIPE & PRODUCTS LTD,47.9,48.0,46.1,46.68,47.11,75278
2026-08-25,TGBHOTELS,TGB BANQUETS&HOTELS LTD,9.66,9.9,9.4,9.46,9.66,13345
2026-08-25,THAKDEV,THAKKERS DEVELOPERS LTD.,149.97,149.97,142.02,143.45,149.98,22
2026-08-25,THANGAMAYL,THANGAMAYIL JEWELLERY LTD,5509.5,5565.0,5380.0,5397.0,5493.5,77429
2026-08-25,ANUP,THE ANUP ENGINEERING LTD,1794.1,1810.0,1769.1,1772.4,1789.6,17269
2026-08-25,GESHIP,THE GE SHPG.LTD,1349.0,1380.0,1338.0,1342.6,1333.0,2444622
2026-08-25,GROBTEA,THE GROB TEA COMPANY LTD,959.5,968.0,936.9,967.15,954.45,250
2026-08-25,INDIACEM,THE INDIA CEMENTS LIMITED,366.65,369.95,362.3,364.3,367.75,82943
2026-08-25,INDHOTEL,THE INDIAN HOTELS CO. LTD,735.0,735.0,724.55,730.0,728.9,998494
2026-08-25,THEINVEST,THE INVEST TRUST OF IND L,96.7,96.71,94.51,95.3,96.68,6601
2026-08-25,NIACL,THE NEW INDIA ASSU CO LTD,184.25,191.16,183.15,187.29,184.08,2389793
2026-08-25,PKTEA,THE P K TEA PROD CO LTD,749.2,778.0,746.4,762.95,770.35,486
2026-08-25,PHOENIXLTD,THE PHOENIX MILLS LTD,1915.9,1959.6,1915.0,1930.0,1932.0,271419
2026-08-25,RAMCOCEM,THE RAMCO CEMENTS LIMITED,915.0,939.05,902.0,909.15,903.9,629363
2026-08-25,SOUTHBANK,THE SOUTH INDIAN BANK LTD,45.29,46.24,45.14,45.35,45.16,6449392
2026-08-25,STCINDIA,THE STATE TRADING CORPN,123.49,123.5,120.5,121.6,121.89,23114
2026-08-25,UGARSUGAR,THE UGAR SUGAR WORKS LTD,57.8,59.5,54.14,55.66,58.01,1072045
2026-08-25,WIPL,THE WESTERN INDIA PLY LTD,170.0,170.0,166.11,169.84,164.99,946
2026-08-25,THEJO,THEJO ENGINEERING LIMITED,2038.7,2075.0,1995.0,2054.6,2032.2,6670
2026-08-25,THEMISMED,THEMIS MEDICARE LTD.,118.9,123.47,117.15,119.24,120.81,528416
2026-08-25,THERMAX,THERMAX LTD,3984.2,4012.8,3941.0,3999.8,3984.2,75061
2026-08-25,TIRUMALCHM,THIRUMALAI CHEMICALS LTD,161.0,164.9,155.61,157.33,161.37,478488
2026-08-25,THOMASCOOK,THOMAS COOK (INDIA) LTD,113.6,114.18,109.1,110.42,113.43,1437644
2026-08-25,THOMASCOTT,THOMAS SCOTT (INDIA) LTD,284.0,284.4,277.1,279.1,283.6,18487
2026-08-25,THYROCARE,THYROCARE TECH LTD,586.0,599.0,583.0,596.05,584.0,276112
2026-08-25,TIGERLOGS,TIGER LOGISTICS (INDIA) L,29.99,30.8,29.0,30.5,29.5,132987
2026-08-25,TIJARIA,TIJARIA POLYPIPES LTD,6.01,6.1,5.3,5.51,5.87,131279
2026-08-25,TI,TILAKNAGAR INDUSTRIES LTD,578.95,594.55,573.0,574.7,578.6,1166319
2026-08-25,TIMETECHNO,TIME TECHNOPLAST LTD.,186.0,186.0,183.4,184.84,185.05,3205223
2026-08-25,TIMEX,TIMEX GROUP INDIA LTD.,590.0,624.4,587.4,617.65,595.25,389938
2026-08-25,TIMKEN,TIMKEN INDIA LTD.,3070.1,3148.0,3070.1,3131.6,3080.7,41940
2026-08-25,TINNARUBR,TINNA RUBBER AND INFR LTD,1038.1,1038.1,1015.2,1022.7,1027.6,18496
2026-08-25,TIPSFILMS,TIPS FILMS LIMITED,353.05,357.95,342.3,345.5,346.2,5957
2026-08-25,TIPSMUSIC,TIPS MUSIC LIMITED,644.0,650.0,640.55,646.1,643.75,149796
2026-08-25,TITAGARH,TITAGARH RAIL SYSTEMS LTD,847.0,853.75,827.5,832.2,841.45,239337
2026-08-25,TITAN,TITAN COMPANY LIMITED,5059.1,5124.8,5052.7,5124.8,5079.0,347515
2026-08-25,TOKYOPLAST,TOKYO PLAST INTL LTD,79.9,79.9,76.1,76.56,78.1,351
2026-08-25,TOLINS,TOLINS TYRES LIMITED,96.57,97.78,96.15,96.78,96.55,31468
2026-08-25,TORNTPHARM,TORRENT PHARMACEUTICALS L,4895.0,4932.0,4855.5,4932.0,4886.5,214851
2026-08-25,TORNTPOWER,TORRENT POWER LTD,1242.0,1249.3,1234.0,1243.9,1246.3,261114
2026-08-25,TOTAL,TOTAL TRANSPORT SYS LTD,73.9,75.15,72.11,72.74,72.94,34047
2026-08-25,TOUCHWOOD,TOUCHWOOD ENTERTAIN LTD.,63.5,63.5,61.5,61.75,63.0,2909
2026-08-25,TFCILTD,TOURISM FINANCE CORP. OF,130.0,137.94,129.22,137.02,129.56,20385722
2026-08-25,TOYAMSL,TOYAM SPORTS LTD.,0.64,0.66,0.61,0.64,0.64,525859
2026-08-25,TPLPLASTEH,TPL PLASTECH LIMITED,80.27,80.98,77.76,78.72,79.68,123709
2026-08-25,TRACXN,TRACXN TECHNOLOGIES LTD,30.1,30.32,29.6,30.01,29.57,297487
2026-08-25,TARIL,TRANS & RECTI. LTD,303.95,309.4,300.2,307.85,302.1,1808802
2026-08-25,TRANSCOR,TRANSCORP INTERNATIONAL L,23.99,24.47,23.7,23.74,23.4,622
2026-08-25,TREL,TRANSINDIA REAL ESTATE L,27.02,27.2,26.4,26.55,27.02,41165
2026-08-25,TCI,TRANSPORT CORPN OF INDIA,900.8,913.0,889.6,893.75,900.8,15809
2026-08-25,TRANSRAILL,TRANSRAIL LIGHTING LTD,476.0,476.35,464.85,467.85,472.35,185365
2026-08-25,TFL,TRANSWARRANTY FIN. LTD.,12.4,12.4,11.5,11.75,11.99,9332
2026-08-25,TRAVELFOOD,TRAVEL FOOD SERVICES LTD,1306.8,1318.8,1286.9,1296.3,1306.8,25496
2026-08-25,TREEHOUSE,TREE HOUSE EDU LTD,6.24,6.35,5.95,6.08,6.24,18457
2026-08-25,TREJHARA,TREJHARA SOLUTIONS LTD,159.0,160.0,154.25,155.84,156.21,16940
2026-08-25,TRENT,TRENT LTD,2910.0,2938.9,2893.8,2930.0,2905.0,620202
2026-08-25,TRF,TRF LIMITED,233.75,233.75,228.7,231.7,229.99,7664
2026-08-25,TBZ,TRIB BHIMJI ZAVERI LTD,285.0,285.4,269.8,280.35,286.2,1016012
2026-08-25,TRIDENT,TRIDENT LIMITED,24.43,24.55,24.31,24.42,24.43,2093686
2026-08-25,TRIGYN,TRIGYN TECHNOLOGIES LTD,52.71,56.79,52.0,56.05,52.71,43033
2026-08-25,TRITONV,TRITON VALVES LTD.,1153.8,1166.5,1122.5,1138.9,1147.1,1819
2026-08-25,TRIVENI,TRIVENI ENGG. & INDS. LTD,297.0,299.33,285.5,292.88,297.18,940142
2026-08-25,TRITURBINE,TRIVENI TURBINE LIMITED,579.8,580.7,566.5,572.65,576.8,370664
2026-08-25,TRUALT,TRUALT BIOENERGY LIMITED,444.0,448.45,433.1,435.55,441.85,218221
2026-08-25,TRU,TRUCAP FINANCE LIMITED,4.2,4.36,4.02,4.11,4.14,162856
2026-08-25,TSFINV,TSF INVESTMENTS LIMITED,415.4,415.4,408.1,411.1,413.0,51859
2026-08-25,TTKHLTCARE,TTK HEALTHCARE LIMITED,1094.5,1111.9,1083.0,1093.4,1112.6,10112
2026-08-25,TTKPRESTIG,TTK PRESTIGE LTD,587.9,597.95,583.55,595.55,587.9,61858
2026-08-25,TIINDIA,TUBE INVEST OF INDIA LTD,2866.6,2893.9,2845.2,2888.0,2880.0,157485
2026-08-25,TURTLEMINT,TURTLEMINT FINTECH SOLS L,147.97,147.97,142.61,145.93,147.89,700443
2026-08-25,TUTIALKA,TUTICORIN ALKAL CH & FE L,53.01,54.99,52.99,54.58,53.02,12345
2026-08-25,TVTODAY,TV TODAY NETWORK LTD,113.45,117.14,111.02,112.31,113.47,30424
2026-08-25,TVSELECT,TVS ELECTRONICS LTD,441.9,442.25,434.9,440.0,439.1,18661
2026-08-25,TVSHLTD,TVS HOLDINGS LIMITED,13707.0,13709.0,13505.0,13567.0,13707.0,3397
2026-08-25,TVSMOTOR,TVS MOTOR COMPANY  LTD,4365.5,4420.0,4344.7,4420.0,4363.5,527228
2026-08-25,TVSSRICHAK,TVS SRICHAKRA LIMITED,4907.9,4907.9,4668.1,4812.0,4907.9,19124
2026-08-25,TVSSCS,TVS SUPPLY CHAIN SOL L,133.44,138.99,131.53,135.14,132.99,10446289
2026-08-25,UPHOT,U P HOTELS LTD.,1331.0,1331.0,1331.0,1331.0,1396.0,5
2026-08-25,UCOBANK,UCO BANK,26.11,26.42,25.9,26.05,25.89,5578151
2026-08-25,UDAYJEW,UDAY JEWELLERY INDS. LTD.,142.0,142.0,135.8,139.43,140.81,487
2026-08-25,USK,UDAYSHIVAKUMAR INFRA LTD,21.2,21.65,21.11,21.33,21.11,4042
2026-08-25,UFLEX,UFLEX LIMITED,619.0,621.6,603.55,606.35,619.2,94954
2026-08-25,UFO,UFO MOVIEZ INDIA LTD.,65.6,67.75,65.12,65.49,65.69,133841
2026-08-25,UGROCAP,UGRO CAPITAL LIMITED,88.2,89.39,87.3,88.08,88.23,102820
2026-08-25,UEL,UJAAS ENERGY LIMITED,163.57,163.57,163.57,163.57,172.17,14049
2026-08-25,UJJIVANSFB,UJJIVAN SMALL FINANC BANK,70.1,70.98,69.06,69.46,70.29,10201371
2026-08-25,ULTRAMAR,ULTRAMARINE & PIGMENTS L,416.2,419.6,405.5,410.25,413.0,43269
2026-08-25,ULTRACEMCO,ULTRATECH CEMENT LIMITED,11505.0,11554.0,11445.0,11540.0,11504.0,225470
2026-08-25,UMIYA-MRO,UMIYA BUILDCON LIMITED,89.08,89.99,88.71,88.86,89.08,5412
2026-08-25,UNICHEMLAB,UNICHEM LABORATORIES LTD,510.05,555.95,504.05,526.05,509.8,819498
2026-08-25,UNIECOM,UNICOMMERCE ESOLUTIONS L,85.93,86.71,84.9,85.19,86.03,185990
2026-08-25,UNIINFO,UNIINFO TELECOM SERVI LTD,11.25,11.68,11.25,11.29,11.31,1363
2026-08-25,UNIMECH,UNIMECH AEROSPACE N MFG L,1509.8,1509.8,1435.0,1473.5,1499.4,168909
2026-08-25,UNIONBANK,UNION BANK OF INDIA,182.35,187.33,181.4,186.98,183.6,11180970
2026-08-25,UNIONGOLD,UNIONAMC - UNIONGOLD,157.75,157.75,156.05,156.7,157.75,2663
2026-08-25,UNIPARTS,UNIPARTS INDIA LIMITED,808.0,844.9,800.05,825.6,808.2,232651
2026-08-25,UNIENTER,UNIPHOS ENTERPRISES LTD,96.89,96.89,94.1,95.61,94.99,2746
2026-08-25,UNITECH,UNITECH LTD,3.93,4.2,3.92,4.01,3.94,7056842
2026-08-25,UBL,UNITED BREWERIES LTD,1342.4,1362.2,1328.0,1348.6,1346.7,102467
2026-08-25,UNITEDTEA,UNITED NILGIRI TEA LTD,459.0,462.4,452.7,452.9,450.5,394
2026-08-25,UNITEDPOLY,UNITED POLYFAB GUJ. LTD.,38.99,39.4,37.28,38.06,38.39,201045
2026-08-25,UNITDSPR,UNITED SPIRITS LIMITED,1550.0,1556.2,1542.2,1550.0,1555.0,223019
2026-08-25,UNIVCABLES,UNIVERSAL CABLES LTD,1633.0,1634.0,1549.5,1589.9,1631.7,109117
2026-08-25,UNOMINDA,UNO MINDA LIMITED,1243.0,1256.5,1240.5,1253.4,1251.3,464892
2026-08-25,UDS,UPDATER SERVICES LIMITED,222.92,223.01,219.22,222.0,221.1,365039
2026-08-25,UPL,UPL LIMITED,574.95,585.0,570.55,585.0,571.9,3864498
2026-08-25,URBANCO,URBAN COMPANY LIMITED,169.0,171.55,167.1,169.28,168.84,15463355
2026-08-25,URJA,URJA GLOBAL LIMITED,9.24,9.38,9.16,9.28,9.24,623733
2026-08-25,UMESLTD,USHA MARTIN EDU & SOL LTD,6.19,6.19,5.45,5.63,5.85,129301
2026-08-25,USHAMART,USHA MARTIN LTD.,492.45,492.45,485.65,487.25,490.6,175757
2026-08-25,UTIAMC,UTI ASSET MNGMT CO LTD,885.0,893.8,884.0,889.95,886.45,40053
2026-08-25,LIQUIDBETA,UTIAMC - LIQUIDBETA,1005.71,1005.71,1005.71,1005.71,1005.42,501
2026-08-25,BANKBETA,UTIAMC-BANKBETA,59.08,59.72,59.08,59.44,59.27,225583
2026-08-25,GILT10BETA,UTIAMC-GILT10BETA,26.35,26.87,26.35,26.57,26.5,487
2026-08-25,GILT5BETA,UTIAMC-GILT5BETA,66.5,66.5,65.75,65.75,66.5,1188
2026-08-25,ITBETA,UTIAMC-ITBETA,322.17,322.56,319.81,322.4,320.74,152
2026-08-25,MIDCAPBETA,UTIAMC-MIDCAPBETA,237.48,237.52,236.01,236.98,236.3,1124
2026-08-25,NEXT50BETA,UTIAMC-NEXT50BETA,80.2,80.25,79.06,80.2,79.86,83801
2026-08-25,NIFTYBETA,UTIAMC-NIFTYBETA,268.67,270.56,267.69,269.9,268.67,260287
2026-08-25,SENSEXBETA,UTIAMC-SENSEXBETA,861.9,864.63,855.0,856.6,857.86,547
2026-08-25,SILVERBETA,UTIAMC-SILVERBETA,233.1,233.16,230.22,231.08,234.1,608146
2026-08-25,SNXT50BETA,UTIAMC-SNXT50BETA,96.48,96.48,94.64,96.22,95.59,794
2026-08-25,GOLDBETA,UTIAMC-UTIGOLDBETA,132.15,135.9,132.15,135.35,135.5,1231168
2026-08-25,UTKARSHBNK,UTKARSH SMALL FIN BANK L,14.42,14.99,14.37,14.72,14.69,9328992
2026-08-25,UTTAMSUGAR,UTTAM SUGAR MILLS LTD.,325.99,337.94,317.21,323.13,334.05,439234
2026-08-25,VTMLTD,V T M LTD.,50.68,53.49,50.0,53.07,49.33,67986
2026-08-25,VGUARD,V-GUARD IND LTD.,331.5,334.05,329.6,332.7,331.55,327170
2026-08-25,V2RETAIL,V2 RETAIL LIMITED,218.79,225.0,216.11,223.25,218.22,1774534
2026-08-25,WABAG,VA TECH WABAG LTD,2039.0,2054.0,1992.6,2021.5,2001.1,564405
2026-08-25,VADILENT,VADILAL ENTERPRISES LTD.,9700.0,9750.0,9700.0,9750.0,9700.0,2
2026-08-25,VADILALIND,VADILAL INDUSTRIES LTD,7425.5,7476.0,7400.0,7437.5,7425.5,6476
2026-08-25,VAIBHAVGBL,VAIBHAV GLOBAL LIMITED,219.1,222.4,219.0,221.3,219.5,166563
2026-08-25,VAISHALI,VAISHALI PHARMA LIMITED,8.12,8.24,7.8,7.97,8.12,93607
2026-08-25,VAKRANGEE,VAKRANGEE LIMITED,6.0,6.03,5.8,5.92,5.91,1068838
2026-08-25,VALIANTLAB,VALIANT LABORATORIES LTD,105.5,105.54,98.5,105.48,100.52,899019
2026-08-25,DBREALTY,VALOR ESTATE LIMITED,106.46,108.0,105.57,107.28,105.68,584365
2026-08-25,VHL,VARDHMAN HOLDINGS LIMITED,3375.0,3460.0,3371.0,3446.1,3414.2,240
2026-08-25,VARDMNPOLY,VARDHMAN POLYTEX LTD.,6.01,6.09,5.97,6.0,6.0,113014
2026-08-25,VSSL,VARDHMAN SPC STEEL LTD,351.45,353.0,341.3,344.55,351.45,96812
2026-08-25,VTL,VARDHMAN TEXTILES LIMITED,599.6,608.85,598.15,601.35,599.55,176383
2026-08-25,VARROC,VARROC ENGINEERING LTD.,812.4,818.6,797.55,810.3,812.4,122101
2026-08-25,VBL,VARUN BEVERAGES LIMITED,425.0,438.0,423.85,438.0,428.0,9481343
2026-08-25,VGL,VARVEE GLOBAL LIMITED,54.42,63.0,54.42,58.98,54.59,114090
2026-08-25,VASCONEQ,VASCON ENGINEERS LTD,31.3,31.59,30.75,31.0,31.25,206395
2026-08-25,VASWANI,VASWANI IND LTD,46.39,47.01,45.51,46.19,45.89,13836
2026-08-25,MANYAVAR,VEDANT FASHIONS LIMITED,530.0,541.25,523.0,536.5,533.95,3852349
2026-08-25,VAML,VEDANTA ALUMINIUM METAL L,449.35,455.7,446.5,447.85,449.35,7996323
2026-08-25,VISL,VEDANTA IRON AND STEEL L,37.25,38.29,36.5,36.94,37.07,21169731
2026-08-25,VEDL,VEDANTA LIMITED,276.0,276.8,273.0,275.0,277.0,7970246
2026-08-25,VOGL,VEDANTA OIL AND GAS LTD,39.55,40.68,38.76,38.95,39.69,36407728
2026-08-25,VEDPOWER,VEDANTA POWER LIMITED,36.35,37.07,36.07,36.93,36.3,12513028
2026-08-25,VEDAVAAG,VEDAVAAG SYSTEMS LTD.,18.5,18.8,18.1,18.25,18.47,28224
2026-08-25,VEEDOL,VEEDOL CORPORATION LTD,1487.0,1489.2,1464.1,1469.5,1476.7,6102
2026-08-25,VENKEYS,VENKY S (INDIA) LIMITED,1576.4,1608.6,1567.1,1577.4,1568.5,88393
2026-08-25,VENTIVE,VENTIVE HOSPITALITY LTD,585.7,610.0,574.75,594.05,585.7,60788
2026-08-25,VENUSPIPES,VENUS PIPES & TUBES LTD,1567.3,1590.3,1543.1,1550.0,1550.3,133383
2026-08-25,VERANDA,VERANDA LEARNING SOL LTD,250.15,252.75,245.85,248.0,250.15,195120
2026-08-25,VESUVIUS,VESUVIUS INDIA LTD,434.3,436.45,427.35,428.65,432.65,90887
2026-08-25,VSTL,VIBHOR STEEL TUBES LTD,112.53,113.75,111.25,111.5,111.53,8832
2026-08-25,VGCL,VIBRANT GLOBAL CAPITAL L,58.9,58.9,54.13,54.36,56.97,19780
2026-08-25,VIDHIING,VIDHI SPCLTY F INGRDNTS L,350.0,355.0,328.1,346.85,345.5,69905
2026-08-25,VIDYAWIRES,VIDYA WIRES LIMITED,86.5,87.45,84.7,85.0,86.5,572363
2026-08-25,VIJSOLX,VIJAY SOLVEX LTD.,685.7,700.0,685.05,686.2,704.95,143
2026-08-25,VIJAYA,VIJAYA DIAGNOSTIC CEN LTD,1483.0,1499.8,1448.2,1483.4,1482.4,189129
2026-08-25,VIKASECO,VIKAS ECOTECH LIMITED,1.07,1.07,1.04,1.06,1.06,3423052
2026-08-25,VIKASLIFE,VIKAS LIFECARE LIMITED,1.22,1.26,1.19,1.24,1.21,4478463
2026-08-25,VIKRAMSOLR,VIKRAM SOLAR LIMITED,172.5,172.73,169.31,169.99,172.02,1602097
2026-08-25,VIKRAN,VIKRAN ENGINEERING LTD,61.81,61.9,59.67,59.98,61.32,2021169
2026-08-25,VIMTALABS,VIMTA LABS LIMITED,618.0,629.25,610.95,626.35,615.85,88396
2026-08-25,VINATIORGA,VINATI ORGANICS LTD,1329.0,1338.0,1324.0,1333.2,1329.6,22644
2026-08-25,VINDHYATEL,VINDHYA TELELINKS LTD,2424.9,2424.9,2325.6,2381.6,2388.4,53943
2026-08-25,VINEETLAB,VINEET LABORATORIES LTD,38.39,39.0,36.86,38.7,37.37,120648
2026-08-25,VINNY,VINNY OVERSEAS LIMITED,1.07,1.07,1.06,1.06,1.07,125134
2026-08-25,VINCOFE,VINTAGE COFFEE N BVRGS L,162.0,164.85,158.61,160.9,158.98,1638606
2026-08-25,VINYLINDIA,VINYL CHEMICALS (I) LTD.,241.0,241.0,235.21,237.14,238.82,5965
2026-08-25,VIPCLOTHNG,VIP CLOTHING LIMITED,20.5,20.84,20.2,20.57,20.77,27535
2026-08-25,VIPIND,VIP INDUSTRIES LTD,302.05,305.85,298.0,299.7,302.05,597251
2026-08-25,VIRAT,VIRAT INDUSTRIES LTD.,489.4,494.4,433.8,448.8,482.0,44537
2026-08-25,VIRINCHI,VIRINCHI LIMITED,14.83,15.7,14.83,15.53,15.14,48453
2026-08-25,VIRTUALG,VIRTUAL GLOBAL EDU LTD,0.57,0.57,0.52,0.52,0.55,527513
2026-08-25,VOEPL,VIRTUOSO OPTOELECTRONIC L,496.95,501.0,492.0,498.75,498.2,22135
2026-08-25,VISACHROME,VISA CHROME LIMITED,37.9,38.0,37.02,37.93,36.81,15159
2026-08-25,VIVIDHA,VISAGAR POLYTEX LTD,0.53,0.54,0.5,0.52,0.53,420880
2026-08-25,VISAKAIND,VISAKA INDUSTRIES LIMITED,93.47,93.68,90.21,91.33,92.51,195653
2026-08-25,VISHAL,VISHAL FABRICS LTD.,18.4,19.36,18.4,18.9,18.79,39894
2026-08-25,VMM,VISHAL MEGA MART LIMITED,113.9,114.35,111.0,112.5,113.5,22412088
2026-08-25,VISHNU,VISHNU CHEMICALS LIMITED,638.65,646.85,631.25,642.9,637.7,76828
2026-08-25,VPRPL,VISHNU PRAKASH R PUNGLI L,33.56,33.9,33.18,33.71,33.56,178673
2026-08-25,VISHWARAJ,VISHWARAJ SUGAR IND LTD,6.88,7.09,6.08,6.29,6.79,2330979
2026-08-25,VIVOBIOT,VIVO BIO TECH LTD.,19.1,19.1,18.25,18.85,18.87,16494
2026-08-25,VIYASH,VIYASH SCIENTIFIC LIMITED,271.0,280.0,270.45,278.35,273.2,5438842
2026-08-25,VLSFINANCE,VLS FINANCE LTD,246.0,249.85,244.1,244.95,248.2,6357
2026-08-25,VMART,VMART RETAIL LTD,856.55,865.0,840.1,862.15,856.55,95469
2026-08-25,VMSTMT,VMS TMT LIMITED,46.95,47.44,46.12,46.99,47.19,86219
2026-08-25,IDEA,VODAFONE IDEA LIMITED,14.09,15.31,14.08,15.19,14.07,1534470198
2026-08-25,VOITHPAPR,VOITH PAPER FABRICS IND L,1500.0,1500.0,1450.0,1454.1,1500.0,507
2026-08-25,VOLTAMP,VOLTAMP TRANSFORMERS LTD,11382.5,11400.0,10670.0,10974.0,11292.0,59803
2026-08-25,VOLTAS,VOLTAS LTD,1237.1,1244.9,1228.1,1243.0,1242.0,318747
2026-08-25,VRAJ,VRAJ IRON AND STEEL LTD,119.5,121.97,119.49,121.32,121.47,7812
2026-08-25,VRLLOG,VRL LOGISTICS LIMITED,286.65,296.5,286.0,289.95,288.45,80471
2026-08-25,VSTIND,VST INDUSTRIES LTD,212.17,212.17,209.42,209.86,210.65,133635
2026-08-25,VSTTILLERS,VST TILLERS TRACTORS LTD,4415.4,4478.0,4355.1,4450.0,4373.1,7985
2026-08-25,WHBRADY,W H BRADY & CO. LTD.,550.0,550.0,502.0,529.95,533.6,115
2026-08-25,WPIL,W P I L LTD.,457.0,464.55,439.05,442.9,459.0,49433
2026-08-25,WSI,W.S.INDUSTRIES (I) LTD.,62.21,62.21,60.21,60.82,61.85,45664
2026-08-25,WAAREEENER,WAAREE ENERGIES LIMITED,2670.0,2687.7,2644.0,2655.0,2674.8,423255
2026-08-25,WAAREERTL,WAAREE RENEWABLE TECH LTD,876.7,877.0,864.0,871.25,872.35,92599
2026-08-25,WAKEFIT,WAKEFIT INNOVATIONS LTD,137.98,146.47,137.81,145.14,137.81,1484599
2026-08-25,WALCHANNAG,WALCHANDNAGAR INDUSTRIES,223.4,223.4,219.0,220.02,222.25,297867
2026-08-25,WANBURY,WANBURY LIMITED,265.9,270.0,261.1,264.35,267.25,102715
2026-08-25,WARDINMOBI,WARDWIZARD INNO & MOB L,6.22,6.22,5.8,5.97,6.12,373608
2026-08-25,WATERBASE,WATERBASE LTD.,50.99,51.8,48.0,49.37,50.41,23337
2026-08-25,CORDELIA,WATERWAYS LEISURE TOUR L,102.0,107.5,100.95,104.45,1043.6,4673297
2026-08-25,WEWIN,WE WIN LIMITED,45.52,47.0,45.5,46.9,45.52,262
2026-08-25,TWCGOLDETF,WEALTH - TWCGOLDETF,160.18,160.18,159.2,159.72,160.18,43020
2026-08-25,WEALTH,WEALTH FRST PORT. MG. LTD,849.85,875.0,849.05,861.0,849.85,1634
2026-08-25,WEBELSOLAR,WEBSOL ENERGY SYSTEM LTD,81.75,82.0,79.32,79.69,80.87,1799940
2026-08-25,WEIZMANIND,WEIZMANN LTD,75.8,77.67,75.42,75.55,75.8,777
2026-08-25,WELCORP,WELSPUN CORP LIMITED,2394.1,2433.9,2301.0,2345.5,2409.2,2480694
2026-08-25,WELENT,WELSPUN ENTERPRISES LTD.,653.9,669.7,642.95,661.0,647.9,963358
2026-08-25,WELSPUNLIV,WELSPUN LIVING LIMITED,191.0,193.67,188.33,190.3,190.43,2352698
2026-08-25,WELSPLSOL,WELSPUN SPECIALTY SOL L,51.59,52.4,50.4,50.8,51.59,458317
2026-08-25,WENDT,WENDT (INDIA) LIMITED,8301.0,8343.0,8150.0,8189.0,8286.0,6404
2026-08-25,WSTCSTPAPR,WEST COAST PAPER MILLS LT,611.0,618.65,604.45,606.15,613.45,111653
2026-08-25,WCIL,WESTERN CARRIERS (IND) L,87.49,88.09,86.35,87.19,86.3,33762
2026-08-25,WESTLIFE,WESTLIFE FOODWORLD LTD,583.35,585.85,574.65,576.5,584.6,31914
2026-08-25,WEWORK,WEWORK INDIA MANAGEMENT L,668.6,682.75,665.05,674.9,672.1,349564
2026-08-25,WHEELS,WHEELS INDIA LTD,1565.0,1579.6,1489.1,1499.3,1561.4,137354
2026-08-25,WHIRLPOOL,WHIRLPOOL OF INDIA LTD,769.05,772.0,761.65,767.3,769.05,90829
2026-08-25,WILLAMAGOR,WILLIAMSON MAGOR,25.75,25.75,24.03,24.47,24.87,5669
2026-08-25,WINDLAS,WINDLAS BIOTECH LIMITED,996.0,1018.95,984.05,990.95,991.75,82125
2026-08-25,WINDMACHIN,WINDSOR MACHINES LIMITED,319.05,319.05,311.0,314.25,317.15,44420
2026-08-25,WIPRO,WIPRO LTD,181.29,181.29,178.39,180.09,181.31,8352475
2026-08-25,WOCKPHARMA,WOCKHARDT LIMITED,1895.1,1914.2,1869.6,1899.6,1901.0,241579
2026-08-25,WEL,WONDER ELECTRICALS LTD,135.9,137.56,131.68,134.02,135.94,879718
2026-08-25,WONDERLA,WONDERLA HOLIDAYS LTD.,517.7,520.45,512.0,513.75,511.95,122345
2026-08-25,WORTHPERI,WORTH PERIPHERALS LIMITED,154.45,157.98,150.25,152.23,155.32,15465
2026-08-25,XCHANGING,XCHANGING SOLUTIONS LTD,61.12,61.68,60.7,60.87,61.12,52065
2026-08-25,XELPMOC,XELPMOC DESIGN & TECH LTD,83.99,84.7,81.0,82.13,83.16,16951
2026-08-25,XPROINDIA,XPRO INDIA LIMITED,1172.9,1196.7,1160.0,1186.5,1172.5,73634
2026-08-25,XTGLOBAL,XTGLOBAL INFOTECH LIMITED,28.7,29.49,28.41,29.22,28.33,38909
2026-08-25,XTRANET,XTRANET TECHNOLOGIES LTD,171.1,171.2,162.43,163.09,167.69,385611
2026-08-25,YASHO,YASHO INDUSTRIES LIMITED,4280.2,4338.6,4154.8,4201.7,4308.5,41030
2026-08-25,YATHARTH,YATHARTH HOSP & TRA C S L,917.0,938.8,911.25,923.05,907.55,900090
2026-08-25,YATRA,YATRA ONLINE LIMITED,115.0,115.07,113.25,113.92,115.31,478339
2026-08-25,YESBANK,YES BANK LIMITED,22.6,22.67,22.42,22.5,22.6,64264051
2026-08-25,YOGI,YOGI LTD.,164.9,164.9,156.0,163.9,160.0,1055
2026-08-25,YUKEN,YUKEN INDIA LIMITED,941.95,960.0,941.95,943.45,933.1,6555
2026-08-25,ZFSTEERING,Z F STEERING GEAR (I) LTD,680.0,680.0,667.0,672.35,672.8,1757
2026-08-25,ZAGGLE,ZAGGLE PREPA OCEAN SER L,190.5,194.3,187.7,189.37,191.32,1816708
2026-08-25,ZEEL,ZEE ENTERTAINMENT ENT LTD,105.0,107.4,104.31,104.82,104.57,18052110
2026-08-25,ZEEMEDIA,ZEE MEDIA CORPORATION LTD,9.25,9.44,9.07,9.12,9.32,1576098
2026-08-25,ZENTEC,ZEN TECHNOLOGIES LIMITED,1894.0,1906.6,1858.0,1877.7,1903.3,278812
2026-08-25,ZENITHEXPO,ZENITH EXPORTS LTD,197.0,208.95,192.0,206.46,199.0,777
2026-08-25,ZENITHSTL,ZENITH STEEL PIP IND LTD,5.64,5.64,5.38,5.39,5.47,54736
2026-08-25,ZENSARTECH,ZENSAR TECHNOLOGIES  LTD,478.75,484.35,468.55,472.1,476.9,485670
2026-08-25,GOLDCASE,ZERODHAAMC - GOLDCASE,25.56,25.56,25.2,25.3,25.33,11155936
2026-08-25,LIQUIDCASE,ZERODHAAMC - LIQUIDCASE,115.63,115.65,115.63,115.63,115.6,16916174
2026-08-25,LTGILTCASE,ZERODHAAMC - LTGILTCASE,30.65,30.65,30.48,30.58,30.54,268483
2026-08-25,MID150CASE,ZERODHAAMC - MID150CASE,11.5,12.08,11.5,11.84,11.79,1677933
2026-08-25,NIFTYCASE,ZERODHAAMC - NIFTYCASE,9.95,9.95,9.69,9.77,9.71,680671
2026-08-25,SILVERCASE,ZERODHAAMC - SILVERCASE,25.2,25.2,24.21,24.32,24.59,10505243
2026-08-25,SML100CASE,ZERODHAAMC - SML100CASE,11.36,11.39,11.27,11.34,11.32,950223
2026-08-25,TOP100CASE,ZERODHAAMC - TOP100CASE,10.66,10.87,10.53,10.69,10.66,1320498
2026-08-25,ZFCVINDIA,ZF COM VE CTR SYS IND LTD,2645.0,2648.5,2590.4,2603.0,2650.1,650642
2026-08-25,ZIMLAB,ZIM LABORATORIES LIMITED,123.95,126.19,123.0,124.8,123.95,33450
2026-08-25,ZODIACLOTH,ZODIAC CLOTHING CO. LTD.,73.0,75.0,72.0,72.61,73.7,4763
2026-08-25,ZODIAC,ZODIAC ENERGY LIMITED,255.0,255.0,243.05,245.8,249.15,9753
2026-08-25,ZOTA,ZOTA HEALTH CARE LIMITED,1086.9,1109.6,1069.5,1076.8,1094.5,110375
2026-08-25,ZUARI,ZUARI AGRO CHEMICALS LTD,228.35,238.0,228.0,232.01,226.97,308152
2026-08-25,ZUARIIND,ZUARI INDUSTRIES LIMITED,285.0,297.0,279.0,281.55,285.6,223254
2026-08-25,ZYDUSLIFE,ZYDUS LIFESCIENCES LTD,1103.0,1125.0,1092.6,1124.5,1103.8,1152463
2026-08-25,ZYDUSWELL,ZYDUS WELLNESS LIMITED,515.05,529.75,514.0,525.45,511.1,662683
