date,symbol,name,open,high,low,close,prev_close,volume
2026-09-07,20MICRONS,20 MICRONS LTD,224.9,231.99,220.71,224.8,222.49,373719
2026-09-07,21STCENMGM,21ST CENTURY MGMT SERVICE,38.4,38.85,37.47,38.28,38.13,8675
2026-09-07,360ONE,360 ONE WAM LIMITED,1141.8,1143.5,1127.2,1136.9,1137.0,407077
2026-09-07,GOLD360,360ONEAMC - GOLD360,148.8,148.9,146.9,147.85,149.7,20611
2026-09-07,MSCI360,360ONEAMC - MSCI360,10.2,10.27,9.99,10.07,10.27,24416
2026-09-07,SILVER360,360ONEAMC - SILVER360,228.48,228.48,224.68,226.55,229.11,4727
2026-09-07,3BBLACKBIO,3B BLACKBIO DX LTD.,1486.0,1530.2,1470.2,1521.3,1460.1,14265
2026-09-07,3MINDIA,3M INDIA LIMITED,32700.0,32985.0,32480.0,32840.0,32845.0,1326
2026-09-07,3PLAND,3P LAND HOLDINGS LIMITED,32.39,32.39,31.67,32.15,32.39,1703
2026-09-07,5PAISA,5PAISA CAPITAL LIMITED,339.0,344.85,337.05,339.85,342.1,29942
2026-09-07,63MOONS,63 MOONS TECHNOLOGIES LTD,882.55,882.65,860.05,872.7,876.5,249471
2026-09-07,ABCOTS,A B COTSPIN INDIA LIMITED,208.8,223.45,208.1,212.01,208.15,10187
2026-09-07,ABMKNO,A B M KNOWLEDGEWARE LTD.,186.0,189.99,185.0,189.64,189.9,2557
2026-09-07,AKCAPIT,A K CAPITAL SERVICES LTD.,1769.0,1775.0,1684.9,1733.5,1736.9,1137
2026-09-07,A2ZINFRA,A2Z INFRA ENGINEERING LTD,15.61,16.05,15.4,15.76,15.61,96495
2026-09-07,AAATECH,AAA TECHNOLOGIES LIMITED,91.0,93.96,91.0,92.07,91.74,10152
2026-09-07,AADHARHFC,AADHAR HOUSING FINANCE L,483.5,485.0,471.0,478.95,483.55,270755
2026-09-07,AAKASH,AAKASH EXPLORATION SER L,8.69,8.88,8.18,8.59,8.75,251561
2026-09-07,AAREYDRUGS,AAREY DRUGS & PHARM LTD,94.1,98.5,94.1,97.31,95.79,218466
2026-09-07,AARON,AARON INDUSTRIES LIMITED,129.0,129.0,125.0,125.54,128.45,4586
2026-09-07,AARTIDRUGS,AARTI DRUGS LTD.,433.25,434.7,419.25,423.0,431.65,94385
2026-09-07,AARTIIND,AARTI INDUSTRIES LTD,493.25,495.75,487.35,490.7,492.05,518899
2026-09-07,AARTIPHARM,AARTI PHARMALABS LIMITED,861.0,894.7,856.35,862.65,858.8,745049
2026-09-07,AARVI,AARVI ENCON LIMITED,140.5,145.49,140.3,143.36,141.92,10492
2026-09-07,AASTHA,AASTHA SPINTEX LIMITED,79.25,79.25,76.42,77.36,78.12,177179
2026-09-07,AAVAS,AAVAS FINANCIERS LIMITED,1291.0,1311.4,1285.2,1306.2,1304.2,82507
2026-09-07,ABANSENT,ABANS ENTERPRISES LTD.,27.5,28.99,27.0,28.39,27.86,4724
2026-09-07,AFSL,ABANS FINANCIAL SRVCS LTD,202.07,207.8,201.25,202.78,202.07,3949
2026-09-07,ABB,ABB INDIA LIMITED,7410.0,7459.5,7327.0,7434.0,7410.0,111152
2026-09-07,ABBOTINDIA,ABBOTT INDIA LIMITED,26150.0,26195.0,25810.0,25940.0,26065.0,5392
2026-09-07,ACC,ACC LIMITED,1287.0,1288.5,1265.5,1268.7,1283.8,90302
2026-09-07,ACCELYA,ACCELYA SOLN INDIA LTD,1131.0,1135.8,1120.0,1127.1,1131.0,5455
2026-09-07,ACEINTEG,ACE INTEGRATED SOLU. LTD.,18.58,18.58,17.52,17.54,17.83,2039
2026-09-07,ACMESOLAR,ACME SOLAR HOLDINGS LTD,422.8,423.4,409.0,413.15,418.0,1367600
2026-09-07,ACE,ACTION CONST EQUIP LTD,1125.4,1131.0,1111.0,1113.2,1125.4,109007
2026-09-07,ACUTAAS,ACUTAAS CHEMICALS LIMITED,3168.5,3212.7,3160.0,3181.6,3168.5,141224
2026-09-07,ADANIENSOL,ADANI ENERGY SOLUTION LTD,1412.7,1418.5,1387.8,1390.4,1409.6,1342576
2026-09-07,ADANIENT,ADANI ENTERPRISES LIMITED,2940.0,2964.4,2918.5,2950.0,2938.0,981218
2026-09-07,ADANIGREEN,ADANI GREEN ENERGY LTD,1301.2,1309.8,1285.0,1288.0,1301.3,685684
2026-09-07,ADANIPORTS,ADANI PORT & SEZ LTD,1714.0,1716.4,1685.9,1694.3,1707.3,1175225
2026-09-07,ADANIPOWER,ADANI POWER LTD,207.1,208.65,204.16,204.49,207.2,9839611
2026-09-07,ATGL,ADANI TOTAL GAS LIMITED,613.05,617.0,601.9,603.7,612.35,415933
2026-09-07,ADDIND,ADDI INDUSTRIES LTD.,79.34,85.0,78.95,80.81,79.34,2067
2026-09-07,ADFFOODS,ADF FOODS LIMITED,263.15,269.0,259.0,266.15,264.8,120114
2026-09-07,ABSLAMC,ADIT BIRL SUN LIF AMC LTD,1062.3,1064.1,1035.0,1041.9,1062.3,197790
2026-09-07,ABCAPITAL,ADITYA BIRLA CAPITAL LTD.,404.0,404.75,399.5,403.25,404.9,2451987
2026-09-07,ABFRL,ADITYA BIRLA FASHION & RT,52.95,55.11,51.99,53.21,52.97,10440736
2026-09-07,ABLBL,ADITYA BIRLA LIFES BRAN L,86.9,87.4,84.99,85.55,86.07,543434
2026-09-07,BIRLAMONEY,ADITYA BIRLA MONEY LTD,127.85,127.85,125.01,125.96,126.37,24407
2026-09-07,ABREL,ADITYA BIRLA REAL EST LTD,1373.6,1384.0,1356.1,1377.8,1373.6,65234
2026-09-07,CPPLUS,ADITYA INFOTECH LIMITED,3705.0,3803.1,3705.0,3752.9,3704.6,170197
2026-09-07,AVL,ADITYA VISION LIMITED,600.0,604.85,593.15,599.25,600.05,168049
2026-09-07,BSLGOLDETF,ADITYBIRLA SL GOLD ETF-GR,134.3,134.3,132.81,133.82,135.36,187146
2026-09-07,BSLNIFTY,ADITYBIRLA SL NIF ETF-GR,28.84,28.84,27.8,27.93,28.14,4403601
2026-09-07,ADOR,ADOR WELDING LTD,1674.4,1681.9,1624.1,1644.1,1674.4,37401
2026-09-07,ADROITINFO,ADROIT INFOTECH LIMITED,10.31,10.73,10.25,10.31,10.31,24445
2026-09-07,ADVAIT,ADVAIT ENRGY TRANSITION L,2151.3,2159.4,2070.2,2096.4,2151.3,49298
2026-09-07,ADVANCE,ADVANCE AGROLIFE LIMITED,117.43,119.8,115.9,116.43,117.43,95430
2026-09-07,ADVENZYMES,ADVANCED ENZYME TECH LTD,293.2,298.5,292.2,297.85,293.2,151606
2026-09-07,ADVANIHOTR,ADVANI HOT.& RES.(I) LTD,49.45,49.98,49.0,49.12,49.45,19626
2026-09-07,ADVENTHTL,ADVENT HOTELS INTERNATI L,134.5,135.65,132.0,133.19,134.57,123600
2026-09-07,ADVIKCA,ADVIK CAPITAL LTD.,1.12,1.13,1.1,1.1,1.12,337126
2026-09-07,RAMBHAJO,ADVIT JEWELS LIMITED,270.4,288.3,270.4,276.32,268.68,1832168
2026-09-07,AEGISLOG,AEGIS LOGISTICS LIMITED,1274.6,1278.7,1238.0,1253.7,1270.2,378402
2026-09-07,AEGISVOPAK,AEGIS VOPAK TERMINALS LTD,281.65,287.0,279.55,285.35,284.5,615354
2026-09-07,AEQUS,AEQUS LIMITED,242.42,242.72,233.0,233.86,242.18,2461232
2026-09-07,AEROENTER,AEROFLEX ENTERPRISES LTD,143.23,156.0,142.55,154.73,141.81,3260028
2026-09-07,AEROFLEX,AEROFLEX INDUSTRIES LTD,538.05,561.7,536.2,558.15,537.45,1428851
2026-09-07,AERONEU,AEROFLEX NEU LIMITED,80.57,80.57,77.0,77.28,80.57,36220
2026-09-07,AETHER,AETHER INDUSTRIES LIMITED,1621.0,1635.0,1604.8,1619.5,1625.6,122482
2026-09-07,AFCONS,AFCONS INFRASTRUCTURE LTD,291.55,296.2,290.5,293.2,292.8,425086
2026-09-07,AFFLE,AFFLE 3I LIMITED,1630.0,1654.5,1605.7,1623.2,1616.5,423635
2026-09-07,AFFORDABLE,AFFORD ROBO & AUTO LTD,156.1,162.0,155.71,160.03,157.47,23084
2026-09-07,AGARIND,AGARWAL INDS CORP LTD.,450.95,452.1,437.0,440.2,450.8,45037
2026-09-07,AGI,AGI GREENPAC LIMITED,732.5,744.2,730.0,732.65,735.25,98108
2026-09-07,AGIIL,AGI INFRA LIMITED,286.4,291.0,275.55,277.15,283.7,1078054
2026-09-07,AGRITECH,AGRI-TECH (INDIA) LIMITED,103.45,103.45,99.0,100.07,101.21,921
2026-09-07,AGROPHOS,AGRO PHOS INDIA LIMITED,25.77,26.4,24.0,24.82,25.77,35970
2026-09-07,AHLADA,AHLADA ENGINEERS LIMITED,37.29,37.29,35.74,36.8,37.29,20508
2026-09-07,AHLUCONT,AHLUWALIA CONT IND LTD,602.0,609.6,594.8,597.05,599.05,80503
2026-09-07,AIAENG,AIA ENGINEERING LIMITED,4231.2,4249.0,4180.0,4224.0,4231.2,15736
2026-09-07,AIRAN,AIRAN LIMITED,15.44,16.6,15.2,16.44,15.44,430162
2026-09-07,AIROLAM,AIRO LAM LIMITED,90.0,90.0,86.04,86.22,86.46,1008
2026-09-07,AJANTPHARM,AJANTA PHARMA LIMITED,3445.0,3539.0,3438.0,3513.6,3464.8,72590
2026-09-07,AJAXENGG,AJAX ENGINEERING LIMITED,582.45,607.0,579.15,596.2,582.45,123620
2026-09-07,AJMERA,AJMERA REALTY & INF I LTD,117.6,118.6,116.03,117.54,117.76,184338
2026-09-07,AJOONI,AJOONI BIOTECH LIMITED,3.71,3.8,3.47,3.49,3.71,1511024
2026-09-07,AKASH,AKASH INFRA-PROJECTS LTD,26.0,26.0,25.2,25.69,25.6,2451
2026-09-07,AKG,AKG EXIM LIMITED,9.26,9.63,9.26,9.38,9.59,18592
2026-09-07,AKI,AKI INDIA LIMITED,7.94,7.94,7.94,7.94,7.22,701339
2026-09-07,AFIL,AKME FINTRADE (INDIA) LTD,9.25,9.39,9.06,9.14,9.22,552669
2026-09-07,AKSHAR,AKSHAR SPINTEX LIMITED,0.42,0.44,0.42,0.42,0.42,1198508
2026-09-07,AKUMS,AKUMS DRUGS AND PHARMA L,765.75,772.9,751.5,754.65,765.75,120744
2026-09-07,ALANKIT,ALANKIT LIMITED,8.2,8.24,8.05,8.16,8.14,120164
2026-09-07,ALBERTDAVD,ALBERT DAVID LIMITED,866.1,880.0,851.1,863.0,860.25,4087
2026-09-07,ALEMBICLTD,ALEMBIC LIMITED,112.3,114.34,107.53,108.05,111.41,1721715
2026-09-07,APLLTD,ALEMBIC PHARMA LTD,808.0,828.1,797.4,799.55,808.2,171275
2026-09-07,ALFREDHE,ALFRED HERBERT INDIA L,2960.0,3020.0,2800.0,2945.0,2898.9,126
2026-09-07,ALGOQUANT,ALGOQUANT FINTECH LIMITED,64.5,66.0,63.5,63.89,64.5,1553966
2026-09-07,ALICON,ALICON CASTALLOY LIMITED,684.2,691.5,670.5,681.75,684.2,8931
2026-09-07,ALIVUS,ALIVUS LIFE SCIENCES LTD,1377.2,1419.7,1361.0,1388.9,1366.3,128673
2026-09-07,ALKALI,ALKALI METALS LTD,69.99,78.66,68.0,78.66,65.55,72483
2026-09-07,ALKEM,ALKEM LABORATORIES LTD.,5219.0,5242.5,5104.5,5242.5,5190.0,139659
2026-09-07,ALKYLAMINE,ALKYL AMINES CHEM. LTD,2012.0,2090.3,1950.0,1986.3,2020.9,126528
2026-09-07,ALLTIME,ALL TIME PLASTICS LIMITED,206.49,216.25,206.49,214.65,206.08,264900
2026-09-07,AGL,ALLCARGO GLOBAL LIMITED,13.6,13.71,13.46,13.58,13.65,8294166
2026-09-07,ALLCARGO,ALLCARGO LOGISTICS LTD,12.44,12.78,12.25,12.67,12.44,15107126
2026-09-07,ATL,ALLCARGO TERMINALS LTD,25.8,25.8,24.84,25.03,25.31,187311
2026-09-07,ALLDIGI,ALLDIGI TECH LIMITED,809.0,817.4,802.55,810.3,805.85,8789
2026-09-07,ABDL,ALLIED BLEND N DISTILS L,609.9,610.4,596.85,600.0,609.95,428345
2026-09-07,ADSL,ALLIED DIGITAL SERV. LTD,103.08,103.99,100.21,101.46,104.13,126207
2026-09-07,ALMONDZ,ALMONDZ GLOBAL SEC LTD,17.97,19.8,17.9,19.2,17.89,773910
2026-09-07,ALOKINDS,ALOK INDUSTRIES LIMITED,7.83,7.88,7.46,7.6,7.83,27360409
2026-09-07,ALPA,ALPA LABORATORIES LTD,63.99,63.99,61.5,62.17,62.71,3393
2026-09-07,ALPINETEX,ALPINE TEXWORLD LIMITED,57.88,64.9,53.82,63.17,57.76,1259777
2026-09-07,ALUFLUOR,ALUFLUORIDE LTD.,500.05,505.5,496.15,499.15,499.05,6241
2026-09-07,AMAGI,AMAGI MEDIA LABS LIMITED,567.95,578.15,551.6,575.15,563.3,399014
2026-09-07,AMAL,AMAL LTD.,741.05,764.9,741.05,758.85,743.2,4759
2026-09-07,ARE&M,AMARA RAJA ENERGY MOB LTD,864.2,864.2,836.5,842.95,864.2,694840
2026-09-07,AMARJOTHI,AMARJOTHI SPINNING MILL L,160.94,162.0,155.04,160.0,160.94,456
2026-09-07,AMBER,AMBER ENTERPRISES (I) LTD,7465.0,7473.5,7390.0,7439.0,7474.0,122437
2026-09-07,AMBICAAGAR,AMBICA AGAR & AROMAINDLTD,27.0,27.78,26.01,26.83,27.21,23205
2026-09-07,AMBIKCO,AMBIKA COTTON MILL LTD.,1631.1,1648.7,1624.8,1642.8,1639.1,7879
2026-09-07,AMBUJACEM,AMBUJA CEMENTS LTD,403.0,405.35,398.6,398.6,405.0,879449
2026-09-07,AMDIND,AMD INDUSTRIES LIMITED,61.88,62.89,58.02,60.3,60.32,70502
2026-09-07,AMNPLST,AMINES & PLASTICIZERS LTD,172.8,173.84,166.35,168.22,172.89,4663
2026-09-07,AEROPLANE,AMIR CHAND JAG KUM (E) L,198.39,202.3,195.0,198.03,194.29,994634
2026-09-07,AMJLAND,AMJ LAND HOLDINGS LIMITED,39.0,39.43,38.34,39.08,39.47,9260
2026-09-07,AMRUTANJAN,AMRUTAJAN HEALTH LTD,505.4,505.45,495.6,500.3,505.45,63397
2026-09-07,ARSSBL,ANAND RATHI SH N STK BR L,515.0,524.7,508.3,516.3,515.05,133960
2026-09-07,ANANDRATHI,ANAND RATHI WEALTH LTD,2217.0,2255.0,2210.8,2224.0,2215.9,270161
2026-09-07,ANANTRAJ,ANANT RAJ LIMITED,622.0,644.8,615.2,638.25,625.45,5173652
2026-09-07,ACL,ANDHRA CEMENTS LIMITED,43.36,43.99,43.02,43.49,43.36,7960
2026-09-07,ANDHRAPAP,ANDHRA PAPER LIMITED,64.1,77.34,61.99,72.2,64.45,27336653
2026-09-07,ANDHRSUGAR,ANDHRA SUGARS LTD,100.3,101.89,98.82,99.4,99.51,443882
2026-09-07,ANDREWYU,ANDREW YULE & CO. LTD.,27.66,28.3,27.11,27.35,27.93,65412
2026-09-07,ANGELONE,ANGEL ONE LIMITED,300.9,307.0,298.05,303.8,299.8,7522794
2026-09-07,ANIKINDS,ANIK INDUSTRIES LTD,45.0,46.95,43.0,44.77,45.0,15794
2026-09-07,APCL,ANJANI PORTLAND CEM LTD,103.3,103.3,99.03,99.93,101.42,7097
2026-09-07,AHCL,ANLON HEALTHCARE LIMITED,15.74,15.85,15.41,15.48,15.68,2176718
2026-09-07,ANMOL,ANMOL INDIA LIMITED,10.0,11.49,10.0,10.09,10.08,167944
2026-09-07,ANNAPURNA,ANNAPURNA SWADISHT LTD,143.0,145.0,137.0,143.8,140.2,101805
2026-09-07,ANSALBU,ANSAL BUILDWELL LTD.,84.9,84.9,76.34,79.24,80.68,1438
2026-09-07,ANTGRAPHIC,ANTARCTICA LTD,0.73,0.75,0.71,0.73,0.73,207125
2026-09-07,ANTELOPUS,ANTELOPUS SELAN ENRGY LTD,960.0,1024.0,930.0,985.3,957.15,2854173
2026-09-07,ANTHEM,ANTHEM BIOSCIENCES LTD,940.05,958.85,931.1,933.5,934.05,667717
2026-09-07,AWHCL,ANTONY WASTE HDG CELL LTD,368.9,376.0,367.8,370.5,370.8,66405
2026-09-07,ANUHPHR,ANUH PHARMA LIMITED,82.7,91.8,82.0,90.29,81.1,1069062
2026-09-07,ANURAS,ANUPAM RASAYAN INDIA LTD,1258.8,1266.3,1227.1,1233.6,1238.7,286021
2026-09-07,AONEGOLD,AONEAMC - AONEGOLD,14.22,14.22,14.08,14.19,14.37,404500
2026-09-07,AONELIQUID,AONEAMC - AONELIQUID,1075.81,1075.81,1075.79,1075.79,1075.67,7111
2026-09-07,AONENIFTY,AONEAMC - AONENIFTY,9.98,9.98,9.81,9.83,9.89,156717
2026-09-07,AONESILVER,AONEAMC - AONESILVER,8.89,8.9,8.73,8.79,8.89,389029
2026-09-07,AONETMMQ50,AONEAMC - AONETMMQ50,10.35,10.4,10.27,10.31,10.3,32677
2026-09-07,AONETOTAL,AONEAMC - AONETOTAL,11.98,11.98,11.84,11.84,11.93,196397
2026-09-07,APARINDS,APAR INDUSTRIES LTD.,17501.0,17793.0,17307.0,17728.0,17421.0,73366
2026-09-07,APCOTEXIND,APCOTEX INDUSTRIES LIMITE,639.9,640.0,625.0,631.6,635.5,96163
2026-09-07,APEX,APEX FROZEN FOODS LIMITED,374.95,377.05,364.8,368.2,375.15,115008
2026-09-07,APLAPOLLO,APL APOLLO TUBES LTD,2250.0,2255.0,2198.8,2215.0,2250.0,709214
2026-09-07,APOLLOHOSP,APOLLO HOSPITALS ENTER. L,8682.0,8840.5,8650.0,8760.0,8650.0,303793
2026-09-07,APOLLO,APOLLO MICRO SYSTEMS LTD,391.0,407.4,390.3,403.95,388.9,11691954
2026-09-07,APOLLOPIPE,APOLLO PIPES LIMITED,609.65,611.3,597.0,601.0,605.1,115502
2026-09-07,APOLSINHOT,APOLLO SINDOORI HOTEL LTD,1218.1,1220.0,1200.1,1204.9,1218.1,979
2026-09-07,APOLLOTYRE,APOLLO TYRES LTD,428.0,430.0,419.0,420.8,429.55,438180
2026-09-07,APOORVA,APOORVA LEAS F & INV C L,25.25,25.25,25.25,25.25,25.25,29
2026-09-07,APTUS,APTUS VALUE HSG FIN I LTD,258.0,258.85,252.35,256.89,258.85,1460350
2026-09-07,AQYLON,AQYLON NEXUS LIMITED,22.79,23.58,22.65,23.54,22.46,522202
2026-09-07,ACI,ARCHEAN CHEMICAL IND LTD,504.4,513.6,496.0,509.35,504.2,619983
2026-09-07,ADL,ARCHIDPLY DECOR LIMITED,71.4,74.0,71.4,72.57,72.0,646
2026-09-07,ARCHIDPLY,ARCHIDPLY IND. LTD,104.2,104.9,102.18,103.62,104.89,16124
2026-09-07,ARCHIES,ARCHIES LTD,13.34,13.34,12.63,12.88,12.9,8213
2026-09-07,ARCL,ARCL ORGANICS LTD.,228.8,236.25,224.05,233.87,225.0,1534
2026-09-07,ARDEE,ARDEE INDUSTRIES LIMITED,55.66,57.7,54.66,56.09,55.66,4068340
2026-09-07,ARFIN,ARFIN INDIA LIMITED,88.7,98.86,87.72,95.27,87.24,4760846
2026-09-07,ARIES,ARIES AGRO LTD.,501.5,524.75,484.2,485.95,500.1,113668
2026-09-07,ARIHANTCAP,ARIHANT CAPITAL MKTS LTD,80.5,80.5,78.22,78.36,79.69,162170
2026-09-07,ARIHANT,ARIHANT FOUN & HOU LTD,979.9,985.25,935.8,961.25,953.15,1341
2026-09-07,ARIHANTSUP,ARIHANT SUPERSTRUCT LTD,229.5,238.0,229.05,233.75,229.5,26550
2026-09-07,ARIS,ARISINFRA SOLUTIONS LTD,129.35,129.5,126.1,126.32,128.56,539906
2026-09-07,ARKADE,ARKADE DEVELOPERS LIMITED,125.77,125.77,123.85,124.82,125.22,121170
2026-09-07,ARMANFIN,ARMAN FIN SERV LTD,2068.0,2068.0,1998.0,2033.8,2069.3,25672
2026-09-07,AROGRANITE,ARO GRANITE IND. LTD.,24.95,25.05,23.95,24.29,24.55,25353
2026-09-07,ARTNIRMAN,ART NIRMAN LIMITED,40.63,40.63,39.11,40.21,40.63,1820
2026-09-07,AEPL,ARTEMIS ELECTRICALS & P L,17.85,18.25,17.26,18.02,17.5,99702
2026-09-07,ARTEMISMED,ARTEMIS MED SERVICE LTD,337.5,344.6,332.15,343.5,332.8,782569
2026-09-07,ARVEE,ARVEE LABORATORIES I LTD,162.2,169.15,162.2,163.93,165.1,697
2026-09-07,ARVINDFASN,ARVIND FASHIONS LIMITED,446.4,447.25,438.0,439.2,446.5,81565
2026-09-07,ARVIND,ARVIND LIMITED,546.2,567.35,546.15,564.5,552.95,478679
2026-09-07,ARVSMART,ARVIND SMARTSPACES LTD,643.7,652.0,640.0,646.8,642.5,27106
2026-09-07,ARYAMAN,ARYAMAN FINANCIAL SERV L,620.2,630.0,610.2,630.0,620.2,34
2026-09-07,ASAHIINDIA,ASAHI INDIA GLASS LIMITED,960.0,960.4,949.0,954.65,955.9,106030
2026-09-07,ASHAPURMIN,ASHAPURA MINECHEM LTD,551.0,554.5,536.6,538.15,551.0,296446
2026-09-07,ASHIANA,ASHIANA HOUSING LTD,360.6,361.55,346.85,349.75,359.55,71117
2026-09-07,ASHIMASYN,ASHIMA LTD,17.9,17.9,17.65,17.75,17.89,35393
2026-09-07,ASHOKLEY,ASHOK LEYLAND LTD,170.0,172.13,168.4,170.0,169.0,10426646
2026-09-07,ASHOKA,ASHOKA BUILDCON LTD,115.6,117.29,114.52,115.5,115.55,581090
2026-09-07,ASHOKAMET,ASHOKA METCAST LIMITED,13.58,15.24,13.57,14.3,13.58,152039
2026-09-07,ASIANENE,ASIAN ENERGY SERVICES LTD,521.6,521.6,498.05,511.8,517.45,356718
2026-09-07,ASIANTILES,ASIAN GRANITO IND. LTD.,50.4,51.22,49.32,49.85,50.26,2616485
2026-09-07,AHLEAST,ASIAN HOTELS (EAST) LTD,139.9,139.9,135.22,135.82,136.51,1897
2026-09-07,ASIANHOTNR,ASIAN HOTELS (NORTH) LTD,388.0,388.9,379.85,382.65,384.75,22793
2026-09-07,ASIANPAINT,ASIAN PAINTS LIMITED,2511.1,2523.5,2489.7,2500.9,2527.3,240336
2026-09-07,ASTAR,ASIAN STAR CO. LTD.,590.0,597.9,586.0,597.9,585.0,11
2026-09-07,ASIANTNE,ASIAN TEA & EXPORTS LTD.,10.0,10.0,9.2,9.5,9.74,12163
2026-09-07,ASKAUTOLTD,ASK AUTOMOTIVE LIMITED,619.95,621.95,604.05,611.5,618.85,121536
2026-09-07,ASPINWALL,ASPINWALL & CO LTD,260.5,264.0,254.2,260.65,259.25,2192
2026-09-07,ASSAMENT,ASSAM ENTRADE LIMITED,833.8,833.8,790.0,790.0,830.0,6
2026-09-07,ASALCBR,ASSO ALCOHOLS & BREW LTD,705.85,712.0,701.4,707.8,706.35,16434
2026-09-07,ASTEC,ASTEC LIFESCIENCES LTD,555.0,559.3,540.0,552.35,554.45,41084
2026-09-07,ASTERDM,ASTER DM QUALITY CARE LTD,786.0,798.8,781.75,795.65,785.75,881643
2026-09-07,ASTRAMICRO,ASTRA MICROWAVE LTD,1740.0,1771.6,1705.0,1711.6,1729.0,471255
2026-09-07,ASTRAL,ASTRAL LIMITED,1482.7,1501.5,1482.2,1498.2,1492.9,742651
2026-09-07,ASTRAZEN,ASTRAZENECA PHARMA IND LT,6945.0,6994.0,6830.0,6851.0,6944.0,5460
2026-09-07,ATALREAL,ATAL REALTECH LIMITED,26.6,26.9,26.49,26.5,26.22,28399351
2026-09-07,ATAM,ATAM VALVES LIMITED,53.0,55.67,53.0,54.27,52.99,17563
2026-09-07,ATHERENERG,ATHER ENERGY LIMITED,1575.0,1618.0,1561.1,1599.3,1584.0,3789386
2026-09-07,ATLANTAELE,ATLANTA ELECTRICALS LTD,1898.1,1958.0,1890.3,1938.1,1881.7,141076
2026-09-07,ATLANTAA,ATLANTAA LIMITED,39.42,39.96,37.12,37.66,39.15,73904
2026-09-07,ATLASCYCLE,ATLAS CYCLE (HARYANA) LTD,96.18,96.31,93.55,94.49,96.18,2973
2026-09-07,ATULAUTO,ATUL AUTO LIMITED,462.0,465.45,458.1,459.1,465.15,58661
2026-09-07,ATUL,ATUL LTD,6351.5,6400.0,6302.5,6312.5,6386.0,21154
2026-09-07,AUBANK,AU SMALL FINANCE BANK LTD,1065.0,1066.8,1046.9,1053.0,1065.0,939647
2026-09-07,AUGMONT,AUGMONT ENTERPRISES LTD,908.8,931.4,878.1,891.6,901.5,1669696
2026-09-07,AURIONPRO,AURIONPRO SOLN LTD,682.4,694.0,665.15,668.7,689.7,203606
2026-09-07,AUROPHARMA,AUROBINDO PHARMA LTD,1646.0,1668.0,1646.0,1660.0,1653.1,536717
2026-09-07,AURUM,AURUM PROPTECH LIMITED,224.0,228.0,223.0,225.14,225.16,45681
2026-09-07,AURUS,AURUS GEM CORP LIMITED,4.99,4.99,4.65,4.94,4.84,64024
2026-09-07,AUSOMENT,AUSOM ENTERPRISE LIMITED,162.8,163.45,155.15,156.21,161.79,7654
2026-09-07,AUSTENG,AUSTIN ENGINEERING CO. L,125.95,131.0,125.0,125.0,124.7,5309
2026-09-07,AIIL,AUTHUM INVEST & INFRA LTD,517.75,519.5,509.0,514.95,519.9,136349
2026-09-07,AUTOIND,AUTOLINE INDUSTRIES LTD,86.89,86.89,83.0,84.73,86.45,302191
2026-09-07,ACGL,AUTOMOBILE CORPN OF GOA L,1799.0,1839.0,1780.0,1799.4,1797.6,1000
2026-09-07,AUTOAXLES,AUTOMOTIVE AXLES LIMITED,1690.0,1707.7,1651.1,1666.6,1688.7,7960
2026-09-07,ASAL,AUTOMOTIVE STAMPINGS & AS,473.0,479.7,459.0,470.1,473.75,18318
2026-09-07,AVADHSUGAR,AVADH SUG & ENERGY LTD,811.0,858.0,811.0,839.7,809.5,187551
2026-09-07,AVALON,AVALON TECHNOLOGIES LTD,2262.0,2424.0,2250.1,2352.5,2196.6,1652753
2026-09-07,AVANCE,AVANCE TECHNOLOGIES LTD.,0.82,0.85,0.82,0.83,0.82,3867349
2026-09-07,AVANTEL,AVANTEL LIMITED,154.98,157.7,153.65,156.74,154.96,676368
2026-09-07,AVANTIFEED,AVANTI FEEDS LIMITED,798.6,804.25,782.25,786.55,798.6,183898
2026-09-07,DMART,AVENUE SUPERMARTS LIMITED,3757.0,3768.9,3682.3,3710.0,3770.0,303872
2026-09-07,CCAVENUE,AVENUESAI LIMITED,15.76,16.27,15.42,15.94,15.7,16874449
2026-09-07,AVONMORE,AVONMORE CAP&MGT SERV LTD,13.07,14.22,13.07,14.1,13.02,647927
2026-09-07,AVROIND,AVRO INDIA LIMITED,8.84,8.85,8.3,8.5,8.72,339333
2026-09-07,AVTNPL,AVT NATURAL PRODUCTS LTD,91.5,91.89,89.61,90.1,91.02,126113
2026-09-07,AWFIS,AWFIS SPACE SOLUTIONS LTD,262.0,264.0,254.15,255.2,260.8,304253
2026-09-07,AWL,AWL AGRI BUSINESS LIMITED,187.29,189.09,185.21,188.27,187.29,1402294
2026-09-07,AXISBANK,AXIS BANK LIMITED,1271.0,1271.9,1261.6,1266.0,1273.0,1592707
2026-09-07,ENERGYAXIS,AXISAMC - ENERGYAXIS,19.34,19.34,18.98,19.03,19.15,7646
2026-09-07,BNKETFAXIS,AXISAMC-BNKETFAXIS,591.03,591.59,587.81,588.11,592.5,501141
2026-09-07,CONSUMAXIS,AXISAMC-CONSUMAXIS,119.57,121.72,118.76,119.07,119.02,741
2026-09-07,GOLDAXIS,AXISAMC-GOLDAXIS,125.55,126.6,125.41,126.22,128.11,4383759
2026-09-07,HEALTHAXIS,AXISAMC-HEALTHAXIS,171.21,171.5,166.7,168.11,167.04,3053
2026-09-07,ITAXIS,AXISAMC-ITAXIS,335.64,338.0,328.6,330.42,339.03,8697
2026-09-07,NIFTYAXIS,AXISAMC-NIFTYAXIS,263.55,265.61,263.01,263.61,265.62,53790
2026-09-07,SENSEXAXIS,AXISAMC-SENSEXAXIS,80.67,81.0,78.8,78.99,79.81,2416
2026-09-07,SILVERAXIS,AXISAMC-SILVERAXIS,230.0,230.0,227.52,228.63,231.46,303886
2026-09-07,VALUEAXIS,AXISAMC-VALUEAXIS,33.7,33.7,32.56,32.8,32.88,91408
2026-09-07,AXISCADES,AXISCADES TECH LTD,1711.6,1785.0,1711.6,1778.0,1711.6,192175
2026-09-07,AXITA,AXITA COTTON LIMITED,8.05,8.09,8.0,8.0,8.01,574580
2026-09-07,AXTEL,AXTEL INDUSTRIES LTD.,390.15,397.95,390.15,391.65,394.5,1357
2026-09-07,AYE,AYE FINANCE LIMITED,185.0,192.0,182.96,184.06,184.81,1370435
2026-09-07,AYMSYNTEX,AYM SYNTEX LIMITED,314.7,321.9,310.05,315.2,310.7,78696
2026-09-07,AZAD,AZAD ENGINEERING LIMITED,2777.3,2898.0,2773.3,2868.0,2777.3,493178
2026-09-07,AZADIND,AZAD INDIA MOBILITY LTD.,91.98,91.98,89.0,89.88,89.59,66631
2026-09-07,BBTCL,B&B TRIPLEWALL CONT LTD,232.52,235.25,230.3,231.6,230.22,3577
2026-09-07,BAGFILMS,B.A.G FILMS AND MEDIA LTD,4.62,5.06,4.51,4.81,4.51,596328
2026-09-07,BLKASHYAP,B.L.KASHYAP & SON LTD,59.69,59.74,55.9,56.85,59.34,615051
2026-09-07,STYLEBAAZA,BAAZAR STYLE RETAIL LTD,401.0,409.7,397.4,399.5,400.25,1380118
2026-09-07,BAIDFIN,BAID FINSERV LIMITED,10.02,11.42,10.02,10.89,10.12,194252
2026-09-07,BAJAJ-AUTO,BAJAJ AUTO LIMITED,11810.0,11860.0,11727.0,11800.0,11919.0,106111
2026-09-07,BAJAJCON,BAJAJ CONSUMER CARE LTD,515.1,528.5,506.55,526.0,517.55,1131292
2026-09-07,BAJAJELEC,BAJAJ ELECT.LTD,335.0,345.0,331.15,342.1,331.15,243527
2026-09-07,BAJFINANCE,BAJAJ FINANCE LIMITED,1064.0,1070.0,1054.3,1060.0,1060.5,3586860
2026-09-07,BAJAJFINSV,BAJAJ FINSERV LTD.,1968.0,1973.0,1938.6,1938.6,1970.0,502611
2026-09-07,BAJAJHCARE,BAJAJ HEALTHCARE LIMITED,323.95,333.0,320.1,328.8,321.45,184124
2026-09-07,BAJAJHIND,BAJAJ HINDUSTHAN SUGAR LT,22.15,23.14,22.15,22.77,21.86,47854998
2026-09-07,BAJAJHLDNG,BAJAJ HOLDINGS & INVS LTD,11200.0,11200.0,10956.0,10956.0,11162.0,40066
2026-09-07,BAJAJHFL,BAJAJ HOUSING FINANCE LTD,82.91,84.98,82.5,84.04,83.08,3878435
2026-09-07,BAJAJST,BAJAJ STEEL INDS. LTD.,360.0,368.5,360.0,366.4,362.95,16911
2026-09-07,BAJEL,BAJEL PROJECTS LIMITED,182.5,187.92,182.41,187.45,183.82,535172
2026-09-07,BALPHARMA,BAL PHARMA LTD.,87.73,95.0,86.0,92.69,87.73,156982
2026-09-07,BALAMINES,BALAJI AMINES LIMITED,2575.0,2629.8,2478.8,2566.8,2525.2,490283
2026-09-07,BALAJITELE,BALAJI TELEFILMS LIMITED.,96.0,96.01,90.1,91.81,93.17,181918
2026-09-07,BALAXI,BALAXI PHARMA LTD,26.0,26.0,23.5,24.24,25.37,69369
2026-09-07,BALKRISIND,BALKRISHNA IND. LTD,2273.0,2295.0,2242.6,2287.1,2284.6,364047
2026-09-07,BALKRISHNA,BALKRISHNA PAPER MILLS L,17.5,17.5,16.81,16.9,17.08,28940
2026-09-07,BALMLAWRIE,BALMER LAWRIE & CO LTD,178.55,179.1,176.92,177.98,177.98,165626
2026-09-07,BLIL,BALMER LAWRIE INVSTS. L,72.67,73.4,72.55,72.79,72.53,106611
2026-09-07,BALRAMCHIN,BALRAMPUR CHINI MILLS LTD,695.0,722.0,695.0,711.55,690.6,5509645
2026-09-07,BALUFORGE,BALU FORGE INDUSTRIES LTD,576.0,581.35,540.9,557.6,574.1,2264071
2026-09-07,BANARBEADS,BANARAS BEADS LTD,115.0,115.0,109.59,111.13,113.9,2938
2026-09-07,BANCOINDIA,BANCO PRODUCTS (I) LTD,623.1,631.0,620.1,626.95,623.5,82486
2026-09-07,BANDHANBNK,BANDHAN BANK LIMITED,164.95,166.42,161.67,164.7,164.95,5204215
2026-09-07,GOLDBND,BANDHANAMC - GOLDBND,153.28,153.28,150.74,151.8,153.82,44081
2026-09-07,IDFNIFTYET,BANDHANAMC - IDFNIFTYET,261.0,266.9,261.0,262.43,264.49,2513
2026-09-07,SILVERBND,BANDHANAMC - SILVERBND,232.87,232.88,229.25,230.34,233.61,6772
2026-09-07,BANG,BANG OVERSEAS LTD.,35.4,35.4,34.0,34.61,34.79,18690
2026-09-07,BANKBARODA,BANK OF BARODA,240.0,240.9,235.2,237.0,239.0,6824391
2026-09-07,BANKINDIA,BANK OF INDIA,145.0,145.5,141.44,142.02,145.0,3604727
2026-09-07,MAHABANK,BANK OF MAHARASHTRA,86.1,87.5,84.7,85.0,85.95,12286857
2026-09-07,BANKA,BANKA BIOLOO LIMITED,80.99,82.01,78.3,82.0,79.0,9023
2026-09-07,BANARISUG,BANNARI AMMAN SUGARS LTD,3825.2,3924.3,3785.1,3832.3,3803.3,2346
2026-09-07,BANSALWIRE,BANSAL WIRE INDUSTRIES L,315.0,321.65,315.0,317.4,315.0,51358
2026-09-07,BANSWRAS,BANSWARA SYNTEX LIMITED,117.05,117.05,114.52,115.32,117.05,29695
2026-09-07,BVCL,BARAK VALLEY CEM. LTD.,43.2,43.2,41.62,42.3,43.48,38507
2026-09-07,BBNPNBETF,BARODABNP - BBNPNBETF,58.0,59.25,57.4,57.78,58.3,2199
2026-09-07,BBNPPGOLD,BARODABNP - BBNPPGOLD,148.5,148.55,145.0,146.6,148.7,7224
2026-09-07,BASF,BASF INDIA LTD,3875.0,3879.8,3780.0,3788.0,3864.9,20383
2026-09-07,BATAINDIA,BATA INDIA LTD,672.75,675.0,667.5,669.45,672.75,68230
2026-09-07,BATLIBOI,BATLIBOI LTD.,92.28,92.28,88.0,88.83,90.81,71900
2026-09-07,BAYERCROP,BAYER CROPSCIENCE LTD,4009.8,4010.8,3966.0,3987.4,3989.9,7323
2026-09-07,BCLIND,BCL INDUSTRIES LIMITED,36.78,36.99,36.22,36.48,36.62,419893
2026-09-07,BCPL,BCPL RAILWAY INFRA LTD,69.5,69.95,67.55,68.39,68.45,8075
2026-09-07,BEARDSELL,BEARDSELL LIMITED,26.25,26.25,24.8,24.99,25.31,12167
2026-09-07,BEDMUTHA,BEDMUTHA INDUST LTD,115.79,115.79,107.4,107.76,112.37,1518
2026-09-07,BEEKAY,BEEKAY STEEL INDS. LTD.,405.1,430.0,405.1,428.3,417.4,2437
2026-09-07,BLEL,BEHARI LAL ENGINEERING L,456.3,483.0,456.0,478.3,453.15,2567920
2026-09-07,BELLACASA,BELLA CASA FASH AND RET L,240.01,248.8,240.01,240.87,242.85,7879
2026-09-07,BELRISE,BELRISE INDUSTRIES LTD,235.0,238.4,229.25,230.29,236.86,3431813
2026-09-07,BLAL,BEML LAND ASSETS LIMITED,161.02,163.45,158.61,158.98,160.88,25030
2026-09-07,BEML,BEML LIMITED,2067.0,2125.0,2060.7,2097.2,2057.8,487014
2026-09-07,BENARAS,BENARES HOTELS LTD.,10248.0,10399.0,10052.0,10134.0,10200.0,39
2026-09-07,BENGALASM,BENGAL & ASSAM CO. LTD.,6277.0,6490.0,6226.0,6302.0,6332.5,438
2026-09-07,BERGEPAINT,BERGER PAINTS (I) LTD,485.4,488.95,480.55,484.5,485.3,305409
2026-09-07,BESTAGRO,BEST AGROLIFE LIMITED,19.46,20.22,19.32,20.07,19.29,1602936
2026-09-07,BETA,BETA DRUGS LIMITED,2204.0,2204.0,2087.9,2123.9,2218.5,42831
2026-09-07,BFINVEST,BF INVESTMENT LIMITED,472.0,472.0,455.55,458.95,469.35,14548
2026-09-07,BFUTILITIE,BF UTILITIES LIMITED,542.4,542.45,525.3,529.4,542.45,68085
2026-09-07,BANK10BETF,BFAM - BANK10BETF,21.0,21.0,20.61,20.76,20.9,1418
2026-09-07,BANKBETF,BFAM - BANKBETF,58.79,58.79,58.0,58.19,58.56,41761
2026-09-07,LIQUIDBETF,BFAM - LIQUIDBETF,1097.77,1097.79,1097.77,1097.78,1097.63,199910
2026-09-07,NIFTYBETF,BFAM - NIFTYBETF,245.96,245.96,244.31,245.2,246.65,1491
2026-09-07,BHAGCHEM,BHAGIRADHA CHEM & INDS L,264.6,267.2,259.4,260.75,264.6,62090
2026-09-07,BHAGYANGR,BHAGYANAGAR INDIA LIMITED,370.8,378.0,363.55,373.4,370.45,88451
2026-09-07,BHANDARI,BHANDARI HOSIERY EXP LTD,3.08,3.08,2.95,2.98,3.03,145915
2026-09-07,BEPL,BHANSALI ENG. POLYMERS LT,126.91,128.57,125.01,126.84,127.5,1042410
2026-09-07,BBL,BHARAT BIJLEE LTD,2265.6,2300.0,2233.1,2239.1,2289.3,26757
2026-09-07,BHARATCOAL,BHARAT COKING COAL LTD,33.73,34.4,33.65,33.75,33.81,4266149
2026-09-07,BDL,BHARAT DYNAMICS LIMITED,1258.0,1267.0,1240.0,1241.7,1255.0,807688
2026-09-07,BEL,BHARAT ELECTRONICS LTD,406.35,409.25,404.0,404.0,405.35,5965784
2026-09-07,BHARATFORG,BHARAT FORGE LTD,1953.0,1955.9,1927.3,1955.0,1956.0,1414192
2026-09-07,BPLPHARMA,BHARAT PARENTERALS LTD.,1539.0,1575.0,1500.0,1548.7,1533.3,1034
2026-09-07,BPCL,BHARAT PETROLEUM CORP  LT,314.9,316.7,311.2,312.9,315.7,2363459
2026-09-07,BHARATRAS,BHARAT RASAYAN LTD,1173.9,1186.9,1148.1,1161.0,1171.8,19157
2026-09-07,BRNL,BHARAT ROAD NETWORK LTD,17.04,17.28,17.03,17.09,17.12,11606
2026-09-07,BHARATSE,BHARAT SEATS LIMITED,211.99,232.0,209.0,227.65,211.69,737108
2026-09-07,BHARATWIRE,BHARAT WIRE ROPES LTD.,180.42,182.16,178.01,180.0,181.32,99252
2026-09-07,BHARTIARTL,BHARTI AIRTEL LIMITED,1845.0,1855.5,1830.4,1854.0,1840.0,5972458
2026-09-07,BHARTIHEXA,BHARTI HEXACOM LIMITED,1502.8,1534.6,1498.0,1528.7,1495.4,83814
2026-09-07,BIL,BHARTIYA INTERNATIONAL,930.0,955.0,907.05,931.15,907.85,20199
2026-09-07,BHEL,BHEL,432.9,434.95,418.55,421.45,431.1,4092933
2026-09-07,BIGBLOC,BIGBLOC CONSTRUCTION LTD,42.35,42.5,41.31,41.43,41.92,26885
2026-09-07,BIKAJI,BIKAJI FOODS INTERN LTD,585.1,587.0,577.1,580.25,584.2,73330
2026-09-07,GROWW,BILLIONBRAINS GARAGE VN L,194.75,196.6,191.01,194.73,194.0,21419848
2026-09-07,BIMETAL,BIMETAL BEARINGS LTD.,635.0,635.0,575.8,620.1,635.0,567
2026-09-07,BIOCON,BIOCON LIMITED.,396.5,397.35,388.65,391.4,397.4,2488189
2026-09-07,BIOFILCHEM,BIOFIL CHEM & PHARMA LTD,31.36,32.7,31.36,32.04,32.0,6959
2026-09-07,BIRLACABLE,BIRLA CABLE LIMITED,395.0,395.0,357.75,357.75,376.55,780466
2026-09-07,BIRLACORPN,BIRLA CORPORATION LTD,892.0,892.0,859.8,868.15,887.35,86094
2026-09-07,BIRLAPREC,BIRLA PRECISION TECH L,59.65,61.4,57.76,58.12,57.92,892405
2026-09-07,BIRLANU,BIRLANU LIMITED,1459.8,1470.0,1433.2,1448.9,1448.0,9598
2026-09-07,ABGSEC,BIRLASLAMC - ABGSEC,114.72,114.74,113.62,114.51,113.58,1748
2026-09-07,ABSL10BANK,BIRLASLAMC - ABSL10BANK,170.8,170.8,165.0,165.62,168.65,1301
2026-09-07,ABSLBANETF,BIRLASLAMC - ABSLBANETF,58.95,58.97,58.5,58.66,59.06,118426
2026-09-07,ABSLLIQUID,BIRLASLAMC - ABSLLIQUID,975.0,1000.01,975.0,1000.0,1000.0,1522
2026-09-07,ABSLMSCIN,BIRLASLAMC - ABSLMSCIN,29.58,29.6,29.23,29.23,29.44,289
2026-09-07,ABSLNN50ET,BIRLASLAMC - ABSLNN50ET,77.46,78.0,76.3,77.15,77.08,10606
2026-09-07,BSLSENETFG,BIRLASLAMC - BSLSENETFG,76.73,79.0,76.43,78.72,77.52,2432
2026-09-07,HEALTHY,BIRLASLAMC - HEALTHY,17.26,17.29,16.79,17.03,16.84,327939
2026-09-07,MOMENTUM,BIRLASLAMC - MOMENTUM,31.4,31.5,30.83,31.18,31.06,91422
2026-09-07,NIFTYQLITY,BIRLASLAMC - NIFTYQLITY,21.32,21.32,20.99,21.09,21.32,28266
2026-09-07,SILVER,BIRLASLAMC - SILVER,231.44,231.44,228.59,229.65,232.64,540810
2026-09-07,TECH,BIRLASLAMC - TECH,33.97,34.77,32.73,32.78,33.81,96939
2026-09-07,ABSLPSE,BIRLASLAMC-ABSLPSE,10.2,10.25,10.09,10.11,10.18,88062
2026-09-07,BSOFT,BIRLASOFT LIMITED,289.35,289.4,281.15,282.45,289.35,1074663
2026-09-07,BBOX,BLACK BOX LIMITED,721.85,780.5,711.0,774.25,712.25,1254584
2026-09-07,BLACKBUCK,BLACKBUCK LIMITED,587.95,593.6,582.05,583.6,586.1,145511
2026-09-07,BLBLIMITED,BLB LIMITED,16.9,17.05,16.35,16.87,16.68,83422
2026-09-07,BLSE,BLS E-SERVICES LIMITED,318.9,330.75,317.3,319.45,320.05,384135
2026-09-07,BLS,BLS INTL SERVS LTD,239.0,244.07,238.2,239.17,238.79,877913
2026-09-07,BLUECLOUDS,BLUE CLOUD SOFTECH SOLU L,19.92,20.16,19.62,19.69,19.88,826444
2026-09-07,BLUECOAST,BLUE COAST HOTELS LIMITED,23.49,23.99,22.32,22.44,23.49,760
2026-09-07,BLUEDART,BLUE DART EXPRESS LTD,4991.7,4996.6,4953.0,4988.8,4991.7,4441
2026-09-07,BLUEJET,BLUE JET HEALTHCARE LTD,570.8,572.9,561.0,569.05,569.8,454178
2026-09-07,BLUESTARCO,BLUE STAR LIMITED,1477.3,1503.3,1476.4,1496.0,1484.0,503988
2026-09-07,BLUESTONE,BLUESTONE JEWEL LFSTL LTD,845.0,883.3,843.05,870.0,842.75,1213108
2026-09-07,BLUSPRING,BLUSPRING ENTERPRISES LTD,138.86,138.96,135.05,137.19,138.96,216374
2026-09-07,BMWVENTLTD,BMW VENTURES LIMITED,54.7,55.7,54.7,55.21,55.36,61090
2026-09-07,BNAGROCHEM,BN AGROCHEM LTD.,224.0,224.0,208.0,213.46,216.73,3763
2026-09-07,BODALCHEM,BODAL CHEMICALS LTD,168.0,171.18,162.8,171.18,155.62,4910182
2026-09-07,BTML,BODHI TREE MULTIMEDIA LTD,8.59,8.59,8.34,8.49,8.51,612293
2026-09-07,BOHRAIND,BOHRA INDUSTRIES LIMITED,12.7,12.9,12.5,12.51,12.7,17811
2026-09-07,BBTC,BOMBAY BURMAH TRADING COR,1517.6,1524.5,1468.1,1471.9,1496.8,58433
2026-09-07,BOMDYEING,BOMBAY DYEING & MFG. CO L,113.05,113.66,112.0,112.21,113.47,233902
2026-09-07,BSHSL,BOMBAY SUPER HYBRID SEEDS,91.48,93.9,90.0,92.51,91.48,16733
2026-09-07,BONLON,BONLON INDUSTRIES LIMITED,43.0,43.0,40.05,40.08,40.13,5106
2026-09-07,BORANA,BORANA WEAVES LIMITED,304.65,339.0,304.65,325.25,307.6,103211
2026-09-07,BOROLTD,BOROSIL LIMITED,259.02,262.0,252.5,254.24,258.96,123730
2026-09-07,BORORENEW,BOROSIL RENEWABLES LTD,501.9,517.95,500.95,513.65,499.15,675793
2026-09-07,BOROSCI,BOROSIL SCIENTIFIC LTD,130.59,133.32,129.21,130.65,132.16,30777
2026-09-07,BOSCH-HCIL,BOSCH HOME COMFRT IND LTD,1825.0,1891.3,1802.3,1849.1,1818.8,64899
2026-09-07,BOSCHLTD,BOSCH LIMITED,46750.0,48550.0,46535.0,48025.0,46820.0,54963
2026-09-07,BPL,BPL LTD,49.38,49.87,48.1,48.77,49.38,35621
2026-09-07,BRAHMINFRA,BRAHMAPUTRA INFRA L,162.98,163.82,156.0,158.66,163.82,14611
2026-09-07,FIRSTCRY,BRAINBEES SOLUTIONS LTD,180.16,181.25,176.01,177.03,180.16,583428
2026-09-07,BCONCEPTS,BRAND CONCEPTS LIMITED,170.8,176.0,167.37,173.98,167.33,8363
2026-09-07,BRIGADE,BRIGADE ENTER. LTD,700.0,704.85,672.9,679.05,696.1,867916
2026-09-07,BRIGHOTEL,BRIGADE HOTEL VENTURE LTD,59.9,59.9,57.11,57.34,59.19,333568
2026-09-07,BRIGHTBR,BRIGHT BROTHERS LTD.,255.0,263.95,247.5,259.1,254.8,3231
2026-09-07,BCG,BRIGHTCOM GROUP LIMITED,9.05,9.79,9.05,9.62,8.98,18043444
2026-09-07,BRITANNIA,BRITANNIA INDUSTRIES LTD,5126.0,5126.0,5005.5,5042.5,5101.5,307760
2026-09-07,BROOKS,BROOKS LAB LIMITED,66.7,70.8,66.6,67.7,66.07,25779
2026-09-07,BSE,BSE LIMITED,3430.0,3474.5,3420.0,3446.2,3409.8,3952983
2026-09-07,BSL,BSL LTD,123.85,124.75,120.3,122.63,123.58,12827
2026-09-07,BUTTERFLY,BTRFLY GANDHI APPL LTD,624.8,624.85,613.0,614.9,624.85,8621
2026-09-07,BURNPUR,BURNPUR CEMENT LIMITED,22.63,22.63,20.49,20.49,21.56,378050
2026-09-07,CGVAK,C G V A K SOFTWARE & EX L,148.2,152.0,144.0,147.27,148.21,1517
2026-09-07,MAPMYINDIA,C.E. INFO SYSTEMS LIMITED,980.0,982.0,963.8,976.0,972.2,80595
2026-09-07,CMLL,CALIBER MINING AND LOG L,504.05,506.9,483.6,490.25,503.05,495341
2026-09-07,CAMLINFINE,CAMLIN FINE SCIENCES LTD,103.9,103.9,101.1,101.68,103.13,283654
2026-09-07,CAMPUS,CAMPUS ACTIVEWEAR LIMITED,222.91,222.91,217.2,218.77,223.24,487844
2026-09-07,CANFINHOME,CAN FIN HOMES LTD,805.8,814.4,795.0,805.45,807.4,378816
2026-09-07,CANBK,CANARA BANK,125.8,126.35,124.0,124.0,125.5,9628580
2026-09-07,CANHLIFE,CANARA HSBC LIFE INS CO L,158.5,158.5,152.95,153.97,157.23,1602353
2026-09-07,CRAMC,CANARA ROBECO AMC LIMITED,253.0,253.95,248.15,249.25,251.5,153117
2026-09-07,CANTABIL,CANTABIL RETAIL LTD,242.8,243.6,238.01,238.83,243.05,78096
2026-09-07,CAPACITE,CAPACITE INFRAPROJECT LTD,216.5,217.1,204.8,205.8,216.22,627204
2026-09-07,CAPILLARY,CAPILLARY TECHNO INDIA L,490.05,490.05,472.0,473.8,490.05,97805
2026-09-07,CIFL,CAPITAL INDIA FINANCE LTD,20.49,20.75,19.56,19.89,19.98,1286514
2026-09-07,CAPITALSFB,CAPITAL SMALL FIN BANK L,285.0,286.5,273.85,277.9,280.95,38251
2026-09-07,CAPLIPOINT,CAPLIN POINT LAB LTD.,2797.1,2836.0,2778.0,2814.0,2810.8,111399
2026-09-07,CGCL,CAPRI GLOBAL CAPITAL LTD,282.7,287.45,273.1,275.7,279.9,6271786
2026-09-07,CPL,CAPTAIN POLYPLAST LIMITED,62.6,63.49,62.1,62.28,62.11,117100
2026-09-07,CARBORUNIV,CARBORUNDUM UNIVERSAL LTD,1139.4,1151.0,1095.0,1104.0,1130.6,237087
2026-09-07,CARERATING,CARE RATINGS LIMITED,1738.1,1809.0,1715.7,1729.3,1738.2,92927
2026-09-07,CPEDU,CAREER POINT EDUTECH LTD,194.0,198.0,190.0,195.31,191.97,12394
2026-09-07,CARRARO,CARRARO INDIA LIMITED,532.0,544.9,526.0,540.45,533.65,167274
2026-09-07,CARTRADE,CARTRADE TECH LIMITED,3004.0,3250.0,3004.0,3179.9,3000.2,1233314
2026-09-07,CARYSIL,CARYSIL LIMITED,1136.1,1165.0,1105.1,1152.6,1140.8,198641
2026-09-07,CASTROLIND,CASTROL INDIA LIMITED,191.8,191.8,188.17,189.01,190.27,1639217
2026-09-07,CCL,CCL PRODUCTS (I) LTD,1103.8,1109.9,1085.0,1097.4,1106.2,151259
2026-09-07,CEATLTD,CEAT LIMITED,3368.0,3368.0,3287.0,3336.1,3333.2,55616
2026-09-07,CEIGALL,CEIGALL INDIA LIMITED,356.6,373.2,355.15,370.3,355.8,814931
2026-09-07,CEINSYS,CEINSYS TECH LIMITED,680.9,724.0,680.9,708.75,677.85,149385
2026-09-07,CELEBRITY,CELEBRITY FASHIONS LTD,6.8,6.8,6.66,6.72,6.8,10083
2026-09-07,CELLO,CELLO WORLD LIMITED,343.05,344.95,337.35,338.95,342.0,158668
2026-09-07,CEMPRO,CEMINDIA PROJECTS LIMITED,1297.4,1355.0,1284.6,1316.9,1297.4,401585
2026-09-07,CENTRALBK,CENTRAL BANK OF INDIA,31.03,31.15,30.8,30.96,31.08,3821575
2026-09-07,CDSL,CENTRAL DEPO SER (I) LTD,1392.1,1438.0,1383.8,1414.9,1394.6,2731594
2026-09-07,CMPDI,CENTRAL MINE P N D INST L,244.0,247.0,236.6,240.12,243.92,2756152
2026-09-07,CENTRUM,CENTRUM CAPITAL LIMITED,22.58,23.09,22.23,22.47,22.55,215222
2026-09-07,CENTUM,CENTUM ELECTRONICS LTD,3778.2,4420.0,3778.2,4376.9,3767.3,827315
2026-09-07,CENTENKA,CENTURY ENKA LTD,618.3,624.95,602.0,607.05,608.9,131351
2026-09-07,CENTEXT,CENTURY EXTRUSIONS LTD,20.36,21.0,20.31,20.92,20.19,166389
2026-09-07,CENTURYPLY,CENTURY PLYBOARDS (I) LTD,750.25,760.0,736.1,739.3,748.45,37954
2026-09-07,CERA,CERA SANITARYWARE LTD,5787.5,5799.0,5712.0,5743.5,5787.5,2630
2026-09-07,CESC,CESC LTD,146.5,150.0,145.0,145.44,146.5,1756003
2026-09-07,CGPOWER,CG POWER AND IND SOL LTD,902.0,912.05,894.25,895.0,891.0,3937949
2026-09-07,CHALET,CHALET HOTELS LIMITED,900.0,913.45,893.1,908.75,896.75,144926
2026-09-07,CLSEL,CHAMAN LAL SETIA EXP LTD,301.9,306.3,298.6,299.65,301.9,69317
2026-09-07,CHAMBLFERT,CHAMBAL FERTILIZERS LTD,420.0,421.95,416.45,418.05,419.05,364232
2026-09-07,CHEMBOND,CHEMBOND MATERIALTECH LTD,174.7,192.0,168.51,184.4,170.9,33357
2026-09-07,CHEMCRUX,CHEMCRUX ENTERPRISES LTD.,79.66,83.3,79.66,82.25,82.16,3553
2026-09-07,CHEMFAB,CHEMFAB ALKALIS LIMITED,360.1,365.9,350.0,356.05,360.1,2768
2026-09-07,CHEMPLASTS,CHEMPLAST SANMAR LIMITED,170.0,196.95,169.82,185.53,170.29,17821135
2026-09-07,CHENNPETRO,CHENNAI PETROLEUM CORP LT,1455.0,1461.4,1417.0,1430.2,1452.2,567726
2026-09-07,CHEVIOT,CHEVIOT COMPANY LIMITED,1189.9,1244.1,1177.0,1217.1,1159.4,14214
2026-09-07,CHOICEIN,CHOICE INTERNATIONAL LTD,762.0,768.95,751.85,755.65,760.95,290500
2026-09-07,CHOICEGOLD,CHOICEAMC - CHOICEGOLD,150.0,152.0,149.51,150.14,152.65,4860
2026-09-07,CHOLAHLDNG,CHOLAMANDALAM FIN HOL LTD,1523.0,1533.1,1495.3,1520.7,1525.7,60819
2026-09-07,CHOLAFIN,CHOLAMANDALAM IN & FIN CO,1838.6,1848.2,1798.3,1848.2,1839.0,876074
2026-09-07,CIEINDIA,CIE AUTOMOTIVE INDIA LTD,390.0,390.0,382.3,383.55,385.35,224191
2026-09-07,CINELINE,CINELINE INDIA LIMITED,98.4,104.4,95.23,98.71,95.23,332503
2026-09-07,CINEVISTA,CINEVISTA LIMITED,14.52,14.99,14.17,14.25,14.24,8091
2026-09-07,CIPLA,CIPLA LTD,1380.0,1395.7,1376.8,1395.0,1385.0,606497
2026-09-07,CUB,CITY UNION BANK LTD,235.5,248.85,234.2,238.48,236.01,6586154
2026-09-07,CLEDUCATE,CL EDUCATE LIMITED,58.05,60.98,56.7,60.97,58.08,25262
2026-09-07,CLEANMAX,CLEAN MAX ENVIRO EN SOL L,1344.0,1418.9,1340.3,1380.4,1347.9,347544
2026-09-07,CLEAN,CLEAN SCIENCE & TECH LTD,831.95,858.7,829.6,844.4,836.15,386433
2026-09-07,CMRGREEN,CMR GREEN TECHNOLOGIES L,229.0,230.38,220.0,221.03,228.34,755435
2026-09-07,CMSINFO,CMS INFO SYSTEMS LIMITED,243.46,244.98,238.11,239.02,243.46,454986
2026-09-07,COALINDIA,COAL INDIA LTD,416.6,420.3,413.3,418.85,415.35,13592701
2026-09-07,COASTCORP,COASTAL CORPORATION LTD,41.88,41.88,40.11,40.44,41.88,47462
2026-09-07,COCHINSHIP,COCHIN SHIPYARD LIMITED,1498.2,1520.4,1490.1,1506.4,1499.1,615515
2026-09-07,COFFEEDAY,COFFEE DAY ENTERPRISE LTD,33.1,34.26,31.0,31.13,32.86,2063142
2026-09-07,COFORGE,COFORGE LIMITED,1958.0,1958.6,1920.4,1935.0,1972.8,1187703
2026-09-07,COHANCE,COHANCE LIFESCIENCES LTD,450.0,458.2,443.5,449.55,456.6,845966
2026-09-07,COLPAL,COLGATE PALMOLIVE LTD.,1836.0,1838.9,1807.3,1813.5,1829.2,289793
2026-09-07,COMFINTE,COMFORT INTECH LTD.,6.22,6.3,6.0,6.11,6.21,138631
2026-09-07,COMSYN,COMMERCIAL SYN BAGS LTD,303.0,304.0,291.8,294.2,301.3,242835
2026-09-07,COMPEAU,COMPETENT AUTOMOB CO. L,371.5,371.5,350.0,353.0,371.8,250
2026-09-07,COMPUSOFT,COMPUCOM SOFTWARE LTD,13.04,13.26,13.02,13.16,13.02,32153
2026-09-07,CAMS,COMPUTER AGE MNGT SER LTD,748.0,748.8,736.5,736.5,748.8,452436
2026-09-07,CONCORDBIO,CONCORD BIOTECH LIMITED,1417.1,1456.1,1417.0,1443.2,1417.1,62119
2026-09-07,CEWATER,CONCORD ENVIRO SYSTEMS L,263.85,269.0,260.0,265.25,262.55,38769
2026-09-07,CFEL,CONFIDENCE FUTURIST ENE L,31.85,32.75,31.85,32.48,32.48,13840
2026-09-07,CONFIPET,CONFIDENCE PETRO IND LTD.,82.48,85.2,82.0,82.18,82.48,2942312
2026-09-07,CCCL,CONS. CONST. CONSORT LTD,14.6,14.62,13.91,14.14,14.27,124145
2026-09-07,CONCOR,CONTAINER CORP OF IND LTD,507.9,510.3,501.3,503.9,508.0,705152
2026-09-07,CONTROLPR,CONTROL PRINT LIMITED,596.3,608.0,589.55,600.2,593.35,13181
2026-09-07,CORALFINAC,CORAL INDIA FIN & HOUS LT,32.81,33.49,32.51,32.68,33.47,3658
2026-09-07,CORDSCABLE,CORDS CABLE INDUS LTD.,324.0,324.0,302.0,313.35,317.0,194076
2026-09-07,COROMANDEL,COROMANDEL INTERNTL. LTD,1937.1,1980.0,1925.1,1974.6,1938.8,86472
2026-09-07,CORONA,CORONA REMEDIES LIMITED,2100.0,2108.6,2056.7,2071.4,2100.1,8419
2026-09-07,COSMOFIRST,COSMO FIRST LIMITED,919.85,932.9,918.4,926.3,919.85,55031
2026-09-07,CCHHL,COUNTRY CLUB HOSP HOL LTD,12.7,12.98,12.61,12.65,12.61,21353
2026-09-07,CPCAP,CP CAPITAL LIMITED,129.1,140.7,128.11,135.89,128.33,111085
2026-09-07,CPSEETF,CPSE ETF,93.2,94.47,93.2,93.47,93.7,480522
2026-09-07,CRAFTSMAN,CRAFTSMAN AUTOMATION LTD,11456.0,11456.0,11100.0,11297.0,11398.0,27397
2026-09-07,CRAVATEX,CRAVATEX LTD.,335.0,335.0,320.2,322.05,329.5,207
2026-09-07,CREATIVEYE,CREATIVE EYE LIMITED,6.19,6.25,6.03,6.18,6.19,5934
2026-09-07,CNL,CREATIVE NEWTECH LIMITED,1221.5,1244.9,1200.0,1209.5,1215.5,20230
2026-09-07,CREDITACC,CREDITACCESS GRAMEEN LTD,1448.0,1448.5,1420.0,1427.2,1443.1,110842
2026-09-07,MUFTI,CREDO BRANDS MARKETING L,74.68,76.48,72.9,74.0,75.23,62838
2026-09-07,CREST,CREST VENTURES LIMITED,357.35,375.0,351.75,370.65,359.0,5288
2026-09-07,CRISIL,CRISIL LTD,4800.0,4838.7,4769.0,4786.6,4802.0,26082
2026-09-07,CRIZAC,CRIZAC LIMITED,160.31,164.79,160.11,162.15,160.29,199395
2026-09-07,CROMPTON,CROMPT GREA CON ELEC LTD,231.99,233.18,229.63,231.02,232.4,1668593
2026-09-07,CROWN,CROWN LIFTERS LIMITED,114.7,117.8,114.0,115.39,112.84,18928
2026-09-07,CSBBANK,CSB BANK LIMITED,328.4,328.4,318.75,321.15,328.55,390084
2026-09-07,CSLFINANCE,CSL FINANCE LIMITED,254.9,258.0,237.68,243.61,251.77,136742
2026-09-07,CSM,CSM TECHNOLOGIES LIMITED,94.0,95.0,92.67,93.57,94.36,104718
2026-09-07,CUBEXTUB,CUBEX TUBINGS LTD,77.98,77.98,76.01,76.25,76.8,36300
2026-09-07,CUMMINSIND,CUMMINS INDIA LTD,5035.0,5072.0,4985.0,5030.0,5035.0,201783
2026-09-07,CUPID,CUPID LIMITED,283.7,285.8,280.05,280.95,283.15,5517341
2026-09-07,CURAA,CURA TECHNOLOGIES LIMITED,76.0,80.0,76.0,77.96,72.46,2646
2026-09-07,CYBERMEDIA,CYBER MEDIA (INDIA) LTD.,26.82,28.99,26.4,26.57,26.4,438940
2026-09-07,CYIENTDLM,CYIENT DLM LIMITED,856.0,873.9,851.95,865.35,856.95,271098
2026-09-07,CYIENT,CYIENT LIMITED,1098.1,1117.6,1074.2,1105.4,1101.8,362143
2026-09-07,DLINKINDIA,D-LINK INDIA LTD,452.0,452.0,442.55,445.7,451.15,50148
2026-09-07,DPABHUSHAN,D. P. ABHUSHAN LIMITED,1419.0,1488.8,1406.2,1424.7,1414.2,43118
2026-09-07,DBCORP,D.B.CORP LTD,196.9,197.82,193.55,195.24,195.65,61431
2026-09-07,DABUR,DABUR INDIA LTD,380.9,381.8,373.8,375.5,380.9,2530210
2026-09-07,DALBHARAT,DALMIA BHARAT LIMITED,1750.0,1752.1,1701.2,1713.9,1749.3,81213
2026-09-07,DALMIASUG,DALMIA BHARAT SUG IN LTD,441.0,463.0,441.0,447.8,438.55,292054
2026-09-07,DAMCAPITAL,DAM CAPITAL ADVISORS LTD,144.3,145.21,143.0,143.38,144.9,155993
2026-09-07,DANGEE,DANGEE DUMS LIMITED,2.98,3.02,2.86,2.89,2.94,83815
2026-09-07,DATAPATTNS,DATA PATTERNS INDIA LTD,4569.1,4644.0,4554.3,4590.8,4585.0,304258
2026-09-07,DATAMATICS,DATAMATICS GLOBAL SER LTD,762.2,769.0,752.1,756.3,764.9,38172
2026-09-07,DAVANGERE,DAVANGERE SUGAR COMPANY L,2.02,2.05,1.95,1.96,1.96,20523336
2026-09-07,DCI,DC INFOTECH AND COMUN LTD,351.0,357.85,341.8,351.25,350.55,54966
2026-09-07,DCBBANK,DCB BANK LIMITED,220.9,222.99,218.05,221.31,220.74,877083
2026-09-07,DCMFINSERV,DCM FINANCIAL SERVICES LT,5.2,5.35,5.04,5.33,5.2,3440
2026-09-07,DCMNVL,DCM NOUVELLE LIMITED,186.99,188.0,182.35,183.01,184.96,14824
2026-09-07,DCMSRIND,DCM SHRIRAM IND LTD,45.97,47.46,44.0,44.53,44.91,523876
2026-09-07,DCMSIL,DCM SHRIRAM INTERNATNL L,68.57,69.79,67.0,67.42,68.76,65873
2026-09-07,DCMSHRIRAM,DCM SHRIRAM LIMITED,1019.9,1025.4,1005.0,1011.2,1020.9,56453
2026-09-07,DCW,DCW LTD,45.86,48.99,45.67,47.99,45.98,5474375
2026-09-07,DCXINDIA,DCX SYSTEMS LIMITED,168.64,175.7,168.5,173.67,168.83,1095598
2026-09-07,DDEVPLSTIK,DDEV PLASTIKS IND LTD,275.0,278.95,272.3,274.75,273.0,102212
2026-09-07,DENORA,DE NORA INDIA LIMITED,812.3,835.0,806.05,814.35,812.3,2607
2026-09-07,DECCANCE,DECCAN CEMENTS LIMITED,569.9,583.45,567.1,573.15,569.75,23294
2026-09-07,DECNGOLD,DECCAN GOLD MINES LTD.,213.98,217.8,212.1,215.77,213.87,636636
2026-09-07,DEEDEV,DEE DEVELOPMENT ENG LTD,667.0,690.0,652.5,677.05,658.25,299886
2026-09-07,DEEPINDS,DEEP INDUSTRIES LIMITED,790.0,799.5,765.0,785.2,786.45,736057
2026-09-07,DEEP,DEEP POLYMERS LTD.,34.6,35.7,34.6,35.57,35.0,14659
2026-09-07,DBEIL,DEEPAK BUILDERS & ENG I L,6.61,7.71,6.61,7.5,6.43,3371577
2026-09-07,DEEPAKFERT,DEEPAK FERTILIZERS & PETR,1362.0,1368.9,1337.2,1344.2,1362.1,194988
2026-09-07,DEEPAKNTR,DEEPAK NITRITE LTD,1712.4,1728.3,1636.5,1642.1,1712.4,424929
2026-09-07,DELHIVERY,DELHIVERY LIMITED,456.0,458.75,450.4,453.8,457.9,583502
2026-09-07,DELTACORP,DELTA CORP LIMITED,56.25,56.8,56.0,56.2,56.12,457673
2026-09-07,DELTAMAGNT,DELTA MANUFACTURING LTD,59.45,59.45,56.7,58.38,58.4,1235
2026-09-07,DEN,DEN NETWORKS LTD,27.7,28.07,27.7,27.9,27.97,188251
2026-09-07,DENTA,DENTA WATER N INFRA SOL L,275.4,283.25,272.65,280.65,275.35,128930
2026-09-07,DEVX,DEV ACCELERATOR LIMITED,33.29,33.29,31.5,33.0,33.29,44383
2026-09-07,DEVIT,DEV INFO TECHNOLOGY LTD,24.12,25.0,24.05,24.27,24.21,60754
2026-09-07,DEVYANI,DEVYANI INTERNATIONAL LTD,138.93,140.57,137.11,138.8,139.28,1286011
2026-09-07,DBOL,DHAMPUR BIO ORGANICS LTD,126.0,129.4,125.03,127.52,124.99,207124
2026-09-07,DHAMPURSUG,DHAMPUR SUGAR MILLS LTD.,170.79,176.89,170.5,171.28,167.59,893333
2026-09-07,DHANBANK,DHANLAXMI BANK LIMITED,31.92,31.99,30.97,31.36,31.86,691890
2026-09-07,DHANUKA,DHANUKA AGRITECH LTD,1011.0,1030.0,1004.4,1023.7,1010.65,28708
2026-09-07,DHARMAJ,DHARMAJ CROP GUARD LTD,269.8,271.85,268.8,270.05,270.05,21811
2026-09-07,DHATRE,DHATRE UDYOG LTD.,4.35,5.17,4.21,4.57,4.33,122265
2026-09-07,DHOOTTRANS,DHOOT TRANSMISSION LTD,1580.0,1584.0,1526.1,1551.7,1615.7,1799977
2026-09-07,DHRUV,DHRUV CONSULTANCY SER LTD,23.0,23.39,22.32,22.8,22.32,6742
2026-09-07,DHUNINV,DHUNSERI INVESTMENTS LTD,1017.9,1043.0,1017.35,1036.5,1019.15,417
2026-09-07,DVL,DHUNSERI VENTURES LIMITED,291.8,301.0,291.0,298.2,290.05,40018
2026-09-07,DIAMINESQ,DIAMINES & CHEMICALS LTD,241.06,244.77,239.48,242.29,240.99,6892
2026-09-07,DICIND,DIC INDIA LIMITED,618.6,630.0,618.05,625.35,618.6,7985
2026-09-07,DIFFNKG,DIFFUSION ENGINEERS LTD,475.0,479.0,444.0,454.4,474.9,545618
2026-09-07,DGCONTENT,DIGICONTENT LIMITED,23.55,25.5,23.55,24.55,24.83,4499
2026-09-07,DIGIDRIVE,DIGIDRIVE DISTRIBUTORS L,17.02,18.18,17.02,17.73,17.65,17456
2026-09-07,DIGISPICE,DIGISPICE TECHNOLOGIES LT,17.17,17.17,16.75,16.97,16.98,36898
2026-09-07,DIGITIDE,DIGITIDE SOLUTIONS LTD,97.82,98.37,94.5,95.77,97.01,196958
2026-09-07,DIGJAMLMTD,DIGJAM LTD,50.96,50.96,48.35,49.94,49.96,578
2026-09-07,DNAMEDIA,DILIGENT MEDIA CORP LTD.,2.67,2.69,2.51,2.63,2.63,28920
2026-09-07,DBL,DILIP BUILDCON LIMITED,398.0,403.0,390.0,391.85,401.0,124937
2026-09-07,DISAQ,DISA INDIA LTD.,11950.0,12167.0,11621.0,11758.0,11990.0,509
2026-09-07,DISHTV,DISH TV INDIA LTD.,2.57,2.57,2.51,2.52,2.57,1384237
2026-09-07,DCAL,DISHMAN CARBO AMCIS LTD,175.0,175.0,170.72,171.53,174.38,139366
2026-09-07,DIVGIITTS,DIVGI TORQTRANSFER SYST L,1242.0,1285.2,1155.2,1175.9,1235.8,213515
2026-09-07,DIVISLAB,DIVI S LABORATORIES LTD,9119.5,9315.0,9119.5,9315.0,9100.0,502162
2026-09-07,DIXON,DIXON TECHNO (INDIA) LTD,14227.0,14429.0,13937.0,14180.0,14240.0,377556
2026-09-07,DJML,DJ MEDIAPRINT & LOG LTD,75.64,76.99,73.51,75.07,75.64,102035
2026-09-07,DLF,DLF LIMITED,685.0,685.0,672.7,672.7,681.9,1252534
2026-09-07,DMCC,DMCC SPECIALITY CHEMICALS,296.0,297.0,291.8,293.3,293.35,24500
2026-09-07,DODLA,DODLA DAIRY LIMITED,1066.8,1083.9,1056.6,1073.1,1066.8,17288
2026-09-07,DOLATALGO,DOLAT ALGOTECH LIMITED,71.0,71.0,69.5,69.96,70.91,121207
2026-09-07,DOLLAR,DOLLAR INDUSTRIES LIMITED,262.15,265.0,261.0,262.05,264.25,78512
2026-09-07,DOLPHIN,DOLPHIN OFF ENT (IND) L,687.0,741.4,660.0,720.4,674.0,400551
2026-09-07,DOMS,DOMS INDUSTRIES LIMITED,2203.0,2225.0,2195.0,2201.5,2208.7,28632
2026-09-07,DONEAR,DONEAR IND. LIMITED,93.9,94.49,88.3,89.13,92.25,78902
2026-09-07,AGARWALEYE,DR AGARWALS HEALTH CARE L,514.1,528.8,513.8,518.25,514.1,402398
2026-09-07,DRAGARWQ,DR. AGARWAL'S EYE HOSP L,5475.0,5494.5,5280.0,5323.5,5422.5,2556
2026-09-07,LALPATHLAB,DR. LAL PATH LABS LTD.,1880.0,1913.0,1870.1,1901.9,1877.5,191362
2026-09-07,DRREDDY,DR. REDDY S LABORATORIES,1150.5,1163.2,1141.8,1144.2,1151.0,420952
2026-09-07,DRCSYSTEMS,DRC SYSTEMS INDIA LIMITED,13.78,14.18,13.2,13.25,13.64,84530
2026-09-07,DREAMFOLKS,DREAMFOLKS SERVICES LTD,66.01,66.96,65.45,65.94,66.93,37302
2026-09-07,DREDGECORP,DREDGING CORP OF INDIA,1080.0,1096.0,1050.1,1054.2,1087.7,147493
2026-09-07,KEEPLEARN,DSJ KEEP LEARNING LTD,2.0,2.24,1.89,1.91,1.87,173243
2026-09-07,LIQUIDETF,DSP LIQUID ETF,999.99,1000.01,999.99,999.99,999.99,94305
2026-09-07,BANK10ADD,DSPAMC - BANK10ADD,16.93,17.14,16.8,16.91,16.93,1853887
2026-09-07,BANKADD,DSPAMC - DSPBANK,58.67,58.82,58.41,58.71,58.99,82169
2026-09-07,GOLDADD,DSPAMC - DSPGOLD,14.9,14.9,14.65,14.74,14.95,2711253
2026-09-07,ITADD,DSPAMC - DSPIT,32.5,32.73,31.68,31.79,32.57,195664
2026-09-07,EQUAL50ADD,DSPAMC - DSPNEWETF,340.0,340.0,337.57,338.64,340.33,30125
2026-09-07,NIFTYADD,DSPAMC - DSPNIFTY,252.48,255.5,249.96,250.91,252.48,4423
2026-09-07,PSUBANKADD,DSPAMC - DSPPSBKETF,86.36,86.36,85.0,85.39,86.43,35983
2026-09-07,PVTBANKADD,DSPAMC - DSPPVBKETF,28.25,28.29,28.17,28.24,28.34,26044
2026-09-07,MIDQ50ADD,DSPAMC - DSPQ50ETF,25.04,25.04,24.85,24.92,25.01,37263
2026-09-07,SENSEXADD,DSPAMC - DSPSENXETF,79.29,79.29,78.45,78.54,79.29,1646
2026-09-07,SILVERADD,DSPAMC - DSPSILVETF,22.34,22.34,22.04,22.15,22.44,5429513
2026-09-07,FLEXIADD,DSPAMC - FLEXIADD,10.11,10.11,9.95,9.98,10.06,69225
2026-09-07,FMCGADD,DSPAMC - FMCGADD,46.71,46.71,45.87,45.93,46.25,21129
2026-09-07,GSEC10ADD,DSPAMC - GSEC10ADD,26.79,26.81,26.75,26.81,26.79,11
2026-09-07,HEALTHADD,DSPAMC - HEALTHADD,16.6,17.0,16.56,16.68,16.58,13107
2026-09-07,LIQUIDADD,DSPAMC - LIQUIDADD,1143.64,1143.81,1143.63,1143.64,1143.51,2275197
2026-09-07,MIDBANKADD,DSPAMC - MIDBANKADD,17.5,17.5,17.35,17.38,17.5,2242
2026-09-07,MIDCAPADD,DSPAMC - MIDCAPADD,23.28,23.28,23.09,23.12,23.28,1740
2026-09-07,MSCIADD,DSPAMC - MSCIADD,29.44,29.44,29.25,29.3,29.53,1891
2026-09-07,NEXT30ADD,DSPAMC - NEXT30ADD,42.57,42.64,42.36,42.49,42.69,7601
2026-09-07,NEXT50ADD,DSPAMC - NEXT50ADD,73.28,73.35,72.95,73.04,73.52,2995
2026-09-07,SMALLADD,DSPAMC - SMALLADD,18.54,18.67,18.47,18.57,18.53,253514
2026-09-07,TOP10ADD,DSPAMC - TOP10ADD,87.98,87.99,87.01,87.19,87.98,208340
2026-09-07,DUCON,DUCON INFRATECHNOLOGIES L,1.9,1.97,1.76,1.79,1.92,2533778
2026-09-07,DWARKESH,DWARIKESH SUGAR IND LTD,47.79,49.62,47.0,47.38,47.31,3965247
2026-09-07,DSSL,DYNACONS SYS & SOLN LTD,1086.9,1096.9,1035.0,1040.4,1053.1,51125
2026-09-07,DYNAMATECH,DYNAMATIC TECHNOLOGIES,11654.0,11974.0,11483.0,11569.0,11654.0,17282
2026-09-07,DYCL,DYNAMIC CABLES LIMITED,487.9,494.8,452.7,461.05,487.9,1246633
2026-09-07,DYNPRO,DYNEMIC PRODUCTS LIMITED,239.5,239.5,228.94,233.2,236.06,13546
2026-09-07,EASTWEST,EAST WEST FREIGHT CARRI L,2.33,2.4,2.31,2.36,2.36,35817
2026-09-07,EASEMYTRIP,EASY TRIP PLANNERS LTD,6.0,6.05,5.95,6.01,6.0,7840157
2026-09-07,ECLERX,ECLERX SERVICES LTD,1905.7,1910.7,1858.0,1888.8,1905.7,171958
2026-09-07,ECORECO,ECO RECYCLING LTD.,458.0,475.0,454.6,456.0,459.35,7709
2026-09-07,ECOSMOBLTY,ECOS (INDIA) MOB & HOSP L,116.4,116.4,111.3,111.75,113.54,72911
2026-09-07,BBETF0432,EDELAMC - BBETF0432,1352.99,1352.99,1341.7,1346.06,1342.3,7586
2026-09-07,EBANK10,EDELAMC - EBANK10,16.81,16.81,16.63,16.65,16.84,667
2026-09-07,EBANKNIFTY,EDELAMC - EBANKNIFTY,57.78,57.88,57.48,57.78,58.26,713
2026-09-07,EBBETF0430,EDELAMC - EBBETF0430,1601.0,1614.0,1601.0,1612.3,1609.05,4405
2026-09-07,EBBETF0431,EDELAMC - EBBETF0431,1442.98,1442.98,1433.04,1435.08,1440.43,3434
2026-09-07,EBBETF0433,EDELAMC - EBBETF0433,1311.12,1314.98,1306.02,1310.01,1311.12,15394
2026-09-07,ECAPINSURE,EDELAMC - ECAPINSURE,24.24,24.24,23.76,23.9,23.99,28186
2026-09-07,EGOLD,EDELAMC - EGOLD,153.3,153.3,150.9,151.95,153.8,506401
2026-09-07,ELIQUID,EDELAMC - ELIQUID,1046.7,1046.72,1046.7,1046.71,1046.6,35902
2026-09-07,ELM250,EDELAMC - ELM250,16.75,16.75,16.23,16.41,16.61,110565
2026-09-07,ELMDIV,EDELAMC - ELMDIV,36.68,36.68,36.16,36.26,36.5,1265
2026-09-07,EMETAL,EDELAMC - EMETAL,13.38,13.38,13.12,13.17,13.36,7027
2026-09-07,EMULTIMQ,EDELAMC - EMULTIMQ,42.13,42.22,41.78,42.0,42.0,18947
2026-09-07,ENEXT50,EDELAMC - ENEXT50,73.24,73.52,72.5,72.63,73.1,201
2026-09-07,ENIFTY,EDELAMC - ENIFTY,23.58,24.79,23.58,24.01,24.19,9333
2026-09-07,ESENSEX,EDELAMC - ESENSEX,76.42,77.29,76.42,76.77,77.46,158
2026-09-07,ESILVER,EDELAMC - ESILVER,225.12,231.77,225.12,230.04,232.78,43044
2026-09-07,EDELWEISS,EDELWEISS FIN SERV LTD,137.0,137.0,130.51,132.72,136.08,21562787
2026-09-07,EFCIL,EFC (I) LIMITED,192.2,194.79,190.61,191.74,193.24,571486
2026-09-07,EICHERMOT,EICHER MOTORS LTD,7658.0,7729.0,7615.0,7672.0,7630.5,466050
2026-09-07,EIDPARRY,EID PARRY INDIA LTD,782.0,796.8,771.25,777.7,781.35,301706
2026-09-07,EIHAHOTELS,EIH ASSOCIATED HOTELS LTD,296.35,300.0,294.1,296.45,297.65,9142
2026-09-07,EIHOTEL,EIH LIMITED,294.0,294.85,290.5,294.0,291.9,112598
2026-09-07,EIMCOELECO,EIMCO ELECON (INDIA) LTD,2263.2,2282.3,2236.2,2268.0,2254.4,14898
2026-09-07,EKI,EKI ENERGY SERVICES LTD,74.25,74.42,70.0,71.37,74.13,29655
2026-09-07,ELANTAS,ELANTAS BECK INDIA LTD.,12295.0,13876.0,11900.0,13054.0,12219.0,17387
2026-09-07,ELCIDIN,ELCID INVESTMENTS LTD.,109995.0,109995.0,107500.0,108950.0,107590.0,8
2026-09-07,ELDEHSG,ELDECO HSG & IND LTD.,789.05,799.0,778.6,788.85,789.1,667
2026-09-07,ELECON,ELECON ENG. CO. LTD,431.65,434.3,423.15,426.7,433.75,259797
2026-09-07,EMIL,ELECTRONICS MART IND LTD,173.74,182.4,171.0,178.24,173.74,1704742
2026-09-07,ELECTCAST,ELECTROSTEEL CASTINGS LTD,83.8,84.99,80.13,80.51,83.71,3291661
2026-09-07,ELECTHERM,ELECTROTHERM (I) LTD.,980.9,990.9,965.0,966.4,980.9,15422
2026-09-07,ELGIEQUIP,ELGI EQUIPMENTS LTD,645.95,653.4,637.3,642.4,642.1,807924
2026-09-07,ELGIRUBCO,ELGI RUBBER CO. LTD,58.69,58.9,56.82,57.68,58.69,34515
2026-09-07,ELIN,ELIN ELECTRONICS LIMITED,95.05,96.9,95.01,96.14,95.4,73903
2026-09-07,ELITECON,ELITECON INTERNATIONAL L,8.25,8.91,8.25,8.25,8.68,4027390
2026-09-07,ELLEN,ELLENBARRIE INDUS GASES L,327.0,335.15,320.0,321.7,331.85,282425
2026-09-07,ELPROINTL,ELPRO INTERNATIONAL LTD,175.0,177.58,174.41,175.05,174.0,10857
2026-09-07,EMAMILTD,EMAMI LIMITED,366.65,370.95,364.7,367.55,366.05,907011
2026-09-07,EMAMIREAL,EMAMI REALTY LIMITED,66.99,68.99,65.75,67.62,66.74,16845
2026-09-07,EMBDL,EMBASSY DEVELOPMENTS LTD,57.53,59.45,56.85,59.1,57.53,3189848
2026-09-07,EMCURE,EMCURE PHARMACEUTICALS L,1934.8,1960.1,1915.1,1926.8,1927.6,118478
2026-09-07,EMKAY,EMKAY GLOBAL FIN SERV LTD,270.75,278.9,262.0,265.15,267.25,50770
2026-09-07,EMMVEE,EMMVEE PHOTOVOLTAIC PWR L,323.7,334.7,320.25,325.2,325.2,2033248
2026-09-07,EMPIND,EMPIRE INDUSTRIES LTD.,1214.9,1220.0,1188.1,1192.1,1195.6,17291
2026-09-07,EMPOWER,EMPOWER INDIA LTD.,1.92,1.93,1.92,1.93,1.84,9399271
2026-09-07,EMSLIMITED,EMS LIMITED,383.5,392.6,376.9,385.55,383.05,270932
2026-09-07,EMUDHRA,EMUDHRA LIMITED,527.85,530.45,500.1,502.45,524.8,172528
2026-09-07,ENDURANCE,ENDURANCE TECHNO. LTD.,2782.8,2798.9,2745.1,2763.2,2782.8,53026
2026-09-07,ENERGYDEV,ENERGY DEVE. CO.LTD,15.48,15.69,15.25,15.43,15.49,20723
2026-09-07,ENGINERSIN,ENGINEERS INDIA LTD,281.05,283.75,272.75,277.05,279.45,3272902
2026-09-07,ENKEIWHEL,ENKEI WHEELS (INDIA) LTD.,399.0,410.9,395.0,395.15,389.8,1719
2026-09-07,ENTERO,ENTERO HEALTHCARE SOLU L,1857.0,1920.0,1835.0,1898.4,1827.6,322283
2026-09-07,ENIL,ENTERTAIN NET. IND. LTD.,102.65,104.26,101.03,101.34,102.65,17853
2026-09-07,EIEL,ENVIRO INFRA ENGINEERS L,199.2,204.7,197.25,198.33,199.17,824767
2026-09-07,EPACK,EPACK DURABLE LIMITED,189.49,190.94,185.15,186.33,189.27,278336
2026-09-07,EPACKPEB,EPACK PREFAB TECHN LTD,231.11,233.07,228.15,230.44,231.11,232605
2026-09-07,EPIGRAL,EPIGRAL LIMITED,1228.0,1231.8,1176.1,1179.8,1219.7,50803
2026-09-07,EPL,EPL LIMITED,248.0,255.75,246.3,248.95,247.1,6283376
2026-09-07,EQUITASBNK,EQUITAS SMALL FIN BNK LTD,72.95,73.74,72.6,73.35,72.95,843776
2026-09-07,ERIS,ERIS LIFESCIENCES LIMITED,1327.4,1341.0,1318.2,1324.3,1321.7,27451
2026-09-07,ESABINDIA,ESAB INDIA LTD,6053.5,6108.0,6015.0,6092.0,6067.5,5026
2026-09-07,ESCORTS,ESCORTS KUBOTA LIMITED,2965.0,2985.3,2936.0,2957.4,2968.8,25297
2026-09-07,ESDS,ESDS SOFTWARE SOLUTION L,1090.05,1090.05,1090.05,1090.05,908.4,742653
2026-09-07,ESSARSHPNG,ESSAR SHIPPING LTD,17.18,17.65,16.12,16.41,17.09,372333
2026-09-07,ESTER,ESTER INDUSTRIES LTD,94.4,94.4,90.95,91.54,93.57,92014
2026-09-07,ETERNAL,ETERNAL LIMITED,325.75,325.75,319.7,320.8,322.75,12845170
2026-09-07,ETHOSLTD,ETHOS LIMITED,2779.8,2844.7,2724.6,2746.6,2792.8,44369
2026-09-07,EUREKAFORB,EUREKA FORBES LIMITED,426.0,426.0,402.9,406.2,423.75,195035
2026-09-07,EUROBOND,EURO PANEL PRODUCTS LTD,154.0,154.0,148.0,150.78,151.0,6201
2026-09-07,EUROPRATIK,EURO PRATIK SALES LIMITED,262.0,263.55,255.4,257.0,263.75,190094
2026-09-07,EVEREADY,EVEREADY INDS. IND.  LTD.,315.75,331.0,315.0,327.15,317.9,116376
2026-09-07,EKC,EVEREST KANTO CYLINDERLTD,105.94,106.42,102.91,104.7,106.42,182166
2026-09-07,EXCELINDUS,EXCEL INDUSTRIES LTD,1036.0,1036.1,999.0,1002.6,1031.4,11574
2026-09-07,EXCELSOFT,EXCELSOFT TECHNOLOGIES L,70.01,70.39,66.9,68.26,70.23,583097
2026-09-07,EXICOM,EXICOM TELE SYSTEMS LTD,179.0,187.6,178.0,184.33,177.85,4232220
2026-09-07,EXIDEIND,EXIDE INDUSTRIES LTD,422.3,427.5,416.6,425.75,424.35,1662688
2026-09-07,EXPLEOSOL,EXPLEO SOLUTIONS LIMITED,910.45,922.0,895.0,899.55,899.0,32051
2026-09-07,EXXARO,EXXARO TILES LIMITED,6.68,6.69,6.25,6.59,6.59,571741
2026-09-07,FABTECH,FABTECH TECHNOLOGIES LTD,148.35,150.2,148.35,148.47,150.2,35383
2026-09-07,FACT,FACT LTD,799.5,808.95,791.3,793.3,801.4,53413
2026-09-07,FAZE3Q,FAZE THREE LIMITED,493.0,503.3,482.8,500.9,493.95,8510
2026-09-07,FCSSOFT,FCS SOFTWARE SOLN. LTD.,1.47,1.47,1.43,1.43,1.45,1557564
2026-09-07,FDC,FDC LIMITED,345.55,345.55,338.6,342.15,342.8,89168
2026-09-07,FEDFINA,FEDBANK FINANCIAL SER L,162.89,169.0,161.07,165.45,161.56,2135760
2026-09-07,FEDDERSHOL,FEDDERS HOLDING LTD.,48.0,48.6,48.0,48.03,47.28,2445557
2026-09-07,FEDERALBNK,FEDERAL BANK LTD,343.0,343.0,337.6,342.0,343.0,5174214
2026-09-07,FMGOETZE,FEDERAL-MOGUL GOETZE (IND,490.0,494.0,462.9,482.05,501.45,1455155
2026-09-07,FERMENTA,FERMENTA BIOTECH LTD.,502.0,511.0,494.0,496.5,498.5,79101
2026-09-07,FIBERWEB,FIBERWEB INDIA LIMITED,26.49,26.55,25.32,26.42,25.75,21246
2026-09-07,FIEMIND,FIEM INDUSTRIES LIMITED,2085.8,2090.0,2053.0,2068.8,2085.8,38402
2026-09-07,FILATFASH,FILATEX FASHIONS LIMITED,0.19,0.19,0.17,0.18,0.18,36890656
2026-09-07,FILATEX,FILATEX INDIA LTD,78.5,79.69,76.25,76.59,77.72,990763
2026-09-07,FINEORG,FINE ORGANIC IND. LTD.,5126.0,5169.5,5070.0,5125.0,5152.0,11396
2026-09-07,FCL,FINEOTEX CHEMICAL LIMITED,52.25,56.66,52.19,56.66,51.51,42019821
2026-09-07,FINKURVE,FINKURVE FINANCIAL SERV L,72.91,77.0,70.21,71.45,72.31,65750
2026-09-07,FINOPB,FINO PAYMENTS BANK LTD,139.34,142.69,137.81,138.9,139.33,187350
2026-09-07,FINCABLES,FINOLEX CABLES LTD,1212.0,1252.0,1211.1,1227.0,1220.2,732032
2026-09-07,FINPIPE,FINOLEX INDUSTRIES LTD,158.0,160.21,156.85,157.16,158.63,261198
2026-09-07,FSL,FIRSTSOURCE SOLU. LTD.,265.05,266.0,256.85,259.6,264.4,821088
2026-09-07,FISCHER,FISCHER MEDICAL VENTURE L,36.34,36.34,35.5,35.72,36.04,250781
2026-09-07,FIVESTAR,FIVE-STAR BUS FIN LTD,519.0,530.95,519.0,526.2,523.05,276188
2026-09-07,FLAIR,FLAIR WRITING INDUST LTD,243.75,244.8,239.15,240.22,243.71,98923
2026-09-07,FOODSIN,FOODS & INNS LIMITED,57.3,57.9,56.32,57.4,57.37,65087
2026-09-07,FORCEMOT,FORCE MOTORS LIMITED,17521.0,17947.0,17501.0,17829.0,17500.0,51095
2026-09-07,FORTIS,FORTIS HEALTHCARE LTD,902.1,911.5,892.8,910.0,905.0,893344
2026-09-07,FOSECOIND,FOSECO INDIA LTD,6263.0,6354.5,6110.0,6128.5,6263.0,8061
2026-09-07,FRACTAL,FRACTAL ANALYTICS LIMITED,821.0,821.95,798.55,801.2,825.45,397346
2026-09-07,FREDUN,FREDUN PHARMACEUTICALS L,1487.0,1487.0,1360.0,1405.5,1470.7,33122
2026-09-07,FRONTSP,FRONTIER SPRINGS LTD.,1304.8,1304.8,1264.0,1268.0,1291.8,10430
2026-09-07,NYKAA,FSN E COMMERCE VENTURES,331.0,339.75,330.1,332.7,332.5,4285910
2026-09-07,UTLSOLAR,FUJIYAMA POWER SYSTEMS L,432.5,434.75,413.05,417.3,429.75,247130
2026-09-07,FUSION,FUSION FINANCE LIMITED,202.9,206.5,198.15,200.52,203.19,888653
2026-09-07,FMNL,FUTURE MKT NETWORKS LTD,10.59,10.59,9.6,9.77,10.1,81674
2026-09-07,GMBREW,G M BREWERIES LTD,915.1,951.0,914.1,941.4,919.85,90903
2026-09-07,GRINFRA,G R INFRAPROJECTS LIMITED,869.1,874.95,852.85,862.6,869.1,29533
2026-09-07,GABRIEL,GABRIEL INDIA LTD,1353.1,1374.0,1326.7,1363.5,1353.2,147826
2026-09-07,GAIL,GAIL (INDIA) LTD,173.4,177.3,172.8,176.0,173.4,9910348
2026-09-07,GAJA,GAJA ALT ASSET MGT LTD,161.75,161.99,154.2,155.42,161.1,1078393
2026-09-07,GALAPREC,GALA PRECISION ENG LTD,1034.5,1055.0,1012.3,1037.4,1024.0,30325
2026-09-07,GALAXYSURF,GALAXY SURFACTANTS LTD,2154.2,2178.0,2126.0,2136.6,2165.0,15905
2026-09-07,GALLANTT,GALLANTT ISPAT LIMITED,574.5,577.8,566.05,572.45,574.0,54832
2026-09-07,GANDHAR,GANDHAR OIL REFINE IND L,268.0,271.8,261.8,264.85,267.6,719670
2026-09-07,GANDHITUBE,GANDHI SPL. TUBES LTD,889.0,905.0,889.0,898.55,900.15,4198
2026-09-07,GANESHCP,GANESH CONSUMER PRODUCT L,177.0,178.75,168.25,169.59,174.46,155960
2026-09-07,GANESHHOU,GANESH HOUSING LIMITED,755.1,763.15,751.0,758.75,758.95,17875
2026-09-07,GANECOS,GANESHA ECOSPHERE LIMITED,999.9,999.9,970.4,990.0,999.9,109978
2026-09-07,GANGAFORGE,GANGA FORGING LIMITED,1.7,1.76,1.62,1.63,1.68,6103756
2026-09-07,GANGESSECU,GANGES SECURITIES LIMITED,118.01,123.0,117.83,121.89,118.71,4328
2026-09-07,GRSE,GARDEN REACH SHIP&ENG LTD,2530.0,2542.5,2502.0,2506.6,2533.2,215499
2026-09-07,GARUDA,GARUDA CONSTRUCT N ENG L,180.0,180.0,176.81,178.63,178.73,211606
2026-09-07,GRWRHITECH,GARWARE HI-TECH FILMS LTD,7066.0,7112.5,6560.5,6951.5,7086.5,248502
2026-09-07,GARFIBRES,GARWARE TECH FIBRES LTD,800.55,822.65,795.35,819.25,800.55,29908
2026-09-07,GATEWAY,GATEWAY DISTRIPARKS LTD,54.87,55.0,53.8,53.96,54.69,397333
2026-09-07,GAYAHWS,GAYATRI HIGHWAYS LIMITED,1.93,2.0,1.91,1.92,1.93,289982
2026-09-07,GAYAPROJ,GAYATRI PROJECTS LTD,22.5,22.5,21.81,22.18,21.76,565332
2026-09-07,GVPIL,GE POWER INDIA LIMITED,647.0,682.0,641.0,655.15,649.6,230305
2026-09-07,GVT&D,GE VERNOVA T&D INDIA LTD,4334.5,4389.1,4321.1,4367.2,4306.3,295967
2026-09-07,GEEKAYWIRE,GEEKAY WIRES LIMITED,30.15,30.92,29.85,30.14,29.61,256145
2026-09-07,GEMAROMA,GEM AROMATICS LIMITED,161.5,166.69,157.5,158.19,161.5,70224
2026-09-07,GICRE,GENERAL INS CORP OF INDIA,361.9,362.45,348.2,349.8,358.45,1713058
2026-09-07,GENCON,GENERIC ENG CONS PROJ LTD,44.42,44.99,41.52,41.98,44.63,366956
2026-09-07,GENESYS,GENESYS INTL CORPN LTD,234.0,241.9,227.03,240.16,230.88,670463
2026-09-07,GENUSPAPER,GENUS P&B LIMITED,12.76,14.2,12.37,13.22,12.76,517475
2026-09-07,GENUSPOWER,GENUS POWER INFRASTRU LTD,335.0,346.9,334.0,336.4,337.8,2776994
2026-09-07,GEOJITFSL,GEOJIT FINANCIAL SER L,82.96,83.68,82.1,82.78,82.72,197271
2026-09-07,GFLLIMITED,GFL LIMITED,63.99,63.99,61.41,62.17,62.81,173356
2026-09-07,GHCL,GHCL LIMITED,437.0,437.95,432.5,433.35,436.6,54136
2026-09-07,GHCLTEXTIL,GHCL TEXTILES LIMITED,139.8,139.8,132.4,133.36,136.72,359899
2026-09-07,GICHSGFIN,GIC HOUSING FINANCE LTD,141.99,142.44,140.1,140.42,140.45,62788
2026-09-07,GILLANDERS,GILLANDERS ARBUTHNOT LTD,103.05,105.0,101.2,104.63,103.19,2241
2026-09-07,GILLETTE,GILLETTE INDIA LTD,7312.5,7391.0,7280.0,7380.5,7312.5,9738
2026-09-07,GKENERGY,GK ENERGY LIMITED,128.96,131.67,127.41,129.46,128.96,248778
2026-09-07,GKB,GKB OPHTHALMICS LTD.,64.0,68.0,62.25,65.25,63.97,1462
2026-09-07,GKWLIMITED,GKW LIMITED,1582.1,1585.0,1510.0,1550.6,1610.9,2522
2026-09-07,GLAND,GLAND PHARMA LIMITED,2929.6,3042.0,2916.9,2974.3,2932.4,1031320
2026-09-07,GLAXO,GLAXOSMITHKLINE PHARMA LT,2937.9,3075.0,2932.7,2957.8,2958.1,155659
2026-09-07,GLENMARK,GLENMARK PHARMACEUTICALS,2420.2,2472.0,2420.2,2451.9,2437.2,267568
2026-09-07,GLOBAL,GLOBAL EDUCATION LIMITED,121.0,122.98,119.1,120.15,120.45,129151
2026-09-07,MEDANTA,GLOBAL HEALTH LIMITED,1474.1,1481.2,1420.4,1422.6,1469.8,204437
2026-09-07,GSLSU,GLOBAL SURFACES LIMITED,29.78,29.78,28.4,29.45,28.37,164591
2026-09-07,GLOBALVECT,GLOBAL VEC HELICORP LTD,139.26,144.8,138.2,139.64,141.16,7148
2026-09-07,GLOBALE,GLOBALE TESSILE LIMITED,11.9,11.9,10.83,11.4,11.39,3819
2026-09-07,GLOBECIVIL,GLOBE CIVIL PROJECTS LTD,48.99,48.99,45.42,46.15,48.15,31751
2026-09-07,GLOBE,GLOBE ENTERPRISE (I) LTD,1.92,1.92,1.83,1.86,1.89,389980
2026-09-07,GICL,GLOBE INTL CARRIERS LTD,24.9,24.9,23.65,24.42,24.6,317054
2026-09-07,GLOBUSSPR,GLOBUS SPIRITS LTD,918.75,918.75,878.0,895.1,914.3,150541
2026-09-07,GLOSTERLTD,GLOSTER LIMITED,596.5,629.0,586.5,603.4,596.5,1178
2026-09-07,GLOTTIS,GLOTTIS LIMITED,62.04,62.04,58.05,59.62,62.1,66359
2026-09-07,GMMPFAUDLR,GMM PFAUDLER LIMITED,1140.0,1254.0,1134.9,1235.7,1147.9,1280855
2026-09-07,GMRAIRPORT,GMR AIRPORTS LIMITED,98.05,98.48,95.65,95.94,97.45,5131436
2026-09-07,GMRP&UI,GMR POW AND URBAN INFRA L,95.8,98.35,93.1,93.57,95.3,1193207
2026-09-07,GNA,GNA AXLES LIMITED,551.05,558.0,540.55,543.2,551.05,131118
2026-09-07,EBGNG,GNG ELECTRONICS LIMITED,603.05,624.75,601.55,619.1,601.25,413604
2026-09-07,GODIGIT,GO DIGIT GENERAL INS LTD,260.0,260.75,254.85,256.6,258.3,110938
2026-09-07,GOCOLORS,GO FASHION INDIA LTD,332.0,343.15,327.55,329.7,326.65,235954
2026-09-07,GOACARBON,GOA CARBON LIMITED,377.0,387.0,372.9,382.55,378.45,18478
2026-09-07,GOCLCORP,GOCL CORPORATION LIMITED,429.0,439.5,426.3,436.95,427.45,182392
2026-09-07,GODAVARIB,GODAVARI BIOREFINERIES L,245.39,248.0,241.31,244.95,241.7,86089
2026-09-07,GPIL,GODAWARI POW & ISP LTD,242.79,245.2,239.43,244.05,240.67,1531854
2026-09-07,GODFRYPHLP,GODFREY PHILLIPS INDIA LT,2051.0,2058.9,2011.0,2029.0,2051.0,120277
2026-09-07,GODREJAGRO,GODREJ AGROVET LIMITED,648.15,671.1,642.25,665.5,644.85,338467
2026-09-07,GODREJCP,GODREJ CONSUMER PRODUCTS,878.5,879.05,857.1,861.9,878.0,2647422
2026-09-07,GODREJIND,GODREJ INDUSTRIES LTD,1171.0,1184.9,1148.8,1159.8,1163.5,64123
2026-09-07,GODREJPROP,GODREJ PROPERTIES LTD,1982.0,1984.0,1891.1,1922.2,1982.0,752808
2026-09-07,GOKEX,GOKALDAS EXPORTS LTD.,801.0,801.0,775.0,776.95,789.2,130637
2026-09-07,GOKULAGRO,GOKUL AGRO RESOURCES LTD,231.17,234.8,231.06,231.69,231.17,199537
2026-09-07,GOKUL,GOKUL REFOILS & SOLV LTD,42.97,43.95,42.37,42.85,42.96,182713
2026-09-07,GOLDIAM,GOLDIAM INTERNATIONAL LTD,345.15,345.95,331.8,340.45,345.3,926463
2026-09-07,GOODLUCK,GOODLUCK INDIA LIMITED,480.0,485.0,466.7,479.75,472.9,644419
2026-09-07,GOODYEAR,GOODYEAR INDIA LIMITED,743.45,743.45,722.2,730.8,741.5,6727
2026-09-07,GOPAL,GOPAL SNACKS LIMITED,266.0,267.9,263.5,266.3,265.1,92027
2026-09-07,GOYALALUM,GOYAL ALUMINIUMS LIMITED,6.22,6.22,6.08,6.16,6.22,53518
2026-09-07,GPTHEALTH,GPT HEALTHCARE LIMITED,159.0,162.0,158.57,161.37,158.17,173981
2026-09-07,GPTINFRA,GPT INFRAPROJECTS LTD,112.0,113.69,111.0,111.76,112.1,90908
2026-09-07,GRADIENTE,GRADIENTE INFOTAINMENT L,2.76,2.76,2.6,2.64,2.71,1514582
2026-09-07,GRANDOAK,GRAND OAK CANYONS DIST L,35.9,36.5,35.0,35.86,34.84,1194
2026-09-07,GRANULES,GRANULES INDIA LIMITED,844.5,873.85,842.2,867.3,848.3,1033026
2026-09-07,GRAPHITE,GRAPHITE INDIA LTD,734.5,739.75,714.05,717.1,733.6,519646
2026-09-07,GRASIM,GRASIM INDUSTRIES LTD,3322.0,3327.7,3293.0,3302.4,3322.0,1179298
2026-09-07,GRAUWEIL,GRAUER & WEIL IND LTD,71.5,71.93,70.75,71.45,70.59,129623
2026-09-07,GRAVISSHO,GRAVISS HOSPITALITY LTD.,28.51,29.38,28.51,28.66,29.4,436
2026-09-07,GRAVITA,GRAVITA INDIA LIMITED,1661.6,1692.8,1660.9,1676.9,1661.6,120216
2026-09-07,GREAVESCOT,GREAVES COTTON LTD.,196.0,196.49,192.1,194.45,195.56,725978
2026-09-07,GREENLAM,GREENLAM INDUSTRIES LTD.,242.62,242.8,235.7,236.87,242.62,94051
2026-09-07,GREENPANEL,GREENPANEL INDUSTRIES LTD,158.32,166.0,156.01,162.55,158.32,744111
2026-09-07,GREENPLY,GREENPLY INDUSTRIES LTD,309.25,312.5,300.2,302.2,304.7,389935
2026-09-07,GCSL,GRETEX CORPORATE SERVICES,595.5,613.2,595.5,601.85,595.15,1222825
2026-09-07,GRINDWELL,GRINDWELL NORTON LIMITED,1955.0,1972.9,1925.1,1932.9,1962.5,23158
2026-09-07,GRMOVER,GRM OVERSEAS LIMITED,87.36,87.36,85.0,85.8,87.53,1118026
2026-09-07,CEMNTGROWW,GROWWAMC - CEMNTGROWW,14.8,14.81,14.46,14.54,14.66,115933
2026-09-07,GROWWCAPM,GROWWAMC - GROWWCAPM,11.5,11.59,11.48,11.56,11.44,321273
2026-09-07,GROWWCHEM,GROWWAMC - GROWWCHEM,30.23,30.5,30.0,30.08,30.24,11679
2026-09-07,GROWWDEFNC,GROWWAMC - GROWWDEFNC,98.42,98.42,96.86,97.75,97.42,217691
2026-09-07,GROWWEV,GROWWAMC - GROWWEV,31.56,32.69,31.56,32.37,32.37,772261
2026-09-07,GROWWGOLD,GROWWAMC - GROWWGOLD,14.98,14.98,14.72,14.81,15.03,2789656
2026-09-07,GROWWHOSPI,GROWWAMC - GROWWHOSPI,52.08,52.26,51.7,52.1,51.83,132678
2026-09-07,GROWWLIQID,GROWWAMC - GROWWLIQID,110.64,110.66,110.64,110.65,110.64,165247
2026-09-07,GROWWLOVOL,GROWWAMC - GROWWLOVOL,10.04,10.43,10.04,10.28,10.3,18110
2026-09-07,GROWWMC150,GROWWAMC - GROWWMC150,235.0,235.0,230.09,230.1,233.51,2164
2026-09-07,GROWWMETAL,GROWWAMC - GROWWMETAL,13.03,13.03,12.5,12.52,12.72,497131
2026-09-07,GROWWMOM50,GROWWAMC - GROWWMOM50,11.06,11.06,10.91,11.0,10.99,194295
2026-09-07,GROWWN200,GROWWAMC - GROWWN200,11.39,11.48,11.22,11.27,11.34,66361
2026-09-07,GROWWNET,GROWWAMC - GROWWNET,10.96,10.96,10.73,10.79,10.86,469311
2026-09-07,GROWWNIFTY,GROWWAMC - GROWWNIFTY,9.69,9.75,9.43,9.6,9.68,824351
2026-09-07,GROWWNXT50,GROWWAMC - GROWWNXT50,72.89,73.99,72.41,72.79,73.45,21112
2026-09-07,GROWWPOWER,GROWWAMC - GROWWPOWER,11.31,11.38,11.19,11.2,11.33,1531393
2026-09-07,GROWWPSE,GROWWAMC - GROWWPSE,99.98,99.98,95.5,97.95,98.3,6647
2026-09-07,GROWWPSUBK,GROWWAMC - GROWWPSUBK,86.78,86.78,84.21,84.67,85.88,7308
2026-09-07,GROWWRAIL,GROWWAMC - GROWWRAIL,28.23,28.24,27.9,28.0,28.08,356895
2026-09-07,GROWWRLTY,GROWWAMC - GROWWRLTY,10.21,10.21,10.02,10.05,10.21,578932
2026-09-07,GROWWSC250,GROWWAMC - GROWWSC250,10.95,10.95,10.55,10.67,10.69,117852
2026-09-07,GROWWSLVR,GROWWAMC - GROWWSLVR,22.65,22.65,22.42,22.53,22.83,960509
2026-09-07,PVTBKGROWW,GROWWAMC - PVTBKGROWW,27.79,27.99,27.57,27.9,27.92,5456
2026-09-07,SMALLGROWW,GROWWAMC - SMALLGROWW,49.55,49.67,49.13,49.22,49.06,8780
2026-09-07,GRPLTD,GRP LIMITED,2046.9,2046.9,1975.6,2004.1,2013.0,1104
2026-09-07,GSPCROP,GSP CROP SCIENCE LIMITED,622.25,624.6,594.25,600.95,619.25,203559
2026-09-07,GSS,GSS INFOTECH LIMITED,10.83,11.44,10.83,11.02,11.03,52386
2026-09-07,GTLINFRA,GTL INFRA.LTD,1.16,1.21,1.16,1.2,1.16,69809746
2026-09-07,GTL,GTL LTD,7.13,7.3,7.07,7.25,7.11,256404
2026-09-07,GTPL,GTPL HATHWAY LIMITED,59.0,59.02,57.52,58.91,58.67,76926
2026-09-07,GUFICBIO,GUFIC BIOSCIENCES LTD.,449.9,467.8,438.85,448.0,444.9,382048
2026-09-07,GIPCL,GUJ IND POW CO. LTD,206.0,206.1,199.36,200.72,205.18,540738
2026-09-07,GNFC,GUJ NAR VAL FER & CHEM L,601.7,605.7,594.2,597.9,596.7,1281385
2026-09-07,GSFC,GUJ STATE FERT & CHEM LTD,163.3,163.74,161.53,162.02,162.88,947889
2026-09-07,GUJAPOLLO,GUJ. APOLLO IND. LTD.,362.35,363.35,338.75,345.2,355.95,16534
2026-09-07,GUJALKALI,GUJARAT ALKALIES & CHEM,724.8,727.2,701.85,707.85,721.6,86704
2026-09-07,GAEL,GUJARAT AMBUJA EXPORTS LT,168.4,169.0,164.52,165.48,167.81,678295
2026-09-07,GUJENERGY,GUJARAT ENERGY LIMITED,265.0,267.0,261.5,261.93,263.59,1483233
2026-09-07,FLUOROCHEM,GUJARAT FLUOROCHEM LTD,4574.0,4603.8,4470.0,4530.5,4554.0,104652
2026-09-07,GKSL,GUJARAT KIDNEY N SUP SP L,172.83,177.9,172.83,176.34,172.81,382407
2026-09-07,GLFL,GUJARAT LEASE FINANCING L,5.78,5.78,5.56,5.63,5.8,3020
2026-09-07,GMDCLTD,GUJARAT MINERAL DEV CORP,562.95,564.65,556.8,557.6,562.95,357732
2026-09-07,GNRL,GUJARAT NATURAL RES L,100.0,116.33,100.0,113.96,99.27,3632929
2026-09-07,GPPL,GUJARAT PIPAVAV PORT LTD,161.41,162.69,160.39,160.98,161.62,738209
2026-09-07,GUJRAFFIA,GUJARAT RAFFIA INDUST LTD,41.45,41.45,40.01,40.9,41.0,1621
2026-09-07,GUJTHEM,GUJARAT THEMIS BIOSYN LTD,414.9,442.0,409.1,429.3,411.35,1088263
2026-09-07,GULFOILLUB,GULF OIL LUB. IND. LTD.,1060.0,1076.6,1048.0,1052.8,1067.8,53249
2026-09-07,GULPOLY,GULSHAN POLYOLS LIMITED,186.55,187.55,182.35,183.04,186.01,121930
2026-09-07,GYFTR,GYFTR LIMITED,184.15,188.0,182.52,186.34,182.54,23288
2026-09-07,HBESD,H B ESTATE DEVELOPERS L,74.0,77.3,74.0,74.1,75.1,780
2026-09-07,HGINFRA,H.G.INFRA ENGINEERING LTD,482.0,491.55,479.3,488.7,482.0,48912
2026-09-07,HALDER,HALDER VENTURE LIMITED,294.65,294.65,270.25,286.6,293.5,23488
2026-09-07,HALEOSLABS,HALEOS LABS LIMITED,1462.8,1499.0,1450.0,1462.0,1451.3,545
2026-09-07,HAMPTON,HAMPTON SKY REALTY LTD.,8.18,8.18,7.61,8.11,7.86,368622
2026-09-07,HGM,HANDSON GBL MNGMNT LTD,51.58,54.2,50.62,50.81,52.63,3567
2026-09-07,HAPPSTMNDS,HAPPIEST MINDS TECHNO LTD,354.0,354.05,343.05,343.5,354.0,1292099
2026-09-07,HAPPYFORGE,HAPPY FORGINGS LIMITED,2250.0,2287.4,2203.5,2231.4,2238.5,45858
2026-09-07,HARDWYN,HARDWYN INDIA LIMITED,9.15,9.28,9.14,9.17,9.13,311011
2026-09-07,HARIOMPIPE,HARIOM PIPE INDUSTRIES L,360.85,378.0,357.4,365.2,359.2,183197
2026-09-07,HRYNSHP,HARIYANA SHIP BREAKERS L,101.86,101.86,98.5,100.98,101.36,278
2026-09-07,HARRMALAYA,HARRISON MALAYALAM LTD,190.0,198.0,188.0,189.85,192.72,9922
2026-09-07,HARSHA,HARSHA ENGINEERS INT LTD,458.8,461.4,451.05,455.45,454.35,135432
2026-09-07,HATHWAY,HATHWAY CABLE & DATACOM,10.52,10.53,10.36,10.38,10.52,922339
2026-09-07,HATSUN,HATSUN AGRO PRODUCT LTD.,1158.0,1158.1,1116.3,1132.8,1168.8,66432
2026-09-07,HAVELLS,HAVELLS INDIA LIMITED,1159.6,1159.7,1140.0,1150.0,1154.0,882205
2026-09-07,HAWKINCOOK,HAWKINS COOKERS LTD,8426.0,8426.0,8200.0,8254.0,8406.5,1354
2026-09-07,HAZOOR,HAZOOR MULTI PROJECTS LTD,19.6,19.99,19.33,19.85,19.13,252002
2026-09-07,HBPOR,HB PORTFOLIO LTD.,58.62,61.1,58.5,60.46,58.38,726
2026-09-07,HBSL,HB STOCKHOLDINGS LIMITED,56.0,56.0,52.0,52.43,54.91,7993
2026-09-07,HBLENGINE,HBL ENGINEERING LTD,695.7,707.95,690.15,703.9,695.75,961999
2026-09-07,HCL-INSYS,HCL INFOSYSTEMS LTD,10.15,10.2,9.95,9.99,10.1,208739
2026-09-07,HCLTECH,HCL TECHNOLOGIES LTD,1271.7,1286.8,1263.0,1282.8,1293.4,2008363
2026-09-07,HDBFS,HDB FINANCIAL SERVICES L,682.7,687.15,675.4,685.05,682.7,1539050
2026-09-07,HDFCAMC,HDFC AMC LIMITED,2468.8,2473.6,2432.0,2432.0,2458.3,300166
2026-09-07,HDFCBANK,HDFC BANK LTD,712.1,713.0,707.05,710.5,712.1,12180390
2026-09-07,HDFCGOLD,HDFC GOLD ETF,130.4,130.4,128.96,129.88,131.45,3238638
2026-09-07,HDFCLIFE,HDFC LIFE INS CO LTD,546.4,546.4,533.2,533.2,546.4,1190100
2026-09-07,HDFCBSE500,HDFCAMC - HDFCBSE500,37.74,37.88,37.02,37.19,37.56,1265857
2026-09-07,HDFCGROWTH,HDFCAMC - HDFCGROWTH,118.88,118.88,117.2,117.39,118.29,21630
2026-09-07,HDFCLIQUID,HDFCAMC - HDFCLIQUID,1077.84,1077.84,1076.85,1076.85,1076.75,28363
2026-09-07,HDFCLOWVOL,HDFCAMC - HDFCLOWVOL,20.5,20.5,20.34,20.35,20.48,4814
2026-09-07,HDFCMID150,HDFCAMC - HDFCMID150,23.75,23.75,23.33,23.38,23.5,366427
2026-09-07,HDFCMOMENT,HDFCAMC - HDFCMOMENT,30.99,31.19,30.25,31.0,30.99,126317
2026-09-07,HDFCNEXT50,HDFCAMC - HDFCNEXT50,74.81,74.88,74.1,74.38,74.75,132021
2026-09-07,HDFCNIF100,HDFCAMC - HDFCNIF100,26.45,26.45,25.71,25.76,25.93,41544
2026-09-07,HDFCNIFBAN,HDFCAMC - HDFCNIFBAN,60.7,60.7,58.7,58.84,59.22,237829
2026-09-07,HDFCNIFIT,HDFCAMC - HDFCNIFIT,32.03,33.6,31.94,32.06,32.86,184453
2026-09-07,HDFCNIFTY,HDFCAMC - HDFCNIFTY,274.3,274.3,266.3,268.29,270.3,98890
2026-09-07,HDFCNIMEG,HDFCAMC - HDFCNIMEG,133.01,133.28,131.1,131.56,133.56,30510
2026-09-07,HDFCPVTBAN,HDFCAMC - HDFCPVTBAN,29.09,29.09,28.16,28.25,28.39,395778
2026-09-07,HDFCQUAL,HDFCAMC - HDFCQUAL,58.31,58.34,58.0,58.12,58.65,5358
2026-09-07,HDFCSENSEX,HDFCAMC - HDFCSENSEX,88.19,88.19,78.44,86.47,87.15,46781
2026-09-07,HDFCSILVER,HDFCAMC - HDFCSILVER,221.8,221.8,218.0,219.9,222.7,2927057
2026-09-07,HDFCSML250,HDFCAMC - HDFCSML250,189.3,189.3,185.83,186.73,186.65,1018542
2026-09-07,HDFCVALUE,HDFCAMC - HDFCVALUE,125.88,125.88,124.25,124.54,125.88,8599
2026-09-07,HDFCPSUBK,HDFCAMC HDFCPSUBK,86.16,86.23,85.0,85.07,86.16,20087
2026-09-07,HEADSUP,HEADS UP VENTURES LIMITED,7.48,7.48,6.66,7.02,7.21,2844
2026-09-07,HEALTHX,HEALTH X PLATFORM LIMITED,295.0,304.0,294.3,296.9,300.3,4706
2026-09-07,HCG,HEALTHCARE GLOB. ENT. LTD,700.15,713.85,684.5,687.9,700.2,165572
2026-09-07,HECPROJECT,HEC INFRA PROJECTS LTD,117.95,119.98,117.95,118.17,117.78,3073
2026-09-07,HEIDELBERG,HEIDELBERGCEMENT (I) LTD,160.99,162.18,159.61,160.56,160.17,428563
2026-09-07,HEMIPROP,HEMISPHERE PROP IND LTD,127.0,127.0,124.76,125.08,126.55,204770
2026-09-07,HERANBA,HERANBA INDUSTRIES LTD,173.8,173.83,168.12,169.62,173.83,45360
2026-09-07,HERITGFOOD,HERITAGE FOODS LTD,383.0,390.0,377.05,384.15,382.35,1306175
2026-09-07,HEROMOTOCO,HERO MOTOCORP LIMITED,5300.0,5347.5,5270.0,5270.0,5300.0,354258
2026-09-07,HESTERBIO,HESTER BIOSCIENCES LTD,2405.4,2405.4,2330.1,2362.7,2405.4,8149
2026-09-07,HEXATRADEX,HEXA TRADEX LIMITED,157.65,159.9,157.0,158.58,157.65,337
2026-09-07,HEXT,HEXAWARE TECHNOLOGIES LTD,528.6,528.6,518.05,522.85,528.6,126595
2026-09-07,HITECH,HI-TECH PIPES LIMITED,75.99,77.6,75.51,75.96,75.77,514424
2026-09-07,HILINFRA,HIGHWAY INFRASTRUCTURE L,43.51,44.59,43.4,43.72,44.45,69037
2026-09-07,HIKAL,HIKAL LIMITED,222.01,257.0,218.82,243.0,222.3,31089358
2026-09-07,HILTON,HILTON METAL FORGING LTD,18.7,19.0,18.6,18.64,18.63,83413
2026-09-07,HSCL,HIMADRI SPECIALITY CHEM L,666.0,687.0,666.0,672.65,671.05,2666117
2026-09-07,HIMATSEIDE,HIMATSINGKA SEIDE LTD,71.3,71.69,69.82,70.15,71.51,549464
2026-09-07,HINDALUMI,HIND ALUMINIUM INDS. LTD.,93.45,97.5,93.45,96.25,97.43,1737
2026-09-07,HINDALCO,HINDALCO  INDUSTRIES  LTD,1011.1,1014.8,999.8,1006.0,1011.0,1848438
2026-09-07,HINDCON,HINDCON CHEMICALS LIMITED,23.89,24.84,23.37,24.25,23.9,34266
2026-09-07,HPIL,HINDPRAKASH INDUSTRY LTD,122.0,123.75,120.1,121.87,123.75,140
2026-09-07,HGS,HINDUJA GLOBAL SOLS. LTD.,400.95,400.95,395.0,395.55,399.25,6707
2026-09-07,HINDADH,HINDUSTAN ADHESIVES LTD.,377.9,377.9,353.05,361.25,370.9,1441
2026-09-07,HAL,HINDUSTAN AERONAUTICS LTD,4884.8,4909.9,4835.4,4855.2,4856.0,602641
2026-09-07,HINDCOMPOS,HINDUSTAN COMPOSITES LTD.,391.0,404.2,385.2,398.75,394.85,3471
2026-09-07,HCC,HINDUSTAN CONSTRUCTION CO,23.0,23.67,22.75,23.54,22.98,31279184
2026-09-07,HINDCOPPER,HINDUSTAN COPPER LTD,521.6,521.6,506.6,509.1,521.65,5991278
2026-09-07,HNDFDS,HINDUSTAN FOODS LIMITED,611.1,634.0,611.1,628.9,615.05,100524
2026-09-07,HINDOILEXP,HINDUSTAN OIL EXPLORATION,185.0,193.99,184.46,188.85,185.0,2651804
2026-09-07,HINDPETRO,HINDUSTAN PETROLEUM CORP,355.0,356.9,349.55,356.9,356.5,3859485
2026-09-07,HINDUNILVR,HINDUSTAN UNILEVER LTD.,1972.0,1974.2,1958.0,1960.0,1973.4,713057
2026-09-07,HINDZINC,HINDUSTAN ZINC LIMITED,597.85,598.0,587.5,589.15,601.0,3801807
2026-09-07,HINDWAREAP,HINDWARE HME INOVATON LTD,182.5,184.07,179.78,182.54,182.61,74937
2026-09-07,HIRECT,HIRECT LIMITED,1215.0,1235.0,1200.2,1211.9,1222.4,61020
2026-09-07,HISARMETAL,HISAR METAL IND. LIMITED,167.6,167.6,160.02,162.02,162.19,1223
2026-09-07,POWERINDIA,HITACHI ENERGY INDIA LTD,31635.0,32175.0,31635.0,31775.0,31650.0,50681
2026-09-07,HLEGLAS,HLE GLASCOAT LIMITED,335.9,342.0,330.15,336.25,333.65,292854
2026-09-07,HLVLTD,HLV LIMITED,6.46,6.6,6.28,6.41,6.48,194205
2026-09-07,HMAAGRO,HMA AGRO INDUSTRIES LTD,20.9,20.92,20.59,20.66,20.84,563266
2026-09-07,HOMEFIRST,HOME FIRST FIN CO IND LTD,1209.6,1244.9,1206.1,1233.7,1210.1,315751
2026-09-07,HONASA,HONASA CONSUMER LIMITED,470.0,474.9,464.0,468.9,471.05,703603
2026-09-07,HONDAPOWER,HONDA I POWER PRODUCT LTD,2033.9,2033.9,1995.0,1999.8,2024.6,2937
2026-09-07,HONAUT,HONEYWELL AUTOMATION IND,35660.0,35895.0,35380.0,35565.0,35655.0,1788
2026-09-07,HORIZONIND,HORIZON INDUSTRIAL PRKS L,55.25,55.78,54.54,54.85,55.13,3005572
2026-09-07,HPAL,HP ADHESIVES LIMITED,35.49,36.0,34.52,35.7,35.58,41013
2026-09-07,HPL,HPL ELECTRIC & POWER LTD,304.15,309.4,300.5,301.55,304.15,76591
2026-09-07,HSBCGOLD,HSBCAMC - HSBCGOLD,137.86,137.86,127.17,132.11,133.81,33987
2026-09-07,HUDCO,HSG & URBAN DEV CORPN LTD,180.6,181.05,178.54,179.24,180.52,716189
2026-09-07,HTMEDIA,HT MEDIA LIMITED,26.0,26.9,25.55,25.7,26.12,57931
2026-09-07,HUBTOWN,HUBTOWN LIMITED,188.0,194.0,185.69,189.91,189.26,508005
2026-09-07,HUHTAMAKI,HUHTAMAKI INDIA LIMITED,255.0,257.9,245.0,250.05,255.0,247720
2026-09-07,HYUNDAI,HYUNDAI MOTOR INDIA LTD,2195.0,2224.5,2190.2,2210.0,2205.0,508562
2026-09-07,IGPL,I G PETROCHEMICALS LTD,575.0,576.0,557.05,558.8,567.4,83345
2026-09-07,ISTLTD,I S T LTD.,655.0,702.15,643.55,654.9,654.55,1918
2026-09-07,ICDSLTD,ICDS LTD,71.56,77.69,64.31,67.32,71.45,120496
2026-09-07,ICEMAKE,ICE MAKE REFRIGERAT LTD,739.0,739.0,720.3,724.75,738.6,8713
2026-09-07,ICICIBANK,ICICI BANK LTD.,1428.0,1434.4,1422.6,1427.5,1423.2,8035111
2026-09-07,ICICIGI,ICICI LOMBARD GIC LIMITED,1517.0,1517.0,1493.1,1493.4,1510.0,426021
2026-09-07,LOWVOLIETF,ICICI PR NIF LW VL 30 ETF,22.52,22.52,21.73,21.84,21.98,1680113
2026-09-07,ICICIPRULI,ICICI PRU LIFE INS CO LTD,491.0,492.0,470.65,470.65,494.55,1678977
2026-09-07,MIDSELIETF,ICICI PRUD MIDCAP SEL ETF,20.33,20.33,19.52,19.78,19.93,324925
2026-09-07,NIF100IETF,ICICI PRUD NIFTY 100 ETF,28.05,28.05,27.66,27.83,28.05,293260
2026-09-07,NIFTYIETF,ICICI PRUD NIFTY ETF,275.4,275.4,269.4,269.6,271.88,784440
2026-09-07,SENSEXIETF,ICICI PRUD SENSEX ETF,884.25,886.09,875.01,876.69,884.24,11792
2026-09-07,ICICIAMC,ICICI PRUDENTIAL AMC LTD,2970.9,3038.2,2933.3,3013.7,2970.9,279992
2026-09-07,GOLDIETF,ICICI PRUDENTIAL GOLD ETF,131.28,131.28,129.12,130.01,131.8,5501440
2026-09-07,NV20IETF,ICICI PRUDENTIAL NV20 ETF,13.56,13.75,13.19,13.49,13.62,533872
2026-09-07,ICICIB22,ICICIPRAMC - BHARATIWIN,113.14,116.0,113.14,113.84,114.34,133321
2026-09-07,CASHIETF,ICICIPRAMC - CASHIETF,1078.38,1078.49,1077.33,1078.48,1078.38,3401939
2026-09-07,EVIETF,ICICIPRAMC - EVIETF,33.12,33.12,32.2,32.27,32.47,312202
2026-09-07,GSEC10IETF,ICICIPRAMC - ICICI10GS,263.81,264.54,261.92,261.92,262.5,183
2026-09-07,BSE500IETF,ICICIPRAMC - ICICI500,40.12,40.12,39.07,39.26,39.33,213523
2026-09-07,GSEC5IETF,ICICIPRAMC - ICICI5GSEC,66.09,66.73,66.08,66.5,66.51,57232
2026-09-07,ALPL30IETF,ICICIPRAMC - ICICIALPLV,27.59,27.64,27.44,27.49,27.59,408997
2026-09-07,AUTOIETF,ICICIPRAMC - ICICIAUTO,29.11,29.11,28.51,28.81,28.81,633914
2026-09-07,PVTBANIETF,ICICIPRAMC - ICICIBANKP,28.47,28.47,27.93,28.02,28.17,662433
2026-09-07,COMMOIETF,ICICIPRAMC - ICICICOMMO,100.6,100.83,98.98,99.07,100.33,39614
2026-09-07,CONSUMIETF,ICICIPRAMC - ICICICONSU,120.28,120.56,119.35,120.02,120.67,10197
2026-09-07,FMCGIETF,ICICIPRAMC - ICICIFMCG,49.47,49.95,49.08,49.17,49.47,1486830
2026-09-07,INFRAIETF,ICICIPRAMC - ICICIINFRA,94.51,95.2,94.21,94.39,94.8,71385
2026-09-07,LIQUIDIETF,ICICIPRAMC - ICICILIQ,999.99,1000.01,999.99,999.99,999.99,209203
2026-09-07,MIDCAPIETF,ICICIPRAMC - ICICIM150,24.06,24.13,23.75,23.9,24.06,758696
2026-09-07,MOM30IETF,ICICIPRAMC - ICICIMOM30,31.36,31.44,31.08,31.23,31.36,490030
2026-09-07,NEXT50IETF,ICICIPRAMC - ICICINXT50,79.18,79.18,76.45,76.79,77.25,512076
2026-09-07,HEALTHIETF,ICICIPRAMC - ICICIPHARM,168.66,170.49,168.08,169.45,168.65,59893
2026-09-07,QUAL30IETF,ICICIPRAMC - ICICIQTY30,21.07,21.33,20.76,20.82,21.12,125990
2026-09-07,SILVERIETF,ICICIPRAMC - ICICISILVE,230.4,230.54,228.46,229.68,232.48,1782466
2026-09-07,ITIETF,ICICIPRAMC - ICICITECH,34.01,34.01,33.25,33.36,34.01,485884
2026-09-07,INSUREIETF,ICICIPRAMC - INSUREIETF,15.32,15.32,15.05,15.06,15.23,468531
2026-09-07,BANKIETF,ICICIPRAMC - IPRU5008,57.66,60.08,57.66,58.68,59.14,543968
2026-09-07,METALIETF,ICICIPRAMC - METALIETF,13.58,13.58,12.95,13.24,13.4,4556782
2026-09-07,OILIETF,ICICIPRAMC - OILIETF,11.08,11.4,11.08,11.26,11.37,1268013
2026-09-07,PSUBNKIETF,ICICIPRAMC - PSUBANKICI,86.96,86.96,85.2,85.42,86.53,109940
2026-09-07,SMALLIETF,ICICIPRAMC - SMALLIETF,18.57,18.6,18.48,18.54,18.57,70346
2026-09-07,TOP15IETF,ICICIPRAMC - TOP15IETF,9.86,9.86,9.72,9.74,9.82,104502
2026-09-07,VAL30IETF,ICICIPRAMC - VAL30IETF,14.81,15.24,14.81,15.06,15.19,184406
2026-09-07,FINIETF,ICICIPRAMC-ICICIFIN,32.12,33.77,32.12,32.71,32.95,150695
2026-09-07,ICRA,ICRA LIMITED,4975.0,5010.0,4901.1,4929.4,4884.5,43495
2026-09-07,IDBI,IDBI BANK LIMITED,90.0,92.65,89.73,90.75,90.63,7985304
2026-09-07,IDEAFORGE,IDEAFORGE TECHNO LTD,777.0,791.65,762.0,765.45,777.05,253500
2026-09-07,IDFCFIRSTB,IDFC FIRST BANK LIMITED,86.29,86.79,85.9,86.44,86.71,10617041
2026-09-07,IFBAGRO,IFB AGRO INDUSTRIES LTD,896.85,919.85,894.6,896.25,903.3,3748
2026-09-07,IFBIND,IFB INDUSTRIES LTD,1305.7,1337.6,1303.1,1313.6,1305.7,21925
2026-09-07,IFCI,IFCI LTD,104.9,107.36,101.4,102.51,101.38,207830587
2026-09-07,IFGLEXPOR,IFGL REFRACTORIES LIMITED,204.0,205.47,202.5,203.79,204.69,9039
2026-09-07,IGARASHI,IGARASHI MOTORS INDIA LTD,424.0,428.45,413.6,415.15,422.75,58243
2026-09-07,IIFLCAPS,IIFL CAPITAL SERVICES LTD,341.4,342.95,339.85,340.45,341.2,565824
2026-09-07,IIFL,IIFL FINANCE LIMITED,649.0,667.0,635.3,654.05,651.15,4742061
2026-09-07,IKIO,IKIO TECHNOLOGIES LIMITED,212.34,212.34,201.5,202.98,212.34,279865
2026-09-07,IVC,IL&FS INVESTMENT MANAGERS,10.19,10.48,10.0,10.28,10.24,784795
2026-09-07,IMAGICAA,IMAGICAAWORLD ENT LTD,55.95,57.44,54.5,54.86,55.38,1374657
2026-09-07,INCREDIBLE,INCREDIBLE INDUSTRIES LTD,32.54,32.9,31.56,32.34,32.54,3017
2026-09-07,IMPAL,IND MOTOR PART & ACC LTD,1116.0,1180.2,1103.4,1114.2,1114.6,6049
2026-09-07,INDSWFTLAB,IND SWIFT LABORATORIES LT,351.5,373.45,351.0,368.7,355.95,650855
2026-09-07,INDTERRAIN,IND TERRAIN FASHIONS LTD,30.42,31.39,30.0,30.74,30.42,8811
2026-09-07,INDBANK,INDBANK MERCH BANK,28.98,28.99,28.01,28.16,28.58,63723
2026-09-07,BAJAJINDEF,INDEF MANUFACTURING LTD,225.0,227.38,221.71,222.26,222.69,10012
2026-09-07,INDGN,INDEGENE LIMITED,602.8,604.85,591.85,599.35,601.5,336187
2026-09-07,INDNIPPON,INDIA NIPPON ELECT  LTD,1180.0,1180.0,1115.0,1128.4,1158.2,38355
2026-09-07,IPL,INDIA PESTICIDES LIMITED,138.8,138.8,136.0,136.63,138.34,87993
2026-09-07,INDIASHLTR,INDIA SHELTER FIN CORP L,677.1,678.9,663.7,672.15,677.1,88324
2026-09-07,ITDC,INDIA TOUR. DEV. CO. LTD.,645.0,648.0,640.2,643.35,644.35,40483
2026-09-07,IBULLSLTD,INDIABULLS LIMITED,25.5,26.34,25.0,25.7,25.67,8153717
2026-09-07,INDIAMART,INDIAMART INTERMESH LTD,1726.4,1727.9,1703.4,1706.4,1726.4,54073
2026-09-07,INDIANB,INDIAN BANK,879.7,883.55,865.4,869.4,879.7,1005311
2026-09-07,INDIANCARD,INDIAN CARD CLOTHING CO.,219.9,219.9,210.2,217.85,219.97,417
2026-09-07,IEX,INDIAN ENERGY EXC LTD,119.49,119.88,117.21,117.5,118.91,3730649
2026-09-07,INDIANHUME,INDIAN HUME PIPE CO. LTD.,388.5,401.85,386.1,394.9,387.8,45044
2026-09-07,IMFA,INDIAN METALS & FERRO,1275.0,1299.7,1272.1,1286.9,1288.4,100370
2026-09-07,IOC,INDIAN OIL CORP LTD,137.0,137.5,135.15,135.15,137.6,5955660
2026-09-07,IOB,INDIAN OVERSEAS BANK,33.55,33.63,33.02,33.1,33.55,1509216
2026-09-07,IRCTC,INDIAN RAIL TOUR CORP LTD,476.05,477.7,473.65,474.5,476.05,405838
2026-09-07,IRFC,INDIAN RAILWAY FIN CORP L,83.5,83.9,82.63,83.0,83.4,5917347
2026-09-07,IREDA,INDIAN RENEWABLE ENERGY,113.27,113.99,112.6,112.95,113.64,2955590
2026-09-07,IWP,INDIAN WOOD PRODUCTS CO L,33.2,34.94,33.2,34.41,34.38,6764
2026-09-07,INDIGOPNTS,INDIGO PAINTS LIMITED,1182.0,1209.0,1157.9,1178.0,1185.8,77673
2026-09-07,INDIQUBE,INDIQUBE SPACES LIMITED,196.0,204.6,190.21,202.13,194.54,125698
2026-09-07,INDOBORAX,INDO BORAX & CHEMICAL LTD,524.0,542.8,501.0,503.95,514.9,392536
2026-09-07,ICIL,INDO COUNT INDUSTRIES LTD,449.8,458.55,443.05,453.7,449.8,467699
2026-09-07,INDOFARM,INDO FARM EQUIPMENT LTD,135.0,135.0,131.0,131.65,134.03,72717
2026-09-07,INDORAMA,INDO RAMA SYNTHETICS LTD,74.0,78.0,71.8,73.56,72.96,2102406
2026-09-07,INDOTECH,INDO TECH TRANSFORM LTD.,3666.4,3690.0,3558.1,3666.6,3663.1,19314
2026-09-07,INDOTHAI,INDO THAI SEC LTD,33.97,37.53,33.97,37.53,35.75,16502372
2026-09-07,INDOUS,INDO US BIOTECH LTD,77.48,79.95,75.96,78.74,77.48,5684
2026-09-07,INDOMIM,INDO-MIM LIMITED,973.9,976.95,941.75,946.7,971.5,1601278
2026-09-07,NIPPOBATRY,INDO-NATIONAL LIMITED,329.9,330.0,325.0,325.25,331.75,1690
2026-09-07,INDOCO,INDOCO REMEDIES LTD.,249.3,257.24,248.06,250.7,262.51,315104
2026-09-07,IGCL,INDOGULF CROPSCIENCES LTD,73.5,73.75,68.16,72.48,72.89,83569
2026-09-07,INDOKEM,INDOKEM LTD.,639.0,645.0,630.05,636.35,625.55,4721
2026-09-07,WAAREEINDO,INDOSOLAR LIMITED,275.65,275.65,263.5,265.55,272.0,63383
2026-09-07,INDOSTAR,INDOSTAR CAPITAL FIN LTD,260.89,260.89,250.6,253.08,258.66,58965
2026-09-07,INDOWIND,INDOWIND ENERGY LTD,9.19,9.19,8.61,8.91,9.02,84385
2026-09-07,IGL,INDRAPRASTHA GAS LTD,157.0,157.0,154.5,154.8,158.04,1105359
2026-09-07,INDRAMEDCO,INDRAPRASTHA MEDICAL CORP,349.7,353.9,349.15,351.4,349.7,127117
2026-09-07,INDUSTOWER,INDUS TOWERS LIMITED,379.25,383.75,376.0,376.45,376.8,4311184
2026-09-07,INDUSINDBK,INDUSIND BANK LIMITED,1004.1,1017.9,995.0,998.0,1008.5,1418742
2026-09-07,INDPRUD,INDUSTRIAL & PRU INV CO L,6300.0,6390.0,6260.0,6385.0,6305.0,75
2026-09-07,IITL,INDUSTRIAL INV TRUST LTD,146.78,146.8,137.3,140.1,146.4,103995
2026-09-07,NAUKRI,INFO EDGE (I) LTD,1319.0,1321.8,1284.4,1302.5,1319.8,856453
2026-09-07,INFOBEAN,INFOBEANS TECHNO. LTD.,161.27,161.27,158.14,159.73,162.08,185457
2026-09-07,INFOMEDIA,INFOMEDIA PRESS LIMITED,5.35,5.57,5.2,5.43,5.35,15375
2026-09-07,INFY,INFOSYS LIMITED,1109.5,1109.9,1085.0,1087.5,1130.0,7668346
2026-09-07,INGERRAND,INGERSOLL-RAND INDIA LTD,4840.0,4849.8,4713.5,4730.3,4844.7,21053
2026-09-07,INNOVACAP,INNOVA CAPTAB LIMITED,1198.9,1199.4,1155.0,1164.4,1175.4,104975
2026-09-07,INNOVANA,INNOVANA THINKLABS LTD,305.2,316.7,300.0,301.65,305.2,822
2026-09-07,INNOVISION,INNOVISION LIMITED,260.0,260.0,254.9,256.25,254.9,8908
2026-09-07,INOXGREEN,INOX GREEN ENERGY SER LTD,175.0,175.1,169.01,172.28,175.1,1320442
2026-09-07,INOXINDIA,INOX INDIA LIMITED,2260.0,2265.0,2214.1,2231.4,2247.8,154701
2026-09-07,INOXWIND,INOX WIND LIMITED,74.5,75.99,73.66,75.6,74.4,15134302
2026-09-07,INSECTICID,INSECTICIDES (I) LTD,611.55,625.55,600.3,606.5,618.45,31882
2026-09-07,INA,INSOLATION ENERGY LIMITED,90.78,93.8,88.23,92.77,90.24,755743
2026-09-07,INSPIRISYS,INSPIRISYS SOLUTIONS LTD,89.1,90.7,88.01,88.75,89.53,2089
2026-09-07,ESSENTIA,INTEGRA ESSENTIA LIMITED,1.05,1.1,1.05,1.1,1.05,2788603
2026-09-07,INTELLECT,INTELLECT DESIGN ARENA,690.7,691.0,675.7,682.15,686.65,244782
2026-09-07,INTENTECH,INTENSE TECHNOLOGIES LTD,82.25,82.7,80.01,80.71,82.25,7085
2026-09-07,INTERARCH,INTERARCH BLDNG SOLTN LTD,1707.0,1714.9,1688.0,1703.5,1707.0,31615
2026-09-07,INDIGO,INTERGLOBE AVIATION LTD,4950.0,5008.0,4944.0,5001.0,4977.0,354874
2026-09-07,INTLCONV,INTL CONVEYORS LIMITED,83.08,83.08,79.1,79.92,81.18,62311
2026-09-07,IGIL,INTL GEMOLOGICAL INST LTD,324.05,324.05,312.05,318.0,323.5,742176
2026-09-07,ISFT,INTRASOFT TECH. LTD,81.5,84.18,81.49,83.1,81.61,127511
2026-09-07,INVENTURE,INVENTURE GRO & SEC LTD,0.94,0.95,0.92,0.92,0.93,633483
2026-09-07,IKS,INVENTURUS KNOWLEDGE SO L,1769.8,1799.0,1752.4,1788.0,1759.9,127280
2026-09-07,IVZINGOLD,INVESCO INDIA GOLD ETF,133.6,133.6,131.1,131.85,133.95,38012
2026-09-07,IVZINNIFTY,INVESCO INDIA NIFTY ETF,274.53,274.53,272.68,273.0,274.53,2129
2026-09-07,IOLCP,IOL CHEM AND PHARMA LTD,202.9,217.5,202.5,213.04,199.95,10023570
2026-09-07,IONEXCHANG,ION EXCHANGE (INDIA) LTD,413.0,454.0,409.0,439.1,409.2,4902160
2026-09-07,IPRINGLTD,IP RINGS LTD.,150.01,168.99,150.01,154.84,159.99,2504
2026-09-07,IPCALAB,IPCA LABORATORIES LTD,1965.4,1978.4,1943.7,1959.1,1965.3,92425
2026-09-07,IRB,IRB INFRA DEV LTD.,19.6,19.67,19.23,19.25,19.65,4864321
2026-09-07,IRCON,IRCON INTERNATIONAL LTD,119.0,120.09,117.5,117.71,119.25,1299800
2026-09-07,IRISDOREME,IRIS CLOTHINGS LIMITED,65.0,65.0,61.63,62.15,63.58,948563
2026-09-07,IRIS,IRIS REGTECH SOLUTION LTD,271.4,271.4,256.01,260.35,265.92,33019
2026-09-07,IRMENERGY,IRM ENERGY LIMITED,282.1,288.0,281.0,284.5,281.4,64263
2026-09-07,ISGEC,ISGEC HEAVY ENG LTD,792.0,792.0,778.9,781.1,787.35,31403
2026-09-07,ISHANCH,ISHAN DYES N CHEMICALS L,44.92,46.28,43.85,44.3,44.29,22763
2026-09-07,ITCHOTELS,ITC HOTELS LIMITED,161.0,161.0,157.5,157.77,161.23,1451816
2026-09-07,ITC,ITC LTD,264.1,264.95,262.95,263.5,264.1,6688002
2026-09-07,ITI,ITI LTD,272.1,275.9,269.15,270.6,272.5,171656
2026-09-07,ITL,ITL INDUSTRIES LTD.,369.85,375.75,364.05,364.45,364.55,5110
2026-09-07,IVALUE,IVALUE INFOSOLUTIONS LTD,231.87,235.95,225.65,227.02,230.26,114721
2026-09-07,IZMO,IZMO LIMITED,898.5,950.0,878.0,924.5,902.45,205930
2026-09-07,J&KBANK,J & K BANK LTD.,150.09,150.09,146.5,147.88,150.02,1078053
2026-09-07,JGCHEM,J.G.CHEMICALS LIMITED,596.05,608.1,577.4,581.35,598.15,285713
2026-09-07,JAGRAN,JAGRAN PRAKASHAN LIMITED,61.4,62.0,60.82,61.81,60.98,252138
2026-09-07,JAGSNPHARM,JAGSONPAL PHARMACEUTICALS,242.06,247.96,237.2,239.06,242.06,59705
2026-09-07,JAIBALAJI,JAI BALAJI INDUSTRIES LTD,71.0,72.5,66.3,69.71,69.73,2563416
2026-09-07,JAICORPLTD,JAI CORP LIMITED,99.55,100.3,98.1,98.56,99.52,245829
2026-09-07,JISLDVREQS,JAIN DVR EQUITY SHARES,22.29,22.4,21.32,21.99,21.93,84004
2026-09-07,JISLJALEQS,JAIN IRRIGATION SYSTEMS,31.35,32.94,30.61,32.51,30.87,17973234
2026-09-07,JAINREC,JAIN RESOURCE RECYCLING L,277.9,290.6,277.9,281.35,277.95,1350135
2026-09-07,JPPOWER,JAIPRAKASH POWER VEN. LTD,16.29,17.14,16.09,16.79,16.29,91476432
2026-09-07,JAMNAAUTO,JAMNA AUTO IND LTD,120.17,127.0,120.17,126.61,120.69,3705464
2026-09-07,JSFB,JANA SMALL FIN BANK LTD,533.4,540.05,528.5,538.5,535.1,358223
2026-09-07,JARO,JARO INS OF TEC MG N RE L,445.1,447.4,441.0,443.4,445.65,102854
2026-09-07,JASH,JASH ENGINEERING LIMITED,498.0,514.0,490.0,511.15,478.5,484422
2026-09-07,JAYBARMARU,JAY BHARAT MARUTI LTD,122.5,123.97,118.61,120.19,122.29,261651
2026-09-07,JAYAGROGN,JAYANT AGRO ORGANICS LTD,230.6,234.0,227.0,228.33,230.6,11160
2026-09-07,JAYNECOIND,JAYASWAL NECO INDUSTR LTD,90.62,93.07,89.03,89.67,89.04,8499629
2026-09-07,JAYKAY,JAYKAY ENTERPRISES LTD,154.2,160.78,151.51,158.73,153.69,587254
2026-09-07,JAYSREETEA,JAYSHREE TEA & INDUSTRIES,100.54,103.0,98.1,98.61,98.95,55012
2026-09-07,JBMA,JBM AUTO LIMITED,622.8,625.5,610.9,613.6,625.6,203154
2026-09-07,JSLL,JEENA SIKHO LIFECARE LTD,518.65,531.05,513.7,516.75,516.3,604190
2026-09-07,JENBURPH,JENBURKT PHARMACEUTICAL L,1022.2,1057.0,1022.2,1043.0,1038.8,575
2026-09-07,JETFREIGHT,JET FREIGHT LOGISTICS LTD,21.28,21.56,20.0,20.31,21.18,185078
2026-09-07,JHS,JHS SVEND. LAB. LTD,7.89,8.15,7.85,7.99,7.89,22920
2026-09-07,RETAIL,JHS SVENDGAARD RETAIL V L,17.0,17.0,16.5,16.59,17.24,2827
2026-09-07,JPOLYINVST,JIND POL INV & FIN CO LTD,997.45,1019.9,993.1,1006.8,997.45,4998
2026-09-07,JINDRILL,JINDAL DRILLING IND. LTD,666.95,686.9,653.7,664.15,663.05,722088
2026-09-07,JINDALPHOT,JINDAL PHOTO LIMITED,1021.2,1028.8,1007.2,1010.8,1021.2,1748
2026-09-07,JINDALPOLY,JINDAL POLY FILMS LIMITED,672.35,719.5,672.35,699.1,672.35,38473
2026-09-07,JINDALSAW,JINDAL SAW LIMITED,311.0,312.6,305.55,309.55,305.3,2210468
2026-09-07,JSL,JINDAL STAINLESS LIMITED,737.95,741.0,728.0,736.8,737.85,536059
2026-09-07,JINDALSTEL,JINDAL STEEL LIMITED,1164.5,1168.0,1130.0,1147.9,1165.0,752810
2026-09-07,JINDWORLD,JINDAL WORLDWIDE LTD,59.15,61.99,52.02,58.52,57.51,95411627
2026-09-07,JKIPL,JINKUSHAL INDUSTRIES LTD,104.98,104.98,98.05,98.56,100.56,5563
2026-09-07,JIOFIN,JIO FIN SERVICES LTD,239.0,239.3,234.4,234.4,239.5,10127575
2026-09-07,NIFTYJBLK,JIOBLACKROCKAMC-NIFTYJBLK,12.59,13.05,12.03,12.31,12.29,221203
2026-09-07,JITFINFRA,JITF INFRALOGISTICS LTD,307.0,307.8,296.1,301.0,304.5,22805
2026-09-07,JKCEMENT,JK CEMENT LIMITED,5083.5,5106.5,5021.0,5047.0,5083.5,37329
2026-09-07,JKLAKSHMI,JK LAKSHMI CEMENT LTD,516.1,518.95,505.9,507.15,515.7,162822
2026-09-07,JKPAPER,JK PAPER LIMITED,410.15,429.7,409.0,420.05,405.8,2617975
2026-09-07,JKTYRE,JK TYRE & INDUSTRIES LTD,368.45,369.9,366.55,368.45,367.35,241365
2026-09-07,JKIL,JKUMAR INFR.LTD.,487.05,492.8,484.35,491.3,487.35,43503
2026-09-07,JMFINANCIL,JM FINANCIAL LIMITED,132.77,132.85,129.0,130.28,132.06,3350488
2026-09-07,JNKINDIA,JNK INDIA LIMITED,448.95,450.0,428.85,435.35,445.05,69670
2026-09-07,JOCIL,JOCIL LIMITED,150.4,167.4,147.51,159.32,154.3,54555
2026-09-07,COCKERILL,JOHN COCKERILL INDIA LTD.,8193.0,8244.5,7908.0,8065.5,8193.5,7820
2026-09-07,JSWCEMENT,JSW CEMENT LIMITED,123.6,125.0,121.16,121.81,124.07,1140728
2026-09-07,JSWDULUX,JSW DULUX LIMITED,3182.0,3238.5,3161.0,3186.8,3174.5,31552
2026-09-07,JSWENERGY,JSW ENERGY LIMITED,539.9,541.25,528.0,530.0,539.85,2738335
2026-09-07,JSWHL,JSW HOLDINGS LIMITED,11549.0,11549.0,11312.0,11372.0,11472.0,1253
2026-09-07,JSWINFRA,JSW INFRASTRUCTURE LTD,333.4,338.65,330.0,330.85,333.0,2486873
2026-09-07,JSWSTEEL,JSW STEEL LIMITED,1334.3,1335.0,1301.0,1302.0,1325.0,1276231
2026-09-07,JTEKTINDIA,JTEKT INDIA LIMITED,121.46,122.0,119.55,121.3,121.27,159794
2026-09-07,JTLIND,JTL INDUSTRIES LIMITED,92.42,92.42,88.0,89.51,91.67,2749009
2026-09-07,JUBLCPL,JUBILANT AGRI N CON PRO L,2222.6,2273.9,2191.1,2206.6,2222.6,8080
2026-09-07,JUBLFOOD,JUBILANT FOODWORKS LTD,482.0,484.2,472.1,475.4,482.7,391181
2026-09-07,JUBLINGREA,JUBILANT INGREVIA LIMITED,680.7,684.95,669.15,675.35,680.3,107000
2026-09-07,JUBLPHARMA,JUBILANT PHARMOVA LTD,928.0,954.2,918.0,950.3,924.5,317471
2026-09-07,JMA,JULLUNDUR MOT AGENCY LTD,92.15,92.19,90.0,90.04,90.58,5812
2026-09-07,JNPR,JUNIPER GREEN ENERGY LTD,264.0,268.4,258.0,260.65,265.1,277307
2026-09-07,JUNIPER,JUNIPER HOTELS LIMITED,216.8,217.95,214.5,215.33,216.82,64582
2026-09-07,JLHL,JUPITER LIFE LINE HOSP L,284.0,289.9,283.25,285.4,286.45,50788
2026-09-07,JWL,JUPITER WAGONS LIMITED,243.24,248.4,243.24,244.99,243.24,625971
2026-09-07,JUSTDIAL,JUSTDIAL LTD.,699.8,701.35,685.1,698.75,692.85,132821
2026-09-07,JYOTHYLAB,JYOTHY LABS LIMITED,203.0,203.0,194.2,195.1,201.54,906846
2026-09-07,JYOTICNC,JYOTI CNC AUTOMATION LTD,1002.5,1024.85,998.05,1020.65,1003.9,927422
2026-09-07,JYOTIRES,JYOTI RESINS & ADHESIVE L,855.25,875.9,852.3,868.75,868.1,5575
2026-09-07,JYOTISTRUC,JYOTI STRUCTURES LTD,10.05,10.3,9.82,10.16,10.02,6554240
2026-09-07,KJMCFIN,K J M C FINANCIAL SERV L,63.14,65.88,60.23,61.84,63.14,5578
2026-09-07,KMCSHIL,K M C SPECIALITY HOSP I L,140.37,140.4,135.0,135.73,138.24,70725
2026-09-07,KMSUGAR,K M SUGAR MILLS LTD,30.65,31.99,30.6,30.71,30.68,350469
2026-09-07,KPEL,K.P. ENERGY LIMITED,247.0,254.85,240.77,241.85,247.32,303324
2026-09-07,KABRAEXTRU,KABRA EXTRUSION TECHNIK L,587.0,642.0,587.0,634.5,579.15,759426
2026-09-07,KAJARIACER,KAJARIA CERAMICS LTD,1235.0,1239.6,1215.0,1220.5,1239.6,124971
2026-09-07,KAKATCEM,KAKATIYA CEM SUGAR &IND L,108.1,113.0,108.1,109.14,109.6,3671
2026-09-07,KALPATARU,KALPATARU LIMITED,273.1,277.65,273.1,275.9,277.65,10479
2026-09-07,KPIL,KALPATARU PROJECT INT LTD,1406.6,1427.9,1400.1,1424.4,1406.6,96907
2026-09-07,KALYANKJIL,KALYAN JEWELLERS IND LTD,600.0,602.75,590.0,591.0,598.8,3808474
2026-09-07,KICL,KALYANI INVEST CO LTD,5173.0,5246.0,5150.0,5196.0,5203.0,419
2026-09-07,KSL,KALYANI STEELS LIMITED,941.6,959.7,936.1,941.45,940.5,72294
2026-09-07,KAMAHOLD,KAMA HOLDINGS LTD.,2368.0,2368.0,2321.0,2331.1,2348.2,3887
2026-09-07,KAMANWALA,KAMANWALA HOUSING CONST L,16.59,16.99,16.5,16.53,16.59,620
2026-09-07,KAMATHOTEL,KAMAT HOTELS (I) LTD,224.13,229.0,221.13,228.19,225.51,50009
2026-09-07,KAMOPAINTS,KAMDHENU VENTURES LIMITED,4.53,4.59,4.31,4.4,4.53,336415
2026-09-07,KANANIIND,KANANI INDUSTRIES LTD,1.54,1.55,1.5,1.52,1.52,70990
2026-09-07,KANCHI,KANCHI KARPOORAM LTD.,409.7,409.7,398.0,403.05,409.7,1467
2026-09-07,KANCOTEA,KANCO TEA & INDS. LTD.,54.85,58.7,52.45,56.4,54.85,185
2026-09-07,KANPRPLA,KANPUR PLASTIPACK LIMITED,253.0,254.85,238.1,240.1,250.2,28881
2026-09-07,KANSAINER,KANSAI NEROLAC PAINTS LTD,193.85,196.9,193.25,194.28,194.2,142743
2026-09-07,KAPSTON,KAPSTON SERVICES LIMITED,584.05,586.45,560.3,566.5,584.05,81363
2026-09-07,KARMAENG,KARMA ENERGY LIMITED,37.45,38.24,37.2,37.3,37.45,1761
2026-09-07,KTKBANK,KARNATAKA BANK LIMITED,339.6,340.0,332.6,333.6,340.1,1114008
2026-09-07,KARURVYSYA,KARUR VYSYA BANK LTD,348.0,351.2,341.0,341.7,348.85,1235358
2026-09-07,KSCL,KAVERI SEED CO. LTD.,744.1,749.85,729.0,732.3,744.1,41739
2026-09-07,KAVDEFENCE,KAVVERI DFS & WIR TEC LTD,70.05,72.97,65.61,66.51,67.14,1750897
2026-09-07,KAYNES,KAYNES TECHNOLOGY IND LTD,3588.8,3734.8,3571.1,3604.0,3598.0,1148533
2026-09-07,KCP,KCP LTD,163.3,164.81,160.54,163.3,162.38,168236
2026-09-07,KDGREEN,KD GREEN INDUSTRIES LTD,50.19,53.0,48.05,48.57,50.44,415996
2026-09-07,KDDL,KDDL LIMITED,3900.0,4025.0,3900.0,3991.9,3911.0,46216
2026-09-07,KEC,KEC INTL. LIMITED,408.55,409.8,399.55,401.65,408.55,720450
2026-09-07,KEI,KEI INDUSTRIES LTD.,4850.0,4871.0,4678.0,4704.0,4850.0,1220350
2026-09-07,KELLTONTEC,KELLTON TECH SOL LTD,13.95,14.0,13.51,13.62,13.87,2692298
2026-09-07,KENNAMET,KENNAMETAL INDIA LIMITED,4717.0,4799.8,4654.0,4693.0,4688.5,32325
2026-09-07,KERNEX,KERNEX MICROSYS(I) LTD,1830.0,1864.0,1750.0,1769.3,1817.0,280918
2026-09-07,KKCL,KEWAL KIRAN CLOTHING LTD,519.85,522.8,502.0,504.5,514.3,17767
2026-09-07,KEYFINSERV,KEYNOTE FIN SERV LTD.,252.9,252.9,244.2,248.6,245.05,629
2026-09-07,RUSTOMJEE,KEYSTONE REALTORS LIMITED,377.0,377.0,366.0,366.9,373.95,24787
2026-09-07,KFINTECH,KFIN TECHNOLOGIES LIMITED,928.8,932.8,918.05,922.5,928.9,301718
2026-09-07,KHAITANLTD,KHAITAN (INDIA)LTD.,163.0,164.0,150.51,162.35,162.0,6696
2026-09-07,KHAICHEM,KHAITAN CHEM & FERT LTD,54.97,55.0,53.1,53.6,54.86,106909
2026-09-07,KHANDSE,KHANDWALA SECURITIES LTD,18.48,18.58,16.96,17.61,18.38,3101
2026-09-07,KLBRENG-B,KILBURN ENGINEERING LTD.,468.05,476.0,456.3,461.2,467.85,278310
2026-09-07,KINGFA,KINGFA SCI & TEC IND LTD.,5915.0,6098.5,5880.0,6056.5,5932.5,12213
2026-09-07,KIOCL,KIOCL LIMITED,382.1,384.2,375.0,376.5,382.1,73813
2026-09-07,KIRANVYPAR,KIRAN VYAPAR LTD.,204.0,207.78,204.0,204.65,205.41,1193
2026-09-07,KIRIINDUS,KIRI INDUSTRIES LIMITED,565.05,603.95,565.05,583.2,559.1,3877065
2026-09-07,KIRLOSBROS,KIRLOSKAR BROTHERS LTD,1862.0,1869.3,1825.0,1832.4,1862.0,26166
2026-09-07,KECL,KIRLOSKAR ELECTRIC CO LTD,126.78,128.0,122.2,122.93,126.41,106450
2026-09-07,KIRLFER,KIRLOSKAR FERROUS IND LTD,462.7,463.5,457.5,460.1,459.6,47157
2026-09-07,KIRLOSIND,KIRLOSKAR INDUSTRIES LTD,3720.0,3743.9,3689.9,3715.1,3731.5,2583
2026-09-07,KIRLOSENG,KIRLOSKAR OIL ENG LTD,2180.0,2218.5,2156.5,2174.8,2201.9,237548
2026-09-07,KIRLPNU,KIRLOSKAR PNEUMATIC COM L,762.8,768.8,754.7,760.15,760.45,99244
2026-09-07,KITEX,KITEX GARMENTS LTD,127.99,128.96,126.55,127.77,128.85,283393
2026-09-07,KNAGRI,KN AGRI RESOURCES LIMITED,200.0,201.9,198.91,201.18,199.4,3513
2026-09-07,KNACK,KNACK PACKAGING LIMITED,189.72,190.0,185.0,185.93,187.3,664588
2026-09-07,KMEW,KNOWLEDGE MARINE & EN W L,3033.4,3060.4,2910.0,2961.6,3033.4,80097
2026-09-07,KNRCON,KNR CONSTRU LTD.,124.0,125.64,121.95,122.75,124.66,995698
2026-09-07,KOHINOOR,KOHINOOR FOODS LIMITED,33.0,33.0,30.5,30.87,32.77,309835
2026-09-07,KOKUYOCMLN,KOKUYO CAMLIN LIMITED,80.81,81.0,78.88,79.43,80.61,55343
2026-09-07,KOLTEPATIL,KOLTE PATIL DEV. LTD.,440.0,446.2,437.8,443.6,441.85,53573
2026-09-07,KOPRAN,KOPRAN LTD,234.2,253.71,230.5,245.87,232.54,2037485
2026-09-07,GOLD1,KOTAK GOLD ETF,127.5,127.5,125.91,126.71,128.47,1539958
2026-09-07,KOTAKBANK,KOTAK MAHINDRA BANK LTD,421.8,425.7,421.0,422.1,424.5,7148641
2026-09-07,NIFTY1,KOTAK NIFTY ETF,269.8,269.8,263.91,264.2,265.82,61919
2026-09-07,PSUBANK,KOTAK PSU BANK,83.8,85.93,83.8,84.42,85.53,81863
2026-09-07,CHEMICAL,KOTAKMAMC - CHEMICAL,29.9,30.5,29.9,30.05,30.2,985997
2026-09-07,ALPHA,KOTAKMAMC - KOTAKALPHA,54.3,54.3,53.88,53.97,54.16,574919
2026-09-07,CONS,KOTAKMAMC - KOTAKCONS,12.2,12.2,11.89,11.93,11.98,27163
2026-09-07,IT,KOTAKMAMC - KOTAKIT,34.79,34.79,33.2,33.32,34.09,508608
2026-09-07,LIQUID1,KOTAKMAMC - KOTAKLIQ,1122.0,1122.0,1121.43,1121.56,1121.43,3065905
2026-09-07,LOWVOL1,KOTAKMAMC - KOTAKLOVOL,21.35,21.35,20.72,20.82,20.93,2329530
2026-09-07,MIDCAP,KOTAKMAMC - KOTAKMID50,18.88,18.88,18.4,18.43,18.51,570419
2026-09-07,MNC,KOTAKMAMC - KOTAKMNC,33.21,33.37,32.99,33.04,33.21,47177
2026-09-07,SILVER1,KOTAKMAMC - KOTAKSILVE,22.49,22.49,22.2,22.32,22.6,6105939
2026-09-07,NV20,KOTAKMAMC - KTKNV20ETF,14.0,14.0,13.8,13.82,13.99,90008
2026-09-07,MID150,KOTAKMAMC - MID150,23.61,23.61,23.39,23.49,23.61,24438
2026-09-07,MOMENTUM30,KOTAKMAMC - MOMENTUM30,30.81,30.87,30.64,30.76,30.81,360329
2026-09-07,MSCIINDIA,KOTAKMAMC - MSCIINDIA,29.82,29.82,29.53,29.6,29.82,4704
2026-09-07,NEXT50ETF,KOTAKMAMC - NEXT50ETF,74.88,74.88,73.14,73.23,73.83,15266
2026-09-07,NIFTY100EW,KOTAKMAMC - NIFTY100EW,35.43,35.43,34.74,34.85,35.06,326610
2026-09-07,PVTBANK,KOTAKMAMC - PVTBANK,28.1,28.1,27.78,27.87,28.0,7757
2026-09-07,QUALITY30,KOTAKMAMC - QUALITY30,20.65,21.0,20.4,20.49,20.65,5483
2026-09-07,BANKNIFTY1,KOTAKMAMC-KOTAKBKETF,61.2,61.2,59.25,59.32,59.71,246660
2026-09-07,KOTIC,KOTHARI INDUSTRIAL CORP L,134.4,134.89,128.85,131.86,132.47,11885
2026-09-07,KOTHARIPET,KOTHARI PETROCHEM LTD,131.5,135.5,131.5,133.27,130.56,110465
2026-09-07,KOTHARIPRO,KOTHARI PRODUCTS LTD,68.9,68.9,65.37,66.16,67.39,13662
2026-09-07,KOVAI,KOVAI MEDICAL CENTER & HO,6045.0,6125.0,6000.5,6069.0,6062.5,4985
2026-09-07,KPIGREEN,KPI GREEN ENERGY LIMITED,305.5,306.75,302.0,302.6,307.0,619631
2026-09-07,KPITTECH,KPIT TECHNOLOGIES LIMITED,575.85,575.9,560.0,562.25,575.45,1316814
2026-09-07,KPRMILL,KPR MILL LTD.,1180.0,1182.0,1144.4,1154.7,1186.3,204839
2026-09-07,KRBL,KRBL LIMITED,425.0,439.8,422.0,427.3,421.95,690366
2026-09-07,KREBSBIO,KREBS BIOCHEMICALS & IND,55.14,57.72,54.26,55.99,55.95,3613
2026-09-07,KRIDHANINF,KRIDHAN INFRA LIMITED,2.0,2.08,1.98,1.99,2.03,96168
2026-09-07,KRISHANA,KRISHANA PHOSCHEM LIMITED,183.44,186.34,181.5,182.84,184.13,542443
2026-09-07,KRISHIVAL,KRISHIVAL FOODS LIMITED,417.0,418.8,414.7,415.25,416.3,11010
2026-09-07,KRISHNADEF,KRISHNA DEF AND ALD IND L,1016.0,1073.9,1011.0,1066.4,1013.2,142424
2026-09-07,KIMS,KRISHNA INST OF MED SCI L,760.0,770.6,758.1,764.55,764.1,135387
2026-09-07,KRITI,KRITI INDUSTRIES IND LTD,61.6,64.0,60.5,62.47,61.6,17485
2026-09-07,KRITINUT,KRITI NUTRIENTS LIMITED,86.0,87.0,82.55,83.2,86.45,14700
2026-09-07,KRITIKA,KRITIKA WIRES LIMITED,5.26,5.46,5.21,5.35,5.37,166723
2026-09-07,KRN,KRN HEAT EXCHANGE N REF L,1578.0,1653.9,1574.9,1625.4,1578.7,329624
2026-09-07,KROSS,KROSS LIMITED,212.84,212.99,208.12,209.13,211.57,103699
2026-09-07,KRSNAA,KRSNAA DIAGNOSTICS LTD,559.25,567.55,551.0,564.05,560.0,34582
2026-09-07,KRYSTAL,KRYSTAL INTEGRATED SER L,650.0,667.5,650.0,661.5,654.6,12891
2026-09-07,KSB,KSB LIMITED,822.0,822.0,799.45,801.45,813.55,91474
2026-09-07,KSE,KSE LTD.,181.92,182.0,175.52,177.0,180.12,25847
2026-09-07,KSHINTL,KSH INTERNATIONAL LIMITED,1094.65,1125.9,1090.7,1105.65,1087.8,320607
2026-09-07,KSHITIJPOL,KSHITIJ POLYLINE LIMITED,3.46,3.46,3.46,3.46,3.3,928806
2026-09-07,KSOLVES,KSOLVES INDIA LIMITED,274.95,274.95,268.75,269.1,272.05,20423
2026-09-07,KSR,KSR FOOTWEAR LIMITED,34.89,34.95,33.01,34.13,34.61,188573
2026-09-07,KUANTUM,KUANTUM PAPERS LIMITED,75.03,80.06,73.91,76.7,74.18,296520
2026-09-07,KUSUMGAR,KUSUMGAR LIMITED,569.0,576.55,568.95,571.9,571.2,131443
2026-09-07,KPL,KWALITY PHARMACEUTICALS L,3312.3,3428.3,3285.6,3411.2,3285.5,22589
2026-09-07,KWIL,KWALITY WALL'S (INDIA) L,42.1,42.49,41.03,41.12,42.12,11048008
2026-09-07,LKPSEC,L K P SECURITIES LTD.,15.28,15.82,15.05,15.42,15.28,8421
2026-09-07,LTF,L&T FINANCE LIMITED,314.0,315.3,310.9,312.5,314.0,2068591
2026-09-07,LTTS,L&T TECHNOLOGY SER. LTD.,3470.0,3484.8,3400.1,3414.2,3493.3,64566
2026-09-07,LAOPALA,LA OPALA RG LIMITED,174.0,174.59,171.2,171.96,173.9,38975
2026-09-07,LADDERUP,LADDERUP FINANCE LTD.,50.0,50.0,50.0,50.0,51.4,16
2026-09-07,LAGNAM,LAGNAM SPINTEX LIMITED,74.05,76.0,74.05,74.55,74.8,2066
2026-09-07,LAHOTIOV,LAHOTI OVERSEAS LTD.,43.94,45.0,42.0,44.0,43.08,4169
2026-09-07,LFIC,LAKSHMI FIN IND CORP LTD,134.64,134.64,134.59,134.59,134.64,414
2026-09-07,LAKSHMIMIL,LAKSHMI MILLS CO. LTD.,7671.5,7900.0,7625.0,7734.0,7621.0,22
2026-09-07,LALITHAA,LALITHAA JEWELLERY MART L,314.0,326.8,309.5,317.75,306.7,24705575
2026-09-07,LAMBODHARA,LAMBODHARA TEXTILES LTD.,134.67,140.0,133.26,134.6,134.67,6832
2026-09-07,LANCER,LANCER CONTAINER LINES L,13.06,13.23,12.63,12.96,13.03,341167
2026-09-07,LANCORHOL,LANCOR HOLDINGS LIMITED,41.5,41.75,38.41,40.12,40.35,855132
2026-09-07,LANDMARK,LANDMARK CARS LIMITED,510.15,513.1,491.15,494.1,510.15,97730
2026-09-07,LPDC,LANDMARK PR.DEV.CO.LTD,6.57,6.92,6.05,6.32,6.73,188005
2026-09-07,LANDSMILL,LANDSMILL GREEN LIMITED,0.64,0.64,0.58,0.58,0.63,6371276
2026-09-07,LT,LARSEN & TOUBRO LTD.,3962.0,4004.9,3960.9,3999.0,3964.1,1256683
2026-09-07,LASA,LASA SUPERGENERICS LTD,6.73,6.8,6.6,6.68,6.73,17590
2026-09-07,LASERPOWER,LASER POWER & INFRA LTD,296.9,312.9,295.2,310.7,295.65,1032439
2026-09-07,LATENTVIEW,LATENT VIEW ANALYTICS LTD,266.25,268.55,258.75,261.7,267.25,522059
2026-09-07,LATTEYS,LATTEYS INDUSTRIES LTD,20.6,21.31,20.06,20.63,20.5,23947
2026-09-07,LAURUSLABS,LAURUS LABS LIMITED,1840.0,1876.7,1832.7,1876.7,1840.0,1148664
2026-09-07,LAXMICOT,LAXMI COTSPIN LIMITED,13.75,14.0,13.3,13.38,13.73,25952
2026-09-07,LAXMIDENTL,LAXMI DENTAL LIMITED,199.14,200.01,196.75,197.73,199.14,26034
2026-09-07,LGHL,LAXMI GOLDORNA HOUSE LTD,171.1,180.99,171.1,176.23,175.42,12672
2026-09-07,LAXMIINDIA,LAXMI INDIA FINANCE LTD,133.45,136.75,130.37,130.89,132.6,299362
2026-09-07,LXCHEM,LAXMI ORGANIC INDUS LTD,172.0,174.4,170.25,171.99,172.04,583493
2026-09-07,LCCINFOTEC,LCC INFOTECH LTD,3.81,3.98,3.55,3.79,3.81,23439
2026-09-07,LEMERITE,LE MERITE EXPORTS LIMITED,20.81,21.2,20.26,20.72,20.93,166891
2026-09-07,IXIGO,LE TRAVENUES TECHNOLOGY L,168.85,168.85,164.4,167.39,166.75,504059
2026-09-07,LEAPIND,LEAP INDIA LIMITED,152.0,152.55,145.45,146.28,150.26,2141218
2026-09-07,THELEELA,LEELA PALACES HOTEL LTD,554.95,556.95,541.0,543.5,554.05,234413
2026-09-07,LEMONTREE,LEMON TREE HOTELS LTD,105.49,107.49,105.38,107.28,104.95,3117893
2026-09-07,LENSKART,LENSKART SOLUTIONS LTD,688.95,697.25,684.5,688.0,684.9,3142143
2026-09-07,LEXUS,LEXUS GRANITO (INDIA) LTD,13.7,13.78,13.33,13.38,13.53,2663
2026-09-07,LGBBROSLTD,LG BALAKRISHNAN & BROS,1688.1,1749.7,1688.1,1731.7,1702.8,45200
2026-09-07,LGEINDIA,LG ELECTRONICS INDIA LTD,1654.5,1668.9,1640.1,1647.8,1640.7,314218
2026-09-07,LIBAS,LIBAS CONSU PRODUCTS LTD,10.46,10.5,9.95,9.99,10.46,101788
2026-09-07,LIBERTSHOE,LIBERTY SHOES LTD,237.88,237.88,230.41,231.37,233.27,14382
2026-09-07,LICHSGFIN,LIC HOUSING FINANCE LTD,563.15,567.6,548.0,552.0,562.05,1618855
2026-09-07,LICMFGOLD,LIC MF - LIC GOLD ETF,138.0,138.0,136.3,137.1,138.75,40485
2026-09-07,LICNETFN50,LICNAMC - LICNFENGP,268.7,268.7,266.1,266.1,267.77,1457
2026-09-07,LICNETFSEN,LICNAMC - LICNFESGP,865.7,865.76,858.02,858.02,862.89,15
2026-09-07,LICNFNHGP,LICNAMC - LICNFNHGP,273.31,274.65,267.05,270.76,270.61,3521
2026-09-07,LICNETFGSC,LICNAMC - LICNMFET,30.07,30.07,29.16,29.4,29.34,41178
2026-09-07,LICNMID100,LICNAMC - LICNMID100,63.76,63.97,63.25,63.32,63.84,5433
2026-09-07,LICI,LIFE INSURA CORP OF INDIA,418.7,419.6,410.25,411.5,415.35,2694855
2026-09-07,LIKHITHA,LIKHITHA INFRASTRUC LTD,204.0,206.34,202.21,205.16,204.8,39855
2026-09-07,LINC,LINC LIMITED,98.99,98.99,95.07,96.8,95.07,12384
2026-09-07,LINCOLN,LINCOLN PHARMA LTD,626.8,640.0,617.7,632.35,620.8,75014
2026-09-07,LINDEINDIA,LINDE INDIA LIMITED,6346.0,6394.5,6300.5,6372.5,6346.0,14317
2026-09-07,LLOYDSENGG,LLOYDS ENGG WORK LIMITED,84.0,85.11,82.65,83.19,84.21,3246321
2026-09-07,LLOYDSENT,LLOYDS ENTERPRISES LTD,74.0,74.32,72.1,72.28,74.23,1823072
2026-09-07,LLOYDSME,LLOYDS METALS N ENERGY L,1820.0,1823.0,1801.1,1803.0,1823.0,257764
2026-09-07,LMW,LMW LIMITED,18780.0,18891.0,18455.0,18551.0,18774.0,4966
2026-09-07,LODHA,LODHA DEVELOPERS LIMITED,1231.9,1231.9,1200.0,1200.0,1222.0,410768
2026-09-07,LCL,LOHIA CORP LIMITED,584.0,587.95,561.95,565.5,581.5,364696
2026-09-07,LOKESHMACH,LOKESH MACHINES LTD,373.7,374.45,355.1,357.7,364.6,47124
2026-09-07,LORDSCHLO,LORDS CHLORO ALKALI LTD,149.0,149.0,138.05,138.93,146.6,20253
2026-09-07,LAL,LORENZINI APPARELS LTD,8.87,9.06,8.81,8.86,8.91,18975
2026-09-07,LOTUSCHO,LOTUS CHOCOLATE CO. LTD.,633.55,655.65,592.0,596.45,630.4,17992
2026-09-07,LOTUSEYE,LOTUS EYE HOSP & INST L,109.43,111.45,107.6,109.06,109.43,10632
2026-09-07,LOVABLE,LOVABLE LINGERIE LTD,71.37,72.9,70.0,70.96,71.37,12581
2026-09-07,LOYALTEX,LOYAL TEXTILE MILLS LTD,215.0,222.0,207.7,217.32,218.14,594
2026-09-07,LTFOODS,LT FOODS LIMITED,443.8,454.95,440.0,448.95,444.8,729443
2026-09-07,LTM,LTM LIMITED,4500.0,4519.4,4405.0,4448.0,4554.0,361825
2026-09-07,LUMAXTECH,LUMAX AUTO TECH LTD,1947.7,1967.7,1916.2,1935.5,1951.9,124170
2026-09-07,LUMAXIND,LUMAX INDUSTRIES LTD,6180.0,6272.5,6099.5,6139.5,6181.5,12227
2026-09-07,LUMINO,LUMINO INDUSTRIES LIMITED,116.75,121.0,114.4,114.82,114.5,44559124
2026-09-07,LUPIN,LUPIN LIMITED,2121.1,2135.5,2095.6,2105.0,2110.0,819621
2026-09-07,LUXIND,LUX INDUSTRIES LIMITED,1168.0,1184.9,1150.5,1159.4,1175.1,14521
2026-09-07,MBEL,M AND B ENGINEERING LTD,270.15,271.2,266.05,268.05,270.15,37808
2026-09-07,MKEXIM,M K EXIM (INDIA) LTD.,62.0,62.02,60.25,61.35,62.18,3667
2026-09-07,MKPL,M K PROTEINS LIMITED,4.02,4.07,4.0,4.03,4.02,73508
2026-09-07,MCL,M TEK COPPER LIMITED,59.0,59.0,56.6,57.02,58.3,29277
2026-09-07,M&MFIN,M&M FIN. SERVICES LTD,373.4,375.4,366.0,372.35,373.65,1859254
2026-09-07,MAANALU,MAAN ALUMINIUM LIMITED,117.22,118.85,115.0,115.27,117.9,48318
2026-09-07,MCCHRLS-B,MAC CHARLES (INDIA) LTD.,685.0,685.0,625.1,679.9,670.0,194
2026-09-07,MACPOWER,MACPOWER CNC MACHINES LTD,1906.0,1920.0,1775.0,1813.7,1904.9,44751
2026-09-07,MADHAVIPL,MADHAV INFRA PROJECTS L,7.91,8.15,7.81,7.91,7.98,84619
2026-09-07,MADHAV,MADHAV MARBLE & GRANITE,35.36,35.36,34.66,35.0,35.36,1200
2026-09-07,MBAPL,MADHYA BHARAT AGRO P. LTD,166.68,168.43,160.2,163.01,166.12,1696919
2026-09-07,MADRASFERT,MADRAS FERTILISERS LTD,65.5,65.56,64.3,64.56,65.12,33182
2026-09-07,MAFATIND,MAFATLAL INDUSTRIES LTD.,121.66,123.85,121.0,121.83,121.66,33638
2026-09-07,MAGADSUGAR,MAGADH SUGAR & ENERGY LTD,560.7,585.0,560.0,573.95,552.05,72979
2026-09-07,MCLOUD,MAGELLANIC CLOUD LIMITED,26.41,26.5,25.9,25.97,26.29,1770283
2026-09-07,MAGNUM,MAGNUM VENTURES LTD.,18.81,19.46,18.4,19.12,19.0,23999
2026-09-07,MAHAPEXLTD,MAHA RASHTRA APEX COPR. L,53.98,58.78,53.8,55.94,53.51,10593
2026-09-07,MFML,MAHALAXMI FABRIC MILLS LT,18.99,19.8,18.18,18.62,18.59,3340
2026-09-07,MGL,MAHANAGAR GAS LTD.,1097.0,1105.0,1088.1,1092.1,1096.6,99788
2026-09-07,MTNL,MAHANAGAR TELEPHONE NIGAM,26.63,26.63,25.9,26.05,26.55,826835
2026-09-07,MAHSCOOTER,MAHARASHTRA SCOOTERS LTD,13602.0,13628.0,13400.0,13493.0,13602.0,3534
2026-09-07,MAHSEAMLES,MAHARASHTRA SEAMLESS LTD,691.0,717.8,676.95,688.95,688.1,911812
2026-09-07,M&M,MAHINDRA & MAHINDRA LTD,3154.1,3178.0,3145.0,3160.0,3170.0,1715004
2026-09-07,MAHEPC,MAHINDRA EPC IRRIG LTD,105.8,105.8,101.65,103.17,103.62,25774
2026-09-07,MHRIL,MAHINDRA HOLIDAYS LTD,208.5,208.59,204.79,205.53,207.4,95483
2026-09-07,MAHLIFE,MAHINDRA LIFESPACE DEVLTD,362.4,369.0,355.15,360.15,362.4,65575
2026-09-07,MAHLOG,MAHINDRA LOGISTIC LIMITED,406.95,412.0,401.55,403.2,405.35,156509
2026-09-07,MAITHANALL,MAITHAN ALLOYS LTD,1130.0,1195.0,1098.1,1103.85,1090.55,993839
2026-09-07,MAKERSL,MAKERS LABORATORIES LTD.,195.45,195.45,176.2,186.75,189.9,2555
2026-09-07,MALLCOM,MALLCOM (INDIA) LIMITED,1018.6,1018.6,966.0,977.3,1018.15,4489
2026-09-07,MALUPAPER,MALU PAPER MILLS LIMITED,32.44,34.95,31.69,33.07,31.65,181607
2026-09-07,MAMATA,MAMATA MACHINERY LIMITED,412.5,424.65,402.0,413.5,412.55,63489
2026-09-07,MANAKCOAT,MAN COAT METAL & IND LTD,121.05,123.0,120.76,121.15,121.8,86174
2026-09-07,MANINDS,MAN INDUSTRIES (I) LTD.,794.7,826.95,776.0,819.4,788.55,695397
2026-09-07,MANINFRA,MAN INFRA LTD,125.5,127.79,124.0,124.42,124.8,1448189
2026-09-07,MANAKALUCO,MANAK ALUMINIUM CO. LTD.,38.0,39.85,38.0,39.44,38.1,87012
2026-09-07,MANAKSIA,MANAKSIA LTD.,64.3,68.4,62.88,66.36,63.05,274781
2026-09-07,MANALIPETC,MANALI PETROCHEMICALS LT,88.0,88.14,84.67,86.16,86.76,2321723
2026-09-07,MANAPPURAM,MANAPPURAM FINANCE LTD,332.35,332.35,323.15,325.6,339.7,9089525
2026-09-07,MANBA,MANBA FINANCE LIMITED,130.03,131.98,129.5,130.79,128.95,50373
2026-09-07,MANCREDIT,MANGAL CREDIT N FINCORP L,226.0,228.55,224.98,226.94,228.33,64748
2026-09-07,MEIL,MANGAL ELECTRICAL IND L,284.0,285.95,277.15,279.25,285.1,68490
2026-09-07,MANGLMCEM,MANGALAM CEMENT LTD,1088.5,1110.1,1082.8,1090.2,1095.2,74696
2026-09-07,MANGALAM,MANGALAM DRUG & CHEM LTD,30.0,30.43,29.3,29.57,30.02,25964
2026-09-07,MGEL,MANGALAM GLOBAL ENT LTD,14.86,17.08,13.0,15.72,14.24,1420121
2026-09-07,MANORG,MANGALAM ORGANICS LIMITED,491.3,509.3,491.0,494.7,489.5,5971
2026-09-07,MSL,MANGALAM SEEDS LTD.,142.22,144.0,140.1,144.0,142.22,468
2026-09-07,MWL,MANGALAM WORLDWIDE LTD,39.3,40.79,37.9,38.5,38.56,560275
2026-09-07,MANIPALHOS,MANIPAL HEALTH ENTERPRI L,730.0,734.8,708.1,727.25,725.2,1800446
2026-09-07,MANKIND,MANKIND PHARMA LIMITED,2317.0,2331.6,2303.5,2318.0,2327.9,153500
2026-09-07,MVGJL,MANOJ VAIBHAV GEM N JEW L,181.9,215.88,181.0,215.88,179.9,3202765
2026-09-07,MANOMAY,MANOMAY TEX INDIA LTD,239.8,240.51,231.41,234.48,234.97,299405
2026-09-07,MANORAMA,MANORAMA INDUSTRIES LTD,1993.0,2024.7,1967.3,2003.6,1993.4,213280
2026-09-07,MARALOVER,MARAL OVERSEAS LTD,63.98,65.0,62.21,64.26,61.83,98744
2026-09-07,MARATHON,MARATHON NXTGEN REALT LTD,439.0,461.5,430.95,459.5,437.9,267908
2026-09-07,MARICO,MARICO LIMITED,815.15,819.05,802.5,806.0,815.15,717139
2026-09-07,MARINE,MARINE ELECTRICAL (I) LTD,431.45,435.95,415.0,419.95,432.15,522124
2026-09-07,MARKOLINES,MARKOLINES PAVEMENT TEC L,172.0,180.8,169.73,175.36,171.89,761919
2026-09-07,MARKSANS,MARKSANS PHARMA LIMITED,327.5,339.0,326.75,335.05,326.75,2798363
2026-09-07,MARSONS,MARSONS LIMITED,139.4,144.28,127.92,128.83,137.56,4849194
2026-09-07,MARUTI,MARUTI SUZUKI INDIA LTD.,12691.0,12833.0,12618.0,12760.0,12694.0,413778
2026-09-07,MASFIN,MAS FINANCIAL SERV LTD,295.2,296.8,292.25,295.25,295.0,96140
2026-09-07,MASKINVEST,MASK INVESTMENTS LIMITED,147.9,148.0,147.9,148.0,148.64,11
2026-09-07,MASTEK,MASTEK LTD,1769.0,1770.0,1681.6,1691.7,1772.9,94731
2026-09-07,MASTERTR,MASTER TRUST LIMITED,90.2,92.93,87.0,88.86,89.16,1260805
2026-09-07,MATRIMONY,MATRIMONY.COM LIMITED,528.5,528.5,520.0,521.45,529.05,7444
2026-09-07,MAWANASUG,MAWANA SUGARS LIMITED,147.0,150.99,143.3,145.11,145.43,304058
2026-09-07,MAXESTATES,MAX ESTATES LIMITED,536.65,550.0,529.5,543.2,542.1,81378
2026-09-07,MFSL,MAX FINANCIAL SERV LTD,1537.5,1544.3,1510.0,1520.0,1548.4,938109
2026-09-07,MAXHEALTH,MAX HEALTHCARE INS LTD,983.0,994.9,974.0,992.0,984.8,1854549
2026-09-07,MAXIND,MAX INDIA LIMITED,151.9,153.69,145.36,147.69,150.66,66352
2026-09-07,MAYURUNIQ,MAYUR UNIQUOTERS LTD,725.05,731.55,701.7,712.4,734.85,174923
2026-09-07,MAZDOCK,MAZAGON DOCK SHIPBUIL LTD,2490.0,2505.3,2434.1,2454.2,2475.0,535900
2026-09-07,MBLINFRA,MBL INFRASTRUCTURE LTD,24.54,24.54,23.1,23.35,24.3,70027
2026-09-07,MCLEODRUSS,MCLEOD RUSSEL INDIA LTD.,46.3,46.59,44.72,45.17,46.3,323414
2026-09-07,MEDIASSIST,MEDI ASSIST HEALTH SER L,344.95,344.95,333.15,336.5,340.35,108756
2026-09-07,MEDICAPQ,MEDI CAPS LTD.,26.94,26.94,24.0,26.9,26.29,2926
2026-09-07,MMWL,MEDIA MATRIX WORLDWIDE L,14.25,14.8,13.95,14.34,14.53,15481
2026-09-07,MEDICAMEQ,MEDICAMEN BIOTECH LIMITED,273.0,288.0,267.0,279.25,270.25,149313
2026-09-07,MEDICO,MEDICO REMEDIES LIMITED,39.87,41.1,39.49,40.77,39.87,106027
2026-09-07,MEDPLUS,MEDPLUS HEALTH SERV LTD,670.0,672.05,656.55,659.7,676.35,150921
2026-09-07,MEESHO,MEESHO LIMITED,209.98,211.24,205.75,210.3,209.0,15413416
2026-09-07,MEGASTAR,MEGASTAR FOODS LIMITED,308.95,308.95,298.0,300.1,307.6,3236
2026-09-07,MOL,MEGHMANI ORGANICS LIMITED,66.99,67.4,65.36,65.73,66.66,1280175
2026-09-07,MIIL,MEGHNA INFRACON INFRA L,722.5,733.55,707.5,710.15,717.05,57187
2026-09-07,MENNPIS,MENON PISTONS LTD.,78.0,83.99,78.0,81.72,77.64,331191
2026-09-07,MERCANTILE,MERCANTILE VENTURES LTD.,24.99,27.7,24.01,24.43,25.45,977634
2026-09-07,MERCURYEV,MERCURY EV-TECH LIMITED,36.74,38.0,34.0,37.4,36.74,4166748
2026-09-07,METROBRAND,METRO BRANDS LIMITED,932.0,942.35,926.15,934.5,929.15,32820
2026-09-07,METROGLOBL,METROGLOBAL LTD.,137.99,142.0,132.2,140.0,136.14,377
2026-09-07,METROPOLIS,METROPOLIS HEALTHCARE LTD,588.7,588.7,574.4,577.75,588.7,174730
2026-09-07,MIDWESTLTD,MIDWEST LIMITED,1074.5,1078.9,1051.0,1062.6,1062.1,11743
2026-09-07,MLKFOOD,MILKFOOD LTD.,86.48,88.0,84.05,85.8,83.63,2956
2026-09-07,MILKYMIST,MILKY MIST DAIRY FOOD L,255.06,277.67,248.56,276.01,252.43,35261875
2026-09-07,MINDACORP,MINDA CORPORATION LTD,690.05,700.15,690.05,695.55,702.8,134028
2026-09-07,MINDTECK,MINDTECK (INDIA) LIMITED,169.99,173.38,167.15,168.74,168.81,28354
2026-09-07,ALPHAETF,MIRAEAMC - ALPHAETF,25.91,26.69,25.91,26.57,26.58,184284
2026-09-07,BANKETF,MIRAEAMC - BANKETF,585.18,585.18,581.09,581.69,586.33,37630
2026-09-07,BANKPSU,MIRAEAMC - BANKPSU,86.14,86.14,84.75,84.91,86.14,60427
2026-09-07,CONSUMER,MIRAEAMC - CONSUMER,12.33,12.33,11.94,11.95,12.03,820562
2026-09-07,DEFENCE,MIRAEAMC - DEFENCE,79.94,82.78,79.94,82.04,81.99,253197
2026-09-07,DIVIDEND,MIRAEAMC - DIVIDEND,36.35,36.35,35.19,35.32,35.62,6234
2026-09-07,ENERGY,MIRAEAMC - ENERGY,39.18,39.18,38.13,38.15,38.41,475227
2026-09-07,EQUAL200,MIRAEAMC - EQUAL200,14.16,14.16,13.71,13.72,13.82,4127
2026-09-07,EQUAL50,MIRAEAMC - EQUAL50,330.22,330.22,327.05,327.67,330.22,1412
2026-09-07,EVINDIA,MIRAEAMC - EVINDIA,33.25,33.25,32.09,32.38,32.44,208167
2026-09-07,HEALTHCARE,MIRAEAMC - HEALTHCARE,21.94,21.99,21.49,21.64,21.51,47020
2026-09-07,HYBRIDETF,MIRAEAMC - HYBRIDETF,10.25,10.25,10.03,10.05,10.03,7834
2026-09-07,INFRA,MIRAEAMC - INFRA,12.05,12.1,11.97,11.98,12.04,19707
2026-09-07,INTERNET,MIRAEAMC - INTERNET,14.6,14.98,14.46,14.53,14.61,182327
2026-09-07,ITETF,MIRAEAMC - ITETF,32.54,32.54,31.67,31.78,32.54,452051
2026-09-07,LARGEMID50,MIRAEAMC - LARGEMID50,37.0,37.0,36.13,36.15,36.39,3824
2026-09-07,LIQUID,MIRAEAMC - LIQUID,999.99,1000.0,999.99,999.99,999.99,134800
2026-09-07,LIQUIDPLUS,MIRAEAMC - LIQUIDPLUS,1102.12,1102.14,1102.12,1102.13,1102.01,131407
2026-09-07,ESG,MIRAEAMC - MAESGETF,41.1,41.17,40.8,40.84,41.15,5116
2026-09-07,MAFANG,MIRAEAMC - MAFANG,212.74,224.0,210.46,219.37,207.56,967348
2026-09-07,BFSI,MIRAEAMC - MAFSETF,27.17,27.17,26.95,26.97,27.17,109906
2026-09-07,GOLDETF,MIRAEAMC - MAGOLDETF,148.51,148.51,146.81,147.84,149.46,1124196
2026-09-07,GSEC10YEAR,MIRAEAMC - MAGS813ETF,30.49,30.49,30.31,30.35,30.37,15279
2026-09-07,MAHKTECH,MIRAEAMC - MAHKTECH,22.1,23.2,22.1,23.04,22.1,1051069
2026-09-07,MIDCAPETF,MIRAEAMC - MAM150ETF,23.98,23.98,23.48,23.61,23.73,9967439
2026-09-07,MAKEINDIA,MIRAEAMC - MAMFGETF,165.23,168.53,164.31,164.92,165.23,61763
2026-09-07,NIFTYETF,MIRAEAMC - MAN50ETF,267.2,267.2,254.17,258.42,260.69,797690
2026-09-07,LOWVOL,MIRAEAMC - MANV30F,204.13,204.21,203.3,203.84,204.13,2063
2026-09-07,NEXT50,MIRAEAMC - MANXT50,758.88,758.88,748.49,748.99,755.1,177686
2026-09-07,SILVERAG,MIRAEAMC - MASILVER,225.9,225.9,222.56,223.98,227.02,288141
2026-09-07,MASPTOP50,MIRAEAMC - MASPTOP50,81.46,87.76,81.46,85.9,79.86,985591
2026-09-07,METAL,MIRAEAMC - METAL,13.28,13.79,13.25,13.28,13.46,1556005
2026-09-07,MIDSMALL,MIRAEAMC - MIDSMALL,52.86,52.86,51.66,51.74,51.82,306025
2026-09-07,MOMMIDCAP,MIRAEAMC - MOMMIDCAP,13.05,13.05,12.94,12.96,12.99,1720781
2026-09-07,MULTICAP,MIRAEAMC - MULTICAP,16.37,17.37,16.37,16.69,16.79,173829
2026-09-07,SELECTIPO,MIRAEAMC - SELECTIPO,49.86,49.86,48.42,48.47,48.65,70853
2026-09-07,SENSEXETF,MIRAEAMC - SENSEXETF,78.9,79.5,78.5,78.59,79.2,24303
2026-09-07,SMALL250,MIRAEAMC - SMALL250,18.91,18.91,18.51,18.56,18.54,175195
2026-09-07,SMALLCAP,MIRAEAMC - SMALLCAP,49.39,49.44,48.9,49.27,48.9,1426963
2026-09-07,TOP20,MIRAEAMC - TOP20,8.65,8.92,8.65,8.83,8.88,39047
2026-09-07,VALUE,MIRAEAMC - VALUE,16.15,16.18,15.99,16.04,16.15,46657
2026-09-07,MIRZAINT,MIRZA INTERNATIONAL LIMIT,31.25,31.79,30.56,31.01,30.96,120081
2026-09-07,MIDHANI,MISHRA DHATU NIGAM LTD,420.9,429.55,418.25,419.9,418.8,643391
2026-09-07,MITCON,MITCON CON & ENG SER LTD,77.8,80.9,76.02,80.58,77.8,19958
2026-09-07,MITTAL,MITTAL LIFE STYLE LIMITED,0.82,0.96,0.81,0.92,0.8,11585530
2026-09-07,MMFL,MM FORGINGS LTD,630.15,635.9,615.2,618.1,630.1,137890
2026-09-07,MMP,MMP INDUSTRIES LIMITED,405.9,455.6,404.5,444.95,404.15,388765
2026-09-07,MMTC,MMTC LIMITED,64.5,64.62,63.5,63.82,64.18,1021196
2026-09-07,MODTHREAD,MODERN THREADS INDIA LTD,54.91,57.0,54.6,54.7,54.37,6400
2026-09-07,MODINATUR,MODI NATURALS LIMITED,345.0,347.65,339.05,344.8,340.95,4172
2026-09-07,MODIRUBBER,MODI RUBBER LTD,128.67,139.0,126.0,128.99,131.3,3086
2026-09-07,MODIS,MODIS NAVNIRMAN LTD,383.7,385.35,378.0,383.05,380.85,26315
2026-09-07,MODISONLTD,MODISON LIMITED,454.5,491.95,452.0,475.6,469.95,336826
2026-09-07,MOHITIND,MOHIT INDUSTRIES LTD,23.44,25.7,23.44,23.73,23.78,3230
2026-09-07,MOHITE,MOHITE INDUSTRIES LTD.,2.79,2.9,2.7,2.81,2.79,140078
2026-09-07,MOIL,MOIL LIMITED,254.25,255.47,246.9,247.22,252.3,649693
2026-09-07,MOKSH,MOKSH ORNAMENTS LIMITED,10.21,10.21,10.0,10.13,10.07,51262
2026-09-07,MOLBIO,MOLBIO DIAGNOSTICS LTD,1170.0,1183.7,1098.2,1127.2,1160.5,1068499
2026-09-07,MOLDTKPAC,MOLD-TEK PACKAGING LTD,706.6,707.3,695.0,697.6,706.65,31809
2026-09-07,MONARCH,MONARCH NETWORTH CAP LTD,377.9,388.9,375.0,383.25,377.9,162414
2026-09-07,MONEYBOXX,MONEYBOXX FINANCE LIMITED,58.79,59.99,56.0,56.83,58.8,19082
2026-09-07,MONTECARLO,MONTE CARLO FASHIONS LTD.,574.1,584.0,571.55,575.45,574.5,61489
2026-09-07,MOREPENLAB,MOREPEN LAB. LTD,115.96,122.14,114.56,118.88,113.74,21606889
2026-09-07,MOSCHIP,MOSCHIP TECHNOLOGIES LTD,212.0,218.88,210.31,212.6,212.22,2023785
2026-09-07,MSUMI,MOTHERSON SUMI WRNG IND L,36.35,37.05,36.27,36.9,36.52,7282689
2026-09-07,MOM100,MOTILAL OS MIDCAP100 ETF,68.12,68.5,67.58,67.83,68.18,328993
2026-09-07,MON100,MOTILAL OS NASDAQ100 ETF,332.78,339.99,327.84,336.35,324.67,1288381
2026-09-07,MOTILALOFS,MOTILAL OSWAL FIN LTD,1037.0,1058.9,1031.4,1055.0,1037.0,1551861
2026-09-07,MOM50,MOTILAL OSWAL M50 ETF,250.45,251.2,248.72,249.1,251.47,4130
2026-09-07,MOGSEC,MOTILALAMC - G5,65.06,65.7,65.06,65.2,65.69,1738
2026-09-07,MOALPHA50,MOTILALAMC - MOALPHA50,56.36,56.36,55.83,56.19,56.36,4419
2026-09-07,MOBANK10,MOTILALAMC - MOBANK10,17.24,17.35,16.67,16.78,16.95,8289
2026-09-07,MOCAPITAL,MOTILALAMC - MOCAPITAL,54.5,55.45,54.5,54.82,54.5,1027218
2026-09-07,MODEFENCE,MOTILALAMC - MODEFENCE,108.0,108.23,106.79,107.24,107.14,1225654
2026-09-07,MOENERGY,MOTILALAMC - MOENERGY,38.84,38.84,37.65,37.89,38.42,261823
2026-09-07,MOGOLD,MOTILALAMC - MOGOLD,151.25,151.25,148.9,150.25,151.75,44956
2026-09-07,MOHEALTH,MOTILALAMC - MOHEALTH,52.88,52.88,51.37,51.89,51.84,77382
2026-09-07,MOINFRA,MOTILALAMC - MOINFRA,60.17,60.17,58.35,58.51,58.68,18063
2026-09-07,MOIPO,MOTILALAMC - MOIPO,49.64,49.64,48.51,48.66,49.15,881
2026-09-07,MOLOWVOL,MOTILALAMC - MOLOWVOL,36.12,36.12,35.71,35.93,36.12,50020
2026-09-07,MOMENTUM50,MOTILALAMC - MOMENTUM50,55.0,55.0,54.1,54.33,54.38,1121489
2026-09-07,MOMETAL,MOTILALAMC - MOMETAL,13.45,13.45,13.15,13.2,13.32,20769
2026-09-07,MOMGF,MOTILALAMC - MOMGF,163.3,163.3,161.8,161.86,165.66,2408
2026-09-07,MOMIDMTM,MOTILALAMC - MOMIDMTM,65.02,65.02,64.16,64.44,64.55,82907
2026-09-07,MOMNC,MOTILALAMC - MOMNC,32.83,32.83,32.0,32.02,32.19,4522
2026-09-07,MOMOMENTUM,MOTILALAMC - MOMOMENTUM,62.2,62.88,60.55,62.06,62.27,56872
2026-09-07,MON50EQUAL,MOTILALAMC - MON50EQUAL,33.33,33.33,32.77,33.08,33.17,5659
2026-09-07,MONEXT50,MOTILALAMC - MONEXT50,73.14,73.14,72.37,72.41,73.14,3953
2026-09-07,MONIFTY100,MOTILALAMC - MONIFTY100,25.95,25.95,25.01,25.15,25.32,13407
2026-09-07,MONIFTY500,MOTILALAMC - MONIFTY500,24.5,24.5,23.67,23.78,23.91,394544
2026-09-07,MONQ50,MOTILALAMC - MONQ50,145.47,170.31,142.21,164.09,141.93,562328
2026-09-07,MOOILGAS,MOTILALAMC - MOOILGAS,11.52,11.52,11.12,11.12,11.29,8883
2026-09-07,MOPSE,MOTILALAMC - MOPSE,99.6,101.57,98.77,99.05,101.57,3404
2026-09-07,MOQUALITY,MOTILALAMC - MOQUALITY,198.0,198.36,196.49,197.14,198.73,1282
2026-09-07,MOREALTY,MOTILALAMC - MOREALTY,94.0,94.0,89.55,89.89,90.84,395534
2026-09-07,MOSERVICE,MOTILALAMC - MOSERVICE,31.53,31.53,30.6,30.65,30.91,4002
2026-09-07,MOSILVER,MOTILALAMC - MOSILVER,228.98,228.98,226.25,227.8,230.02,27297
2026-09-07,MOSMALL250,MOTILALAMC - MOSMALL250,18.61,18.64,18.49,18.55,18.52,1328215
2026-09-07,MOTOUR,MOTILALAMC - MOTOUR,79.29,79.29,77.1,77.37,77.74,30320
2026-09-07,MOVALUE,MOTILALAMC - MOVALUE,113.5,113.8,111.8,112.05,113.26,54279
2026-09-07,MOTISONS,MOTISONS JEWELLERS LTD,16.6,17.44,16.4,16.77,16.48,50923605
2026-09-07,MOTOGENFIN,MOTOR & GENERAL FINANCE L,29.25,34.4,28.71,31.37,28.71,474032
2026-09-07,MPHASIS,MPHASIS LIMITED,2409.9,2409.9,2340.3,2369.1,2422.0,382610
2026-09-07,MPSLTD,MPS LIMITED,2666.6,2700.0,2608.1,2635.7,2658.9,11114
2026-09-07,MRF,MRF LTD,130200.0,130300.0,128705.0,128890.0,129945.0,3771
2026-09-07,MRPL,MRPL,175.7,176.88,172.25,173.19,174.83,2388877
2026-09-07,BECTORFOOD,MRS BECTORS FOOD SPE LTD,225.1,234.99,223.38,230.65,225.96,1048506
2026-09-07,MSPL,MSP STEEL & POWER LTD.,35.57,35.9,34.5,34.78,35.4,1152651
2026-09-07,MSTCLTD,MSTC LIMITED,738.0,795.0,729.0,785.65,734.2,1016067
2026-09-07,MUFIN,MUFIN GREEN FINANCE LTD,137.5,138.68,135.26,136.17,137.56,310297
2026-09-07,MUKANDLTD,MUKAND LTD.,134.0,138.89,133.41,136.9,134.44,94829
2026-09-07,MUKESHB,MUKESH BABU FINANC SER L,134.0,134.0,133.5,133.84,133.91,163
2026-09-07,MUKKA,MUKKA PROTEINS LIMITED,31.5,33.22,31.11,32.15,31.34,5209798
2026-09-07,MCX,MULTI COMMODITY EXCHANGE,3276.9,3374.4,3276.9,3330.2,3275.4,1889368
2026-09-07,MUNJALAU,MUNJAL AUTO IND. LTD.,112.0,117.94,111.41,116.04,112.28,1017431
2026-09-07,MUNJALSHOW,MUNJAL SHOWA LTD,128.1,130.85,128.0,129.21,129.21,51497
2026-09-07,MURUDCERA,MURUDESHWAR CERAMICS LTD,29.17,30.24,28.7,29.33,29.66,30157
2026-09-07,RADIOCITY,MUSIC BROADCAST LIMITED,6.28,6.36,6.2,6.23,6.28,37379
2026-09-07,MUTHOOTCAP,MUTHOOT CAP SERV LTD,237.21,245.0,237.21,239.07,241.72,4347
2026-09-07,MUTHOOTFIN,MUTHOOT FINANCE LIMITED,2899.0,2920.0,2871.2,2880.0,2913.8,370903
2026-09-07,MUTHOOTMF,MUTHOOT MICROFIN LIMITED,205.48,206.5,196.3,197.93,205.29,654148
2026-09-07,MVELECTRO,MV ELECTROSYSTEMS LIMITED,729.7,841.1,725.0,806.45,729.7,20414269
2026-09-07,NRAIL,N R AGARWAL INDS LTD,595.0,631.0,584.0,589.95,584.0,145834
2026-09-07,NTCIND,N T C INDUSTRIES LTD.,133.82,137.79,131.15,134.57,133.16,3390
2026-09-07,NBIFIN,N.B.I. IND. FIN. CO. LTD,1991.8,2035.0,1964.0,1967.7,1981.9,5452
2026-09-07,NACLIND,NACL INDUSTRIES LIMITED,169.0,169.0,164.1,164.58,166.84,209008
2026-09-07,NDGL,NAGA DHUNSERI GROUP LTD,2722.0,2839.9,2722.0,2790.0,2787.7,121
2026-09-07,NAGREEKCAP,NAGREEKA CAP & INFR.LTD,23.0,24.0,23.0,23.75,23.25,5595
2026-09-07,NAGREEKEXP,NAGREEKA EXPORTS LTD.,22.67,23.87,22.2,22.31,24.1,59277
2026-09-07,NAHARCAP,NAHAR CAP & FIN.,261.95,262.25,255.2,257.85,261.75,12931
2026-09-07,NAHARINDUS,NAHAR INDS ENT LTD,136.75,142.0,136.44,139.05,137.63,36943
2026-09-07,NAHARPOLY,NAHAR POLY FILMS LIMITED,252.99,252.99,236.1,238.38,244.54,11368
2026-09-07,NAHARSPING,NAHAR SPINNING MILLS LTD.,288.0,295.0,285.1,286.15,289.8,31377
2026-09-07,NGIL,NAKODA GROUP OF IND. LTD,41.48,41.48,39.15,40.11,40.58,6383
2026-09-07,NSIL,NALWA SONS INVESTMENT LTD,5675.0,5785.0,5661.0,5677.0,5721.5,1489
2026-09-07,NDL,NANDAN DENIM LIMITED,2.83,3.06,2.79,2.98,2.83,2614796
2026-09-07,JAIPURKURT,NANDANI CREATION LIMITED,24.85,25.71,24.85,25.49,25.33,26169
2026-09-07,NH,NARAYANA HRUDAYALAYA LTD.,1867.8,1920.0,1867.8,1911.8,1858.5,329018
2026-09-07,NARMADA,NARMADA AGROBASE LIMITED,13.45,14.8,13.27,14.39,13.51,1151548
2026-09-07,NATCOPHARM,NATCO PHARMA LTD.,829.0,841.5,828.0,838.3,828.65,301243
2026-09-07,NATHBIOGEN,NATH BIO-GENES (I) LTD,152.2,154.0,150.29,152.65,153.12,5107
2026-09-07,NATIONALUM,NATIONAL ALUMINIUM CO LTD,376.05,377.5,365.9,365.9,374.1,3280288
2026-09-07,NFL,NATIONAL FERT. LTD,70.5,70.7,70.05,70.32,70.51,287324
2026-09-07,NATIONSTD,NATIONAL STAND (INDIA) L,109.0,109.0,103.01,104.73,107.74,18222
2026-09-07,NAVA,NAVA LIMITED,563.0,563.0,554.1,556.25,560.2,118784
2026-09-07,NAVINFLUOR,NAVIN FLUORINE INT. LTD,8557.5,8649.0,8532.5,8603.5,8557.5,76404
2026-09-07,NAVKARCORP,NAVKAR CORPORATION LTD.,96.24,97.37,95.38,96.02,96.24,104141
2026-09-07,NAVNETEDUL,NAVNEET EDUCATION LTD,131.0,132.9,130.1,131.84,131.21,78249
2026-09-07,NAZARA,NAZARA TECHNOLOGIES LTD,368.25,374.4,362.5,370.3,368.65,1205780
2026-09-07,NBCC,NBCC (INDIA) LIMITED,86.32,86.59,85.62,86.0,86.6,1862601
2026-09-07,NCC,NCC LIMITED,149.7,153.33,146.56,150.67,149.7,3434160
2026-09-07,NCLIND,NCL INDUSTRIES LIMITED,180.21,182.0,175.64,178.3,177.81,62081
2026-09-07,NDLVENTURE,NDL VENTURES LIMITED,125.1,125.1,119.25,120.57,124.72,9138
2026-09-07,NDRAUTO,NDR AUTO COMPONENTS LTD,727.0,727.0,716.5,721.45,723.45,8125
2026-09-07,NDTV,NDTV LTD,74.27,75.29,72.5,72.87,74.27,81638
2026-09-07,NECLIFE,NECTAR LIFESCIENCES LTD.,12.11,12.4,11.9,12.07,12.19,252741
2026-09-07,NEAGI,NEELAMALAI AGRO INDS. L,3300.0,3465.0,3298.0,3449.0,3300.1,79
2026-09-07,NELCAST,NELCAST LIMITED,117.0,118.99,114.01,114.77,116.99,84949
2026-09-07,NELCO,NELCO LTD,921.65,942.8,909.0,933.2,911.25,227379
2026-09-07,NEOGEN,NEOGEN CHEMICALS LIMITED,2148.8,2244.2,2127.5,2207.1,2137.9,177696
2026-09-07,NEPHROPLUS,NEPHROCARE HEALTH SERV L,704.9,715.7,697.55,710.85,697.05,189382
2026-09-07,NESCO,NESCO LTD.,1045.6,1093.3,1043.7,1076.0,1047.6,114449
2026-09-07,NESTLEIND,NESTLE INDIA LIMITED,1401.0,1405.7,1392.9,1398.0,1410.5,897310
2026-09-07,NETWEB,NETWEB TECH INDIA LTD,5215.0,5306.5,5135.0,5157.0,5193.0,975374
2026-09-07,NPST,NETWORK PEOPLE SRV TECH L,1713.8,1746.8,1691.2,1740.4,1718.8,38352
2026-09-07,NETWORK18,NETWORK18 MEDIA & INV LTD,28.31,28.55,27.2,27.64,28.38,5566967
2026-09-07,NEULANDLAB,NEULAND LAB LTD.,22565.0,22960.0,22415.0,22870.0,22660.0,22291
2026-09-07,NEWGEN,NEWGEN SOFTWARE TECH LTD,524.8,526.3,515.9,520.7,524.8,537213
2026-09-07,NEXTMEDIA,NEXT MEDIAWORKS LIMITED,3.89,3.89,3.7,3.76,3.89,75733
2026-09-07,NGLFINE,NGL FINE CHEM LIMITED,2868.1,2907.9,2815.2,2873.0,2907.5,7062
2026-09-07,NHPC,NHPC LTD,76.25,77.05,75.55,76.0,76.25,8825125
2026-09-07,NIBE,NIBE LIMITED,1336.6,1336.6,1312.8,1318.0,1336.6,29295
2026-09-07,NICCOPAR,NICCO PARKS & RESORTS LTD,79.16,82.99,76.46,79.27,79.55,2359
2026-09-07,NIITMTS,NIIT LEARNING SYSTEMS LTD,226.9,230.0,218.23,220.72,225.94,402338
2026-09-07,NIITLTD,NIIT LIMITED,98.94,101.16,97.0,97.22,98.96,303377
2026-09-07,NILAINFRA,NILA INFRASTRUCTURES LTD,6.74,6.75,6.62,6.71,6.67,226516
2026-09-07,NILASPACES,NILA SPACES LIMITED,12.34,12.42,12.07,12.23,12.23,1212332
2026-09-07,NILE,NILE LTD.,1466.2,1487.9,1452.2,1459.0,1465.8,3153
2026-09-07,NILKAMAL,NILKAMAL LIMITED,2121.8,2141.8,2050.0,2063.2,2116.5,30738
2026-09-07,NIMBSPROJ,NIMBUS PROJECTS LIMITED,149.9,150.0,142.5,143.51,147.84,1099
2026-09-07,NINSYS,NINTEC SYSTEMS LIMITED,711.95,716.75,701.3,705.85,712.75,3673
2026-09-07,BANKBEES,NIP IND ETF BANK BEES,598.0,598.0,590.4,591.58,596.2,929935
2026-09-07,CONSUMBEES,NIP IND ETF CONSUMPTION,131.08,131.08,128.9,129.07,129.78,67100
2026-09-07,DIVOPPBEES,NIP IND ETF DIV OPP,78.0,78.0,75.76,76.06,76.77,59703
2026-09-07,NV20BEES,NIP IND ETF ETF NV20,139.5,139.5,138.01,138.43,139.39,19458
2026-09-07,GOLDBEES,NIP IND ETF GOLD BEES,125.7,125.92,124.75,125.58,127.17,20788912
2026-09-07,HNGSNGBEES,NIP IND ETF HANGSENG BEES,470.99,471.88,465.02,469.32,471.09,72290
2026-09-07,INFRABEES,NIP IND ETF INFRA BEES,969.0,969.0,947.7,949.48,956.45,6435
2026-09-07,ITBEES,NIP IND ETF IT,35.0,35.0,33.22,33.33,34.09,10631291
2026-09-07,JUNIORBEES,NIP IND ETF JUNIOR BEES,790.0,796.3,785.2,786.26,791.07,260292
2026-09-07,LIQUIDBEES,NIP IND ETF LIQUID BEES,1000.0,1001.0,999.62,999.99,1000.0,3518550
2026-09-07,LTGILTBEES,NIP IND ETF LONGTERM GILT,29.86,29.89,29.24,29.87,29.84,1086510
2026-09-07,MID150BEES,NIP IND ETF MIDCAP 150,234.14,241.95,234.14,239.11,240.15,641457
2026-09-07,NIF100BEES,NIP IND ETF NIFTY 100,269.24,269.24,264.03,264.6,266.58,47589
2026-09-07,NIFTYBEES,NIP IND ETF NIFTY BEES,273.19,273.78,270.9,271.21,273.27,5921896
2026-09-07,PSUBNKBEES,NIP IND ETF PSU BANK BEES,96.8,96.8,93.97,94.21,95.45,1692469
2026-09-07,SHARIABEES,NIP IND ETF SHARIAH BEES,455.1,457.98,446.0,447.05,452.84,14600
2026-09-07,NAM-INDIA,NIPPON L I A M LTD,1158.8,1196.0,1152.0,1195.0,1159.9,1817884
2026-09-07,LIQGRWBEES,NIPPONAMC - LIQGRWBEES,1059.73,1059.73,1054.56,1054.56,1054.46,36349
2026-09-07,MANUFGBEES,NIPPONAMC - MANUFGBEES,163.73,166.07,162.44,162.77,163.73,4547
2026-09-07,AUTOBEES,NIPPONAMC - NETFAUTO,287.47,289.39,281.0,286.85,287.47,190612
2026-09-07,PHARMABEES,NIPPONAMC - NETFPHARMA,27.42,27.5,26.9,27.4,27.32,4126001
2026-09-07,SILVERBEES,NIPPONAMC - NETFSILVER,220.75,220.75,218.62,219.96,222.78,13898563
2026-09-07,SNXT30BEES,NIPPONAMC - SNXT30BEES,42.37,42.45,42.15,42.36,42.58,8853
2026-09-07,NIRAJ,NIRAJ CEMENT STRUC LTD,28.46,29.39,28.45,28.88,28.72,13511
2026-09-07,NIRLON,NIRLON LTD,620.05,624.8,604.55,615.15,620.0,15402
2026-09-07,NITCO,NITCO LIMITED,95.51,96.04,92.55,93.84,96.1,1345082
2026-09-07,NITINSPIN,NITIN SPINNERS LIMITED,639.05,639.95,625.05,627.45,639.05,38469
2026-09-07,NITIRAJ,NITIRAJ ENGINEERS LTD,224.5,234.95,215.0,231.04,219.19,18036
2026-09-07,NITTAGELA,NITTA GELATIN INDIA LTD.,1644.0,1691.5,1644.0,1677.8,1632.5,6224
2026-09-07,NIVABUPA,NIVA BUPA HEALTH INS CO L,80.1,81.25,80.0,80.67,80.11,337165
2026-09-07,NKIND,NK INDUSTRIES LTD,61.99,61.99,55.55,57.21,57.1,1387
2026-09-07,NLCINDIA,NLC INDIA LIMITED,275.8,278.0,268.3,269.3,273.05,1349980
2026-09-07,NMDC,NMDC LTD.,85.29,85.63,83.54,83.85,84.7,15859358
2026-09-07,NSLNISP,NMDC STEEL LIMITED,46.65,46.98,45.44,45.87,46.02,5748765
2026-09-07,NOCIL,NOCIL LIMITED,174.0,175.85,170.55,172.23,172.44,416468
2026-09-07,NOIDATOLL,NOIDA TOLL BRIDGE CO LTD,4.22,4.22,3.95,4.02,4.14,207178
2026-09-07,NORBTEAEXP,NORBEN TEA & EXPORTS LTD,70.34,73.0,67.7,67.71,70.69,1134
2026-09-07,NORTHARC,NORTHERN ARC CAPITAL LTD,303.75,311.0,299.05,306.0,302.15,1691631
2026-09-07,NOVARTIND,NOVARTIS INDIA LIMITED,1661.2,1699.0,1602.5,1639.6,1646.7,73338
2026-09-07,NRBBEARING,NRB BEARING LIMITED,457.0,485.35,451.1,483.0,447.0,1028877
2026-09-07,NIBL,NRB INDUS. BEARINGS LTD.,30.8,32.0,30.32,30.71,30.8,14117
2026-09-07,NTPCGREEN,NTPC GREEN ENERGY LIMITED,89.39,89.5,88.06,88.16,89.36,1311104
2026-09-07,NTPC,NTPC LTD,332.5,333.8,330.35,332.0,332.5,5245813
2026-09-07,NUCLEUS,NUCLEUS SOFTWARE EXPORTS,730.0,730.0,706.4,718.4,729.15,49947
2026-09-07,NUVAMA,NUVAMA WEALTH MANAGE LTD,1815.6,1859.0,1815.0,1832.4,1815.6,217617
2026-09-07,NUVOCO,NUVOCO VISTAS CORP LTD,352.85,353.45,341.0,345.1,352.15,863221
2026-09-07,OBCL,OBCL LIMITED,56.29,56.29,55.0,55.03,55.19,4087
2026-09-07,OBEROIRLTY,OBEROI REALTY LIMITED,1876.0,1885.5,1847.5,1847.5,1875.6,206196
2026-09-07,ODIGMA,ODIGMA CONSULTANCY SOL L,23.45,23.9,22.28,22.46,23.45,35479
2026-09-07,ODYCORP,ODYSSEY CORPORATION LTD.,7.89,7.89,7.06,7.26,7.46,144311
2026-09-07,ONGC,OIL AND NATURAL GAS CORP.,235.98,235.98,232.77,233.7,234.65,5391548
2026-09-07,OIL,OIL INDIA LTD,490.8,492.75,481.45,487.0,488.3,2811694
2026-09-07,OLAELEC,OLA ELECTRIC MOBILITY LTD,38.0,38.7,37.43,37.96,38.2,28426081
2026-09-07,OLECTRA,OLECTRA GREENTECH LIMITED,1229.0,1238.0,1203.5,1207.4,1229.0,266992
2026-09-07,OMINFRAL,OM INFRA LIMITED,84.7,85.1,83.1,83.64,84.43,39818
2026-09-07,OMPOWER,OM POWER TRANSMISSION LTD,175.6,178.0,169.06,170.31,175.68,142210
2026-09-07,OMAXAUTO,OMAX AUTOS LTD,182.0,183.0,176.0,177.63,183.07,61613
2026-09-07,OMAXE,OMAXE LIMITED,134.0,136.56,128.39,129.82,136.38,2495006
2026-09-07,OMNI,OMNITECH ENGINEERING LTD,529.95,534.05,513.0,519.55,526.0,289190
2026-09-07,PAYTM,ONE 97 COMMUNICATIONS LTD,1659.6,1669.3,1642.0,1664.0,1659.5,1822600
2026-09-07,ONEGLOBAL,ONE GLOBAL SERVICE PROV L,535.1,544.95,515.3,522.0,542.4,14827
2026-09-07,MOBIKWIK,ONE MOBIKWIK SYSTEMS LTD,191.0,195.95,189.61,194.24,192.12,796100
2026-09-07,ONEPOINT,ONE POINT ONE SOL LTD,57.5,59.7,56.87,57.73,57.01,1177260
2026-09-07,KISSHT,ONEMI TECHNOLOGY SOL LTD,307.05,326.0,306.55,320.95,309.3,2052956
2026-09-07,ONESOURCE,ONESOURCE SPECL PHARMA L,1552.9,1573.0,1530.0,1552.3,1537.8,140096
2026-09-07,ONIDA,ONIDA ELECTRONICS LIMITED,34.5,35.29,34.5,34.81,34.64,195059
2026-09-07,ONIXSOLAR,ONIX SOLAR ENERGY LTD.,418.45,423.35,383.05,423.2,403.2,900835
2026-09-07,ONWARDTEC,ONWARD TECHNOLOGIES LTD,280.0,286.45,280.0,283.85,284.35,27744
2026-09-07,OPTIEMUS,OPTIEMUS INFRACOM LTD,569.3,579.3,556.9,560.45,569.3,148080
2026-09-07,OPTIFIN,OPTIMUS FINANCE LTD.,14.15,15.79,13.5,14.43,14.84,64263
2026-09-07,OFSS,ORACLE FIN SERV SOFT LTD.,12105.0,12110.0,11679.0,11847.0,12058.0,185270
2026-09-07,ORCHASP,ORCHASP LIMITED,1.39,1.42,1.29,1.29,1.39,409348
2026-09-07,ORCHPHARMA,ORCHID PHARMA LIMITED,949.9,955.15,942.0,947.1,954.65,12349
2026-09-07,ORICONENT,ORICON ENTERPRISES LTD,54.15,54.94,52.5,52.92,54.15,51117
2026-09-07,ORIENTBELL,ORIENT BELL LIMITED,418.0,434.95,411.75,415.1,420.1,107644
2026-09-07,ORIENTCEM,ORIENT CEMENT LTD.,130.3,130.3,125.1,126.56,129.68,315036
2026-09-07,ORIENTCER,ORIENT CERATECH LIMITED,43.91,44.89,43.07,44.6,43.91,64878
2026-09-07,ORIENTELEC,ORIENT ELECTRIC LIMITED,180.0,180.5,175.11,176.38,179.19,72511
2026-09-07,GREENPOWER,ORIENT GREEN POWER CO LTD,9.28,9.38,9.17,9.23,9.28,1873150
2026-09-07,ORIENTHOT,ORIENT HOTELS LTD,139.05,140.26,138.1,139.11,139.93,347072
2026-09-07,ORIENTPPR,ORIENT PAPER AND INDS LTD,17.03,19.28,16.85,18.81,17.08,2027757
2026-09-07,ORIENTTECH,ORIENT TECHNOLOGIES LTD,237.2,237.9,234.0,235.16,238.39,122613
2026-09-07,OAL,ORIENTAL AROMATICS LTD,519.9,544.7,491.05,537.35,519.9,139317
2026-09-07,ORIRAIL,ORIENTAL RAIL INFRA L,132.0,134.7,126.6,127.28,130.76,158500
2026-09-07,ORIENTALTL,ORIENTAL TRIMEX LTD,5.34,5.43,5.03,5.12,5.31,115176
2026-09-07,ORISSAMINE,ORISSA MIN DEV CO LTD,4315.0,4340.0,4167.9,4189.9,4311.7,7107
2026-09-07,ORKLAINDIA,ORKLA INDIA LIMITED,591.15,598.2,587.0,590.7,594.15,39698
2026-09-07,ORTINGLOBE,ORTIN GLOBAL LIMITED,15.82,15.89,15.26,15.44,15.67,5143
2026-09-07,OSWALAGRO,OSWAL AGRO MILLS LTD,36.2,37.79,36.2,36.61,36.66,22621
2026-09-07,OSWALGREEN,OSWAL GREENTECH LIMITED,20.59,20.88,20.13,20.27,20.39,116996
2026-09-07,OSWALPUMPS,OSWAL PUMPS LIMITED,279.0,281.0,273.7,274.4,279.2,458203
2026-09-07,PNGJL,P N GADGIL JEWELLERS LTD,612.0,634.7,612.0,618.95,609.05,1030718
2026-09-07,POEL,P O C L ENTERPRISES LTD.,146.91,151.76,144.0,145.39,142.78,43276
2026-09-07,PGHH,P&G HYGIENE & HEALTH CARE,7669.0,7719.5,7602.0,7634.5,7667.5,10292
2026-09-07,PACEDIGITK,PACE DIGITEK LIMITED,169.0,171.72,159.99,161.09,167.59,1573488
2026-09-07,PACIFICI,PACIFIC INDUSTRIES LTD.,143.11,144.0,140.0,140.0,143.82,391
2026-09-07,PAGEIND,PAGE INDUSTRIES LTD,36300.0,36495.0,35625.0,35825.0,36300.0,11706
2026-09-07,PAISALO,PAISALO DIGITAL LIMITED,74.37,80.0,74.25,79.41,74.1,35087813
2026-09-07,PAKKA,PAKKA LIMITED,74.5,77.9,73.75,77.22,73.71,270324
2026-09-07,PALASHSECU,PALASH SECURITIES LTD,90.17,90.17,89.2,89.2,90.17,438
2026-09-07,PALREDTEC,PALRED TECHNOLOGIES LTD,55.83,57.75,55.83,56.12,55.83,2454
2026-09-07,PANACEABIO,PANACEA BIOTEC LTD,378.55,383.0,376.6,378.4,381.25,45995
2026-09-07,PANAMAPET,PANAMA PETROCHEM LTD,495.55,504.9,480.1,481.35,495.45,245862
2026-09-07,PANCHMAHQ,PANCHMAHAL STEEL LTD.,300.0,300.0,272.95,296.85,300.0,27
2026-09-07,PANORAMA,PANORAMA STUDIOS INTL. L,47.81,49.4,47.69,48.87,47.41,357826
2026-09-07,PANSARI,PANSARI DEVELOPERS LTD,299.95,307.3,299.9,300.45,300.05,373
2026-09-07,PARADEEP,PARADEEP PHOSPHATES LTD,157.5,159.0,155.65,157.98,157.0,3228904
2026-09-07,PARAGMILK,PARAG MILK FOODS LTD.,254.6,257.85,243.95,250.25,249.6,1227989
2026-09-07,PARACABLES,PARAMOUNT COMM LTD,65.3,67.32,65.16,65.61,65.51,1407319
2026-09-07,PARAS,PARAS DEF AND SPCE TECH L,1414.9,1494.7,1414.4,1489.4,1414.9,1794488
2026-09-07,PARASPETRO,PARAS PETROFILS LTD.,2.09,2.17,2.09,2.15,2.14,159359
2026-09-07,PARKHOSPS,PARK MEDI WORLD LIMITED,286.0,290.9,280.05,286.8,286.25,816945
2026-09-07,PARKHOTELS,PARKHOTELS,112.2,113.1,110.98,111.21,112.18,61379
2026-09-07,PARNAXLAB,PARNAX LAB LTD.,134.99,136.8,122.05,132.99,134.8,337
2026-09-07,PASHUPATI,PASHUPATI COTSPIN LIMITED,83.8,98.32,81.0,81.34,81.94,587440
2026-09-07,PATANJALI,PATANJALI FOODS LIMITED,344.0,344.0,336.15,340.9,342.5,1977606
2026-09-07,PATELENG,PATEL ENGINEERING LTD.,27.38,27.55,26.95,27.1,27.28,1622375
2026-09-07,PATELRMART,PATEL RETAIL LIMITED,218.32,228.0,215.66,217.99,218.32,82912
2026-09-07,PML,PAUL MERCHANTS LTD.,503.5,503.5,486.15,489.75,488.8,28
2026-09-07,PAUSHAKLTD,PAUSHAK LIMITED,790.9,790.9,760.0,763.1,785.5,19900
2026-09-07,PAVNAIND,PAVNA INDUSTRIES LIMITED,17.6,17.6,15.36,16.09,17.22,304883
2026-09-07,POLICYBZR,PB FINTECH LIMITED,1830.0,1843.2,1752.3,1792.0,1836.0,1228810
2026-09-07,PCJEWELLER,PC JEWELLER LTD,12.29,14.08,12.21,13.93,11.86,2196523618
2026-09-07,PCBL,PCBL CHEMICAL LIMITED,316.0,322.8,313.35,317.45,317.0,1125415
2026-09-07,PDSL,PDS LIMITED,360.0,360.95,347.2,349.6,358.5,112309
2026-09-07,PGIL,PEARL GLOBAL IND LIMITED,2277.0,2299.8,2249.5,2257.2,2278.3,35644
2026-09-07,PEARLPOLY,PEARL POLYMERS LTD,15.08,15.79,15.08,15.3,15.08,3678
2026-09-07,PENINLAND,PENINSULA LAND LIMITED,17.14,17.14,16.05,16.17,16.55,226908
2026-09-07,PENIND,PENNAR INDUSTRIES LTD,171.4,178.68,169.5,175.96,169.56,1301524
2026-09-07,PERMAGN,PERMANENT MAGNETS LTD.,905.7,905.7,867.8,872.0,888.2,2107
2026-09-07,PERSISTENT,PERSISTENT SYSTEMS LTD,5610.0,5622.0,5522.0,5540.0,5643.0,404979
2026-09-07,PETRONET,PETRONET LNG LIMITED,288.1,293.8,288.1,290.95,288.1,1737649
2026-09-07,PFIZER,PFIZER LTD,4598.8,4610.0,4557.0,4596.5,4609.7,17548
2026-09-07,PGEL,PG ELECTROPLAST LTD,560.0,564.65,554.5,559.55,562.3,667138
2026-09-07,PHOENXINTL,PHOENIX INTERNATIONAL LTD,31.9,31.9,29.32,29.68,29.01,2251
2026-09-07,PWL,PHYSICSWALLAH LIMITED,127.47,130.32,126.54,129.67,126.42,18012338
2026-09-07,PIIND,PI INDUSTRIES LTD,2454.0,2468.5,2428.0,2430.0,2465.0,104432
2026-09-07,PICCADIL,PICCADILY AGRO INDUSTRI L,616.15,634.8,611.0,617.95,615.75,363733
2026-09-07,PIDILITIND,PIDILITE INDUSTRIES LTD,1625.9,1628.9,1575.0,1575.0,1629.5,591643
2026-09-07,PILITA,PIL ITALICA LIFESTYLE LTD,8.14,8.24,7.74,7.85,8.02,66138
2026-09-07,PILANIINVS,PILANI INV & IND COR LTD,4349.8,4349.8,4282.1,4298.7,4323.8,869
2026-09-07,PINELABS,PINE LABS LIMITED,168.0,168.48,163.85,164.49,166.37,10783461
2026-09-07,PIONEEREMB,PIONEER EMBROIDERIES LTD,21.61,21.98,21.17,21.74,21.36,6135
2026-09-07,PIRAMALFIN,PIRAMAL FINANCE LIMITED,2221.2,2290.8,2209.9,2261.0,2225.0,500739
2026-09-07,PPLPHARMA,PIRAMAL PHARMA LIMITED,214.23,221.8,213.12,219.66,214.22,6407335
2026-09-07,PITTIENG,PITTI ENGINEERING LIMITED,1084.9,1228.0,1084.0,1176.2,1084.9,1699396
2026-09-07,PIXTRANS,PIX TRANSMISSIONS LIMITED,1793.0,1830.5,1750.0,1754.9,1791.7,12137
2026-09-07,PLASTIBLEN,PLASTIBLENDS INDIA LTD,187.91,197.69,185.0,193.14,187.91,57836
2026-09-07,PLATIND,PLATINUM INDUSTRIES LTD,232.0,239.5,232.0,233.73,231.54,88487
2026-09-07,PLAZACABLE,PLAZA WIRES LIMITED,60.9,61.2,58.45,59.05,61.32,145018
2026-09-07,PNBGILTS,PNB GILTS LIMITED,83.08,84.3,81.52,81.87,83.08,330796
2026-09-07,PNBHOUSING,PNB HOUSING FIN LTD.,1166.0,1188.9,1163.7,1182.1,1166.0,721594
2026-09-07,PNCINFRA,PNC INFRATECH LTD.,182.5,183.68,180.7,181.71,183.11,203926
2026-09-07,PNGSREVA,PNGS REVA DIAMOND JEWEL L,519.9,564.5,519.05,540.15,516.35,502653
2026-09-07,PODDARMENT,PODDAR PIGMENTS LIMITED,257.8,285.0,256.1,277.85,257.1,23704
2026-09-07,POKARNA,POKARNA LIMITED,815.2,828.0,795.1,803.0,817.15,48658
2026-09-07,POLYMED,POLY MEDICURE LIMITED,1705.0,1767.8,1695.1,1701.1,1702.5,193636
2026-09-07,POLYCAB,POLYCAB INDIA LIMITED,8310.0,8361.5,8175.0,8261.0,8300.0,568946
2026-09-07,POLYPLEX,POLYPLEX CORPORATION LTD,1185.0,1192.8,1166.1,1180.0,1191.0,35308
2026-09-07,POLYSPIN,POLYSPIN EXPORTS LTD.,29.5,29.5,29.42,29.42,29.64,507
2026-09-07,POCL,PONDY OXIDES & CHEM LTD,478.1,479.95,464.95,467.95,477.8,236111
2026-09-07,PONNIERODE,PONNIE SUGARS (ERODE) LTD,381.5,396.25,381.05,386.85,382.45,39314
2026-09-07,POONAWALLA,POONAWALLA FINCORP LTD,468.0,468.05,456.3,459.15,468.45,452170
2026-09-07,PVSL,POPULAR VEHICLES N SER L,102.0,105.15,100.0,100.54,102.63,38417
2026-09-07,PFC,POWER FIN CORP LTD.,355.75,359.15,353.0,353.1,355.6,6560499
2026-09-07,POWERGRID,POWER GRID CORP. LTD.,266.0,268.8,264.25,266.45,266.0,7015606
2026-09-07,PIGL,POWER INSTRUMENT (G) LTD,100.9,100.9,97.81,98.35,98.78,63190
2026-09-07,POWERMECH,POWER MECH PROJECTS LTD.,2311.0,2388.0,2311.0,2359.8,2306.1,55807
2026-09-07,POWERICA,POWERICA LIMITED,527.65,531.4,507.1,512.1,525.05,197171
2026-09-07,PRABHA,PRABHA ENERGY LIMITED,235.1,245.0,231.0,243.39,230.6,1535655
2026-09-07,PRAJIND,PRAJ INDUSTRIES LTD,334.0,344.0,333.6,336.55,335.55,380568
2026-09-07,PRAENG,PRAJAY ENG. SYN. LTD.,24.69,25.7,24.1,24.25,24.69,114004
2026-09-07,PRAKASH,PRAKASH INDUSTRIES LTD,126.68,126.68,124.31,125.08,125.63,445797
2026-09-07,PRAKASHSTL,PRAKASH STEELAGE LTD,3.87,3.9,3.7,3.75,3.82,119894
2026-09-07,DIAMONDYD,PRATAAP SNACKS LIMITED,1162.2,1168.3,1130.0,1142.2,1158.3,23661
2026-09-07,PRAVEG,PRAVEG LTD.,268.8,268.8,262.55,264.55,266.15,17250
2026-09-07,PRAXIS,PRAXIS HOME RETAIL LTD,4.88,4.88,4.6,4.66,4.65,250069
2026-09-07,PRECAM,PRECISION CAMSHAFTS LTD.,123.05,126.0,122.77,123.98,124.02,117683
2026-09-07,PRECWIRE,PRECISION WIRES INDIA LTD,470.3,471.3,455.4,460.95,472.8,442911
2026-09-07,PRECOT,PRECOT LIMITED,705.0,705.0,688.6,693.9,698.05,2931
2026-09-07,PREMCO,PREMCO GLOBAL LTD.,392.5,394.95,384.0,391.95,390.95,1109
2026-09-07,PREMIERENE,PREMIER ENERGIES LIMITED,999.7,1006.6,987.0,990.0,1002.0,543434
2026-09-07,PREMEXPLN,PREMIER EXPLOSIVES LTD,663.0,667.45,662.4,663.25,664.0,168558
2026-09-07,PREMIERPOL,PREMIER POLYFILM LTD,95.36,95.73,90.57,91.45,95.36,273939
2026-09-07,PRESTIGE,PRESTIGE ESTATE LTD,1595.0,1595.0,1550.0,1550.0,1587.0,231985
2026-09-07,PRICOLLTD,PRICOL LIMITED,767.0,784.0,765.1,779.35,764.95,303473
2026-09-07,PFOCUS,PRIME FOCUS LIMITED,309.0,315.0,301.0,311.75,307.0,1727525
2026-09-07,PRIMESECU,PRIME SECURITIES LIMITED,283.05,283.4,277.5,278.9,284.5,21379
2026-09-07,PRIMO,PRIMO CHEMICALS LIMITED,21.27,21.35,20.85,20.87,21.27,56833
2026-09-07,PRINCEPIPE,PRINCE PIPES FITTINGS LTD,283.0,291.35,283.0,283.95,283.0,142855
2026-09-07,PRSMJOHNSN,PRISM JOHNSON LIMITED,111.99,112.96,111.0,112.21,111.12,279614
2026-09-07,PRISMX,PRISMX GLOBAL VENTURES L,0.55,0.56,0.53,0.54,0.55,130426
2026-09-07,PNC,PRITISH NANDY COMMUNICATI,16.63,17.0,15.72,16.35,16.72,10105
2026-09-07,PRIVISCL,PRIVI SPECIALITY CHE LTD,3387.2,3420.7,3349.0,3382.6,3367.3,71960
2026-09-07,PGHL,PROCTER & GAMBLE HEALTH L,5699.5,5706.5,5650.0,5667.0,5660.0,4981
2026-09-07,PROSTARM,PROSTARM INFO SYSTEMS LTD,135.84,143.95,135.32,138.86,134.73,638920
2026-09-07,PROTEAN,PROTEAN EGOV TECHNO LTD,496.3,517.75,493.2,515.4,496.3,393890
2026-09-07,PROZONER,PROZONE REALTY LIMITED,50.9,50.9,47.8,48.01,49.76,200743
2026-09-07,PRUDENT,PRUDENT CORP ADV SER LTD,3336.8,3400.3,3322.6,3367.7,3347.6,47991
2026-09-07,PSPPROJECT,PSP PROJECTS LIMITED,883.2,883.75,865.0,869.05,875.5,30351
2026-09-07,PFS,PTC INDIA FIN SERV LTD,27.0,27.87,26.71,27.39,26.94,499077
2026-09-07,PTC,PTC INDIA LIMITED,157.0,157.0,154.4,154.78,156.29,953200
2026-09-07,PTCIL,PTC INDUSTRIES LIMITED,23770.0,24030.0,23505.0,23755.0,23830.0,29308
2026-09-07,PTL,PTL ENTERPRISES LTD,38.73,39.2,38.35,38.69,38.74,32700
2026-09-07,PDMJEPAPER,PUDUMJEE PAPER PRO. LTD,93.0,108.99,93.0,101.43,93.22,5921103
2026-09-07,PSB,PUNJAB & SIND BANK,23.23,23.25,22.92,22.98,23.23,658224
2026-09-07,PUNJABCHEM,PUNJAB CHEM & CROP PROT L,1105.7,1105.9,1090.0,1098.4,1100.3,2526
2026-09-07,PNB,PUNJAB NATIONAL BANK,116.41,117.17,115.55,115.6,117.0,11062919
2026-09-07,PURVA,PURAVANKARA LIMITED,232.0,232.0,221.21,223.02,230.72,633537
2026-09-07,PERNIASPOP,PURPLE STYLE LABS LIMITED,535.0,588.9,515.85,568.55,575.0,8722845
2026-09-07,PVP,PVP VENTURES LIMITED,70.0,71.0,64.55,65.16,67.94,2458317
2026-09-07,PVRINOX,PVR INOX LIMITED,1199.1,1199.1,1125.7,1156.5,1227.2,3208552
2026-09-07,PYRAMID,PYRAMID TECHNOPLAST LTD,154.2,154.76,150.6,151.3,153.83,42997
2026-09-07,QUADFUTURE,QUADRANT FUTURE TEK LTD,417.9,432.6,414.35,415.65,417.9,432652
2026-09-07,QPOWER,QUALITY POWER ELEC EQUP L,1559.8,1570.0,1460.0,1482.5,1495.3,660514
2026-09-07,QGOLDHALF,QUANTUM GOLD ETF,125.99,126.12,125.0,125.79,127.62,367265
2026-09-07,QNIFTY,QUANTUM NIFTY 50 ETF,266.2,266.2,261.6,262.18,264.15,5242
2026-09-07,SILVER001,QUANT_AMC - SILVER001,23.87,24.1,23.02,23.35,23.54,124610
2026-09-07,QUESS,QUESS CORP LIMITED,351.1,358.0,337.8,339.6,354.75,398988
2026-09-07,QUICKHEAL,QUICK HEAL TECH LTD,147.1,164.43,147.0,153.16,140.94,833659
2026-09-07,QUINT,QUINT DIGITAL LTD.,40.68,41.0,38.22,39.3,40.68,7999
2026-09-07,RKSWAMY,R K SWAMY LIMITED,94.0,94.79,92.37,93.66,94.25,49297
2026-09-07,RRIL,R R I L LTD.,16.66,16.8,16.45,16.54,16.66,12846
2026-09-07,RRKABEL,R R KABEL LIMITED,2430.8,2484.0,2353.7,2387.1,2454.1,1299097
2026-09-07,RSYSTEMS,R SYS INTERNATIONAL LTD,260.0,260.0,250.09,250.72,256.12,115816
2026-09-07,RTSPOWR,R T S POWER CORPN. LTD.,93.95,93.95,88.0,89.68,88.08,2950
2026-09-07,RSSOFTWARE,R. S. SOFTWARE (INDIA) LI,30.94,30.94,29.3,29.59,30.61,29124
2026-09-07,RPPINFRA,R.P.P INFRA PROJECTS LTD,53.97,54.99,53.39,54.28,54.14,984315
2026-09-07,RACE,RACE ECO CHAIN LIMITED,100.99,102.0,98.31,99.92,99.3,7233
2026-09-07,RACLGEAR,RACL GEARTECH LIMITED,1580.0,1606.4,1553.0,1573.7,1576.1,27158
2026-09-07,RADAAN,RADAAN MEDIAWORKS (I) LTD,3.0,3.04,2.92,3.0,2.97,21177
2026-09-07,RADHIKAJWE,RADHIKA JEWELTECH LIMITED,84.62,97.4,84.61,94.28,83.16,31907643
2026-09-07,RADIANTCMS,RADIANT CASH MGMT SER LTD,43.27,43.45,42.05,42.72,41.78,571809
2026-09-07,RADICO,RADICO KHAITAN LTD,4470.0,4496.0,4433.0,4444.0,4494.0,110526
2026-09-07,RPEL,RAGHAV PRODUCTIVITY ENH L,1819.1,1821.5,1635.6,1681.2,1807.2,312911
2026-09-07,RVNL,RAIL VIKAS NIGAM LIMITED,215.08,216.45,209.36,210.05,212.49,12205275
2026-09-07,RAILTEL,RAILTEL CORP OF IND LTD,271.0,274.5,268.05,270.05,271.05,399954
2026-09-07,RAIN,RAIN INDUSTRIES LIMITED,215.0,216.8,210.15,211.38,215.72,2224146
2026-09-07,RAINBOW,RAINBOW CHILDRENS MED LTD,1447.2,1487.6,1442.0,1469.9,1447.2,115787
2026-09-07,ROML,RAJ OIL MILLS LIMITED,42.1,43.23,42.0,43.01,42.0,4076
2026-09-07,RAJTV,RAJ TV NETWORK LTD,8.05,8.47,8.0,8.47,8.07,76436
2026-09-07,RAJPALAYAM,RAJAPALAYAM MILLS LTD.,800.0,804.95,762.6,775.65,795.3,2828
2026-09-07,ARENTERP,RAJDARSHAN INDUSTRIES LTD,34.65,35.0,30.05,34.76,34.65,1895
2026-09-07,RAJMET,RAJNANDINI METAL LIMITED,3.16,3.16,3.1,3.15,3.15,316026
2026-09-07,RSL,RAJPUTANA STAINLESS LTD,181.5,188.4,181.5,186.05,181.5,322525
2026-09-07,RAJRATAN,RAJRATAN GLOBAL WIRE LTD,502.0,508.3,485.45,488.8,498.35,75607
2026-09-07,RAJSREESUG,RAJSHREE SUGAR & CHEMICAL,36.09,37.27,35.11,35.68,35.47,57781
2026-09-07,RALLIS,RALLIS INDIA LTD,209.1,209.84,205.36,206.15,208.82,517541
2026-09-07,RAMRAT,RAM RATNA WIRES LIMITED,560.65,564.0,521.95,527.2,560.65,336077
2026-09-07,RAMAPHO,RAMA PHOSPHATES LIMITED,126.0,126.0,123.0,124.2,123.48,14683
2026-09-07,RAMCOIND,RAMCO INDUSTRIES LIMITED,323.95,325.9,318.0,323.05,323.25,100157
2026-09-07,RAMCOSYS,RAMCO SYSTEMS LTD.,604.0,620.0,600.6,604.35,611.2,84590
2026-09-07,RKFORGE,RAMKRISHNA FORGINGS LTD,700.0,711.0,691.0,706.25,700.85,698070
2026-09-07,RAMKY,RAMKY INFRA LTD,346.25,349.45,337.05,339.6,347.4,39929
2026-09-07,RANASUG,RANA SUGARS LTD.,14.8,15.51,14.8,14.99,14.8,558685
2026-09-07,RML,RANE (MADRAS) LIMITED,1280.0,1410.0,1251.1,1388.2,1295.9,976998
2026-09-07,RANEHOLDIN,RANE HOLDINGS LIMITED,1651.9,1705.0,1651.0,1673.0,1651.1,37763
2026-09-07,RPTECH,RASHI PERIPHERALS LIMITED,824.8,869.8,824.8,853.4,823.65,412998
2026-09-07,RCF,RASHTRIYA CHEMICALS & FER,115.02,115.4,113.52,113.92,114.92,870216
2026-09-07,RATEGAIN,RATEGAIN TRAVEL TECHN LTD,854.0,861.65,843.2,856.5,851.15,226177
2026-09-07,RATNAMANI,RATNAMANI MET & TUB LTD.,2726.0,2741.1,2638.3,2658.5,2727.0,40860
2026-09-07,RATNAVEER,RATNAVEER PRECISION ENG L,307.4,316.0,303.0,306.45,304.75,3736782
2026-09-07,RTNINDIA,RATTANINDIA ENT LIMITED,27.78,28.8,27.5,28.14,27.82,1961722
2026-09-07,RTNPOWER,RATTANINDIA POWER LIMITED,7.4,7.47,7.2,7.32,7.36,23370904
2026-09-07,RKDL,RAVI KUMAR DIST. LTD.,18.39,18.86,18.14,18.25,18.39,8760
2026-09-07,RVHL,RAVINDER HEIGHTS LIMITED,40.03,41.99,39.14,40.2,39.84,13726
2026-09-07,RELTD,RAVINDRA ENERGY LIMITED,160.95,160.95,156.71,159.21,161.37,198563
2026-09-07,RAYMONDLSL,RAYMOND LIFESTYLE LIMITED,666.0,678.95,657.05,672.9,663.65,123831
2026-09-07,RAYMOND,RAYMOND LTD,740.85,789.6,736.3,772.4,740.85,3293248
2026-09-07,RAYMONDREL,RAYMOND REALTY LIMITED,530.0,558.8,530.0,553.7,529.15,510573
2026-09-07,RBLBANK,RBL BANK LIMITED,416.0,418.25,407.85,415.0,414.35,3484526
2026-09-07,RBZJEWEL,RBZ JEWELLERS LIMITED,198.99,199.0,186.18,190.71,200.69,1090155
2026-09-07,RRECL,RDB REAL ESTATE CONS L,137.0,138.9,126.2,132.27,136.83,1004
2026-09-07,RECLTD,REC LIMITED,319.0,321.4,316.05,316.4,318.7,3769684
2026-09-07,REDINGTON,REDINGTON LIMITED,371.05,381.6,370.0,378.2,371.3,5166393
2026-09-07,REDTAPE,REDTAPE LIMITED,120.43,121.54,118.48,118.81,120.43,178625
2026-09-07,REFEX,REFEX INDUSTRIES LIMITED,283.0,284.65,276.5,277.15,282.55,192648
2026-09-07,REGAAL,REGAAL RESOURCES LIMITED,89.0,89.28,87.19,88.16,88.51,165613
2026-09-07,REGENCERAM,REGENCY CERAMICS LTD.,37.99,37.99,34.51,35.0,34.86,1964
2026-09-07,RELAXO,RELAXO FOOT LTD.,344.75,345.0,335.75,338.05,344.75,108144
2026-09-07,GILT5YBEES,RELCAPAMC - NETFGILT5Y,66.33,67.31,66.07,66.31,66.33,207982
2026-09-07,RELIABLE,RELIABLE DATA SERVICE LTD,141.0,141.97,123.55,138.12,140.88,32235
2026-09-07,RELCHEMQ,RELIANCE CHEMOTEX IND LTD,116.73,116.73,112.37,113.33,116.73,3050
2026-09-07,RIIL,RELIANCE INDUSTRIAL INFRA,750.0,753.0,730.0,732.4,750.95,83105
2026-09-07,RELIANCE,RELIANCE INDUSTRIES LTD,1323.1,1324.2,1301.9,1309.5,1322.0,10210522
2026-09-07,RPOWER,RELIANCE POWER LTD.,22.08,22.52,21.73,21.94,22.08,19788828
2026-09-07,IVZBANKNF,RELIGARAMC - IVZBANKNF,56.41,57.16,56.41,57.05,57.56,393
2026-09-07,IVZSENSEX,RELIGARAMC - IVZSENSEX,78.1,78.59,75.93,76.28,76.56,2082
2026-09-07,RELIGARE,RELIGARE ENTER. LTD.,257.08,260.5,254.01,255.45,257.08,1240789
2026-09-07,REMSONSIND,REMSONS INDUSTRIES LTD,99.9,104.6,97.02,97.86,99.35,94298
2026-09-07,RGL,RENAISSANCE GLOBAL LTD,151.0,157.0,148.11,153.1,149.26,1856449
2026-09-07,REPCOHOME,REPCO HOME FINANCE LTD,361.0,361.0,355.3,358.75,358.75,48377
2026-09-07,REPRO,REPRO INDIA LIMITED,322.15,325.9,316.2,324.25,319.45,6875
2026-09-07,RESPONIND,RESPONSIVE INDUSTRIES LTD,152.39,152.39,147.0,148.15,154.9,1222693
2026-09-07,RBA,RESTAURANT BRAND ASIA LTD,97.3,98.0,95.61,96.41,97.15,2031006
2026-09-07,RVTH,REVATHI EQUIPMENT INDIA L,735.0,735.0,717.1,717.5,734.45,4493
2026-09-07,RHETAN,RHETAN TMT LIMITED,26.69,26.69,26.68,26.68,25.42,8256003
2026-09-07,RHIM,RHI MAGNESITA INDIA LTD,371.8,375.15,369.0,373.8,371.35,150341
2026-09-07,RICOAUTO,RICO AUTO INDUSTRIES LTD,130.42,135.95,129.08,135.47,130.46,2142105
2026-09-07,RIR,RIR POWER ELECTRONICS L,175.04,203.83,175.04,191.95,169.86,11233703
2026-09-07,RISHABH,RISHABH INSTRUMENTS LTD,739.95,815.0,739.95,809.95,738.45,774109
2026-09-07,RITCO,RITCO LOGISTICS LIMITED,302.0,331.15,301.45,319.8,301.8,574280
2026-09-07,RITES,RITES LIMITED,215.8,217.94,214.11,215.8,215.8,244159
2026-09-07,RKEC,RKEC PROJECTS LIMITED,22.1,22.1,20.0,20.3,21.73,87634
2026-09-07,RMC,RMC SWITCHGEARS LIMITED,233.54,241.02,230.0,233.31,233.54,68499
2026-09-07,RHL,ROBUST HOTELS LIMITED,166.3,170.0,165.0,166.16,167.89,8578
2026-09-07,ROLEXRINGS,ROLEX RINGS LIMITED,173.0,178.8,172.01,175.67,171.72,1410147
2026-09-07,ROSSARI,ROSSARI BIOTECH LIMITED,465.0,465.0,456.0,458.5,460.25,57155
2026-09-07,ROSSELLIND,ROSSELL INDIA LIMITED,57.04,57.85,56.12,56.92,56.96,43055
2026-09-07,ROSSTECH,ROSSELL TECHSYS LIMITED,1156.3,1172.0,1139.6,1148.2,1150.5,107652
2026-09-07,ROTO,ROTO PUMPS LIMITED,65.0,65.36,63.16,63.59,65.03,166395
2026-09-07,ROUTE,ROUTE MOBILE LIMITED,500.5,522.5,497.1,512.05,501.55,219416
2026-09-07,ROHLTD,ROYAL ORCHID HOTELS LTD,297.0,305.25,297.0,303.9,298.55,30726
2026-09-07,RPGLIFE,RPG LIFE SCIENCES LTD,2746.0,2781.1,2651.0,2673.4,2721.6,13615
2026-09-07,RPSGVENT,RPSG VENTURES LIMITED,834.65,834.65,811.1,816.5,831.4,22339
2026-09-07,RUBFILA,RUBFILA INTERNATIONAL LTD,69.15,72.0,68.5,70.96,70.69,110771
2026-09-07,RUBICON,RUBICON RESEARCH LIMITED,1760.1,1796.1,1740.5,1748.4,1768.3,84252
2026-09-07,RUCHINFRA,RUCHI INFRASTRUCTURE LTD,5.75,5.89,5.6,5.62,5.82,195310
2026-09-07,RUCHIRA,RUCHIRA PAPERS LIMITED,109.0,112.0,106.0,107.88,107.5,285875
2026-09-07,RUDRA,RUDRA GLOBAL INFRA PROD L,20.33,20.65,20.01,20.04,20.33,31696
2026-09-07,RUPA,RUPA & COMPANY LTD,144.35,145.31,142.21,142.92,144.49,71290
2026-09-07,RUSHIL,RUSHIL DECOR LIMITED,16.03,16.47,15.82,16.04,16.01,513661
2026-09-07,SAB,S A B INDUSTRIES LTD.,184.41,192.6,183.5,192.6,183.5,64
2026-09-07,SCHAND,S CHAND AND COMPANY LTD,137.5,137.5,131.66,133.34,136.41,19360
2026-09-07,SHK,S H KELKAR AND CO. LTD.,151.0,151.0,147.1,148.0,150.87,262326
2026-09-07,SVGLOBAL,S V GLOBAL MILL LTD.,160.0,160.0,147.06,151.09,163.62,21648
2026-09-07,S&SPOWER,S&S POWER SWITCHGEARS LTD,333.3,337.4,326.0,334.0,323.95,1689
2026-09-07,SPAL,S. P. APPARELS LIMITED,1066.5,1093.8,1055.2,1065.9,1071.1,29190
2026-09-07,SALSTEEL,S.A.L. STEEL LTD.,81.99,84.5,79.0,81.8,81.37,670446
2026-09-07,SAATVIKGL,SAATVIK GREEN ENERGY LTD,420.45,426.65,418.05,421.0,424.4,33301
2026-09-07,SADBHAV,SADBHAV ENGINEERING LTD,8.14,8.14,8.0,8.02,8.15,96462
2026-09-07,SAFARI,SAFARI IND (INDIA) LTD,1540.0,1554.9,1526.2,1537.8,1540.4,25661
2026-09-07,SAGCEM,SAGAR CEMENTS LIMITED,154.13,155.89,151.3,153.64,152.86,36273
2026-09-07,SAGARDEEP,SAGARDEEP ALLOYS LIMITED,23.85,23.85,23.6,23.64,23.62,2852
2026-09-07,SAGILITY,SAGILITY LIMITED,46.82,46.97,45.88,45.95,46.82,9292276
2026-09-07,SAHYADRI,SAHYADRI INDUSTRIES LTD,399.8,406.9,386.2,394.55,392.15,44941
2026-09-07,SAICAPI,SAI CAPITAL LTD.,158.34,158.34,133.5,141.6,157.56,903
2026-09-07,SAILIFE,SAI LIFE SCIENCES LIMITED,1590.0,1599.8,1567.4,1579.6,1584.3,456700
2026-09-07,SAIPARENT,SAI PARENTERALS LIMITED,524.0,524.0,513.75,516.45,519.55,98724
2026-09-07,KALAMANDIR,SAI SILKS (KALAMANDIR) L,86.49,86.93,85.6,85.93,86.49,213711
2026-09-07,SEKURITIND,SAINT GOBAIN SEKUR IND L,114.56,115.0,114.01,114.16,114.56,27540
2026-09-07,SAKAR,SAKAR HEALTHCARE LIMITED,1021.0,1124.0,1018.95,1109.2,1013.9,339553
2026-09-07,SAKSOFT,SAKSOFT LIMITED,155.03,155.04,150.66,151.77,154.58,199363
2026-09-07,SAKHTISUG,SAKTHI SUGARS LTD,19.83,20.8,19.8,19.96,19.78,333634
2026-09-07,SAKUMA,SAKUMA EXPORTS LIMITED,1.65,1.65,1.61,1.62,1.62,771720
2026-09-07,SALASAR,SALASAR TECHNO ENGG. LTD.,5.17,5.26,5.01,5.09,5.2,6552808
2026-09-07,SALONA,SALONA COTSPIN LTD.,265.4,265.4,261.5,263.45,269.95,3
2026-09-07,SALZERELEC,SALZER ELECTRONICS LTD,550.05,554.0,546.0,551.1,549.7,28522
2026-09-07,SAMBANDAM,SAMBANDAM SPINNING MILL L,121.0,121.0,120.1,120.4,123.23,160
2026-09-07,SAMBHAAV,SAMBHAAV MEDIA LTD,6.1,6.1,5.51,5.85,5.94,30372
2026-09-07,SAMBHV,SAMBHV STEEL TUBES LTD,129.6,134.0,127.98,133.53,128.69,2426547
2026-09-07,SAMHI,SAMHI HOTELS LIMITED,151.0,157.2,148.92,155.77,153.99,1637051
2026-09-07,SAMMAANCAP,SAMMAAN CAPITAL LIMITED,159.2,159.2,154.6,155.92,158.39,4790140
2026-09-07,SAMPANN,SAMPANN UTPADAN INDIA LTD,24.61,25.7,24.4,24.54,25.19,29722
2026-09-07,MOTHERSON,SAMVRDHNA MTHRSN INTL LTD,160.5,164.65,160.12,162.0,160.7,15669796
2026-09-07,SANATHAN,SANATHAN TEXTILES LIMITED,458.1,476.6,455.0,470.9,456.2,358640
2026-09-07,SANDESH,SANDESH LTD,1069.9,1069.9,1038.5,1053.9,1051.3,697
2026-09-07,SANDHAR,SANDHAR TECHNOLOGIES LTD,628.5,632.7,618.75,620.4,624.0,160536
2026-09-07,SANDUMA,SANDUR MANG & IRON ORES L,200.79,200.79,194.5,195.17,197.83,547791
2026-09-07,SANGAMIND,SANGAM (INDIA) LTD,579.3,579.3,572.0,576.3,578.8,5704
2026-09-07,SANGHVIMOV,SANGHVI MOVERS LTD,436.7,443.95,434.2,438.6,439.2,194873
2026-09-07,SANOFICONR,SANOFI CONS HEALTHC IND L,4210.0,4210.0,4075.0,4106.0,4201.7,2789
2026-09-07,SANOFI,SANOFI INDIA LIMITED,3162.2,3162.3,3114.4,3122.0,3158.2,9580
2026-09-07,SANSERA,SANSERA ENGINEERING LTD,3782.6,3921.0,3782.6,3896.3,3782.6,134580
2026-09-07,SANSTAR,SANSTAR LIMITED,110.05,112.05,108.8,110.01,111.31,228597
2026-09-07,SAPPHIRE,SAPPHIRE FOODS INDIA LTD,228.04,230.0,225.09,228.18,228.43,329020
2026-09-07,ZSARACOM,SARASWATI COMM (INDIA) L,11859.0,11859.0,11302.0,11706.0,11302.0,54
2026-09-07,SSDL,SARASWATI SAREE DEPOT LTD,57.07,57.48,56.16,57.11,56.69,15015
2026-09-07,SARDAEN,SARDA ENERGY & MIN LTD,508.8,515.4,503.7,512.5,508.55,336777
2026-09-07,SAREGAMA,SAREGAMA INDIA LIMITED,492.6,502.0,484.05,494.3,492.75,382387
2026-09-07,SARLAPOLY,SARLA PERF. FIBERS LTD,100.2,103.0,99.32,101.78,100.2,32414
2026-09-07,SMLT,SARTHAK METALS LIMITED,64.27,64.93,63.16,63.84,65.59,6659
2026-09-07,SARVESHWAR,SARVESHWAR FOODS LIMITED,3.55,3.69,3.4,3.67,3.36,5003962
2026-09-07,SASKEN,SASKEN TECHNOLOGIES LTD,1910.0,1930.0,1810.0,1826.6,1881.3,26468
2026-09-07,SATIA,SATIA INDUSTRIES LIMITED,63.01,70.5,63.01,68.19,63.36,793900
2026-09-07,SATIN,SATIN CREDIT NET LTD,220.75,221.45,216.2,216.94,220.75,242756
2026-09-07,SAURASHCEM,SAURASHTRA CEMENT LIMITED,58.0,58.02,55.5,55.8,57.61,110734
2026-09-07,SOTL,SAVITA OIL TECHNOLO. LTD,824.05,850.1,698.7,705.75,740.75,2433195
2026-09-07,SAYAJIHOTL,SAYAJI HOTELS LTD.,333.85,333.85,323.0,323.0,319.35,4
2026-09-07,SAYAJIIND,SAYAJI INDUSTRIES LTD.,116.51,116.51,116.5,116.5,116.11,117
2026-09-07,SBC,SBC EXPORTS LIMITED,46.0,47.8,45.71,46.87,45.76,9874017
2026-09-07,SBFC,SBFC FINANCE LIMITED,99.7,99.8,97.5,98.48,100.08,647488
2026-09-07,SBICARD,SBI CARDS & PAY SER LTD,653.1,674.65,648.75,674.65,658.25,2781077
2026-09-07,SBIFUNDS,SBI FUNDS MANAGEMENT LTD,561.0,561.3,555.05,557.8,562.1,891727
2026-09-07,SBILIFE,SBI LIFE INSURANCE CO LTD,1775.0,1775.0,1727.8,1732.0,1775.0,1155352
2026-09-07,SETFGOLD,SBI-ETF GOLD,129.94,129.94,128.64,129.56,131.22,7528668
2026-09-07,SETFNIF50,SBI-ETF NIFTY 50,258.7,258.7,255.5,256.36,258.08,1045454
2026-09-07,SETFNIFBK,SBI-ETF NIFTY BANK,590.86,590.86,586.01,587.34,590.86,56526
2026-09-07,SETFNN50,SBI-ETF NIFTY NEXT 50,788.2,794.9,776.81,780.05,785.05,35829
2026-09-07,LIQUIDSBI,SBIAMC - LIQUIDSBI,1000.0,1000.0,999.99,999.99,1000.0,591
2026-09-07,SBIBPB,SBIAMC - SBIBPB,50.04,50.04,48.83,49.08,49.56,69439
2026-09-07,SBIETFCON,SBIAMC - SBIETFCON,119.89,120.97,119.26,119.35,119.89,3094
2026-09-07,SBIETFIT,SBIAMC - SBIETFIT,341.95,341.95,331.52,333.91,340.64,164912
2026-09-07,SBIETFPB,SBIAMC - SBIETFPB,283.57,285.0,282.98,283.54,283.57,2369
2026-09-07,SBIETFQLTY,SBIAMC - SBIETFQLTY,221.86,221.86,219.0,219.42,221.86,4699
2026-09-07,SBILIQETF,SBIAMC - SBILIQETF,1054.92,1054.92,1054.9,1054.91,1054.81,176911
2026-09-07,SBIMIDMOM,SBIAMC - SBIMIDMOM,64.09,64.09,63.5,63.53,63.73,12720
2026-09-07,SBINEQWETF,SBIAMC - SBINEQWETF,33.26,33.26,32.9,32.93,33.26,28815
2026-09-07,SBINMID150,SBIAMC - SBINMID150,23.26,23.41,23.08,23.15,23.3,22338
2026-09-07,SBISILVER,SBIAMC - SBISILVER,227.0,227.0,224.0,225.27,228.31,519370
2026-09-07,SBISMLETF,SBIAMC - SBISMLETF,18.55,18.8,18.31,18.5,18.55,59139
2026-09-07,SBIVALETF,SBIAMC - SBIVALETF,14.82,14.82,14.6,14.6,14.75,8194
2026-09-07,SETF10GILT,SBIAMC - SETF10GILT,264.5,264.5,262.39,263.32,263.1,28655
2026-09-07,SCHAEFFLER,SCHAEFFLER INDIA LIMITED,3956.4,4025.5,3900.0,3999.6,3956.4,31084
2026-09-07,SCHNEIDER,SCHNEIDER ELECTRIC INFRA,1224.2,1228.8,1190.0,1193.6,1232.4,134222
2026-09-07,SCODATUBES,SCODA TUBES LIMITED,135.98,136.5,129.3,130.33,135.02,204606
2026-09-07,SEAMECLTD,SEAMEC LIMITED,1795.0,1828.9,1753.6,1779.9,1793.6,57558
2026-09-07,SECMARK,SECMARK CONSULTANCY LTD,143.0,146.0,135.25,143.24,144.4,3254
2026-09-07,SECURKLOUD,SECUREKLOUD TECH LIMITED,17.05,17.5,16.6,17.12,17.01,9354
2026-09-07,SEDEMAC,SEDEMAC MECHATRONICS LTD,2798.0,2890.0,2794.8,2876.2,2814.4,68747
2026-09-07,SEJALLTD,SEJAL GLASS LIMITED,661.85,679.3,652.8,666.05,657.5,5532
2026-09-07,SELMC,SEL MANUFACTURING CO LTD,27.48,28.5,26.51,26.83,27.5,12229
2026-09-07,SEMAC,SEMAC CONSTRUCTION LTD,280.0,290.0,280.0,282.0,277.25,794
2026-09-07,SENCO,SENCO GOLD LIMITED,357.4,368.75,356.6,365.1,358.65,1718666
2026-09-07,SENORES,SENORES PHARMACEUTICALS L,1428.4,1512.0,1410.4,1497.5,1428.4,404434
2026-09-07,SEPC,SEPC LIMITED,5.36,5.45,5.33,5.41,5.38,5271492
2026-09-07,SERVOTECH,SERVOTECH REN POW SYS LTD,78.2,80.48,78.2,79.03,79.62,312588
2026-09-07,STYL,SESHAASAI TECHNOLOGIES L,385.0,387.5,378.2,380.2,383.5,58586
2026-09-07,SESHAPAPER,SESHASAYEE PAPER & BOARDS,232.0,248.79,232.0,242.37,233.09,250778
2026-09-07,SGFIN,SG FINSERVE LIMITED,675.7,691.85,675.7,677.6,675.7,118788
2026-09-07,SGMART,SG MART LIMITED,828.7,847.5,805.4,810.4,824.75,166232
2026-09-07,SGLRES,SGL RESOURCES LIMITED,2.47,2.53,2.32,2.5,2.41,42931
2026-09-07,SHADOWFAX,SHADOWFAX TECHNOLOGIES L,260.95,260.95,248.05,250.2,259.55,2178213
2026-09-07,SHAH,SHAH METACORP LIMITED,3.51,3.6,3.44,3.46,3.51,1158873
2026-09-07,SHAILY,SHAILY ENG PLASTICS LTD,3262.6,3394.0,3252.6,3348.7,3278.3,174319
2026-09-07,SHAKTIPUMP,SHAKTI PUMPS (I) LTD,471.2,475.0,465.0,466.95,473.0,332018
2026-09-07,SHALBY,SHALBY LIMITED,152.51,153.99,151.0,151.24,152.71,31659
2026-09-07,SAHLIBHFI,SHALIBHADRA FINANCE LTD,90.2,90.2,85.5,86.54,89.52,24595
2026-09-07,SRD,SHANKAR LAL RAMPAL LTD,39.98,40.09,38.75,39.01,39.33,25361
2026-09-07,SHANKARA,SHANKARA BLDG PRODUCT LTD,149.0,150.0,147.0,148.26,148.18,135828
2026-09-07,BUILDPRO,SHANKARA BUILDPRO LIMITED,1300.0,1320.0,1255.0,1271.4,1298.2,119206
2026-09-07,SHANKESH,SHANKESH JEWELLERS LTD,100.09,106.85,99.8,102.37,98.92,10083730
2026-09-07,SHANTIGEAR,SHANTHI GEARS LTD,620.0,652.0,606.0,640.0,621.75,433775
2026-09-07,SEIL,SHANTI EDU INITIATIVES L,201.0,201.32,196.9,200.17,200.76,294366
2026-09-07,SHANTIGOLD,SHANTI GOLD INTERNATION L,261.48,277.0,260.41,270.72,256.34,4067799
2026-09-07,SHANTI,SHANTI OVERSEAS INDIA LTD,6.13,6.6,6.0,6.5,6.25,136721
2026-09-07,SHINDL,SHARAT INDUSTRIES LTD.,162.32,167.9,159.46,162.77,162.42,176047
2026-09-07,SHARDACROP,SHARDA CROPCHEM LTD.,772.1,776.95,765.0,767.45,768.35,63229
2026-09-07,SHARDAMOTR,SHARDA MOTOR INDS LTD,885.5,898.85,880.2,890.05,881.95,41347
2026-09-07,SHAREINDIA,SHARE IND. SECURITIES LTD,170.5,174.98,170.5,171.86,170.5,325602
2026-09-07,SFL,SHEELA FOAM LIMITED,647.0,652.05,637.5,642.7,646.8,69226
2026-09-07,SHERVANI,SHERVANI INDUSTRIAL SYN L,316.0,316.0,305.05,305.15,315.1,349
2026-09-07,SHILCTECH,SHILCHAR TECHNOLOGIES LTD,4085.6,4217.0,4020.4,4187.0,4065.3,30568
2026-09-07,SHILGRAVQ,SHILP GRAVURES LTD.,148.0,152.95,147.5,150.25,144.8,1004
2026-09-07,SHILPAMED,SHILPA MEDICARE LTD,974.0,980.1,923.0,939.5,964.15,1088314
2026-09-07,SCILAL,SHIPPING CORP OF ILA LTD,39.8,39.85,39.1,39.27,39.77,172331
2026-09-07,SCI,SHIPPING CORP OF INDIA LT,295.35,298.25,292.6,293.75,295.35,1033416
2026-09-07,SHIPROCKET,SHIPROCKET LIMITED,135.92,141.9,132.52,135.21,135.92,9262559
2026-09-07,SHIVAUM,SHIV AUM STEELS LIMITED,455.0,459.4,450.5,453.7,448.05,2794
2026-09-07,SHIVACEM,SHIVA CEMENT LTD.,16.47,16.5,15.56,16.07,15.97,58521
2026-09-07,SHIVAAGRO,SHIVA GLOBAL AGRO INDS. L,43.44,45.0,38.0,41.41,41.39,24597
2026-09-07,SHIVAMILLS,SHIVA MILLS LIMITED,60.9,62.98,59.51,60.99,60.5,2663
2026-09-07,SHIVATEX,SHIVA TEXYARN LIMITED,182.85,185.0,177.26,179.46,182.86,5838
2026-09-07,SBCL,SHIVALIK BIMETAL CON. LTD,1121.0,1138.4,1077.0,1092.1,1121.1,314685
2026-09-07,SHIVALIK,SHIVALIK RASAYAN LIMITED,332.0,344.0,312.0,316.85,327.4,129342
2026-09-07,SHIVAMAUTO,SHIVAM AUTO.LTD,18.01,18.01,17.28,17.33,18.01,29199
2026-09-07,SHOPERSTOP,SHOPPERS STOP LIMITED,383.65,383.7,371.85,376.3,381.75,18095
2026-09-07,SHRADDHA,SHRADDHA PRIME PROJECTS L,161.5,161.5,151.05,154.92,156.48,3018
2026-09-07,SHRADHA,SHRADHA REALTY LIMITED,31.48,32.11,31.02,31.47,31.48,12901
2026-09-07,SHREEPUSHK,SHRE PUSH CHEM & FERT LTD,480.4,535.4,478.0,514.9,475.25,399174
2026-09-07,SAPPL,SHREE AJIT PULP & PAPER L,272.1,303.3,272.1,276.6,281.85,2393
2026-09-07,SHREECEM,SHREE CEMENT LIMITED,23855.0,23920.0,23365.0,23365.0,23855.0,17715
2026-09-07,SHREDIGCEM,SHREE DIGVIJAY CEM CO LTD,73.0,74.44,71.2,72.04,74.44,89317
2026-09-07,SGRL,SHREE GANESH REMEDIES LTD,700.0,717.0,698.35,714.2,708.55,9913
2026-09-07,SRTL,SHREE RAM TWISTEX LIMITED,37.7,38.36,36.81,37.98,37.71,36439
2026-09-07,SHREERAMA,SHREE RAMA MULTI TECH LTD,45.17,45.17,43.11,43.84,44.12,42678
2026-09-07,RAMANEWS,SHREE RAMA NEWSPRINT LTD,31.43,32.95,31.15,32.64,31.75,35616
2026-09-07,RENUKA,SHREE RENUKA SUGARS LTD,24.1,25.57,24.1,25.15,24.04,34693464
2026-09-07,BALAJEE,SHREE TIRUPATI BALAJEE L,26.66,26.66,25.65,25.73,26.16,12936
2026-09-07,SHREEJISPG,SHREEJI SHIPPING GLOBAL L,690.0,704.25,676.9,699.8,680.15,1404657
2026-09-07,OSWALSEEDS,SHREEOSWAL S AND CHE LTD,11.51,12.59,11.51,12.06,11.72,77347
2026-09-07,SHREYANIND,SHREYANS INDUSTRIES LTD,130.0,138.5,129.3,134.2,128.93,24013
2026-09-07,SHBAJRG,SHRI BAJRANG ALLIANCE L,160.0,163.2,158.3,161.97,160.67,962
2026-09-07,SHRJAGP,SHRI JAGDAMBA POLYMERS L,621.0,660.0,620.55,644.1,625.65,1328
2026-09-07,SHRIKRISH,SHRI KRISHNA DEVCON LTD.,37.5,40.48,37.5,39.22,39.79,748
2026-09-07,VASUPRADA,SHRI VASUPRADA PLANTATI L,111.38,111.38,107.63,108.0,107.1,179
2026-09-07,SHRINGARMS,SHRINGAR HOU OF MANGALS L,218.0,225.0,216.1,218.59,217.91,658203
2026-09-07,LIQUIDSHRI,SHRIRAM - LIQUIDSHRI,1120.42,1120.42,1120.4,1120.4,1120.33,15393
2026-09-07,SHRIRAMFIN,SHRIRAM FINANCE LIMITED,1045.0,1046.1,1029.3,1037.0,1041.0,1812019
2026-09-07,SHRIRAMPPS,SHRIRAM PROPERTIES LTD,77.75,78.0,75.31,75.5,76.9,384585
2026-09-07,SHUKRAPHAR,SHUKRA PHARMACEUTICALS L,51.93,53.59,51.93,53.07,51.93,1887833
2026-09-07,SHYAMMETL,SHYAM METALICS AND ENGY L,1065.2,1090.0,1053.2,1082.3,1065.3,244531
2026-09-07,SHYAMTEL,SHYAM TELECOM LIMITED,11.69,11.69,10.51,11.0,11.6,15284
2026-09-07,SICAGEN,SICAGEN INDIA LIMITED,58.95,59.0,57.52,58.53,58.28,29282
2026-09-07,ENRIN,SIEMENS ENERGY INDIA LTD,3115.8,3185.0,3111.6,3121.9,3115.7,441448
2026-09-07,SIEMENS,SIEMENS LTD,3990.0,3998.1,3904.1,3927.0,3977.0,200987
2026-09-07,SIGACHI,SIGACHI INDUSTRIES LTD,35.05,35.31,33.88,34.41,34.74,2477935
2026-09-07,SIGMA,SIGMA SOLVE LIMITED,47.8,47.8,46.0,47.45,46.66,70149
2026-09-07,SIGNATURE,SIGNATUREGLOBAL INDIA LTD,798.7,804.0,791.85,799.95,796.55,179010
2026-09-07,SIGNPOST,SIGNPOST INDIA LIMITED,245.25,285.0,242.6,269.5,244.25,3876593
2026-09-07,SIKA,SIKA INTERPLANT SYSTEMS L,1004.95,1004.95,982.3,986.1,996.1,14380
2026-09-07,SILINV,SIL INVESTMENTS LIMITED,478.8,478.95,462.25,472.05,478.8,792
2026-09-07,SILGO,SILGO RETAIL LIMITED,70.32,75.49,69.9,73.15,69.97,419919
2026-09-07,SILLYMONKS,SILLY MONKS ENTERTAIN LTD,16.19,16.19,15.42,15.94,16.19,30334
2026-09-07,SILVERTUC,SILVER TOUCH TECHNO LTD,167.48,168.39,161.34,163.56,167.97,377764
2026-09-07,SIMPLEXINF,SIMPLEX INFRASTRUCTURES L,271.25,271.9,258.0,260.35,270.5,38376
2026-09-07,SIMPLXREA,SIMPLEX REALTY LTD.,149.98,149.98,136.0,141.7,142.99,569
2026-09-07,SINCLAIR,SINCLAIRS HOTELS LIMITED,84.99,86.9,83.42,84.45,83.5,64110
2026-09-07,SINDHUTRAD,SINDHU TRADE LINKS LTD,25.28,25.57,24.44,25.25,25.28,1799387
2026-09-07,SINGERIND,SINGER INDIA LIMITED,76.97,78.44,73.99,74.97,76.98,150121
2026-09-07,SINTERCOM,SINTERCOM INDIA LIMITED,81.11,82.0,81.0,81.43,80.8,126972
2026-09-07,SIRCA,SIRCA PAINT INDIA LIMITED,439.9,442.75,435.55,436.85,439.25,197385
2026-09-07,SIS,SIS LIMITED,430.95,438.2,425.2,428.65,430.95,444184
2026-09-07,SIYSIL,SIYARAM SILK MILLS LTD,553.4,566.95,553.4,563.55,552.65,30927
2026-09-07,SJS,SJS ENTERPRISES LIMITED,2306.1,2389.1,2306.1,2332.3,2306.1,137522
2026-09-07,SJVN,SJVN LTD,65.0,66.07,64.7,65.56,65.23,2007816
2026-09-07,SKFINDUS,SKF IND (INDUSTRIAL) LTD,3040.0,3047.7,2992.1,3016.1,3002.5,24293
2026-09-07,SKFINDIA,SKF INDIA LTD,1559.8,1578.0,1542.2,1546.6,1553.2,24033
2026-09-07,SKIPPER,SKIPPER LIMITED,596.0,616.8,590.0,604.4,591.1,4277657
2026-09-07,SKMEGGPROD,SKM EGG PROD EXPORT(I) LT,256.35,259.0,244.55,246.85,257.1,276867
2026-09-07,SKYGOLD,SKY GOLD AND DIAMONDS LTD,782.0,800.05,767.0,788.15,781.45,683200
2026-09-07,SKYWAYS,SKYWAYS AIR SERVICES LTD,122.5,123.09,112.0,113.91,122.72,9718981
2026-09-07,SMARTWORKS,SMARTWORKS COWORKING SP L,547.0,548.85,534.1,538.95,541.5,35123
2026-09-07,SMCGLOBAL,SMC GLOBAL SECURITIES LTD,79.01,85.4,79.01,84.95,81.25,3923881
2026-09-07,SMLMAH,SML MAHINDRA LIMITED,6339.0,6449.0,6143.0,6393.5,6298.5,247779
2026-09-07,SMSPHARMA,SMS PHARMACEUTICALS LTD.,390.0,444.0,387.45,397.95,392.5,3870958
2026-09-07,SNOWMAN,SNOWMAN LOGISTICS LTD.,36.5,36.9,36.0,36.67,36.85,82852
2026-09-07,SOBHA,SOBHA LIMITED,1276.0,1276.0,1243.2,1250.1,1263.8,38511
2026-09-07,SOFTTECH,SOFTTECH ENGINEERS LTD,441.95,442.0,423.0,432.45,423.15,7493
2026-09-07,SOLARINDS,SOLAR INDUSTRIES (I) LTD,21450.0,22200.0,21450.0,21950.0,21445.0,227176
2026-09-07,SOLARA,SOLARA ACTIVE PHA SCI LTD,643.85,711.0,639.15,697.05,639.15,2187893
2026-09-07,SOLARWORLD,SOLARWORLD ENERGY SOL LTD,150.51,151.99,147.01,147.9,149.32,97974
2026-09-07,SOLEX,SOLEX ENERGY LIMITED,728.8,728.8,714.35,718.45,725.3,14793
2026-09-07,SDBL,SOM DIST & BREW LTD,74.1,77.5,74.0,75.02,74.0,1759825
2026-09-07,SOMATEX,SOMA TEXTILES & INDUST LT,89.31,92.84,86.37,86.72,90.22,17649
2026-09-07,SOMANYCERA,SOMANY CERAMICS LIMITED,554.95,574.45,554.95,559.4,557.35,84012
2026-09-07,SOMICONVEY,SOMI CONVEYOR BELT. LTD.,91.05,93.93,91.05,92.37,91.33,5859
2026-09-07,SONACOMS,SONA BLW PRECISION FRGS L,786.95,790.85,778.0,788.0,789.0,1159441
2026-09-07,SONATSOFTW,SONATA SOFTWARE LTD,285.25,286.0,273.45,283.85,285.25,1737278
2026-09-07,SOUTHWEST,SOUTH WEST PINNACLE LTD,213.5,225.79,211.19,222.26,212.92,581017
2026-09-07,SPCENET,SPACENET ENTERS IND LTD,3.5,3.61,3.46,3.56,3.41,1383299
2026-09-07,SPANDANA,SPANDANA SPHOORTY FIN LTD,239.99,241.0,237.2,238.88,239.81,58630
2026-09-07,SPELS,SPEL SEMICONDUCTOR LTD,148.61,151.7,146.3,147.64,149.38,47712
2026-09-07,SPENCERS,SPENCER S RETAIL LIMITED,28.6,29.01,28.12,28.78,28.5,19688
2026-09-07,SPIC,SPIC LTD,71.0,72.5,70.5,71.02,71.28,551519
2026-09-07,SPLIL,SPL INDUSTRIES LIMITED,30.39,32.0,29.75,31.09,30.39,15875
2026-09-07,SPMLINFRA,SPML INFRA LIMITED,183.2,183.89,178.07,180.21,181.41,283043
2026-09-07,SPORTKING,SPORTKING INDIA LIMITED,228.34,230.0,217.07,221.85,229.22,400590
2026-09-07,SHRIPISTON,SPR AUTO TECHNOLOGIES LTD,4515.0,4598.9,4480.0,4491.5,4536.9,39044
2026-09-07,SRHHYPOLTD,SREE RAYALSEEMA HHP LTD.,535.5,542.25,530.0,531.6,531.05,13332
2026-09-07,SREEL,SREELEATHERS LIMITED,269.8,286.01,263.0,279.4,265.52,72657
2026-09-07,SRF,SRF LTD,2536.2,2560.0,2526.5,2546.0,2547.0,208077
2026-09-07,SRGHFL,SRG HOUSING FINANCE L,258.0,258.0,240.9,245.85,245.45,1647
2026-09-07,HAVISHA,SRI HAVISHA HOSP & INFR L,1.44,1.47,1.31,1.32,1.41,98394
2026-09-07,SRIKPRIND,SRI KPR INDUSTRIES LTD.,35.43,35.78,32.5,33.82,33.38,113310
2026-09-07,SRM,SRM CONTRACTORS LIMITED,464.65,477.45,458.1,460.05,462.35,102399
2026-09-07,SETL,STANDARD ENGNG TCNLGY LTD,410.0,412.8,388.55,388.55,408.95,1261874
2026-09-07,SIL,STANDARD INDUSTRIES LTD.,19.6,19.84,18.94,19.17,19.59,49360
2026-09-07,STANLEY,STANLEY LIFESTYLES LTD,136.45,138.39,135.52,137.16,135.48,68522
2026-09-07,STARCEMENT,STAR CEMENT LIMITED,191.0,195.04,188.61,194.4,190.19,322246
2026-09-07,STARHEALTH,STAR HEALTH & AL INS CO L,552.85,574.0,546.95,565.95,557.35,776080
2026-09-07,STARPAPER,STAR PAPER MILLS LTD,153.0,167.0,150.1,162.61,151.42,113673
2026-09-07,STARTECK,STARTECK FINANCE LIMITED,248.05,254.25,245.25,247.2,249.25,245
2026-09-07,SBIN,STATE BANK OF INDIA,1020.8,1021.7,1000.6,1005.9,1016.1,10220001
2026-09-07,SAIL,STEEL AUTHORITY OF INDIA,196.99,196.99,187.3,187.9,196.8,32633382
2026-09-07,STEELCITY,STEEL CITY SECURITIES LTD,87.0,87.0,84.4,84.99,85.55,3037
2026-09-07,STEELXIND,STEEL EXCHANGE INDIA LTD,11.34,11.4,11.1,11.23,11.34,1498999
2026-09-07,STLSTRINF,STEEL STRIPS INFRA L,19.55,22.78,18.12,19.07,19.55,5513
2026-09-07,SSWL,STEEL STRIPS WHEELS LTD.,374.6,383.8,365.45,371.3,361.85,2780026
2026-09-07,STEELCAS,STEELCAST LIMITED,328.2,336.35,324.65,326.85,328.05,65750
2026-09-07,STEL,STEL HOLDINGS LIMITED,590.0,609.95,590.0,596.7,607.9,3622
2026-09-07,SGL,STL GLOBAL LIMITED,10.0,10.3,9.82,9.83,10.05,3686
2026-09-07,STLNETWORK,STL NETWORKS LIMITED,29.51,30.31,29.5,30.31,28.87,1989195
2026-09-07,STOVEKRAFT,STOVE KRAFT LIMITED,836.5,867.5,832.2,849.25,832.55,174466
2026-09-07,STAR,STRIDES PHARMA SCI LTD,1058.7,1187.6,1045.0,1178.8,1059.6,2617272
2026-09-07,SWSOLAR,STRLNG & WIL REN ENE LTD,187.2,188.0,184.5,185.13,186.23,536948
2026-09-07,STUDDS,STUDDS ACCESSORIES LTD,426.75,438.0,418.0,419.95,424.2,80163
2026-09-07,STYLAMIND,STYLAM INDUSTRIES LIMITED,3387.4,3445.8,3284.2,3370.7,3387.4,48594
2026-09-07,STYRENIX,STYRENIX PERFORMANCE LTD,2044.0,2091.0,2024.3,2063.7,2043.2,57965
2026-09-07,SUBEXLTD,SUBEX LTD,17.61,17.62,16.6,16.74,17.28,2594174
2026-09-07,SUBROS,SUBROS LIMITED,710.0,713.45,702.0,704.75,709.6,25162
2026-09-07,SUDARSCHEM,SUDARSHAN CHEMICAL INDS L,1224.9,1265.0,1223.5,1239.8,1222.8,222036
2026-09-07,SUDARCOLOR,SUDARSHAN COLORNT IND LTD,384.1,396.95,382.15,386.8,383.45,16386
2026-09-07,SUDEEPPHRM,SUDEEP PHARMA LIMITED,1342.5,1378.0,1305.0,1323.3,1329.3,208143
2026-09-07,SUKHJITS,SUKHJIT STARCH & CHEM LTD,160.6,163.86,157.75,160.55,157.86,27049
2026-09-07,SULA,SULA VINEYARDS LIMITED,149.85,149.85,146.2,147.09,149.0,139355
2026-09-07,SUMEDHA,SUMEDHA FISCAL SERVICES L,39.4,39.7,38.0,39.7,39.01,1206
2026-09-07,SUMEETINDS,SUMEET IND LIMITED,11.5,11.8,11.25,11.29,11.5,1315064
2026-09-07,SUMIT,SUMIT WOODS LIMITED,51.7,51.7,50.21,51.31,51.71,14892
2026-09-07,SUMICHEM,SUMITOMO CHEM INDIA LTD,493.4,497.7,485.2,487.9,493.4,96847
2026-09-07,SUMMITSEC,SUMMIT SECURITIES LTD,1429.0,1430.9,1411.0,1419.8,1434.2,8351
2026-09-07,SPARC,SUN PHARMA ADV.RES.CO.LTD,199.9,208.65,199.59,205.87,199.47,1498275
2026-09-07,SUNPHARMA,SUN PHARMACEUTICAL IND L,1899.0,1907.8,1883.1,1895.0,1899.0,1579345
2026-09-07,SUNTV,SUN TV NETWORK LIMITED,470.95,470.95,451.5,452.85,470.9,589224
2026-09-07,SUNCLAY,SUNDARAM CLAYTON LIMITED,1310.9,1313.1,1262.7,1299.4,1304.4,6938
2026-09-07,SUNDARMFIN,SUNDARAM FINANCE LTD,4639.9,4732.8,4625.1,4708.3,4648.7,49899
2026-09-07,SUNDARAM,SUNDARAM MULTI PAP LTD,1.23,1.24,1.2,1.2,1.23,642010
2026-09-07,SUNDRMFAST,SUNDRAM FASTENERS LTD,1219.0,1224.8,1195.0,1200.5,1212.3,61152
2026-09-07,SUNDROP,SUNDROP BRANDS LIMITED,664.35,664.35,653.0,659.45,662.5,6385
2026-09-07,SUNFLAG,SUNFLAG IRON AND STEEL CO,343.7,345.45,337.05,338.4,343.7,120395
2026-09-07,SUNLOC,SUNIL HEALTHCARE LTD.,79.98,79.98,79.98,79.98,79.98,8
2026-09-07,SUNRAKSHAK,SUNRAKSHAKK INDUS IND L,366.05,375.0,366.05,370.15,369.55,8109
2026-09-07,SUNSHIEL,SUNSHIELD CHEMICALS LTD.,1175.0,1275.0,1155.0,1268.6,1144.9,13356
2026-09-07,SUNSHINE,SUNSHINE PICTURES LIMITED,444.9,492.9,444.9,486.3,441.45,3585788
2026-09-07,SUNTECK,SUNTECK REALTY LIMITED,299.5,300.1,293.0,294.0,299.5,112311
2026-09-07,SUPERHOUSE,SUPERHOUSE LIMITED,168.01,172.3,166.0,170.62,169.23,3532
2026-09-07,SIEL,SUPERIOR INDUSTRIAL ENT L,31.9,32.99,30.42,30.79,31.9,121
2026-09-07,SUPRAJIT,SUPRAJIT ENGINEERING LTD,479.0,482.0,470.15,473.2,479.45,47325
2026-09-07,SUPREME,SUPREME HOLDIN N HOSP I L,37.51,37.69,36.0,37.41,36.27,11414
2026-09-07,SUPREMEIND,SUPREME INDUSTRIES LTD,3475.0,3603.1,3470.1,3598.0,3475.0,370941
2026-09-07,SUPREMEINF,SUPREME INFRA. LTD.,84.12,87.0,82.5,85.77,83.42,59001
2026-09-07,SPLPETRO,SUPREME PETROCHEM LIMITED,774.9,805.0,771.05,802.5,771.05,863737
2026-09-07,SUPRIYA,SUPRIYA LIFESCIENCE LTD,869.9,923.0,864.0,909.1,852.85,1225649
2026-09-07,SURAJEST,SURAJ ESTATE DEVELOPERS L,178.28,181.39,175.0,176.09,178.25,310830
2026-09-07,SURAJLTD,SURAJ LIMITED,202.01,205.8,198.45,200.0,201.79,8352
2026-09-07,SURAKSHA,SURAKSHA DIAGNOSTIC LTD,330.55,345.0,328.95,338.9,332.45,102949
2026-09-07,SURANASOL,SURANA SOLAR LIMITED,26.11,26.32,25.52,25.86,26.11,70035
2026-09-07,SURANAT&P,SURANA TELECOM AND POW LT,16.27,16.9,16.2,16.43,16.57,100451
2026-09-07,SBGLP,SURATWWALA BUS GROUP LTD,23.97,25.59,23.36,23.81,23.96,12002
2026-09-07,SURYAROSNI,SURYA ROSHNI LTD,216.35,218.19,215.0,215.81,216.49,500001
2026-09-07,SURYALAXMI,SURYALAKSHMI COT MIL LTD,61.0,61.0,58.55,58.85,60.79,4203
2026-09-07,SURYALA,SURYALATA SPINNING MILL L,411.0,424.95,408.0,421.4,411.85,2187
2026-09-07,SURYODAY,SURYODAY SMALL FIN BK LTD,152.97,153.12,150.73,152.21,152.07,203120
2026-09-07,SUVEN,SUVEN LIFE SCIENCES LTD,378.7,395.4,376.1,377.15,378.0,862473
2026-09-07,SUVIDHAA,SUVIDHAA INFOSERVE LTD,2.44,2.56,2.13,2.21,2.42,382018
2026-09-07,SUYOG,SUYOG TELEMATICS LIMITED,723.6,739.6,711.3,718.5,731.2,60317
2026-09-07,SUZLON,SUZLON ENERGY LIMITED,45.41,45.55,44.85,45.55,45.35,28911783
2026-09-07,SVPGLOB,SVP GLOBAL TEXTILES LTD,3.72,3.78,3.59,3.6,3.65,25956
2026-09-07,SWANCORP,SWAN CORP LIMITED,280.5,283.85,273.9,278.1,281.5,1155945
2026-09-07,SWARAJENG,SWARAJ ENGINES LTD,3629.0,3699.0,3593.3,3648.0,3557.8,28465
2026-09-07,SWARNSAR,SWARNSARITA JEWELS IND L,36.5,39.25,35.1,37.58,35.25,82042
2026-09-07,SWELECTES,SWELECT ENERGY SYS LTD,574.0,589.9,547.05,572.35,572.5,122811
2026-09-07,SWIGGY,SWIGGY LIMITED,277.7,280.5,274.65,276.45,276.1,23743792
2026-09-07,SYMBIOTEC,SYMBIOTEC PHARMALAB LTD,1068.0,1141.0,1068.0,1098.7,1078.25,3088018
2026-09-07,SYMPHONY,SYMPHONY LIMITED,592.9,593.45,570.0,573.4,580.35,58826
2026-09-07,SYNCOMF,SYNCOM FORMU (I) LTD,20.08,20.57,19.73,20.27,20.58,11295960
2026-09-07,SGIL,SYNERGY GREEN IND. LTD,610.0,610.0,600.0,600.85,606.2,3866
2026-09-07,SYNGENE,SYNGENE INTERNATIONAL LTD,395.0,396.3,387.25,389.3,395.6,444340
2026-09-07,SYRMA,SYRMA SGS TECHNOLOGY LTD,1458.5,1645.0,1458.3,1634.8,1457.3,13079561
2026-09-07,TGVSL,T G V SRAAC LTD.,111.56,114.0,109.98,110.52,109.98,366176
2026-09-07,TTL,T T LIMITED,6.69,6.89,6.65,6.74,6.81,143018
2026-09-07,TAALTECH,TAAL TECH LTD.,4548.0,4574.8,4400.0,4439.1,4502.2,8803
2026-09-07,TAINWALCHM,TAINWALA CHEMICAL AND PLA,216.83,216.83,206.35,208.48,213.71,4163
2026-09-07,TAJGVK,TAJ GVK HOTELS & RESORTS,332.05,339.0,328.1,329.2,332.55,66810
2026-09-07,TAKE,TAKE LIMITED,14.51,14.51,14.51,14.51,13.82,225946
2026-09-07,TALBROAUTO,TALBROS AUTO. COMP. LTD,416.0,441.85,411.85,431.8,407.75,1798087
2026-09-07,TMB,TAMILNAD MERCA BANK LTD,942.9,954.2,930.15,936.45,932.45,148519
2026-09-07,TNPL,TAMILNADU NEWSPRT & PAPER,156.01,166.0,154.31,159.5,155.75,2376677
2026-09-07,TNPETRO,TAMILNADU PETROPRODUCTS L,134.0,135.5,130.77,131.73,132.7,701145
2026-09-07,TNTELE,TAMILNADU TELECOMMUNICATI,8.99,9.13,8.88,8.97,8.88,18897
2026-09-07,TANAA,TANEJA AEROSPACE & AVIA L,284.0,285.9,280.0,282.0,282.15,7571
2026-09-07,TANLA,TANLA PLATFORMS LIMITED,523.15,523.15,512.3,520.2,521.15,317979
2026-09-07,TARACHAND,TARA CHAND INFRA SOLN LTD,49.38,49.38,47.1,47.43,48.78,45282
2026-09-07,TARAPUR,TARAPUR TRANSFORMERS LTD,13.03,13.5,12.51,12.71,13.03,70228
2026-09-07,TARC,TARC LIMITED,128.81,135.68,126.55,134.9,126.99,2061276
2026-09-07,TARMAT,TARMAT LIMITED,61.53,62.89,60.0,61.91,61.23,47182
2026-09-07,TARSONS,TARSONS PRODUCTS LIMITED,336.0,336.0,327.0,328.55,335.55,80073
2026-09-07,TASTYBITE,TASTY BITE EATABLES LTD,9902.0,10008.0,9603.0,9901.0,9982.0,7569
2026-09-07,TATACAP,TATA CAPITAL LIMITED,375.05,375.05,365.15,369.95,375.05,934265
2026-09-07,TATACHEM,TATA CHEMICALS LTD,625.0,627.15,611.1,613.35,625.1,501210
2026-09-07,TATACOMM,TATA COMMUNICATIONS LTD,1754.1,1754.1,1725.0,1738.5,1756.1,185621
2026-09-07,TCS,TATA CONSULTANCY SERV LT,2290.1,2299.9,2260.1,2270.0,2304.0,2297551
2026-09-07,TATACONSUM,TATA CONSUMER PRODUCT LTD,1014.0,1019.9,1004.0,1015.0,1010.0,1368015
2026-09-07,TATAELXSI,TATA ELXSI LIMITED,3547.6,3547.9,3475.0,3497.0,3558.0,161685
2026-09-07,TATAINVEST,TATA INVESTMENT CORP LTD,629.15,631.55,625.75,627.8,633.7,94363
2026-09-07,TMCV,TATA MOTORS LIMITED,459.0,461.9,454.15,459.65,458.2,4403689
2026-09-07,TMPV,TATA MOTORS PASS VEH LTD,311.5,312.0,307.0,307.0,311.5,6493351
2026-09-07,TATAPOWER,TATA POWER CO LTD,366.9,369.8,363.0,365.7,368.0,4849767
2026-09-07,TATASTEEL,TATA STEEL LIMITED,189.0,190.24,184.37,185.61,188.79,23695657
2026-09-07,TATATECH,TATA TECHNOLOGIES LIMITED,798.1,799.65,778.25,785.1,800.0,774063
2026-09-07,TTML,TATA TELESERV(MAHARASTRA),37.74,38.09,36.6,37.35,37.74,1329750
2026-09-07,NETF,TATAAML - NETF,254.86,261.9,254.86,258.45,261.4,5018
2026-09-07,NPBET,TATAAML - NPBET,290.32,290.32,287.0,287.34,290.32,655
2026-09-07,TNIDETF,TATAAML - TNIDETF,89.15,91.99,89.15,89.81,90.94,83031
2026-09-07,TATAGOLD,TATAAML-TATAGOLD,14.87,14.87,14.67,14.76,14.94,57797478
2026-09-07,TATSILV,TATAAML-TATSILV,22.54,22.54,22.18,22.31,22.62,26564982
2026-09-07,TATVA,TATVA CHIN PHARM CHEM LTD,1700.0,1721.2,1646.7,1695.8,1678.5,88807
2026-09-07,TBOTEK,TBO TEK LIMITED,1684.0,1719.9,1672.0,1705.4,1688.9,172047
2026-09-07,TCC,TCC CONCEPT LIMITED,44.0,44.47,40.5,41.08,44.1,580938
2026-09-07,TCIEXP,TCI EXPRESS LIMITED,551.0,569.95,542.2,549.1,552.9,55023
2026-09-07,TCPLPACK,TCPL PACKAGING LIMITED,4140.0,4140.0,3800.0,3862.4,4091.9,34746
2026-09-07,TDPOWERSYS,TD POWER SYSTEMS LTD.,740.0,754.7,728.1,734.15,740.1,925420
2026-09-07,TEAMGTY,TEAM INDIA GUARANTY LTD,243.6,243.6,235.0,235.03,235.29,661
2026-09-07,TEAMLEASE,TEAMLEASE SERVICES LTD.,1285.0,1309.2,1261.1,1279.2,1250.6,36478
2026-09-07,TECHM,TECH MAHINDRA LIMITED,1575.1,1593.6,1545.3,1564.0,1596.9,2028588
2026-09-07,TECHNOE,TECHNO ELEC & ENG CO. LTD,983.0,986.75,957.25,962.5,979.5,129751
2026-09-07,TIIL,TECHNOCRAFT IND LTD,3194.0,3262.8,3137.6,3166.4,3194.6,20927
2026-09-07,TECHNOCRAF,TECHNOCRAFT VENTURES LTD,365.0,397.4,363.1,388.95,366.1,2343237
2026-09-07,TECHNVISN,TECHNVISION VENTURES LTD.,4917.5,4918.5,4710.5,4792.5,4917.5,537
2026-09-07,TECILCHEM,TECIL CHEMICALS,9.72,10.17,9.4,9.5,9.72,13279
2026-09-07,TEGA,TEGA INDUSTRIES LIMITED,1560.0,1638.0,1540.1,1603.5,1548.0,634918
2026-09-07,TEJASNET,TEJAS NETWORKS LIMITED,615.0,616.2,590.05,593.6,614.15,3912391
2026-09-07,TEMBO,TEMBO GLOBAL IND LTD,59.75,60.5,57.61,58.43,58.47,4643901
2026-09-07,TEMPSENS,TEMPSENS INST (INDIA) LTD,559.0,559.0,540.0,546.2,554.8,1663376
2026-09-07,TENNIND,TENNECO CLEAN AIR INDIA L,520.0,522.85,514.5,515.45,517.55,229138
2026-09-07,TERASOFT,TERA SOFTWARE LIMITED,286.2,286.2,271.0,273.25,283.4,26187
2026-09-07,TERAI,TERAI TEA CO. LTD.,121.43,140.0,121.43,130.7,121.43,1019
2026-09-07,TEXINFRA,TEXMACO INFRA & HOLDG LTD,113.9,121.8,113.0,119.26,115.02,411113
2026-09-07,TEXRAIL,TEXMACO RAIL & ENG. LTD.,117.45,123.9,117.25,119.46,115.99,9209299
2026-09-07,TEXMOPIPES,TEXMO PIPE & PRODUCTS LTD,47.3,55.47,47.25,54.18,46.23,2193984
2026-09-07,TGBHOTELS,TGB BANQUETS&HOTELS LTD,9.48,9.89,9.3,9.56,9.48,4414
2026-09-07,THACKER,THACKER & CO. LTD.,1080.0,1100.0,1016.0,1016.0,1050.0,64
2026-09-07,THAKDEV,THAKKERS DEVELOPERS LTD.,141.0,149.99,140.0,149.99,144.0,233
2026-09-07,THANGAMAYL,THANGAMAYIL JEWELLERY LTD,5332.0,5505.0,5311.0,5474.0,5332.0,93135
2026-09-07,ANUP,THE ANUP ENGINEERING LTD,1784.0,1791.2,1766.0,1770.6,1785.8,11158
2026-09-07,GESHIP,THE GE SHPG.LTD,1369.0,1389.2,1352.0,1376.7,1369.7,888277
2026-09-07,GROBTEA,THE GROB TEA COMPANY LTD,965.9,974.0,949.9,959.15,977.65,174
2026-09-07,INDIACEM,THE INDIA CEMENTS LIMITED,362.0,362.2,355.0,356.1,362.5,33475
2026-09-07,INDHOTEL,THE INDIAN HOTELS CO. LTD,719.9,720.45,709.2,716.2,720.0,2137419
2026-09-07,THEINVEST,THE INVEST TRUST OF IND L,95.23,99.0,94.1,97.89,95.0,8725
2026-09-07,NIACL,THE NEW INDIA ASSU CO LTD,233.9,242.6,224.31,231.2,229.91,23442397
2026-09-07,PKTEA,THE P K TEA PROD CO LTD,808.0,963.15,808.0,963.15,802.65,13475
2026-09-07,PHOENIXLTD,THE PHOENIX MILLS LTD,1942.0,1942.0,1899.1,1905.0,1942.0,253740
2026-09-07,RAMCOCEM,THE RAMCO CEMENTS LIMITED,884.55,890.0,868.0,871.5,884.5,156814
2026-09-07,RUBYMILLS,THE RUBY MILLS LTD,446.1,499.05,435.0,457.0,428.3,175583
2026-09-07,SOUTHBANK,THE SOUTH INDIAN BANK LTD,47.3,47.67,46.5,46.54,47.29,4949017
2026-09-07,STCINDIA,THE STATE TRADING CORPN,115.75,115.75,114.01,114.27,115.28,14553
2026-09-07,UGARSUGAR,THE UGAR SUGAR WORKS LTD,54.0,55.85,53.82,54.19,53.35,656681
2026-09-07,WIPL,THE WESTERN INDIA PLY LTD,162.0,166.99,162.0,164.52,167.99,1359
2026-09-07,THEJO,THEJO ENGINEERING LIMITED,2125.9,2195.0,2100.1,2160.2,2125.3,19040
2026-09-07,THEMISMED,THEMIS MEDICARE LTD.,121.38,140.6,119.17,133.07,120.42,4732951
2026-09-07,THERMAX,THERMAX LTD,3638.0,3670.0,3593.3,3622.0,3637.6,141581
2026-09-07,TIRUMALCHM,THIRUMALAI CHEMICALS LTD,157.02,158.98,154.32,154.98,157.19,229828
2026-09-07,THOMASCOOK,THOMAS COOK (INDIA) LTD,112.0,115.7,111.0,112.52,111.65,1879256
2026-09-07,THOMASCOTT,THOMAS SCOTT (INDIA) LTD,264.95,267.8,256.05,259.65,262.75,39653
2026-09-07,THYROCARE,THYROCARE TECH LTD,573.75,580.75,566.2,573.15,576.15,243176
2026-09-07,TIGERLOGS,TIGER LOGISTICS (INDIA) L,28.61,29.37,28.01,28.08,28.61,56684
2026-09-07,TI,TILAKNAGAR INDUSTRIES LTD,532.0,545.6,520.0,533.25,535.1,451824
2026-09-07,TIMETECHNO,TIME TECHNOPLAST LTD.,188.41,188.41,182.99,184.53,188.49,1326457
2026-09-07,TIMEX,TIMEX GROUP INDIA LTD.,672.1,672.15,617.6,628.3,669.85,616321
2026-09-07,TIMKEN,TIMKEN INDIA LTD.,3148.0,3150.0,3085.0,3098.7,3125.3,18234
2026-09-07,TINNARUBR,TINNA RUBBER AND INFR LTD,1038.2,1038.2,995.35,1012.9,1028.2,49466
2026-09-07,TIPSFILMS,TIPS FILMS LIMITED,330.15,337.85,326.05,328.15,331.0,2447
2026-09-07,TIPSMUSIC,TIPS MUSIC LIMITED,649.75,652.0,641.2,643.7,649.75,156576
2026-09-07,TITAGARH,TITAGARH RAIL SYSTEMS LTD,878.75,901.55,866.0,896.45,871.85,1383593
2026-09-07,TITAN,TITAN COMPANY LIMITED,5010.0,5028.0,4958.5,4995.0,5020.0,480336
2026-09-07,TOKYOPLAST,TOKYO PLAST INTL LTD,76.5,76.5,74.99,75.99,76.51,683
2026-09-07,TOLINS,TOLINS TYRES LIMITED,91.3,92.7,91.01,92.26,91.98,31998
2026-09-07,TORNTPHARM,TORRENT PHARMACEUTICALS L,4857.0,4915.0,4823.0,4914.0,4857.0,229459
2026-09-07,TORNTPOWER,TORRENT POWER LTD,1307.0,1323.0,1271.2,1275.7,1299.1,349676
2026-09-07,TOTAL,TOTAL TRANSPORT SYS LTD,69.03,77.95,69.03,74.14,70.88,29615
2026-09-07,TOUCHWOOD,TOUCHWOOD ENTERTAIN LTD.,63.48,63.48,60.5,62.0,62.81,413
2026-09-07,TFCILTD,TOURISM FINANCE CORP. OF,143.0,145.04,139.1,140.9,143.26,4618937
2026-09-07,TOYAMSL,TOYAM SPORTS LTD.,0.62,0.62,0.61,0.61,0.61,251250
2026-09-07,TPLPLASTEH,TPL PLASTECH LIMITED,71.73,72.25,68.4,68.61,71.74,203179
2026-09-07,TRACXN,TRACXN TECHNOLOGIES LTD,29.96,30.08,29.17,29.68,29.96,218499
2026-09-07,TARIL,TRANS & RECTI. LTD,302.1,303.8,296.7,299.65,300.95,746125
2026-09-07,TRANSCOR,TRANSCORP INTERNATIONAL L,25.61,25.61,24.48,25.14,25.49,2423
2026-09-07,TREL,TRANSINDIA REAL ESTATE L,27.69,27.9,26.95,27.18,27.44,122858
2026-09-07,TCI,TRANSPORT CORPN OF INDIA,868.2,885.5,858.05,863.95,868.2,30299
2026-09-07,TRANSRAILL,TRANSRAIL LIGHTING LTD,430.0,436.9,418.0,419.55,429.3,639224
2026-09-07,TFL,TRANSWARRANTY FIN. LTD.,12.48,12.55,11.9,11.91,12.36,19420
2026-09-07,TRAVELFOOD,TRAVEL FOOD SERVICES LTD,1296.5,1312.4,1280.2,1285.3,1296.3,22411
2026-09-07,TREEHOUSE,TREE HOUSE EDU LTD,6.3,6.35,6.06,6.1,6.29,13741
2026-09-07,TREJHARA,TREJHARA SOLUTIONS LTD,151.25,152.49,144.02,147.19,152.01,21367
2026-09-07,TRENT,TRENT LTD,2850.0,2854.4,2772.5,2814.5,2853.0,1021019
2026-09-07,TRF,TRF LIMITED,231.7,235.99,230.0,235.13,231.59,14703
2026-09-07,TBZ,TRIB BHIMJI ZAVERI LTD,528.9,528.9,528.9,528.9,480.85,318752
2026-09-07,TRIDENT,TRIDENT LIMITED,24.17,24.23,23.92,23.98,24.16,2135046
2026-09-07,TRIGYN,TRIGYN TECHNOLOGIES LTD,58.7,60.25,58.3,59.88,58.97,30944
2026-09-07,TRITONV,TRITON VALVES LTD.,1138.1,1152.6,1129.6,1140.5,1136.1,1897
2026-09-07,TRIVENI,TRIVENI ENGG. & INDS. LTD,277.05,283.95,273.15,276.1,275.65,626456
2026-09-07,TRITURBINE,TRIVENI TURBINE LIMITED,577.3,578.9,565.5,568.75,577.3,209558
2026-09-07,TRUALT,TRUALT BIOENERGY LIMITED,425.95,433.85,420.0,424.1,425.25,73764
2026-09-07,TRU,TRUCAP FINANCE LIMITED,4.05,4.11,3.94,4.1,4.05,140699
2026-09-07,TSFINV,TSF INVESTMENTS LIMITED,405.45,410.25,400.5,403.6,404.7,36179
2026-09-07,TTKHLTCARE,TTK HEALTHCARE LIMITED,1105.0,1128.0,1085.1,1091.1,1100.2,62317
2026-09-07,TTKPRESTIG,TTK PRESTIGE LTD,562.8,567.0,545.0,548.0,562.75,66655
2026-09-07,TIINDIA,TUBE INVEST OF INDIA LTD,2690.0,2709.0,2679.0,2683.0,2698.0,121565
2026-09-07,TURTLEMINT,TURTLEMINT FINTECH SOLS L,144.08,145.09,140.19,142.42,144.08,553335
2026-09-07,TUTIALKA,TUTICORIN ALKAL CH & FE L,61.84,61.9,58.61,59.74,60.36,9023
2026-09-07,TVTODAY,TV TODAY NETWORK LTD,110.95,111.48,107.62,110.68,110.95,28994
2026-09-07,TVSELECT,TVS ELECTRONICS LTD,422.5,423.35,417.0,418.8,420.85,15849
2026-09-07,TVSHLTD,TVS HOLDINGS LIMITED,13774.0,14170.0,13601.0,13748.0,13374.0,26789
2026-09-07,TVSMOTOR,TVS MOTOR COMPANY  LTD,4127.0,4159.9,4100.7,4132.0,4133.1,353313
2026-09-07,TVSSRICHAK,TVS SRICHAKRA LIMITED,5230.5,5370.0,5230.5,5305.0,5237.5,6409
2026-09-07,TVSSCS,TVS SUPPLY CHAIN SOL L,130.95,132.99,127.84,129.05,130.41,429219
2026-09-07,UPHOT,U P HOTELS LTD.,1355.0,1355.0,1320.0,1330.0,1387.0,613
2026-09-07,UCOBANK,UCO BANK,24.75,24.9,24.32,24.42,24.78,4573497
2026-09-07,UDAYJEW,UDAY JEWELLERY INDS. LTD.,168.4,171.6,148.0,167.58,143.0,638490
2026-09-07,USK,UDAYSHIVAKUMAR INFRA LTD,21.41,21.41,20.36,20.9,20.99,33012
2026-09-07,UFLEX,UFLEX LIMITED,684.15,685.5,668.0,682.7,675.6,152186
2026-09-07,UFO,UFO MOVIEZ INDIA LTD.,66.2,66.2,64.0,64.51,65.09,47044
2026-09-07,UGROCAP,UGRO CAPITAL LIMITED,86.35,87.25,84.92,85.42,86.35,117768
2026-09-07,UEL,UJAAS ENERGY LIMITED,245.8,245.8,229.52,229.52,241.6,34311
2026-09-07,UJJIVANSFB,UJJIVAN SMALL FINANC BANK,64.51,65.4,63.56,65.09,64.43,9339056
2026-09-07,ULTRAMAR,ULTRAMARINE & PIGMENTS L,437.15,441.7,428.0,429.4,437.15,41522
2026-09-07,ULTRACEMCO,ULTRATECH CEMENT LIMITED,11370.0,11370.0,11175.0,11175.0,11408.0,214788
2026-09-07,UMIYA-MRO,UMIYA BUILDCON LIMITED,108.0,109.0,104.0,104.82,104.42,41787
2026-09-07,UNICHEMLAB,UNICHEM LABORATORIES LTD,550.2,591.25,548.0,569.75,550.2,309037
2026-09-07,UNIECOM,UNICOMMERCE ESOLUTIONS L,88.38,88.38,85.0,85.36,87.62,288190
2026-09-07,UNIINFO,UNIINFO TELECOM SERVI LTD,11.0,11.2,10.62,11.06,11.0,1078
2026-09-07,UNIMECH,UNIMECH AEROSPACE N MFG L,1513.0,1528.0,1489.0,1495.7,1502.7,169474
2026-09-07,UNIONBANK,UNION BANK OF INDIA,186.5,188.45,183.2,186.04,187.22,12010754
2026-09-07,UNIONGOLD,UNIONAMC - UNIONGOLD,150.0,150.15,147.55,148.75,150.2,1064
2026-09-07,UNIPARTS,UNIPARTS INDIA LIMITED,865.8,906.85,865.8,902.1,874.05,165683
2026-09-07,UNIENTER,UNIPHOS ENTERPRISES LTD,92.0,95.5,92.0,92.85,93.19,4658
2026-09-07,UNITECH,UNITECH LTD,4.24,4.44,4.16,4.22,4.08,17838014
2026-09-07,UBL,UNITED BREWERIES LTD,1283.8,1305.1,1275.3,1291.0,1279.4,181984
2026-09-07,UNITEDTEA,UNITED NILGIRI TEA LTD,447.8,447.8,440.3,441.95,442.8,5946
2026-09-07,UNITEDPOLY,UNITED POLYFAB GUJ. LTD.,42.0,43.0,41.25,42.88,41.66,182224
2026-09-07,UNITDSPR,UNITED SPIRITS LIMITED,1457.9,1468.4,1431.5,1440.0,1471.7,377003
2026-09-07,UNIVCABLES,UNIVERSAL CABLES LTD,1560.8,1586.2,1477.0,1487.6,1576.3,287909
2026-09-07,UNOMINDA,UNO MINDA LIMITED,1245.0,1252.1,1221.2,1241.7,1249.7,390846
2026-09-07,UDS,UPDATER SERVICES LIMITED,239.0,239.5,216.2,217.84,239.03,398512
2026-09-07,UPL,UPL LIMITED,580.1,586.75,573.0,573.0,582.15,1754057
2026-09-07,URBANCO,URBAN COMPANY LIMITED,181.84,182.86,175.25,176.06,181.09,4774283
2026-09-07,URJA,URJA GLOBAL LIMITED,9.07,9.2,9.0,9.12,9.18,594104
2026-09-07,UMESLTD,USHA MARTIN EDU & SOL LTD,5.19,5.19,4.92,5.09,5.09,22429
2026-09-07,USHAMART,USHA MARTIN LTD.,514.15,515.1,498.45,500.3,514.15,545048
2026-09-07,UTIAMC,UTI ASSET MNGMT CO LTD,883.7,892.75,879.0,889.95,880.55,64072
2026-09-07,LIQUIDBETA,UTIAMC - LIQUIDBETA,981.86,1019.0,981.86,1007.14,1007.04,127
2026-09-07,NIF500BETA,UTIAMC - NIF500BETA,38.29,38.3,37.21,37.24,37.54,2978
2026-09-07,BANKBETA,UTIAMC-BANKBETA,59.48,59.52,58.94,59.04,59.57,233415
2026-09-07,GILT10BETA,UTIAMC-GILT10BETA,27.11,27.6,26.23,26.4,26.58,503607
2026-09-07,GILT5BETA,UTIAMC-GILT5BETA,67.6,69.0,65.81,66.94,66.94,202427
2026-09-07,ITBETA,UTIAMC-ITBETA,318.2,318.27,314.67,316.25,322.95,1297
2026-09-07,MIDCAPBETA,UTIAMC-MIDCAPBETA,233.5,234.62,232.73,233.48,233.21,781
2026-09-07,NEXT50BETA,UTIAMC-NEXT50BETA,79.05,79.44,78.5,78.66,79.05,77235
2026-09-07,NIFTYBETA,UTIAMC-NIFTYBETA,269.7,269.7,263.62,263.89,265.73,13709
2026-09-07,SENSEXBETA,UTIAMC-SENSEXBETA,850.89,851.5,843.0,843.38,850.89,1030
2026-09-07,SILVERBETA,UTIAMC-SILVERBETA,223.49,223.49,220.67,222.04,224.83,369041
2026-09-07,SNXT50BETA,UTIAMC-SNXT50BETA,92.6,95.98,92.6,94.03,94.98,3237
2026-09-07,GOLDBETA,UTIAMC-UTIGOLDBETA,128.2,128.25,127.0,128.0,129.5,1004130
2026-09-07,UTKARSHBNK,UTKARSH SMALL FIN BANK L,14.64,15.1,14.4,15.03,14.56,8467823
2026-09-07,UTTAMSUGAR,UTTAM SUGAR MILLS LTD.,283.45,294.0,281.2,284.0,281.2,343123
2026-09-07,VTMLTD,V T M LTD.,58.9,58.9,55.5,56.49,56.12,10946
2026-09-07,VGUARD,V-GUARD IND LTD.,333.9,335.45,330.85,332.55,335.4,382618
2026-09-07,V2RETAIL,V2 RETAIL LIMITED,220.0,225.7,217.69,222.42,216.5,3160103
2026-09-07,WABAG,VA TECH WABAG LTD,2029.0,2064.8,1985.3,2008.0,2005.3,388707
2026-09-07,VADILENT,VADILAL ENTERPRISES LTD.,10399.0,10950.0,10399.0,10730.0,10045.0,22
2026-09-07,VADILALIND,VADILAL INDUSTRIES LTD,7629.0,7692.5,7456.0,7505.5,7655.0,21025
2026-09-07,VAIBHAVGBL,VAIBHAV GLOBAL LIMITED,218.0,220.07,215.7,216.49,218.74,194020
2026-09-07,VAISHALI,VAISHALI PHARMA LIMITED,8.53,8.53,8.21,8.37,8.32,91770
2026-09-07,VAKRANGEE,VAKRANGEE LIMITED,5.79,5.81,5.61,5.66,5.79,1770839
2026-09-07,DBREALTY,VALOR ESTATE LIMITED,103.25,103.25,100.12,100.88,102.57,833894
2026-09-07,VHL,VARDHMAN HOLDINGS LIMITED,3576.0,3675.0,3576.0,3620.8,3626.4,193
2026-09-07,VARDMNPOLY,VARDHMAN POLYTEX LTD.,5.91,5.98,5.8,5.89,5.87,62048
2026-09-07,VSSL,VARDHMAN SPC STEEL LTD,363.9,370.0,355.3,356.45,364.15,70989
2026-09-07,VTL,VARDHMAN TEXTILES LIMITED,592.0,598.5,586.4,590.2,598.2,209417
2026-09-07,VARROC,VARROC ENGINEERING LTD.,821.05,832.0,813.0,827.05,826.35,154732
2026-09-07,VBL,VARUN BEVERAGES LIMITED,406.0,407.6,404.0,405.95,407.6,5062827
2026-09-07,VGL,VARVEE GLOBAL LIMITED,52.43,55.81,51.5,53.52,53.31,47866
2026-09-07,VASCONEQ,VASCON ENGINEERS LTD,30.56,30.79,30.0,30.09,30.47,143213
2026-09-07,VASWANI,VASWANI IND LTD,47.49,47.49,45.51,45.85,47.01,26758
2026-09-07,MANYAVAR,VEDANT FASHIONS LIMITED,597.1,598.2,583.55,586.25,594.2,271674
2026-09-07,VAML,VEDANTA ALUMINIUM METAL L,438.0,440.0,434.25,438.9,437.75,3188490
2026-09-07,VISL,VEDANTA IRON AND STEEL L,35.76,36.34,34.52,34.64,35.39,21758859
2026-09-07,VEDL,VEDANTA LIMITED,272.1,272.5,267.0,268.0,272.1,4892640
2026-09-07,VOGL,VEDANTA OIL AND GAS LTD,38.02,38.09,36.8,36.94,38.02,26950606
2026-09-07,VEDPOWER,VEDANTA POWER LIMITED,34.2,34.54,33.75,34.12,34.2,12155109
2026-09-07,VEDAVAAG,VEDAVAAG SYSTEMS LTD.,18.3,18.5,17.0,18.15,18.17,31991
2026-09-07,VEEDOL,VEEDOL CORPORATION LTD,1464.0,1481.0,1452.2,1456.3,1476.8,6133
2026-09-07,VENKEYS,VENKY S (INDIA) LIMITED,1640.8,1670.9,1631.6,1648.3,1659.6,40538
2026-09-07,VENTIVE,VENTIVE HOSPITALITY LTD,604.5,604.5,578.0,580.55,588.2,12470
2026-09-07,VENUSPIPES,VENUS PIPES & TUBES LTD,1639.8,1821.0,1639.8,1805.4,1631.0,603283
2026-09-07,VERANDA,VERANDA LEARNING SOL LTD,244.0,246.63,241.0,241.81,242.63,113164
2026-09-07,VERTOZ,VERTOZ LIMITED,38.2,38.67,36.27,37.04,37.66,43316
2026-09-07,VESUVIUS,VESUVIUS INDIA LTD,422.4,424.9,416.8,419.55,419.15,70358
2026-09-07,VSTL,VIBHOR STEEL TUBES LTD,118.01,123.15,118.01,121.75,117.66,37905
2026-09-07,VGCL,VIBRANT GLOBAL CAPITAL L,52.62,53.37,50.15,50.98,52.62,5319
2026-09-07,VIDHIING,VIDHI SPCLTY F INGRDNTS L,351.0,355.95,348.0,349.0,347.75,11998
2026-09-07,VIDYAWIRES,VIDYA WIRES LIMITED,90.9,90.99,87.55,88.15,90.13,876024
2026-09-07,VIJSOLX,VIJAY SOLVEX LTD.,684.25,687.0,677.8,682.1,687.7,99
2026-09-07,VIJAYA,VIJAYA DIAGNOSTIC CEN LTD,1493.2,1527.5,1487.9,1497.5,1493.2,101311
2026-09-07,VIKASECO,VIKAS ECOTECH LIMITED,1.07,1.08,1.06,1.07,1.07,1477986
2026-09-07,VIKASLIFE,VIKAS LIFECARE LIMITED,1.29,1.3,1.26,1.29,1.29,1692409
2026-09-07,VIKRAMSOLR,VIKRAM SOLAR LIMITED,168.6,168.85,165.25,165.81,168.45,2014976
2026-09-07,VIKRAN,VIKRAN ENGINEERING LTD,61.0,61.37,59.88,60.6,60.77,1147055
2026-09-07,VIMTALABS,VIMTA LABS LIMITED,636.0,644.65,633.15,640.65,635.65,109952
2026-09-07,VINATIORGA,VINATI ORGANICS LTD,1312.2,1315.7,1295.6,1298.9,1310.7,44434
2026-09-07,VINDHYATEL,VINDHYA TELELINKS LTD,2755.0,2952.6,2750.3,2765.0,2732.7,214917
2026-09-07,VINEETLAB,VINEET LABORATORIES LTD,37.9,38.3,37.17,37.28,37.37,70769
2026-09-07,VINNY,VINNY OVERSEAS LIMITED,1.02,1.04,1.0,1.01,1.02,431438
2026-09-07,VINCOFE,VINTAGE COFFEE N BVRGS L,170.58,185.5,170.48,178.88,170.65,4026692
2026-09-07,VINYLINDIA,VINYL CHEMICALS (I) LTD.,227.6,232.3,227.0,228.68,232.38,5175
2026-09-07,VIPCLOTHNG,VIP CLOTHING LIMITED,20.15,20.7,20.1,20.16,20.15,36857
2026-09-07,VIPIND,VIP INDUSTRIES LTD,314.05,325.45,312.8,320.5,314.05,613544
2026-09-07,VIRAT,VIRAT INDUSTRIES LTD.,429.0,440.95,404.4,433.2,423.35,6095
2026-09-07,VIRINCHI,VIRINCHI LIMITED,14.5,14.9,14.11,14.31,14.7,163647
2026-09-07,VOEPL,VIRTUOSO OPTOELECTRONIC L,553.2,574.95,538.6,543.15,553.2,99932
2026-09-07,VISACHROME,VISA CHROME LIMITED,37.47,39.45,36.66,36.73,38.34,135928
2026-09-07,VIVIDHA,VISAGAR POLYTEX LTD,0.52,0.54,0.51,0.51,0.52,127511
2026-09-07,VISAKAIND,VISAKA INDUSTRIES LIMITED,96.0,96.0,91.28,92.17,93.37,303340
2026-09-07,VISHAL,VISHAL FABRICS LTD.,19.13,19.5,17.35,18.24,18.67,81605
2026-09-07,VMM,VISHAL MEGA MART LIMITED,106.15,106.57,103.06,104.0,106.14,19261503
2026-09-07,VISHNU,VISHNU CHEMICALS LIMITED,700.0,744.0,698.0,726.5,702.0,401102
2026-09-07,VPRPL,VISHNU PRAKASH R PUNGLI L,36.38,36.44,34.0,34.27,36.28,480055
2026-09-07,VISHWARAJ,VISHWARAJ SUGAR IND LTD,5.91,6.22,5.9,5.96,5.9,862570
2026-09-07,VITAL,VITAL CHEMTECH LIMITED,57.0,58.0,54.1,56.59,55.72,4143
2026-09-07,VIVIANA,VIVIANA POWER TECH LTD,816.0,830.0,773.0,776.55,804.7,41040
2026-09-07,VIVOBIOT,VIVO BIO TECH LTD.,19.0,19.08,18.42,18.99,18.8,39076
2026-09-07,VIYASH,VIYASH SCIENTIFIC LIMITED,266.5,266.9,262.55,263.65,265.85,2271312
2026-09-07,VLEGOV,VL E GOV AND IT SOL LTD,10.98,10.98,10.26,10.47,10.61,99020
2026-09-07,VLSFINANCE,VLS FINANCE LTD,245.0,247.8,244.0,244.43,246.44,5921
2026-09-07,VMART,VMART RETAIL LTD,829.35,831.9,815.0,826.2,824.2,58090
2026-09-07,VMSTMT,VMS TMT LIMITED,45.45,45.6,44.1,44.58,45.46,29817
2026-09-07,IDEA,VODAFONE IDEA LIMITED,15.09,15.68,15.06,15.6,15.02,695355022
2026-09-07,VOITHPAPR,VOITH PAPER FABRICS IND L,1487.9,1488.0,1436.0,1475.5,1458.6,361
2026-09-07,VOLTAMP,VOLTAMP TRANSFORMERS LTD,11500.0,11502.0,10951.0,11067.0,11418.0,35462
2026-09-07,VOLTAS,VOLTAS LTD,1170.0,1176.4,1164.4,1167.2,1170.0,402813
2026-09-07,VRAJ,VRAJ IRON AND STEEL LTD,121.53,124.0,121.53,122.14,121.71,9594
2026-09-07,VRLLOG,VRL LOGISTICS LIMITED,297.7,298.9,291.15,292.75,297.7,144481
2026-09-07,VSTIND,VST INDUSTRIES LTD,208.0,208.5,205.97,206.96,208.15,94351
2026-09-07,VSTTILLERS,VST TILLERS TRACTORS LTD,4208.5,4208.8,4113.0,4131.9,4187.6,6410
2026-09-07,WHBRADY,W H BRADY & CO. LTD.,493.0,497.0,493.0,495.5,482.2,12
2026-09-07,WPIL,W P I L LTD.,445.0,445.0,433.0,435.3,443.9,31690
2026-09-07,WSI,W.S.INDUSTRIES (I) LTD.,60.5,61.31,59.71,61.0,60.37,83914
2026-09-07,WAAREEENER,WAAREE ENERGIES LIMITED,2626.0,2653.0,2590.0,2593.0,2635.0,382404
2026-09-07,WAAREERTL,WAAREE RENEWABLE TECH LTD,851.4,857.8,848.8,852.6,858.95,78010
2026-09-07,WAKEFIT,WAKEFIT INNOVATIONS LTD,152.28,157.48,151.7,155.34,151.55,1054577
2026-09-07,WALCHANNAG,WALCHANDNAGAR INDUSTRIES,208.61,225.5,206.91,223.36,208.61,2190611
2026-09-07,WANBURY,WANBURY LIMITED,243.1,253.0,240.0,250.55,246.2,140282
2026-09-07,WARDINMOBI,WARDWIZARD INNO & MOB L,5.94,5.98,4.69,5.77,5.86,385034
2026-09-07,WATERBASE,WATERBASE LTD.,49.0,49.84,47.71,48.49,48.63,23118
2026-09-07,CORDELIA,WATERWAYS LEISURE TOUR L,103.9,109.09,102.01,109.08,103.9,3042994
2026-09-07,WEWIN,WE WIN LIMITED,41.0,43.9,41.0,41.97,41.91,907
2026-09-07,TWCGOLDETF,WEALTH - TWCGOLDETF,152.93,152.93,149.93,151.22,152.93,3316
2026-09-07,WEALTH,WEALTH FRST PORT. MG. LTD,841.7,852.7,832.0,839.25,841.7,1513
2026-09-07,WEBELSOLAR,WEBSOL ENERGY SYSTEM LTD,74.0,75.81,73.9,75.21,74.53,1728404
2026-09-07,WEIZMANIND,WEIZMANN LTD,74.5,75.85,72.5,73.37,74.5,802
2026-09-07,WELCORP,WELSPUN CORP LIMITED,2584.9,2674.8,2536.8,2597.9,2590.6,1503451
2026-09-07,WELENT,WELSPUN ENTERPRISES LTD.,813.6,815.2,772.5,783.5,813.6,621082
2026-09-07,WELSPUNLIV,WELSPUN LIVING LIMITED,210.0,216.0,209.02,211.95,208.51,6124120
2026-09-07,WELSPLSOL,WELSPUN SPECIALTY SOL L,60.44,61.99,58.5,58.99,59.55,2204084
2026-09-07,WENDT,WENDT (INDIA) LIMITED,8160.0,8420.0,8113.5,8340.0,8160.0,8810
2026-09-07,WSTCSTPAPR,WEST COAST PAPER MILLS LT,648.5,693.0,644.55,687.5,650.25,605527
2026-09-07,WCIL,WESTERN CARRIERS (IND) L,84.0,84.45,82.5,82.78,83.38,55033
2026-09-07,WESTLIFE,WESTLIFE FOODWORLD LTD,528.0,538.85,520.2,533.05,530.6,32363
2026-09-07,WEWORK,WEWORK INDIA MANAGEMENT L,666.95,688.35,666.55,675.35,666.95,160167
2026-09-07,WHEELS,WHEELS INDIA LTD,1740.0,1799.9,1713.1,1755.4,1724.9,341864
2026-09-07,WHIRLPOOL,WHIRLPOOL OF INDIA LTD,818.4,825.0,809.0,815.35,815.95,199585
2026-09-07,WILLAMAGOR,WILLIAMSON MAGOR,25.4,25.4,23.5,23.76,25.4,10152
2026-09-07,WINDLAS,WINDLAS BIOTECH LIMITED,1150.0,1181.9,1145.0,1154.75,1126.35,275989
2026-09-07,WINDMACHIN,WINDSOR MACHINES LIMITED,303.1,316.15,302.05,310.5,304.25,94815
2026-09-07,WIPRO,WIPRO LTD,175.89,176.47,172.65,172.8,176.4,10720636
2026-09-07,WOCKPHARMA,WOCKHARDT LIMITED,2112.5,2236.0,2076.2,2208.0,2088.7,4319658
2026-09-07,WEL,WONDER ELECTRICALS LTD,75.5,76.68,72.23,72.23,76.03,1602669
2026-09-07,WONDERLA,WONDERLA HOLIDAYS LTD.,538.6,538.6,521.1,526.3,533.9,40911
2026-09-07,WORTHPERI,WORTH PERIPHERALS LIMITED,150.3,156.5,150.3,154.99,154.99,3939
2026-09-07,XCHANGING,XCHANGING SOLUTIONS LTD,61.38,64.8,60.63,64.3,61.4,325705
2026-09-07,XELPMOC,XELPMOC DESIGN & TECH LTD,80.0,81.0,77.48,78.08,80.14,13772
2026-09-07,XPROINDIA,XPRO INDIA LIMITED,1326.0,1408.7,1326.0,1362.0,1325.1,340774
2026-09-07,XTGLOBAL,XTGLOBAL INFOTECH LIMITED,31.06,32.45,31.0,32.0,31.69,71432
2026-09-07,XTRANET,XTRANET TECHNOLOGIES LTD,242.0,281.08,236.58,279.83,234.24,13668382
2026-09-07,YASHO,YASHO INDUSTRIES LIMITED,4134.1,4162.5,3958.1,3987.8,4134.1,28306
2026-09-07,YATHARTH,YATHARTH HOSP & TRA C S L,995.0,1019.0,985.6,994.8,991.1,357062
2026-09-07,YATRA,YATRA ONLINE LIMITED,113.0,117.45,112.2,114.97,113.49,1530727
2026-09-07,YESBANK,YES BANK LIMITED,22.44,22.59,22.28,22.42,22.5,33364009
2026-09-07,YOGI,YOGI LTD.,163.4,163.4,155.0,163.25,163.45,4221
2026-09-07,YUKEN,YUKEN INDIA LIMITED,1015.85,1024.05,994.3,1005.6,1010.8,9288
2026-09-07,ZFSTEERING,Z F STEERING GEAR (I) LTD,678.0,678.0,652.2,668.5,667.5,9550
2026-09-07,ZAGGLE,ZAGGLE PREPA OCEAN SER L,180.65,184.5,177.0,183.49,180.77,1176464
2026-09-07,ZEEL,ZEE ENTERTAINMENT ENT LTD,88.0,89.0,85.42,85.99,91.61,42609965
2026-09-07,ZEEMEDIA,ZEE MEDIA CORPORATION LTD,8.2,8.22,7.77,7.94,8.22,5318153
2026-09-07,ZENTEC,ZEN TECHNOLOGIES LIMITED,1801.4,1842.0,1780.0,1794.6,1801.4,344083
2026-09-07,ZENITHEXPO,ZENITH EXPORTS LTD,207.0,214.0,193.9,196.57,204.1,1681
2026-09-07,ZENITHSTL,ZENITH STEEL PIP IND LTD,6.15,6.5,5.8,6.03,5.9,377098
2026-09-07,ZENSARTECH,ZENSAR TECHNOLOGIES  LTD,462.7,463.1,450.0,453.85,461.55,659073
2026-09-07,GOLDCASE,ZERODHAAMC - GOLDCASE,24.11,24.11,23.74,23.9,24.21,13980715
2026-09-07,LIQUIDCASE,ZERODHAAMC - LIQUIDCASE,115.8,115.82,115.8,115.81,115.8,15135867
2026-09-07,LTGILTCASE,ZERODHAAMC - LTGILTCASE,31.02,31.02,30.31,30.45,30.41,146580
2026-09-07,MID150CASE,ZERODHAAMC - MID150CASE,11.79,11.79,11.51,11.63,11.68,1349390
2026-09-07,NIFTYCASE,ZERODHAAMC - NIFTYCASE,9.88,9.88,9.55,9.56,9.64,1224251
2026-09-07,SILVERCASE,ZERODHAAMC - SILVERCASE,23.33,23.4,23.2,23.31,23.61,6085242
2026-09-07,SML100CASE,ZERODHAAMC - SML100CASE,11.41,11.77,11.31,11.44,11.43,1144688
2026-09-07,TOP100CASE,ZERODHAAMC - TOP100CASE,10.43,10.74,10.42,10.47,10.54,857161
2026-09-07,ZFCVINDIA,ZF COM VE CTR SYS IND LTD,2550.4,2551.0,2471.1,2491.7,2551.9,49999
2026-09-07,ZIMLAB,ZIM LABORATORIES LIMITED,126.0,132.1,125.9,129.16,125.5,83808
2026-09-07,ZODIACLOTH,ZODIAC CLOTHING CO. LTD.,73.0,73.65,71.52,71.85,72.23,2628
2026-09-07,ZODIAC,ZODIAC ENERGY LIMITED,245.15,246.37,236.12,237.16,240.17,10640
2026-09-07,ZOTA,ZOTA HEALTH CARE LIMITED,1138.1,1138.1,1087.0,1089.7,1132.4,29556
2026-09-07,ZUARI,ZUARI AGRO CHEMICALS LTD,224.83,231.1,223.53,226.85,225.56,123314
2026-09-07,ZUARIIND,ZUARI INDUSTRIES LIMITED,276.45,286.5,274.8,280.4,276.45,98022
2026-09-07,ZYDUSLIFE,ZYDUS LIFESCIENCES LTD,1114.2,1163.0,1114.1,1156.9,1120.0,2107281
2026-09-07,ZYDUSWELL,ZYDUS WELLNESS LIMITED,537.3,581.0,536.65,555.35,531.7,7627303
