date,symbol,name,open,high,low,close,prev_close,volume
2026-09-17,20MICRONS,20 MICRONS LTD,203.96,208.97,203.23,205.71,203.23,56895
2026-09-17,21STCENMGM,21ST CENTURY MGMT SERVICE,39.1,39.1,37.7,38.62,38.37,4772
2026-09-17,360ONE,360 ONE WAM LIMITED,1041.0,1065.0,1037.1,1061.3,1045.6,442034
2026-09-17,GOLD360,360ONEAMC - GOLD360,147.2,147.55,146.25,147.25,147.35,3813
2026-09-17,MSCI360,360ONEAMC - MSCI360,9.84,9.88,9.63,9.86,9.87,40209
2026-09-17,SILVER360,360ONEAMC - SILVER360,220.2,224.3,220.2,223.42,225.16,5530
2026-09-17,3BBLACKBIO,3B BLACKBIO DX LTD.,1299.7,1317.1,1283.2,1290.8,1292.6,5794
2026-09-17,3MINDIA,3M INDIA LIMITED,32040.0,32640.0,31710.0,32530.0,31935.0,2039
2026-09-17,3PLAND,3P LAND HOLDINGS LIMITED,31.5,31.98,30.3,31.4,31.28,1763
2026-09-17,5PAISA,5PAISA CAPITAL LIMITED,317.65,323.75,313.0,315.4,316.85,21052
2026-09-17,63MOONS,63 MOONS TECHNOLOGIES LTD,840.05,887.6,839.35,872.65,848.15,268694
2026-09-17,ABCOTS,A B COTSPIN INDIA LIMITED,207.8,215.0,207.01,210.83,204.63,17379
2026-09-17,ABMKNO,A B M KNOWLEDGEWARE LTD.,175.01,178.0,174.0,174.37,171.04,452
2026-09-17,AKCAPIT,A K CAPITAL SERVICES LTD.,1734.3,1755.0,1704.8,1748.4,1715.4,888
2026-09-17,A2ZINFRA,A2Z INFRA ENGINEERING LTD,14.65,15.3,14.65,15.01,14.7,128009
2026-09-17,AAATECH,AAA TECHNOLOGIES LIMITED,93.0,93.0,83.8,84.57,92.54,203794
2026-09-17,AADHARHFC,AADHAR HOUSING FINANCE L,455.2,470.5,455.2,469.35,458.7,221612
2026-09-17,AAKASH,AAKASH EXPLORATION SER L,8.71,9.09,8.71,8.92,8.82,45636
2026-09-17,AAREYDRUGS,AAREY DRUGS & PHARM LTD,102.49,102.96,100.0,101.72,99.94,178022
2026-09-17,AARON,AARON INDUSTRIES LIMITED,125.34,126.98,121.8,124.42,124.71,3825
2026-09-17,AARTIDRUGS,AARTI DRUGS LTD.,419.2,437.7,419.2,428.35,424.3,120340
2026-09-17,AARTIIND,AARTI INDUSTRIES LTD,469.9,482.95,469.5,476.6,472.85,315130
2026-09-17,AARTIPHARM,AARTI PHARMALABS LIMITED,811.0,836.0,801.95,826.95,813.0,244047
2026-09-17,AARVI,AARVI ENCON LIMITED,141.49,142.9,138.0,140.82,140.07,6902
2026-09-17,AASTHA,AASTHA SPINTEX LIMITED,75.85,77.8,74.5,76.78,74.33,223352
2026-09-17,AAVAS,AAVAS FINANCIERS LIMITED,1272.5,1302.2,1272.5,1291.8,1282.5,36253
2026-09-17,ABANSENT,ABANS ENTERPRISES LTD.,26.03,27.0,25.65,26.61,27.0,14334
2026-09-17,AFSL,ABANS FINANCIAL SRVCS LTD,201.95,202.0,201.0,201.0,201.02,858
2026-09-17,ABB,ABB INDIA LIMITED,6980.0,7168.0,6975.5,7130.5,6980.0,207124
2026-09-17,ABBOTINDIA,ABBOTT INDIA LIMITED,26125.0,26280.0,25830.0,25910.0,26125.0,5141
2026-09-17,ACC,ACC LIMITED,1226.8,1240.4,1225.0,1232.5,1226.6,67608
2026-09-17,ACCELYA,ACCELYA SOLN INDIA LTD,1125.5,1125.7,1115.1,1122.0,1116.1,4835
2026-09-17,ACEINTEG,ACE INTEGRATED SOLU. LTD.,18.0,18.09,17.42,18.0,17.61,1662
2026-09-17,ACMESOLAR,ACME SOLAR HOLDINGS LTD,413.05,420.35,403.4,411.3,418.0,1167673
2026-09-17,ACE,ACTION CONST EQUIP LTD,1149.7,1213.2,1141.0,1205.6,1149.7,685925
2026-09-17,ACUTAAS,ACUTAAS CHEMICALS LIMITED,3343.0,3366.0,3282.0,3315.1,3344.7,182520
2026-09-17,ADANIENSOL,ADANI ENERGY SOLUTION LTD,1346.0,1386.8,1336.5,1386.8,1349.2,1185354
2026-09-17,ADANIENT,ADANI ENTERPRISES LIMITED,2930.1,2945.0,2907.0,2923.2,2920.0,588066
2026-09-17,ADANIGREEN,ADANI GREEN ENERGY LTD,1268.5,1291.0,1261.5,1274.2,1270.2,717317
2026-09-17,ADANIPORTS,ADANI PORT & SEZ LTD,1731.0,1738.8,1725.1,1738.3,1723.8,791353
2026-09-17,ADANIPOWER,ADANI POWER LTD,202.34,205.92,202.3,205.92,202.34,8794789
2026-09-17,ATGL,ADANI TOTAL GAS LIMITED,589.7,589.7,582.0,587.0,586.5,373871
2026-09-17,ADDIND,ADDI INDUSTRIES LTD.,79.0,84.0,73.05,78.45,79.0,31
2026-09-17,ADFFOODS,ADF FOODS LIMITED,267.15,276.0,264.1,267.75,267.15,147251
2026-09-17,ABSLAMC,ADIT BIRL SUN LIF AMC LTD,1055.6,1101.2,1042.6,1090.1,1058.4,206442
2026-09-17,ABCAPITAL,ADITYA BIRLA CAPITAL LTD.,382.0,391.55,381.45,390.0,381.3,2783223
2026-09-17,ABFRL,ADITYA BIRLA FASHION & RT,49.54,50.63,49.41,50.45,49.74,2416858
2026-09-17,ABLBL,ADITYA BIRLA LIFES BRAN L,82.2,84.18,81.88,82.41,82.4,1289753
2026-09-17,BIRLAMONEY,ADITYA BIRLA MONEY LTD,117.22,121.19,117.22,120.63,117.93,17513
2026-09-17,ABREL,ADITYA BIRLA REAL EST LTD,1233.4,1264.6,1231.9,1257.4,1233.4,85481
2026-09-17,CPPLUS,ADITYA INFOTECH LIMITED,3520.0,3549.4,3370.4,3378.4,3547.7,432389
2026-09-17,AVL,ADITYA VISION LIMITED,624.0,638.0,621.3,633.25,620.6,68801
2026-09-17,BSLGOLDETF,ADITYBIRLA SL GOLD ETF-GR,132.59,133.03,131.7,132.57,132.9,290109
2026-09-17,BSLNIFTY,ADITYBIRLA SL NIF ETF-GR,28.15,28.15,27.1,27.38,27.47,989867
2026-09-17,ADOR,ADOR WELDING LTD,1546.5,1589.0,1535.1,1564.3,1536.2,26842
2026-09-17,ADROITINFO,ADROIT INFOTECH LIMITED,11.45,11.45,10.9,11.22,11.2,20188
2026-09-17,ADVAIT,ADVAIT ENRGY TRANSITION L,1989.9,2020.0,1983.6,1990.4,1996.3,21137
2026-09-17,ADVANCE,ADVANCE AGROLIFE LIMITED,110.59,112.83,109.26,111.67,110.15,433813
2026-09-17,ADVENZYMES,ADVANCED ENZYME TECH LTD,287.7,292.2,286.2,288.1,287.85,162477
2026-09-17,ADVANIHOTR,ADVANI HOT.& RES.(I) LTD,47.21,47.99,47.0,47.62,47.18,21911
2026-09-17,ADVENTHTL,ADVENT HOTELS INTERNATI L,124.75,129.74,124.75,127.04,124.71,108071
2026-09-17,ADVIKCA,ADVIK CAPITAL LTD.,0.99,1.01,0.95,0.97,0.97,265847
2026-09-17,RAMBHAJO,ADVIT JEWELS LIMITED,253.0,273.0,249.73,266.17,252.05,421913
2026-09-17,AEGISLOG,AEGIS LOGISTICS LIMITED,1381.9,1385.4,1346.6,1353.8,1381.2,463629
2026-09-17,AEGISVOPAK,AEGIS VOPAK TERMINALS LTD,295.85,316.0,292.5,310.7,296.95,6087355
2026-09-17,AEQUS,AEQUS LIMITED,221.0,231.39,216.33,229.33,220.68,3205408
2026-09-17,AEROENTER,AEROFLEX ENTERPRISES LTD,113.35,124.41,112.2,122.94,113.35,2191657
2026-09-17,AEROFLEX,AEROFLEX INDUSTRIES LTD,483.1,512.1,483.1,497.6,481.1,2061953
2026-09-17,AERONEU,AEROFLEX NEU LIMITED,69.0,69.0,64.57,66.61,64.95,11693
2026-09-17,AETHER,AETHER INDUSTRIES LIMITED,1608.6,1629.5,1594.0,1623.3,1603.1,134986
2026-09-17,AFCONS,AFCONS INFRASTRUCTURE LTD,256.6,272.3,243.5,267.3,258.4,8753901
2026-09-17,AFFLE,AFFLE 3I LIMITED,1539.0,1551.6,1522.4,1545.6,1535.0,83893
2026-09-17,AFFORDABLE,AFFORD ROBO & AUTO LTD,165.99,169.0,156.91,167.31,162.29,20592
2026-09-17,AGARIND,AGARWAL INDS CORP LTD.,412.0,414.55,405.1,407.75,409.6,22218
2026-09-17,AGI,AGI GREENPAC LIMITED,716.95,747.3,714.05,733.75,717.3,78178
2026-09-17,AGIIL,AGI INFRA LIMITED,261.85,276.5,261.75,266.15,262.4,335928
2026-09-17,AGRITECH,AGRI-TECH (INDIA) LIMITED,103.0,103.0,96.25,96.42,98.1,3472
2026-09-17,AGROPHOS,AGRO PHOS INDIA LIMITED,23.1,23.88,22.9,23.44,23.18,9662
2026-09-17,AHLADA,AHLADA ENGINEERS LIMITED,36.79,40.0,36.01,39.33,36.56,41709
2026-09-17,AHLUCONT,AHLUWALIA CONT IND LTD,575.0,577.7,559.1,567.6,569.3,95504
2026-09-17,AIAENG,AIA ENGINEERING LIMITED,3817.5,3998.0,3790.0,3983.4,3805.8,69100
2026-09-17,AIRAN,AIRAN LIMITED,15.32,16.85,15.32,16.7,15.72,104304
2026-09-17,AIROLAM,AIRO LAM LIMITED,87.5,88.97,84.65,86.15,88.54,2352
2026-09-17,AJANTPHARM,AJANTA PHARMA LIMITED,3492.3,3530.1,3481.0,3500.5,3508.9,97948
2026-09-17,AJAXENGG,AJAX ENGINEERING LIMITED,560.1,573.55,560.1,566.6,566.55,29873
2026-09-17,AJMERA,AJMERA REALTY & INF I LTD,113.6,115.65,111.0,113.8,113.51,279348
2026-09-17,AJOONI,AJOONI BIOTECH LIMITED,3.32,3.34,3.2,3.27,3.3,297590
2026-09-17,AKASH,AKASH INFRA-PROJECTS LTD,24.0,24.67,24.0,24.26,24.18,417
2026-09-17,AKG,AKG EXIM LIMITED,10.74,10.92,9.66,10.32,10.55,26194
2026-09-17,AFIL,AKME FINTRADE (INDIA) LTD,8.54,8.54,8.33,8.37,8.37,221546
2026-09-17,AKSHAR,AKSHAR SPINTEX LIMITED,0.42,0.42,0.41,0.41,0.42,436267
2026-09-17,AKUMS,AKUMS DRUGS AND PHARMA L,768.1,789.35,763.9,766.7,772.0,216030
2026-09-17,ALANKIT,ALANKIT LIMITED,7.9,8.0,7.6,7.67,7.74,172109
2026-09-17,ALBERTDAVD,ALBERT DAVID LIMITED,856.05,863.95,835.0,838.45,860.45,3661
2026-09-17,ALEMBICLTD,ALEMBIC LIMITED,99.0,105.75,99.0,102.72,98.95,1416945
2026-09-17,APLLTD,ALEMBIC PHARMA LTD,830.0,857.25,819.6,826.0,825.3,392626
2026-09-17,ALFREDHE,ALFRED HERBERT INDIA L,2820.0,2820.0,2820.0,2820.0,2820.0,1
2026-09-17,ALGOQUANT,ALGOQUANT FINTECH LIMITED,65.15,71.85,65.09,70.13,65.15,2084788
2026-09-17,ALICON,ALICON CASTALLOY LIMITED,682.3,706.4,680.35,695.15,688.35,16078
2026-09-17,ALIVUS,ALIVUS LIFE SCIENCES LTD,1372.8,1397.9,1361.1,1387.8,1370.6,72107
2026-09-17,ALKALI,ALKALI METALS LTD,74.5,74.84,71.2,73.05,72.23,6095
2026-09-17,ALKEM,ALKEM LABORATORIES LTD.,5175.0,5361.0,5161.5,5348.5,5175.0,231871
2026-09-17,ALKYLAMINE,ALKYL AMINES CHEM. LTD,1823.4,1873.8,1815.8,1843.8,1823.1,26620
2026-09-17,ALLTIME,ALL TIME PLASTICS LIMITED,206.5,211.5,205.32,208.01,206.42,32467
2026-09-17,AGL,ALLCARGO GLOBAL LIMITED,14.0,14.2,13.75,13.88,14.03,2074548
2026-09-17,ALLCARGO,ALLCARGO LOGISTICS LTD,11.18,11.5,10.95,11.03,11.18,7560793
2026-09-17,ATL,ALLCARGO TERMINALS LTD,24.0,24.9,23.8,24.5,23.89,139820
2026-09-17,ALLDIGI,ALLDIGI TECH LIMITED,785.0,797.3,779.6,784.55,792.5,8045
2026-09-17,ABDL,ALLIED BLEND N DISTILS L,652.35,657.4,636.95,653.1,647.55,560511
2026-09-17,ADSL,ALLIED DIGITAL SERV. LTD,95.26,98.26,95.26,96.99,95.26,110089
2026-09-17,ALMONDZ,ALMONDZ GLOBAL SEC LTD,18.6,18.99,17.22,18.41,18.01,410059
2026-09-17,ALOKINDS,ALOK INDUSTRIES LIMITED,7.49,7.58,7.0,7.05,7.48,42844998
2026-09-17,ALPA,ALPA LABORATORIES LTD,61.9,61.9,55.76,59.64,61.12,24990
2026-09-17,ALPINETEX,ALPINE TEXWORLD LIMITED,53.75,55.25,52.42,52.9,52.33,117350
2026-09-17,ALUFLUOR,ALUFLUORIDE LTD.,499.0,503.0,489.85,492.2,494.2,2082
2026-09-17,AMAGI,AMAGI MEDIA LABS LIMITED,569.1,579.9,565.45,574.35,569.3,368321
2026-09-17,AMAL,AMAL LTD.,712.0,747.4,711.95,723.0,711.75,32741
2026-09-17,ARE&M,AMARA RAJA ENERGY MOB LTD,793.0,800.6,785.55,795.3,791.55,610101
2026-09-17,AMARJOTHI,AMARJOTHI SPINNING MILL L,145.5,149.0,145.5,148.88,149.0,1920
2026-09-17,AMBER,AMBER ENTERPRISES (I) LTD,6918.0,7093.0,6881.0,7046.0,6930.0,89317
2026-09-17,AMBICAAGAR,AMBICA AGAR & AROMAINDLTD,25.19,25.19,24.6,25.14,24.57,4346
2026-09-17,AMBIKCO,AMBIKA COTTON MILL LTD.,1555.0,1588.0,1537.7,1568.8,1564.9,5724
2026-09-17,AMBUJACEM,AMBUJA CEMENTS LTD,381.05,386.3,380.55,383.25,381.05,1224906
2026-09-17,AMDIND,AMD INDUSTRIES LIMITED,64.01,67.48,64.01,66.58,63.66,116979
2026-09-17,AMNPLST,AMINES & PLASTICIZERS LTD,162.0,166.99,160.65,163.0,160.4,1151
2026-09-17,AEROPLANE,AMIR CHAND JAG KUM (E) L,195.5,198.9,191.15,193.7,195.67,119536
2026-09-17,AMJLAND,AMJ LAND HOLDINGS LIMITED,36.47,37.1,36.4,36.48,36.43,4662
2026-09-17,AMRUTANJAN,AMRUTAJAN HEALTH LTD,490.4,493.4,488.05,491.0,490.4,12042
2026-09-17,ARSSBL,ANAND RATHI SH N STK BR L,496.95,506.25,490.25,500.55,496.95,145422
2026-09-17,ANANDRATHI,ANAND RATHI WEALTH LTD,2200.0,2229.5,2198.2,2207.4,2206.2,140743
2026-09-17,ANANTRAJ,ANANT RAJ LIMITED,582.0,600.2,579.4,596.9,583.5,1898147
2026-09-17,ACL,ANDHRA CEMENTS LIMITED,43.4,43.4,40.7,41.98,42.7,19853
2026-09-17,ANDHRAPAP,ANDHRA PAPER LIMITED,72.96,74.9,71.4,71.88,73.32,941028
2026-09-17,ANDHRSUGAR,ANDHRA SUGARS LTD,94.05,94.83,92.52,93.59,93.39,163448
2026-09-17,ANDREWYU,ANDREW YULE & CO. LTD.,25.88,26.69,25.1,26.08,25.88,88717
2026-09-17,ANGELONE,ANGEL ONE LIMITED,292.9,297.95,292.15,295.0,293.5,1881558
2026-09-17,ANIKINDS,ANIK INDUSTRIES LTD,44.65,44.65,43.01,44.1,42.86,6453
2026-09-17,APCL,ANJANI PORTLAND CEM LTD,100.94,100.94,96.0,96.37,99.18,6783
2026-09-17,AHCL,ANLON HEALTHCARE LIMITED,19.7,22.36,19.7,21.84,20.04,49745313
2026-09-17,ANNAPURNA,ANNAPURNA SWADISHT LTD,134.46,138.0,134.0,136.08,134.56,17463
2026-09-17,ANNU,ANNU PROJECTS LIMITED,50.43,51.98,46.55,49.28,52.67,2867305
2026-09-17,ANSALBU,ANSAL BUILDWELL LTD.,83.25,83.25,81.99,83.0,80.11,138
2026-09-17,ANTGRAPHIC,ANTARCTICA LTD,0.72,0.74,0.71,0.71,0.72,116313
2026-09-17,ANTELOPUS,ANTELOPUS SELAN ENRGY LTD,1171.0,1198.0,1121.05,1130.85,1170.95,1030058
2026-09-17,ANTHEM,ANTHEM BIOSCIENCES LTD,914.1,932.55,910.0,927.4,908.45,460389
2026-09-17,AWHCL,ANTONY WASTE HDG CELL LTD,346.0,398.6,342.3,379.6,345.5,5932053
2026-09-17,ANUHPHR,ANUH PHARMA LIMITED,89.67,97.89,89.67,93.68,89.22,322234
2026-09-17,ANURAS,ANUPAM RASAYAN INDIA LTD,1180.0,1193.0,1176.0,1181.3,1178.3,277685
2026-09-17,AONEGOLD,AONEAMC - AONEGOLD,14.03,14.13,13.99,14.04,14.1,439629
2026-09-17,AONELIQUID,AONEAMC - AONELIQUID,1077.14,1077.17,1077.14,1077.17,1077.02,14434
2026-09-17,AONENIFTY,AONEAMC - AONENIFTY,9.85,9.85,9.53,9.63,9.61,87123
2026-09-17,AONESILVER,AONEAMC - AONESILVER,8.73,8.73,8.62,8.66,8.73,354829
2026-09-17,AONETMMQ50,AONEAMC - AONETMMQ50,10.06,10.32,10.01,10.12,10.01,69955
2026-09-17,AONETOTAL,AONEAMC - AONETOTAL,11.78,11.78,11.5,11.62,11.55,105305
2026-09-17,APARINDS,APAR INDUSTRIES LTD.,17021.0,17925.0,16884.0,17801.0,17075.0,195609
2026-09-17,APCOTEXIND,APCOTEX INDUSTRIES LIMITE,585.0,601.7,581.0,599.4,581.1,78910
2026-09-17,APEX,APEX FROZEN FOODS LIMITED,350.3,354.75,348.0,350.95,347.95,49573
2026-09-17,APLAPOLLO,APL APOLLO TUBES LTD,2110.0,2170.0,2110.0,2148.5,2120.0,335858
2026-09-17,APOLLOHOSP,APOLLO HOSPITALS ENTER. L,8707.0,8799.0,8686.5,8768.5,8696.5,191301
2026-09-17,APOLLO,APOLLO MICRO SYSTEMS LTD,371.0,383.0,371.0,378.25,370.35,5478975
2026-09-17,APOLLOPIPE,APOLLO PIPES LIMITED,509.9,530.5,507.0,525.85,508.9,316591
2026-09-17,APOLSINHOT,APOLLO SINDOORI HOTEL LTD,1210.0,1234.0,1209.9,1211.1,1185.8,372
2026-09-17,APOLLOTYRE,APOLLO TYRES LTD,414.25,414.3,403.25,412.15,411.95,887926
2026-09-17,APOORVA,APOORVA LEAS F & INV C L,27.79,29.75,27.79,29.75,28.36,192
2026-09-17,APTUS,APTUS VALUE HSG FIN I LTD,239.0,244.13,237.19,239.16,239.91,1187149
2026-09-17,AQYLON,AQYLON NEXUS LIMITED,20.45,20.45,18.84,18.88,19.71,442716
2026-09-17,ACI,ARCHEAN CHEMICAL IND LTD,461.95,469.2,456.35,462.4,461.45,272058
2026-09-17,ADL,ARCHIDPLY DECOR LIMITED,71.91,73.5,70.4,72.03,71.91,233
2026-09-17,ARCHIDPLY,ARCHIDPLY IND. LTD,101.57,102.0,100.0,101.48,100.22,4107
2026-09-17,ARCHIES,ARCHIES LTD,12.24,12.5,12.21,12.25,12.21,2882
2026-09-17,ARCL,ARCL ORGANICS LTD.,274.16,280.7,260.46,260.57,274.16,2875
2026-09-17,ARDEE,ARDEE INDUSTRIES LIMITED,47.27,49.39,47.26,48.97,47.42,3049502
2026-09-17,ARFIN,ARFIN INDIA LIMITED,81.57,89.0,81.57,87.88,82.68,1169295
2026-09-17,ARIHANTCAP,ARIHANT CAPITAL MKTS LTD,80.45,81.8,79.56,81.21,80.45,174109
2026-09-17,ARIHANT,ARIHANT FOUN & HOU LTD,857.65,928.95,842.2,896.7,862.25,9571
2026-09-17,ARIHANTSUP,ARIHANT SUPERSTRUCT LTD,220.0,231.0,220.0,228.95,220.45,4549
2026-09-17,ARIS,ARISINFRA SOLUTIONS LTD,116.54,129.28,116.54,127.27,116.53,3458491
2026-09-17,ARKADE,ARKADE DEVELOPERS LIMITED,116.66,124.0,116.1,117.22,115.76,465763
2026-09-17,ARMANFIN,ARMAN FIN SERV LTD,1873.4,1964.7,1861.2,1956.4,1873.5,20680
2026-09-17,AROGRANITE,ARO GRANITE IND. LTD.,23.8,23.8,22.04,23.1,22.55,3094
2026-09-17,ARROWGREEN,ARROW GREENTECH LIMITED,913.95,929.95,892.7,902.5,907.45,57165
2026-09-17,ARTNIRMAN,ART NIRMAN LIMITED,39.6,40.97,39.13,40.57,39.97,553
2026-09-17,AEPL,ARTEMIS ELECTRICALS & P L,16.0,16.49,15.15,15.78,15.87,34015
2026-09-17,ARTEMISMED,ARTEMIS MED SERVICE LTD,324.9,338.8,324.25,330.85,325.25,283121
2026-09-17,ARVEE,ARVEE LABORATORIES I LTD,166.2,179.0,166.2,172.08,168.27,3058
2026-09-17,ARVINDFASN,ARVIND FASHIONS LIMITED,419.7,428.8,413.75,425.05,416.35,160096
2026-09-17,ARVIND,ARVIND LIMITED,547.9,554.95,540.0,541.6,548.05,826176
2026-09-17,ARVSMART,ARVIND SMARTSPACES LTD,550.0,560.15,548.05,553.45,549.2,32980
2026-09-17,ARYAMAN,ARYAMAN FINANCIAL SERV L,610.0,610.0,610.0,610.0,610.0,38
2026-09-17,ASAHIINDIA,ASAHI INDIA GLASS LIMITED,952.0,959.2,950.0,950.7,951.8,44007
2026-09-17,ASHAPURMIN,ASHAPURA MINECHEM LTD,517.0,528.2,513.5,517.6,515.7,229538
2026-09-17,ASHIANA,ASHIANA HOUSING LTD,348.35,357.0,346.65,351.45,348.35,30671
2026-09-17,ASHIMASYN,ASHIMA LTD,16.29,16.78,15.95,16.12,16.29,185375
2026-09-17,ASHOKLEY,ASHOK LEYLAND LTD,156.89,159.64,156.08,158.62,156.5,8725516
2026-09-17,ASHOKA,ASHOKA BUILDCON LTD,108.5,109.87,108.1,108.8,108.76,515340
2026-09-17,ASHOKAMET,ASHOKA METCAST LIMITED,14.79,15.74,14.5,14.6,14.5,123392
2026-09-17,ASIANENE,ASIAN ENERGY SERVICES LTD,493.1,496.25,478.05,486.2,494.1,272757
2026-09-17,ASIANTILES,ASIAN GRANITO IND. LTD.,49.5,50.3,49.36,49.97,49.93,1588966
2026-09-17,AHLEAST,ASIAN HOTELS (EAST) LTD,137.05,137.89,134.7,134.97,136.06,690
2026-09-17,ASIANHOTNR,ASIAN HOTELS (NORTH) LTD,393.95,395.0,371.1,375.8,388.55,8769
2026-09-17,ASIANPAINT,ASIAN PAINTS LIMITED,2424.0,2454.0,2421.0,2454.0,2416.6,486007
2026-09-17,ASTAR,ASIAN STAR CO. LTD.,598.0,672.8,597.95,672.8,560.7,1394
2026-09-17,ASIANTNE,ASIAN TEA & EXPORTS LTD.,9.7,9.7,9.0,9.34,9.19,11943
2026-09-17,ASKAUTOLTD,ASK AUTOMOTIVE LIMITED,623.55,629.9,615.85,618.9,617.9,154115
2026-09-17,ASPINWALL,ASPINWALL & CO LTD,251.6,255.0,251.6,255.0,250.3,25
2026-09-17,ASSAMENT,ASSAM ENTRADE LIMITED,750.0,780.0,750.0,780.0,785.65,7
2026-09-17,ARCIL,ASSET RECONSTRUC CO (I) L,139.0,141.5,130.73,137.02,139.0,31012257
2026-09-17,ASALCBR,ASSO ALCOHOLS & BREW LTD,650.0,664.45,649.0,656.95,649.55,12411
2026-09-17,ASTEC,ASTEC LIFESCIENCES LTD,665.0,779.4,661.55,755.15,661.95,994540
2026-09-17,ASTERDM,ASTER DM QUALITY CARE LTD,745.0,764.4,738.05,760.65,741.2,634636
2026-09-17,ASTRAMICRO,ASTRA MICROWAVE LTD,1611.0,1635.0,1599.0,1607.8,1621.9,186113
2026-09-17,ASTRAL,ASTRAL LIMITED,1370.1,1401.0,1355.0,1398.9,1382.5,473351
2026-09-17,ASTRAZEN,ASTRAZENECA PHARMA IND LT,6700.0,6753.0,6655.0,6669.0,6703.0,2004
2026-09-17,ATALREAL,ATAL REALTECH LIMITED,14.45,15.88,14.43,15.87,14.44,11339363
2026-09-17,ATAM,ATAM VALVES LIMITED,62.99,63.95,59.0,59.29,62.15,40892
2026-09-17,ATHERENERG,ATHER ENERGY LIMITED,1550.0,1567.4,1528.0,1550.0,1567.5,2513489
2026-09-17,ATLANTAELE,ATLANTA ELECTRICALS LTD,1659.0,1693.4,1614.9,1633.3,1655.0,91935
2026-09-17,ATLANTAA,ATLANTAA LIMITED,35.9,37.0,35.9,36.21,36.46,20250
2026-09-17,ATLASCYCLE,ATLAS CYCLE (HARYANA) LTD,92.35,92.9,86.1,89.76,92.35,14880
2026-09-17,ATULAUTO,ATUL AUTO LIMITED,438.0,443.55,435.4,441.4,436.4,52150
2026-09-17,ATUL,ATUL LTD,6070.0,6156.0,6045.0,6133.5,6076.0,26048
2026-09-17,AUBANK,AU SMALL FINANCE BANK LTD,1026.2,1048.0,1026.2,1039.3,1033.2,770876
2026-09-17,AUGMONT,AUGMONT ENTERPRISES LTD,835.0,844.2,806.05,811.1,833.05,441991
2026-09-17,AURIONPRO,AURIONPRO SOLN LTD,687.0,709.2,686.85,705.0,688.0,83799
2026-09-17,AUROPHARMA,AUROBINDO PHARMA LTD,1634.0,1692.3,1634.0,1690.0,1643.0,758827
2026-09-17,AURUM,AURUM PROPTECH LIMITED,217.2,222.72,217.2,221.11,219.81,67079
2026-09-17,AURUS,AURUS GEM CORP LIMITED,4.9,4.98,4.7,4.72,4.83,24075
2026-09-17,AUSOMENT,AUSOM ENTERPRISE LIMITED,155.0,155.0,146.51,149.23,149.9,259
2026-09-17,AUSTENG,AUSTIN ENGINEERING CO. L,129.48,134.99,124.2,127.71,126.95,4765
2026-09-17,AIIL,AUTHUM INVEST & INFRA LTD,528.1,537.5,524.15,527.2,528.95,130987
2026-09-17,AUTOIND,AUTOLINE INDUSTRIES LTD,78.2,79.55,77.5,78.1,77.5,100703
2026-09-17,ACGL,AUTOMOBILE CORPN OF GOA L,1795.0,1795.0,1726.0,1774.0,1769.4,343
2026-09-17,AUTOAXLES,AUTOMOTIVE AXLES LIMITED,1663.1,1694.4,1659.9,1679.4,1659.0,5723
2026-09-17,ASAL,AUTOMOTIVE STAMPINGS & AS,442.45,452.9,442.45,445.85,444.55,6067
2026-09-17,AVADHSUGAR,AVADH SUG & ENERGY LTD,729.0,729.0,715.0,721.0,726.2,55363
2026-09-17,AVALON,AVALON TECHNOLOGIES LTD,2256.0,2305.0,2204.3,2230.0,2216.1,364163
2026-09-17,AVANCE,AVANCE TECHNOLOGIES LTD.,0.79,0.8,0.78,0.78,0.79,4211615
2026-09-17,AVANTEL,AVANTEL LIMITED,141.85,146.85,141.85,146.37,141.89,714144
2026-09-17,AVANTIFEED,AVANTI FEEDS LIMITED,770.35,779.4,760.0,770.85,770.35,197289
2026-09-17,DMART,AVENUE SUPERMARTS LIMITED,3700.1,3759.0,3700.1,3711.2,3720.0,381790
2026-09-17,CCAVENUE,AVENUESAI LIMITED,15.32,16.86,15.26,16.32,15.32,46480923
2026-09-17,AVONMORE,AVONMORE CAP&MGT SERV LTD,13.4,13.4,11.76,12.02,13.06,703372
2026-09-17,AVROIND,AVRO INDIA LIMITED,8.0,8.0,7.62,7.84,7.92,106822
2026-09-17,AVTNPL,AVT NATURAL PRODUCTS LTD,85.72,87.17,85.02,85.45,85.72,54208
2026-09-17,AWFIS,AWFIS SPACE SOLUTIONS LTD,270.3,274.15,263.1,264.7,271.1,363518
2026-09-17,AWL,AWL AGRI BUSINESS LIMITED,185.0,187.75,182.53,184.04,181.94,2242291
2026-09-17,AXISBANK,AXIS BANK LIMITED,1238.0,1257.6,1233.0,1240.0,1241.0,4413665
2026-09-17,ENERGYAXIS,AXISAMC - ENERGYAXIS,19.08,19.08,18.69,18.76,18.71,22143
2026-09-17,BNKETFAXIS,AXISAMC-BNKETFAXIS,582.58,582.58,579.75,580.22,579.81,592
2026-09-17,CONSUMAXIS,AXISAMC-CONSUMAXIS,117.03,118.11,117.03,118.06,117.03,260
2026-09-17,GOLDAXIS,AXISAMC-GOLDAXIS,125.39,125.84,124.45,125.24,125.92,2563650
2026-09-17,HEALTHAXIS,AXISAMC-HEALTHAXIS,165.48,168.22,165.48,167.94,165.48,2855
2026-09-17,ITAXIS,AXISAMC-ITAXIS,319.0,323.17,318.1,320.02,320.41,609
2026-09-17,NIFTYAXIS,AXISAMC-NIFTYAXIS,256.12,259.13,256.12,258.41,257.65,9997
2026-09-17,SENSEXAXIS,AXISAMC-SENSEXAXIS,77.33,77.6,77.05,77.44,77.33,602
2026-09-17,SILVERAXIS,AXISAMC-SILVERAXIS,225.1,226.37,223.71,225.27,227.04,265264
2026-09-17,VALUEAXIS,AXISAMC-VALUEAXIS,32.11,32.2,31.94,32.03,31.96,40405
2026-09-17,AXISCADES,AXISCADES TECH LTD,1699.0,1852.9,1699.0,1852.3,1684.5,443978
2026-09-17,AXITA,AXITA COTTON LIMITED,8.03,8.09,7.99,7.99,7.99,347239
2026-09-17,AXTEL,AXTEL INDUSTRIES LTD.,434.9,444.0,424.15,443.65,435.1,10817
2026-09-17,AYE,AYE FINANCE LIMITED,180.8,187.47,179.07,180.98,180.12,727376
2026-09-17,AYMSYNTEX,AYM SYNTEX LIMITED,267.9,286.9,267.9,281.95,270.8,97359
2026-09-17,AZAD,AZAD ENGINEERING LIMITED,2581.7,2672.8,2575.3,2605.3,2581.7,423182
2026-09-17,AZADIND,AZAD INDIA MOBILITY LTD.,84.36,87.16,84.0,85.07,84.36,13237
2026-09-17,BBTCL,B&B TRIPLEWALL CONT LTD,229.9,237.0,223.0,230.63,224.0,11723
2026-09-17,BAGFILMS,B.A.G FILMS AND MEDIA LTD,4.39,4.44,4.31,4.32,4.36,20056
2026-09-17,BLKASHYAP,B.L.KASHYAP & SON LTD,50.84,53.7,50.84,52.87,51.33,468020
2026-09-17,STYLEBAAZA,BAAZAR STYLE RETAIL LTD,372.0,390.9,369.45,388.05,372.3,1409608
2026-09-17,BAIDFIN,BAID FINSERV LIMITED,10.49,10.59,10.03,10.55,10.35,64450
2026-09-17,BAJAJ-AUTO,BAJAJ AUTO LIMITED,11568.0,11576.0,11435.0,11500.0,11593.0,129351
2026-09-17,BAJAJCON,BAJAJ CONSUMER CARE LTD,495.6,511.1,495.6,502.45,498.05,304161
2026-09-17,BAJAJELEC,BAJAJ ELECT.LTD,320.25,326.0,320.25,325.3,322.55,51365
2026-09-17,BAJFINANCE,BAJAJ FINANCE LIMITED,1010.0,1027.9,1010.0,1015.0,1006.2,4816547
2026-09-17,BAJAJFINSV,BAJAJ FINSERV LTD.,1837.0,1863.0,1832.1,1859.2,1837.0,460650
2026-09-17,BAJAJHCARE,BAJAJ HEALTHCARE LIMITED,323.3,333.4,320.4,328.35,321.1,140433
2026-09-17,BAJAJHIND,BAJAJ HINDUSTHAN SUGAR LT,19.9,19.99,19.32,19.38,19.81,12639678
2026-09-17,BAJAJHLDNG,BAJAJ HOLDINGS & INVS LTD,10928.0,11066.0,10884.0,11010.0,10930.0,29620
2026-09-17,BAJAJHFL,BAJAJ HOUSING FINANCE LTD,82.9,83.51,82.63,82.7,82.96,1561540
2026-09-17,BAJAJST,BAJAJ STEEL INDS. LTD.,359.55,359.55,346.2,353.45,351.65,2569
2026-09-17,BAJEL,BAJEL PROJECTS LIMITED,167.35,175.19,167.35,173.08,169.16,129667
2026-09-17,BALPHARMA,BAL PHARMA LTD.,101.5,106.0,101.0,102.46,101.33,40561
2026-09-17,BALAMINES,BALAJI AMINES LIMITED,2149.8,2184.0,2125.9,2148.9,2149.8,86181
2026-09-17,BALAJITELE,BALAJI TELEFILMS LIMITED.,91.51,98.11,91.1,95.97,92.1,500126
2026-09-17,BALAXI,BALAXI PHARMA LTD,23.6,23.6,22.4,23.04,23.33,24054
2026-09-17,BALKRISIND,BALKRISHNA IND. LTD,2124.9,2180.0,2120.0,2170.8,2124.9,216828
2026-09-17,BALKRISHNA,BALKRISHNA PAPER MILLS L,17.0,17.0,16.43,16.66,16.53,5403
2026-09-17,BALMLAWRIE,BALMER LAWRIE & CO LTD,161.02,163.69,161.02,162.47,162.1,73935
2026-09-17,BLIL,BALMER LAWRIE INVSTS. L,67.88,68.1,67.16,67.62,67.33,64913
2026-09-17,BALRAMCHIN,BALRAMPUR CHINI MILLS LTD,679.0,687.65,671.0,675.7,682.6,715266
2026-09-17,BALUFORGE,BALU FORGE INDUSTRIES LTD,484.0,504.7,477.35,501.6,483.25,836714
2026-09-17,BANARBEADS,BANARAS BEADS LTD,114.4,114.4,110.25,110.54,109.65,1036
2026-09-17,BANCOINDIA,BANCO PRODUCTS (I) LTD,591.0,597.1,587.05,593.05,593.15,68674
2026-09-17,BANDHANBNK,BANDHAN BANK LIMITED,172.0,175.0,170.98,171.5,172.5,4150818
2026-09-17,GOLDBND,BANDHANAMC - GOLDBND,151.0,151.03,149.65,150.55,151.13,27534
2026-09-17,IDFNIFTYET,BANDHANAMC - IDFNIFTYET,256.3,258.71,256.3,257.03,256.51,1001
2026-09-17,SILVERBND,BANDHANAMC - SILVERBND,227.58,228.09,226.0,227.01,229.24,5427
2026-09-17,BANG,BANG OVERSEAS LTD.,32.6,33.97,32.6,33.19,32.45,21817
2026-09-17,BANKBARODA,BANK OF BARODA,233.6,236.46,232.1,232.3,234.98,4576908
2026-09-17,BANKINDIA,BANK OF INDIA,137.91,141.11,137.9,138.17,137.81,9976048
2026-09-17,MAHABANK,BANK OF MAHARASHTRA,80.29,83.4,80.21,80.8,80.21,16454084
2026-09-17,BANKA,BANKA BIOLOO LIMITED,77.7,77.7,75.03,77.2,77.83,801
2026-09-17,BANARISUG,BANNARI AMMAN SUGARS LTD,3282.6,3345.0,3256.0,3302.8,3267.2,1049
2026-09-17,BANSALWIRE,BANSAL WIRE INDUSTRIES L,309.1,314.7,304.0,313.25,307.15,50724
2026-09-17,BANSWRAS,BANSWARA SYNTEX LIMITED,109.34,114.25,108.88,110.32,109.34,37647
2026-09-17,BVCL,BARAK VALLEY CEM. LTD.,40.39,42.08,40.39,40.89,40.71,11268
2026-09-17,BBNPNBETF,BARODABNP - BBNPNBETF,57.19,57.19,56.44,56.62,56.63,3324
2026-09-17,BBNPPGOLD,BARODABNP - BBNPPGOLD,145.55,146.15,143.5,145.45,146.4,2777
2026-09-17,BASF,BASF INDIA LTD,3579.0,3630.5,3558.4,3601.6,3558.4,16853
2026-09-17,BATAINDIA,BATA INDIA LTD,630.65,639.25,630.65,636.65,630.65,74321
2026-09-17,BATLIBOI,BATLIBOI LTD.,83.1,83.94,78.11,78.73,82.1,91874
2026-09-17,BAYERCROP,BAYER CROPSCIENCE LTD,3958.0,3958.0,3890.0,3893.4,3938.6,15646
2026-09-17,BCLIND,BCL INDUSTRIES LIMITED,32.98,33.52,32.71,33.17,32.98,411663
2026-09-17,BCPL,BCPL RAILWAY INFRA LTD,68.0,68.6,67.34,67.63,67.33,3529
2026-09-17,BEARDSELL,BEARDSELL LIMITED,24.98,24.99,24.0,24.23,24.06,15138
2026-09-17,BEDMUTHA,BEDMUTHA INDUST LTD,103.84,104.99,102.0,104.98,102.28,3110
2026-09-17,BEEKAY,BEEKAY STEEL INDS. LTD.,426.0,435.8,419.05,426.55,431.8,1515
2026-09-17,BLEL,BEHARI LAL ENGINEERING L,430.1,437.9,423.2,436.1,428.4,530677
2026-09-17,BELLACASA,BELLA CASA FASH AND RET L,258.93,258.93,250.0,255.25,250.48,12720
2026-09-17,BELRISE,BELRISE INDUSTRIES LTD,228.19,232.5,228.16,229.37,229.35,1753104
2026-09-17,BLAL,BEML LAND ASSETS LIMITED,160.11,162.79,160.11,162.37,161.99,9540
2026-09-17,BEML,BEML LIMITED,1998.0,2068.6,1985.2,2013.3,1991.9,340871
2026-09-17,BENARAS,BENARES HOTELS LTD.,10896.0,11097.0,10555.0,10800.0,10789.0,60
2026-09-17,BENGALASM,BENGAL & ASSAM CO. LTD.,6349.0,6349.0,6202.0,6212.5,6319.0,97
2026-09-17,BERGEPAINT,BERGER PAINTS (I) LTD,449.4,452.35,443.9,448.6,448.15,443456
2026-09-17,BESTAGRO,BEST AGROLIFE LIMITED,18.13,18.75,18.13,18.42,18.44,276646
2026-09-17,BETA,BETA DRUGS LIMITED,2054.6,2112.4,2054.6,2095.0,2064.9,12237
2026-09-17,BFINVEST,BF INVESTMENT LIMITED,435.9,440.0,435.9,438.95,432.05,6998
2026-09-17,BFUTILITIE,BF UTILITIES LIMITED,521.95,532.55,519.0,521.05,520.35,36882
2026-09-17,BANK10BETF,BFAM - BANK10BETF,20.41,20.51,20.15,20.27,20.4,12244
2026-09-17,BANKBETF,BFAM - BANKBETF,57.09,57.49,56.9,57.1,57.1,4493
2026-09-17,LIQUIDBETF,BFAM - LIQUIDBETF,1099.06,1099.08,1099.06,1099.06,1098.94,228189
2026-09-17,NIFTYBETF,BFAM - NIFTYBETF,241.28,241.28,238.95,240.35,240.54,1812
2026-09-17,BHAGCHEM,BHAGIRADHA CHEM & INDS L,245.7,249.5,245.65,247.95,244.25,21308
2026-09-17,BHAGYANGR,BHAGYANAGAR INDIA LIMITED,432.0,446.5,431.0,446.5,425.25,66357
2026-09-17,BHANDARI,BHANDARI HOSIERY EXP LTD,2.97,3.0,2.97,2.98,2.98,147723
2026-09-17,BEPL,BHANSALI ENG. POLYMERS LT,125.0,129.9,124.62,127.47,124.92,1163018
2026-09-17,BBL,BHARAT BIJLEE LTD,2175.9,2209.9,2161.1,2203.4,2178.2,11869
2026-09-17,BHARATCOAL,BHARAT COKING COAL LTD,32.19,32.5,31.96,32.14,32.23,2923304
2026-09-17,BDL,BHARAT DYNAMICS LIMITED,1130.0,1152.9,1129.2,1151.9,1136.0,677240
2026-09-17,BEL,BHARAT ELECTRONICS LTD,387.0,395.9,387.0,395.45,385.75,7820077
2026-09-17,BHARATFORG,BHARAT FORGE LTD,1885.9,1941.0,1878.0,1918.7,1885.0,522135
2026-09-17,BPLPHARMA,BHARAT PARENTERALS LTD.,1549.2,1549.2,1504.9,1534.0,1509.8,32
2026-09-17,BPCL,BHARAT PETROLEUM CORP  LT,304.55,308.0,303.15,307.0,303.35,3005596
2026-09-17,BHARATRAS,BHARAT RASAYAN LTD,1159.9,1169.9,1153.2,1164.0,1157.4,5205
2026-09-17,BRNL,BHARAT ROAD NETWORK LTD,16.0,16.9,16.0,16.41,16.24,13206
2026-09-17,BHARATSE,BHARAT SEATS LIMITED,202.95,214.16,202.95,209.22,205.26,129883
2026-09-17,BHARATWIRE,BHARAT WIRE ROPES LTD.,165.69,176.5,165.69,171.69,167.69,195420
2026-09-17,BHARTIARTL,BHARTI AIRTEL LIMITED,1841.8,1845.9,1827.6,1836.0,1835.0,4368285
2026-09-17,BHARTIHEXA,BHARTI HEXACOM LIMITED,1490.0,1491.9,1465.0,1481.1,1479.3,82494
2026-09-17,BIL,BHARTIYA INTERNATIONAL,1050.0,1060.0,1011.0,1023.45,1036.25,7093
2026-09-17,BHEL,BHEL,411.55,430.75,410.8,429.2,410.6,8684564
2026-09-17,BIGBLOC,BIGBLOC CONSTRUCTION LTD,40.48,40.5,38.5,39.45,39.51,27779
2026-09-17,BIKAJI,BIKAJI FOODS INTERN LTD,540.0,554.0,539.95,552.65,540.95,51835
2026-09-17,GROWW,BILLIONBRAINS GARAGE VN L,190.7,193.7,186.7,187.44,189.76,23614294
2026-09-17,BIMETAL,BIMETAL BEARINGS LTD.,638.5,647.95,635.0,641.3,638.65,171
2026-09-17,BIOCON,BIOCON LIMITED.,374.0,382.0,370.5,380.0,374.4,3043285
2026-09-17,BIOFILCHEM,BIOFIL CHEM & PHARMA LTD,33.13,33.89,32.61,32.86,33.13,16709
2026-09-17,BIRLACABLE,BIRLA CABLE LIMITED,383.0,401.65,383.0,401.65,382.55,431704
2026-09-17,BIRLACORPN,BIRLA CORPORATION LTD,800.0,815.0,800.0,811.15,803.9,39164
2026-09-17,BIRLANU,BIRLANU LIMITED,1387.1,1404.0,1372.1,1381.1,1387.1,4372
2026-09-17,ABGSEC,BIRLASLAMC - ABGSEC,114.54,114.54,112.84,113.07,113.74,39
2026-09-17,ABSL10BANK,BIRLASLAMC - ABSL10BANK,168.13,168.13,164.0,164.39,164.83,2339
2026-09-17,ABSLBANETF,BIRLASLAMC - ABSLBANETF,57.55,58.0,57.35,57.61,57.68,29639
2026-09-17,ABSLLIQUID,BIRLASLAMC - ABSLLIQUID,995.0,1000.01,995.0,1000.0,1000.0,12180
2026-09-17,ABSLMSCIN,BIRLASLAMC - ABSLMSCIN,28.65,28.76,28.57,28.72,28.46,249
2026-09-17,ABSLNN50ET,BIRLASLAMC - ABSLNN50ET,74.64,75.12,74.28,74.81,74.27,71455
2026-09-17,BSLSENETFG,BIRLASLAMC - BSLSENETFG,75.89,77.9,74.77,75.21,75.9,17545
2026-09-17,GSEC10ABSL,BIRLASLAMC - GSEC10ABSL,111.92,112.34,111.92,112.34,111.92,5
2026-09-17,HEALTHY,BIRLASLAMC - HEALTHY,16.77,17.15,16.77,17.01,16.77,118781
2026-09-17,MOMENTUM,BIRLASLAMC - MOMENTUM,30.4,30.7,30.16,30.58,30.16,35933
2026-09-17,NIFTYQLITY,BIRLASLAMC - NIFTYQLITY,20.58,20.64,20.36,20.6,20.36,121631
2026-09-17,SILVER,BIRLASLAMC - SILVER,226.44,227.33,224.75,226.36,228.18,521415
2026-09-17,TECH,BIRLASLAMC - TECH,32.06,32.38,31.6,31.99,32.06,20077
2026-09-17,ABSLPSE,BIRLASLAMC-ABSLPSE,10.0,10.1,9.84,9.93,10.0,98835
2026-09-17,BSOFT,BIRLASOFT LIMITED,282.4,286.95,281.65,283.8,281.25,1029959
2026-09-17,BBOX,BLACK BOX LIMITED,765.6,774.45,753.35,766.4,763.25,299744
2026-09-17,BLACKBUCK,BLACKBUCK LIMITED,619.0,631.4,609.0,611.5,619.05,549356
2026-09-17,BLBLIMITED,BLB LIMITED,16.2,16.52,15.65,15.99,16.13,202164
2026-09-17,BLSE,BLS E-SERVICES LIMITED,314.0,319.45,310.8,314.5,313.55,116886
2026-09-17,BLS,BLS INTL SERVS LTD,227.87,230.2,226.59,227.74,226.74,413806
2026-09-17,BLUECLOUDS,BLUE CLOUD SOFTECH SOLU L,19.59,19.71,19.44,19.57,19.59,543486
2026-09-17,BLUECOAST,BLUE COAST HOTELS LIMITED,21.09,21.9,20.2,21.68,21.09,1021
2026-09-17,BLUEDART,BLUE DART EXPRESS LTD,4850.0,4863.6,4799.9,4811.3,4850.5,7139
2026-09-17,BLUEJET,BLUE JET HEALTHCARE LTD,563.25,576.9,563.25,568.2,565.05,546795
2026-09-17,BLUESTARCO,BLUE STAR LIMITED,1499.9,1558.0,1492.0,1553.0,1504.0,517440
2026-09-17,BLUESTONE,BLUESTONE JEWEL LFSTL LTD,843.15,861.7,823.0,831.2,856.0,638636
2026-09-17,BLUSPRING,BLUSPRING ENTERPRISES LTD,124.46,128.99,121.65,123.72,124.46,356061
2026-09-17,BMWVENTLTD,BMW VENTURES LIMITED,51.0,51.75,49.95,50.22,51.8,139313
2026-09-17,BNAGROCHEM,BN AGROCHEM LTD.,194.0,209.99,192.23,207.86,202.34,757
2026-09-17,BODALCHEM,BODAL CHEMICALS LTD,173.0,182.13,173.0,182.13,173.46,2362229
2026-09-17,BTML,BODHI TREE MULTIMEDIA LTD,7.57,7.88,7.02,7.25,7.57,1256315
2026-09-17,BOHRAIND,BOHRA INDUSTRIES LIMITED,13.02,14.25,13.02,13.34,13.5,12551
2026-09-17,BBTC,BOMBAY BURMAH TRADING COR,1416.8,1428.0,1395.1,1399.4,1416.7,29801
2026-09-17,BOMDYEING,BOMBAY DYEING & MFG. CO L,107.1,108.0,106.82,107.55,107.16,290843
2026-09-17,BSHSL,BOMBAY SUPER HYBRID SEEDS,84.36,91.8,83.78,88.25,84.78,5728
2026-09-17,BONLON,BONLON INDUSTRIES LIMITED,38.06,38.06,35.0,37.07,38.81,19642
2026-09-17,BORANA,BORANA WEAVES LIMITED,305.0,310.95,297.85,299.5,303.05,29492
2026-09-17,BOROLTD,BOROSIL LIMITED,248.3,255.1,246.84,253.4,246.76,111949
2026-09-17,BORORENEW,BOROSIL RENEWABLES LTD,440.45,456.4,439.3,449.35,446.0,947704
2026-09-17,BOROSCI,BOROSIL SCIENTIFIC LTD,117.0,121.27,117.0,118.29,118.52,34041
2026-09-17,BOSCH-HCIL,BOSCH HOME COMFRT IND LTD,1680.2,1698.0,1655.1,1668.3,1674.2,9583
2026-09-17,BOSCHLTD,BOSCH LIMITED,47740.0,48160.0,47595.0,47735.0,47555.0,17379
2026-09-17,BPL,BPL LTD,47.4,47.4,45.7,45.85,46.73,28147
2026-09-17,BRAHMINFRA,BRAHMAPUTRA INFRA L,161.88,161.88,155.01,159.63,155.58,12592
2026-09-17,FIRSTCRY,BRAINBEES SOLUTIONS LTD,171.08,171.24,167.21,169.25,170.02,1804936
2026-09-17,BCONCEPTS,BRAND CONCEPTS LIMITED,159.74,159.74,150.02,154.23,150.68,5383
2026-09-17,BRIGADE,BRIGADE ENTER. LTD,627.0,636.8,618.6,620.9,626.85,260372
2026-09-17,BRIGHOTEL,BRIGADE HOTEL VENTURE LTD,56.12,57.29,55.0,56.52,55.85,121720
2026-09-17,BRIGHTBR,BRIGHT BROTHERS LTD.,252.0,252.0,245.0,245.0,252.0,472
2026-09-17,BCG,BRIGHTCOM GROUP LIMITED,9.8,10.07,9.73,9.86,9.78,4853153
2026-09-17,BRITANNIA,BRITANNIA INDUSTRIES LTD,4996.0,5040.0,4982.0,4982.0,4999.5,308669
2026-09-17,BROOKS,BROOKS LAB LIMITED,62.99,62.99,58.22,61.23,61.02,27597
2026-09-17,BSE,BSE LIMITED,3255.0,3303.0,3232.2,3259.0,3240.0,2770028
2026-09-17,BSL,BSL LTD,119.99,119.99,116.8,117.32,117.97,641
2026-09-17,BUTTERFLY,BTRFLY GANDHI APPL LTD,576.75,590.0,572.55,578.85,576.85,9658
2026-09-17,CGVAK,C G V A K SOFTWARE & EX L,147.9,147.9,142.52,146.5,144.11,271
2026-09-17,MAPMYINDIA,C.E. INFO SYSTEMS LIMITED,884.9,897.8,881.0,889.8,883.1,70478
2026-09-17,CMLL,CALIBER MINING AND LOG L,477.9,485.75,470.05,482.7,475.4,201349
2026-09-17,CAMLINFINE,CAMLIN FINE SCIENCES LTD,98.12,102.87,98.12,99.63,98.12,1064616
2026-09-17,CAMPUS,CAMPUS ACTIVEWEAR LIMITED,211.47,213.12,210.0,211.98,211.47,269576
2026-09-17,CANFINHOME,CAN FIN HOMES LTD,773.1,784.6,770.75,774.4,771.95,186251
2026-09-17,CANBK,CANARA BANK,123.15,125.14,122.48,123.9,123.2,11099833
2026-09-17,CANHLIFE,CANARA HSBC LIFE INS CO L,154.0,156.29,152.62,155.36,153.92,363145
2026-09-17,CRAMC,CANARA ROBECO AMC LIMITED,230.0,235.45,228.85,234.35,228.55,203836
2026-09-17,CANTABIL,CANTABIL RETAIL LTD,239.44,245.0,238.03,243.0,238.95,147281
2026-09-17,CAPACITE,CAPACITE INFRAPROJECT LTD,187.01,194.5,185.32,192.73,186.88,206508
2026-09-17,CAPILLARY,CAPILLARY TECHNO INDIA L,451.0,453.95,444.3,448.95,452.05,121509
2026-09-17,CIFL,CAPITAL INDIA FINANCE LTD,20.95,20.95,19.56,20.03,20.2,422331
2026-09-17,CAPITALSFB,CAPITAL SMALL FIN BANK L,275.85,284.0,272.05,279.9,273.25,15202
2026-09-17,CAPLIPOINT,CAPLIN POINT LAB LTD.,2586.6,2629.8,2579.3,2596.6,2583.0,68353
2026-09-17,CGCL,CAPRI GLOBAL CAPITAL LTD,256.95,266.4,256.65,262.35,256.65,2591024
2026-09-17,CPL,CAPTAIN POLYPLAST LIMITED,63.73,66.47,63.13,65.39,62.26,118614
2026-09-17,CARBORUNIV,CARBORUNDUM UNIVERSAL LTD,1053.9,1094.9,1045.1,1083.6,1051.6,226913
2026-09-17,CARERATING,CARE RATINGS LIMITED,1642.7,1675.0,1636.1,1643.7,1652.5,22029
2026-09-17,CPEDU,CAREER POINT EDUTECH LTD,173.26,179.0,173.05,173.3,174.13,2021
2026-09-17,CARRARO,CARRARO INDIA LIMITED,509.7,524.0,506.95,515.05,508.85,357858
2026-09-17,CARTRADE,CARTRADE TECH LIMITED,2889.9,2959.6,2876.8,2938.0,2885.3,196278
2026-09-17,CARYSIL,CARYSIL LIMITED,1118.4,1136.0,1108.0,1111.1,1118.4,41001
2026-09-17,CASTROLIND,CASTROL INDIA LIMITED,189.4,192.87,188.8,191.72,188.84,4924285
2026-09-17,CCL,CCL PRODUCTS (I) LTD,1060.0,1070.3,1052.0,1062.3,1065.5,112984
2026-09-17,CEATLTD,CEAT LIMITED,3320.0,3442.0,3290.0,3431.1,3305.6,117834
2026-09-17,CEIGALL,CEIGALL INDIA LIMITED,386.0,392.35,383.85,390.0,386.8,283457
2026-09-17,CEINSYS,CEINSYS TECH LIMITED,672.0,695.7,671.0,684.3,673.05,95879
2026-09-17,CELEBRITY,CELEBRITY FASHIONS LTD,6.9,6.9,6.65,6.79,6.73,9287
2026-09-17,CELLO,CELLO WORLD LIMITED,324.0,330.35,323.0,327.6,323.4,146537
2026-09-17,CEMPRO,CEMINDIA PROJECTS LIMITED,1235.1,1266.8,1226.8,1255.1,1235.1,131962
2026-09-17,CENTRALBK,CENTRAL BANK OF INDIA,30.37,30.65,30.12,30.4,30.39,4138533
2026-09-17,CDSL,CENTRAL DEPO SER (I) LTD,1299.0,1357.5,1296.3,1349.4,1299.0,1823018
2026-09-17,CMPDI,CENTRAL MINE P N D INST L,203.25,207.7,201.84,205.69,203.77,1543775
2026-09-17,CENTRUM,CENTRUM CAPITAL LIMITED,21.21,22.8,21.21,22.25,21.52,115717
2026-09-17,CENTUM,CENTUM ELECTRONICS LTD,4327.9,4448.0,4297.4,4343.4,4276.1,62333
2026-09-17,CENTENKA,CENTURY ENKA LTD,561.5,571.45,557.05,564.4,561.45,30676
2026-09-17,CENTEXT,CENTURY EXTRUSIONS LTD,19.47,19.64,18.91,19.05,19.49,213144
2026-09-17,CENTURYPLY,CENTURY PLYBOARDS (I) LTD,724.75,724.75,714.35,718.95,719.9,9957
2026-09-17,CERA,CERA SANITARYWARE LTD,5625.0,5646.0,5576.0,5592.0,5646.0,3685
2026-09-17,CESC,CESC LTD,141.65,143.21,140.88,141.56,141.67,1220274
2026-09-17,CGPOWER,CG POWER AND IND SOL LTD,859.0,883.4,856.3,880.0,851.55,2342568
2026-09-17,CHALET,CHALET HOTELS LIMITED,840.0,855.8,840.0,842.3,844.1,28195
2026-09-17,CLSEL,CHAMAN LAL SETIA EXP LTD,292.0,297.85,290.1,295.55,298.25,57992
2026-09-17,CHAMBLFERT,CHAMBAL FERTILIZERS LTD,407.5,416.0,407.5,413.9,409.1,261042
2026-09-17,CHEMBOND,CHEMBOND MATERIALTECH LTD,197.44,203.99,185.03,196.18,190.06,10490
2026-09-17,CHEMCRUX,CHEMCRUX ENTERPRISES LTD.,81.5,82.8,79.0,82.7,81.14,1924
2026-09-17,CHEMFAB,CHEMFAB ALKALIS LIMITED,355.0,370.1,350.6,356.15,358.0,2925
2026-09-17,CHEMPLASTS,CHEMPLAST SANMAR LIMITED,166.12,169.47,165.01,167.8,166.12,164603
2026-09-17,CHENNPETRO,CHENNAI PETROLEUM CORP LT,1456.0,1519.6,1402.0,1414.1,1456.0,1890830
2026-09-17,CHEVIOT,CHEVIOT COMPANY LIMITED,1169.2,1175.1,1160.2,1161.5,1175.1,611
2026-09-17,CHOICEIN,CHOICE INTERNATIONAL LTD,725.5,742.0,721.6,738.0,725.65,500717
2026-09-17,CHOICEGOLD,CHOICEAMC - CHOICEGOLD,149.9,149.9,147.52,149.3,150.06,4383
2026-09-17,CHOLAHLDNG,CHOLAMANDALAM FIN HOL LTD,1525.6,1537.5,1472.0,1499.2,1512.4,250938
2026-09-17,CHOLAFIN,CHOLAMANDALAM IN & FIN CO,1765.5,1793.2,1747.6,1764.5,1765.6,1802374
2026-09-17,CIEINDIA,CIE AUTOMOTIVE INDIA LTD,375.8,389.0,372.7,385.7,375.8,280016
2026-09-17,CINELINE,CINELINE INDIA LIMITED,90.1,95.0,89.87,92.95,89.96,22444
2026-09-17,CINEVISTA,CINEVISTA LIMITED,13.95,14.5,13.82,13.94,13.88,12684
2026-09-17,CIPLA,CIPLA LTD,1362.5,1385.0,1351.6,1376.3,1358.0,730653
2026-09-17,CUB,CITY UNION BANK LTD,227.0,237.0,227.0,231.82,227.24,2026127
2026-09-17,CLEDUCATE,CL EDUCATE LIMITED,56.94,57.0,54.23,54.63,56.94,7972
2026-09-17,CLEANMAX,CLEAN MAX ENVIRO EN SOL L,1289.8,1328.0,1281.0,1291.1,1286.8,131355
2026-09-17,CLEAN,CLEAN SCIENCE & TECH LTD,821.8,834.8,816.4,828.15,820.0,138156
2026-09-17,CMRGREEN,CMR GREEN TECHNOLOGIES L,212.0,215.19,211.91,213.26,211.91,158680
2026-09-17,CMSINFO,CMS INFO SYSTEMS LIMITED,237.0,237.0,228.28,231.04,232.39,818063
2026-09-17,COALINDIA,COAL INDIA LTD,421.1,422.8,416.55,418.0,422.25,3329425
2026-09-17,COASTCORP,COASTAL CORPORATION LTD,36.2,37.93,35.2,35.46,36.18,161397
2026-09-17,COCHINSHIP,COCHIN SHIPYARD LIMITED,1312.0,1349.9,1310.1,1334.3,1319.0,778679
2026-09-17,COFFEEDAY,COFFEE DAY ENTERPRISE LTD,30.5,31.0,30.41,30.86,30.4,365413
2026-09-17,COFORGE,COFORGE LIMITED,1766.8,1797.4,1759.4,1793.0,1766.7,1305465
2026-09-17,COHANCE,COHANCE LIFESCIENCES LTD,435.0,446.5,428.05,439.95,432.95,1164491
2026-09-17,COLPAL,COLGATE PALMOLIVE LTD.,1861.0,1886.0,1840.0,1840.3,1860.0,416358
2026-09-17,COMFINTE,COMFORT INTECH LTD.,5.88,6.07,5.82,5.99,5.88,124549
2026-09-17,COMSYN,COMMERCIAL SYN BAGS LTD,299.0,303.2,291.0,293.0,294.75,117045
2026-09-17,COMPEAU,COMPETENT AUTOMOB CO. L,360.4,366.0,360.0,360.0,360.4,541
2026-09-17,COMPUSOFT,COMPUCOM SOFTWARE LTD,13.08,13.08,12.8,12.94,12.84,21394
2026-09-17,CAMS,COMPUTER AGE MNGT SER LTD,706.35,718.8,704.5,714.95,705.7,1304374
2026-09-17,CONCORDBIO,CONCORD BIOTECH LIMITED,1446.0,1473.8,1442.2,1461.1,1453.8,84587
2026-09-17,CEWATER,CONCORD ENVIRO SYSTEMS L,259.35,262.3,255.0,256.5,259.35,42259
2026-09-17,CONFIPET,CONFIDENCE PETRO IND LTD.,86.5,88.59,85.5,86.76,86.58,1445669
2026-09-17,CCCL,CONS. CONST. CONSORT LTD,13.5,14.06,13.5,13.69,13.61,223283
2026-09-17,CONCOR,CONTAINER CORP OF IND LTD,487.0,494.0,485.0,488.15,488.8,791185
2026-09-17,CONTROLPR,CONTROL PRINT LIMITED,594.0,610.0,592.0,603.5,591.5,104231
2026-09-17,CORALFINAC,CORAL INDIA FIN & HOUS LT,32.4,33.1,32.2,32.35,32.4,7851
2026-09-17,CORDSCABLE,CORDS CABLE INDUS LTD.,351.7,369.0,340.25,355.3,348.25,101846
2026-09-17,COROMANDEL,COROMANDEL INTERNTL. LTD,1936.0,1947.3,1922.0,1929.8,1937.8,120177
2026-09-17,CORONA,CORONA REMEDIES LIMITED,2160.0,2184.0,2133.1,2169.6,2143.6,13543
2026-09-17,COSMOFIRST,COSMO FIRST LIMITED,873.95,888.0,870.45,879.9,878.05,36388
2026-09-17,CCHHL,COUNTRY CLUB HOSP HOL LTD,12.42,13.0,12.42,12.86,12.5,13409
2026-09-17,CPCAP,CP CAPITAL LIMITED,140.77,142.0,139.51,141.05,140.77,12304
2026-09-17,CPSEETF,CPSE ETF,91.1,93.04,91.1,92.29,92.32,481374
2026-09-17,CRAFTSMAN,CRAFTSMAN AUTOMATION LTD,10900.0,11119.0,10880.0,10937.0,11040.0,24056
2026-09-17,CRAVATEX,CRAVATEX LTD.,334.95,339.9,315.0,337.25,323.1,2104
2026-09-17,CREATIVEYE,CREATIVE EYE LIMITED,5.5,5.93,5.5,5.59,5.59,19166
2026-09-17,CNL,CREATIVE NEWTECH LIMITED,1059.0,1116.0,1055.6,1078.9,1065.5,9593
2026-09-17,CREDITACC,CREDITACCESS GRAMEEN LTD,1409.2,1420.0,1363.3,1370.8,1416.5,175621
2026-09-17,MUFTI,CREDO BRANDS MARKETING L,72.12,75.84,70.7,73.37,72.34,225246
2026-09-17,CREST,CREST VENTURES LIMITED,359.0,380.0,352.55,371.0,359.95,1809
2026-09-17,CRESTO,CRESTO TECHNO LIMITED,16.25,16.25,15.75,15.88,16.34,4460
2026-09-17,CRISIL,CRISIL LTD,4595.0,4629.5,4528.3,4560.0,4578.8,19492
2026-09-17,CRIZAC,CRIZAC LIMITED,175.3,178.0,174.72,176.56,176.02,120353
2026-09-17,CROMPTON,CROMPT GREA CON ELEC LTD,223.1,227.05,222.74,225.1,223.4,1444471
2026-09-17,CROWN,CROWN LIFTERS LIMITED,110.0,111.4,108.0,108.95,107.54,5857
2026-09-17,CSBBANK,CSB BANK LIMITED,322.05,334.7,313.0,328.35,328.75,1959318
2026-09-17,CSLFINANCE,CSL FINANCE LIMITED,215.34,222.95,214.29,216.92,214.26,35051
2026-09-17,CSM,CSM TECHNOLOGIES LIMITED,98.9,103.9,96.32,102.64,96.22,1734949
2026-09-17,CUBEXTUB,CUBEX TUBINGS LTD,74.6,84.9,74.6,81.63,75.09,244471
2026-09-17,CUMMINSIND,CUMMINS INDIA LTD,4940.0,5043.5,4920.0,5020.0,4940.0,255287
2026-09-17,CUPID,CUPID LIMITED,279.0,281.6,276.25,279.15,280.0,5922526
2026-09-17,CURAA,CURA TECHNOLOGIES LIMITED,72.01,73.44,70.4,72.94,75.0,784
2026-09-17,CYIENTDLM,CYIENT DLM LIMITED,858.05,933.8,855.55,893.5,867.4,1059462
2026-09-17,CYIENT,CYIENT LIMITED,1059.6,1084.0,1047.1,1064.0,1054.5,332526
2026-09-17,DLINKINDIA,D-LINK INDIA LTD,420.0,427.65,417.95,424.6,418.0,50547
2026-09-17,DPABHUSHAN,D. P. ABHUSHAN LIMITED,1320.1,1345.4,1320.1,1337.0,1321.6,6301
2026-09-17,DBCORP,D.B.CORP LTD,187.8,189.89,185.47,187.82,186.49,49962
2026-09-17,DABUR,DABUR INDIA LTD,382.4,386.4,381.3,384.55,382.0,1528427
2026-09-17,DALBHARAT,DALMIA BHARAT LIMITED,1680.1,1700.0,1676.4,1693.3,1693.6,43925
2026-09-17,DALMIASUG,DALMIA BHARAT SUG IN LTD,393.1,397.05,387.8,390.5,393.1,100692
2026-09-17,DAMCAPITAL,DAM CAPITAL ADVISORS LTD,135.86,139.8,135.86,136.73,135.99,188242
2026-09-17,DANGEE,DANGEE DUMS LIMITED,2.77,2.84,2.69,2.72,2.73,20661
2026-09-17,DATAPATTNS,DATA PATTERNS INDIA LTD,4325.0,4509.7,4316.7,4411.1,4321.7,763376
2026-09-17,DATAMATICS,DATAMATICS GLOBAL SER LTD,757.6,764.7,750.3,758.35,755.55,46308
2026-09-17,DAVANGERE,DAVANGERE SUGAR COMPANY L,2.0,2.13,2.0,2.06,2.14,6845783
2026-09-17,DCI,DC INFOTECH AND COMUN LTD,266.8,291.7,262.0,282.75,264.15,360736
2026-09-17,DCBBANK,DCB BANK LIMITED,218.0,224.97,217.35,218.51,219.94,911516
2026-09-17,DCMFINSERV,DCM FINANCIAL SERVICES LT,5.14,5.25,4.9,5.13,5.14,18526
2026-09-17,DCM,DCM LTD,76.27,78.59,75.65,76.36,76.27,4988
2026-09-17,DCMNVL,DCM NOUVELLE LIMITED,175.87,177.25,170.4,174.84,174.05,4858
2026-09-17,DCMSRIND,DCM SHRIRAM IND LTD,38.68,39.29,38.26,38.39,38.68,159937
2026-09-17,DCMSIL,DCM SHRIRAM INTERNATNL L,69.28,71.48,68.7,70.29,69.28,59054
2026-09-17,DCMSHRIRAM,DCM SHRIRAM LIMITED,986.0,997.0,979.9,984.0,986.3,36399
2026-09-17,DCW,DCW LTD,44.46,45.8,44.16,45.42,44.26,1193147
2026-09-17,DCXINDIA,DCX SYSTEMS LIMITED,160.6,165.55,160.6,164.32,160.76,231939
2026-09-17,DDEVPLSTIK,DDEV PLASTIKS IND LTD,253.5,258.4,252.2,255.15,252.2,43806
2026-09-17,DENORA,DE NORA INDIA LIMITED,782.0,805.95,775.0,784.85,788.1,2752
2026-09-17,DECCANCE,DECCAN CEMENTS LIMITED,574.2,575.25,565.05,569.2,570.0,6438
2026-09-17,DECNGOLD,DECCAN GOLD MINES LTD.,220.6,225.7,216.56,217.85,220.67,812361
2026-09-17,DEEDEV,DEE DEVELOPMENT ENG LTD,641.05,655.4,628.1,636.95,634.65,200827
2026-09-17,DEEPINDS,DEEP INDUSTRIES LIMITED,736.0,753.0,730.05,734.7,735.15,219051
2026-09-17,DEEP,DEEP POLYMERS LTD.,44.0,49.0,44.0,47.23,43.47,56971
2026-09-17,DEEPA,DEEPA JEWELLERS LIMITED,173.5,175.39,170.1,173.34,171.82,1418179
2026-09-17,DBEIL,DEEPAK BUILDERS & ENG I L,6.7,7.6,6.7,7.05,6.74,955845
2026-09-17,DEEPAKFERT,DEEPAK FERTILIZERS & PETR,1312.0,1343.8,1311.8,1324.6,1315.0,146116
2026-09-17,DEEPAKNTR,DEEPAK NITRITE LTD,1595.0,1611.9,1589.9,1604.8,1590.5,90904
2026-09-17,DELHIVERY,DELHIVERY LIMITED,422.6,429.95,418.85,425.95,421.8,2714899
2026-09-17,DELTACORP,DELTA CORP LIMITED,55.56,56.8,54.26,56.15,55.19,1571230
2026-09-17,DELTAMAGNT,DELTA MANUFACTURING LTD,56.8,56.89,54.0,55.2,54.88,2414
2026-09-17,DEN,DEN NETWORKS LTD,26.3,26.63,26.01,26.45,26.42,297043
2026-09-17,DENTA,DENTA WATER N INFRA SOL L,282.9,286.3,276.2,278.4,282.05,124142
2026-09-17,DEVX,DEV ACCELERATOR LIMITED,32.85,34.25,32.85,33.31,33.96,24692
2026-09-17,DEVIT,DEV INFO TECHNOLOGY LTD,23.6,24.25,23.34,23.43,23.34,7652
2026-09-17,DEVYANI,DEVYANI INTERNATIONAL LTD,136.0,139.95,136.0,138.51,136.69,1853364
2026-09-17,DBOL,DHAMPUR BIO ORGANICS LTD,113.48,118.0,113.42,115.81,113.41,88246
2026-09-17,DHAMPURSUG,DHAMPUR SUGAR MILLS LTD.,152.51,154.0,149.69,151.72,152.74,487682
2026-09-17,DHANBANK,DHANLAXMI BANK LIMITED,29.53,30.0,28.49,28.88,29.42,748677
2026-09-17,DHANUKA,DHANUKA AGRITECH LTD,965.5,987.95,958.1,982.25,961.85,27903
2026-09-17,DHARMAJ,DHARMAJ CROP GUARD LTD,269.9,275.0,269.05,271.1,269.4,39925
2026-09-17,DHATRE,DHATRE UDYOG LTD.,4.21,4.3,4.01,4.12,4.11,26732
2026-09-17,DHOOTTRANS,DHOOT TRANSMISSION LTD,1575.1,1633.3,1517.0,1579.8,1590.9,3305916
2026-09-17,DHRUV,DHRUV CONSULTANCY SER LTD,21.04,22.53,20.5,21.69,21.46,7345
2026-09-17,DHUNINV,DHUNSERI INVESTMENTS LTD,977.2,993.6,975.0,981.75,977.2,177
2026-09-17,DVL,DHUNSERI VENTURES LIMITED,275.0,280.0,274.6,278.8,275.2,6063
2026-09-17,DIAMINESQ,DIAMINES & CHEMICALS LTD,253.0,258.0,253.0,255.04,256.19,1691
2026-09-17,DICIND,DIC INDIA LIMITED,616.4,637.65,616.4,628.45,610.3,11357
2026-09-17,DIFFNKG,DIFFUSION ENGINEERS LTD,426.25,442.0,426.0,435.85,428.7,67958
2026-09-17,DGCONTENT,DIGICONTENT LIMITED,24.19,24.9,23.8,24.0,23.88,3696
2026-09-17,DIGIDRIVE,DIGIDRIVE DISTRIBUTORS L,17.31,17.73,17.26,17.48,17.22,9383
2026-09-17,DIGISPICE,DIGISPICE TECHNOLOGIES LT,16.78,16.99,16.0,16.28,16.45,119422
2026-09-17,DIGITIDE,DIGITIDE SOLUTIONS LTD,85.45,87.23,83.97,84.82,86.25,186290
2026-09-17,DNAMEDIA,DILIGENT MEDIA CORP LTD.,2.6,2.6,2.17,2.31,2.45,124141
2026-09-17,DBL,DILIP BUILDCON LIMITED,405.9,412.35,404.05,408.35,406.2,98310
2026-09-17,DISAQ,DISA INDIA LTD.,11840.0,11988.0,11794.0,11923.0,11747.0,108
2026-09-17,DISHTV,DISH TV INDIA LTD.,2.68,2.7,2.57,2.59,2.66,2655635
2026-09-17,DCAL,DISHMAN CARBO AMCIS LTD,162.92,163.75,160.84,162.11,162.08,151115
2026-09-17,DIVGIITTS,DIVGI TORQTRANSFER SYST L,1116.0,1133.9,1106.6,1122.2,1119.7,57718
2026-09-17,DIVISLAB,DIVI S LABORATORIES LTD,9158.0,9371.0,9135.5,9323.0,9158.0,494167
2026-09-17,DIXON,DIXON TECHNO (INDIA) LTD,13200.0,13495.0,13176.0,13290.0,13181.0,267254
2026-09-17,DJML,DJ MEDIAPRINT & LOG LTD,78.11,79.8,76.53,78.28,78.14,63008
2026-09-17,DLF,DLF LIMITED,623.05,644.55,622.0,640.0,622.8,2478290
2026-09-17,DMCC,DMCC SPECIALITY CHEMICALS,259.3,265.0,258.55,261.7,259.3,58131
2026-09-17,DODLA,DODLA DAIRY LIMITED,1069.9,1073.8,1048.0,1049.6,1063.6,16501
2026-09-17,DOLATALGO,DOLAT ALGOTECH LIMITED,67.47,68.5,67.1,67.86,67.47,122905
2026-09-17,DOLLAR,DOLLAR INDUSTRIES LIMITED,267.05,271.7,262.1,267.0,266.8,53788
2026-09-17,DOLLEX,DOLLEX AGROTECH LIMITED,38.0,38.5,34.1,37.05,37.0,14097
2026-09-17,DOLPHIN,DOLPHIN OFF ENT (IND) L,630.25,685.0,627.25,673.7,635.1,54699
2026-09-17,DOMS,DOMS INDUSTRIES LIMITED,2088.2,2140.0,2088.2,2121.6,2085.2,36511
2026-09-17,DONEAR,DONEAR IND. LIMITED,82.31,83.74,82.2,82.81,82.06,4764
2026-09-17,AGARWALEYE,DR AGARWALS HEALTH CARE L,502.1,504.8,493.4,500.15,505.0,157311
2026-09-17,DRAGARWQ,DR. AGARWAL'S EYE HOSP L,5260.5,5395.0,5251.0,5255.0,5269.5,731
2026-09-17,LALPATHLAB,DR. LAL PATH LABS LTD.,1890.6,1941.1,1888.0,1924.7,1895.7,354166
2026-09-17,DRREDDY,DR. REDDY S LABORATORIES,1140.0,1189.8,1140.0,1175.0,1140.0,2311932
2026-09-17,DRCSYSTEMS,DRC SYSTEMS INDIA LIMITED,12.86,12.86,12.45,12.59,12.48,33189
2026-09-17,DREAMFOLKS,DREAMFOLKS SERVICES LTD,66.9,66.9,64.0,65.17,65.33,32550
2026-09-17,DREDGECORP,DREDGING CORP OF INDIA,987.8,1010.0,982.1,988.0,987.8,40542
2026-09-17,KEEPLEARN,DSJ KEEP LEARNING LTD,1.91,1.91,1.81,1.84,1.83,12300
2026-09-17,LIQUIDETF,DSP LIQUID ETF,1000.0,1000.01,999.99,999.99,999.99,71901
2026-09-17,BANK10ADD,DSPAMC - BANK10ADD,16.57,16.6,16.48,16.52,16.46,4466
2026-09-17,BANKADD,DSPAMC - DSPBANK,57.6,57.92,57.37,57.45,57.52,4145
2026-09-17,GOLDADD,DSPAMC - DSPGOLD,14.58,14.69,14.53,14.63,14.69,2316676
2026-09-17,ITADD,DSPAMC - DSPIT,30.89,31.04,30.6,30.93,30.89,2978
2026-09-17,EQUAL50ADD,DSPAMC - DSPNEWETF,332.23,334.5,331.27,333.34,331.44,6248
2026-09-17,NIFTYADD,DSPAMC - DSPNIFTY,244.47,246.92,244.47,245.65,245.69,4220
2026-09-17,PSUBANKADD,DSPAMC - DSPPSBKETF,83.94,84.84,83.35,83.39,83.23,19080
2026-09-17,PVTBANKADD,DSPAMC - DSPPVBKETF,27.73,27.9,27.66,27.72,27.73,26754
2026-09-17,MIDQ50ADD,DSPAMC - DSPQ50ETF,24.07,24.22,23.93,24.19,24.07,8990
2026-09-17,SENSEXADD,DSPAMC - DSPSENXETF,76.9,77.1,76.51,76.96,76.9,414
2026-09-17,SILVERADD,DSPAMC - DSPSILVETF,22.0,22.0,21.68,21.84,22.04,4411434
2026-09-17,FLEXIADD,DSPAMC - FLEXIADD,9.88,9.88,9.55,9.73,9.68,124615
2026-09-17,FMCGADD,DSPAMC - FMCGADD,45.95,46.09,45.73,45.96,45.94,37341
2026-09-17,HEALTHADD,DSPAMC - HEALTHADD,16.45,16.8,16.45,16.65,16.29,11028
2026-09-17,LIQUIDADD,DSPAMC - LIQUIDADD,1145.02,1145.04,1145.02,1145.02,1144.88,284924
2026-09-17,MIDBANKADD,DSPAMC - MIDBANKADD,17.27,17.27,17.1,17.14,17.22,6401
2026-09-17,MIDCAPADD,DSPAMC - MIDCAPADD,22.7,22.7,22.47,22.67,22.7,18839
2026-09-17,MSCIADD,DSPAMC - MSCIADD,28.62,28.7,28.57,28.63,28.63,10146
2026-09-17,NEXT30ADD,DSPAMC - NEXT30ADD,41.71,42.08,41.71,41.97,41.24,1001
2026-09-17,NEXT50ADD,DSPAMC - NEXT50ADD,70.83,71.54,70.82,71.41,70.74,23050
2026-09-17,SMALLADD,DSPAMC - SMALLADD,18.03,18.19,18.03,18.11,17.99,12790
2026-09-17,TOP10ADD,DSPAMC - TOP10ADD,85.11,85.86,84.86,85.42,85.25,453187
2026-09-17,DUCON,DUCON INFRATECHNOLOGIES L,1.27,1.48,1.27,1.27,1.58,20370565
2026-09-17,DWARKESH,DWARIKESH SUGAR IND LTD,41.0,41.27,40.04,40.53,41.04,1708233
2026-09-17,DSSL,DYNACONS SYS & SOLN LTD,1015.9,1036.0,996.0,1008.6,1018.8,36151
2026-09-17,DYNAMATECH,DYNAMATIC TECHNOLOGIES,12030.0,12454.0,11762.0,11819.0,12077.0,22275
2026-09-17,DYCL,DYNAMIC CABLES LIMITED,434.0,448.0,434.0,442.35,433.0,333427
2026-09-17,DYNPRO,DYNEMIC PRODUCTS LIMITED,230.69,235.87,227.0,227.85,230.04,972
2026-09-17,EASTWEST,EAST WEST FREIGHT CARRI L,2.35,2.35,2.1,2.21,2.33,156787
2026-09-17,EASEMYTRIP,EASY TRIP PLANNERS LTD,5.78,5.86,5.71,5.79,5.78,10391902
2026-09-17,ECLERX,ECLERX SERVICES LTD,1971.0,2017.0,1914.0,1923.0,1961.2,233209
2026-09-17,ECORECO,ECO RECYCLING LTD.,425.0,441.95,424.8,435.85,425.1,5030
2026-09-17,ECOSMOBLTY,ECOS (INDIA) MOB & HOSP L,106.8,108.47,106.4,106.89,106.37,46834
2026-09-17,BBETF0432,EDELAMC - BBETF0432,1339.48,1341.17,1338.0,1340.89,1335.29,998
2026-09-17,EBANK10,EDELAMC - EBANK10,16.52,16.52,16.22,16.28,16.52,3478
2026-09-17,EBANKNIFTY,EDELAMC - EBANKNIFTY,57.03,57.03,56.48,56.74,56.61,519
2026-09-17,EBBETF0430,EDELAMC - EBBETF0430,1596.18,1610.12,1596.18,1607.25,1604.0,7020
2026-09-17,EBBETF0431,EDELAMC - EBBETF0431,1433.99,1433.99,1428.52,1432.11,1427.29,3663
2026-09-17,EBBETF0433,EDELAMC - EBBETF0433,1308.96,1309.0,1301.1,1304.44,1309.64,3052
2026-09-17,ECAPINSURE,EDELAMC - ECAPINSURE,23.1,23.6,23.1,23.54,23.03,27955
2026-09-17,EGOLD,EDELAMC - EGOLD,150.35,151.05,149.55,150.45,150.95,634380
2026-09-17,ELIQUID,EDELAMC - ELIQUID,1045.15,1048.0,1045.15,1047.99,1047.85,32327
2026-09-17,ELM250,EDELAMC - ELM250,15.99,16.37,15.91,16.27,15.99,32891
2026-09-17,ELMDIV,EDELAMC - ELMDIV,35.51,35.63,35.1,35.22,35.39,1592
2026-09-17,EMETAL,EDELAMC - EMETAL,12.99,13.99,12.74,12.99,12.99,7553
2026-09-17,EMULTIMQ,EDELAMC - EMULTIMQ,40.35,41.77,40.35,41.29,39.95,17658
2026-09-17,ENEXT50,EDELAMC - ENEXT50,70.89,70.89,70.88,70.89,70.54,56
2026-09-17,ENIFTY,EDELAMC - ENIFTY,23.5,23.57,23.41,23.49,23.33,975
2026-09-17,ESENSEX,EDELAMC - ESENSEX,75.32,75.33,75.0,75.15,75.27,298
2026-09-17,ESILVER,EDELAMC - ESILVER,227.3,227.3,223.24,226.68,228.89,87265
2026-09-17,EDELWEISS,EDELWEISS FIN SERV LTD,127.05,129.9,126.1,128.34,126.74,5586474
2026-09-17,EFCIL,EFC (I) LIMITED,179.26,182.35,175.13,177.95,178.06,243092
2026-09-17,EICHERMOT,EICHER MOTORS LTD,7495.0,7552.5,7489.0,7493.5,7500.0,255852
2026-09-17,EIDPARRY,EID PARRY INDIA LTD,702.2,706.8,699.15,703.1,703.05,161641
2026-09-17,EIHAHOTELS,EIH ASSOCIATED HOTELS LTD,286.95,297.9,286.95,294.95,287.0,16981
2026-09-17,EIHOTEL,EIH LIMITED,292.0,302.0,290.0,299.9,292.1,302712
2026-09-17,EIMCOELECO,EIMCO ELECON (INDIA) LTD,2265.7,2309.7,2235.0,2247.4,2277.1,17329
2026-09-17,EKI,EKI ENERGY SERVICES LTD,67.55,69.4,67.17,68.36,67.57,22081
2026-09-17,ELANTAS,ELANTAS BECK INDIA LTD.,13450.0,14000.0,13450.0,13686.0,13436.0,2711
2026-09-17,ELCIDIN,ELCID INVESTMENTS LTD.,106200.0,108985.0,104825.0,106270.0,107120.0,14
2026-09-17,ELDEHSG,ELDECO HSG & IND LTD.,769.0,783.9,761.15,767.1,769.15,152
2026-09-17,ELECON,ELECON ENG. CO. LTD,407.35,420.0,407.1,414.6,407.35,137261
2026-09-17,EMIL,ELECTRONICS MART IND LTD,180.5,188.1,180.1,185.07,180.93,1962550
2026-09-17,ELECTCAST,ELECTROSTEEL CASTINGS LTD,74.55,75.69,73.75,74.07,74.33,1335023
2026-09-17,ELECTHERM,ELECTROTHERM (I) LTD.,949.85,949.85,920.0,932.65,941.15,7800
2026-09-17,ELGIEQUIP,ELGI EQUIPMENTS LTD,590.1,603.8,585.0,593.3,592.5,381647
2026-09-17,ELGIRUBCO,ELGI RUBBER CO. LTD,57.9,62.8,57.5,60.81,56.68,81747
2026-09-17,ELIN,ELIN ELECTRONICS LIMITED,88.99,90.4,87.25,89.88,88.71,135916
2026-09-17,ELITECON,ELITECON INTERNATIONAL L,7.75,7.75,7.75,7.75,8.15,642833
2026-09-17,ELLEN,ELLENBARRIE INDUS GASES L,375.9,381.45,367.4,371.0,374.65,1292697
2026-09-17,ELPROINTL,ELPRO INTERNATIONAL LTD,174.11,174.11,173.01,173.26,173.51,1210
2026-09-17,EMAMILTD,EMAMI LIMITED,373.7,396.45,370.0,376.1,369.3,9467997
2026-09-17,EMAMIREAL,EMAMI REALTY LIMITED,68.4,68.4,66.0,67.87,66.31,1930
2026-09-17,EMBDL,EMBASSY DEVELOPMENTS LTD,53.2,55.71,53.2,54.91,53.68,3709144
2026-09-17,EMCURE,EMCURE PHARMACEUTICALS L,1913.2,1940.4,1891.6,1909.8,1931.9,136884
2026-09-17,EMKAY,EMKAY GLOBAL FIN SERV LTD,240.0,253.0,240.0,248.95,242.3,6217
2026-09-17,EMMVEE,EMMVEE PHOTOVOLTAIC PWR L,323.0,326.75,316.05,325.5,321.7,2271950
2026-09-17,EMPIND,EMPIRE INDUSTRIES LTD.,1020.0,1073.0,1020.0,1065.3,1026.9,3890
2026-09-17,EMPOWER,EMPOWER INDIA LTD.,2.45,2.56,2.44,2.5,2.48,57786293
2026-09-17,EMSLIMITED,EMS LIMITED,361.3,367.5,360.8,364.5,362.25,103263
2026-09-17,EMUDHRA,EMUDHRA LIMITED,617.85,650.0,610.2,633.35,642.3,4759356
2026-09-17,ENDURANCE,ENDURANCE TECHNO. LTD.,2639.9,2706.6,2628.5,2690.8,2628.4,194228
2026-09-17,ENERGYDEV,ENERGY DEVE. CO.LTD,14.02,14.79,14.02,14.66,14.08,11022
2026-09-17,ENGINERSIN,ENGINEERS INDIA LTD,261.0,267.95,259.95,263.75,260.65,1556919
2026-09-17,ENKEIWHEL,ENKEI WHEELS (INDIA) LTD.,399.9,401.8,384.9,392.6,390.2,1848
2026-09-17,ENTERO,ENTERO HEALTHCARE SOLU L,1740.5,1786.9,1610.8,1666.6,1731.8,1233669
2026-09-17,ENIL,ENTERTAIN NET. IND. LTD.,101.0,101.97,100.11,100.85,100.34,4332
2026-09-17,EIEL,ENVIRO INFRA ENGINEERS L,194.85,201.67,193.21,199.64,194.87,1527032
2026-09-17,EPACK,EPACK DURABLE LIMITED,178.09,181.5,176.8,180.82,178.09,279105
2026-09-17,EPACKPEB,EPACK PREFAB TECHN LTD,222.0,225.45,220.14,222.26,221.47,315272
2026-09-17,EPIGRAL,EPIGRAL LIMITED,1084.0,1115.9,1077.0,1101.4,1084.0,23453
2026-09-17,EPL,EPL LIMITED,234.45,239.0,229.05,231.4,233.9,2496141
2026-09-17,EQUITASBNK,EQUITAS SMALL FIN BNK LTD,74.0,74.39,71.75,72.13,73.5,1530643
2026-09-17,ERIS,ERIS LIFESCIENCES LIMITED,1296.0,1350.0,1290.6,1310.7,1303.2,44936
2026-09-17,ESABINDIA,ESAB INDIA LTD,5675.5,5710.5,5600.5,5618.5,5675.0,2521
2026-09-17,ESCORTS,ESCORTS KUBOTA LIMITED,2815.6,2843.6,2809.0,2830.0,2815.6,51122
2026-09-17,ESDS,ESDS SOFTWARE SOLUTION L,1646.85,1646.85,1646.85,1646.85,1733.5,59604
2026-09-17,ESSARSHPNG,ESSAR SHIPPING LTD,15.56,16.25,15.56,16.14,15.53,191957
2026-09-17,ESTER,ESTER INDUSTRIES LTD,85.4,88.35,85.4,86.76,86.24,26887
2026-09-17,ETERNAL,ETERNAL LIMITED,318.3,327.8,318.25,322.35,317.0,27543143
2026-09-17,ETHOSLTD,ETHOS LIMITED,2612.5,2673.0,2581.1,2651.0,2612.5,14831
2026-09-17,EUREKAFORB,EUREKA FORBES LIMITED,391.75,398.95,386.1,391.1,394.15,142731
2026-09-17,EUROBOND,EURO PANEL PRODUCTS LTD,148.34,151.0,148.0,148.49,149.84,698
2026-09-17,EUROPRATIK,EURO PRATIK SALES LIMITED,241.0,243.0,232.1,234.85,240.05,227748
2026-09-17,EVEREADY,EVEREADY INDS. IND.  LTD.,333.1,340.6,332.1,334.1,333.95,52844
2026-09-17,EKC,EVEREST KANTO CYLINDERLTD,99.85,101.84,98.52,101.01,98.75,78489
2026-09-17,EXCELINDUS,EXCEL INDUSTRIES LTD,955.9,972.7,940.0,963.8,966.8,19529
2026-09-17,EXCELSOFT,EXCELSOFT TECHNOLOGIES L,79.21,81.03,79.01,79.8,80.17,566163
2026-09-17,EXICOM,EXICOM TELE SYSTEMS LTD,162.13,167.45,158.0,160.09,162.72,937220
2026-09-17,EXIDEIND,EXIDE INDUSTRIES LTD,415.35,421.95,411.0,418.6,415.5,1041144
2026-09-17,EXPLEOSOL,EXPLEO SOLUTIONS LIMITED,884.0,900.0,872.3,898.05,879.85,35973
2026-09-17,EXXARO,EXXARO TILES LIMITED,6.2,6.34,6.2,6.26,6.25,640912
2026-09-17,FABTECH,FABTECH TECHNOLOGIES LTD,145.66,148.48,145.26,146.92,145.66,62523
2026-09-17,FACT,FACT LTD,748.0,775.0,747.5,759.8,749.0,147229
2026-09-17,FAZE3Q,FAZE THREE LIMITED,460.05,460.15,435.0,442.15,447.2,23415
2026-09-17,FCSSOFT,FCS SOFTWARE SOLN. LTD.,1.42,1.43,1.4,1.42,1.41,847857
2026-09-17,FDC,FDC LIMITED,351.0,353.7,347.3,352.15,350.2,89270
2026-09-17,FEDFINA,FEDBANK FINANCIAL SER L,150.99,153.5,150.2,152.27,150.76,479562
2026-09-17,FEDDERSHOL,FEDDERS HOLDING LTD.,51.16,53.1,51.0,52.29,50.81,3091043
2026-09-17,FEDERALBNK,FEDERAL BANK LTD,342.0,343.75,332.45,332.75,341.8,5321222
2026-09-17,FMGOETZE,FEDERAL-MOGUL GOETZE (IND,441.0,453.1,441.0,447.5,446.8,134140
2026-09-17,FERMENTA,FERMENTA BIOTECH LTD.,470.0,473.2,462.0,465.7,470.0,36048
2026-09-17,FIBERWEB,FIBERWEB INDIA LIMITED,26.72,26.72,25.56,26.4,26.08,7278
2026-09-17,FIEMIND,FIEM INDUSTRIES LIMITED,1942.8,1965.1,1895.5,1900.9,1927.9,113760
2026-09-17,FILATFASH,FILATEX FASHIONS LIMITED,0.18,0.19,0.18,0.18,0.18,11475735
2026-09-17,FILATEX,FILATEX INDIA LTD,87.99,91.9,85.56,90.35,87.22,7738959
2026-09-17,FINEORG,FINE ORGANIC IND. LTD.,5111.0,5220.0,5111.0,5202.0,5193.0,11277
2026-09-17,FCL,FINEOTEX CHEMICAL LIMITED,52.52,54.07,52.2,52.99,53.07,15008357
2026-09-17,FINKURVE,FINKURVE FINANCIAL SERV L,71.5,76.8,71.5,75.05,72.99,46956
2026-09-17,FINOPB,FINO PAYMENTS BANK LTD,136.05,138.37,135.26,136.43,136.05,87730
2026-09-17,FINCABLES,FINOLEX CABLES LTD,1362.5,1428.5,1357.7,1395.8,1362.6,1123026
2026-09-17,FINPIPE,FINOLEX INDUSTRIES LTD,150.83,157.5,150.83,154.43,151.05,318438
2026-09-17,FSL,FIRSTSOURCE SOLU. LTD.,276.4,276.4,271.0,273.1,277.75,1215172
2026-09-17,FISCHER,FISCHER MEDICAL VENTURE L,32.6,34.0,32.6,33.3,33.5,401729
2026-09-17,FIVESTAR,FIVE-STAR BUS FIN LTD,550.0,553.15,529.1,530.95,549.4,351651
2026-09-17,FLAIR,FLAIR WRITING INDUST LTD,233.05,242.18,232.4,237.13,231.89,73615
2026-09-17,FOODSIN,FOODS & INNS LIMITED,53.3,56.5,52.5,54.79,51.98,38926
2026-09-17,FORCEMOT,FORCE MOTORS LIMITED,17370.0,17783.0,17325.0,17650.0,17383.0,62698
2026-09-17,FORTIS,FORTIS HEALTHCARE LTD,877.0,897.0,874.35,886.1,870.3,1175220
2026-09-17,FOSECOIND,FOSECO INDIA LTD,6968.0,7389.5,6676.5,6765.5,6846.5,292524
2026-09-17,FRACTAL,FRACTAL ANALYTICS LIMITED,742.0,761.8,736.5,750.75,738.6,219334
2026-09-17,FREDUN,FREDUN PHARMACEUTICALS L,1229.7,1302.8,1225.0,1278.2,1221.6,130408
2026-09-17,FRONTSP,FRONTIER SPRINGS LTD.,1195.0,1211.9,1177.8,1197.4,1185.8,7310
2026-09-17,NYKAA,FSN E COMMERCE VENTURES,326.5,327.85,323.05,323.75,325.6,5216273
2026-09-17,UTLSOLAR,FUJIYAMA POWER SYSTEMS L,408.0,417.8,404.05,408.95,405.65,246129
2026-09-17,FUSION,FUSION FINANCE LIMITED,182.73,188.9,180.09,184.45,182.73,520634
2026-09-17,FMNL,FUTURE MKT NETWORKS LTD,9.25,9.45,8.85,8.91,9.28,67240
2026-09-17,GMBREW,G M BREWERIES LTD,912.0,949.6,905.0,937.05,912.65,45315
2026-09-17,GRINFRA,G R INFRAPROJECTS LIMITED,805.9,834.65,792.0,829.05,819.05,29503
2026-09-17,GTECJAINX,G-TEC JAINX EDUCATION LTD,28.0,29.5,27.0,27.33,27.61,10615
2026-09-17,GABRIEL,GABRIEL INDIA LTD,1294.0,1319.4,1278.5,1283.7,1295.7,217680
2026-09-17,GAIL,GAIL (INDIA) LTD,171.24,172.82,171.24,172.0,170.65,2741053
2026-09-17,GAJA,GAJA ALT ASSET MGT LTD,138.0,147.14,138.0,145.03,138.83,712798
2026-09-17,GALAPREC,GALA PRECISION ENG LTD,999.9,1019.4,992.8,998.9,999.9,10321
2026-09-17,GALAXYSURF,GALAXY SURFACTANTS LTD,2156.0,2271.0,2144.0,2257.0,2156.3,36315
2026-09-17,GALLANTT,GALLANTT ISPAT LIMITED,530.0,550.0,521.0,537.7,524.95,46859
2026-09-17,GANDHAR,GANDHAR OIL REFINE IND L,257.3,271.7,257.3,269.4,258.95,661006
2026-09-17,GANDHITUBE,GANDHI SPL. TUBES LTD,899.9,904.9,890.0,894.0,900.9,2943
2026-09-17,GANESHCP,GANESH CONSUMER PRODUCT L,162.75,167.9,162.75,164.47,163.07,70600
2026-09-17,GANESHHOU,GANESH HOUSING LIMITED,740.25,758.0,733.55,751.65,740.65,22311
2026-09-17,GANECOS,GANESHA ECOSPHERE LIMITED,960.1,1005.8,932.5,990.6,1000.2,440384
2026-09-17,GANGAFORGE,GANGA FORGING LIMITED,1.6,1.61,1.56,1.57,1.59,1480904
2026-09-17,GANGESSECU,GANGES SECURITIES LIMITED,117.49,117.49,112.05,113.05,115.01,227
2026-09-17,GRSE,GARDEN REACH SHIP&ENG LTD,2319.8,2371.9,2319.7,2339.8,2314.6,269660
2026-09-17,GARUDA,GARUDA CONSTRUCT N ENG L,176.8,178.5,174.1,174.82,175.98,219775
2026-09-17,GRWRHITECH,GARWARE HI-TECH FILMS LTD,6365.0,6619.0,6272.0,6502.5,6431.0,78901
2026-09-17,GARFIBRES,GARWARE TECH FIBRES LTD,799.9,807.0,790.4,799.7,800.6,18980
2026-09-17,GATEWAY,GATEWAY DISTRIPARKS LTD,52.6,53.86,52.4,52.75,52.34,628498
2026-09-17,GAUDIUMIVF,GAUDIUM IVF N WOMEN H L,116.15,120.39,113.74,114.79,116.42,147938
2026-09-17,GAYAHWS,GAYATRI HIGHWAYS LIMITED,1.87,1.9,1.85,1.89,1.84,165932
2026-09-17,GAYAPROJ,GAYATRI PROJECTS LTD,24.1,24.75,23.61,23.62,24.85,1567518
2026-09-17,GVPIL,GE POWER INDIA LIMITED,616.1,632.0,615.6,624.9,616.1,136464
2026-09-17,GVT&D,GE VERNOVA T&D INDIA LTD,4300.0,4394.3,4266.0,4341.0,4267.0,504355
2026-09-17,GEEKAYWIRE,GEEKAY WIRES LIMITED,31.2,34.0,30.41,33.46,30.56,955466
2026-09-17,GEMAROMA,GEM AROMATICS LIMITED,156.07,158.99,151.0,151.9,156.07,133788
2026-09-17,GICRE,GENERAL INS CORP OF INDIA,338.0,346.7,337.8,339.8,337.75,520254
2026-09-17,GENCON,GENERIC ENG CONS PROJ LTD,38.61,40.2,38.61,39.56,39.02,231830
2026-09-17,GENESYS,GENESYS INTL CORPN LTD,278.3,301.0,278.3,284.42,276.71,1226611
2026-09-17,GENUSPAPER,GENUS P&B LIMITED,11.33,11.67,11.12,11.18,11.11,105777
2026-09-17,GENUSPOWER,GENUS POWER INFRASTRU LTD,301.25,305.7,299.3,303.15,301.55,895382
2026-09-17,GEOJITFSL,GEOJIT FINANCIAL SER L,77.0,81.32,76.9,80.12,76.9,353025
2026-09-17,GFLLIMITED,GFL LIMITED,54.74,56.3,53.79,55.7,54.65,63757
2026-09-17,GHCL,GHCL LIMITED,419.0,422.5,416.85,420.1,418.85,41977
2026-09-17,GHCLTEXTIL,GHCL TEXTILES LIMITED,122.6,125.78,121.15,124.33,121.68,553850
2026-09-17,GICHSGFIN,GIC HOUSING FINANCE LTD,135.0,137.74,135.0,135.97,134.92,44942
2026-09-17,GILLANDERS,GILLANDERS ARBUTHNOT LTD,102.01,106.85,100.0,103.87,103.0,3255
2026-09-17,GILLETTE,GILLETTE INDIA LTD,7275.5,7348.5,7238.0,7307.0,7275.5,26121
2026-09-17,GKENERGY,GK ENERGY LIMITED,120.59,122.0,118.2,118.98,119.91,294732
2026-09-17,GKB,GKB OPHTHALMICS LTD.,65.6,65.96,62.4,65.13,62.37,71
2026-09-17,GKWLIMITED,GKW LIMITED,1600.0,1604.9,1573.5,1604.9,1589.2,28
2026-09-17,GLAND,GLAND PHARMA LIMITED,2827.9,2941.1,2820.1,2907.8,2826.6,678985
2026-09-17,GLASSWALL,GLASS WALL SYSTEM (I) LTD,223.75,257.82,222.42,257.82,214.85,64015769
2026-09-17,GLAXO,GLAXOSMITHKLINE PHARMA LT,2852.0,2862.3,2794.5,2799.9,2856.2,28739
2026-09-17,GLENMARK,GLENMARK PHARMACEUTICALS,2406.8,2416.9,2388.4,2416.0,2410.0,227416
2026-09-17,GLOBAL,GLOBAL EDUCATION LIMITED,128.64,133.9,125.76,127.17,128.89,171103
2026-09-17,MEDANTA,GLOBAL HEALTH LIMITED,1409.5,1438.3,1404.2,1424.0,1404.6,152324
2026-09-17,GSLSU,GLOBAL SURFACES LIMITED,26.55,28.3,26.55,28.17,27.51,41951
2026-09-17,GLOBALVECT,GLOBAL VEC HELICORP LTD,126.97,131.49,123.0,125.52,126.96,7754
2026-09-17,GLOBALE,GLOBALE TESSILE LIMITED,11.12,11.5,11.0,11.5,11.12,895
2026-09-17,GLOBECIVIL,GLOBE CIVIL PROJECTS LTD,44.7,45.0,42.31,42.46,42.56,11844
2026-09-17,GLOBE,GLOBE ENTERPRISE (I) LTD,1.78,1.82,1.75,1.78,1.77,461056
2026-09-17,GLOBUSSPR,GLOBUS SPIRITS LTD,838.95,846.65,828.75,830.75,839.05,37184
2026-09-17,GLOSTERLTD,GLOSTER LIMITED,587.0,587.0,577.0,578.0,578.95,298
2026-09-17,GLOTTIS,GLOTTIS LIMITED,57.15,58.5,57.15,58.0,58.01,24712
2026-09-17,GMMPFAUDLR,GMM PFAUDLER LIMITED,1331.0,1377.7,1320.0,1363.4,1335.0,547415
2026-09-17,GMRAIRPORT,GMR AIRPORTS LIMITED,92.46,95.72,92.46,95.04,92.46,11555139
2026-09-17,GMRP&UI,GMR POW AND URBAN INFRA L,93.0,93.93,91.78,92.13,93.16,514108
2026-09-17,GNA,GNA AXLES LIMITED,529.85,549.3,527.85,536.55,529.85,167558
2026-09-17,EBGNG,GNG ELECTRONICS LIMITED,648.0,668.9,633.2,661.65,645.55,529510
2026-09-17,GODIGIT,GO DIGIT GENERAL INS LTD,249.25,257.0,249.25,255.5,250.9,242318
2026-09-17,GOCOLORS,GO FASHION INDIA LTD,304.0,312.4,304.0,308.1,303.6,41874
2026-09-17,GOACARBON,GOA CARBON LIMITED,388.0,398.9,375.0,378.3,390.6,38420
2026-09-17,GOCLCORP,GOCL CORPORATION LIMITED,437.85,458.8,432.6,456.15,428.4,1122429
2026-09-17,GODAVARIB,GODAVARI BIOREFINERIES L,240.49,255.0,239.32,243.31,236.94,1431064
2026-09-17,GPIL,GODAWARI POW & ISP LTD,236.4,241.0,234.61,238.39,236.49,1030313
2026-09-17,GODFRYPHLP,GODFREY PHILLIPS INDIA LT,1941.4,1948.8,1929.5,1943.0,1934.0,99720
2026-09-17,GODREJAGRO,GODREJ AGROVET LIMITED,643.05,655.0,643.05,653.6,647.35,117590
2026-09-17,GODREJCP,GODREJ CONSUMER PRODUCTS,866.45,876.0,865.15,873.0,863.0,884594
2026-09-17,GODREJIND,GODREJ INDUSTRIES LTD,1124.0,1147.0,1124.0,1127.3,1136.5,38932
2026-09-17,GODREJPROP,GODREJ PROPERTIES LTD,1664.0,1695.3,1657.7,1678.2,1665.3,570025
2026-09-17,GOKEX,GOKALDAS EXPORTS LTD.,722.05,730.55,713.0,727.55,725.35,285928
2026-09-17,GOKULAGRO,GOKUL AGRO RESOURCES LTD,216.05,221.71,215.92,218.17,218.43,140349
2026-09-17,GOKUL,GOKUL REFOILS & SOLV LTD,40.35,40.35,39.12,39.74,39.39,161645
2026-09-17,GOLDIAM,GOLDIAM INTERNATIONAL LTD,321.2,329.0,320.75,325.6,321.8,297405
2026-09-17,GOODLUCK,GOODLUCK INDIA LIMITED,505.4,520.3,504.85,509.75,510.3,344280
2026-09-17,GOODYEAR,GOODYEAR INDIA LIMITED,724.8,732.2,704.6,706.15,712.05,13069
2026-09-17,GOPAL,GOPAL SNACKS LIMITED,254.95,255.55,249.2,252.25,254.4,108409
2026-09-17,GOYALALUM,GOYAL ALUMINIUMS LIMITED,5.9,5.99,5.82,5.9,5.9,22014
2026-09-17,GPTHEALTH,GPT HEALTHCARE LIMITED,162.9,165.0,162.28,163.61,163.3,67940
2026-09-17,GPTINFRA,GPT INFRAPROJECTS LTD,109.8,114.0,109.8,113.56,111.0,125495
2026-09-17,GRANDOAK,GRAND OAK CANYONS DIST L,33.5,35.49,33.5,34.07,34.08,1833
2026-09-17,GRANULES,GRANULES INDIA LIMITED,841.0,874.0,838.2,870.4,835.6,915976
2026-09-17,GRAPHITE,GRAPHITE INDIA LTD,818.0,832.4,802.05,814.1,805.05,2989509
2026-09-17,GRASIM,GRASIM INDUSTRIES LTD,3190.0,3205.0,3159.0,3173.1,3187.0,738188
2026-09-17,GRAUWEIL,GRAUER & WEIL IND LTD,74.06,80.4,73.06,79.09,73.56,1086236
2026-09-17,GRAVITA,GRAVITA INDIA LIMITED,1622.2,1638.9,1599.7,1611.6,1622.7,104871
2026-09-17,GREAVESCOT,GREAVES COTTON LTD.,185.52,192.6,185.37,191.72,185.64,1037598
2026-09-17,GREENLAM,GREENLAM INDUSTRIES LTD.,230.86,238.32,230.86,236.73,230.86,42452
2026-09-17,GREENPANEL,GREENPANEL INDUSTRIES LTD,153.8,161.98,150.68,158.4,152.77,1450006
2026-09-17,GREENPLY,GREENPLY INDUSTRIES LTD,279.55,297.0,279.5,293.2,281.1,267600
2026-09-17,GCSL,GRETEX CORPORATE SERVICES,593.55,610.75,583.8,594.35,594.75,611511
2026-09-17,GRINDWELL,GRINDWELL NORTON LIMITED,1856.0,1869.9,1840.9,1862.2,1852.9,15176
2026-09-17,GRMOVER,GRM OVERSEAS LIMITED,81.03,82.95,79.31,80.13,82.02,1105834
2026-09-17,CEMNTGROWW,GROWWAMC - CEMNTGROWW,13.94,14.12,13.67,13.99,13.85,68805
2026-09-17,GROWWCAPM,GROWWAMC - GROWWCAPM,11.0,11.18,10.93,11.12,11.03,735659
2026-09-17,GROWWCHEM,GROWWAMC - GROWWCHEM,29.27,29.49,28.81,29.06,28.97,30831
2026-09-17,GROWWDEFNC,GROWWAMC - GROWWDEFNC,91.8,92.84,91.11,92.31,91.79,180595
2026-09-17,GROWWEV,GROWWAMC - GROWWEV,31.36,31.99,30.7,31.69,31.21,258717
2026-09-17,GROWWGOLD,GROWWAMC - GROWWGOLD,14.7,14.76,14.61,14.69,14.76,2353265
2026-09-17,GROWWHOSPI,GROWWAMC - GROWWHOSPI,52.41,52.5,51.15,52.22,51.14,187670
2026-09-17,GROWWLIQID,GROWWAMC - GROWWLIQID,110.78,110.78,110.77,110.77,110.76,154650
2026-09-17,GROWWLOVOL,GROWWAMC - GROWWLOVOL,10.23,10.24,10.03,10.08,10.05,11111
2026-09-17,GROWWMC150,GROWWAMC - GROWWMC150,224.33,228.09,224.3,226.57,224.33,149
2026-09-17,GROWWMETAL,GROWWAMC - GROWWMETAL,12.08,12.28,11.65,12.2,12.05,407418
2026-09-17,GROWWMOM50,GROWWAMC - GROWWMOM50,10.86,10.86,10.6,10.77,10.66,71314
2026-09-17,GROWWN200,GROWWAMC - GROWWN200,10.95,11.1,10.83,11.04,10.94,14665
2026-09-17,GROWWNET,GROWWAMC - GROWWNET,10.93,11.0,10.61,10.73,10.72,426495
2026-09-17,GROWWNIFTY,GROWWAMC - GROWWNIFTY,9.19,9.55,9.19,9.42,9.43,665258
2026-09-17,GROWWNXT50,GROWWAMC - GROWWNXT50,72.0,72.21,71.05,71.56,72.43,9931
2026-09-17,GROWWPOWER,GROWWAMC - GROWWPOWER,10.98,11.13,10.96,11.07,10.93,1714886
2026-09-17,GROWWPSE,GROWWAMC - GROWWPSE,97.97,97.97,95.0,96.57,95.52,12155
2026-09-17,GROWWPSUBK,GROWWAMC - GROWWPSUBK,83.27,84.14,81.75,82.61,83.33,3497
2026-09-17,GROWWRAIL,GROWWAMC - GROWWRAIL,26.86,27.24,26.75,26.99,26.75,521994
2026-09-17,GROWWRLTY,GROWWAMC - GROWWRLTY,9.28,9.46,9.19,9.39,9.28,280109
2026-09-17,GROWWSC250,GROWWAMC - GROWWSC250,10.5,10.6,10.34,10.38,10.41,379744
2026-09-17,GROWWSLVR,GROWWAMC - GROWWSLVR,22.24,22.3,22.05,22.17,22.38,1344345
2026-09-17,PVTBKGROWW,GROWWAMC - PVTBKGROWW,27.77,27.77,27.2,27.33,27.53,3592
2026-09-17,SMALLGROWW,GROWWAMC - SMALLGROWW,47.89,48.89,47.89,48.11,47.62,7927
2026-09-17,GRPLTD,GRP LIMITED,1979.3,1988.9,1964.2,1971.9,1979.3,439
2026-09-17,GSPCROP,GSP CROP SCIENCE LIMITED,490.2,499.0,479.05,484.05,482.95,341903
2026-09-17,GSS,GSS INFOTECH LIMITED,10.47,10.47,9.88,10.02,10.08,30930
2026-09-17,GTLINFRA,GTL INFRA.LTD,1.12,1.15,1.11,1.14,1.11,28492768
2026-09-17,GTL,GTL LTD,7.1,7.19,7.03,7.06,7.1,86961
2026-09-17,GTPL,GTPL HATHWAY LIMITED,57.39,57.99,56.1,56.62,56.46,71405
2026-09-17,GUFICBIO,GUFIC BIOSCIENCES LTD.,419.2,428.0,415.6,425.5,419.85,34904
2026-09-17,GIPCL,GUJ IND POW CO. LTD,185.05,188.9,184.34,186.12,185.14,364892
2026-09-17,GNFC,GUJ NAR VAL FER & CHEM L,540.0,599.0,538.2,584.85,539.75,8250274
2026-09-17,GSFC,GUJ STATE FERT & CHEM LTD,149.0,154.3,148.6,152.27,149.16,1244753
2026-09-17,GUJAPOLLO,GUJ. APOLLO IND. LTD.,349.85,349.85,321.35,324.0,338.1,27067
2026-09-17,GUJALKALI,GUJARAT ALKALIES & CHEM,691.25,696.95,669.0,673.75,696.5,248407
2026-09-17,GAEL,GUJARAT AMBUJA EXPORTS LT,157.16,161.7,156.49,159.41,157.16,360816
2026-09-17,GUJENERGY,GUJARAT ENERGY LIMITED,244.4,245.45,237.61,239.43,244.24,968254
2026-09-17,FLUOROCHEM,GUJARAT FLUOROCHEM LTD,4533.6,4616.9,4432.6,4471.8,4533.6,184050
2026-09-17,GKSL,GUJARAT KIDNEY N SUP SP L,172.33,179.5,172.33,177.82,172.33,214009
2026-09-17,GLFL,GUJARAT LEASE FINANCING L,5.35,5.44,5.09,5.11,5.35,4382
2026-09-17,GMDCLTD,GUJARAT MINERAL DEV CORP,543.35,552.5,543.35,549.15,543.35,687557
2026-09-17,GNRL,GUJARAT NATURAL RES L,100.0,102.09,99.9,101.05,99.87,77728
2026-09-17,GPPL,GUJARAT PIPAVAV PORT LTD,162.0,163.5,161.49,162.59,162.24,1050527
2026-09-17,GUJRAFFIA,GUJARAT RAFFIA INDUST LTD,40.23,43.4,39.99,40.91,40.23,11381
2026-09-17,GUJTHEM,GUJARAT THEMIS BIOSYN LTD,411.0,425.6,407.35,420.15,412.6,243862
2026-09-17,GULFOILLUB,GULF OIL LUB. IND. LTD.,1064.1,1069.6,1042.0,1064.0,1057.2,20716
2026-09-17,GULPOLY,GULSHAN POLYOLS LIMITED,168.89,172.5,168.01,171.05,168.89,60537
2026-09-17,GYFTR,GYFTR LIMITED,180.5,180.82,174.15,176.12,178.11,12955
2026-09-17,HBESD,H B ESTATE DEVELOPERS L,73.11,73.11,71.5,71.61,71.02,17
2026-09-17,HGINFRA,H.G.INFRA ENGINEERING LTD,463.15,472.0,460.0,460.65,461.5,60479
2026-09-17,HALDER,HALDER VENTURE LIMITED,285.8,299.0,276.85,297.15,285.95,3156
2026-09-17,HALEOSLABS,HALEOS LABS LIMITED,1508.0,1538.0,1490.0,1493.0,1507.9,394
2026-09-17,HAMPTON,HAMPTON SKY REALTY LTD.,8.53,8.53,7.81,8.26,8.55,360061
2026-09-17,HGM,HANDSON GBL MNGMNT LTD,46.3,48.74,45.46,47.79,46.81,5019
2026-09-17,HAPPSTMNDS,HAPPIEST MINDS TECHNO LTD,325.35,328.75,323.8,327.9,327.45,388729
2026-09-17,HAPPYFORGE,HAPPY FORGINGS LIMITED,2115.0,2177.9,2102.7,2143.2,2155.9,56176
2026-09-17,HARDWYN,HARDWYN INDIA LIMITED,9.09,9.12,9.0,9.07,9.04,367587
2026-09-17,HARIOMPIPE,HARIOM PIPE INDUSTRIES L,350.35,357.35,348.55,349.65,350.35,41104
2026-09-17,HRYNSHP,HARIYANA SHIP BREAKERS L,101.9,101.9,96.0,97.5,100.0,1654
2026-09-17,HARRMALAYA,HARRISON MALAYALAM LTD,181.0,185.02,178.8,180.71,178.71,9047
2026-09-17,HARSHA,HARSHA ENGINEERS INT LTD,432.5,438.3,429.25,433.85,430.0,45447
2026-09-17,HATHWAY,HATHWAY CABLE & DATACOM,9.9,10.11,9.9,10.02,10.0,1428469
2026-09-17,HATSUN,HATSUN AGRO PRODUCT LTD.,1213.7,1238.4,1170.0,1181.6,1214.0,46126
2026-09-17,HAVELLS,HAVELLS INDIA LIMITED,1089.9,1095.6,1083.5,1092.0,1089.9,579925
2026-09-17,HAWKINCOOK,HAWKINS COOKERS LTD,8336.5,8375.0,8220.5,8251.5,8296.5,1500
2026-09-17,HAZOOR,HAZOOR MULTI PROJECTS LTD,18.5,19.08,18.32,18.55,18.51,146625
2026-09-17,HBPOR,HB PORTFOLIO LTD.,64.75,64.75,60.21,61.49,62.3,2226
2026-09-17,HBSL,HB STOCKHOLDINGS LIMITED,52.0,53.99,52.0,53.33,52.24,1086
2026-09-17,HBLENGINE,HBL ENGINEERING LTD,710.8,759.1,707.7,756.75,704.65,8034626
2026-09-17,HCL-INSYS,HCL INFOSYSTEMS LTD,10.0,10.2,9.98,10.08,10.0,122940
2026-09-17,HCLTECH,HCL TECHNOLOGIES LTD,1242.2,1258.3,1235.3,1258.3,1253.0,1386250
2026-09-17,HDBFS,HDB FINANCIAL SERVICES L,674.0,688.7,672.0,681.45,678.0,387681
2026-09-17,HDFCAMC,HDFC AMC LIMITED,2378.1,2415.0,2378.1,2387.7,2373.1,492465
2026-09-17,HDFCBANK,HDFC BANK LTD,717.5,719.4,713.0,713.0,721.5,21543303
2026-09-17,HDFCGOLD,HDFC GOLD ETF,128.48,129.12,127.88,128.68,129.11,3431561
2026-09-17,HDFCLIFE,HDFC LIFE INS CO LTD,532.9,560.95,529.95,557.0,530.2,9374431
2026-09-17,HDFCBSE500,HDFCAMC - HDFCBSE500,35.86,37.1,35.86,36.67,36.59,666863
2026-09-17,HDFCGROWTH,HDFCAMC - HDFCGROWTH,114.95,115.8,114.92,115.6,115.2,7899
2026-09-17,HDFCLIQUID,HDFCAMC - HDFCLIQUID,1078.2,1078.2,1078.18,1078.18,1078.05,14392
2026-09-17,HDFCLOWVOL,HDFCAMC - HDFCLOWVOL,19.89,20.05,19.81,20.0,19.8,4264
2026-09-17,HDFCMID150,HDFCAMC - HDFCMID150,23.28,23.28,22.6,22.84,22.72,671075
2026-09-17,HDFCMOMENT,HDFCAMC - HDFCMOMENT,30.08,30.44,29.49,30.36,30.09,142609
2026-09-17,HDFCNEXT50,HDFCAMC - HDFCNEXT50,72.13,73.17,71.92,73.05,72.13,93622
2026-09-17,HDFCNIF100,HDFCAMC - HDFCNIF100,25.36,25.36,25.13,25.29,25.24,26558
2026-09-17,HDFCNIFBAN,HDFCAMC - HDFCNIFBAN,57.93,58.32,57.72,57.81,57.93,19963
2026-09-17,HDFCNIFIT,HDFCAMC - HDFCNIFIT,31.73,31.73,30.8,31.12,30.96,65039
2026-09-17,HDFCNIFTY,HDFCAMC - HDFCNIFTY,268.69,268.69,261.83,263.02,262.14,91285
2026-09-17,HDFCNIMEG,HDFCAMC - HDFCNIMEG,127.21,128.76,127.21,128.33,127.21,20678
2026-09-17,HDFCPVTBAN,HDFCAMC - HDFCPVTBAN,27.24,27.95,27.24,27.74,27.8,225252
2026-09-17,HDFCQUAL,HDFCAMC - HDFCQUAL,56.65,56.98,56.54,56.92,56.71,8797
2026-09-17,HDFCSENSEX,HDFCAMC - HDFCSENSEX,84.65,84.94,84.19,84.77,84.78,27969
2026-09-17,HDFCSILVER,HDFCAMC - HDFCSILVER,216.61,217.39,214.92,216.47,218.6,2385099
2026-09-17,HDFCSML250,HDFCAMC - HDFCSML250,181.1,182.24,179.21,181.9,181.06,1665599
2026-09-17,HDFCVALUE,HDFCAMC - HDFCVALUE,121.97,122.22,121.54,121.91,121.57,5105
2026-09-17,HDFCPSUBK,HDFCAMC HDFCPSUBK,83.78,84.83,83.14,83.64,83.78,10748
2026-09-17,HEADSUP,HEADS UP VENTURES LIMITED,7.19,7.2,6.61,6.97,6.89,5999
2026-09-17,HEALTHX,HEALTH X PLATFORM LIMITED,298.1,303.65,295.0,300.0,298.1,1388
2026-09-17,HCG,HEALTHCARE GLOB. ENT. LTD,678.3,697.95,671.4,687.15,674.15,514056
2026-09-17,HECPROJECT,HEC INFRA PROJECTS LTD,114.45,118.45,112.35,116.84,114.45,10820
2026-09-17,HEIDELBERG,HEIDELBERGCEMENT (I) LTD,141.0,142.0,140.4,141.57,141.2,69366
2026-09-17,HEMIPROP,HEMISPHERE PROP IND LTD,117.9,121.8,117.2,120.81,117.67,228607
2026-09-17,HERANBA,HERANBA INDUSTRIES LTD,163.3,166.26,163.3,165.78,163.31,15592
2026-09-17,HERITGFOOD,HERITAGE FOODS LTD,408.65,412.7,403.55,405.45,408.65,351623
2026-09-17,HEROMOTOCO,HERO MOTOCORP LIMITED,5253.5,5341.0,5243.5,5325.0,5235.0,536484
2026-09-17,HESTERBIO,HESTER BIOSCIENCES LTD,2176.0,2276.9,2176.0,2245.8,2207.7,5072
2026-09-17,HEXATRADEX,HEXA TRADEX LIMITED,158.5,158.5,155.55,156.61,156.37,263
2026-09-17,HEXT,HEXAWARE TECHNOLOGIES LTD,522.0,528.0,515.1,526.45,522.75,107306
2026-09-17,HITECH,HI-TECH PIPES LIMITED,73.36,74.2,73.01,73.74,73.36,205046
2026-09-17,HILINFRA,HIGHWAY INFRASTRUCTURE L,45.6,45.9,43.0,43.07,43.83,203378
2026-09-17,HIKAL,HIKAL LIMITED,222.23,231.35,219.95,225.29,224.38,647006
2026-09-17,HILTON,HILTON METAL FORGING LTD,17.97,17.97,16.8,17.01,17.52,195711
2026-09-17,HSCL,HIMADRI SPECIALITY CHEM L,655.0,661.8,648.15,653.35,652.8,1154408
2026-09-17,HIMATSEIDE,HIMATSINGKA SEIDE LTD,64.61,65.88,63.2,63.65,64.76,524957
2026-09-17,HINDALUMI,HIND ALUMINIUM INDS. LTD.,94.76,95.2,89.0,93.7,93.83,4653
2026-09-17,HINDALCO,HINDALCO  INDUSTRIES  LTD,972.0,987.2,970.5,980.5,972.7,2724042
2026-09-17,HINDCON,HINDCON CHEMICALS LIMITED,24.5,24.5,21.96,23.73,23.76,59869
2026-09-17,HPIL,HINDPRAKASH INDUSTRY LTD,120.0,120.0,117.55,117.86,120.0,292
2026-09-17,HGS,HINDUJA GLOBAL SOLS. LTD.,382.5,392.0,382.5,386.35,386.05,20717
2026-09-17,HINDADH,HINDUSTAN ADHESIVES LTD.,384.95,384.95,370.45,376.8,378.45,1555
2026-09-17,HAL,HINDUSTAN AERONAUTICS LTD,4699.0,4799.0,4687.0,4788.0,4695.6,528884
2026-09-17,HINDCOMPOS,HINDUSTAN COMPOSITES LTD.,374.0,382.95,365.1,369.9,374.3,5364
2026-09-17,HCC,HINDUSTAN CONSTRUCTION CO,21.09,22.3,21.02,21.56,21.04,22120270
2026-09-17,HINDCOPPER,HINDUSTAN COPPER LTD,485.0,489.3,480.7,485.5,481.6,4690266
2026-09-17,HNDFDS,HINDUSTAN FOODS LIMITED,610.5,624.8,603.65,620.35,606.45,79247
2026-09-17,HINDOILEXP,HINDUSTAN OIL EXPLORATION,180.89,184.5,177.5,180.95,180.44,701322
2026-09-17,HINDPETRO,HINDUSTAN PETROLEUM CORP,352.25,353.65,350.35,350.6,350.05,2170850
2026-09-17,HINDUNILVR,HINDUSTAN UNILEVER LTD.,1962.0,1968.9,1942.2,1942.2,1962.0,1171388
2026-09-17,HINDZINC,HINDUSTAN ZINC LIMITED,562.9,574.65,562.8,572.3,567.5,3019909
2026-09-17,HINDWAREAP,HINDWARE HME INOVATON LTD,171.5,177.69,171.5,176.95,171.93,51983
2026-09-17,HIRECT,HIRECT LIMITED,1182.6,1218.7,1180.5,1211.9,1182.6,27111
2026-09-17,HISARMETAL,HISAR METAL IND. LIMITED,161.0,161.0,153.35,155.38,155.5,2683
2026-09-17,POWERINDIA,HITACHI ENERGY INDIA LTD,30435.0,31325.0,30380.0,31230.0,30200.0,98656
2026-09-17,HLEGLAS,HLE GLASCOAT LIMITED,419.0,429.9,412.35,415.65,416.85,279777
2026-09-17,HLVLTD,HLV LIMITED,6.85,6.85,6.6,6.66,6.79,167732
2026-09-17,HMAAGRO,HMA AGRO INDUSTRIES LTD,23.04,23.57,22.6,23.08,23.04,1986317
2026-09-17,HOMEFIRST,HOME FIRST FIN CO IND LTD,1166.0,1177.0,1163.4,1173.3,1175.9,175024
2026-09-17,HONASA,HONASA CONSUMER LIMITED,471.8,471.8,458.1,460.1,469.3,530588
2026-09-17,HONDAPOWER,HONDA I POWER PRODUCT LTD,1939.9,1959.9,1910.0,1934.1,1922.9,1924
2026-09-17,HONAUT,HONEYWELL AUTOMATION IND,33730.0,34140.0,33730.0,33915.0,33895.0,1049
2026-09-17,HORIZONIND,HORIZON INDUSTRIAL PRKS L,52.9,53.2,52.0,52.17,52.91,1812188
2026-09-17,HPAL,HP ADHESIVES LIMITED,36.0,36.0,34.36,34.83,35.64,37616
2026-09-17,HPL,HPL ELECTRIC & POWER LTD,279.0,282.5,278.0,280.4,278.0,55484
2026-09-17,HSBCGOLD,HSBCAMC - HSBCGOLD,131.51,132.0,129.05,130.65,131.51,27776
2026-09-17,HUDCO,HSG & URBAN DEV CORPN LTD,169.73,173.03,167.05,169.55,169.73,2067656
2026-09-17,HTMEDIA,HT MEDIA LIMITED,23.6,24.5,22.9,24.0,22.99,202958
2026-09-17,HUBTOWN,HUBTOWN LIMITED,175.0,179.99,173.01,173.76,176.39,279204
2026-09-17,HUHTAMAKI,HUHTAMAKI INDIA LIMITED,242.3,248.1,242.0,243.6,243.05,92484
2026-09-17,HTEL,HY-TECH ENGINEERS LIMITED,75.71,76.7,68.22,72.05,74.21,3416086
2026-09-17,HYUNDAI,HYUNDAI MOTOR INDIA LTD,2150.0,2232.1,2143.0,2160.0,2155.0,686888
2026-09-17,IGPL,I G PETROCHEMICALS LTD,536.9,557.7,534.75,554.55,533.3,69270
2026-09-17,ISTLTD,I S T LTD.,650.0,687.9,650.0,683.9,650.0,1403
2026-09-17,ICEMAKE,ICE MAKE REFRIGERAT LTD,676.0,689.7,664.9,668.9,671.8,39574
2026-09-17,ICICIBANK,ICICI BANK LTD.,1352.0,1363.0,1347.6,1347.6,1358.8,7867524
2026-09-17,ICICIGI,ICICI LOMBARD GIC LIMITED,1440.0,1498.1,1435.5,1486.7,1440.0,728137
2026-09-17,LOWVOLIETF,ICICI PR NIF LW VL 30 ETF,21.71,21.71,21.29,21.36,21.28,472478
2026-09-17,ICICIPRULI,ICICI PRU LIFE INS CO LTD,470.0,496.9,468.75,490.5,470.0,2550650
2026-09-17,MIDSELIETF,ICICI PRUD MIDCAP SEL ETF,19.28,19.5,19.26,19.43,19.31,408836
2026-09-17,NIF100IETF,ICICI PRUD NIFTY 100 ETF,27.17,27.34,27.11,27.3,27.19,47616
2026-09-17,NIFTYIETF,ICICI PRUD NIFTY ETF,264.47,265.34,263.05,264.67,263.67,254440
2026-09-17,SENSEXIETF,ICICI PRUD SENSEX ETF,851.86,859.76,851.86,855.42,856.15,5540
2026-09-17,ICICIAMC,ICICI PRUDENTIAL AMC LTD,3070.5,3108.8,3022.0,3098.0,3086.3,245387
2026-09-17,GOLDIETF,ICICI PRUDENTIAL GOLD ETF,128.87,129.44,128.09,128.97,129.44,6497359
2026-09-17,NV20IETF,ICICI PRUDENTIAL NV20 ETF,13.32,13.32,13.12,13.22,13.19,337403
2026-09-17,ICICIB22,ICICIPRAMC - BHARATIWIN,111.0,112.63,110.2,112.0,111.78,130930
2026-09-17,CASHIETF,ICICIPRAMC - CASHIETF,1079.65,1079.84,1079.65,1079.83,1079.68,228889
2026-09-17,EVIETF,ICICIPRAMC - EVIETF,31.75,32.49,31.41,31.71,31.84,143068
2026-09-17,GSEC10IETF,ICICIPRAMC - ICICI10GS,263.89,263.89,263.89,263.89,262.2,53
2026-09-17,BSE500IETF,ICICIPRAMC - ICICI500,38.2,38.51,38.02,38.45,38.2,79176
2026-09-17,GSEC5IETF,ICICIPRAMC - ICICI5GSEC,65.28,66.46,65.28,66.14,65.62,2564
2026-09-17,ALPL30IETF,ICICIPRAMC - ICICIALPLV,26.94,27.21,26.9,27.01,26.96,894010
2026-09-17,AUTOIETF,ICICIPRAMC - ICICIAUTO,27.92,28.37,27.8,28.3,27.97,752124
2026-09-17,PVTBANIETF,ICICIPRAMC - ICICIBANKP,27.73,27.97,27.51,27.58,27.94,2030986
2026-09-17,COMMOIETF,ICICIPRAMC - ICICICOMMO,96.24,97.43,96.24,97.15,96.56,23268
2026-09-17,CONSUMIETF,ICICIPRAMC - ICICICONSU,118.0,121.0,118.0,119.86,117.91,13540
2026-09-17,FMCGIETF,ICICIPRAMC - ICICIFMCG,49.95,49.95,48.75,49.12,49.14,973192
2026-09-17,INFRAIETF,ICICIPRAMC - ICICIINFRA,92.21,92.62,91.95,92.3,91.87,356586
2026-09-17,LIQUIDIETF,ICICIPRAMC - ICICILIQ,1000.01,1000.01,999.99,999.99,999.99,368412
2026-09-17,MIDCAPIETF,ICICIPRAMC - ICICIM150,22.64,23.5,22.64,23.41,23.23,576797
2026-09-17,MOM30IETF,ICICIPRAMC - ICICIMOM30,30.47,30.84,30.24,30.75,30.34,432970
2026-09-17,NEXT50IETF,ICICIPRAMC - ICICINXT50,73.33,75.33,73.33,75.3,74.61,369232
2026-09-17,HEALTHIETF,ICICIPRAMC - ICICIPHARM,166.98,172.0,165.31,170.03,166.98,169749
2026-09-17,QUAL30IETF,ICICIPRAMC - ICICIQTY30,20.33,20.45,20.25,20.38,20.27,23099
2026-09-17,SILVERIETF,ICICIPRAMC - ICICISILVE,226.2,227.28,224.7,226.19,228.08,2238306
2026-09-17,ITIETF,ICICIPRAMC - ICICITECH,32.24,32.7,32.04,32.46,32.27,298904
2026-09-17,INSUREIETF,ICICIPRAMC - INSUREIETF,14.72,15.31,14.69,15.09,14.73,1516024
2026-09-17,BANKIETF,ICICIPRAMC - IPRU5008,57.56,58.18,57.56,57.8,57.75,2307654
2026-09-17,METALIETF,ICICIPRAMC - METALIETF,12.88,12.99,12.81,12.97,12.85,2907242
2026-09-17,OILIETF,ICICIPRAMC - OILIETF,11.06,11.11,11.0,11.02,11.06,9119991
2026-09-17,PSUBNKIETF,ICICIPRAMC - PSUBANKICI,84.16,85.1,83.58,83.83,83.7,43257
2026-09-17,SMALLIETF,ICICIPRAMC - SMALLIETF,17.4,18.18,17.4,18.09,17.93,67545
2026-09-17,TOP15IETF,ICICIPRAMC - TOP15IETF,9.53,9.7,9.46,9.56,9.5,31445
2026-09-17,VAL30IETF,ICICIPRAMC - VAL30IETF,14.8,14.92,14.78,14.88,14.8,158592
2026-09-17,FINIETF,ICICIPRAMC-ICICIFIN,31.7,32.05,31.6,31.93,31.61,250140
2026-09-17,ICRA,ICRA LIMITED,4620.0,4634.2,4575.0,4584.6,4610.0,23752
2026-09-17,IDBI,IDBI BANK LIMITED,82.7,83.6,81.6,81.89,82.95,6835313
2026-09-17,IDEAFORGE,IDEAFORGE TECHNO LTD,709.0,732.0,705.55,717.95,702.35,163153
2026-09-17,IDFCFIRSTB,IDFC FIRST BANK LIMITED,84.75,86.49,84.53,86.33,85.01,16998554
2026-09-17,IFBAGRO,IFB AGRO INDUSTRIES LTD,861.8,873.6,855.0,865.15,861.4,1829
2026-09-17,IFBIND,IFB INDUSTRIES LTD,1249.0,1261.8,1209.6,1217.9,1241.9,39470
2026-09-17,IFCI,IFCI LTD,75.21,80.97,75.21,77.09,75.06,176897944
2026-09-17,IFGLEXPOR,IFGL REFRACTORIES LIMITED,198.27,204.97,196.11,197.64,198.27,25285
2026-09-17,IGARASHI,IGARASHI MOTORS INDIA LTD,428.0,436.9,426.0,428.8,428.4,91945
2026-09-17,IIFLCAPS,IIFL CAPITAL SERVICES LTD,335.05,337.85,335.05,336.95,335.6,138772
2026-09-17,IIFL,IIFL FINANCE LIMITED,585.0,604.9,585.0,596.55,585.7,2722029
2026-09-17,IKIO,IKIO TECHNOLOGIES LIMITED,201.9,207.89,201.9,205.83,202.78,193161
2026-09-17,IVC,IL&FS INVESTMENT MANAGERS,7.95,7.95,7.64,7.85,7.76,264012
2026-09-17,IMAGICAA,IMAGICAAWORLD ENT LTD,53.3,53.32,50.7,51.18,52.99,1598718
2026-09-17,INCREDIBLE,INCREDIBLE INDUSTRIES LTD,32.5,34.89,32.03,33.31,32.79,2277
2026-09-17,IMPAL,IND MOTOR PART & ACC LTD,1065.0,1095.9,1064.1,1077.7,1065.0,1046
2026-09-17,INDSWFTLAB,IND SWIFT LABORATORIES LT,362.55,386.2,362.45,378.25,363.9,545009
2026-09-17,INDTERRAIN,IND TERRAIN FASHIONS LTD,30.5,30.5,28.5,28.9,30.29,75171
2026-09-17,INDBANK,INDBANK MERCH BANK,26.2,26.22,25.5,25.66,25.68,31098
2026-09-17,BAJAJINDEF,INDEF MANUFACTURING LTD,215.08,222.08,214.96,221.0,215.36,9241
2026-09-17,INDGN,INDEGENE LIMITED,572.9,594.2,568.8,591.75,573.2,272889
2026-09-17,INDIAGLYCO,INDIA GLYCOLS LTD,255.4,268.9,245.0,248.7,266.2,924594
2026-09-17,INDNIPPON,INDIA NIPPON ELECT  LTD,1231.0,1308.8,1231.0,1262.1,1240.5,83039
2026-09-17,IPL,INDIA PESTICIDES LIMITED,135.02,139.95,135.02,138.69,137.77,827932
2026-09-17,INDIASHLTR,INDIA SHELTER FIN CORP L,655.0,676.9,655.0,670.2,661.6,90331
2026-09-17,ITDC,INDIA TOUR. DEV. CO. LTD.,657.9,670.9,654.6,662.7,656.75,91658
2026-09-17,IBULLSLTD,INDIABULLS LIMITED,28.7,30.18,28.31,29.65,28.79,30372525
2026-09-17,INDIAMART,INDIAMART INTERMESH LTD,1707.9,1718.8,1652.0,1662.7,1706.3,82888
2026-09-17,INDIANB,INDIAN BANK,842.0,856.4,839.0,840.5,840.0,539598
2026-09-17,INDIANCARD,INDIAN CARD CLOTHING CO.,225.0,225.0,208.01,209.0,214.96,374
2026-09-17,IEX,INDIAN ENERGY EXC LTD,111.82,113.85,111.61,113.4,112.0,2083997
2026-09-17,INDIANHUME,INDIAN HUME PIPE CO. LTD.,349.85,361.0,349.85,354.85,349.0,39998
2026-09-17,IMFA,INDIAN METALS & FERRO,1241.5,1295.9,1241.5,1273.7,1246.1,89810
2026-09-17,IOC,INDIAN OIL CORP LTD,134.9,135.33,134.0,134.27,134.75,5640680
2026-09-17,IOB,INDIAN OVERSEAS BANK,32.0,32.5,32.0,32.1,32.09,1111582
2026-09-17,IRCTC,INDIAN RAIL TOUR CORP LTD,454.0,458.4,452.15,457.0,452.95,413859
2026-09-17,IRFC,INDIAN RAILWAY FIN CORP L,79.3,79.92,78.65,79.31,78.95,6486276
2026-09-17,IREDA,INDIAN RENEWABLE ENERGY,108.38,109.74,108.13,108.99,108.4,2634033
2026-09-17,IWP,INDIAN WOOD PRODUCTS CO L,34.5,35.95,34.5,34.71,34.5,8869
2026-09-17,INDIGOPNTS,INDIGO PAINTS LIMITED,1075.2,1106.5,1075.2,1098.9,1081.6,37930
2026-09-17,INDIQUBE,INDIQUBE SPACES LIMITED,200.17,208.0,197.18,202.45,200.15,77034
2026-09-17,INDOBORAX,INDO BORAX & CHEMICAL LTD,472.0,479.0,464.3,466.75,470.3,49008
2026-09-17,ICIL,INDO COUNT INDUSTRIES LTD,431.95,440.3,428.15,435.5,431.95,467590
2026-09-17,INDOFARM,INDO FARM EQUIPMENT LTD,132.9,138.9,132.76,135.07,132.92,148699
2026-09-17,INDORAMA,INDO RAMA SYNTHETICS LTD,85.46,91.4,84.5,89.19,85.6,1774157
2026-09-17,INDOTECH,INDO TECH TRANSFORM LTD.,3355.0,3470.7,3328.0,3411.4,3373.3,8711
2026-09-17,INDOTHAI,INDO THAI SEC LTD,35.32,38.0,35.32,35.32,37.17,4917046
2026-09-17,INDOUS,INDO US BIOTECH LTD,78.92,81.56,77.55,79.34,77.16,5325
2026-09-17,INDOMIM,INDO-MIM LIMITED,955.0,1008.0,946.1,993.2,946.1,2152019
2026-09-17,NIPPOBATRY,INDO-NATIONAL LIMITED,317.25,322.9,312.95,315.2,323.55,2222
2026-09-17,INDOCO,INDOCO REMEDIES LTD.,254.0,259.65,251.47,254.44,254.0,288596
2026-09-17,IGCL,INDOGULF CROPSCIENCES LTD,66.0,67.0,65.05,66.22,65.27,69026
2026-09-17,INDOKEM,INDOKEM LTD.,600.0,666.9,600.0,643.15,606.55,28640
2026-09-17,WAAREEINDO,INDOSOLAR LIMITED,248.0,259.25,244.5,258.8,246.95,171850
2026-09-17,INDOSTAR,INDOSTAR CAPITAL FIN LTD,228.76,235.44,225.0,229.49,226.17,86324
2026-09-17,INDOWIND,INDOWIND ENERGY LTD,9.09,9.09,8.83,8.93,8.95,60616
2026-09-17,IGL,INDRAPRASTHA GAS LTD,148.66,149.67,147.9,148.67,148.77,876042
2026-09-17,INDRAMEDCO,INDRAPRASTHA MEDICAL CORP,358.0,367.6,356.0,363.65,356.55,161344
2026-09-17,INDUSTOWER,INDUS TOWERS LIMITED,377.1,384.75,377.1,381.35,375.6,3756136
2026-09-17,INDUSINDBK,INDUSIND BANK LIMITED,946.0,970.7,945.2,958.2,946.5,3973540
2026-09-17,INDPRUD,INDUSTRIAL & PRU INV CO L,6250.0,6280.5,6125.0,6273.5,6240.0,12
2026-09-17,IITL,INDUSTRIAL INV TRUST LTD,148.8,150.14,146.01,148.03,147.77,92382
2026-09-17,NAUKRI,INFO EDGE (I) LTD,1247.0,1283.1,1242.8,1265.0,1256.0,970996
2026-09-17,INFOBEAN,INFOBEANS TECHNO. LTD.,151.28,151.95,149.15,150.41,150.98,155586
2026-09-17,INFOMEDIA,INFOMEDIA PRESS LIMITED,5.49,5.7,5.13,5.29,5.5,28410
2026-09-17,INFY,INFOSYS LIMITED,1054.9,1063.6,1048.6,1058.6,1060.0,5469865
2026-09-17,INGERRAND,INGERSOLL-RAND INDIA LTD,4261.9,4351.9,4211.0,4225.2,4261.9,21488
2026-09-17,INNOVACAP,INNOVA CAPTAB LIMITED,1125.0,1163.9,1125.0,1149.5,1133.4,33762
2026-09-17,INNOVANA,INNOVANA THINKLABS LTD,319.0,319.0,296.3,298.95,301.3,42632
2026-09-17,INNOVISION,INNOVISION LIMITED,252.5,257.9,252.5,254.45,255.45,10819
2026-09-17,INOXGREEN,INOX GREEN ENERGY SER LTD,172.0,175.94,172.0,174.64,173.11,388779
2026-09-17,INOXINDIA,INOX INDIA LIMITED,1995.0,2063.1,1990.1,2014.8,1978.9,339125
2026-09-17,INOXWIND,INOX WIND LIMITED,74.45,75.25,73.56,74.1,74.5,5711983
2026-09-17,INSECTICID,INSECTICIDES (I) LTD,595.2,603.0,591.1,598.85,595.2,6994
2026-09-17,INA,INSOLATION ENERGY LIMITED,86.6,89.0,86.48,87.38,86.95,409068
2026-09-17,INSPIRISYS,INSPIRISYS SOLUTIONS LTD,83.99,86.39,83.0,84.44,83.31,2811
2026-09-17,ESSENTIA,INTEGRA ESSENTIA LIMITED,1.04,1.06,1.01,1.02,1.04,3370054
2026-09-17,INTELLECT,INTELLECT DESIGN ARENA,660.6,663.7,649.0,651.3,659.45,235066
2026-09-17,INTENTECH,INTENSE TECHNOLOGIES LTD,76.1,77.8,76.1,77.45,76.43,9506
2026-09-17,INTERARCH,INTERARCH BLDNG SOLTN LTD,1672.0,1703.7,1660.8,1692.2,1660.8,19650
2026-09-17,INDIGO,INTERGLOBE AVIATION LTD,4746.5,4855.5,4746.5,4845.0,4733.5,509638
2026-09-17,INTLCONV,INTL CONVEYORS LIMITED,75.4,77.7,75.18,76.49,75.39,18930
2026-09-17,IGIL,INTL GEMOLOGICAL INST LTD,316.85,317.95,311.8,314.9,314.4,308581
2026-09-17,ISFT,INTRASOFT TECH. LTD,77.0,90.26,76.34,90.26,75.22,226945
2026-09-17,INVENTURE,INVENTURE GRO & SEC LTD,0.89,0.91,0.89,0.89,0.88,770998
2026-09-17,IKS,INVENTURUS KNOWLEDGE SO L,1743.5,1771.1,1712.7,1728.9,1752.0,119965
2026-09-17,IVZINGOLD,INVESCO INDIA GOLD ETF,131.4,131.5,130.1,131.1,131.6,47400
2026-09-17,IVZINNIFTY,INVESCO INDIA NIFTY ETF,267.25,268.37,266.38,267.52,267.21,573
2026-09-17,IOLCP,IOL CHEM AND PHARMA LTD,195.05,199.39,189.37,197.49,194.57,3478408
2026-09-17,IONEXCHANG,ION EXCHANGE (INDIA) LTD,424.75,435.7,420.85,424.35,426.25,260929
2026-09-17,IPRINGLTD,IP RINGS LTD.,140.2,146.0,137.0,137.0,138.34,3379
2026-09-17,IPCALAB,IPCA LABORATORIES LTD,1940.0,2014.0,1937.9,1970.3,1950.7,555590
2026-09-17,IRB,IRB INFRA DEV LTD.,19.1,19.14,18.8,18.85,19.05,7312859
2026-09-17,IRCON,IRCON INTERNATIONAL LTD,108.5,110.63,106.8,107.86,108.51,2796585
2026-09-17,IRISDOREME,IRIS CLOTHINGS LIMITED,58.36,63.5,58.02,62.55,58.18,1031078
2026-09-17,IRIS,IRIS REGTECH SOLUTION LTD,238.89,241.7,235.0,237.13,234.84,10126
2026-09-17,IRMENERGY,IRM ENERGY LIMITED,264.15,270.0,264.0,269.1,264.15,24570
2026-09-17,ISGEC,ISGEC HEAVY ENG LTD,759.0,774.05,755.0,769.6,759.05,30853
2026-09-17,ISHANCH,ISHAN DYES N CHEMICALS L,48.9,53.4,46.02,49.43,47.12,124149
2026-09-17,ITCHOTELS,ITC HOTELS LIMITED,153.39,154.95,153.01,154.33,153.39,866754
2026-09-17,ITC,ITC LTD,264.8,268.5,264.1,266.2,264.15,13365227
2026-09-17,ITI,ITI LTD,255.0,257.3,253.5,255.3,255.5,128700
2026-09-17,ITL,ITL INDUSTRIES LTD.,370.0,371.4,360.0,362.5,367.7,411
2026-09-17,IVALUE,IVALUE INFOSOLUTIONS LTD,231.94,231.94,226.0,228.08,230.45,36434
2026-09-17,IZMO,IZMO LIMITED,888.0,959.5,878.45,913.25,880.0,273818
2026-09-17,J&KBANK,J & K BANK LTD.,147.55,150.57,146.45,147.28,147.66,1641221
2026-09-17,JGCHEM,J.G.CHEMICALS LIMITED,583.0,598.4,579.2,588.15,582.9,246274
2026-09-17,JAGRAN,JAGRAN PRAKASHAN LIMITED,61.62,62.0,61.25,61.96,61.22,85935
2026-09-17,JAGSNPHARM,JAGSONPAL PHARMACEUTICALS,228.47,228.84,221.8,227.24,228.28,43798
2026-09-17,JAIBALAJI,JAI BALAJI INDUSTRIES LTD,64.0,64.25,61.9,63.81,64.05,311592
2026-09-17,JAICORPLTD,JAI CORP LIMITED,92.0,93.59,91.92,93.17,92.63,241766
2026-09-17,JISLDVREQS,JAIN DVR EQUITY SHARES,21.0,22.24,20.51,21.18,21.49,73635
2026-09-17,JISLJALEQS,JAIN IRRIGATION SYSTEMS,29.07,31.37,29.0,30.2,29.07,13543422
2026-09-17,JAINREC,JAIN RESOURCE RECYCLING L,275.05,277.25,271.8,274.05,274.8,478999
2026-09-17,JPPOWER,JAIPRAKASH POWER VEN. LTD,15.4,15.62,15.21,15.26,15.41,43904442
2026-09-17,JAMNAAUTO,JAMNA AUTO IND LTD,127.31,130.9,126.55,126.96,128.55,973266
2026-09-17,JSFB,JANA SMALL FIN BANK LTD,510.1,534.75,503.75,520.1,506.6,1866297
2026-09-17,JARO,JARO INS OF TEC MG N RE L,470.0,485.15,466.15,471.05,467.95,148954
2026-09-17,JASH,JASH ENGINEERING LIMITED,492.95,517.1,482.0,514.0,488.9,159181
2026-09-17,JAYBARMARU,JAY BHARAT MARUTI LTD,112.05,115.1,110.4,113.4,113.02,205988
2026-09-17,JAYAGROGN,JAYANT AGRO ORGANICS LTD,234.8,238.79,223.85,225.41,231.66,8582
2026-09-17,JAYNECOIND,JAYASWAL NECO INDUSTR LTD,87.67,89.44,87.28,88.94,87.35,1263615
2026-09-17,JAYKAY,JAYKAY ENTERPRISES LTD,155.81,162.84,155.0,157.06,154.77,204207
2026-09-17,JAYSREETEA,JAYSHREE TEA & INDUSTRIES,89.6,91.81,89.33,89.74,89.23,17993
2026-09-17,JBMA,JBM AUTO LIMITED,586.05,595.45,586.05,593.6,588.2,125831
2026-09-17,JSLL,JEENA SIKHO LIFECARE LTD,497.05,503.8,487.75,490.75,497.05,252582
2026-09-17,JENBURPH,JENBURKT PHARMACEUTICAL L,1007.0,1009.7,975.0,983.4,992.0,2628
2026-09-17,JETFREIGHT,JET FREIGHT LOGISTICS LTD,19.99,20.17,16.51,19.43,19.9,693518
2026-09-17,JHS,JHS SVEND. LAB. LTD,8.51,8.85,8.51,8.59,8.51,46544
2026-09-17,RETAIL,JHS SVENDGAARD RETAIL V L,16.78,17.75,16.21,16.83,16.78,3126
2026-09-17,JPOLYINVST,JIND POL INV & FIN CO LTD,982.05,993.7,970.0,982.25,983.7,2186
2026-09-17,JINDRILL,JINDAL DRILLING IND. LTD,597.4,597.9,579.75,582.7,595.15,192134
2026-09-17,JINDALPHOT,JINDAL PHOTO LIMITED,1114.7,1134.9,1085.9,1129.4,1125.6,9513
2026-09-17,JINDALPOLY,JINDAL POLY FILMS LIMITED,731.15,739.5,717.1,726.0,742.4,30797
2026-09-17,JINDALSAW,JINDAL SAW LIMITED,283.2,294.8,281.5,291.2,281.25,1782236
2026-09-17,JSL,JINDAL STAINLESS LIMITED,730.0,742.7,721.85,724.45,730.85,1286776
2026-09-17,JINDALSTEL,JINDAL STEEL LIMITED,1104.1,1134.6,1104.1,1128.4,1103.0,719206
2026-09-17,JINDWORLD,JINDAL WORLDWIDE LTD,50.48,50.79,48.69,49.0,49.16,4251821
2026-09-17,JKIPL,JINKUSHAL INDUSTRIES LTD,97.95,97.95,94.75,96.2,96.72,2986
2026-09-17,JIOFIN,JIO FIN SERVICES LTD,225.0,230.36,225.0,229.3,224.84,12303050
2026-09-17,NIFTYJBLK,JIOBLACKROCKAMC-NIFTYJBLK,12.37,12.37,11.85,11.94,12.07,86852
2026-09-17,JITFINFRA,JITF INFRALOGISTICS LTD,278.0,290.0,278.0,286.4,278.0,9176
2026-09-17,JKCEMENT,JK CEMENT LIMITED,4780.0,5055.0,4745.5,5027.0,4750.0,79376
2026-09-17,JKLAKSHMI,JK LAKSHMI CEMENT LTD,505.0,510.8,504.05,510.4,507.65,49669
2026-09-17,JKPAPER,JK PAPER LIMITED,418.0,442.0,414.0,418.05,417.35,1832851
2026-09-17,JKTYRE,JK TYRE & INDUSTRIES LTD,344.5,349.5,343.7,348.55,343.3,310543
2026-09-17,JKIL,JKUMAR INFR.LTD.,480.4,483.45,472.05,475.55,480.4,58033
2026-09-17,JMFINANCIL,JM FINANCIAL LIMITED,121.45,123.2,121.0,122.51,120.46,1550618
2026-09-17,JNKINDIA,JNK INDIA LIMITED,405.05,415.45,405.0,411.95,407.2,43671
2026-09-17,JOCIL,JOCIL LIMITED,142.7,150.9,138.1,147.04,143.0,6169
2026-09-17,COCKERILL,JOHN COCKERILL INDIA LTD.,7885.0,8090.0,7848.0,8029.0,7877.5,4903
2026-09-17,JSWCEMENT,JSW CEMENT LIMITED,116.5,117.24,115.85,116.64,116.52,915141
2026-09-17,JSWDULUX,JSW DULUX LIMITED,3061.0,3094.2,3052.3,3074.0,3082.0,7492
2026-09-17,JSWENERGY,JSW ENERGY LIMITED,505.0,514.0,504.6,512.0,504.7,1016989
2026-09-17,JSWHL,JSW HOLDINGS LIMITED,10948.0,11269.0,10803.0,11146.0,10935.0,3694
2026-09-17,JSWINFRA,JSW INFRASTRUCTURE LTD,325.55,329.45,322.8,326.65,325.55,1990569
2026-09-17,JSWSTEEL,JSW STEEL LIMITED,1248.9,1260.0,1242.1,1253.4,1248.9,1351578
2026-09-17,JTEKTINDIA,JTEKT INDIA LIMITED,117.29,119.6,117.29,118.87,117.12,84316
2026-09-17,JTLIND,JTL INDUSTRIES LIMITED,85.0,87.65,83.8,87.32,84.6,2352512
2026-09-17,JUBLCPL,JUBILANT AGRI N CON PRO L,2085.1,2128.0,2002.0,2020.4,2096.4,13155
2026-09-17,JUBLFOOD,JUBILANT FOODWORKS LTD,469.95,486.75,467.35,480.2,471.0,817225
2026-09-17,JUBLINGREA,JUBILANT INGREVIA LIMITED,624.9,638.5,624.9,633.25,631.95,115209
2026-09-17,JUBLPHARMA,JUBILANT PHARMOVA LTD,1002.0,1025.9,997.05,1012.1,1002.5,87805
2026-09-17,JMA,JULLUNDUR MOT AGENCY LTD,90.0,91.65,89.31,90.29,90.3,9935
2026-09-17,JNPR,JUNIPER GREEN ENERGY LTD,262.0,264.0,251.7,257.2,261.8,770412
2026-09-17,JUNIPER,JUNIPER HOTELS LIMITED,219.0,219.07,214.53,215.44,214.32,123941
2026-09-17,JLHL,JUPITER LIFE LINE HOSP L,278.2,280.55,272.2,277.75,276.85,148183
2026-09-17,JWL,JUPITER WAGONS LIMITED,228.67,233.76,228.67,231.23,228.67,562055
2026-09-17,JUSTDIAL,JUSTDIAL LTD.,668.35,677.95,665.0,674.05,673.7,79512
2026-09-17,JYOTHYLAB,JYOTHY LABS LIMITED,195.35,198.0,193.38,193.84,195.41,233311
2026-09-17,JYOTICNC,JYOTI CNC AUTOMATION LTD,963.05,1007.1,960.95,980.85,967.7,491500
2026-09-17,JYOTIRES,JYOTI RESINS & ADHESIVE L,832.0,845.95,831.05,837.9,839.45,2099
2026-09-17,JYOTISTRUC,JYOTI STRUCTURES LTD,9.01,9.19,8.92,9.11,9.02,3317616
2026-09-17,KJMCFIN,K J M C FINANCIAL SERV L,63.99,63.99,60.5,61.02,62.57,593
2026-09-17,KMCSHIL,K M C SPECIALITY HOSP I L,146.92,160.39,144.47,156.74,146.93,5686607
2026-09-17,KMSUGAR,K M SUGAR MILLS LTD,29.01,29.21,28.25,28.44,28.63,104471
2026-09-17,KPEL,K.P. ENERGY LIMITED,209.6,213.96,209.0,212.48,210.32,130224
2026-09-17,KABRAEXTRU,KABRA EXTRUSION TECHNIK L,628.05,648.0,623.55,632.75,628.1,162222
2026-09-17,KAJARIACER,KAJARIA CERAMICS LTD,1215.0,1224.4,1210.0,1217.2,1215.9,78492
2026-09-17,KAKATCEM,KAKATIYA CEM SUGAR &IND L,108.44,109.7,107.1,108.23,108.44,804
2026-09-17,KALPATARU,KALPATARU LIMITED,260.0,261.4,255.2,257.2,256.3,29902
2026-09-17,KPIL,KALPATARU PROJECT INT LTD,1403.5,1417.5,1390.1,1399.3,1390.9,231336
2026-09-17,KALYANKJIL,KALYAN JEWELLERS IND LTD,580.0,592.5,578.5,581.45,580.9,5395166
2026-09-17,KICL,KALYANI INVEST CO LTD,4815.0,4853.0,4775.0,4822.0,4779.5,537
2026-09-17,KSL,KALYANI STEELS LIMITED,952.0,1002.8,952.0,970.55,952.0,309254
2026-09-17,KAMAHOLD,KAMA HOLDINGS LTD.,2240.0,2297.0,2240.0,2278.8,2249.9,3479
2026-09-17,KAMANWALA,KAMANWALA HOUSING CONST L,17.95,17.95,16.5,16.5,17.24,2130
2026-09-17,KAMATHOTEL,KAMAT HOTELS (I) LTD,209.7,224.0,209.46,219.45,209.88,55950
2026-09-17,KAMOPAINTS,KAMDHENU VENTURES LIMITED,4.28,4.4,4.21,4.35,4.21,106639
2026-09-17,KANANIIND,KANANI INDUSTRIES LTD,1.44,1.53,1.39,1.41,1.42,169039
2026-09-17,KANCHI,KANCHI KARPOORAM LTD.,388.5,393.4,386.0,389.0,388.5,74
2026-09-17,KANCOTEA,KANCO TEA & INDS. LTD.,52.31,56.39,52.31,55.62,55.3,34
2026-09-17,KANOHAR,KANOHAR ELECTRICALS LTD,768.7,884.95,765.5,817.0,751.5,23002741
2026-09-17,KANPRPLA,KANPUR PLASTIPACK LIMITED,260.0,267.95,257.1,259.75,265.85,14133
2026-09-17,KANSAINER,KANSAI NEROLAC PAINTS LTD,184.65,186.4,183.0,184.2,184.81,135649
2026-09-17,KAPSTON,KAPSTON SERVICES LIMITED,572.5,593.0,572.5,577.3,577.15,50003
2026-09-17,KARAMTARA,KARAMTARA ENGINEERING L,320.0,352.0,320.0,352.0,254.0,27433507
2026-09-17,KARMAENG,KARMA ENERGY LIMITED,39.65,41.69,39.24,39.91,38.72,39008
2026-09-17,KTKBANK,KARNATAKA BANK LIMITED,318.0,323.0,309.85,313.9,318.2,1702377
2026-09-17,KARURVYSYA,KARUR VYSYA BANK LTD,334.8,337.5,330.35,331.5,334.8,725600
2026-09-17,KSCL,KAVERI SEED CO. LTD.,690.0,711.0,689.0,703.35,690.45,53950
2026-09-17,KAVDEFENCE,KAVVERI DFS & WIR TEC LTD,72.61,76.7,70.3,71.64,73.43,673182
2026-09-17,KAYNES,KAYNES TECHNOLOGY IND LTD,3402.0,3562.0,3395.0,3520.0,3385.0,1242077
2026-09-17,KCP,KCP LTD,158.64,161.84,157.3,157.92,158.64,54504
2026-09-17,KDGREEN,KD GREEN INDUSTRIES LTD,47.46,49.97,46.62,49.46,46.87,32704
2026-09-17,KDDL,KDDL LIMITED,3830.7,3901.9,3802.2,3837.6,3819.0,10099
2026-09-17,KEC,KEC INTL. LIMITED,397.55,405.3,397.45,401.95,397.55,453424
2026-09-17,KEI,KEI INDUSTRIES LTD.,4498.0,4561.0,4463.5,4560.0,4506.0,218838
2026-09-17,KELLTONTEC,KELLTON TECH SOL LTD,13.53,13.75,13.37,13.57,13.5,1690878
2026-09-17,KENNAMET,KENNAMETAL INDIA LIMITED,4156.0,4430.0,4156.0,4321.6,4135.8,42230
2026-09-17,KERNEX,KERNEX MICROSYS(I) LTD,1633.0,1735.0,1633.0,1722.6,1648.3,142463
2026-09-17,KKCL,KEWAL KIRAN CLOTHING LTD,485.55,496.45,485.55,489.65,485.55,23705
2026-09-17,KEYFINSERV,KEYNOTE FIN SERV LTD.,246.25,246.25,246.25,246.25,246.25,93
2026-09-17,RUSTOMJEE,KEYSTONE REALTORS LIMITED,338.35,345.05,337.0,340.95,338.35,13704
2026-09-17,KFINTECH,KFIN TECHNOLOGIES LIMITED,884.3,903.65,880.85,897.0,889.0,357777
2026-09-17,KHAITANLTD,KHAITAN (INDIA)LTD.,159.95,159.95,148.65,154.95,149.37,2221
2026-09-17,KHAICHEM,KHAITAN CHEM & FERT LTD,51.25,51.25,49.56,49.97,50.47,139399
2026-09-17,KHANDSE,KHANDWALA SECURITIES LTD,17.89,17.9,17.26,17.58,17.5,516
2026-09-17,KLBRENG-B,KILBURN ENGINEERING LTD.,465.0,470.45,457.05,460.1,462.65,73999
2026-09-17,KINGFA,KINGFA SCI & TEC IND LTD.,5884.0,5960.0,5826.0,5855.5,5889.0,9494
2026-09-17,KIOCL,KIOCL LIMITED,328.6,339.6,328.6,337.7,326.85,90467
2026-09-17,KIRANVYPAR,KIRAN VYAPAR LTD.,207.96,213.1,200.0,207.0,200.09,12978
2026-09-17,KIRIINDUS,KIRI INDUSTRIES LIMITED,513.0,543.5,512.85,535.45,513.4,634854
2026-09-17,KIRLOSBROS,KIRLOSKAR BROTHERS LTD,1720.0,1776.0,1716.0,1770.8,1724.7,28378
2026-09-17,KECL,KIRLOSKAR ELECTRIC CO LTD,118.11,122.22,115.96,119.42,120.02,84728
2026-09-17,KIRLFER,KIRLOSKAR FERROUS IND LTD,474.0,477.0,470.3,474.35,470.9,68163
2026-09-17,KIRLOSIND,KIRLOSKAR INDUSTRIES LTD,3807.3,3833.1,3752.0,3780.6,3770.2,6731
2026-09-17,KIRLOSENG,KIRLOSKAR OIL ENG LTD,2036.0,2159.0,2025.1,2120.6,2040.5,663959
2026-09-17,KIRLPNU,KIRLOSKAR PNEUMATIC COM L,699.9,700.0,681.0,693.85,695.2,95454
2026-09-17,KITEX,KITEX GARMENTS LTD,118.5,121.0,117.81,120.58,118.58,348505
2026-09-17,KNAGRI,KN AGRI RESOURCES LIMITED,180.08,205.0,180.08,202.24,180.25,17508
2026-09-17,KNACK,KNACK PACKAGING LIMITED,180.24,185.12,180.2,184.16,179.69,595577
2026-09-17,KMEW,KNOWLEDGE MARINE & EN W L,2710.0,2850.0,2710.0,2828.1,2708.7,64061
2026-09-17,KNRCON,KNR CONSTRU LTD.,121.82,125.42,120.1,120.86,121.82,4429969
2026-09-17,KOHINOOR,KOHINOOR FOODS LIMITED,31.7,32.38,30.5,31.2,31.36,114143
2026-09-17,KOKUYOCMLN,KOKUYO CAMLIN LIMITED,76.7,77.79,76.02,76.21,76.6,9761
2026-09-17,KOLTEPATIL,KOLTE PATIL DEV. LTD.,432.4,436.45,425.65,433.1,429.05,41920
2026-09-17,KOPRAN,KOPRAN LTD,261.4,271.0,260.2,268.59,260.86,3137443
2026-09-17,GOLD1,KOTAK GOLD ETF,126.0,126.08,124.8,125.62,126.08,2124653
2026-09-17,KOTAKBANK,KOTAK MAHINDRA BANK LTD,415.0,417.6,412.5,416.5,415.0,11475105
2026-09-17,NIFTY1,KOTAK NIFTY ETF,258.43,259.71,257.14,259.12,258.43,56430
2026-09-17,PSUBANK,KOTAK PSU BANK,82.86,83.94,82.52,82.63,82.8,38641
2026-09-17,CHEMICAL,KOTAKMAMC - CHEMICAL,29.04,29.2,28.88,29.13,28.91,271437
2026-09-17,ALPHA,KOTAKMAMC - KOTAKALPHA,53.3,53.3,52.16,52.86,52.46,786376
2026-09-17,CONS,KOTAKMAMC - KOTAKCONS,11.44,12.0,11.44,11.81,11.67,16325
2026-09-17,IT,KOTAKMAMC - KOTAKIT,32.25,32.81,32.05,32.49,32.25,160242
2026-09-17,LIQUID1,KOTAKMAMC - KOTAKLIQ,1122.94,1122.96,1122.94,1122.94,1122.81,1080738
2026-09-17,LOWVOL1,KOTAKMAMC - KOTAKLOVOL,20.34,20.48,20.3,20.34,20.23,3967
2026-09-17,MIDCAP,KOTAKMAMC - KOTAKMID50,18.01,18.21,17.93,18.13,18.01,133637
2026-09-17,MNC,KOTAKMAMC - KOTAKMNC,32.0,32.7,31.92,32.29,32.09,18692
2026-09-17,SILVER1,KOTAKMAMC - KOTAKSILVE,22.0,22.1,21.84,21.98,22.2,13186412
2026-09-17,NV20,KOTAKMAMC - KTKNV20ETF,13.54,13.58,13.47,13.51,13.56,45776
2026-09-17,MID150,KOTAKMAMC - MID150,22.99,23.01,22.82,22.93,22.88,635762
2026-09-17,MOMENTUM30,KOTAKMAMC - MOMENTUM30,29.97,30.2,29.89,30.06,29.91,171221
2026-09-17,MSCIINDIA,KOTAKMAMC - MSCIINDIA,28.94,29.1,28.9,28.96,28.88,4050
2026-09-17,NEXT50ETF,KOTAKMAMC - NEXT50ETF,70.93,71.7,70.93,71.69,70.93,7471
2026-09-17,NIFTY100EW,KOTAKMAMC - NIFTY100EW,33.87,34.78,33.8,34.13,34.33,37581
2026-09-17,PVTBANK,KOTAKMAMC - PVTBANK,27.5,27.5,27.23,27.23,27.41,1080
2026-09-17,QUALITY30,KOTAKMAMC - QUALITY30,19.92,20.03,19.85,19.96,19.93,1924
2026-09-17,BANKNIFTY1,KOTAKMAMC-KOTAKBKETF,58.31,58.74,58.17,58.29,58.32,1798682
2026-09-17,KOTIC,KOTHARI INDUSTRIAL CORP L,137.95,142.39,131.0,135.69,133.61,51566
2026-09-17,KOTHARIPET,KOTHARI PETROCHEM LTD,134.39,134.46,131.6,132.64,133.03,49247
2026-09-17,KOTHARIPRO,KOTHARI PRODUCTS LTD,66.0,66.0,60.75,64.09,64.14,6798
2026-09-17,KOVAI,KOVAI MEDICAL CENTER & HO,6118.5,6190.0,6031.0,6112.0,6088.0,3567
2026-09-17,KPIGREEN,KPI GREEN ENERGY LIMITED,274.8,279.5,272.8,278.75,276.35,288223
2026-09-17,KPITTECH,KPIT TECHNOLOGIES LIMITED,556.2,560.95,552.5,559.3,555.0,599882
2026-09-17,KPRMILL,KPR MILL LTD.,1120.2,1128.9,1090.0,1095.4,1121.4,198809
2026-09-17,KRBL,KRBL LIMITED,395.0,400.1,392.9,395.4,394.85,248080
2026-09-17,KREBSBIO,KREBS BIOCHEMICALS & IND,55.65,57.6,55.1,55.48,55.65,4118
2026-09-17,KRIDHANINF,KRIDHAN INFRA LIMITED,1.89,1.9,1.8,1.82,1.89,72421
2026-09-17,KRISHANA,KRISHANA PHOSCHEM LIMITED,184.13,184.38,180.98,182.04,183.67,423003
2026-09-17,KRISHIVAL,KRISHIVAL FOODS LIMITED,420.0,420.0,405.0,409.45,419.4,32644
2026-09-17,KRISHNADEF,KRISHNA DEF AND ALD IND L,1001.1,1030.0,995.8,1010.3,1002.4,54695
2026-09-17,KIMS,KRISHNA INST OF MED SCI L,766.65,799.05,763.05,791.85,766.65,1082406
2026-09-17,KRITI,KRITI INDUSTRIES IND LTD,62.21,62.21,58.71,59.95,61.91,16133
2026-09-17,KRITINUT,KRITI NUTRIENTS LIMITED,79.9,81.5,79.1,80.45,80.3,3370
2026-09-17,KRITIKA,KRITIKA WIRES LIMITED,5.11,5.25,5.11,5.17,5.17,70621
2026-09-17,KRN,KRN HEAT EXCHANGE N REF L,1430.0,1453.0,1371.8,1392.8,1438.3,676289
2026-09-17,KROSS,KROSS LIMITED,225.81,243.8,224.85,242.05,225.86,1745433
2026-09-17,KRSNAA,KRSNAA DIAGNOSTICS LTD,563.9,598.0,530.25,541.05,536.4,3267030
2026-09-17,KRYSTAL,KRYSTAL INTEGRATED SER L,655.6,696.9,636.8,674.9,655.6,185098
2026-09-17,KSB,KSB LIMITED,764.85,779.8,761.0,777.8,764.85,62789
2026-09-17,KSE,KSE LTD.,176.25,180.55,174.85,177.33,176.35,17970
2026-09-17,KSHINTL,KSH INTERNATIONAL LIMITED,1058.95,1092.4,1038.45,1045.55,1060.35,387798
2026-09-17,KSHITIJPOL,KSHITIJ POLYLINE LIMITED,4.01,4.02,4.01,4.01,3.83,9656251
2026-09-17,KSOLVES,KSOLVES INDIA LIMITED,259.0,263.0,252.55,259.75,255.75,28119
2026-09-17,KSR,KSR FOOTWEAR LIMITED,47.99,48.84,44.2,44.3,46.52,93873
2026-09-17,KUANTUM,KUANTUM PAPERS LIMITED,75.5,77.9,75.5,76.07,75.69,69765
2026-09-17,KUSUMGAR,KUSUMGAR LIMITED,547.0,562.5,547.0,551.5,549.2,186226
2026-09-17,KPL,KWALITY PHARMACEUTICALS L,3372.0,3485.0,3346.3,3452.1,3356.0,21503
2026-09-17,KWIL,KWALITY WALL'S (INDIA) L,41.35,41.79,39.6,39.91,41.32,9862678
2026-09-17,LKPSEC,L K P SECURITIES LTD.,14.71,15.23,14.71,15.06,15.03,728
2026-09-17,LTF,L&T FINANCE LIMITED,295.3,304.05,293.5,302.3,295.5,3499657
2026-09-17,LTTS,L&T TECHNOLOGY SER. LTD.,3351.5,3377.0,3307.3,3324.3,3351.5,51724
2026-09-17,LAOPALA,LA OPALA RG LIMITED,156.45,158.03,155.4,156.13,156.01,218566
2026-09-17,LAGNAM,LAGNAM SPINTEX LIMITED,73.4,73.4,69.15,70.24,71.3,5718
2026-09-17,LAHOTIOV,LAHOTI OVERSEAS LTD.,40.0,40.49,39.31,39.31,40.43,200
2026-09-17,LFIC,LAKSHMI FIN IND CORP LTD,130.46,141.24,130.0,135.41,131.3,6724
2026-09-17,LAKSHMIMIL,LAKSHMI MILLS CO. LTD.,7850.0,7969.0,7850.0,7968.5,7850.0,5
2026-09-17,LALITHAA,LALITHAA JEWELLERY MART L,295.0,299.7,290.4,290.4,305.65,5186628
2026-09-17,LAMBODHARA,LAMBODHARA TEXTILES LTD.,121.4,121.4,117.0,118.74,117.76,8833
2026-09-17,LANCER,LANCER CONTAINER LINES L,12.23,12.82,12.2,12.39,12.23,193860
2026-09-17,LANDMARK,LANDMARK CARS LIMITED,470.95,495.0,467.05,492.1,476.6,134708
2026-09-17,LPDC,LANDMARK PR.DEV.CO.LTD,6.12,6.29,6.05,6.1,6.12,21167
2026-09-17,LANDSMILL,LANDSMILL GREEN LIMITED,0.57,0.58,0.56,0.56,0.57,1100551
2026-09-17,LT,LARSEN & TOUBRO LTD.,3811.0,3875.0,3811.0,3836.2,3807.7,1319415
2026-09-17,LASERPOWER,LASER POWER & INFRA LTD,270.8,274.65,266.65,269.0,270.8,411450
2026-09-17,LATENTVIEW,LATENT VIEW ANALYTICS LTD,253.45,255.9,251.9,255.0,252.15,292457
2026-09-17,LATTEYS,LATTEYS INDUSTRIES LTD,21.39,21.39,20.34,20.76,20.65,30603
2026-09-17,LAURUSLABS,LAURUS LABS LIMITED,1898.0,1964.5,1894.8,1948.1,1905.5,1645108
2026-09-17,LAXMICOT,LAXMI COTSPIN LIMITED,13.76,13.76,12.67,13.08,13.22,6581
2026-09-17,LAXMIDENTL,LAXMI DENTAL LIMITED,195.66,201.1,195.66,198.23,195.43,28958
2026-09-17,LGHL,LAXMI GOLDORNA HOUSE LTD,187.17,188.0,185.2,185.56,187.04,6600
2026-09-17,LAXMIINDIA,LAXMI INDIA FINANCE LTD,121.16,124.61,119.2,123.61,119.85,107146
2026-09-17,LXCHEM,LAXMI ORGANIC INDUS LTD,170.35,183.9,170.35,179.23,171.73,2486902
2026-09-17,LCCINFOTEC,LCC INFOTECH LTD,3.28,3.28,3.13,3.28,3.13,29606
2026-09-17,LCCPROJECT,LCC PROJECTS LIMITED,189.0,189.0,170.1,170.1,146.0,22468435
2026-09-17,LEMERITE,LE MERITE EXPORTS LIMITED,18.23,19.79,18.23,18.74,19.18,346174
2026-09-17,IXIGO,LE TRAVENUES TECHNOLOGY L,160.54,160.76,157.8,160.06,160.53,904962
2026-09-17,LEAPIND,LEAP INDIA LIMITED,134.25,139.0,133.78,136.31,134.71,2323727
2026-09-17,THELEELA,LEELA PALACES HOTEL LTD,520.2,536.0,520.2,530.0,524.2,76806
2026-09-17,LEMONTREE,LEMON TREE HOTELS LTD,103.2,105.14,103.2,104.06,103.26,1684840
2026-09-17,LENSKART,LENSKART SOLUTIONS LTD,678.0,691.6,672.15,679.95,675.85,5163552
2026-09-17,LEXUS,LEXUS GRANITO (INDIA) LTD,14.0,14.0,13.16,13.27,13.52,4906
2026-09-17,LGBBROSLTD,LG BALAKRISHNAN & BROS,1702.1,1745.9,1698.2,1718.5,1706.7,30530
2026-09-17,LGEINDIA,LG ELECTRONICS INDIA LTD,1624.0,1677.1,1617.9,1652.9,1628.2,398578
2026-09-17,LIBAS,LIBAS CONSU PRODUCTS LTD,11.47,12.6,11.32,12.0,11.47,205702
2026-09-17,LIBERTSHOE,LIBERTY SHOES LTD,219.8,221.12,215.1,216.0,217.94,12325
2026-09-17,LICHSGFIN,LIC HOUSING FINANCE LTD,542.05,554.55,541.05,545.9,543.0,3377564
2026-09-17,LICMFGOLD,LIC MF - LIC GOLD ETF,135.25,136.55,134.25,135.3,135.6,151724
2026-09-17,LICNETFN50,LICNAMC - LICNFENGP,259.98,262.81,259.98,261.77,259.85,144
2026-09-17,LICNFNHGP,LICNAMC - LICNFNHGP,275.01,275.01,268.0,271.47,275.01,303
2026-09-17,LICNETFGSC,LICNAMC - LICNMFET,29.45,29.45,29.2,29.26,29.2,2724
2026-09-17,LICNMID100,LICNAMC - LICNMID100,60.8,62.39,60.8,62.0,60.84,3565
2026-09-17,LICI,LIFE INSURA CORP OF INDIA,395.5,406.0,392.55,400.0,395.5,7410477
2026-09-17,LIKHITHA,LIKHITHA INFRASTRUC LTD,228.9,228.9,219.32,222.63,227.33,42097
2026-09-17,LINC,LINC LIMITED,92.5,94.46,90.0,91.26,90.37,19380
2026-09-17,LINCOLN,LINCOLN PHARMA LTD,589.4,607.2,587.9,600.7,590.7,40723
2026-09-17,LINDEINDIA,LINDE INDIA LIMITED,6100.0,6148.0,6047.5,6094.5,6089.5,29616
2026-09-17,LLOYDSENGG,LLOYDS ENGG WORK LIMITED,79.3,81.2,79.3,80.2,80.02,2627679
2026-09-17,LLOYDSENT,LLOYDS ENTERPRISES LTD,66.6,68.55,66.6,67.0,66.96,1075798
2026-09-17,LLOYDSME,LLOYDS METALS N ENERGY L,1813.0,1831.7,1792.1,1799.3,1812.3,200722
2026-09-17,LMW,LMW LIMITED,17577.0,18327.0,17558.0,18170.0,17617.0,6056
2026-09-17,LODHA,LODHA DEVELOPERS LIMITED,1080.0,1116.9,1078.0,1103.1,1087.4,2157472
2026-09-17,LCL,LOHIA CORP LIMITED,523.1,544.0,516.0,524.95,523.8,327586
2026-09-17,LOKESHMACH,LOKESH MACHINES LTD,345.6,354.35,342.0,343.3,348.25,21296
2026-09-17,LORDSCHLO,LORDS CHLORO ALKALI LTD,135.5,135.84,131.13,132.78,133.49,7275
2026-09-17,LAL,LORENZINI APPARELS LTD,8.85,8.91,8.26,8.54,8.77,33047
2026-09-17,LOTUSCHO,LOTUS CHOCOLATE CO. LTD.,566.9,570.0,550.0,568.85,561.7,973
2026-09-17,LOTUSEYE,LOTUS EYE HOSP & INST L,113.3,115.95,112.5,113.12,114.94,2719
2026-09-17,LOVABLE,LOVABLE LINGERIE LTD,70.0,71.49,68.5,70.38,69.75,9100
2026-09-17,LOYALTEX,LOYAL TEXTILE MILLS LTD,210.0,210.0,204.06,207.0,209.99,123
2026-09-17,LTFOODS,LT FOODS LIMITED,418.35,424.0,415.4,421.9,417.75,232925
2026-09-17,LTM,LTM LIMITED,4233.0,4294.9,4180.0,4265.3,4233.0,225747
2026-09-17,LUMAXTECH,LUMAX AUTO TECH LTD,1941.8,2035.0,1933.0,2018.0,1941.8,153301
2026-09-17,LUMAXIND,LUMAX INDUSTRIES LTD,5712.0,5799.5,5701.0,5724.0,5760.5,6009
2026-09-17,LUMINO,LUMINO INDUSTRIES LIMITED,100.1,108.6,98.51,107.14,100.29,20758824
2026-09-17,LUPIN,LUPIN LIMITED,2052.6,2098.1,2046.3,2098.1,2045.0,525909
2026-09-17,LUXIND,LUX INDUSTRIES LIMITED,1040.0,1050.8,1036.1,1042.5,1032.4,29567
2026-09-17,MBEL,M AND B ENGINEERING LTD,254.8,259.95,247.2,251.4,254.4,420146
2026-09-17,MKEXIM,M K EXIM (INDIA) LTD.,66.94,67.9,64.2,67.23,65.17,26545
2026-09-17,MKPL,M K PROTEINS LIMITED,4.05,4.2,3.99,4.07,4.03,124924
2026-09-17,MCL,M TEK COPPER LIMITED,55.5,55.8,54.41,54.74,54.96,27735
2026-09-17,M&MFIN,M&M FIN. SERVICES LTD,345.15,352.5,343.25,345.7,345.05,1682084
2026-09-17,MAANALU,MAAN ALUMINIUM LIMITED,104.4,105.59,101.22,102.89,103.41,75997
2026-09-17,MCCHRLS-B,MAC CHARLES (INDIA) LTD.,690.0,700.0,650.0,659.75,660.0,4694
2026-09-17,MACPOWER,MACPOWER CNC MACHINES LTD,1889.6,2010.0,1831.0,1921.6,1889.6,94021
2026-09-17,MADHAVIPL,MADHAV INFRA PROJECTS L,7.97,7.97,7.42,7.59,7.69,83118
2026-09-17,MADHAV,MADHAV MARBLE & GRANITE,36.0,36.0,34.5,34.5,34.5,713
2026-09-17,MBAPL,MADHYA BHARAT AGRO P. LTD,159.82,168.49,158.86,163.9,159.82,1856013
2026-09-17,MADRASFERT,MADRAS FERTILISERS LTD,61.2,61.75,60.32,61.16,60.27,39547
2026-09-17,MAFATIND,MAFATLAL INDUSTRIES LTD.,121.61,121.85,120.05,120.9,120.41,14704
2026-09-17,MAGADSUGAR,MAGADH SUGAR & ENERGY LTD,504.0,512.35,496.2,508.15,505.7,18567
2026-09-17,MCLOUD,MAGELLANIC CLOUD LIMITED,25.36,25.58,25.1,25.19,25.17,702570
2026-09-17,MAGNUM,MAGNUM VENTURES LTD.,19.2,20.15,18.52,19.53,18.94,112587
2026-09-17,MAHAPEXLTD,MAHA RASHTRA APEX COPR. L,54.0,56.01,54.0,55.26,54.88,2454
2026-09-17,MFML,MAHALAXMI FABRIC MILLS LT,19.4,19.4,18.6,18.66,19.34,60
2026-09-17,MGL,MAHANAGAR GAS LTD.,1073.8,1079.9,1065.0,1071.2,1080.1,66861
2026-09-17,MTNL,MAHANAGAR TELEPHONE NIGAM,23.9,24.1,23.31,23.77,23.84,714491
2026-09-17,MAHSCOOTER,MAHARASHTRA SCOOTERS LTD,13123.0,13247.0,13101.0,13151.0,13123.0,1641
2026-09-17,MAHSEAMLES,MAHARASHTRA SEAMLESS LTD,699.2,726.0,692.95,720.2,692.95,436705
2026-09-17,MAHESHWARI,MAHESHWARI LOGISTICS LTD.,71.47,71.47,68.28,70.0,71.48,10004
2026-09-17,M&M,MAHINDRA & MAHINDRA LTD,3047.0,3127.8,3047.0,3076.5,3070.0,1875308
2026-09-17,MAHEPC,MAHINDRA EPC IRRIG LTD,103.49,103.49,101.11,101.99,101.18,2687
2026-09-17,MHRIL,MAHINDRA HOLIDAYS LTD,193.3,198.75,191.66,195.17,193.51,138980
2026-09-17,MAHLIFE,MAHINDRA LIFESPACE DEVLTD,344.15,366.8,342.95,363.7,344.15,157306
2026-09-17,MAHLOG,MAHINDRA LOGISTIC LIMITED,385.1,392.8,385.05,389.55,386.8,34419
2026-09-17,MAITHANALL,MAITHAN ALLOYS LTD,1026.95,1047.0,1009.9,1027.45,994.45,163731
2026-09-17,MAKERSL,MAKERS LABORATORIES LTD.,184.0,187.98,180.98,185.13,177.92,1424
2026-09-17,MALLCOM,MALLCOM (INDIA) LIMITED,945.0,958.0,945.0,949.95,924.3,550
2026-09-17,MALUPAPER,MALU PAPER MILLS LIMITED,32.39,33.89,31.9,31.97,31.66,23457
2026-09-17,MAMATA,MAMATA MACHINERY LIMITED,390.1,398.0,389.7,393.9,391.55,24366
2026-09-17,MANAKCOAT,MAN COAT METAL & IND LTD,124.71,132.4,124.51,129.69,125.96,1267746
2026-09-17,MANINDS,MAN INDUSTRIES (I) LTD.,788.05,836.0,785.8,823.0,790.3,1087714
2026-09-17,MANINFRA,MAN INFRA LTD,122.5,126.59,122.5,125.71,124.23,1602110
2026-09-17,MANAKALUCO,MANAK ALUMINIUM CO. LTD.,34.29,36.11,34.29,35.81,35.0,28922
2026-09-17,MANAKSIA,MANAKSIA LTD.,63.8,67.69,63.25,64.05,64.41,72388
2026-09-17,MANALIPETC,MANALI PETROCHEMICALS LT,82.38,83.43,81.15,82.3,82.37,892492
2026-09-17,MANAPPURAM,MANAPPURAM FINANCE LTD,318.85,322.15,315.0,316.05,319.9,2149995
2026-09-17,MANBA,MANBA FINANCE LIMITED,131.32,134.4,130.78,133.76,130.67,78718
2026-09-17,MANCREDIT,MANGAL CREDIT N FINCORP L,213.74,220.58,212.63,218.0,215.24,179068
2026-09-17,MEIL,MANGAL ELECTRICAL IND L,273.9,281.0,268.0,270.3,268.6,37480
2026-09-17,MANGLMCEM,MANGALAM CEMENT LTD,988.8,1047.0,985.1,1035.2,988.8,67186
2026-09-17,MANGALAM,MANGALAM DRUG & CHEM LTD,31.55,33.45,31.51,31.97,31.98,29244
2026-09-17,MGEL,MANGALAM GLOBAL ENT LTD,16.8,16.9,15.5,15.52,15.6,2126371
2026-09-17,MANORG,MANGALAM ORGANICS LIMITED,458.4,465.8,440.0,448.9,451.05,35097
2026-09-17,MSL,MANGALAM SEEDS LTD.,136.0,136.3,136.0,136.22,136.0,530
2026-09-17,MWL,MANGALAM WORLDWIDE LTD,39.88,40.74,39.41,40.18,39.74,370691
2026-09-17,MANIPALHOS,MANIPAL HEALTH ENTERPRI L,714.4,734.45,711.7,721.55,714.6,615733
2026-09-17,MPIMANIPAL,MANIPAL PAYMENT & IDE S L,330.0,350.5,315.65,345.15,339.0,8510549
2026-09-17,MANKIND,MANKIND PHARMA LIMITED,2252.7,2308.8,2242.1,2300.0,2246.0,488064
2026-09-17,MVGJL,MANOJ VAIBHAV GEM N JEW L,211.0,219.4,208.31,215.37,207.16,704297
2026-09-17,MANOMAY,MANOMAY TEX INDIA LTD,227.89,227.89,221.85,223.55,223.85,64820
2026-09-17,MANORAMA,MANORAMA INDUSTRIES LTD,1907.1,1959.2,1903.7,1939.1,1916.4,117554
2026-09-17,MANUGRAPH,MANUGRAPH INDIA LIMITED,15.25,15.44,14.62,15.19,15.14,4111
2026-09-17,MARALOVER,MARAL OVERSEAS LTD,58.12,61.4,58.12,59.59,59.42,7533
2026-09-17,MARATHON,MARATHON NXTGEN REALT LTD,415.05,417.45,410.4,414.15,415.05,36537
2026-09-17,MARICO,MARICO LIMITED,810.15,826.3,810.15,817.0,810.15,1761636
2026-09-17,MARINE,MARINE ELECTRICAL (I) LTD,372.9,384.35,370.55,373.15,373.3,435723
2026-09-17,MARKOLINES,MARKOLINES PAVEMENT TEC L,170.5,174.33,170.0,172.84,170.59,215118
2026-09-17,MARKSANS,MARKSANS PHARMA LIMITED,315.95,322.5,312.95,319.7,316.45,1104335
2026-09-17,MARSONS,MARSONS LIMITED,121.75,127.95,121.01,121.67,121.54,1499002
2026-09-17,MARUTI,MARUTI SUZUKI INDIA LTD.,12165.0,12409.0,12127.0,12338.0,12166.0,249064
2026-09-17,MASFIN,MAS FINANCIAL SERV LTD,288.05,292.9,282.85,286.9,288.05,421158
2026-09-17,MASKINVEST,MASK INVESTMENTS LIMITED,137.0,137.0,137.0,137.0,142.4,39
2026-09-17,MASTEK,MASTEK LTD,1630.3,1650.0,1617.2,1630.1,1633.1,54148
2026-09-17,MASTERTR,MASTER TRUST LIMITED,85.29,90.5,84.85,87.47,85.38,446576
2026-09-17,MATRIMONY,MATRIMONY.COM LIMITED,531.7,546.0,520.8,530.8,533.4,32549
2026-09-17,MAWANASUG,MAWANA SUGARS LIMITED,126.0,128.0,123.63,125.54,125.16,80447
2026-09-17,MAXESTATES,MAX ESTATES LIMITED,570.5,584.0,566.35,577.6,572.1,113120
2026-09-17,MFSL,MAX FINANCIAL SERV LTD,1480.1,1569.5,1473.6,1554.0,1487.6,958344
2026-09-17,MAXHEALTH,MAX HEALTHCARE INS LTD,1022.1,1045.7,1021.1,1037.0,1025.0,1117711
2026-09-17,MAXIND,MAX INDIA LIMITED,140.33,141.99,139.06,140.19,139.64,37038
2026-09-17,MAYURUNIQ,MAYUR UNIQUOTERS LTD,741.2,769.85,737.65,750.0,741.2,102554
2026-09-17,MAZDOCK,MAZAGON DOCK SHIPBUIL LTD,2249.1,2264.9,2176.0,2210.0,2231.9,1560226
2026-09-17,MBLINFRA,MBL INFRASTRUCTURE LTD,22.25,22.85,21.4,22.19,22.14,36249
2026-09-17,MCLEODRUSS,MCLEOD RUSSEL INDIA LTD.,43.35,43.75,41.62,42.22,42.55,259354
2026-09-17,MEDIASSIST,MEDI ASSIST HEALTH SER L,314.6,325.2,310.5,321.15,312.5,65756
2026-09-17,MEDICAPQ,MEDI CAPS LTD.,25.8,25.8,24.52,24.81,25.81,15631
2026-09-17,MMWL,MEDIA MATRIX WORLDWIDE L,13.0,13.75,12.59,13.04,13.12,20551
2026-09-17,MEDICAMEQ,MEDICAMEN BIOTECH LIMITED,345.5,363.9,340.05,346.3,345.5,128639
2026-09-17,MEDICO,MEDICO REMEDIES LIMITED,35.9,38.4,34.65,36.34,35.33,251738
2026-09-17,MEDPLUS,MEDPLUS HEALTH SERV LTD,655.0,669.0,652.0,654.0,656.1,122132
2026-09-17,MEESHO,MEESHO LIMITED,213.0,213.07,206.75,207.31,213.26,7638011
2026-09-17,MEGASTAR,MEGASTAR FOODS LIMITED,288.0,288.0,276.45,278.75,277.75,51986
2026-09-17,MOL,MEGHMANI ORGANICS LIMITED,57.98,61.39,57.98,59.93,58.5,786510
2026-09-17,MIIL,MEGHNA INFRACON INFRA L,664.95,690.8,651.0,689.0,663.0,156055
2026-09-17,MERCANTILE,MERCANTILE VENTURES LTD.,22.98,22.98,22.02,22.47,22.13,155
2026-09-17,MERCURYEV,MERCURY EV-TECH LIMITED,39.41,42.24,39.05,40.84,39.08,1438388
2026-09-17,METROBRAND,METRO BRANDS LIMITED,955.0,955.25,937.55,950.45,948.3,23902
2026-09-17,METROGLOBL,METROGLOBAL LTD.,132.01,137.0,132.01,134.5,132.0,299
2026-09-17,METROPOLIS,METROPOLIS HEALTHCARE LTD,580.55,590.1,577.55,586.3,580.85,129759
2026-09-17,MIDWESTLTD,MIDWEST LIMITED,983.8,1020.0,951.0,976.2,975.3,54062
2026-09-17,MLKFOOD,MILKFOOD LTD.,79.0,82.0,78.11,79.12,75.59,8363
2026-09-17,MILKYMIST,MILKY MIST DAIRY FOOD L,276.01,282.7,270.06,274.76,276.23,3974674
2026-09-17,MINDACORP,MINDA CORPORATION LTD,671.55,687.05,665.45,681.25,671.55,191985
2026-09-17,MINDTECK,MINDTECK (INDIA) LIMITED,155.0,162.91,153.1,156.84,154.47,16511
2026-09-17,ALPHAETF,MIRAEAMC - ALPHAETF,26.24,26.24,25.72,26.02,25.73,738021
2026-09-17,BANKETF,MIRAEAMC - BANKETF,572.49,577.14,571.5,572.55,573.59,22817
2026-09-17,BANKPSU,MIRAEAMC - BANKPSU,84.05,84.54,83.18,83.41,83.22,17015
2026-09-17,CONSUMER,MIRAEAMC - CONSUMER,11.7,11.78,11.64,11.73,11.65,90035
2026-09-17,DEFENCE,MIRAEAMC - DEFENCE,77.68,77.95,76.85,77.67,76.93,270552
2026-09-17,DIVIDEND,MIRAEAMC - DIVIDEND,34.69,34.82,34.64,34.81,34.71,3816
2026-09-17,ENERGY,MIRAEAMC - ENERGY,37.55,37.76,37.5,37.6,37.54,237663
2026-09-17,EQUAL200,MIRAEAMC - EQUAL200,13.39,13.47,13.38,13.43,13.34,41542
2026-09-17,EQUAL50,MIRAEAMC - EQUAL50,320.85,323.3,320.85,323.05,320.85,528
2026-09-17,EVINDIA,MIRAEAMC - EVINDIA,31.5,31.92,31.39,31.84,31.5,121664
2026-09-17,HEALTHCARE,MIRAEAMC - HEALTHCARE,21.35,21.65,21.33,21.6,21.33,144250
2026-09-17,HYBRIDETF,MIRAEAMC - HYBRIDETF,9.97,9.97,9.87,9.94,9.88,19385
2026-09-17,INFRA,MIRAEAMC - INFRA,11.58,11.7,11.56,11.67,11.56,38972
2026-09-17,INTERNET,MIRAEAMC - INTERNET,14.53,14.56,14.43,14.45,14.46,96126
2026-09-17,ITETF,MIRAEAMC - ITETF,30.92,31.16,30.55,30.84,30.8,357330
2026-09-17,LARGEMID50,MIRAEAMC - LARGEMID50,35.22,35.52,35.22,35.31,35.19,1283
2026-09-17,LIQUID,MIRAEAMC - LIQUID,1000.0,1000.0,999.99,999.99,999.99,250770
2026-09-17,LIQUIDPLUS,MIRAEAMC - LIQUIDPLUS,1103.46,1103.48,1103.46,1103.47,1103.32,148108
2026-09-17,ESG,MIRAEAMC - MAESGETF,39.98,40.07,39.89,39.92,39.91,26115
2026-09-17,MAFANG,MIRAEAMC - MAFANG,235.0,241.78,229.8,237.77,232.48,651437
2026-09-17,BFSI,MIRAEAMC - MAFSETF,26.92,26.92,26.21,26.38,26.27,77632
2026-09-17,GOLDETF,MIRAEAMC - MAGOLDETF,145.72,146.95,145.6,146.44,146.81,821154
2026-09-17,GSEC10YEAR,MIRAEAMC - MAGS813ETF,30.34,30.35,30.1,30.35,30.19,5046
2026-09-17,MAHKTECH,MIRAEAMC - MAHKTECH,22.03,22.4,21.5,21.84,21.5,1036306
2026-09-17,MIDCAPETF,MIRAEAMC - MAM150ETF,22.8,23.43,22.8,23.1,22.97,1380411
2026-09-17,MAKEINDIA,MIRAEAMC - MAMFGETF,162.24,162.24,159.43,161.14,159.39,37857
2026-09-17,NIFTYETF,MIRAEAMC - MAN50ETF,252.5,254.35,252.5,253.4,253.31,120788
2026-09-17,LOWVOL,MIRAEAMC - MANV30F,199.07,200.04,198.9,199.88,199.39,2030
2026-09-17,NEXT50,MIRAEAMC - MANXT50,725.93,736.69,725.93,735.76,729.58,26277
2026-09-17,SILVERAG,MIRAEAMC - MASILVER,221.0,221.51,218.97,220.74,222.76,296566
2026-09-17,MASPTOP50,MIRAEAMC - MASPTOP50,100.62,105.0,96.68,103.83,98.65,1126886
2026-09-17,METAL,MIRAEAMC - METAL,13.2,13.2,12.85,13.0,12.88,2934238
2026-09-17,MIDSMALL,MIRAEAMC - MIDSMALL,50.78,50.9,50.3,50.85,50.31,135992
2026-09-17,MOMMIDCAP,MIRAEAMC - MOMMIDCAP,12.67,12.77,12.59,12.74,12.6,1344900
2026-09-17,MULTICAP,MIRAEAMC - MULTICAP,16.43,16.43,16.21,16.33,16.23,48266
2026-09-17,SELECTIPO,MIRAEAMC - SELECTIPO,47.35,47.73,47.32,47.48,47.35,24630
2026-09-17,SENSEXETF,MIRAEAMC - SENSEXETF,77.15,77.15,76.61,76.91,76.84,20812
2026-09-17,SMALL250,MIRAEAMC - SMALL250,18.29,18.29,17.91,18.1,17.9,257569
2026-09-17,SMALLCAP,MIRAEAMC - SMALLCAP,48.84,48.84,47.37,48.18,47.65,1476596
2026-09-17,TOP20,MIRAEAMC - TOP20,8.6,9.0,8.59,8.64,8.6,69451
2026-09-17,VALUE,MIRAEAMC - VALUE,15.72,15.82,15.7,15.76,15.73,5339
2026-09-17,MIRZAINT,MIRZA INTERNATIONAL LIMIT,29.22,29.79,29.2,29.54,29.02,41813
2026-09-17,MIDHANI,MISHRA DHATU NIGAM LTD,401.25,410.9,398.7,407.85,399.25,805297
2026-09-17,MITCON,MITCON CON & ENG SER LTD,79.3,82.3,79.28,80.23,80.26,6598
2026-09-17,MITTAL,MITTAL LIFE STYLE LIMITED,0.77,0.78,0.75,0.76,0.77,1418772
2026-09-17,MMFL,MM FORGINGS LTD,609.5,632.15,604.85,618.6,606.95,70892
2026-09-17,MMP,MMP INDUSTRIES LIMITED,458.85,473.95,458.85,465.7,456.35,59161
2026-09-17,MMTC,MMTC LIMITED,60.0,60.74,59.75,60.14,59.8,541027
2026-09-17,MODTHREAD,MODERN THREADS INDIA LTD,50.94,50.94,49.0,50.35,51.45,3135
2026-09-17,MODINATUR,MODI NATURALS LIMITED,315.0,341.9,315.0,337.95,326.0,3975
2026-09-17,MODIRUBBER,MODI RUBBER LTD,119.12,125.99,118.4,123.9,119.1,763
2026-09-17,MODIS,MODIS NAVNIRMAN LTD,354.7,358.95,346.1,349.05,352.7,11294
2026-09-17,MOHITIND,MOHIT INDUSTRIES LTD,23.3,23.99,22.56,23.2,23.23,14489
2026-09-17,MOHITE,MOHITE INDUSTRIES LTD.,2.61,2.66,2.41,2.44,2.61,105342
2026-09-17,MOIL,MOIL LIMITED,238.4,244.21,238.0,243.06,237.36,473783
2026-09-17,MOKSH,MOKSH ORNAMENTS LIMITED,10.0,10.0,9.9,9.95,9.93,36960
2026-09-17,MOLBIO,MOLBIO DIAGNOSTICS LTD,1313.5,1382.0,1272.1,1285.3,1307.0,3801397
2026-09-17,MOLDTKPAC,MOLD-TEK PACKAGING LTD,663.85,669.5,659.5,661.85,661.45,23019
2026-09-17,MONARCH,MONARCH NETWORTH CAP LTD,371.0,372.95,365.45,367.8,368.95,59529
2026-09-17,MONEYBOXX,MONEYBOXX FINANCE LIMITED,51.9,51.9,51.9,51.9,49.43,10440
2026-09-17,MONTECARLO,MONTE CARLO FASHIONS LTD.,551.3,557.95,548.0,554.7,549.95,60859
2026-09-17,MOREPENLAB,MOREPEN LAB. LTD,115.0,121.3,112.62,120.56,114.73,27513682
2026-09-17,MOSCHIP,MOSCHIP TECHNOLOGIES LTD,200.0,212.8,200.0,208.06,199.16,4542544
2026-09-17,MSUMI,MOTHERSON SUMI WRNG IND L,35.25,36.26,35.25,36.07,35.47,4381154
2026-09-17,MOM100,MOTILAL OS MIDCAP100 ETF,66.11,66.7,65.72,66.41,66.11,218093
2026-09-17,MON100,MOTILAL OS NASDAQ100 ETF,332.0,333.75,318.02,322.43,326.77,1275524
2026-09-17,MOTILALOFS,MOTILAL OSWAL FIN LTD,976.5,1004.8,976.5,988.7,976.5,819010
2026-09-17,MOM50,MOTILAL OSWAL M50 ETF,243.84,244.8,241.0,243.83,243.84,2526
2026-09-17,MOGSEC,MOTILALAMC - G5,64.61,65.5,64.55,65.38,64.82,670
2026-09-17,MOALPHA50,MOTILALAMC - MOALPHA50,54.46,55.07,54.46,55.06,54.34,2418
2026-09-17,MOBANK10,MOTILALAMC - MOBANK10,16.74,16.79,16.5,16.57,16.62,292
2026-09-17,MOCAPITAL,MOTILALAMC - MOCAPITAL,52.57,53.39,52.3,53.1,52.57,864265
2026-09-17,MODEFENCE,MOTILALAMC - MODEFENCE,101.5,102.17,100.0,101.87,100.52,1783984
2026-09-17,MOENERGY,MOTILALAMC - MOENERGY,37.5,37.7,37.38,37.53,37.45,65244
2026-09-17,MOGOLD,MOTILALAMC - MOGOLD,149.25,149.6,147.75,148.95,149.35,15719
2026-09-17,MOHEALTH,MOTILALAMC - MOHEALTH,51.68,52.19,51.33,51.88,51.4,44591
2026-09-17,MOINFRA,MOTILALAMC - MOINFRA,57.63,57.68,57.36,57.6,57.35,855
2026-09-17,MOIPO,MOTILALAMC - MOIPO,47.48,50.9,47.45,49.84,47.48,4203
2026-09-17,MOLOWVOL,MOTILALAMC - MOLOWVOL,35.0,36.5,34.99,35.63,34.99,6873
2026-09-17,MOMENTUM50,MOTILALAMC - MOMENTUM50,52.84,53.27,52.48,53.14,52.66,239860
2026-09-17,MOMETAL,MOTILALAMC - MOMETAL,12.83,12.92,12.81,12.81,12.71,2261
2026-09-17,MOMGF,MOTILALAMC - MOMGF,157.35,160.5,156.63,158.77,156.62,1074
2026-09-17,MOMIDMTM,MOTILALAMC - MOMIDMTM,62.69,63.4,62.69,63.14,62.69,79088
2026-09-17,MOMNC,MOTILALAMC - MOMNC,32.16,32.16,31.1,31.46,31.38,2332
2026-09-17,MOMOMENTUM,MOTILALAMC - MOMOMENTUM,60.63,61.11,60.33,60.84,60.33,211558
2026-09-17,MON50EQUAL,MOTILALAMC - MON50EQUAL,32.92,32.92,32.12,32.4,32.27,6362
2026-09-17,MONEXT50,MOTILALAMC - MONEXT50,73.07,73.07,70.61,71.27,71.64,2801
2026-09-17,MONIFTY100,MOTILALAMC - MONIFTY100,24.87,24.87,24.48,24.54,24.59,6165
2026-09-17,MONIFTY500,MOTILALAMC - MONIFTY500,23.61,23.61,22.8,23.32,23.15,505785
2026-09-17,MONQ50,MOTILALAMC - MONQ50,272.53,330.33,268.39,330.25,275.28,2080987
2026-09-17,MOOILGAS,MOTILALAMC - MOOILGAS,11.07,11.07,10.85,10.9,10.86,5229
2026-09-17,MOPSE,MOTILALAMC - MOPSE,97.63,101.5,97.45,101.1,97.76,1574
2026-09-17,MOQUALITY,MOTILALAMC - MOQUALITY,192.89,193.77,192.43,193.52,191.94,378
2026-09-17,MOREALTY,MOTILALAMC - MOREALTY,83.75,84.35,82.14,83.85,83.01,330304
2026-09-17,MOSERVICE,MOTILALAMC - MOSERVICE,30.11,30.19,30.0,30.0,30.11,633
2026-09-17,MOSILVER,MOTILALAMC - MOSILVER,223.8,225.06,222.54,223.98,225.55,21273
2026-09-17,MOSMALL250,MOTILALAMC - MOSMALL250,17.94,18.22,17.94,18.17,17.94,713339
2026-09-17,MOTOUR,MOTILALAMC - MOTOUR,75.02,76.79,75.02,76.53,75.02,9206
2026-09-17,MOVALUE,MOTILALAMC - MOVALUE,109.92,110.97,109.41,110.36,109.92,34522
2026-09-17,MOTISONS,MOTISONS JEWELLERS LTD,16.37,18.5,16.2,17.94,16.62,236263034
2026-09-17,MOTOGENFIN,MOTOR & GENERAL FINANCE L,25.33,25.6,24.75,24.96,25.0,19148
2026-09-17,MPHASIS,MPHASIS LIMITED,2304.0,2325.1,2288.0,2320.0,2316.7,261279
2026-09-17,MPSLTD,MPS LIMITED,2621.1,2641.9,2560.0,2571.5,2610.2,11521
2026-09-17,MRF,MRF LTD,125100.0,125850.0,124300.0,124585.0,125010.0,3594
2026-09-17,MRPL,MRPL,166.11,168.43,162.4,163.77,166.11,6112954
2026-09-17,BECTORFOOD,MRS BECTORS FOOD SPE LTD,220.16,224.14,218.53,220.81,220.16,795197
2026-09-17,MSPL,MSP STEEL & POWER LTD.,33.39,33.89,33.21,33.75,33.48,244920
2026-09-17,MSTCLTD,MSTC LIMITED,692.45,729.9,692.45,715.25,703.55,201147
2026-09-17,MUFIN,MUFIN GREEN FINANCE LTD,132.25,136.23,131.1,132.2,130.56,993231
2026-09-17,MUKANDLTD,MUKAND LTD.,134.01,136.75,133.3,134.2,134.89,25255
2026-09-17,MCX,MULTI COMMODITY EXCHANGE,3201.1,3304.0,3180.1,3265.2,3211.2,1530935
2026-09-17,MUNJALAU,MUNJAL AUTO IND. LTD.,102.56,105.25,101.24,104.81,102.06,200811
2026-09-17,MUNJALSHOW,MUNJAL SHOWA LTD,127.0,127.0,123.5,123.93,124.67,15920
2026-09-17,MURUDCERA,MURUDESHWAR CERAMICS LTD,28.61,29.0,28.35,28.65,28.6,9301
2026-09-17,RADIOCITY,MUSIC BROADCAST LIMITED,6.05,6.16,6.0,6.05,6.03,26879
2026-09-17,MUTHOOTCAP,MUTHOOT CAP SERV LTD,234.02,237.58,226.21,235.03,234.02,15434
2026-09-17,MUTHOOTFIN,MUTHOOT FINANCE LIMITED,2761.0,2790.0,2740.0,2770.2,2771.4,829940
2026-09-17,MUTHOOTMF,MUTHOOT MICROFIN LIMITED,188.5,190.59,186.66,188.04,187.41,75707
2026-09-17,MVELECTRO,MV ELECTROSYSTEMS LIMITED,822.3,828.2,785.0,796.0,819.05,1164354
2026-09-17,NRAIL,N R AGARWAL INDS LTD,615.0,641.0,615.0,628.5,621.4,11537
2026-09-17,NTCIND,N T C INDUSTRIES LTD.,133.5,137.95,130.0,132.03,136.7,1311
2026-09-17,NBIFIN,N.B.I. IND. FIN. CO. LTD,1950.1,1970.1,1950.1,1960.1,1993.6,5719
2026-09-17,NACLIND,NACL INDUSTRIES LIMITED,150.45,156.46,148.15,148.88,151.18,415405
2026-09-17,NDGL,NAGA DHUNSERI GROUP LTD,2699.0,2710.0,2620.0,2653.4,2668.6,183
2026-09-17,NAGREEKCAP,NAGREEKA CAP & INFR.LTD,28.15,29.0,26.8,27.92,27.79,66117
2026-09-17,NAGREEKEXP,NAGREEKA EXPORTS LTD.,21.01,21.94,20.96,21.54,21.25,8627
2026-09-17,NAHARCAP,NAHAR CAP & FIN.,250.05,253.0,247.5,250.0,250.05,283
2026-09-17,NAHARINDUS,NAHAR INDS ENT LTD,127.5,142.0,127.5,133.47,127.3,40682
2026-09-17,NAHARPOLY,NAHAR POLY FILMS LIMITED,221.2,228.15,220.05,222.28,225.84,10758
2026-09-17,NAHARSPING,NAHAR SPINNING MILLS LTD.,262.9,284.45,262.9,275.8,261.8,51178
2026-09-17,NGIL,NAKODA GROUP OF IND. LTD,33.88,35.57,33.25,34.94,32.34,10763
2026-09-17,NSIL,NALWA SONS INVESTMENT LTD,5409.5,5469.5,5409.5,5436.0,5397.5,869
2026-09-17,NDL,NANDAN DENIM LIMITED,2.82,2.89,2.8,2.82,2.89,566518
2026-09-17,JAIPURKURT,NANDANI CREATION LIMITED,24.98,24.98,24.12,24.74,24.49,587
2026-09-17,NH,NARAYANA HRUDAYALAYA LTD.,1860.9,1884.4,1848.3,1868.6,1851.6,127928
2026-09-17,NARMADA,NARMADA AGROBASE LIMITED,13.74,14.0,13.71,13.86,13.77,82610
2026-09-17,NATCOPHARM,NATCO PHARMA LTD.,813.35,820.0,805.75,818.25,813.3,340518
2026-09-17,NATHBIOGEN,NATH BIO-GENES (I) LTD,147.0,149.08,145.0,148.14,146.05,2669
2026-09-17,NATIONALUM,NATIONAL ALUMINIUM CO LTD,356.0,360.75,354.2,355.7,356.0,3033265
2026-09-17,NFL,NATIONAL FERT. LTD,65.96,67.29,65.8,66.84,66.29,555974
2026-09-17,NATIONSTD,NATIONAL STAND (INDIA) L,109.9,112.65,108.5,111.8,109.21,11705
2026-09-17,NAVA,NAVA LIMITED,548.0,555.3,542.3,546.6,548.3,177138
2026-09-17,NAVINFLUOR,NAVIN FLUORINE INT. LTD,8120.0,8325.0,8120.0,8220.0,8160.5,106635
2026-09-17,NAVKARCORP,NAVKAR CORPORATION LTD.,85.0,87.96,84.98,87.56,85.56,606584
2026-09-17,NAVNETEDUL,NAVNEET EDUCATION LTD,125.03,128.8,124.07,124.89,125.03,59741
2026-09-17,NAZARA,NAZARA TECHNOLOGIES LTD,349.9,366.7,348.4,362.55,351.15,1257748
2026-09-17,NBCC,NBCC (INDIA) LIMITED,81.41,82.45,81.0,82.13,81.41,3284388
2026-09-17,NCC,NCC LIMITED,135.05,137.1,133.6,135.6,135.01,2571140
2026-09-17,NCLIND,NCL INDUSTRIES LIMITED,173.5,174.89,172.21,172.98,172.42,27273
2026-09-17,NDLVENTURE,NDL VENTURES LIMITED,116.67,121.0,115.9,120.03,116.65,2187
2026-09-17,NDRAUTO,NDR AUTO COMPONENTS LTD,675.6,714.6,674.9,701.0,670.55,46693
2026-09-17,NDTV,NDTV LTD,69.74,71.99,69.74,71.04,69.74,52161
2026-09-17,NECLIFE,NECTAR LIFESCIENCES LTD.,11.12,11.2,10.93,11.02,10.9,59549
2026-09-17,NELCAST,NELCAST LIMITED,103.85,110.0,103.85,108.04,103.85,119553
2026-09-17,NELCO,NELCO LTD,940.0,972.0,931.0,965.25,938.05,197825
2026-09-17,NEOGEN,NEOGEN CHEMICALS LIMITED,2300.0,2484.8,2274.0,2395.6,2302.4,605450
2026-09-17,NEPHROPLUS,NEPHROCARE HEALTH SERV L,735.2,743.75,730.55,735.1,735.2,40733
2026-09-17,NESCO,NESCO LTD.,1077.0,1088.9,1073.0,1081.5,1075.6,18899
2026-09-17,NESTLEIND,NESTLE INDIA LIMITED,1384.5,1391.7,1370.1,1370.6,1384.5,1082694
2026-09-17,NETWEB,NETWEB TECH INDIA LTD,4563.0,4618.0,4484.0,4578.5,4562.0,1120214
2026-09-17,NPST,NETWORK PEOPLE SRV TECH L,1855.0,1920.0,1823.4,1854.9,1834.6,460726
2026-09-17,NETWORK18,NETWORK18 MEDIA & INV LTD,26.04,26.99,25.9,26.46,26.12,4048889
2026-09-17,NEULANDLAB,NEULAND LAB LTD.,22565.0,22980.0,22525.0,22665.0,22625.0,18964
2026-09-17,NEWGEN,NEWGEN SOFTWARE TECH LTD,493.25,495.15,487.9,489.5,492.0,398497
2026-09-17,NEXTMEDIA,NEXT MEDIAWORKS LIMITED,3.8,3.89,3.73,3.88,3.8,8346
2026-09-17,NGLFINE,NGL FINE CHEM LIMITED,2647.1,2731.9,2625.2,2715.3,2673.8,4269
2026-09-17,NHPC,NHPC LTD,75.61,75.88,74.99,75.2,75.41,11626579
2026-09-17,NIBE,NIBE LIMITED,1213.9,1259.0,1213.9,1250.1,1212.0,25690
2026-09-17,NICCOPAR,NICCO PARKS & RESORTS LTD,77.05,82.0,77.05,82.0,80.11,567
2026-09-17,NIITMTS,NIIT LEARNING SYSTEMS LTD,223.79,226.21,220.11,224.6,223.79,53888
2026-09-17,NIITLTD,NIIT LIMITED,85.3,87.9,85.3,87.31,85.35,139121
2026-09-17,NILAINFRA,NILA INFRASTRUCTURES LTD,6.5,6.65,6.5,6.56,6.57,55420
2026-09-17,NILASPACES,NILA SPACES LIMITED,12.63,13.28,12.2,12.48,12.56,3067089
2026-09-17,NILE,NILE LTD.,1475.9,1479.0,1450.0,1456.0,1452.6,735
2026-09-17,NILKAMAL,NILKAMAL LIMITED,1915.7,1967.8,1899.4,1917.2,1920.5,17635
2026-09-17,NIMBSPROJ,NIMBUS PROJECTS LIMITED,183.66,183.73,176.2,183.73,174.99,27007
2026-09-17,NINSYS,NINTEC SYSTEMS LIMITED,705.85,709.3,699.9,707.9,709.35,1274
2026-09-17,BANKBEES,NIP IND ETF BANK BEES,583.99,586.0,580.52,581.64,582.68,514509
2026-09-17,CONSUMBEES,NIP IND ETF CONSUMPTION,127.79,128.22,126.38,126.99,127.09,57414
2026-09-17,DIVOPPBEES,NIP IND ETF DIV OPP,74.02,75.25,74.02,74.88,74.62,16908
2026-09-17,NV20BEES,NIP IND ETF ETF NV20,135.62,136.15,134.84,135.72,135.62,15612
2026-09-17,GOLDBEES,NIP IND ETF GOLD BEES,124.26,125.0,123.67,124.43,124.91,22769280
2026-09-17,HNGSNGBEES,NIP IND ETF HANGSENG BEES,464.0,466.44,460.0,462.97,464.42,69972
2026-09-17,INFRABEES,NIP IND ETF INFRA BEES,930.64,933.97,924.03,928.63,926.01,6160
2026-09-17,ITBEES,NIP IND ETF IT,32.3,33.1,31.9,32.39,32.3,8324681
2026-09-17,JUNIORBEES,NIP IND ETF JUNIOR BEES,767.96,773.4,761.0,771.94,764.82,212891
2026-09-17,LIQUIDBEES,NIP IND ETF LIQUID BEES,1000.0,1000.01,999.99,999.99,999.99,2962685
2026-09-17,LTGILTBEES,NIP IND ETF LONGTERM GILT,29.77,29.77,29.66,29.68,29.7,340430
2026-09-17,MID150BEES,NIP IND ETF MIDCAP 150,232.0,234.5,230.59,233.43,232.0,467925
2026-09-17,NIF100BEES,NIP IND ETF NIFTY 100,259.16,260.12,257.66,259.43,258.67,135501
2026-09-17,NIFTYBEES,NIP IND ETF NIFTY BEES,265.44,266.75,264.1,266.08,265.02,4732947
2026-09-17,PSUBNKBEES,NIP IND ETF PSU BANK BEES,91.1,93.68,91.1,92.38,92.21,1436668
2026-09-17,SHARIABEES,NIP IND ETF SHARIAH BEES,438.0,443.98,435.01,439.9,439.4,5890
2026-09-17,NAM-INDIA,NIPPON L I A M LTD,1122.9,1123.2,1106.0,1119.0,1124.0,997028
2026-09-17,LIQGRWBEES,NIPPONAMC - LIQGRWBEES,1058.45,1063.44,1051.89,1055.78,1055.64,440338
2026-09-17,MANUFGBEES,NIPPONAMC - MANUFGBEES,158.0,161.0,157.79,160.03,157.61,2092
2026-09-17,AUTOBEES,NIPPONAMC - NETFAUTO,279.0,283.29,276.56,282.4,279.35,144505
2026-09-17,PHARMABEES,NIPPONAMC - NETFPHARMA,27.16,27.39,26.68,27.36,26.95,3319130
2026-09-17,SILVERBEES,NIPPONAMC - NETFSILVER,216.01,217.58,215.17,216.64,218.46,13737345
2026-09-17,SNXT30BEES,NIPPONAMC - SNXT30BEES,41.5,42.0,41.5,41.91,41.62,2988
2026-09-17,NIRAJ,NIRAJ CEMENT STRUC LTD,28.78,28.78,27.5,27.92,27.61,27702
2026-09-17,NIRLON,NIRLON LTD,596.3,611.95,594.2,601.05,593.6,1233
2026-09-17,NITCO,NITCO LIMITED,85.6,88.79,85.11,85.94,85.17,342602
2026-09-17,NITINSPIN,NITIN SPINNERS LIMITED,628.0,635.0,614.05,616.85,628.0,63384
2026-09-17,NITIRAJ,NITIRAJ ENGINEERS LTD,226.0,239.0,223.22,234.07,230.02,6661
2026-09-17,NITTAGELA,NITTA GELATIN INDIA LTD.,1756.9,1794.8,1735.6,1766.1,1756.9,9697
2026-09-17,NIVABUPA,NIVA BUPA HEALTH INS CO L,80.55,80.79,79.29,79.6,79.55,654127
2026-09-17,NKIND,NK INDUSTRIES LTD,57.9,57.9,55.7,57.8,57.62,243
2026-09-17,NLCINDIA,NLC INDIA LIMITED,256.5,262.9,255.6,262.3,255.35,1656457
2026-09-17,NMDC,NMDC LTD.,80.41,81.35,80.4,80.8,80.32,4385275
2026-09-17,NSLNISP,NMDC STEEL LIMITED,41.0,41.91,41.0,41.64,41.17,2893595
2026-09-17,NOCIL,NOCIL LIMITED,180.9,189.63,180.18,186.36,181.95,2002880
2026-09-17,NOIDATOLL,NOIDA TOLL BRIDGE CO LTD,4.04,4.1,3.92,3.96,3.96,148592
2026-09-17,NORBTEAEXP,NORBEN TEA & EXPORTS LTD,67.57,67.68,64.61,64.73,64.56,1131
2026-09-17,NORTHARC,NORTHERN ARC CAPITAL LTD,293.05,317.35,293.05,310.55,295.9,2358970
2026-09-17,NOVAAGRI,NOVA AGRITECH LIMITED,22.3,22.89,22.11,22.49,22.32,34060
2026-09-17,NOVARTIND,NOVARTIS INDIA LIMITED,2032.0,2195.0,2013.0,2082.2,1995.5,153168
2026-09-17,NRBBEARING,NRB BEARING LIMITED,475.0,479.9,465.95,472.2,471.3,190344
2026-09-17,NIBL,NRB INDUS. BEARINGS LTD.,30.88,31.0,30.26,30.65,30.88,22575
2026-09-17,NTPCGREEN,NTPC GREEN ENERGY LIMITED,87.0,88.18,87.0,87.58,87.59,969560
2026-09-17,NTPC,NTPC LTD,327.8,331.3,327.2,329.6,327.0,5589949
2026-09-17,NUCLEUS,NUCLEUS SOFTWARE EXPORTS,688.0,697.95,685.8,691.4,692.45,14834
2026-09-17,NUVAMA,NUVAMA WEALTH MANAGE LTD,1700.2,1718.7,1682.0,1687.4,1703.1,171066
2026-09-17,NUVOCO,NUVOCO VISTAS CORP LTD,316.2,320.9,313.3,319.0,316.2,196546
2026-09-17,OBCL,OBCL LIMITED,59.18,60.2,55.1,55.82,56.98,27171
2026-09-17,OBEROIRLTY,OBEROI REALTY LIMITED,1705.1,1741.9,1695.8,1740.7,1706.9,413371
2026-09-17,ODIGMA,ODIGMA CONSULTANCY SOL L,21.85,21.98,20.95,21.0,21.42,41688
2026-09-17,ODYCORP,ODYSSEY CORPORATION LTD.,7.25,7.25,6.56,6.86,7.11,37929
2026-09-17,ONGC,OIL AND NATURAL GAS CORP.,235.1,235.65,231.25,232.43,236.8,11062410
2026-09-17,OIL,OIL INDIA LTD,485.0,491.0,474.25,477.4,487.6,1708044
2026-09-17,OLAELEC,OLA ELECTRIC MOBILITY LTD,37.43,37.62,36.51,36.79,37.24,43408200
2026-09-17,OLECTRA,OLECTRA GREENTECH LIMITED,1170.0,1191.4,1164.6,1186.2,1168.0,158165
2026-09-17,OMINFRAL,OM INFRA LIMITED,79.65,80.99,78.5,79.44,80.42,44975
2026-09-17,OMPOWER,OM POWER TRANSMISSION LTD,165.92,170.0,164.02,166.7,164.82,136884
2026-09-17,OMAXAUTO,OMAX AUTOS LTD,166.27,183.0,166.0,175.79,167.1,71166
2026-09-17,OMAXE,OMAXE LIMITED,116.18,122.37,114.51,120.76,115.07,755723
2026-09-17,OMNI,OMNITECH ENGINEERING LTD,539.9,574.5,526.6,568.65,539.5,550904
2026-09-17,PAYTM,ONE 97 COMMUNICATIONS LTD,1795.0,1816.3,1752.7,1763.0,1790.0,4085951
2026-09-17,ONEGLOBAL,ONE GLOBAL SERVICE PROV L,522.15,541.15,520.0,530.45,524.75,5391
2026-09-17,MOBIKWIK,ONE MOBIKWIK SYSTEMS LTD,197.0,210.49,193.95,198.64,198.37,5392512
2026-09-17,ONEPOINT,ONE POINT ONE SOL LTD,57.0,60.25,56.32,59.14,56.28,2680184
2026-09-17,KISSHT,ONEMI TECHNOLOGY SOL LTD,341.0,366.8,330.0,359.95,342.65,2725240
2026-09-17,ONESOURCE,ONESOURCE SPECL PHARMA L,1600.2,1621.8,1569.6,1580.0,1596.6,121361
2026-09-17,ONIDA,ONIDA ELECTRONICS LIMITED,33.0,34.7,31.77,32.29,33.05,2565482
2026-09-17,ONIXSOLAR,ONIX SOLAR ENERGY LTD.,376.2,376.2,376.2,376.2,395.95,7550
2026-09-17,ONWARDTEC,ONWARD TECHNOLOGIES LTD,282.0,303.0,276.05,291.75,278.6,72827
2026-09-17,OPTIEMUS,OPTIEMUS INFRACOM LTD,588.9,614.4,588.85,610.0,592.85,356119
2026-09-17,OPTIFIN,OPTIMUS FINANCE LTD.,13.02,15.9,12.8,15.13,13.29,65480
2026-09-17,OFSS,ORACLE FIN SERV SOFT LTD.,11500.0,11666.0,11356.0,11620.0,11510.0,132173
2026-09-17,ORCHASP,ORCHASP LIMITED,1.6,1.67,1.35,1.37,1.6,1339545
2026-09-17,ORCHPHARMA,ORCHID PHARMA LIMITED,961.0,1001.2,952.95,958.05,957.5,138643
2026-09-17,ORICONENT,ORICON ENTERPRISES LTD,51.05,52.21,51.05,51.26,51.38,12236
2026-09-17,ORIENTBELL,ORIENT BELL LIMITED,380.0,392.1,380.0,387.25,384.2,15649
2026-09-17,ORIENTCEM,ORIENT CEMENT LTD.,121.1,123.0,120.77,122.09,121.64,753064
2026-09-17,ORIENTCER,ORIENT CERATECH LIMITED,45.44,46.7,44.5,46.11,44.82,62071
2026-09-17,ORIENTELEC,ORIENT ELECTRIC LIMITED,170.0,170.0,167.31,168.83,168.4,53644
2026-09-17,GREENPOWER,ORIENT GREEN POWER CO LTD,9.06,9.2,9.0,9.05,9.06,1776162
2026-09-17,ORIENTHOT,ORIENT HOTELS LTD,138.5,141.65,136.48,141.01,138.59,497650
2026-09-17,ORIENTPPR,ORIENT PAPER AND INDS LTD,16.8,17.71,16.8,17.25,16.79,285003
2026-09-17,ORIENTTECH,ORIENT TECHNOLOGIES LTD,234.95,242.52,234.95,236.47,233.32,177246
2026-09-17,OAL,ORIENTAL AROMATICS LTD,508.85,519.0,506.5,513.5,508.85,10254
2026-09-17,ORIRAIL,ORIENTAL RAIL INFRA L,119.8,121.35,117.13,117.94,119.85,43602
2026-09-17,ORIENTALTL,ORIENTAL TRIMEX LTD,4.91,5.07,4.9,4.98,5.0,41875
2026-09-17,ORISSAMINE,ORISSA MIN DEV CO LTD,3849.6,3928.9,3800.0,3896.4,3829.4,5835
2026-09-17,ORKLAINDIA,ORKLA INDIA LIMITED,580.0,583.0,576.0,578.25,579.8,38840
2026-09-17,ORTINGLOBE,ORTIN GLOBAL LIMITED,17.33,17.33,16.4,16.45,17.25,4055
2026-09-17,OSWALAGRO,OSWAL AGRO MILLS LTD,33.0,34.48,32.7,33.91,33.43,28868
2026-09-17,OSWALGREEN,OSWAL GREENTECH LIMITED,18.7,19.5,18.63,19.04,19.29,132784
2026-09-17,OSWALPUMPS,OSWAL PUMPS LIMITED,269.85,278.2,269.45,273.3,269.85,309066
2026-09-17,PBMPOLY,P B M POLYTEX LTD.,61.0,61.0,59.99,60.0,61.0,278
2026-09-17,PNGJL,P N GADGIL JEWELLERS LTD,610.0,612.95,597.1,601.15,608.65,193341
2026-09-17,POEL,P O C L ENTERPRISES LTD.,143.79,143.79,137.0,137.82,137.47,29811
2026-09-17,PGHH,P&G HYGIENE & HEALTH CARE,7655.0,7715.0,7507.0,7613.0,7611.0,7139
2026-09-17,PACEDIGITK,PACE DIGITEK LIMITED,152.0,155.36,152.0,153.31,152.5,495495
2026-09-17,PACIFICI,PACIFIC INDUSTRIES LTD.,148.5,148.5,148.5,148.5,136.1,1
2026-09-17,PAGEIND,PAGE INDUSTRIES LTD,34300.0,35290.0,34300.0,35020.0,34275.0,14284
2026-09-17,PAISALO,PAISALO DIGITAL LIMITED,84.0,92.75,83.89,88.73,84.59,26502335
2026-09-17,PAKKA,PAKKA LIMITED,74.78,77.8,74.78,77.12,75.15,53227
2026-09-17,PALASHSECU,PALASH SECURITIES LTD,89.5,89.5,86.0,86.03,88.0,607
2026-09-17,PALREDTEC,PALRED TECHNOLOGIES LTD,47.4,50.01,46.0,46.01,47.63,1252
2026-09-17,PANACEABIO,PANACEA BIOTEC LTD,373.0,383.35,367.15,372.0,367.15,72429
2026-09-17,PANAMAPET,PANAMA PETROCHEM LTD,452.7,463.5,446.2,459.75,451.55,160464
2026-09-17,PANORAMA,PANORAMA STUDIOS INTL. L,50.85,53.9,50.31,52.63,50.13,379760
2026-09-17,PANSARI,PANSARI DEVELOPERS LTD,291.7,291.7,280.1,290.0,291.7,23
2026-09-17,PARADEEP,PARADEEP PHOSPHATES LTD,146.2,154.37,146.2,153.81,146.84,2608193
2026-09-17,PARAGMILK,PARAG MILK FOODS LTD.,268.8,279.45,263.1,264.6,269.1,2697229
2026-09-17,PARACABLES,PARAMOUNT COMM LTD,61.0,62.38,60.2,60.7,60.83,1231134
2026-09-17,PARAS,PARAS DEF AND SPCE TECH L,1303.0,1379.9,1303.0,1370.9,1318.8,1067428
2026-09-17,PARASPETRO,PARAS PETROFILS LTD.,2.15,2.18,2.13,2.13,2.13,66268
2026-09-17,PARKHOSPS,PARK MEDI WORLD LIMITED,277.1,279.55,276.0,277.9,276.4,143934
2026-09-17,PARKHOTELS,PARKHOTELS,106.54,107.8,105.85,107.2,105.85,48133
2026-09-17,PARNAXLAB,PARNAX LAB LTD.,121.0,127.95,121.0,123.79,120.26,1113
2026-09-17,PASHUPATI,PASHUPATI COTSPIN LIMITED,80.95,82.7,80.46,81.37,79.74,43534
2026-09-17,PASUPTAC,PASUPATI ACRYLON LIMITED,69.49,71.85,68.81,70.31,68.07,215392
2026-09-17,PATANJALI,PATANJALI FOODS LIMITED,362.55,364.9,354.0,354.45,365.0,3350516
2026-09-17,PATELENG,PATEL ENGINEERING LTD.,25.5,26.19,25.5,25.96,25.62,1174809
2026-09-17,PATELRMART,PATEL RETAIL LIMITED,204.71,206.67,202.0,202.84,202.92,72077
2026-09-17,PML,PAUL MERCHANTS LTD.,491.3,495.05,480.0,495.05,496.1,73
2026-09-17,PAUSHAKLTD,PAUSHAK LIMITED,710.05,729.15,703.0,719.95,715.35,30465
2026-09-17,PAVNAIND,PAVNA INDUSTRIES LIMITED,15.15,15.84,14.38,14.95,15.14,102835
2026-09-17,POLICYBZR,PB FINTECH LIMITED,1839.0,1845.0,1718.1,1765.0,1827.1,6641203
2026-09-17,PCJEWELLER,PC JEWELLER LTD,12.59,12.9,12.3,12.35,12.64,225554471
2026-09-17,PCBL,PCBL CHEMICAL LIMITED,318.4,331.8,317.85,329.4,317.1,1194557
2026-09-17,PDSL,PDS LIMITED,336.65,347.4,335.05,345.45,336.65,192977
2026-09-17,PGIL,PEARL GLOBAL IND LIMITED,1180.0,1180.1,1102.0,1143.1,1179.9,340483
2026-09-17,PEARLPOLY,PEARL POLYMERS LTD,16.43,16.86,15.56,16.73,16.15,15864
2026-09-17,PENINLAND,PENINSULA LAND LIMITED,15.2,15.89,14.83,15.55,14.62,250907
2026-09-17,PENIND,PENNAR INDUSTRIES LTD,166.8,172.0,165.51,170.44,166.79,189396
2026-09-17,PERMAGN,PERMANENT MAGNETS LTD.,830.5,842.65,818.05,828.7,834.8,2968
2026-09-17,PERSISTENT,PERSISTENT SYSTEMS LTD,5410.0,5502.0,5405.5,5473.0,5440.0,233465
2026-09-17,PETRONET,PETRONET LNG LIMITED,282.05,285.0,281.7,283.45,282.1,982394
2026-09-17,PFIZER,PFIZER LTD,4000.0,4040.0,3985.5,4014.8,4014.4,20865
2026-09-17,PGEL,PG ELECTROPLAST LTD,524.0,533.7,519.3,529.35,523.85,420677
2026-09-17,PHOENXINTL,PHOENIX INTERNATIONAL LTD,28.4,28.94,27.85,28.77,28.1,775
2026-09-17,PWL,PHYSICSWALLAH LIMITED,127.68,129.99,127.01,127.8,127.53,3147971
2026-09-17,PIIND,PI INDUSTRIES LTD,2260.0,2317.0,2259.0,2307.0,2256.0,136637
2026-09-17,PICCADIL,PICCADILY AGRO INDUSTRI L,592.0,610.3,589.3,600.55,593.05,143208
2026-09-17,PIDILITIND,PIDILITE INDUSTRIES LTD,1543.0,1561.1,1535.0,1551.5,1543.8,354203
2026-09-17,PILITA,PIL ITALICA LIFESTYLE LTD,7.89,7.89,7.65,7.75,7.79,7198
2026-09-17,PILANIINVS,PILANI INV & IND COR LTD,4089.3,4098.0,4055.5,4082.2,4052.2,1593
2026-09-17,PINELABS,PINE LABS LIMITED,185.78,194.49,182.85,184.48,185.71,47871043
2026-09-17,PIONEEREMB,PIONEER EMBROIDERIES LTD,21.05,21.4,20.5,21.39,21.01,4931
2026-09-17,PIRAMALFIN,PIRAMAL FINANCE LIMITED,2166.0,2270.7,2166.0,2253.8,2201.1,312441
2026-09-17,PPLPHARMA,PIRAMAL PHARMA LIMITED,203.2,206.78,201.91,204.71,202.37,2475167
2026-09-17,PITTIENG,PITTI ENGINEERING LIMITED,1103.2,1138.4,1099.1,1131.1,1101.4,108599
2026-09-17,PIXTRANS,PIX TRANSMISSIONS LIMITED,1724.6,1749.0,1720.0,1724.6,1724.6,4973
2026-09-17,PLASTIBLEN,PLASTIBLENDS INDIA LTD,183.56,189.58,182.97,184.45,182.75,14285
2026-09-17,PLATIND,PLATINUM INDUSTRIES LTD,218.34,218.79,208.95,211.11,217.03,111701
2026-09-17,PLAZACABLE,PLAZA WIRES LIMITED,63.5,64.38,62.0,62.31,62.51,55735
2026-09-17,PNBGILTS,PNB GILTS LIMITED,78.0,80.1,77.26,78.5,77.91,357651
2026-09-17,PNBHOUSING,PNB HOUSING FIN LTD.,1122.1,1147.9,1098.4,1103.5,1134.0,3985061
2026-09-17,PNCINFRA,PNC INFRATECH LTD.,132.48,141.78,132.2,139.55,134.44,5631335
2026-09-17,PNC,PNC MEDIA AND ENT LTD,16.2,17.99,16.2,16.63,16.17,157071
2026-09-17,PNGSREVA,PNGS REVA DIAMOND JEWEL L,491.6,508.0,485.0,489.4,496.95,100511
2026-09-17,PODDARMENT,PODDAR PIGMENTS LIMITED,270.4,280.0,266.4,276.05,267.15,4566
2026-09-17,POKARNA,POKARNA LIMITED,747.0,758.4,731.9,737.5,750.5,76059
2026-09-17,POLYMED,POLY MEDICURE LIMITED,1700.1,1753.0,1700.1,1712.7,1704.6,93343
2026-09-17,POLYCAB,POLYCAB INDIA LIMITED,8130.0,8266.0,8112.5,8208.5,8121.5,261101
2026-09-17,POLYPLEX,POLYPLEX CORPORATION LTD,1079.7,1113.0,1079.7,1084.9,1079.7,22394
2026-09-17,POLYSPIN,POLYSPIN EXPORTS LTD.,29.55,29.55,29.38,29.38,28.95,55
2026-09-17,POCL,PONDY OXIDES & CHEM LTD,454.9,473.0,452.3,470.25,452.9,372808
2026-09-17,PONNIERODE,PONNIE SUGARS (ERODE) LTD,363.35,363.35,351.0,353.15,359.55,19966
2026-09-17,POONAWALLA,POONAWALLA FINCORP LTD,430.0,435.5,428.9,432.8,432.45,567959
2026-09-17,PVSL,POPULAR VEHICLES N SER L,97.2,102.0,97.2,98.73,99.32,10987
2026-09-17,PFC,POWER FIN CORP LTD.,346.1,348.5,344.75,344.95,346.0,6259408
2026-09-17,POWERGRID,POWER GRID CORP. LTD.,263.5,265.7,263.25,263.75,262.8,6533662
2026-09-17,PIGL,POWER INSTRUMENT (G) LTD,101.6,103.45,99.33,99.76,101.74,28993
2026-09-17,POWERMECH,POWER MECH PROJECTS LTD.,2301.7,2348.5,2301.7,2339.0,2296.5,22339
2026-09-17,POWERICA,POWERICA LIMITED,542.4,560.1,539.65,556.7,540.0,108526
2026-09-17,PRABHA,PRABHA ENERGY LIMITED,225.03,228.65,218.02,220.77,226.58,125409
2026-09-17,PRAJIND,PRAJ INDUSTRIES LTD,314.0,319.95,312.15,317.1,314.0,400316
2026-09-17,PRAENG,PRAJAY ENG. SYN. LTD.,21.62,22.98,21.62,22.27,22.1,35511
2026-09-17,PRAKASH,PRAKASH INDUSTRIES LTD,118.48,119.58,116.01,116.98,118.48,278545
2026-09-17,PRAKASHSTL,PRAKASH STEELAGE LTD,3.76,3.83,3.74,3.77,3.74,68677
2026-09-17,PRANAV,PRANAV CONSTRUCTIONS LTD,110.0,117.0,109.0,111.16,106.81,13666426
2026-09-17,PRASOLCHEM,PRASOL CHEMICALS LIMITED,653.95,691.5,621.0,678.8,671.0,2205000
2026-09-17,DIAMONDYD,PRATAAP SNACKS LIMITED,1096.6,1106.3,1096.6,1100.4,1102.2,5714
2026-09-17,PRAVEG,PRAVEG LTD.,255.2,260.25,247.95,252.05,254.0,89732
2026-09-17,PRAXIS,PRAXIS HOME RETAIL LTD,4.3,4.3,4.09,4.11,4.23,105578
2026-09-17,PRECAM,PRECISION CAMSHAFTS LTD.,112.79,115.95,112.5,113.34,112.81,143157
2026-09-17,PRECWIRE,PRECISION WIRES INDIA LTD,439.6,452.95,436.1,449.25,439.6,490866
2026-09-17,PRECOT,PRECOT LIMITED,651.05,668.45,651.05,655.15,654.45,1764
2026-09-17,PREMCO,PREMCO GLOBAL LTD.,392.05,400.0,385.75,398.85,392.05,275
2026-09-17,PREMIERENE,PREMIER ENERGIES LIMITED,885.9,904.3,880.0,880.0,899.0,927737
2026-09-17,PREMEXPLN,PREMIER EXPLOSIVES LTD,668.1,675.5,666.95,668.15,667.85,348670
2026-09-17,PREMIERPOL,PREMIER POLYFILM LTD,82.2,84.02,81.0,82.33,82.62,121432
2026-09-17,PRESTIGE,PRESTIGE ESTATE LTD,1424.0,1456.7,1420.1,1440.1,1424.0,598440
2026-09-17,PRICOLLTD,PRICOL LIMITED,744.9,758.9,740.95,752.5,744.8,167280
2026-09-17,PFOCUS,PRIME FOCUS LIMITED,320.2,342.9,317.25,334.95,320.45,6593481
2026-09-17,PRIMESECU,PRIME SECURITIES LIMITED,287.5,299.0,284.75,294.05,283.75,94994
2026-09-17,PRIMO,PRIMO CHEMICALS LIMITED,21.35,22.1,21.13,21.28,21.35,44818
2026-09-17,PRINCEPIPE,PRINCE PIPES FITTINGS LTD,256.5,261.0,255.45,258.7,257.3,70149
2026-09-17,PRSMJOHNSN,PRISM JOHNSON LIMITED,113.4,116.38,113.11,113.44,114.54,175995
2026-09-17,PRISMX,PRISMX GLOBAL VENTURES L,0.55,0.56,0.54,0.54,0.55,34441
2026-09-17,PRITI,PRITI INTERNATIONAL LTD,31.96,34.0,31.03,32.97,31.96,6304
2026-09-17,PRIVISCL,PRIVI SPECIALITY CHE LTD,3465.0,3520.7,3454.0,3490.8,3480.7,35255
2026-09-17,PGHL,PROCTER & GAMBLE HEALTH L,5425.0,5527.0,5414.0,5434.5,5460.0,6064
2026-09-17,PROSTARM,PROSTARM INFO SYSTEMS LTD,128.3,132.28,127.77,131.01,127.95,153389
2026-09-17,PROTEAN,PROTEAN EGOV TECHNO LTD,485.35,496.0,485.35,488.95,485.35,84841
2026-09-17,PROZONER,PROZONE REALTY LIMITED,52.87,53.79,52.01,53.6,52.61,351530
2026-09-17,PRUDENT,PRUDENT CORP ADV SER LTD,3326.1,3349.4,3296.6,3320.2,3326.1,8056
2026-09-17,PSPPROJECT,PSP PROJECTS LIMITED,804.4,849.2,804.4,812.2,813.75,49623
2026-09-17,PFS,PTC INDIA FIN SERV LTD,26.18,26.9,26.11,26.34,26.06,340040
2026-09-17,PTC,PTC INDIA LIMITED,152.49,156.45,151.71,155.93,151.96,1571624
2026-09-17,PTCIL,PTC INDUSTRIES LIMITED,22360.0,23055.0,22300.0,22670.0,22500.0,15271
2026-09-17,PTL,PTL ENTERPRISES LTD,38.05,38.24,37.91,38.09,38.05,19791
2026-09-17,PDMJEPAPER,PUDUMJEE PAPER PRO. LTD,98.55,104.5,98.5,102.41,97.95,664472
2026-09-17,PSB,PUNJAB & SIND BANK,22.23,22.54,21.8,21.86,22.25,1706094
2026-09-17,PUNJABCHEM,PUNJAB CHEM & CROP PROT L,1071.2,1091.0,1056.0,1062.7,1071.2,2280
2026-09-17,PNB,PUNJAB NATIONAL BANK,116.8,119.4,116.36,116.47,116.8,15924714
2026-09-17,PURVA,PURAVANKARA LIMITED,211.05,223.0,208.13,218.23,210.23,1438254
2026-09-17,PERNIASPOP,PURPLE STYLE LABS LIMITED,539.0,558.0,535.0,554.5,545.1,138870
2026-09-17,PVP,PVP VENTURES LIMITED,56.97,60.5,56.06,57.05,58.51,1803277
2026-09-17,PVRINOX,PVR INOX LIMITED,1248.5,1282.0,1231.2,1272.7,1254.6,425001
2026-09-17,PYRAMID,PYRAMID TECHNOPLAST LTD,156.39,156.39,151.11,154.56,153.93,16854
2026-09-17,QUADFUTURE,QUADRANT FUTURE TEK LTD,490.0,534.35,484.0,521.5,491.95,2251310
2026-09-17,QPOWER,QUALITY POWER ELEC EQUP L,1435.0,1494.0,1425.0,1489.8,1422.9,728624
2026-09-17,QGOLDHALF,QUANTUM GOLD ETF,124.86,125.24,123.93,124.65,125.15,165964
2026-09-17,QNIFTY,QUANTUM NIFTY 50 ETF,258.9,258.9,255.6,257.24,256.39,11686
2026-09-17,SILVER001,QUANT_AMC - SILVER001,23.67,23.67,22.75,22.94,23.12,15756
2026-09-17,QUESS,QUESS CORP LIMITED,340.0,355.0,336.15,353.0,342.4,319184
2026-09-17,QUICKHEAL,QUICK HEAL TECH LTD,158.39,158.39,150.1,152.37,157.33,174302
2026-09-17,QUINT,QUINT DIGITAL LTD.,63.66,63.66,63.66,63.66,57.88,216505
2026-09-17,RKSWAMY,R K SWAMY LIMITED,87.3,91.0,87.3,88.06,88.33,16452
2026-09-17,RRIL,R R I L LTD.,15.76,16.02,15.35,15.96,16.23,50261
2026-09-17,RRKABEL,R R KABEL LIMITED,2399.0,2441.3,2378.1,2390.5,2397.4,290367
2026-09-17,RSYSTEMS,R SYS INTERNATIONAL LTD,240.74,247.68,237.81,245.78,240.74,131088
2026-09-17,RTSPOWR,R T S POWER CORPN. LTD.,86.97,86.97,84.4,86.79,83.72,123
2026-09-17,RSSOFTWARE,R. S. SOFTWARE (INDIA) LI,30.24,30.49,29.95,30.0,29.92,9423
2026-09-17,RPPINFRA,R.P.P INFRA PROJECTS LTD,54.8,54.99,53.61,54.79,53.56,42606
2026-09-17,RACE,RACE ECO CHAIN LIMITED,97.08,100.2,94.5,96.77,96.86,62847
2026-09-17,RACLGEAR,RACL GEARTECH LIMITED,1874.9,1927.7,1790.7,1829.0,1852.4,133875
2026-09-17,RADAAN,RADAAN MEDIAWORKS (I) LTD,2.84,2.9,2.72,2.8,2.84,27820
2026-09-17,RADIANTCMS,RADIANT CASH MGMT SER LTD,38.29,38.44,36.04,36.26,38.05,704202
2026-09-17,RADICO,RADICO KHAITAN LTD,4450.0,4469.8,4380.0,4380.0,4466.0,155034
2026-09-17,RPEL,RAGHAV PRODUCTIVITY ENH L,1549.0,1695.0,1538.0,1654.3,1547.0,221802
2026-09-17,RVNL,RAIL VIKAS NIGAM LIMITED,196.5,201.9,196.5,201.7,197.5,3554203
2026-09-17,RAILTEL,RAILTEL CORP OF IND LTD,254.75,265.65,253.95,259.25,252.35,1505311
2026-09-17,RAIN,RAIN INDUSTRIES LIMITED,199.8,203.99,197.0,203.02,199.29,3466885
2026-09-17,RAINBOW,RAINBOW CHILDRENS MED LTD,1455.0,1505.0,1451.1,1473.4,1457.2,108213
2026-09-17,ROML,RAJ OIL MILLS LIMITED,41.31,42.7,41.31,41.42,41.27,28
2026-09-17,RAJTV,RAJ TV NETWORK LTD,8.76,8.76,8.3,8.56,8.58,32088
2026-09-17,RAJPALAYAM,RAJAPALAYAM MILLS LTD.,774.0,780.0,765.0,771.25,760.0,747
2026-09-17,ARENTERP,RAJDARSHAN INDUSTRIES LTD,33.4,34.98,32.43,34.2,32.6,1452
2026-09-17,RAJMET,RAJNANDINI METAL LIMITED,3.11,3.15,3.1,3.12,3.13,122407
2026-09-17,RSL,RAJPUTANA STAINLESS LTD,180.9,188.18,179.05,180.63,180.84,269803
2026-09-17,RAJRATAN,RAJRATAN GLOBAL WIRE LTD,462.0,470.3,430.0,438.1,462.95,239849
2026-09-17,RAJSREESUG,RAJSHREE SUGAR & CHEMICAL,31.55,32.39,31.0,31.99,31.24,27288
2026-09-17,RALLIS,RALLIS INDIA LTD,203.09,206.24,200.6,204.14,202.65,588516
2026-09-17,RAMRAT,RAM RATNA WIRES LIMITED,525.0,560.0,521.55,557.6,525.8,326151
2026-09-17,RAMAPHO,RAMA PHOSPHATES LIMITED,117.89,119.0,115.5,116.9,115.18,14613
2026-09-17,RAMCOIND,RAMCO INDUSTRIES LIMITED,320.85,323.95,315.55,320.9,320.85,50789
2026-09-17,RAMCOSYS,RAMCO SYSTEMS LTD.,555.0,577.9,550.8,564.85,558.65,35499
2026-09-17,RKFORGE,RAMKRISHNA FORGINGS LTD,686.0,714.7,681.05,705.45,688.8,420271
2026-09-17,RAMKY,RAMKY INFRA LTD,311.75,322.7,309.05,320.7,311.75,35791
2026-09-17,RANASUG,RANA SUGARS LTD.,14.85,14.85,14.16,14.7,14.7,1120437
2026-09-17,RML,RANE (MADRAS) LIMITED,1263.0,1320.0,1255.0,1281.8,1268.1,41572
2026-09-17,RANEHOLDIN,RANE HOLDINGS LIMITED,1631.1,1656.9,1620.1,1626.3,1630.3,5957
2026-09-17,RPTECH,RASHI PERIPHERALS LIMITED,792.0,817.4,790.5,806.8,794.45,154700
2026-09-17,RCF,RASHTRIYA CHEMICALS & FER,108.84,110.45,108.47,109.84,108.77,1203731
2026-09-17,RATEGAIN,RATEGAIN TRAVEL TECHN LTD,853.95,871.0,853.95,865.45,860.95,103532
2026-09-17,RATNAMANI,RATNAMANI MET & TUB LTD.,2701.0,2735.6,2656.5,2702.6,2695.0,39882
2026-09-17,RATNAVEER,RATNAVEER PRECISION ENG L,287.75,322.0,284.75,303.85,286.75,21339407
2026-09-17,RTNINDIA,RATTANINDIA ENT LIMITED,26.73,26.95,24.95,26.37,26.74,1807116
2026-09-17,RTNPOWER,RATTANINDIA POWER LIMITED,7.06,7.09,7.0,7.06,7.03,10973501
2026-09-17,RKDL,RAVI KUMAR DIST. LTD.,17.85,18.49,17.85,18.3,17.94,5824
2026-09-17,RVHL,RAVINDER HEIGHTS LIMITED,39.01,39.9,38.01,38.7,39.43,3771
2026-09-17,RELTD,RAVINDRA ENERGY LIMITED,148.72,150.5,144.74,146.16,147.96,51287
2026-09-17,RAYMONDLSL,RAYMOND LIFESTYLE LIMITED,668.0,675.65,655.15,657.25,667.75,95210
2026-09-17,RAYMOND,RAYMOND LTD,993.9,1008.7,966.05,978.2,993.9,3634141
2026-09-17,RAYMONDREL,RAYMOND REALTY LIMITED,566.45,604.0,562.0,584.55,565.35,653981
2026-09-17,RBLBANK,RBL BANK LIMITED,403.0,411.65,401.95,404.15,404.0,2254458
2026-09-17,RRECL,RDB REAL ESTATE CONS L,125.0,145.0,125.0,144.0,135.57,53
2026-09-17,RECLTD,REC LIMITED,314.0,315.05,310.5,310.5,312.65,3222931
2026-09-17,REDINGTON,REDINGTON LIMITED,387.5,403.2,385.0,400.1,388.15,7092777
2026-09-17,REDTAPE,REDTAPE LIMITED,117.5,120.0,115.6,118.65,117.34,777362
2026-09-17,REFEX,REFEX INDUSTRIES LIMITED,259.4,277.0,259.4,271.75,260.9,496100
2026-09-17,REGAAL,REGAAL RESOURCES LIMITED,80.99,81.47,79.01,80.08,80.59,176752
2026-09-17,REGENCERAM,REGENCY CERAMICS LTD.,33.22,35.9,33.11,35.13,33.1,3189
2026-09-17,RELAXO,RELAXO FOOT LTD.,311.95,317.35,310.8,313.7,311.4,99274
2026-09-17,GILT5YBEES,RELCAPAMC - NETFGILT5Y,66.0,66.0,65.62,65.81,65.74,114991
2026-09-17,RELIABLE,RELIABLE DATA SERVICE LTD,130.0,137.45,130.0,136.41,136.05,5899
2026-09-17,RELCHEMQ,RELIANCE CHEMOTEX IND LTD,120.0,122.42,116.67,119.21,116.66,7300
2026-09-17,RIIL,RELIANCE INDUSTRIAL INFRA,694.95,706.45,692.55,700.25,693.65,29678
2026-09-17,RELIANCE,RELIANCE INDUSTRIES LTD,1244.8,1253.4,1238.5,1243.9,1240.0,7752895
2026-09-17,RPOWER,RELIANCE POWER LTD.,20.88,21.4,20.78,21.05,20.78,14286289
2026-09-17,IVZBANKNF,RELIGARAMC - IVZBANKNF,56.26,56.29,55.94,55.99,56.07,962
2026-09-17,IVZSENSEX,RELIGARAMC - IVZSENSEX,75.29,75.29,74.4,74.6,74.55,1385
2026-09-17,RELIGARE,RELIGARE ENTER. LTD.,247.25,252.0,245.08,249.89,247.65,238764
2026-09-17,REMSONSIND,REMSONS INDUSTRIES LTD,93.45,96.66,93.0,95.06,92.34,38817
2026-09-17,RGL,RENAISSANCE GLOBAL LTD,148.0,158.5,148.0,156.49,149.5,777575
2026-09-17,RENTOMOJO,RENTOMOJO LIMITED,482.45,546.8,482.45,534.25,404.0,45889291
2026-09-17,REPCOHOME,REPCO HOME FINANCE LTD,344.0,350.9,343.15,346.3,346.7,73126
2026-09-17,REPRO,REPRO INDIA LIMITED,298.05,308.0,294.0,296.95,297.95,5286
2026-09-17,RESPONIND,RESPONSIVE INDUSTRIES LTD,159.47,164.7,159.16,163.4,161.57,156159
2026-09-17,RBA,RESTAURANT BRAND ASIA LTD,95.99,96.83,94.63,96.12,95.83,2487096
2026-09-17,RVTH,REVATHI EQUIPMENT INDIA L,669.65,679.05,663.0,666.75,663.0,204
2026-09-17,RHETAN,RHETAN TMT LIMITED,20.59,20.59,20.59,20.59,21.67,246581
2026-09-17,RHIM,RHI MAGNESITA INDIA LTD,363.6,369.65,363.6,365.95,363.6,66638
2026-09-17,RICOAUTO,RICO AUTO INDUSTRIES LTD,125.25,129.0,124.7,128.04,125.86,701172
2026-09-17,RIR,RIR POWER ELECTRONICS L,194.74,207.71,186.51,197.63,179.77,36391145
2026-09-17,RISHABH,RISHABH INSTRUMENTS LTD,752.8,804.0,752.8,778.35,758.55,225313
2026-09-17,RITCO,RITCO LOGISTICS LIMITED,296.5,302.55,294.6,299.3,294.75,34285
2026-09-17,RITES,RITES LIMITED,204.92,208.64,204.92,207.93,204.92,281095
2026-09-17,RKEC,RKEC PROJECTS LIMITED,19.61,19.61,18.02,18.49,19.01,52286
2026-09-17,RMC,RMC SWITCHGEARS LIMITED,207.35,239.9,206.41,229.16,206.41,171578
2026-09-17,RHL,ROBUST HOTELS LIMITED,172.95,174.0,165.0,173.74,173.24,1964
2026-09-17,ROLEXRINGS,ROLEX RINGS LIMITED,168.72,171.01,168.0,169.82,168.53,620493
2026-09-17,ROSSARI,ROSSARI BIOTECH LIMITED,437.8,445.75,435.65,440.75,437.8,49511
2026-09-17,ROSSELLIND,ROSSELL INDIA LIMITED,55.25,56.05,54.01,54.38,55.35,33538
2026-09-17,ROSSTECH,ROSSELL TECHSYS LIMITED,1349.9,1426.9,1325.0,1357.2,1349.9,758996
2026-09-17,ROTO,ROTO PUMPS LIMITED,62.1,65.7,62.09,63.35,62.13,667933
2026-09-17,ROUTE,ROUTE MOBILE LIMITED,480.7,494.8,478.3,492.6,480.7,175473
2026-09-17,ROHLTD,ROYAL ORCHID HOTELS LTD,304.8,304.95,296.05,297.45,296.1,7531
2026-09-17,RPGLIFE,RPG LIFE SCIENCES LTD,2754.0,2889.0,2696.8,2824.5,2739.1,18681
2026-09-17,RPSGVENT,RPSG VENTURES LIMITED,823.7,836.95,819.05,832.5,823.7,14068
2026-09-17,RUBFILA,RUBFILA INTERNATIONAL LTD,66.96,67.75,65.1,65.72,65.04,53106
2026-09-17,RUBICON,RUBICON RESEARCH LIMITED,1766.7,1834.9,1766.7,1778.3,1766.7,181529
2026-09-17,RUCHINFRA,RUCHI INFRASTRUCTURE LTD,5.29,5.29,5.1,5.14,5.22,70536
2026-09-17,RUCHIRA,RUCHIRA PAPERS LIMITED,107.81,110.79,106.0,107.45,107.28,39762
2026-09-17,RUDRA,RUDRA GLOBAL INFRA PROD L,19.9,20.8,19.9,20.36,20.08,19030
2026-09-17,RUPA,RUPA & COMPANY LTD,132.08,135.27,130.31,134.97,132.08,108222
2026-09-17,RUSHIL,RUSHIL DECOR LIMITED,15.08,15.8,13.91,15.57,15.33,3207179
2026-09-17,SAB,S A B INDUSTRIES LTD.,174.18,174.18,174.18,174.18,175.05,1
2026-09-17,SCHAND,S CHAND AND COMPANY LTD,131.02,135.99,131.02,134.88,133.28,22948
2026-09-17,SHK,S H KELKAR AND CO. LTD.,133.42,142.85,132.93,138.67,133.42,773894
2026-09-17,SVGLOBAL,S V GLOBAL MILL LTD.,134.0,134.0,127.0,128.26,134.03,700
2026-09-17,S&SPOWER,S&S POWER SWITCHGEARS LTD,329.8,329.8,318.0,318.7,321.35,1890
2026-09-17,SPAL,S. P. APPARELS LIMITED,973.3,1010.1,969.0,1003.1,974.9,47780
2026-09-17,SALSTEEL,S.A.L. STEEL LTD.,76.7,78.35,75.87,78.35,74.62,243492
2026-09-17,SAATVIKGL,SAATVIK GREEN ENERGY LTD,413.05,413.05,402.6,404.5,413.25,94033
2026-09-17,SADBHAV,SADBHAV ENGINEERING LTD,7.6,7.75,7.46,7.52,7.6,119756
2026-09-17,SADBHIN,SADBHAV INFRA PROJ LTD.,2.66,2.66,2.46,2.48,2.55,162843
2026-09-17,SAFARI,SAFARI IND (INDIA) LTD,1520.0,1525.5,1496.1,1511.4,1520.5,30289
2026-09-17,SAGCEM,SAGAR CEMENTS LIMITED,148.02,152.49,147.0,149.41,147.99,29756
2026-09-17,SAGARDEEP,SAGARDEEP ALLOYS LIMITED,23.92,24.15,23.2,23.5,23.81,5082
2026-09-17,SAGILITY,SAGILITY LIMITED,45.02,45.38,44.45,44.56,45.02,10163066
2026-09-17,SAHYADRI,SAHYADRI INDUSTRIES LTD,364.9,370.0,357.0,359.25,361.3,5407
2026-09-17,SAICAPI,SAI CAPITAL LTD.,158.84,160.1,155.66,158.99,158.84,61
2026-09-17,SAILIFE,SAI LIFE SCIENCES LIMITED,1537.9,1569.6,1530.2,1545.7,1539.1,443745
2026-09-17,SAIPARENT,SAI PARENTERALS LIMITED,516.0,516.0,505.55,510.25,516.45,23068
2026-09-17,KALAMANDIR,SAI SILKS (KALAMANDIR) L,77.78,78.8,76.55,76.79,77.78,554742
2026-09-17,SEKURITIND,SAINT GOBAIN SEKUR IND L,107.0,109.99,107.0,108.72,107.25,14502
2026-09-17,SAKAR,SAKAR HEALTHCARE LIMITED,1100.0,1163.85,1100.0,1129.55,1105.4,72715
2026-09-17,SAKSOFT,SAKSOFT LIMITED,141.18,143.85,140.71,142.92,141.18,179023
2026-09-17,SAKHTISUG,SAKTHI SUGARS LTD,18.53,18.9,18.31,18.44,18.53,64020
2026-09-17,SAKUMA,SAKUMA EXPORTS LIMITED,1.55,1.58,1.54,1.54,1.56,681384
2026-09-17,SALASAR,SALASAR TECHNO ENGG. LTD.,4.92,4.96,4.87,4.89,4.93,2278124
2026-09-17,SALONA,SALONA COTSPIN LTD.,269.95,269.95,263.05,266.05,264.0,180
2026-09-17,SALZERELEC,SALZER ELECTRONICS LTD,556.5,564.95,548.65,550.95,557.85,39715
2026-09-17,SAMBANDAM,SAMBANDAM SPINNING MILL L,105.0,105.39,101.0,101.51,106.27,2802
2026-09-17,SAMBHAAV,SAMBHAAV MEDIA LTD,5.9,6.14,5.88,6.0,5.89,13902
2026-09-17,SAMBHV,SAMBHV STEEL TUBES LTD,128.11,131.0,127.5,129.09,128.4,899777
2026-09-17,SAMHI,SAMHI HOTELS LIMITED,160.0,162.24,153.6,156.67,160.27,1218576
2026-09-17,SAMMAANCAP,SAMMAAN CAPITAL LIMITED,142.0,144.57,141.3,142.22,142.19,4348828
2026-09-17,SAMPANN,SAMPANN UTPADAN INDIA LTD,24.44,24.69,23.11,24.26,24.28,35582
2026-09-17,MOTHERSON,SAMVRDHNA MTHRSN INTL LTD,159.02,162.84,158.66,161.87,158.27,7026483
2026-09-17,SANATHAN,SANATHAN TEXTILES LIMITED,448.0,466.75,448.0,461.95,454.05,43107
2026-09-17,SANDESH,SANDESH LTD,1027.3,1045.0,1014.5,1037.4,1032.3,408
2026-09-17,SANDHAR,SANDHAR TECHNOLOGIES LTD,585.0,596.2,579.0,588.25,583.25,115625
2026-09-17,SANDUMA,SANDUR MANG & IRON ORES L,180.6,183.78,180.6,182.53,180.6,389388
2026-09-17,SANGAMIND,SANGAM (INDIA) LTD,562.3,590.0,562.3,583.05,566.55,18253
2026-09-17,SANGHVIMOV,SANGHVI MOVERS LTD,410.4,424.8,410.4,419.65,408.25,307857
2026-09-17,SANOFICONR,SANOFI CONS HEALTHC IND L,4018.0,4046.8,3926.0,3989.5,3990.4,4821
2026-09-17,SANOFI,SANOFI INDIA LIMITED,3111.2,3126.7,3075.2,3085.0,3111.2,15928
2026-09-17,SANSERA,SANSERA ENGINEERING LTD,3969.0,4048.0,3938.5,4017.5,3971.2,130544
2026-09-17,SANSTAR,SANSTAR LIMITED,112.48,116.55,112.48,115.54,112.81,348381
2026-09-17,SAPPHIRE,SAPPHIRE FOODS INDIA LTD,223.1,235.39,222.78,233.24,223.32,1148165
2026-09-17,ZSARACOM,SARASWATI COMM (INDIA) L,10494.0,10520.0,10062.0,10338.0,10494.0,37
2026-09-17,SSDL,SARASWATI SAREE DEPOT LTD,60.29,62.5,59.1,62.08,59.7,36959
2026-09-17,SARDAEN,SARDA ENERGY & MIN LTD,500.0,525.0,495.45,506.95,497.35,829409
2026-09-17,SAREGAMA,SAREGAMA INDIA LIMITED,483.5,501.9,483.0,489.25,486.55,420340
2026-09-17,SARLAPOLY,SARLA PERF. FIBERS LTD,95.62,97.1,95.62,96.49,95.22,19034
2026-09-17,SMLT,SARTHAK METALS LIMITED,60.0,64.0,59.38,59.98,59.88,8842
2026-09-17,SARVESHWAR,SARVESHWAR FOODS LIMITED,3.76,3.86,3.72,3.72,3.79,1262970
2026-09-17,SASKEN,SASKEN TECHNOLOGIES LTD,1687.8,1740.0,1670.2,1722.1,1681.5,31022
2026-09-17,SATIA,SATIA INDUSTRIES LIMITED,68.11,70.0,67.08,67.63,68.11,92651
2026-09-17,SATIN,SATIN CREDIT NET LTD,215.1,222.86,215.1,219.82,217.88,86493
2026-09-17,SAURASHCEM,SAURASHTRA CEMENT LIMITED,52.5,53.29,51.4,51.91,52.33,152309
2026-09-17,SOTL,SAVITA OIL TECHNOLO. LTD,685.0,700.35,681.55,691.4,694.4,138210
2026-09-17,SAYAJIIND,SAYAJI INDUSTRIES LTD.,113.0,113.0,113.0,113.0,113.0,3
2026-09-17,SBC,SBC EXPORTS LIMITED,47.65,48.68,47.65,48.25,47.63,7597720
2026-09-17,SBFC,SBFC FINANCE LIMITED,94.0,95.15,93.06,93.32,93.66,515860
2026-09-17,SBICARD,SBI CARDS & PAY SER LTD,616.0,641.55,616.0,636.95,618.1,1811876
2026-09-17,SBIFUNDS,SBI FUNDS MANAGEMENT LTD,530.0,542.3,528.25,540.95,530.1,1328674
2026-09-17,SBILIFE,SBI LIFE INSURANCE CO LTD,1693.0,1771.1,1689.0,1766.9,1697.9,1760558
2026-09-17,SETFGOLD,SBI-ETF GOLD,128.19,128.88,127.59,128.39,128.88,4118582
2026-09-17,SETFNIF50,SBI-ETF NIFTY 50,251.4,252.09,249.91,251.29,250.64,487492
2026-09-17,SETFNIFBK,SBI-ETF NIFTY BANK,577.41,580.9,576.06,576.31,577.41,260815
2026-09-17,SETFNN50,SBI-ETF NIFTY NEXT 50,761.11,766.5,756.14,765.01,758.2,13672
2026-09-17,LIQUIDSBI,SBIAMC - LIQUIDSBI,999.99,1000.01,999.99,1000.01,1000.0,14603
2026-09-17,SBIBPB,SBIAMC - SBIBPB,48.27,48.79,47.6,47.77,48.27,86400
2026-09-17,SBIETFCON,SBIAMC - SBIETFCON,118.97,118.97,117.91,118.54,117.78,1963
2026-09-17,SBIETFIT,SBIAMC - SBIETFIT,319.01,326.8,319.01,323.24,322.23,5344
2026-09-17,SBIETFPB,SBIAMC - SBIETFPB,283.59,283.59,277.68,278.65,279.3,6642
2026-09-17,SBIETFQLTY,SBIAMC - SBIETFQLTY,213.0,215.01,213.0,214.83,213.75,1903
2026-09-17,SBILIQETF,SBIAMC - SBILIQETF,1056.22,1056.22,1056.2,1056.2,1056.07,96438
2026-09-17,SBIMIDMOM,SBIAMC - SBIMIDMOM,61.92,62.95,61.92,62.65,62.01,106166
2026-09-17,SBINEQWETF,SBIAMC - SBINEQWETF,32.37,34.5,32.21,32.57,32.21,15561
2026-09-17,SBINMID150,SBIAMC - SBINMID150,22.48,22.89,22.48,22.74,22.48,9273
2026-09-17,SBISILVER,SBIAMC - SBISILVER,222.0,223.0,220.45,222.1,224.07,817072
2026-09-17,SBISMLETF,SBIAMC - SBISMLETF,18.07,18.17,17.91,18.16,17.9,10469
2026-09-17,SBIVALETF,SBIAMC - SBIVALETF,14.42,14.48,14.34,14.44,14.35,855
2026-09-17,SETF10GILT,SBIAMC - SETF10GILT,262.49,263.87,261.35,261.38,262.49,1434
2026-09-17,SCHAEFFLER,SCHAEFFLER INDIA LIMITED,3921.9,4041.4,3870.2,3991.0,3898.9,87486
2026-09-17,SCHNEIDER,SCHNEIDER ELECTRIC INFRA,1192.0,1207.5,1177.2,1201.9,1198.6,279345
2026-09-17,SCODATUBES,SCODA TUBES LIMITED,124.99,128.09,123.0,123.97,124.34,162632
2026-09-17,SEAMECLTD,SEAMEC LIMITED,1709.0,1750.9,1695.9,1738.5,1701.6,34655
2026-09-17,SECMARK,SECMARK CONSULTANCY LTD,132.4,144.45,128.8,139.95,143.74,2421
2026-09-17,SECURKLOUD,SECUREKLOUD TECH LIMITED,16.6,17.44,16.6,17.17,17.06,14293
2026-09-17,SEDEMAC,SEDEMAC MECHATRONICS LTD,3158.8,3214.4,3025.6,3110.6,3122.4,285470
2026-09-17,SEJALLTD,SEJAL GLASS LIMITED,681.7,681.7,663.0,681.7,649.25,11757
2026-09-17,SEMAC,SEMAC CONSTRUCTION LTD,269.0,270.0,268.0,270.0,269.0,139
2026-09-17,SENCO,SENCO GOLD LIMITED,331.55,344.95,330.35,342.35,332.25,492434
2026-09-17,SENORES,SENORES PHARMACEUTICALS L,1378.4,1435.0,1358.0,1402.6,1376.9,369889
2026-09-17,SEPC,SEPC LIMITED,5.08,5.25,5.08,5.22,5.11,5711817
2026-09-17,SERVOTECH,SERVOTECH REN POW SYS LTD,72.43,74.2,72.0,72.27,73.24,328484
2026-09-17,STYL,SESHAASAI TECHNOLOGIES L,361.9,373.0,358.4,365.85,361.2,135224
2026-09-17,SESHAPAPER,SESHASAYEE PAPER & BOARDS,247.0,252.98,247.0,247.82,246.72,49766
2026-09-17,SGFIN,SG FINSERVE LIMITED,618.25,630.5,610.0,619.9,618.2,161589
2026-09-17,SGMART,SG MART LIMITED,694.15,722.8,694.15,712.25,697.65,219503
2026-09-17,SGLRES,SGL RESOURCES LIMITED,2.49,2.53,2.35,2.49,2.44,53314
2026-09-17,SHADOWFAX,SHADOWFAX TECHNOLOGIES L,243.75,254.0,243.75,251.65,243.75,1463627
2026-09-17,SHAH,SHAH METACORP LIMITED,3.35,3.38,3.29,3.3,3.34,3004944
2026-09-17,SHAILY,SHAILY ENG PLASTICS LTD,3080.0,3155.0,3080.0,3107.2,3097.3,78725
2026-09-17,SHAKTIPUMP,SHAKTI PUMPS (I) LTD,466.8,468.95,458.5,464.1,463.9,505053
2026-09-17,SHALBY,SHALBY LIMITED,135.0,140.05,135.0,138.5,135.74,156178
2026-09-17,SAHLIBHFI,SHALIBHADRA FINANCE LTD,79.9,80.87,77.0,78.52,78.94,9115
2026-09-17,SRD,SHANKAR LAL RAMPAL LTD,40.19,40.25,39.0,39.54,40.09,7101
2026-09-17,SHANKARA,SHANKARA BLDG PRODUCT LTD,149.85,149.85,148.61,149.29,149.24,129256
2026-09-17,BUILDPRO,SHANKARA BUILDPRO LIMITED,1271.0,1276.0,1238.2,1244.9,1271.0,18237
2026-09-17,SHANKESH,SHANKESH JEWELLERS LTD,90.33,91.58,88.5,88.96,89.55,1886550
2026-09-17,SHANTIGEAR,SHANTHI GEARS LTD,693.0,708.3,673.35,677.6,691.6,65634
2026-09-17,SEIL,SHANTI EDU INITIATIVES L,188.36,194.1,186.0,193.07,189.33,91703
2026-09-17,SHANTIGOLD,SHANTI GOLD INTERNATION L,243.89,247.59,241.0,242.44,243.95,652411
2026-09-17,SHANTI,SHANTI OVERSEAS INDIA LTD,6.39,6.39,6.06,6.29,6.06,18255
2026-09-17,SHINDL,SHARAT INDUSTRIES LTD.,161.02,163.21,160.62,161.05,163.05,88869
2026-09-17,SHARDACROP,SHARDA CROPCHEM LTD.,745.0,758.85,740.05,741.7,745.5,103362
2026-09-17,SHARDAMOTR,SHARDA MOTOR INDS LTD,935.0,951.85,918.0,948.35,930.55,63598
2026-09-17,SHAREINDIA,SHARE IND. SECURITIES LTD,199.0,219.95,196.2,218.44,196.05,28924428
2026-09-17,SFL,SHEELA FOAM LIMITED,663.8,679.45,663.8,673.0,663.05,68845
2026-09-17,SHILCTECH,SHILCHAR TECHNOLOGIES LTD,4017.0,4163.0,4017.0,4103.4,4016.5,11854
2026-09-17,SHILGRAVQ,SHILP GRAVURES LTD.,155.02,162.99,155.0,158.0,154.88,1172
2026-09-17,SHILPAMED,SHILPA MEDICARE LTD,923.0,963.0,923.0,958.35,928.05,819680
2026-09-17,SCILAL,SHIPPING CORP OF ILA LTD,37.5,38.64,37.5,38.19,37.91,207970
2026-09-17,SCI,SHIPPING CORP OF INDIA LT,267.65,272.25,267.15,270.0,266.9,1114004
2026-09-17,SHIPROCKET,SHIPROCKET LIMITED,123.66,125.98,120.0,120.93,123.66,4468956
2026-09-17,SHIVAUM,SHIV AUM STEELS LIMITED,468.15,469.95,468.0,468.05,469.0,439
2026-09-17,SHIVACEM,SHIVA CEMENT LTD.,15.67,15.79,15.01,15.3,15.5,41715
2026-09-17,SHIVAAGRO,SHIVA GLOBAL AGRO INDS. L,39.88,39.89,38.0,38.71,39.89,130
2026-09-17,SHIVAMILLS,SHIVA MILLS LIMITED,61.49,61.49,59.02,60.2,59.86,1076
2026-09-17,SHIVATEX,SHIVA TEXYARN LIMITED,180.5,180.5,174.11,174.17,177.7,2812
2026-09-17,SBCL,SHIVALIK BIMETAL CON. LTD,1062.0,1115.0,1057.2,1091.8,1057.0,279880
2026-09-17,SHIVALIK,SHIVALIK RASAYAN LIMITED,389.15,399.85,367.2,369.3,389.15,112649
2026-09-17,SHIVAMAUTO,SHIVAM AUTO.LTD,17.0,17.0,16.1,16.19,16.33,13374
2026-09-17,SHOPERSTOP,SHOPPERS STOP LIMITED,390.65,438.6,390.0,413.3,395.3,835711
2026-09-17,SHRADDHA,SHRADDHA PRIME PROJECTS L,154.45,154.45,146.11,150.73,152.97,5141
2026-09-17,SHRADHA,SHRADHA REALTY LIMITED,31.94,31.95,31.09,31.15,31.49,3241
2026-09-17,SHREEPUSHK,SHRE PUSH CHEM & FERT LTD,506.65,522.85,502.7,512.5,506.95,69346
2026-09-17,SAPPL,SHREE AJIT PULP & PAPER L,287.8,287.8,276.0,278.75,274.65,949
2026-09-17,SHREECEM,SHREE CEMENT LIMITED,21760.0,22080.0,21685.0,21960.0,21795.0,15117
2026-09-17,SHREDIGCEM,SHREE DIGVIJAY CEM CO LTD,67.14,67.98,66.1,67.42,66.19,58327
2026-09-17,SGRL,SHREE GANESH REMEDIES LTD,654.8,679.0,638.85,678.2,648.65,6805
2026-09-17,SRTL,SHREE RAM TWISTEX LIMITED,36.86,38.28,36.5,37.98,36.86,24385
2026-09-17,SHREERAMA,SHREE RAMA MULTI TECH LTD,44.41,44.75,43.91,44.36,43.98,14020
2026-09-17,RAMANEWS,SHREE RAMA NEWSPRINT LTD,30.16,32.5,30.16,30.94,30.16,24768
2026-09-17,RENUKA,SHREE RENUKA SUGARS LTD,23.0,23.33,22.61,22.81,23.01,7607455
2026-09-17,BALAJEE,SHREE TIRUPATI BALAJEE L,24.06,25.17,24.06,25.03,24.43,37507
2026-09-17,SVLL,SHREE VASU LOGISTICS LTD,800.4,824.4,800.4,818.35,804.2,1207
2026-09-17,SHREEJISPG,SHREEJI SHIPPING GLOBAL L,688.35,697.55,680.3,691.0,690.2,1140193
2026-09-17,OSWALSEEDS,SHREEOSWAL S AND CHE LTD,14.8,14.96,13.62,13.87,14.6,294234
2026-09-17,SHREYANIND,SHREYANS INDUSTRIES LTD,126.25,129.75,125.82,128.01,127.48,5027
2026-09-17,SHBAJRG,SHRI BAJRANG ALLIANCE L,152.0,155.01,148.28,152.08,151.35,5324
2026-09-17,SHRJAGP,SHRI JAGDAMBA POLYMERS L,643.05,660.6,641.05,642.5,637.15,325
2026-09-17,SHRIKRISH,SHRI KRISHNA DEVCON LTD.,34.01,40.0,34.01,34.04,34.0,527
2026-09-17,SHRINGARMS,SHRINGAR HOU OF MANGALS L,209.49,213.5,209.35,211.74,209.49,131415
2026-09-17,LIQUIDSHRI,SHRIRAM - LIQUIDSHRI,1121.72,1121.74,1121.72,1121.72,1121.58,11007
2026-09-17,SHRIRAMFIN,SHRIRAM FINANCE LIMITED,979.0,1005.5,978.3,995.0,979.0,4285999
2026-09-17,SHRIRAMPPS,SHRIRAM PROPERTIES LTD,70.5,74.4,70.41,72.91,70.57,255885
2026-09-17,SHUKRAPHAR,SHUKRA PHARMACEUTICALS L,54.58,55.79,54.06,54.24,54.6,2008697
2026-09-17,SHYAMMETL,SHYAM METALICS AND ENGY L,1050.0,1093.9,1045.4,1077.0,1048.0,439035
2026-09-17,SHYAMTEL,SHYAM TELECOM LIMITED,11.42,11.44,10.56,11.09,11.2,1777
2026-09-17,SICAGEN,SICAGEN INDIA LIMITED,52.41,53.29,52.0,52.22,52.41,7334
2026-09-17,ENRIN,SIEMENS ENERGY INDIA LTD,3016.5,3120.0,3001.1,3109.1,3013.4,240035
2026-09-17,SIEMENS,SIEMENS LTD,3743.1,3817.4,3742.0,3763.5,3742.0,373967
2026-09-17,SIGACHI,SIGACHI INDUSTRIES LTD,27.58,31.24,27.58,29.33,31.16,12942255
2026-09-17,SIGMA,SIGMA SOLVE LIMITED,46.48,46.94,45.7,46.24,45.6,78093
2026-09-17,SIGNATURE,SIGNATUREGLOBAL INDIA LTD,753.6,793.3,745.0,755.3,752.5,647926
2026-09-17,SIGNPOST,SIGNPOST INDIA LIMITED,261.85,264.0,256.2,262.15,263.55,46904
2026-09-17,SIKA,SIKA INTERPLANT SYSTEMS L,1063.0,1063.0,1021.0,1027.05,1052.2,25819
2026-09-17,SILINV,SIL INVESTMENTS LIMITED,435.0,449.7,431.0,438.4,440.1,462
2026-09-17,SILGO,SILGO RETAIL LIMITED,70.62,71.57,70.0,70.18,71.04,12245
2026-09-17,SILVERTUC,SILVER TOUCH TECHNO LTD,153.05,155.57,148.2,149.08,153.05,290398
2026-09-17,SIMPLEXINF,SIMPLEX INFRASTRUCTURES L,246.05,261.0,246.05,252.4,248.85,123062
2026-09-17,SIMPLXREA,SIMPLEX REALTY LTD.,120.5,132.0,120.5,126.25,126.01,6
2026-09-17,SINCLAIR,SINCLAIRS HOTELS LIMITED,77.93,78.96,77.42,77.56,77.92,9862
2026-09-17,SINDHUTRAD,SINDHU TRADE LINKS LTD,23.35,23.7,22.66,23.27,23.35,909454
2026-09-17,SINGERIND,SINGER INDIA LIMITED,77.0,78.78,76.0,76.86,77.2,32404
2026-09-17,SINTERCOM,SINTERCOM INDIA LIMITED,75.32,76.4,74.05,76.03,75.32,3794
2026-09-17,SIRCA,SIRCA PAINT INDIA LIMITED,402.95,410.75,397.5,406.55,403.25,609017
2026-09-17,SIS,SIS LIMITED,415.9,425.9,415.0,419.8,415.9,370623
2026-09-17,SIYSIL,SIYARAM SILK MILLS LTD,518.75,529.15,511.1,514.45,516.05,31946
2026-09-17,SJS,SJS ENTERPRISES LIMITED,2318.3,2318.3,2260.2,2266.0,2297.2,68521
2026-09-17,SJVN,SJVN LTD,64.1,64.96,63.8,64.75,64.06,1251682
2026-09-17,SKFINDUS,SKF IND (INDUSTRIAL) LTD,2925.0,3057.4,2890.0,2940.3,2943.0,27140
2026-09-17,SKFINDIA,SKF INDIA LTD,1549.7,1560.0,1527.4,1541.0,1546.3,44468
2026-09-17,SKIPPER,SKIPPER LIMITED,515.0,537.5,513.0,532.55,522.65,1109582
2026-09-17,SKMEGGPROD,SKM EGG PROD EXPORT(I) LT,229.55,236.15,229.55,231.9,229.6,122879
2026-09-17,SKYGOLD,SKY GOLD AND DIAMONDS LTD,789.0,803.0,782.85,793.3,792.6,443143
2026-09-17,SKYWAYS,SKYWAYS AIR SERVICES LTD,113.57,119.0,112.25,117.98,113.42,2932070
2026-09-17,SMARTWORKS,SMARTWORKS COWORKING SP L,516.0,525.0,511.7,519.9,520.2,49448
2026-09-17,SMCGLOBAL,SMC GLOBAL SECURITIES LTD,80.97,83.47,80.43,82.87,80.57,1239264
2026-09-17,SMLMAH,SML MAHINDRA LIMITED,6030.0,6268.5,6029.5,6220.5,5971.5,48450
2026-09-17,SMSPHARMA,SMS PHARMACEUTICALS LTD.,405.25,418.55,403.25,413.75,402.95,672288
2026-09-17,SNOWMAN,SNOWMAN LOGISTICS LTD.,34.75,35.27,34.0,34.72,34.54,98327
2026-09-17,SOBHA,SOBHA LIMITED,1178.3,1200.7,1172.0,1189.4,1181.8,46940
2026-09-17,SOFTTECH,SOFTTECH ENGINEERS LTD,500.0,500.7,474.1,500.7,476.9,18047
2026-09-17,SOLARINDS,SOLAR INDUSTRIES (I) LTD,18900.0,19075.0,18590.0,18815.0,18900.0,214606
2026-09-17,SOLARA,SOLARA ACTIVE PHA SCI LTD,722.15,750.0,715.95,741.7,711.5,504562
2026-09-17,SOLARWORLD,SOLARWORLD ENERGY SOL LTD,133.76,137.9,133.0,133.78,133.76,200860
2026-09-17,SOLEX,SOLEX ENERGY LIMITED,659.35,680.0,656.05,671.3,657.65,21585
2026-09-17,SDBL,SOM DIST & BREW LTD,67.3,68.84,67.03,67.8,67.29,226418
2026-09-17,SOMATEX,SOMA TEXTILES & INDUST LT,80.5,83.4,80.5,82.77,80.58,5577
2026-09-17,SOMANYCERA,SOMANY CERAMICS LIMITED,556.7,570.0,553.9,565.85,555.15,85673
2026-09-17,SOMICONVEY,SOMI CONVEYOR BELT. LTD.,98.0,98.0,93.7,94.6,94.11,94923
2026-09-17,SONACOMS,SONA BLW PRECISION FRGS L,762.0,791.25,759.05,777.9,768.0,3093640
2026-09-17,SONAL,SONAL MERCANTILE LTD.,89.95,89.95,83.0,83.12,86.11,123
2026-09-17,SONATSOFTW,SONATA SOFTWARE LTD,276.95,283.2,273.45,281.65,276.9,996730
2026-09-17,SOUTHWEST,SOUTH WEST PINNACLE LTD,198.9,204.89,198.76,200.07,198.58,90501
2026-09-17,SPCENET,SPACENET ENTERS IND LTD,3.25,3.3,3.1,3.19,3.24,912892
2026-09-17,SPANDANA,SPANDANA SPHOORTY FIN LTD,225.8,231.2,223.81,227.02,225.8,55272
2026-09-17,SPENCERS,SPENCER S RETAIL LIMITED,28.4,28.5,27.52,28.17,28.21,22154
2026-09-17,SPIC,SPIC LTD,66.77,68.2,66.1,66.92,66.83,294399
2026-09-17,SPLIL,SPL INDUSTRIES LIMITED,29.57,30.0,29.57,29.95,29.57,4639
2026-09-17,SPMLINFRA,SPML INFRA LIMITED,171.58,172.84,168.61,170.67,172.03,63567
2026-09-17,SPORTKING,SPORTKING INDIA LIMITED,201.25,206.0,199.41,200.53,200.96,173075
2026-09-17,SHRIPISTON,SPR AUTO TECHNOLOGIES LTD,4332.0,4433.7,4276.1,4385.4,4309.3,47628
2026-09-17,SRHHYPOLTD,SREE RAYALSEEMA HHP LTD.,510.0,520.0,509.95,517.6,509.7,19885
2026-09-17,SRF,SRF LTD,2505.0,2554.0,2501.0,2536.0,2480.1,796952
2026-09-17,SRGHFL,SRG HOUSING FINANCE L,120.0,132.0,118.6,126.65,126.4,106102
2026-09-17,HAVISHA,SRI HAVISHA HOSP & INFR L,1.36,1.36,1.29,1.32,1.33,14026
2026-09-17,SRM,SRM CONTRACTORS LIMITED,419.9,428.45,419.9,425.75,419.8,23088
2026-09-17,SETL,STANDARD ENGNG TCNLGY LTD,409.95,422.0,401.45,401.45,422.55,2842075
2026-09-17,SIL,STANDARD INDUSTRIES LTD.,16.27,16.9,15.6,16.63,16.52,112890
2026-09-17,STANLEY,STANLEY LIFESTYLES LTD,136.07,138.49,135.41,137.63,135.72,48824
2026-09-17,STARCEMENT,STAR CEMENT LIMITED,186.5,188.8,184.61,188.33,187.3,215639
2026-09-17,STARHEALTH,STAR HEALTH & AL INS CO L,546.0,562.85,539.5,560.55,545.7,373802
2026-09-17,STARPAPER,STAR PAPER MILLS LTD,160.0,161.5,152.5,155.92,161.46,59733
2026-09-17,STARTECK,STARTECK FINANCE LIMITED,277.0,277.0,235.15,237.45,236.8,700
2026-09-17,SBIN,STATE BANK OF INDIA,991.2,1000.9,985.2,988.7,991.4,8624398
2026-09-17,STEAMHOUSE,STEAMHOUSE INDIA LIMITED,94.5,103.95,91.6,102.55,81.0,81139258
2026-09-17,SAIL,STEEL AUTHORITY OF INDIA,173.0,176.25,173.0,175.01,173.55,11246822
2026-09-17,STEELCITY,STEEL CITY SECURITIES LTD,87.69,87.7,84.5,85.77,85.25,7679
2026-09-17,STEELXIND,STEEL EXCHANGE INDIA LTD,10.92,11.52,10.92,11.2,11.07,5627901
2026-09-17,STLSTRINF,STEEL STRIPS INFRA L,27.18,27.8,25.0,25.15,26.52,22466
2026-09-17,SSWL,STEEL STRIPS WHEELS LTD.,350.95,356.85,346.3,348.25,350.05,440929
2026-09-17,STEELCAS,STEELCAST LIMITED,299.25,308.0,296.15,303.45,299.25,154963
2026-09-17,STEL,STEL HOLDINGS LIMITED,602.05,637.8,602.05,631.9,602.05,5198
2026-09-17,SGL,STL GLOBAL LIMITED,9.62,10.21,9.0,9.68,9.64,29470
2026-09-17,STLNETWORK,STL NETWORKS LIMITED,39.48,40.91,39.28,40.91,38.97,5830611
2026-09-17,STOVEKRAFT,STOVE KRAFT LIMITED,818.8,843.8,818.8,833.65,828.55,64463
2026-09-17,STAR,STRIDES PHARMA SCI LTD,1180.0,1214.9,1162.0,1200.2,1183.9,225030
2026-09-17,SWSOLAR,STRLNG & WIL REN ENE LTD,177.95,184.4,176.1,179.22,177.94,890103
2026-09-17,STUDDS,STUDDS ACCESSORIES LTD,409.95,413.45,403.5,404.35,404.85,14567
2026-09-17,STYLAMIND,STYLAM INDUSTRIES LIMITED,3152.2,3278.0,3152.2,3238.2,3188.1,37214
2026-09-17,STYRENIX,STYRENIX PERFORMANCE LTD,2059.7,2088.9,2055.0,2065.9,2059.7,17937
2026-09-17,SUBEXLTD,SUBEX LTD,19.79,20.5,19.45,19.9,19.59,10284365
2026-09-17,SUBROS,SUBROS LIMITED,678.0,695.0,678.0,689.6,678.0,31401
2026-09-17,SUDARSCHEM,SUDARSHAN CHEMICAL INDS L,1205.2,1231.7,1192.3,1205.4,1198.7,96727
2026-09-17,SUDARCOLOR,SUDARSHAN COLORNT IND LTD,370.5,386.0,370.0,377.6,370.5,10787
2026-09-17,SUDEEPPHRM,SUDEEP PHARMA LIMITED,1107.2,1155.9,1086.2,1105.4,1107.2,263271
2026-09-17,SUKHJITS,SUKHJIT STARCH & CHEM LTD,160.0,162.95,160.0,160.71,159.22,10305
2026-09-17,SULA,SULA VINEYARDS LIMITED,136.52,137.57,135.0,135.9,136.52,211637
2026-09-17,SUMEDHA,SUMEDHA FISCAL SERVICES L,47.44,47.44,42.55,44.61,43.15,1402
2026-09-17,SUMEETINDS,SUMEET IND LIMITED,9.44,9.98,9.26,9.35,9.73,1527262
2026-09-17,SUMIT,SUMIT WOODS LIMITED,49.81,51.4,47.25,48.66,50.56,21772
2026-09-17,SUMICHEM,SUMITOMO CHEM INDIA LTD,454.05,458.9,451.5,455.45,454.05,171579
2026-09-17,SUMMITSEC,SUMMIT SECURITIES LTD,1399.0,1399.0,1383.5,1384.8,1391.7,2158
2026-09-17,SPARC,SUN PHARMA ADV.RES.CO.LTD,184.0,195.36,183.08,193.16,185.59,836310
2026-09-17,SUNPHARMA,SUN PHARMACEUTICAL IND L,1853.5,1867.3,1847.4,1867.3,1853.5,1377506
2026-09-17,SUNTV,SUN TV NETWORK LIMITED,463.95,471.0,459.15,468.4,462.45,195432
2026-09-17,SUNCLAY,SUNDARAM CLAYTON LIMITED,1268.8,1268.8,1250.0,1252.8,1257.4,2894
2026-09-17,SUNDARMFIN,SUNDARAM FINANCE LTD,4672.4,4725.0,4625.0,4662.8,4672.4,30137
2026-09-17,SUNDARAM,SUNDARAM MULTI PAP LTD,1.19,1.22,1.17,1.18,1.17,276086
2026-09-17,SUNDRMFAST,SUNDRAM FASTENERS LTD,1207.7,1236.9,1207.7,1226.7,1219.9,81682
2026-09-17,SUNDROP,SUNDROP BRANDS LIMITED,657.4,662.0,652.0,657.4,653.15,6188
2026-09-17,SUNFLAG,SUNFLAG IRON AND STEEL CO,337.1,345.9,337.1,343.7,339.0,86885
2026-09-17,SUNLOC,SUNIL HEALTHCARE LTD.,73.49,73.49,73.49,73.49,73.49,20
2026-09-17,SUNRAKSHAK,SUNRAKSHAKK INDUS IND L,370.0,372.0,360.0,362.1,370.55,5639
2026-09-17,SUNSHIEL,SUNSHIELD CHEMICALS LTD.,1234.9,1250.0,1205.0,1215.7,1213.8,3393
2026-09-17,SUNSHINE,SUNSHINE PICTURES LIMITED,365.0,400.05,350.0,394.0,363.7,2910804
2026-09-17,SUNTECK,SUNTECK REALTY LIMITED,280.65,284.8,278.95,281.25,281.15,54136
2026-09-17,SUPERHOUSE,SUPERHOUSE LIMITED,175.5,175.5,167.2,167.58,167.48,5587
2026-09-17,SUPRAJIT,SUPRAJIT ENGINEERING LTD,485.0,492.6,481.1,484.75,488.15,40496
2026-09-17,SUPREME,SUPREME HOLDIN N HOSP I L,32.0,34.3,31.72,32.21,32.08,36149
2026-09-17,SUPREMEIND,SUPREME INDUSTRIES LTD,3300.0,3381.4,3300.0,3344.4,3300.0,84838
2026-09-17,SUPREMEINF,SUPREME INFRA. LTD.,79.05,83.5,79.05,82.65,79.66,6214
2026-09-17,SPLPETRO,SUPREME PETROCHEM LIMITED,800.6,814.9,790.6,807.0,792.7,113748
2026-09-17,SUPRIYA,SUPRIYA LIFESCIENCE LTD,876.6,904.0,870.1,900.65,877.85,126854
2026-09-17,SURAJEST,SURAJ ESTATE DEVELOPERS L,168.3,179.3,165.0,177.39,168.69,224699
2026-09-17,SURAJLTD,SURAJ LIMITED,201.49,202.0,201.49,201.9,197.32,151
2026-09-17,SURAKSHA,SURAKSHA DIAGNOSTIC LTD,323.4,330.7,323.4,328.95,326.8,96967
2026-09-17,SURANASOL,SURANA SOLAR LIMITED,25.27,25.9,24.83,25.03,25.01,24342
2026-09-17,SURANAT&P,SURANA TELECOM AND POW LT,15.66,16.2,15.66,15.85,15.86,38039
2026-09-17,SBGLP,SURATWWALA BUS GROUP LTD,23.0,25.78,22.99,25.78,21.49,684921
2026-09-17,SURYAROSNI,SURYA ROSHNI LTD,209.0,213.0,208.21,209.97,209.2,354392
2026-09-17,SURYALAXMI,SURYALAKSHMI COT MIL LTD,57.59,58.0,56.0,57.79,55.89,3677
2026-09-17,SURYALA,SURYALATA SPINNING MILL L,405.0,405.0,380.6,400.25,386.85,525
2026-09-17,SURYODAY,SURYODAY SMALL FIN BK LTD,143.9,147.58,143.6,146.51,143.61,107239
2026-09-17,SUVEN,SUVEN LIFE SCIENCES LTD,332.0,352.0,332.0,349.85,336.45,366587
2026-09-17,SUVIDHAA,SUVIDHAA INFOSERVE LTD,2.33,2.33,2.16,2.2,2.21,238695
2026-09-17,SUYOG,SUYOG TELEMATICS LIMITED,664.75,671.9,660.0,664.25,657.35,5676
2026-09-17,SUZLON,SUZLON ENERGY LIMITED,42.01,42.9,42.01,42.54,42.15,31153614
2026-09-17,SVPGLOB,SVP GLOBAL TEXTILES LTD,3.49,3.57,3.25,3.35,3.41,7503
2026-09-17,SWANCORP,SWAN CORP LIMITED,292.0,294.15,288.5,289.8,292.85,897898
2026-09-17,SWARAJENG,SWARAJ ENGINES LTD,3535.6,3563.5,3510.0,3552.9,3524.8,6103
2026-09-17,SWARNSAR,SWARNSARITA JEWELS IND L,38.5,39.68,37.5,38.72,37.32,5937
2026-09-17,SWELECTES,SWELECT ENERGY SYS LTD,543.45,559.0,543.45,552.75,543.45,8351
2026-09-17,SWIGGY,SWIGGY LIMITED,271.0,278.65,271.0,276.5,270.5,9241202
2026-09-17,SYMBIOTEC,SYMBIOTEC PHARMALAB LTD,1040.0,1057.0,1020.6,1045.6,1042.8,496349
2026-09-17,SYMPHONY,SYMPHONY LIMITED,570.6,588.0,569.1,584.9,570.1,36945
2026-09-17,SYNCOMF,SYNCOM FORMU (I) LTD,18.4,19.05,18.16,18.78,18.41,5134471
2026-09-17,SGIL,SYNERGY GREEN IND. LTD,606.35,606.6,583.1,592.35,581.5,4910
2026-09-17,SYNGENE,SYNGENE INTERNATIONAL LTD,380.1,381.5,376.1,380.2,380.1,160993
2026-09-17,SYRMA,SYRMA SGS TECHNOLOGY LTD,1513.5,1658.0,1513.5,1617.7,1511.2,9182371
2026-09-17,TGVSL,T G V SRAAC LTD.,102.65,104.0,102.01,102.58,102.37,45919
2026-09-17,TTL,T T LIMITED,6.49,7.6,6.48,7.07,6.43,626276
2026-09-17,TAALTECH,TAAL TECH LTD.,5220.0,5439.0,5175.4,5349.2,5121.2,16454
2026-09-17,TAINWALCHM,TAINWALA CHEMICAL AND PLA,205.37,213.7,205.37,210.04,209.09,5026
2026-09-17,TAJGVK,TAJ GVK HOTELS & RESORTS,327.4,335.0,325.05,333.4,327.4,42903
2026-09-17,TAKE,TAKE LIMITED,17.01,17.59,16.79,16.79,17.67,179028
2026-09-17,TALBROAUTO,TALBROS AUTO. COMP. LTD,420.8,442.0,418.4,435.2,418.8,360775
2026-09-17,TMB,TAMILNAD MERCA BANK LTD,907.0,912.4,889.45,891.45,904.2,90552
2026-09-17,TNPL,TAMILNADU NEWSPRT & PAPER,147.25,151.0,143.81,144.64,152.09,389795
2026-09-17,TNPETRO,TAMILNADU PETROPRODUCTS L,126.84,132.0,125.2,127.34,127.72,902146
2026-09-17,TNTELE,TAMILNADU TELECOMMUNICATI,8.99,8.99,8.52,8.84,8.72,13146
2026-09-17,TANAA,TANEJA AEROSPACE & AVIA L,263.2,269.95,263.2,266.05,263.2,4382
2026-09-17,TANLA,TANLA PLATFORMS LIMITED,489.55,499.8,489.55,495.15,487.55,235269
2026-09-17,TARACHAND,TARA CHAND INFRA SOLN LTD,47.75,47.75,46.73,46.8,46.73,17811
2026-09-17,TARAPUR,TARAPUR TRANSFORMERS LTD,13.21,13.21,12.25,12.46,12.53,36564
2026-09-17,TARC,TARC LIMITED,128.81,131.9,128.11,130.69,128.81,380735
2026-09-17,TARMAT,TARMAT LIMITED,57.06,57.97,56.2,56.56,57.47,8291
2026-09-17,TARSONS,TARSONS PRODUCTS LIMITED,302.0,310.5,301.95,307.8,302.3,46004
2026-09-17,TASTYBITE,TASTY BITE EATABLES LTD,9900.0,10058.0,9868.0,9944.0,9936.0,2447
2026-09-17,TATACAP,TATA CAPITAL LIMITED,342.5,348.0,341.65,343.65,343.5,1147908
2026-09-17,TATACHEM,TATA CHEMICALS LTD,728.0,832.0,724.75,779.3,731.8,14321725
2026-09-17,TATACOMM,TATA COMMUNICATIONS LTD,1810.0,1831.5,1771.2,1791.6,1799.3,310186
2026-09-17,TCS,TATA CONSULTANCY SERV LT,2171.0,2263.6,2162.5,2190.0,2188.8,3295917
2026-09-17,TATACONSUM,TATA CONSUMER PRODUCT LTD,1003.1,1020.3,999.0,1013.7,1000.1,1966538
2026-09-17,TATAELXSI,TATA ELXSI LIMITED,3373.0,3405.0,3343.5,3381.8,3373.0,123676
2026-09-17,TATAINVEST,TATA INVESTMENT CORP LTD,676.1,733.5,670.0,719.3,681.95,3732302
2026-09-17,TMCV,TATA MOTORS LIMITED,424.25,437.35,421.8,436.1,424.25,4775496
2026-09-17,TMPV,TATA MOTORS PASS VEH LTD,301.0,319.8,299.75,314.5,301.0,11903808
2026-09-17,TATAPOWER,TATA POWER CO LTD,360.4,370.4,360.2,369.0,360.4,2859852
2026-09-17,TATASTEEL,TATA STEEL LIMITED,183.0,189.49,182.87,187.29,183.0,29397693
2026-09-17,TATATECH,TATA TECHNOLOGIES LIMITED,747.95,767.8,743.8,758.75,748.4,737720
2026-09-17,TTML,TATA TELESERV(MAHARASTRA),35.0,38.25,34.95,36.64,35.22,3196332
2026-09-17,NETF,TATAAML - NETF,251.0,254.87,251.0,254.1,251.74,1110
2026-09-17,NPBET,TATAAML - NPBET,284.26,284.26,282.0,282.79,282.63,386
2026-09-17,TNIDETF,TATAAML - TNIDETF,87.54,89.37,87.54,88.37,87.97,57525
2026-09-17,TATAGOLD,TATAAML-TATAGOLD,14.56,14.69,14.55,14.62,14.68,37551457
2026-09-17,TATSILV,TATAAML-TATSILV,21.99,22.1,21.84,21.99,22.2,33319083
2026-09-17,TATVA,TATVA CHIN PHARM CHEM LTD,1670.0,1720.0,1635.0,1709.6,1646.8,89934
2026-09-17,TBOTEK,TBO TEK LIMITED,1646.3,1683.2,1625.1,1647.7,1631.4,68566
2026-09-17,TCC,TCC CONCEPT LIMITED,52.16,52.39,50.15,51.25,52.26,658138
2026-09-17,TCIEXP,TCI EXPRESS LIMITED,488.0,503.0,486.95,490.75,489.1,10399
2026-09-17,TCIFINANCE,TCI FINANCE LTD,14.26,15.19,14.26,14.62,14.89,8402
2026-09-17,TCPLPACK,TCPL PACKAGING LIMITED,3817.0,3936.2,3817.0,3863.4,3863.0,7005
2026-09-17,TDPOWERSYS,TD POWER SYSTEMS LTD.,701.4,723.8,691.55,722.1,696.0,2030402
2026-09-17,TEAMGTY,TEAM INDIA GUARANTY LTD,247.9,247.9,235.0,235.0,242.52,372
2026-09-17,TEAMLEASE,TEAMLEASE SERVICES LTD.,1231.1,1245.8,1213.0,1226.7,1228.0,9021
2026-09-17,TECHM,TECH MAHINDRA LIMITED,1545.1,1569.7,1538.0,1561.0,1558.0,2730331
2026-09-17,TECHNOE,TECHNO ELEC & ENG CO. LTD,975.0,998.7,975.0,984.7,971.05,124912
2026-09-17,TIIL,TECHNOCRAFT IND LTD,3139.2,3164.0,3019.8,3049.7,3114.2,45785
2026-09-17,TECHNOCRAF,TECHNOCRAFT VENTURES LTD,433.7,450.0,430.85,439.15,439.4,1068609
2026-09-17,TECHNVISN,TECHNVISION VENTURES LTD.,4362.0,4576.0,4144.0,4144.0,4362.0,378
2026-09-17,TECILCHEM,TECIL CHEMICALS,10.68,10.68,8.99,9.76,9.2,5140
2026-09-17,TEGA,TEGA INDUSTRIES LIMITED,1699.1,1944.0,1699.0,1920.0,1717.1,3909542
2026-09-17,TEJASNET,TEJAS NETWORKS LIMITED,516.0,529.8,511.55,524.25,514.8,1659693
2026-09-17,TEMBO,TEMBO GLOBAL IND LTD,56.4,57.3,55.51,56.57,56.48,727896
2026-09-17,TEMPSENS,TEMPSENS INST (INDIA) LTD,514.9,562.3,505.05,541.55,540.55,4389873
2026-09-17,TENNIND,TENNECO CLEAN AIR INDIA L,510.4,516.15,507.45,514.05,512.05,333393
2026-09-17,TERASOFT,TERA SOFTWARE LIMITED,230.25,240.9,223.25,225.45,234.25,29406
2026-09-17,TERAI,TERAI TEA CO. LTD.,126.5,126.53,120.0,120.0,127.16,1285
2026-09-17,TEXINFRA,TEXMACO INFRA & HOLDG LTD,114.36,117.58,114.32,115.13,116.25,51383
2026-09-17,TEXRAIL,TEXMACO RAIL & ENG. LTD.,108.6,112.5,108.6,111.69,108.62,1648322
2026-09-17,TEXMOPIPES,TEXMO PIPE & PRODUCTS LTD,57.2,63.0,57.2,62.24,57.45,516056
2026-09-17,TGBHOTELS,TGB BANQUETS&HOTELS LTD,9.4,9.6,9.35,9.37,9.4,12374
2026-09-17,THACKER,THACKER & CO. LTD.,949.0,950.0,949.0,949.0,952.0,6
2026-09-17,THANGAMAYL,THANGAMAYIL JEWELLERY LTD,4950.0,4950.0,4801.5,4811.0,4927.0,49263
2026-09-17,ANUP,THE ANUP ENGINEERING LTD,1636.0,1655.9,1624.5,1646.6,1637.0,19786
2026-09-17,GESHIP,THE GE SHPG.LTD,1392.0,1428.7,1387.5,1425.1,1391.6,831737
2026-09-17,GROBTEA,THE GROB TEA COMPANY LTD,938.2,949.0,922.0,930.0,938.95,51
2026-09-17,INDIACEM,THE INDIA CEMENTS LIMITED,334.65,359.4,334.55,351.7,334.65,1540460
2026-09-17,INDHOTEL,THE INDIAN HOTELS CO. LTD,713.4,729.8,712.55,726.65,713.4,1698327
2026-09-17,THEINVEST,THE INVEST TRUST OF IND L,96.98,98.0,93.61,95.52,95.13,2553
2026-09-17,NIACL,THE NEW INDIA ASSU CO LTD,186.5,201.24,186.5,197.05,184.19,34650793
2026-09-17,PKTEA,THE P K TEA PROD CO LTD,931.95,936.95,900.05,921.25,936.95,2604
2026-09-17,PHOENIXLTD,THE PHOENIX MILLS LTD,1878.0,1889.8,1864.2,1872.2,1855.0,157063
2026-09-17,RAMCOCEM,THE RAMCO CEMENTS LIMITED,862.75,864.8,852.8,858.95,863.15,96798
2026-09-17,RUBYMILLS,THE RUBY MILLS LTD,461.0,466.4,446.45,457.6,462.1,25178
2026-09-17,SOUTHBANK,THE SOUTH INDIAN BANK LTD,45.2,46.4,45.2,45.88,45.19,9755681
2026-09-17,STCINDIA,THE STATE TRADING CORPN,111.96,113.95,110.9,111.4,111.08,17027
2026-09-17,UGARSUGAR,THE UGAR SUGAR WORKS LTD,53.47,54.29,53.19,53.41,53.39,243474
2026-09-17,WIPL,THE WESTERN INDIA PLY LTD,168.0,168.0,164.61,167.18,168.0,841
2026-09-17,THEJO,THEJO ENGINEERING LIMITED,2162.9,2250.0,2157.0,2183.4,2156.8,10121
2026-09-17,THEMISMED,THEMIS MEDICARE LTD.,120.5,123.34,119.0,119.85,119.76,56488
2026-09-17,THERMAX,THERMAX LTD,3536.8,3591.4,3502.1,3569.5,3536.8,80547
2026-09-17,TIRUMALCHM,THIRUMALAI CHEMICALS LTD,154.5,157.0,153.82,155.56,154.19,193996
2026-09-17,THOMASCOOK,THOMAS COOK (INDIA) LTD,102.0,103.79,101.51,103.42,102.01,332746
2026-09-17,THOMASCOTT,THOMAS SCOTT (INDIA) LTD,235.0,244.95,232.0,234.9,233.8,53928
2026-09-17,THYROCARE,THYROCARE TECH LTD,542.05,560.0,536.1,559.25,541.3,145357
2026-09-17,TIGERLOGS,TIGER LOGISTICS (INDIA) L,27.31,27.61,26.46,26.66,26.88,26633
2026-09-17,TI,TILAKNAGAR INDUSTRIES LTD,523.0,551.0,520.1,543.85,526.55,1302970
2026-09-17,TIMETECHNO,TIME TECHNOPLAST LTD.,172.65,178.1,172.6,174.54,173.53,2984106
2026-09-17,TIMEX,TIMEX GROUP INDIA LTD.,605.0,620.4,605.0,611.1,605.45,151529
2026-09-17,TIMKEN,TIMKEN INDIA LTD.,3204.4,3276.7,3168.0,3185.1,3238.6,32353
2026-09-17,TINNARUBR,TINNA RUBBER AND INFR LTD,1010.0,1010.0,992.0,1000.75,1002.5,25275
2026-09-17,TIPSFILMS,TIPS FILMS LIMITED,311.0,319.1,311.0,318.5,315.2,950
2026-09-17,TIPSMUSIC,TIPS MUSIC LIMITED,651.6,663.5,651.35,656.6,654.55,218134
2026-09-17,TITAGARH,TITAGARH RAIL SYSTEMS LTD,813.15,845.0,813.1,827.15,813.15,585375
2026-09-17,TITAN,TITAN COMPANY LIMITED,4895.0,4915.5,4838.5,4841.0,4908.5,489416
2026-09-17,TOKYOPLAST,TOKYO PLAST INTL LTD,73.05,75.6,73.0,75.6,76.4,1571
2026-09-17,TOLINS,TOLINS TYRES LIMITED,86.1,88.5,86.1,88.22,86.07,25926
2026-09-17,TORNTPHARM,TORRENT PHARMACEUTICALS L,4810.0,4899.0,4794.5,4875.0,4812.5,411409
2026-09-17,TORNTPOWER,TORRENT POWER LTD,1300.0,1310.6,1271.0,1276.4,1295.3,154452
2026-09-17,TOUCHWOOD,TOUCHWOOD ENTERTAIN LTD.,62.17,62.17,60.03,61.52,61.64,348
2026-09-17,TFCILTD,TOURISM FINANCE CORP. OF,138.99,141.5,138.45,139.06,138.81,12032665
2026-09-17,TOYAMSL,TOYAM SPORTS LTD.,0.74,0.74,0.72,0.74,0.71,2893693
2026-09-17,TPLPLASTEH,TPL PLASTECH LIMITED,65.47,66.46,62.81,64.49,64.63,131082
2026-09-17,TRACXN,TRACXN TECHNOLOGIES LTD,30.99,31.49,30.65,30.84,30.96,80926
2026-09-17,TARIL,TRANS & RECTI. LTD,278.75,286.4,275.0,276.0,277.1,1012882
2026-09-17,TRANSCOR,TRANSCORP INTERNATIONAL L,25.1,25.1,24.0,25.04,25.1,2691
2026-09-17,TREL,TRANSINDIA REAL ESTATE L,27.03,30.0,26.52,29.77,27.03,726901
2026-09-17,TCI,TRANSPORT CORPN OF INDIA,827.6,857.85,822.9,826.55,827.0,43970
2026-09-17,TRANSRAILL,TRANSRAIL LIGHTING LTD,406.85,413.55,406.05,410.2,406.85,275501
2026-09-17,TFL,TRANSWARRANTY FIN. LTD.,12.18,12.19,11.61,11.81,12.17,9281
2026-09-17,TRAVELFOOD,TRAVEL FOOD SERVICES LTD,1215.3,1247.0,1207.1,1232.0,1215.3,16972
2026-09-17,TREEHOUSE,TREE HOUSE EDU LTD,6.1,6.1,5.85,5.87,5.87,3294
2026-09-17,TREJHARA,TREJHARA SOLUTIONS LTD,136.96,140.0,134.5,135.75,137.1,20769
2026-09-17,TRENT,TRENT LTD,2760.0,2811.0,2760.0,2789.0,2769.7,459529
2026-09-17,TRF,TRF LIMITED,215.34,226.71,213.0,219.49,213.97,19157
2026-09-17,TBZ,TRIB BHIMJI ZAVERI LTD,558.0,574.85,555.1,574.85,547.5,268358
2026-09-17,TRIDENT,TRIDENT LIMITED,23.15,23.19,23.0,23.08,23.17,1827421
2026-09-17,TRIGYN,TRIGYN TECHNOLOGIES LTD,54.19,56.39,54.19,55.18,53.95,14714
2026-09-17,TRITONV,TRITON VALVES LTD.,1061.2,1091.8,1061.2,1076.0,1061.6,2078
2026-09-17,TRIVENI,TRIVENI ENGG. & INDS. LTD,239.45,241.0,228.7,232.45,239.45,1189405
2026-09-17,TRITURBINE,TRIVENI TURBINE LIMITED,542.3,559.0,540.5,556.8,540.8,490793
2026-09-17,TRUALT,TRUALT BIOENERGY LIMITED,422.7,434.2,420.1,423.95,422.7,356698
2026-09-17,TRU,TRUCAP FINANCE LIMITED,3.9,4.2,3.9,4.09,4.01,96353
2026-09-17,TSFINV,TSF INVESTMENTS LIMITED,439.0,449.0,433.6,445.95,438.5,56347
2026-09-17,TTKHLTCARE,TTK HEALTHCARE LIMITED,1061.0,1079.0,1043.0,1049.0,1065.1,25616
2026-09-17,TTKPRESTIG,TTK PRESTIGE LTD,544.75,548.0,540.55,543.6,541.1,17137
2026-09-17,TIINDIA,TUBE INVEST OF INDIA LTD,2566.0,2626.6,2560.4,2598.8,2566.6,199703
2026-09-17,TURTLEMINT,TURTLEMINT FINTECH SOLS L,131.0,136.59,129.81,131.67,127.74,1635938
2026-09-17,TUTIALKA,TUTICORIN ALKAL CH & FE L,57.93,58.5,56.28,56.57,57.19,3789
2026-09-17,TVTODAY,TV TODAY NETWORK LTD,105.55,108.49,103.01,107.72,103.49,68251
2026-09-17,TVSELECT,TVS ELECTRONICS LTD,403.15,411.55,393.15,403.75,401.5,23074
2026-09-17,TVSHLTD,TVS HOLDINGS LIMITED,12730.0,12997.0,12595.0,12884.0,12769.0,3783
2026-09-17,TVSMOTOR,TVS MOTOR COMPANY  LTD,4050.0,4162.2,4050.0,4101.7,4033.0,1025877
2026-09-17,TVSSRICHAK,TVS SRICHAKRA LIMITED,4650.0,4919.5,4650.0,4886.0,4685.5,11977
2026-09-17,TVSSCS,TVS SUPPLY CHAIN SOL L,126.0,130.5,125.79,130.09,126.28,376059
2026-09-17,UPHOT,U P HOTELS LTD.,1476.0,1480.0,1476.0,1480.0,1475.0,53
2026-09-17,UCOBANK,UCO BANK,23.58,23.98,23.57,23.59,23.68,2624177
2026-09-17,UDAYJEW,UDAY JEWELLERY INDS. LTD.,158.52,164.88,156.4,158.62,158.53,46210
2026-09-17,USK,UDAYSHIVAKUMAR INFRA LTD,19.56,20.88,19.56,20.32,20.31,11687
2026-09-17,UFLEX,UFLEX LIMITED,642.0,669.0,642.0,652.95,645.45,154087
2026-09-17,UFO,UFO MOVIEZ INDIA LTD.,60.1,62.28,60.1,61.29,61.32,13342
2026-09-17,UGROCAP,UGRO CAPITAL LIMITED,83.0,85.0,82.52,83.49,83.5,166882
2026-09-17,UEL,UJAAS ENERGY LIMITED,208.49,215.0,194.54,196.19,204.77,66647
2026-09-17,UJJIVANSFB,UJJIVAN SMALL FINANC BANK,64.46,65.72,63.43,63.97,64.83,6237133
2026-09-17,ULTRAMAR,ULTRAMARINE & PIGMENTS L,415.25,423.7,405.95,412.5,418.65,50870
2026-09-17,ULTRACEMCO,ULTRATECH CEMENT LIMITED,10740.0,10841.0,10703.0,10764.0,10700.0,180788
2026-09-17,UMIYA-MRO,UMIYA BUILDCON LIMITED,97.97,98.37,97.02,97.95,98.45,3995
2026-09-17,UNICHEMLAB,UNICHEM LABORATORIES LTD,524.0,554.5,521.2,538.45,524.25,82024
2026-09-17,UNIECOM,UNICOMMERCE ESOLUTIONS L,80.1,85.7,80.1,84.45,80.94,416528
2026-09-17,UNIINFO,UNIINFO TELECOM SERVI LTD,11.23,11.45,10.89,11.38,11.46,1174
2026-09-17,UNIMECH,UNIMECH AEROSPACE N MFG L,1550.0,1602.0,1530.3,1570.6,1515.8,261719
2026-09-17,UNIONBANK,UNION BANK OF INDIA,177.0,180.62,175.83,178.09,178.2,5299874
2026-09-17,UNIONGOLD,UNIONAMC - UNIONGOLD,148.7,148.7,146.4,146.95,147.9,1789
2026-09-17,UNIPARTS,UNIPARTS INDIA LIMITED,851.15,886.45,830.0,878.05,851.15,81783
2026-09-17,UNIENTER,UNIPHOS ENTERPRISES LTD,88.01,92.5,88.01,91.9,89.05,1385
2026-09-17,UNITECH,UNITECH LTD,4.44,4.52,4.26,4.27,4.46,3568646
2026-09-17,UBL,UNITED BREWERIES LTD,1228.0,1239.5,1213.5,1216.8,1227.3,155453
2026-09-17,UNIDT,UNITED DRILLING TOOLS LTD,220.0,229.9,218.0,228.07,218.77,29288
2026-09-17,UNITEDTEA,UNITED NILGIRI TEA LTD,432.2,433.7,426.3,429.05,431.2,544
2026-09-17,UNITEDPOLY,UNITED POLYFAB GUJ. LTD.,43.62,44.9,42.01,44.36,43.19,413271
2026-09-17,UNITDSPR,UNITED SPIRITS LIMITED,1380.1,1395.4,1378.1,1390.0,1389.5,263642
2026-09-17,UNIVCABLES,UNIVERSAL CABLES LTD,1400.0,1472.5,1383.0,1438.8,1405.2,73570
2026-09-17,UNOMINDA,UNO MINDA LIMITED,1183.8,1218.0,1178.1,1205.0,1186.0,530438
2026-09-17,UDS,UPDATER SERVICES LIMITED,188.97,193.28,185.85,188.25,190.6,118960
2026-09-17,UPL,UPL LIMITED,551.0,558.0,549.8,554.75,550.6,1804536
2026-09-17,URBANCO,URBAN COMPANY LIMITED,164.56,166.29,160.46,162.81,164.56,2958947
2026-09-17,URJA,URJA GLOBAL LIMITED,8.77,9.15,8.75,9.1,8.77,615596
2026-09-17,UMESLTD,USHA MARTIN EDU & SOL LTD,4.08,4.34,4.0,4.08,4.08,82484
2026-09-17,USHAMART,USHA MARTIN LTD.,479.0,498.5,477.0,495.65,478.85,1122407
2026-09-17,UTIAMC,UTI ASSET MNGMT CO LTD,894.45,902.65,890.1,898.25,895.2,36712
2026-09-17,LIQUIDBETA,UTIAMC - LIQUIDBETA,1008.29,1008.29,1008.27,1008.29,1008.16,541
2026-09-17,NIF500BETA,UTIAMC - NIF500BETA,36.48,36.48,36.35,36.48,35.99,3339
2026-09-17,BANKBETA,UTIAMC-BANKBETA,58.24,58.59,57.94,58.07,58.14,1751884
2026-09-17,GILT10BETA,UTIAMC-GILT10BETA,26.59,26.65,26.22,26.65,26.59,50
2026-09-17,GILT5BETA,UTIAMC-GILT5BETA,66.46,66.59,65.6,66.59,66.79,269
2026-09-17,ITBETA,UTIAMC-ITBETA,304.57,309.4,304.17,309.39,305.8,1071
2026-09-17,MIDCAPBETA,UTIAMC-MIDCAPBETA,226.62,228.98,225.55,227.67,226.47,26478
2026-09-17,NEXT50BETA,UTIAMC-NEXT50BETA,76.55,77.45,75.9,77.1,76.34,178892
2026-09-17,NIFTYBETA,UTIAMC-NIFTYBETA,258.24,259.56,257.45,258.92,258.24,25000
2026-09-17,SENSEXBETA,UTIAMC-SENSEXBETA,819.0,832.0,818.01,830.88,818.38,1761
2026-09-17,SILVERBETA,UTIAMC-SILVERBETA,219.0,219.7,217.13,218.54,220.69,763766
2026-09-17,SNXT50BETA,UTIAMC-SNXT50BETA,92.98,93.0,91.51,92.9,92.99,1834
2026-09-17,GOLDBETA,UTIAMC-UTIGOLDBETA,126.9,127.2,126.0,126.85,127.15,620720
2026-09-17,UTKARSHBNK,UTKARSH SMALL FIN BANK L,13.75,14.39,13.75,14.05,13.82,7888005
2026-09-17,UTTAMSUGAR,UTTAM SUGAR MILLS LTD.,251.8,255.6,250.4,252.4,250.7,106696
2026-09-17,VTMLTD,V T M LTD.,49.8,50.84,47.12,48.34,48.83,168443
2026-09-17,VGUARD,V-GUARD IND LTD.,327.15,331.9,326.95,330.15,327.15,263157
2026-09-17,V2RETAIL,V2 RETAIL LIMITED,209.0,212.9,208.75,210.4,209.18,465833
2026-09-17,WABAG,VA TECH WABAG LTD,2056.0,2132.0,2052.0,2074.8,2055.8,438727
2026-09-17,VADILENT,VADILAL ENTERPRISES LTD.,10400.0,10585.0,10395.0,10575.0,10599.0,9
2026-09-17,VADILALIND,VADILAL INDUSTRIES LTD,7145.0,7244.5,7062.5,7101.0,7156.0,7210
2026-09-17,VAIBHAVGBL,VAIBHAV GLOBAL LIMITED,211.42,212.99,208.03,211.35,210.66,157443
2026-09-17,VAISHALI,VAISHALI PHARMA LIMITED,8.85,8.95,8.26,8.78,8.68,115742
2026-09-17,VAKRANGEE,VAKRANGEE LIMITED,5.25,5.32,5.22,5.25,5.25,747160
2026-09-17,DBREALTY,VALOR ESTATE LIMITED,95.0,96.8,93.6,94.73,95.2,596249
2026-09-17,VHL,VARDHMAN HOLDINGS LIMITED,3401.0,3442.9,3330.0,3403.5,3396.8,884
2026-09-17,VARDMNPOLY,VARDHMAN POLYTEX LTD.,5.99,6.35,5.8,5.83,5.86,116455
2026-09-17,VSSL,VARDHMAN SPC STEEL LTD,408.0,428.25,403.1,406.05,405.85,475918
2026-09-17,VTL,VARDHMAN TEXTILES LIMITED,570.75,572.4,558.8,561.3,571.75,160680
2026-09-17,VARROC,VARROC ENGINEERING LTD.,854.9,871.5,840.0,846.15,851.15,199305
2026-09-17,VBL,VARUN BEVERAGES LIMITED,411.0,419.5,411.0,415.45,410.4,3472718
2026-09-17,VGL,VARVEE GLOBAL LIMITED,66.8,67.84,64.4,65.85,66.2,53566
2026-09-17,VASCONEQ,VASCON ENGINEERS LTD,29.4,30.7,29.28,30.51,29.57,187864
2026-09-17,VASWANI,VASWANI IND LTD,44.98,45.36,43.26,44.61,44.98,17676
2026-09-17,MANYAVAR,VEDANT FASHIONS LIMITED,554.65,572.3,548.75,567.6,554.7,131051
2026-09-17,VAML,VEDANTA ALUMINIUM METAL L,405.25,413.35,402.3,404.3,409.3,6880378
2026-09-17,VISL,VEDANTA IRON AND STEEL L,31.24,32.04,30.87,31.82,31.16,18850250
2026-09-17,VEDL,VEDANTA LIMITED,254.0,257.7,253.95,257.45,256.0,3297466
2026-09-17,VOGL,VEDANTA OIL AND GAS LTD,34.99,35.47,34.71,34.83,34.98,16321048
2026-09-17,VEDPOWER,VEDANTA POWER LIMITED,30.95,31.33,30.76,31.01,31.0,7700949
2026-09-17,VEDAVAAG,VEDAVAAG SYSTEMS LTD.,20.79,21.29,20.45,21.0,19.77,138410
2026-09-17,VEEDOL,VEEDOL CORPORATION LTD,1372.0,1405.0,1370.6,1385.3,1375.3,12037
2026-09-17,VENKEYS,VENKY S (INDIA) LIMITED,1683.0,1687.9,1648.9,1655.6,1670.6,29437
2026-09-17,VENTIVE,VENTIVE HOSPITALITY LTD,565.55,568.0,560.0,561.75,565.05,24344
2026-09-17,VENUSPIPES,VENUS PIPES & TUBES LTD,1954.0,2160.0,1941.2,2131.7,1938.1,1296328
2026-09-17,VERANDA,VERANDA LEARNING SOL LTD,215.0,218.72,212.35,214.57,217.97,226183
2026-09-17,VERTOZ,VERTOZ LIMITED,37.51,38.0,36.7,37.12,37.69,17364
2026-09-17,VESUVIUS,VESUVIUS INDIA LTD,397.0,406.7,397.0,400.0,394.75,65793
2026-09-17,VSTL,VIBHOR STEEL TUBES LTD,114.89,115.9,112.15,114.82,112.75,3050
2026-09-17,VGCL,VIBRANT GLOBAL CAPITAL L,48.0,50.79,48.0,48.01,48.93,3676
2026-09-17,VIDHIING,VIDHI SPCLTY F INGRDNTS L,337.4,351.0,331.8,348.3,337.4,27013
2026-09-17,VIDYAWIRES,VIDYA WIRES LIMITED,84.5,87.0,84.5,85.34,84.93,280740
2026-09-17,VIJSOLX,VIJAY SOLVEX LTD.,640.0,658.85,613.0,637.85,640.0,139
2026-09-17,VIJAYA,VIJAYA DIAGNOSTIC CEN LTD,1457.0,1514.9,1423.3,1506.1,1438.3,196070
2026-09-17,VIKASECO,VIKAS ECOTECH LIMITED,1.04,1.05,1.04,1.04,1.04,1038207
2026-09-17,VIKASLIFE,VIKAS LIFECARE LIMITED,1.2,1.24,1.2,1.22,1.19,1172333
2026-09-17,VIKRAMSOLR,VIKRAM SOLAR LIMITED,163.86,164.74,162.8,163.37,163.88,640352
2026-09-17,VIKRAN,VIKRAN ENGINEERING LTD,56.05,57.47,55.8,56.0,56.06,706914
2026-09-17,VIMTALABS,VIMTA LABS LIMITED,595.25,617.95,595.25,599.6,598.45,165328
2026-09-17,VINATIORGA,VINATI ORGANICS LTD,1250.0,1269.3,1246.3,1249.7,1253.9,37122
2026-09-17,VINDHYATEL,VINDHYA TELELINKS LTD,2581.1,2698.0,2575.0,2632.5,2586.5,49951
2026-09-17,VINEETLAB,VINEET LABORATORIES LTD,35.95,36.0,35.27,35.97,35.89,65283
2026-09-17,VINNY,VINNY OVERSEAS LIMITED,1.0,1.0,0.95,0.97,0.98,344190
2026-09-17,VINCOFE,VINTAGE COFFEE N BVRGS L,168.0,177.65,168.0,175.96,167.27,2256156
2026-09-17,VINYLINDIA,VINYL CHEMICALS (I) LTD.,216.6,220.01,211.25,214.17,215.0,7244
2026-09-17,VIPCLOTHNG,VIP CLOTHING LIMITED,20.3,20.79,20.11,20.6,20.5,98424
2026-09-17,VIPIND,VIP INDUSTRIES LTD,295.0,309.5,295.0,304.25,297.65,473503
2026-09-17,VIRAT,VIRAT INDUSTRIES LTD.,386.95,407.0,377.0,382.25,399.45,5561
2026-09-17,VIRINCHI,VIRINCHI LIMITED,13.86,14.45,13.86,13.92,13.95,34921
2026-09-17,VOEPL,VIRTUOSO OPTOELECTRONIC L,482.85,500.15,464.05,491.95,479.6,57584
2026-09-17,VISACHROME,VISA CHROME LIMITED,31.86,32.3,30.27,30.27,31.86,104685
2026-09-17,VIVIDHA,VISAGAR POLYTEX LTD,0.53,0.53,0.51,0.51,0.53,75480
2026-09-17,VISAKAIND,VISAKA INDUSTRIES LIMITED,87.39,91.12,87.01,90.81,87.15,201785
2026-09-17,VISHAL,VISHAL FABRICS LTD.,18.47,18.87,18.04,18.12,18.42,49239
2026-09-17,VMM,VISHAL MEGA MART LIMITED,101.51,102.11,100.59,101.24,100.97,4261275
2026-09-17,VISHNU,VISHNU CHEMICALS LIMITED,694.05,714.5,689.25,709.1,693.9,87175
2026-09-17,VPRPL,VISHNU PRAKASH R PUNGLI L,32.83,33.5,32.16,33.35,31.79,333345
2026-09-17,VISHWARAJ,VISHWARAJ SUGAR IND LTD,5.24,5.39,5.24,5.25,5.31,170500
2026-09-17,VITAL,VITAL CHEMTECH LIMITED,52.69,55.29,52.0,55.19,52.69,2739
2026-09-17,VIVIANA,VIVIANA POWER TECH LTD,704.65,754.0,704.65,724.7,701.2,23225
2026-09-17,VIVOBIOT,VIVO BIO TECH LTD.,16.19,17.5,16.19,16.85,16.83,26812
2026-09-17,VIYASH,VIYASH SCIENTIFIC LIMITED,239.05,247.15,237.75,244.5,238.85,2764864
2026-09-17,VLEGOV,VL E GOV AND IT SOL LTD,10.06,10.49,10.0,10.45,10.21,80383
2026-09-17,VLSFINANCE,VLS FINANCE LTD,242.0,242.0,238.0,239.67,241.88,5553
2026-09-17,VMART,VMART RETAIL LTD,784.95,804.6,776.45,790.05,786.4,107687
2026-09-17,VMSTMT,VMS TMT LIMITED,50.9,51.7,50.01,50.3,50.57,82286
2026-09-17,IDEA,VODAFONE IDEA LIMITED,14.25,14.43,14.17,14.22,14.26,186454612
2026-09-17,VOITHPAPR,VOITH PAPER FABRICS IND L,1450.0,1481.5,1445.0,1468.5,1452.1,134
2026-09-17,VOLTAMP,VOLTAMP TRANSFORMERS LTD,10501.0,10771.0,10501.0,10735.0,10513.0,15093
2026-09-17,VOLTAS,VOLTAS LTD,1131.1,1141.2,1125.1,1135.0,1131.0,379667
2026-09-17,VRAJ,VRAJ IRON AND STEEL LTD,122.8,125.28,120.6,123.99,122.25,21702
2026-09-17,VRLLOG,VRL LOGISTICS LIMITED,286.05,290.8,284.6,287.9,286.05,75100
2026-09-17,VSTIND,VST INDUSTRIES LTD,202.65,204.93,201.61,204.11,202.14,87322
2026-09-17,VSTTILLERS,VST TILLERS TRACTORS LTD,3990.0,4290.0,3968.0,4201.1,3996.5,11556
2026-09-17,WHBRADY,W H BRADY & CO. LTD.,480.15,487.0,480.15,487.0,485.0,11
2026-09-17,WPIL,W P I L LTD.,431.85,446.45,427.9,442.4,431.85,49611
2026-09-17,WSI,W.S.INDUSTRIES (I) LTD.,56.0,58.8,55.79,56.6,56.04,22541
2026-09-17,WAAREEENER,WAAREE ENERGIES LIMITED,2499.0,2516.0,2470.0,2473.0,2501.0,453090
2026-09-17,WAAREERTL,WAAREE RENEWABLE TECH LTD,805.05,814.5,801.45,811.05,801.05,102540
2026-09-17,WAKEFIT,WAKEFIT INNOVATIONS LTD,145.97,148.49,144.5,145.59,145.61,280341
2026-09-17,WALCHANNAG,WALCHANDNAGAR INDUSTRIES,197.5,204.48,197.5,199.84,197.08,331447
2026-09-17,WANBURY,WANBURY LIMITED,220.5,230.0,220.5,223.65,222.6,101311
2026-09-17,WARDINMOBI,WARDWIZARD INNO & MOB L,5.61,5.75,5.55,5.68,5.57,203170
2026-09-17,WATERBASE,WATERBASE LTD.,47.95,47.95,45.0,45.39,47.31,39849
2026-09-17,CORDELIA,WATERWAYS LEISURE TOUR L,108.19,111.88,107.04,109.68,108.19,1309194
2026-09-17,WEWIN,WE WIN LIMITED,43.0,43.0,40.0,42.89,41.87,1354
2026-09-17,TWCGOLDETF,WEALTH - TWCGOLDETF,150.71,150.71,149.13,149.93,150.59,2812
2026-09-17,WEALTH,WEALTH FRST PORT. MG. LTD,839.95,856.5,821.0,842.1,837.45,1536
2026-09-17,WEBELSOLAR,WEBSOL ENERGY SYSTEM LTD,72.12,72.91,71.02,71.74,72.11,1568698
2026-09-17,WEIZMANIND,WEIZMANN LTD,72.01,72.9,70.92,71.24,72.53,112
2026-09-17,WELCORP,WELSPUN CORP LIMITED,2420.0,2508.0,2415.1,2460.3,2424.5,1698993
2026-09-17,WELENT,WELSPUN ENTERPRISES LTD.,769.0,785.0,760.85,778.7,768.0,376786
2026-09-17,WELSPUNLIV,WELSPUN LIVING LIMITED,201.59,213.81,201.0,212.25,202.82,5153292
2026-09-17,WELSPLSOL,WELSPUN SPECIALTY SOL L,52.45,55.74,51.67,53.93,52.1,858565
2026-09-17,WENDT,WENDT (INDIA) LIMITED,8665.0,8904.0,8609.5,8765.0,8663.5,10651
2026-09-17,WSTCSTPAPR,WEST COAST PAPER MILLS LT,711.0,743.0,709.95,716.45,711.0,275342
2026-09-17,WCIL,WESTERN CARRIERS (IND) L,90.24,95.89,90.24,95.21,90.24,455551
2026-09-17,WESTLIFE,WESTLIFE FOODWORLD LTD,544.15,557.2,544.1,549.05,550.45,40486
2026-09-17,WEWORK,WEWORK INDIA MANAGEMENT L,675.95,692.85,671.05,682.85,676.1,148050
2026-09-17,WHEELS,WHEELS INDIA LTD,2110.5,2184.6,2100.8,2124.6,2110.5,131049
2026-09-17,WHIRLPOOL,WHIRLPOOL OF INDIA LTD,734.4,739.45,723.2,727.4,731.75,209496
2026-09-17,WILLAMAGOR,WILLIAMSON MAGOR,25.35,25.35,23.6,24.11,24.59,1587
2026-09-17,WINDLAS,WINDLAS BIOTECH LIMITED,1075.05,1126.45,1075.0,1117.6,1075.05,117378
2026-09-17,WINDMACHIN,WINDSOR MACHINES LIMITED,294.0,303.55,293.0,300.05,295.3,81754
2026-09-17,WIPRO,WIPRO LTD,165.75,167.6,165.02,166.4,166.89,9129514
2026-09-17,WOCKPHARMA,WOCKHARDT LIMITED,2025.0,2090.1,2021.5,2072.3,2021.5,603193
2026-09-17,WEL,WONDER ELECTRICALS LTD,69.42,70.28,68.76,69.47,69.42,397990
2026-09-17,WONDERLA,WONDERLA HOLIDAYS LTD.,511.4,521.95,511.4,516.65,517.6,34157
2026-09-17,WORTHPERI,WORTH PERIPHERALS LIMITED,147.01,147.9,141.65,146.27,148.07,15217
2026-09-17,XCHANGING,XCHANGING SOLUTIONS LTD,63.0,63.96,61.2,61.8,63.08,85926
2026-09-17,XELPMOC,XELPMOC DESIGN & TECH LTD,75.46,75.46,73.36,74.08,73.81,2530
2026-09-17,XPROINDIA,XPRO INDIA LIMITED,1255.7,1276.8,1226.4,1236.1,1255.7,24216
2026-09-17,XTGLOBAL,XTGLOBAL INFOTECH LIMITED,29.49,30.5,28.5,29.45,29.05,31522
2026-09-17,XTRANET,XTRANET TECHNOLOGIES LTD,286.0,308.67,278.18,302.42,283.03,2378436
2026-09-17,YASHO,YASHO INDUSTRIES LIMITED,4008.5,4112.5,3985.0,4003.0,4008.5,24402
2026-09-17,YATHARTH,YATHARTH HOSP & TRA C S L,987.0,1083.8,985.1,1072.4,982.3,3679332
2026-09-17,YATRA,YATRA ONLINE LIMITED,103.24,104.85,102.0,104.16,102.46,676150
2026-09-17,YESBANK,YES BANK LIMITED,23.32,23.38,22.91,23.13,23.4,69914036
2026-09-17,YOGI,YOGI LTD.,164.95,164.95,163.0,163.0,160.0,7
2026-09-17,YUKEN,YUKEN INDIA LIMITED,1140.0,1140.0,1114.65,1123.1,1134.95,21238
2026-09-17,ZFSTEERING,Z F STEERING GEAR (I) LTD,734.0,749.9,685.0,694.6,725.8,8982
2026-09-17,ZAGGLE,ZAGGLE PREPA OCEAN SER L,177.45,183.17,176.48,181.38,177.81,606260
2026-09-17,ZEEL,ZEE ENTERTAINMENT ENT LTD,80.0,80.19,77.82,78.31,79.6,13155417
2026-09-17,ZEELEARN,ZEE LEARN LIMITED,6.6,8.05,6.6,6.85,7.05,514594
2026-09-17,ZEEMEDIA,ZEE MEDIA CORPORATION LTD,7.35,7.5,7.32,7.4,7.37,805569
2026-09-17,ZENTEC,ZEN TECHNOLOGIES LIMITED,1663.0,1695.8,1656.9,1681.7,1662.8,212129
2026-09-17,ZENITHEXPO,ZENITH EXPORTS LTD,196.95,196.95,196.95,196.95,195.0,1
2026-09-17,ZENITHSTL,ZENITH STEEL PIP IND LTD,5.8,5.8,5.5,5.56,5.49,28764
2026-09-17,ZENSARTECH,ZENSAR TECHNOLOGIES  LTD,450.0,450.15,431.6,441.85,450.15,2456285
2026-09-17,GOLDCASE,ZERODHAAMC - GOLDCASE,23.6,23.8,23.55,23.69,23.78,7572400
2026-09-17,LIQUIDCASE,ZERODHAAMC - LIQUIDCASE,115.94,115.96,115.94,115.95,115.93,25771011
2026-09-17,LTGILTCASE,ZERODHAAMC - LTGILTCASE,30.89,30.89,30.18,30.27,30.28,152684
2026-09-17,MID150CASE,ZERODHAAMC - MID150CASE,11.53,11.53,11.23,11.37,11.3,778742
2026-09-17,NIFTYCASE,ZERODHAAMC - NIFTYCASE,9.37,9.42,9.28,9.36,9.35,705543
2026-09-17,SILVERCASE,ZERODHAAMC - SILVERCASE,22.98,23.07,22.8,22.95,23.16,5225578
2026-09-17,SML100CASE,ZERODHAAMC - SML100CASE,11.0,11.16,11.0,11.13,11.01,770506
2026-09-17,TOP100CASE,ZERODHAAMC - TOP100CASE,10.46,10.46,10.2,10.26,10.21,1171887
2026-09-17,ZFCVINDIA,ZF COM VE CTR SYS IND LTD,2452.5,2487.7,2435.0,2445.2,2461.5,25145
2026-09-17,ZIMLAB,ZIM LABORATORIES LIMITED,136.78,142.0,132.97,137.92,136.78,230315
2026-09-17,ZODIACLOTH,ZODIAC CLOTHING CO. LTD.,69.95,69.95,68.9,69.1,69.26,482
2026-09-17,ZODIAC,ZODIAC ENERGY LIMITED,225.37,229.0,215.0,220.25,220.37,11960
2026-09-17,ZOTA,ZOTA HEALTH CARE LIMITED,1114.1,1152.0,1107.8,1118.8,1114.1,122807
2026-09-17,ZUARI,ZUARI AGRO CHEMICALS LTD,209.0,217.92,209.0,216.03,209.3,64917
2026-09-17,ZUARIIND,ZUARI INDUSTRIES LIMITED,254.65,261.65,254.2,259.3,254.85,35493
2026-09-17,ZYDUSLIFE,ZYDUS LIFESCIENCES LTD,1103.5,1139.9,1100.1,1135.1,1107.5,1086138
2026-09-17,ZYDUSWELL,ZYDUS WELLNESS LIMITED,551.8,552.15,544.55,546.15,551.8,147021
