date,symbol,name,open,high,low,close,prev_close,volume
2026-08-17,20MICRONS,20 MICRONS LTD,190.54,199.4,189.0,197.26,190.9,244646
2026-08-17,21STCENMGM,21ST CENTURY MGMT SERVICE,43.25,44.93,43.2,44.93,44.05,9034
2026-08-17,360ONE,360 ONE WAM LIMITED,1174.7,1174.7,1150.5,1173.0,1180.0,1274400
2026-08-17,GOLD360,360ONEAMC - GOLD360,147.45,150.1,147.45,148.9,147.4,29222
2026-08-17,MSCI360,360ONEAMC - MSCI360,10.25,10.3,10.2,10.3,10.25,953
2026-08-17,SILVER360,360ONEAMC - SILVER360,227.8,231.27,227.8,229.72,227.36,15965
2026-08-17,3BBLACKBIO,3B BLACKBIO DX LTD.,1183.3,1190.0,1144.0,1148.4,1174.6,18178
2026-08-17,3MINDIA,3M INDIA LIMITED,35280.0,35280.0,34750.0,34910.0,35340.0,3192
2026-08-17,3PLAND,3P LAND HOLDINGS LIMITED,32.45,32.77,31.5,32.35,32.18,4090
2026-08-17,5PAISA,5PAISA CAPITAL LIMITED,385.65,385.8,373.5,380.8,383.8,41349
2026-08-17,63MOONS,63 MOONS TECHNOLOGIES LTD,781.0,795.0,767.0,780.25,786.25,263716
2026-08-17,ABCOTS,A B COTSPIN INDIA LIMITED,199.1,204.8,198.5,199.66,199.0,15165
2026-08-17,ABINFRA,A B INFRABUILD LIMITED,10.59,11.91,10.58,11.36,10.81,15664251
2026-08-17,ABMKNO,A B M KNOWLEDGEWARE LTD.,202.0,205.0,194.0,197.0,199.77,3180
2026-08-17,ACSTECH,A C S TECHNOLOGIES LTD.,50.89,52.5,50.52,50.92,49.98,298101
2026-08-17,AKCAPIT,A K CAPITAL SERVICES LTD.,1769.8,1790.0,1737.0,1747.9,1737.0,2093
2026-08-17,A2ZINFRA,A2Z INFRA ENGINEERING LTD,14.9,15.35,14.26,14.49,14.72,189919
2026-08-17,AAATECH,AAA TECHNOLOGIES LIMITED,92.97,93.0,90.05,91.98,92.18,57437
2026-08-17,AADHARHFC,AADHAR HOUSING FINANCE L,498.2,501.95,486.25,487.65,498.2,208660
2026-08-17,AAKASH,AAKASH EXPLORATION SER L,8.79,8.95,8.7,8.77,8.79,67852
2026-08-17,AAREYDRUGS,AAREY DRUGS & PHARM LTD,86.46,86.46,82.0,85.58,83.87,115722
2026-08-17,AARNAV,AARNAV FASHIONS LIMITED,32.26,32.26,29.99,31.23,31.46,62350
2026-08-17,AARON,AARON INDUSTRIES LIMITED,141.85,147.89,137.5,138.85,135.46,45906
2026-08-17,AARTIDRUGS,AARTI DRUGS LTD.,416.3,420.7,408.25,410.75,416.35,147186
2026-08-17,AARTIIND,AARTI INDUSTRIES LTD,534.1,537.1,523.6,526.7,534.1,754607
2026-08-17,AARTIPHARM,AARTI PHARMALABS LIMITED,860.0,885.0,851.35,861.95,851.2,520496
2026-08-17,AARVI,AARVI ENCON LIMITED,153.47,153.88,151.91,152.6,153.47,22923
2026-08-17,AASTHA,AASTHA SPINTEX LIMITED,73.0,74.95,73.0,73.21,74.31,592997
2026-08-17,AAVAS,AAVAS FINANCIERS LIMITED,1390.1,1399.9,1380.0,1389.8,1397.4,113239
2026-08-17,ABANSENT,ABANS ENTERPRISES LTD.,31.89,31.89,31.89,31.89,30.38,3092
2026-08-17,AFSL,ABANS FINANCIAL SRVCS LTD,204.0,207.13,201.04,201.2,204.67,15302
2026-08-17,ABB,ABB INDIA LIMITED,7652.5,7760.0,7627.0,7660.0,7649.0,93962
2026-08-17,ABBOTINDIA,ABBOTT INDIA LIMITED,27145.0,27150.0,26650.0,26905.0,27060.0,11190
2026-08-17,ABMINTLLTD,ABM INTERNATIONAL LTD,56.2,59.44,56.2,56.2,62.44,7666
2026-08-17,ACC,ACC LIMITED,1319.0,1321.5,1300.7,1316.6,1321.4,129837
2026-08-17,ACCELYA,ACCELYA SOLN INDIA LTD,1145.3,1159.3,1131.1,1134.3,1139.7,3732
2026-08-17,ACEINTEG,ACE INTEGRATED SOLU. LTD.,19.0,19.0,17.6,17.78,17.8,2698
2026-08-17,ACMESOLAR,ACME SOLAR HOLDINGS LTD,373.55,373.55,363.8,364.9,374.1,1019177
2026-08-17,ACE,ACTION CONST EQUIP LTD,1085.0,1117.1,1081.7,1113.7,1085.6,280151
2026-08-17,ACUTAAS,ACUTAAS CHEMICALS LIMITED,3262.0,3263.0,3162.3,3198.2,3235.6,172332
2026-08-17,ADANIENSOL,ADANI ENERGY SOLUTION LTD,1621.0,1627.9,1585.4,1589.1,1616.0,2016844
2026-08-17,ADANIENT,ADANI ENTERPRISES LIMITED,3049.0,3058.6,3005.5,3007.3,3035.1,941404
2026-08-17,ADANIGREEN,ADANI GREEN ENERGY LTD,1346.9,1346.9,1322.5,1327.6,1348.0,745035
2026-08-17,ADANIPORTS,ADANI PORT & SEZ LTD,1700.0,1704.0,1678.1,1691.0,1700.0,1594217
2026-08-17,ADANIPOWER,ADANI POWER LTD,205.25,205.75,201.77,203.56,205.25,17130158
2026-08-17,ATGL,ADANI TOTAL GAS LIMITED,655.0,655.05,646.0,646.9,654.05,363269
2026-08-17,ADFFOODS,ADF FOODS LIMITED,263.25,265.5,258.9,262.85,262.45,97295
2026-08-17,ABSLAMC,ADIT BIRL SUN LIF AMC LTD,1008.3,1025.4,1001.2,1019.0,1011.2,125429
2026-08-17,ABCAPITAL,ADITYA BIRLA CAPITAL LTD.,399.2,400.2,394.5,398.7,401.0,1969174
2026-08-17,ABFRL,ADITYA BIRLA FASHION & RT,55.9,55.9,54.9,55.29,55.98,5927138
2026-08-17,ABLBL,ADITYA BIRLA LIFES BRAN L,88.7,90.53,87.68,89.92,88.77,3468842
2026-08-17,BIRLAMONEY,ADITYA BIRLA MONEY LTD,131.88,133.46,129.0,129.87,131.88,36917
2026-08-17,ABREL,ADITYA BIRLA REAL EST LTD,1414.9,1443.8,1378.7,1402.1,1402.9,174072
2026-08-17,CPPLUS,ADITYA INFOTECH LIMITED,3351.1,3424.4,3343.1,3343.1,3519.0,640466
2026-08-17,AVL,ADITYA VISION LIMITED,629.65,629.65,596.15,608.65,624.65,302890
2026-08-17,BSLGOLDETF,ADITYBIRLA SL GOLD ETF-GR,129.86,134.74,129.86,134.49,133.19,624697
2026-08-17,BSLNIFTY,ADITYBIRLA SL NIF ETF-GR,29.37,29.37,28.4,28.62,28.66,747415
2026-08-17,ADOR,ADOR WELDING LTD,1546.2,1569.9,1520.5,1525.3,1538.5,22521
2026-08-17,ADROITINFO,ADROIT INFOTECH LIMITED,9.9,10.14,9.71,9.99,9.81,25871
2026-08-17,ADVAIT,ADVAIT ENRGY TRANSITION L,2104.8,2113.0,2063.8,2079.2,2095.2,30731
2026-08-17,ADVANCE,ADVANCE AGROLIFE LIMITED,118.6,120.65,116.0,117.06,118.79,82966
2026-08-17,ADVENZYMES,ADVANCED ENZYME TECH LTD,303.45,308.0,300.1,305.6,304.3,192033
2026-08-17,ADVANIHOTR,ADVANI HOT.& RES.(I) LTD,52.01,52.01,49.75,49.91,52.09,69764
2026-08-17,ADVENTHTL,ADVENT HOTELS INTERNATI L,141.05,141.3,133.5,134.9,141.58,144415
2026-08-17,ADVIKCA,ADVIK CAPITAL LTD.,1.15,1.27,1.15,1.21,1.22,116547
2026-08-17,RAMBHAJO,ADVIT JEWELS LIMITED,180.0,183.4,178.0,180.97,177.79,86163
2026-08-17,AEGISLOG,AEGIS LOGISTICS LIMITED,1266.0,1298.9,1261.0,1287.2,1265.4,573952
2026-08-17,AEGISVOPAK,AEGIS VOPAK TERMINALS LTD,269.1,272.25,262.95,269.5,269.1,667513
2026-08-17,AEQUS,AEQUS LIMITED,250.0,252.84,247.45,249.58,249.64,1230567
2026-08-17,AEROENTER,AEROFLEX ENTERPRISES LTD,128.9,131.3,125.0,125.73,127.95,379754
2026-08-17,AEROFLEX,AEROFLEX INDUSTRIES LTD,462.0,468.4,452.05,455.85,459.85,1009001
2026-08-17,AERONEU,AEROFLEX NEU LIMITED,86.28,86.3,82.36,84.49,86.0,24802
2026-08-17,AETHER,AETHER INDUSTRIES LIMITED,1633.0,1647.9,1600.0,1605.7,1625.1,95815
2026-08-17,AFCONS,AFCONS INFRASTRUCTURE LTD,267.75,272.55,267.75,271.7,268.8,348970
2026-08-17,AFFLE,AFFLE 3I LIMITED,1668.6,1714.7,1651.0,1703.9,1668.8,151323
2026-08-17,AGARIND,AGARWAL INDS CORP LTD.,482.05,506.0,482.05,499.6,484.75,40327
2026-08-17,AGI,AGI GREENPAC LIMITED,703.8,730.0,700.0,716.5,703.8,186495
2026-08-17,AGIIL,AGI INFRA LIMITED,305.0,307.9,297.15,301.5,301.9,1285666
2026-08-17,AGRITECH,AGRI-TECH (INDIA) LIMITED,105.26,105.26,102.2,103.49,105.49,4153
2026-08-17,AGROPHOS,AGRO PHOS INDIA LIMITED,27.35,28.2,26.26,26.39,27.33,33944
2026-08-17,AHLADA,AHLADA ENGINEERS LIMITED,38.36,39.2,36.6,37.0,38.36,24106
2026-08-17,AHLUCONT,AHLUWALIA CONT IND LTD,800.0,805.0,773.0,793.85,837.35,97109
2026-08-17,AIAENG,AIA ENGINEERING LIMITED,4423.0,4443.4,4342.7,4383.6,4482.8,51530
2026-08-17,AIRAN,AIRAN LIMITED,15.31,15.98,15.0,15.23,15.26,101037
2026-08-17,AIROLAM,AIRO LAM LIMITED,94.9,94.9,86.4,87.42,87.29,8937
2026-08-17,AJANTPHARM,AJANTA PHARMA LIMITED,3691.1,3738.0,3650.0,3718.2,3672.8,110437
2026-08-17,AJAXENGG,AJAX ENGINEERING LIMITED,571.1,578.0,562.2,567.25,582.2,111559
2026-08-17,AJMERA,AJMERA REALTY & INF I LTD,118.23,119.9,116.89,118.7,118.23,178882
2026-08-17,AJOONI,AJOONI BIOTECH LIMITED,3.86,3.89,3.7,3.81,3.86,467741
2026-08-17,AKASH,AKASH INFRA-PROJECTS LTD,24.36,25.93,24.36,25.43,24.6,8334
2026-08-17,AKG,AKG EXIM LIMITED,8.8,9.64,8.61,8.98,8.72,37443
2026-08-17,AKI,AKI INDIA LIMITED,4.24,4.24,4.05,4.13,4.15,46238
2026-08-17,AFIL,AKME FINTRADE (INDIA) LTD,9.38,9.94,9.31,9.4,9.68,482903
2026-08-17,AKSHAR,AKSHAR SPINTEX LIMITED,0.42,0.42,0.4,0.41,0.41,1081205
2026-08-17,AKUMS,AKUMS DRUGS AND PHARMA L,726.6,749.6,715.1,744.0,726.6,304026
2026-08-17,ALANKIT,ALANKIT LIMITED,8.46,8.47,8.1,8.17,8.29,90745
2026-08-17,ALBERTDAVD,ALBERT DAVID LIMITED,813.0,813.05,792.3,806.1,812.5,9575
2026-08-17,ALEMBICLTD,ALEMBIC LIMITED,87.75,90.6,85.78,90.15,86.85,600808
2026-08-17,APLLTD,ALEMBIC PHARMA LTD,824.8,827.8,812.3,822.45,831.25,90276
2026-08-17,ALFREDHE,ALFRED HERBERT INDIA L,3599.0,3599.0,3000.0,3151.2,2999.8,17
2026-08-17,ALGOQUANT,ALGOQUANT FINTECH LIMITED,66.48,68.08,64.89,66.29,66.0,1134517
2026-08-17,ALICON,ALICON CASTALLOY LIMITED,735.0,774.55,719.1,726.1,719.6,252960
2026-08-17,ALIVUS,ALIVUS LIFE SCIENCES LTD,1386.7,1409.3,1362.7,1394.4,1386.7,155507
2026-08-17,ALKEM,ALKEM LABORATORIES LTD.,5379.5,5483.0,5312.0,5374.0,5368.0,153275
2026-08-17,ALKYLAMINE,ALKYL AMINES CHEM. LTD,1916.9,1950.9,1906.0,1920.1,1916.9,60227
2026-08-17,ALLTIME,ALL TIME PLASTICS LIMITED,217.14,217.14,210.55,213.14,215.54,44877
2026-08-17,AGL,ALLCARGO GLOBAL LIMITED,14.75,14.96,13.75,14.01,14.91,3835064
2026-08-17,ALLCARGO,ALLCARGO LOGISTICS LTD,10.01,10.24,9.81,10.06,10.0,13004293
2026-08-17,ATL,ALLCARGO TERMINALS LTD,23.94,24.29,23.51,23.91,23.7,112159
2026-08-17,ALLDIGI,ALLDIGI TECH LIMITED,807.0,817.5,805.0,809.25,813.4,9492
2026-08-17,ABDL,ALLIED BLEND N DISTILS L,601.9,611.9,593.2,610.65,599.45,333738
2026-08-17,ADSL,ALLIED DIGITAL SERV. LTD,113.6,113.6,110.32,111.06,112.82,87087
2026-08-17,ALMONDZ,ALMONDZ GLOBAL SEC LTD,14.35,14.9,14.2,14.2,14.3,56567
2026-08-17,ALOKINDS,ALOK INDUSTRIES LIMITED,11.62,11.66,11.5,11.53,11.62,2443847
2026-08-17,ALPA,ALPA LABORATORIES LTD,64.27,65.98,63.5,63.72,64.27,16477
2026-08-17,ALPHAGEO,ALPHAGEO (INDIA) LIMITED,314.0,342.8,302.42,338.36,301.36,229452
2026-08-17,ALPINETEX,ALPINE TEXWORLD LIMITED,56.87,58.34,55.25,57.14,58.6,398391
2026-08-17,ALUFLUOR,ALUFLUORIDE LTD.,437.55,445.0,421.0,434.05,437.55,990
2026-08-17,AMAGI,AMAGI MEDIA LABS LIMITED,608.7,612.35,578.5,581.0,608.7,858166
2026-08-17,AMAL,AMAL LTD.,762.0,762.0,730.05,751.25,745.05,1174
2026-08-17,ARE&M,AMARA RAJA ENERGY MOB LTD,945.95,949.4,938.15,945.7,945.95,372044
2026-08-17,AMARJOTHI,AMARJOTHI SPINNING MILL L,159.0,162.9,155.0,162.0,155.6,1281
2026-08-17,AMBALALSA,AMBALAL SARABHAI ENT L,42.27,46.88,42.1,45.7,42.27,458656
2026-08-17,AMBER,AMBER ENTERPRISES (I) LTD,7355.5,7394.0,7246.5,7259.0,7222.0,535613
2026-08-17,AMBICAAGAR,AMBICA AGAR & AROMAINDLTD,24.9,24.95,23.2,23.78,24.93,16928
2026-08-17,AMBIKCO,AMBIKA COTTON MILL LTD.,1593.2,1627.9,1593.2,1615.9,1598.6,8416
2026-08-17,AMBUJACEM,AMBUJA CEMENTS LTD,417.0,417.6,409.5,415.25,417.5,3967404
2026-08-17,AMDIND,AMD INDUSTRIES LIMITED,54.8,55.4,50.8,51.41,54.8,74717
2026-08-17,AMNPLST,AMINES & PLASTICIZERS LTD,193.5,196.7,182.95,185.55,193.05,16257
2026-08-17,AEROPLANE,AMIR CHAND JAG KUM (E) L,191.17,191.17,182.54,182.85,192.14,352639
2026-08-17,AMJLAND,AMJ LAND HOLDINGS LIMITED,39.6,39.6,38.4,38.62,39.36,6953
2026-08-17,AMRUTANJAN,AMRUTAJAN HEALTH LTD,493.0,496.0,484.6,491.85,496.05,54421
2026-08-17,ARSSBL,ANAND RATHI SH N STK BR L,510.9,517.0,503.3,509.2,508.2,148707
2026-08-17,ANANDRATHI,ANAND RATHI WEALTH LTD,2198.0,2200.0,2167.9,2176.0,2174.7,188710
2026-08-17,ANANTRAJ,ANANT RAJ LIMITED,629.0,634.4,622.75,627.55,629.95,1000410
2026-08-17,ACL,ANDHRA CEMENTS LIMITED,47.0,47.0,45.02,45.94,46.14,11742
2026-08-17,ANDHRAPAP,ANDHRA PAPER LIMITED,59.61,60.1,59.51,59.96,59.69,134436
2026-08-17,ANDHRSUGAR,ANDHRA SUGARS LTD,102.2,105.59,100.7,101.98,101.88,979808
2026-08-17,ANDREWYU,ANDREW YULE & CO. LTD.,26.99,27.0,25.21,26.23,31.35,66557
2026-08-17,ANGELONE,ANGEL ONE LIMITED,287.0,295.65,282.15,293.5,287.3,4087024
2026-08-17,ANIKINDS,ANIK INDUSTRIES LTD,43.95,43.95,42.25,42.76,42.69,14470
2026-08-17,APCL,ANJANI PORTLAND CEM LTD,103.8,108.7,102.15,106.87,103.55,58407
2026-08-17,AHCL,ANLON HEALTHCARE LIMITED,14.45,14.65,14.25,14.51,14.43,2297801
2026-08-17,ANMOL,ANMOL INDIA LIMITED,10.03,10.17,9.9,10.02,10.16,41073
2026-08-17,ANNAPURNA,ANNAPURNA SWADISHT LTD,154.0,167.0,153.5,163.0,152.6,136928
2026-08-17,ANSALBU,ANSAL BUILDWELL LTD.,72.8,72.8,72.8,72.8,72.79,41
2026-08-17,ANTGRAPHIC,ANTARCTICA LTD,0.73,0.77,0.71,0.74,0.73,242475
2026-08-17,ANTELOPUS,ANTELOPUS SELAN ENRGY LTD,815.0,840.0,792.5,800.9,782.6,240235
2026-08-17,ANTHEM,ANTHEM BIOSCIENCES LTD,896.25,904.0,886.0,898.0,890.1,693951
2026-08-17,AWHCL,ANTONY WASTE HDG CELL LTD,390.25,395.5,384.6,385.9,390.3,72926
2026-08-17,ANUHPHR,ANUH PHARMA LIMITED,77.5,77.5,75.5,75.72,76.21,40575
2026-08-17,ANURAS,ANUPAM RASAYAN INDIA LTD,1210.5,1222.3,1192.3,1196.9,1209.4,385144
2026-08-17,AONEGOLD,AONEAMC - AONEGOLD,14.38,14.38,14.15,14.25,14.1,374930
2026-08-17,AONELIQUID,AONEAMC - AONELIQUID,1072.93,1072.93,1072.91,1072.91,1072.78,7433
2026-08-17,AONENIFTY,AONEAMC - AONENIFTY,10.3,10.3,9.79,10.05,10.05,163764
2026-08-17,AONESILVER,AONEAMC - AONESILVER,8.86,8.99,8.82,8.93,8.82,585634
2026-08-17,AONETMMQ50,AONEAMC - AONETMMQ50,10.56,10.56,10.38,10.44,10.42,158812
2026-08-17,AONETOTAL,AONEAMC - AONETOTAL,12.29,12.29,11.99,12.04,12.05,167579
2026-08-17,APARINDS,APAR INDUSTRIES LTD.,16700.0,16998.0,16385.0,16524.0,16691.0,143637
2026-08-17,APCOTEXIND,APCOTEX INDUSTRIES LIMITE,600.0,616.0,600.0,605.45,599.5,145631
2026-08-17,APEX,APEX FROZEN FOODS LIMITED,426.3,432.8,410.5,422.55,426.35,907500
2026-08-17,APLAPOLLO,APL APOLLO TUBES LTD,2093.0,2110.9,2072.4,2081.3,2083.3,439122
2026-08-17,APOLLOHOSP,APOLLO HOSPITALS ENTER. L,8917.5,8984.0,8825.5,8825.5,8920.5,358418
2026-08-17,APOLLO,APOLLO MICRO SYSTEMS LTD,393.8,397.9,386.05,387.05,393.55,3979390
2026-08-17,APOLLOPIPE,APOLLO PIPES LIMITED,507.25,550.1,505.95,545.3,510.85,816969
2026-08-17,APOLSINHOT,APOLLO SINDOORI HOTEL LTD,1209.0,1225.2,1205.0,1205.8,1208.0,904
2026-08-17,APOLLOTYRE,APOLLO TYRES LTD,444.1,444.25,435.25,436.7,444.1,223302
2026-08-17,APTUS,APTUS VALUE HSG FIN I LTD,249.05,256.95,246.45,255.2,250.5,704661
2026-08-17,AQYLON,AQYLON NEXUS LIMITED,22.93,23.49,21.79,21.79,22.93,557222
2026-08-17,ACI,ARCHEAN CHEMICAL IND LTD,506.95,517.5,501.0,515.35,503.3,152413
2026-08-17,ADL,ARCHIDPLY DECOR LIMITED,69.88,69.89,68.65,68.65,69.54,1657
2026-08-17,ARCHIDPLY,ARCHIDPLY IND. LTD,94.25,97.0,92.8,95.91,93.3,29556
2026-08-17,ARCHIES,ARCHIES LTD,13.7,13.83,13.45,13.49,13.76,8621
2026-08-17,ARCL,ARCL ORGANICS LTD.,249.68,249.68,231.0,236.4,239.7,102
2026-08-17,ARDEE,ARDEE INDUSTRIES LIMITED,60.0,62.85,59.45,62.34,59.15,12512121
2026-08-17,ARFIN,ARFIN INDIA LIMITED,83.38,84.8,82.06,83.69,84.05,1626003
2026-08-17,ARIES,ARIES AGRO LTD.,418.05,437.85,408.15,434.65,413.5,183764
2026-08-17,ARIHANTCAP,ARIHANT CAPITAL MKTS LTD,73.23,74.07,73.02,73.47,74.14,146007
2026-08-17,ARIHANT,ARIHANT FOUN & HOU LTD,1064.2,1080.0,1010.0,1031.6,1048.5,3566
2026-08-17,ARIHANTSUP,ARIHANT SUPERSTRUCT LTD,251.5,259.8,251.5,257.6,247.55,2671
2026-08-17,ARIS,ARISINFRA SOLUTIONS LTD,133.53,136.59,132.0,136.25,134.09,792919
2026-08-17,ARKADE,ARKADE DEVELOPERS LIMITED,132.8,132.99,129.11,129.99,133.34,208312
2026-08-17,ARMANFIN,ARMAN FIN SERV LTD,1969.9,2037.5,1924.4,1962.9,1969.4,38418
2026-08-17,AROGRANITE,ARO GRANITE IND. LTD.,25.37,25.9,23.4,24.57,25.37,28405
2026-08-17,ARTNIRMAN,ART NIRMAN LIMITED,41.27,43.48,41.11,42.23,41.07,507
2026-08-17,AEPL,ARTEMIS ELECTRICALS & P L,15.61,15.61,14.8,14.93,15.3,16024
2026-08-17,ARTEMISMED,ARTEMIS MED SERVICE LTD,315.75,322.0,313.45,314.4,314.75,207441
2026-08-17,ARVEE,ARVEE LABORATORIES I LTD,165.13,166.34,165.03,165.55,166.01,616
2026-08-17,ARVINDFASN,ARVIND FASHIONS LIMITED,447.85,450.55,436.65,444.15,447.85,262407
2026-08-17,ARVIND,ARVIND LIMITED,568.75,569.0,538.15,552.3,571.85,995836
2026-08-17,ARVSMART,ARVIND SMARTSPACES LTD,655.0,679.6,654.0,670.35,655.6,125853
2026-08-17,ARYAMAN,ARYAMAN FINANCIAL SERV L,582.85,599.9,582.85,599.9,582.8,3
2026-08-17,ASAHIINDIA,ASAHI INDIA GLASS LIMITED,945.8,955.0,927.0,931.2,939.2,225800
2026-08-17,ASHAPURMIN,ASHAPURA MINECHEM LTD,603.45,617.45,602.15,612.2,603.45,293961
2026-08-17,ASHIANA,ASHIANA HOUSING LTD,358.15,369.0,358.15,365.0,362.45,39781
2026-08-17,ASHIMASYN,ASHIMA LTD,18.7,18.7,17.1,17.51,17.13,62627
2026-08-17,ASHOKLEY,ASHOK LEYLAND LTD,171.99,179.1,171.98,177.1,171.64,38086255
2026-08-17,ASHOKA,ASHOKA BUILDCON LTD,112.04,113.67,111.0,113.27,112.39,570487
2026-08-17,ASHOKAMET,ASHOKA METCAST LIMITED,14.05,14.05,13.6,13.77,13.78,8990
2026-08-17,ASIANENE,ASIAN ENERGY SERVICES LTD,375.5,432.0,372.0,425.25,374.4,1788634
2026-08-17,ASIANTILES,ASIAN GRANITO IND. LTD.,50.77,50.81,47.05,47.97,50.55,6090979
2026-08-17,AHLEAST,ASIAN HOTELS (EAST) LTD,138.15,143.99,138.15,140.95,138.12,1992
2026-08-17,ASIANHOTNR,ASIAN HOTELS (NORTH) LTD,298.05,304.5,295.6,300.0,301.65,13054
2026-08-17,ASIANPAINT,ASIAN PAINTS LIMITED,2694.5,2714.6,2687.5,2687.5,2696.3,312900
2026-08-17,ASTAR,ASIAN STAR CO. LTD.,600.0,600.0,585.0,585.05,600.85,14
2026-08-17,ASIANTNE,ASIAN TEA & EXPORTS LTD.,9.95,9.95,8.64,9.73,9.07,1154
2026-08-17,ASKAUTOLTD,ASK AUTOMOTIVE LIMITED,644.6,673.25,633.25,649.2,644.7,495881
2026-08-17,ASPINWALL,ASPINWALL & CO LTD,235.0,241.89,235.0,236.24,236.0,1167
2026-08-17,ASSAMENT,ASSAM ENTRADE LIMITED,850.0,850.0,850.0,850.0,810.0,1
2026-08-17,ASALCBR,ASSO ALCOHOLS & BREW LTD,714.05,752.7,698.05,733.25,713.95,88609
2026-08-17,ASTEC,ASTEC LIFESCIENCES LTD,593.1,598.7,550.0,580.8,593.95,39506
2026-08-17,ASTERDM,ASTER DM QUALITY CARE LTD,822.35,844.9,816.2,819.75,822.35,1180504
2026-08-17,ASTRAMICRO,ASTRA MICROWAVE LTD,1747.0,1754.9,1701.0,1707.1,1739.3,251228
2026-08-17,ASTRAL,ASTRAL LIMITED,1550.0,1559.0,1536.2,1538.3,1556.3,353029
2026-08-17,ASTRAZEN,ASTRAZENECA PHARMA IND LT,7789.5,7814.5,7602.0,7640.5,7753.0,18504
2026-08-17,ATALREAL,ATAL REALTECH LIMITED,36.4,36.4,35.75,35.85,36.13,5265984
2026-08-17,ATAM,ATAM VALVES LIMITED,59.03,62.0,57.0,60.67,59.03,16409
2026-08-17,ATHERENERG,ATHER ENERGY LIMITED,1511.5,1533.0,1475.0,1485.2,1511.5,2475472
2026-08-17,ATLANTAELE,ATLANTA ELECTRICALS LTD,1709.8,1816.8,1683.0,1788.2,1680.8,500044
2026-08-17,ATLANTAA,ATLANTAA LIMITED,40.64,40.64,39.07,39.64,40.02,50878
2026-08-17,ATLASCYCLE,ATLAS CYCLE (HARYANA) LTD,96.0,98.99,96.0,97.61,96.41,4683
2026-08-17,ATULAUTO,ATUL AUTO LIMITED,497.95,505.95,492.15,498.0,494.6,136921
2026-08-17,ATUL,ATUL LTD,6738.5,6850.0,6705.5,6721.0,6729.0,28126
2026-08-17,AUBANK,AU SMALL FINANCE BANK LTD,1080.0,1092.5,1072.2,1072.2,1081.9,922463
2026-08-17,AURIONPRO,AURIONPRO SOLN LTD,733.0,733.4,720.0,722.75,734.0,103893
2026-08-17,AUROPHARMA,AUROBINDO PHARMA LTD,1630.6,1652.0,1617.9,1627.2,1622.1,998350
2026-08-17,AURUM,AURUM PROPTECH LIMITED,220.7,230.4,220.7,229.12,220.47,115754
2026-08-17,AURUS,AURUS GEM CORP LIMITED,4.91,4.91,4.62,4.71,4.74,8169
2026-08-17,AUSOMENT,AUSOM ENTERPRISE LIMITED,144.51,153.0,141.71,144.39,147.06,823
2026-08-17,AUSTENG,AUSTIN ENGINEERING CO. L,125.0,125.0,122.87,122.87,116.15,263
2026-08-17,AIIL,AUTHUM INVEST & INFRA LTD,571.95,571.95,550.0,551.5,564.9,147002
2026-08-17,ACGL,AUTOMOBILE CORPN OF GOA L,1781.1,1880.0,1750.1,1766.7,1823.4,1831
2026-08-17,AUTOAXLES,AUTOMOTIVE AXLES LIMITED,1780.0,1799.0,1758.2,1787.0,1783.0,4487
2026-08-17,ASAL,AUTOMOTIVE STAMPINGS & AS,499.1,524.8,498.95,505.95,499.1,60495
2026-08-17,AVADHSUGAR,AVADH SUG & ENERGY LTD,656.4,730.05,656.4,725.25,653.15,868054
2026-08-17,AVALON,AVALON TECHNOLOGIES LTD,1950.3,2081.0,1948.0,2059.4,1940.8,923261
2026-08-17,AVANCE,AVANCE TECHNOLOGIES LTD.,0.94,0.94,0.75,0.9,0.93,2803162
2026-08-17,AVANTEL,AVANTEL LIMITED,158.5,159.52,156.6,157.51,158.5,580759
2026-08-17,AVANTIFEED,AVANTI FEEDS LIMITED,861.4,878.9,841.1,875.6,861.4,426130
2026-08-17,DMART,AVENUE SUPERMARTS LIMITED,4050.0,4050.0,3995.0,3995.0,4060.0,263000
2026-08-17,CCAVENUE,AVENUESAI LIMITED,15.49,15.55,15.09,15.21,15.43,7541695
2026-08-17,AVONMORE,AVONMORE CAP&MGT SERV LTD,12.45,13.14,12.4,13.01,12.35,339377
2026-08-17,AVROIND,AVRO INDIA LIMITED,8.55,8.8,8.16,8.5,8.63,221465
2026-08-17,AVTNPL,AVT NATURAL PRODUCTS LTD,83.05,89.0,83.05,88.1,81.25,2764523
2026-08-17,AWFIS,AWFIS SPACE SOLUTIONS LTD,270.0,271.4,266.9,268.95,266.55,197260
2026-08-17,AWL,AWL AGRI BUSINESS LIMITED,192.5,194.1,191.31,193.34,192.16,979138
2026-08-17,AXISBANK,AXIS BANK LIMITED,1220.0,1235.0,1213.6,1227.3,1217.4,6068014
2026-08-17,BNKETFAXIS,AXISAMC-BNKETFAXIS,590.84,596.85,590.84,596.67,595.34,535
2026-08-17,CONSUMAXIS,AXISAMC-CONSUMAXIS,126.06,126.06,124.55,124.73,125.44,358
2026-08-17,GOLDAXIS,AXISAMC-GOLDAXIS,126.02,127.74,126.02,127.41,126.02,809576
2026-08-17,HEALTHAXIS,AXISAMC-HEALTHAXIS,168.93,168.97,167.24,167.93,167.82,2911
2026-08-17,ITAXIS,AXISAMC-ITAXIS,337.35,347.03,337.35,341.65,346.0,4825
2026-08-17,NIFTYAXIS,AXISAMC-NIFTYAXIS,277.14,277.14,268.65,269.85,270.39,12578
2026-08-17,SENSEXAXIS,AXISAMC-SENSEXAXIS,82.5,83.0,80.5,81.1,80.92,2730
2026-08-17,SILVERAXIS,AXISAMC-SILVERAXIS,232.42,233.62,231.9,232.33,229.93,140234
2026-08-17,VALUEAXIS,AXISAMC-VALUEAXIS,33.38,33.38,32.84,32.99,32.96,65120
2026-08-17,AXISCADES,AXISCADES TECH LTD,1480.0,1585.9,1480.0,1553.4,1484.8,176263
2026-08-17,AXITA,AXITA COTTON LIMITED,7.39,7.39,7.24,7.25,7.27,188541
2026-08-17,AXTEL,AXTEL INDUSTRIES LTD.,415.0,424.95,403.0,418.0,415.3,412
2026-08-17,AYE,AYE FINANCE LIMITED,170.98,172.93,168.2,169.77,172.82,352125
2026-08-17,AYMSYNTEX,AYM SYNTEX LIMITED,272.95,274.1,263.8,271.9,266.75,52703
2026-08-17,AZAD,AZAD ENGINEERING LIMITED,2750.0,2986.6,2703.0,2899.9,2717.8,2721054
2026-08-17,AZADIND,AZAD INDIA MOBILITY LTD.,98.99,98.99,72.97,91.48,91.21,2376
2026-08-17,BBTCL,B&B TRIPLEWALL CONT LTD,262.0,262.0,230.25,233.35,244.64,44028
2026-08-17,BAGFILMS,B.A.G FILMS AND MEDIA LTD,4.57,4.58,4.4,4.46,4.52,104084
2026-08-17,BLKASHYAP,B.L.KASHYAP & SON LTD,51.88,54.0,51.66,53.73,51.62,284277
2026-08-17,STYLEBAAZA,BAAZAR STYLE RETAIL LTD,383.5,383.5,383.5,383.5,365.25,356870
2026-08-17,BAIDFIN,BAID FINSERV LIMITED,9.82,9.98,9.36,9.6,9.9,178953
2026-08-17,BAJAJ-AUTO,BAJAJ AUTO LIMITED,11700.0,11808.0,11663.0,11663.0,11700.0,181692
2026-08-17,BAJAJCON,BAJAJ CONSUMER CARE LTD,500.0,511.2,476.4,481.4,500.6,1595673
2026-08-17,BAJAJELEC,BAJAJ ELECT.LTD,362.4,365.2,355.1,357.45,362.4,198125
2026-08-17,BAJFINANCE,BAJAJ FINANCE LIMITED,1080.0,1100.4,1078.8,1089.3,1087.0,2295675
2026-08-17,BAJAJFINSV,BAJAJ FINSERV LTD.,2001.4,2028.2,1997.2,2005.0,2008.3,1026623
2026-08-17,BAJAJHCARE,BAJAJ HEALTHCARE LIMITED,331.55,331.55,321.7,323.05,329.25,60396
2026-08-17,BAJAJHIND,BAJAJ HINDUSTHAN SUGAR LT,17.35,18.03,17.2,17.93,17.3,10401785
2026-08-17,BAJAJHLDNG,BAJAJ HOLDINGS & INVS LTD,11511.0,11574.0,11306.0,11379.0,11475.0,147900
2026-08-17,BAJAJHFL,BAJAJ HOUSING FINANCE LTD,84.32,84.6,83.67,84.0,84.33,2255255
2026-08-17,BAJAJST,BAJAJ STEEL INDS. LTD.,368.6,368.8,354.55,358.3,362.15,13567
2026-08-17,BAJEL,BAJEL PROJECTS LIMITED,188.2,188.35,183.75,185.87,188.35,100687
2026-08-17,BALPHARMA,BAL PHARMA LTD.,87.1,88.0,84.61,85.0,87.05,16536
2026-08-17,BALAMINES,BALAJI AMINES LIMITED,2133.8,2160.4,2109.7,2125.2,2133.8,81358
2026-08-17,BALAJITELE,BALAJI TELEFILMS LIMITED.,90.61,94.49,90.61,92.72,92.38,249035
2026-08-17,BALAXI,BALAXI PHARMA LTD,24.2,24.25,23.65,24.21,24.0,27550
2026-08-17,BALKRISIND,BALKRISHNA IND. LTD,2389.9,2421.2,2365.5,2407.2,2363.6,192741
2026-08-17,BALKRISHNA,BALKRISHNA PAPER MILLS L,17.54,17.85,17.21,17.45,17.54,9404
2026-08-17,BALMLAWRIE,BALMER LAWRIE & CO LTD,173.43,174.98,172.61,174.59,173.43,57680
2026-08-17,BLIL,BALMER LAWRIE INVSTS. L,70.94,71.24,70.5,70.59,70.94,35406
2026-08-17,BALRAMCHIN,BALRAMPUR CHINI MILLS LTD,633.0,658.7,630.7,655.75,624.85,1396378
2026-08-17,BALUFORGE,BALU FORGE INDUSTRIES LTD,502.7,531.4,502.7,513.35,493.75,4666822
2026-08-17,BANARBEADS,BANARAS BEADS LTD,113.9,113.9,111.5,111.74,112.51,334
2026-08-17,BANCOINDIA,BANCO PRODUCTS (I) LTD,614.0,619.75,604.65,611.15,618.1,176665
2026-08-17,BANDHANBNK,BANDHAN BANK LIMITED,174.2,174.2,172.15,173.25,174.55,2639964
2026-08-17,GOLDBND,BANDHANAMC - GOLDBND,151.41,153.17,151.41,152.83,151.22,90815
2026-08-17,IDFNIFTYET,BANDHANAMC - IDFNIFTYET,268.55,272.0,267.72,271.61,267.57,523
2026-08-17,SILVERBND,BANDHANAMC - SILVERBND,234.91,235.63,233.52,234.8,231.56,10624
2026-08-17,BANG,BANG OVERSEAS LTD.,28.5,29.0,27.8,28.8,28.57,31194
2026-08-17,BANKBARODA,BANK OF BARODA,247.6,248.11,243.11,246.55,248.22,7061942
2026-08-17,BANKINDIA,BANK OF INDIA,144.09,144.09,141.0,143.75,144.1,4897422
2026-08-17,MAHABANK,BANK OF MAHARASHTRA,80.13,81.49,79.68,81.1,80.12,8038098
2026-08-17,BANKA,BANKA BIOLOO LIMITED,80.1,81.4,78.01,78.66,81.44,7523
2026-08-17,BANARISUG,BANNARI AMMAN SUGARS LTD,3422.0,3498.9,3334.2,3469.8,3450.0,194
2026-08-17,BANSALWIRE,BANSAL WIRE INDUSTRIES L,320.45,327.6,318.0,323.75,318.25,115942
2026-08-17,BANSWRAS,BANSWARA SYNTEX LIMITED,118.1,119.69,114.21,115.47,116.03,42783
2026-08-17,BVCL,BARAK VALLEY CEM. LTD.,40.7,41.3,40.25,40.53,40.98,12904
2026-08-17,BBNPNBETF,BARODABNP - BBNPNBETF,56.83,58.37,56.83,58.07,57.89,1502
2026-08-17,BBNPPGOLD,BARODABNP - BBNPPGOLD,146.2,149.3,146.2,147.8,146.2,3749
2026-08-17,BASF,BASF INDIA LTD,4077.9,4107.6,3990.0,4041.2,4077.9,83950
2026-08-17,BATAINDIA,BATA INDIA LTD,760.0,764.15,740.0,758.1,755.7,806511
2026-08-17,BATLIBOI,BATLIBOI LTD.,90.8,90.8,87.0,87.85,89.56,36868
2026-08-17,BAYERCROP,BAYER CROPSCIENCE LTD,4045.8,4111.4,4030.0,4099.2,4045.8,29811
2026-08-17,BCLIND,BCL INDUSTRIES LIMITED,35.21,37.85,35.21,36.36,35.63,2651757
2026-08-17,BCPL,BCPL RAILWAY INFRA LTD,73.19,75.0,72.5,73.35,72.84,21331
2026-08-17,BEARDSELL,BEARDSELL LIMITED,25.21,25.98,24.02,24.87,24.72,22511
2026-08-17,BEDMUTHA,BEDMUTHA INDUST LTD,111.22,111.25,108.05,109.11,113.63,2376
2026-08-17,BEEKAY,BEEKAY STEEL INDS. LTD.,437.5,439.65,426.55,431.15,435.35,2294
2026-08-17,BELLACASA,BELLA CASA FASH AND RET L,228.35,232.3,220.1,222.69,223.74,29311
2026-08-17,BELRISE,BELRISE INDUSTRIES LTD,247.77,247.77,232.31,236.09,255.35,17255848
2026-08-17,BLAL,BEML LAND ASSETS LIMITED,172.8,172.8,169.0,169.43,171.49,17769
2026-08-17,BEML,BEML LIMITED,1890.0,1929.0,1880.4,1908.5,1874.4,386580
2026-08-17,BENARAS,BENARES HOTELS LTD.,10178.0,10178.0,10178.0,10178.0,10178.0,2
2026-08-17,BENGALASM,BENGAL & ASSAM CO. LTD.,6159.5,6239.0,6159.5,6234.5,6210.0,106
2026-08-17,BERGEPAINT,BERGER PAINTS (I) LTD,549.0,553.55,543.7,549.35,545.1,460725
2026-08-17,BESTAGRO,BEST AGROLIFE LIMITED,18.95,19.19,18.65,18.88,18.87,553581
2026-08-17,BETA,BETA DRUGS LIMITED,2525.7,2550.0,2409.2,2432.9,2550.7,34906
2026-08-17,BFINVEST,BF INVESTMENT LIMITED,468.15,481.45,460.25,464.3,463.45,46733
2026-08-17,BFUTILITIE,BF UTILITIES LIMITED,533.15,550.0,523.0,545.65,533.6,55723
2026-08-17,BANK10BETF,BFAM - BANK10BETF,21.06,21.06,20.72,20.97,21.0,2864
2026-08-17,BANKBETF,BFAM - BANKBETF,58.51,58.87,58.09,58.76,58.54,5995
2026-08-17,LIQUIDBETF,BFAM - LIQUIDBETF,1094.93,1094.93,1094.91,1094.92,1094.78,158384
2026-08-17,NIFTYBETF,BFAM - NIFTYBETF,250.79,251.25,249.71,250.75,251.56,3224
2026-08-17,BHAGCHEM,BHAGIRADHA CHEM & INDS L,289.85,291.75,283.55,288.75,289.85,152636
2026-08-17,BHAGYANGR,BHAGYANAGAR INDIA LIMITED,360.0,382.5,357.3,382.5,364.3,233769
2026-08-17,BHANDARI,BHANDARI HOSIERY EXP LTD,2.89,3.14,2.85,3.03,2.86,452874
2026-08-17,BEPL,BHANSALI ENG. POLYMERS LT,124.19,125.5,120.85,122.89,123.7,858956
2026-08-17,BBL,BHARAT BIJLEE LTD,2285.8,2321.9,2281.2,2298.5,2284.8,13329
2026-08-17,BHARATCOAL,BHARAT COKING COAL LTD,33.69,33.69,33.15,33.33,33.69,4666141
2026-08-17,BDL,BHARAT DYNAMICS LIMITED,1413.2,1427.7,1370.0,1380.0,1398.0,3151086
2026-08-17,BEL,BHARAT ELECTRONICS LTD,411.0,413.95,409.1,412.45,410.8,7410599
2026-08-17,BHARATFORG,BHARAT FORGE LTD,2057.8,2099.6,2055.6,2093.0,2065.0,1157779
2026-08-17,BPLPHARMA,BHARAT PARENTERALS LTD.,1400.0,1619.0,1125.7,1307.0,1349.5,27
2026-08-17,BPCL,BHARAT PETROLEUM CORP  LT,319.0,319.75,314.15,316.65,319.45,4738730
2026-08-17,BHARATRAS,BHARAT RASAYAN LTD,1300.8,1314.6,1295.0,1301.0,1302.6,11925
2026-08-17,BRNL,BHARAT ROAD NETWORK LTD,17.6,17.68,17.28,17.45,17.42,8816
2026-08-17,BHARATSE,BHARAT SEATS LIMITED,247.9,247.9,237.0,238.44,248.05,230904
2026-08-17,BHARATWIRE,BHARAT WIRE ROPES LTD.,189.0,194.99,186.38,192.92,188.01,140174
2026-08-17,BHARTIARTL,BHARTI AIRTEL LIMITED,1984.2,1993.2,1969.3,1969.3,1992.1,5537411
2026-08-17,BHARTIHEXA,BHARTI HEXACOM LIMITED,1630.0,1647.2,1607.0,1641.0,1621.1,265562
2026-08-17,BIL,BHARTIYA INTERNATIONAL,835.0,859.45,832.0,854.9,837.4,19406
2026-08-17,BHEL,BHEL,424.0,435.95,421.8,435.95,421.7,15351093
2026-08-17,BIGBLOC,BIGBLOC CONSTRUCTION LTD,45.0,45.8,44.1,44.33,44.95,38125
2026-08-17,BIKAJI,BIKAJI FOODS INTERN LTD,614.0,616.2,611.3,613.65,613.3,42552
2026-08-17,BI,BILCARE LTD.,86.0,92.17,79.2,92.17,76.81,719068
2026-08-17,GROWW,BILLIONBRAINS GARAGE VN L,196.25,199.85,195.98,198.69,196.17,16754271
2026-08-17,BIMETAL,BIMETAL BEARINGS LTD.,628.0,637.9,619.95,620.0,628.6,1344
2026-08-17,BIOCON,BIOCON LIMITED.,416.0,416.65,408.65,412.0,417.0,3190219
2026-08-17,BIOFILCHEM,BIOFIL CHEM & PHARMA LTD,32.7,32.7,30.9,31.73,31.84,14866
2026-08-17,BIRLACORPN,BIRLA CORPORATION LTD,903.05,904.9,894.05,901.8,904.9,14062
2026-08-17,BIRLAPREC,BIRLA PRECISION TECH L,36.88,38.49,35.6,35.91,35.92,33507
2026-08-17,BIRLANU,BIRLANU LIMITED,1555.2,1573.3,1537.2,1551.8,1555.2,8799
2026-08-17,ABGSEC,BIRLASLAMC - ABGSEC,115.83,115.99,114.66,115.07,115.49,204
2026-08-17,ABSL10BANK,BIRLASLAMC - ABSL10BANK,168.7,170.2,168.29,169.69,169.44,2199
2026-08-17,ABSLBANETF,BIRLASLAMC - ABSLBANETF,59.1,59.4,58.75,59.27,59.1,50730
2026-08-17,ABSLLIQUID,BIRLASLAMC - ABSLLIQUID,1000.0,1000.01,999.99,1000.0,1000.0,5680
2026-08-17,ABSLMSCIN,BIRLASLAMC - ABSLMSCIN,29.99,29.99,29.23,29.89,29.98,51949
2026-08-17,ABSLNN50ET,BIRLASLAMC - ABSLNN50ET,78.48,79.28,78.12,78.38,78.48,10704
2026-08-17,BSLSENETFG,BIRLASLAMC - BSLSENETFG,77.35,78.92,76.58,78.38,78.14,6827
2026-08-17,HEALTHY,BIRLASLAMC - HEALTHY,17.03,17.18,16.9,16.99,17.03,172501
2026-08-17,MOMENTUM,BIRLASLAMC - MOMENTUM,31.65,31.77,31.31,31.57,31.65,95646
2026-08-17,NIFTYQLITY,BIRLASLAMC - NIFTYQLITY,22.0,22.0,21.78,21.86,21.9,103922
2026-08-17,SILVER,BIRLASLAMC - SILVER,235.4,235.4,233.0,233.39,231.05,597659
2026-08-17,TECH,BIRLASLAMC - TECH,34.3,34.68,33.5,33.75,34.29,31261
2026-08-17,ABSLPSE,BIRLASLAMC-ABSLPSE,10.3,10.3,10.15,10.28,10.21,254012
2026-08-17,BSOFT,BIRLASOFT LIMITED,312.0,312.95,305.7,310.8,312.05,614590
2026-08-17,BBOX,BLACK BOX LIMITED,798.2,801.0,765.0,774.1,795.85,335756
2026-08-17,BLACKBUCK,BLACKBUCK LIMITED,568.5,572.0,558.15,569.5,571.15,186220
2026-08-17,BLBLIMITED,BLB LIMITED,16.4,16.43,15.8,16.03,15.96,252726
2026-08-17,BLSE,BLS E-SERVICES LIMITED,316.4,316.4,308.15,310.8,314.25,256825
2026-08-17,BLS,BLS INTL SERVS LTD,280.0,282.7,270.6,272.56,278.12,2076768
2026-08-17,BLUECHIP,BLUE CHIP INDIA LIMITED,1.84,1.84,1.84,1.84,1.81,25200
2026-08-17,BLUECLOUDS,BLUE CLOUD SOFTECH SOLU L,23.7,24.5,21.55,21.83,22.58,1099296
2026-08-17,BLUEDART,BLUE DART EXPRESS LTD,5141.0,5148.5,5085.0,5125.0,5141.0,4543
2026-08-17,BLUEJET,BLUE JET HEALTHCARE LTD,587.15,596.75,582.4,593.2,584.5,340303
2026-08-17,BLUESTARCO,BLUE STAR LIMITED,1502.0,1517.7,1476.2,1508.1,1508.0,599656
2026-08-17,BLUESTONE,BLUESTONE JEWEL LFSTL LTD,852.9,860.0,829.05,834.65,845.25,1277490
2026-08-17,BLUSPRING,BLUSPRING ENTERPRISES LTD,111.07,111.07,108.2,109.0,111.07,208662
2026-08-17,BMWVENTLTD,BMW VENTURES LIMITED,57.29,58.19,57.11,57.62,57.29,41241
2026-08-17,BNAGROCHEM,BN AGROCHEM LTD.,233.05,240.0,232.75,232.75,244.95,11873
2026-08-17,BTML,BODHI TREE MULTIMEDIA LTD,8.89,9.15,8.72,8.95,8.82,1105513
2026-08-17,BOHRAIND,BOHRA INDUSTRIES LIMITED,14.84,14.84,13.99,14.01,14.84,4460
2026-08-17,BBTC,BOMBAY BURMAH TRADING COR,1460.0,1473.8,1453.2,1463.6,1468.2,42124
2026-08-17,BOMDYEING,BOMBAY DYEING & MFG. CO L,114.2,114.75,113.17,113.89,114.4,268309
2026-08-17,BSHSL,BOMBAY SUPER HYBRID SEEDS,87.0,91.0,87.0,88.65,88.95,5225
2026-08-17,BONLON,BONLON INDUSTRIES LIMITED,42.65,43.5,41.27,42.02,42.44,6644
2026-08-17,BORANA,BORANA WEAVES LIMITED,322.35,324.0,315.05,321.1,319.95,18200
2026-08-17,BOROLTD,BOROSIL LIMITED,235.0,249.99,229.25,244.81,238.55,244155
2026-08-17,BORORENEW,BOROSIL RENEWABLES LTD,573.0,574.0,568.0,569.9,577.05,221016
2026-08-17,BOROSCI,BOROSIL SCIENTIFIC LTD,133.92,136.24,131.01,132.69,133.92,34900
2026-08-17,BOSCH-HCIL,BOSCH HOME COMFRT IND LTD,1655.6,1724.9,1627.6,1700.4,1654.2,65998
2026-08-17,BOSCHLTD,BOSCH LIMITED,47105.0,47730.0,46870.0,46970.0,47100.0,29499
2026-08-17,BPL,BPL LTD,50.0,51.99,49.7,50.15,49.54,37014
2026-08-17,BRAHMINFRA,BRAHMAPUTRA INFRA L,181.7,181.7,165.0,170.77,172.0,6698
2026-08-17,FIRSTCRY,BRAINBEES SOLUTIONS LTD,205.0,209.55,205.0,208.41,206.09,673520
2026-08-17,BCONCEPTS,BRAND CONCEPTS LIMITED,157.25,162.87,153.61,157.11,159.02,18508
2026-08-17,BRIGADE,BRIGADE ENTER. LTD,590.35,600.75,576.0,593.7,591.55,527798
2026-08-17,BRIGHOTEL,BRIGADE HOTEL VENTURE LTD,60.4,61.5,60.0,61.07,59.66,193959
2026-08-17,BRIGHTBR,BRIGHT BROTHERS LTD.,240.7,240.7,210.0,231.6,240.7,2713
2026-08-17,BCG,BRIGHTCOM GROUP LIMITED,10.05,10.11,9.54,9.67,9.93,10976505
2026-08-17,BRITANNIA,BRITANNIA INDUSTRIES LTD,5546.0,5588.5,5495.5,5521.0,5558.0,189361
2026-08-17,BSE,BSE LIMITED,3390.0,3390.4,3282.9,3332.0,3447.0,7709125
2026-08-17,BSL,BSL LTD,124.0,124.49,121.7,123.72,122.45,3114
2026-08-17,BUTTERFLY,BTRFLY GANDHI APPL LTD,677.9,683.45,653.0,655.9,677.9,14265
2026-08-17,CGVAK,C G V A K SOFTWARE & EX L,160.0,160.0,127.0,152.0,148.45,534
2026-08-17,MAPMYINDIA,C.E. INFO SYSTEMS LIMITED,990.0,997.8,980.0,991.7,989.7,108303
2026-08-17,CMLL,CALIBER MINING AND LOG L,526.85,534.5,511.4,515.35,526.85,525520
2026-08-17,CALSOFT,CALIFORNIA SOFTWARE CO LT,25.0,25.83,23.55,25.83,24.6,898888
2026-08-17,CTE,CAMBRIDGE TECH ENTER LTD,40.77,40.77,40.77,40.77,38.83,11642
2026-08-17,CAMLINFINE,CAMLIN FINE SCIENCES LTD,104.0,119.0,103.7,114.11,103.76,14277375
2026-08-17,CAMPUS,CAMPUS ACTIVEWEAR LIMITED,218.0,219.8,216.6,217.92,218.4,454677
2026-08-17,CANFINHOME,CAN FIN HOMES LTD,824.95,824.95,807.0,814.35,820.8,146934
2026-08-17,CANBK,CANARA BANK,131.01,132.02,129.1,131.1,131.25,11137827
2026-08-17,CANHLIFE,CANARA HSBC LIFE INS CO L,147.57,149.99,146.02,148.9,148.71,197635
2026-08-17,CRAMC,CANARA ROBECO AMC LIMITED,255.05,256.45,251.2,253.95,256.2,359637
2026-08-17,CANTABIL,CANTABIL RETAIL LTD,237.35,241.55,233.67,236.3,237.78,135150
2026-08-17,CAPACITE,CAPACITE INFRAPROJECT LTD,214.53,214.53,211.2,211.89,214.53,128291
2026-08-17,CAPILLARY,CAPILLARY TECHNO INDIA L,540.0,543.15,522.0,525.55,538.05,140205
2026-08-17,CIFL,CAPITAL INDIA FINANCE LTD,21.23,21.27,20.8,20.94,21.17,24178
2026-08-17,CAPITALSFB,CAPITAL SMALL FIN BANK L,286.0,287.4,280.05,281.55,285.7,13682
2026-08-17,CAPLIPOINT,CAPLIN POINT LAB LTD.,2482.9,2530.1,2441.4,2522.0,2480.5,99795
2026-08-17,CGCL,CAPRI GLOBAL CAPITAL LTD,226.5,228.5,222.22,226.24,226.52,2365833
2026-08-17,CPL,CAPTAIN POLYPLAST LIMITED,68.21,69.63,68.01,68.46,68.36,117404
2026-08-17,CARBORUNIV,CARBORUNDUM UNIVERSAL LTD,1154.7,1154.7,1116.8,1122.7,1151.6,140768
2026-08-17,CARERATING,CARE RATINGS LIMITED,1721.0,1752.0,1687.5,1707.0,1717.4,88077
2026-08-17,CPEDU,CAREER POINT EDUTECH LTD,205.0,209.5,201.52,208.11,204.84,6651
2026-08-17,CARRARO,CARRARO INDIA LIMITED,514.65,517.5,507.0,513.45,514.65,63980
2026-08-17,CARTRADE,CARTRADE TECH LIMITED,2792.0,2802.5,2772.4,2796.9,2797.8,92340
2026-08-17,CARYSIL,CARYSIL LIMITED,1185.0,1185.0,1135.5,1155.8,1179.8,116480
2026-08-17,CASTROLIND,CASTROL INDIA LIMITED,186.95,187.82,186.48,187.55,186.82,1353498
2026-08-17,CCL,CCL PRODUCTS (I) LTD,1144.4,1144.4,1127.0,1130.4,1133.4,79020
2026-08-17,CEATLTD,CEAT LIMITED,3700.0,3704.7,3600.0,3608.5,3688.8,63148
2026-08-17,CEIGALL,CEIGALL INDIA LIMITED,320.0,321.2,314.0,315.95,318.4,167566
2026-08-17,CEINSYS,CEINSYS TECH LIMITED,840.0,840.05,771.25,782.65,817.7,79379
2026-08-17,CELEBRITY,CELEBRITY FASHIONS LTD,6.77,7.0,6.37,6.8,6.77,44768
2026-08-17,CELLO,CELLO WORLD LIMITED,379.5,379.5,368.85,369.6,377.6,392437
2026-08-17,CEMPRO,CEMINDIA PROJECTS LIMITED,1325.0,1363.7,1311.0,1321.8,1298.8,1001076
2026-08-17,CENTRALBK,CENTRAL BANK OF INDIA,31.4,31.43,31.13,31.27,31.4,4455650
2026-08-17,CDSL,CENTRAL DEPO SER (I) LTD,1344.0,1359.8,1323.3,1356.8,1344.4,1012698
2026-08-17,CMPDI,CENTRAL MINE P N D INST L,237.2,241.06,230.61,235.18,237.25,1439656
2026-08-17,CENTRUM,CENTRUM CAPITAL LIMITED,25.97,25.97,23.88,24.3,25.77,611716
2026-08-17,CENTUM,CENTUM ELECTRONICS LTD,3468.9,3544.8,3342.6,3362.6,3538.5,187350
2026-08-17,CENTENKA,CENTURY ENKA LTD,569.95,576.0,562.7,572.6,569.15,66459
2026-08-17,CENTEXT,CENTURY EXTRUSIONS LTD,22.0,22.26,21.1,21.93,21.29,1011803
2026-08-17,CENTURYPLY,CENTURY PLYBOARDS (I) LTD,761.95,761.95,748.0,750.7,756.55,35006
2026-08-17,CERA,CERA SANITARYWARE LTD,5872.0,5872.0,5760.0,5787.0,5872.0,5690
2026-08-17,CESC,CESC LTD,168.99,170.6,168.3,170.22,167.83,2197565
2026-08-17,CGPOWER,CG POWER AND IND SOL LTD,893.2,899.4,887.0,898.8,890.15,2066513
2026-08-17,CHALET,CHALET HOTELS LIMITED,825.05,848.0,817.4,844.7,825.1,91599
2026-08-17,CLSEL,CHAMAN LAL SETIA EXP LTD,278.25,282.35,275.95,281.6,278.45,22196
2026-08-17,CHAMBLFERT,CHAMBAL FERTILIZERS LTD,446.95,446.95,437.0,439.05,442.7,369715
2026-08-17,CHEMBOND,CHEMBOND MATERIALTECH LTD,175.4,187.0,167.52,172.41,178.85,3241
2026-08-17,CHEMCRUX,CHEMCRUX ENTERPRISES LTD.,86.87,88.5,85.55,86.63,86.87,1150
2026-08-17,CHEMFAB,CHEMFAB ALKALIS LIMITED,379.9,381.9,360.05,366.95,375.8,4468
2026-08-17,CHEMPLASTS,CHEMPLAST SANMAR LIMITED,185.0,185.58,180.92,181.73,184.1,93454
2026-08-17,CHENNPETRO,CHENNAI PETROLEUM CORP LT,1332.1,1397.3,1309.1,1382.4,1321.9,2149658
2026-08-17,CHEVIOT,CHEVIOT COMPANY LIMITED,1163.6,1167.0,1151.0,1161.5,1159.0,1287
2026-08-17,CHOICEIN,CHOICE INTERNATIONAL LTD,804.95,808.8,800.95,803.8,804.35,231474
2026-08-17,CHOICEGOLD,CHOICEAMC - CHOICEGOLD,150.04,152.98,150.04,152.08,150.04,4292
2026-08-17,CHOLAHLDNG,CHOLAMANDALAM FIN HOL LTD,1610.0,1610.0,1540.7,1576.4,1597.2,141204
2026-08-17,CHOLAFIN,CHOLAMANDALAM IN & FIN CO,1888.0,1895.0,1870.1,1884.7,1894.4,790573
2026-08-17,CIEINDIA,CIE AUTOMOTIVE INDIA LTD,408.2,412.4,405.8,411.3,407.75,170049
2026-08-17,CINELINE,CINELINE INDIA LIMITED,89.79,89.99,88.03,88.49,89.79,13654
2026-08-17,CINEVISTA,CINEVISTA LIMITED,14.76,15.38,14.76,14.8,14.72,13348
2026-08-17,CIPLA,CIPLA LTD,1445.4,1449.0,1423.7,1431.5,1450.0,756514
2026-08-17,CUB,CITY UNION BANK LTD,208.0,216.4,204.81,215.2,208.64,3296615
2026-08-17,CLEANMAX,CLEAN MAX ENVIRO EN SOL L,1248.6,1257.2,1231.1,1239.9,1248.5,35718
2026-08-17,CLEAN,CLEAN SCIENCE & TECH LTD,829.4,844.4,821.55,840.0,821.5,445913
2026-08-17,CMRGREEN,CMR GREEN TECHNOLOGIES L,213.99,220.01,212.8,214.92,213.57,784859
2026-08-17,CMSINFO,CMS INFO SYSTEMS LIMITED,263.55,264.85,252.3,254.35,263.45,1223705
2026-08-17,COALINDIA,COAL INDIA LTD,407.1,408.45,405.3,408.45,407.1,4866733
2026-08-17,COASTCORP,COASTAL CORPORATION LTD,43.5,43.5,41.22,41.75,41.82,79597
2026-08-17,COCHINSHIP,COCHIN SHIPYARD LIMITED,1450.0,1494.7,1435.0,1457.8,1496.5,1954085
2026-08-17,COFORGE,COFORGE LIMITED,1811.5,1821.0,1799.6,1806.0,1812.0,1054940
2026-08-17,COHANCE,COHANCE LIFESCIENCES LTD,439.1,459.8,437.8,444.75,440.65,1708901
2026-08-17,COLPAL,COLGATE PALMOLIVE LTD.,1981.0,1981.0,1962.0,1964.0,1981.0,126002
2026-08-17,COMFINTE,COMFORT INTECH LTD.,6.54,6.75,6.5,6.53,6.63,232484
2026-08-17,COMSYN,COMMERCIAL SYN BAGS LTD,292.4,298.0,275.37,281.69,288.33,443529
2026-08-17,COMPEAU,COMPETENT AUTOMOB CO. L,314.3,414.0,314.3,351.1,353.0,574
2026-08-17,COMPUSOFT,COMPUCOM SOFTWARE LTD,13.15,13.35,13.09,13.29,13.09,13798
2026-08-17,CAMS,COMPUTER AGE MNGT SER LTD,762.2,776.25,755.55,776.25,762.25,1314547
2026-08-17,CONCORDBIO,CONCORD BIOTECH LIMITED,1451.4,1535.9,1437.2,1515.0,1451.3,599262
2026-08-17,CEWATER,CONCORD ENVIRO SYSTEMS L,264.65,282.35,261.3,275.0,264.65,402832
2026-08-17,CFEL,CONFIDENCE FUTURIST ENE L,31.9,31.9,30.0,30.16,31.5,3614
2026-08-17,CONFIPET,CONFIDENCE PETRO IND LTD.,72.39,73.39,71.41,72.55,71.99,1010011
2026-08-17,CCCL,CONS. CONST. CONSORT LTD,16.1,16.1,15.52,15.59,16.0,95485
2026-08-17,CONCOR,CONTAINER CORP OF IND LTD,530.0,530.0,518.3,524.5,527.0,583809
2026-08-17,CONTROLPR,CONTROL PRINT LIMITED,579.85,581.95,565.6,569.7,584.65,17752
2026-08-17,CORALFINAC,CORAL INDIA FIN & HOUS LT,32.9,35.1,32.5,34.28,33.06,355653
2026-08-17,COROMANDEL,COROMANDEL INTERNTL. LTD,2090.0,2112.5,2082.8,2097.9,2095.3,105597
2026-08-17,CORONA,CORONA REMEDIES LIMITED,2147.7,2147.7,2108.0,2113.1,2137.1,9654
2026-08-17,COSMOFIRST,COSMO FIRST LIMITED,952.0,971.35,936.0,964.85,938.35,208360
2026-08-17,CCHHL,COUNTRY CLUB HOSP HOL LTD,12.11,13.09,12.11,12.55,12.23,12110
2026-08-17,CPCAP,CP CAPITAL LIMITED,126.1,132.54,125.9,130.32,126.57,34923
2026-08-17,CPSEETF,CPSE ETF,93.85,94.39,93.51,93.76,93.85,1296788
2026-08-17,CRAFTSMAN,CRAFTSMAN AUTOMATION LTD,10251.0,10625.0,10251.0,10480.0,10251.0,51661
2026-08-17,CRAVATEX,CRAVATEX LTD.,340.0,350.0,340.0,350.0,348.0,76
2026-08-17,CREATIVEYE,CREATIVE EYE LIMITED,6.0,6.78,6.0,6.21,6.2,5903
2026-08-17,CNL,CREATIVE NEWTECH LIMITED,1257.0,1260.0,1230.25,1252.1,1243.0,36782
2026-08-17,CREDITACC,CREDITACCESS GRAMEEN LTD,1560.0,1560.0,1526.4,1538.6,1549.4,51681
2026-08-17,MUFTI,CREDO BRANDS MARKETING L,79.1,79.1,76.0,77.21,78.2,182561
2026-08-17,CRSL,CRESSANDA RAILWAY SOLUT L,2.14,2.18,1.72,2.11,2.14,298436
2026-08-17,CREST,CREST VENTURES LIMITED,351.2,357.7,351.2,355.3,360.8,1535
2026-08-17,CRISIL,CRISIL LTD,4475.9,4500.0,4420.0,4488.3,4475.9,24863
2026-08-17,CRIZAC,CRIZAC LIMITED,180.95,180.95,175.3,176.19,179.32,168792
2026-08-17,CROMPTON,CROMPT GREA CON ELEC LTD,248.05,249.4,245.1,246.5,248.3,848001
2026-08-17,CROWN,CROWN LIFTERS LIMITED,106.75,109.47,105.3,107.04,107.94,5505
2026-08-17,CSBBANK,CSB BANK LIMITED,320.55,320.95,318.05,319.95,319.8,159757
2026-08-17,CSLFINANCE,CSL FINANCE LIMITED,220.01,222.94,217.0,219.55,219.0,46685
2026-08-17,CSM,CSM TECHNOLOGIES LIMITED,98.71,101.09,96.0,100.37,100.71,144197
2026-08-17,CUBEXTUB,CUBEX TUBINGS LTD,86.24,86.24,82.02,83.22,82.6,61957
2026-08-17,CUMMINSIND,CUMMINS INDIA LTD,5359.5,5475.0,5338.5,5450.0,5400.0,481671
2026-08-17,CUPID,CUPID LIMITED,294.51,295.35,235.11,267.32,293.88,59146915
2026-08-17,CURAA,CURA TECHNOLOGIES LIMITED,72.05,73.0,71.0,71.0,71.35,203
2026-08-17,CYBERMEDIA,CYBER MEDIA (INDIA) LTD.,17.05,17.05,16.55,16.62,16.49,14322
2026-08-17,CYIENTDLM,CYIENT DLM LIMITED,693.05,743.0,692.0,737.45,696.65,593434
2026-08-17,CYIENT,CYIENT LIMITED,865.0,870.0,847.0,868.0,867.05,237665
2026-08-17,DLINKINDIA,D-LINK INDIA LTD,422.4,422.45,413.45,418.7,420.45,86889
2026-08-17,DPABHUSHAN,D. P. ABHUSHAN LIMITED,1449.9,1449.9,1392.4,1403.8,1429.3,18418
2026-08-17,DBCORP,D.B.CORP LTD,210.61,213.3,210.61,212.13,211.48,32905
2026-08-17,DABUR,DABUR INDIA LTD,405.65,408.0,402.45,406.8,405.25,1337661
2026-08-17,DAICHI,DAI-ICHI KARKARIA LTD.,337.95,340.0,321.0,329.9,336.25,14613
2026-08-17,DALBHARAT,DALMIA BHARAT LIMITED,1856.4,1856.6,1832.1,1844.0,1842.0,139548
2026-08-17,DALMIASUG,DALMIA BHARAT SUG IN LTD,426.0,464.4,426.0,459.6,422.4,1569227
2026-08-17,DAMCAPITAL,DAM CAPITAL ADVISORS LTD,145.3,148.0,142.79,146.39,145.32,247506
2026-08-17,DANGEE,DANGEE DUMS LIMITED,3.05,3.05,2.91,2.94,2.95,22639
2026-08-17,DATAPATTNS,DATA PATTERNS INDIA LTD,4469.0,4560.0,4460.6,4528.7,4455.8,382048
2026-08-17,DATAMATICS,DATAMATICS GLOBAL SER LTD,870.0,873.2,850.1,852.35,866.25,57515
2026-08-17,DAVANGERE,DAVANGERE SUGAR COMPANY L,3.03,3.22,2.99,3.2,3.01,6237912
2026-08-17,DCI,DC INFOTECH AND COMUN LTD,360.0,396.55,339.55,382.35,365.1,108521
2026-08-17,DCBBANK,DCB BANK LIMITED,182.05,184.39,180.99,184.09,182.04,549685
2026-08-17,DCMFINSERV,DCM FINANCIAL SERVICES LT,5.31,5.83,5.31,5.55,5.31,8717
2026-08-17,DCMNVL,DCM NOUVELLE LIMITED,181.0,181.0,171.15,173.83,179.27,15555
2026-08-17,DCMSRIND,DCM SHRIRAM IND LTD,42.78,47.0,42.47,45.73,42.24,744844
2026-08-17,DCMSIL,DCM SHRIRAM INTERNATNL L,81.85,82.0,74.13,74.26,82.36,202685
2026-08-17,DCMSHRIRAM,DCM SHRIRAM LIMITED,1024.7,1025.2,1015.0,1018.4,1024.7,101993
2026-08-17,DCW,DCW LTD,44.11,44.76,43.91,44.26,44.05,672625
2026-08-17,DCXINDIA,DCX SYSTEMS LIMITED,176.19,177.98,172.77,173.32,176.19,291573
2026-08-17,DDEVPLSTIK,DDEV PLASTIKS IND LTD,277.0,285.0,268.0,269.3,276.95,180357
2026-08-17,DENORA,DE NORA INDIA LIMITED,842.45,846.0,828.7,830.55,839.8,2043
2026-08-17,DECCANCE,DECCAN CEMENTS LIMITED,547.9,556.0,543.15,544.0,545.35,5951
2026-08-17,DECNGOLD,DECCAN GOLD MINES LTD.,225.6,243.8,220.66,239.9,225.46,3781447
2026-08-17,DEEDEV,DEE DEVELOPMENT ENG LTD,631.0,663.5,625.2,650.55,631.95,412779
2026-08-17,DEEPINDS,DEEP INDUSTRIES LIMITED,672.05,688.25,664.0,680.7,668.7,280305
2026-08-17,DEEP,DEEP POLYMERS LTD.,35.44,36.05,35.44,36.01,35.44,42923
2026-08-17,DEEPAKFERT,DEEPAK FERTILIZERS & PETR,1502.0,1528.5,1489.0,1502.7,1496.4,231896
2026-08-17,DEEPAKNTR,DEEPAK NITRITE LTD,1728.6,1787.5,1723.3,1780.5,1723.2,476775
2026-08-17,DELHIVERY,DELHIVERY LIMITED,458.7,459.55,453.2,456.0,459.7,1432534
2026-08-17,DELTACORP,DELTA CORP LIMITED,60.55,60.88,60.0,60.18,60.54,513280
2026-08-17,DELTAMAGNT,DELTA MANUFACTURING LTD,58.5,59.79,56.27,59.08,58.5,2685
2026-08-17,DEN,DEN NETWORKS LTD,27.7,28.2,27.35,27.78,27.51,294157
2026-08-17,DENTA,DENTA WATER N INFRA SOL L,296.85,298.8,281.8,287.05,295.75,279850
2026-08-17,DEVX,DEV ACCELERATOR LIMITED,33.44,34.4,32.75,32.88,32.85,44178
2026-08-17,DEVIT,DEV INFO TECHNOLOGY LTD,25.9,27.0,25.8,26.02,26.09,15664
2026-08-17,DEVYANI,DEVYANI INTERNATIONAL LTD,144.0,145.0,141.62,143.65,143.76,3104617
2026-08-17,DHABRIYA,DHABRIYA POLYWOOD LTD.,554.8,554.8,485.0,504.35,502.3,15994
2026-08-17,DBOL,DHAMPUR BIO ORGANICS LTD,120.0,124.5,118.8,121.08,119.8,417023
2026-08-17,DHAMPURSUG,DHAMPUR SUGAR MILLS LTD.,161.74,175.12,161.65,170.87,160.93,1381925
2026-08-17,DHANBANK,DHANLAXMI BANK LIMITED,32.11,32.84,31.86,32.39,32.34,964434
2026-08-17,DHANUKA,DHANUKA AGRITECH LTD,1001.2,1011.9,995.0,997.0,1009.7,15766
2026-08-17,DHARMAJ,DHARMAJ CROP GUARD LTD,270.15,271.5,266.4,269.25,270.15,21305
2026-08-17,DHATRE,DHATRE UDYOG LTD.,3.67,4.39,3.67,4.26,3.66,95719
2026-08-17,DHOOTTRANS,DHOOT TRANSMISSION LTD,1200.0,1205.0,1131.0,1187.05,871.0,30420204
2026-08-17,DHRUV,DHRUV CONSULTANCY SER LTD,23.1,25.16,23.1,25.14,23.97,15017
2026-08-17,DHUNINV,DHUNSERI INVESTMENTS LTD,1063.5,1072.0,992.05,1014.65,1063.5,2914
2026-08-17,DTIL,DHUNSERI TEA & IND. LTD.,137.89,137.89,132.41,133.13,135.52,2445
2026-08-17,DVL,DHUNSERI VENTURES LIMITED,271.0,277.96,262.41,265.92,266.99,17552
2026-08-17,DIAMINESQ,DIAMINES & CHEMICALS LTD,247.0,247.0,229.5,235.85,242.06,13096
2026-08-17,DICIND,DIC INDIA LIMITED,569.0,630.95,564.1,591.95,569.25,59253
2026-08-17,DIFFNKG,DIFFUSION ENGINEERS LTD,393.0,405.4,387.55,398.4,391.95,104646
2026-08-17,DGCONTENT,DIGICONTENT LIMITED,24.61,25.5,24.11,24.33,24.57,14001
2026-08-17,DIGIDRIVE,DIGIDRIVE DISTRIBUTORS L,17.07,18.0,17.05,17.52,17.3,22871
2026-08-17,DIGISPICE,DIGISPICE TECHNOLOGIES LT,17.0,17.3,16.5,16.62,17.06,102239
2026-08-17,DIGITIDE,DIGITIDE SOLUTIONS LTD,99.7,99.7,95.99,96.49,100.09,385489
2026-08-17,DIGJAMLMTD,DIGJAM LTD,54.99,54.99,49.14,50.52,50.38,6685
2026-08-17,DNAMEDIA,DILIGENT MEDIA CORP LTD.,2.83,2.83,2.28,2.69,2.62,91644
2026-08-17,DBL,DILIP BUILDCON LIMITED,412.35,425.0,410.0,419.6,412.35,165982
2026-08-17,DISAQ,DISA INDIA LTD.,11669.0,11799.0,11611.0,11641.0,11661.0,305
2026-08-17,DISHTV,DISH TV INDIA LTD.,2.85,2.85,2.79,2.81,2.82,483284
2026-08-17,DCAL,DISHMAN CARBO AMCIS LTD,176.6,178.4,168.42,175.83,190.66,2570009
2026-08-17,DIVGIITTS,DIVGI TORQTRANSFER SYST L,1315.0,1315.0,1262.0,1284.45,1301.05,352331
2026-08-17,DIVISLAB,DIVI S LABORATORIES LTD,8532.0,8550.0,8463.5,8481.5,8477.0,252029
2026-08-17,DIXON,DIXON TECHNO (INDIA) LTD,14190.0,14287.0,14025.0,14025.0,14130.0,183631
2026-08-17,DJML,DJ MEDIAPRINT & LOG LTD,114.0,114.0,104.25,107.44,106.78,231759
2026-08-17,DLF,DLF LIMITED,666.7,674.9,659.5,671.0,665.0,3046267
2026-08-17,DMCC,DMCC SPECIALITY CHEMICALS,297.5,301.7,290.1,293.65,294.15,51902
2026-08-17,DODLA,DODLA DAIRY LIMITED,1117.1,1118.9,1085.5,1099.5,1109.4,27786
2026-08-17,DOLATALGO,DOLAT ALGOTECH LIMITED,69.39,73.5,69.36,71.18,69.4,273503
2026-08-17,DOLLAR,DOLLAR INDUSTRIES LIMITED,272.2,272.45,265.3,268.35,273.5,113675
2026-08-17,DOLPHIN,DOLPHIN OFF ENT (IND) L,515.0,585.6,500.0,576.85,508.1,274715
2026-08-17,DOMS,DOMS INDUSTRIES LIMITED,2219.1,2224.1,2203.0,2218.1,2215.9,25863
2026-08-17,DONEAR,DONEAR IND. LIMITED,87.45,89.4,87.28,87.64,87.28,35833
2026-08-17,AGARWALEYE,DR AGARWALS HEALTH CARE L,508.5,508.5,496.6,501.6,506.5,411185
2026-08-17,DRAGARWQ,DR. AGARWAL'S EYE HOSP L,5403.0,5421.0,5225.0,5294.0,5403.0,1211
2026-08-17,LALPATHLAB,DR. LAL PATH LABS LTD.,1931.0,1931.0,1870.1,1877.3,1916.3,134988
2026-08-17,DRREDDY,DR. REDDY S LABORATORIES,1204.4,1204.4,1178.2,1192.0,1200.0,2183094
2026-08-17,DRCSYSTEMS,DRC SYSTEMS INDIA LIMITED,12.89,13.15,12.61,13.07,12.79,33295
2026-08-17,DREAMFOLKS,DREAMFOLKS SERVICES LTD,66.72,67.25,65.2,65.85,66.71,46901
2026-08-17,DREDGECORP,DREDGING CORP OF INDIA,1166.4,1181.4,1152.0,1160.5,1166.4,128461
2026-08-17,KEEPLEARN,DSJ KEEP LEARNING LTD,2.08,2.08,1.85,1.92,1.83,149955
2026-08-17,LIQUIDETF,DSP LIQUID ETF,999.99,1000.01,999.99,1000.0,999.99,3052381
2026-08-17,BANK10ADD,DSPAMC - BANK10ADD,16.95,17.04,16.84,16.99,16.95,90190
2026-08-17,BANKADD,DSPAMC - DSPBANK,58.8,59.34,58.6,59.26,59.09,17367
2026-08-17,GOLDADD,DSPAMC - DSPGOLD,147.0,148.99,147.0,148.65,147.07,419036
2026-08-17,ITADD,DSPAMC - DSPIT,33.22,33.22,32.69,32.77,33.3,85721
2026-08-17,EQUAL50ADD,DSPAMC - DSPNEWETF,340.48,349.81,340.48,347.99,349.22,13492
2026-08-17,NIFTYADD,DSPAMC - DSPNIFTY,255.75,257.17,255.58,256.83,257.3,5558
2026-08-17,PSUBANKADD,DSPAMC - DSPPSBKETF,87.77,88.42,87.1,88.37,88.22,20217
2026-08-17,PVTBANKADD,DSPAMC - DSPPVBKETF,27.79,27.99,27.57,27.84,27.79,3777808
2026-08-17,MIDQ50ADD,DSPAMC - DSPQ50ETF,25.8,25.8,25.5,25.65,25.68,10343
2026-08-17,SENSEXADD,DSPAMC - DSPSENXETF,80.12,80.43,79.85,80.32,80.32,1726
2026-08-17,SILVERADD,DSPAMC - DSPSILVETF,225.82,226.66,225.08,225.65,223.12,129781
2026-08-17,FLEXIADD,DSPAMC - FLEXIADD,10.54,10.54,10.25,10.3,10.33,96583
2026-08-17,FMCGADD,DSPAMC - FMCGADD,48.89,48.91,48.36,48.57,48.89,13691
2026-08-17,HEALTHADD,DSPAMC - HEALTHADD,17.01,17.01,16.61,16.65,16.68,15966
2026-08-17,LIQUIDADD,DSPAMC - LIQUIDADD,1140.64,1140.65,1140.62,1140.64,1140.49,707954
2026-08-17,MIDBANKADD,DSPAMC - MIDBANKADD,17.3,17.36,17.27,17.34,17.39,52878
2026-08-17,MIDCAPADD,DSPAMC - MIDCAPADD,23.53,23.58,23.44,23.55,23.53,944
2026-08-17,MSCIADD,DSPAMC - MSCIADD,29.86,30.04,29.83,30.03,29.99,4118
2026-08-17,NEXT30ADD,DSPAMC - NEXT30ADD,44.66,44.66,43.5,43.75,43.78,3073
2026-08-17,NEXT50ADD,DSPAMC - NEXT50ADD,74.84,75.17,74.75,75.17,75.1,3963
2026-08-17,SMALLADD,DSPAMC - SMALLADD,18.42,18.51,18.3,18.44,18.44,18867
2026-08-17,TOP10ADD,DSPAMC - TOP10ADD,89.04,89.04,87.86,88.37,88.85,65560
2026-08-17,DUCON,DUCON INFRATECHNOLOGIES L,3.23,3.33,3.14,3.24,3.09,584560
2026-08-17,DWARKESH,DWARIKESH SUGAR IND LTD,43.0,45.2,43.0,44.94,42.95,2817219
2026-08-17,DSSL,DYNACONS SYS & SOLN LTD,1156.1,1182.2,1140.0,1158.1,1196.4,58682
2026-08-17,DYNAMATECH,DYNAMATIC TECHNOLOGIES,11145.0,11388.0,10996.0,11123.0,11188.0,16143
2026-08-17,DYCL,DYNAMIC CABLES LIMITED,453.9,469.6,446.0,465.35,450.2,713278
2026-08-17,DYNPRO,DYNEMIC PRODUCTS LIMITED,232.75,232.75,226.2,232.05,231.85,8225
2026-08-17,EASTWEST,EAST WEST FREIGHT CARRI L,2.41,2.52,2.32,2.45,2.46,11344
2026-08-17,EASEMYTRIP,EASY TRIP PLANNERS LTD,6.44,6.45,6.03,6.13,6.4,47959940
2026-08-17,EBIX,EBIX LIMITED,17.4,17.4,16.14,16.25,16.98,32196
2026-08-17,ECLERX,ECLERX SERVICES LTD,1891.6,1891.6,1829.5,1848.9,1897.0,172306
2026-08-17,ECORECO,ECO RECYCLING LTD.,494.9,494.9,460.0,479.0,491.3,4310
2026-08-17,BBETF0432,EDELAMC - BBETF0432,1355.96,1360.0,1350.0,1358.46,1355.15,951
2026-08-17,EBANK10,EDELAMC - EBANK10,16.76,16.83,16.74,16.74,16.86,2527
2026-08-17,EBANKNIFTY,EDELAMC - EBANKNIFTY,57.84,58.31,57.7,58.11,58.22,1604
2026-08-17,EBBETF0430,EDELAMC - EBBETF0430,1646.18,1646.18,1610.86,1611.52,1613.9,12201
2026-08-17,EBBETF0431,EDELAMC - EBBETF0431,1442.32,1448.39,1438.0,1443.19,1442.32,3879
2026-08-17,EBBETF0433,EDELAMC - EBBETF0433,1317.5,1320.95,1312.23,1316.39,1316.79,2889
2026-08-17,ECAPINSURE,EDELAMC - ECAPINSURE,23.54,23.99,23.53,23.89,23.76,71159
2026-08-17,EGOLD,EDELAMC - EGOLD,151.55,153.2,151.55,152.85,151.2,104963
2026-08-17,ELIQUID,EDELAMC - ELIQUID,1043.96,1043.96,1043.94,1043.95,1043.82,2763
2026-08-17,ELM250,EDELAMC - ELM250,16.95,17.35,16.77,17.16,16.91,196580
2026-08-17,ELMDIV,EDELAMC - ELMDIV,36.84,37.76,36.8,36.88,36.87,14261
2026-08-17,EMETAL,EDELAMC - EMETAL,12.97,13.19,12.9,13.15,12.96,17157
2026-08-17,EMULTIMQ,EDELAMC - EMULTIMQ,43.14,43.14,41.9,42.24,42.29,11059
2026-08-17,ENEXT50,EDELAMC - ENEXT50,75.0,75.0,74.12,74.37,73.92,675
2026-08-17,ENIFTY,EDELAMC - ENIFTY,24.98,24.98,24.44,24.58,24.63,2346
2026-08-17,ESENSEX,EDELAMC - ESENSEX,78.42,78.66,78.22,78.66,78.75,4404
2026-08-17,ESILVER,EDELAMC - ESILVER,232.98,234.78,232.7,233.54,231.22,403191
2026-08-17,EDELWEISS,EDELWEISS FIN SERV LTD,122.02,123.44,120.05,122.67,121.98,3043957
2026-08-17,EFCIL,EFC (I) LIMITED,180.0,180.0,173.3,174.1,179.92,339883
2026-08-17,EICHERMOT,EICHER MOTORS LTD,8058.0,8165.0,8050.0,8050.0,8066.5,397488
2026-08-17,EIDPARRY,EID PARRY INDIA LTD,775.45,794.05,774.25,792.05,775.2,329825
2026-08-17,EIHAHOTELS,EIH ASSOCIATED HOTELS LTD,299.25,300.0,290.0,292.2,299.25,18210
2026-08-17,EIHOTEL,EIH LIMITED,301.0,301.05,295.0,296.0,300.35,184080
2026-08-17,EIMCOELECO,EIMCO ELECON (INDIA) LTD,2025.0,2214.5,2025.0,2189.1,2005.5,227225
2026-08-17,EKI,EKI ENERGY SERVICES LTD,81.0,82.0,74.6,80.84,81.35,1389
2026-08-17,ELANTAS,ELANTAS BECK INDIA LTD.,11830.0,11999.0,11425.0,11705.5,11807.5,2151
2026-08-17,ELCIDIN,ELCID INVESTMENTS LTD.,110400.0,112500.0,109550.0,110895.0,110390.0,19
2026-08-17,ELDEHSG,ELDECO HSG & IND LTD.,759.3,775.0,751.05,765.35,759.3,989
2026-08-17,ELECON,ELECON ENG. CO. LTD,428.0,439.15,427.35,438.25,432.35,238681
2026-08-17,EMIL,ELECTRONICS MART IND LTD,189.44,193.99,187.5,192.42,189.44,3235362
2026-08-17,ELECTCAST,ELECTROSTEEL CASTINGS LTD,70.35,72.25,70.35,71.95,70.74,827202
2026-08-17,ELECTHERM,ELECTROTHERM (I) LTD.,990.0,1005.2,970.0,974.8,1003.5,15360
2026-08-17,ELGIEQUIP,ELGI EQUIPMENTS LTD,614.0,626.55,603.2,624.2,609.5,1399590
2026-08-17,ELGIRUBCO,ELGI RUBBER CO. LTD,58.9,59.98,58.34,59.11,58.33,30528
2026-08-17,ELIN,ELIN ELECTRONICS LIMITED,102.45,103.1,99.52,102.28,101.55,231476
2026-08-17,ELITECON,ELITECON INTERNATIONAL L,17.44,17.98,16.61,16.73,17.17,3291805
2026-08-17,ELLEN,ELLENBARRIE INDUS GASES L,336.35,337.05,327.0,328.3,332.6,358932
2026-08-17,ELPROINTL,ELPRO INTERNATIONAL LTD,180.0,180.0,175.0,175.32,174.85,25915
2026-08-17,EMAMILTD,EMAMI LIMITED,403.0,407.0,401.05,404.5,403.3,400991
2026-08-17,EMAMIREAL,EMAMI REALTY LIMITED,76.29,76.5,74.88,74.89,75.27,4021
2026-08-17,EMBDL,EMBASSY DEVELOPMENTS LTD,61.8,63.69,60.86,63.11,61.62,1776804
2026-08-17,EMCURE,EMCURE PHARMACEUTICALS L,1920.0,1936.9,1869.0,1873.9,1932.3,220968
2026-08-17,EMKAY,EMKAY GLOBAL FIN SERV LTD,237.0,239.58,230.42,235.29,237.11,17636
2026-08-17,EMMVEE,EMMVEE PHOTOVOLTAIC PWR L,320.95,326.65,319.0,320.75,321.5,1588227
2026-08-17,EMPIND,EMPIRE INDUSTRIES LTD.,1065.6,1103.5,1065.6,1102.5,1084.0,226
2026-08-17,EMPOWER,EMPOWER INDIA LTD.,2.05,2.17,2.02,2.16,2.09,5237609
2026-08-17,EMSLIMITED,EMS LIMITED,362.75,377.5,358.05,369.1,362.7,472156
2026-08-17,EMUDHRA,EMUDHRA LIMITED,518.8,523.7,511.0,518.75,518.8,66523
2026-08-17,ENDURANCE,ENDURANCE TECHNO. LTD.,2900.4,3040.0,2897.5,2978.2,2899.0,292019
2026-08-17,ENERGYDEV,ENERGY DEVE. CO.LTD,16.94,17.1,16.31,16.51,16.85,24679
2026-08-17,ENGINERSIN,ENGINEERS INDIA LTD,244.0,245.01,239.04,240.18,243.68,1268614
2026-08-17,ENKEIWHEL,ENKEI WHEELS (INDIA) LTD.,393.45,410.0,380.0,400.85,395.4,1268
2026-08-17,ENTERO,ENTERO HEALTHCARE SOLU L,1448.0,1448.0,1393.8,1401.6,1416.6,59543
2026-08-17,ENIL,ENTERTAIN NET. IND. LTD.,103.0,103.0,100.8,101.02,101.01,31463
2026-08-17,EIEL,ENVIRO INFRA ENGINEERS L,198.3,201.96,196.73,200.16,196.73,606823
2026-08-17,EPACK,EPACK DURABLE LIMITED,214.0,214.99,209.1,210.7,215.47,358355
2026-08-17,EPACKPEB,EPACK PREFAB TECHN LTD,230.0,235.8,220.8,221.55,229.7,1116258
2026-08-17,EPIGRAL,EPIGRAL LIMITED,1104.8,1118.0,1090.6,1097.1,1098.4,42312
2026-08-17,EPL,EPL LIMITED,245.0,250.43,242.05,242.99,244.6,1824825
2026-08-17,EQUITASBNK,EQUITAS SMALL FIN BNK LTD,74.52,75.2,73.26,74.92,74.52,1376342
2026-08-17,ERIS,ERIS LIFESCIENCES LIMITED,1365.0,1370.0,1321.1,1348.9,1358.5,68808
2026-08-17,ESABINDIA,ESAB INDIA LTD,6250.0,6352.0,6200.0,6289.0,6232.0,8506
2026-08-17,ESCORTS,ESCORTS KUBOTA LIMITED,3130.1,3158.5,3111.4,3133.6,3113.7,56235
2026-08-17,ESSARSHPNG,ESSAR SHIPPING LTD,17.88,17.89,15.8,15.99,17.49,1260890
2026-08-17,ESTER,ESTER INDUSTRIES LTD,101.0,102.8,98.5,98.96,101.02,62123
2026-08-17,ETERNAL,ETERNAL LIMITED,317.6,321.9,316.2,318.0,318.5,18972081
2026-08-17,ETHOSLTD,ETHOS LIMITED,2750.0,2830.0,2666.0,2788.6,2747.4,12714
2026-08-17,EUREKAFORB,EUREKA FORBES LIMITED,446.2,446.2,429.9,432.0,442.75,331271
2026-08-17,EUROBOND,EURO PANEL PRODUCTS LTD,159.1,161.2,152.5,155.0,158.44,11162
2026-08-17,EUROPRATIK,EURO PRATIK SALES LIMITED,284.95,286.45,281.85,283.75,287.4,120496
2026-08-17,EVEREADY,EVEREADY INDS. IND.  LTD.,352.95,356.5,352.0,352.9,356.5,33971
2026-08-17,EKC,EVEREST KANTO CYLINDERLTD,110.8,113.0,108.0,109.53,110.41,175261
2026-08-17,EXCELINDUS,EXCEL INDUSTRIES LTD,1013.65,1022.95,976.0,990.55,1013.65,13026
2026-08-17,EXCELSOFT,EXCELSOFT TECHNOLOGIES L,73.5,74.2,72.0,73.07,73.96,547771
2026-08-17,EXICOM,EXICOM TELE SYSTEMS LTD,151.68,151.68,146.34,148.32,151.79,510831
2026-08-17,EXIDEIND,EXIDE INDUSTRIES LTD,475.05,480.95,471.0,475.7,476.1,3024809
2026-08-17,EXPLEOSOL,EXPLEO SOLUTIONS LIMITED,830.0,945.9,829.7,923.05,815.95,6142838
2026-08-17,EXXARO,EXXARO TILES LIMITED,6.11,6.25,5.99,6.0,6.19,694636
2026-08-17,FABTECH,FABTECH TECHNOLOGIES LTD,147.23,148.56,145.5,145.91,147.77,41448
2026-08-17,FACT,FACT LTD,801.0,809.45,790.1,793.25,807.7,93571
2026-08-17,FAZE3Q,FAZE THREE LIMITED,481.05,496.5,475.05,484.45,487.35,24581
2026-08-17,FCSSOFT,FCS SOFTWARE SOLN. LTD.,1.54,1.55,1.47,1.51,1.49,2551403
2026-08-17,FDC,FDC LIMITED,355.5,356.0,350.0,354.3,354.2,97966
2026-08-17,FEDFINA,FEDBANK FINANCIAL SER L,152.54,152.54,149.04,152.0,150.87,627574
2026-08-17,FEDDERSHOL,FEDDERS HOLDING LTD.,41.83,42.15,39.5,40.1,42.18,607294
2026-08-17,FEDERALBNK,FEDERAL BANK LTD,351.25,356.45,349.65,354.1,351.3,3616352
2026-08-17,FMGOETZE,FEDERAL-MOGUL GOETZE (IND,452.9,459.4,445.65,453.95,457.25,22515
2026-08-17,FERMENTA,FERMENTA BIOTECH LTD.,450.0,459.45,436.2,457.05,450.05,135940
2026-08-17,FIBERWEB,FIBERWEB INDIA LIMITED,28.0,28.5,26.19,26.96,29.02,103119
2026-08-17,FIEMIND,FIEM INDUSTRIES LIMITED,2338.8,2352.0,2261.5,2281.7,2350.4,110074
2026-08-17,FILATFASH,FILATEX FASHIONS LIMITED,0.19,0.19,0.18,0.18,0.18,65399216
2026-08-17,FILATEX,FILATEX INDIA LTD,81.39,82.95,79.43,82.72,81.39,1592764
2026-08-17,FINEORG,FINE ORGANIC IND. LTD.,5200.0,5240.0,5062.1,5110.4,5143.8,20232
2026-08-17,FCL,FINEOTEX CHEMICAL LIMITED,43.52,44.37,42.56,43.41,43.36,7487196
2026-08-17,FINKURVE,FINKURVE FINANCIAL SERV L,76.8,82.0,69.83,72.93,72.74,1165604
2026-08-17,FINOPB,FINO PAYMENTS BANK LTD,150.26,151.98,145.35,146.95,150.24,458055
2026-08-17,FINCABLES,FINOLEX CABLES LTD,1252.1,1327.75,1252.1,1320.85,1246.85,2336079
2026-08-17,FINPIPE,FINOLEX INDUSTRIES LTD,158.45,160.0,157.52,159.36,159.24,356947
2026-08-17,FSL,FIRSTSOURCE SOLU. LTD.,266.95,269.7,265.6,267.75,267.1,557871
2026-08-17,FISCHER,FISCHER MEDICAL VENTURE L,37.01,37.64,35.62,37.27,38.64,608248
2026-08-17,FIVESTAR,FIVE-STAR BUS FIN LTD,549.0,549.0,532.0,537.75,550.2,333764
2026-08-17,FLAIR,FLAIR WRITING INDUST LTD,255.75,259.95,251.2,255.1,253.9,477505
2026-08-17,FOODSIN,FOODS & INNS LIMITED,57.01,57.33,53.24,53.75,57.21,124132
2026-08-17,FORCEMOT,FORCE MOTORS LIMITED,18300.0,18740.0,18261.0,18605.0,18361.0,52072
2026-08-17,FORTIS,FORTIS HEALTHCARE LTD,923.5,927.8,906.3,908.75,929.0,1263131
2026-08-17,FOSECOIND,FOSECO INDIA LTD,5660.0,5699.5,5531.5,5641.0,5655.0,5255
2026-08-17,FRACTAL,FRACTAL ANALYTICS LIMITED,831.6,831.6,799.6,818.0,834.35,521695
2026-08-17,FREDUN,FREDUN PHARMACEUTICALS L,1540.0,1590.0,1460.0,1474.0,1547.8,14025
2026-08-17,FRONTSP,FRONTIER SPRINGS LTD.,1354.9,1357.0,1273.0,1287.0,1330.3,31074
2026-08-17,NYKAA,FSN E COMMERCE VENTURES,330.8,330.8,326.5,327.05,331.0,2941021
2026-08-17,UTLSOLAR,FUJIYAMA POWER SYSTEMS L,425.2,466.2,425.2,464.4,423.85,1613583
2026-08-17,FUSION,FUSION FINANCE LIMITED,199.0,199.24,193.0,195.58,198.55,486700
2026-08-17,GMBREW,G M BREWERIES LTD,891.0,898.75,890.0,891.35,894.75,20757
2026-08-17,GRINFRA,G R INFRAPROJECTS LIMITED,868.95,876.45,863.1,871.6,872.7,17643
2026-08-17,GABRIEL,GABRIEL INDIA LTD,1469.5,1469.5,1420.2,1442.5,1459.0,156673
2026-08-17,GAIL,GAIL (INDIA) LTD,173.71,173.79,171.85,172.1,174.9,4132699
2026-08-17,GALAPREC,GALA PRECISION ENG LTD,1000.6,1027.6,999.1,1018.0,1000.6,31398
2026-08-17,GALAXYSURF,GALAXY SURFACTANTS LTD,2648.0,2648.0,2383.8,2403.7,2508.4,699870
2026-08-17,GALLANTT,GALLANTT ISPAT LIMITED,586.45,588.45,578.4,582.95,582.05,39527
2026-08-17,GANDHAR,GANDHAR OIL REFINE IND L,245.26,250.98,242.71,246.69,245.57,953235
2026-08-17,GANDHITUBE,GANDHI SPL. TUBES LTD,882.85,890.95,875.1,877.25,882.85,5067
2026-08-17,GANESHCP,GANESH CONSUMER PRODUCT L,161.4,165.89,161.39,163.96,160.54,262720
2026-08-17,GANESHHOU,GANESH HOUSING LIMITED,833.75,847.2,822.45,838.0,835.6,27865
2026-08-17,GANECOS,GANESHA ECOSPHERE LIMITED,1057.9,1114.0,1050.1,1101.2,1060.6,90129
2026-08-17,GANGAFORGE,GANGA FORGING LIMITED,2.49,2.49,2.49,2.49,2.62,1959307
2026-08-17,GANGESSECU,GANGES SECURITIES LIMITED,118.0,121.01,118.0,120.31,118.51,5525
2026-08-17,GRSE,GARDEN REACH SHIP&ENG LTD,2622.0,2650.0,2590.0,2600.1,2618.6,276098
2026-08-17,GARUDA,GARUDA CONSTRUCT N ENG L,184.0,186.32,181.5,182.48,183.04,310179
2026-08-17,GRWRHITECH,GARWARE HI-TECH FILMS LTD,7140.0,7140.0,6983.5,7030.0,7088.5,42073
2026-08-17,GARFIBRES,GARWARE TECH FIBRES LTD,755.0,758.45,739.05,748.45,755.5,37349
2026-08-17,GATEWAY,GATEWAY DISTRIPARKS LTD,55.03,55.88,54.61,55.15,54.86,816238
2026-08-17,GAYAHWS,GAYATRI HIGHWAYS LIMITED,1.89,1.95,1.86,1.89,1.89,203045
2026-08-17,GVPIL,GE POWER INDIA LIMITED,731.15,745.0,731.15,731.15,769.6,455490
2026-08-17,GVT&D,GE VERNOVA T&D INDIA LTD,4371.6,4375.0,4278.0,4290.0,4350.0,421939
2026-08-17,GEEKAYWIRE,GEEKAY WIRES LIMITED,22.61,23.73,22.61,23.26,22.6,178208
2026-08-17,GEMAROMA,GEM AROMATICS LIMITED,168.33,173.0,165.95,169.66,167.2,113895
2026-08-17,GICRE,GENERAL INS CORP OF INDIA,352.1,356.5,351.3,355.5,352.1,354545
2026-08-17,GENCON,GENERIC ENG CONS PROJ LTD,39.97,39.97,38.5,39.16,39.61,244116
2026-08-17,GENESYS,GENESYS INTL CORPN LTD,176.95,187.85,168.75,170.85,181.15,1291198
2026-08-17,GENUSPAPER,GENUS P&B LIMITED,11.28,11.5,11.01,11.3,11.09,75719
2026-08-17,GENUSPOWER,GENUS POWER INFRASTRU LTD,310.85,325.0,301.5,318.25,309.1,3314945
2026-08-17,GEOJITFSL,GEOJIT FINANCIAL SER L,80.01,81.5,78.32,79.31,80.37,493700
2026-08-17,GFLLIMITED,GFL LIMITED,50.92,51.8,49.01,49.49,50.79,79586
2026-08-17,GHCL,GHCL LIMITED,426.0,438.4,426.0,432.4,429.0,105539
2026-08-17,GHCLTEXTIL,GHCL TEXTILES LIMITED,118.14,121.89,117.06,120.08,118.15,823802
2026-08-17,GICHSGFIN,GIC HOUSING FINANCE LTD,141.0,141.1,137.61,139.39,141.08,98404
2026-08-17,GILLANDERS,GILLANDERS ARBUTHNOT LTD,89.01,89.69,88.0,88.49,89.0,2333
2026-08-17,GILLETTE,GILLETTE INDIA LTD,7639.0,7639.0,7562.0,7569.5,7600.0,11013
2026-08-17,GKENERGY,GK ENERGY LIMITED,127.9,128.66,123.08,124.43,127.64,422236
2026-08-17,GKB,GKB OPHTHALMICS LTD.,70.0,70.0,65.0,65.0,65.0,26
2026-08-17,GKWLIMITED,GKW LIMITED,1584.1,1628.5,1584.0,1607.9,1609.1,587
2026-08-17,GLAND,GLAND PHARMA LIMITED,2986.0,2993.3,2859.7,2910.2,2970.2,372430
2026-08-17,GLAXO,GLAXOSMITHKLINE PHARMA LT,2688.0,2710.0,2660.0,2702.9,2688.8,84337
2026-08-17,GLENMARK,GLENMARK PHARMACEUTICALS,2329.7,2337.0,2300.0,2329.0,2318.4,305189
2026-08-17,GLOBAL,GLOBAL EDUCATION LIMITED,105.45,111.37,105.45,107.47,106.42,255174
2026-08-17,MEDANTA,GLOBAL HEALTH LIMITED,1421.9,1429.5,1411.0,1415.1,1422.6,66949
2026-08-17,GSLSU,GLOBAL SURFACES LIMITED,32.56,33.71,32.5,33.71,32.11,45373
2026-08-17,GLOBALVECT,GLOBAL VEC HELICORP LTD,150.53,152.9,147.62,149.0,150.53,8525
2026-08-17,GLOBALE,GLOBALE TESSILE LIMITED,10.74,11.27,10.4,10.87,10.74,5777
2026-08-17,GLOBECIVIL,GLOBE CIVIL PROJECTS LTD,44.41,45.78,44.1,44.86,44.41,54315
2026-08-17,GLOBE,GLOBE ENTERPRISE (I) LTD,1.99,2.03,1.99,2.0,1.99,324207
2026-08-17,GICL,GLOBE INTL CARRIERS LTD,23.2,23.9,23.0,23.38,23.05,294219
2026-08-17,GLOBUSSPR,GLOBUS SPIRITS LTD,877.1,883.0,870.55,881.75,871.05,32393
2026-08-17,GLOSTERLTD,GLOSTER LIMITED,640.7,641.25,618.4,619.75,634.65,3042
2026-08-17,GMMPFAUDLR,GMM PFAUDLER LIMITED,1065.0,1079.4,1041.3,1056.55,1048.25,318946
2026-08-17,GMRAIRPORT,GMR AIRPORTS LIMITED,101.79,102.72,100.84,101.31,101.51,8980717
2026-08-17,GMRP&UI,GMR POW AND URBAN INFRA L,96.96,97.95,95.85,96.7,97.07,681194
2026-08-17,GNA,GNA AXLES LIMITED,546.85,568.0,542.0,561.55,542.7,640142
2026-08-17,EBGNG,GNG ELECTRONICS LIMITED,565.0,597.4,561.1,593.0,565.2,584800
2026-08-17,GODIGIT,GO DIGIT GENERAL INS LTD,259.25,259.25,252.9,254.85,259.65,456821
2026-08-17,GOCOLORS,GO FASHION INDIA LTD,327.5,346.5,326.8,344.05,327.5,287388
2026-08-17,GOACARBON,GOA CARBON LIMITED,362.55,367.45,355.05,355.95,362.55,6861
2026-08-17,GOCLCORP,GOCL CORPORATION LIMITED,402.0,410.5,392.75,408.0,397.1,74984
2026-08-17,GODAVARIB,GODAVARI BIOREFINERIES L,247.0,247.0,242.2,245.6,247.25,147087
2026-08-17,GPIL,GODAWARI POW & ISP LTD,235.43,253.0,232.9,250.82,235.43,4360351
2026-08-17,GODFRYPHLP,GODFREY PHILLIPS INDIA LT,2147.0,2148.9,2121.1,2131.0,2149.0,98713
2026-08-17,GODREJAGRO,GODREJ AGROVET LIMITED,586.0,601.2,578.85,597.0,580.5,439383
2026-08-17,GODREJCP,GODREJ CONSUMER PRODUCTS,934.3,937.8,925.6,928.0,934.3,971952
2026-08-17,GODREJIND,GODREJ INDUSTRIES LTD,1225.8,1263.4,1199.0,1223.0,1252.5,230644
2026-08-17,GODREJPROP,GODREJ PROPERTIES LTD,1990.0,2057.0,1970.9,2054.0,1990.0,765350
2026-08-17,GOKEX,GOKALDAS EXPORTS LTD.,792.2,809.0,781.1,804.1,783.65,361997
2026-08-17,GOKULAGRO,GOKUL AGRO RESOURCES LTD,231.0,235.1,229.39,231.66,231.65,184455
2026-08-17,GOKUL,GOKUL REFOILS & SOLV LTD,38.87,39.25,38.15,38.68,38.87,152356
2026-08-17,GOLDIAM,GOLDIAM INTERNATIONAL LTD,371.0,378.0,366.1,374.4,365.65,1336547
2026-08-17,GOODLUCK,GOODLUCK INDIA LIMITED,1335.0,1340.7,1305.1,1311.1,1324.7,137326
2026-08-17,GOODYEAR,GOODYEAR INDIA LIMITED,771.1,776.7,764.0,765.35,777.4,4780
2026-08-17,GOPAL,GOPAL SNACKS LIMITED,276.7,276.7,270.0,270.75,272.15,167737
2026-08-17,GOYALALUM,GOYAL ALUMINIUMS LIMITED,6.2,6.5,6.2,6.4,6.51,99015
2026-08-17,GPTHEALTH,GPT HEALTHCARE LIMITED,156.15,160.0,152.12,153.32,156.15,91854
2026-08-17,GPTINFRA,GPT INFRAPROJECTS LTD,115.51,115.51,112.9,115.06,115.8,70954
2026-08-17,GRADIENTE,GRADIENTE INFOTAINMENT L,2.83,2.83,2.73,2.77,2.72,1104073
2026-08-17,GRANDOAK,GRAND OAK CANYONS DIST L,37.2,38.8,36.8,38.15,38.24,6946
2026-08-17,GRANULES,GRANULES INDIA LIMITED,850.0,869.85,838.05,861.55,858.4,404940
2026-08-17,GRAPHITE,GRAPHITE INDIA LTD,724.9,735.95,717.75,729.5,721.6,527724
2026-08-17,GRASIM,GRASIM INDUSTRIES LTD,3240.0,3272.2,3223.5,3250.5,3248.7,1324345
2026-08-17,GRAUWEIL,GRAUER & WEIL IND LTD,67.2,68.47,66.36,67.96,67.39,174343
2026-08-17,GRAVISSHO,GRAVISS HOSPITALITY LTD.,29.3,30.3,28.41,28.53,29.18,1317
2026-08-17,GRAVITA,GRAVITA INDIA LIMITED,1790.0,1831.2,1763.8,1821.7,1794.3,275373
2026-08-17,GREAVESCOT,GREAVES COTTON LTD.,194.37,196.25,193.58,195.01,194.37,769141
2026-08-17,GREENLAM,GREENLAM INDUSTRIES LTD.,251.0,254.6,250.95,252.8,251.3,41449
2026-08-17,GREENPANEL,GREENPANEL INDUSTRIES LTD,174.77,174.99,167.37,169.59,174.54,413732
2026-08-17,GREENPLY,GREENPLY INDUSTRIES LTD,280.95,287.9,277.25,286.3,280.95,103250
2026-08-17,GCSL,GRETEX CORPORATE SERVICES,522.3,522.3,481.65,492.4,517.75,499095
2026-08-17,GRINDWELL,GRINDWELL NORTON LIMITED,2167.5,2190.4,2148.1,2163.5,2167.5,21123
2026-08-17,GRMOVER,GRM OVERSEAS LIMITED,89.87,90.49,87.58,88.28,89.66,1138255
2026-08-17,CEMNTGROWW,GROWWAMC - CEMNTGROWW,15.07,15.29,14.79,15.09,15.0,91597
2026-08-17,GROWWCAPM,GROWWAMC - GROWWCAPM,11.16,11.31,11.05,11.25,11.2,728500
2026-08-17,GROWWCHEM,GROWWAMC - GROWWCHEM,30.83,31.18,30.49,30.74,30.83,4913412
2026-08-17,GROWWDEFNC,GROWWAMC - GROWWDEFNC,98.08,99.29,97.96,98.82,98.09,405646
2026-08-17,GROWWEV,GROWWAMC - GROWWEV,34.57,34.57,33.9,34.18,34.2,563254
2026-08-17,GROWWGOLD,GROWWAMC - GROWWGOLD,14.98,14.98,14.89,14.93,14.77,1615059
2026-08-17,GROWWHOSPI,GROWWAMC - GROWWHOSPI,53.18,53.26,52.42,52.67,52.91,601608
2026-08-17,GROWWLIQID,GROWWAMC - GROWWLIQID,110.48,110.48,110.36,110.37,110.36,271617
2026-08-17,GROWWLOVOL,GROWWAMC - GROWWLOVOL,10.71,10.76,10.41,10.55,10.6,10892
2026-08-17,GROWWMC150,GROWWAMC - GROWWMC150,238.78,238.78,232.2,237.43,236.07,921
2026-08-17,GROWWMETAL,GROWWAMC - GROWWMETAL,12.62,12.62,12.11,12.42,12.4,277001
2026-08-17,GROWWMOM50,GROWWAMC - GROWWMOM50,11.29,11.29,10.9,11.04,10.98,212233
2026-08-17,GROWWN200,GROWWAMC - GROWWN200,11.55,11.57,11.43,11.55,11.55,109769
2026-08-17,GROWWNET,GROWWAMC - GROWWNET,10.41,10.69,10.41,10.65,10.62,418099
2026-08-17,GROWWNIFTY,GROWWAMC - GROWWNIFTY,9.73,9.97,9.73,9.82,9.83,864482
2026-08-17,GROWWNXT50,GROWWAMC - GROWWNXT50,74.65,75.28,73.83,75.27,74.65,10286
2026-08-17,GROWWPOWER,GROWWAMC - GROWWPOWER,11.51,11.56,11.45,11.52,11.49,1801109
2026-08-17,GROWWPSE,GROWWAMC - GROWWPSE,99.23,99.56,98.41,99.32,98.68,1357
2026-08-17,GROWWPSUBK,GROWWAMC - GROWWPSUBK,86.4,88.38,86.22,87.63,87.54,1211
2026-08-17,GROWWRAIL,GROWWAMC - GROWWRAIL,29.21,29.5,28.86,29.05,29.21,446183
2026-08-17,GROWWRLTY,GROWWAMC - GROWWRLTY,10.09,10.23,9.94,10.2,10.04,511017
2026-08-17,GROWWSC250,GROWWAMC - GROWWSC250,10.84,10.84,10.52,10.59,10.63,136914
2026-08-17,GROWWSLVR,GROWWAMC - GROWWSLVR,23.01,23.04,22.86,22.91,22.66,1390056
2026-08-17,PVTBKGROWW,GROWWAMC - PVTBKGROWW,27.77,27.77,27.21,27.5,27.51,6313
2026-08-17,SMALLGROWW,GROWWAMC - SMALLGROWW,48.71,48.8,48.26,48.64,48.7,16522
2026-08-17,GRPLTD,GRP LIMITED,2009.0,2050.0,1975.0,2049.2,2009.5,3765
2026-08-17,GSPCROP,GSP CROP SCIENCE LIMITED,599.2,600.0,586.0,589.75,596.25,153244
2026-08-17,GSS,GSS INFOTECH LIMITED,13.34,13.58,12.9,13.01,13.34,35935
2026-08-17,GTLINFRA,GTL INFRA.LTD,1.21,1.22,1.2,1.21,1.21,26109044
2026-08-17,GTL,GTL LTD,7.6,7.88,6.91,7.41,7.66,440114
2026-08-17,GTPL,GTPL HATHWAY LIMITED,52.9,54.95,50.85,54.04,52.89,70423
2026-08-17,GUFICBIO,GUFIC BIOSCIENCES LTD.,400.2,432.35,400.2,418.2,422.2,297917
2026-08-17,GIPCL,GUJ IND POW CO. LTD,175.77,176.64,173.2,174.44,175.77,371269
2026-08-17,GNFC,GUJ NAR VAL FER & CHEM L,571.95,604.75,570.05,600.65,568.95,2023800
2026-08-17,GSFC,GUJ STATE FERT & CHEM LTD,160.5,163.6,159.35,159.87,160.25,1839264
2026-08-17,GUJAPOLLO,GUJ. APOLLO IND. LTD.,345.1,356.0,345.1,349.15,341.95,10130
2026-08-17,GUJALKALI,GUJARAT ALKALIES & CHEM,703.05,716.85,675.55,680.45,698.2,99166
2026-08-17,GAEL,GUJARAT AMBUJA EXPORTS LT,173.35,174.15,169.6,172.75,172.81,528609
2026-08-17,GUJENERGY,GUJARAT ENERGY LIMITED,286.5,286.5,272.95,276.5,282.95,1422029
2026-08-17,FLUOROCHEM,GUJARAT FLUOROCHEM LTD,4777.0,4817.9,4657.0,4707.5,4737.8,283516
2026-08-17,GKSL,GUJARAT KIDNEY N SUP SP L,135.0,152.99,134.81,151.36,136.43,3424803
2026-08-17,GLFL,GUJARAT LEASE FINANCING L,5.8,5.8,5.5,5.64,5.6,2322
2026-08-17,GMDCLTD,GUJARAT MINERAL DEV CORP,579.0,585.0,570.0,574.0,580.8,986723
2026-08-17,GNRL,GUJARAT NATURAL RES L,111.32,111.4,103.2,103.69,111.34,174630
2026-08-17,GPPL,GUJARAT PIPAVAV PORT LTD,159.99,162.38,158.71,159.57,158.68,2610399
2026-08-17,GUJRAFFIA,GUJARAT RAFFIA INDUST LTD,43.62,43.62,41.14,41.32,43.22,5193
2026-08-17,GUJTHEM,GUJARAT THEMIS BIOSYN LTD,345.85,353.95,345.0,351.25,348.75,66293
2026-08-17,GULFOILLUB,GULF OIL LUB. IND. LTD.,1166.8,1180.0,1156.7,1174.6,1159.3,34308
2026-08-17,GULPOLY,GULSHAN POLYOLS LIMITED,190.0,194.5,187.22,192.06,188.08,294703
2026-08-17,GVPTECH,GVP INFOTECH LIMITED,7.25,7.25,6.67,7.02,7.07,25165
2026-08-17,GYFTR,GYFTR LIMITED,158.0,166.5,158.0,162.22,161.87,56069
2026-08-17,HBESD,H B ESTATE DEVELOPERS L,74.5,76.0,73.9,75.41,76.0,10124
2026-08-17,HGINFRA,H.G.INFRA ENGINEERING LTD,523.75,524.9,512.3,514.5,523.75,80109
2026-08-17,HALDER,HALDER VENTURE LIMITED,309.99,319.0,286.12,294.92,301.9,32612
2026-08-17,HALEOSLABS,HALEOS LABS LIMITED,1496.4,1496.4,1411.3,1437.5,1484.4,468
2026-08-17,HAMPTON,HAMPTON SKY REALTY LTD.,8.39,8.39,7.01,7.95,8.12,7766
2026-08-17,HGM,HANDSON GBL MNGMNT LTD,47.9,48.44,43.43,45.06,46.06,8389
2026-08-17,HAPPSTMNDS,HAPPIEST MINDS TECHNO LTD,424.0,432.4,406.8,426.8,420.2,3199998
2026-08-17,HAPPYFORGE,HAPPY FORGINGS LIMITED,2131.2,2207.8,2115.1,2198.1,2089.6,220432
2026-08-17,HARDWYN,HARDWYN INDIA LIMITED,11.33,11.5,10.9,10.95,11.33,2180251
2026-08-17,HARIOMPIPE,HARIOM PIPE INDUSTRIES L,351.9,354.95,343.4,346.45,351.9,153541
2026-08-17,HRYNSHP,HARIYANA SHIP BREAKERS L,100.95,101.0,100.95,101.0,101.45,53
2026-08-17,HARRMALAYA,HARRISON MALAYALAM LTD,197.0,197.0,192.1,193.47,198.81,20484
2026-08-17,HARSHA,HARSHA ENGINEERS INT LTD,418.75,437.0,415.0,425.6,412.25,320928
2026-08-17,HATHWAY,HATHWAY CABLE & DATACOM,10.56,10.69,10.54,10.59,10.6,1433793
2026-08-17,HATSUN,HATSUN AGRO PRODUCT LTD.,995.0,995.0,959.2,968.8,980.8,32908
2026-08-17,HAVELLS,HAVELLS INDIA LIMITED,1305.0,1315.0,1281.7,1299.0,1298.0,857855
2026-08-17,HAWKINCOOK,HAWKINS COOKERS LTD,8200.0,8370.0,8199.0,8340.0,8351.0,425
2026-08-17,HAZOOR,HAZOOR MULTI PROJECTS LTD,22.2,22.2,19.8,21.49,20.85,86937
2026-08-17,HBPOR,HB PORTFOLIO LTD.,60.79,63.0,55.05,62.99,60.79,878
2026-08-17,HBSL,HB STOCKHOLDINGS LIMITED,59.0,59.0,56.16,56.9,57.96,6486
2026-08-17,HBLENGINE,HBL ENGINEERING LTD,678.3,683.05,666.7,674.6,678.5,755783
2026-08-17,HCL-INSYS,HCL INFOSYSTEMS LTD,11.4,11.45,11.22,11.24,11.33,105741
2026-08-17,HCLTECH,HCL TECHNOLOGIES LTD,1355.1,1362.8,1325.0,1325.0,1360.0,970745
2026-08-17,HDBFS,HDB FINANCIAL SERVICES L,686.0,689.7,678.85,683.9,686.95,187611
2026-08-17,HDFCAMC,HDFC AMC LIMITED,2481.6,2539.4,2471.0,2523.0,2485.0,588681
2026-08-17,HDFCBANK,HDFC BANK LTD,727.05,732.1,724.5,729.0,727.0,14823722
2026-08-17,HDFCGOLD,HDFC GOLD ETF,129.33,130.83,129.33,130.62,129.33,2942055
2026-08-17,HDFCLIFE,HDFC LIFE INS CO LTD,536.25,544.3,534.9,543.0,535.85,3104159
2026-08-17,HDFCBSE500,HDFCAMC - HDFCBSE500,38.01,38.17,37.81,38.12,38.07,892843
2026-08-17,HDFCGROWTH,HDFCAMC - HDFCGROWTH,122.68,124.55,120.98,121.37,122.68,35236
2026-08-17,HDFCLIQUID,HDFCAMC - HDFCLIQUID,1074.04,1074.04,1074.02,1074.03,1073.88,69479
2026-08-17,HDFCLOWVOL,HDFCAMC - HDFCLOWVOL,21.57,21.57,20.93,21.0,21.05,3387
2026-08-17,HDFCMID150,HDFCAMC - HDFCMID150,23.8,23.9,23.64,23.71,23.8,304261
2026-08-17,HDFCMOMENT,HDFCAMC - HDFCMOMENT,31.21,31.53,31.21,31.47,31.38,132641
2026-08-17,HDFCNEXT50,HDFCAMC - HDFCNEXT50,75.05,76.5,75.05,76.35,76.05,291850
2026-08-17,HDFCNIF100,HDFCAMC - HDFCNIF100,26.5,26.6,26.26,26.31,26.37,26272
2026-08-17,HDFCNIFBAN,HDFCAMC - HDFCNIFBAN,59.0,59.66,58.89,59.54,59.29,177935
2026-08-17,HDFCNIFIT,HDFCAMC - HDFCNIFIT,33.44,33.45,32.91,32.99,33.44,100248
2026-08-17,HDFCNIFTY,HDFCAMC - HDFCNIFTY,280.67,280.67,273.38,274.89,275.17,44807
2026-08-17,HDFCNIMEG,HDFCAMC - HDFCNIMEG,129.87,134.25,129.36,131.79,129.87,10177
2026-08-17,HDFCPVTBAN,HDFCAMC - HDFCPVTBAN,28.51,28.51,27.7,28.06,27.82,286770
2026-08-17,HDFCQUAL,HDFCAMC - HDFCQUAL,59.97,60.14,59.63,59.72,60.07,6370
2026-08-17,HDFCSENSEX,HDFCAMC - HDFCSENSEX,88.21,88.69,87.9,88.25,88.21,31919
2026-08-17,HDFCSILVER,HDFCAMC - HDFCSILVER,223.15,224.8,223.15,223.64,221.2,2144994
2026-08-17,HDFCSML250,HDFCAMC - HDFCSML250,184.8,185.8,183.34,185.2,184.64,941684
2026-08-17,HDFCVALUE,HDFCAMC - HDFCVALUE,126.34,126.86,125.95,126.6,126.99,3407
2026-08-17,HDFCPSUBK,HDFCAMC HDFCPSUBK,89.55,89.55,87.0,87.93,88.2,62392
2026-08-17,HEADSUP,HEADS UP VENTURES LIMITED,6.93,7.3,6.0,6.69,6.93,45018
2026-08-17,HEALTHX,HEALTH X PLATFORM LIMITED,290.25,295.45,287.15,291.5,290.15,4035
2026-08-17,HCG,HEALTHCARE GLOB. ENT. LTD,724.0,724.0,702.65,712.35,714.3,188102
2026-08-17,HECPROJECT,HEC INFRA PROJECTS LTD,130.2,130.2,115.5,119.89,130.05,83793
2026-08-17,HEG,HEG LTD,704.0,710.8,688.45,698.3,701.0,1071949
2026-08-17,HEIDELBERG,HEIDELBERGCEMENT (I) LTD,158.7,161.85,158.6,160.22,158.24,164335
2026-08-17,HEMIPROP,HEMISPHERE PROP IND LTD,134.0,136.49,134.0,134.27,132.34,342462
2026-08-17,HERANBA,HERANBA INDUSTRIES LTD,168.0,173.3,165.1,166.23,169.76,99893
2026-08-17,HERITGFOOD,HERITAGE FOODS LTD,358.2,366.0,355.75,363.65,358.0,155748
2026-08-17,HEROMOTOCO,HERO MOTOCORP LIMITED,5765.0,5811.5,5740.0,5745.0,5790.0,377125
2026-08-17,HESTERBIO,HESTER BIOSCIENCES LTD,2414.4,2447.0,2400.2,2417.6,2414.4,3101
2026-08-17,HEXATRADEX,HEXA TRADEX LIMITED,157.05,159.3,154.21,157.31,157.05,1345
2026-08-17,HEXT,HEXAWARE TECHNOLOGIES LTD,569.85,569.85,560.0,561.0,569.85,55462
2026-08-17,HFCL,HFCL LIMITED,223.9,225.95,217.85,219.5,223.11,9863534
2026-08-17,HITECH,HI-TECH PIPES LIMITED,78.1,78.89,77.51,78.43,78.22,344089
2026-08-17,HILINFRA,HIGHWAY INFRASTRUCTURE L,45.73,45.73,43.12,44.46,44.4,44177
2026-08-17,HIKAL,HIKAL LIMITED,216.2,217.74,212.0,212.81,217.99,189229
2026-08-17,HSCL,HIMADRI SPECIALITY CHEM L,784.5,789.9,776.45,787.4,781.05,3215825
2026-08-17,HIMATSEIDE,HIMATSINGKA SEIDE LTD,72.93,73.25,70.18,70.5,72.95,1114019
2026-08-17,HINDALUMI,HIND ALUMINIUM INDS. LTD.,106.95,106.95,98.0,99.17,98.56,1176
2026-08-17,HIRECT,HIND RECTIFIER LIMITED,1256.0,1277.9,1247.0,1258.6,1256.0,48041
2026-08-17,HINDALCO,HINDALCO  INDUSTRIES  LTD,1033.0,1060.0,1032.7,1049.9,1029.5,3062996
2026-08-17,HINDCON,HINDCON CHEMICALS LIMITED,22.71,22.84,22.12,22.13,22.71,13693
2026-08-17,HPIL,HINDPRAKASH INDUSTRY LTD,124.0,127.35,122.1,127.35,125.05,893
2026-08-17,HGS,HINDUJA GLOBAL SOLS. LTD.,408.0,414.95,401.0,413.05,408.65,22293
2026-08-17,HINDADH,HINDUSTAN ADHESIVES LTD.,335.55,335.55,335.55,335.55,279.65,6463
2026-08-17,HAL,HINDUSTAN AERONAUTICS LTD,5050.0,5149.9,5045.0,5059.0,5029.9,1719795
2026-08-17,HINDCOMPOS,HINDUSTAN COMPOSITES LTD.,405.5,416.0,405.5,409.55,410.25,2480
2026-08-17,HCC,HINDUSTAN CONSTRUCTION CO,19.91,20.55,19.65,20.33,19.82,22198910
2026-08-17,HINDCOPPER,HINDUSTAN COPPER LTD,535.0,574.9,534.1,572.65,529.05,29333771
2026-08-17,HNDFDS,HINDUSTAN FOODS LIMITED,596.8,613.8,588.5,608.45,591.4,124297
2026-08-17,HINDOILEXP,HINDUSTAN OIL EXPLORATION,152.29,155.8,151.15,154.89,152.1,444336
2026-08-17,HINDPETRO,HINDUSTAN PETROLEUM CORP,372.0,373.65,367.0,371.0,373.5,3669991
2026-08-17,HINDUNILVR,HINDUSTAN UNILEVER LTD.,2070.9,2076.0,2055.0,2055.0,2077.0,1024288
2026-08-17,HINDZINC,HINDUSTAN ZINC LIMITED,564.4,576.0,564.4,567.5,561.9,4705651
2026-08-17,HINDWAREAP,HINDWARE HME INOVATON LTD,197.0,205.0,191.49,197.63,195.47,625399
2026-08-17,HISARMETAL,HISAR METAL IND. LIMITED,155.0,155.0,148.01,152.44,151.22,1811
2026-08-17,POWERINDIA,HITACHI ENERGY INDIA LTD,35735.0,35850.0,35390.0,35450.0,35700.0,53456
2026-08-17,HLEGLAS,HLE GLASCOAT LIMITED,329.0,330.0,310.25,314.6,327.7,264493
2026-08-17,HLVLTD,HLV LIMITED,6.99,6.99,6.57,6.73,6.98,630867
2026-08-17,HMAAGRO,HMA AGRO INDUSTRIES LTD,24.69,26.5,22.46,22.95,24.24,7624076
2026-08-17,HOMEFIRST,HOME FIRST FIN CO IND LTD,1173.1,1185.0,1168.2,1179.9,1176.5,38122
2026-08-17,HONASA,HONASA CONSUMER LIMITED,507.0,509.8,476.9,481.65,502.8,2570012
2026-08-17,HONDAPOWER,HONDA I POWER PRODUCT LTD,2166.0,2200.0,2128.2,2138.1,2149.9,7322
2026-08-17,HONAUT,HONEYWELL AUTOMATION IND,36960.0,37105.0,36250.0,36400.0,37205.0,2573
2026-08-17,HPAL,HP ADHESIVES LIMITED,35.05,35.97,34.51,35.64,35.15,68807
2026-08-17,HPL,HPL ELECTRIC & POWER LTD,318.25,320.7,310.35,312.35,317.45,119455
2026-08-17,HSBCGOLD,HSBCAMC - HSBCGOLD,128.13,134.8,128.13,133.16,131.42,2031
2026-08-17,HUDCO,HSG & URBAN DEV CORPN LTD,189.6,191.87,186.15,189.01,189.99,2296433
2026-08-17,HTMEDIA,HT MEDIA LIMITED,26.17,26.59,25.1,25.77,26.37,108005
2026-08-17,HUBTOWN,HUBTOWN LIMITED,186.25,189.0,182.26,182.91,186.62,166100
2026-08-17,HUHTAMAKI,HUHTAMAKI INDIA LIMITED,279.75,280.0,271.55,279.1,277.05,139565
2026-08-17,HYUNDAI,HYUNDAI MOTOR INDIA LTD,2198.6,2209.6,2172.4,2190.0,2199.0,636057
2026-08-17,IGPL,I G PETROCHEMICALS LTD,461.5,497.95,458.05,472.8,458.3,139135
2026-08-17,ISTLTD,I S T LTD.,675.0,675.0,650.05,666.9,649.55,86
2026-08-17,ICDSLTD,ICDS LTD,39.85,41.69,39.85,40.47,40.05,1048
2026-08-17,ICEMAKE,ICE MAKE REFRIGERAT LTD,746.0,746.95,717.7,722.45,751.65,73309
2026-08-17,ICICIBANK,ICICI BANK LTD.,1418.0,1423.6,1407.0,1415.3,1417.0,5605603
2026-08-17,ICICIGI,ICICI LOMBARD GIC LIMITED,1629.2,1637.3,1620.0,1626.3,1630.0,299654
2026-08-17,LOWVOLIETF,ICICI PR NIF LW VL 30 ETF,23.04,23.04,22.46,22.51,22.59,831376
2026-08-17,ICICIPRULI,ICICI PRU LIFE INS CO LTD,509.15,511.4,503.6,507.0,509.15,1522773
2026-08-17,MIDSELIETF,ICICI PRUD MIDCAP SEL ETF,19.5,20.04,19.5,19.95,19.9,152561
2026-08-17,NIF100IETF,ICICI PRUD NIFTY 100 ETF,28.41,28.66,28.4,28.55,28.53,272931
2026-08-17,NIFTYIETF,ICICI PRUD NIFTY ETF,280.0,280.0,275.14,276.5,276.84,695491
2026-08-17,SENSEXIETF,ICICI PRUD SENSEX ETF,901.06,901.06,891.0,896.91,898.14,10192
2026-08-17,ICICIAMC,ICICI PRUDENTIAL AMC LTD,3099.9,3142.5,3080.0,3136.0,3097.9,325665
2026-08-17,GOLDIETF,ICICI PRUDENTIAL GOLD ETF,127.0,132.0,126.36,131.02,129.6,4574995
2026-08-17,NV20IETF,ICICI PRUDENTIAL NV20 ETF,13.68,13.8,13.63,13.73,13.75,493007
2026-08-17,ICICIB22,ICICIPRAMC - BHARATIWIN,121.42,121.42,115.09,115.71,115.64,435006
2026-08-17,CASHIETF,ICICIPRAMC - CASHIETF,1075.59,1075.61,1075.59,1075.6,1075.49,105742
2026-08-17,EVIETF,ICICIPRAMC - EVIETF,34.25,34.29,34.04,34.17,34.12,179144
2026-08-17,GSEC10IETF,ICICIPRAMC - ICICI10GS,267.11,269.59,265.0,267.0,267.11,224
2026-08-17,BSE500IETF,ICICIPRAMC - ICICI500,39.0,40.38,39.0,40.01,40.01,1022591
2026-08-17,GSEC5IETF,ICICIPRAMC - ICICI5GSEC,66.66,67.56,65.56,66.33,66.36,5317
2026-08-17,ALPL30IETF,ICICIPRAMC - ICICIALPLV,28.35,28.4,28.23,28.33,28.35,197003
2026-08-17,AUTOIETF,ICICIPRAMC - ICICIAUTO,30.38,30.52,30.28,30.4,30.38,334979
2026-08-17,PVTBANIETF,ICICIPRAMC - ICICIBANKP,27.99,27.99,27.46,27.74,27.61,3993028
2026-08-17,COMMOIETF,ICICIPRAMC - ICICICOMMO,100.06,101.66,99.43,100.24,100.06,206834
2026-08-17,CONSUMIETF,ICICIPRAMC - ICICICONSU,126.0,126.15,124.97,125.44,126.0,5333
2026-08-17,FMCGIETF,ICICIPRAMC - ICICIFMCG,52.9,52.9,51.84,51.98,52.36,1528629
2026-08-17,INFRAIETF,ICICIPRAMC - ICICIINFRA,97.23,97.57,96.59,96.95,97.23,237421
2026-08-17,LIQUIDIETF,ICICIPRAMC - ICICILIQ,999.99,1000.01,999.76,999.99,998.9,366430
2026-08-17,MIDCAPIETF,ICICIPRAMC - ICICIM150,24.3,24.43,24.14,24.33,24.33,698519
2026-08-17,MOM30IETF,ICICIPRAMC - ICICIMOM30,31.65,31.76,31.51,31.72,31.65,537252
2026-08-17,NEXT50IETF,ICICIPRAMC - ICICINXT50,78.99,79.0,78.03,78.92,78.58,599793
2026-08-17,HEALTHIETF,ICICIPRAMC - ICICIPHARM,170.01,170.69,168.0,168.59,169.72,185457
2026-08-17,QUAL30IETF,ICICIPRAMC - ICICIQTY30,21.67,21.74,21.58,21.65,21.67,95475
2026-08-17,SILVERIETF,ICICIPRAMC - ICICISILVE,234.9,234.9,232.55,233.36,230.92,2013892
2026-08-17,ITIETF,ICICIPRAMC - ICICITECH,35.71,35.71,34.2,34.27,34.84,390584
2026-08-17,INSUREIETF,ICICIPRAMC - INSUREIETF,15.85,15.85,15.37,15.52,15.47,464709
2026-08-17,BANKIETF,ICICIPRAMC - IPRU5008,58.85,59.46,58.74,59.38,59.22,391368
2026-08-17,METALIETF,ICICIPRAMC - METALIETF,12.99,13.28,12.99,13.24,13.07,6277020
2026-08-17,OILIETF,ICICIPRAMC - OILIETF,11.65,11.65,11.32,11.42,11.37,1269524
2026-08-17,PSUBNKIETF,ICICIPRAMC - PSUBANKICI,88.04,89.0,87.24,88.58,88.46,158258
2026-08-17,SMALLIETF,ICICIPRAMC - SMALLIETF,18.78,18.78,18.23,18.38,18.57,67499
2026-08-17,TOP15IETF,ICICIPRAMC - TOP15IETF,10.08,10.08,9.97,10.02,10.07,44796
2026-08-17,VAL30IETF,ICICIPRAMC - VAL30IETF,15.43,15.44,15.25,15.39,15.37,208476
2026-08-17,FINIETF,ICICIPRAMC-ICICIFIN,34.1,34.1,32.96,33.25,33.27,279303
2026-08-17,ICRA,ICRA LIMITED,5280.0,5280.0,5040.0,5052.7,5265.6,69377
2026-08-17,IDBI,IDBI BANK LIMITED,82.2,82.33,81.41,82.18,82.45,2358677
2026-08-17,IDEAFORGE,IDEAFORGE TECHNO LTD,820.95,828.5,787.25,795.1,820.85,418756
2026-08-17,IDFCFIRSTB,IDFC FIRST BANK LIMITED,85.41,85.59,84.51,85.05,85.69,7298246
2026-08-17,IFBAGRO,IFB AGRO INDUSTRIES LTD,1011.0,1049.0,1011.0,1038.15,1029.3,8715
2026-08-17,IFBIND,IFB INDUSTRIES LTD,1378.0,1396.3,1360.6,1386.0,1383.6,28704
2026-08-17,IFCI,IFCI LTD,77.09,79.73,75.75,78.93,76.94,32161222
2026-08-17,IFGLEXPOR,IFGL REFRACTORIES LIMITED,224.87,224.87,216.05,218.97,225.31,22421
2026-08-17,IGARASHI,IGARASHI MOTORS INDIA LTD,454.2,468.6,452.6,454.9,457.05,82691
2026-08-17,IIFLCAPS,IIFL CAPITAL SERVICES LTD,335.2,336.0,333.1,334.55,335.2,114277
2026-08-17,IIFL,IIFL FINANCE LIMITED,631.1,634.9,625.0,630.05,631.15,743878
2026-08-17,IKIO,IKIO TECHNOLOGIES LIMITED,203.22,205.53,200.16,201.74,204.97,111947
2026-08-17,IVC,IL&FS INVESTMENT MANAGERS,8.25,8.43,8.25,8.32,8.27,133443
2026-08-17,IMAGICAA,IMAGICAAWORLD ENT LTD,47.5,47.85,46.81,47.06,47.66,372005
2026-08-17,INCREDIBLE,INCREDIBLE INDUSTRIES LTD,31.75,33.0,31.75,31.84,32.23,1636
2026-08-17,IMPAL,IND MOTOR PART & ACC LTD,1094.0,1094.0,1059.3,1083.1,1068.3,1459
2026-08-17,INDSWFTLAB,IND SWIFT LABORATORIES LT,312.0,317.45,296.35,313.02,304.18,2553952
2026-08-17,INDTERRAIN,IND TERRAIN FASHIONS LTD,32.01,32.4,30.62,31.06,31.1,9614
2026-08-17,INDBANK,INDBANK MERCH BANK,33.0,33.0,32.25,32.38,32.49,18278
2026-08-17,BAJAJINDEF,INDEF MANUFACTURING LTD,224.45,224.45,213.5,215.32,217.15,28903
2026-08-17,INDGN,INDEGENE LIMITED,564.9,564.9,553.5,561.75,555.8,174182
2026-08-17,INDIAGLYCO,INDIA GLYCOLS LTD,1069.0,1083.0,1050.0,1070.9,1061.1,138254
2026-08-17,INDNIPPON,INDIA NIPPON ELECT  LTD,1129.9,1152.0,1121.7,1138.5,1123.2,20933
2026-08-17,IPL,INDIA PESTICIDES LIMITED,140.4,142.65,139.86,141.05,140.52,137792
2026-08-17,INDIASHLTR,INDIA SHELTER FIN CORP L,665.0,681.95,654.6,674.75,670.7,71069
2026-08-17,ITDC,INDIA TOUR. DEV. CO. LTD.,697.0,709.95,692.9,698.3,696.75,110582
2026-08-17,IBULLSLTD,INDIABULLS LIMITED,27.11,28.1,25.81,27.83,27.08,10529504
2026-08-17,INDIAMART,INDIAMART INTERMESH LTD,1789.9,1804.6,1766.0,1770.0,1789.9,113085
2026-08-17,INDIANB,INDIAN BANK,891.8,891.8,870.3,881.2,894.95,1061592
2026-08-17,INDIANCARD,INDIAN CARD CLOTHING CO.,227.0,227.0,213.0,216.07,223.09,4698
2026-08-17,IEX,INDIAN ENERGY EXC LTD,124.75,125.49,123.78,125.3,124.75,1388624
2026-08-17,INDIANHUME,INDIAN HUME PIPE CO. LTD.,369.0,369.9,360.0,362.55,369.15,25743
2026-08-17,IMFA,INDIAN METALS & FERRO,1409.7,1419.5,1374.2,1398.7,1404.5,81136
2026-08-17,IOC,INDIAN OIL CORP LTD,139.2,139.8,138.12,138.61,139.4,8148346
2026-08-17,IOB,INDIAN OVERSEAS BANK,33.6,33.72,33.2,33.66,33.59,2260169
2026-08-17,IRCTC,INDIAN RAIL TOUR CORP LTD,497.5,502.75,495.3,499.95,497.5,629180
2026-08-17,IRFC,INDIAN RAILWAY FIN CORP L,87.4,87.53,86.2,87.05,87.57,7575722
2026-08-17,IREDA,INDIAN RENEWABLE ENERGY,116.25,116.94,115.0,116.85,116.25,3235182
2026-08-17,IWP,INDIAN WOOD PRODUCTS CO L,34.79,36.39,33.31,34.48,34.96,4475
2026-08-17,INDIGOPNTS,INDIGO PAINTS LIMITED,1161.7,1211.8,1155.6,1161.0,1148.7,261404
2026-08-17,INDIQUBE,INDIQUBE SPACES LIMITED,181.3,182.99,177.87,178.63,180.0,20170
2026-08-17,INDOBORAX,INDO BORAX & CHEMICAL LTD,425.35,428.55,416.05,420.25,425.35,66257
2026-08-17,ICIL,INDO COUNT INDUSTRIES LTD,379.9,391.0,371.3,388.7,379.9,373058
2026-08-17,INDOFARM,INDO FARM EQUIPMENT LTD,145.0,147.0,143.15,144.1,145.78,113025
2026-08-17,INDORAMA,INDO RAMA SYNTHETICS LTD,56.09,56.37,54.32,54.76,56.09,98507
2026-08-17,INDOTECH,INDO TECH TRANSFORM LTD.,3598.7,3635.0,3470.1,3608.4,3558.1,16035
2026-08-17,INDOTHAI,INDO THAI SEC LTD,73.23,73.23,73.23,73.23,77.08,41439
2026-08-17,INDOUS,INDO US BIOTECH LTD,83.78,86.5,80.15,84.75,81.01,42444
2026-08-17,INDOMIM,INDO-MIM LIMITED,850.4,871.15,838.7,866.15,849.35,2085481
2026-08-17,NIPPOBATRY,INDO-NATIONAL LIMITED,334.0,339.15,330.0,331.3,330.15,2781
2026-08-17,INDOCO,INDOCO REMEDIES LTD.,219.05,221.9,216.0,218.74,219.51,40899
2026-08-17,IGCL,INDOGULF CROPSCIENCES LTD,71.01,71.9,70.0,71.38,70.91,68755
2026-08-17,INDOKEM,INDOKEM LTD.,610.0,610.0,588.25,590.55,619.15,2117
2026-08-17,WAAREEINDO,INDOSOLAR LIMITED,306.0,306.0,291.5,300.35,297.25,52108
2026-08-17,INDOSTAR,INDOSTAR CAPITAL FIN LTD,238.4,249.0,238.3,247.15,239.25,336399
2026-08-17,INDOWIND,INDOWIND ENERGY LTD,8.88,8.99,8.6,8.74,8.81,165946
2026-08-17,IGL,INDRAPRASTHA GAS LTD,149.0,153.0,147.65,151.0,151.7,1601877
2026-08-17,INDRAMEDCO,INDRAPRASTHA MEDICAL CORP,373.4,373.4,368.4,369.75,373.4,121411
2026-08-17,INDUSTOWER,INDUS TOWERS LIMITED,383.8,385.0,378.85,380.0,384.35,1415620
2026-08-17,INDUSINDBK,INDUSIND BANK LIMITED,1020.0,1020.0,1002.5,1010.6,1020.8,1108193
2026-08-17,INDPRUD,INDUSTRIAL & PRU INV CO L,6369.5,6369.5,6115.0,6203.0,6280.0,92
2026-08-17,IITL,INDUSTRIAL INV TRUST LTD,148.16,152.0,147.25,150.35,147.69,135765
2026-08-17,NAUKRI,INFO EDGE (I) LTD,1341.0,1374.0,1340.7,1355.8,1343.0,3063291
2026-08-17,INFOBEAN,INFOBEANS TECHNO. LTD.,162.4,163.79,158.0,160.15,162.4,148926
2026-08-17,INFOMEDIA,INFOMEDIA PRESS LIMITED,5.59,5.59,5.11,5.26,5.16,29006
2026-08-17,INFY,INFOSYS LIMITED,1163.9,1166.5,1129.7,1139.9,1169.2,5817153
2026-08-17,INGERRAND,INGERSOLL-RAND INDIA LTD,4650.0,4651.9,4418.8,4477.2,4608.7,92939
2026-08-17,INNOVACAP,INNOVA CAPTAB LIMITED,1052.0,1064.95,1030.25,1038.45,1036.0,43900
2026-08-17,INNOVANA,INNOVANA THINKLABS LTD,327.4,327.4,305.3,307.15,319.4,6385
2026-08-17,INNOVISION,INNOVISION LIMITED,281.95,283.9,276.1,276.9,281.95,19195
2026-08-17,INOXGREEN,INOX GREEN ENERGY SER LTD,185.26,186.17,178.3,181.54,187.07,754663
2026-08-17,INOXINDIA,INOX INDIA LIMITED,1956.0,1990.0,1943.1,1950.8,1943.0,72477
2026-08-17,INOXWIND,INOX WIND LIMITED,74.18,78.59,73.32,78.13,73.67,34043653
2026-08-17,INSECTICID,INSECTICIDES (I) LTD,630.0,630.0,614.15,618.7,631.15,14440
2026-08-17,INA,INSOLATION ENERGY LIMITED,99.0,99.0,97.8,98.41,99.02,326818
2026-08-17,ESSENTIA,INTEGRA ESSENTIA LIMITED,1.32,1.32,1.32,1.32,1.38,494068
2026-08-17,INTELLECT,INTELLECT DESIGN ARENA,705.0,705.0,688.95,695.45,700.6,200743
2026-08-17,INTENTECH,INTENSE TECHNOLOGIES LTD,81.1,81.18,79.5,79.81,80.34,9392
2026-08-17,INTERARCH,INTERARCH BLDNG SOLTN LTD,1736.2,1750.0,1705.7,1738.8,1736.2,49538
2026-08-17,INDIGO,INTERGLOBE AVIATION LTD,5271.0,5332.5,5262.5,5275.5,5310.0,321441
2026-08-17,INTLCONV,INTL CONVEYORS LIMITED,80.02,82.74,78.01,79.06,75.72,113700
2026-08-17,IGIL,INTL GEMOLOGICAL INST LTD,352.0,362.55,341.5,355.15,345.9,1099849
2026-08-17,ISFT,INTRASOFT TECH. LTD,83.0,84.0,80.1,82.25,82.33,64230
2026-08-17,INVENTURE,INVENTURE GRO & SEC LTD,0.92,0.92,0.9,0.9,0.92,548270
2026-08-17,IKS,INVENTURUS KNOWLEDGE SO L,1849.9,1854.0,1828.0,1830.2,1840.0,110946
2026-08-17,IVZINGOLD,INVESCO INDIA GOLD ETF,132.45,133.4,132.45,133.25,131.4,18416
2026-08-17,IVZINNIFTY,INVESCO INDIA NIFTY ETF,286.71,286.71,278.2,279.22,279.72,791
2026-08-17,IOLCP,IOL CHEM AND PHARMA LTD,166.4,168.09,158.52,161.28,165.58,1847551
2026-08-17,IONEXCHANG,ION EXCHANGE (INDIA) LTD,372.95,379.8,370.0,374.45,372.95,182560
2026-08-17,IPRINGLTD,IP RINGS LTD.,129.0,134.8,124.5,134.0,134.8,74
2026-08-17,IPCALAB,IPCA LABORATORIES LTD,1805.9,1945.1,1805.9,1884.6,1734.2,6964903
2026-08-17,IRB,IRB INFRA DEV LTD.,19.25,19.25,19.02,19.17,19.26,5573147
2026-08-17,IRCON,IRCON INTERNATIONAL LTD,124.6,124.87,123.12,124.57,124.79,810616
2026-08-17,IRISDOREME,IRIS CLOTHINGS LIMITED,58.8,59.15,57.21,58.3,57.93,1274823
2026-08-17,IRIS,IRIS REGTECH SOLUTION LTD,239.99,255.48,237.0,246.76,238.99,39380
2026-08-17,IRMENERGY,IRM ENERGY LIMITED,298.45,298.45,290.05,292.1,294.15,81337
2026-08-17,ISGEC,ISGEC HEAVY ENG LTD,747.0,757.8,722.5,746.85,732.15,348652
2026-08-17,ISHANCH,ISHAN DYES N CHEMICALS L,47.25,49.7,46.0,47.33,48.17,45269
2026-08-17,ITCHOTELS,ITC HOTELS LIMITED,164.93,168.27,164.06,166.36,164.93,1192778
2026-08-17,ITC,ITC LTD,278.2,278.2,273.0,273.05,278.2,12795275
2026-08-17,ITI,ITI LTD,276.25,278.7,274.05,277.25,276.75,103006
2026-08-17,ITL,ITL INDUSTRIES LTD.,369.0,369.0,317.85,318.4,329.8,2135
2026-08-17,IVALUE,IVALUE INFOSOLUTIONS LTD,275.9,283.15,271.6,279.1,278.8,173923
2026-08-17,IZMO,IZMO LIMITED,962.0,978.75,909.0,916.25,939.45,139996
2026-08-17,J&KBANK,J & K BANK LTD.,154.0,154.8,147.13,147.97,155.48,5611294
2026-08-17,JGCHEM,J.G.CHEMICALS LIMITED,619.7,630.0,591.25,600.8,606.15,433915
2026-08-17,JAGRAN,JAGRAN PRAKASHAN LIMITED,62.93,63.19,61.77,61.92,62.46,262704
2026-08-17,JAGSNPHARM,JAGSONPAL PHARMACEUTICALS,225.98,234.9,224.63,233.53,226.55,91656
2026-08-17,JAIBALAJI,JAI BALAJI INDUSTRIES LTD,72.25,73.4,68.61,69.96,70.6,985942
2026-08-17,JAICORPLTD,JAI CORP LIMITED,100.63,101.94,100.1,101.2,100.63,298875
2026-08-17,JISLDVREQS,JAIN DVR EQUITY SHARES,21.49,21.89,20.44,21.28,21.02,18033
2026-08-17,JISLJALEQS,JAIN IRRIGATION SYSTEMS,26.47,27.99,26.11,27.73,26.49,2819298
2026-08-17,JAINREC,JAIN RESOURCE RECYCLING L,293.0,303.0,293.0,301.9,293.4,876641
2026-08-17,JPPOWER,JAIPRAKASH POWER VEN. LTD,17.39,17.59,17.2,17.39,17.39,30288768
2026-08-17,JAMNAAUTO,JAMNA AUTO IND LTD,123.13,124.79,122.0,123.33,123.12,1110660
2026-08-17,JSFB,JANA SMALL FIN BANK LTD,577.5,577.5,541.6,548.85,577.75,714530
2026-08-17,JARO,JARO INS OF TEC MG N RE L,452.0,461.0,438.0,449.1,453.45,184242
2026-08-17,JASH,JASH ENGINEERING LIMITED,489.4,490.45,480.0,480.5,490.05,61833
2026-08-17,JAYBARMARU,JAY BHARAT MARUTI LTD,126.01,129.37,125.77,127.72,127.86,228311
2026-08-17,JAYAGROGN,JAYANT AGRO ORGANICS LTD,222.2,223.7,217.1,217.68,222.54,4074
2026-08-17,JAYNECOIND,JAYASWAL NECO INDUSTR LTD,88.93,89.49,86.75,88.31,88.93,2570017
2026-08-17,JAYKAY,JAYKAY ENTERPRISES LTD,158.0,158.0,147.95,150.5,155.87,323635
2026-08-17,JAYSREETEA,JAYSHREE TEA & INDUSTRIES,92.01,92.04,87.2,88.32,92.04,129817
2026-08-17,JBMA,JBM AUTO LIMITED,622.0,629.75,618.4,621.35,622.95,207855
2026-08-17,JSLL,JEENA SIKHO LIFECARE LTD,521.0,523.0,503.9,517.3,521.35,646563
2026-08-17,JENBURPH,JENBURKT PHARMACEUTICAL L,1042.6,1058.0,1042.6,1045.1,1061.8,391
2026-08-17,JETFREIGHT,JET FREIGHT LOGISTICS LTD,22.4,23.0,22.3,22.73,22.23,64585
2026-08-17,JHS,JHS SVEND. LAB. LTD,9.22,9.22,8.4,8.45,8.95,78255
2026-08-17,RETAIL,JHS SVENDGAARD RETAIL V L,18.51,18.51,17.3,18.23,19.03,5259
2026-08-17,JPOLYINVST,JIND POL INV & FIN CO LTD,1019.0,1019.0,1000.0,1006.6,1011.1,3619
2026-08-17,JINDRILL,JINDAL DRILLING IND. LTD,588.0,589.0,579.75,586.2,588.0,114041
2026-08-17,JINDALPHOT,JINDAL PHOTO LIMITED,1075.0,1090.0,1051.0,1057.6,1057.7,2117
2026-08-17,JINDALPOLY,JINDAL POLY FILMS LIMITED,651.85,689.9,651.05,665.65,636.3,73464
2026-08-17,JINDALSAW,JINDAL SAW LIMITED,267.0,272.25,264.2,270.4,267.1,421259
2026-08-17,JSL,JINDAL STAINLESS LIMITED,735.0,747.0,734.2,744.0,737.85,366086
2026-08-17,JINDALSTEL,JINDAL STEEL LIMITED,1090.1,1118.7,1090.0,1116.1,1091.5,644163
2026-08-17,JINDWORLD,JINDAL WORLDWIDE LTD,35.58,35.9,35.04,35.63,35.26,1975859
2026-08-17,JKIPL,JINKUSHAL INDUSTRIES LTD,96.5,99.4,95.72,97.1,100.75,41988
2026-08-17,JIOFIN,JIO FIN SERVICES LTD,249.05,249.9,245.75,249.75,249.05,11490495
2026-08-17,JITFINFRA,JITF INFRALOGISTICS LTD,324.0,324.0,302.8,306.2,314.4,51584
2026-08-17,JKCEMENT,JK CEMENT LIMITED,5287.0,5389.0,5165.0,5340.0,5306.5,54293
2026-08-17,JKLAKSHMI,JK LAKSHMI CEMENT LTD,550.0,558.7,549.0,557.25,549.05,106684
2026-08-17,JKPAPER,JK PAPER LIMITED,381.0,385.1,378.0,380.75,379.9,208952
2026-08-17,JKTYRE,JK TYRE & INDUSTRIES LTD,383.0,384.05,380.45,382.0,384.1,388253
2026-08-17,JKIL,JKUMAR INFR.LTD.,497.6,512.5,495.8,509.65,497.65,177449
2026-08-17,JMFINANCIL,JM FINANCIAL LIMITED,126.11,128.4,125.27,127.91,126.43,2060583
2026-08-17,JNKINDIA,JNK INDIA LIMITED,460.0,478.25,456.25,476.35,456.25,488621
2026-08-17,COCKERILL,JOHN COCKERILL INDIA LTD.,8500.0,8589.5,8351.5,8419.0,8578.5,11341
2026-08-17,JSWCEMENT,JSW CEMENT LIMITED,129.91,130.0,127.4,127.6,130.02,1189077
2026-08-17,JSWDULUX,JSW DULUX LIMITED,3130.0,3214.0,3127.4,3139.8,3167.4,17238
2026-08-17,JSWENERGY,JSW ENERGY LIMITED,558.7,559.9,549.3,555.5,560.0,1221619
2026-08-17,JSWHL,JSW HOLDINGS LIMITED,11956.0,12075.0,11749.0,11798.0,11874.0,1281
2026-08-17,JSWINFRA,JSW INFRASTRUCTURE LTD,339.0,339.0,332.2,335.4,339.15,2358962
2026-08-17,JSWSTEEL,JSW STEEL LIMITED,1263.6,1297.0,1250.4,1277.8,1270.0,1404965
2026-08-17,JTEKTINDIA,JTEKT INDIA LIMITED,131.0,131.69,129.22,130.18,131.71,155775
2026-08-17,JTLIND,JTL INDUSTRIES LIMITED,75.17,76.0,74.46,75.33,75.24,864515
2026-08-17,JUBLCPL,JUBILANT AGRI N CON PRO L,2390.2,2414.9,2300.0,2342.4,2407.5,19110
2026-08-17,JUBLFOOD,JUBILANT FOODWORKS LTD,504.2,512.6,501.8,511.5,504.1,2025328
2026-08-17,JUBLINGREA,JUBILANT INGREVIA LIMITED,743.95,750.75,725.15,732.8,736.95,164337
2026-08-17,JUBLPHARMA,JUBILANT PHARMOVA LTD,865.8,878.0,847.85,866.95,865.8,309691
2026-08-17,JMA,JULLUNDUR MOT AGENCY LTD,89.99,89.99,87.84,89.2,87.84,14284
2026-08-17,JNPR,JUNIPER GREEN ENERGY LTD,254.0,256.75,240.0,241.68,251.36,1242333
2026-08-17,JUNIPER,JUNIPER HOTELS LIMITED,195.5,195.5,190.0,192.09,192.98,137393
2026-08-17,JLHL,JUPITER LIFE LINE HOSP L,320.5,320.5,309.35,315.15,315.75,118025
2026-08-17,JWL,JUPITER WAGONS LIMITED,250.0,253.95,247.0,252.65,256.5,865865
2026-08-17,JUSTDIAL,JUSTDIAL LTD.,681.5,684.3,671.8,680.3,681.0,104146
2026-08-17,JYOTHYLAB,JYOTHY LABS LIMITED,199.36,215.0,196.28,213.93,199.36,4700675
2026-08-17,JYOTICNC,JYOTI CNC AUTOMATION LTD,829.8,860.0,829.8,857.95,826.9,1004133
2026-08-17,JYOTIRES,JYOTI RESINS & ADHESIVE L,856.0,884.95,850.0,855.5,870.0,5566
2026-08-17,JYOTISTRUC,JYOTI STRUCTURES LTD,10.61,10.82,10.51,10.65,10.62,3502466
2026-08-17,KJMCFIN,K J M C FINANCIAL SERV L,56.83,59.0,51.01,58.85,57.0,1308
2026-08-17,KMCSHIL,K M C SPECIALITY HOSP I L,137.7,148.0,134.7,143.13,132.8,538702
2026-08-17,KMSUGAR,K M SUGAR MILLS LTD,27.56,30.6,27.0,29.79,27.56,956989
2026-08-17,KPEL,K.P. ENERGY LIMITED,252.9,254.7,240.1,243.75,252.1,765292
2026-08-17,KABRAEXTRU,KABRA EXTRUSION TECHNIK L,519.0,524.7,505.0,520.5,517.4,188101
2026-08-17,KAJARIACER,KAJARIA CERAMICS LTD,1259.0,1261.5,1234.9,1251.6,1253.4,364900
2026-08-17,KAKATCEM,KAKATIYA CEM SUGAR &IND L,110.0,110.0,106.0,109.49,107.58,1745
2026-08-17,KALPATARU,KALPATARU LIMITED,286.25,290.5,281.4,283.1,286.25,26859
2026-08-17,KPIL,KALPATARU PROJECT INT LTD,1367.2,1410.0,1350.1,1404.2,1352.2,358730
2026-08-17,KALYANKJIL,KALYAN JEWELLERS IND LTD,609.0,621.8,603.25,610.0,608.25,10038788
2026-08-17,KALYANIFRG,KALYANI FORGE LIMITED,647.95,670.0,634.85,651.7,643.5,2904
2026-08-17,KICL,KALYANI INVEST CO LTD,5261.5,5339.0,5261.5,5292.5,5305.0,943
2026-08-17,KSL,KALYANI STEELS LIMITED,838.95,861.3,825.7,829.8,838.95,52362
2026-08-17,KAMAHOLD,KAMA HOLDINGS LTD.,2452.8,2547.0,2444.5,2456.4,2449.5,8208
2026-08-17,KAMANWALA,KAMANWALA HOUSING CONST L,17.9,18.0,13.55,13.55,16.5,11564
2026-08-17,KAMATHOTEL,KAMAT HOTELS (I) LTD,197.3,197.99,188.61,194.64,195.87,64966
2026-08-17,KAMOPAINTS,KAMDHENU VENTURES LIMITED,4.54,4.59,4.41,4.43,4.54,193816
2026-08-17,KANANIIND,KANANI INDUSTRIES LTD,1.46,1.52,1.46,1.5,1.49,64092
2026-08-17,KANCHI,KANCHI KARPOORAM LTD.,370.0,378.0,360.05,377.65,370.6,338
2026-08-17,KANCOTEA,KANCO TEA & INDS. LTD.,50.8,50.8,47.99,49.65,49.04,1041
2026-08-17,KANPRPLA,KANPUR PLASTIPACK LIMITED,253.19,272.2,252.81,262.85,251.18,184581
2026-08-17,KANSAINER,KANSAI NEROLAC PAINTS LTD,205.6,207.64,204.15,205.8,204.75,95977
2026-08-17,KAPSTON,KAPSTON SERVICES LIMITED,593.9,593.9,495.75,522.7,588.4,271846
2026-08-17,KARMAENG,KARMA ENERGY LIMITED,40.45,40.9,39.3,40.52,39.71,1134
2026-08-17,KTKBANK,KARNATAKA BANK LIMITED,310.0,310.3,303.55,306.5,309.65,1251381
2026-08-17,KARURVYSYA,KARUR VYSYA BANK LTD,331.75,335.75,326.6,334.0,331.75,1638570
2026-08-17,KSCL,KAVERI SEED CO. LTD.,779.0,779.0,761.0,772.3,779.95,112764
2026-08-17,KAVDEFENCE,KAVVERI DFS & WIR TEC LTD,56.96,56.96,54.16,56.61,56.96,153358
2026-08-17,KAYA,KAYA LIMITED,296.85,349.0,290.8,336.65,296.85,173026
2026-08-17,KAYNES,KAYNES TECHNOLOGY IND LTD,3679.1,3730.0,3630.1,3651.0,3660.2,641033
2026-08-17,KCP,KCP LTD,154.36,158.5,151.55,155.28,156.22,185829
2026-08-17,KDDL,KDDL LIMITED,3930.2,4097.0,3866.0,4084.6,3930.2,28783
2026-08-17,KEC,KEC INTL. LIMITED,440.2,441.95,433.35,436.35,439.9,788887
2026-08-17,KEI,KEI INDUSTRIES LTD.,5700.0,5880.0,5680.0,5873.0,5700.0,343807
2026-08-17,KELLTONTEC,KELLTON TECH SOL LTD,13.68,13.7,13.4,13.54,13.71,1402054
2026-08-17,KENNAMET,KENNAMETAL INDIA LIMITED,3574.0,3639.8,3537.9,3551.7,3513.3,31294
2026-08-17,KERNEX,KERNEX MICROSYS(I) LTD,2001.0,2041.4,1711.7,1751.7,2024.2,1555993
2026-08-17,KKCL,KEWAL KIRAN CLOTHING LTD,513.0,522.95,512.0,521.0,512.7,30336
2026-08-17,KEYFINSERV,KEYNOTE FIN SERV LTD.,269.85,269.85,246.35,257.95,267.2,1279
2026-08-17,RUSTOMJEE,KEYSTONE REALTORS LIMITED,372.05,376.8,368.75,375.1,371.45,29202
2026-08-17,KFINTECH,KFIN TECHNOLOGIES LIMITED,945.2,981.05,925.7,973.0,940.0,2105146
2026-08-17,KHAITANLTD,KHAITAN (INDIA)LTD.,137.15,147.97,137.15,147.04,139.18,6148
2026-08-17,KHAICHEM,KHAITAN CHEM & FERT LTD,52.02,60.5,52.02,59.75,52.37,1627884
2026-08-17,KHANDSE,KHANDWALA SECURITIES LTD,17.95,17.95,16.8,17.25,17.7,1987
2026-08-17,KLBRENG-B,KILBURN ENGINEERING LTD.,336.3,350.95,332.4,346.9,358.2,519028
2026-08-17,KINGFA,KINGFA SCI & TEC IND LTD.,6120.0,6144.0,5785.5,6087.5,5870.0,143470
2026-08-17,KIOCL,KIOCL LIMITED,389.45,393.7,384.65,388.15,389.55,66532
2026-08-17,KIRANVYPAR,KIRAN VYAPAR LTD.,201.29,202.18,198.8,201.75,201.18,1437
2026-08-17,KIRIINDUS,KIRI INDUSTRIES LIMITED,413.8,419.2,410.0,410.45,411.45,170227
2026-08-17,KIRLOSBROS,KIRLOSKAR BROTHERS LTD,1927.0,1952.8,1897.0,1942.9,1905.5,41224
2026-08-17,KECL,KIRLOSKAR ELECTRIC CO LTD,143.56,144.39,135.15,137.5,143.56,326745
2026-08-17,KIRLFER,KIRLOSKAR FERROUS IND LTD,437.75,443.4,428.0,433.2,432.3,644676
2026-08-17,KIRLOSIND,KIRLOSKAR INDUSTRIES LTD,3722.4,3850.0,3722.4,3842.9,3754.4,5955
2026-08-17,KIRLOSENG,KIRLOSKAR OIL ENG LTD,2100.1,2122.0,2070.0,2101.6,2100.1,327449
2026-08-17,KIRLPNU,KIRLOSKAR PNEUMATIC COM L,1550.0,1552.0,1514.2,1534.3,1524.7,112018
2026-08-17,KITEX,KITEX GARMENTS LTD,130.25,133.11,125.99,128.81,134.24,1297428
2026-08-17,KNAGRI,KN AGRI RESOURCES LIMITED,228.6,228.6,214.1,216.19,225.91,114667
2026-08-17,KNACK,KNACK PACKAGING LIMITED,208.02,215.4,201.25,207.56,208.02,1764429
2026-08-17,KMEW,KNOWLEDGE MARINE & EN W L,2850.0,2999.9,2706.5,2756.5,2730.8,597878
2026-08-17,KNRCON,KNR CONSTRU LTD.,131.0,136.67,126.55,134.6,132.43,2154878
2026-08-17,KOHINOOR,KOHINOOR FOODS LIMITED,28.3,28.65,27.11,27.78,27.72,589879
2026-08-17,KOKUYOCMLN,KOKUYO CAMLIN LIMITED,83.39,85.0,81.75,84.73,81.54,74463
2026-08-17,KOLTEPATIL,KOLTE PATIL DEV. LTD.,484.8,484.8,468.75,471.65,477.7,91045
2026-08-17,GOLD1,KOTAK GOLD ETF,124.35,127.95,123.19,127.7,126.35,1602294
2026-08-17,KOTAKBANK,KOTAK MAHINDRA BANK LTD,389.0,396.35,389.0,392.7,391.15,5105327
2026-08-17,NIFTY1,KOTAK NIFTY ETF,277.61,277.61,269.0,270.52,270.84,84666
2026-08-17,PSUBANK,KOTAK PSU BANK,87.24,87.7,86.15,87.38,87.24,244522
2026-08-17,CHEMICAL,KOTAKMAMC - CHEMICAL,31.02,31.43,30.72,30.81,30.8,439913
2026-08-17,ALPHA,KOTAKMAMC - KOTAKALPHA,53.99,54.31,53.4,54.18,53.97,834656
2026-08-17,CONS,KOTAKMAMC - KOTAKCONS,12.61,12.61,12.45,12.51,12.55,25106
2026-08-17,IT,KOTAKMAMC - KOTAKIT,35.61,35.61,34.2,34.26,34.75,212523
2026-08-17,LIQUID1,KOTAKMAMC - KOTAKLIQ,1118.38,1118.53,1117.52,1118.52,1118.38,436047
2026-08-17,LOWVOL1,KOTAKMAMC - KOTAKLOVOL,21.57,21.57,21.35,21.46,21.58,640875
2026-08-17,MIDCAP,KOTAKMAMC - KOTAKMID50,19.07,19.07,18.58,18.71,18.7,294200
2026-08-17,MNC,KOTAKMAMC - KOTAKMNC,34.79,34.8,34.56,34.76,34.79,37656
2026-08-17,SILVER1,KOTAKMAMC - KOTAKSILVE,22.0,22.81,22.0,22.69,22.43,3122789
2026-08-17,NV20,KOTAKMAMC - KTKNV20ETF,13.71,14.26,13.71,14.07,14.07,313961
2026-08-17,MID150,KOTAKMAMC - MID150,23.8,24.16,23.72,23.87,23.8,39341
2026-08-17,MOMENTUM30,KOTAKMAMC - MOMENTUM30,31.05,31.34,30.96,31.27,31.17,135950
2026-08-17,MSCIINDIA,KOTAKMAMC - MSCIINDIA,30.21,30.29,30.13,30.27,30.38,4056
2026-08-17,NEXT50ETF,KOTAKMAMC - NEXT50ETF,75.24,77.48,74.93,75.97,75.24,10325
2026-08-17,NIFTY100EW,KOTAKMAMC - NIFTY100EW,36.57,36.57,35.57,35.74,35.85,325205
2026-08-17,PVTBANK,KOTAKMAMC - PVTBANK,27.35,27.5,27.3,27.5,27.37,307791
2026-08-17,QUALITY30,KOTAKMAMC - QUALITY30,21.26,21.31,21.15,21.23,21.27,27111
2026-08-17,BANKNIFTY1,KOTAKMAMC-KOTAKBKETF,59.81,60.36,59.4,59.89,59.77,80618
2026-08-17,KOTIC,KOTHARI INDUSTRIAL CORP L,145.45,145.45,141.2,143.36,146.18,11944
2026-08-17,KOTHARIPET,KOTHARI PETROCHEM LTD,138.88,140.33,133.0,133.91,143.92,209987
2026-08-17,KOTHARIPRO,KOTHARI PRODUCTS LTD,70.8,70.8,68.0,68.58,68.98,9352
2026-08-17,KOTARISUG,KOTHARI SUG & CHEM LTD.,25.71,26.77,25.71,26.29,26.28,97357
2026-08-17,KOVAI,KOVAI MEDICAL CENTER & HO,6041.5,6155.0,5959.5,6122.0,6038.5,6978
2026-08-17,KPIGREEN,KPI GREEN ENERGY LIMITED,319.0,319.0,301.2,303.1,319.0,2908257
2026-08-17,KPITTECH,KPIT TECHNOLOGIES LIMITED,617.0,617.0,603.25,609.0,614.0,941451
2026-08-17,KPRMILL,KPR MILL LTD.,1109.8,1140.0,1098.0,1135.6,1110.0,303056
2026-08-17,KRBL,KRBL LIMITED,387.6,398.6,380.25,395.7,386.4,874538
2026-08-17,KREBSBIO,KREBS BIOCHEMICALS & IND,54.89,56.2,54.22,54.66,54.6,3207
2026-08-17,KRISHANA,KRISHANA PHOSCHEM LIMITED,193.0,195.71,186.1,187.27,190.68,707831
2026-08-17,KRISHIVAL,KRISHIVAL FOODS LIMITED,408.95,410.0,407.0,408.3,406.6,5780
2026-08-17,KRISHNADEF,KRISHNA DEF AND ALD IND L,1080.0,1109.0,1040.1,1062.5,1077.7,119878
2026-08-17,KIMS,KRISHNA INST OF MED SCI L,811.0,818.75,799.0,800.4,809.1,566635
2026-08-17,KRITI,KRITI INDUSTRIES IND LTD,72.8,72.8,65.31,66.73,67.77,13063
2026-08-17,KRITINUT,KRITI NUTRIENTS LIMITED,82.16,86.25,82.01,85.15,82.16,16080
2026-08-17,KRITIKA,KRITIKA WIRES LIMITED,5.61,5.72,5.46,5.54,5.59,80149
2026-08-17,KRN,KRN HEAT EXCHANGE N REF L,1541.7,1541.7,1469.0,1539.7,1468.3,967802
2026-08-17,KRONOX,KRONOX LAB SCIENCES LTD,150.0,153.31,147.36,151.52,150.53,122749
2026-08-17,KROSS,KROSS LIMITED,212.0,212.39,204.04,205.2,210.2,338028
2026-08-17,KRSNAA,KRSNAA DIAGNOSTICS LTD,572.95,575.3,549.45,558.45,575.3,83776
2026-08-17,KRYSTAL,KRYSTAL INTEGRATED SER L,620.1,625.75,620.0,620.4,620.0,12806
2026-08-17,KSB,KSB LIMITED,795.3,808.25,786.3,795.25,801.25,47398
2026-08-17,KSE,KSE LTD.,195.0,205.0,189.99,194.47,207.95,37866
2026-08-17,KSHINTL,KSH INTERNATIONAL LIMITED,1039.0,1048.7,1013.0,1022.35,1028.6,278762
2026-08-17,KSHITIJPOL,KSHITIJ POLYLINE LIMITED,3.03,3.14,2.96,3.03,3.11,2220637
2026-08-17,KSOLVES,KSOLVES INDIA LIMITED,278.0,278.2,267.75,274.1,277.1,23877
2026-08-17,KSR,KSR FOOTWEAR LIMITED,28.5,30.0,28.5,29.3,29.86,1038
2026-08-17,KUANTUM,KUANTUM PAPERS LIMITED,82.49,82.49,79.82,80.33,80.66,173637
2026-08-17,KUSUMGAR,KUSUMGAR LIMITED,603.85,604.0,585.9,592.25,601.85,401232
2026-08-17,KPL,KWALITY PHARMACEUTICALS L,3564.8,3744.0,3505.3,3598.1,3436.5,102313
2026-08-17,KWIL,KWALITY WALL'S (INDIA) L,36.1,39.4,35.7,38.79,35.99,84522079
2026-08-17,LKPSEC,L K P SECURITIES LTD.,16.91,16.91,15.2,16.44,15.38,2840
2026-08-17,LTF,L&T FINANCE LIMITED,307.0,315.0,304.5,315.0,306.3,3074384
2026-08-17,LTTS,L&T TECHNOLOGY SER. LTD.,3484.0,3536.4,3466.4,3528.5,3476.8,93595
2026-08-17,LAOPALA,LA OPALA RG LIMITED,194.45,195.3,189.5,191.22,192.51,185753
2026-08-17,LADDERUP,LADDERUP FINANCE LTD.,51.65,51.98,47.0,49.11,52.8,428
2026-08-17,LAGNAM,LAGNAM SPINTEX LIMITED,79.95,81.3,77.03,77.94,78.79,9056
2026-08-17,LAHOTIOV,LAHOTI OVERSEAS LTD.,40.05,43.0,40.05,42.98,41.03,11008
2026-08-17,LFIC,LAKSHMI FIN IND CORP LTD,140.5,144.9,136.06,140.7,140.21,1393
2026-08-17,LAMBODHARA,LAMBODHARA TEXTILES LTD.,114.4,114.4,110.1,110.1,111.54,4436
2026-08-17,LANCER,LANCER CONTAINER LINES L,10.91,11.35,10.1,11.07,149.7,213360
2026-08-17,LANCORHOL,LANCOR HOLDINGS LIMITED,29.16,30.0,28.0,29.29,28.88,193989
2026-08-17,LANDMARK,LANDMARK CARS LIMITED,511.65,518.9,505.6,511.0,511.65,130878
2026-08-17,LPDC,LANDMARK PR.DEV.CO.LTD,8.24,8.24,7.71,7.87,8.12,166450
2026-08-17,LANDSMILL,LANDSMILL GREEN LIMITED,0.76,0.77,0.75,0.75,0.76,1833274
2026-08-17,LT,LARSEN & TOUBRO LTD.,4041.0,4086.7,4026.0,4086.7,4057.0,1066164
2026-08-17,LASA,LASA SUPERGENERICS LTD,7.56,7.56,7.07,7.14,7.41,26290
2026-08-17,LASERPOWER,LASER POWER & INFRA LTD,302.95,329.95,302.95,324.35,302.9,6308669
2026-08-17,LATENTVIEW,LATENT VIEW ANALYTICS LTD,288.9,288.9,281.9,285.5,285.2,250899
2026-08-17,LATTEYS,LATTEYS INDUSTRIES LTD,20.99,23.98,20.8,23.29,20.59,651587
2026-08-17,LAURUSLABS,LAURUS LABS LIMITED,1770.0,1824.0,1769.4,1809.7,1787.3,1631767
2026-08-17,LAXMICOT,LAXMI COTSPIN LIMITED,13.85,14.4,13.3,13.41,13.42,10176
2026-08-17,LAXMIDENTL,LAXMI DENTAL LIMITED,201.3,206.79,199.11,200.64,201.82,172420
2026-08-17,LGHL,LAXMI GOLDORNA HOUSE LTD,175.0,184.73,175.0,177.62,182.0,12981
2026-08-17,LAXMIINDIA,LAXMI INDIA FINANCE LTD,124.9,138.9,124.51,136.56,124.38,634526
2026-08-17,LXCHEM,LAXMI ORGANIC INDUS LTD,176.0,180.76,175.2,179.66,176.05,694981
2026-08-17,LCCINFOTEC,LCC INFOTECH LTD,4.2,4.2,3.61,3.82,3.92,42310
2026-08-17,LEMERITE,LE MERITE EXPORTS LIMITED,23.55,23.55,22.76,23.25,23.17,249207
2026-08-17,IXIGO,LE TRAVENUES TECHNOLOGY L,173.9,173.9,170.76,172.51,174.03,301269
2026-08-17,LEAPIND,LEAP INDIA LIMITED,152.0,158.7,150.68,155.49,144.93,28512997
2026-08-17,LEENEE,LEE & NEE SOFTWARES (E) L,6.99,7.45,6.99,7.06,7.28,7919
2026-08-17,THELEELA,LEELA PALACES HOTEL LTD,513.15,520.0,498.1,503.0,510.05,797105
2026-08-17,LEMONTREE,LEMON TREE HOTELS LTD,108.92,110.15,108.52,109.55,108.92,2895272
2026-08-17,LENSKART,LENSKART SOLUTIONS LTD,617.5,617.8,600.95,607.6,611.85,21874987
2026-08-17,LEXUS,LEXUS GRANITO (INDIA) LTD,13.9,14.24,13.4,13.58,13.57,12975
2026-08-17,LGBBROSLTD,LG BALAKRISHNAN & BROS,1612.5,1612.5,1588.4,1602.8,1596.7,13770
2026-08-17,LGEINDIA,LG ELECTRONICS INDIA LTD,1737.1,1755.0,1658.1,1667.6,1729.7,2114300
2026-08-17,LIBAS,LIBAS CONSU PRODUCTS LTD,9.99,9.99,9.5,9.52,9.72,29853
2026-08-17,LIBERTSHOE,LIBERTY SHOES LTD,240.0,249.6,237.55,248.05,238.7,84962
2026-08-17,LICHSGFIN,LIC HOUSING FINANCE LTD,500.0,500.05,496.25,498.25,500.0,2838836
2026-08-17,LICMFGOLD,LIC MF - LIC GOLD ETF,136.75,138.45,136.75,137.5,136.4,51143
2026-08-17,LICNETFN50,LICNAMC - LICNFENGP,275.88,275.88,272.0,273.74,273.15,190
2026-08-17,LICNETFSEN,LICNAMC - LICNFESGP,888.8,888.8,880.61,880.61,880.0,33
2026-08-17,LICNFNHGP,LICNAMC - LICNFNHGP,278.73,281.17,277.56,281.16,278.73,135
2026-08-17,LICNETFGSC,LICNAMC - LICNMFET,29.73,29.84,29.3,29.51,29.73,19745
2026-08-17,LICNMID100,LICNAMC - LICNMID100,64.46,64.46,63.35,64.17,64.46,3791
2026-08-17,LICI,LIFE INSURA CORP OF INDIA,413.45,414.85,410.0,410.0,413.5,4621227
2026-08-17,LIKHITHA,LIKHITHA INFRASTRUC LTD,213.01,216.1,205.2,206.67,217.17,75594
2026-08-17,LINC,LINC LIMITED,97.05,99.43,97.0,97.28,97.92,11072
2026-08-17,LINCOLN,LINCOLN PHARMA LTD,618.9,628.9,612.55,623.35,613.4,38412
2026-08-17,LINDEINDIA,LINDE INDIA LIMITED,6705.0,6770.0,6575.0,6732.0,6696.0,30727
2026-08-17,LLOYDSENGG,LLOYDS ENGG WORK LIMITED,93.54,93.95,91.01,91.21,93.53,5124804
2026-08-17,LLOYDSENT,LLOYDS ENTERPRISES LTD,76.5,76.74,74.52,75.65,76.49,2487907
2026-08-17,LLOYDSME,LLOYDS METALS N ENERGY L,1920.0,1947.0,1908.4,1942.0,1918.6,264020
2026-08-17,LMW,LMW LIMITED,19047.0,20151.0,18765.0,20047.0,18921.0,22275
2026-08-17,LODHA,LODHA DEVELOPERS LIMITED,1243.4,1254.0,1220.6,1254.0,1243.9,856360
2026-08-17,LCL,LOHIA CORP LIMITED,532.6,553.5,524.65,546.2,528.95,564297
2026-08-17,LORDSCHLO,LORDS CHLORO ALKALI LTD,139.4,142.0,135.02,139.98,138.53,12952
2026-08-17,LAL,LORENZINI APPARELS LTD,9.05,9.05,8.36,8.72,8.8,18445
2026-08-17,LOTUSCHO,LOTUS CHOCOLATE CO. LTD.,620.0,635.0,595.9,622.05,622.4,829
2026-08-17,LOTUSEYE,LOTUS EYE HOSP & INST L,115.22,119.0,115.22,115.83,115.22,4017
2026-08-17,LOVABLE,LOVABLE LINGERIE LTD,72.05,73.99,71.52,72.04,72.7,7868
2026-08-17,LOYALTEX,LOYAL TEXTILE MILLS LTD,234.94,234.94,220.0,221.0,218.2,590
2026-08-17,LTFOODS,LT FOODS LIMITED,419.8,421.5,416.0,417.15,419.8,202754
2026-08-17,LTM,LTM LIMITED,4715.0,4715.0,4602.0,4700.0,4715.0,291825
2026-08-17,LUMAXTECH,LUMAX AUTO TECH LTD,2040.1,2074.3,2026.2,2049.0,2025.7,134817
2026-08-17,LUMAXIND,LUMAX INDUSTRIES LTD,5800.0,5876.0,5767.5,5792.0,5796.5,6502
2026-08-17,LUPIN,LUPIN LIMITED,2231.5,2266.0,2220.3,2259.0,2235.0,730234
2026-08-17,LUXIND,LUX INDUSTRIES LIMITED,1165.0,1224.0,1154.1,1209.0,1188.1,48400
2026-08-17,MBEL,M AND B ENGINEERING LTD,277.0,286.0,273.0,283.3,270.4,292642
2026-08-17,MKEXIM,M K EXIM (INDIA) LTD.,58.65,58.7,45.7,53.91,56.12,2523
2026-08-17,MKPL,M K PROTEINS LIMITED,4.16,4.18,4.0,4.11,4.13,73956
2026-08-17,MCL,M TEK COPPER LIMITED,56.21,60.9,56.21,60.47,57.2,130412
2026-08-17,M&MFIN,M&M FIN. SERVICES LTD,390.1,394.45,386.0,388.9,390.1,1488649
2026-08-17,MAANALU,MAAN ALUMINIUM LIMITED,123.8,123.8,118.01,119.33,120.15,42879
2026-08-17,MCCHRLS-B,MAC CHARLES (INDIA) LTD.,700.0,700.0,650.0,677.1,679.35,223
2026-08-17,MACPOWER,MACPOWER CNC MACHINES LTD,1739.9,1800.0,1724.4,1781.4,1749.3,28467
2026-08-17,MADHAVIPL,MADHAV INFRA PROJECTS L,7.21,7.33,7.0,7.04,7.07,69932
2026-08-17,MADHAV,MADHAV MARBLE & GRANITE,36.5,36.5,35.04,35.87,35.04,5523
2026-08-17,MBAPL,MADHYA BHARAT AGRO P. LTD,172.0,172.85,164.11,164.73,168.46,1292985
2026-08-17,MADRASFERT,MADRAS FERTILISERS LTD,65.56,65.97,64.2,65.03,65.56,44022
2026-08-17,MAFATIND,MAFATLAL INDUSTRIES LTD.,123.0,126.0,120.28,124.21,122.55,37172
2026-08-17,MAGADSUGAR,MAGADH SUGAR & ENERGY LTD,543.5,582.55,542.4,570.65,543.3,88459
2026-08-17,MCLOUD,MAGELLANIC CLOUD LIMITED,27.48,28.17,26.21,26.77,28.48,6541275
2026-08-17,MAGNUM,MAGNUM VENTURES LTD.,19.14,19.52,19.14,19.28,19.03,14737
2026-08-17,MAHAPEXLTD,MAHA RASHTRA APEX COPR. L,50.41,54.99,50.41,54.09,50.41,45119
2026-08-17,MFML,MAHALAXMI FABRIC MILLS LT,19.34,19.34,18.62,18.67,19.34,1077
2026-08-17,MHLXMIRU,MAHALAXMI RUBTECH LIMITED,195.0,195.0,186.0,186.27,188.77,16277
2026-08-17,MGL,MAHANAGAR GAS LTD.,1139.0,1152.9,1121.1,1129.1,1138.7,294287
2026-08-17,MTNL,MAHANAGAR TELEPHONE NIGAM,26.21,28.8,26.0,27.08,26.35,5419131
2026-08-17,MAHSCOOTER,MAHARASHTRA SCOOTERS LTD,13399.0,13527.0,13230.0,13449.0,13330.0,1471
2026-08-17,MAHSEAMLES,MAHARASHTRA SEAMLESS LTD,612.45,623.35,606.4,622.0,612.45,106253
2026-08-17,M&M,MAHINDRA & MAHINDRA LTD,3428.3,3451.9,3388.3,3390.4,3428.3,1756791
2026-08-17,MAHEPC,MAHINDRA EPC IRRIG LTD,108.0,109.45,106.05,107.31,107.56,21754
2026-08-17,MHRIL,MAHINDRA HOLIDAYS LTD,227.9,229.19,224.1,224.89,226.62,65514
2026-08-17,MAHLIFE,MAHINDRA LIFESPACE DEVLTD,386.1,390.25,375.35,386.65,384.9,125955
2026-08-17,MAHLOG,MAHINDRA LOGISTIC LIMITED,403.85,407.75,397.35,404.95,405.5,161545
2026-08-17,MAITHANALL,MAITHAN ALLOYS LTD,971.25,986.0,960.0,980.0,971.25,33036
2026-08-17,MAKERSL,MAKERS LABORATORIES LTD.,164.6,171.95,150.05,152.59,156.1,315
2026-08-17,MALLCOM,MALLCOM (INDIA) LIMITED,960.0,993.4,950.0,956.0,969.55,3828
2026-08-17,MALUPAPER,MALU PAPER MILLS LIMITED,31.5,32.0,31.25,31.85,31.63,7050
2026-08-17,MAMATA,MAMATA MACHINERY LIMITED,398.05,422.0,397.25,405.6,426.5,189448
2026-08-17,MANAKCOAT,MAN COAT METAL & IND LTD,116.3,124.0,115.3,121.88,116.35,484555
2026-08-17,MANINDS,MAN INDUSTRIES (I) LTD.,607.15,634.0,599.45,630.35,599.45,900960
2026-08-17,MANINFRA,MAN INFRA LTD,106.15,107.25,103.6,104.12,106.15,1434348
2026-08-17,MANAKALUCO,MANAK ALUMINIUM CO. LTD.,39.33,39.33,38.0,38.11,39.33,69502
2026-08-17,MANAKSIA,MANAKSIA LTD.,59.99,60.45,58.22,58.87,59.0,12573
2026-08-17,MANAKSTEEL,MANAKSIA STEELS LTD,85.0,88.2,84.69,85.03,86.12,68020
2026-08-17,MANALIPETC,MANALI PETROCHEMICALS LT,69.29,69.75,67.1,67.64,69.27,492082
2026-08-17,MANAPPURAM,MANAPPURAM FINANCE LTD,347.05,350.35,344.2,348.6,349.0,2734419
2026-08-17,MANBA,MANBA FINANCE LIMITED,130.02,132.07,129.5,130.52,130.02,88148
2026-08-17,MANBRO,MANBRO INDUSTRIES LTD.,59.1,59.1,52.0,54.0,53.73,98276
2026-08-17,MANCREDIT,MANGAL CREDIT N FINCORP L,239.7,240.06,233.0,236.73,238.07,90084
2026-08-17,MEIL,MANGAL ELECTRICAL IND L,270.8,273.5,268.05,269.45,272.5,17786
2026-08-17,MANGLMCEM,MANGALAM CEMENT LTD,890.9,890.9,870.0,872.55,896.35,24801
2026-08-17,MANGALAM,MANGALAM DRUG & CHEM LTD,28.21,28.79,27.5,27.84,28.07,23536
2026-08-17,MANORG,MANGALAM ORGANICS LIMITED,442.5,456.9,441.35,447.65,449.9,33434
2026-08-17,MSL,MANGALAM SEEDS LTD.,138.5,139.3,138.5,139.0,135.8,51
2026-08-17,MWL,MANGALAM WORLDWIDE LTD,41.28,41.28,40.43,40.91,41.28,488230
2026-08-17,MANIPALHOS,MANIPAL HEALTH ENTERPRI L,714.95,730.0,700.15,722.9,706.95,2156071
2026-08-17,MANKIND,MANKIND PHARMA LIMITED,2419.0,2423.0,2369.5,2380.9,2425.2,810528
2026-08-17,MVGJL,MANOJ VAIBHAV GEM N JEW L,156.2,158.58,150.0,152.64,157.14,108471
2026-08-17,MANOMAY,MANOMAY TEX INDIA LTD,216.72,217.67,210.6,215.35,215.12,55992
2026-08-17,MANORAMA,MANORAMA INDUSTRIES LTD,1775.0,2043.0,1745.5,1943.4,1737.1,7248199
2026-08-17,MARALOVER,MARAL OVERSEAS LTD,52.98,55.99,52.2,53.15,53.1,8490
2026-08-17,MARATHON,MARATHON NXTGEN REALT LTD,361.6,368.45,355.1,358.8,365.15,48617
2026-08-17,MARICO,MARICO LIMITED,865.2,867.35,852.05,852.05,865.2,970523
2026-08-17,MARINE,MARINE ELECTRICAL (I) LTD,370.0,379.0,364.1,367.1,370.7,887408
2026-08-17,MARKOLINES,MARKOLINES PAVEMENT TEC L,175.25,176.94,170.17,171.65,175.12,153067
2026-08-17,MARKSANS,MARKSANS PHARMA LIMITED,337.3,345.5,325.45,331.45,333.0,13018565
2026-08-17,MARSONS,MARSONS LIMITED,104.8,106.78,103.55,104.8,104.52,803250
2026-08-17,MARUTI,MARUTI SUZUKI INDIA LTD.,13834.0,13920.0,13760.0,13760.0,13834.0,177071
2026-08-17,MASFIN,MAS FINANCIAL SERV LTD,302.0,307.5,299.7,305.3,301.5,247497
2026-08-17,MASTEK,MASTEK LTD,1830.7,1832.5,1801.1,1811.8,1832.2,21273
2026-08-17,MASTERTR,MASTER TRUST LIMITED,78.97,80.32,78.0,78.48,78.38,190489
2026-08-17,MATRIMONY,MATRIMONY.COM LIMITED,538.0,550.0,522.55,543.05,538.4,19707
2026-08-17,MAWANASUG,MAWANA SUGARS LIMITED,116.97,125.88,116.49,124.06,116.04,854475
2026-08-17,MAXESTATES,MAX ESTATES LIMITED,444.25,482.0,444.25,474.35,441.95,777179
2026-08-17,MFSL,MAX FINANCIAL SERV LTD,1533.0,1571.7,1522.2,1571.7,1538.1,698850
2026-08-17,MAXHEALTH,MAX HEALTHCARE INS LTD,1009.1,1022.6,994.5,1003.7,1008.6,2340277
2026-08-17,MAXIND,MAX INDIA LIMITED,153.21,153.21,148.1,150.33,151.13,99018
2026-08-17,MAYURUNIQ,MAYUR UNIQUOTERS LTD,749.5,751.45,723.65,732.2,744.4,121236
2026-08-17,MAZDOCK,MAZAGON DOCK SHIPBUIL LTD,2594.9,2619.5,2551.0,2569.7,2580.0,595816
2026-08-17,MBLINFRA,MBL INFRASTRUCTURE LTD,25.29,25.29,24.1,24.38,24.61,24458
2026-08-17,MCLEODRUSS,MCLEOD RUSSEL INDIA LTD.,47.9,47.9,44.61,44.85,46.27,313061
2026-08-17,MEDIASSIST,MEDI ASSIST HEALTH SER L,350.45,353.0,341.4,343.5,348.7,161780
2026-08-17,MEDICAPQ,MEDI CAPS LTD.,26.21,27.96,23.24,25.26,27.09,1151
2026-08-17,MMWL,MEDIA MATRIX WORLDWIDE L,15.87,15.87,15.1,15.21,15.87,38276
2026-08-17,MEDICAMEQ,MEDICAMEN BIOTECH LIMITED,232.0,238.89,215.0,219.88,240.45,59925
2026-08-17,MEDICO,MEDICO REMEDIES LIMITED,45.56,45.95,43.15,44.27,45.58,231477
2026-08-17,MEDPLUS,MEDPLUS HEALTH SERV LTD,669.0,669.05,655.1,656.5,668.95,112171
2026-08-17,MEESHO,MEESHO LIMITED,191.0,194.56,191.0,193.82,191.16,5004269
2026-08-17,MEGASTAR,MEGASTAR FOODS LIMITED,314.85,315.4,307.15,311.75,315.6,1179
2026-08-17,MOL,MEGHMANI ORGANICS LIMITED,63.99,64.8,62.1,62.97,63.23,3684767
2026-08-17,MIIL,MEGHNA INFRACON INFRA L,690.0,715.0,660.0,682.55,681.4,30462
2026-08-17,MENNPIS,MENON PISTONS LTD.,72.31,73.59,70.91,71.81,73.72,58843
2026-08-17,MERCANTILE,MERCANTILE VENTURES LTD.,23.65,24.99,23.65,24.5,24.07,4104
2026-08-17,MERCURYEV,MERCURY EV-TECH LIMITED,36.85,36.85,35.43,35.59,36.08,210707
2026-08-17,METROBRAND,METRO BRANDS LIMITED,947.9,951.9,940.0,942.8,944.1,24131
2026-08-17,METROGLOBL,METROGLOBAL LTD.,145.1,165.0,145.0,154.74,146.11,114739
2026-08-17,METROPOLIS,METROPOLIS HEALTHCARE LTD,543.5,553.95,539.15,550.75,545.5,195173
2026-08-17,MIDWESTLTD,MIDWEST LIMITED,1139.3,1144.0,1097.1,1110.0,1125.7,25221
2026-08-17,MLKFOOD,MILKFOOD LTD.,89.0,90.0,78.01,81.44,80.03,10534
2026-08-17,MINALIND,MINAL INDUSTRIES LTD.,2.07,2.2,2.05,2.06,2.07,12666
2026-08-17,MINDACORP,MINDA CORPORATION LTD,721.55,732.55,720.0,725.15,720.05,587785
2026-08-17,MINDTECK,MINDTECK (INDIA) LIMITED,178.0,178.0,174.0,175.45,177.85,22220
2026-08-17,ALPHAETF,MIRAEAMC - ALPHAETF,27.2,27.2,26.54,26.82,26.67,441579
2026-08-17,BANKETF,MIRAEAMC - BANKETF,585.02,589.69,583.52,587.66,587.02,11243
2026-08-17,BANKPSU,MIRAEAMC - BANKPSU,89.75,89.75,86.8,88.09,87.99,10533
2026-08-17,CONSUMER,MIRAEAMC - CONSUMER,12.29,12.33,12.2,12.28,12.29,938901
2026-08-17,DEFENCE,MIRAEAMC - DEFENCE,83.41,84.11,82.45,82.69,82.46,301415
2026-08-17,DIVIDEND,MIRAEAMC - DIVIDEND,35.97,35.97,35.75,35.91,35.97,4570
2026-08-17,ENERGY,MIRAEAMC - ENERGY,39.17,39.17,38.7,38.95,38.78,163596
2026-08-17,EQUAL200,MIRAEAMC - EQUAL200,14.12,14.12,13.97,14.05,14.05,24674
2026-08-17,EQUAL50,MIRAEAMC - EQUAL50,336.64,336.93,334.97,336.8,337.0,4452
2026-08-17,EVINDIA,MIRAEAMC - EVINDIA,34.08,34.26,34.06,34.12,34.16,324707
2026-08-17,HEALTHCARE,MIRAEAMC - HEALTHCARE,21.57,21.67,21.5,21.55,21.57,20516
2026-08-17,HYBRIDETF,MIRAEAMC - HYBRIDETF,10.15,10.17,10.13,10.17,10.16,136794
2026-08-17,INFRA,MIRAEAMC - INFRA,12.27,12.3,12.21,12.28,12.27,23287
2026-08-17,INTERNET,MIRAEAMC - INTERNET,14.27,14.39,14.26,14.35,14.27,345326
2026-08-17,ITETF,MIRAEAMC - ITETF,33.2,33.25,32.6,32.66,33.2,167175
2026-08-17,LIQUID,MIRAEAMC - LIQUID,999.99,1000.0,999.99,999.99,999.99,149724
2026-08-17,LIQUIDPLUS,MIRAEAMC - LIQUIDPLUS,1099.21,1099.23,1099.21,1099.21,1099.09,948006
2026-08-17,ESG,MIRAEAMC - MAESGETF,42.06,42.06,41.79,41.95,42.06,105549
2026-08-17,MAFANG,MIRAEAMC - MAFANG,211.42,211.42,210.0,211.42,207.39,212824
2026-08-17,BFSI,MIRAEAMC - MAFSETF,27.98,27.98,27.1,27.31,27.3,3900354
2026-08-17,GOLDETF,MIRAEAMC - MAGOLDETF,148.0,148.89,148.0,148.56,147.18,1842064
2026-08-17,GSEC10YEAR,MIRAEAMC - MAGS813ETF,30.55,30.78,30.55,30.61,30.55,7095
2026-08-17,MAHKTECH,MIRAEAMC - MAHKTECH,22.82,23.5,22.82,23.26,23.41,1093296
2026-08-17,MIDCAPETF,MIRAEAMC - MAM150ETF,23.5,24.49,23.5,23.98,23.98,3113032
2026-08-17,MAKEINDIA,MIRAEAMC - MAMFGETF,170.51,170.51,168.21,169.29,168.82,73257
2026-08-17,NIFTYETF,MIRAEAMC - MAN50ETF,259.06,265.71,259.06,265.37,265.71,327980
2026-08-17,LOWVOL,MIRAEAMC - MANV30F,210.52,210.54,209.59,209.6,210.85,3285
2026-08-17,NEXT50,MIRAEAMC - MANXT50,770.85,772.72,767.01,770.26,770.84,20057
2026-08-17,SILVERAG,MIRAEAMC - MASILVER,231.72,231.72,225.5,227.28,224.97,338345
2026-08-17,MASPTOP50,MIRAEAMC - MASPTOP50,81.26,81.26,81.26,81.26,80.72,109121
2026-08-17,METAL,MIRAEAMC - METAL,12.95,13.35,12.95,13.26,13.12,3568798
2026-08-17,MIDSMALL,MIRAEAMC - MIDSMALL,52.19,52.43,51.9,52.41,52.19,201931
2026-08-17,MOMMIDCAP,MIRAEAMC - MOMMIDCAP,12.69,13.47,12.69,13.11,13.02,1786494
2026-08-17,MULTICAP,MIRAEAMC - MULTICAP,16.58,17.01,16.58,16.94,16.92,196353
2026-08-17,SELECTIPO,MIRAEAMC - SELECTIPO,48.55,48.58,48.36,48.42,48.55,53761
2026-08-17,SENSEXETF,MIRAEAMC - SENSEXETF,80.39,80.56,80.01,80.32,80.58,11322
2026-08-17,SMALL250,MIRAEAMC - SMALL250,18.47,18.49,18.26,18.41,18.34,353777
2026-08-17,SMALLCAP,MIRAEAMC - SMALLCAP,48.44,48.62,48.21,48.5,48.44,2184139
2026-08-17,TOP20,MIRAEAMC - TOP20,9.29,9.29,9.0,9.03,9.07,93914
2026-08-17,VALUE,MIRAEAMC - VALUE,16.16,16.26,16.1,16.24,16.16,16294
2026-08-17,MIRZAINT,MIRZA INTERNATIONAL LIMIT,31.66,32.5,31.0,31.44,31.73,269836
2026-08-17,MIDHANI,MISHRA DHATU NIGAM LTD,418.45,437.4,413.05,428.6,416.7,2406627
2026-08-17,MITTAL,MITTAL LIFE STYLE LIMITED,0.91,0.92,0.9,0.9,0.91,729721
2026-08-17,MMFL,MM FORGINGS LTD,590.0,639.95,563.05,632.3,589.75,452123
2026-08-17,MMP,MMP INDUSTRIES LIMITED,340.9,355.9,338.55,350.0,337.5,96918
2026-08-17,MMTC,MMTC LIMITED,64.58,64.63,63.5,63.81,64.35,633055
2026-08-17,MODTHREAD,MODERN THREADS INDIA LTD,52.0,57.93,51.2,57.64,48.28,192105
2026-08-17,MODIRUBBER,MODI RUBBER LTD,118.0,118.5,111.21,117.1,119.33,13801
2026-08-17,MODIS,MODIS NAVNIRMAN LTD,403.05,424.9,400.05,415.6,400.05,156149
2026-08-17,MOHITIND,MOHIT INDUSTRIES LTD,23.95,25.0,23.02,23.22,23.81,13149
2026-08-17,MOHITE,MOHITE INDUSTRIES LTD.,2.8,2.8,2.15,2.49,2.68,84012
2026-08-17,MOIL,MOIL LIMITED,275.0,275.8,269.2,272.8,274.15,490786
2026-08-17,MOKSH,MOKSH ORNAMENTS LIMITED,10.53,11.18,10.53,10.73,10.53,108111
2026-08-17,MOLBIO,MOLBIO DIAGNOSTICS LTD,980.0,1064.75,926.35,1041.7,807.0,15977892
2026-08-17,MOLDTKPAC,MOLD-TEK PACKAGING LTD,690.0,693.55,676.5,680.15,694.4,51668
2026-08-17,MONARCH,MONARCH NETWORTH CAP LTD,393.5,393.5,386.2,389.05,390.6,68116
2026-08-17,MONEYBOXX,MONEYBOXX FINANCE LIMITED,59.39,59.39,57.1,57.19,58.49,3139
2026-08-17,MONTECARLO,MONTE CARLO FASHIONS LTD.,516.0,525.6,515.05,524.3,508.4,78932
2026-08-17,MOREPENLAB,MOREPEN LAB. LTD,84.9,90.49,83.21,89.82,84.19,45628218
2026-08-17,MOSCHIP,MOSCHIP TECHNOLOGIES LTD,209.0,213.69,208.96,211.72,208.31,1676344
2026-08-17,MSUMI,MOTHERSON SUMI WRNG IND L,40.25,40.64,40.0,40.33,40.35,4799817
2026-08-17,MOM100,MOTILAL OS MIDCAP100 ETF,68.86,69.18,68.46,68.78,68.86,270168
2026-08-17,MON100,MOTILAL OS NASDAQ100 ETF,336.81,336.81,336.81,336.81,332.6,232753
2026-08-17,MOTILALOFS,MOTILAL OSWAL FIN LTD,903.65,964.0,897.1,955.0,903.7,5976448
2026-08-17,MOM50,MOTILAL OSWAL M50 ETF,254.23,255.62,254.23,254.28,254.25,3098
2026-08-17,MOGSEC,MOTILALAMC - G5,65.5,65.8,65.35,65.5,65.5,2380
2026-08-17,MOALPHA50,MOTILALAMC - MOALPHA50,57.27,57.27,55.8,56.24,56.15,9412
2026-08-17,MOBANK10,MOTILALAMC - MOBANK10,17.09,17.09,16.81,17.04,16.93,17846
2026-08-17,MOCAPITAL,MOTILALAMC - MOCAPITAL,53.25,53.74,52.5,53.6,53.26,2055858
2026-08-17,MODEFENCE,MOTILALAMC - MODEFENCE,108.4,108.76,106.56,108.22,107.64,1660379
2026-08-17,MOENERGY,MOTILALAMC - MOENERGY,39.33,39.33,38.54,38.88,38.82,1712392
2026-08-17,MOGOLD,MOTILALAMC - MOGOLD,150.3,151.6,150.3,150.85,149.95,24661
2026-08-17,MOHEALTH,MOTILALAMC - MOHEALTH,52.25,52.25,51.4,51.41,51.76,26366
2026-08-17,MOINFRA,MOTILALAMC - MOINFRA,59.94,59.94,59.27,59.79,59.94,9066
2026-08-17,MOIPO,MOTILALAMC - MOIPO,48.76,48.76,48.4,48.43,48.76,5843
2026-08-17,MOLOWVOL,MOTILALAMC - MOLOWVOL,37.03,37.22,36.99,37.22,37.36,35377
2026-08-17,MOMENTUM50,MOTILALAMC - MOMENTUM50,55.5,55.5,54.0,54.38,54.41,394297
2026-08-17,MOMETAL,MOTILALAMC - MOMETAL,13.05,13.15,12.96,13.15,13.05,4619
2026-08-17,MOMGF,MOTILALAMC - MOMGF,165.96,166.26,165.12,166.21,165.88,4884
2026-08-17,MOMIDMTM,MOTILALAMC - MOMIDMTM,65.79,66.34,64.75,65.28,65.04,179621
2026-08-17,MOMNC,MOTILALAMC - MOMNC,33.92,33.92,33.62,33.68,33.76,1107
2026-08-17,MOMOMENTUM,MOTILALAMC - MOMOMENTUM,62.96,63.2,62.63,63.11,62.96,74424
2026-08-17,MON50EQUAL,MOTILALAMC - MON50EQUAL,33.82,33.89,33.66,33.82,33.9,9925
2026-08-17,MONEXT50,MOTILALAMC - MONEXT50,74.44,75.0,74.25,74.99,74.66,1058
2026-08-17,MONIFTY100,MOTILALAMC - MONIFTY100,25.6,25.83,25.54,25.74,25.8,50375
2026-08-17,MONIFTY500,MOTILALAMC - MONIFTY500,24.2,24.45,24.06,24.27,24.21,547413
2026-08-17,MONQ50,MOTILALAMC - MONQ50,151.4,151.4,151.4,151.4,150.15,14845
2026-08-17,MOOILGAS,MOTILALAMC - MOOILGAS,11.43,11.43,11.17,11.27,11.21,3590
2026-08-17,MOPSE,MOTILALAMC - MOPSE,100.28,100.65,99.74,100.61,100.39,11196
2026-08-17,MOQUALITY,MOTILALAMC - MOQUALITY,204.7,205.63,204.55,204.9,205.35,1141
2026-08-17,MOREALTY,MOTILALAMC - MOREALTY,88.74,91.7,88.73,91.45,89.67,704835
2026-08-17,MOSERVICE,MOTILALAMC - MOSERVICE,31.19,31.32,31.17,31.3,31.4,65946
2026-08-17,MOSILVER,MOTILALAMC - MOSILVER,234.28,234.28,229.6,230.87,229.02,40896
2026-08-17,MOSMALL250,MOTILALAMC - MOSMALL250,18.44,18.49,18.24,18.39,18.43,797069
2026-08-17,MOTOUR,MOTILALAMC - MOTOUR,80.18,80.5,79.62,80.29,80.18,488784
2026-08-17,MOVALUE,MOTILALAMC - MOVALUE,111.84,115.25,111.84,114.48,114.71,46372
2026-08-17,MOTISONS,MOTISONS JEWELLERS LTD,17.33,17.38,15.95,16.54,16.75,132331249
2026-08-17,MPHASIS,MPHASIS LIMITED,2535.2,2546.0,2482.0,2510.0,2545.0,383371
2026-08-17,MPSLTD,MPS LIMITED,2849.9,2849.9,2795.0,2814.8,2808.7,18918
2026-08-17,MRF,MRF LTD,133235.0,133320.0,132450.0,133015.0,133490.0,2047
2026-08-17,MRPL,MRPL,171.0,177.77,170.25,177.15,170.54,10348625
2026-08-17,BECTORFOOD,MRS BECTORS FOOD SPE LTD,242.34,257.5,238.1,255.3,240.37,3461884
2026-08-17,MSPL,MSP STEEL & POWER LTD.,33.41,34.75,33.1,34.47,33.48,681337
2026-08-17,MSTCLTD,MSTC LIMITED,623.4,657.0,623.0,653.2,623.4,844307
2026-08-17,MUFIN,MUFIN GREEN FINANCE LTD,136.88,138.9,135.01,135.87,135.54,871912
2026-08-17,MUKANDLTD,MUKAND LTD.,134.48,136.0,132.19,135.27,134.14,58735
2026-08-17,MUKESHB,MUKESH BABU FINANC SER L,147.15,147.15,147.0,147.0,140.15,8
2026-08-17,MUKKA,MUKKA PROTEINS LIMITED,27.0,27.97,26.65,27.53,26.5,1387070
2026-08-17,MCX,MULTI COMMODITY EXCHANGE,2913.1,2981.0,2892.1,2933.1,2911.5,1222769
2026-08-17,MUNJALAU,MUNJAL AUTO IND. LTD.,119.81,130.6,118.4,119.72,120.53,9459408
2026-08-17,MUNJALSHOW,MUNJAL SHOWA LTD,137.25,141.49,136.3,136.62,138.21,71604
2026-08-17,MURUDCERA,MURUDESHWAR CERAMICS LTD,30.5,31.05,30.2,30.49,30.5,9258
2026-08-17,RADIOCITY,MUSIC BROADCAST LIMITED,6.98,6.98,6.62,6.66,6.71,18450
2026-08-17,MUTHOOTCAP,MUTHOOT CAP SERV LTD,255.41,261.5,252.0,258.69,255.41,9851
2026-08-17,MUTHOOTFIN,MUTHOOT FINANCE LIMITED,2840.0,2919.0,2829.1,2888.5,2842.0,825843
2026-08-17,MUTHOOTMF,MUTHOOT MICROFIN LIMITED,209.0,212.0,206.0,208.12,208.41,263043
2026-08-17,MVELECTRO,MV ELECTROSYSTEMS LIMITED,588.0,595.0,566.5,570.1,588.65,678775
2026-08-17,NRAIL,N R AGARWAL INDS LTD,531.0,534.8,508.0,509.9,523.95,9387
2026-08-17,NTCIND,N T C INDUSTRIES LTD.,155.0,155.0,144.0,144.45,145.0,3086
2026-08-17,NBIFIN,N.B.I. IND. FIN. CO. LTD,2085.0,2116.3,2060.0,2064.0,2092.5,207
2026-08-17,NACLIND,NACL INDUSTRIES LIMITED,166.59,178.35,165.32,173.45,166.54,1031474
2026-08-17,NDGL,NAGA DHUNSERI GROUP LTD,3100.0,3100.0,2800.0,2878.7,2927.9,890
2026-08-17,NAGREEKCAP,NAGREEKA CAP & INFR.LTD,24.6,24.8,23.36,23.5,23.84,11783
2026-08-17,NAGREEKEXP,NAGREEKA EXPORTS LTD.,25.3,25.3,23.7,24.26,24.32,254828
2026-08-17,NAHARCAP,NAHAR CAP & FIN.,256.06,258.0,252.6,255.62,256.06,1067
2026-08-17,NAHARINDUS,NAHAR INDS ENT LTD,123.25,125.72,116.64,117.38,122.04,85593
2026-08-17,NAHARPOLY,NAHAR POLY FILMS LIMITED,242.9,245.5,237.15,237.65,243.3,4797
2026-08-17,NAHARSPING,NAHAR SPINNING MILLS LTD.,302.0,302.0,292.2,296.7,302.0,37281
2026-08-17,NSIL,NALWA SONS INVESTMENT LTD,5500.0,5589.0,5461.0,5555.0,5496.0,1609
2026-08-17,NDL,NANDAN DENIM LIMITED,2.32,2.34,2.3,2.33,2.32,653350
2026-08-17,JAIPURKURT,NANDANI CREATION LIMITED,27.49,28.0,26.65,27.43,27.49,3016
2026-08-17,NH,NARAYANA HRUDAYALAYA LTD.,1841.0,1842.2,1813.0,1828.5,1832.6,196058
2026-08-17,NARMADA,NARMADA AGROBASE LIMITED,15.4,15.4,13.01,14.45,15.19,885361
2026-08-17,NATCOPHARM,NATCO PHARMA LTD.,896.1,897.1,870.2,889.8,903.15,844481
2026-08-17,NATHBIOGEN,NATH BIO-GENES (I) LTD,158.0,158.0,154.01,154.43,155.06,7013
2026-08-17,NATIONALUM,NATIONAL ALUMINIUM CO LTD,377.9,391.5,376.5,387.55,376.0,9724992
2026-08-17,NFL,NATIONAL FERT. LTD,71.5,71.95,71.2,71.54,71.81,371304
2026-08-17,NATIONSTD,NATIONAL STAND (INDIA) L,141.05,141.05,141.05,141.05,148.47,1722
2026-08-17,NATCAPSUQ,NATURAL CAPSULES LIMITED,154.89,154.89,147.79,148.75,149.72,12313
2026-08-17,NAVA,NAVA LIMITED,579.8,579.8,555.5,559.65,572.65,530275
2026-08-17,NAVINFLUOR,NAVIN FLUORINE INT. LTD,8255.0,8288.5,8110.0,8151.0,8235.0,123002
2026-08-17,NAVKARCORP,NAVKAR CORPORATION LTD.,98.6,99.61,98.2,98.89,99.49,142736
2026-08-17,NAVNETEDUL,NAVNEET EDUCATION LTD,134.01,135.0,133.3,134.54,134.01,51315
2026-08-17,NAZARA,NAZARA TECHNOLOGIES LTD,356.05,357.0,349.1,350.1,355.9,659087
2026-08-17,NBCC,NBCC (INDIA) LIMITED,89.46,90.26,88.54,89.75,89.15,6941578
2026-08-17,NCC,NCC LIMITED,140.65,140.88,138.25,139.4,140.65,1284811
2026-08-17,NCLIND,NCL INDUSTRIES LIMITED,172.85,173.43,170.15,172.02,172.57,25625
2026-08-17,NDLVENTURE,NDL VENTURES LIMITED,130.9,130.9,121.55,123.56,127.46,18597
2026-08-17,NDRAUTO,NDR AUTO COMPONENTS LTD,806.3,814.3,798.0,803.55,817.0,21919
2026-08-17,NDTV,NDTV LTD,76.88,77.0,75.5,76.34,76.53,69410
2026-08-17,NECLIFE,NECTAR LIFESCIENCES LTD.,11.0,11.55,11.0,11.23,11.0,263918
2026-08-17,NEAGI,NEELAMALAI AGRO INDS. L,3001.0,3295.9,3001.0,3295.9,3139.0,668
2026-08-17,NELCAST,NELCAST LIMITED,117.55,117.63,116.43,116.94,117.78,70797
2026-08-17,NELCO,NELCO LTD,1030.0,1120.0,1023.6,1081.5,1024.6,1036912
2026-08-17,NEOGEN,NEOGEN CHEMICALS LIMITED,2223.0,2302.2,2181.7,2270.1,2204.9,240329
2026-08-17,NEPHROPLUS,NEPHROCARE HEALTH SERV L,702.2,704.8,691.0,694.65,696.7,111668
2026-08-17,NESCO,NESCO LTD.,1038.0,1050.0,1028.2,1046.3,1038.0,26304
2026-08-17,NESTLEIND,NESTLE INDIA LIMITED,1500.0,1503.7,1468.5,1470.0,1499.1,1721057
2026-08-17,NETWEB,NETWEB TECH INDIA LTD,5022.0,5225.0,5008.3,5212.4,5007.2,1438746
2026-08-17,NPST,NETWORK PEOPLE SRV TECH L,1602.7,1679.0,1550.0,1622.8,1586.2,57087
2026-08-17,NETWORK18,NETWORK18 MEDIA & INV LTD,29.1,29.45,28.8,28.95,29.01,2121270
2026-08-17,NEULANDLAB,NEULAND LAB LTD.,23300.0,23843.0,22971.0,23661.0,23320.0,93991
2026-08-17,NEWGEN,NEWGEN SOFTWARE TECH LTD,537.8,539.0,525.55,534.85,535.15,427348
2026-08-17,NEXTMEDIA,NEXT MEDIAWORKS LIMITED,4.04,4.04,3.73,3.91,3.86,9765
2026-08-17,NGLFINE,NGL FINE CHEM LIMITED,3489.9,3490.0,2801.1,2908.4,3454.0,58561
2026-08-17,NHPC,NHPC LTD,76.69,76.89,76.01,76.6,76.9,3613311
2026-08-17,NIBE,NIBE LIMITED,1461.2,1468.0,1406.0,1439.0,1490.1,178720
2026-08-17,NIITMTS,NIIT LEARNING SYSTEMS LTD,242.7,245.79,238.0,239.01,240.96,91676
2026-08-17,NIITLTD,NIIT LIMITED,96.0,98.4,95.21,95.63,95.55,252230
2026-08-17,NILAINFRA,NILA INFRASTRUCTURES LTD,7.18,7.18,6.95,7.02,7.14,335671
2026-08-17,NILASPACES,NILA SPACES LIMITED,12.49,14.1,12.24,12.87,12.31,2994776
2026-08-17,NILE,NILE LTD.,1498.0,1505.7,1452.0,1477.6,1487.3,4952
2026-08-17,NILKAMAL,NILKAMAL LIMITED,1871.0,1874.9,1804.2,1810.0,1860.0,25967
2026-08-17,NIMBSPROJ,NIMBUS PROJECTS LIMITED,180.0,187.5,175.01,184.0,180.0,30652
2026-08-17,NINSYS,NINTEC SYSTEMS LIMITED,738.95,758.0,723.6,735.4,738.95,4020
2026-08-17,BANKBEES,NIP IND ETF BANK BEES,596.0,599.24,592.65,598.42,596.37,753459
2026-08-17,CONSUMBEES,NIP IND ETF CONSUMPTION,138.23,138.23,134.82,135.23,135.52,69878
2026-08-17,DIVOPPBEES,NIP IND ETF DIV OPP,78.42,79.2,78.2,78.5,78.97,45472
2026-08-17,NV20BEES,NIP IND ETF ETF NV20,141.35,142.89,139.55,140.96,141.24,17383
2026-08-17,GOLDBEES,NIP IND ETF GOLD BEES,125.87,126.76,125.87,126.42,125.13,23143007
2026-08-17,HNGSNGBEES,NIP IND ETF HANGSENG BEES,487.49,488.7,482.71,484.53,482.66,79749
2026-08-17,INFRABEES,NIP IND ETF INFRA BEES,976.93,980.15,969.4,977.79,976.93,10380
2026-08-17,ITBEES,NIP IND ETF IT,35.68,35.68,33.93,34.24,34.81,7911866
2026-08-17,JUNIORBEES,NIP IND ETF JUNIOR BEES,823.97,823.97,804.2,808.27,807.81,263187
2026-08-17,LIQUIDBEES,NIP IND ETF LIQUID BEES,999.62,1000.01,999.61,999.99,1000.0,1913872
2026-08-17,LTGILTBEES,NIP IND ETF LONGTERM GILT,30.19,30.19,30.02,30.05,30.12,1414240
2026-08-17,MID150BEES,NIP IND ETF MIDCAP 150,243.57,243.57,240.01,242.89,242.91,728275
2026-08-17,NIF100BEES,NIP IND ETF NIFTY 100,271.73,272.24,269.23,270.68,271.73,29334
2026-08-17,NIFTYBEES,NIP IND ETF NIFTY BEES,279.99,279.99,276.56,277.91,278.35,4989337
2026-08-17,PSUBNKBEES,NIP IND ETF PSU BANK BEES,97.52,97.81,96.11,97.65,97.52,1912418
2026-08-17,SHARIABEES,NIP IND ETF SHARIAH BEES,471.72,472.92,464.0,466.26,471.72,8733
2026-08-17,NAM-INDIA,NIPPON L I A M LTD,1167.1,1203.3,1155.1,1202.7,1167.9,1013133
2026-08-17,LIQGRWBEES,NIPPONAMC - LIQGRWBEES,1051.94,1051.96,1051.94,1051.95,1051.81,101910
2026-08-17,MANUFGBEES,NIPPONAMC - MANUFGBEES,169.27,169.27,166.01,167.28,169.27,10984
2026-08-17,AUTOBEES,NIPPONAMC - NETFAUTO,300.0,304.25,300.0,303.12,302.93,173538
2026-08-17,PHARMABEES,NIPPONAMC - NETFPHARMA,27.93,27.93,27.1,27.18,27.25,4658932
2026-08-17,SILVERBEES,NIPPONAMC - NETFSILVER,223.51,224.89,223.11,223.61,221.22,17613118
2026-08-17,SNXT30BEES,NIPPONAMC - SNXT30BEES,43.95,43.95,43.4,43.73,43.74,2544
2026-08-17,NIRAJ,NIRAJ CEMENT STRUC LTD,28.18,28.94,27.85,28.61,28.2,80720
2026-08-17,NIRLON,NIRLON LTD,630.0,644.85,620.0,621.5,626.6,9693
2026-08-17,NITCO,NITCO LIMITED,92.93,94.32,90.63,92.54,93.26,1485852
2026-08-17,NITINSPIN,NITIN SPINNERS LIMITED,553.0,562.2,545.0,553.75,552.95,84704
2026-08-17,NITIRAJ,NITIRAJ ENGINEERS LTD,205.5,207.99,200.05,203.23,205.89,1925
2026-08-17,NITTAGELA,NITTA GELATIN INDIA LTD.,1596.0,1645.0,1570.0,1589.1,1607.4,6161
2026-08-17,NIVABUPA,NIVA BUPA HEALTH INS CO L,82.5,83.75,82.1,82.71,82.72,527501
2026-08-17,NKIND,NK INDUSTRIES LTD,60.5,60.5,60.4,60.49,60.78,17
2026-08-17,NLCINDIA,NLC INDIA LIMITED,276.0,278.9,270.65,277.65,275.4,1400388
2026-08-17,NMDC,NMDC LTD.,83.1,85.5,81.05,85.5,84.4,40748162
2026-08-17,NSLNISP,NMDC STEEL LIMITED,43.0,43.78,40.48,41.76,44.5,18817302
2026-08-17,NOCIL,NOCIL LIMITED,162.4,164.25,161.32,163.71,161.42,177919
2026-08-17,NORBTEAEXP,NORBEN TEA & EXPORTS LTD,63.0,66.17,63.0,66.17,63.02,2481
2026-08-17,NORTHARC,NORTHERN ARC CAPITAL LTD,280.0,280.95,275.85,278.7,281.35,400473
2026-08-17,NOVARTIND,NOVARTIS INDIA LIMITED,1590.4,1627.7,1576.0,1589.1,1582.5,19092
2026-08-17,NRBBEARING,NRB BEARING LIMITED,464.3,487.0,458.95,484.05,458.9,963279
2026-08-17,NIBL,NRB INDUS. BEARINGS LTD.,34.9,34.9,32.5,32.72,33.29,10035
2026-08-17,NTPCGREEN,NTPC GREEN ENERGY LIMITED,92.69,92.69,91.29,92.14,91.93,1812550
2026-08-17,NTPC,NTPC LTD,340.0,340.3,335.7,337.0,340.0,7839848
2026-08-17,NUCLEUS,NUCLEUS SOFTWARE EXPORTS,704.0,719.05,683.45,713.8,703.9,23301
2026-08-17,NUVAMA,NUVAMA WEALTH MANAGE LTD,1679.0,1740.0,1675.2,1731.2,1670.1,620062
2026-08-17,NUVOCO,NUVOCO VISTAS CORP LTD,330.1,331.9,327.0,331.1,331.55,120491
2026-08-17,OBCL,OBCL LIMITED,54.45,54.45,53.5,53.99,54.43,4610
2026-08-17,OBEROIRLTY,OBEROI REALTY LIMITED,1849.0,1946.0,1832.9,1931.0,1846.0,1781893
2026-08-17,ODIGMA,ODIGMA CONSULTANCY SOL L,22.1,23.05,22.0,22.64,22.59,14976
2026-08-17,ODYCORP,ODYSSEY CORPORATION LTD.,6.93,7.99,5.71,7.15,6.8,5996
2026-08-17,ONGC,OIL AND NATURAL GAS CORP.,237.99,239.5,236.15,238.49,236.4,25342938
2026-08-17,OIL,OIL INDIA LTD,471.4,479.5,469.0,474.65,468.5,2654359
2026-08-17,OLAELEC,OLA ELECTRIC MOBILITY LTD,38.73,40.07,38.3,39.22,38.73,39919495
2026-08-17,OLECTRA,OLECTRA GREENTECH LIMITED,1315.0,1334.6,1306.9,1320.1,1316.9,271051
2026-08-17,OMINFRAL,OM INFRA LIMITED,84.73,88.35,84.73,86.87,85.04,58629
2026-08-17,OMPOWER,OM POWER TRANSMISSION LTD,169.94,169.94,166.43,167.96,169.95,34999
2026-08-17,OMAXAUTO,OMAX AUTOS LTD,204.96,208.49,193.01,195.24,204.96,92184
2026-08-17,OMAXE,OMAXE LIMITED,98.14,103.1,93.7,100.83,99.14,3203459
2026-08-17,OMNI,OMNITECH ENGINEERING LTD,579.8,580.8,559.0,564.45,579.0,417573
2026-08-17,PAYTM,ONE 97 COMMUNICATIONS LTD,1603.0,1619.0,1577.8,1580.2,1603.0,2137873
2026-08-17,ONEGLOBAL,ONE GLOBAL SERVICE PROV L,576.0,576.0,565.3,565.3,595.05,2001
2026-08-17,MOBIKWIK,ONE MOBIKWIK SYSTEMS LTD,203.0,204.03,200.54,202.83,203.21,574441
2026-08-17,ONEPOINT,ONE POINT ONE SOL LTD,58.5,58.75,56.71,57.21,58.38,530634
2026-08-17,KISSHT,ONEMI TECHNOLOGY SOL LTD,307.55,308.5,301.6,304.6,309.5,949197
2026-08-17,ONESOURCE,ONESOURCE SPECL PHARMA L,1557.5,1573.4,1533.1,1558.2,1559.2,104753
2026-08-17,ONIDA,ONIDA ELECTRONICS LIMITED,36.43,36.6,35.21,36.02,35.79,271253
2026-08-17,ONIXSOLAR,ONIX SOLAR ENERGY LTD.,393.95,393.95,375.4,375.4,395.15,10000
2026-08-17,ONWARDTEC,ONWARD TECHNOLOGIES LTD,284.0,289.3,282.2,286.75,284.05,29858
2026-08-17,OPTIEMUS,OPTIEMUS INFRACOM LTD,560.0,570.0,551.0,554.35,561.1,66989
2026-08-17,OPTIFIN,OPTIMUS FINANCE LTD.,11.98,12.25,11.25,11.45,11.85,16464
2026-08-17,OFSS,ORACLE FIN SERV SOFT LTD.,11815.0,11920.0,11742.0,11789.0,11828.0,128403
2026-08-17,ORCHASP,ORCHASP LIMITED,1.48,1.48,1.39,1.4,1.46,505122
2026-08-17,ORCHPHARMA,ORCHID PHARMA LIMITED,960.0,1005.95,941.2,998.35,1045.65,197589
2026-08-17,ORICONENT,ORICON ENTERPRISES LTD,52.3,53.7,50.75,53.38,53.12,475993
2026-08-17,ORIENTBELL,ORIENT BELL LIMITED,350.8,358.0,346.7,349.05,350.75,13712
2026-08-17,ORIENTCEM,ORIENT CEMENT LTD.,132.0,132.37,130.35,131.89,132.55,166609
2026-08-17,ORIENTCER,ORIENT CERATECH LIMITED,44.75,44.75,43.12,44.08,43.38,109482
2026-08-17,ORIENTELEC,ORIENT ELECTRIC LIMITED,188.81,189.12,186.25,187.42,187.31,140517
2026-08-17,GREENPOWER,ORIENT GREEN POWER CO LTD,9.52,9.63,9.36,9.55,9.53,2232429
2026-08-17,ORIENTHOT,ORIENT HOTELS LTD,120.15,124.82,120.15,122.35,124.2,111088
2026-08-17,ORIENTPPR,ORIENT PAPER AND INDS LTD,17.05,17.25,16.8,17.1,16.88,131886
2026-08-17,ORIENTTECH,ORIENT TECHNOLOGIES LTD,259.8,259.8,252.9,254.85,258.55,112031
2026-08-17,OAL,ORIENTAL AROMATICS LTD,346.45,354.95,345.0,349.45,348.1,10247
2026-08-17,ORIRAIL,ORIENTAL RAIL INFRA L,108.25,112.0,106.7,109.4,109.95,7988
2026-08-17,ORIENTALTL,ORIENTAL TRIMEX LTD,5.06,5.15,5.0,5.05,5.13,41212
2026-08-17,ORISSAMINE,ORISSA MIN DEV CO LTD,4895.0,4923.9,4844.0,4871.1,4883.1,12199
2026-08-17,ORKLAINDIA,ORKLA INDIA LIMITED,548.0,550.2,541.8,544.3,549.75,125214
2026-08-17,ORTINGLOBE,ORTIN GLOBAL LIMITED,15.24,16.24,15.24,15.89,15.8,4165
2026-08-17,OSWALAGRO,OSWAL AGRO MILLS LTD,37.78,38.2,37.14,37.82,37.78,32788
2026-08-17,OSWALGREEN,OSWAL GREENTECH LIMITED,21.0,21.45,20.58,21.08,20.99,65720
2026-08-17,OSWALPUMPS,OSWAL PUMPS LIMITED,301.0,309.0,296.35,304.0,300.5,1504978
2026-08-17,PBMPOLY,P B M POLYTEX LTD.,63.5,63.5,63.5,63.5,62.14,16
2026-08-17,PNGJL,P N GADGIL JEWELLERS LTD,618.05,619.45,608.5,610.4,610.7,257927
2026-08-17,POEL,P O C L ENTERPRISES LTD.,150.1,154.0,145.0,148.41,162.6,57496
2026-08-17,PGHH,P&G HYGIENE & HEALTH CARE,8489.0,8489.0,8361.0,8365.0,8426.5,15420
2026-08-17,PACEDIGITK,PACE DIGITEK LIMITED,181.99,181.99,175.1,176.46,180.92,726637
2026-08-17,PACIFICI,PACIFIC INDUSTRIES LTD.,146.0,146.0,111.15,139.77,136.0,112
2026-08-17,PAGEIND,PAGE INDUSTRIES LTD,36730.0,37690.0,36505.0,37360.0,36750.0,54629
2026-08-17,PAISALO,PAISALO DIGITAL LIMITED,68.5,68.9,65.0,67.59,68.67,9763518
2026-08-17,PAKKA,PAKKA LIMITED,77.3,89.28,75.89,89.28,74.4,1787278
2026-08-17,PALASHSECU,PALASH SECURITIES LTD,92.0,92.0,86.51,89.78,90.8,1039
2026-08-17,PANACEABIO,PANACEA BIOTEC LTD,399.8,419.0,394.1,413.15,396.45,189047
2026-08-17,PANAMAPET,PANAMA PETROCHEM LTD,482.55,511.0,480.95,487.1,482.6,1123172
2026-08-17,PANCHMAHQ,PANCHMAHAL STEEL LTD.,315.0,315.0,315.0,315.0,299.25,7
2026-08-17,PANORAMA,PANORAMA STUDIOS INTL. L,49.0,51.0,42.2,47.16,47.46,126785
2026-08-17,PANSARI,PANSARI DEVELOPERS LTD,315.0,327.0,305.1,318.65,311.7,1861
2026-08-17,PAR,PAR DRUGS AND CHEM LTD,103.9,103.95,99.55,100.91,102.25,9966
2026-08-17,PARADEEP,PARADEEP PHOSPHATES LTD,148.0,149.35,145.51,146.66,147.85,1552726
2026-08-17,PARAGMILK,PARAG MILK FOODS LTD.,208.84,211.0,205.0,207.29,210.8,510562
2026-08-17,PARACABLES,PARAMOUNT COMM LTD,65.49,69.0,62.7,63.55,65.27,2523489
2026-08-17,PARAS,PARAS DEF AND SPCE TECH L,1383.5,1393.0,1346.0,1388.5,1377.5,907157
2026-08-17,PARASPETRO,PARAS PETROFILS LTD.,2.43,2.43,2.25,2.3,2.36,120138
2026-08-17,PARKHOSPS,PARK MEDI WORLD LIMITED,281.85,282.95,273.4,276.65,281.35,426168
2026-08-17,PARKHOTELS,PARKHOTELS,116.15,117.7,115.0,116.48,117.7,185568
2026-08-17,PARNAXLAB,PARNAX LAB LTD.,108.03,120.05,108.03,119.65,129.35,1206
2026-08-17,PASHUPATI,PASHUPATI COTSPIN LIMITED,85.5,85.5,84.52,84.79,84.65,5712
2026-08-17,PATANJALI,PATANJALI FOODS LIMITED,357.0,358.6,347.0,353.9,352.0,7402930
2026-08-17,PATELENG,PATEL ENGINEERING LTD.,28.45,28.64,28.12,28.48,28.45,2165036
2026-08-17,PATELRMART,PATEL RETAIL LIMITED,218.07,229.8,218.07,229.1,219.62,122643
2026-08-17,PML,PAUL MERCHANTS LTD.,501.95,524.65,490.0,503.45,490.0,280
2026-08-17,PAUSHAKLTD,PAUSHAK LIMITED,729.65,749.9,724.55,734.2,740.8,30335
2026-08-17,PAVNAIND,PAVNA INDUSTRIES LIMITED,17.91,19.0,17.8,18.92,17.94,57035
2026-08-17,POLICYBZR,PB FINTECH LIMITED,1730.6,1764.8,1723.0,1728.1,1741.0,930324
2026-08-17,PCJEWELLER,PC JEWELLER LTD,9.65,9.84,9.56,9.79,9.64,97016852
2026-08-17,PCBL,PCBL CHEMICAL LIMITED,309.9,316.75,308.15,315.45,309.8,522885
2026-08-17,PDSL,PDS LIMITED,371.8,377.0,367.95,376.35,369.85,56835
2026-08-17,PGIL,PEARL GLOBAL IND LIMITED,2480.0,2480.0,2357.0,2378.0,2474.6,78069
2026-08-17,PEARLPOLY,PEARL POLYMERS LTD,16.77,17.25,16.27,16.3,16.77,6523
2026-08-17,PENIND,PENNAR INDUSTRIES LTD,152.0,154.0,150.35,151.45,152.43,266844
2026-08-17,PERMAGN,PERMANENT MAGNETS LTD.,832.0,832.0,800.0,813.6,832.4,734
2026-08-17,PERSISTENT,PERSISTENT SYSTEMS LTD,5580.5,5613.0,5520.0,5570.0,5580.0,398938
2026-08-17,PETRONET,PETRONET LNG LIMITED,282.6,286.4,281.65,281.8,282.6,1036006
2026-08-17,PFIZER,PFIZER LTD,4860.1,4930.2,4810.0,4829.1,4874.8,54880
2026-08-17,PGEL,PG ELECTROPLAST LTD,600.1,614.0,594.25,614.0,601.0,1055830
2026-08-17,PHOENXINTL,PHOENIX INTERNATIONAL LTD,32.95,35.0,30.05,32.58,6.05,5607
2026-08-17,PWL,PHYSICSWALLAH LIMITED,114.65,128.37,114.0,119.97,117.12,103684614
2026-08-17,PIIND,PI INDUSTRIES LTD,2490.1,2490.2,2461.1,2472.0,2490.1,128211
2026-08-17,PICCADIL,PICCADILY AGRO INDUSTRI L,644.9,699.0,638.7,695.45,641.9,697629
2026-08-17,PIDILITIND,PIDILITE INDUSTRIES LTD,1689.8,1700.0,1667.3,1669.0,1693.0,701061
2026-08-17,PILITA,PIL ITALICA LIFESTYLE LTD,8.48,8.5,8.09,8.18,8.48,88738
2026-08-17,PILANIINVS,PILANI INV & IND COR LTD,4504.0,4520.8,4428.1,4445.1,4547.0,2928
2026-08-17,PINELABS,PINE LABS LIMITED,165.7,166.77,162.25,162.63,164.86,7831075
2026-08-17,PIONEEREMB,PIONEER EMBROIDERIES LTD,23.17,23.44,22.6,22.78,23.57,7473
2026-08-17,PIRAMALFIN,PIRAMAL FINANCE LIMITED,2042.5,2079.8,2035.0,2066.1,2057.7,136718
2026-08-17,PPLPHARMA,PIRAMAL PHARMA LIMITED,208.0,208.69,203.32,204.73,206.64,2912134
2026-08-17,PITTIENG,PITTI ENGINEERING LIMITED,1099.5,1100.0,1043.0,1046.55,1059.8,141552
2026-08-17,PIXTRANS,PIX TRANSMISSIONS LIMITED,1895.9,1967.9,1890.1,1938.8,1896.8,27203
2026-08-17,PLASTIBLEN,PLASTIBLENDS INDIA LTD,199.17,199.17,190.25,191.8,199.17,35458
2026-08-17,PLATIND,PLATINUM INDUSTRIES LTD,216.97,218.58,212.04,214.2,215.42,44481
2026-08-17,PLAZACABLE,PLAZA WIRES LIMITED,58.5,59.19,53.57,53.57,56.38,290486
2026-08-17,PNBGILTS,PNB GILTS LIMITED,79.99,81.04,78.0,80.34,79.41,385623
2026-08-17,PNBHOUSING,PNB HOUSING FIN LTD.,1140.0,1154.0,1135.2,1150.8,1150.5,264061
2026-08-17,PNCINFRA,PNC INFRATECH LTD.,217.5,217.5,213.28,215.17,217.92,411470
2026-08-17,PNGSREVA,PNGS REVA DIAMOND JEWEL L,595.0,608.25,569.05,576.45,571.75,436726
2026-08-17,PODDARMENT,PODDAR PIGMENTS LIMITED,256.5,263.6,251.1,253.45,264.2,5028
2026-08-17,POKARNA,POKARNA LIMITED,950.0,963.0,933.1,937.8,952.4,41690
2026-08-17,POLYMED,POLY MEDICURE LIMITED,1789.9,1800.1,1721.9,1733.6,1786.2,157632
2026-08-17,POLYCAB,POLYCAB INDIA LIMITED,9250.0,9395.0,9231.0,9370.0,9240.0,239095
2026-08-17,POLYPLEX,POLYPLEX CORPORATION LTD,1190.0,1222.0,1180.9,1210.8,1181.5,195251
2026-08-17,POLYSPIN,POLYSPIN EXPORTS LTD.,33.77,33.77,31.5,31.53,28.16,2166
2026-08-17,POCL,PONDY OXIDES & CHEM LTD,492.0,493.75,483.7,486.75,491.95,268007
2026-08-17,PONNIERODE,PONNIE SUGARS (ERODE) LTD,345.3,356.0,339.5,350.75,345.3,386846
2026-08-17,POONAWALLA,POONAWALLA FINCORP LTD,499.0,504.95,495.15,497.45,497.9,1077907
2026-08-17,PVSL,POPULAR VEHICLES N SER L,114.0,116.51,112.21,115.9,116.51,29318
2026-08-17,PFC,POWER FIN CORP LTD.,376.0,377.0,372.15,374.4,376.0,7164194
2026-08-17,POWERGRID,POWER GRID CORP. LTD.,266.05,268.0,265.25,266.15,266.05,6631423
2026-08-17,PIGL,POWER INSTRUMENT (G) LTD,103.98,105.82,101.59,104.62,106.36,91235
2026-08-17,POWERMECH,POWER MECH PROJECTS LTD.,2440.0,2472.0,2418.0,2452.3,2455.2,50868
2026-08-17,POWERICA,POWERICA LIMITED,545.0,570.0,542.05,560.35,549.95,114609
2026-08-17,PRABHA,PRABHA ENERGY LIMITED,155.93,164.7,154.01,163.38,155.93,50122
2026-08-17,PRAJIND,PRAJ INDUSTRIES LTD,335.95,338.5,327.0,334.05,335.25,936149
2026-08-17,PRAENG,PRAJAY ENG. SYN. LTD.,20.0,20.2,19.35,19.8,20.2,47394
2026-08-17,PRAKASH,PRAKASH INDUSTRIES LTD,129.5,140.0,123.6,134.43,137.68,2525354
2026-08-17,PRAKASHSTL,PRAKASH STEELAGE LTD,4.01,4.01,3.85,3.98,3.94,138379
2026-08-17,DIAMONDYD,PRATAAP SNACKS LIMITED,1191.4,1199.9,1161.2,1190.4,1191.4,14506
2026-08-17,PRAVEG,PRAVEG LTD.,264.0,267.05,254.55,258.9,269.7,95421
2026-08-17,PRAXIS,PRAXIS HOME RETAIL LTD,6.42,6.42,5.75,5.87,6.21,358012
2026-08-17,PRECAM,PRECISION CAMSHAFTS LTD.,134.96,136.0,132.91,134.65,135.0,77182
2026-08-17,PRECWIRE,PRECISION WIRES INDIA LTD,460.0,464.0,452.9,457.75,458.35,387991
2026-08-17,PRECOT,PRECOT LIMITED,717.15,717.35,684.0,698.45,717.15,16347
2026-08-17,PREMCO,PREMCO GLOBAL LTD.,385.0,385.0,376.35,378.35,385.95,404
2026-08-17,PREMIERENE,PREMIER ENERGIES LIMITED,1021.0,1027.8,1013.0,1015.5,1017.3,430713
2026-08-17,PREMEXPLN,PREMIER EXPLOSIVES LTD,652.95,674.7,652.95,672.65,651.9,642489
2026-08-17,PREMIERPOL,PREMIER POLYFILM LTD,75.02,85.45,74.05,83.59,73.55,3454869
2026-08-17,PRESTIGE,PRESTIGE ESTATE LTD,1594.0,1598.2,1561.3,1591.9,1592.5,1050412
2026-08-17,PRICOLLTD,PRICOL LIMITED,793.55,808.9,788.45,806.55,792.05,559472
2026-08-17,PFOCUS,PRIME FOCUS LIMITED,270.75,273.3,263.3,266.4,269.6,357746
2026-08-17,PRIMESECU,PRIME SECURITIES LIMITED,279.0,287.9,278.85,283.3,281.95,21202
2026-08-17,PRIMO,PRIMO CHEMICALS LIMITED,24.15,24.99,23.06,23.28,25.62,384904
2026-08-17,PRINCEPIPE,PRINCE PIPES FITTINGS LTD,283.95,285.15,280.8,284.25,284.0,222830
2026-08-17,PRSMJOHNSN,PRISM JOHNSON LIMITED,105.15,106.34,105.0,105.33,105.12,370475
2026-08-17,PRISMX,PRISMX GLOBAL VENTURES L,0.57,0.58,0.5,0.52,0.58,922092
2026-08-17,PNC,PRITISH NANDY COMMUNICATI,18.5,18.9,17.76,18.1,18.4,6886
2026-08-17,PRIVISCL,PRIVI SPECIALITY CHE LTD,3510.4,3510.4,3426.1,3449.0,3482.2,139105
2026-08-17,PGHL,PROCTER & GAMBLE HEALTH L,5980.0,5980.0,5815.5,5836.5,5932.0,7030
2026-08-17,PROSTARM,PROSTARM INFO SYSTEMS LTD,135.32,137.19,133.0,135.96,134.39,126855
2026-08-17,PROTEAN,PROTEAN EGOV TECHNO LTD,555.0,555.9,544.1,548.5,551.9,157543
2026-08-17,PROZONER,PROZONE REALTY LIMITED,41.8,43.9,41.0,43.5,42.02,235253
2026-08-17,PRUDENT,PRUDENT CORP ADV SER LTD,3317.6,3352.5,3276.3,3338.0,3257.1,27194
2026-08-17,PSPPROJECT,PSP PROJECTS LIMITED,929.8,951.8,915.0,947.0,922.4,54984
2026-08-17,PFS,PTC INDIA FIN SERV LTD,28.35,28.48,27.92,28.14,28.35,437923
2026-08-17,PTC,PTC INDIA LIMITED,162.16,163.44,160.0,160.62,161.47,1418832
2026-08-17,PTCIL,PTC INDUSTRIES LIMITED,19319.0,20750.0,19067.0,20584.0,19050.0,284135
2026-08-17,PTL,PTL ENTERPRISES LTD,38.64,39.24,38.41,38.65,38.64,32471
2026-08-17,PDMJEPAPER,PUDUMJEE PAPER PRO. LTD,88.96,90.39,87.1,87.82,88.08,62047
2026-08-17,PSB,PUNJAB & SIND BANK,23.6,23.9,23.19,23.68,23.59,1518815
2026-08-17,PUNJABCHEM,PUNJAB CHEM & CROP PROT L,1092.1,1139.0,1074.1,1127.3,1094.8,8943
2026-08-17,PNB,PUNJAB NATIONAL BANK,117.11,118.06,115.32,117.32,118.0,12881843
2026-08-17,PURVA,PURAVANKARA LIMITED,234.01,245.9,224.0,226.6,218.21,23015575
2026-08-17,PVP,PVP VENTURES LIMITED,37.79,37.85,35.0,37.01,35.43,3235182
2026-08-17,PVRINOX,PVR INOX LIMITED,1173.7,1208.9,1165.7,1192.0,1174.0,261706
2026-08-17,PYRAMID,PYRAMID TECHNOPLAST LTD,163.71,168.0,163.02,166.69,162.97,48667
2026-08-17,QMSMEDI,QMS MEDICAL ALLIED S LTD,137.8,140.0,130.0,138.13,131.92,124582
2026-08-17,QUADFUTURE,QUADRANT FUTURE TEK LTD,357.7,362.1,347.2,349.35,360.45,252295
2026-08-17,QPOWER,QUALITY POWER ELEC EQUP L,1260.0,1311.7,1256.1,1302.6,1249.3,502379
2026-08-17,QGOLDHALF,QUANTUM GOLD ETF,125.65,126.98,125.64,126.73,125.29,241280
2026-08-17,QNIFTY,QUANTUM NIFTY 50 ETF,270.9,270.9,267.2,268.45,268.8,1192
2026-08-17,QUESS,QUESS CORP LIMITED,337.8,345.0,327.35,343.9,337.8,433269
2026-08-17,QUINT,QUINT DIGITAL LTD.,38.75,38.8,36.0,37.36,37.56,16983
2026-08-17,RKSWAMY,R K SWAMY LIMITED,98.99,98.99,95.12,97.47,94.59,47958
2026-08-17,RRIL,R R I L LTD.,16.71,17.8,16.43,17.54,16.71,18729
2026-08-17,RRKABEL,R R KABEL LIMITED,2779.1,2793.6,2708.3,2748.6,2785.6,320939
2026-08-17,RSYSTEMS,R SYS INTERNATIONAL LTD,241.5,242.25,238.1,240.2,241.8,91457
2026-08-17,RTSPOWR,R T S POWER CORPN. LTD.,98.19,114.0,82.9,94.73,95.8,1133
2026-08-17,RNBDENIMS,R&B DENIMS LIMITED,9.05,9.14,8.52,8.58,8.93,472815
2026-08-17,RSSOFTWARE,R. S. SOFTWARE (INDIA) LI,33.05,34.0,31.49,31.59,33.14,44156
2026-08-17,RPPINFRA,R.P.P INFRA PROJECTS LTD,58.5,60.39,58.11,58.35,59.65,966446
2026-08-17,RACE,RACE ECO CHAIN LIMITED,99.0,102.98,99.0,102.73,100.07,6978
2026-08-17,RACLGEAR,RACL GEARTECH LIMITED,1380.0,1396.8,1337.0,1343.4,1387.3,26508
2026-08-17,RADAAN,RADAAN MEDIAWORKS (I) LTD,3.13,3.13,2.85,2.97,3.06,13315
2026-08-17,RADHIKAJWE,RADHIKA JEWELTECH LIMITED,69.0,69.44,67.5,67.9,69.29,335920
2026-08-17,RADIANTCMS,RADIANT CASH MGMT SER LTD,36.8,36.98,34.72,34.86,36.08,303098
2026-08-17,RADICO,RADICO KHAITAN LTD,4657.8,4693.4,4612.5,4693.4,4650.0,212499
2026-08-17,RPEL,RAGHAV PRODUCTIVITY ENH L,1439.0,1439.0,1402.4,1430.1,1433.9,38427
2026-08-17,RVNL,RAIL VIKAS NIGAM LIMITED,227.0,229.4,224.84,228.5,227.35,2320005
2026-08-17,RAILTEL,RAILTEL CORP OF IND LTD,280.6,282.0,278.05,279.95,282.15,276667
2026-08-17,RAIN,RAIN INDUSTRIES LIMITED,208.0,209.24,204.21,205.91,208.69,2704223
2026-08-17,RAINBOW,RAINBOW CHILDRENS MED LTD,1423.8,1485.2,1423.8,1478.5,1461.8,112226
2026-08-17,ROML,RAJ OIL MILLS LIMITED,44.52,45.4,43.65,44.09,44.52,1259
2026-08-17,RAJTV,RAJ TV NETWORK LTD,10.37,10.37,10.0,10.26,10.22,13387
2026-08-17,RAJPALAYAM,RAJAPALAYAM MILLS LTD.,852.45,858.95,825.0,827.8,838.15,3070
2026-08-17,ARENTERP,RAJDARSHAN INDUSTRIES LTD,38.5,39.1,38.01,38.36,38.99,116
2026-08-17,RAJMET,RAJNANDINI METAL LIMITED,3.21,3.25,3.12,3.23,3.21,187912
2026-08-17,RSL,RAJPUTANA STAINLESS LTD,167.7,167.7,163.0,164.9,165.42,324452
2026-08-17,RAJRATAN,RAJRATAN GLOBAL WIRE LTD,518.0,520.0,508.15,516.8,515.8,61508
2026-08-17,RAJSREESUG,RAJSHREE SUGAR & CHEMICAL,31.85,35.0,31.85,34.49,32.67,66318
2026-08-17,RALLIS,RALLIS INDIA LTD,212.5,214.4,211.62,213.08,212.48,463017
2026-08-17,RAMRAT,RAM RATNA WIRES LIMITED,479.75,479.75,460.15,467.5,475.05,106827
2026-08-17,RAMAPHO,RAMA PHOSPHATES LIMITED,120.03,125.0,119.85,121.52,119.85,34942
2026-08-17,RAMCOIND,RAMCO INDUSTRIES LIMITED,358.2,360.8,350.6,353.45,356.95,171717
2026-08-17,RAMCOSYS,RAMCO SYSTEMS LTD.,595.55,606.75,584.05,594.2,595.7,104179
2026-08-17,RKFORGE,RAMKRISHNA FORGINGS LTD,738.85,759.0,733.95,755.0,732.6,1027756
2026-08-17,RAMKY,RAMKY INFRA LTD,386.9,393.55,383.1,390.05,390.05,20698
2026-08-17,RANASUG,RANA SUGARS LTD.,12.95,13.14,12.25,12.9,13.05,540101
2026-08-17,RML,RANE (MADRAS) LIMITED,1113.5,1114.5,1080.0,1084.7,1113.5,18369
2026-08-17,RANEHOLDIN,RANE HOLDINGS LIMITED,1662.0,1694.4,1589.6,1600.9,1674.4,43583
2026-08-17,RPTECH,RASHI PERIPHERALS LIMITED,840.0,874.0,840.0,871.85,834.05,279234
2026-08-17,RCF,RASHTRIYA CHEMICALS & FER,124.0,124.14,122.61,123.26,124.05,468348
2026-08-17,RATEGAIN,RATEGAIN TRAVEL TECHN LTD,942.7,955.5,930.3,949.5,942.6,267690
2026-08-17,RATNAMANI,RATNAMANI MET & TUB LTD.,2352.0,2370.5,2302.6,2353.6,2352.0,19515
2026-08-17,RATNAVEER,RATNAVEER PRECISION ENG L,230.56,247.65,230.3,244.87,230.16,18091539
2026-08-17,RTNINDIA,RATTANINDIA ENT LIMITED,29.99,30.6,29.95,30.48,30.05,759416
2026-08-17,RTNPOWER,RATTANINDIA POWER LIMITED,8.45,8.48,8.31,8.35,8.45,9914299
2026-08-17,RKDL,RAVI KUMAR DIST. LTD.,19.49,19.49,18.22,18.36,18.63,3110
2026-08-17,RVHL,RAVINDER HEIGHTS LIMITED,44.22,45.9,42.01,43.05,43.47,10795
2026-08-17,RELTD,RAVINDRA ENERGY LIMITED,158.93,162.5,155.57,159.87,164.7,321467
2026-08-17,RAYMONDLSL,RAYMOND LIFESTYLE LIMITED,737.6,767.0,737.6,762.1,741.2,229694
2026-08-17,RAYMOND,RAYMOND LTD,634.8,648.9,628.0,647.85,635.45,1136588
2026-08-17,RAYMONDREL,RAYMOND REALTY LIMITED,583.0,587.0,571.05,581.05,577.8,186883
2026-08-17,RBLBANK,RBL BANK LIMITED,384.9,386.05,381.5,381.5,385.0,1376951
2026-08-17,RBZJEWEL,RBZ JEWELLERS LIMITED,140.1,140.49,135.0,136.19,140.84,89603
2026-08-17,RRECL,RDB REAL ESTATE CONS L,145.0,145.0,145.0,145.0,140.3,1
2026-08-17,RECLTD,REC LIMITED,335.5,340.2,333.2,340.0,335.0,5176231
2026-08-17,REDINGTON,REDINGTON LIMITED,334.65,344.0,330.7,332.8,334.05,2339195
2026-08-17,REDTAPE,REDTAPE LIMITED,123.25,123.5,120.85,121.66,122.19,227398
2026-08-17,REFEX,REFEX INDUSTRIES LIMITED,295.75,309.4,295.75,302.75,297.25,571700
2026-08-17,REGAAL,REGAAL RESOURCES LIMITED,86.95,92.38,82.51,90.46,86.0,603769
2026-08-17,REGENCERAM,REGENCY CERAMICS LTD.,36.31,36.31,34.5,35.43,36.31,6228
2026-08-17,RELAXO,RELAXO FOOT LTD.,399.95,401.45,388.3,391.2,396.25,222421
2026-08-17,GILT5YBEES,RELCAPAMC - NETFGILT5Y,67.51,67.51,65.2,66.26,66.53,239395
2026-08-17,RELIABLE,RELIABLE DATA SERVICE LTD,142.6,142.6,135.61,138.74,139.86,23717
2026-08-17,RELCHEMQ,RELIANCE CHEMOTEX IND LTD,123.99,123.99,112.37,115.6,118.99,12292
2026-08-17,RIIL,RELIANCE INDUSTRIAL INFRA,746.9,751.2,737.0,747.05,743.6,31368
2026-08-17,RELIANCE,RELIANCE INDUSTRIES LTD,1314.0,1320.8,1298.1,1316.0,1310.0,13383867
2026-08-17,RPOWER,RELIANCE POWER LTD.,23.06,23.13,22.32,22.72,22.98,22509176
2026-08-17,RELIGARE,RELIGARE ENTER. LTD.,235.1,237.8,230.3,231.1,234.75,580024
2026-08-17,REMSONSIND,REMSONS INDUSTRIES LTD,86.28,86.31,80.62,81.89,88.25,287908
2026-08-17,RGL,RENAISSANCE GLOBAL LTD,122.95,125.46,120.0,121.9,123.03,960132
2026-08-17,REPCOHOME,REPCO HOME FINANCE LTD,357.55,363.0,347.0,349.6,357.55,250211
2026-08-17,REPRO,REPRO INDIA LIMITED,329.6,329.6,320.05,325.15,324.75,7982
2026-08-17,RESPONIND,RESPONSIVE INDUSTRIES LTD,160.1,166.0,157.14,159.01,165.9,287962
2026-08-17,RBA,RESTAURANT BRAND ASIA LTD,99.5,101.8,97.55,99.59,99.08,5942014
2026-08-17,RVTH,REVATHI EQUIPMENT INDIA L,710.1,780.0,710.1,747.7,729.9,1602
2026-08-17,RHETAN,RHETAN TMT LIMITED,21.25,21.48,21.25,21.28,21.05,9870037
2026-08-17,RHIM,RHI MAGNESITA INDIA LTD,379.85,379.85,371.5,374.25,379.85,417956
2026-08-17,RICOAUTO,RICO AUTO INDUSTRIES LTD,132.51,135.65,131.08,132.9,132.0,1748899
2026-08-17,RIR,RIR POWER ELECTRONICS L,169.69,178.0,165.55,173.94,165.36,524243
2026-08-17,RISHABH,RISHABH INSTRUMENTS LTD,640.0,698.75,620.0,694.6,648.65,1235809
2026-08-17,RITCO,RITCO LOGISTICS LIMITED,297.6,297.65,290.4,292.5,295.6,46768
2026-08-17,RITES,RITES LIMITED,221.29,222.88,218.5,221.72,221.06,317626
2026-08-17,RKEC,RKEC PROJECTS LIMITED,24.75,25.38,23.2,23.41,25.02,107860
2026-08-17,RMC,RMC SWITCHGEARS LIMITED,273.9,273.9,256.0,259.7,267.0,67704
2026-08-17,RHL,ROBUST HOTELS LIMITED,167.2,172.99,166.0,166.35,166.94,948
2026-08-17,ROLEXRINGS,ROLEX RINGS LIMITED,177.5,181.48,177.49,179.46,176.3,2478080
2026-08-17,ROSSARI,ROSSARI BIOTECH LIMITED,504.25,504.25,495.0,496.15,503.0,33394
2026-08-17,ROSSELLIND,ROSSELL INDIA LIMITED,56.0,56.58,55.01,56.17,55.58,15480
2026-08-17,ROSSTECH,ROSSELL TECHSYS LIMITED,1072.95,1148.0,1070.95,1108.9,1073.45,591610
2026-08-17,ROTO,ROTO PUMPS LIMITED,66.5,66.56,65.16,65.68,66.11,264756
2026-08-17,ROUTE,ROUTE MOBILE LIMITED,505.95,513.05,502.0,508.6,505.25,195632
2026-08-17,ROHLTD,ROYAL ORCHID HOTELS LTD,312.0,313.0,303.8,307.7,312.35,47490
2026-08-17,RPGLIFE,RPG LIFE SCIENCES LTD,2772.0,2822.9,2720.0,2741.3,2782.3,14587
2026-08-17,RPSGVENT,RPSG VENTURES LIMITED,874.0,892.0,874.0,887.25,890.15,16289
2026-08-17,RUBFILA,RUBFILA INTERNATIONAL LTD,66.78,68.4,65.65,67.36,66.78,12841
2026-08-17,RUBICON,RUBICON RESEARCH LIMITED,1700.7,1808.0,1626.1,1798.7,1619.1,3473690
2026-08-17,RUCHINFRA,RUCHI INFRASTRUCTURE LTD,5.95,5.98,5.81,5.81,5.89,18893
2026-08-17,RUCHIRA,RUCHIRA PAPERS LIMITED,104.13,104.85,101.0,102.05,104.09,27909
2026-08-17,RUDRA,RUDRA GLOBAL INFRA PROD L,22.4,25.95,21.0,23.8,22.46,2221218
2026-08-17,RUPA,RUPA & COMPANY LTD,150.2,151.44,148.0,149.1,151.05,84340
2026-08-17,RUSHIL,RUSHIL DECOR LIMITED,17.42,17.67,16.7,16.78,17.21,344871
2026-08-17,SAB,S A B INDUSTRIES LTD.,170.0,170.0,170.0,170.0,170.0,134
2026-08-17,SCHAND,S CHAND AND COMPANY LTD,136.1,139.0,136.1,137.86,137.86,26919
2026-08-17,SHK,S H KELKAR AND CO. LTD.,170.17,170.17,163.0,164.25,170.72,461027
2026-08-17,SVGLOBAL,S V GLOBAL MILL LTD.,130.0,144.98,130.0,143.61,131.9,181
2026-08-17,S&SPOWER,S&S POWER SWITCHGEARS LTD,305.0,315.85,294.0,297.7,325.6,7957
2026-08-17,SPAL,S. P. APPARELS LIMITED,948.95,965.95,928.6,932.45,937.3,68348
2026-08-17,SALSTEEL,S.A.L. STEEL LTD.,66.62,73.0,66.62,71.87,66.42,844710
2026-08-17,SAATVIKGL,SAATVIK GREEN ENERGY LTD,401.0,408.3,384.7,402.65,427.4,601340
2026-08-17,SADBHAV,SADBHAV ENGINEERING LTD,8.55,8.55,8.18,8.26,8.54,181994
2026-08-17,SAFARI,SAFARI IND (INDIA) LTD,1491.4,1503.7,1479.6,1497.3,1498.5,21975
2026-08-17,SAGCEM,SAGAR CEMENTS LIMITED,173.38,173.99,168.2,169.01,173.39,35242
2026-08-17,SAGARDEEP,SAGARDEEP ALLOYS LIMITED,24.18,24.48,23.25,24.02,23.71,4402
2026-08-17,SAGILITY,SAGILITY LIMITED,42.28,42.77,42.0,42.4,42.28,8743424
2026-08-17,SAHYADRI,SAHYADRI INDUSTRIES LTD,368.95,401.1,363.9,388.15,360.1,152530
2026-08-17,SAICAPI,SAI CAPITAL LTD.,149.95,149.95,149.95,149.95,149.95,150
2026-08-17,SAILIFE,SAI LIFE SCIENCES LIMITED,1448.8,1454.6,1409.0,1416.4,1449.9,345682
2026-08-17,SAIPARENT,SAI PARENTERALS LIMITED,556.85,557.0,537.95,551.95,551.65,93013
2026-08-17,KALAMANDIR,SAI SILKS (KALAMANDIR) L,87.39,87.5,85.76,86.16,87.04,306318
2026-08-17,SEKURITIND,SAINT GOBAIN SEKUR IND L,122.5,122.5,115.0,117.61,118.95,12310
2026-08-17,SAKAR,SAKAR HEALTHCARE LIMITED,875.95,914.55,856.35,905.35,875.95,109534
2026-08-17,SAKSOFT,SAKSOFT LIMITED,165.71,167.61,163.0,164.95,165.71,196346
2026-08-17,SAKHTISUG,SAKTHI SUGARS LTD,17.47,17.79,16.9,17.63,17.05,312531
2026-08-17,SAKUMA,SAKUMA EXPORTS LIMITED,1.62,1.63,1.59,1.6,1.62,830472
2026-08-17,SALASAR,SALASAR TECHNO ENGG. LTD.,5.85,6.1,5.85,6.07,5.96,5603691
2026-08-17,SALONA,SALONA COTSPIN LTD.,262.0,265.0,256.06,261.21,259.62,665
2026-08-17,SALZERELEC,SALZER ELECTRONICS LTD,571.05,574.4,567.6,570.3,570.25,32449
2026-08-17,SAMBHAAV,SAMBHAAV MEDIA LTD,6.56,6.74,6.12,6.35,6.5,8466
2026-08-17,SAMBHV,SAMBHV STEEL TUBES LTD,121.45,122.5,119.07,119.88,121.06,873154
2026-08-17,SAMHI,SAMHI HOTELS LIMITED,161.5,162.0,157.41,159.41,163.37,952559
2026-08-17,SAMMAANCAP,SAMMAAN CAPITAL LIMITED,152.39,156.0,149.84,153.33,152.39,7798086
2026-08-17,SAMPANN,SAMPANN UTPADAN INDIA LTD,26.8,26.8,26.05,26.3,26.28,8039
2026-08-17,MOTHERSON,SAMVRDHNA MTHRSN INTL LTD,168.1,169.34,167.58,168.06,168.3,7660435
2026-08-17,SANATHAN,SANATHAN TEXTILES LIMITED,471.35,487.15,460.1,463.5,471.35,36634
2026-08-17,SANDESH,SANDESH LTD,1082.0,1095.0,1066.0,1081.85,1079.7,1791
2026-08-17,SANDHAR,SANDHAR TECHNOLOGIES LTD,640.0,644.1,626.3,632.55,639.85,117280
2026-08-17,SANDUMA,SANDUR MANG & IRON ORES L,198.01,202.0,195.81,200.89,198.01,541280
2026-08-17,SANGAMIND,SANGAM (INDIA) LTD,596.05,603.0,586.05,592.45,601.0,11488
2026-08-17,SANGHVIMOV,SANGHVI MOVERS LTD,494.0,512.0,480.5,506.95,489.05,316845
2026-08-17,SANOFICONR,SANOFI CONS HEALTHC IND L,4436.0,4457.3,4351.0,4363.0,4444.9,2693
2026-08-17,SANOFI,SANOFI INDIA LIMITED,3240.2,3240.2,3180.0,3197.4,3242.9,18010
2026-08-17,SANSERA,SANSERA ENGINEERING LTD,3938.5,4019.9,3893.5,4002.0,3924.6,192345
2026-08-17,SANSTAR,SANSTAR LIMITED,111.02,111.63,108.0,109.19,111.5,250032
2026-08-17,SAPPHIRE,SAPPHIRE FOODS INDIA LTD,236.0,236.45,231.53,234.68,234.72,692764
2026-08-17,ZSARACOM,SARASWATI COMM (INDIA) L,12500.0,12980.0,12150.0,12841.0,12143.0,128
2026-08-17,SSDL,SARASWATI SAREE DEPOT LTD,63.75,66.5,60.25,61.38,65.14,58012
2026-08-17,SARDAEN,SARDA ENERGY & MIN LTD,531.15,531.15,518.4,521.15,531.15,426925
2026-08-17,SAREGAMA,SAREGAMA INDIA LIMITED,527.45,534.6,515.0,523.4,527.3,754505
2026-08-17,SARLAPOLY,SARLA PERF. FIBERS LTD,101.6,103.45,100.42,101.61,101.19,41680
2026-08-17,SMLT,SARTHAK METALS LIMITED,71.98,71.98,69.3,70.29,71.61,8663
2026-08-17,SARVESHWAR,SARVESHWAR FOODS LIMITED,3.5,3.55,3.45,3.5,3.46,1288319
2026-08-17,SASKEN,SASKEN TECHNOLOGIES LTD,1965.0,1998.0,1914.0,1919.5,1971.4,12081
2026-08-17,SATIA,SATIA INDUSTRIES LIMITED,59.88,60.35,57.53,59.24,59.88,134967
2026-08-17,SATIN,SATIN CREDIT NET LTD,225.0,233.56,222.79,228.73,225.54,467395
2026-08-17,SAURASHCEM,SAURASHTRA CEMENT LIMITED,60.01,60.18,58.31,58.72,60.34,68784
2026-08-17,SOTL,SAVITA OIL TECHNOLO. LTD,702.0,714.0,688.0,692.65,699.15,168852
2026-08-17,SAYAJIHOTL,SAYAJI HOTELS LTD.,315.0,315.0,310.3,310.3,327.0,4
2026-08-17,SAYAJIIND,SAYAJI INDUSTRIES LTD.,125.0,125.0,114.8,114.8,120.6,192
2026-08-17,SBC,SBC EXPORTS LIMITED,38.89,39.2,38.11,38.75,38.6,6230439
2026-08-17,SBFC,SBFC FINANCE LIMITED,94.01,94.09,92.7,93.95,94.05,703821
2026-08-17,SBICARD,SBI CARDS & PAY SER LTD,632.85,641.75,626.0,641.75,633.0,606536
2026-08-17,SBIFUNDS,SBI FUNDS MANAGEMENT LTD,559.05,561.15,551.3,557.25,559.1,2666490
2026-08-17,SBILIFE,SBI LIFE INSURANCE CO LTD,1785.4,1799.0,1781.0,1790.4,1795.0,251360
2026-08-17,SETFGOLD,SBI-ETF GOLD,129.06,130.7,128.8,130.47,129.06,5063330
2026-08-17,SETFNIF50,SBI-ETF NIFTY 50,263.05,263.38,259.91,262.72,263.05,809003
2026-08-17,SETFNIFBK,SBI-ETF NIFTY BANK,589.21,594.51,588.14,593.59,592.3,36576
2026-08-17,SETFNN50,SBI-ETF NIFTY NEXT 50,798.31,804.29,795.54,801.0,799.65,57563
2026-08-17,LIQUIDSBI,SBIAMC - LIQUIDSBI,999.99,1000.01,999.99,999.99,1000.0,45149
2026-08-17,SBIBPB,SBIAMC - SBIBPB,50.75,50.93,49.93,50.65,50.62,142260
2026-08-17,SBIETFCON,SBIAMC - SBIETFCON,124.0,125.77,124.0,125.45,125.56,3827
2026-08-17,SBIETFIT,SBIAMC - SBIETFIT,348.45,348.45,341.27,341.85,346.72,10422
2026-08-17,SBIETFPB,SBIAMC - SBIETFPB,279.76,280.87,276.33,279.02,279.76,2952
2026-08-17,SBIETFQLTY,SBIAMC - SBIETFQLTY,224.24,228.43,224.24,227.61,228.82,1557
2026-08-17,SBILIQETF,SBIAMC - SBILIQETF,1052.11,1052.13,1052.11,1052.12,1051.98,14513
2026-08-17,SBIMIDMOM,SBIAMC - SBIMIDMOM,64.18,65.25,63.83,64.38,64.17,141754
2026-08-17,SBINEQWETF,SBIAMC - SBINEQWETF,34.15,34.15,33.73,33.94,33.99,27332
2026-08-17,SBINMID150,SBIAMC - SBINMID150,23.72,23.72,23.4,23.47,23.61,40125
2026-08-17,SBISILVER,SBIAMC - SBISILVER,228.62,230.24,227.54,229.2,226.67,773959
2026-08-17,SBISMLETF,SBIAMC - SBISMLETF,18.4,18.96,18.22,18.36,18.35,79741
2026-08-17,SBIVALETF,SBIAMC - SBIVALETF,14.92,14.99,14.77,14.91,14.92,10778
2026-08-17,SETF10GILT,SBIAMC - SETF10GILT,267.89,267.89,265.52,266.01,267.1,4299
2026-08-17,SCHAEFFLER,SCHAEFFLER INDIA LIMITED,4040.0,4070.9,4019.0,4028.9,4043.2,67432
2026-08-17,SCHNEIDER,SCHNEIDER ELECTRIC INFRA,1219.0,1255.0,1185.0,1212.2,1369.2,2282209
2026-08-17,SCODATUBES,SCODA TUBES LIMITED,133.23,135.23,128.6,129.68,133.23,170867
2026-08-17,SEAMECLTD,SEAMEC LIMITED,1558.5,1585.0,1535.0,1561.1,1541.9,198732
2026-08-17,SECMARK,SECMARK CONSULTANCY LTD,128.26,133.0,126.99,127.66,128.26,283
2026-08-17,SECURKLOUD,SECUREKLOUD TECH LIMITED,18.25,18.69,17.87,17.92,18.26,11589
2026-08-17,SEDEMAC,SEDEMAC MECHATRONICS LTD,3168.7,3273.5,3143.1,3240.2,3152.9,148193
2026-08-17,SEJALLTD,SEJAL GLASS LIMITED,676.9,700.05,669.1,682.2,679.9,8964
2026-08-17,SELMC,SEL MANUFACTURING CO LTD,27.93,28.51,27.15,27.21,27.6,1848
2026-08-17,SEMAC,SEMAC CONSTRUCTION LTD,310.0,326.0,309.7,310.95,326.0,1380
2026-08-17,SENCO,SENCO GOLD LIMITED,340.0,343.6,333.3,341.55,341.85,1100322
2026-08-17,SENORES,SENORES PHARMACEUTICALS L,1486.0,1549.8,1471.3,1545.7,1477.7,361867
2026-08-17,SEPC,SEPC LIMITED,5.79,5.92,5.69,5.85,5.77,11708110
2026-08-17,SERVOTECH,SERVOTECH REN POW SYS LTD,82.25,82.99,81.72,82.55,82.78,297502
2026-08-17,STYL,SESHAASAI TECHNOLOGIES L,405.4,415.15,397.0,398.3,408.3,87472
2026-08-17,SESHAPAPER,SESHASAYEE PAPER & BOARDS,234.99,234.99,226.05,227.28,232.04,33311
2026-08-17,SGFIN,SG FINSERVE LIMITED,662.05,665.0,652.55,660.25,662.05,118973
2026-08-17,SGMART,SG MART LIMITED,743.7,757.0,727.9,752.3,735.85,262162
2026-08-17,SGLRES,SGL RESOURCES LIMITED,2.73,2.74,2.49,2.59,2.6,27639
2026-08-17,SHADOWFAX,SHADOWFAX TECHNOLOGIES L,252.7,263.7,252.3,258.6,251.33,6873283
2026-08-17,SHAHALLOYS,SHAH ALLOYS LIMITED,73.2,76.97,70.55,74.89,72.11,34090
2026-08-17,SHAH,SHAH METACORP LIMITED,4.14,4.14,4.0,4.03,4.1,1561539
2026-08-17,SHAILY,SHAILY ENG PLASTICS LTD,3365.0,3433.2,3358.6,3396.3,3365.0,69651
2026-08-17,SHAKTIPUMP,SHAKTI PUMPS (I) LTD,500.3,505.55,494.5,503.2,500.3,367406
2026-08-17,SHALBY,SHALBY LIMITED,152.61,154.97,151.7,153.16,152.91,37534
2026-08-17,SAHLIBHFI,SHALIBHADRA FINANCE LTD,74.2,76.0,71.19,72.0,74.2,11709
2026-08-17,SRD,SHANKAR LAL RAMPAL LTD,41.74,41.9,40.7,41.05,40.5,40442
2026-08-17,SHANKARA,SHANKARA BLDG PRODUCT LTD,140.55,141.59,140.51,141.1,141.04,92635
2026-08-17,BUILDPRO,SHANKARA BUILDPRO LIMITED,1248.6,1252.2,1230.5,1244.2,1248.6,27902
2026-08-17,SHANTIGEAR,SHANTHI GEARS LTD,402.45,402.45,390.0,393.35,397.45,16483
2026-08-17,SEIL,SHANTI EDU INITIATIVES L,202.06,212.98,202.06,211.03,212.71,270007
2026-08-17,SHANTIGOLD,SHANTI GOLD INTERNATION L,250.7,268.0,248.71,266.84,247.66,5540521
2026-08-17,SHANTI,SHANTI OVERSEAS INDIA LTD,6.22,6.5,6.1,6.33,6.22,48632
2026-08-17,SHINDL,SHARAT INDUSTRIES LTD.,162.47,164.69,159.72,161.84,163.32,57949
2026-08-17,SHARDACROP,SHARDA CROPCHEM LTD.,782.0,793.0,776.0,787.1,786.4,80915
2026-08-17,SHARDAMOTR,SHARDA MOTOR INDS LTD,899.8,912.0,897.8,909.5,898.25,32538
2026-08-17,SHAREINDIA,SHARE IND. SECURITIES LTD,173.77,177.62,172.01,174.96,174.47,393157
2026-08-17,SFL,SHEELA FOAM LIMITED,700.0,700.35,673.25,675.1,699.95,152631
2026-08-17,SCPL,SHEETAL COOL PRODUCTS LTD,659.85,667.4,625.8,657.95,653.05,46173
2026-08-17,SHERVANI,SHERVANI INDUSTRIAL SYN L,300.05,352.0,300.05,348.1,294.0,226
2026-08-17,SHILCTECH,SHILCHAR TECHNOLOGIES LTD,3891.1,3920.0,3851.3,3871.0,3904.2,24833
2026-08-17,SHILGRAVQ,SHILP GRAVURES LTD.,157.8,160.0,157.8,158.0,157.8,1010
2026-08-17,SHILPAMED,SHILPA MEDICARE LTD,822.0,825.0,803.05,809.3,822.0,748269
2026-08-17,SCILAL,SHIPPING CORP OF ILA LTD,40.5,40.76,40.05,40.19,40.32,115624
2026-08-17,SCI,SHIPPING CORP OF INDIA LT,292.25,293.4,285.55,286.4,292.25,1543079
2026-08-17,SHIVAUM,SHIV AUM STEELS LIMITED,450.6,450.6,445.0,445.1,447.1,1000
2026-08-17,SHIVACEM,SHIVA CEMENT LTD.,17.94,17.94,16.01,17.21,16.88,29464
2026-08-17,SHIVAAGRO,SHIVA GLOBAL AGRO INDS. L,37.2,38.3,37.0,38.3,38.4,485
2026-08-17,SHIVAMILLS,SHIVA MILLS LIMITED,63.44,63.44,59.25,60.28,62.2,2119
2026-08-17,SHIVATEX,SHIVA TEXYARN LIMITED,165.93,170.5,161.0,161.88,162.68,1534
2026-08-17,SBCL,SHIVALIK BIMETAL CON. LTD,1064.9,1075.0,1020.9,1024.6,1040.1,196087
2026-08-17,SHOPERSTOP,SHOPPERS STOP LIMITED,424.35,438.0,418.7,432.05,424.35,32788
2026-08-17,SHRADDHA,SHRADDHA PRIME PROJECTS L,158.0,162.0,150.0,150.71,156.7,735
2026-08-17,SHRADHA,SHRADHA REALTY LIMITED,34.43,34.45,33.52,34.14,34.45,11298
2026-08-17,SHREEPUSHK,SHRE PUSH CHEM & FERT LTD,386.0,387.2,374.55,376.35,384.3,32509
2026-08-17,SAPPL,SHREE AJIT PULP & PAPER L,305.05,305.05,286.0,289.5,277.95,8397
2026-08-17,SHREECEM,SHREE CEMENT LIMITED,24790.0,24790.0,24410.0,24535.0,24795.0,21237
2026-08-17,SHREDIGCEM,SHREE DIGVIJAY CEM CO LTD,71.83,71.83,70.02,70.47,71.91,52174
2026-08-17,SGRL,SHREE GANESH REMEDIES LTD,495.0,559.5,477.05,537.0,490.4,8402
2026-08-17,SRTL,SHREE RAM TWISTEX LIMITED,39.65,39.97,39.0,39.12,39.56,32757
2026-08-17,SHREERAMA,SHREE RAMA MULTI TECH LTD,44.62,47.5,43.93,46.28,43.8,347575
2026-08-17,RAMANEWS,SHREE RAMA NEWSPRINT LTD,31.0,33.44,31.0,32.78,31.62,23649
2026-08-17,RENUKA,SHREE RENUKA SUGARS LTD,22.05,23.19,21.98,23.0,21.95,12864772
2026-08-17,BALAJEE,SHREE TIRUPATI BALAJEE L,28.25,28.26,27.18,27.25,27.71,12476
2026-08-17,SHREEJISPG,SHREEJI SHIPPING GLOBAL L,662.0,662.0,588.1,601.8,653.4,2791511
2026-08-17,OSWALSEEDS,SHREEOSWAL S AND CHE LTD,14.2,14.5,13.12,13.59,12.15,3693127
2026-08-17,SHREYANIND,SHREYANS INDUSTRIES LTD,132.0,136.65,128.0,130.22,130.27,8553
2026-08-17,SHBAJRG,SHRI BAJRANG ALLIANCE L,172.94,181.9,169.0,181.14,173.8,2303
2026-08-17,SHRJAGP,SHRI JAGDAMBA POLYMERS L,801.25,801.25,677.0,728.5,761.5,861
2026-08-17,SHRIKRISH,SHRI KRISHNA DEVCON LTD.,39.8,40.38,38.5,40.3,40.0,2281
2026-08-17,VASUPRADA,SHRI VASUPRADA PLANTATI L,96.03,96.03,96.0,96.0,101.02,1058
2026-08-17,SHRINGARMS,SHRINGAR HOU OF MANGALS L,223.95,230.18,223.3,227.24,223.27,351594
2026-08-17,LIQUIDSHRI,SHRIRAM - LIQUIDSHRI,1117.64,1117.64,1117.62,1117.64,1117.48,1591
2026-08-17,SHRIRAMFIN,SHRIRAM FINANCE LIMITED,1116.0,1129.7,1112.2,1122.0,1122.0,2105094
2026-08-17,SHRIRAMPPS,SHRIRAM PROPERTIES LTD,78.11,78.6,74.87,76.27,78.11,851034
2026-08-17,SHUKRAPHAR,SHUKRA PHARMACEUTICALS L,44.39,44.39,41.4,41.44,41.42,1136748
2026-08-17,SHYAMMETL,SHYAM METALICS AND ENGY L,1004.0,1004.8,981.6,986.9,999.6,429812
2026-08-17,SHYAMTEL,SHYAM TELECOM LIMITED,14.79,15.53,13.6,15.14,14.12,8484
2026-08-17,SICAGEN,SICAGEN INDIA LIMITED,59.9,59.98,55.86,56.46,58.8,100723
2026-08-17,ENRIN,SIEMENS ENERGY INDIA LTD,3536.2,3614.0,3526.2,3605.7,3536.3,288294
2026-08-17,SIEMENS,SIEMENS LTD,3940.0,3966.2,3910.3,3943.0,3940.0,201072
2026-08-17,SIGACHI,SIGACHI INDUSTRIES LTD,27.95,28.0,25.8,26.35,27.28,1341435
2026-08-17,SIGMAADV,SIGMA ADVANCED SYSTEM LTD,645.0,648.0,627.1,627.1,660.1,252071
2026-08-17,SIGMA,SIGMA SOLVE LIMITED,46.01,46.24,45.0,45.15,46.16,60773
2026-08-17,SIGNATURE,SIGNATUREGLOBAL INDIA LTD,811.05,812.2,800.0,805.05,809.25,165150
2026-08-17,SIGIND,SIGNET INDUSTRIES LIMITED,68.5,72.0,66.02,71.15,66.32,65154
2026-08-17,SIGNPOST,SIGNPOST INDIA LIMITED,270.0,270.55,263.7,267.55,267.4,25715
2026-08-17,SIKA,SIKA INTERPLANT SYSTEMS L,1040.1,1085.8,1009.1,1052.9,1098.8,110395
2026-08-17,SILINV,SIL INVESTMENTS LIMITED,442.0,452.6,439.0,449.65,440.55,4820
2026-08-17,SILGO,SILGO RETAIL LIMITED,70.3,70.3,67.81,68.79,69.78,196022
2026-08-17,SILLYMONKS,SILLY MONKS ENTERTAIN LTD,15.02,16.47,15.02,15.59,15.63,10141
2026-08-17,SILVERTUC,SILVER TOUCH TECHNO LTD,210.0,213.0,191.15,197.27,209.29,686481
2026-08-17,SIMPLEXINF,SIMPLEX INFRASTRUCTURES L,249.47,255.4,245.9,251.31,250.1,71692
2026-08-17,SIMPLXREA,SIMPLEX REALTY LTD.,130.11,130.11,130.11,130.11,136.85,83
2026-08-17,SINCLAIR,SINCLAIRS HOTELS LIMITED,74.65,76.7,73.61,74.64,74.58,8410
2026-08-17,SINDHUTRAD,SINDHU TRADE LINKS LTD,24.1,24.89,23.53,23.79,23.64,1341162
2026-08-17,SINGERIND,SINGER INDIA LIMITED,84.0,84.0,78.61,80.97,83.22,140011
2026-08-17,SINTERCOM,SINTERCOM INDIA LIMITED,82.46,84.1,78.01,82.64,82.46,2322
2026-08-17,SIRCA,SIRCA PAINT INDIA LIMITED,427.4,441.9,421.95,439.45,426.9,481346
2026-08-17,SIS,SIS LIMITED,425.0,428.0,414.3,416.45,429.65,192249
2026-08-17,SIYSIL,SIYARAM SILK MILLS LTD,639.0,661.0,626.0,632.6,637.4,133073
2026-08-17,SJS,SJS ENTERPRISES LIMITED,2559.1,2584.7,2519.9,2534.5,2532.5,264621
2026-08-17,SJVN,SJVN LTD,67.28,67.38,66.0,66.56,67.21,1620783
2026-08-17,SKFINDUS,SKF IND (INDUSTRIAL) LTD,2661.8,2760.0,2650.5,2724.6,2684.7,189736
2026-08-17,SKFINDIA,SKF INDIA LTD,1558.1,1671.0,1558.1,1652.8,1573.3,356347
2026-08-17,SKIPPER,SKIPPER LIMITED,525.35,535.8,516.55,530.7,525.35,364941
2026-08-17,SKMEGGPROD,SKM EGG PROD EXPORT(I) LT,259.5,264.76,250.1,259.42,259.5,183300
2026-08-17,SKYGOLD,SKY GOLD AND DIAMONDS LTD,777.5,782.85,768.05,776.4,773.4,661574
2026-08-17,SMARTWORKS,SMARTWORKS COWORKING SP L,489.0,499.0,486.15,494.95,488.75,175356
2026-08-17,SMCGLOBAL,SMC GLOBAL SECURITIES LTD,79.26,81.89,78.15,80.41,79.46,464918
2026-08-17,SMLMAH,SML MAHINDRA LIMITED,5185.0,5647.5,5121.5,5321.0,5134.5,397440
2026-08-17,SMSPHARMA,SMS PHARMACEUTICALS LTD.,359.55,364.3,355.5,358.1,361.35,132263
2026-08-17,SNOWMAN,SNOWMAN LOGISTICS LTD.,37.99,39.35,37.92,38.63,37.92,188660
2026-08-17,SOBHA,SOBHA LIMITED,1328.2,1345.8,1305.1,1321.0,1328.2,140095
2026-08-17,SOFTTECH,SOFTTECH ENGINEERS LTD,429.4,435.3,426.0,427.05,428.55,3366
2026-08-17,SOLARINDS,SOLAR INDUSTRIES (I) LTD,19951.0,20389.0,19885.0,20000.0,19969.0,153646
2026-08-17,SOLARA,SOLARA ACTIVE PHA SCI LTD,506.0,513.3,501.95,509.1,512.3,75893
2026-08-17,SOLARWORLD,SOLARWORLD ENERGY SOL LTD,155.89,155.89,146.81,153.71,158.1,1115357
2026-08-17,SOLEX,SOLEX ENERGY LIMITED,801.0,829.8,770.3,789.0,879.85,144123
2026-08-17,SDBL,SOM DIST & BREW LTD,73.5,74.13,73.0,73.43,74.2,463773
2026-08-17,SOMATEX,SOMA TEXTILES & INDUST LT,91.6,92.47,88.42,91.0,91.37,22122
2026-08-17,SOMANYCERA,SOMANY CERAMICS LIMITED,520.0,521.35,506.2,518.9,522.65,214480
2026-08-17,SOMICONVEY,SOMI CONVEYOR BELT. LTD.,86.54,86.54,80.51,83.09,86.52,18854
2026-08-17,SONACOMS,SONA BLW PRECISION FRGS L,799.0,814.3,795.75,805.1,792.0,2346950
2026-08-17,SONAL,SONAL MERCANTILE LTD.,94.0,94.0,87.15,89.62,90.98,14
2026-08-17,SONAMLTD,SONAM LIMITED,56.26,58.0,55.0,57.39,55.38,69525
2026-08-17,SONATSOFTW,SONATA SOFTWARE LTD,325.65,325.75,318.8,320.4,325.9,373124
2026-08-17,SOUTHWEST,SOUTH WEST PINNACLE LTD,218.66,229.19,218.65,226.28,220.25,119123
2026-08-17,SPCENET,SPACENET ENTERS IND LTD,3.62,3.75,3.57,3.59,3.6,1391399
2026-08-17,SPANDANA,SPANDANA SPHOORTY FIN LTD,243.35,249.45,243.35,247.5,245.8,107643
2026-08-17,SPELS,SPEL SEMICONDUCTOR LTD,147.0,154.0,147.0,150.68,147.3,30450
2026-08-17,SPENCERS,SPENCER S RETAIL LIMITED,31.3,32.9,31.2,31.27,30.77,36658
2026-08-17,SPIC,SPIC LTD,67.67,67.67,66.0,67.09,67.68,429690
2026-08-17,SPLIL,SPL INDUSTRIES LIMITED,31.01,31.9,30.3,31.07,31.72,2228
2026-08-17,SPMLINFRA,SPML INFRA LIMITED,192.01,198.98,187.45,197.0,190.56,352862
2026-08-17,SPORTKING,SPORTKING INDIA LIMITED,200.0,208.69,196.26,206.41,199.89,455250
2026-08-17,SHRIPISTON,SPR AUTO TECHNOLOGIES LTD,4492.4,4525.0,4401.0,4436.6,4492.4,48722
2026-08-17,SRHHYPOLTD,SREE RAYALSEEMA HHP LTD.,500.2,500.2,492.6,496.05,496.55,8874
2026-08-17,SREEL,SREELEATHERS LIMITED,250.0,267.45,244.4,260.75,240.82,114222
2026-08-17,SRF,SRF LTD,2600.0,2636.6,2595.1,2616.0,2606.0,164908
2026-08-17,SRGHFL,SRG HOUSING FINANCE L,266.6,273.0,266.3,266.35,266.8,352
2026-08-17,HAVISHA,SRI HAVISHA HOSP & INFR L,1.43,1.49,1.37,1.4,1.34,65427
2026-08-17,SRM,SRM CONTRACTORS LIMITED,480.0,485.5,469.15,471.5,483.7,100821
2026-08-17,SETL,STANDARD ENGNG TCNLGY LTD,306.0,313.3,303.1,308.7,298.4,1991352
2026-08-17,SIL,STANDARD INDUSTRIES LTD.,21.0,21.55,20.15,20.29,19.59,233965
2026-08-17,STANLEY,STANLEY LIFESTYLES LTD,136.1,138.95,133.45,136.65,136.22,230448
2026-08-17,STARCEMENT,STAR CEMENT LIMITED,200.06,203.55,198.12,199.06,200.06,267294
2026-08-17,STARHEALTH,STAR HEALTH & AL INS CO L,581.55,587.95,578.75,584.25,585.15,615038
2026-08-17,STARPAPER,STAR PAPER MILLS LTD,148.0,149.79,145.0,145.47,147.98,4193
2026-08-17,STARTECK,STARTECK FINANCE LIMITED,256.3,262.45,255.1,259.95,257.05,7722
2026-08-17,SBIN,STATE BANK OF INDIA,1064.2,1068.8,1052.4,1061.2,1067.7,7039473
2026-08-17,SAIL,STEEL AUTHORITY OF INDIA,168.61,174.3,168.11,173.6,169.51,10850564
2026-08-17,STEELCITY,STEEL CITY SECURITIES LTD,83.5,84.79,79.96,81.77,83.53,9109
2026-08-17,STEELXIND,STEEL EXCHANGE INDIA LTD,10.87,11.2,10.75,10.92,10.87,1306177
2026-08-17,SSWL,STEEL STRIPS WHEELS LTD.,313.05,315.95,304.2,309.5,312.9,433000
2026-08-17,STEELCAS,STEELCAST LIMITED,349.15,355.1,345.6,352.1,351.85,84512
2026-08-17,STEL,STEL HOLDINGS LIMITED,583.9,593.0,569.9,591.4,581.2,4701
2026-08-17,SGL,STL GLOBAL LIMITED,9.62,9.96,9.62,9.91,9.73,2004
2026-08-17,STLNETWORK,STL NETWORKS LIMITED,26.19,26.19,25.15,25.37,25.78,662678
2026-08-17,STOVEKRAFT,STOVE KRAFT LIMITED,754.0,774.35,738.0,748.5,750.7,95567
2026-08-17,STAR,STRIDES PHARMA SCI LTD,965.0,992.9,965.0,987.1,967.8,165364
2026-08-17,SWSOLAR,STRLNG & WIL REN ENE LTD,202.0,204.5,198.3,203.62,202.01,753220
2026-08-17,STUDDS,STUDDS ACCESSORIES LTD,427.5,454.5,424.1,448.05,425.25,220801
2026-08-17,STYLAMIND,STYLAM INDUSTRIES LIMITED,3658.0,3733.4,3568.9,3582.4,3642.0,59253
2026-08-17,STYRENIX,STYRENIX PERFORMANCE LTD,2180.0,2209.7,2132.6,2181.6,2183.7,40081
2026-08-17,SUBEXLTD,SUBEX LTD,14.18,14.45,13.88,14.11,13.88,2017345
2026-08-17,SUBROS,SUBROS LIMITED,758.25,765.0,752.05,762.2,758.25,29322
2026-08-17,SUDARSCHEM,SUDARSHAN CHEMICAL INDS L,1115.0,1130.0,1080.1,1092.9,1118.1,651251
2026-08-17,SUDARCOLOR,SUDARSHAN COLORNT IND LTD,407.1,416.95,407.1,409.1,413.4,3916
2026-08-17,SUDEEPPHRM,SUDEEP PHARMA LIMITED,1120.0,1120.0,1080.0,1101.55,1105.55,80261
2026-08-17,SUKHJITS,SUKHJIT STARCH & CHEM LTD,163.78,163.78,156.6,157.84,159.78,7204
2026-08-17,SULA,SULA VINEYARDS LIMITED,149.93,150.95,148.1,149.13,149.93,320275
2026-08-17,SUMEDHA,SUMEDHA FISCAL SERVICES L,39.27,47.0,39.0,45.01,39.27,1004
2026-08-17,SUMEETINDS,SUMEET IND LIMITED,14.9,15.0,14.04,14.08,14.77,7152182
2026-08-17,SUMIT,SUMIT WOODS LIMITED,51.97,54.02,50.12,53.51,51.06,35402
2026-08-17,SUMICHEM,SUMITOMO CHEM INDIA LTD,568.0,572.05,554.4,559.8,564.95,566775
2026-08-17,SUMMITSEC,SUMMIT SECURITIES LTD,1461.5,1470.0,1440.1,1445.7,1443.9,1094
2026-08-17,SPARC,SUN PHARMA ADV.RES.CO.LTD,200.45,202.0,196.5,197.36,197.98,521734
2026-08-17,SUNPHARMA,SUN PHARMACEUTICAL IND L,1945.0,1949.8,1880.4,1882.0,1930.0,1893086
2026-08-17,SUNTV,SUN TV NETWORK LIMITED,486.65,497.35,485.15,488.25,484.6,606355
2026-08-17,SUNCLAY,SUNDARAM CLAYTON LIMITED,1250.0,1310.0,1243.4,1289.8,1249.9,10831
2026-08-17,SUNDARMFIN,SUNDARAM FINANCE LTD,4470.5,4533.3,4415.7,4523.9,4470.5,46071
2026-08-17,SUNDARAM,SUNDARAM MULTI PAP LTD,1.07,1.14,1.05,1.13,1.04,1102505
2026-08-17,SUNDRMFAST,SUNDRAM FASTENERS LTD,1225.0,1237.2,1208.75,1214.75,1217.6,165656
2026-08-17,SUNDROP,SUNDROP BRANDS LIMITED,656.0,663.0,649.5,651.4,660.1,20003
2026-08-17,SUNFLAG,SUNFLAG IRON AND STEEL CO,355.0,361.5,352.5,360.75,355.15,105590
2026-08-17,SUNLOC,SUNIL HEALTHCARE LTD.,71.0,71.0,68.0,68.3,68.18,23
2026-08-17,SUNRAKSHAK,SUNRAKSHAKK INDUS IND L,379.0,380.25,370.0,378.4,377.15,13923
2026-08-17,SUNSHIEL,SUNSHIELD CHEMICALS LTD.,1275.0,1280.0,1151.1,1228.0,1257.8,197
2026-08-17,SUNTECK,SUNTECK REALTY LIMITED,299.0,300.8,294.0,299.55,299.05,101450
2026-08-17,SUPTANERY,SUPER TANNERY LTD.,6.81,7.08,6.81,6.83,7.2,22133
2026-08-17,SUPERHOUSE,SUPERHOUSE LIMITED,171.2,174.9,165.0,169.12,169.52,4964
2026-08-17,SIEL,SUPERIOR INDUSTRIAL ENT L,30.0,35.07,30.0,35.07,3.2,22045
2026-08-17,SUPRAJIT,SUPRAJIT ENGINEERING LTD,523.5,531.85,518.0,520.75,524.6,89641
2026-08-17,SUPREME,SUPREME HOLDIN N HOSP I L,39.2,42.9,39.2,40.71,41.61,26704
2026-08-17,SUPREMEIND,SUPREME INDUSTRIES LTD,3590.0,3649.0,3565.0,3590.0,3558.9,329696
2026-08-17,SUPREMEINF,SUPREME INFRA. LTD.,91.52,94.36,89.06,90.66,90.87,48674
2026-08-17,SPLPETRO,SUPREME PETROCHEM LIMITED,733.6,733.6,711.25,723.45,726.55,67196
2026-08-17,SUPRIYA,SUPRIYA LIFESCIENCE LTD,791.65,806.85,779.85,784.0,791.65,418130
2026-08-17,SURAJEST,SURAJ ESTATE DEVELOPERS L,220.0,223.0,207.76,211.37,214.32,220885
2026-08-17,SURAJLTD,SURAJ LIMITED,220.0,220.0,217.13,218.0,223.44,5227
2026-08-17,SURAKSHA,SURAKSHA DIAGNOSTIC LTD,304.9,322.0,303.05,308.45,304.9,315695
2026-08-17,SURANASOL,SURANA SOLAR LIMITED,25.35,25.7,25.3,25.49,25.6,31278
2026-08-17,SURANAT&P,SURANA TELECOM AND POW LT,16.84,16.85,15.66,16.19,16.55,195769
2026-08-17,SBGLP,SURATWWALA BUS GROUP LTD,25.52,25.88,24.15,24.95,25.52,23666
2026-08-17,SURYAROSNI,SURYA ROSHNI LTD,222.5,224.73,220.5,221.27,222.98,570337
2026-08-17,SURYALAXMI,SURYALAKSHMI COT MIL LTD,56.76,58.89,56.5,57.66,56.24,1857
2026-08-17,SURYALA,SURYALATA SPINNING MILL L,384.85,384.85,371.0,371.35,375.9,573
2026-08-17,SURYODAY,SURYODAY SMALL FIN BK LTD,152.07,156.0,150.0,154.01,152.06,670272
2026-08-17,SUVEN,SUVEN LIFE SCIENCES LTD,342.35,358.0,330.05,333.05,342.35,1351669
2026-08-17,SUVIDHAA,SUVIDHAA INFOSERVE LTD,2.53,2.55,2.21,2.49,2.52,171531
2026-08-17,SUYOG,SUYOG TELEMATICS LIMITED,825.0,829.5,804.1,813.85,831.75,16784
2026-08-17,SUZLON,SUZLON ENERGY LIMITED,47.1,49.32,46.9,49.0,47.1,80470340
2026-08-17,SVPGLOB,SVP GLOBAL TEXTILES LTD,4.1,4.1,3.76,3.87,3.95,58494
2026-08-17,SWANCORP,SWAN CORP LIMITED,304.0,306.5,302.0,305.2,304.6,978187
2026-08-17,SWARAJENG,SWARAJ ENGINES LTD,3626.2,3657.8,3614.1,3628.6,3638.2,8107
2026-08-17,SWARAJ,SWARAJ SUITING LIMITED,371.65,371.65,367.25,369.3,369.85,258220
2026-08-17,SWARNSAR,SWARNSARITA JEWELS IND L,36.95,38.75,34.0,36.06,33.38,13676
2026-08-17,SWELECTES,SWELECT ENERGY SYS LTD,609.0,642.0,603.2,629.7,616.75,56984
2026-08-17,SWIGGY,SWIGGY LIMITED,277.0,278.8,273.65,278.8,276.3,4192680
2026-08-17,SWISSMLTRY,SWISS MILITARY CON GOOD L,14.42,14.42,13.0,13.36,14.32,119059
2026-08-17,SYMPHONY,SYMPHONY LIMITED,621.3,623.2,618.0,620.55,621.3,34614
2026-08-17,SYNCOMF,SYNCOM FORMU (I) LTD,15.15,15.4,14.9,15.22,14.92,4056368
2026-08-17,SGIL,SYNERGY GREEN IND. LTD,560.85,561.05,538.3,549.65,560.85,26164
2026-08-17,SYNGENE,SYNGENE INTERNATIONAL LTD,401.55,404.7,397.05,403.0,401.45,306199
2026-08-17,SYRMA,SYRMA SGS TECHNOLOGY LTD,1477.3,1503.6,1458.5,1467.9,1465.2,972670
2026-08-17,TGVSL,T G V SRAAC LTD.,107.49,111.5,104.05,106.54,106.3,137616
2026-08-17,TTL,T T LIMITED,6.14,6.2,5.8,6.15,6.14,269607
2026-08-17,TAALTECH,TAAL TECH LTD.,4290.0,4375.0,4235.0,4238.8,4280.0,2161
2026-08-17,TAINWALCHM,TAINWALA CHEMICAL AND PLA,209.5,211.0,203.98,208.5,205.78,10670
2026-08-17,TAJGVK,TAJ GVK HOTELS & RESORTS,344.95,347.9,335.0,337.5,341.65,69636
2026-08-17,TAKE,TAKE LIMITED,24.08,24.24,23.1,23.43,23.76,1251379
2026-08-17,TALBROAUTO,TALBROS AUTO. COMP. LTD,423.65,434.0,420.05,423.45,419.5,190674
2026-08-17,TMB,TAMILNAD MERCA BANK LTD,849.4,849.4,834.6,843.7,849.4,95533
2026-08-17,TNPL,TAMILNADU NEWSPRT & PAPER,141.99,142.49,140.22,140.88,141.12,113046
2026-08-17,TNPETRO,TAMILNADU PETROPRODUCTS L,110.92,115.0,109.5,114.16,110.93,749352
2026-08-17,TNTELE,TAMILNADU TELECOMMUNICATI,9.2,9.2,8.9,8.96,9.04,18330
2026-08-17,TANAA,TANEJA AEROSPACE & AVIA L,308.0,322.0,297.0,300.95,308.85,8328
2026-08-17,TANLA,TANLA PLATFORMS LIMITED,582.0,585.35,570.05,573.5,582.05,347216
2026-08-17,TARACHAND,TARA CHAND INFRA SOLN LTD,47.21,48.15,47.0,47.12,47.89,78473
2026-08-17,TARAPUR,TARAPUR TRANSFORMERS LTD,14.97,15.0,14.19,14.33,14.48,37933
2026-08-17,TARC,TARC LIMITED,125.24,125.51,120.7,124.36,125.2,744676
2026-08-17,TARMAT,TARMAT LIMITED,59.95,60.4,55.13,55.98,58.7,37344
2026-08-17,TARSONS,TARSONS PRODUCTS LIMITED,355.1,364.9,343.85,361.5,360.3,2073726
2026-08-17,TASTYBITE,TASTY BITE EATABLES LTD,9910.5,10190.0,9600.0,10014.5,10005.0,30764
2026-08-17,TATACAP,TATA CAPITAL LIMITED,363.3,364.6,358.0,359.25,364.2,605981
2026-08-17,TATACHEM,TATA CHEMICALS LTD,670.2,671.2,661.4,662.9,670.65,271373
2026-08-17,TATACOMM,TATA COMMUNICATIONS LTD,1725.0,1736.9,1686.0,1711.9,1718.1,249346
2026-08-17,TCS,TATA CONSULTANCY SERV LT,2351.0,2361.1,2310.6,2313.2,2361.0,2237636
2026-08-17,TATACONSUM,TATA CONSUMER PRODUCT LTD,1083.8,1084.5,1070.9,1072.6,1079.5,881078
2026-08-17,TATAELXSI,TATA ELXSI LIMITED,3772.6,3775.0,3700.0,3760.0,3772.7,151262
2026-08-17,TATAINVEST,TATA INVESTMENT CORP LTD,667.2,667.2,652.0,654.55,667.3,299800
2026-08-17,TMCV,TATA MOTORS LIMITED,474.3,479.5,466.2,470.4,474.3,5104421
2026-08-17,TMPV,TATA MOTORS PASS VEH LTD,334.0,334.2,329.05,330.2,334.5,7337847
2026-08-17,TATAPOWER,TATA POWER CO LTD,382.05,383.05,378.05,381.5,382.05,2658590
2026-08-17,TATASTEEL,TATA STEEL LIMITED,183.5,186.35,182.06,186.0,183.5,16278106
2026-08-17,TATATECH,TATA TECHNOLOGIES LIMITED,866.0,867.0,837.6,841.65,867.9,724569
2026-08-17,TTML,TATA TELESERV(MAHARASTRA),38.59,38.99,38.05,38.15,38.59,865904
2026-08-17,NETF,TATAAML - NETF,262.0,265.48,262.0,265.2,264.83,2208
2026-08-17,NPBET,TATAAML - NPBET,283.44,285.71,281.4,283.33,283.44,3555
2026-08-17,TNIDETF,TATAAML - TNIDETF,92.3,93.0,90.5,90.85,91.51,93509
2026-08-17,TATAGOLD,TATAAML-TATAGOLD,14.99,14.99,14.62,14.85,14.7,38594049
2026-08-17,TATSILV,TATAAML-TATSILV,22.45,22.9,22.45,22.7,22.45,34346111
2026-08-17,TATVA,TATVA CHIN PHARM CHEM LTD,1723.8,1769.5,1673.0,1685.8,1717.3,69145
2026-08-17,TBOTEK,TBO TEK LIMITED,1645.6,1707.0,1613.7,1700.0,1633.3,291284
2026-08-17,TCC,TCC CONCEPT LIMITED,255.7,266.85,250.1,256.3,259.55,31635
2026-08-17,TCIEXP,TCI EXPRESS LIMITED,551.3,572.0,551.3,566.75,559.85,52357
2026-08-17,TCPLPACK,TCPL PACKAGING LIMITED,4099.6,4153.8,3966.4,4037.6,4088.8,9834
2026-08-17,TDPOWERSYS,TD POWER SYSTEMS LTD.,1470.0,1569.8,1467.1,1548.8,1484.6,2464279
2026-08-17,TEAMGTY,TEAM INDIA GUARANTY LTD,231.0,243.5,222.0,224.2,227.94,221
2026-08-17,TEAMLEASE,TEAMLEASE SERVICES LTD.,1255.0,1255.0,1236.7,1239.6,1255.0,11689
2026-08-17,TPHQ,TEAMO PRODUCTIONS HQ LTD,0.56,0.58,0.54,0.58,0.49,5686531
2026-08-17,TECHM,TECH MAHINDRA LIMITED,1621.0,1638.9,1604.2,1610.0,1632.8,1506025
2026-08-17,TECHNOE,TECHNO ELEC & ENG CO. LTD,969.75,977.9,941.55,959.15,968.4,301073
2026-08-17,TIIL,TECHNOCRAFT IND LTD,3125.0,3234.2,3061.0,3097.2,3088.7,100294
2026-08-17,TECHNOCRAF,TECHNOCRAFT VENTURES LTD,310.0,313.95,298.0,299.94,311.15,3147658
2026-08-17,TECHNVISN,TECHNVISION VENTURES LTD.,5168.1,5176.1,4959.5,5045.1,5220.5,1019
2026-08-17,TECILCHEM,TECIL CHEMICALS,8.87,8.87,8.3,8.39,8.59,3050
2026-08-17,TEGA,TEGA INDUSTRIES LIMITED,1707.1,1750.0,1688.6,1744.0,1703.8,187213
2026-08-17,TEJASNET,TEJAS NETWORKS LIMITED,535.2,535.25,521.0,522.85,538.5,906088
2026-08-17,TEMBO,TEMBO GLOBAL IND LTD,60.95,62.9,60.05,60.35,60.8,1969962
2026-08-17,TENNIND,TENNECO CLEAN AIR INDIA L,538.6,551.9,536.85,548.45,538.25,2170914
2026-08-17,TERASOFT,TERA SOFTWARE LIMITED,349.9,358.5,333.75,336.7,345.65,19470
2026-08-17,TERAI,TERAI TEA CO. LTD.,137.5,137.5,124.6,124.6,124.6,2
2026-08-17,TEXINFRA,TEXMACO INFRA & HOLDG LTD,106.92,108.78,106.2,107.85,107.81,98346
2026-08-17,TEXRAIL,TEXMACO RAIL & ENG. LTD.,105.0,107.45,104.56,106.89,104.85,918414
2026-08-17,TEXMOPIPES,TEXMO PIPE & PRODUCTS LTD,45.99,46.29,45.17,45.62,46.03,28045
2026-08-17,TGBHOTELS,TGB BANQUETS&HOTELS LTD,9.53,9.78,9.08,9.2,9.53,28287
2026-08-17,THAKDEV,THAKKERS DEVELOPERS LTD.,159.75,160.0,147.1,154.18,146.48,3837
2026-08-17,THANGAMAYL,THANGAMAYIL JEWELLERY LTD,5454.0,5480.0,5286.0,5336.5,5427.0,85919
2026-08-17,ANUP,THE ANUP ENGINEERING LTD,1801.0,1877.9,1801.0,1834.5,1852.8,26309
2026-08-17,GESHIP,THE GE SHPG.LTD,1281.1,1299.4,1261.0,1274.9,1284.5,680888
2026-08-17,GROBTEA,THE GROB TEA COMPANY LTD,1039.95,1039.95,953.0,953.8,958.05,754
2026-08-17,INDIACEM,THE INDIA CEMENTS LIMITED,374.0,380.0,372.8,376.15,375.3,118790
2026-08-17,INDHOTEL,THE INDIAN HOTELS CO. LTD,720.0,723.65,714.5,720.0,720.0,692444
2026-08-17,THEINVEST,THE INVEST TRUST OF IND L,103.99,103.99,96.0,98.68,99.99,11281
2026-08-17,NIACL,THE NEW INDIA ASSU CO LTD,179.0,184.6,177.0,183.64,179.08,1932986
2026-08-17,PKTEA,THE P K TEA PROD CO LTD,690.1,709.0,690.1,704.5,679.95,10552
2026-08-17,PHOENIXLTD,THE PHOENIX MILLS LTD,1891.0,1949.9,1876.0,1929.8,1890.0,718310
2026-08-17,RAMCOCEM,THE RAMCO CEMENTS LIMITED,917.0,926.2,905.05,922.6,907.2,242347
2026-08-17,SOUTHBANK,THE SOUTH INDIAN BANK LTD,46.0,46.09,45.1,45.22,45.74,5696877
2026-08-17,STCINDIA,THE STATE TRADING CORPN,115.3,117.79,115.3,116.81,116.7,12536
2026-08-17,UGARSUGAR,THE UGAR SUGAR WORKS LTD,48.0,53.9,48.0,52.18,48.19,1500943
2026-08-17,WIPL,THE WESTERN INDIA PLY LTD,167.11,168.96,165.01,165.97,167.98,6311
2026-08-17,THEJO,THEJO ENGINEERING LIMITED,2094.4,2135.8,2077.3,2118.1,2104.9,4289
2026-08-17,THEMISMED,THEMIS MEDICARE LTD.,103.1,106.99,102.15,104.09,104.85,61527
2026-08-17,THERMAX,THERMAX LTD,4074.0,4238.6,4034.4,4141.4,4044.9,397968
2026-08-17,TIRUMALCHM,THIRUMALAI CHEMICALS LTD,159.6,160.07,151.73,154.73,159.66,742304
2026-08-17,THOMASCOOK,THOMAS COOK (INDIA) LTD,106.0,106.49,103.54,103.68,105.88,549586
2026-08-17,THOMASCOTT,THOMAS SCOTT (INDIA) LTD,326.95,335.2,293.35,301.1,346.9,335204
2026-08-17,THYROCARE,THYROCARE TECH LTD,630.0,630.0,610.1,618.6,624.05,299783
2026-08-17,TIGERLOGS,TIGER LOGISTICS (INDIA) L,25.96,27.4,25.06,27.08,25.46,1049551
2026-08-17,TIJARIA,TIJARIA POLYPIPES LTD,6.1,6.1,5.42,5.55,6.03,288047
2026-08-17,TI,TILAKNAGAR INDUSTRIES LTD,573.75,582.2,566.6,580.55,568.75,1007098
2026-08-17,TIMETECHNO,TIME TECHNOPLAST LTD.,193.0,193.5,188.27,189.61,193.27,2854111
2026-08-17,TIMEX,TIMEX GROUP INDIA LTD.,529.7,547.95,521.45,541.3,524.65,224125
2026-08-17,TIMKEN,TIMKEN INDIA LTD.,3300.0,3317.0,3246.7,3290.5,3275.8,13162
2026-08-17,TINNARUBR,TINNA RUBBER AND INFR LTD,1080.4,1105.0,1022.4,1030.3,1089.7,106082
2026-08-17,TIPSFILMS,TIPS FILMS LIMITED,346.0,348.7,325.6,341.55,348.2,15209
2026-08-17,TIPSMUSIC,TIPS MUSIC LIMITED,670.9,672.5,653.55,656.25,670.9,187123
2026-08-17,TITAGARH,TITAGARH RAIL SYSTEMS LTD,831.05,836.6,812.7,820.95,831.35,448731
2026-08-17,TITAN,TITAN COMPANY LIMITED,5056.2,5111.0,5037.2,5068.5,5056.2,565258
2026-08-17,TOKYOPLAST,TOKYO PLAST INTL LTD,77.4,79.99,77.4,79.9,78.5,162
2026-08-17,TOLINS,TOLINS TYRES LIMITED,97.66,97.66,95.5,97.08,96.7,29072
2026-08-17,TORNTPHARM,TORRENT PHARMACEUTICALS L,4828.0,4939.0,4814.0,4900.0,4833.0,293772
2026-08-17,TORNTPOWER,TORRENT POWER LTD,1309.1,1324.5,1297.2,1312.8,1309.1,150508
2026-08-17,TOTAL,TOTAL TRANSPORT SYS LTD,64.0,65.4,62.99,65.07,64.17,10636
2026-08-17,TOUCHWOOD,TOUCHWOOD ENTERTAIN LTD.,65.0,65.0,60.01,62.68,64.74,6028
2026-08-17,TFCILTD,TOURISM FINANCE CORP. OF,116.8,127.0,115.0,120.28,117.44,42019586
2026-08-17,TOYAMSL,TOYAM SPORTS LTD.,0.65,0.68,0.65,0.67,0.68,129241
2026-08-17,TPLPLASTEH,TPL PLASTECH LIMITED,77.5,78.98,76.05,77.25,77.33,131399
2026-08-17,TRACXN,TRACXN TECHNOLOGIES LTD,29.47,29.65,28.4,29.07,29.61,129447
2026-08-17,TARIL,TRANS & RECTI. LTD,298.3,299.55,294.9,296.3,298.05,564398
2026-08-17,TRANSCOR,TRANSCORP INTERNATIONAL L,24.51,24.51,23.57,24.26,24.39,2702
2026-08-17,TREL,TRANSINDIA REAL ESTATE L,25.93,26.3,24.76,26.05,25.93,129819
2026-08-17,TCI,TRANSPORT CORPN OF INDIA,915.2,917.5,904.8,907.65,915.2,18805
2026-08-17,TRANSRAILL,TRANSRAIL LIGHTING LTD,468.35,468.55,463.05,464.85,468.95,199552
2026-08-17,TFL,TRANSWARRANTY FIN. LTD.,11.69,11.69,11.25,11.34,11.64,7499
2026-08-17,TRAVELFOOD,TRAVEL FOOD SERVICES LTD,1355.2,1393.5,1334.8,1358.2,1364.9,80291
2026-08-17,TREEHOUSE,TREE HOUSE EDU LTD,6.38,6.38,5.7,5.93,6.13,44419
2026-08-17,TREJHARA,TREJHARA SOLUTIONS LTD,161.43,165.94,160.0,163.76,162.3,12218
2026-08-17,TRENT,TRENT LTD,2989.9,2989.9,2945.0,2946.0,2978.0,689113
2026-08-17,TRF,TRF LIMITED,229.0,232.78,226.5,230.57,230.71,8926
2026-08-17,TBZ,TRIB BHIMJI ZAVERI LTD,252.0,252.0,242.0,243.7,251.35,536210
2026-08-17,TRIDENT,TRIDENT LIMITED,24.3,24.64,24.25,24.57,24.34,2733925
2026-08-17,TRIGYN,TRIGYN TECHNOLOGIES LTD,56.0,56.44,54.2,55.3,56.07,22595
2026-08-17,TRITONV,TRITON VALVES LTD.,1150.0,1170.0,1108.0,1148.6,1154.9,1553
2026-08-17,TRIVENI,TRIVENI ENGG. & INDS. LTD,268.93,287.2,268.37,279.64,266.42,2440871
2026-08-17,TRITURBINE,TRIVENI TURBINE LIMITED,589.1,600.05,581.85,597.9,592.4,416501
2026-08-17,TRUALT,TRUALT BIOENERGY LIMITED,485.7,487.7,476.0,479.25,481.6,273305
2026-08-17,TRU,TRUCAP FINANCE LIMITED,4.15,4.48,4.05,4.48,4.08,203563
2026-08-17,TSFINV,TSF INVESTMENTS LIMITED,415.5,423.9,409.6,420.4,415.45,66947
2026-08-17,TTKHLTCARE,TTK HEALTHCARE LIMITED,1168.9,1188.0,1126.5,1138.4,1157.7,27967
2026-08-17,TTKPRESTIG,TTK PRESTIGE LTD,595.0,598.9,588.35,592.1,595.9,34550
2026-08-17,TIINDIA,TUBE INVEST OF INDIA LTD,2730.0,2769.3,2685.0,2741.4,2733.5,338004
2026-08-17,TURTLEMINT,TURTLEMINT FINTECH SOLS L,130.0,157.68,122.0,150.15,137.44,21985821
2026-08-17,TUTIALKA,TUTICORIN ALKAL CH & FE L,56.86,56.86,56.0,56.71,56.86,3679
2026-08-17,TVTODAY,TV TODAY NETWORK LTD,114.05,114.05,109.0,110.93,112.42,47851
2026-08-17,TVSELECT,TVS ELECTRONICS LTD,454.7,454.7,444.1,450.35,451.55,33476
2026-08-17,TVSHLTD,TVS HOLDINGS LIMITED,13994.0,14135.0,13876.0,14072.0,13994.0,2980
2026-08-17,TVSMOTOR,TVS MOTOR COMPANY  LTD,4307.0,4386.0,4305.5,4385.9,4307.0,604301
2026-08-17,TVSSRICHAK,TVS SRICHAKRA LIMITED,4479.0,4925.0,4425.1,4868.9,4478.1,298746
2026-08-17,TVSSCS,TVS SUPPLY CHAIN SOL L,123.5,124.24,120.4,121.48,123.39,575748
2026-08-17,UCAL,UCAL LIMITED,140.0,159.7,139.9,151.87,139.85,557091
2026-08-17,UCOBANK,UCO BANK,26.0,26.17,25.81,26.11,26.0,2113964
2026-08-17,UDAYJEW,UDAY JEWELLERY INDS. LTD.,140.3,151.0,140.3,145.36,141.0,33315
2026-08-17,USK,UDAYSHIVAKUMAR INFRA LTD,21.2,21.99,21.17,21.83,21.41,17312
2026-08-17,UFLEX,UFLEX LIMITED,555.0,586.05,545.0,586.05,488.4,3734414
2026-08-17,UFO,UFO MOVIEZ INDIA LTD.,67.13,67.23,65.6,66.47,67.14,19447
2026-08-17,UGROCAP,UGRO CAPITAL LIMITED,94.0,95.25,91.73,92.75,93.34,167248
2026-08-17,UEL,UJAAS ENERGY LIMITED,222.48,222.48,222.48,222.48,234.18,7679
2026-08-17,UJJIVANSFB,UJJIVAN SMALL FINANC BANK,72.63,72.8,71.38,72.21,72.47,9089704
2026-08-17,ULTRAMAR,ULTRAMARINE & PIGMENTS L,400.95,408.0,391.65,394.2,398.2,53324
2026-08-17,ULTRACEMCO,ULTRATECH CEMENT LIMITED,11610.0,11709.0,11541.0,11681.0,11619.0,194270
2026-08-17,UMIYA-MRO,UMIYA BUILDCON LIMITED,90.05,90.05,88.15,89.01,89.69,3760
2026-08-17,UNICHEMLAB,UNICHEM LABORATORIES LTD,544.9,552.85,530.0,543.3,540.2,126268
2026-08-17,UNIECOM,UNICOMMERCE ESOLUTIONS L,84.5,85.39,84.01,84.95,86.05,296032
2026-08-17,UNIINFO,UNIINFO TELECOM SERVI LTD,12.26,12.26,11.5,11.69,11.7,1379
2026-08-17,UNIMECH,UNIMECH AEROSPACE N MFG L,1545.0,1548.0,1478.3,1511.3,1522.6,268042
2026-08-17,UNIONBANK,UNION BANK OF INDIA,187.37,190.15,184.27,188.9,187.38,14697760
2026-08-17,UNIONGOLD,UNIONAMC - UNIONGOLD,149.0,150.3,149.0,149.25,147.7,2199
2026-08-17,UNIPARTS,UNIPARTS INDIA LIMITED,816.0,830.0,794.05,801.15,816.0,207095
2026-08-17,UNIENTER,UNIPHOS ENTERPRISES LTD,95.81,98.5,95.11,95.59,95.36,1239
2026-08-17,UNITECH,UNITECH LTD,4.0,4.01,3.92,3.95,3.96,3549409
2026-08-17,UBL,UNITED BREWERIES LTD,1377.0,1380.8,1361.5,1367.9,1376.6,37304
2026-08-17,UNITEDTEA,UNITED NILGIRI TEA LTD,474.8,474.8,451.0,455.65,458.3,1907
2026-08-17,UNITDSPR,UNITED SPIRITS LIMITED,1536.0,1546.3,1523.5,1545.0,1536.0,363526
2026-08-17,UNIVCABLES,UNIVERSAL CABLES LTD,1658.9,1735.0,1632.0,1724.6,1644.4,302829
2026-08-17,UNOMINDA,UNO MINDA LIMITED,1246.0,1272.0,1235.9,1269.9,1240.0,1414213
2026-08-17,UDS,UPDATER SERVICES LIMITED,211.49,214.3,208.59,211.72,211.5,271827
2026-08-17,UPL,UPL LIMITED,566.0,568.7,561.5,567.1,563.0,1106329
2026-08-17,URBANCO,URBAN COMPANY LIMITED,144.2,145.6,142.65,144.6,144.39,3896552
2026-08-17,URJA,URJA GLOBAL LIMITED,9.49,9.64,9.35,9.46,9.49,486215
2026-08-17,UMESLTD,USHA MARTIN EDU & SOL LTD,5.96,6.07,5.7,6.02,5.82,20769
2026-08-17,USHAMART,USHA MARTIN LTD.,491.85,500.0,487.45,498.05,487.95,265944
2026-08-17,UTIAMC,UTI ASSET MNGMT CO LTD,907.2,910.0,901.25,907.3,908.05,38587
2026-08-17,LIQUIDBETA,UTIAMC - LIQUIDBETA,1004.49,1004.49,1004.49,1004.49,1003.71,5
2026-08-17,BANKBETA,UTIAMC-BANKBETA,60.98,60.98,59.15,59.77,59.5,41603
2026-08-17,GILT10BETA,UTIAMC-GILT10BETA,27.04,27.04,26.52,26.91,27.03,55
2026-08-17,GILT5BETA,UTIAMC-GILT5BETA,67.62,67.62,66.43,66.43,66.87,46083
2026-08-17,ITBETA,UTIAMC-ITBETA,330.45,330.45,323.68,327.67,328.81,963
2026-08-17,MIDCAPBETA,UTIAMC-MIDCAPBETA,235.76,237.8,235.76,237.8,237.22,592
2026-08-17,NEXT50BETA,UTIAMC-NEXT50BETA,80.6,80.65,79.82,80.47,80.2,95211
2026-08-17,NIFTYBETA,UTIAMC-NIFTYBETA,270.48,271.0,269.0,270.55,270.48,40255
2026-08-17,SENSEXBETA,UTIAMC-SENSEXBETA,867.13,867.13,852.46,857.51,862.82,1546
2026-08-17,SILVERBETA,UTIAMC-SILVERBETA,224.9,226.99,224.11,225.93,223.3,355196
2026-08-17,SNXT50BETA,UTIAMC-SNXT50BETA,94.74,97.45,94.74,96.62,96.63,3666
2026-08-17,GOLDBETA,UTIAMC-UTIGOLDBETA,124.2,129.9,124.2,128.75,127.35,647141
2026-08-17,UTKARSHBNK,UTKARSH SMALL FIN BANK L,14.05,14.17,13.85,14.04,14.04,1910237
2026-08-17,UTTAMSUGAR,UTTAM SUGAR MILLS LTD.,265.25,286.96,263.36,283.0,264.29,708663
2026-08-17,VTMLTD,V T M LTD.,47.0,50.0,46.0,46.94,46.78,9109
2026-08-17,VGUARD,V-GUARD IND LTD.,326.75,345.9,326.25,343.95,326.75,2297117
2026-08-17,V2RETAIL,V2 RETAIL LIMITED,216.0,219.5,215.0,218.85,216.4,1215948
2026-08-17,WABAG,VA TECH WABAG LTD,1930.0,1932.9,1876.4,1897.6,1904.6,347369
2026-08-17,VADILENT,VADILAL ENTERPRISES LTD.,10002.0,10002.0,10002.0,10002.0,10362.0,11
2026-08-17,VADILALIND,VADILAL INDUSTRIES LTD,7749.0,7749.0,7072.0,7411.0,7749.0,73266
2026-08-17,VAIBHAVGBL,VAIBHAV GLOBAL LIMITED,227.7,228.6,223.55,226.45,228.3,437817
2026-08-17,VAISHALI,VAISHALI PHARMA LIMITED,8.84,8.85,8.06,8.34,8.51,250280
2026-08-17,VAKRANGEE,VAKRANGEE LIMITED,5.94,5.94,5.81,5.85,5.92,805018
2026-08-17,VALIANTLAB,VALIANT LABORATORIES LTD,86.53,86.53,86.53,86.53,82.41,19553
2026-08-17,DBREALTY,VALOR ESTATE LIMITED,109.0,111.51,106.32,108.51,111.91,836717
2026-08-17,VHL,VARDHMAN HOLDINGS LIMITED,3485.0,3485.0,3420.0,3473.8,3439.0,543
2026-08-17,VARDMNPOLY,VARDHMAN POLYTEX LTD.,6.5,6.5,6.13,6.19,6.3,87097
2026-08-17,VSSL,VARDHMAN SPC STEEL LTD,358.65,375.95,357.1,361.55,353.35,453421
2026-08-17,VTL,VARDHMAN TEXTILES LIMITED,590.0,609.0,589.0,605.25,590.6,134126
2026-08-17,VARROC,VARROC ENGINEERING LTD.,851.6,874.85,842.3,847.75,847.9,508443
2026-08-17,VBL,VARUN BEVERAGES LIMITED,435.1,438.8,432.25,433.85,435.0,2004001
2026-08-17,VGL,VARVEE GLOBAL LIMITED,59.0,61.5,57.0,59.3,58.66,14150
2026-08-17,VASCONEQ,VASCON ENGINEERS LTD,31.51,31.8,31.0,31.13,31.82,203175
2026-08-17,VASWANI,VASWANI IND LTD,52.17,52.27,44.5,47.96,52.17,187947
2026-08-17,VCL,VAXTEX COTFAB LIMITED,1.77,1.77,1.77,1.77,1.69,753129
2026-08-17,MANYAVAR,VEDANT FASHIONS LIMITED,530.0,545.0,521.0,541.85,528.75,401341
2026-08-17,VAML,VEDANTA ALUMINIUM METAL L,445.9,449.45,441.0,441.5,443.8,4788738
2026-08-17,VISL,VEDANTA IRON AND STEEL L,36.9,38.71,36.0,37.97,36.87,53342910
2026-08-17,VEDL,VEDANTA LIMITED,268.0,270.65,267.05,269.7,267.5,6638615
2026-08-17,VOGL,VEDANTA OIL AND GAS LTD,37.4,38.43,36.81,37.66,37.14,35853553
2026-08-17,VEDPOWER,VEDANTA POWER LIMITED,36.5,36.98,36.08,36.59,36.54,9962371
2026-08-17,VEDAVAAG,VEDAVAAG SYSTEMS LTD.,19.44,19.44,18.5,19.15,19.3,19062
2026-08-17,VEEDOL,VEEDOL CORPORATION LTD,1550.0,1550.0,1502.5,1521.6,1512.9,13052
2026-08-17,VENKEYS,VENKY S (INDIA) LIMITED,1525.7,1555.6,1523.0,1531.0,1528.0,24903
2026-08-17,VENTIVE,VENTIVE HOSPITALITY LTD,582.1,595.35,581.0,592.2,582.95,11822
2026-08-17,VENUSPIPES,VENUS PIPES & TUBES LTD,1570.0,1602.0,1527.1,1596.5,1577.3,99452
2026-08-17,VERANDA,VERANDA LEARNING SOL LTD,238.3,238.3,226.1,235.1,245.9,490551
2026-08-17,VESUVIUS,VESUVIUS INDIA LTD,431.55,441.95,430.0,440.65,431.55,58638
2026-08-17,VSTL,VIBHOR STEEL TUBES LTD,107.91,108.4,101.0,106.87,107.91,17809
2026-08-17,VGCL,VIBRANT GLOBAL CAPITAL L,61.5,61.5,56.98,60.5,59.95,2075
2026-08-17,VIDHIING,VIDHI SPCLTY F INGRDNTS L,310.0,326.0,310.0,319.2,309.9,66997
2026-08-17,VIDYAWIRES,VIDYA WIRES LIMITED,89.88,89.95,88.2,89.4,89.45,687376
2026-08-17,VIJSOLX,VIJAY SOLVEX LTD.,710.0,718.0,685.0,692.5,713.45,569
2026-08-17,VIJAYA,VIJAYA DIAGNOSTIC CEN LTD,1469.9,1515.0,1466.8,1506.6,1474.1,130297
2026-08-17,VIKASECO,VIKAS ECOTECH LIMITED,1.1,1.11,1.08,1.09,1.09,1887156
2026-08-17,VIKASLIFE,VIKAS LIFECARE LIMITED,1.25,1.25,1.23,1.23,1.25,1744342
2026-08-17,VIKRAMSOLR,VIKRAM SOLAR LIMITED,163.0,186.5,161.47,183.1,160.15,65091295
2026-08-17,VIKRAN,VIKRAN ENGINEERING LTD,62.3,63.24,61.46,62.54,62.22,1272850
2026-08-17,VIMTALABS,VIMTA LABS LIMITED,614.45,630.0,609.05,623.45,617.0,126778
2026-08-17,VINATIORGA,VINATI ORGANICS LTD,1343.0,1350.0,1317.3,1344.2,1338.3,50264
2026-08-17,VINDHYATEL,VINDHYA TELELINKS LTD,2434.6,2518.0,2378.6,2486.6,2401.6,48718
2026-08-17,VINEETLAB,VINEET LABORATORIES LTD,38.7,38.7,35.65,37.36,37.29,108335
2026-08-17,VINNY,VINNY OVERSEAS LIMITED,1.07,1.08,1.06,1.06,1.06,217079
2026-08-17,VINCOFE,VINTAGE COFFEE N BVRGS L,148.05,149.05,144.5,146.28,148.05,2160331
2026-08-17,VINYLINDIA,VINYL CHEMICALS (I) LTD.,240.0,242.81,235.05,236.57,238.64,5503
2026-08-17,VIPCLOTHNG,VIP CLOTHING LIMITED,20.2,20.9,20.2,20.59,20.14,47323
2026-08-17,VIPIND,VIP INDUSTRIES LTD,300.0,302.6,294.35,300.5,299.8,202608
2026-08-17,VIRAT,VIRAT INDUSTRIES LTD.,350.0,350.0,330.0,335.0,330.35,1109
2026-08-17,VIRINCHI,VIRINCHI LIMITED,15.47,15.47,14.61,15.03,14.88,46547
2026-08-17,VIRTUALG,VIRTUAL GLOBAL EDU LTD,0.4,0.42,0.4,0.41,0.42,189147
2026-08-17,VOEPL,VIRTUOSO OPTOELECTRONIC L,523.0,523.0,489.6,490.4,506.0,53014
2026-08-17,VISACHROME,VISA CHROME LIMITED,36.4,38.5,36.22,38.41,36.89,55863
2026-08-17,VIVIDHA,VISAGAR POLYTEX LTD,0.55,0.55,0.53,0.53,0.54,126485
2026-08-17,VISAKAIND,VISAKA INDUSTRIES LIMITED,96.6,96.6,90.44,92.0,95.46,954044
2026-08-17,VISHAL,VISHAL FABRICS LTD.,18.45,19.45,17.85,18.12,22.05,45725
2026-08-17,VMM,VISHAL MEGA MART LIMITED,105.43,106.99,104.61,105.5,105.2,9434670
2026-08-17,VISHNU,VISHNU CHEMICALS LIMITED,611.0,623.5,605.75,618.25,608.1,96864
2026-08-17,VPRPL,VISHNU PRAKASH R PUNGLI L,32.5,36.34,31.36,34.92,32.86,1255097
2026-08-17,VISHWARAJ,VISHWARAJ SUGAR IND LTD,5.3,5.43,5.29,5.37,5.29,196403
2026-08-17,VIVOBIOT,VIVO BIO TECH LTD.,20.16,20.94,19.15,19.68,20.1,10562
2026-08-17,VIYASH,VIYASH SCIENTIFIC LIMITED,255.0,255.0,245.3,252.15,255.65,2315295
2026-08-17,VLSFINANCE,VLS FINANCE LTD,256.1,267.55,255.05,256.6,259.15,17569
2026-08-17,VMART,VMART RETAIL LTD,807.5,809.5,787.1,792.3,807.5,52761
2026-08-17,VMSTMT,VMS TMT LIMITED,51.36,51.49,48.5,49.85,51.36,105418
2026-08-17,IDEA,VODAFONE IDEA LIMITED,14.11,14.14,13.66,13.71,14.11,310430357
2026-08-17,VOITHPAPR,VOITH PAPER FABRICS IND L,1456.0,1519.0,1414.1,1414.1,1455.8,145
2026-08-17,VOLTAMP,VOLTAMP TRANSFORMERS LTD,10150.0,10165.0,9950.0,10001.0,10141.0,12573
2026-08-17,VOLTAS,VOLTAS LTD,1329.0,1350.0,1256.1,1267.0,1320.5,4378295
2026-08-17,VRAJ,VRAJ IRON AND STEEL LTD,122.1,122.9,120.25,121.5,122.97,19250
2026-08-17,VRLLOG,VRL LOGISTICS LIMITED,295.75,301.0,294.05,296.2,296.3,233174
2026-08-17,VSTIND,VST INDUSTRIES LTD,215.05,215.99,214.05,214.5,215.44,99899
2026-08-17,VSTTILLERS,VST TILLERS TRACTORS LTD,4649.7,4649.7,4504.7,4527.4,4511.6,8916
2026-08-17,WPIL,W P I L LTD.,418.25,440.0,418.25,433.9,418.25,40314
2026-08-17,WSI,W.S.INDUSTRIES (I) LTD.,57.92,63.95,57.92,60.83,59.65,134865
2026-08-17,WAAREEENER,WAAREE ENERGIES LIMITED,2682.0,2719.0,2660.8,2707.0,2682.0,405982
2026-08-17,WAAREERTL,WAAREE RENEWABLE TECH LTD,893.0,901.15,884.0,896.95,891.55,105161
2026-08-17,WAKEFIT,WAKEFIT INNOVATIONS LTD,122.0,127.77,120.02,124.63,121.38,1384971
2026-08-17,WALCHANNAG,WALCHANDNAGAR INDUSTRIES,228.0,235.5,219.56,223.91,224.8,942467
2026-08-17,WANBURY,WANBURY LIMITED,260.0,261.9,247.85,250.7,261.35,227906
2026-08-17,WARDINMOBI,WARDWIZARD INNO & MOB L,6.5,6.5,5.25,6.25,6.54,204297
2026-08-17,WATERBASE,WATERBASE LTD.,46.5,47.9,44.11,47.11,74.9,21192
2026-08-17,CORDELIA,WATERWAYS LEISURE TOUR L,838.1,857.8,809.4,823.2,837.85,1823530
2026-08-17,WEWIN,WE WIN LIMITED,47.39,47.39,45.5,46.0,46.17,413
2026-08-17,TWCGOLDETF,WEALTH - TWCGOLDETF,151.05,152.55,151.0,152.33,150.85,18510
2026-08-17,WEALTH,WEALTH FRST PORT. MG. LTD,899.0,905.45,871.0,876.75,902.15,2680
2026-08-17,WEBELSOLAR,WEBSOL ENERGY SYSTEM LTD,83.96,84.94,80.85,82.8,85.1,4771303
2026-08-17,WEIZMANIND,WEIZMANN LTD,78.77,78.77,77.1,77.29,77.38,554
2026-08-17,WELCORP,WELSPUN CORP LIMITED,1873.3,1887.1,1846.0,1882.0,1873.3,202713
2026-08-17,WELENT,WELSPUN ENTERPRISES LTD.,557.5,575.5,557.5,569.4,561.7,145316
2026-08-17,WELSPUNLIV,WELSPUN LIVING LIMITED,165.05,169.95,164.9,168.15,164.06,10735012
2026-08-17,WELSPLSOL,WELSPUN SPECIALTY SOL L,48.99,48.99,47.66,48.47,47.96,156824
2026-08-17,WENDT,WENDT (INDIA) LIMITED,7888.0,8199.5,7888.0,8110.0,7932.0,5238
2026-08-17,WSTCSTPAPR,WEST COAST PAPER MILLS LT,611.3,622.0,599.6,605.5,611.35,160082
2026-08-17,WCIL,WESTERN CARRIERS (IND) L,86.0,88.3,83.0,87.99,86.55,84537
2026-08-17,WESTLIFE,WESTLIFE FOODWORLD LTD,582.9,585.0,574.6,579.6,582.9,176220
2026-08-17,WEWORK,WEWORK INDIA MANAGEMENT L,720.0,727.0,703.1,707.8,708.5,290990
2026-08-17,WHEELS,WHEELS INDIA LTD,1458.8,1458.8,1408.2,1417.5,1435.6,50683
2026-08-17,WHIRLPOOL,WHIRLPOOL OF INDIA LTD,779.0,784.65,773.4,777.35,778.9,119414
2026-08-17,WILLAMAGOR,WILLIAMSON MAGOR,24.56,25.02,24.56,24.93,25.06,1398
2026-08-17,WINDLAS,WINDLAS BIOTECH LIMITED,953.7,964.95,925.1,933.4,949.45,66278
2026-08-17,WINDMACHIN,WINDSOR MACHINES LIMITED,300.0,303.0,299.3,300.4,302.55,30500
2026-08-17,WIPRO,WIPRO LTD,183.5,183.71,181.0,181.9,184.0,4436515
2026-08-17,WOCKPHARMA,WOCKHARDT LIMITED,1928.5,1937.0,1884.2,1898.8,1932.7,342549
2026-08-17,WEL,WONDER ELECTRICALS LTD,148.0,150.89,144.15,145.74,145.05,635959
2026-08-17,WONDERLA,WONDERLA HOLIDAYS LTD.,468.25,473.7,466.85,468.7,468.25,130727
2026-08-17,WORTHPERI,WORTH PERIPHERALS LIMITED,151.25,158.99,149.84,155.29,154.5,12610
2026-08-17,XCHANGING,XCHANGING SOLUTIONS LTD,62.6,63.28,60.61,61.72,63.88,123662
2026-08-17,XELPMOC,XELPMOC DESIGN & TECH LTD,84.0,84.0,79.0,79.48,82.25,15269
2026-08-17,XPROINDIA,XPRO INDIA LIMITED,1090.1,1118.5,1090.0,1103.7,1097.0,28602
2026-08-17,XTGLOBAL,XTGLOBAL INFOTECH LIMITED,30.9,30.9,29.6,29.68,30.71,41668
2026-08-17,XTRANET,XTRANET TECHNOLOGIES LTD,174.8,175.9,155.5,158.7,172.5,1049878
2026-08-17,YASHO,YASHO INDUSTRIES LIMITED,4215.8,4400.0,4215.8,4362.3,4215.7,58050
2026-08-17,YATHARTH,YATHARTH HOSP & TRA C S L,850.05,853.35,837.25,842.85,844.7,191341
2026-08-17,YATRA,YATRA ONLINE LIMITED,113.4,116.2,112.5,113.95,114.01,1202159
2026-08-17,YESBANK,YES BANK LIMITED,22.67,23.02,22.45,22.92,22.67,58204418
2026-08-17,YUKEN,YUKEN INDIA LIMITED,854.0,865.25,812.0,821.95,853.2,3781
2026-08-17,ZFSTEERING,Z F STEERING GEAR (I) LTD,688.0,688.0,660.2,673.6,662.75,1921
2026-08-17,ZAGGLE,ZAGGLE PREPA OCEAN SER L,182.4,185.0,160.48,160.48,200.59,12084279
2026-08-17,ZEEL,ZEE ENTERTAINMENT ENT LTD,102.44,107.2,101.01,104.87,102.28,56021626
2026-08-17,ZEEMEDIA,ZEE MEDIA CORPORATION LTD,9.85,10.09,9.63,9.7,9.63,16059867
2026-08-17,ZENTEC,ZEN TECHNOLOGIES LIMITED,1873.0,1896.6,1852.4,1864.5,1857.2,388352
2026-08-17,ZENITHEXPO,ZENITH EXPORTS LTD,215.27,215.27,204.51,204.51,215.27,936
2026-08-17,ZENITHSTL,ZENITH STEEL PIP IND LTD,5.57,5.7,5.21,5.48,5.59,110042
2026-08-17,ZENSARTECH,ZENSAR TECHNOLOGIES  LTD,491.7,495.85,483.9,490.75,490.8,460647
2026-08-17,GOLDCASE,ZERODHAAMC - GOLDCASE,24.28,24.28,23.81,24.06,23.81,7349365
2026-08-17,LIQUIDCASE,ZERODHAAMC - LIQUIDCASE,115.49,115.51,115.49,115.49,115.49,12813007
2026-08-17,LTGILTCASE,ZERODHAAMC - LTGILTCASE,31.31,31.31,30.59,30.62,30.7,77335
2026-08-17,MID150CASE,ZERODHAAMC - MID150CASE,12.05,12.1,11.71,11.84,11.81,912183
2026-08-17,NIFTYCASE,ZERODHAAMC - NIFTYCASE,10.06,10.06,9.74,9.78,9.82,572741
2026-08-17,SILVERCASE,ZERODHAAMC - SILVERCASE,22.86,24.03,22.86,23.71,23.45,6978556
2026-08-17,SML100CASE,ZERODHAAMC - SML100CASE,11.25,11.31,11.19,11.28,11.21,3143996
2026-08-17,TOP100CASE,ZERODHAAMC - TOP100CASE,10.95,10.95,10.68,10.73,10.74,389738
2026-08-17,ZFCVINDIA,ZF COM VE CTR SYS IND LTD,2636.0,2636.0,2608.0,2623.7,2636.7,91005
2026-08-17,ZIMLAB,ZIM LABORATORIES LIMITED,108.5,115.7,107.1,115.2,107.55,140402
2026-08-17,ZODIACLOTH,ZODIAC CLOTHING CO. LTD.,77.87,77.87,73.0,75.6,75.21,7226
2026-08-17,ZODIAC,ZODIAC ENERGY LIMITED,267.0,273.85,253.3,256.25,266.9,27116
2026-08-17,ZOTA,ZOTA HEALTH CARE LIMITED,1162.0,1162.7,1100.0,1111.4,1131.3,171232
2026-08-17,ZUARI,ZUARI AGRO CHEMICALS LTD,221.71,225.64,214.3,222.71,220.58,89746
2026-08-17,ZUARIIND,ZUARI INDUSTRIES LIMITED,259.95,260.8,253.1,256.45,257.8,22301
2026-08-17,ZYDUSLIFE,ZYDUS LIFESCIENCES LTD,1135.0,1154.5,1127.1,1131.5,1135.2,1927424
2026-08-17,ZYDUSWELL,ZYDUS WELLNESS LIMITED,510.95,514.0,502.35,510.15,510.3,120525
