date,symbol,name,open,high,low,close,prev_close,volume
2026-09-10,20MICRONS,20 MICRONS LTD,219.48,220.9,210.73,211.87,218.06,115259
2026-09-10,21STCENMGM,21ST CENTURY MGMT SERVICE,39.19,39.55,38.21,38.97,38.8,2643
2026-09-10,360ONE,360 ONE WAM LIMITED,1087.0,1104.4,1076.6,1094.9,1087.4,839166
2026-09-10,GOLD360,360ONEAMC - GOLD360,148.6,149.8,148.45,149.15,148.25,7224
2026-09-10,MSCI360,360ONEAMC - MSCI360,9.95,10.0,9.88,9.96,10.15,16266
2026-09-10,SILVER360,360ONEAMC - SILVER360,231.08,232.8,229.41,230.33,229.05,18794
2026-09-10,3BBLACKBIO,3B BLACKBIO DX LTD.,1494.6,1494.6,1431.0,1443.3,1476.1,13603
2026-09-10,3MINDIA,3M INDIA LIMITED,32750.0,33330.0,32490.0,32800.0,33025.0,1403
2026-09-10,3PLAND,3P LAND HOLDINGS LIMITED,32.5,32.5,31.56,32.0,32.25,1053
2026-09-10,5PAISA,5PAISA CAPITAL LIMITED,333.75,338.95,328.3,332.5,334.3,28304
2026-09-10,63MOONS,63 MOONS TECHNOLOGIES LTD,873.5,912.0,871.0,886.35,865.05,841520
2026-09-10,ABCOTS,A B COTSPIN INDIA LIMITED,205.0,206.64,200.1,205.55,205.71,5619
2026-09-10,ABMKNO,A B M KNOWLEDGEWARE LTD.,181.01,182.0,181.01,181.35,180.73,220
2026-09-10,AKCAPIT,A K CAPITAL SERVICES LTD.,1727.7,1736.0,1676.0,1702.5,1691.6,1610
2026-09-10,A2ZINFRA,A2Z INFRA ENGINEERING LTD,15.5,15.5,14.85,14.92,15.25,263345
2026-09-10,AAATECH,AAA TECHNOLOGIES LIMITED,92.97,94.5,91.02,92.77,91.86,10673
2026-09-10,AADHARHFC,AADHAR HOUSING FINANCE L,471.9,474.85,460.25,462.7,471.9,418935
2026-09-10,AAKASH,AAKASH EXPLORATION SER L,8.5,9.98,8.31,9.14,8.49,795578
2026-09-10,AAREYDRUGS,AAREY DRUGS & PHARM LTD,101.29,101.29,94.99,95.71,99.98,98928
2026-09-10,AARON,AARON INDUSTRIES LIMITED,136.0,142.0,132.1,136.95,134.5,14071
2026-09-10,AARTIDRUGS,AARTI DRUGS LTD.,426.25,439.4,422.35,437.0,423.45,254738
2026-09-10,AARTIIND,AARTI INDUSTRIES LTD,496.2,511.95,495.45,504.05,496.2,589520
2026-09-10,AARTIPHARM,AARTI PHARMALABS LIMITED,836.0,839.0,814.0,825.75,829.65,285444
2026-09-10,AARVI,AARVI ENCON LIMITED,142.45,143.7,142.0,143.11,142.04,4118
2026-09-10,AASTHA,AASTHA SPINTEX LIMITED,81.41,81.41,78.8,79.29,81.46,263315
2026-09-10,AAVAS,AAVAS FINANCIERS LIMITED,1287.0,1302.9,1277.2,1286.1,1290.3,69794
2026-09-10,ABANSENT,ABANS ENTERPRISES LTD.,27.99,29.0,27.51,27.78,27.99,12639
2026-09-10,AFSL,ABANS FINANCIAL SRVCS LTD,201.51,203.12,201.0,201.27,201.21,4088
2026-09-10,ABB,ABB INDIA LIMITED,7400.0,7418.5,7287.0,7329.0,7401.5,93304
2026-09-10,ABBOTINDIA,ABBOTT INDIA LIMITED,25245.0,25395.0,25205.0,25260.0,25225.0,7222
2026-09-10,ACC,ACC LIMITED,1259.2,1260.3,1250.1,1254.3,1257.7,110068
2026-09-10,ACCELYA,ACCELYA SOLN INDIA LTD,1114.4,1128.8,1110.0,1118.1,1119.9,5259
2026-09-10,ACEINTEG,ACE INTEGRATED SOLU. LTD.,18.39,18.39,17.56,17.89,17.54,2437
2026-09-10,ACMESOLAR,ACME SOLAR HOLDINGS LTD,396.3,401.95,392.75,397.25,401.6,743888
2026-09-10,ACE,ACTION CONST EQUIP LTD,1132.0,1137.5,1112.4,1121.2,1127.0,182048
2026-09-10,ACUTAAS,ACUTAAS CHEMICALS LIMITED,3241.8,3464.0,3220.0,3451.4,3241.8,1000453
2026-09-10,ADANIENSOL,ADANI ENERGY SOLUTION LTD,1439.4,1439.4,1382.1,1391.9,1423.3,1412618
2026-09-10,ADANIENT,ADANI ENTERPRISES LIMITED,3114.5,3114.5,3041.1,3077.2,3104.7,1716315
2026-09-10,ADANIGREEN,ADANI GREEN ENERGY LTD,1322.0,1322.0,1292.0,1299.1,1315.0,1163355
2026-09-10,ADANIPORTS,ADANI PORT & SEZ LTD,1779.9,1780.0,1750.4,1768.0,1775.0,2777377
2026-09-10,ADANIPOWER,ADANI POWER LTD,214.5,215.28,212.5,213.5,214.9,18719604
2026-09-10,ATGL,ADANI TOTAL GAS LIMITED,613.5,616.0,600.25,602.7,612.3,461142
2026-09-10,ADDIND,ADDI INDUSTRIES LTD.,79.0,82.0,72.0,74.83,79.0,3924
2026-09-10,ADFFOODS,ADF FOODS LIMITED,278.0,278.0,270.55,274.05,278.2,72441
2026-09-10,ABSLAMC,ADIT BIRL SUN LIF AMC LTD,1063.0,1098.9,1042.3,1088.5,1066.5,371848
2026-09-10,ABCAPITAL,ADITYA BIRLA CAPITAL LTD.,398.0,402.05,395.85,400.0,400.0,1395209
2026-09-10,ABFRL,ADITYA BIRLA FASHION & RT,51.35,51.82,50.75,50.89,51.33,2526835
2026-09-10,ABLBL,ADITYA BIRLA LIFES BRAN L,84.2,85.05,83.51,84.0,84.26,410335
2026-09-10,BIRLAMONEY,ADITYA BIRLA MONEY LTD,123.31,124.97,122.0,122.9,123.25,24305
2026-09-10,ABREL,ADITYA BIRLA REAL EST LTD,1345.9,1346.0,1323.1,1337.4,1337.9,47082
2026-09-10,CPPLUS,ADITYA INFOTECH LIMITED,3662.0,3879.9,3662.0,3829.1,3746.1,215710
2026-09-10,AVL,ADITYA VISION LIMITED,619.0,623.1,590.5,603.55,623.1,579067
2026-09-10,BSLGOLDETF,ADITYBIRLA SL GOLD ETF-GR,135.31,135.31,134.14,134.33,133.98,254424
2026-09-10,BSLNIFTY,ADITYBIRLA SL NIF ETF-GR,28.3,28.3,27.45,27.5,27.61,895388
2026-09-10,ADOR,ADOR WELDING LTD,1635.4,1641.2,1610.0,1623.4,1628.2,20760
2026-09-10,ADROITINFO,ADROIT INFOTECH LIMITED,11.35,11.35,10.68,10.87,10.98,59921
2026-09-10,ADVAIT,ADVAIT ENRGY TRANSITION L,2082.7,2105.9,2036.0,2057.6,2091.7,39928
2026-09-10,ADVANCE,ADVANCE AGROLIFE LIMITED,114.5,123.38,113.85,119.03,113.85,447365
2026-09-10,ADVENZYMES,ADVANCED ENZYME TECH LTD,299.35,311.0,298.8,303.35,299.5,461639
2026-09-10,ADVANIHOTR,ADVANI HOT.& RES.(I) LTD,48.15,49.48,48.0,48.43,48.74,24668
2026-09-10,ADVENTHTL,ADVENT HOTELS INTERNATI L,130.9,133.0,129.05,132.39,130.32,70220
2026-09-10,ADVIKCA,ADVIK CAPITAL LTD.,1.08,1.09,1.04,1.04,1.07,299553
2026-09-10,RAMBHAJO,ADVIT JEWELS LIMITED,283.0,289.0,263.0,267.51,277.98,742523
2026-09-10,AEGISLOG,AEGIS LOGISTICS LIMITED,1351.2,1385.0,1301.0,1307.6,1343.4,1152343
2026-09-10,AEGISVOPAK,AEGIS VOPAK TERMINALS LTD,299.15,300.7,289.25,291.85,297.65,693995
2026-09-10,AEQUS,AEQUS LIMITED,230.46,235.2,228.52,229.96,230.55,1702460
2026-09-10,AEROENTER,AEROFLEX ENTERPRISES LTD,143.32,147.04,132.41,135.01,142.95,1779021
2026-09-10,AEROFLEX,AEROFLEX INDUSTRIES LTD,560.0,568.1,548.1,564.2,561.15,940236
2026-09-10,AERONEU,AEROFLEX NEU LIMITED,75.0,75.0,69.9,70.03,70.41,99364
2026-09-10,AETHER,AETHER INDUSTRIES LIMITED,1620.8,1662.5,1586.4,1640.3,1610.9,349496
2026-09-10,AFCONS,AFCONS INFRASTRUCTURE LTD,273.0,275.45,259.6,260.85,274.15,3868242
2026-09-10,AFFLE,AFFLE 3I LIMITED,1581.4,1617.0,1579.8,1594.0,1587.3,141274
2026-09-10,AFFORDABLE,AFFORD ROBO & AUTO LTD,161.94,165.19,160.5,162.34,161.71,29015
2026-09-10,AGARIND,AGARWAL INDS CORP LTD.,446.55,447.1,430.6,433.85,447.25,37587
2026-09-10,AGI,AGI GREENPAC LIMITED,800.0,801.6,761.0,778.05,796.15,203446
2026-09-10,AGIIL,AGI INFRA LIMITED,289.0,292.8,275.55,276.7,283.2,1376698
2026-09-10,AGRITECH,AGRI-TECH (INDIA) LIMITED,100.9,100.9,96.65,99.08,98.25,3421
2026-09-10,AGROPHOS,AGRO PHOS INDIA LIMITED,21.99,23.84,21.5,23.37,21.72,84181
2026-09-10,AHLADA,AHLADA ENGINEERS LIMITED,35.41,36.32,35.21,35.29,35.48,8683
2026-09-10,AHLUCONT,AHLUWALIA CONT IND LTD,599.0,599.95,590.1,592.3,596.15,34728
2026-09-10,AIAENG,AIA ENGINEERING LIMITED,4183.9,4184.2,4102.1,4116.3,4172.1,27226
2026-09-10,AIRAN,AIRAN LIMITED,17.94,18.05,16.88,17.04,17.66,200063
2026-09-10,AIROLAM,AIRO LAM LIMITED,87.0,88.5,84.11,85.37,87.97,2260
2026-09-10,AJANTPHARM,AJANTA PHARMA LIMITED,3515.0,3550.0,3480.0,3520.0,3534.4,20445
2026-09-10,AJAXENGG,AJAX ENGINEERING LIMITED,580.05,595.0,575.3,589.5,578.05,58801
2026-09-10,AJMERA,AJMERA REALTY & INF I LTD,116.51,120.95,116.25,118.74,117.12,614428
2026-09-10,AJOONI,AJOONI BIOTECH LIMITED,3.5,3.57,3.44,3.5,3.5,279132
2026-09-10,AKASH,AKASH INFRA-PROJECTS LTD,25.4,25.4,24.75,24.88,25.45,2847
2026-09-10,AKG,AKG EXIM LIMITED,10.7,10.75,10.05,10.73,10.52,59083
2026-09-10,AFIL,AKME FINTRADE (INDIA) LTD,9.1,9.19,8.67,8.94,9.01,519018
2026-09-10,AKSHAR,AKSHAR SPINTEX LIMITED,0.42,0.43,0.41,0.42,0.41,917541
2026-09-10,AKUMS,AKUMS DRUGS AND PHARMA L,741.1,755.1,740.35,749.65,741.1,289465
2026-09-10,ALANKIT,ALANKIT LIMITED,8.18,8.22,7.9,8.01,8.02,82978
2026-09-10,ALBERTDAVD,ALBERT DAVID LIMITED,855.15,861.0,838.6,850.0,850.55,1634
2026-09-10,ALEMBICLTD,ALEMBIC LIMITED,106.1,109.9,105.55,106.5,106.95,819704
2026-09-10,APLLTD,ALEMBIC PHARMA LTD,818.55,836.5,813.8,816.4,817.4,119529
2026-09-10,ALGOQUANT,ALGOQUANT FINTECH LIMITED,63.79,66.95,63.5,63.94,63.79,1336644
2026-09-10,ALICON,ALICON CASTALLOY LIMITED,745.0,763.9,735.0,740.6,737.65,53814
2026-09-10,ALIVUS,ALIVUS LIFE SCIENCES LTD,1407.2,1414.3,1381.5,1390.2,1400.1,72284
2026-09-10,ALKALI,ALKALI METALS LTD,83.75,84.0,78.11,79.19,85.21,36492
2026-09-10,ALKEM,ALKEM LABORATORIES LTD.,5166.0,5185.0,5104.5,5138.0,5139.0,41390
2026-09-10,ALKYLAMINE,ALKYL AMINES CHEM. LTD,1946.0,1963.8,1910.0,1920.3,1944.4,56790
2026-09-10,ALLTIME,ALL TIME PLASTICS LIMITED,214.93,214.93,209.06,210.16,213.54,29906
2026-09-10,AGL,ALLCARGO GLOBAL LIMITED,15.85,16.1,15.05,15.51,15.55,3759448
2026-09-10,ALLCARGO,ALLCARGO LOGISTICS LTD,12.8,12.84,12.08,12.26,12.75,11337840
2026-09-10,ATL,ALLCARGO TERMINALS LTD,24.85,24.85,24.41,24.61,24.89,127832
2026-09-10,ALLDIGI,ALLDIGI TECH LIMITED,806.8,810.7,800.0,802.7,802.7,3897
2026-09-10,ABDL,ALLIED BLEND N DISTILS L,603.0,613.7,598.4,611.45,604.15,300853
2026-09-10,ADSL,ALLIED DIGITAL SERV. LTD,99.52,101.49,97.5,98.54,99.68,91385
2026-09-10,ALMONDZ,ALMONDZ GLOBAL SEC LTD,19.42,19.85,19.32,19.54,19.0,292639
2026-09-10,ALOKINDS,ALOK INDUSTRIES LIMITED,7.58,7.66,7.35,7.4,7.41,21813064
2026-09-10,ALPA,ALPA LABORATORIES LTD,63.24,64.02,62.19,62.62,63.24,8797
2026-09-10,ALPINETEX,ALPINE TEXWORLD LIMITED,59.63,60.0,57.22,58.22,59.63,125778
2026-09-10,ALUFLUOR,ALUFLUORIDE LTD.,503.05,505.0,495.1,497.15,500.1,2392
2026-09-10,AMAGI,AMAGI MEDIA LABS LIMITED,580.05,581.35,568.0,572.05,583.75,165269
2026-09-10,AMAL,AMAL LTD.,742.0,765.0,742.0,760.6,740.8,6250
2026-09-10,ARE&M,AMARA RAJA ENERGY MOB LTD,832.15,836.5,816.85,819.2,832.15,438438
2026-09-10,AMARJOTHI,AMARJOTHI SPINNING MILL L,158.0,162.0,150.0,152.36,160.05,7568
2026-09-10,AMBER,AMBER ENTERPRISES (I) LTD,7202.5,7309.0,7183.0,7280.0,7210.0,96213
2026-09-10,AMBICAAGAR,AMBICA AGAR & AROMAINDLTD,25.25,26.36,25.02,25.49,25.05,35462
2026-09-10,AMBIKCO,AMBIKA COTTON MILL LTD.,1617.2,1628.0,1603.1,1606.9,1617.2,7441
2026-09-10,AMBUJACEM,AMBUJA CEMENTS LTD,395.5,397.55,394.05,395.6,397.0,1427859
2026-09-10,AMDIND,AMD INDUSTRIES LIMITED,57.4,58.09,56.0,56.04,56.57,15155
2026-09-10,AMNPLST,AMINES & PLASTICIZERS LTD,172.8,173.6,167.0,167.92,167.99,3607
2026-09-10,AEROPLANE,AMIR CHAND JAG KUM (E) L,201.8,209.44,200.1,206.9,199.47,1976088
2026-09-10,AMJLAND,AMJ LAND HOLDINGS LIMITED,38.5,39.37,38.05,38.32,38.98,10983
2026-09-10,AMRUTANJAN,AMRUTAJAN HEALTH LTD,504.0,508.5,492.2,493.25,504.0,53900
2026-09-10,ARSSBL,ANAND RATHI SH N STK BR L,505.55,510.0,500.0,502.05,505.55,81397
2026-09-10,ANANDRATHI,ANAND RATHI WEALTH LTD,2189.7,2210.9,2155.0,2202.5,2180.6,473429
2026-09-10,ANANTRAJ,ANANT RAJ LIMITED,610.05,615.95,605.3,608.85,613.6,1181722
2026-09-10,ACL,ANDHRA CEMENTS LIMITED,43.15,43.8,42.3,42.68,43.21,8422
2026-09-10,ANDHRAPAP,ANDHRA PAPER LIMITED,67.9,73.52,67.55,72.58,68.08,4500334
2026-09-10,ANDHRSUGAR,ANDHRA SUGARS LTD,97.75,98.5,96.11,96.5,97.75,221478
2026-09-10,ANDREWYU,ANDREW YULE & CO. LTD.,26.73,27.19,26.55,26.77,26.73,35796
2026-09-10,ANGELONE,ANGEL ONE LIMITED,297.0,301.35,296.15,297.3,299.05,2559910
2026-09-10,ANIKINDS,ANIK INDUSTRIES LTD,44.21,44.9,44.09,44.39,44.72,2353
2026-09-10,APCL,ANJANI PORTLAND CEM LTD,101.4,101.4,97.25,98.61,100.41,4073
2026-09-10,AHCL,ANLON HEALTHCARE LIMITED,16.41,18.0,16.05,17.54,16.28,31629564
2026-09-10,ANMOL,ANMOL INDIA LIMITED,13.7,15.55,12.56,15.34,13.63,1844371
2026-09-10,ANNAPURNA,ANNAPURNA SWADISHT LTD,137.68,139.75,134.05,135.03,137.68,39912
2026-09-10,ANSALBU,ANSAL BUILDWELL LTD.,77.0,86.0,76.21,80.9,77.15,2021
2026-09-10,ANTGRAPHIC,ANTARCTICA LTD,0.71,0.75,0.7,0.72,0.72,400862
2026-09-10,ANTELOPUS,ANTELOPUS SELAN ENRGY LTD,1160.3,1169.9,1090.5,1124.1,1169.4,2976174
2026-09-10,ANTHEM,ANTHEM BIOSCIENCES LTD,945.95,959.2,934.0,942.3,942.95,844850
2026-09-10,AWHCL,ANTONY WASTE HDG CELL LTD,373.85,379.55,372.0,373.15,376.15,43898
2026-09-10,ANUHPHR,ANUH PHARMA LIMITED,97.9,98.88,90.2,91.21,96.74,400127
2026-09-10,ANURAS,ANUPAM RASAYAN INDIA LTD,1234.0,1235.5,1229.3,1231.1,1229.6,33522
2026-09-10,AONEGOLD,AONEAMC - AONEGOLD,14.2,14.33,14.2,14.24,14.2,318543
2026-09-10,AONELIQUID,AONEAMC - AONELIQUID,1076.21,1076.21,1076.19,1076.19,1076.06,10942
2026-09-10,AONENIFTY,AONEAMC - AONENIFTY,9.86,9.86,9.67,9.68,9.72,231174
2026-09-10,AONESILVER,AONEAMC - AONESILVER,8.96,9.04,8.9,8.91,8.88,352020
2026-09-10,AONETMMQ50,AONEAMC - AONETMMQ50,10.45,10.45,10.33,10.37,10.4,37382
2026-09-10,AONETOTAL,AONEAMC - AONETOTAL,11.52,11.87,11.52,11.72,11.76,130733
2026-09-10,APARINDS,APAR INDUSTRIES LTD.,17453.0,17595.0,17040.0,17342.0,17448.0,114403
2026-09-10,APCOTEXIND,APCOTEX INDUSTRIES LIMITE,618.9,618.9,601.2,603.8,615.45,81232
2026-09-10,APEX,APEX FROZEN FOODS LIMITED,378.6,378.6,373.45,374.7,380.55,50528
2026-09-10,APLAPOLLO,APL APOLLO TUBES LTD,2180.0,2194.8,2158.4,2194.8,2168.0,292273
2026-09-10,APOLLOHOSP,APOLLO HOSPITALS ENTER. L,9000.0,9024.0,8875.0,8900.0,8967.0,329159
2026-09-10,APOLLO,APOLLO MICRO SYSTEMS LTD,422.0,423.3,408.1,413.2,422.45,7449993
2026-09-10,APOLLOPIPE,APOLLO PIPES LIMITED,577.0,589.5,566.65,569.35,577.6,130281
2026-09-10,APOLSINHOT,APOLLO SINDOORI HOTEL LTD,1226.8,1232.6,1211.6,1228.9,1220.5,610
2026-09-10,APOLLOTYRE,APOLLO TYRES LTD,423.6,423.65,416.4,419.55,422.25,284234
2026-09-10,APOORVA,APOORVA LEAS F & INV C L,25.3,26.56,24.04,26.56,25.3,958
2026-09-10,APTUS,APTUS VALUE HSG FIN I LTD,257.0,257.55,250.1,252.2,258.28,1627426
2026-09-10,AQYLON,AQYLON NEXUS LIMITED,22.99,22.99,21.6,21.88,22.61,387396
2026-09-10,ACI,ARCHEAN CHEMICAL IND LTD,484.1,485.2,478.15,480.55,481.25,159627
2026-09-10,ADL,ARCHIDPLY DECOR LIMITED,73.6,73.6,71.16,71.27,71.84,610
2026-09-10,ARCHIDPLY,ARCHIDPLY IND. LTD,101.02,104.39,100.0,100.5,102.54,30279
2026-09-10,ARCHIES,ARCHIES LTD,12.81,13.2,12.29,12.52,13.03,27960
2026-09-10,ARCL,ARCL ORGANICS LTD.,232.0,238.17,228.0,238.0,226.83,2888
2026-09-10,ARDEE,ARDEE INDUSTRIES LIMITED,53.5,54.5,52.39,52.62,53.27,3003161
2026-09-10,ARFIN,ARFIN INDIA LIMITED,89.0,91.33,87.51,88.07,88.77,674744
2026-09-10,ARIHANTCAP,ARIHANT CAPITAL MKTS LTD,77.39,77.78,76.31,76.47,77.06,77332
2026-09-10,ARIHANT,ARIHANT FOUN & HOU LTD,852.75,890.95,850.55,883.35,887.5,727
2026-09-10,ARIHANTSUP,ARIHANT SUPERSTRUCT LTD,223.95,228.8,217.1,219.65,221.8,8100
2026-09-10,ARIS,ARISINFRA SOLUTIONS LTD,128.6,131.88,125.33,126.98,127.85,2028975
2026-09-10,ARKADE,ARKADE DEVELOPERS LIMITED,122.95,123.57,121.92,122.94,122.95,154761
2026-09-10,ARMANFIN,ARMAN FIN SERV LTD,2035.9,2084.9,2030.1,2036.5,2037.1,16638
2026-09-10,AROGRANITE,ARO GRANITE IND. LTD.,24.04,24.48,23.7,24.19,24.04,11239
2026-09-10,ARTNIRMAN,ART NIRMAN LIMITED,40.9,40.9,39.13,39.87,40.52,568
2026-09-10,AEPL,ARTEMIS ELECTRICALS & P L,17.5,18.25,17.1,17.56,16.99,36236
2026-09-10,ARTEMISMED,ARTEMIS MED SERVICE LTD,356.0,362.0,343.0,348.55,354.3,724459
2026-09-10,ARVEE,ARVEE LABORATORIES I LTD,210.29,210.29,194.0,195.25,210.29,18321
2026-09-10,ARVINDFASN,ARVIND FASHIONS LIMITED,446.3,455.0,443.45,453.4,446.05,291313
2026-09-10,ARVIND,ARVIND LIMITED,574.0,583.4,567.05,569.8,570.8,423712
2026-09-10,ARVSMART,ARVIND SMARTSPACES LTD,606.5,610.0,595.0,597.05,605.25,42075
2026-09-10,ARYAMAN,ARYAMAN FINANCIAL SERV L,610.0,625.0,610.0,625.0,621.65,34
2026-09-10,ASAHIINDIA,ASAHI INDIA GLASS LIMITED,968.75,993.4,967.95,976.2,968.75,220953
2026-09-10,ASHAPURMIN,ASHAPURA MINECHEM LTD,551.8,557.85,540.0,542.05,550.6,268976
2026-09-10,ASHIANA,ASHIANA HOUSING LTD,351.4,352.0,344.9,347.9,349.1,19176
2026-09-10,ASHIMASYN,ASHIMA LTD,17.2,17.85,16.6,17.08,17.22,66907
2026-09-10,ASHOKLEY,ASHOK LEYLAND LTD,166.5,167.04,164.71,166.12,167.0,16214508
2026-09-10,ASHOKA,ASHOKA BUILDCON LTD,114.25,114.5,112.85,113.53,113.58,492184
2026-09-10,ASHOKAMET,ASHOKA METCAST LIMITED,14.85,14.85,14.24,14.34,14.54,12840
2026-09-10,ASIANENE,ASIAN ENERGY SERVICES LTD,539.0,542.0,530.55,533.95,535.5,161522
2026-09-10,ASIANTILES,ASIAN GRANITO IND. LTD.,50.92,51.12,47.37,50.39,50.47,5267540
2026-09-10,AHLEAST,ASIAN HOTELS (EAST) LTD,137.06,137.99,135.22,135.85,137.08,548
2026-09-10,ASIANHOTNR,ASIAN HOTELS (NORTH) LTD,400.0,404.3,380.0,382.15,404.5,13812
2026-09-10,ASIANPAINT,ASIAN PAINTS LIMITED,2485.1,2498.1,2468.6,2498.1,2489.0,549332
2026-09-10,ASTAR,ASIAN STAR CO. LTD.,589.9,589.9,576.0,587.75,575.1,52
2026-09-10,ASIANTNE,ASIAN TEA & EXPORTS LTD.,9.05,10.7,9.0,9.23,9.52,49541
2026-09-10,ASKAUTOLTD,ASK AUTOMOTIVE LIMITED,627.25,631.45,616.25,622.4,627.25,107736
2026-09-10,ASPINWALL,ASPINWALL & CO LTD,251.25,251.25,240.2,250.15,251.25,1162
2026-09-10,ASSAMENT,ASSAM ENTRADE LIMITED,826.95,826.95,826.95,826.95,790.0,1
2026-09-10,ASALCBR,ASSO ALCOHOLS & BREW LTD,691.1,703.35,666.0,698.25,686.7,75970
2026-09-10,ASTEC,ASTEC LIFESCIENCES LTD,751.0,751.0,693.4,715.8,761.0,524163
2026-09-10,ASTERDM,ASTER DM QUALITY CARE LTD,778.1,781.55,765.0,766.5,780.35,999914
2026-09-10,ASTRAMICRO,ASTRA MICROWAVE LTD,1708.0,1722.9,1685.0,1696.8,1706.1,258483
2026-09-10,ASTRAL,ASTRAL LIMITED,1468.2,1474.8,1451.7,1459.0,1474.8,914375
2026-09-10,ASTRAZEN,ASTRAZENECA PHARMA IND LT,6880.5,6906.0,6837.5,6860.5,6876.5,2286
2026-09-10,ATALREAL,ATAL REALTECH LIMITED,15.27,15.27,15.27,15.27,16.96,504050
2026-09-10,ATAM,ATAM VALVES LIMITED,55.64,56.34,53.1,53.7,55.64,11476
2026-09-10,ATHERENERG,ATHER ENERGY LIMITED,1614.0,1661.9,1607.4,1658.3,1580.0,8086256
2026-09-10,ATLANTAELE,ATLANTA ELECTRICALS LTD,1848.0,1859.9,1796.1,1805.4,1848.7,53101
2026-09-10,ATLANTAA,ATLANTAA LIMITED,38.11,38.49,37.13,37.51,38.11,20113
2026-09-10,ATLASCYCLE,ATLAS CYCLE (HARYANA) LTD,108.0,109.99,97.2,98.07,106.47,85127
2026-09-10,ATULAUTO,ATUL AUTO LIMITED,447.1,457.9,447.1,449.65,456.1,96646
2026-09-10,ATUL,ATUL LTD,6221.5,6395.0,6209.5,6356.0,6221.5,31851
2026-09-10,AUBANK,AU SMALL FINANCE BANK LTD,1058.9,1062.0,1047.2,1054.7,1060.5,1126434
2026-09-10,AUGMONT,AUGMONT ENTERPRISES LTD,910.2,950.0,890.8,917.5,895.3,2403694
2026-09-10,AURIONPRO,AURIONPRO SOLN LTD,664.95,678.0,664.95,671.15,664.95,84200
2026-09-10,AUROPHARMA,AUROBINDO PHARMA LTD,1693.4,1693.4,1655.0,1668.4,1698.9,798368
2026-09-10,AURUM,AURUM PROPTECH LIMITED,220.86,222.5,218.44,220.38,220.17,65446
2026-09-10,AURUS,AURUS GEM CORP LIMITED,4.82,4.98,4.78,4.8,4.93,18844
2026-09-10,AUSOMENT,AUSOM ENTERPRISE LIMITED,154.96,157.0,148.98,153.0,154.19,6437
2026-09-10,AUSTENG,AUSTIN ENGINEERING CO. L,129.0,139.0,120.21,127.04,122.95,5658
2026-09-10,AIIL,AUTHUM INVEST & INFRA LTD,514.7,517.3,511.0,512.3,513.95,68818
2026-09-10,AUTOIND,AUTOLINE INDUSTRIES LTD,86.11,86.63,83.56,84.25,86.11,80757
2026-09-10,ACGL,AUTOMOBILE CORPN OF GOA L,1766.5,1795.1,1750.0,1754.6,1795.1,764
2026-09-10,AUTOAXLES,AUTOMOTIVE AXLES LIMITED,1665.5,1684.0,1652.2,1657.9,1658.5,4446
2026-09-10,ASAL,AUTOMOTIVE STAMPINGS & AS,464.05,473.9,464.05,466.55,468.3,5668
2026-09-10,AVADHSUGAR,AVADH SUG & ENERGY LTD,818.5,829.0,784.1,794.45,822.3,70563
2026-09-10,AVALON,AVALON TECHNOLOGIES LTD,2293.7,2315.0,2218.0,2227.0,2293.6,280040
2026-09-10,AVANCE,AVANCE TECHNOLOGIES LTD.,0.83,0.84,0.81,0.82,0.82,3178287
2026-09-10,AVANTEL,AVANTEL LIMITED,158.99,165.7,158.7,159.07,160.6,1221911
2026-09-10,AVANTIFEED,AVANTI FEEDS LIMITED,807.0,816.9,799.6,815.3,807.15,232284
2026-09-10,DMART,AVENUE SUPERMARTS LIMITED,3725.1,3735.0,3664.0,3690.0,3735.0,265194
2026-09-10,CCAVENUE,AVENUESAI LIMITED,15.38,15.63,15.33,15.36,15.41,8320009
2026-09-10,AVONMORE,AVONMORE CAP&MGT SERV LTD,14.1,14.67,13.85,14.19,13.99,441717
2026-09-10,AVROIND,AVRO INDIA LIMITED,8.7,8.75,8.22,8.34,8.59,365184
2026-09-10,AVTNPL,AVT NATURAL PRODUCTS LTD,92.55,93.33,90.1,90.6,92.42,216414
2026-09-10,AWFIS,AWFIS SPACE SOLUTIONS LTD,253.0,255.65,247.05,249.6,253.9,318609
2026-09-10,AWL,AWL AGRI BUSINESS LIMITED,187.52,188.51,185.21,185.7,187.52,782230
2026-09-10,AXISBANK,AXIS BANK LIMITED,1242.1,1255.2,1240.4,1246.0,1238.5,4150654
2026-09-10,ENERGYAXIS,AXISAMC - ENERGYAXIS,19.4,19.7,19.1,19.18,19.3,9880
2026-09-10,BNKETFAXIS,AXISAMC-BNKETFAXIS,581.91,584.33,581.31,581.68,583.14,488
2026-09-10,CONSUMAXIS,AXISAMC-CONSUMAXIS,118.78,119.68,118.34,118.4,119.12,7375
2026-09-10,GOLDAXIS,AXISAMC-GOLDAXIS,127.65,127.99,127.05,127.19,126.81,475888
2026-09-10,HEALTHAXIS,AXISAMC-HEALTHAXIS,168.64,169.22,167.52,168.13,168.88,1495
2026-09-10,ITAXIS,AXISAMC-ITAXIS,320.3,320.85,316.75,317.69,319.85,1103
2026-09-10,NIFTYAXIS,AXISAMC-NIFTYAXIS,261.29,261.29,259.45,259.69,260.47,182222
2026-09-10,SENSEXAXIS,AXISAMC-SENSEXAXIS,78.05,78.16,77.01,77.22,77.73,8976
2026-09-10,SILVERAXIS,AXISAMC-SILVERAXIS,235.3,235.3,232.05,232.4,231.19,147010
2026-09-10,VALUEAXIS,AXISAMC-VALUEAXIS,32.73,32.86,32.16,32.54,32.73,122454
2026-09-10,AXISCADES,AXISCADES TECH LTD,1876.0,1920.0,1845.1,1869.7,1875.7,144733
2026-09-10,AXITA,AXITA COTTON LIMITED,8.03,8.04,7.99,8.0,8.0,424366
2026-09-10,AXTEL,AXTEL INDUSTRIES LTD.,448.0,448.0,420.0,425.1,436.05,6892
2026-09-10,AYE,AYE FINANCE LIMITED,179.9,182.8,176.12,178.1,178.83,458271
2026-09-10,AYMSYNTEX,AYM SYNTEX LIMITED,311.6,317.2,291.0,293.1,311.3,149205
2026-09-10,AZAD,AZAD ENGINEERING LIMITED,2805.0,2813.0,2760.0,2773.5,2805.0,171925
2026-09-10,AZADIND,AZAD INDIA MOBILITY LTD.,90.0,93.49,85.05,86.79,89.26,43615
2026-09-10,BBTCL,B&B TRIPLEWALL CONT LTD,227.6,237.9,227.6,235.33,228.05,3137
2026-09-10,BAGFILMS,B.A.G FILMS AND MEDIA LTD,4.52,4.68,4.29,4.46,4.59,104673
2026-09-10,BLKASHYAP,B.L.KASHYAP & SON LTD,55.41,56.79,55.0,55.55,55.41,421323
2026-09-10,STYLEBAAZA,BAAZAR STYLE RETAIL LTD,397.7,401.0,387.8,388.95,397.7,379221
2026-09-10,BAIDFIN,BAID FINSERV LIMITED,12.39,12.45,11.67,11.74,12.03,173715
2026-09-10,BAJAJ-AUTO,BAJAJ AUTO LIMITED,11771.0,11820.0,11673.0,11768.0,11790.0,121394
2026-09-10,BAJAJCON,BAJAJ CONSUMER CARE LTD,524.95,533.0,514.25,524.45,521.45,1178666
2026-09-10,BAJAJELEC,BAJAJ ELECT.LTD,338.1,346.15,336.1,337.75,339.8,142088
2026-09-10,BAJFINANCE,BAJAJ FINANCE LIMITED,1042.5,1048.7,1036.5,1043.5,1039.3,3902988
2026-09-10,BAJAJFINSV,BAJAJ FINSERV LTD.,1932.9,1942.7,1921.1,1940.5,1927.0,658197
2026-09-10,BAJAJHCARE,BAJAJ HEALTHCARE LIMITED,335.9,337.9,331.5,333.3,333.7,62427
2026-09-10,BAJAJHIND,BAJAJ HINDUSTHAN SUGAR LT,21.35,21.89,21.21,21.4,21.35,20871933
2026-09-10,BAJAJHLDNG,BAJAJ HOLDINGS & INVS LTD,11078.0,11078.0,10965.0,10992.0,11078.0,18035
2026-09-10,BAJAJHFL,BAJAJ HOUSING FINANCE LTD,82.82,84.64,82.4,84.22,82.92,3734084
2026-09-10,BAJAJST,BAJAJ STEEL INDS. LTD.,370.0,378.0,360.6,362.6,369.85,8005
2026-09-10,BAJEL,BAJEL PROJECTS LIMITED,183.9,183.9,176.6,177.42,183.93,237404
2026-09-10,BALPHARMA,BAL PHARMA LTD.,120.0,124.6,105.05,106.21,114.45,690310
2026-09-10,BALAMINES,BALAJI AMINES LIMITED,2359.3,2415.0,2330.1,2342.6,2359.3,150948
2026-09-10,BALAJITELE,BALAJI TELEFILMS LIMITED.,92.65,93.19,91.35,91.81,92.85,78249
2026-09-10,BALAXI,BALAXI PHARMA LTD,24.2,24.36,22.73,23.24,23.68,39290
2026-09-10,BALKRISIND,BALKRISHNA IND. LTD,2210.0,2234.8,2188.0,2193.0,2208.6,353459
2026-09-10,BALKRISHNA,BALKRISHNA PAPER MILLS L,16.12,16.9,16.12,16.28,16.52,9811
2026-09-10,BALMLAWRIE,BALMER LAWRIE & CO LTD,175.9,176.57,172.1,174.08,175.6,436931
2026-09-10,BLIL,BALMER LAWRIE INVSTS. L,72.25,72.25,71.25,71.42,72.01,117230
2026-09-10,BALRAMCHIN,BALRAMPUR CHINI MILLS LTD,703.0,714.0,693.3,705.15,700.05,1534401
2026-09-10,BALUFORGE,BALU FORGE INDUSTRIES LTD,536.05,545.8,533.75,536.65,541.55,613100
2026-09-10,BANARBEADS,BANARAS BEADS LTD,113.65,113.98,110.0,110.56,111.11,914
2026-09-10,BANCOINDIA,BANCO PRODUCTS (I) LTD,635.0,639.3,624.4,627.5,635.15,103582
2026-09-10,BANDHANBNK,BANDHAN BANK LIMITED,171.9,174.01,169.41,174.0,171.7,11859976
2026-09-10,GOLDBND,BANDHANAMC - GOLDBND,152.1,153.88,151.82,152.51,152.03,22899
2026-09-10,IDFNIFTYET,BANDHANAMC - IDFNIFTYET,258.86,259.93,258.68,259.15,259.96,1016
2026-09-10,SILVERBND,BANDHANAMC - SILVERBND,235.84,237.07,233.46,233.85,233.12,15782
2026-09-10,BANG,BANG OVERSEAS LTD.,35.63,35.99,33.3,34.51,35.63,30450
2026-09-10,BANKBARODA,BANK OF BARODA,235.0,239.46,234.84,237.62,234.1,8949331
2026-09-10,BANKINDIA,BANK OF INDIA,141.3,142.72,140.0,141.0,141.06,5321538
2026-09-10,MAHABANK,BANK OF MAHARASHTRA,84.56,86.25,83.75,84.35,84.56,15415768
2026-09-10,BANKA,BANKA BIOLOO LIMITED,79.9,81.43,77.2,77.93,77.56,14098
2026-09-10,BANARISUG,BANNARI AMMAN SUGARS LTD,3661.0,3680.5,3556.0,3590.4,3650.8,897
2026-09-10,BANSALWIRE,BANSAL WIRE INDUSTRIES L,306.0,312.8,305.4,311.4,304.35,59609
2026-09-10,BANSWRAS,BANSWARA SYNTEX LIMITED,113.4,117.0,112.6,113.04,113.42,30780
2026-09-10,BVCL,BARAK VALLEY CEM. LTD.,44.6,44.99,43.1,43.44,44.02,19531
2026-09-10,BBNPNBETF,BARODABNP - BBNPNBETF,56.85,57.35,56.68,56.89,58.44,1242
2026-09-10,BBNPPGOLD,BARODABNP - BBNPPGOLD,147.4,150.35,146.05,147.8,147.4,777
2026-09-10,BASF,BASF INDIA LTD,3700.0,3783.0,3678.4,3688.3,3746.0,18740
2026-09-10,BATAINDIA,BATA INDIA LTD,660.0,664.0,651.15,653.25,661.05,78777
2026-09-10,BATLIBOI,BATLIBOI LTD.,87.29,88.49,85.05,85.59,87.29,27083
2026-09-10,BAYERCROP,BAYER CROPSCIENCE LTD,3945.1,3995.0,3942.1,3978.4,3951.1,13598
2026-09-10,BCLIND,BCL INDUSTRIES LIMITED,35.43,35.59,35.01,35.12,35.49,253699
2026-09-10,BCPL,BCPL RAILWAY INFRA LTD,72.71,72.71,70.2,71.05,72.71,11430
2026-09-10,BEARDSELL,BEARDSELL LIMITED,25.7,25.7,24.2,24.39,24.96,14895
2026-09-10,BEDMUTHA,BEDMUTHA INDUST LTD,106.41,107.75,105.02,105.37,108.39,5440
2026-09-10,BEEKAY,BEEKAY STEEL INDS. LTD.,426.95,440.0,420.1,433.4,426.15,2538
2026-09-10,BLEL,BEHARI LAL ENGINEERING L,458.9,461.65,437.15,441.6,456.75,563397
2026-09-10,BELLACASA,BELLA CASA FASH AND RET L,248.58,267.58,244.21,262.11,246.65,28023
2026-09-10,BELRISE,BELRISE INDUSTRIES LTD,228.26,230.2,227.07,228.4,228.54,1568821
2026-09-10,BLAL,BEML LAND ASSETS LIMITED,161.73,163.0,161.0,161.23,161.34,12629
2026-09-10,BEML,BEML LIMITED,2100.0,2109.6,2024.4,2029.0,2097.8,403865
2026-09-10,BENARAS,BENARES HOTELS LTD.,10360.0,11200.0,10205.0,10736.0,10520.0,341
2026-09-10,BENGALASM,BENGAL & ASSAM CO. LTD.,6196.5,6374.5,6151.0,6200.5,6149.5,4096
2026-09-10,BERGEPAINT,BERGER PAINTS (I) LTD,471.0,473.95,460.95,463.8,470.8,262246
2026-09-10,BESTAGRO,BEST AGROLIFE LIMITED,19.52,19.56,19.05,19.14,19.5,353461
2026-09-10,BETA,BETA DRUGS LIMITED,2101.0,2107.5,2073.0,2085.8,2107.6,11535
2026-09-10,BFINVEST,BF INVESTMENT LIMITED,452.65,463.9,441.3,448.6,449.7,52557
2026-09-10,BFUTILITIE,BF UTILITIES LIMITED,523.0,567.5,516.05,544.45,521.85,482912
2026-09-10,BANK10BETF,BFAM - BANK10BETF,20.52,20.68,20.24,20.28,20.42,12551513
2026-09-10,BANKBETF,BFAM - BANKBETF,57.31,57.64,57.2,57.31,57.49,9361
2026-09-10,LIQUIDBETF,BFAM - LIQUIDBETF,1098.13,1098.15,1098.13,1098.14,1098.02,93280
2026-09-10,NIFTYBETF,BFAM - NIFTYBETF,242.97,242.97,240.9,241.36,242.2,1464
2026-09-10,BHAGCHEM,BHAGIRADHA CHEM & INDS L,264.45,264.45,257.5,258.2,262.55,25913
2026-09-10,BHAGYANGR,BHAGYANAGAR INDIA LIMITED,415.75,432.2,415.75,432.2,411.65,487769
2026-09-10,BHANDARI,BHANDARI HOSIERY EXP LTD,3.0,3.05,2.98,3.0,3.0,87555
2026-09-10,BEPL,BHANSALI ENG. POLYMERS LT,133.56,135.99,129.5,130.29,133.56,1382749
2026-09-10,BBL,BHARAT BIJLEE LTD,2250.0,2268.2,2225.0,2231.2,2245.5,11549
2026-09-10,BHARATCOAL,BHARAT COKING COAL LTD,33.8,34.1,33.33,33.42,33.79,3227357
2026-09-10,BDL,BHARAT DYNAMICS LIMITED,1215.0,1221.2,1190.0,1195.0,1218.1,1240303
2026-09-10,BEL,BHARAT ELECTRONICS LTD,407.0,407.2,402.0,405.0,406.0,8716895
2026-09-10,BHARATFORG,BHARAT FORGE LTD,1974.6,1981.0,1941.5,1954.9,1979.6,403296
2026-09-10,BPLPHARMA,BHARAT PARENTERALS LTD.,1565.0,1565.0,1530.0,1558.6,1518.6,1275
2026-09-10,BPCL,BHARAT PETROLEUM CORP  LT,302.95,306.1,301.75,303.0,303.55,3231631
2026-09-10,BHARATRAS,BHARAT RASAYAN LTD,1174.0,1228.9,1150.1,1168.2,1167.0,39675
2026-09-10,BRNL,BHARAT ROAD NETWORK LTD,16.78,16.99,16.5,16.65,16.78,29344
2026-09-10,BHARATSE,BHARAT SEATS LIMITED,221.9,224.59,215.15,217.08,222.0,77910
2026-09-10,BHARATWIRE,BHARAT WIRE ROPES LTD.,171.51,175.73,171.0,173.2,171.84,111621
2026-09-10,BHARTIARTL,BHARTI AIRTEL LIMITED,1815.1,1849.0,1814.0,1839.0,1814.7,4588126
2026-09-10,BHARTIHEXA,BHARTI HEXACOM LIMITED,1553.2,1553.2,1533.2,1539.2,1544.8,87669
2026-09-10,BIL,BHARTIYA INTERNATIONAL,1122.6,1150.0,1055.0,1081.7,1108.2,50377
2026-09-10,BHEL,BHEL,434.2,435.45,427.05,429.5,433.7,3963862
2026-09-10,BIGBLOC,BIGBLOC CONSTRUCTION LTD,41.45,41.45,40.02,40.57,40.82,38315
2026-09-10,BIKAJI,BIKAJI FOODS INTERN LTD,572.95,573.65,565.0,566.15,571.7,429656
2026-09-10,GROWW,BILLIONBRAINS GARAGE VN L,193.99,197.8,193.45,195.84,194.63,16339114
2026-09-10,BIMETAL,BIMETAL BEARINGS LTD.,650.0,659.0,633.6,645.0,650.0,563
2026-09-10,BIOCON,BIOCON LIMITED.,397.0,397.95,388.45,391.65,395.0,4737510
2026-09-10,BIOFILCHEM,BIOFIL CHEM & PHARMA LTD,31.46,37.75,31.46,36.79,31.46,681889
2026-09-10,BIRLACABLE,BIRLA CABLE LIMITED,369.45,374.65,360.4,374.65,356.85,929542
2026-09-10,BIRLACORPN,BIRLA CORPORATION LTD,839.0,844.95,831.0,836.7,836.9,27535
2026-09-10,BIRLANU,BIRLANU LIMITED,1410.0,1505.0,1410.0,1434.6,1407.8,22823
2026-09-10,ABGSEC,BIRLASLAMC - ABGSEC,113.96,114.4,113.96,113.96,114.17,15
2026-09-10,ABSL10BANK,BIRLASLAMC - ABSL10BANK,165.34,165.46,165.0,165.0,165.01,1768
2026-09-10,ABSLBANETF,BIRLASLAMC - ABSLBANETF,58.13,58.13,57.7,57.76,58.0,224185
2026-09-10,ABSLLIQUID,BIRLASLAMC - ABSLLIQUID,999.99,1000.01,999.99,1000.0,999.99,3130
2026-09-10,ABSLMSCIN,BIRLASLAMC - ABSLMSCIN,29.12,29.12,28.9,28.93,29.19,154
2026-09-10,ABSLNN50ET,BIRLASLAMC - ABSLNN50ET,76.8,77.51,76.31,76.61,76.8,7701
2026-09-10,BSLSENETFG,BIRLASLAMC - BSLSENETFG,76.07,76.07,75.4,75.53,76.07,3821
2026-09-10,HEALTHY,BIRLASLAMC - HEALTHY,17.27,17.29,16.9,17.0,17.05,182029
2026-09-10,MOMENTUM,BIRLASLAMC - MOMENTUM,30.78,31.7,30.78,31.33,31.57,46660
2026-09-10,NIFTYQLITY,BIRLASLAMC - NIFTYQLITY,20.9,20.96,20.74,20.8,20.92,34816
2026-09-10,SILVER,BIRLASLAMC - SILVER,234.81,236.36,233.12,233.49,232.45,1037175
2026-09-10,TECH,BIRLASLAMC - TECH,31.76,32.12,31.51,31.7,31.76,19988
2026-09-10,ABSLPSE,BIRLASLAMC-ABSLPSE,10.39,10.39,10.1,10.14,10.19,29732
2026-09-10,BSOFT,BIRLASOFT LIMITED,279.0,282.7,275.0,275.8,277.2,854846
2026-09-10,BBOX,BLACK BOX LIMITED,760.0,774.35,742.5,744.85,763.1,215001
2026-09-10,BLACKBUCK,BLACKBUCK LIMITED,579.6,590.1,575.0,585.9,580.05,279838
2026-09-10,BLBLIMITED,BLB LIMITED,16.85,16.98,14.6,15.98,16.5,362722
2026-09-10,BLSE,BLS E-SERVICES LIMITED,320.25,321.9,311.3,316.6,320.6,372453
2026-09-10,BLS,BLS INTL SERVS LTD,237.0,238.58,235.0,235.63,236.45,501500
2026-09-10,BLUECLOUDS,BLUE CLOUD SOFTECH SOLU L,19.73,19.92,19.3,19.5,19.7,1031852
2026-09-10,BLUECOAST,BLUE COAST HOTELS LIMITED,21.93,22.88,21.39,21.83,22.5,4015
2026-09-10,BLUEDART,BLUE DART EXPRESS LTD,4910.0,4925.8,4868.0,4882.6,4928.4,5407
2026-09-10,BLUEJET,BLUE JET HEALTHCARE LTD,575.3,579.55,568.2,575.3,575.3,248896
2026-09-10,BLUESTARCO,BLUE STAR LIMITED,1450.0,1518.5,1450.0,1514.0,1456.9,997496
2026-09-10,BLUESTONE,BLUESTONE JEWEL LFSTL LTD,874.1,875.9,844.65,855.15,874.4,402544
2026-09-10,BLUSPRING,BLUSPRING ENTERPRISES LTD,130.0,139.5,129.21,137.45,130.52,835035
2026-09-10,BMWVENTLTD,BMW VENTURES LIMITED,54.45,54.89,54.22,54.59,54.18,26343
2026-09-10,BNAGROCHEM,BN AGROCHEM LTD.,205.0,215.99,203.3,212.0,214.0,424
2026-09-10,BODALCHEM,BODAL CHEMICALS LTD,167.01,169.9,166.11,166.11,174.85,2774629
2026-09-10,BTML,BODHI TREE MULTIMEDIA LTD,7.8,8.04,7.58,7.79,7.87,178696
2026-09-10,BOHRAIND,BOHRA INDUSTRIES LIMITED,13.0,13.29,12.5,13.18,13.0,12410
2026-09-10,BBTC,BOMBAY BURMAH TRADING COR,1448.8,1456.3,1431.0,1434.7,1448.8,33032
2026-09-10,BOMDYEING,BOMBAY DYEING & MFG. CO L,112.52,114.18,111.65,112.51,112.86,326804
2026-09-10,BSHSL,BOMBAY SUPER HYBRID SEEDS,90.8,90.9,87.0,88.84,89.42,3781
2026-09-10,BONLON,BONLON INDUSTRIES LIMITED,40.65,40.7,38.55,40.25,40.1,5635
2026-09-10,BORANA,BORANA WEAVES LIMITED,316.2,324.45,316.1,317.65,316.2,8546
2026-09-10,BOROLTD,BOROSIL LIMITED,253.61,274.86,253.61,263.78,255.46,1214319
2026-09-10,BORORENEW,BOROSIL RENEWABLES LTD,500.0,506.8,496.0,502.2,501.95,292829
2026-09-10,BOROSCI,BOROSIL SCIENTIFIC LTD,127.59,130.18,124.7,125.29,127.19,124569
2026-09-10,BOSCH-HCIL,BOSCH HOME COMFRT IND LTD,1788.1,1790.1,1681.8,1689.9,1780.3,69787
2026-09-10,BOSCHLTD,BOSCH LIMITED,48865.0,49080.0,48480.0,48775.0,49100.0,28128
2026-09-10,BPL,BPL LTD,48.9,48.9,47.2,47.36,48.03,41997
2026-09-10,BRAHMINFRA,BRAHMAPUTRA INFRA L,160.95,160.95,158.01,158.62,157.11,5970
2026-09-10,FIRSTCRY,BRAINBEES SOLUTIONS LTD,172.0,174.52,170.0,171.38,172.52,814837
2026-09-10,BCONCEPTS,BRAND CONCEPTS LIMITED,163.0,163.0,151.6,154.5,161.36,24836
2026-09-10,BRIGADE,BRIGADE ENTER. LTD,660.6,665.75,649.4,651.15,662.9,181772
2026-09-10,BRIGHOTEL,BRIGADE HOTEL VENTURE LTD,56.69,56.69,56.0,56.36,56.43,104697
2026-09-10,BRIGHTBR,BRIGHT BROTHERS LTD.,252.05,261.0,249.0,255.75,261.7,788
2026-09-10,BCG,BRIGHTCOM GROUP LIMITED,10.29,10.39,9.96,10.1,10.23,9302127
2026-09-10,BRITANNIA,BRITANNIA INDUSTRIES LTD,5108.0,5108.0,4997.0,5009.0,5090.0,263129
2026-09-10,BROOKS,BROOKS LAB LIMITED,66.0,66.0,63.1,63.85,62.99,24314
2026-09-10,BSE,BSE LIMITED,3288.0,3312.0,3261.0,3306.0,3289.8,2228183
2026-09-10,BSL,BSL LTD,125.0,125.0,121.3,122.06,123.25,3578
2026-09-10,BUTTERFLY,BTRFLY GANDHI APPL LTD,615.9,621.7,608.1,610.35,616.3,5449
2026-09-10,CGVAK,C G V A K SOFTWARE & EX L,151.9,151.9,140.2,146.25,144.84,1871
2026-09-10,MAPMYINDIA,C.E. INFO SYSTEMS LIMITED,955.0,967.0,933.1,939.9,955.2,121948
2026-09-10,CMLL,CALIBER MINING AND LOG L,489.9,489.9,468.0,470.8,486.3,333760
2026-09-10,CAMLINFINE,CAMLIN FINE SCIENCES LTD,104.0,106.0,103.11,103.57,103.8,320150
2026-09-10,CAMPUS,CAMPUS ACTIVEWEAR LIMITED,214.86,216.2,212.15,213.68,214.86,588814
2026-09-10,CANFINHOME,CAN FIN HOMES LTD,788.9,791.75,780.3,782.2,786.9,196858
2026-09-10,CANBK,CANARA BANK,124.0,127.6,123.7,124.6,124.08,22002938
2026-09-10,CANHLIFE,CANARA HSBC LIFE INS CO L,149.4,153.05,148.21,152.36,149.49,463305
2026-09-10,CRAMC,CANARA ROBECO AMC LIMITED,238.5,241.0,238.0,240.05,238.7,189075
2026-09-10,CANTABIL,CANTABIL RETAIL LTD,239.0,241.17,237.2,240.06,238.8,53432
2026-09-10,CAPACITE,CAPACITE INFRAPROJECT LTD,200.4,201.99,195.0,196.25,199.59,257180
2026-09-10,CAPILLARY,CAPILLARY TECHNO INDIA L,456.7,464.2,450.0,459.9,460.3,151245
2026-09-10,CIFL,CAPITAL INDIA FINANCE LTD,20.3,20.3,19.91,20.19,20.12,95083
2026-09-10,CAPITALSFB,CAPITAL SMALL FIN BANK L,283.3,283.3,270.6,272.15,279.4,22130
2026-09-10,CAPLIPOINT,CAPLIN POINT LAB LTD.,2716.0,2839.5,2714.0,2795.4,2723.1,245863
2026-09-10,CGCL,CAPRI GLOBAL CAPITAL LTD,274.5,275.65,268.15,272.25,272.4,6527437
2026-09-10,CPL,CAPTAIN POLYPLAST LIMITED,67.5,67.81,65.24,66.38,67.81,138561
2026-09-10,CARBORUNIV,CARBORUNDUM UNIVERSAL LTD,1090.0,1123.4,1085.0,1090.2,1094.1,210273
2026-09-10,CARERATING,CARE RATINGS LIMITED,1733.2,1748.3,1690.0,1693.0,1724.6,29312
2026-09-10,CPEDU,CAREER POINT EDUTECH LTD,188.45,190.0,181.0,185.58,190.18,5171
2026-09-10,CARRARO,CARRARO INDIA LIMITED,535.1,564.5,531.05,551.95,538.85,125406
2026-09-10,CARTRADE,CARTRADE TECH LIMITED,3027.0,3064.0,2994.2,3034.7,3027.1,155066
2026-09-10,CARYSIL,CARYSIL LIMITED,1185.0,1211.0,1170.3,1178.5,1180.3,150482
2026-09-10,CASTROLIND,CASTROL INDIA LIMITED,188.61,190.84,187.41,188.06,189.16,4597808
2026-09-10,CCL,CCL PRODUCTS (I) LTD,1104.7,1104.7,1088.0,1096.8,1104.7,86618
2026-09-10,CEATLTD,CEAT LIMITED,3292.3,3313.5,3280.1,3295.7,3293.2,43713
2026-09-10,CEIGALL,CEIGALL INDIA LIMITED,377.0,389.25,369.55,379.1,376.4,1175462
2026-09-10,CEINSYS,CEINSYS TECH LIMITED,692.6,696.05,680.0,685.0,688.1,70255
2026-09-10,CELEBRITY,CELEBRITY FASHIONS LTD,6.84,6.99,6.62,6.72,6.71,4935
2026-09-10,CELLO,CELLO WORLD LIMITED,337.45,341.2,337.0,338.9,337.4,141109
2026-09-10,CEMPRO,CEMINDIA PROJECTS LIMITED,1265.0,1278.4,1250.0,1251.9,1269.1,124816
2026-09-10,CENTRALBK,CENTRAL BANK OF INDIA,30.6,31.23,30.53,30.82,30.58,5496244
2026-09-10,CDSL,CENTRAL DEPO SER (I) LTD,1360.9,1372.9,1352.0,1355.0,1368.6,771857
2026-09-10,CMPDI,CENTRAL MINE P N D INST L,231.0,232.31,217.5,218.77,230.88,4598066
2026-09-10,CENTRUM,CENTRUM CAPITAL LIMITED,22.4,22.68,21.7,21.91,22.4,617593
2026-09-10,CENTUM,CENTUM ELECTRONICS LTD,4242.5,4309.0,4192.1,4210.4,4250.5,21690
2026-09-10,CENTENKA,CENTURY ENKA LTD,573.3,576.2,563.9,569.1,570.8,139334
2026-09-10,CENTEXT,CENTURY EXTRUSIONS LTD,22.5,23.0,22.0,22.8,21.94,526048
2026-09-10,CENTURYPLY,CENTURY PLYBOARDS (I) LTD,735.5,743.05,731.05,734.05,738.7,43744
2026-09-10,CERA,CERA SANITARYWARE LTD,5698.5,5736.0,5601.0,5614.0,5698.5,2852
2026-09-10,CESC,CESC LTD,150.0,152.48,147.1,147.58,149.67,1501069
2026-09-10,CGPOWER,CG POWER AND IND SOL LTD,928.0,931.0,905.0,914.55,926.95,1989359
2026-09-10,CHALET,CHALET HOTELS LIMITED,889.7,896.1,863.2,875.55,889.7,119737
2026-09-10,CLSEL,CHAMAN LAL SETIA EXP LTD,304.8,305.35,299.35,302.55,305.2,57907
2026-09-10,CHAMBLFERT,CHAMBAL FERTILIZERS LTD,415.5,423.15,415.3,417.75,415.6,523104
2026-09-10,CHEMBOND,CHEMBOND MATERIALTECH LTD,220.86,232.8,220.25,225.82,220.36,47695
2026-09-10,CHEMCRUX,CHEMCRUX ENTERPRISES LTD.,83.4,86.8,81.5,85.52,82.57,4525
2026-09-10,CHEMFAB,CHEMFAB ALKALIS LIMITED,370.2,399.5,370.2,384.5,373.75,14633
2026-09-10,CHEMPLASTS,CHEMPLAST SANMAR LIMITED,178.03,183.18,175.15,176.15,176.88,347681
2026-09-10,CHENNPETRO,CHENNAI PETROLEUM CORP LT,1604.4,1663.3,1568.9,1626.4,1604.4,3754568
2026-09-10,CHEVIOT,CHEVIOT COMPANY LIMITED,1198.0,1205.0,1180.1,1195.9,1184.9,1408
2026-09-10,CHOICEIN,CHOICE INTERNATIONAL LTD,750.0,775.95,750.0,770.4,750.65,549144
2026-09-10,CHOICEGOLD,CHOICEAMC - CHOICEGOLD,151.2,152.68,150.83,151.84,151.13,3020
2026-09-10,CHOLAHLDNG,CHOLAMANDALAM FIN HOL LTD,1520.6,1540.5,1519.0,1532.0,1530.6,44664
2026-09-10,CHOLAFIN,CHOLAMANDALAM IN & FIN CO,1827.1,1868.2,1804.2,1859.0,1829.0,2679971
2026-09-10,CIEINDIA,CIE AUTOMOTIVE INDIA LTD,381.0,386.25,380.6,381.8,381.65,321229
2026-09-10,CINELINE,CINELINE INDIA LIMITED,93.96,95.39,93.42,93.58,93.96,10986
2026-09-10,CINEVISTA,CINEVISTA LIMITED,15.0,15.0,14.06,14.36,14.24,1546
2026-09-10,CIPLA,CIPLA LTD,1366.8,1380.0,1363.1,1373.3,1363.1,826221
2026-09-10,CUB,CITY UNION BANK LTD,232.0,232.99,224.95,226.45,231.67,1464969
2026-09-10,CLEDUCATE,CL EDUCATE LIMITED,58.0,60.11,57.2,59.98,58.74,18408
2026-09-10,CLEANMAX,CLEAN MAX ENVIRO EN SOL L,1400.0,1411.3,1393.0,1399.0,1397.6,108482
2026-09-10,CLEAN,CLEAN SCIENCE & TECH LTD,825.7,862.3,825.55,848.45,825.7,951510
2026-09-10,CMRGREEN,CMR GREEN TECHNOLOGIES L,217.8,221.64,217.71,220.45,217.29,283687
2026-09-10,CMSINFO,CMS INFO SYSTEMS LIMITED,231.25,233.39,226.7,227.69,231.25,955879
2026-09-10,COALINDIA,COAL INDIA LTD,433.0,436.3,430.0,432.0,431.0,8811171
2026-09-10,COASTCORP,COASTAL CORPORATION LTD,40.89,40.95,39.0,39.43,40.55,93128
2026-09-10,COCHINSHIP,COCHIN SHIPYARD LIMITED,1556.1,1571.8,1520.4,1520.4,1556.0,1052635
2026-09-10,COFFEEDAY,COFFEE DAY ENTERPRISE LTD,33.16,33.59,31.71,31.99,33.15,600390
2026-09-10,COFORGE,COFORGE LIMITED,1842.0,1878.0,1821.0,1833.1,1845.0,2691550
2026-09-10,COHANCE,COHANCE LIFESCIENCES LTD,443.35,453.3,440.7,445.3,443.35,1241899
2026-09-10,COLPAL,COLGATE PALMOLIVE LTD.,1804.5,1810.0,1796.9,1808.5,1800.0,125826
2026-09-10,COMFINTE,COMFORT INTECH LTD.,6.1,6.2,5.97,6.09,6.13,185838
2026-09-10,COMSYN,COMMERCIAL SYN BAGS LTD,301.7,304.45,297.05,299.0,301.15,468907
2026-09-10,COMPEAU,COMPETENT AUTOMOB CO. L,368.0,368.0,351.0,360.0,364.65,902
2026-09-10,COMPUSOFT,COMPUCOM SOFTWARE LTD,13.05,13.34,13.05,13.21,13.21,11612
2026-09-10,CAMS,COMPUTER AGE MNGT SER LTD,718.75,722.4,681.0,712.0,715.0,1371752
2026-09-10,CONCORDBIO,CONCORD BIOTECH LIMITED,1472.2,1472.2,1432.0,1452.8,1464.5,106007
2026-09-10,CEWATER,CONCORD ENVIRO SYSTEMS L,289.9,289.9,275.0,279.9,280.3,285665
2026-09-10,CFEL,CONFIDENCE FUTURIST ENE L,43.0,46.38,40.32,44.92,38.65,1072863
2026-09-10,CONFIPET,CONFIDENCE PETRO IND LTD.,90.95,90.95,87.01,87.84,90.66,3216537
2026-09-10,CCCL,CONS. CONST. CONSORT LTD,14.44,14.44,14.0,14.15,14.12,72588
2026-09-10,CONCOR,CONTAINER CORP OF IND LTD,508.0,509.95,503.7,504.15,510.0,932939
2026-09-10,CONTROLPR,CONTROL PRINT LIMITED,584.45,590.85,571.1,572.95,587.4,20559
2026-09-10,CORALFINAC,CORAL INDIA FIN & HOUS LT,32.99,32.99,31.84,32.88,32.69,15844
2026-09-10,CORDSCABLE,CORDS CABLE INDUS LTD.,370.0,384.0,355.6,363.1,362.65,376600
2026-09-10,COROMANDEL,COROMANDEL INTERNTL. LTD,1948.8,1972.0,1947.0,1961.9,1962.7,38962
2026-09-10,CORONA,CORONA REMEDIES LIMITED,2208.2,2225.0,2060.5,2200.8,2197.2,354692
2026-09-10,COSMOFIRST,COSMO FIRST LIMITED,903.0,914.7,877.6,880.65,906.75,56270
2026-09-10,CCHHL,COUNTRY CLUB HOSP HOL LTD,12.65,12.96,12.5,12.5,12.59,34264
2026-09-10,CPCAP,CP CAPITAL LIMITED,137.89,137.89,132.23,134.49,133.6,27963
2026-09-10,CPSEETF,CPSE ETF,95.9,95.9,94.51,94.78,94.79,565197
2026-09-10,CRAFTSMAN,CRAFTSMAN AUTOMATION LTD,11800.0,11999.0,11231.0,11851.0,11806.0,71337
2026-09-10,CRAVATEX,CRAVATEX LTD.,313.35,324.9,313.0,318.3,325.4,1421
2026-09-10,CREATIVEYE,CREATIVE EYE LIMITED,6.77,6.77,5.16,6.07,6.13,130775
2026-09-10,CNL,CREATIVE NEWTECH LIMITED,1139.9,1139.9,1075.0,1086.3,1141.4,44305
2026-09-10,CREDITACC,CREDITACCESS GRAMEEN LTD,1397.1,1414.6,1394.0,1403.2,1396.2,88216
2026-09-10,MUFTI,CREDO BRANDS MARKETING L,74.95,77.0,73.21,74.09,74.66,86212
2026-09-10,CREST,CREST VENTURES LIMITED,360.15,375.0,350.0,357.4,361.35,6487
2026-09-10,CRESTO,CRESTO TECHNO LIMITED,16.0,16.61,15.5,16.01,16.0,59749
2026-09-10,CRISIL,CRISIL LTD,4690.1,4779.6,4680.0,4721.7,4690.6,22193
2026-09-10,CRIZAC,CRIZAC LIMITED,177.0,180.99,174.12,179.7,176.04,242717
2026-09-10,CROMPTON,CROMPT GREA CON ELEC LTD,234.0,234.0,229.74,230.0,232.96,2559289
2026-09-10,CROWN,CROWN LIFTERS LIMITED,117.4,119.9,113.1,114.47,116.15,12728
2026-09-10,CSBBANK,CSB BANK LIMITED,314.9,315.7,306.55,307.6,311.1,353998
2026-09-10,CSLFINANCE,CSL FINANCE LIMITED,244.1,245.0,239.5,241.04,243.4,59861
2026-09-10,CSM,CSM TECHNOLOGIES LIMITED,92.85,97.64,92.28,94.96,93.31,892772
2026-09-10,CUBEXTUB,CUBEX TUBINGS LTD,81.7,81.88,76.8,77.2,79.99,75588
2026-09-10,CUMMINSIND,CUMMINS INDIA LTD,5170.5,5237.0,5069.5,5155.0,5170.5,817252
2026-09-10,CUPID,CUPID LIMITED,280.0,282.8,276.0,277.45,279.7,9575089
2026-09-10,CURAA,CURA TECHNOLOGIES LIMITED,75.88,75.88,75.88,75.88,75.88,1
2026-09-10,CYIENTDLM,CYIENT DLM LIMITED,947.9,967.75,916.0,923.3,945.65,452175
2026-09-10,CYIENT,CYIENT LIMITED,1075.1,1089.9,1070.0,1076.4,1075.1,187031
2026-09-10,DLINKINDIA,D-LINK INDIA LTD,436.0,439.2,432.1,433.8,436.05,44139
2026-09-10,DPABHUSHAN,D. P. ABHUSHAN LIMITED,1397.7,1406.7,1355.0,1369.3,1397.7,19756
2026-09-10,DBCORP,D.B.CORP LTD,191.79,193.8,189.0,189.67,190.55,65563
2026-09-10,DABUR,DABUR INDIA LTD,370.45,377.75,369.0,376.45,371.55,2119982
2026-09-10,DALBHARAT,DALMIA BHARAT LIMITED,1730.0,1762.2,1712.0,1745.3,1733.6,79405
2026-09-10,DALMIASUG,DALMIA BHARAT SUG IN LTD,430.0,442.5,429.0,431.5,433.0,150046
2026-09-10,DAMCAPITAL,DAM CAPITAL ADVISORS LTD,144.4,146.0,142.5,142.78,144.87,189257
2026-09-10,DANGEE,DANGEE DUMS LIMITED,2.81,2.91,2.81,2.82,2.83,17138
2026-09-10,DATAPATTNS,DATA PATTERNS INDIA LTD,4908.6,4928.2,4722.4,4777.2,4883.2,554842
2026-09-10,DATAMATICS,DATAMATICS GLOBAL SER LTD,776.6,783.9,760.2,780.45,773.05,84196
2026-09-10,DAVANGERE,DAVANGERE SUGAR COMPANY L,1.75,1.92,1.75,1.91,1.75,34419354
2026-09-10,DCI,DC INFOTECH AND COMUN LTD,271.1,282.5,271.1,274.6,270.8,202786
2026-09-10,DCBBANK,DCB BANK LIMITED,227.95,229.79,225.79,227.13,228.1,925685
2026-09-10,DCMFINSERV,DCM FINANCIAL SERVICES LT,5.07,5.24,5.07,5.22,5.1,8291
2026-09-10,DCMNVL,DCM NOUVELLE LIMITED,176.25,179.0,175.01,175.2,177.0,11541
2026-09-10,DCMSRIND,DCM SHRIRAM IND LTD,42.88,43.31,41.42,41.76,42.41,242444
2026-09-10,DCMSIL,DCM SHRIRAM INTERNATNL L,69.1,75.4,69.1,72.36,69.78,139970
2026-09-10,DCMSHRIRAM,DCM SHRIRAM LIMITED,997.0,1014.8,994.0,1007.5,997.6,46045
2026-09-10,DCW,DCW LTD,48.0,48.85,46.85,47.06,48.14,1159726
2026-09-10,DCXINDIA,DCX SYSTEMS LIMITED,171.01,172.97,166.52,167.56,171.27,339818
2026-09-10,DDEVPLSTIK,DDEV PLASTIKS IND LTD,266.35,266.9,253.1,256.0,265.55,282659
2026-09-10,DENORA,DE NORA INDIA LIMITED,801.8,814.4,801.0,802.05,805.75,1190
2026-09-10,DECCANCE,DECCAN CEMENTS LIMITED,570.75,574.9,560.4,571.75,565.5,21447
2026-09-10,DECNGOLD,DECCAN GOLD MINES LTD.,221.39,228.9,219.62,225.88,219.36,1682664
2026-09-10,DEEDEV,DEE DEVELOPMENT ENG LTD,674.7,680.2,645.35,653.45,674.75,300005
2026-09-10,DEEPINDS,DEEP INDUSTRIES LIMITED,796.6,804.9,780.1,782.8,792.7,243710
2026-09-10,DEEP,DEEP POLYMERS LTD.,37.0,42.9,36.96,40.98,36.89,209619
2026-09-10,DEEPA,DEEPA JEWELLERS LIMITED,203.1,203.8,193.6,196.04,201.23,4712667
2026-09-10,DBEIL,DEEPAK BUILDERS & ENG I L,7.05,7.24,7.02,7.11,7.21,148523
2026-09-10,DEEPAKFERT,DEEPAK FERTILIZERS & PETR,1357.8,1364.8,1330.0,1335.6,1357.8,150640
2026-09-10,DEEPAKNTR,DEEPAK NITRITE LTD,1642.0,1664.8,1633.5,1645.8,1641.9,414991
2026-09-10,DELHIVERY,DELHIVERY LIMITED,449.0,451.15,444.2,447.7,451.2,1333939
2026-09-10,DELTACORP,DELTA CORP LIMITED,55.01,55.59,54.2,54.34,55.25,782143
2026-09-10,DELTAMAGNT,DELTA MANUFACTURING LTD,58.99,58.99,55.4,56.82,57.1,10076
2026-09-10,DEN,DEN NETWORKS LTD,27.0,27.36,27.0,27.05,27.21,269174
2026-09-10,DENTA,DENTA WATER N INFRA SOL L,285.45,293.9,284.7,287.45,283.2,152520
2026-09-10,DEVX,DEV ACCELERATOR LIMITED,33.69,33.8,32.79,32.99,33.63,92173
2026-09-10,DEVIT,DEV INFO TECHNOLOGY LTD,23.91,24.75,23.8,23.97,23.9,75383
2026-09-10,DEVYANI,DEVYANI INTERNATIONAL LTD,138.0,140.1,135.26,135.92,137.17,978937
2026-09-10,DBOL,DHAMPUR BIO ORGANICS LTD,122.0,124.06,120.0,120.38,123.12,152749
2026-09-10,DHAMPURSUG,DHAMPUR SUGAR MILLS LTD.,170.0,172.79,165.25,166.33,170.93,379032
2026-09-10,DHANBANK,DHANLAXMI BANK LIMITED,30.35,31.07,30.35,30.73,30.68,221381
2026-09-10,DHANUKA,DHANUKA AGRITECH LTD,976.0,984.7,972.6,979.7,975.4,12867
2026-09-10,DHARMAJ,DHARMAJ CROP GUARD LTD,269.95,271.0,267.3,270.0,270.2,24634
2026-09-10,DHATRE,DHATRE UDYOG LTD.,4.28,4.7,3.8,4.14,4.46,101237
2026-09-10,DHOOTTRANS,DHOOT TRANSMISSION LTD,1607.0,1609.5,1550.9,1571.6,1596.5,1411231
2026-09-10,DHRUV,DHRUV CONSULTANCY SER LTD,24.05,24.12,22.63,22.79,23.0,1902
2026-09-10,DHUNINV,DHUNSERI INVESTMENTS LTD,1003.0,1015.0,982.0,991.5,999.9,605
2026-09-10,DVL,DHUNSERI VENTURES LIMITED,290.85,291.5,280.05,285.1,289.2,17742
2026-09-10,DIAMINESQ,DIAMINES & CHEMICALS LTD,254.0,261.0,250.5,258.09,253.24,6347
2026-09-10,DICIND,DIC INDIA LIMITED,620.0,630.0,598.0,601.25,617.6,2387
2026-09-10,DIFFNKG,DIFFUSION ENGINEERS LTD,442.0,457.95,436.1,449.55,440.55,213290
2026-09-10,DGCONTENT,DIGICONTENT LIMITED,24.9,25.18,23.91,24.09,24.72,7989
2026-09-10,DIGIDRIVE,DIGIDRIVE DISTRIBUTORS L,17.48,17.73,17.2,17.47,17.46,5299
2026-09-10,DIGISPICE,DIGISPICE TECHNOLOGIES LT,16.48,16.82,16.01,16.53,16.31,109229
2026-09-10,DIGITIDE,DIGITIDE SOLUTIONS LTD,93.0,94.14,87.8,88.28,92.69,360528
2026-09-10,DIGJAMLMTD,DIGJAM LTD,52.98,61.84,52.97,61.84,51.54,732362
2026-09-10,DNAMEDIA,DILIGENT MEDIA CORP LTD.,2.48,2.59,2.45,2.48,2.51,47020
2026-09-10,DBL,DILIP BUILDCON LIMITED,429.0,439.7,403.55,407.75,393.0,6474417
2026-09-10,DISAQ,DISA INDIA LTD.,11990.0,11999.0,11712.0,11849.0,11929.0,277
2026-09-10,DISHTV,DISH TV INDIA LTD.,2.5,2.51,2.39,2.39,2.5,1705526
2026-09-10,DCAL,DISHMAN CARBO AMCIS LTD,171.1,172.13,166.98,167.49,170.59,134059
2026-09-10,DIVGIITTS,DIVGI TORQTRANSFER SYST L,1150.0,1198.0,1127.3,1171.3,1149.6,229899
2026-09-10,DIVISLAB,DIVI S LABORATORIES LTD,9600.5,9604.0,9386.5,9438.5,9488.0,338181
2026-09-10,DIXON,DIXON TECHNO (INDIA) LTD,13845.0,13867.0,13355.0,13500.0,13845.0,467984
2026-09-10,DJML,DJ MEDIAPRINT & LOG LTD,84.0,84.95,79.7,81.75,82.03,104674
2026-09-10,DLF,DLF LIMITED,653.6,662.4,651.9,655.85,655.1,2509591
2026-09-10,DMCC,DMCC SPECIALITY CHEMICALS,290.8,297.4,284.1,291.95,288.9,40701
2026-09-10,DODLA,DODLA DAIRY LIMITED,1086.1,1099.8,1065.0,1090.1,1096.9,14361
2026-09-10,DOLATALGO,DOLAT ALGOTECH LIMITED,69.6,70.95,69.01,69.77,69.38,80374
2026-09-10,DOLLAR,DOLLAR INDUSTRIES LIMITED,274.9,275.2,268.05,271.8,273.1,81680
2026-09-10,DOLPHIN,DOLPHIN OFF ENT (IND) L,685.0,694.55,645.3,654.0,685.0,33629
2026-09-10,DOMS,DOMS INDUSTRIES LIMITED,2195.0,2198.5,2155.1,2165.6,2190.8,14571
2026-09-10,DONEAR,DONEAR IND. LIMITED,85.01,87.19,85.01,85.21,85.54,11551
2026-09-10,AGARWALEYE,DR AGARWALS HEALTH CARE L,513.7,516.8,500.2,508.35,513.7,154967
2026-09-10,DRAGARWQ,DR. AGARWAL'S EYE HOSP L,5266.5,5348.0,5266.5,5306.0,5241.5,2708
2026-09-10,LALPATHLAB,DR. LAL PATH LABS LTD.,1917.2,1927.0,1880.9,1916.7,1919.7,165825
2026-09-10,DRREDDY,DR. REDDY S LABORATORIES,1140.0,1147.2,1134.9,1143.0,1145.0,1684792
2026-09-10,DRCSYSTEMS,DRC SYSTEMS INDIA LIMITED,13.19,13.19,12.68,12.86,12.97,30616
2026-09-10,DREAMFOLKS,DREAMFOLKS SERVICES LTD,68.3,69.0,66.82,67.12,68.55,30293
2026-09-10,DREDGECORP,DREDGING CORP OF INDIA,1042.0,1054.0,1022.1,1030.7,1040.5,57460
2026-09-10,KEEPLEARN,DSJ KEEP LEARNING LTD,1.86,1.92,1.86,1.89,1.93,11004
2026-09-10,LIQUIDETF,DSP LIQUID ETF,1000.0,1000.01,999.99,999.99,999.99,74338
2026-09-10,BANK10ADD,DSPAMC - BANK10ADD,16.51,16.57,16.4,16.44,16.54,16364
2026-09-10,BANKADD,DSPAMC - DSPBANK,57.82,58.01,57.57,57.68,57.81,2483
2026-09-10,GOLDADD,DSPAMC - DSPGOLD,14.8,14.92,14.8,14.83,14.8,3792185
2026-09-10,ITADD,DSPAMC - DSPIT,30.71,31.11,30.54,30.59,30.68,22534
2026-09-10,EQUAL50ADD,DSPAMC - DSPNEWETF,337.54,337.54,335.33,335.86,336.38,6652
2026-09-10,NIFTYADD,DSPAMC - DSPNIFTY,247.86,247.94,246.74,247.15,247.86,14792
2026-09-10,PSUBANKADD,DSPAMC - DSPPSBKETF,85.0,85.81,84.42,84.62,84.81,6679
2026-09-10,PVTBANKADD,DSPAMC - DSPPVBKETF,27.77,27.81,27.63,27.76,27.82,11031
2026-09-10,MIDQ50ADD,DSPAMC - DSPQ50ETF,24.45,24.51,24.33,24.39,24.54,31657
2026-09-10,SENSEXADD,DSPAMC - DSPSENXETF,77.34,77.44,77.22,77.42,77.68,606
2026-09-10,SILVERADD,DSPAMC - DSPSILVETF,22.62,22.85,22.51,22.55,22.42,4334709
2026-09-10,FLEXIADD,DSPAMC - FLEXIADD,9.97,10.17,9.77,9.79,9.85,112300
2026-09-10,FMCGADD,DSPAMC - FMCGADD,46.05,46.05,45.36,45.4,46.15,23131
2026-09-10,GSEC10ADD,DSPAMC - GSEC10ADD,26.48,26.83,26.48,26.83,26.8,377
2026-09-10,HEALTHADD,DSPAMC - HEALTHADD,17.1,17.1,16.63,16.66,16.75,117567
2026-09-10,LIQUIDADD,DSPAMC - LIQUIDADD,1144.04,1144.09,1144.03,1144.03,1143.91,661314
2026-09-10,MIDBANKADD,DSPAMC - MIDBANKADD,17.46,17.46,17.33,17.4,17.42,2014
2026-09-10,MIDCAPADD,DSPAMC - MIDCAPADD,23.0,23.05,22.9,22.98,23.1,1439
2026-09-10,MSCIADD,DSPAMC - MSCIADD,28.96,29.04,28.94,28.95,29.13,747
2026-09-10,NEXT30ADD,DSPAMC - NEXT30ADD,42.57,42.65,42.49,42.64,42.7,1656
2026-09-10,NEXT50ADD,DSPAMC - NEXT50ADD,73.19,74.75,72.9,74.55,73.43,993
2026-09-10,SMALLADD,DSPAMC - SMALLADD,18.81,18.81,18.5,18.51,18.61,16578
2026-09-10,TOP10ADD,DSPAMC - TOP10ADD,85.46,85.46,84.8,84.89,85.46,732020
2026-09-10,DUCON,DUCON INFRATECHNOLOGIES L,1.82,1.83,1.76,1.78,1.8,1751220
2026-09-10,DWARKESH,DWARIKESH SUGAR IND LTD,46.99,47.44,45.4,45.78,46.72,1547426
2026-09-10,DSSL,DYNACONS SYS & SOLN LTD,1033.6,1040.8,1022.0,1032.2,1022.0,22889
2026-09-10,DYNAMATECH,DYNAMATIC TECHNOLOGIES,11625.0,11785.0,11402.0,11543.0,11625.0,12225
2026-09-10,DYCL,DYNAMIC CABLES LIMITED,457.7,477.0,452.0,454.65,456.5,856388
2026-09-10,DYNPRO,DYNEMIC PRODUCTS LIMITED,239.76,244.0,232.5,237.05,235.09,19689
2026-09-10,EASTWEST,EAST WEST FREIGHT CARRI L,2.3,2.36,2.28,2.34,2.3,16616
2026-09-10,EASEMYTRIP,EASY TRIP PLANNERS LTD,5.99,5.99,5.78,5.79,5.97,32925809
2026-09-10,ECLERX,ECLERX SERVICES LTD,1930.0,1930.1,1890.4,1899.8,1922.6,72761
2026-09-10,ECORECO,ECO RECYCLING LTD.,444.45,452.9,435.0,437.25,444.45,14410
2026-09-10,ECOSMOBLTY,ECOS (INDIA) MOB & HOSP L,111.97,112.99,111.1,111.73,111.44,36273
2026-09-10,BBETF0432,EDELAMC - BBETF0432,1346.0,1348.99,1344.02,1346.48,1345.64,236
2026-09-10,EBANK10,EDELAMC - EBANK10,16.46,16.5,16.21,16.25,16.38,842
2026-09-10,EBANKNIFTY,EDELAMC - EBANKNIFTY,56.87,57.24,56.87,57.06,57.15,305
2026-09-10,EBBETF0430,EDELAMC - EBBETF0430,1609.16,1617.8,1609.16,1612.2,1612.43,2701
2026-09-10,EBBETF0431,EDELAMC - EBBETF0431,1442.0,1442.0,1431.07,1439.23,1435.07,1272
2026-09-10,EBBETF0433,EDELAMC - EBBETF0433,1318.99,1318.99,1306.31,1309.17,1313.47,1674
2026-09-10,ECAPINSURE,EDELAMC - ECAPINSURE,23.4,23.5,23.23,23.28,23.47,159679
2026-09-10,EGOLD,EDELAMC - EGOLD,153.7,153.7,152.2,152.6,152.2,811853
2026-09-10,ELIQUID,EDELAMC - ELIQUID,1047.08,1047.1,1047.08,1047.09,1046.97,22275
2026-09-10,ELM250,EDELAMC - ELM250,16.65,16.8,16.12,16.3,16.52,114662
2026-09-10,ELMDIV,EDELAMC - ELMDIV,35.81,36.05,35.4,35.81,35.6,9467
2026-09-10,EMETAL,EDELAMC - EMETAL,13.53,13.53,13.22,13.49,13.4,4489
2026-09-10,EMULTIMQ,EDELAMC - EMULTIMQ,42.55,42.64,41.9,42.1,42.19,14928
2026-09-10,ENEXT50,EDELAMC - ENEXT50,72.97,72.97,72.1,72.1,72.6,1048
2026-09-10,ENIFTY,EDELAMC - ENIFTY,23.58,23.71,23.58,23.61,23.7,12198
2026-09-10,ESENSEX,EDELAMC - ESENSEX,75.49,75.54,75.1,75.45,75.63,1089
2026-09-10,ESILVER,EDELAMC - ESILVER,234.15,236.17,233.0,233.29,232.93,24359
2026-09-10,EDELWEISS,EDELWEISS FIN SERV LTD,132.21,140.9,131.2,136.74,133.63,16928746
2026-09-10,EFCIL,EFC (I) LIMITED,189.0,190.74,186.45,188.04,189.52,109913
2026-09-10,EICHERMOT,EICHER MOTORS LTD,7713.0,7746.0,7637.5,7697.0,7734.5,289058
2026-09-10,EIDPARRY,EID PARRY INDIA LTD,750.0,761.0,731.6,733.95,756.7,342075
2026-09-10,EIHAHOTELS,EIH ASSOCIATED HOTELS LTD,292.1,295.15,290.0,291.55,293.3,9363
2026-09-10,EIHOTEL,EIH LIMITED,288.95,290.0,281.35,285.05,289.35,131511
2026-09-10,EIMCOELECO,EIMCO ELECON (INDIA) LTD,2205.1,2344.5,2205.0,2291.4,2221.6,45900
2026-09-10,EKI,EKI ENERGY SERVICES LTD,71.01,72.5,70.0,70.73,71.38,15668
2026-09-10,ELANTAS,ELANTAS BECK INDIA LTD.,13618.0,13899.0,13351.0,13397.0,13618.0,3335
2026-09-10,ELCIDIN,ELCID INVESTMENTS LTD.,105590.0,107995.0,105590.0,106400.0,108000.0,14
2026-09-10,ELDEHSG,ELDECO HSG & IND LTD.,799.0,799.0,775.0,781.6,775.4,205
2026-09-10,ELECON,ELECON ENG. CO. LTD,419.55,423.85,418.0,420.5,419.4,155904
2026-09-10,EMIL,ELECTRONICS MART IND LTD,182.4,196.4,180.23,191.82,182.65,7121916
2026-09-10,ELECTCAST,ELECTROSTEEL CASTINGS LTD,78.2,80.49,78.19,79.86,78.24,1266962
2026-09-10,ELECTHERM,ELECTROTHERM (I) LTD.,963.45,968.3,940.0,943.0,965.0,13574
2026-09-10,ELGIEQUIP,ELGI EQUIPMENTS LTD,621.8,624.9,602.5,621.6,618.85,574129
2026-09-10,ELGIRUBCO,ELGI RUBBER CO. LTD,62.82,63.54,59.36,59.87,62.82,62106
2026-09-10,ELIN,ELIN ELECTRONICS LIMITED,95.51,96.95,92.2,92.62,96.29,217355
2026-09-10,ELITECON,ELITECON INTERNATIONAL L,7.08,7.82,7.08,7.8,7.45,33059819
2026-09-10,ELLEN,ELLENBARRIE INDUS GASES L,359.0,378.6,345.5,373.5,355.05,3092748
2026-09-10,ELPROINTL,ELPRO INTERNATIONAL LTD,175.8,175.8,173.45,173.76,174.87,11047
2026-09-10,EMAMILTD,EMAMI LIMITED,370.45,374.85,369.1,370.85,369.1,3326974
2026-09-10,EMAMIREAL,EMAMI REALTY LIMITED,72.0,72.45,70.0,72.31,69.0,43862
2026-09-10,EMBDL,EMBASSY DEVELOPMENTS LTD,57.3,58.7,57.06,57.6,57.34,1393725
2026-09-10,EMCURE,EMCURE PHARMACEUTICALS L,1926.1,1988.0,1914.5,1962.8,1914.4,248776
2026-09-10,EMKAY,EMKAY GLOBAL FIN SERV LTD,253.5,254.7,248.6,249.2,250.75,10735
2026-09-10,EMMVEE,EMMVEE PHOTOVOLTAIC PWR L,328.9,344.9,328.6,342.65,328.9,5005240
2026-09-10,EMPIND,EMPIRE INDUSTRIES LTD.,1077.0,1077.5,1041.2,1062.5,1076.6,7162
2026-09-10,EMPOWER,EMPOWER INDIA LTD.,2.13,2.2,2.13,2.19,2.1,18816331
2026-09-10,EMSLIMITED,EMS LIMITED,386.95,393.0,382.0,391.4,385.8,298288
2026-09-10,EMUDHRA,EMUDHRA LIMITED,511.2,515.35,492.35,497.9,511.5,167411
2026-09-10,ENDURANCE,ENDURANCE TECHNO. LTD.,2743.5,2762.2,2691.0,2715.9,2755.7,119092
2026-09-10,ENERGYDEV,ENERGY DEVE. CO.LTD,14.89,15.3,14.36,15.12,14.89,43848
2026-09-10,ENGINERSIN,ENGINEERS INDIA LTD,273.6,277.8,270.1,272.05,273.1,1648920
2026-09-10,ENKEIWHEL,ENKEI WHEELS (INDIA) LTD.,403.0,408.5,388.0,392.2,402.9,4532
2026-09-10,ENTERO,ENTERO HEALTHCARE SOLU L,1835.7,1850.0,1779.7,1792.9,1828.3,166179
2026-09-10,ENIL,ENTERTAIN NET. IND. LTD.,100.25,104.72,100.25,101.74,100.72,11082
2026-09-10,EIEL,ENVIRO INFRA ENGINEERS L,211.03,215.74,209.0,211.65,206.06,5829468
2026-09-10,EPACK,EPACK DURABLE LIMITED,188.0,189.77,186.81,188.14,188.15,315594
2026-09-10,EPACKPEB,EPACK PREFAB TECHN LTD,249.39,249.71,238.2,239.03,248.14,358765
2026-09-10,EPIGRAL,EPIGRAL LIMITED,1166.1,1175.0,1140.0,1149.8,1163.9,35996
2026-09-10,EPL,EPL LIMITED,246.3,251.2,244.25,245.25,246.7,1241067
2026-09-10,EQUITASBNK,EQUITAS SMALL FIN BNK LTD,72.9,73.35,71.96,72.63,72.7,1259639
2026-09-10,ERIS,ERIS LIFESCIENCES LIMITED,1335.0,1360.9,1325.0,1356.6,1335.0,39505
2026-09-10,ESABINDIA,ESAB INDIA LTD,5903.5,5953.0,5813.0,5824.0,5932.0,3495
2026-09-10,ESCORTS,ESCORTS KUBOTA LIMITED,2989.2,3002.2,2951.0,2958.4,2989.2,25353
2026-09-10,ESDS,ESDS SOFTWARE SOLUTION L,1520.0,1582.7,1330.0,1582.2,1438.85,15676632
2026-09-10,ESSARSHPNG,ESSAR SHIPPING LTD,16.1,16.22,16.01,16.1,16.04,67976
2026-09-10,ESTER,ESTER INDUSTRIES LTD,91.45,92.5,90.03,90.54,91.02,50678
2026-09-10,ETERNAL,ETERNAL LIMITED,322.7,322.9,317.55,322.1,320.6,15557911
2026-09-10,ETHOSLTD,ETHOS LIMITED,2762.2,2778.0,2652.7,2687.4,2744.0,68034
2026-09-10,EUREKAFORB,EUREKA FORBES LIMITED,403.0,406.75,395.6,397.35,399.35,147592
2026-09-10,EUROBOND,EURO PANEL PRODUCTS LTD,154.0,154.0,148.0,150.0,150.15,929
2026-09-10,EUROPRATIK,EURO PRATIK SALES LIMITED,252.15,256.9,244.8,247.75,254.4,261511
2026-09-10,EVEREADY,EVEREADY INDS. IND.  LTD.,348.0,369.4,347.65,366.2,349.4,742503
2026-09-10,EKC,EVEREST KANTO CYLINDERLTD,103.3,104.08,102.0,102.39,103.3,89007
2026-09-10,EXCELINDUS,EXCEL INDUSTRIES LTD,989.4,1001.0,989.4,992.6,989.4,4803
2026-09-10,EXCELSOFT,EXCELSOFT TECHNOLOGIES L,74.6,83.4,74.06,80.08,75.23,9554776
2026-09-10,EXICOM,EXICOM TELE SYSTEMS LTD,180.42,183.8,175.1,176.73,180.42,1218667
2026-09-10,EXIDEIND,EXIDE INDUSTRIES LTD,411.0,424.0,411.0,420.85,410.75,3849629
2026-09-10,EXPLEOSOL,EXPLEO SOLUTIONS LIMITED,877.6,898.0,875.35,883.8,877.6,17439
2026-09-10,EXXARO,EXXARO TILES LIMITED,6.64,6.64,6.23,6.37,6.45,396906
2026-09-10,FABTECH,FABTECH TECHNOLOGIES LTD,149.9,154.45,146.15,147.42,147.65,213570
2026-09-10,FACT,FACT LTD,787.0,809.55,785.0,789.95,786.4,167703
2026-09-10,FAZE3Q,FAZE THREE LIMITED,486.1,492.25,482.1,486.4,484.8,8746
2026-09-10,FCSSOFT,FCS SOFTWARE SOLN. LTD.,1.42,1.43,1.4,1.41,1.42,1067673
2026-09-10,FDC,FDC LIMITED,356.75,356.75,344.55,345.35,354.3,115269
2026-09-10,FEDFINA,FEDBANK FINANCIAL SER L,157.25,160.38,156.82,158.88,156.94,454377
2026-09-10,FEDDERSHOL,FEDDERS HOLDING LTD.,49.5,50.32,48.4,48.42,48.5,4104988
2026-09-10,FEDERALBNK,FEDERAL BANK LTD,343.85,347.05,343.75,346.0,345.0,5314983
2026-09-10,FMGOETZE,FEDERAL-MOGUL GOETZE (IND,460.0,463.55,441.3,443.55,455.45,503177
2026-09-10,FERMENTA,FERMENTA BIOTECH LTD.,494.75,499.45,479.5,483.65,494.4,54975
2026-09-10,FIBERWEB,FIBERWEB INDIA LIMITED,26.24,27.0,26.0,26.98,26.11,24076
2026-09-10,FIEMIND,FIEM INDUSTRIES LIMITED,2010.0,2022.9,1980.0,1986.8,2021.6,61931
2026-09-10,FILATFASH,FILATEX FASHIONS LIMITED,0.18,0.19,0.18,0.18,0.18,19161585
2026-09-10,FILATEX,FILATEX INDIA LTD,75.4,76.53,75.16,76.25,75.55,654464
2026-09-10,FINEORG,FINE ORGANIC IND. LTD.,5172.0,5188.5,5122.0,5156.0,5148.5,12118
2026-09-10,FCL,FINEOTEX CHEMICAL LIMITED,58.65,61.73,58.05,58.71,58.43,30215858
2026-09-10,FINKURVE,FINKURVE FINANCIAL SERV L,68.11,70.49,66.5,66.73,67.57,129793
2026-09-10,FINOPB,FINO PAYMENTS BANK LTD,137.9,141.54,137.41,139.95,137.64,463691
2026-09-10,FINCABLES,FINOLEX CABLES LTD,1355.0,1429.0,1336.7,1418.4,1353.4,2351771
2026-09-10,FINPIPE,FINOLEX INDUSTRIES LTD,156.0,158.5,156.0,157.08,156.71,286323
2026-09-10,FSL,FIRSTSOURCE SOLU. LTD.,254.95,257.35,250.3,251.35,254.75,332027
2026-09-10,FISCHER,FISCHER MEDICAL VENTURE L,35.01,35.55,34.59,34.9,34.78,451549
2026-09-10,FIVESTAR,FIVE-STAR BUS FIN LTD,531.05,534.85,527.3,530.65,533.05,155615
2026-09-10,FLAIR,FLAIR WRITING INDUST LTD,241.9,241.9,236.56,238.54,238.56,98152
2026-09-10,FOODSIN,FOODS & INNS LIMITED,59.0,59.7,55.35,56.77,57.98,116129
2026-09-10,FORCEMOT,FORCE MOTORS LIMITED,17419.0,18339.0,17349.0,18175.0,17355.0,222791
2026-09-10,FORTIS,FORTIS HEALTHCARE LTD,914.65,915.0,900.6,902.45,915.0,963139
2026-09-10,FOSECOIND,FOSECO INDIA LTD,6060.0,6324.0,6060.0,6194.0,6080.0,10101
2026-09-10,FRACTAL,FRACTAL ANALYTICS LIMITED,780.0,784.3,764.55,766.65,777.65,244109
2026-09-10,FREDUN,FREDUN PHARMACEUTICALS L,1460.0,1493.0,1418.2,1461.2,1439.2,44072
2026-09-10,FRONTSP,FRONTIER SPRINGS LTD.,1272.2,1275.1,1250.0,1255.0,1263.9,7869
2026-09-10,NYKAA,FSN E COMMERCE VENTURES,343.05,345.4,339.1,341.95,343.0,3136550
2026-09-10,UTLSOLAR,FUJIYAMA POWER SYSTEMS L,454.65,458.25,437.0,441.25,451.5,198307
2026-09-10,FUSION,FUSION FINANCE LIMITED,195.65,196.68,189.98,190.68,194.93,702387
2026-09-10,FMNL,FUTURE MKT NETWORKS LTD,9.07,9.73,9.07,9.15,9.31,34831
2026-09-10,GMBREW,G M BREWERIES LTD,917.7,926.0,911.0,912.5,917.7,19971
2026-09-10,GRINFRA,G R INFRAPROJECTS LIMITED,858.5,892.95,841.25,850.55,858.5,44767
2026-09-10,GABRIEL,GABRIEL INDIA LTD,1360.8,1368.0,1328.4,1338.7,1360.8,97710
2026-09-10,GAIL,GAIL (INDIA) LTD,174.0,176.5,173.25,174.49,174.9,4397343
2026-09-10,GAJA,GAJA ALT ASSET MGT LTD,160.24,163.9,153.25,155.33,158.69,1928025
2026-09-10,GALAPREC,GALA PRECISION ENG LTD,1054.8,1054.9,1015.0,1038.0,1048.1,21452
2026-09-10,GALAXYSURF,GALAXY SURFACTANTS LTD,2300.1,2330.0,2226.0,2247.4,2288.9,40182
2026-09-10,GALLANTT,GALLANTT ISPAT LIMITED,557.1,568.7,550.0,553.25,557.1,52214
2026-09-10,GANDHAR,GANDHAR OIL REFINE IND L,269.0,278.0,269.0,271.3,265.85,1490894
2026-09-10,GANDHITUBE,GANDHI SPL. TUBES LTD,900.0,902.95,889.1,899.3,898.8,2826
2026-09-10,GANESHCP,GANESH CONSUMER PRODUCT L,168.67,170.0,165.5,166.98,167.58,317609
2026-09-10,GANESHHOU,GANESH HOUSING LIMITED,757.3,784.1,754.7,772.95,758.5,23060
2026-09-10,GANECOS,GANESHA ECOSPHERE LIMITED,1023.7,1062.4,1009.6,1048.6,1020.5,110267
2026-09-10,GANGAFORGE,GANGA FORGING LIMITED,1.63,1.63,1.55,1.6,1.59,3183731
2026-09-10,GANGESSECU,GANGES SECURITIES LIMITED,116.99,119.46,115.5,115.62,115.99,1949
2026-09-10,GRSE,GARDEN REACH SHIP&ENG LTD,2498.0,2508.6,2419.0,2435.3,2493.9,370821
2026-09-10,GARUDA,GARUDA CONSTRUCT N ENG L,181.99,183.19,177.65,179.29,181.95,680295
2026-09-10,GRWRHITECH,GARWARE HI-TECH FILMS LTD,6752.5,7030.0,6752.5,6905.0,6752.5,59432
2026-09-10,GARFIBRES,GARWARE TECH FIBRES LTD,810.3,829.9,771.25,784.5,814.6,216497
2026-09-10,GATEWAY,GATEWAY DISTRIPARKS LTD,53.35,54.5,53.35,53.65,53.51,347943
2026-09-10,GAYAHWS,GAYATRI HIGHWAYS LIMITED,1.94,1.95,1.85,1.9,1.94,125320
2026-09-10,GAYAPROJ,GAYATRI PROJECTS LTD,23.7,24.82,23.3,24.8,23.64,2185895
2026-09-10,GVPIL,GE POWER INDIA LIMITED,653.0,666.9,653.0,654.5,659.25,101615
2026-09-10,GVT&D,GE VERNOVA T&D INDIA LTD,4645.0,4666.9,4525.0,4545.0,4673.0,685310
2026-09-10,GEEKAYWIRE,GEEKAY WIRES LIMITED,27.9,29.84,27.8,28.62,27.91,49534
2026-09-10,GEMAROMA,GEM AROMATICS LIMITED,166.67,172.6,163.5,165.09,164.83,111999
2026-09-10,GICRE,GENERAL INS CORP OF INDIA,349.45,350.2,342.95,343.7,349.9,350856
2026-09-10,GENCON,GENERIC ENG CONS PROJ LTD,42.98,42.98,41.4,41.91,42.03,381933
2026-09-10,GENESYS,GENESYS INTL CORPN LTD,274.31,323.23,265.63,299.67,274.31,9166324
2026-09-10,GENUSPAPER,GENUS P&B LIMITED,12.45,13.09,11.85,12.1,12.19,393870
2026-09-10,GENUSPOWER,GENUS POWER INFRASTRU LTD,329.0,332.3,325.05,326.15,329.0,788425
2026-09-10,GEOJITFSL,GEOJIT FINANCIAL SER L,80.12,80.93,79.01,79.47,80.12,255965
2026-09-10,GFLLIMITED,GFL LIMITED,57.5,59.9,57.16,58.44,57.35,107699
2026-09-10,GHCL,GHCL LIMITED,426.3,428.9,421.0,424.7,426.3,92301
2026-09-10,GHCLTEXTIL,GHCL TEXTILES LIMITED,134.72,134.88,130.5,132.54,133.67,233354
2026-09-10,GICHSGFIN,GIC HOUSING FINANCE LTD,137.31,138.51,135.6,136.12,137.15,77138
2026-09-10,GILLANDERS,GILLANDERS ARBUTHNOT LTD,104.0,105.49,102.0,102.37,102.2,2570
2026-09-10,GILLETTE,GILLETTE INDIA LTD,7479.5,7480.0,7365.5,7385.5,7479.5,5223
2026-09-10,GKENERGY,GK ENERGY LIMITED,132.0,132.0,127.5,128.01,127.21,515968
2026-09-10,GKB,GKB OPHTHALMICS LTD.,68.0,68.0,64.0,65.09,66.43,5467
2026-09-10,GKWLIMITED,GKW LIMITED,1570.4,1572.2,1550.0,1556.3,1588.8,114
2026-09-10,GLAND,GLAND PHARMA LIMITED,3031.0,3031.0,2918.9,2946.9,3026.2,368835
2026-09-10,GLAXO,GLAXOSMITHKLINE PHARMA LT,2934.8,2961.8,2832.2,2840.9,2890.2,38562
2026-09-10,GLENMARK,GLENMARK PHARMACEUTICALS,2445.9,2449.9,2403.1,2415.0,2435.0,262107
2026-09-10,GLOBAL,GLOBAL EDUCATION LIMITED,126.0,128.54,121.94,123.56,125.94,81499
2026-09-10,MEDANTA,GLOBAL HEALTH LIMITED,1487.9,1487.9,1445.0,1459.6,1480.4,337547
2026-09-10,GSLSU,GLOBAL SURFACES LIMITED,28.0,28.0,26.45,27.22,27.84,53432
2026-09-10,GLOBALVECT,GLOBAL VEC HELICORP LTD,140.4,140.4,138.0,138.35,139.03,5519
2026-09-10,GLOBALE,GLOBALE TESSILE LIMITED,11.19,11.3,10.75,10.85,11.3,2969
2026-09-10,GLOBECIVIL,GLOBE CIVIL PROJECTS LTD,43.75,45.97,43.75,44.55,44.72,23740
2026-09-10,GLOBE,GLOBE ENTERPRISE (I) LTD,1.85,1.87,1.8,1.85,1.82,328839
2026-09-10,GICL,GLOBE INTL CARRIERS LTD,23.75,24.7,23.5,24.33,24.4,218956
2026-09-10,GLOBUSSPR,GLOBUS SPIRITS LTD,854.0,854.7,835.0,837.55,849.8,88143
2026-09-10,GLOSTERLTD,GLOSTER LIMITED,607.5,607.5,590.0,599.45,597.55,653
2026-09-10,GLOTTIS,GLOTTIS LIMITED,59.89,60.37,58.5,58.74,59.03,43296
2026-09-10,GMMPFAUDLR,GMM PFAUDLER LIMITED,1305.4,1325.8,1290.6,1319.2,1305.4,385507
2026-09-10,GMRAIRPORT,GMR AIRPORTS LIMITED,98.61,98.61,96.82,97.46,98.65,9680394
2026-09-10,GMRP&UI,GMR POW AND URBAN INFRA L,94.82,97.05,92.58,96.51,94.82,1607477
2026-09-10,GNA,GNA AXLES LIMITED,543.7,559.0,540.0,553.95,539.55,297519
2026-09-10,EBGNG,GNG ELECTRONICS LIMITED,685.0,704.9,663.0,677.95,675.8,1283090
2026-09-10,GODIGIT,GO DIGIT GENERAL INS LTD,253.3,255.7,250.1,250.75,253.3,93062
2026-09-10,GOCOLORS,GO FASHION INDIA LTD,326.0,326.0,316.4,318.45,325.85,53673
2026-09-10,GOACARBON,GOA CARBON LIMITED,484.0,484.0,433.65,440.25,463.5,627318
2026-09-10,GOCLCORP,GOCL CORPORATION LIMITED,432.1,437.55,429.9,432.2,431.7,82309
2026-09-10,GODAVARIB,GODAVARI BIOREFINERIES L,238.46,240.6,233.91,235.82,238.46,78228
2026-09-10,GPIL,GODAWARI POW & ISP LTD,254.0,254.6,247.25,252.23,253.04,1594175
2026-09-10,GODFRYPHLP,GODFREY PHILLIPS INDIA LT,1976.2,2002.9,1961.0,1972.0,1978.5,190824
2026-09-10,GODREJAGRO,GODREJ AGROVET LIMITED,675.05,683.5,663.8,673.05,674.65,424433
2026-09-10,GODREJCP,GODREJ CONSUMER PRODUCTS,863.8,872.8,859.0,869.9,863.8,697924
2026-09-10,GODREJIND,GODREJ INDUSTRIES LTD,1135.0,1135.4,1120.0,1122.3,1133.4,90792
2026-09-10,GODREJPROP,GODREJ PROPERTIES LTD,1850.0,1874.8,1836.0,1872.0,1857.1,686220
2026-09-10,GOKEX,GOKALDAS EXPORTS LTD.,781.0,792.15,770.5,774.2,785.45,208650
2026-09-10,GOKULAGRO,GOKUL AGRO RESOURCES LTD,232.0,232.09,226.0,226.4,230.56,248041
2026-09-10,GOKUL,GOKUL REFOILS & SOLV LTD,43.8,43.8,41.6,42.61,42.78,242171
2026-09-10,GOLDIAM,GOLDIAM INTERNATIONAL LTD,330.0,333.05,325.6,327.8,329.8,299837
2026-09-10,GOODLUCK,GOODLUCK INDIA LIMITED,515.8,533.3,515.05,517.9,515.8,811696
2026-09-10,GOODYEAR,GOODYEAR INDIA LIMITED,730.0,733.65,720.0,724.7,729.35,3645
2026-09-10,GOPAL,GOPAL SNACKS LIMITED,261.9,263.85,259.0,260.5,261.85,86921
2026-09-10,GOYALALUM,GOYAL ALUMINIUMS LIMITED,6.16,6.3,6.1,6.14,6.16,85898
2026-09-10,GPTHEALTH,GPT HEALTHCARE LIMITED,161.16,165.4,160.1,161.29,162.63,145904
2026-09-10,GPTINFRA,GPT INFRAPROJECTS LTD,113.0,114.8,112.12,113.47,111.39,239257
2026-09-10,GRADIENTE,GRADIENTE INFOTAINMENT L,2.6,2.61,2.51,2.53,2.55,1077579
2026-09-10,GFSTEELS,GRAND FOUNDRY LTD,19.96,19.96,19.96,19.96,18.15,2461
2026-09-10,GRANDOAK,GRAND OAK CANYONS DIST L,37.2,37.2,36.15,36.88,36.26,3734
2026-09-10,GRANULES,GRANULES INDIA LIMITED,870.1,905.85,870.1,899.25,884.8,1597031
2026-09-10,GRAPHITE,GRAPHITE INDIA LTD,839.15,868.95,820.1,824.8,844.65,11528239
2026-09-10,GRASIM,GRASIM INDUSTRIES LTD,3290.0,3324.4,3279.9,3319.0,3300.0,1056285
2026-09-10,GRAUWEIL,GRAUER & WEIL IND LTD,72.0,77.47,72.0,76.48,72.67,1086631
2026-09-10,GRAVISSHO,GRAVISS HOSPITALITY LTD.,29.16,35.59,28.65,35.59,29.66,491934
2026-09-10,GRAVITA,GRAVITA INDIA LIMITED,1679.9,1720.6,1675.0,1698.7,1696.4,117013
2026-09-10,GREAVESCOT,GREAVES COTTON LTD.,192.0,199.4,191.1,193.6,192.38,1100510
2026-09-10,GREENLAM,GREENLAM INDUSTRIES LTD.,236.25,238.9,235.7,236.39,236.25,15103
2026-09-10,GREENPANEL,GREENPANEL INDUSTRIES LTD,162.0,163.95,159.5,159.99,160.67,645667
2026-09-10,GREENPLY,GREENPLY INDUSTRIES LTD,294.95,298.5,291.0,296.7,293.65,114718
2026-09-10,GCSL,GRETEX CORPORATE SERVICES,605.0,616.9,603.85,614.8,601.9,241437
2026-09-10,GRINDWELL,GRINDWELL NORTON LIMITED,1875.0,1940.2,1865.1,1907.7,1893.1,25898
2026-09-10,GRMOVER,GRM OVERSEAS LIMITED,88.0,88.99,86.37,87.48,88.14,1190958
2026-09-10,CEMNTGROWW,GROWWAMC - CEMNTGROWW,14.32,14.49,14.17,14.34,14.33,41538
2026-09-10,GROWWCAPM,GROWWAMC - GROWWCAPM,11.58,11.58,11.25,11.31,11.35,354935
2026-09-10,GROWWCHEM,GROWWAMC - GROWWCHEM,30.1,30.29,29.85,30.05,30.1,51883
2026-09-10,GROWWDEFNC,GROWWAMC - GROWWDEFNC,99.26,99.6,97.38,97.96,99.25,385355
2026-09-10,GROWWEV,GROWWAMC - GROWWEV,32.78,32.78,31.96,32.12,32.21,202888
2026-09-10,GROWWGOLD,GROWWAMC - GROWWGOLD,14.97,15.0,14.9,14.91,14.87,2119446
2026-09-10,GROWWHOSPI,GROWWAMC - GROWWHOSPI,53.91,53.91,52.52,52.65,52.6,207236
2026-09-10,GROWWLIQID,GROWWAMC - GROWWLIQID,110.79,110.79,110.68,110.68,110.67,585938
2026-09-10,GROWWLOVOL,GROWWAMC - GROWWLOVOL,10.25,10.25,10.14,10.2,10.18,6224
2026-09-10,GROWWMC150,GROWWAMC - GROWWMC150,234.5,234.5,228.51,229.09,230.9,517
2026-09-10,GROWWMETAL,GROWWAMC - GROWWMETAL,12.56,12.88,12.1,12.7,12.7,276340
2026-09-10,GROWWMOM50,GROWWAMC - GROWWMOM50,11.18,11.18,11.01,11.09,11.12,162153
2026-09-10,GROWWN200,GROWWAMC - GROWWN200,11.09,11.22,11.09,11.14,11.17,38526
2026-09-10,GROWWNET,GROWWAMC - GROWWNET,10.92,11.05,10.76,10.83,10.77,355262
2026-09-10,GROWWNIFTY,GROWWAMC - GROWWNIFTY,9.63,9.63,9.47,9.5,9.51,681596
2026-09-10,GROWWNXT50,GROWWAMC - GROWWNXT50,73.25,73.52,72.81,73.06,73.82,10598
2026-09-10,GROWWPOWER,GROWWAMC - GROWWPOWER,11.57,11.57,11.31,11.36,11.43,1267675
2026-09-10,GROWWPSE,GROWWAMC - GROWWPSE,98.5,99.48,96.53,98.38,98.5,2343
2026-09-10,GROWWPSUBK,GROWWAMC - GROWWPSUBK,84.7,85.2,83.11,84.45,84.06,1245
2026-09-10,GROWWRAIL,GROWWAMC - GROWWRAIL,28.05,28.05,27.6,27.64,27.78,863789
2026-09-10,GROWWRLTY,GROWWAMC - GROWWRLTY,9.9,9.9,9.68,9.76,9.84,430062
2026-09-10,GROWWSC250,GROWWAMC - GROWWSC250,10.75,10.75,10.56,10.66,10.65,113543
2026-09-10,GROWWSLVR,GROWWAMC - GROWWSLVR,23.1,23.2,22.88,22.92,22.77,1297875
2026-09-10,PVTBKGROWW,GROWWAMC - PVTBKGROWW,27.21,27.53,27.21,27.33,27.44,6087
2026-09-10,SMALLGROWW,GROWWAMC - SMALLGROWW,49.6,49.93,48.74,49.16,49.43,6211
2026-09-10,GRPLTD,GRP LIMITED,2024.9,2024.9,1983.1,1992.5,2026.9,608
2026-09-10,GSPCROP,GSP CROP SCIENCE LIMITED,490.0,494.6,470.0,471.75,491.35,252463
2026-09-10,GSS,GSS INFOTECH LIMITED,11.13,11.13,10.4,10.47,10.88,100600
2026-09-10,GTLINFRA,GTL INFRA.LTD,1.16,1.18,1.16,1.16,1.16,22019197
2026-09-10,GTL,GTL LTD,7.17,7.29,7.13,7.2,7.16,181256
2026-09-10,GTPL,GTPL HATHWAY LIMITED,58.75,61.59,58.29,59.75,58.29,99581
2026-09-10,GUFICBIO,GUFIC BIOSCIENCES LTD.,429.9,432.2,419.1,422.65,428.85,59276
2026-09-10,GIPCL,GUJ IND POW CO. LTD,202.0,204.49,200.01,201.3,201.04,352513
2026-09-10,GNFC,GUJ NAR VAL FER & CHEM L,572.0,575.0,564.45,570.75,574.6,432189
2026-09-10,GSFC,GUJ STATE FERT & CHEM LTD,160.0,161.9,159.1,160.38,160.03,1757556
2026-09-10,GUJAPOLLO,GUJ. APOLLO IND. LTD.,348.3,349.0,336.0,338.35,345.0,8316
2026-09-10,GUJALKALI,GUJARAT ALKALIES & CHEM,712.55,727.0,707.05,718.75,712.55,61375
2026-09-10,GAEL,GUJARAT AMBUJA EXPORTS LT,168.15,170.95,164.0,164.8,166.39,646957
2026-09-10,GUJENERGY,GUJARAT ENERGY LIMITED,258.97,264.3,253.81,254.8,258.97,2198796
2026-09-10,FLUOROCHEM,GUJARAT FLUOROCHEM LTD,4737.8,4887.9,4737.8,4786.3,4754.8,170274
2026-09-10,GKSL,GUJARAT KIDNEY N SUP SP L,175.0,177.01,172.87,173.22,176.02,142017
2026-09-10,GLFL,GUJARAT LEASE FINANCING L,5.37,5.4,5.13,5.26,5.37,13469
2026-09-10,GMDCLTD,GUJARAT MINERAL DEV CORP,578.8,601.0,577.0,580.4,574.55,4880225
2026-09-10,GNRL,GUJARAT NATURAL RES L,109.71,110.29,107.31,107.73,109.03,76155
2026-09-10,GPPL,GUJARAT PIPAVAV PORT LTD,159.16,163.34,159.16,162.27,158.59,1620378
2026-09-10,GUJRAFFIA,GUJARAT RAFFIA INDUST LTD,42.45,42.45,40.63,41.17,40.9,3927
2026-09-10,GUJTHEM,GUJARAT THEMIS BIOSYN LTD,435.4,445.0,426.1,430.1,430.75,1458568
2026-09-10,GULFOILLUB,GULF OIL LUB. IND. LTD.,1077.0,1080.0,1064.3,1073.0,1081.1,49771
2026-09-10,GULPOLY,GULSHAN POLYOLS LIMITED,179.86,180.75,176.4,176.68,179.86,155336
2026-09-10,GYFTR,GYFTR LIMITED,182.93,187.19,180.37,185.32,181.7,18925
2026-09-10,HBESD,H B ESTATE DEVELOPERS L,74.0,74.0,70.1,71.26,72.81,837
2026-09-10,HGINFRA,H.G.INFRA ENGINEERING LTD,478.0,495.0,476.0,487.25,478.55,83596
2026-09-10,HALDER,HALDER VENTURE LIMITED,287.0,287.0,275.0,281.9,282.45,21256
2026-09-10,HALEOSLABS,HALEOS LABS LIMITED,1498.0,1498.0,1450.0,1450.6,1470.9,171
2026-09-10,HAMPTON,HAMPTON SKY REALTY LTD.,8.46,8.46,8.26,8.4,8.49,361241
2026-09-10,HGM,HANDSON GBL MNGMNT LTD,50.13,51.6,49.11,49.57,50.49,1327
2026-09-10,HAPPSTMNDS,HAPPIEST MINDS TECHNO LTD,338.75,340.9,331.2,332.4,339.5,807094
2026-09-10,HAPPYFORGE,HAPPY FORGINGS LIMITED,2253.2,2301.0,2211.0,2233.4,2256.7,58774
2026-09-10,HARDWYN,HARDWYN INDIA LIMITED,9.05,9.54,9.01,9.12,8.93,1908231
2026-09-10,HARIOMPIPE,HARIOM PIPE INDUSTRIES L,366.15,369.75,360.15,361.8,366.15,46893
2026-09-10,HRYNSHP,HARIYANA SHIP BREAKERS L,101.55,102.0,98.32,99.32,99.95,1274
2026-09-10,HARRMALAYA,HARRISON MALAYALAM LTD,190.83,190.83,186.25,186.8,187.72,6407
2026-09-10,HARSHA,HARSHA ENGINEERS INT LTD,453.4,455.0,445.1,447.2,453.4,86970
2026-09-10,HATHWAY,HATHWAY CABLE & DATACOM,10.15,10.3,10.1,10.17,10.22,976509
2026-09-10,HATSUN,HATSUN AGRO PRODUCT LTD.,1203.8,1205.0,1180.0,1194.5,1199.1,31094
2026-09-10,HAVELLS,HAVELLS INDIA LIMITED,1121.0,1126.0,1105.5,1116.0,1120.4,1093884
2026-09-10,HAWKINCOOK,HAWKINS COOKERS LTD,8637.5,8637.5,8333.0,8408.0,8504.5,2639
2026-09-10,HAZOOR,HAZOOR MULTI PROJECTS LTD,20.24,20.24,19.41,19.7,19.88,89734
2026-09-10,HBPOR,HB PORTFOLIO LTD.,62.8,62.8,58.6,58.9,59.37,533
2026-09-10,HBSL,HB STOCKHOLDINGS LIMITED,53.4,54.98,53.4,54.37,52.86,3048
2026-09-10,HBLENGINE,HBL ENGINEERING LTD,726.45,737.85,717.35,720.9,730.1,1338416
2026-09-10,HCL-INSYS,HCL INFOSYSTEMS LTD,10.18,10.32,10.1,10.12,10.09,188728
2026-09-10,HCLTECH,HCL TECHNOLOGIES LTD,1224.8,1237.0,1196.9,1207.0,1229.8,2197859
2026-09-10,HDBFS,HDB FINANCIAL SERVICES L,672.1,680.85,668.05,677.7,675.05,261702
2026-09-10,HDFCAMC,HDFC AMC LIMITED,2430.0,2448.1,2401.0,2433.8,2440.0,370540
2026-09-10,HDFCBANK,HDFC BANK LTD,687.1,694.5,686.2,693.8,687.1,27108053
2026-09-10,HDFCGOLD,HDFC GOLD ETF,130.36,131.14,130.26,130.49,130.06,2125971
2026-09-10,HDFCLIFE,HDFC LIFE INS CO LTD,515.15,526.15,508.7,526.15,514.0,4125818
2026-09-10,HDFCBSE500,HDFCAMC - HDFCBSE500,37.79,37.79,36.54,36.8,37.0,4283337
2026-09-10,HDFCGROWTH,HDFCAMC - HDFCGROWTH,115.5,116.14,115.32,115.49,116.15,8374
2026-09-10,HDFCLIQUID,HDFCAMC - HDFCLIQUID,1077.12,1077.26,1077.12,1077.25,1077.12,13555
2026-09-10,HDFCLOWVOL,HDFCAMC - HDFCLOWVOL,20.1,20.11,19.96,19.98,20.1,5195
2026-09-10,HDFCMID150,HDFCAMC - HDFCMID150,23.34,23.35,23.17,23.24,23.3,264279
2026-09-10,HDFCMOMENT,HDFCAMC - HDFCMOMENT,31.51,31.56,31.11,31.12,31.36,110804
2026-09-10,HDFCNEXT50,HDFCAMC - HDFCNEXT50,74.57,74.76,73.97,74.08,74.58,56218
2026-09-10,HDFCNIF100,HDFCAMC - HDFCNIF100,25.55,25.55,25.45,25.47,25.55,44229
2026-09-10,HDFCNIFBAN,HDFCAMC - HDFCNIFBAN,58.16,58.37,57.89,58.03,58.16,676174
2026-09-10,HDFCNIFIT,HDFCAMC - HDFCNIFIT,31.05,31.27,30.65,30.85,30.9,110521
2026-09-10,HDFCNIFTY,HDFCAMC - HDFCNIFTY,267.94,267.94,264.06,264.33,265.24,202749
2026-09-10,HDFCNIMEG,HDFCAMC - HDFCNIMEG,137.33,137.33,132.71,133.04,133.99,3912
2026-09-10,HDFCPVTBAN,HDFCAMC - HDFCPVTBAN,28.58,28.58,27.72,27.74,27.89,92402
2026-09-10,HDFCQUAL,HDFCAMC - HDFCQUAL,57.72,57.94,57.4,57.4,57.72,6054
2026-09-10,HDFCSENSEX,HDFCAMC - HDFCSENSEX,85.32,85.92,84.33,84.74,85.46,90184
2026-09-10,HDFCSILVER,HDFCAMC - HDFCSILVER,224.2,226.35,223.12,223.54,222.54,2256708
2026-09-10,HDFCSML250,HDFCAMC - HDFCSML250,185.46,186.46,185.36,186.25,185.46,988207
2026-09-10,HDFCVALUE,HDFCAMC - HDFCVALUE,122.89,122.89,122.15,122.37,122.89,3273
2026-09-10,HDFCPSUBK,HDFCAMC HDFCPSUBK,84.91,85.77,84.45,84.7,84.75,29587
2026-09-10,HEADSUP,HEADS UP VENTURES LIMITED,6.78,7.17,6.78,6.9,6.94,5294
2026-09-10,HEALTHX,HEALTH X PLATFORM LIMITED,299.75,306.4,285.0,305.35,299.5,19198
2026-09-10,HCG,HEALTHCARE GLOB. ENT. LTD,716.0,717.2,693.75,700.9,712.55,225989
2026-09-10,HECPROJECT,HEC INFRA PROJECTS LTD,121.0,123.2,119.22,119.55,122.14,1791
2026-09-10,HEIDELBERG,HEIDELBERGCEMENT (I) LTD,160.0,160.26,158.01,158.79,159.86,467802
2026-09-10,HEMIPROP,HEMISPHERE PROP IND LTD,123.0,123.75,120.51,120.95,123.18,409114
2026-09-10,HERANBA,HERANBA INDUSTRIES LTD,171.77,176.18,171.77,172.3,173.93,18572
2026-09-10,HERITGFOOD,HERITAGE FOODS LTD,380.1,403.5,376.3,398.05,380.1,2057299
2026-09-10,HEROMOTOCO,HERO MOTOCORP LIMITED,5235.0,5280.0,5169.0,5280.0,5218.0,501164
2026-09-10,HESTERBIO,HESTER BIOSCIENCES LTD,2323.0,2343.9,2267.5,2279.0,2322.6,3073
2026-09-10,HEXATRADEX,HEXA TRADEX LIMITED,157.0,158.0,155.15,156.88,156.24,660
2026-09-10,HEXT,HEXAWARE TECHNOLOGIES LTD,512.9,516.4,501.0,502.95,509.9,174991
2026-09-10,HITECH,HI-TECH PIPES LIMITED,76.6,79.7,76.31,77.4,76.79,1896207
2026-09-10,HILINFRA,HIGHWAY INFRASTRUCTURE L,44.0,44.0,41.51,42.59,43.28,101361
2026-09-10,HIKAL,HIKAL LIMITED,241.5,245.0,233.1,234.78,240.69,774444
2026-09-10,HILTON,HILTON METAL FORGING LTD,18.45,18.7,18.2,18.28,18.44,61751
2026-09-10,HSCL,HIMADRI SPECIALITY CHEM L,666.5,671.0,662.0,663.75,667.05,906421
2026-09-10,HIMATSEIDE,HIMATSINGKA SEIDE LTD,69.49,69.98,68.52,68.85,69.44,246426
2026-09-10,HINDALUMI,HIND ALUMINIUM INDS. LTD.,99.0,99.0,96.1,96.57,97.38,1213
2026-09-10,HINDALCO,HINDALCO  INDUSTRIES  LTD,1027.5,1029.5,1007.8,1014.0,1026.9,2172772
2026-09-10,HINDCON,HINDCON CHEMICALS LIMITED,23.55,24.24,23.31,23.34,23.71,15364
2026-09-10,HPIL,HINDPRAKASH INDUSTRY LTD,121.1,121.1,120.0,120.03,121.0,622
2026-09-10,HGS,HINDUJA GLOBAL SOLS. LTD.,386.65,390.0,382.3,383.85,384.75,5883
2026-09-10,HINDADH,HINDUSTAN ADHESIVES LTD.,365.0,372.75,362.0,365.3,367.2,1601
2026-09-10,HAL,HINDUSTAN AERONAUTICS LTD,5015.0,5052.4,4914.6,4950.0,5000.5,688500
2026-09-10,HINDCOMPOS,HINDUSTAN COMPOSITES LTD.,387.05,393.0,380.0,381.45,387.05,3422
2026-09-10,HCC,HINDUSTAN CONSTRUCTION CO,23.41,23.63,22.63,22.81,23.43,19958126
2026-09-10,HINDCOPPER,HINDUSTAN COPPER LTD,539.15,543.0,525.7,527.3,532.3,8458321
2026-09-10,HNDFDS,HINDUSTAN FOODS LIMITED,610.0,623.9,610.0,619.95,615.25,33284
2026-09-10,HINDOILEXP,HINDUSTAN OIL EXPLORATION,192.0,195.98,187.0,187.66,195.83,1268291
2026-09-10,HINDPETRO,HINDUSTAN PETROLEUM CORP,347.0,353.85,346.95,352.65,348.9,2991765
2026-09-10,HINDUNILVR,HINDUSTAN UNILEVER LTD.,1940.0,1950.0,1936.0,1942.3,1945.0,1232506
2026-09-10,HINDZINC,HINDUSTAN ZINC LIMITED,608.5,610.9,592.25,593.6,605.4,4559807
2026-09-10,HINDWAREAP,HINDWARE HME INOVATON LTD,180.3,191.95,180.12,181.67,179.66,253483
2026-09-10,HIRECT,HIRECT LIMITED,1290.3,1299.0,1244.9,1248.9,1273.6,57042
2026-09-10,HISARMETAL,HISAR METAL IND. LIMITED,160.85,160.85,155.0,155.28,153.91,338
2026-09-10,POWERINDIA,HITACHI ENERGY INDIA LTD,31450.0,31595.0,31050.0,31195.0,31580.0,49644
2026-09-10,HLEGLAS,HLE GLASCOAT LIMITED,369.0,396.6,364.35,367.6,367.95,1484997
2026-09-10,HLVLTD,HLV LIMITED,6.47,6.47,6.31,6.38,6.47,119034
2026-09-10,HMAAGRO,HMA AGRO INDUSTRIES LTD,20.02,20.36,19.09,19.98,20.02,10117074
2026-09-10,HOMEFIRST,HOME FIRST FIN CO IND LTD,1202.3,1214.8,1196.4,1209.4,1202.3,168561
2026-09-10,HONASA,HONASA CONSUMER LIMITED,471.0,483.9,469.65,475.65,471.05,657000
2026-09-10,HONDAPOWER,HONDA I POWER PRODUCT LTD,1988.0,1988.0,1945.0,1969.5,1964.2,2818
2026-09-10,HONAUT,HONEYWELL AUTOMATION IND,34370.0,34400.0,33875.0,34150.0,34180.0,1828
2026-09-10,HORIZONIND,HORIZON INDUSTRIAL PRKS L,55.5,56.15,54.99,55.55,55.67,1975842
2026-09-10,HPAL,HP ADHESIVES LIMITED,35.1,37.0,34.0,36.61,35.67,76830
2026-09-10,HPL,HPL ELECTRIC & POWER LTD,296.0,304.0,294.9,295.8,298.65,64754
2026-09-10,HSBCGOLD,HSBCAMC - HSBCGOLD,132.25,134.8,132.25,132.9,132.63,2342
2026-09-10,HUDCO,HSG & URBAN DEV CORPN LTD,174.63,177.23,173.2,174.08,175.35,1349166
2026-09-10,HTMEDIA,HT MEDIA LIMITED,24.68,25.25,23.91,24.32,24.67,86924
2026-09-10,HUBTOWN,HUBTOWN LIMITED,183.98,185.82,182.0,183.22,184.0,202127
2026-09-10,HUHTAMAKI,HUHTAMAKI INDIA LIMITED,265.1,277.7,260.1,262.05,267.85,799014
2026-09-10,HYUNDAI,HYUNDAI MOTOR INDIA LTD,2188.0,2227.0,2170.3,2205.0,2182.4,907669
2026-09-10,IGPL,I G PETROCHEMICALS LTD,562.0,565.0,552.0,553.5,557.2,44341
2026-09-10,ISTLTD,I S T LTD.,672.9,672.9,641.0,661.0,663.65,851
2026-09-10,ICEMAKE,ICE MAKE REFRIGERAT LTD,725.7,760.0,721.0,727.9,725.7,17732
2026-09-10,ICICIBANK,ICICI BANK LTD.,1385.9,1393.0,1373.9,1384.5,1389.1,10580641
2026-09-10,ICICIGI,ICICI LOMBARD GIC LIMITED,1473.7,1476.0,1459.1,1465.0,1474.0,312999
2026-09-10,LOWVOLIETF,ICICI PR NIF LW VL 30 ETF,22.1,22.1,21.46,21.51,21.57,506919
2026-09-10,ICICIPRULI,ICICI PRU LIFE INS CO LTD,462.05,475.15,455.3,471.0,462.5,2174563
2026-09-10,MIDSELIETF,ICICI PRUD MIDCAP SEL ETF,19.78,19.84,19.59,19.65,19.78,135506
2026-09-10,NIF100IETF,ICICI PRUD NIFTY 100 ETF,27.69,27.69,27.41,27.49,27.6,65991
2026-09-10,NIFTYIETF,ICICI PRUD NIFTY ETF,267.59,267.59,265.6,265.84,266.76,573236
2026-09-10,SENSEXIETF,ICICI PRUD SENSEX ETF,869.0,873.9,859.01,860.55,863.68,10282
2026-09-10,ICICIAMC,ICICI PRUDENTIAL AMC LTD,3003.5,3055.5,2991.8,3033.5,3003.5,237958
2026-09-10,GOLDIETF,ICICI PRUDENTIAL GOLD ETF,130.65,131.53,130.6,130.75,130.37,4267231
2026-09-10,NV20IETF,ICICI PRUDENTIAL NV20 ETF,13.3,13.34,13.22,13.24,13.3,378550
2026-09-10,ICICIB22,ICICIPRAMC - BHARATIWIN,115.88,115.88,112.1,113.5,113.61,245107
2026-09-10,CASHIETF,ICICIPRAMC - CASHIETF,1078.87,1078.89,1078.87,1078.88,1078.74,95860
2026-09-10,EVIETF,ICICIPRAMC - EVIETF,32.27,32.84,32.0,32.14,32.24,44236
2026-09-10,GSEC10IETF,ICICIPRAMC - ICICI10GS,264.96,264.96,262.33,262.33,262.81,186
2026-09-10,BSE500IETF,ICICIPRAMC - ICICI500,39.07,39.07,38.38,38.84,39.07,89012
2026-09-10,GSEC5IETF,ICICIPRAMC - ICICI5GSEC,66.57,66.8,66.17,66.19,66.24,9292
2026-09-10,ALPL30IETF,ICICIPRAMC - ICICIALPLV,27.47,27.49,27.2,27.37,27.51,222030
2026-09-10,AUTOIETF,ICICIPRAMC - ICICIAUTO,28.72,28.78,28.43,28.55,28.71,358459
2026-09-10,PVTBANIETF,ICICIPRAMC - ICICIBANKP,27.64,27.67,27.45,27.54,27.55,471821
2026-09-10,COMMOIETF,ICICIPRAMC - ICICICOMMO,99.37,99.38,98.3,98.57,99.31,438771
2026-09-10,CONSUMIETF,ICICIPRAMC - ICICICONSU,119.24,119.88,118.97,119.33,119.01,3898
2026-09-10,FMCGIETF,ICICIPRAMC - ICICIFMCG,49.39,49.39,48.56,48.65,48.89,1894394
2026-09-10,INFRAIETF,ICICIPRAMC - ICICIINFRA,94.32,94.32,93.36,93.54,93.91,148954
2026-09-10,LIQUIDIETF,ICICIPRAMC - ICICILIQ,1000.0,1000.01,999.99,1000.0,999.99,731161
2026-09-10,MIDCAPIETF,ICICIPRAMC - ICICIM150,23.86,23.9,23.67,23.73,23.86,1791013
2026-09-10,MOM30IETF,ICICIPRAMC - ICICIMOM30,31.69,31.73,31.3,31.39,31.54,416351
2026-09-10,NEXT50IETF,ICICIPRAMC - ICICINXT50,78.92,78.92,76.57,76.7,77.0,454650
2026-09-10,HEALTHIETF,ICICIPRAMC - ICICIPHARM,170.13,170.93,169.13,169.47,170.12,45541
2026-09-10,QUAL30IETF,ICICIPRAMC - ICICIQTY30,20.65,20.72,20.53,20.56,20.63,93934
2026-09-10,SILVERIETF,ICICIPRAMC - ICICISILVE,234.45,236.32,233.1,233.48,232.34,3084086
2026-09-10,ITIETF,ICICIPRAMC - ICICITECH,32.36,32.6,32.03,32.09,32.18,474066
2026-09-10,INSUREIETF,ICICIPRAMC - INSUREIETF,14.7,14.85,14.6,14.77,14.72,115430
2026-09-10,BANKIETF,ICICIPRAMC - IPRU5008,58.3,58.3,57.8,57.87,58.1,213648
2026-09-10,METALIETF,ICICIPRAMC - METALIETF,13.57,13.57,13.3,13.34,13.44,4803124
2026-09-10,OILIETF,ICICIPRAMC - OILIETF,11.25,11.31,11.15,11.17,11.24,691135
2026-09-10,PSUBNKIETF,ICICIPRAMC - PSUBANKICI,84.61,86.0,84.49,84.67,84.83,85050
2026-09-10,SMALLIETF,ICICIPRAMC - SMALLIETF,18.52,18.56,18.37,18.47,18.52,34009
2026-09-10,TOP15IETF,ICICIPRAMC - TOP15IETF,9.57,9.81,9.52,9.56,9.57,213037
2026-09-10,VAL30IETF,ICICIPRAMC - VAL30IETF,15.04,15.14,15.02,15.06,15.05,110430
2026-09-10,FINIETF,ICICIPRAMC-ICICIFIN,32.67,32.67,32.13,32.36,32.32,290087
2026-09-10,ICRA,ICRA LIMITED,4800.0,4822.0,4715.0,4726.2,4776.5,25291
2026-09-10,IDBI,IDBI BANK LIMITED,81.6,82.39,80.96,81.62,81.56,8241363
2026-09-10,IDEAFORGE,IDEAFORGE TECHNO LTD,747.45,757.3,739.0,743.45,747.45,192541
2026-09-10,IDFCFIRSTB,IDFC FIRST BANK LIMITED,86.0,87.4,85.82,86.84,86.0,14637414
2026-09-10,IFBAGRO,IFB AGRO INDUSTRIES LTD,871.0,896.25,867.0,874.8,879.55,3778
2026-09-10,IFBIND,IFB INDUSTRIES LTD,1268.3,1294.7,1256.3,1283.2,1266.8,23672
2026-09-10,IFCI,IFCI LTD,89.34,90.4,84.6,85.15,88.96,106219079
2026-09-10,IFGLEXPOR,IFGL REFRACTORIES LIMITED,215.7,219.05,211.0,212.54,214.65,56193
2026-09-10,IGARASHI,IGARASHI MOTORS INDIA LTD,412.1,415.45,406.0,408.3,410.3,39876
2026-09-10,IIFLCAPS,IIFL CAPITAL SERVICES LTD,337.6,340.0,337.05,337.3,338.05,337784
2026-09-10,IIFL,IIFL FINANCE LIMITED,609.8,616.5,601.25,607.65,605.15,2214842
2026-09-10,IKIO,IKIO TECHNOLOGIES LIMITED,220.4,235.0,220.4,231.73,219.94,2436372
2026-09-10,IVC,IL&FS INVESTMENT MANAGERS,9.95,10.06,9.48,9.68,9.97,1347693
2026-09-10,IMAGICAA,IMAGICAAWORLD ENT LTD,55.0,55.1,52.2,53.2,54.8,683962
2026-09-10,INCREDIBLE,INCREDIBLE INDUSTRIES LTD,32.0,32.48,30.51,30.98,32.17,9793
2026-09-10,IMPAL,IND MOTOR PART & ACC LTD,1145.0,1155.0,1124.0,1127.7,1128.7,3127
2026-09-10,INDSWFTLAB,IND SWIFT LABORATORIES LT,387.45,387.45,375.25,377.5,388.55,372420
2026-09-10,INDTERRAIN,IND TERRAIN FASHIONS LTD,29.9,29.9,28.51,28.68,29.34,15017
2026-09-10,INDBANK,INDBANK MERCH BANK,26.61,28.5,26.45,27.72,26.61,201918
2026-09-10,BAJAJINDEF,INDEF MANUFACTURING LTD,221.41,222.5,219.99,221.03,221.46,19297
2026-09-10,INDGN,INDEGENE LIMITED,586.0,589.95,575.15,577.35,586.35,258395
2026-09-10,INDNIPPON,INDIA NIPPON ELECT  LTD,1347.9,1564.0,1336.5,1369.0,1313.3,2823252
2026-09-10,IPL,INDIA PESTICIDES LIMITED,136.88,137.5,135.05,135.74,136.06,45366
2026-09-10,INDIASHLTR,INDIA SHELTER FIN CORP L,662.05,676.2,662.05,672.15,668.2,109631
2026-09-10,ITDC,INDIA TOUR. DEV. CO. LTD.,629.65,736.6,629.0,664.6,629.65,8077461
2026-09-10,IBULLSLTD,INDIABULLS LIMITED,25.0,25.46,24.29,24.9,25.05,37845470
2026-09-10,INDIAMART,INDIAMART INTERMESH LTD,1672.3,1683.2,1626.0,1637.7,1671.9,135778
2026-09-10,INDIANB,INDIAN BANK,859.5,869.85,850.6,856.5,856.65,1181088
2026-09-10,INDIANCARD,INDIAN CARD CLOTHING CO.,216.81,216.81,208.05,209.36,216.81,815
2026-09-10,IEX,INDIAN ENERGY EXC LTD,117.95,118.63,116.06,116.63,117.95,2469793
2026-09-10,INDIANHUME,INDIAN HUME PIPE CO. LTD.,377.3,380.75,365.4,367.0,379.55,77703
2026-09-10,IMFA,INDIAN METALS & FERRO,1302.0,1313.0,1275.0,1279.1,1301.2,78648
2026-09-10,IOC,INDIAN OIL CORP LTD,134.31,136.15,134.31,134.94,135.6,6629384
2026-09-10,IOB,INDIAN OVERSEAS BANK,33.0,33.24,32.77,32.86,32.98,1617716
2026-09-10,IRCTC,INDIAN RAIL TOUR CORP LTD,470.85,476.4,467.0,467.75,469.5,675989
2026-09-10,IRFC,INDIAN RAILWAY FIN CORP L,81.39,82.67,80.76,81.08,81.39,8521418
2026-09-10,IREDA,INDIAN RENEWABLE ENERGY,111.99,114.75,111.83,113.32,111.99,5082162
2026-09-10,IWP,INDIAN WOOD PRODUCTS CO L,34.49,34.99,34.0,34.27,34.49,2152
2026-09-10,INDIGOPNTS,INDIGO PAINTS LIMITED,1113.8,1118.6,1073.0,1077.8,1111.2,74559
2026-09-10,INDIQUBE,INDIQUBE SPACES LIMITED,205.67,209.9,201.2,205.56,204.34,29531
2026-09-10,INDOBORAX,INDO BORAX & CHEMICAL LTD,511.0,517.5,476.2,483.45,510.95,238232
2026-09-10,ICIL,INDO COUNT INDUSTRIES LTD,445.0,471.25,434.7,439.45,445.55,1682911
2026-09-10,INDOFARM,INDO FARM EQUIPMENT LTD,142.54,143.94,140.0,140.32,144.18,86499
2026-09-10,INDORAMA,INDO RAMA SYNTHETICS LTD,85.68,90.0,81.75,82.93,86.13,3197552
2026-09-10,INDOTECH,INDO TECH TRANSFORM LTD.,3610.0,3670.0,3600.0,3602.4,3657.9,7017
2026-09-10,INDOTHAI,INDO THAI SEC LTD,43.43,43.43,43.43,43.43,41.37,97714
2026-09-10,INDOUS,INDO US BIOTECH LTD,81.2,81.25,78.01,79.54,80.25,5668
2026-09-10,INDOMIM,INDO-MIM LIMITED,996.0,1028.5,996.0,1006.55,984.55,3303971
2026-09-10,NIPPOBATRY,INDO-NATIONAL LIMITED,325.0,325.0,320.0,322.45,323.0,1939
2026-09-10,INDOCO,INDOCO REMEDIES LTD.,234.94,269.9,229.0,254.25,231.18,6015331
2026-09-10,IGCL,INDOGULF CROPSCIENCES LTD,72.75,72.99,72.1,72.4,72.74,105778
2026-09-10,INDOKEM,INDOKEM LTD.,654.0,654.0,616.1,620.45,623.45,2599
2026-09-10,WAAREEINDO,INDOSOLAR LIMITED,261.0,262.95,257.5,258.25,261.1,59046
2026-09-10,INDOSTAR,INDOSTAR CAPITAL FIN LTD,247.7,250.0,245.3,246.89,247.49,90897
2026-09-10,INDOWIND,INDOWIND ENERGY LTD,9.1,9.19,9.0,9.08,9.02,157093
2026-09-10,IGL,INDRAPRASTHA GAS LTD,152.35,154.45,152.0,153.46,152.92,622240
2026-09-10,INDRAMEDCO,INDRAPRASTHA MEDICAL CORP,362.55,362.55,358.0,360.0,360.2,106996
2026-09-10,INDUSTOWER,INDUS TOWERS LIMITED,376.2,376.2,368.7,372.0,373.7,4491149
2026-09-10,INDUSINDBK,INDUSIND BANK LIMITED,1001.9,1002.7,986.7,993.3,1004.0,972483
2026-09-10,INDPRUD,INDUSTRIAL & PRU INV CO L,6270.0,6270.0,6200.0,6211.5,6164.5,58
2026-09-10,IITL,INDUSTRIAL INV TRUST LTD,149.29,155.3,145.51,147.23,147.09,109487
2026-09-10,NAUKRI,INFO EDGE (I) LTD,1266.9,1277.9,1246.9,1265.0,1267.0,981803
2026-09-10,INFOBEAN,INFOBEANS TECHNO. LTD.,155.0,157.43,154.5,155.2,155.56,144218
2026-09-10,INFOMEDIA,INFOMEDIA PRESS LIMITED,5.46,5.46,5.07,5.23,5.46,13607
2026-09-10,INFY,INFOSYS LIMITED,1039.6,1046.6,1027.3,1036.5,1035.0,8998529
2026-09-10,INGERRAND,INGERSOLL-RAND INDIA LTD,4693.0,4738.9,4570.1,4604.8,4693.5,20067
2026-09-10,INNOVACAP,INNOVA CAPTAB LIMITED,1188.7,1192.7,1165.0,1167.4,1188.7,32787
2026-09-10,INNOVANA,INNOVANA THINKLABS LTD,300.0,315.7,299.4,309.3,303.2,92386
2026-09-10,INNOVISION,INNOVISION LIMITED,276.0,276.0,265.2,266.8,280.3,55275
2026-09-10,INOXGREEN,INOX GREEN ENERGY SER LTD,174.51,179.0,172.65,178.12,175.76,2617527
2026-09-10,INOXINDIA,INOX INDIA LIMITED,2192.1,2339.5,2192.1,2295.8,2185.5,853734
2026-09-10,INOXWIND,INOX WIND LIMITED,77.39,77.85,75.81,76.02,77.39,9773988
2026-09-10,INSECTICID,INSECTICIDES (I) LTD,623.6,630.4,610.0,612.5,623.6,11623
2026-09-10,INA,INSOLATION ENERGY LIMITED,90.6,94.89,90.6,93.0,90.72,605182
2026-09-10,INSPIRISYS,INSPIRISYS SOLUTIONS LTD,89.9,91.9,85.5,86.25,88.68,3886
2026-09-10,ESSENTIA,INTEGRA ESSENTIA LIMITED,1.07,1.09,1.06,1.06,1.06,1170605
2026-09-10,INTELLECT,INTELLECT DESIGN ARENA,685.9,693.6,680.5,685.05,684.9,188883
2026-09-10,INTENTECH,INTENSE TECHNOLOGIES LTD,78.5,81.85,78.5,79.12,78.96,16617
2026-09-10,INTERARCH,INTERARCH BLDNG SOLTN LTD,1772.4,1772.5,1722.0,1729.4,1761.0,27908
2026-09-10,INDIGO,INTERGLOBE AVIATION LTD,4964.5,4966.0,4877.0,4945.0,4975.0,813491
2026-09-10,INTLCONV,INTL CONVEYORS LIMITED,77.96,78.69,76.71,77.16,76.96,28120
2026-09-10,IGIL,INTL GEMOLOGICAL INST LTD,312.0,317.0,310.3,311.2,311.5,433610
2026-09-10,ISFT,INTRASOFT TECH. LTD,82.76,84.37,80.7,81.17,82.55,135437
2026-09-10,INVENTURE,INVENTURE GRO & SEC LTD,0.91,0.92,0.91,0.91,0.91,605206
2026-09-10,IKS,INVENTURUS KNOWLEDGE SO L,1782.0,1802.2,1770.7,1783.7,1792.1,76060
2026-09-10,IVZINGOLD,INVESCO INDIA GOLD ETF,133.5,133.65,132.5,133.25,132.35,30437
2026-09-10,IVZINNIFTY,INVESCO INDIA NIFTY ETF,276.66,276.66,268.52,269.07,269.92,479
2026-09-10,IOLCP,IOL CHEM AND PHARMA LTD,209.0,215.5,208.07,211.43,209.29,3234389
2026-09-10,IONEXCHANG,ION EXCHANGE (INDIA) LTD,435.0,448.65,433.55,435.45,437.45,480368
2026-09-10,IPRINGLTD,IP RINGS LTD.,154.15,159.0,145.0,147.85,153.39,5036
2026-09-10,IPCALAB,IPCA LABORATORIES LTD,1954.6,1979.9,1953.1,1970.9,1963.6,209376
2026-09-10,IRB,IRB INFRA DEV LTD.,19.9,20.6,19.28,19.91,19.07,78742444
2026-09-10,IRCON,IRCON INTERNATIONAL LTD,115.14,118.87,115.0,115.21,115.08,1891140
2026-09-10,IRISDOREME,IRIS CLOTHINGS LIMITED,61.36,63.8,60.7,62.29,61.3,1407913
2026-09-10,IRIS,IRIS REGTECH SOLUTION LTD,252.23,256.0,248.37,249.08,253.91,8537
2026-09-10,IRMENERGY,IRM ENERGY LIMITED,280.5,286.7,278.8,281.25,282.85,71084
2026-09-10,ISGEC,ISGEC HEAVY ENG LTD,784.55,830.0,783.0,810.15,784.55,160580
2026-09-10,ISHANCH,ISHAN DYES N CHEMICALS L,44.5,46.46,44.23,44.82,44.82,17305
2026-09-10,ITCHOTELS,ITC HOTELS LIMITED,155.6,156.68,153.88,154.13,155.31,1213995
2026-09-10,ITC,ITC LTD,261.0,263.9,259.1,259.3,260.8,17541602
2026-09-10,ITI,ITI LTD,267.45,269.55,263.0,263.5,267.45,171410
2026-09-10,ITL,ITL INDUSTRIES LTD.,364.1,372.95,362.05,368.3,364.1,2083
2026-09-10,IVALUE,IVALUE INFOSOLUTIONS LTD,237.29,237.29,226.0,226.62,233.71,83324
2026-09-10,IZMO,IZMO LIMITED,910.5,923.3,895.0,900.2,912.3,80261
2026-09-10,J&KBANK,J & K BANK LTD.,145.19,147.29,144.76,145.77,145.81,1192519
2026-09-10,JGCHEM,J.G.CHEMICALS LIMITED,625.0,629.0,585.7,595.0,619.5,463039
2026-09-10,JAGRAN,JAGRAN PRAKASHAN LIMITED,62.3,62.75,61.36,62.01,62.35,268360
2026-09-10,JAGSNPHARM,JAGSONPAL PHARMACEUTICALS,235.39,239.17,231.11,232.99,235.39,47327
2026-09-10,JAIBALAJI,JAI BALAJI INDUSTRIES LTD,68.0,68.87,67.25,67.53,68.7,491607
2026-09-10,JAICORPLTD,JAI CORP LIMITED,97.55,98.45,96.32,96.84,97.5,249253
2026-09-10,JISLDVREQS,JAIN DVR EQUITY SHARES,21.3,21.86,20.83,20.84,21.54,6608
2026-09-10,JISLJALEQS,JAIN IRRIGATION SYSTEMS,30.5,30.84,29.83,30.02,30.51,1433440
2026-09-10,JAINREC,JAIN RESOURCE RECYCLING L,296.0,298.5,290.05,291.45,295.85,516476
2026-09-10,JPPOWER,JAIPRAKASH POWER VEN. LTD,16.41,16.59,16.16,16.23,16.4,29091889
2026-09-10,JAMNAAUTO,JAMNA AUTO IND LTD,128.7,133.96,127.8,131.86,128.93,3397638
2026-09-10,JSFB,JANA SMALL FIN BANK LTD,525.0,534.4,508.6,514.75,533.95,348693
2026-09-10,JARO,JARO INS OF TEC MG N RE L,437.95,467.0,433.0,456.25,437.95,185812
2026-09-10,JASH,JASH ENGINEERING LIMITED,518.75,527.9,512.05,521.45,518.75,189537
2026-09-10,JAYBARMARU,JAY BHARAT MARUTI LTD,117.0,121.95,115.7,117.53,117.28,464405
2026-09-10,JAYAGROGN,JAYANT AGRO ORGANICS LTD,259.0,265.0,253.0,258.18,256.9,75360
2026-09-10,JAYNECOIND,JAYASWAL NECO INDUSTR LTD,91.5,92.54,89.84,91.29,91.36,2838428
2026-09-10,JAYKAY,JAYKAY ENTERPRISES LTD,169.0,170.69,162.72,165.09,168.94,235338
2026-09-10,JAYSREETEA,JAYSHREE TEA & INDUSTRIES,95.69,97.42,93.2,95.08,94.88,67073
2026-09-10,JBMA,JBM AUTO LIMITED,610.2,617.3,602.35,604.25,614.25,219691
2026-09-10,JSLL,JEENA SIKHO LIFECARE LTD,506.2,535.15,505.4,518.3,506.2,993037
2026-09-10,JENBURPH,JENBURKT PHARMACEUTICAL L,1026.6,1047.0,1000.0,1026.8,1023.7,3349
2026-09-10,JETFREIGHT,JET FREIGHT LOGISTICS LTD,20.35,20.59,20.03,20.2,20.11,52709
2026-09-10,JHS,JHS SVEND. LAB. LTD,7.91,8.35,7.9,8.03,8.11,36289
2026-09-10,RETAIL,JHS SVENDGAARD RETAIL V L,16.85,17.57,16.3,16.6,17.24,6568
2026-09-10,JPOLYINVST,JIND POL INV & FIN CO LTD,992.3,1000.5,986.1,996.7,994.05,2795
2026-09-10,JINDRILL,JINDAL DRILLING IND. LTD,674.95,704.4,646.15,654.2,673.75,777024
2026-09-10,JINDALPHOT,JINDAL PHOTO LIMITED,1029.3,1029.3,1001.0,1001.6,1019.2,1501
2026-09-10,JINDALPOLY,JINDAL POLY FILMS LIMITED,675.7,689.75,675.05,677.3,675.7,6824
2026-09-10,JINDALSAW,JINDAL SAW LIMITED,314.0,320.0,308.6,317.5,311.7,3368101
2026-09-10,JSL,JINDAL STAINLESS LIMITED,785.0,790.5,760.1,762.15,783.3,960367
2026-09-10,JINDALSTEL,JINDAL STEEL LIMITED,1149.7,1151.7,1131.0,1137.0,1146.5,554299
2026-09-10,JINDWORLD,JINDAL WORLDWIDE LTD,57.09,57.49,55.0,55.64,55.44,21274518
2026-09-10,JKIPL,JINKUSHAL INDUSTRIES LTD,93.65,93.96,90.35,91.6,93.63,27294
2026-09-10,JIOFIN,JIO FIN SERVICES LTD,230.82,232.27,229.1,230.25,231.0,8980169
2026-09-10,NIFTYJBLK,JIOBLACKROCKAMC-NIFTYJBLK,11.74,12.11,11.74,12.0,12.05,68602
2026-09-10,JITFINFRA,JITF INFRALOGISTICS LTD,304.85,310.0,297.55,300.95,304.95,38698
2026-09-10,JKCEMENT,JK CEMENT LIMITED,4991.5,5004.5,4887.0,4915.5,4990.5,37586
2026-09-10,JKLAKSHMI,JK LAKSHMI CEMENT LTD,499.2,507.7,497.0,505.9,499.2,89497
2026-09-10,JKPAPER,JK PAPER LIMITED,408.25,422.9,406.05,415.15,408.85,748718
2026-09-10,JKTYRE,JK TYRE & INDUSTRIES LTD,358.7,359.0,355.6,357.65,356.25,361289
2026-09-10,JKIL,JKUMAR INFR.LTD.,483.3,489.9,481.1,483.4,483.55,23678
2026-09-10,JMFINANCIL,JM FINANCIAL LIMITED,126.9,128.8,126.5,127.24,126.73,1485582
2026-09-10,JNKINDIA,JNK INDIA LIMITED,433.05,438.2,420.2,428.85,430.85,92881
2026-09-10,JOCIL,JOCIL LIMITED,155.0,156.0,148.0,149.87,152.29,5247
2026-09-10,COCKERILL,JOHN COCKERILL INDIA LTD.,8198.5,8264.5,7980.0,8009.0,8140.0,3961
2026-09-10,JSWCEMENT,JSW CEMENT LIMITED,120.5,121.32,120.35,120.77,120.7,681977
2026-09-10,JSWDULUX,JSW DULUX LIMITED,3179.2,3199.7,3161.6,3179.7,3179.2,6736
2026-09-10,JSWENERGY,JSW ENERGY LIMITED,529.9,534.05,527.5,530.45,534.8,973912
2026-09-10,JSWHL,JSW HOLDINGS LIMITED,11418.0,11567.0,11311.0,11444.0,11344.0,4370
2026-09-10,JSWINFRA,JSW INFRASTRUCTURE LTD,341.95,345.0,339.3,342.45,341.4,2842351
2026-09-10,JSWSTEEL,JSW STEEL LIMITED,1301.0,1311.3,1292.7,1304.0,1310.0,1102536
2026-09-10,JTEKTINDIA,JTEKT INDIA LIMITED,121.8,121.8,119.5,119.93,121.26,172948
2026-09-10,JTLIND,JTL INDUSTRIES LIMITED,87.8,91.36,87.17,89.6,87.8,4005608
2026-09-10,JUBLCPL,JUBILANT AGRI N CON PRO L,2204.7,2211.7,2093.0,2101.0,2191.1,11340
2026-09-10,JUBLFOOD,JUBILANT FOODWORKS LTD,474.95,480.9,467.95,473.8,475.95,962855
2026-09-10,JUBLINGREA,JUBILANT INGREVIA LIMITED,674.9,680.6,665.0,666.6,672.75,101717
2026-09-10,JUBLPHARMA,JUBILANT PHARMOVA LTD,1015.0,1027.15,1007.9,1025.65,1019.0,173412
2026-09-10,JMA,JULLUNDUR MOT AGENCY LTD,94.5,97.9,94.5,95.51,97.14,16704
2026-09-10,JNPR,JUNIPER GREEN ENERGY LTD,263.0,263.0,257.3,259.05,260.5,177801
2026-09-10,JUNIPER,JUNIPER HOTELS LIMITED,210.01,233.99,210.01,227.39,213.41,1039859
2026-09-10,JLHL,JUPITER LIFE LINE HOSP L,282.0,284.55,279.0,281.0,282.0,23187
2026-09-10,JWL,JUPITER WAGONS LIMITED,242.5,247.9,240.25,241.56,241.01,990155
2026-09-10,JUSTDIAL,JUSTDIAL LTD.,678.45,684.45,658.05,668.75,678.45,225131
2026-09-10,JYOTHYLAB,JYOTHY LABS LIMITED,195.11,196.27,193.5,195.65,195.1,488496
2026-09-10,JYOTICNC,JYOTI CNC AUTOMATION LTD,1002.0,1018.0,996.6,1003.9,1009.05,356066
2026-09-10,JYOTIRES,JYOTI RESINS & ADHESIVE L,865.45,889.7,857.0,875.9,865.45,5330
2026-09-10,JYOTISTRUC,JYOTI STRUCTURES LTD,10.15,10.23,9.93,9.98,10.08,3647204
2026-09-10,KJMCFIN,K J M C FINANCIAL SERV L,62.0,63.95,60.22,61.58,62.64,1795
2026-09-10,KMCSHIL,K M C SPECIALITY HOSP I L,139.15,139.99,136.5,137.45,138.25,85875
2026-09-10,KMSUGAR,K M SUGAR MILLS LTD,29.7,30.47,29.7,30.1,29.67,106327
2026-09-10,KPEL,K.P. ENERGY LIMITED,235.8,235.8,223.0,224.13,232.83,438999
2026-09-10,KABRAEXTRU,KABRA EXTRUSION TECHNIK L,659.9,717.0,655.0,707.55,662.95,773333
2026-09-10,KAJARIACER,KAJARIA CERAMICS LTD,1239.2,1254.2,1224.5,1243.9,1239.2,70866
2026-09-10,KAKATCEM,KAKATIYA CEM SUGAR &IND L,111.9,114.79,108.01,109.42,110.97,5438
2026-09-10,KALPATARU,KALPATARU LIMITED,266.5,269.8,266.0,267.4,266.35,19849
2026-09-10,KPIL,KALPATARU PROJECT INT LTD,1402.0,1439.0,1402.0,1432.0,1408.5,138417
2026-09-10,KALYANKJIL,KALYAN JEWELLERS IND LTD,609.0,620.35,603.5,615.2,607.6,6066311
2026-09-10,KICL,KALYANI INVEST CO LTD,5122.0,5144.0,5010.0,5083.5,5021.5,1083
2026-09-10,KSL,KALYANI STEELS LIMITED,906.0,992.6,906.0,968.2,910.4,661316
2026-09-10,KAMAHOLD,KAMA HOLDINGS LTD.,2313.1,2344.9,2280.0,2285.0,2297.5,5128
2026-09-10,KAMANWALA,KAMANWALA HOUSING CONST L,16.36,17.25,15.6,17.02,16.0,10112
2026-09-10,KAMATHOTEL,KAMAT HOTELS (I) LTD,225.9,228.4,220.2,224.68,226.46,79870
2026-09-10,KAMOPAINTS,KAMDHENU VENTURES LIMITED,4.54,4.54,4.16,4.29,4.49,445052
2026-09-10,KANANIIND,KANANI INDUSTRIES LTD,1.53,1.53,1.5,1.51,1.5,113593
2026-09-10,KANCHI,KANCHI KARPOORAM LTD.,396.2,409.0,391.3,403.75,405.5,4127
2026-09-10,KANCOTEA,KANCO TEA & INDS. LTD.,55.89,55.94,52.29,52.29,55.95,860
2026-09-10,KANPRPLA,KANPUR PLASTIPACK LIMITED,251.2,254.2,248.0,251.7,251.4,10832
2026-09-10,KANSAINER,KANSAI NEROLAC PAINTS LTD,190.0,192.4,189.71,191.11,191.2,109221
2026-09-10,KAPSTON,KAPSTON SERVICES LIMITED,568.0,589.9,563.0,584.95,564.3,77377
2026-09-10,KARMAENG,KARMA ENERGY LIMITED,37.82,40.98,37.25,37.88,37.82,69650
2026-09-10,KTKBANK,KARNATAKA BANK LIMITED,331.25,336.05,329.6,332.55,331.25,1448556
2026-09-10,KARURVYSYA,KARUR VYSYA BANK LTD,337.25,340.0,334.5,335.3,340.6,979196
2026-09-10,KSCL,KAVERI SEED CO. LTD.,720.0,729.25,712.0,718.05,722.05,49514
2026-09-10,KAVDEFENCE,KAVVERI DFS & WIR TEC LTD,63.0,75.82,61.0,74.77,63.19,2362626
2026-09-10,KAYNES,KAYNES TECHNOLOGY IND LTD,3612.0,3632.5,3480.0,3499.0,3615.0,848357
2026-09-10,KCP,KCP LTD,162.02,163.25,161.11,162.21,161.91,59944
2026-09-10,KDGREEN,KD GREEN INDUSTRIES LTD,50.2,51.75,48.65,50.14,50.01,95699
2026-09-10,KDDL,KDDL LIMITED,3905.5,3960.0,3876.0,3891.4,3912.2,16584
2026-09-10,KEC,KEC INTL. LIMITED,393.85,415.95,393.85,413.45,393.2,2448087
2026-09-10,KEI,KEI INDUSTRIES LTD.,4679.5,4686.0,4580.0,4640.0,4669.5,999943
2026-09-10,KELLTONTEC,KELLTON TECH SOL LTD,13.6,13.75,13.45,13.51,13.65,1023316
2026-09-10,KENNAMET,KENNAMETAL INDIA LIMITED,4747.0,5136.0,4645.0,5027.9,4746.7,72699
2026-09-10,KERNEX,KERNEX MICROSYS(I) LTD,1727.7,1794.4,1690.1,1709.5,1716.2,189892
2026-09-10,KKCL,KEWAL KIRAN CLOTHING LTD,513.55,518.9,500.0,501.7,513.55,27395
2026-09-10,KEYFINSERV,KEYNOTE FIN SERV LTD.,250.0,250.0,242.2,242.95,247.4,597
2026-09-10,RUSTOMJEE,KEYSTONE REALTORS LIMITED,352.35,353.4,350.0,350.5,352.35,18773
2026-09-10,KFINTECH,KFIN TECHNOLOGIES LIMITED,908.0,911.8,897.0,899.0,908.0,312327
2026-09-10,KHAITANLTD,KHAITAN (INDIA)LTD.,162.01,166.0,158.0,159.12,162.87,4363
2026-09-10,KHAICHEM,KHAITAN CHEM & FERT LTD,52.56,53.58,52.48,52.68,52.97,63268
2026-09-10,KHANDSE,KHANDWALA SECURITIES LTD,18.01,18.38,16.7,16.97,17.7,14089
2026-09-10,KLBRENG-B,KILBURN ENGINEERING LTD.,465.05,490.45,465.05,477.4,466.4,381171
2026-09-10,KINGFA,KINGFA SCI & TEC IND LTD.,6201.0,6347.0,6127.0,6227.5,6157.5,56247
2026-09-10,KIOCL,KIOCL LIMITED,373.25,381.0,365.0,367.9,373.75,80371
2026-09-10,KIRANVYPAR,KIRAN VYAPAR LTD.,210.0,212.0,205.06,206.99,204.87,8867
2026-09-10,KIRIINDUS,KIRI INDUSTRIES LIMITED,548.55,556.4,520.55,523.1,550.75,1189208
2026-09-10,KIRLOSBROS,KIRLOSKAR BROTHERS LTD,1836.8,1858.2,1811.0,1818.3,1850.2,25548
2026-09-10,KECL,KIRLOSKAR ELECTRIC CO LTD,121.0,128.3,120.51,126.36,122.64,126560
2026-09-10,KIRLFER,KIRLOSKAR FERROUS IND LTD,470.85,472.45,463.3,466.1,467.25,75301
2026-09-10,KIRLOSIND,KIRLOSKAR INDUSTRIES LTD,3628.3,3636.0,3550.8,3576.8,3634.1,2662
2026-09-10,KIRLOSENG,KIRLOSKAR OIL ENG LTD,2208.0,2250.6,2184.5,2209.0,2219.9,310849
2026-09-10,KIRLPNU,KIRLOSKAR PNEUMATIC COM L,718.8,735.35,718.0,719.7,724.85,127082
2026-09-10,KITEX,KITEX GARMENTS LTD,126.6,128.95,125.0,125.65,126.68,189187
2026-09-10,KNAGRI,KN AGRI RESOURCES LIMITED,198.21,199.9,194.0,195.02,198.21,11321
2026-09-10,KNACK,KNACK PACKAGING LIMITED,184.45,189.39,183.46,186.96,182.1,703290
2026-09-10,KMEW,KNOWLEDGE MARINE & EN W L,2963.8,2993.3,2886.6,2915.6,2964.0,51447
2026-09-10,KNRCON,KNR CONSTRU LTD.,122.95,127.7,122.17,123.68,122.9,2823405
2026-09-10,KOHINOOR,KOHINOOR FOODS LIMITED,31.05,31.19,29.75,30.17,30.87,154095
2026-09-10,KOKUYOCMLN,KOKUYO CAMLIN LIMITED,79.9,79.99,78.2,78.94,78.9,17115
2026-09-10,KOLTEPATIL,KOLTE PATIL DEV. LTD.,462.65,484.9,442.3,451.15,442.8,1110209
2026-09-10,KOPRAN,KOPRAN LTD,235.5,242.9,234.3,235.82,234.37,282347
2026-09-10,GOLD1,KOTAK GOLD ETF,127.9,128.12,127.22,127.4,126.95,3017812
2026-09-10,KOTAKBANK,KOTAK MAHINDRA BANK LTD,413.7,416.55,412.8,416.55,414.0,7755254
2026-09-10,NIFTY1,KOTAK NIFTY ETF,263.83,263.83,260.0,260.24,261.13,107738
2026-09-10,PSUBANK,KOTAK PSU BANK,83.97,85.01,83.76,84.03,83.96,69642
2026-09-10,CHEMICAL,KOTAKMAMC - CHEMICAL,30.87,30.87,30.01,30.1,30.12,247365
2026-09-10,ALPHA,KOTAKMAMC - KOTAKALPHA,54.22,54.49,54.05,54.27,54.22,538298
2026-09-10,CONS,KOTAKMAMC - KOTAKCONS,11.9,11.9,11.83,11.88,11.9,828806
2026-09-10,IT,KOTAKMAMC - KOTAKIT,32.55,32.55,31.95,32.06,32.13,363757
2026-09-10,LIQUID1,KOTAKMAMC - KOTAKLIQ,1121.86,1121.98,1121.86,1121.97,1121.84,510212
2026-09-10,LOWVOL1,KOTAKMAMC - KOTAKLOVOL,20.65,20.65,20.37,20.46,20.58,2789517
2026-09-10,MIDCAP,KOTAKMAMC - KOTAKMID50,18.41,18.41,18.3,18.32,18.41,279001
2026-09-10,MNC,KOTAKMAMC - KOTAKMNC,33.0,33.0,32.83,32.9,32.89,17281
2026-09-10,SILVER1,KOTAKMAMC - KOTAKSILVE,22.82,23.0,22.67,22.71,22.61,21027856
2026-09-10,NV20,KOTAKMAMC - KTKNV20ETF,13.68,13.68,13.54,13.57,13.62,101535
2026-09-10,MID150,KOTAKMAMC - MID150,23.4,23.43,23.13,23.14,23.4,93509
2026-09-10,MOMENTUM30,KOTAKMAMC - MOMENTUM30,31.15,31.15,30.84,30.9,31.15,21034
2026-09-10,MSCIINDIA,KOTAKMAMC - MSCIINDIA,29.36,29.38,29.23,29.29,29.31,6800
2026-09-10,NEXT50ETF,KOTAKMAMC - NEXT50ETF,73.89,73.89,73.0,73.21,73.89,9415
2026-09-10,NIFTY100EW,KOTAKMAMC - NIFTY100EW,35.0,35.0,34.59,34.6,35.0,54048
2026-09-10,PVTBANK,KOTAKMAMC - PVTBANK,27.3,27.43,27.3,27.35,27.4,18361
2026-09-10,QUALITY30,KOTAKMAMC - QUALITY30,20.28,20.34,20.15,20.22,20.34,3960
2026-09-10,BANKNIFTY1,KOTAKMAMC-KOTAKBKETF,58.31,58.81,58.31,58.46,58.66,281372
2026-09-10,KOTIC,KOTHARI INDUSTRIAL CORP L,136.9,159.97,136.1,151.21,135.54,804224
2026-09-10,KOTHARIPET,KOTHARI PETROCHEM LTD,147.42,148.58,142.51,143.21,148.9,80350
2026-09-10,KOTHARIPRO,KOTHARI PRODUCTS LTD,68.01,68.01,65.5,65.76,66.5,7310
2026-09-10,KOVAI,KOVAI MEDICAL CENTER & HO,6180.0,6444.0,6117.5,6292.0,6149.5,15697
2026-09-10,KPIGREEN,KPI GREEN ENERGY LIMITED,291.8,294.4,286.5,287.5,291.55,834609
2026-09-10,KPITTECH,KPIT TECHNOLOGIES LIMITED,554.5,559.5,548.75,550.95,553.1,1114138
2026-09-10,KPRMILL,KPR MILL LTD.,1133.3,1139.0,1120.0,1127.3,1140.3,186138
2026-09-10,KRBL,KRBL LIMITED,435.45,437.2,422.0,423.25,434.45,473016
2026-09-10,KREBSBIO,KREBS BIOCHEMICALS & IND,61.0,64.5,59.99,61.47,60.14,79985
2026-09-10,KRIDHANINF,KRIDHAN INFRA LIMITED,2.1,2.1,1.96,1.99,2.0,159781
2026-09-10,KRISHANA,KRISHANA PHOSCHEM LIMITED,182.8,184.99,179.8,183.5,181.93,617085
2026-09-10,KRISHIVAL,KRISHIVAL FOODS LIMITED,416.7,419.9,416.7,418.15,417.65,11235
2026-09-10,KRISHNADEF,KRISHNA DEF AND ALD IND L,1094.0,1099.7,1062.7,1070.0,1087.2,65190
2026-09-10,KIMS,KRISHNA INST OF MED SCI L,762.1,779.0,762.1,772.8,761.55,256634
2026-09-10,KRITI,KRITI INDUSTRIES IND LTD,60.6,63.47,60.6,62.9,60.95,4601
2026-09-10,KRITINUT,KRITI NUTRIENTS LIMITED,81.8,83.49,81.0,81.98,82.05,12535
2026-09-10,KRITIKA,KRITIKA WIRES LIMITED,5.4,5.47,5.33,5.37,5.37,87201
2026-09-10,KRN,KRN HEAT EXCHANGE N REF L,1597.3,1624.1,1579.4,1584.6,1597.3,88038
2026-09-10,KROSS,KROSS LIMITED,220.75,240.8,220.0,231.54,219.67,8960812
2026-09-10,KRSNAA,KRSNAA DIAGNOSTICS LTD,560.05,565.5,556.7,564.4,560.95,56292
2026-09-10,KRYSTAL,KRYSTAL INTEGRATED SER L,631.0,636.0,623.0,624.45,634.25,4591
2026-09-10,KSB,KSB LIMITED,808.95,808.95,797.05,804.2,806.7,88865
2026-09-10,KSE,KSE LTD.,177.85,180.0,177.69,178.69,177.85,13610
2026-09-10,KSHINTL,KSH INTERNATIONAL LIMITED,1157.5,1184.25,1142.05,1174.3,1152.05,187021
2026-09-10,KSHITIJPOL,KSHITIJ POLYLINE LIMITED,3.27,3.6,3.27,3.43,3.44,4029786
2026-09-10,KSOLVES,KSOLVES INDIA LIMITED,268.1,273.55,257.3,259.1,269.45,59528
2026-09-10,KSR,KSR FOOTWEAR LIMITED,39.19,41.14,39.0,40.93,39.19,116736
2026-09-10,KUANTUM,KUANTUM PAPERS LIMITED,75.62,77.65,75.0,75.49,75.61,87247
2026-09-10,KUSUMGAR,KUSUMGAR LIMITED,564.25,578.4,561.05,566.0,564.15,120072
2026-09-10,KPL,KWALITY PHARMACEUTICALS L,3619.9,3619.9,3464.0,3511.6,3577.0,18178
2026-09-10,KWIL,KWALITY WALL'S (INDIA) L,40.8,42.25,40.6,41.53,40.84,13096961
2026-09-10,LKPSEC,L K P SECURITIES LTD.,15.8,16.66,15.2,15.96,15.84,15839
2026-09-10,LTF,L&T FINANCE LIMITED,309.05,311.4,306.3,311.3,310.4,4503846
2026-09-10,LTTS,L&T TECHNOLOGY SER. LTD.,3364.0,3411.2,3352.5,3377.9,3364.0,47576
2026-09-10,LAOPALA,LA OPALA RG LIMITED,168.4,168.4,162.0,162.4,167.46,237695
2026-09-10,LADDERUP,LADDERUP FINANCE LTD.,54.9,61.93,53.0,61.93,51.61,9326
2026-09-10,LAGNAM,LAGNAM SPINTEX LIMITED,76.39,76.39,70.56,72.53,74.53,18623
2026-09-10,LAHOTIOV,LAHOTI OVERSEAS LTD.,41.38,42.8,37.64,41.14,41.37,32788
2026-09-10,LFIC,LAKSHMI FIN IND CORP LTD,153.0,153.0,144.0,145.32,152.52,6118
2026-09-10,LALITHAA,LALITHAA JEWELLERY MART L,341.0,343.9,329.0,337.6,334.45,6296249
2026-09-10,LAMBODHARA,LAMBODHARA TEXTILES LTD.,134.1,140.49,132.5,137.22,134.12,17199
2026-09-10,LANCER,LANCER CONTAINER LINES L,12.58,12.97,12.58,12.83,12.65,205672
2026-09-10,LANDMARK,LANDMARK CARS LIMITED,491.5,494.8,480.25,484.1,491.5,72927
2026-09-10,LPDC,LANDMARK PR.DEV.CO.LTD,6.1,6.43,6.1,6.14,6.38,31595
2026-09-10,LANDSMILL,LANDSMILL GREEN LIMITED,0.56,0.58,0.56,0.57,0.56,1722350
2026-09-10,LT,LARSEN & TOUBRO LTD.,3949.4,3965.5,3910.0,3955.0,3922.6,1376951
2026-09-10,LASERPOWER,LASER POWER & INFRA LTD,296.75,299.45,289.8,290.65,296.65,479560
2026-09-10,LATENTVIEW,LATENT VIEW ANALYTICS LTD,260.5,262.0,255.0,255.8,260.15,288214
2026-09-10,LATTEYS,LATTEYS INDUSTRIES LTD,21.61,21.95,21.2,21.53,21.52,20743
2026-09-10,LAURUSLABS,LAURUS LABS LIMITED,1932.6,1950.5,1920.9,1945.0,1937.0,1067622
2026-09-10,LAXMICOT,LAXMI COTSPIN LIMITED,13.4,13.69,13.07,13.18,13.16,2377
2026-09-10,LAXMIDENTL,LAXMI DENTAL LIMITED,202.0,205.0,199.75,202.56,201.14,94776
2026-09-10,LGHL,LAXMI GOLDORNA HOUSE LTD,170.0,198.01,168.66,189.49,172.23,52140
2026-09-10,LAXMIINDIA,LAXMI INDIA FINANCE LTD,132.91,134.87,126.35,127.88,132.05,377674
2026-09-10,LXCHEM,LAXMI ORGANIC INDUS LTD,177.5,179.0,170.0,170.63,178.56,1814676
2026-09-10,LCCINFOTEC,LCC INFOTECH LTD,3.64,3.68,3.19,3.19,3.54,328095
2026-09-10,LEMERITE,LE MERITE EXPORTS LIMITED,21.26,21.92,20.36,20.71,21.26,268746
2026-09-10,IXIGO,LE TRAVENUES TECHNOLOGY L,166.59,168.79,159.45,161.92,167.54,1880574
2026-09-10,LEAPIND,LEAP INDIA LIMITED,144.99,146.69,140.29,140.96,144.91,2862305
2026-09-10,THELEELA,LEELA PALACES HOTEL LTD,535.75,557.0,530.0,554.15,531.45,343941
2026-09-10,LEMONTREE,LEMON TREE HOTELS LTD,106.17,106.67,105.51,105.7,106.17,1099344
2026-09-10,LENSKART,LENSKART SOLUTIONS LTD,701.9,703.5,690.35,693.3,693.9,6256637
2026-09-10,LEXUS,LEXUS GRANITO (INDIA) LTD,13.37,13.8,13.3,13.45,13.35,4026
2026-09-10,LGBBROSLTD,LG BALAKRISHNAN & BROS,1721.9,1735.9,1711.0,1715.4,1729.7,9004
2026-09-10,LGEINDIA,LG ELECTRONICS INDIA LTD,1643.0,1654.1,1626.1,1650.0,1647.8,794840
2026-09-10,LIBAS,LIBAS CONSU PRODUCTS LTD,9.9,10.75,9.7,10.69,9.99,413944
2026-09-10,LIBERTSHOE,LIBERTY SHOES LTD,233.05,239.45,228.1,229.41,233.05,20773
2026-09-10,LICHSGFIN,LIC HOUSING FINANCE LTD,558.0,558.0,543.8,552.3,555.0,2842584
2026-09-10,LICMFGOLD,LIC MF - LIC GOLD ETF,137.25,138.15,137.0,137.2,136.9,67573
2026-09-10,LICNETFN50,LICNAMC - LICNFENGP,264.24,264.24,262.41,263.43,264.24,602
2026-09-10,LICNETFSEN,LICNAMC - LICNFESGP,847.64,848.51,844.02,844.02,849.25,11
2026-09-10,LICNFNHGP,LICNAMC - LICNFNHGP,270.86,271.05,270.33,270.35,274.86,134
2026-09-10,LICNETFGSC,LICNAMC - LICNMFET,29.37,29.45,29.31,29.37,29.37,20937
2026-09-10,LICNMID100,LICNAMC - LICNMID100,62.77,63.23,62.5,62.54,62.77,2961
2026-09-10,LICI,LIFE INSURA CORP OF INDIA,407.5,407.65,402.35,405.6,407.5,7670673
2026-09-10,LIKHITHA,LIKHITHA INFRASTRUC LTD,222.0,228.84,212.11,213.71,221.61,76883
2026-09-10,LINC,LINC LIMITED,97.49,98.75,95.0,97.3,98.1,12355
2026-09-10,LINCOLN,LINCOLN PHARMA LTD,641.6,647.05,631.0,634.4,637.5,27777
2026-09-10,LINDEINDIA,LINDE INDIA LIMITED,6352.5,6384.0,6180.5,6227.5,6352.5,13975
2026-09-10,LLOYDSENGG,LLOYDS ENGG WORK LIMITED,81.04,82.09,80.5,80.55,81.31,3477682
2026-09-10,LLOYDSENT,LLOYDS ENTERPRISES LTD,70.18,70.95,69.7,70.01,70.43,1005206
2026-09-10,LLOYDSME,LLOYDS METALS N ENERGY L,1805.5,1826.0,1805.0,1814.3,1807.6,191914
2026-09-10,LMW,LMW LIMITED,18150.0,18376.0,17451.0,17614.0,18032.0,7775
2026-09-10,LODHA,LODHA DEVELOPERS LIMITED,1163.9,1172.9,1140.0,1163.4,1166.0,2078548
2026-09-10,LCL,LOHIA CORP LIMITED,548.0,567.3,539.1,561.25,544.7,451525
2026-09-10,LOKESHMACH,LOKESH MACHINES LTD,358.6,359.9,345.0,347.25,356.85,31555
2026-09-10,LORDSCHLO,LORDS CHLORO ALKALI LTD,139.8,142.44,136.01,139.08,139.66,13339
2026-09-10,LAL,LORENZINI APPARELS LTD,9.37,9.37,8.8,8.89,9.1,46049
2026-09-10,LOTUSCHO,LOTUS CHOCOLATE CO. LTD.,590.6,605.0,590.0,597.1,587.7,1262
2026-09-10,LOTUSEYE,LOTUS EYE HOSP & INST L,110.89,113.39,110.0,111.62,110.96,16890
2026-09-10,LOVABLE,LOVABLE LINGERIE LTD,69.2,72.48,69.0,71.85,69.62,30146
2026-09-10,LOYALTEX,LOYAL TEXTILE MILLS LTD,216.88,217.96,210.1,217.6,215.81,61
2026-09-10,LTFOODS,LT FOODS LIMITED,453.0,454.05,440.1,441.5,453.55,337240
2026-09-10,LTM,LTM LIMITED,4377.5,4434.5,4306.6,4374.0,4412.0,402440
2026-09-10,LUMAXTECH,LUMAX AUTO TECH LTD,1996.1,1997.1,1926.9,1942.6,1990.6,83841
2026-09-10,LUMAXIND,LUMAX INDUSTRIES LTD,6230.0,6230.0,5766.0,5861.0,6214.0,76489
2026-09-10,LUMINO,LUMINO INDUSTRIES LIMITED,106.49,110.75,102.5,107.93,106.32,19091007
2026-09-10,LUPIN,LUPIN LIMITED,2090.0,2098.2,2060.3,2077.8,2100.0,624838
2026-09-10,LUXIND,LUX INDUSTRIES LIMITED,1122.6,1136.8,1105.1,1109.2,1122.6,8661
2026-09-10,MBEL,M AND B ENGINEERING LTD,263.1,268.7,257.1,259.35,265.15,146192
2026-09-10,MKEXIM,M K EXIM (INDIA) LTD.,66.1,66.1,63.25,65.73,64.88,7037
2026-09-10,MKPL,M K PROTEINS LIMITED,4.03,4.06,4.0,4.01,4.03,79304
2026-09-10,MCL,M TEK COPPER LIMITED,60.6,61.41,58.86,59.86,58.95,59426
2026-09-10,M&MFIN,M&M FIN. SERVICES LTD,362.5,365.0,356.5,359.25,363.75,2598186
2026-09-10,MAANALU,MAAN ALUMINIUM LIMITED,112.98,113.01,109.82,110.79,111.27,92719
2026-09-10,MCCHRLS-B,MAC CHARLES (INDIA) LTD.,683.5,683.5,679.0,679.0,683.5,5086
2026-09-10,MACPOWER,MACPOWER CNC MACHINES LTD,1864.0,1889.7,1860.0,1870.4,1863.8,15621
2026-09-10,MADHAVIPL,MADHAV INFRA PROJECTS L,8.17,8.17,7.89,7.92,7.96,87558
2026-09-10,MADHAV,MADHAV MARBLE & GRANITE,35.89,37.7,35.1,36.89,34.82,27934
2026-09-10,MBAPL,MADHYA BHARAT AGRO P. LTD,162.14,162.54,158.74,161.2,162.03,812278
2026-09-10,MADRASFERT,MADRAS FERTILISERS LTD,63.34,63.79,62.3,62.6,63.03,54809
2026-09-10,MAFATIND,MAFATLAL INDUSTRIES LTD.,120.3,124.19,120.02,122.85,121.6,37271
2026-09-10,MAGADSUGAR,MAGADH SUGAR & ENERGY LTD,562.2,569.0,551.0,554.65,562.2,15235
2026-09-10,MCLOUD,MAGELLANIC CLOUD LIMITED,25.81,26.16,25.8,25.99,25.94,1096841
2026-09-10,MAGNUM,MAGNUM VENTURES LTD.,19.2,20.24,18.55,19.1,18.99,63106
2026-09-10,MAHAPEXLTD,MAHA RASHTRA APEX COPR. L,52.21,57.5,51.56,56.23,52.53,79709
2026-09-10,MFML,MAHALAXMI FABRIC MILLS LT,19.45,19.9,18.3,18.94,18.38,12083
2026-09-10,MGL,MAHANAGAR GAS LTD.,1081.5,1107.0,1081.5,1100.8,1084.3,198415
2026-09-10,MTNL,MAHANAGAR TELEPHONE NIGAM,25.21,25.49,25.04,25.1,25.21,458177
2026-09-10,MAHSCOOTER,MAHARASHTRA SCOOTERS LTD,13399.0,13399.0,13050.0,13098.0,13270.0,4084
2026-09-10,MAHSEAMLES,MAHARASHTRA SEAMLESS LTD,676.2,724.0,673.6,718.95,676.2,1256187
2026-09-10,M&M,MAHINDRA & MAHINDRA LTD,3141.7,3146.9,3097.7,3123.8,3150.0,2140618
2026-09-10,MAHEPC,MAHINDRA EPC IRRIG LTD,102.14,103.73,102.01,102.65,102.14,22418
2026-09-10,MHRIL,MAHINDRA HOLIDAYS LTD,199.99,200.63,193.0,196.57,199.36,313310
2026-09-10,MAHLIFE,MAHINDRA LIFESPACE DEVLTD,366.15,370.0,358.1,359.65,370.1,68036
2026-09-10,MAHLOG,MAHINDRA LOGISTIC LIMITED,403.45,404.3,396.9,400.1,401.75,75748
2026-09-10,MAITHANALL,MAITHAN ALLOYS LTD,1087.0,1094.55,1050.0,1055.6,1077.0,80381
2026-09-10,MAKERSL,MAKERS LABORATORIES LTD.,188.45,191.0,176.98,177.97,184.89,8848
2026-09-10,MALLCOM,MALLCOM (INDIA) LIMITED,973.55,999.0,972.0,976.3,977.85,1439
2026-09-10,MALUPAPER,MALU PAPER MILLS LIMITED,34.81,35.95,33.2,34.39,34.81,53157
2026-09-10,MAMATA,MAMATA MACHINERY LIMITED,419.0,419.65,407.1,409.45,419.4,36419
2026-09-10,MANAKCOAT,MAN COAT METAL & IND LTD,126.87,133.28,123.3,124.37,126.42,2551453
2026-09-10,MANINDS,MAN INDUSTRIES (I) LTD.,781.0,944.0,772.65,876.45,792.55,8839846
2026-09-10,MANINFRA,MAN INFRA LTD,129.1,129.65,127.42,128.66,128.72,1843204
2026-09-10,MANAKALUCO,MANAK ALUMINIUM CO. LTD.,38.98,39.39,37.37,37.69,38.74,60432
2026-09-10,MANAKSIA,MANAKSIA LTD.,67.2,73.1,66.85,70.51,66.21,553126
2026-09-10,MANALIPETC,MANALI PETROCHEMICALS LT,87.5,89.55,85.72,86.27,87.15,1530559
2026-09-10,MANAPPURAM,MANAPPURAM FINANCE LTD,319.4,335.1,318.25,330.8,320.0,6953151
2026-09-10,MANBA,MANBA FINANCE LIMITED,129.14,134.0,129.14,131.48,130.16,66636
2026-09-10,MANCREDIT,MANGAL CREDIT N FINCORP L,221.72,222.19,216.5,218.58,220.19,155276
2026-09-10,MEIL,MANGAL ELECTRICAL IND L,285.3,285.45,278.45,280.2,283.45,23529
2026-09-10,MANGLMCEM,MANGALAM CEMENT LTD,1034.6,1057.0,1005.5,1026.7,1049.6,77092
2026-09-10,MANGALAM,MANGALAM DRUG & CHEM LTD,31.99,34.88,31.71,34.88,31.71,284790
2026-09-10,MGEL,MANGALAM GLOBAL ENT LTD,16.6,16.6,15.54,16.03,15.84,1085311
2026-09-10,MANORG,MANGALAM ORGANICS LIMITED,486.55,492.3,457.0,458.8,480.7,15595
2026-09-10,MSL,MANGALAM SEEDS LTD.,150.96,154.9,147.98,149.0,148.0,1412
2026-09-10,MWL,MANGALAM WORLDWIDE LTD,38.01,43.93,37.43,39.56,37.76,18773791
2026-09-10,MANIPALHOS,MANIPAL HEALTH ENTERPRI L,735.15,750.0,728.1,733.25,729.95,1384611
2026-09-10,MANKIND,MANKIND PHARMA LIMITED,2260.0,2276.5,2235.1,2238.4,2265.0,180515
2026-09-10,MVGJL,MANOJ VAIBHAV GEM N JEW L,215.5,222.0,208.0,208.78,214.64,258423
2026-09-10,MANOMAY,MANOMAY TEX INDIA LTD,233.2,235.59,230.0,234.86,229.73,143102
2026-09-10,MANORAMA,MANORAMA INDUSTRIES LTD,2088.0,2137.0,2078.8,2085.0,2093.3,216714
2026-09-10,MARALOVER,MARAL OVERSEAS LTD,64.99,65.0,61.25,62.65,64.79,19059
2026-09-10,MARATHON,MARATHON NXTGEN REALT LTD,439.9,443.95,431.6,438.5,436.9,113729
2026-09-10,MARICO,MARICO LIMITED,813.9,813.9,799.55,803.0,813.9,2060230
2026-09-10,MARINE,MARINE ELECTRICAL (I) LTD,422.5,427.65,403.0,408.85,421.05,475404
2026-09-10,MARKOLINES,MARKOLINES PAVEMENT TEC L,174.6,174.6,170.61,171.42,173.48,150146
2026-09-10,MARKSANS,MARKSANS PHARMA LIMITED,329.0,334.55,323.8,330.4,330.15,1295256
2026-09-10,MARSONS,MARSONS LIMITED,135.19,141.76,125.01,125.38,135.08,6404815
2026-09-10,MARUTI,MARUTI SUZUKI INDIA LTD.,12679.0,12693.0,12517.0,12590.0,12618.0,338613
2026-09-10,MASFIN,MAS FINANCIAL SERV LTD,290.0,295.9,287.3,294.45,288.9,137458
2026-09-10,MASKINVEST,MASK INVESTMENTS LIMITED,160.0,160.0,146.5,148.62,153.29,47
2026-09-10,MASTEK,MASTEK LTD,1605.8,1635.0,1603.1,1610.0,1623.5,76128
2026-09-10,MASTERTR,MASTER TRUST LIMITED,92.73,94.05,90.81,92.35,93.07,627564
2026-09-10,MATRIMONY,MATRIMONY.COM LIMITED,514.0,514.95,508.6,510.6,515.75,7124
2026-09-10,MAWANASUG,MAWANA SUGARS LIMITED,140.0,142.09,135.13,135.7,139.79,199436
2026-09-10,MAXESTATES,MAX ESTATES LIMITED,549.85,562.65,537.55,559.75,546.1,122478
2026-09-10,MFSL,MAX FINANCIAL SERV LTD,1465.8,1483.7,1452.0,1479.9,1468.5,258122
2026-09-10,MAXHEALTH,MAX HEALTHCARE INS LTD,1040.1,1040.2,1029.3,1038.6,1037.5,2579310
2026-09-10,MAXIND,MAX INDIA LIMITED,148.55,150.0,147.03,147.42,148.65,45761
2026-09-10,MAYURUNIQ,MAYUR UNIQUOTERS LTD,743.3,765.9,735.25,756.55,735.95,128849
2026-09-10,MAZDOCK,MAZAGON DOCK SHIPBUIL LTD,2408.8,2417.2,2374.0,2383.2,2408.8,395925
2026-09-10,MBLINFRA,MBL INFRASTRUCTURE LTD,23.16,24.16,22.82,23.13,23.27,13590
2026-09-10,MCLEODRUSS,MCLEOD RUSSEL INDIA LTD.,44.36,45.04,43.74,44.05,44.54,176730
2026-09-10,MEDIASSIST,MEDI ASSIST HEALTH SER L,327.05,330.9,319.6,323.05,328.65,112697
2026-09-10,MEDICAPQ,MEDI CAPS LTD.,32.79,36.8,29.96,35.22,30.74,493535
2026-09-10,MMWL,MEDIA MATRIX WORLDWIDE L,13.83,14.2,13.45,13.87,13.83,28053
2026-09-10,MEDICAMEQ,MEDICAMEN BIOTECH LIMITED,317.35,326.85,301.35,307.5,312.9,204862
2026-09-10,MEDICO,MEDICO REMEDIES LIMITED,35.5,36.49,34.92,35.42,35.44,378559
2026-09-10,MEDPLUS,MEDPLUS HEALTH SERV LTD,669.95,669.95,655.0,658.05,669.95,61424
2026-09-10,MEESHO,MEESHO LIMITED,216.0,220.72,212.51,217.91,216.7,15406554
2026-09-10,MEGASTAR,MEGASTAR FOODS LIMITED,286.0,290.0,279.9,284.95,285.1,910
2026-09-10,MOL,MEGHMANI ORGANICS LIMITED,63.5,64.91,62.2,62.55,63.54,607889
2026-09-10,MIIL,MEGHNA INFRACON INFRA L,692.9,717.45,678.2,687.2,688.4,66187
2026-09-10,MERCANTILE,MERCANTILE VENTURES LTD.,24.12,24.94,23.27,24.03,24.12,8086
2026-09-10,MERCURYEV,MERCURY EV-TECH LIMITED,38.44,41.61,37.73,41.61,37.83,3794734
2026-09-10,METROBRAND,METRO BRANDS LIMITED,959.0,959.0,936.0,952.1,959.0,27109
2026-09-10,METROGLOBL,METROGLOBAL LTD.,143.0,143.0,137.01,140.97,142.31,1446
2026-09-10,METROPOLIS,METROPOLIS HEALTHCARE LTD,605.15,607.5,590.6,595.65,602.1,291883
2026-09-10,MIDWESTLTD,MIDWEST LIMITED,1060.6,1076.8,1043.3,1065.5,1059.1,77450
2026-09-10,MLKFOOD,MILKFOOD LTD.,86.9,86.9,81.0,83.42,84.97,7365
2026-09-10,MILKYMIST,MILKY MIST DAIRY FOOD L,267.0,278.83,265.32,278.83,265.56,8013334
2026-09-10,MINDACORP,MINDA CORPORATION LTD,704.9,709.5,697.5,703.1,700.8,74618
2026-09-10,MINDTECK,MINDTECK (INDIA) LIMITED,166.9,167.06,159.0,160.0,162.68,45843
2026-09-10,ALPHAETF,MIRAEAMC - ALPHAETF,27.14,27.14,26.56,26.57,26.84,227031
2026-09-10,BANKETF,MIRAEAMC - BANKETF,576.26,577.5,574.0,575.23,575.63,18747
2026-09-10,BANKPSU,MIRAEAMC - BANKPSU,85.1,85.52,84.25,84.3,84.7,3636
2026-09-10,CONSUMER,MIRAEAMC - CONSUMER,12.14,12.47,11.5,11.88,11.9,97361
2026-09-10,DEFENCE,MIRAEAMC - DEFENCE,84.27,84.27,82.13,82.35,83.36,388395
2026-09-10,DIVIDEND,MIRAEAMC - DIVIDEND,35.24,35.3,35.0,35.0,35.07,2543
2026-09-10,ENERGY,MIRAEAMC - ENERGY,38.71,38.94,38.39,38.42,38.71,423910
2026-09-10,EQUAL200,MIRAEAMC - EQUAL200,13.69,13.69,13.61,13.64,13.69,10136
2026-09-10,EQUAL50,MIRAEAMC - EQUAL50,325.0,325.49,323.87,324.87,325.08,3966
2026-09-10,EVINDIA,MIRAEAMC - EVINDIA,32.26,32.34,32.08,32.13,32.26,156859
2026-09-10,HEALTHCARE,MIRAEAMC - HEALTHCARE,21.99,21.99,21.65,21.68,21.79,42640
2026-09-10,HYBRIDETF,MIRAEAMC - HYBRIDETF,10.08,10.39,10.05,10.09,10.12,12382
2026-09-10,INFRA,MIRAEAMC - INFRA,12.02,12.03,11.94,11.96,12.01,76663
2026-09-10,INTERNET,MIRAEAMC - INTERNET,14.64,14.68,14.57,14.59,14.63,73790
2026-09-10,ITETF,MIRAEAMC - ITETF,30.79,31.05,30.5,30.56,30.64,293507
2026-09-10,LARGEMID50,MIRAEAMC - LARGEMID50,35.9,35.9,35.8,35.83,35.9,1490
2026-09-10,LIQUID,MIRAEAMC - LIQUID,999.99,1000.0,999.99,999.99,999.99,61337
2026-09-10,LIQUIDPLUS,MIRAEAMC - LIQUIDPLUS,1102.51,1102.53,1102.51,1102.52,1102.39,444694
2026-09-10,ESG,MIRAEAMC - MAESGETF,40.37,40.39,40.18,40.18,40.42,64497
2026-09-10,MAFANG,MIRAEAMC - MAFANG,222.35,238.47,215.0,225.7,228.06,1093904
2026-09-10,BFSI,MIRAEAMC - MAFSETF,26.42,26.57,26.33,26.47,26.47,146489
2026-09-10,GOLDETF,MIRAEAMC - MAGOLDETF,148.2,149.15,148.2,148.46,148.05,1309123
2026-09-10,GSEC10YEAR,MIRAEAMC - MAGS813ETF,30.58,30.61,30.25,30.61,30.44,5088
2026-09-10,MAHKTECH,MIRAEAMC - MAHKTECH,23.37,23.8,22.06,22.24,22.8,1344798
2026-09-10,MIDCAPETF,MIRAEAMC - MAM150ETF,23.52,23.57,23.4,23.41,23.52,1525556
2026-09-10,MAKEINDIA,MIRAEAMC - MAMFGETF,165.92,165.92,163.6,163.9,165.28,66888
2026-09-10,NIFTYETF,MIRAEAMC - MAN50ETF,255.83,256.0,254.82,255.09,255.83,146073
2026-09-10,LOWVOL,MIRAEAMC - MANV30F,200.93,200.93,200.27,200.52,200.73,1478
2026-09-10,NEXT50,MIRAEAMC - MANXT50,754.88,754.88,748.21,748.86,753.29,49990
2026-09-10,SILVERAG,MIRAEAMC - MASILVER,228.9,230.51,227.09,227.93,226.5,278333
2026-09-10,MASPTOP50,MIRAEAMC - MASPTOP50,104.4,104.4,91.0,95.58,100.76,1041142
2026-09-10,METAL,MIRAEAMC - METAL,13.69,13.69,13.37,13.39,13.51,1397566
2026-09-10,MIDSMALL,MIRAEAMC - MIDSMALL,52.19,52.19,51.42,51.56,51.64,161308
2026-09-10,MOMMIDCAP,MIRAEAMC - MOMMIDCAP,13.12,13.14,12.96,12.99,13.12,2379012
2026-09-10,MULTICAP,MIRAEAMC - MULTICAP,17.01,17.01,16.52,16.53,16.6,124668
2026-09-10,SELECTIPO,MIRAEAMC - SELECTIPO,49.5,49.56,48.41,48.48,48.59,27809
2026-09-10,SENSEXETF,MIRAEAMC - SENSEXETF,77.89,77.89,77.1,77.19,77.42,26434
2026-09-10,SMALL250,MIRAEAMC - SMALL250,18.98,18.98,18.45,18.51,18.52,120772
2026-09-10,SMALLCAP,MIRAEAMC - SMALLCAP,49.24,49.59,49.24,49.44,49.35,1636202
2026-09-10,TOP20,MIRAEAMC - TOP20,8.67,8.68,8.65,8.65,8.67,26579
2026-09-10,VALUE,MIRAEAMC - VALUE,16.08,16.13,16.0,16.04,16.06,15691
2026-09-10,MIRZAINT,MIRZA INTERNATIONAL LIMIT,31.15,31.74,30.68,30.81,31.28,63473
2026-09-10,MIDHANI,MISHRA DHATU NIGAM LTD,464.0,481.4,460.4,463.35,463.8,3378828
2026-09-10,MITCON,MITCON CON & ENG SER LTD,81.01,86.0,80.0,81.65,82.27,7795
2026-09-10,MITTAL,MITTAL LIFE STYLE LIMITED,0.88,0.9,0.82,0.83,0.88,1556381
2026-09-10,MMFL,MM FORGINGS LTD,621.0,648.35,616.1,644.1,616.95,213941
2026-09-10,MMP,MMP INDUSTRIES LIMITED,463.25,468.7,436.8,447.8,460.25,50469
2026-09-10,MMTC,MMTC LIMITED,62.76,63.5,62.1,62.23,62.76,1012634
2026-09-10,MODTHREAD,MODERN THREADS INDIA LTD,54.17,54.17,50.02,51.62,53.91,4689
2026-09-10,MODINATUR,MODI NATURALS LIMITED,346.15,362.0,346.1,355.3,349.1,4303
2026-09-10,MODIRUBBER,MODI RUBBER LTD,125.89,128.99,124.0,125.39,125.89,815
2026-09-10,MODIS,MODIS NAVNIRMAN LTD,370.5,379.0,368.1,373.85,371.45,11202
2026-09-10,MODISONLTD,MODISON LIMITED,485.05,514.8,485.05,514.8,490.3,170543
2026-09-10,MOHITIND,MOHIT INDUSTRIES LTD,24.1,24.24,23.04,23.55,23.23,4348
2026-09-10,MOHITE,MOHITE INDUSTRIES LTD.,2.78,2.84,2.7,2.75,2.74,35555
2026-09-10,MOIL,MOIL LIMITED,251.95,256.0,249.0,250.18,251.95,780689
2026-09-10,MOKSH,MOKSH ORNAMENTS LIMITED,10.36,10.57,10.05,10.18,10.3,57711
2026-09-10,MOLBIO,MOLBIO DIAGNOSTICS LTD,1271.0,1509.4,1271.0,1509.4,1257.9,11329700
2026-09-10,MOLDTKPAC,MOLD-TEK PACKAGING LTD,690.8,692.8,685.0,685.45,690.2,14862
2026-09-10,MONARCH,MONARCH NETWORTH CAP LTD,373.4,378.25,368.4,370.95,370.95,130223
2026-09-10,MONEYBOXX,MONEYBOXX FINANCE LIMITED,40.75,40.75,35.85,37.15,44.81,1459080
2026-09-10,MONTECARLO,MONTE CARLO FASHIONS LTD.,553.0,560.6,553.0,556.05,553.3,28781
2026-09-10,MOREPENLAB,MOREPEN LAB. LTD,116.93,119.95,114.32,115.28,116.54,9814569
2026-09-10,MOSCHIP,MOSCHIP TECHNOLOGIES LTD,211.69,213.03,205.9,206.69,211.41,1247416
2026-09-10,MSUMI,MOTHERSON SUMI WRNG IND L,36.95,36.95,36.31,36.34,36.72,8339844
2026-09-10,MOM100,MOTILAL OS MIDCAP100 ETF,67.62,68.06,67.07,67.31,67.61,291771
2026-09-10,MON100,MOTILAL OS NASDAQ100 ETF,349.0,349.0,329.01,333.21,340.57,1232723
2026-09-10,MOTILALOFS,MOTILAL OSWAL FIN LTD,1023.0,1024.9,1008.0,1015.0,1025.0,338388
2026-09-10,MOM50,MOTILAL OSWAL M50 ETF,245.0,246.4,221.55,245.5,246.16,3932
2026-09-10,MOGSEC,MOTILALAMC - G5,65.69,65.7,65.1,65.64,65.14,2464
2026-09-10,MOALPHA50,MOTILALAMC - MOALPHA50,57.7,57.7,56.24,56.43,56.57,10269
2026-09-10,MOBANK10,MOTILALAMC - MOBANK10,16.55,16.57,16.5,16.51,16.55,4532
2026-09-10,MOCAPITAL,MOTILALAMC - MOCAPITAL,53.9,53.99,53.52,53.63,53.99,571593
2026-09-10,MODEFENCE,MOTILALAMC - MODEFENCE,109.0,112.0,107.41,107.62,108.87,895581
2026-09-10,MOENERGY,MOTILALAMC - MOENERGY,39.08,39.08,38.0,38.15,38.7,128914
2026-09-10,MOGOLD,MOTILALAMC - MOGOLD,151.65,151.75,150.65,150.75,150.25,16445
2026-09-10,MOHEALTH,MOTILALAMC - MOHEALTH,52.14,52.66,51.74,51.83,52.14,60963
2026-09-10,MOINFRA,MOTILALAMC - MOINFRA,58.93,58.93,58.66,58.93,58.41,685
2026-09-10,MOIPO,MOTILALAMC - MOIPO,48.81,48.81,48.5,48.68,48.81,14286
2026-09-10,MOLOWVOL,MOTILALAMC - MOLOWVOL,35.43,35.44,35.3,35.41,35.59,52262
2026-09-10,MOMENTUM50,MOTILALAMC - MOMENTUM50,55.2,55.2,54.41,54.6,54.96,275611
2026-09-10,MOMETAL,MOTILALAMC - MOMETAL,13.4,13.42,13.23,13.28,13.4,19317
2026-09-10,MOMGF,MOTILALAMC - MOMGF,161.99,164.0,160.97,161.04,162.24,2434
2026-09-10,MOMIDMTM,MOTILALAMC - MOMIDMTM,64.95,64.95,64.22,64.35,64.92,27821
2026-09-10,MOMNC,MOTILALAMC - MOMNC,31.92,31.98,31.8,31.97,32.0,31991
2026-09-10,MOMOMENTUM,MOTILALAMC - MOMOMENTUM,62.68,62.96,62.11,62.29,62.68,72120
2026-09-10,MON50EQUAL,MOTILALAMC - MON50EQUAL,32.67,33.0,32.5,32.68,32.77,2146
2026-09-10,MONEXT50,MOTILALAMC - MONEXT50,72.86,73.5,72.43,72.67,72.96,2291
2026-09-10,MONIFTY100,MOTILALAMC - MONIFTY100,25.3,25.87,24.55,24.62,24.8,26273
2026-09-10,MONIFTY500,MOTILALAMC - MONIFTY500,23.6,23.6,23.45,23.5,23.6,835686
2026-09-10,MONQ50,MOTILALAMC - MONQ50,218.33,225.0,181.07,199.89,213.01,1264631
2026-09-10,MOOILGAS,MOTILALAMC - MOOILGAS,11.3,11.3,11.01,11.04,11.08,15409
2026-09-10,MOPSE,MOTILALAMC - MOPSE,100.02,102.5,99.29,99.68,99.77,1174
2026-09-10,MOQUALITY,MOTILALAMC - MOQUALITY,197.1,197.3,195.39,195.85,197.32,4153
2026-09-10,MOREALTY,MOTILALAMC - MOREALTY,90.0,90.0,86.9,87.52,87.89,422152
2026-09-10,MOSERVICE,MOTILALAMC - MOSERVICE,30.1,30.15,29.98,30.13,30.18,1550
2026-09-10,MOSILVER,MOTILALAMC - MOSILVER,232.0,233.75,230.61,230.84,229.79,184460
2026-09-10,MOSMALL250,MOTILALAMC - MOSMALL250,18.52,18.58,18.45,18.51,18.5,544558
2026-09-10,MOTOUR,MOTILALAMC - MOTOUR,77.19,77.19,76.5,76.58,77.19,8818
2026-09-10,MOVALUE,MOTILALAMC - MOVALUE,111.5,112.78,111.22,111.59,112.0,39373
2026-09-10,MOTISONS,MOTISONS JEWELLERS LTD,16.25,16.54,15.86,16.01,16.25,15121349
2026-09-10,MOTOGENFIN,MOTOR & GENERAL FINANCE L,27.04,27.79,26.52,26.87,27.04,15852
2026-09-10,MPHASIS,MPHASIS LIMITED,2320.0,2329.0,2290.2,2291.7,2307.5,454003
2026-09-10,MPSLTD,MPS LIMITED,2783.4,2799.0,2700.1,2705.9,2783.4,10462
2026-09-10,MRF,MRF LTD,128400.0,129245.0,128000.0,128270.0,128315.0,2102
2026-09-10,MRPL,MRPL,184.98,191.9,176.01,181.32,184.46,31180630
2026-09-10,BECTORFOOD,MRS BECTORS FOOD SPE LTD,242.05,247.71,238.15,245.44,242.05,1400466
2026-09-10,MSPL,MSP STEEL & POWER LTD.,34.46,34.87,34.2,34.4,34.43,340364
2026-09-10,MSTCLTD,MSTC LIMITED,764.0,766.25,733.05,737.55,764.1,326755
2026-09-10,MUFIN,MUFIN GREEN FINANCE LTD,135.0,135.95,133.7,135.22,134.83,475498
2026-09-10,MUKANDLTD,MUKAND LTD.,139.99,146.5,139.69,142.57,139.69,329153
2026-09-10,MUKESHB,MUKESH BABU FINANC SER L,132.0,132.5,130.0,132.5,135.0,2650
2026-09-10,MUKKA,MUKKA PROTEINS LIMITED,30.35,31.0,29.87,30.57,29.86,873584
2026-09-10,MCX,MULTI COMMODITY EXCHANGE,3311.9,3335.5,3285.0,3300.0,3350.0,1308638
2026-09-10,MUNJALAU,MUNJAL AUTO IND. LTD.,109.9,111.08,108.41,109.17,109.83,231004
2026-09-10,MUNJALSHOW,MUNJAL SHOWA LTD,127.51,128.9,126.82,127.07,128.19,15778
2026-09-10,MURUDCERA,MURUDESHWAR CERAMICS LTD,30.98,30.98,29.86,30.0,30.83,10188
2026-09-10,RADIOCITY,MUSIC BROADCAST LIMITED,6.62,6.62,6.2,6.21,6.47,57135
2026-09-10,MUTHOOTCAP,MUTHOOT CAP SERV LTD,238.0,240.25,230.37,232.44,235.33,8204
2026-09-10,MUTHOOTFIN,MUTHOOT FINANCE LIMITED,2815.4,2853.9,2807.4,2841.5,2815.0,408226
2026-09-10,MUTHOOTMF,MUTHOOT MICROFIN LIMITED,196.21,198.3,195.78,196.13,197.1,140143
2026-09-10,MVELECTRO,MV ELECTROSYSTEMS LIMITED,911.45,911.45,826.1,835.45,917.5,5082721
2026-09-10,NRAIL,N R AGARWAL INDS LTD,614.5,635.2,588.1,595.3,611.2,39747
2026-09-10,NTCIND,N T C INDUSTRIES LTD.,137.0,137.0,131.0,131.7,132.41,559
2026-09-10,NBIFIN,N.B.I. IND. FIN. CO. LTD,2015.0,2024.9,1971.1,2010.0,1993.0,5037
2026-09-10,NACLIND,NACL INDUSTRIES LIMITED,164.32,165.39,157.1,159.49,164.32,443221
2026-09-10,NDGL,NAGA DHUNSERI GROUP LTD,2730.7,2750.0,2700.1,2716.0,2727.6,255
2026-09-10,NAGREEKCAP,NAGREEKA CAP & INFR.LTD,22.99,23.24,22.02,22.87,22.66,971
2026-09-10,NAGREEKEXP,NAGREEKA EXPORTS LTD.,22.31,22.89,21.91,22.33,22.42,9698
2026-09-10,NAHARCAP,NAHAR CAP & FIN.,264.4,264.4,255.5,256.9,257.65,2468
2026-09-10,NAHARINDUS,NAHAR INDS ENT LTD,135.31,136.59,133.1,133.89,134.1,14916
2026-09-10,NAHARPOLY,NAHAR POLY FILMS LIMITED,237.16,239.04,232.42,233.77,236.55,4604
2026-09-10,NAHARSPING,NAHAR SPINNING MILLS LTD.,278.55,280.1,268.0,270.8,277.3,42431
2026-09-10,NGIL,NAKODA GROUP OF IND. LTD,36.06,36.6,34.11,34.68,35.04,11130
2026-09-10,NSIL,NALWA SONS INVESTMENT LTD,5648.5,5668.5,5594.0,5604.0,5621.0,1715
2026-09-10,NDL,NANDAN DENIM LIMITED,2.98,2.98,2.89,2.9,2.93,876630
2026-09-10,JAIPURKURT,NANDANI CREATION LIMITED,24.6,25.5,24.0,25.03,24.65,7233
2026-09-10,NH,NARAYANA HRUDAYALAYA LTD.,1900.0,1920.0,1881.0,1909.7,1890.6,140237
2026-09-10,NARMADA,NARMADA AGROBASE LIMITED,14.45,14.8,13.68,14.05,14.59,458942
2026-09-10,NATCOPHARM,NATCO PHARMA LTD.,825.55,832.15,816.0,818.65,826.3,236487
2026-09-10,NATHBIOGEN,NATH BIO-GENES (I) LTD,153.0,153.45,151.01,152.51,151.67,2248
2026-09-10,NATIONALUM,NATIONAL ALUMINIUM CO LTD,382.0,383.0,371.05,373.35,377.6,3376100
2026-09-10,NFL,NATIONAL FERT. LTD,69.99,71.1,69.24,69.45,69.98,738161
2026-09-10,NATIONSTD,NATIONAL STAND (INDIA) L,115.05,120.0,111.11,115.89,114.4,78107
2026-09-10,NAVA,NAVA LIMITED,561.15,565.15,556.05,558.35,561.15,96940
2026-09-10,NAVINFLUOR,NAVIN FLUORINE INT. LTD,8748.0,8771.5,8622.0,8700.5,8775.5,65488
2026-09-10,NAVKARCORP,NAVKAR CORPORATION LTD.,94.03,95.1,92.34,93.85,94.3,339324
2026-09-10,NAVNETEDUL,NAVNEET EDUCATION LTD,128.0,128.39,127.2,127.69,127.0,41286
2026-09-10,NAZARA,NAZARA TECHNOLOGIES LTD,373.95,380.0,369.2,374.65,374.4,1606579
2026-09-10,NBCC,NBCC (INDIA) LIMITED,83.2,84.7,83.2,83.94,83.6,4868776
2026-09-10,NCC,NCC LIMITED,145.49,146.75,141.67,143.15,145.33,2615966
2026-09-10,NCLIND,NCL INDUSTRIES LIMITED,179.04,180.8,176.05,178.11,179.12,32644
2026-09-10,NDLVENTURE,NDL VENTURES LIMITED,126.5,129.99,122.53,126.46,124.69,14377
2026-09-10,NDRAUTO,NDR AUTO COMPONENTS LTD,714.0,719.0,693.0,702.25,714.9,16993
2026-09-10,NDTV,NDTV LTD,73.8,74.95,71.0,72.29,73.73,48449
2026-09-10,NECLIFE,NECTAR LIFESCIENCES LTD.,12.09,12.2,11.9,11.93,11.98,87468
2026-09-10,NEAGI,NEELAMALAI AGRO INDS. L,3469.0,3469.0,3469.0,3469.0,3470.0,1
2026-09-10,NELCAST,NELCAST LIMITED,114.0,115.88,109.27,110.0,113.94,147086
2026-09-10,NELCO,NELCO LTD,957.05,973.2,935.0,937.55,958.3,166262
2026-09-10,NEOGEN,NEOGEN CHEMICALS LIMITED,2240.0,2400.0,2231.0,2388.9,2255.2,410092
2026-09-10,NEPHROPLUS,NEPHROCARE HEALTH SERV L,733.1,751.15,731.05,747.25,733.45,204920
2026-09-10,NESCO,NESCO LTD.,1090.0,1120.3,1090.0,1091.2,1096.9,46666
2026-09-10,NESTLEIND,NESTLE INDIA LIMITED,1396.8,1402.8,1377.7,1386.2,1393.0,568997
2026-09-10,NETWEB,NETWEB TECH INDIA LTD,4910.0,5054.0,4900.0,5013.5,4898.5,1532072
2026-09-10,NPST,NETWORK PEOPLE SRV TECH L,1680.5,1742.0,1664.1,1718.5,1680.5,25134
2026-09-10,NETWORK18,NETWORK18 MEDIA & INV LTD,26.87,27.24,26.76,26.83,26.92,2802426
2026-09-10,NEULANDLAB,NEULAND LAB LTD.,23265.0,24150.0,23235.0,23800.0,23195.0,55257
2026-09-10,NEWGEN,NEWGEN SOFTWARE TECH LTD,516.0,521.6,505.15,507.9,512.85,531174
2026-09-10,NEXTMEDIA,NEXT MEDIAWORKS LIMITED,3.87,4.07,3.77,3.89,3.88,117633
2026-09-10,NGLFINE,NGL FINE CHEM LIMITED,2776.3,2790.4,2700.0,2725.7,2758.3,4059
2026-09-10,NHPC,NHPC LTD,76.69,76.85,75.93,76.35,76.69,9030454
2026-09-10,NIBE,NIBE LIMITED,1314.0,1319.9,1287.1,1298.2,1313.3,34841
2026-09-10,NICCOPAR,NICCO PARKS & RESORTS LTD,80.5,81.5,79.0,80.02,80.27,662
2026-09-10,NIITMTS,NIIT LEARNING SYSTEMS LTD,222.99,226.8,221.01,224.64,221.54,64725
2026-09-10,NIITLTD,NIIT LIMITED,95.46,95.46,93.5,94.09,94.99,140966
2026-09-10,NILAINFRA,NILA INFRASTRUCTURES LTD,6.8,6.97,6.66,6.73,6.8,121635
2026-09-10,NILASPACES,NILA SPACES LIMITED,12.16,12.41,12.1,12.14,12.16,579752
2026-09-10,NILE,NILE LTD.,1479.0,1490.0,1450.0,1457.0,1479.7,1998
2026-09-10,NILKAMAL,NILKAMAL LIMITED,2056.7,2085.3,2036.2,2077.4,2056.7,11826
2026-09-10,NIMBSPROJ,NIMBUS PROJECTS LIMITED,152.06,163.63,150.0,157.56,155.84,114752
2026-09-10,NINSYS,NINTEC SYSTEMS LIMITED,710.0,714.25,701.15,708.45,710.75,3174
2026-09-10,BANKBEES,NIP IND ETF BANK BEES,585.87,586.83,582.94,583.52,585.87,393692
2026-09-10,CONSUMBEES,NIP IND ETF CONSUMPTION,129.47,129.47,128.01,128.34,128.84,69199
2026-09-10,DIVOPPBEES,NIP IND ETF DIV OPP,76.73,76.73,74.95,75.31,75.23,35088
2026-09-10,NV20BEES,NIP IND ETF ETF NV20,136.78,137.0,135.75,135.96,136.53,22269
2026-09-10,GOLDBEES,NIP IND ETF GOLD BEES,126.41,126.93,126.05,126.2,125.78,15916449
2026-09-10,HNGSNGBEES,NIP IND ETF HANGSENG BEES,465.99,466.98,463.82,466.06,466.33,61122
2026-09-10,INFRABEES,NIP IND ETF INFRA BEES,944.32,947.43,940.5,944.9,944.32,3893
2026-09-10,ITBEES,NIP IND ETF IT,32.94,32.94,32.0,32.06,32.15,8419582
2026-09-10,JUNIORBEES,NIP IND ETF JUNIOR BEES,791.82,791.82,784.5,785.79,789.37,187309
2026-09-10,LIQUIDBEES,NIP IND ETF LIQUID BEES,999.99,1000.01,999.99,999.99,999.99,2258098
2026-09-10,LTGILTBEES,NIP IND ETF LONGTERM GILT,29.85,29.95,29.83,29.84,29.91,2244670
2026-09-10,MID150BEES,NIP IND ETF MIDCAP 150,235.64,242.99,235.64,236.62,238.02,996484
2026-09-10,NIF100BEES,NIP IND ETF NIFTY 100,260.52,264.91,260.52,261.06,262.29,45272
2026-09-10,NIFTYBEES,NIP IND ETF NIFTY BEES,273.51,273.51,266.0,267.17,268.15,5384617
2026-09-10,PSUBNKBEES,NIP IND ETF PSU BANK BEES,93.49,94.65,93.35,93.54,93.58,1625906
2026-09-10,SHARIABEES,NIP IND ETF SHARIAH BEES,441.35,441.93,437.1,438.57,439.96,10553
2026-09-10,NAM-INDIA,NIPPON L I A M LTD,1156.6,1186.3,1152.4,1185.0,1164.8,1085689
2026-09-10,LIQGRWBEES,NIPPONAMC - LIQGRWBEES,1054.92,1054.94,1054.92,1054.92,1054.8,72953
2026-09-10,MANUFGBEES,NIPPONAMC - MANUFGBEES,164.6,164.6,161.82,162.21,162.22,4433
2026-09-10,AUTOBEES,NIPPONAMC - NETFAUTO,283.5,287.53,283.21,284.53,285.51,155334
2026-09-10,PHARMABEES,NIPPONAMC - NETFPHARMA,27.5,27.65,27.21,27.27,27.5,3713168
2026-09-10,SILVERBEES,NIPPONAMC - NETFSILVER,224.95,226.4,223.25,223.53,222.59,16509484
2026-09-10,SNXT30BEES,NIPPONAMC - SNXT30BEES,41.7,42.55,41.7,42.47,42.55,1883
2026-09-10,NIRAJ,NIRAJ CEMENT STRUC LTD,28.0,28.7,27.3,27.76,28.07,20039
2026-09-10,NIRLON,NIRLON LTD,622.65,622.65,619.0,620.05,619.7,3618
2026-09-10,NITCO,NITCO LIMITED,92.4,95.5,92.4,95.23,92.53,246641
2026-09-10,NITINSPIN,NITIN SPINNERS LIMITED,652.65,665.5,633.35,649.5,651.25,188865
2026-09-10,NITIRAJ,NITIRAJ ENGINEERS LTD,230.0,235.0,225.1,231.16,229.46,3966
2026-09-10,NITTAGELA,NITTA GELATIN INDIA LTD.,1633.7,1718.9,1633.7,1654.4,1667.0,1675
2026-09-10,NIVABUPA,NIVA BUPA HEALTH INS CO L,79.2,79.79,78.86,79.42,79.59,290644
2026-09-10,NKIND,NK INDUSTRIES LTD,63.88,63.88,56.58,56.6,58.07,1867
2026-09-10,NLCINDIA,NLC INDIA LIMITED,272.0,274.95,270.0,270.4,271.55,1073393
2026-09-10,NMDC,NMDC LTD.,86.0,86.12,84.17,84.6,85.8,9878920
2026-09-10,NSLNISP,NMDC STEEL LIMITED,45.25,45.52,43.7,43.86,45.04,3875085
2026-09-10,NOCIL,NOCIL LIMITED,188.28,200.49,187.12,195.31,188.28,7274037
2026-09-10,NOIDATOLL,NOIDA TOLL BRIDGE CO LTD,4.02,4.05,3.97,3.99,4.02,61659
2026-09-10,NORBTEAEXP,NORBEN TEA & EXPORTS LTD,65.21,67.4,64.02,64.14,67.2,1992
2026-09-10,NORTHARC,NORTHERN ARC CAPITAL LTD,308.0,315.25,307.05,309.15,308.35,1349056
2026-09-10,NOVARTIND,NOVARTIS INDIA LIMITED,2260.0,2588.8,2232.1,2428.2,2186.4,2292871
2026-09-10,NRBBEARING,NRB BEARING LIMITED,481.0,518.0,481.0,515.95,484.55,1397242
2026-09-10,NIBL,NRB INDUS. BEARINGS LTD.,30.6,31.66,30.05,30.58,30.6,3827
2026-09-10,NTPCGREEN,NTPC GREEN ENERGY LIMITED,88.05,88.12,87.55,87.72,88.03,1225146
2026-09-10,NTPC,NTPC LTD,335.65,335.7,333.1,335.0,334.5,6905905
2026-09-10,NUCLEUS,NUCLEUS SOFTWARE EXPORTS,706.0,708.95,698.0,701.05,706.1,13973
2026-09-10,NUVAMA,NUVAMA WEALTH MANAGE LTD,1788.0,1789.0,1742.3,1757.9,1781.3,247136
2026-09-10,NUVOCO,NUVOCO VISTAS CORP LTD,334.75,338.5,328.7,331.3,334.75,256455
2026-09-10,OBCL,OBCL LIMITED,55.99,56.54,54.94,55.89,55.98,4444
2026-09-10,OBEROIRLTY,OBEROI REALTY LIMITED,1799.8,1806.4,1777.5,1792.0,1800.0,233031
2026-09-10,ODIGMA,ODIGMA CONSULTANCY SOL L,22.15,23.59,22.01,22.33,22.47,35868
2026-09-10,ODYCORP,ODYSSEY CORPORATION LTD.,7.29,7.49,6.95,7.03,7.17,40410
2026-09-10,ONGC,OIL AND NATURAL GAS CORP.,236.1,239.8,235.6,237.27,234.02,12771340
2026-09-10,OIL,OIL INDIA LTD,503.9,514.45,497.75,500.3,498.95,4397946
2026-09-10,OLAELEC,OLA ELECTRIC MOBILITY LTD,37.31,40.51,37.31,39.15,37.31,180771099
2026-09-10,OLECTRA,OLECTRA GREENTECH LIMITED,1203.0,1218.9,1203.0,1206.7,1206.6,243403
2026-09-10,OMINFRAL,OM INFRA LIMITED,81.67,83.31,79.61,80.8,81.67,56813
2026-09-10,OMPOWER,OM POWER TRANSMISSION LTD,169.8,171.0,167.0,168.11,168.7,35105
2026-09-10,OMAXAUTO,OMAX AUTOS LTD,175.0,179.45,174.0,176.44,175.79,38738
2026-09-10,OMAXE,OMAXE LIMITED,122.85,124.75,121.0,122.42,121.36,742271
2026-09-10,OMNI,OMNITECH ENGINEERING LTD,534.6,572.0,534.6,563.35,534.6,1296012
2026-09-10,PAYTM,ONE 97 COMMUNICATIONS LTD,1750.0,1757.0,1720.1,1739.0,1751.5,1479094
2026-09-10,ONEGLOBAL,ONE GLOBAL SERVICE PROV L,546.0,549.0,527.05,546.0,540.4,15825
2026-09-10,MOBIKWIK,ONE MOBIKWIK SYSTEMS LTD,194.8,198.24,193.35,194.68,195.3,722711
2026-09-10,ONEPOINT,ONE POINT ONE SOL LTD,58.07,59.4,57.42,57.74,58.07,661574
2026-09-10,KISSHT,ONEMI TECHNOLOGY SOL LTD,323.0,337.9,321.05,333.9,322.85,1514881
2026-09-10,ONESOURCE,ONESOURCE SPECL PHARMA L,1526.0,1567.8,1526.0,1541.9,1530.1,247132
2026-09-10,ONIDA,ONIDA ELECTRONICS LIMITED,34.26,34.48,32.65,32.98,34.26,466678
2026-09-10,ONIXSOLAR,ONIX SOLAR ENERGY LTD.,462.0,464.2,432.55,459.4,455.3,690257
2026-09-10,ONWARDTEC,ONWARD TECHNOLOGIES LTD,282.15,298.0,282.15,288.65,285.75,55205
2026-09-10,OPTIEMUS,OPTIEMUS INFRACOM LTD,545.0,569.0,545.0,557.65,541.95,286523
2026-09-10,OPTIFIN,OPTIMUS FINANCE LTD.,14.49,16.0,14.3,14.57,14.2,44190
2026-09-10,OFSS,ORACLE FIN SERV SOFT LTD.,11680.0,11814.0,11627.0,11725.0,11630.0,167438
2026-09-10,ORCHASP,ORCHASP LIMITED,1.47,1.48,1.42,1.44,1.42,185081
2026-09-10,ORCHPHARMA,ORCHID PHARMA LIMITED,1025.8,1029.95,1000.2,1016.1,1024.85,43310
2026-09-10,ORICONENT,ORICON ENTERPRISES LTD,52.0,53.69,51.27,51.65,52.08,19885
2026-09-10,ORIENTBELL,ORIENT BELL LIMITED,420.0,421.8,410.1,412.0,420.1,16716
2026-09-10,ORIENTCEM,ORIENT CEMENT LTD.,126.0,126.68,125.1,126.06,126.28,320950
2026-09-10,ORIENTCER,ORIENT CERATECH LIMITED,47.35,48.5,46.2,46.68,47.3,140327
2026-09-10,ORIENTELEC,ORIENT ELECTRIC LIMITED,176.25,176.25,173.06,173.64,175.11,45431
2026-09-10,GREENPOWER,ORIENT GREEN POWER CO LTD,9.55,9.59,9.35,9.36,9.54,3898629
2026-09-10,ORIENTHOT,ORIENT HOTELS LTD,140.11,142.11,138.8,139.81,139.98,352137
2026-09-10,ORIENTPPR,ORIENT PAPER AND INDS LTD,17.93,18.79,17.73,18.06,17.93,440501
2026-09-10,ORIENTTECH,ORIENT TECHNOLOGIES LTD,230.0,244.17,230.0,235.36,229.65,266345
2026-09-10,OAL,ORIENTAL AROMATICS LTD,537.0,559.7,521.8,524.7,540.3,64967
2026-09-10,ORIRAIL,ORIENTAL RAIL INFRA L,126.65,127.73,120.4,122.3,126.65,86819
2026-09-10,ORIENTALTL,ORIENTAL TRIMEX LTD,5.08,5.2,5.03,5.09,5.12,70328
2026-09-10,ORISSAMINE,ORISSA MIN DEV CO LTD,4156.2,4241.9,4057.1,4074.5,4153.5,5995
2026-09-10,ORKLAINDIA,ORKLA INDIA LIMITED,585.0,588.9,576.0,578.5,586.3,46377
2026-09-10,ORTINGLOBE,ORTIN GLOBAL LIMITED,15.5,16.3,15.22,16.3,15.53,31447
2026-09-10,OSWALAGRO,OSWAL AGRO MILLS LTD,35.6,36.0,34.0,34.34,35.83,61424
2026-09-10,OSWALGREEN,OSWAL GREENTECH LIMITED,20.2,20.35,19.5,19.79,20.15,123485
2026-09-10,OSWALPUMPS,OSWAL PUMPS LIMITED,290.0,293.6,281.45,283.6,282.75,919613
2026-09-10,PBMPOLY,P B M POLYTEX LTD.,60.5,60.5,57.15,60.0,60.86,103
2026-09-10,PNGJL,P N GADGIL JEWELLERS LTD,612.0,615.35,604.15,611.05,611.45,248496
2026-09-10,POEL,P O C L ENTERPRISES LTD.,144.0,144.73,140.0,140.7,143.02,19534
2026-09-10,PGHH,P&G HYGIENE & HEALTH CARE,7629.5,7665.5,7570.0,7581.5,7615.0,5960
2026-09-10,PACEDIGITK,PACE DIGITEK LIMITED,161.0,161.9,158.3,159.0,160.68,517537
2026-09-10,PACIFICI,PACIFIC INDUSTRIES LTD.,141.79,145.0,137.0,137.82,141.79,106
2026-09-10,PAGEIND,PAGE INDUSTRIES LTD,35300.0,35900.0,34960.0,35750.0,35395.0,15704
2026-09-10,PAISALO,PAISALO DIGITAL LIMITED,79.5,83.5,79.2,83.05,79.92,21159038
2026-09-10,PAKKA,PAKKA LIMITED,78.6,78.6,76.01,76.28,78.13,93909
2026-09-10,PALASHSECU,PALASH SECURITIES LTD,88.0,89.89,86.2,87.99,88.86,416
2026-09-10,PALREDTEC,PALRED TECHNOLOGIES LTD,50.81,53.28,50.0,53.28,50.75,8304
2026-09-10,PANACEABIO,PANACEA BIOTEC LTD,396.4,399.0,387.45,388.65,393.8,101111
2026-09-10,PANAMAPET,PANAMA PETROCHEM LTD,500.0,502.7,488.15,491.65,498.4,169128
2026-09-10,PANORAMA,PANORAMA STUDIOS INTL. L,48.0,56.2,48.0,52.92,47.56,1538580
2026-09-10,PANSARI,PANSARI DEVELOPERS LTD,295.0,295.0,287.5,293.0,281.2,1891
2026-09-10,PARADEEP,PARADEEP PHOSPHATES LTD,157.5,159.91,156.11,157.11,157.92,2248464
2026-09-10,PARAGMILK,PARAG MILK FOODS LTD.,254.4,275.0,253.3,264.85,253.6,7361793
2026-09-10,PARACABLES,PARAMOUNT COMM LTD,66.45,68.24,65.51,65.69,66.45,1118932
2026-09-10,PARAS,PARAS DEF AND SPCE TECH L,1472.0,1499.0,1441.5,1453.3,1470.0,745689
2026-09-10,PARASPETRO,PARAS PETROFILS LTD.,2.2,2.26,2.15,2.15,2.18,172139
2026-09-10,PARKHOSPS,PARK MEDI WORLD LIMITED,282.0,287.95,270.5,280.8,281.85,281714
2026-09-10,PARKHOTELS,PARKHOTELS,113.19,113.19,110.6,111.63,111.64,74993
2026-09-10,PARNAXLAB,PARNAX LAB LTD.,141.7,149.5,104.0,127.48,130.0,1783
2026-09-10,PASHUPATI,PASHUPATI COTSPIN LIMITED,82.3,86.0,80.08,80.24,81.0,142256
2026-09-10,PATANJALI,PATANJALI FOODS LIMITED,340.95,342.0,337.75,339.75,341.0,1115935
2026-09-10,PATELENG,PATEL ENGINEERING LTD.,27.01,27.49,26.65,26.87,27.1,2216158
2026-09-10,PATELRMART,PATEL RETAIL LIMITED,214.93,218.01,210.63,211.9,214.93,59871
2026-09-10,PML,PAUL MERCHANTS LTD.,499.95,504.35,485.3,486.75,487.95,221
2026-09-10,PAUSHAKLTD,PAUSHAK LIMITED,754.3,757.9,730.0,734.05,754.3,31771
2026-09-10,PAVNAIND,PAVNA INDUSTRIES LIMITED,15.21,15.83,14.81,15.08,15.17,91488
2026-09-10,POLICYBZR,PB FINTECH LIMITED,1790.1,1808.1,1780.5,1800.0,1800.0,414006
2026-09-10,PCJEWELLER,PC JEWELLER LTD,13.95,14.35,13.68,13.83,13.87,530933799
2026-09-10,PCBL,PCBL CHEMICAL LIMITED,335.0,346.0,333.1,334.8,334.95,3387384
2026-09-10,PDSL,PDS LIMITED,345.9,352.2,343.05,348.2,345.7,160889
2026-09-10,PGIL,PEARL GLOBAL IND LIMITED,2295.1,2424.9,2286.4,2378.4,2277.9,292926
2026-09-10,PEARLPOLY,PEARL POLYMERS LTD,15.7,15.92,15.51,15.62,15.61,3058
2026-09-10,PENINLAND,PENINSULA LAND LIMITED,15.56,16.16,15.12,15.32,15.56,128977
2026-09-10,PENIND,PENNAR INDUSTRIES LTD,178.0,181.08,177.0,177.34,178.08,318619
2026-09-10,PERMAGN,PERMANENT MAGNETS LTD.,843.0,879.0,834.95,869.5,843.3,3537
2026-09-10,PERSISTENT,PERSISTENT SYSTEMS LTD,5404.5,5560.0,5370.5,5509.5,5419.0,516940
2026-09-10,PETRONET,PETRONET LNG LIMITED,284.0,290.7,283.05,288.7,285.9,2585212
2026-09-10,PFIZER,PFIZER LTD,4175.8,4195.1,4080.0,4095.4,4171.0,267140
2026-09-10,PGEL,PG ELECTROPLAST LTD,542.5,548.25,538.5,542.0,542.5,786316
2026-09-10,PHOENXINTL,PHOENIX INTERNATIONAL LTD,29.61,30.8,29.59,30.15,30.2,1802
2026-09-10,PWL,PHYSICSWALLAH LIMITED,125.79,130.62,125.79,126.73,125.37,13200512
2026-09-10,PIIND,PI INDUSTRIES LTD,2386.9,2397.6,2352.0,2365.0,2394.0,275516
2026-09-10,PICCADIL,PICCADILY AGRO INDUSTRI L,599.8,611.4,598.0,600.5,599.8,127719
2026-09-10,PIDILITIND,PIDILITE INDUSTRIES LTD,1572.0,1577.9,1553.5,1569.0,1572.0,475698
2026-09-10,PILITA,PIL ITALICA LIFESTYLE LTD,7.75,8.14,7.75,7.88,7.85,42014
2026-09-10,PILANIINVS,PILANI INV & IND COR LTD,4176.0,4292.7,4154.6,4235.8,4109.8,2590
2026-09-10,PINELABS,PINE LABS LIMITED,174.99,176.58,172.22,173.17,175.08,15911117
2026-09-10,PIONEEREMB,PIONEER EMBROIDERIES LTD,20.83,21.0,20.01,20.42,20.83,16041
2026-09-10,PIRAMALFIN,PIRAMAL FINANCE LIMITED,2290.7,2316.0,2258.0,2295.6,2310.5,335744
2026-09-10,PPLPHARMA,PIRAMAL PHARMA LIMITED,218.0,218.99,211.81,212.49,218.0,2726382
2026-09-10,PITTIENG,PITTI ENGINEERING LIMITED,1171.9,1180.0,1156.1,1171.4,1171.6,71222
2026-09-10,PIXTRANS,PIX TRANSMISSIONS LIMITED,1741.8,1753.0,1721.0,1728.3,1746.4,7959
2026-09-10,PLASTIBLEN,PLASTIBLENDS INDIA LTD,188.14,197.0,188.14,194.15,189.3,42721
2026-09-10,PLATIND,PLATINUM INDUSTRIES LTD,226.0,228.99,217.6,221.04,226.04,35143
2026-09-10,PLAZACABLE,PLAZA WIRES LIMITED,61.35,62.08,58.01,60.51,59.68,193003
2026-09-10,PNBGILTS,PNB GILTS LIMITED,79.46,83.0,79.46,80.36,79.46,476519
2026-09-10,PNBHOUSING,PNB HOUSING FIN LTD.,1142.5,1186.4,1132.8,1179.0,1142.0,1084833
2026-09-10,PNCINFRA,PNC INFRATECH LTD.,179.6,180.12,176.55,177.41,179.0,188698
2026-09-10,PNGSREVA,PNGS REVA DIAMOND JEWEL L,519.7,520.95,503.0,504.7,519.7,121081
2026-09-10,PODDARMENT,PODDAR PIGMENTS LIMITED,297.0,324.6,290.8,299.4,295.85,122057
2026-09-10,POKARNA,POKARNA LIMITED,781.05,879.95,768.8,780.45,779.35,1363747
2026-09-10,POLYMED,POLY MEDICURE LIMITED,1720.3,1757.0,1719.0,1747.7,1724.0,99923
2026-09-10,POLYCAB,POLYCAB INDIA LIMITED,8330.5,8387.5,8272.5,8358.0,8354.0,259270
2026-09-10,POLYPLEX,POLYPLEX CORPORATION LTD,1140.1,1152.2,1112.2,1125.3,1140.0,75614
2026-09-10,POLYSPIN,POLYSPIN EXPORTS LTD.,29.0,29.0,28.5,28.5,29.0,431
2026-09-10,POCL,PONDY OXIDES & CHEM LTD,464.0,470.0,454.05,457.55,466.95,411795
2026-09-10,PONNIERODE,PONNIE SUGARS (ERODE) LTD,373.15,378.15,361.0,363.45,373.2,29127
2026-09-10,POONAWALLA,POONAWALLA FINCORP LTD,447.45,455.65,445.5,449.4,448.6,502977
2026-09-10,PVSL,POPULAR VEHICLES N SER L,100.2,102.0,99.13,100.53,100.6,10011
2026-09-10,PFC,POWER FIN CORP LTD.,350.0,354.75,349.3,352.8,351.4,7286720
2026-09-10,POWERGRID,POWER GRID CORP. LTD.,265.85,271.75,265.3,271.75,265.85,12187656
2026-09-10,PIGL,POWER INSTRUMENT (G) LTD,104.9,106.97,103.41,104.11,104.98,58444
2026-09-10,POWERMECH,POWER MECH PROJECTS LTD.,2445.5,2452.9,2374.7,2379.4,2430.1,36315
2026-09-10,POWERICA,POWERICA LIMITED,547.95,583.45,547.95,575.85,547.1,626654
2026-09-10,PRABHA,PRABHA ENERGY LIMITED,250.0,252.1,244.43,247.58,246.58,118160
2026-09-10,PRAJIND,PRAJ INDUSTRIES LTD,326.0,334.0,323.6,326.85,326.7,459946
2026-09-10,PRAENG,PRAJAY ENG. SYN. LTD.,22.91,23.51,21.88,22.2,22.92,59683
2026-09-10,PRAKASH,PRAKASH INDUSTRIES LTD,126.0,127.96,123.5,123.78,126.41,461514
2026-09-10,PRAKASHSTL,PRAKASH STEELAGE LTD,3.76,3.88,3.75,3.79,3.8,90649
2026-09-10,DIAMONDYD,PRATAAP SNACKS LIMITED,1123.6,1126.8,1101.6,1115.6,1123.6,14173
2026-09-10,PRAVEG,PRAVEG LTD.,262.65,271.5,260.55,266.5,263.8,25343
2026-09-10,PRAXIS,PRAXIS HOME RETAIL LTD,4.8,4.88,4.51,4.71,4.72,220518
2026-09-10,PRECAM,PRECISION CAMSHAFTS LTD.,120.02,121.74,117.5,118.05,119.91,86119
2026-09-10,PRECWIRE,PRECISION WIRES INDIA LTD,474.05,476.0,461.45,464.65,474.35,415746
2026-09-10,PRECOT,PRECOT LIMITED,656.05,690.0,656.05,670.75,660.15,2297
2026-09-10,PREMCO,PREMCO GLOBAL LTD.,389.95,390.0,385.05,386.3,386.05,742
2026-09-10,PREMIERENE,PREMIER ENERGIES LIMITED,977.0,981.8,962.2,967.9,975.9,992989
2026-09-10,PREMEXPLN,PREMIER EXPLOSIVES LTD,667.5,672.0,666.0,667.05,666.6,239866
2026-09-10,PREMIERPOL,PREMIER POLYFILM LTD,90.04,92.39,87.02,87.99,89.73,189665
2026-09-10,PRESTIGE,PRESTIGE ESTATE LTD,1534.8,1544.0,1518.6,1543.6,1540.4,296169
2026-09-10,PRICOLLTD,PRICOL LIMITED,746.0,753.1,736.1,739.6,745.8,208612
2026-09-10,PFOCUS,PRIME FOCUS LIMITED,318.45,321.0,311.15,313.55,316.3,374526
2026-09-10,PRIMESECU,PRIME SECURITIES LIMITED,280.5,282.0,274.05,276.75,280.1,24310
2026-09-10,PRIMO,PRIMO CHEMICALS LIMITED,21.7,22.1,21.26,21.7,21.27,167025
2026-09-10,PRINCEPIPE,PRINCE PIPES FITTINGS LTD,282.0,285.65,278.55,279.9,280.75,138600
2026-09-10,PRSMJOHNSN,PRISM JOHNSON LIMITED,112.45,117.59,112.03,115.22,112.45,1164917
2026-09-10,PRISMX,PRISMX GLOBAL VENTURES L,0.58,0.61,0.56,0.59,0.57,209988
2026-09-10,PNC,PRITISH NANDY COMMUNICATI,17.39,17.39,16.22,16.52,16.56,6498
2026-09-10,PRIVISCL,PRIVI SPECIALITY CHE LTD,3505.1,3535.2,3440.3,3495.6,3537.9,104437
2026-09-10,PGHL,PROCTER & GAMBLE HEALTH L,5442.0,5505.0,5405.0,5425.5,5475.0,15867
2026-09-10,PROSTARM,PROSTARM INFO SYSTEMS LTD,136.53,139.0,132.8,134.78,135.64,217946
2026-09-10,PROTEAN,PROTEAN EGOV TECHNO LTD,495.95,499.05,483.55,492.75,493.35,207573
2026-09-10,PROZONER,PROZONE REALTY LIMITED,49.99,52.6,48.52,52.3,49.88,493674
2026-09-10,PRUDENT,PRUDENT CORP ADV SER LTD,3302.4,3355.0,3291.7,3318.8,3302.5,8339
2026-09-10,PSPPROJECT,PSP PROJECTS LIMITED,874.1,882.7,864.0,865.05,879.95,17189
2026-09-10,PFS,PTC INDIA FIN SERV LTD,27.15,27.74,26.4,27.47,27.21,585575
2026-09-10,PTC,PTC INDIA LIMITED,153.12,156.4,153.01,153.69,153.12,1569043
2026-09-10,PTCIL,PTC INDUSTRIES LIMITED,22705.0,22880.0,22300.0,22385.0,22780.0,16490
2026-09-10,PTL,PTL ENTERPRISES LTD,38.23,38.47,38.03,38.17,38.03,21129
2026-09-10,PDMJEPAPER,PUDUMJEE PAPER PRO. LTD,97.21,103.3,95.82,98.77,96.74,864939
2026-09-10,PSB,PUNJAB & SIND BANK,22.6,22.81,22.46,22.6,22.64,1124783
2026-09-10,PUNJABCHEM,PUNJAB CHEM & CROP PROT L,1097.1,1113.7,1088.0,1091.8,1096.1,2534
2026-09-10,PNB,PUNJAB NATIONAL BANK,115.5,118.2,115.47,116.85,115.61,18231772
2026-09-10,PURVA,PURAVANKARA LIMITED,218.0,218.34,212.0,214.16,216.25,148029
2026-09-10,PERNIASPOP,PURPLE STYLE LABS LIMITED,562.95,585.0,556.75,575.5,563.9,720934
2026-09-10,PVP,PVP VENTURES LIMITED,65.0,67.2,63.49,66.1,64.54,1507975
2026-09-10,PVRINOX,PVR INOX LIMITED,1175.0,1227.0,1159.9,1221.3,1169.2,746014
2026-09-10,PYRAMID,PYRAMID TECHNOPLAST LTD,151.93,155.48,151.39,154.59,150.51,24175
2026-09-10,QUADFUTURE,QUADRANT FUTURE TEK LTD,439.95,447.4,429.25,435.8,439.85,431820
2026-09-10,QPOWER,QUALITY POWER ELEC EQUP L,1501.0,1511.7,1441.0,1458.2,1513.2,213213
2026-09-10,QGOLDHALF,QUANTUM GOLD ETF,126.2,127.19,124.0,126.42,126.0,252215
2026-09-10,QNIFTY,QUANTUM NIFTY 50 ETF,259.0,259.38,257.6,258.22,258.85,2028
2026-09-10,SILVER001,QUANT_AMC - SILVER001,23.6,23.9,23.6,23.6,23.5,12981
2026-09-10,QUESS,QUESS CORP LIMITED,355.1,359.85,348.0,355.1,355.0,420571
2026-09-10,QUICKHEAL,QUICK HEAL TECH LTD,152.5,153.51,146.5,147.48,152.36,73128
2026-09-10,QUINT,QUINT DIGITAL LTD.,39.5,39.9,39.1,39.23,39.51,5768
2026-09-10,RKSWAMY,R K SWAMY LIMITED,94.41,95.06,90.3,91.47,93.04,25219
2026-09-10,RRIL,R R I L LTD.,16.1,16.64,15.8,15.97,16.1,5782
2026-09-10,RRKABEL,R R KABEL LIMITED,2428.9,2478.0,2415.1,2437.0,2419.8,571293
2026-09-10,RSYSTEMS,R SYS INTERNATIONAL LTD,242.89,245.15,240.04,243.05,243.27,107915
2026-09-10,RTSPOWR,R T S POWER CORPN. LTD.,88.66,91.89,88.0,88.07,88.66,1842
2026-09-10,RSSOFTWARE,R. S. SOFTWARE (INDIA) LI,29.48,29.68,29.0,29.21,29.48,11425
2026-09-10,RPPINFRA,R.P.P INFRA PROJECTS LTD,61.9,65.39,60.32,63.03,62.0,349542
2026-09-10,RACE,RACE ECO CHAIN LIMITED,98.78,99.0,96.0,96.43,96.38,3620
2026-09-10,RACLGEAR,RACL GEARTECH LIMITED,1643.9,1669.9,1568.5,1588.2,1633.9,35327
2026-09-10,RADAAN,RADAAN MEDIAWORKS (I) LTD,2.99,2.99,2.86,2.87,2.94,34059
2026-09-10,RADHIKAJWE,RADHIKA JEWELTECH LIMITED,87.49,90.38,83.15,84.15,87.14,2401430
2026-09-10,RADIANTCMS,RADIANT CASH MGMT SER LTD,38.2,38.2,36.4,37.53,40.25,577686
2026-09-10,RADICO,RADICO KHAITAN LTD,4396.2,4485.0,4396.2,4460.0,4414.0,119989
2026-09-10,RPEL,RAGHAV PRODUCTIVITY ENH L,1675.0,1793.8,1675.0,1743.5,1670.8,213981
2026-09-10,RVNL,RAIL VIKAS NIGAM LIMITED,208.0,211.25,205.0,205.6,207.0,5012189
2026-09-10,RAILTEL,RAILTEL CORP OF IND LTD,264.3,268.2,262.05,262.7,263.8,543638
2026-09-10,RAIN,RAIN INDUSTRIES LIMITED,223.1,224.97,216.2,217.28,222.5,4114741
2026-09-10,RAINBOW,RAINBOW CHILDRENS MED LTD,1449.0,1478.9,1442.5,1460.1,1451.1,75652
2026-09-10,ROML,RAJ OIL MILLS LIMITED,41.1,43.0,41.1,42.13,42.18,1352
2026-09-10,RAJTV,RAJ TV NETWORK LTD,8.02,8.41,7.8,7.82,8.21,73915
2026-09-10,RAJPALAYAM,RAJAPALAYAM MILLS LTD.,775.0,784.2,735.6,751.1,762.65,2021
2026-09-10,ARENTERP,RAJDARSHAN INDUSTRIES LTD,34.99,34.99,32.13,32.6,34.99,5299
2026-09-10,RAJMET,RAJNANDINI METAL LIMITED,3.33,3.33,3.21,3.26,3.29,251800
2026-09-10,RSL,RAJPUTANA STAINLESS LTD,191.33,192.61,186.0,186.7,190.09,172767
2026-09-10,RAJRATAN,RAJRATAN GLOBAL WIRE LTD,528.65,534.8,505.85,509.65,520.85,120155
2026-09-10,RAJSREESUG,RAJSHREE SUGAR & CHEMICAL,35.57,35.57,33.5,33.66,35.22,30972
2026-09-10,RALLIS,RALLIS INDIA LTD,204.01,205.1,201.95,203.06,204.01,593140
2026-09-10,RAMRAT,RAM RATNA WIRES LIMITED,529.0,547.45,527.9,536.75,527.35,205735
2026-09-10,RAMAPHO,RAMA PHOSPHATES LIMITED,123.26,125.99,122.5,123.57,123.07,12925
2026-09-10,RAMCOIND,RAMCO INDUSTRIES LIMITED,319.35,321.9,314.6,319.55,319.45,75109
2026-09-10,RAMCOSYS,RAMCO SYSTEMS LTD.,596.1,616.8,595.1,610.6,596.7,71037
2026-09-10,RKFORGE,RAMKRISHNA FORGINGS LTD,721.9,737.8,719.05,727.05,720.7,717946
2026-09-10,RAMKY,RAMKY INFRA LTD,338.5,340.5,335.0,335.9,339.0,15021
2026-09-10,RANASUG,RANA SUGARS LTD.,14.75,15.19,14.75,14.85,14.8,247543
2026-09-10,RML,RANE (MADRAS) LIMITED,1363.5,1440.0,1361.7,1408.9,1364.3,187566
2026-09-10,RANEHOLDIN,RANE HOLDINGS LIMITED,1686.4,1717.7,1675.0,1704.8,1686.4,6820
2026-09-10,RPTECH,RASHI PERIPHERALS LIMITED,797.3,814.8,765.0,806.45,794.6,423199
2026-09-10,RCF,RASHTRIYA CHEMICALS & FER,112.8,117.59,112.0,112.57,112.64,1662821
2026-09-10,RATEGAIN,RATEGAIN TRAVEL TECHN LTD,841.0,872.0,833.25,866.45,841.4,296382
2026-09-10,RATNAMANI,RATNAMANI MET & TUB LTD.,2870.4,2889.0,2785.0,2823.0,2859.2,93487
2026-09-10,RATNAVEER,RATNAVEER PRECISION ENG L,301.25,312.2,299.0,310.6,299.9,3836811
2026-09-10,RTNINDIA,RATTANINDIA ENT LIMITED,27.7,27.83,27.5,27.6,27.61,600161
2026-09-10,RTNPOWER,RATTANINDIA POWER LIMITED,7.27,7.35,7.2,7.25,7.25,14701929
2026-09-10,RKDL,RAVI KUMAR DIST. LTD.,18.7,18.7,18.3,18.32,18.21,1859
2026-09-10,RVHL,RAVINDER HEIGHTS LIMITED,39.5,41.19,39.0,39.45,40.23,13468
2026-09-10,RELTD,RAVINDRA ENERGY LIMITED,152.01,161.1,151.16,155.08,151.94,231262
2026-09-10,RAYMONDLSL,RAYMOND LIFESTYLE LIMITED,670.45,720.0,668.7,687.65,670.45,570900
2026-09-10,RAYMOND,RAYMOND LTD,811.05,859.4,810.45,853.85,808.45,3307236
2026-09-10,RAYMONDREL,RAYMOND REALTY LIMITED,575.65,580.95,567.1,572.05,580.65,277667
2026-09-10,RBLBANK,RBL BANK LIMITED,413.0,417.2,409.05,410.8,416.0,2711005
2026-09-10,RRECL,RDB REAL ESTATE CONS L,132.0,132.0,126.0,126.0,132.04,61
2026-09-10,RECLTD,REC LIMITED,313.9,316.9,312.65,313.8,314.5,3526950
2026-09-10,REDINGTON,REDINGTON LIMITED,389.0,403.25,380.3,392.0,378.05,23154564
2026-09-10,REDTAPE,REDTAPE LIMITED,116.6,117.68,114.75,115.06,116.57,148573
2026-09-10,REFEX,REFEX INDUSTRIES LIMITED,274.8,275.6,268.6,269.95,273.15,160584
2026-09-10,REGAAL,REGAAL RESOURCES LIMITED,85.9,87.25,85.5,85.73,85.8,110269
2026-09-10,REGENCERAM,REGENCY CERAMICS LTD.,37.0,37.0,34.51,36.05,35.49,3715
2026-09-10,RELAXO,RELAXO FOOT LTD.,331.0,352.05,323.55,326.9,326.1,638940
2026-09-10,GILT5YBEES,RELCAPAMC - NETFGILT5Y,66.54,66.54,66.26,66.28,66.36,105046
2026-09-10,RELIABLE,RELIABLE DATA SERVICE LTD,138.11,139.19,134.01,135.95,135.9,34606
2026-09-10,RELCHEMQ,RELIANCE CHEMOTEX IND LTD,115.38,116.8,112.3,113.69,115.38,993
2026-09-10,RIIL,RELIANCE INDUSTRIAL INFRA,733.0,733.85,711.0,714.85,724.95,52712
2026-09-10,RELIANCE,RELIANCE INDUSTRIES LTD,1278.5,1285.3,1266.3,1274.0,1279.0,9296079
2026-09-10,RPOWER,RELIANCE POWER LTD.,22.14,22.28,21.76,21.84,22.01,14929226
2026-09-10,IVZBANKNF,RELIGARAMC - IVZBANKNF,56.42,56.42,56.22,56.22,56.42,298
2026-09-10,IVZSENSEX,RELIGARAMC - IVZSENSEX,75.06,75.95,74.64,74.64,75.06,3263
2026-09-10,RELIGARE,RELIGARE ENTER. LTD.,255.3,261.59,254.35,258.78,256.65,1470503
2026-09-10,REMSONSIND,REMSONS INDUSTRIES LTD,98.11,98.99,95.15,96.32,98.1,83542
2026-09-10,RGL,RENAISSANCE GLOBAL LTD,146.5,158.0,144.57,156.48,147.19,2423183
2026-09-10,REPCOHOME,REPCO HOME FINANCE LTD,355.5,360.0,352.55,353.8,356.8,64220
2026-09-10,REPRO,REPRO INDIA LIMITED,315.2,315.2,303.25,306.9,314.0,154399
2026-09-10,RESPONIND,RESPONSIVE INDUSTRIES LTD,166.0,174.8,164.0,169.54,169.59,2901744
2026-09-10,RBA,RESTAURANT BRAND ASIA LTD,100.95,100.95,96.24,96.82,100.5,2882594
2026-09-10,RVTH,REVATHI EQUIPMENT INDIA L,790.0,793.95,755.0,762.5,787.3,1557
2026-09-10,RHETAN,RHETAN TMT LIMITED,25.27,25.27,25.27,25.27,26.6,90500
2026-09-10,RHIM,RHI MAGNESITA INDIA LTD,377.6,383.9,376.0,378.7,376.9,234053
2026-09-10,RICOAUTO,RICO AUTO INDUSTRIES LTD,130.25,131.5,129.6,130.31,130.42,416899
2026-09-10,RIR,RIR POWER ELECTRONICS L,184.01,191.1,176.05,177.38,184.9,2170322
2026-09-10,RISHABH,RISHABH INSTRUMENTS LTD,816.85,824.75,793.55,809.55,815.9,171348
2026-09-10,RITCO,RITCO LOGISTICS LIMITED,317.0,317.55,303.1,305.35,317.45,50250
2026-09-10,RITES,RITES LIMITED,212.1,216.07,209.68,210.8,211.13,455292
2026-09-10,RKEC,RKEC PROJECTS LIMITED,20.04,20.55,19.05,19.17,19.96,73562
2026-09-10,RMC,RMC SWITCHGEARS LIMITED,222.51,230.8,211.35,215.96,222.51,104694
2026-09-10,RHL,ROBUST HOTELS LIMITED,168.76,172.35,166.5,166.59,167.0,816
2026-09-10,ROLEXRINGS,ROLEX RINGS LIMITED,177.16,181.0,172.0,173.15,175.47,2475259
2026-09-10,ROSSARI,ROSSARI BIOTECH LIMITED,454.95,461.2,448.0,449.5,452.1,46876
2026-09-10,ROSSELLIND,ROSSELL INDIA LIMITED,57.49,57.49,55.83,56.1,57.19,18934
2026-09-10,ROSSTECH,ROSSELL TECHSYS LIMITED,1191.0,1215.2,1177.1,1206.6,1193.7,82882
2026-09-10,ROTO,ROTO PUMPS LIMITED,66.16,67.18,64.66,65.07,65.67,325196
2026-09-10,ROUTE,ROUTE MOBILE LIMITED,501.1,506.95,499.2,500.75,502.75,59372
2026-09-10,ROHLTD,ROYAL ORCHID HOTELS LTD,304.5,312.8,304.5,307.2,304.75,11856
2026-09-10,RPGLIFE,RPG LIFE SCIENCES LTD,2789.0,2844.0,2745.0,2782.7,2812.0,11654
2026-09-10,RPSGVENT,RPSG VENTURES LIMITED,860.0,863.6,836.5,840.2,863.7,43298
2026-09-10,RUBFILA,RUBFILA INTERNATIONAL LTD,69.0,69.0,67.05,68.09,67.89,24306
2026-09-10,RUBICON,RUBICON RESEARCH LIMITED,1816.1,1816.2,1777.0,1790.0,1810.5,143377
2026-09-10,RUCHINFRA,RUCHI INFRASTRUCTURE LTD,5.77,5.8,5.61,5.68,5.6,50981
2026-09-10,RUCHIRA,RUCHIRA PAPERS LIMITED,109.8,112.8,108.8,110.54,109.8,73974
2026-09-10,RUDRA,RUDRA GLOBAL INFRA PROD L,20.47,20.47,19.71,20.0,19.98,74633
2026-09-10,RUPA,RUPA & COMPANY LTD,141.03,143.23,140.11,140.45,141.03,120378
2026-09-10,RUSHIL,RUSHIL DECOR LIMITED,16.24,16.25,16.0,16.01,16.07,144936
2026-09-10,SAB,S A B INDUSTRIES LTD.,175.03,175.05,175.03,175.05,183.0,6
2026-09-10,SCHAND,S CHAND AND COMPANY LTD,135.03,136.0,134.1,135.42,135.01,11634
2026-09-10,SHK,S H KELKAR AND CO. LTD.,146.4,146.73,143.01,143.58,144.98,216431
2026-09-10,SVGLOBAL,S V GLOBAL MILL LTD.,150.33,150.35,140.7,140.8,147.65,711
2026-09-10,S&SPOWER,S&S POWER SWITCHGEARS LTD,331.3,355.9,331.3,342.6,342.05,3172
2026-09-10,SPAL,S. P. APPARELS LIMITED,1009.3,1059.0,1009.3,1029.7,1012.5,54077
2026-09-10,SALSTEEL,S.A.L. STEEL LTD.,78.35,79.59,75.5,76.63,79.19,288268
2026-09-10,SAATVIKGL,SAATVIK GREEN ENERGY LTD,422.0,422.0,400.0,402.05,416.0,65004
2026-09-10,SADBHAV,SADBHAV ENGINEERING LTD,8.43,8.43,7.9,8.06,8.3,158176
2026-09-10,SAFARI,SAFARI IND (INDIA) LTD,1517.1,1548.9,1496.4,1501.6,1534.2,13725
2026-09-10,SAGCEM,SAGAR CEMENTS LIMITED,151.0,153.74,148.0,150.34,150.94,50091
2026-09-10,SAGARDEEP,SAGARDEEP ALLOYS LIMITED,24.0,24.17,23.7,24.04,23.7,9234
2026-09-10,SAGILITY,SAGILITY LIMITED,45.1,45.14,44.3,44.41,45.2,9850961
2026-09-10,SAHYADRI,SAHYADRI INDUSTRIES LTD,377.2,386.55,369.65,383.35,377.05,11752
2026-09-10,SAICAPI,SAI CAPITAL LTD.,153.99,159.9,147.15,155.34,144.2,1950
2026-09-10,SAILIFE,SAI LIFE SCIENCES LIMITED,1675.4,1675.4,1585.0,1591.1,1675.4,1174342
2026-09-10,SAIPARENT,SAI PARENTERALS LIMITED,529.0,529.0,516.0,522.55,526.15,61345
2026-09-10,KALAMANDIR,SAI SILKS (KALAMANDIR) L,84.75,85.95,83.48,83.64,84.92,564322
2026-09-10,SEKURITIND,SAINT GOBAIN SEKUR IND L,112.82,113.17,111.42,112.43,111.7,20279
2026-09-10,SAKAR,SAKAR HEALTHCARE LIMITED,1149.0,1165.9,1084.0,1117.3,1152.35,91278
2026-09-10,SAKSOFT,SAKSOFT LIMITED,151.42,151.54,145.43,146.87,151.41,236398
2026-09-10,SAKHTISUG,SAKTHI SUGARS LTD,19.55,19.88,19.11,19.19,19.55,60402
2026-09-10,SAKUMA,SAKUMA EXPORTS LIMITED,1.62,1.63,1.57,1.59,1.6,672649
2026-09-10,SALASAR,SALASAR TECHNO ENGG. LTD.,5.1,5.12,5.02,5.03,5.08,3374525
2026-09-10,SALONA,SALONA COTSPIN LTD.,269.0,269.0,256.55,262.75,264.25,28
2026-09-10,SALZERELEC,SALZER ELECTRONICS LTD,550.0,557.4,543.85,550.15,552.15,30610
2026-09-10,SAMBANDAM,SAMBANDAM SPINNING MILL L,113.01,113.01,113.01,113.01,113.01,200
2026-09-10,SAMBHAAV,SAMBHAAV MEDIA LTD,5.78,6.05,5.65,5.82,5.78,60377
2026-09-10,SAMBHV,SAMBHV STEEL TUBES LTD,130.0,135.9,129.43,132.51,130.44,2348033
2026-09-10,SAMHI,SAMHI HOTELS LIMITED,151.1,172.5,151.1,160.2,152.43,14028183
2026-09-10,SAMMAANCAP,SAMMAAN CAPITAL LIMITED,150.5,152.22,147.5,149.77,150.13,5094753
2026-09-10,SAMPANN,SAMPANN UTPADAN INDIA LTD,24.89,24.89,23.67,24.11,23.99,30605
2026-09-10,MOTHERSON,SAMVRDHNA MTHRSN INTL LTD,163.7,164.7,162.33,163.2,163.7,5599332
2026-09-10,SANATHAN,SANATHAN TEXTILES LIMITED,479.0,492.7,477.55,483.1,480.35,210461
2026-09-10,SANDESH,SANDESH LTD,1042.9,1045.6,1016.0,1021.1,1028.7,377
2026-09-10,SANDHAR,SANDHAR TECHNOLOGIES LTD,622.5,644.0,621.15,627.25,625.0,168956
2026-09-10,SANDUMA,SANDUR MANG & IRON ORES L,201.01,202.55,195.73,196.74,201.01,364928
2026-09-10,SANGAMIND,SANGAM (INDIA) LTD,578.0,584.35,573.8,577.05,581.8,6591
2026-09-10,SANGHVIMOV,SANGHVI MOVERS LTD,444.0,444.85,431.3,434.15,443.05,129546
2026-09-10,SANOFICONR,SANOFI CONS HEALTHC IND L,4046.7,4180.0,4025.0,4089.6,4049.5,4993
2026-09-10,SANOFI,SANOFI INDIA LIMITED,3101.0,3120.0,3095.5,3106.0,3104.2,10873
2026-09-10,SANSERA,SANSERA ENGINEERING LTD,4120.0,4136.0,4047.0,4107.9,4135.9,157289
2026-09-10,SANSTAR,SANSTAR LIMITED,109.62,110.0,106.5,107.38,108.99,86730
2026-09-10,SAPPHIRE,SAPPHIRE FOODS INDIA LTD,228.0,230.01,223.15,224.11,227.61,418375
2026-09-10,ZSARACOM,SARASWATI COMM (INDIA) L,11277.0,11277.0,10590.0,11190.0,11002.0,26
2026-09-10,SSDL,SARASWATI SAREE DEPOT LTD,58.65,67.84,58.5,67.84,56.54,296352
2026-09-10,SARDAEN,SARDA ENERGY & MIN LTD,555.0,555.0,535.15,537.25,545.85,752808
2026-09-10,SAREGAMA,SAREGAMA INDIA LIMITED,503.5,515.0,500.85,505.15,500.55,434404
2026-09-10,SARLAPOLY,SARLA PERF. FIBERS LTD,101.6,102.78,100.7,101.31,101.46,31694
2026-09-10,SMLT,SARTHAK METALS LIMITED,63.39,63.9,59.8,61.44,62.15,5764
2026-09-10,SARVESHWAR,SARVESHWAR FOODS LIMITED,3.77,4.12,3.71,3.99,3.78,10094104
2026-09-10,SASKEN,SASKEN TECHNOLOGIES LTD,1860.5,1894.0,1770.0,1777.6,1857.1,32982
2026-09-10,SATIA,SATIA INDUSTRIES LIMITED,66.2,69.45,66.2,68.57,66.51,185198
2026-09-10,SATIN,SATIN CREDIT NET LTD,214.87,217.9,210.0,217.21,214.88,307384
2026-09-10,SAURASHCEM,SAURASHTRA CEMENT LIMITED,55.78,56.16,55.0,55.48,55.78,30104
2026-09-10,SOTL,SAVITA OIL TECHNOLO. LTD,692.7,705.35,685.0,697.1,689.6,257147
2026-09-10,SAYAJIHOTL,SAYAJI HOTELS LTD.,308.4,331.0,300.0,325.2,302.35,274
2026-09-10,SAYAJIIND,SAYAJI INDUSTRIES LTD.,115.99,115.99,115.99,115.99,116.0,25
2026-09-10,SBC,SBC EXPORTS LIMITED,48.92,49.38,48.0,48.05,48.68,10039752
2026-09-10,SBFC,SBFC FINANCE LIMITED,99.59,99.87,97.41,98.48,99.59,716501
2026-09-10,SBICARD,SBI CARDS & PAY SER LTD,663.0,671.0,660.55,666.3,668.4,1286184
2026-09-10,SBIFUNDS,SBI FUNDS MANAGEMENT LTD,551.0,555.8,550.05,551.0,552.65,591646
2026-09-10,SBILIFE,SBI LIFE INSURANCE CO LTD,1684.0,1706.2,1674.5,1700.6,1684.0,855621
2026-09-10,SETFGOLD,SBI-ETF GOLD,130.66,130.9,129.85,130.26,129.83,6272437
2026-09-10,SETFNIF50,SBI-ETF NIFTY 50,259.76,259.76,252.16,252.61,253.43,1118773
2026-09-10,SETFNIFBK,SBI-ETF NIFTY BANK,581.12,582.41,578.2,578.83,581.06,25458
2026-09-10,SETFNN50,SBI-ETF NIFTY NEXT 50,780.74,784.0,772.91,777.83,782.29,19264
2026-09-10,LIQUIDSBI,SBIAMC - LIQUIDSBI,999.99,1000.01,999.99,1000.0,999.99,30988
2026-09-10,SBIBPB,SBIAMC - SBIBPB,49.25,49.34,48.51,48.7,48.72,44509
2026-09-10,SBIETFCON,SBIAMC - SBIETFCON,120.47,120.47,118.45,118.65,119.01,56326
2026-09-10,SBIETFIT,SBIAMC - SBIETFIT,323.88,324.89,319.51,320.35,320.89,7497
2026-09-10,SBIETFPB,SBIAMC - SBIETFPB,283.89,283.89,278.31,278.52,280.11,930
2026-09-10,SBIETFQLTY,SBIAMC - SBIETFQLTY,217.04,218.12,215.91,216.53,218.0,638
2026-09-10,SBILIQETF,SBIAMC - SBILIQETF,1055.27,1055.29,1055.27,1055.27,1055.16,348800
2026-09-10,SBIMIDMOM,SBIAMC - SBIMIDMOM,63.99,63.99,63.35,63.53,63.99,42707
2026-09-10,SBINEQWETF,SBIAMC - SBINEQWETF,32.8,32.91,32.6,32.7,32.8,11822
2026-09-10,SBINMID150,SBIAMC - SBINMID150,23.09,23.1,22.92,22.95,23.09,14339
2026-09-10,SBISILVER,SBIAMC - SBISILVER,230.0,231.99,228.71,229.15,227.94,953345
2026-09-10,SBISMLETF,SBIAMC - SBISMLETF,18.4,18.64,18.28,18.46,18.48,87267
2026-09-10,SBIVALETF,SBIAMC - SBIVALETF,14.83,14.83,14.54,14.62,14.62,56826
2026-09-10,SETF10GILT,SBIAMC - SETF10GILT,264.18,265.44,263.08,264.48,264.18,1190
2026-09-10,SCHAEFFLER,SCHAEFFLER INDIA LIMITED,3934.9,3992.8,3930.1,3940.2,3933.8,19467
2026-09-10,SCHNEIDER,SCHNEIDER ELECTRIC INFRA,1199.7,1202.3,1170.4,1194.9,1193.8,223993
2026-09-10,SCODATUBES,SCODA TUBES LIMITED,132.01,132.08,128.82,129.21,130.99,92022
2026-09-10,SEAMECLTD,SEAMEC LIMITED,1778.2,1806.4,1765.0,1772.9,1772.6,55736
2026-09-10,SECMARK,SECMARK CONSULTANCY LTD,147.99,159.0,145.25,149.16,141.47,17484
2026-09-10,SECURKLOUD,SECUREKLOUD TECH LIMITED,17.0,17.19,16.7,16.92,16.96,6278
2026-09-10,SEDEMAC,SEDEMAC MECHATRONICS LTD,2824.3,2935.6,2824.3,2915.7,2850.4,105717
2026-09-10,SEJALLTD,SEJAL GLASS LIMITED,650.25,676.0,646.65,672.0,645.6,3755
2026-09-10,SEMAC,SEMAC CONSTRUCTION LTD,277.1,279.85,277.1,279.85,279.85,127
2026-09-10,SENCO,SENCO GOLD LIMITED,355.5,358.45,348.4,349.9,355.8,392329
2026-09-10,SENORES,SENORES PHARMACEUTICALS L,1489.8,1495.0,1460.0,1463.1,1488.6,91237
2026-09-10,SEPC,SEPC LIMITED,5.36,5.4,5.25,5.29,5.36,6530129
2026-09-10,SERVOTECH,SERVOTECH REN POW SYS LTD,77.84,79.29,77.06,77.62,77.84,221576
2026-09-10,STYL,SESHAASAI TECHNOLOGIES L,391.7,394.5,381.1,385.9,388.75,85709
2026-09-10,SESHAPAPER,SESHASAYEE PAPER & BOARDS,242.0,250.19,239.01,246.96,243.68,102354
2026-09-10,SGFIN,SG FINSERVE LIMITED,679.5,683.2,666.2,672.0,678.8,153561
2026-09-10,SGMART,SG MART LIMITED,776.05,785.0,763.0,766.55,772.9,400244
2026-09-10,SGLRES,SGL RESOURCES LIMITED,2.52,2.52,2.35,2.36,2.47,63379
2026-09-10,SHADOWFAX,SHADOWFAX TECHNOLOGIES L,251.2,255.7,247.0,255.1,251.2,2613346
2026-09-10,SHAH,SHAH METACORP LIMITED,3.54,3.66,3.46,3.54,3.51,3922764
2026-09-10,SHAILY,SHAILY ENG PLASTICS LTD,3450.0,3466.3,3360.1,3383.2,3455.0,102807
2026-09-10,SHAKTIPUMP,SHAKTI PUMPS (I) LTD,506.9,524.45,493.05,503.2,467.8,13943643
2026-09-10,SHALBY,SHALBY LIMITED,148.99,149.99,145.25,145.96,148.48,87771
2026-09-10,SAHLIBHFI,SHALIBHADRA FINANCE LTD,84.2,85.0,80.35,82.33,82.88,22392
2026-09-10,SRD,SHANKAR LAL RAMPAL LTD,39.6,40.0,38.09,38.5,39.33,61667
2026-09-10,SHANKARA,SHANKARA BLDG PRODUCT LTD,148.99,148.99,148.29,148.41,148.29,109702
2026-09-10,BUILDPRO,SHANKARA BUILDPRO LIMITED,1309.8,1360.0,1264.2,1272.2,1302.7,119521
2026-09-10,SHANKESH,SHANKESH JEWELLERS LTD,98.49,101.0,97.3,98.41,97.93,3637976
2026-09-10,SHANTIGEAR,SHANTHI GEARS LTD,696.05,743.0,689.1,725.45,707.75,312598
2026-09-10,SEIL,SHANTI EDU INITIATIVES L,197.73,197.73,189.94,195.02,195.28,213881
2026-09-10,SHANTIGOLD,SHANTI GOLD INTERNATION L,261.19,264.5,254.52,257.29,261.29,1253608
2026-09-10,SHANTI,SHANTI OVERSEAS INDIA LTD,6.26,6.5,6.17,6.2,6.26,11010
2026-09-10,SHINDL,SHARAT INDUSTRIES LTD.,160.05,162.5,160.0,161.98,160.76,305847
2026-09-10,SHARDACROP,SHARDA CROPCHEM LTD.,786.0,786.0,776.1,781.35,783.5,72793
2026-09-10,SHARDAMOTR,SHARDA MOTOR INDS LTD,919.5,959.0,900.1,946.25,909.3,220362
2026-09-10,SHAREINDIA,SHARE IND. SECURITIES LTD,191.48,212.33,191.01,196.32,189.46,58611177
2026-09-10,SFL,SHEELA FOAM LIMITED,683.5,702.0,667.65,697.95,687.0,356525
2026-09-10,SHERVANI,SHERVANI INDUSTRIAL SYN L,312.0,312.0,305.0,311.0,310.35,15
2026-09-10,SHILCTECH,SHILCHAR TECHNOLOGIES LTD,4131.0,4185.0,4099.0,4158.6,4089.2,12554
2026-09-10,SHILGRAVQ,SHILP GRAVURES LTD.,153.8,177.38,153.8,168.4,151.61,93780
2026-09-10,SHILPAMED,SHILPA MEDICARE LTD,968.95,974.0,931.3,939.9,960.6,682900
2026-09-10,SCILAL,SHIPPING CORP OF ILA LTD,38.43,38.95,38.0,38.46,38.43,200962
2026-09-10,SCI,SHIPPING CORP OF INDIA LT,287.75,291.15,284.4,285.2,287.35,1123388
2026-09-10,SHIPROCKET,SHIPROCKET LIMITED,132.6,133.34,128.5,129.17,132.37,2568729
2026-09-10,SHIVAUM,SHIV AUM STEELS LIMITED,465.0,476.0,400.0,461.45,464.35,898031
2026-09-10,SHIVACEM,SHIVA CEMENT LTD.,15.52,16.3,15.52,16.04,15.89,46357
2026-09-10,SHIVAAGRO,SHIVA GLOBAL AGRO INDS. L,42.0,42.0,39.5,40.32,41.99,1492
2026-09-10,SHIVAMILLS,SHIVA MILLS LIMITED,63.34,63.34,59.25,60.38,60.47,215
2026-09-10,SHIVATEX,SHIVA TEXYARN LIMITED,179.0,183.0,172.25,179.18,176.64,10363
2026-09-10,SBCL,SHIVALIK BIMETAL CON. LTD,1144.7,1148.2,1100.4,1112.0,1136.5,138832
2026-09-10,SHIVALIK,SHIVALIK RASAYAN LIMITED,398.0,411.8,362.75,366.8,384.9,375449
2026-09-10,SHIVAMAUTO,SHIVAM AUTO.LTD,17.39,17.39,16.66,16.68,16.86,23256
2026-09-10,SHOPERSTOP,SHOPPERS STOP LIMITED,377.05,390.0,375.2,377.55,379.3,19659
2026-09-10,SHRADDHA,SHRADDHA PRIME PROJECTS L,155.11,155.11,142.2,150.02,151.05,9404
2026-09-10,SHRADHA,SHRADHA REALTY LIMITED,30.99,32.0,29.9,31.19,30.84,19799
2026-09-10,SHREEPUSHK,SHRE PUSH CHEM & FERT LTD,503.4,511.45,489.1,491.6,501.2,85810
2026-09-10,SAPPL,SHREE AJIT PULP & PAPER L,290.35,298.85,281.3,286.05,287.5,4761
2026-09-10,SHREECEM,SHREE CEMENT LIMITED,22910.0,22990.0,22700.0,22785.0,22950.0,9990
2026-09-10,SHREDIGCEM,SHREE DIGVIJAY CEM CO LTD,70.62,71.47,68.4,69.09,70.96,114970
2026-09-10,SGRL,SHREE GANESH REMEDIES LTD,669.25,669.25,620.0,631.65,665.9,42088
2026-09-10,SRTL,SHREE RAM TWISTEX LIMITED,37.11,38.1,36.53,37.39,37.02,38337
2026-09-10,SHREERAMA,SHREE RAMA MULTI TECH LTD,46.49,47.3,44.22,45.88,45.0,207997
2026-09-10,RAMANEWS,SHREE RAMA NEWSPRINT LTD,33.02,33.02,32.1,32.15,32.69,8566
2026-09-10,RENUKA,SHREE RENUKA SUGARS LTD,24.51,25.34,24.35,24.82,24.35,18011981
2026-09-10,BALAJEE,SHREE TIRUPATI BALAJEE L,25.8,25.8,25.16,25.53,25.5,41722
2026-09-10,SHREEJISPG,SHREEJI SHIPPING GLOBAL L,716.5,721.5,704.1,713.1,713.1,1182838
2026-09-10,OSWALSEEDS,SHREEOSWAL S AND CHE LTD,13.7,15.6,13.2,14.75,13.08,1573719
2026-09-10,SHREYANIND,SHREYANS INDUSTRIES LTD,134.31,136.66,133.53,135.46,132.98,8075
2026-09-10,SHBAJRG,SHRI BAJRANG ALLIANCE L,159.6,159.97,157.12,159.5,158.99,486
2026-09-10,SHRJAGP,SHRI JAGDAMBA POLYMERS L,664.0,674.8,640.0,643.45,652.0,466
2026-09-10,SHRIKRISH,SHRI KRISHNA DEVCON LTD.,37.99,38.0,37.0,37.39,36.15,159
2026-09-10,VASUPRADA,SHRI VASUPRADA PLANTATI L,103.0,103.0,103.0,103.0,103.0,51
2026-09-10,SHRINGARMS,SHRINGAR HOU OF MANGALS L,219.99,220.0,216.1,216.79,218.7,186044
2026-09-10,LIQUIDSHRI,SHRIRAM - LIQUIDSHRI,1120.81,1120.81,1120.79,1120.8,1120.66,8838
2026-09-10,SHRIRAMFIN,SHRIRAM FINANCE LIMITED,1030.0,1039.0,1020.9,1038.0,1029.0,2757241
2026-09-10,SHRIRAMPPS,SHRIRAM PROPERTIES LTD,72.5,73.99,72.3,72.62,72.51,214076
2026-09-10,SHUKRAPHAR,SHUKRA PHARMACEUTICALS L,57.69,58.2,53.91,53.97,56.1,4087812
2026-09-10,SHYAMMETL,SHYAM METALICS AND ENGY L,1081.0,1088.7,1074.2,1086.1,1073.7,128947
2026-09-10,SHYAMTEL,SHYAM TELECOM LIMITED,11.44,11.58,11.1,11.5,11.43,4900
2026-09-10,SICAGEN,SICAGEN INDIA LIMITED,55.63,56.37,55.0,55.24,56.36,20126
2026-09-10,ENRIN,SIEMENS ENERGY INDIA LTD,3215.7,3228.2,3167.2,3179.1,3183.7,212471
2026-09-10,SIEMENS,SIEMENS LTD,3949.0,3987.9,3905.2,3954.4,3949.1,227398
2026-09-10,SIGACHI,SIGACHI INDUSTRIES LTD,35.6,38.77,35.36,37.56,35.27,13529422
2026-09-10,SIGMA,SIGMA SOLVE LIMITED,46.49,46.5,44.26,44.97,45.83,111147
2026-09-10,SIGNATURE,SIGNATUREGLOBAL INDIA LTD,785.0,791.75,770.0,772.35,786.8,193242
2026-09-10,SIGNPOST,SIGNPOST INDIA LIMITED,271.0,279.95,265.3,267.8,270.75,83178
2026-09-10,SIKA,SIKA INTERPLANT SYSTEMS L,999.9,1059.5,989.95,1024.85,993.4,75059
2026-09-10,SILINV,SIL INVESTMENTS LIMITED,460.0,467.3,445.25,451.0,461.45,1527
2026-09-10,SILGO,SILGO RETAIL LIMITED,71.09,72.8,70.5,71.74,71.09,11423
2026-09-10,SILVERTUC,SILVER TOUCH TECHNO LTD,161.1,161.1,143.97,152.0,159.96,2242513
2026-09-10,SIMPLEXINF,SIMPLEX INFRASTRUCTURES L,262.0,265.8,252.6,255.75,259.35,100611
2026-09-10,SIMPLXREA,SIMPLEX REALTY LTD.,138.0,138.8,127.0,132.5,132.23,414
2026-09-10,SINCLAIR,SINCLAIRS HOTELS LIMITED,82.0,83.69,80.36,81.58,82.96,20693
2026-09-10,SINDHUTRAD,SINDHU TRADE LINKS LTD,25.16,25.16,23.65,23.81,24.99,1497012
2026-09-10,SINGERIND,SINGER INDIA LIMITED,74.3,76.0,69.0,74.02,74.38,385095
2026-09-10,SINTERCOM,SINTERCOM INDIA LIMITED,84.73,84.74,79.4,79.82,83.9,51758
2026-09-10,SIRCA,SIRCA PAINT INDIA LIMITED,431.95,441.8,429.0,431.55,430.6,313161
2026-09-10,SIS,SIS LIMITED,429.6,429.6,421.4,422.95,426.55,439487
2026-09-10,SIYSIL,SIYARAM SILK MILLS LTD,533.9,551.0,533.1,547.0,530.45,34024
2026-09-10,SJS,SJS ENTERPRISES LIMITED,2296.9,2349.9,2281.2,2342.6,2295.2,97579
2026-09-10,SJVN,SJVN LTD,66.95,68.29,66.37,67.2,66.88,3722427
2026-09-10,SKFINDUS,SKF IND (INDUSTRIAL) LTD,3035.0,3035.0,2905.0,2935.4,2971.7,42276
2026-09-10,SKFINDIA,SKF INDIA LTD,1532.9,1540.0,1522.9,1531.6,1533.5,15804
2026-09-10,SKIPPER,SKIPPER LIMITED,593.9,596.15,574.5,583.0,593.95,1056778
2026-09-10,SKMEGGPROD,SKM EGG PROD EXPORT(I) LT,250.85,253.8,246.8,247.9,250.9,149927
2026-09-10,SKYGOLD,SKY GOLD AND DIAMONDS LTD,831.1,843.9,820.0,830.3,832.2,750031
2026-09-10,SKYWAYS,SKYWAYS AIR SERVICES LTD,114.0,114.2,109.3,111.19,113.59,2803163
2026-09-10,SMARTWORKS,SMARTWORKS COWORKING SP L,547.95,550.7,531.7,535.55,547.95,112126
2026-09-10,SMCGLOBAL,SMC GLOBAL SECURITIES LTD,84.0,95.0,82.5,85.64,83.93,35904423
2026-09-10,SMLMAH,SML MAHINDRA LIMITED,6510.0,6654.0,6241.5,6278.0,6570.0,70105
2026-09-10,SMSPHARMA,SMS PHARMACEUTICALS LTD.,410.55,421.0,407.0,417.45,407.3,561774
2026-09-10,SNOWMAN,SNOWMAN LOGISTICS LTD.,36.33,36.81,36.0,36.16,36.82,97879
2026-09-10,SOBHA,SOBHA LIMITED,1234.0,1255.0,1217.0,1235.7,1229.5,181083
2026-09-10,SOFTTECH,SOFTTECH ENGINEERS LTD,452.7,452.7,425.1,435.0,441.65,1259
2026-09-10,SOLARINDS,SOLAR INDUSTRIES (I) LTD,22350.0,22495.0,22180.0,22370.0,22355.0,58690
2026-09-10,SOLARA,SOLARA ACTIVE PHA SCI LTD,691.0,749.8,690.0,707.25,690.5,1463549
2026-09-10,SOLARWORLD,SOLARWORLD ENERGY SOL LTD,145.01,146.39,140.5,140.98,145.59,292863
2026-09-10,SOLEX,SOLEX ENERGY LIMITED,720.3,724.9,651.2,705.25,715.6,22358
2026-09-10,SDBL,SOM DIST & BREW LTD,71.6,72.29,70.69,70.87,71.68,425579
2026-09-10,SOMATEX,SOMA TEXTILES & INDUST LT,87.44,87.44,84.1,84.48,84.05,3736
2026-09-10,SOMANYCERA,SOMANY CERAMICS LIMITED,556.85,572.65,554.15,559.7,553.5,88278
2026-09-10,SOMICONVEY,SOMI CONVEYOR BELT. LTD.,90.11,102.59,90.06,92.76,90.87,99320
2026-09-10,SONACOMS,SONA BLW PRECISION FRGS L,798.0,813.15,792.2,803.5,799.5,1517259
2026-09-10,SONAL,SONAL MERCANTILE LTD.,89.0,91.99,89.0,90.08,88.58,240
2026-09-10,SONATSOFTW,SONATA SOFTWARE LTD,269.9,270.35,259.2,260.1,267.7,1071987
2026-09-10,SOUTHWEST,SOUTH WEST PINNACLE LTD,228.02,230.45,215.31,216.19,226.81,370671
2026-09-10,SPCENET,SPACENET ENTERS IND LTD,3.57,3.64,3.46,3.47,3.57,500547
2026-09-10,SPANDANA,SPANDANA SPHOORTY FIN LTD,232.76,235.18,229.93,232.17,232.61,102678
2026-09-10,SPENCERS,SPENCER S RETAIL LIMITED,29.5,29.8,28.15,28.64,29.22,81409
2026-09-10,SPIC,SPIC LTD,70.1,71.12,68.76,69.3,70.13,457757
2026-09-10,SPLIL,SPL INDUSTRIES LIMITED,31.0,31.01,30.5,30.5,31.33,1637
2026-09-10,SPMLINFRA,SPML INFRA LIMITED,173.93,176.55,172.5,173.0,173.93,97588
2026-09-10,SPORTKING,SPORTKING INDIA LIMITED,217.0,220.0,211.99,215.83,217.39,180996
2026-09-10,SHRIPISTON,SPR AUTO TECHNOLOGIES LTD,4500.8,4516.2,4432.0,4447.4,4500.8,29116
2026-09-10,SRHHYPOLTD,SREE RAYALSEEMA HHP LTD.,533.3,534.55,514.0,517.1,531.9,18403
2026-09-10,SREEL,SREELEATHERS LIMITED,350.5,400.0,350.5,370.3,345.01,487582
2026-09-10,SRF,SRF LTD,2517.0,2551.7,2504.0,2519.0,2520.0,210831
2026-09-10,SRGHFL,SRG HOUSING FINANCE L,195.0,224.85,195.0,195.0,243.75,126947
2026-09-10,HAVISHA,SRI HAVISHA HOSP & INFR L,1.35,1.37,1.33,1.34,1.35,32100
2026-09-10,SRM,SRM CONTRACTORS LIMITED,452.85,459.45,445.95,447.7,452.85,35913
2026-09-10,SETL,STANDARD ENGNG TCNLGY LTD,445.2,445.9,440.05,445.9,424.7,344586
2026-09-10,SIL,STANDARD INDUSTRIES LTD.,18.34,18.99,18.0,18.1,18.35,51287
2026-09-10,STANLEY,STANLEY LIFESTYLES LTD,139.31,139.45,136.14,137.43,138.41,89312
2026-09-10,STARCEMENT,STAR CEMENT LIMITED,192.3,195.48,190.5,194.68,192.32,219251
2026-09-10,STARHEALTH,STAR HEALTH & AL INS CO L,569.8,584.1,565.55,576.25,571.95,426891
2026-09-10,STARPAPER,STAR PAPER MILLS LTD,158.56,172.5,158.02,169.84,159.17,131116
2026-09-10,STARTECK,STARTECK FINANCE LIMITED,243.5,248.9,239.3,245.2,246.15,233
2026-09-10,SBIN,STATE BANK OF INDIA,1002.0,1011.9,1001.0,1009.7,1000.5,5504031
2026-09-10,SAIL,STEEL AUTHORITY OF INDIA,186.51,187.03,183.1,183.75,186.4,8060794
2026-09-10,STEELCITY,STEEL CITY SECURITIES LTD,84.68,93.0,84.2,91.4,84.07,183418
2026-09-10,STEELXIND,STEEL EXCHANGE INDIA LTD,12.25,12.9,12.0,12.17,12.0,28145206
2026-09-10,STLSTRINF,STEEL STRIPS INFRA L,18.64,18.9,17.4,17.67,18.64,2419
2026-09-10,SSWL,STEEL STRIPS WHEELS LTD.,371.0,375.0,363.15,373.6,371.45,696576
2026-09-10,STEELCAS,STEELCAST LIMITED,323.0,330.35,321.5,323.55,324.8,45339
2026-09-10,STEL,STEL HOLDINGS LIMITED,579.2,603.75,579.2,590.2,590.0,4036
2026-09-10,SGL,STL GLOBAL LIMITED,10.32,10.32,9.87,9.9,10.07,11807
2026-09-10,STLNETWORK,STL NETWORKS LIMITED,34.76,34.86,33.63,34.86,33.2,8127111
2026-09-10,STOVEKRAFT,STOVE KRAFT LIMITED,839.3,847.9,835.1,840.05,839.3,48566
2026-09-10,STAR,STRIDES PHARMA SCI LTD,1189.0,1223.0,1159.7,1217.0,1195.7,304120
2026-09-10,SWSOLAR,STRLNG & WIL REN ENE LTD,182.1,192.5,181.2,182.65,182.03,2401702
2026-09-10,STUDDS,STUDDS ACCESSORIES LTD,417.3,421.0,414.0,418.4,414.6,46750
2026-09-10,STYLAMIND,STYLAM INDUSTRIES LIMITED,3383.0,3383.2,3300.0,3310.6,3382.3,14083
2026-09-10,STYRENIX,STYRENIX PERFORMANCE LTD,2159.0,2170.0,2135.0,2142.9,2146.5,28582
2026-09-10,SUBEXLTD,SUBEX LTD,18.96,19.99,18.9,19.76,18.8,15258452
2026-09-10,SUBROS,SUBROS LIMITED,729.0,729.0,703.55,712.6,729.0,45641
2026-09-10,SUDARSCHEM,SUDARSHAN CHEMICAL INDS L,1261.0,1287.4,1246.5,1270.8,1262.3,490526
2026-09-10,SUDARCOLOR,SUDARSHAN COLORNT IND LTD,384.35,385.2,380.1,380.9,380.55,2765
2026-09-10,SUDEEPPHRM,SUDEEP PHARMA LIMITED,1226.0,1259.8,1213.5,1213.5,1277.3,283504
2026-09-10,SUKHJITS,SUKHJIT STARCH & CHEM LTD,161.2,162.76,159.05,159.99,160.03,24992
2026-09-10,SULA,SULA VINEYARDS LIMITED,139.0,141.3,138.07,138.28,139.35,341494
2026-09-10,SUMEDHA,SUMEDHA FISCAL SERVICES L,39.0,41.95,39.0,39.0,40.01,4591
2026-09-10,SUMEETINDS,SUMEET IND LIMITED,11.39,11.39,10.8,10.95,11.28,1464680
2026-09-10,SUMIT,SUMIT WOODS LIMITED,51.6,51.6,48.81,48.93,49.99,13255
2026-09-10,SUMICHEM,SUMITOMO CHEM INDIA LTD,478.35,485.5,473.15,480.9,481.75,699446
2026-09-10,SUMMITSEC,SUMMIT SECURITIES LTD,1425.0,1465.0,1415.2,1438.6,1411.8,5431
2026-09-10,SPARC,SUN PHARMA ADV.RES.CO.LTD,200.58,204.6,196.25,196.91,200.58,700852
2026-09-10,SUNPHARMA,SUN PHARMACEUTICAL IND L,1865.9,1875.3,1840.5,1861.0,1864.9,1178648
2026-09-10,SUNTV,SUN TV NETWORK LIMITED,451.0,459.8,450.3,455.55,449.3,289944
2026-09-10,SUNCLAY,SUNDARAM CLAYTON LIMITED,1288.4,1311.0,1282.0,1295.2,1286.0,4028
2026-09-10,SUNDARMFIN,SUNDARAM FINANCE LTD,4750.0,4750.0,4651.3,4703.0,4728.0,17626
2026-09-10,SUNDARAM,SUNDARAM MULTI PAP LTD,1.22,1.22,1.2,1.2,1.2,230555
2026-09-10,SUNDRMFAST,SUNDRAM FASTENERS LTD,1226.0,1347.2,1226.0,1256.1,1219.4,2102293
2026-09-10,SUNDROP,SUNDROP BRANDS LIMITED,668.5,685.0,662.05,669.15,668.1,37446
2026-09-10,SUNFLAG,SUNFLAG IRON AND STEEL CO,330.0,347.0,330.0,345.4,331.35,295191
2026-09-10,SUNLOC,SUNIL HEALTHCARE LTD.,78.78,78.78,75.5,75.5,78.0,173
2026-09-10,SUNRAKSHAK,SUNRAKSHAKK INDUS IND L,374.0,376.95,373.0,375.55,372.7,11408
2026-09-10,SUNSHIEL,SUNSHIELD CHEMICALS LTD.,1240.0,1251.8,1204.1,1231.7,1225.3,3247
2026-09-10,SUNSHINE,SUNSHINE PICTURES LIMITED,485.0,522.0,483.65,509.7,481.2,2019949
2026-09-10,SUNTECK,SUNTECK REALTY LIMITED,293.95,293.95,288.0,289.8,291.7,102409
2026-09-10,SUPERHOUSE,SUPERHOUSE LIMITED,183.0,186.7,168.15,171.67,180.05,37503
2026-09-10,SIEL,SUPERIOR INDUSTRIAL ENT L,29.0,29.35,29.0,29.35,29.35,379
2026-09-10,SUPRAJIT,SUPRAJIT ENGINEERING LTD,486.85,505.0,481.05,500.3,485.45,143145
2026-09-10,SUPREME,SUPREME HOLDIN N HOSP I L,35.0,35.82,34.32,34.7,35.17,38829
2026-09-10,SUPREMEIND,SUPREME INDUSTRIES LTD,3502.6,3512.2,3477.1,3510.0,3516.9,54496
2026-09-10,SUPREMEINF,SUPREME INFRA. LTD.,86.56,92.25,83.05,88.73,85.54,288397
2026-09-10,SPLPETRO,SUPREME PETROCHEM LIMITED,816.0,843.8,810.15,828.15,813.55,413527
2026-09-10,SUPRIYA,SUPRIYA LIFESCIENCE LTD,912.0,933.15,902.8,917.45,911.4,244416
2026-09-10,SURAJEST,SURAJ ESTATE DEVELOPERS L,170.0,179.47,170.0,177.0,169.91,362659
2026-09-10,SURAJLTD,SURAJ LIMITED,200.0,204.79,198.0,200.66,204.06,3232
2026-09-10,SURAKSHA,SURAKSHA DIAGNOSTIC LTD,338.35,338.35,325.65,327.85,335.65,44852
2026-09-10,SURANASOL,SURANA SOLAR LIMITED,25.76,25.98,25.2,25.63,25.78,15426
2026-09-10,SURANAT&P,SURANA TELECOM AND POW LT,16.15,16.3,16.0,16.05,16.24,37061
2026-09-10,SBGLP,SURATWWALA BUS GROUP LTD,24.05,24.28,19.2,22.44,23.99,485912
2026-09-10,SURYAROSNI,SURYA ROSHNI LTD,218.8,221.49,215.55,216.05,219.57,322557
2026-09-10,SURYALAXMI,SURYALAKSHMI COT MIL LTD,58.5,59.49,57.8,58.12,58.21,1209
2026-09-10,SURYALA,SURYALATA SPINNING MILL L,418.95,418.95,395.1,398.55,401.05,981
2026-09-10,SURYODAY,SURYODAY SMALL FIN BK LTD,153.0,153.9,150.5,151.06,153.42,132570
2026-09-10,SUVEN,SUVEN LIFE SCIENCES LTD,357.75,366.7,357.75,360.7,357.5,297186
2026-09-10,SUVIDHAA,SUVIDHAA INFOSERVE LTD,2.49,2.49,2.31,2.41,2.41,164465
2026-09-10,SUYOG,SUYOG TELEMATICS LIMITED,691.0,700.0,662.2,669.4,689.35,27272
2026-09-10,SUZLON,SUZLON ENERGY LIMITED,45.44,45.68,44.1,44.22,45.45,43668900
2026-09-10,SVPGLOB,SVP GLOBAL TEXTILES LTD,3.67,3.67,3.37,3.42,3.5,18905
2026-09-10,SWANCORP,SWAN CORP LIMITED,276.7,315.35,274.5,298.15,277.65,53152302
2026-09-10,SWARAJENG,SWARAJ ENGINES LTD,3594.3,3600.0,3541.6,3551.0,3594.3,7542
2026-09-10,SWARNSAR,SWARNSARITA JEWELS IND L,41.7,44.0,39.0,41.61,40.78,75776
2026-09-10,SWELECTES,SWELECT ENERGY SYS LTD,576.4,581.55,563.0,568.15,576.6,11018
2026-09-10,SWIGGY,SWIGGY LIMITED,284.1,284.45,278.6,279.0,282.75,11468920
2026-09-10,SYMBIOTEC,SYMBIOTEC PHARMALAB LTD,1142.0,1193.7,1115.35,1138.95,1133.7,2805864
2026-09-10,SYMPHONY,SYMPHONY LIMITED,609.05,617.9,602.0,606.95,618.6,96158
2026-09-10,SYNCOMF,SYNCOM FORMU (I) LTD,20.25,20.28,19.06,19.26,20.14,8403583
2026-09-10,SGIL,SYNERGY GREEN IND. LTD,600.55,606.4,600.0,602.0,600.55,3236
2026-09-10,SYNGENE,SYNGENE INTERNATIONAL LTD,390.0,390.0,383.0,384.0,386.8,187712
2026-09-10,SYRMA,SYRMA SGS TECHNOLOGY LTD,1616.0,1639.9,1594.0,1598.8,1622.4,738911
2026-09-10,TGVSL,T G V SRAAC LTD.,106.52,110.0,105.6,107.45,106.92,158109
2026-09-10,TTL,T T LIMITED,6.84,6.99,6.41,6.73,6.84,375671
2026-09-10,TAALTECH,TAAL TECH LTD.,4889.9,5260.0,4850.0,5198.7,4886.6,24471
2026-09-10,TAINWALCHM,TAINWALA CHEMICAL AND PLA,209.0,213.5,207.0,210.02,209.11,3826
2026-09-10,TAJGVK,TAJ GVK HOTELS & RESORTS,332.15,347.7,330.05,342.6,332.15,188257
2026-09-10,TAKE,TAKE LIMITED,16.78,16.78,16.78,16.78,15.99,44087
2026-09-10,TALBROAUTO,TALBROS AUTO. COMP. LTD,417.35,422.9,415.0,420.2,420.45,72274
2026-09-10,TMB,TAMILNAD MERCA BANK LTD,927.0,928.45,918.5,923.65,922.25,51371
2026-09-10,TNPL,TAMILNADU NEWSPRT & PAPER,156.58,158.49,153.5,154.03,155.34,364842
2026-09-10,TNPETRO,TAMILNADU PETROPRODUCTS L,137.86,139.69,132.14,133.14,137.6,854501
2026-09-10,TNTELE,TAMILNADU TELECOMMUNICATI,8.93,9.03,8.81,8.94,8.89,26707
2026-09-10,TANAA,TANEJA AEROSPACE & AVIA L,277.7,279.0,243.25,251.5,272.75,64866
2026-09-10,TANLA,TANLA PLATFORMS LIMITED,509.4,518.0,501.2,503.85,509.3,273285
2026-09-10,TARACHAND,TARA CHAND INFRA SOLN LTD,47.95,47.95,46.8,47.24,47.05,59324
2026-09-10,TARAPUR,TARAPUR TRANSFORMERS LTD,13.08,13.21,12.11,12.74,12.95,23544
2026-09-10,TARC,TARC LIMITED,130.0,132.49,128.0,128.56,129.78,496359
2026-09-10,TARMAT,TARMAT LIMITED,60.99,62.4,59.3,60.66,59.71,27556
2026-09-10,TARSONS,TARSONS PRODUCTS LIMITED,316.0,333.9,311.35,317.65,321.35,136445
2026-09-10,TASTYBITE,TASTY BITE EATABLES LTD,9809.0,10368.0,9734.0,10201.0,9824.0,6020
2026-09-10,TATACAP,TATA CAPITAL LIMITED,362.0,365.55,360.65,363.15,363.0,664000
2026-09-10,TATACHEM,TATA CHEMICALS LTD,603.05,617.05,603.05,610.55,603.05,692580
2026-09-10,TATACOMM,TATA COMMUNICATIONS LTD,1760.0,1782.0,1753.7,1764.4,1772.8,187640
2026-09-10,TCS,TATA CONSULTANCY SERV LT,2199.0,2232.0,2190.6,2204.1,2208.0,2490912
2026-09-10,TATACONSUM,TATA CONSUMER PRODUCT LTD,1004.0,1005.6,992.5,999.6,1001.0,1001929
2026-09-10,TATAELXSI,TATA ELXSI LIMITED,3384.0,3456.9,3370.0,3409.0,3383.0,208936
2026-09-10,TATAINVEST,TATA INVESTMENT CORP LTD,620.0,679.4,620.0,645.15,618.8,8165222
2026-09-10,TMCV,TATA MOTORS LIMITED,444.0,445.2,437.5,439.25,444.95,4477525
2026-09-10,TMPV,TATA MOTORS PASS VEH LTD,303.0,304.0,300.05,300.5,303.0,7512877
2026-09-10,TATAPOWER,TATA POWER CO LTD,369.7,369.7,363.95,367.0,370.0,2896528
2026-09-10,TATASTEEL,TATA STEEL LIMITED,189.0,189.0,185.0,186.78,188.75,23334612
2026-09-10,TATATECH,TATA TECHNOLOGIES LIMITED,789.9,803.0,773.0,779.05,787.65,739884
2026-09-10,TTML,TATA TELESERV(MAHARASTRA),36.14,36.64,35.9,35.91,36.13,1248091
2026-09-10,NETF,TATAAML - NETF,256.9,257.0,254.7,256.7,255.83,1013
2026-09-10,NPBET,TATAAML - NPBET,284.3,290.0,282.41,282.93,292.4,3160
2026-09-10,TNIDETF,TATAAML - TNIDETF,88.42,90.0,88.0,88.6,88.43,80115
2026-09-10,TATAGOLD,TATAAML-TATAGOLD,14.88,14.92,14.82,14.83,14.79,42926312
2026-09-10,TATSILV,TATAAML-TATSILV,22.97,22.99,22.66,22.69,22.6,39043618
2026-09-10,TATVA,TATVA CHIN PHARM CHEM LTD,1692.0,1750.0,1650.3,1659.2,1688.4,96077
2026-09-10,TBOTEK,TBO TEK LIMITED,1710.1,1715.2,1666.0,1671.6,1721.1,100199
2026-09-10,TCC,TCC CONCEPT LIMITED,52.2,58.97,51.81,53.62,51.5,56803097
2026-09-10,TCIEXP,TCI EXPRESS LIMITED,537.4,542.45,532.35,535.4,540.05,15584
2026-09-10,TCPLPACK,TCPL PACKAGING LIMITED,3822.0,3950.0,3822.0,3856.1,3819.7,9504
2026-09-10,TDPOWERSYS,TD POWER SYSTEMS LTD.,756.0,772.0,748.25,762.75,755.1,1289222
2026-09-10,TEAMGTY,TEAM INDIA GUARANTY LTD,242.89,242.89,235.0,235.32,238.43,977
2026-09-10,TEAMLEASE,TEAMLEASE SERVICES LTD.,1265.6,1280.5,1251.2,1253.9,1281.5,11448
2026-09-10,TECHM,TECH MAHINDRA LIMITED,1511.9,1544.7,1498.1,1525.8,1508.0,1405653
2026-09-10,TECHNOE,TECHNO ELEC & ENG CO. LTD,991.0,1012.7,975.1,977.85,985.3,258265
2026-09-10,TIIL,TECHNOCRAFT IND LTD,3170.0,3202.2,3099.9,3157.1,3170.2,44509
2026-09-10,TECHNOCRAF,TECHNOCRAFT VENTURES LTD,410.0,453.0,410.0,439.4,409.0,4534860
2026-09-10,TECHNVISN,TECHNVISION VENTURES LTD.,4950.0,4950.0,4682.5,4808.0,4928.5,135
2026-09-10,TECILCHEM,TECIL CHEMICALS,9.98,9.98,9.35,9.43,9.52,11648
2026-09-10,TEGA,TEGA INDUSTRIES LIMITED,1700.9,1780.6,1692.0,1721.6,1678.3,1131990
2026-09-10,TEJASNET,TEJAS NETWORKS LIMITED,575.9,592.05,546.35,549.8,575.9,4076904
2026-09-10,TEMBO,TEMBO GLOBAL IND LTD,57.05,57.89,57.0,57.12,57.45,345675
2026-09-10,TEMPSENS,TEMPSENS INST (INDIA) LTD,600.0,602.4,575.8,581.3,588.65,2165254
2026-09-10,TENNIND,TENNECO CLEAN AIR INDIA L,517.0,526.65,517.0,519.25,518.4,601567
2026-09-10,TERASOFT,TERA SOFTWARE LIMITED,256.0,263.8,250.4,253.55,255.4,14181
2026-09-10,TERAI,TERAI TEA CO. LTD.,129.99,129.99,124.0,125.85,123.31,546
2026-09-10,TEXINFRA,TEXMACO INFRA & HOLDG LTD,113.79,116.78,113.51,114.21,115.23,277127
2026-09-10,TEXRAIL,TEXMACO RAIL & ENG. LTD.,115.5,119.8,115.31,117.77,115.16,3303257
2026-09-10,TEXMOPIPES,TEXMO PIPE & PRODUCTS LTD,58.3,61.9,55.8,56.44,57.59,789095
2026-09-10,TGBHOTELS,TGB BANQUETS&HOTELS LTD,10.17,10.17,9.57,9.86,9.82,7344
2026-09-10,THAKDEV,THAKKERS DEVELOPERS LTD.,138.5,139.0,132.0,138.99,138.5,745
2026-09-10,THANGAMAYL,THANGAMAYIL JEWELLERY LTD,5129.0,5178.0,5031.5,5081.5,5118.0,90183
2026-09-10,ANUP,THE ANUP ENGINEERING LTD,1744.0,1760.9,1703.0,1719.4,1744.5,16776
2026-09-10,GESHIP,THE GE SHPG.LTD,1394.0,1426.9,1393.0,1400.2,1393.4,1104013
2026-09-10,GROBTEA,THE GROB TEA COMPANY LTD,940.05,980.05,940.05,960.0,945.95,127
2026-09-10,INDIACEM,THE INDIA CEMENTS LIMITED,352.0,353.65,346.6,347.95,351.55,36131
2026-09-10,INDHOTEL,THE INDIAN HOTELS CO. LTD,718.4,720.6,712.55,715.75,722.75,991880
2026-09-10,THEINVEST,THE INVEST TRUST OF IND L,99.2,100.0,96.5,97.34,97.46,5406
2026-09-10,NIACL,THE NEW INDIA ASSU CO LTD,205.9,207.45,196.26,197.35,205.51,5001728
2026-09-10,PKTEA,THE P K TEA PROD CO LTD,1169.0,1169.0,1072.4,1094.2,1136.3,10161
2026-09-10,PHOENIXLTD,THE PHOENIX MILLS LTD,1887.5,1914.8,1883.1,1890.0,1885.3,383380
2026-09-10,RAMCOCEM,THE RAMCO CEMENTS LIMITED,866.85,875.4,853.45,869.75,866.85,555763
2026-09-10,RUBYMILLS,THE RUBY MILLS LTD,485.0,485.0,441.2,445.9,474.85,31500
2026-09-10,SOUTHBANK,THE SOUTH INDIAN BANK LTD,46.48,46.48,45.76,46.08,46.41,5591541
2026-09-10,STCINDIA,THE STATE TRADING CORPN,114.0,114.78,113.21,113.25,113.74,13252
2026-09-10,UGARSUGAR,THE UGAR SUGAR WORKS LTD,50.78,51.56,49.5,49.92,50.49,298195
2026-09-10,WIPL,THE WESTERN INDIA PLY LTD,169.2,169.5,163.0,164.55,169.52,4170
2026-09-10,THEJO,THEJO ENGINEERING LIMITED,2140.7,2220.0,2140.7,2197.4,2150.1,8107
2026-09-10,THEMISMED,THEMIS MEDICARE LTD.,132.71,134.0,131.5,132.07,132.71,80188
2026-09-10,THERMAX,THERMAX LTD,3632.1,3719.8,3625.3,3645.4,3638.6,112142
2026-09-10,TIRUMALCHM,THIRUMALAI CHEMICALS LTD,158.84,163.7,157.0,157.52,157.81,474593
2026-09-10,THOMASCOOK,THOMAS COOK (INDIA) LTD,109.2,110.9,107.71,108.35,109.13,494762
2026-09-10,THOMASCOTT,THOMAS SCOTT (INDIA) LTD,252.0,260.9,238.35,243.9,250.6,124120
2026-09-10,THYROCARE,THYROCARE TECH LTD,568.9,569.55,553.65,557.7,566.85,303873
2026-09-10,TIGERLOGS,TIGER LOGISTICS (INDIA) L,27.58,27.88,27.36,27.73,27.36,64523
2026-09-10,TI,TILAKNAGAR INDUSTRIES LTD,529.5,549.35,528.6,535.75,530.9,370739
2026-09-10,TIMETECHNO,TIME TECHNOPLAST LTD.,184.6,187.44,183.0,184.87,184.99,2051244
2026-09-10,TIMEX,TIMEX GROUP INDIA LTD.,625.0,638.65,618.3,627.1,623.35,232843
2026-09-10,TIMKEN,TIMKEN INDIA LTD.,3189.3,3321.0,3120.0,3297.2,3173.4,72555
2026-09-10,TINNARUBR,TINNA RUBBER AND INFR LTD,1051.0,1055.9,1020.15,1028.6,1047.9,40611
2026-09-10,TIPSFILMS,TIPS FILMS LIMITED,329.85,331.95,326.0,327.4,326.65,1392
2026-09-10,TIPSMUSIC,TIPS MUSIC LIMITED,658.55,674.4,644.05,658.4,650.8,528038
2026-09-10,TITAGARH,TITAGARH RAIL SYSTEMS LTD,878.0,901.8,855.6,859.2,876.35,970891
2026-09-10,TITAN,TITAN COMPANY LIMITED,5000.5,5021.0,4974.5,5021.0,5005.0,336565
2026-09-10,TOKYOPLAST,TOKYO PLAST INTL LTD,78.0,78.0,75.15,76.81,74.65,353
2026-09-10,TOLINS,TOLINS TYRES LIMITED,91.2,92.86,90.7,90.96,91.45,31876
2026-09-10,TORNTPHARM,TORRENT PHARMACEUTICALS L,5000.0,5000.0,4921.0,4930.0,4930.0,190249
2026-09-10,TORNTPOWER,TORRENT POWER LTD,1305.7,1309.3,1287.8,1296.3,1305.7,110609
2026-09-10,TOUCHWOOD,TOUCHWOOD ENTERTAIN LTD.,62.4,63.0,61.13,61.16,61.0,1415
2026-09-10,TFCILTD,TOURISM FINANCE CORP. OF,141.77,144.18,141.0,143.17,141.69,4319155
2026-09-10,TOYAMSL,TOYAM SPORTS LTD.,0.67,0.68,0.63,0.63,0.65,2174611
2026-09-10,TPLPLASTEH,TPL PLASTECH LIMITED,68.68,68.99,67.33,68.2,68.03,129788
2026-09-10,TRACXN,TRACXN TECHNOLOGIES LTD,29.15,29.44,28.0,28.61,29.15,267220
2026-09-10,TARIL,TRANS & RECTI. LTD,297.5,299.25,288.85,289.95,296.9,1129752
2026-09-10,TRANSCOR,TRANSCORP INTERNATIONAL L,25.86,27.0,25.05,25.05,25.95,6327
2026-09-10,TREL,TRANSINDIA REAL ESTATE L,27.39,27.53,26.7,26.94,26.99,70457
2026-09-10,TCI,TRANSPORT CORPN OF INDIA,867.45,872.9,853.0,856.9,867.95,21739
2026-09-10,TRANSRAILL,TRANSRAIL LIGHTING LTD,424.0,424.9,417.55,419.2,424.05,357838
2026-09-10,TFL,TRANSWARRANTY FIN. LTD.,12.74,12.74,12.0,12.11,11.92,3804
2026-09-10,TRAVELFOOD,TRAVEL FOOD SERVICES LTD,1298.0,1298.0,1278.1,1285.9,1298.6,16562
2026-09-10,TREEHOUSE,TREE HOUSE EDU LTD,5.96,6.29,5.9,5.95,5.94,13053
2026-09-10,TREJHARA,TREJHARA SOLUTIONS LTD,149.4,149.8,145.0,145.33,147.76,7570
2026-09-10,TRENT,TRENT LTD,2811.0,2835.0,2800.0,2818.7,2820.0,503802
2026-09-10,TRF,TRF LIMITED,229.4,232.0,218.35,220.8,228.79,27500
2026-09-10,TBZ,TRIB BHIMJI ZAVERI LTD,511.0,542.9,501.25,501.25,527.6,1594014
2026-09-10,TRIDENT,TRIDENT LIMITED,23.82,23.96,23.5,23.59,23.79,2209137
2026-09-10,TRIGYN,TRIGYN TECHNOLOGIES LTD,58.4,59.39,56.2,57.03,57.39,31717
2026-09-10,TRITONV,TRITON VALVES LTD.,1140.6,1155.0,1121.6,1133.3,1140.6,3031
2026-09-10,TRIVENI,TRIVENI ENGG. & INDS. LTD,268.5,273.0,263.0,263.95,268.8,411213
2026-09-10,TRITURBINE,TRIVENI TURBINE LIMITED,565.1,574.45,555.1,560.85,565.05,1145463
2026-09-10,TRUALT,TRUALT BIOENERGY LIMITED,423.05,424.05,414.35,419.65,421.15,92623
2026-09-10,TRU,TRUCAP FINANCE LIMITED,4.33,4.33,4.13,4.28,4.18,85955
2026-09-10,TSFINV,TSF INVESTMENTS LIMITED,422.1,444.3,420.6,441.15,422.9,183455
2026-09-10,TTKHLTCARE,TTK HEALTHCARE LIMITED,1190.6,1193.3,1117.0,1134.4,1184.0,64448
2026-09-10,TTKPRESTIG,TTK PRESTIGE LTD,545.0,547.55,536.6,540.2,541.35,31877
2026-09-10,TIINDIA,TUBE INVEST OF INDIA LTD,2670.0,2674.5,2632.5,2652.0,2678.3,174561
2026-09-10,TURTLEMINT,TURTLEMINT FINTECH SOLS L,135.59,137.0,130.2,131.84,134.62,894619
2026-09-10,TUTIALKA,TUTICORIN ALKAL CH & FE L,57.15,59.45,56.25,58.48,58.38,22118
2026-09-10,TVTODAY,TV TODAY NETWORK LTD,110.07,112.63,108.63,109.7,110.06,25559
2026-09-10,TVSELECT,TVS ELECTRONICS LTD,411.1,417.2,409.0,410.45,414.85,15852
2026-09-10,TVSHLTD,TVS HOLDINGS LIMITED,13119.0,13250.0,13000.0,13134.0,13119.0,3702
2026-09-10,TVSMOTOR,TVS MOTOR COMPANY  LTD,4151.1,4184.8,4098.7,4121.5,4151.1,550990
2026-09-10,TVSSRICHAK,TVS SRICHAKRA LIMITED,5169.0,5287.5,5118.0,5222.5,5169.0,5894
2026-09-10,TVSSCS,TVS SUPPLY CHAIN SOL L,124.6,130.39,123.0,128.73,124.65,952295
2026-09-10,UPHOT,U P HOTELS LTD.,1360.0,1450.0,1360.0,1428.0,1400.0,259
2026-09-10,UCOBANK,UCO BANK,23.99,24.2,23.76,23.93,23.98,3531333
2026-09-10,UDAYJEW,UDAY JEWELLERY INDS. LTD.,176.0,180.89,175.0,175.12,174.55,90402
2026-09-10,USK,UDAYSHIVAKUMAR INFRA LTD,21.49,21.49,20.42,20.56,20.86,32729
2026-09-10,UFLEX,UFLEX LIMITED,690.0,690.05,670.0,672.6,680.15,104598
2026-09-10,UFO,UFO MOVIEZ INDIA LTD.,63.74,63.9,63.0,63.08,63.13,6766
2026-09-10,UGROCAP,UGRO CAPITAL LIMITED,83.52,84.25,82.99,83.17,83.44,114156
2026-09-10,UEL,UJAAS ENERGY LIMITED,200.0,206.8,196.8,196.8,207.15,34173
2026-09-10,UJJIVANSFB,UJJIVAN SMALL FINANC BANK,64.85,66.73,64.05,66.52,64.12,14339627
2026-09-10,ULTRAMAR,ULTRAMARINE & PIGMENTS L,428.95,436.8,426.1,433.35,427.5,54884
2026-09-10,ULTRACEMCO,ULTRATECH CEMENT LIMITED,10896.0,10979.0,10858.0,10979.0,10900.0,270894
2026-09-10,UMIYA-MRO,UMIYA BUILDCON LIMITED,97.0,97.95,93.6,94.84,99.46,19475
2026-09-10,UNICHEMLAB,UNICHEM LABORATORIES LTD,543.5,549.5,527.55,532.7,542.7,73010
2026-09-10,UNIECOM,UNICOMMERCE ESOLUTIONS L,85.21,86.0,84.35,84.77,85.5,121873
2026-09-10,UNIINFO,UNIINFO TELECOM SERVI LTD,11.0,11.54,10.91,11.27,11.25,2330
2026-09-10,UNIMECH,UNIMECH AEROSPACE N MFG L,1600.1,1602.3,1557.1,1568.1,1586.4,132067
2026-09-10,UNIONBANK,UNION BANK OF INDIA,182.69,184.44,177.62,179.2,183.89,8544176
2026-09-10,UNIONGOLD,UNIONAMC - UNIONGOLD,148.05,150.45,148.05,149.35,149.0,3497
2026-09-10,UNIPARTS,UNIPARTS INDIA LIMITED,900.0,910.0,889.95,893.85,894.05,208073
2026-09-10,UNIENTER,UNIPHOS ENTERPRISES LTD,94.0,94.0,91.5,91.55,92.56,4203
2026-09-10,UNITECH,UNITECH LTD,3.92,4.31,3.92,4.22,3.92,17405158
2026-09-10,UBL,UNITED BREWERIES LTD,1260.4,1274.0,1253.6,1256.7,1266.7,43033
2026-09-10,UNITEDTEA,UNITED NILGIRI TEA LTD,439.9,444.75,435.0,435.8,439.9,5789
2026-09-10,UNITEDPOLY,UNITED POLYFAB GUJ. LTD.,43.0,44.0,42.3,43.07,42.93,88234
2026-09-10,UNITDSPR,UNITED SPIRITS LIMITED,1405.2,1416.1,1391.4,1400.0,1405.2,432902
2026-09-10,UNIVCABLES,UNIVERSAL CABLES LTD,1545.5,1577.2,1522.8,1556.9,1543.6,65126
2026-09-10,UNOMINDA,UNO MINDA LIMITED,1239.4,1241.0,1218.2,1224.8,1229.0,474437
2026-09-10,UDS,UPDATER SERVICES LIMITED,206.0,215.13,203.0,214.07,207.42,328911
2026-09-10,UPL,UPL LIMITED,578.0,578.6,572.5,575.3,575.7,1242223
2026-09-10,URBANCO,URBAN COMPANY LIMITED,171.5,173.0,163.6,164.56,171.59,6694497
2026-09-10,URJA,URJA GLOBAL LIMITED,9.1,9.14,8.99,9.0,9.05,505944
2026-09-10,UMESLTD,USHA MARTIN EDU & SOL LTD,5.07,5.08,4.96,5.01,5.08,6984
2026-09-10,USHAMART,USHA MARTIN LTD.,495.0,497.4,490.25,495.75,498.65,781944
2026-09-10,UTIAMC,UTI ASSET MNGMT CO LTD,894.0,923.0,890.0,921.45,900.9,208731
2026-09-10,LIQUIDBETA,UTIAMC - LIQUIDBETA,1007.41,1007.41,1007.39,1007.41,1007.41,36
2026-09-10,NIF500BETA,UTIAMC - NIF500BETA,36.33,37.06,36.33,36.94,37.08,881
2026-09-10,BANKBETA,UTIAMC-BANKBETA,58.46,58.6,58.2,58.29,58.54,263273
2026-09-10,GILT10BETA,UTIAMC-GILT10BETA,26.79,26.79,26.28,26.71,26.79,917
2026-09-10,GILT5BETA,UTIAMC-GILT5BETA,67.2,67.2,65.99,67.19,67.02,1611
2026-09-10,ITBETA,UTIAMC-ITBETA,306.16,314.0,302.53,309.14,305.6,782
2026-09-10,MIDCAPBETA,UTIAMC-MIDCAPBETA,232.55,234.9,231.5,232.43,233.03,636
2026-09-10,NEXT50BETA,UTIAMC-NEXT50BETA,79.0,79.0,78.12,78.34,78.75,46573
2026-09-10,NIFTYBETA,UTIAMC-NIFTYBETA,263.57,263.57,259.91,260.06,260.87,23635
2026-09-10,SENSEXBETA,UTIAMC-SENSEXBETA,834.0,844.0,828.5,840.98,834.77,1979
2026-09-10,SILVERBETA,UTIAMC-SILVERBETA,226.6,228.58,225.4,225.65,224.56,512145
2026-09-10,SNXT50BETA,UTIAMC-SNXT50BETA,95.58,95.58,92.1,93.19,94.62,3299
2026-09-10,GOLDBETA,UTIAMC-UTIGOLDBETA,128.5,129.2,128.35,128.5,128.25,685844
2026-09-10,UTKARSHBNK,UTKARSH SMALL FIN BANK L,15.75,15.9,14.01,14.8,15.9,53894436
2026-09-10,UTTAMSUGAR,UTTAM SUGAR MILLS LTD.,285.6,287.0,278.2,282.4,283.75,179791
2026-09-10,VTMLTD,V T M LTD.,55.65,56.68,50.8,52.72,55.8,43596
2026-09-10,VGUARD,V-GUARD IND LTD.,327.9,331.7,324.3,328.75,326.95,389120
2026-09-10,V2RETAIL,V2 RETAIL LIMITED,219.0,220.5,217.11,218.13,219.67,528322
2026-09-10,WABAG,VA TECH WABAG LTD,2134.9,2224.3,2116.8,2211.8,2130.9,1260627
2026-09-10,VADILENT,VADILAL ENTERPRISES LTD.,10400.0,10401.0,10400.0,10400.0,10401.0,105
2026-09-10,VADILALIND,VADILAL INDUSTRIES LTD,7436.5,7521.0,7161.0,7256.5,7462.0,18654
2026-09-10,VAIBHAVGBL,VAIBHAV GLOBAL LIMITED,213.5,221.79,213.0,215.96,214.25,257975
2026-09-10,VAISHALI,VAISHALI PHARMA LIMITED,8.3,8.69,8.01,8.57,8.14,204884
2026-09-10,VAKRANGEE,VAKRANGEE LIMITED,5.5,5.55,5.4,5.47,5.52,939918
2026-09-10,DBREALTY,VALOR ESTATE LIMITED,99.4,102.36,99.4,100.19,99.26,1079190
2026-09-10,VHL,VARDHMAN HOLDINGS LIMITED,3470.9,3549.9,3404.5,3443.0,3453.6,512
2026-09-10,VARDMNPOLY,VARDHMAN POLYTEX LTD.,6.03,6.06,5.91,5.94,5.91,130934
2026-09-10,VSSL,VARDHMAN SPC STEEL LTD,365.6,423.85,363.0,392.0,362.75,8306199
2026-09-10,VTL,VARDHMAN TEXTILES LIMITED,580.1,587.6,572.35,575.6,583.0,287496
2026-09-10,VARROC,VARROC ENGINEERING LTD.,842.35,889.95,842.35,884.4,839.4,1468228
2026-09-10,VBL,VARUN BEVERAGES LIMITED,409.0,415.5,405.35,410.5,407.0,7713560
2026-09-10,VGL,VARVEE GLOBAL LIMITED,56.7,58.31,54.5,57.78,54.77,279228
2026-09-10,VASCONEQ,VASCON ENGINEERS LTD,29.68,30.33,29.65,30.15,29.7,225491
2026-09-10,VASWANI,VASWANI IND LTD,46.52,47.21,46.0,46.41,45.75,33025
2026-09-10,MANYAVAR,VEDANT FASHIONS LIMITED,589.5,589.5,572.8,576.6,581.35,183468
2026-09-10,VAML,VEDANTA ALUMINIUM METAL L,445.8,449.6,436.1,437.05,445.3,4113436
2026-09-10,VISL,VEDANTA IRON AND STEEL L,33.4,33.88,33.21,33.37,33.38,11464492
2026-09-10,VEDL,VEDANTA LIMITED,273.75,275.1,268.8,269.05,272.5,4834991
2026-09-10,VOGL,VEDANTA OIL AND GAS LTD,36.46,37.19,36.25,36.37,36.27,23606914
2026-09-10,VEDPOWER,VEDANTA POWER LIMITED,34.39,34.5,33.81,33.96,34.28,10913217
2026-09-10,VEDAVAAG,VEDAVAAG SYSTEMS LTD.,18.7,22.21,18.51,22.21,18.51,526243
2026-09-10,VEEDOL,VEEDOL CORPORATION LTD,1442.4,1455.0,1432.5,1437.7,1437.0,5202
2026-09-10,VENKEYS,VENKY S (INDIA) LIMITED,1690.0,1740.0,1682.1,1706.7,1694.7,83868
2026-09-10,VENTIVE,VENTIVE HOSPITALITY LTD,558.3,573.95,558.3,569.8,569.7,49112
2026-09-10,VENUSPIPES,VENUS PIPES & TUBES LTD,1931.8,1992.2,1909.6,1949.1,1930.1,171606
2026-09-10,VERANDA,VERANDA LEARNING SOL LTD,235.49,235.59,229.65,230.51,233.79,90890
2026-09-10,VERTOZ,VERTOZ LIMITED,37.8,40.65,37.8,39.42,38.1,128888
2026-09-10,VESUVIUS,VESUVIUS INDIA LTD,421.0,424.95,413.2,416.1,420.85,123836
2026-09-10,VSTL,VIBHOR STEEL TUBES LTD,123.5,124.9,120.0,120.17,123.41,5743
2026-09-10,VGCL,VIBRANT GLOBAL CAPITAL L,50.31,50.5,48.27,49.42,48.27,4211
2026-09-10,VIDHIING,VIDHI SPCLTY F INGRDNTS L,347.45,349.9,338.1,338.9,350.2,17805
2026-09-10,VIDYAWIRES,VIDYA WIRES LIMITED,90.33,91.5,89.31,90.21,89.76,700002
2026-09-10,VIJSOLX,VIJAY SOLVEX LTD.,642.5,652.0,611.0,625.9,642.5,1932
2026-09-10,VIJAYA,VIJAYA DIAGNOSTIC CEN LTD,1495.0,1516.8,1494.7,1498.8,1498.9,87796
2026-09-10,VIKASECO,VIKAS ECOTECH LIMITED,1.06,1.08,1.04,1.05,1.06,3504047
2026-09-10,VIKASLIFE,VIKAS LIFECARE LIMITED,1.25,1.26,1.22,1.23,1.25,1778465
2026-09-10,VIKRAMSOLR,VIKRAM SOLAR LIMITED,167.38,168.3,165.1,165.61,166.59,960872
2026-09-10,VIKRAN,VIKRAN ENGINEERING LTD,58.2,59.1,57.5,57.64,58.5,769420
2026-09-10,VIMTALABS,VIMTA LABS LIMITED,625.1,641.25,625.1,634.95,628.15,104764
2026-09-10,VINATIORGA,VINATI ORGANICS LTD,1330.0,1337.6,1308.0,1312.4,1334.4,42615
2026-09-10,VINDHYATEL,VINDHYA TELELINKS LTD,2930.0,2948.6,2800.1,2818.3,2916.4,61035
2026-09-10,VINEETLAB,VINEET LABORATORIES LTD,37.14,37.65,35.5,35.79,37.14,61159
2026-09-10,VINNY,VINNY OVERSEAS LIMITED,1.02,1.02,1.0,1.0,1.0,323408
2026-09-10,VINCOFE,VINTAGE COFFEE N BVRGS L,179.0,183.0,176.18,176.93,178.4,3362417
2026-09-10,VINYLINDIA,VINYL CHEMICALS (I) LTD.,222.9,225.89,220.11,221.63,222.62,4739
2026-09-10,VIPCLOTHNG,VIP CLOTHING LIMITED,21.86,22.43,20.65,21.26,21.47,103793
2026-09-10,VIPIND,VIP INDUSTRIES LTD,305.2,307.85,300.3,301.55,305.0,348354
2026-09-10,VIRAT,VIRAT INDUSTRIES LTD.,432.35,460.35,432.35,450.35,450.2,13675
2026-09-10,VIRINCHI,VIRINCHI LIMITED,14.15,14.25,14.02,14.16,14.17,55005
2026-09-10,VOEPL,VIRTUOSO OPTOELECTRONIC L,550.0,555.75,528.2,531.85,552.45,76519
2026-09-10,VISACHROME,VISA CHROME LIMITED,35.74,36.32,34.55,34.9,35.09,26010
2026-09-10,VIVIDHA,VISAGAR POLYTEX LTD,0.51,0.53,0.51,0.51,0.52,134051
2026-09-10,VISAKAIND,VISAKA INDUSTRIES LIMITED,91.2,94.8,91.2,91.91,91.99,216486
2026-09-10,VISHAL,VISHAL FABRICS LTD.,18.57,18.57,17.81,18.17,18.21,58458
2026-09-10,VMM,VISHAL MEGA MART LIMITED,103.15,103.4,102.51,103.4,103.18,4752690
2026-09-10,VISHNU,VISHNU CHEMICALS LIMITED,709.7,731.0,709.7,723.8,709.05,82846
2026-09-10,VPRPL,VISHNU PRAKASH R PUNGLI L,35.0,39.0,34.7,37.12,35.11,2532059
2026-09-10,VISHWARAJ,VISHWARAJ SUGAR IND LTD,5.75,5.79,5.61,5.62,5.66,346180
2026-09-10,VITAL,VITAL CHEMTECH LIMITED,56.99,57.99,52.69,55.96,55.46,24027
2026-09-10,VIVIANA,VIVIANA POWER TECH LTD,762.4,795.0,758.0,769.15,769.55,24002
2026-09-10,VIVOBIOT,VIVO BIO TECH LTD.,18.82,18.82,16.75,16.99,18.64,112181
2026-09-10,VIYASH,VIYASH SCIENTIFIC LIMITED,261.0,263.4,255.45,260.45,261.9,3107823
2026-09-10,VLEGOV,VL E GOV AND IT SOL LTD,10.32,10.56,9.83,9.87,10.34,229029
2026-09-10,VLSFINANCE,VLS FINANCE LTD,245.22,248.4,243.61,244.68,246.31,7585
2026-09-10,VMART,VMART RETAIL LTD,805.0,825.0,800.1,817.8,821.2,60366
2026-09-10,VMSTMT,VMS TMT LIMITED,44.03,44.45,44.0,44.09,44.11,9836
2026-09-10,IDEA,VODAFONE IDEA LIMITED,15.7,15.7,14.82,14.9,15.52,888431120
2026-09-10,VOITHPAPR,VOITH PAPER FABRICS IND L,1499.0,1499.0,1453.0,1484.7,1488.4,453
2026-09-10,VOLTAMP,VOLTAMP TRANSFORMERS LTD,11110.0,11179.0,10872.0,10924.0,11069.0,19205
2026-09-10,VOLTAS,VOLTAS LTD,1142.5,1158.9,1131.4,1158.5,1143.8,517423
2026-09-10,VRAJ,VRAJ IRON AND STEEL LTD,125.43,129.0,122.06,126.31,124.5,20881
2026-09-10,VRLLOG,VRL LOGISTICS LIMITED,287.95,290.45,284.1,288.8,288.35,155343
2026-09-10,VSTIND,VST INDUSTRIES LTD,208.59,208.77,205.7,206.46,208.59,96791
2026-09-10,VSTTILLERS,VST TILLERS TRACTORS LTD,4076.9,4120.3,4062.1,4081.3,4074.3,5896
2026-09-10,WHBRADY,W H BRADY & CO. LTD.,484.0,488.0,480.0,480.5,484.0,14
2026-09-10,WPIL,W P I L LTD.,429.45,445.0,425.05,444.2,427.75,144403
2026-09-10,WSI,W.S.INDUSTRIES (I) LTD.,60.47,60.47,57.61,58.83,59.11,29567
2026-09-10,WAAREEENER,WAAREE ENERGIES LIMITED,2570.0,2591.0,2530.8,2548.0,2568.0,629037
2026-09-10,WAAREERTL,WAAREE RENEWABLE TECH LTD,830.2,841.65,830.0,833.85,833.5,94942
2026-09-10,WAKEFIT,WAKEFIT INNOVATIONS LTD,153.82,155.43,151.84,152.44,152.64,510817
2026-09-10,WALCHANNAG,WALCHANDNAGAR INDUSTRIES,212.0,214.99,207.41,208.92,211.78,264577
2026-09-10,WANBURY,WANBURY LIMITED,244.35,249.7,240.4,241.45,244.75,60101
2026-09-10,WARDINMOBI,WARDWIZARD INNO & MOB L,5.73,5.93,5.73,5.78,5.73,382818
2026-09-10,WATERBASE,WATERBASE LTD.,47.17,48.05,46.51,46.55,47.17,7837
2026-09-10,CORDELIA,WATERWAYS LEISURE TOUR L,105.65,109.46,104.18,109.44,104.25,3659034
2026-09-10,WEWIN,WE WIN LIMITED,42.05,43.2,42.05,42.99,42.05,1324
2026-09-10,TWCGOLDETF,WEALTH - TWCGOLDETF,149.1,152.68,149.1,152.05,151.54,2212
2026-09-10,WEALTH,WEALTH FRST PORT. MG. LTD,839.9,853.0,823.9,839.3,848.35,1604
2026-09-10,WEBELSOLAR,WEBSOL ENERGY SYSTEM LTD,78.99,79.35,75.1,75.39,78.36,1982685
2026-09-10,WEIZMANIND,WEIZMANN LTD,74.0,74.0,71.0,71.57,72.57,1984
2026-09-10,WELCORP,WELSPUN CORP LIMITED,2614.0,2784.8,2606.5,2776.9,2608.5,4261554
2026-09-10,WELENT,WELSPUN ENTERPRISES LTD.,790.0,802.0,780.1,797.95,782.85,305587
2026-09-10,WELSPUNLIV,WELSPUN LIVING LIMITED,210.28,213.2,208.49,210.5,210.28,1879096
2026-09-10,WELSPLSOL,WELSPUN SPECIALTY SOL L,57.29,57.61,55.88,56.42,56.95,451059
2026-09-10,WENDT,WENDT (INDIA) LIMITED,8284.0,8939.0,8225.0,8669.5,8230.5,98896
2026-09-10,WSTCSTPAPR,WEST COAST PAPER MILLS LT,668.6,714.8,667.1,710.1,667.55,528781
2026-09-10,WCIL,WESTERN CARRIERS (IND) L,85.49,86.99,83.91,84.42,84.14,102129
2026-09-10,WESTLIFE,WESTLIFE FOODWORLD LTD,561.5,567.85,552.05,561.95,561.5,29578
2026-09-10,WEWORK,WEWORK INDIA MANAGEMENT L,672.05,686.0,667.6,676.95,674.7,114321
2026-09-10,WHEELS,WHEELS INDIA LTD,2470.0,2498.0,2176.0,2313.0,2400.6,2648322
2026-09-10,WHIRLPOOL,WHIRLPOOL OF INDIA LTD,795.15,800.75,788.75,795.65,795.0,113037
2026-09-10,WILLAMAGOR,WILLIAMSON MAGOR,25.0,25.0,23.58,24.49,24.02,6072
2026-09-10,WINDLAS,WINDLAS BIOTECH LIMITED,1140.0,1157.0,1125.05,1129.4,1142.45,57449
2026-09-10,WINDMACHIN,WINDSOR MACHINES LIMITED,301.7,305.0,296.6,298.9,301.45,31335
2026-09-10,WIPRO,WIPRO LTD,167.9,169.19,166.0,166.3,167.0,9586645
2026-09-10,WOCKPHARMA,WOCKHARDT LIMITED,2250.0,2267.0,2197.0,2220.6,2248.8,693525
2026-09-10,WEL,WONDER ELECTRICALS LTD,74.5,76.49,73.28,74.2,72.85,1202294
2026-09-10,WONDERLA,WONDERLA HOLIDAYS LTD.,519.0,521.45,517.15,519.05,517.1,17917
2026-09-10,WORTHPERI,WORTH PERIPHERALS LIMITED,151.32,151.32,148.05,149.96,151.93,6840
2026-09-10,XCHANGING,XCHANGING SOLUTIONS LTD,64.0,64.23,62.96,63.62,63.28,69094
2026-09-10,XELPMOC,XELPMOC DESIGN & TECH LTD,77.5,78.5,74.0,76.21,77.47,17649
2026-09-10,XPROINDIA,XPRO INDIA LIMITED,1311.8,1311.8,1251.0,1265.5,1301.4,53097
2026-09-10,XTGLOBAL,XTGLOBAL INFOTECH LIMITED,31.4,31.4,30.0,30.04,30.87,30411
2026-09-10,XTRANET,XTRANET TECHNOLOGIES LTD,294.11,304.8,278.3,285.59,293.37,4898567
2026-09-10,YASHO,YASHO INDUSTRIES LIMITED,3988.9,4049.5,3938.9,3960.0,3988.9,26451
2026-09-10,YATHARTH,YATHARTH HOSP & TRA C S L,989.7,1005.7,970.5,977.2,989.7,249886
2026-09-10,YATRA,YATRA ONLINE LIMITED,115.25,116.7,113.56,113.98,115.17,790965
2026-09-10,YESBANK,YES BANK LIMITED,22.4,22.48,22.24,22.3,22.42,47990386
2026-09-10,YOGI,YOGI LTD.,169.0,169.0,155.0,155.37,161.94,180
2026-09-10,YUKEN,YUKEN INDIA LIMITED,1079.7,1134.7,1061.3,1085.7,1067.7,120552
2026-09-10,ZFSTEERING,Z F STEERING GEAR (I) LTD,683.0,794.95,681.2,743.4,680.05,96970
2026-09-10,ZAGGLE,ZAGGLE PREPA OCEAN SER L,176.76,185.85,176.13,183.93,177.06,2600981
2026-09-10,ZEEL,ZEE ENTERTAINMENT ENT LTD,84.4,85.1,80.26,80.95,85.71,22803793
2026-09-10,ZEEMEDIA,ZEE MEDIA CORPORATION LTD,7.64,7.81,7.64,7.67,7.7,1117559
2026-09-10,ZENTEC,ZEN TECHNOLOGIES LIMITED,1769.8,1771.9,1745.6,1749.9,1762.3,238930
2026-09-10,ZENITHEXPO,ZENITH EXPORTS LTD,204.98,204.98,204.98,204.98,204.98,7
2026-09-10,ZENITHSTL,ZENITH STEEL PIP IND LTD,6.45,6.45,5.6,5.99,6.06,144436
2026-09-10,ZENSARTECH,ZENSAR TECHNOLOGIES  LTD,437.0,439.4,426.45,427.4,436.95,865424
2026-09-10,GOLDCASE,ZERODHAAMC - GOLDCASE,24.03,24.18,24.02,24.04,23.96,8411361
2026-09-10,LIQUIDCASE,ZERODHAAMC - LIQUIDCASE,115.84,115.86,115.84,115.84,115.83,13485192
2026-09-10,LTGILTCASE,ZERODHAAMC - LTGILTCASE,30.55,30.55,30.39,30.4,30.42,23450
2026-09-10,MID150CASE,ZERODHAAMC - MID150CASE,11.57,11.61,11.5,11.51,11.57,885766
2026-09-10,NIFTYCASE,ZERODHAAMC - NIFTYCASE,9.46,9.54,9.4,9.41,9.45,841327
2026-09-10,SILVERCASE,ZERODHAAMC - SILVERCASE,23.84,24.01,23.67,23.72,23.6,11933662
2026-09-10,SML100CASE,ZERODHAAMC - SML100CASE,11.53,11.53,11.26,11.32,11.41,2173190
2026-09-10,TOP100CASE,ZERODHAAMC - TOP100CASE,10.45,10.45,10.3,10.31,10.37,827470
2026-09-10,ZFCVINDIA,ZF COM VE CTR SYS IND LTD,2468.9,2534.9,2448.0,2528.4,2469.9,81482
2026-09-10,ZIMLAB,ZIM LABORATORIES LIMITED,133.35,144.49,133.35,136.43,133.35,458670
2026-09-10,ZODIACLOTH,ZODIAC CLOTHING CO. LTD.,71.75,71.99,68.0,70.42,71.03,8772
2026-09-10,ZODIAC,ZODIAC ENERGY LIMITED,232.3,235.0,230.0,230.88,233.46,6529
2026-09-10,ZOTA,ZOTA HEALTH CARE LIMITED,1115.0,1118.8,1081.9,1099.5,1114.3,37277
2026-09-10,ZUARI,ZUARI AGRO CHEMICALS LTD,224.0,226.59,221.5,223.04,225.63,37607
2026-09-10,ZUARIIND,ZUARI INDUSTRIES LIMITED,273.4,276.4,270.8,271.5,273.55,33644
2026-09-10,ZYDUSLIFE,ZYDUS LIFESCIENCES LTD,1130.0,1136.3,1108.1,1117.8,1127.4,937267
2026-09-10,ZYDUSWELL,ZYDUS WELLNESS LIMITED,554.95,571.65,554.95,566.3,554.2,368281
